id_i,id_j,edge_kind,distance_m,surface_gap_m,overlap_m,contact_radius_m,g_contact_W_K,g_gap_W_K,g_total_W_K,T_i_K,T_j_K,heat_i_to_j_W
1,12,contact,0.001466734995797128,-3.326500420287198e-05,3.326500420287198e-05,0.00011168874865480852,0.00011168874865480852,0.0,0.00011168874865480852,300.95027796616387,300.8861763912783,7.1594246857717394e-06
1,60,contact,0.0014743911620923398,-2.5608837907660238e-05,2.5608837907660238e-05,9.799650103637675e-05,9.799650103637675e-05,0.0,9.799650103637675e-05,300.95027796616387,300.8892304904578,5.9824390162972406e-06
2,20,contact,0.0014578287192602564,-4.2171280739743654e-05,4.2171280739743654e-05,0.00012575464316439322,0.00012575464316439322,0.0,0.00012575464316439322,300.8430787421255,300.76675044614854,9.598637623929298e-06
2,26,contact,0.0014999843663851967,-1.563361480333078e-08,1.563361480333078e-08,2.421281799223098e-06,2.421281799223098e-06,0.0,2.421281799223098e-06,300.8430787421255,300.8899364491148,-1.134557130865902e-07
2,28,contact,0.0014999951105003643,-4.889499635686231e-09,4.889499635686231e-09,1.3540909730820661e-06,1.3540909730820661e-06,0.0,1.3540909730820661e-06,300.8430787421255,300.8879253759295,-6.072642200713164e-08
2,63,contact,0.0014560191554028401,-4.398084459715989e-05,4.398084459715989e-05,0.0001284243618786364,0.0001284243618786364,0.0,0.0001284243618786364,300.8430787421255,300.84184523999545,1.5841172392744197e-07
2,314,contact,0.0016950523457993855,-5.494765420061454e-05,5.494765420061454e-05,0.0001534568169140955,0.0001534568169140955,0.0,0.0001534568169140955,300.8430787421255,300.8731309202761,-4.611711600323887e-06
2,316,contact,0.0017220093182221754,-2.7990681777824607e-05,2.7990681777824607e-05,0.00010952628212539009,0.00010952628212539009,0.0,0.00010952628212539009,300.8430787421255,300.93878383348647,-1.0482222837237743e-05
2,317,contact,0.0016947050528336779,-5.5294947166322156e-05,5.5294947166322156e-05,0.0001539410098052249,0.0001539410098052249,0.0,0.0001539410098052249,300.8430787421255,300.80727887806233,5.511067224773391e-06
3,62,contact,0.0014122040243888273,-8.779597561117268e-05,8.779597561117268e-05,0.00018144831455318,0.0018144831455318001,0.0,0.0018144831455318001,300.52026624433813,300.585163985016,-0.00011775585664305219
3,111,contact,0.0017049003776467414,-4.5099622353258605e-05,4.5099622353258605e-05,0.0001390266506104782,0.001390266506104782,0.0,0.001390266506104782,300.52026624433813,300.5123176089219,1.1050721588458203e-05
3,114,contact,0.0016645212280112262,-8.547877198877385e-05,8.547877198877385e-05,0.0001913994760279145,0.0003479990473234809,0.0,0.0003479990473234809,300.52026624433813,300.5480032610195,-9.652455380717577e-06
3,147,contact,0.0016898033700123623,-6.0196629987637786e-05,6.0196629987637786e-05,0.00016061928809762426,0.00029203506926840775,0.0,0.00029203506926840775,300.52026624433813,300.4817834943543,1.1238312557161894e-05
3,183,contact,0.0016626584245120824,-8.734157548791763e-05,8.734157548791763e-05,0.0001934737806022721,0.00035177051018594926,0.0,0.00035177051018594926,300.52026624433813,300.5315896195155,-3.983229463170057e-06
3,222,contact,0.0017216054154770776,-2.8394584522922414e-05,2.8394584522922414e-05,0.00011031367844778378,0.0011031367844778377,0.0,0.0011031367844778377,300.52026624433813,300.4213641780884,0.00010910250734091572
4,22,contact,0.0014217523713699234,-7.824762863007663e-05,7.824762863007663e-05,0.00017129757948166908,0.00017129757948166908,0.0,0.00017129757948166908,300.94863583355504,300.8406117742114,1.850425989134631e-05
4,31,contact,0.0014999897115860496,-1.0288413950431882e-08,1.0288413950431882e-08,1.9642187330875233e-06,1.9642187330875233e-06,0.0,1.9642187330875233e-06,300.94863583355504,300.91678406956373,6.256383151361865e-08
4,53,contact,0.0014719925522012668,-2.800744779873324e-05,2.800744779873324e-05,0.00010248313482971217,0.00010248313482971217,0.0,0.00010248313482971217,300.94863583355504,300.91719416527786,3.222240729321536e-06
5,43,contact,0.0014434919370055381,-5.6508062994461896e-05,5.6508062994461896e-05,0.00014556965213574982,0.00014556965213574982,0.0,0.00014556965213574982,300.5051435569382,300.5417594633095,-5.33016475310676e-06
5,76,contact,0.0014668805397168511,-3.311946028314891e-05,3.311946028314891e-05,0.00011144414567926321,0.00011144414567926321,0.0,0.00011144414567926321,300.5051435569382,300.4650199123464,4.471545293071721e-06
5,82,contact,0.0014781474040162577,-2.185259598374233e-05,2.185259598374233e-05,9.052471206197441e-05,9.052471206197441e-05,0.0,9.052471206197441e-05,300.5051435569382,300.4590751396313,4.17033021185914e-06
5,177,contact,0.0016796104523966269,-7.038954760337315e-05,7.038954760337315e-05,0.00017368635229307513,0.00017368635229307513,0.0,0.00017368635229307513,300.5051435569382,300.59675465407616,-1.591159729145827e-05
5,216,contact,0.0016719452991351127,-7.805470086488732e-05,7.805470086488732e-05,0.00018289891923240083,0.00018289891923240083,0.0,0.00018289891923240083,300.5051435569382,300.43625366632267,1.2599886539620084e-05
6,58,contact,0.001499995795794108,-4.204205892059318e-09,4.204205892059318e-09,1.2556182578802542e-06,1.2556182578802542e-06,0.0,1.2556182578802542e-06,nan,nan,nan
7,15,contact,0.0014638022878790693,-3.6197712120930765e-05,3.6197712120930765e-05,0.00011650812008331882,0.00011650812008331882,0.0,0.00011650812008331882,300.62780917651884,300.57757395801616,5.852810869721766e-06
7,47,contact,0.0014631250052541654,-3.687499474583464e-05,3.687499474583464e-05,0.00011759303988624493,0.00011759303988624493,0.0,0.00011759303988624493,300.62780917651884,300.69869107526324,-8.335217946263393e-06
7,49,contact,0.001480225613952143,-1.9774386047857057e-05,1.9774386047857057e-05,8.611268645180218e-05,8.611268645180218e-05,0.0,8.611268645180218e-05,300.62780917651884,300.556320079817,6.156118169008038e-06
7,50,contact,0.0014753489936282869,-2.4651006371713153e-05,2.4651006371713153e-05,9.614638521230235e-05,9.614638521230235e-05,0.0,9.614638521230235e-05,300.62780917651884,300.67712893402825,-4.741916404076945e-06
7,70,contact,0.0014672221946930872,-3.2777805306912844e-05,3.2777805306912844e-05,0.00011086783568777879,0.00011086783568777879,0.0,0.00011086783568777879,300.62780917651884,300.6181742332102,1.0682053116033889e-06
8,18,contact,0.0013997645379491507,-0.00010023546205084936,0.00010023546205084936,0.00019387701841391234,0.00019387701841391234,0.0,0.00019387701841391234,300.6544541429898,300.5929160633595,1.1930819397636905e-05
8,36,contact,0.001459142172134025,-4.085782786597504e-05,4.085782786597504e-05,0.00012378079596504717,0.00012378079596504717,0.0,0.00012378079596504717,300.6544541429898,300.66675622526793,-1.5227615364174156e-06
8,51,contact,0.00144381893757493,-5.618106242507009e-05,5.618106242507009e-05,0.00014514785017147612,0.00014514785017147612,0.0,0.00014514785017147612,300.6544541429898,300.6451649896189,1.3483006416993642e-06
8,159,contact,0.0017030387905447137,-4.6961209455286326e-05,4.6961209455286326e-05,0.0001418669539522652,0.0001418669539522652,0.0,0.0001418669539522652,300.6544541429898,300.7441245338497,-1.2721265211004178e-05
8,186,contact,0.0016544382408603233,-9.556175913967677e-05,9.556175913967677e-05,0.00020237351514289128,0.00020237351514289128,0.0,0.00020237351514289128,300.6544541429898,300.64968619345217,9.649067079498015e-07
9,11,contact,0.0014935800289693222,-6.41997103067787e-06,6.41997103067787e-06,4.9066170999011135e-05,4.9066170999011135e-05,0.0,4.9066170999011135e-05,300.64856583301355,300.7191325319882,-3.4624377187249652e-06
9,57,contact,0.0014562771533248745,-4.372284667512557e-05,4.372284667512557e-05,0.00012804713000755656,0.00012804713000755656,0.0,0.00012804713000755656,300.64856583301355,300.69463329671004,-5.898806513062614e-06
9,66,contact,0.0013733541447696583,-0.00012664585523034172,0.00012664585523034172,0.0002179270421755367,0.0002179270421755367,0.0,0.0002179270421755367,300.64856583301355,300.5697616739879,1.7173557287590786e-05
9,289,contact,0.0016308625389754529,-0.00011913746102454716,0.00011913746102454716,0.00022596219123486802,0.00022596219123486802,0.0,0.00022596219123486802,300.64856583301355,300.67535102659036,-6.052441033266897e-06
9,434,contact,0.0019342421074693462,-6.575789253065382e-05,6.575789253065382e-05,0.0001755676853061063,0.0001755676853061063,0.0,0.0001755676853061063,300.64856583301355,300.6585897278973,-1.759872022495704e-06
10,19,contact,0.0014853440425032847,-1.4655957496715298e-05,1.4655957496715298e-05,7.41349044733197e-05,7.41349044733197e-05,0.0,7.41349044733197e-05,300.78726322510937,300.74498676815006,3.1341610981491664e-06
10,22,contact,0.001462166409988959,-3.783359001104103e-05,3.783359001104103e-05,0.00011911169654631063,0.00011911169654631063,0.0,0.00011911169654631063,300.78726322510937,300.8406117742114,-6.354436191829835e-06
10,23,contact,0.0014867526822239133,-1.324731777608678e-05,1.324731777608678e-05,7.048222588732952e-05,7.048222588732952e-05,0.0,7.048222588732952e-05,300.78726322510937,300.8380136890672,-3.5770056645642557e-06
10,24,contact,0.0014658588509471164,-3.414114905288365e-05,3.414114905288365e-05,0.00011315003709602295,0.00011315003709602295,0.0,0.00011315003709602295,300.78726322510937,300.7905593332424,-3.7295475752628535e-07
10,35,contact,0.0014801369106268517,-1.9863089373148377e-05,1.9863089373148377e-05,8.630561114394962e-05,8.630561114394962e-05,0.0,8.630561114394962e-05,300.78726322510937,300.7649225112733,1.928128961013121e-06
10,48,contact,0.0014735612157626844,-2.643878423731565e-05,2.643878423731565e-05,9.957180368454399e-05,9.957180368454399e-05,0.0,9.957180368454399e-05,300.78726322510937,300.7346167292063,5.242106554737416e-06
11,64,contact,0.0014935819186773786,-6.418081322621385e-06,6.418081322621385e-06,4.905894919362847e-05,4.905894919362847e-05,0.0,4.905894919362847e-05,300.7191325319882,300.7897096188526,-3.462437718716483e-06
12,13,contact,0.0014652996200234952,-3.4700379976504827e-05,3.4700379976504827e-05,0.00011407297002879038,0.00011407297002879038,0.0,0.00011407297002879038,300.8861763912783,300.9606340145796,-8.493602231267315e-06
12,288,contact,0.0017292167935298002,-2.078320647019979e-05,2.078320647019979e-05,9.437737275019094e-05,9.437737275019094e-05,0.0,9.437737275019094e-05,300.8861763912783,300.8561680609641,2.832107375675745e-06
12,300,contact,0.0017206162116230337,-2.938378837696637e-05,2.938378837696637e-05,0.00011221876920353839,0.00011221876920353839,0.0,0.00011221876920353839,300.8861763912783,300.7719270581911,1.2820919541367649e-05
13,52,contact,0.0014626846085455335,-3.73153914544665e-05,3.73153914544665e-05,0.00011829316039156675,0.00011829316039156675,0.0,0.00011829316039156675,300.9606340145796,300.9506352805138,1.182781852563724e-06
13,67,contact,0.0014958831827870118,-4.116817212988224e-06,4.116817212988224e-06,3.929130253466515e-05,3.929130253466515e-05,0.0,3.929130253466515e-05,300.9606340145796,300.94758973841647,5.125266010723254e-07
13,187,contact,0.0017409278654211956,-9.072134578804424e-06,9.072134578804424e-06,6.235429156546057e-05,6.235429156546057e-05,0.0,6.235429156546057e-05,300.9606340145796,300.9477885506501,8.009698031550711e-07
14,24,contact,0.0014736996841283505,-2.6300315871649518e-05,2.6300315871649518e-05,9.931071670201846e-05,9.931071670201846e-05,0.0,9.931071670201846e-05,300.8417830778056,300.7905593332424,5.087066784729934e-06
14,33,contact,0.0014566081277749342,-4.3391872225065874e-05,4.3391872225065874e-05,0.00012756156193932287,0.00012756156193932287,0.0,0.00012756156193932287,300.8417830778056,300.86079284501136,-2.424915596871345e-06
14,52,contact,0.0014382100137007115,-6.178998629928858e-05,6.178998629928858e-05,0.00015222103948611446,0.00015222103948611446,0.0,0.00015222103948611446,300.8417830778056,300.9506352805138,-1.6569595446594257e-05
14,159,contact,0.0016934950697595785,-5.650493024042156e-05,5.650493024042156e-05,0.00015561619027102026,0.00015561619027102026,0.0,0.00015561619027102026,300.8417830778056,300.7441245338497,1.5197250557832391e-05
14,182,contact,0.0017307677624580366,-1.9232237541963416e-05,1.9232237541963416e-05,9.078759561737672e-05,9.078759561737672e-05,0.0,9.078759561737672e-05,300.8417830778056,300.8559899338229,-1.2898062990951337e-06
15,25,contact,0.001422845091392594,-7.715490860740596e-05,7.715490860740596e-05,0.00017009729782620662,0.00017009729782620662,0.0,0.00017009729782620662,300.57757395801616,300.63221021470457,-9.293479626037773e-06
15,49,contact,0.0014394732616481625,-6.052673835183755e-05,6.052673835183755e-05,0.00015065698417909167,0.00015065698417909167,0.0,0.00015065698417909167,300.57757395801616,300.556320079817,3.2020451915953605e-06
15,68,contact,0.0013965328788825562,-0.00010346712111744386,0.00010346712111744386,0.0001969775886212476,0.0001969775886212476,0.0,0.0001969775886212476,300.57757395801616,300.6158598238723,-7.541457534621599e-06
15,114,contact,0.0016556981072949257,-9.430189270507434e-05,9.430189270507434e-05,0.00020103506379137766,0.00020103506379137766,0.0,0.00020103506379137766,300.57757395801616,300.5480032610195,5.944746957075659e-06
15,115,contact,0.0017027244731605883,-4.7275526839411774e-05,4.7275526839411774e-05,0.0001423409290191462,0.0001423409290191462,0.0,0.0001423409290191462,300.57757395801616,300.48244351328043,1.3540955881688379e-05
16,39,contact,0.0015000020604652514,-0.0,0.0,8.660254037844388e-08,8.660254037844388e-08,0.0,8.660254037844388e-08,300.93582665164655,300.7933819249208,1.2336075197961248e-08
16,144,contact,0.0017499953341986371,-4.6658013628901596e-09,4.6658013628901596e-09,1.4140824429729526e-06,1.4140824429729526e-06,0.0,1.4140824429729526e-06,300.93582665164655,300.9445503828966,-1.2336075197880826e-08
17,19,contact,0.0014658992879799078,-3.410071202009221e-05,3.410071202009221e-05,0.00011308300936716612,0.00011308300936716612,0.0,0.00011308300936716612,300.80086830147076,300.74498676815006,6.319251955956412e-06
17,23,contact,0.0014742291920186632,-2.577080798133683e-05,2.577080798133683e-05,9.830591535101696e-05,9.830591535101696e-05,0.0,9.830591535101696e-05,300.80086830147076,300.8380136890672,-3.6516113287390565e-06
17,37,contact,0.001432637868339379,-6.736213166062105e-05,6.736213166062105e-05,0.0001589364633201988,0.0001589364633201988,0.0,0.0001589364633201988,300.80086830147076,300.80625218416617,-8.556952745396043e-07
17,56,contact,0.001478715040702569,-2.128495929743109e-05,2.128495929743109e-05,8.934125439312265e-05,8.934125439312265e-05,0.0,8.934125439312265e-05,300.80086830147076,300.741205600295,5.330340563522568e-06
17,60,contact,0.0014446095562469466,-5.53904437530534e-05,5.53904437530534e-05,0.00014412292117284823,0.00014412292117284823,0.0,0.00014412292117284823,300.80086830147076,300.8892304904578,-1.2735016798040678e-05
17,300,contact,0.0016628654763690299,-8.713452363097018e-05,8.713452363097018e-05,0.00019324432015046597,0.00019324432015046597,0.0,0.00019324432015046597,300.80086830147076,300.7719270581911,5.592730881881834e-06
18,51,contact,0.0014651698338417976,-3.483016615820245e-05,3.483016615820245e-05,0.00011428609849551221,0.00011428609849551221,0.0,0.00011428609849551221,300.5929160633595,300.6451649896189,-5.971325932764351e-06
18,121,contact,0.0016874766116601438,-6.252338833985624e-05,6.252338833985624e-05,0.0001636940373377674,0.0001636940373377674,0.0,0.0001636940373377674,300.5929160633595,300.4670097354991,2.0610115133837835e-05
18,266,contact,0.0016619460012595826,-8.805399874041745e-05,8.805399874041745e-05,0.00019426123656459998,0.00019426123656459998,0.0,0.00019426123656459998,300.5929160633595,300.5515548108311,8.034888062031156e-06
18,307,contact,0.0017208894049880138,-2.911059501198624e-05,2.911059501198624e-05,0.00011169587857594051,0.00011169587857594051,0.0,0.00011169587857594051,300.5929160633595,300.68909560017215,-1.0742857865316613e-05
19,45,contact,0.0014723451144687514,-2.7654885531248593e-05,2.7654885531248593e-05,0.00010183605488341653,0.00010183605488341653,0.0,0.00010183605488341653,300.74498676815006,300.69578668003277,5.0103428737811195e-06
19,47,contact,0.0014404883746146646,-5.951162538533547e-05,5.951162538533547e-05,0.00014938828441179986,0.00014938828441179986,0.0,0.00014938828441179986,300.74498676815006,300.69869107526324,6.916034136016894e-06
19,57,contact,0.0014680408903705643,-3.195910962943576e-05,3.195910962943576e-05,0.00010947449982090995,0.00010947449982090995,0.0,0.00010947449982090995,300.74498676815006,300.69463329671004,5.512421100142543e-06
19,59,contact,0.0014642313512898163,-3.57686487101837e-05,3.57686487101837e-05,0.00011581555709972166,0.00011581555709972166,0.0,0.00011581555709972166,300.74498676815006,300.78476707507167,-4.6071784077246196e-06
19,300,contact,0.001713310256491801,-3.668974350819914e-05,3.668974350819914e-05,0.0001253960756532205,0.0001253960756532205,0.0,0.0001253960756532205,300.74498676815006,300.7719270581911,-3.3782066481094956e-06
20,29,contact,0.0014556326108603093,-4.436738913969076e-05,4.436738913969076e-05,0.00012898748360745717,0.00023452269746810394,0.0,0.00023452269746810394,300.76675044614854,300.69065818346127,1.7845362701869748e-05
20,35,contact,0.0014791525141445018,-2.0847485855498248e-05,2.0847485855498248e-05,8.841836458458075e-05,8.841836458458075e-05,0.0,8.841836458458075e-05,300.76675044614854,300.7649225112733,1.6162301223434054e-07
20,314,contact,0.0017354227934713775,-1.4577206528622539e-05,1.4577206528622539e-05,7.904033291018274e-05,7.904033291018274e-05,0.0,7.904033291018274e-05,300.76675044614854,300.8731309202761,-8.408348090184443e-06
21,40,contact,0.001443762768116701,-5.623723188329902e-05,5.623723188329902e-05,0.0001452203909794941,0.0001452203909794941,0.0,0.0001452203909794941,300.73131080789955,300.6978928111587,4.852974552460002e-06
21,41,contact,0.0014399040294755757,-6.009597052442431e-05,6.009597052442431e-05,0.00015011991522332778,0.00015011991522332778,0.0,0.00015011991522332778,300.73131080789955,300.66795009623684,9.5117046632958e-06
21,48,contact,0.0014507084355927624,-4.929156440723766e-05,4.929156440723766e-05,0.00013595711328471977,0.00013595711328471977,0.0,0.00013595711328471977,300.73131080789955,300.7346167292063,-4.49463517615696e-07
21,317,contact,0.001671712129046146,-7.828787095385398e-05,7.828787095385398e-05,0.00018317189930365643,0.00018317189930365643,0.0,0.00018317189930365643,300.73131080789955,300.80727887806233,-1.3915215698151158e-05
22,23,contact,0.0014955550650511,-4.444934948900133e-06,4.444934948900133e-06,4.082708176979528e-05,4.082708176979528e-05,0.0,4.082708176979528e-05,300.8406117742114,300.8380136890672,1.0607223462714429e-07
22,37,contact,0.0014324082425761168,-6.759175742388325e-05,6.759175742388325e-05,0.00015920712620343417,0.00015920712620343417,0.0,0.00015920712620343417,300.8406117742114,300.80625218416617,5.470291588633264e-06
22,44,contact,0.001464351672174413,-3.564832782558709e-05,3.564832782558709e-05,0.00011562059909287428,0.00011562059909287428,0.0,0.00011562059909287428,300.8406117742114,300.7823879658847,6.731871600203551e-06
22,63,contact,0.0014560165634360076,-4.3983436563992465e-05,4.3983436563992465e-05,0.00012842814610317,0.00012842814610317,0.0,0.00012842814610317,300.8406117742114,300.84184523999545,-1.5841172392410233e-07
23,53,contact,0.0014784224124383394,-2.157758756166062e-05,2.157758756166062e-05,8.995329530163269e-05,8.995329530163269e-05,0.0,8.995329530163269e-05,300.8380136890672,300.91719416527786,-7.122544758699427e-06
24,39,contact,0.0014677228246845514,-3.227717531544862e-05,3.227717531544862e-05,0.00011001791101131321,0.00011001791101131321,0.0,0.00011001791101131321,300.7905593332424,300.7933819249208,-3.1053564009652744e-07
24,159,contact,0.0017226787310755305,-2.732126892446957e-05,2.732126892446957e-05,0.0001082086653339006,0.0001082086653339006,0.0,0.0001082086653339006,300.7905593332424,300.7441245338497,5.024647667334478e-06
25,29,contact,0.0014470990765666322,-5.290092343336779e-05,5.290092343336779e-05,0.00014084688952019112,0.00025608525367307476,0.0,0.00025608525367307476,300.63221021470457,300.69065818346127,-1.49676629057343e-05
25,36,contact,0.0014588425461645957,-4.115745383540437e-05,4.115745383540437e-05,0.00012423383270380352,0.00012423383270380352,0.0,0.00012423383270380352,300.63221021470457,300.66675622526793,-4.291783296912369e-06
25,50,contact,0.0014620318281419185,-3.796817185808157e-05,3.796817185808157e-05,0.00011932336085939161,0.00011932336085939161,0.0,0.00011932336085939161,300.63221021470457,300.67712893402825,-5.359852555200636e-06
25,55,contact,0.0013732674953191024,-0.0001267325046808976,0.0001267325046808976,0.0002180015808551319,0.0003963665106456944,0.0,0.0003963665106456944,300.63221021470457,300.6338389543253,-6.455778402237896e-07
25,114,contact,0.001666060441400611,-8.393955859938907e-05,8.393955859938907e-05,0.0001896683857225429,0.0001896683857225429,0.0,0.0001896683857225429,300.63221021470457,300.5480032610195,1.597139697205722e-05
26,31,contact,0.0014999855188247654,-1.4481175234642985e-08,1.4481175234642985e-08,2.330330601651002e-06,2.330330601651002e-06,0.0,2.330330601651002e-06,300.8899364491148,300.91678406956373,-6.256383151359398e-08
26,46,contact,0.0014999800107001425,-1.998929985750318e-08,1.998929985750318e-08,2.7378801008378167e-06,4.977963819705122e-06,0.0,4.977963819705122e-06,300.8899364491148,300.9001598825137,-5.0891881572848126e-08
27,32,contact,0.0014138160617987049,-8.618393820129517e-05,8.618393820129517e-05,0.00017977479474466293,0.00017977479474466293,0.0,0.00017977479474466293,300.5173496047348,300.5230356336553,-1.022204682091366e-06
27,49,contact,0.001476458243263249,-2.3541756736750923e-05,2.3541756736750923e-05,9.395828210584523e-05,9.395828210584523e-05,0.0,9.395828210584523e-05,300.5173496047348,300.556320079817,-3.661598891570342e-06
27,114,contact,0.0016419110959488641,-0.00010808890405113593,0.00010808890405113593,0.0002152296820188038,0.0002152296820188038,0.0,0.0002152296820188038,300.5173496047348,300.5480032610195,-6.597576694869392e-06
27,125,contact,0.0016881688829616544,-6.183111703834563e-05,6.183111703834563e-05,0.00016278528852230778,0.00016278528852230778,0.0,0.00016278528852230778,300.5173496047348,300.4480473946216,1.1281380268514352e-05
28,440,contact,0.0019999926584427746,-7.341557225429979e-09,7.341557225429979e-09,1.8550889330218922e-06,1.8550889330218922e-06,0.0,1.8550889330218922e-06,300.8879253759295,300.9206604221724,-6.07264220070943e-08
29,35,contact,0.0014987704436303785,-1.2295563696215414e-06,1.2295563696215414e-06,2.1472858184416858e-05,3.904156033530338e-05,0.0,3.904156033530338e-05,300.69065818346127,300.7649225112733,-2.899395235034719e-06
29,39,contact,0.0014449329753659862,-5.50670246340138e-05,5.50670246340138e-05,0.00014370154570412657,0.0002612755376438665,0.0,0.0002612755376438665,300.69065818346127,300.7933819249208,-2.6839200778635056e-05
29,41,contact,0.0014388319175289376,-6.116808247106243e-05,6.116808247106243e-05,0.00015145306509492773,0.00027536920926350493,0.0,0.00027536920926350493,300.69065818346127,300.66795009623684,6.253108022878008e-06
29,55,contact,0.0014675714288919632,-3.2428571108036874e-05,3.2428571108036874e-05,0.0001102756281574212,0.001102756281574212,0.0,0.001102756281574212,300.69065818346127,300.6338389543253,6.265776184387745e-05
29,196,contact,0.0016775554651363993,-7.244453486360074e-05,7.244453486360074e-05,0.0001762034556945068,0.0017620345569450684,0.0,0.0017620345569450684,300.69065818346127,300.7112562891649,-3.6294574057422876e-05
30,150,contact,0.0017494001455892038,-5.998544107962359e-07,5.998544107962359e-07,1.6033728879141475e-05,1.6033728879141475e-05,0.0,1.6033728879141475e-05,300.66035725452195,300.54993662417723,1.7704544496111415e-06
30,196,contact,0.0016943461425603093,-5.565385743969077e-05,5.565385743969077e-05,0.00015443980441725154,0.0002807996443950028,0.0,0.0002807996443950028,300.66035725452195,300.7112562891649,-1.429243082779006e-05
30,410,contact,0.0019459559116280097,-5.4044088371990335e-05,5.4044088371990335e-05,0.00015916396082144496,0.00015916396082144496,0.0,0.00015916396082144496,300.66035725452195,300.58168381416823,1.2521976378148614e-05
32,66,contact,0.0014444566289092931,-5.55433710907069e-05,5.55433710907069e-05,0.00014432173834532028,0.00014432173834532028,0.0,0.00014432173834532028,300.5230356336553,300.5697616739879,-6.7435833667945035e-06
32,70,contact,0.0014211337694601442,-7.886623053985579e-05,7.886623053985579e-05,0.0001719733597172711,0.0001719733597172711,0.0,0.0001719733597172711,300.5230356336553,300.6181742332102,-1.6361304604252284e-05
32,109,contact,0.0016664252181841225,-8.357478181587755e-05,8.357478181587755e-05,0.00018925581532776238,0.00018925581532776238,0.0,0.00018925581532776238,300.5230356336553,300.4153532634286,2.0379514773682346e-05
32,124,contact,0.0016361247356787936,-0.00011387526432120646,0.00011387526432120646,0.00022091556013347833,0.00022091556013347833,0.0,0.00022091556013347833,300.5230356336553,300.47421013203495,1.0786313039256016e-05
32,189,contact,0.001662096904575663,-8.790309542433712e-05,8.790309542433712e-05,0.00019409470673323052,0.00019409470673323052,0.0,0.00019409470673323052,300.5230356336553,300.5698331207008,-9.08314452395307e-06
33,59,contact,0.001469751711854761,-3.0248288145239086e-05,3.0248288145239086e-05,0.00010650402834853082,0.00010650402834853082,0.0,0.00010650402834853082,300.86079284501136,300.78476707507167,8.09705075687565e-06
33,187,contact,0.001711651732298659,-3.834826770134103e-05,3.834826770134103e-05,0.00012819895425471807,0.00012819895425471807,0.0,0.00012819895425471807,300.86079284501136,300.9477885506501,-1.115275848753801e-05
33,288,contact,0.0017065923368340776,-4.340766316592243e-05,4.340766316592243e-05,0.00013639385695098864,0.00013639385695098864,0.0,0.00013639385695098864,300.86079284501136,300.8561680609641,6.307921337739462e-07
34,60,contact,0.0015000075048478927,-0.0,0.0,8.660254037844388e-08,8.660254037844388e-08,0.0,8.660254037844388e-08,300.8892304904578,300.8892304904578,0.0
35,39,contact,0.0014816422953601183,-1.8357704639881695e-05,1.8357704639881695e-05,8.29707131459989e-05,8.29707131459989e-05,0.0,8.29707131459989e-05,300.7649225112733,300.7933819249208,-2.361297846050937e-06
35,48,contact,0.0014930095064667206,-6.99049353327947e-06,6.99049353327947e-06,5.119995190407703e-05,5.119995190407703e-05,0.0,5.119995190407703e-05,300.7649225112733,300.7346167292063,1.5516545842452869e-06
36,45,contact,0.0014737444025678267,-2.625559743217338e-05,2.625559743217338e-05,9.92262517535809e-05,9.92262517535809e-05,0.0,9.92262517535809e-05,300.66675622526793,300.69578668003277,-2.8805832130165713e-06
36,50,contact,0.0014672371220767284,-3.2762877923271606e-05,3.2762877923271606e-05,0.00011084258757908376,0.00011084258757908376,0.0,0.00011084258757908376,300.66675622526793,300.67712893402825,-1.1497378791975123e-06
36,114,contact,0.0017351417306087707,-1.4858269391229348e-05,1.4858269391229348e-05,7.979868256492892e-05,7.979868256492892e-05,0.0,7.979868256492892e-05,300.66675622526793,300.5480032610195,9.476330097703627e-06
36,196,contact,0.001704803958591427,-4.5196041408573136e-05,4.5196041408573136e-05,0.00013917518468550933,0.0002530457903372897,0.0,0.0002530457903372897,300.66675622526793,300.7112562891649,-1.1260553838870162e-05
37,38,contact,0.0014542376979022377,-4.576230209776236e-05,4.576230209776236e-05,0.0001309994781923229,0.0001309994781923229,0.0,0.0001309994781923229,300.80625218416617,300.8501364132298,-5.748811108206808e-06
37,56,contact,0.0014531295615326251,-4.687043846737489e-05,4.687043846737489e-05,0.0001325760703342258,0.0001325760703342258,0.0,0.0001325760703342258,300.80625218416617,300.741205600295,8.623620478302852e-06
37,184,contact,0.0016845827917024438,-6.541720829755619e-05,6.541720829755619e-05,0.00016743938130929164,0.00016743938130929164,0.0,0.00016743938130929164,300.80625218416617,300.7958616360743,1.7397869439706875e-06
38,65,contact,0.0014321994132190533,-6.780058678094677e-05,6.780058678094677e-05,0.00015945287718587909,0.00015945287718587909,0.0,0.00015945287718587909,300.8501364132298,300.94023576681894,-1.4366601162378307e-05
38,184,contact,0.0016911735681768441,-5.8826431823155896e-05,5.8826431823155896e-05,0.00015878075426262991,0.00015878075426262991,0.0,0.00015878075426262991,300.8501364132298,300.7958616360743,8.617790054188472e-06
39,46,contact,0.0014055681246030024,-9.443187539699758e-05,9.443187539699758e-05,0.00018818064000814243,0.0003421466181966226,0.0,0.0003421466181966226,300.7933819249208,300.9001598825137,-3.653371708835197e-05
39,178,contact,0.0016699065478046964,-8.00934521953036e-05,8.00934521953036e-05,0.00018527213829002645,0.00018527213829002645,0.0,0.00018527213829002645,300.7933819249208,300.79025873383574,5.78640290621237e-07
39,196,contact,0.0017456376284237804,-4.362371576219605e-06,4.362371576219605e-06,4.3238730536173596e-05,7.861587370213381e-05,0.0,7.861587370213381e-05,300.7933819249208,300.7112562891649,6.456378608294461e-06
40,44,contact,0.0014874676545726967,-1.2532345427303292e-05,1.2532345427303292e-05,6.855384405880341e-05,6.855384405880341e-05,0.0,6.855384405880341e-05,300.6978928111587,300.7823879658847,-5.7924676608125875e-06
40,47,contact,0.001440732531561636,-5.9267468438364054e-05,5.9267468438364054e-05,0.00014908152355133254,0.00014908152355133254,0.0,0.00014908152355133254,300.6978928111587,300.69869107526324,-1.1900642890415632e-07
40,48,contact,0.0014871587864448096,-1.284121355519044e-05,1.284121355519044e-05,6.939348012022754e-05,6.939348012022754e-05,0.0,6.939348012022754e-05,300.6978928111587,300.7346167292063,-2.548400476975893e-06
40,173,contact,0.0017241276589046416,-2.5872341095358473e-05,2.5872341095358473e-05,0.00010530026677898333,0.00010530026677898333,0.0,0.00010530026677898333,300.6978928111587,300.67311328849473,2.609290347169612e-06
40,177,contact,0.0017220497202171605,-2.7950279782839585e-05,2.7950279782839585e-05,0.00010944720798404443,0.00010944720798404443,0.0,0.00010944720798404443,300.6978928111587,300.59675465407616,1.106928891333314e-05
40,194,contact,0.0016973003044246468,-5.2699695575353193e-05,5.2699695575353193e-05,0.0001502850086269702,0.0001502850086269702,0.0,0.0001502850086269702,300.6978928111587,300.7003263881646,-3.657301413328637e-07
41,55,contact,0.0014539342098595798,-4.606579014042019e-05,4.606579014042019e-05,0.00013143314385138008,0.00023896935245705468,0.0,0.00023896935245705468,300.66795009623684,300.6338389543253,8.151517494167503e-06
41,68,contact,0.0014430359558929918,-5.696404410700825e-05,5.696404410700825e-05,0.0001461557954380465,0.0001461557954380465,0.0,0.0001461557954380465,300.66795009623684,300.6158598238723,7.613295192021434e-06
42,55,contact,0.0014383205861350945,-6.167941386490548e-05,6.167941386490548e-05,0.00015208477964391952,0.0015208477964391953,0.0,0.0015208477964391953,300.55842800543076,300.6338389543253,-0.00011468857545367631
42,111,contact,0.0016833024065211809,-6.669759347881915e-05,6.669759347881915e-05,0.000169070053290031,0.00169070053290031,0.0,0.00169070053290031,300.55842800543076,300.5123176089219,7.795887194980735e-05
42,115,contact,0.001699808582223304,-5.0191417776696045e-05,5.0191417776696045e-05,0.00014666495020482576,0.00026666354582695594,0.0,0.00026666354582695594,300.55842800543076,300.48244351328043,2.02622941046664e-05
42,381,contact,0.0016930803810215273,-5.6919618978472754e-05,5.6919618978472754e-05,0.000156186178707802,0.00028397487037782183,0.0,0.00028397487037782183,300.55842800543076,300.50043903838844,1.6467409399186583e-05
43,49,contact,0.0014497082160214174,-5.0291783978582624e-05,5.0291783978582624e-05,0.0001373295998391042,0.0001373295998391042,0.0,0.0001373295998391042,300.5417594633095,300.556320079817,-1.999603638383017e-06
43,68,contact,0.001475175260638545,-2.4824739361454986e-05,2.4824739361454986e-05,9.648459597544896e-05,9.648459597544896e-05,0.0,9.648459597544896e-05,300.5417594633095,300.6158598238723,-7.149543350536389e-06
43,115,contact,0.0016508120030154863,-9.918799698451376e-05,9.918799698451376e-05,0.00020617745164006564,0.00020617745164006564,0.0,0.00020617745164006564,300.5417594633095,300.48244351328043,1.2229611418606856e-05
43,177,contact,0.0016678042986513735,-8.21957013486265e-05,8.21957013486265e-05,0.00018768785029780525,0.00018768785029780525,0.0,0.00018768785029780525,300.5417594633095,300.59675465407616,-1.0321929131709652e-05
43,283,contact,0.001695351877988756,-5.464812201124401e-05,5.464812201124401e-05,0.00015303798129583576,0.00015303798129583576,0.0,0.00015303798129583576,300.5417594633095,300.52927040711086,1.9112999489332266e-06
44,48,contact,0.0014717110947804937,-2.8288905219506352e-05,2.8288905219506352e-05,0.00010299679343219808,0.00010299679343219808,0.0,0.00010299679343219808,300.7823879658847,300.7346167292063,4.9202841961643904e-06
44,54,contact,0.0014676165745180177,-3.238342548198231e-05,3.238342548198231e-05,0.00011019884099092588,0.00011019884099092588,0.0,0.00011019884099092588,300.7823879658847,300.80553336219594,-2.5505958477738362e-06
44,184,contact,0.001723706417084998,-2.6293582915002008e-05,2.6293582915002008e-05,0.00010615403144555424,0.00010615403144555424,0.0,0.00010615403144555424,300.7823879658847,300.7958616360743,-1.4302844089905365e-06
45,50,contact,0.0014507600245733266,-4.923997542667343e-05,4.923997542667343e-05,0.00013588594770984428,0.00013588594770984428,0.0,0.00013588594770984428,300.69578668003277,300.67712893402825,2.535325497953953e-06
45,51,contact,0.0014503016139755204,-4.969838602447967e-05,4.969838602447967e-05,0.00013651701270969813,0.00013651701270969813,0.0,0.00013651701270969813,300.69578668003277,300.6451649896189,6.910721953619558e-06
45,159,contact,0.0016965455804369063,-5.3454419563093774e-05,5.3454419563093774e-05,0.0001513573155008096,0.0001513573155008096,0.0,0.0001513573155008096,300.69578668003277,300.7441245338497,-7.316287790799224e-06
46,314,contact,0.0016370918553642612,-0.00011290814463573882,0.00011290814463573882,0.00021997546418609524,0.0003999553894292641,0.0,0.0003999553894292641,300.9001598825137,300.8731309202761,1.0810379117622873e-05
46,405,contact,0.001947000709527349,-5.299929047265111e-05,5.299929047265111e-05,0.0001576179476108454,0.00028657808656517344,0.0,0.00028657808656517344,300.9001598825137,300.7340082564092,4.7615415088726084e-05
46,417,contact,0.001914277818129072,-8.572218187092814e-05,8.572218187092814e-05,0.00020045516394445308,0.002004551639444531,0.0,0.002004551639444531,300.9001598825137,300.9475572163148,-9.501040317626755e-05
47,56,contact,0.0014814125383903023,-1.8587461609697762e-05,1.8587461609697762e-05,8.348831117968946e-05,8.348831117968946e-05,0.0,8.348831117968946e-05,300.69869107526324,300.741205600295,-3.5494658955096857e-06
47,173,contact,0.0017355724012843717,-1.4427598715628306e-05,1.4427598715628306e-05,7.863368611741492e-05,7.863368611741492e-05,0.0,7.863368611741492e-05,300.69869107526324,300.67311328849473,2.0112756563330503e-06
48,50,contact,0.0014386986637235754,-6.130133627642461e-05,6.130133627642461e-05,0.00015161794453051798,0.00015161794453051798,0.0,0.00015161794453051798,300.7346167292063,300.67712893402825,8.716181340491357e-06
49,125,contact,0.0017429343346494724,-7.065665350527604e-06,7.065665350527604e-06,5.502855888612075e-05,5.502855888612075e-05,0.0,5.502855888612075e-05,300.556320079817,300.4480473946216,5.9580898330336e-06
49,189,contact,0.0016846687022972796,-6.53312977027204e-05,6.53312977027204e-05,0.00016732939845370918,0.00016732939845370918,0.0,0.00016732939845370918,300.556320079817,300.5698331207008,-2.2611290023703497e-06
51,70,contact,0.001421449839635574,-7.85501603644261e-05,7.85501603644261e-05,0.00017162840713780394,0.00017162840713780394,0.0,0.00017162840713780394,300.6451649896189,300.6181742332102,4.632380529866105e-06
51,307,contact,0.0017433532262281213,-6.6467737718787275e-06,6.6467737718787275e-06,5.337243980562598e-05,5.337243980562598e-05,0.0,5.337243980562598e-05,300.6451649896189,300.68909560017215,-2.3446838673790716e-06
52,53,contact,0.0014637252731537433,-3.627472684625678e-05,3.627472684625678e-05,0.00011663199632753567,0.00011663199632753567,0.0,0.00011663199632753567,300.9506352805138,300.91719416527786,3.900304029384127e-06
52,144,contact,0.001675598079695725,-7.440192030427504e-05,7.440192030427504e-05,0.00017856801861828653,0.00017856801861828653,0.0,0.00017856801861828653,300.9506352805138,300.9445503828966,1.086568110998476e-06
52,187,contact,0.0017373474908710692,-1.2652509128930787e-05,1.2652509128930787e-05,7.363765281701277e-05,7.363765281701277e-05,0.0,7.363765281701277e-05,300.9506352805138,300.9477885506501,2.0962650536526573e-07
54,194,contact,0.001727106803703812,-2.289319629618803e-05,2.289319629618803e-05,9.905235908964228e-05,9.905235908964228e-05,0.0,9.905235908964228e-05,300.80553336219594,300.7003263881646,1.0420998970484843e-05
54,317,contact,0.0017313481976771747,-1.865180232282532e-05,1.865180232282532e-05,8.940710020420713e-05,8.940710020420713e-05,0.0,8.940710020420713e-05,300.80553336219594,300.80727887806233,-1.560615119742988e-07
54,440,contact,0.001973565125173223,-2.6434874826777085e-05,2.6434874826777085e-05,0.00011131642994208788,0.00011131642994208788,0.0,0.00011131642994208788,300.80553336219594,300.9206604221724,-1.2815533306304847e-05
55,269,contact,0.001652828822836775,-9.717117716322513e-05,9.717117716322513e-05,0.00020407055204710642,0.0003710373673583753,0.0,0.0003710373673583753,300.6338389543253,300.62353525513856,3.823057420304271e-06
55,405,contact,0.0018496613671696773,-0.00015033863283032273,0.00015033863283032273,0.0002654641861705902,0.00048266215667380037,0.0,0.00048266215667380037,300.6338389543253,300.7340082564092,-4.8347931376317e-05
56,57,contact,0.00145774718909007,-4.2252810909930135e-05,4.2252810909930135e-05,0.00012587614583877202,0.00012587614583877202,0.0,0.00012587614583877202,300.741205600295,300.69463329671004,5.862342078110576e-06
56,64,contact,0.0013906349125848959,-0.00010936508741510417,0.00010936508741510417,0.00020251396934696644,0.00020251396934696644,0.0,0.00020251396934696644,300.741205600295,300.7897096188526,-9.822741327377284e-06
56,138,contact,0.001746896369536556,-3.103630463443998e-06,3.103630463443998e-06,3.6470910894519746e-05,3.6470910894519746e-05,0.0,3.6470910894519746e-05,300.741205600295,300.7269159209362,5.211576226059269e-07
56,173,contact,0.0016535533176768144,-9.644668232318561e-05,9.644668232318561e-05,0.00020330836781653233,0.00020330836781653233,0.0,0.00020330836781653233,300.741205600295,300.67311328849473,1.3843736772970386e-05
57,70,contact,0.0014481577601905121,-5.184223980948788e-05,5.184223980948788e-05,0.00013943041249511512,0.00013943041249511512,0.0,0.00013943041249511512,300.69463329671004,300.6181742332102,1.0660718762772875e-05
57,300,contact,0.0017395010572575113,-1.0498942742488736e-05,1.0498942742488736e-05,6.70786619547381e-05,6.70786619547381e-05,0.0,6.70786619547381e-05,300.69463329671004,300.7719270581911,-5.184762097600001e-06
59,159,contact,0.0017327958128123462,-1.720418718765388e-05,1.720418718765388e-05,8.586747393759229e-05,8.586747393759229e-05,0.0,8.586747393759229e-05,300.78476707507167,300.7441245338497,3.4898723491362857e-06
60,65,contact,0.0014551600293180812,-4.483997068191882e-05,4.483997068191882e-05,0.00012967262242169532,0.00012967262242169532,0.0,0.00012967262242169532,300.8892304904578,300.94023576681894,-6.61398794309212e-06
60,179,contact,0.0017038521426755312,-4.614785732446887e-05,4.614785732446887e-05,0.00014063304426434808,0.00014063304426434808,0.0,0.00014063304426434808,300.8892304904578,300.8902159618266,-1.3858983862670117e-07
61,183,contact,0.0016201194876446618,-0.00012988051235533825,0.00012988051235533825,0.00023593023698482648,0.00023593023698482648,0.0,0.00023593023698482648,300.62708286259675,300.5315896195155,2.2529743470609076e-05
61,261,contact,0.0016201238534815782,-0.00012987614651842187,0.00012987614651842187,0.0002359262716416979,0.0002359262716416979,0.0,0.0002359262716416979,300.62708286259675,300.7225777106857,-2.2529743470615595e-05
62,111,contact,0.0016108748700628492,-0.0001391251299371508,0.0001391251299371508,0.00024418242296969357,0.0024418242296969355,0.0,0.0024418242296969355,300.585163985016,300.5123176089219,0.00017787804619220213
62,114,contact,0.001746053920988696,-3.946079011304124e-06,3.946079011304124e-06,4.1123919063366745e-05,7.477076193339408e-05,0.0,7.477076193339408e-05,300.585163985016,300.5480032610195,2.7785356472122224e-06
62,150,contact,0.0017167491301196753,-3.325086988032475e-05,3.325086988032475e-05,0.00011937492536480793,0.00021704531884510534,0.0,0.00021704531884510534,300.585163985016,300.54993662417723,7.645933765317276e-06
62,186,contact,0.0016441366210692466,-0.0001058633789307534,0.0001058633789307534,0.0002130023932770509,0.0003872770786855471,0.0,0.0003872770786855471,300.585163985016,300.64968619345217,-2.49879723935067e-05
62,196,contact,0.0016340609208805527,-0.00011593907911944734,0.00011593907911944734,0.0002229084492913569,0.002229084492913569,0.0,0.002229084492913569,300.585163985016,300.7112562891649,-0.00028107039985411305
64,138,contact,0.001652412300305223,-9.758769969477705e-05,9.758769969477705e-05,0.00020450745675693627,0.00020450745675693627,0.0,0.00020450745675693627,300.7897096188526,300.7269159209362,1.284177946124436e-05
64,179,contact,0.001664835624198377,-8.51643758016231e-05,8.51643758016231e-05,0.00019104716224193336,0.00019104716224193336,0.0,0.00019104716224193336,300.7897096188526,300.8902159618266,-1.9201451612491847e-05
64,274,contact,0.0016329921317168065,-0.00011700786828319353,0.00011700786828319353,0.00022393353760485676,0.00022393353760485676,0.0,0.00022393353760485676,300.7897096188526,300.82063623649526,-6.925506894871174e-06
65,179,contact,0.0016917310353082135,-5.8268964691786515e-05,5.8268964691786515e-05,0.00015802662256511426,0.00015802662256511426,0.0,0.00015802662256511426,300.94023576681894,300.8902159618266,7.904460844308243e-06
66,69,contact,0.0014110092520603827,-8.89907479396173e-05,8.89907479396173e-05,0.00018267876307156365,0.00018267876307156365,0.0,0.00018267876307156365,300.5697616739879,300.57118310019564,-2.5966438142775004e-07
66,124,contact,0.0017207307887929476,-2.926921120705245e-05,2.926921120705245e-05,0.00011199976633978008,0.00011199976633978008,0.0,0.00011199976633978008,300.5697616739879,300.47421013203495,1.070175037213535e-05
66,189,contact,0.0016829422442258676,-6.705775577413244e-05,6.705775577413244e-05,0.00016952592187896782,0.00016952592187896782,0.0,0.00016952592187896782,300.5697616739879,300.5698331207008,-1.2112069873460805e-08
67,187,contact,0.0016736679665169552,-7.633203348304481e-05,7.633203348304481e-05,0.0001808693689810152,0.0001808693689810152,0.0,0.0001808693689810152,300.94758973841647,300.9477885506501,-3.595904324313681e-08
67,288,contact,0.0016873951958306546,-6.260480416934544e-05,6.260480416934544e-05,0.0001638005810682334,0.0001638005810682334,0.0,0.0001638005810682334,300.94758973841647,300.8561680609641,1.4974923888933757e-05
67,301,contact,0.0016789411826838982,-7.105881731610188e-05,7.105881731610188e-05,0.00017451011102442732,0.00017451011102442732,0.0,0.00017451011102442732,300.94758973841647,300.94838731745557,-1.3918560666435752e-07
68,269,contact,0.0016992289253070045,-5.0771074692995515e-05,5.0771074692995515e-05,0.00014750943024526868,0.00014750943024526868,0.0,0.00014750943024526868,300.6158598238723,300.62353525513856,-1.1321984929712797e-06
68,282,contact,0.001646058639720955,-0.00010394136027904507,0.00010394136027904507,0.00021105993760647208,0.00021105993760647208,0.0,0.00021105993760647208,300.6158598238723,300.6440295810877,-5.94550720026763e-06
69,171,contact,0.001665792586878691,-8.420741312130907e-05,8.420741312130907e-05,0.0001899707644289086,0.0001899707644289086,0.0,0.0001899707644289086,300.57118310019564,300.590676355896,-3.7031486866044266e-06
69,486,contact,0.001993334869634302,-6.665130365698154e-06,6.665130365698154e-06,5.58952579287457e-05,5.58952579287457e-05,0.0,5.58952579287457e-05,300.57118310019564,300.50957708149616,3.443484305170492e-06
71,72,contact,0.0013747955814956637,-0.0001252044185043363,0.0001252044185043363,0.0002166833102459119,0.002166833102459119,0.0,0.002166833102459119,300.2742516538507,300.32829041023643,-0.00011709296615236877
71,93,contact,0.001432886398846748,-6.711360115325212e-05,6.711360115325212e-05,0.00015864299679616982,0.0015864299679616979,0.0,0.0015864299679616979,300.2742516538507,300.22042791490577,8.538759244995817e-05
71,103,contact,0.0016594046766837793,-9.059532331622076e-05,9.059532331622076e-05,0.00019704458159392046,0.0019704458159392046,0.0,0.0019704458159392046,300.2742516538507,300.3133147458959,-7.69717062781902e-05
71,116,contact,0.0017094432884714257,-4.055671152857431e-05,4.055671152857431e-05,0.00013183871888773957,0.00023970676161407195,0.0,0.00023970676161407195,300.2742516538507,300.25767278674584,3.974066544931346e-06
71,130,contact,0.0016150019372743805,-0.0001349980627256195,0.0001349980627256195,0.0002405333918538008,0.00043733343973418324,0.0,0.00043733343973418324,300.2742516538507,300.3210092379745,-2.0448655098538758e-05
71,259,contact,0.0016509431607420653,-9.905683925793478e-05,9.905683925793478e-05,0.0002060410908303086,0.002060410908303086,0.0,0.002060410908303086,300.2742516538507,300.21351053273287,0.00012515166853370414
72,77,contact,0.0014825996169229238,-1.7400383077076234e-05,1.7400383077076234e-05,8.077836129746374e-05,0.00014686974781357042,0.0,0.00014686974781357042,300.32829041023643,300.386264867402,-8.51469390353813e-06
72,94,contact,0.0013821454129359903,-0.00011785458706400974,0.00011785458706400974,0.0002102271869882762,0.00038223124906959315,0.0,0.00038223124906959315,300.32829041023643,300.32828595308433,1.7036628150962697e-09
72,103,contact,0.001693511592903928,-5.648840709607207e-05,5.648840709607207e-05,0.0001555934360019343,0.001555934360019343,0.0,0.001555934360019343,300.32829041023643,300.3133147458959,2.3301150711517836e-05
72,215,contact,0.0016383993492213671,-0.00011160065077863292,0.00011160065077863292,0.00021869808031553412,0.0003976328733009711,0.0,0.0003976328733009711,300.32829041023643,300.32677201509546,6.037638227128126e-07
72,222,contact,0.001702722457243105,-4.7277542756895066e-05,4.7277542756895066e-05,0.00014234396382941327,0.0014234396382941327,0.0,0.0014234396382941327,300.32829041023643,300.4213641780884,-0.0001324848904459093
73,79,contact,0.0014834678245583886,-1.6532175441611417e-05,1.6532175441611417e-05,7.873732145942153e-05,7.873732145942153e-05,0.0,7.873732145942153e-05,300.12383312796317,300.18679321824436,-4.957308867584607e-06
73,83,contact,0.0014590587488171956,-4.094125118280444e-05,4.094125118280444e-05,0.00012390709904420999,0.00012390709904420999,0.0,0.00012390709904420999,300.12383312796317,300.0660600254863,7.1584975306913605e-06
73,122,contact,0.0017128814285291322,-3.711857147086785e-05,3.711857147086785e-05,0.00012612675846861564,0.00012612675846861564,0.0,0.00012612675846861564,300.12383312796317,300.06602583876355,7.291046002605349e-06
73,128,contact,0.0017176198134919143,-3.238018650808571e-05,3.238018650808571e-05,0.00011780162473064447,0.00011780162473064447,0.0,0.00011780162473064447,300.12383312796317,300.19217575990393,-8.050873080990655e-06
73,220,contact,0.0017107566430383957,-3.9243356961604376e-05,3.9243356961604376e-05,0.00012968647406330893,0.00012968647406330893,0.0,0.00012968647406330893,300.12383312796317,300.1349473293101,-1.441361584710882e-06
75,79,contact,0.0014729522499388771,-2.70477500611229e-05,2.70477500611229e-05,0.0001007119966683269,0.0001007119966683269,0.0,0.0001007119966683269,300.2802318544226,300.18679321824436,9.410391615475357e-06
75,90,contact,0.0014280268101474838,-7.197318985251622e-05,7.197318985251622e-05,0.00016428617164780966,0.00016428617164780966,0.0,0.00016428617164780966,300.2802318544226,300.29912095562787,-3.103218122882654e-06
75,103,contact,0.0017216168877250244,-2.8383112274975655e-05,2.8383112274975655e-05,0.00011029139120978376,0.00020052980219960684,0.0,0.00020052980219960684,300.2802318544226,300.3133147458959,-6.634105683337411e-06
75,116,contact,0.0016499008209586424,-0.00010009917904135767,0.00010009917904135767,0.00020712230242197932,0.00020712230242197932,0.0,0.00020712230242197932,300.2802318544226,300.25767278674584,4.672486037702213e-06
75,123,contact,0.0016940260080943268,-5.5973991905673226e-05,5.5973991905673226e-05,0.00015488335505747528,0.00015488335505747528,0.0,0.00015488335505747528,300.2802318544226,300.308288799892,-4.345553846967773e-06
76,82,contact,0.001459120814805957,-4.0879185194043e-05,4.0879185194043e-05,0.0001238131432755268,0.0001238131432755268,0.0,0.0001238131432755268,300.4650199123464,300.4590751396313,7.360409959164754e-07
76,102,contact,0.0016465572192608433,-0.00010344278073915673,0.00010344278073915673,0.0002105531294395347,0.0002105531294395347,0.0,0.0002105531294395347,300.4650199123464,300.42447071078215,8.537761285629584e-06
76,216,contact,0.0016203018354306706,-0.00012969816456932944,0.00012969816456932944,0.00023576455983156111,0.00023576455983156111,0.0,0.00023576455983156111,300.4650199123464,300.43625366632267,6.782061331792437e-06
76,283,contact,0.001638828372039001,-0.00011117162796099914,0.00011117162796099914,0.00021827730851340635,0.00021827730851340635,0.0,0.00021827730851340635,300.4650199123464,300.52927040711086,-1.4024425067839093e-05
76,368,contact,0.0017012652402844171,-4.873475971558291e-05,4.873475971558291e-05,0.0001445210212820013,0.0001445210212820013,0.0,0.0001445210212820013,300.4650199123464,300.4481358166912,2.440106747512552e-06
77,98,contact,0.0014483191086541124,-5.1680891345887636e-05,5.1680891345887636e-05,0.00013921326896064134,0.00013921326896064134,0.0,0.00013921326896064134,300.386264867402,300.3919273960695,-7.882991263820706e-07
77,110,contact,0.0016804673264601128,-6.953267353988725e-05,6.953267353988725e-05,0.00017262594599706108,0.0003138653563582929,0.0,0.0003138653563582929,300.386264867402,300.41744421214236,-9.78611614794408e-06
77,130,contact,0.0016621810224521276,-8.781897754787243e-05,8.781897754787243e-05,0.00019400181613421535,0.00019400181613421535,0.0,0.00019400181613421535,300.386264867402,300.3210092379745,1.2659710621915823e-05
77,222,contact,0.0016856252079569761,-6.43747920430239e-05,6.43747920430239e-05,0.00016609995963234726,0.00030199992660426777,0.0,0.00030199992660426777,300.386264867402,300.4213641780884,-1.059998925115478e-05
78,81,contact,0.0014593798847455724,-4.062011525442764e-05,4.062011525442764e-05,0.00012342018967904063,0.00012342018967904063,0.0,0.00012342018967904063,300.10980535119086,300.05568696919397,6.679300971178504e-06
78,220,contact,0.0017403940156470316,-9.60598435296848e-06,9.60598435296848e-06,6.416268726437891e-05,6.416268726437891e-05,0.0,6.416268726437891e-05,300.10980535119086,300.1349473293101,-1.6131768792715363e-06
78,239,contact,0.0017126588548219408,-3.7341145178059225e-05,3.7341145178059225e-05,0.00012650433958348603,0.00012650433958348603,0.0,0.00012650433958348603,300.10980535119086,300.14985238917063,-5.066124091906253e-06
79,99,contact,0.0014828606551190173,-1.7139344880982713e-05,1.7139344880982713e-05,8.017015860261546e-05,8.017015860261546e-05,0.0,8.017015860261546e-05,300.18679321824436,300.1369270980594,3.9977747641252165e-06
79,105,contact,0.0017452141690348505,-4.785830965149543e-06,4.785830965149543e-06,4.528874488916113e-05,4.528874488916113e-05,0.0,4.528874488916113e-05,300.18679321824436,300.2143397634122,-1.2475484566852189e-06
79,120,contact,0.001734888750813723,-1.5111249186277025e-05,1.5111249186277025e-05,8.04751492776595e-05,8.04751492776595e-05,0.0,8.04751492776595e-05,300.18679321824436,300.16080766672405,2.091191137659028e-06
79,128,contact,0.001737854528549499,-1.2145471450501115e-05,1.2145471450501115e-05,7.214708622123809e-05,7.214708622123809e-05,0.0,7.214708622123809e-05,300.18679321824436,300.19217575990393,-3.883346972025049e-07
80,92,contact,0.0014502656134653396,-4.973438653466046e-05,4.973438653466046e-05,0.0001365664488463315,0.0001365664488463315,0.0,0.0001365664488463315,300.38443951183865,300.4606715713324,-1.0410741653303406e-05
80,97,contact,0.0013912970330594396,-0.00010870296694056041,0.00010870296694056041,0.00020190000644554261,0.00020190000644554261,0.0,0.00020190000644554261,300.38443951183865,300.3110911832572,1.4809028013366554e-05
80,134,contact,0.0016874609355478425,-6.25390644521575e-05,6.25390644521575e-05,0.0001637145570613126,0.0001637145570613126,0.0,0.0001637145570613126,300.38443951183865,300.3440647827851,6.60993088347301e-06
80,218,contact,0.001656471209137061,-9.3528790862939e-05,9.3528790862939e-05,0.00020020930925580892,0.00020020930925580892,0.0,0.00020020930925580892,300.38443951183865,300.4185260272516,-6.824437705758856e-06
80,255,contact,0.0017233180308347037,-2.668196916529638e-05,2.668196916529638e-05,0.00010693516560173213,0.00010693516560173213,0.0,0.00010693516560173213,300.38443951183865,300.4235639618196,-4.1837795377876266e-06
81,206,contact,0.0017168803757979176,-3.311962420208246e-05,3.311962420208246e-05,0.00011913909794032914,0.00011913909794032914,0.0,0.00011913909794032914,300.05568696919397,300.04471543641813,1.3071385179364335e-06
81,480,contact,0.0019380461149570206,-6.195388504297945e-05,6.195388504297945e-05,0.0001704138598057582,0.0001704138598057582,0.0,0.0001704138598057582,300.05568696919397,300.1176409429825,-1.0557815803611152e-05
81,492,contact,0.0019610386626529204,-3.896133734707964e-05,3.896133734707964e-05,0.00013514113689563065,0.00013514113689563065,0.0,0.00013514113689563065,300.05568696919397,300.1265958279206,-9.58270378428778e-06
82,92,contact,0.0014560631328345624,-4.393686716543761e-05,4.393686716543761e-05,0.0001283601386219223,0.0001283601386219223,0.0,0.0001283601386219223,300.4590751396313,300.4606715713324,-2.0491819445395762e-07
82,126,contact,0.0017256647299808841,-2.4335270019115902e-05,2.4335270019115902e-05,0.00010212444093733859,0.00010212444093733859,0.0,0.00010212444093733859,300.4590751396313,300.4090255202129,5.111289402232357e-06
83,104,contact,0.0017186379192837564,-3.136208071624364e-05,3.136208071624364e-05,0.0001159348598805941,0.0001159348598805941,0.0,0.0001159348598805941,300.0660600254863,300.0535248201343,1.453267276056332e-06
83,120,contact,0.001715502954733684,-3.4497045266315956e-05,3.4497045266315956e-05,0.00012159131536124719,0.00012159131536124719,0.0,0.00012159131536124719,300.0660600254863,300.16080766672405,-1.152049032547302e-05
83,480,contact,0.001980580519898143,-1.9419480101856828e-05,1.9419480101856828e-05,9.54090210501365e-05,9.54090210501365e-05,0.0,9.54090210501365e-05,300.0660600254863,300.1176409429825,-4.921284843181261e-06
84,101,contact,0.0016869998480142203,-6.300015198577977e-05,6.300015198577977e-05,0.00016431696545628744,0.0002987581190114317,0.0,0.0002987581190114317,300.0763938876944,300.0466566710865,8.884234898407058e-06
84,104,contact,0.0017373703187288543,-1.262968127114573e-05,1.262968127114573e-05,7.357119371586097e-05,7.357119371586097e-05,0.0,7.357119371586097e-05,300.0763938876944,300.0535248201343,1.6825045995627287e-06
84,119,contact,0.0016858494704154335,-6.415052958456654e-05,6.415052958456654e-05,0.00016581038600664124,0.00016581038600664124,0.0,0.00016581038600664124,300.0763938876944,300.1110536645355,-5.746950976930867e-06
84,240,contact,0.00173773104518392,-1.2268954816080108e-05,1.2268954816080108e-05,7.251291948753518e-05,7.251291948753518e-05,0.0,7.251291948753518e-05,300.0763938876944,300.142861884779,-4.8197885210933915e-06
85,88,contact,0.001490914385871973,-9.085614128027117e-06,9.085614128027117e-06,5.837041457802205e-05,5.837041457802205e-05,0.0,5.837041457802205e-05,300.2932862880949,300.2305355876302,3.6627844011877313e-06
85,123,contact,0.0017180398269539623,-3.196017304603772e-05,3.196017304603772e-05,0.00011703511020087283,0.00011703511020087283,0.0,0.00011703511020087283,300.2932862880949,300.308288799892,-1.755820621462635e-06
85,132,contact,0.0016569539999649959,-9.304600003500418e-05,9.304600003500418e-05,0.00019969190558923245,0.00019969190558923245,0.0,0.00019969190558923245,300.2932862880949,300.3477113872523,-1.0868251762615402e-05
85,360,contact,0.0016652342447835986,-8.476575521640145e-05,8.476575521640145e-05,0.00019059952992342137,0.00019059952992342137,0.0,0.00019059952992342137,300.2932862880949,300.25226354907994,7.818914772425834e-06
85,367,contact,0.0017353501504019293,-1.4649849598070757e-05,1.4649849598070757e-05,7.923703029898176e-05,7.923703029898176e-05,0.0,7.923703029898176e-05,300.2932862880949,300.278869124729,1.1423732104507576e-06
86,99,contact,0.0014921669019248487,-7.833098075151358e-06,7.833098075151358e-06,5.419789459178059e-05,5.419789459178059e-05,0.0,5.419789459178059e-05,300.1806156501908,300.1369270980594,2.36782754328588e-06
86,106,contact,0.0016345708836572367,-0.00011542911634276334,0.00011542911634276334,0.00022241767306074335,0.00022241767306074335,0.0,0.00022241767306074335,300.1806156501908,300.1820683624929,-3.2310888985278e-07
86,118,contact,0.0016651433423582492,-8.485665764175086e-05,8.485665764175086e-05,0.000190701701590001,0.000190701701590001,0.0,0.000190701701590001,300.1806156501908,300.25673686320897,-1.4516444849657053e-05
86,119,contact,0.0016181561370275737,-0.00013184386297242635,0.00013184386297242635,0.0002377067788315437,0.0002377067788315437,0.0,0.0002377067788315437,300.1806156501908,300.1110536645355,1.6535355539246946e-05
86,374,contact,0.0017403102629703698,-9.68973702963026e-06,9.68973702963026e-06,6.444179110848885e-05,6.444179110848885e-05,0.0,6.444179110848885e-05,300.1806156501908,300.24367456387273,-4.063629343018129e-06
87,91,contact,0.0014896810084033898,-1.0318991596610207e-05,1.0318991596610207e-05,6.220628464012963e-05,6.220628464012963e-05,0.0,6.220628464012963e-05,300.1209105450539,300.13792735864575,-1.0585527499627465e-06
87,238,contact,0.0016242126407893756,-0.0001257873592106244,0.0001257873592106244,0.00023218283363143956,0.00023218283363143956,0.0,0.00023218283363143956,300.1209105450539,300.1533525553607,-7.532477881732044e-06
87,327,contact,0.0016728549624099604,-7.714503759003962e-05,7.714503759003962e-05,0.00018183002768288806,0.00018183002768288806,0.0,0.00018183002768288806,300.1209105450539,300.15063230965956,-5.404309281030311e-06
87,329,contact,0.0016324540257939123,-0.0001175459742060877,0.0001175459742060877,0.00022444786942255277,0.00022444786942255277,0.0,0.00022444786942255277,300.1209105450539,300.0640631214217,1.275928311640355e-05
87,468,contact,0.0019392575395550224,-6.074246044497763e-05,6.074246044497763e-05,0.0001687395280708799,0.0001687395280708799,0.0,0.0001687395280708799,300.1209105450539,300.11358530946467,1.2360567963355338e-06
88,112,contact,0.0016427689148812135,-0.00010723108511878653,0.00010723108511878653,0.0002143739241060414,0.0003897707711018935,0.0,0.0003897707711018935,300.2305355876302,300.22794728621267,1.0088442393500637e-06
88,360,contact,0.00167341045174219,-7.658954825780998e-05,7.658954825780998e-05,0.00018117420376667862,0.00018117420376667862,0.0,0.00018117420376667862,300.2305355876302,300.25226354907994,-3.936546115132566e-06
88,380,contact,0.0016857789856991924,-6.422101430080766e-05,6.422101430080766e-05,0.0001659014522034189,0.0001659014522034189,0.0,0.0001659014522034189,300.2305355876302,300.19081027968707,6.59048627699083e-06
89,102,contact,0.0016590585044536546,-9.094149554634548e-05,9.094149554634548e-05,0.00019742068448549025,0.00019742068448549025,0.0,0.00019742068448549025,300.33863439892525,300.42447071078215,-1.6945863440498124e-05
89,118,contact,0.0016340567736770955,-0.00011594322632290451,0.00011594322632290451,0.00022291243603349644,0.00022291243603349644,0.0,0.00022291243603349644,300.33863439892525,300.25673686320897,1.8255979191656233e-05
89,134,contact,0.0016538443134406582,-9.615568655934183e-05,9.615568655934183e-05,0.00020300142845311122,0.00020300142845311122,0.0,0.00020300142845311122,300.33863439892525,300.3440647827851,-1.1023756805974036e-06
89,346,contact,0.0016713919731170183,-7.860802688298171e-05,7.860802688298171e-05,0.00018354605519711048,0.00018354605519711048,0.0,0.00018354605519711048,300.33863439892525,300.3397662133373,-2.077400705518669e-07
90,97,contact,0.0013896030796238183,-0.00011039692037618175,0.00011039692037618175,0.0002034670615629669,0.0002034670615629669,0.0,0.0002034670615629669,300.29912095562787,300.3110911832572,-2.4355470419775087e-06
90,105,contact,0.001616418265332337,-0.0001335817346676631,0.0001335817346676631,0.00023926829053923945,0.00023926829053923945,0.0,0.00023926829053923945,300.29912095562787,300.2143397634122,2.0285450931315776e-05
90,118,contact,0.001729316323695582,-2.068367630441814e-05,2.068367630441814e-05,9.415111630720843e-05,9.415111630720843e-05,0.0,9.415111630720843e-05,300.29912095562787,300.25673686320897,3.9905096149072685e-06
90,126,contact,0.0016298110078165502,-0.00012018899218344979,0.00012018899218344979,0.00022695719437510972,0.00022695719437510972,0.0,0.00022695719437510972,300.29912095562787,300.4090255202129,-2.494363162723153e-05
91,113,contact,0.0016856908258040678,-6.430917419593223e-05,6.430917419593223e-05,0.00016601528440297154,0.00016601528440297154,0.0,0.00016601528440297154,300.13792735864575,300.18528130616846,-7.86147906558584e-06
91,205,contact,0.0016414342366406277,-0.00010856576335937238,0.00010856576335937238,0.00021570392740252522,0.00021570392740252522,0.0,0.00021570392740252522,300.13792735864575,300.11691485324434,4.532479939652128e-06
91,209,contact,0.001682442916098196,-6.755708390180411e-05,6.755708390180411e-05,0.0001701559166115479,0.0001701559166115479,0.0,0.0001701559166115479,300.13792735864575,300.21308636413386,-1.278874947044061e-05
91,329,contact,0.0016530133601262865,-9.698663987371355e-05,9.698663987371355e-05,0.00020387668528554237,0.00020387668528554237,0.0,0.00020387668528554237,300.13792735864575,300.0640631214217,1.5059195846380052e-05
92,125,contact,0.0017126004279165636,-3.739957208343642e-05,3.739957208343642e-05,0.000126603270241169,0.000126603270241169,0.0,0.000126603270241169,300.4606715713324,300.4480473946216,1.598262055689848e-06
92,169,contact,0.001688390713697515,-6.160928630248499e-05,6.160928630248499e-05,0.00016249301475424147,0.00016249301475424147,0.0,0.00016249301475424147,300.4606715713324,300.5358373987496,-1.2213921903519256e-05
93,95,contact,0.0014022569878592154,-9.774301214078465e-05,9.774301214078465e-05,0.00019145137647140134,0.0019145137647140135,0.0,0.0019145137647140135,300.22042791490577,300.1689305650773,9.85923850929184e-05
93,116,contact,0.0016612777866750643,-8.872221332493569e-05,8.872221332493569e-05,0.00019499693769566413,0.00035453988671938934,0.0,0.00035453988671938934,300.22042791490577,300.25767278674584,-1.3204792643057762e-05
94,103,contact,0.00173749473938772,-1.2505260612280132e-05,1.2505260612280132e-05,7.320790534677873e-05,0.00013310528244868858,0.0,0.00013310528244868858,300.32828595308433,300.3133147458959,1.992746761411098e-06
94,132,contact,0.001644983495844259,-0.00010501650415574112,0.00010501650415574112,0.00021214870541580813,0.00021214870541580813,0.0,0.00021214870541580813,300.32828595308433,300.3477113872523,-4.12108071086901e-06
94,215,contact,0.001748053482897191,-1.946517102808989e-06,1.946517102808989e-06,2.8882894859926464e-05,2.8882894859926464e-05,0.0,2.8882894859926464e-05,300.32828595308433,300.32677201509546,4.3726911757128427e-08
94,348,contact,0.001716459368281405,-3.354063171859506e-05,3.354063171859506e-05,0.0001198939383406286,0.0001198939383406286,0.0,0.0001198939383406286,300.32828595308433,300.31088465048833,2.0863107004913686e-06
95,101,contact,0.001556062766503974,-0.00019393723349602605,0.00019393723349602605,0.0002882983822580047,0.002882983822580047,0.0,0.002882983822580047,300.1689305650773,300.0466566710865,0.00035251365829928617
95,112,contact,0.0015691299878913792,-0.00018087001210862082,0.00018087001210862082,0.00027841644972077925,0.0027841644972077927,0.0,0.0027841644972077927,300.1689305650773,300.22794728621267,-0.00016431225972673416
95,205,contact,0.0016368260380492487,-0.00011317396195075131,0.00011317396195075131,0.0002202342538078988,0.00040042591601436147,0.0,0.00040042591601436147,300.1689305650773,300.11691485324434,2.0828439057848358e-05
95,259,contact,0.0016068042766563073,-0.0001431957233436927,0.0001431957233436927,0.00024772887542376935,0.0024772887542376934,0.0,0.0024772887542376934,300.1689305650773,300.21351053273287,-0.00011043745253744687
96,103,contact,0.0017027157723178586,-4.7284227682141454e-05,4.7284227682141454e-05,0.0001423540270123471,0.0002588255036588129,0.0,0.0002588255036588129,300.3978489636807,300.3133147458959,2.187961149454903e-05
96,109,contact,0.001661183319474404,-8.881668052559597e-05,8.881668052559597e-05,0.00019510072181780068,0.00019510072181780068,0.0,0.00019510072181780068,300.3978489636807,300.4153532634286,-3.415101515727321e-06
96,110,contact,0.0016683381661401864,-8.166183385981368e-05,8.166183385981368e-05,0.00018707733373410848,0.00034014060678928815,0.0,0.00034014060678928815,300.3978489636807,300.41744421214236,-6.665139701934367e-06
96,121,contact,0.0016820835804144812,-6.791641958551879e-05,6.791641958551879e-05,0.00017060784555588977,0.00017060784555588977,0.0,0.00017060784555588977,300.3978489636807,300.4670097354991,-1.179937027692267e-05
97,123,contact,0.0017133982701345299,-3.660172986547018e-05,3.660172986547018e-05,0.0001252455813856524,0.0001252455813856524,0.0,0.0001252455813856524,300.3110911832572,300.308288799892,3.5098613383728534e-07
97,129,contact,0.0016378395034007457,-0.00011216049659925438,0.00011216049659925438,0.00021924594467588972,0.00021924594467588972,0.0,0.00021924594467588972,300.3110911832572,300.2562555289181,1.2022494837499838e-05
98,244,contact,0.0017437848089142194,-6.215191085780615e-06,6.215191085780615e-06,5.161059312270501e-05,5.161059312270501e-05,0.0,5.161059312270501e-05,300.3919273960695,300.4359681660143,-2.2729702584310063e-06
98,246,contact,0.0016921764816354118,-5.7823518364588265e-05,5.7823518364588265e-05,0.00015742143396163633,0.00015742143396163633,0.0,0.00015742143396163633,300.3919273960695,300.3368832308265,8.665131423770449e-06
98,471,contact,0.001955208965206378,-4.4791034793622165e-05,4.4791034793622165e-05,0.00014489926693917534,0.00014489926693917534,0.0,0.00014489926693917534,300.3919273960695,300.4414822381568,-7.180460291740995e-06
99,105,contact,0.0017444548796973804,-5.545120302619675e-06,5.545120302619675e-06,4.874915516902982e-05,4.874915516902982e-05,0.0,4.874915516902982e-05,300.1369270980594,300.2143397634122,-3.7738020353330056e-06
99,108,contact,0.0017427876527276636,-7.2123472723364685e-06,7.2123472723364685e-06,5.559681622052189e-05,5.559681622052189e-05,0.0,5.559681622052189e-05,300.1369270980594,300.14300359047036,-3.378336318372539e-07
99,119,contact,0.0017183396194582724,-3.1660380541727665e-05,3.1660380541727665e-05,0.00011648491111677634,0.00011648491111677634,0.0,0.00011648491111677634,300.1369270980594,300.1110536645355,3.0138646043154677e-06
99,122,contact,0.0017241453165554223,-2.5854683444577692e-05,2.5854683444577692e-05,0.00010526432738161929,0.00010526432738161929,0.0,0.00010526432738161929,300.1369270980594,300.06602583876355,7.463373370287597e-06
100,107,contact,0.0017376778556766504,-1.2322144323349653e-05,1.2322144323349653e-05,7.26699318543872e-05,7.26699318543872e-05,0.0,7.26699318543872e-05,300.17694574614575,300.0624311978085,8.32176442400318e-06
100,112,contact,0.00171610011438727,-3.3899885612730064e-05,3.3899885612730064e-05,0.00012053432044631828,0.00021915330990239686,0.0,0.00021915330990239686,300.17694574614575,300.22794728621267,-1.117715631578531e-05
100,113,contact,0.0016910460247432652,-5.895397525673479e-05,5.895397525673479e-05,0.00015895278983315606,0.00015895278983315606,0.0,0.00015895278983315606,300.17694574614575,300.18528130616846,-1.3249605204322864e-06
100,120,contact,0.001707923262942454,-4.207673705754612e-05,4.207673705754612e-05,0.00013428658648717266,0.00013428658648717266,0.0,0.00013428658648717266,300.17694574614575,300.16080766672405,2.167127597998156e-06
100,380,contact,0.0016844911058313725,-6.550889416862752e-05,6.550889416862752e-05,0.00016755667804651422,0.00016755667804651422,0.0,0.00016755667804651422,300.17694574614575,300.19081027968707,-2.3230951828485554e-06
100,480,contact,0.0019885943082992063,-1.1405691700793787e-05,1.1405691700793787e-05,7.311920393950611e-05,7.311920393950611e-05,0.0,7.311920393950611e-05,300.17694574614575,300.1176409429825,4.336319997084429e-06
101,104,contact,0.00195854916537727,-4.1450834622730037e-05,4.1450834622730037e-05,0.00014396324986386288,0.0002617513633888416,0.0,0.0002617513633888416,300.0466566710865,300.0535248201343,-1.797747377224242e-06
101,205,contact,0.0019007284369146474,-9.92715630853526e-05,9.92715630853526e-05,0.00022279089196526033,0.00040507434902774605,0.0,0.00040507434902774605,300.0466566710865,300.11691485324434,-2.8459787401455466e-05
102,115,contact,0.001962226644758449,-3.777335524155108e-05,3.777335524155108e-05,0.00013742880928239006,0.00013742880928239006,0.0,0.00013742880928239006,300.42447071078215,300.48244351328043,-7.967133218102363e-06
102,117,contact,0.001906115278937766,-9.388472106223403e-05,9.388472106223403e-05,0.0002166618575825404,0.0002166618575825404,0.0,0.0002166618575825404,300.42447071078215,300.3810122843341,9.41578340185285e-06
102,283,contact,0.0019716734782666227,-2.832652173337738e-05,2.832652173337738e-05,0.00011900949906074175,0.00011900949906074175,0.0,0.00011900949906074175,300.42447071078215,300.52927040711086,-1.2472159361797859e-05
102,324,contact,0.0019221944680754865,-7.780553192451357e-05,7.780553192451357e-05,0.0001972378411011862,0.0001972378411011862,0.0,0.0001972378411011862,300.42447071078215,300.3941268985533,5.984948014800899e-06
102,368,contact,0.001959453387274114,-4.05466127258859e-05,4.05466127258859e-05,0.00014238436137070304,0.00014238436137070304,0.0,0.00014238436137070304,300.42447071078215,300.4481358166912,-3.3695409916316242e-06
103,110,contact,0.0018835080359000333,-0.00011649196409996678,0.00011649196409996678,0.00024134204368485694,0.0024134204368485694,0.0,0.0024134204368485694,300.3133147458959,300.41744421214236,-0.00025130818191727665
103,112,contact,0.0018761237425340572,-0.00012387625746594286,0.00012387625746594286,0.0002488737204547146,0.002488737204547146,0.0,0.002488737204547146,300.3133147458959,300.22794728621267,0.00021245717297139466
103,123,contact,0.0018598845956671617,-0.00014011540433283838,0.00014011540433283838,0.00026468415548804426,0.00048124391906917137,0.0,0.00048124391906917137,300.3133147458959,300.308288799892,2.418705951952404e-06
104,119,contact,0.0019216964623217684,-7.830353767823164e-05,7.830353767823164e-05,0.0001978680591685172,0.0001978680591685172,0.0,0.0001978680591685172,300.0535248201343,300.1110536645355,-1.1383120787871148e-05
104,120,contact,0.0019698918777689292,-3.0108122231070795e-05,3.0108122231070795e-05,0.0001226949922186533,0.0001226949922186533,0.0,0.0001226949922186533,300.0535248201343,300.16080766672405,-1.3163068027521405e-05
105,108,contact,0.0018580246449926335,-0.00014197535500736652,0.00014197535500736652,0.0002664351281338166,0.0002664351281338166,0.0,0.0002664351281338166,300.2143397634122,300.14300359047036,1.9006462378343056e-05
105,118,contact,0.0019592039869549068,-4.079601304509328e-05,4.079601304509328e-05,0.00014282158983342343,0.00014282158983342343,0.0,0.00014282158983342343,300.2143397634122,300.25673686320897,-6.055221197297355e-06
105,128,contact,0.0019502921670867678,-4.970783291323227e-05,4.970783291323227e-05,0.00015765124946100535,0.00015765124946100535,0.0,0.00015765124946100535,300.2143397634122,300.19217575990393,3.494182846140682e-06
105,219,contact,0.0019250600792962277,-7.493992070377233e-05,7.493992070377233e-05,0.00019357158973332364,0.00019357158973332364,0.0,0.00019357158973332364,300.2143397634122,300.22044253701307,-1.1813235876979527e-06
106,108,contact,0.0018898689741884227,-0.00011013102581157734,0.00011013102581157734,0.00023466042040742337,0.00023466042040742337,0.0,0.00023466042040742337,300.1820683624929,300.14300359047036,9.166955825926442e-06
106,355,contact,0.001899831482237306,-0.00010016851776269414,0.00010016851776269414,0.000223795127027706,0.000223795127027706,0.0,0.000223795127027706,300.1820683624929,300.2424394249343,-1.3510749587868597e-05
106,358,contact,0.0018849870519449198,-0.00011501294805508024,0.00011501294805508024,0.00023980507506627153,0.00023980507506627153,0.0,0.00023980507506627153,300.1820683624929,300.1653018913454,4.020684872120627e-06
107,341,contact,0.0019830267778653014,-1.6973222134698644e-05,1.6973222134698644e-05,9.21228042742367e-05,9.21228042742367e-05,0.0,9.21228042742367e-05,300.0624311978085,300.08753857146996,-2.3129616696544154e-06
107,480,contact,0.0022286854166007814,-2.1314583399218833e-05,2.1314583399218833e-05,0.00010881835884531727,0.00010881835884531727,0.0,0.00010881835884531727,300.0624311978085,300.1176409429825,-6.007833862104053e-06
108,122,contact,0.0018213294126269409,-0.00017867058737305918,0.00017867058737305918,0.00029889010302539226,0.00029889010302539226,0.0,0.00029889010302539226,300.14300359047036,300.06602583876355,2.300788813831044e-05
108,229,contact,0.0019697973403880915,-3.0202659611908503e-05,3.0202659611908503e-05,0.0001228874680590102,0.0001228874680590102,0.0,0.0001228874680590102,300.14300359047036,300.1389252963194,5.011712422075596e-07
108,363,contact,0.001940908445367787,-5.9091554632213035e-05,5.9091554632213035e-05,0.00017188885163414908,0.00017188885163414908,0.0,0.00017188885163414908,300.14300359047036,300.0573022964593,1.4731097011124004e-05
108,375,contact,0.0018574823299294127,-0.00014251767007058733,0.00014251767007058733,0.00026694350532517863,0.00026694350532517863,0.0,0.00026694350532517863,300.14300359047036,300.1819802713472,-1.0404571819201482e-05
109,125,contact,0.0019170022649960536,-8.29977350039464e-05,8.29977350039464e-05,0.0002037127082485852,0.0002037127082485852,0.0,0.0002037127082485852,300.4153532634286,300.4480473946216,-6.660210009162889e-06
109,127,contact,0.0018807779599144608,-0.00011922204008553926,0.00011922204008553926,0.0002441536811984813,0.0002441536811984813,0.0,0.0002441536811984813,300.4153532634286,300.3495086374906,1.607620780989588e-05
109,132,contact,0.0019234942746470553,-7.650572535294474e-05,7.650572535294474e-05,0.00019558339059458084,0.00019558339059458084,0.0,0.00019558339059458084,300.4153532634286,300.3477113872523,1.3229627488741556e-05
109,334,contact,0.001865811008261287,-0.000134188991738713,0.000134188991738713,0.0002590260524915525,0.0002590260524915525,0.0,0.0002590260524915525,300.4153532634286,300.43728623880656,-5.681212031552288e-06
110,111,contact,0.0018619937816491223,-0.00013800621835087772,0.00013800621835087772,0.0002626844288789095,0.0026268442887890948,0.0,0.0026268442887890948,300.41744421214236,300.5123176089219,-0.00024921764048830175
110,115,contact,0.0018979762629969849,-0.00010202373700301517,0.00010202373700301517,0.0002258580715881272,0.0004106510392511403,0.0,0.0004106510392511403,300.41744421214236,300.48244351328043,-2.6692030562947485e-05
110,117,contact,0.001977538326531246,-2.246167346875395e-05,2.246167346875395e-05,0.0001059756421748742,0.00019268298577249855,0.0,0.00019268298577249855,300.41744421214236,300.3810122843341,7.019812627547569e-06
110,126,contact,0.0019632633100274658,-3.673668997253429e-05,3.673668997253429e-05,0.00013552986750627017,0.00024641794092049123,0.0,0.00024641794092049123,300.41744421214236,300.4090255202129,2.0745167305059194e-06
110,222,contact,0.0019988398936883365,-1.1601063116635155e-06,1.1601063116635155e-06,2.4084292720189185e-05,0.00024084292720189183,0.0,0.00024084292720189183,300.41744421214236,300.4213641780884,-9.440960729827033e-07
111,150,contact,0.0019383452139692847,-6.16547860307153e-05,6.16547860307153e-05,0.00017557731349852022,0.0003192314790882186,0.0,0.0003192314790882186,300.5123176089219,300.54993662417723,-1.2009173881810527e-05
111,471,contact,0.0021544124928947563,-9.558750710524392e-05,9.558750710524392e-05,0.00023044342172000572,0.0004189880394909195,0.0,0.0004189880394909195,300.5123176089219,300.4414822381568,2.9679173123461986e-05
112,113,contact,0.0018925956754679539,-0.00010740432453204616,0.00010740432453204616,0.00023173726991147341,0.0004213404907481335,0.0,0.0004213404907481335,300.22794728621267,300.18528130616846,1.7976904970075533e-05
112,120,contact,0.0019463160552438546,-5.3683944756145394e-05,5.3683944756145394e-05,0.00016383519883734598,0.00029788217970426543,0.0,0.00029788217970426543,300.22794728621267,300.16080766672405,1.999969619778339e-05
113,209,contact,0.0018780294836846945,-0.0001219705163153055,0.0001219705163153055,0.0002469519349137657,0.0002469519349137657,0.0,0.0002469519349137657,300.18528130616846,300.21308636413386,-6.86651286494371e-06
113,327,contact,0.0018736694235624916,-0.00012633057643750842,0.00012633057643750842,0.0002513270542913242,0.0002513270542913242,0.0,0.0002513270542913242,300.18528130616846,300.15063230965956,8.708230226733794e-06
113,341,contact,0.0019062001915443984,-9.37998084556016e-05,9.37998084556016e-05,0.0002165638571595011,0.0002165638571595011,0.0,0.0002165638571595011,300.18528130616846,300.08753857146996,2.116754363562488e-05
113,371,contact,0.001822736021041171,-0.00017726397895882914,0.00017726397895882914,0.00029771125185221767,0.00029771125185221767,0.0,0.00029771125185221767,300.18528130616846,300.2330416629736,-1.4218795613371675e-05
114,121,contact,0.0019020841986620888,-9.791580133791124e-05,9.791580133791124e-05,0.00022126432308204507,0.00022126432308204507,0.0,0.00022126432308204507,300.5480032610195,300.4670097354991,1.7920977598299246e-05
115,126,contact,0.0019121467319220035,-8.785326807799658e-05,8.785326807799658e-05,0.0002095868174265698,0.0002095868174265698,0.0,0.0002095868174265698,300.48244351328043,300.4090255202129,1.538744350887396e-05
115,381,contact,0.0019005051286960528,-9.949487130394728e-05,9.949487130394728e-05,0.00022304133171224932,0.00022304133171224932,0.0,0.00022304133171224932,300.48244351328043,300.50043903838844,-4.013745884950867e-06
116,117,contact,0.0019522550737288416,-4.774492627115847e-05,4.774492627115847e-05,0.00015450716208506075,0.00015450716208506075,0.0,0.00015450716208506075,300.25767278674584,300.3810122843341,-1.9056835745355132e-05
116,118,contact,0.001907493481011141,-9.250651898885906e-05,9.250651898885906e-05,0.00021506570971317006,0.00021506570971317006,0.0,0.00021506570971317006,300.25767278674584,300.25673686320897,2.012850596946362e-07
116,130,contact,0.001964795349164895,-3.5204650835105045e-05,3.5204650835105045e-05,0.00013267375557190098,0.00013267375557190098,0.0,0.00013267375557190098,300.25767278674584,300.3210092379745,-8.403084849105375e-06
116,133,contact,0.00189473189515034,-0.00010526810484966015,0.00010526810484966015,0.00022942112462637364,0.00022942112462637364,0.0,0.00022942112462637364,300.25767278674584,300.15872638191314,2.2700395474455e-05
117,130,contact,0.0018717116448855045,-0.0001282883551144956,0.0001282883551144956,0.00025326700842637955,0.00025326700842637955,0.0,0.00025326700842637955,300.3810122843341,300.3210092379745,1.5196792047953718e-05
117,324,contact,0.001927764721873497,-7.223527812650309e-05,7.223527812650309e-05,0.00019004641291866454,0.00019004641291866454,0.0,0.00019004641291866454,300.3810122843341,300.3941268985533,-2.4923853891720463e-06
117,381,contact,0.0019670644940621537,-3.29355059378463e-05,3.29355059378463e-05,0.00012832674299974713,0.00012832674299974713,0.0,0.00012832674299974713,300.3810122843341,300.50043903838844,-1.5325646374827763e-05
118,374,contact,0.0019587421759894785,-4.125782401052155e-05,4.125782401052155e-05,0.00014362768537180002,0.00014362768537180002,0.0,0.00014362768537180002,300.25673686320897,300.24367456387273,1.8761078192978676e-06
119,133,contact,0.001954049279317182,-4.595072068281801e-05,4.595072068281801e-05,0.00015157625256420943,0.00015157625256420943,0.0,0.00015157625256420943,300.1110536645355,300.15872638191314,-7.226051849652695e-06
119,351,contact,0.001912718351587604,-8.728164841239608e-05,8.728164841239608e-05,0.00020890386355019392,0.00020890386355019392,0.0,0.00020890386355019392,300.1110536645355,300.06488314349065,9.64520022839915e-06
120,128,contact,0.001940996206719633,-5.900379328036714e-05,5.900379328036714e-05,0.00017176116161747267,0.00017176116161747267,0.0,0.00017176116161747267,300.16080766672405,300.19217575990393,-5.38782012230106e-06
120,480,contact,0.0022262131855911734,-2.3786814408826868e-05,2.3786814408826868e-05,0.00011495606505875496,0.00011495606505875496,0.0,0.00011495606505875496,300.16080766672405,300.1176409429825,4.962276702805247e-06
121,222,contact,0.001933122493713215,-6.687750628678497e-05,6.687750628678497e-05,0.0001828626619717445,0.0003324775672213537,0.0,0.0003324775672213537,300.4670097354991,300.4213641780884,1.5176123882370167e-05
121,362,contact,0.0018808253912088705,-0.00011917460879112959,0.00011917460879112959,0.00024410510931884404,0.00024410510931884404,0.0,0.00024410510931884404,300.4670097354991,300.41967111729065,1.1555598572781825e-05
122,220,contact,0.0018790342260054757,-0.00012096577399452429,0.00012096577399452429,0.0002459326879397331,0.0002459326879397331,0.0,0.0002459326879397331,300.06602583876355,300.1349473293101,-1.6950047426920825e-05
123,126,contact,0.0019970900815937174,-2.9099184062826057e-06,2.9099184062826057e-06,3.814392747399385e-05,3.814392747399385e-05,0.0,3.814392747399385e-05,300.308288799892,300.4090255202129,-3.842494153887166e-06
123,127,contact,0.001862524529690817,-0.00013747547030918306,0.00013747547030918306,0.0002621788228568271,0.0002621788228568271,0.0,0.0002621788228568271,300.308288799892,300.3495086374906,-1.0806968499947778e-05
123,360,contact,0.0019183821983640283,-8.161780163597177e-05,8.161780163597177e-05,0.00020201213037336616,0.00020201213037336616,0.0,0.00020201213037336616,300.308288799892,300.25226354907994,1.1317780271248377e-05
124,218,contact,0.0019477637686588177,-5.2236231341182314e-05,5.2236231341182314e-05,0.00016161100108158218,0.00016161100108158218,0.0,0.00016161100108158218,300.47421013203495,300.4185260272516,8.999163918373983e-06
124,230,contact,0.0018768465540901305,-0.00012315344590986955,0.00012315344590986955,0.0002481465755454521,0.0002481465755454521,0.0,0.0002481465755454521,300.47421013203495,300.409389269372,1.608507509371091e-05
124,340,contact,0.0018721453289474832,-0.00012785467105251688,0.00012785467105251688,0.00025283855624935535,0.00025283855624935535,0.0,0.00025283855624935535,300.47421013203495,300.47159129023237,6.621441804114951e-07
124,486,contact,0.0022239052076471243,-2.6094792352875963e-05,2.6094792352875963e-05,0.00012040393208989841,0.00012040393208989841,0.0,0.00012040393208989841,300.47421013203495,300.50957708149616,-4.258319781153956e-06
125,126,contact,0.0019493010303696045,-5.069896963039557e-05,5.069896963039557e-05,0.00015921521540103442,0.00015921521540103442,0.0,0.00015921521540103442,300.4480473946216,300.4090255202129,6.212876139336125e-06
125,218,contact,0.0019183555993089495,-8.164440069105051e-05,8.164440069105051e-05,0.00020204504533772973,0.00020204504533772973,0.0,0.00020204504533772973,300.4480473946216,300.4185260272516,5.964646008708112e-06
127,218,contact,0.001871455278252729,-0.00012854472174727107,0.00012854472174727107,0.00025351994176718237,0.00025351994176718237,0.0,0.00025351994176718237,300.3495086374906,300.4185260272516,-1.7497284633124675e-05
127,230,contact,0.001931478365708506,-6.85216342914941e-05,6.85216342914941e-05,0.0001850967777832641,0.0001850967777832641,0.0,0.0001850967777832641,300.3495086374906,300.409389269372,-1.1083712012875283e-05
127,330,contact,0.0019246002124856988,-7.539978751430125e-05,7.539978751430125e-05,0.00019416460480002688,0.00019416460480002688,0.0,0.00019416460480002688,300.3495086374906,300.28237067834567,1.3035815304455584e-05
127,360,contact,0.001975407378820885,-2.459262117911502e-05,2.459262117911502e-05,0.00011088873066979129,0.00011088873066979129,0.0,0.00011088873066979129,300.3495086374906,300.25226354907994,1.0783384417729636e-05
127,367,contact,0.0019596701874039927,-4.032981259600738e-05,4.032981259600738e-05,0.00014200319115429658,0.00014200319115429658,0.0,0.00014200319115429658,300.3495086374906,300.278869124729,1.0031036233732136e-05
128,129,contact,0.0019466473747702742,-5.335262522972585e-05,5.335262522972585e-05,0.00016332884807915263,0.00016332884807915263,0.0,0.00016332884807915263,300.19217575990393,300.2562555289181,-1.0466074858258087e-05
128,220,contact,0.0018829915555838273,-0.00011700844441617274,0.00011700844441617274,0.00024187646063246083,0.00024187646063246083,0.0,0.00024187646063246083,300.19217575990393,300.1349473293101,1.3842210239591458e-05
128,360,contact,0.0018958958941091672,-0.00010410410589083282,0.00010410410589083282,0.00022814919010466904,0.00022814919010466904,0.0,0.00022814919010466904,300.19217575990393,300.25226354907994,-1.37089804356866e-05
129,219,contact,0.0018826931251268758,-0.00011730687487312421,0.00011730687487312421,0.00024218471759498392,0.00024218471759498392,0.0,0.00024218471759498392,300.2562555289181,300.22044253701307,8.673359330744914e-06
129,227,contact,0.0018601901839596941,-0.00013980981604030593,0.00013980981604030593,0.0002643953630836838,0.0002643953630836838,0.0,0.0002643953630836838,300.2562555289181,300.2184631793828,9.992121977162171e-06
129,254,contact,0.001787903441464331,-0.00021209655853566905,0.00021209655853566905,0.0003256505477775748,0.0003256505477775748,0.0,0.0003256505477775748,300.2562555289181,300.2949151514098,-1.2589527241298657e-05
129,330,contact,0.001901827965143009,-9.81720348569911e-05,9.81720348569911e-05,0.00022155364458409512,0.00022155364458409512,0.0,0.00022155364458409512,300.2562555289181,300.28237067834567,-5.785906534542229e-06
129,360,contact,0.0017987313085060812,-0.00020126869149391887,0.00020126869149391887,0.0003172291691300777,0.0003172291691300777,0.0,0.0003172291691300777,300.2562555289181,300.25226354907994,1.2663724472350726e-06
130,131,contact,0.0018890115071115896,-0.00011098849288841044,0.00011098849288841044,0.00023557216822919728,0.00023557216822919728,0.0,0.00023557216822919728,300.3210092379745,300.3313636862304,-2.439219826458435e-06
130,203,contact,0.001834663928249939,-0.00016533607175006106,0.00016533607175006106,0.00028752049644335017,0.00028752049644335017,0.0,0.00028752049644335017,300.3210092379745,300.2426768594486,2.2522164361367455e-05
130,241,contact,0.001971282699969125,-2.8717300030874863e-05,2.8717300030874863e-05,0.00011982758453476993,0.00011982758453476993,0.0,0.00011982758453476993,300.3210092379745,300.3166559295682,5.216464310662672e-07
130,471,contact,0.0021921379722957663,-5.7862027704233977e-05,5.7862027704233977e-05,0.00017929185967800282,0.00017929185967800282,0.0,0.00017929185967800282,300.3210092379745,300.4414822381568,-2.15998282436731e-05
131,241,contact,0.0018485553413269066,-0.00015144465867309343,0.00015144465867309343,0.00027517690552905546,0.00027517690552905546,0.0,0.00027517690552905546,300.3313636862304,300.3166559295682,4.047234965587597e-06
131,322,contact,0.001999310963457161,-6.890365428389653e-07,6.890365428389653e-07,1.8561203393624094e-05,1.8561203393624094e-05,0.0,1.8561203393624094e-05,300.3313636862304,300.4095773899934,-1.4517404637131398e-06
131,324,contact,0.0018786294299036204,-0.0001213705700963796,0.0001213705700963796,0.0002463438350115338,0.0002463438350115338,0.0,0.0002463438350115338,300.3313636862304,300.3941268985533,-1.5461330421257385e-05
131,354,contact,0.0018572311412691734,-0.0001427688587308266,0.0001427688587308266,0.00026717864691141264,0.00026717864691141264,0.0,0.00026717864691141264,300.3313636862304,300.30274685498324,7.645806251513061e-06
131,374,contact,0.001961588314555325,-3.841168544467489e-05,3.841168544467489e-05,0.0001385851461100267,0.0001385851461100267,0.0,0.0001385851461100267,300.3313636862304,300.24367456387273,1.2152409834200155e-05
131,471,contact,0.002236962959689096,-1.3037040310904385e-05,1.3037040310904385e-05,8.510464248632185e-05,8.510464248632185e-05,0.0,8.510464248632185e-05,300.3313636862304,300.4414822381568,-9.371599992808162e-06
132,334,contact,0.0019244764550414746,-7.552354495852544e-05,7.552354495852544e-05,0.00019432388550886563,0.00019432388550886563,0.0,0.00019432388550886563,300.3477113872523,300.43728623880656,-1.7406533197909316e-05
132,348,contact,0.0019979015171927264,-2.0984828072736182e-06,2.0984828072736182e-06,3.239199598105694e-05,3.239199598105694e-05,0.0,3.239199598105694e-05,300.3477113872523,300.31088465048833,1.1928915092530473e-06
132,362,contact,0.0019313477783081952,-6.865222169180488e-05,6.865222169180488e-05,0.00018527307102194436,0.00018527307102194436,0.0,0.00018527307102194436,300.3477113872523,300.41967111729065,-1.3332200174119336e-05
132,371,contact,0.0018993278667099583,-0.00010067213329004177,0.00010067213329004177,0.0002243570071226234,0.0002243570071226234,0.0,0.0002243570071226234,300.3477113872523,300.2330416629736,2.5726956146735653e-05
132,378,contact,0.001994851717477709,-5.14828252229111e-06,5.14828252229111e-06,5.073599571453738e-05,5.073599571453738e-05,0.0,5.073599571453738e-05,300.3477113872523,300.30712519785516,2.05918073132157e-06
133,240,contact,0.001969860685037396,-3.013931496260395e-05,3.013931496260395e-05,0.0001227585332321219,0.0001227585332321219,0.0,0.0001227585332321219,300.15872638191314,300.142861884779,1.9475023986529582e-06
133,351,contact,0.001969282800945562,-3.071719905443785e-05,3.071719905443785e-05,0.00012392981694176315,0.00012392981694176315,0.0,0.00012392981694176315,300.15872638191314,300.06488314349065,1.1629975358921899e-05
133,445,contact,0.0021546746036698898,-9.53253963301105e-05,9.53253963301105e-05,0.00023012725504973993,0.00023012725504973993,0.0,0.00023012725504973993,300.15872638191314,300.15048369954667,1.8968658672430622e-06
134,216,contact,0.0019240188862638538,-7.598111373614629e-05,7.598111373614629e-05,0.00019491166426890193,0.00019491166426890193,0.0,0.00019491166426890193,300.3440647827851,300.43625366632267,-1.796868871740051e-05
134,454,contact,0.0021604551025420555,-8.954489745794476e-05,8.954489745794476e-05,0.00022304072555121802,0.00022304072555121802,0.0,0.00022304072555121802,300.3440647827851,300.23880936872445,2.347624392028132e-05
135,136,contact,0.0019069670727361815,-9.303292726381852e-05,9.303292726381852e-05,0.0002156767572825344,0.0002156767572825344,0.0,0.0002156767572825344,300.5516472444516,300.6065619869081,-1.1843833580024197e-05
135,141,contact,0.0019574560266836147,-4.254397331638531e-05,4.254397331638531e-05,0.00014584919148967764,0.00026518034816305026,0.0,0.00026518034816305026,300.5516472444516,300.59342708818025,-1.1079193506160668e-05
135,153,contact,0.0019442206863676769,-5.577931363232318e-05,5.577931363232318e-05,0.0001670019665038756,0.0001670019665038756,0.0,0.0001670019665038756,300.5516472444516,300.57697486446364,-4.22976234887282e-06
135,185,contact,0.0019919812067637583,-8.01879323624171e-06,8.01879323624171e-06,6.331979641566178e-05,6.331979641566178e-05,0.0,6.331979641566178e-05,300.5516472444516,300.66817901141246,-7.378767759919073e-06
135,226,contact,0.001970512367203007,-2.9487632796993107e-05,2.9487632796993107e-05,0.0001214241178617187,0.0001214241178617187,0.0,0.0001214241178617187,300.5516472444516,300.4873975572341,7.801461593277685e-06
135,256,contact,0.0019137059034762891,-8.62940965237109e-05,8.62940965237109e-05,0.00020771867576569865,0.00020771867576569865,0.0,0.00020771867576569865,300.5516472444516,300.42296312154775,2.673009560165786e-05
136,156,contact,0.0019654676321934172,-3.453236780658281e-05,3.453236780658281e-05,0.00013140085198845328,0.00013140085198845328,0.0,0.00013140085198845328,300.6065619869081,300.538487262064,8.9450768433955e-06
136,162,contact,0.0018661246928595105,-0.00013387530714048957,0.00013387530714048957,0.0002587231214450011,0.0002587231214450011,0.0,0.0002587231214450011,300.6065619869081,300.63222924356165,-6.640712760336047e-06
136,167,contact,0.0019284994907440346,-7.150050925596547e-05,7.150050925596547e-05,0.00018907737735642183,0.00018907737735642183,0.0,0.00018907737735642183,300.6065619869081,300.6233900164181,-3.181799685828964e-06
136,171,contact,0.0018716482600371254,-0.00012835173996287468,0.00012835173996287468,0.00025332956791783575,0.00025332956791783575,0.0,0.00025332956791783575,300.6065619869081,300.590676355896,4.024300040400235e-06
136,185,contact,0.001970173810606567,-2.9826189393432952e-05,2.9826189393432952e-05,0.00012211918234543038,0.00012211918234543038,0.0,0.00012211918234543038,300.6065619869081,300.66817901141246,-7.524620651030509e-06
136,195,contact,0.0019080280640755786,-9.197193592442145e-05,9.197193592442145e-05,0.00021444339104344234,0.00021444339104344234,0.0,0.00021444339104344234,300.6065619869081,300.7481536463059,-3.0363395584736216e-05
136,226,contact,0.0019261575737721977,-7.384242622780236e-05,7.384242622780236e-05,0.00019214893471966268,0.00019214893471966268,0.0,0.00019214893471966268,300.6065619869081,300.4873975572341,2.289731821833816e-05
137,152,contact,0.0018763094740473923,-0.00012369052595260772,0.00012369052595260772,0.00024868707842649136,0.00024868707842649136,0.0,0.00024868707842649136,300.75150977399244,300.68390363674933,1.6812772754687843e-05
137,167,contact,0.0018909606508333268,-0.00010903934916667323,0.00010903934916667323,0.0002334944851240316,0.0002334944851240316,0.0,0.0002334944851240316,300.75150977399244,300.6233900164181,2.9915256829032746e-05
137,175,contact,0.0019413377074841978,-5.8662292515802286e-05,5.8662292515802286e-05,0.000171263382711837,0.000171263382711837,0.0,0.000171263382711837,300.75150977399244,300.8519422639239,-1.7200407959832587e-05
137,184,contact,0.0019079000974107632,-9.209990258923686e-05,9.209990258923686e-05,0.00021459252385537205,0.00021459252385537205,0.0,0.00021459252385537205,300.75150977399244,300.7958616360743,-9.517578021827314e-06
137,194,contact,0.0019471841281707286,-5.281587182927143e-05,5.281587182927143e-05,0.00016250518734685276,0.00016250518734685276,0.0,0.00016250518734685276,300.75150977399244,300.7003263881646,8.317565702994894e-06
137,195,contact,0.0018824823669028083,-0.00011751763309719178,0.00011751763309719178,0.00024240217933961712,0.00024240217933961712,0.0,0.00024240217933961712,300.75150977399244,300.7481536463059,8.135326653534378e-07
137,198,contact,0.0018858469477929538,-0.00011415305220704628,0.00011415305220704628,0.0002389069402581749,0.0002389069402581749,0.0,0.0002389069402581749,300.75150977399244,300.8734867326309,-2.914114197031483e-05
138,142,contact,0.0019530952697961255,-4.6904730203874536e-05,4.6904730203874536e-05,0.0001531416504479995,0.0001531416504479995,0.0,0.0001531416504479995,300.7269159209362,300.83868814404934,-1.7116982721785397e-05
138,171,contact,0.0019321412120235932,-6.785878797640685e-05,6.785878797640685e-05,0.00018419933221432543,0.00018419933221432543,0.0,0.00018419933221432543,300.7269159209362,300.590676355896,2.5095236901580102e-05
138,173,contact,0.001935810925142226,-6.418907485777415e-05,6.418907485777415e-05,0.00017914948347368204,0.00017914948347368204,0.0,0.00017914948347368204,300.7269159209362,300.67311328849473,9.638713811417059e-06
138,195,contact,0.0019197554997967849,-8.024450020321515e-05,8.024450020321515e-05,0.00020030539209319248,0.00020030539209319248,0.0,0.00020030539209319248,300.7269159209362,300.7481536463059,-4.254030907345573e-06
139,149,contact,0.0018864193877555437,-0.00011358061224445637,0.00011358061224445637,0.0002383071675846704,0.0002383071675846704,0.0,0.0002383071675846704,300.81874036301207,300.72586323369757,2.2133285620334102e-05
139,193,contact,0.0018523627832072631,-0.00014763721679273692,0.00014763721679273692,0.0002716958012122537,0.0002716958012122537,0.0,0.0002716958012122537,300.81874036301207,300.86016402699204,-1.125463557418503e-05
139,200,contact,0.001860535651848682,-0.00013946434815131806,0.00013946434815131806,0.0002640685026194132,0.0002640685026194132,0.0,0.0002640685026194132,300.81874036301207,300.9342704735971,-3.0507863309647065e-05
139,435,contact,0.002169521075642272,-8.04789243577281e-05,8.04789243577281e-05,0.00021144860730700298,0.00021144860730700298,0.0,0.00021144860730700298,300.81874036301207,300.7897801558537,6.1235954709611605e-06
139,436,contact,0.0021974005176856127,-5.259948231438761e-05,5.259948231438761e-05,0.00017094424418243577,0.00017094424418243577,0.0,0.00017094424418243577,300.81874036301207,300.73973438151586,1.3505617792760985e-05
140,143,contact,0.0019294060682241054,-7.05939317758946e-05,7.05939317758946e-05,0.00018787486763254766,0.00018787486763254766,0.0,0.00018787486763254766,300.63553853523007,300.773458996192,-2.5911788347043766e-05
140,150,contact,0.0019251062756377895,-7.489372436221054e-05,7.489372436221054e-05,0.00019351191741364478,0.00019351191741364478,0.0,0.00019351191741364478,300.63553853523007,300.54993662417723,1.6564989942106112e-05
140,157,contact,0.001907266243501415,-9.273375649858514e-05,9.273375649858514e-05,0.0002153296966265744,0.00039150853932104436,0.0,0.00039150853932104436,300.63553853523007,300.54346179420264,3.6048830385089857e-05
140,186,contact,0.0019759113340790096,-2.408866592099046e-05,2.408866592099046e-05,0.00010974667630728154,0.00010974667630728154,0.0,0.00010974667630728154,300.63553853523007,300.64968619345217,-1.5526584674068909e-06
140,196,contact,0.0019332556863964141,-6.67443136035859e-05,6.67443136035859e-05,0.00018268047734170434,0.0003321463224394624,0.0,0.0003321463224394624,300.63553853523007,300.7112562891649,-2.514937351283292e-05
141,157,contact,0.0018550864216256885,-0.00014491357837431154,0.00014491357837431154,0.00026917798793206656,0.002691779879320666,0.0,0.002691779879320666,300.59342708818025,300.54346179420264,0.00013449557299326445
141,161,contact,0.001960223527866145,-3.977647213385506e-05,3.977647213385506e-05,0.0001410256574773808,0.00025641028632251056,0.0,0.00025641028632251056,300.59342708818025,300.65323904900737,-1.533640200119238e-05
141,176,contact,0.0019205243489734776,-7.947565102652248e-05,7.947565102652248e-05,0.0001993434862574176,0.00036244270228621376,0.0,0.00036244270228621376,300.59342708818025,300.72485824459784,-4.7636263496593715e-05
141,180,contact,0.0018839201403987374,-0.00011607985960126262,0.00011607985960126262,0.00024091477704912852,0.00043802686736205186,0.0,0.00043802686736205186,300.59342708818025,300.64042067270907,-2.058445261727304e-05
141,199,contact,0.0019057823458097209,-9.421765419027916e-05,9.421765419027916e-05,0.00021704567974308907,0.0021704567974308907,0.0,0.0021704567974308907,300.59342708818025,300.4819847602078,0.00024188075826930635
141,415,contact,0.002180184191691152,-6.981580830884822e-05,6.981580830884822e-05,0.00019694303788553264,0.0003580782507009684,0.0,0.0003580782507009684,300.59342708818025,300.5527611473642,1.4561588950517002e-05
141,430,contact,0.002147476778756874,-0.00010252322124312645,0.00010252322124312645,0.00023865738022334497,0.0023865738022334497,0.0,0.0023865738022334497,300.59342708818025,300.726865239268,-0.0003184599956045488
142,188,contact,0.001914080346455969,-8.591965354403102e-05,8.591965354403102e-05,0.00020726752464391403,0.00020726752464391403,0.0,0.00020726752464391403,300.83868814404934,300.9470598572772,-2.2461936742163232e-05
142,192,contact,0.0019694086501140387,-3.05913498859613e-05,3.05913498859613e-05,0.00012367568452602415,0.00012367568452602415,0.0,0.00012367568452602415,300.83868814404934,300.92985674677783,-1.1275339349726814e-05
142,195,contact,0.0019325970083025588,-6.740299169744122e-05,6.740299169744122e-05,0.00018357967166524896,0.00018357967166524896,0.0,0.00018357967166524896,300.83868814404934,300.7481536463059,1.6620293370115212e-05
143,145,contact,0.001973059244447565,-2.694075555243489e-05,2.694075555243489e-05,0.00011606195662755924,0.00011606195662755924,0.0,0.00011606195662755924,300.773458996192,300.7506820204011,2.643540376352566e-06
143,149,contact,0.0018157797678408029,-0.00018422023215919716,0.00018422023215919716,0.0003034964844600322,0.0003034964844600322,0.0,0.0003034964844600322,300.773458996192,300.72586323369757,1.4445146592256747e-05
143,158,contact,0.0018338524337579616,-0.00016614756624203845,0.00016614756624203845,0.0002882252298481506,0.0005240458724511828,0.0,0.0005240458724511828,300.773458996192,300.87569170613796,-5.357462967667496e-05
143,176,contact,0.001905324999416111,-9.467500058388907e-05,9.467500058388907e-05,0.0002175718278912611,0.0002175718278912611,0.0,0.0002175718278912611,300.773458996192,300.72485824459784,1.0574154361231622e-05
144,158,contact,0.001905119340783288,-9.488065921671213e-05,9.488065921671213e-05,0.00021780801089114253,0.0003960145652566228,0.0,0.0003960145652566228,300.9445503828966,300.87569170613796,2.7269038940712406e-05
144,417,contact,0.0021970926445386866,-5.2907355461313636e-05,5.2907355461313636e-05,0.00017144379620238627,0.00031171599309524775,0.0,0.00031171599309524775,300.9445503828966,300.9475572163148,-9.372780650343121e-07
145,149,contact,0.001878447300032662,-0.00012155269996733803,0.00012155269996733803,0.00024652859871355495,0.00024652859871355495,0.0,0.00024652859871355495,300.7506820204011,300.72586323369757,6.118540707789368e-06
145,159,contact,0.0019522383739802116,-4.776162601978842e-05,4.776162601978842e-05,0.00015453418071706404,0.00015453418071706404,0.0,0.00015453418071706404,300.7506820204011,300.7441245338497,1.0133558117838991e-06
145,178,contact,0.0019127898771849079,-8.721012281509219e-05,8.721012281509219e-05,0.00020881824969946016,0.00020881824969946016,0.0,0.00020881824969946016,300.7506820204011,300.79025873383574,-8.264340028281899e-06
145,182,contact,0.0018811792012589411,-0.00011882079874105892,0.00011882079874105892,0.00024374248577244275,0.00024374248577244275,0.0,0.00024374248577244275,300.7506820204011,300.8559899338229,-2.566801258894484e-05
145,186,contact,0.001859336794355915,-0.00014066320564408495,0.00014066320564408495,0.0002652010611254082,0.0002652010611254082,0.0,0.0002652010611254082,300.7506820204011,300.64968619345217,2.678420047609102e-05
145,436,contact,0.0021437501722740455,-0.00010624982772595472,0.00010624982772595472,0.0002429561319867742,0.0002429561319867742,0.0,0.0002429561319867742,300.7506820204011,300.73973438151586,2.659795997942803e-06
146,148,contact,0.0019411146171465507,-5.8885382853449304e-05,5.8885382853449304e-05,0.00017158872756310262,0.00017158872756310262,0.0,0.00017158872756310262,300.73307352382614,300.8133347259605,-1.3771917546918446e-05
146,151,contact,0.0019014553133061003,-9.854468669389977e-05,9.854468669389977e-05,0.0002219737447243477,0.0002219737447243477,0.0,0.0002219737447243477,300.73307352382614,300.60449081127877,2.8541986210954132e-05
146,195,contact,0.001900995182161175,-9.900481783882507e-05,9.900481783882507e-05,0.0002224913681907964,0.0002224913681907964,0.0,0.0002224913681907964,300.73307352382614,300.7481536463059,-3.3551970830126854e-06
146,435,contact,0.002177063174530313,-7.29368254696874e-05,7.29368254696874e-05,0.00020129694134355538,0.00020129694134355538,0.0,0.00020129694134355538,300.73307352382614,300.7897801558537,-1.1414871581041473e-05
147,150,contact,0.00195254731445873,-4.7452685541270146e-05,4.7452685541270146e-05,0.00015403357676375327,0.00015403357676375327,0.0,0.00015403357676375327,300.4817834943543,300.54993662417723,-1.0497870354268396e-05
147,165,contact,0.0019275619990028856,-7.243800099711447e-05,7.243800099711447e-05,0.00019031290155572018,0.00019031290155572018,0.0,0.00019031290155572018,300.4817834943543,300.54597523545243,-1.2216516504295581e-05
147,183,contact,0.001912661620292394,-8.733837970760602e-05,8.733837970760602e-05,0.0002089717441516987,0.0002089717441516987,0.0,0.0002089717441516987,300.4817834943543,300.5315896195155,-1.0408072844370214e-05
147,222,contact,0.0019353522945876759,-6.464770541232418e-05,6.464770541232418e-05,0.00017978835531302378,0.0003268879187509523,0.0,0.0003268879187509523,300.4817834943543,300.4213641780884,1.975034454651333e-05
147,228,contact,0.00193135752987374,-6.864247012626002e-05,6.864247012626002e-05,0.00018525991218590711,0.00018525991218590711,0.0,0.00018525991218590711,300.4817834943543,300.4295147801691,9.683297400026284e-06
147,244,contact,0.0019465613150887382,-5.3438684911261873e-05,5.3438684911261873e-05,0.00016346052262130735,0.00016346052262130735,0.0,0.00016346052262130735,300.4817834943543,300.4359681660143,7.4889975145298385e-06
147,476,contact,0.002226576249761055,-2.3423750238945468e-05,2.3423750238945468e-05,0.00011407538988402331,0.00011407538988402331,0.0,0.00011407538988402331,300.4817834943543,300.4165798355578,7.438132799077834e-06
148,191,contact,0.0019191048884490394,-8.089511155096062e-05,8.089511155096062e-05,0.00020111577704267836,0.00020111577704267836,0.0,0.00020111577704267836,300.8133347259605,300.934411895867,-2.4350529107879694e-05
148,195,contact,0.00194732018551136,-5.267981448864008e-05,5.267981448864008e-05,0.00016229574006830876,0.00016229574006830876,0.0,0.00016229574006830876,300.8133347259605,300.7481536463059,1.0578611560988954e-05
149,162,contact,0.001829149629992035,-0.00017085037000796497,0.00017085037000796497,0.0002922758714023149,0.0002922758714023149,0.0,0.0002922758714023149,300.72586323369757,300.63222924356165,2.7366956059849827e-05
149,435,contact,0.0021550551322961553,-9.494486770384499e-05,9.494486770384499e-05,0.00022966747424125675,0.00022966747424125675,0.0,0.00022966747424125675,300.72586323369757,300.7897801558537,-1.4679638072872172e-05
149,436,contact,0.002111679549700901,-0.00013832045029909916,0.00013832045029909916,0.00027720875637434443,0.00027720875637434443,0.0,0.00027720875637434443,300.72586323369757,300.73973438151586,-3.845203636193616e-06
149,439,contact,0.002109090499812656,-0.00014090950018734406,0.00014090950018734406,0.0002797910928883112,0.0002797910928883112,0.0,0.0002797910928883112,300.72586323369757,300.6048627464409,3.385485856955668e-05
150,386,contact,0.0019223389382988633,-7.766106170113674e-05,7.766106170113674e-05,0.00019705463925157501,0.00019705463925157501,0.0,0.00019705463925157501,300.54993662417723,300.53230530154406,3.4743339210091328e-06
151,163,contact,0.0019094743020004223,-9.052569799957778e-05,9.052569799957778e-05,0.00021275067332393778,0.00021275067332393778,0.0,0.00021275067332393778,300.60449081127877,300.49424948853675,2.3453915641484784e-05
151,404,contact,0.0021604063534790595,-8.959364652094074e-05,8.959364652094074e-05,0.0002231014299980825,0.0002231014299980825,0.0,0.0002231014299980825,300.60449081127877,300.67716225787706,-1.6213103656108293e-05
151,439,contact,0.002142040730845239,-0.00010795926915476133,0.00010795926915476133,0.0002449027802060344,0.0002449027802060344,0.0,0.0002449027802060344,300.60449081127877,300.6048627464409,-9.108795526687779e-08
151,486,contact,0.0021585617616598327,-9.143823834016759e-05,9.143823834016759e-05,0.00022538638224190276,0.00022538638224190276,0.0,0.00022538638224190276,300.60449081127877,300.50957708149616,2.139226218078669e-05
152,153,contact,0.0019211958322877965,-7.880416771220353e-05,7.880416771220353e-05,0.00019849958150107463,0.00019849958150107463,0.0,0.00019849958150107463,300.68390363674933,300.57697486446364,2.1225316549134843e-05
152,382,contact,0.0019375341763437366,-6.246582365626347e-05,6.246582365626347e-05,0.00017672835603867233,0.00017672835603867233,0.0,0.00017672835603867233,300.68390363674933,300.71600402839056,-5.673049442950767e-06
152,400,contact,0.0018706350639822824,-0.00012936493601771763,0.00012936493601771763,0.00025432748181991425,0.00025432748181991425,0.0,0.00025432748181991425,300.68390363674933,300.67894740614673,1.260505648478528e-06
153,164,contact,0.0017823772858741214,-0.00021762271412587865,0.00021762271412587865,0.00032986566517741634,0.00032986566517741634,0.0,0.00032986566517741634,300.57697486446364,300.4662428096188,3.6526702927857145e-05
153,167,contact,0.001909417973886283,-9.058202611371695e-05,9.058202611371695e-05,0.0002128168533196055,0.0002128168533196055,0.0,0.0002128168533196055,300.57697486446364,300.6233900164181,-9.877926585303151e-06
153,180,contact,0.0017927444700514355,-0.00020725552994856457,0.00020725552994856457,0.00032191266668815986,0.00032191266668815986,0.0,0.00032191266668815986,300.57697486446364,300.64042067270907,-2.042400932247298e-05
153,190,contact,0.0019830489632381753,-1.695103676182478e-05,1.695103676182478e-05,9.206257861320413e-05,9.206257861320413e-05,0.0,9.206257861320413e-05,300.57697486446364,300.6021932237283,-2.3216671822997246e-06
153,449,contact,0.002142406752929985,-0.00010759324707001507,0.00010759324707001507,0.00024448727195911115,0.00024448727195911115,0.0,0.00024448727195911115,300.57697486446364,300.52342420615105,1.3092454362459135e-05
155,158,contact,0.0019062212900154893,-9.377870998451073e-05,9.377870998451073e-05,0.00021653949984299715,0.0021653949984299717,0.0,0.0021653949984299717,300.8330439822728,300.87569170613796,-9.23491679520677e-05
155,178,contact,0.0019520364898185278,-4.79635101814722e-05,4.79635101814722e-05,0.00015486043746139972,0.0002815644317479995,0.0,0.0002815644317479995,300.8330439822728,300.79025873383574,1.2046804163372686e-05
155,196,contact,0.0018394999025695656,-0.00016050009743043443,0.00016050009743043443,0.00028328439546720046,0.0028328439546720045,0.0,0.0028328439546720045,300.8330439822728,300.7112562891649,0.0003450055301740967
155,405,contact,0.0021711462229720138,-7.885377702798648e-05,7.885377702798648e-05,0.00020930278045080275,0.0003805505099105504,0.0,0.0003805505099105504,300.8330439822728,300.7340082564092,3.768809597674943e-05
155,417,contact,0.0021250720062197985,-0.00012492799378020173,0.00012492799378020173,0.00026344722619340855,0.0026344722619340856,0.0,0.0026344722619340856,300.8330439822728,300.9475572163148,-0.00030168193870807263
155,423,contact,0.0021306012055676473,-0.00011939879443235296,0.00011939879443235296,0.00025755128338552193,0.000468275060700949,0.0,0.000468275060700949,300.8330439822728,300.83455874082637,-7.093236536262914e-07
156,157,contact,0.0019475463105148498,-5.245368948515023e-05,5.245368948515023e-05,0.00016194704301892985,0.000294449169125327,0.0,0.000294449169125327,300.538487262064,300.54346179420264,-1.4647468550117676e-06
156,162,contact,0.0019022306065511626,-9.776939344883747e-05,9.776939344883747e-05,0.00022109883926519998,0.00022109883926519998,0.0,0.00022109883926519998,300.538487262064,300.63222924356165,-2.0726243299552012e-05
156,163,contact,0.0018912275621934015,-0.00010877243780659852,0.00010877243780659852,0.00023320853094022795,0.00023320853094022795,0.0,0.00023320853094022795,300.538487262064,300.49424948853675,1.0316626176354848e-05
156,165,contact,0.0019740466160909167,-2.5953383909083343e-05,2.5953383909083343e-05,0.00011391528411298315,0.00011391528411298315,0.0,0.00011391528411298315,300.538487262064,300.54597523545243,-8.529946159741299e-07
156,226,contact,0.0019172103493878797,-8.278965061212038e-05,8.278965061212038e-05,0.0002034571829797616,0.0002034571829797616,0.0,0.0002034571829797616,300.538487262064,300.4873975572341,1.0394567423960136e-05
156,232,contact,0.0019115800754349785,-8.84199245650215e-05,8.84199245650215e-05,0.00021026165195420384,0.000382293912644007,0.0,0.000382293912644007,300.538487262064,300.4677376561339,2.704714366903008e-05
156,439,contact,0.002148403069212107,-0.00010159693078789318,0.00010159693078789318,0.00023757680721528212,0.00023757680721528212,0.0,0.00023757680721528212,300.538487262064,300.6048627464409,-1.5769275655636434e-05
157,165,contact,0.0018944948435136997,-0.00010550515648630036,0.00010550515648630036,0.00022967929432830939,0.0004175987169605625,0.0,0.0004175987169605625,300.54346179420264,300.54597523545243,-1.049609841067697e-06
157,232,contact,0.0018990469657172784,-0.00010095303428272161,0.00010095303428272161,0.00022466979579231563,0.0022466979579231564,0.0,0.0022466979579231564,300.54346179420264,300.4677376561339,0.00017012926636448866
158,160,contact,0.0018805529858645293,-0.00011944701413547074,0.00011944701413547074,0.00024438393373488236,0.00044433442497251335,0.0,0.00044433442497251335,300.87569170613796,300.9414726139408,-2.9228721842741358e-05
158,174,contact,0.0019367801087436338,-6.321989125636623e-05,6.321989125636623e-05,0.00017779186041037736,0.0017779186041037734,0.0,0.0017779186041037734,300.87569170613796,300.94176694269464,-0.00011747639234468804
158,178,contact,0.0019347799568670586,-6.52200431329414e-05,6.52200431329414e-05,0.00018058245088178057,0.0003283317288759647,0.0,0.0003283317288759647,300.87569170613796,300.79025873383574,2.8050355498998556e-05
159,178,contact,0.0019054295101475153,-9.457048985248473e-05,9.457048985248473e-05,0.00021745170711273427,0.00021745170711273427,0.0,0.00021745170711273427,300.7441245338497,300.79025873383574,-1.0031960543248267e-05
159,261,contact,0.0019053912491404491,-9.46087508595509e-05,9.46087508595509e-05,0.00021749569060047018,0.00021749569060047018,0.0,0.00021749569060047018,300.7441245338497,300.7225777106857,4.686341184297666e-06
159,307,contact,0.0019335146266837497,-6.648537331625033e-05,6.648537331625033e-05,0.0001823257706911592,0.0001823257706911592,0.0,0.0001823257706911592,300.7441245338497,300.68909560017215,1.0033192743068996e-05
160,168,contact,0.0019011083035545351,-9.889169644546492e-05,9.889169644546492e-05,0.00022236422424196854,0.00022236422424196854,0.0,0.00022236422424196854,300.9414726139408,300.8927051666749,1.0844135579543479e-05
160,174,contact,0.0018301485082170244,-0.0001698514917829756,0.0001698514917829756,0.0002914202221732181,0.0005298549494058511,0.0,0.0005298549494058511,300.9414726139408,300.94176694269464,-1.559515469813752e-07
160,191,contact,0.0019052924701276185,-9.470752987238151e-05,9.470752987238151e-05,0.0002176092023242371,0.0002176092023242371,0.0,0.0002176092023242371,300.9414726139408,300.934411895867,1.5364772278702496e-06
160,200,contact,0.0018543646167903437,-0.00014563538320965636,0.00014563538320965636,0.00026984753399804894,0.00026984753399804894,0.0,0.00026984753399804894,300.9414726139408,300.9342704735971,1.943479811249713e-06
161,386,contact,0.0019485003398767985,-5.149966012320153e-05,5.149966012320153e-05,0.00016046753584946947,0.00016046753584946947,0.0,0.00016046753584946947,300.65323904900737,300.53230530154406,1.9405940456479648e-05
161,405,contact,0.002181356821146598,-6.864317885340232e-05,6.864317885340232e-05,0.00019528210200374556,0.00019528210200374556,0.0,0.00019528210200374556,300.65323904900737,300.7340082564092,-1.5772780598605676e-05
161,430,contact,0.0022138550334879657,-3.6144966512034575e-05,3.6144966512034575e-05,0.00014170581128214297,0.00025764692960389635,0.0,0.00025764692960389635,300.65323904900737,300.726865239268,-1.896956185908988e-05
163,217,contact,0.00199841197787143,-1.5880221285700935e-06,1.5880221285700935e-06,2.8178201934918535e-05,2.8178201934918535e-05,0.0,2.8178201934918535e-05,300.49424948853675,300.394238267491,2.818136382384843e-06
163,226,contact,0.0018819294718453185,-0.00011807052815468152,0.00011807052815468152,0.00024297173514081994,0.00024297173514081994,0.0,0.00024297173514081994,300.49424948853675,300.4873975572341,1.6648256376736564e-06
163,242,contact,0.00195935669077889,-4.064330922111002e-05,4.064330922111002e-05,0.0001425540410179768,0.0001425540410179768,0.0,0.0001425540410179768,300.49424948853675,300.4564091366008,5.394295082008776e-06
163,247,contact,0.0018460571643467596,-0.0001539428356532404,0.0001539428356532404,0.00027743723222851724,0.00027743723222851724,0.0,0.00027743723222851724,300.49424948853675,300.4081280818175,2.3893284715817288e-05
164,169,contact,0.0019156703091607378,-8.432969083926227e-05,8.432969083926227e-05,0.00020534080310457328,0.00020534080310457328,0.0,0.00020534080310457328,300.4662428096188,300.5358373987496,-1.4290608823854486e-05
164,208,contact,0.0018496061689721958,-0.00015039383102780426,0.00015039383102780426,0.00027422055997664024,0.00027422055997664024,0.0,0.00027422055997664024,300.4662428096188,300.3732535182785,2.5499575543168643e-05
164,216,contact,0.001929051983332746,-7.09480166672541e-05,7.09480166672541e-05,0.000188345449463551,0.000188345449463551,0.0,0.000188345449463551,300.4662428096188,300.43625366632267,5.648318673134624e-06
164,255,contact,0.0017896140214303186,-0.00021038597856968145,0.00021038597856968145,0.0003243346871440684,0.0003243346871440684,0.0,0.0003243346871440684,300.4662428096188,300.4235639618196,1.3842230748625779e-05
164,256,contact,0.0019637440215313205,-3.625597846867957e-05,3.625597846867957e-05,0.00013464022145829896,0.00013464022145829896,0.0,0.00013464022145829896,300.4662428096188,300.42296312154775,5.8271867865307144e-06
165,439,contact,0.0021465235725004273,-0.00010347642749957298,0.00010347642749957298,0.0002397642679100233,0.0002397642679100233,0.0,0.0002397642679100233,300.54597523545243,300.6048627464409,-1.4119120961197291e-05
166,175,contact,0.0019412074828054828,-5.879251719451725e-05,5.879251719451725e-05,0.000171453371495747,0.000171453371495747,0.0,0.000171453371495747,300.94490114175426,300.8519422639239,1.593811301447812e-05
166,192,contact,0.0019758908201477137,-2.41091798522863e-05,2.41091798522863e-05,0.0001097933965507177,0.0001097933965507177,0.0,0.0001097933965507177,300.94490114175426,300.92985674677783,1.651775223512592e-06
166,198,contact,0.0019398075787304266,-6.0192421269573406e-05,6.0192421269573406e-05,0.00017348259461625164,0.00017348259461625164,0.0,0.00017348259461625164,300.94490114175426,300.8734867326309,1.2389156987705146e-05
167,169,contact,0.0019290624522290613,-7.093754777093872e-05,7.093754777093872e-05,0.00018833155307985266,0.00018833155307985266,0.0,0.00018833155307985266,300.6233900164181,300.5358373987496,1.648892046171649e-05
167,171,contact,0.0019449949671143112,-5.500503288568886e-05,5.500503288568886e-05,0.00016583882670485954,0.00016583882670485954,0.0,0.00016583882670485954,300.6233900164181,300.590676355896,5.425195078209444e-06
167,185,contact,0.001974487943898366,-2.551205610163386e-05,2.551205610163386e-05,0.00011294258740978503,0.00011294258740978503,0.0,0.00011294258740978503,300.6233900164181,300.66817901141246,-5.058584982145657e-06
168,175,contact,0.0019483069303885352,-5.169306961146482e-05,5.169306961146482e-05,0.00016076857530541351,0.00016076857530541351,0.0,0.00016076857530541351,300.8927051666749,300.8519422639239,6.553393800591128e-06
168,191,contact,0.001996213373897941,-3.7866261020590673e-06,3.7866261020590673e-06,4.351221726170173e-05,4.351221726170173e-05,0.0,4.351221726170173e-05,300.8927051666749,300.934411895867,-1.8147522618828522e-06
168,197,contact,0.001958725961945672,-4.1274038054327916e-05,4.1274038054327916e-05,0.0001436559049505587,0.0002611925544555613,0.0,0.0002611925544555613,300.8927051666749,300.83501144466805,1.5069170627013392e-05
168,419,contact,0.002144921884661537,-0.00010507811533846338,0.00010507811533846338,0.0002416127702411252,0.0002416127702411252,0.0,0.0002416127702411252,300.8927051666749,300.92980451608975,-8.963676586267613e-06
169,171,contact,0.0019180417969637679,-8.195820303623217e-05,8.195820303623217e-05,0.0002024329556127561,0.0002024329556127561,0.0,0.0002024329556127561,300.5358373987496,300.590676355896,-1.1101212177864435e-05
169,177,contact,0.0019133492070973351,-8.665079290266493e-05,8.665079290266493e-05,0.00020814753529968224,0.00020814753529968224,0.0,0.00020814753529968224,300.5358373987496,300.59675465407616,-1.2679776553444488e-05
169,189,contact,0.001927584129785261,-7.241587021473896e-05,7.241587021473896e-05,0.00019028382776097784,0.00019028382776097784,0.0,0.00019028382776097784,300.5358373987496,300.5698331207008,-6.468836100374968e-06
169,255,contact,0.0019350396041683479,-6.496039583165215e-05,6.496039583165215e-05,0.00018022263430497867,0.00018022263430497867,0.0,0.00018022263430497867,300.5358373987496,300.4235639618196,2.0234214566002925e-05
170,193,contact,0.0018962813376301685,-0.00010371866236983155,0.00010371866236983155,0.0002277264393629246,0.00041404807156895387,0.0,0.00041404807156895387,300.9430178640514,300.86016402699204,3.4305471456516565e-05
170,411,contact,0.0022144574389958366,-3.554256100416365e-05,3.554256100416365e-05,0.00014051998870102204,0.0002554908885473128,0.0,0.0002554908885473128,300.9430178640514,300.9239077384245,4.882462976673456e-06
170,438,contact,0.0020720008227614194,-0.00017799917723858088,0.00017799917723858088,0.00031446531096324695,0.0031446531096324696,0.0,0.0031446531096324696,300.9430178640514,300.80682580453714,0.00042827678345876125
171,486,contact,0.002143352864275969,-0.00010664713572403105,0.00010664713572403105,0.00024340996022261048,0.00024340996022261048,0.0,0.00024340996022261048,300.590676355896,300.50957708149616,1.974037115574584e-05
173,177,contact,0.0018888747988418917,-0.0001111252011581083,0.0001111252011581083,0.00023571720467342673,0.00023571720467342673,0.0,0.00023571720467342673,300.67311328849473,300.59675465407616,1.7999043857825024e-05
173,189,contact,0.001966749753781604,-3.3250246218396225e-05,3.3250246218396225e-05,0.0001289384469783862,0.0001289384469783862,0.0,0.0001289384469783862,300.67311328849473,300.5698331207008,1.3316784439014141e-05
173,194,contact,0.0019721230973243024,-2.7876902675697673e-05,2.7876902675697673e-05,0.00011806121860225244,0.00011806121860225244,0.0,0.00011806121860225244,300.67311328849473,300.7003263881646,-3.212811708972166e-06
174,197,contact,0.001730641906497413,-0.0002693580935025871,0.0002693580935025871,0.00036698643946513,0.0036698643946513005,0.0,0.0036698643946513005,300.94176694269464,300.83501144466805,0.00039177820114103803
174,417,contact,0.0021574500213429114,-9.254997865708889e-05,9.254997865708889e-05,0.00022675240860792157,0.0022675240860792157,0.0,0.0022675240860792157,300.94176694269464,300.9475572163148,-1.3129584898711064e-05
175,191,contact,0.001930178899353373,-6.982110064662696e-05,6.982110064662696e-05,0.00018684365208193046,0.00018684365208193046,0.0,0.00018684365208193046,300.8519422639239,300.934411895867,-1.540892721810645e-05
175,195,contact,0.0019204441123865078,-7.955588761349229e-05,7.955588761349229e-05,0.00019944408691847986,0.00019944408691847986,0.0,0.00019944408691847986,300.8519422639239,300.7481536463059,2.0700026073346368e-05
176,185,contact,0.0019470525737380585,-5.294742626194156e-05,5.294742626194156e-05,0.00016270744645212394,0.00016270744645212394,0.0,0.00016270744645212394,300.72485824459784,300.66817901141246,9.222133298457271e-06
176,197,contact,0.0018959132037094943,-0.00010408679629050573,0.00010408679629050573,0.000228130221902432,0.00041478222164078546,0.0,0.00041478222164078546,300.72485824459784,300.83501144466805,-4.568958904596571e-05
176,430,contact,0.002202199411792674,-4.780058820732635e-05,4.780058820732635e-05,0.0001629597568033394,0.00029629046691516256,0.0,0.00029629046691516256,300.72485824459784,300.726865239268,-5.946533879245841e-07
177,189,contact,0.0019439103834539286,-5.608961654607141e-05,5.608961654607141e-05,0.00016746584210828103,0.00016746584210828103,0.0,0.00016746584210828103,300.59675465407616,300.5698331207008,4.5084372575481166e-06
177,194,contact,0.001998015208175353,-1.9847918246470968e-06,1.9847918246470968e-06,3.1502315983488396e-05,3.1502315983488396e-05,0.0,3.1502315983488396e-05,300.59675465407616,300.7003263881646,-3.2627494942125556e-06
177,282,contact,0.0018899264721676343,-0.00011007352783236573,0.00011007352783236573,0.000234599155830073,0.000234599155830073,0.0,0.000234599155830073,300.59675465407616,300.6440295810877,-1.1090657968832945e-05
178,182,contact,0.001935993125256647,-6.400687474335297e-05,6.400687474335297e-05,0.00017889504568790183,0.00017889504568790183,0.0,0.00017889504568790183,300.79025873383574,300.8559899338229,-1.1758986024825296e-05
178,196,contact,0.0018870300823240738,-0.00011296991767592622,0.00011296991767592622,0.00023766564505195764,0.000432119354639923,0.0,0.000432119354639923,300.79025873383574,300.7112562891649,3.4138485406137185e-05
179,188,contact,0.0019900502701361597,-9.949729863840354e-06,9.949729863840354e-06,7.053272241959881e-05,7.053272241959881e-05,0.0,7.053272241959881e-05,300.8902159618266,300.9470598572772,-4.0093546990687225e-06
179,294,contact,0.0019711887162398955,-2.8811283760104504e-05,2.8811283760104504e-05,0.00012002350553142602,0.00012002350553142602,0.0,0.00012002350553142602,300.8902159618266,300.89164249318196,-1.7121729402294567e-07
179,424,contact,0.002149586638764174,-0.00010041336123582613,0.00010041336123582613,0.0002361889088983013,0.0002361889088983013,0.0,0.0002361889088983013,300.8902159618266,300.920932935996,-7.255008613733188e-06
180,382,contact,0.0018937506760922892,-0.00010624932390771087,0.00010624932390771087,0.00023048787810610658,0.00023048787810610658,0.0,0.00023048787810610658,300.64042067270907,300.71600402839056,-1.742104727116525e-05
180,415,contact,0.00215761989805897,-9.238010194103025e-05,9.238010194103025e-05,0.00022654420949591255,0.00022654420949591255,0.0,0.00022654420949591255,300.64042067270907,300.5527611473642,1.985875787403852e-05
180,425,contact,0.002151825741968899,-9.817425803110118e-05,9.817425803110118e-05,0.00023354069123328994,0.00023354069123328994,0.0,0.00023354069123328994,300.64042067270907,300.5897202576452,1.1840609979834721e-05
180,430,contact,0.0020272769758718215,-0.0002227230241281788,0.0002227230241281788,0.00035175988032256294,0.0006395634187682963,0.0,0.0006395634187682963,300.64042067270907,300.726865239268,-5.528678252238741e-05
181,188,contact,0.001959158648380471,-4.084135161952886e-05,4.084135161952886e-05,0.00014290093005213237,0.00014290093005213237,0.0,0.00014290093005213237,300.9468099063208,300.9470598572772,-3.571822413723576e-08
181,191,contact,0.0019293696120608926,-7.06303879391074e-05,7.06303879391074e-05,0.00018792337260051955,0.00018792337260051955,0.0,0.00018792337260051955,300.9468099063208,300.934411895867,2.3298759380160463e-06
181,411,contact,0.0021902586384922305,-5.9741361507769774e-05,5.9741361507769774e-05,0.00018218025491829328,0.00018218025491829328,0.0,0.00018218025491829328,300.9468099063208,300.9239077384245,4.172322785538175e-06
182,187,contact,0.0018676824203876315,-0.00013231757961236859,0.00013231757961236859,0.00025721351015486004,0.00025721351015486004,0.0,0.00025721351015486004,300.8559899338229,300.9477885506501,-2.3611844461482777e-05
182,200,contact,0.001925533394479127,-7.446660552087305e-05,7.446660552087305e-05,0.00019295932929101026,0.00019295932929101026,0.0,0.00019295932929101026,300.8559899338229,300.9342704735971,-1.5104960451367524e-05
183,186,contact,0.0018935248352857695,-0.00010647516471423051,0.00010647516471423051,0.00023073270760149125,0.00023073270760149125,0.0,0.00023073270760149125,300.5315896195155,300.64968619345217,-2.72487422628672e-05
183,476,contact,0.002079590059741196,-0.00017040994025880425,0.00017040994025880425,0.00030768846100019583,0.00030768846100019583,0.0,0.00030768846100019583,300.5315896195155,300.4165798355578,3.5387183425910615e-05
184,192,contact,0.0019897400963955064,-1.0259903604493623e-05,1.0259903604493623e-05,7.162368185346807e-05,7.162368185346807e-05,0.0,7.162368185346807e-05,300.7958616360743,300.92985674677783,-9.597223178951424e-06
184,194,contact,0.0019822230583110465,-1.777694168895354e-05,1.777694168895354e-05,9.427868711684933e-05,9.427868711684933e-05,0.0,9.427868711684933e-05,300.7958616360743,300.7003263881646,9.0069377463047e-06
185,195,contact,0.001963932080317443,-3.6067919682556977e-05,3.6067919682556977e-05,0.00013429057986798064,0.00013429057986798064,0.0,0.00013429057986798064,300.66817901141246,300.7481536463059,-1.0739840094572842e-05
186,196,contact,0.0018917802446891127,-0.0001082197553108873,0.0001082197553108873,0.0002326152997019836,0.0004229369085490611,0.0,0.0004229369085490611,300.64968619345217,300.7112562891649,-2.6040265939815526e-05
188,424,contact,0.0021497309729295692,-0.00010026902707043102,0.00010026902707043102,0.0002360190988863578,0.0002360190988863578,0.0,0.0002360190988863578,300.9470598572772,300.920932935996,6.166452417467895e-06
190,194,contact,0.0019629660188092914,-3.703398119070866e-05,3.703398119070866e-05,0.0001360771494239732,0.0001360771494239732,0.0,0.0001360771494239732,300.6021932237283,300.7003263881646,-1.3353681280448379e-05
190,449,contact,0.0022146921507514325,-3.530784924856778e-05,3.530784924856778e-05,0.00014005524554532,0.00014005524554532,0.0,0.00014005524554532,300.6021932237283,300.52342420615105,1.1032014098146523e-05
193,302,contact,0.0018384377779393066,-0.00016156222206069348,0.00016156222206069348,0.0002842201805473122,0.0002842201805473122,0.0,0.0002842201805473122,300.86016402699204,300.8429900727074,4.881184387496801e-06
193,438,contact,0.0021868149982103486,-6.318500178965165e-05,6.318500178965165e-05,0.00018735735579909505,0.00034064973781653643,0.0,0.00034064973781653643,300.86016402699204,300.80682580453714,1.8169651494860855e-05
194,282,contact,0.001964023631858843,-3.5976368141156945e-05,3.5976368141156945e-05,0.00013412003605195786,0.00013412003605195786,0.0,0.00013412003605195786,300.7003263881646,300.6440295810877,7.550529794768365e-06
196,405,contact,0.002173873887084759,-7.61261129152411e-05,7.61261129152411e-05,0.0002056508812354368,0.00037391069315533963,0.0,0.00037391069315533963,300.7112562891649,300.7340082564092,-8.507203842959876e-06
197,423,contact,0.0020812932822646597,-0.00016870671773534058,0.00016870671773534058,0.0003061469488618357,0.0005566308161124285,0.0,0.0005566308161124285,300.83501144466805,300.83455874082637,2.5198890885611344e-07
197,430,contact,0.0020495354229922453,-0.00020046457700775497,0.00020046457700775497,0.00033372025627575075,0.0033372025627575073,0.0,0.0033372025627575073,300.83501144466805,300.726865239268,0.0003609057938134886
198,437,contact,0.0021478428822425547,-0.00010215711775744558,0.00010215711775744558,0.00023823088445810712,0.00023823088445810712,0.0,0.00023823088445810712,300.8734867326309,300.9165157154386,-1.025083263161057e-05
198,440,contact,0.0022158135894970953,-3.418641050290496e-05,3.418641050290496e-05,0.00013781309908492606,0.00013781309908492606,0.0,0.00013781309908492606,300.8734867326309,300.9206604221724,-6.501152350979663e-06
199,204,contact,0.00184680342551664,-0.00015319657448335995,0.00015319657448335995,0.0002767639558209847,0.002767639558209847,0.0,0.002767639558209847,300.4819847602078,300.39691564996184,0.00023544063469845494
199,232,contact,0.001880442462959183,-0.00011955753704081694,0.00011955753704081694,0.0002444969703706131,0.002444969703706131,0.0,0.002444969703706131,300.4819847602078,300.4677376561339,3.483373782620508e-05
199,244,contact,0.001913236402747972,-8.676359725202812e-05,8.676359725202812e-05,0.00020828297728334416,0.0003786963223333531,0.0,0.0003786963223333531,300.4819847602078,300.4359681660143,1.7426314987396726e-05
199,386,contact,0.0019919172955973853,-8.082704402614764e-06,8.082704402614764e-06,6.357163047545172e-05,0.00011558478268263948,0.0,0.00011558478268263948,300.4819847602078,300.53230530154406,-5.816288834822999e-06
199,415,contact,0.0020760517220194696,-0.00017394827798053068,0.00017394827798053068,0.00031086642181394556,0.0005652116760253556,0.0,0.0005652116760253556,300.4819847602078,300.5527611473642,-4.000364040768817e-05
201,207,contact,0.0019712876293428105,-2.8712370657189585e-05,2.8712370657189585e-05,0.00011981729978844789,0.00011981729978844789,0.0,0.00011981729978844789,300.12866961966506,300.2445523206912,-1.3884752329142106e-05
201,210,contact,0.0019512570214095342,-4.874297859046588e-05,4.874297859046588e-05,0.00015611370630163433,0.00028384310236660785,0.0,0.00028384310236660785,300.12866961966506,300.0228313995896,3.004144873517293e-05
201,221,contact,0.0018723864400545104,-0.00012761355994548966,0.00012761355994548966,0.0002526000395343295,0.0002526000395343295,0.0,0.0002526000395343295,300.12866961966506,300.0597435187491,1.741073581632212e-05
201,233,contact,0.0018914482625755312,-0.00010855173742446884,0.00010855173742446884,0.00023297181956673306,0.00023297181956673306,0.0,0.00023297181956673306,300.12866961966506,300.2343974861371,-2.463161343089577e-05
201,235,contact,0.001974077562432641,-2.592243756735892e-05,2.592243756735892e-05,0.00011384734860188646,0.00011384734860188646,0.0,0.00011384734860188646,300.12866961966506,300.0728707752159,6.352550495585621e-06
201,249,contact,0.0018852578609039137,-0.00011474213909608635,0.00011474213909608635,0.00023952258671791933,0.00023952258671791933,0.0,0.00023952258671791933,300.12866961966506,300.15045639729664,-5.218425334563106e-06
201,260,contact,0.0019785344095314583,-2.146559046854171e-05,2.146559046854171e-05,0.00010359920479555262,0.00010359920479555262,0.0,0.00010359920479555262,300.12866961966506,300.2258705969555,-1.0069943952637355e-05
202,233,contact,0.001874902252492113,-0.00012509774750788698,0.00012509774750788698,0.00025009772840620424,0.00025009772840620424,0.0,0.00025009772840620424,300.22510223027797,300.2343974861371,-2.3247223753191365e-06
202,243,contact,0.001867698834501966,-0.00013230116549803415,0.00013230116549803415,0.00025719755587683385,0.00046763191977606156,0.0,0.00046763191977606156,300.22510223027797,300.2201530109155,2.3144129518594334e-06
202,249,contact,0.0019344013184703942,-6.55986815296058e-05,6.55986815296058e-05,0.00018110588274488187,0.00018110588274488187,0.0,0.00018110588274488187,300.22510223027797,300.15045639729664,1.3518799475311185e-05
202,260,contact,0.001998786272641475,-1.2137273585248812e-06,1.2137273585248812e-06,2.4634603290137242e-05,2.4634603290137242e-05,0.0,2.4634603290137242e-05,300.22510223027797,300.2258705969555,-1.8928408281699643e-08
202,495,contact,0.002187062252817693,-6.293774718230723e-05,6.293774718230723e-05,0.00018699041446363447,0.00018699041446363447,0.0,0.00018699041446363447,300.22510223027797,300.29724262144254,-1.3489561643431025e-05
203,225,contact,0.001843040924667708,-0.00015695907533229197,0.00015695907533229197,0.00028014199554180733,0.00028014199554180733,0.0,0.00028014199554180733,300.2426768594486,300.2466490227939,-1.1127697661810732e-06
203,237,contact,0.0018258764276094912,-0.0001741235723905089,0.0001741235723905089,0.0002950623428959623,0.0002950623428959623,0.0,0.0002950623428959623,300.2426768594486,300.1498251342579,2.7397047576686865e-05
203,241,contact,0.0018804176378932427,-0.00011958236210675736,0.00011958236210675736,0.00024452235287060914,0.00024452235287060914,0.0,0.00024452235287060914,300.2426768594486,300.3166559295682,-1.8089536288825762e-05
203,259,contact,0.0018540083360835016,-0.00014599166391649843,0.00014599166391649843,0.0002701774083047086,0.0004912316514631065,0.0,0.0004912316514631065,300.2426768594486,300.21351053273287,1.4327422839670997e-05
204,214,contact,0.0018960661044647147,-0.00010393389553528531,0.00010393389553528531,0.0002279626016864228,0.00041447745761167784,0.0,0.00041447745761167784,300.39691564996184,300.38753671853186,3.887355654211691e-06
204,223,contact,0.0017961038685443556,-0.0002038961314556444,0.0002038961314556444,0.0003192930718443828,0.0005805328578988778,0.0,0.0005805328578988778,300.39691564996184,300.3155541224427,4.7233040093718296e-05
204,232,contact,0.0018142750031348606,-0.00018572499686513944,0.00018572499686513944,0.00030473348754701986,0.0030473348754701986,0.0,0.0030473348754701986,300.39691564996184,300.4677376561339,-0.0002158183693589434
204,234,contact,0.0018126052555644877,-0.00018739474443551238,0.00018739474443551238,0.00030610026497498527,0.0030610026497498526,0.0,0.0030610026497498526,300.39691564996184,300.2720470095239,0.00038222323925127813
204,256,contact,0.0019960193015349315,-3.980698465068551e-06,3.980698465068551e-06,4.46133302112079e-05,8.111514583855981e-05,0.0,8.111514583855981e-05,300.39691564996184,300.42296312154775,-2.1128444564169793e-06
204,462,contact,0.0020841024463543055,-0.00016589755364569475,0.00016589755364569475,0.00030358739694022463,0.000551977085345863,0.0,0.000551977085345863,300.39691564996184,300.3606311482183,2.002821351561692e-05
205,238,contact,0.00192623209387575,-7.376790612425004e-05,7.376790612425004e-05,0.0001920519540700511,0.0001920519540700511,0.0,0.0001920519540700511,300.11691485324434,300.1533525553607,-6.997931893269202e-06
205,240,contact,0.001992597121974234,-7.402878025765912e-06,7.402878025765912e-06,6.083945276613651e-05,6.083945276613651e-05,0.0,6.083945276613651e-05,300.11691485324434,300.142861884779,-1.578603199474168e-06
205,245,contact,0.0019177950318223205,-8.220496817767952e-05,8.220496817767952e-05,0.0002027374757878764,0.0002027374757878764,0.0,0.0002027374757878764,300.11691485324434,300.0474056857337,1.4092113165227797e-05
205,248,contact,0.0018865309034455451,-0.00011346909655445491,0.00011346909655445491,0.00023819015151182774,0.00023819015151182774,0.0,0.00023819015151182774,300.11691485324434,300.0597180266289,1.3623720797527054e-05
205,259,contact,0.001967934504429708,-3.2065495570292226e-05,3.2065495570292226e-05,0.00012662048722519636,0.00023021906768217523,0.0,0.00023021906768217523,300.11691485324434,300.21351053273287,-2.2238167273975615e-05
206,221,contact,0.0018094620103776696,-0.00019053798962233044,0.00019053798962233044,0.0003086567588943505,0.0003086567588943505,0.0,0.0003086567588943505,300.04471543641813,300.0597435187491,-4.638519184670707e-06
206,492,contact,0.002076936504262542,-0.00017306349573745824,0.00017306349573745824,0.0003100748079428739,0.0003100748079428739,0.0,0.0003100748079428739,300.04471543641813,300.1265958279206,-2.5389046669414458e-05
207,231,contact,0.0019888966260969915,-1.1103373903008536e-05,1.1103373903008536e-05,7.450964334570572e-05,7.450964334570572e-05,0.0,7.450964334570572e-05,300.2445523206912,300.3210467774702,-5.699574692528033e-06
207,233,contact,0.00186744833599219,-0.00013255166400780996,0.00013255166400780996,0.00025744092915444696,0.00025744092915444696,0.0,0.00025744092915444696,300.2445523206912,300.2343974861371,2.614270043017314e-06
207,251,contact,0.001995671010612721,-4.328989387279193e-06,4.328989387279193e-06,4.652413022980222e-05,4.652413022980222e-05,0.0,4.652413022980222e-05,300.2445523206912,300.3412263727174,-4.497676186311027e-06
207,252,contact,0.0019238409334518794,-7.615906654812065e-05,7.615906654812065e-05,0.0001951397788101143,0.0001951397788101143,0.0,0.0001951397788101143,300.2445523206912,300.22909206473696,3.0169109272550368e-06
207,260,contact,0.0018841036161793224,-0.0001158963838206776,0.0001158963838206776,0.0002407243068540001,0.0002407243068540001,0.0,0.0002407243068540001,300.2445523206912,300.2258705969555,4.497144997116813e-06
207,500,contact,0.002097616460380457,-0.00015238353961954335,0.00015238353961954335,0.0002909596570159812,0.0002909596570159812,0.0,0.0002909596570159812,300.2445523206912,300.2920359737837,-1.3815827417663454e-05
208,213,contact,0.0019966779902127435,-3.322009787256556e-06,3.322009787256556e-06,4.075542778119594e-05,7.410077778399262e-05,0.0,7.410077778399262e-05,300.3732535182785,300.25583214347773,8.701015201201729e-06
208,216,contact,0.0018942801886468643,-0.00010571981135313571,0.00010571981135313571,0.00022991282190553848,0.00022991282190553848,0.0,0.00022991282190553848,300.3732535182785,300.43625366632267,-1.4484541817304568e-05
208,256,contact,0.001962019040835231,-3.7980959164768836e-05,3.7980959164768836e-05,0.00013780594900941113,0.00013780594900941113,0.0,0.00013780594900941113,300.3732535182785,300.42296312154775,-6.850279053402235e-06
208,462,contact,0.002152832707155853,-9.716729284414737e-05,9.716729284414737e-05,0.00023233990048603285,0.00023233990048603285,0.0,0.00023233990048603285,300.3732535182785,300.3606311482183,2.932680203678082e-06
208,495,contact,0.0021550991723120307,-9.490082768796957e-05,9.490082768796957e-05,0.0002296142026288269,0.0002296142026288269,0.0,0.0002296142026288269,300.3732535182785,300.29724262144254,1.7453181468089413e-05
208,496,contact,0.0020914179482112135,-0.0001585820517887868,0.0001585820517887868,0.0002968183617680337,0.0002968183617680337,0.0,0.0002968183617680337,300.3732535182785,300.31346099252244,1.7747519540884277e-05
209,215,contact,0.0018762838220535837,-0.00012371617794641634,0.00012371617794641634,0.00024871286451088166,0.00024871286451088166,0.0,0.00024871286451088166,300.21308636413386,300.32677201509546,-2.8275083904443692e-05
209,238,contact,0.001884689431588815,-0.00011531056841118507,0.00011531056841118507,0.00024011514780536555,0.00024011514780536555,0.0,0.00024011514780536555,300.21308636413386,300.1533525553607,1.4342992322544764e-05
209,259,contact,0.0019026941499400267,-9.730585005997337e-05,9.730585005997337e-05,0.00022057408059422278,0.00040104378289858685,0.0,0.00040104378289858685,300.21308636413386,300.21351053273287,-1.7011017953414696e-07
209,470,contact,0.002216063398558216,-3.393660144178443e-05,3.393660144178443e-05,0.0001373086576573306,0.0001373086576573306,0.0,0.0001373086576573306,300.21308636413386,300.25352853776394,-5.55306057389143e-06
210,221,contact,0.0018976795772996042,-0.00010232042270039588,0.00010232042270039588,0.00022618623156637528,0.00041124769375704595,0.0,0.00041124769375704595,300.0228313995896,300.0597435187491,-1.5180023876016172e-05
210,245,contact,0.0018778114592258718,-0.00012218854077412824,0.00012218854077412824,0.000247172551848024,0.00044940463972368004,0.0,0.00044940463972368004,300.0228313995896,300.0474056857337,-1.1043798211037451e-05
210,452,contact,0.0022319000451289394,-1.8099954871060846e-05,1.8099954871060846e-05,0.00010027726803180616,0.00018232230551237482,0.0,0.00018232230551237482,300.0228313995896,300.05787849643065,-6.389867497571395e-06
210,468,contact,0.002223888272922226,-2.6111727077774392e-05,2.6111727077774392e-05,0.00012044299499434576,0.0002189872636260832,0.0,0.0002189872636260832,300.0228313995896,300.11358530946467,-1.9873950386904846e-05
211,235,contact,0.0018910051190041766,-0.00010899488099582345,0.00010899488099582345,0.00023344686868302973,0.00023344686868302973,0.0,0.00023344686868302973,300.0535254517494,300.0728707752159,-4.516105186913768e-06
211,249,contact,0.0018505751464071916,-0.0001494248535928084,0.0001494248535928084,0.00027333574006412737,0.00027333574006412737,0.0,0.00027333574006412737,300.0535254517494,300.15045639729664,-2.6494691736267327e-05
211,258,contact,0.0018822510316373845,-0.00011774896836261556,0.00011774896836261556,0.00024264064824614152,0.00024264064824614152,0.0,0.00024264064824614152,300.0535254517494,300.0717501634407,-4.422055858873405e-06
211,448,contact,0.002233402866143947,-1.6597133856053117e-05,1.6597133856053117e-05,9.602411113897129e-05,9.602411113897129e-05,0.0,9.602411113897129e-05,300.0535254517494,300.0879747420202,-3.3079624776219615e-06
212,226,contact,0.0019889130686131067,-1.1086931386893387e-05,1.1086931386893387e-05,7.44544538187387e-05,7.44544538187387e-05,0.0,7.44544538187387e-05,300.3556935113406,300.4873975572341,-9.805952802719674e-06
212,251,contact,0.0019663555510130923,-3.364444898690776e-05,3.364444898690776e-05,0.00012970051847796863,0.00012970051847796863,0.0,0.00012970051847796863,300.3556935113406,300.3412263727174,1.8763953803165927e-06
212,495,contact,0.0022168725393445603,-3.312746065543999e-05,3.312746065543999e-05,0.0001356618767693333,0.0001356618767693333,0.0,0.0001356618767693333,300.3556935113406,300.29724262144254,7.929557422405807e-06
213,234,contact,0.0018286362351216821,-0.00017136376487831791,0.00017136376487831791,0.000292714677526015,0.00292714677526015,0.0,0.00292714677526015,300.25583214347773,300.2720470095239,-4.746329285823751e-05
213,243,contact,0.0018292858441479275,-0.00017071415585207255,0.00017071415585207255,0.000292159336537507,0.00292159336537507,0.0,0.00292159336537507,300.25583214347773,300.2201530109155,0.00010423991697612703
213,447,contact,0.0021930526956277156,-5.6947304372284655e-05,5.6947304372284655e-05,0.00017786902855172938,0.00032339823373041704,0.0,0.00032339823373041704,300.25583214347773,300.18880258740484,2.16772400417085e-05
213,454,contact,0.0021512625112942393,-9.873748870576097e-05,9.873748870576097e-05,0.00023420965051015603,0.0004258357282002837,0.0,0.0004258357282002837,300.25583214347773,300.23880936872445,7.24890568305507e-06
213,462,contact,0.0021993095031395656,-5.0690496860434676e-05,5.0690496860434676e-05,0.00016781354875183924,0.0003051155431851623,0.0,0.0003051155431851623,300.25583214347773,300.3606311482183,-3.197580525668789e-05
213,463,contact,0.002240996224985665,-9.00377501433531e-06,9.00377501433531e-06,7.072550622078489e-05,0.00012859182949233618,0.0,0.00012859182949233618,300.25583214347773,300.27438188743054,-2.3853455115054033e-06
213,495,contact,0.0022335029175042506,-1.649708249574968e-05,1.649708249574968e-05,9.573424586307685e-05,0.00017406226520559428,0.0,0.00017406226520559428,300.25583214347773,300.29724262144254,-7.208001597799922e-06
213,496,contact,0.002044162693207173,-0.0002058373067928272,0.0002058373067928272,0.00033816277046615944,0.0006148414008475627,0.0,0.0006148414008475627,300.25583214347773,300.31346099252244,-3.54326022758786e-05
214,241,contact,0.0018770546513088005,-0.00012294534869119957,0.00012294534869119957,0.00024793683539482345,0.00024793683539482345,0.0,0.00024793683539482345,300.38753671853186,300.3166559295682,1.7573958505942486e-05
214,244,contact,0.0019461098640621499,-5.3890135937850183e-05,5.3890135937850183e-05,0.00016414952929851823,0.00016414952929851823,0.0,0.00016414952929851823,300.38753671853186,300.4359681660143,-7.949999307484257e-06
214,471,contact,0.0022296449854387395,-2.035501456126073e-05,2.035501456126073e-05,0.00010634068564252644,0.00010634068564252644,0.0,0.00010634068564252644,300.38753671853186,300.4414822381568,-5.736603544260668e-06
215,246,contact,0.0018398120946273165,-0.0001601879053726835,0.0001601879053726835,0.00028300875019395027,0.00028300875019395027,0.0,0.00028300875019395027,300.32677201509546,300.3368832308265,-2.861562526988165e-06
215,470,contact,0.0022449857289661345,-5.0142710338657234e-06,5.0142710338657234e-06,5.277978902880725e-05,5.277978902880725e-05,0.0,5.277978902880725e-05,300.32677201509546,300.25352853776394,3.865775281293654e-06
215,476,contact,0.002067046098620515,-0.0001829539013794854,0.0001829539013794854,0.00031881194507410844,0.00031881194507410844,0.0,0.00031881194507410844,300.32677201509546,300.4165798355578,-2.8631805924465016e-05
216,346,contact,0.0019630705376526844,-3.6929462347315596e-05,3.6929462347315596e-05,0.00013588499245191794,0.00013588499245191794,0.0,0.00013588499245191794,300.43625366632267,300.3397662133373,1.3111196820618152e-05
216,449,contact,0.002150118063967651,-9.98819360323493e-05,9.98819360323493e-05,0.0002355630795825532,0.0002355630795825532,0.0,0.0002355630795825532,300.43625366632267,300.52342420615105,-2.0534160810846322e-05
217,247,contact,0.00192074882084462,-7.925117915538e-05,7.925117915538e-05,0.00019906177327073623,0.00019906177327073623,0.0,0.00019906177327073623,300.394238267491,300.4081280818175,-2.7649310702322995e-06
217,251,contact,0.0019798570236256962,-2.0142976374303793e-05,2.0142976374303793e-05,0.0001003568043888998,0.0001003568043888998,0.0,0.0001003568043888998,300.394238267491,300.3412263727174,5.320104354078114e-06
217,394,contact,0.0018913844243873814,-0.00010861557561261861,0.00010861557561261861,0.00023304031369338077,0.00023304031369338077,0.0,0.00023304031369338077,300.394238267491,300.5454119013175,-3.5229551049093086e-05
217,460,contact,0.0021342189223832017,-0.00011578107761679854,0.00011578107761679854,0.0002536194410888515,0.0002536194410888515,0.0,0.0002536194410888515,300.394238267491,300.3502674001868,1.1151866789885924e-05
217,500,contact,0.002147902415212349,-0.00010209758478765124,0.00010209758478765124,0.00023816145875767562,0.00023816145875767562,0.0,0.00023816145875767562,300.394238267491,300.2920359737837,2.4340647357712765e-05
218,230,contact,0.0018962563340698428,-0.00010374366593015726,0.00010374366593015726,0.0002277538868275987,0.0002277538868275987,0.0,0.0002277538868275987,300.4185260272516,300.409389269372,2.080932120072435e-06
218,242,contact,0.0018576312308152007,-0.00014236876918479933,0.00014236876918479933,0.00026680401907092717,0.00026680401907092717,0.0,0.00026680401907092717,300.4185260272516,300.4564091366008,-1.0107365829283906e-05
218,255,contact,0.0018603009673974801,-0.00013969903260251993,0.00013969903260251993,0.00026429059064079444,0.00026429059064079444,0.0,0.00026429059064079444,300.4185260272516,300.4235639618196,-1.3314787025886408e-06
219,220,contact,0.0019101945821564889,-8.980541784351119e-05,8.980541784351119e-05,0.0002119025930038507,0.0002119025930038507,0.0,0.0002119025930038507,300.22044253701307,300.1349473293101,1.8116656201666515e-05
219,236,contact,0.0019147213426762657,-8.527865732373434e-05,8.527865732373434e-05,0.0002064929264208999,0.0002064929264208999,0.0,0.0002064929264208999,300.22044253701307,300.18487889070946,7.343641399431252e-06
219,254,contact,0.0019312565811408903,-6.874341885910974e-05,6.874341885910974e-05,0.00018539608795644762,0.00018539608795644762,0.0,0.00018539608795644762,300.22044253701307,300.2949151514098,-1.380693136903931e-05
219,454,contact,0.0021576007537540388,-9.239924624596151e-05,9.239924624596151e-05,0.00022656768211969184,0.00022656768211969184,0.0,0.00022656768211969184,300.22044253701307,300.23880936872445,-4.1613304887288345e-06
220,239,contact,0.00197641367190677,-2.358632809323002e-05,2.358632809323002e-05,0.00010859633532774027,0.00010859633532774027,0.0,0.00010859633532774027,300.1349473293101,300.14985238917063,-1.6186348786966208e-06
220,253,contact,0.0018913325017299305,-0.00010866749827006953,0.00010866749827006953,0.00023309600840648207,0.00023309600840648207,0.0,0.00023309600840648207,300.1349473293101,300.0767184667836,1.3572915428978111e-05
221,235,contact,0.0019142299251657306,-8.577007483426941e-05,8.577007483426941e-05,0.0002070870286066578,0.0002070870286066578,0.0,0.0002070870286066578,300.0597435187491,300.0728707752159,-2.718484535470575e-06
221,452,contact,0.0022000513840950537,-4.994861590494658e-05,4.994861590494658e-05,0.00016658100449422095,0.00016658100449422095,0.0,0.00016658100449422095,300.0597435187491,300.05787849643065,3.106772912100224e-07
223,224,contact,0.0018894796829021484,-0.00011052031709785168,0.00011052031709785168,0.00023507479352096822,0.00023507479352096822,0.0,0.00023507479352096822,300.3155541224427,300.22330949003026,2.1684387917766456e-05
223,225,contact,0.0019479713071808829,-5.202869281911715e-05,5.202869281911715e-05,0.00016128963515848926,0.00016128963515848926,0.0,0.00016128963515848926,300.3155541224427,300.2466490227939,1.1113678382907759e-05
223,233,contact,0.00187689452684481,-0.00012310547315519003,0.00012310547315519003,0.00024809823977125475,0.00024809823977125475,0.0,0.00024809823977125475,300.3155541224427,300.2343974861371,2.013481861317356e-05
223,246,contact,0.0018571728870786363,-0.00014282711292136377,0.00014282711292136377,0.00026723315000329187,0.00026723315000329187,0.0,0.00026723315000329187,300.3155541224427,300.3368832308265,-5.699844820174785e-06
224,237,contact,0.0018335985290133707,-0.0001664014709866293,0.0001664014709866293,0.00028844537696644517,0.00028844537696644517,0.0,0.00028844537696644517,300.22330949003026,300.1498251342579,2.1196222701887996e-05
224,238,contact,0.0018706609928311436,-0.00012933900716885645,0.00012933900716885645,0.0002543019928833202,0.0002543019928833202,0.0,0.0002543019928833202,300.22330949003026,300.1533525553607,1.7790187902477988e-05
224,246,contact,0.0018602891656406542,-0.00013971083435934586,0.00013971083435934586,0.0002643017540230729,0.0002643017540230729,0.0,0.0002643017540230729,300.22330949003026,300.3368832308265,-3.001773890341207e-05
224,249,contact,0.0018733816762475292,-0.0001266183237524708,0.0001266183237524708,0.00025161311944379094,0.00025161311944379094,0.0,0.00025161311944379094,300.22330949003026,300.15045639729664,1.8330793923834842e-05
224,250,contact,0.0018507606838540742,-0.00014923931614592586,0.00014923931614592586,0.0002731659899639099,0.0002731659899639099,0.0,0.0002731659899639099,300.22330949003026,300.251885574344,-7.806014360851344e-06
224,259,contact,0.0019697548817621167,-3.0245118237883385e-05,3.0245118237883385e-05,0.00012297381476941217,0.00022358875412620394,0.0,0.00022358875412620394,300.22330949003026,300.21351053273287,2.1909366538596516e-06
225,234,contact,0.0019034069483166232,-9.659305168337683e-05,9.659305168337683e-05,0.00021976470563238404,0.0003995721920588801,0.0,0.0003995721920588801,300.2466490227939,300.2720470095239,-1.0148329231570986e-05
225,241,contact,0.0019488714536623514,-5.1128546337648626e-05,5.1128546337648626e-05,0.00015988831467253733,0.00015988831467253733,0.0,0.00015988831467253733,300.2466490227939,300.3166559295682,-1.1193286339575061e-05
225,484,contact,0.0021484912000983383,-0.00010150879990166199,0.00010150879990166199,0.0002374737411234041,0.00043177043840618933,0.0,0.00043177043840618933,300.2466490227939,300.17405830930386,3.134252418782046e-05
226,232,contact,0.001831386263189717,-0.0001686137368102831,0.0001686137368102831,0.0002903564506001917,0.0005279208192730758,0.0,0.0005279208192730758,300.4873975572341,300.4677376561339,1.0378871095629107e-05
226,242,contact,0.0018433544177124499,-0.00015664558228755017,0.00015664558228755017,0.0002798620930811729,0.0002798620930811729,0.0,0.0002798620930811729,300.4873975572341,300.4564091366008,8.672484259705072e-06
226,256,contact,0.0019069154570929459,-9.308454290705417e-05,9.308454290705417e-05,0.00021573657884913048,0.00021573657884913048,0.0,0.00021573657884913048,300.4873975572341,300.42296312154775,1.3900864715044693e-05
227,231,contact,0.001997408727952294,-2.5912720477061155e-06,2.5912720477061155e-06,3.5994944420752446e-05,3.5994944420752446e-05,0.0,3.5994944420752446e-05,300.2184631793828,300.3210467774702,-3.692490911636487e-06
227,239,contact,0.0019504038161621809,-4.959618383781916e-05,4.959618383781916e-05,0.0001574740992001846,0.0001574740992001846,0.0,0.0001574740992001846,300.2184631793828,300.14985238917063,1.080442238407529e-05
227,330,contact,0.0019160606751614112,-8.393932483858886e-05,8.393932483858886e-05,0.00020486498583041082,0.00020486498583041082,0.0,0.00020486498583041082,300.2184631793828,300.28237067834567,-1.3092408869483824e-05
227,474,contact,0.0020759845691179887,-0.00017401543088201151,0.00017401543088201151,0.0003109264211656759,0.0003109264211656759,0.0,0.0003109264211656759,300.2184631793828,300.16709218519577,1.5972599374298724e-05
228,232,contact,0.001812262024791118,-0.00018773797520888207,0.00018773797520888207,0.000306380462178059,0.0005570553857782891,0.0,0.0005570553857782891,300.4295147801691,300.4677376561339,-2.129225891614641e-05
228,244,contact,0.001971367978841088,-2.8632021158912085e-05,2.8632021158912085e-05,0.00011964953229936189,0.00011964953229936189,0.0,0.00011964953229936189,300.4295147801691,300.4359681660143,-7.721445981244195e-07
228,246,contact,0.0019732372333807206,-2.6762766619279395e-05,2.6762766619279395e-05,0.00011567792922437581,0.00011567792922437581,0.0,0.00011567792922437581,300.4295147801691,300.3368832308265,1.071542580879414e-05
228,257,contact,0.0018150420132052036,-0.0001849579867947964,0.0001849579867947964,0.0003041035899120532,0.0003041035899120532,0.0,0.0003041035899120532,300.4295147801691,300.360353231923,2.1032275105510453e-05
229,236,contact,0.00198963071196642,-1.036928803358015e-05,1.036928803358015e-05,7.20044721999271e-05,7.20044721999271e-05,0.0,7.20044721999271e-05,300.1389252963194,300.18487889070946,-3.3088643097434813e-06
229,253,contact,0.0019264091567732962,-7.359084322670385e-05,7.359084322670385e-05,0.00019182132731620832,0.00019182132731620832,0.0,0.00019182132731620832,300.1389252963194,300.0767184667836,1.1932596609700454e-05
229,454,contact,0.0021875036005684647,-6.249639943153558e-05,6.249639943153558e-05,0.0001863336306371146,0.0001863336306371146,0.0,0.0001863336306371146,300.1389252963194,300.23880936872445,-1.8611761854047488e-05
229,467,contact,0.002198087337891741,-5.191266210825916e-05,5.191266210825916e-05,0.0001698245207204241,0.0001698245207204241,0.0,0.0001698245207204241,300.1389252963194,300.0771603594787,1.0489200796306883e-05
230,247,contact,0.0018542116500701855,-0.0001457883499298145,0.0001457883499298145,0.0002699892126824834,0.0002699892126824834,0.0,0.0002699892126824834,300.409389269372,300.4081280818175,3.4050703488952685e-07
230,330,contact,0.001936176334402423,-6.382366559757702e-05,6.382366559757702e-05,0.00017863883340077125,0.00017863883340077125,0.0,0.00017863883340077125,300.409389269372,300.28237067834567,2.2690452921155436e-05
230,479,contact,0.002178847592060246,-7.115240793975413e-05,7.115240793975413e-05,0.00019881930369580723,0.00019881930369580723,0.0,0.00019881930369580723,300.409389269372,300.43238469555706,-4.571934622299579e-06
230,486,contact,0.002226789866826234,-2.3210133173766356e-05,2.3210133173766356e-05,0.00011355403308500406,0.00011355403308500406,0.0,0.00011355403308500406,300.409389269372,300.50957708149616,-1.1376730132659618e-05
231,247,contact,0.001951530076825874,-4.8469923174126106e-05,4.8469923174126106e-05,0.00015567582210177357,0.00015567582210177357,0.0,0.00015567582210177357,300.3210467774702,300.4081280818175,-1.3556453643959672e-05
231,254,contact,0.001949207509630517,-5.079249036948311e-05,5.079249036948311e-05,0.0001593619941665564,0.0001593619941665564,0.0,0.0001593619941665564,300.3210467774702,300.2949151514098,4.164388039803121e-06
232,244,contact,0.0019832991741288056,-1.6700825871194484e-05,1.6700825871194484e-05,9.138059386761087e-05,0.00016614653430474703,0.0,0.00016614653430474703,300.4677376561339,300.4359681660143,5.2783906800076294e-06
233,250,contact,0.0018842445692903037,-0.00011575543070969636,0.00011575543070969636,0.00024057787794152683,0.00024057787794152683,0.0,0.00024057787794152683,300.2343974861371,300.251885574344,-4.207247150071033e-06
234,243,contact,0.001974746486412876,-2.525351358712404e-05,2.525351358712404e-05,0.00011236884262802576,0.0011236884262802577,0.0,0.0011236884262802577,300.2720470095239,300.2201530109155,5.831268562962214e-05
234,462,contact,0.0022185530999730427,-3.1446900026957554e-05,3.1446900026957554e-05,0.00013217601906161504,0.00024032003465748188,0.0,0.00024032003465748188,300.2720470095239,300.3606311482183,-2.128854328115184e-05
234,484,contact,0.002081708712956739,-0.00016829128704326122,0.00016829128704326122,0.0003057697818105616,0.003057697818105616,0.0,0.003057697818105616,300.2720470095239,300.17405830930386,0.00029961983486174326
234,495,contact,0.002125820558772541,-0.00012417944122745939,0.00012417944122745939,0.000262656769301116,0.00047755776236566537,0.0,0.00047755776236566537,300.2720470095239,300.29724262144254,-1.2032360049309722e-05
235,253,contact,0.0018948993765369186,-0.00010510062346308141,0.00010510062346308141,0.0002292385476562367,0.0002292385476562367,0.0,0.0002292385476562367,300.0728707752159,300.0767184667836,-8.820392268020631e-07
236,239,contact,0.0019507621226843629,-4.9237877315637174e-05,4.9237877315637174e-05,0.0001569042340340712,0.0001569042340340712,0.0,0.0001569042340340712,300.18487889070946,300.14985238917063,5.495806394842261e-06
236,243,contact,0.0018834883519151372,-0.00011651164808486282,0.00011651164808486282,0.00024136243295598303,0.00043884078719269646,0.0,0.00043884078719269646,300.18487889070946,300.2201530109155,-1.5479722678754647e-05
236,253,contact,0.0019124552762613824,-8.75447237386176e-05,8.75447237386176e-05,0.00020921845489657167,0.00020921845489657167,0.0,0.00020921845489657167,300.18487889070946,300.0767184667836,2.262915677473098e-05
236,260,contact,0.0019117548076309377,-8.824519236906234e-05,8.824519236906234e-05,0.00021005379354948857,0.00021005379354948857,0.0,0.00021005379354948857,300.18487889070946,300.2258705969555,-8.610463401042369e-06
237,240,contact,0.0019708125566356366,-2.9187443364363415e-05,2.9187443364363415e-05,0.0001208044770783836,0.0001208044770783836,0.0,0.0001208044770783836,300.1498251342579,300.142861884779,8.41191712068333e-07
237,248,contact,0.0018230650104974313,-0.00017693498950256876,0.00017693498950256876,0.0002974348579963088,0.0002974348579963088,0.0,0.0002974348579963088,300.1498251342579,300.0597180266289,2.6800994762096756e-05
237,249,contact,0.0019065188743099292,-9.348112569007084e-05,9.348112569007084e-05,0.00021619565870996442,0.00021619565870996442,0.0,0.00021619565870996442,300.1498251342579,300.15045639729664,-1.3647632847378037e-07
237,258,contact,0.001882795717782469,-0.00011720428221753112,0.00011720428221753112,0.00024207879111720127,0.00024207879111720127,0.0,0.00024207879111720127,300.1498251342579,300.0717501634407,1.890029455194498e-05
237,489,contact,0.002181705641373281,-6.829435862671946e-05,6.829435862671946e-05,0.00019478529294630404,0.00019478529294630404,0.0,0.00019478529294630404,300.1498251342579,300.13859602374447,2.1872655808896657e-06
238,245,contact,0.0018612055477297503,-0.0001387944522702497,0.0001387944522702497,0.00026343353267024465,0.00026343353267024465,0.0,0.00026343353267024465,300.1533525553607,300.0474056857337,2.7909958141199383e-05
238,250,contact,0.001918463226752079,-8.15367732479211e-05,8.15367732479211e-05,0.0002019118288361545,0.0002019118288361545,0.0,0.0002019118288361545,300.1533525553607,300.251885574344,-1.9894982063663487e-05
238,468,contact,0.0021453693560599305,-0.00010463064394006976,0.00010463064394006976,0.00024109777170737388,0.00024109777170737388,0.0,0.00024109777170737388,300.1533525553607,300.11358530946467,9.587794372472063e-06
239,253,contact,0.001965427301428369,-3.457269857163117e-05,3.457269857163117e-05,0.00013147756191006732,0.00013147756191006732,0.0,0.00013147756191006732,300.14985238917063,300.0767184667836,9.615469808370442e-06
240,248,contact,0.0019921329534372473,-7.867046562752729e-06,7.867046562752729e-06,6.271780673282799e-05,6.271780673282799e-05,0.0,6.271780673282799e-05,300.142861884779,300.0597180266289,5.214600426479307e-06
240,259,contact,0.001990561390895794,-9.438609104205943e-06,9.438609104205943e-06,6.869719464507245e-05,0.0001249039902637681,0.0,0.0001249039902637681,300.142861884779,300.21351053273287,-8.82429803617905e-06
241,464,contact,0.0021096485490242215,-0.0001403514509757788,0.0001403514509757788,0.000279236509647068,0.000279236509647068,0.0,0.000279236509647068,300.3166559295682,300.2308383693204,2.3963395990019845e-05
241,471,contact,0.002138242832316688,-0.0001117571676833122,0.0001117571676833122,0.0002491732637736599,0.0002491732637736599,0.0,0.0002491732637736599,300.3166559295682,300.4414822381568,-3.1103378715848934e-05
242,247,contact,0.0019481174468229578,-5.188255317704221e-05,5.188255317704221e-05,0.00016106295846196638,0.00016106295846196638,0.0,0.00016106295846196638,300.4564091366008,300.4081280818175,7.776289521067564e-06
242,255,contact,0.0019040982379068569,-9.590176209314316e-05,9.590176209314316e-05,0.00021897689614790776,0.00021897689614790776,0.0,0.00021897689614790776,300.4564091366008,300.4235639618196,7.192334427032284e-06
242,486,contact,0.002172823495638797,-7.717650436120339e-05,7.717650436120339e-05,0.0002070648105213054,0.0002070648105213054,0.0,0.0002070648105213054,300.4564091366008,300.50957708149616,-1.1009210435559851e-05
243,448,contact,0.002102166852107606,-0.00014783314789239407,0.00014783314789239407,0.0002865824952904235,0.0005210590823462245,0.0,0.0005210590823462245,300.2201530109155,300.0879747420202,6.887268749669865e-05
243,454,contact,0.0022036424652152617,-4.635753478473854e-05,4.635753478473854e-05,0.00016048110789598072,0.00029178383253814676,0.0,0.00029178383253814676,300.2201530109155,300.23880936872445,-5.443623582694405e-06
243,484,contact,0.002187404169329482,-6.25958306705184e-05,6.25958306705184e-05,0.0001864817993360782,0.001864817993360782,0.0,0.001864817993360782,300.2201530109155,300.17405830930386,8.595822896400235e-05
244,246,contact,0.0019249149697584044,-7.50850302415956e-05,7.50850302415956e-05,0.00019375890978429302,0.00019375890978429302,0.0,0.00019375890978429302,300.4359681660143,300.3368832308265,1.9198589018027984e-05
245,248,contact,0.001956018465378076,-4.3981534621924216e-05,4.3981534621924216e-05,0.00014829284308746026,0.00014829284308746026,0.0,0.00014829284308746026,300.0474056857337,300.0597180266289,-1.825832036414334e-06
247,486,contact,0.0021775920939000495,-7.240790609995074e-05,7.240790609995074e-05,0.00020056573610657588,0.00020056573610657588,0.0,0.00020056573610657588,300.4081280818175,300.50957708149616,-2.0347193297827526e-05
247,500,contact,0.0020765646535806782,-0.00017343534641932204,0.00017343534641932204,0.00031040774834555383,0.00031040774834555383,0.0,0.00031040774834555383,300.4081280818175,300.2920359737837,3.603588985545974e-05
248,258,contact,0.001887546302584389,-0.00011245369741561114,0.00011245369741561114,0.0002371220122801879,0.0002371220122801879,0.0,0.0002371220122801879,300.0597180266289,300.0717501634407,-2.8530844928438395e-06
250,252,contact,0.001977249425496187,-2.2750574503813212e-05,2.2750574503813212e-05,0.00010665499168771524,0.00010665499168771524,0.0,0.00010665499168771524,300.251885574344,300.22909206473696,2.4310415776713075e-06
250,257,contact,0.001803827544306829,-0.00019617245569317101,0.00019617245569317101,0.0003131872089447229,0.0003131872089447229,0.0,0.0003131872089447229,300.251885574344,300.360353231923,-3.3970682937942893e-05
250,470,contact,0.0021593990823192,-9.060091768080042e-05,9.060091768080042e-05,0.00022435205182034826,0.00022435205182034826,0.0,0.00022435205182034826,300.251885574344,300.25352853776394,-3.686022143324469e-07
251,257,contact,0.001972406543312002,-2.7593456687997984e-05,2.7593456687997984e-05,0.00011745947532659506,0.00011745947532659506,0.0,0.00011745947532659506,300.3412263727174,300.360353231923,-2.2466308469336544e-06
251,500,contact,0.0022318061663995463,-1.819383360045397e-05,1.819383360045397e-05,0.00010053698490399212,0.00010053698490399212,0.0,0.00010053698490399212,300.3412263727174,300.2920359737837,4.945454395020503e-06
252,460,contact,0.0021674940011143563,-8.250599888564398e-05,8.250599888564398e-05,0.0002140949930464979,0.0002140949930464979,0.0,0.0002140949930464979,300.22909206473696,300.3502674001868,-2.59430326005393e-05
252,468,contact,0.002200324986895346,-4.967501310465441e-05,4.967501310465441e-05,0.00016612413883173566,0.00016612413883173566,0.0,0.00016612413883173566,300.22909206473696,300.11358530946467,1.9188460248857648e-05
252,490,contact,0.0021767132774367886,-7.328672256321162e-05,7.328672256321162e-05,0.00020177920078256553,0.00020177920078256553,0.0,0.00020177920078256553,300.22909206473696,300.16861742310283,1.2202524856546807e-05
254,255,contact,0.0018455257507008676,-0.00015447424929913248,0.00015447424929913248,0.0002779156790279495,0.0002779156790279495,0.0,0.0002779156790279495,300.2949151514098,300.4235639618196,-3.575352150117745e-05
254,260,contact,0.0019153782862400845,-8.462171375991554e-05,8.462171375991554e-05,0.00020569603029703263,0.00020569603029703263,0.0,0.00020569603029703263,300.2949151514098,300.2258705969555,1.4202190764878483e-05
254,495,contact,0.0020960191763435758,-0.0001539808236564245,0.0001539808236564245,0.00029248060111971007,0.00029248060111971007,0.0,0.00029248060111971007,300.2949151514098,300.29724262144254,-6.807398342678122e-07
256,462,contact,0.002135514243127402,-0.00011448575687259812,0.00011448575687259812,0.00025219674514663054,0.00025219674514663054,0.0,0.00025219674514663054,300.42296312154775,300.3606311482183,1.571992079225014e-05
256,495,contact,0.0021960016196943028,-5.3998380305697504e-05,5.3998380305697504e-05,0.00017320248315146048,0.00017320248315146048,0.0,0.00017320248315146048,300.42296312154775,300.29724262144254,2.1775102801267045e-05
257,460,contact,0.002040401135531051,-0.0002095988644689492,0.0002095988644689492,0.00034123864610249036,0.00034123864610249036,0.0,0.00034123864610249036,300.360353231923,300.3502674001868,3.4416755664802483e-06
257,476,contact,0.0020524571533895642,-0.00019754284661043604,0.00019754284661043604,0.00033127937740627124,0.00033127937740627124,0.0,0.00033127937740627124,300.360353231923,300.4165798355578,-1.8626714245805008e-05
258,443,contact,0.002054818836394099,-0.0001951811636059014,0.0001951811636059014,0.00032929315173725723,0.0005987148213404677,0.0,0.0005987148213404677,300.0717501634407,300.05233331624424,1.1625154200219574e-05
261,302,contact,0.0018546453078033555,-0.0001453546921966445,0.0001453546921966445,0.00026958736264580776,0.00026958736264580776,0.0,0.00026958736264580776,300.7225777106857,300.8429900727074,-3.246165110737745e-05
261,305,contact,0.0019023335780427146,-9.766642195728546e-05,9.766642195728546e-05,0.00022098237707709347,0.00022098237707709347,0.0,0.00022098237707709347,300.7225777106857,300.66390745011637,1.296509364434279e-05
261,307,contact,0.001957105687279305,-4.289431272069518e-05,4.289431272069518e-05,0.0001464484768112922,0.0001464484768112922,0.0,0.0001464484768112922,300.7225777106857,300.68909560017215,4.903404085136179e-06
261,436,contact,0.002185398930280899,-6.460106971910122e-05,6.460106971910122e-05,0.00018944519834843652,0.00018944519834843652,0.0,0.00018944519834843652,300.7225777106857,300.73973438151586,-3.2502489084187136e-06
262,273,contact,0.0018962776057054505,-0.00010372239429454959,0.00010372239429454959,0.00022773053626440787,0.00022773053626440787,0.0,0.00022773053626440787,300.5375443341286,300.5269872423717,2.4041721671867967e-06
262,283,contact,0.0019256182840064646,-7.43817159935354e-05,7.43817159935354e-05,0.00019284931422426085,0.00019284931422426085,0.0,0.00019284931422426085,300.5375443341286,300.52927040711086,1.5956211513127195e-06
262,297,contact,0.001929859974687283,-7.014002531271699e-05,7.014002531271699e-05,0.00018726989255178872,0.00018726989255178872,0.0,0.00018726989255178872,300.5375443341286,300.55504734602164,-3.2777871565424346e-06
262,319,contact,0.0018567562457684095,-0.00014324375423159052,0.00014324375423159052,0.00026762263939322334,0.00026762263939322334,0.0,0.00026762263939322334,300.5375443341286,300.5331999715253,1.1626497863815785e-06
262,368,contact,0.001943173905573045,-5.6826094426955026e-05,5.6826094426955026e-05,0.0001685617015026768,0.0001685617015026768,0.0,0.0001685617015026768,300.5375443341286,300.4481358166912,1.5070851828078426e-05
262,406,contact,0.00214179284955385,-0.00010820715044615025,0.00010820715044615025,0.00024518377511816437,0.00024518377511816437,0.0,0.00024518377511816437,300.5375443341286,300.6066986155172,-1.6955507776438727e-05
263,272,contact,0.001949527787055112,-5.047221294488804e-05,5.047221294488804e-05,0.00015885876265552372,0.00015885876265552372,0.0,0.00015885876265552372,300.68148640315576,300.6640995256746,2.7620578430999616e-06
263,276,contact,0.0019716284511540195,-2.8371548845980508e-05,2.8371548845980508e-05,0.00011910404872627233,0.00011910404872627233,0.0,0.00011910404872627233,300.68148640315576,300.80831141997226,-1.5105372982622345e-05
263,406,contact,0.0022009685465721675,-4.903145342783277e-05,4.903145342783277e-05,0.00016504452838187633,0.00016504452838187633,0.0,0.00016504452838187633,300.68148640315576,300.6066986155172,1.2343315139531719e-05
264,279,contact,0.0019211447942863974,-7.885520571360269e-05,7.885520571360269e-05,0.0001985638508309137,0.0001985638508309137,0.0,0.0001985638508309137,300.87836985886315,300.93470739684125,-1.11865984872634e-05
264,395,contact,0.0019525399979879105,-4.7460002012089534e-05,4.7460002012089534e-05,0.00015404545110468134,0.00015404545110468134,0.0,0.00015404545110468134,300.87836985886315,300.93606753971494,-8.888065274507677e-06
264,422,contact,0.0021914285890062895,-5.8571410993710736e-05,5.8571410993710736e-05,0.0001803875626928967,0.0001803875626928967,0.0,0.0001803875626928967,300.87836985886315,300.76708356250174,2.0074663761754742e-05
265,285,contact,0.001900234795860764,-9.976520413923604e-05,9.976520413923604e-05,0.0002233441337255537,0.0002233441337255537,0.0,0.0002233441337255537,300.73146970397164,300.63013905224943,2.2631606628742262e-05
265,287,contact,0.0018244457904799478,-0.0001755542095200522,0.0001755542095200522,0.00029627201143548156,0.00029627201143548156,0.0,0.00029627201143548156,300.73146970397164,300.60618266289976,3.7119043665167336e-05
265,298,contact,0.0019194578614285848,-8.054213857141526e-05,8.054213857141526e-05,0.0002006765289855982,0.0002006765289855982,0.0,0.0002006765289855982,300.73146970397164,300.7702277507444,-7.777830296623836e-06
265,308,contact,0.0019178428369916042,-8.215716300839586e-05,8.215716300839586e-05,0.00020267851761890783,0.00020267851761890783,0.0,0.00020267851761890783,300.73146970397164,300.7639339587745,-6.579807039043422e-06
265,309,contact,0.0019958189295875505,-4.181070412449545e-06,4.181070412449545e-06,4.572237096022878e-05,4.572237096022878e-05,0.0,4.572237096022878e-05,300.73146970397164,300.8785228750886,-6.723619640687901e-06
265,313,contact,0.0018444512720589832,-0.00015554872794101685,0.00015554872794101685,0.00027888055502402534,0.00027888055502402534,0.0,0.00027888055502402534,300.73146970397164,300.87012904260547,-3.866939331746653e-05
266,284,contact,0.001919642405501608,-8.0357594498392e-05,8.0357594498392e-05,0.00020044649472913216,0.00020044649472913216,0.0,0.00020044649472913216,300.5515548108311,300.513860698357,7.5556527173532e-06
266,305,contact,0.001930082092684143,-6.991790731585706e-05,6.991790731585706e-05,0.00018697313619322036,0.00018697313619322036,0.0,0.00018697313619322036,300.5515548108311,300.66390745011637,-2.1006925326756463e-05
266,485,contact,0.0021681313494574072,-8.186865054259302e-05,8.186865054259302e-05,0.0002132664615798131,0.0002132664615798131,0.0,0.0002132664615798131,300.5515548108311,300.45080685209325,2.1486160671405387e-05
267,268,contact,0.0018829847664014702,-0.00011701523359852989,0.00011701523359852989,0.00024188347773104502,0.00024188347773104502,0.0,0.00024188347773104502,300.5667300815643,300.6441026110059,-1.8715136502186256e-05
267,273,contact,0.0019258499041721817,-7.415009582781838e-05,7.415009582781838e-05,0.00019254881955989547,0.00019254881955989547,0.0,0.00019254881955989547,300.5667300815643,300.5269872423717,7.652436772488112e-06
267,293,contact,0.0019162067686447613,-8.379323135523876e-05,8.379323135523876e-05,0.00020468662798927385,0.00020468662798927385,0.0,0.00020468662798927385,300.5667300815643,300.5921485938993,-5.202829578359533e-06
267,311,contact,0.0019080504478917737,-9.194955210822635e-05,9.194955210822635e-05,0.00021441729420481264,0.00021441729420481264,0.0,0.00021441729420481264,300.5667300815643,300.4908708586953,1.6265529308047595e-05
268,272,contact,0.001902188871458353,-9.781112854164711e-05,9.781112854164711e-05,0.0002211460247683045,0.0002211460247683045,0.0,0.0002211460247683045,300.6441026110059,300.6640995256746,-4.422238186612975e-06
268,281,contact,0.0019074725577580404,-9.252744224195965e-05,9.252744224195965e-05,0.0002150900302686757,0.0002150900302686757,0.0,0.0002150900302686757,300.6441026110059,300.7633271650264,-2.564401293303673e-05
268,315,contact,0.0019819874470086837,-1.8012552991316343e-05,1.8012552991316343e-05,9.490140407632636e-05,9.490140407632636e-05,0.0,9.490140407632636e-05,300.6441026110059,300.66711516776036,-2.183923947383634e-06
268,319,contact,0.0019513726210029696,-4.862737899703046e-05,4.862737899703046e-05,0.0001559284755858122,0.0001559284755858122,0.0,0.0001559284755858122,300.6441026110059,300.5331999715253,1.729287951265721e-05
268,403,contact,0.0022305151658305314,-1.948483416946891e-05,1.948483416946891e-05,0.0001040428174932185,0.0001040428174932185,0.0,0.0001040428174932185,300.6441026110059,300.68022082693244,-3.7578409478251814e-06
269,272,contact,0.0019382480652898899,-6.175193471011017e-05,6.175193471011017e-05,0.00017571558654557395,0.00017571558654557395,0.0,0.00017571558654557395,300.62353525513856,300.6640995256746,-7.127774590033232e-06
269,283,contact,0.0018810414464333312,-0.0001189585535666688,0.0001189585535666688,0.00024388373620094967,0.00024388373620094967,0.0,0.00024388373620094967,300.62353525513856,300.52927040711086,2.2989663329411598e-05
269,297,contact,0.001930138471250185,-6.986152874981504e-05,6.986152874981504e-05,0.000186897737746896,0.000186897737746896,0.0,0.000186897737746896,300.62353525513856,300.55504734602164,1.2800235276968304e-05
269,320,contact,0.001916436620319076,-8.356337968092411e-05,8.356337968092411e-05,0.0002044056991388989,0.0002044056991388989,0.0,0.0002044056991388989,300.62353525513856,300.75059269628906,-2.597126508916707e-05
270,296,contact,0.0019665814547086525,-3.341854529134757e-05,3.341854529134757e-05,0.00012926435179767771,0.00012926435179767771,0.0,0.00012926435179767771,300.824381569856,300.92176771684314,-1.2588557164368885e-05
270,308,contact,0.0019181003300140478,-8.189966998595221e-05,8.189966998595221e-05,0.0002023606557435909,0.0002023606557435909,0.0,0.0002023606557435909,300.824381569856,300.7639339587745,1.2232218216583013e-05
270,314,contact,0.0019016685208784413,-9.833147912155873e-05,9.833147912155873e-05,0.0002217334876846061,0.0002217334876846061,0.0,0.0002217334876846061,300.824381569856,300.8731309202761,-1.0809363491009952e-05
270,320,contact,0.0019511714704248825,-4.882852957511759e-05,4.882852957511759e-05,0.0001562506473188473,0.0001562506473188473,0.0,0.0001562506473188473,300.824381569856,300.75059269628906,1.1529559259758527e-05
270,408,contact,0.0022082898175058456,-4.1710182494154695e-05,4.1710182494154695e-05,0.00015222458279746975,0.00015222458279746975,0.0,0.00015222458279746975,300.824381569856,300.93999097364247,-1.7598593258863147e-05
270,412,contact,0.0021549472968845408,-9.50527031154595e-05,9.50527031154595e-05,0.00022979786179676777,0.00022979786179676777,0.0,0.00022979786179676777,300.824381569856,300.74938201893247,1.7234736437939877e-05
271,276,contact,0.0018780776869991298,-0.00012192231300087023,0.00012192231300087023,0.0002469031318157692,0.0002469031318157692,0.0,0.0002469031318157692,300.9450250028331,300.80831141997226,3.375501177010196e-05
271,280,contact,0.001893853081958577,-0.00010614691804142293,0.00010614691804142293,0.0002303767762182453,0.0002303767762182453,0.0,0.0002303767762182453,300.9450250028331,300.93649774797115,1.964481485092961e-06
271,312,contact,0.0019208485412796085,-7.91514587203915e-05,7.91514587203915e-05,0.00019893649579751763,0.00019893649579751763,0.0,0.00019893649579751763,300.9450250028331,300.95931573168565,-2.84294752031467e-06
271,316,contact,0.0019208893951177925,-7.911060488220755e-05,7.911060488220755e-05,0.00019888514887015513,0.00019888514887015513,0.0,0.00019888514887015513,300.9450250028331,300.93878383348647,1.2412758946326386e-06
272,287,contact,0.0019832726419481512,-1.672735805184882e-05,1.672735805184882e-05,9.145315208304419e-05,9.145315208304419e-05,0.0,9.145315208304419e-05,300.6640995256746,300.60618266289976,5.29667965952078e-06
272,292,contact,0.0019510801434333752,-4.891985656662484e-05,4.891985656662484e-05,0.00015639670163821365,0.00015639670163821365,0.0,0.00015639670163821365,300.6640995256746,300.66013971432517,6.193014341607489e-07
272,297,contact,0.001953544760633859,-4.645523936614099e-05,4.645523936614099e-05,0.00015240610120028167,0.00015240610120028167,0.0,0.00015240610120028167,300.6640995256746,300.55504734602164,1.6620217528300758e-05
272,308,contact,0.0019462670503556287,-5.37329496443713e-05,5.37329496443713e-05,0.00016390995949662623,0.00016390995949662623,0.0,0.00016390995949662623,300.6640995256746,300.7639339587745,-1.636385788577098e-05
272,320,contact,0.0019401661822380058,-5.983381776199421e-05,5.983381776199421e-05,0.0001729650510392117,0.0001729650510392117,0.0,0.0001729650510392117,300.6640995256746,300.75059269628906,-1.4960295669873366e-05
273,306,contact,0.0019019583412104488,-9.804165878955122e-05,9.804165878955122e-05,0.00022140648001983955,0.00022140648001983955,0.0,0.00022140648001983955,300.5269872423717,300.4374015427404,1.9834854415480777e-05
273,403,contact,0.002204945031355658,-4.5054968644342355e-05,4.5054968644342355e-05,0.00015821042360017167,0.00015821042360017167,0.0,0.00015821042360017167,300.5269872423717,300.68022082693244,-2.42431503231248e-05
273,406,contact,0.0022241988062895813,-2.580119371041901e-05,2.580119371041901e-05,0.00011972466957894826,0.00011972466957894826,0.0,0.00011972466957894826,300.5269872423717,300.6066986155172,-9.543417811525825e-06
273,442,contact,0.0021461527957953048,-0.00010384720420469548,0.00010384720420469548,0.00024019344542437212,0.00024019344542437212,0.0,0.00024019344542437212,300.5269872423717,300.4270331299003,2.400832265884964e-05
274,286,contact,0.0019026917706035252,-9.730822939647485e-05,9.730822939647485e-05,0.00022057677733215123,0.00022057677733215123,0.0,0.00022057677733215123,300.82063623649526,300.8253368810533,-1.0368530279999973e-06
274,294,contact,0.001922785588902221,-7.721441109777901e-05,7.721441109777901e-05,0.0001964871638272829,0.0001964871638272829,0.0,0.0001964871638272829,300.82063623649526,300.89164249318196,-1.3951817990361904e-05
274,300,contact,0.001945195100124664,-5.4804899875336016e-05,5.4804899875336016e-05,0.00016553685371441615,0.00016553685371441615,0.0,0.00016553685371441615,300.82063623649526,300.7719270581911,8.06316412348125e-06
275,276,contact,0.0019248623769246467,-7.513762307535332e-05,7.513762307535332e-05,0.00019382675650610434,0.00019382675650610434,0.0,0.00019382675650610434,300.856097560723,300.80831141997226,9.262232667663782e-06
275,312,contact,0.001907816406330546,-9.218359366945411e-05,9.218359366945411e-05,0.00021469000171113478,0.00021469000171113478,0.0,0.00021469000171113478,300.856097560723,300.95931573168565,-2.215990930058816e-05
275,316,contact,0.0019502513962266505,-4.9748603773349526e-05,4.9748603773349526e-05,0.00015771588977232055,0.00015771588977232055,0.0,0.00015771588977232055,300.856097560723,300.93878383348647,-1.304093908084485e-05
275,320,contact,0.0018791132733020643,-0.00012088672669793572,0.00012088672669793572,0.00024585232020253107,0.00024585232020253107,0.0,0.00024585232020253107,300.856097560723,300.75059269628906,2.5938615713740983e-05
276,281,contact,0.0018859091399640658,-0.00011409086003593425,0.00011409086003593425,0.00023884185147910557,0.00023884185147910557,0.0,0.00023884185147910557,300.80831141997226,300.7633271650264,1.0744122738677182e-05
276,317,contact,0.0019338855464065081,-6.61144535934919e-05,6.61144535934919e-05,0.0001818164645920329,0.0001818164645920329,0.0,0.0001818164645920329,300.80831141997226,300.80727887806233,1.8773311960507734e-07
276,389,contact,0.001915966986902436,-8.403301309756412e-05,8.403301309756412e-05,0.00020497928321852932,0.00020497928321852932,0.0,0.00020497928321852932,300.80831141997226,300.8396121736807,-6.41600605935202e-06
276,416,contact,0.0021268392282210702,-0.00012316077177893002,0.00012316077177893002,0.0002615772371371302,0.0002615772371371302,0.0,0.0002615772371371302,300.80831141997226,300.7188693037072,2.3396021656309075e-05
277,308,contact,0.001958631070854335,-4.136892914566488e-05,4.136892914566488e-05,0.00014382094622422854,0.00014382094622422854,0.0,0.00014382094622422854,300.77396993054504,300.7639339587745,1.443382956319962e-06
277,310,contact,0.0018569444975938291,-0.00014305550240617092,0.00014305550240617092,0.00026744672591580827,0.00026744672591580827,0.0,0.00026744672591580827,300.77396993054504,300.74195770165267,8.561565806531764e-06
277,401,contact,0.0021301984293450225,-0.00011980157065497781,0.00011980157065497781,0.00025798532543858837,0.00025798532543858837,0.0,0.00025798532543858837,300.77396993054504,300.63775891295364,3.514044370163672e-05
277,408,contact,0.0020633784170956135,-0.00018662158290438675,0.00018662158290438675,0.0003219917035718525,0.0003219917035718525,0.0,0.0003219917035718525,300.77396993054504,300.93999097364247,-5.345739849571752e-05
277,412,contact,0.002092787616394415,-0.00015721238360558512,0.00015721238360558512,0.0002955337766046615,0.0002955337766046615,0.0,0.0002955337766046615,300.77396993054504,300.74938201893247,7.2665583776846255e-06
277,422,contact,0.00220851447126656,-4.1485528733440236e-05,4.1485528733440236e-05,0.00015181408354636387,0.00015181408354636387,0.0,0.00015181408354636387,300.77396993054504,300.76708356250174,1.0454476534560855e-06
278,311,contact,0.0019495338423582182,-5.0466157641781886e-05,5.0466157641781886e-05,0.00015884923298804734,0.00015884923298804734,0.0,0.00015884923298804734,300.524887305713,300.4908708586953,5.4034865177365995e-06
278,340,contact,0.001869431498638022,-0.00013056850136197794,0.00013056850136197794,0.00025550782900136146,0.00025550782900136146,0.0,0.00025550782900136146,300.524887305713,300.47159129023237,1.3617549209874102e-05
278,434,contact,0.0020851707154091723,-0.00016482928459082792,0.00016482928459082792,0.000302608368642842,0.000302608368642842,0.0,0.000302608368642842,300.524887305713,300.6585897278973,-4.0459471860800304e-05
278,479,contact,0.00218895520150596,-6.10447984940401e-05,6.10447984940401e-05,0.0001841569356313614,0.0001841569356313614,0.0,0.0001841569356313614,300.524887305713,300.43238469555706,1.7034997224216367e-05
278,486,contact,0.002101100460614266,-0.00014889953938573407,0.00014889953938573407,0.00028761426655402164,0.00028761426655402164,0.0,0.00028761426655402164,300.524887305713,300.50957708149616,4.403438908897967e-06
279,301,contact,0.0019033480004980697,-9.665199950193034e-05,9.665199950193034e-05,0.00021983175328183408,0.00021983175328183408,0.0,0.00021983175328183408,300.93470739684125,300.94838731745557,-3.0072809334027817e-06
279,302,contact,0.0018547490770584028,-0.00014525092294159726,0.00014525092294159726,0.00026949111575485867,0.00026949111575485867,0.0,0.00026949111575485867,300.93470739684125,300.8429900727074,2.4717004014885938e-05
279,309,contact,0.00190341759802966,-9.658240197034005e-05,9.658240197034005e-05,0.0002197525903946755,0.0002197525903946755,0.0,0.0002197525903946755,300.93470739684125,300.8785228750886,1.2346694195228877e-05
280,389,contact,0.001976603561946603,-2.3396438053397122e-05,2.3396438053397122e-05,0.00010815830539860802,0.00010815830539860802,0.0,0.00010815830539860802,300.93649774797115,300.8396121736807,1.047897953282796e-05
280,399,contact,0.0018376495003400402,-0.0001623504996599598,0.0001623504996599598,0.00028491270563100535,0.00028491270563100535,0.0,0.00028491270563100535,300.93649774797115,300.8457259573784,2.5862036452744507e-05
280,420,contact,0.0021644373268126754,-8.556267318732486e-05,8.556267318732486e-05,0.00021802481151786992,0.00021802481151786992,0.0,0.00021802481151786992,300.93649774797115,300.92720857819086,2.0252694905048663e-06
281,304,contact,0.0019723064921558214,-2.7693507844178678e-05,2.7693507844178678e-05,0.00011767223088770493,0.00011767223088770493,0.0,0.00011767223088770493,300.7633271650264,300.8054487644549,-4.9565425733129576e-06
281,313,contact,0.0018673967846175592,-0.00013260321538244085,0.00013260321538244085,0.0002574909856504115,0.0002574909856504115,0.0,0.0002574909856504115,300.7633271650264,300.87012904260547,-2.750052072715018e-05
281,403,contact,0.0021696634098403375,-8.033659015966275e-05,8.033659015966275e-05,0.00021126154164350505,0.00021126154164350505,0.0,0.00021126154164350505,300.7633271650264,300.68022082693244,1.755717310607537e-05
282,406,contact,0.002155507685836448,-9.449231416355222e-05,9.449231416355222e-05,0.00022911946685269313,0.00022911946685269313,0.0,0.00022911946685269313,300.6440295810877,300.6066986155172,8.553250928610189e-06
282,416,contact,0.0021454250635713195,-0.00010457493642868076,0.00010457493642868076,0.00024103358045057257,0.00024103358045057257,0.0,0.00024103358045057257,300.6440295810877,300.7188693037072,-1.8038886302909457e-05
284,285,contact,0.0019089794891512062,-9.102051084879386e-05,9.102051084879386e-05,0.0002133313278081701,0.0002133313278081701,0.0,0.0002133313278081701,300.513860698357,300.63013905224943,-2.4805815631219523e-05
284,293,contact,0.0018643368637936654,-0.00013566313620633468,0.00013566313620633468,0.00026044494255632485,0.00026044494255632485,0.0,0.00026044494255632485,300.513860698357,300.5921485938993,-2.038968645737066e-05
284,334,contact,0.0018593421704392679,-0.00014065782956073215,0.00014065782956073215,0.0002651959931453831,0.0002651959931453831,0.0,0.0002651959931453831,300.513860698357,300.43728623880656,2.0307239850050686e-05
284,376,contact,0.0018843115890159994,-0.0001156884109840006,0.0001156884109840006,0.00024050822333550323,0.00043728767879182404,0.0,0.00043728767879182404,300.513860698357,300.43313954301664,3.5298366648184815e-05
284,433,contact,0.0021809798354409434,-6.902016455905685e-05,6.902016455905685e-05,0.00019581760867231195,0.00019581760867231195,0.0,0.00019581760867231195,300.513860698357,300.5284377923776,-2.854451692501573e-06
285,293,contact,0.0019345384761487684,-6.546152385123166e-05,6.546152385123166e-05,0.00018091645012440364,0.00018091645012440364,0.0,0.00018091645012440364,300.63013905224943,300.5921485938993,6.87309886330325e-06
285,298,contact,0.001978409540615896,-2.1590459384104258e-05,2.1590459384104258e-05,0.000103900094764404,0.000103900094764404,0.0,0.000103900094764404,300.63013905224943,300.7702277507444,-1.4555229049051695e-05
285,305,contact,0.001920023903106417,-7.997609689358305e-05,7.997609689358305e-05,0.0001999701188847762,0.0001999701188847762,0.0,0.0001999701188847762,300.63013905224943,300.66390745011637,-6.752670535999632e-06
285,433,contact,0.0022238397011925116,-2.6160298807488633e-05,2.6160298807488633e-05,0.0001205549639686964,0.0001205549639686964,0.0,0.0001205549639686964,300.63013905224943,300.5284377923776,1.2260591719421326e-05
286,298,contact,0.001912810219154007,-8.7189780845993e-05,8.7189780845993e-05,0.0002087938946018214,0.0002087938946018214,0.0,0.0002087938946018214,300.8253368810533,300.7702277507444,1.1506449945312924e-05
286,304,contact,0.0019427952324679002,-5.720476753209988e-05,5.720476753209988e-05,0.00016912239285810126,0.00016912239285810126,0.0,0.00016912239285810126,300.8253368810533,300.8054487644549,3.3635258685614574e-06
286,418,contact,0.0021836589224968265,-6.634107750317373e-05,6.634107750317373e-05,0.0001919795670597,0.0001919795670597,0.0,0.0001919795670597,300.8253368810533,300.8051994067502,3.865983598387355e-06
286,420,contact,0.0021821886616422517,-6.781133835774859e-05,6.781133835774859e-05,0.00019409524918015064,0.00019409524918015064,0.0,0.00019409524918015064,300.8253368810533,300.92720857819086,-1.9772812440315615e-05
287,319,contact,0.0018235775138995326,-0.00017642248610046747,0.00017642248610046747,0.0002970037761548391,0.0002970037761548391,0.0,0.0002970037761548391,300.60618266289976,300.5331999715253,2.1676134932162967e-05
287,401,contact,0.002162363877675541,-8.763612232445947e-05,8.763612232445947e-05,0.0002206507072834794,0.0002206507072834794,0.0,0.0002206507072834794,300.60618266289976,300.63775891295364,-6.967321907750411e-06
287,407,contact,0.0021965627944586516,-5.343720554134863e-05,5.343720554134863e-05,0.00017230013468323333,0.00017230013468323333,0.0,0.00017230013468323333,300.60618266289976,300.564512197938,7.179826725228119e-06
287,433,contact,0.00212451739762234,-0.00012548260237766045,0.00012548260237766045,0.0002640313558585003,0.0002640313558585003,0.0,0.0002640313558585003,300.60618266289976,300.5284377923776,2.0527083575011378e-05
288,298,contact,0.001932427263521191,-6.757273647880905e-05,6.757273647880905e-05,0.0001838106858683807,0.0001838106858683807,0.0,0.0001838106858683807,300.8561680609641,300.7702277507444,1.579674736521623e-05
288,300,contact,0.0019117251760466488,-8.827482395335124e-05,8.827482395335124e-05,0.00021008905725114678,0.00021008905725114678,0.0,0.00021008905725114678,300.8561680609641,300.7719270581911,1.7698112854461496e-05
288,301,contact,0.0019244756518930035,-7.552434810699656e-05,7.552434810699656e-05,0.00019432491876622071,0.00019432491876622071,0.0,0.00019432491876622071,300.8561680609641,300.94838731745557,-1.7920499526389956e-05
288,302,contact,0.0019055689485557854,-9.443105144421463e-05,9.443105144421463e-05,0.0002172913383503984,0.0002172913383503984,0.0,0.0002172913383503984,300.8561680609641,300.8429900727074,2.8634627050642296e-06
289,290,contact,0.0019273817328487308,-7.26182671512692e-05,7.26182671512692e-05,0.00019054955674478646,0.00019054955674478646,0.0,0.00019054955674478646,300.67535102659036,300.5933125147983,1.563240205797967e-05
289,293,contact,0.0018716003692562154,-0.00012839963074378464,0.00012839963074378464,0.00025337682485162747,0.00025337682485162747,0.0,0.00025337682485162747,300.67535102659036,300.5921485938993,2.1081568215190198e-05
289,298,contact,0.0018565172777273043,-0.00014348272227269576,0.00014348272227269576,0.0002678457786420161,0.0002678457786420161,0.0,0.0002678457786420161,300.67535102659036,300.7702277507444,-2.5412330056048576e-05
289,300,contact,0.0019082285961837103,-9.177140381628969e-05,9.177140381628969e-05,0.00021420948136846054,0.00021420948136846054,0.0,0.00021420948136846054,300.67535102659036,300.7719270581911,-2.0687501641823238e-05
289,434,contact,0.002178806990855316,-7.119300914468435e-05,7.119300914468435e-05,0.00019887602104589396,0.00019887602104589396,0.0,0.00019887602104589396,300.67535102659036,300.6585897278973,3.3334203916336913e-06
290,307,contact,0.0019386661306382798,-6.13338693617202e-05,6.13338693617202e-05,0.00017511977238695835,0.00017511977238695835,0.0,0.00017511977238695835,300.5933125147983,300.68909560017215,-1.6773512109189707e-05
290,334,contact,0.0019137253781368424,-8.627462186315766e-05,8.627462186315766e-05,0.00020769523569783404,0.00020769523569783404,0.0,0.00020769523569783404,300.5933125147983,300.43728623880656,3.2405914167158705e-05
291,309,contact,0.0019040463802848923,-9.595361971510776e-05,9.595361971510776e-05,0.00021903609259104739,0.00039824744107463164,0.0,0.00039824744107463164,300.98267566818436,300.8785228750886,4.147858333115799e-05
291,312,contact,0.001909743933474852,-9.025606652514795e-05,9.025606652514795e-05,0.000212433597301778,0.00038624290418505085,0.0,0.00038624290418505085,300.98267566818436,300.95931573168565,9.022609714839021e-06
291,313,contact,0.0018257066658518835,-0.00017429333414811657,0.00017429333414811657,0.0002952061433541963,0.0005367384424621751,0.0,0.0005367384424621751,300.98267566818436,300.87012904260547,6.040810051758514e-05
291,408,contact,0.002113561063635494,-0.00013643893636450634,0.00013643893636450634,0.0002753169248182763,0.0005005762269423206,0.0,0.0005005762269423206,300.98267566818436,300.93999097364247,2.1366943341964844e-05
292,405,contact,0.0022377288115184996,-1.2271188481500703e-05,1.2271188481500703e-05,8.256710564242311e-05,8.256710564242311e-05,0.0,8.256710564242311e-05,300.66013971432517,300.7340082564092,-6.099111717903748e-06
292,407,contact,0.002221562506570545,-2.843749342945536e-05,2.843749342945536e-05,0.0001256925115542232,0.0001256925115542232,0.0,0.0001256925115542232,300.66013971432517,300.564512197938,1.201966270839936e-05
292,410,contact,0.00220525105185328,-4.474894814672026e-05,4.474894814672026e-05,0.00015767221298687326,0.00015767221298687326,0.0,0.00015767221298687326,300.66013971432517,300.58168381416823,1.2370315399621773e-05
292,412,contact,0.0021794201105462168,-7.05798894537835e-05,7.05798894537835e-05,0.00019801780146377342,0.00019801780146377342,0.0,0.00019801780146377342,300.66013971432517,300.74938201893247,-1.7671564955897196e-05
293,311,contact,0.0018899220119623983,-0.0001100779880376017,0.0001100779880376017,0.00023460390878841052,0.00023460390878841052,0.0,0.00023460390878841052,300.5921485938993,300.4908708586953,2.376015255209777e-05
293,315,contact,0.0019822747100238145,-1.7725289976185544e-05,1.7725289976185544e-05,9.414162197504764e-05,9.414162197504764e-05,0.0,9.414162197504764e-05,300.5921485938993,300.66711516776036,-7.0574748571912155e-06
293,434,contact,0.0021661450634710504,-8.385493652894984e-05,8.385493652894984e-05,0.00021583807784868864,0.00021583807784868864,0.0,0.00021583807784868864,300.5921485938993,300.6585897278973,-1.4340526652218065e-05
294,318,contact,0.00189150345379119,-0.00010849654620880998,0.00010849654620880998,0.00023291258683120797,0.00023291258683120797,0.0,0.00023291258683120797,300.89164249318196,300.9585600016107,-1.5585929992434747e-05
294,418,contact,0.002231925051004178,-1.807494899582233e-05,1.807494899582233e-05,0.0001002079753862556,0.0001002079753862556,0.0,0.0001002079753862556,300.89164249318196,300.8051994067502,8.66228667746546e-06
294,424,contact,0.0021412542560144514,-0.00010874574398554888,0.00010874574398554888,0.0002457932102687009,0.0002457932102687009,0.0,0.0002457932102687009,300.89164249318196,300.920932935996,-7.199391969455819e-06
295,310,contact,0.0018631335946079335,-0.00013686640539206651,0.00013686640539206651,0.0002615974057517262,0.0002615974057517262,0.0,0.0002615974057517262,300.67826631580937,300.74195770165267,-1.6661501305339246e-05
295,413,contact,0.002117258019727402,-0.00013274198027259836,0.00013274198027259836,0.0002715613090922342,0.0002715613090922342,0.0,0.0002715613090922342,300.67826631580937,300.55439511718504,3.3638624857246897e-05
295,432,contact,0.0022064927905841897,-4.350720941581057e-05,4.350720941581057e-05,0.0001554691991928708,0.0002826712712597651,0.0,0.0002826712712597651,300.67826631580937,300.67661138000153,4.678028086540385e-07
295,436,contact,0.002105018799197461,-0.00014498120080253928,0.00014498120080253928,0.0002838047067209532,0.0002838047067209532,0.0,0.0002838047067209532,300.67826631580937,300.73973438151586,-1.7444926360535336e-05
296,314,contact,0.001980987867722566,-1.9012132277433907e-05,1.9012132277433907e-05,9.749905711706628e-05,9.749905711706628e-05,0.0,9.749905711706628e-05,300.92176771684314,300.8731309202761,4.742041806482179e-06
296,388,contact,0.0019818987305983944,-1.8101269401605592e-05,1.8101269401605592e-05,9.513482380707285e-05,9.513482380707285e-05,0.0,9.513482380707285e-05,300.92176771684314,300.92124252351783,4.9964174467265784e-08
296,408,contact,0.002126519160662325,-0.00012348083933767535,0.00012348083933767535,0.0002619169072410342,0.0002619169072410342,0.0,0.0002619169072410342,300.92176771684314,300.93999097364247,-4.772979060739926e-06
296,417,contact,0.0021198704871309942,-0.00013012951286900604,0.00013012951286900604,0.0002688757590712009,0.0004888650164930925,0.0,0.0004888650164930925,300.92176771684314,300.9475572163148,-1.2607584084566921e-05
297,319,contact,0.0019395448612754495,-6.045513872455057e-05,6.045513872455057e-05,0.00017386077580143052,0.00017386077580143052,0.0,0.00017386077580143052,300.55504734602164,300.5331999715253,3.798401479161592e-06
297,328,contact,0.0019491185733300066,-5.088142666999341e-05,5.088142666999341e-05,0.00015950145245419148,0.00015950145245419148,0.0,0.00015950145245419148,300.55504734602164,300.4512925894566,1.6549034371152436e-05
297,381,contact,0.00188001599378835,-0.00011998400621164996,0.00011998400621164996,0.00024493265014249323,0.00024493265014249323,0.0,0.00024493265014249323,300.55504734602164,300.50043903838844,1.337535750839682e-05
297,407,contact,0.002181683716055102,-6.83162839448981e-05,6.83162839448981e-05,0.00019481655751115958,0.00019481655751115958,0.0,0.00019481655751115958,300.55504734602164,300.564512197938,-1.8439098676931467e-06
297,410,contact,0.0021665222953849332,-8.347770461506702e-05,8.347770461506702e-05,0.0002153520433242418,0.0002153520433242418,0.0,0.0002153520433242418,300.55504734602164,300.58168381416823,-5.73621784230958e-06
298,309,contact,0.0018497394196210447,-0.00015026058037895533,0.00015026058037895533,0.00027409905178507577,0.00027409905178507577,0.0,0.00027409905178507577,300.7702277507444,300.8785228750886,-2.9683590895686944e-05
298,315,contact,0.0019839349497652384,-1.6065050234761666e-05,1.6065050234761666e-05,8.962435560371318e-05,8.962435560371318e-05,0.0,8.962435560371318e-05,300.7702277507444,300.66711516776036,9.241398804581456e-06
299,319,contact,0.0018955962823871547,-0.00010440371761284532,0.00010440371761284532,0.00022847726102704982,0.00022847726102704982,0.0,0.00022847726102704982,300.40575967785253,300.5331999715253,-2.9117209242832407e-05
299,328,contact,0.0019502748142249087,-4.9725185775091304e-05,4.9725185775091304e-05,0.00015767876485927218,0.00015767876485927218,0.0,0.00015767876485927218,300.40575967785253,300.4512925894566,-7.1795732621784415e-06
299,339,contact,0.0019409531340555343,-5.9046865944465754e-05,5.9046865944465754e-05,0.0001718238428514299,0.0001718238428514299,0.0,0.0001718238428514299,300.40575967785253,300.2853837036175,2.0683462480042935e-05
299,361,contact,0.0019260209990807464,-7.397900091925366e-05,7.397900091925366e-05,0.00019232654642463383,0.00019232654642463383,0.0,0.00019232654642463383,300.40575967785253,300.33162016603694,1.4258996261100348e-05
299,376,contact,0.0018781665348152705,-0.0001218334651847295,0.0001218334651847295,0.000246813153199672,0.0004487511876357672,0.0,0.0004487511876357672,300.40575967785253,300.43313954301664,-1.2286747009700315e-05
299,379,contact,0.0018720515955763608,-0.00012794840442363923,0.00012794840442363923,0.0002529312203185277,0.0002529312203185277,0.0,0.0002529312203185277,300.40575967785253,300.35182774032256,1.3641070773597142e-05
300,307,contact,0.001935071336617852,-6.492866338214795e-05,6.492866338214795e-05,0.00018017861052598328,0.00018017861052598328,0.0,0.00018017861052598328,300.7719270581911,300.68909560017215,1.4924457013699804e-05
301,309,contact,0.001847585572120815,-0.000152414427879185,0.000152414427879185,0.0002760565412005166,0.0002760565412005166,0.0,0.0002760565412005166,300.94838731745557,300.8785228750886,1.9286536312726757e-05
301,318,contact,0.0018791085348443823,-0.00012089146515561772,0.00012089146515561772,0.0002458571385536911,0.0002458571385536911,0.0,0.0002458571385536911,300.94838731745557,300.9585600016107,-2.501027017788921e-06
303,399,contact,0.0019987089017163046,-1.2910982836954708e-06,1.2910982836954708e-06,2.5407659117827747e-05,2.5407659117827747e-05,0.0,2.5407659117827747e-05,300.9408707275194,300.8457259573784,2.4174058865856385e-06
303,418,contact,0.0020984646762335552,-0.00015153532376644503,0.00015153532376644503,0.00029014873941025205,0.00029014873941025205,0.0,0.00029014873941025205,300.9408707275194,300.8051994067502,3.936486269530062e-05
304,399,contact,0.0019867887289040063,-1.3211271095993696e-05,1.3211271095993696e-05,8.127506104578973e-05,8.127506104578973e-05,0.0,8.127506104578973e-05,300.8054487644549,300.8457259573784,-3.273531313610293e-06
304,403,contact,0.002152767727136395,-9.723227286360546e-05,9.723227286360546e-05,0.0002324175754298063,0.0002324175754298063,0.0,0.0002324175754298063,300.8054487644549,300.68022082693244,2.9105173615050443e-05
304,420,contact,0.002158683968833789,-9.131603116621125e-05,9.131603116621125e-05,0.00022523571747321274,0.00022523571747321274,0.0,0.00022523571747321274,300.8054487644549,300.92720857819086,-2.742465900621797e-05
305,310,contact,0.0019281408466146868,-7.18591533853132e-05,7.18591533853132e-05,0.0001895509870527099,0.0001895509870527099,0.0,0.0001895509870527099,300.66390745011637,300.74195770165267,-1.4794502218417357e-05
306,311,contact,0.0018969964270920498,-0.0001030035729079502,0.0001030035729079502,0.00022694005035245565,0.00022694005035245565,0.0,0.00022694005035245565,300.4374015427404,300.4908708586953,-1.2134329255112992e-05
306,357,contact,0.0019195008531646964,-8.049914683530362e-05,8.049914683530362e-05,0.00020062296333583503,0.00020062296333583503,0.0,0.00020062296333583503,300.4374015427404,300.33176667576305,2.119278004458638e-05
306,361,contact,0.001979243254302007,-2.0756745697993184e-05,2.0756745697993184e-05,0.00010187429925646896,0.00010187429925646896,0.0,0.00010187429925646896,300.4374015427404,300.33162016603694,1.0776403626051176e-05
308,313,contact,0.0019847665175531356,-1.523348244686449e-05,1.523348244686449e-05,8.727394355380215e-05,8.727394355380215e-05,0.0,8.727394355380215e-05,300.7639339587745,300.87012904260547,-9.268063751956466e-06
309,310,contact,0.0018691734601218798,-0.0001308265398781202,0.0001308265398781202,0.0002557601805188996,0.0002557601805188996,0.0,0.0002557601805188996,300.8785228750886,300.74195770165267,3.492793341057093e-05
309,313,contact,0.0019103969308235395,-8.960306917646052e-05,8.960306917646052e-05,0.0002116637299780722,0.0002116637299780722,0.0,0.0002116637299780722,300.8785228750886,300.87012904260547,1.7766698921917798e-06
310,401,contact,0.002225993393264229,-2.400660673577146e-05,2.400660673577146e-05,0.00011548594608044417,0.00011548594608044417,0.0,0.00011548594608044417,300.74195770165267,300.63775891295364,1.203349569334294e-05
311,340,contact,0.0018717084892151343,-0.0001282915107848658,0.0001282915107848658,0.0002532701233711408,0.0002532701233711408,0.0,0.0002532701233711408,300.4908708586953,300.47159129023237,4.882938683149789e-06
311,353,contact,0.0018939656286479968,-0.00010603437135200326,0.00010603437135200326,0.0002302546105423334,0.0002302546105423334,0.0,0.0002302546105423334,300.4908708586953,300.3885837856213,2.3552070174174533e-05
311,421,contact,0.00216041123946345,-8.958876053655022e-05,8.958876053655022e-05,0.00022309534650327603,0.00022309534650327603,0.0,0.00022309534650327603,300.4908708586953,300.53598872699115,-1.0065586460951175e-05
311,479,contact,0.0021327752881398453,-0.000117224711860155,0.000117224711860155,0.000255195689466551,0.000255195689466551,0.0,0.000255195689466551,300.4908708586953,300.43238469555706,1.4925416726316581e-05
312,408,contact,0.002227777035895648,-2.222296410435247e-05,2.222296410435247e-05,0.00011111296580095729,0.00011111296580095729,0.0,0.00011111296580095729,300.95931573168565,300.93999097364247,2.147231179563968e-06
313,420,contact,0.002152959364711745,-9.704063528825522e-05,9.704063528825522e-05,0.00023218842358961543,0.00023218842358961543,0.0,0.00023218842358961543,300.87012904260547,300.92720857819086,-1.3253207386798474e-05
314,316,contact,0.001881811776816162,-0.00011818822318383814,0.00011818822318383814,0.00024309280448404693,0.00024309280448404693,0.0,0.00024309280448404693,300.8731309202761,300.93878383348647,-1.5959750794860362e-05
314,320,contact,0.001992138234786934,-7.861765213066155e-06,7.861765213066155e-06,6.269675116410002e-05,6.269675116410002e-05,0.0,6.269675116410002e-05,300.8731309202761,300.75059269628906,7.682748537405034e-06
317,416,contact,0.0022006083371876976,-4.939166281230263e-05,4.939166281230263e-05,0.0001656496684980126,0.0001656496684980126,0.0,0.0001656496684980126,300.80727887806233,300.7188693037072,1.4645016683976957e-05
317,440,contact,0.002175817095920519,-7.418290407948131e-05,7.418290407948131e-05,0.0002030091734099736,0.0002030091734099736,0.0,0.0002030091734099736,300.80727887806233,300.9206604221724,-2.301749354972588e-05
318,420,contact,0.0022295820113563893,-2.0417988643610992e-05,2.0417988643610992e-05,0.00010650505633174572,0.00010650505633174572,0.0,0.00010650505633174572,300.9585600016107,300.92720857819086,3.339085117409949e-06
319,328,contact,0.0019345873814847455,-6.541261851525457e-05,6.541261851525457e-05,0.0001808488574960519,0.0001808488574960519,0.0,0.0001808488574960519,300.5331999715253,300.4512925894566,1.4812856467610491e-05
320,405,contact,0.0021334896202466046,-0.00011651037975339562,0.00011651037975339562,0.0002544169584597034,0.0002544169584597034,0.0,0.0002544169584597034,300.75059269628906,300.7340082564092,4.219362751992813e-06
321,330,contact,0.0019091151340970133,-9.088486590298674e-05,9.088486590298674e-05,0.0002131723081253599,0.0002131723081253599,0.0,0.0002131723081253599,300.22201015117315,300.28237067834567,-1.2867192897029603e-05
321,345,contact,0.0019728750113476535,-2.712498865234652e-05,2.712498865234652e-05,0.0001164581226285795,0.0001164581226285795,0.0,0.0001164581226285795,300.22201015117315,300.24630065510746,-2.8288264858918645e-06
321,364,contact,0.0018489016529821165,-0.0001510983470178835,0.0001510983470178835,0.00027486209907686754,0.00027486209907686754,0.0,0.00027486209907686754,300.22201015117315,300.24429843752137,-6.126205170496422e-06
321,367,contact,0.001972309654953569,-2.7690345046431017e-05,2.7690345046431017e-05,0.0001176655111883491,0.0001176655111883491,0.0,0.0001176655111883491,300.22201015117315,300.278869124729,-6.690340189093628e-06
321,380,contact,0.0019076522838123086,-9.23477161876914e-05,9.23477161876914e-05,0.00021488103241990833,0.00021488103241990833,0.0,0.00021488103241990833,300.22201015117315,300.19081027968707,6.704260596297461e-06
321,492,contact,0.0021559650826486034,-9.403491735139689e-05,9.403491735139689e-05,0.0002285642595656111,0.0002285642595656111,0.0,0.0002285642595656111,300.22201015117315,300.1265958279206,2.180830414617417e-05
322,328,contact,0.0019517318846091535,-4.826811539084658e-05,4.826811539084658e-05,0.00015535140068703368,0.00015535140068703368,0.0,0.00015535140068703368,300.4095773899934,300.4512925894566,-6.4805146665512055e-06
322,354,contact,0.0019571805754962923,-4.281942450370772e-05,4.281942450370772e-05,0.00014632058041114335,0.00014632058041114335,0.0,0.00014632058041114335,300.4095773899934,300.30274685498324,1.5631505888317653e-05
322,450,contact,0.0021864993669641493,-6.350063303585092e-05,6.350063303585092e-05,0.0001878247307048825,0.0001878247307048825,0.0,0.0001878247307048825,300.4095773899934,300.44546269727374,-6.740148176194198e-06
322,471,contact,0.0022236175632965763,-2.6382436703423998e-05,2.6382436703423998e-05,0.00012106572297591089,0.00012106572297591089,0.0,0.00012106572297591089,300.4095773899934,300.4414822381568,-3.8625835093429716e-06
323,330,contact,0.0019142486137023503,-8.57513862976497e-05,8.57513862976497e-05,0.00020706446616651746,0.00020706446616651746,0.0,0.00020706446616651746,300.29028178596263,300.28237067834567,1.6381092754922006e-06
323,446,contact,0.0021042720380216994,-0.00014572796197830085,0.00014572796197830085,0.00028453467078167085,0.00028453467078167085,0.0,0.00028453467078167085,300.29028178596263,300.15843272616604,3.751562882209652e-05
323,479,contact,0.0021155218969559266,-0.00013447810304407365,0.00013447810304407365,0.0002733314055257968,0.0002733314055257968,0.0,0.0002733314055257968,300.29028178596263,300.43238469555706,-3.8841188008750166e-05
323,500,contact,0.0021928574554297233,-5.714254457027694e-05,5.714254457027694e-05,0.00017817367396615668,0.00017817367396615668,0.0,0.00017817367396615668,300.29028178596263,300.2920359737837,-3.1255008890559297e-07
324,328,contact,0.0019017784665149604,-9.822153348503968e-05,9.822153348503968e-05,0.0002216094915442925,0.0002216094915442925,0.0,0.0002216094915442925,300.3941268985533,300.4512925894566,-1.2668459694865644e-05
324,352,contact,0.0018768438691857132,-0.00012315613081428684,0.00012315613081428684,0.0002481492804888691,0.0002481492804888691,0.0,0.0002481492804888691,300.3941268985533,300.29264655826603,2.518227342604744e-05
324,381,contact,0.0018939333884009756,-0.00010606661159902439,0.00010606661159902439,0.00023028961287802844,0.00023028961287802844,0.0,0.00023028961287802844,300.3941268985533,300.50043903838844,-2.448258152687246e-05
325,332,contact,0.001842239750521088,-0.00015776024947891198,0.00015776024947891198,0.00028085605697484255,0.0005106473763178955,0.0,0.0005106473763178955,300.136400654685,300.0684327231396,3.470764591741841e-05
325,335,contact,0.001864825384962356,-0.00013517461503764414,0.00013517461503764414,0.0002599755902365106,0.00047268289133911025,0.0,0.00047268289133911025,300.136400654685,300.1278661499431,4.034114377563273e-06
325,341,contact,0.0019069578758063859,-9.304212419361415e-05,9.304212419361415e-05,0.0002156874175671986,0.0002156874175671986,0.0,0.0002156874175671986,300.136400654685,300.08753857146996,1.0538936545608972e-05
325,345,contact,0.001962663549465369,-3.7336450534631097e-05,3.7336450534631097e-05,0.00013663171398806188,0.00013663171398806188,0.0,0.00013663171398806188,300.136400654685,300.24630065510746,-1.5015825425007002e-05
325,349,contact,0.0018542591412475228,-0.00014574085875247722,0.00014574085875247722,0.0002699452340313468,0.0002699452340313468,0.0,0.0002699452340313468,300.136400654685,300.1204920946376,4.294439965102893e-06
325,371,contact,0.0018881606441493591,-0.00011183935585064092,0.00011183935585064092,0.00023647341906717645,0.00023647341906717645,0.0,0.00023647341906717645,300.136400654685,300.2330416629736,-2.2853029652104583e-05
325,380,contact,0.001833342333444704,-0.00016665766655529594,0.00016665766655529594,0.00028866734016450143,0.00028866734016450143,0.0,0.00028866734016450143,300.136400654685,300.19081027968707,-1.570628172869019e-05
326,338,contact,0.0019859675641671487,-1.403243583285134e-05,1.403243583285134e-05,8.376286716932313e-05,8.376286716932313e-05,0.0,8.376286716932313e-05,300.36119344416835,300.42712145169014,-5.522318936785893e-06
326,354,contact,0.0019349758168008208,-6.502418319917925e-05,6.502418319917925e-05,0.00018031109671783825,0.00018031109671783825,0.0,0.00018031109671783825,300.36119344416835,300.30274685498324,1.0538568595384053e-05
326,473,contact,0.00218818362082457,-6.181637917543033e-05,6.181637917543033e-05,0.00018531711436140774,0.00018531711436140774,0.0,0.00018531711436140774,300.36119344416835,300.3882619082758,-5.0162496585894755e-06
327,329,contact,0.0018902644288493079,-0.00010973557115069219,0.00010973557115069219,0.00023423873628276366,0.00023423873628276366,0.0,0.00023423873628276366,300.15063230965956,300.0640631214217,2.0277857253854324e-05
327,365,contact,0.0018944433128757498,-0.00010555668712425022,0.00010555668712425022,0.00022973537725419024,0.00022973537725419024,0.0,0.00022973537725419024,300.15063230965956,300.0812784779044,1.5933028702296614e-05
327,373,contact,0.0019204553089042097,-7.954469109579037e-05,7.954469109579037e-05,0.000199430051767268,0.000199430051767268,0.0,0.000199430051767268,300.15063230965956,300.1747383930322,-4.807477454915233e-06
327,470,contact,0.0021157635696461693,-0.00013423643035383095,0.00013423643035383095,0.00027308569102209876,0.00027308569102209876,0.0,0.00027308569102209876,300.15063230965956,300.25352853776394,-2.8099487555453367e-05
328,338,contact,0.001913274083371226,-8.672591662877414e-05,8.672591662877414e-05,0.00020823774469194356,0.00020823774469194356,0.0,0.00020823774469194356,300.4512925894566,300.42712145169014,5.0333432151285655e-06
329,341,contact,0.001906260367810296,-9.373963218970403e-05,9.373963218970403e-05,0.00021649437889897284,0.00021649437889897284,0.0,0.00021649437889897284,300.0640631214217,300.08753857146996,-5.082302977567179e-06
330,360,contact,0.0019303390895902197,-6.966091040978037e-05,6.966091040978037e-05,0.000186629191727581,0.000186629191727581,0.0,0.000186629191727581,300.28237067834567,300.25226354907994,5.618869200100948e-06
331,344,contact,0.0019989915757951562,-1.0084242048438198e-06,1.0084242048438198e-06,2.245466772014028e-05,2.245466772014028e-05,0.0,2.245466772014028e-05,300.1371167220736,300.1398023114204,-6.030401641538861e-08
331,349,contact,0.0019331313992845894,-6.686860071541067e-05,6.686860071541067e-05,0.00018285048634801422,0.00018285048634801422,0.0,0.00018285048634801422,300.1371167220736,300.1204920946376,3.0398212120249108e-06
331,350,contact,0.0018502353560831122,-0.00014976464391688784,0.00014976464391688784,0.0002736463446831401,0.0002736463446831401,0.0,0.0002736463446831401,300.1371167220736,300.0808371393738,1.5400702086093105e-05
331,364,contact,0.0018237208305001069,-0.00017627916949989318,0.00017627916949989318,0.00029688311631001615,0.00029688311631001615,0.0,0.00029688311631001615,300.1371167220736,300.24429843752137,-3.182044169359029e-05
331,366,contact,0.0019483789396572745,-5.1621060342725567e-05,5.1621060342725567e-05,0.0001606565596898016,0.0001606565596898016,0.0,0.0001606565596898016,300.1371167220736,300.1901930709951,-8.527063618629487e-06
331,478,contact,0.0020631659691842533,-0.00018683403081574696,0.00018683403081574696,0.00032217492730894827,0.00032217492730894827,0.0,0.00032217492730894827,300.1371167220736,300.06893237820134,2.1967286030649413e-05
332,333,contact,0.001830398757101851,-0.000169601242898149,0.000169601242898149,0.00029120546260170754,0.0029120546260170753,0.0,0.0029120546260170753,300.0684327231396,300.0238419358209,0.00012985080848923735
332,335,contact,0.001931660617085724,-6.833938291427597e-05,6.833938291427597e-05,0.00018485045701089836,0.0018485045701089838,0.0,0.0018485045701089838,300.0684327231396,300.1278661499431,-0.00010986296106347048
332,337,contact,0.001976153081114922,-2.3846918885077947e-05,2.3846918885077947e-05,0.00010919459438332546,0.00019853562615150083,0.0,0.00019853562615150083,300.0684327231396,300.09453326943253,-5.1818883011617716e-06
332,342,contact,0.0019144684641173905,-8.553153588260957e-05,8.553153588260957e-05,0.00020679885865571113,0.0020679885865571112,0.0,0.0020679885865571112,300.0684327231396,300.08169313154275,-2.7422373230782332e-05
332,343,contact,0.0019517937434319235,-4.8206256568076537e-05,4.8206256568076537e-05,0.0001552518221601224,0.001552518221601224,0.0,0.001552518221601224,300.0684327231396,300.0304955677911,5.8898124954286987e-05
332,344,contact,0.0019643013202917726,-3.569867970822744e-05,3.569867970822744e-05,0.0001336014216021436,0.00024291167564026108,0.0,0.00024291167564026108,300.0684327231396,300.1398023114204,-1.733650627904183e-05
332,350,contact,0.001956110532894295,-4.388946710570489e-05,4.388946710570489e-05,0.0001481375494358282,0.0002693409989742331,0.0,0.0002693409989742331,300.0684327231396,300.0808371393738,-3.3410178602051847e-06
332,372,contact,0.0018981155901577759,-0.00010188440984222418,0.00010188440984222418,0.00022570379908435766,0.00041037054378974117,0.0,0.00041037054378974117,300.0684327231396,300.0462492127848,9.103459207467654e-06
333,337,contact,0.0018462068708571104,-0.00015379312914288968,0.00015379312914288968,0.0002773022981719496,0.0005041859966762719,0.0,0.0005041859966762719,300.0238419358209,300.09453326943253,-3.564158049336388e-05
333,343,contact,0.0019720731707773926,-2.7926829222607412e-05,2.7926829222607412e-05,0.00011816689304244107,0.0011816689304244108,0.0,0.0011816689304244108,300.0238419358209,300.0304955677911,-7.862390173675145e-06
333,350,contact,0.0019177528805609963,-8.224711943900375e-05,8.224711943900375e-05,0.00020278944676560928,0.00036870808502838053,0.0,0.00036870808502838053,300.0238419358209,300.0808371393738,-2.1014592357793e-05
333,457,contact,0.0020268028941167414,-0.00022319710588325882,0.00022319710588325882,0.0003521340542426506,0.0006402437349866375,0.0,0.0006402437349866375,300.0238419358209,300.05079328519406,-1.7255432585613184e-05
334,340,contact,0.0018293287132230157,-0.00017067128677698438,0.00017067128677698438,0.00029212265127595327,0.00029212265127595327,0.0,0.00029212265127595327,300.43728623880656,300.47159129023237,-1.0021282574663747e-05
334,362,contact,0.0018017244167577346,-0.0001982755832422654,0.0001982755832422654,0.0003148615435729373,0.0003148615435729373,0.0,0.0003148615435729373,300.43728623880656,300.41967111729065,5.54632435072636e-06
334,378,contact,0.0018627266994879635,-0.00013727330051203652,0.00013727330051203652,0.00026198597339555844,0.00026198597339555844,0.0,0.00026198597339555844,300.43728623880656,300.30712519785516,3.410036701183348e-05
335,336,contact,0.001851333739497015,-0.00014866626050298506,0.00014866626050298506,0.0002726410281881517,0.0004957109603420939,0.0,0.0004957109603420939,300.1278661499431,300.2985784523072,-8.462395934712231e-05
335,342,contact,0.0019432602133785375,-5.673978662146251e-05,5.673978662146251e-05,0.00016843364661115444,0.0016843364661115444,0.0,0.0016843364661115444,300.1278661499431,300.08169313154275,7.777089864212965e-05
335,344,contact,0.0019012829597143091,-9.871704028569092e-05,9.871704028569092e-05,0.00022216777476233014,0.00040394140865878205,0.0,0.00040394140865878205,300.1278661499431,300.1398023114204,-4.8215098811226284e-06
335,373,contact,0.0019366553719234606,-6.334462807653946e-05,6.334462807653946e-05,0.00017796717123747777,0.0003235766749772323,0.0,0.0003235766749772323,300.1278661499431,300.1747383930322,-1.5166764567504008e-05
335,466,contact,0.0021119197416805398,-0.0001380802583194605,0.0001380802583194605,0.0002769679667794139,0.0005035781214171161,0.0,0.0005035781214171161,300.1278661499431,300.2847186980834,-7.898751153198364e-05
336,339,contact,0.0019346682062048788,-6.533179379512128e-05,6.533179379512128e-05,0.0001807370933083761,0.0001807370933083761,0.0,0.0001807370933083761,300.2985784523072,300.2853837036175,2.384780525105574e-06
336,353,contact,0.0018977654383511148,-0.00010223456164888526,0.00010223456164888526,0.0002260913108114565,0.0002260913108114565,0.0,0.0002260913108114565,300.2985784523072,300.3885837856213,-2.0349423789002803e-05
336,361,contact,0.001812462625656044,-0.000187537374343956,0.000187537374343956,0.0003062167323514148,0.0003062167323514148,0.0,0.0003062167323514148,300.2985784523072,300.33162016603694,-1.0117925609613244e-05
336,376,contact,0.0018768108948426312,-0.00012318910515736882,0.00012318910515736882,0.00024818249853421256,0.000451240906425841,0.0,0.000451240906425841,300.2985784523072,300.43313954301664,-6.071946854137737e-05
336,377,contact,0.0019957078611109393,-4.292138889060767e-06,4.292138889060767e-06,4.6325688818736236e-05,4.6325688818736236e-05,0.0,4.6325688818736236e-05,300.2985784523072,300.2942209672668,2.0186349601261426e-07
336,466,contact,0.002101850199062721,-0.00014814980093727937,0.00014814980093727937,0.00028688925557635513,0.00028688925557635513,0.0,0.00028688925557635513,300.2985784523072,300.2847186980834,3.976214571737714e-06
337,347,contact,0.0018576596687499035,-0.0001423403312500965,0.0001423403312500965,0.0002667773709013721,0.0002667773709013721,0.0,0.0002667773709013721,300.09453326943253,300.2187851635278,-3.314759363625089e-05
337,350,contact,0.0019155269919528671,-8.44730080471329e-05,8.44730080471329e-05,0.00020551521603902337,0.00020551521603902337,0.0,0.00020551521603902337,300.09453326943253,300.0808371393738,2.8147631279220046e-06
337,358,contact,0.0018809022589172464,-0.00011909774108275362,0.00011909774108275362,0.00024402637263496094,0.00024402637263496094,0.0,0.00024402637263496094,300.09453326943253,300.1653018913454,-1.7269410101770682e-05
337,457,contact,0.0022067668090670575,-4.3233190932942794e-05,4.3233190932942794e-05,0.00015497883535241333,0.00015497883535241333,0.0,0.00015497883535241333,300.09453326943253,300.05079328519406,6.778771815611105e-06
338,376,contact,0.0019047497103294178,-9.525028967058229e-05,9.525028967058229e-05,0.0002182318602663029,0.00039678520048418706,0.0,0.00039678520048418706,300.42712145169014,300.43313954301664,-2.3878895735157747e-06
338,407,contact,0.002151834188709716,-9.81658112902844e-05,9.81658112902844e-05,0.00023353064430163287,0.00023353064430163287,0.0,0.00023353064430163287,300.42712145169014,300.564512197938,-3.208494949233822e-05
338,466,contact,0.0022003690039854667,-4.96309960145336e-05,4.96309960145336e-05,0.000166050521118212,0.000166050521118212,0.0,0.000166050521118212,300.42712145169014,300.2847186980834,2.364605144506845e-05
338,473,contact,0.0021226102839496616,-0.0001273897160503387,0.0001273897160503387,0.0002660301946629562,0.0002660301946629562,0.0,0.0002660301946629562,300.42712145169014,300.3882619082758,1.0337811899028505e-05
339,344,contact,0.0019321793021352851,-6.782069786471492e-05,6.782069786471492e-05,0.00018414762809321617,0.00018414762809321617,0.0,0.00018414762809321617,300.2853837036175,300.1398023114204,2.680846806760971e-05
339,347,contact,0.001895394717466522,-0.00010460528253347797,0.00010460528253347797,0.00022869770717420625,0.00022869770717420625,0.0,0.00022869770717420625,300.2853837036175,300.2187851635278,1.5230933419670348e-05
339,352,contact,0.0019487108522302636,-5.1289147769736487e-05,5.1289147769736487e-05,0.00016013923280966549,0.00016013923280966549,0.0,0.00016013923280966549,300.2853837036175,300.29264655826603,-1.1630679714192342e-06
339,361,contact,0.00194517929674876,-5.482070325124014e-05,5.482070325124014e-05,0.00016556071884846378,0.00016556071884846378,0.0,0.00016556071884846378,300.2853837036175,300.33162016603694,-7.654941955168352e-06
339,379,contact,0.001953299722853613,-4.670027714638722e-05,4.670027714638722e-05,0.00015280752132402911,0.00015280752132402911,0.0,0.00015280752132402911,300.2853837036175,300.35182774032256,-1.0153148555659372e-05
340,353,contact,0.0019757441830611576,-2.4255816938842465e-05,2.4255816938842465e-05,0.00011012678361516436,0.00011012678361516436,0.0,0.00011012678361516436,300.47159129023237,300.3885837856213,9.141349498740176e-06
341,343,contact,0.0018901085382591121,-0.00010989146174088791,0.00010989146174088791,0.0002344050572629438,0.00042619101320535237,0.0,0.00042619101320535237,300.08753857146996,300.0304955677911,2.4311215534174555e-05
342,343,contact,0.0018877005573978102,-0.00011229944260218987,0.00011229944260218987,0.00023695932414888202,0.00236959324148882,0.0,0.00236959324148882,300.08169313154275,300.0304955677911,0.0001213174010466196
342,365,contact,0.0019438914106711318,-5.6108589328868284e-05,5.6108589328868284e-05,0.0001674941630757148,0.00030453484195584507,0.0,0.00030453484195584507,300.08169313154275,300.0812784779044,1.2627648022397868e-07
342,373,contact,0.00198271200704994,-1.7287992950060227e-05,1.7287992950060227e-05,9.297309543642243e-05,0.00016904199170258624,0.0,0.00016904199170258624,300.08169313154275,300.1747383930322,-1.5728556320667074e-05
342,458,contact,0.002128082999043495,-0.0001219170009565053,0.0001219170009565053,0.0002602530829751273,0.0004731874235911406,0.0,0.0004731874235911406,300.08169313154275,300.19870088161053,-5.5366595794771224e-05
343,365,contact,0.0019111560451833863,-8.88439548166137e-05,8.88439548166137e-05,0.00021076521868730347,0.00038320948852236993,0.0,0.00038320948852236993,300.0304955677911,300.0812784779044,-1.9460493010194562e-05
343,457,contact,0.0021892998561412265,-6.0700143858773755e-05,6.0700143858773755e-05,0.0001836363312195144,0.0003338842385809353,0.0,0.0003338842385809353,300.0304955677911,300.05079328519406,-6.777087920021095e-06
344,350,contact,0.0019029844974670714,-9.701550253292867e-05,9.701550253292867e-05,0.0002202447530963322,0.0002202447530963322,0.0,0.0002202447530963322,300.1398023114204,300.0808371393738,1.2986769758688859e-05
344,366,contact,0.0019444687592244825,-5.553124077551752e-05,5.553124077551752e-05,0.00016663019050507853,0.00016663019050507853,0.0,0.00016663019050507853,300.1398023114204,300.1901930709951,-8.396621867632046e-06
345,364,contact,0.0018970305600068756,-0.00010296943999312446,0.00010296943999312446,0.00022690244599069936,0.00022690244599069936,0.0,0.00022690244599069936,300.24630065510746,300.24429843752137,4.5430806769074586e-07
345,367,contact,0.001962104626826792,-3.7895373173208076e-05,3.7895373173208076e-05,0.00013765059602705699,0.00013765059602705699,0.0,0.00013765059602705699,300.24630065510746,300.278869124729,-4.483069255093748e-06
345,378,contact,0.0018968117922978024,-0.0001031882077021976,0.0001031882077021976,0.00022714335528713756,0.00022714335528713756,0.0,0.00022714335528713756,300.24630065510746,300.30712519785516,-1.3815890723517573e-05
346,355,contact,0.0019523083629386002,-4.769163706139982e-05,4.769163706139982e-05,0.0001544209135146529,0.0001544209135146529,0.0,0.0001544209135146529,300.3397662133373,300.2424394249343,1.5029291574646612e-05
346,442,contact,0.002235423493613682,-1.457650638631838e-05,1.457650638631838e-05,8.998921659571335e-05,8.998921659571335e-05,0.0,8.998921659571335e-05,300.3397662133373,300.4270331299003,-7.853081456223637e-06
346,496,contact,0.002164674199273415,-8.532580072658511e-05,8.532580072658511e-05,0.00021772281145043256,0.00021772281145043256,0.0,0.00021772281145043256,300.3397662133373,300.31346099252244,5.727246631642424e-06
347,352,contact,0.0019383635192089218,-6.163648079107829e-05,6.163648079107829e-05,0.0001755512472058776,0.0001755512472058776,0.0,0.0001755512472058776,300.2187851635278,300.29264655826603,-1.2966459966662009e-05
347,354,contact,0.0018657346629411154,-0.00013426533705888466,0.00013426533705888466,0.00025909972699607835,0.00025909972699607835,0.0,0.00025909972699607835,300.2187851635278,300.30274685498324,-2.1754451334234152e-05
347,358,contact,0.001972310974187388,-2.7689025812612043e-05,2.7689025812612043e-05,0.00011766270822272459,0.00011766270822272459,0.0,0.00011766270822272459,300.2187851635278,300.1653018913454,6.2929866495948305e-06
347,374,contact,0.001955954951423984,-4.4045048576015974e-05,4.4045048576015974e-05,0.000148399879676528,0.000148399879676528,0.0,0.000148399879676528,300.2187851635278,300.24367456387273,-3.693584016408881e-06
347,445,contact,0.0021721451469227386,-7.785485307726164e-05,7.785485307726164e-05,0.00020797282551822545,0.00020797282551822545,0.0,0.00020797282551822545,300.2187851635278,300.15048369954667,1.4204848451186705e-05
348,362,contact,0.0019738166189970626,-2.618338100293747e-05,2.618338100293747e-05,0.00011441892545146862,0.00011441892545146862,0.0,0.00011441892545146862,300.31088465048833,300.41967111729065,-1.2447230635182677e-05
348,373,contact,0.0019589742976889282,-4.10257023110718e-05,4.10257023110718e-05,0.00014322308178340494,0.00014322308178340494,0.0,0.00014322308178340494,300.31088465048833,300.1747383930322,1.94992865661422e-05
348,470,contact,0.002234618961105831,-1.538103889416921e-05,1.538103889416921e-05,9.243928606318735e-05,9.243928606318735e-05,0.0,9.243928606318735e-05,300.31088465048833,300.25352853776394,5.301958111602492e-06
348,476,contact,0.0022367310256256544,-1.3268974374345838e-05,1.3268974374345838e-05,8.585832766943538e-05,8.585832766943538e-05,0.0,8.585832766943538e-05,300.31088465048833,300.4165798355578,-9.074811832775699e-06
349,372,contact,0.0018523833930641901,-0.00014761660693580992,0.00014761660693580992,0.00027167683645814374,0.00027167683645814374,0.0,0.00027167683645814374,300.1204920946376,300.0462492127848,2.01700712713036e-05
349,380,contact,0.0019513196707218502,-4.868032927814983e-05,4.868032927814983e-05,0.00015601334763113995,0.00015601334763113995,0.0,0.00015601334763113995,300.1204920946376,300.19081027968707,-1.0970575448914253e-05
349,492,contact,0.0020819074922051647,-0.0001680925077948356,0.0001680925077948356,0.0003055891466539452,0.0003055891466539452,0.0,0.0003055891466539452,300.1204920946376,300.1265958279206,-1.8652346453547314e-06
350,358,contact,0.0019804982420845506,-1.9501757915449478e-05,1.9501757915449478e-05,9.874653896580244e-05,9.874653896580244e-05,0.0,9.874653896580244e-05,300.0808371393738,300.1653018913454,-8.340601921801334e-06
350,370,contact,0.001889336059678108,-0.00011066394032189196,0.00011066394032189196,0.0002352274859810094,0.0002352274859810094,0.0,0.0002352274859810094,300.0808371393738,300.048015050841,7.720657370212508e-06
350,372,contact,0.0019067984489452476,-9.32015510547524e-05,9.32015510547524e-05,0.00021587212772235373,0.00021587212772235373,0.0,0.00021587212772235373,300.0808371393738,300.0462492127848,7.466569306268432e-06
351,445,contact,0.002194349093831698,-5.565090616830226e-05,5.565090616830226e-05,0.00017583279015445684,0.00017583279015445684,0.0,0.00017583279015445684,300.06488314349065,300.15048369954667,-1.5051384610103338e-05
352,355,contact,0.0018558346639719822,-0.00014416533602801783,0.00014416533602801783,0.00026848215585771975,0.00026848215585771975,0.0,0.00026848215585771975,300.29264655826603,300.2424394249343,1.3479719396345049e-05
352,379,contact,0.0019966364883223,-3.363511677699927e-06,3.363511677699927e-06,4.100921651104741e-05,4.100921651104741e-05,0.0,4.100921651104741e-05,300.29264655826603,300.35182774032256,-2.426973908336117e-06
353,361,contact,0.0019594547115970814,-4.054528840291864e-05,4.054528840291864e-05,0.0001423820360911422,0.0001423820360911422,0.0,0.0001423820360911422,300.3885837856213,300.33162016603694,8.110596139539204e-06
353,378,contact,0.0019945982460134667,-5.401753986533295e-06,5.401753986533295e-06,5.196996241355815e-05,5.196996241355815e-05,0.0,5.196996241355815e-05,300.3885837856213,300.30712519785516,4.233399744466867e-06
354,356,contact,0.0019745657116530717,-2.5434288346928326e-05,2.5434288346928326e-05,0.000112770316012079,0.000112770316012079,0.0,0.000112770316012079,300.30274685498324,300.2078287474061,1.070394498674298e-05
354,377,contact,0.0019492985380643983,-5.070146193560175e-05,5.070146193560175e-05,0.00015921912877478282,0.00015921912877478282,0.0,0.00015921912877478282,300.30274685498324,300.2942209672668,1.3574844142394563e-06
355,358,contact,0.0019667054436544387,-3.329455634556132e-05,3.329455634556132e-05,0.000129024331708328,0.000129024331708328,0.0,0.000129024331708328,300.2424394249343,300.1653018913454,9.952618720934201e-06
355,359,contact,0.0019412337995718095,-5.8766200428190564e-05,5.8766200428190564e-05,0.0001714149941343968,0.0001714149941343968,0.0,0.0001714149941343968,300.2424394249343,300.13781907521815,1.7933496632928733e-05
355,375,contact,0.0018652886877102974,-0.0001347113122897026,0.0001347113122897026,0.00025952968258920075,0.00025952968258920075,0.0,0.00025952968258920075,300.2424394249343,300.1819802713472,1.5690944940069084e-05
355,379,contact,0.0018861532435356359,-0.00011384675646436415,0.00011384675646436415,0.00023858620712895805,0.00023858620712895805,0.0,0.00023858620712895805,300.2424394249343,300.35182774032256,-2.609854327271765e-05
355,459,contact,0.0021195654417828203,-0.00013043455821717996,0.00013043455821717996,0.00026919071947968204,0.00026919071947968204,0.0,0.00026919071947968204,300.2424394249343,300.25165317362166,-2.4802556382625934e-06
356,445,contact,0.002203996022327627,-4.600397767237337e-05,4.600397767237337e-05,0.00015986796231121718,0.00015986796231121718,0.0,0.00015986796231121718,300.2078287474061,300.15048369954667,9.16763594992601e-06
356,458,contact,0.0021990092754486422,-5.099072455135804e-05,5.099072455135804e-05,0.00016830977483886674,0.00016830977483886674,0.0,0.00016830977483886674,300.2078287474061,300.19870088161053,1.5363090368105487e-06
357,361,contact,0.0017971036867137078,-0.00020289631328629224,0.00020289631328629224,0.0003185092724602317,0.0003185092724602317,0.0,0.0003185092724602317,300.33176667576305,300.33162016603694,4.666470627085539e-08
357,364,contact,0.0018251852652265202,-0.00017481473477347982,0.00017481473477347982,0.00029564736999800945,0.00029564736999800945,0.0,0.00029564736999800945,300.33176667576305,300.24429843752137,2.585975459451307e-05
357,456,contact,0.001996834065965421,-0.00025316593403457936,0.00025316593403457936,0.00037503032028133655,0.00037503032028133655,0.0,0.00037503032028133655,300.33176667576305,300.4023569100368,-2.6473478168424997e-05
357,459,contact,0.0021172078438594535,-0.00013279215614054674,0.00013279215614054674,0.0002716126287161212,0.0002716126287161212,0.0,0.0002716126287161212,300.33176667576305,300.25165317362166,2.1759838912276736e-05
358,366,contact,0.0019078221202460143,-9.217787975398573e-05,9.217787975398573e-05,0.0002146833479266449,0.0002146833479266449,0.0,0.0002146833479266449,300.1653018913454,300.1901930709951,-5.343721781047222e-06
359,363,contact,0.001987571547894564,-1.242845210543608e-05,1.242845210543608e-05,7.883036250530654e-05,7.883036250530654e-05,0.0,7.883036250530654e-05,300.13781907521815,300.0573022964593,6.3471668573207345e-06
359,370,contact,0.0018799509718607026,-0.00012004902813929743,0.00012004902813929743,0.00024499900830339847,0.00024499900830339847,0.0,0.00024499900830339847,300.13781907521815,300.048015050841,2.2001896914054683e-05
359,375,contact,0.0018380523026562652,-0.0001619476973437348,0.0001619476973437348,0.00028455904250588736,0.00028455904250588736,0.0,0.00028455904250588736,300.13781907521815,300.1819802713472,-1.2566467686394073e-05
359,499,contact,0.0021098263615994556,-0.00014017363840054461,0.00014017363840054461,0.00027905956990552773,0.00027905956990552773,0.0,0.00027905956990552773,300.13781907521815,300.13011139994023,2.150900548026009e-06
360,380,contact,0.0018055886097406023,-0.00019441139025939773,0.00019441139025939773,0.00031177827879712674,0.00031177827879712674,0.0,0.00031177827879712674,300.25226354907994,300.19081027968707,1.9159794557765432e-05
361,364,contact,0.0019046153496178702,-9.538465038212989e-05,9.538465038212989e-05,0.00021838572570354717,0.00021838572570354717,0.0,0.00021838572570354717,300.33162016603694,300.24429843752137,1.906981905156221e-05
361,379,contact,0.0019347480468009251,-6.52519531990749e-05,6.52519531990749e-05,0.00018062662206756082,0.00018062662206756082,0.0,0.00018062662206756082,300.33162016603694,300.35182774032256,-3.6500258833910105e-06
362,476,contact,0.0021243982451915537,-0.00012560175480844657,0.00012560175480844657,0.0002641566820494216,0.0002641566820494216,0.0,0.0002641566820494216,300.41967111729065,300.4165798355578,8.165827258296142e-07
362,485,contact,0.002082636399343735,-0.0001673636006562654,0.0001673636006562654,0.00030492585679533585,0.00030492585679533585,0.0,0.00030492585679533585,300.41967111729065,300.45080685209325,-9.494090611636249e-06
363,370,contact,0.0019561726544965294,-4.382734550347064e-05,4.382734550347064e-05,0.0001480326746084638,0.0001480326746084638,0.0,0.0001480326746084638,300.0573022964593,300.048015050841,1.3748158086199848e-06
363,467,contact,0.002217076145850656,-3.2923854149344376e-05,3.2923854149344376e-05,0.00013524433475369346,0.00013524433475369346,0.0,0.00013524433475369346,300.0573022964593,300.0771603594787,-2.6856905225555042e-06
364,366,contact,0.0019622103995494467,-3.7789600450553306e-05,3.7789600450553306e-05,0.0001374583581499381,0.0001374583581499381,0.0,0.0001374583581499381,300.24429843752137,300.1901930709951,7.437234849798102e-06
365,483,contact,0.002207403838402685,-4.259616159731517e-05,4.259616159731517e-05,0.00015383281256198448,0.00015383281256198448,0.0,0.00015383281256198448,300.0812784779044,300.1422200539945,-9.374814051900504e-06
365,487,contact,0.0021317539230961183,-0.00011824607690388194,0.00011824607690388194,0.0002563050232566679,0.0002563050232566679,0.0,0.0002563050232566679,300.0812784779044,300.0579717703401,5.973626224304803e-06
366,459,contact,0.0021451958829906423,-0.00010480411700935794,0.00010480411700935794,0.0002412975537581003,0.0002412975537581003,0.0,0.0002412975537581003,300.1901930709951,300.25165317362166,-1.4830172417506005e-05
368,379,contact,0.0019757938692586347,-2.4206130741365357e-05,2.4206130741365357e-05,0.0001100139326207489,0.0001100139326207489,0.0,0.0001100139326207489,300.4481358166912,300.35182774032256,1.0595230224453882e-05
368,442,contact,0.0021991699714437717,-5.0830028556228535e-05,5.0830028556228535e-05,0.00016804435353043047,0.00016804435353043047,0.0,0.00016804435353043047,300.4481358166912,300.4270331299003,3.5461873595362163e-06
371,378,contact,0.0018530890283518602,-0.00014691097164813986,0.00014691097164813986,0.0002710267252948866,0.0002710267252948866,0.0,0.0002710267252948866,300.2330416629736,300.30712519785516,-2.0078617857212766e-05
371,380,contact,0.0019144616696596451,-8.553833034035492e-05,8.553833034035492e-05,0.00020680707234081106,0.00020680707234081106,0.0,0.00020680707234081106,300.2330416629736,300.19081027968707,8.733748738393735e-06
373,466,contact,0.002210928420935423,-3.9071579064577436e-05,3.9071579064577436e-05,0.0001473310314009039,0.0001473310314009039,0.0,0.0001473310314009039,300.1747383930322,300.2847186980834,-1.620351177697653e-05
374,445,contact,0.0022418484241580653,-8.151575841934978e-06,8.151575841934978e-06,6.729526911692553e-05,6.729526911692553e-05,0.0,6.729526911692553e-05,300.24367456387273,300.15048369954667,6.271304294061189e-06
375,447,contact,0.002219024282201527,-3.0975717798473364e-05,3.0975717798473364e-05,0.00013118205712010685,0.00013118205712010685,0.0,0.00013118205712010685,300.1819802713472,300.18880258740484,-8.949654547661725e-07
375,454,contact,0.002102722076856568,-0.00014727792314343227,0.00014727792314343227,0.00028604382253951565,0.00028604382253951565,0.0,0.00028604382253951565,300.1819802713472,300.23880936872445,-1.6255612245261954e-05
375,467,contact,0.0022340389394099646,-1.5961060590035693e-05,1.5961060590035693e-05,9.416610793355092e-05,9.416610793355092e-05,0.0,9.416610793355092e-05,300.1819802713472,300.0771603594787,9.870483134594784e-06
376,433,contact,0.0021536116664106365,-9.63883335893638e-05,9.63883335893638e-05,0.0002314067289780339,0.0004207395072327889,0.0,0.0004207395072327889,300.43313954301664,300.5284377923776,-4.009573847627401e-05
377,466,contact,0.0022015265543254294,-4.8473445674570865e-05,4.8473445674570865e-05,0.00016410268748996237,0.00016410268748996237,0.0,0.00016410268748996237,300.2942209672668,300.2847186980834,1.559347910253713e-06
378,466,contact,0.0020985941872834774,-0.00015140581271652284,0.00015140581271652284,0.00029002472377035073,0.00029002472377035073,0.0,0.00029002472377035073,300.30712519785516,300.2847186980834,6.4984389069656716e-06
379,442,contact,0.0021458242859330305,-0.0001041757140669698,0.0001041757140669698,0.0002405730589735104,0.0002405730589735104,0.0,0.0002405730589735104,300.35182774032256,300.4270331299003,-1.809239062200619e-05
380,480,contact,0.002200053710054599,-4.994628994540139e-05,4.994628994540139e-05,0.00016657712585633217,0.00016657712585633217,0.0,0.00016657712585633217,300.19081027968707,300.1176409429825,1.218833780905855e-05
381,410,contact,0.0021967098821874496,-5.329011781255062e-05,5.329011781255062e-05,0.0001720628402850905,0.0001720628402850905,0.0,0.0001720628402850905,300.50043903838844,300.58168381416823,-1.3979206878996694e-05
382,385,contact,0.001890468848751547,-0.00010953115124845295,0.00010953115124845295,0.00023402045984107132,0.00023402045984107132,0.0,0.00023402045984107132,300.71600402839056,300.84214703400795,-2.9520044180317284e-05
382,390,contact,0.0019451870951145036,-5.48129048854964e-05,5.48129048854964e-05,0.00016554894274125763,0.00016554894274125763,0.0,0.00016554894274125763,300.71600402839056,300.78489802291904,-1.140532795541187e-05
382,392,contact,0.0019552727111070713,-4.4727288892928724e-05,4.4727288892928724e-05,0.00014954479077007116,0.00014954479077007116,0.0,0.00014954479077007116,300.71600402839056,300.7356728277931,-2.9413664913531983e-06
382,400,contact,0.001981954940229469,-1.8045059770530926e-05,1.8045059770530926e-05,9.498699850645595e-05,9.498699850645595e-05,0.0,9.498699850645595e-05,300.71600402839056,300.67894740614673,3.5198973217284334e-06
382,425,contact,0.0022035732226998945,-4.642677730010581e-05,4.642677730010581e-05,0.00016060091548809533,0.00016060091548809533,0.0,0.00016060091548809533,300.71600402839056,300.5897202576452,2.0281289192995832e-05
382,430,contact,0.002207664047018929,-4.233595298107134e-05,4.233595298107134e-05,0.00015336223093830164,0.00027884041988782116,0.0,0.00027884041988782116,300.71600402839056,300.726865239268,-3.0285446015625267e-06
383,395,contact,0.001957358273453278,-4.264172654672204e-05,4.264172654672204e-05,0.00014601665409589762,0.00014601665409589762,0.0,0.00014601665409589762,300.9230418418377,300.93606753971494,-1.9019688213006078e-06
383,402,contact,0.0020630100556575095,-0.00018698994434249074,0.00018698994434249074,0.00032230932721920237,0.00032230932721920237,0.0,0.00032230932721920237,300.9230418418377,300.8539212403422,2.2278214565005323e-05
383,428,contact,0.002013689273806662,-0.0002363107261933381,0.0002363107261933381,0.00036233097683482257,0.00036233097683482257,0.0,0.00036233097683482257,300.9230418418377,300.7896571139472,4.832941875140199e-05
384,404,contact,0.002188442528946099,-6.155747105390146e-05,6.155747105390146e-05,0.00018492862144607377,0.00018492862144607377,0.0,0.00018492862144607377,300.80169118077504,300.67716225787706,2.3028962041687853e-05
384,411,contact,0.002223144520291022,-2.6855479708978378e-05,2.6855479708978378e-05,0.00012214626866766104,0.00012214626866766104,0.0,0.00012214626866766104,300.80169118077504,300.9239077384245,-1.4928296486284891e-05
384,427,contact,0.0022014851675176013,-4.8514832482398924e-05,4.8514832482398924e-05,0.00016417272828470582,0.00016417272828470582,0.0,0.00016417272828470582,300.80169118077504,300.8446162243732,-7.047121519254551e-06
384,438,contact,0.002227076231317645,-2.2923768682355395e-05,2.2923768682355395e-05,0.00011285134933067038,0.0002051842715103098,0.0,0.0002051842715103098,300.80169118077504,300.80682580453714,-1.0535440361066866e-06
385,390,contact,0.0019384201720731235,-6.157982792687655e-05,6.157982792687655e-05,0.00017547055013146303,0.00017547055013146303,0.0,0.00017547055013146303,300.84214703400795,300.78489802291904,1.004551547025387e-05
385,402,contact,0.0020842028384492712,-0.00016579716155072904,0.00016579716155072904,0.00030349552582344515,0.00030349552582344515,0.0,0.00030349552582344515,300.84214703400795,300.8539212403422,-3.5734189425588802e-06
385,419,contact,0.002154341465320667,-9.565853467933313e-05,9.565853467933313e-05,0.00023052902285267097,0.00023052902285267097,0.0,0.00023052902285267097,300.84214703400795,300.92980451608975,-2.020759369004172e-05
385,437,contact,0.002168912000082068,-8.10879999179324e-05,8.10879999179324e-05,0.00021224723518410265,0.00021224723518410265,0.0,0.00021224723518410265,300.84214703400795,300.9165157154386,-1.5784547017943983e-05
386,410,contact,0.0022051199659819582,-4.4880034018042036e-05,4.4880034018042036e-05,0.00015790298360780132,0.00015790298360780132,0.0,0.00015790298360780132,300.53230530154406,300.58168381416823,-7.79701446947244e-06
386,415,contact,0.002163775071720718,-8.62249282792822e-05,8.62249282792822e-05,0.00021886694116045612,0.00021886694116045612,0.0,0.00021886694116045612,300.53230530154406,300.5527611473642,-4.477108403506528e-06
386,450,contact,0.0021810158136519775,-6.898418634802275e-05,6.898418634802275e-05,0.0001957665649980194,0.0001957665649980194,0.0,0.0001957665649980194,300.53230530154406,300.44546269727374,1.7000878333482155e-05
386,471,contact,0.0022167864313581147,-3.321356864188557e-05,3.321356864188557e-05,0.00013583807484952558,0.00013583807484952558,0.0,0.00013583807484952558,300.53230530154406,300.4414822381568,1.2337230082458239e-05
387,396,contact,0.0019961548122327598,-3.845187767240275e-06,3.845187767240275e-06,4.384739312228422e-05,4.384739312228422e-05,0.0,4.384739312228422e-05,300.6383963781302,300.5417941225029,4.2357570789903786e-06
387,401,contact,0.0021991430662290463,-5.0856933770953953e-05,5.0856933770953953e-05,0.00016808882204053432,0.00016808882204053432,0.0,0.00016808882204053432,300.6383963781302,300.63775891295364,1.0715077062097807e-07
387,413,contact,0.002105417998901881,-0.0001445820010981193,0.0001445820010981193,0.0002834137151645975,0.0002834137151645975,0.0,0.0002834137151645975,300.6383963781302,300.55439511718504,2.380710944298198e-05
387,414,contact,0.0021539627875151414,-9.60372124848589e-05,9.60372124848589e-05,0.00023098486300195676,0.00023098486300195676,0.0,0.00023098486300195676,300.6383963781302,300.5802509134941,1.3430722183150971e-05
387,422,contact,0.002152204809236333,-9.779519076366736e-05,9.779519076366736e-05,0.00023308938529107402,0.00023308938529107402,0.0,0.00023308938529107402,300.6383963781302,300.76708356250174,-2.9995616699998787e-05
387,426,contact,0.002133581369364664,-0.00011641863063533613,0.00011641863063533613,0.0002543167651171098,0.0002543167651171098,0.0,0.0002543167651171098,300.6383963781302,300.65081536325727,-3.1583561235503168e-06
387,432,contact,0.0022235240196813704,-2.6475980318629855e-05,2.6475980318629855e-05,0.00012128016307209668,0.00022050938740381215,0.0,0.00022050938740381215,300.6383963781302,300.67661138000153,-8.426766652280722e-06
388,395,contact,0.0019713301099765095,-2.86698900234905e-05,2.86698900234905e-05,0.00011972863071022424,0.00011972863071022424,0.0,0.00011972863071022424,300.92124252351783,300.93606753971494,-1.7749788895366059e-06
388,423,contact,0.0021706554799175294,-7.934452008247087e-05,7.934452008247087e-05,0.00020995306364686856,0.00020995306364686856,0.0,0.00020995306364686856,300.92124252351783,300.83455874082637,1.8199525744572717e-05
388,428,contact,0.0021856677963258734,-6.433220367412689e-05,6.433220367412689e-05,0.0001890505571329868,0.0001890505571329868,0.0,0.0001890505571329868,300.92124252351783,300.7896571139472,2.48762949898977e-05
389,390,contact,0.001947481880737277,-5.251811926272306e-05,5.251811926272306e-05,0.00016204647367765068,0.00016204647367765068,0.0,0.00016204647367765068,300.8396121736807,300.78489802291904,8.86623519119114e-06
389,398,contact,0.001942787044789006,-5.721295521099413e-05,5.721295521099413e-05,0.00016913449561073302,0.00016913449561073302,0.0,0.00016913449561073302,300.8396121736807,300.8658526015035,-4.438161524421359e-06
389,399,contact,0.001992867628067655,-7.132371932345137e-06,7.132371932345137e-06,5.971755157550055e-05,5.971755157550055e-05,0.0,5.971755157550055e-05,300.8396121736807,300.8457259573784,-3.651001932913798e-07
390,392,contact,0.0019700399743660013,-2.9960025633998712e-05,2.9960025633998712e-05,0.00012239286260644187,0.00012239286260644187,0.0,0.00012239286260644187,300.78489802291904,300.7356728277931,6.0248125438229626e-06
390,400,contact,0.0018665992509641696,-0.00013340074903583042,0.00013340074903583042,0.00025826415647146086,0.00025826415647146086,0.0,0.00025826415647146086,300.78489802291904,300.67894740614673,2.736324666833019e-05
390,416,contact,0.0021423827536647135,-0.00010761724633528676,0.00010761724633528676,0.00024451453755382175,0.00024451453755382175,0.0,0.00024451453755382175,300.78489802291904,300.7188693037072,1.6144981743351503e-05
390,437,contact,0.0020664760068774086,-0.00018352399312259165,0.00018352399312259165,0.0003193082741755925,0.0003193082741755925,0.0,0.0003193082741755925,300.78489802291904,300.9165157154386,-4.202661824939741e-05
391,409,contact,0.0022500243482460364,-0.0,0.0,1.0540925533894598e-07,1.0540925533894598e-07,0.0,1.0540925533894598e-07,300.6631744532198,300.7460979929455,-8.74090857255533e-09
391,414,contact,0.0022500183843693388,-0.0,0.0,1.0540925533894598e-07,1.0540925533894598e-07,0.0,1.0540925533894598e-07,300.6631744532198,300.5802509134941,8.74090857255533e-09
392,409,contact,0.002202350686811708,-4.764931318829244e-05,4.764931318829244e-05,0.00016270169224738405,0.00016270169224738405,0.0,0.00016270169224738405,300.7356728277931,300.7460979929455,-1.6961920122559418e-06
392,431,contact,0.002185549266340159,-6.44507336598414e-05,6.44507336598414e-05,0.00018922463672671255,0.00018922463672671255,0.0,0.00018922463672671255,300.7356728277931,300.710413759273,4.779638064768366e-06
393,404,contact,0.0021369762294653634,-0.00011302377053463682,0.00011302377053463682,0.0002505812914611819,0.0002505812914611819,0.0,0.0002505812914611819,300.68859461557525,300.67716225787706,2.8647349564604874e-06
393,409,contact,0.0021667642186680124,-8.32357813319879e-05,8.32357813319879e-05,0.00021503976548534757,0.00021503976548534757,0.0,0.00021503976548534757,300.68859461557525,300.7460979929455,-1.2365512784317682e-05
393,418,contact,0.0021667684406968825,-8.323155930311773e-05,8.323155930311773e-05,0.000215034311607238,0.000215034311607238,0.0,0.000215034311607238,300.68859461557525,300.8051994067502,-2.5074031000411145e-05
393,421,contact,0.0021830907137588207,-6.690928624117961e-05,6.690928624117961e-05,0.0001927999628878186,0.0001927999628878186,0.0,0.0001927999628878186,300.68859461557525,300.53598872699115,2.942240965547808e-05
393,434,contact,0.0021969228618683905,-5.307713813160978e-05,5.307713813160978e-05,0.00017171866224148567,0.00017171866224148567,0.0,0.00017171866224148567,300.68859461557525,300.6585897278973,5.152399172760668e-06
394,397,contact,0.0018861211195466746,-0.00011387888045332546,0.00011387888045332546,0.00023861986553232054,0.0004338543009678555,0.0,0.0004338543009678555,300.5454119013175,300.5414916350359,1.7008243871976578e-06
394,404,contact,0.0021268337801530236,-0.00012316621984697664,0.00012316621984697664,0.00026158302256217773,0.00026158302256217773,0.0,0.00026158302256217773,300.5454119013175,300.67716225787706,-3.446365649249548e-05
394,439,contact,0.0021640300447959954,-8.596995520400484e-05,8.596995520400484e-05,0.00021854309923776395,0.00021854309923776395,0.0,0.00021854309923776395,300.5454119013175,300.6048627464409,-1.299257194557693e-05
394,494,contact,0.0021469065582833354,-0.00010309344171666483,0.00010309344171666483,0.00023932015019015014,0.00023932015019015014,0.0,0.00023932015019015014,300.5454119013175,300.5014295914561,1.0525853001741312e-05
395,408,contact,0.002226087153884079,-2.3912846115921316e-05,2.3912846115921316e-05,0.00011526020349125354,0.00011526020349125354,0.0,0.00011526020349125354,300.93606753971494,300.93999097364247,-4.522157928710618e-07
396,407,contact,0.002194891527703704,-5.510847229629615e-05,5.510847229629615e-05,0.00017497376358296333,0.00017497376358296333,0.0,0.00017497376358296333,300.5417941225029,300.564512197938,-3.975067160237572e-06
396,426,contact,0.0021971100842925464,-5.288991570745385e-05,5.288991570745385e-05,0.00017141553752253916,0.00017141553752253916,0.0,0.00017141553752253916,300.5417941225029,300.65081536325727,-1.8687934585285026e-05
396,481,contact,0.002181237971519843,-6.876202848015746e-05,6.876202848015746e-05,0.0001954510857821486,0.0001954510857821486,0.0,0.0001954510857821486,300.5417941225029,300.4041701296923,2.6898758824501436e-05
397,413,contact,0.002133505273862711,-0.00011649472613728916,0.00011649472613728916,0.00025439986693882914,0.000462545212616053,0.0,0.000462545212616053,300.5414916350359,300.55439511718504,-5.968443894149004e-06
397,432,contact,0.002052611918410297,-0.00019738808158970347,0.00019738808158970347,0.0003311495814999817,0.0033114958149998166,0.0,0.0033114958149998166,300.5414916350359,300.67661138000153,-0.00044744846997745
397,472,contact,0.0020766323463964446,-0.00017336765360355562,0.00017336765360355562,0.0003103471654664925,0.0031034716546649247,0.0,0.0031034716546649247,300.5414916350359,300.4064334945034,0.0004191491108744325
397,491,contact,0.002039393898294293,-0.00021060610170570713,0.00021060610170570713,0.0003420575826326672,0.0006219228775139403,0.0,0.0006219228775139403,300.5414916350359,300.48778190118213,3.3403312228859024e-05
397,498,contact,0.002131203390692687,-0.00011879660930731338,0.00011879660930731338,0.00025690098536564776,0.0004670927006648141,0.0,0.0004670927006648141,300.5414916350359,300.53599954502454,2.565315155713033e-06
398,399,contact,0.0019355532684997333,-6.444673150026673e-05,6.444673150026673e-05,0.0001795086787599234,0.0001795086787599234,0.0,0.0001795086787599234,300.8658526015035,300.8457259573784,3.612907294762656e-06
398,402,contact,0.002126427685038925,-0.0001235723149610752,0.0001235723149610752,0.000262013904381974,0.000262013904381974,0.0,0.000262013904381974,300.8658526015035,300.8539212403422,3.1261825224679914e-06
398,437,contact,0.0021623889712537843,-8.761102874621594e-05,8.761102874621594e-05,0.00022061911464761556,0.00022061911464761556,0.0,0.00022061911464761556,300.8658526015035,300.9165157154386,-1.1177251341656497e-05
399,409,contact,0.0021075488422572794,-0.00014245115774272083,0.00014245115774272083,0.0002813174933758819,0.0002813174933758819,0.0,0.0002813174933758819,300.8457259573784,300.7460979929455,2.802708922440435e-05
399,427,contact,0.002174930055886855,-7.506994411314539e-05,7.506994411314539e-05,0.00020421930493296416,0.00020421930493296416,0.0,0.00020421930493296416,300.8457259573784,300.8446162243732,2.2662890298186828e-07
400,416,contact,0.0021555579623150937,-9.444203768490655e-05,9.444203768490655e-05,0.0002290585050021871,0.0002290585050021871,0.0,0.0002290585050021871,300.67894740614673,300.7188693037072,-9.14445017205295e-06
400,425,contact,0.00214065311110885,-0.0001093468888911501,0.0001093468888911501,0.0002464716446291429,0.0002464716446291429,0.0,0.0002464716446291429,300.67894740614673,300.5897202576452,2.1991962036745765e-05
400,441,contact,0.0020959654235220577,-0.00015403457647794258,0.00015403457647794258,0.00029253164736480755,0.00029253164736480755,0.0,0.00029253164736480755,300.67894740614673,300.6129848412495,1.929613777379581e-05
401,407,contact,0.0024371978824453307,-6.280211755466938e-05,6.280211755466938e-05,0.00019811946767460376,0.00019811946767460376,0.0,0.00019811946767460376,300.63775891295364,300.564512197938,1.4511600187818108e-05
401,412,contact,0.0024290386617192893,-7.096133828071076e-05,7.096133828071076e-05,0.0002105963827453934,0.0002105963827453934,0.0,0.0002105963827453934,300.63775891295364,300.74938201893247,-2.35074223499456e-05
401,413,contact,0.0023895896769544514,-0.00011041032304554867,0.00011041032304554867,0.00026269079143256607,0.00026269079143256607,0.0,0.00026269079143256607,300.63775891295364,300.55439511718504,2.1898901487277672e-05
401,433,contact,0.0023994107116781815,-0.00010058928832181856,0.00010058928832181856,0.000250735528398224,0.000250735528398224,0.0,0.000250735528398224,300.63775891295364,300.5284377923776,2.7410688932723204e-05
402,427,contact,0.002314426002813658,-0.00018557399718634226,0.00018557399718634226,0.0003405638680797831,0.0003405638680797831,0.0,0.0003405638680797831,300.8539212403422,300.8446162243732,3.168952230929178e-06
402,429,contact,0.0023073176141355134,-0.00019268238586448664,0.00019268238586448664,0.00034702520249299497,0.00034702520249299497,0.0,0.00034702520249299497,300.8539212403422,300.91182049387237,-2.0092500180509166e-05
402,431,contact,0.002383314803818413,-0.00011668519618158709,0.00011668519618158709,0.00027005230532897126,0.00027005230532897126,0.0,0.00027005230532897126,300.8539212403422,300.710413759273,3.875452609467775e-05
403,441,contact,0.002376745495293932,-0.0001232545047060679,0.0001232545047060679,0.0002775501133872808,0.0002775501133872808,0.0,0.0002775501133872808,300.68022082693244,300.6129848412495,1.866135545000604e-05
404,435,contact,0.002422515449880597,-7.748455011940322e-05,7.748455011940322e-05,0.00022006327232100092,0.00022006327232100092,0.0,0.00022006327232100092,300.67716225787706,300.7897801558537,-2.4783063150650636e-05
405,410,contact,0.002372804711180421,-0.00012719528881957902,0.00012719528881957902,0.0002819522220381263,0.0002819522220381263,0.0,0.0002819522220381263,300.7340082564092,300.58168381416823,4.294821496055902e-05
405,423,contact,0.0023364021490445233,-0.0001635978509554768,0.0001635978509554768,0.0003197634388843931,0.0003197634388843931,0.0,0.0003197634388843931,300.7340082564092,300.83455874082637,-3.2152368678725745e-05
406,416,contact,0.0024072796484621395,-9.272035153786058e-05,9.272035153786058e-05,0.00024072851869099944,0.00024072851869099944,0.0,0.00024072851869099944,300.6066986155172,300.7188693037072,-2.7002683608533384e-05
406,449,contact,0.0023943334418998533,-0.00010566655810014675,0.00010566655810014675,0.00025698560039930584,0.00025698560039930584,0.0,0.00025698560039930584,300.6066986155172,300.52342420615105,2.1400324088855167e-05
407,410,contact,0.0024046076446064962,-9.539235539350382e-05,9.539235539350382e-05,0.00024417252531957784,0.00024417252531957784,0.0,0.00024417252531957784,300.564512197938,300.58168381416823,-4.192836898760578e-06
409,418,contact,0.0024162720942186946,-8.372790578130545e-05,8.372790578130545e-05,0.0002287573848279349,0.0002287573848279349,0.0,0.0002287573848279349,300.7460979929455,300.8051994067502,-1.3519884861592902e-05
409,427,contact,0.0024676554209411006,-3.234457905889948e-05,3.234457905889948e-05,0.00014218073678178833,0.00014218073678178833,0.0,0.00014218073678178833,300.7460979929455,300.8446162243732,-1.4007394730829687e-05
409,441,contact,0.0023446047672049126,-0.00015539523279508747,0.00015539523279508747,0.00031164406058343174,0.00031164406058343174,0.0,0.00031164406058343174,300.7460979929455,300.6129848412495,4.148392311160683e-05
410,471,contact,0.0023937140512018144,-0.00010628594879818565,0.00010628594879818565,0.00025773769223547035,0.00025773769223547035,0.0,0.00025773769223547035,300.58168381416823,300.4414822381568,3.613523064895587e-05
411,424,contact,0.002390230372683771,-0.00010976962731622892,0.00010976962731622892,0.0002619275034673585,0.0002619275034673585,0.0,0.0002619275034673585,300.9239077384245,300.920932935996,7.791825733974137e-07
411,429,contact,0.002373957538057494,-0.0001260424619425062,0.0001260424619425062,0.0002806715851561507,0.0002806715851561507,0.0,0.0002806715851561507,300.9239077384245,300.91182049387237,3.392546088609598e-06
411,435,contact,0.00236783240462422,-0.00013216759537578024,0.00013216759537578024,0.0002874104157991889,0.0002874104157991889,0.0,0.0002874104157991889,300.9239077384245,300.7897801558537,3.8549664276809055e-05
412,422,contact,0.0024005476513912403,-9.945234860875979e-05,9.945234860875979e-05,0.0002493144959292878,0.0002493144959292878,0.0,0.0002493144959292878,300.74938201893247,300.76708356250174,-4.413251412143819e-06
412,423,contact,0.0023269801792237086,-0.0001730198207762915,0.0001730198207762915,0.00032884249723109417,0.00032884249723109417,0.0,0.00032884249723109417,300.74938201893247,300.83455874082637,-2.8009725933549044e-05
412,426,contact,0.0023822138535404404,-0.00011778614645955969,0.00011778614645955969,0.0002713233155061039,0.0002713233155061039,0.0,0.0002713233155061039,300.74938201893247,300.65081536325727,2.6743431816143635e-05
412,428,contact,0.0023806875201294263,-0.00011931247987057372,0.00011931247987057372,0.0002730756304013754,0.0002730756304013754,0.0,0.0002730756304013754,300.74938201893247,300.7896571139472,-1.0998146960627941e-05
413,433,contact,0.002368127847453597,-0.00013187215254640292,0.00013187215254640292,0.00028708900247397467,0.00028708900247397467,0.0,0.00028708900247397467,300.55439511718504,300.5284377923776,7.452062485863856e-06
413,473,contact,0.0023634134783401747,-0.00013658652165982532,0.00013658652165982532,0.0002921755911047171,0.0002921755911047171,0.0,0.0002921755911047171,300.55439511718504,300.3882619082758,4.854006851517766e-05
413,485,contact,0.0024725061594378455,-2.7493840562154565e-05,2.7493840562154565e-05,0.0001310864232151698,0.0001310864232151698,0.0,0.0001310864232151698,300.55439511718504,300.45080685209325,1.3579015157947187e-05
413,498,contact,0.002431543743817906,-6.845625618209393e-05,6.845625618209393e-05,0.00020684573989765586,0.00020684573989765586,0.0,0.00020684573989765586,300.55439511718504,300.53599954502454,3.805045734379394e-06
414,425,contact,0.002423301550158378,-7.66984498416219e-05,7.66984498416219e-05,0.0002189441279208321,0.0002189441279208321,0.0,0.0002189441279208321,300.5802509134941,300.5897202576452,-2.0732572971354415e-06
414,426,contact,0.0023609087033809664,-0.00013909129661903363,0.00013909129661903363,0.00029484243315183793,0.00029484243315183793,0.0,0.00029484243315183793,300.5802509134941,300.65081536325727,-2.080539406218474e-05
414,431,contact,0.002401981423242071,-9.801857675792924e-05,9.801857675792924e-05,0.00024751082900290603,0.00024751082900290603,0.0,0.00024751082900290603,300.5802509134941,300.710413759273,-3.221671386411243e-05
414,453,contact,0.0023820985390407327,-0.0001179014609592674,0.0001179014609592674,0.00027145609792292774,0.00027145609792292774,0.0,0.00027145609792292774,300.5802509134941,300.4407812716479,3.785988475428672e-05
414,491,contact,0.002323926057106809,-0.00017607394289319116,0.00017607394289319116,0.0003317321424104762,0.0003317321424104762,0.0,0.0003317321424104762,300.5802509134941,300.48778190118213,3.067494356083862e-05
415,425,contact,0.002411096271346294,-8.890372865370593e-05,8.890372865370593e-05,0.00023572193450878984,0.00023572193450878984,0.0,0.00023572193450878984,300.5527611473642,300.5897202576452,-8.712072973155126e-06
415,426,contact,0.0023281821794266873,-0.00017181782057331275,0.00017181782057331275,0.00032769824207389404,0.00032769824207389404,0.0,0.00032769824207389404,300.5527611473642,300.65081536325727,-3.213219417608903e-05
415,453,contact,0.002379083291522178,-0.00012091670847782197,0.00012091670847782197,0.00027490533424915335,0.00027490533424915335,0.0,0.00027490533424915335,300.5527611473642,300.4407812716479,3.07838651629723e-05
417,423,contact,0.002398299468423771,-0.00010170053157622892,0.00010170053157622892,0.00025211670360200867,0.0004583940065491067,0.0,0.0004583940065491067,300.9475572163148,300.83455874082637,5.179782391308658e-05
418,424,contact,0.0024178469788222754,-8.215302117772468e-05,8.215302117772468e-05,0.00022659575952801484,0.00022659575952801484,0.0,0.00022659575952801484,300.8051994067502,300.920932935996,-2.6224726962310107e-05
418,427,contact,0.0024247164732397056,-7.528352676029445e-05,7.528352676029445e-05,0.0002169152005397133,0.0002169152005397133,0.0,0.0002169152005397133,300.8051994067502,300.8446162243732,-8.550106899334897e-06
418,434,contact,0.002327965267309631,-0.00017203473269036904,0.00017203473269036904,0.0003279050288292033,0.0003279050288292033,0.0,0.0003279050288292033,300.8051994067502,300.6585897278973,4.8074050970894844e-05
421,441,contact,0.0024333073521444026,-6.669264785559743e-05,6.669264785559743e-05,0.00020416391676725935,0.00020416391676725935,0.0,0.00020416391676725935,300.53598872699115,300.6129848412495,-1.5719828262844107e-05
421,456,contact,0.0024286897942923883,-7.131020570761175e-05,7.131020570761175e-05,0.00021111342583373836,0.00021111342583373836,0.0,0.00021111342583373836,300.53598872699115,300.4023569100368,2.8211470677616634e-05
421,494,contact,0.0024368609275459284,-6.313907245407164e-05,6.313907245407164e-05,0.00019865024612064988,0.00019865024612064988,0.0,0.00019865024612064988,300.53598872699115,300.5014295914561,6.865180779756977e-06
422,431,contact,0.0024707651438572622,-2.923485614273781e-05,2.923485614273781e-05,0.0001351731670458717,0.0001351731670458717,0.0,0.0001351731670458717,300.76708356250174,300.710413759273,7.660236778291767e-06
422,438,contact,0.0023655171337363,-0.0001344828662637001,0.0001344828662637001,0.00028991686983480724,0.0005271215815178314,0.0,0.0005271215815178314,300.76708356250174,300.80682580453714,-2.094899347476548e-05
423,428,contact,0.0024302074760398536,-6.979252396014648e-05,6.979252396014648e-05,0.00020885479998097135,0.00020885479998097135,0.0,0.00020885479998097135,300.83455874082637,300.7896571139472,9.37792030066559e-06
424,427,contact,0.002311295186297068,-0.0001887048137029319,0.0001887048137029319,0.0003434246766968449,0.0003434246766968449,0.0,0.0003434246766968449,300.920932935996,300.8446162243732,2.620904201561975e-05
425,441,contact,0.0024856533284229316,-1.4346671577068412e-05,1.4346671577068412e-05,9.469250094737047e-05,9.469250094737047e-05,0.0,9.469250094737047e-05,300.5897202576452,300.6129848412495,-2.202981604991887e-06
425,449,contact,0.002363418550553414,-0.00013658144944658605,0.00013658144944658605,0.0002921701660062442,0.0002921701660062442,0.0,0.0002921701660062442,300.5897202576452,300.52342420615105,1.9369728370599834e-05
425,477,contact,0.0024443528829324137,-5.564711706758634e-05,5.564711706758634e-05,0.00018649248823274751,0.00018649248823274751,0.0,0.00018649248823274751,300.5897202576452,300.4494369442446,2.616178417360723e-05
426,428,contact,0.0023915228415593275,-0.00010847715844067253,0.00010847715844067253,0.0002603809210088564,0.0002603809210088564,0.0,0.0002603809210088564,300.65081536325727,300.7896571139472,-3.615174291913085e-05
426,431,contact,0.0024363321941188562,-6.366780588114383e-05,6.366780588114383e-05,0.0001994802713947294,0.0001994802713947294,0.0,0.0001994802713947294,300.65081536325727,300.710413759273,-1.188870421191401e-05
428,430,contact,0.0023458751903074463,-0.00015412480969255373,0.00015412480969255373,0.00031036753383343127,0.000564304606969875,0.0,0.000564304606969875,300.7896571139472,300.726865239268,3.5433744161743096e-05
429,438,contact,0.002295761342670445,-0.00020423865732955519,0.00020423865732955519,0.0003572802273159991,0.0006496004133018166,0.0,0.0006496004133018166,300.91182049387237,300.80682580453714,6.820459358666025e-05
431,432,contact,0.002478712793467609,-2.1287206532391058e-05,2.1287206532391058e-05,0.00011534515196896839,0.00020971845812539706,0.0,0.00020971845812539706,300.710413759273,300.67661138000153,7.088982861787206e-06
432,438,contact,0.0023103403185678086,-0.0001896596814321915,0.0001896596814321915,0.0003442924641857845,0.0034429246418578446,0.0,0.0034429246418578446,300.67661138000153,300.80682580453714,-0.00044831845095898675
433,485,contact,0.002338023312052299,-0.00016197668794770085,0.00016197668794770085,0.00031817515611265603,0.00031817515611265603,0.0,0.00031817515611265603,300.5284377923776,300.45080685209325,2.4700236544141107e-05
435,438,contact,0.0024358782005102836,-6.41217994897165e-05,6.41217994897165e-05,0.00020019022124237942,0.00036398222044068984,0.0,0.00036398222044068984,300.7897801558537,300.80682580453714,-6.204313056653907e-06
436,438,contact,0.0023437040866932917,-0.00015629591330670834,0.00015629591330670834,0.00031254590993435303,0.0005682652907897328,0.0,0.0005682652907897328,300.73973438151586,300.80682580453714,-3.8125727012685545e-05
436,439,contact,0.0024221470771662477,-7.785292283375234e-05,7.785292283375234e-05,0.000220585758314301,0.000220585758314301,0.0,0.000220585758314301,300.73973438151586,300.6048627464409,2.9750761898096233e-05
437,440,contact,0.002488160105821168,-1.183989417883214e-05,1.183989417883214e-05,8.602286824891441e-05,8.602286824891441e-05,0.0,8.602286824891441e-05,300.9165157154386,300.9206604221724,-3.5653956128935983e-07
439,498,contact,0.0023563538265674636,-0.00014364617343253644,0.00014364617343253644,0.0002996312039747117,0.0002996312039747117,0.0,0.0002996312039747117,300.6048627464409,300.53599954502454,2.063356394994219e-05
441,477,contact,0.0022736174055456213,-0.00022638259445437875,0.00022638259445437875,0.00037615039749279373,0.00037615039749279373,0.0,0.00037615039749279373,300.6129848412495,300.4494369442446,6.151860646749962e-05
442,449,contact,0.0023934509504479084,-0.00010654904955209165,0.00010654904955209165,0.00025805649763192807,0.00025805649763192807,0.0,0.00025805649763192807,300.4270331299003,300.52342420615105,-2.487434354024532e-05
442,477,contact,0.002419503909606264,-8.049609039373611e-05,8.049609039373611e-05,0.00022429903364946775,0.00022429903364946775,0.0,0.00022429903364946775,300.4270331299003,300.4494369442446,-5.025153907495185e-06
442,496,contact,0.0023768504534362263,-0.00012314954656377376,0.00012314954656377376,0.00027743191345329864,0.00027743191345329864,0.0,0.00027743191345329864,300.4270331299003,300.31346099252244,3.15085353877161e-05
443,461,contact,0.0023206238589870616,-0.0001793761410129385,0.0001793761410129385,0.00033482844582425573,0.0006087789924077376,0.0,0.0006087789924077376,300.05233331624424,300.09493888824977,-2.593737719648028e-05
443,469,contact,0.0024636591051523347,-3.634089484766531e-05,3.634089484766531e-05,0.00015070852424395515,0.000274015498625373,0.0,0.000274015498625373,300.05233331624424,300.1032573153843,-1.3953965016367588e-05
443,484,contact,0.0022916318121591873,-0.0002083681878408128,0.0002083681878408128,0.00036087410187004,0.0036087410187003997,0.0,0.0036087410187003997,300.05233331624424,300.17405830930386,-0.0004392739754552555
443,488,contact,0.002422174062469501,-7.78259375304991e-05,7.78259375304991e-05,0.00022054752539206132,0.0004009955007128387,0.0,0.0004009955007128387,300.05233331624424,300.0588623655271,-2.618119386353913e-06
443,489,contact,0.0024948283335933146,-5.171666406685472e-06,5.171666406685472e-06,5.685324532670426e-05,0.00010336953695764413,0.0,0.00010336953695764413,300.05233331624424,300.13859602374447,-8.916936131010967e-06
444,446,contact,0.0023960594350099077,-0.00010394056499009232,0.00010394056499009232,0.0002548781142405281,0.0002548781142405281,0.0,0.0002548781142405281,300.0762400936804,300.15843272616604,-2.0949103172409196e-05
444,452,contact,0.002397996260757351,-0.00010200373924264912,0.00010200373924264912,0.00025249225141904,0.00025249225141904,0.0,0.00025249225141904,300.0762400936804,300.05787849643065,4.636161029235598e-06
444,465,contact,0.0024045596145656277,-9.544038543437237e-05,9.544038543437237e-05,0.0002442339880042963,0.00044406179637144783,0.0,0.00044406179637144783,300.0762400936804,300.04943626003137,1.1902558519821806e-05
444,475,contact,0.0024199447493692904,-8.005525063070965e-05,8.005525063070965e-05,0.0002236839995265498,0.0002236839995265498,0.0,0.0002236839995265498,300.0762400936804,300.05652306594163,4.410383623379513e-06
445,461,contact,0.002390370701304005,-0.000109629298695995,0.000109629298695995,0.0002617600269044089,0.0002617600269044089,0.0,0.0002617600269044089,300.15048369954667,300.09493888824977,1.45394112994762e-05
445,489,contact,0.0024569540459688077,-4.304595403119239e-05,4.304595403119239e-05,0.0001640235387665296,0.0001640235387665296,0.0,0.0001640235387665296,300.15048369954667,300.13859602374447,1.9498586527860446e-06
446,474,contact,0.0023980589835387272,-0.00010194101646127281,0.00010194101646127281,0.0002524146098947038,0.0002524146098947038,0.0,0.0002524146098947038,300.15843272616604,300.16709218519577,-2.1857739728883503e-06
446,478,contact,0.00233681539795081,-0.00016318460204919026,0.00016318460204919026,0.0003193593215811054,0.0003193593215811054,0.0,0.0003193593215811054,300.15843272616604,300.06893237820134,2.8582770407279982e-05
446,482,contact,0.002403217040572906,-9.678295942709388e-05,9.678295942709388e-05,0.0002459458266406114,0.0002459458266406114,0.0,0.0002459458266406114,300.15843272616604,300.24404874721625,-2.105690307087485e-05
446,492,contact,0.0024533698482903056,-4.663015170969448e-05,4.663015170969448e-05,0.00017071568416100218,0.00017071568416100218,0.0,0.00017071568416100218,300.15843272616604,300.1265958279206,5.4350578655352585e-06
446,499,contact,0.0024330953817925023,-6.690461820749779e-05,6.690461820749779e-05,0.0002044881081620301,0.0002044881081620301,0.0,0.0002044881081620301,300.15843272616604,300.13011139994023,5.791374420555023e-06
447,467,contact,0.0024435506616806634,-5.6449338319336604e-05,5.6449338319336604e-05,0.00018783193671360944,0.00018783193671360944,0.0,0.00018783193671360944,300.18880258740484,300.0771603594787,2.0969975890391753e-05
447,469,contact,0.0024274600024099266,-7.253999759007342e-05,7.253999759007342e-05,0.00021292603996175735,0.00021292603996175735,0.0,0.00021292603996175735,300.18880258740484,300.1032573153843,1.8214816008778678e-05
447,496,contact,0.0024138948394865915,-8.61051605134085e-05,8.61051605134085e-05,0.00023198216595436883,0.00023198216595436883,0.0,0.00023198216595436883,300.18880258740484,300.31346099252244,-2.891852682359804e-05
447,499,contact,0.0024486339547184276,-5.13660452815725e-05,5.13660452815725e-05,0.000179175272571253,0.000179175272571253,0.0,0.000179175272571253,300.18880258740484,300.13011139994023,1.051600951150083e-05
448,469,contact,0.0023855699615815094,-0.00011443003841849061,0.00011443003841849061,0.00026742994224947334,0.00026742994224947334,0.0,0.00026742994224947334,300.0879747420202,300.1032573153843,-4.087017712189411e-06
449,477,contact,0.002389018086913534,-0.00011098191308646626,0.00011098191308646626,0.0002633698837738313,0.0002633698837738313,0.0,0.0002633698837738313,300.52342420615105,300.4494369442446,1.948601656904274e-05
450,471,contact,0.0024501181654506573,-4.988183454934271e-05,4.988183454934271e-05,0.00017656768275462866,0.00017656768275462866,0.0,0.00017656768275462866,300.44546269727374,300.4414822381568,7.028204425736136e-07
450,481,contact,0.0024142760737952077,-8.572392620479234e-05,8.572392620479234e-05,0.000231468040726998,0.000231468040726998,0.0,0.000231468040726998,300.44546269727374,300.4041701296923,9.557909714658948e-06
451,456,contact,0.0024860107953506563,-1.3989204649343754e-05,1.3989204649343754e-05,9.350536297902835e-05,9.350536297902835e-05,0.0,9.350536297902835e-05,300.28760375607646,300.4023569100368,-1.0730035314050906e-05
451,459,contact,0.002373067694799285,-0.00012693230520071513,0.00012693230520071513,0.00028166059495507526,0.00028166059495507526,0.0,0.00028166059495507526,300.28760375607646,300.25165317362166,1.012586244320111e-05
451,463,contact,0.00239489544648613,-0.00010510455351387012,0.00010510455351387012,0.0002563012796420822,0.0002563012796420822,0.0,0.0002563012796420822,300.28760375607646,300.27438188743054,3.3887818532109283e-06
451,477,contact,0.0023476028922498793,-0.00015239710775012075,0.00015239710775012075,0.00030862305867161884,0.00030862305867161884,0.0,0.00030862305867161884,300.28760375607646,300.4494369442446,-4.994545352703274e-05
451,482,contact,0.0023393392785143424,-0.00016066072148565765,0.00016066072148565765,0.00031688002608011763,0.00031688002608011763,0.0,0.00031688002608011763,300.28760375607646,300.24404874721625,1.380171234354307e-05
451,493,contact,0.0023677045149257964,-0.00013229548507420362,0.00013229548507420362,0.00028754943604774685,0.0005228171564504488,0.0,0.0005228171564504488,300.28760375607646,300.3030201591458,-8.059960015390407e-06
451,496,contact,0.0023199754483830205,-0.0001800245516169795,0.0001800245516169795,0.0003354330704635609,0.0003354330704635609,0.0,0.0003354330704635609,300.28760375607646,300.31346099252244,-8.673372214774806e-06
451,497,contact,0.002405617388530436,-9.438261146956384e-05,9.438261146956384e-05,0.00024287678392237783,0.0004415941525861415,0.0,0.0004415941525861415,300.28760375607646,300.17416823131254,5.009246443129156e-05
452,468,contact,0.002362029731751987,-0.00013797026824801306,0.00013797026824801306,0.00029365186472251145,0.00029365186472251145,0.0,0.00029365186472251145,300.05787849643065,300.11358530946467,-1.6358409525188647e-05
452,474,contact,0.00230670716274159,-0.00019329283725841003,0.00019329283725841003,0.00034757448595445876,0.00034757448595445876,0.0,0.00034757448595445876,300.05787849643065,300.16709218519577,-3.7959891731728084e-05
452,475,contact,0.0023982018332837107,-0.00010179816671628938,0.00010179816671628938,0.00025223769384784836,0.00025223769384784836,0.0,0.00025223769384784836,300.05787849643065,300.05652306594163,3.4189066071983736e-07
453,462,contact,0.0022677193526757233,-0.00023228064732427672,0.00023228064732427672,0.000381018903176303,0.000381018903176303,0.0,0.000381018903176303,300.4407812716479,300.3606311482183,3.0538712118582206e-05
453,463,contact,0.002460143449252502,-3.985655074749796e-05,3.985655074749796e-05,0.000157830111883589,0.000157830111883589,0.0,0.000157830111883589,300.4407812716479,300.27438188743054,2.6262833428385736e-05
453,477,contact,0.002318583444648909,-0.00018141655535109085,0.00018141655535109085,0.0003367274076971338,0.0003367274076971338,0.0,0.0003367274076971338,300.4407812716479,300.4494369442446,-2.914602195367657e-06
453,481,contact,0.0022400569556375125,-0.00025994304436248753,0.00025994304436248753,0.000403068732012984,0.000403068732012984,0.0,0.000403068732012984,300.4407812716479,300.4041701296923,1.4756806565580984e-05
454,495,contact,0.0024114421618608222,-8.855783813917781e-05,8.855783813917781e-05,0.00023526293553593632,0.00023526293553593632,0.0,0.00023526293553593632,300.23880936872445,300.29724262144254,-1.3747178567370867e-05
455,458,contact,0.002411753006204844,-8.824699379515613e-05,8.824699379515613e-05,0.0002348496777131546,0.0002348496777131546,0.0,0.0002348496777131546,300.18679601163814,300.19870088161053,-2.795854876234586e-06
455,461,contact,0.0023670116940986996,-0.0001329883059013005,0.0001329883059013005,0.00028830138950118296,0.00028830138950118296,0.0,0.00028830138950118296,300.18679601163814,300.09493888824977,2.648253630844735e-05
455,464,contact,0.0023637552583971114,-0.00013624474160288868,0.00013624474160288868,0.00029180980706927146,0.00029180980706927146,0.0,0.00029180980706927146,300.18679601163814,300.2308383693204,-1.2851991898135602e-05
455,487,contact,0.0024451651989180613,-5.4834801081938764e-05,5.4834801081938764e-05,0.00018512631005940708,0.00018512631005940708,0.0,0.00018512631005940708,300.18679601163814,300.0579717703401,2.3848756437710314e-05
455,488,contact,0.0023793146029896933,-0.00012068539701030672,0.00012068539701030672,0.00027464226392061677,0.00027464226392061677,0.0,0.00027464226392061677,300.18679601163814,300.0588623655271,3.5135986199556706e-05
455,493,contact,0.002325335257548899,-0.0001746647424511012,0.0001746647424511012,0.00033040197340805677,0.0006007308607419214,0.0,0.0006007308607419214,300.18679601163814,300.3030201591458,-6.981943217125887e-05
456,477,contact,0.0023534101844132484,-0.0001465898155867517,0.0001465898155867517,0.00030268570290273013,0.00030268570290273013,0.0,0.00030268570290273013,300.4023569100368,300.4494369442446,-1.4250453246871024e-05
456,479,contact,0.0024596821760951145,-4.0317823904885506e-05,4.0317823904885506e-05,0.0001587407948214744,0.0001587407948214744,0.0,0.0001587407948214744,300.4023569100368,300.43238469555706,-4.766634540212714e-06
456,482,contact,0.0023825112794276545,-0.00011748872057234551,0.00011748872057234551,0.00027098053501629216,0.00027098053501629216,0.0,0.00027098053501629216,300.4023569100368,300.24404874721625,4.289843065856177e-05
456,491,contact,0.0022630596816036485,-0.00023694031839635154,0.00023694031839635154,0.0003848216456980035,0.0003848216456980035,0.0,0.0003848216456980035,300.4023569100368,300.48778190118213,-3.2873385676278134e-05
457,461,contact,0.002308883924018395,-0.00019111607598160498,0.00019111607598160498,0.0003456118451218116,0.0003456118451218116,0.0,0.0003456118451218116,300.05079328519406,300.09493888824977,-1.5257243326099219e-05
457,487,contact,0.0023762357161534924,-0.00012376428384650766,0.00012376428384650766,0.00027812349308188134,0.00027812349308188134,0.0,0.00027812349308188134,300.05079328519406,300.0579717703401,-1.9965053638496854e-06
458,466,contact,0.00238255095777739,-0.0001174490422226099,0.0001174490422226099,0.000270934773311089,0.000270934773311089,0.0,0.000270934773311089,300.19870088161053,300.2847186980834,-2.330521760678942e-05
458,473,contact,0.00238908954689274,-0.00011091045310726013,0.00011091045310726013,0.0002632850796988648,0.0002632850796988648,0.0,0.0002632850796988648,300.19870088161053,300.3882619082758,-4.990859001336526e-05
458,483,contact,0.002361997027034792,-0.00013800297296520788,0.00013800297296520788,0.00029368666653979193,0.00029368666653979193,0.0,0.00029368666653979193,300.19870088161053,300.1422200539945,1.6587665985964e-05
459,496,contact,0.0023791082621436115,-0.00012089173785638854,0.00012089173785638854,0.0002748769473059588,0.0002748769473059588,0.0,0.0002748769473059588,300.25165317362166,300.31346099252244,-1.6989544579084487e-05
459,499,contact,0.002392086589339943,-0.00010791341066005702,0.00010791341066005702,0.0002597034494621426,0.0002597034494621426,0.0,0.0002597034494621426,300.25165317362166,300.13011139994023,3.1564817878814124e-05
460,470,contact,0.0023664061040623375,-0.0001335938959376626,0.0001335938959376626,0.00028895706421722784,0.00028895706421722784,0.0,0.00028895706421722784,300.3502674001868,300.25352853776394,2.7953377681422003e-05
460,472,contact,0.0022630016100082637,-0.00023699838999173637,0.00023699838999173637,0.0003848688006903589,0.0006997614558006526,0.0,0.0006997614558006526,300.3502674001868,300.4064334945034,-3.9302867925627e-05
461,488,contact,0.0024368209166863285,-6.317908331367151e-05,6.317908331367151e-05,0.00019871317789981794,0.00019871317789981794,0.0,0.00019871317789981794,300.09493888824977,300.0588623655271,7.168880477798873e-06
461,489,contact,0.0024547534539338164,-4.524654606618368e-05,4.524654606618368e-05,0.00016816388224397295,0.00016816388224397295,0.0,0.00016816388224397295,300.09493888824977,300.13859602374447,-7.3415533924395225e-06
462,463,contact,0.002445246418543537,-5.4753581456463106e-05,5.4753581456463106e-05,0.00018498915754792074,0.00018498915754792074,0.0,0.00018498915754792074,300.3606311482183,300.27438188743054,1.5955178092262555e-05
463,464,contact,0.0024991392394982715,-8.607605017285289e-07,8.607605017285289e-07,2.319429484981879e-05,2.319429484981879e-05,0.0,2.319429484981879e-05,300.27438188743054,300.2308383693204,1.0099611978450374e-06
463,484,contact,0.0023685283501786512,-0.00013147164982134883,0.00013147164982134883,0.0002866527187004216,0.0005211867612734938,0.0,0.0005211867612734938,300.27438188743054,300.17405830930386,5.2287320763210944e-05
463,493,contact,0.0024400880069374545,-5.9911993062545556e-05,5.9911993062545556e-05,0.00019350709460919249,0.0003518310811076227,0.0,0.0003518310811076227,300.27438188743054,300.3030201591458,-1.0075834098625971e-05
464,489,contact,0.0024723711769068985,-2.7628823093101516e-05,2.7628823093101516e-05,0.00013140781724535434,0.00013140781724535434,0.0,0.00013140781724535434,300.2308383693204,300.13859602374447,1.2121365289724079e-05
465,469,contact,0.0023485399749844575,-0.00015146002501554255,0.00015146002501554255,0.00030767274113043246,0.0005594049838735135,0.0,0.0005594049838735135,300.04943626003137,300.1032573153843,-3.0107766601775395e-05
465,488,contact,0.0023698640150860966,-0.00013013598491390345,0.00013013598491390345,0.0002851929006325186,0.0005185325466045793,0.0,0.0005185325466045793,300.04943626003137,300.0588623655271,-4.887742487259161e-06
465,497,contact,0.0023014591675717387,-0.0001985408324282614,0.0001985408324282614,0.00035226129544368534,0.003522612954436853,0.0,0.003522612954436853,300.04943626003137,300.17416823131254,-0.0004393824578674757
465,499,contact,0.002365330134590096,-0.00013466986540990392,0.00013466986540990392,0.00029011836529456377,0.0005274879368992069,0.0,0.0005274879368992069,300.04943626003137,300.13011139994023,-4.2555163109580775e-05
466,473,contact,0.002289305710581051,-0.00021069428941894886,0.00021069428941894886,0.0003628828059950527,0.0003628828059950527,0.0,0.0003628828059950527,300.2847186980834,300.3882619082758,-3.7574050656358356e-05
466,485,contact,0.0023812786310929692,-0.00011872136890703081,0.00011872136890703081,0.0002723983398754373,0.0002723983398754373,0.0,0.0002723983398754373,300.2847186980834,300.45080685209325,-4.524213742526066e-05
468,483,contact,0.002424504529102887,-7.549547089711305e-05,7.549547089711305e-05,0.00021722032434994578,0.00021722032434994578,0.0,0.00021722032434994578,300.11358530946467,300.1422200539945,-6.220048494446363e-06
469,484,contact,0.0024134844393324767,-8.651556066752338e-05,8.651556066752338e-05,0.00023253435319797828,0.00042278973308723325,0.0,0.00042278973308723325,300.1032573153843,300.17405830930386,-2.993393332155041e-05
470,483,contact,0.0024987589884209716,-1.2410115790284504e-06,1.2410115790284504e-06,2.7850174809016576e-05,2.7850174809016576e-05,0.0,2.7850174809016576e-05,300.25352853776394,300.1422200539945,3.09996073070573e-06
472,473,contact,0.002407382274608668,-9.26177253913322e-05,9.26177253913322e-05,0.00024059525841043215,0.00043744592438260395,0.0,0.00043744592438260395,300.4064334945034,300.3882619082758,7.94908633482852e-06
472,481,contact,0.0024054441814351053,-9.455581856489476e-05,9.455581856489476e-05,0.00024309954052416312,0.00044199916458938747,0.0,0.00044199916458938747,300.4064334945034,300.4041701296923,1.0004053556607929e-06
472,491,contact,0.002413628302970447,-8.637169702955302e-05,8.637169702955302e-05,0.0002323409362197515,0.0004224380658540937,0.0,0.0004224380658540937,300.4064334945034,300.48778190118213,-3.4364663577674185e-05
472,493,contact,0.00225428175532696,-0.0002457182446730399,0.0002457182446730399,0.0003918850634059047,0.003918850634059046,0.0,0.003918850634059046,300.4064334945034,300.3030201591458,0.00040526141483640684
473,481,contact,0.0022466516365694075,-0.0002533483634305925,0.0002533483634305925,0.0003979230166051222,0.0003979230166051222,0.0,0.0003979230166051222,300.3882619082758,300.4041701296923,-6.330247454879712e-06
473,485,contact,0.0023469886021456323,-0.0001530113978543677,0.0001530113978543677,0.00030924443998070494,0.00030924443998070494,0.0,0.00030924443998070494,300.3882619082758,300.45080685209325,-1.9341676124449753e-05
474,490,contact,0.0023982663232291323,-0.00010173367677086776,0.00010173367677086776,0.0002521577839008591,0.0002521577839008591,0.0,0.0002521577839008591,300.16709218519577,300.16861742310283,-3.8460061056590285e-07
474,492,contact,0.002410204749178387,-8.97952508216132e-05,8.97952508216132e-05,0.00023690089017035847,0.00023690089017035847,0.0,0.00023690089017035847,300.16709218519577,300.1265958279206,9.593623087145588e-06
474,500,contact,0.002385786442852889,-0.00011421355714711116,0.00011421355714711116,0.00026717685756244775,0.00026717685756244775,0.0,0.00026717685756244775,300.16709218519577,300.2920359737837,-3.338208880686927e-05
475,483,contact,0.0024747828955284145,-2.5217104471585584e-05,2.5217104471585584e-05,0.00012554158790911078,0.00012554158790911078,0.0,0.00012554158790911078,300.05652306594163,300.1422200539945,-1.075853595918408e-05
475,487,contact,0.002387713569505355,-0.00011228643049464521,0.00011228643049464521,0.0002649132293018853,0.0002649132293018853,0.0,0.0002649132293018853,300.05652306594163,300.0579717703401,-3.837809604987982e-07
475,490,contact,0.0024341224702138543,-6.587752978614572e-05,6.587752978614572e-05,0.00020291243460256712,0.00020291243460256712,0.0,0.00020291243460256712,300.05652306594163,300.16861742310283,-2.2745338916788273e-05
476,485,contact,0.0022800098581731453,-0.00021999014182685472,0.00021999014182685472,0.0003708016162879879,0.0003708016162879879,0.0,0.0003708016162879879,300.4165798355578,300.45080685209325,-1.269143305206183e-05
477,496,contact,0.002393807340159186,-0.00010619265984081411,0.00010619265984081411,0.00025762455706028654,0.00025762455706028654,0.0,0.00025762455706028654,300.4494369442446,300.31346099252244,3.503074433327579e-05
478,499,contact,0.0023731026601476806,-0.0001268973398523194,0.0001268973398523194,0.0002816217985307594,0.0002816217985307594,0.0,0.0002816217985307594,300.06893237820134,300.13011139994023,-1.722934613445985e-05
479,494,contact,0.0024117075938222695,-8.829240617773057e-05,8.829240617773057e-05,0.00023491009740128586,0.00023491009740128586,0.0,0.00023491009740128586,300.43238469555706,300.5014295914561,-1.621934322070183e-05
481,493,contact,0.002400406857680589,-9.959314231941085e-05,9.959314231941085e-05,0.0002494909095530973,0.000453619835551086,0.0,0.000453619835551086,300.4041701296923,300.3030201591458,4.5883633005320464e-05
482,490,contact,0.0024233350263634617,-7.66649736365383e-05,7.66649736365383e-05,0.00021889634195855454,0.00021889634195855454,0.0,0.00021889634195855454,300.24404874721625,300.16861742310283,1.6511640917518647e-05
482,497,contact,0.0023647303398062116,-0.00013526966019378845,0.00013526966019378845,0.0002907637144162211,0.0005286612989385838,0.0,0.0005286612989385838,300.24404874721625,300.17416823131254,3.6943124308158576e-05
482,500,contact,0.002279569895982566,-0.00022043010401743418,0.00022043010401743418,0.0003711722174555854,0.0003711722174555854,0.0,0.0003711722174555854,300.24404874721625,300.2920359737837,-1.781152529458141e-05
483,490,contact,0.0023979766512624767,-0.00010202334873752337,0.00010202334873752337,0.0002525165201743286,0.0002525165201743286,0.0,0.0002525165201743286,300.1422200539945,300.16861742310283,-6.665771788994806e-06
485,498,contact,0.002339243304302128,-0.0001607566956978719,0.0001607566956978719,0.00031697465957260674,0.00031697465957260674,0.0,0.00031697465957260674,300.45080685209325,300.53599954502454,-2.700392483996823e-05
486,494,contact,0.0024047313468817115,-9.526865311828853e-05,9.526865311828853e-05,0.0002440141557347244,0.0002440141557347244,0.0,0.0002440141557347244,300.50957708149616,300.5014295914561,1.9881029034856194e-06
487,488,contact,0.002364773031392232,-0.00013522696860776822,0.00013522696860776822,0.00029071782776406255,0.00029071782776406255,0.0,0.00029071782776406255,300.0579717703401,300.0588623655271,-2.589118981823399e-07
490,497,contact,0.0024816252033697584,-1.837479663024163e-05,1.837479663024163e-05,0.00010716458320686466,0.00019484469673975392,0.0,0.00019484469673975392,300.16861742310283,300.17416823131254,-1.0815455422804843e-06
491,494,contact,0.0024142332289983927,-8.576677100160732e-05,8.576677100160732e-05,0.0002315258773355682,0.0002315258773355682,0.0,0.0002315258773355682,300.48778190118213,300.5014295914561,-3.1597934642817547e-06
493,497,contact,0.0023728824602158444,-0.00012711753978415568,0.00012711753978415568,0.0002818660362035435,0.0028186603620354352,0.0,0.0028186603620354352,300.3030201591458,300.17416823131254,0.00036318982155540046
497,499,contact,0.0024762401510354374,-2.3759848964562645e-05,2.3759848964562645e-05,0.00012186018875273275,0.0002215639795504232,0.0,0.0002215639795504232,300.17416823131254,300.13011139994023,9.76140688522916e-06
