<?xml version="1.0"?>
<VTKFile type="PolyData" version="0.1" byte_order="LittleEndian">
<PolyData>
<Piece NumberOfPoints="2734" NumberOfVerts="0" NumberOfLines="1367" NumberOfStrips="0" NumberOfPolys="0">
<CellData>
<DataArray type="Int32" Name="edge_kind" format="ascii">0 0 0 0 0 0 0 0 0 0 0 0 0 0 0 0 0 0 0 0 0 0 0 0 0 0 0 0 0 0 0 0 0 0 0 0 0 0 0 0 0 0 0 0 0 0 0 0 0 0 0 0 0 0 0 0 0 0 0 0 0 0 0 0 0 0 0 0 0 0 0 0 0 0 0 0 0 0 0 0 0 0 0 0 0 0 0 0 0 0 0 0 0 0 0 0 0 0 0 0 0 0 0 0 0 0 0 0 0 0 0 0 0 0 0 0 0 0 0 0 0 0 0 0 0 0 0 0 0 0 0 0 0 0 0 0 0 0 0 0 0 0 0 0 0 0 0 0 0 0 0 0 0 0 0 0 0 0 0 0 0 0 0 0 0 0 0 0 0 0 0 0 0 0 0 0 0 0 0 0 0 0 0 0 0 0 0 0 0 0 0 0 0 0 0 0 0 0 0 0 0 0 0 0 0 0 0 0 0 0 0 0 0 0 0 0 0 0 0 0 0 0 0 0 0 0 0 0 0 0 0 0 0 0 0 0 0 0 0 0 0 0 0 0 0 0 0 0 0 0 0 0 0 0 0 0 0 0 0 0 0 0 0 0 0 0 0 0 0 0 0 0 0 0 0 0 0 0 0 0 0 0 0 0 0 0 0 0 0 0 0 0 0 0 0 0 0 0 0 0 0 0 0 0 0 0 0 0 0 0 0 0 0 0 0 0 0 0 0 0 0 0 0 0 0 0 0 0 0 0 0 0 0 0 0 0 0 0 0 0 0 0 0 0 0 0 0 0 0 0 0 0 0 0 0 0 0 0 0 0 0 0 0 0 0 0 0 0 0 0 0 0 0 0 0 0 0 0 0 0 0 0 0 0 0 0 0 0 0 0 0 0 0 0 0 0 0 0 0 0 0 0 0 0 0 0 0 0 0 0 0 0 0 0 0 0 0 0 0 0 0 0 0 0 0 0 0 0 0 0 0 0 0 0 0 0 0 0 0 0 0 0 0 0 0 0 0 0 0 0 0 0 0 0 0 0 0 0 0 0 0 0 0 0 0 0 0 0 0 0 0 0 0 0 0 0 0 0 0 0 0 0 0 0 0 0 0 0 0 0 0 0 0 0 0 0 0 0 0 0 0 0 0 0 0 0 0 0 0 0 0 0 0 0 0 0 0 0 0 0 0 0 0 0 0 0 0 0 0 0 0 0 0 0 0 0 0 0 0 0 0 0 0 0 0 0 0 0 0 0 0 0 0 0 0 0 0 0 0 0 0 0 0 0 0 0 0 0 0 0 0 0 0 0 0 0 0 0 0 0 0 0 0 0 0 0 0 0 0 0 0 0 0 0 0 0 0 0 0 0 0 0 0 0 0 0 0 0 0 0 0 0 0 0 0 0 0 0 0 0 0 0 0 0 0 0 0 0 0 0 0 0 0 0 0 0 0 0 0 0 0 0 0 0 0 0 0 0 0 0 0 0 0 0 0 0 0 0 0 0 0 0 0 0 0 0 0 0 0 0 0 0 0 0 0 0 0 0 0 0 0 0 0 0 0 0 0 0 0 0 0 0 0 0 0 0 0 0 0 0 0 0 0 0 0 0 0 0 0 0 0 0 0 0 0 0 0 0 0 0 0 0 0 0 0 0 0 0 0 0 0 0 0 0 0 0 0 0 0 0 0 0 0 0 0 0 0 0 0 0 0 0 0 0 0 0 0 0 0 0 0 0 0 0 0 0 0 0 0 0 0 0 0 0 0 0 0 0 0 0 0 0 0 0 0 0 0 0 0 0 0 0 0 0 0 0 0 0 0 0 0 0 0 0 0 0 0 0 0 0 0 0 0 0 0 0 0 0 0 0 0 0 0 0 0 0 0 0 0 0 0 0 0 0 0 0 0 0 0 0 0 0 0 0 0 0 0 0 0 0 0 0 0 0 0 0 0 0 0 0 0 0 0 0 0 0 0 0 0 0 0 0 0 0 0 0 0 0 0 0 0 0 0 0 0 0 0 0 0 0 0 0 0 0 0 0 0 0 0 0 0 0 0 0 0 0 0 0 0 0 0 0 0 0 0 0 0 0 0 0 0 0 0 0 0 0 0 0 0 0 0 0 0 0 0 0 0 0 0 0 0 0 0 0 0 0 0 0 0 0 0 0 0 0 0 0 0 0 0 0 0 0 0 0 0 0 0 0 0 0 0 0 0 0 0 0 0 0 0 0 0 0 0 0 0 0 0 0 0 0 0 0 0 0 0 0 0 0 0 0 0 0 0 0 0 0 0 0 0 0 0 0 0 0 0 0 0 0 0 0 0 0 0 0 0 0 0 0 0 0 0 0 0 0 0 0 0 0 0 0 0 0 0 0 0 0 0 0 0 0 0 0 0 0 0 0 0 0 0 0 0 0 0 0 0 0 0 0 0 0 0 0 0 0 0 0 0 0 0 0 0 0 0 0 0 0 0 0 0 0 0 0 0 0 0 0 0 0 0 0 0 0 0 0 0 0 0 0 0 0 0 0 0 0 0 0 0 0 0 0 0 0 0 0 0 0 0 0 0 0 0 0 0 0 0 0 0 0 0 0 0 0 0 0 0 0 0 0 0 0 0 0 0 0 0 0 0 0 0 0 0 0 0 0 0 0 0 0 0 0 0 0 0 0 0 0 0 0 0 0 0 0 0 0 0 0 0 0 0 0 0 0 0 0 0 0 0 0 0 0 0 0 0 0 0 0 0 0 0 0 0 0 0 0 0 0 0 0 0 0 0 0 0 0 0 0 0 0 0 0 0 0 0 0 0 0 0 0 0 0 0 0 0 0 0 0 0 0 0 0 0 0 0 0 0 0 0 0 0 0 0 0 0 0 0 0 0 0 0 0 0 0 0 0 0 0 0 0 0 0 0 0 0 0 0 0 0 0 0 0 0 0 0 0 0 0 0 0 0 0 0 0 0 0 0 0 0 0 0 0 0 0 0 0 0 0 0 0 0 0 0 0 0 0 0 0 0 0 0 0 0 0 0 0 0 0 0 0 0 0 0 0 0 0 0 0 0 0 0 0 0 0 0 0 0 0 0 0 0 0 0 0 0 0 0 0 0</DataArray>
<DataArray type="Float64" Name="conductance" format="ascii">0.00011168874865480852 9.799650103637675e-05 0.00012575464316439322 2.421281799223098e-06 1.3540909730820661e-06 0.0001284243618786364 0.0001534568169140955 0.00010952628212539009 0.0001539410098052249 0.0018144831455318001 0.001390266506104782 0.0003479990473234809 0.00029203506926840775 0.00035177051018594926 0.0011031367844778377 0.00017129757948166908 1.9642187330875233e-06 0.00010248313482971217 0.00014556965213574982 0.00011144414567926321 9.052471206197441e-05 0.00017368635229307513 0.00018289891923240083 1.2556182578802542e-06 0.00011650812008331882 0.00011759303988624493 8.611268645180218e-05 9.614638521230235e-05 0.00011086783568777879 0.00019387701841391234 0.00012378079596504717 0.00014514785017147612 0.0001418669539522652 0.00020237351514289128 4.9066170999011135e-05 0.00012804713000755656 0.0002179270421755367 0.00022596219123486802 0.0001755676853061063 7.41349044733197e-05 0.00011911169654631063 7.048222588732952e-05 0.00011315003709602295 8.630561114394962e-05 9.957180368454399e-05 4.905894919362847e-05 0.00011407297002879038 9.437737275019094e-05 0.00011221876920353839 0.00011829316039156675 3.929130253466515e-05 6.235429156546057e-05 9.931071670201846e-05 0.00012756156193932287 0.00015222103948611446 0.00015561619027102026 9.078759561737672e-05 0.00017009729782620662 0.00015065698417909167 0.0001969775886212476 0.00020103506379137766 0.0001423409290191462 8.660254037844388e-08 1.4140824429729526e-06 0.00011308300936716612 9.830591535101696e-05 0.0001589364633201988 8.934125439312265e-05 0.00014412292117284823 0.00019324432015046597 0.00011428609849551221 0.0001636940373377674 0.00019426123656459998 0.00011169587857594051 0.00010183605488341653 0.00014938828441179986 0.00010947449982090995 0.00011581555709972166 0.0001253960756532205 0.00023452269746810394 8.841836458458075e-05 7.904033291018274e-05 0.0001452203909794941 0.00015011991522332778 0.00013595711328471977 0.00018317189930365643 4.082708176979528e-05 0.00015920712620343417 0.00011562059909287428 0.00012842814610317 8.995329530163269e-05 0.00011001791101131321 0.0001082086653339006 0.00025608525367307476 0.00012423383270380352 0.00011932336085939161 0.0003963665106456944 0.0001896683857225429 2.330330601651002e-06 4.977963819705122e-06 0.00017977479474466293 9.395828210584523e-05 0.0002152296820188038 0.00016278528852230778 1.8550889330218922e-06 3.904156033530338e-05 0.0002612755376438665 0.00027536920926350493 0.001102756281574212 0.0017620345569450684 1.6033728879141475e-05 0.0002807996443950028 0.00015916396082144496 0.00014432173834532028 0.0001719733597172711 0.00018925581532776238 0.00022091556013347833 0.00019409470673323052 0.00010650402834853082 0.00012819895425471807 0.00013639385695098864 8.660254037844388e-08 8.29707131459989e-05 5.119995190407703e-05 9.92262517535809e-05 0.00011084258757908376 7.979868256492892e-05 0.0002530457903372897 0.0001309994781923229 0.0001325760703342258 0.00016743938130929164 0.00015945287718587909 0.00015878075426262991 0.0003421466181966226 0.00018527213829002645 7.861587370213381e-05 6.855384405880341e-05 0.00014908152355133254 6.939348012022754e-05 0.00010530026677898333 0.00010944720798404443 0.0001502850086269702 0.00023896935245705468 0.0001461557954380465 0.0015208477964391953 0.00169070053290031 0.00026666354582695594 0.00028397487037782183 0.0001373295998391042 9.648459597544896e-05 0.00020617745164006564 0.00018768785029780525 0.00015303798129583576 0.00010299679343219808 0.00011019884099092588 0.00010615403144555424 0.00013588594770984428 0.00013651701270969813 0.0001513573155008096 0.0003999553894292641 0.00028657808656517344 0.002004551639444531 8.348831117968946e-05 7.863368611741492e-05 0.00015161794453051798 5.502855888612075e-05 0.00016732939845370918 0.00017162840713780394 5.337243980562598e-05 0.00011663199632753567 0.00017856801861828653 7.363765281701277e-05 9.905235908964228e-05 8.940710020420713e-05 0.00011131642994208788 0.0003710373673583753 0.00048266215667380037 0.00012587614583877202 0.00020251396934696644 3.6470910894519746e-05 0.00020330836781653233 0.00013943041249511512 6.70786619547381e-05 8.586747393759229e-05 0.00012967262242169532 0.00014063304426434808 0.00023593023698482648 0.0002359262716416979 0.0024418242296969355 7.477076193339408e-05 0.00021704531884510534 0.0003872770786855471 0.002229084492913569 0.00020450745675693627 0.00019104716224193336 0.00022393353760485676 0.00015802662256511426 0.00018267876307156365 0.00011199976633978008 0.00016952592187896782 0.0001808693689810152 0.0001638005810682334 0.00017451011102442732 0.00014750943024526868 0.00021105993760647208 0.0001899707644289086 5.58952579287457e-05 0.002166833102459119 0.0015864299679616979 0.0019704458159392046 0.00023970676161407195 0.00043733343973418324 0.002060410908303086 0.00014686974781357042 0.00038223124906959315 0.001555934360019343 0.0003976328733009711 0.0014234396382941327 7.873732145942153e-05 0.00012390709904420999 0.00012612675846861564 0.00011780162473064447 0.00012968647406330893 0.0001007119966683269 0.00016428617164780966 0.00020052980219960684 0.00020712230242197932 0.00015488335505747528 0.0001238131432755268 0.0002105531294395347 0.00023576455983156111 0.00021827730851340635 0.0001445210212820013 0.00013921326896064134 0.0003138653563582929 0.00019400181613421535 0.00030199992660426777 0.00012342018967904063 6.416268726437891e-05 0.00012650433958348603 8.017015860261546e-05 4.528874488916113e-05 8.04751492776595e-05 7.214708622123809e-05 0.0001365664488463315 0.00020190000644554261 0.0001637145570613126 0.00020020930925580892 0.00010693516560173213 0.00011913909794032914 0.0001704138598057582 0.00013514113689563065 0.0001283601386219223 0.00010212444093733859 0.0001159348598805941 0.00012159131536124719 9.54090210501365e-05 0.0002987581190114317 7.357119371586097e-05 0.00016581038600664124 7.251291948753518e-05 5.837041457802205e-05 0.00011703511020087283 0.00019969190558923245 0.00019059952992342137 7.923703029898176e-05 5.419789459178059e-05 0.00022241767306074335 0.000190701701590001 0.0002377067788315437 6.444179110848885e-05 6.220628464012963e-05 0.00023218283363143956 0.00018183002768288806 0.00022444786942255277 0.0001687395280708799 0.0003897707711018935 0.00018117420376667862 0.0001659014522034189 0.00019742068448549025 0.00022291243603349644 0.00020300142845311122 0.00018354605519711048 0.0002034670615629669 0.00023926829053923945 9.415111630720843e-05 0.00022695719437510972 0.00016601528440297154 0.00021570392740252522 0.0001701559166115479 0.00020387668528554237 0.000126603270241169 0.00016249301475424147 0.0019145137647140135 0.00035453988671938934 0.00013310528244868858 0.00021214870541580813 2.8882894859926464e-05 0.0001198939383406286 0.002882983822580047 0.0027841644972077927 0.00040042591601436147 0.0024772887542376934 0.0002588255036588129 0.00019510072181780068 0.00034014060678928815 0.00017060784555588977 0.0001252455813856524 0.00021924594467588972 5.161059312270501e-05 0.00015742143396163633 0.00014489926693917534 4.874915516902982e-05 5.559681622052189e-05 0.00011648491111677634 0.00010526432738161929 7.26699318543872e-05 0.00021915330990239686 0.00015895278983315606 0.00013428658648717266 0.00016755667804651422 7.311920393950611e-05 0.0002617513633888416 0.00040507434902774605 0.00013742880928239006 0.0002166618575825404 0.00011900949906074175 0.0001972378411011862 0.00014238436137070304 0.0024134204368485694 0.002488737204547146 0.00048124391906917137 0.0001978680591685172 0.0001226949922186533 0.0002664351281338166 0.00014282158983342343 0.00015765124946100535 0.00019357158973332364 0.00023466042040742337 0.000223795127027706 0.00023980507506627153 9.21228042742367e-05 0.00010881835884531727 0.00029889010302539226 0.0001228874680590102 0.00017188885163414908 0.00026694350532517863 0.0002037127082485852 0.0002441536811984813 0.00019558339059458084 0.0002590260524915525 0.0026268442887890948 0.0004106510392511403 0.00019268298577249855 0.00024641794092049123 0.00024084292720189183 0.0003192314790882186 0.0004189880394909195 0.0004213404907481335 0.00029788217970426543 0.0002469519349137657 0.0002513270542913242 0.0002165638571595011 0.00029771125185221767 0.00022126432308204507 0.0002095868174265698 0.00022304133171224932 0.00015450716208506075 0.00021506570971317006 0.00013267375557190098 0.00022942112462637364 0.00025326700842637955 0.00019004641291866454 0.00012832674299974713 0.00014362768537180002 0.00015157625256420943 0.00020890386355019392 0.00017176116161747267 0.00011495606505875496 0.0003324775672213537 0.00024410510931884404 0.0002459326879397331 3.814392747399385e-05 0.0002621788228568271 0.00020201213037336616 0.00016161100108158218 0.0002481465755454521 0.00025283855624935535 0.00012040393208989841 0.00015921521540103442 0.00020204504533772973 0.00025351994176718237 0.0001850967777832641 0.00019416460480002688 0.00011088873066979129 0.00014200319115429658 0.00016332884807915263 0.00024187646063246083 0.00022814919010466904 0.00024218471759498392 0.0002643953630836838 0.0003256505477775748 0.00022155364458409512 0.0003172291691300777 0.00023557216822919728 0.00028752049644335017 0.00011982758453476993 0.00017929185967800282 0.00027517690552905546 1.8561203393624094e-05 0.0002463438350115338 0.00026717864691141264 0.0001385851461100267 8.510464248632185e-05 0.00019432388550886563 3.239199598105694e-05 0.00018527307102194436 0.0002243570071226234 5.073599571453738e-05 0.0001227585332321219 0.00012392981694176315 0.00023012725504973993 0.00019491166426890193 0.00022304072555121802 0.0002156767572825344 0.00026518034816305026 0.0001670019665038756 6.331979641566178e-05 0.0001214241178617187 0.00020771867576569865 0.00013140085198845328 0.0002587231214450011 0.00018907737735642183 0.00025332956791783575 0.00012211918234543038 0.00021444339104344234 0.00019214893471966268 0.00024868707842649136 0.0002334944851240316 0.000171263382711837 0.00021459252385537205 0.00016250518734685276 0.00024240217933961712 0.0002389069402581749 0.0001531416504479995 0.00018419933221432543 0.00017914948347368204 0.00020030539209319248 0.0002383071675846704 0.0002716958012122537 0.0002640685026194132 0.00021144860730700298 0.00017094424418243577 0.00018787486763254766 0.00019351191741364478 0.00039150853932104436 0.00010974667630728154 0.0003321463224394624 0.002691779879320666 0.00025641028632251056 0.00036244270228621376 0.00043802686736205186 0.0021704567974308907 0.0003580782507009684 0.0023865738022334497 0.00020726752464391403 0.00012367568452602415 0.00018357967166524896 0.00011606195662755924 0.0003034964844600322 0.0005240458724511828 0.0002175718278912611 0.0003960145652566228 0.00031171599309524775 0.00024652859871355495 0.00015453418071706404 0.00020881824969946016 0.00024374248577244275 0.0002652010611254082 0.0002429561319867742 0.00017158872756310262 0.0002219737447243477 0.0002224913681907964 0.00020129694134355538 0.00015403357676375327 0.00019031290155572018 0.0002089717441516987 0.0003268879187509523 0.00018525991218590711 0.00016346052262130735 0.00011407538988402331 0.00020111577704267836 0.00016229574006830876 0.0002922758714023149 0.00022966747424125675 0.00027720875637434443 0.0002797910928883112 0.00019705463925157501 0.00021275067332393778 0.0002231014299980825 0.0002449027802060344 0.00022538638224190276 0.00019849958150107463 0.00017672835603867233 0.00025432748181991425 0.00032986566517741634 0.0002128168533196055 0.00032191266668815986 9.206257861320413e-05 0.00024448727195911115 0.0021653949984299717 0.0002815644317479995 0.0028328439546720045 0.0003805505099105504 0.0026344722619340856 0.000468275060700949 0.000294449169125327 0.00022109883926519998 0.00023320853094022795 0.00011391528411298315 0.0002034571829797616 0.000382293912644007 0.00023757680721528212 0.0004175987169605625 0.0022466979579231564 0.00044433442497251335 0.0017779186041037734 0.0003283317288759647 0.00021745170711273427 0.00021749569060047018 0.0001823257706911592 0.00022236422424196854 0.0005298549494058511 0.0002176092023242371 0.00026984753399804894 0.00016046753584946947 0.00019528210200374556 0.00025764692960389635 2.8178201934918535e-05 0.00024297173514081994 0.0001425540410179768 0.00027743723222851724 0.00020534080310457328 0.00027422055997664024 0.000188345449463551 0.0003243346871440684 0.00013464022145829896 0.0002397642679100233 0.000171453371495747 0.0001097933965507177 0.00017348259461625164 0.00018833155307985266 0.00016583882670485954 0.00011294258740978503 0.00016076857530541351 4.351221726170173e-05 0.0002611925544555613 0.0002416127702411252 0.0002024329556127561 0.00020814753529968224 0.00019028382776097784 0.00018022263430497867 0.00041404807156895387 0.0002554908885473128 0.0031446531096324696 0.00024340996022261048 0.00023571720467342673 0.0001289384469783862 0.00011806121860225244 0.0036698643946513005 0.0022675240860792157 0.00018684365208193046 0.00019944408691847986 0.00016270744645212394 0.00041478222164078546 0.00029629046691516256 0.00016746584210828103 3.1502315983488396e-05 0.000234599155830073 0.00017889504568790183 0.000432119354639923 7.053272241959881e-05 0.00012002350553142602 0.0002361889088983013 0.00023048787810610658 0.00022654420949591255 0.00023354069123328994 0.0006395634187682963 0.00014290093005213237 0.00018792337260051955 0.00018218025491829328 0.00025721351015486004 0.00019295932929101026 0.00023073270760149125 0.00030768846100019583 7.162368185346807e-05 9.427868711684933e-05 0.00013429057986798064 0.0004229369085490611 0.0002360190988863578 0.0001360771494239732 0.00014005524554532 0.0002842201805473122 0.00034064973781653643 0.00013412003605195786 0.00037391069315533963 0.0005566308161124285 0.0033372025627575073 0.00023823088445810712 0.00013781309908492606 0.002767639558209847 0.002444969703706131 0.0003786963223333531 0.00011558478268263948 0.0005652116760253556 0.00011981729978844789 0.00028384310236660785 0.0002526000395343295 0.00023297181956673306 0.00011384734860188646 0.00023952258671791933 0.00010359920479555262 0.00025009772840620424 0.00046763191977606156 0.00018110588274488187 2.4634603290137242e-05 0.00018699041446363447 0.00028014199554180733 0.0002950623428959623 0.00024452235287060914 0.0004912316514631065 0.00041447745761167784 0.0005805328578988778 0.0030473348754701986 0.0030610026497498526 8.111514583855981e-05 0.000551977085345863 0.0001920519540700511 6.083945276613651e-05 0.0002027374757878764 0.00023819015151182774 0.00023021906768217523 0.0003086567588943505 0.0003100748079428739 7.450964334570572e-05 0.00025744092915444696 4.652413022980222e-05 0.0001951397788101143 0.0002407243068540001 0.0002909596570159812 7.410077778399262e-05 0.00022991282190553848 0.00013780594900941113 0.00023233990048603285 0.0002296142026288269 0.0002968183617680337 0.00024871286451088166 0.00024011514780536555 0.00040104378289858685 0.0001373086576573306 0.00041124769375704595 0.00044940463972368004 0.00018232230551237482 0.0002189872636260832 0.00023344686868302973 0.00027333574006412737 0.00024264064824614152 9.602411113897129e-05 7.44544538187387e-05 0.00012970051847796863 0.0001356618767693333 0.00292714677526015 0.00292159336537507 0.00032339823373041704 0.0004258357282002837 0.0003051155431851623 0.00012859182949233618 0.00017406226520559428 0.0006148414008475627 0.00024793683539482345 0.00016414952929851823 0.00010634068564252644 0.00028300875019395027 5.277978902880725e-05 0.00031881194507410844 0.00013588499245191794 0.0002355630795825532 0.00019906177327073623 0.0001003568043888998 0.00023304031369338077 0.0002536194410888515 0.00023816145875767562 0.0002277538868275987 0.00026680401907092717 0.00026429059064079444 0.0002119025930038507 0.0002064929264208999 0.00018539608795644762 0.00022656768211969184 0.00010859633532774027 0.00023309600840648207 0.0002070870286066578 0.00016658100449422095 0.00023507479352096822 0.00016128963515848926 0.00024809823977125475 0.00026723315000329187 0.00028844537696644517 0.0002543019928833202 0.0002643017540230729 0.00025161311944379094 0.0002731659899639099 0.00022358875412620394 0.0003995721920588801 0.00015988831467253733 0.00043177043840618933 0.0005279208192730758 0.0002798620930811729 0.00021573657884913048 3.5994944420752446e-05 0.0001574740992001846 0.00020486498583041082 0.0003109264211656759 0.0005570553857782891 0.00011964953229936189 0.00011567792922437581 0.0003041035899120532 7.20044721999271e-05 0.00019182132731620832 0.0001863336306371146 0.0001698245207204241 0.0002699892126824834 0.00017863883340077125 0.00019881930369580723 0.00011355403308500406 0.00015567582210177357 0.0001593619941665564 0.00016614653430474703 0.00024057787794152683 0.0011236884262802577 0.00024032003465748188 0.003057697818105616 0.00047755776236566537 0.0002292385476562367 0.0001569042340340712 0.00043884078719269646 0.00020921845489657167 0.00021005379354948857 0.0001208044770783836 0.0002974348579963088 0.00021619565870996442 0.00024207879111720127 0.00019478529294630404 0.00026343353267024465 0.0002019118288361545 0.00024109777170737388 0.00013147756191006732 6.271780673282799e-05 0.0001249039902637681 0.000279236509647068 0.0002491732637736599 0.00016106295846196638 0.00021897689614790776 0.0002070648105213054 0.0005210590823462245 0.00029178383253814676 0.001864817993360782 0.00019375890978429302 0.00014829284308746026 0.00020056573610657588 0.00031040774834555383 0.0002371220122801879 0.00010665499168771524 0.0003131872089447229 0.00022435205182034826 0.00011745947532659506 0.00010053698490399212 0.0002140949930464979 0.00016612413883173566 0.00020177920078256553 0.0002779156790279495 0.00020569603029703263 0.00029248060111971007 0.00025219674514663054 0.00017320248315146048 0.00034123864610249036 0.00033127937740627124 0.0005987148213404677 0.00026958736264580776 0.00022098237707709347 0.0001464484768112922 0.00018944519834843652 0.00022773053626440787 0.00019284931422426085 0.00018726989255178872 0.00026762263939322334 0.0001685617015026768 0.00024518377511816437 0.00015885876265552372 0.00011910404872627233 0.00016504452838187633 0.0001985638508309137 0.00015404545110468134 0.0001803875626928967 0.0002233441337255537 0.00029627201143548156 0.0002006765289855982 0.00020267851761890783 4.572237096022878e-05 0.00027888055502402534 0.00020044649472913216 0.00018697313619322036 0.0002132664615798131 0.00024188347773104502 0.00019254881955989547 0.00020468662798927385 0.00021441729420481264 0.0002211460247683045 0.0002150900302686757 9.490140407632636e-05 0.0001559284755858122 0.0001040428174932185 0.00017571558654557395 0.00024388373620094967 0.000186897737746896 0.0002044056991388989 0.00012926435179767771 0.0002023606557435909 0.0002217334876846061 0.0001562506473188473 0.00015222458279746975 0.00022979786179676777 0.0002469031318157692 0.0002303767762182453 0.00019893649579751763 0.00019888514887015513 9.145315208304419e-05 0.00015639670163821365 0.00015240610120028167 0.00016390995949662623 0.0001729650510392117 0.00022140648001983955 0.00015821042360017167 0.00011972466957894826 0.00024019344542437212 0.00022057677733215123 0.0001964871638272829 0.00016553685371441615 0.00019382675650610434 0.00021469000171113478 0.00015771588977232055 0.00024585232020253107 0.00023884185147910557 0.0001818164645920329 0.00020497928321852932 0.0002615772371371302 0.00014382094622422854 0.00026744672591580827 0.00025798532543858837 0.0003219917035718525 0.0002955337766046615 0.00015181408354636387 0.00015884923298804734 0.00025550782900136146 0.000302608368642842 0.0001841569356313614 0.00028761426655402164 0.00021983175328183408 0.00026949111575485867 0.0002197525903946755 0.00010815830539860802 0.00028491270563100535 0.00021802481151786992 0.00011767223088770493 0.0002574909856504115 0.00021126154164350505 0.00022911946685269313 0.00024103358045057257 0.0002133313278081701 0.00026044494255632485 0.0002651959931453831 0.00043728767879182404 0.00019581760867231195 0.00018091645012440364 0.000103900094764404 0.0001999701188847762 0.0001205549639686964 0.0002087938946018214 0.00016912239285810126 0.0001919795670597 0.00019409524918015064 0.0002970037761548391 0.0002206507072834794 0.00017230013468323333 0.0002640313558585003 0.0001838106858683807 0.00021008905725114678 0.00019432491876622071 0.0002172913383503984 0.00019054955674478646 0.00025337682485162747 0.0002678457786420161 0.00021420948136846054 0.00019887602104589396 0.00017511977238695835 0.00020769523569783404 0.00039824744107463164 0.00038624290418505085 0.0005367384424621751 0.0005005762269423206 8.256710564242311e-05 0.0001256925115542232 0.00015767221298687326 0.00019801780146377342 0.00023460390878841052 9.414162197504764e-05 0.00021583807784868864 0.00023291258683120797 0.0001002079753862556 0.0002457932102687009 0.0002615974057517262 0.0002715613090922342 0.0002826712712597651 0.0002838047067209532 9.749905711706628e-05 9.513482380707285e-05 0.0002619169072410342 0.0004888650164930925 0.00017386077580143052 0.00015950145245419148 0.00024493265014249323 0.00019481655751115958 0.0002153520433242418 0.00027409905178507577 8.962435560371318e-05 0.00022847726102704982 0.00015767876485927218 0.0001718238428514299 0.00019232654642463383 0.0004487511876357672 0.0002529312203185277 0.00018017861052598328 0.0002760565412005166 0.0002458571385536911 2.5407659117827747e-05 0.00029014873941025205 8.127506104578973e-05 0.0002324175754298063 0.00022523571747321274 0.0001895509870527099 0.00022694005035245565 0.00020062296333583503 0.00010187429925646896 8.727394355380215e-05 0.0002557601805188996 0.0002116637299780722 0.00011548594608044417 0.0002532701233711408 0.0002302546105423334 0.00022309534650327603 0.000255195689466551 0.00011111296580095729 0.00023218842358961543 0.00024309280448404693 6.269675116410002e-05 0.0001656496684980126 0.0002030091734099736 0.00010650505633174572 0.0001808488574960519 0.0002544169584597034 0.0002131723081253599 0.0001164581226285795 0.00027486209907686754 0.0001176655111883491 0.00021488103241990833 0.0002285642595656111 0.00015535140068703368 0.00014632058041114335 0.0001878247307048825 0.00012106572297591089 0.00020706446616651746 0.00028453467078167085 0.0002733314055257968 0.00017817367396615668 0.0002216094915442925 0.0002481492804888691 0.00023028961287802844 0.0005106473763178955 0.00047268289133911025 0.0002156874175671986 0.00013663171398806188 0.0002699452340313468 0.00023647341906717645 0.00028866734016450143 8.376286716932313e-05 0.00018031109671783825 0.00018531711436140774 0.00023423873628276366 0.00022973537725419024 0.000199430051767268 0.00027308569102209876 0.00020823774469194356 0.00021649437889897284 0.000186629191727581 2.245466772014028e-05 0.00018285048634801422 0.0002736463446831401 0.00029688311631001615 0.0001606565596898016 0.00032217492730894827 0.0029120546260170753 0.0018485045701089838 0.00019853562615150083 0.0020679885865571112 0.001552518221601224 0.00024291167564026108 0.0002693409989742331 0.00041037054378974117 0.0005041859966762719 0.0011816689304244108 0.00036870808502838053 0.0006402437349866375 0.00029212265127595327 0.0003148615435729373 0.00026198597339555844 0.0004957109603420939 0.0016843364661115444 0.00040394140865878205 0.0003235766749772323 0.0005035781214171161 0.0001807370933083761 0.0002260913108114565 0.0003062167323514148 0.000451240906425841 4.6325688818736236e-05 0.00028688925557635513 0.0002667773709013721 0.00020551521603902337 0.00024402637263496094 0.00015497883535241333 0.00039678520048418706 0.00023353064430163287 0.000166050521118212 0.0002660301946629562 0.00018414762809321617 0.00022869770717420625 0.00016013923280966549 0.00016556071884846378 0.00015280752132402911 0.00011012678361516436 0.00042619101320535237 0.00236959324148882 0.00030453484195584507 0.00016904199170258624 0.0004731874235911406 0.00038320948852236993 0.0003338842385809353 0.0002202447530963322 0.00016663019050507853 0.00022690244599069936 0.00013765059602705699 0.00022714335528713756 0.0001544209135146529 8.998921659571335e-05 0.00021772281145043256 0.0001755512472058776 0.00025909972699607835 0.00011766270822272459 0.000148399879676528 0.00020797282551822545 0.00011441892545146862 0.00014322308178340494 9.243928606318735e-05 8.585832766943538e-05 0.00027167683645814374 0.00015601334763113995 0.0003055891466539452 9.874653896580244e-05 0.0002352274859810094 0.00021587212772235373 0.00017583279015445684 0.00026848215585771975 4.100921651104741e-05 0.0001423820360911422 5.196996241355815e-05 0.000112770316012079 0.00015921912877478282 0.000129024331708328 0.0001714149941343968 0.00025952968258920075 0.00023858620712895805 0.00026919071947968204 0.00015986796231121718 0.00016830977483886674 0.0003185092724602317 0.00029564736999800945 0.00037503032028133655 0.0002716126287161212 0.0002146833479266449 7.883036250530654e-05 0.00024499900830339847 0.00028455904250588736 0.00027905956990552773 0.00031177827879712674 0.00021838572570354717 0.00018062662206756082 0.0002641566820494216 0.00030492585679533585 0.0001480326746084638 0.00013524433475369346 0.0001374583581499381 0.00015383281256198448 0.0002563050232566679 0.0002412975537581003 0.0001100139326207489 0.00016804435353043047 0.0002710267252948866 0.00020680707234081106 0.0001473310314009039 6.729526911692553e-05 0.00013118205712010685 0.00028604382253951565 9.416610793355092e-05 0.0004207395072327889 0.00016410268748996237 0.00029002472377035073 0.0002405730589735104 0.00016657712585633217 0.0001720628402850905 0.00023402045984107132 0.00016554894274125763 0.00014954479077007116 9.498699850645595e-05 0.00016060091548809533 0.00027884041988782116 0.00014601665409589762 0.00032230932721920237 0.00036233097683482257 0.00018492862144607377 0.00012214626866766104 0.00016417272828470582 0.0002051842715103098 0.00017547055013146303 0.00030349552582344515 0.00023052902285267097 0.00021224723518410265 0.00015790298360780132 0.00021886694116045612 0.0001957665649980194 0.00013583807484952558 4.384739312228422e-05 0.00016808882204053432 0.0002834137151645975 0.00023098486300195676 0.00023308938529107402 0.0002543167651171098 0.00022050938740381215 0.00011972863071022424 0.00020995306364686856 0.0001890505571329868 0.00016204647367765068 0.00016913449561073302 5.971755157550055e-05 0.00012239286260644187 0.00025826415647146086 0.00024451453755382175 0.0003193082741755925 1.0540925533894598e-07 1.0540925533894598e-07 0.00016270169224738405 0.00018922463672671255 0.0002505812914611819 0.00021503976548534757 0.000215034311607238 0.0001927999628878186 0.00017171866224148567 0.0004338543009678555 0.00026158302256217773 0.00021854309923776395 0.00023932015019015014 0.00011526020349125354 0.00017497376358296333 0.00017141553752253916 0.0001954510857821486 0.000462545212616053 0.0033114958149998166 0.0031034716546649247 0.0006219228775139403 0.0004670927006648141 0.0001795086787599234 0.000262013904381974 0.00022061911464761556 0.0002813174933758819 0.00020421930493296416 0.0002290585050021871 0.0002464716446291429 0.00029253164736480755 0.00019811946767460376 0.0002105963827453934 0.00026269079143256607 0.000250735528398224 0.0003405638680797831 0.00034702520249299497 0.00027005230532897126 0.0002775501133872808 0.00022006327232100092 0.0002819522220381263 0.0003197634388843931 0.00024072851869099944 0.00025698560039930584 0.00024417252531957784 0.0002287573848279349 0.00014218073678178833 0.00031164406058343174 0.00025773769223547035 0.0002619275034673585 0.0002806715851561507 0.0002874104157991889 0.0002493144959292878 0.00032884249723109417 0.0002713233155061039 0.0002730756304013754 0.00028708900247397467 0.0002921755911047171 0.0001310864232151698 0.00020684573989765586 0.0002189441279208321 0.00029484243315183793 0.00024751082900290603 0.00027145609792292774 0.0003317321424104762 0.00023572193450878984 0.00032769824207389404 0.00027490533424915335 0.0004583940065491067 0.00022659575952801484 0.0002169152005397133 0.0003279050288292033 0.00020416391676725935 0.00021111342583373836 0.00019865024612064988 0.0001351731670458717 0.0005271215815178314 0.00020885479998097135 0.0003434246766968449 9.469250094737047e-05 0.0002921701660062442 0.00018649248823274751 0.0002603809210088564 0.0001994802713947294 0.000564304606969875 0.0006496004133018166 0.00020971845812539706 0.0034429246418578446 0.00031817515611265603 0.00036398222044068984 0.0005682652907897328 0.000220585758314301 8.602286824891441e-05 0.0002996312039747117 0.00037615039749279373 0.00025805649763192807 0.00022429903364946775 0.00027743191345329864 0.0006087789924077376 0.000274015498625373 0.0036087410187003997 0.0004009955007128387 0.00010336953695764413 0.0002548781142405281 0.00025249225141904 0.00044406179637144783 0.0002236839995265498 0.0002617600269044089 0.0001640235387665296 0.0002524146098947038 0.0003193593215811054 0.0002459458266406114 0.00017071568416100218 0.0002044881081620301 0.00018783193671360944 0.00021292603996175735 0.00023198216595436883 0.000179175272571253 0.00026742994224947334 0.0002633698837738313 0.00017656768275462866 0.000231468040726998 9.350536297902835e-05 0.00028166059495507526 0.0002563012796420822 0.00030862305867161884 0.00031688002608011763 0.0005228171564504488 0.0003354330704635609 0.0004415941525861415 0.00029365186472251145 0.00034757448595445876 0.00025223769384784836 0.000381018903176303 0.000157830111883589 0.0003367274076971338 0.000403068732012984 0.00023526293553593632 0.0002348496777131546 0.00028830138950118296 0.00029180980706927146 0.00018512631005940708 0.00027464226392061677 0.0006007308607419214 0.00030268570290273013 0.0001587407948214744 0.00027098053501629216 0.0003848216456980035 0.0003456118451218116 0.00027812349308188134 0.000270934773311089 0.0002632850796988648 0.00029368666653979193 0.0002748769473059588 0.0002597034494621426 0.00028895706421722784 0.0006997614558006526 0.00019871317789981794 0.00016816388224397295 0.00018498915754792074 2.319429484981879e-05 0.0005211867612734938 0.0003518310811076227 0.00013140781724535434 0.0005594049838735135 0.0005185325466045793 0.003522612954436853 0.0005274879368992069 0.0003628828059950527 0.0002723983398754373 0.00021722032434994578 0.00042278973308723325 2.7850174809016576e-05 0.00043744592438260395 0.00044199916458938747 0.0004224380658540937 0.003918850634059046 0.0003979230166051222 0.00030924443998070494 0.0002521577839008591 0.00023690089017035847 0.00026717685756244775 0.00012554158790911078 0.0002649132293018853 0.00020291243460256712 0.0003708016162879879 0.00025762455706028654 0.0002816217985307594 0.00023491009740128586 0.000453619835551086 0.00021889634195855454 0.0005286612989385838 0.0003711722174555854 0.0002525165201743286 0.00031697465957260674 0.0002440141557347244 0.00029071782776406255 0.00019484469673975392 0.0002315258773355682 0.0028186603620354352 0.0002215639795504232</DataArray>
<DataArray type="Float64" Name="g_contact" format="ascii">0.00011168874865480852 9.799650103637675e-05 0.00012575464316439322 2.421281799223098e-06 1.3540909730820661e-06 0.0001284243618786364 0.0001534568169140955 0.00010952628212539009 0.0001539410098052249 0.0018144831455318001 0.001390266506104782 0.0003479990473234809 0.00029203506926840775 0.00035177051018594926 0.0011031367844778377 0.00017129757948166908 1.9642187330875233e-06 0.00010248313482971217 0.00014556965213574982 0.00011144414567926321 9.052471206197441e-05 0.00017368635229307513 0.00018289891923240083 1.2556182578802542e-06 0.00011650812008331882 0.00011759303988624493 8.611268645180218e-05 9.614638521230235e-05 0.00011086783568777879 0.00019387701841391234 0.00012378079596504717 0.00014514785017147612 0.0001418669539522652 0.00020237351514289128 4.9066170999011135e-05 0.00012804713000755656 0.0002179270421755367 0.00022596219123486802 0.0001755676853061063 7.41349044733197e-05 0.00011911169654631063 7.048222588732952e-05 0.00011315003709602295 8.630561114394962e-05 9.957180368454399e-05 4.905894919362847e-05 0.00011407297002879038 9.437737275019094e-05 0.00011221876920353839 0.00011829316039156675 3.929130253466515e-05 6.235429156546057e-05 9.931071670201846e-05 0.00012756156193932287 0.00015222103948611446 0.00015561619027102026 9.078759561737672e-05 0.00017009729782620662 0.00015065698417909167 0.0001969775886212476 0.00020103506379137766 0.0001423409290191462 8.660254037844388e-08 1.4140824429729526e-06 0.00011308300936716612 9.830591535101696e-05 0.0001589364633201988 8.934125439312265e-05 0.00014412292117284823 0.00019324432015046597 0.00011428609849551221 0.0001636940373377674 0.00019426123656459998 0.00011169587857594051 0.00010183605488341653 0.00014938828441179986 0.00010947449982090995 0.00011581555709972166 0.0001253960756532205 0.00023452269746810394 8.841836458458075e-05 7.904033291018274e-05 0.0001452203909794941 0.00015011991522332778 0.00013595711328471977 0.00018317189930365643 4.082708176979528e-05 0.00015920712620343417 0.00011562059909287428 0.00012842814610317 8.995329530163269e-05 0.00011001791101131321 0.0001082086653339006 0.00025608525367307476 0.00012423383270380352 0.00011932336085939161 0.0003963665106456944 0.0001896683857225429 2.330330601651002e-06 4.977963819705122e-06 0.00017977479474466293 9.395828210584523e-05 0.0002152296820188038 0.00016278528852230778 1.8550889330218922e-06 3.904156033530338e-05 0.0002612755376438665 0.00027536920926350493 0.001102756281574212 0.0017620345569450684 1.6033728879141475e-05 0.0002807996443950028 0.00015916396082144496 0.00014432173834532028 0.0001719733597172711 0.00018925581532776238 0.00022091556013347833 0.00019409470673323052 0.00010650402834853082 0.00012819895425471807 0.00013639385695098864 8.660254037844388e-08 8.29707131459989e-05 5.119995190407703e-05 9.92262517535809e-05 0.00011084258757908376 7.979868256492892e-05 0.0002530457903372897 0.0001309994781923229 0.0001325760703342258 0.00016743938130929164 0.00015945287718587909 0.00015878075426262991 0.0003421466181966226 0.00018527213829002645 7.861587370213381e-05 6.855384405880341e-05 0.00014908152355133254 6.939348012022754e-05 0.00010530026677898333 0.00010944720798404443 0.0001502850086269702 0.00023896935245705468 0.0001461557954380465 0.0015208477964391953 0.00169070053290031 0.00026666354582695594 0.00028397487037782183 0.0001373295998391042 9.648459597544896e-05 0.00020617745164006564 0.00018768785029780525 0.00015303798129583576 0.00010299679343219808 0.00011019884099092588 0.00010615403144555424 0.00013588594770984428 0.00013651701270969813 0.0001513573155008096 0.0003999553894292641 0.00028657808656517344 0.002004551639444531 8.348831117968946e-05 7.863368611741492e-05 0.00015161794453051798 5.502855888612075e-05 0.00016732939845370918 0.00017162840713780394 5.337243980562598e-05 0.00011663199632753567 0.00017856801861828653 7.363765281701277e-05 9.905235908964228e-05 8.940710020420713e-05 0.00011131642994208788 0.0003710373673583753 0.00048266215667380037 0.00012587614583877202 0.00020251396934696644 3.6470910894519746e-05 0.00020330836781653233 0.00013943041249511512 6.70786619547381e-05 8.586747393759229e-05 0.00012967262242169532 0.00014063304426434808 0.00023593023698482648 0.0002359262716416979 0.0024418242296969355 7.477076193339408e-05 0.00021704531884510534 0.0003872770786855471 0.002229084492913569 0.00020450745675693627 0.00019104716224193336 0.00022393353760485676 0.00015802662256511426 0.00018267876307156365 0.00011199976633978008 0.00016952592187896782 0.0001808693689810152 0.0001638005810682334 0.00017451011102442732 0.00014750943024526868 0.00021105993760647208 0.0001899707644289086 5.58952579287457e-05 0.002166833102459119 0.0015864299679616979 0.0019704458159392046 0.00023970676161407195 0.00043733343973418324 0.002060410908303086 0.00014686974781357042 0.00038223124906959315 0.001555934360019343 0.0003976328733009711 0.0014234396382941327 7.873732145942153e-05 0.00012390709904420999 0.00012612675846861564 0.00011780162473064447 0.00012968647406330893 0.0001007119966683269 0.00016428617164780966 0.00020052980219960684 0.00020712230242197932 0.00015488335505747528 0.0001238131432755268 0.0002105531294395347 0.00023576455983156111 0.00021827730851340635 0.0001445210212820013 0.00013921326896064134 0.0003138653563582929 0.00019400181613421535 0.00030199992660426777 0.00012342018967904063 6.416268726437891e-05 0.00012650433958348603 8.017015860261546e-05 4.528874488916113e-05 8.04751492776595e-05 7.214708622123809e-05 0.0001365664488463315 0.00020190000644554261 0.0001637145570613126 0.00020020930925580892 0.00010693516560173213 0.00011913909794032914 0.0001704138598057582 0.00013514113689563065 0.0001283601386219223 0.00010212444093733859 0.0001159348598805941 0.00012159131536124719 9.54090210501365e-05 0.0002987581190114317 7.357119371586097e-05 0.00016581038600664124 7.251291948753518e-05 5.837041457802205e-05 0.00011703511020087283 0.00019969190558923245 0.00019059952992342137 7.923703029898176e-05 5.419789459178059e-05 0.00022241767306074335 0.000190701701590001 0.0002377067788315437 6.444179110848885e-05 6.220628464012963e-05 0.00023218283363143956 0.00018183002768288806 0.00022444786942255277 0.0001687395280708799 0.0003897707711018935 0.00018117420376667862 0.0001659014522034189 0.00019742068448549025 0.00022291243603349644 0.00020300142845311122 0.00018354605519711048 0.0002034670615629669 0.00023926829053923945 9.415111630720843e-05 0.00022695719437510972 0.00016601528440297154 0.00021570392740252522 0.0001701559166115479 0.00020387668528554237 0.000126603270241169 0.00016249301475424147 0.0019145137647140135 0.00035453988671938934 0.00013310528244868858 0.00021214870541580813 2.8882894859926464e-05 0.0001198939383406286 0.002882983822580047 0.0027841644972077927 0.00040042591601436147 0.0024772887542376934 0.0002588255036588129 0.00019510072181780068 0.00034014060678928815 0.00017060784555588977 0.0001252455813856524 0.00021924594467588972 5.161059312270501e-05 0.00015742143396163633 0.00014489926693917534 4.874915516902982e-05 5.559681622052189e-05 0.00011648491111677634 0.00010526432738161929 7.26699318543872e-05 0.00021915330990239686 0.00015895278983315606 0.00013428658648717266 0.00016755667804651422 7.311920393950611e-05 0.0002617513633888416 0.00040507434902774605 0.00013742880928239006 0.0002166618575825404 0.00011900949906074175 0.0001972378411011862 0.00014238436137070304 0.0024134204368485694 0.002488737204547146 0.00048124391906917137 0.0001978680591685172 0.0001226949922186533 0.0002664351281338166 0.00014282158983342343 0.00015765124946100535 0.00019357158973332364 0.00023466042040742337 0.000223795127027706 0.00023980507506627153 9.21228042742367e-05 0.00010881835884531727 0.00029889010302539226 0.0001228874680590102 0.00017188885163414908 0.00026694350532517863 0.0002037127082485852 0.0002441536811984813 0.00019558339059458084 0.0002590260524915525 0.0026268442887890948 0.0004106510392511403 0.00019268298577249855 0.00024641794092049123 0.00024084292720189183 0.0003192314790882186 0.0004189880394909195 0.0004213404907481335 0.00029788217970426543 0.0002469519349137657 0.0002513270542913242 0.0002165638571595011 0.00029771125185221767 0.00022126432308204507 0.0002095868174265698 0.00022304133171224932 0.00015450716208506075 0.00021506570971317006 0.00013267375557190098 0.00022942112462637364 0.00025326700842637955 0.00019004641291866454 0.00012832674299974713 0.00014362768537180002 0.00015157625256420943 0.00020890386355019392 0.00017176116161747267 0.00011495606505875496 0.0003324775672213537 0.00024410510931884404 0.0002459326879397331 3.814392747399385e-05 0.0002621788228568271 0.00020201213037336616 0.00016161100108158218 0.0002481465755454521 0.00025283855624935535 0.00012040393208989841 0.00015921521540103442 0.00020204504533772973 0.00025351994176718237 0.0001850967777832641 0.00019416460480002688 0.00011088873066979129 0.00014200319115429658 0.00016332884807915263 0.00024187646063246083 0.00022814919010466904 0.00024218471759498392 0.0002643953630836838 0.0003256505477775748 0.00022155364458409512 0.0003172291691300777 0.00023557216822919728 0.00028752049644335017 0.00011982758453476993 0.00017929185967800282 0.00027517690552905546 1.8561203393624094e-05 0.0002463438350115338 0.00026717864691141264 0.0001385851461100267 8.510464248632185e-05 0.00019432388550886563 3.239199598105694e-05 0.00018527307102194436 0.0002243570071226234 5.073599571453738e-05 0.0001227585332321219 0.00012392981694176315 0.00023012725504973993 0.00019491166426890193 0.00022304072555121802 0.0002156767572825344 0.00026518034816305026 0.0001670019665038756 6.331979641566178e-05 0.0001214241178617187 0.00020771867576569865 0.00013140085198845328 0.0002587231214450011 0.00018907737735642183 0.00025332956791783575 0.00012211918234543038 0.00021444339104344234 0.00019214893471966268 0.00024868707842649136 0.0002334944851240316 0.000171263382711837 0.00021459252385537205 0.00016250518734685276 0.00024240217933961712 0.0002389069402581749 0.0001531416504479995 0.00018419933221432543 0.00017914948347368204 0.00020030539209319248 0.0002383071675846704 0.0002716958012122537 0.0002640685026194132 0.00021144860730700298 0.00017094424418243577 0.00018787486763254766 0.00019351191741364478 0.00039150853932104436 0.00010974667630728154 0.0003321463224394624 0.002691779879320666 0.00025641028632251056 0.00036244270228621376 0.00043802686736205186 0.0021704567974308907 0.0003580782507009684 0.0023865738022334497 0.00020726752464391403 0.00012367568452602415 0.00018357967166524896 0.00011606195662755924 0.0003034964844600322 0.0005240458724511828 0.0002175718278912611 0.0003960145652566228 0.00031171599309524775 0.00024652859871355495 0.00015453418071706404 0.00020881824969946016 0.00024374248577244275 0.0002652010611254082 0.0002429561319867742 0.00017158872756310262 0.0002219737447243477 0.0002224913681907964 0.00020129694134355538 0.00015403357676375327 0.00019031290155572018 0.0002089717441516987 0.0003268879187509523 0.00018525991218590711 0.00016346052262130735 0.00011407538988402331 0.00020111577704267836 0.00016229574006830876 0.0002922758714023149 0.00022966747424125675 0.00027720875637434443 0.0002797910928883112 0.00019705463925157501 0.00021275067332393778 0.0002231014299980825 0.0002449027802060344 0.00022538638224190276 0.00019849958150107463 0.00017672835603867233 0.00025432748181991425 0.00032986566517741634 0.0002128168533196055 0.00032191266668815986 9.206257861320413e-05 0.00024448727195911115 0.0021653949984299717 0.0002815644317479995 0.0028328439546720045 0.0003805505099105504 0.0026344722619340856 0.000468275060700949 0.000294449169125327 0.00022109883926519998 0.00023320853094022795 0.00011391528411298315 0.0002034571829797616 0.000382293912644007 0.00023757680721528212 0.0004175987169605625 0.0022466979579231564 0.00044433442497251335 0.0017779186041037734 0.0003283317288759647 0.00021745170711273427 0.00021749569060047018 0.0001823257706911592 0.00022236422424196854 0.0005298549494058511 0.0002176092023242371 0.00026984753399804894 0.00016046753584946947 0.00019528210200374556 0.00025764692960389635 2.8178201934918535e-05 0.00024297173514081994 0.0001425540410179768 0.00027743723222851724 0.00020534080310457328 0.00027422055997664024 0.000188345449463551 0.0003243346871440684 0.00013464022145829896 0.0002397642679100233 0.000171453371495747 0.0001097933965507177 0.00017348259461625164 0.00018833155307985266 0.00016583882670485954 0.00011294258740978503 0.00016076857530541351 4.351221726170173e-05 0.0002611925544555613 0.0002416127702411252 0.0002024329556127561 0.00020814753529968224 0.00019028382776097784 0.00018022263430497867 0.00041404807156895387 0.0002554908885473128 0.0031446531096324696 0.00024340996022261048 0.00023571720467342673 0.0001289384469783862 0.00011806121860225244 0.0036698643946513005 0.0022675240860792157 0.00018684365208193046 0.00019944408691847986 0.00016270744645212394 0.00041478222164078546 0.00029629046691516256 0.00016746584210828103 3.1502315983488396e-05 0.000234599155830073 0.00017889504568790183 0.000432119354639923 7.053272241959881e-05 0.00012002350553142602 0.0002361889088983013 0.00023048787810610658 0.00022654420949591255 0.00023354069123328994 0.0006395634187682963 0.00014290093005213237 0.00018792337260051955 0.00018218025491829328 0.00025721351015486004 0.00019295932929101026 0.00023073270760149125 0.00030768846100019583 7.162368185346807e-05 9.427868711684933e-05 0.00013429057986798064 0.0004229369085490611 0.0002360190988863578 0.0001360771494239732 0.00014005524554532 0.0002842201805473122 0.00034064973781653643 0.00013412003605195786 0.00037391069315533963 0.0005566308161124285 0.0033372025627575073 0.00023823088445810712 0.00013781309908492606 0.002767639558209847 0.002444969703706131 0.0003786963223333531 0.00011558478268263948 0.0005652116760253556 0.00011981729978844789 0.00028384310236660785 0.0002526000395343295 0.00023297181956673306 0.00011384734860188646 0.00023952258671791933 0.00010359920479555262 0.00025009772840620424 0.00046763191977606156 0.00018110588274488187 2.4634603290137242e-05 0.00018699041446363447 0.00028014199554180733 0.0002950623428959623 0.00024452235287060914 0.0004912316514631065 0.00041447745761167784 0.0005805328578988778 0.0030473348754701986 0.0030610026497498526 8.111514583855981e-05 0.000551977085345863 0.0001920519540700511 6.083945276613651e-05 0.0002027374757878764 0.00023819015151182774 0.00023021906768217523 0.0003086567588943505 0.0003100748079428739 7.450964334570572e-05 0.00025744092915444696 4.652413022980222e-05 0.0001951397788101143 0.0002407243068540001 0.0002909596570159812 7.410077778399262e-05 0.00022991282190553848 0.00013780594900941113 0.00023233990048603285 0.0002296142026288269 0.0002968183617680337 0.00024871286451088166 0.00024011514780536555 0.00040104378289858685 0.0001373086576573306 0.00041124769375704595 0.00044940463972368004 0.00018232230551237482 0.0002189872636260832 0.00023344686868302973 0.00027333574006412737 0.00024264064824614152 9.602411113897129e-05 7.44544538187387e-05 0.00012970051847796863 0.0001356618767693333 0.00292714677526015 0.00292159336537507 0.00032339823373041704 0.0004258357282002837 0.0003051155431851623 0.00012859182949233618 0.00017406226520559428 0.0006148414008475627 0.00024793683539482345 0.00016414952929851823 0.00010634068564252644 0.00028300875019395027 5.277978902880725e-05 0.00031881194507410844 0.00013588499245191794 0.0002355630795825532 0.00019906177327073623 0.0001003568043888998 0.00023304031369338077 0.0002536194410888515 0.00023816145875767562 0.0002277538868275987 0.00026680401907092717 0.00026429059064079444 0.0002119025930038507 0.0002064929264208999 0.00018539608795644762 0.00022656768211969184 0.00010859633532774027 0.00023309600840648207 0.0002070870286066578 0.00016658100449422095 0.00023507479352096822 0.00016128963515848926 0.00024809823977125475 0.00026723315000329187 0.00028844537696644517 0.0002543019928833202 0.0002643017540230729 0.00025161311944379094 0.0002731659899639099 0.00022358875412620394 0.0003995721920588801 0.00015988831467253733 0.00043177043840618933 0.0005279208192730758 0.0002798620930811729 0.00021573657884913048 3.5994944420752446e-05 0.0001574740992001846 0.00020486498583041082 0.0003109264211656759 0.0005570553857782891 0.00011964953229936189 0.00011567792922437581 0.0003041035899120532 7.20044721999271e-05 0.00019182132731620832 0.0001863336306371146 0.0001698245207204241 0.0002699892126824834 0.00017863883340077125 0.00019881930369580723 0.00011355403308500406 0.00015567582210177357 0.0001593619941665564 0.00016614653430474703 0.00024057787794152683 0.0011236884262802577 0.00024032003465748188 0.003057697818105616 0.00047755776236566537 0.0002292385476562367 0.0001569042340340712 0.00043884078719269646 0.00020921845489657167 0.00021005379354948857 0.0001208044770783836 0.0002974348579963088 0.00021619565870996442 0.00024207879111720127 0.00019478529294630404 0.00026343353267024465 0.0002019118288361545 0.00024109777170737388 0.00013147756191006732 6.271780673282799e-05 0.0001249039902637681 0.000279236509647068 0.0002491732637736599 0.00016106295846196638 0.00021897689614790776 0.0002070648105213054 0.0005210590823462245 0.00029178383253814676 0.001864817993360782 0.00019375890978429302 0.00014829284308746026 0.00020056573610657588 0.00031040774834555383 0.0002371220122801879 0.00010665499168771524 0.0003131872089447229 0.00022435205182034826 0.00011745947532659506 0.00010053698490399212 0.0002140949930464979 0.00016612413883173566 0.00020177920078256553 0.0002779156790279495 0.00020569603029703263 0.00029248060111971007 0.00025219674514663054 0.00017320248315146048 0.00034123864610249036 0.00033127937740627124 0.0005987148213404677 0.00026958736264580776 0.00022098237707709347 0.0001464484768112922 0.00018944519834843652 0.00022773053626440787 0.00019284931422426085 0.00018726989255178872 0.00026762263939322334 0.0001685617015026768 0.00024518377511816437 0.00015885876265552372 0.00011910404872627233 0.00016504452838187633 0.0001985638508309137 0.00015404545110468134 0.0001803875626928967 0.0002233441337255537 0.00029627201143548156 0.0002006765289855982 0.00020267851761890783 4.572237096022878e-05 0.00027888055502402534 0.00020044649472913216 0.00018697313619322036 0.0002132664615798131 0.00024188347773104502 0.00019254881955989547 0.00020468662798927385 0.00021441729420481264 0.0002211460247683045 0.0002150900302686757 9.490140407632636e-05 0.0001559284755858122 0.0001040428174932185 0.00017571558654557395 0.00024388373620094967 0.000186897737746896 0.0002044056991388989 0.00012926435179767771 0.0002023606557435909 0.0002217334876846061 0.0001562506473188473 0.00015222458279746975 0.00022979786179676777 0.0002469031318157692 0.0002303767762182453 0.00019893649579751763 0.00019888514887015513 9.145315208304419e-05 0.00015639670163821365 0.00015240610120028167 0.00016390995949662623 0.0001729650510392117 0.00022140648001983955 0.00015821042360017167 0.00011972466957894826 0.00024019344542437212 0.00022057677733215123 0.0001964871638272829 0.00016553685371441615 0.00019382675650610434 0.00021469000171113478 0.00015771588977232055 0.00024585232020253107 0.00023884185147910557 0.0001818164645920329 0.00020497928321852932 0.0002615772371371302 0.00014382094622422854 0.00026744672591580827 0.00025798532543858837 0.0003219917035718525 0.0002955337766046615 0.00015181408354636387 0.00015884923298804734 0.00025550782900136146 0.000302608368642842 0.0001841569356313614 0.00028761426655402164 0.00021983175328183408 0.00026949111575485867 0.0002197525903946755 0.00010815830539860802 0.00028491270563100535 0.00021802481151786992 0.00011767223088770493 0.0002574909856504115 0.00021126154164350505 0.00022911946685269313 0.00024103358045057257 0.0002133313278081701 0.00026044494255632485 0.0002651959931453831 0.00043728767879182404 0.00019581760867231195 0.00018091645012440364 0.000103900094764404 0.0001999701188847762 0.0001205549639686964 0.0002087938946018214 0.00016912239285810126 0.0001919795670597 0.00019409524918015064 0.0002970037761548391 0.0002206507072834794 0.00017230013468323333 0.0002640313558585003 0.0001838106858683807 0.00021008905725114678 0.00019432491876622071 0.0002172913383503984 0.00019054955674478646 0.00025337682485162747 0.0002678457786420161 0.00021420948136846054 0.00019887602104589396 0.00017511977238695835 0.00020769523569783404 0.00039824744107463164 0.00038624290418505085 0.0005367384424621751 0.0005005762269423206 8.256710564242311e-05 0.0001256925115542232 0.00015767221298687326 0.00019801780146377342 0.00023460390878841052 9.414162197504764e-05 0.00021583807784868864 0.00023291258683120797 0.0001002079753862556 0.0002457932102687009 0.0002615974057517262 0.0002715613090922342 0.0002826712712597651 0.0002838047067209532 9.749905711706628e-05 9.513482380707285e-05 0.0002619169072410342 0.0004888650164930925 0.00017386077580143052 0.00015950145245419148 0.00024493265014249323 0.00019481655751115958 0.0002153520433242418 0.00027409905178507577 8.962435560371318e-05 0.00022847726102704982 0.00015767876485927218 0.0001718238428514299 0.00019232654642463383 0.0004487511876357672 0.0002529312203185277 0.00018017861052598328 0.0002760565412005166 0.0002458571385536911 2.5407659117827747e-05 0.00029014873941025205 8.127506104578973e-05 0.0002324175754298063 0.00022523571747321274 0.0001895509870527099 0.00022694005035245565 0.00020062296333583503 0.00010187429925646896 8.727394355380215e-05 0.0002557601805188996 0.0002116637299780722 0.00011548594608044417 0.0002532701233711408 0.0002302546105423334 0.00022309534650327603 0.000255195689466551 0.00011111296580095729 0.00023218842358961543 0.00024309280448404693 6.269675116410002e-05 0.0001656496684980126 0.0002030091734099736 0.00010650505633174572 0.0001808488574960519 0.0002544169584597034 0.0002131723081253599 0.0001164581226285795 0.00027486209907686754 0.0001176655111883491 0.00021488103241990833 0.0002285642595656111 0.00015535140068703368 0.00014632058041114335 0.0001878247307048825 0.00012106572297591089 0.00020706446616651746 0.00028453467078167085 0.0002733314055257968 0.00017817367396615668 0.0002216094915442925 0.0002481492804888691 0.00023028961287802844 0.0005106473763178955 0.00047268289133911025 0.0002156874175671986 0.00013663171398806188 0.0002699452340313468 0.00023647341906717645 0.00028866734016450143 8.376286716932313e-05 0.00018031109671783825 0.00018531711436140774 0.00023423873628276366 0.00022973537725419024 0.000199430051767268 0.00027308569102209876 0.00020823774469194356 0.00021649437889897284 0.000186629191727581 2.245466772014028e-05 0.00018285048634801422 0.0002736463446831401 0.00029688311631001615 0.0001606565596898016 0.00032217492730894827 0.0029120546260170753 0.0018485045701089838 0.00019853562615150083 0.0020679885865571112 0.001552518221601224 0.00024291167564026108 0.0002693409989742331 0.00041037054378974117 0.0005041859966762719 0.0011816689304244108 0.00036870808502838053 0.0006402437349866375 0.00029212265127595327 0.0003148615435729373 0.00026198597339555844 0.0004957109603420939 0.0016843364661115444 0.00040394140865878205 0.0003235766749772323 0.0005035781214171161 0.0001807370933083761 0.0002260913108114565 0.0003062167323514148 0.000451240906425841 4.6325688818736236e-05 0.00028688925557635513 0.0002667773709013721 0.00020551521603902337 0.00024402637263496094 0.00015497883535241333 0.00039678520048418706 0.00023353064430163287 0.000166050521118212 0.0002660301946629562 0.00018414762809321617 0.00022869770717420625 0.00016013923280966549 0.00016556071884846378 0.00015280752132402911 0.00011012678361516436 0.00042619101320535237 0.00236959324148882 0.00030453484195584507 0.00016904199170258624 0.0004731874235911406 0.00038320948852236993 0.0003338842385809353 0.0002202447530963322 0.00016663019050507853 0.00022690244599069936 0.00013765059602705699 0.00022714335528713756 0.0001544209135146529 8.998921659571335e-05 0.00021772281145043256 0.0001755512472058776 0.00025909972699607835 0.00011766270822272459 0.000148399879676528 0.00020797282551822545 0.00011441892545146862 0.00014322308178340494 9.243928606318735e-05 8.585832766943538e-05 0.00027167683645814374 0.00015601334763113995 0.0003055891466539452 9.874653896580244e-05 0.0002352274859810094 0.00021587212772235373 0.00017583279015445684 0.00026848215585771975 4.100921651104741e-05 0.0001423820360911422 5.196996241355815e-05 0.000112770316012079 0.00015921912877478282 0.000129024331708328 0.0001714149941343968 0.00025952968258920075 0.00023858620712895805 0.00026919071947968204 0.00015986796231121718 0.00016830977483886674 0.0003185092724602317 0.00029564736999800945 0.00037503032028133655 0.0002716126287161212 0.0002146833479266449 7.883036250530654e-05 0.00024499900830339847 0.00028455904250588736 0.00027905956990552773 0.00031177827879712674 0.00021838572570354717 0.00018062662206756082 0.0002641566820494216 0.00030492585679533585 0.0001480326746084638 0.00013524433475369346 0.0001374583581499381 0.00015383281256198448 0.0002563050232566679 0.0002412975537581003 0.0001100139326207489 0.00016804435353043047 0.0002710267252948866 0.00020680707234081106 0.0001473310314009039 6.729526911692553e-05 0.00013118205712010685 0.00028604382253951565 9.416610793355092e-05 0.0004207395072327889 0.00016410268748996237 0.00029002472377035073 0.0002405730589735104 0.00016657712585633217 0.0001720628402850905 0.00023402045984107132 0.00016554894274125763 0.00014954479077007116 9.498699850645595e-05 0.00016060091548809533 0.00027884041988782116 0.00014601665409589762 0.00032230932721920237 0.00036233097683482257 0.00018492862144607377 0.00012214626866766104 0.00016417272828470582 0.0002051842715103098 0.00017547055013146303 0.00030349552582344515 0.00023052902285267097 0.00021224723518410265 0.00015790298360780132 0.00021886694116045612 0.0001957665649980194 0.00013583807484952558 4.384739312228422e-05 0.00016808882204053432 0.0002834137151645975 0.00023098486300195676 0.00023308938529107402 0.0002543167651171098 0.00022050938740381215 0.00011972863071022424 0.00020995306364686856 0.0001890505571329868 0.00016204647367765068 0.00016913449561073302 5.971755157550055e-05 0.00012239286260644187 0.00025826415647146086 0.00024451453755382175 0.0003193082741755925 1.0540925533894598e-07 1.0540925533894598e-07 0.00016270169224738405 0.00018922463672671255 0.0002505812914611819 0.00021503976548534757 0.000215034311607238 0.0001927999628878186 0.00017171866224148567 0.0004338543009678555 0.00026158302256217773 0.00021854309923776395 0.00023932015019015014 0.00011526020349125354 0.00017497376358296333 0.00017141553752253916 0.0001954510857821486 0.000462545212616053 0.0033114958149998166 0.0031034716546649247 0.0006219228775139403 0.0004670927006648141 0.0001795086787599234 0.000262013904381974 0.00022061911464761556 0.0002813174933758819 0.00020421930493296416 0.0002290585050021871 0.0002464716446291429 0.00029253164736480755 0.00019811946767460376 0.0002105963827453934 0.00026269079143256607 0.000250735528398224 0.0003405638680797831 0.00034702520249299497 0.00027005230532897126 0.0002775501133872808 0.00022006327232100092 0.0002819522220381263 0.0003197634388843931 0.00024072851869099944 0.00025698560039930584 0.00024417252531957784 0.0002287573848279349 0.00014218073678178833 0.00031164406058343174 0.00025773769223547035 0.0002619275034673585 0.0002806715851561507 0.0002874104157991889 0.0002493144959292878 0.00032884249723109417 0.0002713233155061039 0.0002730756304013754 0.00028708900247397467 0.0002921755911047171 0.0001310864232151698 0.00020684573989765586 0.0002189441279208321 0.00029484243315183793 0.00024751082900290603 0.00027145609792292774 0.0003317321424104762 0.00023572193450878984 0.00032769824207389404 0.00027490533424915335 0.0004583940065491067 0.00022659575952801484 0.0002169152005397133 0.0003279050288292033 0.00020416391676725935 0.00021111342583373836 0.00019865024612064988 0.0001351731670458717 0.0005271215815178314 0.00020885479998097135 0.0003434246766968449 9.469250094737047e-05 0.0002921701660062442 0.00018649248823274751 0.0002603809210088564 0.0001994802713947294 0.000564304606969875 0.0006496004133018166 0.00020971845812539706 0.0034429246418578446 0.00031817515611265603 0.00036398222044068984 0.0005682652907897328 0.000220585758314301 8.602286824891441e-05 0.0002996312039747117 0.00037615039749279373 0.00025805649763192807 0.00022429903364946775 0.00027743191345329864 0.0006087789924077376 0.000274015498625373 0.0036087410187003997 0.0004009955007128387 0.00010336953695764413 0.0002548781142405281 0.00025249225141904 0.00044406179637144783 0.0002236839995265498 0.0002617600269044089 0.0001640235387665296 0.0002524146098947038 0.0003193593215811054 0.0002459458266406114 0.00017071568416100218 0.0002044881081620301 0.00018783193671360944 0.00021292603996175735 0.00023198216595436883 0.000179175272571253 0.00026742994224947334 0.0002633698837738313 0.00017656768275462866 0.000231468040726998 9.350536297902835e-05 0.00028166059495507526 0.0002563012796420822 0.00030862305867161884 0.00031688002608011763 0.0005228171564504488 0.0003354330704635609 0.0004415941525861415 0.00029365186472251145 0.00034757448595445876 0.00025223769384784836 0.000381018903176303 0.000157830111883589 0.0003367274076971338 0.000403068732012984 0.00023526293553593632 0.0002348496777131546 0.00028830138950118296 0.00029180980706927146 0.00018512631005940708 0.00027464226392061677 0.0006007308607419214 0.00030268570290273013 0.0001587407948214744 0.00027098053501629216 0.0003848216456980035 0.0003456118451218116 0.00027812349308188134 0.000270934773311089 0.0002632850796988648 0.00029368666653979193 0.0002748769473059588 0.0002597034494621426 0.00028895706421722784 0.0006997614558006526 0.00019871317789981794 0.00016816388224397295 0.00018498915754792074 2.319429484981879e-05 0.0005211867612734938 0.0003518310811076227 0.00013140781724535434 0.0005594049838735135 0.0005185325466045793 0.003522612954436853 0.0005274879368992069 0.0003628828059950527 0.0002723983398754373 0.00021722032434994578 0.00042278973308723325 2.7850174809016576e-05 0.00043744592438260395 0.00044199916458938747 0.0004224380658540937 0.003918850634059046 0.0003979230166051222 0.00030924443998070494 0.0002521577839008591 0.00023690089017035847 0.00026717685756244775 0.00012554158790911078 0.0002649132293018853 0.00020291243460256712 0.0003708016162879879 0.00025762455706028654 0.0002816217985307594 0.00023491009740128586 0.000453619835551086 0.00021889634195855454 0.0005286612989385838 0.0003711722174555854 0.0002525165201743286 0.00031697465957260674 0.0002440141557347244 0.00029071782776406255 0.00019484469673975392 0.0002315258773355682 0.0028186603620354352 0.0002215639795504232</DataArray>
<DataArray type="Float64" Name="g_gap" format="ascii">0.0 0.0 0.0 0.0 0.0 0.0 0.0 0.0 0.0 0.0 0.0 0.0 0.0 0.0 0.0 0.0 0.0 0.0 0.0 0.0 0.0 0.0 0.0 0.0 0.0 0.0 0.0 0.0 0.0 0.0 0.0 0.0 0.0 0.0 0.0 0.0 0.0 0.0 0.0 0.0 0.0 0.0 0.0 0.0 0.0 0.0 0.0 0.0 0.0 0.0 0.0 0.0 0.0 0.0 0.0 0.0 0.0 0.0 0.0 0.0 0.0 0.0 0.0 0.0 0.0 0.0 0.0 0.0 0.0 0.0 0.0 0.0 0.0 0.0 0.0 0.0 0.0 0.0 0.0 0.0 0.0 0.0 0.0 0.0 0.0 0.0 0.0 0.0 0.0 0.0 0.0 0.0 0.0 0.0 0.0 0.0 0.0 0.0 0.0 0.0 0.0 0.0 0.0 0.0 0.0 0.0 0.0 0.0 0.0 0.0 0.0 0.0 0.0 0.0 0.0 0.0 0.0 0.0 0.0 0.0 0.0 0.0 0.0 0.0 0.0 0.0 0.0 0.0 0.0 0.0 0.0 0.0 0.0 0.0 0.0 0.0 0.0 0.0 0.0 0.0 0.0 0.0 0.0 0.0 0.0 0.0 0.0 0.0 0.0 0.0 0.0 0.0 0.0 0.0 0.0 0.0 0.0 0.0 0.0 0.0 0.0 0.0 0.0 0.0 0.0 0.0 0.0 0.0 0.0 0.0 0.0 0.0 0.0 0.0 0.0 0.0 0.0 0.0 0.0 0.0 0.0 0.0 0.0 0.0 0.0 0.0 0.0 0.0 0.0 0.0 0.0 0.0 0.0 0.0 0.0 0.0 0.0 0.0 0.0 0.0 0.0 0.0 0.0 0.0 0.0 0.0 0.0 0.0 0.0 0.0 0.0 0.0 0.0 0.0 0.0 0.0 0.0 0.0 0.0 0.0 0.0 0.0 0.0 0.0 0.0 0.0 0.0 0.0 0.0 0.0 0.0 0.0 0.0 0.0 0.0 0.0 0.0 0.0 0.0 0.0 0.0 0.0 0.0 0.0 0.0 0.0 0.0 0.0 0.0 0.0 0.0 0.0 0.0 0.0 0.0 0.0 0.0 0.0 0.0 0.0 0.0 0.0 0.0 0.0 0.0 0.0 0.0 0.0 0.0 0.0 0.0 0.0 0.0 0.0 0.0 0.0 0.0 0.0 0.0 0.0 0.0 0.0 0.0 0.0 0.0 0.0 0.0 0.0 0.0 0.0 0.0 0.0 0.0 0.0 0.0 0.0 0.0 0.0 0.0 0.0 0.0 0.0 0.0 0.0 0.0 0.0 0.0 0.0 0.0 0.0 0.0 0.0 0.0 0.0 0.0 0.0 0.0 0.0 0.0 0.0 0.0 0.0 0.0 0.0 0.0 0.0 0.0 0.0 0.0 0.0 0.0 0.0 0.0 0.0 0.0 0.0 0.0 0.0 0.0 0.0 0.0 0.0 0.0 0.0 0.0 0.0 0.0 0.0 0.0 0.0 0.0 0.0 0.0 0.0 0.0 0.0 0.0 0.0 0.0 0.0 0.0 0.0 0.0 0.0 0.0 0.0 0.0 0.0 0.0 0.0 0.0 0.0 0.0 0.0 0.0 0.0 0.0 0.0 0.0 0.0 0.0 0.0 0.0 0.0 0.0 0.0 0.0 0.0 0.0 0.0 0.0 0.0 0.0 0.0 0.0 0.0 0.0 0.0 0.0 0.0 0.0 0.0 0.0 0.0 0.0 0.0 0.0 0.0 0.0 0.0 0.0 0.0 0.0 0.0 0.0 0.0 0.0 0.0 0.0 0.0 0.0 0.0 0.0 0.0 0.0 0.0 0.0 0.0 0.0 0.0 0.0 0.0 0.0 0.0 0.0 0.0 0.0 0.0 0.0 0.0 0.0 0.0 0.0 0.0 0.0 0.0 0.0 0.0 0.0 0.0 0.0 0.0 0.0 0.0 0.0 0.0 0.0 0.0 0.0 0.0 0.0 0.0 0.0 0.0 0.0 0.0 0.0 0.0 0.0 0.0 0.0 0.0 0.0 0.0 0.0 0.0 0.0 0.0 0.0 0.0 0.0 0.0 0.0 0.0 0.0 0.0 0.0 0.0 0.0 0.0 0.0 0.0 0.0 0.0 0.0 0.0 0.0 0.0 0.0 0.0 0.0 0.0 0.0 0.0 0.0 0.0 0.0 0.0 0.0 0.0 0.0 0.0 0.0 0.0 0.0 0.0 0.0 0.0 0.0 0.0 0.0 0.0 0.0 0.0 0.0 0.0 0.0 0.0 0.0 0.0 0.0 0.0 0.0 0.0 0.0 0.0 0.0 0.0 0.0 0.0 0.0 0.0 0.0 0.0 0.0 0.0 0.0 0.0 0.0 0.0 0.0 0.0 0.0 0.0 0.0 0.0 0.0 0.0 0.0 0.0 0.0 0.0 0.0 0.0 0.0 0.0 0.0 0.0 0.0 0.0 0.0 0.0 0.0 0.0 0.0 0.0 0.0 0.0 0.0 0.0 0.0 0.0 0.0 0.0 0.0 0.0 0.0 0.0 0.0 0.0 0.0 0.0 0.0 0.0 0.0 0.0 0.0 0.0 0.0 0.0 0.0 0.0 0.0 0.0 0.0 0.0 0.0 0.0 0.0 0.0 0.0 0.0 0.0 0.0 0.0 0.0 0.0 0.0 0.0 0.0 0.0 0.0 0.0 0.0 0.0 0.0 0.0 0.0 0.0 0.0 0.0 0.0 0.0 0.0 0.0 0.0 0.0 0.0 0.0 0.0 0.0 0.0 0.0 0.0 0.0 0.0 0.0 0.0 0.0 0.0 0.0 0.0 0.0 0.0 0.0 0.0 0.0 0.0 0.0 0.0 0.0 0.0 0.0 0.0 0.0 0.0 0.0 0.0 0.0 0.0 0.0 0.0 0.0 0.0 0.0 0.0 0.0 0.0 0.0 0.0 0.0 0.0 0.0 0.0 0.0 0.0 0.0 0.0 0.0 0.0 0.0 0.0 0.0 0.0 0.0 0.0 0.0 0.0 0.0 0.0 0.0 0.0 0.0 0.0 0.0 0.0 0.0 0.0 0.0 0.0 0.0 0.0 0.0 0.0 0.0 0.0 0.0 0.0 0.0 0.0 0.0 0.0 0.0 0.0 0.0 0.0 0.0 0.0 0.0 0.0 0.0 0.0 0.0 0.0 0.0 0.0 0.0 0.0 0.0 0.0 0.0 0.0 0.0 0.0 0.0 0.0 0.0 0.0 0.0 0.0 0.0 0.0 0.0 0.0 0.0 0.0 0.0 0.0 0.0 0.0 0.0 0.0 0.0 0.0 0.0 0.0 0.0 0.0 0.0 0.0 0.0 0.0 0.0 0.0 0.0 0.0 0.0 0.0 0.0 0.0 0.0 0.0 0.0 0.0 0.0 0.0 0.0 0.0 0.0 0.0 0.0 0.0 0.0 0.0 0.0 0.0 0.0 0.0 0.0 0.0 0.0 0.0 0.0 0.0 0.0 0.0 0.0 0.0 0.0 0.0 0.0 0.0 0.0 0.0 0.0 0.0 0.0 0.0 0.0 0.0 0.0 0.0 0.0 0.0 0.0 0.0 0.0 0.0 0.0 0.0 0.0 0.0 0.0 0.0 0.0 0.0 0.0 0.0 0.0 0.0 0.0 0.0 0.0 0.0 0.0 0.0 0.0 0.0 0.0 0.0 0.0 0.0 0.0 0.0 0.0 0.0 0.0 0.0 0.0 0.0 0.0 0.0 0.0 0.0 0.0 0.0 0.0 0.0 0.0 0.0 0.0 0.0 0.0 0.0 0.0 0.0 0.0 0.0 0.0 0.0 0.0 0.0 0.0 0.0 0.0 0.0 0.0 0.0 0.0 0.0 0.0 0.0 0.0 0.0 0.0 0.0 0.0 0.0 0.0 0.0 0.0 0.0 0.0 0.0 0.0 0.0 0.0 0.0 0.0 0.0 0.0 0.0 0.0 0.0 0.0 0.0 0.0 0.0 0.0 0.0 0.0 0.0 0.0 0.0 0.0 0.0 0.0 0.0 0.0 0.0 0.0 0.0 0.0 0.0 0.0 0.0 0.0 0.0 0.0 0.0 0.0 0.0 0.0 0.0 0.0 0.0 0.0 0.0 0.0 0.0 0.0 0.0 0.0 0.0 0.0 0.0 0.0 0.0 0.0 0.0 0.0 0.0 0.0 0.0 0.0 0.0 0.0 0.0 0.0 0.0 0.0 0.0 0.0 0.0 0.0 0.0 0.0 0.0 0.0 0.0 0.0 0.0 0.0 0.0 0.0 0.0 0.0 0.0 0.0 0.0 0.0 0.0 0.0 0.0 0.0 0.0 0.0 0.0 0.0 0.0 0.0 0.0 0.0 0.0 0.0 0.0 0.0 0.0 0.0 0.0 0.0 0.0 0.0 0.0 0.0 0.0 0.0 0.0 0.0 0.0 0.0 0.0 0.0 0.0 0.0 0.0 0.0 0.0 0.0 0.0 0.0 0.0 0.0 0.0 0.0 0.0 0.0 0.0 0.0 0.0 0.0 0.0 0.0 0.0 0.0 0.0 0.0 0.0 0.0 0.0 0.0 0.0 0.0 0.0 0.0 0.0 0.0 0.0 0.0 0.0 0.0 0.0 0.0 0.0 0.0 0.0 0.0 0.0 0.0 0.0 0.0 0.0 0.0 0.0 0.0 0.0 0.0 0.0 0.0 0.0 0.0 0.0 0.0 0.0 0.0 0.0 0.0 0.0 0.0 0.0 0.0 0.0 0.0 0.0 0.0 0.0 0.0 0.0 0.0 0.0 0.0 0.0 0.0 0.0 0.0 0.0 0.0 0.0 0.0 0.0 0.0 0.0 0.0 0.0 0.0 0.0 0.0 0.0 0.0 0.0 0.0 0.0 0.0 0.0 0.0 0.0 0.0 0.0 0.0 0.0 0.0 0.0 0.0 0.0 0.0 0.0 0.0 0.0 0.0 0.0 0.0 0.0 0.0 0.0 0.0 0.0 0.0 0.0 0.0 0.0 0.0 0.0 0.0 0.0 0.0 0.0 0.0 0.0 0.0 0.0 0.0 0.0 0.0 0.0 0.0 0.0 0.0 0.0 0.0 0.0 0.0 0.0 0.0 0.0 0.0 0.0 0.0 0.0 0.0 0.0 0.0 0.0 0.0 0.0 0.0 0.0 0.0 0.0 0.0 0.0 0.0 0.0 0.0 0.0 0.0 0.0 0.0 0.0 0.0 0.0 0.0 0.0 0.0 0.0 0.0 0.0 0.0 0.0 0.0 0.0 0.0 0.0 0.0 0.0 0.0 0.0 0.0 0.0 0.0 0.0 0.0 0.0 0.0 0.0 0.0 0.0 0.0 0.0 0.0 0.0 0.0 0.0 0.0 0.0 0.0 0.0 0.0 0.0 0.0 0.0 0.0 0.0 0.0 0.0 0.0 0.0 0.0 0.0 0.0 0.0 0.0 0.0 0.0 0.0 0.0 0.0 0.0 0.0 0.0 0.0 0.0 0.0 0.0 0.0 0.0 0.0 0.0 0.0 0.0 0.0 0.0 0.0 0.0 0.0 0.0 0.0 0.0 0.0 0.0 0.0 0.0 0.0 0.0 0.0 0.0 0.0 0.0 0.0 0.0 0.0 0.0 0.0 0.0 0.0 0.0 0.0 0.0 0.0 0.0 0.0 0.0 0.0 0.0 0.0 0.0 0.0 0.0 0.0 0.0 0.0 0.0 0.0 0.0 0.0 0.0 0.0 0.0 0.0 0.0 0.0 0.0 0.0 0.0 0.0 0.0 0.0 0.0 0.0 0.0 0.0 0.0 0.0 0.0 0.0 0.0 0.0 0.0 0.0 0.0 0.0 0.0 0.0 0.0 0.0 0.0 0.0 0.0 0.0 0.0 0.0 0.0 0.0 0.0 0.0 0.0 0.0 0.0 0.0 0.0 0.0 0.0 0.0 0.0 0.0 0.0 0.0 0.0</DataArray>
<DataArray type="Float64" Name="heat_i_to_j" format="ascii">7.1594246857717394e-06 5.9824390162972406e-06 9.598637623929298e-06 -1.134557130865902e-07 -6.072642200713164e-08 1.5841172392744197e-07 -4.611711600323887e-06 -1.0482222837237743e-05 5.511067224773391e-06 -0.00011775585664305219 1.1050721588458203e-05 -9.652455380717577e-06 1.1238312557161894e-05 -3.983229463170057e-06 0.00010910250734091572 1.850425989134631e-05 6.256383151361865e-08 3.222240729321536e-06 -5.33016475310676e-06 4.471545293071721e-06 4.17033021185914e-06 -1.591159729145827e-05 1.2599886539620084e-05 nan 5.852810869721766e-06 -8.335217946263393e-06 6.156118169008038e-06 -4.741916404076945e-06 1.0682053116033889e-06 1.1930819397636905e-05 -1.5227615364174156e-06 1.3483006416993642e-06 -1.2721265211004178e-05 9.649067079498015e-07 -3.4624377187249652e-06 -5.898806513062614e-06 1.7173557287590786e-05 -6.052441033266897e-06 -1.759872022495704e-06 3.1341610981491664e-06 -6.354436191829835e-06 -3.5770056645642557e-06 -3.7295475752628535e-07 1.928128961013121e-06 5.242106554737416e-06 -3.462437718716483e-06 -8.493602231267315e-06 2.832107375675745e-06 1.2820919541367649e-05 1.182781852563724e-06 5.125266010723254e-07 8.009698031550711e-07 5.087066784729934e-06 -2.424915596871345e-06 -1.6569595446594257e-05 1.5197250557832391e-05 -1.2898062990951337e-06 -9.293479626037773e-06 3.2020451915953605e-06 -7.541457534621599e-06 5.944746957075659e-06 1.3540955881688379e-05 1.2336075197961248e-08 -1.2336075197880826e-08 6.319251955956412e-06 -3.6516113287390565e-06 -8.556952745396043e-07 5.330340563522568e-06 -1.2735016798040678e-05 5.592730881881834e-06 -5.971325932764351e-06 2.0610115133837835e-05 8.034888062031156e-06 -1.0742857865316613e-05 5.0103428737811195e-06 6.916034136016894e-06 5.512421100142543e-06 -4.6071784077246196e-06 -3.3782066481094956e-06 1.7845362701869748e-05 1.6162301223434054e-07 -8.408348090184443e-06 4.852974552460002e-06 9.5117046632958e-06 -4.49463517615696e-07 -1.3915215698151158e-05 1.0607223462714429e-07 5.470291588633264e-06 6.731871600203551e-06 -1.5841172392410233e-07 -7.122544758699427e-06 -3.1053564009652744e-07 5.024647667334478e-06 -1.49676629057343e-05 -4.291783296912369e-06 -5.359852555200636e-06 -6.455778402237896e-07 1.597139697205722e-05 -6.256383151359398e-08 -5.0891881572848126e-08 -1.022204682091366e-06 -3.661598891570342e-06 -6.597576694869392e-06 1.1281380268514352e-05 -6.07264220070943e-08 -2.899395235034719e-06 -2.6839200778635056e-05 6.253108022878008e-06 6.265776184387745e-05 -3.6294574057422876e-05 1.7704544496111415e-06 -1.429243082779006e-05 1.2521976378148614e-05 -6.7435833667945035e-06 -1.6361304604252284e-05 2.0379514773682346e-05 1.0786313039256016e-05 -9.08314452395307e-06 8.09705075687565e-06 -1.115275848753801e-05 6.307921337739462e-07 0.0 -2.361297846050937e-06 1.5516545842452869e-06 -2.8805832130165713e-06 -1.1497378791975123e-06 9.476330097703627e-06 -1.1260553838870162e-05 -5.748811108206808e-06 8.623620478302852e-06 1.7397869439706875e-06 -1.4366601162378307e-05 8.617790054188472e-06 -3.653371708835197e-05 5.78640290621237e-07 6.456378608294461e-06 -5.7924676608125875e-06 -1.1900642890415632e-07 -2.548400476975893e-06 2.609290347169612e-06 1.106928891333314e-05 -3.657301413328637e-07 8.151517494167503e-06 7.613295192021434e-06 -0.00011468857545367631 7.795887194980735e-05 2.02622941046664e-05 1.6467409399186583e-05 -1.999603638383017e-06 -7.149543350536389e-06 1.2229611418606856e-05 -1.0321929131709652e-05 1.9112999489332266e-06 4.9202841961643904e-06 -2.5505958477738362e-06 -1.4302844089905365e-06 2.535325497953953e-06 6.910721953619558e-06 -7.316287790799224e-06 1.0810379117622873e-05 4.7615415088726084e-05 -9.501040317626755e-05 -3.5494658955096857e-06 2.0112756563330503e-06 8.716181340491357e-06 5.9580898330336e-06 -2.2611290023703497e-06 4.632380529866105e-06 -2.3446838673790716e-06 3.900304029384127e-06 1.086568110998476e-06 2.0962650536526573e-07 1.0420998970484843e-05 -1.560615119742988e-07 -1.2815533306304847e-05 3.823057420304271e-06 -4.8347931376317e-05 5.862342078110576e-06 -9.822741327377284e-06 5.211576226059269e-07 1.3843736772970386e-05 1.0660718762772875e-05 -5.184762097600001e-06 3.4898723491362857e-06 -6.61398794309212e-06 -1.3858983862670117e-07 2.2529743470609076e-05 -2.2529743470615595e-05 0.00017787804619220213 2.7785356472122224e-06 7.645933765317276e-06 -2.49879723935067e-05 -0.00028107039985411305 1.284177946124436e-05 -1.9201451612491847e-05 -6.925506894871174e-06 7.904460844308243e-06 -2.5966438142775004e-07 1.070175037213535e-05 -1.2112069873460805e-08 -3.595904324313681e-08 1.4974923888933757e-05 -1.3918560666435752e-07 -1.1321984929712797e-06 -5.94550720026763e-06 -3.7031486866044266e-06 3.443484305170492e-06 -0.00011709296615236877 8.538759244995817e-05 -7.69717062781902e-05 3.974066544931346e-06 -2.0448655098538758e-05 0.00012515166853370414 -8.51469390353813e-06 1.7036628150962697e-09 2.3301150711517836e-05 6.037638227128126e-07 -0.0001324848904459093 -4.957308867584607e-06 7.1584975306913605e-06 7.291046002605349e-06 -8.050873080990655e-06 -1.441361584710882e-06 9.410391615475357e-06 -3.103218122882654e-06 -6.634105683337411e-06 4.672486037702213e-06 -4.345553846967773e-06 7.360409959164754e-07 8.537761285629584e-06 6.782061331792437e-06 -1.4024425067839093e-05 2.440106747512552e-06 -7.882991263820706e-07 -9.78611614794408e-06 1.2659710621915823e-05 -1.059998925115478e-05 6.679300971178504e-06 -1.6131768792715363e-06 -5.066124091906253e-06 3.9977747641252165e-06 -1.2475484566852189e-06 2.091191137659028e-06 -3.883346972025049e-07 -1.0410741653303406e-05 1.4809028013366554e-05 6.60993088347301e-06 -6.824437705758856e-06 -4.1837795377876266e-06 1.3071385179364335e-06 -1.0557815803611152e-05 -9.58270378428778e-06 -2.0491819445395762e-07 5.111289402232357e-06 1.453267276056332e-06 -1.152049032547302e-05 -4.921284843181261e-06 8.884234898407058e-06 1.6825045995627287e-06 -5.746950976930867e-06 -4.8197885210933915e-06 3.6627844011877313e-06 -1.755820621462635e-06 -1.0868251762615402e-05 7.818914772425834e-06 1.1423732104507576e-06 2.36782754328588e-06 -3.2310888985278e-07 -1.4516444849657053e-05 1.6535355539246946e-05 -4.063629343018129e-06 -1.0585527499627465e-06 -7.532477881732044e-06 -5.404309281030311e-06 1.275928311640355e-05 1.2360567963355338e-06 1.0088442393500637e-06 -3.936546115132566e-06 6.59048627699083e-06 -1.6945863440498124e-05 1.8255979191656233e-05 -1.1023756805974036e-06 -2.077400705518669e-07 -2.4355470419775087e-06 2.0285450931315776e-05 3.9905096149072685e-06 -2.494363162723153e-05 -7.86147906558584e-06 4.532479939652128e-06 -1.278874947044061e-05 1.5059195846380052e-05 1.598262055689848e-06 -1.2213921903519256e-05 9.85923850929184e-05 -1.3204792643057762e-05 1.992746761411098e-06 -4.12108071086901e-06 4.3726911757128427e-08 2.0863107004913686e-06 0.00035251365829928617 -0.00016431225972673416 2.0828439057848358e-05 -0.00011043745253744687 2.187961149454903e-05 -3.415101515727321e-06 -6.665139701934367e-06 -1.179937027692267e-05 3.5098613383728534e-07 1.2022494837499838e-05 -2.2729702584310063e-06 8.665131423770449e-06 -7.180460291740995e-06 -3.7738020353330056e-06 -3.378336318372539e-07 3.0138646043154677e-06 7.463373370287597e-06 8.32176442400318e-06 -1.117715631578531e-05 -1.3249605204322864e-06 2.167127597998156e-06 -2.3230951828485554e-06 4.336319997084429e-06 -1.797747377224242e-06 -2.8459787401455466e-05 -7.967133218102363e-06 9.41578340185285e-06 -1.2472159361797859e-05 5.984948014800899e-06 -3.3695409916316242e-06 -0.00025130818191727665 0.00021245717297139466 2.418705951952404e-06 -1.1383120787871148e-05 -1.3163068027521405e-05 1.9006462378343056e-05 -6.055221197297355e-06 3.494182846140682e-06 -1.1813235876979527e-06 9.166955825926442e-06 -1.3510749587868597e-05 4.020684872120627e-06 -2.3129616696544154e-06 -6.007833862104053e-06 2.300788813831044e-05 5.011712422075596e-07 1.4731097011124004e-05 -1.0404571819201482e-05 -6.660210009162889e-06 1.607620780989588e-05 1.3229627488741556e-05 -5.681212031552288e-06 -0.00024921764048830175 -2.6692030562947485e-05 7.019812627547569e-06 2.0745167305059194e-06 -9.440960729827033e-07 -1.2009173881810527e-05 2.9679173123461986e-05 1.7976904970075533e-05 1.999969619778339e-05 -6.86651286494371e-06 8.708230226733794e-06 2.116754363562488e-05 -1.4218795613371675e-05 1.7920977598299246e-05 1.538744350887396e-05 -4.013745884950867e-06 -1.9056835745355132e-05 2.012850596946362e-07 -8.403084849105375e-06 2.2700395474455e-05 1.5196792047953718e-05 -2.4923853891720463e-06 -1.5325646374827763e-05 1.8761078192978676e-06 -7.226051849652695e-06 9.64520022839915e-06 -5.38782012230106e-06 4.962276702805247e-06 1.5176123882370167e-05 1.1555598572781825e-05 -1.6950047426920825e-05 -3.842494153887166e-06 -1.0806968499947778e-05 1.1317780271248377e-05 8.999163918373983e-06 1.608507509371091e-05 6.621441804114951e-07 -4.258319781153956e-06 6.212876139336125e-06 5.964646008708112e-06 -1.7497284633124675e-05 -1.1083712012875283e-05 1.3035815304455584e-05 1.0783384417729636e-05 1.0031036233732136e-05 -1.0466074858258087e-05 1.3842210239591458e-05 -1.37089804356866e-05 8.673359330744914e-06 9.992121977162171e-06 -1.2589527241298657e-05 -5.785906534542229e-06 1.2663724472350726e-06 -2.439219826458435e-06 2.2522164361367455e-05 5.216464310662672e-07 -2.15998282436731e-05 4.047234965587597e-06 -1.4517404637131398e-06 -1.5461330421257385e-05 7.645806251513061e-06 1.2152409834200155e-05 -9.371599992808162e-06 -1.7406533197909316e-05 1.1928915092530473e-06 -1.3332200174119336e-05 2.5726956146735653e-05 2.05918073132157e-06 1.9475023986529582e-06 1.1629975358921899e-05 1.8968658672430622e-06 -1.796868871740051e-05 2.347624392028132e-05 -1.1843833580024197e-05 -1.1079193506160668e-05 -4.22976234887282e-06 -7.378767759919073e-06 7.801461593277685e-06 2.673009560165786e-05 8.9450768433955e-06 -6.640712760336047e-06 -3.181799685828964e-06 4.024300040400235e-06 -7.524620651030509e-06 -3.0363395584736216e-05 2.289731821833816e-05 1.6812772754687843e-05 2.9915256829032746e-05 -1.7200407959832587e-05 -9.517578021827314e-06 8.317565702994894e-06 8.135326653534378e-07 -2.914114197031483e-05 -1.7116982721785397e-05 2.5095236901580102e-05 9.638713811417059e-06 -4.254030907345573e-06 2.2133285620334102e-05 -1.125463557418503e-05 -3.0507863309647065e-05 6.1235954709611605e-06 1.3505617792760985e-05 -2.5911788347043766e-05 1.6564989942106112e-05 3.6048830385089857e-05 -1.5526584674068909e-06 -2.514937351283292e-05 0.00013449557299326445 -1.533640200119238e-05 -4.7636263496593715e-05 -2.058445261727304e-05 0.00024188075826930635 1.4561588950517002e-05 -0.0003184599956045488 -2.2461936742163232e-05 -1.1275339349726814e-05 1.6620293370115212e-05 2.643540376352566e-06 1.4445146592256747e-05 -5.357462967667496e-05 1.0574154361231622e-05 2.7269038940712406e-05 -9.372780650343121e-07 6.118540707789368e-06 1.0133558117838991e-06 -8.264340028281899e-06 -2.566801258894484e-05 2.678420047609102e-05 2.659795997942803e-06 -1.3771917546918446e-05 2.8541986210954132e-05 -3.3551970830126854e-06 -1.1414871581041473e-05 -1.0497870354268396e-05 -1.2216516504295581e-05 -1.0408072844370214e-05 1.975034454651333e-05 9.683297400026284e-06 7.4889975145298385e-06 7.438132799077834e-06 -2.4350529107879694e-05 1.0578611560988954e-05 2.7366956059849827e-05 -1.4679638072872172e-05 -3.845203636193616e-06 3.385485856955668e-05 3.4743339210091328e-06 2.3453915641484784e-05 -1.6213103656108293e-05 -9.108795526687779e-08 2.139226218078669e-05 2.1225316549134843e-05 -5.673049442950767e-06 1.260505648478528e-06 3.6526702927857145e-05 -9.877926585303151e-06 -2.042400932247298e-05 -2.3216671822997246e-06 1.3092454362459135e-05 -9.23491679520677e-05 1.2046804163372686e-05 0.0003450055301740967 3.768809597674943e-05 -0.00030168193870807263 -7.093236536262914e-07 -1.4647468550117676e-06 -2.0726243299552012e-05 1.0316626176354848e-05 -8.529946159741299e-07 1.0394567423960136e-05 2.704714366903008e-05 -1.5769275655636434e-05 -1.049609841067697e-06 0.00017012926636448866 -2.9228721842741358e-05 -0.00011747639234468804 2.8050355498998556e-05 -1.0031960543248267e-05 4.686341184297666e-06 1.0033192743068996e-05 1.0844135579543479e-05 -1.559515469813752e-07 1.5364772278702496e-06 1.943479811249713e-06 1.9405940456479648e-05 -1.5772780598605676e-05 -1.896956185908988e-05 2.818136382384843e-06 1.6648256376736564e-06 5.394295082008776e-06 2.3893284715817288e-05 -1.4290608823854486e-05 2.5499575543168643e-05 5.648318673134624e-06 1.3842230748625779e-05 5.8271867865307144e-06 -1.4119120961197291e-05 1.593811301447812e-05 1.651775223512592e-06 1.2389156987705146e-05 1.648892046171649e-05 5.425195078209444e-06 -5.058584982145657e-06 6.553393800591128e-06 -1.8147522618828522e-06 1.5069170627013392e-05 -8.963676586267613e-06 -1.1101212177864435e-05 -1.2679776553444488e-05 -6.468836100374968e-06 2.0234214566002925e-05 3.4305471456516565e-05 4.882462976673456e-06 0.00042827678345876125 1.974037115574584e-05 1.7999043857825024e-05 1.3316784439014141e-05 -3.212811708972166e-06 0.00039177820114103803 -1.3129584898711064e-05 -1.540892721810645e-05 2.0700026073346368e-05 9.222133298457271e-06 -4.568958904596571e-05 -5.946533879245841e-07 4.5084372575481166e-06 -3.2627494942125556e-06 -1.1090657968832945e-05 -1.1758986024825296e-05 3.4138485406137185e-05 -4.0093546990687225e-06 -1.7121729402294567e-07 -7.255008613733188e-06 -1.742104727116525e-05 1.985875787403852e-05 1.1840609979834721e-05 -5.528678252238741e-05 -3.571822413723576e-08 2.3298759380160463e-06 4.172322785538175e-06 -2.3611844461482777e-05 -1.5104960451367524e-05 -2.72487422628672e-05 3.5387183425910615e-05 -9.597223178951424e-06 9.0069377463047e-06 -1.0739840094572842e-05 -2.6040265939815526e-05 6.166452417467895e-06 -1.3353681280448379e-05 1.1032014098146523e-05 4.881184387496801e-06 1.8169651494860855e-05 7.550529794768365e-06 -8.507203842959876e-06 2.5198890885611344e-07 0.0003609057938134886 -1.025083263161057e-05 -6.501152350979663e-06 0.00023544063469845494 3.483373782620508e-05 1.7426314987396726e-05 -5.816288834822999e-06 -4.000364040768817e-05 -1.3884752329142106e-05 3.004144873517293e-05 1.741073581632212e-05 -2.463161343089577e-05 6.352550495585621e-06 -5.218425334563106e-06 -1.0069943952637355e-05 -2.3247223753191365e-06 2.3144129518594334e-06 1.3518799475311185e-05 -1.8928408281699643e-08 -1.3489561643431025e-05 -1.1127697661810732e-06 2.7397047576686865e-05 -1.8089536288825762e-05 1.4327422839670997e-05 3.887355654211691e-06 4.7233040093718296e-05 -0.0002158183693589434 0.00038222323925127813 -2.1128444564169793e-06 2.002821351561692e-05 -6.997931893269202e-06 -1.578603199474168e-06 1.4092113165227797e-05 1.3623720797527054e-05 -2.2238167273975615e-05 -4.638519184670707e-06 -2.5389046669414458e-05 -5.699574692528033e-06 2.614270043017314e-06 -4.497676186311027e-06 3.0169109272550368e-06 4.497144997116813e-06 -1.3815827417663454e-05 8.701015201201729e-06 -1.4484541817304568e-05 -6.850279053402235e-06 2.932680203678082e-06 1.7453181468089413e-05 1.7747519540884277e-05 -2.8275083904443692e-05 1.4342992322544764e-05 -1.7011017953414696e-07 -5.55306057389143e-06 -1.5180023876016172e-05 -1.1043798211037451e-05 -6.389867497571395e-06 -1.9873950386904846e-05 -4.516105186913768e-06 -2.6494691736267327e-05 -4.422055858873405e-06 -3.3079624776219615e-06 -9.805952802719674e-06 1.8763953803165927e-06 7.929557422405807e-06 -4.746329285823751e-05 0.00010423991697612703 2.16772400417085e-05 7.24890568305507e-06 -3.197580525668789e-05 -2.3853455115054033e-06 -7.208001597799922e-06 -3.54326022758786e-05 1.7573958505942486e-05 -7.949999307484257e-06 -5.736603544260668e-06 -2.861562526988165e-06 3.865775281293654e-06 -2.8631805924465016e-05 1.3111196820618152e-05 -2.0534160810846322e-05 -2.7649310702322995e-06 5.320104354078114e-06 -3.5229551049093086e-05 1.1151866789885924e-05 2.4340647357712765e-05 2.080932120072435e-06 -1.0107365829283906e-05 -1.3314787025886408e-06 1.8116656201666515e-05 7.343641399431252e-06 -1.380693136903931e-05 -4.1613304887288345e-06 -1.6186348786966208e-06 1.3572915428978111e-05 -2.718484535470575e-06 3.106772912100224e-07 2.1684387917766456e-05 1.1113678382907759e-05 2.013481861317356e-05 -5.699844820174785e-06 2.1196222701887996e-05 1.7790187902477988e-05 -3.001773890341207e-05 1.8330793923834842e-05 -7.806014360851344e-06 2.1909366538596516e-06 -1.0148329231570986e-05 -1.1193286339575061e-05 3.134252418782046e-05 1.0378871095629107e-05 8.672484259705072e-06 1.3900864715044693e-05 -3.692490911636487e-06 1.080442238407529e-05 -1.3092408869483824e-05 1.5972599374298724e-05 -2.129225891614641e-05 -7.721445981244195e-07 1.071542580879414e-05 2.1032275105510453e-05 -3.3088643097434813e-06 1.1932596609700454e-05 -1.8611761854047488e-05 1.0489200796306883e-05 3.4050703488952685e-07 2.2690452921155436e-05 -4.571934622299579e-06 -1.1376730132659618e-05 -1.3556453643959672e-05 4.164388039803121e-06 5.2783906800076294e-06 -4.207247150071033e-06 5.831268562962214e-05 -2.128854328115184e-05 0.00029961983486174326 -1.2032360049309722e-05 -8.820392268020631e-07 5.495806394842261e-06 -1.5479722678754647e-05 2.262915677473098e-05 -8.610463401042369e-06 8.41191712068333e-07 2.6800994762096756e-05 -1.3647632847378037e-07 1.890029455194498e-05 2.1872655808896657e-06 2.7909958141199383e-05 -1.9894982063663487e-05 9.587794372472063e-06 9.615469808370442e-06 5.214600426479307e-06 -8.82429803617905e-06 2.3963395990019845e-05 -3.1103378715848934e-05 7.776289521067564e-06 7.192334427032284e-06 -1.1009210435559851e-05 6.887268749669865e-05 -5.443623582694405e-06 8.595822896400235e-05 1.9198589018027984e-05 -1.825832036414334e-06 -2.0347193297827526e-05 3.603588985545974e-05 -2.8530844928438395e-06 2.4310415776713075e-06 -3.3970682937942893e-05 -3.686022143324469e-07 -2.2466308469336544e-06 4.945454395020503e-06 -2.59430326005393e-05 1.9188460248857648e-05 1.2202524856546807e-05 -3.575352150117745e-05 1.4202190764878483e-05 -6.807398342678122e-07 1.571992079225014e-05 2.1775102801267045e-05 3.4416755664802483e-06 -1.8626714245805008e-05 1.1625154200219574e-05 -3.246165110737745e-05 1.296509364434279e-05 4.903404085136179e-06 -3.2502489084187136e-06 2.4041721671867967e-06 1.5956211513127195e-06 -3.2777871565424346e-06 1.1626497863815785e-06 1.5070851828078426e-05 -1.6955507776438727e-05 2.7620578430999616e-06 -1.5105372982622345e-05 1.2343315139531719e-05 -1.11865984872634e-05 -8.888065274507677e-06 2.0074663761754742e-05 2.2631606628742262e-05 3.7119043665167336e-05 -7.777830296623836e-06 -6.579807039043422e-06 -6.723619640687901e-06 -3.866939331746653e-05 7.5556527173532e-06 -2.1006925326756463e-05 2.1486160671405387e-05 -1.8715136502186256e-05 7.652436772488112e-06 -5.202829578359533e-06 1.6265529308047595e-05 -4.422238186612975e-06 -2.564401293303673e-05 -2.183923947383634e-06 1.729287951265721e-05 -3.7578409478251814e-06 -7.127774590033232e-06 2.2989663329411598e-05 1.2800235276968304e-05 -2.597126508916707e-05 -1.2588557164368885e-05 1.2232218216583013e-05 -1.0809363491009952e-05 1.1529559259758527e-05 -1.7598593258863147e-05 1.7234736437939877e-05 3.375501177010196e-05 1.964481485092961e-06 -2.84294752031467e-06 1.2412758946326386e-06 5.29667965952078e-06 6.193014341607489e-07 1.6620217528300758e-05 -1.636385788577098e-05 -1.4960295669873366e-05 1.9834854415480777e-05 -2.42431503231248e-05 -9.543417811525825e-06 2.400832265884964e-05 -1.0368530279999973e-06 -1.3951817990361904e-05 8.06316412348125e-06 9.262232667663782e-06 -2.215990930058816e-05 -1.304093908084485e-05 2.5938615713740983e-05 1.0744122738677182e-05 1.8773311960507734e-07 -6.41600605935202e-06 2.3396021656309075e-05 1.443382956319962e-06 8.561565806531764e-06 3.514044370163672e-05 -5.345739849571752e-05 7.2665583776846255e-06 1.0454476534560855e-06 5.4034865177365995e-06 1.3617549209874102e-05 -4.0459471860800304e-05 1.7034997224216367e-05 4.403438908897967e-06 -3.0072809334027817e-06 2.4717004014885938e-05 1.2346694195228877e-05 1.047897953282796e-05 2.5862036452744507e-05 2.0252694905048663e-06 -4.9565425733129576e-06 -2.750052072715018e-05 1.755717310607537e-05 8.553250928610189e-06 -1.8038886302909457e-05 -2.4805815631219523e-05 -2.038968645737066e-05 2.0307239850050686e-05 3.5298366648184815e-05 -2.854451692501573e-06 6.87309886330325e-06 -1.4555229049051695e-05 -6.752670535999632e-06 1.2260591719421326e-05 1.1506449945312924e-05 3.3635258685614574e-06 3.865983598387355e-06 -1.9772812440315615e-05 2.1676134932162967e-05 -6.967321907750411e-06 7.179826725228119e-06 2.0527083575011378e-05 1.579674736521623e-05 1.7698112854461496e-05 -1.7920499526389956e-05 2.8634627050642296e-06 1.563240205797967e-05 2.1081568215190198e-05 -2.5412330056048576e-05 -2.0687501641823238e-05 3.3334203916336913e-06 -1.6773512109189707e-05 3.2405914167158705e-05 4.147858333115799e-05 9.022609714839021e-06 6.040810051758514e-05 2.1366943341964844e-05 -6.099111717903748e-06 1.201966270839936e-05 1.2370315399621773e-05 -1.7671564955897196e-05 2.376015255209777e-05 -7.0574748571912155e-06 -1.4340526652218065e-05 -1.5585929992434747e-05 8.66228667746546e-06 -7.199391969455819e-06 -1.6661501305339246e-05 3.3638624857246897e-05 4.678028086540385e-07 -1.7444926360535336e-05 4.742041806482179e-06 4.9964174467265784e-08 -4.772979060739926e-06 -1.2607584084566921e-05 3.798401479161592e-06 1.6549034371152436e-05 1.337535750839682e-05 -1.8439098676931467e-06 -5.73621784230958e-06 -2.9683590895686944e-05 9.241398804581456e-06 -2.9117209242832407e-05 -7.1795732621784415e-06 2.0683462480042935e-05 1.4258996261100348e-05 -1.2286747009700315e-05 1.3641070773597142e-05 1.4924457013699804e-05 1.9286536312726757e-05 -2.501027017788921e-06 2.4174058865856385e-06 3.936486269530062e-05 -3.273531313610293e-06 2.9105173615050443e-05 -2.742465900621797e-05 -1.4794502218417357e-05 -1.2134329255112992e-05 2.119278004458638e-05 1.0776403626051176e-05 -9.268063751956466e-06 3.492793341057093e-05 1.7766698921917798e-06 1.203349569334294e-05 4.882938683149789e-06 2.3552070174174533e-05 -1.0065586460951175e-05 1.4925416726316581e-05 2.147231179563968e-06 -1.3253207386798474e-05 -1.5959750794860362e-05 7.682748537405034e-06 1.4645016683976957e-05 -2.301749354972588e-05 3.339085117409949e-06 1.4812856467610491e-05 4.219362751992813e-06 -1.2867192897029603e-05 -2.8288264858918645e-06 -6.126205170496422e-06 -6.690340189093628e-06 6.704260596297461e-06 2.180830414617417e-05 -6.4805146665512055e-06 1.5631505888317653e-05 -6.740148176194198e-06 -3.8625835093429716e-06 1.6381092754922006e-06 3.751562882209652e-05 -3.8841188008750166e-05 -3.1255008890559297e-07 -1.2668459694865644e-05 2.518227342604744e-05 -2.448258152687246e-05 3.470764591741841e-05 4.034114377563273e-06 1.0538936545608972e-05 -1.5015825425007002e-05 4.294439965102893e-06 -2.2853029652104583e-05 -1.570628172869019e-05 -5.522318936785893e-06 1.0538568595384053e-05 -5.0162496585894755e-06 2.0277857253854324e-05 1.5933028702296614e-05 -4.807477454915233e-06 -2.8099487555453367e-05 5.0333432151285655e-06 -5.082302977567179e-06 5.618869200100948e-06 -6.030401641538861e-08 3.0398212120249108e-06 1.5400702086093105e-05 -3.182044169359029e-05 -8.527063618629487e-06 2.1967286030649413e-05 0.00012985080848923735 -0.00010986296106347048 -5.1818883011617716e-06 -2.7422373230782332e-05 5.8898124954286987e-05 -1.733650627904183e-05 -3.3410178602051847e-06 9.103459207467654e-06 -3.564158049336388e-05 -7.862390173675145e-06 -2.1014592357793e-05 -1.7255432585613184e-05 -1.0021282574663747e-05 5.54632435072636e-06 3.410036701183348e-05 -8.462395934712231e-05 7.777089864212965e-05 -4.8215098811226284e-06 -1.5166764567504008e-05 -7.898751153198364e-05 2.384780525105574e-06 -2.0349423789002803e-05 -1.0117925609613244e-05 -6.071946854137737e-05 2.0186349601261426e-07 3.976214571737714e-06 -3.314759363625089e-05 2.8147631279220046e-06 -1.7269410101770682e-05 6.778771815611105e-06 -2.3878895735157747e-06 -3.208494949233822e-05 2.364605144506845e-05 1.0337811899028505e-05 2.680846806760971e-05 1.5230933419670348e-05 -1.1630679714192342e-06 -7.654941955168352e-06 -1.0153148555659372e-05 9.141349498740176e-06 2.4311215534174555e-05 0.0001213174010466196 1.2627648022397868e-07 -1.5728556320667074e-05 -5.5366595794771224e-05 -1.9460493010194562e-05 -6.777087920021095e-06 1.2986769758688859e-05 -8.396621867632046e-06 4.5430806769074586e-07 -4.483069255093748e-06 -1.3815890723517573e-05 1.5029291574646612e-05 -7.853081456223637e-06 5.727246631642424e-06 -1.2966459966662009e-05 -2.1754451334234152e-05 6.2929866495948305e-06 -3.693584016408881e-06 1.4204848451186705e-05 -1.2447230635182677e-05 1.94992865661422e-05 5.301958111602492e-06 -9.074811832775699e-06 2.01700712713036e-05 -1.0970575448914253e-05 -1.8652346453547314e-06 -8.340601921801334e-06 7.720657370212508e-06 7.466569306268432e-06 -1.5051384610103338e-05 1.3479719396345049e-05 -2.426973908336117e-06 8.110596139539204e-06 4.233399744466867e-06 1.070394498674298e-05 1.3574844142394563e-06 9.952618720934201e-06 1.7933496632928733e-05 1.5690944940069084e-05 -2.609854327271765e-05 -2.4802556382625934e-06 9.16763594992601e-06 1.5363090368105487e-06 4.666470627085539e-08 2.585975459451307e-05 -2.6473478168424997e-05 2.1759838912276736e-05 -5.343721781047222e-06 6.3471668573207345e-06 2.2001896914054683e-05 -1.2566467686394073e-05 2.150900548026009e-06 1.9159794557765432e-05 1.906981905156221e-05 -3.6500258833910105e-06 8.165827258296142e-07 -9.494090611636249e-06 1.3748158086199848e-06 -2.6856905225555042e-06 7.437234849798102e-06 -9.374814051900504e-06 5.973626224304803e-06 -1.4830172417506005e-05 1.0595230224453882e-05 3.5461873595362163e-06 -2.0078617857212766e-05 8.733748738393735e-06 -1.620351177697653e-05 6.271304294061189e-06 -8.949654547661725e-07 -1.6255612245261954e-05 9.870483134594784e-06 -4.009573847627401e-05 1.559347910253713e-06 6.4984389069656716e-06 -1.809239062200619e-05 1.218833780905855e-05 -1.3979206878996694e-05 -2.9520044180317284e-05 -1.140532795541187e-05 -2.9413664913531983e-06 3.5198973217284334e-06 2.0281289192995832e-05 -3.0285446015625267e-06 -1.9019688213006078e-06 2.2278214565005323e-05 4.832941875140199e-05 2.3028962041687853e-05 -1.4928296486284891e-05 -7.047121519254551e-06 -1.0535440361066866e-06 1.004551547025387e-05 -3.5734189425588802e-06 -2.020759369004172e-05 -1.5784547017943983e-05 -7.79701446947244e-06 -4.477108403506528e-06 1.7000878333482155e-05 1.2337230082458239e-05 4.2357570789903786e-06 1.0715077062097807e-07 2.380710944298198e-05 1.3430722183150971e-05 -2.9995616699998787e-05 -3.1583561235503168e-06 -8.426766652280722e-06 -1.7749788895366059e-06 1.8199525744572717e-05 2.48762949898977e-05 8.86623519119114e-06 -4.438161524421359e-06 -3.651001932913798e-07 6.0248125438229626e-06 2.736324666833019e-05 1.6144981743351503e-05 -4.202661824939741e-05 -8.74090857255533e-09 8.74090857255533e-09 -1.6961920122559418e-06 4.779638064768366e-06 2.8647349564604874e-06 -1.2365512784317682e-05 -2.5074031000411145e-05 2.942240965547808e-05 5.152399172760668e-06 1.7008243871976578e-06 -3.446365649249548e-05 -1.299257194557693e-05 1.0525853001741312e-05 -4.522157928710618e-07 -3.975067160237572e-06 -1.8687934585285026e-05 2.6898758824501436e-05 -5.968443894149004e-06 -0.00044744846997745 0.0004191491108744325 3.3403312228859024e-05 2.565315155713033e-06 3.612907294762656e-06 3.1261825224679914e-06 -1.1177251341656497e-05 2.802708922440435e-05 2.2662890298186828e-07 -9.14445017205295e-06 2.1991962036745765e-05 1.929613777379581e-05 1.4511600187818108e-05 -2.35074223499456e-05 2.1898901487277672e-05 2.7410688932723204e-05 3.168952230929178e-06 -2.0092500180509166e-05 3.875452609467775e-05 1.866135545000604e-05 -2.4783063150650636e-05 4.294821496055902e-05 -3.2152368678725745e-05 -2.7002683608533384e-05 2.1400324088855167e-05 -4.192836898760578e-06 -1.3519884861592902e-05 -1.4007394730829687e-05 4.148392311160683e-05 3.613523064895587e-05 7.791825733974137e-07 3.392546088609598e-06 3.8549664276809055e-05 -4.413251412143819e-06 -2.8009725933549044e-05 2.6743431816143635e-05 -1.0998146960627941e-05 7.452062485863856e-06 4.854006851517766e-05 1.3579015157947187e-05 3.805045734379394e-06 -2.0732572971354415e-06 -2.080539406218474e-05 -3.221671386411243e-05 3.785988475428672e-05 3.067494356083862e-05 -8.712072973155126e-06 -3.213219417608903e-05 3.07838651629723e-05 5.179782391308658e-05 -2.6224726962310107e-05 -8.550106899334897e-06 4.8074050970894844e-05 -1.5719828262844107e-05 2.8211470677616634e-05 6.865180779756977e-06 7.660236778291767e-06 -2.094899347476548e-05 9.37792030066559e-06 2.620904201561975e-05 -2.202981604991887e-06 1.9369728370599834e-05 2.616178417360723e-05 -3.615174291913085e-05 -1.188870421191401e-05 3.5433744161743096e-05 6.820459358666025e-05 7.088982861787206e-06 -0.00044831845095898675 2.4700236544141107e-05 -6.204313056653907e-06 -3.8125727012685545e-05 2.9750761898096233e-05 -3.5653956128935983e-07 2.063356394994219e-05 6.151860646749962e-05 -2.487434354024532e-05 -5.025153907495185e-06 3.15085353877161e-05 -2.593737719648028e-05 -1.3953965016367588e-05 -0.0004392739754552555 -2.618119386353913e-06 -8.916936131010967e-06 -2.0949103172409196e-05 4.636161029235598e-06 1.1902558519821806e-05 4.410383623379513e-06 1.45394112994762e-05 1.9498586527860446e-06 -2.1857739728883503e-06 2.8582770407279982e-05 -2.105690307087485e-05 5.4350578655352585e-06 5.791374420555023e-06 2.0969975890391753e-05 1.8214816008778678e-05 -2.891852682359804e-05 1.051600951150083e-05 -4.087017712189411e-06 1.948601656904274e-05 7.028204425736136e-07 9.557909714658948e-06 -1.0730035314050906e-05 1.012586244320111e-05 3.3887818532109283e-06 -4.994545352703274e-05 1.380171234354307e-05 -8.059960015390407e-06 -8.673372214774806e-06 5.009246443129156e-05 -1.6358409525188647e-05 -3.7959891731728084e-05 3.4189066071983736e-07 3.0538712118582206e-05 2.6262833428385736e-05 -2.914602195367657e-06 1.4756806565580984e-05 -1.3747178567370867e-05 -2.795854876234586e-06 2.648253630844735e-05 -1.2851991898135602e-05 2.3848756437710314e-05 3.5135986199556706e-05 -6.981943217125887e-05 -1.4250453246871024e-05 -4.766634540212714e-06 4.289843065856177e-05 -3.2873385676278134e-05 -1.5257243326099219e-05 -1.9965053638496854e-06 -2.330521760678942e-05 -4.990859001336526e-05 1.6587665985964e-05 -1.6989544579084487e-05 3.1564817878814124e-05 2.7953377681422003e-05 -3.9302867925627e-05 7.168880477798873e-06 -7.3415533924395225e-06 1.5955178092262555e-05 1.0099611978450374e-06 5.2287320763210944e-05 -1.0075834098625971e-05 1.2121365289724079e-05 -3.0107766601775395e-05 -4.887742487259161e-06 -0.0004393824578674757 -4.2555163109580775e-05 -3.7574050656358356e-05 -4.524213742526066e-05 -6.220048494446363e-06 -2.993393332155041e-05 3.09996073070573e-06 7.94908633482852e-06 1.0004053556607929e-06 -3.4364663577674185e-05 0.00040526141483640684 -6.330247454879712e-06 -1.9341676124449753e-05 -3.8460061056590285e-07 9.593623087145588e-06 -3.338208880686927e-05 -1.075853595918408e-05 -3.837809604987982e-07 -2.2745338916788273e-05 -1.269143305206183e-05 3.503074433327579e-05 -1.722934613445985e-05 -1.621934322070183e-05 4.5883633005320464e-05 1.6511640917518647e-05 3.6943124308158576e-05 -1.781152529458141e-05 -6.665771788994806e-06 -2.700392483996823e-05 1.9881029034856194e-06 -2.589118981823399e-07 -1.0815455422804843e-06 -3.1597934642817547e-06 0.00036318982155540046 9.76140688522916e-06</DataArray>
</CellData><Points>
<DataArray type="Float64" Name="Points" format="ascii" NumberOfComponents="3">0.0011707 0.00511052 0.000726714 0.00136381 0.00400063 0.00166595 0.0011707 0.00511052 0.000726714 0.00172597 0.00615287 0.00160933 0.00682956 0.00395168 0.0019128 0.00657539 0.00315625 0.00310777 0.00682956 0.00395168 0.0019128 0.00592388 0.00278187 0.00166533 0.00682956 0.00395168 0.0019128 0.00666115 0.0049784 0.000832305 0.00682956 0.00395168 0.0019128 0.00561194 0.00474941 0.00194474 0.00682956 0.00395168 0.0019128 0.0076989 0.00249733 0.00196093 0.00682956 0.00395168 0.0019128 0.00822397 0.00396195 0.000902438 0.00682956 0.00395168 0.0019128 0.007401 0.00527948 0.00279735 0.00344407 0.00137597 0.00702864 0.00443702 0.00126193 0.00603096 0.00344407 0.00137597 0.00702864 0.00507721 0.00157563 0.00747549 0.00344407 0.00137597 0.00702864 0.00388317 0.00286776 0.00643502 0.00344407 0.00137597 0.00702864 0.00346296 -0.00017373452048290053 0.00770206 0.00344407 0.00137597 0.00702864 0.00210799 0.000514871 0.00654096 0.00344407 0.00137597 0.00702864 0.00311038 0.00143628 0.00871652 0.00379403 0.00436476 0.000690016 0.00417694 0.00499294 0.0019066299999999999 0.00379403 0.00436476 0.000690016 0.00514995 0.00373308 0.000801508 0.00379403 0.00436476 0.000690016 0.00320316 0.00319229 0.00135556 0.00628875 0.00663954 0.00724597 0.00597012 0.00526271 0.00695189 0.00628875 0.00663954 0.00724597 0.0072877 0.00593717 0.00805869 0.00628875 0.00663954 0.00724597 0.00587305 0.00579836 0.00838813 0.00628875 0.00663954 0.00724597 0.00530401 0.00638175 0.00590996 0.00628875 0.00663954 0.00724597 0.00709027 0.00750106 0.00843372 0.00542279 0.00680687 0.00141509 0.0040045 0.00634479 0.00125722 0.00404529 0.00458572 0.00550295 0.00515781 0.00388396 0.00614525 0.00404529 0.00458572 0.00550295 0.00366126 0.00537321 0.00433115 0.00404529 0.00458572 0.00550295 0.00455066 0.00499305 0.00683327 0.00404529 0.00458572 0.00550295 0.0042939 0.00353752 0.00449492 0.00404529 0.00458572 0.00550295 0.00258048 0.00464355 0.00556401 0.00256822 0.00185237 0.00540656 0.00141109 0.00219405 0.00611624 0.00256822 0.00185237 0.00540656 0.00387528 0.0021753 0.00484406 0.00256822 0.00185237 0.00540656 0.00233097 0.00324931 0.00568384 0.00256822 0.00185237 0.00540656 0.0023473 0.00168708 0.00372602 0.00256822 0.00185237 0.00540656 0.00335473 0.00042560899999999997 0.0051186 0.000740444 0.00561481 0.00518617 0.0010634 0.00688146 0.00446362 0.000740444 0.00561481 0.00518617 0.00197388 0.00535377 0.00445731 0.000740444 0.00561481 0.00518617 0.00188511 0.00601158 0.00583302 0.000740444 0.00561481 0.00518617 -0.00027433452048289896 0.00446206 0.00463744 0.000740444 0.00561481 0.00518617 -0.0009059345204828985 0.00654281 0.00477441 0.0037849 0.00384102 0.00271738 0.00279567 0.00445008 0.00364297 0.0037849 0.00384102 0.00271738 0.00417694 0.00499294 0.00190663 0.0037849 0.00384102 0.00271738 0.00276292 0.00450743 0.00186774 0.0037849 0.00384102 0.00271738 0.0037867 0.00244212 0.00315535 0.0037849 0.00384102 0.00271738 0.00511477 0.00321219 0.00288116 0.0037849 0.00384102 0.00271738 0.00479755 0.00450517 0.00355692 0.0010634 0.00688146 0.00446362 0.00170942 0.00703751 0.00312605 0.00136381 0.00400063 0.00166595 0.00180116 0.0029669 0.000724021 0.00136381 0.00400063 0.00166595 -1.89345204828998e-05 0.00318868 0.00231321 0.00136381 0.00400063 0.00166595 0.00111397 0.00434177 0.0033338 0.00180116 0.0029669 0.000724021 0.00284111 0.00193883 0.000692047 0.00180116 0.0029669 0.000724021 0.000323769 0.00273242 0.000725229 0.00180116 0.0029669 0.000724021 0.00122562 0.00133281 0.000895291 0.00285347 0.00194218 0.0021302 0.0037867 0.00244212 0.00315535 0.00285347 0.00194218 0.0021302 0.0014567 0.00233273 0.00226515 0.00285347 0.00194218 0.0021302 0.00284111 0.00193883 0.0006920469999999999 0.00285347 0.00194218 0.0021302 0.0023473 0.00168708 0.00372602 0.00285347 0.00194218 0.0021302 0.0023245 0.0002996380000000001 0.00199677 0.00515781 0.00388396 0.00614525 0.00513715 0.00270404 0.00535036 0.00515781 0.00388396 0.00614525 0.00455066 0.00499305 0.00683327 0.00515781 0.00388396 0.00614525 0.00634732 0.00449835 0.00574789 0.00515781 0.00388396 0.00614525 0.00388317 0.00286776 0.00643502 0.00515781 0.00388396 0.00614525 0.00575946 0.00382595 0.00773708 0.00439855 0.00238369 0.001787 0.0050585 0.00173411 0.00296705 0.00439855 0.00238369 0.001787 0.00411023 0.0008751639999999999 0.000948129 0.00219297 0.00549159 0.00280579 0.00279567 0.00445008 0.00364297 0.00219297 0.00549159 0.00280579 0.00276292 0.00450743 0.00186774 0.00219297 0.00549159 0.00280579 0.00351676 0.00601883 0.0026573 0.00219297 0.00549159 0.00280579 0.00274193 0.00641659 0.00382049 0.00219297 0.00549159 0.00280579 0.00172597 0.00615287 0.00160933 0.00219297 0.00549159 0.00280579 0.00111397 0.00434177 0.0033338 0.00141109 0.00219405 0.00611624 0.00233097 0.00324931 0.00568384 0.00141109 0.00219405 0.00611624 0.00229923 0.00267082 0.00746956 0.00141109 0.00219405 0.00611624 -0.00020983452048289907 0.00191201 0.00635102 0.00141109 0.00219405 0.00611624 0.00105294 0.00285164 0.0045668 0.00279567 0.00445008 0.00364297 0.00289932 0.00316402 0.00435227 0.00279567 0.00445008 0.00364297 0.00366126 0.00537321 0.00433115 0.00279567 0.00445008 0.00364297 0.00197388 0.00535377 0.00445731 0.00279567 0.00445008 0.00364297 0.00241118 0.00322744 0.00293495 0.00279567 0.00445008 0.00364297 0.00111397 0.00434177 0.0033338 0.00657539 0.00315625 0.00310777 0.00569894 0.00246102 0.00403909 0.00657539 0.00315625 0.00310777 0.00511477 0.00321219 0.00288116 0.00657539 0.00315625 0.00310777 0.0076989 0.00249733 0.00196093 0.00614882 0.00494256 0.00385241 0.00505141 0.0057516 0.00432738 0.00614882 0.00494256 0.00385241 0.00623812 0.00369021 0.00455737 0.00614882 0.00494256 0.00385241 0.00479755 0.00450517 0.00355692 0.00614882 0.00494256 0.00385241 0.007401 0.00527948 0.00279735 0.00417694 0.00499294 0.00190663 0.00276292 0.00450743 0.00186774 0.00417694 0.00499294 0.00190663 0.00351676 0.00601883 0.0026573 0.00417694 0.00499294 0.00190663 0.00498613 0.00577743 0.00284157 0.00417694 0.00499294 0.00190663 0.00561194 0.00474941 0.00194474 0.00276292 0.00450743 0.00186774 0.00320316 0.00319229 0.00135556 0.0037867 0.00244212 0.00315535 0.0050585 0.00173411 0.00296705 0.0037867 0.00244212 0.00315535 0.0023473 0.00168708 0.00372602 0.00513715 0.00270404 0.00535036 0.00569894 0.00246102 0.00403909 0.00513715 0.00270404 0.00535036 0.00387528 0.0021753 0.00484406 0.00513715 0.00270404 0.00535036 0.0042939 0.00353752 0.00449492 0.00513715 0.00270404 0.00535036 0.00648516 0.00245198 0.00527826 0.00513715 0.00270404 0.00535036 0.00388317 0.00286776 0.00643502 0.00592388 0.00278187 0.00166533 0.00514995 0.00373308 0.000801508 0.00592388 0.00278187 0.00166533 0.0064113 0.00170331 0.00258678 0.00334507 0.00422073 0.00719383 0.00228033 0.00509546 0.00687752 0.00334507 0.00422073 0.00719383 0.00455066 0.00499305 0.00683327 0.00334507 0.00422073 0.00719383 0.00388317 0.00286776 0.00643502 0.00334507 0.00422073 0.00719383 0.00370366 0.0054593 0.00828345 0.00666115 0.0049784 0.000832305 0.00753281 0.00674216 0.00119193 0.00569894 0.00246102 0.00403909 0.00511477 0.00321219 0.00288116 0.00569894 0.00246102 0.00403909 0.0050585 0.00173411 0.00296705 0.00569894 0.00246102 0.00403909 0.00623812 0.00369021 0.00455737 0.00569894 0.00246102 0.00403909 0.00648516 0.00245198 0.00527826 0.00569894 0.00246102 0.00403909 0.00506675 0.000992623 0.00454736 0.00603666 0.00111207 0.00593149 0.00511542 -0.00018333452048289816 0.006662 0.00603666 0.00111207 0.00593149 0.00506675 0.000992623 0.00454736 0.00603666 0.00111207 0.00593149 0.0078885 0.00115519 0.00652779 0.00228033 0.00509546 0.00687752 0.00188511 0.00601158 0.00583302 0.00228033 0.00509546 0.00687752 0.00258048 0.00464355 0.00556401 0.00228033 0.00509546 0.00687752 0.00198132 0.0046344 0.00845073 0.00228033 0.00509546 0.00687752 0.00155176 0.00643669 0.00746675 0.00228033 0.00509546 0.00687752 0.00344293 0.00620025 0.00644121 0.0014567 0.00233273 0.00226515 0.00241118 0.00322744 0.00293495 0.0014567 0.00233273 0.00226515 0.00122562 0.00133281 0.0008952909999999999 0.0014567 0.00233273 0.00226515 -1.89345204828998e-05 0.00318868 0.00231321 0.00279029 0.00552338 0.00076022 0.00172597 0.00615287 0.00160933 0.00511477 0.00321219 0.00288116 0.0050585 0.00173411 0.00296705 0.00511477 0.00321219 0.00288116 0.00479755 0.00450517 0.00355692 0.00387528 0.0021753 0.00484406 0.00289932 0.00316402 0.00435227 0.00387528 0.0021753 0.00484406 0.0042939 0.00353752 0.00449492 0.00387528 0.0021753 0.00484406 0.00388317 0.00286776 0.00643502 0.00387528 0.0021753 0.00484406 0.00506675 0.000992623 0.00454736 0.00351676 0.00601883 0.0026573 0.0029903 0.00719235 0.0019787 0.00351676 0.00601883 0.0026573 0.00274193 0.00641659 0.00382049 0.00351676 0.00601883 0.0026573 0.00444802 0.00741462 0.00280678 0.0029903 0.00719235 0.0019787 0.00243152 0.00701389 0.0006721349999999999 0.0029903 0.00719235 0.0019787 0.00444802 0.00741462 0.00280678 0.0050585 0.00173411 0.00296705 0.0064113 0.00170331 0.00258678 0.0050585 0.00173411 0.00296705 0.00382826 0.0006237090000000001 0.00317225 0.0050585 0.00173411 0.00296705 0.00506675 0.000992623 0.00454736 0.00505141 0.0057516 0.00432738 0.00498613 0.00577743 0.00284157 0.00505141 0.0057516 0.00432738 0.00366126 0.00537321 0.00433115 0.00505141 0.0057516 0.00432738 0.00479755 0.00450517 0.00355692 0.00505141 0.0057516 0.00432738 0.00397185 0.00703135 0.00473897 0.00505141 0.0057516 0.00432738 0.00530401 0.00638175 0.00590996 0.00505141 0.0057516 0.00432738 0.00585506 0.00724045 0.0041921 0.00623812 0.00369021 0.00455737 0.00648516 0.00245198 0.00527826 0.00623812 0.00369021 0.00455737 0.00634732 0.00449835 0.00574789 0.00618351 0.00256406 0.00668012 0.00648516 0.00245198 0.00527826 0.00618351 0.00256406 0.00668012 0.00507721 0.00157563 0.00747549 0.00618351 0.00256406 0.00668012 0.00575946 0.00382595 0.00773708 0.00618351 0.00256406 0.00668012 0.00735197 0.00279899 0.00788263 0.00597012 0.00526271 0.00695189 0.00455066 0.00499305 0.00683327 0.00597012 0.00526271 0.00695189 0.00634732 0.00449835 0.00574789 0.00597012 0.00526271 0.00695189 0.00575946 0.00382595 0.00773708 0.00597012 0.00526271 0.00695189 0.00530401 0.00638175 0.00590996 0.00597012 0.00526271 0.00695189 0.0075611 0.00468358 0.00703912 0.00498613 0.00577743 0.00284157 0.00479755 0.00450517 0.00355692 0.00498613 0.00577743 0.00284157 0.00622494 0.00654224 0.00265633 0.00498613 0.00577743 0.00284157 0.00444802 0.00741462 0.00280678 0.00289932 0.00316402 0.00435227 0.0042939 0.00353752 0.00449492 0.00289932 0.00316402 0.00435227 0.00233097 0.00324931 0.00568384 0.00289932 0.00316402 0.00435227 0.0023473 0.00168708 0.00372602 0.0064113 0.00170331 0.00258678 0.0076989 0.00249733 0.00196093 0.0064113 0.00170331 0.00258678 0.00721792 0.00109848 0.00425242 0.0064113 0.00170331 0.00258678 0.00627456 0.0005231189999999998 0.00108581 0.00366126 0.00537321 0.00433115 0.00274193 0.00641659 0.00382049 0.00366126 0.00537321 0.00433115 0.00397185 0.00703135 0.00473897 0.00479755 0.00450517 0.00355692 0.0042939 0.00353752 0.00449492 0.00455066 0.00499305 0.00683327 0.00370366 0.0054593 0.00828345 0.00455066 0.00499305 0.00683327 0.00344293 0.00620025 0.00644121 0.00233097 0.00324931 0.00568384 0.00258048 0.00464355 0.00556401 0.00233097 0.00324931 0.00568384 0.00105294 0.00285164 0.0045668 0.00284111 0.00193883 0.000692047 0.00320316 0.00319229 0.00135556 0.00284111 0.00193883 0.000692047 0.00411023 0.0008751639999999999 0.000948129 0.00284111 0.00193883 0.000692047 0.00122562 0.00133281 0.000895291 0.00622494 0.00654224 0.00265633 0.00585506 0.00724045 0.0041921 0.00622494 0.00654224 0.00265633 0.007401 0.00527948 0.00279735 0.00622494 0.00654224 0.00265633 0.00753281 0.00674216 0.00119193 0.00648516 0.00245198 0.00527826 0.0077191 0.00351014 0.00557748 0.00648516 0.00245198 0.00527826 0.00721792 0.00109848 0.00425242 0.00274193 0.00641659 0.00382049 0.00197388 0.00535377 0.00445731 0.00274193 0.00641659 0.00382049 0.00170942 0.00703751 0.00312605 0.00274193 0.00641659 0.00382049 0.00272268 0.00816306 0.00378704 0.00274193 0.00641659 0.00382049 0.00397185 0.00703135 0.00473897 0.00197388 0.00535377 0.00445731 0.00258048 0.00464355 0.00556401 0.00197388 0.00535377 0.00445731 0.00111397 0.00434177 0.0033338 0.00241118 0.00322744 0.00293495 0.0023473 0.00168708 0.00372602 0.00172597 0.00615287 0.00160933 0.00243152 0.00701389 0.000672135 0.00172597 0.00615287 0.00160933 0.00134796 0.00781193 0.00169731 0.000977101 0.000911616 0.00545079 0.00210799 0.000514871 0.00654096 0.000977101 0.000911616 0.00545079 0.000548399 0.00108297 0.00389784 0.00443702 0.00126193 0.00603096 0.00507721 0.00157563 0.00747549 0.00443702 0.00126193 0.00603096 0.00388317 0.00286776 0.00643502 0.00443702 0.00126193 0.00603096 0.00511542 -0.00018333452048289794 0.006662 0.00443702 0.00126193 0.00603096 0.00335473 0.00042560899999999997 0.0051186 0.00443702 0.00126193 0.00603096 0.00506675 0.000992623 0.00454736 0.00170942 0.00703751 0.00312605 0.00272268 0.00816306 0.00378704 0.00170942 0.00703751 0.00312605 0.00134796 0.00781193 0.00169731 0.00170942 0.00703751 0.00312605 0.00037721299999999994 0.00610556 0.00297322 0.00243152 0.00701389 0.000672135 0.00134796 0.00781193 0.00169731 0.00188511 0.00601158 0.00583302 0.00217128 0.00731696 0.00538021 0.00188511 0.00601158 0.00583302 0.00155176 0.00643669 0.00746675 0.00188511 0.00601158 0.00583302 0.00344293 0.00620025 0.00644121 0.000323769 0.00273242 0.000725229 0.00122562 0.00133281 0.000895291 0.000323769 0.00273242 0.000725229 -1.8934520482899583e-05 0.00318868 0.00231321 0.000323769 0.00273242 0.000725229 -0.0012869345204828996 0.00318496 0.000865533 0.00634732 0.00449835 0.00574789 0.0077191 0.00351014 0.00557748 0.00634732 0.00449835 0.00574789 0.00694762 0.0058941 0.00511462 0.00217128 0.00731696 0.00538021 0.00310902 0.00867446 0.00560978 0.00217128 0.00731696 0.00538021 0.00127338 0.0085069 0.00670354 0.00453461 0.00191424 0.0111223 0.00353546 0.00135252 0.0103632 0.00453461 0.00191424 0.0111223 0.00470613 0.00231828 0.0124863 0.00453461 0.00191424 0.0111223 0.00357848 0.00304545 0.0103741 0.00453461 0.00191424 0.0111223 0.00577752 0.00304296 0.0114438 0.00453461 0.00191424 0.0111223 0.00589556 0.00134181 0.0104678 0.00453461 0.00191424 0.0111223 0.00393807 0.0006112889999999999 0.0119421 0.00353546 0.00135252 0.0103632 0.00464089 0.00120988 0.00938556 0.00353546 0.00135252 0.0103632 0.00227713 0.00190508 0.0102162 0.00353546 0.00135252 0.0103632 0.00357848 0.00304545 0.0103741 0.00353546 0.00135252 0.0103632 0.00242464 0.00016389300000000002 0.0101693 0.00353546 0.00135252 0.0103632 0.00311038 0.00143628 0.00871652 0.0045999 0.00528853 0.0136847 0.00494062 0.00455944 0.0124385 0.0045999 0.00528853 0.0136847 0.00360872 0.00484254 0.0146581 0.0045999 0.00528853 0.0136847 0.00581121 0.00614364 0.0145423 0.0045999 0.00528853 0.0136847 0.00375294 0.00581914 0.0122878 0.0045999 0.00528853 0.0136847 0.00441766 0.00698774 0.0136062 0.00467253 0.00419829 0.0110359 0.00494062 0.00455944 0.0124385 0.00467253 0.00419829 0.0110359 0.00514102 0.00550627 0.0107058 0.00467253 0.00419829 0.0110359 0.00357848 0.00304545 0.0103741 0.00467253 0.00419829 0.0110359 0.00577752 0.00304296 0.0114438 0.00467253 0.00419829 0.0110359 0.00333322 0.00488549 0.0102589 0.0072877 0.00593717 0.00805869 0.00587305 0.00579836 0.00838813 0.0072877 0.00593717 0.00805869 0.00710799 0.00456736 0.0089545 0.0072877 0.00593717 0.00805869 0.00709027 0.00750106 0.00843372 0.0072877 0.00593717 0.00805869 0.0075611 0.00468358 0.00703912 0.0072877 0.00593717 0.00805869 0.00883177 0.00539094 0.00851889 0.00464089 0.00120988 0.00938556 0.00524266 -8.833452048289878e-05 0.00960948 0.00464089 0.00120988 0.00938556 0.00458323 0.00278487 0.00880242 0.00464089 0.00120988 0.00938556 0.00589556 0.00134181 0.0104678 0.00464089 0.00120988 0.00938556 0.00311038 0.00143628 0.00871652 0.00284042 0.00729213 0.014276 0.00145594 0.00708937 0.0146906 0.00284042 0.00729213 0.014276 0.00441766 0.00698774 0.0136062 0.00284042 0.00729213 0.014276 0.00328473 0.0085585 0.013212 0.00494062 0.00455944 0.0124385 0.00605772 0.00493369 0.013339 0.00494062 0.00455944 0.0124385 0.00567325 0.00610861 0.0121082 0.00494062 0.00455944 0.0124385 0.00341431 0.0041004 0.0131237 0.00494062 0.00455944 0.0124385 0.00375294 0.00581914 0.0122878 0.00435703 0.00687876 0.00928385 0.00482817 0.00669996 0.00792395 0.00435703 0.00687876 0.00928385 0.00408372 0.0063961 0.0105598 0.00435703 0.00687876 0.00928385 0.00593466 0.00696661 0.00987621 0.00435703 0.00687876 0.00928385 0.00311064 0.00728365 0.0082707 0.00435703 0.00687876 0.00928385 0.00452694 0.00844688 0.00858962 0.00145594 0.00708937 0.0146906 0.00111172 0.00875979 0.0144934 0.00145594 0.00708937 0.0146906 0.00177615 0.00528751 0.0140528 0.00145594 0.00708937 0.0146906 -2.5034520482899352e-05 0.00737856 0.0134381 0.00587305 0.00579836 0.00838813 0.00482817 0.00669996 0.00792395 0.00587305 0.00579836 0.00838813 0.00508948 0.00460041 0.0093519 0.00360872 0.00484254 0.0146581 0.00481632 0.0036413 0.0144291 0.00360872 0.00484254 0.0146581 0.00341431 0.0041004 0.0131237 0.00360872 0.00484254 0.0146581 0.00177615 0.00528751 0.0140528 0.00564652 0.00211842 0.0143288 0.00399246 0.00186836 0.0145468 0.00564652 0.00211842 0.0143288 0.00481632 0.0036413 0.0144291 0.00564652 0.00211842 0.0143288 0.00663465 0.00339992 0.0138561 0.00564652 0.00211842 0.0143288 0.00523954 0.000677534 0.0134468 0.00164471 0.00457336 0.0103152 0.00223355 0.00409084 0.0115971 0.00164471 0.00457336 0.0103152 0.00333322 0.00488549 0.0102589 0.00164471 0.00457336 0.0103152 0.00143241 0.00313414 0.00952206 0.00164471 0.00457336 0.0103152 0.00207001 0.00574656 0.0114178 0.00164471 0.00457336 0.0103152 0.0003715000000000001 0.00563588 0.0098039 0.00718678 0.00427955 0.0126152 0.00605772 0.00493369 0.013339 0.00718678 0.00427955 0.0126152 0.00849744 0.00525546 0.0125753 0.00718678 0.00427955 0.0126152 0.00662637 0.0047182 0.0111098 0.00718678 0.00427955 0.0126152 0.00663465 0.00339992 0.0138561 0.00718678 0.00427955 0.0126152 0.00778333 0.00316772 0.0114166 0.00138808 0.015197 0.0138185 0.00196848 0.016540254520482897 0.0135393 0.00138808 0.015197 0.0138185 0.00228793 0.0143858 0.0127367 0.00138808 0.015197 0.0138185 0.0002382179999999999 0.0158611975204829 0.0128011 0.00138808 0.015197 0.0138185 0.000657196 0.0164642645204829 0.0145429 0.00138808 0.015197 0.0138185 0.000528769 0.0134774 0.013563 0.00223355 0.00409084 0.0115971 0.00280501 0.00261203 0.0120275 0.00223355 0.00409084 0.0115971 0.00207001 0.00574656 0.0114178 0.00223355 0.00409084 0.0115971 0.000782605 0.004729 0.012171 0.00712973 0.0058333 0.0100266 0.00710799 0.00456736 0.0089545 0.00712973 0.0058333 0.0100266 0.00662637 0.0047182 0.0111098 0.00712973 0.0058333 0.0100266 0.00593466 0.00696661 0.00987621 0.00712973 0.0058333 0.0100266 0.00828984 0.00703131 0.00991494 0.00514102 0.00550627 0.0107058 0.00408372 0.0063961 0.0105598 0.00514102 0.00550627 0.0107058 0.00567325 0.00610861 0.0121082 0.00514102 0.00550627 0.0107058 0.00662637 0.0047182 0.0111098 0.00514102 0.00550627 0.0107058 0.00508948 0.00460041 0.0093519 0.00196848 0.00116962 0.0135393 0.00104019 0.00216431 0.0125441 0.00196848 0.00116962 0.0135393 0.00331812 0.0002663240000000001 0.0137777 0.00196848 0.00116962 0.0135393 0.00203742 0.000697943 0.0119258 0.00196848 0.00116962 0.0135393 0.0006571960000000001 0.00109363 0.0145429 0.00482817 0.00669996 0.00792395 0.00370366 0.0054593 0.00828345 0.00482817 0.00669996 0.00792395 0.00440248 0.00784218 0.00675571 0.00470613 0.00231828 0.0124863 0.00357693 0.00171218 0.0130554 0.00470613 0.00231828 0.0124863 0.00577752 0.00304296 0.0114438 0.00227713 0.00190508 0.0102162 0.00357848 0.00304545 0.0103741 0.00227713 0.00190508 0.0102162 0.00143241 0.00313414 0.00952206 0.00227713 0.00190508 0.0102162 0.00242464 0.00016389300000000002 0.0101693 0.00227713 0.00190508 0.0102162 0.000659361 0.00136292 0.0100288 0.00357693 0.00171218 0.0130554 0.00399246 0.00186836 0.0145468 0.00357693 0.00171218 0.0130554 0.00280501 0.00261203 0.0120275 0.00357693 0.00171218 0.0130554 0.00331812 0.0002663240000000001 0.0137777 0.00357693 0.00171218 0.0130554 0.00393807 0.0006112889999999999 0.0119421 0.00303034 0.00339469 0.00880031 0.00357848 0.00304545 0.0103741 0.00303034 0.00339469 0.00880031 0.00198132 0.0046344 0.00845073 0.00303034 0.00339469 0.00880031 0.00458323 0.00278487 0.00880242 0.00303034 0.00339469 0.00880031 0.00229923 0.00267082 0.00746956 0.00408372 0.0063961 0.0105598 0.00333322 0.00488549 0.0102589 0.00408372 0.0063961 0.0105598 0.0029563 0.00730875 0.0113204 0.00524266 0.0152823 0.00960948 0.00492193 0.0140962 0.00837211 0.00524266 0.0152823 0.00960948 0.00384501 0.0143877 0.00994073 0.00524266 0.0152823 0.00960948 0.00670507 0.0160295855204829 0.00854846 0.00605772 0.00493369 0.013339 0.00567325 0.00610861 0.0121082 0.00605772 0.00493369 0.013339 0.00710458 0.00632546 0.0132729 0.00605772 0.00493369 0.013339 0.00663465 0.00339992 0.0138561 0.00605772 0.00493369 0.013339 0.00581121 0.00614364 0.0145423 0.00178176 0.00362604 0.0129601 0.000851763 0.00328753 0.0143884 0.00178176 0.00362604 0.0129601 0.00280501 0.00261203 0.0120275 0.00178176 0.00362604 0.0129601 0.00104019 0.00216431 0.0125441 0.00178176 0.00362604 0.0129601 0.00341431 0.0041004 0.0131237 0.00178176 0.00362604 0.0129601 0.000782605 0.004729 0.012171 0.00178176 0.00362604 0.0129601 0.00177615 0.00528751 0.0140528 0.00399246 0.00186836 0.0145468 0.00481632 0.0036413 0.0144291 0.00399246 0.00186836 0.0145468 0.00331812 0.0002663240000000001 0.0137777 0.00710799 0.00456736 0.0089545 0.00575946 0.00382595 0.00773708 0.00710799 0.00456736 0.0089545 0.0063902 0.00292149 0.00959416 0.00710799 0.00456736 0.0089545 0.0075611 0.00468358 0.00703912 0.00710799 0.00456736 0.0089545 0.00830048 0.00315535 0.00948273 0.00710799 0.00456736 0.0089545 0.00883177 0.00539094 0.00851889 0.00357848 0.00304545 0.0103741 0.00458323 0.00278487 0.00880242 0.00357848 0.00304545 0.0103741 0.00280501 0.00261203 0.0120275 0.00357848 0.00304545 0.0103741 0.00333322 0.00488549 0.0102589 0.00481632 0.0036413 0.0144291 0.00663465 0.00339992 0.0138561 0.00481632 0.0036413 0.0144291 0.00341431 0.0041004 0.0131237 0.00567325 0.00610861 0.0121082 0.00710458 0.00632546 0.0132729 0.00567325 0.00610861 0.0121082 0.00662637 0.0047182 0.0111098 0.00567325 0.00610861 0.0121082 0.00375294 0.00581914 0.0122878 0.00567325 0.00610861 0.0121082 0.00469865 0.00775278 0.0118786 0.00849744 0.00525546 0.0125753 0.00710458 0.00632546 0.0132729 0.00849744 0.00525546 0.0125753 0.00946024 0.00620843 0.0112433 0.00849744 0.00525546 0.0125753 0.0103391 0.00488998 0.0124083 0.000851763 0.00328753 0.0143884 -0.0005695345204829001 0.00217653 0.013565 0.000851763 0.00328753 0.0143884 0.00177615 0.00528751 0.0140528 0.00710458 0.00632546 0.0132729 0.00581121 0.00614364 0.0145423 0.00710458 0.00632546 0.0132729 0.00632039 0.00811927 0.0134906 0.00710458 0.00632546 0.0132729 0.00867261 0.00619078 0.0144088 0.00710458 0.00632546 0.0132729 0.00829656 0.00728812 0.0122228 0.00198132 0.0046344 0.00845073 0.00370366 0.0054593 0.00828345 0.00198132 0.0046344 0.00845073 0.00222954 0.00617771 0.00949663 0.00198132 0.0046344 0.00845073 0.00143241 0.00313414 0.00952206 0.00198132 0.0046344 0.00845073 0.0003860630000000001 0.00376124 0.0080336 0.00458323 0.00278487 0.00880242 0.00507721 0.00157563 0.00747549 0.00458323 0.00278487 0.00880242 0.00575946 0.00382595 0.00773708 0.00458323 0.00278487 0.00880242 0.0063902 0.00292149 0.00959416 0.00458323 0.00278487 0.00880242 0.00508948 0.00460041 0.0093519 0.00458323 0.00278487 0.00880242 0.00311038 0.00143628 0.00871652 0.00507721 0.00157563 0.00747549 0.00511542 -0.00018333452048289816 0.006662 0.00507721 0.00157563 0.00747549 0.00670507 0.000658951 0.00854846 0.00280501 0.00261203 0.0120275 0.00104019 0.00216431 0.0125441 0.00280501 0.00261203 0.0120275 0.00341431 0.0041004 0.0131237 0.00104019 0.00216431 0.0125441 0.00203742 0.0006979429999999999 0.0119258 0.00104019 0.00216431 0.0125441 0.000238218 0.0004905629999999998 0.0128011 0.00104019 0.00216431 0.0125441 -0.0005695345204828996 0.00217653 0.013565 0.00104019 0.00216431 0.0125441 0.000435341 0.00315467 0.0111385 0.00388317 0.00286776 0.00643502 0.00229923 0.00267082 0.00746956 0.00575946 0.00382595 0.00773708 0.00508948 0.00460041 0.0093519 0.00575946 0.00382595 0.00773708 0.00735197 0.00279899 0.00788263 0.00577752 0.00304296 0.0114438 0.0063902 0.00292149 0.00959416 0.00577752 0.00304296 0.0114438 0.00662637 0.0047182 0.0111098 0.00577752 0.00304296 0.0114438 0.00589556 0.00134181 0.0104678 0.00577752 0.00304296 0.0114438 0.00661049 0.0018539 0.0126613 0.0063902 0.00292149 0.00959416 0.00589556 0.00134181 0.0104678 0.0063902 0.00292149 0.00959416 0.00830048 0.00315535 0.00948273 0.0063902 0.00292149 0.00959416 0.00735197 0.00279899 0.00788263 0.00662637 0.0047182 0.0111098 0.00778333 0.00316772 0.0114166 0.00663465 0.00339992 0.0138561 0.00661049 0.0018539 0.0126613 0.00663465 0.00339992 0.0138561 0.00743169 0.00176539 0.014449 0.00341431 0.0041004 0.0131237 0.00375294 0.00581914 0.0122878 0.00341431 0.0041004 0.0131237 0.00177615 0.00528751 0.0140528 0.00229923 0.00267082 0.00746956 0.00311038 0.00143628 0.00871652 0.00229923 0.00267082 0.00746956 0.000686784 0.00198909 0.00815714 0.00581121 0.00614364 0.0145423 0.00441766 0.00698774 0.0136062 0.00333322 0.00488549 0.0102589 0.00508948 0.00460041 0.0093519 0.00333322 0.00488549 0.0102589 0.00222954 0.00617771 0.00949663 0.00333322 0.00488549 0.0102589 0.00207001 0.00574656 0.0114178 0.00155176 0.00643669 0.00746675 0.00311064 0.00728365 0.0082707 0.00155176 0.00643669 0.00746675 0.0013482 0.00774675 0.00879523 0.00155176 0.00643669 0.00746675 -4.883452048289852e-05 0.00552158 0.00779171 0.00155176 0.00643669 0.00746675 0.00127338 0.0085069 0.00670354 0.00370366 0.0054593 0.00828345 0.00508948 0.00460041 0.0093519 0.00370366 0.0054593 0.00828345 0.00311064 0.00728365 0.0082707 0.00222954 0.00617771 0.00949663 0.00311064 0.00728365 0.0082707 0.00222954 0.00617771 0.00949663 0.0013482 0.00774675 0.00879523 0.00222954 0.00617771 0.00949663 0.00117083 0.00728034 0.010666 0.00222954 0.00617771 0.00949663 0.00207001 0.00574656 0.0114178 0.00222954 0.00617771 0.00949663 0.00037149999999999987 0.00563588 0.0098039 0.00375294 0.00581914 0.0122878 0.0029563 0.00730875 0.0113204 0.00375294 0.00581914 0.0122878 0.00441766 0.00698774 0.0136062 0.00375294 0.00581914 0.0122878 0.00207001 0.00574656 0.0114178 0.0029563 0.00730875 0.0113204 0.00469865 0.00775278 0.0118786 0.0029563 0.00730875 0.0113204 0.00171268 0.00847756 0.0120604 0.0029563 0.00730875 0.0113204 0.00384724 0.00848007 0.0103051 0.0029563 0.00730875 0.0113204 0.00117083 0.00728034 0.010666 0.0029563 0.00730875 0.0113204 0.00207001 0.00574656 0.0114178 0.00589556 0.00134181 0.0104678 0.0077656 0.00155249 0.0103037 0.00589556 0.00134181 0.0104678 0.00548211 -0.00021903452048290038 0.0113389 0.00589556 0.00134181 0.0104678 0.00714634 -0.00018183452048289926 0.0104643 0.00589556 0.00134181 0.0104678 0.00670507 0.000658951 0.00854846 0.0077656 0.00155249 0.0103037 0.00714634 -0.00018183452048289883 0.0104643 0.0077656 0.00155249 0.0103037 0.00882078 0.0013396 0.00861891 0.0077656 0.00155249 0.0103037 0.00830048 0.00315535 0.00948273 0.0077656 0.00155249 0.0103037 0.00960321 0.00181809 0.0103479 0.0077656 0.00155249 0.0103037 0.00778333 0.00316772 0.0114166 0.0077656 0.00155249 0.0103037 0.00670507 0.000658951 0.00854846 0.00143241 0.00313414 0.00952206 0.0003860630000000001 0.00376124 0.0080336 0.00143241 0.00313414 0.00952206 0.000659361 0.00136292 0.0100288 0.00143241 0.00313414 0.00952206 0.000686784 0.00198909 0.00815714 0.00143241 0.00313414 0.00952206 0.0004353409999999999 0.00315467 0.0111385 0.00143241 0.00313414 0.00952206 -0.0005532345204828997 0.00331675 0.00957953 0.00661049 0.0018539 0.0126613 0.00523954 0.000677534 0.0134468 0.00661049 0.0018539 0.0126613 0.00743169 0.00176539 0.014449 0.00661049 0.0018539 0.0126613 0.00875053 0.00160659 0.0127024 0.00593466 0.00696661 0.00987621 0.00709027 0.00750106 0.00843372 0.00593466 0.00696661 0.00987621 0.006704 0.00834729 0.0113491 0.00526479 0.0112222 0.00640163 0.00370291 0.0104493 0.00562724 0.00526479 0.0112222 0.00640163 0.00608571 0.0127769 0.00554103 0.00526479 0.0112222 0.00640163 0.00655459 0.00977958 0.00621386 0.00526479 0.0112222 0.00640163 0.00525513 0.0107791 0.00445958 0.00526479 0.0112222 0.00640163 0.00381422 0.0105406 0.00754801 0.00526479 0.0112222 0.00640163 0.0056202 0.0105558 0.00816 0.00370291 0.0104493 0.00562724 0.00297485 0.0119873 0.00661088 0.00370291 0.0104493 0.00562724 0.00332438 0.0120479 0.00474202 0.00370291 0.0104493 0.00562724 0.00500334 0.00904777 0.00537484 0.00370291 0.0104493 0.00562724 0.00310902 0.00867446 0.00560978 0.00370291 0.0104493 0.00562724 0.00525513 0.0107791 0.00445958 0.00370291 0.0104493 0.00562724 0.00365219 0.00984248 0.00381899 0.00370291 0.0104493 0.00562724 0.00381422 0.0105406 0.00754801 0.00529349 0.00897474 0.0035077 0.00691907 0.00923618 0.00440752 0.00529349 0.00897474 0.0035077 0.00500334 0.00904777 0.00537484 0.00529349 0.00897474 0.0035077 0.00465499 0.0103072 0.00224847 0.00529349 0.00897474 0.0035077 0.00444802 0.00741462 0.00280678 0.00529349 0.00897474 0.0035077 0.00585506 0.00724045 0.0041921 0.00529349 0.00897474 0.0035077 0.00365219 0.00984248 0.00381899 0.00529349 0.00897474 0.0035077 0.00666417 0.00843233 0.0023315 0.00272268 0.00816306 0.00378704 0.0029872 0.00916906 0.00213399 0.00272268 0.00816306 0.00378704 0.00310902 0.00867446 0.00560978 0.00272268 0.00816306 0.00378704 0.00397185 0.00703135 0.00473897 0.00272268 0.00816306 0.00378704 0.00365219 0.00984248 0.00381899 0.00144722 0.0138203 0.00239112 0.00213218 0.0132529 0.00405469 0.00144722 0.0138203 0.00239112 4.487559999999998e-05 0.0149418 0.00193624 0.00144722 0.0138203 0.00239112 0.00250825 0.0141056 0.0008896500000000001 0.00144722 0.0138203 0.00239112 0.000666986 0.0119486 0.00316235 0.00144722 0.0138203 0.00239112 0.0003067249999999999 0.0143036 0.00420613 0.00481115 0.0144793 0.00489786 0.00372771 0.0138531 0.00342931 0.00481115 0.0144793 0.00489786 0.00511542 0.0151873 0.006662 0.00481115 0.0144793 0.00489786 0.00444535 0.0132218 0.00628442 0.00481115 0.0144793 0.00489786 0.00335473 0.0157962435204829 0.0051186 0.00481115 0.0144793 0.00489786 0.00506675 0.0163632575204829 0.00454736 0.00608571 0.0127769 0.00554103 0.00444535 0.0132218 0.00628442 0.00608571 0.0127769 0.00554103 0.00698457 0.0144149 0.00494817 0.00608571 0.0127769 0.00554103 0.00511956 0.0126352 0.00388728 0.00608571 0.0127769 0.00554103 0.00712276 0.0112209 0.0053118 0.00608571 0.0127769 0.00554103 0.00605981 0.0128694 0.00744439 0.00608571 0.0127769 0.00554103 0.0079663 0.0126963 0.00664107 0.00608571 0.0127769 0.00554103 0.00731839 0.0125537 0.0037968 0.0029872 0.00916906 0.00213399 0.00159134 0.00962106 0.000904773 0.0029872 0.00916906 0.00213399 0.00423925 0.00817806 0.000981228 0.0029872 0.00916906 0.00213399 0.00365219 0.00984248 0.00381899 0.00372771 0.0138531 0.00342931 0.00224951 0.015109 0.0037907 0.00372771 0.0138531 0.00342931 0.00213218 0.0132529 0.00405469 0.00372771 0.0138531 0.00342931 0.00442039 0.0146395 0.00192439 0.00372771 0.0138531 0.00342931 0.00511956 0.0126352 0.00388728 0.00411023 0.000875164 0.000948129 0.00442039 -0.0007311345204828989 0.00192439 0.00411023 0.000875164 0.000948129 0.00627456 0.000523119 0.00108581 0.00224951 0.015109 0.0037907 0.00213218 0.0132529 0.00405469 0.00224951 0.015109 0.0037907 0.0023473 0.0170577145204829 0.00372602 0.00224951 0.015109 0.0037907 0.00382826 0.0159943435204829 0.00317225 0.00224951 0.015109 0.0037907 0.0023245 0.0156702725204829 0.00199677 0.00224951 0.015109 0.0037907 0.00335473 0.0157962435204829 0.0051186 0.00224951 0.015109 0.0037907 0.0003067249999999999 0.0143036 0.00420613 0.0018791 0.0104386 0.00415748 0.00286447 0.0112032 0.00267008 0.0018791 0.0104386 0.00415748 0.00127243 0.0105323 0.00595712 0.0018791 0.0104386 0.00415748 0.00365219 0.00984248 0.00381899 0.0018791 0.0104386 0.00415748 0.0006669859999999998 0.0119486 0.00316235 0.00346296 0.0151969 0.00770206 0.00511542 0.0151873 0.006662 0.00346296 0.0151969 0.00770206 0.0026995 0.0139362 0.00645978 0.00346296 0.0151969 0.00770206 0.00210799 0.0158855055204829 0.00654096 0.00346296 0.0151969 0.00770206 0.00311038 0.0168069145204829 0.00871652 0.00346296 0.0151969 0.00770206 0.00306325 0.0134397 0.00839677 0.00346296 0.0151969 0.00770206 0.00492193 0.0140962 0.00837211 0.00346296 0.0151969 0.00770206 0.0013574399999999997 0.0153596 0.00840772 0.00286447 0.0112032 0.00267008 0.00364312 0.0112715 0.0009173670000000001 0.00286447 0.0112032 0.00267008 0.00365219 0.00984248 0.00381899 0.00213218 0.0132529 0.00405469 0.00332438 0.0120479 0.00474202 0.00213218 0.0132529 0.00405469 0.0006669860000000001 0.0119486 0.00316235 0.00213218 0.0132529 0.00405469 0.0003067249999999999 0.0143036 0.00420613 0.00213218 0.0132529 0.00405469 0.00110378 0.0126618 0.00579861 0.00511542 0.0151873 0.006662 0.00692381 0.0145761 0.00688904 0.00127243 0.0105323 0.00595712 0.00196209 0.0108308 0.0077125 0.00127243 0.0105323 0.00595712 -0.0005435345204828996 0.0106248 0.00479047 0.00127243 0.0105323 0.00595712 0.00110378 0.0126618 0.00579861 0.00127243 0.0105323 0.00595712 0.00127338 0.0085069 0.00670354 0.00691907 0.00923618 0.00440752 0.00655459 0.00977958 0.00621386 0.00691907 0.00923618 0.00440752 0.00825582 0.0105605 0.00394566 0.00691907 0.00923618 0.00440752 0.00868971 0.00887219 0.00488879 0.00655459 0.00977958 0.00621386 0.00592487 0.00872856 0.00750834 0.00655459 0.00977958 0.00621386 0.00500334 0.00904777 0.00537484 0.00655459 0.00977958 0.00621386 0.00712276 0.0112209 0.0053118 0.00655459 0.00977958 0.00621386 0.00672128 0.00783746 0.00584935 0.00655459 0.00977958 0.00621386 0.00821784 0.00881385 0.00715772 0.00570021 7.76042e-05 0.0030827 0.00442039 -0.0007311345204828989 0.00192439 0.00570021 7.76042e-05 0.0030827 0.00382826 0.000623709 0.00317225 0.00570021 7.76042e-05 0.0030827 0.00506675 0.000992623 0.00454736 0.00570021 7.76042e-05 0.0030827 0.00721792 0.00109848 0.00425242 0.00570021 7.76042e-05 0.0030827 0.00627456 0.000523119 0.00108581 0.00570021 7.76042e-05 0.0030827 0.00769132 -0.000567534520482899 0.00268428 0.00297485 0.0119873 0.00661088 0.00444535 0.0132218 0.00628442 0.00297485 0.0119873 0.00661088 0.00332438 0.0120479 0.00474202 0.00297485 0.0119873 0.00661088 0.00196209 0.0108308 0.0077125 0.00297485 0.0119873 0.00661088 0.0026995 0.0139362 0.00645978 0.00297485 0.0119873 0.00661088 0.00381422 0.0105406 0.00754801 0.00297485 0.0119873 0.00661088 0.00434647 0.012254 0.00791536 0.00297485 0.0119873 0.00661088 0.00110378 0.0126618 0.00579861 0.00444535 0.0132218 0.00628442 0.0026995 0.0139362 0.00645978 0.00444535 0.0132218 0.00628442 0.00434647 0.012254 0.00791536 0.00442039 0.0146395 0.00192439 0.00408177 0.0131248 0.0008625520000000002 0.00442039 0.0146395 0.00192439 0.00577767 0.0138114 0.000818425 0.00442039 0.0146395 0.00192439 0.00382826 0.0159943435204829 0.00317225 0.0023473 0.00168708 0.00372602 0.00382826 0.0006237090000000001 0.00317225 0.0023473 0.00168708 0.00372602 0.000548399 0.00108297 0.00389784 0.0023473 0.00168708 0.00372602 0.00105294 0.00285164 0.0045668 0.00408177 0.0131248 0.000862552 0.00541868 0.0119487 0.00152864 0.00408177 0.0131248 0.000862552 0.00577767 0.0138114 0.000818425 0.00408177 0.0131248 0.000862552 0.00364312 0.0112715 0.000917367 0.00408177 0.0131248 0.000862552 0.00250825 0.0141056 0.00088965 0.00698457 0.0144149 0.00494817 0.00692381 0.0145761 0.00688904 0.00698457 0.0144149 0.00494817 0.00721792 0.0164691145204829 0.00425242 0.00698457 0.0144149 0.00494817 0.00731839 0.0125537 0.0037968 0.00196209 0.0108308 0.0077125 0.00016801000000000012 0.0112923 0.00846213 0.00196209 0.0108308 0.0077125 0.00381422 0.0105406 0.00754801 0.00196209 0.0108308 0.0077125 0.00280408 0.00910984 0.0081229 0.00196209 0.0108308 0.0077125 0.000964634 0.00954925 0.00859036 0.00592487 0.00872856 0.00750834 0.00440248 0.00784218 0.00675571 0.00592487 0.00872856 0.00750834 0.00689966 0.00930795 0.00896955 0.00592487 0.00872856 0.00750834 0.00709027 0.00750106 0.00843372 0.00592487 0.00872856 0.00750834 0.00452694 0.00844688 0.00858962 0.00592487 0.00872856 0.00750834 0.0056202 0.0105558 0.00816 0.0026995 0.0139362 0.00645978 0.00110378 0.0126618 0.00579861 0.00576999 0.00942623 0.00092599 0.00465499 0.0103072 0.00224847 0.00576999 0.00942623 0.00092599 0.00423925 0.00817806 0.000981228 0.00576999 0.00942623 0.00092599 0.00666417 0.00843233 0.0023315 0.00500334 0.00904777 0.00537484 0.00440248 0.00784218 0.00675571 0.00500334 0.00904777 0.00537484 0.00310902 0.00867446 0.00560978 0.00500334 0.00904777 0.00537484 0.00525513 0.0107791 0.00445958 0.00541868 0.0119487 0.00152864 0.00465499 0.0103072 0.00224847 0.00541868 0.0119487 0.00152864 0.00364312 0.0112715 0.000917367 0.00541868 0.0119487 0.00152864 0.0060604 0.0135231 0.0025013 0.00541868 0.0119487 0.00152864 0.00753351 0.0117752 0.00121546 0.00440248 0.00784218 0.00675571 0.00310902 0.00867446 0.00560978 0.00440248 0.00784218 0.00675571 0.00530401 0.00638175 0.00590996 0.00440248 0.00784218 0.00675571 0.00344293 0.00620025 0.00644121 0.00440248 0.00784218 0.00675571 0.00452694 0.00844688 0.00858962 0.0149371 0.0134765 0.000831748 0.0154155101204829 0.0149418 0.00193624 0.0149371 0.0134765 0.000831748 0.0149448 0.0112878 0.00116843 0.0149371 0.0134765 0.000831748 0.0141116 0.0133757 0.00272953 0.00310902 0.00867446 0.00560978 0.00127338 0.0085069 0.00670354 0.00397185 0.00703135 0.00473897 0.00530401 0.00638175 0.00590996 0.00397185 0.00703135 0.00473897 0.00344293 0.00620025 0.00644121 0.00397185 0.00703135 0.00473897 0.00585506 0.00724045 0.0041921 0.00577767 0.0138114 0.000818425 0.0060604 0.0135231 0.0025013 0.00577767 0.0138114 0.000818425 0.00627456 0.0158937535204829 0.00108581 0.00465499 0.0103072 0.00224847 0.00364312 0.0112715 0.0009173670000000001 0.00465499 0.0103072 0.00224847 0.00365219 0.00984248 0.00381899 0.00511956 0.0126352 0.00388728 0.00525513 0.0107791 0.00445958 0.00511956 0.0126352 0.00388728 0.0060604 0.0135231 0.0025013 0.00511956 0.0126352 0.00388728 0.00731839 0.0125537 0.0037968 0.00530401 0.00638175 0.00590996 0.00344293 0.00620025 0.00644121 0.00530401 0.00638175 0.00590996 0.00585506 0.00724045 0.0041921 0.00530401 0.00638175 0.00590996 0.00694762 0.0058941 0.00511462 0.00382826 0.000623709 0.00317225 0.0023245 0.000299638 0.00199677 0.00382826 0.000623709 0.00317225 0.00506675 0.000992623 0.00454736 0.00134796 0.00781193 0.00169731 0.00159134 0.00962106 0.000904773 0.00134796 0.00781193 0.00169731 -0.00027293452048289925 0.00676716 0.00128897 0.00134796 0.00781193 0.00169731 -0.0004199345204828988 0.00889781 0.00113505 0.00712276 0.0112209 0.0053118 0.00825582 0.0105605 0.00394566 0.00712276 0.0112209 0.0053118 0.0079663 0.0126963 0.00664107 0.00712276 0.0112209 0.0053118 0.00909159 0.0106684 0.00598173 0.00712276 0.0112209 0.0053118 0.00731839 0.0125537 0.0037968 0.00173901 0.0115725 0.000996305 0.00159134 0.00962106 0.000904773 0.00173901 0.0115725 0.000996305 0.00364312 0.0112715 0.000917367 0.00173901 0.0115725 0.000996305 -0.00042583452048290064 0.0112878 0.00116843 0.0023245 0.000299638 0.00199677 0.00122562 0.00133281 0.0008952909999999999 0.0023245 0.000299638 0.00199677 0.00250825 -0.0012650345204828994 0.0008896500000000001 0.00210799 0.000514871 0.00654096 0.00335473 0.000425609 0.0051186 0.00210799 0.000514871 0.00654096 0.00135744 -1.1034520482899987e-05 0.00840772 0.00444802 0.00741462 0.00280678 0.00423925 0.00817806 0.000981228 0.00444802 0.00741462 0.00280678 0.00585506 0.00724045 0.0041921 0.00525513 0.0107791 0.00445958 0.00365219 0.00984248 0.00381899 0.00335473 0.000425609 0.0051186 0.00506675 0.000992623 0.00454736 0.00159134 0.00962106 0.000904773 -0.0004199345204828986 0.00889781 0.00113505 0.00672128 0.00783746 0.00584935 0.00585506 0.00724045 0.0041921 0.00672128 0.00783746 0.00584935 0.00821784 0.00881385 0.00715772 4.48756e-05 0.0149418 0.00193624 -0.0003849345204829007 0.0166892245204829 0.00231257 4.48756e-05 0.0149418 0.00193624 -0.0012590345204828999 0.0133757 0.00272953 0.00585506 0.00724045 0.0041921 0.00694762 0.0058941 0.00511462 0.00506675 0.000992623 0.00454736 0.00721792 0.00109848 0.00425242 0.0060604 0.0135231 0.0025013 0.00769132 0.0148031 0.00268428 0.0060604 0.0135231 0.0025013 0.00731839 0.0125537 0.0037968 0.00666417 0.00843233 0.0023315 0.00826281 0.00911777 0.00107144 0.00666417 0.00843233 0.0023315 0.00753281 0.00674216 0.00119193 0.00605981 0.0128694 0.00744439 0.00567234 0.0122863 0.00915335 0.00605981 0.0128694 0.00744439 0.00434647 0.012254 0.00791536 0.00605981 0.0128694 0.00744439 0.00492193 0.0140962 0.00837211 0.00605981 0.0128694 0.00744439 0.00692381 0.0145761 0.00688904 0.00605981 0.0128694 0.00744439 0.0079663 0.0126963 0.00664107 0.00295098 0.0112106 0.0129235 0.00182772 0.0106391 0.0114077 0.00295098 0.0112106 0.0129235 0.00212754 0.0121799 0.0144033 0.00295098 0.0112106 0.0129235 0.00205995 0.010287 0.0142869 0.00295098 0.0112106 0.0129235 0.00323198 0.0118458 0.0111642 0.00295098 0.0112106 0.0129235 0.00397203 0.0103312 0.0143661 0.00295098 0.0112106 0.0129235 0.00411137 0.0126906 0.013055 0.00295098 0.0112106 0.0129235 0.00349769 0.00980044 0.0116479 0.0048244 0.0112618 0.0119632 0.00323198 0.0118458 0.0111642 0.0048244 0.0112618 0.0119632 0.00646498 0.010388 0.0121456 0.0048244 0.0112618 0.0119632 0.00411137 0.0126906 0.013055 0.0048244 0.0112618 0.0119632 0.00349769 0.00980044 0.0116479 0.0048244 0.0112618 0.0119632 0.00530814 0.00998231 0.0102567 0.00548211 0.0151516 0.0113389 0.00638811 0.0135524 0.0112028 0.00548211 0.0151516 0.0113389 0.00530378 0.0141661 0.0128656 0.00548211 0.0151516 0.0113389 0.00714634 0.0151888 0.0104643 0.00548211 0.0151516 0.0113389 0.00393807 0.0159819235204829 0.0119421 0.00567234 0.0122863 0.00915335 0.00667672 0.0138941 0.00918894 0.00567234 0.0122863 0.00915335 0.00469255 0.0128511 0.0105487 0.00567234 0.0122863 0.00915335 0.00434647 0.012254 0.00791536 0.00567234 0.0122863 0.00915335 0.00645264 0.0117209 0.0106886 0.00567234 0.0122863 0.00915335 0.0056202 0.0105558 0.00816 0.00567234 0.0122863 0.00915335 0.00750121 0.011365 0.00876615 0.00331812 0.000266324 0.0137777 0.00228793 -0.0009848345204828985 0.0127367 0.00331812 0.000266324 0.0137777 0.00523954 0.000677534 0.0134468 0.00331812 0.000266324 0.0137777 0.00273796 -0.0014170345204828991 0.0144902 0.00331812 0.000266324 0.0137777 0.00461833 -0.0008793345204828988 0.0145233 0.00331812 0.000266324 0.0137777 0.00393807 0.000611289 0.0119421 0.00111172 0.00875979 0.0144934 0.00205995 0.010287 0.0142869 0.00111172 0.00875979 0.0144934 -2.5034520482900002e-05 0.00737856 0.0134381 0.00182772 0.0106391 0.0114077 0.0019984 0.00908447 0.010179 0.00182772 0.0106391 0.0114077 0.00323198 0.0118458 0.0111642 0.00182772 0.0106391 0.0114077 0.00169377 0.0116267 0.00967871 0.00182772 0.0106391 0.0114077 0.0008236349999999999 0.0122402 0.0117675 0.00182772 0.0106391 0.0114077 0.00349769 0.00980044 0.0116479 0.00182772 0.0106391 0.0114077 7.11348000000001e-05 0.0102409 0.0103326 0.00689966 0.00930795 0.00896955 0.00749512 0.0102192 0.0106434 0.00689966 0.00930795 0.00896955 0.00709027 0.00750106 0.00843372 0.00689966 0.00930795 0.00896955 0.0056202 0.0105558 0.00816 0.00689966 0.00930795 0.00896955 0.00750121 0.011365 0.00876615 0.00689966 0.00930795 0.00896955 0.00530814 0.00998231 0.0102567 0.00689966 0.00930795 0.00896955 0.00887213 0.00909691 0.00963201 0.00203742 0.000697943 0.0119258 0.00242464 0.00016389300000000002 0.0101693 0.00203742 0.000697943 0.0119258 0.00228793 -0.000984834520482898 0.0127367 0.00203742 0.000697943 0.0119258 0.00393807 0.000611289 0.0119421 0.00203742 0.000697943 0.0119258 0.000508171 -0.0006305345204828979 0.0110272 0.00212754 0.0121799 0.0144033 0.00205995 0.010287 0.0142869 0.00212754 0.0121799 0.0144033 0.00273796 0.0139536 0.0144902 0.00212754 0.0121799 0.0144033 9.236839999999993e-05 0.0112713 0.0142854 0.00212754 0.0121799 0.0144033 0.0005287690000000001 0.0134774 0.013563 0.00497702 0.0119273 0.0145016 0.00397203 0.0103312 0.0143661 0.00497702 0.0119273 0.0145016 0.00411137 0.0126906 0.013055 0.00497702 0.0119273 0.0145016 0.00614671 0.0133954 0.0143624 0.00497702 0.0119273 0.0145016 0.00649177 0.0103061 0.014246 0.0033064 0.0105209 0.0094709 0.00381422 0.0105406 0.00754801 0.0033064 0.0105209 0.0094709 0.00169377 0.0116267 0.00967871 0.0033064 0.0105209 0.0094709 0.00530814 0.00998231 0.0102567 0.00749512 0.0102192 0.0106434 0.00645264 0.0117209 0.0106886 0.00749512 0.0102192 0.0106434 0.00646498 0.010388 0.0121456 0.00749512 0.0102192 0.0106434 0.00898189 0.00938943 0.0120256 0.00749512 0.0102192 0.0106434 0.006704 0.00834729 0.0113491 0.00749512 0.0102192 0.0106434 0.00750121 0.011365 0.00876615 0.00749512 0.0102192 0.0106434 0.00914214 0.0117354 0.0105408 0.00749512 0.0102192 0.0106434 0.00530814 0.00998231 0.0102567 0.00749512 0.0102192 0.0106434 0.00887213 0.00909691 0.00963201 0.00667672 0.0138941 0.00918894 0.00714634 0.0151888 0.0104643 0.00667672 0.0138941 0.00918894 0.00492193 0.0140962 0.00837211 0.00667672 0.0138941 0.00918894 0.00670507 0.0160295855204829 0.00854846 0.00242464 0.000163893 0.0101693 0.00384501 -0.0009829345204828994 0.00994073 0.00242464 0.000163893 0.0101693 0.000508171 -0.0006305345204828984 0.0110272 0.00242464 0.000163893 0.0101693 0.00135744 -1.1034520482899906e-05 0.00840772 0.00709027 0.00750106 0.00843372 0.00828984 0.00703131 0.00991494 0.00709027 0.00750106 0.00843372 0.00821784 0.00881385 0.00715772 0.00016801 0.0112923 0.00846213 0.000964634 0.00954925 0.00859036 0.00016801 0.0112923 0.00846213 0.0016937700000000003 0.0116267 0.00967871 0.00016801 0.0112923 0.00846213 -0.0005041345204828993 0.0115372 0.00671125 0.00016801 0.0112923 0.00846213 -0.00023423452048289934 0.0127678 0.00995075 0.00016801 0.0112923 0.00846213 7.11348e-05 0.0102409 0.0103326 0.00311064 0.00728365 0.0082707 0.0013482 0.00774675 0.00879523 0.00311064 0.00728365 0.0082707 0.00280408 0.00910984 0.0081229 0.00311064 0.00728365 0.0082707 0.00452694 0.00844688 0.00858962 0.00469865 0.00775278 0.0118786 0.00441766 0.00698774 0.0136062 0.00469865 0.00775278 0.0118786 0.00498491 0.00941463 0.0127855 0.00469865 0.00775278 0.0118786 0.00384724 0.00848007 0.0103051 0.00469865 0.00775278 0.0118786 0.006704 0.00834729 0.0113491 0.00441766 0.00698774 0.0136062 0.00328473 0.0085585 0.013212 0.00441766 0.00698774 0.0136062 0.00476127 0.00861434 0.014508 0.00205995 0.010287 0.0142869 0.00397203 0.0103312 0.0143661 0.00205995 0.010287 0.0142869 9.236839999999993e-05 0.0112713 0.0142854 0.00469255 0.0128511 0.0105487 0.00384444 0.0140224 0.0117648 0.00469255 0.0128511 0.0105487 0.00638811 0.0135524 0.0112028 0.00469255 0.0128511 0.0105487 0.00323198 0.0118458 0.0111642 0.00469255 0.0128511 0.0105487 0.00384501 0.0143877 0.00994073 0.00384444 0.0140224 0.0117648 0.00530378 0.0141661 0.0128656 0.00384444 0.0140224 0.0117648 0.00228793 0.0143858 0.0127367 0.00384444 0.0140224 0.0117648 0.00384501 0.0143877 0.00994073 0.00384444 0.0140224 0.0117648 0.00411137 0.0126906 0.013055 0.00384444 0.0140224 0.0117648 0.00223161 0.0134397 0.0110687 0.00384444 0.0140224 0.0117648 0.00393807 0.0159819235204829 0.0119421 0.00638811 0.0135524 0.0112028 0.00645264 0.0117209 0.0106886 0.00638811 0.0135524 0.0112028 0.00714634 0.0151888 0.0104643 0.00638811 0.0135524 0.0112028 0.00765098 0.012218 0.0123166 0.00381422 0.0105406 0.00754801 0.00434647 0.012254 0.00791536 0.00381422 0.0105406 0.00754801 0.00280408 0.00910984 0.0081229 0.00381422 0.0105406 0.00754801 0.0056202 0.0105558 0.00816 0.00171268 0.00847756 0.0120604 0.0019984 0.00908447 0.010179 0.00171268 0.00847756 0.0120604 0.00328473 0.0085585 0.013212 0.00171268 0.00847756 0.0120604 0.00117083 0.00728034 0.010666 0.00171268 0.00847756 0.0120604 0.00010238400000000007 0.00965062 0.012644 0.00306325 0.0134397 0.00839677 0.00434647 0.012254 0.00791536 0.00306325 0.0134397 0.00839677 0.00492193 0.0140962 0.00837211 0.00306325 0.0134397 0.00839677 0.00384501 0.0143877 0.00994073 0.00306325 0.0134397 0.00839677 0.00155741 0.0135747 0.00940106 0.00632039 0.00811927 0.0134906 0.00498491 0.00941463 0.0127855 0.00632039 0.00811927 0.0134906 0.00476127 0.00861434 0.014508 0.00632039 0.00811927 0.0134906 0.006704 0.00834729 0.0113491 0.00632039 0.00811927 0.0134906 0.00839458 0.00837744 0.0141708 0.0013482 0.00774675 0.00879523 0.000964634 0.00954925 0.00859036 0.0013482 0.00774675 0.00879523 0.00117083 0.00728034 0.010666 0.0013482 0.00774675 0.00879523 -0.0008252345204829 0.0076373 0.00868762 0.0013482 0.00774675 0.00879523 0.00127338 0.0085069 0.00670354 0.0019984 0.00908447 0.010179 0.000964634 0.00954925 0.00859036 0.0019984 0.00908447 0.010179 0.00384724 0.00848007 0.0103051 0.00434647 0.012254 0.00791536 0.00492193 0.0140962 0.00837211 0.00323198 0.0118458 0.0111642 0.00223161 0.0134397 0.0110687 0.00645264 0.0117209 0.0106886 0.00646498 0.010388 0.0121456 0.00645264 0.0117209 0.0106886 0.00750121 0.011365 0.00876615 0.00645264 0.0117209 0.0106886 0.00765098 0.012218 0.0123166 0.00645264 0.0117209 0.0106886 0.00530814 0.00998231 0.0102567 0.00397203 0.0103312 0.0143661 0.00476127 0.00861434 0.014508 0.00498491 0.00941463 0.0127855 0.00328473 0.0085585 0.013212 0.00498491 0.00941463 0.0127855 0.00646498 0.010388 0.0121456 0.00498491 0.00941463 0.0127855 0.00476127 0.00861434 0.014508 0.00498491 0.00941463 0.0127855 0.00349769 0.00980044 0.0116479 0.00530378 0.0141661 0.0128656 0.00523954 0.0160481685204829 0.0134468 0.00530378 0.0141661 0.0128656 0.00461833 0.0144913 0.0145233 0.00530378 0.0141661 0.0128656 0.00411137 0.0126906 0.013055 0.00530378 0.0141661 0.0128656 0.00614671 0.0133954 0.0143624 0.00530378 0.0141661 0.0128656 0.00732694 0.0149755 0.0127582 0.00228793 0.0143858 0.0127367 0.00273796 0.0139536 0.0144902 0.00228793 0.0143858 0.0127367 0.00223161 0.0134397 0.0110687 0.00228793 0.0143858 0.0127367 0.0005287690000000001 0.0134774 0.013563 0.00328473 0.0085585 0.013212 0.00476127 0.00861434 0.014508 0.00523954 0.000677534 0.0134468 0.00461833 -0.0008793345204828992 0.0145233 0.00523954 0.000677534 0.0134468 0.00393807 0.000611289 0.0119421 0.00714634 0.0151888 0.0104643 0.00890636 0.0141742 0.0110331 0.00714634 0.0151888 0.0104643 0.00670507 0.0160295855204829 0.00854846 0.00280408 0.00910984 0.0081229 0.000964634 0.00954925 0.00859036 0.00280408 0.00910984 0.0081229 0.00452694 0.00844688 0.00858962 0.00280408 0.00910984 0.0081229 0.00127338 0.0085069 0.00670354 0.00646498 0.010388 0.0121456 0.00649177 0.0103061 0.014246 0.00646498 0.010388 0.0121456 0.006704 0.00834729 0.0113491 0.00646498 0.010388 0.0121456 0.00765098 0.012218 0.0123166 0.00492193 0.0140962 0.00837211 0.00384501 0.0143877 0.00994073 0.00273796 0.0139536 0.0144902 0.00461833 0.0144913 0.0145233 0.000964634 0.00954925 0.00859036 0.00127338 0.0085069 0.00670354 0.000964634 0.00954925 0.00859036 7.113479999999999e-05 0.0102409 0.0103326 0.00461833 0.0144913 0.0145233 0.00614671 0.0133954 0.0143624 0.00223161 0.0134397 0.0110687 0.0008236350000000001 0.0122402 0.0117675 0.00223161 0.0134397 0.0110687 0.00155741 0.0135747 0.00940106 0.00223161 0.0134397 0.0110687 0.000508171 0.0147401 0.0110272 0.00169377 0.0116267 0.00967871 0.00155741 0.0135747 0.00940106 0.00169377 0.0116267 0.00967871 7.11348000000001e-05 0.0102409 0.0103326 0.000823635 0.0122402 0.0117675 -0.00023423452048289934 0.0127678 0.00995075 0.000823635 0.0122402 0.0117675 0.000528769 0.0134774 0.013563 0.000823635 0.0122402 0.0117675 -0.0012229345204828996 0.0115687 0.0120817 0.00384724 0.00848007 0.0103051 0.00452694 0.00844688 0.00858962 0.00384724 0.00848007 0.0103051 0.00349769 0.00980044 0.0116479 0.00384724 0.00848007 0.0103051 0.00530814 0.00998231 0.0102567 0.0056202 0.0105558 0.00816 0.00750121 0.011365 0.00876615 0.0056202 0.0105558 0.00816 0.00530814 0.00998231 0.0102567 0.00155741 0.0135747 0.00940106 -0.0002342345204829001 0.0127678 0.00995075 0.00155741 0.0135747 0.00940106 0.00135744 0.0153596 0.00840772 0.00614671 0.0133954 0.0143624 0.00819323 0.0132201 0.0143049 0.000548399 0.00108297 0.00389784 -0.0003849345204828996 0.00131859 0.00231257 0.000548399 0.00108297 0.00389784 -0.0011219345204828994 0.00152212 0.00469534 0.000548399 0.00108297 0.00389784 0.00105294 0.00285164 0.0045668 0.000548399 0.00108297 0.00389784 0.000306725 -0.0010670345204828987 0.00420613 0.00946043 0.0048416 0.0067642 0.0107523 0.00622953 0.00673989 0.00946043 0.0048416 0.0067642 0.0075611 0.00468358 0.00703912 0.00946043 0.0048416 0.0067642 0.00897248 0.00298347 0.00694755 0.00946043 0.0048416 0.0067642 0.0108126 0.00359323 0.00701068 0.00946043 0.0048416 0.0067642 0.00883177 0.00539094 0.00851889 0.00946043 0.0048416 0.0067642 0.00868181 0.00672036 0.00609242 0.00899496 0.0051403 0.00459255 0.00960191 0.0033701 0.00513905 0.00899496 0.0051403 0.00459255 0.00928833 0.00569472 0.00272336 0.00899496 0.0051403 0.00459255 0.00868181 0.00672036 0.00609242 0.0125247 5.49085e-06 0.00148338 0.0138078 0.00130177 0.000879963 0.0125247 5.49085e-06 0.00148338 0.0108352 -0.0008404345204828987 0.000991026 0.0125247 5.49085e-06 0.00148338 0.0119305 -0.0012126345204828983 0.00320543 0.0122929 0.00281879 0.00402692 0.0136121 0.00321666 0.00533547 0.0122929 0.00281879 0.00402692 0.0113738 0.00260039 0.00558774 0.0122929 0.00281879 0.00402692 0.0138795 0.00372766 0.00344299 0.0122929 0.00281879 0.00402692 0.0104459 0.00252384 0.00360299 0.0122929 0.00281879 0.00402692 0.0132316 0.00241463 0.00231263 0.0122929 0.00281879 0.00402692 0.0116922 0.0035389 0.00243865 0.0151608 0.00191201 0.00635102 0.0141708 0.00334606 0.00715627 0.0151608 0.00191201 0.00635102 0.0142487 0.00152212 0.00469534 0.0151608 0.00191201 0.00635102 0.0145701 0.0005490199999999999 0.0079303 0.0122582 0.00502918 0.00672192 0.0110614 0.00457309 0.0053416 0.0122582 0.00502918 0.00672192 0.0107523 0.00622953 0.00673989 0.0122582 0.00502918 0.00672192 0.0140816 0.00490977 0.00614503 0.0122582 0.00502918 0.00672192 0.0135949 0.00616739 0.00746916 0.0110614 0.00457309 0.0053416 0.00960191 0.0033701 0.00513905 0.0110614 0.00457309 0.0053416 0.0107648 0.00478944 0.00346979 0.0110614 0.00457309 0.0053416 0.0128514 0.00497609 0.00459209 0.0110614 0.00457309 0.0053416 0.0108126 0.00359323 0.00701068 0.0110614 0.00457309 0.0053416 0.0108182 0.0066544 0.00457727 0.0077191 0.00351014 0.00557748 0.00960191 0.0033701 0.00513905 0.0077191 0.00351014 0.00557748 0.0075611 0.00468358 0.00703912 0.0077191 0.00351014 0.00557748 0.00897248 0.00298347 0.00694755 0.0077191 0.00351014 0.00557748 0.0082418 0.00292195 0.00383004 0.00905314 0.00146862 0.00281189 0.0083678 0.000857822 0.00107273 0.00905314 0.00146862 0.00281189 0.0104459 0.00252384 0.00360299 0.00905314 0.00146862 0.00281189 0.0076989 0.00249733 0.00196093 0.00905314 0.00146862 0.00281189 0.0082418 0.00292195 0.00383004 0.00905314 0.00146862 0.00281189 0.0104371 0.00134728 0.00109536 0.00905314 0.00146862 0.00281189 0.00975525 -0.0003470345204828998 0.00373614 0.00957421 0.00532821 0.000903712 0.00928833 0.00569472 0.00272336 0.00957421 0.00532821 0.000903712 0.0110067 0.00656694 0.00091785 0.00957421 0.00532821 0.000903712 0.0103425 0.00356832 0.000950368 0.00957421 0.00532821 0.000903712 0.00822397 0.00396195 0.000902438 0.00960191 0.0033701 0.00513905 0.0113738 0.00260039 0.00558774 0.00960191 0.0033701 0.00513905 0.00933357 0.00145381 0.00488897 0.00960191 0.0033701 0.00513905 0.00897248 0.00298347 0.00694755 0.00960191 0.0033701 0.00513905 0.0104459 0.00252384 0.00360299 0.00960191 0.0033701 0.00513905 0.0082418 0.00292195 0.00383004 0.0107523 0.00622953 0.00673989 0.0118938 0.00651189 0.00823478 0.0107523 0.00622953 0.00673989 0.0108182 0.0066544 0.00457727 0.0107523 0.00622953 0.00673989 0.00868181 0.00672036 0.00609242 0.0107523 0.00622953 0.00673989 0.00976583 0.00736625 0.00826983 0.000377213 0.00610556 0.00297322 -0.0014039345204828984 0.00549135 0.00270771 0.000377213 0.00610556 0.00297322 -0.00027293452048289833 0.00676716 0.00128897 0.000377213 0.00610556 0.00297322 0.00111397 0.00434177 0.0033338 0.00928843 0.00377996 0.00252641 0.00928833 0.00569472 0.00272336 0.00928843 0.00377996 0.00252641 0.0103425 0.00356832 0.000950368 0.00928843 0.00377996 0.00252641 0.00822397 0.00396195 0.000902438 0.00928843 0.00377996 0.00252641 0.0082418 0.00292195 0.00383004 0.00928833 0.00569472 0.00272336 0.0107648 0.00478944 0.00346979 0.00928833 0.00569472 0.00272336 0.007401 0.00527948 0.00279735 0.00928833 0.00569472 0.00272336 0.00969123 0.00745865 0.00209316 0.00928833 0.00569472 0.00272336 0.00811194 0.00711213 0.00378661 0.0112535 0.000871386 0.00292963 0.0104459 0.00252384 0.00360299 0.0112535 0.000871386 0.00292963 0.0130675 0.000852748 0.00332624 0.0112535 0.000871386 0.00292963 0.0116331 0.000536014 0.00499873 0.0112535 0.000871386 0.00292963 0.0104371 0.00134728 0.00109536 0.0112535 0.000871386 0.00292963 0.00975525 -0.00034703452048289937 0.00373614 0.0112535 0.000871386 0.00292963 0.0119305 -0.0012126345204828987 0.00320543 0.0151627 0.00701699 0.00668121 0.0135949 0.00616739 0.00746916 0.0151627 0.00701699 0.00668121 0.0153218 0.00552158 0.00779171 0.0151627 0.00701699 0.00668121 0.0144647 0.00654281 0.00477441 0.0151627 0.00701699 0.00668121 0.0145454 0.0076373 0.00868762 0.0151627 0.00701699 0.00668121 0.0166440145204829 0.0085069 0.00670354 0.0138078 0.00130177 0.000879963 0.0140837 0.00318496 0.000865533 0.0138078 0.00130177 0.000879963 0.0149857 0.00131859 0.00231257 0.0138078 0.00130177 0.000879963 0.0132316 0.00241463 0.00231263 0.0110067 0.00656694 0.00091785 0.00969123 0.00745865 0.00209316 0.0110067 0.00656694 0.00091785 0.0116506 0.0078225 0.0020951 0.0110067 0.00656694 0.00091785 0.012523 0.0050378 0.00113546 0.0107648 0.00478944 0.00346979 0.0121435 0.00610867 0.00297098 0.0107648 0.00478944 0.00346979 0.0116922 0.0035389 0.00243865 0.0107648 0.00478944 0.00346979 0.0108182 0.0066544 0.00457727 0.00694762 0.0058941 0.00511462 0.00868181 0.00672036 0.00609242 0.00694762 0.0058941 0.00511462 0.00811194 0.00711213 0.00378661 0.0141708 0.00334606 0.00715627 0.0136121 0.00321666 0.00533547 0.0141708 0.00334606 0.00715627 0.0140816 0.00490977 0.00614503 0.0141708 0.00334606 0.00715627 0.0157566975204829 0.00376124 0.0080336 0.0141708 0.00334606 0.00715627 0.0125129 0.0032891 0.00805 0.0141708 0.00334606 0.00715627 0.012889 0.00163571 0.00672226 0.0136121 0.00321666 0.00533547 0.0140816 0.00490977 0.00614503 0.0136121 0.00321666 0.00533547 0.0138795 0.00372766 0.00344299 0.0136121 0.00321666 0.00533547 0.0142487 0.00152212 0.00469534 0.0136121 0.00321666 0.00533547 0.012889 0.00163571 0.00672226 0.0139667 0.00549135 0.00270771 0.0138795 0.00372766 0.00344299 0.0139667 0.00549135 0.00270771 0.0121435 0.00610867 0.00297098 0.0139667 0.00549135 0.00270771 0.0137793 0.00766218 0.00285174 0.0139667 0.00549135 0.00270771 0.012523 0.0050378 0.00113546 0.0113738 0.00260039 0.00558774 0.0108126 0.00359323 0.00701068 0.0113738 0.00260039 0.00558774 0.0116331 0.000536014 0.00499873 0.0113738 0.00260039 0.00558774 0.0102641 0.00122605 0.00689336 0.0113738 0.00260039 0.00558774 0.012889 0.00163571 0.00672226 0.0153517 0.00318868 0.00231321 0.0138795 0.00372766 0.00344299 0.0153517 0.00318868 0.00231321 0.0164846045204829 0.00434177 0.0033338 0.0153517 0.00318868 0.00231321 0.0140837 0.00318496 0.0008655329999999999 0.0153517 0.00318868 0.00231321 0.0149857 0.00131859 0.00231257 0.0150963 0.00446206 0.00463744 0.016136502520482897 0.00391224 0.00616403 0.0150963 0.00446206 0.00463744 0.0140816 0.00490977 0.00614503 0.0150963 0.00446206 0.00463744 0.0138795 0.00372766 0.00344299 0.0150963 0.00446206 0.00463744 0.0164846045204829 0.00434177 0.0033338 0.0150963 0.00446206 0.00463744 0.0144647 0.00654281 0.00477441 0.000765868 0.00391224 0.00616403 0.00105294 0.00285164 0.0045668 0.000765868 0.00391224 0.00616403 0.000386063 0.00376124 0.0080336 0.0120416 0.00270175 0.000854256 0.0132316 0.00241463 0.00231263 0.0120416 0.00270175 0.000854256 0.0103425 0.00356832 0.000950368 0.0120416 0.00270175 0.000854256 0.0116922 0.0035389 0.00243865 0.0120416 0.00270175 0.000854256 0.0104371 0.00134728 0.00109536 0.00933357 0.00145381 0.00488897 0.00721792 0.00109848 0.00425242 0.00933357 0.00145381 0.00488897 0.0102641 0.00122605 0.00689336 0.00933357 0.00145381 0.00488897 0.0078885 0.00115519 0.00652779 0.00933357 0.00145381 0.00488897 0.00975525 -0.00034703452048289916 0.00373614 0.0140816 0.00490977 0.00614503 0.0135949 0.00616739 0.00746916 0.0140816 0.00490977 0.00614503 0.0128514 0.00497609 0.00459209 0.0140816 0.00490977 0.00614503 0.0144647 0.00654281 0.00477441 0.0150977 0.00676716 0.00128897 0.0147414 0.00494391 0.000933168 0.0150977 0.00676716 0.00128897 0.0137793 0.00766218 0.00285174 0.0150977 0.00676716 0.00128897 0.0149507 0.00889781 0.00113505 0.0137017 0.0149528 0.00453234 0.0130675 0.0162233825204829 0.00332624 0.0137017 0.0149528 0.00453234 0.0129972 0.0146506 0.00650595 0.0137017 0.0149528 0.00453234 0.0135289 0.0127815 0.00488477 0.0137017 0.0149528 0.00453234 0.0156773595204829 0.0143036 0.00420613 0.0083678 0.000857822 0.00107273 0.0076989 0.00249733 0.00196093 0.0083678 0.000857822 0.00107273 0.00887622 -0.0010525345204828985 0.000931416 0.0083678 0.000857822 0.00107273 0.0104371 0.00134728 0.00109536 0.0083678 0.000857822 0.00107273 0.00627456 0.000523119 0.00108581 0.00897248 0.00298347 0.00694755 0.0108126 0.00359323 0.00701068 0.00897248 0.00298347 0.00694755 0.00997621 0.00291257 0.00861685 0.00897248 0.00298347 0.00694755 0.00735197 0.00279899 0.00788263 0.00897248 0.00298347 0.00694755 0.0102641 0.00122605 0.00689336 0.00897248 0.00298347 0.00694755 0.0078885 0.00115519 0.00652779 0.0138795 0.00372766 0.00344299 0.0132316 0.00241463 0.00231263 0.0138795 0.00372766 0.00344299 0.0128514 0.00497609 0.00459209 0.0111716 0.0044529 0.00866155 0.0108126 0.00359323 0.00701068 0.0111716 0.0044529 0.00866155 0.00997621 0.00291257 0.00861685 0.0111716 0.0044529 0.00866155 0.0109579 0.00422171 0.0105768 0.0111716 0.0044529 0.00866155 0.0122759 0.0054662 0.00987122 0.0111716 0.0044529 0.00866155 0.0125129 0.0032891 0.00805 0.0111716 0.0044529 0.00866155 0.0103916 0.00584209 0.00964457 0.00111397 0.00434177 0.0033338 0.00105294 0.00285164 0.0045668 0.0140837 0.00318496 0.000865533 0.0132316 0.00241463 0.00231263 0.0140837 0.00318496 0.000865533 0.0147414 0.00494391 0.000933168 0.0131562 0.00733283 0.00087517 0.0116506 0.0078225 0.0020951 0.0131562 0.00733283 0.00087517 0.0137793 0.00766218 0.00285174 0.0121435 0.00610867 0.00297098 0.0116506 0.0078225 0.0020951 0.0121435 0.00610867 0.00297098 0.0108182 0.0066544 0.00457727 0.0121435 0.00610867 0.00297098 0.012523 0.0050378 0.00113546 0.0142487 0.00152212 0.00469534 0.0130675 0.000852748 0.00332624 0.0118938 0.00651189 0.00823478 0.0135949 0.00616739 0.00746916 0.0118938 0.00651189 0.00823478 0.0124801 0.00725132 0.0099063 0.0118938 0.00651189 0.00823478 0.0122759 0.0054662 0.00987122 0.0104459 0.00252384 0.00360299 0.0116922 0.0035389 0.00243865 0.0132316 0.00241463 0.00231263 0.0130675 0.000852748 0.00332624 0.0132316 0.00241463 0.00231263 0.0116922 0.0035389 0.00243865 0.0130675 0.000852748 0.00332624 0.0116331 0.000536014 0.00499873 0.0135949 0.00616739 0.00746916 0.0153218 0.00552158 0.00779171 0.0135949 0.00616739 0.00746916 0.0137655 0.00481088 0.00877984 0.0135949 0.00616739 0.00746916 0.0127776 0.00786595 0.00641356 0.0135949 0.00616739 0.00746916 0.0145454 0.0076373 0.00868762 0.0103425 0.00356832 0.000950368 0.0104371 0.0013472800000000002 0.00109536 0.0116922 0.0035389 0.00243865 0.012523 0.0050378 0.00113546 0.0076989 0.00249733 0.00196093 0.00822397 0.00396195 0.000902438 0.0076989 0.00249733 0.00196093 0.0082418 0.00292195 0.00383004 0.007401 0.00527948 0.00279735 0.00811194 0.00711213 0.00378661 0.007401 0.00527948 0.00279735 0.00753281 0.00674216 0.00119193 0.0147414 0.00494391 0.000933168 0.012523 0.0050378 0.00113546 0.0108126 0.00359323 0.00701068 0.00997621 0.00291257 0.00861685 0.0082418 0.00292195 0.00383004 0.00721792 0.00109848 0.00425242 0.0152043 0.00627832 0.0115894 0.0165414645204829 0.00728034 0.010666 0.0152043 0.00627832 0.0115894 0.0143428 0.0046883 0.0108008 0.0152043 0.00627832 0.0115894 0.0134066 0.00629914 0.0111578 0.0152043 0.00627832 0.0115894 0.015742134520482898 0.00563588 0.0098039 0.0152043 0.00627832 0.0115894 0.0161532395204829 0.004729 0.012171 0.0152043 0.00627832 0.0115894 0.0153456 0.00737856 0.0134381 0.00882078 0.0013396 0.00861891 0.00997621 0.00291257 0.00861685 0.00882078 0.0013396 0.00861891 0.00960321 0.00181809 0.0103479 0.00882078 0.0013396 0.00861891 0.00864394 -0.0008047345204828993 0.00822989 0.00882078 0.0013396 0.00861891 0.00670507 0.000658951 0.00854846 0.0148449 0.00816561 0.0107141 0.0165414645204829 0.00728034 0.010666 0.0148449 0.00816561 0.0107141 0.0134521 0.00841451 0.0122717 0.0148449 0.00816561 0.0107141 0.0145454 0.0076373 0.00868762 0.0148449 0.00816561 0.0107141 0.0154417693204829 0.0102409 0.0103326 0.00830048 0.00315535 0.00948273 0.00997621 0.00291257 0.00861685 0.00830048 0.00315535 0.00948273 0.0090499 0.00459055 0.010432 0.00830048 0.00315535 0.00948273 0.00735197 0.00279899 0.00788263 0.0146388 0.00374902 0.0124985 0.0130355 0.00326474 0.0132658 0.0146388 0.00374902 0.0124985 0.0133839 0.0029176 0.0113978 0.0146388 0.00374902 0.0124985 0.0148011 0.00217653 0.013565 0.0146388 0.00374902 0.0124985 0.0143428 0.0046883 0.0108008 0.0146388 0.00374902 0.0124985 0.0147573 0.00538275 0.0133675 0.0146388 0.00374902 0.0124985 0.0158059755204829 0.00315467 0.0111385 0.0146388 0.00374902 0.0124985 0.0161532395204829 0.004729 0.012171 0.0104539 0.000325942 0.00945686 0.0115028 0.00176021 0.00856987 0.0104539 0.000325942 0.00945686 0.00960321 0.00181809 0.0103479 0.0104539 0.000325942 0.00945686 0.0124687 -0.00012303452048289832 0.00873081 0.000238218 0.000490563 0.0128011 0.000657196 0.00109363 0.0145429 0.000238218 0.000490563 0.0128011 -0.0013452345204828988 0.000188289 0.0137962 0.000238218 0.000490563 0.0128011 -0.0006926345204828992 0.0014774599999999999 0.0114418 0.000238218 0.000490563 0.0128011 0.000508171 -0.0006305345204828979 0.0110272 0.00997621 0.00291257 0.00861685 0.0115028 0.00176021 0.00856987 0.000657196 0.00109363 0.0145429 -0.0005695345204829004 0.00217653 0.013565 0.00117083 0.00728034 0.010666 0.00207001 0.00574656 0.0114178 0.0129987 0.00604738 0.0129174 0.0123842 0.00446837 0.0118567 0.0129987 0.00604738 0.0129174 0.0147573 0.00538275 0.0133675 0.0129987 0.00604738 0.0129174 0.0118693 0.00478461 0.0136612 0.0129987 0.00604738 0.0129174 0.0134066 0.00629914 0.0111578 0.0129987 0.00604738 0.0129174 0.0115138 0.00619653 0.0116648 0.0129987 0.00604738 0.0129174 0.012726 0.0075413 0.014314 0.0130355 0.00326474 0.0132658 0.0117596 0.00309814 0.0145676 0.0130355 0.00326474 0.0132658 0.0133839 0.0029176 0.0113978 0.0130355 0.00326474 0.0132658 0.0111047 0.00322874 0.0128464 0.0130355 0.00326474 0.0132658 0.0131028 0.00145473 0.0126457 0.0130355 0.00326474 0.0132658 0.0132129 0.00176661 0.0145042 0.0130355 0.00326474 0.0132658 0.0123842 0.00446837 0.0118567 0.0130355 0.00326474 0.0132658 0.0118693 0.00478461 0.0136612 0.0130355 0.00326474 0.0132658 0.0135555 0.00458318 0.0145284 0.0117596 0.00309814 0.0145676 0.0111047 0.00322874 0.0128464 0.0117596 0.00309814 0.0145676 0.0132129 0.00176661 0.0145042 0.0117596 0.00309814 0.0145676 0.0118693 0.00478461 0.0136612 0.0117596 0.00309814 0.0145676 0.0111692 0.0012831 0.0138857 0.000386063 0.00376124 0.0080336 -4.8834520482899876e-05 0.00552158 0.00779171 0.000386063 0.00376124 0.0080336 0.000686784 0.00198909 0.00815714 0.000386063 0.00376124 0.0080336 -0.0005532345204829002 0.00331675 0.00957953 0.0133839 0.0029176 0.0113978 0.012683 0.00370005 0.00987335 0.0133839 0.0029176 0.0113978 0.0131028 0.00145473 0.0126457 0.0133839 0.0029176 0.0113978 0.0123842 0.00446837 0.0118567 0.0133839 0.0029176 0.0113978 0.014678 0.00147746 0.0114418 0.0133839 0.0029176 0.0113978 0.0134253 0.00174752 0.00964013 0.012683 0.00370005 0.00987335 0.0109579 0.00422171 0.0105768 0.012683 0.00370005 0.00987335 0.0137655 0.00481088 0.00877984 0.012683 0.00370005 0.00987335 0.0122759 0.0054662 0.00987122 0.012683 0.00370005 0.00987335 0.0125129 0.0032891 0.00805 0.012683 0.00370005 0.00987335 0.011491 0.00225467 0.010561 0.012683 0.00370005 0.00987335 0.0134253 0.00174752 0.00964013 0.0111047 0.00322874 0.0128464 0.00973075 0.00319856 0.0115965 0.0111047 0.00322874 0.0128464 0.0118693 0.00478461 0.0136612 0.0111047 0.00322874 0.0128464 0.0103391 0.00488998 0.0124083 0.0111047 0.00322874 0.0128464 0.0111692 0.0012831 0.0138857 0.0115028 0.00176021 0.00856987 0.0125129 0.0032891 0.00805 0.0115028 0.00176021 0.00856987 0.0102641 0.00122605 0.00689336 0.0115028 0.00176021 0.00856987 0.0134253 0.00174752 0.00964013 0.0115028 0.00176021 0.00856987 0.0124687 -0.00012303452048289913 0.00873081 0.0109579 0.00422171 0.0105768 0.0123842 0.00446837 0.0118567 0.0109579 0.00422171 0.0105768 0.00973075 0.00319856 0.0115965 0.0109579 0.00422171 0.0105768 0.0090499 0.00459055 0.010432 0.0109579 0.00422171 0.0105768 0.0122759 0.0054662 0.00987122 0.0109579 0.00422171 0.0105768 0.0103916 0.00584209 0.00964457 0.0153218 0.00552158 0.00779171 0.0137655 0.00481088 0.00877984 0.0148011 0.00217653 0.013565 0.0132129 0.00176661 0.0145042 0.0131028 0.00145473 0.0126457 0.0132129 0.00176661 0.0145042 0.0131028 0.00145473 0.0126457 0.0140254 0.0001882889999999999 0.0137962 0.0131028 0.00145473 0.0126457 0.014678 0.00147746 0.0114418 0.0131028 0.00145473 0.0126457 0.0125308 9.845139999999997e-05 0.0111088 0.0132129 0.00176661 0.0145042 0.0140254 0.0001882889999999999 0.0137962 0.0132129 0.00176661 0.0145042 0.0111692 0.0012831 0.0138857 0.0123842 0.00446837 0.0118567 0.0118693 0.00478461 0.0136612 0.0123842 0.00446837 0.0118567 0.0115138 0.00619653 0.0116648 0.0143428 0.0046883 0.0108008 0.0134066 0.00629914 0.0111578 0.0143428 0.0046883 0.0108008 0.015742134520482898 0.00563588 0.0098039 0.0143428 0.0046883 0.0108008 0.0148174 0.00331675 0.00957953 0.00828984 0.00703131 0.00991494 0.00946024 0.00620843 0.0112433 0.00828984 0.00703131 0.00991494 0.00976583 0.00736625 0.00826983 0.00828984 0.00703131 0.00991494 0.00887213 0.00909691 0.00963201 0.00973075 0.00319856 0.0115965 0.0090499 0.00459055 0.010432 0.00973075 0.00319856 0.0115965 0.00960321 0.00181809 0.0103479 0.00973075 0.00319856 0.0115965 0.0103391 0.00488998 0.0124083 0.00973075 0.00319856 0.0115965 0.00778333 0.00316772 0.0114166 0.00973075 0.00319856 0.0115965 0.00875053 0.00160659 0.0127024 0.000659361 0.00136292 0.0100288 0.000686784 0.00198909 0.00815714 0.000659361 0.00136292 0.0100288 -0.0006926345204828997 0.00147746 0.0114418 0.000659361 0.00136292 0.0100288 0.000508171 -0.0006305345204828984 0.0110272 0.000659361 0.00136292 0.0100288 0.00135744 -1.1034520482899879e-05 0.00840772 0.0147573 0.00538275 0.0133675 0.0135555 0.00458318 0.0145284 0.0147573 0.00538275 0.0133675 0.0161532395204829 0.004729 0.012171 0.0147573 0.00538275 0.0133675 0.0153456 0.00737856 0.0134381 0.0118693 0.00478461 0.0136612 0.0103391 0.00488998 0.0124083 0.0118693 0.00478461 0.0136612 0.0106108 0.00593469 0.0144755 0.0118693 0.00478461 0.0136612 0.0135555 0.00458318 0.0145284 0.00743169 0.00176539 0.014449 0.00875053 0.00160659 0.0127024 0.0090499 0.00459055 0.010432 0.00946024 0.00620843 0.0112433 0.0090499 0.00459055 0.010432 0.0103916 0.00584209 0.00964457 0.0137655 0.00481088 0.00877984 0.0122759 0.0054662 0.00987122 0.0137655 0.00481088 0.00877984 0.0148174 0.00331675 0.00957953 0.00960321 0.00181809 0.0103479 0.0105107 0.000720346 0.0117155 0.00960321 0.00181809 0.0103479 0.011491 0.00225467 0.010561 0.00946024 0.00620843 0.0112433 0.0103391 0.00488998 0.0124083 0.00946024 0.00620843 0.0112433 0.00990609 0.00687804 0.01301 0.00946024 0.00620843 0.0112433 0.00829656 0.00728812 0.0122228 0.00946024 0.00620843 0.0112433 0.0103916 0.00584209 0.00964457 0.00946024 0.00620843 0.0112433 0.0106251 0.00789361 0.0106994 0.0105107 0.000720346 0.0117155 0.00875053 0.00160659 0.0127024 0.0105107 0.000720346 0.0117155 0.0125308 9.845139999999997e-05 0.0111088 0.0124801 0.00725132 0.0099063 0.0122759 0.0054662 0.00987122 0.0124801 0.00725132 0.0099063 0.0134066 0.00629914 0.0111578 0.0124801 0.00725132 0.0099063 0.012368 0.00877975 0.00862619 0.0124801 0.00725132 0.0099063 0.0106251 0.00789361 0.0106994 0.0103391 0.00488998 0.0124083 0.0115138 0.00619653 0.0116648 0.00990609 0.00687804 0.01301 0.00867261 0.00619078 0.0144088 0.00990609 0.00687804 0.01301 0.0106108 0.00593469 0.0144755 0.00990609 0.00687804 0.01301 0.00829656 0.00728812 0.0122228 0.00990609 0.00687804 0.01301 0.0111174 0.00860364 0.01293 0.00207001 0.00574656 0.0114178 0.000782605 0.004729 0.012171 0.0122759 0.0054662 0.00987122 0.0134066 0.00629914 0.0111578 0.0122759 0.0054662 0.00987122 0.0103916 0.00584209 0.00964457 0.000686784 0.00198909 0.00815714 0.00135744 -1.1034520482900313e-05 0.00840772 0.000686784 0.00198909 0.00815714 -0.0008005345204828978 0.0005490199999999999 0.0079303 0.00867261 0.00619078 0.0144088 0.0106108 0.00593469 0.0144755 0.00867261 0.00619078 0.0144088 0.00839458 0.00837744 0.0141708 0.0134066 0.00629914 0.0111578 0.0115138 0.00619653 0.0116648 0.0140254 0.000188289 0.0137962 0.0138824 -0.0014287345204828986 0.0123004 0.0140254 0.000188289 0.0137962 0.0121959 -0.0008414345204828978 0.0141663 0.0115138 0.00619653 0.0116648 0.0106251 0.00789361 0.0106994 0.00883177 0.00539094 0.00851889 0.0103916 0.00584209 0.00964457 0.00883177 0.00539094 0.00851889 0.00976583 0.00736625 0.00826983 0.000435341 0.00315467 0.0111385 -0.0005532345204829 0.00331675 0.00957953 0.000435341 0.00315467 0.0111385 0.000782605 0.004729 0.012171 0.014678 0.00147746 0.0114418 0.0134253 0.00174752 0.00964013 0.00778333 0.00316772 0.0114166 0.00875053 0.00160659 0.0127024 0.00829656 0.00728812 0.0122228 0.00898189 0.00938943 0.0120256 0.00829656 0.00728812 0.0122228 0.006704 0.00834729 0.0113491 0.00829656 0.00728812 0.0122228 0.00839458 0.00837744 0.0141708 0.0125129 0.0032891 0.00805 0.012889 0.00163571 0.00672226 0.011491 0.00225467 0.010561 0.0134253 0.00174752 0.00964013 0.0148174 0.00331675 0.00957953 0.0134253 0.00174752 0.00964013 0.0103916 0.00584209 0.00964457 0.00976583 0.00736625 0.00826983 0.000782605 0.004729 0.012171 0.00177615 0.00528751 0.0140528 0.00735197 0.00279899 0.00788263 0.0078885 0.00115519 0.00652779 0.00825582 0.0105605 0.00394566 0.00909827 0.0107271 0.0022615 0.00825582 0.0105605 0.00394566 0.00888796 0.00896215 0.00303493 0.00825582 0.0105605 0.00394566 0.0101503 0.0100872 0.00404578 0.00825582 0.0105605 0.00394566 0.00868971 0.00887219 0.00488879 0.00825582 0.0105605 0.00394566 0.00909159 0.0106684 0.00598173 0.00825582 0.0105605 0.00394566 0.00731839 0.0125537 0.0037968 0.0101431 0.0127092 0.000800742 0.0108352 0.0145302 0.000991026 0.0101431 0.0127092 0.000800742 0.01107 0.0110992 0.00169783 0.0101431 0.0127092 0.000800742 0.00929503 0.0129788 0.00260713 0.0136985 0.011205 0.00300752 0.0148271 0.0106248 0.00479047 0.0136985 0.011205 0.00300752 0.0149448 0.0112878 0.00116843 0.0136985 0.011205 0.00300752 0.0128412 0.00961052 0.00175484 0.0136985 0.011205 0.00300752 0.0141116 0.0133757 0.00272953 0.00909827 0.0107271 0.0022615 0.00888796 0.00896215 0.00303493 0.00909827 0.0107271 0.0022615 0.01107 0.0110992 0.00169783 0.00909827 0.0107271 0.0022615 0.00753351 0.0117752 0.00121546 0.00909827 0.0107271 0.0022615 0.00826281 0.00911777 0.00107144 0.00692381 0.0145761 0.00688904 0.0078885 0.0165258245204829 0.00652779 0.00692381 0.0145761 0.00688904 0.0079663 0.0126963 0.00664107 0.00692381 0.0145761 0.00688904 0.00864394 0.0145659 0.00822989 0.00692381 0.0145761 0.00688904 0.00670507 0.0160295855204829 0.00854846 0.0115557 0.013727 0.00528046 0.0101744 0.0144328 0.00653684 0.0115557 0.013727 0.00528046 0.0116331 0.0159066485204829 0.00499873 0.0115557 0.013727 0.00528046 0.0129972 0.0146506 0.00650595 0.0115557 0.013727 0.00528046 0.0111639 0.0118793 0.00631586 0.0115557 0.013727 0.00528046 0.0119305 0.014158 0.00320543 0.0115557 0.013727 0.00528046 0.00957139 0.0130018 0.00498252 0.0115557 0.013727 0.00528046 0.0135289 0.0127815 0.00488477 0.00887622 0.0143181 0.000931416 0.0108352 0.0145302 0.000991026 0.00887622 0.0143181 0.000931416 0.00769132 0.0148031 0.00268428 0.00887622 0.0143181 0.000931416 0.00929503 0.0129788 0.00260713 0.00969123 0.00745865 0.00209316 0.00888796 0.00896215 0.00303493 0.00969123 0.00745865 0.00209316 0.0104063 0.00910804 0.00135654 0.00969123 0.00745865 0.00209316 0.0116506 0.0078225 0.0020951 0.00888796 0.00896215 0.00303493 0.0101503 0.0100872 0.00404578 0.00888796 0.00896215 0.00303493 0.00868971 0.00887219 0.00488879 0.00888796 0.00896215 0.00303493 0.00811194 0.00711213 0.00378661 0.00888796 0.00896215 0.00303493 0.00826281 0.00911777 0.00107144 0.0126075 0.0104874 0.00529546 0.0119542 0.00882991 0.00392122 0.0126075 0.0104874 0.00529546 0.0111639 0.0118793 0.00631586 0.0101503 0.0100872 0.00404578 0.0119542 0.00882991 0.00392122 0.0101503 0.0100872 0.00404578 0.0114409 0.0118472 0.00393012 0.0139469 0.00867778 0.0047584 0.0148271 0.0106248 0.00479047 0.0139469 0.00867778 0.0047584 0.0119542 0.00882991 0.00392122 0.0139469 0.00867778 0.0047584 0.0137793 0.00766218 0.00285174 0.0139469 0.00867778 0.0047584 0.0127776 0.00786595 0.00641356 0.0139469 0.00867778 0.0047584 0.0144647 0.00654281 0.00477441 0.0148665 0.0115372 0.00671125 0.0133082 0.01258 0.00691551 0.0148665 0.0115372 0.00671125 0.0148271 0.0106248 0.00479047 0.0148665 0.0115372 0.00671125 0.0164744145204829 0.0126618 0.00579861 0.0148665 0.0115372 0.00671125 0.0144772 0.00946496 0.00711557 0.0108352 0.0145302 0.000991026 0.0104371 0.0167179145204829 0.00109536 0.0101744 0.0144328 0.00653684 0.0102641 0.0165966845204829 0.00689336 0.0101744 0.0144328 0.00653684 0.00957139 0.0130018 0.00498252 0.0101744 0.0144328 0.00653684 0.0108792 0.0136831 0.00846012 0.0133082 0.01258 0.00691551 0.0129972 0.0146506 0.00650595 0.0133082 0.01258 0.00691551 0.0135289 0.0127815 0.00488477 0.0133082 0.01258 0.00691551 0.0131131 0.0129386 0.00895162 0.0133082 0.01258 0.00691551 0.012638 0.0108701 0.00780219 0.0133082 0.01258 0.00691551 0.0150618 0.0137019 0.00737186 0.0104063 0.00910804 0.00135654 0.0116506 0.0078225 0.0020951 0.0104063 0.00910804 0.00135654 0.01107 0.0110992 0.00169783 0.0104063 0.00910804 0.00135654 0.00826281 0.00911777 0.00107144 0.0116506 0.0078225 0.0020951 0.0119542 0.00882991 0.00392122 0.0116506 0.0078225 0.0020951 0.0128412 0.00961052 0.00175484 0.00868971 0.00887219 0.00488879 0.00811194 0.00711213 0.00378661 0.00868971 0.00887219 0.00488879 0.00909159 0.0106684 0.00598173 0.00868971 0.00887219 0.00488879 0.0105651 0.00867453 0.00580362 0.0116331 0.000536014 0.00499873 0.0102641 0.00122605 0.00689336 0.0116331 0.000536014 0.00499873 0.00975525 -0.00034703452048289894 0.00373614 0.0116331 0.000536014 0.00499873 0.0129972 -0.000720034520482899 0.00650595 0.0116331 0.000536014 0.00499873 0.012889 0.00163571 0.00672226 0.01107 0.0110992 0.00169783 0.0128412 0.00961052 0.00175484 0.01107 0.0110992 0.00169783 0.0128574 0.0124137 0.00106458 0.01107 0.0110992 0.00169783 0.0114409 0.0118472 0.00393012 0.0108182 0.0066544 0.00457727 0.0105651 0.00867453 0.00580362 0.0148271 0.0106248 0.00479047 0.0160376205204829 0.0119486 0.00316235 0.00721792 0.00109848 0.00425242 0.0078885 0.00115519 0.00652779 0.00721792 0.00109848 0.00425242 0.00769132 -0.0005675345204829002 0.00268428 0.00868181 0.00672036 0.00609242 0.00811194 0.00711213 0.00378661 0.00868181 0.00672036 0.00609242 0.00821784 0.00881385 0.00715772 0.0102641 0.00122605 0.00689336 0.0078885 0.00115519 0.00652779 0.0119542 0.00882991 0.00392122 0.0137793 0.00766218 0.00285174 0.0119542 0.00882991 0.00392122 0.0128412 0.00961052 0.0017548399999999997 0.0119542 0.00882991 0.00392122 0.0105651 0.00867453 0.00580362 0.0078885 0.00115519 0.00652779 0.00670507 0.000658951 0.00854846 0.0149448 0.0112878 0.00116843 0.0149507 0.00889781 0.00113505 0.0149448 0.0112878 0.00116843 0.0128574 0.0124137 0.00106458 0.0149448 0.0112878 0.00116843 0.0160376205204829 0.0119486 0.0031623499999999995 0.00975525 0.0150236 0.00373614 0.0119305 0.014158 0.00320543 0.00975525 0.0150236 0.00373614 0.00769132 0.0148031 0.00268428 0.00975525 0.0150236 0.00373614 0.00957139 0.0130018 0.00498252 0.00975525 0.0150236 0.00373614 0.00929503 0.0129788 0.00260713 0.0129972 0.0146506 0.00650595 0.012889 0.0170063445204829 0.00672226 0.0129972 0.0146506 0.00650595 0.0124687 0.0152476 0.00873081 0.0129972 0.0146506 0.00650595 0.0145701 0.015919654520482898 0.0079303 0.0129972 0.0146506 0.00650595 0.0150618 0.0137019 0.00737186 0.0111639 0.0118793 0.00631586 0.00909159 0.0106684 0.00598173 0.0111639 0.0118793 0.00631586 0.00957139 0.0130018 0.00498252 0.0111639 0.0118793 0.00631586 0.0114409 0.0118472 0.00393012 0.0111639 0.0118793 0.00631586 0.00962136 0.011859 0.00813095 0.0111639 0.0118793 0.00631586 0.012638 0.0108701 0.00780219 0.0079663 0.0126963 0.00664107 0.00909159 0.0106684 0.00598173 0.0079663 0.0126963 0.00664107 0.00957139 0.0130018 0.00498252 0.0079663 0.0126963 0.00664107 0.00962136 0.011859 0.00813095 0.00627456 0.000523119 0.00108581 0.00769132 -0.0005675345204829003 0.00268428 0.0137793 0.00766218 0.00285174 0.0149507 0.00889781 0.00113505 0.0137793 0.00766218 0.00285174 0.0128412 0.00961052 0.00175484 0.0137793 0.00766218 0.00285174 0.0144647 0.00654281 0.00477441 0.0127776 0.00786595 0.00641356 0.0105651 0.00867453 0.00580362 0.0127776 0.00786595 0.00641356 0.012368 0.00877975 0.00862619 0.0127776 0.00786595 0.00641356 0.0144772 0.00946496 0.00711557 0.0119305 0.014158 0.00320543 0.0114409 0.0118472 0.00393012 0.0119305 0.014158 0.00320543 0.0141116 0.0133757 0.00272953 0.00769132 0.0148031 0.00268428 0.00929503 0.0129788 0.00260713 0.0149507 0.00889781 0.00113505 0.0128412 0.00961052 0.00175484 0.00909159 0.0106684 0.00598173 0.0105651 0.00867453 0.00580362 0.00909159 0.0106684 0.00598173 0.00821784 0.00881385 0.00715772 0.00909159 0.0106684 0.00598173 0.0103414 0.00967531 0.00783284 0.00957139 0.0130018 0.00498252 0.00929503 0.0129788 0.00260713 0.00957139 0.0130018 0.00498252 0.0114409 0.0118472 0.00393012 0.00929503 0.0129788 0.00260713 0.00731839 0.0125537 0.0037968 0.0128574 0.0124137 0.00106458 0.0141116 0.0133757 0.00272953 0.0114409 0.0118472 0.00393012 0.0135289 0.0127815 0.00488477 0.0135289 0.0127815 0.00488477 0.0141116 0.0133757 0.00272953 0.012889 0.00163571 0.00672226 0.0145701 0.0005490200000000001 0.0079303 0.000666986 0.0119486 0.00316235 -0.0012590345204828986 0.0133757 0.00272953 0.000306725 0.0143036 0.00420613 -0.0012590345204828999 0.0133757 0.00272953 0.000306725 0.0143036 0.00420613 0.00110378 0.0126618 0.00579861 0.00826281 0.00911777 0.00107144 0.00753281 0.00674216 0.00119193 0.00110378 0.0126618 0.00579861 -0.0003088345204828994 0.0137019 0.00737186 0.0105651 0.00867453 0.00580362 0.0103414 0.00967531 0.00783284 0.00976583 0.00736625 0.00826983 0.00821784 0.00881385 0.00715772 0.00976583 0.00736625 0.00826983 0.0103414 0.00967531 0.00783284 0.00976583 0.00736625 0.00826983 0.00887213 0.00909691 0.00963201 0.00819323 0.0132201 0.0143049 0.0095858 0.0149816 0.0137191 0.00819323 0.0132201 0.0143049 0.00879381 0.0108573 0.0139498 0.00819323 0.0132201 0.0143049 0.00765098 0.012218 0.0123166 0.00819323 0.0132201 0.0143049 0.0105769 0.0128057 0.0141895 0.00819323 0.0132201 0.0143049 0.00732694 0.0149755 0.0127582 0.0134194 0.0100432 0.0140288 0.0134521 0.00841451 0.0122717 0.0134194 0.0100432 0.0140288 0.0154630029204829 0.0112713 0.0142854 0.0134194 0.0100432 0.0140288 0.0110796 0.0104953 0.0143495 0.0134194 0.0100432 0.0140288 0.0133789 0.0124557 0.0142141 0.00875053 0.00160659 0.0127024 0.0095858 -0.0003890345204828995 0.0137191 0.00875053 0.00160659 0.0127024 0.00732694 -0.00039513452048289973 0.0127582 0.0134521 0.00841451 0.0122717 0.0154730185204829 0.00965062 0.012644 0.0134521 0.00841451 0.0122717 0.012726 0.0075413 0.014314 0.0134521 0.00841451 0.0122717 0.0131797 0.0100118 0.0104969 0.0134521 0.00841451 0.0122717 0.0153456 0.00737856 0.0134381 0.0134521 0.00841451 0.0122717 0.0111174 0.00860364 0.01293 0.00898189 0.00938943 0.0120256 0.00839458 0.00837744 0.0141708 0.00898189 0.00938943 0.0120256 0.00879381 0.0108573 0.0139498 0.00898189 0.00938943 0.0120256 0.00887213 0.00909691 0.00963201 0.00898189 0.00938943 0.0120256 0.0111174 0.00860364 0.01293 0.00649177 0.0103061 0.014246 0.00879381 0.0108573 0.0139498 0.00821784 0.00881385 0.00715772 0.0103414 0.00967531 0.00783284 0.00864394 0.0145659 0.00822989 0.00670507 0.0160295855204829 0.00854846 0.00864394 0.0145659 0.00822989 0.0108792 0.0136831 0.00846012 0.010886 0.0101649 0.0100633 0.012368 0.00877975 0.00862619 0.010886 0.0101649 0.0100633 0.0106251 0.00789361 0.0106994 0.010886 0.0101649 0.0100633 0.00914214 0.0117354 0.0105408 0.010886 0.0101649 0.0100633 0.0103414 0.00967531 0.00783284 0.010886 0.0101649 0.0100633 0.0131797 0.0100118 0.0104969 0.010886 0.0101649 0.0100633 0.0114781 0.0124298 0.0104178 0.010886 0.0101649 0.0100633 0.00887213 0.00909691 0.00963201 0.010886 0.0101649 0.0100633 0.0117675 0.0108743 0.0121862 9.23684e-05 0.0112713 0.0142854 0.000528769 0.0134774 0.013563 9.23684e-05 0.0112713 0.0142854 0.000102384 0.00965062 0.012644 9.23684e-05 0.0112713 0.0142854 -0.001991734520482899 0.0124557 0.0142141 0.00962136 0.011859 0.00813095 0.00750121 0.011365 0.00876615 0.00962136 0.011859 0.00813095 0.00914214 0.0117354 0.0105408 0.00962136 0.011859 0.00813095 0.0103414 0.00967531 0.00783284 0.00962136 0.011859 0.00813095 0.0108792 0.0136831 0.00846012 0.006704 0.00834729 0.0113491 0.00530814 0.00998231 0.0102567 0.0109854 0.0139244 0.0121297 0.0125308 0.015469085920482899 0.0111088 0.0109854 0.0139244 0.0121297 0.0095858 0.0149816 0.0137191 0.0109854 0.0139244 0.0121297 0.00890636 0.0141742 0.0110331 0.0109854 0.0139244 0.0121297 0.0121959 0.0145292 0.0141663 0.0109854 0.0139244 0.0121297 0.0105769 0.0128057 0.0141895 0.0109854 0.0139244 0.0121297 0.0114781 0.0124298 0.0104178 0.012368 0.00877975 0.00862619 0.0103414 0.00967531 0.00783284 0.012368 0.00877975 0.00862619 0.0145454 0.0076373 0.00868762 0.012368 0.00877975 0.00862619 0.0131797 0.0100118 0.0104969 0.012368 0.00877975 0.00862619 0.012638 0.0108701 0.00780219 0.0111692 0.0012831 0.0138857 0.0095858 -0.0003890345204829004 0.0137191 0.0111692 0.0012831 0.0138857 0.0121959 -0.000841434520482899 0.0141663 0.0125308 9.84514e-05 0.0111088 0.0134253 0.00174752 0.00964013 0.0125308 9.84514e-05 0.0111088 0.0124687 -0.00012303452048289867 0.00873081 0.0125308 9.84514e-05 0.0111088 0.0138824 -0.0014287345204828986 0.0123004 0.0106251 0.00789361 0.0106994 0.00887213 0.00909691 0.00963201 0.0106251 0.00789361 0.0106994 0.0111174 0.00860364 0.01293 0.0151364 0.0127678 0.00995075 0.0158788055204829 0.0147401 0.0110272 0.0151364 0.0127678 0.00995075 0.0131131 0.0129386 0.00895162 0.0095858 0.0149816 0.0137191 0.0105769 0.0128057 0.0141895 0.0095858 0.0149816 0.0137191 0.00732694 0.0149755 0.0127582 0.00750121 0.011365 0.00876615 0.00914214 0.0117354 0.0105408 0.00914214 0.0117354 0.0105408 0.00890636 0.0141742 0.0110331 0.00914214 0.0117354 0.0105408 0.00765098 0.012218 0.0123166 0.00914214 0.0117354 0.0105408 0.0114781 0.0124298 0.0104178 0.00890636 0.0141742 0.0110331 0.00732694 0.0149755 0.0127582 0.0110796 0.0104953 0.0143495 0.00879381 0.0108573 0.0139498 0.0110796 0.0104953 0.0143495 0.0105769 0.0128057 0.0141895 0.0110796 0.0104953 0.0143495 0.0117675 0.0108743 0.0121862 0.0110796 0.0104953 0.0143495 0.0111174 0.00860364 0.01293 0.0134253 0.00174752 0.00964013 0.0124687 -0.00012303452048289978 0.00873081 0.0134253 0.00174752 0.00964013 0.0145701 0.0005490200000000001 0.0079303 0.000528769 0.0134774 0.013563 -0.0014882345204828996 0.0139419 0.0123004 0.00879381 0.0108573 0.0139498 0.00765098 0.012218 0.0123166 0.000508171 0.0147401 0.0110272 -0.0014882345204828996 0.0139419 0.0123004 0.0131131 0.0129386 0.00895162 0.0124687 0.0152476 0.00873081 0.0131131 0.0129386 0.00895162 0.0108792 0.0136831 0.00846012 0.0131131 0.0129386 0.00895162 0.012638 0.0108701 0.00780219 0.0131131 0.0129386 0.00895162 0.0114781 0.0124298 0.0104178 0.0124687 0.0152476 0.00873081 0.0108792 0.0136831 0.00846012 0.0124687 0.0152476 0.00873081 0.0145701 0.015919654520482898 0.0079303 0.000102384 0.00965062 0.012644 -0.0012229345204829004 0.0115687 0.0120817 0.000102384 0.00965062 0.012644 -2.5034520482900504e-05 0.00737856 0.0134381 0.000102384 0.00965062 0.012644 7.11348e-05 0.0102409 0.0103326 0.0133789 0.0124557 0.0142141 0.0138824 0.0139419 0.0123004 0.0133789 0.0124557 0.0142141 0.0121959 0.0145292 0.0141663 0.0133789 0.0124557 0.0142141 0.0141477 0.0115687 0.0120817 0.00135744 0.0153596 0.00840772 -0.0008005345204828982 0.015919654520482898 0.0079303 0.0103414 0.00967531 0.00783284 0.00887213 0.00909691 0.00963201 0.012726 0.0075413 0.014314 0.0111174 0.00860364 0.01293 0.0145454 0.0076373 0.00868762 0.0144772 0.00946496 0.00711557 0.0108792 0.0136831 0.00846012 0.0114781 0.0124298 0.0104178 0.0131797 0.0100118 0.0104969 0.0141477 0.0115687 0.0120817 0.0131797 0.0100118 0.0104969 0.0117675 0.0108743 0.0121862 0.0131797 0.0100118 0.0104969 0.0154417693204829 0.0102409 0.0103326 0.0138824 0.0139419 0.0123004 0.0141477 0.0115687 0.0120817 0.0145701 0.00054902 0.0079303 0.0150618 -0.0016687345204829005 0.00737186 0.00127338 0.0085069 0.00670354 -0.0008934345204828977 0.00946496 0.00711557 0.0121959 0.0145292 0.0141663 0.0105769 0.0128057 0.0141895 0.0141477 0.0115687 0.0120817 0.0117675 0.0108743 0.0121862 0.012638 0.0108701 0.00780219 0.0144772 0.00946496 0.00711557 0.0114781 0.0124298 0.0104178 0.0117675 0.0108743 0.0121862 0.0117675 0.0108743 0.0121862 0.0111174 0.00860364 0.01293</DataArray>
</Points><Lines>
<DataArray type="Int64" Name="connectivity" format="ascii">0 1 2 3 4 5 6 7 8 9 10 11 12 13 14 15 16 17 18 19 20 21 22 23 24 25 26 27 28 29 30 31 32 33 34 35 36 37 38 39 40 41 42 43 44 45 46 47 48 49 50 51 52 53 54 55 56 57 58 59 60 61 62 63 64 65 66 67 68 69 70 71 72 73 74 75 76 77 78 79 80 81 82 83 84 85 86 87 88 89 90 91 92 93 94 95 96 97 98 99 100 101 102 103 104 105 106 107 108 109 110 111 112 113 114 115 116 117 118 119 120 121 122 123 124 125 126 127 128 129 130 131 132 133 134 135 136 137 138 139 140 141 142 143 144 145 146 147 148 149 150 151 152 153 154 155 156 157 158 159 160 161 162 163 164 165 166 167 168 169 170 171 172 173 174 175 176 177 178 179 180 181 182 183 184 185 186 187 188 189 190 191 192 193 194 195 196 197 198 199 200 201 202 203 204 205 206 207 208 209 210 211 212 213 214 215 216 217 218 219 220 221 222 223 224 225 226 227 228 229 230 231 232 233 234 235 236 237 238 239 240 241 242 243 244 245 246 247 248 249 250 251 252 253 254 255 256 257 258 259 260 261 262 263 264 265 266 267 268 269 270 271 272 273 274 275 276 277 278 279 280 281 282 283 284 285 286 287 288 289 290 291 292 293 294 295 296 297 298 299 300 301 302 303 304 305 306 307 308 309 310 311 312 313 314 315 316 317 318 319 320 321 322 323 324 325 326 327 328 329 330 331 332 333 334 335 336 337 338 339 340 341 342 343 344 345 346 347 348 349 350 351 352 353 354 355 356 357 358 359 360 361 362 363 364 365 366 367 368 369 370 371 372 373 374 375 376 377 378 379 380 381 382 383 384 385 386 387 388 389 390 391 392 393 394 395 396 397 398 399 400 401 402 403 404 405 406 407 408 409 410 411 412 413 414 415 416 417 418 419 420 421 422 423 424 425 426 427 428 429 430 431 432 433 434 435 436 437 438 439 440 441 442 443 444 445 446 447 448 449 450 451 452 453 454 455 456 457 458 459 460 461 462 463 464 465 466 467 468 469 470 471 472 473 474 475 476 477 478 479 480 481 482 483 484 485 486 487 488 489 490 491 492 493 494 495 496 497 498 499 500 501 502 503 504 505 506 507 508 509 510 511 512 513 514 515 516 517 518 519 520 521 522 523 524 525 526 527 528 529 530 531 532 533 534 535 536 537 538 539 540 541 542 543 544 545 546 547 548 549 550 551 552 553 554 555 556 557 558 559 560 561 562 563 564 565 566 567 568 569 570 571 572 573 574 575 576 577 578 579 580 581 582 583 584 585 586 587 588 589 590 591 592 593 594 595 596 597 598 599 600 601 602 603 604 605 606 607 608 609 610 611 612 613 614 615 616 617 618 619 620 621 622 623 624 625 626 627 628 629 630 631 632 633 634 635 636 637 638 639 640 641 642 643 644 645 646 647 648 649 650 651 652 653 654 655 656 657 658 659 660 661 662 663 664 665 666 667 668 669 670 671 672 673 674 675 676 677 678 679 680 681 682 683 684 685 686 687 688 689 690 691 692 693 694 695 696 697 698 699 700 701 702 703 704 705 706 707 708 709 710 711 712 713 714 715 716 717 718 719 720 721 722 723 724 725 726 727 728 729 730 731 732 733 734 735 736 737 738 739 740 741 742 743 744 745 746 747 748 749 750 751 752 753 754 755 756 757 758 759 760 761 762 763 764 765 766 767 768 769 770 771 772 773 774 775 776 777 778 779 780 781 782 783 784 785 786 787 788 789 790 791 792 793 794 795 796 797 798 799 800 801 802 803 804 805 806 807 808 809 810 811 812 813 814 815 816 817 818 819 820 821 822 823 824 825 826 827 828 829 830 831 832 833 834 835 836 837 838 839 840 841 842 843 844 845 846 847 848 849 850 851 852 853 854 855 856 857 858 859 860 861 862 863 864 865 866 867 868 869 870 871 872 873 874 875 876 877 878 879 880 881 882 883 884 885 886 887 888 889 890 891 892 893 894 895 896 897 898 899 900 901 902 903 904 905 906 907 908 909 910 911 912 913 914 915 916 917 918 919 920 921 922 923 924 925 926 927 928 929 930 931 932 933 934 935 936 937 938 939 940 941 942 943 944 945 946 947 948 949 950 951 952 953 954 955 956 957 958 959 960 961 962 963 964 965 966 967 968 969 970 971 972 973 974 975 976 977 978 979 980 981 982 983 984 985 986 987 988 989 990 991 992 993 994 995 996 997 998 999 1000 1001 1002 1003 1004 1005 1006 1007 1008 1009 1010 1011 1012 1013 1014 1015 1016 1017 1018 1019 1020 1021 1022 1023 1024 1025 1026 1027 1028 1029 1030 1031 1032 1033 1034 1035 1036 1037 1038 1039 1040 1041 1042 1043 1044 1045 1046 1047 1048 1049 1050 1051 1052 1053 1054 1055 1056 1057 1058 1059 1060 1061 1062 1063 1064 1065 1066 1067 1068 1069 1070 1071 1072 1073 1074 1075 1076 1077 1078 1079 1080 1081 1082 1083 1084 1085 1086 1087 1088 1089 1090 1091 1092 1093 1094 1095 1096 1097 1098 1099 1100 1101 1102 1103 1104 1105 1106 1107 1108 1109 1110 1111 1112 1113 1114 1115 1116 1117 1118 1119 1120 1121 1122 1123 1124 1125 1126 1127 1128 1129 1130 1131 1132 1133 1134 1135 1136 1137 1138 1139 1140 1141 1142 1143 1144 1145 1146 1147 1148 1149 1150 1151 1152 1153 1154 1155 1156 1157 1158 1159 1160 1161 1162 1163 1164 1165 1166 1167 1168 1169 1170 1171 1172 1173 1174 1175 1176 1177 1178 1179 1180 1181 1182 1183 1184 1185 1186 1187 1188 1189 1190 1191 1192 1193 1194 1195 1196 1197 1198 1199 1200 1201 1202 1203 1204 1205 1206 1207 1208 1209 1210 1211 1212 1213 1214 1215 1216 1217 1218 1219 1220 1221 1222 1223 1224 1225 1226 1227 1228 1229 1230 1231 1232 1233 1234 1235 1236 1237 1238 1239 1240 1241 1242 1243 1244 1245 1246 1247 1248 1249 1250 1251 1252 1253 1254 1255 1256 1257 1258 1259 1260 1261 1262 1263 1264 1265 1266 1267 1268 1269 1270 1271 1272 1273 1274 1275 1276 1277 1278 1279 1280 1281 1282 1283 1284 1285 1286 1287 1288 1289 1290 1291 1292 1293 1294 1295 1296 1297 1298 1299 1300 1301 1302 1303 1304 1305 1306 1307 1308 1309 1310 1311 1312 1313 1314 1315 1316 1317 1318 1319 1320 1321 1322 1323 1324 1325 1326 1327 1328 1329 1330 1331 1332 1333 1334 1335 1336 1337 1338 1339 1340 1341 1342 1343 1344 1345 1346 1347 1348 1349 1350 1351 1352 1353 1354 1355 1356 1357 1358 1359 1360 1361 1362 1363 1364 1365 1366 1367 1368 1369 1370 1371 1372 1373 1374 1375 1376 1377 1378 1379 1380 1381 1382 1383 1384 1385 1386 1387 1388 1389 1390 1391 1392 1393 1394 1395 1396 1397 1398 1399 1400 1401 1402 1403 1404 1405 1406 1407 1408 1409 1410 1411 1412 1413 1414 1415 1416 1417 1418 1419 1420 1421 1422 1423 1424 1425 1426 1427 1428 1429 1430 1431 1432 1433 1434 1435 1436 1437 1438 1439 1440 1441 1442 1443 1444 1445 1446 1447 1448 1449 1450 1451 1452 1453 1454 1455 1456 1457 1458 1459 1460 1461 1462 1463 1464 1465 1466 1467 1468 1469 1470 1471 1472 1473 1474 1475 1476 1477 1478 1479 1480 1481 1482 1483 1484 1485 1486 1487 1488 1489 1490 1491 1492 1493 1494 1495 1496 1497 1498 1499 1500 1501 1502 1503 1504 1505 1506 1507 1508 1509 1510 1511 1512 1513 1514 1515 1516 1517 1518 1519 1520 1521 1522 1523 1524 1525 1526 1527 1528 1529 1530 1531 1532 1533 1534 1535 1536 1537 1538 1539 1540 1541 1542 1543 1544 1545 1546 1547 1548 1549 1550 1551 1552 1553 1554 1555 1556 1557 1558 1559 1560 1561 1562 1563 1564 1565 1566 1567 1568 1569 1570 1571 1572 1573 1574 1575 1576 1577 1578 1579 1580 1581 1582 1583 1584 1585 1586 1587 1588 1589 1590 1591 1592 1593 1594 1595 1596 1597 1598 1599 1600 1601 1602 1603 1604 1605 1606 1607 1608 1609 1610 1611 1612 1613 1614 1615 1616 1617 1618 1619 1620 1621 1622 1623 1624 1625 1626 1627 1628 1629 1630 1631 1632 1633 1634 1635 1636 1637 1638 1639 1640 1641 1642 1643 1644 1645 1646 1647 1648 1649 1650 1651 1652 1653 1654 1655 1656 1657 1658 1659 1660 1661 1662 1663 1664 1665 1666 1667 1668 1669 1670 1671 1672 1673 1674 1675 1676 1677 1678 1679 1680 1681 1682 1683 1684 1685 1686 1687 1688 1689 1690 1691 1692 1693 1694 1695 1696 1697 1698 1699 1700 1701 1702 1703 1704 1705 1706 1707 1708 1709 1710 1711 1712 1713 1714 1715 1716 1717 1718 1719 1720 1721 1722 1723 1724 1725 1726 1727 1728 1729 1730 1731 1732 1733 1734 1735 1736 1737 1738 1739 1740 1741 1742 1743 1744 1745 1746 1747 1748 1749 1750 1751 1752 1753 1754 1755 1756 1757 1758 1759 1760 1761 1762 1763 1764 1765 1766 1767 1768 1769 1770 1771 1772 1773 1774 1775 1776 1777 1778 1779 1780 1781 1782 1783 1784 1785 1786 1787 1788 1789 1790 1791 1792 1793 1794 1795 1796 1797 1798 1799 1800 1801 1802 1803 1804 1805 1806 1807 1808 1809 1810 1811 1812 1813 1814 1815 1816 1817 1818 1819 1820 1821 1822 1823 1824 1825 1826 1827 1828 1829 1830 1831 1832 1833 1834 1835 1836 1837 1838 1839 1840 1841 1842 1843 1844 1845 1846 1847 1848 1849 1850 1851 1852 1853 1854 1855 1856 1857 1858 1859 1860 1861 1862 1863 1864 1865 1866 1867 1868 1869 1870 1871 1872 1873 1874 1875 1876 1877 1878 1879 1880 1881 1882 1883 1884 1885 1886 1887 1888 1889 1890 1891 1892 1893 1894 1895 1896 1897 1898 1899 1900 1901 1902 1903 1904 1905 1906 1907 1908 1909 1910 1911 1912 1913 1914 1915 1916 1917 1918 1919 1920 1921 1922 1923 1924 1925 1926 1927 1928 1929 1930 1931 1932 1933 1934 1935 1936 1937 1938 1939 1940 1941 1942 1943 1944 1945 1946 1947 1948 1949 1950 1951 1952 1953 1954 1955 1956 1957 1958 1959 1960 1961 1962 1963 1964 1965 1966 1967 1968 1969 1970 1971 1972 1973 1974 1975 1976 1977 1978 1979 1980 1981 1982 1983 1984 1985 1986 1987 1988 1989 1990 1991 1992 1993 1994 1995 1996 1997 1998 1999 2000 2001 2002 2003 2004 2005 2006 2007 2008 2009 2010 2011 2012 2013 2014 2015 2016 2017 2018 2019 2020 2021 2022 2023 2024 2025 2026 2027 2028 2029 2030 2031 2032 2033 2034 2035 2036 2037 2038 2039 2040 2041 2042 2043 2044 2045 2046 2047 2048 2049 2050 2051 2052 2053 2054 2055 2056 2057 2058 2059 2060 2061 2062 2063 2064 2065 2066 2067 2068 2069 2070 2071 2072 2073 2074 2075 2076 2077 2078 2079 2080 2081 2082 2083 2084 2085 2086 2087 2088 2089 2090 2091 2092 2093 2094 2095 2096 2097 2098 2099 2100 2101 2102 2103 2104 2105 2106 2107 2108 2109 2110 2111 2112 2113 2114 2115 2116 2117 2118 2119 2120 2121 2122 2123 2124 2125 2126 2127 2128 2129 2130 2131 2132 2133 2134 2135 2136 2137 2138 2139 2140 2141 2142 2143 2144 2145 2146 2147 2148 2149 2150 2151 2152 2153 2154 2155 2156 2157 2158 2159 2160 2161 2162 2163 2164 2165 2166 2167 2168 2169 2170 2171 2172 2173 2174 2175 2176 2177 2178 2179 2180 2181 2182 2183 2184 2185 2186 2187 2188 2189 2190 2191 2192 2193 2194 2195 2196 2197 2198 2199 2200 2201 2202 2203 2204 2205 2206 2207 2208 2209 2210 2211 2212 2213 2214 2215 2216 2217 2218 2219 2220 2221 2222 2223 2224 2225 2226 2227 2228 2229 2230 2231 2232 2233 2234 2235 2236 2237 2238 2239 2240 2241 2242 2243 2244 2245 2246 2247 2248 2249 2250 2251 2252 2253 2254 2255 2256 2257 2258 2259 2260 2261 2262 2263 2264 2265 2266 2267 2268 2269 2270 2271 2272 2273 2274 2275 2276 2277 2278 2279 2280 2281 2282 2283 2284 2285 2286 2287 2288 2289 2290 2291 2292 2293 2294 2295 2296 2297 2298 2299 2300 2301 2302 2303 2304 2305 2306 2307 2308 2309 2310 2311 2312 2313 2314 2315 2316 2317 2318 2319 2320 2321 2322 2323 2324 2325 2326 2327 2328 2329 2330 2331 2332 2333 2334 2335 2336 2337 2338 2339 2340 2341 2342 2343 2344 2345 2346 2347 2348 2349 2350 2351 2352 2353 2354 2355 2356 2357 2358 2359 2360 2361 2362 2363 2364 2365 2366 2367 2368 2369 2370 2371 2372 2373 2374 2375 2376 2377 2378 2379 2380 2381 2382 2383 2384 2385 2386 2387 2388 2389 2390 2391 2392 2393 2394 2395 2396 2397 2398 2399 2400 2401 2402 2403 2404 2405 2406 2407 2408 2409 2410 2411 2412 2413 2414 2415 2416 2417 2418 2419 2420 2421 2422 2423 2424 2425 2426 2427 2428 2429 2430 2431 2432 2433 2434 2435 2436 2437 2438 2439 2440 2441 2442 2443 2444 2445 2446 2447 2448 2449 2450 2451 2452 2453 2454 2455 2456 2457 2458 2459 2460 2461 2462 2463 2464 2465 2466 2467 2468 2469 2470 2471 2472 2473 2474 2475 2476 2477 2478 2479 2480 2481 2482 2483 2484 2485 2486 2487 2488 2489 2490 2491 2492 2493 2494 2495 2496 2497 2498 2499 2500 2501 2502 2503 2504 2505 2506 2507 2508 2509 2510 2511 2512 2513 2514 2515 2516 2517 2518 2519 2520 2521 2522 2523 2524 2525 2526 2527 2528 2529 2530 2531 2532 2533 2534 2535 2536 2537 2538 2539 2540 2541 2542 2543 2544 2545 2546 2547 2548 2549 2550 2551 2552 2553 2554 2555 2556 2557 2558 2559 2560 2561 2562 2563 2564 2565 2566 2567 2568 2569 2570 2571 2572 2573 2574 2575 2576 2577 2578 2579 2580 2581 2582 2583 2584 2585 2586 2587 2588 2589 2590 2591 2592 2593 2594 2595 2596 2597 2598 2599 2600 2601 2602 2603 2604 2605 2606 2607 2608 2609 2610 2611 2612 2613 2614 2615 2616 2617 2618 2619 2620 2621 2622 2623 2624 2625 2626 2627 2628 2629 2630 2631 2632 2633 2634 2635 2636 2637 2638 2639 2640 2641 2642 2643 2644 2645 2646 2647 2648 2649 2650 2651 2652 2653 2654 2655 2656 2657 2658 2659 2660 2661 2662 2663 2664 2665 2666 2667 2668 2669 2670 2671 2672 2673 2674 2675 2676 2677 2678 2679 2680 2681 2682 2683 2684 2685 2686 2687 2688 2689 2690 2691 2692 2693 2694 2695 2696 2697 2698 2699 2700 2701 2702 2703 2704 2705 2706 2707 2708 2709 2710 2711 2712 2713 2714 2715 2716 2717 2718 2719 2720 2721 2722 2723 2724 2725 2726 2727 2728 2729 2730 2731 2732 2733</DataArray>
<DataArray type="Int64" Name="offsets" format="ascii">2 4 6 8 10 12 14 16 18 20 22 24 26 28 30 32 34 36 38 40 42 44 46 48 50 52 54 56 58 60 62 64 66 68 70 72 74 76 78 80 82 84 86 88 90 92 94 96 98 100 102 104 106 108 110 112 114 116 118 120 122 124 126 128 130 132 134 136 138 140 142 144 146 148 150 152 154 156 158 160 162 164 166 168 170 172 174 176 178 180 182 184 186 188 190 192 194 196 198 200 202 204 206 208 210 212 214 216 218 220 222 224 226 228 230 232 234 236 238 240 242 244 246 248 250 252 254 256 258 260 262 264 266 268 270 272 274 276 278 280 282 284 286 288 290 292 294 296 298 300 302 304 306 308 310 312 314 316 318 320 322 324 326 328 330 332 334 336 338 340 342 344 346 348 350 352 354 356 358 360 362 364 366 368 370 372 374 376 378 380 382 384 386 388 390 392 394 396 398 400 402 404 406 408 410 412 414 416 418 420 422 424 426 428 430 432 434 436 438 440 442 444 446 448 450 452 454 456 458 460 462 464 466 468 470 472 474 476 478 480 482 484 486 488 490 492 494 496 498 500 502 504 506 508 510 512 514 516 518 520 522 524 526 528 530 532 534 536 538 540 542 544 546 548 550 552 554 556 558 560 562 564 566 568 570 572 574 576 578 580 582 584 586 588 590 592 594 596 598 600 602 604 606 608 610 612 614 616 618 620 622 624 626 628 630 632 634 636 638 640 642 644 646 648 650 652 654 656 658 660 662 664 666 668 670 672 674 676 678 680 682 684 686 688 690 692 694 696 698 700 702 704 706 708 710 712 714 716 718 720 722 724 726 728 730 732 734 736 738 740 742 744 746 748 750 752 754 756 758 760 762 764 766 768 770 772 774 776 778 780 782 784 786 788 790 792 794 796 798 800 802 804 806 808 810 812 814 816 818 820 822 824 826 828 830 832 834 836 838 840 842 844 846 848 850 852 854 856 858 860 862 864 866 868 870 872 874 876 878 880 882 884 886 888 890 892 894 896 898 900 902 904 906 908 910 912 914 916 918 920 922 924 926 928 930 932 934 936 938 940 942 944 946 948 950 952 954 956 958 960 962 964 966 968 970 972 974 976 978 980 982 984 986 988 990 992 994 996 998 1000 1002 1004 1006 1008 1010 1012 1014 1016 1018 1020 1022 1024 1026 1028 1030 1032 1034 1036 1038 1040 1042 1044 1046 1048 1050 1052 1054 1056 1058 1060 1062 1064 1066 1068 1070 1072 1074 1076 1078 1080 1082 1084 1086 1088 1090 1092 1094 1096 1098 1100 1102 1104 1106 1108 1110 1112 1114 1116 1118 1120 1122 1124 1126 1128 1130 1132 1134 1136 1138 1140 1142 1144 1146 1148 1150 1152 1154 1156 1158 1160 1162 1164 1166 1168 1170 1172 1174 1176 1178 1180 1182 1184 1186 1188 1190 1192 1194 1196 1198 1200 1202 1204 1206 1208 1210 1212 1214 1216 1218 1220 1222 1224 1226 1228 1230 1232 1234 1236 1238 1240 1242 1244 1246 1248 1250 1252 1254 1256 1258 1260 1262 1264 1266 1268 1270 1272 1274 1276 1278 1280 1282 1284 1286 1288 1290 1292 1294 1296 1298 1300 1302 1304 1306 1308 1310 1312 1314 1316 1318 1320 1322 1324 1326 1328 1330 1332 1334 1336 1338 1340 1342 1344 1346 1348 1350 1352 1354 1356 1358 1360 1362 1364 1366 1368 1370 1372 1374 1376 1378 1380 1382 1384 1386 1388 1390 1392 1394 1396 1398 1400 1402 1404 1406 1408 1410 1412 1414 1416 1418 1420 1422 1424 1426 1428 1430 1432 1434 1436 1438 1440 1442 1444 1446 1448 1450 1452 1454 1456 1458 1460 1462 1464 1466 1468 1470 1472 1474 1476 1478 1480 1482 1484 1486 1488 1490 1492 1494 1496 1498 1500 1502 1504 1506 1508 1510 1512 1514 1516 1518 1520 1522 1524 1526 1528 1530 1532 1534 1536 1538 1540 1542 1544 1546 1548 1550 1552 1554 1556 1558 1560 1562 1564 1566 1568 1570 1572 1574 1576 1578 1580 1582 1584 1586 1588 1590 1592 1594 1596 1598 1600 1602 1604 1606 1608 1610 1612 1614 1616 1618 1620 1622 1624 1626 1628 1630 1632 1634 1636 1638 1640 1642 1644 1646 1648 1650 1652 1654 1656 1658 1660 1662 1664 1666 1668 1670 1672 1674 1676 1678 1680 1682 1684 1686 1688 1690 1692 1694 1696 1698 1700 1702 1704 1706 1708 1710 1712 1714 1716 1718 1720 1722 1724 1726 1728 1730 1732 1734 1736 1738 1740 1742 1744 1746 1748 1750 1752 1754 1756 1758 1760 1762 1764 1766 1768 1770 1772 1774 1776 1778 1780 1782 1784 1786 1788 1790 1792 1794 1796 1798 1800 1802 1804 1806 1808 1810 1812 1814 1816 1818 1820 1822 1824 1826 1828 1830 1832 1834 1836 1838 1840 1842 1844 1846 1848 1850 1852 1854 1856 1858 1860 1862 1864 1866 1868 1870 1872 1874 1876 1878 1880 1882 1884 1886 1888 1890 1892 1894 1896 1898 1900 1902 1904 1906 1908 1910 1912 1914 1916 1918 1920 1922 1924 1926 1928 1930 1932 1934 1936 1938 1940 1942 1944 1946 1948 1950 1952 1954 1956 1958 1960 1962 1964 1966 1968 1970 1972 1974 1976 1978 1980 1982 1984 1986 1988 1990 1992 1994 1996 1998 2000 2002 2004 2006 2008 2010 2012 2014 2016 2018 2020 2022 2024 2026 2028 2030 2032 2034 2036 2038 2040 2042 2044 2046 2048 2050 2052 2054 2056 2058 2060 2062 2064 2066 2068 2070 2072 2074 2076 2078 2080 2082 2084 2086 2088 2090 2092 2094 2096 2098 2100 2102 2104 2106 2108 2110 2112 2114 2116 2118 2120 2122 2124 2126 2128 2130 2132 2134 2136 2138 2140 2142 2144 2146 2148 2150 2152 2154 2156 2158 2160 2162 2164 2166 2168 2170 2172 2174 2176 2178 2180 2182 2184 2186 2188 2190 2192 2194 2196 2198 2200 2202 2204 2206 2208 2210 2212 2214 2216 2218 2220 2222 2224 2226 2228 2230 2232 2234 2236 2238 2240 2242 2244 2246 2248 2250 2252 2254 2256 2258 2260 2262 2264 2266 2268 2270 2272 2274 2276 2278 2280 2282 2284 2286 2288 2290 2292 2294 2296 2298 2300 2302 2304 2306 2308 2310 2312 2314 2316 2318 2320 2322 2324 2326 2328 2330 2332 2334 2336 2338 2340 2342 2344 2346 2348 2350 2352 2354 2356 2358 2360 2362 2364 2366 2368 2370 2372 2374 2376 2378 2380 2382 2384 2386 2388 2390 2392 2394 2396 2398 2400 2402 2404 2406 2408 2410 2412 2414 2416 2418 2420 2422 2424 2426 2428 2430 2432 2434 2436 2438 2440 2442 2444 2446 2448 2450 2452 2454 2456 2458 2460 2462 2464 2466 2468 2470 2472 2474 2476 2478 2480 2482 2484 2486 2488 2490 2492 2494 2496 2498 2500 2502 2504 2506 2508 2510 2512 2514 2516 2518 2520 2522 2524 2526 2528 2530 2532 2534 2536 2538 2540 2542 2544 2546 2548 2550 2552 2554 2556 2558 2560 2562 2564 2566 2568 2570 2572 2574 2576 2578 2580 2582 2584 2586 2588 2590 2592 2594 2596 2598 2600 2602 2604 2606 2608 2610 2612 2614 2616 2618 2620 2622 2624 2626 2628 2630 2632 2634 2636 2638 2640 2642 2644 2646 2648 2650 2652 2654 2656 2658 2660 2662 2664 2666 2668 2670 2672 2674 2676 2678 2680 2682 2684 2686 2688 2690 2692 2694 2696 2698 2700 2702 2704 2706 2708 2710 2712 2714 2716 2718 2720 2722 2724 2726 2728 2730 2732 2734</DataArray>
</Lines></Piece></PolyData></VTKFile>