<?xml version="1.0"?>
<VTKFile type="PolyData" version="0.1" byte_order="LittleEndian">
<PolyData>
<Piece NumberOfPoints="2688" NumberOfVerts="0" NumberOfLines="1344" NumberOfStrips="0" NumberOfPolys="0">
<CellData>
<DataArray type="Int32" Name="edge_kind" format="ascii">0 0 0 0 0 0 0 0 0 0 0 0 0 0 0 0 0 0 0 0 0 0 0 0 0 0 0 0 0 0 0 0 0 0 0 0 0 0 0 0 0 0 0 0 0 0 0 0 0 0 0 0 0 0 0 0 0 0 0 0 0 0 0 0 0 0 0 0 0 0 0 0 0 0 0 0 0 0 0 0 0 0 0 0 0 0 0 0 0 0 0 0 0 0 0 0 0 0 0 0 0 0 0 0 0 0 0 0 0 0 0 0 0 0 0 0 0 0 0 0 0 0 0 0 0 0 0 0 0 0 0 0 0 0 0 0 0 0 0 0 0 0 0 0 0 0 0 0 0 0 0 0 0 0 0 0 0 0 0 0 0 0 0 0 0 0 0 0 0 0 0 0 0 0 0 0 0 0 0 0 0 0 0 0 0 0 0 0 0 0 0 0 0 0 0 0 0 0 0 0 0 0 0 0 0 0 0 0 0 0 0 0 0 0 0 0 0 0 0 0 0 0 0 0 0 0 0 0 0 0 0 0 0 0 0 0 0 0 0 0 0 0 0 0 0 0 0 0 0 0 0 0 0 0 0 0 0 0 0 0 0 0 0 0 0 0 0 0 0 0 0 0 0 0 0 0 0 0 0 0 0 0 0 0 0 0 0 0 0 0 0 0 0 0 0 0 0 0 0 0 0 0 0 0 0 0 0 0 0 0 0 0 0 0 0 0 0 0 0 0 0 0 0 0 0 0 0 0 0 0 0 0 0 0 0 0 0 0 0 0 0 0 0 0 0 0 0 0 0 0 0 0 0 0 0 0 0 0 0 0 0 0 0 0 0 0 0 0 0 0 0 0 0 0 0 0 0 0 0 0 0 0 0 0 0 0 0 0 0 0 0 0 0 0 0 0 0 0 0 0 0 0 0 0 0 0 0 0 0 0 0 0 0 0 0 0 0 0 0 0 0 0 0 0 0 0 0 0 0 0 0 0 0 0 0 0 0 0 0 0 0 0 0 0 0 0 0 0 0 0 0 0 0 0 0 0 0 0 0 0 0 0 0 0 0 0 0 0 0 0 0 0 0 0 0 0 0 0 0 0 0 0 0 0 0 0 0 0 0 0 0 0 0 0 0 0 0 0 0 0 0 0 0 0 0 0 0 0 0 0 0 0 0 0 0 0 0 0 0 0 0 0 0 0 0 0 0 0 0 0 0 0 0 0 0 0 0 0 0 0 0 0 0 0 0 0 0 0 0 0 0 0 0 0 0 0 0 0 0 0 0 0 0 0 0 0 0 0 0 0 0 0 0 0 0 0 0 0 0 0 0 0 0 0 0 0 0 0 0 0 0 0 0 0 0 0 0 0 0 0 0 0 0 0 0 0 0 0 0 0 0 0 0 0 0 0 0 0 0 0 0 0 0 0 0 0 0 0 0 0 0 0 0 0 0 0 0 0 0 0 0 0 0 0 0 0 0 0 0 0 0 0 0 0 0 0 0 0 0 0 0 0 0 0 0 0 0 0 0 0 0 0 0 0 0 0 0 0 0 0 0 0 0 0 0 0 0 0 0 0 0 0 0 0 0 0 0 0 0 0 0 0 0 0 0 0 0 0 0 0 0 0 0 0 0 0 0 0 0 0 0 0 0 0 0 0 0 0 0 0 0 0 0 0 0 0 0 0 0 0 0 0 0 0 0 0 0 0 0 0 0 0 0 0 0 0 0 0 0 0 0 0 0 0 0 0 0 0 0 0 0 0 0 0 0 0 0 0 0 0 0 0 0 0 0 0 0 0 0 0 0 0 0 0 0 0 0 0 0 0 0 0 0 0 0 0 0 0 0 0 0 0 0 0 0 0 0 0 0 0 0 0 0 0 0 0 0 0 0 0 0 0 0 0 0 0 0 0 0 0 0 0 0 0 0 0 0 0 0 0 0 0 0 0 0 0 0 0 0 0 0 0 0 0 0 0 0 0 0 0 0 0 0 0 0 0 0 0 0 0 0 0 0 0 0 0 0 0 0 0 0 0 0 0 0 0 0 0 0 0 0 0 0 0 0 0 0 0 0 0 0 0 0 0 0 0 0 0 0 0 0 0 0 0 0 0 0 0 0 0 0 0 0 0 0 0 0 0 0 0 0 0 0 0 0 0 0 0 0 0 0 0 0 0 0 0 0 0 0 0 0 0 0 0 0 0 0 0 0 0 0 0 0 0 0 0 0 0 0 0 0 0 0 0 0 0 0 0 0 0 0 0 0 0 0 0 0 0 0 0 0 0 0 0 0 0 0 0 0 0 0 0 0 0 0 0 0 0 0 0 0 0 0 0 0 0 0 0 0 0 0 0 0 0 0 0 0 0 0 0 0 0 0 0 0 0 0 0 0 0 0 0 0 0 0 0 0 0 0 0 0 0 0 0 0 0 0 0 0 0 0 0 0 0 0 0 0 0 0 0 0 0 0 0 0 0 0 0 0 0 0 0 0 0 0 0 0 0 0 0 0 0 0 0 0 0 0 0 0 0 0 0 0 0 0 0 0 0 0 0 0 0 0 0 0 0 0 0 0 0 0 0 0 0 0 0 0 0 0 0 0 0 0 0 0 0 0 0 0 0 0 0 0 0 0 0 0 0 0 0 0 0 0 0 0 0 0 0 0 0 0 0 0 0 0 0 0 0 0 0 0 0 0 0 0 0 0 0 0 0 0 0 0 0 0 0 0 0 0 0 0 0 0 0 0 0 0 0 0 0 0 0 0 0 0 0 0 0 0 0 0 0 0 0 0 0 0 0 0 0 0 0 0 0 0 0 0 0 0 0 0 0 0 0 0 0 0 0 0 0 0 0 0 0 0 0 0 0 0 0 0 0 0 0 0 0 0 0 0 0 0 0 0 0 0 0 0 0 0 0 0 0 0 0 0 0 0 0 0 0 0 0 0 0 0 0 0 0 0 0 0 0 0 0 0 0 0 0 0 0 0 0 0 0 0 0 0 0 0 0 0 0 0 0 0 0 0 0 0 0 0 0 0 0 0 0 0 0 0 0 0 0 0 0</DataArray>
<DataArray type="Float64" Name="conductance" format="ascii">0.00048011288863053866 8.026431388642438e-05 0.00025860576559964506 0.0002263004379459127 0.0004807650312914448 2.8412963327973115e-05 3.57362018367044e-05 8.145750447362912e-05 9.742920461523817e-05 0.00010332925381110961 0.002089092163831809 0.00021453968423361245 0.0028892521831688062 0.00040323480569510203 0.0003853925271602616 0.00010982626422049223 0.00011749326047476838 0.00013942730733027933 7.439023425767631e-05 0.00017062042319360726 0.00015361815895670322 0.00011656656184501941 0.00017590105563975957 0.00016208265267497228 0.00020252031926507424 0.00012651796221321675 0.0001654351504862933 0.00026681419412236297 0.00037753510499857214 0.0001150644350412894 0.00019608359694491386 0.00033465070727406145 3.4236567371852146e-05 0.0001518874300118425 0.0002134922021847302 0.0001323087449815418 0.00027489812400308865 0.0005011992111195675 0.00017911750538722755 8.215615806802571e-05 0.0003348436564106259 9.610346689613537e-05 0.00016377054013360523 0.00021084575253223534 0.00020054635208522031 0.00020962854094540837 0.0001694420867525751 0.0002147659076055922 0.00013629361359318516 0.00018414572608908998 0.00022543855350108408 0.00025469140065073034 0.0001920419114645179 0.00036253712391150526 9.059204544613048e-05 0.00015886153069011433 0.0001161222325089358 0.00011582537672056319 8.049384996248232e-05 0.00024352951834937311 0.00013247891115846164 0.0001582141940028205 0.00020743269618806172 0.00022103764203992214 0.0002897943889666109 0.00017702316789869744 0.00020174757704039805 0.0005039686107830046 0.00018725677723089654 9.39965259877223e-05 0.00013856640651711575 9.619911386030074e-05 0.00017158595680813276 7.546867281586383e-05 0.00010101408311418211 9.658934929767589e-05 7.389028901799066e-05 0.00014514372426548705 8.741956024319438e-05 0.00026215030841082786 0.00020433747405641597 0.00023122402053852033 0.0002537998325966952 0.0001652979811871802 0.00019882830651453488 0.00018134130341811467 0.00020687866876496237 0.00018729981471278477 0.0001027653252314837 0.0001035968967511693 0.0002100909243209678 0.00011507231736607583 0.00022720031578734665 0.00020180922733943548 0.00018840198527955674 0.00022064930548251895 9.929302310022467e-05 0.00010235609104661868 0.0007673579681385946 0.00026360313215914415 0.0003086661262994815 0.0002345044170322741 0.00025910123318936276 0.00016526200273455177 0.00014393988968889956 0.0005132539928432398 0.002638708329149234 0.0007503969102883128 0.0016720527164923598 0.00020298078741676226 0.00016577466180920094 0.00015985181634852502 0.0001552821934502107 0.0001137358661539431 0.00020654431363574107 0.00015942958150177592 0.0002535244111421846 0.00025281162837650743 0.00034030873025498923 0.0003196056502106483 9.258200997725515e-08 2.607409027044176e-06 0.00014717897811143322 0.00018099181957951008 0.0001930003263122822 9.183258356830357e-05 0.00012827086775489836 0.0002111698176455989 0.00023896519781000164 8.665041464833596e-05 3.229864319334282e-05 0.00017319819952216957 0.00011757161121629375 0.0015749418032369616 0.0026401407304155054 0.00037639826784851074 0.00019818330772862738 0.00020215418174793952 0.0002005378704812022 9.84522833842909e-05 1.6149945205032283e-05 0.0002744931829742289 0.0003877688550498639 0.00021363442549042513 0.00012162050562351515 0.0001423708451979898 0.00013970455611077954 9.841272153371062e-05 0.00013349741940613783 0.00018742452482627765 0.0002721529064217939 0.00026510288153292947 0.0003140419458376136 9.194271846480376e-05 5.222248124647088e-05 0.00010099145825073305 0.00023357444219341747 0.0002632317214159628 0.0003025642397406344 9.842533324135951e-05 0.00016778568713106127 0.00021104255806657563 0.00016454688829114898 0.00019392456596932433 0.0003598836832476566 9.61707493220575e-05 0.00011015069034891982 1.5178624022959625e-07 2.027691409657084e-06 0.0003996521849172151 0.0002842565757020996 0.0002034303991962825 0.001257096246672137 0.00032315765081875443 0.0003936811664271825 6.011950486685201e-05 0.002894879850355989 0.0004211126283640576 0.00019323683870987654 0.00019060560312320296 0.00015884408466604135 0.00012783878735346513 6.724205085359644e-05 0.00030591108090388664 0.00017063831628986832 0.00017638719282172543 6.397789226966862e-05 6.287939080079618e-05 6.304557649011562e-05 7.560713721139777e-05 9.418279975788004e-05 0.00020017556531928306 0.0003751866718890136 0.00016630181103273294 0.00016430530671446422 0.0001062791341303298 0.00016053822077249385 8.832975431600269e-05 4.529774199737283e-05 0.00011046847888923887 0.00031493751423116925 0.00017854905415550196 0.0022781295657798547 0.00021201952618348112 0.00022581766519638055 0.00014241218630652733 0.00024550559531530175 0.00013438323217348393 0.0002061695769092953 0.00020905972685022927 9.125759007904064e-05 9.25317117547464e-05 2.627180330545577e-05 9.59655611825503e-05 6.23342809911542e-05 0.00016182779006590383 0.0003011268283492435 0.0001597965218524611 0.000177262549776603 0.0001895532262538119 0.00014682680040002595 0.00014100751226930967 0.00020592212300237146 0.00019060509284183006 7.65058481362347e-05 0.0001864090753380146 0.00014641190669037758 0.0002079926478527539 0.00011463495943250327 0.0001679073961851943 0.00017070866914932614 0.00017929951475340804 0.0002050722737493163 0.00011004439871673574 0.0001159440611670822 0.00014084458817990254 0.0002114903852052954 0.00014249843377806714 0.00012187046384489858 0.00022210204220030327 0.00022150558090317361 0.0001111700151198886 0.0001130678039436979 5.401219211974631e-05 0.00016852967838082463 0.0002370766149472577 0.00020696600830975482 5.649150058861429e-05 0.0002149611194594578 0.0001685758425323412 0.00039271886127656576 0.0001825933761059195 0.0003062042186172061 0.00030434823040163676 0.0003226548495855461 0.00021904444566207395 0.00010331599333293847 0.0002081162755745296 0.00037736915933105704 0.00014409089466671575 0.00012498220155477349 0.00020213846866471674 0.0002376369842105418 4.714116187177423e-05 0.0018599391065620286 0.00032664490905387196 0.0015149410638030758 0.00022203167989529618 0.0001888471085931124 0.00035639652889758044 0.00017134599255421427 0.00012180428141910704 0.0001754837063661289 0.00011861688326240205 0.00014531705377686426 0.0002669598709407866 9.528543331848311e-05 0.00011521589728005892 0.00018964820803721538 0.0001748986582730727 0.00017637791065013136 0.00019889983727613332 0.00012860357456975918 0.0002085367749716168 0.00014077868246071005 0.0001900898852614822 0.0001942395553385494 8.219946413234768e-05 0.00013294729368955454 8.865948120765056e-05 0.00017000920066071213 3.511605776305782e-05 0.00010036134089083876 0.00019522894708508083 0.00017800069657876718 0.00013654486292661374 0.00020748225827917538 0.00028362832641529596 0.00020881244190027514 0.00020784875353473445 0.00020069099469622733 0.00020069895425078226 0.0002003118959320181 0.00037727023512707685 0.00014261136348024472 9.53314248037402e-05 0.00012318336215783683 0.0002339581736455668 0.0002476018899297523 0.00022437978448715297 0.00010043566975671123 0.00010341038179037964 0.00020042821841597723 0.00015438781215325315 0.00017436085768487059 0.00010094226737341423 7.905316243500851e-05 0.00010187101075724223 6.557462762145419e-05 0.00022832634142266444 0.0002023869615991612 0.00017804788900252754 0.00017814099884635228 0.00015061475269419268 0.00011542780734845434 0.00012857978671132475 0.00013123470054019268 0.0001270155509466475 0.00022320688494502288 0.00016850805550473025 0.0003967254925923439 0.0002105421372789732 0.0002867264348426048 0.0001787476012561075 0.00019545195612005712 0.00019083259216406327 0.00016415126602943385 0.00018395348570924324 0.00011951648666230969 0.00017915075515304038 1.68330927231373e-07 3.496136477472141e-06 0.00024041192944193482 6.106529196847387e-05 0.00012002882574655148 0.00028576069836358655 0.0003463052797025409 0.00022062726345351724 0.0001452486051500284 0.00015697646784665985 0.00013260441590694864 0.00018403624468748357 0.00019517418652748172 8.519312284575779e-05 0.00013687358013750873 0.00028085905153441985 0.0002742226031420012 0.00022407406113509844 0.00023326728377805984 5.413419851327832e-05 0.0001884232846597113 7.566088692760004e-05 0.00015005493499028544 0.00014492422024625117 0.0001374307813808418 0.0001809749803541238 9.70905117767704e-05 0.00019203053074270837 0.00016055710003586913 0.00019632780699388078 0.00012378411397437637 0.0001365867294022754 0.00015360571354869885 0.00017124518808125743 0.00013363249551067794 5.3809516377063456e-05 0.00023277363718023084 0.00012162754104053944 9.736739661539902e-05 0.00017628804019798836 0.0004356679327358412 0.00020078270661945876 0.00024716064130804466 0.00014659785712169235 0.00030644405482665234 0.0001911256173246778 0.00027541636784967716 0.0002620049053134014 0.00017537790503139794 0.0019178790089446301 0.0026597063367139384 0.0002378366452630495 0.0005156532586457111 0.00037626296455077636 4.912334338516291e-06 0.00024056679454152196 9.214028475278996e-05 0.00024128204951625237 0.000167436531069054 0.00012147027912676207 0.0001615065821814994 9.699181792695253e-05 0.00019525021517682428 0.0001761987171363035 0.0001723712886072635 0.0001790729183287665 0.00018460860439616726 0.00019821392388931323 0.00015413651089064696 0.00015369477036016087 0.00018519933543203576 0.00019881583715334857 0.00015736366645735167 9.042358819946378e-05 0.00017902147873366056 9.0005106059087e-05 0.000183395461208674 0.0003963164680736407 0.001255531912291352 0.0016333408682076649 0.00032610611311851005 0.00031297953731971147 0.000418186095504597 0.0003180484543773051 0.00012703296015450187 0.00016977729052564168 0.00013479953616411789 0.0002242925097052634 0.00019053253960802502 0.00023513470293201947 4.005806382256708e-05 0.0001130429970235883 0.00018195896188479888 9.328865356896874e-05 0.0001986966514540127 0.000166198907220102 0.001881613972063663 0.0003156180554835838 0.00207191353061724 0.0001606485175335641 7.14968666441356e-05 0.00019286045802329517 0.0002368702857611816 0.00019869772354799695 8.076486636803455e-05 0.0001931420184754977 0.0002520833748576846 0.00020313525422560843 0.00023399022281482594 0.00023225166449613877 0.00015952325884204324 0.0004171461154832705 0.0003475528980029303 0.0003310050749206804 0.0001939123237926983 0.000207531544962596 0.00023375910937149975 0.00019271764803418167 0.00019296278793425945 0.0002924964475840979 0.00018999814174438175 0.00010747891595402192 0.00019631794382394827 0.00011422568431622521 0.00024259949390953626 0.00018875831006260886 0.00018131761033638987 0.00029968533453057365 0.00014505759026882433 0.0001257514907067839 0.00011687256170212108 0.0001816074850737575 0.00019481065864280182 0.00014835449078849186 0.0002029166260509779 0.00024946197599452525 0.0002506166094909651 0.00021188682522828864 0.00010901817120920537 0.0002666695071341965 0.00022368465595424641 0.00015702876887249668 0.00043658222456180717 0.00021356614163023892 0.00014138999917190535 0.00027585430379782784 0.00021684205606682 0.0001378744814762621 0.0003128953111500969 0.00027021346892561123 0.00022863045519536712 0.0002807908177416697 0.0001104948858116526 0.00018139642194639287 0.00018634268493651222 0.00023101491501886095 0.00019619305113676772 0.0001002271444095975 0.00014812916282915464 0.0001064885750469298 0.00014213460014374764 0.00011189070140294144 0.0001878813532457623 0.00025981867443155795 0.00011868699043580392 0.00028377148967191455 0.00020039273996780757 0.00015097040181850048 9.557601815782967e-05 0.00012765868792262658 0.00011626772007823416 0.0002160379656131248 0.00017493014452069558 0.00020853285930391135 0.00026144902402786376 0.00023581183700238266 0.00018338555022799448 0.0002267755359196402 0.0002187862495687226 0.0001807149922640004 0.0002810009749545124 0.00013934526382101639 0.00011518465871137398 0.00020835277838397108 6.43340375755962e-05 0.00020441387513851748 0.00026962126571261136 0.00023104258487102286 0.00026826643845729567 0.00029885053600463236 0.00018268753444813257 0.00012413849519779302 0.0002181190817587229 0.00010226746731816975 0.00012129383770387187 0.00023069857793124864 0.0002391695659765704 0.00026533101948444867 4.714322769371547e-05 0.0001993986146776966 0.00020363808848542048 0.0002337196059060058 0.00019980428395521835 0.00020874821767879909 0.0002158031612196458 0.0001904591541359925 0.000269142726193358 0.00015519483165366696 0.0001920324463643338 0.00027139913219664954 0.00020711494136761678 0.00035608282209074614 0.00026572403233995516 0.0004115878450702721 0.00024190451734845157 0.00012559017977465276 0.0001546150518718817 0.00022877604148624327 9.93592720003932e-05 0.00024098329220483748 0.00018868807459724083 0.0003776955479940485 0.00025607513165241307 0.0002723137790161193 0.0002342263636236544 0.00019007812353700226 0.00013302157226792108 0.00016100617607881851 0.00014783623058090003 9.756733167943043e-05 0.00015185594230017054 0.00012130701480548152 3.933315258019113e-05 0.00022889809341999903 0.00021473652459734886 0.00013940748034489887 0.0002675916247231397 0.00020928000352379026 5.037357226225252e-05 7.871926243086284e-05 0.0002026956564249087 0.0002281056084994194 0.00014903212489536597 0.0002261946524792007 0.0022124877639486213 0.0002021786132903565 0.0021830824738498377 0.00012903346687879503 0.00012583031825029442 0.00012640048485149176 9.525520549130816e-05 0.00011511194582332781 0.0001211343154498823 0.00020230977722920378 0.00020967198969447 0.000418751333683033 0.0002017127550657426 0.0003808232339205556 0.00022397592978282477 0.00012288677546998998 7.895875506309924e-05 9.607510922568097e-05 9.508415733263385e-05 5.13521824755681e-05 0.0002127131925152182 0.00016411456813980596 0.00023251455391850695 0.0003214941529757991 0.00017059586943655907 0.0001706576044631434 2.8878010504058513e-05 0.00012969201797523292 0.00011709575850954287 0.00018961385665881974 0.0001626776461916367 0.00020056541729570202 0.00017861242908018754 0.00012145718361471218 0.00019475385099586347 0.00020605017346453928 0.00018686243273299637 0.00023770897247262927 0.0002562569476253883 0.00020369996678554767 0.00027225311857922556 0.00010868371567272847 0.0001865431800510767 0.00011894198846113782 0.00022762996894769264 0.0002487113392931403 0.0002553807034082955 0.0001125150012058564 3.908122087742299e-05 7.674762744019313e-05 0.000257809914090506 0.00015831122443356406 0.00018742073268065518 0.00025894365255434674 0.00026779608638397245 0.00020974375384314313 0.00013638436346668657 0.00017106853603868146 5.1068099268833184e-05 0.00016412650907790075 0.00017248480040510904 0.00023087090234280927 0.0001491452096618407 0.00018820250349258272 0.00020459655792529486 0.00029357215514447623 0.0003216182175650722 0.0003502443523601657 0.0002313783947108072 0.0003007713666854703 0.00032105122076988744 0.0001551458535623872 0.0001585766432059675 0.000166884321439568 4.72121430460945e-05 0.00013546274457114293 0.00027098030435384696 8.082351539224204e-05 0.0001435031174567431 9.566165189409454e-05 0.00017070533096207881 0.0001905237847034619 0.00017931492756943635 0.00020580323624931236 0.0001912283712650349 8.55224458996074e-05 0.0001370464911259058 0.0001250146541524239 0.00015134654621675792 0.0004064564690559837 0.0003000232597605339 0.0016700004434604312 0.0002295989472218293 0.0001122246898143906 0.00013454082006415647 0.0002373875910710583 0.00026800303876678503 0.00010717146284142753 0.00011829432599106594 9.4216495525033e-05 0.00013466800719838312 0.0003893773023459554 9.199871731671884e-05 0.00017127158175768239 0.0001899283271961581 6.085313572520398e-05 6.112789666823074e-05 3.901369348170514e-05 8.26338743854147e-05 4.567418183455903e-05 1.0540925533894598e-07 0.0001988680806457075 0.0003866340827665807 0.002992766099646049 0.00021785257912518014 0.00047675141174842364 0.0021642063520420545 0.002975873574396718 0.0004210309565287527 0.00043964955244339666 0.000141440949120104 0.0004866794415657816 0.0005043069398929585 0.00015388749747042758 0.00022831092287046694 0.00012355090071369744 9.153865403620032e-05 9.267601180155857e-05 0.00038591107473004915 0.00012191675319749797 0.00013381399206046352 0.00022186652298201087 0.0001659785757083793 0.00044861976311073084 0.0002343200062359699 0.00023757553187526043 0.00010946275579393037 0.00025575023553669443 0.00014193130368495962 0.00019315353409442355 0.00012690005234216234 0.00020566998469909062 0.00016012706051494858 0.0025310960993215528 0.00034878987085556725 0.0026960966750095676 0.0021796997738539694 0.000532471655774985 0.00016241086008083146 0.00018941218096148792 0.00019773366459565464 0.00011471510172101593 0.00012757855285737066 0.0001997484893931321 0.00023324566342239998 0.0002452829595993555 0.00021373788854868797 0.0003019656936994635 0.00027370817547762695 0.0001768439580343684 0.0003141535752101042 0.00017919001962194624 0.0002499575991236726 0.0002329796284095699 0.00020462689995263118 0.00023187139417711792 7.311849277090581e-05 9.01801236260044e-05 0.00018587728927564763 0.00019834630770935018 0.00011737288260450549 0.00024299155400360722 0.0001407496775951689 0.0001836642006559092 0.00014655831043795575 9.536207486191059e-05 0.00021169755164336852 0.00029899837797344304 0.0003190291034346046 0.00024588403264352046 0.00015666754964432084 0.0002882106908841833 0.0002774380158465534 0.00025026728288408533 0.000387646094907225 0.0030685418148922172 0.00018604223943103796 0.00022545828409243853 8.37898343694963e-05 0.00021685609609611183 0.0002137630049516238 0.00015789764744175984 0.00016416689467936126 7.089124627819964e-05 0.0027129297755124 0.00044974246033405754 0.00036653359423892385 0.00019229694558110902 0.00015313869050164394 0.00014146187887853135 0.0023453802250985112 0.00032145033404460126 0.0005529462519694768 0.003205907972507651 0.00024021064930968163 0.00019138344042771065 0.00022931427390375186 0.00023047565095868784 0.00014483775544022118 0.0001550910025971478 0.00029639761393775394 0.00027198435081513087 0.00022036212067873487 0.00022745795991527474 7.103621456003534e-05 0.00027136396372555064 0.00015795577095193975 0.0001777822373860169 0.0003822047120675872 0.00017090367661223488 6.660340868016092e-05 0.0002584396574076217 7.036517839571248e-05 0.0002570489948733101 0.00040182779404565193 0.0002631185229879444 0.00040621008987007634 0.00019438476553543843 0.0002716270050321718 0.0001634257524612526 0.00012115230463816209 6.416463331526151e-05 0.00016354170451550527 0.00020107625470824764 0.00012005733633904282 0.00020461610059195417 0.00024991543258983355 0.00022319134147947423 0.0003651599525892772 0.00024437662079462505 0.00029303067615883655 0.00020691045183884247 0.0001154511006980673 0.00015879651646415627 6.98390802279997e-05 0.0001046614226551398 0.00024044390191924793 5.3568164438995345e-05 0.00019062729817377817 0.0002575431346821818 0.00024132346106073296 0.0001453255430470997 0.0001252082250746614 0.00017094185653402202 0.00011825748479682091 0.00020565064401009591 9.628119008310354e-05 0.000153818989059719 0.00022672979830887563 0.00021164868183049364 0.00024062393004606973 0.00047647065395314874 0.00017669206343263387 0.0018368681337922288 0.000332254723283863 0.00021719567090095637 0.00012491168509321307 0.00013540328889736166 0.0001382409708183425 0.0022217993353434804 0.00028619622372664995 0.00028677352993708986 0.0004756925731268297 0.0005265975087025674 0.00018940159699551776 0.00021993774193510964 0.00025716375002034675 0.0002197124562052941 0.0002499200817287766 0.0002683344108196338 0.00013200477666179842 0.00029590226113057947 0.00019690008192881772 0.0001682845939705563 0.00021010344613982832 0.00023858947022785206 0.00015526288165181693 0.00025055963979310036 0.00026655105477867987 0.0002913881379959238 0.00018683787694866074 0.00013313821579723394 0.00023948549071505477 0.0002673359068494938 0.000227998277124608 0.00025463271110666186 0.00021928632843244158 7.313148902701023e-05 0.00024566647759452845 0.0002078567552000423 0.001810326596697735 0.00019073956249524007 0.00012682506561705197 0.00022558965122423133 0.00018442319895594917 0.00018777842199908516 0.00020378424903302487 8.696522572585765e-05 0.0002364397213910979 0.00020775715235548352 0.0001487919053114712 0.00020370314809295867 0.00022416018016620522 0.00013416640359857875 0.00026677944813250477 0.0002660098387197253 8.706380645234637e-05 0.00018778309599032698 0.00016479073293919463 0.000530263535990009 0.00012672708439494427 5.8441884135266754e-05 0.00016087028612139467 7.294133647911968e-05 0.00036971410677872545 0.00047625697066630367 0.000499046307750413 0.0002043579457947476 0.0002080332137016886 0.00024400905839507965 0.00039742325992926647 0.0002800175488841049 0.0002752200607858082 0.00012596825448152413 0.00021145678949370295 0.00016418248598037554 0.00011075298161878327 0.0002817589660034733 0.00023540231895423426 0.00036788936003641164 0.0015087744908351363 0.0002675339490602874 4.412422462562926e-05 0.00015494662283697426 0.00013296842781314354 0.00010947899562819916 0.0001136264488884452 0.000203168449903381 0.0002679305473934914 0.0002295155595298696 0.0001751261705300184 0.00014689962684795292 0.00017217952071822804 0.00016440078766946043 0.0001421108409596323 0.00024200868526372444 0.00023026463508329958 0.00026681062823249893 0.0002901980757380923 0.00024031102717391448 0.0002832421188102985 0.00023888562843917582 0.00015690655675497665 0.0002025150126736421 0.0002389417897729365 0.00017191196603370031 0.00011920561786802745 0.0001334069092946202 0.00015596351944964845 3.1999969083912376e-05 3.345572986913467e-05 3.555094235042289e-05 2.8592498420751283e-05 8.677557642126652e-05 0.0001671864854988651 0.00044433274261416274 0.00021583796795008394 0.00022931578394875624 0.00023203744554102542 0.0002442473346706868 8.559952205700261e-05 0.00018999121470936937 0.00016091871813898715 0.00023825274180451654 0.00019429351794472848 0.00014080737418522632 0.0001394554508944384 0.0001688026780541101 0.00038382434760113364 0.00017696714711659952 0.0002484567488705593 0.00029223433568091616 0.00017233038160643344 0.00020395740526390796 0.00012788827559617445 0.00019666894243729213 0.00019876344915058063 0.00017094249058422292 0.0001517833939759819 0.00016151567296295236 0.0002363670129572817 0.00016833123885138008 0.00017147422677471526 0.00015522151701000413 0.00015852860846703602 9.847813334319299e-05 0.00028053389178958317 0.00021000998302746283 0.0002727404211327615 0.0002199187862040981 0.00020370171740992157 0.0001291535686087346 0.00015183106074778322 6.476079446429773e-05 0.00026212016961005464 0.00013229521075361103 0.00017765475304277496 0.00015896258420521216 0.00015239181302548432 0.00025636533953086354 0.0002587963663051394 0.00023571340700604182 0.00025975297060978534 0.00019509256573338693 0.00021066383923875546 0.0002116662496899395 0.00039872718583566834 0.0005102794980337212 0.0028310191733954488 0.0035114455897605245 0.00017349216189962275 0.0001876786819713285 0.00020411993951960787 0.00017723243739128618 0.0001271404381047859 0.00011980655922553529 0.00034844087372599264 0.00017149721462980774 0.000587732254746324 0.0005920597395952919 0.0004285072072969303 0.0020778580865403696 0.00017553320586665439 0.00014400594112892515 0.00018842695275007206 0.000146573737389466 0.0001255457000927604 0.0001759114265814575 0.00021731257217540089 0.00035492870731272495 0.0002655053136373409 0.000279311514050376 0.00020464488439918396 0.0001535592479659648 0.00016102376742453082 0.0001572171843198381 0.00033769869146523126 0.0018059330260851135 0.000496086403432528 0.0002898928258345659 0.0002767106171531412 0.0005301515095273396 0.00019773566647844084 0.00021331664325882236 0.00023812579487057604 0.00025493936849698274 0.0001956042611835099 0.00023402761944254567 0.0027076992618892868 0.0002887780094437758 0.0029607307855723975 0.00013278717822508997 0.00024311161140085823 0.00020314416842352544 0.00042530416563225264 0.00047469264069342694 0.00025618075784323695 0.00020998737365227085 0.00028409383781102235 0.0002637545887456051 0.00032654023046289936 0.0002734306938570738 8.166215197051856e-05 0.0003051414814454433 0.00020250264310842192 0.00020571699934027687 0.00010771806321981683 9.39850095214832e-05 0.00012516795162944604 2.730895032767219e-06 0.00030224701574176424 0.00045653488922307064 0.00019068159428222822 0.00019957826987383837 0.00024373121563694543 0.00047238004132365245 0.00025536438292275866 0.0003705149661265021 0.00014921799189691862 9.768843439586862e-05 0.00020396563322837156 0.0002466521030434266 0.0002218299507321145 0.00023691808769029767 0.00041525704119141094 0.00026103954488771087 0.00019099869220791604 0.00025697087700671435 0.00017673628950469413 0.00016353315029628366 0.00015145887980652363 0.00018181204092459238 0.00013869626590205014 0.00037173609573976524 0.0002017331896703427 0.0002583023725341251 0.0002755298285761006 0.0001356002813355818 0.00022995090088327602 0.00021942110187392612 1.451732054573865e-05 0.0002155111240046283 0.00010520038615354429 0.0002602694258387007 0.00018843283871478403 0.00020518168889902268 0.00021128622990097858 0.00022743694609591225 0.00047821869450966265 0.0030871665377687485 0.0031235572696133424 0.0001516524710328223 0.00020540599862831145 0.0021656446451085746 0.00036491849737625264 0.0002492111543378628 0.00029100649267096193 0.00027705000375465694 0.00030621871125638 0.00020589828016091924 6.064493314230187e-05 0.0002699223749009814 3.023872675787526e-05 0.0003392463878598427 0.0002840869836629303 0.0002651890052861845 9.039028909943284e-05 0.00019034091624203447 0.00020839581243545726 0.0002195911310131591 0.00014764724962752822 0.000276419881802178 0.0003841767056956284 0.00022748066814419282 0.0003361960050469273 0.00011556792998127356 0.0001603743517333406 0.0001433563650293147 0.0002218868299328749 7.564091756082573e-05 9.84127793345793e-05 8.693198194417606e-05 0.00017596987548897466 0.00013725656238004562 0.0001631754437426386 0.00020432006625309453 0.0019246442394009913 0.0002659621051248276 0.0027062529273095344 0.0021519771599715887 0.00016928762474167948 0.00021637805040785376 0.00011498221192149163 0.00013562585242235645 0.00012016101495657738 0.00020064418149887524 0.00024648182127529235 0.00013336432228424006 0.00022548971631537463 0.0001842810535150904 0.00020298885528026708 0.000323059157076824 0.0004023583929182017 0.00021481900191968147 0.00013889018575517157 0.00024910051469030257 0.0001925236700213396 0.0005807043671904596 0.0001610119811437982 0.00027084442079379663 8.258564822383447e-05 0.00010423409565926425 0.00025580534550461543 0.00016321893272843387 0.00024139474731069702 0.0001704364012049205 0.00015211137604037074 0.0001680048048206898 0.00015057003618212152 0.00023345743888292524 0.00025676733619415534 0.00017562287297661 0.0002835793280773169 0.00024064161125051574 0.0001807413841614862 0.00024391182645239727 0.00018775914595804552 0.00017032620231079653 0.0001714902213164972 0.00014259236535939877 0.00019249260077091934 8.381682331429297e-05 0.00011064979947178728 0.0002465371034575406 0.0002604705198534533 0.00028906772191781313 0.0003129591684851691 0.0001783032824522159 0.000317220970712841 0.0001441194645254226 0.00018151575394942642 0.00010721278174153754 7.462546672219583e-05 0.00018885924552335272 0.00016202982537307268 0.00019606113673231658 0.0001296785424461566 0.00015367984219302993 0.00025178989563285264 7.904427922636166e-05 0.0002172800052873349 0.0003785816127868002 0.0001759716925414308 0.00012177324635442535 0.00196933088088588 0.00016693070211988326 0.000164962041584697 0.00020179571618195158 9.56630987871469e-05 0.00020310837851221844 0.000235984600257466 0.00023120289052999332 5.1114902364233925e-05 0.00015185998617542432 0.00045968611133225765 0.0001476879765427252 0.00024370678197786793 0.0005388445311325783 9.6730288539178e-05 0.00025419355759544556 0.00029715680335961345 0.0001597082294627398 0.0002416416943038273 0.00023948095426628912 0.0002855200505235825 0.0005403244807979477 0.0006027886077754578 0.00013818237110535967 9.990168949279203e-05 0.0002261764164744676 0.0002760756550436357 0.00014108202645105454 0.00016968466790119932 0.0001845462604118789 0.0005237661176462207 0.00026428775512371566 0.00012021863623214486 0.0001545670957491868 0.00015653890988518088 0.00012559614028095724 0.00023732262251698494 0.00024398451148375516 0.00033366188315832096 0.0003123379474751461 0.0002401173794376609 0.0001872790542555202 0.00024363143231408217 0.00023576253454182515 0.000415176290896001 0.001093789248634419 0.00011502645450849968 0.0002714023509093524 0.00028608656143609706 8.906145048535322e-05 0.00022731569360265672 0.00026426683918282597 0.0002801587701576361 0.00025405111656549845 0.0002988981418503863 0.0002488598725469814 0.0002618206659507806 0.00017351786645250375 0.00023549321166669053 0.00033047335497268343 0.0002288725516826126 0.0002109947684312703 0.00024824330994489016 0.00022981707169040752 0.00021128408355177987 0.0002770104599809894 0.00026350552570973695 0.00025418104986945104 0.00022063279124458603 0.0003193383963103514 0.0003056569917684819 0.0003554116069513629 0.0031447013020245744 0.0001672839879676092 0.0002869259702635494 0.0004960483828161671 0.0003855877530195629 0.00032040418786556186 0.0003582380182427317 0.00018825684845664748 0.0006198249447682065 0.00020443886895777331 0.0002908010675342284 0.00024406263226964462 0.0002779196969301679 0.00028786901141546065 0.0002653655375916405 0.00018710039991920636 0.00027997398271422584 0.0002088965860092237 0.0002783338838043901 0.0002292588452060619 0.00026719023396473154 0.0003325289017051561 0.0003529044228291276 0.001602722774405068 0.0002973481748040092 0.0002930584271117774 0.00033101637768744464 0.00023084753783861702 0.0002170124516398143 0.0001435130831068295 0.000263266120013487 0.003219260553108676 0.0002682540343867018 0.00029129663476818406 0.00030705751147859636 0.0002093544034721847 0.00022212885892983002 0.0002620153575093826 0.00021162109612951532 0.0001578575212072668 0.0001642874049568529 0.00018886117644398794 0.00023338723847147138 0.0003011011941618517 0.0003149178811414496 0.00017909747375455351 0.00021691996917106655 0.00025279608504002196 0.0005700933665399005 0.00017835354660557457 0.00013010726330652515 0.0003529785612411203 0.0004171823749671526 0.00015845506942835448</DataArray>
<DataArray type="Float64" Name="g_contact" format="ascii">0.00048011288863053866 8.026431388642438e-05 0.00025860576559964506 0.0002263004379459127 0.0004807650312914448 2.8412963327973115e-05 3.57362018367044e-05 8.145750447362912e-05 9.742920461523817e-05 0.00010332925381110961 0.002089092163831809 0.00021453968423361245 0.0028892521831688062 0.00040323480569510203 0.0003853925271602616 0.00010982626422049223 0.00011749326047476838 0.00013942730733027933 7.439023425767631e-05 0.00017062042319360726 0.00015361815895670322 0.00011656656184501941 0.00017590105563975957 0.00016208265267497228 0.00020252031926507424 0.00012651796221321675 0.0001654351504862933 0.00026681419412236297 0.00037753510499857214 0.0001150644350412894 0.00019608359694491386 0.00033465070727406145 3.4236567371852146e-05 0.0001518874300118425 0.0002134922021847302 0.0001323087449815418 0.00027489812400308865 0.0005011992111195675 0.00017911750538722755 8.215615806802571e-05 0.0003348436564106259 9.610346689613537e-05 0.00016377054013360523 0.00021084575253223534 0.00020054635208522031 0.00020962854094540837 0.0001694420867525751 0.0002147659076055922 0.00013629361359318516 0.00018414572608908998 0.00022543855350108408 0.00025469140065073034 0.0001920419114645179 0.00036253712391150526 9.059204544613048e-05 0.00015886153069011433 0.0001161222325089358 0.00011582537672056319 8.049384996248232e-05 0.00024352951834937311 0.00013247891115846164 0.0001582141940028205 0.00020743269618806172 0.00022103764203992214 0.0002897943889666109 0.00017702316789869744 0.00020174757704039805 0.0005039686107830046 0.00018725677723089654 9.39965259877223e-05 0.00013856640651711575 9.619911386030074e-05 0.00017158595680813276 7.546867281586383e-05 0.00010101408311418211 9.658934929767589e-05 7.389028901799066e-05 0.00014514372426548705 8.741956024319438e-05 0.00026215030841082786 0.00020433747405641597 0.00023122402053852033 0.0002537998325966952 0.0001652979811871802 0.00019882830651453488 0.00018134130341811467 0.00020687866876496237 0.00018729981471278477 0.0001027653252314837 0.0001035968967511693 0.0002100909243209678 0.00011507231736607583 0.00022720031578734665 0.00020180922733943548 0.00018840198527955674 0.00022064930548251895 9.929302310022467e-05 0.00010235609104661868 0.0007673579681385946 0.00026360313215914415 0.0003086661262994815 0.0002345044170322741 0.00025910123318936276 0.00016526200273455177 0.00014393988968889956 0.0005132539928432398 0.002638708329149234 0.0007503969102883128 0.0016720527164923598 0.00020298078741676226 0.00016577466180920094 0.00015985181634852502 0.0001552821934502107 0.0001137358661539431 0.00020654431363574107 0.00015942958150177592 0.0002535244111421846 0.00025281162837650743 0.00034030873025498923 0.0003196056502106483 9.258200997725515e-08 2.607409027044176e-06 0.00014717897811143322 0.00018099181957951008 0.0001930003263122822 9.183258356830357e-05 0.00012827086775489836 0.0002111698176455989 0.00023896519781000164 8.665041464833596e-05 3.229864319334282e-05 0.00017319819952216957 0.00011757161121629375 0.0015749418032369616 0.0026401407304155054 0.00037639826784851074 0.00019818330772862738 0.00020215418174793952 0.0002005378704812022 9.84522833842909e-05 1.6149945205032283e-05 0.0002744931829742289 0.0003877688550498639 0.00021363442549042513 0.00012162050562351515 0.0001423708451979898 0.00013970455611077954 9.841272153371062e-05 0.00013349741940613783 0.00018742452482627765 0.0002721529064217939 0.00026510288153292947 0.0003140419458376136 9.194271846480376e-05 5.222248124647088e-05 0.00010099145825073305 0.00023357444219341747 0.0002632317214159628 0.0003025642397406344 9.842533324135951e-05 0.00016778568713106127 0.00021104255806657563 0.00016454688829114898 0.00019392456596932433 0.0003598836832476566 9.61707493220575e-05 0.00011015069034891982 1.5178624022959625e-07 2.027691409657084e-06 0.0003996521849172151 0.0002842565757020996 0.0002034303991962825 0.001257096246672137 0.00032315765081875443 0.0003936811664271825 6.011950486685201e-05 0.002894879850355989 0.0004211126283640576 0.00019323683870987654 0.00019060560312320296 0.00015884408466604135 0.00012783878735346513 6.724205085359644e-05 0.00030591108090388664 0.00017063831628986832 0.00017638719282172543 6.397789226966862e-05 6.287939080079618e-05 6.304557649011562e-05 7.560713721139777e-05 9.418279975788004e-05 0.00020017556531928306 0.0003751866718890136 0.00016630181103273294 0.00016430530671446422 0.0001062791341303298 0.00016053822077249385 8.832975431600269e-05 4.529774199737283e-05 0.00011046847888923887 0.00031493751423116925 0.00017854905415550196 0.0022781295657798547 0.00021201952618348112 0.00022581766519638055 0.00014241218630652733 0.00024550559531530175 0.00013438323217348393 0.0002061695769092953 0.00020905972685022927 9.125759007904064e-05 9.25317117547464e-05 2.627180330545577e-05 9.59655611825503e-05 6.23342809911542e-05 0.00016182779006590383 0.0003011268283492435 0.0001597965218524611 0.000177262549776603 0.0001895532262538119 0.00014682680040002595 0.00014100751226930967 0.00020592212300237146 0.00019060509284183006 7.65058481362347e-05 0.0001864090753380146 0.00014641190669037758 0.0002079926478527539 0.00011463495943250327 0.0001679073961851943 0.00017070866914932614 0.00017929951475340804 0.0002050722737493163 0.00011004439871673574 0.0001159440611670822 0.00014084458817990254 0.0002114903852052954 0.00014249843377806714 0.00012187046384489858 0.00022210204220030327 0.00022150558090317361 0.0001111700151198886 0.0001130678039436979 5.401219211974631e-05 0.00016852967838082463 0.0002370766149472577 0.00020696600830975482 5.649150058861429e-05 0.0002149611194594578 0.0001685758425323412 0.00039271886127656576 0.0001825933761059195 0.0003062042186172061 0.00030434823040163676 0.0003226548495855461 0.00021904444566207395 0.00010331599333293847 0.0002081162755745296 0.00037736915933105704 0.00014409089466671575 0.00012498220155477349 0.00020213846866471674 0.0002376369842105418 4.714116187177423e-05 0.0018599391065620286 0.00032664490905387196 0.0015149410638030758 0.00022203167989529618 0.0001888471085931124 0.00035639652889758044 0.00017134599255421427 0.00012180428141910704 0.0001754837063661289 0.00011861688326240205 0.00014531705377686426 0.0002669598709407866 9.528543331848311e-05 0.00011521589728005892 0.00018964820803721538 0.0001748986582730727 0.00017637791065013136 0.00019889983727613332 0.00012860357456975918 0.0002085367749716168 0.00014077868246071005 0.0001900898852614822 0.0001942395553385494 8.219946413234768e-05 0.00013294729368955454 8.865948120765056e-05 0.00017000920066071213 3.511605776305782e-05 0.00010036134089083876 0.00019522894708508083 0.00017800069657876718 0.00013654486292661374 0.00020748225827917538 0.00028362832641529596 0.00020881244190027514 0.00020784875353473445 0.00020069099469622733 0.00020069895425078226 0.0002003118959320181 0.00037727023512707685 0.00014261136348024472 9.53314248037402e-05 0.00012318336215783683 0.0002339581736455668 0.0002476018899297523 0.00022437978448715297 0.00010043566975671123 0.00010341038179037964 0.00020042821841597723 0.00015438781215325315 0.00017436085768487059 0.00010094226737341423 7.905316243500851e-05 0.00010187101075724223 6.557462762145419e-05 0.00022832634142266444 0.0002023869615991612 0.00017804788900252754 0.00017814099884635228 0.00015061475269419268 0.00011542780734845434 0.00012857978671132475 0.00013123470054019268 0.0001270155509466475 0.00022320688494502288 0.00016850805550473025 0.0003967254925923439 0.0002105421372789732 0.0002867264348426048 0.0001787476012561075 0.00019545195612005712 0.00019083259216406327 0.00016415126602943385 0.00018395348570924324 0.00011951648666230969 0.00017915075515304038 1.68330927231373e-07 3.496136477472141e-06 0.00024041192944193482 6.106529196847387e-05 0.00012002882574655148 0.00028576069836358655 0.0003463052797025409 0.00022062726345351724 0.0001452486051500284 0.00015697646784665985 0.00013260441590694864 0.00018403624468748357 0.00019517418652748172 8.519312284575779e-05 0.00013687358013750873 0.00028085905153441985 0.0002742226031420012 0.00022407406113509844 0.00023326728377805984 5.413419851327832e-05 0.0001884232846597113 7.566088692760004e-05 0.00015005493499028544 0.00014492422024625117 0.0001374307813808418 0.0001809749803541238 9.70905117767704e-05 0.00019203053074270837 0.00016055710003586913 0.00019632780699388078 0.00012378411397437637 0.0001365867294022754 0.00015360571354869885 0.00017124518808125743 0.00013363249551067794 5.3809516377063456e-05 0.00023277363718023084 0.00012162754104053944 9.736739661539902e-05 0.00017628804019798836 0.0004356679327358412 0.00020078270661945876 0.00024716064130804466 0.00014659785712169235 0.00030644405482665234 0.0001911256173246778 0.00027541636784967716 0.0002620049053134014 0.00017537790503139794 0.0019178790089446301 0.0026597063367139384 0.0002378366452630495 0.0005156532586457111 0.00037626296455077636 4.912334338516291e-06 0.00024056679454152196 9.214028475278996e-05 0.00024128204951625237 0.000167436531069054 0.00012147027912676207 0.0001615065821814994 9.699181792695253e-05 0.00019525021517682428 0.0001761987171363035 0.0001723712886072635 0.0001790729183287665 0.00018460860439616726 0.00019821392388931323 0.00015413651089064696 0.00015369477036016087 0.00018519933543203576 0.00019881583715334857 0.00015736366645735167 9.042358819946378e-05 0.00017902147873366056 9.0005106059087e-05 0.000183395461208674 0.0003963164680736407 0.001255531912291352 0.0016333408682076649 0.00032610611311851005 0.00031297953731971147 0.000418186095504597 0.0003180484543773051 0.00012703296015450187 0.00016977729052564168 0.00013479953616411789 0.0002242925097052634 0.00019053253960802502 0.00023513470293201947 4.005806382256708e-05 0.0001130429970235883 0.00018195896188479888 9.328865356896874e-05 0.0001986966514540127 0.000166198907220102 0.001881613972063663 0.0003156180554835838 0.00207191353061724 0.0001606485175335641 7.14968666441356e-05 0.00019286045802329517 0.0002368702857611816 0.00019869772354799695 8.076486636803455e-05 0.0001931420184754977 0.0002520833748576846 0.00020313525422560843 0.00023399022281482594 0.00023225166449613877 0.00015952325884204324 0.0004171461154832705 0.0003475528980029303 0.0003310050749206804 0.0001939123237926983 0.000207531544962596 0.00023375910937149975 0.00019271764803418167 0.00019296278793425945 0.0002924964475840979 0.00018999814174438175 0.00010747891595402192 0.00019631794382394827 0.00011422568431622521 0.00024259949390953626 0.00018875831006260886 0.00018131761033638987 0.00029968533453057365 0.00014505759026882433 0.0001257514907067839 0.00011687256170212108 0.0001816074850737575 0.00019481065864280182 0.00014835449078849186 0.0002029166260509779 0.00024946197599452525 0.0002506166094909651 0.00021188682522828864 0.00010901817120920537 0.0002666695071341965 0.00022368465595424641 0.00015702876887249668 0.00043658222456180717 0.00021356614163023892 0.00014138999917190535 0.00027585430379782784 0.00021684205606682 0.0001378744814762621 0.0003128953111500969 0.00027021346892561123 0.00022863045519536712 0.0002807908177416697 0.0001104948858116526 0.00018139642194639287 0.00018634268493651222 0.00023101491501886095 0.00019619305113676772 0.0001002271444095975 0.00014812916282915464 0.0001064885750469298 0.00014213460014374764 0.00011189070140294144 0.0001878813532457623 0.00025981867443155795 0.00011868699043580392 0.00028377148967191455 0.00020039273996780757 0.00015097040181850048 9.557601815782967e-05 0.00012765868792262658 0.00011626772007823416 0.0002160379656131248 0.00017493014452069558 0.00020853285930391135 0.00026144902402786376 0.00023581183700238266 0.00018338555022799448 0.0002267755359196402 0.0002187862495687226 0.0001807149922640004 0.0002810009749545124 0.00013934526382101639 0.00011518465871137398 0.00020835277838397108 6.43340375755962e-05 0.00020441387513851748 0.00026962126571261136 0.00023104258487102286 0.00026826643845729567 0.00029885053600463236 0.00018268753444813257 0.00012413849519779302 0.0002181190817587229 0.00010226746731816975 0.00012129383770387187 0.00023069857793124864 0.0002391695659765704 0.00026533101948444867 4.714322769371547e-05 0.0001993986146776966 0.00020363808848542048 0.0002337196059060058 0.00019980428395521835 0.00020874821767879909 0.0002158031612196458 0.0001904591541359925 0.000269142726193358 0.00015519483165366696 0.0001920324463643338 0.00027139913219664954 0.00020711494136761678 0.00035608282209074614 0.00026572403233995516 0.0004115878450702721 0.00024190451734845157 0.00012559017977465276 0.0001546150518718817 0.00022877604148624327 9.93592720003932e-05 0.00024098329220483748 0.00018868807459724083 0.0003776955479940485 0.00025607513165241307 0.0002723137790161193 0.0002342263636236544 0.00019007812353700226 0.00013302157226792108 0.00016100617607881851 0.00014783623058090003 9.756733167943043e-05 0.00015185594230017054 0.00012130701480548152 3.933315258019113e-05 0.00022889809341999903 0.00021473652459734886 0.00013940748034489887 0.0002675916247231397 0.00020928000352379026 5.037357226225252e-05 7.871926243086284e-05 0.0002026956564249087 0.0002281056084994194 0.00014903212489536597 0.0002261946524792007 0.0022124877639486213 0.0002021786132903565 0.0021830824738498377 0.00012903346687879503 0.00012583031825029442 0.00012640048485149176 9.525520549130816e-05 0.00011511194582332781 0.0001211343154498823 0.00020230977722920378 0.00020967198969447 0.000418751333683033 0.0002017127550657426 0.0003808232339205556 0.00022397592978282477 0.00012288677546998998 7.895875506309924e-05 9.607510922568097e-05 9.508415733263385e-05 5.13521824755681e-05 0.0002127131925152182 0.00016411456813980596 0.00023251455391850695 0.0003214941529757991 0.00017059586943655907 0.0001706576044631434 2.8878010504058513e-05 0.00012969201797523292 0.00011709575850954287 0.00018961385665881974 0.0001626776461916367 0.00020056541729570202 0.00017861242908018754 0.00012145718361471218 0.00019475385099586347 0.00020605017346453928 0.00018686243273299637 0.00023770897247262927 0.0002562569476253883 0.00020369996678554767 0.00027225311857922556 0.00010868371567272847 0.0001865431800510767 0.00011894198846113782 0.00022762996894769264 0.0002487113392931403 0.0002553807034082955 0.0001125150012058564 3.908122087742299e-05 7.674762744019313e-05 0.000257809914090506 0.00015831122443356406 0.00018742073268065518 0.00025894365255434674 0.00026779608638397245 0.00020974375384314313 0.00013638436346668657 0.00017106853603868146 5.1068099268833184e-05 0.00016412650907790075 0.00017248480040510904 0.00023087090234280927 0.0001491452096618407 0.00018820250349258272 0.00020459655792529486 0.00029357215514447623 0.0003216182175650722 0.0003502443523601657 0.0002313783947108072 0.0003007713666854703 0.00032105122076988744 0.0001551458535623872 0.0001585766432059675 0.000166884321439568 4.72121430460945e-05 0.00013546274457114293 0.00027098030435384696 8.082351539224204e-05 0.0001435031174567431 9.566165189409454e-05 0.00017070533096207881 0.0001905237847034619 0.00017931492756943635 0.00020580323624931236 0.0001912283712650349 8.55224458996074e-05 0.0001370464911259058 0.0001250146541524239 0.00015134654621675792 0.0004064564690559837 0.0003000232597605339 0.0016700004434604312 0.0002295989472218293 0.0001122246898143906 0.00013454082006415647 0.0002373875910710583 0.00026800303876678503 0.00010717146284142753 0.00011829432599106594 9.4216495525033e-05 0.00013466800719838312 0.0003893773023459554 9.199871731671884e-05 0.00017127158175768239 0.0001899283271961581 6.085313572520398e-05 6.112789666823074e-05 3.901369348170514e-05 8.26338743854147e-05 4.567418183455903e-05 1.0540925533894598e-07 0.0001988680806457075 0.0003866340827665807 0.002992766099646049 0.00021785257912518014 0.00047675141174842364 0.0021642063520420545 0.002975873574396718 0.0004210309565287527 0.00043964955244339666 0.000141440949120104 0.0004866794415657816 0.0005043069398929585 0.00015388749747042758 0.00022831092287046694 0.00012355090071369744 9.153865403620032e-05 9.267601180155857e-05 0.00038591107473004915 0.00012191675319749797 0.00013381399206046352 0.00022186652298201087 0.0001659785757083793 0.00044861976311073084 0.0002343200062359699 0.00023757553187526043 0.00010946275579393037 0.00025575023553669443 0.00014193130368495962 0.00019315353409442355 0.00012690005234216234 0.00020566998469909062 0.00016012706051494858 0.0025310960993215528 0.00034878987085556725 0.0026960966750095676 0.0021796997738539694 0.000532471655774985 0.00016241086008083146 0.00018941218096148792 0.00019773366459565464 0.00011471510172101593 0.00012757855285737066 0.0001997484893931321 0.00023324566342239998 0.0002452829595993555 0.00021373788854868797 0.0003019656936994635 0.00027370817547762695 0.0001768439580343684 0.0003141535752101042 0.00017919001962194624 0.0002499575991236726 0.0002329796284095699 0.00020462689995263118 0.00023187139417711792 7.311849277090581e-05 9.01801236260044e-05 0.00018587728927564763 0.00019834630770935018 0.00011737288260450549 0.00024299155400360722 0.0001407496775951689 0.0001836642006559092 0.00014655831043795575 9.536207486191059e-05 0.00021169755164336852 0.00029899837797344304 0.0003190291034346046 0.00024588403264352046 0.00015666754964432084 0.0002882106908841833 0.0002774380158465534 0.00025026728288408533 0.000387646094907225 0.0030685418148922172 0.00018604223943103796 0.00022545828409243853 8.37898343694963e-05 0.00021685609609611183 0.0002137630049516238 0.00015789764744175984 0.00016416689467936126 7.089124627819964e-05 0.0027129297755124 0.00044974246033405754 0.00036653359423892385 0.00019229694558110902 0.00015313869050164394 0.00014146187887853135 0.0023453802250985112 0.00032145033404460126 0.0005529462519694768 0.003205907972507651 0.00024021064930968163 0.00019138344042771065 0.00022931427390375186 0.00023047565095868784 0.00014483775544022118 0.0001550910025971478 0.00029639761393775394 0.00027198435081513087 0.00022036212067873487 0.00022745795991527474 7.103621456003534e-05 0.00027136396372555064 0.00015795577095193975 0.0001777822373860169 0.0003822047120675872 0.00017090367661223488 6.660340868016092e-05 0.0002584396574076217 7.036517839571248e-05 0.0002570489948733101 0.00040182779404565193 0.0002631185229879444 0.00040621008987007634 0.00019438476553543843 0.0002716270050321718 0.0001634257524612526 0.00012115230463816209 6.416463331526151e-05 0.00016354170451550527 0.00020107625470824764 0.00012005733633904282 0.00020461610059195417 0.00024991543258983355 0.00022319134147947423 0.0003651599525892772 0.00024437662079462505 0.00029303067615883655 0.00020691045183884247 0.0001154511006980673 0.00015879651646415627 6.98390802279997e-05 0.0001046614226551398 0.00024044390191924793 5.3568164438995345e-05 0.00019062729817377817 0.0002575431346821818 0.00024132346106073296 0.0001453255430470997 0.0001252082250746614 0.00017094185653402202 0.00011825748479682091 0.00020565064401009591 9.628119008310354e-05 0.000153818989059719 0.00022672979830887563 0.00021164868183049364 0.00024062393004606973 0.00047647065395314874 0.00017669206343263387 0.0018368681337922288 0.000332254723283863 0.00021719567090095637 0.00012491168509321307 0.00013540328889736166 0.0001382409708183425 0.0022217993353434804 0.00028619622372664995 0.00028677352993708986 0.0004756925731268297 0.0005265975087025674 0.00018940159699551776 0.00021993774193510964 0.00025716375002034675 0.0002197124562052941 0.0002499200817287766 0.0002683344108196338 0.00013200477666179842 0.00029590226113057947 0.00019690008192881772 0.0001682845939705563 0.00021010344613982832 0.00023858947022785206 0.00015526288165181693 0.00025055963979310036 0.00026655105477867987 0.0002913881379959238 0.00018683787694866074 0.00013313821579723394 0.00023948549071505477 0.0002673359068494938 0.000227998277124608 0.00025463271110666186 0.00021928632843244158 7.313148902701023e-05 0.00024566647759452845 0.0002078567552000423 0.001810326596697735 0.00019073956249524007 0.00012682506561705197 0.00022558965122423133 0.00018442319895594917 0.00018777842199908516 0.00020378424903302487 8.696522572585765e-05 0.0002364397213910979 0.00020775715235548352 0.0001487919053114712 0.00020370314809295867 0.00022416018016620522 0.00013416640359857875 0.00026677944813250477 0.0002660098387197253 8.706380645234637e-05 0.00018778309599032698 0.00016479073293919463 0.000530263535990009 0.00012672708439494427 5.8441884135266754e-05 0.00016087028612139467 7.294133647911968e-05 0.00036971410677872545 0.00047625697066630367 0.000499046307750413 0.0002043579457947476 0.0002080332137016886 0.00024400905839507965 0.00039742325992926647 0.0002800175488841049 0.0002752200607858082 0.00012596825448152413 0.00021145678949370295 0.00016418248598037554 0.00011075298161878327 0.0002817589660034733 0.00023540231895423426 0.00036788936003641164 0.0015087744908351363 0.0002675339490602874 4.412422462562926e-05 0.00015494662283697426 0.00013296842781314354 0.00010947899562819916 0.0001136264488884452 0.000203168449903381 0.0002679305473934914 0.0002295155595298696 0.0001751261705300184 0.00014689962684795292 0.00017217952071822804 0.00016440078766946043 0.0001421108409596323 0.00024200868526372444 0.00023026463508329958 0.00026681062823249893 0.0002901980757380923 0.00024031102717391448 0.0002832421188102985 0.00023888562843917582 0.00015690655675497665 0.0002025150126736421 0.0002389417897729365 0.00017191196603370031 0.00011920561786802745 0.0001334069092946202 0.00015596351944964845 3.1999969083912376e-05 3.345572986913467e-05 3.555094235042289e-05 2.8592498420751283e-05 8.677557642126652e-05 0.0001671864854988651 0.00044433274261416274 0.00021583796795008394 0.00022931578394875624 0.00023203744554102542 0.0002442473346706868 8.559952205700261e-05 0.00018999121470936937 0.00016091871813898715 0.00023825274180451654 0.00019429351794472848 0.00014080737418522632 0.0001394554508944384 0.0001688026780541101 0.00038382434760113364 0.00017696714711659952 0.0002484567488705593 0.00029223433568091616 0.00017233038160643344 0.00020395740526390796 0.00012788827559617445 0.00019666894243729213 0.00019876344915058063 0.00017094249058422292 0.0001517833939759819 0.00016151567296295236 0.0002363670129572817 0.00016833123885138008 0.00017147422677471526 0.00015522151701000413 0.00015852860846703602 9.847813334319299e-05 0.00028053389178958317 0.00021000998302746283 0.0002727404211327615 0.0002199187862040981 0.00020370171740992157 0.0001291535686087346 0.00015183106074778322 6.476079446429773e-05 0.00026212016961005464 0.00013229521075361103 0.00017765475304277496 0.00015896258420521216 0.00015239181302548432 0.00025636533953086354 0.0002587963663051394 0.00023571340700604182 0.00025975297060978534 0.00019509256573338693 0.00021066383923875546 0.0002116662496899395 0.00039872718583566834 0.0005102794980337212 0.0028310191733954488 0.0035114455897605245 0.00017349216189962275 0.0001876786819713285 0.00020411993951960787 0.00017723243739128618 0.0001271404381047859 0.00011980655922553529 0.00034844087372599264 0.00017149721462980774 0.000587732254746324 0.0005920597395952919 0.0004285072072969303 0.0020778580865403696 0.00017553320586665439 0.00014400594112892515 0.00018842695275007206 0.000146573737389466 0.0001255457000927604 0.0001759114265814575 0.00021731257217540089 0.00035492870731272495 0.0002655053136373409 0.000279311514050376 0.00020464488439918396 0.0001535592479659648 0.00016102376742453082 0.0001572171843198381 0.00033769869146523126 0.0018059330260851135 0.000496086403432528 0.0002898928258345659 0.0002767106171531412 0.0005301515095273396 0.00019773566647844084 0.00021331664325882236 0.00023812579487057604 0.00025493936849698274 0.0001956042611835099 0.00023402761944254567 0.0027076992618892868 0.0002887780094437758 0.0029607307855723975 0.00013278717822508997 0.00024311161140085823 0.00020314416842352544 0.00042530416563225264 0.00047469264069342694 0.00025618075784323695 0.00020998737365227085 0.00028409383781102235 0.0002637545887456051 0.00032654023046289936 0.0002734306938570738 8.166215197051856e-05 0.0003051414814454433 0.00020250264310842192 0.00020571699934027687 0.00010771806321981683 9.39850095214832e-05 0.00012516795162944604 2.730895032767219e-06 0.00030224701574176424 0.00045653488922307064 0.00019068159428222822 0.00019957826987383837 0.00024373121563694543 0.00047238004132365245 0.00025536438292275866 0.0003705149661265021 0.00014921799189691862 9.768843439586862e-05 0.00020396563322837156 0.0002466521030434266 0.0002218299507321145 0.00023691808769029767 0.00041525704119141094 0.00026103954488771087 0.00019099869220791604 0.00025697087700671435 0.00017673628950469413 0.00016353315029628366 0.00015145887980652363 0.00018181204092459238 0.00013869626590205014 0.00037173609573976524 0.0002017331896703427 0.0002583023725341251 0.0002755298285761006 0.0001356002813355818 0.00022995090088327602 0.00021942110187392612 1.451732054573865e-05 0.0002155111240046283 0.00010520038615354429 0.0002602694258387007 0.00018843283871478403 0.00020518168889902268 0.00021128622990097858 0.00022743694609591225 0.00047821869450966265 0.0030871665377687485 0.0031235572696133424 0.0001516524710328223 0.00020540599862831145 0.0021656446451085746 0.00036491849737625264 0.0002492111543378628 0.00029100649267096193 0.00027705000375465694 0.00030621871125638 0.00020589828016091924 6.064493314230187e-05 0.0002699223749009814 3.023872675787526e-05 0.0003392463878598427 0.0002840869836629303 0.0002651890052861845 9.039028909943284e-05 0.00019034091624203447 0.00020839581243545726 0.0002195911310131591 0.00014764724962752822 0.000276419881802178 0.0003841767056956284 0.00022748066814419282 0.0003361960050469273 0.00011556792998127356 0.0001603743517333406 0.0001433563650293147 0.0002218868299328749 7.564091756082573e-05 9.84127793345793e-05 8.693198194417606e-05 0.00017596987548897466 0.00013725656238004562 0.0001631754437426386 0.00020432006625309453 0.0019246442394009913 0.0002659621051248276 0.0027062529273095344 0.0021519771599715887 0.00016928762474167948 0.00021637805040785376 0.00011498221192149163 0.00013562585242235645 0.00012016101495657738 0.00020064418149887524 0.00024648182127529235 0.00013336432228424006 0.00022548971631537463 0.0001842810535150904 0.00020298885528026708 0.000323059157076824 0.0004023583929182017 0.00021481900191968147 0.00013889018575517157 0.00024910051469030257 0.0001925236700213396 0.0005807043671904596 0.0001610119811437982 0.00027084442079379663 8.258564822383447e-05 0.00010423409565926425 0.00025580534550461543 0.00016321893272843387 0.00024139474731069702 0.0001704364012049205 0.00015211137604037074 0.0001680048048206898 0.00015057003618212152 0.00023345743888292524 0.00025676733619415534 0.00017562287297661 0.0002835793280773169 0.00024064161125051574 0.0001807413841614862 0.00024391182645239727 0.00018775914595804552 0.00017032620231079653 0.0001714902213164972 0.00014259236535939877 0.00019249260077091934 8.381682331429297e-05 0.00011064979947178728 0.0002465371034575406 0.0002604705198534533 0.00028906772191781313 0.0003129591684851691 0.0001783032824522159 0.000317220970712841 0.0001441194645254226 0.00018151575394942642 0.00010721278174153754 7.462546672219583e-05 0.00018885924552335272 0.00016202982537307268 0.00019606113673231658 0.0001296785424461566 0.00015367984219302993 0.00025178989563285264 7.904427922636166e-05 0.0002172800052873349 0.0003785816127868002 0.0001759716925414308 0.00012177324635442535 0.00196933088088588 0.00016693070211988326 0.000164962041584697 0.00020179571618195158 9.56630987871469e-05 0.00020310837851221844 0.000235984600257466 0.00023120289052999332 5.1114902364233925e-05 0.00015185998617542432 0.00045968611133225765 0.0001476879765427252 0.00024370678197786793 0.0005388445311325783 9.6730288539178e-05 0.00025419355759544556 0.00029715680335961345 0.0001597082294627398 0.0002416416943038273 0.00023948095426628912 0.0002855200505235825 0.0005403244807979477 0.0006027886077754578 0.00013818237110535967 9.990168949279203e-05 0.0002261764164744676 0.0002760756550436357 0.00014108202645105454 0.00016968466790119932 0.0001845462604118789 0.0005237661176462207 0.00026428775512371566 0.00012021863623214486 0.0001545670957491868 0.00015653890988518088 0.00012559614028095724 0.00023732262251698494 0.00024398451148375516 0.00033366188315832096 0.0003123379474751461 0.0002401173794376609 0.0001872790542555202 0.00024363143231408217 0.00023576253454182515 0.000415176290896001 0.001093789248634419 0.00011502645450849968 0.0002714023509093524 0.00028608656143609706 8.906145048535322e-05 0.00022731569360265672 0.00026426683918282597 0.0002801587701576361 0.00025405111656549845 0.0002988981418503863 0.0002488598725469814 0.0002618206659507806 0.00017351786645250375 0.00023549321166669053 0.00033047335497268343 0.0002288725516826126 0.0002109947684312703 0.00024824330994489016 0.00022981707169040752 0.00021128408355177987 0.0002770104599809894 0.00026350552570973695 0.00025418104986945104 0.00022063279124458603 0.0003193383963103514 0.0003056569917684819 0.0003554116069513629 0.0031447013020245744 0.0001672839879676092 0.0002869259702635494 0.0004960483828161671 0.0003855877530195629 0.00032040418786556186 0.0003582380182427317 0.00018825684845664748 0.0006198249447682065 0.00020443886895777331 0.0002908010675342284 0.00024406263226964462 0.0002779196969301679 0.00028786901141546065 0.0002653655375916405 0.00018710039991920636 0.00027997398271422584 0.0002088965860092237 0.0002783338838043901 0.0002292588452060619 0.00026719023396473154 0.0003325289017051561 0.0003529044228291276 0.001602722774405068 0.0002973481748040092 0.0002930584271117774 0.00033101637768744464 0.00023084753783861702 0.0002170124516398143 0.0001435130831068295 0.000263266120013487 0.003219260553108676 0.0002682540343867018 0.00029129663476818406 0.00030705751147859636 0.0002093544034721847 0.00022212885892983002 0.0002620153575093826 0.00021162109612951532 0.0001578575212072668 0.0001642874049568529 0.00018886117644398794 0.00023338723847147138 0.0003011011941618517 0.0003149178811414496 0.00017909747375455351 0.00021691996917106655 0.00025279608504002196 0.0005700933665399005 0.00017835354660557457 0.00013010726330652515 0.0003529785612411203 0.0004171823749671526 0.00015845506942835448</DataArray>
<DataArray type="Float64" Name="g_gap" format="ascii">0.0 0.0 0.0 0.0 0.0 0.0 0.0 0.0 0.0 0.0 0.0 0.0 0.0 0.0 0.0 0.0 0.0 0.0 0.0 0.0 0.0 0.0 0.0 0.0 0.0 0.0 0.0 0.0 0.0 0.0 0.0 0.0 0.0 0.0 0.0 0.0 0.0 0.0 0.0 0.0 0.0 0.0 0.0 0.0 0.0 0.0 0.0 0.0 0.0 0.0 0.0 0.0 0.0 0.0 0.0 0.0 0.0 0.0 0.0 0.0 0.0 0.0 0.0 0.0 0.0 0.0 0.0 0.0 0.0 0.0 0.0 0.0 0.0 0.0 0.0 0.0 0.0 0.0 0.0 0.0 0.0 0.0 0.0 0.0 0.0 0.0 0.0 0.0 0.0 0.0 0.0 0.0 0.0 0.0 0.0 0.0 0.0 0.0 0.0 0.0 0.0 0.0 0.0 0.0 0.0 0.0 0.0 0.0 0.0 0.0 0.0 0.0 0.0 0.0 0.0 0.0 0.0 0.0 0.0 0.0 0.0 0.0 0.0 0.0 0.0 0.0 0.0 0.0 0.0 0.0 0.0 0.0 0.0 0.0 0.0 0.0 0.0 0.0 0.0 0.0 0.0 0.0 0.0 0.0 0.0 0.0 0.0 0.0 0.0 0.0 0.0 0.0 0.0 0.0 0.0 0.0 0.0 0.0 0.0 0.0 0.0 0.0 0.0 0.0 0.0 0.0 0.0 0.0 0.0 0.0 0.0 0.0 0.0 0.0 0.0 0.0 0.0 0.0 0.0 0.0 0.0 0.0 0.0 0.0 0.0 0.0 0.0 0.0 0.0 0.0 0.0 0.0 0.0 0.0 0.0 0.0 0.0 0.0 0.0 0.0 0.0 0.0 0.0 0.0 0.0 0.0 0.0 0.0 0.0 0.0 0.0 0.0 0.0 0.0 0.0 0.0 0.0 0.0 0.0 0.0 0.0 0.0 0.0 0.0 0.0 0.0 0.0 0.0 0.0 0.0 0.0 0.0 0.0 0.0 0.0 0.0 0.0 0.0 0.0 0.0 0.0 0.0 0.0 0.0 0.0 0.0 0.0 0.0 0.0 0.0 0.0 0.0 0.0 0.0 0.0 0.0 0.0 0.0 0.0 0.0 0.0 0.0 0.0 0.0 0.0 0.0 0.0 0.0 0.0 0.0 0.0 0.0 0.0 0.0 0.0 0.0 0.0 0.0 0.0 0.0 0.0 0.0 0.0 0.0 0.0 0.0 0.0 0.0 0.0 0.0 0.0 0.0 0.0 0.0 0.0 0.0 0.0 0.0 0.0 0.0 0.0 0.0 0.0 0.0 0.0 0.0 0.0 0.0 0.0 0.0 0.0 0.0 0.0 0.0 0.0 0.0 0.0 0.0 0.0 0.0 0.0 0.0 0.0 0.0 0.0 0.0 0.0 0.0 0.0 0.0 0.0 0.0 0.0 0.0 0.0 0.0 0.0 0.0 0.0 0.0 0.0 0.0 0.0 0.0 0.0 0.0 0.0 0.0 0.0 0.0 0.0 0.0 0.0 0.0 0.0 0.0 0.0 0.0 0.0 0.0 0.0 0.0 0.0 0.0 0.0 0.0 0.0 0.0 0.0 0.0 0.0 0.0 0.0 0.0 0.0 0.0 0.0 0.0 0.0 0.0 0.0 0.0 0.0 0.0 0.0 0.0 0.0 0.0 0.0 0.0 0.0 0.0 0.0 0.0 0.0 0.0 0.0 0.0 0.0 0.0 0.0 0.0 0.0 0.0 0.0 0.0 0.0 0.0 0.0 0.0 0.0 0.0 0.0 0.0 0.0 0.0 0.0 0.0 0.0 0.0 0.0 0.0 0.0 0.0 0.0 0.0 0.0 0.0 0.0 0.0 0.0 0.0 0.0 0.0 0.0 0.0 0.0 0.0 0.0 0.0 0.0 0.0 0.0 0.0 0.0 0.0 0.0 0.0 0.0 0.0 0.0 0.0 0.0 0.0 0.0 0.0 0.0 0.0 0.0 0.0 0.0 0.0 0.0 0.0 0.0 0.0 0.0 0.0 0.0 0.0 0.0 0.0 0.0 0.0 0.0 0.0 0.0 0.0 0.0 0.0 0.0 0.0 0.0 0.0 0.0 0.0 0.0 0.0 0.0 0.0 0.0 0.0 0.0 0.0 0.0 0.0 0.0 0.0 0.0 0.0 0.0 0.0 0.0 0.0 0.0 0.0 0.0 0.0 0.0 0.0 0.0 0.0 0.0 0.0 0.0 0.0 0.0 0.0 0.0 0.0 0.0 0.0 0.0 0.0 0.0 0.0 0.0 0.0 0.0 0.0 0.0 0.0 0.0 0.0 0.0 0.0 0.0 0.0 0.0 0.0 0.0 0.0 0.0 0.0 0.0 0.0 0.0 0.0 0.0 0.0 0.0 0.0 0.0 0.0 0.0 0.0 0.0 0.0 0.0 0.0 0.0 0.0 0.0 0.0 0.0 0.0 0.0 0.0 0.0 0.0 0.0 0.0 0.0 0.0 0.0 0.0 0.0 0.0 0.0 0.0 0.0 0.0 0.0 0.0 0.0 0.0 0.0 0.0 0.0 0.0 0.0 0.0 0.0 0.0 0.0 0.0 0.0 0.0 0.0 0.0 0.0 0.0 0.0 0.0 0.0 0.0 0.0 0.0 0.0 0.0 0.0 0.0 0.0 0.0 0.0 0.0 0.0 0.0 0.0 0.0 0.0 0.0 0.0 0.0 0.0 0.0 0.0 0.0 0.0 0.0 0.0 0.0 0.0 0.0 0.0 0.0 0.0 0.0 0.0 0.0 0.0 0.0 0.0 0.0 0.0 0.0 0.0 0.0 0.0 0.0 0.0 0.0 0.0 0.0 0.0 0.0 0.0 0.0 0.0 0.0 0.0 0.0 0.0 0.0 0.0 0.0 0.0 0.0 0.0 0.0 0.0 0.0 0.0 0.0 0.0 0.0 0.0 0.0 0.0 0.0 0.0 0.0 0.0 0.0 0.0 0.0 0.0 0.0 0.0 0.0 0.0 0.0 0.0 0.0 0.0 0.0 0.0 0.0 0.0 0.0 0.0 0.0 0.0 0.0 0.0 0.0 0.0 0.0 0.0 0.0 0.0 0.0 0.0 0.0 0.0 0.0 0.0 0.0 0.0 0.0 0.0 0.0 0.0 0.0 0.0 0.0 0.0 0.0 0.0 0.0 0.0 0.0 0.0 0.0 0.0 0.0 0.0 0.0 0.0 0.0 0.0 0.0 0.0 0.0 0.0 0.0 0.0 0.0 0.0 0.0 0.0 0.0 0.0 0.0 0.0 0.0 0.0 0.0 0.0 0.0 0.0 0.0 0.0 0.0 0.0 0.0 0.0 0.0 0.0 0.0 0.0 0.0 0.0 0.0 0.0 0.0 0.0 0.0 0.0 0.0 0.0 0.0 0.0 0.0 0.0 0.0 0.0 0.0 0.0 0.0 0.0 0.0 0.0 0.0 0.0 0.0 0.0 0.0 0.0 0.0 0.0 0.0 0.0 0.0 0.0 0.0 0.0 0.0 0.0 0.0 0.0 0.0 0.0 0.0 0.0 0.0 0.0 0.0 0.0 0.0 0.0 0.0 0.0 0.0 0.0 0.0 0.0 0.0 0.0 0.0 0.0 0.0 0.0 0.0 0.0 0.0 0.0 0.0 0.0 0.0 0.0 0.0 0.0 0.0 0.0 0.0 0.0 0.0 0.0 0.0 0.0 0.0 0.0 0.0 0.0 0.0 0.0 0.0 0.0 0.0 0.0 0.0 0.0 0.0 0.0 0.0 0.0 0.0 0.0 0.0 0.0 0.0 0.0 0.0 0.0 0.0 0.0 0.0 0.0 0.0 0.0 0.0 0.0 0.0 0.0 0.0 0.0 0.0 0.0 0.0 0.0 0.0 0.0 0.0 0.0 0.0 0.0 0.0 0.0 0.0 0.0 0.0 0.0 0.0 0.0 0.0 0.0 0.0 0.0 0.0 0.0 0.0 0.0 0.0 0.0 0.0 0.0 0.0 0.0 0.0 0.0 0.0 0.0 0.0 0.0 0.0 0.0 0.0 0.0 0.0 0.0 0.0 0.0 0.0 0.0 0.0 0.0 0.0 0.0 0.0 0.0 0.0 0.0 0.0 0.0 0.0 0.0 0.0 0.0 0.0 0.0 0.0 0.0 0.0 0.0 0.0 0.0 0.0 0.0 0.0 0.0 0.0 0.0 0.0 0.0 0.0 0.0 0.0 0.0 0.0 0.0 0.0 0.0 0.0 0.0 0.0 0.0 0.0 0.0 0.0 0.0 0.0 0.0 0.0 0.0 0.0 0.0 0.0 0.0 0.0 0.0 0.0 0.0 0.0 0.0 0.0 0.0 0.0 0.0 0.0 0.0 0.0 0.0 0.0 0.0 0.0 0.0 0.0 0.0 0.0 0.0 0.0 0.0 0.0 0.0 0.0 0.0 0.0 0.0 0.0 0.0 0.0 0.0 0.0 0.0 0.0 0.0 0.0 0.0 0.0 0.0 0.0 0.0 0.0 0.0 0.0 0.0 0.0 0.0 0.0 0.0 0.0 0.0 0.0 0.0 0.0 0.0 0.0 0.0 0.0 0.0 0.0 0.0 0.0 0.0 0.0 0.0 0.0 0.0 0.0 0.0 0.0 0.0 0.0 0.0 0.0 0.0 0.0 0.0 0.0 0.0 0.0 0.0 0.0 0.0 0.0 0.0 0.0 0.0 0.0 0.0 0.0 0.0 0.0 0.0 0.0 0.0 0.0 0.0 0.0 0.0 0.0 0.0 0.0 0.0 0.0 0.0 0.0 0.0 0.0 0.0 0.0 0.0 0.0 0.0 0.0 0.0 0.0 0.0 0.0 0.0 0.0 0.0 0.0 0.0 0.0 0.0 0.0 0.0 0.0 0.0 0.0 0.0 0.0 0.0 0.0 0.0 0.0 0.0 0.0 0.0 0.0 0.0 0.0 0.0 0.0 0.0 0.0 0.0 0.0 0.0 0.0 0.0 0.0 0.0 0.0 0.0 0.0 0.0 0.0 0.0 0.0 0.0 0.0 0.0 0.0 0.0 0.0 0.0 0.0 0.0 0.0 0.0 0.0 0.0 0.0 0.0 0.0 0.0 0.0 0.0 0.0 0.0 0.0 0.0 0.0 0.0 0.0 0.0 0.0 0.0 0.0 0.0 0.0 0.0 0.0 0.0 0.0 0.0 0.0 0.0 0.0 0.0 0.0 0.0 0.0 0.0 0.0 0.0 0.0 0.0 0.0 0.0 0.0 0.0 0.0 0.0 0.0 0.0 0.0 0.0 0.0 0.0 0.0 0.0 0.0 0.0 0.0 0.0 0.0 0.0 0.0 0.0 0.0 0.0 0.0 0.0 0.0 0.0 0.0 0.0 0.0 0.0 0.0 0.0 0.0 0.0 0.0 0.0 0.0 0.0 0.0 0.0 0.0 0.0 0.0 0.0 0.0 0.0 0.0 0.0 0.0 0.0 0.0 0.0 0.0 0.0 0.0 0.0 0.0 0.0 0.0 0.0 0.0 0.0 0.0 0.0 0.0 0.0 0.0 0.0 0.0 0.0 0.0 0.0 0.0 0.0 0.0 0.0 0.0 0.0 0.0 0.0 0.0 0.0 0.0 0.0 0.0 0.0 0.0 0.0 0.0 0.0 0.0 0.0 0.0 0.0 0.0 0.0 0.0 0.0 0.0 0.0 0.0 0.0 0.0 0.0 0.0 0.0 0.0 0.0 0.0 0.0 0.0 0.0 0.0 0.0 0.0 0.0 0.0 0.0 0.0 0.0 0.0 0.0 0.0 0.0 0.0 0.0 0.0 0.0 0.0 0.0 0.0 0.0 0.0 0.0 0.0 0.0 0.0 0.0 0.0 0.0 0.0</DataArray>
<DataArray type="Float64" Name="heat_i_to_j" format="ascii">8.248797014199899e-07 -4.9154595116220305e-06 7.93928087511697e-06 -8.490215761467266e-06 4.64151469640338e-06 -3.597834708022891e-06 9.813491189820616e-07 -6.7962257386579415e-06 -2.371018640475162e-06 1.1783729968213317e-05 0.00012519592493917057 4.299821477425277e-06 -0.00021010997472277782 4.156912496857275e-05 3.9045103337794305e-05 -1.0937252901637668e-07 2.4156666141652615e-06 1.0990582409631674e-05 3.256459565253109e-07 2.608119334338683e-06 -9.204770165355898e-06 6.596650831006192e-06 1.3627239849343959e-05 -1.4275037616059417e-05 -5.95256439708779e-06 6.600362163820098e-06 -1.0455069894331546e-05 1.4216173050284303e-05 -1.0371107839603364e-05 5.237656163378202e-06 1.372348520254523e-06 1.1625662331535664e-05 2.00157751779348e-06 -5.323985674114935e-06 -1.0606433945649916e-05 -7.029071769914726e-06 5.124892734550038e-06 1.9041790353286145e-06 1.4314613134512441e-05 9.311542517494592e-06 -2.6393626347037823e-05 2.767470695048577e-06 1.2846600979603637e-05 -4.6957615156639e-06 -8.150839464003615e-06 3.709328569931656e-06 1.3543563094441926e-05 5.639515569802598e-06 3.3782865283470575e-06 1.6701364521171605e-06 5.004989730080569e-06 1.415078220431723e-05 -1.8649369491346608e-05 -1.2008492693824554e-06 -7.048823602220622e-07 2.055510112093666e-05 6.963076402772758e-06 -1.010315978631326e-05 3.1400833835101893e-06 2.1159222060555116e-05 8.562611950636736e-07 8.394093740126794e-06 1.3904632159005804e-06 1.2332580965397853e-05 2.673244922908809e-05 9.93228430645355e-07 -1.824789099101509e-05 -2.1810367634309727e-05 1.540134920302816e-05 -3.0185782276343257e-06 -8.631744316261697e-06 -5.243852050818086e-06 8.125856662343494e-06 -6.6330312706403145e-06 -1.7279040689992636e-06 1.5426295547825031e-06 1.852745142193448e-07 3.6365321046324823e-06 6.978046248005793e-06 -2.1082725259880813e-05 1.2223400384425433e-05 1.8537132715455276e-05 1.1481414220535055e-05 -1.2430567169056347e-05 1.4717612700274966e-05 -2.2870455312163593e-06 -8.036728229047804e-06 -8.22357807205061e-06 9.189761771819977e-06 -1.0619894111034981e-05 1.769043864036668e-05 -5.049508623315131e-06 -8.269554001083706e-06 1.2504381133897508e-05 9.354731433147282e-06 -8.540049942730022e-06 9.412690838147585e-06 -9.412690838142183e-06 5.4822402616555856e-05 -1.7443890892266082e-05 -3.3659912303792485e-05 3.4854037654299697e-06 -7.20400318611912e-06 -8.039759445303823e-06 -1.2781141095652718e-05 8.1241157071637e-05 -0.00013889102313405756 8.767294819069235e-05 -3.0023082128287922e-05 -1.3199443580386295e-05 1.9860994278039754e-06 1.6677664701989014e-06 1.3331564160993629e-05 -4.658361707645284e-06 1.8518681893985783e-05 -1.764630666490059e-05 3.0649146094764755e-05 -4.422120845464822e-06 -1.5468542534818254e-05 -1.0758482714507995e-05 5.262677972112621e-20 0.0 -5.593062470077393e-06 -1.805009293441066e-05 2.364315540449095e-05 -2.0642256648503503e-06 -1.0984235843965326e-05 1.0368442511757558e-05 -1.2187310483761001e-05 1.818867972005898e-06 -3.378561498474369e-06 -7.07650839585803e-06 -3.849750152027612e-06 -0.00012970398552250687 -0.000257532780732894 -6.381617435681443e-06 1.0404125335101983e-05 1.5628182227911956e-05 -2.60323075630049e-05 6.83599727671459e-06 -9.454387381522999e-07 -2.5475949381515463e-05 3.3348808073884614e-05 -1.3763417230899488e-05 2.9284378191996654e-06 -1.3354763162078168e-06 1.1508623412956861e-05 -6.711931974412556e-06 -6.389652941565365e-06 2.4009058498534108e-05 -1.913122465849851e-05 -1.219914918271529e-06 -3.6579189219920993e-06 9.070267050806988e-07 -1.7026733051967059e-06 7.956466001143338e-07 1.6984094052347762e-06 -1.277584517743743e-05 -2.310773850736423e-05 7.959632403221707e-06 4.16799782508921e-06 8.28214444946237e-06 1.4618940589110498e-05 4.919836541028621e-06 -1.9538777130111468e-05 -6.577035702492004e-07 -9.144606738174128e-06 1.1248197831423812e-08 -1.1248197831495882e-08 3.044052614577346e-06 -3.7783213719500946e-05 -1.202352661106176e-05 8.113586173364954e-05 7.859543140720452e-06 -4.223271715841581e-05 -2.2470652713543475e-07 0.00019762733399779724 3.0349433621398788e-05 1.0329383852597964e-05 -1.7729179818776865e-05 1.0613779926289972e-05 2.1266685983553677e-06 -5.340652558429953e-06 5.457571638702646e-06 1.5033178338049046e-06 -6.960889472499285e-06 -2.982757440785826e-06 1.890927367609915e-06 3.1096565689534364e-06 -2.0178264957807302e-06 -1.3004771159301397e-05 -1.4146807315796115e-05 2.7151578475003594e-05 -7.062729639733155e-06 9.268384146864409e-06 -1.2986278020179732e-06 4.835478236021998e-06 -6.899703900892928e-06 3.828110774051494e-06 -7.2746065322574965e-06 -8.81395304241587e-06 1.2260448800616114e-05 0.00023077850282181406 -7.110954854628075e-06 -2.9921323382559656e-05 1.539736483560614e-05 2.1634913401522427e-05 1.155996549772892e-05 -9.530539724511783e-06 1.1732448269554716e-06 -3.2026706001661734e-06 1.0544964906790295e-05 3.9231277306071114e-07 -1.4009126800932819e-05 3.0718491210790415e-06 -6.183438649992289e-06 4.31756104639723e-06 -1.1487227472087079e-05 -2.5209566909637353e-06 -1.9533956593674326e-06 -3.194388461051747e-06 6.988813382848469e-06 -3.820055131322606e-06 -4.5853250528475325e-06 6.564350921751203e-06 1.2465316886679579e-05 -5.865738111583327e-06 -6.599578775107939e-06 1.568979478126467e-06 -1.2364402015415256e-05 -1.439729647963004e-06 1.7431044241325033e-05 -5.1958920559381485e-06 -1.125159598871815e-06 -5.307935116376867e-06 7.73307509278135e-06 -1.266366069953244e-05 9.95312607934682e-07 -6.141297349731095e-06 2.052938133264339e-05 -1.045281098408644e-05 -5.300403034984252e-06 1.5263867569219925e-06 3.7740162780627103e-06 2.118201610866239e-05 -7.716308535544382e-07 -2.3211466035264614e-05 -2.9933000364366966e-06 6.5935259191592966e-06 -7.991451025629124e-07 5.830216653392227e-05 1.1699324358032504e-05 1.3216001144293255e-05 5.154493444837171e-05 -9.566501545194388e-06 -1.4796564148548435e-05 -4.046250461758574e-06 5.322217596094313e-07 -1.0907093480021925e-05 1.0464623703057108e-05 -8.975198267685816e-08 -3.324061805778117e-06 -2.2234594280305926e-05 4.495492755775804e-07 7.933925299004938e-05 -1.5823635002907513e-05 6.791856744751452e-05 -3.0555530345261815e-05 -1.068500954004221e-05 -3.5371242932469365e-05 5.226473307997419e-06 9.730385708996551e-06 1.2185155843578693e-05 6.170779968407912e-06 1.4083575848031914e-05 -2.3621638583115925e-06 -8.792974170507996e-06 -6.483450779184029e-06 1.792534120161277e-05 -2.056547084286709e-06 7.004642378721592e-06 -1.638998571683811e-05 5.01536404644538e-06 3.5126613016468265e-06 1.045547425402132e-05 3.2136310323321465e-06 -6.504660284104849e-06 -7.164445002249476e-06 -1.0237346810603046e-05 -2.8193207093459646e-06 -4.4425145073815795e-06 -4.965927168103763e-06 2.251941078787871e-06 6.730498177142095e-07 -1.9352448290585097e-05 1.2197565287809069e-05 -1.1494486488460233e-05 1.6383412079600232e-05 -1.0216696489308984e-05 -4.597736112191907e-06 6.861846412721398e-06 -6.8618464127152485e-06 -1.7075616222778474e-05 2.438038549195467e-05 -1.8953417859604445e-06 -5.409427483161933e-06 1.177677271142864e-05 -4.172914105189281e-06 -7.323809967440521e-06 -2.80048638803287e-07 -3.0530791601114287e-06 3.053079160108087e-06 5.855383550834279e-06 -3.992010690347152e-07 -2.0778959534939495e-06 8.571749673514823e-07 -4.784484337760763e-06 2.7794465180128393e-06 1.1478628524074974e-06 -1.4037429616263383e-05 -4.526002745268423e-06 8.08941565446592e-06 1.2928378297730288e-06 -1.5575901910805618e-05 -8.565333290008166e-06 1.4758981716638944e-05 -3.4656312250893073e-06 -3.104736692625176e-06 -5.78056110038773e-06 -1.6902981659658538e-05 2.2683542760072915e-05 1.1542514194869352e-05 1.8361965699758877e-05 -5.180618632773127e-06 1.5848469730845723e-05 -1.0667851098074053e-05 -5.193627757750216e-06 -1.818715777333652e-06 -6.946997244150862e-06 1.3959340779246377e-05 1.251277251700368e-08 -1.2512772517002882e-08 1.9937928302933494e-05 9.571854798608178e-06 -4.564775741043947e-06 4.921964131524223e-05 6.335571615090298e-06 -1.5725963572788125e-05 -7.1048246013046345e-06 -1.30475598877207e-05 1.3283271135326798e-05 -1.1644322074531281e-05 5.938141901523923e-06 -7.5770909623079675e-06 9.635454427237967e-06 -2.877823263413729e-05 8.295321527561314e-06 -1.757080632143948e-05 1.9652860055969765e-05 -6.803395120899983e-06 -1.0409624288324454e-05 -4.418315611779372e-06 -5.613341056533927e-06 -1.1999780811325098e-05 1.3697863520706586e-05 3.915258347138016e-06 6.106289082637756e-07 -4.238350186076141e-06 1.8604174619420662e-05 -1.1548317297162513e-05 -4.763612360654987e-06 -8.840159750098058e-08 -6.095037052465271e-06 4.9563345787533665e-06 4.46838945922999e-06 5.357430069733473e-07 -1.5767928871790926e-06 -7.735937926000161e-07 6.059715249684002e-06 2.1548056194971527e-06 1.5225621230609595e-05 -1.3043435141363335e-05 -1.787454981763847e-05 1.3537558108985279e-05 -4.775039363044944e-06 -3.199467386807788e-06 -3.1537667979395886e-06 2.518056086084702e-05 1.7680133726471862e-05 -0.00012074775204520076 0.0001797652721257029 1.413205437886758e-05 -4.175332110455078e-05 -3.057137365291751e-05 -5.656455448989248e-07 2.3490843350526233e-06 -5.763953934610409e-06 -2.6151911498507597e-05 -8.175124209165521e-06 8.935459490994427e-06 1.3412645099050888e-05 -9.873158903472913e-06 1.7055630286395926e-05 -1.4893051662570333e-05 1.0157888430868578e-05 -6.024924493645091e-06 -6.29554256112452e-06 1.6839508594542074e-05 -1.0018062404849803e-05 -4.766876145041236e-07 -8.018046305999572e-06 1.6732877307578456e-06 -1.5549102032755166e-05 8.244598655695057e-06 5.7601157497290705e-06 8.060491658505118e-06 -6.516104031203763e-06 -6.717799376231444e-06 -0.0002495839903145815 0.00023146466708798077 3.30047130816834e-05 -1.8420444394237597e-07 6.232787015450291e-06 7.479585252680025e-06 -7.286994800571022e-06 1.960220717591352e-05 -9.339323374120445e-06 -1.669867048193579e-06 8.635563035312681e-06 -4.124825735585803e-06 -2.8408702515209485e-06 -4.4232371862397165e-06 -6.242209214700374e-06 -5.717837293146843e-06 2.5522983700418835e-05 -1.212245744714187e-05 0.00013339766890719317 -5.6851321968864195e-06 -0.0002342705006827777 -9.455830424437079e-06 -7.110323882914345e-06 5.713383340402341e-06 7.12289345284761e-06 2.8594049040134595e-06 8.704726100007999e-07 -1.6177418051145213e-05 2.7612563332523664e-05 6.123624686408302e-06 -1.0278206377255377e-05 -1.1890862926641863e-05 1.5604979360571863e-05 -8.914102892234148e-06 -1.675441125149175e-05 -2.8303874223606765e-05 7.94910028841778e-06 1.106586042752526e-05 1.7417459914551643e-05 -2.1319360957231238e-07 3.5325258103982316e-07 1.1906798673605445e-06 1.3257178111943306e-05 7.153268935200379e-06 7.942493652211224e-06 -6.846836859708183e-06 -1.4786759639509402e-05 -9.011268121020515e-06 -1.3357340322636974e-06 1.458217070398948e-05 1.2238610116167952e-06 -7.621941471173751e-08 -1.4394078268823226e-05 8.759319512587224e-07 -4.317604280420117e-06 -7.85811740715338e-06 1.1984699476347404e-05 -3.079365610574067e-05 1.3026118784135646e-05 2.5810111256224362e-05 -3.570832398024019e-07 -1.7949924675503986e-05 -1.0513304618936532e-05 5.249189931208526e-07 -3.611612451557032e-05 1.9250556884648777e-05 4.4347218025295415e-06 4.0369156129707245e-05 -3.25156775515111e-05 -5.113590245674045e-07 4.31578315447828e-05 8.030078225575954e-06 -1.0332115476178142e-05 9.010750876499286e-06 -1.124929825715964e-05 6.965140690404966e-06 1.2150359450246173e-05 -2.9706990998280026e-05 9.476387099262674e-06 -8.883470434365484e-07 1.3204205079780231e-05 1.0336655869834004e-05 -2.304831822927457e-07 -1.4177432068185864e-05 1.2527185230819009e-05 4.240098313058052e-06 -7.1201167240524905e-06 -3.7820076297653353e-06 -5.865159190119747e-06 -6.4187243909572665e-06 1.1765566283756066e-05 -2.6689957539227708e-06 1.8774058639953587e-05 1.4146287349051588e-05 -1.1589133629303837e-05 -1.1611430136183342e-05 3.586081810139137e-05 -3.72955691252015e-06 3.3683027906430036e-06 -2.3888133843273232e-05 -1.4474872743682404e-05 1.2768295087808867e-05 -1.6243347019699855e-05 -8.51852171421627e-06 -9.023309356870703e-06 1.5046504845002259e-05 -3.2787313271286887e-06 -5.475240703871953e-06 1.6237334877555106e-05 2.605096453177707e-05 -4.22882994093815e-05 -3.797396848333719e-05 -1.4234945596505148e-05 -2.9577951958740104e-06 1.923844941185862e-05 5.14716293695108e-06 3.7343298546329475e-06 -2.5162147007529658e-05 -1.35650783482905e-05 -2.787264392251578e-06 1.0045262642397879e-06 2.399898896127134e-05 -8.651172484978946e-06 -2.4105194168909763e-06 -2.7573679009854448e-05 2.5915447612742554e-05 4.068750813985219e-06 1.1521139176351693e-05 -4.362859798288554e-06 3.926839298106755e-06 -1.697170518968424e-05 5.886586513687415e-06 -9.844584886197374e-07 1.39320653981991e-05 8.690350120222895e-06 -2.1637957029795323e-05 1.0929922928984484e-06 7.197402055453622e-06 -1.692211931842975e-06 1.9000441811628106e-05 -2.686946167255401e-06 -3.772225698750109e-05 2.310097327503146e-05 2.0520340609501472e-06 -2.2225970658258375e-05 3.16673831280333e-05 -7.068828636087617e-06 -4.257118435528956e-06 2.0482599693123107e-06 -1.28810890226801e-05 3.6852135042234813e-06 -6.559014360458936e-06 2.8738008562272975e-06 4.313676304570443e-06 -1.0418002821381262e-06 -1.0515976040860758e-05 -2.031427950341731e-05 1.5295366301868112e-05 2.2156110290517434e-05 -1.5086724828285743e-05 -6.004544062042433e-07 3.215769546928318e-06 -2.10935470462696e-05 1.0564484343527556e-05 9.327791438732963e-06 -1.7917974813984065e-05 4.813428139743921e-06 -6.1041743702255716e-06 -0.00014077946153598752 1.351749944191352e-05 4.722057394662553e-06 2.64226715221787e-06 2.619677681458517e-06 -1.3264120537935941e-05 2.129558989889043e-06 -1.193129551500649e-05 -8.187115015744902e-06 -8.651443645273086e-07 -2.1437972732797595e-05 3.3857874928844365e-05 8.563652699560385e-06 6.319487000554653e-06 -3.826112604368604e-06 -1.3174587407701471e-05 1.3040039063864279e-05 -1.909276776819171e-06 6.47433738690126e-06 1.878744306554341e-05 -1.5861625772218738e-05 4.576255022490991e-06 4.7448043588803346e-07 -2.9852009091270385e-06 2.5107204732194285e-06 -5.212662063051432e-06 -1.539594922694441e-05 -8.473066027677978e-06 1.664362062113887e-05 2.2506333988760115e-05 -5.371038578949846e-06 -1.1386000361889428e-05 -5.7694839066932425e-06 8.061885427105546e-06 1.446463742040046e-05 -4.385372575320192e-06 2.7873346336429247e-05 -1.408914869044146e-05 3.259794190999632e-05 8.22391532306853e-06 9.367235342273759e-06 7.952807828149415e-06 -2.2295614556105958e-05 1.0614605519343686e-05 1.811919643465424e-05 -1.069050566321581e-05 -4.362921919646565e-06 5.354563274389169e-06 1.2761683982535117e-05 8.812559420452007e-06 -2.0743854935504716e-05 -1.546939907924865e-06 -1.2298237829042738e-05 6.6725407693376596e-06 1.7201716709821144e-05 -2.144141699308707e-05 2.8632649177068688e-06 2.1345994987849632e-05 -2.0480918646799737e-05 2.0060686946839955e-05 4.99137989376892e-06 -1.688441481650723e-05 1.2251639541989747e-05 3.3419810067488924e-05 -4.751961463306201e-05 -1.9574762972433848e-05 7.331464111534018e-06 -1.419260904670211e-05 2.7962294664578705e-05 -2.3346296041709345e-06 -1.0852910106747466e-05 2.1324984101354607e-05 -7.58406558648808e-06 -5.533788039306796e-07 -8.405834455792098e-06 7.920958738265395e-06 1.5201508034594262e-05 1.0161041887704136e-06 1.391088813734248e-05 -1.2474342430729078e-05 -4.068464199134362e-06 2.1668734329179925e-05 -1.792238923473948e-05 9.568793567235879e-06 1.583416765221592e-05 -4.164336508228214e-06 -1.0653726955186041e-05 -3.504654965531251e-05 -3.241458881397907e-06 -0.00015081167156916103 2.3630569778602354e-05 2.0108054589943713e-06 -1.1303775516493434e-05 -2.0895524143800762e-06 -3.491800749429134e-05 8.639554963607562e-07 1.0928058184366985e-05 -4.218308369690078e-06 -1.2009014178349153e-05 1.036260809809002e-05 -1.2779190015498494e-06 -2.104259201003864e-05 -2.8409537551159614e-06 1.7801822880042481e-06 -2.125250129020942e-06 -3.504682311040864e-06 3.5440324128710566e-06 -4.502749776991823e-06 1.3278625959554305e-08 1.3808593938976645e-05 2.5340409607859137e-05 -0.000272288886015512 -1.4641802951640688e-05 -2.5437565627091724e-05 -0.0001571770608258843 0.0001386476774542562 -4.6654381284580296e-09 3.4054491759797674e-05 3.6477665681685167e-06 -5.067255397947728e-06 -1.4100954119630953e-05 1.8398574349136995e-05 7.317815904586998e-07 -8.875825613365863e-07 3.621358888785291e-06 5.273633766261698e-06 -1.9618840229917883e-05 3.4694861470991755e-06 7.061142140747595e-06 2.733370206271218e-05 -1.0535285828757293e-05 -1.8280901864930346e-05 3.900930883931726e-06 1.2494508016565456e-05 7.400456920248257e-07 -1.5135933285811792e-05 -1.1952321545500599e-05 -1.869212373331526e-05 -5.150756652652699e-06 1.8198668840434854e-05 6.592506456178968e-06 0.00019529415977685398 2.7285150014493365e-05 -0.00019050986257144982 -2.456331056074579e-05 -3.298208604030449e-05 -1.3236765698938482e-05 1.4046235154062147e-05 9.340588267477e-06 -9.778635102593114e-06 1.6123442798478798e-06 1.5382383828064058e-05 5.614298803169223e-06 -3.557515178454864e-05 -9.758411471969206e-06 9.525092764925649e-06 3.5109170960548444e-05 -2.5414149237122847e-05 -1.6501326781480334e-05 -1.2304231710419391e-06 -6.450467319181984e-06 -1.7877933995578237e-05 8.150983263612409e-06 -1.667617290146456e-05 -6.254301017935993e-06 8.790800065998777e-06 1.6937058418317144e-05 -1.513583865060873e-05 -5.35076838378896e-06 -1.4397816944991132e-07 -1.7264739061300159e-06 1.3097576716269143e-06 -4.165539353207962e-06 -8.410650301411001e-06 1.6314410673131416e-05 3.8733280505292346e-08 -1.0050874544101417e-05 -1.7254698119493063e-05 -7.805838511324439e-06 3.160246036735278e-05 -2.3514462183817597e-05 -6.406339779804576e-06 -1.5594186288610269e-06 0.00030847482989797937 -1.0067984861741448e-05 -2.990261914669485e-07 -6.564140916345361e-06 -1.1257687517147835e-05 2.8188839486801375e-05 1.3653539290118995e-05 -8.997179167466488e-06 -1.20589166474319e-06 -0.0002392037941527504 -1.160750765916393e-05 3.775306427211239e-05 -2.750752119136154e-05 -7.282974905172166e-06 2.1559787727499886e-05 8.13381767208465e-05 -1.4363986411238148e-06 -1.8541259373012472e-05 -0.00020145239110971164 1.8111690971237025e-05 -2.2896931684657418e-05 1.5903102269224675e-05 1.3280202186859011e-05 6.7944001668675045e-06 -5.930024083349998e-06 -5.536259189923054e-06 4.2410687096068055e-07 3.364487398705157e-05 -2.0848398032174543e-05 -3.84835551875704e-06 7.420774044455551e-06 -6.422689186437122e-07 -1.8688175371045023e-06 -1.847367042558691e-07 -1.9129203817374096e-07 -4.4438219251158355e-06 1.4711814064238434e-05 -8.936779288979267e-07 -1.3168041327262367e-05 -1.4354943108775586e-05 5.797792166885412e-07 3.183295245110367e-05 -2.3892546456770365e-05 -1.605139515508441e-05 9.632670764141574e-06 -3.0230705810526255e-06 2.1354880197249975e-06 -1.962580070822928e-06 1.3757954304886689e-05 -5.564903538462738e-06 2.3326232620806223e-05 -3.5990055643653516e-05 8.564076613653975e-06 -3.8953772524324856e-05 1.8136882422233994e-05 -5.3283777707719334e-05 -2.600261320084228e-05 1.83178181411216e-05 1.9676862536800707e-05 9.139985505918342e-07 6.737130145294689e-06 2.634647975974909e-05 -8.269225860761832e-06 -1.1833705769245368e-05 4.86900088231424e-06 -2.2328520688439407e-05 1.1790192397187306e-06 -5.723111710275967e-07 1.1500510425245212e-05 -1.0928058184367251e-05 2.3757479713268007e-05 7.511140092497518e-06 -1.4675370942723541e-05 3.023988439494633e-05 7.708512558659744e-07 -1.6998806885694523e-05 1.5629166639167487e-05 1.2339211946474787e-05 -0.00018672626919719694 -3.34197045472784e-05 1.9699314871841486e-05 1.5268494958997416e-05 4.525464005824455e-06 -7.066969731063744e-06 8.41305944197623e-05 -2.33800225218692e-06 -6.768784072706398e-06 6.398990106609901e-05 3.347695643291194e-05 -2.246347807602136e-05 2.7876690639044024e-05 -1.7242745109881634e-05 1.2890205320202182e-05 1.5743321065675523e-05 4.3455585458876534e-07 1.2067483210519528e-06 2.2077080274015837e-05 -2.3706008020890036e-05 -1.9599215203092624e-05 2.4077370803262945e-06 -6.517625300653593e-06 6.473117877472338e-06 -2.338100400003027e-06 3.5776060774470117e-05 -9.993029006367933e-06 3.825181819499597e-06 -9.192545803317953e-06 2.2030780548637227e-05 -1.968129303337378e-05 8.262324195265505e-06 -1.161179585412092e-05 -2.188627344672264e-05 -7.151747199252517e-07 2.7079154928467983e-05 1.9441718794639063e-05 -0.0002440161958182782 1.0713079182178737e-05 2.056901649565843e-06 5.7734337018773455e-06 -5.982577892156059e-06 -2.072073311588184e-05 6.456105263346839e-06 1.2063252625980147e-05 1.6634803237633952e-05 -2.2993086144958363e-05 -2.210739625765977e-07 -1.70027600833694e-05 2.410332392952969e-05 1.4892413022028466e-05 1.4252480602372598e-05 -1.5272721476123465e-05 3.2720788169521898e-06 -2.312606419809552e-05 -2.5563494545998357e-06 3.077905458016865e-05 1.4743834381086419e-05 -4.782808901809073e-06 6.50139299452064e-07 -7.34640956578414e-06 -2.906406148254496e-05 2.0939671941744285e-05 8.049002049200999e-06 1.1004902516358999e-05 -1.008029585486421e-06 -3.232539361935286e-05 1.1026509836193236e-05 2.6725643103011964e-06 1.2292613866756359e-05 -8.825231100008141e-06 8.313271701559441e-07 -1.4830154066693456e-05 7.414843286336353e-07 -3.166714873170486e-05 -4.633021896435835e-06 2.974824847089838e-05 -0.00014713270831945099 -4.137374167651609e-06 -2.4536867189957094e-07 7.910071288189377e-06 -1.4236871771188665e-05 -5.342903022226542e-06 6.616926432058478e-06 -1.707651155206262e-05 3.215870174748514e-05 3.968934354851265e-06 2.979655998340162e-06 -5.448405403662275e-06 6.0855548062740215e-06 -1.3901269940608394e-05 5.371026781322761e-06 4.4438166731185985e-06 -2.130835072946425e-05 -2.2869423877440286e-05 -2.6633635049503846e-05 1.1671751816811518e-05 -1.4078805093601777e-05 -2.5296411507782694e-06 -1.857696982341043e-06 -1.0407433355366635e-05 -1.9213398299838367e-05 7.4255216564740785e-06 -1.1674636422400253e-06 4.054995415265559e-06 2.327674021211004e-06 -4.169259820493231e-06 1.7101316753395725e-06 3.4404772641360517e-06 2.311936818466007e-06 2.7365416791263626e-06 -2.2882186456783477e-05 2.8002483106494446e-05 -1.30386709365291e-05 1.0686670098504167e-05 1.274525311863031e-05 -2.042869385416135e-05 -2.4180581443139824e-06 -7.589690956057352e-06 -1.771639741603518e-05 3.305948867383368e-05 -4.042492508627889e-06 1.7264739061304197e-06 -9.890337525749393e-06 -1.1349018648060534e-05 2.63157948470134e-05 1.3676366737872939e-05 1.5127153456914787e-06 3.8574596549520794e-05 7.756685425221709e-06 1.513791291954886e-05 9.235467989612453e-06 1.1635794078341935e-05 2.8388232988180964e-05 9.308466702694524e-06 2.0968690268834208e-05 -1.2439006265968229e-05 -2.1792684948243073e-05 8.31269514433722e-06 2.3444748795857146e-06 -5.430696715894289e-06 5.029465405813373e-06 2.4979001901819443e-06 -3.123529389257882e-05 -1.7881550488697267e-05 -1.7888746739160516e-05 -1.1775170312945807e-05 2.058718325408113e-05 -5.836471058090186e-07 -1.359228308191053e-05 -1.223564297135123e-06 1.1669937572357069e-05 -8.683804639972113e-09 -1.1629759835895851e-05 -1.1638771484626267e-05 1.0272443965874756e-05 -7.903570804031862e-06 -3.075548059360094e-05 -2.6257815138792026e-05 3.2438707791735124e-05 -2.8125898622262144e-06 -6.847917156150337e-06 3.0268165710602963e-05 2.415844238892217e-05 -3.3940468385616334e-05 0.00025754651100809873 -0.00024862962937539115 1.2217936131812308e-05 1.8843928529729656e-05 -5.687319696730393e-06 6.353738119259644e-07 -3.681747639285481e-07 -4.137522575478633e-06 -5.6020365044107874e-06 -1.1117522756923868e-05 -1.7416734525511494e-05 -1.5947256448564144e-05 3.636179372862762e-05 0.00011956493967164324 -4.274258285199076e-06 2.075723039143213e-06 -1.1683865902896748e-05 1.7345321002821798e-05 5.949770984324308e-06 -7.071459061822736e-06 -1.5039560164850453e-05 -3.4835561087637213e-06 -1.22893373311276e-05 -1.6369258419179886e-05 1.4986612274559126e-05 7.4878504584483205e-06 -1.3022224701486086e-05 4.713639438310113e-06 -2.477574510385557e-05 -0.0001256121501572901 -5.459885530340967e-05 -1.7271164012168878e-05 3.572194788084085e-05 -3.343576558913067e-05 -1.4444623062171017e-05 6.67316123831484e-06 -4.581048572052374e-06 -1.8315139802711007e-05 2.2928177357571888e-05 8.699243450867829e-06 -0.0002589144237034542 -1.1166918779354187e-05 0.00027317821551714325 7.843178183715314e-07 7.148756163362421e-06 -7.327139029480715e-06 -2.770261834394901e-05 1.8091287500826493e-06 -9.399974394399032e-06 5.96084356568616e-06 -3.494266456855032e-05 -1.400559706823416e-05 3.76998438695605e-05 -5.15323319939914e-06 -2.5202602014096147e-06 5.6321756221036505e-06 -2.202608210429111e-05 2.886021995615276e-05 -5.707704593904738e-06 -6.592834962037485e-06 7.397046167223836e-06 0.0 1.4299053740219273e-05 -8.143091432569848e-06 -1.3295521749114388e-05 2.260445997948597e-05 -1.0145506619402239e-05 8.599297103125881e-06 4.197661384366343e-07 1.125778970552315e-05 5.784329432347976e-06 8.209801796144807e-06 -1.5890416063383306e-05 5.318166773106527e-06 -1.9145931039113654e-06 -3.271255196240894e-05 -1.4430418620565501e-05 -1.2701979114797934e-05 -7.744944193333954e-06 -9.613435520107254e-07 -1.3585661344991804e-05 -6.565271226075926e-06 -1.4055372937974693e-05 6.929190243300875e-06 1.4413923995028711e-05 3.592140657782254e-05 -1.791636993961317e-05 2.7346968207231666e-05 3.5376739421180766e-06 -6.214699402547759e-06 -1.0643976315812324e-05 2.5792244558570582e-05 3.52559935233821e-07 -3.0978818209927346e-06 -1.0098406351945203e-05 -1.8724365858124794e-05 -9.033088127809417e-07 2.7197579495316066e-05 -1.9704831386321186e-05 6.904567433361996e-06 -2.3312597322892625e-05 -0.0003834945191266755 0.0003563661879435504 -1.1739092529313227e-05 6.340407653750284e-06 -0.0001389036357994227 2.2757240026936938e-05 3.3576852774824757e-07 2.0495737955325424e-05 -3.2204876642813475e-05 2.060244874275604e-05 1.4324965655496821e-05 7.248214513889249e-06 -1.7970119949917673e-05 -3.7147470112313354e-06 -3.696779713332137e-05 5.780537773556621e-06 -2.3972742144887123e-05 -9.09919017250567e-06 2.6314859099694467e-06 -7.285729742310384e-06 1.837095931231231e-05 -3.8347142451796224e-06 5.6067594000620125e-06 1.154364982205875e-06 -1.8295633017270255e-05 -3.622232948219246e-05 9.672456266644868e-06 -2.7520699255764143e-06 1.6068013246395404e-05 -2.0589387847886422e-05 -1.018018992429777e-05 1.3428925850003044e-05 -5.366050646384079e-06 1.2532591526358684e-05 1.5991910910273687e-05 -1.6308062251625133e-05 -1.0795033258093e-05 -7.17932490858088e-05 2.700263693113011e-05 -0.0002502291175212164 8.443801241035046e-06 2.488466043727543e-05 -4.326348816633895e-06 5.616544071963167e-06 1.0506846153666127e-05 1.1622990178171091e-05 -1.265470320352287e-05 -5.752269214791945e-06 -3.7275293518678583e-06 1.5320814631360696e-05 -1.1721920314647811e-06 -2.7279546974987758e-05 2.3580058888792674e-05 -6.283771263414264e-05 -2.175674604851562e-06 1.8650649459512058e-05 5.069173022303927e-06 1.6126712916265767e-05 -3.079374028932086e-05 1.5948056982536267e-05 -4.176093794699008e-05 -5.588783505049416e-06 -4.200528014196844e-06 1.5832968785574203e-05 1.7839346685160797e-05 2.1732173180776765e-05 8.018053701210926e-07 -6.375596090615609e-06 7.491125804870749e-07 1.5049165991185149e-05 -1.0826302599247503e-05 -8.818093524486308e-06 -9.32846985563653e-06 -1.8085415553065225e-05 -4.519311385459493e-06 -1.0406250590352657e-05 1.59683376605419e-05 -5.071265166196443e-06 4.589801673185305e-06 4.694303473377749e-06 -1.457229491605303e-05 -1.860733200463885e-05 2.3795111431489873e-06 5.379448935593568e-06 -4.79309495902393e-06 3.2668348875258685e-05 -2.141163576296167e-05 3.752806437292907e-05 -1.6352567041832568e-05 1.502802259777182e-05 -2.265501424328594e-06 -1.6477268184719412e-05 7.107408217267886e-06 -1.1226118450403658e-05 6.4692387763575266e-06 4.2800769649345685e-06 1.575780777385487e-05 -2.2605839832903445e-05 1.1343957054634808e-05 6.456636425564016e-06 -8.56615227042574e-06 8.220362447156602e-06 1.034727117010805e-05 -3.202813157027583e-06 1.1302825867583064e-05 -0.0001282938295953016 -2.5551153247592875e-05 8.802227723891496e-06 1.1615462475313604e-05 -3.1414320705213473e-06 -1.7686852331132796e-05 3.244374687696781e-05 -9.216943837742731e-06 4.264258873082553e-06 -1.0239480769891708e-06 -1.6571138594951933e-05 -1.966937068446481e-05 -3.456100779199675e-05 -5.749001804961195e-05 -1.607971867745477e-06 3.673463177062011e-05 -4.304225512820962e-05 -1.1133442295227185e-06 2.0616740481177498e-05 -1.5436232401378804e-06 4.871128693509108e-06 -2.1732500533223228e-05 3.514159512791307e-05 4.820557003026051e-06 9.243611187199212e-06 3.9514638820147674e-06 1.2770051361734001e-05 2.0785923730903734e-05 -1.6046889854531953e-06 -1.1631334705147566e-05 3.888059683594792e-05 9.72807900932422e-06 -4.352146300498495e-06 -8.30814938304196e-06 -4.01808392669935e-06 -3.642750002817541e-06 -1.803942708998018e-05 -8.814832805558294e-07 2.2361079271592943e-05 1.810219458682432e-05 -9.24945074316322e-06 1.709771462467987e-05 -4.76127405437521e-06 1.682672412132244e-06 2.7188629257704006e-05 -6.0334757120302605e-05 4.3730150948595265e-07 4.084497490983427e-06 1.814215707693952e-05 1.0196707067558412e-05 -1.9823881184804046e-06 6.112715582356103e-06 8.70321378816349e-06 -2.6749785419926512e-05 -1.4642668059863148e-05 -1.2992991235272927e-06 3.4598469432230985e-05 -1.1018291774789693e-05 -1.5362400959634523e-05 3.3403111815801076e-05 -1.3538854654932144e-05 1.2042344030952309e-05 1.2007269542328768e-06 -4.338478852316384e-06 2.545052466379635e-06 6.883784480167614e-06 3.3727324677906045e-05 3.478286541800192e-05 3.267636711063526e-06 -2.567473690236907e-05 -2.7641115627253445e-06 -4.589031729174545e-05 -0.0003482645909923711 2.7140791335970947e-06 1.6055589461141734e-05 -2.4250793463458664e-05 2.9367228831243717e-05 -4.00880647864232e-05 -9.185264381017888e-06 9.252282746250096e-06 -2.5009965717613117e-05 1.0210874730289996e-05 -9.6993847541515e-07 4.427436532847294e-05 -2.2643876163700857e-07 2.1631741870519633e-05 1.2578975511775266e-05 -2.6225775619050723e-05 -2.54195778719469e-05 2.0689109141066438e-06 -6.863806098084554e-06 -3.675375410305855e-05 -1.0876472426490352e-05 -7.295393010808354e-06 -3.525893063247631e-05 -0.00016409689787139303 1.706691997988541e-05 2.16835677145879e-05 -6.709070341037247e-06 3.248987739795851e-05 2.2927648704063752e-05 -9.770309796458136e-06 2.7694091834371694e-05 0.0003621716990927662 2.3110095183263693e-05 -1.3312773463105613e-07 -1.1830059392466951e-05 2.0805895688204874e-05 7.345701472163949e-07 -1.3557462890982264e-05 -6.555068486083521e-07 -2.6194478497775664e-05 1.091714063535688e-05 3.841130246881507e-06 -1.7369941670733875e-05 -1.8965324217463527e-05 -2.855321281213697e-05 -1.9461715343160672e-05 -2.8858801825484553e-05 2.3330697406378468e-05 -1.411334074745969e-06 1.2404315479850179e-05 -3.6211507010349524e-08 -1.0440843884794389e-05 -4.370322158434943e-05 -7.308700874951416e-07</DataArray>
</CellData><Points>
<DataArray type="Float64" Name="Points" format="ascii" NumberOfComponents="3">0.00607539 0.00679226 0.00539122 0.0063948 0.00524642 0.00522426 0.00607539 0.00679226 0.00539122 0.00528223 0.00618288 0.00396078 0.00607539 0.00679226 0.00539122 0.00741097 0.00763509 0.00560698 0.00607539 0.00679226 0.00539122 0.00572787 0.00844131 0.00453402 0.00607539 0.00679226 0.00539122 0.00436875 0.00633361 0.00594134 0.00149024 0.00581491 0.0104894 0.00184054 0.00548924 0.00880799 0.00149024 0.00581491 0.0104894 -0.00016303452048289945 0.00573153 0.0110478 0.00149024 0.00581491 0.0104894 0.00281581 0.00676473 0.00989842 0.00149024 0.00581491 0.0104894 0.000781022 0.00762729 0.0101265 0.00149024 0.00581491 0.0104894 0.00271148 0.00498373 0.0118036 0.0140294 0.00424724 0.00688484 0.0144463 0.00351461 0.00798204 0.0140294 0.00424724 0.00688484 0.0137965 0.0027346 0.0061054 0.0140294 0.00424724 0.00688484 0.0146204 0.00448616 0.00546627 0.0140294 0.00424724 0.00688484 0.0128032 0.0034528 0.0076192 0.0140294 0.00424724 0.00688484 0.0137647 0.00563893 0.00772132 0.00799383 0.00871752 0.000705244 0.00811814 0.01018 0.000720716 0.00799383 0.00871752 0.000705244 0.00785695 0.00702792 0.0009833 0.00799383 0.00871752 0.000705244 0.00706887 0.00948763 0.00191238 0.00799383 0.00871752 0.000705244 0.00992399 0.00866966 0.0011797 0.0106095 0.00249412 0.00642111 0.0110439 0.00402159 0.00697564 0.0106095 0.00249412 0.00642111 0.01043 0.00120582 0.00533443 0.0106095 0.00249412 0.00642111 0.0106527 0.00100276 0.00727347 0.00574238 0.00865494 0.00244507 0.00588324 0.00731666 0.00289054 0.00574238 0.00865494 0.00244507 0.00507205 0.00878956 0.0009009690000000002 0.00574238 0.00865494 0.00244507 0.00706887 0.00948763 0.00191238 0.00574238 0.00865494 0.00244507 0.00416555 0.00830568 0.00301498 0.00598027 0.00364413 0.0107661 0.00493633 0.00364971 0.0097932 0.00598027 0.00364413 0.0107661 0.00480891 0.0047009 0.0113988 0.00598027 0.00364413 0.0107661 0.00726796 0.00464391 0.0105155 0.00598027 0.00364413 0.0107661 0.00739107 0.00303625 0.0120022 0.00598027 0.00364413 0.0107661 0.00570693 0.00174812 0.0108613 0.00588324 0.00731666 0.00289054 0.00528223 0.00618288 0.00396078 0.00588324 0.00731666 0.00289054 0.00572787 0.00844131 0.00453402 0.0107719 0.00914809 0.014687 0.011771 0.0104891 0.0144033 0.0107719 0.00914809 0.014687 0.0100212 0.00762411 0.01383 0.00285051 0.00318146 0.01316 0.00195193 0.00299445 0.0117182 0.00285051 0.00318146 0.01316 0.00395075 0.00428928 0.0133566 0.00285051 0.00318146 0.01316 0.00242145 0.00167032 0.0130843 0.0138602 0.0105147 0.00882241 0.0147755 0.00965921 0.00993437 0.0138602 0.0105147 0.00882241 0.0130682 0.0109068 0.0106005 0.0138602 0.0105147 0.00882241 0.0134722 0.0120354 0.00770315 0.0138602 0.0105147 0.00882241 0.015605755520482899 0.0114449 0.00891905 0.00585256 0.00197604 0.0129501 0.00563893 0.00117094 0.0144176 0.00585256 0.00197604 0.0129501 0.0055864 0.0035919 0.0127817 0.00585256 0.00197604 0.0129501 0.00429687 0.000957949 0.0124946 0.00668484 0.00574064 0.00066887 0.00589499 0.00710444 0.00114879 0.00668484 0.00574064 0.00066887 0.00566975 0.0053011 0.0019373 0.00668484 0.00574064 0.00066887 0.00831006 0.00487465 0.00114301 0.0121966 0.00272697 0.00060993 0.0109268 0.00219484 0.00106632 0.0121966 0.00272697 0.00060993 0.0136052 0.0026773 0.00062662 0.0121966 0.00272697 0.00060993 0.012239 0.00113018 0.000941556 0.0121966 0.00272697 0.00060993 0.0116419 0.00433572 0.00136481 0.00234639 0.00670094 0.00675562 0.00162385 0.00662829 0.00555675 0.00234639 0.00670094 0.00675562 0.00310005 0.00529155 0.00719383 0.00234639 0.00670094 0.00675562 0.00124312 0.00537173 0.00664681 0.00234639 0.00670094 0.00675562 0.00192045 0.00737731 0.00824591 0.0105842 0.00323844 0.00266462 0.0115829 0.00236578 0.00375752 0.0105842 0.00323844 0.00266462 0.00976742 0.00337406 0.0011585 0.0105842 0.00323844 0.00266462 0.0104475 0.00491275 0.00372429 0.00384865 0.00994931 0.000619688 0.00401915 0.00948568 0.0018673 0.00384865 0.00994931 0.000619688 0.00507205 0.00878956 0.000900969 0.00384865 0.00994931 0.000619688 0.00432076 0.011315 0.00149917 0.00384865 0.00994931 0.000619688 0.00249763 0.0108497 0.000911621 0.00528098 0.0078841 0.00630885 0.00569707 0.0093921 0.0067877 0.00528098 0.0078841 0.00630885 0.00640139 0.00704229 0.00747139 0.00528098 0.0078841 0.00630885 0.00344451 0.00845146 0.0065151 0.00528098 0.0078841 0.00630885 0.00572787 0.00844131 0.00453402 0.00528098 0.0078841 0.00630885 0.00436875 0.00633361 0.00594134 0.00241125 0.00986786 0.00569115 0.00159165 0.0109355 0.00667666 0.00241125 0.00986786 0.00569115 0.003515 0.0109723 0.0049477 0.00241125 0.00986786 0.00569115 0.00341773 0.00913177 0.00452802 0.00241125 0.00986786 0.00569115 0.00163724 0.0108783 0.00452183 0.00241125 0.00986786 0.00569115 0.00344451 0.00845146 0.0065151 0.00241125 0.00986786 0.00569115 0.00143911 0.00837452 0.00481 0.0145574 0.00424819 0.0144015 0.0142465 0.00591211 0.0140632 0.0145574 0.00424819 0.0144015 0.0136538 0.002775 0.0144004 0.0145574 0.00424819 0.0144015 0.0157853505204829 0.00301974 0.014435 0.00811814 0.01018 0.000720716 0.00939229 0.0106789 0.00173092 0.00811814 0.01018 0.000720716 0.00706887 0.00948763 0.00191238 0.00401915 0.00948568 0.0018673 0.00507205 0.00878956 0.000900969 0.00401915 0.00948568 0.0018673 0.00416555 0.00830568 0.00301498 0.00401915 0.00948568 0.0018673 0.00486634 0.0102991 0.0033429 0.00401915 0.00948568 0.0018673 0.00245443 0.0098718 0.00280099 0.00891797 0.00600958 0.00456897 0.00873575 0.00609348 0.0028947 0.00891797 0.00600958 0.00456897 0.0102803 0.00631212 0.00546378 0.00891797 0.00600958 0.00456897 0.00802251 0.00437102 0.00408155 0.0112688 0.0069425 0.0125607 0.0126495 0.00605393 0.0123962 0.0112688 0.0069425 0.0125607 0.0106687 0.00558336 0.0118022 0.0112688 0.0069425 0.0125607 0.0123152 0.00704323 0.0142356 0.0112688 0.0069425 0.0125607 0.0098297 0.00745402 0.0113052 0.0112688 0.0069425 0.0125607 0.0100212 0.00762411 0.01383 0.00895925 0.012132 0.00232793 0.00795754 0.0119188 0.0009471919999999999 0.00895925 0.012132 0.00232793 0.00939229 0.0106789 0.00173092 0.00895925 0.012132 0.00232793 0.00954035 0.0132776 0.00337141 0.00895925 0.012132 0.00232793 0.00766705 0.0111352 0.00266865 0.00895925 0.012132 0.00232793 0.00973833 0.0133954 0.00114802 0.00950138 0.00468582 0.00544605 0.00831212 0.00403679 0.006517 0.00950138 0.00468582 0.00544605 0.0104475 0.00491275 0.00372429 0.00651576 0.0065343 0.0117463 0.00720279 0.00655857 0.0130618 0.00651576 0.0065343 0.0117463 0.00807657 0.00585839 0.0117625 0.00651576 0.0065343 0.0117463 0.00486798 0.00660491 0.0114124 0.00651576 0.0065343 0.0117463 0.0057114 0.00742013 0.0129696 0.00651576 0.0065343 0.0117463 0.00772183 0.00771192 0.0119861 0.00872999 0.00989983 0.0146771 0.00811973 0.00890938 0.0134564 0.00872999 0.00989983 0.0146771 0.00873987 0.0109823 0.0130482 0.00349295 0.00477765 0.00864359 0.00332117 0.00405306 0.010019 0.00349295 0.00477765 0.00864359 0.00310005 0.00529155 0.00719383 0.00349295 0.00477765 0.00864359 0.00448698 0.00569677 0.00973162 0.00349295 0.00477765 0.00864359 0.00486577 0.00536557 0.00786375 0.00343389 0.00947553 0.0132246 0.0043541 0.0103056 0.0121294 0.00343389 0.00947553 0.0132246 0.00506874 0.00918044 0.0135116 0.00343389 0.00947553 0.0132246 0.00184047 0.00891214 0.0132559 0.00343389 0.00947553 0.0132246 0.00296646 0.0105623 0.0144367 0.00343389 0.00947553 0.0132246 0.00246622 0.01025 0.0120323 0.00343389 0.00947553 0.0132246 0.00339311 0.00839302 0.0144698 0.00343389 0.00947553 0.0132246 0.00350916 0.00837489 0.0116218 0.00924498 0.00374643 0.00896995 0.00874496 0.00336308 0.0104407 0.00924498 0.00374643 0.00896995 0.010528 0.00466616 0.00870399 0.00924498 0.00374643 0.00896995 0.00914099 0.00225174 0.00806007 0.00924498 0.00374643 0.00896995 0.00801305 0.00494886 0.00850915 0.00738553 0.00119594 0.013225 0.00713581 -5.13345204828995e-05 0.0144269 0.00738553 0.00119594 0.013225 0.00770105 0.00252635 0.0143172 0.00937943 0.00916483 0.00977745 0.0105534 0.00804262 0.00927686 0.00937943 0.00916483 0.00977745 0.0086363 0.00838321 0.00817677 0.00937943 0.00916483 0.00977745 0.00808488 0.00962179 0.0111205 0.00739742 0.00421604 0.0146567 0.00817526 0.00546383 0.0145117 0.00739742 0.00421604 0.0146567 0.00704337 0.00489268 0.0131249 0.0117015 0.014386 0.0140299 0.010479 0.0140513 0.0147626 0.0117015 0.014386 0.0140299 0.0133374 0.0143946 0.0135331 0.0117015 0.014386 0.0140299 0.010818 0.0158297405204829 0.0143994 0.00493633 0.00364971 0.0097932 0.00508717 0.00364859 0.0083036 0.00493633 0.00364971 0.0097932 0.00332117 0.00405306 0.010019 0.00250762 0.00225679 0.0146692 0.00415418 0.00247236 0.0141488 0.00250762 0.00225679 0.0146692 0.00242145 0.00167032 0.0130843 0.010479 0.0140513 0.0147626 0.00996248 0.0144219 0.0133081 0.010479 0.0140513 0.0147626 0.0103213 0.0122222 0.0142409 0.0092632 0.0147494 0.00430434 0.00861077 0.0162106375204829 0.00473938 0.0092632 0.0147494 0.00430434 0.0104968 0.0140479 0.00515521 0.0092632 0.0147494 0.00430434 0.008439 0.0149795 0.00259205 0.0137967 0.00149897 0.0132449 0.0136538 0.002775 0.0144004 0.0137967 0.00149897 0.0132449 0.014783 0.000146373 0.0127369 0.0137967 0.00149897 0.0132449 0.0128325 0.0004060280000000001 0.012376 0.0137967 0.00149897 0.0132449 0.0130539 0.000690971 0.0144687 0.0137967 0.00149897 0.0132449 0.0149362 0.00258243 0.0127666 0.0119142 0.0151596 0.00437985 0.0126113 0.0138763 0.00440025 0.0119142 0.0151596 0.00437985 0.0107071 0.0159779735204829 0.003501 0.0119142 0.0151596 0.00437985 0.0129979 0.0161765575204829 0.00521446 0.0119142 0.0151596 0.00437985 0.0114876 0.0140733 0.00278118 0.0119142 0.0151596 0.00437985 0.0128523 0.0160938875204829 0.00293194 0.00787734 0.0067332 0.0085292 0.00803939 0.00702778 0.010163 0.00787734 0.0067332 0.0085292 0.00640139 0.00704229 0.00747139 0.00787734 0.0067332 0.0085292 0.0086363 0.00838321 0.00817677 0.00787734 0.0067332 0.0085292 0.00801305 0.00494886 0.00850915 0.0114234 0.00923476 0.0129496 0.0106476 0.0104769 0.0131448 0.0114234 0.00923476 0.0129496 0.00975939 0.0092363 0.0124287 0.0114234 0.00923476 0.0129496 0.0132966 0.00907906 0.0135663 0.0142235 0.0121135 0.0147788 0.0145561 0.0105624 0.0144373 0.0142235 0.0121135 0.0147788 0.0147705 0.0135471 0.0143685 0.0142235 0.0121135 0.0147788 0.0126204 0.0124685 0.0140298 0.00485587 0.00443636 0.00068282 0.00566975 0.0053011 0.0019373 0.00485587 0.00443636 0.00068282 0.0032705 0.00496705 0.000887458 0.00485587 0.00443636 0.00068282 0.00637274 0.00341169 0.00121019 0.0125525 0.0127527 0.0104899 0.0133143 0.0125977 0.0119869 0.0125525 0.0127527 0.0104899 0.0130682 0.0109068 0.0106005 0.0125525 0.0127527 0.0104899 0.0124574 0.0137804 0.00887514 0.0042438 0.0117898 0.0146431 0.00482809 0.0104351 0.0146464 0.0042438 0.0117898 0.0146431 0.00328096 0.0120296 0.0132361 0.0118151 0.0109919 0.00696361 0.0106113 0.00965805 0.00784208 0.0118151 0.0109919 0.00696361 0.0134476 0.00996215 0.00643966 0.00284605 0.00165466 0.0114247 0.00195193 0.00299445 0.0117182 0.00284605 0.00165466 0.0114247 0.00335521 0.00217301 0.00989558 0.00284605 0.00165466 0.0114247 0.003938 0.00297579 0.0115776 0.00284605 0.00165466 0.0114247 0.00242145 0.00167032 0.0130843 0.00284605 0.00165466 0.0114247 0.00429687 0.000957949 0.0124946 0.00284605 0.00165466 0.0114247 0.00241542 0.00027750699999999997 0.0101886 0.000916077 0.00512779 0.000609202 0.00202392 0.00612818 0.000723943 0.000916077 0.00512779 0.000609202 0.000370821 0.00603301 0.00209248 0.000916077 0.00512779 0.000609202 0.00168404 0.0039278 0.0018443500000000002 0.0045924 0.00972165 0.00555036 0.00465999 0.0111545 0.0063915 0.0045924 0.00972165 0.00555036 0.00341773 0.00913177 0.00452802 0.0045924 0.00972165 0.00555036 0.00569707 0.0093921 0.0067877 0.0045924 0.00972165 0.00555036 0.00344451 0.00845146 0.0065151 0.0045924 0.00972165 0.00555036 0.00572787 0.00844131 0.00453402 0.0134492 0.00405203 0.00433689 0.0146204 0.00448616 0.00546627 0.0134492 0.00405203 0.00433689 0.0135149 0.00237889 0.00417686 0.0134492 0.00405203 0.00433689 0.0127582 0.00557857 0.00426021 0.00117243 0.00137557 0.00673313 0.00079264 0.000369278 0.00536481 0.00117243 0.00137557 0.00673313 0.00290513 0.00148535 0.00660666 0.00117243 0.00137557 0.00673313 -0.0005056345204828999 0.00142743 0.00719306 0.00117243 0.00137557 0.00673313 0.000524963 0.00325497 0.00672988 0.0116654 0.0152482 0.00794606 0.0117125 0.0151128 0.00622271 0.0116654 0.0152482 0.00794606 0.0106527 0.0163733945204829 0.00727347 0.0116654 0.0152482 0.00794606 0.0124574 0.0137804 0.00887514 0.0106476 0.0104769 0.0131448 0.00975939 0.0092363 0.0124287 0.0106476 0.0104769 0.0131448 0.011771 0.0104891 0.0144033 0.0106476 0.0104769 0.0131448 0.00873987 0.0109823 0.0130482 0.00817526 0.00546383 0.0145117 0.00802256 0.00718578 0.0144081 0.00817526 0.00546383 0.0145117 0.00920567 0.00458417 0.0130632 0.00611697 0.00464675 0.00872408 0.00508717 0.00364859 0.0083036 0.00611697 0.00464675 0.00872408 0.00648788 0.00482532 0.00703205 0.00611697 0.00464675 0.00872408 0.00486577 0.00536557 0.00786375 0.00611697 0.00464675 0.00872408 0.00801305 0.00494886 0.00850915 0.00409756 0.00725433 0.000655028 0.00387612 0.00638259 0.00231648 0.0023648 0.0123777 0.00650728 0.00159165 0.0109355 0.00667666 0.0023648 0.0123777 0.00650728 0.0024492 0.0126219 0.00489686 0.0023648 0.0123777 0.00650728 0.00161131 0.0128973 0.00794303 0.0023648 0.0123777 0.00650728 0.00372073 0.0124292 0.00779608 0.00156766 0.00877202 0.0115758 0.00184047 0.00891214 0.0132559 0.00156766 0.00877202 0.0115758 0.00118998 0.00998191 0.0105181 0.00156766 0.00877202 0.0115758 0.00167177 0.0070048 0.0122842 0.00156766 0.00877202 0.0115758 0.00350916 0.00837489 0.0116218 0.00307924 0.0142752 0.00741178 0.00169926 0.0147858 0.00832168 0.00307924 0.0142752 0.00741178 0.00374513 0.0157769065204829 0.00801039 0.00307924 0.0142752 0.00741178 0.0030226 0.0143458 0.00568564 0.00307924 0.0142752 0.00741178 0.00372073 0.0124292 0.00779608 0.000979625 0.00850509 0.0146526 -0.0005030345204828988 0.00774939 0.0143645 0.000979625 0.00850509 0.0146526 0.0010597 0.0101758 0.0144407 0.000979625 0.00850509 0.0146526 0.00184047 0.00891214 0.0132559 0.000979625 0.00850509 0.0146526 0.00196684 0.00717244 0.0144062 0.00569912 0.000462717 0.0011052 0.00592949 -0.0011794345204828994 0.000942827 0.00569912 0.000462717 0.0011052 0.0042561 -0.00039963452048289886 0.000854171 0.00569912 0.000462717 0.0011052 0.00658472 0.00149776 0.00212827 0.00569912 0.000462717 0.0011052 0.00442357 0.00148839 0.000888502 0.00569912 0.000462717 0.0011052 0.00734562 0.000348086 0.000884098 0.00569912 0.000462717 0.0011052 0.00623219 -0.00031353452048289845 0.00256402 0.00912127 0.0137484 0.00960135 0.00827226 0.0131248 0.0108958 0.00912127 0.0137484 0.00960135 0.0105405 0.0128175 0.0095057 0.00912127 0.0137484 0.00960135 0.00949183 0.015500852520482899 0.00894488 0.00347277 0.0142705 0.0109844 0.00285441 0.0129482 0.0111079 0.00347277 0.0142705 0.0109844 0.00338584 0.0138859 0.00934699 0.00347277 0.0142705 0.0109844 0.0047151 0.0128088 0.0107101 0.00347277 0.0142705 0.0109844 0.00418723 0.0139954 0.0127576 0.00347277 0.0142705 0.0109844 0.00241542 0.015648141520482897 0.0101886 0.00171272 0.00412678 0.0146432 0.00314751 0.00382419 0.0147063 0.00171272 0.00412678 0.0146432 0.00041471599999999987 0.00301974 0.014435 0.0135219 0.00193652 0.00797525 0.0147526 0.00233696 0.00908325 0.0135219 0.00193652 0.00797525 0.0123885 0.00156833 0.00684037 0.0135219 0.00193652 0.00797525 0.013419 0.00024022400000000004 0.00787082 0.0135219 0.00193652 0.00797525 0.0128032 0.0034528 0.0076192 0.0135219 0.00193652 0.00797525 0.0128092 0.0025478 0.00931364 0.0135219 0.00193652 0.00797525 0.014865 0.00142743 0.00719306 0.00439655 0.0130904 0.000975234 0.00590617 0.0122644 0.000940984 0.00439655 0.0130904 0.000975234 0.00288363 0.0139019 0.00108259 0.00439655 0.0130904 0.000975234 0.00505184 0.0135154 0.00253366 0.0120275 0.00395444 0.00898643 0.0121122 0.00381103 0.0106619 0.0120275 0.00395444 0.00898643 0.0122594 0.00555426 0.0088999 0.0120275 0.00395444 0.00898643 0.0128032 0.0034528 0.0076192 0.0120275 0.00395444 0.00898643 0.0112157 0.00258746 0.0082731 0.0120275 0.00395444 0.00898643 0.0128092 0.0025478 0.00931364 0.0120275 0.00395444 0.00898643 0.010528 0.00466616 0.00870399 0.0144463 0.00351461 0.00798204 0.0147526 0.00233696 0.00908325 0.0144463 0.00351461 0.00798204 0.0154951355204829 0.00487725 0.00813646 0.0144463 0.00351461 0.00798204 0.0128032 0.0034528 0.0076192 0.0144463 0.00351461 0.00798204 0.0140603 0.00435988 0.00968527 0.0144463 0.00351461 0.00798204 0.015895597520482897 0.00325497 0.00672988 0.00314751 0.00382419 0.0147063 0.00395075 0.00428928 0.0133566 0.00314751 0.00382419 0.0147063 0.00284285 0.00548543 0.014355 0.000521343 0.00788966 0.00315247 -0.00036723452048289965 0.00921416 0.00273399 0.000521343 0.00788966 0.00315247 0.00198641 0.00713738 0.00306054 0.000521343 0.00788966 0.00315247 0.00143911 0.00837452 0.00481 0.000521343 0.00788966 0.00315247 -0.0013457345204828997 0.00727946 0.0032499 0.00887304 0.00376238 0.0147205 0.0100714 0.00264291 0.0145 0.00887304 0.00376238 0.0147205 0.00920567 0.00458417 0.0130632 0.00508717 0.00364859 0.0083036 0.00484696 0.00194782 0.00861029 0.00720279 0.00655857 0.0130618 0.00637501 0.00623761 0.0144754 0.00720279 0.00655857 0.0130618 0.00704337 0.00489268 0.0131249 0.00720279 0.00655857 0.0130618 0.00802256 0.00718578 0.0144081 0.00720279 0.00655857 0.0130618 0.00807657 0.00585839 0.0117625 0.00720279 0.00655857 0.0130618 0.0057114 0.00742013 0.0129696 0.00720279 0.00655857 0.0130618 0.00772183 0.00771192 0.0119861 0.00105986 0.000662196 0.0006668 0.00247562 0.00150179 0.0010105 0.00105986 0.000662196 0.0006668 0.00190463 -0.0001005345204828995 0.00195021 0.00105986 0.000662196 0.0006668 0.000569228 0.00203879 0.00149169 0.00105986 0.000662196 0.0006668 -0.00016353452048289909 -0.0006219345204828995 0.00152421 0.0126113 0.0138763 0.00440025 0.0121117 0.0131113 0.0058347 0.0126113 0.0138763 0.00440025 0.0133128 0.0121297 0.00387543 0.0126113 0.0138763 0.00440025 0.0114876 0.0140733 0.00278118 0.000792354 0.0119039 0.0034981 0.00150856 0.0114638 0.00229876 0.000792354 0.0119039 0.0034981 0.000486376 0.012347 0.00507476 0.000792354 0.0119039 0.0034981 -0.0005187345204829 0.0110787 0.00285167 0.000792354 0.0119039 0.0034981 0.00163724 0.0108783 0.00452183 0.000792354 0.0119039 0.0034981 0.000285364 0.0125984 0.00208086 0.00202392 0.00612818 0.000723943 0.0032705 0.00496705 0.000887458 0.00202392 0.00612818 0.000723943 0.00157413 0.00799594 0.00116857 0.00716674 0.00563195 0.00257893 0.00717418 0.00660623 0.00397661 0.00716674 0.00563195 0.00257893 0.00873575 0.00609348 0.0028947 0.00716674 0.00563195 0.00257893 0.00566975 0.0053011 0.0019373 0.00716674 0.00563195 0.00257893 0.00831006 0.00487465 0.00114301 0.00482809 0.0104351 0.0146464 0.00506874 0.00918044 0.0135116 0.00482809 0.0104351 0.0146464 0.00675671 0.0107337 0.0142936 0.00150856 0.0114638 0.00229876 0.000285364 0.0125984 0.00208086 0.00150856 0.0114638 0.00229876 0.000622483 0.0107552 0.0009701549999999999 0.00150856 0.0114638 0.00229876 0.00216611 0.0132309 0.00289834 0.00150856 0.0114638 0.00229876 0.00245443 0.0098718 0.00280099 0.00162385 0.00662829 0.00555675 0.0006170849999999999 0.00644941 0.00422873 0.00162385 0.00662829 0.00555675 0.00124312 0.00537173 0.00664681 0.00162385 0.00662829 0.00555675 0.00143911 0.00837452 0.00481 0.00285441 0.0129482 0.0111079 0.00171993 0.0116913 0.0110957 0.00285441 0.0129482 0.0111079 0.00135411 0.0134663 0.0100509 0.00285441 0.0129482 0.0111079 0.0047151 0.0128088 0.0107101 0.00646963 0.0135378 0.0109422 0.0047151 0.0128088 0.0107101 0.00646963 0.0135378 0.0109422 0.00743457 0.0148893 0.00999036 0.00880234 0.013923 0.0122469 0.00827226 0.0131248 0.0108958 0.00880234 0.013923 0.0122469 0.00996248 0.0144219 0.0133081 0.00880234 0.013923 0.0122469 0.00725205 0.0146204 0.0121526 0.00880234 0.013923 0.0122469 0.0102642 0.0136717 0.0113589 3.96556e-05 0.00625623 0.012852 -0.0011241345204828993 0.00591211 0.0140632 3.96556e-05 0.00625623 0.012852 0.00167177 0.0070048 0.0122842 3.96556e-05 0.00625623 0.012852 -0.0011088345204829 0.00750098 0.0120611 3.96556e-05 0.00625623 0.012852 0.000645147 0.00446408 0.0127929 0.0061693 0.000414962 0.0128239 0.00725205 -0.0007502345204828983 0.0121526 0.0061693 0.000414962 0.0128239 0.00429687 0.000957949 0.0124946 0.0109268 0.00219484 0.00106632 0.00976742 0.00337406 0.0011585 0.0109268 0.00219484 0.00106632 0.012239 0.00113018 0.000941556 0.0109268 0.00219484 0.00106632 0.010253 0.00038600700000000006 0.00120378 0.00515242 0.015198 0.00422625 0.00393028 0.0139969 0.00401748 0.00515242 0.015198 0.00422625 0.00435031 0.0155283575204829 0.0027232 0.00515242 0.015198 0.00422625 0.0067481 0.0158552535204829 0.00421367 0.00515242 0.015198 0.00422625 0.00632003 0.0139185 0.00406178 0.0148141 0.0151395 0.014706 0.0147705 0.0135471 0.0143685 0.0148141 0.0151395 0.014706 0.0162729265204829 0.0162844895204829 0.0142381 0.0131 0.00696161 0.00855122 0.0141709 0.00797178 0.00935235 0.0131 0.00696161 0.00855122 0.0122594 0.00555426 0.0088999 0.0131 0.00696161 0.00855122 0.0137647 0.00563893 0.00772132 0.0131 0.00696161 0.00855122 0.0137936 0.00810126 0.00746735 0.0131 0.00696161 0.00855122 0.0125594 0.00703965 0.0104385 0.0114434 0.00365476 0.0146313 0.0100714 0.00264291 0.0145 0.0114434 0.00365476 0.0146313 0.0126743 0.00481874 0.0143819 0.00925731 0.000792968 0.0107524 0.00786656 0.0016056 0.0104793 0.00925731 0.000792968 0.0107524 0.00949183 0.00013021799999999998 0.00894488 0.00925731 0.000792968 0.0107524 0.0107275 0.000363065 0.0118739 0.0136052 0.0026773 0.00062662 0.0141694 0.00124325 0.00120659 0.0136052 0.0026773 0.00062662 0.0147311 0.0038821 0.00140766 0.00565794 0.00285351 0.0052245 0.00401141 0.00216805 0.00448215 0.00565794 0.00285351 0.0052245 0.00612805 0.00122579 0.0061246 0.00565794 0.00285351 0.0052245 0.00560331 0.00402616 0.00370227 0.00547005 0.0011979 0.00339892 0.00487169 0.00246782 0.00246315 0.00547005 0.0011979 0.00339892 0.00435031 0.00015772300000000002 0.0027232 0.00547005 0.0011979 0.00339892 0.00658472 0.00149776 0.00212827 0.00547005 0.0011979 0.00339892 0.0067481 0.00048461899999999994 0.00421367 0.00873178 7.18069e-05 0.0125965 0.00996248 -0.0009487345204829001 0.0133081 0.00873178 7.18069e-05 0.0125965 0.00725205 -0.0007502345204828993 0.0121526 0.00332117 0.00405306 0.010019 0.00335521 0.00217301 0.00989558 0.00332117 0.00405306 0.010019 0.003938 0.00297579 0.0115776 0.00332117 0.00405306 0.010019 0.0013595999999999999 0.00336519 0.00922808 0.00332117 0.00405306 0.010019 0.00271148 0.00498373 0.0118036 0.0065188 0.00839051 0.0144568 0.00802256 0.00718578 0.0144081 0.0065188 0.00839051 0.0144568 0.00506874 0.00918044 0.0135116 0.0065188 0.00839051 0.0144568 0.00811973 0.00890938 0.0134564 0.0065188 0.00839051 0.0144568 0.0057114 0.00742013 0.0129696 0.000174113 0.00283328 0.00320817 -0.00010743452048289989 0.00208936 0.0050048 0.000174113 0.00283328 0.00320817 0.000569228 0.00203879 0.00149169 0.000174113 0.00283328 0.00320817 0.00113244 0.00434141 0.00445949 0.000174113 0.00283328 0.00320817 -0.0006395345204828987 0.0038821 0.00140766 0.00975939 0.0092363 0.0124287 0.00811973 0.00890938 0.0134564 0.00975939 0.0092363 0.0124287 0.0098297 0.00745402 0.0113052 0.00975939 0.0092363 0.0124287 0.00873987 0.0109823 0.0130482 0.00975939 0.0092363 0.0124287 0.00808488 0.00962179 0.0111205 0.00975939 0.0092363 0.0124287 0.0100212 0.00762411 0.01383 0.011771 0.0104891 0.0144033 0.0127007 0.0108652 0.0126797 0.011771 0.0104891 0.0144033 0.0126204 0.0124685 0.0140298 0.011771 0.0104891 0.0144033 0.0132966 0.00907906 0.0135663 0.0105736 0.010927 0.0100025 0.0105405 0.0128175 0.0095057 0.0105736 0.010927 0.0100025 0.0120691 0.0108719 0.00873989 0.0105736 0.010927 0.0100025 0.00965257 0.0119065 0.0114317 0.0105736 0.010927 0.0100025 0.0114897 0.00915935 0.0109173 0.0107071 0.000607339 0.003501 0.0115829 0.00236578 0.00375752 0.0107071 0.000607339 0.003501 0.00915529 0.0016722400000000002 0.00309075 0.0107071 0.000607339 0.003501 0.01043 0.00120582 0.00533443 0.0107071 0.000607339 0.003501 0.0114876 -0.0012973345204828988 0.00278118 0.0107071 0.000607339 0.003501 0.0128523 0.000723253 0.00293194 0.0148676 0.00774939 0.0143645 0.0142465 0.00591211 0.0140632 0.0148676 0.00774939 0.0143645 0.0132966 0.00907906 0.0135663 0.0142465 0.00591211 0.0140632 0.0126743 0.00481874 0.0143819 0.0142465 0.00591211 0.0140632 0.0161497675204829 0.00570903 0.0145045 0.0142465 0.00591211 0.0140632 0.0123152 0.00704323 0.0142356 0.00589499 0.00710444 0.00114879 0.00507205 0.00878956 0.000900969 0.00589499 0.00710444 0.00114879 0.00785695 0.00702792 0.0009833 0.00589499 0.00710444 0.00114879 0.00566975 0.0053011 0.0019373 0.0144938 0.0125585 0.0103693 0.0130682 0.0109068 0.0106005 0.0144938 0.0125585 0.0103693 0.0136244 0.0144372 0.0109374 0.0144938 0.0125585 0.0103693 0.0147823 0.0140638 0.00882267 0.0144938 0.0125585 0.0103693 0.015605755520482899 0.0114449 0.00891905 0.0144938 0.0125585 0.0103693 0.0153302 0.0132881 0.0122819 0.00592949 0.0141912 0.000942827 0.0077038 0.0138268 0.00088762 0.00592949 0.0141912 0.000942827 0.00590617 0.0122644 0.000940984 0.00592949 0.0141912 0.000942827 0.0042561 0.014971 0.000854171 0.00592949 0.0141912 0.000942827 0.00623219 0.0150571 0.00256402 0.00592949 0.0141912 0.000942827 0.00505184 0.0135154 0.00253366 0.0063948 0.00524642 0.00522426 0.00528223 0.00618288 0.00396078 0.0063948 0.00524642 0.00522426 0.00648788 0.00482532 0.00703205 0.0063948 0.00524642 0.00522426 0.00791459 0.0059184 0.00627448 0.0063948 0.00524642 0.00522426 0.00560331 0.00402616 0.00370227 0.0063948 0.00524642 0.00522426 0.00802251 0.00437102 0.00408155 0.00292414 0.0135663 0.0144376 0.00205943 0.0133424 0.0126482 0.00292414 0.0135663 0.0144376 0.001135 0.0141567 0.0144089 0.00292414 0.0135663 0.0144376 0.00328096 0.0120296 0.0132361 0.00292414 0.0135663 0.0144376 0.00418723 0.0139954 0.0127576 0.0137965 0.0027346 0.0061054 0.0152632 0.00208936 0.0050048 0.0137965 0.0027346 0.0061054 0.0123885 0.00156833 0.00684037 0.0137965 0.0027346 0.0061054 0.0128032 0.0034528 0.0076192 0.0137965 0.0027346 0.0061054 0.0135149 0.00237889 0.00417686 0.00620856 0.0138537 0.0135944 0.00713581 0.0153193 0.0144269 0.00620856 0.0138537 0.0135944 0.00725205 0.0146204 0.0121526 0.00620856 0.0138537 0.0135944 0.0082682 0.0134302 0.0142294 0.00620856 0.0138537 0.0135944 0.00418723 0.0139954 0.0127576 0.00620856 0.0138537 0.0135944 0.00539791 0.0119663 0.0128389 0.00035645 0.000646039 0.00902529 -0.00024163452048289855 0.00138894 0.0106933 0.00035645 0.000646039 0.00902529 -0.0006180345204828992 0.00233696 0.00908325 0.00035645 0.000646039 0.00902529 0.0016992599999999997 -0.0005848345204828984 0.00832168 0.00035645 0.000646039 0.00902529 0.00199941 0.00135838 0.00830171 0.00035645 0.000646039 0.00902529 -0.0005883345204828987 -0.0013068345204828987 0.00882267 0.0131466 0.00914377 0.00398927 0.0131697 0.00956822 0.00208568 0.0131466 0.00914377 0.00398927 0.0141461 0.00807365 0.00532744 0.0131466 0.00914377 0.00398927 0.0119223 0.0105447 0.00452425 0.0131466 0.00914377 0.00398927 0.0150629 0.0100049 0.00475304 0.0131466 0.00914377 0.00398927 0.0140249 0.00727946 0.0032499 0.00480891 0.0047009 0.0113988 0.00486798 0.00660491 0.0114124 0.00480891 0.0047009 0.0113988 0.00448698 0.00569677 0.00973162 0.00480891 0.0047009 0.0113988 0.00526425 0.00558093 0.0130744 0.00480891 0.0047009 0.0113988 0.0055864 0.0035919 0.0127817 0.00480891 0.0047009 0.0113988 0.003938 0.00297579 0.0115776 0.00480891 0.0047009 0.0113988 0.00271148 0.00498373 0.0118036 0.00717418 0.00660623 0.00397661 0.00528223 0.00618288 0.00396078 0.00717418 0.00660623 0.00397661 0.00873575 0.00609348 0.0028947 0.00717418 0.00660623 0.00397661 0.00741097 0.00763509 0.00560698 0.00717418 0.00660623 0.00397661 0.00794318 0.00791706 0.0027331 0.0115104 0.012056 0.0117416 0.0133143 0.0125977 0.0119869 0.0115104 0.012056 0.0117416 0.0127007 0.0108652 0.0126797 0.0115104 0.012056 0.0117416 0.00965257 0.0119065 0.0114317 0.0115104 0.012056 0.0117416 0.0130682 0.0109068 0.0106005 0.00079264 0.000369278 0.00536481 -0.0001074345204829006 0.00208936 0.0050048 0.00079264 0.000369278 0.00536481 0.00182278 0.00197374 0.00504228 0.00079264 0.000369278 0.00536481 -0.0008056345204829001 0.000488317 0.00419775 0.00079264 0.000369278 0.00536481 0.00020938 -0.00033943452048290006 0.00705239 0.00079264 0.000369278 0.00536481 0.000791493 -0.0008767345204828993 0.00387165 0.00528223 0.00618288 0.00396078 0.00436875 0.00633361 0.00594134 0.00528223 0.00618288 0.00396078 0.00560331 0.00402616 0.00370227 0.00528223 0.00618288 0.00396078 0.00387612 0.00638259 0.00231648 0.00757073 0.0149229 0.00576712 0.00861077 0.0162106375204829 0.00473938 0.00757073 0.0149229 0.00576712 0.0067481 0.0158552535204829 0.00421367 0.00757073 0.0149229 0.00576712 0.00819413 0.0165549345204829 0.00657694 0.00757073 0.0149229 0.00576712 0.00853508 0.0134227 0.00638612 0.00757073 0.0149229 0.00576712 0.0057041 0.0145039 0.00594182 0.00757073 0.0149229 0.00576712 0.00612805 0.0165964245204829 0.0061246 0.00827226 0.0131248 0.0108958 0.00740919 0.0127512 0.00921572 0.00827226 0.0131248 0.0108958 0.00735752 0.0126629 0.0124635 0.00827226 0.0131248 0.0108958 0.00965257 0.0119065 0.0114317 0.00827226 0.0131248 0.0108958 0.00851659 0.0114416 0.0100705 0.00827226 0.0131248 0.0108958 0.00743457 0.0148893 0.00999036 0.000617085 0.00644941 0.00422873 -0.0004004345204828996 0.0063632 0.00588892 0.000617085 0.00644941 0.00422873 -0.0007379345204828988 0.00521043 0.00376094 0.000617085 0.00644941 0.00422873 0.00198641 0.00713738 0.00306054 0.000617085 0.00644941 0.00422873 0.000370821 0.00603301 0.00209248 0.000617085 0.00644941 0.00422873 0.00113244 0.00434141 0.00445949 0.000617085 0.00644941 0.00422873 0.00143911 0.00837452 0.00481 0.0077038 0.0138268 0.00088762 0.00700069 0.012978 0.00242384 0.0077038 0.0138268 0.00088762 0.00795754 0.0119188 0.000947192 0.0077038 0.0138268 0.00088762 0.00734562 0.0157187205204829 0.000884098 0.0077038 0.0138268 0.00088762 0.00973833 0.0133954 0.00114802 0.0077038 0.0138268 0.00088762 0.008439 0.0149795 0.00259205 0.0131697 0.00956822 0.00208568 0.0150034 0.00921416 0.00273399 0.0131697 0.00956822 0.00208568 0.0114403 0.00914472 0.00281193 0.0131697 0.00956822 0.00208568 0.0116341 0.00996874 0.0008815189999999999 0.0131697 0.00956822 0.00208568 0.0141079 0.0107455 0.0009557189999999998 0.0131697 0.00956822 0.00208568 0.0122225 0.00780686 0.00120339 0.0023806 0.01523 0.0123741 0.00205943 0.0133424 0.0126482 0.0023806 0.01523 0.0123741 0.00242145 0.017040954520482897 0.0130843 0.0023806 0.01523 0.0123741 0.00429687 0.0163285835204829 0.0124946 0.0023806 0.01523 0.0123741 0.00418723 0.0139954 0.0127576 0.0023806 0.01523 0.0123741 0.00241542 0.015648141520482897 0.0101886 0.0152632 0.00208936 0.0050048 0.017193414520482897 0.00197374 0.00504228 0.0152632 0.00208936 0.0050048 0.014565 0.000488317 0.00419775 0.0152632 0.00208936 0.0050048 0.0135149 0.00237889 0.00417686 0.0152632 0.00208936 0.0050048 0.015895597520482897 0.00325497 0.00672988 0.0150034 0.00921416 0.00273399 0.0150737 0.0090537 0.0008666519999999999 0.0150034 0.00921416 0.00273399 0.0148519 0.0110787 0.00285167 0.0150034 0.00921416 0.00273399 0.0150629 0.0100049 0.00475304 0.0150034 0.00921416 0.00273399 0.0140249 0.00727946 0.0032499 0.0153219 0.0130979 0.00702246 0.016639454520482898 0.0138473 0.00594832 0.0153219 0.0130979 0.00702246 0.0151164 0.0112755 0.00652611 0.0153219 0.0130979 0.00702246 0.0155800145204829 0.0150312 0.00705239 0.0153219 0.0130979 0.00702246 0.01399 0.0126145 0.00577972 0.0153219 0.0130979 0.00702246 0.0169819445204829 0.0128973 0.00794303 0.0153219 0.0130979 0.00702246 0.0134722 0.0120354 0.00770315 0.0153219 0.0130979 0.00702246 0.0147823 0.0140638 0.00882267 0.015129 0.00138894 0.0106933 0.0147526 0.00233696 0.00908325 0.015129 0.00138894 0.0106933 0.015452004720482899 0.00329756 0.011013 0.015129 0.00138894 0.0106933 0.016298504520482898 0.00138221 0.0120671 0.015129 0.00138894 0.0106933 0.0158045935204829 -0.00029373452048289846 0.0110798 0.015129 0.00138894 0.0106933 0.0136374 0.000826229 0.009668 0.015129 0.00138894 0.0106933 0.0132919 0.00217992 0.0113592 0.00338584 0.0138859 0.00934699 0.00491834 0.014211 0.00814338 0.00338584 0.0138859 0.00934699 0.00135411 0.0134663 0.0100509 0.00338584 0.0138859 0.00934699 0.0047151 0.0128088 0.0107101 0.00338584 0.0138859 0.00934699 0.00372073 0.0124292 0.00779608 0.00338584 0.0138859 0.00934699 0.00241542 0.015648141520482897 0.0101886 0.0141461 0.00807365 0.00532744 0.0149702 0.0063632 0.00588892 0.0141461 0.00807365 0.00532744 0.0130683 0.00676374 0.00630154 0.0141461 0.00807365 0.00532744 0.0156004605204829 0.00804683 0.00666681 0.0141461 0.00807365 0.00532744 0.0150629 0.0100049 0.00475304 0.0141461 0.00807365 0.00532744 0.0140249 0.00727946 0.0032499 0.00397581 0.0121973 0.00353009 0.003515 0.0109723 0.0049477 0.00397581 0.0121973 0.00353009 0.00393028 0.0139969 0.00401748 0.00397581 0.0121973 0.00353009 0.00505184 0.0135154 0.00253366 0.00397581 0.0121973 0.00353009 0.00486634 0.0102991 0.0033429 0.00397581 0.0121973 0.00353009 0.00216611 0.0132309 0.00289834 0.00803939 0.00702778 0.010163 0.00638136 0.00616202 0.00959631 0.00803939 0.00702778 0.010163 0.00807657 0.00585839 0.0117625 0.00803939 0.00702778 0.010163 0.0091178 0.00538617 0.0102763 0.00803939 0.00702778 0.010163 0.00772183 0.00771192 0.0119861 0.00803939 0.00702778 0.010163 0.0098297 0.00745402 0.0113052 0.00803939 0.00702778 0.010163 0.00651711 0.00842311 0.0094191 0.00829712 0.0114458 0.00443095 0.0100693 0.0109278 0.00393022 0.00829712 0.0114458 0.00443095 0.00823907 0.0115722 0.00628904 0.00829712 0.0114458 0.00443095 0.00693601 0.0101578 0.00419442 0.00829712 0.0114458 0.00443095 0.0080882 0.0133617 0.00457642 0.00829712 0.0114458 0.00443095 0.00766705 0.0111352 0.00266865 0.00126882 0.0138473 0.00594832 0.00048637599999999995 0.012347 0.00507476 0.00126882 0.0138473 0.00594832 0.0002093799999999999 0.0150312 0.00705239 0.00126882 0.0138473 0.00594832 0.0030226 0.0143458 0.00568564 0.00491834 0.014211 0.00814338 0.00374513 0.0157769065204829 0.00801039 0.00491834 0.014211 0.00814338 0.0064872 0.0133465 0.0073152 0.00491834 0.014211 0.00814338 0.00532203 0.015379050490482899 0.00960384 0.00491834 0.014211 0.00814338 0.00659681 0.0152246 0.00779365 0.00491834 0.014211 0.00814338 0.00372073 0.0124292 0.00779608 0.00588674 0.00852358 0.0114412 0.00630637 0.0101197 0.0122873 0.00588674 0.00852358 0.0114412 0.0057114 0.00742013 0.0129696 0.00588674 0.00852358 0.0114412 0.00651711 0.00842311 0.0094191 0.0100714 0.00264291 0.0145 0.00953074 0.00223396 0.0125238 0.0100714 0.00264291 0.0145 0.0118366 0.00210414 0.0133212 0.00218738 0.00233841 0.00320856 0.00353004 0.00377305 0.00307918 0.00218738 0.00233841 0.00320856 0.00182278 0.00197374 0.00504228 0.00218738 0.00233841 0.00320856 0.00401141 0.00216805 0.00448215 0.00218738 0.00233841 0.00320856 0.00258507 0.0002951569999999999 0.00399022 0.00218738 0.00233841 0.00320856 0.00168404 0.0039278 0.00184435 0.00757895 0.00944018 0.00612554 0.00741097 0.00763509 0.00560698 0.00757895 0.00944018 0.00612554 0.00649971 0.0109507 0.00602459 0.00757895 0.00944018 0.00612554 0.00569707 0.0093921 0.0067877 0.00757895 0.00944018 0.00612554 0.00721159 0.0103469 0.00807194 0.00757895 0.00944018 0.00612554 0.00937074 0.00824179 0.00583309 0.0105379 0.0105303 0.00585475 0.00986433 0.01228 0.00561023 0.0105379 0.0105303 0.00585475 0.0119223 0.0105447 0.00452425 0.0105379 0.0105303 0.00585475 0.0106113 0.00965805 0.00784208 0.0105379 0.0105303 0.00585475 0.0116313 0.00866133 0.00591582 0.00422419 0.000387897 0.00572874 0.00290513 0.0014853499999999999 0.00660666 0.00422419 0.000387897 0.00572874 0.0030226 -0.0010248345204828986 0.00568564 0.00422419 0.000387897 0.00572874 0.0057041 -0.0008667345204828989 0.00594182 0.00422419 0.000387897 0.00572874 0.00401141 0.00216805 0.00448215 0.00422419 0.000387897 0.00572874 0.00612805 0.00122579 0.0061246 0.00292737 0.00536045 0.003963 0.00353004 0.00377305 0.00307918 0.00292737 0.00536045 0.003963 0.00329754 0.00720364 0.00436879 0.00292737 0.00536045 0.003963 0.00113244 0.00434141 0.00445949 0.00292737 0.00536045 0.003963 0.00387612 0.00638259 0.00231648 0.00159165 0.0109355 0.00667666 -0.00025423452048289885 0.0112755 0.00652611 0.00159165 0.0109355 0.00667666 0.00163878 0.00913126 0.00746235 0.00456813 0.00876622 0.0083155 0.00506421 0.0106465 0.00814377 0.00456813 0.00876622 0.0083155 0.00451728 0.00767029 0.00986101 0.00456813 0.00876622 0.0083155 0.00381806 0.00693736 0.00819685 0.00456813 0.00876622 0.0083155 0.00344451 0.00845146 0.0065151 0.00456813 0.00876622 0.0083155 0.0041424 0.0100796 0.0100102 0.0145561 0.0105624 0.0144373 0.016430334520482898 0.0101758 0.0144407 0.0145561 0.0105624 0.0144373 0.0132966 0.00907906 0.0135663 0.003515 0.0109723 0.0049477 0.00465999 0.0111545 0.0063915 0.003515 0.0109723 0.0049477 0.00341773 0.00913177 0.00452802 0.003515 0.0109723 0.0049477 0.00163724 0.0108783 0.00452183 0.003515 0.0109723 0.0049477 0.0024492 0.0126219 0.00489686 0.003515 0.0109723 0.0049477 0.00486634 0.0102991 0.0033429 0.0153522 0.0093073 0.0127918 0.017211104520482898 0.00891214 0.0132559 0.0153522 0.0093073 0.0127918 0.0142618 0.00750098 0.0120611 0.0153522 0.0093073 0.0127918 0.0132966 0.00907906 0.0135663 0.00487169 0.00246782 0.00246315 0.00353004 0.00377305 0.00307918 0.00487169 0.00246782 0.00246315 0.00658472 0.00149776 0.00212827 0.00487169 0.00246782 0.00246315 0.00355531 0.00309663 0.00125337 0.00487169 0.00246782 0.00246315 0.00442357 0.00148839 0.000888502 0.00487169 0.00246782 0.00246315 0.00401141 0.00216805 0.00448215 0.00487169 0.00246782 0.00246315 0.00560331 0.00402616 0.00370227 0.00487169 0.00246782 0.00246315 0.00637274 0.00341169 0.00121019 0.00873575 0.00609348 0.0028947 0.00794318 0.00791706 0.0027331 0.00873575 0.00609348 0.0028947 0.0104475 0.00491275 0.00372429 0.00873575 0.00609348 0.0028947 0.00831006 0.00487465 0.00114301 0.00873575 0.00609348 0.0028947 0.0099988 0.00770824 0.00356333 0.00873575 0.00609348 0.0028947 0.00802251 0.00437102 0.00408155 0.00873575 0.00609348 0.0028947 0.0101893 0.00632024 0.00131599 0.00637501 0.00623761 0.0144754 0.00802256 0.00718578 0.0144081 0.00637501 0.00623761 0.0144754 0.00448544 0.00680444 0.0143758 0.00637501 0.00623761 0.0144754 0.00526425 0.00558093 0.0130744 0.0147526 0.00233696 0.00908325 0.0136374 0.0008262289999999999 0.009668 0.0147526 0.00233696 0.00908325 0.0128092 0.0025478 0.00931364 0.0147526 0.00233696 0.00908325 0.0140603 0.00435988 0.00968527 0.0147526 0.00233696 0.00908325 0.0167302345204829 0.00336519 0.00922808 0.0126743 0.00481874 0.0143819 0.0116873 0.00422744 0.0127785 0.0126743 0.00481874 0.0143819 0.01076 0.00528444 0.0144272 0.0118191 0.00114343 0.0101672 0.0102011 0.00215464 0.00997023 0.0118191 0.00114343 0.0101672 0.0136374 0.000826229 0.009668 0.0118191 0.00114343 0.0101672 0.0111243 -0.0006146345204828983 0.0100516 0.0118191 0.00114343 0.0101672 0.0128092 0.0025478 0.00931364 0.0118191 0.00114343 0.0101672 0.0107275 0.000363065 0.0118739 0.0118191 0.00114343 0.0101672 0.0132919 0.00217992 0.0113592 0.00484696 0.00194782 0.00861029 0.00666201 0.00131922 0.00904682 0.00484696 0.00194782 0.00861029 0.00374513 0.00040627200000000006 0.00801039 0.00484696 0.00194782 0.00861029 0.00454689 0.00251744 0.00673626 0.00484696 0.00194782 0.00861029 0.00335521 0.00217301 0.00989558 0.00484696 0.00194782 0.00861029 0.00317724 0.00290011 0.00807727 0.00741097 0.00763509 0.00560698 0.00791459 0.0059184 0.00627448 0.00741097 0.00763509 0.00560698 0.00640139 0.00704229 0.00747139 0.00741097 0.00763509 0.00560698 0.00572787 0.00844131 0.00453402 0.00741097 0.00763509 0.00560698 0.00937074 0.00824179 0.00583309 0.0125791 0.00901082 0.00895595 0.0141709 0.00797178 0.00935235 0.0125791 0.00901082 0.00895595 0.0120691 0.0108719 0.00873989 0.0125791 0.00901082 0.00895595 0.0114897 0.00915935 0.0109173 0.00169926 0.0147858 0.00832168 0.00199941 0.0167290145204829 0.00830171 0.00169926 0.0147858 0.00832168 0.0002093800000000001 0.0150312 0.00705239 0.00169926 0.0147858 0.00832168 0.00161131 0.0128973 0.00794303 0.00169926 0.0147858 0.00832168 0.00135411 0.0134663 0.0100509 0.00169926 0.0147858 0.00832168 0.00241542 0.015648141520482897 0.0101886 0.0094698 0.0151027 0.00646499 0.00819413 0.0165549345204829 0.00657694 0.0094698 0.0151027 0.00646499 0.0104968 0.0140479 0.00515521 0.0094698 0.0151027 0.00646499 0.00853508 0.0134227 0.00638612 0.0094698 0.0151027 0.00646499 0.0106527 0.0163733945204829 0.00727347 0.0094698 0.0151027 0.00646499 0.010603 0.0134602 0.00736035 0.00465999 0.0111545 0.0063915 0.00649971 0.0109507 0.00602459 0.00465999 0.0111545 0.0063915 0.00506421 0.0106465 0.00814377 0.00465999 0.0111545 0.0063915 0.00424952 0.0128553 0.00560809 0.00465999 0.0111545 0.0063915 0.00372073 0.0124292 0.00779608 0.00590617 0.0122644 0.000940984 0.00700069 0.012978 0.00242384 0.00590617 0.0122644 0.000940984 0.00432076 0.011315 0.00149917 0.0123885 0.00156833 0.00684037 0.013419 0.00024022400000000004 0.00787082 0.0123885 0.00156833 0.00684037 0.0129979 0.000805923 0.00521446 0.0123885 0.00156833 0.00684037 0.0106527 0.00100276 0.00727347 0.0121122 0.00381103 0.0106619 0.0103515 0.00382456 0.0112904 0.0121122 0.00381103 0.0106619 0.0128092 0.0025478 0.00931364 0.0121122 0.00381103 0.0106619 0.0140603 0.00435988 0.00968527 0.0121122 0.00381103 0.0106619 0.0137692 0.00434047 0.0120722 0.0121122 0.00381103 0.0106619 0.0132919 0.00217992 0.0113592 0.0102011 0.00215464 0.00997023 0.00874496 0.00336308 0.0104407 0.0102011 0.00215464 0.00997023 0.00914099 0.00225174 0.00806007 0.00649971 0.0109507 0.00602459 0.00823907 0.0115722 0.00628904 0.00649971 0.0109507 0.00602459 0.00617176 0.0127114 0.00553547 0.00649971 0.0109507 0.00602459 0.00569707 0.0093921 0.0067877 8.13702e-05 0.00329756 0.011013 -0.00043443452048289895 0.00258243 0.0127666 8.13702e-05 0.00329756 0.011013 -0.0013103345204828996 0.00435988 0.00968527 8.13702e-05 0.00329756 0.011013 -0.0016014345204828986 0.00434047 0.0120722 8.13702e-05 0.00329756 0.011013 0.000645147 0.00446408 0.0127929 8.13702e-05 0.00329756 0.011013 0.0013596 0.00336519 0.00922808 0.00666201 0.00131922 0.00904682 0.00786656 0.0016056 0.0104793 0.00666201 0.00131922 0.00904682 0.00532203 8.415969999999925e-06 0.00960384 0.00666201 0.00131922 0.00904682 0.00659681 -0.00014603452048289893 0.00779365 0.00666201 0.00131922 0.00904682 0.00743457 -0.0004813345204828991 0.00999036 0.00666201 0.00131922 0.00904682 0.00570693 0.00174812 0.0108613 0.00666201 0.00131922 0.00904682 0.00683303 0.00286057 0.00768509 0.00288363 0.0139019 0.00108259 0.0042561 0.014971 0.000854171 0.00288363 0.0139019 0.00108259 0.00190463 0.0152701 0.00195021 0.00288363 0.0139019 0.00108259 0.00167066 0.0125675 0.000843618 0.00288363 0.0139019 0.00108259 0.00216611 0.0132309 0.00289834 0.00317955 0.0102793 0.00779309 0.00506421 0.0106465 0.00814377 0.00317955 0.0102793 0.00779309 0.00163878 0.00913126 0.00746235 0.00317955 0.0102793 0.00779309 0.00237147 0.0111805 0.00931465 0.00317955 0.0102793 0.00779309 0.00344451 0.00845146 0.0065151 0.00317955 0.0102793 0.00779309 0.00372073 0.0124292 0.00779608 0.0149702 0.0063632 0.00588892 0.0146204 0.00448616 0.00546627 0.0149702 0.0063632 0.00588892 0.0130683 0.00676374 0.00630154 0.0149702 0.0063632 0.00588892 0.0156004605204829 0.00804683 0.00666681 0.000124501 0.00487725 0.00813646 -0.00011473452048290066 0.0068442 0.00816808 0.000124501 0.00487725 0.00813646 0.00184054 0.00548924 0.00880799 0.000124501 0.00487725 0.00813646 0.00124312 0.00537173 0.00664681 0.000124501 0.00487725 0.00813646 -0.0016059345204829005 0.00563893 0.00772132 0.000124501 0.00487725 0.00813646 -0.0013103345204829005 0.00435988 0.00968527 0.000124501 0.00487725 0.00813646 0.000524963 0.00325497 0.00672988 0.000124501 0.00487725 0.00813646 0.0013596 0.00336519 0.00922808 0.0152559 0.0068442 0.00816808 0.0141709 0.00797178 0.00935235 0.0152559 0.0068442 0.00816808 0.0137647 0.00563893 0.00772132 0.0152559 0.0068442 0.00816808 0.0156004605204829 0.00804683 0.00666681 0.0010597 0.0101758 0.0144407 0.00184047 0.00891214 0.0132559 0.0010597 0.0101758 0.0144407 0.00296646 0.0105623 0.0144367 0.0010597 0.0101758 0.0144407 0.000996764 0.01125 0.0128214 0.00700069 0.012978 0.00242384 0.00620648 0.01194 0.0037954 0.00700069 0.012978 0.00242384 0.00766705 0.0111352 0.00266865 0.0136538 0.002775 0.0144004 0.0118366 0.00210414 0.0133212 0.000779133 0.00570903 0.0145045 0.00196684 0.00717244 0.0144062 0.000779133 0.00570903 0.0145045 0.000645147 0.00446408 0.0127929 0.0115829 0.00236578 0.00375752 0.0135149 0.00237889 0.00417686 0.0115829 0.00236578 0.00375752 0.0120291 0.00336225 0.00539971 0.0115829 0.00236578 0.00375752 0.0128523 0.0007232530000000001 0.00293194 0.00704337 0.00489268 0.0131249 0.00807657 0.00585839 0.0117625 0.00704337 0.00489268 0.0131249 0.00526425 0.00558093 0.0130744 0.00704337 0.00489268 0.0131249 0.0055864 0.0035919 0.0127817 0.00704337 0.00489268 0.0131249 0.00739107 0.00303625 0.0120022 0.00704337 0.00489268 0.0131249 0.00920567 0.00458417 0.0130632 0.00415418 0.00247236 0.0141488 0.00563893 0.00117094 0.0144176 0.00415418 0.00247236 0.0141488 0.00395075 0.00428928 0.0133566 0.00415418 0.00247236 0.0141488 0.00429687 0.000957949 0.0124946 0.014783 0.000146373 0.0127369 0.0133374 -0.0009760345204828987 0.0135331 0.014783 0.000146373 0.0127369 0.0158045935204829 -0.00029373452048289846 0.0110798 0.014783 0.000146373 0.0127369 0.0162729265204829 0.000913855 0.0142381 0.00996248 0.0144219 0.0133081 0.010818 0.0158297405204829 0.0143994 0.00996248 0.0144219 0.0133081 0.0082682 0.0134302 0.0142294 0.00996248 0.0144219 0.0133081 0.0107275 0.015733699520482897 0.0118739 0.00802256 0.00718578 0.0144081 0.00811973 0.00890938 0.0134564 0.00802256 0.00718578 0.0144081 0.0100212 0.00762411 0.01383 0.0132739 0.00486282 0.00259658 0.0132044 0.00584453 0.0009639480000000001 0.0132739 0.00486282 0.00259658 0.0146327 0.00521043 0.00376094 0.0132739 0.00486282 0.00259658 0.0118988 0.00616344 0.00259481 0.0132739 0.00486282 0.00259658 0.0127582 0.00557857 0.00426021 0.0132739 0.00486282 0.00259658 0.0129842 0.00290809 0.00238016 0.0132739 0.00486282 0.00259658 0.0147311 0.0038821 0.00140766 0.0132739 0.00486282 0.00259658 0.0116419 0.00433572 0.00136481 0.0042561 0.014971 0.000854171 0.00435031 0.0155283575204829 0.0027232 0.0042561 0.014971 0.000854171 0.00442357 0.0168590245204829 0.000888502 0.0100693 0.0109278 0.00393022 0.00872465 0.00955281 0.0035058 0.0100693 0.0109278 0.00393022 0.0119223 0.0105447 0.00452425 0.0100693 0.0109278 0.00393022 0.011211 0.0125173 0.00424896 0.0100693 0.0109278 0.00393022 0.0116272 0.0113114 0.00247078 0.0133143 0.0125977 0.0119869 0.0119319 0.0139659 0.0123015 0.0133143 0.0125977 0.0119869 0.0127007 0.0108652 0.0126797 0.0133143 0.0125977 0.0119869 0.0126204 0.0124685 0.0140298 0.0133143 0.0125977 0.0119869 0.0130682 0.0109068 0.0106005 0.0133143 0.0125977 0.0119869 0.0136244 0.0144372 0.0109374 0.0133143 0.0125977 0.0119869 0.0153302 0.0132881 0.0122819 0.00205943 0.0133424 0.0126482 0.00328096 0.0120296 0.0132361 0.00205943 0.0133424 0.0126482 0.00418723 0.0139954 0.0127576 0.00205943 0.0133424 0.0126482 -4.043452048289788e-05 0.0132881 0.0122819 0.00374513 0.000406272 0.00801039 0.00290513 0.00148535 0.00660666 0.00861077 0.000840003 0.00473938 0.00915529 0.00167224 0.00309075 0.00861077 0.000840003 0.00473938 0.0067481 0.000484619 0.00421367 0.00861077 0.000840003 0.00473938 0.00819413 0.0011843 0.00657694 0.00861077 0.000840003 0.00473938 0.01043 0.00120582 0.00533443 0.0128325 0.000406028 0.012376 0.0133374 -0.000976034520482898 0.0135331 0.0128325 0.000406028 0.012376 0.0118366 0.00210414 0.0133212 0.0128325 0.000406028 0.012376 0.0136244 -0.0009334345204828977 0.0109374 0.0128325 0.000406028 0.012376 0.0107275 0.000363065 0.0118739 0.0128325 0.000406028 0.012376 0.0132919 0.00217992 0.0113592 0.00353004 0.00377305 0.00307918 0.00355531 0.00309663 0.00125337 0.00353004 0.00377305 0.00307918 0.00401141 0.00216805 0.00448215 0.00353004 0.00377305 0.00307918 0.00560331 0.00402616 0.00370227 0.00353004 0.00377305 0.00307918 0.00168404 0.0039278 0.00184435 0.0043541 0.0103056 0.0121294 0.00630637 0.0101197 0.0122873 0.0043541 0.0103056 0.0121294 0.00506874 0.00918044 0.0135116 0.0043541 0.0103056 0.0121294 0.00246622 0.01025 0.0120323 0.0043541 0.0103056 0.0121294 0.0041424 0.0100796 0.0100102 0.0043541 0.0103056 0.0121294 0.00350916 0.00837489 0.0116218 0.0043541 0.0103056 0.0121294 0.00539791 0.0119663 0.0128389 0.0126495 0.00605393 0.0123962 0.0123152 0.00704323 0.0142356 0.0126495 0.00605393 0.0123962 0.0125594 0.00703965 0.0104385 0.0126495 0.00605393 0.0123962 0.0137692 0.00434047 0.0120722 0.0126495 0.00605393 0.0123962 0.0142618 0.00750098 0.0120611 0.00740919 0.0127512 0.00921572 0.00561265 0.0124423 0.00877662 0.00740919 0.0127512 0.00921572 0.00817139 0.0140634 0.00808668 0.00740919 0.0127512 0.00921572 0.00851659 0.0114416 0.0100705 0.00915529 0.00167224 0.00309075 0.00820859 0.00311557 0.00231486 0.00915529 0.00167224 0.00309075 0.008439 -0.00039113452048289963 0.00259205 0.00393028 0.0139969 0.00401748 0.00424952 0.0128553 0.00560809 0.00393028 0.0139969 0.00401748 0.0030226 0.0143458 0.00568564 0.00393028 0.0139969 0.00401748 0.00505184 0.0135154 0.00253366 0.00393028 0.0139969 0.00401748 0.00216611 0.0132309 0.00289834 0.00393028 0.0139969 0.00401748 0.00258507 0.015665791520482898 0.00399022 0.00713581 0.0153193 0.0144269 0.00889286 0.016172727520482898 0.014261 0.00713581 0.0153193 0.0144269 0.00563893 0.0165415745204829 0.0144176 0.00713581 0.0153193 0.0144269 0.0082682 0.0134302 0.0142294 0.0114403 0.00914472 0.00281193 0.0122225 0.00780686 0.00120339 0.0114403 0.00914472 0.00281193 0.0099988 0.00770824 0.00356333 0.0114403 0.00914472 0.00281193 0.0116272 0.0113114 0.00247078 0.00341773 0.00913177 0.00452802 0.00329754 0.00720364 0.00436879 0.00341773 0.00913177 0.00452802 0.00416555 0.00830568 0.00301498 0.00341773 0.00913177 0.00452802 0.00486634 0.0102991 0.0033429 0.00341773 0.00913177 0.00452802 0.00344451 0.00845146 0.0065151 0.00341773 0.00913177 0.00452802 0.00245443 0.0098718 0.00280099 0.00341773 0.00913177 0.00452802 0.00143911 0.00837452 0.00481 0.0116341 0.00996874 0.000881519 0.00992399 0.00866966 0.0011797 0.0116341 0.00996874 0.000881519 0.0116272 0.0113114 0.00247078 0.0152161 0.00971988 0.00766541 0.0151164 0.0112755 0.00652611 0.0152161 0.00971988 0.00766541 0.0170094145204829 0.00913126 0.00746235 0.0152161 0.00971988 0.00766541 0.0156004605204829 0.00804683 0.00666681 0.0152161 0.00971988 0.00766541 0.0134476 0.00996215 0.00643966 0.0152161 0.00971988 0.00766541 0.015605755520482899 0.0114449 0.00891905 0.000486376 0.012347 0.00507476 -0.000254234520482899 0.0112755 0.00652611 0.000486376 0.012347 0.00507476 0.00163724 0.0108783 0.00452183 0.000486376 0.012347 0.00507476 0.0024492 0.0126219 0.00489686 0.0146204 0.00448616 0.00546627 0.0146327 0.00521043 0.00376094 0.0146204 0.00448616 0.00546627 0.0165030745204829 0.00434141 0.00445949 0.0146204 0.00448616 0.00546627 0.015895597520482897 0.00325497 0.00672988 0.00199941 0.00135838 0.00830171 0.00290513 0.00148535 0.00660666 0.00199941 0.00135838 0.00830171 0.00317724 0.00290011 0.00807727 0.00199941 0.00135838 0.00830171 0.00241542 0.00027750699999999997 0.0101886 0.00310005 0.00529155 0.00719383 0.00486577 0.00536557 0.00786375 0.00310005 0.00529155 0.00719383 0.00124312 0.00537173 0.00664681 0.00310005 0.00529155 0.00719383 0.00277041 0.00359504 0.00603011 0.00310005 0.00529155 0.00719383 0.00436875 0.00633361 0.00594134 0.0141709 0.00797178 0.00935235 0.0147755 0.00965921 0.00993437 0.0141709 0.00797178 0.00935235 0.0137936 0.00810126 0.00746735 0.0141709 0.00797178 0.00935235 0.0125594 0.00703965 0.0104385 0.0141709 0.00797178 0.00935235 0.0161516565204829 0.00762729 0.0101265 0.00976742 0.00337406 0.0011585 0.00820859 0.00311557 0.00231486 0.00976742 0.00337406 0.0011585 0.00858778 0.00183319 0.000948601 0.00976742 0.00337406 0.0011585 0.00831006 0.00487465 0.00114301 0.00976742 0.00337406 0.0011585 0.0116419 0.00433572 0.00136481 0.013419 0.000240224 0.00787082 0.0136374 0.000826229 0.009668 0.013419 0.000240224 0.00787082 0.0135108 -0.0010157345204828995 0.00645274 0.013419 0.000240224 0.00787082 0.014865 0.00142743 0.00719306 0.0150737 0.0090537 0.000866652 0.014364 0.00735256 0.00105382 0.0150737 0.0090537 0.000866652 0.0141079 0.0107455 0.000955719 0.0150737 0.0090537 0.000866652 0.0159931175204829 0.0107552 0.000970155 0.0150737 0.0090537 0.000866652 0.0169447645204829 0.00799594 0.00116857 0.00195193 0.00299445 0.0117182 0.0009278700000000001 0.00138221 0.0120671 0.00195193 0.00299445 0.0117182 0.003938 0.00297579 0.0115776 0.00195193 0.00299445 0.0117182 0.00242145 0.00167032 0.0130843 0.00195193 0.00299445 0.0117182 0.000645147 0.00446408 0.0127929 0.00195193 0.00299445 0.0117182 0.00271148 0.00498373 0.0118036 0.0151164 0.0112755 0.00652611 0.01399 0.0126145 0.00577972 0.0151164 0.0112755 0.00652611 0.0134476 0.00996215 0.00643966 0.0151164 0.0112755 0.00652611 0.0134722 0.0120354 0.00770315 0.0151164 0.0112755 0.00652611 0.0150629 0.0100049 0.00475304 0.00638136 0.00616202 0.00959631 0.00448698 0.00569677 0.00973162 0.00638136 0.00616202 0.00959631 0.00726796 0.00464391 0.0105155 0.00872465 0.00955281 0.0035058 0.00794318 0.00791706 0.0027331 0.00872465 0.00955281 0.0035058 0.0099988 0.00770824 0.00356333 0.00435031 0.000157723 0.0027232 0.00623219 -0.00031353452048289905 0.00256402 0.00435031 0.000157723 0.0027232 0.00258507 0.000295157 0.00399022 0.00432076 0.011315 0.00149917 0.00249763 0.0108497 0.000911621 0.00432076 0.011315 0.00149917 0.00486634 0.0102991 0.0033429 0.00807657 0.00585839 0.0117625 0.0091178 0.00538617 0.0102763 0.00807657 0.00585839 0.0117625 0.00772183 0.00771192 0.0119861 0.00807657 0.00585839 0.0117625 0.00726796 0.00464391 0.0105155 0.00807657 0.00585839 0.0117625 0.00920567 0.00458417 0.0130632 0.00486798 0.00660491 0.0114124 0.00448698 0.00569677 0.00973162 0.00486798 0.00660491 0.0114124 0.00451728 0.00767029 0.00986101 0.00486798 0.00660491 0.0114124 0.00526425 0.00558093 0.0130744 0.00486798 0.00660491 0.0114124 0.0057114 0.00742013 0.0129696 0.00486798 0.00660491 0.0114124 0.00350916 0.00837489 0.0116218 0.00630637 0.0101197 0.0122873 0.00506874 0.00918044 0.0135116 0.00630637 0.0101197 0.0122873 0.00675671 0.0107337 0.0142936 0.00630637 0.0101197 0.0122873 0.00635759 0.0110301 0.010236 0.00630637 0.0101197 0.0122873 0.00808488 0.00962179 0.0111205 0.00630637 0.0101197 0.0122873 0.00539791 0.0119663 0.0128389 0.0110439 0.00402159 0.00697564 0.011864 0.00532912 0.00589607 0.0110439 0.00402159 0.00697564 0.0128032 0.0034528 0.0076192 0.0110439 0.00402159 0.00697564 0.00962644 0.00538543 0.0070551 0.0110439 0.00402159 0.00697564 0.0112157 0.00258746 0.0082731 0.0110439 0.00402159 0.00697564 0.0120291 0.00336225 0.00539971 0.0110439 0.00402159 0.00697564 0.010528 0.00466616 0.00870399 0.00506421 0.0106465 0.00814377 0.00561265 0.0124423 0.00877662 0.00506421 0.0106465 0.00814377 0.00569707 0.0093921 0.0067877 0.00506421 0.0106465 0.00814377 0.0041424 0.0100796 0.0100102 0.00506421 0.0106465 0.00814377 0.00721159 0.0103469 0.00807194 0.0148519 0.0110787 0.00285167 0.015655998520482897 0.0125984 0.00208086 0.0148519 0.0110787 0.00285167 0.0133128 0.0121297 0.00387543 0.0148519 0.0110787 0.00285167 0.0150629 0.0100049 0.00475304 0.0130539 0.000690971 0.0144687 0.0133374 -0.000976034520482899 0.0135331 0.0130539 0.000690971 0.0144687 0.0118366 0.00210414 0.0133212 0.0147755 0.00965921 0.00993437 0.0165606145204829 0.00998191 0.0105181 0.0147755 0.00965921 0.00993437 0.0150539 0.0108343 0.0114893 0.0147755 0.00965921 0.00993437 0.0130682 0.0109068 0.0106005 0.0147755 0.00965921 0.00993437 0.015605755520482899 0.0114449 0.00891905 0.00648788 0.00482532 0.00703205 0.00486577 0.00536557 0.00786375 0.00648788 0.00482532 0.00703205 0.00791459 0.0059184 0.00627448 0.00648788 0.00482532 0.00703205 0.00487401 0.00426476 0.00609149 0.00648788 0.00482532 0.00703205 0.00801305 0.00494886 0.00850915 0.00648788 0.00482532 0.00703205 0.00683303 0.00286057 0.00768509 0.00561265 0.0124423 0.00877662 0.0064872 0.0133465 0.0073152 0.00561265 0.0124423 0.00877662 0.0047151 0.0128088 0.0107101 0.00561265 0.0124423 0.00877662 0.00372073 0.0124292 0.00779608 0.00561265 0.0124423 0.00877662 0.00635759 0.0110301 0.010236 0.00874496 0.00336308 0.0104407 0.0103515 0.00382456 0.0112904 0.00874496 0.00336308 0.0104407 0.00726796 0.00464391 0.0105155 0.00874496 0.00336308 0.0104407 0.00786656 0.0016056 0.0104793 0.00874496 0.00336308 0.0104407 0.00739107 0.00303625 0.0120022 0.000414716 0.00301974 0.014435 -0.00043443452048289976 0.00258243 0.0127666 0.000414716 0.00301974 0.014435 0.000645147 0.00446408 0.0127929 0.000414716 0.00301974 0.014435 0.000902292 0.0009138549999999999 0.0142381 0.012239 0.00113018 0.000941556 0.0127676 -0.0006803345204828991 0.000955029 0.012239 0.00113018 0.000941556 0.0141694 0.00124325 0.00120659 0.012239 0.00113018 0.000941556 0.010253 0.00038600700000000006 0.00120378 0.012239 0.00113018 0.000941556 0.0128523 0.000723253 0.00293194 0.00448544 0.00680444 0.0143758 0.00526425 0.00558093 0.0130744 0.00448544 0.00680444 0.0143758 0.00339311 0.00839302 0.0144698 0.00448544 0.00680444 0.0143758 0.0057114 0.00742013 0.0129696 0.00658472 0.00149776 0.00212827 0.00705966 0.00243753 0.00369211 0.00658472 0.00149776 0.00212827 0.00734562 0.00034808600000000006 0.000884098 0.00658472 0.00149776 0.00212827 0.00623219 -0.0003135345204828995 0.00256402 0.00658472 0.00149776 0.00212827 0.00637274 0.00341169 0.00121019 0.0067481 0.000484619 0.00421367 0.00623219 -0.0003135345204828992 0.00256402 0.0067481 0.000484619 0.00421367 0.00632003 -0.0014521345204828993 0.00406178 0.0067481 0.000484619 0.00421367 0.00612805 0.00122579 0.0061246 0.00795754 0.0119188 0.000947192 0.00766705 0.0111352 0.00266865 0.00448698 0.00569677 0.00973162 0.00486577 0.00536557 0.00786375 0.00448698 0.00569677 0.00973162 0.00451728 0.00767029 0.00986101 0.00448698 0.00569677 0.00973162 0.00281581 0.00676473 0.00989842 0.00986433 0.01228 0.00561023 0.00823907 0.0115722 0.00628904 0.00986433 0.01228 0.00561023 0.0104968 0.0140479 0.00515521 0.00986433 0.01228 0.00561023 0.011211 0.0125173 0.00424896 0.00986433 0.01228 0.00561023 0.00853508 0.0134227 0.00638612 0.00986433 0.01228 0.00561023 0.010603 0.0134602 0.00736035 0.0122594 0.00555426 0.0088999 0.0107004 0.00621795 0.00973315 0.0122594 0.00555426 0.0088999 0.0137647 0.00563893 0.00772132 0.0122594 0.00555426 0.0088999 0.010528 0.00466616 0.00870399 0.0122594 0.00555426 0.0088999 0.0112013 0.00684114 0.00750121 0.0122594 0.00555426 0.0088999 0.0125594 0.00703965 0.0104385 0.00182278 0.00197374 0.00504228 0.00290513 0.00148535 0.00660666 0.00182278 0.00197374 0.00504228 0.00277041 0.00359504 0.00603011 0.00182278 0.00197374 0.00504228 0.00258507 0.0002951569999999999 0.00399022 0.00725205 0.0146204 0.0121526 0.00735752 0.0126629 0.0124635 0.00725205 0.0146204 0.0121526 0.00743457 0.0148893 0.00999036 0.00092787 0.00138221 0.0120671 -0.00043443452048289976 0.00258243 0.0127666 0.00092787 0.00138221 0.0120671 0.00242145 0.00167032 0.0130843 0.00092787 0.00138221 0.0120671 0.000902292 0.000913855 0.0142381 0.0105405 0.0128175 0.0095057 0.00925651 0.0116049 0.00812156 0.0105405 0.0128175 0.0095057 0.0124574 0.0137804 0.00887514 0.0105405 0.0128175 0.0095057 0.010603 0.0134602 0.00736035 0.0133374 0.0143946 0.0135331 0.0119319 0.0139659 0.0123015 0.0133374 0.0143946 0.0135331 0.0147705 0.0135471 0.0143685 0.0133374 0.0143946 0.0135331 0.0126204 0.0124685 0.0140298 0.011864 0.00532912 0.00589607 0.0130683 0.00676374 0.00630154 0.011864 0.00532912 0.00589607 0.0102803 0.00631212 0.00546378 0.011864 0.00532912 0.00589607 0.0127582 0.00557857 0.00426021 0.0132044 0.00584453 0.000963948 0.014364 0.00735256 0.00105382 0.0132044 0.00584453 0.000963948 0.0122225 0.00780686 0.00120339 0.0132044 0.00584453 0.000963948 0.0116419 0.00433572 0.00136481 0.0149362 0.00258243 0.0127666 0.0137692 0.00434047 0.0120722 0.0149362 0.00258243 0.0127666 0.0160157815204829 0.00446408 0.0127929 0.0149362 0.00258243 0.0127666 0.0132919 0.00217992 0.0113592 0.00377715 0.000514191 0.0144878 0.00563893 0.00117094 0.0144176 0.00377715 0.000514191 0.0144878 0.00429687 0.000957949 0.0124946 0.00939229 0.0106789 0.00173092 0.00992399 0.00866966 0.0011797 0.00486577 0.00536557 0.00786375 0.00381806 0.00693736 0.00819685 0.00486577 0.00536557 0.00786375 0.00436875 0.00633361 0.00594134 0.000433959 0.0150769 0.0110798 0.00135411 0.0134663 0.0100509 0.000433959 0.0150769 0.0110798 0.00241542 0.015648141520482897 0.0101886 0.000433959 0.0150769 0.0110798 -4.0434520482898154e-05 0.0132881 0.0122819 0.00794318 0.00791706 0.0027331 0.00785695 0.00702792 0.0009833 0.00794318 0.00791706 0.0027331 0.00706887 0.00948763 0.00191238 0.00794318 0.00791706 0.0027331 0.0099988 0.00770824 0.00356333 0.00705966 0.00243753 0.00369211 0.00820859 0.00311557 0.00231486 0.00705966 0.00243753 0.00369211 0.00770891 0.00256426 0.00542668 0.00705966 0.00243753 0.00369211 0.00560331 0.00402616 0.00370227 0.00705966 0.00243753 0.00369211 0.00802251 0.00437102 0.00408155 0.0116873 0.00422744 0.0127785 0.0106687 0.00558336 0.0118022 0.0116873 0.00422744 0.0127785 0.0118366 0.00210414 0.0133212 0.0116873 0.00422744 0.0127785 0.0137692 0.00434047 0.0120722 0.00163724 0.0108783 0.00452183 0.0024492 0.0126219 0.00489686 0.00163724 0.0108783 0.00452183 -0.00030773452048289836 0.0100049 0.00475304 0.00163724 0.0108783 0.00452183 0.00245443 0.0098718 0.00280099 0.000285364 0.0125984 0.00208086 0.00167066 0.0125675 0.000843618 0.000285364 0.0125984 0.00208086 -0.0015850345204828987 0.0128144 0.00115442 0.000285364 0.0125984 0.00208086 0.00216611 0.0132309 0.00289834 0.001135 0.0141567 0.0144089 -0.0006001345204828992 0.0135471 0.0143685 0.001135 0.0141567 0.0144089 0.000902292 0.0162844895204829 0.0142381 0.00506874 0.00918044 0.0135116 0.0057114 0.00742013 0.0129696 0.00184047 0.00891214 0.0132559 0.00246622 0.01025 0.0120323 0.00184047 0.00891214 0.0132559 0.00167177 0.0070048 0.0122842 0.00184054 0.00548924 0.00880799 0.00281581 0.00676473 0.00989842 0.00184054 0.00548924 0.00880799 0.00192045 0.00737731 0.00824591 0.00184054 0.00548924 0.00880799 0.0013596 0.00336519 0.00922808 0.00785695 0.00702792 0.0009833 0.00831006 0.00487465 0.00114301 0.0152076 0.00573153 0.0110478 0.0140603 0.00435988 0.00968527 0.0152076 0.00573153 0.0110478 0.0137692 0.00434047 0.0120722 0.0152076 0.00573153 0.0110478 0.0142618 0.00750098 0.0120611 0.00118998 0.00998191 0.0105181 0.00246622 0.01025 0.0120323 0.00118998 0.00998191 0.0105181 -0.0003167345204828991 0.0108343 0.0114893 0.00118998 0.00998191 0.0105181 0.00233117 0.00900378 0.00928503 0.00118998 0.00998191 0.0105181 0.00171993 0.0116913 0.0110957 0.014565 0.000488317 0.00419775 0.0160453765204829 0.000899415 0.00306838 0.014565 0.000488317 0.00419775 0.0129979 0.000805923 0.00521446 0.014565 0.000488317 0.00419775 0.0146831 -0.0012550345204828987 0.00492414 0.014565 0.000488317 0.00419775 0.0128523 0.000723253 0.00293194 0.00124312 0.00537173 0.00664681 0.000524963 0.00325497 0.00672988 0.00451728 0.00767029 0.00986101 0.00281581 0.00676473 0.00989842 0.00451728 0.00767029 0.00986101 0.00381806 0.00693736 0.00819685 0.00451728 0.00767029 0.00986101 0.00350916 0.00837489 0.0116218 0.00451728 0.00767029 0.00986101 0.00651711 0.00842311 0.0094191 0.010818 0.000459106 0.0143994 0.00889286 0.000802093 0.014261 0.010818 0.000459106 0.0143994 0.0118366 0.00210414 0.0133212 0.0136374 0.000826229 0.009668 0.0128092 0.0025478 0.00931364 0.0136374 0.000826229 0.009668 0.0136244 -0.0009334345204828979 0.0109374 0.0136374 0.000826229 0.009668 0.0132919 0.00217992 0.0113592 0.00823907 0.0115722 0.00628904 0.00853508 0.0134227 0.00638612 0.00823907 0.0115722 0.00628904 0.00925651 0.0116049 0.00812156 0.0130683 0.00676374 0.00630154 0.0137647 0.00563893 0.00772132 0.0130683 0.00676374 0.00630154 0.0137936 0.00810126 0.00746735 0.0130683 0.00676374 0.00630154 0.0112013 0.00684114 0.00750121 0.0128032 0.0034528 0.0076192 0.0112157 0.00258746 0.0082731 0.0128032 0.0034528 0.0076192 0.0128092 0.0025478 0.00931364 0.00163878 0.00913126 0.00746235 0.00192045 0.00737731 0.00824591 0.00163878 0.00913126 0.00746235 0.00233117 0.00900378 0.00928503 0.00163878 0.00913126 0.00746235 0.00022982600000000003 0.00804683 0.00666681 0.00163878 0.00913126 0.00746235 0.00344451 0.00845146 0.0065151 0.00247562 0.00150179 0.0010105 0.00190463 -0.00010053452048289853 0.00195021 0.00247562 0.00150179 0.0010105 0.00355531 0.00309663 0.00125337 0.00247562 0.00150179 0.0010105 0.00442357 0.00148839 0.000888502 0.0024492 0.0126219 0.00489686 0.00424952 0.0128553 0.00560809 0.0024492 0.0126219 0.00489686 0.0030226 0.0143458 0.00568564 0.0024492 0.0126219 0.00489686 0.00216611 0.0132309 0.00289834 0.00820859 0.00311557 0.00231486 0.00858778 0.00183319 0.0009486009999999999 0.00820859 0.00311557 0.00231486 0.00831006 0.00487465 0.00114301 0.00820859 0.00311557 0.00231486 0.00637274 0.00341169 0.00121019 0.00820859 0.00311557 0.00231486 0.00802251 0.00437102 0.00408155 0.00693601 0.0101578 0.00419442 0.00620648 0.01194 0.0037954 0.00693601 0.0101578 0.00419442 0.00766705 0.0111352 0.00266865 0.00693601 0.0101578 0.00419442 0.00486634 0.0102991 0.0033429 0.00693601 0.0101578 0.00419442 0.00572787 0.00844131 0.00453402 0.0117125 0.0151128 0.00622271 0.0135108 0.0143549 0.00645274 0.0117125 0.0151128 0.00622271 0.0104968 0.0140479 0.00515521 0.0117125 0.0151128 0.00622271 0.0129979 0.0161765575204829 0.00521446 0.0117125 0.0151128 0.00622271 0.0106527 0.0163733945204829 0.00727347 0.0091178 0.00538617 0.0102763 0.0107004 0.00621795 0.00973315 0.0091178 0.00538617 0.0102763 0.00801305 0.00494886 0.00850915 0.0080882 0.0133617 0.00457642 0.00954035 0.0132776 0.00337141 0.0080882 0.0133617 0.00457642 0.00853508 0.0134227 0.00638612 0.0080882 0.0133617 0.00457642 0.00632003 0.0139185 0.00406178 0.00020938 0.0150312 0.00705239 -0.0005056345204828998 0.0167980645204829 0.00719306 0.00020938 0.0150312 0.00705239 -0.0005883345204828995 0.0140638 0.00882267 0.0111243 0.014756 0.0100516 0.0102642 0.0136717 0.0113589 0.0111243 0.014756 0.0100516 0.00949183 0.015500852520482899 0.00894488 0.0111243 0.014756 0.0100516 0.0107275 0.015733699520482897 0.0118739 0.0111243 0.014756 0.0100516 0.0124574 0.0137804 0.00887514 0.00190463 0.0152701 0.00195021 0.0006747419999999999 0.0162700495204829 0.00306838 0.00190463 0.0152701 0.00195021 0.00258507 0.015665791520482898 0.00399022 0.00190463 0.0152701 0.00195021 -0.00016353452048289887 0.0147487 0.00152421 0.00858778 0.00183319 0.000948601 0.00734562 0.00034808600000000006 0.000884098 0.00858778 0.00183319 0.000948601 0.010253 0.00038600700000000006 0.00120378 0.0135108 0.0143549 0.00645274 0.0121117 0.0131113 0.0058347 0.0135108 0.0143549 0.00645274 0.01399 0.0126145 0.00577972 0.0135108 0.0143549 0.00645274 0.0146831 0.0141156 0.00492414 0.0117345 0.012902 0.000995212 0.00973833 0.0133954 0.00114802 0.0117345 0.012902 0.000995212 0.0137856 0.0128144 0.00115442 0.0117345 0.012902 0.000995212 0.0114876 0.0140733 0.00278118 0.0117345 0.012902 0.000995212 0.0116272 0.0113114 0.00247078 0.00831212 0.00403679 0.006517 0.00791459 0.0059184 0.00627448 0.00831212 0.00403679 0.006517 0.00962644 0.00538543 0.0070551 0.00831212 0.00403679 0.006517 0.00770891 0.00256426 0.00542668 0.00831212 0.00403679 0.006517 0.00801305 0.00494886 0.00850915 0.00831212 0.00403679 0.006517 0.00683303 0.00286057 0.00768509 0.0119319 0.0139659 0.0123015 0.0102642 0.0136717 0.0113589 0.0119319 0.0139659 0.0123015 0.0136244 0.0144372 0.0109374 0.0119319 0.0139659 0.0123015 0.0107275 0.015733699520482897 0.0118739 0.0106687 0.00558336 0.0118022 0.0103515 0.00382456 0.0112904 0.0106687 0.00558336 0.0118022 0.0098297 0.00745402 0.0113052 0.0106687 0.00558336 0.0118022 0.00920567 0.00458417 0.0130632 0.000674742 0.000899415 0.00306838 0.000791493 -0.0008767345204828993 0.00387165 0.000674742 0.000899415 0.00306838 0.000569228 0.00203879 0.00149169 0.000674742 0.000899415 0.00306838 0.00258507 0.000295157 0.00399022 0.00551094 0.00429016 0.0144944 0.00395075 0.00428928 0.0133566 0.00551094 0.00429016 0.0144944 0.00526425 0.00558093 0.0130744 0.00551094 0.00429016 0.0144944 0.0055864 0.0035919 0.0127817 0.0120691 0.0108719 0.00873989 0.0106113 0.00965805 0.00784208 0.0120691 0.0108719 0.00873989 0.0130682 0.0109068 0.0106005 0.0120691 0.0108719 0.00873989 0.0134722 0.0120354 0.00770315 0.00296646 0.0105623 0.0144367 0.00328096 0.0120296 0.0132361 0.00706887 0.00948763 0.00191238 0.00766705 0.0111352 0.00266865 0.0107004 0.00621795 0.00973315 0.0105534 0.00804262 0.00927686 0.0107004 0.00621795 0.00973315 0.010528 0.00466616 0.00870399 0.0107004 0.00621795 0.00973315 0.0098297 0.00745402 0.0113052 0.0107004 0.00621795 0.00973315 0.0125594 0.00703965 0.0104385 0.00329754 0.00720364 0.00436879 0.00198641 0.00713738 0.00306054 0.00329754 0.00720364 0.00436879 0.00416555 0.00830568 0.00301498 0.00329754 0.00720364 0.00436879 0.00436875 0.00633361 0.00594134 0.00329754 0.00720364 0.00436879 0.00143911 0.00837452 0.00481 0.0127676 0.0146903 0.000955029 0.0137856 0.0128144 0.00115442 0.000735238 0.0121735 0.0144502 -0.0006001345204828994 0.0135471 0.0143685 0.000735238 0.0121735 0.0144502 0.000996764 0.01125 0.0128214 0.00395075 0.00428928 0.0133566 0.00526425 0.00558093 0.0130744 0.00395075 0.00428928 0.0133566 0.0055864 0.0035919 0.0127817 0.00395075 0.00428928 0.0133566 0.00284285 0.00548543 0.014355 0.00395075 0.00428928 0.0133566 0.00271148 0.00498373 0.0118036 0.00819413 0.0011843 0.00657694 0.00770891 0.00256426 0.00542668 0.00819413 0.0011843 0.00657694 0.00914099 0.00225174 0.00806007 0.00819413 0.0011843 0.00657694 0.00612805 0.00122579 0.0061246 0.0121117 0.0131113 0.0058347 0.0104968 0.0140479 0.00515521 0.0121117 0.0131113 0.0058347 0.01399 0.0126145 0.00577972 0.0121117 0.0131113 0.0058347 0.011211 0.0125173 0.00424896 0.0121117 0.0131113 0.0058347 0.010603 0.0134602 0.00736035 0.00281581 0.00676473 0.00989842 0.00192045 0.00737731 0.00824591 0.00281581 0.00676473 0.00989842 0.00381806 0.00693736 0.00819685 0.00281581 0.00676473 0.00989842 0.0007810220000000001 0.00762729 0.0101265 0.00978609 0.00299837 0.00470415 0.0104475 0.00491275 0.00372429 0.00246622 0.01025 0.0120323 0.000996764 0.01125 0.0128214 0.00246622 0.01025 0.0120323 0.00171993 0.0116913 0.0110957 0.00246622 0.01025 0.0120323 0.00350916 0.00837489 0.0116218 0.00566975 0.0053011 0.0019373 0.00560331 0.00402616 0.00370227 0.00566975 0.0053011 0.0019373 0.00637274 0.00341169 0.00121019 0.00566975 0.0053011 0.0019373 0.00387612 0.00638259 0.00231648 0.0102642 0.0136717 0.0113589 0.00965257 0.0119065 0.0114317 0.0102642 0.0136717 0.0113589 0.0107275 0.015733699520482897 0.0118739 0.00791459 0.0059184 0.00627448 0.00962644 0.00538543 0.0070551 0.00791459 0.0059184 0.00627448 0.00640139 0.00704229 0.00747139 0.0104968 0.0140479 0.00515521 0.011211 0.0125173 0.00424896 0.00196684 0.00717244 0.0144062 0.00339311 0.00839302 0.0144698 0.00196684 0.00717244 0.0144062 0.00284285 0.00548543 0.014355 0.00196684 0.00717244 0.0144062 0.00167177 0.0070048 0.0122842 0.00526425 0.00558093 0.0130744 0.0057114 0.00742013 0.0129696 0.00355531 0.00309663 0.00125337 0.00442357 0.00148839 0.000888502 0.00355531 0.00309663 0.00125337 0.0032705 0.00496705 0.000887458 0.00355531 0.00309663 0.00125337 0.00168404 0.0039278 0.00184435 0.00811973 0.00890938 0.0134564 0.00772183 0.00771192 0.0119861 0.00811973 0.00890938 0.0134564 0.00873987 0.0109823 0.0130482 0.00962644 0.00538543 0.0070551 0.0102803 0.00631212 0.00546378 0.00962644 0.00538543 0.0070551 0.0112013 0.00684114 0.00750121 0.00962644 0.00538543 0.0070551 0.00801305 0.00494886 0.00850915 0.0150539 0.0108343 0.0114893 0.016367398520482898 0.01125 0.0128214 0.0150539 0.0108343 0.0114893 0.0130682 0.0109068 0.0106005 0.00735752 0.0126629 0.0124635 0.0082682 0.0134302 0.0142294 0.00735752 0.0126629 0.0124635 0.00539791 0.0119663 0.0128389 0.00328096 0.0120296 0.0132361 0.00418723 0.0139954 0.0127576 0.00328096 0.0120296 0.0132361 0.00539791 0.0119663 0.0128389 0.00620648 0.01194 0.0037954 0.00617176 0.0127114 0.00553547 0.00620648 0.01194 0.0037954 0.00632003 0.0139185 0.00406178 0.00620648 0.01194 0.0037954 0.00486634 0.0102991 0.0033429 0.00772183 0.00771192 0.0119861 0.0098297 0.00745402 0.0113052 0.00772183 0.00771192 0.0119861 0.00808488 0.00962179 0.0111205 0.00617176 0.0127114 0.00553547 0.00424952 0.0128553 0.00560809 0.00617176 0.0127114 0.00553547 0.0064872 0.0133465 0.0073152 0.00617176 0.0127114 0.00553547 0.00632003 0.0139185 0.00406178 0.00617176 0.0127114 0.00553547 0.0057041 0.0145039 0.00594182 0.01399 0.0126145 0.00577972 0.0146831 0.0141156 0.00492414 0.01399 0.0126145 0.00577972 0.0133128 0.0121297 0.00387543 0.01399 0.0126145 0.00577972 0.0134722 0.0120354 0.00770315 0.0129979 0.000805923 0.00521446 0.0135149 0.00237889 0.00417686 0.0146327 0.00521043 0.00376094 0.0127582 0.00557857 0.00426021 0.0146327 0.00521043 0.00376094 0.0157414555204829 0.00603301 0.00209248 0.0146327 0.00521043 0.00376094 0.0165030745204829 0.00434141 0.00445949 0.0146327 0.00521043 0.00376094 0.0140249 0.00727946 0.0032499 0.0127007 0.0108652 0.0126797 0.0126204 0.0124685 0.0140298 0.0127007 0.0108652 0.0126797 0.0130682 0.0109068 0.0106005 0.0127007 0.0108652 0.0126797 0.0132966 0.00907906 0.0135663 0.0103515 0.00382456 0.0112904 0.00953074 0.00223396 0.0125238 0.0103515 0.00382456 0.0112904 0.00920567 0.00458417 0.0130632 0.0146831 0.0141156 0.00492414 0.016162127520482898 0.0144939 0.00387165 0.0146831 0.0141156 0.00492414 0.0138369 0.0141208 0.003114 0.0055864 0.0035919 0.0127817 0.00739107 0.00303625 0.0120022 0.0119223 0.0105447 0.00452425 0.0133128 0.0121297 0.00387543 0.0119223 0.0105447 0.00452425 0.0116272 0.0113114 0.00247078 0.00954035 0.0132776 0.00337141 0.00973833 0.0133954 0.00114802 0.00954035 0.0132776 0.00337141 0.0114876 0.0140733 0.00278118 0.00954035 0.0132776 0.00337141 0.008439 0.0149795 0.00259205 0.0112157 0.00258746 0.0082731 0.0128092 0.0025478 0.00931364 0.0112157 0.00258746 0.0082731 0.0106527 0.00100276 0.00727347 0.0112157 0.00258746 0.0082731 0.00914099 0.00225174 0.00806007 0.011211 0.0125173 0.00424896 0.0133128 0.0121297 0.00387543 0.011211 0.0125173 0.00424896 0.0114876 0.0140733 0.00278118 0.011211 0.0125173 0.00424896 0.0116272 0.0113114 0.00247078 0.00192045 0.00737731 0.00824591 0.00233117 0.00900378 0.00928503 0.00192045 0.00737731 0.00824591 0.00381806 0.00693736 0.00819685 0.00192045 0.00737731 0.00824591 0.0007810219999999999 0.00762729 0.0101265 0.0105534 0.00804262 0.00927686 0.0106113 0.00965805 0.00784208 0.0105534 0.00804262 0.00927686 0.0112013 0.00684114 0.00750121 0.0105534 0.00804262 0.00927686 0.0098297 0.00745402 0.0113052 0.0105534 0.00804262 0.00927686 0.0086363 0.00838321 0.00817677 0.0105534 0.00804262 0.00927686 0.0114897 0.00915935 0.0109173 0.01043 0.00120582 0.00533443 0.0106527 0.00100276 0.00727347 0.0135149 0.00237889 0.00417686 0.0129842 0.00290809 0.00238016 0.0135149 0.00237889 0.00417686 0.0128523 0.0007232530000000001 0.00293194 0.00198641 0.00713738 0.00306054 0.0003708209999999999 0.00603301 0.00209248 0.00198641 0.00713738 0.00306054 0.00143911 0.00837452 0.00481 0.00198641 0.00713738 0.00306054 0.00157413 0.00799594 0.00116857 0.00198641 0.00713738 0.00306054 0.00387612 0.00638259 0.00231648 0.00161131 0.0128973 0.00794303 0.00135411 0.0134663 0.0100509 0.00161131 0.0128973 0.00794303 0.00372073 0.0124292 0.00779608 0.00161131 0.0128973 0.00794303 0.00023512100000000003 0.0114449 0.00891905 0.0118988 0.00616344 0.00259481 0.0127582 0.00557857 0.00426021 0.0118988 0.00616344 0.00259481 0.0104475 0.00491275 0.00372429 0.0118988 0.00616344 0.00259481 0.0122225 0.00780686 0.00120339 0.0118988 0.00616344 0.00259481 0.0101893 0.00632024 0.00131599 0.0118988 0.00616344 0.00259481 0.0116419 0.00433572 0.00136481 0.00734562 0.000348086 0.000884098 0.008439 -0.0003911345204828986 0.00259205 0.00424952 0.0128553 0.00560809 0.0030226 0.0143458 0.00568564 0.0147705 0.0135471 0.0143685 0.0153302 0.0132881 0.0122819 0.00726796 0.00464391 0.0105155 0.00739107 0.00303625 0.0120022 0.00726796 0.00464391 0.0105155 0.00801305 0.00494886 0.00850915 0.00167066 0.0125675 0.000843618 0.00249763 0.0108497 0.000911621 0.00167066 0.0125675 0.000843618 0.00216611 0.0132309 0.00289834 0.00416555 0.00830568 0.00301498 0.00486634 0.0102991 0.0033429 0.00416555 0.00830568 0.00301498 0.00572787 0.00844131 0.00453402 0.00416555 0.00830568 0.00301498 0.00387612 0.00638259 0.00231648 0.00569707 0.0093921 0.0067877 0.00721159 0.0103469 0.00807194 0.00817139 0.0140634 0.00808668 0.00853508 0.0134227 0.00638612 0.00817139 0.0140634 0.00808668 0.0064872 0.0133465 0.0073152 0.00817139 0.0140634 0.00808668 0.00659681 0.0152246 0.00779365 0.00817139 0.0140634 0.00808668 0.00949183 0.015500852520482899 0.00894488 0.00817139 0.0140634 0.00808668 0.00743457 0.0148893 0.00999036 0.00623219 0.0150571 0.00256402 0.00632003 0.0139185 0.00406178 0.00623219 0.0150571 0.00256402 0.00505184 0.0135154 0.00253366 0.00623219 0.0150571 0.00256402 0.008439 0.0149795 0.00259205 0.00454689 0.00251744 0.00673626 0.00290513 0.00148535 0.00660666 0.00454689 0.00251744 0.00673626 0.00317724 0.00290011 0.00807727 0.00454689 0.00251744 0.00673626 0.00487401 0.00426476 0.00609149 0.00454689 0.00251744 0.00673626 0.00612805 0.00122579 0.0061246 0.00454689 0.00251744 0.00673626 0.00277041 0.00359504 0.00603011 0.000791493 0.0144939 0.00387165 0.00216611 0.0132309 0.00289834 0.000791493 0.0144939 0.00387165 0.00258507 0.015665791520482898 0.00399022 0.00290513 0.00148535 0.00660666 0.00277041 0.00359504 0.00603011 0.00786656 0.0016056 0.0104793 0.00739107 0.00303625 0.0120022 0.00786656 0.0016056 0.0104793 0.00743457 -0.0004813345204829002 0.00999036 0.00786656 0.0016056 0.0104793 0.00570693 0.00174812 0.0108613 0.0064872 0.0133465 0.0073152 0.00659681 0.0152246 0.00779365 0.0064872 0.0133465 0.0073152 0.0057041 0.0145039 0.00594182 0.01076 0.00528444 0.0144272 0.00920567 0.00458417 0.0130632 0.00233117 0.00900378 0.00928503 0.0007810220000000001 0.00762729 0.0101265 0.00233117 0.00900378 0.00928503 0.0041424 0.0100796 0.0100102 0.00249763 0.0108497 0.000911621 0.0006224830000000001 0.0107552 0.000970155 0.00249763 0.0108497 0.000911621 0.00245443 0.0098718 0.00280099 0.00965257 0.0119065 0.0114317 0.00851659 0.0114416 0.0100705 0.00965257 0.0119065 0.0114317 0.00873987 0.0109823 0.0130482 0.0030226 0.0143458 0.00568564 0.00258507 0.015665791520482898 0.00399022 0.0138369 0.0141208 0.003114 0.0133128 0.0121297 0.00387543 0.0138369 0.0141208 0.003114 0.0128523 0.0160938875204829 0.00293194 0.0138369 0.0141208 0.003114 0.0152071 0.0147487 0.00152421 0.000229826 0.00804683 0.00666681 -0.0015770345204829002 0.00810126 0.00746735 0.000229826 0.00804683 0.00666681 0.00143911 0.00837452 0.00481 0.00770891 0.00256426 0.00542668 0.00612805 0.00122579 0.0061246 0.00532203 8.41597e-06 0.00960384 0.00743457 -0.0004813345204828997 0.00999036 0.00532203 8.41597e-06 0.00960384 0.00570693 0.00174812 0.0108613 0.00335521 0.00217301 0.00989558 0.00317724 0.00290011 0.00807727 0.00335521 0.00217301 0.00989558 0.003938 0.00297579 0.0115776 0.00335521 0.00217301 0.00989558 0.00241542 0.00027750699999999997 0.0101886 0.0102803 0.00631212 0.00546378 0.0104475 0.00491275 0.00372429 0.0102803 0.00631212 0.00546378 0.00937074 0.00824179 0.00583309 0.014364 0.00735256 0.00105382 0.0157414555204829 0.00603301 0.00209248 0.014364 0.00735256 0.00105382 0.0122225 0.00780686 0.00120339 0.014364 0.00735256 0.00105382 0.0140249 0.00727946 0.0032499 0.000996764 0.01125 0.0128214 0.00171993 0.0116913 0.0110957 0.00317724 0.00290011 0.00807727 0.00277041 0.00359504 0.00603011 0.00317724 0.00290011 0.00807727 0.0013596 0.00336519 0.00922808 0.0127582 0.00557857 0.00426021 0.0120973 0.00737969 0.00425398 0.0120973 0.00737969 0.00425398 0.0099988 0.00770824 0.00356333 0.0120973 0.00737969 0.00425398 0.0140249 0.00727946 0.0032499 0.0120973 0.00737969 0.00425398 0.0116313 0.00866133 0.00591582 0.0137936 0.00810126 0.00746735 0.0134476 0.00996215 0.00643966 0.003938 0.00297579 0.0115776 0.00429687 0.000957949 0.0124946 0.00487401 0.00426476 0.00609149 0.00277041 0.00359504 0.00603011 0.00487401 0.00426476 0.00609149 0.00436875 0.00633361 0.00594134 0.00659681 0.0152246 0.00779365 0.00612805 0.0165964245204829 0.0061246 0.00171993 0.0116913 0.0110957 0.00237147 0.0111805 0.00931465 0.00171993 0.0116913 0.0110957 0.00135411 0.0134663 0.0100509 0.0128092 0.0025478 0.00931364 0.0140603 0.00435988 0.00968527 0.0128092 0.0025478 0.00931364 0.0132919 0.00217992 0.0113592 0.00851659 0.0114416 0.0100705 0.00925651 0.0116049 0.00812156 0.00851659 0.0114416 0.0100705 0.00635759 0.0110301 0.010236 0.00851659 0.0114416 0.0100705 0.00808488 0.00962179 0.0111205 0.0141079 0.0107455 0.000955719 0.0159931175204829 0.0107552 0.000970155 0.0141079 0.0107455 0.000955719 0.0137856 0.0128144 0.00115442 0.00242145 0.00167032 0.0130843 0.00429687 0.000957949 0.0124946 0.00242145 0.00167032 0.0130843 0.0009022919999999999 0.000913855 0.0142381 0.0141694 0.00124325 0.00120659 0.0159398625204829 0.00203879 0.00149169 0.0141694 0.00124325 0.00120659 0.0128523 0.000723253 0.00293194 0.0141694 0.00124325 0.00120659 0.0152071 -0.0006219345204828987 0.00152421 0.0106527 0.00100276 0.00727347 0.00914099 0.00225174 0.00806007 0.0106527 0.00100276 0.00727347 0.00949183 0.00013021799999999998 0.00894488 0.00237147 0.0111805 0.00931465 0.0041424 0.0100796 0.0100102 0.00237147 0.0111805 0.00931465 0.00023512100000000003 0.0114449 0.00891905 0.0032705 0.00496705 0.000887458 0.00387612 0.00638259 0.00231648 0.0032705 0.00496705 0.000887458 0.00168404 0.0039278 0.00184435 0.0129842 0.00290809 0.00238016 0.0147311 0.0038821 0.00140766 0.0129842 0.00290809 0.00238016 0.0116419 0.00433572 0.00136481 0.000569228 0.00203879 0.00149169 -0.0006395345204828985 0.0038821 0.00140766 0.000569228 0.00203879 0.00149169 0.00168404 0.0039278 0.00184435 0.014865 0.00142743 0.00719306 0.015895597520482897 0.00325497 0.00672988 0.0057041 0.0145039 0.00594182 0.00612805 0.0165964245204829 0.0061246 0.0126204 0.0124685 0.0140298 0.0103213 0.0122222 0.0142409 0.00739107 0.00303625 0.0120022 0.00953074 0.00223396 0.0125238 0.00739107 0.00303625 0.0120022 0.00570693 0.00174812 0.0108613 0.00401141 0.00216805 0.00448215 0.00277041 0.00359504 0.00603011 0.00401141 0.00216805 0.00448215 0.00258507 0.0002951569999999999 0.00399022 0.000370821 0.00603301 0.00209248 -0.0006395345204828991 0.0038821 0.00140766 0.000370821 0.00603301 0.00209248 -0.0013457345204828997 0.00727946 0.0032499 0.000370821 0.00603301 0.00209248 0.00157413 0.00799594 0.00116857 0.000370821 0.00603301 0.00209248 0.00168404 0.0039278 0.00184435 0.0082682 0.0134302 0.0142294 0.0103213 0.0122222 0.0142409 0.00486634 0.0102991 0.0033429 0.00572787 0.00844131 0.00453402 0.00973833 0.0133954 0.00114802 0.0114876 0.0140733 0.00278118 0.00973833 0.0133954 0.00114802 0.010253 0.0157566415204829 0.00120378 0.0106113 0.00965805 0.00784208 0.00925651 0.0116049 0.00812156 0.0106113 0.00965805 0.00784208 0.0086363 0.00838321 0.00817677 0.0106113 0.00965805 0.00784208 0.0116313 0.00866133 0.00591582 0.0123152 0.00704323 0.0142356 0.0132966 0.00907906 0.0135663 0.0123152 0.00704323 0.0142356 0.0100212 0.00762411 0.01383 0.00640139 0.00704229 0.00747139 0.00651711 0.00842311 0.0094191 0.0112013 0.00684114 0.00750121 0.0116313 0.00866133 0.00591582 0.0098297 0.00745402 0.0113052 0.0114897 0.00915935 0.0109173 0.00914099 0.00225174 0.00806007 0.00949183 0.0001302180000000001 0.00894488 0.00914099 0.00225174 0.00806007 0.00683303 0.00286057 0.00768509 0.0137856 0.0128144 0.00115442 0.0152071 0.0147487 0.00152421 0.00925651 0.0116049 0.00812156 0.00721159 0.0103469 0.00807194 0.00925651 0.0116049 0.00812156 0.010603 0.0134602 0.00736035 0.00831006 0.00487465 0.00114301 0.00637274 0.00341169 0.00121019 0.00831006 0.00487465 0.00114301 0.0101893 0.00632024 0.00131599 0.00113244 0.00434141 0.00445949 0.00277041 0.00359504 0.00603011 0.0125594 0.00703965 0.0104385 0.0142618 0.00750098 0.0120611 0.0125594 0.00703965 0.0104385 0.0114897 0.00915935 0.0109173 0.0103213 0.0122222 0.0142409 0.00873987 0.0109823 0.0130482 0.00429687 0.000957949 0.0124946 0.00418723 -0.0013752345204828989 0.0127576 0.00429687 0.000957949 0.0124946 0.00570693 0.00174812 0.0108613 0.0133128 0.0121297 0.00387543 0.0116272 0.0113114 0.00247078 0.00992399 0.00866966 0.0011797 0.0122225 0.00780686 0.00120339 0.00992399 0.00866966 0.0011797 0.0101893 0.00632024 0.00131599 0.00344451 0.00845146 0.0065151 0.00436875 0.00633361 0.00594134 0.0134476 0.00996215 0.00643966 0.0134722 0.0120354 0.00770315 0.0134476 0.00996215 0.00643966 0.0150629 0.0100049 0.00475304 0.0134476 0.00996215 0.00643966 0.0116313 0.00866133 0.00591582 0.00953074 0.00223396 0.0125238 0.0118366 0.00210414 0.0133212 0.00953074 0.00223396 0.0125238 0.0107275 0.0003630650000000001 0.0118739 0.00953074 0.00223396 0.0125238 0.00920567 0.00458417 0.0130632 0.0147311 0.0038821 0.00140766 0.0170546745204829 0.0039278 0.00184435 0.0140603 0.00435988 0.00968527 0.0137692 0.00434047 0.0120722 0.000524963 0.00325497 0.00672988 0.00277041 0.00359504 0.00603011 0.00612805 0.00122579 0.0061246 0.00683303 0.00286057 0.00768509 0.00949183 0.000130218 0.00894488 0.00743457 -0.00048133452048289944 0.00999036 0.0118366 0.00210414 0.0133212 0.0132919 0.00217992 0.0113592 0.00135411 0.0134663 0.0100509 -0.0005883345204828997 0.0140638 0.00882267 0.00135411 0.0134663 0.0100509 0.00241542 0.015648141520482897 0.0101886 0.0130682 0.0109068 0.0106005 0.0114897 0.00915935 0.0109173 0.00167177 0.0070048 0.0122842 0.000781022 0.00762729 0.0101265 0.00167177 0.0070048 0.0122842 0.00350916 0.00837489 0.0116218 0.00167177 0.0070048 0.0122842 0.00271148 0.00498373 0.0118036 0.0136244 0.0144372 0.0109374 0.0147823 0.0140638 0.00882267 0.0136244 0.0144372 0.0109374 0.0124574 0.0137804 0.00887514 0.0136244 0.0144372 0.0109374 0.0153302 0.0132881 0.0122819 0.0137692 0.00434047 0.0120722 0.0160157815204829 0.00446408 0.0127929 0.0137692 0.00434047 0.0120722 0.0132919 0.00217992 0.0113592 0.0099988 0.00770824 0.00356333 0.00937074 0.00824179 0.00583309 0.0047151 0.0128088 0.0107101 0.00418723 0.0139954 0.0127576 0.0047151 0.0128088 0.0107101 0.00635759 0.0110301 0.010236 0.0047151 0.0128088 0.0107101 0.00539791 0.0119663 0.0128389 0.0134722 0.0120354 0.00770315 0.0124574 0.0137804 0.00887514 0.0142618 0.00750098 0.0120611 0.0132966 0.00907906 0.0135663 0.00418723 0.0139954 0.0127576 0.00539791 0.0119663 0.0128389 0.000645147 0.00446408 0.0127929 0.00271148 0.00498373 0.0118036 0.0041424 0.0100796 0.0100102 0.00350916 0.00837489 0.0116218 0.0041424 0.0100796 0.0100102 0.00635759 0.0110301 0.010236 0.0150629 0.0100049 0.00475304 0.0168097445204829 0.00837452 0.00481 0.0086363 0.00838321 0.00817677 0.00721159 0.0103469 0.00807194 0.0086363 0.00838321 0.00817677 0.00937074 0.00824179 0.00583309 0.0086363 0.00838321 0.00817677 0.00651711 0.00842311 0.0094191 0.0114876 0.0140733 0.00278118 0.0128523 0.0160938875204829 0.00293194 0.008439 0.0149795 0.00259205 0.010253 0.0157566415204829 0.00120378 0.00675671 0.0107337 0.0142936 0.00873987 0.0109823 0.0130482 0.00675671 0.0107337 0.0142936 0.00539791 0.0119663 0.0128389 0.00873987 0.0109823 0.0130482 0.00808488 0.00962179 0.0111205 0.00635759 0.0110301 0.010236 0.00721159 0.0103469 0.00807194 0.00635759 0.0110301 0.010236 0.00808488 0.00962179 0.0111205 0.0147823 0.0140638 0.00882267 0.0124574 0.0137804 0.00887514 0.00721159 0.0103469 0.00807194 0.00651711 0.00842311 0.0094191 0.00560331 0.00402616 0.00370227 0.00802251 0.00437102 0.00408155 0.0116313 0.00866133 0.00591582 0.00937074 0.00824179 0.00583309 0.0124574 0.0137804 0.00887514 0.010603 0.0134602 0.00736035 0.0101893 0.00632024 0.00131599 0.0116419 0.00433572 0.00136481</DataArray>
</Points><Lines>
<DataArray type="Int64" Name="connectivity" format="ascii">0 1 2 3 4 5 6 7 8 9 10 11 12 13 14 15 16 17 18 19 20 21 22 23 24 25 26 27 28 29 30 31 32 33 34 35 36 37 38 39 40 41 42 43 44 45 46 47 48 49 50 51 52 53 54 55 56 57 58 59 60 61 62 63 64 65 66 67 68 69 70 71 72 73 74 75 76 77 78 79 80 81 82 83 84 85 86 87 88 89 90 91 92 93 94 95 96 97 98 99 100 101 102 103 104 105 106 107 108 109 110 111 112 113 114 115 116 117 118 119 120 121 122 123 124 125 126 127 128 129 130 131 132 133 134 135 136 137 138 139 140 141 142 143 144 145 146 147 148 149 150 151 152 153 154 155 156 157 158 159 160 161 162 163 164 165 166 167 168 169 170 171 172 173 174 175 176 177 178 179 180 181 182 183 184 185 186 187 188 189 190 191 192 193 194 195 196 197 198 199 200 201 202 203 204 205 206 207 208 209 210 211 212 213 214 215 216 217 218 219 220 221 222 223 224 225 226 227 228 229 230 231 232 233 234 235 236 237 238 239 240 241 242 243 244 245 246 247 248 249 250 251 252 253 254 255 256 257 258 259 260 261 262 263 264 265 266 267 268 269 270 271 272 273 274 275 276 277 278 279 280 281 282 283 284 285 286 287 288 289 290 291 292 293 294 295 296 297 298 299 300 301 302 303 304 305 306 307 308 309 310 311 312 313 314 315 316 317 318 319 320 321 322 323 324 325 326 327 328 329 330 331 332 333 334 335 336 337 338 339 340 341 342 343 344 345 346 347 348 349 350 351 352 353 354 355 356 357 358 359 360 361 362 363 364 365 366 367 368 369 370 371 372 373 374 375 376 377 378 379 380 381 382 383 384 385 386 387 388 389 390 391 392 393 394 395 396 397 398 399 400 401 402 403 404 405 406 407 408 409 410 411 412 413 414 415 416 417 418 419 420 421 422 423 424 425 426 427 428 429 430 431 432 433 434 435 436 437 438 439 440 441 442 443 444 445 446 447 448 449 450 451 452 453 454 455 456 457 458 459 460 461 462 463 464 465 466 467 468 469 470 471 472 473 474 475 476 477 478 479 480 481 482 483 484 485 486 487 488 489 490 491 492 493 494 495 496 497 498 499 500 501 502 503 504 505 506 507 508 509 510 511 512 513 514 515 516 517 518 519 520 521 522 523 524 525 526 527 528 529 530 531 532 533 534 535 536 537 538 539 540 541 542 543 544 545 546 547 548 549 550 551 552 553 554 555 556 557 558 559 560 561 562 563 564 565 566 567 568 569 570 571 572 573 574 575 576 577 578 579 580 581 582 583 584 585 586 587 588 589 590 591 592 593 594 595 596 597 598 599 600 601 602 603 604 605 606 607 608 609 610 611 612 613 614 615 616 617 618 619 620 621 622 623 624 625 626 627 628 629 630 631 632 633 634 635 636 637 638 639 640 641 642 643 644 645 646 647 648 649 650 651 652 653 654 655 656 657 658 659 660 661 662 663 664 665 666 667 668 669 670 671 672 673 674 675 676 677 678 679 680 681 682 683 684 685 686 687 688 689 690 691 692 693 694 695 696 697 698 699 700 701 702 703 704 705 706 707 708 709 710 711 712 713 714 715 716 717 718 719 720 721 722 723 724 725 726 727 728 729 730 731 732 733 734 735 736 737 738 739 740 741 742 743 744 745 746 747 748 749 750 751 752 753 754 755 756 757 758 759 760 761 762 763 764 765 766 767 768 769 770 771 772 773 774 775 776 777 778 779 780 781 782 783 784 785 786 787 788 789 790 791 792 793 794 795 796 797 798 799 800 801 802 803 804 805 806 807 808 809 810 811 812 813 814 815 816 817 818 819 820 821 822 823 824 825 826 827 828 829 830 831 832 833 834 835 836 837 838 839 840 841 842 843 844 845 846 847 848 849 850 851 852 853 854 855 856 857 858 859 860 861 862 863 864 865 866 867 868 869 870 871 872 873 874 875 876 877 878 879 880 881 882 883 884 885 886 887 888 889 890 891 892 893 894 895 896 897 898 899 900 901 902 903 904 905 906 907 908 909 910 911 912 913 914 915 916 917 918 919 920 921 922 923 924 925 926 927 928 929 930 931 932 933 934 935 936 937 938 939 940 941 942 943 944 945 946 947 948 949 950 951 952 953 954 955 956 957 958 959 960 961 962 963 964 965 966 967 968 969 970 971 972 973 974 975 976 977 978 979 980 981 982 983 984 985 986 987 988 989 990 991 992 993 994 995 996 997 998 999 1000 1001 1002 1003 1004 1005 1006 1007 1008 1009 1010 1011 1012 1013 1014 1015 1016 1017 1018 1019 1020 1021 1022 1023 1024 1025 1026 1027 1028 1029 1030 1031 1032 1033 1034 1035 1036 1037 1038 1039 1040 1041 1042 1043 1044 1045 1046 1047 1048 1049 1050 1051 1052 1053 1054 1055 1056 1057 1058 1059 1060 1061 1062 1063 1064 1065 1066 1067 1068 1069 1070 1071 1072 1073 1074 1075 1076 1077 1078 1079 1080 1081 1082 1083 1084 1085 1086 1087 1088 1089 1090 1091 1092 1093 1094 1095 1096 1097 1098 1099 1100 1101 1102 1103 1104 1105 1106 1107 1108 1109 1110 1111 1112 1113 1114 1115 1116 1117 1118 1119 1120 1121 1122 1123 1124 1125 1126 1127 1128 1129 1130 1131 1132 1133 1134 1135 1136 1137 1138 1139 1140 1141 1142 1143 1144 1145 1146 1147 1148 1149 1150 1151 1152 1153 1154 1155 1156 1157 1158 1159 1160 1161 1162 1163 1164 1165 1166 1167 1168 1169 1170 1171 1172 1173 1174 1175 1176 1177 1178 1179 1180 1181 1182 1183 1184 1185 1186 1187 1188 1189 1190 1191 1192 1193 1194 1195 1196 1197 1198 1199 1200 1201 1202 1203 1204 1205 1206 1207 1208 1209 1210 1211 1212 1213 1214 1215 1216 1217 1218 1219 1220 1221 1222 1223 1224 1225 1226 1227 1228 1229 1230 1231 1232 1233 1234 1235 1236 1237 1238 1239 1240 1241 1242 1243 1244 1245 1246 1247 1248 1249 1250 1251 1252 1253 1254 1255 1256 1257 1258 1259 1260 1261 1262 1263 1264 1265 1266 1267 1268 1269 1270 1271 1272 1273 1274 1275 1276 1277 1278 1279 1280 1281 1282 1283 1284 1285 1286 1287 1288 1289 1290 1291 1292 1293 1294 1295 1296 1297 1298 1299 1300 1301 1302 1303 1304 1305 1306 1307 1308 1309 1310 1311 1312 1313 1314 1315 1316 1317 1318 1319 1320 1321 1322 1323 1324 1325 1326 1327 1328 1329 1330 1331 1332 1333 1334 1335 1336 1337 1338 1339 1340 1341 1342 1343 1344 1345 1346 1347 1348 1349 1350 1351 1352 1353 1354 1355 1356 1357 1358 1359 1360 1361 1362 1363 1364 1365 1366 1367 1368 1369 1370 1371 1372 1373 1374 1375 1376 1377 1378 1379 1380 1381 1382 1383 1384 1385 1386 1387 1388 1389 1390 1391 1392 1393 1394 1395 1396 1397 1398 1399 1400 1401 1402 1403 1404 1405 1406 1407 1408 1409 1410 1411 1412 1413 1414 1415 1416 1417 1418 1419 1420 1421 1422 1423 1424 1425 1426 1427 1428 1429 1430 1431 1432 1433 1434 1435 1436 1437 1438 1439 1440 1441 1442 1443 1444 1445 1446 1447 1448 1449 1450 1451 1452 1453 1454 1455 1456 1457 1458 1459 1460 1461 1462 1463 1464 1465 1466 1467 1468 1469 1470 1471 1472 1473 1474 1475 1476 1477 1478 1479 1480 1481 1482 1483 1484 1485 1486 1487 1488 1489 1490 1491 1492 1493 1494 1495 1496 1497 1498 1499 1500 1501 1502 1503 1504 1505 1506 1507 1508 1509 1510 1511 1512 1513 1514 1515 1516 1517 1518 1519 1520 1521 1522 1523 1524 1525 1526 1527 1528 1529 1530 1531 1532 1533 1534 1535 1536 1537 1538 1539 1540 1541 1542 1543 1544 1545 1546 1547 1548 1549 1550 1551 1552 1553 1554 1555 1556 1557 1558 1559 1560 1561 1562 1563 1564 1565 1566 1567 1568 1569 1570 1571 1572 1573 1574 1575 1576 1577 1578 1579 1580 1581 1582 1583 1584 1585 1586 1587 1588 1589 1590 1591 1592 1593 1594 1595 1596 1597 1598 1599 1600 1601 1602 1603 1604 1605 1606 1607 1608 1609 1610 1611 1612 1613 1614 1615 1616 1617 1618 1619 1620 1621 1622 1623 1624 1625 1626 1627 1628 1629 1630 1631 1632 1633 1634 1635 1636 1637 1638 1639 1640 1641 1642 1643 1644 1645 1646 1647 1648 1649 1650 1651 1652 1653 1654 1655 1656 1657 1658 1659 1660 1661 1662 1663 1664 1665 1666 1667 1668 1669 1670 1671 1672 1673 1674 1675 1676 1677 1678 1679 1680 1681 1682 1683 1684 1685 1686 1687 1688 1689 1690 1691 1692 1693 1694 1695 1696 1697 1698 1699 1700 1701 1702 1703 1704 1705 1706 1707 1708 1709 1710 1711 1712 1713 1714 1715 1716 1717 1718 1719 1720 1721 1722 1723 1724 1725 1726 1727 1728 1729 1730 1731 1732 1733 1734 1735 1736 1737 1738 1739 1740 1741 1742 1743 1744 1745 1746 1747 1748 1749 1750 1751 1752 1753 1754 1755 1756 1757 1758 1759 1760 1761 1762 1763 1764 1765 1766 1767 1768 1769 1770 1771 1772 1773 1774 1775 1776 1777 1778 1779 1780 1781 1782 1783 1784 1785 1786 1787 1788 1789 1790 1791 1792 1793 1794 1795 1796 1797 1798 1799 1800 1801 1802 1803 1804 1805 1806 1807 1808 1809 1810 1811 1812 1813 1814 1815 1816 1817 1818 1819 1820 1821 1822 1823 1824 1825 1826 1827 1828 1829 1830 1831 1832 1833 1834 1835 1836 1837 1838 1839 1840 1841 1842 1843 1844 1845 1846 1847 1848 1849 1850 1851 1852 1853 1854 1855 1856 1857 1858 1859 1860 1861 1862 1863 1864 1865 1866 1867 1868 1869 1870 1871 1872 1873 1874 1875 1876 1877 1878 1879 1880 1881 1882 1883 1884 1885 1886 1887 1888 1889 1890 1891 1892 1893 1894 1895 1896 1897 1898 1899 1900 1901 1902 1903 1904 1905 1906 1907 1908 1909 1910 1911 1912 1913 1914 1915 1916 1917 1918 1919 1920 1921 1922 1923 1924 1925 1926 1927 1928 1929 1930 1931 1932 1933 1934 1935 1936 1937 1938 1939 1940 1941 1942 1943 1944 1945 1946 1947 1948 1949 1950 1951 1952 1953 1954 1955 1956 1957 1958 1959 1960 1961 1962 1963 1964 1965 1966 1967 1968 1969 1970 1971 1972 1973 1974 1975 1976 1977 1978 1979 1980 1981 1982 1983 1984 1985 1986 1987 1988 1989 1990 1991 1992 1993 1994 1995 1996 1997 1998 1999 2000 2001 2002 2003 2004 2005 2006 2007 2008 2009 2010 2011 2012 2013 2014 2015 2016 2017 2018 2019 2020 2021 2022 2023 2024 2025 2026 2027 2028 2029 2030 2031 2032 2033 2034 2035 2036 2037 2038 2039 2040 2041 2042 2043 2044 2045 2046 2047 2048 2049 2050 2051 2052 2053 2054 2055 2056 2057 2058 2059 2060 2061 2062 2063 2064 2065 2066 2067 2068 2069 2070 2071 2072 2073 2074 2075 2076 2077 2078 2079 2080 2081 2082 2083 2084 2085 2086 2087 2088 2089 2090 2091 2092 2093 2094 2095 2096 2097 2098 2099 2100 2101 2102 2103 2104 2105 2106 2107 2108 2109 2110 2111 2112 2113 2114 2115 2116 2117 2118 2119 2120 2121 2122 2123 2124 2125 2126 2127 2128 2129 2130 2131 2132 2133 2134 2135 2136 2137 2138 2139 2140 2141 2142 2143 2144 2145 2146 2147 2148 2149 2150 2151 2152 2153 2154 2155 2156 2157 2158 2159 2160 2161 2162 2163 2164 2165 2166 2167 2168 2169 2170 2171 2172 2173 2174 2175 2176 2177 2178 2179 2180 2181 2182 2183 2184 2185 2186 2187 2188 2189 2190 2191 2192 2193 2194 2195 2196 2197 2198 2199 2200 2201 2202 2203 2204 2205 2206 2207 2208 2209 2210 2211 2212 2213 2214 2215 2216 2217 2218 2219 2220 2221 2222 2223 2224 2225 2226 2227 2228 2229 2230 2231 2232 2233 2234 2235 2236 2237 2238 2239 2240 2241 2242 2243 2244 2245 2246 2247 2248 2249 2250 2251 2252 2253 2254 2255 2256 2257 2258 2259 2260 2261 2262 2263 2264 2265 2266 2267 2268 2269 2270 2271 2272 2273 2274 2275 2276 2277 2278 2279 2280 2281 2282 2283 2284 2285 2286 2287 2288 2289 2290 2291 2292 2293 2294 2295 2296 2297 2298 2299 2300 2301 2302 2303 2304 2305 2306 2307 2308 2309 2310 2311 2312 2313 2314 2315 2316 2317 2318 2319 2320 2321 2322 2323 2324 2325 2326 2327 2328 2329 2330 2331 2332 2333 2334 2335 2336 2337 2338 2339 2340 2341 2342 2343 2344 2345 2346 2347 2348 2349 2350 2351 2352 2353 2354 2355 2356 2357 2358 2359 2360 2361 2362 2363 2364 2365 2366 2367 2368 2369 2370 2371 2372 2373 2374 2375 2376 2377 2378 2379 2380 2381 2382 2383 2384 2385 2386 2387 2388 2389 2390 2391 2392 2393 2394 2395 2396 2397 2398 2399 2400 2401 2402 2403 2404 2405 2406 2407 2408 2409 2410 2411 2412 2413 2414 2415 2416 2417 2418 2419 2420 2421 2422 2423 2424 2425 2426 2427 2428 2429 2430 2431 2432 2433 2434 2435 2436 2437 2438 2439 2440 2441 2442 2443 2444 2445 2446 2447 2448 2449 2450 2451 2452 2453 2454 2455 2456 2457 2458 2459 2460 2461 2462 2463 2464 2465 2466 2467 2468 2469 2470 2471 2472 2473 2474 2475 2476 2477 2478 2479 2480 2481 2482 2483 2484 2485 2486 2487 2488 2489 2490 2491 2492 2493 2494 2495 2496 2497 2498 2499 2500 2501 2502 2503 2504 2505 2506 2507 2508 2509 2510 2511 2512 2513 2514 2515 2516 2517 2518 2519 2520 2521 2522 2523 2524 2525 2526 2527 2528 2529 2530 2531 2532 2533 2534 2535 2536 2537 2538 2539 2540 2541 2542 2543 2544 2545 2546 2547 2548 2549 2550 2551 2552 2553 2554 2555 2556 2557 2558 2559 2560 2561 2562 2563 2564 2565 2566 2567 2568 2569 2570 2571 2572 2573 2574 2575 2576 2577 2578 2579 2580 2581 2582 2583 2584 2585 2586 2587 2588 2589 2590 2591 2592 2593 2594 2595 2596 2597 2598 2599 2600 2601 2602 2603 2604 2605 2606 2607 2608 2609 2610 2611 2612 2613 2614 2615 2616 2617 2618 2619 2620 2621 2622 2623 2624 2625 2626 2627 2628 2629 2630 2631 2632 2633 2634 2635 2636 2637 2638 2639 2640 2641 2642 2643 2644 2645 2646 2647 2648 2649 2650 2651 2652 2653 2654 2655 2656 2657 2658 2659 2660 2661 2662 2663 2664 2665 2666 2667 2668 2669 2670 2671 2672 2673 2674 2675 2676 2677 2678 2679 2680 2681 2682 2683 2684 2685 2686 2687</DataArray>
<DataArray type="Int64" Name="offsets" format="ascii">2 4 6 8 10 12 14 16 18 20 22 24 26 28 30 32 34 36 38 40 42 44 46 48 50 52 54 56 58 60 62 64 66 68 70 72 74 76 78 80 82 84 86 88 90 92 94 96 98 100 102 104 106 108 110 112 114 116 118 120 122 124 126 128 130 132 134 136 138 140 142 144 146 148 150 152 154 156 158 160 162 164 166 168 170 172 174 176 178 180 182 184 186 188 190 192 194 196 198 200 202 204 206 208 210 212 214 216 218 220 222 224 226 228 230 232 234 236 238 240 242 244 246 248 250 252 254 256 258 260 262 264 266 268 270 272 274 276 278 280 282 284 286 288 290 292 294 296 298 300 302 304 306 308 310 312 314 316 318 320 322 324 326 328 330 332 334 336 338 340 342 344 346 348 350 352 354 356 358 360 362 364 366 368 370 372 374 376 378 380 382 384 386 388 390 392 394 396 398 400 402 404 406 408 410 412 414 416 418 420 422 424 426 428 430 432 434 436 438 440 442 444 446 448 450 452 454 456 458 460 462 464 466 468 470 472 474 476 478 480 482 484 486 488 490 492 494 496 498 500 502 504 506 508 510 512 514 516 518 520 522 524 526 528 530 532 534 536 538 540 542 544 546 548 550 552 554 556 558 560 562 564 566 568 570 572 574 576 578 580 582 584 586 588 590 592 594 596 598 600 602 604 606 608 610 612 614 616 618 620 622 624 626 628 630 632 634 636 638 640 642 644 646 648 650 652 654 656 658 660 662 664 666 668 670 672 674 676 678 680 682 684 686 688 690 692 694 696 698 700 702 704 706 708 710 712 714 716 718 720 722 724 726 728 730 732 734 736 738 740 742 744 746 748 750 752 754 756 758 760 762 764 766 768 770 772 774 776 778 780 782 784 786 788 790 792 794 796 798 800 802 804 806 808 810 812 814 816 818 820 822 824 826 828 830 832 834 836 838 840 842 844 846 848 850 852 854 856 858 860 862 864 866 868 870 872 874 876 878 880 882 884 886 888 890 892 894 896 898 900 902 904 906 908 910 912 914 916 918 920 922 924 926 928 930 932 934 936 938 940 942 944 946 948 950 952 954 956 958 960 962 964 966 968 970 972 974 976 978 980 982 984 986 988 990 992 994 996 998 1000 1002 1004 1006 1008 1010 1012 1014 1016 1018 1020 1022 1024 1026 1028 1030 1032 1034 1036 1038 1040 1042 1044 1046 1048 1050 1052 1054 1056 1058 1060 1062 1064 1066 1068 1070 1072 1074 1076 1078 1080 1082 1084 1086 1088 1090 1092 1094 1096 1098 1100 1102 1104 1106 1108 1110 1112 1114 1116 1118 1120 1122 1124 1126 1128 1130 1132 1134 1136 1138 1140 1142 1144 1146 1148 1150 1152 1154 1156 1158 1160 1162 1164 1166 1168 1170 1172 1174 1176 1178 1180 1182 1184 1186 1188 1190 1192 1194 1196 1198 1200 1202 1204 1206 1208 1210 1212 1214 1216 1218 1220 1222 1224 1226 1228 1230 1232 1234 1236 1238 1240 1242 1244 1246 1248 1250 1252 1254 1256 1258 1260 1262 1264 1266 1268 1270 1272 1274 1276 1278 1280 1282 1284 1286 1288 1290 1292 1294 1296 1298 1300 1302 1304 1306 1308 1310 1312 1314 1316 1318 1320 1322 1324 1326 1328 1330 1332 1334 1336 1338 1340 1342 1344 1346 1348 1350 1352 1354 1356 1358 1360 1362 1364 1366 1368 1370 1372 1374 1376 1378 1380 1382 1384 1386 1388 1390 1392 1394 1396 1398 1400 1402 1404 1406 1408 1410 1412 1414 1416 1418 1420 1422 1424 1426 1428 1430 1432 1434 1436 1438 1440 1442 1444 1446 1448 1450 1452 1454 1456 1458 1460 1462 1464 1466 1468 1470 1472 1474 1476 1478 1480 1482 1484 1486 1488 1490 1492 1494 1496 1498 1500 1502 1504 1506 1508 1510 1512 1514 1516 1518 1520 1522 1524 1526 1528 1530 1532 1534 1536 1538 1540 1542 1544 1546 1548 1550 1552 1554 1556 1558 1560 1562 1564 1566 1568 1570 1572 1574 1576 1578 1580 1582 1584 1586 1588 1590 1592 1594 1596 1598 1600 1602 1604 1606 1608 1610 1612 1614 1616 1618 1620 1622 1624 1626 1628 1630 1632 1634 1636 1638 1640 1642 1644 1646 1648 1650 1652 1654 1656 1658 1660 1662 1664 1666 1668 1670 1672 1674 1676 1678 1680 1682 1684 1686 1688 1690 1692 1694 1696 1698 1700 1702 1704 1706 1708 1710 1712 1714 1716 1718 1720 1722 1724 1726 1728 1730 1732 1734 1736 1738 1740 1742 1744 1746 1748 1750 1752 1754 1756 1758 1760 1762 1764 1766 1768 1770 1772 1774 1776 1778 1780 1782 1784 1786 1788 1790 1792 1794 1796 1798 1800 1802 1804 1806 1808 1810 1812 1814 1816 1818 1820 1822 1824 1826 1828 1830 1832 1834 1836 1838 1840 1842 1844 1846 1848 1850 1852 1854 1856 1858 1860 1862 1864 1866 1868 1870 1872 1874 1876 1878 1880 1882 1884 1886 1888 1890 1892 1894 1896 1898 1900 1902 1904 1906 1908 1910 1912 1914 1916 1918 1920 1922 1924 1926 1928 1930 1932 1934 1936 1938 1940 1942 1944 1946 1948 1950 1952 1954 1956 1958 1960 1962 1964 1966 1968 1970 1972 1974 1976 1978 1980 1982 1984 1986 1988 1990 1992 1994 1996 1998 2000 2002 2004 2006 2008 2010 2012 2014 2016 2018 2020 2022 2024 2026 2028 2030 2032 2034 2036 2038 2040 2042 2044 2046 2048 2050 2052 2054 2056 2058 2060 2062 2064 2066 2068 2070 2072 2074 2076 2078 2080 2082 2084 2086 2088 2090 2092 2094 2096 2098 2100 2102 2104 2106 2108 2110 2112 2114 2116 2118 2120 2122 2124 2126 2128 2130 2132 2134 2136 2138 2140 2142 2144 2146 2148 2150 2152 2154 2156 2158 2160 2162 2164 2166 2168 2170 2172 2174 2176 2178 2180 2182 2184 2186 2188 2190 2192 2194 2196 2198 2200 2202 2204 2206 2208 2210 2212 2214 2216 2218 2220 2222 2224 2226 2228 2230 2232 2234 2236 2238 2240 2242 2244 2246 2248 2250 2252 2254 2256 2258 2260 2262 2264 2266 2268 2270 2272 2274 2276 2278 2280 2282 2284 2286 2288 2290 2292 2294 2296 2298 2300 2302 2304 2306 2308 2310 2312 2314 2316 2318 2320 2322 2324 2326 2328 2330 2332 2334 2336 2338 2340 2342 2344 2346 2348 2350 2352 2354 2356 2358 2360 2362 2364 2366 2368 2370 2372 2374 2376 2378 2380 2382 2384 2386 2388 2390 2392 2394 2396 2398 2400 2402 2404 2406 2408 2410 2412 2414 2416 2418 2420 2422 2424 2426 2428 2430 2432 2434 2436 2438 2440 2442 2444 2446 2448 2450 2452 2454 2456 2458 2460 2462 2464 2466 2468 2470 2472 2474 2476 2478 2480 2482 2484 2486 2488 2490 2492 2494 2496 2498 2500 2502 2504 2506 2508 2510 2512 2514 2516 2518 2520 2522 2524 2526 2528 2530 2532 2534 2536 2538 2540 2542 2544 2546 2548 2550 2552 2554 2556 2558 2560 2562 2564 2566 2568 2570 2572 2574 2576 2578 2580 2582 2584 2586 2588 2590 2592 2594 2596 2598 2600 2602 2604 2606 2608 2610 2612 2614 2616 2618 2620 2622 2624 2626 2628 2630 2632 2634 2636 2638 2640 2642 2644 2646 2648 2650 2652 2654 2656 2658 2660 2662 2664 2666 2668 2670 2672 2674 2676 2678 2680 2682 2684 2686 2688</DataArray>
</Lines></Piece></PolyData></VTKFile>