id_i,id_j,edge_kind,distance_m,surface_gap_m,overlap_m,contact_radius_m,g_contact_W_K,g_gap_W_K,g_total_W_K,T_i_K,T_j_K,heat_i_to_j_W
1,148,contact,0.0017076876810763733,-4.2312318923626736e-05,4.2312318923626736e-05,0.00013466198783349591,0.00013466198783349591,0.0,0.00013466198783349591,300.8971861188544,300.85925202713383,5.108280197748523e-06
1,243,contact,0.001707694533927674,-4.230546607232599e-05,4.230546607232599e-05,0.00013465108254669494,0.00013465108254669494,0.0,0.00013465108254669494,300.8971861188544,300.9351232828276,-5.108280197742468e-06
3,65,contact,0.0014190518877053096,-8.094811229469043e-05,8.094811229469043e-05,0.00017422841935375787,0.00017422841935375787,0.0,0.00017422841935375787,300.0538177325795,300.05683131716125,-5.250520782698362e-07
3,196,contact,0.001748567542304272,-1.4324576957281017e-06,1.4324576957281017e-06,2.477721616780887e-05,2.477721616780887e-05,0.0,2.477721616780887e-05,300.0538177325795,300.17270324103254,-2.9456519421610226e-06
3,276,contact,0.0016770807068715813,-7.291929312841874e-05,7.291929312841874e-05,0.0001767798790203941,0.0001767798790203941,0.0,0.0001767798790203941,300.0538177325795,300.13053187926005,-1.3561517569341868e-05
3,390,contact,0.0016135849187445938,-0.00013641508125540624,0.00013641508125540624,0.00024179248593022271,0.00024179248593022271,0.0,0.00024179248593022271,300.0538177325795,300.1157300855755,-1.4969941740689723e-05
4,117,contact,0.0016817125553958375,-6.82874446041625e-05,6.82874446041625e-05,0.00017107322317504343,0.00017107322317504343,0.0,0.00017107322317504343,300.1609550809376,300.1781850808176,-2.9475916147847445e-06
4,142,contact,0.0016833612675900798,-6.66387324099202e-05,6.66387324099202e-05,0.00016899543410136457,0.00016899543410136457,0.0,0.00016899543410136457,300.1609550809376,300.2065387526461,-7.703432388316716e-06
4,229,contact,0.0016646758510920365,-8.532414890796355e-05,8.532414890796355e-05,0.0001912262858216078,0.0001912262858216078,0.0,0.0001912262858216078,300.1609550809376,300.05818359981674,1.9652608623123678e-05
4,268,contact,0.001676294875826754,-7.370512417324599e-05,7.370512417324599e-05,0.0001777298803239415,0.0001777298803239415,0.0,0.0001777298803239415,300.1609550809376,300.23479653422004,-1.3123832654836635e-05
4,321,contact,0.0017070118044182653,-4.2988195581734716e-05,4.2988195581734716e-05,0.00013573323982050977,0.00013573323982050977,0.0,0.00013573323982050977,300.1609550809376,300.13058486329413,4.122248034799649e-06
5,109,contact,0.0017163110419734528,-3.368895802654723e-05,3.368895802654723e-05,0.00012015874861415727,0.00012015874861415727,0.0,0.00012015874861415727,300.0500312543918,300.07832376206767,-3.3995923174891645e-06
5,457,contact,0.0018843381851727141,-0.00011566181482728592,0.00011566181482728592,0.00023284431644403578,0.00023284431644403578,0.0,0.00023284431644403578,300.0500312543918,300.1450980389109,-2.2135760457876802e-05
5,464,contact,0.001957119680056956,-4.2880319943044195e-05,4.2880319943044195e-05,0.00014177499770164683,0.00014177499770164683,0.0,0.00014177499770164683,300.0500312543918,300.0647133704877,-2.081556975753247e-06
6,157,contact,0.0017025460311251496,-4.745396887485039e-05,4.745396887485039e-05,0.00014260930976650414,0.00014260930976650414,0.0,0.00014260930976650414,300.31325760894583,300.3540779322827,-5.82135813551304e-06
6,220,contact,0.001717076316562547,-3.292368343745314e-05,3.292368343745314e-05,0.00011878615257942641,0.00011878615257942641,0.0,0.00011878615257942641,300.31325760894583,300.22920702561316,9.98404541614419e-06
6,238,contact,0.0016800431024530296,-6.995689754697048e-05,6.995689754697048e-05,0.00017315174708945388,0.00017315174708945388,0.0,0.00017315174708945388,300.31325760894583,300.233503790574,1.3809512988139356e-05
6,348,contact,0.0017198521536748448,-3.0147846325155256e-05,3.0147846325155256e-05,0.00011366840180069253,0.00011366840180069253,0.0,0.00011366840180069253,300.31325760894583,300.36983483232103,-6.431042559379766e-06
6,466,contact,0.0019479040041542094,-5.2095995845790645e-05,5.2095995845790645e-05,0.00015626899261438388,0.00015626899261438388,0.0,0.00015626899261438388,300.31325760894583,300.3871120410782,-1.1541157709429751e-05
7,26,contact,0.001444920333755464,-5.507966624453608e-05,5.507966624453608e-05,0.00014371803937467638,0.00014371803937467638,0.0,0.00014371803937467638,300.79129892012145,300.8442921878484,-7.6160885377741534e-06
7,339,contact,0.001619345760639154,-0.00013065423936084604,0.00013065423936084604,0.00023663193785241916,0.00023663193785241916,0.0,0.00023663193785241916,300.79129892012145,300.71347296514307,1.8416106541749125e-05
7,445,contact,0.0018662994292449426,-0.00013370057075505742,0.00013370057075505742,0.00025034404834433987,0.00025034404834433987,0.0,0.00025034404834433987,300.79129892012145,300.834439622189,-1.0800018004006624e-05
8,10,contact,0.0014535285424442136,-4.6471457555786414e-05,4.6471457555786414e-05,0.00013201059269399523,0.00013201059269399523,0.0,0.00013201059269399523,300.24241651440695,300.305184752425,-8.286072303122638e-06
8,11,contact,0.0014240803660833194,-7.591963391668068e-05,7.591963391668068e-05,0.00016873014762855884,0.00016873014762855884,0.0,0.00016873014762855884,300.24241651440695,300.26143566447945,-3.209103999501796e-06
8,135,contact,0.0017342667936912132,-1.5733206308786874e-05,1.5733206308786874e-05,8.211457059356642e-05,8.211457059356642e-05,0.0,8.211457059356642e-05,300.24241651440695,300.2466967994899,-3.514737716026435e-07
8,141,contact,0.001743986845993971,-6.013154006029092e-06,6.013154006029092e-06,5.0764810672195914e-05,5.0764810672195914e-05,0.0,5.0764810672195914e-05,300.24241651440695,300.3479815366368,-5.358988367103242e-06
8,237,contact,0.0016804884581573289,-6.951154184267117e-05,6.951154184267117e-05,0.00017259971260032915,0.00017259971260032915,0.0,0.00017259971260032915,300.24241651440695,300.23043127139834,2.068649498731158e-06
8,457,contact,0.001948388424981016,-5.161157501898405e-05,5.161157501898405e-05,0.0001555407528275107,0.0001555407528275107,0.0,0.0001555407528275107,300.24241651440695,300.1450980389109,1.513698894268612e-05
9,29,contact,0.0014785693169073952,-2.143068309260485e-05,2.143068309260485e-05,8.96465624534863e-05,8.96465624534863e-05,0.0,8.96465624534863e-05,300.2078156306428,300.3309658727936,-1.1039995874134902e-05
9,291,contact,0.0017346839310087585,-1.5316068991241567e-05,1.5316068991241567e-05,8.101869887670967e-05,8.101869887670967e-05,0.0,8.101869887670967e-05,300.2078156306428,300.21944092803875,-9.418664690736696e-07
9,328,contact,0.001729427155245343,-2.057284475465702e-05,2.057284475465702e-05,9.389852749794099e-05,9.389852749794099e-05,0.0,9.389852749794099e-05,300.2078156306428,300.18824412298136,1.8377357503251377e-06
9,420,contact,0.001978562595522315,-2.143740447768487e-05,2.143740447768487e-05,0.00010024361999107367,0.00010024361999107367,0.0,0.00010024361999107367,300.2078156306428,300.10662089531905,1.0144126592892154e-05
10,106,contact,0.0016702149755588344,-7.978502444116564e-05,7.978502444116564e-05,0.00018491506672890855,0.00018491506672890855,0.0,0.00018491506672890855,300.305184752425,300.3434409591123,-7.0741490123705524e-06
10,141,contact,0.0016639926211675338,-8.600737883246619e-05,8.600737883246619e-05,0.0001919903779201293,0.0001919903779201293,0.0,0.0001919903779201293,300.305184752425,300.3479815366368,-8.216570774581947e-06
10,237,contact,0.0016656533505204493,-8.434664947955077e-05,8.434664947955077e-05,0.00019012775721252438,0.00019012775721252438,0.0,0.00019012775721252438,300.305184752425,300.23043127139834,1.421271169143084e-05
10,374,contact,0.0016962258760259488,-5.3774123974051216e-05,5.3774123974051216e-05,0.00015180926563202997,0.00015180926563202997,0.0,0.00015180926563202997,300.305184752425,300.35266580819285,-7.2080642075481065e-06
11,141,contact,0.0016888482881490564,-6.11517118509436e-05,6.11517118509436e-05,0.00016188846934710099,0.00016188846934710099,0.0,0.00016188846934710099,300.26143566447945,300.3479815366368,-1.4010778771860111e-05
11,430,contact,0.001970991979440241,-2.900802055975883e-05,2.900802055975883e-05,0.00011660836006645043,0.00011660836006645043,0.0,0.00011660836006645043,300.26143566447945,300.23041175257754,3.6176474897279402e-06
11,457,contact,0.0018838788544022682,-0.00011612114559773185,0.00011612114559773185,0.00023330620865921422,0.00023330620865921422,0.0,0.00023330620865921422,300.26143566447945,300.1450980389109,2.714229034581977e-05
11,497,contact,0.0018599787369262455,-0.00014002126307375456,0.00014002126307375456,0.00025619322213091906,0.00025619322213091906,0.0,0.00025619322213091906,300.26143566447945,300.3393388302897,-1.995826306312857e-05
12,110,contact,0.0015556948740996742,-0.00019430512590032584,0.00019430512590032584,0.00028857169886503756,0.00028857169886503756,0.0,0.00028857169886503756,300.829574247227,300.82179801404806,2.2440008192227524e-06
12,313,contact,0.0016146486137547076,-0.0001353513862452924,0.0001353513862452924,0.0002408479540338015,0.0002408479540338015,0.0,0.0002408479540338015,300.829574247227,300.8449243811471,-3.6970483487995745e-06
12,334,contact,0.001657956305504159,-9.204369449584103e-05,9.204369449584103e-05,0.00019861343771526317,0.00019861343771526317,0.0,0.00019861343771526317,300.829574247227,300.93227257266705,-2.0397267463245356e-05
12,341,contact,0.0015938052946643138,-0.00015619470533568625,0.00015619470533568625,0.0002587287923695552,0.0002587287923695552,0.0,0.0002587287923695552,300.829574247227,300.82653688228595,7.858537631873414e-07
12,492,contact,0.001906730085801344,-9.3269914198656e-05,9.3269914198656e-05,0.0002090939317163939,0.0002090939317163939,0.0,0.0002090939317163939,300.829574247227,300.72883262810564,2.1064461229564636e-05
13,174,contact,0.0016948452998430273,-5.515470015697273e-05,5.515470015697273e-05,0.00015374566217849075,0.00015374566217849075,0.0,0.00015374566217849075,300.57881517159274,300.49543269036775,1.2819694790021239e-05
13,175,contact,0.001728546324227383,-2.1453675772616955e-05,2.1453675772616955e-05,9.5887603338381e-05,9.5887603338381e-05,0.0,9.5887603338381e-05,300.57881517159274,300.6408645712819,-5.9497682247786665e-06
13,271,contact,0.0016736722954628837,-7.632770453711631e-05,7.632770453711631e-05,0.0001808642401721519,0.0001808642401721519,0.0,0.0001808642401721519,300.57881517159274,300.553976946879,4.492346640074461e-06
13,311,contact,0.0016928137128461602,-5.7186287153839855e-05,5.7186287153839855e-05,0.00015655161698371908,0.00015655161698371908,0.0,0.00015655161698371908,300.57881517159274,300.6501720155977,-1.117102931183481e-05
13,498,contact,0.0019301325033012637,-6.986749669873633e-05,6.986749669873633e-05,0.00018097068568564539,0.00018097068568564539,0.0,0.00018097068568564539,300.57881517159274,300.57987193884026,-1.9124389339364906e-07
14,70,contact,0.0014736820675437432,-2.6317932456256833e-05,2.6317932456256833e-05,9.934397148844167e-05,9.934397148844167e-05,0.0,9.934397148844167e-05,300.5625097546029,300.43842855834953,1.2326718822846646e-05
14,182,contact,0.0017339929068770725,-1.6007093122927512e-05,1.6007093122927512e-05,8.282622028662742e-05,8.282622028662742e-05,0.0,8.282622028662742e-05,300.5625097546029,300.5903770026353,-2.3081388243142757e-06
14,254,contact,0.0017048835691037664,-4.511643089623362e-05,4.511643089623362e-05,0.00013905255568037207,0.00013905255568037207,0.0,0.00013905255568037207,300.5625097546029,300.6174193642589,-7.635321554081493e-06
14,473,contact,0.0019426051318268461,-5.739486817315392e-05,5.739486817315392e-05,0.00016402391428132026,0.00016402391428132026,0.0,0.00016402391428132026,300.5625097546029,300.5670104291331,-7.38218253352975e-07
14,488,contact,0.0019604431426848367,-3.955685731516336e-05,3.955685731516336e-05,0.0001361700292519717,0.0001361700292519717,0.0,0.0001361700292519717,300.5625097546029,300.57459053478715,-1.645040191075806e-06
15,181,contact,0.0016635702394548909,-8.642976054510916e-05,8.642976054510916e-05,0.0001924612323246007,0.0001924612323246007,0.0,0.0001924612323246007,300.0500033293981,300.06394905511473,-2.6840115570796384e-06
15,278,contact,0.001700324036647134,-4.967596335286612e-05,4.967596335286612e-05,0.00014590989884103055,0.00014590989884103055,0.0,0.00014590989884103055,300.0500033293981,300.1499617694694,-1.4584925879111286e-05
15,361,contact,0.0016885415761538113,-6.145842384618874e-05,6.145842384618874e-05,0.00016229394475922218,0.00016229394475922218,0.0,0.00016229394475922218,300.0500033293981,300.08343642479116,-5.42598893684722e-06
16,263,contact,0.0016853733947407618,-6.462660525923826e-05,6.462660525923826e-05,0.00016642450702848287,0.00016642450702848287,0.0,0.00016642450702848287,300.58136706881226,300.5756947631241,9.440106778677401e-07
16,331,contact,0.0016392833701956476,-0.0001107166298043524,0.0001107166298043524,0.00021783017284541945,0.00021783017284541945,0.0,0.00021783017284541945,300.58136706881226,300.63901586598615,-1.255764745272052e-05
16,393,contact,0.00159579537212639,-0.0001542046278736101,0.0001542046278736101,0.00025707527625214876,0.00025707527625214876,0.0,0.00025707527625214876,300.58136706881226,300.62047444481993,-1.0053539490670446e-05
16,467,contact,0.001944803347212795,-5.519665278720513e-05,5.519665278720513e-05,0.00016085220232872909,0.00016085220232872909,0.0,0.00016085220232872909,300.58136706881226,300.6569392957788,-1.2155959142452668e-05
16,469,contact,0.0018253361524113842,-0.00017466384758861586,0.00017466384758861586,0.0002861357694472393,0.0002861357694472393,0.0,0.0002861357694472393,300.58136706881226,300.4631604724358,3.382313540791967e-05
17,148,contact,0.001656235267571911,-9.376473242808897e-05,9.376473242808897e-05,0.0002004616804437293,0.0002004616804437293,0.0,0.0002004616804437293,300.9591405409121,300.85925202713383,2.0023819329012494e-05
17,228,contact,0.0016527048909784224,-9.729510902157764e-05,9.729510902157764e-05,0.00020420064609689758,0.00020420064609689758,0.0,0.00020420064609689758,300.9591405409121,300.9464247675064,2.596569145057427e-06
18,213,contact,0.0017063027645174826,-4.3697235482517477e-05,4.3697235482517477e-05,0.0001368480421320109,0.0001368480421320109,0.0,0.0001368480421320109,300.3998005319226,300.4812072568593,-1.1140350923966344e-05
18,259,contact,0.0016804473973617865,-6.955260263821349e-05,6.955260263821349e-05,0.00017265068280641134,0.00017265068280641134,0.0,0.00017265068280641134,300.3998005319226,300.4749224930808,-1.2969857887715555e-05
18,295,contact,0.0017460083945960857,-3.991605403914347e-06,3.991605403914347e-06,4.136046457970468e-05,4.136046457970468e-05,0.0,4.136046457970468e-05,300.3998005319226,300.35748280355057,1.7502809054253497e-06
18,330,contact,0.0016671770878344033,-8.282291216559672e-05,8.282291216559672e-05,0.00018840258433804917,0.00018840258433804917,0.0,0.00018840258433804917,300.3998005319226,300.2811188907717,2.2359927906307838e-05
19,88,contact,0.0014232444705320321,-7.675552946796792e-05,7.675552946796792e-05,0.0001696564869095431,0.0001696564869095431,0.0,0.0001696564869095431,300.05184046435437,300.1441926883872,-1.5668153887691743e-05
19,217,contact,0.0017187587917156953,-3.124120828430473e-05,3.124120828430473e-05,0.00011571123223223417,0.00011571123223223417,0.0,0.00011571123223223417,300.05184046435437,300.1100653280974,-6.737270730258913e-06
20,69,contact,0.001435390807587398,-6.46091924126021e-05,6.46091924126021e-05,0.0001556548976252459,0.0001556548976252459,0.0,0.0001556548976252459,300.88939180901957,300.9476735732218,-9.071842040313164e-06
20,305,contact,0.0016881465766336754,-6.185342336632459e-05,6.185342336632459e-05,0.0001628146492614811,0.0001628146492614811,0.0,0.0001628146492614811,300.88939180901957,300.8336729773207,9.071842040310786e-06
21,76,contact,0.0014572518021948027,-4.274819780519736e-05,4.274819780519736e-05,0.0001266119037727062,0.0001266119037727062,0.0,0.0001266119037727062,300.6990869245531,300.7707224435649,-9.069909439830715e-06
21,100,contact,0.0014158198960376278,-8.418010396237224e-05,8.418010396237224e-05,0.00017767256115081356,0.00017767256115081356,0.0,0.00017767256115081356,300.6990869245531,300.73010335462396,-5.510768568442907e-06
21,177,contact,0.0016442049787359237,-0.00010579502126407633,0.00010579502126407633,0.00021293361265636257,0.00021293361265636257,0.0,0.00021293361265636257,300.6990869245531,300.6320783888346,1.4268369589356181e-05
21,282,contact,0.0016851078909582496,-6.489210904175044e-05,6.489210904175044e-05,0.0001667660153479596,0.0001667660153479596,0.0,0.0001667660153479596,300.6990869245531,300.66961004443294,4.9157418425304435e-06
21,428,contact,0.001970914664565668,-2.9085335434332095e-05,2.9085335434332095e-05,0.00011676365438287365,0.00011676365438287365,0.0,0.00011676365438287365,300.6990869245531,300.6658324642665,3.882912307596808e-06
21,447,contact,0.0019855822988987387,-1.4417701101261324e-05,1.4417701101261324e-05,8.220886443210516e-05,8.220886443210516e-05,0.0,8.220886443210516e-05,300.6990869245531,300.80231600805655,-8.486345731184429e-06
22,372,contact,0.0017084631735185276,-4.1536826481472456e-05,4.1536826481472456e-05,0.00013342225100592553,0.00013342225100592553,0.0,0.00013342225100592553,300.9446932066503,300.88631474627954,7.788985592927195e-06
22,446,contact,0.0019307837410308286,-6.92162589691714e-05,6.92162589691714e-05,0.000180125293592541,0.000180125293592541,0.0,0.000180125293592541,300.9446932066503,300.8517312081324,1.6744807275989977e-05
22,491,contact,0.0019827118829091124,-1.728811709088762e-05,1.728811709088762e-05,9.002113577573642e-05,9.002113577573642e-05,0.0,9.002113577573642e-05,300.9446932066503,300.93277761404863,1.0726551794430627e-06
23,50,contact,0.0014406980114166881,-5.9301988583311885e-05,5.9301988583311885e-05,0.00014912493325645434,0.00014912493325645434,0.0,0.00014912493325645434,300.47194033906936,300.501600382629,-4.423052016217646e-06
23,156,contact,0.001704412125044879,-4.558787495512109e-05,4.558787495512109e-05,0.000139777182311892,0.000139777182311892,0.0,0.000139777182311892,300.47194033906936,300.5347483485309,-8.77912658915389e-06
23,187,contact,0.0017087786066369165,-4.1221393363083565e-05,4.1221393363083565e-05,0.00013291467729833876,0.00013291467729833876,0.0,0.00013291467729833876,300.47194033906936,300.38027056297483,1.2184258707615952e-05
23,469,contact,0.001971324560111805,-2.867543988819502e-05,2.867543988819502e-05,0.00011593796810187514,0.00011593796810187514,0.0,0.00011593796810187514,300.47194033906936,300.4631604724358,1.0179198977020585e-06
24,133,contact,0.0016832273947687524,-6.67726052312476e-05,6.67726052312476e-05,0.00016916509927698392,0.00016916509927698392,0.0,0.00016916509927698392,300.1411917471059,300.07250521646307,1.1619363775184533e-05
24,140,contact,0.0016194280491446252,-0.0001305719508553748,0.0001305719508553748,0.0002365574084856493,0.0002365574084856493,0.0,0.0002365574084856493,300.1411917471059,300.19695125459623,-1.3190324590350057e-05
24,150,contact,0.0015649905067988113,-0.00018500949320118874,0.00018500949320118874,0.0002815844150525903,0.0002815844150525903,0.0,0.0002815844150525903,300.1411917471059,300.248509588963,-3.0219031724032807e-05
24,324,contact,0.0016241367346686054,-0.0001258632653313946,0.0001258632653313946,0.0002322528781904339,0.0002322528781904339,0.0,0.0002322528781904339,300.1411917471059,300.05421700525477,2.0200134124793167e-05
24,329,contact,0.0016124923429585638,-0.00013750765704143627,0.00013750765704143627,0.00024275883715687551,0.00024275883715687551,0.0,0.00024275883715687551,300.1411917471059,300.13798927369226,7.77428721920354e-07
24,418,contact,0.0019375992533224148,-6.240074667758521e-05,6.240074667758521e-05,0.00017102733701112834,0.00017102733701112834,0.0,0.00017102733701112834,300.1411917471059,300.0779712708857,1.0812429692512904e-05
26,45,contact,0.0014598423135736267,-4.015768642637329e-05,4.015768642637329e-05,0.00012271565674309854,0.00012271565674309854,0.0,0.00012271565674309854,300.8442921878484,300.8481468380425,-4.7302593008562757e-07
26,258,contact,0.0017243894749855667,-2.5610525014433316e-05,2.5610525014433316e-05,0.00010476611709851612,0.00010476611709851612,0.0,0.00010476611709851612,300.8442921878484,300.93815942565686,-9.834106027956168e-06
26,453,contact,0.001973437316967528,-2.65626830324721e-05,2.65626830324721e-05,0.00011158520364040789,0.00011158520364040789,0.0,0.00011158520364040789,300.8442921878484,300.9381801425484,-1.0476506544580247e-05
26,480,contact,0.0019640735307263828,-3.592646927361729e-05,3.592646927361729e-05,0.00012977107717826843,0.00012977107717826843,0.0,0.00012977107717826843,300.8442921878484,300.74282466325667,1.3167549964880729e-05
28,319,contact,0.0017403332097618547,-9.666790238145291e-06,9.666790238145291e-06,6.43654418307081e-05,6.43654418307081e-05,0.0,6.43654418307081e-05,300.65215170979906,300.68679509509184,-2.229836800881346e-06
28,354,contact,0.001653799986364735,-9.620001363526507e-05,9.620001363526507e-05,0.00020304821415677722,0.00020304821415677722,0.0,0.00020304821415677722,300.65215170979906,300.6501622675283,4.0395270024772205e-07
28,413,contact,0.001917834988052935,-8.216501194706501e-05,8.216501194706501e-05,0.00019625200470361245,0.00019625200470361245,0.0,0.00019625200470361245,300.65215170979906,300.69546825959657,-8.500959734605127e-06
28,488,contact,0.0019621814234162954,-3.781857658370462e-05,3.781857658370462e-05,0.00013314449959953863,0.00013314449959953863,0.0,0.00013314449959953863,300.65215170979906,300.57459053478715,1.032684383531277e-05
29,438,contact,0.0019805354883465224,-1.9464511653477685e-05,1.9464511653477685e-05,9.551957829454474e-05,9.551957829454474e-05,0.0,9.551957829454474e-05,300.3309658727936,300.43283366032324,-9.73036810662696e-06
29,482,contact,0.001997096681510437,-2.903318489563128e-06,2.903318489563128e-06,3.68907921029451e-05,3.68907921029451e-05,0.0,3.68907921029451e-05,300.3309658727936,300.3664659987829,-1.3096277674996808e-06
30,112,contact,0.0017459612887747535,-4.038711225246494e-06,4.038711225246494e-06,4.1603800780594003e-05,4.1603800780594003e-05,0.0,4.1603800780594003e-05,300.3480881758509,300.45420958153636,-4.415053820695518e-06
30,225,contact,0.0017480310241239996,-1.9689758760004297e-06,1.9689758760004297e-06,2.9049041361122127e-05,2.9049041361122127e-05,0.0,2.9049041361122127e-05,300.3480881758509,300.29466030497366,1.552028430948908e-06
30,330,contact,0.0017457354239975773,-4.264576002422759e-06,4.264576002422759e-06,4.2751320793745705e-05,4.2751320793745705e-05,0.0,4.2751320793745705e-05,300.3480881758509,300.2811188907717,2.863025389746697e-06
31,102,contact,0.0016758429485187456,-7.415705148125441e-05,7.415705148125441e-05,0.00017827392824517604,0.00017827392824517604,0.0,0.00017827392824517604,300.6465980321668,300.6939709756099,-8.445360720131788e-06
31,263,contact,0.001712728726506332,-3.7271273493667996e-05,3.7271273493667996e-05,0.00012638592851206857,0.00012638592851206857,0.0,0.00012638592851206857,300.6465980321668,300.5756947631241,8.961175492506526e-06
31,273,contact,0.0016724228340046058,-7.75771659953942e-05,7.75771659953942e-05,0.00018233857752864295,0.00018233857752864295,0.0,0.00018233857752864295,300.6465980321668,300.69596641298205,-9.001760332740308e-06
31,470,contact,0.0019539758285352445,-4.6024171464755567e-05,4.6024171464755567e-05,0.00014688032670886927,0.00014688032670886927,0.0,0.00014688032670886927,300.6465980321668,300.58882347685,8.485945560394988e-06
32,135,contact,0.0016878348167993222,-6.216518320067781e-05,6.216518320067781e-05,0.00016322445090034477,0.00016322445090034477,0.0,0.00016322445090034477,300.21865022975544,300.2466967994899,-4.57788594454261e-06
32,142,contact,0.0016877632274193556,-6.223677258064444e-05,6.223677258064444e-05,0.00016331840843751173,0.00016331840843751173,0.0,0.00016331840843751173,300.21865022975544,300.2065387526461,1.978027165322954e-06
32,288,contact,0.0017467955869248128,-3.2044130751872606e-06,3.2044130751872606e-06,3.705833090367089e-05,3.705833090367089e-05,0.0,3.705833090367089e-05,300.21865022975544,300.14849437772915,2.5998587792191977e-06
33,269,contact,0.0017310059078587806,-1.8994092141219393e-05,1.8994092141219393e-05,9.022375077206522e-05,9.022375077206522e-05,0.0,9.022375077206522e-05,300.94583753871154,300.94016319415607,5.119606489678211e-07
33,290,contact,0.0016266224781802596,-0.00012337752181974045,0.00012337752181974045,0.00022994799581620354,0.00022994799581620354,0.0,0.00022994799581620354,300.94583753871154,300.8686210511977,1.775577654777705e-05
33,318,contact,0.001628496851879057,-0.00012150314812094305,0.00012150314812094305,0.0002281946050328939,0.0002281946050328939,0.0,0.0002281946050328939,300.94583753871154,300.8991168596201,1.0661406912138838e-05
33,359,contact,0.0016811548068079224,-6.884519319207767e-05,6.884519319207767e-05,0.00017177043632885352,0.00017177043632885352,0.0,0.00017177043632885352,300.94583753871154,300.926103951305,3.389646919158886e-06
34,61,contact,0.0013590368265797657,-0.00014096317342023436,0.00014096317342023436,0.00022991561502557387,0.00022991561502557387,0.0,0.00022991561502557387,300.2938887110986,300.36182807421653,-1.5620320455707813e-05
34,101,contact,0.0016858382078064316,-6.416179219356842e-05,6.416179219356842e-05,0.0001658249406455517,0.0001658249406455517,0.0,0.0001658249406455517,300.2938887110986,300.29012014645537,6.249220082814992e-07
34,138,contact,0.0017216636756347044,-2.833632436529559e-05,2.833632436529559e-05,0.00011020044924453852,0.00011020044924453852,0.0,0.00011020044924453852,300.2938887110986,300.3165866014591,-2.501317714632432e-06
34,328,contact,0.0016215016478560859,-0.00012849835214391418,0.00012849835214391418,0.00023467152010287016,0.00023467152010287016,0.0,0.00023467152010287016,300.2938887110986,300.18824412298136,2.4791776084111845e-05
34,342,contact,0.001612213914652767,-0.00013778608534723296,0.00013778608534723296,0.0002430044843918079,0.0002430044843918079,0.0,0.0002430044843918079,300.2938887110986,300.3239089798205,-7.2950599220684495e-06
35,239,contact,0.0016159084855585113,-0.00013409151444148878,0.00013409151444148878,0.00023972440823473773,0.00023972440823473773,0.0,0.00023972440823473773,300.50207923479064,300.5536861407845,-1.2371435000208293e-05
35,259,contact,0.0016366258843425387,-0.00011337411565746133,0.00011337411565746133,0.00022042891532269665,0.00022042891532269665,0.0,0.00022042891532269665,300.50207923479064,300.4749224930808,5.986131118802962e-06
35,369,contact,0.0016841094170213526,-6.589058297864743e-05,6.589058297864743e-05,0.0001680441051526747,0.0001680441051526747,0.0,0.0001680441051526747,300.50207923479064,300.613771448787,-1.8769218153542325e-05
35,414,contact,0.0019545365176685744,-4.5463482331425595e-05,4.5463482331425595e-05,0.00014598290085779137,0.00014598290085779137,0.0,0.00014598290085779137,300.50207923479064,300.4165894953645,1.2480040155002122e-05
35,426,contact,0.0018433645271622215,-0.0001566354728377785,0.0001566354728377785,0.0002709665623148153,0.0002709665623148153,0.0,0.0002709665623148153,300.50207923479064,300.4553041575572,1.2674481879961321e-05
36,176,contact,0.0017356264311481316,-1.4373568851868421e-05,1.4373568851868421e-05,7.848631050390276e-05,7.848631050390276e-05,0.0,7.848631050390276e-05,300.4857880973781,300.5800912459188,-7.401506197864651e-06
36,449,contact,0.001906053994435478,-9.394600556452207e-05,9.394600556452207e-05,0.00020985039935241895,0.00020985039935241895,0.0,0.00020985039935241895,300.4857880973781,300.43892384016385,9.834483091759468e-06
36,483,contact,0.0019077563730204128,-9.224362697958727e-05,9.224362697958727e-05,0.00020794037642238108,0.00020794037642238108,0.0,0.00020794037642238108,300.4857880973781,300.4974884556045,-2.4329768938844606e-06
37,51,contact,0.0014883596538323657,-1.1640346167634315e-05,1.1640346167634315e-05,6.60691290457417e-05,6.60691290457417e-05,0.0,6.60691290457417e-05,300.87022022125944,300.9011378815509,-2.042702887587307e-06
37,399,contact,0.0017445777581569703,-5.422241843029696e-06,5.422241843029696e-06,4.8205994779975364e-05,4.8205994779975364e-05,0.0,4.8205994779975364e-05,300.87022022125944,300.9284268346173,-2.8059076996894198e-06
37,455,contact,0.001993675710164518,-6.32428983548183e-06,6.32428983548183e-06,5.4447321884387555e-05,5.4447321884387555e-05,0.0,5.4447321884387555e-05,300.87022022125944,300.92045964085156,-2.7354018498167993e-06
37,474,contact,0.001990706197935798,-9.293802064202009e-06,9.293802064202009e-06,6.600355837070219e-05,6.600355837070219e-05,0.0,6.600355837070219e-05,300.87022022125944,300.75531713687576,7.584012437092207e-06
38,163,contact,0.0017130979157362837,-3.6902084263716346e-05,3.6902084263716346e-05,0.00012575841510675996,0.00012575841510675996,0.0,0.00012575841510675996,300.32897363466617,300.23722890442224,1.1537671869874036e-05
38,230,contact,0.001656404757298166,-9.359524270183403e-05,9.359524270183403e-05,0.00020028042059126643,0.00020028042059126643,0.0,0.00020028042059126643,300.32897363466617,300.27649626406327,1.0510189855872757e-05
38,242,contact,0.001666040406352739,-8.395959364726111e-05,8.395959364726111e-05,0.00018969101979715152,0.00018969101979715152,0.0,0.00018969101979715152,300.32897363466617,300.33254777172607,-6.779817037871935e-07
38,245,contact,0.0017356437617783208,-1.4356238221679236e-05,1.4356238221679236e-05,7.843897961840665e-05,7.843897961840665e-05,0.0,7.843897961840665e-05,300.32897363466617,300.41470605517964,-6.724763585292425e-06
38,410,contact,0.001944458165685237,-5.554183431476299e-05,5.554183431476299e-05,0.00016135437655993455,0.00016135437655993455,0.0,0.00016135437655993455,300.32897363466617,300.35004292949407,-3.399622931512629e-06
38,427,contact,0.001920557751930413,-7.94422480695871e-05,7.94422480695871e-05,0.00019297293536301653,0.00019297293536301653,0.0,0.00019297293536301653,300.32897363466617,300.3872486123669,-1.1245493505119418e-05
39,116,contact,0.0016991482780793446,-5.0851721920655395e-05,5.0851721920655395e-05,0.00014762653931069545,0.00014762653931069545,0.0,0.00014762653931069545,300.34390420497834,300.2085678366455,1.9979239699855338e-05
39,312,contact,0.0017395251797257777,-1.0474820274222361e-05,1.0474820274222361e-05,6.700155736214227e-05,6.700155736214227e-05,0.0,6.700155736214227e-05,300.34390420497834,300.40868021729864,-4.340093705169032e-06
39,405,contact,0.0019509204962017287,-4.907950379827138e-05,4.907950379827138e-05,0.00015167734638185,0.00015167734638185,0.0,0.00015167734638185,300.34390420497834,300.4470121928732,-1.563914599466626e-05
40,77,contact,0.0014701971364412324,-2.9802863558767677e-05,2.9802863558767677e-05,0.00010571695150039978,0.00010571695150039978,0.0,0.00010571695150039978,300.04699845911307,300.0501778435066,-3.361148257337869e-07
40,274,contact,0.0016547742657232738,-9.522573427672622e-05,9.522573427672622e-05,0.0002020173977055932,0.0002020173977055932,0.0,0.0002020173977055932,300.04699845911307,300.0651230394859,-3.6614805614273287e-06
40,461,contact,0.001921180882790582,-7.881911720941811e-05,7.881911720941811e-05,0.00019221462273176496,0.00019221462273176496,0.0,0.00019221462273176496,300.04699845911307,300.10382049016664,-1.0922025261814735e-05
40,496,contact,0.0019445054069351423,-5.5494593064857756e-05,5.5494593064857756e-05,0.00016128574177264423,0.00016128574177264423,0.0,0.00016128574177264423,300.04699845911307,300.07663733573673,-4.78032820155563e-06
41,97,contact,0.0014498080502259598,-5.0191949774040226e-05,5.0191949774040226e-05,0.00013719322565369283,0.00013719322565369283,0.0,0.00013719322565369283,300.28269298083734,300.2352966340082,6.502457705691694e-06
41,101,contact,0.001668992865473067,-8.100713452693312e-05,8.100713452693312e-05,0.00018632590632728887,0.00018632590632728887,0.0,0.00018632590632728887,300.28269298083734,300.29012014645537,-1.3838733652215377e-06
41,291,contact,0.0017028538113707822,-4.7146188629217795e-05,4.7146188629217795e-05,0.0001421460847597355,0.0001421460847597355,0.0,0.0001421460847597355,300.28269298083734,300.21944092803875,8.991031658335486e-06
41,482,contact,0.0019394825269643445,-6.051747303565552e-05,6.051747303565552e-05,0.00016842673625485808,0.00016842673625485808,0.0,0.00016842673625485808,300.28269298083734,300.3664659987829,-1.4109615998795192e-05
42,246,contact,0.0016902393105711387,-5.976068942886129e-05,5.976068942886129e-05,0.00016003663343416266,0.00016003663343416266,0.0,0.00016003663343416266,300.75150943482566,300.6903033449073,9.795216576202581e-06
42,310,contact,0.0016306304862859782,-0.00011936951371402187,0.00011936951371402187,0.0002261821456709063,0.0002261821456709063,0.0,0.0002261821456709063,300.75150943482566,300.7979864082222,-1.051226156711513e-05
42,350,contact,0.0016874111936336096,-6.258880636639047e-05,6.258880636639047e-05,0.00016377965123001234,0.00016377965123001234,0.0,0.00016377965123001234,300.75150943482566,300.73216976399414,3.1674445436908425e-06
42,368,contact,0.001667919074895422,-8.208092510457801e-05,8.208092510457801e-05,0.0001875567629560007,0.0001875567629560007,0.0,0.0001875567629560007,300.75150943482566,300.6616258825241,1.685826811266656e-05
42,445,contact,0.0018843520226592481,-0.00011564797734075192,0.00011564797734075192,0.000232830387575328,0.000232830387575328,0.0,0.000232830387575328,300.75150943482566,300.834439622189,-1.9308667665498984e-05
43,141,contact,0.0017249136422151695,-2.5086357784830527e-05,2.5086357784830527e-05,0.00010368845737833501,0.00010368845737833501,0.0,0.00010368845737833501,300.39681098646884,300.3479815366368,5.063050327718646e-06
43,145,contact,0.0017095579144913457,-4.044208550865432e-05,4.044208550865432e-05,0.00013165227822127442,0.00013165227822127442,0.0,0.00013165227822127442,300.39681098646884,300.327596787955,9.112206919609466e-06
43,146,contact,0.0016944088948656994,-5.559110513430059e-05,5.559110513430059e-05,0.00015435271083875295,0.00015435271083875295,0.0,0.00015435271083875295,300.39681098646884,300.4054125700231,-1.3276777391049178e-06
43,233,contact,0.0017369549349332584,-1.3045065066741648e-05,1.3045065066741648e-05,7.477126568047853e-05,7.477126568047853e-05,0.0,7.477126568047853e-05,300.39681098646884,300.42679163645124,-2.2416911451078976e-06
43,342,contact,0.0017246513839324167,-2.5348616067583356e-05,2.5348616067583356e-05,0.00010422903914165604,0.00010422903914165604,0.0,0.00010422903914165604,300.39681098646884,300.3239089798205,7.598506104455991e-06
43,351,contact,0.0017201217708639116,-2.9878229136088468e-05,2.9878229136088468e-05,0.00011315898260428959,0.00011315898260428959,0.0,0.00011315898260428959,300.39681098646884,300.48320037069595,-9.775734826951754e-06
43,388,contact,0.0016768580518636631,-7.31419481363369e-05,7.31419481363369e-05,0.0001770495670745547,0.0001770495670745547,0.0,0.0001770495670745547,300.39681098646884,300.44441720081824,-8.42865964061981e-06
44,169,contact,0.0016546815485113742,-9.531845148862583e-05,9.531845148862583e-05,0.0002021157216143682,0.0002021157216143682,0.0,0.0002021157216143682,300.9426480963425,300.9504450982023,-1.5758966573190704e-06
44,226,contact,0.0016285519087250492,-0.00012144809127495083,0.00012144809127495083,0.00022814289814714577,0.00022814289814714577,0.0,0.00022814289814714577,300.9426480963425,300.90436184754736,8.734735759307194e-06
44,240,contact,0.001587078675187843,-0.0001629213248121571,0.0001629213248121571,0.00026424122486753634,0.00026424122486753634,0.0,0.00026424122486753634,300.9426480963425,300.8785438126922,1.6938994431009868e-05
44,495,contact,0.001914644790336056,-8.535520966394404e-05,8.535520966394404e-05,0.0002000256346820921,0.0002000256346820921,0.0,0.0002000256346820921,300.9426480963425,300.928588639845,2.8122517092045985e-06
45,258,contact,0.0015119339208579847,-0.0002380660791420153,0.0002380660791420153,0.00031941872148058613,0.00031941872148058613,0.0,0.00031941872148058613,300.8481468380425,300.93815942565686,-2.8751705652936e-05
45,275,contact,0.0016103479138993534,-0.00013965208610064667,0.00013965208610064667,0.00024464442369106696,0.00024464442369106696,0.0,0.00024464442369106696,300.8481468380425,300.74598209684035,2.4994034232949278e-05
45,365,contact,0.0015953484319420645,-0.00015465156805793555,0.00015465156805793555,0.00025744755476290885,0.00025744755476290885,0.0,0.00025744755476290885,300.8481468380425,300.8023923715386,1.1779375520916197e-05
45,372,contact,0.0016344209211521978,-0.00011557907884780219,0.00011557907884780219,0.00022256210579245597,0.00022256210579245597,0.0,0.00022256210579245597,300.8481468380425,300.88631474627954,-8.494730030926248e-06
46,376,contact,0.0017240951980676703,-2.5904801932329774e-05,2.5904801932329774e-05,0.00010536630377401722,0.00010536630377401722,0.0,0.00010536630377401722,300.131250514777,300.0628264570395,7.209590053020545e-06
46,425,contact,0.001939778533441383,-6.0221466558617104e-05,6.0221466558617104e-05,0.00016801432215543936,0.00016801432215543936,0.0,0.00016801432215543936,300.131250514777,300.157325392998,-4.380952989593411e-06
46,457,contact,0.0019360520267802722,-6.394797321972786e-05,6.394797321972786e-05,0.0001731346656413655,0.0001731346656413655,0.0,0.0001731346656413655,300.131250514777,300.1450980389109,-2.39748646088244e-06
46,489,contact,0.0019942173305083875,-5.782669491612505e-06,5.782669491612505e-06,5.2063675669254866e-05,5.2063675669254866e-05,0.0,5.2063675669254866e-05,300.131250514777,300.13953173190174,-4.3115060253023824e-07
48,63,contact,0.0014957350184043286,-4.264981595671416e-06,4.264981595671416e-06,3.999210044967357e-05,3.999210044967357e-05,0.0,3.999210044967357e-05,300.9432742053651,300.96471366998276,-8.574092225754334e-07
48,69,contact,0.0014848613310981381,-1.5138668901861895e-05,1.5138668901861895e-05,7.534587472581502e-05,7.534587472581502e-05,0.0,7.534587472581502e-05,300.9432742053651,300.9476735732218,-3.3147421939988345e-07
48,286,contact,0.001736755952094594,-1.3244047905406134e-05,1.3244047905406134e-05,7.533936906351382e-05,7.533936906351382e-05,0.0,7.533936906351382e-05,300.9432742053651,300.8429069023417,7.561609284389761e-06
48,367,contact,0.0017449067334674375,-5.093266532562582e-06,5.093266532562582e-06,4.6720750357366824e-05,4.6720750357366824e-05,0.0,4.6720750357366824e-05,300.9432742053651,300.93948408637084,1.7707720335687212e-07
49,73,contact,0.0013977186381851406,-0.0001022813618148594,0.0001022813618148594,0.00019584562972038022,0.00019584562972038022,0.0,0.00019584562972038022,300.0621315630269,300.04638924258325,3.083064660552169e-06
49,190,contact,0.0016318067740538269,-0.00011819322594617317,0.00011819322594617317,0.00022506496771202992,0.00022506496771202992,0.0,0.00022506496771202992,300.0621315630269,300.13038571229845,-1.5361617902007735e-05
49,332,contact,0.0016907798885878935,-5.9220111412106556e-05,5.9220111412106556e-05,0.00015931116642610356,0.00015931116642610356,0.0,0.00015931116642610356,300.0621315630269,300.0615240066887,9.679050890750313e-08
49,457,contact,0.0019251420083488103,-7.485799165118977e-05,7.485799165118977e-05,0.00018732240545779675,0.00018732240545779675,0.0,0.00018732240545779675,300.0621315630269,300.1450980389109,-1.554147983493778e-05
50,193,contact,0.0016198765743413916,-0.0001301234256586084,0.0001301234256586084,0.00023615076206762045,0.00023615076206762045,0.0,0.00023615076206762045,300.501600382629,300.47169924058755,7.061177479784646e-06
50,287,contact,0.0016306154915859223,-0.0001193845084140777,0.0001193845084140777,0.00022619635125332817,0.00022619635125332817,0.0,0.00022619635125332817,300.501600382629,300.4915502510843,2.2733030850371907e-06
50,498,contact,0.0019340929486454364,-6.590705135456365e-05,6.590705135456365e-05,0.0001757666928699852,0.0001757666928699852,0.0,0.0001757666928699852,300.501600382629,300.57987193884026,-1.3757532581035817e-05
51,78,contact,0.001486196482005323,-1.3803517994677049e-05,1.3803517994677049e-05,7.19466416728668e-05,7.19466416728668e-05,0.0,7.19466416728668e-05,300.9011378815509,300.9613173886531,-4.3297134335310864e-06
51,500,contact,0.001988488482758108,-1.1511517241892186e-05,1.1511517241892186e-05,7.345763205506261e-05,7.345763205506261e-05,0.0,7.345763205506261e-05,300.9011378815509,300.8700041452466,2.287010545940471e-06
52,172,contact,0.0017345752266765488,-1.5424773323451275e-05,1.5424773323451275e-05,8.130570175960586e-05,8.130570175960586e-05,0.0,8.130570175960586e-05,300.1596196879839,300.1526488273349,5.667707169357989e-07
52,280,contact,0.0017332618038253774,-1.6738196174622636e-05,1.6738196174622636e-05,8.469659170395726e-05,8.469659170395726e-05,0.0,8.469659170395726e-05,300.1596196879839,300.26767731602325,-9.152112802549087e-06
52,496,contact,0.001977164924835559,-2.2835075164441207e-05,2.2835075164441207e-05,0.00010345985445249677,0.00010345985445249677,0.0,0.00010345985445249677,300.1596196879839,300.07663733573673,8.585342085615223e-06
53,191,contact,0.0016461937932466379,-0.00010380620675336217,0.00010380620675336217,0.00021092267379983,0.00021092267379983,0.0,0.00021092267379983,300.23745752893007,300.222669498833,3.119130848305421e-06
53,196,contact,0.0016670683159366938,-8.293168406330628e-05,8.293168406330628e-05,0.0001885262589477804,0.0001885262589477804,0.0,0.0001885262589477804,300.23745752893007,300.17270324103254,1.2207883648148616e-05
53,293,contact,0.0016431021970650518,-0.00010689780293494824,0.00010689780293494824,0.00021404051979701837,0.00021404051979701837,0.0,0.00021404051979701837,300.23745752893007,300.30906553339094,-1.5327014496431874e-05
54,153,contact,0.0017121981544411533,-3.780184555884675e-05,3.780184555884675e-05,0.0001272823277355952,0.0001272823277355952,0.0,0.0001272823277355952,300.843473411034,300.8534748630304,-1.2730080908378637e-06
54,221,contact,0.0017288823392771497,-2.1117660722850314e-05,2.1117660722850314e-05,9.513372705869725e-05,9.513372705869725e-05,0.0,9.513372705869725e-05,300.843473411034,300.874223054723,-2.9253282098648155e-06
54,411,contact,0.001956745175872423,-4.3254824127576894e-05,4.3254824127576894e-05,0.00014239276249094148,0.00014239276249094148,0.0,0.00014239276249094148,300.843473411034,300.81398921375296,4.198336300672601e-06
55,199,contact,0.0016312877523294285,-0.00011871224767057154,0.00011871224767057154,0.00022555859011153196,0.00022555859011153196,0.0,0.00022555859011153196,300.49229757135066,300.43438218566547,1.3063312740917446e-05
55,272,contact,0.001600717103332129,-0.00014928289666787096,0.00014928289666787096,0.00025293948740011,0.00025293948740011,0.0,0.00025293948740011,300.49229757135066,300.4283658346623,1.617086070654906e-05
55,371,contact,0.0016887530506560157,-6.124694934398433e-05,6.124694934398433e-05,0.0001620144826118742,0.0001620144826118742,0.0,0.0001620144826118742,300.49229757135066,300.53596855044765,-7.075331083552344e-06
55,456,contact,0.0019943906399716247,-5.6093600283753375e-06,5.6093600283753375e-06,5.127755369848429e-05,5.127755369848429e-05,0.0,5.127755369848429e-05,300.49229757135066,300.42297054422835,3.554920356020669e-06
55,463,contact,0.0018872480058540265,-0.00011275199414597357,0.00011275199414597357,0.0002298967099719461,0.0002298967099719461,0.0,0.0002298967099719461,300.49229757135066,300.60414676972835,-2.5713762720028963e-05
56,239,contact,0.0016802107193444518,-6.978928065554829e-05,6.978928065554829e-05,0.00017294418668900292,0.00017294418668900292,0.0,0.00017294418668900292,300.5009755321635,300.5536861407845,-9.115993337840897e-06
56,373,contact,0.0016452340717964726,-0.00010476592820352743,0.00010476592820352743,0.0002118954542122069,0.0002118954542122069,0.0,0.0002118954542122069,300.5009755321635,300.4573848788765,9.236661277661262e-06
56,414,contact,0.0019117257730647454,-8.827422693525461e-05,8.827422693525461e-05,0.00020341716711207194,0.00020341716711207194,0.0,0.00020341716711207194,300.5009755321635,300.4165894953645,1.7165568549468297e-05
56,436,contact,0.0018843103676942398,-0.00011568963230576025,0.00011568963230576025,0.000232872315107067,0.000232872315107067,0.0,0.000232872315107067,300.5009755321635,300.5752060669584,-1.7286236489319074e-05
59,119,contact,0.0016796485220724,-7.035147792760002e-05,7.035147792760002e-05,0.0001736393774394013,0.0001736393774394013,0.0,0.0001736393774394013,300.4839799242685,300.3849776800247,1.719068805560051e-05
59,122,contact,0.0017184472905923541,-3.155270940764592e-05,3.155270940764592e-05,0.00011628667054367825,0.00011628667054367825,0.0,0.00011628667054367825,300.4839799242685,300.4412587335123,4.967905034699496e-06
59,441,contact,0.0019295610315561412,-7.043896844385888e-05,7.043896844385888e-05,0.0001817092910614613,0.0001817092910614613,0.0,0.0001817092910614613,300.4839799242685,300.4796672337935,7.836559287778992e-07
59,448,contact,0.0018993369000785511,-0.0001006630999214489,0.0001006630999214489,0.00021722299161962386,0.00021722299161962386,0.0,0.00021722299161962386,300.4839799242685,300.53260039790246,-1.0561484736728783e-05
59,485,contact,0.0019196070759225213,-8.039292407747869e-05,8.039292407747869e-05,0.00019412414368470023,0.00019412414368470023,0.0,0.00019412414368470023,300.4839799242685,300.5477574845834,-1.2380764282432775e-05
60,171,contact,0.00169436558646592,-5.563441353407996e-05,5.563441353407996e-05,0.0001544128235802787,0.0001544128235802787,0.0,0.0001544128235802787,300.20254014215266,300.2193665959263,-2.598220238033943e-06
60,211,contact,0.0016912811450790785,-5.871885492092152e-05,5.871885492092152e-05,0.00015863550528660915,0.00015863550528660915,0.0,0.00015863550528660915,300.20254014215266,300.15065845293407,8.230277984313783e-06
60,297,contact,0.0017424300398294333,-7.569960170566775e-06,7.569960170566775e-06,5.695848176109171e-05,5.695848176109171e-05,0.0,5.695848176109171e-05,300.20254014215266,300.3006118907328,-5.586017902780232e-06
60,338,contact,0.001736896453361571,-1.3103546638428953e-05,1.3103546638428953e-05,7.493867961329341e-05,7.493867961329341e-05,0.0,7.493867961329341e-05,300.20254014215266,300.20315450904195,-4.6039843481864874e-08
61,101,contact,0.0016800052806167018,-6.999471938329825e-05,6.999471938329825e-05,0.00017319854756480028,0.00017319854756480028,0.0,0.00017319854756480028,300.36182807421653,300.29012014645537,1.2419708937115817e-05
61,138,contact,0.0016913218898837676,-5.867811011623248e-05,5.867811011623248e-05,0.00015858045742898254,0.00015858045742898254,0.0,0.00015858045742898254,300.36182807421653,300.3165866014591,7.17441344463332e-06
61,426,contact,0.0019046798774859782,-9.53201225140218e-05,9.53201225140218e-05,0.0002113795340813479,0.0002113795340813479,0.0,0.0002113795340813479,300.36182807421653,300.4553041575572,-1.9758930944295244e-05
61,438,contact,0.0018989257625826239,-0.00010107423741737617,0.00010107423741737617,0.0002176661406590264,0.0002176661406590264,0.0,0.0002176661406590264,300.36182807421653,300.43283366032324,-1.545551189307923e-05
62,151,contact,0.0017175948065245189,-3.2405193475481186e-05,3.2405193475481186e-05,0.0001178471045928601,0.0001178471045928601,0.0,0.0001178471045928601,300.6792379226375,300.6648227699365,1.6987840080790891e-06
62,239,contact,0.0017492919407005798,-7.080592994202807e-07,7.080592994202807e-07,1.741993069635567e-05,1.741993069635567e-05,0.0,1.741993069635567e-05,300.6792379226375,300.5536861407845,2.187103338683316e-06
62,419,contact,0.0019751086520492993,-2.489134795070078e-05,2.489134795070078e-05,0.00010801768073741905,0.00010801768073741905,0.0,0.00010801768073741905,300.6792379226375,300.66653347125947,1.3723053728989264e-06
62,492,contact,0.0019760193424407566,-2.3980657559243435e-05,2.3980657559243435e-05,0.00010602326740341179,0.00010602326740341179,0.0,0.00010602326740341179,300.6792379226375,300.72883262810564,-5.258192719638835e-06
63,298,contact,0.00174468119412373,-5.3188058762700455e-06,5.3188058762700455e-06,4.774398635102815e-05,4.774398635102815e-05,0.0,4.774398635102815e-05,300.96471366998276,300.8958223244877,3.2891474590194698e-06
64,73,contact,0.00146459492314428,-3.5405076855719994e-05,3.5405076855719994e-05,0.00011522544780080049,0.00011522544780080049,0.0,0.00011522544780080049,300.1218739756807,300.04638924258325,8.69776217328134e-06
64,325,contact,0.0017116273547708922,-3.837264522910783e-05,3.837264522910783e-05,0.00012823969503980955,0.00012823969503980955,0.0,0.00012823969503980955,300.1218739756807,300.1729067043941,-6.544421567253247e-06
64,457,contact,0.0019816596436826664,-1.8340356317333648e-05,1.8340356317333648e-05,9.272023524425586e-05,9.272023524425586e-05,0.0,9.272023524425586e-05,300.1218739756807,300.1450980389109,-2.153340606026561e-06
65,168,contact,0.0016301311266275476,-0.00011986887337245246,0.00011986887337245246,0.00022665474692244947,0.00022665474692244947,0.0,0.00022665474692244947,300.05683131716125,300.1225798767848,-1.4902223141992985e-05
65,196,contact,0.001696599165978811,-5.340083402118902e-05,5.340083402118902e-05,0.00015128143218308955,0.00015128143218308955,0.0,0.00015128143218308955,300.05683131716125,300.17270324103254,-1.752927059305746e-05
66,318,contact,0.0016724491552438906,-7.755084475610948e-05,7.755084475610948e-05,0.00018230764197928434,0.00018230764197928434,0.0,0.00018230764197928434,300.95835459031304,300.8991168596201,1.0799490998831568e-05
66,335,contact,0.0016532588599357321,-9.674114006426792e-05,9.674114006426792e-05,0.00020361848786142175,0.00020361848786142175,0.0,0.00020361848786142175,300.95835459031304,300.9365957316778,4.430505892894655e-06
66,412,contact,0.0019221038310237042,-7.789616897629589e-05,7.789616897629589e-05,0.00019108592100842671,0.00019108592100842671,0.0,0.00019108592100842671,300.95835459031304,300.93131757716424,5.166392558855269e-06
68,383,contact,0.001734873711081011,-1.5126288918989065e-05,1.5126288918989065e-05,8.051518646190489e-05,8.051518646190489e-05,0.0,8.051518646190489e-05,300.8557835000938,300.7902741306011,5.2744990997067095e-06
68,412,contact,0.001970744388727264,-2.9255611272736154e-05,2.9255611272736154e-05,0.00011710494346565849,0.00011710494346565849,0.0,0.00011710494346565849,300.8557835000938,300.93131757716424,-8.845413825061657e-06
68,459,contact,0.001976800179127876,-2.319982087212397e-05,2.319982087212397e-05,0.00010428286548521819,0.00010428286548521819,0.0,0.00010428286548521819,300.8557835000938,300.8823564320562,-2.77110148938193e-06
68,499,contact,0.0019834242170549397,-1.6575782945060357e-05,1.6575782945060357e-05,8.814702635652007e-05,8.814702635652007e-05,0.0,8.814702635652007e-05,300.8557835000938,300.78383534169404,6.34201621476828e-06
69,468,contact,0.0019499937624489982,-5.000623755100188e-05,5.000623755100188e-05,0.0001531026578868967,0.0001531026578868967,0.0,0.0001531026578868967,300.9476735732218,300.87509625897536,1.1111779713418874e-05
70,214,contact,0.0016336170585850283,-0.00011638294141497175,0.00011638294141497175,0.0002233347341180035,0.0002233347341180035,0.0,0.0002233347341180035,300.43842855834953,300.4614955591853,-5.151662498561977e-06
70,348,contact,0.001689720217077371,-6.027978292262896e-05,6.027978292262896e-05,0.00016073018596743642,0.00016073018596743642,0.0,0.00016073018596743642,300.43842855834953,300.36983483232103,1.102508234075953e-05
70,395,contact,0.0016978972724520174,-5.210272754798263e-05,5.210272754798263e-05,0.0001494313902020149,0.0001494313902020149,0.0,0.0001494313902020149,300.43842855834953,300.43624432425446,3.263931373527117e-07
70,486,contact,0.0018927645870789103,-0.0001072354129210897,0.0001072354129210897,0.00022420214050441353,0.00022420214050441353,0.0,0.00022420214050441353,300.43842855834953,300.41110096089847,6.126905843371168e-06
71,258,contact,0.0016454497842307426,-0.00010455021576925741,0.00010455021576925741,0.00021167719605494055,0.00021167719605494055,0.0,0.00021167719605494055,300.96121757342405,300.93815942565686,4.8808840655787635e-06
71,453,contact,0.0019567552669702967,-4.324473302970335e-05,4.324473302970335e-05,0.00014237615182211328,0.00014237615182211328,0.0,0.00014237615182211328,300.96121757342405,300.9381801425484,3.2799807559445367e-06
71,491,contact,0.0018606778196603513,-0.0001393221803396487,0.0001393221803396487,0.00025555287522195934,0.00025555287522195934,0.0,0.00025555287522195934,300.96121757342405,300.93277761404863,7.267913389583985e-06
72,192,contact,0.0017072758911786934,-4.272410882130663e-05,4.272410882130663e-05,0.00013531567666751903,0.00013531567666751903,0.0,0.00013531567666751903,300.682569692688,300.75972864462005,-1.0440815791643651e-05
72,403,contact,0.0019175728280563444,-8.242717194365565e-05,8.242717194365565e-05,0.00019656484133381683,0.00019656484133381683,0.0,0.00019656484133381683,300.682569692688,300.7297284472913,-9.269753116095688e-06
72,470,contact,0.001905691780351691,-9.430821964830907e-05,9.430821964830907e-05,0.00021025455514719503,0.00021025455514719503,0.0,0.00021025455514719503,300.682569692688,300.58882347685,1.971056890775074e-05
73,124,contact,0.0017241327600854876,-2.5867239914512466e-05,2.5867239914512466e-05,0.00010528988538013747,0.00010528988538013747,0.0,0.00010528988538013747,300.04638924258325,300.07584564011387,-3.101460719711085e-06
73,132,contact,0.0016739480559742593,-7.605194402574077e-05,7.605194402574077e-05,0.00018053722690001097,0.00018053722690001097,0.0,0.00018053722690001097,300.04638924258325,300.0482767996406,-3.407743167459057e-07
73,464,contact,0.001932123762220303,-6.787623777969711e-05,6.787623777969711e-05,0.00017837316630937798,0.00017837316630937798,0.0,0.00017837316630937798,300.04638924258325,300.0647133704877,-3.2685327141772162e-06
74,88,contact,0.0014403567250511234,-5.9643274948876666e-05,5.9643274948876666e-05,0.00014955342893370498,0.00014955342893370498,0.0,0.00014955342893370498,300.1892368888213,300.1441926883872,6.736514628499703e-06
74,101,contact,0.0017451885199026489,-4.811480097351162e-06,4.811480097351162e-06,4.5409942731353267e-05,4.5409942731353267e-05,0.0,4.5409942731353267e-05,300.1892368888213,300.29012014645537,-4.581102951714675e-06
74,338,contact,0.0016940361885154635,-5.596381148453649e-05,5.596381148453649e-05,0.000154869269502474,0.000154869269502474,0.0,0.000154869269502474,300.1892368888213,300.20315450904195,-2.1554116767831583e-06
75,115,contact,0.0015774096331644491,-0.0001725903668355509,0.0001725903668355509,0.00027196929987110483,0.00027196929987110483,0.0,0.00027196929987110483,300.12250959492536,300.0653177010011,1.5554439348882142e-05
75,171,contact,0.0017480611174956096,-1.938882504390468e-06,1.938882504390468e-06,2.882619719523843e-05,2.882619719523843e-05,0.0,2.882619719523843e-05,300.12250959492536,300.2193665959263,-2.792019010592956e-06
75,204,contact,0.0016570342175404825,-9.296578245951751e-05,9.296578245951751e-05,0.0001996058070220806,0.0001996058070220806,0.0,0.0001996058070220806,300.12250959492536,300.1179702847116,9.060726785435924e-07
75,211,contact,0.0017333850598179282,-1.6614940182071818e-05,1.6614940182071818e-05,8.438417297964916e-05,8.438417297964916e-05,0.0,8.438417297964916e-05,300.12250959492536,300.15065845293407,-2.3753181033862043e-06
75,386,contact,0.0016055546173207565,-0.00014444538267924354,0.00014444538267924354,0.0002488074838211063,0.0002488074838211063,0.0,0.0002488074838211063,300.12250959492536,300.20831686810106,-2.134949173239706e-05
75,493,contact,0.0018161501219337568,-0.00018384987806624323,0.00018384987806624323,0.00029356367340587544,0.00029356367340587544,0.0,0.00029356367340587544,300.12250959492536,300.0882535962104,1.005631681895308e-05
76,256,contact,0.0017044442581674527,-4.555574183254729e-05,4.555574183254729e-05,0.00013972791187449263,0.00013972791187449263,0.0,0.00013972791187449263,300.7707224435649,300.79436232682616,-3.303151525049759e-06
76,345,contact,0.001686700357769572,-6.329964223042808e-05,6.329964223042808e-05,0.0001647070675434266,0.0001647070675434266,0.0,0.0001647070675434266,300.7707224435649,300.77764975817166,-1.1409776748271667e-06
76,447,contact,0.0019542668139483914,-4.573318605160864e-05,4.573318605160864e-05,0.0001464152688816694,0.0001464152688816694,0.0,0.0001464152688816694,300.7707224435649,300.80231600805655,-4.625780239972284e-06
77,172,contact,0.0016816005759394818,-6.839942406051827e-05,6.839942406051827e-05,0.0001712134307905757,0.0001712134307905757,0.0,0.0001712134307905757,300.0501778435066,300.1526488273349,-1.754440869772109e-05
77,347,contact,0.0017054076461655717,-4.459235383442832e-05,4.459235383442832e-05,0.00013824257226405896,0.00013824257226405896,0.0,0.00013824257226405896,300.0501778435066,300.0756173460316,-3.516822266172525e-06
78,306,contact,0.0017336853491726804,-1.6314650827319683e-05,1.6314650827319683e-05,8.361813925045471e-05,8.361813925045471e-05,0.0,8.361813925045471e-05,300.9613173886531,300.92448930024705,3.0794962246630944e-06
79,111,contact,0.0017108777374961754,-3.912226250382461e-05,3.912226250382461e-05,0.0001294862306587482,0.0001294862306587482,0.0,0.0001294862306587482,300.0872170148591,300.07860602162987,1.1150050554823147e-06
79,231,contact,0.0017102851069046943,-3.9714893095305764e-05,3.9714893095305764e-05,0.00013046328398985194,0.00013046328398985194,0.0,0.00013046328398985194,300.0872170148591,300.0560278133303,4.0690456564727595e-06
79,320,contact,0.001714460466152545,-3.553953384745497e-05,3.553953384745497e-05,0.0001234148645494797,0.0001234148645494797,0.0,0.0001234148645494797,300.0872170148591,300.1292220904302,-5.184050711994143e-06
80,159,contact,0.0016664954374074968,-8.350456259250327e-05,8.350456259250327e-05,0.00018917629260164023,0.00018917629260164023,0.0,0.00018917629260164023,300.3207873458973,300.260688095194,1.1369353436192697e-05
80,180,contact,0.0016821472554577374,-6.785274454226267e-05,6.785274454226267e-05,0.0001705278501036406,0.0001705278501036406,0.0,0.0001705278501036406,300.3207873458973,300.3899483045715,-1.1793869593811342e-05
80,309,contact,0.001729807646416213,-2.0192353583787072e-05,2.0192353583787072e-05,9.302615665297062e-05,9.302615665297062e-05,0.0,9.302615665297062e-05,300.3207873458973,300.41699187251925,-8.949537364256731e-06
80,424,contact,0.0018999873502760483,-0.00010001264972395174,0.00010001264972395174,0.00021652004424094868,0.00021652004424094868,0.0,0.00021652004424094868,300.3207873458973,300.2774931855127,9.374053521852403e-06
81,82,contact,0.0014511679240839085,-4.883207591609151e-05,4.883207591609151e-05,0.00013532194378050558,0.00013532194378050558,0.0,0.00013532194378050558,300.94693553907905,300.9415079230916,7.344755455169049e-07
81,153,contact,0.0017080578835990893,-4.194211640091072e-05,4.194211640091072e-05,0.00013407159558701258,0.00013407159558701258,0.0,0.00013407159558701258,300.94693553907905,300.8534748630304,1.2530421962485337e-05
81,221,contact,0.0017336698412532905,-1.6330158746709518e-05,1.6330158746709518e-05,8.365787149381406e-05,8.365787149381406e-05,0.0,8.365787149381406e-05,300.94693553907905,300.874223054723,6.082971672252876e-06
81,247,contact,0.0016941045542145335,-5.589544578546652e-05,5.589544578546652e-05,0.00015477464602096244,0.00015477464602096244,0.0,0.00015477464602096244,300.94693553907905,300.9374629265419,1.4661202523292722e-06
82,148,contact,0.0016755068939353843,-7.449310606461577e-05,7.449310606461577e-05,0.00017867741011340891,0.00017867741011340891,0.0,0.00017867741011340891,300.9415079230916,300.85925202713383,1.4697270456290173e-05
82,221,contact,0.0017155416266251922,-3.4458373374807866e-05,3.4458373374807866e-05,0.00012152314307772444,0.00012152314307772444,0.0,0.00012152314307772444,300.9415079230916,300.874223054723,8.176668685720108e-06
84,131,contact,0.001688389061709415,-6.161093829058512e-05,6.161093829058512e-05,0.00016249519327913117,0.00016249519327913117,0.0,0.00016249519327913117,300.5076748475334,300.4547756376811,8.595867329260356e-06
84,215,contact,0.001720398002659558,-2.960199734044198e-05,2.960199734044198e-05,0.00011263467622699879,0.00011263467622699879,0.0,0.00011263467622699879,300.5076748475334,300.5104591480332,-3.1360878531337466e-07
84,252,contact,0.0016917090965180817,-5.829090348191831e-05,5.829090348191831e-05,0.00015805636898893062,0.00015805636898893062,0.0,0.00015805636898893062,300.5076748475334,300.59223592433364,-1.3365416756840287e-05
84,265,contact,0.0016965508398674978,-5.344916013250221e-05,5.344916013250221e-05,0.00015134986922336443,0.00015134986922336443,0.0,0.00015134986922336443,300.5076748475334,300.4262995773406,1.231613650169315e-05
84,465,contact,0.001983381579172298,-1.661842082770204e-05,1.661842082770204e-05,8.826032383231624e-05,8.826032383231624e-05,0.0,8.826032383231624e-05,300.5076748475334,300.589625354565,-7.232978288830879e-06
85,331,contact,0.0017385674337223745,-1.1432566277625508e-05,1.1432566277625508e-05,6.999765183089717e-05,6.999765183089717e-05,0.0,6.999765183089717e-05,300.6762892231695,300.63901586598615,2.6090474786869623e-06
85,434,contact,0.001990465849995924,-9.534150004075845e-06,9.534150004075845e-06,6.685157301373358e-05,6.685157301373358e-05,0.0,6.685157301373358e-05,300.6762892231695,300.73340511542267,-3.818287241208911e-06
85,467,contact,0.00199166846777351,-8.331532226490187e-06,8.331532226490187e-06,6.249324548435035e-05,6.249324548435035e-05,0.0,6.249324548435035e-05,300.6762892231695,300.6569392957788,1.2092397625308887e-06
86,125,contact,0.001738781744958233,-1.1218255041767124e-05,1.1218255041767124e-05,6.93384712070346e-05,6.93384712070346e-05,0.0,6.93384712070346e-05,300.5267627460093,300.56349391229924,-2.5468829161957815e-06
86,182,contact,0.001743668118564998,-6.331881435002072e-06,6.331881435002072e-06,5.209283513251842e-05,5.209283513251842e-05,0.0,5.209283513251842e-05,300.5267627460093,300.5903770026353,-3.3138469824964823e-06
86,205,contact,0.0016936898767982876,-5.631012320171246e-05,5.631012320171246e-05,0.00015534770659263384,0.00015534770659263384,0.0,0.00015534770659263384,300.5267627460093,300.4681869699503,9.099612472649565e-06
86,254,contact,0.0016903091931359771,-5.969080686402291e-05,5.969080686402291e-05,0.0001599430347664303,0.0001599430347664303,0.0,0.0001599430347664303,300.5267627460093,300.6174193642589,-1.4499894644506755e-05
86,395,contact,0.001713887489014376,-3.6112510985624076e-05,3.6112510985624076e-05,0.00012440574915336636,0.00012440574915336636,0.0,0.00012440574915336636,300.5267627460093,300.43624432425446,1.1261012070590835e-05
87,195,contact,0.0015899418365795655,-0.00016005816342043455,0.00016005816342043455,0.00026190906007928557,0.00026190906007928557,0.0,0.00026190906007928557,300.94119129470505,300.8673215674139,1.9347150843135494e-05
87,335,contact,0.0017362207274194722,-1.3779272580527815e-05,1.3779272580527815e-05,7.684661693602342e-05,7.684661693602342e-05,0.0,7.684661693602342e-05,300.94119129470505,300.9365957316778,3.531534715594649e-07
87,500,contact,0.0018181339007757376,-0.00018186609922426242,0.00018186609922426242,0.0002919755709153987,0.0002919755709153987,0.0,0.0002919755709153987,300.94119129470505,300.8700041452466,2.0784908604975732e-05
88,97,contact,0.0014302994591693014,-6.97005408306986e-05,6.97005408306986e-05,0.00016167158937646395,0.00016167158937646395,0.0,0.00016167158937646395,300.1441926883872,300.2352966340082,-1.4728919687014101e-05
88,144,contact,0.0017354824032527675,-1.451759674723249e-05,1.451759674723249e-05,7.887855968122994e-05,7.887855968122994e-05,0.0,7.887855968122994e-05,300.1441926883872,300.1682215196899,-1.895359603980294e-06
88,420,contact,0.001968590271437914,-3.140972856208613e-05,3.140972856208613e-05,0.00012133964835731919,0.00012133964835731919,0.0,0.00012133964835731919,300.1441926883872,300.10662089531905,4.558948159041944e-06
88,493,contact,0.0019933051558153354,-6.694844184664678e-06,6.694844184664678e-06,5.6019712705096654e-05,5.6019712705096654e-05,0.0,5.6019712705096654e-05,300.1441926883872,300.0882535962104,3.133691872728252e-06
89,143,contact,0.001670795924013462,-7.920407598653806e-05,7.920407598653806e-05,0.0001842406143992974,0.0001842406143992974,0.0,0.0001842406143992974,300.70810683295497,300.64249481155457,1.2088399134789119e-05
89,307,contact,0.0016358878055050103,-0.00011411219449498976,0.00011411219449498976,0.00022114526043335965,0.00022114526043335965,0.0,0.00022114526043335965,300.70810683295497,300.6297374969574,1.733100721917712e-05
89,339,contact,0.001572116566575138,-0.00017788343342486196,0.00017788343342486196,0.0002761082345423325,0.0002761082345423325,0.0,0.0002761082345423325,300.70810683295497,300.71347296514307,-1.4816332847773208e-06
89,423,contact,0.0018287410260066895,-0.00017125897399331057,0.00017125897399331057,0.00028333309735956424,0.00028333309735956424,0.0,0.00028333309735956424,300.70810683295497,300.806710820027,-2.7937773069115183e-05
90,151,contact,0.0016955684707200714,-5.443152927992866e-05,5.443152927992866e-05,0.00015273440431948058,0.00015273440431948058,0.0,0.00015273440431948058,300.57494269212407,300.6648227699365,-1.3727780144871317e-05
90,400,contact,0.0017007753304302126,-4.9224669569787475e-05,4.9224669569787475e-05,0.00014524560908502654,0.00014524560908502654,0.0,0.00014524560908502654,300.57494269212407,300.54266063653597,4.6888268264099856e-06
90,426,contact,0.0019879481027934294,-1.2051897206570659e-05,1.2051897206570659e-05,7.51620038023202e-05,7.51620038023202e-05,0.0,7.51620038023202e-05,300.57494269212407,300.4553041575572,8.992271990020504e-06
90,488,contact,0.0019625137798751887,-3.748622012481138e-05,3.748622012481138e-05,0.00013255815962627624,0.00013255815962627624,0.0,0.00013255815962627624,300.57494269212407,300.57459053478715,4.668132848098515e-08
91,215,contact,0.001673677032733615,-7.632296726638502e-05,7.632296726638502e-05,0.00018085862742530423,0.00018085862742530423,0.0,0.00018085862742530423,300.59403332291276,300.5104591480332,1.5115110556921848e-05
91,304,contact,0.0016875460246760675,-6.245397532393259e-05,6.245397532393259e-05,0.00016360314613277622,0.00016360314613277622,0.0,0.00016360314613277622,300.59403332291276,300.66422919313123,-1.1484265213269698e-05
91,381,contact,0.0015840044746780228,-0.00016599552532197727,0.00016599552532197727,0.0002667225888891013,0.0002667225888891013,0.0,0.0002667225888891013,300.59403332291276,300.6278587225411,-9.021998159072058e-06
91,436,contact,0.0018250765838451824,-0.00017492341615481764,0.00017492341615481764,0.00028634830420760444,0.00028634830420760444,0.0,0.00028634830420760444,300.59403332291276,300.5752060669584,5.391152815414485e-06
93,243,contact,0.001698964599792767,-5.103540020723308e-05,5.103540020723308e-05,0.0001478929152276351,0.0001478929152276351,0.0,0.0001478929152276351,300.85597763812314,300.9351232828276,-1.170508012291232e-05
93,286,contact,0.0017139287282147996,-3.60712717852004e-05,3.60712717852004e-05,0.00012433469539662533,0.00012433469539662533,0.0,0.00012433469539662533,300.85597763812314,300.8429069023417,1.625145951991597e-06
93,310,contact,0.0016621812897224786,-8.78187102775214e-05,8.78187102775214e-05,0.00019400152091913542,0.00019400152091913542,0.0,0.00019400152091913542,300.85597763812314,300.7979864082222,1.1250386800755405e-05
93,314,contact,0.0016045407844380926,-0.00014545921556190743,0.00014545921556190743,0.00024967912169872363,0.00024967912169872363,0.0,0.00024967912169872363,300.85597763812314,300.8155121844907,1.0103378922094095e-05
93,367,contact,0.0016509778209158358,-9.902217908416421e-05,9.902217908416421e-05,0.00020600504059453518,0.00020600504059453518,0.0,0.00020600504059453518,300.85597763812314,300.93948408637084,-1.7202749261173652e-05
93,445,contact,0.0018383416370468246,-0.0001616583629531754,0.0001616583629531754,0.0002752768744996589,0.0002752768744996589,0.0,0.0002752768744996589,300.85597763812314,300.834439622189,5.928917709274112e-06
94,130,contact,0.0017007506917828962,-4.9249308217103873e-05,4.9249308217103873e-05,0.00014528195475955989,0.00014528195475955989,0.0,0.00014528195475955989,300.2518338006673,300.284675639844,-4.771326593487623e-06
94,201,contact,0.0016888979125157337,-6.11020874842663e-05,6.11020874842663e-05,0.00016182277009688226,0.00016182277009688226,0.0,0.00016182277009688226,300.2518338006673,300.16222430245375,1.4500857227912562e-05
94,325,contact,0.0016393456730049336,-0.0001106543269950664,0.0001106543269950664,0.00021776887518166042,0.00021776887518166042,0.0,0.00021776887518166042,300.2518338006673,300.1729067043941,1.7187864976773506e-05
94,401,contact,0.0019632796240220095,-3.672037597799056e-05,3.672037597799056e-05,0.00013119708929577317,0.00013119708929577317,0.0,0.00013119708929577317,300.2518338006673,300.28966508534245,-4.963354433695721e-06
94,440,contact,0.0019518556364649508,-4.814436353504925e-05,4.814436353504925e-05,0.0001502253986749722,0.0001502253986749722,0.0,0.0001502253986749722,300.2518338006673,300.2611511804564,-1.3997070934208688e-06
94,497,contact,0.0018822937539342787,-0.00011770624606572138,0.00011770624606572138,0.00023489317325820028,0.00023489317325820028,0.0,0.00023489317325820028,300.2518338006673,300.3393388302897,-2.0554334084053092e-05
95,186,contact,0.0017106411765475543,-3.935882345244574e-05,3.935882345244574e-05,0.00012987712344329666,0.00012987712344329666,0.0,0.00012987712344329666,300.58327996655294,300.4936727743695,1.1637924360617206e-05
95,429,contact,0.001923672022487201,-7.632797751279895e-05,7.632797751279895e-05,0.0001891526882154322,0.0001891526882154322,0.0,0.0001891526882154322,300.58327996655294,300.54217498741104,7.775117303728106e-06
95,472,contact,0.0019497484233613313,-5.0251576638668744e-05,5.0251576638668744e-05,0.00015347777216709907,0.00015347777216709907,0.0,0.00015347777216709907,300.58327996655294,300.6714590144973,-1.353352383031916e-05
95,487,contact,0.001931193888401679,-6.880611159832111e-05,6.880611159832111e-05,0.00017959082607893148,0.00017959082607893148,0.0,0.00017959082607893148,300.58327996655294,300.6160183750918,-5.879517834006245e-06
96,189,contact,0.0016798897430783967,-7.011025692160331e-05,7.011025692160331e-05,0.00017334143464965734,0.00017334143464965734,0.0,0.00017334143464965734,300.04720103683746,300.0961054629217,-8.477163378156929e-06
96,320,contact,0.0016570619209914886,-9.293807900851141e-05,9.293807900851141e-05,0.00019957606391890294,0.00019957606391890294,0.0,0.00019957606391890294,300.04720103683746,300.1292220904302,-1.63694390345148e-05
97,144,contact,0.0016583077375746636,-9.169226242533644e-05,9.169226242533644e-05,0.00019823391207503512,0.00019823391207503512,0.0,0.00019823391207503512,300.2352966340082,300.1682215196899,1.3296562314196755e-05
97,291,contact,0.0017438105732561662,-6.189426743833824e-06,6.189426743833824e-06,5.1503509216781214e-05,5.1503509216781214e-05,0.0,5.1503509216781214e-05,300.2352966340082,300.21944092803875,8.166244985357845e-07
97,297,contact,0.001670065392282591,-7.993460771740899e-05,7.993460771740899e-05,0.0001850883276215621,0.0001850883276215621,0.0,0.0001850883276215621,300.2352966340082,300.3006118907328,-1.208909163532966e-05
97,300,contact,0.0017177007341210523,-3.229926587894772e-05,3.229926587894772e-05,0.00011765433489484789,0.00011765433489484789,0.0,0.00011765433489484789,300.2352966340082,300.32242098151295,-1.0250557158819544e-05
98,157,contact,0.0017181078109362055,-3.189218906379451e-05,3.189218906379451e-05,0.00011691056850148538,0.00011691056850148538,0.0,0.00011691056850148538,300.3765730261657,300.3540779322827,2.6299142143602e-06
98,203,contact,0.001726532790189633,-2.3467209810367103e-05,2.3467209810367103e-05,0.00010028646784593858,0.00010028646784593858,0.0,0.00010028646784593858,300.3765730261657,300.26196206142777,1.1493928829984319e-05
98,312,contact,0.0016979738764185972,-5.202612358140286e-05,5.202612358140286e-05,0.00014932149914300858,0.00014932149914300858,0.0,0.00014932149914300858,300.3765730261657,300.40868021729864,-4.794293913239131e-06
98,374,contact,0.0016989086370961808,-5.109136290381926e-05,5.109136290381926e-05,0.00014797397875083009,0.00014797397875083009,0.0,0.00014797397875083009,300.3765730261657,300.35266580819285,3.537646164307793e-06
98,439,contact,0.001973935035320058,-2.6064964679941953e-05,2.6064964679941953e-05,0.00011053484606097205,0.00011053484606097205,0.0,0.00011053484606097205,300.3765730261657,300.49298152315885,-1.2867195295324856e-05
99,113,contact,0.001667242430362182,-8.275756963781796e-05,8.275756963781796e-05,0.00018832825025677673,0.00018832825025677673,0.0,0.00018832825025677673,300.161306259586,300.2495096249276,-1.6611185461542524e-05
99,200,contact,0.0016593293291266816,-9.067067087331843e-05,9.067067087331843e-05,0.00019712650492946884,0.00019712650492946884,0.0,0.00019712650492946884,300.161306259586,300.06102071759403,1.976893838783644e-05
99,320,contact,0.0016953468711741555,-5.4653128825844517e-05,5.4653128825844517e-05,0.00015304499174030657,0.00015304499174030657,0.0,0.00015304499174030657,300.161306259586,300.1292220904302,4.910321403449691e-06
99,329,contact,0.0017201906722511893,-2.980932774881073e-05,2.980932774881073e-05,0.00011302843083959778,0.00011302843083959778,0.0,0.00011302843083959778,300.161306259586,300.13798927369226,2.6354823274804116e-06
99,432,contact,0.0019354451923265608,-6.455480767343928e-05,6.455480767343928e-05,0.00017395420689631126,0.00017395420689631126,0.0,0.00017395420689631126,300.161306259586,300.22283714664064,-1.0703556657214678e-05
100,277,contact,0.0017264367824580198,-2.356321754198019e-05,2.356321754198019e-05,0.00010049140164066673,0.00010049140164066673,0.0,0.00010049140164066673,300.73010335462396,300.6914457065087,3.884761243232891e-06
100,282,contact,0.0016684419140523168,-8.155808594768324e-05,8.155808594768324e-05,0.00018695845903876605,0.00018695845903876605,0.0,0.00018695845903876605,300.73010335462396,300.66961004443294,1.1309736055467285e-05
100,428,contact,0.0018743008426119856,-0.00012569915738801446,0.00012569915738801446,0.00024273747140816923,0.00024273747140816923,0.0,0.00024273747140816923,300.73010335462396,300.6658324642665,1.5600953410525685e-05
100,447,contact,0.001955184558663453,-4.481544133654687e-05,4.481544133654687e-05,0.00014493873921939002,0.00014493873921939002,0.0,0.00014493873921939002,300.73010335462396,300.80231600805655,-1.0466410944205866e-05
100,484,contact,0.0018262451636169,-0.00017375483638310007,0.00017375483638310007,0.0002853902232988687,0.0002853902232988687,0.0,0.0002853902232988687,300.73010335462396,300.8206453782249,-2.5839808333409534e-05
101,297,contact,0.001939905671418072,-6.009432858192806e-05,6.009432858192806e-05,0.00017334117886689255,0.00017334117886689255,0.0,0.00017334117886689255,300.29012014645537,300.3006118907328,-1.8186513214198331e-06
101,315,contact,0.0019555738978877793,-4.4426102112220776e-05,4.4426102112220776e-05,0.00014904043429925446,0.00014904043429925446,0.0,0.00014904043429925446,300.29012014645537,300.3572004131722,-9.997672084390236e-06
101,338,contact,0.0019084226392494929,-9.157736075050718e-05,9.157736075050718e-05,0.00021398289738961288,0.00021398289738961288,0.0,0.00021398289738961288,300.29012014645537,300.20315450904195,1.8609159067056802e-05
101,476,contact,0.002196673295417414,-5.332670458258609e-05,5.332670458258609e-05,0.0001721218957318493,0.0001721218957318493,0.0,0.0001721218957318493,300.29012014645537,300.2884537752716,2.868189671440487e-07
102,257,contact,0.0019199452367190063,-8.005476328099372e-05,8.005476328099372e-05,0.00020006844239034018,0.00020006844239034018,0.0,0.00020006844239034018,300.6939709756099,300.7692415251605,-1.5059261606458143e-05
102,384,contact,0.001881452768936284,-0.000118547231063716,0.000118547231063716,0.00024346173319817223,0.00024346173319817223,0.0,0.00024346173319817223,300.6939709756099,300.69959754264727,-1.3698537628766895e-06
102,408,contact,0.002218317449352098,-3.1682550647902166e-05,3.1682550647902166e-05,0.00013267033212671292,0.00013267033212671292,0.0,0.00013267033212671292,300.6939709756099,300.77855562931387,-1.1221874099730651e-05
102,451,contact,0.0021824235523151777,-6.757644768482255e-05,6.757644768482255e-05,0.00019375879576425048,0.00019375879576425048,0.0,0.00019375879576425048,300.6939709756099,300.7766610206478,-1.6021923548236518e-05
102,485,contact,0.002145512930565337,-0.00010448706943466321,0.00010448706943466321,0.00024093229735373012,0.00024093229735373012,0.0,0.00024093229735373012,300.6939709756099,300.5477574845834,3.522755229711355e-05
103,165,contact,0.001849386469643379,-0.000150613530356621,0.000150613530356621,0.0002744207812435321,0.0002744207812435321,0.0,0.0002744207812435321,300.7334151052558,300.86048620892416,-3.487095154214825e-05
103,331,contact,0.0019065824284829646,-9.341757151703546e-05,9.341757151703546e-05,0.00021612215471468382,0.00021612215471468382,0.0,0.00021612215471468382,300.7334151052558,300.63901586598615,2.0401766994383465e-05
103,428,contact,0.0020954295062588,-0.0001545704937412004,0.0001545704937412004,0.0002930400937122583,0.0002930400937122583,0.0,0.0002930400937122583,300.7334151052558,300.6658324642665,1.9804423448830706e-05
103,434,contact,0.002183031366013782,-6.696863398621827e-05,6.696863398621827e-05,0.00019288544957826693,0.00019288544957826693,0.0,0.00019288544957826693,300.7334151052558,300.73340511542267,1.926893454759108e-09
103,474,contact,0.0021431129502898346,-0.00010688704971016563,0.00010688704971016563,0.00024368359461282032,0.00024368359461282032,0.0,0.00024368359461282032,300.7334151052558,300.75531713687576,-5.337165794475252e-06
104,211,contact,0.0019401548499024502,-5.9845150097549834e-05,5.9845150097549834e-05,0.00017298142978012097,0.00017298142978012097,0.0,0.00017298142978012097,300.24209537302727,300.15065845293407,1.5816889172412663e-05
104,227,contact,0.001989490207967861,-1.0509792032139219e-05,1.0509792032139219e-05,7.24906615783689e-05,7.24906615783689e-05,0.0,7.24906615783689e-05,300.24209537302727,300.2127326704838,2.128521733106763e-06
104,297,contact,0.001937219510793756,-6.2780489206244e-05,6.2780489206244e-05,0.00017717292288361107,0.00017717292288361107,0.0,0.00017717292288361107,300.24209537302727,300.3006118907328,-1.0367542478858859e-05
104,401,contact,0.0021730442924386053,-7.695570756139497e-05,7.695570756139497e-05,0.0002067683991025748,0.0002067683991025748,0.0,0.0002067683991025748,300.24209537302727,300.28966508534245,-9.835913261179881e-06
104,421,contact,0.00217830390441738,-7.169609558262038e-05,7.169609558262038e-05,0.00019957746419014066,0.00019957746419014066,0.0,0.00019957746419014066,300.24209537302727,300.23078124573544,2.258044834427011e-06
105,192,contact,0.0019059739848434458,-9.402601515655427e-05,9.402601515655427e-05,0.00021682483155366947,0.00021682483155366947,0.0,0.00021682483155366947,300.7378708020665,300.75972864462005,-4.739323029804982e-06
105,346,contact,0.0019344760564297503,-6.552394357024977e-05,6.552394357024977e-05,0.00018100268446938814,0.00018100268446938814,0.0,0.00018100268446938814,300.7378708020665,300.7794522999866,-7.526362747797448e-06
105,472,contact,0.0021797899552250437,-7.021004477495655e-05,7.021004477495655e-05,0.00019749830488014682,0.00019749830488014682,0.0,0.00019749830488014682,300.7378708020665,300.6714590144973,1.3116215468970668e-05
105,480,contact,0.0021969404213587574,-5.3059578641242826e-05,5.3059578641242826e-05,0.000171690255080419,0.000171690255080419,0.0,0.000171690255080419,300.7378708020665,300.74282466325667,-8.50529691376372e-07
106,141,contact,0.0019664784348273436,-3.35215651726564e-05,3.35215651726564e-05,0.00012946344111882784,0.00012946344111882784,0.0,0.00012946344111882784,300.3434409591123,300.3479815366368,-5.878387909878587e-07
106,187,contact,0.0019396007979962592,-6.039920200374082e-05,6.039920200374082e-05,0.00017378032397791877,0.00017378032397791877,0.0,0.00017378032397791877,300.3434409591123,300.38027056297483,-6.400260491211145e-06
106,205,contact,0.0019214524300549321,-7.854756994506791e-05,7.854756994506791e-05,0.0001981761463257724,0.0001981761463257724,0.0,0.0001981761463257724,300.3434409591123,300.4681869699503,-2.4721683697389786e-05
106,430,contact,0.002164489660061502,-8.551033993849837e-05,8.551033993849837e-05,0.0002179581253596132,0.0002179581253596132,0.0,0.0002179581253596132,300.3434409591123,300.23041175257754,2.4635633967198125e-05
107,109,contact,0.0019427407186755517,-5.725928132444837e-05,5.725928132444837e-05,0.00016920295701383054,0.00016920295701383054,0.0,0.00016920295701383054,300.06700576466073,300.07832376206767,-1.9150386287280915e-06
107,328,contact,0.0019836258700924423,-1.637412990755779e-05,1.637412990755779e-05,9.048240134843293e-05,9.048240134843293e-05,0.0,9.048240134843293e-05,300.06700576466073,300.18824412298136,-1.0969937796391886e-05
107,415,contact,0.0021864718461027575,-6.35281538972428e-05,6.35281538972428e-05,0.00018786542745220994,0.00018786542745220994,0.0,0.00018786542745220994,300.06700576466073,300.1604379280984,-1.7552673322005038e-05
107,420,contact,0.0022278305633059263,-2.2169436694073966e-05,2.2169436694073966e-05,0.00011097906883250545,0.00011097906883250545,0.0,0.00011097906883250545,300.06700576466073,300.10662089531905,-4.3964503121383064e-06
108,362,contact,0.0019672172925249,-3.278270747510007e-05,3.278270747510007e-05,0.00012802872231476044,0.00012802872231476044,0.0,0.00012802872231476044,300.92503654484693,300.929075738967,-5.171328623754372e-07
108,365,contact,0.0018614136773004006,-0.00013858632269959947,0.00013858632269959947,0.00026323594235932096,0.00026323594235932096,0.0,0.00026323594235932096,300.92503654484693,300.8023923715386,3.228435453570201e-05
108,435,contact,0.002149105234082547,-0.0001008947659174534,0.0001008947659174534,0.00023675440382793002,0.00023675440382793002,0.0,0.00023675440382793002,300.92503654484693,300.8304869128523,2.238504175504421e-05
109,457,contact,0.002180171847011148,-6.982815298885213e-05,6.982815298885213e-05,0.00019696044863662369,0.00019696044863662369,0.0,0.00019696044863662369,300.07832376206767,300.1450980389109,-1.3151891524423752e-05
109,489,contact,0.002184863955856291,-6.513604414370945e-05,6.513604414370945e-05,0.00019022799791552686,0.00019022799791552686,0.0,0.00019022799791552686,300.07832376206767,300.13953173190174,-1.1643469558009512e-05
110,126,contact,0.0019687960627817703,-3.120393721822972e-05,3.120393721822972e-05,0.00012490784046293837,0.00012490784046293837,0.0,0.00012490784046293837,300.82179801404806,300.917693868907,-1.1978144139779086e-05
110,128,contact,0.001935268253266198,-6.473174673380213e-05,6.473174673380213e-05,0.00017990517882179231,0.00017990517882179231,0.0,0.00017990517882179231,300.82179801404806,300.75619048924733,1.1803133481329697e-05
110,303,contact,0.0018561365670122446,-0.0001438634329877554,0.0001438634329877554,0.00026820088831672,0.00026820088831672,0.0,0.00026820088831672,300.82179801404806,300.7687659641703,1.422324288646722e-05
110,319,contact,0.0019720711356845115,-2.792886431548852e-05,2.792886431548852e-05,0.00011817119851192278,0.00011817119851192278,0.0,0.00011817119851192278,300.82179801404806,300.68679509509184,1.5953456735664244e-05
110,409,contact,0.002171315201922558,-7.868479807744211e-05,7.868479807744211e-05,0.00020907839847695902,0.00020907839847695902,0.0,0.00020907839847695902,300.82179801404806,300.91654832714994,-1.9810243718532215e-05
110,446,contact,0.0020525687885671455,-0.0001974312114328548,0.0001974312114328548,0.00033118575807480915,0.00033118575807480915,0.0,0.00033118575807480915,300.82179801404806,300.8517312081324,-9.91344757441648e-06
110,479,contact,0.002205293788001952,-4.470621199804828e-05,4.470621199804828e-05,0.00015759690492950728,0.00015759690492950728,0.0,0.00015759690492950728,300.82179801404806,300.809323129789,1.9660031485822215e-06
111,200,contact,0.001964435369115161,-3.5564630884839243e-05,3.5564630884839243e-05,0.0001333503484900569,0.0001333503484900569,0.0,0.0001333503484900569,300.07860602162987,300.06102071759403,2.3450064214819824e-06
111,253,contact,0.0019118930076259498,-8.810699237405024e-05,8.810699237405024e-05,0.00020988924743069884,0.00020988924743069884,0.0,0.00020988924743069884,300.07860602162987,300.0696886791602,1.8716543000383797e-06
111,289,contact,0.0019573307880641944,-4.2669211935805664e-05,4.2669211935805664e-05,0.00014606370516970612,0.00014606370516970612,0.0,0.00014606370516970612,300.07860602162987,300.05762007846977,3.0652846144449024e-06
111,324,contact,0.0019011986614206142,-9.88013385793858e-05,9.88013385793858e-05,0.00022226261334217437,0.00022226261334217437,0.0,0.00022226261334217437,300.07860602162987,300.05421700525477,5.420766516373957e-06
111,432,contact,0.0021610364042659895,-8.89635957340108e-05,8.89635957340108e-05,0.0002223155861657662,0.0002223155861657662,0.0,0.0002223155861657662,300.07860602162987,300.22283714664064,-3.2064827100118656e-05
112,180,contact,0.001945221479910193,-5.477852008980706e-05,5.477852008980706e-05,0.00016549700917208,0.00016549700917208,0.0,0.00016549700917208,300.45420958153636,300.3899483045715,1.0635049143267134e-05
112,183,contact,0.0018816030606373915,-0.00011839693936260853,0.00011839693936260853,0.00024330735640605745,0.00024330735640605745,0.0,0.00024330735640605745,300.45420958153636,300.38727071956686,1.6286717546630033e-05
112,215,contact,0.0018812677902414643,-0.00011873220975853571,0.00011873220975853571,0.00024365160553394238,0.00024365160553394238,0.0,0.00024365160553394238,300.45420958153636,300.5104591480332,-1.3705297187541127e-05
112,444,contact,0.002155582420646449,-9.44175793535511e-05,9.44175793535511e-05,0.00022902884262025346,0.00022902884262025346,0.0,0.00022902884262025346,300.45420958153636,300.5311934370252,-1.7631523323052452e-05
113,116,contact,0.0019681501225516295,-3.18498774483705e-05,3.18498774483705e-05,0.00012619405185738846,0.00012619405185738846,0.0,0.00012619405185738846,300.2495096249276,300.2085678366455,5.166610153607023e-06
113,198,contact,0.0019129440725750451,-8.705592742495492e-05,8.705592742495492e-05,0.0002086335632454123,0.0002086335632454123,0.0,0.0002086335632454123,300.2495096249276,300.36976530026277,-2.50893700456576e-05
113,329,contact,0.0019557056007743078,-4.429439922569228e-05,4.429439922569228e-05,0.0001488193522793529,0.0001488193522793529,0.0,0.0001488193522793529,300.2495096249276,300.13798927369226,1.659638643681161e-05
113,370,contact,0.0019125987012700812,-8.740129872991881e-05,8.740129872991881e-05,0.00020904700276483135,0.00020904700276483135,0.0,0.00020904700276483135,300.2495096249276,300.31305902688285,-1.3284812006240959e-05
114,161,contact,0.0019525404949705914,-4.7459505029408613e-05,4.7459505029408613e-05,0.0001540446445505468,0.0001540446445505468,0.0,0.0001540446445505468,300.4339564275492,300.4481947375312,-2.193335400174107e-06
114,183,contact,0.0019407222361275712,-5.927776387242879e-05,5.927776387242879e-05,0.00017215946658901565,0.00017215946658901565,0.0,0.00017215946658901565,300.4339564275492,300.38727071956686,8.037386583574095e-06
114,287,contact,0.0019266748492934662,-7.33251507065338e-05,7.33251507065338e-05,0.00019147473815954653,0.00019147473815954653,0.0,0.00019147473815954653,300.4339564275492,300.4915502510843,-1.1027762280982303e-05
114,308,contact,0.001871621285009337,-0.00012837871499066299,0.00012837871499066299,0.00025335618700819505,0.00025335618700819505,0.0,0.00025335618700819505,300.4339564275492,300.57128387450007,-3.479275833103722e-05
114,309,contact,0.001993672329070151,-6.3276709298489865e-06,6.3276709298489865e-06,5.624798187423699e-05,5.624798187423699e-05,0.0,5.624798187423699e-05,300.4339564275492,300.41699187251925,9.542219838303588e-07
114,401,contact,0.0021183513179829257,-0.0001316486820170746,0.0001316486820170746,0.000270440671268492,0.000270440671268492,0.0,0.000270440671268492,300.4339564275492,300.28966508534245,3.902224744463068e-05
115,178,contact,0.001984341561223772,-1.5658438776228016e-05,1.5658438776228016e-05,8.848287624232165e-05,8.848287624232165e-05,0.0,8.848287624232165e-05,300.0653177010011,300.1698452814534,-9.248900965067551e-06
115,204,contact,0.0019200459136437338,-7.995408635626624e-05,7.995408635626624e-05,0.00019994259970834908,0.00019994259970834908,0.0,0.00019994259970834908,300.0653177010011,300.1179702847116,-1.0527494468435396e-05
115,392,contact,0.0017924544572457072,-0.00020754554275429285,0.00020754554275429285,0.00032213781426145303,0.00032213781426145303,0.0,0.00032213781426145303,300.0653177010011,300.0587645264903,2.1110253133917972e-06
116,244,contact,0.00193121108439756,-6.878891560243997e-05,6.878891560243997e-05,0.00018545742854148491,0.00018545742854148491,0.0,0.00018545742854148491,300.2085678366455,300.17274308912715,6.6439655529006745e-06
116,255,contact,0.001956942020730303,-4.305797926969701e-05,4.305797926969701e-05,0.00014672760352043,0.00014672760352043,0.0,0.00014672760352043,300.2085678366455,300.1589838039179,7.275346294996391e-06
116,329,contact,0.00194939702215839,-5.060297784161005e-05,5.060297784161005e-05,0.00015906441751945978,0.00015906441751945978,0.0,0.00015906441751945978,300.2085678366455,300.13798927369226,1.1226538005518324e-05
117,188,contact,0.001983217886446419,-1.6782113553580943e-05,1.6782113553580943e-05,9.160271162356752e-05,9.160271162356752e-05,0.0,9.160271162356752e-05,300.1781850808176,300.16477103718404,1.2287627706735441e-06
117,390,contact,0.0019489294148046228,-5.107058519537725e-05,5.107058519537725e-05,0.00015979766142747091,0.00015979766142747091,0.0,0.00015979766142747091,300.1781850808176,300.1157300855755,9.98016218415922e-06
117,424,contact,0.0021736696571061573,-7.633034289384298e-05,7.633034289384298e-05,0.00020592655499506368,0.00020592655499506368,0.0,0.00020592655499506368,300.1781850808176,300.2774931855127,-2.0450175882944716e-05
117,481,contact,0.0022429464846582944,-7.053515341705861e-06,7.053515341705861e-06,6.259887885801977e-05,6.259887885801977e-05,0.0,6.259887885801977e-05,300.1781850808176,300.0776455914814,6.2936593134039226e-06
118,209,contact,0.001909847682979623,-9.015231702037699e-05,9.015231702037699e-05,0.00021231146580010345,0.00021231146580010345,0.0,0.00021231146580010345,300.829619506353,300.8012322839928,6.0269327892894135e-06
118,226,contact,0.0019223903266633964,-7.760967333660367e-05,7.760967333660367e-05,0.0001969894328848678,0.0001969894328848678,0.0,0.0001969894328848678,300.829619506353,300.90436184754736,-1.47234514043598e-05
118,240,contact,0.001961432912451762,-3.856708754823796e-05,3.856708754823796e-05,0.00013886520001108623,0.00013886520001108623,0.0,0.00013886520001108623,300.829619506353,300.8785438126922,-6.793883585195025e-06
118,250,contact,0.0019777269753158866,-2.227302468411343e-05,2.227302468411343e-05,0.00010552967517270541,0.00010552967517270541,0.0,0.00010552967517270541,300.829619506353,300.7472870945967,8.688512668832014e-06
118,292,contact,0.001980474148651208,-1.9525851348792082e-05,1.9525851348792082e-05,9.880751830906412e-05,9.880751830906412e-05,0.0,9.880751830906412e-05,300.829619506353,300.93866972895256,-1.0774981866111084e-05
118,344,contact,0.00190857843363824,-9.142156636175996e-05,9.142156636175996e-05,0.00021380080257304924,0.00021380080257304924,0.0,0.00021380080257304924,300.829619506353,300.76707507611536,1.3372049381286862e-05
118,411,contact,0.0021988234030780743,-5.117659692192595e-05,5.117659692192595e-05,0.0001686162588079907,0.0001686162588079907,0.0,0.0001686162588079907,300.829619506353,300.81398921375296,2.6355214622971613e-06
118,484,contact,0.002194957236591252,-5.504276340874805e-05,5.504276340874805e-05,0.00017486941700840667,0.00017486941700840667,0.0,0.00017486941700840667,300.829619506353,300.8206453782249,1.5693005539199696e-06
119,122,contact,0.0018680529912721321,-0.00013194700872786792,0.00013194700872786792,0.00025685307933512097,0.00025685307933512097,0.0,0.00025685307933512097,300.3849776800247,300.4412587335123,-1.4455961896520737e-05
119,158,contact,0.001944255262304824,-5.5744737695176145e-05,5.5744737695176145e-05,0.00016695019870484752,0.00016695019870484752,0.0,0.00016695019870484752,300.3849776800247,300.3069653413875,1.3024175436904652e-05
119,207,contact,0.0018498508650699403,-0.00015014913493005978,0.00015014913493005978,0.00027399738587262086,0.00027399738587262086,0.0,0.00027399738587262086,300.3849776800247,300.3529969772902,8.762628947614784e-06
119,441,contact,0.002179592757695803,-7.04072423041973e-05,7.04072423041973e-05,0.000197775465145308,0.000197775465145308,0.0,0.000197775465145308,300.3849776800247,300.4796672337935,-1.8727270541032125e-05
119,460,contact,0.002095804601412069,-0.0001541953985879311,0.0001541953985879311,0.00029268431855264876,0.00029268431855264876,0.0,0.00029268431855264876,300.3849776800247,300.287305497757,2.8587116108563762e-05
120,145,contact,0.0019244374622470848,-7.556253775291527e-05,7.556253775291527e-05,0.00019437404373130079,0.00019437404373130079,0.0,0.00019437404373130079,300.2412542842917,300.327596787955,-1.6782741582915372e-05
120,206,contact,0.0019124495914925458,-8.755040850745425e-05,8.755040850745425e-05,0.00020922524764886079,0.00020922524764886079,0.0,0.00020922524764886079,300.2412542842917,300.1479648136033,1.9518512607806563e-05
120,270,contact,0.0019393313694415395,-6.066863055846053e-05,6.066863055846053e-05,0.0001741674920277325,0.0001741674920277325,0.0,0.0001741674920277325,300.2412542842917,300.25187824253806,-1.8503481631751486e-06
120,288,contact,0.001972455880774017,-2.7544119225982825e-05,2.7544119225982825e-05,0.0001173544188047106,0.0001173544188047106,0.0,0.0001173544188047106,300.2412542842917,300.14849437772915,1.0885784923027154e-05
120,358,contact,0.0018989435484237018,-0.00010105645157629825,0.00010105645157629825,0.00022478484332389746,0.00022478484332389746,0.0,0.00022478484332389746,300.2412542842917,300.34025845180224,-2.2254636282270325e-05
120,415,contact,0.002219711298908036,-3.0288701091964274e-05,3.0288701091964274e-05,0.00012971914339141458,0.00012971914339141458,0.0,0.00012971914339141458,300.2412542842917,300.1604379280984,1.0483428497407923e-05
121,358,contact,0.0019289913167942479,-7.100868320575218e-05,7.100868320575218e-05,0.00018842595787968306,0.00018842595787968306,0.0,0.00018842595787968306,300.4009146729454,300.34025845180224,1.1429206570264912e-05
121,370,contact,0.001916888739049402,-8.311126095059801e-05,8.311126095059801e-05,0.0002038519817791797,0.0002038519817791797,0.0,0.0002038519817791797,300.4009146729454,300.31305902688285,1.7909547560343974e-05
121,373,contact,0.0019175453327125306,-8.245466728746946e-05,8.245466728746946e-05,0.0002030451517365897,0.0002030451517365897,0.0,0.0002030451517365897,300.4009146729454,300.4573848788765,-1.1466001531872107e-05
121,405,contact,0.002164635882706219,-8.536411729378112e-05,8.536411729378112e-05,0.00021777169147448017,0.00021777169147448017,0.0,0.00021777169147448017,300.4009146729454,300.4470121928732,-1.0038734887455171e-05
121,449,contact,0.002173534612337611,-7.646538766238912e-05,7.646538766238912e-05,0.00020610863864367623,0.00020610863864367623,0.0,0.00020610863864367623,300.4009146729454,300.43892384016385,-7.834017711371176e-06
122,395,contact,0.0018647629785192542,-0.00013523702148074586,0.00013523702148074586,0.00026003559514107475,0.00026003559514107475,0.0,0.00026003559514107475,300.4412587335123,300.43624432425446,1.303924895646839e-06
122,439,contact,0.0021716370043964525,-7.836299560354774e-05,7.836299560354774e-05,0.0002086504195000013,0.0002086504195000013,0.0,0.0002086504195000013,300.4412587335123,300.49298152315885,-1.0791981757459409e-05
123,167,contact,0.0019745436397051344,-2.5456360294865647e-05,2.5456360294865647e-05,0.00011281923660188817,0.00011281923660188817,0.0,0.00011281923660188817,300.3876971552849,300.46836657666285,-9.101062536974524e-06
123,174,contact,0.0019297286255844355,-7.027137441556453e-05,7.027137441556453e-05,0.0001874451578669939,0.0001874451578669939,0.0,0.0001874451578669939,300.3876971552849,300.49543269036775,-2.0194504381487704e-05
123,232,contact,0.0018971769723196638,-0.00010282302768033626,0.00010282302768033626,0.00022674107223916916,0.00022674107223916916,0.0,0.00022674107223916916,300.3876971552849,300.34823758062953,8.947106267462826e-06
123,300,contact,0.0019465927033152056,-5.340729668479446e-05,5.340729668479446e-05,0.00016341250974878646,0.00016341250974878646,0.0,0.00016341250974878646,300.3876971552849,300.32242098151295,1.0666943382874371e-05
123,410,contact,0.002216634381624539,-3.3365618375461124e-05,3.3365618375461124e-05,0.00013614864910469718,0.00013614864910469718,0.0,0.00013614864910469718,300.3876971552849,300.35004292949407,5.126571974506853e-06
123,482,contact,0.0021671501870198103,-8.284981298018997e-05,8.284981298018997e-05,0.0002145406112554994,0.0002145406112554994,0.0,0.0002145406112554994,300.3876971552849,300.3664659987829,4.554945293596636e-06
124,136,contact,0.0018733660428223837,-0.00012663395717761637,0.00012663395717761637,0.00025162865216188753,0.00025162865216188753,0.0,0.00025162865216188753,300.07584564011387,300.0570964595923,4.7178310237854345e-06
124,190,contact,0.0018490032570009174,-0.00015099674299908264,0.00015099674299908264,0.0002747696699047064,0.0002747696699047064,0.0,0.0002747696699047064,300.07584564011387,300.13038571229845,-1.4985957630735758e-05
124,201,contact,0.0019388218836190177,-6.117811638098238e-05,6.117811638098238e-05,0.00017489727896823092,0.00017489727896823092,0.0,0.00017489727896823092,300.07584564011387,300.16222430245375,-1.5107393004161024e-05
124,325,contact,0.0018799743902776973,-0.00012002560972230276,0.00012002560972230276,0.00024497511069729387,0.00024497511069729387,0.0,0.00024497511069729387,300.07584564011387,300.1729067043941,-2.3777544966448917e-05
125,147,contact,0.0019709212625825517,-2.9078737417448375e-05,2.9078737417448375e-05,0.00012057930464521758,0.00012057930464521758,0.0,0.00012057930464521758,300.56349391229924,300.54172245341806,2.6251873730041404e-06
125,254,contact,0.001968907142401591,-3.109285759840888e-05,3.109285759840888e-05,0.00012468531910054384,0.00012468531910054384,0.0,0.00012468531910054384,300.56349391229924,300.6174193642589,-6.7237121852344004e-06
125,322,contact,0.0019521098999031794,-4.7890100096820674e-05,4.7890100096820674e-05,0.00015474188201133635,0.00015474188201133635,0.0,0.00015474188201133635,300.56349391229924,300.5534666212011,1.5516418960017445e-06
126,334,contact,0.001943679363633827,-5.6320636366172976e-05,5.6320636366172976e-05,0.00016781036375351343,0.00016781036375351343,0.0,0.00016781036375351343,300.917693868907,300.93227257266705,-2.446457581026542e-06
126,409,contact,0.0021349041054635216,-0.0001150958945364787,0.0001150958945364787,0.00025286787781641433,0.00025286787781641433,0.0,0.00025286787781641433,300.917693868907,300.91654832714994,2.8967071306005195e-07
126,412,contact,0.002127905068095145,-0.00012209493190485548,0.00012209493190485548,0.00026044292604123404,0.00026044292604123404,0.0,0.00026044292604123404,300.917693868907,300.93131757716424,-3.54819844204456e-06
126,446,contact,0.0021996991775070068,-5.03008224929935e-05,5.03008224929935e-05,0.0001671672856302823,0.0001671672856302823,0.0,0.0001671672856302823,300.917693868907,300.8517312081324,1.1026798954646063e-05
127,209,contact,0.0019307916774732585,-6.92083225267415e-05,6.92083225267415e-05,0.00018602193758632542,0.00018602193758632542,0.0,0.00018602193758632542,300.7278887568729,300.8012322839928,-1.364350502425952e-05
127,236,contact,0.0018777104595621228,-0.0001222895404378772,0.0001222895404378772,0.00024727468576249086,0.00024727468576249086,0.0,0.00024727468576249086,300.7278887568729,300.6456874213166,2.032630941894259e-05
127,366,contact,0.0019283564258455955,-7.16435741544045e-05,7.16435741544045e-05,0.00018926644466783397,0.00018926644466783397,0.0,0.00018926644466783397,300.7278887568729,300.8223529710635,-1.7878905968189185e-05
127,419,contact,0.002181363104735202,-6.863689526479845e-05,6.863689526479845e-05,0.00019527316374874347,0.00019527316374874347,0.0,0.00019527316374874347,300.7278887568729,300.66653347125947,1.1981040734445115e-05
127,434,contact,0.002213554868158719,-3.644513184128135e-05,3.644513184128135e-05,0.00014229299163127652,0.00014229299163127652,0.0,0.00014229299163127652,300.7278887568729,300.73340511542267,-7.84939160955451e-07
128,251,contact,0.0018938649606294522,-0.00010613503937054788,0.00010613503937054788,0.00023036388537545102,0.00023036388537545102,0.0,0.00023036388537545102,300.75619048924733,300.78773659542304,-7.267083587103186e-06
128,319,contact,0.001965253391219565,-3.474660878043491e-05,3.474660878043491e-05,0.00013180783129320298,0.00013180783129320298,0.0,0.00013180783129320298,300.75619048924733,300.68679509509184,9.146856405372459e-06
128,341,contact,0.0019813818153248505,-1.8618184675149498e-05,1.8618184675149498e-05,9.64836376676105e-05,9.64836376676105e-05,0.0,9.64836376676105e-05,300.75619048924733,300.82653688228595,-6.787275897161455e-06
128,384,contact,0.001918793600703317,-8.120639929668307e-05,8.120639929668307e-05,0.00020150235643371902,0.00020150235643371902,0.0,0.00020150235643371902,300.75619048924733,300.69959754264727,1.1403612097440227e-05
128,492,contact,0.002182265426225692,-6.77345737743083e-05,6.77345737743083e-05,0.00019398535708528263,0.00019398535708528263,0.0,0.00019398535708528263,300.75619048924733,300.72883262810564,5.307024462661309e-06
129,194,contact,0.0018221725345861184,-0.00017782746541388167,0.00017782746541388167,0.0002981840584386443,0.0002981840584386443,0.0,0.0002981840584386443,300.7413570212131,300.67873579869166,1.8672650275833333e-05
129,273,contact,0.0018883297680754823,-0.0001116702319245177,0.0001116702319245177,0.00023629455339101418,0.00023629455339101418,0.0,0.00023629455339101418,300.7413570212131,300.69596641298205,1.072555350010471e-05
129,365,contact,0.0018598902503373677,-0.00014010974966263234,0.00014010974966263234,0.00026467881447391324,0.00026467881447391324,0.0,0.00026467881447391324,300.7413570212131,300.8023923715386,-1.615476416514876e-05
129,385,contact,0.0019186715813812433,-8.132841861875672e-05,8.132841861875672e-05,0.0002016536865752232,0.0002016536865752232,0.0,0.0002016536865752232,300.7413570212131,300.8294379513307,-1.7761844275188377e-05
129,490,contact,0.002139657385517597,-0.00011034261448240315,0.00011034261448240315,0.00024759130132180325,0.00024759130132180325,0.0,0.00024759130132180325,300.7413570212131,300.7231075728668,4.5184046644644694e-06
130,187,contact,0.0017968808256531644,-0.00020311917434683567,0.00020311917434683567,0.0003186841495484484,0.0003186841495484484,0.0,0.0003186841495484484,300.284675639844,300.38027056297483,-3.0464586779094093e-05
130,302,contact,0.00197763223431456,-2.2367765685440098e-05,2.2367765685440098e-05,0.00010575387861785519,0.00010575387861785519,0.0,0.00010575387861785519,300.284675639844,300.3155007762659,-3.259877735537022e-06
130,325,contact,0.0018797555485753987,-0.0001202444514246013,0.0001202444514246013,0.00024519833953822086,0.00024519833953822086,0.0,0.00024519833953822086,300.284675639844,300.1729067043941,2.7405557384270577e-05
130,401,contact,0.002090812043800207,-0.00015918795619979326,0.00015918795619979326,0.0002973848574563432,0.0002973848574563432,0.0,0.0002973848574563432,300.284675639844,300.28966508534245,-1.4837855383392589e-06
130,421,contact,0.0021680918510063175,-8.190814899368274e-05,8.190814899368274e-05,0.00021331790177740037,0.00021331790177740037,0.0,0.00021331790177740037,300.284675639844,300.23078124573544,1.1496639068803944e-05
130,497,contact,0.0022068317453988197,-4.316825460118053e-05,4.316825460118053e-05,0.00015486240236843325,0.00015486240236843325,0.0,0.00015486240236843325,300.284675639844,300.3393388302897,-8.46527299354343e-06
131,180,contact,0.0019929668026910908,-7.033197308909268e-06,7.033197308909268e-06,5.930091613503652e-05,5.930091613503652e-05,0.0,5.930091613503652e-05,300.4547756376811,300.3899483045715,3.844320243992446e-06
131,186,contact,0.0019286313657617413,-7.136863423825874e-05,7.136863423825874e-05,0.00018890293041435162,0.00018890293041435162,0.0,0.00018890293041435162,300.4547756376811,300.4936727743695,-7.347783105161924e-06
131,202,contact,0.0019549622732165455,-4.503772678345454e-05,4.503772678345454e-05,0.00015006286479914767,0.00015006286479914767,0.0,0.00015006286479914767,300.4547756376811,300.4561763579858,-2.101961017015783e-07
131,427,contact,0.0021901863991450592,-5.981360085494103e-05,5.981360085494103e-05,0.00018229036796480778,0.00018229036796480778,0.0,0.00018229036796480778,300.4547756376811,300.3872486123669,1.2309526292100675e-05
132,136,contact,0.0018911814673637207,-0.00010881853263627938,0.00010881853263627938,0.0002332579394536008,0.0002332579394536008,0.0,0.0002332579394536008,300.0482767996406,300.0570964595923,-2.057255707017752e-06
132,283,contact,0.001857779774784944,-0.000142220225215056,0.000142220225215056,0.00026666479446587623,0.00026666479446587623,0.0,0.00026666479446587623,300.0482767996406,300.1438325835369,-2.548136347273677e-05
132,285,contact,0.001905198242309707,-9.480175769029315e-05,9.480175769029315e-05,0.00021771742889614183,0.00021771742889614183,0.0,0.00021771742889614183,300.0482767996406,300.0552933766562,-1.5276311074955177e-06
132,464,contact,0.0021699170046288216,-8.008299537117869e-05,8.008299537117869e-05,0.00021092783833336973,0.00021092783833336973,0.0,0.00021092783833336973,300.0482767996406,300.0647133704877,-3.466930358399191e-06
133,181,contact,0.0018767882855825796,-0.00012321171441742043,0.00012321171441742043,0.000248205272322548,0.000248205272322548,0.0,0.000248205272322548,300.07250521646307,300.06394905511473,2.1236843574998456e-06
133,276,contact,0.0019447571998128716,-5.5242800187128415e-05,5.5242800187128415e-05,0.00016619687149150615,0.00016619687149150615,0.0,0.00016619687149150615,300.07250521646307,300.13053187926005,-9.643849819950036e-06
133,321,contact,0.0018673286924416924,-0.0001326713075583076,0.0001326713075583076,0.00025755708838848485,0.00025755708838848485,0.0,0.00025755708838848485,300.07250521646307,300.13058486329413,-1.4958824732439543e-05
133,324,contact,0.001910326943326717,-8.9673056673283e-05,8.9673056673283e-05,0.00021174637738729203,0.00021174637738729203,0.0,0.00021174637738729203,300.07250521646307,300.05421700525477,3.872462472251346e-06
133,329,contact,0.0019673214057697847,-3.267859423021534e-05,3.267859423021534e-05,0.00012782526008230013,0.00012782526008230013,0.0,0.00012782526008230013,300.07250521646307,300.13798927369226,-8.370516646564748e-06
133,418,contact,0.002192780069003526,-5.7219930996474204e-05,5.7219930996474204e-05,0.00017829428076524714,0.00017829428076524714,0.0,0.00017829428076524714,300.07250521646307,300.0779712708857,-9.745662419084413e-07
134,223,contact,0.001861743020161483,-0.00013825697983851698,0.00013825697983851698,0.00026292297335770885,0.00026292297335770885,0.0,0.00026292297335770885,300.95552425163356,300.92979524090026,6.764748003551794e-06
134,240,contact,0.001926127256687639,-7.38727433123611e-05,7.38727433123611e-05,0.00019218837544497988,0.00019218837544497988,0.0,0.00019218837544497988,300.95552425163356,300.8785438126922,1.4794745501179136e-05
134,292,contact,0.0018925960282992669,-0.00010740397170073317,0.00010740397170073317,0.00023173688927394917,0.00023173688927394917,0.0,0.00023173688927394917,300.95552425163356,300.93866972895256,3.905814656292411e-06
135,145,contact,0.001948497213598214,-5.1502786401786066e-05,5.1502786401786066e-05,0.00016047240635353181,0.00016047240635353181,0.0,0.00016047240635353181,300.2466967994899,300.327596787955,-1.2982215822966217e-05
135,342,contact,0.0019571064039801216,-4.289359601987843e-05,4.289359601987843e-05,0.0001464472533369582,0.0001464472533369582,0.0,0.0001464472533369582,300.2466967994899,300.3239089798205,-1.1307511733575005e-05
135,457,contact,0.0021846383669843388,-6.536163301566148e-05,6.536163301566148e-05,0.00019055712619063647,0.00019055712619063647,0.0,0.00019055712619063647,300.2466967994899,300.1450980389109,1.936036784046643e-05
136,217,contact,0.0018771581782311268,-0.00012284182176887327,0.00012284182176887327,0.0002478324250061655,0.0002478324250061655,0.0,0.0002478324250061655,300.0570964595923,300.1100653280974,-1.3127403131452673e-05
136,325,contact,0.0018664436972220728,-0.00013355630277792725,0.00013355630277792725,0.00025841468880263683,0.00025841468880263683,0.0,0.00025841468880263683,300.0570964595923,300.1729067043941,-2.992706837061982e-05
137,193,contact,0.0018850052159609535,-0.00011499478403904657,0.00011499478403904657,0.00023978613808876292,0.00023978613808876292,0.0,0.00023978613808876292,300.5800365219315,300.47169924058755,2.5977778304501457e-05
137,194,contact,0.001923295446934766,-7.670455306523394e-05,7.670455306523394e-05,0.00019583737266573245,0.00019583737266573245,0.0,0.00019583737266573245,300.5800365219315,300.67873579869166,-1.9329007044717285e-05
137,311,contact,0.0019227474476384038,-7.725255236159623e-05,7.725255236159623e-05,0.00019653568678689912,0.00019653568678689912,0.0,0.00019653568678689912,300.5800365219315,300.6501720155977,-1.3784127415827618e-05
137,437,contact,0.002219549132414059,-3.0450867585941465e-05,3.0450867585941465e-05,0.00013006593965699233,0.00013006593965699233,0.0,0.00013006593965699233,300.5800365219315,300.54859222350154,4.089832222147679e-06
137,452,contact,0.0022241309446388267,-2.5869055361173524e-05,2.5869055361173524e-05,0.0001198820145929913,0.0001198820145929913,0.0,0.0001198820145929913,300.5800365219315,300.5546321779675,3.0455239338174505e-06
138,237,contact,0.001939009812507404,-6.099018749259602e-05,6.099018749259602e-05,0.00017462844483731168,0.00017462844483731168,0.0,0.00017462844483731168,300.3165866014591,300.23043127139834,1.5045171302956242e-05
138,486,contact,0.0022283225466929154,-2.1677453307084905e-05,2.1677453307084905e-05,0.00010974073817433146,0.00010974073817433146,0.0,0.00010974073817433146,300.3165866014591,300.41110096089847,-1.0372075572949293e-05
139,219,contact,0.0019896345370044727,-1.036546299552736e-05,1.036546299552736e-05,7.199119041774265e-05,7.199119041774265e-05,0.0,7.199119041774265e-05,300.82210670643224,300.9274176199096,-7.5814580252145795e-06
139,250,contact,0.0019194146135996775,-8.058538640032253e-05,8.058538640032253e-05,0.00020073039929258664,0.00020073039929258664,0.0,0.00020073039929258664,300.82210670643224,300.7472870945967,1.5018570558666466e-05
139,317,contact,0.0018544326495281514,-0.00014556735047184868,0.00014556735047184868,0.0002697844977679858,0.0002697844977679858,0.0,0.0002697844977679858,300.82210670643224,300.9430393514583,-3.262575290211328e-05
139,403,contact,0.002118327811293615,-0.00013167218870638537,0.00013167218870638537,0.0002704648146210369,0.0002704648146210369,0.0,0.0002704648146210369,300.82210670643224,300.7297284472913,2.498506873357322e-05
139,484,contact,0.0022150689612064002,-3.493103879360004e-05,3.493103879360004e-05,0.0001393058960098643,0.0001393058960098643,0.0,0.0001393058960098643,300.82210670643224,300.8206453782249,2.035716352842008e-07
140,150,contact,0.0019953133431859773,-4.686656814022715e-06,4.686656814022715e-06,4.840793743810365e-05,4.840793743810365e-05,0.0,4.840793743810365e-05,300.19695125459623,300.248509588963,-2.495832624438262e-06
140,206,contact,0.0019926705477283494,-7.329452271650615e-06,7.329452271650615e-06,6.053698155528823e-05,6.053698155528823e-05,0.0,6.053698155528823e-05,300.19695125459623,300.1479648136033,2.9654912748467358e-06
140,270,contact,0.0018763031157262413,-0.00012369688427375878,0.00012369688427375878,0.0002486934702336983,0.0002486934702336983,0.0,0.0002486934702336983,300.19695125459623,300.25187824253806,-1.3659983240737248e-05
141,233,contact,0.001906541630961412,-9.345836903858814e-05,9.345836903858814e-05,0.00021616934222801825,0.00021616934222801825,0.0,0.00021616934222801825,300.3479815366368,300.42679163645124,-1.7036327437816587e-05
141,342,contact,0.0019103977933927793,-8.960220660722074e-05,8.960220660722074e-05,0.00021166271117891873,0.00021166271117891873,0.0,0.00021166271117891873,300.3479815366368,300.3239089798205,5.095262640745125e-06
141,486,contact,0.0021936287607751685,-5.637123922483172e-05,5.637123922483172e-05,0.00017696710181529932,0.00017696710181529932,0.0,0.00017696710181529932,300.3479815366368,300.41110096089847,-1.1170061579840809e-05
142,150,contact,0.0019359286007353163,-6.407139926468378e-05,6.407139926468378e-05,0.00017898519389139954,0.00017898519389139954,0.0,0.00017898519389139954,300.2065387526461,300.248509588963,-7.512158275958065e-06
142,234,contact,0.0018835022452293488,-0.00011649775477065127,0.00011649775477065127,0.0002413480420167639,0.0002413480420167639,0.0,0.0002413480420167639,300.2065387526461,300.3353978922185,-3.109990103176325e-05
142,288,contact,0.001908052576552596,-9.194742344740409e-05,9.194742344740409e-05,0.00021441481227681554,0.00021441481227681554,0.0,0.00021441481227681554,300.2065387526461,300.14849437772915,1.2445573751545154e-05
142,337,contact,0.0019304608697759194,-6.953913022408062e-05,6.953913022408062e-05,0.00018646598915630783,0.00018646598915630783,0.0,0.00018646598915630783,300.2065387526461,300.11519828023415,1.7031891538300067e-05
142,418,contact,0.0022383624685892592,-1.1637531410741038e-05,1.1637531410741038e-05,8.040705956686555e-05,8.040705956686555e-05,0.0,8.040705956686555e-05,300.2065387526461,300.0779712708857,1.0337733164270303e-05
142,440,contact,0.0022210283291323957,-2.8971670867604556e-05,2.8971670867604556e-05,0.00012686753999437662,0.00012686753999437662,0.0,0.00012686753999437662,300.2065387526461,300.2611511804564,-6.928544369412982e-06
143,170,contact,0.0019861520447589107,-1.3847955241089345e-05,1.3847955241089345e-05,8.321044177592541e-05,8.321044177592541e-05,0.0,8.321044177592541e-05,300.64249481155457,300.568331652137,6.171149258636398e-06
143,275,contact,0.0019446498787442433,-5.5350121255756755e-05,5.5350121255756755e-05,0.00016635822981709794,0.00016635822981709794,0.0,0.00016635822981709794,300.64249481155457,300.74598209684035,-1.7215961588719404e-05
143,364,contact,0.001940894901688394,-5.9105098311606086e-05,5.9105098311606086e-05,0.0001719085488153601,0.0001719085488153601,0.0,0.0001719085488153601,300.64249481155457,300.56581546544606,1.3181835113623961e-05
143,413,contact,0.002184600466950423,-6.539953304957741e-05,6.539953304957741e-05,0.00019061236559161603,0.00019061236559161603,0.0,0.00019061236559161603,300.64249481155457,300.69546825959657,-1.0097394244829438e-05
143,452,contact,0.002156278427893763,-9.372157210623712e-05,9.372157210623712e-05,0.00022818312833998184,0.00022818312833998184,0.0,0.00022818312833998184,300.64249481155457,300.5546321779675,2.0048770596086035e-05
144,217,contact,0.0019245399987529476,-7.546000124705244e-05,7.546000124705244e-05,0.00019424211856218572,0.00019424211856218572,0.0,0.00019424211856218572,300.1682215196899,300.1100653280974,1.1296381862435998e-05
144,274,contact,0.0018652997642470235,-0.00013470023575297657,0.00013470023575297657,0.00025951901255300794,0.00025951901255300794,0.0,0.00025951901255300794,300.1682215196899,300.0651230394859,2.6756015778253374e-05
144,291,contact,0.0019108336055502066,-8.916639444979347e-05,8.916639444979347e-05,0.00021114733534879557,0.00021114733534879557,0.0,0.00021114733534879557,300.1682215196899,300.21944092803875,-1.0814841591002932e-05
144,421,contact,0.0021346564815913588,-0.00011534351840864149,0.00011534351840864149,0.00025313974885277356,0.00025313974885277356,0.0,0.00025313974885277356,300.1682215196899,300.23078124573544,-1.5836353339468658e-05
145,146,contact,0.0019101975793095322,-8.980242069046786e-05,8.980242069046786e-05,0.0002118990569710822,0.0002118990569710822,0.0,0.0002118990569710822,300.327596787955,300.4054125700231,-1.64890908377007e-05
145,342,contact,0.0019123598007958647,-8.764019920413533e-05,8.764019920413533e-05,0.0002093325096636155,0.0002093325096636155,0.0,0.0002093325096636155,300.327596787955,300.3239089798205,7.719781319499883e-07
145,414,contact,0.0022444633097691755,-5.5366902308247486e-06,5.5366902308247486e-06,5.54611487180428e-05,5.54611487180428e-05,0.0,5.54611487180428e-05,300.327596787955,300.4165894953645,-4.935637780462064e-06
146,233,contact,0.0018781132002861282,-0.00012188679971387182,0.00012188679971387182,0.00024686717047217095,0.00024686717047217095,0.0,0.00024686717047217095,300.4054125700231,300.42679163645124,-5.277789636454772e-06
146,234,contact,0.001875445140093679,-0.0001245548599063211,0.0001245548599063211,0.00024955446289970563,0.00024955446289970563,0.0,0.00024955446289970563,300.4054125700231,300.3353978922185,1.747247531461769e-05
146,351,contact,0.0019361990048029677,-6.380099519703235e-05,6.380099519703235e-05,0.00017860710399789862,0.00017860710399789862,0.0,0.00017860710399789862,300.4054125700231,300.48320037069595,-1.3893453804546317e-05
146,373,contact,0.00192009968920887,-7.990031079112996e-05,7.990031079112996e-05,0.00019987534964463474,0.00019987534964463474,0.0,0.00019987534964463474,300.4054125700231,300.4573848788765,-1.0387983403913844e-05
146,449,contact,0.0021973737341189816,-5.262626588101865e-05,5.262626588101865e-05,0.00017098776090218766,0.00017098776090218766,0.0,0.00017098776090218766,300.4054125700231,300.43892384016385,-5.730017046357546e-06
147,151,contact,0.0019147891176053825,-8.52108823946175e-05,8.52108823946175e-05,0.0002064108553281749,0.0002064108553281749,0.0,0.0002064108553281749,300.54172245341806,300.6648227699365,-2.540924162374152e-05
147,388,contact,0.0019013337257041435,-9.86662742958565e-05,9.86662742958565e-05,0.000222110641680961,0.000222110641680961,0.0,0.000222110641680961,300.54172245341806,300.44441720081824,2.1612532093874938e-05
147,426,contact,0.002204490736791606,-4.550926320839432e-05,4.550926320839432e-05,0.0001590060502140202,0.0001590060502140202,0.0,0.0001590060502140202,300.54172245341806,300.4553041575572,1.3741031891065265e-05
147,488,contact,0.0021607427890426942,-8.925721095730602e-05,8.925721095730602e-05,0.00022268214885959217,0.00022268214885959217,0.0,0.00022268214885959217,300.54172245341806,300.57459053478715,-7.319134988160449e-06
148,153,contact,0.0019602399160817026,-3.9760083918297454e-05,3.9760083918297454e-05,0.00014099660265108776,0.00014099660265108776,0.0,0.00014099660265108776,300.85925202713383,300.8534748630304,8.145605115441538e-07
148,416,contact,0.0022431058877592025,-6.89411224079773e-06,6.89411224079773e-06,6.188749757421719e-05,6.188749757421719e-05,0.0,6.188749757421719e-05,300.85925202713383,300.77120468077214,5.449029934375404e-06
148,431,contact,0.0021705492750684094,-7.945072493159089e-05,7.945072493159089e-05,0.00021009353066827547,0.00021009353066827547,0.0,0.00021009353066827547,300.85925202713383,300.77754219392585,1.7166707348980602e-05
148,462,contact,0.002150119287900093,-9.988071209990736e-05,9.988071209990736e-05,0.00023556163630767326,0.00023556163630767326,0.0,0.00023556163630767326,300.85925202713383,300.789635121575,1.639907218812177e-05
149,163,contact,0.0019571636162825016,-4.28363837174984e-05,4.28363837174984e-05,0.00014634955366774852,0.00014634955366774852,0.0,0.00014634955366774852,300.2429816531391,300.23722890442224,8.419122070770329e-07
149,343,contact,0.0019778558238658338,-2.2144176134166263e-05,2.2144176134166263e-05,0.00010522398997891656,0.00010522398997891656,0.0,0.00010522398997891656,300.2429816531391,300.3416859171435,-1.038605648647198e-05
149,402,contact,0.002171736636153431,-7.826336384656905e-05,7.826336384656905e-05,0.00020851773685091454,0.00020851773685091454,0.0,0.00020851773685091454,300.2429816531391,300.1804403680703,1.3040967222291863e-05
149,424,contact,0.00223483297090842,-1.5167029091580232e-05,1.5167029091580232e-05,9.17939391958975e-05,9.17939391958975e-05,0.0,9.17939391958975e-05,300.2429816531391,300.2774931855127,-3.167949504258146e-06
149,442,contact,0.0021603598913144087,-8.964010868559155e-05,8.964010868559155e-05,0.0002231592713307789,0.0002231592713307789,0.0,0.0002231592713307789,300.2429816531391,300.2444553693627,-3.288734386038107e-07
150,155,contact,0.0018581737594436632,-0.00014182624055633685,0.00014182624055633685,0.0002662951750936701,0.0002662951750936701,0.0,0.0002662951750936701,300.248509588963,300.33190301785237,-2.2207267747762773e-05
150,358,contact,0.001972330962357992,-2.766903764200813e-05,2.766903764200813e-05,0.00011762023134224854,0.00011762023134224854,0.0,0.00011762023134224854,300.248509588963,300.34025845180224,-1.0791522472542878e-05
150,370,contact,0.0019749210539481248,-2.5078946051875287e-05,2.5078946051875287e-05,0.00011197978847067735,0.00011197978847067735,0.0,0.00011197978847067735,300.248509588963,300.31305902688285,-7.2282324041692185e-06
151,303,contact,0.0019128537030572938,-8.714629694270629e-05,8.714629694270629e-05,0.00020874182252570553,0.00020874182252570553,0.0,0.00020874182252570553,300.6648227699365,300.7687659641703,-2.1697291803508266e-05
151,319,contact,0.0019435417123643123,-5.6458287635687736e-05,5.6458287635687736e-05,0.0001680153082842271,0.0001680153082842271,0.0,0.0001680153082842271,300.6648227699365,300.68679509509184,-3.691686984694363e-06
151,363,contact,0.0018988255735058973,-0.00010117442649410272,0.00010117442649410272,0.0002249160137630297,0.0002249160137630297,0.0,0.0002249160137630297,300.6648227699365,300.7183950290688,-1.2049258972315885e-05
152,356,contact,0.0019457496690262082,-5.425033097379182e-05,5.425033097379182e-05,0.00016469719331821023,0.00016469719331821023,0.0,0.00016469719331821023,300.61045811535064,300.6597052478955,-8.110864509106541e-06
152,377,contact,0.0019238073734134619,-7.619262658653818e-05,7.619262658653818e-05,0.0001951827689455939,0.0001951827689455939,0.0,0.0001951827689455939,300.61045811535064,300.5738202092029,7.151087970285858e-06
152,403,contact,0.0021559611736067983,-9.403882639320198e-05,9.403882639320198e-05,0.0002285690102368818,0.0002285690102368818,0.0,0.0002285690102368818,300.61045811535064,300.7297284472913,-2.726150172229655e-05
152,448,contact,0.0021798844086097775,-7.011559139022275e-05,7.011559139022275e-05,0.00019736541320074683,0.00019736541320074683,0.0,0.00019736541320074683,300.61045811535064,300.53260039790246,1.536642057502753e-05
152,470,contact,0.0021816756822451867,-6.83243177548136e-05,6.83243177548136e-05,0.0001948280121241034,0.0001948280121241034,0.0,0.0001948280121241034,300.61045811535064,300.58882347685,4.215033612103903e-06
152,485,contact,0.002215822642270068,-3.41773577299323e-05,3.41773577299323e-05,0.00013779485099623098,0.00013779485099623098,0.0,0.00013779485099623098,300.61045811535064,300.5477574845834,8.639824073937459e-06
153,221,contact,0.0019922810113226527,-7.71898867734733e-06,7.71898867734733e-06,6.212482868124197e-05,6.212482868124197e-05,0.0,6.212482868124197e-05,300.8534748630304,300.874223054723,-1.288977854350371e-06
153,366,contact,0.00195694460813279,-4.3055391867209865e-05,4.3055391867209865e-05,0.00014672319494069415,0.00014672319494069415,0.0,0.00014672319494069415,300.8534748630304,300.8223529710635,4.566303421983354e-06
153,416,contact,0.0022294304594895984,-2.0569540510401857e-05,2.0569540510401857e-05,0.00010689959076525415,0.00010689959076525415,0.0,0.00010689959076525415,300.8534748630304,300.77120468077214,8.794648815588907e-06
154,166,contact,0.0019485128987853557,-5.148710121464432e-05,5.148710121464432e-05,0.00016044796853597793,0.00016044796853597793,0.0,0.00016044796853597793,300.46683829959136,300.4955034581882,-4.599266464621866e-06
154,210,contact,0.001809058478691333,-0.00019094152130866705,0.00019094152130866705,0.0003089834310352798,0.0003089834310352798,0.0,0.0003089834310352798,300.46683829959136,300.5502058600268,-2.5759194860377063e-05
154,213,contact,0.0018511826774481233,-0.0001488173225518768,0.0001488173225518768,0.00027277951036677663,0.00027277951036677663,0.0,0.00027277951036677663,300.46683829959136,300.4812072568593,-3.91955712803192e-06
154,295,contact,0.001857900616697244,-0.00014209938330275599,0.00014209938330275599,0.00026655148030235736,0.00026655148030235736,0.0,0.00026655148030235736,300.46683829959136,300.35748280355057,2.9148869348871532e-05
154,405,contact,0.0021295274024613004,-0.00012047259753869988,0.00012047259753869988,0.000258706824136576,0.000258706824136576,0.0,0.000258706824136576,300.46683829959136,300.4470121928732,5.129149104043351e-06
155,234,contact,0.001965474618099659,-3.452538190034087e-05,3.452538190034087e-05,0.00013138756010433575,0.00013138756010433575,0.0,0.00013138756010433575,300.33190301785237,300.3353978922185,-4.591830158383565e-07
155,268,contact,0.0018788351140831751,-0.00012116488591682492,0.00012116488591682492,0.0002461350096154801,0.0002461350096154801,0.0,0.0002461350096154801,300.33190301785237,300.23479653422004,2.3901305282569193e-05
155,358,contact,0.0019855571274342626,-1.4442872565737473e-05,1.4442872565737473e-05,8.497903437241881e-05,8.497903437241881e-05,0.0,8.497903437241881e-05,300.33190301785237,300.34025845180224,-7.100367088227547e-07
155,370,contact,0.001932610919303956,-6.738908069604398e-05,6.738908069604398e-05,0.00018356072659483016,0.00018356072659483016,0.0,0.00018356072659483016,300.33190301785237,300.31305902688285,3.459016674310561e-06
155,449,contact,0.0020658950556678816,-0.00018410494433211862,0.00018410494433211862,0.00031981326524857404,0.00031981326524857404,0.0,0.00031981326524857404,300.33190301785237,300.43892384016385,-3.42266786330229e-05
155,456,contact,0.002206409806714342,-4.359019328565835e-05,4.359019328565835e-05,0.00015561739635268278,0.00015561739635268278,0.0,0.00015561739635268278,300.33190301785237,300.42297054422835,-1.4171691346909261e-05
156,161,contact,0.0019532401506471243,-4.675984935287574e-05,4.675984935287574e-05,0.00015290495308013365,0.00015290495308013365,0.0,0.00015290495308013365,300.5347483485309,300.4481947375312,1.3234475828827585e-05
156,287,contact,0.00196356528266824,-3.643471733176008e-05,3.643471733176008e-05,0.00013497169579537794,0.00013497169579537794,0.0,0.00013497169579537794,300.5347483485309,300.4915502510843,5.830520467506199e-06
156,308,contact,0.0019646845900805556,-3.531540991944448e-05,3.531540991944448e-05,0.00013288229739029289,0.00013288229739029289,0.0,0.00013288229739029289,300.5347483485309,300.57128387450007,-4.854924627144273e-06
156,331,contact,0.001935734221167771,-6.426577883222894e-05,6.426577883222894e-05,0.00017925649058294786,0.00017925649058294786,0.0,0.00017925649058294786,300.5347483485309,300.63901586598615,-1.8690629260822837e-05
156,498,contact,0.002233665230355704,-1.6334769644296438e-05,1.6334769644296438e-05,9.526212271731683e-05,9.526212271731683e-05,0.0,9.526212271731683e-05,300.5347483485309,300.57987193884026,-4.298568997494729e-06
157,203,contact,0.0019032514467615673,-9.674855323843273e-05,9.674855323843273e-05,0.0002199415300010809,0.0002199415300010809,0.0,0.0002199415300010809,300.3540779322827,300.26196206142777,2.0260105573211203e-05
157,312,contact,0.001991661708473605,-8.338291526395133e-06,8.338291526395133e-06,6.456892258043003e-05,6.456892258043003e-05,0.0,6.456892258043003e-05,300.3540779322827,300.40868021729864,-3.5256107139101093e-06
157,360,contact,0.0019077642469131236,-9.223575308687647e-05,9.223575308687647e-05,0.00021475073118254625,0.00021475073118254625,0.0,0.00021475073118254625,300.3540779322827,300.4468642928724,-1.9925938780414367e-05
158,203,contact,0.0019600769441340047,-3.992305586599529e-05,3.992305586599529e-05,0.00014128527146520847,0.00014128527146520847,0.0,0.00014128527146520847,300.3069653413875,300.26196206142777,6.358300625939177e-06
158,374,contact,0.0019771440296896888,-2.2855970310311276e-05,2.2855970310311276e-05,0.00010690175468698181,0.00010690175468698181,0.0,0.00010690175468698181,300.3069653413875,300.35266580819285,-4.885460091503803e-06
158,378,contact,0.0019998861933620124,-1.138066379876776e-07,1.138066379876776e-07,7.543428861853129e-06,7.543428861853129e-06,0.0,7.543428861853129e-06,300.3069653413875,300.19880036814783,8.159347809778899e-07
158,407,contact,0.002217599100017855,-3.240089998214537e-05,3.240089998214537e-05,0.0001341659419900623,0.0001341659419900623,0.0,0.0001341659419900623,300.3069653413875,300.32720767364515,-2.715831575419912e-06
158,430,contact,0.0021944267876030897,-5.557321239691056e-05,5.557321239691056e-05,0.000175710007931172,0.000175710007931172,0.0,0.000175710007931172,300.3069653413875,300.23041175257754,1.3451231696962355e-05
159,225,contact,0.0019045330868220688,-9.546691317793127e-05,9.546691317793127e-05,0.0002184798768513147,0.0002184798768513147,0.0,0.0002184798768513147,300.260688095194,300.29466030497366,-7.422244209030779e-06
159,386,contact,0.0019272791939156093,-7.272080608439072e-05,7.272080608439072e-05,0.00019068403982031468,0.00019068403982031468,0.0,0.00019068403982031468,300.260688095194,300.20831686810106,9.98635715242501e-06
159,402,contact,0.0021889691205917,-6.10308794083002e-05,6.10308794083002e-05,0.00018413593922893577,0.00018413593922893577,0.0,0.00018413593922893577,300.260688095194,300.1804403680703,1.477649060490295e-05
159,406,contact,0.002162936642002556,-8.706335799744426e-05,8.706335799744426e-05,0.00021992847069172826,0.00021992847069172826,0.0,0.00021992847069172826,300.260688095194,300.2878389688092,-5.971250112135031e-06
160,168,contact,0.001905346650874847,-9.465334912515315e-05,9.465334912515315e-05,0.00021754694795049774,0.00021754694795049774,0.0,0.00021754694795049774,300.0515503917515,300.1225798767848,-1.5452247683491515e-05
160,387,contact,0.0019535997799958937,-4.640022000410634e-05,4.640022000410634e-05,0.00015231582321628036,0.00015231582321628036,0.0,0.00015231582321628036,300.0515503917515,300.04817388921356,5.142947636592016e-07
160,461,contact,0.0021778479160859702,-7.215208391403004e-05,7.215208391403004e-05,0.00020021111623321524,0.00020021111623321524,0.0,0.00020021111623321524,300.0515503917515,300.10382049016664,-1.046505474931432e-05
160,481,contact,0.002199214874057264,-5.078512594273608e-05,5.078512594273608e-05,0.00016797011298762528,0.00016797011298762528,0.0,0.00016797011298762528,300.0515503917515,300.0776455914814,-4.383213647069819e-06
161,469,contact,0.0021459968355521876,-0.00010400316444781265,0.00010400316444781265,0.00024037374191941257,0.00024037374191941257,0.0,0.00024037374191941257,300.4481947375312,300.4631604724358,-3.59736969959084e-06
161,483,contact,0.002098349534753445,-0.0001516504652465554,0.0001516504652465554,0.00029025895071523386,0.00029025895071523386,0.0,0.00029025895071523386,300.4481947375312,300.4974884556045,-1.4307942884817114e-05
161,497,contact,0.002122720280135845,-0.00012727971986415537,0.00012727971986415537,0.00026591531636986675,0.00026591531636986675,0.0,0.00026591531636986675,300.4481947375312,300.3393388302897,2.894645301284994e-05
162,378,contact,0.001999922811311937,-7.718868806324067e-08,7.718868806324067e-08,6.212434629967573e-06,6.212434629967573e-06,0.0,6.212434629967573e-06,300.05514452477746,300.19880036814783,-8.924525361512722e-07
163,242,contact,0.0019090786230273483,-9.092137697265176e-05,9.092137697265176e-05,0.0002132151225554273,0.0002132151225554273,0.0,0.0002132151225554273,300.23722890442224,300.33254777172607,-2.0323423974030886e-05
163,316,contact,0.0018895922781383297,-0.00011040772186167035,0.00011040772186167035,0.00023495501895221387,0.00023495501895221387,0.0,0.00023495501895221387,300.23722890442224,300.2107033892508,6.232302919823567e-06
163,461,contact,0.0021791341367846076,-7.086586321539265e-05,7.086586321539265e-05,0.0001984185576213865,0.0001984185576213865,0.0,0.0001984185576213865,300.23722890442224,300.10382049016664,2.6470705131152173e-05
164,173,contact,0.001954443554594504,-4.555644540549589e-05,4.555644540549589e-05,0.00015092455964072892,0.00015092455964072892,0.0,0.00015092455964072892,300.75669829726377,300.6193111542004,2.0735094067140356e-05
164,382,contact,0.0019179674736561384,-8.203252634386162e-05,8.203252634386162e-05,0.0002025247223721855,0.0002025247223721855,0.0,0.0002025247223721855,300.75669829726377,300.8486163093187,-1.8615669872425583e-05
164,383,contact,0.0019879457164912726,-1.2054283508727403e-05,1.2054283508727403e-05,7.763466850810727e-05,7.763466850810727e-05,0.0,7.763466850810727e-05,300.75669829726377,300.7902741306011,-2.6066486910287736e-06
164,411,contact,0.0021887399445059716,-6.126005549402869e-05,6.126005549402869e-05,0.0001844813382522722,0.0001844813382522722,0.0,0.0001844813382522722,300.75669829726377,300.81398921375296,-1.0569104943625665e-05
164,422,contact,0.0022069985435736014,-4.300145642639882e-05,4.300145642639882e-05,0.00015456292574439064,0.00015456292574439064,0.0,0.00015456292574439064,300.75669829726377,300.6851654287785,1.1056329439975458e-05
165,169,contact,0.0018781522195966975,-0.00012184778040330254,0.00012184778040330254,0.0002468276528301707,0.0002468276528301707,0.0,0.0002468276528301707,300.86048620892416,300.9504450982023,-2.220434149173168e-05
165,399,contact,0.0018760264774346864,-0.0001239735225653136,0.0001239735225653136,0.00024897140655636904,0.00024897140655636904,0.0,0.00024897140655636904,300.86048620892416,300.9284268346173,-1.691527314114441e-05
165,447,contact,0.002178001249976685,-7.199875002331536e-05,7.199875002331536e-05,0.00019999826391373633,0.00019999826391373633,0.0,0.00019999826391373633,300.86048620892416,300.80231600805655,1.1633939185034817e-05
165,455,contact,0.002222704681058642,-2.729531894135823e-05,2.729531894135823e-05,0.00012314246253235456,0.00012314246253235456,0.0,0.00012314246253235456,300.86048620892416,300.92045964085156,-7.385276094056996e-06
166,213,contact,0.0019216653846331427,-7.83346153668573e-05,7.83346153668573e-05,0.0001979073209444983,0.0001979073209444983,0.0,0.0001979073209444983,300.4955034581882,300.4812072568593,2.82932290468087e-06
166,375,contact,0.0019364257788255148,-6.357422117448525e-05,6.357422117448525e-05,0.00017828940121959752,0.00017828940121959752,0.0,0.00017828940121959752,300.4955034581882,300.5176041138043,-3.940312656355019e-06
166,396,contact,0.0019554524211547572,-4.454757884524282e-05,4.454757884524282e-05,0.00014924405992407675,0.00014924405992407675,0.0,0.00014924405992407675,300.4955034581882,300.58704579533276,-1.3662150050394846e-05
166,427,contact,0.002146515073066108,-0.0001034849269338921,0.0001034849269338921,0.0002397741146879381,0.0002397741146879381,0.0,0.0002397741146879381,300.4955034581882,300.3872486123669,2.5956709817483084e-05
166,465,contact,0.002199387093078433,-5.061290692156715e-05,5.061290692156715e-05,0.0001676850667862015,0.0001676850667862015,0.0,0.0001676850667862015,300.4955034581882,300.589625354565,-1.5782836479988505e-05
167,186,contact,0.0019364022521418428,-6.359774785815722e-05,6.359774785815722e-05,0.00017832238762723713,0.00017832238762723713,0.0,0.00017832238762723713,300.46836657666285,300.4936727743695,-4.512661596815116e-06
167,336,contact,0.001844306517068136,-0.00015569348293186414,0.00015569348293186414,0.0002790102891757436,0.0002790102891757436,0.0,0.0002790102891757436,300.46836657666285,300.46516503618426,8.932627347379136e-07
167,410,contact,0.002147510305470035,-0.0001024896945299651,0.0001024896945299651,0.00023861835466559137,0.00023861835466559137,0.0,0.00023861835466559137,300.46836657666285,300.35004292949407,2.8234194005446048e-05
167,437,contact,0.0021994345391713743,-5.056546082862594e-05,5.056546082862594e-05,0.00016760645179279336,0.00016760645179279336,0.0,0.00016760645179279336,300.46836657666285,300.54859222350154,-1.3446336009416e-05
167,452,contact,0.002150623385439672,-9.937661456032839e-05,9.937661456032839e-05,0.00023496644507523527,0.00023496644507523527,0.0,0.00023496644507523527,300.46836657666285,300.5546321779675,-2.0269521670833615e-05
168,196,contact,0.0019791662436490767,-2.0833756350923348e-05,2.0833756350923348e-05,0.00010206310878795372,0.00010206310878795372,0.0,0.00010206310878795372,300.1225798767848,300.17270324103254,-5.115746378033743e-06
168,442,contact,0.002087555841169285,-0.00016244415883071538,0.00016244415883071538,0.00030041097667354464,0.00030041097667354464,0.0,0.00030041097667354464,300.1225798767848,300.2444553693627,-3.661273575789187e-05
168,496,contact,0.0021396760525836615,-0.0001103239474163388,0.0001103239474163388,0.0002475703574702876,0.0002475703574702876,0.0,0.0002475703574702876,300.1225798767848,300.07663733573673,1.1374011310365933e-05
169,380,contact,0.0019246394868483812,-7.536051315161886e-05,7.536051315161886e-05,0.00019411402982733996,0.00019411402982733996,0.0,0.00019411402982733996,300.9504450982023,300.9083245941768,8.176180774746634e-06
170,175,contact,0.0018808031685957991,-0.00011919683140420093,0.00011919683140420093,0.00024412786752458325,0.00024412786752458325,0.0,0.00024412786752458325,300.568331652137,300.6408645712819,-1.7707306876182118e-05
170,212,contact,0.0019242287489017523,-7.577125109824775e-05,7.577125109824775e-05,0.00019464230154086205,0.00019464230154086205,0.0,0.00019464230154086205,300.568331652137,300.4861875388102,1.5988719275954478e-05
170,364,contact,0.0019969574886061045,-3.0425113938955216e-06,3.0425113938955216e-06,3.900327802823451e-05,3.900327802823451e-05,0.0,3.900327802823451e-05,300.568331652137,300.56581546544606,9.813952907656778e-08
170,400,contact,0.0019396152005230307,-6.038479947696935e-05,6.038479947696935e-05,0.00017375960329859375,0.00017375960329859375,0.0,0.00017375960329859375,300.568331652137,300.54266063653597,4.460585487102783e-06
170,452,contact,0.002143581517204326,-0.00010641848279567415,0.00010641848279567415,0.00024314888305507407,0.00024314888305507407,0.0,0.00024314888305507407,300.568331652137,300.5546321779675,3.3310118427486403e-06
171,178,contact,0.0019639602286451734,-3.603977135482666e-05,3.603977135482666e-05,0.00013423816773709826,0.00013423816773709826,0.0,0.00013423816773709826,300.2193665959263,300.1698452814534,6.6476505187801785e-06
171,204,contact,0.001956329839060888,-4.367016093911186e-05,4.367016093911186e-05,0.0001477669803087142,0.0001477669803087142,0.0,0.0001477669803087142,300.2193665959263,300.1179702847116,1.4983026722642972e-05
171,225,contact,0.0019033462982337185,-9.665370176628152e-05,9.665370176628152e-05,0.00021983368914509159,0.00021983368914509159,0.0,0.00021983368914509159,300.2193665959263,300.29466030497366,-1.6552093829294744e-05
171,235,contact,0.0019298633456802062,-7.013665431979382e-05,7.013665431979382e-05,0.00018726539231768614,0.00018726539231768614,0.0,0.00018726539231768614,300.2193665959263,300.1811642550176,7.153976357721115e-06
171,330,contact,0.0019288986178905298,-7.110138210947021e-05,7.110138210947021e-05,0.0001885489089195032,0.0001885489089195032,0.0,0.0001885489089195032,300.2193665959263,300.2811188907717,-1.1643327816376617e-05
171,338,contact,0.0019579066668511044,-4.2093333148895615e-05,4.2093333148895615e-05,0.0001450746930875534,0.0001450746930875534,0.0,0.0001450746930875534,300.2193665959263,300.20315450904195,2.3519635290581207e-06
171,386,contact,0.0019496610711864772,-5.033892881352287e-05,5.033892881352287e-05,0.00015864887143235981,0.00015864887143235981,0.0,0.00015864887143235981,300.2193665959263,300.20831686810106,1.753026849111033e-06
171,476,contact,0.0022116484418867296,-3.835155811327071e-05,3.835155811327071e-05,0.00014596719211534928,0.00014596719211534928,0.0,0.00014596719211534928,300.2193665959263,300.2884537752716,-1.0084461580199246e-05
172,179,contact,0.0018912637497980026,-0.00010873625020199748,0.00010873625020199748,0.00023316973453044615,0.00023316973453044615,0.0,0.00023316973453044615,300.1526488273349,300.2699493718331,-2.7350936820926956e-05
172,274,contact,0.0019085164910212333,-9.148350897876674e-05,9.148350897876674e-05,0.00021387322059898797,0.00021387322059898797,0.0,0.00021387322059898797,300.1526488273349,300.0651230394859,1.8719422132720968e-05
172,291,contact,0.0019687716252780574,-3.122837472194261e-05,3.122837472194261e-05,0.00012495674195885272,0.00012495674195885272,0.0,0.00012495674195885272,300.1526488273349,300.21944092803875,-8.346123292544254e-06
173,357,contact,0.0019242540506908127,-7.574594930918736e-05,7.574594930918736e-05,0.00019460980102398154,0.00019460980102398154,0.0,0.00019460980102398154,300.6193111542004,300.5101161613039,2.125041584039286e-05
173,377,contact,0.001753464656584287,-0.00024653534341571295,0.00024653534341571295,0.0003510949610972172,0.0003510949610972172,0.0,0.0003510949610972172,300.6193111542004,300.5738202092029,1.5971641564166617e-05
173,422,contact,0.0020618977455247383,-0.00018810225447526193,0.00018810225447526193,0.0003232665347453346,0.0003232665347453346,0.0,0.0003232665347453346,300.6193111542004,300.6851654287785,-2.128848314103035e-05
173,433,contact,0.0020771315400089614,-0.00017286845999103882,0.00017286845999103882,0.000309900037638518,0.000309900037638518,0.0,0.000309900037638518,300.6193111542004,300.6038173845313,4.801519803614207e-06
174,287,contact,0.001982393635002897,-1.760636499710316e-05,1.760636499710316e-05,9.382527643738429e-05,9.382527643738429e-05,0.0,9.382527643738429e-05,300.49543269036775,300.4915502510843,3.6427093902318153e-07
174,400,contact,0.0019462955085752004,-5.370449142479963e-05,5.370449142479963e-05,0.00016386654848503954,0.00016386654848503954,0.0,0.00016386654848503954,300.49543269036775,300.54266063653597,-7.739080530623553e-06
175,294,contact,0.0019536725986971305,-4.6327401302869494e-05,4.6327401302869494e-05,0.00015219625702176366,0.00015219625702176366,0.0,0.00015219625702176366,300.6408645712819,300.73080359022885,-1.3688382043935274e-05
175,311,contact,0.001917136597480732,-8.2863402519268e-05,8.2863402519268e-05,0.00020354778618210024,0.00020354778618210024,0.0,0.00020354778618210024,300.6408645712819,300.6501720155977,-1.8945096854989396e-06
175,400,contact,0.0019132986316045908,-8.670136839540924e-05,8.670136839540924e-05,0.0002082082712038708,0.0002082082712038708,0.0,0.0002082082712038708,300.6408645712819,300.54266063653597,2.044687147886677e-05
175,413,contact,0.0021773043296011703,-7.269567039882999e-05,7.269567039882999e-05,0.00020096388619576788,0.00020096388619576788,0.0,0.00020096388619576788,300.6408645712819,300.69546825959657,-1.0973369404338768e-05
175,490,contact,0.002198469696493449,-5.153030350655121e-05,5.153030350655121e-05,0.00016919795032011603,0.00016919795032011603,0.0,0.00016919795032011603,300.6408645712819,300.7231075728668,-1.3915347296341435e-05
175,494,contact,0.0021540091481003516,-9.59908518996487e-05,9.59908518996487e-05,0.0002309291039591164,0.0002309291039591164,0.0,0.0002309291039591164,300.6408645712819,300.6565938063036,-3.6323381495223505e-06
176,393,contact,0.0019808447179170815,-1.9155282082918522e-05,1.9155282082918522e-05,9.786542311490439e-05,9.786542311490439e-05,0.0,9.786542311490439e-05,300.5800912459188,300.62047444481993,-3.952118847190567e-06
176,428,contact,0.002182592807030207,-6.740719296979315e-05,6.740719296979315e-05,0.00019351599556309028,0.00019351599556309028,0.0,0.00019351599556309028,300.5800912459188,300.6658324642665,-1.6592297229340505e-05
176,471,contact,0.002183062040970376,-6.693795902962436e-05,6.693795902962436e-05,0.00019284126896610586,0.00019284126896610586,0.0,0.00019284126896610586,300.5800912459188,300.545976155848,6.578797260151303e-06
176,483,contact,0.002238633281200831,-1.1366718799169125e-05,1.1366718799169125e-05,7.946599132532218e-05,7.946599132532218e-05,0.0,7.946599132532218e-05,300.5800912459188,300.4974884556045,6.564112618563347e-06
177,185,contact,0.0018736739747885714,-0.0001263260252114286,0.0001263260252114286,0.00025132252705580195,0.00025132252705580195,0.0,0.00025132252705580195,300.6320783888346,300.60648271940227,6.4327683234192475e-06
177,224,contact,0.0018733235049504936,-0.00012667649504950643,0.00012667649504950643,0.0002516709111612886,0.0002516709111612886,0.0,0.0002516709111612886,300.6320783888346,300.68422196172276,-1.3123020499967193e-05
177,308,contact,0.0019166811254092322,-8.331887459076784e-05,8.331887459076784e-05,0.00020410643619294303,0.00020410643619294303,0.0,0.00020410643619294303,300.6320783888346,300.57128387450007,1.240855166090209e-05
177,349,contact,0.0019221939630016532,-7.78060369983468e-05,7.78060369983468e-05,0.00019723848128388487,0.00019723848128388487,0.0,0.00019723848128388487,300.6320783888346,300.6556067051987,-4.640689386820463e-06
177,428,contact,0.002103247835158757,-0.00014675216484124308,0.00014675216484124308,0.00028553280103581316,0.00028553280103581316,0.0,0.00028553280103581316,300.6320783888346,300.6658324642665,-9.6378957044407e-06
177,444,contact,0.002157831953976027,-9.216804602397337e-05,9.216804602397337e-05,0.00022628404719139735,0.00022628404719139735,0.0,0.00022628404719139735,300.6320783888346,300.5311934370252,2.2828655196141308e-05
178,289,contact,0.0019588245604507306,-4.1175439549269444e-05,4.1175439549269444e-05,0.00014348421437438588,0.00014348421437438588,0.0,0.00014348421437438588,300.1698452814534,300.05762007846977,1.610254508310913e-05
178,386,contact,0.0019651583261406703,-3.4841673859329746e-05,3.4841673859329746e-05,0.00013198801812916533,0.00013198801812916533,0.0,0.00013198801812916533,300.1698452814534,300.20831686810106,-5.077788475912816e-06
178,402,contact,0.002204123457378011,-4.587654262198926e-05,4.587654262198926e-05,0.00015964638462341504,0.00015964638462341504,0.0,0.00015964638462341504,300.1698452814534,300.1804403680703,-1.6914672731672117e-06
178,406,contact,0.0022315852294687126,-1.8414770531287664e-05,1.8414770531287664e-05,0.00010114557861289632,0.00010114557861289632,0.0,0.00010114557861289632,300.1698452814534,300.2878389688092,-1.1934539780272215e-05
179,230,contact,0.0019170433647938167,-8.295663520618336e-05,8.295663520618336e-05,0.00020366226357156026,0.00020366226357156026,0.0,0.00020366226357156026,300.2699493718331,300.27649626406327,-1.3333548909567303e-06
179,238,contact,0.0019792944952684525,-2.0705504731547558e-05,2.0705504731547558e-05,0.00010174847598747501,0.00010174847598747501,0.0,0.00010174847598747501,300.2699493718331,300.233503790574,3.7082823495912887e-06
179,291,contact,0.0019169060310823798,-8.30939689176202e-05,8.30939689176202e-05,0.00020383077407204757,0.00020383077407204757,0.0,0.00020383077407204757,300.2699493718331,300.21944092803875,1.0295175195775316e-05
179,296,contact,0.0018433623007157336,-0.0001566376992842664,0.0001566376992842664,0.00027985505112849615,0.00027985505112849615,0.0,0.00027985505112849615,300.2699493718331,300.1779978985571,2.573308425498697e-05
179,410,contact,0.002216816287697291,-3.3183712302709435e-05,3.3183712302709435e-05,0.00013577700734560127,0.00013577700734560127,0.0,0.00013577700734560127,300.2699493718331,300.35004292949407,-1.087486356686929e-05
179,466,contact,0.0021127610000896933,-0.00013723899991030693,0.00013723899991030693,0.00027612295963765743,0.00027612295963765743,0.0,0.00027612295963765743,300.2699493718331,300.3871120410782,-3.23513029910022e-05
179,482,contact,0.0021519354912496796,-9.806450875032065e-05,9.806450875032065e-05,0.00023341011683101278,0.00023341011683101278,0.0,0.00023341011683101278,300.2699493718331,300.3664659987829,-2.2527957172496363e-05
180,202,contact,0.001885480321042034,-0.00011451967895796601,0.00011451967895796601,0.0002392902828762234,0.0002392902828762234,0.0,0.0002392902828762234,300.3899483045715,300.4561763579858,-1.5847729635851032e-05
180,265,contact,0.0019321903621889853,-6.780963781101478e-05,6.780963781101478e-05,0.00018413261228122352,0.00018413261228122352,0.0,0.00018413261228122352,300.3899483045715,300.4262995773406,-6.693454814728802e-06
180,406,contact,0.0021401343459288404,-0.00010986565407115987,0.00010986565407115987,0.00024705561010423887,0.00024705561010423887,0.0,0.00024705561010423887,300.3899483045715,300.2878389688092,2.5226684244091897e-05
181,255,contact,0.001892307381056259,-0.00010769261894374104,0.00010769261894374104,0.000232048075777134,0.000232048075777134,0.0,0.000232048075777134,300.06394905511473,300.1589838039179,-2.2052630591742745e-05
181,262,contact,0.0018720379034891368,-0.00012796209651086323,0.00012796209651086323,0.00025294475336608903,0.00025294475336608903,0.0,0.00025294475336608903,300.06394905511473,300.07813917731914,-3.58931696122945e-06
181,276,contact,0.0019869386392146085,-1.3061360785391555e-05,1.3061360785391555e-05,8.081262520606404e-05,8.081262520606404e-05,0.0,8.081262520606404e-05,300.06394905511473,300.13053187926005,-5.380732812816542e-06
181,329,contact,0.0019129099280677077,-8.709007193229232e-05,8.709007193229232e-05,0.0002086744736812487,0.0002086744736812487,0.0,0.0002086744736812487,300.06394905511473,300.13798927369226,-1.54503036429091e-05
182,254,contact,0.0019891571739055706,-1.0842826094429464e-05,1.0842826094429464e-05,7.363024546485454e-05,7.363024546485454e-05,0.0,7.363024546485454e-05,300.5903770026353,300.6174193642589,-1.9911357242960904e-06
182,354,contact,0.0018699765861903191,-0.0001300234138096809,0.0001300234138096809,0.0002549739337752792,0.0002549739337752792,0.0,0.0002549739337752792,300.5903770026353,300.6501622675283,-1.5243684171560256e-05
182,356,contact,0.0019491833697374396,-5.0816630262560426e-05,5.0816630262560426e-05,0.00015939985925740404,0.00015939985925740404,0.0,0.00015939985925740404,300.5903770026353,300.6597052478955,-1.1050912537035586e-05
182,439,contact,0.0022243170410002257,-2.568295899977452e-05,2.568295899977452e-05,0.00011945003371883278,0.00011945003371883278,0.0,0.00011945003371883278,300.5903770026353,300.49298152315885,1.1633893307525138e-05
182,485,contact,0.0021294423120854908,-0.00012055768791450951,0.00012055768791450951,0.00025879817094762983,0.00025879817094762983,0.0,0.00025879817094762983,300.5903770026353,300.5477574845834,1.1029853318495754e-05
183,225,contact,0.0018993591237572735,-0.00010064087624272653,0.00010064087624272653,0.0002243221748320109,0.0002243221748320109,0.0,0.0002243221748320109,300.38727071956686,300.29466030497366,2.0774569613639894e-05
183,353,contact,0.001896050956198172,-0.00010394904380182815,0.00010394904380182815,0.00022797921374746881,0.00022797921374746881,0.0,0.00022797921374746881,300.38727071956686,300.3717011662808,3.5495345165576627e-06
184,210,contact,0.0018068285549882699,-0.00019317144501173017,0.00019317144501173017,0.0003107824359674547,0.0003107824359674547,0.0,0.0003107824359674547,300.557927099359,300.5502058600268,2.3996255683572347e-06
184,371,contact,0.0018314323867691614,-0.00016856761323083861,0.00016856761323083861,0.0002903167349902849,0.0002903167349902849,0.0,0.0002903167349902849,300.557927099359,300.53596855044765,6.374934225069626e-06
184,433,contact,0.0022053010721479168,-4.4698927852083493e-05,4.4698927852083493e-05,0.00015758406548760552,0.00015758406548760552,0.0,0.00015758406548760552,300.557927099359,300.6038173845313,-7.231577703832974e-06
184,449,contact,0.0021202321849863527,-0.00012976781501364753,0.00012976781501364753,0.00026850182599590924,0.00026850182599590924,0.0,0.00026850182599590924,300.557927099359,300.43892384016385,3.19525923933632e-05
184,471,contact,0.002151193953184138,-9.880604681586228e-05,9.880604681586228e-05,0.0002342909478213672,0.0002342909478213672,0.0,0.0002342909478213672,300.557927099359,300.545976155848,2.7999978825542298e-06
184,478,contact,0.0021348634264145698,-0.00011513657358543051,0.00011513657358543051,0.0002529125601922865,0.0002529125601922865,0.0,0.0002529125601922865,300.557927099359,300.7014374585831,-3.629557236547697e-05
185,224,contact,0.0019553182228476272,-4.468177715237281e-05,4.468177715237281e-05,0.00014946868761110603,0.00014946868761110603,0.0,0.00014946868761110603,300.60648271940227,300.68422196172276,-1.1619582525525411e-05
185,308,contact,0.0019241705014629035,-7.58294985370965e-05,7.58294985370965e-05,0.0001947171006063624,0.0001947171006063624,0.0,0.0001947171006063624,300.60648271940227,300.57128387450007,6.853817024048913e-06
185,349,contact,0.00197761185590095,-2.238814409904989e-05,2.238814409904989e-05,0.00010580204180224947,0.00010580204180224947,0.0,0.00010580204180224947,300.60648271940227,300.6556067051987,-5.197417998726722e-06
185,381,contact,0.00186008390791921,-0.00013991609208078995,0.00013991609208078995,0.0002644958336919411,0.0002644958336919411,0.0,0.0002644958336919411,300.60648271940227,300.6278587225411,-5.6538637712016135e-06
185,391,contact,0.0019155515910828395,-8.444840891716054e-05,8.444840891716054e-05,0.00020548529012700707,0.00020548529012700707,0.0,0.00020548529012700707,300.60648271940227,300.49917666561487,2.204981559488752e-05
186,352,contact,0.001971469546429769,-2.8530453570230988e-05,2.8530453570230988e-05,0.00011943712481936047,0.00011943712481936047,0.0,0.00011943712481936047,300.4936727743695,300.436285147997,6.854213094136022e-06
186,437,contact,0.0022201127583976444,-2.9887241602355886e-05,2.9887241602355886e-05,0.0001288565990255056,0.0001288565990255056,0.0,0.0001288565990255056,300.4936727743695,300.54859222350154,-7.076733435511212e-06
187,441,contact,0.0020763671117603466,-0.00017363288823965366,0.00017363288823965366,0.00031058447432010585,0.00031058447432010585,0.0,0.00031058447432010585,300.38027056297483,300.4796672337935,-3.087106275539198e-05
187,460,contact,0.002073065146130241,-0.0001769348538697593,0.0001769348538697593,0.0003135237487635588,0.0003135237487635588,0.0,0.0003135237487635588,300.38027056297483,300.287305497757,2.914675575113687e-05
187,469,contact,0.002111938604126551,-0.00013806139587344913,0.00013806139587344913,0.00027694904853645824,0.00027694904853645824,0.0,0.00027694904853645824,300.38027056297483,300.4631604724358,-2.2956281558485943e-05
188,208,contact,0.0019269774176414202,-7.302258235857982e-05,7.302258235857982e-05,0.00019107927982722227,0.00019107927982722227,0.0,0.00019107927982722227,300.16477103718404,300.274482157207,-2.0963521803023342e-05
188,227,contact,0.001914593299267497,-8.540670073250295e-05,8.540670073250295e-05,0.00020664788981804646,0.00020664788981804646,0.0,0.00020664788981804646,300.16477103718404,300.2127326704838,-9.911170313617236e-06
188,260,contact,0.001958005835665461,-4.199416433453909e-05,4.199416433453909e-05,0.00014490369963278903,0.00014490369963278903,0.0,0.00014490369963278903,300.16477103718404,300.0613876425595,1.4980636361690919e-05
188,402,contact,0.002212873902255617,-3.712609774438307e-05,3.712609774438307e-05,0.00014361618940074476,0.00014361618940074476,0.0,0.00014361618940074476,300.16477103718404,300.1804403680703,-2.2503695923473232e-06
188,481,contact,0.0021610010934981043,-8.899890650189597e-05,8.899890650189597e-05,0.00022235970171210828,0.00022235970171210828,0.0,0.00022235970171210828,300.16477103718404,300.0776455914814,1.9373188117967102e-05
189,218,contact,0.0019233768197105842,-7.662318028941583e-05,7.662318028941583e-05,0.00019573346710439663,0.00019573346710439663,0.0,0.00019573346710439663,300.0961054629217,300.07417121134705,4.29326710904334e-06
189,296,contact,0.001914957091033635,-8.504290896636508e-05,8.504290896636508e-05,0.0002062073094804899,0.0002062073094804899,0.0,0.0002062073094804899,300.0961054629217,300.1779978985571,-1.6886818819188004e-05
189,347,contact,0.0019192656066579206,-8.073439334207945e-05,8.073439334207945e-05,0.00020091589452066685,0.00020091589452066685,0.0,0.00020091589452066685,300.0961054629217,300.0756173460316,4.116388332014074e-06
190,201,contact,0.001949640362118101,-5.035963788189903e-05,5.035963788189903e-05,0.00015868150157138518,0.00015868150157138518,0.0,0.00015868150157138518,300.13038571229845,300.16222430245375,-5.052195293759383e-06
190,337,contact,0.00182075006565093,-0.00017924993434906993,0.00017924993434906993,0.00029937429277500594,0.00029937429277500594,0.0,0.00029937429277500594,300.13038571229845,300.11519828023415,4.546726733316652e-06
190,440,contact,0.0021562556019405488,-9.374439805945149e-05,9.374439805945149e-05,0.0002282109137270602,0.0002282109137270602,0.0,0.0002282109137270602,300.13038571229845,300.2611511804564,-2.9842106972274995e-05
191,196,contact,0.001892537681723965,-0.0001074623182760351,0.0001074623182760351,0.00023179982557805677,0.00023179982557805677,0.0,0.00023179982557805677,300.222669498833,300.17270324103254,1.1582169842935577e-05
191,203,contact,0.0019536030241911998,-4.639697580880028e-05,4.639697580880028e-05,0.00015231049833941236,0.00015231049833941236,0.0,0.00015231049833941236,300.222669498833,300.26196206142777,-5.984669789841497e-06
191,255,contact,0.0017884553728536258,-0.00021154462714637425,0.00021154462714637425,0.00032522655729996455,0.00032522655729996455,0.0,0.00032522655729996455,300.222669498833,300.1589838039179,2.0712279306487228e-05
191,276,contact,0.0019852515095375198,-1.4748490462480283e-05,1.4748490462480283e-05,8.587342564053295e-05,8.587342564053295e-05,0.0,8.587342564053295e-05,300.222669498833,300.13053187926005,7.912173023093623e-06
191,323,contact,0.0019860880862864567,-1.3911913713543327e-05,1.3911913713543327e-05,8.340237920330368e-05,8.340237920330368e-05,0.0,8.340237920330368e-05,300.222669498833,300.22297363849236,-2.5365971200960308e-08
191,407,contact,0.002090920730912565,-0.0001590792690874354,0.0001590792690874354,0.00029728331893202805,0.00029728331893202805,0.0,0.00029728331893202805,300.222669498833,300.32720767364515,-3.107745556325206e-05
192,194,contact,0.0019033100532756082,-9.668994672439187e-05,9.668994672439187e-05,0.00021987490389354565,0.00021987490389354565,0.0,0.00021987490389354565,300.75972864462005,300.67873579869166,1.7808294214570028e-05
192,404,contact,0.002106394237482623,-0.00014360576251737714,0.00014360576251737714,0.00028245526933714767,0.00028245526933714767,0.0,0.00028245526933714767,300.75972864462005,300.8668054186559,-3.0244399050039825e-05
192,451,contact,0.002098542115850908,-0.0001514578841490923,0.0001514578841490923,0.00029007459208230894,0.00029007459208230894,0.0,0.00029007459208230894,300.75972864462005,300.7766610206478,-4.911652069230755e-06
192,480,contact,0.002220402159497238,-2.9597840502762138e-05,2.9597840502762138e-05,0.00012823121587100678,0.00012823121587100678,0.0,0.00012823121587100678,300.75972864462005,300.74282466325667,2.1676180832876264e-06
193,232,contact,0.0018633700712687219,-0.00013662992873127817,0.00013662992873127817,0.00026137131511632847,0.00026137131511632847,0.0,0.00026137131511632847,300.47169924058755,300.34823758062953,3.226933642967393e-05
193,336,contact,0.0018466403015747266,-0.0001533596984252734,0.0001533596984252734,0.0002769112659547038,0.0002769112659547038,0.0,0.0002769112659547038,300.47169924058755,300.46516503618426,1.8093948133230945e-06
193,441,contact,0.0022193483596993054,-3.065164030069487e-05,3.065164030069487e-05,0.00013049401923437564,0.00013049401923437564,0.0,0.00013049401923437564,300.47169924058755,300.4796672337935,-1.039775458678727e-06
194,273,contact,0.001945044491521981,-5.4955508478019e-05,5.4955508478019e-05,0.00016576415245465317,0.00016576415245465317,0.0,0.00016576415245465317,300.67873579869166,300.69596641298205,-2.856218174118461e-06
194,311,contact,0.001878137050111093,-0.00012186294988890704,0.00012186294988890704,0.000246843016803096,0.000246843016803096,0.0,0.000246843016803096,300.67873579869166,300.6501720155977,7.050770390218305e-06
194,470,contact,0.0020104600157675357,-0.0002395399842324646,0.0002395399842324646,0.0003647982579701223,0.0003647982579701223,0.0,0.0003647982579701223,300.67873579869166,300.58882347685,3.279985837788881e-05
194,480,contact,0.002077456361178256,-0.00017254363882174446,0.00017254363882174446,0.00030960874846036146,0.00030960874846036146,0.0,0.00030960874846036146,300.67873579869166,300.74282466325667,-1.984247314821772e-05
195,290,contact,0.001850316026578511,-0.0001496839734214891,0.0001496839734214891,0.0002735726351643098,0.0002735726351643098,0.0,0.0002735726351643098,300.8673215674139,300.8686210511977,-3.5550320308261393e-07
195,335,contact,0.0019336957744508314,-6.630422554916864e-05,6.630422554916864e-05,0.00018207721651701598,0.00018207721651701598,0.0,0.00018207721651701598,300.8673215674139,300.9365957316778,-1.2613247005713834e-05
195,389,contact,0.0019206869785441353,-7.931302145586477e-05,7.931302145586477e-05,0.0001991394253480018,0.0001991394253480018,0.0,0.0001991394253480018,300.8673215674139,300.8106845534481,1.1278662414581362e-05
195,408,contact,0.002148898574833021,-0.00010110142516697946,0.00010110142516697946,0.0002369967477120724,0.0002369967477120724,0.0,0.0002369967477120724,300.8673215674139,300.77855562931387,2.1037238637320373e-05
196,390,contact,0.0018913990959075764,-0.00010860090409242368,0.00010860090409242368,0.00023302457391058962,0.00023302457391058962,0.0,0.00023302457391058962,300.17270324103254,300.1157300855755,1.3276145274722737e-05
196,442,contact,0.002170527108791778,-7.947289120822237e-05,7.947289120822237e-05,0.00021012283604308744,0.00021012283604308744,0.0,0.00021012283604308744,300.17270324103254,300.2444553693627,-1.5076760696860938e-05
197,256,contact,0.001967879075680211,-3.2120924319789176e-05,3.2120924319789176e-05,0.00012672987871806154,0.00012672987871806154,0.0,0.00012672987871806154,300.73917842119465,300.79436232682616,-6.993449667870074e-06
197,363,contact,0.001968480455783089,-3.151954421691094e-05,3.151954421691094e-05,0.0001255379309549726,0.0001255379309549726,0.0,0.0001255379309549726,300.73917842119465,300.7183950290688,2.6091040457050515e-06
197,435,contact,0.0022495725012766318,-4.27498723368485e-07,4.27498723368485e-07,1.541101199662986e-05,1.541101199662986e-05,0.0,1.541101199662986e-05,300.73917842119465,300.8304869128523,-1.4071562603298844e-06
197,494,contact,0.00224114769002402,-8.852309975980379e-06,8.852309975980379e-06,7.012809698441678e-05,7.012809698441678e-05,0.0,7.012809698441678e-05,300.73917842119465,300.6565938063036,5.791501882501064e-06
198,248,contact,0.001963379767136251,-3.662023286374891e-05,3.662023286374891e-05,0.00013531487882666288,0.00013531487882666288,0.0,0.00013531487882666288,300.36976530026277,300.31381549804496,7.570840707478772e-06
198,355,contact,0.0019124909899134168,-8.75090100865832e-05,8.75090100865832e-05,0.00020917577546955955,0.00020917577546955955,0.0,0.00020917577546955955,300.36976530026277,300.42828669823507,-1.2241258802418434e-05
198,405,contact,0.0021664562014728113,-8.354379852718898e-05,8.354379852718898e-05,0.00021543727951307283,0.00021543727951307283,0.0,0.00021543727951307283,300.36976530026277,300.4470121928732,-1.6641860394833103e-05
198,427,contact,0.002165988235078852,-8.401176492114828e-05,8.401176492114828e-05,0.0002160398174734724,0.0002160398174734724,0.0,0.0002160398174734724,300.36976530026277,300.3872486123669,-3.7770915558025296e-06
199,264,contact,0.0019127720148778842,-8.722798512211588e-05,8.722798512211588e-05,0.00020883963359730822,0.00020883963359730822,0.0,0.00020883963359730822,300.43438218566547,300.35109488020044,1.7393690356624983e-05
199,454,contact,0.0021044943553549383,-0.00014550564464506192,0.00014550564464506192,0.0002843175500162743,0.0002843175500162743,0.0,0.0002843175500162743,300.43438218566547,300.56280207030886,-3.6512026975181886e-05
199,456,contact,0.0022129219473323468,-3.707805266765351e-05,3.707805266765351e-05,0.0001435232320869914,0.0001435232320869914,0.0,0.0001435232320869914,300.43438218566547,300.42297054422835,1.6378356624734501e-06
199,458,contact,0.002080508705752647,-0.0001694912942473534,0.0001694912942473534,0.0003068579966978513,0.0003068579966978513,0.0,0.0003068579966978513,300.43438218566547,300.3348448947172,3.054381369711503e-05
200,320,contact,0.0019744120375696657,-2.5587962430334305e-05,2.5587962430334305e-05,0.00011311048233991027,0.00011311048233991027,0.0,0.00011311048233991027,300.06102071759403,300.1292220904302,-7.714290177740141e-06
200,324,contact,0.001924084761022757,-7.591523897724313e-05,7.591523897724313e-05,0.00019482715285252608,0.00019482715285252608,0.0,0.00019482715285252608,300.06102071759403,300.05421700525477,1.3255479038861717e-06
200,329,contact,0.001967236857218775,-3.27631427812251e-05,3.27631427812251e-05,0.00012799051289299747,0.00012799051289299747,0.0,0.00012799051289299747,300.06102071759403,300.13798927369226,-9.851244971644947e-06
201,227,contact,0.0019275990512811535,-7.240094871884656e-05,7.240094871884656e-05,0.00019026422248920915,0.00019026422248920915,0.0,0.00019026422248920915,300.16222430245375,300.2127326704838,-9.609935372431178e-06
201,260,contact,0.0019756842439013363,-2.4315756098663727e-05,2.4315756098663727e-05,0.00011026276819186004,0.00011026276819186004,0.0,0.00011026276819186004,300.16222430245375,300.0613876425595,1.1118529255160195e-05
201,440,contact,0.0022405516039805907,-9.448396019409548e-06,9.448396019409548e-06,7.245073429353198e-05,7.245073429353198e-05,0.0,7.245073429353198e-05,300.16222430245375,300.2611511804564,-7.167324952659212e-06
202,343,contact,0.0019224707208173556,-7.752927918264446e-05,7.752927918264446e-05,0.00019688737793805428,0.00019688737793805428,0.0,0.00019688737793805428,300.4561763579858,300.3416859171435,2.2541722696412974e-05
202,429,contact,0.0021463903518465586,-0.00010360964815344167,0.00010360964815344167,0.0002399185604341626,0.0002399185604341626,0.0,0.0002399185604341626,300.4561763579858,300.54217498741104,-2.0632667371019912e-05
202,444,contact,0.0021467470602559765,-0.00010325293974402378,0.00010325293974402378,0.00023950520725494765,0.00023950520725494765,0.0,0.00023950520725494765,300.4561763579858,300.5311934370252,-1.7966981062995216e-05
203,255,contact,0.0019252579411860652,-7.474205881393488e-05,7.474205881393488e-05,0.00019331587986238337,0.00019331587986238337,0.0,0.00019331587986238337,300.26196206142777,300.1589838039179,1.9907332457211078e-05
203,261,contact,0.0019282822022722724,-7.171779772772763e-05,7.171779772772763e-05,0.00018936446040338143,0.00018936446040338143,0.0,0.00018936446040338143,300.26196206142777,300.3084624078583,-8.80551301039107e-06
203,425,contact,0.0021773205473700928,-7.267945262990749e-05,7.267945262990749e-05,0.00020094146830179662,0.00020094146830179662,0.0,0.00020094146830179662,300.26196206142777,300.157325392998,2.1025845792481844e-05
204,235,contact,0.001903139179828947,-9.686082017105308e-05,9.686082017105308e-05,0.00022006910297796585,0.00022006910297796585,0.0,0.00022006910297796585,300.1179702847116,300.1811642550176,-1.3907040358864482e-05
204,253,contact,0.0018706362068825679,-0.00012936379311743215,0.00012936379311743215,0.0002543263583640439,0.0002543263583640439,0.0,0.0002543263583640439,300.1179702847116,300.0696886791602,1.2279284915851893e-05
204,493,contact,0.0021504258636139964,-9.95741363860039e-05,9.95741363860039e-05,0.00023519983983602338,0.00023519983983602338,0.0,0.00023519983983602338,300.1179702847116,300.0882535962104,6.989360375938327e-06
205,469,contact,0.002173715409235802,-7.628459076419822e-05,7.628459076419822e-05,0.00020586482993054531,0.00020586482993054531,0.0,0.00020586482993054531,300.4681869699503,300.4631604724358,1.0347790559702718e-06
205,485,contact,0.002171122355034142,-7.887764496585827e-05,7.887764496585827e-05,0.00020933445456952675,0.00020933445456952675,0.0,0.00020933445456952675,300.4681869699503,300.5477574845834,-1.6656850280543427e-05
206,253,contact,0.0019104864408050633,-8.951355919493672e-05,8.951355919493672e-05,0.00021155798164443798,0.00021155798164443798,0.0,0.00021155798164443798,300.1479648136033,300.0696886791602,1.6559941013714103e-05
206,288,contact,0.0019743202082742307,-2.5679791725769386e-05,2.5679791725769386e-05,0.00011331326428483426,0.00011331326428483426,0.0,0.00011331326428483426,300.1479648136033,300.14849437772915,-6.00066397456207e-08
206,418,contact,0.0022368432139513042,-1.315678604869603e-05,1.315678604869603e-05,8.549459387943138e-05,8.549459387943138e-05,0.0,8.549459387943138e-05,300.1479648136033,300.0779712708857,5.984069508824826e-06
207,284,contact,0.0019635637855694938,-3.643621443050627e-05,3.643621443050627e-05,0.00013497446875336512,0.00013497446875336512,0.0,0.00013497446875336512,300.3529969772902,300.3207901615825,4.347097840383744e-06
207,336,contact,0.0018247756976954733,-0.00017522430230452676,0.00017522430230452676,0.0002959934984966112,0.0002959934984966112,0.0,0.0002959934984966112,300.3529969772902,300.46516503618426,-3.320101617162146e-05
207,407,contact,0.0021216088565048944,-0.00012839114349510582,0.00012839114349510582,0.0002670737970165485,0.0002670737970165485,0.0,0.0002670737970165485,300.3529969772902,300.32720767364515,6.887647246901452e-06
207,442,contact,0.002105730664163867,-0.00014426933583613346,0.00014426933583613346,0.0002831071016772171,0.0002831071016772171,0.0,0.0002831071016772171,300.3529969772902,300.2444553693627,3.072890003174519e-05
208,401,contact,0.0021111752879379767,-0.00013882471206202356,0.00013882471206202356,0.000277713593535602,0.000277713593535602,0.0,0.000277713593535602,300.274482157207,300.28966508534245,-4.216505532891229e-06
208,424,contact,0.002146765486495672,-0.00010323451350432826,0.00010323451350432826,0.0002394838355764426,0.0002394838355764426,0.0,0.0002394838355764426,300.274482157207,300.2774931855127,-7.210926076799464e-07
208,458,contact,0.0021231236167731735,-0.00012687638322682673,0.00012687638322682673,0.00026549365259918986,0.00026549365259918986,0.0,0.00026549365259918986,300.274482157207,300.3348448947172,-1.6025923662473855e-05
209,366,contact,0.0019020899345982565,-9.791006540174358e-05,9.791006540174358e-05,0.0002212578421228766,0.0002212578421228766,0.0,0.0002212578421228766,300.8012322839928,300.8223529710635,-4.673117645407497e-06
209,411,contact,0.00215417146327374,-9.582853672626028e-05,9.582853672626028e-05,0.00023073377723912357,0.00023073377723912357,0.0,0.00023073377723912357,300.8012322839928,300.81398921375296,-2.9434545895322062e-06
210,236,contact,0.0019125344187491114,-8.746558125088868e-05,8.746558125088868e-05,0.00020912386431357934,0.00020912386431357934,0.0,0.00020912386431357934,300.5502058600268,300.6456874213166,-1.9967473067623137e-05
210,373,contact,0.0019365054042447187,-6.349459575528136e-05,6.349459575528136e-05,0.00017817771431253876,0.00017817771431253876,0.0,0.00017817771431253876,300.5502058600268,300.4573848788765,1.6538630261604577e-05
210,433,contact,0.0021410601545013073,-0.00010893984549869293,0.00010893984549869293,0.0002460124720175031,0.0002460124720175031,0.0,0.0002460124720175031,300.5502058600268,300.6038173845313,-1.3189103671979948e-05
210,436,contact,0.0021191076697489914,-0.0001308923302510089,0.0001308923302510089,0.00026966268049279736,0.00026966268049279736,0.0,0.00026966268049279736,300.5502058600268,300.5752060669584,-6.741622814055913e-06
211,217,contact,0.0019108926468014884,-8.910735319851162e-05,8.910735319851162e-05,0.0002110774184967587,0.0002110774184967587,0.0,0.0002110774184967587,300.15065845293407,300.1100653280974,8.568291999242133e-06
211,493,contact,0.002170637720717117,-7.93622792828832e-05,7.93622792828832e-05,0.000209976558589661,0.000209976558589661,0.0,0.000209976558589661,300.15065845293407,300.0882535962104,1.3103557054117962e-05
212,364,contact,0.0019199326423080577,-8.006735769194233e-05,8.006735769194233e-05,0.00020008417939949965,0.00020008417939949965,0.0,0.00020008417939949965,300.4861875388102,300.56581546544606,-1.593228835821782e-05
212,452,contact,0.0021528529012916782,-9.714709870832202e-05,9.714709870832202e-05,0.00023231575580126337,0.00023231575580126337,0.0,0.00023231575580126337,300.4861875388102,300.5546321779675,-1.5900768076371023e-05
212,466,contact,0.0021713853527183962,-7.861464728160404e-05,7.861464728160404e-05,0.00020898517661627482,0.00020898517661627482,0.0,0.00020898517661627482,300.4861875388102,300.3871120410782,2.0705310391873776e-05
212,482,contact,0.002157659106763625,-9.234089323637527e-05,9.234089323637527e-05,0.00022649612853740063,0.00022649612853740063,0.0,0.00022649612853740063,300.4861875388102,300.3664659987829,2.7116465318715565e-05
213,215,contact,0.0019307823985887163,-6.921760141128373e-05,6.921760141128373e-05,0.00018603440731660868,0.00018603440731660868,0.0,0.00018603440731660868,300.4812072568593,300.5104591480332,-5.441858237423683e-06
213,259,contact,0.001872971950697607,-0.00012702804930239306,0.00012702804930239306,0.00025201988939604854,0.00025201988939604854,0.0,0.00025201988939604854,300.4812072568593,300.4749224930808,1.583885472343895e-06
213,265,contact,0.0018977740751828182,-0.00010222592481718188,0.00010222592481718188,0.00022608176045092832,0.00022608176045092832,0.0,0.00022608176045092832,300.4812072568593,300.4262995773406,1.2413624847861272e-05
213,436,contact,0.0021619803672790366,-8.801963272096367e-05,8.801963272096367e-05,0.00022113298251525242,0.00022113298251525242,0.0,0.00022113298251525242,300.4812072568593,300.5752060669584,-2.0786237230097597e-05
214,348,contact,0.0019122545312013244,-8.774546879867563e-05,8.774546879867563e-05,0.00020945819248560752,0.00020945819248560752,0.0,0.00020945819248560752,300.4614955591853,300.36983483232103,1.919909017091128e-05
214,360,contact,0.0019348441958204276,-6.515580417957244e-05,6.515580417957244e-05,0.0001804934959764097,0.0001804934959764097,0.0,0.0001804934959764097,300.4614955591853,300.4468642928724,2.640848407377879e-06
214,438,contact,0.002129847276613983,-0.00012015272338601743,0.00012015272338601743,0.0002583631417060721,0.0002583631417060721,0.0,0.0002583631417060721,300.4614955591853,300.43283366032324,7.405178237269466e-06
214,466,contact,0.0021577074642314224,-9.229253576857784e-05,9.229253576857784e-05,0.00022643681454777455,0.00022643681454777455,0.0,0.00022643681454777455,300.4614955591853,300.3871120410782,1.684316689503758e-05
214,473,contact,0.002089009372046951,-0.0001609906279530491,0.0001609906279530491,0.0002990639358928019,0.0002990639358928019,0.0,0.0002990639358928019,300.4614955591853,300.5670104291331,-3.155569230180523e-05
214,488,contact,0.0021954714688193974,-5.452853118060284e-05,5.452853118060284e-05,0.0001740506490469606,0.0001740506490469606,0.0,0.0001740506490469606,300.4614955591853,300.57459053478715,-1.9684253907447876e-05
215,265,contact,0.0019836535272410847,-1.634647275891533e-05,1.634647275891533e-05,9.040595323018095e-05,9.040595323018095e-05,0.0,9.040595323018095e-05,300.5104591480332,300.4262995773406,7.608526211905249e-06
215,465,contact,0.002208957632277229,-4.104236772277132e-05,4.104236772277132e-05,0.00015100104437234738,0.00015100104437234738,0.0,0.00015100104437234738,300.5104591480332,300.589625354565,-1.1954179865298004e-05
216,394,contact,0.0019429627146419972,-5.703728535800287e-05,5.703728535800287e-05,0.00016887463598480807,0.00016887463598480807,0.0,0.00016887463598480807,300.9346028392206,300.8240236848641,1.8674014439464318e-05
216,443,contact,0.002214699181836892,-3.530081816310827e-05,3.530081816310827e-05,0.00014004129978749575,0.00014004129978749575,0.0,0.00014004129978749575,300.9346028392206,300.91926832514105,2.147465283308561e-06
216,468,contact,0.0022292580922111723,-2.074190778882795e-05,2.074190778882795e-05,0.00010734655143461487,0.00010734655143461487,0.0,0.00010734655143461487,300.9346028392206,300.87509625897536,6.387826176992277e-06
218,296,contact,0.0018571028988454026,-0.0001428971011545974,0.0001428971011545974,0.00026729861686379655,0.00026729861686379655,0.0,0.00026729861686379655,300.07417121134705,300.1779978985571,-2.7752729884802677e-05
218,361,contact,0.001839123722890878,-0.000160876277109122,0.000160876277109122,0.00028361618175724916,0.00028361618175724916,0.0,0.00028361618175724916,300.07417121134705,300.08343642479116,-2.62776446018429e-06
218,420,contact,0.002063172887108591,-0.00018682711289140942,0.00018682711289140942,0.00032216896265038856,0.00032216896265038856,0.0,0.00032216896265038856,300.07417121134705,300.10662089531905,-1.04542810235935e-05
218,489,contact,0.002182651429546184,-6.734857045381619e-05,6.734857045381619e-05,0.00019343182901048711,0.00019343182901048711,0.0,0.00019343182901048711,300.07417121134705,300.13953173190174,-1.2642805035971416e-05
219,226,contact,0.0019163516088898179,-8.364839111018219e-05,8.364839111018219e-05,0.00020450964660644028,0.00020450964660644028,0.0,0.00020450964660644028,300.9274176199096,300.90436184754736,4.715127858037554e-06
219,298,contact,0.001900703187307529,-9.929681269247106e-05,9.929681269247106e-05,0.00022281922346654819,0.00022281922346654819,0.0,0.00022281922346654819,300.9274176199096,300.8958223244877,7.040039191099511e-06
219,317,contact,0.001969580667992303,-3.041933200769722e-05,3.041933200769722e-05,0.00012332747465122526,0.00012332747465122526,0.0,0.00012332747465122526,300.9274176199096,300.9430393514583,-1.926588701582976e-06
219,484,contact,0.002199169388519447,-5.083061148055323e-05,5.083061148055323e-05,0.0001680453171031771,0.0001680453171031771,0.0,0.0001680453171031771,300.9274176199096,300.8206453782249,1.7942575211716825e-05
220,237,contact,0.0018965330981556845,-0.00010346690184431556,0.00010346690184431556,0.00022744988661715747,0.00022744988661715747,0.0,0.00022744988661715747,300.22920702561316,300.23043127139834,-2.7845456503099923e-07
220,244,contact,0.0018992682939753414,-0.00010073170602465861,0.00010073170602465861,0.00022442337893439112,0.00022442337893439112,0.0,0.00022442337893439112,300.22920702561316,300.17274308912715,1.2671827414127515e-05
220,296,contact,0.001918641933165228,-8.1358066834772e-05,8.1358066834772e-05,0.00020169043957854324,0.00020169043957854324,0.0,0.00020169043957854324,300.22920702561316,300.1779978985571,1.0328391346366263e-05
220,348,contact,0.0018904577216642532,-0.00010954227833574683,0.00010954227833574683,0.00023403234641363875,0.00023403234641363875,0.0,0.00023403234641363875,300.22920702561316,300.36983483232103,-3.291145557484618e-05
220,489,contact,0.00215890394073011,-9.109605926989036e-05,9.109605926989036e-05,0.0002249642678662675,0.0002249642678662675,0.0,0.0002249642678662675,300.22920702561316,300.13953173190174,2.0173736795482757e-05
221,416,contact,0.002165189826575215,-8.481017342478522e-05,8.481017342478522e-05,0.00021706396065162352,0.00021706396065162352,0.0,0.00021706396065162352,300.874223054723,300.77120468077214,2.236157626966682e-05
221,477,contact,0.0021583874820842973,-9.161251791570298e-05,9.161251791570298e-05,0.00022560107111115776,0.00022560107111115776,0.0,0.00022560107111115776,300.874223054723,300.92881606669425,-1.2316241975894925e-05
222,308,contact,0.001914130255886469,-8.586974411353113e-05,8.586974411353113e-05,0.00020720731661011773,0.00020720731661011773,0.0,0.00020720731661011773,300.6696651218746,300.57128387450007,2.038531427322731e-05
222,331,contact,0.0019466915189109957,-5.330848108900431e-05,5.330848108900431e-05,0.0001632612646787417,0.0001632612646787417,0.0,0.0001632612646787417,300.6696651218746,300.63901586598615,5.003836277805846e-06
222,417,contact,0.0021943393089037073,-5.566069109629295e-05,5.566069109629295e-05,0.0001758482475448851,0.0001758482475448851,0.0,0.0001758482475448851,300.6696651218746,300.7770684930084,-1.888669459429894e-05
222,490,contact,0.0021791107002169484,-7.088929978305188e-05,7.088929978305188e-05,0.000198451365134931,0.000198451365134931,0.0,0.000198451365134931,300.6696651218746,300.7231075728668,-1.0605727355565881e-05
222,498,contact,0.0022462412256256006,-3.758774374399646e-06,3.758774374399646e-06,4.569691440105755e-05,4.569691440105755e-05,0.0,4.569691440105755e-05,300.6696651218746,300.57987193884026,4.103271398917669e-06
223,228,contact,0.0018917121492132462,-0.00010828785078675386,0.00010828785078675386,0.00023268847284164493,0.00023268847284164493,0.0,0.00023268847284164493,300.92979524090026,300.9464247675064,-3.86949915006512e-06
223,313,contact,0.001935666123327058,-6.433387667294211e-05,6.433387667294211e-05,0.00017935143806635913,0.00017935143806635913,0.0,0.00017935143806635913,300.92979524090026,300.8449243811471,1.5221710746656213e-05
223,366,contact,0.001891399734074212,-0.00010860026592578805,0.00010860026592578805,0.00023302388925364287,0.00023302388925364287,0.0,0.00023302388925364287,300.92979524090026,300.8223529710635,2.503661558760611e-05
224,256,contact,0.0019478971959269306,-5.210280407306946e-05,5.210280407306946e-05,0.00016140446721368877,0.00016140446721368877,0.0,0.00016140446721368877,300.68422196172276,300.79436232682616,-1.7777146948236202e-05
224,490,contact,0.0021225943710940155,-0.00012740562890598472,0.00012740562890598472,0.0002660468096928984,0.0002660468096928984,0.0,0.0002660468096928984,300.68422196172276,300.7231075728668,-1.034539278783397e-05
224,494,contact,0.00222306072766805,-2.693927233195009e-05,2.693927233195009e-05,0.00012233667645738516,0.00012233667645738516,0.0,0.00012233667645738516,300.68422196172276,300.6565938063036,3.379936710628805e-06
225,281,contact,0.0019296041133092566,-7.03958866907434e-05,7.03958866907434e-05,0.00018761114930987365,0.00018761114930987365,0.0,0.00018761114930987365,300.29466030497366,300.36894922508213,-1.3937429682539854e-05
225,297,contact,0.0019092027204307034,-9.079727956929663e-05,9.079727956929663e-05,0.00021306956559923878,0.00021306956559923878,0.0,0.00021306956559923878,300.29466030497366,300.3006118907328,-1.2681017923255132e-06
225,386,contact,0.0019506883842633604,-4.931161573663964e-05,4.931161573663964e-05,0.0001570216796124657,0.0001570216796124657,0.0,0.0001570216796124657,300.29466030497366,300.20831686810106,1.355779148124795e-05
226,292,contact,0.0019163514589771644,-8.364854102283566e-05,8.364854102283566e-05,0.0002045098298650161,0.0002045098298650161,0.0,0.0002045098298650161,300.90436184754736,300.93866972895256,-7.016298989206152e-06
226,317,contact,0.0018714254733295476,-0.00012857452667045248,0.00012857452667045248,0.0002535493311669866,0.0002535493311669866,0.0,0.0002535493311669866,300.90436184754736,300.9430393514583,-9.806655247829019e-06
226,484,contact,0.0021401417391656214,-0.00010985826083437884,0.00010985826083437884,0.0002470472973545966,0.0002470472973545966,0.0,0.0002470472973545966,300.90436184754736,300.8206453782249,2.0681927490177668e-05
226,495,contact,0.0021692116163668776,-8.07883836331227e-05,8.07883836331227e-05,0.00021185475059987407,0.00021185475059987407,0.0,0.00021185475059987407,300.90436184754736,300.928588639845,-5.132561040045361e-06
227,386,contact,0.0018690069908911518,-0.00013099300910884826,0.00013099300910884826,0.0002559228488322684,0.0002559228488322684,0.0,0.0002559228488322684,300.2127326704838,300.20831686810106,1.1301047256633198e-06
227,401,contact,0.002145657357757758,-0.00010434264224224235,0.00010434264224224235,0.00024076572550723146,0.00024076572550723146,0.0,0.00024076572550723146,300.2127326704838,300.28966508534245,-1.852268867847214e-05
228,313,contact,0.0018557638045896359,-0.00014423619541036417,0.00014423619541036417,0.00026854812921556925,0.00026854812921556925,0.0,0.00026854812921556925,300.9464247675064,300.8449243811471,2.725773887144888e-05
228,334,contact,0.0018719380924154519,-0.00012806190758454816,0.00012806190758454816,0.00025304338322168013,0.00025304338322168013,0.0,0.00025304338322168013,300.9464247675064,300.93227257266705,3.581119262166284e-06
228,409,contact,0.0021247625786484947,-0.0001252374213515056,0.0001252374213515056,0.00026377328370265417,0.00026377328370265417,0.0,0.00026377328370265417,300.9464247675064,300.91654832714994,7.880606778173809e-06
229,260,contact,0.0019508043704072433,-4.919562959275676e-05,4.919562959275676e-05,0.00015683690508416182,0.00015683690508416182,0.0,0.00015683690508416182,300.05818359981674,300.0613876425595,-5.025121475327852e-07
229,337,contact,0.001937051055926307,-6.294894407369309e-05,6.294894407369309e-05,0.00017741046202760012,0.00017741046202760012,0.0,0.00017741046202760012,300.05818359981674,300.11519828023415,-1.0115000795208689e-05
230,238,contact,0.0019345383451614502,-6.546165483854987e-05,6.546165483854987e-05,0.00018091663112957564,0.00018091663112957564,0.0,0.00018091663112957564,300.27649626406327,300.233503790574,7.778053467607755e-06
230,316,contact,0.0019030724118908353,-9.692758810916479e-05,9.692758810916479e-05,0.00022014493874396112,0.00022014493874396112,0.0,0.00022014493874396112,300.27649626406327,300.2107033892508,1.4483968395381015e-05
230,410,contact,0.002193022106158531,-5.697789384146931e-05,5.697789384146931e-05,0.00017791679366345087,0.00017791679366345087,0.0,0.00017791679366345087,300.27649626406327,300.35004292949407,-1.3085186898085969e-05
231,249,contact,0.0018809590144657582,-0.00011904098553424183,0.00011904098553424183,0.00024396822081394315,0.00024396822081394315,0.0,0.00024396822081394315,300.0560278133303,300.16113501688193,-2.5642817445226e-05
231,347,contact,0.001906561464757956,-9.343853524204399e-05,9.343853524204399e-05,0.00021614640321093015,0.00021614640321093015,0.0,0.00021614640321093015,300.0560278133303,300.0756173460316,-4.234207033975763e-06
231,387,contact,0.001962711757365304,-3.7288242634696094e-05,3.7288242634696094e-05,0.00013654347775469926,0.00013654347775469926,0.0,0.00013654347775469926,300.0560278133303,300.04817388921356,1.0724021129179577e-06
232,280,contact,0.001950319701638683,-4.968029836131707e-05,4.968029836131707e-05,0.00015760757970560468,0.00015760757970560468,0.0,0.00015760757970560468,300.34823758062953,300.26767731602325,1.2696908325038349e-05
232,284,contact,0.001924389768212251,-7.561023178774898e-05,7.561023178774898e-05,0.00019443537716648814,0.00019443537716648814,0.0,0.00019443537716648814,300.34823758062953,300.3207901615825,5.336749274651518e-06
232,302,contact,0.0019394467783881051,-6.055322161189493e-05,6.055322161189493e-05,0.00017400175518065175,0.00017400175518065175,0.0,0.00017400175518065175,300.34823758062953,300.3155007762659,5.696261418280914e-06
232,460,contact,0.0021017524865930325,-0.00014824751340696777,0.00014824751340696777,0.0002869838491457971,0.0002869838491457971,0.0,0.0002869838491457971,300.34823758062953,300.287305497757,1.7486523679224115e-05
233,322,contact,0.0018165823225796845,-0.00018341767742031554,0.00018341767742031554,0.00030283467223909114,0.00030283467223909114,0.0,0.00030283467223909114,300.42679163645124,300.5534666212011,-3.836157748761406e-05
233,469,contact,0.002099373580909467,-0.00015062641909053317,0.00015062641909053317,0.0002892772786431473,0.0002892772786431473,0.0,0.0002892772786431473,300.42679163645124,300.4631604724358,-1.0520677901028688e-05
233,497,contact,0.0021107220463167176,-0.00013927795368328267,0.00013927795368328267,0.00027816657048458757,0.00027816657048458757,0.0,0.00027816657048458757,300.42679163645124,300.3393388302897,2.4326447169208018e-05
234,358,contact,0.0019217082508801902,-7.829174911980988e-05,7.829174911980988e-05,0.00019785316413922964,0.00019785316413922964,0.0,0.00019785316413922964,300.3353978922185,300.34025845180224,-9.616770931288295e-07
234,440,contact,0.002227482394986341,-2.2517605013659073e-05,2.2517605013659073e-05,0.00011184713033039305,0.00011184713033039305,0.0,0.00011184713033039305,300.3353978922185,300.2611511804564,8.30428164705877e-06
234,449,contact,0.002171722122134643,-7.827787786535709e-05,7.827787786535709e-05,0.00020853707086558587,0.00020853707086558587,0.0,0.00020853707086558587,300.3353978922185,300.43892384016385,-2.1588997943104943e-05
234,458,contact,0.0020997216868618085,-0.0001502783131381918,0.0001502783131381918,0.0002889428174283623,0.0002889428174283623,0.0,0.0002889428174283623,300.3353978922185,300.3348448947172,1.597846560570121e-07
235,253,contact,0.0018679336398544793,-0.00013206636014552074,0.00013206636014552074,0.000256969220088244,0.000256969220088244,0.0,0.000256969220088244,300.1811642550176,300.0696886791602,2.8645791786967034e-05
235,270,contact,0.0018230801630482409,-0.0001769198369517592,0.0001769198369517592,0.00029742212169890723,0.00029742212169890723,0.0,0.00029742212169890723,300.1811642550176,300.25187824253806,-2.103190420211776e-05
235,338,contact,0.0019373866696403173,-6.261333035968274e-05,6.261333035968274e-05,0.0001769368960387894,0.0001769368960387894,0.0,0.0001769368960387894,300.1811642550176,300.20315450904195,-3.890887290169638e-06
235,415,contact,0.0021886609464464796,-6.133905355352066e-05,6.133905355352066e-05,0.00018460024911732417,0.00018460024911732417,0.0,0.00018460024911732417,300.1811642550176,300.1604379280984,3.8260851125719055e-06
235,476,contact,0.002218013956786566,-3.1986043213434474e-05,3.1986043213434474e-05,0.00013330425352352262,0.00013330425352352262,0.0,0.00013330425352352262,300.1811642550176,300.2884537752716,-1.4302149408352492e-05
236,301,contact,0.001918118941554199,-8.188105844580094e-05,8.188105844580094e-05,0.0002023376614051385,0.0002023376614051385,0.0,0.0002023376614051385,300.6456874213166,300.64979122109105,-8.303532492353442e-07
236,416,contact,0.0021840978949005468,-6.590210509945351e-05,6.590210509945351e-05,0.00019134335789571454,0.00019134335789571454,0.0,0.00019134335789571454,300.6456874213166,300.77120468077214,-2.4016893898089638e-05
236,433,contact,0.0021036055900178923,-0.00014639440998210794,0.00014639440998210794,0.0002851845503666665,0.0002851845503666665,0.0,0.0002851845503666665,300.6456874213166,300.6038173845313,1.1940687614459035e-05
236,436,contact,0.0021862376295565403,-6.376237044345996e-05,6.376237044345996e-05,0.00018821142137302808,0.00018821142137302808,0.0,0.00018821142137302808,300.6456874213166,300.5752060669584,1.3265395884054335e-05
237,425,contact,0.0021750259210869204,-7.497407891307985e-05,7.497407891307985e-05,0.0002040888680521849,0.0002040888680521849,0.0,0.0002040888680521849,300.23043127139834,300.157325392998,1.4920095970683345e-05
237,489,contact,0.0021933357432230936,-5.66642567769067e-05,5.66642567769067e-05,0.00017742644293857962,0.00017742644293857962,0.0,0.00017742644293857962,300.23043127139834,300.13953173190174,1.6127981957637395e-05
238,278,contact,0.001919910233344257,-8.0089766655743e-05,8.0089766655743e-05,0.00020011217686055863,0.00020011217686055863,0.0,0.00020011217686055863,300.233503790574,300.1499617694694,1.671777570256483e-05
238,296,contact,0.0019522326323724846,-4.7767367627515444e-05,4.7767367627515444e-05,0.00015454346901036525,0.00015454346901036525,0.0,0.00015454346901036525,300.233503790574,300.1779978985571,8.578073102801461e-06
239,301,contact,0.0018802177057458,-0.00011978229425420013,0.00011978229425420013,0.000244726678413082,0.000244726678413082,0.0,0.000244726678413082,300.5536861407845,300.64979122109105,-2.3519477082039367e-05
239,351,contact,0.0018977635851970599,-0.00010223641480294017,0.00010223641480294017,0.00022609335992343979,0.00022609335992343979,0.0,0.00022609335992343979,300.5536861407845,300.48320037069595,1.5936364586115165e-05
239,369,contact,0.001923942503714703,-7.605749628529696e-05,7.605749628529696e-05,0.00019500961038535636,0.00019500961038535636,0.0,0.00019500961038535636,300.5536861407845,300.613771448787,-1.1717212503451466e-05
240,266,contact,0.0018626734687657424,-0.00013732653123425765,0.00013732653123425765,0.00026203676386554774,0.00026203676386554774,0.0,0.00026203676386554774,300.8785438126922,300.8435496080181,9.169768146847716e-06
240,344,contact,0.0019599694015468706,-4.003059845312943e-05,4.003059845312943e-05,0.00014147543683115,0.00014147543683115,0.0,0.00014147543683115,300.8785438126922,300.76707507611536,1.5770088200226694e-05
241,284,contact,0.001962607912956635,-3.7392087043364945e-05,3.7392087043364945e-05,0.00013673347622905838,0.00013673347622905838,0.0,0.00013673347622905838,300.2147505642258,300.3207901615825,-1.4499162764511031e-05
241,333,contact,0.001968173885204252,-3.1826114795747984e-05,3.1826114795747984e-05,0.00012614696745413262,0.00012614696745413262,0.0,0.00012614696745413262,300.2147505642258,300.1697672514723,5.674508489896819e-06
241,378,contact,0.001999953971970355,-4.602802964508504e-08,4.602802964508504e-08,4.797292447052037e-06,4.797292447052037e-06,0.0,4.797292447052037e-06,300.2147505642258,300.19880036814783,7.651775517396377e-08
241,442,contact,0.002219046671433477,-3.095332856652318e-05,3.095332856652318e-05,0.00013113463939046934,0.00013113463939046934,0.0,0.00013113463939046934,300.2147505642258,300.2444553693627,-3.895328909788048e-06
241,460,contact,0.0022318516086200723,-1.814839137992798e-05,1.814839137992798e-05,0.00010041135222431548,0.00010041135222431548,0.0,0.00010041135222431548,300.2147505642258,300.287305497757,-7.285338986412509e-06
241,496,contact,0.002212523032648474,-3.74769673515264e-05,3.74769673515264e-05,0.00014429323413630546,0.00014429323413630546,0.0,0.00014429323413630546,300.2147505642258,300.07663733573673,1.9928804415697257e-05
242,284,contact,0.001914558019491705,-8.544198050829512e-05,8.544198050829512e-05,0.00020669056643724107,0.00020669056643724107,0.0,0.00020669056643724107,300.33254777172607,300.3207901615825,2.43018710051808e-06
242,343,contact,0.0019073221175249864,-9.267788247501363e-05,9.267788247501363e-05,0.00021526481653420936,0.00021526481653420936,0.0,0.00021526481653420936,300.33254777172607,300.3416859171435,-1.967121196741638e-06
242,352,contact,0.0019260463779462843,-7.39536220537157e-05,7.39536220537157e-05,0.00019229355430398038,0.00019229355430398038,0.0,0.00019229355430398038,300.33254777172607,300.436285147997,-1.994802879730886e-05
242,410,contact,0.0022364765083720418,-1.352349162795849e-05,1.352349162795849e-05,8.667785705946695e-05,8.667785705946695e-05,0.0,8.667785705946695e-05,300.33254777172607,300.35004292949407,-1.5164427842472027e-06
243,367,contact,0.0019427349078762653,-5.7265092123734776e-05,5.7265092123734776e-05,0.00016921154234232188,0.00016921154234232188,0.0,0.00016921154234232188,300.9351232828276,300.93948408637084,-7.378982934051707e-07
243,468,contact,0.0022047237729606564,-4.527622703934383e-05,4.527622703934383e-05,0.0001585984220170621,0.0001585984220170621,0.0,0.0001585984220170621,300.9351232828276,300.87509625897536,9.520191261343984e-06
244,255,contact,0.0019521031069080345,-4.789689309196558e-05,4.789689309196558e-05,0.00015475285634191955,0.00015475285634191955,0.0,0.00015475285634191955,300.17274308912715,300.1589838039179,2.1292886873518603e-06
244,278,contact,0.0019108414449137317,-8.915855508626839e-05,8.915855508626839e-05,0.00021113805328063008,0.00021113805328063008,0.0,0.00021113805328063008,300.17274308912715,300.1499617694694,4.810003483695691e-06
244,361,contact,0.0019776983358439676,-2.2301664156032432e-05,2.2301664156032432e-05,0.0001055975003398102,0.0001055975003398102,0.0,0.0001055975003398102,300.17274308912715,300.08343642479116,9.430560517567336e-06
244,425,contact,0.0021842824418330156,-6.571755816698471e-05,6.571755816698471e-05,0.0001910752588306862,0.0001910752588306862,0.0,0.0001910752588306862,300.17274308912715,300.157325392998,2.9459402784471727e-06
245,299,contact,0.0018630651338587168,-0.00013693486614128328,0.00013693486614128328,0.0002616628232490081,0.0002616628232490081,0.0,0.0002616628232490081,300.41470605517964,300.5313973482695,-3.0533773198465886e-05
245,410,contact,0.00213666625997136,-0.00011333374002864011,0.00011333374002864011,0.0002509246677885617,0.0002509246677885617,0.0,0.0002509246677885617,300.41470605517964,300.35004292949407,1.6225573330821632e-05
245,427,contact,0.0021126956129314985,-0.0001373043870685018,0.0001373043870685018,0.0002761887308310326,0.0002761887308310326,0.0,0.0002761887308310326,300.41470605517964,300.3872486123669,7.583436282322048e-06
246,304,contact,0.0019512978780855568,-4.8702121914443244e-05,4.8702121914443244e-05,0.00015604826483246015,0.00015604826483246015,0.0,0.00015604826483246015,300.6903033449073,300.66422919313123,4.068826141634258e-06
246,368,contact,0.001929031411926721,-7.096858807327912e-05,7.096858807327912e-05,0.00018837275290402156,0.00018837275290402156,0.0,0.00018837275290402156,300.6903033449073,300.6616258825241,5.402052535424951e-06
246,396,contact,0.001944610571914079,-5.538942808592097e-05,5.538942808592097e-05,0.00016641728889439487,0.00016641728889439487,0.0,0.00016641728889439487,300.6903033449073,300.58704579533276,1.7183841458075264e-05
246,416,contact,0.0021718280970706434,-7.817190292935686e-05,7.817190292935686e-05,0.0002083958611891172,0.0002083958611891172,0.0,0.0002083958611891172,300.6903033449073,300.77120468077214,-1.6859503558902756e-05
247,292,contact,0.0018810399612184463,-0.00011896003878155369,0.00011896003878155369,0.00024388525865819943,0.00024388525865819943,0.0,0.00024388525865819943,300.9374629265419,300.93866972895256,-2.9432131807065125e-07
247,411,contact,0.002190849526690731,-5.915047330926938e-05,5.915047330926938e-05,0.00018127706435372683,0.00018127706435372683,0.0,0.00018127706435372683,300.9374629265419,300.81398921375296,2.238295217923612e-05
247,459,contact,0.002094658839510864,-0.00015534116048913612,0.00015534116048913612,0.0002937697137490295,0.0002937697137490295,0.0,0.0002937697137490295,300.9374629265419,300.8823564320562,1.6188619110776248e-05
248,295,contact,0.0019467095248329553,-5.329047516704471e-05,5.329047516704471e-05,0.00016323369009956968,0.00016323369009956968,0.0,0.00016323369009956968,300.31381549804496,300.35748280355057,-7.127975414385584e-06
248,432,contact,0.0022030147985204283,-4.6985201479572e-05,4.6985201479572e-05,0.00016156388739713257,0.00016156388739713257,0.0,0.00016156388739713257,300.31381549804496,300.22283714664064,1.4698816121863827e-05
249,316,contact,0.0019015544317478787,-9.844556825212131e-05,9.844556825212131e-05,0.0002218620835700879,0.0002218620835700879,0.0,0.0002218620835700879,300.16113501688193,300.2107033892508,-1.0997342372934834e-05
249,387,contact,0.0018431224521447281,-0.00015687754785527193,0.00015687754785527193,0.00028006923059778623,0.00028006923059778623,0.0,0.00028006923059778623,300.16113501688193,300.04817388921356,3.1636936113538804e-05
249,402,contact,0.0021181656264192884,-0.00013183437358071188,0.00013183437358071188,0.0002706313334703708,0.0002706313334703708,0.0,0.0002706313334703708,300.16113501688193,300.1804403680703,-5.2246329352286486e-06
249,406,contact,0.002060990743817158,-0.00018900925618284227,0.00018900925618284227,0.00032404496960113615,0.00032404496960113615,0.0,0.00032404496960113615,300.16113501688193,300.2878389688092,-4.105777825061096e-05
250,277,contact,0.0019823354146140232,-1.7664585385976806e-05,1.7664585385976806e-05,9.398027821297617e-05,9.398027821297617e-05,0.0,9.398027821297617e-05,300.7472870945967,300.6914457065087,5.247989188306174e-06
250,411,contact,0.0022378844515295025,-1.2115548470497794e-05,1.2115548470497794e-05,8.204182019791896e-05,8.204182019791896e-05,0.0,8.204182019791896e-05,300.7472870945967,300.81398921375296,-5.472363266639307e-06
250,463,contact,0.002192947122595527,-5.705287740447344e-05,5.705287740447344e-05,0.00017803382544473185,0.00017803382544473185,0.0,0.00017803382544473185,300.7472870945967,300.60414676972835,2.548381961171242e-05
250,478,contact,0.0021839684873576327,-6.603151264236761e-05,6.603151264236761e-05,0.000191531129820205,0.000191531129820205,0.0,0.000191531129820205,300.7472870945967,300.7014374585831,8.78163258752989e-06
250,484,contact,0.0022142800644001648,-3.571993559983548e-05,3.571993559983548e-05,0.0001408701837387006,0.0001408701837387006,0.0,0.0001408701837387006,300.7472870945967,300.8206453782249,-1.0333994893465606e-05
251,354,contact,0.0018507764731863217,-0.00014922352681367838,0.00014922352681367838,0.0002731515392723226,0.0002731515392723226,0.0,0.0002731515392723226,300.78773659542304,300.6501622675283,3.757863942880725e-05
251,412,contact,0.002102377732021532,-0.00014762226797846844,0.00014762226797846844,0.00028637802132696765,0.00028637802132696765,0.0,0.00028637802132696765,300.78773659542304,300.93131757716424,-4.111843745122691e-05
251,423,contact,0.0021805408018425163,-6.945919815748392e-05,6.945919815748392e-05,0.00019643941412258488,0.00019643941412258488,0.0,0.00019643941412258488,300.78773659542304,300.806710820027,-3.727285564627773e-06
252,349,contact,0.0019633262913660477,-3.6673708633952386e-05,3.6673708633952386e-05,0.00013541364154684045,0.00013541364154684045,0.0,0.00013541364154684045,300.59223592433364,300.6556067051987,-8.581268204604203e-06
252,444,contact,0.002126267978540137,-0.00012373202145986306,0.00012373202145986306,0.0002621831648335685,0.0002621831648335685,0.0,0.0002621831648335685,300.59223592433364,300.5311934370252,1.600431251184005e-05
252,450,contact,0.0021525534723289513,-9.744652767104895e-05,9.744652767104895e-05,0.00023267350475988756,0.00023267350475988756,0.0,0.00023267350475988756,300.59223592433364,300.68403195940823,-2.135850520386743e-05
252,465,contact,0.0021641740010088935,-8.582599899110673e-05,8.582599899110673e-05,0.00021836004797264277,0.00021836004797264277,0.0,0.00021836004797264277,300.59223592433364,300.589625354565,5.700441399181112e-07
254,319,contact,0.0019209242511614045,-7.907574883859558e-05,7.907574883859558e-05,0.00019884132975641104,0.00019884132975641104,0.0,0.00019884132975641104,300.6174193642589,300.68679509509184,-1.3794762571640025e-05
254,354,contact,0.0019152174891118763,-8.478251088812373e-05,8.478251088812373e-05,0.0002058913680659339,0.0002058913680659339,0.0,0.0002058913680659339,300.6174193642589,300.6501622675283,-6.741481148580264e-06
254,384,contact,0.001925972005949204,-7.402799405079605e-05,7.402799405079605e-05,0.00019239022071144372,0.00019239022071144372,0.0,0.00019239022071144372,300.6174193642589,300.69959754264727,-1.58102778777984e-05
254,488,contact,0.0022203540179214667,-2.964598207853353e-05,2.964598207853353e-05,0.00012833545902684004,0.00012833545902684004,0.0,0.00012833545902684004,300.6174193642589,300.57459053478715,5.49645748984226e-06
255,262,contact,0.0018376708200600013,-0.00016232917993999878,0.00016232917993999878,0.00028489399777811993,0.00028489399777811993,0.0,0.00028489399777811993,300.1589838039179,300.07813917731914,2.303214887060447e-05
255,276,contact,0.0019482047800177468,-5.179521998225321e-05,5.179521998225321e-05,0.0001609273438267301,0.0001609273438267301,0.0,0.0001609273438267301,300.1589838039179,300.13053187926005,4.578692661949667e-06
255,425,contact,0.0021648155805287436,-8.518441947125664e-05,8.518441947125664e-05,0.00021754235790767614,0.00021754235790767614,0.0,0.00021754235790767614,300.1589838039179,300.157325392998,3.6077462189523193e-07
256,345,contact,0.001973512939734625,-2.6487060265375107e-05,2.6487060265375107e-05,0.00011508053759297249,0.00011508053759297249,0.0,0.00011508053759297249,300.79436232682616,300.77764975817166,1.9232913853190645e-06
256,380,contact,0.0019835663712616225,-1.6433628738377493e-05,1.6433628738377493e-05,9.064664565878181e-05,9.064664565878181e-05,0.0,9.064664565878181e-05,300.79436232682616,300.9083245941768,-1.0330297267005163e-05
256,417,contact,0.002207728608978015,-4.2271391021985166e-05,4.2271391021985166e-05,0.0001532452482895476,0.0001532452482895476,0.0,0.0001532452482895476,300.79436232682616,300.7770684930084,2.650197857278655e-06
256,443,contact,0.002192538731174435,-5.746126882556508e-05,5.746126882556508e-05,0.0001786698830953721,0.0001786698830953721,0.0,0.0001786698830953721,300.79436232682616,300.91926832514105,-2.231694011683157e-05
257,290,contact,0.0018768465395399218,-0.00012315346046007825,0.00012315346046007825,0.00024814659020433693,0.00024814659020433693,0.0,0.00024814659020433693,300.7692415251605,300.8686210511977,-2.466069052224998e-05
257,356,contact,0.0019621481866866487,-3.785181331335133e-05,3.785181331335133e-05,0.00013757146018224733,0.00013757146018224733,0.0,0.00013757146018224733,300.7692415251605,300.6597052478955,1.5069065606276565e-05
257,382,contact,0.0019389273278026696,-6.107267219733047e-05,6.107267219733047e-05,0.0001747464909480738,0.0001747464909480738,0.0,0.0001747464909480738,300.7692415251605,300.8486163093187,-1.3870465001402053e-05
257,403,contact,0.0021393569603037265,-0.00011064303969627372,0.00011064303969627372,0.00024792812544529664,0.00024792812544529664,0.0,0.00024792812544529664,300.7692415251605,300.7297284472913,9.79640332669236e-06
257,451,contact,0.0021864984306648834,-6.350156933511691e-05,6.350156933511691e-05,0.00018782611541162347,0.00018782611541162347,0.0,0.00018782611541162347,300.7692415251605,300.7766610206478,-1.3935750156905699e-06
258,404,contact,0.002060263237205625,-0.00018973676279437522,0.00018973676279437522,0.00032466800375697906,0.00032466800375697906,0.0,0.00032466800375697906,300.93815942565686,300.8668054186559,2.316636301307334e-05
258,453,contact,0.002156514175256216,-9.348582474378447e-05,9.348582474378447e-05,0.0002278959615747995,0.0002278959615747995,0.0,0.0002278959615747995,300.93815942565686,300.9381801425484,-4.721295915322105e-09
259,391,contact,0.0019008668144033657,-9.913318559663436e-05,9.913318559663436e-05,0.00022263556049813152,0.00022263556049813152,0.0,0.00022263556049813152,300.4749224930808,300.49917666561487,-5.399841296544553e-06
261,312,contact,0.0019259515870862383,-7.404841291376173e-05,7.404841291376173e-05,0.00019241675201728373,0.00019241675201728373,0.0,0.00019241675201728373,300.3084624078583,300.40868021729864,-1.928358538679411e-05
261,323,contact,0.0019406555052352795,-5.934449476472053e-05,5.934449476472053e-05,0.0001722563420671653,0.0001722563420671653,0.0,0.0001722563420671653,300.3084624078583,300.22297363849236,1.4725982698802442e-05
261,370,contact,0.0019307191622812473,-6.928083771875278e-05,6.928083771875278e-05,0.00018611936723344078,0.00018611936723344078,0.0,0.00018611936723344078,300.3084624078583,300.31305902688285,-8.555198242604782e-07
261,407,contact,0.002191047669793917,-5.89523302060831e-05,5.89523302060831e-05,0.00018097318740336937,0.00018097318740336937,0.0,0.00018097318740336937,300.3084624078583,300.32720767364515,-3.3923904981665766e-06
262,361,contact,0.0018648936760308878,-0.00013510632396911224,0.00013510632396911224,0.00025990991128573015,0.00025990991128573015,0.0,0.00025990991128573015,300.07813917731914,300.08343642479116,-1.3768071205099736e-06
262,376,contact,0.0018626597294191985,-0.0001373402705808016,0.0001373402705808016,0.00026204987176184764,0.00026204987176184764,0.0,0.00026204987176184764,300.07813917731914,300.0628264570395,4.012696385611727e-06
262,425,contact,0.002170654614442379,-7.934538555762118e-05,7.934538555762118e-05,0.00020995420870807517,0.00020995420870807517,0.0,0.00020995420870807517,300.07813917731914,300.157325392998,-1.6625479253444934e-05
263,469,contact,0.0022341030676761536,-1.589693232384665e-05,1.589693232384665e-05,9.39767474900238e-05,9.39767474900238e-05,0.0,9.39767474900238e-05,300.5756947631241,300.4631604724358,1.0575606619983495e-05
263,498,contact,0.002203633798116192,-4.6366201883808224e-05,4.6366201883808224e-05,0.0001604961091321535,0.0001604961091321535,0.0,0.0001604961091321535,300.5756947631241,300.57987193884026,-6.704204496058785e-07
264,272,contact,0.0018404126412573892,-0.0001595873587426108,0.0001595873587426108,0.00028247775022345633,0.00028247775022345633,0.0,0.00028247775022345633,300.35109488020044,300.4283658346623,-2.1827325374011174e-05
264,293,contact,0.001922582562596468,-7.7417437403532e-05,7.7417437403532e-05,0.00019674531430701467,0.00019674531430701467,0.0,0.00019674531430701467,300.35109488020044,300.30906553339094,8.269077048153534e-06
264,343,contact,0.0019428963997084358,-5.710360029156426e-05,5.710360029156426e-05,0.0001689727793041889,0.0001689727793041889,0.0,0.0001689727793041889,300.35109488020044,300.3416859171435,1.589858638104225e-06
264,352,contact,0.0019331402044342261,-6.685979556577391e-05,6.685979556577391e-05,0.00018283844722291576,0.00018283844722291576,0.0,0.00018283844722291576,300.35109488020044,300.436285147997,-1.5576056282430466e-05
264,424,contact,0.002120348409951384,-0.00012965159004861646,0.00012965159004861646,0.0002683815588637197,0.0002683815588637197,0.0,0.0002683815588637197,300.35109488020044,300.2774931855127,1.975333755530681e-05
264,442,contact,0.0021496047450636135,-0.00010039525493638676,0.00010039525493638676,0.00023616761342598602,0.00023616761342598602,0.0,0.00023616761342598602,300.35109488020044,300.2444553693627,2.518479877146311e-05
265,406,contact,0.0021882524436580403,-6.174755634195993e-05,6.174755634195993e-05,0.00018521392487541404,0.00018521392487541404,0.0,0.00018521392487541404,300.4262995773406,300.2878389688092,2.5644832746744707e-05
266,366,contact,0.0018915689812781245,-0.00010843101872187559,0.00010843101872187559,0.0002328422413586886,0.0002328422413586886,0.0,0.0002328422413586886,300.8435496080181,300.8223529710635,4.935472457785178e-06
266,399,contact,0.001838053998162109,-0.000161946001837891,0.000161946001837891,0.0002845575529114374,0.0002845575529114374,0.0,0.0002845575529114374,300.8435496080181,300.9284268346173,-2.4152455898974993e-05
266,434,contact,0.002067761822708794,-0.0001822381772912064,0.0001822381772912064,0.00031818773048068337,0.00031818773048068337,0.0,0.00031818773048068337,300.8435496080181,300.73340511542267,3.504662612389345e-05
266,500,contact,0.0021359213789647973,-0.00011407862103520296,0.00011407862103520296,0.00025174791297292586,0.00025174791297292586,0.0,0.00025174791297292586,300.8435496080181,300.8700041452466,-6.65987453592941e-06
267,412,contact,0.0021076082244973803,-0.00014239177550261998,0.00014239177550261998,0.00028125885220895715,0.00028125885220895715,0.0,0.00028125885220895715,300.9509060512444,300.93131757716424,5.50943173630439e-06
267,459,contact,0.0020843494397219005,-0.00016565056027809978,0.00016565056027809978,0.0003033613176451289,0.0003033613176451289,0.0,0.0003033613176451289,300.9509060512444,300.8823564320562,2.079530280099238e-05
267,477,contact,0.0021704902855596933,-7.9509714440307e-05,7.9509714440307e-05,0.00021017150991023577,0.00021017150991023577,0.0,0.00021017150991023577,300.9509060512444,300.92881606669425,4.642685406792666e-06
267,491,contact,0.002145505171559603,-0.00010449482844039713,0.00010449482844039713,0.00024094124276862044,0.00024094124276862044,0.0,0.00024094124276862044,300.9509060512444,300.93277761404863,4.367888187394903e-06
268,293,contact,0.0019293934605716214,-7.060653942837867e-05,7.060653942837867e-05,0.00018789164354539382,0.00018789164354539382,0.0,0.00018789164354539382,300.23479653422004,300.30906553339094,-1.3954524318691353e-05
268,321,contact,0.001899662255514122,-0.00010033774448587815,0.00010033774448587815,0.00022398408926291858,0.00022398408926291858,0.0,0.00022398408926291858,300.23479653422004,300.13058486329413,2.3341756202906075e-05
268,323,contact,0.001972345723467618,-2.765427653238185e-05,2.765427653238185e-05,0.00011758885264424908,0.00011758885264424908,0.0,0.00011758885264424908,300.23479653422004,300.22297363849236,1.3902407435499666e-06
269,317,contact,0.0019326876645751148,-6.731233542488528e-05,6.731233542488528e-05,0.0001834561738193693,0.0001834561738193693,0.0,0.0001834561738193693,300.94016319415607,300.9430393514583,-5.276488139714677e-07
269,382,contact,0.001937334685820233,-6.2665314179767e-05,6.2665314179767e-05,0.0001770103304609183,0.0001770103304609183,0.0,0.0001770103304609183,300.94016319415607,300.8486163093187,1.6204744337733118e-05
269,459,contact,0.0021624251530376723,-8.757484696232795e-05,8.757484696232795e-05,0.0002205735540740296,0.0002205735540740296,0.0,0.0002205735540740296,300.94016319415607,300.8823564320562,1.2750642965877624e-05
270,295,contact,0.0018568855487078352,-0.00014311445129216484,0.00014311445129216484,0.0002675018236313211,0.0002675018236313211,0.0,0.0002675018236313211,300.25187824253806,300.35748280355057,-2.82494126546322e-05
270,330,contact,0.0019172883032554076,-8.271169674459243e-05,8.271169674459243e-05,0.00020336137384541886,0.00020336137384541886,0.0,0.00020336137384541886,300.25187824253806,300.2811188907717,-5.946418396929211e-06
270,432,contact,0.0021714238159579744,-7.857618404202588e-05,7.857618404202588e-05,0.00020893404600232885,0.00020893404600232885,0.0,0.00020893404600232885,300.25187824253806,300.22283714664064,6.067673666187944e-06
270,476,contact,0.002154741382486539,-9.525861751346135e-05,9.525861751346135e-05,0.00023004663478117906,0.00023004663478117906,0.0,0.00023004663478117906,300.25187824253806,300.2884537752716,-8.414078220678913e-06
271,287,contact,0.0019305089675264397,-6.949103247356038e-05,6.949103247356038e-05,0.00018640149204547743,0.00018640149204547743,0.0,0.00018640149204547743,300.553976946879,300.4915502510843,1.1636429239606251e-05
271,391,contact,0.0019088189205107963,-9.11810794892037e-05,9.11810794892037e-05,0.00021351941303919382,0.00021351941303919382,0.0,0.00021351941303919382,300.553976946879,300.49917666561487,1.170092388990099e-05
271,400,contact,0.0019938439162833182,-6.156083716681807e-06,6.156083716681807e-06,5.5480103265413125e-05,5.5480103265413125e-05,0.0,5.5480103265413125e-05,300.553976946879,300.54266063653597,6.27830066414979e-07
271,494,contact,0.002185182316718676,-6.481768328132432e-05,6.481768328132432e-05,0.00018976254647632703,0.00018976254647632703,0.0,0.00018976254647632703,300.553976946879,300.6565938063036,-1.9472836555812716e-05
272,407,contact,0.002088527173416712,-0.0001614728265832881,0.0001614728265832881,0.0002995114787109244,0.0002995114787109244,0.0,0.0002995114787109244,300.4283658346623,300.32720767364515,3.0298030389929614e-05
272,448,contact,0.0020191053242463604,-0.00023089467575363983,0.00023089467575363983,0.00035815474290191,0.00035815474290191,0.0,0.00035815474290191,300.4283658346623,300.53260039790246,-3.7332103198765466e-05
272,456,contact,0.002132646985439825,-0.00011735301456017528,0.00011735301456017528,0.00025533530739029684,0.00025533530739029684,0.0,0.00025533530739029684,300.4283658346623,300.42297054422835,1.3776081414168136e-06
273,451,contact,0.0021833831450526497,-6.661685494735057e-05,6.661685494735057e-05,0.0001923781792710369,0.0001923781792710369,0.0,0.0001923781792710369,300.69596641298205,300.7766610206478,-1.5523881699727298e-05
273,474,contact,0.0021400261819192776,-0.00010997381808072271,0.00010997381808072271,0.000247177194741751,0.000247177194741751,0.0,0.000247177194741751,300.69596641298205,300.75531713687576,-1.4670145437940683e-05
273,498,contact,0.002137205346825616,-0.0001127946531743842,0.0001127946531743842,0.0002503271783246702,0.0002503271783246702,0.0,0.0002503271783246702,300.69596641298205,300.57987193884026,2.9061602131000505e-05
275,294,contact,0.0019398085353199172,-6.0191464680082844e-05,6.0191464680082844e-05,0.00017348121610145988,0.00017348121610145988,0.0,0.00017348121610145988,300.74598209684035,300.73080359022885,2.6331857855679932e-06
275,413,contact,0.0021438706192538773,-0.00010612938074612294,0.00010612938074612294,0.00024281838291443137,0.00024281838291443137,0.0,0.00024281838291443137,300.74598209684035,300.69546825959657,1.2265688274338434e-05
275,423,contact,0.0022231744958504714,-2.6825504149528834e-05,2.6825504149528834e-05,0.00012207808100084695,0.00012207808100084695,0.0,0.00012207808100084695,300.74598209684035,300.806710820027,-7.413645988255189e-06
275,480,contact,0.0022345161692411174,-1.5483830758882856e-05,1.5483830758882856e-05,9.27476587272119e-05,9.27476587272119e-05,0.0,9.27476587272119e-05,300.74598209684035,300.74282466325667,2.928445724730657e-07
276,321,contact,0.001986350958742185,-1.3649041257815e-05,1.3649041257815e-05,8.26106568725095e-05,8.26106568725095e-05,0.0,8.26106568725095e-05,300.13053187926005,300.13058486329413,-4.377045859484418e-09
276,323,contact,0.0019394028822253516,-6.059711777464845e-05,6.059711777464845e-05,0.00017406481231806796,0.00017406481231806796,0.0,0.00017406481231806796,300.13053187926005,300.22297363849236,-1.6090857471124978e-05
277,344,contact,0.0019466900365584655,-5.330996344153453e-05,5.330996344153453e-05,0.0001632635345714629,0.0001632635345714629,0.0,0.0001632635345714629,300.6914457065087,300.76707507611536,-1.2347518199392434e-05
277,428,contact,0.0021865767341431217,-6.342326585687856e-05,6.342326585687856e-05,0.00018771027595277217,0.00018771027595277217,0.0,0.00018771027595277217,300.6914457065087,300.6658324642665,4.807868769334141e-06
277,463,contact,0.0021703697574979234,-7.963024250207682e-05,7.963024250207682e-05,0.00021033074813793845,0.00021033074813793845,0.0,0.00021033074813793845,300.6914457065087,300.60414676972835,1.8361650684662055e-05
277,478,contact,0.002198550935208118,-5.1449064791882215e-05,5.1449064791882215e-05,0.00016906452547257777,0.00016906452547257777,0.0,0.00016906452547257777,300.6914457065087,300.7014374585831,-1.689250823093042e-06
278,320,contact,0.0019055659762915586,-9.443402370844147e-05,9.443402370844147e-05,0.00021729475799986693,0.00021729475799986693,0.0,0.00021729475799986693,300.1499617694694,300.1292220904302,4.506623537829224e-06
278,329,contact,0.0019171872699608667,-8.281273003913335e-05,8.281273003913335e-05,0.00020348554007488265,0.00020348554007488265,0.0,0.00020348554007488265,300.1499617694694,300.13798927369226,2.436229769262157e-06
279,357,contact,0.0019674940280722574,-3.250597192774266e-05,3.250597192774266e-05,0.0001274871992157304,0.0001274871992157304,0.0,0.0001274871992157304,300.5582887995175,300.5101161613039,6.141394724684569e-06
279,405,contact,0.0022066915472036402,-4.330845279636002e-05,4.330845279636002e-05,0.0001551136730063902,0.0001551136730063902,0.0,0.0001551136730063902,300.5582887995175,300.4470121928732,1.7260523176286216e-05
279,422,contact,0.002215625989489201,-3.437401051079947e-05,3.437401051079947e-05,0.00013819071063569976,0.00013819071063569976,0.0,0.00013819071063569976,300.5582887995175,300.6851654287785,-1.7533171560632684e-05
279,433,contact,0.002234155357758273,-1.584464224172735e-05,1.584464224172735e-05,9.382206042920748e-05,9.382206042920748e-05,0.0,9.382206042920748e-05,300.5582887995175,300.6038173845313,-4.271585654416895e-06
279,473,contact,0.0021896364949689716,-6.0363505031028625e-05,6.0363505031028625e-05,0.00018312640599540438,0.00018312640599540438,0.0,0.00018312640599540438,300.5582887995175,300.5670104291331,-1.5971606859266216e-06
280,333,contact,0.0018595527357405067,-0.00014044726425949334,0.00014044726425949334,0.00026499741910016153,0.00026499741910016153,0.0,0.00026499741910016153,300.26767731602325,300.1697672514723,2.5945914409930577e-05
280,410,contact,0.002116856474610407,-0.00013314352538959344,0.00013314352538959344,0.00027197173606174744,0.00027197173606174744,0.0,0.00027197173606174744,300.26767731602325,300.35004292949407,-2.2401118887447878e-05
281,297,contact,0.0019320391408561058,-6.79608591438942e-05,6.79608591438942e-05,0.0001843378137332303,0.0001843378137332303,0.0,0.0001843378137332303,300.36894922508213,300.3006118907328,1.2597154810313601e-05
281,315,contact,0.0019743060898705653,-2.5693910129434734e-05,2.5693910129434734e-05,0.00011334440905804471,0.00011334440905804471,0.0,0.00011334440905804471,300.36894922508213,300.3572004131722,1.331662143062949e-06
281,391,contact,0.0019052108496961687,-9.47891503038313e-05,9.47891503038313e-05,0.000217702951638042,0.000217702951638042,0.0,0.000217702951638042,300.36894922508213,300.49917666561487,-2.8350898188244058e-05
281,426,contact,0.0021928283635980267,-5.717163640197361e-05,5.717163640197361e-05,0.0001782190231802393,0.0001782190231802393,0.0,0.0001782190231802393,300.36894922508213,300.4553041575572,-1.539009171249832e-05
281,476,contact,0.0021799927105841436,-7.00072894158567e-05,7.00072894158567e-05,0.00019721292697073595,0.00019721292697073595,0.0,0.00019721292697073595,300.36894922508213,300.2884537752716,1.5874743264962897e-05
282,340,contact,0.0019504299262787558,-4.957007372124425e-05,4.957007372124425e-05,0.00015743264229702215,0.00015743264229702215,0.0,0.00015743264229702215,300.66961004443294,300.69923310413037,-4.663636561088561e-06
282,450,contact,0.0021575629088003956,-9.243709119960463e-05,9.243709119960463e-05,0.00022661407625153363,0.00022661407625153363,0.0,0.00022661407625153363,300.66961004443294,300.68403195940823,-3.2682089399028476e-06
282,454,contact,0.0021579205373076084,-9.20794626923919e-05,9.20794626923919e-05,0.00022617527948767704,0.00022617527948767704,0.0,0.00022617527948767704,300.66961004443294,300.56280207030886,2.415732339902656e-05
283,327,contact,0.001798001612596607,-0.0002019983874033931,0.0002019983874033931,0.00031780370309626124,0.00031780370309626124,0.0,0.00031780370309626124,300.1438325835369,300.04232958415423,3.2258029079186916e-05
283,333,contact,0.0019666115351029533,-3.338846489704672e-05,3.338846489704672e-05,0.00012920616257951228,0.00012920616257951228,0.0,0.00012920616257951228,300.1438325835369,300.1697672514723,-3.3509189217091083e-06
283,460,contact,0.001991329795011364,-0.0002586702049886362,0.0002586702049886362,0.0003790853062809626,0.0003790853062809626,0.0,0.0003790853062809626,300.1438325835369,300.287305497757,-5.438847363015886e-05
284,410,contact,0.0022380336374817965,-1.1966362518203797e-05,1.1966362518203797e-05,8.153514074790015e-05,8.153514074790015e-05,0.0,8.153514074790015e-05,300.3207901615825,300.35004292949407,-2.385128548933376e-06
285,333,contact,0.0018899947957864854,-0.00011000520421351463,0.00011000520421351463,0.000234526335635803,0.000234526335635803,0.0,0.000234526335635803,300.0552933766562,300.1697672514723,-2.6847138386651316e-05
285,496,contact,0.002203054098042079,-4.694590195792117e-05,4.694590195792117e-05,0.00016149630535491994,0.00016149630535491994,0.0,0.00016149630535491994,300.0552933766562,300.07663733573673,-3.4469705331513994e-06
286,305,contact,0.0019702279796257076,-2.977202037429249e-05,2.977202037429249e-05,0.00012200823819376398,0.00012200823819376398,0.0,0.00012200823819376398,300.8429069023417,300.8336729773207,1.126614923428161e-06
286,314,contact,0.001931021144301027,-6.897885569897297e-05,6.897885569897297e-05,0.00018571329475696265,0.00018571329475696265,0.0,0.00018571329475696265,300.8429069023417,300.8155121844907,5.087563311056343e-06
286,350,contact,0.0018529155822648803,-0.00014708441773511973,0.00014708441773511973,0.0002711866679384513,0.0002711866679384513,0.0,0.0002711866679384513,300.8429069023417,300.73216976399414,3.0030435565521668e-05
286,453,contact,0.002104816427624985,-0.00014518357237501512,0.00014518357237501512,0.00028400271162145924,0.00028400271162145924,0.0,0.00028400271162145924,300.8429069023417,300.9381801425484,-2.7057858563655733e-05
287,353,contact,0.0019242536446633016,-7.574635533669845e-05,7.574635533669845e-05,0.00019461032261508952,0.00019461032261508952,0.0,0.00019461032261508952,300.4915502510843,300.3717011662808,2.332386905873056e-05
287,498,contact,0.002203162770791119,-4.6837229208881136e-05,4.6837229208881136e-05,0.00016130927714741905,0.00016130927714741905,0.0,0.00016130927714741905,300.4915502510843,300.57987193884026,-1.4247107608357013e-05
288,332,contact,0.001918726559075055,-8.127344092494497e-05,8.127344092494497e-05,0.00020158551649975372,0.00020158551649975372,0.0,0.00020158551649975372,300.14849437772915,300.0615240066887,1.753196716635877e-05
288,415,contact,0.0021851622279592878,-6.483777204071249e-05,6.483777204071249e-05,0.00018979195048015733,0.00018979195048015733,0.0,0.00018979195048015733,300.14849437772915,300.1604379280984,-2.2667897202412037e-06
288,418,contact,0.0022092886400377843,-4.071135996221598e-05,4.071135996221598e-05,0.00015039089799994912,0.00015039089799994912,0.0,0.00015039089799994912,300.14849437772915,300.0779712708857,1.0606033367931095e-05
290,359,contact,0.0019376928853327164,-6.230711466728364e-05,6.230711466728364e-05,0.00017650370345588168,0.00017650370345588168,0.0,0.00017650370345588168,300.8686210511977,300.926103951305,-1.0145944754320921e-05
290,382,contact,0.001958388387082683,-4.161161291731715e-05,4.161161291731715e-05,0.00014424217988736365,0.00014424217988736365,0.0,0.00014424217988736365,300.8686210511977,300.8486163093187,2.8855275767119124e-06
292,317,contact,0.0019267471386083311,-7.325286139166893e-05,7.325286139166893e-05,0.00019138032996061656,0.00019138032996061656,0.0,0.00019138032996061656,300.93866972895256,300.9430393514583,-8.362597969535402e-07
293,456,contact,0.0022141410655489684,-3.58589344510319e-05,3.58589344510319e-05,0.00014114400536534763,0.00014114400536534763,0.0,0.00014114400536534763,300.30906553339094,300.42297054422835,-1.6077009460775878e-05
293,458,contact,0.00218402458713113,-6.59754128688704e-05,6.59754128688704e-05,0.00019144975097756708,0.00019144975097756708,0.0,0.00019144975097756708,300.30906553339094,300.3348448947172,-4.9354523062755e-06
294,311,contact,0.0018794126744544424,-0.00012058732554555765,0.00012058732554555765,0.0002455476792249905,0.0002455476792249905,0.0,0.0002455476792249905,300.73080359022885,300.6501720155977,1.9798896022929856e-05
294,365,contact,0.0018770925290459177,-0.00012290747095408238,0.00012290747095408238,0.00024789863952236847,0.00024789863952236847,0.0,0.00024789863952236847,300.73080359022885,300.8023923715386,-1.7746761491749512e-05
294,413,contact,0.002139090587188865,-0.00011090941281113528,0.00011090941281113528,0.0002482263895129418,0.0002482263895129418,0.0,0.0002482263895129418,300.73080359022885,300.69546825959657,8.771161545096617e-06
294,435,contact,0.002151054134697684,-9.894586530231637e-05,9.894586530231637e-05,0.000234456659465995,0.000234456659465995,0.0,0.000234456659465995,300.73080359022885,300.8304869128523,-2.3371418826761467e-05
294,490,contact,0.00218226435403688,-6.773564596312042e-05,6.773564596312042e-05,0.0001939868924024399,0.0001939868924024399,0.0,0.0001939868924024399,300.73080359022885,300.7231075728668,1.4929264919366645e-06
295,358,contact,0.001945303244998064,-5.46967550019361e-05,5.46967550019361e-05,0.00016537344859731277,0.00016537344859731277,0.0,0.00016537344859731277,300.35748280355057,300.34025845180224,2.848450448473702e-06
295,414,contact,0.002222342391374471,-2.7657608625529257e-05,2.7657608625529257e-05,0.0001239570011144753,0.0001239570011144753,0.0,0.0001239570011144753,300.35748280355057,300.4165894953645,-7.326688263054969e-06
297,315,contact,0.001933243332356277,-6.675666764372314e-05,6.675666764372314e-05,0.00018269738318285123,0.00018269738318285123,0.0,0.00018269738318285123,300.3006118907328,300.3572004131722,-1.0338574967867273e-05
297,353,contact,0.001973430748265567,-2.6569251734432937e-05,2.6569251734432937e-05,0.00011525895135396846,0.00011525895135396846,0.0,0.00011525895135396846,300.3006118907328,300.3717011662808,-8.193675352174684e-06
298,326,contact,0.0019327312524249189,-6.726874757508115e-05,6.726874757508115e-05,0.00018339676602257898,0.00018339676602257898,0.0,0.00018339676602257898,300.8958223244877,300.84450057215236,9.41224340491578e-06
298,346,contact,0.001980952118275452,-1.9047881724547876e-05,1.9047881724547876e-05,9.759068020192265e-05,9.759068020192265e-05,0.0,9.759068020192265e-05,300.8958223244877,300.7794522999866,1.1356629846178975e-05
298,453,contact,0.002140659698620966,-0.00010934030137903445,0.00010934030137903445,0.00024646422027799767,0.00024646422027799767,0.0,0.00024646422027799767,300.8958223244877,300.9381801425484,-1.043968660100269e-05
299,364,contact,0.0018631091923448835,-0.00013689080765511659,0.00013689080765511659,0.0002616207251491332,0.0002616207251491332,0.0,0.0002616207251491332,300.5313973482695,300.56581546544606,-9.004492774006105e-06
299,452,contact,0.0022148775054164956,-3.512249458350464e-05,3.512249458350464e-05,0.0001396871396759054,0.0001396871396759054,0.0,0.0001396871396759054,300.5313973482695,300.5546321779675,-3.2456069013740695e-06
299,487,contact,0.0021659683601105537,-8.403163988944659e-05,8.403163988944659e-05,0.00021606537062432259,0.00021606537062432259,0.0,0.00021606537062432259,300.5313973482695,300.6160183750918,-1.828367352297814e-05
300,353,contact,0.0019328208515276316,-6.717914847236841e-05,6.717914847236841e-05,0.00018327458698953384,0.00018327458698953384,0.0,0.00018327458698953384,300.32242098151295,300.3717011662808,-9.03180551009341e-06
300,421,contact,0.0021823630682588084,-6.763693174119184e-05,6.763693174119184e-05,0.00019384548792672742,0.00019384548792672742,0.0,0.00019384548792672742,300.32242098151295,300.23078124573544,1.7763949295266912e-05
300,482,contact,0.002185837308332896,-6.416269166710422e-05,6.416269166710422e-05,0.00018880132365811926,0.00018880132365811926,0.0,0.00018880132365811926,300.32242098151295,300.3664659987829,-8.315757561116905e-06
301,419,contact,0.0021270962958925953,-0.00012290370410740492,0.00012290370410740492,0.0002613041056225963,0.0002613041056225963,0.0,0.0002613041056225963,300.64979122109105,300.66653347125947,-4.374818706368754e-06
301,431,contact,0.0020502366861413833,-0.00019976331385861698,0.00019976331385861698,0.0003331360364931161,0.0003331360364931161,0.0,0.0003331360364931161,300.64979122109105,300.77754219392585,-4.2558452748326224e-05
301,436,contact,0.002084975677891711,-0.00016502432210828942,0.00016502432210828942,0.0003027873493874037,0.0003027873493874037,0.0,0.0003027873493874037,300.64979122109105,300.5752060669584,2.2583441123475683e-05
302,353,contact,0.0019410588007064597,-5.894119929354029e-05,5.894119929354029e-05,0.00017167003130066165,0.00017167003130066165,0.0,0.00017167003130066165,300.3155007762659,300.3717011662808,-9.647922712968641e-06
302,421,contact,0.0022133774247064157,-3.6622575293584515e-05,3.6622575293584515e-05,0.00014263896789833594,0.00014263896789833594,0.0,0.00014263896789833594,300.3155007762659,300.23078124573544,1.208430639569286e-05
303,363,contact,0.0019639111753080893,-3.6088824691910774e-05,3.6088824691910774e-05,0.00013432949172075128,0.00013432949172075128,0.0,0.00013432949172075128,300.7687659641703,300.7183950290688,6.76630210968503e-06
303,394,contact,0.0019446265499061769,-5.537345009382316e-05,5.537345009382316e-05,0.00016639328426024764,0.00016639328426024764,0.0,0.00016639328426024764,300.7687659641703,300.8240236848641,-9.19451362697016e-06
303,431,contact,0.002085777473006169,-0.00016422252699383128,0.00016422252699383128,0.0003020508851481736,0.0003020508851481736,0.0,0.0003020508851481736,300.7687659641703,300.77754219392585,-2.6508679659246094e-06
303,479,contact,0.002144480140453625,-0.00010551985954637515,0.00010551985954637515,0.0002421201028259129,0.0002421201028259129,0.0,0.0002421201028259129,300.7687659641703,300.809323129789,-9.819705109922234e-06
303,492,contact,0.002187775228079887,-6.222477192011338e-05,6.222477192011338e-05,0.0001859282596417132,0.0001859282596417132,0.0,0.0001859282596417132,300.7687659641703,300.72883262810564,7.4247356761932155e-06
304,381,contact,0.0019688735086338073,-3.112649136619277e-05,3.112649136619277e-05,0.00012475273817875255,0.00012475273817875255,0.0,0.00012475273817875255,300.66422919313123,300.6278587225411,4.537315794971858e-06
304,462,contact,0.0021730220706196244,-7.697792938037582e-05,7.697792938037582e-05,0.00020679825028861103,0.00020679825028861103,0.0,0.00020679825028861103,300.66422919313123,300.789635121575,-2.5933726577984255e-05
304,465,contact,0.0021867843115840947,-6.321568841590559e-05,6.321568841590559e-05,0.00018740284655715698,0.00018740284655715698,0.0,0.00018740284655715698,300.66422919313123,300.589625354565,1.3980971711405354e-05
305,346,contact,0.0019548541945884354,-4.5145805411564606e-05,4.5145805411564606e-05,0.00015024281249291862,0.00015024281249291862,0.0,0.00015024281249291862,300.8336729773207,300.7794522999866,8.146267057948475e-06
305,484,contact,0.0022053338182687907,-4.466618173120957e-05,4.466618173120957e-05,0.00015752633242168605,0.00015752633242168605,0.0,0.00015752633242168605,300.8336729773207,300.8206453782249,2.0521899058180514e-06
306,404,contact,0.002169549464456849,-8.04505355431512e-05,8.04505355431512e-05,0.00021141130993496381,0.00021141130993496381,0.0,0.00021141130993496381,300.92448930024705,300.8668054186559,1.2195024969323485e-05
306,451,contact,0.0021355162767174125,-0.00011448372328258776,0.00011448372328258776,0.00025219450527385907,0.00025219450527385907,0.0,0.00025219450527385907,300.92448930024705,300.7766610206478,3.728147983901925e-05
307,364,contact,0.0019588149331930265,-4.118506680697359e-05,4.118506680697359e-05,0.0001435009874651976,0.0001435009874651976,0.0,0.0001435009874651976,300.6297374969574,300.56581546544606,9.172874642654563e-06
307,368,contact,0.0019390398509829554,-6.0960149017044675e-05,6.0960149017044675e-05,0.00017458543612948457,0.00017458543612948457,0.0,0.00017458543612948457,300.6297374969574,300.6616258825241,-5.567247701632876e-06
307,473,contact,0.002160306295135021,-8.969370486497938e-05,8.969370486497938e-05,0.00022322597527191958,0.00022322597527191958,0.0,0.00022322597527191958,300.6297374969574,300.5670104291331,1.4002310891017236e-05
307,475,contact,0.002216673458811649,-3.3326541188351266e-05,3.3326541188351266e-05,0.0001360688983737268,0.0001360688983737268,0.0,0.0001360688983737268,300.6297374969574,300.6317727204079,-2.769306128604514e-07
309,483,contact,0.002232242214232138,-1.7757785767862425e-05,1.7757785767862425e-05,9.932490391488606e-05,9.932490391488606e-05,0.0,9.932490391488606e-05,300.41699187251925,300.4974884556045,-7.995315380421876e-06
310,314,contact,0.0019832310594167304,-1.6768940583269595e-05,1.6768940583269595e-05,9.15667532002462e-05,9.15667532002462e-05,0.0,9.15667532002462e-05,300.7979864082222,300.8155121844907,-1.6047784302191033e-06
310,462,contact,0.002108331078706805,-0.00014166892129319512,0.00014166892129319512,0.00028054403624742637,0.00028054403624742637,0.0,0.00028054403624742637,300.7979864082222,300.789635121575,2.342903663868081e-06
312,360,contact,0.0019630238191117298,-3.697618088827027e-05,3.697618088827027e-05,0.00013597091764099828,0.00013597091764099828,0.0,0.00013597091764099828,300.40868021729864,300.4468642928724,-5.191923795040261e-06
312,405,contact,0.0021557604845158468,-9.42395154841535e-05,9.42395154841535e-05,0.00022881277582356558,0.00022881277582356558,0.0,0.00022881277582356558,300.40868021729864,300.4470121928732,-8.770845734020489e-06
312,439,contact,0.0021681115582054353,-8.188844179456492e-05,8.188844179456492e-05,0.0002132922379618121,0.0002132922379618121,0.0,0.0002132922379618121,300.40868021729864,300.49298152315885,-1.798081419002704e-05
313,366,contact,0.0019030039765328924,-9.699602346710762e-05,9.699602346710762e-05,0.00022022264128275686,0.00022022264128275686,0.0,0.00022022264128275686,300.8449243811471,300.8223529710635,4.970735546092922e-06
313,398,contact,0.0018838191837594182,-0.00011618081624058187,0.00011618081624058187,0.00024101951813139727,0.00024101951813139727,0.0,0.00024101951813139727,300.8449243811471,300.7589380508489,2.072438389436565e-05
313,431,contact,0.0020898467766561264,-0.0001601532233438739,0.0001601532233438739,0.00029828512026049646,0.00029828512026049646,0.0,0.00029828512026049646,300.8449243811471,300.77754219392585,2.0099103818707532e-05
313,500,contact,0.0021093021779254387,-0.0001406978220745616,0.0001406978220745616,0.0002795808589801701,0.0002795808589801701,0.0,0.0002795808589801701,300.8449243811471,300.8700041452466,-7.011821989950784e-06
314,345,contact,0.001958646426850443,-4.1353573149556944e-05,4.1353573149556944e-05,0.0001437942508404925,0.0001437942508404925,0.0,0.0001437942508404925,300.8155121844907,300.77764975817166,5.444399227545251e-06
314,397,contact,0.0018830821126234545,-0.00011691788737654553,0.00011691788737654553,0.00024178284407350487,0.00024178284407350487,0.0,0.00024178284407350487,300.8155121844907,300.79691639082574,4.496143880110551e-06
314,450,contact,0.0022190536072510766,-3.094639274892367e-05,3.094639274892367e-05,0.00013111994667505287,0.00013111994667505287,0.0,0.00013111994667505287,300.8155121844907,300.68403195940823,1.7239680101633666e-05
314,468,contact,0.0021563062899541915,-9.369371004580877e-05,9.369371004580877e-05,0.00022814920805595717,0.00022814920805595717,0.0,0.00022814920805595717,300.8155121844907,300.87509625897536,-1.3594059406429099e-05
315,426,contact,0.0021961422759238522,-5.3857724076148035e-05,5.3857724076148035e-05,0.00017297675514381185,0.00017297675514381185,0.0,0.00017297675514381185,300.3572004131722,300.4553041575572,-1.6969667371167863e-05
315,482,contact,0.002163179878673986,-8.682012132601438e-05,8.682012132601438e-05,0.0002196210389208526,0.0002196210389208526,0.0,0.0002196210389208526,300.3572004131722,300.3664659987829,-2.0349175380333067e-06
316,320,contact,0.001881294274189979,-0.00011870572581002101,0.00011870572581002101,0.000243624430025009,0.000243624430025009,0.0,0.000243624430025009,300.2107033892508,300.1292220904302,1.985083498287097e-05
316,406,contact,0.002234595827526759,-1.5404172473241096e-05,1.5404172473241096e-05,9.250877577962565e-05,9.250877577962565e-05,0.0,9.250877577962565e-05,300.2107033892508,300.2878389688092,-7.1357180339983205e-06
316,432,contact,0.002140246086878795,-0.00010975391312120514,0.00010975391312120514,0.0002469299418427164,0.0002469299418427164,0.0,0.0002469299418427164,300.2107033892508,300.22283714664064,-2.9961880066086077e-06
318,383,contact,0.0019486358817644718,-5.136411823552828e-05,5.136411823552828e-05,0.00016025622957552738,0.00016025622957552738,0.0,0.00016025622957552738,300.8991168596201,300.7902741306011,1.744272536929392e-05
318,459,contact,0.0021465430951415807,-0.00010345690485841956,0.00010345690485841956,0.00023974164897797284,0.00023974164897797284,0.0,0.00023974164897797284,300.8991168596201,300.8823564320562,4.018172541744071e-06
319,413,contact,0.0021485937926467155,-0.00010140620735328478,0.00010140620735328478,0.00023735370623383152,0.00023735370623383152,0.0,0.00023735370623383152,300.68679509509184,300.69546825959657,-2.0586077399729028e-06
319,488,contact,0.002208106209719089,-4.1893790280911336e-05,4.1893790280911336e-05,0.00015255926040014624,0.00015255926040014624,0.0,0.00015255926040014624,300.68679509509184,300.57459053478715,1.7117844733607105e-05
319,492,contact,0.002154650398695807,-9.534960130419328e-05,9.534960130419328e-05,0.00023015647009057082,0.00023015647009057082,0.0,0.00023015647009057082,300.68679509509184,300.72883262810564,-9.6752102097714e-06
321,390,contact,0.00188119940075703,-0.00011880059924296998,0.00011880059924296998,0.00024372176681922565,0.00024372176681922565,0.0,0.00024372176681922565,300.13058486329413,300.1157300855755,3.620432671297127e-06
321,418,contact,0.002198721100721802,-5.1278899278198436e-05,5.1278899278198436e-05,0.00016878470717685565,0.00016878470717685565,0.0,0.00016878470717685565,300.13058486329413,300.0779712708857,8.880369788177624e-06
322,351,contact,0.001888490022478276,-0.00011150997752172403,0.00011150997752172403,0.00023612494311457655,0.00023612494311457655,0.0,0.00023612494311457655,300.5534666212011,300.48320037069595,1.659161440340127e-05
322,419,contact,0.0020963532520307734,-0.00015364674796922682,0.00015364674796922682,0.0002921631469356603,0.0002921631469356603,0.0,0.0002921631469356603,300.5534666212011,300.66653347125947,-3.303396672715694e-05
322,467,contact,0.002180257075227827,-6.974292477217314e-05,6.974292477217314e-05,0.00019684021265451319,0.00019684021265451319,0.0,0.00019684021265451319,300.5534666212011,300.6569392957788,-2.0367583267803335e-05
324,418,contact,0.0021377737042023357,-0.00011222629579766457,0.00011222629579766457,0.0002496956990214562,0.0002496956990214562,0.0,0.0002496956990214562,300.05421700525477,300.0779712708857,-5.9313379614592945e-06
325,421,contact,0.0021182843104739267,-0.00013171568952607352,0.00013171568952607352,0.00027050948794828035,0.00027050948794828035,0.0,0.00027050948794828035,300.1729067043941,300.23078124573544,-1.5655612543485954e-05
326,346,contact,0.0019359650848091235,-6.403491519087656e-05,6.403491519087656e-05,0.0001789342270093631,0.0001789342270093631,0.0,0.0001789342270093631,300.84450057215236,300.7794522999866,1.1639362298276391e-05
326,359,contact,0.0018977333739703792,-0.00010226662602962088,0.00010226662602962088,0.0002261267631546749,0.0002261267631546749,0.0,0.0002261267631546749,300.84450057215236,300.926103951305,-1.8452707990266804e-05
326,403,contact,0.0021877565843804467,-6.224341561955355e-05,6.224341561955355e-05,0.00018595611133866082,0.00018595611133866082,0.0,0.00018595611133866082,300.84450057215236,300.7297284472913,2.1342578029241015e-05
326,404,contact,0.0021552666309531177,-9.473336904688252e-05,9.473336904688252e-05,0.0002294115286346575,0.0002294115286346575,0.0,0.0002294115286346575,300.84450057215236,300.8668054186559,-5.116988932333064e-06
327,496,contact,0.0022452040330669274,-4.795966933072819e-06,4.795966933072819e-06,5.161807894458436e-05,5.161807894458436e-05,0.0,5.161807894458436e-05,300.04232958415423,300.07663733573673,-1.7709002295968282e-06
328,338,contact,0.0018515290896175516,-0.0001484709103824484,0.0001484709103824484,0.0002724618417159074,0.0002724618417159074,0.0,0.0002724618417159074,300.18824412298136,300.20315450904195,-4.062511246764068e-06
328,415,contact,0.0021793219421875243,-7.067805781247596e-05,7.067805781247596e-05,0.00019815546339578365,0.00019815546339578365,0.0,0.00019815546339578365,300.18824412298136,300.1604379280984,5.509949432302797e-06
328,489,contact,0.0020967811105835534,-0.00015321888941644685,0.00015321888941644685,0.00029175607145586423,0.00029175607145586423,0.0,0.00029175607145586423,300.18824412298136,300.13953173190174,1.4212135852611194e-05
330,406,contact,0.0021158897692415703,-0.00013411023075842994,0.00013411023075842994,0.00027295729291353126,0.00027295729291353126,0.0,0.00027295729291353126,300.2811188907717,300.2878389688092,-1.8342943092729085e-06
330,432,contact,0.0021831342933472564,-6.686570665274385e-05,6.686570665274385e-05,0.00019273716509038915,0.00019273716509038915,0.0,0.00019273716509038915,300.2811188907717,300.22283714664064,1.1233058140347678e-05
330,476,contact,0.002145708405259205,-0.00010429159474079509,0.00010429159474079509,0.00024070682345126254,0.00024070682345126254,0.0,0.00024070682345126254,300.2811188907717,300.2884537752716,-1.765556748345388e-06
331,393,contact,0.0019912492891900812,-8.750710809918814e-06,8.750710809918814e-06,6.614646933101878e-05,6.614646933101878e-05,0.0,6.614646933101878e-05,300.63901586598615,300.62047444481993,1.2264495465248176e-06
331,428,contact,0.002200209148262955,-4.979085173704512e-05,4.979085173704512e-05,0.00016631772093904606,0.00016631772093904606,0.0,0.00016631772093904606,300.63901586598615,300.6658324642665,-4.460075509323075e-06
332,457,contact,0.0021750128858698745,-7.49871141301258e-05,7.49871141301258e-05,0.00020410660903084422,0.00020410660903084422,0.0,0.00020410660903084422,300.0615240066887,300.1450980389109,-1.7058012319896613e-05
333,421,contact,0.002179079512179396,-7.092048782060415e-05,7.092048782060415e-05,0.00019849501507959022,0.00019849501507959022,0.0,0.00019849501507959022,300.1697672514723,300.23078124573544,-1.2110973711326998e-05
333,496,contact,0.0022119894611864694,-3.80105388135309e-05,3.80105388135309e-05,0.0001453167781349324,0.0001453167781349324,0.0,0.0001453167781349324,300.1697672514723,300.07663733573673,1.3533339302671333e-05
334,335,contact,0.0018952778157782042,-0.00010472218422179582,0.00010472218422179582,0.00022882546211227875,0.00022882546211227875,0.0,0.00022882546211227875,300.93227257266705,300.9365957316778,-9.892488584235361e-07
335,341,contact,0.0019254547827721117,-7.454521722788832e-05,7.454521722788832e-05,0.0001930611525241268,0.0001930611525241268,0.0,0.0001930611525241268,300.9365957316778,300.82653688228595,2.1248088309072203e-05
335,412,contact,0.00221897333287266,-3.102666712734032e-05,3.102666712734032e-05,0.00013128989790904267,0.00013128989790904267,0.0,0.00013128989790904267,300.9365957316778,300.93131757716424,6.929683672355232e-07
336,352,contact,0.0019326290996722572,-6.737090032774289e-05,6.737090032774289e-05,0.00018353596422464847,0.00018353596422464847,0.0,0.00018353596422464847,300.46516503618426,300.436285147997,5.30049812514661e-06
336,437,contact,0.0021688902020157675,-8.110979798423273e-05,8.110979798423273e-05,0.0002122757614051338,0.0002122757614051338,0.0,0.0002122757614051338,300.46516503618426,300.54859222350154,-1.7709569709665144e-05
336,448,contact,0.002120479049554606,-0.00012952095044539442,0.00012952095044539442,0.0002682463114019924,0.0002682463114019924,0.0,0.0002682463114019924,300.46516503618426,300.53260039790246,-1.8089287038965312e-05
337,418,contact,0.002079313340006503,-0.0001706866599934971,0.0001706866599934971,0.0003079381792155846,0.0003079381792155846,0.0,0.0003079381792155846,300.11519828023415,300.0779712708857,1.1463617476400682e-05
338,476,contact,0.0021297607290961117,-0.00012023927090388858,0.00012023927090388858,0.0002584561760658947,0.0002584561760658947,0.0,0.0002584561760658947,300.20315450904195,300.2884537752716,-2.2046122170939498e-05
338,493,contact,0.0021028502219606598,-0.00014714977803934048,0.00014714977803934048,0.00028591935346968466,0.00028591935346968466,0.0,0.00028591935346968466,300.20315450904195,300.0882535962104,3.2852394709875756e-05
339,350,contact,0.001919686295309731,-8.031370469026907e-05,8.031370469026907e-05,0.00020039174719816818,0.00020039174719816818,0.0,0.00020039174719816818,300.71347296514307,300.73216976399414,-3.746684188778088e-06
339,472,contact,0.002065553293962662,-0.0001844467060373384,0.0001844467060373384,0.00032010996898404427,0.00032010996898404427,0.0,0.00032010996898404427,300.71347296514307,300.6714590144973,1.3449084438109187e-05
339,480,contact,0.002096270617954656,-0.00015372938204534416,0.00015372938204534416,0.00029224170175971365,0.00029224170175971365,0.0,0.00029224170175971365,300.71347296514307,300.74282466325667,-8.577790206256084e-06
339,487,contact,0.0022026277369542042,-4.7372263045796035e-05,4.7372263045796035e-05,0.00016222799978527484,0.00016222799978527484,0.0,0.00016222799978527484,300.71347296514307,300.6160183750918,1.5809863213909316e-05
340,346,contact,0.001911105778888234,-8.8894221111766e-05,8.8894221111766e-05,0.00021082483382154724,0.00021082483382154724,0.0,0.00021082483382154724,300.69923310413037,300.7794522999866,-1.6912198635684927e-05
340,379,contact,0.0018791309637436124,-0.00012086903625638766,0.00012086903625638766,0.0002458343306541904,0.0002458343306541904,0.0,0.0002458343306541904,300.69923310413037,300.62514027594585,1.8214560823017053e-05
340,463,contact,0.0020854125294770816,-0.0001645874705229187,0.0001645874705229187,0.0003023863152059691,0.0003023863152059691,0.0,0.0003023863152059691,300.69923310413037,300.60414676972835,2.875280628627131e-05
340,472,contact,0.002169187325359431,-8.081267464056909e-05,8.081267464056909e-05,0.00021188659786751903,0.00021188659786751903,0.0,0.00021188659786751903,300.69923310413037,300.6714590144973,5.884957361215683e-06
340,484,contact,0.002048683267369556,-0.00020131673263044415,0.00020131673263044415,0.00033442881042029804,0.00033442881042029804,0.0,0.00033442881042029804,300.69923310413037,300.8206453782249,-4.060376239586442e-05
341,389,contact,0.0019649812620226186,-3.50187379773814e-05,3.50187379773814e-05,0.00013232297226366518,0.00013232297226366518,0.0,0.00013232297226366518,300.82653688228595,300.8106845534481,2.0976272691274456e-06
341,408,contact,0.0021148184704243215,-0.00013518152957567873,0.00013518152957567873,0.0002740453425334318,0.0002740453425334318,0.0,0.0002740453425334318,300.82653688228595,300.77855562931387,1.3149038905916602e-05
342,388,contact,0.0019963659897423614,-3.6340102576386778e-06,3.6340102576386778e-06,4.2626343132144695e-05,4.2626343132144695e-05,0.0,4.2626343132144695e-05,300.3239089798205,300.44441720081824,-5.136824778494375e-06
343,424,contact,0.002189399855630588,-6.060014436941232e-05,6.060014436941232e-05,0.0001834850044878211,0.0001834850044878211,0.0,0.0001834850044878211,300.3416859171435,300.2774931855127,1.1778403651359692e-05
344,428,contact,0.0022028111047704474,-4.7188895229552906e-05,4.7188895229552906e-05,0.00016191372055915202,0.00016191372055915202,0.0,0.00016191372055915202,300.76707507611536,300.6658324642665,1.6392567963577396e-05
344,434,contact,0.0021352551959426293,-0.00011474480405737099,0.00011474480405737099,0.0002524819070056429,0.0002524819070056429,0.0,0.0002524819070056429,300.76707507611536,300.73340511542267,8.501055884495748e-06
344,447,contact,0.0021549305431962313,-9.5069456803769e-05,9.5069456803769e-05,0.00022981811262601297,0.00022981811262601297,0.0,0.00022981811262601297,300.76707507611536,300.80231600805655,-8.099004465905842e-06
345,349,contact,0.0019535330592032486,-4.646694079675148e-05,4.646694079675148e-05,0.00015242529448348047,0.00015242529448348047,0.0,0.00015242529448348047,300.77764975817166,300.6556067051987,1.860244828906791e-05
345,397,contact,0.0019793666434263766,-2.063335657362343e-05,2.063335657362343e-05,0.00010157105043668552,0.00010157105043668552,0.0,0.00010157105043668552,300.77764975817166,300.79691639082574,-1.9569321170526763e-06
345,462,contact,0.002186795069982553,-6.320493001744747e-05,6.320493001744747e-05,0.0001873868992477677,0.0001873868992477677,0.0,0.0001873868992477677,300.77764975817166,300.789635121575,-2.245900084504312e-06
345,468,contact,0.002237338279786944,-1.2661720213056477e-05,1.2661720213056477e-05,8.387066833675285e-05,8.387066833675285e-05,0.0,8.387066833675285e-05,300.77764975817166,300.87509625897536,-8.17290314948413e-06
346,403,contact,0.0022172831244791453,-3.271687552085494e-05,3.271687552085494e-05,0.0001348185519727553,0.0001348185519727553,0.0,0.0001348185519727553,300.7794522999866,300.7297284472913,6.703697818888054e-06
347,461,contact,0.0022201048672528963,-2.9895132747103943e-05,2.9895132747103943e-05,0.0001288736089419568,0.0001288736089419568,0.0,0.0001288736089419568,300.0756173460316,300.10382049016664,-3.634640968192028e-06
348,438,contact,0.0022215959425151994,-2.8404057484800876e-05,2.8404057484800876e-05,0.00012561859709454045,0.00012561859709454045,0.0,0.00012561859709454045,300.36983483232103,300.43283366032324,-7.913824392237566e-06
348,466,contact,0.0022412513742327074,-8.748625767292847e-06,8.748625767292847e-06,6.971619358869234e-05,6.971619358869234e-05,0.0,6.971619358869234e-05,300.36983483232103,300.3871120410782,-1.2045012303857353e-06
349,381,contact,0.0018900856819996285,-0.0001099143180003715,0.0001099143180003715,0.00023442943287946106,0.00023442943287946106,0.0,0.00023442943287946106,300.6556067051987,300.6278587225411,6.504943837973915e-06
349,450,contact,0.002160966167348201,-8.903383265179915e-05,8.903383265179915e-05,0.00022240332812732512,0.00022240332812732512,0.0,0.00022240332812732512,300.6556067051987,300.68403195940823,-6.321871139066363e-06
350,368,contact,0.001882240569109061,-0.00011775943089093908,0.00011775943089093908,0.00024265142786612556,0.00024265142786612556,0.0,0.00024265142786612556,300.73216976399414,300.6616258825241,1.711757356592152e-05
350,445,contact,0.0021895860058239324,-6.0413994176067905e-05,6.0413994176067905e-05,0.0001832029751336356,0.0001832029751336356,0.0,0.0001832029751336356,300.73216976399414,300.834439622189,-1.8736142287793176e-05
350,450,contact,0.002124405182633482,-0.00012559481736651836,0.00012559481736651836,0.0002641493867813337,0.0002641493867813337,0.0,0.0002641493867813337,300.73216976399414,300.68403195940823,1.2715571562366744e-05
350,487,contact,0.002205053665197289,-4.49463348027113e-05,4.49463348027113e-05,0.0001580195747415689,0.0001580195747415689,0.0,0.0001580195747415689,300.73216976399414,300.6160183750918,1.8354193079987824e-05
351,373,contact,0.0019977306383744536,-2.269361625546404e-06,2.269361625546404e-06,3.3685023567947846e-05,3.3685023567947846e-05,0.0,3.3685023567947846e-05,300.48320037069595,300.4573848788765,8.695954503565991e-07
351,388,contact,0.0019130194740514278,-8.69805259485722e-05,8.69805259485722e-05,0.00020854319210726133,0.00020854319210726133,0.0,0.00020854319210726133,300.48320037069595,300.44441720081824,8.08796604633743e-06
351,414,contact,0.002144315556139068,-0.00010568444386093237,0.00010568444386093237,0.00024230885234085073,0.00024230885234085073,0.0,0.00024230885234085073,300.48320037069595,300.4165894953645,1.6140404754979432e-05
351,471,contact,0.002129547402336938,-0.00012045259766306233,0.00012045259766306233,0.0002586853490494048,0.0002586853490494048,0.0,0.0002586853490494048,300.48320037069595,300.545976155848,-1.6239175893906277e-05
352,429,contact,0.002162328572372848,-8.767142762715211e-05,8.767142762715211e-05,0.0002206951487499242,0.0002206951487499242,0.0,0.0002206951487499242,300.436285147997,300.54217498741104,-2.3369373860585566e-05
354,422,contact,0.0021547556723675193,-9.524432763248101e-05,9.524432763248101e-05,0.0002300293793222473,0.0002300293793222473,0.0,0.0002300293793222473,300.6501622675283,300.6851654287785,-8.05175545669728e-06
354,473,contact,0.002099433130156805,-0.00015056686984319528,0.00015056686984319528,0.000289220090975709,0.000289220090975709,0.0,0.000289220090975709,300.6501622675283,300.5670104291331,2.404918226544779e-05
355,360,contact,0.0019358063891308961,-6.419361086910393e-05,6.419361086910393e-05,0.00017915581328707133,0.00017915581328707133,0.0,0.00017915581328707133,300.42828669823507,300.4468642928724,-3.328284076171911e-06
355,375,contact,0.0018936287561187916,-0.00010637124388120848,0.00010637124388120848,0.0002306200813905941,0.0002306200813905941,0.0,0.0002306200813905941,300.42828669823507,300.5176041138043,-2.0598389648169245e-05
355,466,contact,0.002105022436293732,-0.00014497756370626842,0.00014497756370626842,0.0002838011468404011,0.0002838011468404011,0.0,0.0002838011468404011,300.42828669823507,300.3871120410782,1.1685414921884846e-05
356,422,contact,0.0022034872747354354,-4.651272526456484e-05,4.651272526456484e-05,0.00016074950365322515,0.00016074950365322515,0.0,0.00016074950365322515,300.6597052478955,300.6851654287785,-4.092711439861575e-06
357,405,contact,0.0021731371799773706,-7.686282002262968e-05,7.686282002262968e-05,0.00020664357400906208,0.00020664357400906208,0.0,0.00020664357400906208,300.5101161613039,300.4470121928732,1.3040029570676888e-05
357,456,contact,0.0022011805364209555,-4.88194635790448e-05,4.88194635790448e-05,0.0001646873529163076,0.0001646873529163076,0.0,0.0001646873529163076,300.5101161613039,300.42297054422835,1.4351780994435078e-05
358,373,contact,0.001939089642718973,-6.0910357281026986e-05,6.0910357281026986e-05,0.0001745141216077183,0.0001745141216077183,0.0,0.0001745141216077183,300.34025845180224,300.4573848788765,-2.0440215537913917e-05
359,382,contact,0.0019402268012789128,-5.977319872108727e-05,5.977319872108727e-05,0.00017287741136581044,0.00017287741136581044,0.0,0.00017287741136581044,300.926103951305,300.8486163093187,1.3395862959431344e-05
360,395,contact,0.0019378642650608939,-6.213573493910616e-05,6.213573493910616e-05,0.00017626079390934638,0.00017626079390934638,0.0,0.00017626079390934638,300.4468642928724,300.43624432425446,1.8718840998938555e-06
360,473,contact,0.0021544794890181714,-9.552051098182888e-05,9.552051098182888e-05,0.00023036265006606536,0.00023036265006606536,0.0,0.00023036265006606536,300.4468642928724,300.5670104291331,-2.7677182344213577e-05
362,385,contact,0.001993553387282116,-6.446612717884038e-06,6.446612717884038e-06,5.6774169821689326e-05,5.6774169821689326e-05,0.0,5.6774169821689326e-05,300.929075738967,300.8294379513307,5.656852675921353e-06
362,435,contact,0.0021828980684594503,-6.710193154054996e-05,6.710193154054996e-05,0.0001930773183361036,0.0001930773183361036,0.0,0.0001930773183361036,300.929075738967,300.8304869128523,1.903526616413749e-05
362,455,contact,0.002188181222825021,-6.181877717497926e-05,6.181877717497926e-05,0.00018532070876513154,0.00018532070876513154,0.0,0.00018532070876513154,300.929075738967,300.92045964085156,1.596741409545756e-06
363,369,contact,0.001928040719331415,-7.195928066858507e-05,7.195928066858507e-05,0.0001896829995921947,0.0001896829995921947,0.0,0.0001896829995921947,300.7183950290688,300.613771448787,1.984531453592318e-05
363,394,contact,0.0019179171015713896,-8.20828984286104e-05,8.20828984286104e-05,0.00020258689299731413,0.00020258689299731413,0.0,0.00020258689299731413,300.7183950290688,300.8240236848641,-2.139898118904683e-05
363,462,contact,0.002168593700926939,-8.140629907306147e-05,8.140629907306147e-05,0.00021266340001809518,0.00021266340001809518,0.0,0.00021266340001809518,300.7183950290688,300.789635121575,-1.5150160289966356e-05
363,494,contact,0.0021572332995992804,-9.276670040071983e-05,9.276670040071983e-05,0.0002270177433113493,0.0002270177433113493,0.0,0.0002270177433113493,300.7183950290688,300.6565938063036,1.4029974126040325e-05
364,473,contact,0.002127995323420613,-0.00012200467657938734,0.00012200467657938734,0.0002603466456043508,0.0002603466456043508,0.0,0.0002603466456043508,300.56581546544606,300.5670104291331,-3.111047875438821e-07
364,488,contact,0.0021396374533551228,-0.0001103625466448775,0.0001103625466448775,0.00024761366261541554,0.00024761366261541554,0.0,0.00024761366261541554,300.56581546544606,300.57459053478715,-2.1728270592500414e-06
365,435,contact,0.0022223731822985982,-2.7626817701402028e-05,2.7626817701402028e-05,0.0001238879818882141,0.0001238879818882141,0.0,0.0001238879818882141,300.8023923715386,300.8304869128523,-3.4805760254283487e-06
365,480,contact,0.002155581629746367,-9.441837025363307e-05,9.441837025363307e-05,0.0002290298018619133,0.0002290298018619133,0.0,0.0002290298018619133,300.8023923715386,300.74282466325667,1.3642780425175916e-05
366,431,contact,0.0021677292830056065,-8.227071699439372e-05,8.227071699439372e-05,0.00021378950836225405,0.00021378950836225405,0.0,0.00021378950836225405,300.8223529710635,300.77754219392585,9.580074013583844e-06
366,434,contact,0.0022376187478890595,-1.2381252110940742e-05,1.2381252110940742e-05,8.293656247377919e-05,8.293656247377919e-05,0.0,8.293656247377919e-05,300.8223529710635,300.73340511542267,7.377029386262794e-06
367,445,contact,0.002174260080141287,-7.573991985871309e-05,7.573991985871309e-05,0.00020512857737243876,0.00020512857737243876,0.0,0.00020512857737243876,300.93948408637084,300.834439622189,2.1547621498471846e-05
367,477,contact,0.0022431616426677767,-6.8383573322236026e-06,6.8383573322236026e-06,6.16367374768562e-05,6.16367374768562e-05,0.0,6.16367374768562e-05,300.93948408637084,300.92881606669425,6.575419282036973e-07
368,465,contact,0.0021754933561838343,-7.450664381616597e-05,7.450664381616597e-05,0.00020345166477045594,0.00020345166477045594,0.0,0.00020345166477045594,300.6616258825241,300.589625354565,1.464862727763455e-05
368,475,contact,0.0021149429411925044,-0.00013505705880749582,0.00013505705880749582,0.0002739191474459164,0.0002739191474459164,0.0,0.0002739191474459164,300.6616258825241,300.6317727204079,8.177352715429529e-06
368,487,contact,0.0021455824296446884,-0.0001044175703553119,0.0001044175703553119,0.00024085215653696485,0.00024085215653696485,0.0,0.00024085215653696485,300.6616258825241,300.6160183750918,1.098466651934364e-05
369,381,contact,0.0019174703693408146,-8.252963065918549e-05,8.252963065918549e-05,0.0002031374296617754,0.0002031374296617754,0.0,0.0002031374296617754,300.613771448787,300.6278587225411,-2.8616525813410514e-06
369,494,contact,0.0021905939524476,-5.940604755240008e-05,5.940604755240008e-05,0.00018166826842168495,0.00018166826842168495,0.0,0.00018166826842168495,300.613771448787,300.6565938063036,-7.779463539769644e-06
371,449,contact,0.0021784254886707036,-7.157451132929664e-05,7.157451132929664e-05,0.0001994081678496766,0.0001994081678496766,0.0,0.0001994081678496766,300.53596855044765,300.43892384016385,1.9351507877194545e-05
371,454,contact,0.002172850369680694,-7.714963031930618e-05,7.714963031930618e-05,0.0002070287558117178,0.0002070287558117178,0.0,0.0002070287558117178,300.53596855044765,300.56280207030886,-5.555310230916053e-06
371,456,contact,0.0022459163360112316,-4.083663988768693e-06,4.083663988768693e-06,4.763089560340648e-05,4.763089560340648e-05,0.0,4.763089560340648e-05,300.53596855044765,300.42297054422835,5.38219623762455e-06
371,463,contact,0.002096975446327399,-0.00015302455367260112,0.00015302455367260112,0.0002915709878043816,0.0002915709878043816,0.0,0.0002915709878043816,300.53596855044765,300.60414676972835,-1.9878790742416365e-05
372,446,contact,0.0021465852820701063,-0.00010341471792989394,0.00010341471792989394,0.00023969276391281257,0.00023969276391281257,0.0,0.00023969276391281257,300.88631474627954,300.8517312081324,8.289423844377016e-06
372,491,contact,0.0021825349157802727,-6.74650842197276e-05,6.74650842197276e-05,0.00019359907630020633,0.00019359907630020633,0.0,0.00019359907630020633,300.88631474627954,300.93277761404863,-8.995168282355212e-06
373,471,contact,0.0021938330084808194,-5.616699151918085e-05,5.616699151918085e-05,0.0001766462118963288,0.0001766462118963288,0.0,0.0001766462118963288,300.4573848788765,300.545976155848,-1.5649313484073795e-05
374,395,contact,0.0019790410334806093,-2.0958966519390738e-05,2.0958966519390738e-05,0.00010236934726613904,0.00010236934726613904,0.0,0.00010236934726613904,300.35266580819285,300.43624432425446,-8.55587813469922e-06
375,396,contact,0.001930159453024542,-6.984054697545803e-05,6.984054697545803e-05,0.0001868696697908171,0.0001868696697908171,0.0,0.0001868696697908171,300.5176041138043,300.58704579533276,-1.2976544096945012e-05
375,405,contact,0.0021614078758068773,-8.859212419312298e-05,8.859212419312298e-05,0.00022185095621600826,0.00022185095621600826,0.0,0.00022185095621600826,300.5176041138043,300.4470121928732,1.5660885159681625e-05
375,475,contact,0.0021476583407516194,-0.00010234165924838086,0.00010234165924838086,0.0002384459631870743,0.0002384459631870743,0.0,0.0002384459631870743,300.5176041138043,300.6317727204079,-2.7223043367331438e-05
376,425,contact,0.0022214483298064803,-2.855167019351996e-05,2.855167019351996e-05,0.00012594458700714367,0.00012594458700714367,0.0,0.00012594458700714367,300.0628264570395,300.157325392998,-1.190162946191292e-05
376,489,contact,0.0021330163604857785,-0.00011698363951422172,0.00011698363951422172,0.0002549331497495653,0.0002549331497495653,0.0,0.0002549331497495653,300.0628264570395,300.13953173190174,-1.9554717323042907e-05
377,439,contact,0.002142820753628967,-0.00010717924637103316,0.00010717924637103316,0.00024401644567873922,0.00024401644567873922,0.0,0.00024401644567873922,300.5738202092029,300.49298152315885,1.972596884180771e-05
377,448,contact,0.0020775617889487665,-0.0001724382110512338,0.0001724382110512338,0.00030951414529803694,0.00030951414529803694,0.0,0.00030951414529803694,300.5738202092029,300.53260039790246,1.275811466400097e-05
377,463,contact,0.0020784844407404158,-0.0001715155592595845,0.0001715155592595845,0.0003086849879907999,0.0003086849879907999,0.0,0.0003086849879907999,300.5738202092029,300.60414676972835,-9.361353971601525e-06
379,403,contact,0.002136210278530651,-0.0001137897214693491,0.0001137897214693491,0.00025142894011512707,0.00025142894011512707,0.0,0.00025142894011512707,300.62514027594585,300.7297284472913,-2.629649306995987e-05
379,429,contact,0.0021722561469817506,-7.77438530182497e-05,7.77438530182497e-05,0.0002078245160095006,0.0002078245160095006,0.0,0.0002078245160095006,300.62514027594585,300.54217498741104,1.724222093533509e-05
379,437,contact,0.002121480944741197,-0.0001285190552588033,0.0001285190552588033,0.00026720680220342373,0.00026720680220342373,0.0,0.00026720680220342373,300.62514027594585,300.54859222350154,2.045416030854383e-05
379,448,contact,0.002198223230452268,-5.17767695477323e-05,5.17767695477323e-05,0.00016960209895800933,0.00016960209895800933,0.0,0.00016960209895800933,300.62514027594585,300.53260039790246,1.5694957553478264e-05
379,463,contact,0.002171305852799187,-7.869414720081342e-05,7.869414720081342e-05,0.000209090819184197,0.000209090819184197,0.0,0.000209090819184197,300.62514027594585,300.60414676972835,4.389549412567224e-06
379,472,contact,0.0021022627334374732,-0.00014773726656252704,0.00014773726656252704,0.00028648954466333306,0.00028648954466333306,0.0,0.00028648954466333306,300.62514027594585,300.6714590144973,-1.3269834316988593e-05
380,443,contact,0.002180260302280442,-6.973969771955843e-05,6.973969771955843e-05,0.00019683565863650265,0.00019683565863650265,0.0,0.00019683565863650265,300.9083245941768,300.91926832514105,-2.1541164922874706e-06
381,494,contact,0.0021580313173353164,-9.19686826646839e-05,9.19686826646839e-05,0.00022603918375248803,0.00022603918375248803,0.0,0.00022603918375248803,300.6278587225411,300.6565938063036,-6.495254878737734e-06
383,389,contact,0.0019123594142576848,-8.764058574231527e-05,8.764058574231527e-05,0.00020933297129491484,0.00020933297129491484,0.0,0.00020933297129491484,300.7902741306011,300.8106845534481,-4.272574459940713e-06
383,422,contact,0.002153133236402244,-9.686676359775635e-05,9.686676359775635e-05,0.0002319803195648721,0.0002319803195648721,0.0,0.0002319803195648721,300.7902741306011,300.6851654287785,2.4383150237865805e-05
384,389,contact,0.001986567997552564,-1.3432002447436205e-05,1.3432002447436205e-05,8.195121246032973e-05,8.195121246032973e-05,0.0,8.195121246032973e-05,300.69959754264727,300.8106845534481,-9.103715223720593e-06
384,467,contact,0.00218592306965753,-6.407693034247031e-05,6.407693034247031e-05,0.00018867510337801786,0.00018867510337801786,0.0,0.00018867510337801786,300.69959754264727,300.6569392957788,8.04854913783626e-06
384,492,contact,0.0022030541941132535,-4.694580588674672e-05,4.694580588674672e-05,0.00016149614010995693,0.00016149614010995693,0.0,0.00016149614010995693,300.69959754264727,300.72883262810564,-4.7213534573110655e-06
385,417,contact,0.002226113997664989,-2.3886002335011397e-05,2.3886002335011397e-05,0.0001151954916532264,0.0001151954916532264,0.0,0.0001151954916532264,300.8294379513307,300.7770684930084,6.032725499049244e-06
385,455,contact,0.0021785260197895277,-7.147398021047253e-05,7.147398021047253e-05,0.0001992680776832954,0.0001992680776832954,0.0,0.0001992680776832954,300.8294379513307,300.92045964085156,-1.8137717098307078e-05
387,392,contact,0.0019437137705686674,-5.6286229431332666e-05,5.6286229431332666e-05,0.00016775909726648606,0.00016775909726648606,0.0,0.00016775909726648606,300.04817388921356,300.0587645264903,-1.7766757490194823e-06
388,414,contact,0.0021384619773566235,-0.00011153802264337676,0.00011153802264337676,0.00024892884150939465,0.00024892884150939465,0.0,0.00024892884150939465,300.44441720081824,300.4165894953645,6.9271184804584475e-06
388,486,contact,0.002112506780131131,-0.00013749321986886946,0.00013749321986886946,0.00027637858482409944,0.00027637858482409944,0.0,0.00027637858482409944,300.44441720081824,300.41110096089847,9.207895240686311e-06
390,481,contact,0.00207405937783415,-0.0001759406221658504,0.0001759406221658504,0.0003126416320520015,0.0003126416320520015,0.0,0.0003126416320520015,300.1157300855755,300.0776455914814,1.1906798389438782e-05
392,402,contact,0.0021390392324555424,-0.0001109607675444579,0.0001109607675444579,0.0002482838513839194,0.0002482838513839194,0.0,0.0002482838513839194,300.0587645264903,300.1804403680703,-3.0210146567872653e-05
392,481,contact,0.002122782013679219,-0.00012721798632078134,0.00012721798632078134,0.0002658508210765969,0.0002658508210765969,0.0,0.0002658508210765969,300.0587645264903,300.0776455914814,-5.019546630697505e-06
393,434,contact,0.002104871421845049,-0.00014512857815495144,0.00014512857815495144,0.0002839489177015153,0.0002839489177015153,0.0,0.0002839489177015153,300.62047444481993,300.73340511542267,-3.206654169295334e-05
393,471,contact,0.0021293508513744153,-0.00012064914862558495,0.00012064914862558495,0.0002588963205454872,0.0002588963205454872,0.0,0.0002588963205454872,300.62047444481993,300.545976155848,1.928733290176922e-05
394,409,contact,0.0021255246410004287,-0.00012447535899957158,0.00012447535899957158,0.00026296953668055205,0.00026296953668055205,0.0,0.00026296953668055205,300.8240236848641,300.91654832714994,-2.433116231344808e-05
394,462,contact,0.00210563118940616,-0.00014436881059384007,0.00014436881059384007,0.00028320468706283025,0.00028320468706283025,0.0,0.00028320468706283025,300.8240236848641,300.789635121575,9.739002304829553e-06
394,479,contact,0.0021905024823998713,-5.9497517600128925e-05,5.9497517600128925e-05,0.000181808075850651,0.000181808075850651,0.0,0.000181808075850651,300.8240236848641,300.809323129789,2.672679632136908e-06
395,486,contact,0.00214029250975188,-0.00010970749024812043,0.00010970749024812043,0.00024687771404766415,0.00024687771404766415,0.0,0.00024687771404766415,300.43624432425446,300.41110096089847,6.207336068797628e-06
396,436,contact,0.0020859697083767882,-0.00016403029162321203,0.00016403029162321203,0.0003018740462356334,0.0003018740462356334,0.0,0.0003018740462356334,300.58704579533276,300.5752060669584,3.5741067106973108e-06
396,465,contact,0.0021701012165795406,-7.98987834204597e-05,7.98987834204597e-05,0.00021068510391426942,0.00021068510391426942,0.0,0.00021068510391426942,300.58704579533276,300.589625354565,-5.434747048956175e-07
396,475,contact,0.002109736318239794,-0.0001402636817602063,0.0001402636817602063,0.00027914918528371,0.00027914918528371,0.0,0.00027914918528371,300.58704579533276,300.6317727204079,-1.248548469497852e-05
397,447,contact,0.002133731035414023,-0.00011626896458597717,0.00011626896458597717,0.00025415323963001485,0.00025415323963001485,0.0,0.00025415323963001485,300.79691639082574,300.80231600805655,-1.3723302119717776e-06
397,450,contact,0.0022478387729451604,-2.1612270548398635e-06,2.1612270548398635e-06,3.465085420495803e-05,3.465085420495803e-05,0.0,3.465085420495803e-05,300.79691639082574,300.68403195940823,3.911541975057813e-06
398,408,contact,0.0021187992865676093,-0.000131200713432391,0.000131200713432391,0.0002699801571231064,0.0002699801571231064,0.0,0.0002699801571231064,300.7589380508489,300.77855562931387,-5.296356916352364e-06
398,419,contact,0.002129093362725082,-0.00012090663727491822,0.00012090663727491822,0.0002591724407448084,0.0002591724407448084,0.0,0.0002591724407448084,300.7589380508489,300.66653347125947,2.3948720428186086e-05
398,434,contact,0.0021899203640351563,-6.007963596484393e-05,6.007963596484393e-05,0.00018269530792011163,0.00018269530792011163,0.0,0.00018269530792011163,300.7589380508489,300.73340511542267,4.6647474997963186e-06
398,492,contact,0.0022099192015320383,-4.008079846796195e-05,4.008079846796195e-05,0.00014922168160149806,0.00014922168160149806,0.0,0.00014922168160149806,300.7589380508489,300.72883262810564,4.492381807071353e-06
398,500,contact,0.0022426750853748296,-7.324914625170698e-06,7.324914625170698e-06,6.379182560472558e-05,6.379182560472558e-05,0.0,6.379182560472558e-05,300.7589380508489,300.8700041452466,-7.085108924416038e-06
399,455,contact,0.00219969133955562,-5.0308660444380385e-05,5.0308660444380385e-05,0.00016718030925450984,0.00016718030925450984,0.0,0.00016718030925450984,300.9284268346173,300.92045964085156,1.3319579176488275e-06
399,500,contact,0.0021858409782400307,-6.415902175996952e-05,6.415902175996952e-05,0.00018879592415558353,0.00018879592415558353,0.0,0.00018879592415558353,300.9284268346173,300.8700041452466,1.102996563140148e-05
400,426,contact,0.0021307469941314007,-0.0001192530058685996,0.0001192530058685996,0.00025739399745720523,0.00025739399745720523,0.0,0.00025739399745720523,300.54266063653597,300.4553041575572,2.2485033328137236e-05
402,424,contact,0.0023438523608881614,-0.00015614763911183868,0.00015614763911183868,0.0003123976223419429,0.0003123976223419429,0.0,0.0003123976223419429,300.1804403680703,300.2774931855127,-3.0319069410584538e-05
402,481,contact,0.0024467107718371623,-5.328922816283778e-05,5.328922816283778e-05,0.000182498678356238,0.000182498678356238,0.0,0.000182498678356238,300.1804403680703,300.0776455914814,1.8759910869397894e-05
406,427,contact,0.002346139218162469,-0.00015386078183753094,0.00015386078183753094,0.0003101015779522201,0.0003101015779522201,0.0,0.0003101015779522201,300.2878389688092,300.3872486123669,-3.082708733090808e-05
406,432,contact,0.0024282498429939207,-7.175015700607934e-05,7.175015700607934e-05,0.00021176366102048668,0.00021176366102048668,0.0,0.00021176366102048668,300.2878389688092,300.22283714664064,1.376502383541266e-05
408,451,contact,0.0023554066035400335,-0.00014459339645996657,0.00014459339645996657,0.00030061748583121227,0.00030061748583121227,0.0,0.00030061748583121227,300.77855562931387,300.7766610206478,5.695524938302754e-07
408,467,contact,0.0024414441330367284,-5.855586696327164e-05,5.855586696327164e-05,0.0001913045134126343,0.0001913045134126343,0.0,0.0001913045134126343,300.77855562931387,300.6569392957788,2.3265753509958468e-05
408,474,contact,0.002347352677592355,-0.00015264732240764496,0.00015264732240764496,0.00030887631263141254,0.00030887631263141254,0.0,0.00030887631263141254,300.77855562931387,300.75531713687576,7.177819855396636e-06
408,500,contact,0.002465927109426626,-3.407289057337417e-05,3.407289057337417e-05,0.00014592997159034484,0.00014592997159034484,0.0,0.00014592997159034484,300.77855562931387,300.8700041452466,-1.3345079332039774e-05
409,479,contact,0.0023648613210292056,-0.00013513867897079444,0.00013513867897079444,0.0002906229074879448,0.0002906229074879448,0.0,0.0002906229074879448,300.91654832714994,300.809323129789,3.1162098613007074e-05
410,482,contact,0.00240144359294571,-9.855640705429009e-05,9.855640705429009e-05,0.0002481889490064602,0.0002481889490064602,0.0,0.0002481889490064602,300.35004292949407,300.3664659987829,-4.076024306263003e-06
411,459,contact,0.002376797788159523,-0.00012320221184047722,0.00012320221184047722,0.00027749122941148654,0.00027749122941148654,0.0,0.00027749122941148654,300.81398921375296,300.8823564320562,-1.8971303458412694e-05
411,478,contact,0.0023922850349747207,-0.00010771496502527938,0.00010771496502527938,0.0002594645508365249,0.0002594645508365249,0.0,0.0002594645508365249,300.81398921375296,300.7014374585831,2.9203190601014113e-05
413,446,contact,0.002490165904031295,-9.834095968705003e-06,9.834095968705003e-06,7.839840547128894e-05,7.839840547128894e-05,0.0,7.839840547128894e-05,300.69546825959657,300.8517312081324,-1.2250765999449711e-05
413,479,contact,0.0023683244981632053,-0.0001316755018367947,0.0001316755018367947,0.000286874865835257,0.000286874865835257,0.0,0.000286874865835257,300.69546825959657,300.809323129789,-3.2662100611142945e-05
413,488,contact,0.0023710247347086028,-0.00012897526529139728,0.00012897526529139728,0.0002839181938642244,0.0002839181938642244,0.0,0.0002839181938642244,300.69546825959657,300.57459053478715,3.431938530630669e-05
414,476,contact,0.002340546553115319,-0.0001594534468846811,0.0001594534468846811,0.00031568719375819746,0.00031568719375819746,0.0,0.00031568719375819746,300.4165894953645,300.2884537752716,4.0450805896322265e-05
416,431,contact,0.0023933039183939844,-0.00010669608160601566,0.00010669608160601566,0.0002582344884088099,0.0002582344884088099,0.0,0.0002582344884088099,300.77120468077214,300.77754219392585,-1.636564467032407e-06
416,462,contact,0.0024673058049013703,-3.269419509862974e-05,3.269419509862974e-05,0.0001429470948870371,0.0001429470948870371,0.0,0.0001429470948870371,300.77120468077214,300.789635121575,-2.6345779702522134e-06
417,447,contact,0.0023949507551930998,-0.0001050492448069003,0.0001050492448069003,0.00025623383462047454,0.00025623383462047454,0.0,0.00025623383462047454,300.7770684930084,300.80231600805655,-6.469267595422006e-06
417,455,contact,0.002463344926416112,-3.6655073583888136e-05,3.6655073583888136e-05,0.00015135858413030325,0.00015135858413030325,0.0,0.00015135858413030325,300.7770684930084,300.92045964085156,-2.17034811143577e-05
417,474,contact,0.0024069497380917607,-9.305026190823936e-05,9.305026190823936e-05,0.00024115640918841367,0.00024115640918841367,0.0,0.00024115640918841367,300.7770684930084,300.75531713687576,5.245478939929245e-06
417,490,contact,0.002411044177944486,-8.895582205551388e-05,8.895582205551388e-05,0.00023579098537623565,0.00023579098537623565,0.0,0.00023579098537623565,300.7770684930084,300.7231075728668,1.2723498531997542e-05
419,434,contact,0.0023718990038521415,-0.00012810099614785856,0.00012810099614785856,0.00028295427650490033,0.00028295427650490033,0.0,0.00028295427650490033,300.66653347125947,300.73340511542267,-1.89216176928914e-05
419,471,contact,0.0023456141848351786,-0.00015438581516482143,0.00015438581516482143,0.00031063022144989916,0.00031063022144989916,0.0,0.00031063022144989916,300.66653347125947,300.545976155848,3.744874558367167e-05
419,492,contact,0.002356860107961438,-0.00014313989203856197,0.00014313989203856197,0.0002991027123315689,0.0002991027123315689,0.0,0.0002991027123315689,300.66653347125947,300.72883262810564,-1.8633846788657995e-05
420,489,contact,0.00244244943358097,-5.755056641903013e-05,5.755056641903013e-05,0.00018965522405642782,0.00018965522405642782,0.0,0.00018965522405642782,300.10662089531905,300.13953173190174,-6.241712085973965e-06
420,493,contact,0.0023238664062720984,-0.00017613359372790167,0.00017613359372790167,0.00033178833023471237,0.00033178833023471237,0.0,0.00033178833023471237,300.10662089531905,300.0882535962104,6.0940555021841445e-06
422,475,contact,0.0024220422232075147,-7.79577767924854e-05,7.79577767924854e-05,0.0002207342531083551,0.0002207342531083551,0.0,0.0002207342531083551,300.6851654287785,300.6317727204079,1.1785599603606037e-05
422,499,contact,0.002377407138733288,-0.00012259286126671196,0.00012259286126671196,0.00027680415150733377,0.00027680415150733377,0.0,0.00027680415150733377,300.6851654287785,300.78383534169404,-2.7312241523896354e-05
423,445,contact,0.0024027703602716604,-9.722963972833964e-05,9.722963972833964e-05,0.00024651272752174944,0.00024651272752174944,0.0,0.00024651272752174944,300.806710820027,300.834439622189,-6.835502651869686e-06
423,446,contact,0.002347548339374506,-0.00015245166062549404,0.00015245166062549404,0.000308678291901024,0.000308678291901024,0.0,0.000308678291901024,300.806710820027,300.8517312081324,-1.3896816501095877e-05
423,491,contact,0.002443676290448471,-5.632370955152913e-05,5.632370955152913e-05,0.00018762280903372519,0.00018762280903372519,0.0,0.00018762280903372519,300.806710820027,300.93277761404863,-2.365300602021867e-05
423,499,contact,0.0024138975154094668,-8.610248459053329e-05,8.610248459053329e-05,0.0002319785612272895,0.0002319785612272895,0.0,0.0002319785612272895,300.806710820027,300.78383534169404,5.3066205510603e-06
424,458,contact,0.0024079995192626174,-9.20004807373827e-05,9.20004807373827e-05,0.00023979220266902797,0.00023979220266902797,0.0,0.00023979220266902797,300.2774931855127,300.3348448947172,-1.3752492676983217e-05
425,430,contact,0.00241090748478231,-8.909251521768994e-05,8.909251521768994e-05,0.0002359720788802273,0.0002359720788802273,0.0,0.0002359720788802273,300.157325392998,300.23041175257754,-1.7246340207767133e-05
425,464,contact,0.0023961813064453693,-0.0001038186935546307,0.0001038186935546307,0.0002547286467432436,0.0002547286467432436,0.0,0.0002547286467432436,300.157325392998,300.0647133704877,2.359093516620585e-05
426,438,contact,0.0023943504647607463,-0.00010564953523925372,0.00010564953523925372,0.0002569648994017151,0.0002569648994017151,0.0,0.0002569648994017151,300.4553041575572,300.43283366032324,5.774129061225798e-06
428,454,contact,0.002366162804432738,-0.00013383719556726197,0.00013383719556726197,0.00028922006712802403,0.00028922006712802403,0.0,0.00028922006712802403,300.6658324642665,300.56280207030886,2.979845745665085e-05
429,454,contact,0.002460460113580044,-3.953988641995599e-05,3.953988641995599e-05,0.0001572018734381766,0.0001572018734381766,0.0,0.0001572018734381766,300.54217498741104,300.56280207030886,-3.2426160751015106e-06
429,463,contact,0.002396757949585232,-0.0001032420504147682,0.0001032420504147682,0.000254020238385114,0.000254020238385114,0.0,0.000254020238385114,300.54217498741104,300.60414676972835,-1.5742086917391063e-05
430,457,contact,0.0024743672617304332,-2.5632738269566833e-05,2.5632738269566833e-05,0.0001265719614230548,0.0001265719614230548,0.0,0.0001265719614230548,300.23041175257754,300.1450980389109,1.0798324075074617e-05
430,460,contact,0.0024092909840297575,-9.07090159702425e-05,9.07090159702425e-05,0.00023810320237535986,0.00023810320237535986,0.0,0.00023810320237535986,300.23041175257754,300.287305497757,-1.354658292236177e-05
430,464,contact,0.0024568653161013455,-4.3134683898654515e-05,4.3134683898654515e-05,0.00016419250115842402,0.00016419250115842402,0.0,0.00016419250115842402,300.23041175257754,300.0647133704877,2.7206431793233235e-05
433,475,contact,0.002370600879713833,-0.00012939912028616697,0.00012939912028616697,0.0002843843353260766,0.0002843843353260766,0.0,0.0002843843353260766,300.6038173845313,300.6317727204079,-7.95005961209568e-06
435,443,contact,0.0023847281012937304,-0.00011527189870626968,0.00011527189870626968,0.00026841187881950857,0.00026841187881950857,0.0,0.00026841187881950857,300.8304869128523,300.91926832514105,-2.382998567667751e-05
435,479,contact,0.0023405518493295556,-0.0001594481506704444,0.0001594481506704444,0.0003156819509712707,0.0003156819509712707,0.0,0.0003156819509712707,300.8304869128523,300.809323129789,6.6810243273510815e-06
435,490,contact,0.002372516557940113,-0.00012748344205988724,0.00012748344205988724,0.0002822714142229594,0.0002822714142229594,0.0,0.0002822714142229594,300.8304869128523,300.7231075728668,3.031011815602681e-05
437,448,contact,0.0024014665206077736,-9.853347939222648e-05,9.853347939222648e-05,0.00024816007861890586,0.00024816007861890586,0.0,0.00024816007861890586,300.54859222350154,300.53260039790246,3.968532697929362e-06
437,452,contact,0.0023760497278676636,-0.00012395027213233647,0.00012395027213233647,0.00027833239136455226,0.00027833239136455226,0.0,0.00027833239136455226,300.54859222350154,300.5546321779675,-1.6811149702441348e-06
437,470,contact,0.002445707301293432,-5.429269870656792e-05,5.429269870656792e-05,0.00018420894845692202,0.00018420894845692202,0.0,0.00018420894845692202,300.54859222350154,300.58882347685,-7.4109568744223475e-06
437,472,contact,0.0024922247101936855,-7.775289806314593e-06,7.775289806314593e-06,6.971051663089739e-05,6.971051663089739e-05,0.0,6.971051663089739e-05,300.54859222350154,300.6714590144973,-8.565107477095766e-06
438,482,contact,0.0024003174437353075,-9.968255626469254e-05,9.968255626469254e-05,0.00024960287992215323,0.00024960287992215323,0.0,0.00024960287992215323,300.43283366032324,300.3664659987829,1.6565559454160585e-05
438,488,contact,0.0023940055324288625,-0.0001059944675711375,0.0001059944675711375,0.0002573840364746053,0.0002573840364746053,0.0,0.0002573840364746053,300.43283366032324,300.57459053478715,-3.648595654754464e-05
439,485,contact,0.002443644396957953,-5.6355603042046974e-05,5.6355603042046974e-05,0.00018767592254010463,0.00018767592254010463,0.0,0.00018767592254010463,300.49298152315885,300.5477574845834,-1.0280129093379605e-05
440,458,contact,0.0024042186997858587,-9.578130021414138e-05,9.578130021414138e-05,0.00024466980327338795,0.00024466980327338795,0.0,0.00024466980327338795,300.2611511804564,300.3348448947172,-1.8030626570674836e-05
440,497,contact,0.002405490008480601,-9.450999151939914e-05,9.450999151939914e-05,0.00024304062355833531,0.00024304062355833531,0.0,0.00024304062355833531,300.2611511804564,300.3393388302897,-1.9002775170045102e-05
441,469,contact,0.0023331393794627886,-0.00016686062053721147,0.00016686062053721147,0.00032293635260799793,0.00032293635260799793,0.0,0.00032293635260799793,300.4796672337935,300.4631604724358,5.330633306236649e-06
441,470,contact,0.002289362341024242,-0.00021063765897575814,0.00021063765897575814,0.00036283403486973056,0.00036283403486973056,0.0,0.00036283403486973056,300.4796672337935,300.58882347685,-3.960560009940183e-05
441,485,contact,0.0024162362007026333,-8.376379929736673e-05,8.376379929736673e-05,0.00022880641284905937,0.00022880641284905937,0.0,0.00022880641284905937,300.4796672337935,300.5477574845834,-1.5579486033231617e-05
443,468,contact,0.0023773361240262175,-0.0001226638759737825,0.0001226638759737825,0.0002768843124548844,0.0002768843124548844,0.0,0.0002768843124548844,300.91926832514105,300.87509625897536,1.2230552169997608e-05
444,454,contact,0.0024125036889631898,-8.74963110368103e-05,8.74963110368103e-05,0.0002338486570369957,0.0002338486570369957,0.0,0.0002338486570369957,300.5311934370252,300.56280207030886,-7.3916364441605485e-06
444,483,contact,0.002340969810420459,-0.00015903018957954098,0.00015903018957954098,0.000315267931269917,0.000315267931269917,0.0,0.000315267931269917,300.5311934370252,300.4974884556045,1.0626099765985417e-05
445,477,contact,0.002466415200245084,-3.358479975491607e-05,3.358479975491607e-05,0.00014488098511130626,0.00014488098511130626,0.0,0.00014488098511130626,300.834439622189,300.92881606669425,-1.3673352251224298e-05
445,491,contact,0.002341603217818937,-0.00015839678218106286,0.00015839678218106286,0.00031463945852858996,0.00031463945852858996,0.0,0.00031463945852858996,300.834439622189,300.93277761404863,-3.094101251150507e-05
445,499,contact,0.0023317353122728145,-0.00016826468772718553,0.00016826468772718553,0.0003242921982248277,0.0003242921982248277,0.0,0.0003242921982248277,300.834439622189,300.78383534169404,1.641057336129362e-05
447,495,contact,0.002421972256823971,-7.802774317602901e-05,7.802774317602901e-05,0.00022083328436858907,0.00022083328436858907,0.0,0.00022083328436858907,300.80231600805655,300.928588639845,-2.7885200003703267e-05
448,470,contact,0.002332433319346986,-0.00016756668065301406,0.00016756668065301406,0.00032361887368961313,0.00032361887368961313,0.0,0.00032361887368961313,300.53260039790246,300.58882347685,-1.819484948436487e-05
449,456,contact,0.0024021925124804774,-9.780748751952268e-05,9.780748751952268e-05,0.0002472441702036707,0.0002472441702036707,0.0,0.0002472441702036707,300.43892384016385,300.42297054422835,3.9443594155871104e-06
449,458,contact,0.002428244905459711,-7.175509454028896e-05,7.175509454028896e-05,0.00021177094722289126,0.00021177094722289126,0.0,0.00021177094722289126,300.43892384016385,300.3348448947172,2.2040896863195606e-05
449,471,contact,0.0023364502464799037,-0.0001635497535200964,0.0001635497535200964,0.0003197164305287738,0.0003197164305287738,0.0,0.0003197164305287738,300.43892384016385,300.545976155848,-3.4226384250373735e-05
450,472,contact,0.002413805699264131,-8.619430073586887e-05,8.619430073586887e-05,0.0002321022144657781,0.0002321022144657781,0.0,0.0002321022144657781,300.68403195940823,300.6714590144973,2.918208356179474e-06
452,487,contact,0.002408601364900385,-9.139863509961517e-05,9.139863509961517e-05,0.00023900658346007853,0.00023900658346007853,0.0,0.00023900658346007853,300.5546321779675,300.6160183750918,-1.467170524628747e-05
454,463,contact,0.002462946051677367,-3.7053948322633094e-05,3.7053948322633094e-05,0.000152179885995639,0.000152179885995639,0.0,0.000152179885995639,300.56280207030886,300.60414676972835,-6.291831644180858e-06
454,483,contact,0.0024786425810957497,-2.1357418904250323e-05,2.1357418904250323e-05,0.00011553521893845379,0.00011553521893845379,0.0,0.00011553521893845379,300.56280207030886,300.4974884556045,7.546022774527383e-06
459,477,contact,0.0024928327240510946,-7.167275948905417e-06,7.167275948905417e-06,6.692942154289014e-05,6.692942154289014e-05,0.0,6.692942154289014e-05,300.8823564320562,300.92881606669425,-3.109516471418064e-06
459,499,contact,0.0022966862073430933,-0.0002033137926569068,0.0002033137926569068,0.0003564703640003847,0.0003564703640003847,0.0,0.0003564703640003847,300.8823564320562,300.78383534169404,3.5119848943117234e-05
461,496,contact,0.0024954538103519374,-4.5461896480626825e-06,4.5461896480626825e-06,5.3304488835736684e-05,5.3304488835736684e-05,0.0,5.3304488835736684e-05,300.10382049016664,300.07663733573673,1.4489841518290388e-06
462,468,contact,0.002433037173678199,-6.696282632180119e-05,6.696282632180119e-05,0.00020457704282525382,0.00020457704282525382,0.0,0.00020457704282525382,300.789635121575,300.87509625897536,-1.74833867658538e-05
465,487,contact,0.0024084355188379045,-9.156448116209555e-05,9.156448116209555e-05,0.00023922332813985705,0.00023922332813985705,0.0,0.00023922332813985705,300.589625354565,300.6160183750918,-6.313826210090697e-06
466,482,contact,0.0024357604100157305,-6.423958998426956e-05,6.423958998426956e-05,0.00020037400964238969,0.00020037400964238969,0.0,0.00020037400964238969,300.3871120410782,300.3664659987829,4.136930277946525e-06
469,497,contact,0.0024774254524606793,-2.2574547539320772e-05,2.2574547539320772e-05,0.00011878169981977646,0.00011878169981977646,0.0,0.00011878169981977646,300.4631604724358,300.3393388302897,1.4707745128587856e-05
473,475,contact,0.00228340628960332,-0.00021659371039668002,0.00021659371039668002,0.00036792807584896947,0.00036792807584896947,0.0,0.00036792807584896947,300.5670104291331,300.6317727204079,-2.3827865216308908e-05
475,499,contact,0.002314329978827566,-0.00018567002117243422,0.00018567002117243422,0.0003406519678979873,0.0003406519678979873,0.0,0.0003406519678979873,300.6317727204079,300.78383534169404,-5.180043118484324e-05
477,499,contact,0.0024806746213278355,-1.932537867216453e-05,1.932537867216453e-05,0.0001099015999433258,0.0001099015999433258,0.0,0.0001099015999433258,300.92881606669425,300.78383534169404,1.5933613638466363e-05
484,495,contact,0.002338182333762211,-0.0001618176662377892,0.0001618176662377892,0.00031801893245311395,0.00031801893245311395,0.0,0.00031801893245311395,300.8206453782249,300.928588639845,-3.432800082591569e-05
490,494,contact,0.00242729634014885,-7.27036598511502e-05,7.27036598511502e-05,0.00021316610285636146,0.00021316610285636146,0.0,0.00021316610285636146,300.7231075728668,300.6565938063036,1.4178480404579099e-05
