<?xml version="1.0"?>
<VTKFile type="PolyData" version="0.1" byte_order="LittleEndian">
<PolyData>
<Piece NumberOfPoints="2694" NumberOfVerts="0" NumberOfLines="1347" NumberOfStrips="0" NumberOfPolys="0">
<CellData>
<DataArray type="Int32" Name="edge_kind" format="ascii">0 0 0 0 0 0 0 0 0 0 0 0 0 0 0 0 0 0 0 0 0 0 0 0 0 0 0 0 0 0 0 0 0 0 0 0 0 0 0 0 0 0 0 0 0 0 0 0 0 0 0 0 0 0 0 0 0 0 0 0 0 0 0 0 0 0 0 0 0 0 0 0 0 0 0 0 0 0 0 0 0 0 0 0 0 0 0 0 0 0 0 0 0 0 0 0 0 0 0 0 0 0 0 0 0 0 0 0 0 0 0 0 0 0 0 0 0 0 0 0 0 0 0 0 0 0 0 0 0 0 0 0 0 0 0 0 0 0 0 0 0 0 0 0 0 0 0 0 0 0 0 0 0 0 0 0 0 0 0 0 0 0 0 0 0 0 0 0 0 0 0 0 0 0 0 0 0 0 0 0 0 0 0 0 0 0 0 0 0 0 0 0 0 0 0 0 0 0 0 0 0 0 0 0 0 0 0 0 0 0 0 0 0 0 0 0 0 0 0 0 0 0 0 0 0 0 0 0 0 0 0 0 0 0 0 0 0 0 0 0 0 0 0 0 0 0 0 0 0 0 0 0 0 0 0 0 0 0 0 0 0 0 0 0 0 0 0 0 0 0 0 0 0 0 0 0 0 0 0 0 0 0 0 0 0 0 0 0 0 0 0 0 0 0 0 0 0 0 0 0 0 0 0 0 0 0 0 0 0 0 0 0 0 0 0 0 0 0 0 0 0 0 0 0 0 0 0 0 0 0 0 0 0 0 0 0 0 0 0 0 0 0 0 0 0 0 0 0 0 0 0 0 0 0 0 0 0 0 0 0 0 0 0 0 0 0 0 0 0 0 0 0 0 0 0 0 0 0 0 0 0 0 0 0 0 0 0 0 0 0 0 0 0 0 0 0 0 0 0 0 0 0 0 0 0 0 0 0 0 0 0 0 0 0 0 0 0 0 0 0 0 0 0 0 0 0 0 0 0 0 0 0 0 0 0 0 0 0 0 0 0 0 0 0 0 0 0 0 0 0 0 0 0 0 0 0 0 0 0 0 0 0 0 0 0 0 0 0 0 0 0 0 0 0 0 0 0 0 0 0 0 0 0 0 0 0 0 0 0 0 0 0 0 0 0 0 0 0 0 0 0 0 0 0 0 0 0 0 0 0 0 0 0 0 0 0 0 0 0 0 0 0 0 0 0 0 0 0 0 0 0 0 0 0 0 0 0 0 0 0 0 0 0 0 0 0 0 0 0 0 0 0 0 0 0 0 0 0 0 0 0 0 0 0 0 0 0 0 0 0 0 0 0 0 0 0 0 0 0 0 0 0 0 0 0 0 0 0 0 0 0 0 0 0 0 0 0 0 0 0 0 0 0 0 0 0 0 0 0 0 0 0 0 0 0 0 0 0 0 0 0 0 0 0 0 0 0 0 0 0 0 0 0 0 0 0 0 0 0 0 0 0 0 0 0 0 0 0 0 0 0 0 0 0 0 0 0 0 0 0 0 0 0 0 0 0 0 0 0 0 0 0 0 0 0 0 0 0 0 0 0 0 0 0 0 0 0 0 0 0 0 0 0 0 0 0 0 0 0 0 0 0 0 0 0 0 0 0 0 0 0 0 0 0 0 0 0 0 0 0 0 0 0 0 0 0 0 0 0 0 0 0 0 0 0 0 0 0 0 0 0 0 0 0 0 0 0 0 0 0 0 0 0 0 0 0 0 0 0 0 0 0 0 0 0 0 0 0 0 0 0 0 0 0 0 0 0 0 0 0 0 0 0 0 0 0 0 0 0 0 0 0 0 0 0 0 0 0 0 0 0 0 0 0 0 0 0 0 0 0 0 0 0 0 0 0 0 0 0 0 0 0 0 0 0 0 0 0 0 0 0 0 0 0 0 0 0 0 0 0 0 0 0 0 0 0 0 0 0 0 0 0 0 0 0 0 0 0 0 0 0 0 0 0 0 0 0 0 0 0 0 0 0 0 0 0 0 0 0 0 0 0 0 0 0 0 0 0 0 0 0 0 0 0 0 0 0 0 0 0 0 0 0 0 0 0 0 0 0 0 0 0 0 0 0 0 0 0 0 0 0 0 0 0 0 0 0 0 0 0 0 0 0 0 0 0 0 0 0 0 0 0 0 0 0 0 0 0 0 0 0 0 0 0 0 0 0 0 0 0 0 0 0 0 0 0 0 0 0 0 0 0 0 0 0 0 0 0 0 0 0 0 0 0 0 0 0 0 0 0 0 0 0 0 0 0 0 0 0 0 0 0 0 0 0 0 0 0 0 0 0 0 0 0 0 0 0 0 0 0 0 0 0 0 0 0 0 0 0 0 0 0 0 0 0 0 0 0 0 0 0 0 0 0 0 0 0 0 0 0 0 0 0 0 0 0 0 0 0 0 0 0 0 0 0 0 0 0 0 0 0 0 0 0 0 0 0 0 0 0 0 0 0 0 0 0 0 0 0 0 0 0 0 0 0 0 0 0 0 0 0 0 0 0 0 0 0 0 0 0 0 0 0 0 0 0 0 0 0 0 0 0 0 0 0 0 0 0 0 0 0 0 0 0 0 0 0 0 0 0 0 0 0 0 0 0 0 0 0 0 0 0 0 0 0 0 0 0 0 0 0 0 0 0 0 0 0 0 0 0 0 0 0 0 0 0 0 0 0 0 0 0 0 0 0 0 0 0 0 0 0 0 0 0 0 0 0 0 0 0 0 0 0 0 0 0 0 0 0 0 0 0 0 0 0 0 0 0 0 0 0 0 0 0 0 0 0 0 0 0 0 0 0 0 0 0 0 0 0 0 0 0 0 0 0 0 0 0 0 0 0 0 0 0 0 0 0 0 0 0 0 0 0 0 0 0 0 0 0 0 0 0 0 0 0 0 0 0 0 0 0 0 0 0 0 0 0 0 0 0 0 0 0 0 0 0 0 0 0 0 0 0 0 0 0 0 0 0 0 0 0 0 0 0 0 0 0 0 0 0 0 0 0 0 0 0 0 0 0 0 0 0 0 0 0 0 0 0 0 0 0 0 0 0 0 0 0</DataArray>
<DataArray type="Float64" Name="conductance" format="ascii">0.00013466198783349591 0.00013465108254669494 0.00017422841935375787 2.477721616780887e-05 0.0001767798790203941 0.00024179248593022271 0.00017107322317504343 0.00016899543410136457 0.0001912262858216078 0.0001777298803239415 0.00013573323982050977 0.00012015874861415727 0.00023284431644403578 0.00014177499770164683 0.00014260930976650414 0.00011878615257942641 0.00017315174708945388 0.00011366840180069253 0.00015626899261438388 0.00014371803937467638 0.00023663193785241916 0.00025034404834433987 0.00013201059269399523 0.00016873014762855884 8.211457059356642e-05 5.0764810672195914e-05 0.00017259971260032915 0.0001555407528275107 8.96465624534863e-05 8.101869887670967e-05 9.389852749794099e-05 0.00010024361999107367 0.00018491506672890855 0.0001919903779201293 0.00019012775721252438 0.00015180926563202997 0.00016188846934710099 0.00011660836006645043 0.00023330620865921422 0.00025619322213091906 0.00028857169886503756 0.0002408479540338015 0.00019861343771526317 0.0002587287923695552 0.0002090939317163939 0.00015374566217849075 9.5887603338381e-05 0.0001808642401721519 0.00015655161698371908 0.00018097068568564539 9.934397148844167e-05 8.282622028662742e-05 0.00013905255568037207 0.00016402391428132026 0.0001361700292519717 0.0001924612323246007 0.00014590989884103055 0.00016229394475922218 0.00016642450702848287 0.00021783017284541945 0.00025707527625214876 0.00016085220232872909 0.0002861357694472393 0.0002004616804437293 0.00020420064609689758 0.0001368480421320109 0.00017265068280641134 4.136046457970468e-05 0.00018840258433804917 0.0001696564869095431 0.00011571123223223417 0.0001556548976252459 0.0001628146492614811 0.0001266119037727062 0.00017767256115081356 0.00021293361265636257 0.0001667660153479596 0.00011676365438287365 8.220886443210516e-05 0.00013342225100592553 0.000180125293592541 9.002113577573642e-05 0.00014912493325645434 0.000139777182311892 0.00013291467729833876 0.00011593796810187514 0.00016916509927698392 0.0002365574084856493 0.0002815844150525903 0.0002322528781904339 0.00024275883715687551 0.00017102733701112834 0.00012271565674309854 0.00010476611709851612 0.00011158520364040789 0.00012977107717826843 6.43654418307081e-05 0.00020304821415677722 0.00019625200470361245 0.00013314449959953863 9.551957829454474e-05 3.68907921029451e-05 4.1603800780594003e-05 2.9049041361122127e-05 4.2751320793745705e-05 0.00017827392824517604 0.00012638592851206857 0.00018233857752864295 0.00014688032670886927 0.00016322445090034477 0.00016331840843751173 3.705833090367089e-05 9.022375077206522e-05 0.00022994799581620354 0.0002281946050328939 0.00017177043632885352 0.00022991561502557387 0.0001658249406455517 0.00011020044924453852 0.00023467152010287016 0.0002430044843918079 0.00023972440823473773 0.00022042891532269665 0.0001680441051526747 0.00014598290085779137 0.0002709665623148153 7.848631050390276e-05 0.00020985039935241895 0.00020794037642238108 6.60691290457417e-05 4.8205994779975364e-05 5.4447321884387555e-05 6.600355837070219e-05 0.00012575841510675996 0.00020028042059126643 0.00018969101979715152 7.843897961840665e-05 0.00016135437655993455 0.00019297293536301653 0.00014762653931069545 6.700155736214227e-05 0.00015167734638185 0.00010571695150039978 0.0002020173977055932 0.00019221462273176496 0.00016128574177264423 0.00013719322565369283 0.00018632590632728887 0.0001421460847597355 0.00016842673625485808 0.00016003663343416266 0.0002261821456709063 0.00016377965123001234 0.0001875567629560007 0.000232830387575328 0.00010368845737833501 0.00013165227822127442 0.00015435271083875295 7.477126568047853e-05 0.00010422903914165604 0.00011315898260428959 0.0001770495670745547 0.0002021157216143682 0.00022814289814714577 0.00026424122486753634 0.0002000256346820921 0.00031941872148058613 0.00024464442369106696 0.00025744755476290885 0.00022256210579245597 0.00010536630377401722 0.00016801432215543936 0.0001731346656413655 5.2063675669254866e-05 3.999210044967357e-05 7.534587472581502e-05 7.533936906351382e-05 4.6720750357366824e-05 0.00019584562972038022 0.00022506496771202992 0.00015931116642610356 0.00018732240545779675 0.00023615076206762045 0.00022619635125332817 0.0001757666928699852 7.19466416728668e-05 7.345763205506261e-05 8.130570175960586e-05 8.469659170395726e-05 0.00010345985445249677 0.00021092267379983 0.0001885262589477804 0.00021404051979701837 0.0001272823277355952 9.513372705869725e-05 0.00014239276249094148 0.00022555859011153196 0.00025293948740011 0.0001620144826118742 5.127755369848429e-05 0.0002298967099719461 0.00017294418668900292 0.0002118954542122069 0.00020341716711207194 0.000232872315107067 0.0001736393774394013 0.00011628667054367825 0.0001817092910614613 0.00021722299161962386 0.00019412414368470023 0.0001544128235802787 0.00015863550528660915 5.695848176109171e-05 7.493867961329341e-05 0.00017319854756480028 0.00015858045742898254 0.0002113795340813479 0.0002176661406590264 0.0001178471045928601 1.741993069635567e-05 0.00010801768073741905 0.00010602326740341179 4.774398635102815e-05 0.00011522544780080049 0.00012823969503980955 9.272023524425586e-05 0.00022665474692244947 0.00015128143218308955 0.00018230764197928434 0.00020361848786142175 0.00019108592100842671 8.051518646190489e-05 0.00011710494346565849 0.00010428286548521819 8.814702635652007e-05 0.0001531026578868967 0.0002233347341180035 0.00016073018596743642 0.0001494313902020149 0.00022420214050441353 0.00021167719605494055 0.00014237615182211328 0.00025555287522195934 0.00013531567666751903 0.00019656484133381683 0.00021025455514719503 0.00010528988538013747 0.00018053722690001097 0.00017837316630937798 0.00014955342893370498 4.5409942731353267e-05 0.000154869269502474 0.00027196929987110483 2.882619719523843e-05 0.0001996058070220806 8.438417297964916e-05 0.0002488074838211063 0.00029356367340587544 0.00013972791187449263 0.0001647070675434266 0.0001464152688816694 0.0001712134307905757 0.00013824257226405896 8.361813925045471e-05 0.0001294862306587482 0.00013046328398985194 0.0001234148645494797 0.00018917629260164023 0.0001705278501036406 9.302615665297062e-05 0.00021652004424094868 0.00013532194378050558 0.00013407159558701258 8.365787149381406e-05 0.00015477464602096244 0.00017867741011340891 0.00012152314307772444 0.00016249519327913117 0.00011263467622699879 0.00015805636898893062 0.00015134986922336443 8.826032383231624e-05 6.999765183089717e-05 6.685157301373358e-05 6.249324548435035e-05 6.93384712070346e-05 5.209283513251842e-05 0.00015534770659263384 0.0001599430347664303 0.00012440574915336636 0.00026190906007928557 7.684661693602342e-05 0.0002919755709153987 0.00016167158937646395 7.887855968122994e-05 0.00012133964835731919 5.6019712705096654e-05 0.0001842406143992974 0.00022114526043335965 0.0002761082345423325 0.00028333309735956424 0.00015273440431948058 0.00014524560908502654 7.51620038023202e-05 0.00013255815962627624 0.00018085862742530423 0.00016360314613277622 0.0002667225888891013 0.00028634830420760444 0.0001478929152276351 0.00012433469539662533 0.00019400152091913542 0.00024967912169872363 0.00020600504059453518 0.0002752768744996589 0.00014528195475955989 0.00016182277009688226 0.00021776887518166042 0.00013119708929577317 0.0001502253986749722 0.00023489317325820028 0.00012987712344329666 0.0001891526882154322 0.00015347777216709907 0.00017959082607893148 0.00017334143464965734 0.00019957606391890294 0.00019823391207503512 5.1503509216781214e-05 0.0001850883276215621 0.00011765433489484789 0.00011691056850148538 0.00010028646784593858 0.00014932149914300858 0.00014797397875083009 0.00011053484606097205 0.00018832825025677673 0.00019712650492946884 0.00015304499174030657 0.00011302843083959778 0.00017395420689631126 0.00010049140164066673 0.00018695845903876605 0.00024273747140816923 0.00014493873921939002 0.0002853902232988687 0.00017334117886689255 0.00014904043429925446 0.00021398289738961288 0.0001721218957318493 0.00020006844239034018 0.00024346173319817223 0.00013267033212671292 0.00019375879576425048 0.00024093229735373012 0.0002744207812435321 0.00021612215471468382 0.0002930400937122583 0.00019288544957826693 0.00024368359461282032 0.00017298142978012097 7.24906615783689e-05 0.00017717292288361107 0.0002067683991025748 0.00019957746419014066 0.00021682483155366947 0.00018100268446938814 0.00019749830488014682 0.000171690255080419 0.00012946344111882784 0.00017378032397791877 0.0001981761463257724 0.0002179581253596132 0.00016920295701383054 9.048240134843293e-05 0.00018786542745220994 0.00011097906883250545 0.00012802872231476044 0.00026323594235932096 0.00023675440382793002 0.00019696044863662369 0.00019022799791552686 0.00012490784046293837 0.00017990517882179231 0.00026820088831672 0.00011817119851192278 0.00020907839847695902 0.00033118575807480915 0.00015759690492950728 0.0001333503484900569 0.00020988924743069884 0.00014606370516970612 0.00022226261334217437 0.0002223155861657662 0.00016549700917208 0.00024330735640605745 0.00024365160553394238 0.00022902884262025346 0.00012619405185738846 0.0002086335632454123 0.0001488193522793529 0.00020904700276483135 0.0001540446445505468 0.00017215946658901565 0.00019147473815954653 0.00025335618700819505 5.624798187423699e-05 0.000270440671268492 8.848287624232165e-05 0.00019994259970834908 0.00032213781426145303 0.00018545742854148491 0.00014672760352043 0.00015906441751945978 9.160271162356752e-05 0.00015979766142747091 0.00020592655499506368 6.259887885801977e-05 0.00021231146580010345 0.0001969894328848678 0.00013886520001108623 0.00010552967517270541 9.880751830906412e-05 0.00021380080257304924 0.0001686162588079907 0.00017486941700840667 0.00025685307933512097 0.00016695019870484752 0.00027399738587262086 0.000197775465145308 0.00029268431855264876 0.00019437404373130079 0.00020922524764886079 0.0001741674920277325 0.0001173544188047106 0.00022478484332389746 0.00012971914339141458 0.00018842595787968306 0.0002038519817791797 0.0002030451517365897 0.00021777169147448017 0.00020610863864367623 0.00026003559514107475 0.0002086504195000013 0.00011281923660188817 0.0001874451578669939 0.00022674107223916916 0.00016341250974878646 0.00013614864910469718 0.0002145406112554994 0.00025162865216188753 0.0002747696699047064 0.00017489727896823092 0.00024497511069729387 0.00012057930464521758 0.00012468531910054384 0.00015474188201133635 0.00016781036375351343 0.00025286787781641433 0.00026044292604123404 0.0001671672856302823 0.00018602193758632542 0.00024727468576249086 0.00018926644466783397 0.00019527316374874347 0.00014229299163127652 0.00023036388537545102 0.00013180783129320298 9.64836376676105e-05 0.00020150235643371902 0.00019398535708528263 0.0002981840584386443 0.00023629455339101418 0.00026467881447391324 0.0002016536865752232 0.00024759130132180325 0.0003186841495484484 0.00010575387861785519 0.00024519833953822086 0.0002973848574563432 0.00021331790177740037 0.00015486240236843325 5.930091613503652e-05 0.00018890293041435162 0.00015006286479914767 0.00018229036796480778 0.0002332579394536008 0.00026666479446587623 0.00021771742889614183 0.00021092783833336973 0.000248205272322548 0.00016619687149150615 0.00025755708838848485 0.00021174637738729203 0.00012782526008230013 0.00017829428076524714 0.00026292297335770885 0.00019218837544497988 0.00023173688927394917 0.00016047240635353181 0.0001464472533369582 0.00019055712619063647 0.0002478324250061655 0.00025841468880263683 0.00023978613808876292 0.00019583737266573245 0.00019653568678689912 0.00013006593965699233 0.0001198820145929913 0.00017462844483731168 0.00010974073817433146 7.199119041774265e-05 0.00020073039929258664 0.0002697844977679858 0.0002704648146210369 0.0001393058960098643 4.840793743810365e-05 6.053698155528823e-05 0.0002486934702336983 0.00021616934222801825 0.00021166271117891873 0.00017696710181529932 0.00017898519389139954 0.0002413480420167639 0.00021441481227681554 0.00018646598915630783 8.040705956686555e-05 0.00012686753999437662 8.321044177592541e-05 0.00016635822981709794 0.0001719085488153601 0.00019061236559161603 0.00022818312833998184 0.00019424211856218572 0.00025951901255300794 0.00021114733534879557 0.00025313974885277356 0.0002118990569710822 0.0002093325096636155 5.54611487180428e-05 0.00024686717047217095 0.00024955446289970563 0.00017860710399789862 0.00019987534964463474 0.00017098776090218766 0.0002064108553281749 0.000222110641680961 0.0001590060502140202 0.00022268214885959217 0.00014099660265108776 6.188749757421719e-05 0.00021009353066827547 0.00023556163630767326 0.00014634955366774852 0.00010522398997891656 0.00020851773685091454 9.17939391958975e-05 0.0002231592713307789 0.0002662951750936701 0.00011762023134224854 0.00011197978847067735 0.00020874182252570553 0.0001680153082842271 0.0002249160137630297 0.00016469719331821023 0.0001951827689455939 0.0002285690102368818 0.00019736541320074683 0.0001948280121241034 0.00013779485099623098 6.212482868124197e-05 0.00014672319494069415 0.00010689959076525415 0.00016044796853597793 0.0003089834310352798 0.00027277951036677663 0.00026655148030235736 0.000258706824136576 0.00013138756010433575 0.0002461350096154801 8.497903437241881e-05 0.00018356072659483016 0.00031981326524857404 0.00015561739635268278 0.00015290495308013365 0.00013497169579537794 0.00013288229739029289 0.00017925649058294786 9.526212271731683e-05 0.0002199415300010809 6.456892258043003e-05 0.00021475073118254625 0.00014128527146520847 0.00010690175468698181 7.543428861853129e-06 0.0001341659419900623 0.000175710007931172 0.0002184798768513147 0.00019068403982031468 0.00018413593922893577 0.00021992847069172826 0.00021754694795049774 0.00015231582321628036 0.00020021111623321524 0.00016797011298762528 0.00024037374191941257 0.00029025895071523386 0.00026591531636986675 6.212434629967573e-06 0.0002132151225554273 0.00023495501895221387 0.0001984185576213865 0.00015092455964072892 0.0002025247223721855 7.763466850810727e-05 0.0001844813382522722 0.00015456292574439064 0.0002468276528301707 0.00024897140655636904 0.00019999826391373633 0.00012314246253235456 0.0001979073209444983 0.00017828940121959752 0.00014924405992407675 0.0002397741146879381 0.0001676850667862015 0.00017832238762723713 0.0002790102891757436 0.00023861835466559137 0.00016760645179279336 0.00023496644507523527 0.00010206310878795372 0.00030041097667354464 0.0002475703574702876 0.00019411402982733996 0.00024412786752458325 0.00019464230154086205 3.900327802823451e-05 0.00017375960329859375 0.00024314888305507407 0.00013423816773709826 0.0001477669803087142 0.00021983368914509159 0.00018726539231768614 0.0001885489089195032 0.0001450746930875534 0.00015864887143235981 0.00014596719211534928 0.00023316973453044615 0.00021387322059898797 0.00012495674195885272 0.00019460980102398154 0.0003510949610972172 0.0003232665347453346 0.000309900037638518 9.382527643738429e-05 0.00016386654848503954 0.00015219625702176366 0.00020354778618210024 0.0002082082712038708 0.00020096388619576788 0.00016919795032011603 0.0002309291039591164 9.786542311490439e-05 0.00019351599556309028 0.00019284126896610586 7.946599132532218e-05 0.00025132252705580195 0.0002516709111612886 0.00020410643619294303 0.00019723848128388487 0.00028553280103581316 0.00022628404719139735 0.00014348421437438588 0.00013198801812916533 0.00015964638462341504 0.00010114557861289632 0.00020366226357156026 0.00010174847598747501 0.00020383077407204757 0.00027985505112849615 0.00013577700734560127 0.00027612295963765743 0.00023341011683101278 0.0002392902828762234 0.00018413261228122352 0.00024705561010423887 0.000232048075777134 0.00025294475336608903 8.081262520606404e-05 0.0002086744736812487 7.363024546485454e-05 0.0002549739337752792 0.00015939985925740404 0.00011945003371883278 0.00025879817094762983 0.0002243221748320109 0.00022797921374746881 0.0003107824359674547 0.0002903167349902849 0.00015758406548760552 0.00026850182599590924 0.0002342909478213672 0.0002529125601922865 0.00014946868761110603 0.0001947171006063624 0.00010580204180224947 0.0002644958336919411 0.00020548529012700707 0.00011943712481936047 0.0001288565990255056 0.00031058447432010585 0.0003135237487635588 0.00027694904853645824 0.00019107927982722227 0.00020664788981804646 0.00014490369963278903 0.00014361618940074476 0.00022235970171210828 0.00019573346710439663 0.0002062073094804899 0.00020091589452066685 0.00015868150157138518 0.00029937429277500594 0.0002282109137270602 0.00023179982557805677 0.00015231049833941236 0.00032522655729996455 8.587342564053295e-05 8.340237920330368e-05 0.00029728331893202805 0.00021987490389354565 0.00028245526933714767 0.00029007459208230894 0.00012823121587100678 0.00026137131511632847 0.0002769112659547038 0.00013049401923437564 0.00016576415245465317 0.000246843016803096 0.0003647982579701223 0.00030960874846036146 0.0002735726351643098 0.00018207721651701598 0.0001991394253480018 0.0002369967477120724 0.00023302457391058962 0.00021012283604308744 0.00012672987871806154 0.0001255379309549726 1.541101199662986e-05 7.012809698441678e-05 0.00013531487882666288 0.00020917577546955955 0.00021543727951307283 0.0002160398174734724 0.00020883963359730822 0.0002843175500162743 0.0001435232320869914 0.0003068579966978513 0.00011311048233991027 0.00019482715285252608 0.00012799051289299747 0.00019026422248920915 0.00011026276819186004 7.245073429353198e-05 0.00019688737793805428 0.0002399185604341626 0.00023950520725494765 0.00019331587986238337 0.00018936446040338143 0.00020094146830179662 0.00022006910297796585 0.0002543263583640439 0.00023519983983602338 0.00020586482993054531 0.00020933445456952675 0.00021155798164443798 0.00011331326428483426 8.549459387943138e-05 0.00013497446875336512 0.0002959934984966112 0.0002670737970165485 0.0002831071016772171 0.000277713593535602 0.0002394838355764426 0.00026549365259918986 0.0002212578421228766 0.00023073377723912357 0.00020912386431357934 0.00017817771431253876 0.0002460124720175031 0.00026966268049279736 0.0002110774184967587 0.000209976558589661 0.00020008417939949965 0.00023231575580126337 0.00020898517661627482 0.00022649612853740063 0.00018603440731660868 0.00025201988939604854 0.00022608176045092832 0.00022113298251525242 0.00020945819248560752 0.0001804934959764097 0.0002583631417060721 0.00022643681454777455 0.0002990639358928019 0.0001740506490469606 9.040595323018095e-05 0.00015100104437234738 0.00016887463598480807 0.00014004129978749575 0.00010734655143461487 0.00026729861686379655 0.00028361618175724916 0.00032216896265038856 0.00019343182901048711 0.00020450964660644028 0.00022281922346654819 0.00012332747465122526 0.0001680453171031771 0.00022744988661715747 0.00022442337893439112 0.00020169043957854324 0.00023403234641363875 0.0002249642678662675 0.00021706396065162352 0.00022560107111115776 0.00020720731661011773 0.0001632612646787417 0.0001758482475448851 0.000198451365134931 4.569691440105755e-05 0.00023268847284164493 0.00017935143806635913 0.00023302388925364287 0.00016140446721368877 0.0002660468096928984 0.00012233667645738516 0.00018761114930987365 0.00021306956559923878 0.0001570216796124657 0.0002045098298650161 0.0002535493311669866 0.0002470472973545966 0.00021185475059987407 0.0002559228488322684 0.00024076572550723146 0.00026854812921556925 0.00025304338322168013 0.00026377328370265417 0.00015683690508416182 0.00017741046202760012 0.00018091663112957564 0.00022014493874396112 0.00017791679366345087 0.00024396822081394315 0.00021614640321093015 0.00013654347775469926 0.00015760757970560468 0.00019443537716648814 0.00017400175518065175 0.0002869838491457971 0.00030283467223909114 0.0002892772786431473 0.00027816657048458757 0.00019785316413922964 0.00011184713033039305 0.00020853707086558587 0.0002889428174283623 0.000256969220088244 0.00029742212169890723 0.0001769368960387894 0.00018460024911732417 0.00013330425352352262 0.0002023376614051385 0.00019134335789571454 0.0002851845503666665 0.00018821142137302808 0.0002040888680521849 0.00017742644293857962 0.00020011217686055863 0.00015454346901036525 0.000244726678413082 0.00022609335992343979 0.00019500961038535636 0.00026203676386554774 0.00014147543683115 0.00013673347622905838 0.00012614696745413262 4.797292447052037e-06 0.00013113463939046934 0.00010041135222431548 0.00014429323413630546 0.00020669056643724107 0.00021526481653420936 0.00019229355430398038 8.667785705946695e-05 0.00016921154234232188 0.0001585984220170621 0.00015475285634191955 0.00021113805328063008 0.0001055975003398102 0.0001910752588306862 0.0002616628232490081 0.0002509246677885617 0.0002761887308310326 0.00015604826483246015 0.00018837275290402156 0.00016641728889439487 0.0002083958611891172 0.00024388525865819943 0.00018127706435372683 0.0002937697137490295 0.00016323369009956968 0.00016156388739713257 0.0002218620835700879 0.00028006923059778623 0.0002706313334703708 0.00032404496960113615 9.398027821297617e-05 8.204182019791896e-05 0.00017803382544473185 0.000191531129820205 0.0001408701837387006 0.0002731515392723226 0.00028637802132696765 0.00019643941412258488 0.00013541364154684045 0.0002621831648335685 0.00023267350475988756 0.00021836004797264277 0.00019884132975641104 0.0002058913680659339 0.00019239022071144372 0.00012833545902684004 0.00028489399777811993 0.0001609273438267301 0.00021754235790767614 0.00011508053759297249 9.064664565878181e-05 0.0001532452482895476 0.0001786698830953721 0.00024814659020433693 0.00013757146018224733 0.0001747464909480738 0.00024792812544529664 0.00018782611541162347 0.00032466800375697906 0.0002278959615747995 0.00022263556049813152 0.00019241675201728373 0.0001722563420671653 0.00018611936723344078 0.00018097318740336937 0.00025990991128573015 0.00026204987176184764 0.00020995420870807517 9.39767474900238e-05 0.0001604961091321535 0.00028247775022345633 0.00019674531430701467 0.0001689727793041889 0.00018283844722291576 0.0002683815588637197 0.00023616761342598602 0.00018521392487541404 0.0002328422413586886 0.0002845575529114374 0.00031818773048068337 0.00025174791297292586 0.00028125885220895715 0.0003033613176451289 0.00021017150991023577 0.00024094124276862044 0.00018789164354539382 0.00022398408926291858 0.00011758885264424908 0.0001834561738193693 0.0001770103304609183 0.0002205735540740296 0.0002675018236313211 0.00020336137384541886 0.00020893404600232885 0.00023004663478117906 0.00018640149204547743 0.00021351941303919382 5.5480103265413125e-05 0.00018976254647632703 0.0002995114787109244 0.00035815474290191 0.00025533530739029684 0.0001923781792710369 0.000247177194741751 0.0002503271783246702 0.00017348121610145988 0.00024281838291443137 0.00012207808100084695 9.27476587272119e-05 8.26106568725095e-05 0.00017406481231806796 0.0001632635345714629 0.00018771027595277217 0.00021033074813793845 0.00016906452547257777 0.00021729475799986693 0.00020348554007488265 0.0001274871992157304 0.0001551136730063902 0.00013819071063569976 9.382206042920748e-05 0.00018312640599540438 0.00026499741910016153 0.00027197173606174744 0.0001843378137332303 0.00011334440905804471 0.000217702951638042 0.0001782190231802393 0.00019721292697073595 0.00015743264229702215 0.00022661407625153363 0.00022617527948767704 0.00031780370309626124 0.00012920616257951228 0.0003790853062809626 8.153514074790015e-05 0.000234526335635803 0.00016149630535491994 0.00012200823819376398 0.00018571329475696265 0.0002711866679384513 0.00028400271162145924 0.00019461032261508952 0.00016130927714741905 0.00020158551649975372 0.00018979195048015733 0.00015039089799994912 0.00017650370345588168 0.00014424217988736365 0.00019138032996061656 0.00014114400536534763 0.00019144975097756708 0.0002455476792249905 0.00024789863952236847 0.0002482263895129418 0.000234456659465995 0.0001939868924024399 0.00016537344859731277 0.0001239570011144753 0.00018269738318285123 0.00011525895135396846 0.00018339676602257898 9.759068020192265e-05 0.00024646422027799767 0.0002616207251491332 0.0001396871396759054 0.00021606537062432259 0.00018327458698953384 0.00019384548792672742 0.00018880132365811926 0.0002613041056225963 0.0003331360364931161 0.0003027873493874037 0.00017167003130066165 0.00014263896789833594 0.00013432949172075128 0.00016639328426024764 0.0003020508851481736 0.0002421201028259129 0.0001859282596417132 0.00012475273817875255 0.00020679825028861103 0.00018740284655715698 0.00015024281249291862 0.00015752633242168605 0.00021141130993496381 0.00025219450527385907 0.0001435009874651976 0.00017458543612948457 0.00022322597527191958 0.0001360688983737268 9.932490391488606e-05 9.15667532002462e-05 0.00028054403624742637 0.00013597091764099828 0.00022881277582356558 0.0002132922379618121 0.00022022264128275686 0.00024101951813139727 0.00029828512026049646 0.0002795808589801701 0.0001437942508404925 0.00024178284407350487 0.00013111994667505287 0.00022814920805595717 0.00017297675514381185 0.0002196210389208526 0.000243624430025009 9.250877577962565e-05 0.0002469299418427164 0.00016025622957552738 0.00023974164897797284 0.00023735370623383152 0.00015255926040014624 0.00023015647009057082 0.00024372176681922565 0.00016878470717685565 0.00023612494311457655 0.0002921631469356603 0.00019684021265451319 0.0002496956990214562 0.00027050948794828035 0.0001789342270093631 0.0002261267631546749 0.00018595611133866082 0.0002294115286346575 5.161807894458436e-05 0.0002724618417159074 0.00019815546339578365 0.00029175607145586423 0.00027295729291353126 0.00019273716509038915 0.00024070682345126254 6.614646933101878e-05 0.00016631772093904606 0.00020410660903084422 0.00019849501507959022 0.0001453167781349324 0.00022882546211227875 0.0001930611525241268 0.00013128989790904267 0.00018353596422464847 0.0002122757614051338 0.0002682463114019924 0.0003079381792155846 0.0002584561760658947 0.00028591935346968466 0.00020039174719816818 0.00032010996898404427 0.00029224170175971365 0.00016222799978527484 0.00021082483382154724 0.0002458343306541904 0.0003023863152059691 0.00021188659786751903 0.00033442881042029804 0.00013232297226366518 0.0002740453425334318 4.2626343132144695e-05 0.0001834850044878211 0.00016191372055915202 0.0002524819070056429 0.00022981811262601297 0.00015242529448348047 0.00010157105043668552 0.0001873868992477677 8.387066833675285e-05 0.0001348185519727553 0.0001288736089419568 0.00012561859709454045 6.971619358869234e-05 0.00023442943287946106 0.00022240332812732512 0.00024265142786612556 0.0001832029751336356 0.0002641493867813337 0.0001580195747415689 3.3685023567947846e-05 0.00020854319210726133 0.00024230885234085073 0.0002586853490494048 0.0002206951487499242 0.0002300293793222473 0.000289220090975709 0.00017915581328707133 0.0002306200813905941 0.0002838011468404011 0.00016074950365322515 0.00020664357400906208 0.0001646873529163076 0.0001745141216077183 0.00017287741136581044 0.00017626079390934638 0.00023036265006606536 5.6774169821689326e-05 0.0001930773183361036 0.00018532070876513154 0.0001896829995921947 0.00020258689299731413 0.00021266340001809518 0.0002270177433113493 0.0002603466456043508 0.00024761366261541554 0.0001238879818882141 0.0002290298018619133 0.00021378950836225405 8.293656247377919e-05 0.00020512857737243876 6.16367374768562e-05 0.00020345166477045594 0.0002739191474459164 0.00024085215653696485 0.0002031374296617754 0.00018166826842168495 0.0001994081678496766 0.0002070287558117178 4.763089560340648e-05 0.0002915709878043816 0.00023969276391281257 0.00019359907630020633 0.0001766462118963288 0.00010236934726613904 0.0001868696697908171 0.00022185095621600826 0.0002384459631870743 0.00012594458700714367 0.0002549331497495653 0.00024401644567873922 0.00030951414529803694 0.0003086849879907999 0.00025142894011512707 0.0002078245160095006 0.00026720680220342373 0.00016960209895800933 0.000209090819184197 0.00028648954466333306 0.00019683565863650265 0.00022603918375248803 0.00020933297129491484 0.0002319803195648721 8.195121246032973e-05 0.00018867510337801786 0.00016149614010995693 0.0001151954916532264 0.0001992680776832954 0.00016775909726648606 0.00024892884150939465 0.00027637858482409944 0.0003126416320520015 0.0002482838513839194 0.0002658508210765969 0.0002839489177015153 0.0002588963205454872 0.00026296953668055205 0.00028320468706283025 0.000181808075850651 0.00024687771404766415 0.0003018740462356334 0.00021068510391426942 0.00027914918528371 0.00025415323963001485 3.465085420495803e-05 0.0002699801571231064 0.0002591724407448084 0.00018269530792011163 0.00014922168160149806 6.379182560472558e-05 0.00016718030925450984 0.00018879592415558353 0.00025739399745720523 0.0003123976223419429 0.000182498678356238 0.0003101015779522201 0.00021176366102048668 0.00030061748583121227 0.0001913045134126343 0.00030887631263141254 0.00014592997159034484 0.0002906229074879448 0.0002481889490064602 0.00027749122941148654 0.0002594645508365249 7.839840547128894e-05 0.000286874865835257 0.0002839181938642244 0.00031568719375819746 0.0002582344884088099 0.0001429470948870371 0.00025623383462047454 0.00015135858413030325 0.00024115640918841367 0.00023579098537623565 0.00028295427650490033 0.00031063022144989916 0.0002991027123315689 0.00018965522405642782 0.00033178833023471237 0.0002207342531083551 0.00027680415150733377 0.00024651272752174944 0.000308678291901024 0.00018762280903372519 0.0002319785612272895 0.00023979220266902797 0.0002359720788802273 0.0002547286467432436 0.0002569648994017151 0.00028922006712802403 0.0001572018734381766 0.000254020238385114 0.0001265719614230548 0.00023810320237535986 0.00016419250115842402 0.0002843843353260766 0.00026841187881950857 0.0003156819509712707 0.0002822714142229594 0.00024816007861890586 0.00027833239136455226 0.00018420894845692202 6.971051663089739e-05 0.00024960287992215323 0.0002573840364746053 0.00018767592254010463 0.00024466980327338795 0.00024304062355833531 0.00032293635260799793 0.00036283403486973056 0.00022880641284905937 0.0002768843124548844 0.0002338486570369957 0.000315267931269917 0.00014488098511130626 0.00031463945852858996 0.0003242921982248277 0.00022083328436858907 0.00032361887368961313 0.0002472441702036707 0.00021177094722289126 0.0003197164305287738 0.0002321022144657781 0.00023900658346007853 0.000152179885995639 0.00011553521893845379 6.692942154289014e-05 0.0003564703640003847 5.3304488835736684e-05 0.00020457704282525382 0.00023922332813985705 0.00020037400964238969 0.00011878169981977646 0.00036792807584896947 0.0003406519678979873 0.0001099015999433258 0.00031801893245311395 0.00021316610285636146</DataArray>
<DataArray type="Float64" Name="g_contact" format="ascii">0.00013466198783349591 0.00013465108254669494 0.00017422841935375787 2.477721616780887e-05 0.0001767798790203941 0.00024179248593022271 0.00017107322317504343 0.00016899543410136457 0.0001912262858216078 0.0001777298803239415 0.00013573323982050977 0.00012015874861415727 0.00023284431644403578 0.00014177499770164683 0.00014260930976650414 0.00011878615257942641 0.00017315174708945388 0.00011366840180069253 0.00015626899261438388 0.00014371803937467638 0.00023663193785241916 0.00025034404834433987 0.00013201059269399523 0.00016873014762855884 8.211457059356642e-05 5.0764810672195914e-05 0.00017259971260032915 0.0001555407528275107 8.96465624534863e-05 8.101869887670967e-05 9.389852749794099e-05 0.00010024361999107367 0.00018491506672890855 0.0001919903779201293 0.00019012775721252438 0.00015180926563202997 0.00016188846934710099 0.00011660836006645043 0.00023330620865921422 0.00025619322213091906 0.00028857169886503756 0.0002408479540338015 0.00019861343771526317 0.0002587287923695552 0.0002090939317163939 0.00015374566217849075 9.5887603338381e-05 0.0001808642401721519 0.00015655161698371908 0.00018097068568564539 9.934397148844167e-05 8.282622028662742e-05 0.00013905255568037207 0.00016402391428132026 0.0001361700292519717 0.0001924612323246007 0.00014590989884103055 0.00016229394475922218 0.00016642450702848287 0.00021783017284541945 0.00025707527625214876 0.00016085220232872909 0.0002861357694472393 0.0002004616804437293 0.00020420064609689758 0.0001368480421320109 0.00017265068280641134 4.136046457970468e-05 0.00018840258433804917 0.0001696564869095431 0.00011571123223223417 0.0001556548976252459 0.0001628146492614811 0.0001266119037727062 0.00017767256115081356 0.00021293361265636257 0.0001667660153479596 0.00011676365438287365 8.220886443210516e-05 0.00013342225100592553 0.000180125293592541 9.002113577573642e-05 0.00014912493325645434 0.000139777182311892 0.00013291467729833876 0.00011593796810187514 0.00016916509927698392 0.0002365574084856493 0.0002815844150525903 0.0002322528781904339 0.00024275883715687551 0.00017102733701112834 0.00012271565674309854 0.00010476611709851612 0.00011158520364040789 0.00012977107717826843 6.43654418307081e-05 0.00020304821415677722 0.00019625200470361245 0.00013314449959953863 9.551957829454474e-05 3.68907921029451e-05 4.1603800780594003e-05 2.9049041361122127e-05 4.2751320793745705e-05 0.00017827392824517604 0.00012638592851206857 0.00018233857752864295 0.00014688032670886927 0.00016322445090034477 0.00016331840843751173 3.705833090367089e-05 9.022375077206522e-05 0.00022994799581620354 0.0002281946050328939 0.00017177043632885352 0.00022991561502557387 0.0001658249406455517 0.00011020044924453852 0.00023467152010287016 0.0002430044843918079 0.00023972440823473773 0.00022042891532269665 0.0001680441051526747 0.00014598290085779137 0.0002709665623148153 7.848631050390276e-05 0.00020985039935241895 0.00020794037642238108 6.60691290457417e-05 4.8205994779975364e-05 5.4447321884387555e-05 6.600355837070219e-05 0.00012575841510675996 0.00020028042059126643 0.00018969101979715152 7.843897961840665e-05 0.00016135437655993455 0.00019297293536301653 0.00014762653931069545 6.700155736214227e-05 0.00015167734638185 0.00010571695150039978 0.0002020173977055932 0.00019221462273176496 0.00016128574177264423 0.00013719322565369283 0.00018632590632728887 0.0001421460847597355 0.00016842673625485808 0.00016003663343416266 0.0002261821456709063 0.00016377965123001234 0.0001875567629560007 0.000232830387575328 0.00010368845737833501 0.00013165227822127442 0.00015435271083875295 7.477126568047853e-05 0.00010422903914165604 0.00011315898260428959 0.0001770495670745547 0.0002021157216143682 0.00022814289814714577 0.00026424122486753634 0.0002000256346820921 0.00031941872148058613 0.00024464442369106696 0.00025744755476290885 0.00022256210579245597 0.00010536630377401722 0.00016801432215543936 0.0001731346656413655 5.2063675669254866e-05 3.999210044967357e-05 7.534587472581502e-05 7.533936906351382e-05 4.6720750357366824e-05 0.00019584562972038022 0.00022506496771202992 0.00015931116642610356 0.00018732240545779675 0.00023615076206762045 0.00022619635125332817 0.0001757666928699852 7.19466416728668e-05 7.345763205506261e-05 8.130570175960586e-05 8.469659170395726e-05 0.00010345985445249677 0.00021092267379983 0.0001885262589477804 0.00021404051979701837 0.0001272823277355952 9.513372705869725e-05 0.00014239276249094148 0.00022555859011153196 0.00025293948740011 0.0001620144826118742 5.127755369848429e-05 0.0002298967099719461 0.00017294418668900292 0.0002118954542122069 0.00020341716711207194 0.000232872315107067 0.0001736393774394013 0.00011628667054367825 0.0001817092910614613 0.00021722299161962386 0.00019412414368470023 0.0001544128235802787 0.00015863550528660915 5.695848176109171e-05 7.493867961329341e-05 0.00017319854756480028 0.00015858045742898254 0.0002113795340813479 0.0002176661406590264 0.0001178471045928601 1.741993069635567e-05 0.00010801768073741905 0.00010602326740341179 4.774398635102815e-05 0.00011522544780080049 0.00012823969503980955 9.272023524425586e-05 0.00022665474692244947 0.00015128143218308955 0.00018230764197928434 0.00020361848786142175 0.00019108592100842671 8.051518646190489e-05 0.00011710494346565849 0.00010428286548521819 8.814702635652007e-05 0.0001531026578868967 0.0002233347341180035 0.00016073018596743642 0.0001494313902020149 0.00022420214050441353 0.00021167719605494055 0.00014237615182211328 0.00025555287522195934 0.00013531567666751903 0.00019656484133381683 0.00021025455514719503 0.00010528988538013747 0.00018053722690001097 0.00017837316630937798 0.00014955342893370498 4.5409942731353267e-05 0.000154869269502474 0.00027196929987110483 2.882619719523843e-05 0.0001996058070220806 8.438417297964916e-05 0.0002488074838211063 0.00029356367340587544 0.00013972791187449263 0.0001647070675434266 0.0001464152688816694 0.0001712134307905757 0.00013824257226405896 8.361813925045471e-05 0.0001294862306587482 0.00013046328398985194 0.0001234148645494797 0.00018917629260164023 0.0001705278501036406 9.302615665297062e-05 0.00021652004424094868 0.00013532194378050558 0.00013407159558701258 8.365787149381406e-05 0.00015477464602096244 0.00017867741011340891 0.00012152314307772444 0.00016249519327913117 0.00011263467622699879 0.00015805636898893062 0.00015134986922336443 8.826032383231624e-05 6.999765183089717e-05 6.685157301373358e-05 6.249324548435035e-05 6.93384712070346e-05 5.209283513251842e-05 0.00015534770659263384 0.0001599430347664303 0.00012440574915336636 0.00026190906007928557 7.684661693602342e-05 0.0002919755709153987 0.00016167158937646395 7.887855968122994e-05 0.00012133964835731919 5.6019712705096654e-05 0.0001842406143992974 0.00022114526043335965 0.0002761082345423325 0.00028333309735956424 0.00015273440431948058 0.00014524560908502654 7.51620038023202e-05 0.00013255815962627624 0.00018085862742530423 0.00016360314613277622 0.0002667225888891013 0.00028634830420760444 0.0001478929152276351 0.00012433469539662533 0.00019400152091913542 0.00024967912169872363 0.00020600504059453518 0.0002752768744996589 0.00014528195475955989 0.00016182277009688226 0.00021776887518166042 0.00013119708929577317 0.0001502253986749722 0.00023489317325820028 0.00012987712344329666 0.0001891526882154322 0.00015347777216709907 0.00017959082607893148 0.00017334143464965734 0.00019957606391890294 0.00019823391207503512 5.1503509216781214e-05 0.0001850883276215621 0.00011765433489484789 0.00011691056850148538 0.00010028646784593858 0.00014932149914300858 0.00014797397875083009 0.00011053484606097205 0.00018832825025677673 0.00019712650492946884 0.00015304499174030657 0.00011302843083959778 0.00017395420689631126 0.00010049140164066673 0.00018695845903876605 0.00024273747140816923 0.00014493873921939002 0.0002853902232988687 0.00017334117886689255 0.00014904043429925446 0.00021398289738961288 0.0001721218957318493 0.00020006844239034018 0.00024346173319817223 0.00013267033212671292 0.00019375879576425048 0.00024093229735373012 0.0002744207812435321 0.00021612215471468382 0.0002930400937122583 0.00019288544957826693 0.00024368359461282032 0.00017298142978012097 7.24906615783689e-05 0.00017717292288361107 0.0002067683991025748 0.00019957746419014066 0.00021682483155366947 0.00018100268446938814 0.00019749830488014682 0.000171690255080419 0.00012946344111882784 0.00017378032397791877 0.0001981761463257724 0.0002179581253596132 0.00016920295701383054 9.048240134843293e-05 0.00018786542745220994 0.00011097906883250545 0.00012802872231476044 0.00026323594235932096 0.00023675440382793002 0.00019696044863662369 0.00019022799791552686 0.00012490784046293837 0.00017990517882179231 0.00026820088831672 0.00011817119851192278 0.00020907839847695902 0.00033118575807480915 0.00015759690492950728 0.0001333503484900569 0.00020988924743069884 0.00014606370516970612 0.00022226261334217437 0.0002223155861657662 0.00016549700917208 0.00024330735640605745 0.00024365160553394238 0.00022902884262025346 0.00012619405185738846 0.0002086335632454123 0.0001488193522793529 0.00020904700276483135 0.0001540446445505468 0.00017215946658901565 0.00019147473815954653 0.00025335618700819505 5.624798187423699e-05 0.000270440671268492 8.848287624232165e-05 0.00019994259970834908 0.00032213781426145303 0.00018545742854148491 0.00014672760352043 0.00015906441751945978 9.160271162356752e-05 0.00015979766142747091 0.00020592655499506368 6.259887885801977e-05 0.00021231146580010345 0.0001969894328848678 0.00013886520001108623 0.00010552967517270541 9.880751830906412e-05 0.00021380080257304924 0.0001686162588079907 0.00017486941700840667 0.00025685307933512097 0.00016695019870484752 0.00027399738587262086 0.000197775465145308 0.00029268431855264876 0.00019437404373130079 0.00020922524764886079 0.0001741674920277325 0.0001173544188047106 0.00022478484332389746 0.00012971914339141458 0.00018842595787968306 0.0002038519817791797 0.0002030451517365897 0.00021777169147448017 0.00020610863864367623 0.00026003559514107475 0.0002086504195000013 0.00011281923660188817 0.0001874451578669939 0.00022674107223916916 0.00016341250974878646 0.00013614864910469718 0.0002145406112554994 0.00025162865216188753 0.0002747696699047064 0.00017489727896823092 0.00024497511069729387 0.00012057930464521758 0.00012468531910054384 0.00015474188201133635 0.00016781036375351343 0.00025286787781641433 0.00026044292604123404 0.0001671672856302823 0.00018602193758632542 0.00024727468576249086 0.00018926644466783397 0.00019527316374874347 0.00014229299163127652 0.00023036388537545102 0.00013180783129320298 9.64836376676105e-05 0.00020150235643371902 0.00019398535708528263 0.0002981840584386443 0.00023629455339101418 0.00026467881447391324 0.0002016536865752232 0.00024759130132180325 0.0003186841495484484 0.00010575387861785519 0.00024519833953822086 0.0002973848574563432 0.00021331790177740037 0.00015486240236843325 5.930091613503652e-05 0.00018890293041435162 0.00015006286479914767 0.00018229036796480778 0.0002332579394536008 0.00026666479446587623 0.00021771742889614183 0.00021092783833336973 0.000248205272322548 0.00016619687149150615 0.00025755708838848485 0.00021174637738729203 0.00012782526008230013 0.00017829428076524714 0.00026292297335770885 0.00019218837544497988 0.00023173688927394917 0.00016047240635353181 0.0001464472533369582 0.00019055712619063647 0.0002478324250061655 0.00025841468880263683 0.00023978613808876292 0.00019583737266573245 0.00019653568678689912 0.00013006593965699233 0.0001198820145929913 0.00017462844483731168 0.00010974073817433146 7.199119041774265e-05 0.00020073039929258664 0.0002697844977679858 0.0002704648146210369 0.0001393058960098643 4.840793743810365e-05 6.053698155528823e-05 0.0002486934702336983 0.00021616934222801825 0.00021166271117891873 0.00017696710181529932 0.00017898519389139954 0.0002413480420167639 0.00021441481227681554 0.00018646598915630783 8.040705956686555e-05 0.00012686753999437662 8.321044177592541e-05 0.00016635822981709794 0.0001719085488153601 0.00019061236559161603 0.00022818312833998184 0.00019424211856218572 0.00025951901255300794 0.00021114733534879557 0.00025313974885277356 0.0002118990569710822 0.0002093325096636155 5.54611487180428e-05 0.00024686717047217095 0.00024955446289970563 0.00017860710399789862 0.00019987534964463474 0.00017098776090218766 0.0002064108553281749 0.000222110641680961 0.0001590060502140202 0.00022268214885959217 0.00014099660265108776 6.188749757421719e-05 0.00021009353066827547 0.00023556163630767326 0.00014634955366774852 0.00010522398997891656 0.00020851773685091454 9.17939391958975e-05 0.0002231592713307789 0.0002662951750936701 0.00011762023134224854 0.00011197978847067735 0.00020874182252570553 0.0001680153082842271 0.0002249160137630297 0.00016469719331821023 0.0001951827689455939 0.0002285690102368818 0.00019736541320074683 0.0001948280121241034 0.00013779485099623098 6.212482868124197e-05 0.00014672319494069415 0.00010689959076525415 0.00016044796853597793 0.0003089834310352798 0.00027277951036677663 0.00026655148030235736 0.000258706824136576 0.00013138756010433575 0.0002461350096154801 8.497903437241881e-05 0.00018356072659483016 0.00031981326524857404 0.00015561739635268278 0.00015290495308013365 0.00013497169579537794 0.00013288229739029289 0.00017925649058294786 9.526212271731683e-05 0.0002199415300010809 6.456892258043003e-05 0.00021475073118254625 0.00014128527146520847 0.00010690175468698181 7.543428861853129e-06 0.0001341659419900623 0.000175710007931172 0.0002184798768513147 0.00019068403982031468 0.00018413593922893577 0.00021992847069172826 0.00021754694795049774 0.00015231582321628036 0.00020021111623321524 0.00016797011298762528 0.00024037374191941257 0.00029025895071523386 0.00026591531636986675 6.212434629967573e-06 0.0002132151225554273 0.00023495501895221387 0.0001984185576213865 0.00015092455964072892 0.0002025247223721855 7.763466850810727e-05 0.0001844813382522722 0.00015456292574439064 0.0002468276528301707 0.00024897140655636904 0.00019999826391373633 0.00012314246253235456 0.0001979073209444983 0.00017828940121959752 0.00014924405992407675 0.0002397741146879381 0.0001676850667862015 0.00017832238762723713 0.0002790102891757436 0.00023861835466559137 0.00016760645179279336 0.00023496644507523527 0.00010206310878795372 0.00030041097667354464 0.0002475703574702876 0.00019411402982733996 0.00024412786752458325 0.00019464230154086205 3.900327802823451e-05 0.00017375960329859375 0.00024314888305507407 0.00013423816773709826 0.0001477669803087142 0.00021983368914509159 0.00018726539231768614 0.0001885489089195032 0.0001450746930875534 0.00015864887143235981 0.00014596719211534928 0.00023316973453044615 0.00021387322059898797 0.00012495674195885272 0.00019460980102398154 0.0003510949610972172 0.0003232665347453346 0.000309900037638518 9.382527643738429e-05 0.00016386654848503954 0.00015219625702176366 0.00020354778618210024 0.0002082082712038708 0.00020096388619576788 0.00016919795032011603 0.0002309291039591164 9.786542311490439e-05 0.00019351599556309028 0.00019284126896610586 7.946599132532218e-05 0.00025132252705580195 0.0002516709111612886 0.00020410643619294303 0.00019723848128388487 0.00028553280103581316 0.00022628404719139735 0.00014348421437438588 0.00013198801812916533 0.00015964638462341504 0.00010114557861289632 0.00020366226357156026 0.00010174847598747501 0.00020383077407204757 0.00027985505112849615 0.00013577700734560127 0.00027612295963765743 0.00023341011683101278 0.0002392902828762234 0.00018413261228122352 0.00024705561010423887 0.000232048075777134 0.00025294475336608903 8.081262520606404e-05 0.0002086744736812487 7.363024546485454e-05 0.0002549739337752792 0.00015939985925740404 0.00011945003371883278 0.00025879817094762983 0.0002243221748320109 0.00022797921374746881 0.0003107824359674547 0.0002903167349902849 0.00015758406548760552 0.00026850182599590924 0.0002342909478213672 0.0002529125601922865 0.00014946868761110603 0.0001947171006063624 0.00010580204180224947 0.0002644958336919411 0.00020548529012700707 0.00011943712481936047 0.0001288565990255056 0.00031058447432010585 0.0003135237487635588 0.00027694904853645824 0.00019107927982722227 0.00020664788981804646 0.00014490369963278903 0.00014361618940074476 0.00022235970171210828 0.00019573346710439663 0.0002062073094804899 0.00020091589452066685 0.00015868150157138518 0.00029937429277500594 0.0002282109137270602 0.00023179982557805677 0.00015231049833941236 0.00032522655729996455 8.587342564053295e-05 8.340237920330368e-05 0.00029728331893202805 0.00021987490389354565 0.00028245526933714767 0.00029007459208230894 0.00012823121587100678 0.00026137131511632847 0.0002769112659547038 0.00013049401923437564 0.00016576415245465317 0.000246843016803096 0.0003647982579701223 0.00030960874846036146 0.0002735726351643098 0.00018207721651701598 0.0001991394253480018 0.0002369967477120724 0.00023302457391058962 0.00021012283604308744 0.00012672987871806154 0.0001255379309549726 1.541101199662986e-05 7.012809698441678e-05 0.00013531487882666288 0.00020917577546955955 0.00021543727951307283 0.0002160398174734724 0.00020883963359730822 0.0002843175500162743 0.0001435232320869914 0.0003068579966978513 0.00011311048233991027 0.00019482715285252608 0.00012799051289299747 0.00019026422248920915 0.00011026276819186004 7.245073429353198e-05 0.00019688737793805428 0.0002399185604341626 0.00023950520725494765 0.00019331587986238337 0.00018936446040338143 0.00020094146830179662 0.00022006910297796585 0.0002543263583640439 0.00023519983983602338 0.00020586482993054531 0.00020933445456952675 0.00021155798164443798 0.00011331326428483426 8.549459387943138e-05 0.00013497446875336512 0.0002959934984966112 0.0002670737970165485 0.0002831071016772171 0.000277713593535602 0.0002394838355764426 0.00026549365259918986 0.0002212578421228766 0.00023073377723912357 0.00020912386431357934 0.00017817771431253876 0.0002460124720175031 0.00026966268049279736 0.0002110774184967587 0.000209976558589661 0.00020008417939949965 0.00023231575580126337 0.00020898517661627482 0.00022649612853740063 0.00018603440731660868 0.00025201988939604854 0.00022608176045092832 0.00022113298251525242 0.00020945819248560752 0.0001804934959764097 0.0002583631417060721 0.00022643681454777455 0.0002990639358928019 0.0001740506490469606 9.040595323018095e-05 0.00015100104437234738 0.00016887463598480807 0.00014004129978749575 0.00010734655143461487 0.00026729861686379655 0.00028361618175724916 0.00032216896265038856 0.00019343182901048711 0.00020450964660644028 0.00022281922346654819 0.00012332747465122526 0.0001680453171031771 0.00022744988661715747 0.00022442337893439112 0.00020169043957854324 0.00023403234641363875 0.0002249642678662675 0.00021706396065162352 0.00022560107111115776 0.00020720731661011773 0.0001632612646787417 0.0001758482475448851 0.000198451365134931 4.569691440105755e-05 0.00023268847284164493 0.00017935143806635913 0.00023302388925364287 0.00016140446721368877 0.0002660468096928984 0.00012233667645738516 0.00018761114930987365 0.00021306956559923878 0.0001570216796124657 0.0002045098298650161 0.0002535493311669866 0.0002470472973545966 0.00021185475059987407 0.0002559228488322684 0.00024076572550723146 0.00026854812921556925 0.00025304338322168013 0.00026377328370265417 0.00015683690508416182 0.00017741046202760012 0.00018091663112957564 0.00022014493874396112 0.00017791679366345087 0.00024396822081394315 0.00021614640321093015 0.00013654347775469926 0.00015760757970560468 0.00019443537716648814 0.00017400175518065175 0.0002869838491457971 0.00030283467223909114 0.0002892772786431473 0.00027816657048458757 0.00019785316413922964 0.00011184713033039305 0.00020853707086558587 0.0002889428174283623 0.000256969220088244 0.00029742212169890723 0.0001769368960387894 0.00018460024911732417 0.00013330425352352262 0.0002023376614051385 0.00019134335789571454 0.0002851845503666665 0.00018821142137302808 0.0002040888680521849 0.00017742644293857962 0.00020011217686055863 0.00015454346901036525 0.000244726678413082 0.00022609335992343979 0.00019500961038535636 0.00026203676386554774 0.00014147543683115 0.00013673347622905838 0.00012614696745413262 4.797292447052037e-06 0.00013113463939046934 0.00010041135222431548 0.00014429323413630546 0.00020669056643724107 0.00021526481653420936 0.00019229355430398038 8.667785705946695e-05 0.00016921154234232188 0.0001585984220170621 0.00015475285634191955 0.00021113805328063008 0.0001055975003398102 0.0001910752588306862 0.0002616628232490081 0.0002509246677885617 0.0002761887308310326 0.00015604826483246015 0.00018837275290402156 0.00016641728889439487 0.0002083958611891172 0.00024388525865819943 0.00018127706435372683 0.0002937697137490295 0.00016323369009956968 0.00016156388739713257 0.0002218620835700879 0.00028006923059778623 0.0002706313334703708 0.00032404496960113615 9.398027821297617e-05 8.204182019791896e-05 0.00017803382544473185 0.000191531129820205 0.0001408701837387006 0.0002731515392723226 0.00028637802132696765 0.00019643941412258488 0.00013541364154684045 0.0002621831648335685 0.00023267350475988756 0.00021836004797264277 0.00019884132975641104 0.0002058913680659339 0.00019239022071144372 0.00012833545902684004 0.00028489399777811993 0.0001609273438267301 0.00021754235790767614 0.00011508053759297249 9.064664565878181e-05 0.0001532452482895476 0.0001786698830953721 0.00024814659020433693 0.00013757146018224733 0.0001747464909480738 0.00024792812544529664 0.00018782611541162347 0.00032466800375697906 0.0002278959615747995 0.00022263556049813152 0.00019241675201728373 0.0001722563420671653 0.00018611936723344078 0.00018097318740336937 0.00025990991128573015 0.00026204987176184764 0.00020995420870807517 9.39767474900238e-05 0.0001604961091321535 0.00028247775022345633 0.00019674531430701467 0.0001689727793041889 0.00018283844722291576 0.0002683815588637197 0.00023616761342598602 0.00018521392487541404 0.0002328422413586886 0.0002845575529114374 0.00031818773048068337 0.00025174791297292586 0.00028125885220895715 0.0003033613176451289 0.00021017150991023577 0.00024094124276862044 0.00018789164354539382 0.00022398408926291858 0.00011758885264424908 0.0001834561738193693 0.0001770103304609183 0.0002205735540740296 0.0002675018236313211 0.00020336137384541886 0.00020893404600232885 0.00023004663478117906 0.00018640149204547743 0.00021351941303919382 5.5480103265413125e-05 0.00018976254647632703 0.0002995114787109244 0.00035815474290191 0.00025533530739029684 0.0001923781792710369 0.000247177194741751 0.0002503271783246702 0.00017348121610145988 0.00024281838291443137 0.00012207808100084695 9.27476587272119e-05 8.26106568725095e-05 0.00017406481231806796 0.0001632635345714629 0.00018771027595277217 0.00021033074813793845 0.00016906452547257777 0.00021729475799986693 0.00020348554007488265 0.0001274871992157304 0.0001551136730063902 0.00013819071063569976 9.382206042920748e-05 0.00018312640599540438 0.00026499741910016153 0.00027197173606174744 0.0001843378137332303 0.00011334440905804471 0.000217702951638042 0.0001782190231802393 0.00019721292697073595 0.00015743264229702215 0.00022661407625153363 0.00022617527948767704 0.00031780370309626124 0.00012920616257951228 0.0003790853062809626 8.153514074790015e-05 0.000234526335635803 0.00016149630535491994 0.00012200823819376398 0.00018571329475696265 0.0002711866679384513 0.00028400271162145924 0.00019461032261508952 0.00016130927714741905 0.00020158551649975372 0.00018979195048015733 0.00015039089799994912 0.00017650370345588168 0.00014424217988736365 0.00019138032996061656 0.00014114400536534763 0.00019144975097756708 0.0002455476792249905 0.00024789863952236847 0.0002482263895129418 0.000234456659465995 0.0001939868924024399 0.00016537344859731277 0.0001239570011144753 0.00018269738318285123 0.00011525895135396846 0.00018339676602257898 9.759068020192265e-05 0.00024646422027799767 0.0002616207251491332 0.0001396871396759054 0.00021606537062432259 0.00018327458698953384 0.00019384548792672742 0.00018880132365811926 0.0002613041056225963 0.0003331360364931161 0.0003027873493874037 0.00017167003130066165 0.00014263896789833594 0.00013432949172075128 0.00016639328426024764 0.0003020508851481736 0.0002421201028259129 0.0001859282596417132 0.00012475273817875255 0.00020679825028861103 0.00018740284655715698 0.00015024281249291862 0.00015752633242168605 0.00021141130993496381 0.00025219450527385907 0.0001435009874651976 0.00017458543612948457 0.00022322597527191958 0.0001360688983737268 9.932490391488606e-05 9.15667532002462e-05 0.00028054403624742637 0.00013597091764099828 0.00022881277582356558 0.0002132922379618121 0.00022022264128275686 0.00024101951813139727 0.00029828512026049646 0.0002795808589801701 0.0001437942508404925 0.00024178284407350487 0.00013111994667505287 0.00022814920805595717 0.00017297675514381185 0.0002196210389208526 0.000243624430025009 9.250877577962565e-05 0.0002469299418427164 0.00016025622957552738 0.00023974164897797284 0.00023735370623383152 0.00015255926040014624 0.00023015647009057082 0.00024372176681922565 0.00016878470717685565 0.00023612494311457655 0.0002921631469356603 0.00019684021265451319 0.0002496956990214562 0.00027050948794828035 0.0001789342270093631 0.0002261267631546749 0.00018595611133866082 0.0002294115286346575 5.161807894458436e-05 0.0002724618417159074 0.00019815546339578365 0.00029175607145586423 0.00027295729291353126 0.00019273716509038915 0.00024070682345126254 6.614646933101878e-05 0.00016631772093904606 0.00020410660903084422 0.00019849501507959022 0.0001453167781349324 0.00022882546211227875 0.0001930611525241268 0.00013128989790904267 0.00018353596422464847 0.0002122757614051338 0.0002682463114019924 0.0003079381792155846 0.0002584561760658947 0.00028591935346968466 0.00020039174719816818 0.00032010996898404427 0.00029224170175971365 0.00016222799978527484 0.00021082483382154724 0.0002458343306541904 0.0003023863152059691 0.00021188659786751903 0.00033442881042029804 0.00013232297226366518 0.0002740453425334318 4.2626343132144695e-05 0.0001834850044878211 0.00016191372055915202 0.0002524819070056429 0.00022981811262601297 0.00015242529448348047 0.00010157105043668552 0.0001873868992477677 8.387066833675285e-05 0.0001348185519727553 0.0001288736089419568 0.00012561859709454045 6.971619358869234e-05 0.00023442943287946106 0.00022240332812732512 0.00024265142786612556 0.0001832029751336356 0.0002641493867813337 0.0001580195747415689 3.3685023567947846e-05 0.00020854319210726133 0.00024230885234085073 0.0002586853490494048 0.0002206951487499242 0.0002300293793222473 0.000289220090975709 0.00017915581328707133 0.0002306200813905941 0.0002838011468404011 0.00016074950365322515 0.00020664357400906208 0.0001646873529163076 0.0001745141216077183 0.00017287741136581044 0.00017626079390934638 0.00023036265006606536 5.6774169821689326e-05 0.0001930773183361036 0.00018532070876513154 0.0001896829995921947 0.00020258689299731413 0.00021266340001809518 0.0002270177433113493 0.0002603466456043508 0.00024761366261541554 0.0001238879818882141 0.0002290298018619133 0.00021378950836225405 8.293656247377919e-05 0.00020512857737243876 6.16367374768562e-05 0.00020345166477045594 0.0002739191474459164 0.00024085215653696485 0.0002031374296617754 0.00018166826842168495 0.0001994081678496766 0.0002070287558117178 4.763089560340648e-05 0.0002915709878043816 0.00023969276391281257 0.00019359907630020633 0.0001766462118963288 0.00010236934726613904 0.0001868696697908171 0.00022185095621600826 0.0002384459631870743 0.00012594458700714367 0.0002549331497495653 0.00024401644567873922 0.00030951414529803694 0.0003086849879907999 0.00025142894011512707 0.0002078245160095006 0.00026720680220342373 0.00016960209895800933 0.000209090819184197 0.00028648954466333306 0.00019683565863650265 0.00022603918375248803 0.00020933297129491484 0.0002319803195648721 8.195121246032973e-05 0.00018867510337801786 0.00016149614010995693 0.0001151954916532264 0.0001992680776832954 0.00016775909726648606 0.00024892884150939465 0.00027637858482409944 0.0003126416320520015 0.0002482838513839194 0.0002658508210765969 0.0002839489177015153 0.0002588963205454872 0.00026296953668055205 0.00028320468706283025 0.000181808075850651 0.00024687771404766415 0.0003018740462356334 0.00021068510391426942 0.00027914918528371 0.00025415323963001485 3.465085420495803e-05 0.0002699801571231064 0.0002591724407448084 0.00018269530792011163 0.00014922168160149806 6.379182560472558e-05 0.00016718030925450984 0.00018879592415558353 0.00025739399745720523 0.0003123976223419429 0.000182498678356238 0.0003101015779522201 0.00021176366102048668 0.00030061748583121227 0.0001913045134126343 0.00030887631263141254 0.00014592997159034484 0.0002906229074879448 0.0002481889490064602 0.00027749122941148654 0.0002594645508365249 7.839840547128894e-05 0.000286874865835257 0.0002839181938642244 0.00031568719375819746 0.0002582344884088099 0.0001429470948870371 0.00025623383462047454 0.00015135858413030325 0.00024115640918841367 0.00023579098537623565 0.00028295427650490033 0.00031063022144989916 0.0002991027123315689 0.00018965522405642782 0.00033178833023471237 0.0002207342531083551 0.00027680415150733377 0.00024651272752174944 0.000308678291901024 0.00018762280903372519 0.0002319785612272895 0.00023979220266902797 0.0002359720788802273 0.0002547286467432436 0.0002569648994017151 0.00028922006712802403 0.0001572018734381766 0.000254020238385114 0.0001265719614230548 0.00023810320237535986 0.00016419250115842402 0.0002843843353260766 0.00026841187881950857 0.0003156819509712707 0.0002822714142229594 0.00024816007861890586 0.00027833239136455226 0.00018420894845692202 6.971051663089739e-05 0.00024960287992215323 0.0002573840364746053 0.00018767592254010463 0.00024466980327338795 0.00024304062355833531 0.00032293635260799793 0.00036283403486973056 0.00022880641284905937 0.0002768843124548844 0.0002338486570369957 0.000315267931269917 0.00014488098511130626 0.00031463945852858996 0.0003242921982248277 0.00022083328436858907 0.00032361887368961313 0.0002472441702036707 0.00021177094722289126 0.0003197164305287738 0.0002321022144657781 0.00023900658346007853 0.000152179885995639 0.00011553521893845379 6.692942154289014e-05 0.0003564703640003847 5.3304488835736684e-05 0.00020457704282525382 0.00023922332813985705 0.00020037400964238969 0.00011878169981977646 0.00036792807584896947 0.0003406519678979873 0.0001099015999433258 0.00031801893245311395 0.00021316610285636146</DataArray>
<DataArray type="Float64" Name="g_gap" format="ascii">0.0 0.0 0.0 0.0 0.0 0.0 0.0 0.0 0.0 0.0 0.0 0.0 0.0 0.0 0.0 0.0 0.0 0.0 0.0 0.0 0.0 0.0 0.0 0.0 0.0 0.0 0.0 0.0 0.0 0.0 0.0 0.0 0.0 0.0 0.0 0.0 0.0 0.0 0.0 0.0 0.0 0.0 0.0 0.0 0.0 0.0 0.0 0.0 0.0 0.0 0.0 0.0 0.0 0.0 0.0 0.0 0.0 0.0 0.0 0.0 0.0 0.0 0.0 0.0 0.0 0.0 0.0 0.0 0.0 0.0 0.0 0.0 0.0 0.0 0.0 0.0 0.0 0.0 0.0 0.0 0.0 0.0 0.0 0.0 0.0 0.0 0.0 0.0 0.0 0.0 0.0 0.0 0.0 0.0 0.0 0.0 0.0 0.0 0.0 0.0 0.0 0.0 0.0 0.0 0.0 0.0 0.0 0.0 0.0 0.0 0.0 0.0 0.0 0.0 0.0 0.0 0.0 0.0 0.0 0.0 0.0 0.0 0.0 0.0 0.0 0.0 0.0 0.0 0.0 0.0 0.0 0.0 0.0 0.0 0.0 0.0 0.0 0.0 0.0 0.0 0.0 0.0 0.0 0.0 0.0 0.0 0.0 0.0 0.0 0.0 0.0 0.0 0.0 0.0 0.0 0.0 0.0 0.0 0.0 0.0 0.0 0.0 0.0 0.0 0.0 0.0 0.0 0.0 0.0 0.0 0.0 0.0 0.0 0.0 0.0 0.0 0.0 0.0 0.0 0.0 0.0 0.0 0.0 0.0 0.0 0.0 0.0 0.0 0.0 0.0 0.0 0.0 0.0 0.0 0.0 0.0 0.0 0.0 0.0 0.0 0.0 0.0 0.0 0.0 0.0 0.0 0.0 0.0 0.0 0.0 0.0 0.0 0.0 0.0 0.0 0.0 0.0 0.0 0.0 0.0 0.0 0.0 0.0 0.0 0.0 0.0 0.0 0.0 0.0 0.0 0.0 0.0 0.0 0.0 0.0 0.0 0.0 0.0 0.0 0.0 0.0 0.0 0.0 0.0 0.0 0.0 0.0 0.0 0.0 0.0 0.0 0.0 0.0 0.0 0.0 0.0 0.0 0.0 0.0 0.0 0.0 0.0 0.0 0.0 0.0 0.0 0.0 0.0 0.0 0.0 0.0 0.0 0.0 0.0 0.0 0.0 0.0 0.0 0.0 0.0 0.0 0.0 0.0 0.0 0.0 0.0 0.0 0.0 0.0 0.0 0.0 0.0 0.0 0.0 0.0 0.0 0.0 0.0 0.0 0.0 0.0 0.0 0.0 0.0 0.0 0.0 0.0 0.0 0.0 0.0 0.0 0.0 0.0 0.0 0.0 0.0 0.0 0.0 0.0 0.0 0.0 0.0 0.0 0.0 0.0 0.0 0.0 0.0 0.0 0.0 0.0 0.0 0.0 0.0 0.0 0.0 0.0 0.0 0.0 0.0 0.0 0.0 0.0 0.0 0.0 0.0 0.0 0.0 0.0 0.0 0.0 0.0 0.0 0.0 0.0 0.0 0.0 0.0 0.0 0.0 0.0 0.0 0.0 0.0 0.0 0.0 0.0 0.0 0.0 0.0 0.0 0.0 0.0 0.0 0.0 0.0 0.0 0.0 0.0 0.0 0.0 0.0 0.0 0.0 0.0 0.0 0.0 0.0 0.0 0.0 0.0 0.0 0.0 0.0 0.0 0.0 0.0 0.0 0.0 0.0 0.0 0.0 0.0 0.0 0.0 0.0 0.0 0.0 0.0 0.0 0.0 0.0 0.0 0.0 0.0 0.0 0.0 0.0 0.0 0.0 0.0 0.0 0.0 0.0 0.0 0.0 0.0 0.0 0.0 0.0 0.0 0.0 0.0 0.0 0.0 0.0 0.0 0.0 0.0 0.0 0.0 0.0 0.0 0.0 0.0 0.0 0.0 0.0 0.0 0.0 0.0 0.0 0.0 0.0 0.0 0.0 0.0 0.0 0.0 0.0 0.0 0.0 0.0 0.0 0.0 0.0 0.0 0.0 0.0 0.0 0.0 0.0 0.0 0.0 0.0 0.0 0.0 0.0 0.0 0.0 0.0 0.0 0.0 0.0 0.0 0.0 0.0 0.0 0.0 0.0 0.0 0.0 0.0 0.0 0.0 0.0 0.0 0.0 0.0 0.0 0.0 0.0 0.0 0.0 0.0 0.0 0.0 0.0 0.0 0.0 0.0 0.0 0.0 0.0 0.0 0.0 0.0 0.0 0.0 0.0 0.0 0.0 0.0 0.0 0.0 0.0 0.0 0.0 0.0 0.0 0.0 0.0 0.0 0.0 0.0 0.0 0.0 0.0 0.0 0.0 0.0 0.0 0.0 0.0 0.0 0.0 0.0 0.0 0.0 0.0 0.0 0.0 0.0 0.0 0.0 0.0 0.0 0.0 0.0 0.0 0.0 0.0 0.0 0.0 0.0 0.0 0.0 0.0 0.0 0.0 0.0 0.0 0.0 0.0 0.0 0.0 0.0 0.0 0.0 0.0 0.0 0.0 0.0 0.0 0.0 0.0 0.0 0.0 0.0 0.0 0.0 0.0 0.0 0.0 0.0 0.0 0.0 0.0 0.0 0.0 0.0 0.0 0.0 0.0 0.0 0.0 0.0 0.0 0.0 0.0 0.0 0.0 0.0 0.0 0.0 0.0 0.0 0.0 0.0 0.0 0.0 0.0 0.0 0.0 0.0 0.0 0.0 0.0 0.0 0.0 0.0 0.0 0.0 0.0 0.0 0.0 0.0 0.0 0.0 0.0 0.0 0.0 0.0 0.0 0.0 0.0 0.0 0.0 0.0 0.0 0.0 0.0 0.0 0.0 0.0 0.0 0.0 0.0 0.0 0.0 0.0 0.0 0.0 0.0 0.0 0.0 0.0 0.0 0.0 0.0 0.0 0.0 0.0 0.0 0.0 0.0 0.0 0.0 0.0 0.0 0.0 0.0 0.0 0.0 0.0 0.0 0.0 0.0 0.0 0.0 0.0 0.0 0.0 0.0 0.0 0.0 0.0 0.0 0.0 0.0 0.0 0.0 0.0 0.0 0.0 0.0 0.0 0.0 0.0 0.0 0.0 0.0 0.0 0.0 0.0 0.0 0.0 0.0 0.0 0.0 0.0 0.0 0.0 0.0 0.0 0.0 0.0 0.0 0.0 0.0 0.0 0.0 0.0 0.0 0.0 0.0 0.0 0.0 0.0 0.0 0.0 0.0 0.0 0.0 0.0 0.0 0.0 0.0 0.0 0.0 0.0 0.0 0.0 0.0 0.0 0.0 0.0 0.0 0.0 0.0 0.0 0.0 0.0 0.0 0.0 0.0 0.0 0.0 0.0 0.0 0.0 0.0 0.0 0.0 0.0 0.0 0.0 0.0 0.0 0.0 0.0 0.0 0.0 0.0 0.0 0.0 0.0 0.0 0.0 0.0 0.0 0.0 0.0 0.0 0.0 0.0 0.0 0.0 0.0 0.0 0.0 0.0 0.0 0.0 0.0 0.0 0.0 0.0 0.0 0.0 0.0 0.0 0.0 0.0 0.0 0.0 0.0 0.0 0.0 0.0 0.0 0.0 0.0 0.0 0.0 0.0 0.0 0.0 0.0 0.0 0.0 0.0 0.0 0.0 0.0 0.0 0.0 0.0 0.0 0.0 0.0 0.0 0.0 0.0 0.0 0.0 0.0 0.0 0.0 0.0 0.0 0.0 0.0 0.0 0.0 0.0 0.0 0.0 0.0 0.0 0.0 0.0 0.0 0.0 0.0 0.0 0.0 0.0 0.0 0.0 0.0 0.0 0.0 0.0 0.0 0.0 0.0 0.0 0.0 0.0 0.0 0.0 0.0 0.0 0.0 0.0 0.0 0.0 0.0 0.0 0.0 0.0 0.0 0.0 0.0 0.0 0.0 0.0 0.0 0.0 0.0 0.0 0.0 0.0 0.0 0.0 0.0 0.0 0.0 0.0 0.0 0.0 0.0 0.0 0.0 0.0 0.0 0.0 0.0 0.0 0.0 0.0 0.0 0.0 0.0 0.0 0.0 0.0 0.0 0.0 0.0 0.0 0.0 0.0 0.0 0.0 0.0 0.0 0.0 0.0 0.0 0.0 0.0 0.0 0.0 0.0 0.0 0.0 0.0 0.0 0.0 0.0 0.0 0.0 0.0 0.0 0.0 0.0 0.0 0.0 0.0 0.0 0.0 0.0 0.0 0.0 0.0 0.0 0.0 0.0 0.0 0.0 0.0 0.0 0.0 0.0 0.0 0.0 0.0 0.0 0.0 0.0 0.0 0.0 0.0 0.0 0.0 0.0 0.0 0.0 0.0 0.0 0.0 0.0 0.0 0.0 0.0 0.0 0.0 0.0 0.0 0.0 0.0 0.0 0.0 0.0 0.0 0.0 0.0 0.0 0.0 0.0 0.0 0.0 0.0 0.0 0.0 0.0 0.0 0.0 0.0 0.0 0.0 0.0 0.0 0.0 0.0 0.0 0.0 0.0 0.0 0.0 0.0 0.0 0.0 0.0 0.0 0.0 0.0 0.0 0.0 0.0 0.0 0.0 0.0 0.0 0.0 0.0 0.0 0.0 0.0 0.0 0.0 0.0 0.0 0.0 0.0 0.0 0.0 0.0 0.0 0.0 0.0 0.0 0.0 0.0 0.0 0.0 0.0 0.0 0.0 0.0 0.0 0.0 0.0 0.0 0.0 0.0 0.0 0.0 0.0 0.0 0.0 0.0 0.0 0.0 0.0 0.0 0.0 0.0 0.0 0.0 0.0 0.0 0.0 0.0 0.0 0.0 0.0 0.0 0.0 0.0 0.0 0.0 0.0 0.0 0.0 0.0 0.0 0.0 0.0 0.0 0.0 0.0 0.0 0.0 0.0 0.0 0.0 0.0 0.0 0.0 0.0 0.0 0.0 0.0 0.0 0.0 0.0 0.0 0.0 0.0 0.0 0.0 0.0 0.0 0.0 0.0 0.0 0.0 0.0 0.0 0.0 0.0 0.0 0.0 0.0 0.0 0.0 0.0 0.0 0.0 0.0 0.0 0.0 0.0 0.0 0.0 0.0 0.0 0.0 0.0 0.0 0.0 0.0 0.0 0.0 0.0 0.0 0.0 0.0 0.0 0.0 0.0 0.0 0.0 0.0 0.0 0.0 0.0 0.0 0.0 0.0 0.0 0.0 0.0 0.0 0.0 0.0 0.0 0.0 0.0 0.0 0.0 0.0 0.0 0.0 0.0 0.0 0.0 0.0 0.0 0.0 0.0 0.0 0.0 0.0 0.0 0.0 0.0 0.0 0.0 0.0 0.0 0.0 0.0 0.0 0.0 0.0 0.0 0.0 0.0 0.0 0.0 0.0 0.0 0.0 0.0 0.0 0.0 0.0 0.0 0.0 0.0 0.0 0.0 0.0 0.0 0.0 0.0 0.0 0.0 0.0 0.0 0.0 0.0 0.0 0.0 0.0 0.0 0.0 0.0 0.0 0.0 0.0 0.0 0.0 0.0 0.0 0.0 0.0 0.0 0.0 0.0 0.0 0.0 0.0 0.0 0.0 0.0 0.0 0.0 0.0 0.0 0.0 0.0 0.0 0.0 0.0 0.0 0.0 0.0 0.0 0.0 0.0 0.0 0.0 0.0 0.0 0.0 0.0 0.0 0.0 0.0 0.0 0.0 0.0 0.0 0.0 0.0 0.0 0.0 0.0 0.0 0.0 0.0 0.0 0.0 0.0 0.0 0.0 0.0 0.0 0.0 0.0 0.0 0.0 0.0 0.0 0.0 0.0 0.0 0.0 0.0 0.0 0.0 0.0 0.0 0.0 0.0 0.0 0.0 0.0 0.0 0.0 0.0 0.0 0.0 0.0 0.0 0.0 0.0 0.0 0.0 0.0 0.0 0.0</DataArray>
<DataArray type="Float64" Name="heat_i_to_j" format="ascii">5.108280197748523e-06 -5.108280197742468e-06 -5.250520782698362e-07 -2.9456519421610226e-06 -1.3561517569341868e-05 -1.4969941740689723e-05 -2.9475916147847445e-06 -7.703432388316716e-06 1.9652608623123678e-05 -1.3123832654836635e-05 4.122248034799649e-06 -3.3995923174891645e-06 -2.2135760457876802e-05 -2.081556975753247e-06 -5.82135813551304e-06 9.98404541614419e-06 1.3809512988139356e-05 -6.431042559379766e-06 -1.1541157709429751e-05 -7.6160885377741534e-06 1.8416106541749125e-05 -1.0800018004006624e-05 -8.286072303122638e-06 -3.209103999501796e-06 -3.514737716026435e-07 -5.358988367103242e-06 2.068649498731158e-06 1.513698894268612e-05 -1.1039995874134902e-05 -9.418664690736696e-07 1.8377357503251377e-06 1.0144126592892154e-05 -7.0741490123705524e-06 -8.216570774581947e-06 1.421271169143084e-05 -7.2080642075481065e-06 -1.4010778771860111e-05 3.6176474897279402e-06 2.714229034581977e-05 -1.995826306312857e-05 2.2440008192227524e-06 -3.6970483487995745e-06 -2.0397267463245356e-05 7.858537631873414e-07 2.1064461229564636e-05 1.2819694790021239e-05 -5.9497682247786665e-06 4.492346640074461e-06 -1.117102931183481e-05 -1.9124389339364906e-07 1.2326718822846646e-05 -2.3081388243142757e-06 -7.635321554081493e-06 -7.38218253352975e-07 -1.645040191075806e-06 -2.6840115570796384e-06 -1.4584925879111286e-05 -5.42598893684722e-06 9.440106778677401e-07 -1.255764745272052e-05 -1.0053539490670446e-05 -1.2155959142452668e-05 3.382313540791967e-05 2.0023819329012494e-05 2.596569145057427e-06 -1.1140350923966344e-05 -1.2969857887715555e-05 1.7502809054253497e-06 2.2359927906307838e-05 -1.5668153887691743e-05 -6.737270730258913e-06 -9.071842040313164e-06 9.071842040310786e-06 -9.069909439830715e-06 -5.510768568442907e-06 1.4268369589356181e-05 4.9157418425304435e-06 3.882912307596808e-06 -8.486345731184429e-06 7.788985592927195e-06 1.6744807275989977e-05 1.0726551794430627e-06 -4.423052016217646e-06 -8.77912658915389e-06 1.2184258707615952e-05 1.0179198977020585e-06 1.1619363775184533e-05 -1.3190324590350057e-05 -3.0219031724032807e-05 2.0200134124793167e-05 7.77428721920354e-07 1.0812429692512904e-05 -4.7302593008562757e-07 -9.834106027956168e-06 -1.0476506544580247e-05 1.3167549964880729e-05 -2.229836800881346e-06 4.0395270024772205e-07 -8.500959734605127e-06 1.032684383531277e-05 -9.73036810662696e-06 -1.3096277674996808e-06 -4.415053820695518e-06 1.552028430948908e-06 2.863025389746697e-06 -8.445360720131788e-06 8.961175492506526e-06 -9.001760332740308e-06 8.485945560394988e-06 -4.57788594454261e-06 1.978027165322954e-06 2.5998587792191977e-06 5.119606489678211e-07 1.775577654777705e-05 1.0661406912138838e-05 3.389646919158886e-06 -1.5620320455707813e-05 6.249220082814992e-07 -2.501317714632432e-06 2.4791776084111845e-05 -7.2950599220684495e-06 -1.2371435000208293e-05 5.986131118802962e-06 -1.8769218153542325e-05 1.2480040155002122e-05 1.2674481879961321e-05 -7.401506197864651e-06 9.834483091759468e-06 -2.4329768938844606e-06 -2.042702887587307e-06 -2.8059076996894198e-06 -2.7354018498167993e-06 7.584012437092207e-06 1.1537671869874036e-05 1.0510189855872757e-05 -6.779817037871935e-07 -6.724763585292425e-06 -3.399622931512629e-06 -1.1245493505119418e-05 1.9979239699855338e-05 -4.340093705169032e-06 -1.563914599466626e-05 -3.361148257337869e-07 -3.6614805614273287e-06 -1.0922025261814735e-05 -4.78032820155563e-06 6.502457705691694e-06 -1.3838733652215377e-06 8.991031658335486e-06 -1.4109615998795192e-05 9.795216576202581e-06 -1.051226156711513e-05 3.1674445436908425e-06 1.685826811266656e-05 -1.9308667665498984e-05 5.063050327718646e-06 9.112206919609466e-06 -1.3276777391049178e-06 -2.2416911451078976e-06 7.598506104455991e-06 -9.775734826951754e-06 -8.42865964061981e-06 -1.5758966573190704e-06 8.734735759307194e-06 1.6938994431009868e-05 2.8122517092045985e-06 -2.8751705652936e-05 2.4994034232949278e-05 1.1779375520916197e-05 -8.494730030926248e-06 7.209590053020545e-06 -4.380952989593411e-06 -2.39748646088244e-06 -4.3115060253023824e-07 -8.574092225754334e-07 -3.3147421939988345e-07 7.561609284389761e-06 1.7707720335687212e-07 3.083064660552169e-06 -1.5361617902007735e-05 9.679050890750313e-08 -1.554147983493778e-05 7.061177479784646e-06 2.2733030850371907e-06 -1.3757532581035817e-05 -4.3297134335310864e-06 2.287010545940471e-06 5.667707169357989e-07 -9.152112802549087e-06 8.585342085615223e-06 3.119130848305421e-06 1.2207883648148616e-05 -1.5327014496431874e-05 -1.2730080908378637e-06 -2.9253282098648155e-06 4.198336300672601e-06 1.3063312740917446e-05 1.617086070654906e-05 -7.075331083552344e-06 3.554920356020669e-06 -2.5713762720028963e-05 -9.115993337840897e-06 9.236661277661262e-06 1.7165568549468297e-05 -1.7286236489319074e-05 1.719068805560051e-05 4.967905034699496e-06 7.836559287778992e-07 -1.0561484736728783e-05 -1.2380764282432775e-05 -2.598220238033943e-06 8.230277984313783e-06 -5.586017902780232e-06 -4.6039843481864874e-08 1.2419708937115817e-05 7.17441344463332e-06 -1.9758930944295244e-05 -1.545551189307923e-05 1.6987840080790891e-06 2.187103338683316e-06 1.3723053728989264e-06 -5.258192719638835e-06 3.2891474590194698e-06 8.69776217328134e-06 -6.544421567253247e-06 -2.153340606026561e-06 -1.4902223141992985e-05 -1.752927059305746e-05 1.0799490998831568e-05 4.430505892894655e-06 5.166392558855269e-06 5.2744990997067095e-06 -8.845413825061657e-06 -2.77110148938193e-06 6.34201621476828e-06 1.1111779713418874e-05 -5.151662498561977e-06 1.102508234075953e-05 3.263931373527117e-07 6.126905843371168e-06 4.8808840655787635e-06 3.2799807559445367e-06 7.267913389583985e-06 -1.0440815791643651e-05 -9.269753116095688e-06 1.971056890775074e-05 -3.101460719711085e-06 -3.407743167459057e-07 -3.2685327141772162e-06 6.736514628499703e-06 -4.581102951714675e-06 -2.1554116767831583e-06 1.5554439348882142e-05 -2.792019010592956e-06 9.060726785435924e-07 -2.3753181033862043e-06 -2.134949173239706e-05 1.005631681895308e-05 -3.303151525049759e-06 -1.1409776748271667e-06 -4.625780239972284e-06 -1.754440869772109e-05 -3.516822266172525e-06 3.0794962246630944e-06 1.1150050554823147e-06 4.0690456564727595e-06 -5.184050711994143e-06 1.1369353436192697e-05 -1.1793869593811342e-05 -8.949537364256731e-06 9.374053521852403e-06 7.344755455169049e-07 1.2530421962485337e-05 6.082971672252876e-06 1.4661202523292722e-06 1.4697270456290173e-05 8.176668685720108e-06 8.595867329260356e-06 -3.1360878531337466e-07 -1.3365416756840287e-05 1.231613650169315e-05 -7.232978288830879e-06 2.6090474786869623e-06 -3.818287241208911e-06 1.2092397625308887e-06 -2.5468829161957815e-06 -3.3138469824964823e-06 9.099612472649565e-06 -1.4499894644506755e-05 1.1261012070590835e-05 1.9347150843135494e-05 3.531534715594649e-07 2.0784908604975732e-05 -1.4728919687014101e-05 -1.895359603980294e-06 4.558948159041944e-06 3.133691872728252e-06 1.2088399134789119e-05 1.733100721917712e-05 -1.4816332847773208e-06 -2.7937773069115183e-05 -1.3727780144871317e-05 4.6888268264099856e-06 8.992271990020504e-06 4.668132848098515e-08 1.5115110556921848e-05 -1.1484265213269698e-05 -9.021998159072058e-06 5.391152815414485e-06 -1.170508012291232e-05 1.625145951991597e-06 1.1250386800755405e-05 1.0103378922094095e-05 -1.7202749261173652e-05 5.928917709274112e-06 -4.771326593487623e-06 1.4500857227912562e-05 1.7187864976773506e-05 -4.963354433695721e-06 -1.3997070934208688e-06 -2.0554334084053092e-05 1.1637924360617206e-05 7.775117303728106e-06 -1.353352383031916e-05 -5.879517834006245e-06 -8.477163378156929e-06 -1.63694390345148e-05 1.3296562314196755e-05 8.166244985357845e-07 -1.208909163532966e-05 -1.0250557158819544e-05 2.6299142143602e-06 1.1493928829984319e-05 -4.794293913239131e-06 3.537646164307793e-06 -1.2867195295324856e-05 -1.6611185461542524e-05 1.976893838783644e-05 4.910321403449691e-06 2.6354823274804116e-06 -1.0703556657214678e-05 3.884761243232891e-06 1.1309736055467285e-05 1.5600953410525685e-05 -1.0466410944205866e-05 -2.5839808333409534e-05 -1.8186513214198331e-06 -9.997672084390236e-06 1.8609159067056802e-05 2.868189671440487e-07 -1.5059261606458143e-05 -1.3698537628766895e-06 -1.1221874099730651e-05 -1.6021923548236518e-05 3.522755229711355e-05 -3.487095154214825e-05 2.0401766994383465e-05 1.9804423448830706e-05 1.926893454759108e-09 -5.337165794475252e-06 1.5816889172412663e-05 2.128521733106763e-06 -1.0367542478858859e-05 -9.835913261179881e-06 2.258044834427011e-06 -4.739323029804982e-06 -7.526362747797448e-06 1.3116215468970668e-05 -8.50529691376372e-07 -5.878387909878587e-07 -6.400260491211145e-06 -2.4721683697389786e-05 2.4635633967198125e-05 -1.9150386287280915e-06 -1.0969937796391886e-05 -1.7552673322005038e-05 -4.3964503121383064e-06 -5.171328623754372e-07 3.228435453570201e-05 2.238504175504421e-05 -1.3151891524423752e-05 -1.1643469558009512e-05 -1.1978144139779086e-05 1.1803133481329697e-05 1.422324288646722e-05 1.5953456735664244e-05 -1.9810243718532215e-05 -9.91344757441648e-06 1.9660031485822215e-06 2.3450064214819824e-06 1.8716543000383797e-06 3.0652846144449024e-06 5.420766516373957e-06 -3.2064827100118656e-05 1.0635049143267134e-05 1.6286717546630033e-05 -1.3705297187541127e-05 -1.7631523323052452e-05 5.166610153607023e-06 -2.50893700456576e-05 1.659638643681161e-05 -1.3284812006240959e-05 -2.193335400174107e-06 8.037386583574095e-06 -1.1027762280982303e-05 -3.479275833103722e-05 9.542219838303588e-07 3.902224744463068e-05 -9.248900965067551e-06 -1.0527494468435396e-05 2.1110253133917972e-06 6.6439655529006745e-06 7.275346294996391e-06 1.1226538005518324e-05 1.2287627706735441e-06 9.98016218415922e-06 -2.0450175882944716e-05 6.2936593134039226e-06 6.0269327892894135e-06 -1.47234514043598e-05 -6.793883585195025e-06 8.688512668832014e-06 -1.0774981866111084e-05 1.3372049381286862e-05 2.6355214622971613e-06 1.5693005539199696e-06 -1.4455961896520737e-05 1.3024175436904652e-05 8.762628947614784e-06 -1.8727270541032125e-05 2.8587116108563762e-05 -1.6782741582915372e-05 1.9518512607806563e-05 -1.8503481631751486e-06 1.0885784923027154e-05 -2.2254636282270325e-05 1.0483428497407923e-05 1.1429206570264912e-05 1.7909547560343974e-05 -1.1466001531872107e-05 -1.0038734887455171e-05 -7.834017711371176e-06 1.303924895646839e-06 -1.0791981757459409e-05 -9.101062536974524e-06 -2.0194504381487704e-05 8.947106267462826e-06 1.0666943382874371e-05 5.126571974506853e-06 4.554945293596636e-06 4.7178310237854345e-06 -1.4985957630735758e-05 -1.5107393004161024e-05 -2.3777544966448917e-05 2.6251873730041404e-06 -6.7237121852344004e-06 1.5516418960017445e-06 -2.446457581026542e-06 2.8967071306005195e-07 -3.54819844204456e-06 1.1026798954646063e-05 -1.364350502425952e-05 2.032630941894259e-05 -1.7878905968189185e-05 1.1981040734445115e-05 -7.84939160955451e-07 -7.267083587103186e-06 9.146856405372459e-06 -6.787275897161455e-06 1.1403612097440227e-05 5.307024462661309e-06 1.8672650275833333e-05 1.072555350010471e-05 -1.615476416514876e-05 -1.7761844275188377e-05 4.5184046644644694e-06 -3.0464586779094093e-05 -3.259877735537022e-06 2.7405557384270577e-05 -1.4837855383392589e-06 1.1496639068803944e-05 -8.46527299354343e-06 3.844320243992446e-06 -7.347783105161924e-06 -2.101961017015783e-07 1.2309526292100675e-05 -2.057255707017752e-06 -2.548136347273677e-05 -1.5276311074955177e-06 -3.466930358399191e-06 2.1236843574998456e-06 -9.643849819950036e-06 -1.4958824732439543e-05 3.872462472251346e-06 -8.370516646564748e-06 -9.745662419084413e-07 6.764748003551794e-06 1.4794745501179136e-05 3.905814656292411e-06 -1.2982215822966217e-05 -1.1307511733575005e-05 1.936036784046643e-05 -1.3127403131452673e-05 -2.992706837061982e-05 2.5977778304501457e-05 -1.9329007044717285e-05 -1.3784127415827618e-05 4.089832222147679e-06 3.0455239338174505e-06 1.5045171302956242e-05 -1.0372075572949293e-05 -7.5814580252145795e-06 1.5018570558666466e-05 -3.262575290211328e-05 2.498506873357322e-05 2.035716352842008e-07 -2.495832624438262e-06 2.9654912748467358e-06 -1.3659983240737248e-05 -1.7036327437816587e-05 5.095262640745125e-06 -1.1170061579840809e-05 -7.512158275958065e-06 -3.109990103176325e-05 1.2445573751545154e-05 1.7031891538300067e-05 1.0337733164270303e-05 -6.928544369412982e-06 6.171149258636398e-06 -1.7215961588719404e-05 1.3181835113623961e-05 -1.0097394244829438e-05 2.0048770596086035e-05 1.1296381862435998e-05 2.6756015778253374e-05 -1.0814841591002932e-05 -1.5836353339468658e-05 -1.64890908377007e-05 7.719781319499883e-07 -4.935637780462064e-06 -5.277789636454772e-06 1.747247531461769e-05 -1.3893453804546317e-05 -1.0387983403913844e-05 -5.730017046357546e-06 -2.540924162374152e-05 2.1612532093874938e-05 1.3741031891065265e-05 -7.319134988160449e-06 8.145605115441538e-07 5.449029934375404e-06 1.7166707348980602e-05 1.639907218812177e-05 8.419122070770329e-07 -1.038605648647198e-05 1.3040967222291863e-05 -3.167949504258146e-06 -3.288734386038107e-07 -2.2207267747762773e-05 -1.0791522472542878e-05 -7.2282324041692185e-06 -2.1697291803508266e-05 -3.691686984694363e-06 -1.2049258972315885e-05 -8.110864509106541e-06 7.151087970285858e-06 -2.726150172229655e-05 1.536642057502753e-05 4.215033612103903e-06 8.639824073937459e-06 -1.288977854350371e-06 4.566303421983354e-06 8.794648815588907e-06 -4.599266464621866e-06 -2.5759194860377063e-05 -3.91955712803192e-06 2.9148869348871532e-05 5.129149104043351e-06 -4.591830158383565e-07 2.3901305282569193e-05 -7.100367088227547e-07 3.459016674310561e-06 -3.42266786330229e-05 -1.4171691346909261e-05 1.3234475828827585e-05 5.830520467506199e-06 -4.854924627144273e-06 -1.8690629260822837e-05 -4.298568997494729e-06 2.0260105573211203e-05 -3.5256107139101093e-06 -1.9925938780414367e-05 6.358300625939177e-06 -4.885460091503803e-06 8.159347809778899e-07 -2.715831575419912e-06 1.3451231696962355e-05 -7.422244209030779e-06 9.98635715242501e-06 1.477649060490295e-05 -5.971250112135031e-06 -1.5452247683491515e-05 5.142947636592016e-07 -1.046505474931432e-05 -4.383213647069819e-06 -3.59736969959084e-06 -1.4307942884817114e-05 2.894645301284994e-05 -8.924525361512722e-07 -2.0323423974030886e-05 6.232302919823567e-06 2.6470705131152173e-05 2.0735094067140356e-05 -1.8615669872425583e-05 -2.6066486910287736e-06 -1.0569104943625665e-05 1.1056329439975458e-05 -2.220434149173168e-05 -1.691527314114441e-05 1.1633939185034817e-05 -7.385276094056996e-06 2.82932290468087e-06 -3.940312656355019e-06 -1.3662150050394846e-05 2.5956709817483084e-05 -1.5782836479988505e-05 -4.512661596815116e-06 8.932627347379136e-07 2.8234194005446048e-05 -1.3446336009416e-05 -2.0269521670833615e-05 -5.115746378033743e-06 -3.661273575789187e-05 1.1374011310365933e-05 8.176180774746634e-06 -1.7707306876182118e-05 1.5988719275954478e-05 9.813952907656778e-08 4.460585487102783e-06 3.3310118427486403e-06 6.6476505187801785e-06 1.4983026722642972e-05 -1.6552093829294744e-05 7.153976357721115e-06 -1.1643327816376617e-05 2.3519635290581207e-06 1.753026849111033e-06 -1.0084461580199246e-05 -2.7350936820926956e-05 1.8719422132720968e-05 -8.346123292544254e-06 2.125041584039286e-05 1.5971641564166617e-05 -2.128848314103035e-05 4.801519803614207e-06 3.6427093902318153e-07 -7.739080530623553e-06 -1.3688382043935274e-05 -1.8945096854989396e-06 2.044687147886677e-05 -1.0973369404338768e-05 -1.3915347296341435e-05 -3.6323381495223505e-06 -3.952118847190567e-06 -1.6592297229340505e-05 6.578797260151303e-06 6.564112618563347e-06 6.4327683234192475e-06 -1.3123020499967193e-05 1.240855166090209e-05 -4.640689386820463e-06 -9.6378957044407e-06 2.2828655196141308e-05 1.610254508310913e-05 -5.077788475912816e-06 -1.6914672731672117e-06 -1.1934539780272215e-05 -1.3333548909567303e-06 3.7082823495912887e-06 1.0295175195775316e-05 2.573308425498697e-05 -1.087486356686929e-05 -3.23513029910022e-05 -2.2527957172496363e-05 -1.5847729635851032e-05 -6.693454814728802e-06 2.5226684244091897e-05 -2.2052630591742745e-05 -3.58931696122945e-06 -5.380732812816542e-06 -1.54503036429091e-05 -1.9911357242960904e-06 -1.5243684171560256e-05 -1.1050912537035586e-05 1.1633893307525138e-05 1.1029853318495754e-05 2.0774569613639894e-05 3.5495345165576627e-06 2.3996255683572347e-06 6.374934225069626e-06 -7.231577703832974e-06 3.19525923933632e-05 2.7999978825542298e-06 -3.629557236547697e-05 -1.1619582525525411e-05 6.853817024048913e-06 -5.197417998726722e-06 -5.6538637712016135e-06 2.204981559488752e-05 6.854213094136022e-06 -7.076733435511212e-06 -3.087106275539198e-05 2.914675575113687e-05 -2.2956281558485943e-05 -2.0963521803023342e-05 -9.911170313617236e-06 1.4980636361690919e-05 -2.2503695923473232e-06 1.9373188117967102e-05 4.29326710904334e-06 -1.6886818819188004e-05 4.116388332014074e-06 -5.052195293759383e-06 4.546726733316652e-06 -2.9842106972274995e-05 1.1582169842935577e-05 -5.984669789841497e-06 2.0712279306487228e-05 7.912173023093623e-06 -2.5365971200960308e-08 -3.107745556325206e-05 1.7808294214570028e-05 -3.0244399050039825e-05 -4.911652069230755e-06 2.1676180832876264e-06 3.226933642967393e-05 1.8093948133230945e-06 -1.039775458678727e-06 -2.856218174118461e-06 7.050770390218305e-06 3.279985837788881e-05 -1.984247314821772e-05 -3.5550320308261393e-07 -1.2613247005713834e-05 1.1278662414581362e-05 2.1037238637320373e-05 1.3276145274722737e-05 -1.5076760696860938e-05 -6.993449667870074e-06 2.6091040457050515e-06 -1.4071562603298844e-06 5.791501882501064e-06 7.570840707478772e-06 -1.2241258802418434e-05 -1.6641860394833103e-05 -3.7770915558025296e-06 1.7393690356624983e-05 -3.6512026975181886e-05 1.6378356624734501e-06 3.054381369711503e-05 -7.714290177740141e-06 1.3255479038861717e-06 -9.851244971644947e-06 -9.609935372431178e-06 1.1118529255160195e-05 -7.167324952659212e-06 2.2541722696412974e-05 -2.0632667371019912e-05 -1.7966981062995216e-05 1.9907332457211078e-05 -8.80551301039107e-06 2.1025845792481844e-05 -1.3907040358864482e-05 1.2279284915851893e-05 6.989360375938327e-06 1.0347790559702718e-06 -1.6656850280543427e-05 1.6559941013714103e-05 -6.00066397456207e-08 5.984069508824826e-06 4.347097840383744e-06 -3.320101617162146e-05 6.887647246901452e-06 3.072890003174519e-05 -4.216505532891229e-06 -7.210926076799464e-07 -1.6025923662473855e-05 -4.673117645407497e-06 -2.9434545895322062e-06 -1.9967473067623137e-05 1.6538630261604577e-05 -1.3189103671979948e-05 -6.741622814055913e-06 8.568291999242133e-06 1.3103557054117962e-05 -1.593228835821782e-05 -1.5900768076371023e-05 2.0705310391873776e-05 2.7116465318715565e-05 -5.441858237423683e-06 1.583885472343895e-06 1.2413624847861272e-05 -2.0786237230097597e-05 1.919909017091128e-05 2.640848407377879e-06 7.405178237269466e-06 1.684316689503758e-05 -3.155569230180523e-05 -1.9684253907447876e-05 7.608526211905249e-06 -1.1954179865298004e-05 1.8674014439464318e-05 2.147465283308561e-06 6.387826176992277e-06 -2.7752729884802677e-05 -2.62776446018429e-06 -1.04542810235935e-05 -1.2642805035971416e-05 4.715127858037554e-06 7.040039191099511e-06 -1.926588701582976e-06 1.7942575211716825e-05 -2.7845456503099923e-07 1.2671827414127515e-05 1.0328391346366263e-05 -3.291145557484618e-05 2.0173736795482757e-05 2.236157626966682e-05 -1.2316241975894925e-05 2.038531427322731e-05 5.003836277805846e-06 -1.888669459429894e-05 -1.0605727355565881e-05 4.103271398917669e-06 -3.86949915006512e-06 1.5221710746656213e-05 2.503661558760611e-05 -1.7777146948236202e-05 -1.034539278783397e-05 3.379936710628805e-06 -1.3937429682539854e-05 -1.2681017923255132e-06 1.355779148124795e-05 -7.016298989206152e-06 -9.806655247829019e-06 2.0681927490177668e-05 -5.132561040045361e-06 1.1301047256633198e-06 -1.852268867847214e-05 2.725773887144888e-05 3.581119262166284e-06 7.880606778173809e-06 -5.025121475327852e-07 -1.0115000795208689e-05 7.778053467607755e-06 1.4483968395381015e-05 -1.3085186898085969e-05 -2.5642817445226e-05 -4.234207033975763e-06 1.0724021129179577e-06 1.2696908325038349e-05 5.336749274651518e-06 5.696261418280914e-06 1.7486523679224115e-05 -3.836157748761406e-05 -1.0520677901028688e-05 2.4326447169208018e-05 -9.616770931288295e-07 8.30428164705877e-06 -2.1588997943104943e-05 1.597846560570121e-07 2.8645791786967034e-05 -2.103190420211776e-05 -3.890887290169638e-06 3.8260851125719055e-06 -1.4302149408352492e-05 -8.303532492353442e-07 -2.4016893898089638e-05 1.1940687614459035e-05 1.3265395884054335e-05 1.4920095970683345e-05 1.6127981957637395e-05 1.671777570256483e-05 8.578073102801461e-06 -2.3519477082039367e-05 1.5936364586115165e-05 -1.1717212503451466e-05 9.169768146847716e-06 1.5770088200226694e-05 -1.4499162764511031e-05 5.674508489896819e-06 7.651775517396377e-08 -3.895328909788048e-06 -7.285338986412509e-06 1.9928804415697257e-05 2.43018710051808e-06 -1.967121196741638e-06 -1.994802879730886e-05 -1.5164427842472027e-06 -7.378982934051707e-07 9.520191261343984e-06 2.1292886873518603e-06 4.810003483695691e-06 9.430560517567336e-06 2.9459402784471727e-06 -3.0533773198465886e-05 1.6225573330821632e-05 7.583436282322048e-06 4.068826141634258e-06 5.402052535424951e-06 1.7183841458075264e-05 -1.6859503558902756e-05 -2.9432131807065125e-07 2.238295217923612e-05 1.6188619110776248e-05 -7.127975414385584e-06 1.4698816121863827e-05 -1.0997342372934834e-05 3.1636936113538804e-05 -5.2246329352286486e-06 -4.105777825061096e-05 5.247989188306174e-06 -5.472363266639307e-06 2.548381961171242e-05 8.78163258752989e-06 -1.0333994893465606e-05 3.757863942880725e-05 -4.111843745122691e-05 -3.727285564627773e-06 -8.581268204604203e-06 1.600431251184005e-05 -2.135850520386743e-05 5.700441399181112e-07 -1.3794762571640025e-05 -6.741481148580264e-06 -1.58102778777984e-05 5.49645748984226e-06 2.303214887060447e-05 4.578692661949667e-06 3.6077462189523193e-07 1.9232913853190645e-06 -1.0330297267005163e-05 2.650197857278655e-06 -2.231694011683157e-05 -2.466069052224998e-05 1.5069065606276565e-05 -1.3870465001402053e-05 9.79640332669236e-06 -1.3935750156905699e-06 2.316636301307334e-05 -4.721295915322105e-09 -5.399841296544553e-06 -1.928358538679411e-05 1.4725982698802442e-05 -8.555198242604782e-07 -3.3923904981665766e-06 -1.3768071205099736e-06 4.012696385611727e-06 -1.6625479253444934e-05 1.0575606619983495e-05 -6.704204496058785e-07 -2.1827325374011174e-05 8.269077048153534e-06 1.589858638104225e-06 -1.5576056282430466e-05 1.975333755530681e-05 2.518479877146311e-05 2.5644832746744707e-05 4.935472457785178e-06 -2.4152455898974993e-05 3.504662612389345e-05 -6.65987453592941e-06 5.50943173630439e-06 2.079530280099238e-05 4.642685406792666e-06 4.367888187394903e-06 -1.3954524318691353e-05 2.3341756202906075e-05 1.3902407435499666e-06 -5.276488139714677e-07 1.6204744337733118e-05 1.2750642965877624e-05 -2.82494126546322e-05 -5.946418396929211e-06 6.067673666187944e-06 -8.414078220678913e-06 1.1636429239606251e-05 1.170092388990099e-05 6.27830066414979e-07 -1.9472836555812716e-05 3.0298030389929614e-05 -3.7332103198765466e-05 1.3776081414168136e-06 -1.5523881699727298e-05 -1.4670145437940683e-05 2.9061602131000505e-05 2.6331857855679932e-06 1.2265688274338434e-05 -7.413645988255189e-06 2.928445724730657e-07 -4.377045859484418e-09 -1.6090857471124978e-05 -1.2347518199392434e-05 4.807868769334141e-06 1.8361650684662055e-05 -1.689250823093042e-06 4.506623537829224e-06 2.436229769262157e-06 6.141394724684569e-06 1.7260523176286216e-05 -1.7533171560632684e-05 -4.271585654416895e-06 -1.5971606859266216e-06 2.5945914409930577e-05 -2.2401118887447878e-05 1.2597154810313601e-05 1.331662143062949e-06 -2.8350898188244058e-05 -1.539009171249832e-05 1.5874743264962897e-05 -4.663636561088561e-06 -3.2682089399028476e-06 2.415732339902656e-05 3.2258029079186916e-05 -3.3509189217091083e-06 -5.438847363015886e-05 -2.385128548933376e-06 -2.6847138386651316e-05 -3.4469705331513994e-06 1.126614923428161e-06 5.087563311056343e-06 3.0030435565521668e-05 -2.7057858563655733e-05 2.332386905873056e-05 -1.4247107608357013e-05 1.753196716635877e-05 -2.2667897202412037e-06 1.0606033367931095e-05 -1.0145944754320921e-05 2.8855275767119124e-06 -8.362597969535402e-07 -1.6077009460775878e-05 -4.9354523062755e-06 1.9798896022929856e-05 -1.7746761491749512e-05 8.771161545096617e-06 -2.3371418826761467e-05 1.4929264919366645e-06 2.848450448473702e-06 -7.326688263054969e-06 -1.0338574967867273e-05 -8.193675352174684e-06 9.41224340491578e-06 1.1356629846178975e-05 -1.043968660100269e-05 -9.004492774006105e-06 -3.2456069013740695e-06 -1.828367352297814e-05 -9.03180551009341e-06 1.7763949295266912e-05 -8.315757561116905e-06 -4.374818706368754e-06 -4.2558452748326224e-05 2.2583441123475683e-05 -9.647922712968641e-06 1.208430639569286e-05 6.76630210968503e-06 -9.19451362697016e-06 -2.6508679659246094e-06 -9.819705109922234e-06 7.4247356761932155e-06 4.537315794971858e-06 -2.5933726577984255e-05 1.3980971711405354e-05 8.146267057948475e-06 2.0521899058180514e-06 1.2195024969323485e-05 3.728147983901925e-05 9.172874642654563e-06 -5.567247701632876e-06 1.4002310891017236e-05 -2.769306128604514e-07 -7.995315380421876e-06 -1.6047784302191033e-06 2.342903663868081e-06 -5.191923795040261e-06 -8.770845734020489e-06 -1.798081419002704e-05 4.970735546092922e-06 2.072438389436565e-05 2.0099103818707532e-05 -7.011821989950784e-06 5.444399227545251e-06 4.496143880110551e-06 1.7239680101633666e-05 -1.3594059406429099e-05 -1.6969667371167863e-05 -2.0349175380333067e-06 1.985083498287097e-05 -7.1357180339983205e-06 -2.9961880066086077e-06 1.744272536929392e-05 4.018172541744071e-06 -2.0586077399729028e-06 1.7117844733607105e-05 -9.6752102097714e-06 3.620432671297127e-06 8.880369788177624e-06 1.659161440340127e-05 -3.303396672715694e-05 -2.0367583267803335e-05 -5.9313379614592945e-06 -1.5655612543485954e-05 1.1639362298276391e-05 -1.8452707990266804e-05 2.1342578029241015e-05 -5.116988932333064e-06 -1.7709002295968282e-06 -4.062511246764068e-06 5.509949432302797e-06 1.4212135852611194e-05 -1.8342943092729085e-06 1.1233058140347678e-05 -1.765556748345388e-06 1.2264495465248176e-06 -4.460075509323075e-06 -1.7058012319896613e-05 -1.2110973711326998e-05 1.3533339302671333e-05 -9.892488584235361e-07 2.1248088309072203e-05 6.929683672355232e-07 5.30049812514661e-06 -1.7709569709665144e-05 -1.8089287038965312e-05 1.1463617476400682e-05 -2.2046122170939498e-05 3.2852394709875756e-05 -3.746684188778088e-06 1.3449084438109187e-05 -8.577790206256084e-06 1.5809863213909316e-05 -1.6912198635684927e-05 1.8214560823017053e-05 2.875280628627131e-05 5.884957361215683e-06 -4.060376239586442e-05 2.0976272691274456e-06 1.3149038905916602e-05 -5.136824778494375e-06 1.1778403651359692e-05 1.6392567963577396e-05 8.501055884495748e-06 -8.099004465905842e-06 1.860244828906791e-05 -1.9569321170526763e-06 -2.245900084504312e-06 -8.17290314948413e-06 6.703697818888054e-06 -3.634640968192028e-06 -7.913824392237566e-06 -1.2045012303857353e-06 6.504943837973915e-06 -6.321871139066363e-06 1.711757356592152e-05 -1.8736142287793176e-05 1.2715571562366744e-05 1.8354193079987824e-05 8.695954503565991e-07 8.08796604633743e-06 1.6140404754979432e-05 -1.6239175893906277e-05 -2.3369373860585566e-05 -8.05175545669728e-06 2.404918226544779e-05 -3.328284076171911e-06 -2.0598389648169245e-05 1.1685414921884846e-05 -4.092711439861575e-06 1.3040029570676888e-05 1.4351780994435078e-05 -2.0440215537913917e-05 1.3395862959431344e-05 1.8718840998938555e-06 -2.7677182344213577e-05 5.656852675921353e-06 1.903526616413749e-05 1.596741409545756e-06 1.984531453592318e-05 -2.139898118904683e-05 -1.5150160289966356e-05 1.4029974126040325e-05 -3.111047875438821e-07 -2.1728270592500414e-06 -3.4805760254283487e-06 1.3642780425175916e-05 9.580074013583844e-06 7.377029386262794e-06 2.1547621498471846e-05 6.575419282036973e-07 1.464862727763455e-05 8.177352715429529e-06 1.098466651934364e-05 -2.8616525813410514e-06 -7.779463539769644e-06 1.9351507877194545e-05 -5.555310230916053e-06 5.38219623762455e-06 -1.9878790742416365e-05 8.289423844377016e-06 -8.995168282355212e-06 -1.5649313484073795e-05 -8.55587813469922e-06 -1.2976544096945012e-05 1.5660885159681625e-05 -2.7223043367331438e-05 -1.190162946191292e-05 -1.9554717323042907e-05 1.972596884180771e-05 1.275811466400097e-05 -9.361353971601525e-06 -2.629649306995987e-05 1.724222093533509e-05 2.045416030854383e-05 1.5694957553478264e-05 4.389549412567224e-06 -1.3269834316988593e-05 -2.1541164922874706e-06 -6.495254878737734e-06 -4.272574459940713e-06 2.4383150237865805e-05 -9.103715223720593e-06 8.04854913783626e-06 -4.7213534573110655e-06 6.032725499049244e-06 -1.8137717098307078e-05 -1.7766757490194823e-06 6.9271184804584475e-06 9.207895240686311e-06 1.1906798389438782e-05 -3.0210146567872653e-05 -5.019546630697505e-06 -3.206654169295334e-05 1.928733290176922e-05 -2.433116231344808e-05 9.739002304829553e-06 2.672679632136908e-06 6.207336068797628e-06 3.5741067106973108e-06 -5.434747048956175e-07 -1.248548469497852e-05 -1.3723302119717776e-06 3.911541975057813e-06 -5.296356916352364e-06 2.3948720428186086e-05 4.6647474997963186e-06 4.492381807071353e-06 -7.085108924416038e-06 1.3319579176488275e-06 1.102996563140148e-05 2.2485033328137236e-05 -3.0319069410584538e-05 1.8759910869397894e-05 -3.082708733090808e-05 1.376502383541266e-05 5.695524938302754e-07 2.3265753509958468e-05 7.177819855396636e-06 -1.3345079332039774e-05 3.1162098613007074e-05 -4.076024306263003e-06 -1.8971303458412694e-05 2.9203190601014113e-05 -1.2250765999449711e-05 -3.2662100611142945e-05 3.431938530630669e-05 4.0450805896322265e-05 -1.636564467032407e-06 -2.6345779702522134e-06 -6.469267595422006e-06 -2.17034811143577e-05 5.245478939929245e-06 1.2723498531997542e-05 -1.89216176928914e-05 3.744874558367167e-05 -1.8633846788657995e-05 -6.241712085973965e-06 6.0940555021841445e-06 1.1785599603606037e-05 -2.7312241523896354e-05 -6.835502651869686e-06 -1.3896816501095877e-05 -2.365300602021867e-05 5.3066205510603e-06 -1.3752492676983217e-05 -1.7246340207767133e-05 2.359093516620585e-05 5.774129061225798e-06 2.979845745665085e-05 -3.2426160751015106e-06 -1.5742086917391063e-05 1.0798324075074617e-05 -1.354658292236177e-05 2.7206431793233235e-05 -7.95005961209568e-06 -2.382998567667751e-05 6.6810243273510815e-06 3.031011815602681e-05 3.968532697929362e-06 -1.6811149702441348e-06 -7.4109568744223475e-06 -8.565107477095766e-06 1.6565559454160585e-05 -3.648595654754464e-05 -1.0280129093379605e-05 -1.8030626570674836e-05 -1.9002775170045102e-05 5.330633306236649e-06 -3.960560009940183e-05 -1.5579486033231617e-05 1.2230552169997608e-05 -7.3916364441605485e-06 1.0626099765985417e-05 -1.3673352251224298e-05 -3.094101251150507e-05 1.641057336129362e-05 -2.7885200003703267e-05 -1.819484948436487e-05 3.9443594155871104e-06 2.2040896863195606e-05 -3.4226384250373735e-05 2.918208356179474e-06 -1.467170524628747e-05 -6.291831644180858e-06 7.546022774527383e-06 -3.109516471418064e-06 3.5119848943117234e-05 1.4489841518290388e-06 -1.74833867658538e-05 -6.313826210090697e-06 4.136930277946525e-06 1.4707745128587856e-05 -2.3827865216308908e-05 -5.180043118484324e-05 1.5933613638466363e-05 -3.432800082591569e-05 1.4178480404579099e-05</DataArray>
</CellData><Points>
<DataArray type="Float64" Name="Points" format="ascii" NumberOfComponents="3">0.00591179 0.00123945 0.00149207 0.00474171 0.00240041 0.00193848 0.00591179 0.00123945 0.00149207 0.0069538 -4.934520482899243e-06 0.000961087 0.0147083 0.0134642 0.0147385 0.0136454 0.0125241 0.0147257 0.0147083 0.0134642 0.0147385 0.0141991 0.0128951 0.0131655 0.0147083 0.0134642 0.0147385 0.016075016520482897 0.0128889 0.0139551 0.0147083 0.0134642 0.0147385 0.0137917 0.0145534 0.0139788 0.0151338 0.000920537 0.0132812 0.0136378 0.000556361 0.0126048 0.0151338 0.000920537 0.0132812 0.016168351520482897 0.00189917 0.0123836 0.0151338 0.000920537 0.0132812 0.0140785 0.00148499 0.0144383 0.0151338 0.000920537 0.0132812 0.015542735520482898 -0.00022183452048289947 0.0121246 0.0151338 0.000920537 0.0132812 0.0156524805204829 -0.0005412345204829004 0.013994 0.00157012 0.00715574 0.0147222 0.00288104 0.00610016 0.0143861 0.00157012 0.00715574 0.0147222 0.00100977 0.0060973 0.0132674 0.00157012 0.00715574 0.0147222 6.98268000000001e-05 0.00830105 0.0142048 0.00469772 0.0105231 0.0109454 0.00316913 0.0108149 0.0102548 0.00469772 0.0105231 0.0109454 0.00429522 0.00907273 0.0117717 0.00469772 0.0105231 0.0109454 0.00581091 0.0112185 0.0119941 0.00469772 0.0105231 0.0109454 0.00445083 0.0091869 0.00989112 0.00469772 0.0105231 0.0109454 0.00631309 0.0104336 0.00986055 0.00828372 0.0116994 0.00299937 0.00875444 0.0105211 0.00230812 0.00828372 0.0116994 0.00299937 0.00893849 0.011602 0.00447723 0.00828372 0.0116994 0.00299937 0.00671242 0.0126925 0.00283251 0.00190232 0.00654969 0.0115956 0.00163661 0.00747783 0.010509 0.00190232 0.00654969 0.0115956 0.0006061620000000002 0.00598328 0.0114308 0.00190232 0.00654969 0.0115956 0.00210896 0.00484708 0.0118527 0.00190232 0.00654969 0.0115956 0.00153539 0.0058894 0.0100237 0.00190232 0.00654969 0.0115956 0.0027274 0.00801273 0.0116485 0.00190232 0.00654969 0.0115956 0.00100977 0.0060973 0.0132674 0.0062023 0.00721302 0.0121365 0.00595787 0.00790682 0.0108539 0.0062023 0.00721302 0.0121365 0.00765294 0.00813705 0.0123622 0.0062023 0.00721302 0.0121365 0.00509703 0.00594084 0.0125249 0.0062023 0.00721302 0.0121365 0.0063342 0.0070789 0.0141061 0.00163661 0.00747783 0.010509 0.00018636900000000003 0.00728391 0.00970351 0.00163661 0.00747783 0.010509 0.00153539 0.0058894 0.0100237 0.00163661 0.00747783 0.010509 0.0027274 0.00801273 0.0116485 0.00163661 0.00747783 0.010509 0.00168017 0.00916966 0.010395 0.000606162 0.00598328 0.0114308 0.00153539 0.0058894 0.0100237 0.000606162 0.00598328 0.0114308 6.710440000000004e-05 0.00784465 0.0117907 0.000606162 0.00598328 0.0114308 0.00100977 0.0060973 0.0132674 0.000606162 0.00598328 0.0114308 -0.000687734520482899 0.00519847 0.0103494 0.0030808 0.00604266 0.00260927 0.00438686 0.00686665 0.00279751 0.0030808 0.00604266 0.00260927 0.00242551 0.00458769 0.0023628 0.0030808 0.00604266 0.00260927 0.00281183 0.00620945 0.000981801 0.0030808 0.00604266 0.00260927 0.00184676 0.00705112 0.00259006 0.0030808 0.00604266 0.00260927 0.00274916 0.00607663 0.00448663 0.00960633 0.00692541 0.00668247 0.00917929 0.00727589 0.00828475 0.00960633 0.00692541 0.00668247 0.00814712 0.00689363 0.00575642 0.00960633 0.00692541 0.00668247 0.00893184 0.00550811 0.00726342 0.00960633 0.00692541 0.00668247 0.00956775 0.00815997 0.00552489 0.00960633 0.00692541 0.00668247 0.0114508 0.00691104 0.00611402 0.00365344 0.00918338 0.00697451 0.00383261 0.0087651 0.00837618 0.00365344 0.00918338 0.00697451 0.00213385 0.00963151 0.0062697 0.00365344 0.00918338 0.00697451 0.00320809 0.00802219 0.00580835 0.00365344 0.00918338 0.00697451 0.00461531 0.010816 0.00654664 0.00365344 0.00918338 0.00697451 0.00528231 0.00816326 0.00658789 0.00407534 0.0117884 0.0146893 0.00256788 0.0124659 0.0144995 0.00407534 0.0117884 0.0146893 0.0044512 0.0120634 0.013054 0.00407534 0.0117884 0.0146893 0.00416322 0.0101884 0.0141569 0.014471 0.00519684 0.00651377 0.013628 0.00657823 0.00604303 0.014471 0.00519684 0.00651377 0.0132535 0.00425997 0.00594174 0.014471 0.00519684 0.00651377 0.0151797 0.00380923 0.00616903 0.014471 0.00519684 0.00651377 0.0158091855204829 0.00622823 0.00555057 0.014471 0.00519684 0.00651377 0.014458 0.00614742 0.008072 0.00381416 0.00286625 0.000647837 0.00474171 0.00240041 0.0019384800000000002 0.00381416 0.00286625 0.000647837 0.00350958 0.00447664 0.000860695 0.0060671 0.00163167 0.00962229 0.00611542 0.00112194 0.00799462 0.0060671 0.00163167 0.00962229 0.00665438 0.00281587 0.00858466 0.0060671 0.00163167 0.00962229 0.0043655 0.00132045 0.00985945 0.0060671 0.00163167 0.00962229 0.00693201 0.00157657 0.0110465 0.00853824 0.00673657 0.0146829 0.00809272 0.00664632 0.0133342 0.00853824 0.00673657 0.0146829 0.0101952 0.00652312 0.0142791 0.00986709 0.0150657 0.0015093 0.00877657 0.0155284555204829 0.000698763 0.00986709 0.0150657 0.0015093 0.0106381 0.0141371 0.00268959 0.0111018 0.00145433 0.00470879 0.0100885 0.00221432 0.00398822 0.0111018 0.00145433 0.00470879 0.0122819 0.000809626 0.00426577 0.0111018 0.00145433 0.00470879 0.0107749 0.00278272 0.00562089 0.0111018 0.00145433 0.00470879 0.0114864 1.689760000000008e-05 0.00549965 0.0111018 0.00145433 0.00470879 0.0127793 0.00216628 0.00545954 0.0111018 0.00145433 0.00470879 0.0117758 0.00221322 0.00300223 0.00558971 0.009336 0.000678547 0.00721139 0.00929621 0.00121466 0.00558971 0.009336 0.000678547 0.00562975 0.00844931 0.00239322 0.00558971 0.009336 0.000678547 0.00612746 0.0111889 0.00113542 0.0125775 0.0063983 0.00860763 0.0116405 0.0073069 0.00799764 0.0125775 0.0063983 0.00860763 0.01238 0.00528542 0.00733189 0.0125775 0.0063983 0.00860763 0.0136194 0.00719592 0.00970224 0.0125775 0.0063983 0.00860763 0.014458 0.00614742 0.008072 0.0026933 0.0150776 0.0131512 0.00200005 0.0142539 0.0144451 0.0026933 0.0150776 0.0131512 0.00397929 0.0157672025204829 0.0124489 0.0026933 0.0150776 0.0131512 0.0020478 0.0158547885204829 0.011956 0.0026933 0.0150776 0.0131512 0.00358853 0.0153143 0.0144855 0.0026933 0.0150776 0.0131512 0.00326961 0.0135723 0.0131057 0.0026933 0.0150776 0.0131512 0.00178195 0.016422754520482898 0.0142068 0.00875444 0.0105211 0.00230812 0.00864476 0.00910376 0.00197607 0.00875444 0.0105211 0.00230812 0.0092132 0.00984722 0.0007885990000000001 0.00875444 0.0105211 0.00230812 0.00943698 0.0119622 0.00114544 0.00875444 0.0105211 0.00230812 0.00977715 0.0097966 0.00382032 0.00495259 0.00889732 0.00479831 0.0045709 0.00720064 0.00473236 0.00495259 0.00889732 0.00479831 0.00356453 0.0097538 0.00507178 0.00495259 0.00889732 0.00479831 0.00659317 0.00791887 0.00462736 0.00495259 0.00889732 0.00479831 0.00528231 0.00816326 0.00658789 0.00595787 0.00790682 0.0108539 0.00581061 0.00774643 0.00888537 0.00595787 0.00790682 0.0108539 0.00773114 0.0084715 0.0101293 0.00786449 0.00234386 0.00978581 0.00912092 0.00228755 0.00857478 0.00786449 0.00234386 0.00978581 0.00860633 0.0035426 0.0108194 0.00786449 0.00234386 0.00978581 0.00693201 0.00157657 0.0110465 0.0139166 0.00813982 0.00540148 0.0152253 0.00859248 0.00445763 0.0139166 0.00813982 0.00540148 0.013628 0.00657823 0.00604303 0.0139166 0.00813982 0.00540148 0.0125736 0.00773273 0.00449174 0.0139166 0.00813982 0.00540148 0.0127861 0.00951696 0.00620365 0.00126214 0.003391 0.0117454 0.00210896 0.00484708 0.0118527 0.00126214 0.003391 0.0117454 0.000797717 0.00189917 0.0123836 0.00126214 0.003391 0.0117454 0.0021008 0.00300737 0.0132289 0.000356092 0.0112117 0.000631316 0.000791541 0.0128573 0.000945587 0.000356092 0.0112117 0.000631316 4.1689699999999995e-05 0.00993837 0.00159344 0.000356092 0.0112117 0.000631316 0.0018939 0.0111631 0.00116497 0.000356092 0.0112117 0.000631316 -0.0012975345204828998 0.0111726 0.000931769 0.00475467 0.00562422 0.0109719 0.00527887 0.00620694 0.00986166 0.00475467 0.00562422 0.0109719 0.00643769 0.00556477 0.0108947 0.00475467 0.00562422 0.0109719 0.00422373 0.00723744 0.0106895 0.00475467 0.00562422 0.0109719 0.00509703 0.00594084 0.0125249 0.00475467 0.00562422 0.0109719 0.00330738 0.00526057 0.0103617 0.00561789 0.00372473 0.0077025 0.00429433 0.00372922 0.0067755 0.00561789 0.00372473 0.0077025 0.00665438 0.00281587 0.00858466 0.00561789 0.00372473 0.0077025 0.00607573 0.00344696 0.0061058 0.00561789 0.00372473 0.0077025 0.00426652 0.00339785 0.00907624 0.00561789 0.00372473 0.0077025 0.00598739 0.00543957 0.00826888 0.0140453 0.00151107 0.00841355 0.0144748 0.00208056 0.00683127 0.0140453 0.00151107 0.00841355 0.0159015605204829 0.0011517 0.00865478 0.0140453 0.00151107 0.00841355 0.0126684 0.00275445 0.00796893 0.0141196 0.00559748 0.00199345 0.0144815 0.00634087 0.000755866 0.0141196 0.00559748 0.00199345 0.0142913 0.00429492 0.0008456660000000001 0.0141196 0.00559748 0.00199345 0.0123344 0.00524221 0.00118007 0.0141196 0.00559748 0.00199345 0.0131185 0.00582086 0.00369956 0.00854774 0.0124605 0.0105383 0.00923907 0.0130476 0.0119916 0.00854774 0.0124605 0.0105383 0.00765374 0.0117479 0.0117369 0.00854774 0.0124605 0.0105383 0.0102104 0.0123625 0.0104977 0.00854774 0.0124605 0.0105383 0.00794971 0.0118904 0.00901193 0.00854774 0.0124605 0.0105383 0.00889915 0.0105544 0.0103827 0.00854774 0.0124605 0.0105383 0.00719416 0.013658 0.00988841 0.00328644 0.0130014 0.0100685 0.00300691 0.0123478 0.0116118 0.00328644 0.0130014 0.0100685 0.00232404 0.0120693 0.00895903 0.00328644 0.0130014 0.0100685 0.00348983 0.0137501 0.00827848 0.00948864 0.010529 0.0146792 0.00804944 0.0102287 0.0146775 0.00948864 0.010529 0.0146792 0.00947011 0.00888714 0.0144737 0.00948864 0.010529 0.0146792 0.00976876 0.0122904 0.0139651 0.00948864 0.010529 0.0146792 0.0113649 0.0103853 0.0141892 0.00737634 0.00690632 0.0112183 0.00858599 0.00671082 0.0119932 0.00737634 0.00690632 0.0112183 0.00643769 0.00556477 0.0108947 0.00737634 0.00690632 0.0112183 0.00765294 0.00813705 0.0123622 0.00737634 0.00690632 0.0112183 0.00773114 0.0084715 0.0101293 0.00694509 0.0143102 0.00377043 0.00562976 0.0149135 0.00464384 0.00694509 0.0143102 0.00377043 0.00648329 0.0156413835204829 0.00294967 0.00694509 0.0143102 0.00377043 0.00829817 0.0133861 0.00417363 0.00694509 0.0143102 0.00377043 0.00666357 0.0133519 0.00510623 0.00694509 0.0143102 0.00377043 0.00671242 0.0126925 0.00283251 0.00226214 0.00457705 0.00917229 0.00153539 0.0058894 0.0100237 0.00226214 0.00457705 0.00917229 0.00252679 0.00351943 0.0104891 0.00226214 0.00457705 0.00917229 0.00135079 0.00315587 0.00902838 0.00226214 0.00457705 0.00917229 0.0006081070000000001 0.00485302 0.00871949 0.00226214 0.00457705 0.00917229 0.00330738 0.00526057 0.0103617 0.00226214 0.00457705 0.00917229 0.00264601 0.00374624 0.00771585 0.00226214 0.00457705 0.00917229 0.00355658 0.0052915 0.00838119 0.0132374 0.00167365 0.000676614 0.012203 0.00294638 0.000896036 0.0132374 0.00167365 0.000676614 0.013712 0.00017721399999999997 0.00110976 0.0132374 0.00167365 0.000676614 0.0144196 0.00197495 0.0016917199999999999 0.0132374 0.00167365 0.000676614 0.0116171 0.000739655 0.00108667 0.00864476 0.00910376 0.00197607 0.0092132 0.00984722 0.0007885990000000001 0.00864476 0.00910376 0.00197607 0.00770291 0.00916449 0.00328085 0.00864476 0.00910376 0.00197607 0.00971019 0.00806088 0.00254387 0.00864476 0.00910376 0.00197607 0.00721139 0.00929621 0.00121466 0.00208627 0.00770578 0.0133147 0.00274639 0.00878504 0.014486 0.00208627 0.00770578 0.0133147 0.00155715 0.00948266 0.0127442 0.00208627 0.00770578 0.0133147 0.00100977 0.0060973 0.0132674 0.00208627 0.00770578 0.0133147 0.00407704 0.007589 0.0133247 0.0089542 0.014055 0.000745556 0.0104131 0.0137251 0.000745397 0.0089542 0.014055 0.000745556 0.00877657 0.0155284555204829 0.000698763 0.0089542 0.014055 0.000745556 0.00878786 0.0135288 0.0023923 0.0089542 0.014055 0.000745556 0.00732062 0.0134592 0.000890946 2.20123e-05 0.00525158 0.014687 -0.0005433345204829 0.00652979 0.0146736 2.20123e-05 0.00525158 0.014687 -0.0005452345204828991 0.00407053 0.0137143 2.20123e-05 0.00525158 0.014687 0.00141063 0.00431651 0.0144501 2.20123e-05 0.00525158 0.014687 0.00100977 0.0060973 0.0132674 0.0116405 0.0073069 0.00799764 0.0115532 0.00884355 0.0085027 0.0116405 0.0073069 0.00799764 0.0106632 0.00600215 0.00795997 0.0116405 0.0073069 0.00799764 0.0114508 0.00691104 0.00611402 0.0144815 0.00634087 0.000755866 0.0141336 0.00778566 0.000737771 0.0144815 0.00634087 0.000755866 0.016110795520482897 0.00538415 0.00137568 0.0100002 0.0104861 0.0127621 0.00846117 0.00976741 0.0131137 0.0100002 0.0104861 0.0127621 0.00990811 0.00917515 0.011632 0.0100002 0.0104861 0.0127621 0.0113649 0.0103853 0.0141892 0.0150247 0.0134322 0.0118205 0.0155780275204829 0.0119507 0.0122776 0.0150247 0.0134322 0.0118205 0.0141991 0.0128951 0.0131655 0.0150247 0.0134322 0.0118205 0.014231 0.0145067 0.0108638 0.00266618 0.0153244 0.00255251 0.00296965 0.0169521345204829 0.00211661 0.00266618 0.0153244 0.00255251 0.00424022 0.0154414554204829 0.00184701 0.00266618 0.0153244 0.00255251 0.00102851 0.0142924 0.00283863 0.013883 0.0141904 0.00783554 0.0135281 0.0152654 0.00901007 0.013883 0.0141904 0.00783554 0.0138259 0.0128659 0.00873261 0.013883 0.0141904 0.00783554 0.014985 0.0152605 0.00713385 0.013883 0.0141904 0.00783554 0.0154638683204829 0.0141939 0.00905145 0.013883 0.0141904 0.00783554 0.0139167 0.0138776 0.0059747 0.00399395 0.00227173 0.00755563 0.00429433 0.00372922 0.0067755 0.00399395 0.00227173 0.00755563 0.00265784 0.00188163 0.0084328 0.00399395 0.00227173 0.00755563 0.00426652 0.00339785 0.00907624 0.00399395 0.00227173 0.00755563 0.00488262 0.00127621 0.00622528 0.014566 0.0100214 0.00783029 0.0141057 0.00986899 0.00943843 0.014566 0.0100214 0.00783029 0.0157277485204829 0.00920176 0.00879548 0.014566 0.0100214 0.00783029 0.0136444 0.00833144 0.00796406 0.014566 0.0100214 0.00783029 0.0134011 0.0114463 0.00736109 0.014566 0.0100214 0.00783029 0.0155104845204829 0.00894094 0.00655536 0.00805801 0.00456962 0.0124184 0.00747092 0.00298987 0.0122435 0.00805801 0.00456962 0.0124184 0.0093758 0.00506436 0.013356 0.00805801 0.00456962 0.0124184 0.00837267 0.00543371 0.0109384 0.00805801 0.00456962 0.0124184 0.00632357 0.00455393 0.0125094 0.00527887 0.00620694 0.00986166 0.00643769 0.00556477 0.0108947 0.00527887 0.00620694 0.00986166 0.00422373 0.00723744 0.0106895 0.00527887 0.00620694 0.00986166 0.00598739 0.00543957 0.00826888 0.00527887 0.00620694 0.00986166 0.00581061 0.00774643 0.00888537 0.00376549 0.00463311 0.00537431 0.00524596 0.00550364 0.00539707 0.00376549 0.00463311 0.00537431 0.00429433 0.00372922 0.0067755 0.00376549 0.00463311 0.00537431 0.00189486 0.0040135 0.00524059 0.00376549 0.00463311 0.00537431 0.00274916 0.00607663 0.00448663 0.0104131 0.0137251 0.000745397 0.0115174 0.0124608 0.00122077 0.0144793 0.00665646 0.0132566 0.0148273 0.00652979 0.0146736 0.0144793 0.00665646 0.0132566 0.0129227 0.0060395 0.0129016 0.0144793 0.00665646 0.0132566 0.0163804045204829 0.0060973 0.0132674 0.0136454 0.0125241 0.0147257 0.0124344 0.0121709 0.0136932 0.0136454 0.0125241 0.0147257 0.0141991 0.0128951 0.0131655 0.00176157 0.00957105 0.000670044 0.0018939 0.0111631 0.00116497 0.00176157 0.00957105 0.000670044 0.00216867 0.0079918 0.00094116 0.00176157 0.00957105 0.000670044 0.00361415 0.0096591 0.0011747 0.00316469 0.0111554 0.00237591 0.00160644 0.0108221 0.00306188 0.00316469 0.0111554 0.00237591 0.00361415 0.0096591 0.0011747 0.00316469 0.0111554 0.00237591 0.00275848 0.0130116 0.0018307 0.00316469 0.0111554 0.00237591 0.00444131 0.0123869 0.00326339 0.00877657 0.000157821 0.000698763 0.0080945 0.00180874 0.00148089 0.00383261 0.0087651 0.00837618 0.00518629 0.00966056 0.00819069 0.00383261 0.0087651 0.00837618 0.00445083 0.0091869 0.00989112 0.00383261 0.0087651 0.00837618 0.00219578 0.00920315 0.0084846 0.00383261 0.0087651 0.00837618 0.00287912 0.00722056 0.00891266 0.007901 0.0108358 0.000697244 0.0092132 0.00984722 0.000788599 0.007901 0.0108358 0.000697244 0.00943698 0.0119622 0.00114544 0.007901 0.0108358 0.000697244 0.00612746 0.0111889 0.00113542 0.0130899 0.0100732 0.00440644 0.011914 0.00939085 0.00337375 0.0130899 0.0100732 0.00440644 0.0137643 0.0118121 0.00396091 0.0130899 0.0100732 0.00440644 0.0127861 0.00951696 0.00620365 0.0148273 0.00652979 0.0146736 0.0136511 0.00528691 0.0144628 0.0148273 0.00652979 0.0146736 0.0134554 0.00746958 0.0144818 0.0148273 0.00652979 0.0146736 0.0154404613204829 0.00830105 0.0142048 0.00722449 0.00598397 0.012395 0.00809272 0.00664632 0.0133342 0.00722449 0.00598397 0.012395 0.00643769 0.00556477 0.0108947 0.00722449 0.00598397 0.012395 0.00632357 0.00455393 0.0125094 0.00838864 0.00365626 0.0135737 0.00886442 0.00242358 0.0144353 0.00838864 0.00365626 0.0135737 0.00747092 0.00298987 0.0122435 0.00838864 0.00365626 0.0135737 0.00702798 0.00290421 0.0141471 0.00838864 0.00365626 0.0135737 0.0093758 0.00506436 0.013356 0.00838864 0.00365626 0.0135737 0.00940148 0.0029987 0.0125156 0.00838864 0.00365626 0.0135737 0.00740041 0.00501941 0.0142546 0.0100885 0.00221432 0.00398822 0.00941314 0.00322618 0.00279442 0.0100885 0.00221432 0.00398822 0.00850924 0.00171015 0.00367724 0.0100885 0.00221432 0.00398822 0.0117758 0.00221322 0.00300223 0.00804944 0.0102287 0.0146775 0.00846117 0.00976741 0.0131137 0.00804944 0.0102287 0.0146775 0.0076253 0.0118442 0.014333 0.0141336 0.00778566 0.000737771 0.0131708 0.00921762 0.000905615 0.0063896 0.014092 0.0146002 0.00547574 0.0155226515204829 0.0143876 0.0063896 0.014092 0.0146002 0.00804797 0.0136992 0.0144567 0.0063896 0.014092 0.0146002 0.006107 0.0129612 0.0133429 0.0107468 0.00109724 0.0103036 0.00941245 0.00182522 0.0109868 0.0107468 0.00109724 0.0103036 0.0094552 0.000547202 0.00937686 0.0107468 0.00109724 0.0103036 0.0109557 0.00254844 0.00938566 0.0107468 0.00109724 0.0103036 0.0122041 0.00011869300000000001 0.0110307 0.00307001 0.000634417 0.000698716 0.00433529 0.00134501 0.000702245 0.00307001 0.000634417 0.000698716 0.00296965 0.0015815 0.00211661 0.00307001 0.000634417 0.000698716 0.00424022 7.082089999999996e-05 0.00184701 0.00307001 0.000634417 0.000698716 0.00197985 -0.0006444345204828991 0.000913379 0.00433529 0.00134501 0.000702245 0.00474171 0.00240041 0.00193848 0.00433529 0.00134501 0.000702245 0.00424022 7.082089999999996e-05 0.00184701 0.008504 0.0153522 0.00800166 0.00909459 0.0140261 0.00886382 0.008504 0.0153522 0.00800166 0.00791281 0.0168450245204829 0.00738381 0.008504 0.0153522 0.00800166 0.00949221 0.0153750291204829 0.00662878 0.008504 0.0153522 0.00800166 0.00754114 0.0160973305204829 0.00918317 0.008504 0.0153522 0.00800166 0.00738485 0.0149289 0.00641985 0.0145029 0.00487297 0.0048997 0.0132535 0.00425997 0.00594174 0.0145029 0.00487297 0.0048997 0.015314 0.00321517 0.0041542 0.0145029 0.00487297 0.0048997 0.0158091855204829 0.00622823 0.00555057 0.00218579 0.00812747 0.00715035 0.00245533 0.00645946 0.00673992 0.00218579 0.00812747 0.00715035 0.00213385 0.00963151 0.0062697 0.00218579 0.00812747 0.00715035 0.000856327 0.00739977 0.00790637 0.00218579 0.00812747 0.00715035 0.00320809 0.00802219 0.00580835 0.00218579 0.00812747 0.00715035 0.00219578 0.00920315 0.0084846 0.000769806 0.00702446 0.000592025 0.000384797 0.00812202 0.0016760199999999999 0.000769806 0.00702446 0.000592025 0.00216867 0.0079918 0.00094116 0.000769806 0.00702446 0.000592025 0.000740161 0.00538415 0.00137568 0.00809272 0.00664632 0.0133342 0.00858599 0.00671082 0.0119932 0.00809272 0.00664632 0.0133342 0.00940528 0.0077341 0.0130089 0.00809272 0.00664632 0.0133342 0.0063342 0.0070789 0.0141061 0.00809272 0.00664632 0.0133342 0.00740041 0.00501941 0.0142546 0.00745532 0.0111079 0.00431103 0.00775277 0.00969466 0.00515117 0.00745532 0.0111079 0.00431103 0.00638183 0.0114723 0.00549042 0.00745532 0.0111079 0.00431103 0.00893849 0.011602 0.00447723 0.00745532 0.0111079 0.00431103 0.00594301 0.0105089 0.00347532 0.00613432 0.00639621 0.00653245 0.00524596 0.00550364 0.00539707 0.00613432 0.00639621 0.00653245 0.00744526 0.00680892 0.00753432 0.00613432 0.00639621 0.00653245 0.00598739 0.00543957 0.00826888 0.00613432 0.00639621 0.00653245 0.00528231 0.00816326 0.00658789 0.006641 0.00175326 0.00633218 0.00791281 0.00147439 0.00738381 0.006641 0.00175326 0.00633218 0.00691094 0.00100069 0.00484605 0.006641 0.00175326 0.00633218 0.00773119 0.00262932 0.00558849 0.006641 0.00175326 0.00633218 0.00488262 0.00127621 0.00622528 0.00728721 0.0143493 0.00228103 0.0069538 0.0153657 0.000961087 0.00728721 0.0143493 0.00228103 0.00878786 0.0135288 0.0023923 0.00728721 0.0143493 0.00228103 0.00648329 0.0156413835204829 0.00294967 0.00728721 0.0143493 0.00228103 0.0084316 0.0154073546204829 0.0026624 0.00728721 0.0143493 0.00228103 0.00732062 0.0134592 0.0008909460000000001 0.00728721 0.0143493 0.00228103 0.00671242 0.0126925 0.00283251 0.0135963 0.00496016 0.0118678 0.0128691 0.00625232 0.0110347 0.0135963 0.00496016 0.0118678 0.0129624 0.00404799 0.01314 0.0135963 0.00496016 0.0118678 0.0129227 0.0060395 0.0129016 0.0135963 0.00496016 0.0118678 0.0120714 0.00433377 0.0108016 0.0135963 0.00496016 0.0118678 0.0145217 0.003246 0.0117452 0.0135963 0.00496016 0.0118678 0.0146829 0.00519847 0.0103494 0.0100766 0.0134364 0.00676902 0.009835 0.0124099 0.00811595 0.0100766 0.0134364 0.00676902 0.0119283 0.0135616 0.00727503 0.0100766 0.0134364 0.00676902 0.0105176 0.0128407 0.00496564 0.0100766 0.0134364 0.00676902 0.00834925 0.0127266 0.00627713 0.0056298 0.0121606 0.014713 0.00615247 0.0106137 0.0143181 0.0056298 0.0121606 0.014713 0.006107 0.0129612 0.0133429 0.00858599 0.00671082 0.0119932 0.00940528 0.0077341 0.0130089 0.00858599 0.00671082 0.0119932 0.00765294 0.00813705 0.0123622 0.00858599 0.00671082 0.0119932 0.00837267 0.00543371 0.0109384 0.00858599 0.00671082 0.0119932 0.00953841 0.00740716 0.0107448 0.00163593 0.0106163 0.0095053 0.00316913 0.0108149 0.0102548 0.00163593 0.0106163 0.0095053 0.00151877 0.0110012 0.0111843 0.00163593 0.0106163 0.0095053 0.00232404 0.0120693 0.00895903 0.00163593 0.0106163 0.0095053 0.00168017 0.00916966 0.010395 0.00163593 0.0106163 0.0095053 0.000999922 0.010941 0.00766506 0.00490294 0.0140514 0.0128572 0.00412198 0.013954 0.0113874 0.00490294 0.0140514 0.0128572 0.00467879 0.013729 0.0144694 0.00490294 0.0140514 0.0128572 0.006107 0.0129612 0.0133429 0.00490294 0.0140514 0.0128572 0.00326961 0.0135723 0.0131057 0.00490294 0.0140514 0.0128572 0.00624899 0.0153564 0.0123765 0.0122819 0.000809626 0.00426577 0.0138446 0.000358494 0.00484459 0.0122819 0.000809626 0.00426577 0.0114864 1.6897599999999972e-05 0.00549965 0.0122819 0.000809626 0.00426577 0.0127793 0.00216628 0.00545954 0.0122819 0.000809626 0.00426577 0.0117758 0.00221322 0.00300223 0.0122819 0.000809626 0.00426577 0.0126429 -0.00033703452048290054 0.00289099 0.00643769 0.00556477 0.0108947 0.00837267 0.00543371 0.0109384 0.00643769 0.00556477 0.0108947 0.00752129 0.00641127 0.00950419 0.00643769 0.00556477 0.0108947 0.00632357 0.00455393 0.0125094 0.00643769 0.00556477 0.0108947 0.00590881 0.00343809 0.0107434 0.0152253 0.00859248 0.00445763 0.0150599 0.0101984 0.00341847 0.0152253 0.00859248 0.00445763 0.0169540045204829 0.00792297 0.00477888 0.0152253 0.00859248 0.00445763 0.0152275 0.00674113 0.00323557 0.0152253 0.00859248 0.00445763 0.0137572 0.00853907 0.00284369 0.0152253 0.00859248 0.00445763 0.0155104845204829 0.00894094 0.00655536 0.0131904 0.00371952 0.00411445 0.0133132 0.00357377 0.00227491 0.0131904 0.00371952 0.00411445 0.0132535 0.00425997 0.00594174 0.0131904 0.00371952 0.00411445 0.0127793 0.00216628 0.00545954 0.0131904 0.00371952 0.00411445 0.015314 0.00321517 0.0041542 0.0131904 0.00371952 0.00411445 0.0131185 0.00582086 0.00369956 0.0101008 0.0048294 0.0115718 0.0093758 0.00506436 0.013356 0.0101008 0.0048294 0.0115718 0.0111977 0.00351114 0.0125803 0.0101008 0.0048294 0.0115718 0.00837267 0.00543371 0.0109384 0.0101008 0.0048294 0.0115718 0.0120714 0.00433377 0.0108016 0.0101008 0.0048294 0.0115718 0.0110594 0.0067007 0.0121413 0.0115182 0.0111059 0.00410497 0.011914 0.00939085 0.00337375 0.0115182 0.0111059 0.00410497 0.0119219 0.0127336 0.0031407 0.0115182 0.0111059 0.00410497 0.0105176 0.0128407 0.00496564 0.0115182 0.0111059 0.00410497 0.00977715 0.0097966 0.00382032 0.000186369 0.00728391 0.00970351 0.00153539 0.0058894 0.0100237 0.000186369 0.00728391 0.00970351 -0.0017512345204828994 0.00719592 0.00970224 0.000186369 0.00728391 0.00970351 0.000856327 0.00739977 0.00790637 0.000186369 0.00728391 0.00970351 6.71044e-05 0.00784465 0.0117907 0.00474462 0.00555372 0.0144382 0.00288104 0.00610016 0.0143861 0.00474462 0.00555372 0.0144382 0.00509703 0.00594084 0.0125249 0.00474462 0.00555372 0.0144382 0.00395039 0.00414175 0.0129698 0.00474462 0.00555372 0.0144382 0.0063342 0.0070789 0.0141061 0.00930046 0.00735831 0.000869541 0.0101873 0.00560489 0.000964288 0.00930046 0.00735831 0.000869541 0.00971019 0.00806088 0.00254387 0.00930046 0.00735831 0.000869541 0.00870162 0.00608125 0.00249101 0.00288104 0.00610016 0.0143861 0.00100977 0.0060973 0.0132674 0.00288104 0.00610016 0.0143861 0.00407704 0.007589 0.0133247 0.00438686 0.00686665 0.00279751 0.00415898 0.00761053 0.000988955 0.00438686 0.00686665 0.00279751 0.00315192 0.00806511 0.00368288 0.00438686 0.00686665 0.00279751 0.00457022 0.00521808 0.00363048 0.00438686 0.00686665 0.00279751 0.0045709 0.00720064 0.00473236 0.00438686 0.00686665 0.00279751 0.00519266 0.0057472 0.00112057 0.00438686 0.00686665 0.00279751 0.00562975 0.00844931 0.00239322 0.00438686 0.00686665 0.00279751 0.00644054 0.00611998 0.0030945 0.00547574 0.000152017 0.0143876 0.00467879 -0.0016416345204829002 0.0144694 0.00547574 0.000152017 0.0143876 0.00541076 0.00205572 0.014552 0.00547574 0.000152017 0.0143876 0.00728994 0.000886665 0.0143983 0.00547574 0.000152017 0.0143876 0.00358853 -5.6334520482900546e-05 0.0144855 0.00547574 0.000152017 0.0143876 0.00624899 -1.423452048290077e-05 0.0123765 0.00912092 0.00228755 0.00857478 0.0094552 0.0005472020000000001 0.00937686 0.00912092 0.00228755 0.00857478 0.00949277 0.00401967 0.00920875 0.00912092 0.00228755 0.00857478 0.00791281 0.00147439 0.00738381 0.00912092 0.00228755 0.00857478 0.0107548 0.00153932 0.00738435 0.00412198 0.013954 0.0113874 0.00300691 0.0123478 0.0116118 0.00412198 0.013954 0.0113874 0.0050376 0.0134928 0.00977238 0.00412198 0.013954 0.0113874 0.00326961 0.0135723 0.0131057 0.00412198 0.013954 0.0113874 0.00242087 0.014422 0.010649 0.0113505 0.00441635 0.0088114 0.0132981 0.00453473 0.00888389 0.0113505 0.00441635 0.0088114 0.00949277 0.00401967 0.00920875 0.0113505 0.00441635 0.0088114 0.0106632 0.00600215 0.00795997 0.0113505 0.00441635 0.0088114 0.0108641 0.00407079 0.00703743 0.0113505 0.00441635 0.0088114 0.0109557 0.00254844 0.00938566 0.0113505 0.00441635 0.0088114 0.0120714 0.00433377 0.0108016 0.00886442 0.00242358 0.0144353 0.00837796 0.00135228 0.0128374 0.00886442 0.00242358 0.0144353 0.00702798 0.00290421 0.0141471 0.00886442 0.00242358 0.0144353 0.0101439 0.00116855 0.0144622 0.00300691 0.0123478 0.0116118 0.00338696 0.0106218 0.0123903 0.00300691 0.0123478 0.0116118 0.00181676 0.0116185 0.0129834 0.00300691 0.0123478 0.0116118 0.00326961 0.0135723 0.0131057 0.0136378 0.000556361 0.0126048 0.0121248 0.0018376 0.0126539 0.0136378 0.000556361 0.0126048 0.0137917 -0.0008172345204828999 0.0139788 0.0136378 0.000556361 0.0126048 0.0122041 0.00011869300000000001 0.0110307 0.0136378 0.000556361 0.0126048 0.0120721 0.00032229 0.0141937 0.0147242 0.000342607 0.0027357 0.0164823345204829 0.00107387 0.00288313 0.0147242 0.000342607 0.0027357 0.013712 0.000177214 0.00110976 0.0147242 0.000342607 0.0027357 0.0144196 0.00197495 0.00169172 0.0147242 0.000342607 0.0027357 0.0144117 -0.0012604345204828993 0.00385105 0.0147242 0.000342607 0.0027357 0.0156227475204829 9.55946e-05 0.000988166 0.0147242 0.000342607 0.0027357 0.0138209 0.001813 0.00355097 0.0147242 0.000342607 0.0027357 0.016399144520482897 -0.001078234520482899 0.00283863 0.0147242 0.000342607 0.0027357 0.0126429 -0.0003370345204828998 0.00289099 0.0141057 0.00986899 0.00943843 0.0157277485204829 0.00920176 0.00879548 0.0141057 0.00986899 0.00943843 0.0152977 0.00987678 0.0109744 0.0141057 0.00986899 0.00943843 0.0128572 0.0110007 0.0102016 0.0141057 0.00986899 0.00943843 0.0136444 0.00833144 0.00796406 0.0141057 0.00986899 0.00943843 0.0133376 0.00875517 0.011039 0.0033096 0.00236033 0.0118109 0.00252679 0.00351943 0.0104891 0.0033096 0.00236033 0.0118109 0.00373612 0.00197869 0.0136357 0.0033096 0.00236033 0.0118109 0.00508158 0.00161784 0.0115467 0.0033096 0.00236033 0.0118109 0.0021008 0.00300737 0.0132289 0.0033096 0.00236033 0.0118109 0.00248659 0.00150683 0.0103276 0.0033096 0.00236033 0.0118109 0.00395039 0.00414175 0.0129698 0.00238431 8.09231e-05 0.00903248 0.00248659 0.00150683 0.0103276 0.00238431 8.09231e-05 0.00903248 0.00242087 -0.0009486345204828981 0.010649 0.00238431 8.09231e-05 0.00903248 0.00265784 0.00188163 0.0084328 0.00238431 8.09231e-05 0.00903248 0.00348983 -0.0016205345204828995 0.00827848 0.00238431 8.09231e-05 0.00903248 0.0005309260000000001 0.0011517 0.00865478 0.000357114 0.00920176 0.00879548 0.00219578 0.00920315 0.0084846 0.000357114 0.00920176 0.00879548 0.000999922 0.010941 0.00766506 0.00973871 0.00877041 0.00936979 0.0100959 0.0105531 0.00859956 0.00973871 0.00877041 0.00936979 0.00917929 0.00727589 0.00828475 0.00973871 0.00877041 0.00936979 0.0113553 0.0088956 0.0103548 0.00973871 0.00877041 0.00936979 0.00953841 0.00740716 0.0107448 0.00973871 0.00877041 0.00936979 0.00889915 0.0105544 0.0103827 0.00973871 0.00877041 0.00936979 0.00773114 0.0084715 0.0101293 0.0136511 0.00528691 0.0144628 0.0120315 0.00622593 0.0145309 0.0136511 0.00528691 0.0144628 0.0148254 0.00407053 0.0137143 0.0136511 0.00528691 0.0144628 0.0129624 0.00404799 0.01314 0.0136511 0.00528691 0.0144628 0.0129227 0.0060395 0.0129016 0.00245533 0.00645946 0.00673992 0.00440033 0.00622538 0.00695605 0.00245533 0.00645946 0.00673992 0.00320809 0.00802219 0.00580835 0.00245533 0.00645946 0.00673992 0.00131406 0.00490568 0.00704652 0.00415898 0.00761053 0.000988955 0.00281183 0.00620945 0.000981801 0.00415898 0.00761053 0.000988955 0.00519266 0.0057472 0.00112057 0.00415898 0.00761053 0.000988955 0.00361415 0.0096591 0.0011747 0.00415898 0.00761053 0.000988955 0.00562975 0.00844931 0.00239322 0.00175485 0.00198075 0.0044617 0.0011117 0.00107387 0.00288313 0.00175485 0.00198075 0.0044617 0.00294505 0.000812793 0.00532489 0.00175485 0.00198075 0.0044617 0.00166564 0.00288956 0.00276327 0.00175485 0.00198075 0.0044617 0.00189486 0.0040135 0.00524059 0.00175485 0.00198075 0.0044617 -5.663452048290012e-05 0.00321517 0.0041542 0.00315192 0.00806511 0.00368288 0.00391241 0.00974572 0.00325401 0.00315192 0.00806511 0.00368288 0.0045709 0.00720064 0.00473236 0.00315192 0.00806511 0.00368288 0.00184676 0.00705112 0.00259006 0.00315192 0.00806511 0.00368288 0.00158337 0.00792297 0.00477888 0.00315192 0.00806511 0.00368288 0.00274916 0.00607663 0.00448663 0.0107552 0.00758112 0.00400571 0.0112024 0.00897595 0.00508958 0.0107552 0.00758112 0.00400571 0.0125736 0.00773273 0.00449174 0.0107552 0.00758112 0.00400571 0.00971019 0.00806088 0.00254387 0.0107552 0.00758112 0.00400571 0.0111439 0.00659056 0.00240915 0.0107552 0.00758112 0.00400571 0.0097018 0.00582547 0.00462714 0.0128691 0.00625232 0.0110347 0.0136194 0.00719592 0.00970224 0.0128691 0.00625232 0.0110347 0.0113766 0.00699471 0.00997059 0.0128691 0.00625232 0.0110347 0.0129227 0.0060395 0.0129016 0.0128691 0.00625232 0.0110347 0.0120714 0.00433377 0.0108016 0.0128691 0.00625232 0.0110347 0.0110594 0.0067007 0.0121413 0.0128691 0.00625232 0.0110347 0.0146829 0.00519847 0.0103494 0.00909459 0.0140261 0.00886382 0.0094552 0.015917836520482898 0.00937686 0.00909459 0.0140261 0.00886382 0.009835 0.0124099 0.00811595 0.00909459 0.0140261 0.00886382 0.0107135 0.0149828 0.00832928 0.00909459 0.0140261 0.00886382 0.00719416 0.013658 0.00988841 0.0134554 0.00746958 0.0144818 0.0120315 0.00622593 0.0145309 0.0134554 0.00746958 0.0144818 0.0133336 0.00861662 0.0130255 0.0134554 0.00746958 0.0144818 0.0117061 0.00822313 0.0144383 0.0134554 0.00746958 0.0144818 0.0154404613204829 0.00830105 0.0142048 0.00200005 0.0142539 0.0144451 0.00256788 0.0124659 0.0144995 0.00200005 0.0142539 0.0144451 0.0007043819999999999 0.0128889 0.0139551 0.00200005 0.0142539 0.0144451 0.0002818460000000001 0.0148294 0.013994 0.00200005 0.0142539 0.0144451 0.00358853 0.0153143 0.0144855 0.00200005 0.0142539 0.0144451 0.00326961 0.0135723 0.0131057 0.00200005 0.0142539 0.0144451 0.00178195 0.016422754520482898 0.0142068 0.000811382 0.00190231 0.000918042 0.00201211 0.00332461 0.000955486 0.000811382 0.00190231 0.000918042 -0.0009510345204828991 0.00197495 0.00169172 0.000811382 0.00190231 0.000918042 0.000252113 9.559460000000005e-05 0.000988166 0.00210896 0.00484708 0.0118527 0.00252679 0.00351943 0.0104891 0.00210896 0.00484708 0.0118527 0.00330738 0.00526057 0.0103617 0.00210896 0.00484708 0.0118527 0.00100977 0.0060973 0.0132674 0.0120315 0.00622593 0.0145309 0.0101952 0.00652312 0.0142791 0.0120315 0.00622593 0.0145309 0.0129227 0.0060395 0.0129016 0.0105724 0.00904404 0.00690549 0.0115532 0.00884355 0.0085027 0.0105724 0.00904404 0.00690549 0.0112024 0.00897595 0.00508958 0.0105724 0.00904404 0.00690549 0.00956775 0.00815997 0.00552489 0.0105724 0.00904404 0.00690549 0.0110929 0.0111959 0.00674745 0.0105724 0.00904404 0.00690549 0.00884252 0.0104411 0.00685552 0.00422373 0.00723744 0.0106895 0.0027274 0.00801273 0.0116485 0.00422373 0.00723744 0.0106895 0.00287912 0.00722056 0.00891266 0.0137026 0.0131694 0.00233572 0.0125674 0.0140202 0.000940691 0.0137026 0.0131694 0.00233572 0.0144117 0.0141102 0.00385105 0.0137026 0.0131694 0.00233572 0.0145298 0.0138865 0.0008389140000000001 0.0137026 0.0131694 0.00233572 0.0137643 0.0118121 0.00396091 0.0137026 0.0131694 0.00233572 0.0126429 0.0150336 0.00289099 0.00397929 0.000396568 0.0124489 0.0020478 0.000484154 0.011956 0.00397929 0.000396568 0.0124489 0.00373612 0.00197869 0.0136357 0.00397929 0.000396568 0.0124489 0.00508158 0.00161784 0.0115467 0.00153539 0.0058894 0.0100237 0.000608107 0.00485302 0.00871949 0.00153539 0.0058894 0.0100237 0.00330738 0.00526057 0.0103617 0.00153539 0.0058894 0.0100237 0.00287912 0.00722056 0.00891266 0.000797717 0.00189917 0.0123836 0.0020478 0.0004841540000000001 0.011956 0.000797717 0.00189917 0.0123836 0.000717539 0.00222936 0.010531 0.000797717 0.00189917 0.0123836 0.0021008 0.00300737 0.0132289 0.000797717 0.00189917 0.0123836 0.000315523 0.00252498 0.014145 0.000797717 0.00189917 0.0123836 0.00178195 0.00105212 0.0142068 0.000797717 0.00189917 0.0123836 -0.0008489345204828988 0.003246 0.0117452 0.00775277 0.00969466 0.00515117 0.00795209 0.00849578 0.00672208 0.00775277 0.00969466 0.00515117 0.00770291 0.00916449 0.00328085 0.00775277 0.00969466 0.00515117 0.00653273 0.00989849 0.00664684 0.00775277 0.00969466 0.00515117 0.00659317 0.00791887 0.00462736 0.00775277 0.00969466 0.00515117 0.00884252 0.0104411 0.00685552 0.00940528 0.0077341 0.0130089 0.0101952 0.00652312 0.0142791 0.00940528 0.0077341 0.0130089 0.00947011 0.00888714 0.0144737 0.00940528 0.0077341 0.0130089 0.00765294 0.00813705 0.0123622 0.00940528 0.0077341 0.0130089 0.0110594 0.0067007 0.0121413 0.00252679 0.00351943 0.0104891 0.00135079 0.00315587 0.00902838 0.00252679 0.00351943 0.0104891 0.00330738 0.00526057 0.0103617 0.00252679 0.00351943 0.0104891 0.00426652 0.00339785 0.00907624 0.00135079 0.00315587 0.00902838 0.000608107 0.00485302 0.00871949 0.00135079 0.00315587 0.00902838 0.000717539 0.00222936 0.010531 0.00135079 0.00315587 0.00902838 0.00264601 0.00374624 0.00771585 0.00135079 0.00315587 0.00902838 0.00265784 0.00188163 0.0084328 0.00135079 0.00315587 0.00902838 0.000530926 0.0011517000000000003 0.00865478 0.00440033 0.00622538 0.00695605 0.00524596 0.00550364 0.00539707 0.00440033 0.00622538 0.00695605 0.00355658 0.0052915 0.00838119 0.00440033 0.00622538 0.00695605 0.00598739 0.00543957 0.00826888 0.00440033 0.00622538 0.00695605 0.00528231 0.00816326 0.00658789 0.00474171 0.00240041 0.00193848 0.00296965 0.0015815 0.00211661 0.00474171 0.00240041 0.00193848 0.00442029 0.00110454 0.00374096 0.00474171 0.00240041 0.00193848 0.00363414 0.00335626 0.00354189 0.00474171 0.00240041 0.00193848 0.0064751 0.00236292 0.00321008 0.0110236 0.0138513 0.0119887 0.00923907 0.0130476 0.0119916 0.0110236 0.0138513 0.0119887 0.0108258 0.0141082 0.0100376 0.0110236 0.0138513 0.0119887 0.0103729 0.0158729565204829 0.0124425 0.0110236 0.0138513 0.0119887 0.0122041 0.015489327520482899 0.0110307 0.0110236 0.0138513 0.0119887 0.0126905 0.0125192 0.0116509 0.0020478 0.000484154 0.011956 0.0009356939999999999 0.000276647 0.0104819 0.0020478 0.000484154 0.011956 0.00248659 0.0015068300000000002 0.0103276 0.0020478 0.000484154 0.011956 0.00242087 -0.0009486345204828989 0.010649 0.00524596 0.00550364 0.00539707 0.00457022 0.00521808 0.00363048 0.00524596 0.00550364 0.00539707 0.0045709 0.00720064 0.00473236 0.00524596 0.00550364 0.00539707 0.0060884 0.00418303 0.00432384 0.0145278 0.0107073 0.00564752 0.016303753520482897 0.0103741 0.00492578 0.0145278 0.0107073 0.00564752 0.0151234 0.0122909 0.00656322 0.0145278 0.0107073 0.00564752 0.0137643 0.0118121 0.00396091 0.0145278 0.0107073 0.00564752 0.0134011 0.0114463 0.00736109 0.0145278 0.0107073 0.00564752 0.0127861 0.00951696 0.00620365 0.0145278 0.0107073 0.00564752 0.0155104845204829 0.00894094 0.00655536 0.00296965 0.0015815 0.00211661 0.00424022 7.082089999999996e-05 0.00184701 0.00296965 0.0015815 0.00211661 0.00166564 0.00288956 0.00276327 0.00296965 0.0015815 0.00211661 0.00442029 0.00110454 0.00374096 0.00453302 0.000234118 0.00836158 0.00618999 -0.000783234520482899 0.00823451 0.00453302 0.000234118 0.00836158 0.00317303 0.000484193 0.00719514 0.00453302 0.000234118 0.00836158 0.00611542 0.00112194 0.00799462 0.00453302 0.000234118 0.00836158 0.0043655 0.00132045 0.00985945 0.00453302 0.000234118 0.00836158 0.00348983 -0.0016205345204829 0.00827848 0.000935694 0.000276647 0.0104819 0.000717539 0.00222936 0.010531 0.000935694 0.000276647 0.0104819 0.00017210100000000002 -0.0002218345204828984 0.0121246 0.000935694 0.000276647 0.0104819 0.00248659 0.0015068300000000002 0.0103276 0.000935694 0.000276647 0.0104819 0.00242087 -0.0009486345204828981 0.010649 0.000935694 0.000276647 0.0104819 0.000530926 0.0011517 0.00865478 0.000935694 0.000276647 0.0104819 9.323380000000002e-05 -0.0011767345204828981 0.00905145 0.01238 0.00528542 0.00733189 0.0132981 0.00453473 0.00888389 0.01238 0.00528542 0.00733189 0.0106632 0.00600215 0.00795997 0.01238 0.00528542 0.00733189 0.0108641 0.00407079 0.00703743 0.01238 0.00528542 0.00733189 0.0132535 0.00425997 0.00594174 0.01238 0.00528542 0.00733189 0.0114508 0.00691104 0.00611402 0.00316913 0.0108149 0.0102548 0.00151877 0.0110012 0.0111843 0.00316913 0.0108149 0.0102548 0.00232404 0.0120693 0.00895903 0.00316913 0.0108149 0.0102548 0.00351666 0.0106179 0.00838933 0.0152977 0.00987678 0.0109744 0.0168894045204829 0.0110012 0.0111843 0.0152977 0.00987678 0.0109744 0.0170508045204829 0.00916966 0.010395 0.0152977 0.00987678 0.0109744 0.0144216 0.0103622 0.0127054 0.0152977 0.00987678 0.0109744 0.0147553 0.011936 0.0103554 0.0152977 0.00987678 0.0109744 0.0154377389204829 0.00784465 0.0117907 0.00941245 0.00182522 0.0109868 0.00860633 0.0035426 0.0108194 0.00941245 0.00182522 0.0109868 0.00940148 0.0029987 0.0125156 0.00941245 0.00182522 0.0109868 0.0103729 0.0005023220000000001 0.0124425 0.00941245 0.00182522 0.0109868 0.00830699 -3.113452048289912e-05 0.0110878 0.0114356 0.013604 0.0144541 0.0124344 0.0121709 0.0136932 0.0114356 0.013604 0.0144541 0.00977462 0.0146313 0.0145026 0.0114356 0.013604 0.0144541 0.00976876 0.0122904 0.0139651 0.0114356 0.013604 0.0144541 0.0120721 0.015692924520482897 0.0141937 0.0132981 0.00453473 0.00888389 0.014458 0.00614742 0.008072 0.0132981 0.00453473 0.00888389 0.0126684 0.00275445 0.00796893 0.0132981 0.00453473 0.00888389 0.0146829 0.00519847 0.0103494 0.000102955 0.0107083 0.0143707 -0.0009490345204828995 0.0103622 0.0127054 0.00923907 0.0130476 0.0119916 0.0102104 0.0123625 0.0104977 0.00923907 0.0130476 0.0119916 0.00743731 0.0135884 0.0121698 0.00923907 0.0130476 0.0119916 0.00976876 0.0122904 0.0139651 0.000758336 0.0124053 0.00391401 0.0012589 0.0127233 0.00577631 0.000758336 0.0124053 0.00391401 -5.533452048289884e-05 0.011762 0.00230072 0.000758336 0.0124053 0.00391401 0.00160644 0.0108221 0.00306188 0.000758336 0.0124053 0.00391401 0.00102851 0.0142924 0.00283863 0.000758336 0.0124053 0.00391401 0.00268823 0.0116887 0.00470952 0.0133132 0.00357377 0.00227491 0.012203 0.00294638 0.000896036 0.0133132 0.00357377 0.00227491 0.0142913 0.00429492 0.0008456660000000001 0.0133132 0.00357377 0.00227491 0.0117758 0.00221322 0.00300223 0.0133132 0.00357377 0.00227491 0.0123344 0.00524221 0.00118007 0.00618999 0.0145874 0.00823451 0.00611542 0.0164925745204829 0.00799462 0.00618999 0.0145874 0.00823451 0.00536849 0.0129771 0.00754038 0.00618999 0.0145874 0.00823451 0.00524034 0.0146138 0.00652534 0.00618999 0.0145874 0.00823451 0.00719416 0.013658 0.00988841 0.00618999 0.0145874 0.00823451 0.00738485 0.0149289 0.00641985 0.0100959 0.0105531 0.00859956 0.009835 0.0124099 0.00811595 0.0100959 0.0105531 0.00859956 0.0119368 0.0106424 0.00866723 0.0100959 0.0105531 0.00859956 0.00889915 0.0105544 0.0103827 0.0100959 0.0105531 0.00859956 0.0110929 0.0111959 0.00674745 0.0100959 0.0105531 0.00859956 0.00884252 0.0104411 0.00685552 0.0124344 0.0121709 0.0136932 0.0141991 0.0128951 0.0131655 0.0124344 0.0121709 0.0136932 0.0126905 0.0125192 0.0116509 0.0124344 0.0121709 0.0136932 0.0113649 0.0103853 0.0141892 0.012203 0.00294638 0.000896036 0.0103239 0.00333838 0.00103588 0.00795209 0.00849578 0.00672208 0.00814712 0.00689363 0.00575642 0.00795209 0.00849578 0.00672208 0.00749263 0.0095413 0.00827077 0.00795209 0.00849578 0.00672208 0.00653273 0.00989849 0.00664684 0.00795209 0.00849578 0.00672208 0.00744526 0.00680892 0.00753432 0.00795209 0.00849578 0.00672208 0.00884252 0.0104411 0.00685552 0.00747092 0.00298987 0.0122435 0.00837796 0.00135228 0.0128374 0.00747092 0.00298987 0.0122435 0.00702798 0.00290421 0.0141471 0.00747092 0.00298987 0.0122435 0.00860633 0.0035426 0.0108194 0.00747092 0.00298987 0.0122435 0.00564961 0.00276824 0.0128419 0.00747092 0.00298987 0.0122435 0.00693201 0.00157657 0.0110465 0.00747092 0.00298987 0.0122435 0.00632357 0.00455393 0.0125094 0.00747092 0.00298987 0.0122435 0.00940148 0.0029987 0.0125156 0.00747092 0.00298987 0.0122435 0.00590881 0.00343809 0.0107434 0.00846117 0.00976741 0.0131137 0.0072332 0.00987843 0.0116796 0.00846117 0.00976741 0.0131137 0.00947011 0.00888714 0.0144737 0.00846117 0.00976741 0.0131137 0.00765294 0.00813705 0.0123622 0.0012589 0.0127233 0.00577631 0.00147794 0.013279 0.00760551 0.0012589 0.0127233 0.00577631 -0.000247234520482899 0.0122909 0.00656322 0.0012589 0.0127233 0.00577631 0.00268823 0.0116887 0.00470952 0.0012589 0.0127233 0.00577631 0.00272931 0.0141818 0.00593489 0.00917929 0.00727589 0.00828475 0.0106632 0.00600215 0.00795997 0.00917929 0.00727589 0.00828475 0.00744526 0.00680892 0.00753432 0.00814712 0.00689363 0.00575642 0.0086151 0.00761119 0.00400059 0.00814712 0.00689363 0.00575642 0.00956775 0.00815997 0.00552489 0.00814712 0.00689363 0.00575642 0.00744526 0.00680892 0.00753432 0.00814712 0.00689363 0.00575642 0.00659317 0.00791887 0.00462736 0.00814712 0.00689363 0.00575642 0.0097018 0.00582547 0.00462714 0.00814712 0.00689363 0.00575642 0.00772903 0.00478735 0.00558748 0.0144748 0.00208056 0.00683127 0.0151797 0.00380923 0.00616903 0.0144748 0.00208056 0.00683127 0.0127793 0.00216628 0.00545954 0.0144748 0.00208056 0.00683127 0.0166347845204829 0.0023969 0.00681879 0.0144748 0.00208056 0.00683127 0.0126684 0.00275445 0.00796893 0.0107749 0.00278272 0.00562089 0.00920883 0.00321762 0.00655306 0.0107749 0.00278272 0.00562089 0.00945325 0.00371811 0.00467875 0.0107749 0.00278272 0.00562089 0.0108641 0.00407079 0.00703743 0.0107749 0.00278272 0.00562089 0.00929169 0.00157045 0.00546177 0.0107749 0.00278272 0.00562089 0.0127793 0.00216628 0.00545954 0.0107749 0.00278272 0.00562089 0.0107548 0.00153932 0.00738435 0.00837796 0.00135228 0.0128374 0.00728994 0.000886665 0.0143983 0.00837796 0.00135228 0.0128374 0.00940148 0.0029987 0.0125156 0.00837796 0.00135228 0.0128374 0.0103729 0.000502322 0.0124425 0.00837796 0.00135228 0.0128374 0.00830699 -3.11345204828976e-05 0.0110878 0.0072332 0.00987843 0.0116796 0.00765374 0.0117479 0.0117369 0.0072332 0.00987843 0.0116796 0.00581091 0.0112185 0.0119941 0.0072332 0.00987843 0.0116796 0.00765294 0.00813705 0.0123622 0.0072332 0.00987843 0.0116796 0.00585321 0.00945247 0.0128251 0.0072332 0.00987843 0.0116796 0.00889915 0.0105544 0.0103827 0.0072332 0.00987843 0.0116796 0.00631309 0.0104336 0.00986055 0.0072332 0.00987843 0.0116796 0.00773114 0.0084715 0.0101293 0.0094552 0.000547202 0.00937686 0.0107135 -0.00038783452048290004 0.00832928 0.0094552 0.000547202 0.00937686 0.00754114 0.000726696 0.00918317 0.0094552 0.000547202 0.00937686 0.00830699 -3.113452048289858e-05 0.0110878 0.00256788 0.0124659 0.0144995 0.00181676 0.0116185 0.0129834 0.00256788 0.0124659 0.0144995 0.00236449 0.0106068 0.0144164 0.00256788 0.0124659 0.0144995 0.0007043819999999999 0.0128889 0.0139551 0.00256788 0.0124659 0.0144995 0.00326961 0.0135723 0.0131057 0.00213385 0.00963151 0.0062697 0.00320809 0.00802219 0.00580835 0.00213385 0.00963151 0.0062697 0.00356453 0.0097538 0.00507178 0.00213385 0.00963151 0.0062697 0.000933119 0.0103741 0.00492578 0.00213385 0.00963151 0.0062697 0.000999922 0.010941 0.00766506 0.00213385 0.00963151 0.0062697 0.00013984999999999996 0.00894094 0.00655536 0.00949277 0.00401967 0.00920875 0.00860633 0.0035426 0.0108194 0.00949277 0.00401967 0.00920875 0.00986001 0.0058142 0.00969845 0.00139902 0.000253454 0.00694161 0.00317303 0.000484193 0.00719514 0.00139902 0.000253454 0.00694161 -0.00038563452048289825 -0.00011013452048289958 0.00713385 0.00139902 0.000253454 0.00694161 0.00272931 -0.0011888345204828998 0.00593489 0.00139902 0.000253454 0.00694161 0.000530926 0.0011517 0.00865478 0.00139902 0.000253454 0.00694161 0.00126415 0.0023969 0.00681879 0.00139902 0.000253454 0.00694161 0.000575002 -0.00025883452048289945 0.00503998 0.00920883 0.00321762 0.00655306 0.00945325 0.00371811 0.00467875 0.00920883 0.00321762 0.00655306 0.0108641 0.00407079 0.00703743 0.00920883 0.00321762 0.00655306 0.00929169 0.00157045 0.00546177 0.00920883 0.00321762 0.00655306 0.00773119 0.00262932 0.00558849 0.00920883 0.00321762 0.00655306 0.00795004 0.00395888 0.00779214 0.009835 0.0124099 0.00811595 0.0115377 0.0124815 0.0091071 0.009835 0.0124099 0.00811595 0.0110929 0.0111959 0.00674745 0.0136194 0.00719592 0.00970224 0.0136444 0.00833144 0.00796406 0.0136194 0.00719592 0.00970224 0.0133376 0.00875517 0.011039 0.0136194 0.00719592 0.00970224 0.014458 0.00614742 0.008072 0.0121248 0.0018376 0.0126539 0.0123757 0.00224469 0.0107872 0.0121248 0.0018376 0.0126539 0.0111977 0.00351114 0.0125803 0.0121248 0.0018376 0.0126539 0.0124881 0.00261445 0.0144141 0.0121248 0.0018376 0.0126539 0.0103729 0.0005023219999999999 0.0124425 0.0121248 0.0018376 0.0126539 0.0120721 0.00032229000000000003 0.0141937 0.00615247 0.0106137 0.0143181 0.00538406 0.00886235 0.0145223 0.00615247 0.0106137 0.0143181 0.00585321 0.00945247 0.0128251 0.00615247 0.0106137 0.0143181 0.0076253 0.0118442 0.014333 0.0148254 0.00407053 0.0137143 0.0129624 0.00404799 0.01314 0.0148254 0.00407053 0.0137143 0.0156861575204829 0.00252498 0.014145 0.0148254 0.00407053 0.0137143 0.0145217 0.003246 0.0117452 0.000207393 0.0119507 0.0122776 -0.0011715345204829002 0.0128951 0.0131655 0.000207393 0.0119507 0.0122776 0.00151877 0.0110012 0.0111843 0.000207393 0.0119507 0.0122776 0.00181676 0.0116185 0.0129834 0.000207393 0.0119507 0.0122776 0.0007043819999999999 0.0128889 0.0139551 0.000207393 0.0119507 0.0122776 0.00135171 0.0135739 0.0122601 0.000207393 0.0119507 0.0122776 -0.0006153345204828987 0.011936 0.0103554 0.011914 0.00939085 0.00337375 0.0112024 0.00897595 0.00508958 0.011914 0.00939085 0.00337375 0.0111626 0.00982771 0.00145504 0.011914 0.00939085 0.00337375 0.0137572 0.00853907 0.00284369 0.011914 0.00939085 0.00337375 0.00977715 0.0097966 0.00382032 0.0115532 0.00884355 0.0085027 0.0113553 0.0088956 0.0103548 0.0115532 0.00884355 0.0085027 0.0119368 0.0106424 0.00866723 0.0115532 0.00884355 0.0085027 0.0136444 0.00833144 0.00796406 0.0112024 0.00897595 0.00508958 0.0125736 0.00773273 0.00449174 0.0112024 0.00897595 0.00508958 0.00956775 0.00815997 0.00552489 0.0112024 0.00897595 0.00508958 0.0127861 0.00951696 0.00620365 0.0112024 0.00897595 0.00508958 0.00977715 0.0097966 0.00382032 0.000384797 0.00812202 0.00167602 4.1689699999999995e-05 0.00993837 0.00159344 0.000384797 0.00812202 0.00167602 0.00216867 0.0079918 0.00094116 0.000384797 0.00812202 0.00167602 0.00144904 0.00891623 0.0030637 0.000384797 0.00812202 0.00167602 -0.0001431345204828987 0.00674113 0.00323557 0.0141991 0.0128951 0.0131655 0.0137917 0.0145534 0.0139788 0.0141991 0.0128951 0.0131655 0.0126905 0.0125192 0.0116509 0.0078371 0.00422425 0.00342092 0.00941314 0.00322618 0.00279442 0.0078371 0.00422425 0.00342092 0.0060884 0.00418303 0.00432384 0.0078371 0.00422425 0.00342092 0.00870162 0.00608125 0.00249101 0.0078371 0.00422425 0.00342092 0.00772903 0.00478735 0.00558748 0.0050376 0.0134928 0.00977238 0.00565954 0.0152915 0.0102548 0.0050376 0.0134928 0.00977238 0.00496977 0.0117703 0.00894412 0.0050376 0.0134928 0.00977238 0.00348983 0.0137501 0.00827848 0.0050376 0.0134928 0.00977238 0.00719416 0.013658 0.00988841 0.0135281 0.0152654 0.00901007 0.0127349 0.0137726 0.0099051 0.0135281 0.0152654 0.00901007 0.012886 0.0158199735204829 0.00708418 0.0135281 0.0152654 0.00901007 0.0154638683204829 0.0141939 0.00905145 0.0135281 0.0152654 0.00901007 0.0142238 0.0166422145204829 0.0104061 0.00467879 0.013729 0.0144694 0.006107 0.0129612 0.0133429 0.00467879 0.013729 0.0144694 0.00358853 0.0153143 0.0144855 0.00467879 0.013729 0.0144694 0.00326961 0.0135723 0.0131057 0.0129624 0.00404799 0.01314 0.0111977 0.00351114 0.0125803 0.0129624 0.00404799 0.01314 0.0124881 0.00261445 0.0144141 0.0129624 0.00404799 0.01314 0.0145217 0.003246 0.0117452 0.0107135 0.0149828 0.00832928 0.0108258 0.0141082 0.0100376 0.0107135 0.0149828 0.00832928 0.0119283 0.0135616 0.00727503 0.0107135 0.0149828 0.00832928 0.0107548 0.016909954520482898 0.00738435 0.00151877 0.0110012 0.0111843 0.00181676 0.0116185 0.0129834 0.00151877 0.0110012 0.0111843 0.00139681 0.0127936 0.0104838 0.00151877 0.0110012 0.0111843 0.00155715 0.00948266 0.0127442 0.00702798 0.00290421 0.0141471 0.00564961 0.00276824 0.0128419 0.00702798 0.00290421 0.0141471 0.00541076 0.00205572 0.014552 0.00702798 0.00290421 0.0141471 0.00740041 0.00501941 0.0142546 0.000856327 0.00739977 0.00790637 -0.0009126345204828992 0.00614742 0.008072 0.000856327 0.00739977 0.00790637 0.00013984999999999996 0.00894094 0.00655536 0.00373612 0.00197869 0.0136357 0.00541076 0.00205572 0.014552 0.00373612 0.00197869 0.0136357 0.0021008 0.00300737 0.0132289 0.00373612 0.00197869 0.0136357 0.00178195 0.00105212 0.0142068 0.0128572 0.0110007 0.0102016 0.0110616 0.0107054 0.0109393 0.0128572 0.0110007 0.0102016 0.0119368 0.0106424 0.00866723 0.0128572 0.0110007 0.0102016 0.0147553 0.011936 0.0103554 0.0128572 0.0110007 0.0102016 0.0126905 0.0125192 0.0116509 0.0123757 0.00224469 0.0107872 0.0120714 0.00433377 0.0108016 0.0123757 0.00224469 0.0107872 0.0122041 0.00011869300000000001 0.0110307 0.0123757 0.00224469 0.0107872 0.0142238 0.00127158 0.0104061 0.0011117 0.00107387 0.00288313 0.00166564 0.00288956 0.00276327 0.0011117 0.00107387 0.00288313 0.00102851 -0.0010782345204828983 0.00283863 0.00317303 0.000484193 0.00719514 0.00294505 0.000812793 0.00532489 0.00317303 0.000484193 0.00719514 0.00265784 0.00188163 0.0084328 0.00317303 0.000484193 0.00719514 0.00272931 -0.0011888345204829004 0.00593489 0.00317303 0.000484193 0.00719514 0.00488262 0.00127621 0.00622528 0.0093758 0.00506436 0.013356 0.0101952 0.00652312 0.0142791 0.0093758 0.00506436 0.013356 0.00740041 0.00501941 0.0142546 0.00749263 0.0095413 0.00827077 0.00653273 0.00989849 0.00664684 0.00749263 0.0095413 0.00827077 0.00884252 0.0104411 0.00685552 0.00749263 0.0095413 0.00827077 0.00631309 0.0104336 0.00986055 0.00749263 0.0095413 0.00827077 0.00773114 0.0084715 0.0101293 0.00611542 0.00112194 0.00799462 0.00791281 0.00147439 0.00738381 0.00611542 0.00112194 0.00799462 0.00665438 0.00281587 0.00858466 0.00611542 0.00112194 0.00799462 0.00754114 0.000726696 0.00918317 0.00611542 0.00112194 0.00799462 0.00488262 0.00127621 0.00622528 0.00518629 0.00966056 0.00819069 0.00445083 0.0091869 0.00989112 0.00518629 0.00966056 0.00819069 0.00351666 0.0106179 0.00838933 0.00518629 0.00966056 0.00819069 0.00581061 0.00774643 0.00888537 0.00518629 0.00966056 0.00819069 0.00631309 0.0104336 0.00986055 0.00518629 0.00966056 0.00819069 0.00461531 0.010816 0.00654664 0.00518629 0.00966056 0.00819069 0.00528231 0.00816326 0.00658789 0.00791281 0.00147439 0.00738381 0.00754114 0.000726696 0.00918317 0.00791281 0.00147439 0.00738381 0.00738485 -0.0004417345204828999 0.00641985 0.00636073 0.00310831 0.000956723 0.00569671 0.00416421 0.00244644 0.00636073 0.00310831 0.000956723 0.00830447 0.0041529 0.0011454 0.00636073 0.00310831 0.000956723 0.0080945 0.00180874 0.00148089 0.00538406 0.00886235 0.0145223 0.00585321 0.00945247 0.0128251 0.00538406 0.00886235 0.0145223 0.00416322 0.0101884 0.0141569 0.00538406 0.00886235 0.0145223 0.0063342 0.0070789 0.0141061 0.00538406 0.00886235 0.0145223 0.00407704 0.007589 0.0133247 0.0125674 0.0140202 0.000940691 0.013712 0.0155478485204829 0.00110976 0.0125674 0.0140202 0.000940691 0.0115174 0.0124608 0.00122077 0.0125674 0.0140202 0.000940691 0.0145298 0.0138865 0.000838914 0.0125674 0.0140202 0.000940691 0.0126429 0.0150336 0.00289099 0.00429522 0.00907273 0.0117717 0.0027274 0.00801273 0.0116485 0.00429522 0.00907273 0.0117717 0.00338696 0.0106218 0.0123903 0.00429522 0.00907273 0.0117717 0.00585321 0.00945247 0.0128251 0.00429522 0.00907273 0.0117717 0.00445083 0.0091869 0.00989112 0.00429522 0.00907273 0.0117717 0.00407704 0.007589 0.0133247 0.00424022 7.08209e-05 0.00184701 0.00442029 0.00110454 0.00374096 0.00424022 7.08209e-05 0.00184701 0.00510018 -0.0017958345204829003 0.00118769 0.0114699 0.0047914 0.00537081 0.0108641 0.00407079 0.00703743 0.0114699 0.0047914 0.00537081 0.0132535 0.00425997 0.00594174 0.0114699 0.0047914 0.00537081 0.0111543 0.00451615 0.0032168 0.0114699 0.0047914 0.00537081 0.0097018 0.00582547 0.00462714 0.0114699 0.0047914 0.00537081 0.0114508 0.00691104 0.00611402 0.00201211 0.00332461 0.000955486 0.00350958 0.00447664 0.000860695 0.00201211 0.00332461 0.000955486 0.00242551 0.00458769 0.0023628 0.00201211 0.00332461 0.000955486 0.00166564 0.00288956 0.00276327 0.00945325 0.00371811 0.00467875 0.00941314 0.00322618 0.00279442 0.00945325 0.00371811 0.00467875 0.0097018 0.00582547 0.00462714 0.00945325 0.00371811 0.00467875 0.00772903 0.00478735 0.00558748 0.00860633 0.0035426 0.0108194 0.00744579 0.00443936 0.00956547 0.00860633 0.0035426 0.0108194 0.00837267 0.00543371 0.0109384 0.00860633 0.0035426 0.0108194 0.00940148 0.0029987 0.0125156 0.013712 0.000177214 0.00110976 0.0156227475204829 9.55946e-05 0.000988166 0.013712 0.000177214 0.00110976 0.0145298 -0.0014841345204828999 0.000838914 0.013712 0.000177214 0.00110976 0.0126429 -0.0003370345204829 0.00289099 0.013712 0.000177214 0.00110976 0.0116171 0.000739655 0.00108667 0.0111977 0.00351114 0.0125803 0.00940148 0.0029987 0.0125156 0.0111977 0.00351114 0.0125803 0.0120714 0.00433377 0.0108016 0.00350958 0.00447664 0.000860695 0.00242551 0.00458769 0.0023628 0.00350958 0.00447664 0.000860695 0.00281183 0.00620945 0.000981801 0.00350958 0.00447664 0.000860695 0.00519266 0.0057472 0.00112057 0.0140785 0.00148499 0.0144383 0.0124881 0.00261445 0.0144141 0.0140785 0.00148499 0.0144383 0.0156861575204829 0.00252498 0.014145 0.00765374 0.0117479 0.0117369 0.00581091 0.0112185 0.0119941 0.00765374 0.0117479 0.0117369 0.00743731 0.0135884 0.0121698 0.00765374 0.0117479 0.0117369 0.00889915 0.0105544 0.0103827 0.00804797 0.0136992 0.0144567 0.00867568 0.0147488 0.0130276 0.00804797 0.0136992 0.0144567 0.0076253 0.0118442 0.014333 0.00804797 0.0136992 0.0144567 0.00977462 0.0146313 0.0145026 0.0113553 0.0088956 0.0103548 0.00990811 0.00917515 0.011632 0.0113553 0.0088956 0.0103548 0.0110616 0.0107054 0.0109393 0.0113553 0.0088956 0.0103548 0.0113766 0.00699471 0.00997059 0.0113553 0.0088956 0.0103548 0.0133376 0.00875517 0.011039 0.000608107 0.00485302 0.00871949 0.00131406 0.00490568 0.00704652 0.000608107 0.00485302 0.00871949 -0.0009126345204828989 0.00614742 0.008072 0.000608107 0.00485302 0.00871949 -0.0006877345204828988 0.00519847 0.0103494 0.000717539 0.00222936 0.010531 0.00248659 0.00150683 0.0103276 0.000717539 0.00222936 0.010531 -0.0008489345204828986 0.003246 0.0117452 0.000717539 0.00222936 0.010531 0.000530926 0.0011517 0.00865478 0.000717539 0.00222936 0.010531 -0.0011468345204828988 0.00127158 0.0104061 0.00564961 0.00276824 0.0128419 0.00541076 0.00205572 0.014552 0.00564961 0.00276824 0.0128419 0.00508158 0.00161784 0.0115467 0.00564961 0.00276824 0.0128419 0.00632357 0.00455393 0.0125094 0.00564961 0.00276824 0.0128419 0.00395039 0.00414175 0.0129698 0.00564961 0.00276824 0.0128419 0.00590881 0.00343809 0.0107434 0.00294505 0.000812793 0.00532489 0.00350604 0.0026421 0.00545945 0.00294505 0.000812793 0.00532489 0.00442029 0.00110454 0.00374096 0.00294505 0.000812793 0.00532489 0.00272931 -0.0011888345204829004 0.00593489 0.00294505 0.000812793 0.00532489 0.00488262 0.00127621 0.00622528 0.0027274 0.00801273 0.0116485 0.00155715 0.00948266 0.0127442 0.0027274 0.00801273 0.0116485 0.00407704 0.007589 0.0133247 0.00581091 0.0112185 0.0119941 0.0044512 0.0120634 0.013054 0.00581091 0.0112185 0.0119941 0.00585321 0.00945247 0.0128251 0.00429433 0.00372922 0.0067755 0.00350604 0.0026421 0.00545945 0.00429433 0.00372922 0.0067755 0.00264601 0.00374624 0.00771585 0.00429433 0.00372922 0.0067755 0.00607573 0.00344696 0.0061058 0.0144196 0.00197495 0.00169172 0.0153760815604829 0.00351769 0.00210963 0.0144196 0.00197495 0.00169172 0.0138209 0.001813 0.00355097 0.0124695 0.0104004 0.0122722 0.0110616 0.0107054 0.0109393 0.0124695 0.0104004 0.0122722 0.011409 0.00878822 0.0126594 0.0124695 0.0104004 0.0122722 0.0144216 0.0103622 0.0127054 0.0124695 0.0104004 0.0122722 0.0126905 0.0125192 0.0116509 0.0124695 0.0104004 0.0122722 0.0133376 0.00875517 0.011039 0.0124695 0.0104004 0.0122722 0.0113649 0.0103853 0.0141892 0.0102104 0.0123625 0.0104977 0.0110616 0.0107054 0.0109393 0.0102104 0.0123625 0.0104977 0.0108258 0.0141082 0.0100376 0.0102104 0.0123625 0.0104977 0.0115377 0.0124815 0.0091071 0.0102104 0.0123625 0.0104977 0.00889915 0.0105544 0.0103827 0.0069538 0.0153657 0.000961087 0.00732062 0.0134592 0.000890946 0.0069538 0.0153657 0.000961087 0.0080945 0.017179374520482897 0.00148089 0.00338696 0.0106218 0.0123903 0.00181676 0.0116185 0.0129834 0.00338696 0.0106218 0.0123903 0.0044512 0.0120634 0.013054 0.00338696 0.0106218 0.0123903 0.00416322 0.0101884 0.0141569 0.00338696 0.0106218 0.0123903 0.00155715 0.00948266 0.0127442 0.00794971 0.0118904 0.00901193 0.00699838 0.011511 0.00745564 0.00794971 0.0118904 0.00901193 0.00889915 0.0105544 0.0103827 0.00794971 0.0118904 0.00901193 0.00719416 0.013658 0.00988841 0.00562976 0.0149135 0.00464384 0.00691094 0.0163713245204829 0.00484605 0.00562976 0.0149135 0.00464384 0.00666357 0.0133519 0.00510623 0.00562976 0.0149135 0.00464384 0.00524034 0.0146138 0.00652534 0.00562976 0.0149135 0.00464384 0.00442029 0.0164751745204829 0.00374096 0.00197985 0.0147262 0.000913379 0.000252113 0.0154662291204829 0.000988166 0.00197985 0.0147262 0.000913379 0.00102851 0.0142924 0.00283863 0.00197985 0.0147262 0.000913379 0.00275848 0.0130116 0.0018307 0.00565954 0.0152915 0.0102548 0.0043655 0.0166910845204829 0.00985945 0.00565954 0.0152915 0.0102548 0.00624899 0.0153564 0.0123765 0.00867568 0.0147488 0.0130276 0.00743731 0.0135884 0.0121698 0.00867568 0.0147488 0.0130276 0.00977462 0.0146313 0.0145026 0.00867568 0.0147488 0.0130276 0.0103729 0.0158729565204829 0.0124425 0.00867568 0.0147488 0.0130276 0.00830699 0.0153395 0.0110878 0.0144117 0.0141102 0.00385105 0.0138446 0.015729128520482902 0.00484459 0.0144117 0.0141102 0.00385105 0.016399144520482897 0.0142924 0.00283863 0.0144117 0.0141102 0.00385105 0.0139167 0.0138776 0.0059747 0.0144117 0.0141102 0.00385105 0.0159456365204829 0.0151118 0.00503998 0.0144117 0.0141102 0.00385105 0.0126429 0.0150336 0.00289099 0.00391241 0.00974572 0.00325401 0.00356453 0.0097538 0.00507178 0.00391241 0.00974572 0.00325401 0.00361415 0.0096591 0.0011746999999999999 0.00391241 0.00974572 0.00325401 0.00594301 0.0105089 0.00347532 0.00949221 4.3946e-06 0.00662878 0.00929169 0.00157045 0.00546177 0.00949221 4.3946e-06 0.00662878 0.0107548 0.00153932 0.00738435 0.00949221 4.3946e-06 0.00662878 0.00960463 -0.0003429345204829001 0.00450741 0.00949221 4.3946e-06 0.00662878 0.00738485 -0.00044173452048289967 0.00641985 0.00320809 0.00802219 0.00580835 0.0045709 0.00720064 0.00473236 0.00320809 0.00802219 0.00580835 0.00356453 0.0097538 0.00507178 0.00320809 0.00802219 0.00580835 0.00158337 0.00792297 0.00477888 0.00320809 0.00802219 0.00580835 0.00528231 0.00816326 0.00658789 0.00181676 0.0116185 0.0129834 0.00236449 0.0106068 0.0144164 0.00181676 0.0116185 0.0129834 0.0007043820000000001 0.0128889 0.0139551 0.00181676 0.0116185 0.0129834 0.00155715 0.00948266 0.0127442 0.00941314 0.00322618 0.00279442 0.00850924 0.00171015 0.00367724 0.00941314 0.00322618 0.00279442 0.0103239 0.00333838 0.00103588 0.00941314 0.00322618 0.00279442 0.0111543 0.00451615 0.0032168 0.00941314 0.00322618 0.00279442 0.00830447 0.0041529 0.0011454 0.0150599 0.0101984 0.00341847 0.015412324220482899 0.00993837 0.00159344 0.0150599 0.0101984 0.00341847 0.016303753520482897 0.0103741 0.00492578 0.0150599 0.0101984 0.00341847 0.0153153 0.011762 0.00230072 0.0150599 0.0101984 0.00341847 0.0137643 0.0118121 0.00396091 0.0150599 0.0101984 0.00341847 0.0137572 0.00853907 0.00284369 0.0092132 0.00984722 0.000788599 0.0111626 0.00982771 0.00145504 0.0092132 0.00984722 0.000788599 0.00943698 0.0119622 0.00114544 0.00665438 0.00281587 0.00858466 0.00795004 0.00395888 0.00779214 0.00139681 0.0127936 0.0104838 0.00232404 0.0120693 0.00895903 0.00139681 0.0127936 0.0104838 0.00135171 0.0135739 0.0122601 0.00139681 0.0127936 0.0104838 0.00242087 0.014422 0.010649 0.00139681 0.0127936 0.0104838 -0.0006153345204828985 0.011936 0.0103554 0.00236449 0.0106068 0.0144164 0.00416322 0.0101884 0.0141569 0.00236449 0.0106068 0.0144164 0.00274639 0.00878504 0.014486 0.00236449 0.0106068 0.0144164 0.00155715 0.00948266 0.0127442 0.013628 0.00657823 0.00604303 0.014458 0.00614742 0.008072 0.013628 0.00657823 0.00604303 0.0114508 0.00691104 0.00611402 0.0127349 0.0137726 0.0099051 0.0138259 0.0128659 0.00873261 0.0127349 0.0137726 0.0099051 0.014231 0.0145067 0.0108638 0.0127349 0.0137726 0.0099051 0.0108258 0.0141082 0.0100376 0.0127349 0.0137726 0.0099051 0.0115377 0.0124815 0.0091071 0.0127349 0.0137726 0.0099051 0.0122041 0.015489327520482899 0.0110307 0.0127349 0.0137726 0.0099051 0.0126905 0.0125192 0.0116509 0.00754114 0.000726696 0.00918317 0.00830699 -3.113452048289912e-05 0.0110878 5.44704e-06 0.00351769 0.00210963 0.00166564 0.00288956 0.00276327 5.44704e-06 0.00351769 0.00210963 -0.0010793345204828996 0.00429492 0.0008456660000000001 5.44704e-06 0.00351769 0.00210963 -5.6634520482899964e-05 0.00321517 0.0041542 5.44704e-06 0.00351769 0.00210963 0.000740161 0.00538415 0.00137568 0.00405975 0.0116965 0.000870637 0.00361415 0.0096591 0.0011747 0.00405975 0.0116965 0.000870637 0.00275848 0.0130116 0.0018307 0.00405975 0.0116965 0.000870637 0.00510018 0.0135748 0.00118769 0.00405975 0.0116965 0.000870637 0.00612746 0.0111889 0.00113542 0.000172101 0.0151488 0.0121246 -0.0011396345204828977 0.0145067 0.0108638 0.000172101 0.0151488 0.0121246 0.000281846 0.0148294 0.013994 0.000172101 0.0151488 0.0121246 0.00135171 0.0135739 0.0122601 0.000791541 0.0128573 0.000945587 -0.0008408345204828983 0.0138865 0.000838914 0.000791541 0.0128573 0.000945587 -5.5334520482898516e-05 0.011762 0.00230072 0.000791541 0.0128573 0.000945587 0.00275848 0.0130116 0.0018307 0.00508158 0.00161784 0.0115467 0.0043655 0.00132045 0.00985945 0.00508158 0.00161784 0.0115467 0.00693201 0.00157657 0.0110465 0.00508158 0.00161784 0.0115467 0.00624899 -1.4234520482900607e-05 0.0123765 0.00508158 0.00161784 0.0115467 0.00590881 0.00343809 0.0107434 0.00893184 0.00550811 0.00726342 0.0106632 0.00600215 0.00795997 0.00893184 0.00550811 0.00726342 0.00795004 0.00395888 0.00779214 0.00893184 0.00550811 0.00726342 0.00744526 0.00680892 0.00753432 0.00893184 0.00550811 0.00726342 0.00772903 0.00478735 0.00558748 0.0138259 0.0128659 0.00873261 0.0147553 0.011936 0.0103554 0.0138259 0.0128659 0.00873261 0.0134011 0.0114463 0.00736109 0.0138259 0.0128659 0.00873261 0.0154638683204829 0.0141939 0.00905145 0.0125736 0.00773273 0.00449174 0.0137572 0.00853907 0.00284369 0.0125736 0.00773273 0.00449174 0.0131185 0.00582086 0.00369956 0.0125736 0.00773273 0.00449174 0.0114508 0.00691104 0.00611402 0.00770291 0.00916449 0.00328085 0.0086151 0.00761119 0.00400059 0.00770291 0.00916449 0.00328085 0.00659317 0.00791887 0.00462736 0.00770291 0.00916449 0.00328085 0.00594301 0.0105089 0.00347532 0.00770291 0.00916449 0.00328085 0.00977715 0.0097966 0.00382032 0.000704382 0.0128889 0.0139551 0.000281846 0.0148294 0.013994 0.000704382 0.0128889 0.0139551 0.00135171 0.0135739 0.0122601 0.0138446 0.000358494 0.00484459 0.0138209 0.001813 0.00355097 0.0138446 0.000358494 0.00484459 0.0127793 0.00216628 0.00545954 0.0138446 0.000358494 0.00484459 0.0139167 -0.0014930345204828997 0.0059747 0.0138446 0.000358494 0.00484459 0.0159456365204829 -0.0002588345204828984 0.00503998 0.0044512 0.0120634 0.013054 0.006107 0.0129612 0.0133429 0.0044512 0.0120634 0.013054 0.00326961 0.0135723 0.0131057 0.0029143 0.012158 0.00686304 0.00147794 0.013279 0.00760551 0.0029143 0.012158 0.00686304 0.00348983 0.0137501 0.00827848 0.0029143 0.012158 0.00686304 0.00268823 0.0116887 0.00470952 0.0029143 0.012158 0.00686304 0.00272931 0.0141818 0.00593489 0.0029143 0.012158 0.00686304 0.00461531 0.010816 0.00654664 0.00990811 0.00917515 0.011632 0.011409 0.00878822 0.0126594 0.00990811 0.00917515 0.011632 0.00889915 0.0105544 0.0103827 0.00744579 0.00443936 0.00956547 0.00837267 0.00543371 0.0109384 0.00744579 0.00443936 0.00956547 0.00752129 0.00641127 0.00950419 0.00744579 0.00443936 0.00956547 0.00795004 0.00395888 0.00779214 0.00744579 0.00443936 0.00956547 0.00598739 0.00543957 0.00826888 0.00744579 0.00443936 0.00956547 0.00590881 0.00343809 0.0107434 0.0114864 1.68976e-05 0.00549965 0.0123659 -0.0014617345204828984 0.00458079 0.0114864 1.68976e-05 0.00549965 0.00960463 -0.0003429345204828989 0.00450741 0.0114864 1.68976e-05 0.00549965 0.012886 0.000449339 0.00708418 0.0133336 0.00861662 0.0130255 0.0134372 0.00959229 0.0145322 0.0133336 0.00861662 0.0130255 0.011409 0.00878822 0.0126594 0.0133336 0.00861662 0.0130255 0.0133376 0.00875517 0.011039 0.0110616 0.0107054 0.0109393 0.00889915 0.0105544 0.0103827 0.0117061 0.00822313 0.0144383 0.011409 0.00878822 0.0126594 0.0117061 0.00822313 0.0144383 0.0113649 0.0103853 0.0141892 0.00878786 0.0135288 0.0023923 0.0106381 0.0141371 0.00268959 0.00878786 0.0135288 0.0023923 0.0084316 0.0154073546204829 0.0026624 0.00878786 0.0135288 0.0023923 0.00829817 0.0133861 0.00417363 0.00878786 0.0135288 0.0023923 0.00943698 0.0119622 0.00114544 0.0106632 0.00600215 0.00795997 0.00986001 0.0058142 0.00969845 0.0106632 0.00600215 0.00795997 0.0114508 0.00691104 0.00611402 0.0021008 0.00300737 0.0132289 0.00141063 0.00431651 0.0144501 0.0021008 0.00300737 0.0132289 0.00395039 0.00414175 0.0129698 0.0021008 0.00300737 0.0132289 0.00178195 0.0010521199999999997 0.0142068 4.16897e-05 0.00993837 0.00159344 -0.0012975345204828993 0.0111726 0.000931769 4.16897e-05 0.00993837 0.00159344 -5.533452048289867e-05 0.011762 0.00230072 0.000252113 9.55946e-05 0.000988166 -0.0008408345204828985 -0.0014841345204828999 0.000838914 0.014231 0.0145067 0.0108638 0.0154638683204829 0.0141939 0.00905145 0.014231 0.0145067 0.0108638 0.0142238 0.0166422145204829 0.0104061 0.0086151 0.00761119 0.00400059 0.00956775 0.00815997 0.00552489 0.0086151 0.00761119 0.00400059 0.00971019 0.00806088 0.00254387 0.0086151 0.00761119 0.00400059 0.00659317 0.00791887 0.00462736 0.0086151 0.00761119 0.00400059 0.00870162 0.00608125 0.00249101 0.0086151 0.00761119 0.00400059 0.0097018 0.00582547 0.00462714 0.0043655 0.00132045 0.00985945 0.00248659 0.00150683 0.0103276 0.0043655 0.00132045 0.00985945 0.00426652 0.00339785 0.00907624 0.00837267 0.00543371 0.0109384 0.00752129 0.00641127 0.00950419 0.00837267 0.00543371 0.0109384 0.00986001 0.0058142 0.00969845 0.0115174 0.0124608 0.00122077 0.0126435 0.0112162 0.00217906 0.0115174 0.0124608 0.00122077 0.0119219 0.0127336 0.0031407 0.0115174 0.0124608 0.00122077 0.00943698 0.0119622 0.00114544 0.00699838 0.011511 0.00745564 0.00653273 0.00989849 0.00664684 0.00699838 0.011511 0.00745564 0.00884252 0.0104411 0.00685552 0.00699838 0.011511 0.00745564 0.00834925 0.0127266 0.00627713 0.00953841 0.00740716 0.0107448 0.00986001 0.0058142 0.00969845 0.00953841 0.00740716 0.0107448 0.0110594 0.0067007 0.0121413 0.00953841 0.00740716 0.0107448 0.00773114 0.0084715 0.0101293 0.00350604 0.0026421 0.00545945 0.00189486 0.0040135 0.00524059 0.00350604 0.0026421 0.00545945 0.00363414 0.00335626 0.00354189 0.00350604 0.0026421 0.00545945 0.00488262 0.00127621 0.00622528 0.0113766 0.00699471 0.00997059 0.00986001 0.0058142 0.00969845 0.0113766 0.00699471 0.00997059 0.0110594 0.0067007 0.0121413 0.00457022 0.00521808 0.00363048 0.0060884 0.00418303 0.00432384 0.00457022 0.00521808 0.00363048 0.00569671 0.00416421 0.00244644 0.00457022 0.00521808 0.00363048 0.00363414 0.00335626 0.00354189 0.00457022 0.00521808 0.00363048 0.00644054 0.00611998 0.0030945 0.00457022 0.00521808 0.00363048 0.00274916 0.00607663 0.00448663 0.00691094 0.00100069 0.00484605 0.00773119 0.00262932 0.00558849 0.00691094 0.00100069 0.00484605 0.0064751 0.00236292 0.00321008 0.00691094 0.00100069 0.00484605 0.00738485 -0.00044173452048289923 0.00641985 0.0106381 0.0141371 0.00268959 0.0119219 0.0127336 0.0031407 0.0106381 0.0141371 0.00268959 0.0126429 0.0150336 0.00289099 0.0131708 0.00921762 0.000905615 0.0111626 0.00982771 0.00145504 0.0131708 0.00921762 0.000905615 0.0137572 0.00853907 0.00284369 0.00638183 0.0114723 0.00549042 0.00653273 0.00989849 0.00664684 0.00638183 0.0114723 0.00549042 0.00666357 0.0133519 0.00510623 0.00638183 0.0114723 0.00549042 0.00461531 0.010816 0.00654664 0.00638183 0.0114723 0.00549042 0.00464984 0.0128554 0.00552019 0.0109557 0.00254844 0.00938566 0.0126684 0.00275445 0.00796893 0.00648329 0.000270749 0.00294967 0.0084316 3.6720099999999994e-05 0.0026624 0.00648329 0.000270749 0.00294967 0.0064751 0.00236292 0.00321008 0.00232404 0.0120693 0.00895903 0.00351666 0.0106179 0.00838933 0.00232404 0.0120693 0.00895903 0.00348983 0.0137501 0.00827848 0.00232404 0.0120693 0.00895903 0.000999922 0.010941 0.00766506 0.00242551 0.00458769 0.0023628 0.00166564 0.00288956 0.00276327 0.00242551 0.00458769 0.0023628 0.00104198 0.00501638 0.00356731 0.00242551 0.00458769 0.0023628 0.00363414 0.00335626 0.00354189 0.00242551 0.00458769 0.0023628 0.000740161 0.00538415 0.00137568 0.0084316 3.67201e-05 0.0026624 0.00850924 0.00171015 0.00367724 0.0084316 3.67201e-05 0.0026624 0.0100751 0.000953253 0.00273221 0.0084316 3.67201e-05 0.0026624 0.00960463 -0.00034293452048289954 0.00450741 0.0084316 3.67201e-05 0.0026624 0.0080945 0.00180874 0.00148089 0.00752129 0.00641127 0.00950419 0.00598739 0.00543957 0.00826888 0.00752129 0.00641127 0.00950419 0.00773114 0.0084715 0.0101293 0.00743731 0.0135884 0.0121698 0.006107 0.0129612 0.0133429 0.00743731 0.0135884 0.0121698 0.00830699 0.0153395 0.0110878 0.00743731 0.0135884 0.0121698 0.00624899 0.0153564 0.0123765 0.0018939 0.0111631 0.00116497 0.00160644 0.0108221 0.00306188 0.0018939 0.0111631 0.00116497 0.00275848 0.0130116 0.0018307 0.0045709 0.00720064 0.00473236 0.00659317 0.00791887 0.00462736 0.0045709 0.00720064 0.00473236 0.00528231 0.00816326 0.00658789 0.0045709 0.00720064 0.00473236 0.00274916 0.00607663 0.00448663 0.000281846 0.0148294 0.013994 -0.0015789345204828991 0.0145534 0.0139788 0.000281846 0.0148294 0.013994 0.00178195 0.016422754520482898 0.0142068 0.00131406 0.00490568 0.00704652 0.00264601 0.00374624 0.00771585 0.00131406 0.00490568 0.00704652 0.00189486 0.0040135 0.00524059 0.00131406 0.00490568 0.00704652 0.000438551 0.00622823 0.00555057 0.00358853 0.0153143 0.0144855 0.00178195 0.016422754520482898 0.0142068 0.0129227 0.0060395 0.0129016 0.0110594 0.0067007 0.0121413 0.0126435 0.0112162 0.00217906 0.0119219 0.0127336 0.0031407 0.0126435 0.0112162 0.00217906 0.0140731 0.0111726 0.000931769 0.0126435 0.0112162 0.00217906 0.0137643 0.0118121 0.00396091 0.0126435 0.0112162 0.00217906 0.0111626 0.00982771 0.00145504 0.0134372 0.00959229 0.0145322 0.0113649 0.0103853 0.0141892 0.00509703 0.00594084 0.0125249 0.00632357 0.00455393 0.0125094 0.00509703 0.00594084 0.0125249 0.00395039 0.00414175 0.0129698 0.00509703 0.00594084 0.0125249 0.00407704 0.007589 0.0133247 0.00693201 0.00157657 0.0110465 0.00830699 -3.113452048289782e-05 0.0110878 0.00693201 0.00157657 0.0110465 0.00624899 -1.4234520482899306e-05 0.0123765 0.00693201 0.00157657 0.0110465 0.00590881 0.00343809 0.0107434 0.0132535 0.00425997 0.00594174 0.0151797 0.00380923 0.00616903 0.0132535 0.00425997 0.00594174 0.0127793 0.00216628 0.00545954 0.00141063 0.00431651 0.0144501 0.00100977 0.0060973 0.0132674 0.011409 0.00878822 0.0126594 0.0110594 0.0067007 0.0121413 0.011409 0.00878822 0.0126594 0.0113649 0.0103853 0.0141892 0.00281183 0.00620945 0.000981801 0.00216867 0.0079918 0.00094116 0.00216867 0.0079918 0.00094116 0.00184676 0.00705112 0.00259006 0.00216867 0.0079918 0.00094116 0.00361415 0.0096591 0.0011747 0.0119368 0.0106424 0.00866723 0.0115377 0.0124815 0.0091071 0.0119368 0.0106424 0.00866723 0.0110929 0.0111959 0.00674745 0.0119368 0.0106424 0.00866723 0.0134011 0.0114463 0.00736109 0.000315523 0.00252498 0.014145 0.00178195 0.00105212 0.0142068 0.00632357 0.00455393 0.0125094 0.00590881 0.00343809 0.0107434 0.00632357 0.00455393 0.0125094 0.00740041 0.00501941 0.0142546 0.00893849 0.011602 0.00447723 0.00829817 0.0133861 0.00417363 0.00893849 0.011602 0.00447723 0.0105176 0.0128407 0.00496564 0.00893849 0.011602 0.00447723 0.00977715 0.0097966 0.00382032 0.00893849 0.011602 0.00447723 0.00834925 0.0127266 0.00627713 0.0123659 0.0139089 0.00458079 0.0119219 0.0127336 0.0031407 0.0123659 0.0139089 0.00458079 0.0124602 0.0123175 0.00557562 0.0123659 0.0139089 0.00458079 0.0139167 0.0138776 0.0059747 0.0123659 0.0139089 0.00458079 0.0105176 0.0128407 0.00496564 0.0123659 0.0139089 0.00458079 0.0126429 0.0150336 0.00289099 0.00184676 0.00705112 0.00259006 0.00144904 0.00891623 0.0030637 0.00184676 0.00705112 0.00259006 -0.0001431345204828988 0.00674113 0.00323557 0.00330738 0.00526057 0.0103617 0.00355658 0.0052915 0.00838119 0.0108258 0.0141082 0.0100376 0.0122041 0.015489327520482899 0.0110307 0.0138209 0.001813 0.00355097 0.0127793 0.00216628 0.00545954 0.0138209 0.001813 0.00355097 0.015314 0.00321517 0.0041542 0.0138209 0.001813 0.00355097 0.0117758 0.00221322 0.00300223 0.00850924 0.00171015 0.00367724 0.00929169 0.00157045 0.00546177 0.00850924 0.00171015 0.00367724 0.0100751 0.000953253 0.00273221 0.00850924 0.00171015 0.00367724 0.0064751 0.00236292 0.00321008 0.00850924 0.00171015 0.00367724 0.0080945 0.00180874 0.00148089 0.0119219 0.0127336 0.0031407 0.0137643 0.0118121 0.00396091 0.0076253 0.0118442 0.014333 0.00976876 0.0122904 0.0139651 0.00445083 0.0091869 0.00989112 0.00581061 0.00774643 0.00888537 0.00445083 0.0091869 0.00989112 0.00631309 0.0104336 0.00986055 0.00929169 0.00157045 0.00546177 0.00773119 0.00262932 0.00558849 0.00929169 0.00157045 0.00546177 0.00960463 -0.0003429345204828988 0.00450741 0.00829817 0.0133861 0.00417363 0.00666357 0.0133519 0.00510623 0.00829817 0.0133861 0.00417363 0.00671242 0.0126925 0.00283251 0.00829817 0.0133861 0.00417363 0.00960463 0.0150277 0.00450741 0.00829817 0.0133861 0.00417363 0.00834925 0.0127266 0.00627713 0.00264601 0.00374624 0.00771585 0.00265784 0.00188163 0.0084328 0.00264601 0.00374624 0.00771585 0.00355658 0.0052915 0.00838119 0.00264601 0.00374624 0.00771585 0.00426652 0.00339785 0.00907624 0.00264601 0.00374624 0.00771585 0.00126415 0.0023969 0.00681879 0.0115377 0.0124815 0.0091071 0.0119283 0.0135616 0.00727503 0.00356453 0.0097538 0.00507178 0.00268823 0.0116887 0.00470952 0.00356453 0.0097538 0.00507178 0.00461531 0.010816 0.00654664 0.00496977 0.0117703 0.00894412 0.00351666 0.0106179 0.00838933 0.00496977 0.0117703 0.00894412 0.00536849 0.0129771 0.00754038 0.00496977 0.0117703 0.00894412 0.00631309 0.0104336 0.00986055 0.000933119 0.0103741 0.00492578 0.00268823 0.0116887 0.00470952 0.00147794 0.013279 0.00760551 0.00348983 0.0137501 0.00827848 0.00147794 0.013279 0.00760551 9.323379999999991e-05 0.0141939 0.00905145 0.00248659 0.00150683 0.0103276 0.00265784 0.00188163 0.0084328 0.0140731 0.0111726 0.000931769 0.0153153 0.011762 0.00230072 0.00351666 0.0106179 0.00838933 0.00219578 0.00920315 0.0084846 0.00351666 0.0106179 0.00838933 0.00461531 0.010816 0.00654664 0.0101873 0.00560489 0.000964288 0.0111439 0.00659056 0.00240915 0.0101873 0.00560489 0.000964288 0.00870162 0.00608125 0.00249101 0.0101873 0.00560489 0.000964288 0.0123344 0.00524221 0.00118007 0.0060884 0.00418303 0.00432384 0.00607573 0.00344696 0.0061058 0.0060884 0.00418303 0.00432384 0.00569671 0.00416421 0.00244644 0.0060884 0.00418303 0.00432384 0.0064751 0.00236292 0.00321008 0.0060884 0.00418303 0.00432384 0.00772903 0.00478735 0.00558748 0.00653273 0.00989849 0.00664684 0.00461531 0.010816 0.00654664 0.00653273 0.00989849 0.00664684 0.00528231 0.00816326 0.00658789 0.00971019 0.00806088 0.00254387 0.00870162 0.00608125 0.00249101 0.00971019 0.00806088 0.00254387 0.00977715 0.0097966 0.00382032 0.00166564 0.00288956 0.00276327 0.00363414 0.00335626 0.00354189 0.00166564 0.00288956 0.00276327 -5.663452048289925e-05 0.00321517 0.0041542 0.00732062 0.0134592 0.000890946 0.00671242 0.0126925 0.00283251 0.00732062 0.0134592 0.000890946 0.00510018 0.0135748 0.00118769 0.00666357 0.0133519 0.00510623 0.00738485 0.0149289 0.00641985 0.00666357 0.0133519 0.00510623 0.00464984 0.0128554 0.00552019 0.00666357 0.0133519 0.00510623 0.00834925 0.0127266 0.00627713 0.00607573 0.00344696 0.0061058 0.00773119 0.00262932 0.00558849 0.00607573 0.00344696 0.0061058 0.00772903 0.00478735 0.00558748 0.014985 0.0152605 0.00713385 0.0159015605204829 0.0165223345204829 0.00865478 0.014985 0.0152605 0.00713385 0.012886 0.0158199735204829 0.00708418 0.014985 0.0152605 0.00713385 0.0154638683204829 0.0141939 0.00905145 0.014985 0.0152605 0.00713385 0.0139167 0.0138776 0.0059747 0.00721139 0.00929621 0.00121466 0.00562975 0.00844931 0.00239322 0.00721139 0.00929621 0.00121466 0.00612746 0.0111889 0.00113542 0.00265784 0.00188163 0.0084328 0.00126415 0.0023969 0.00681879 0.00168017 0.00916966 0.010395 0.00219578 0.00920315 0.0084846 0.00536849 0.0129771 0.00754038 0.00524034 0.0146138 0.00652534 0.00536849 0.0129771 0.00754038 0.00348983 0.0137501 0.00827848 0.00536849 0.0129771 0.00754038 0.00464984 0.0128554 0.00552019 0.00274639 0.00878504 0.014486 0.00155715 0.00948266 0.0127442 0.00274639 0.00878504 0.014486 0.00407704 0.007589 0.0133247 0.0151234 0.0122909 0.00656322 0.0163705565204829 0.010941 0.00766506 0.0151234 0.0122909 0.00656322 0.0134011 0.0114463 0.00736109 0.0151234 0.0122909 0.00656322 0.0139167 0.0138776 0.0059747 0.0124602 0.0123175 0.00557562 0.0137643 0.0118121 0.00396091 0.0124602 0.0123175 0.00557562 0.0119283 0.0135616 0.00727503 0.0124602 0.0123175 0.00557562 0.0110929 0.0111959 0.00674745 0.0124602 0.0123175 0.00557562 0.0134011 0.0114463 0.00736109 0.0124602 0.0123175 0.00557562 0.0139167 0.0138776 0.0059747 0.0124602 0.0123175 0.00557562 0.0105176 0.0128407 0.00496564 0.0103239 0.00333838 0.00103588 0.00830447 0.0041529 0.0011454 0.00773119 0.00262932 0.00558849 0.00772903 0.00478735 0.00558748 0.00160644 0.0108221 0.00306188 0.00144904 0.00891623 0.0030637 0.00160644 0.0108221 0.00306188 0.00268823 0.0116887 0.00470952 0.00158337 0.00792297 0.00477888 0.00144904 0.00891623 0.0030637 0.00158337 0.00792297 0.00477888 0.0004385509999999999 0.00622823 0.00555057 0.00158337 0.00792297 0.00477888 0.00274916 0.00607663 0.00448663 0.0111439 0.00659056 0.00240915 0.0111543 0.00451615 0.0032168 0.0111439 0.00659056 0.00240915 0.0123344 0.00524221 0.00118007 0.00977462 0.0146313 0.0145026 0.0101439 0.0165391845204829 0.0144622 0.00355658 0.0052915 0.00838119 0.00426652 0.00339785 0.00907624 0.00355658 0.0052915 0.00838119 0.00287912 0.00722056 0.00891266 0.0137917 0.0145534 0.0139788 0.0120721 0.015692924520482897 0.0141937 0.0101439 0.00116855 0.0144622 0.0103729 0.000502322 0.0124425 0.0101439 0.00116855 0.0144622 0.0120721 0.00032229000000000003 0.0141937 0.0151797 0.00380923 0.00616903 0.015314 0.00321517 0.0041542 0.0151797 0.00380923 0.00616903 0.0166347845204829 0.0023969 0.00681879 0.00569671 0.00416421 0.00244644 0.00519266 0.0057472 0.00112057 0.00569671 0.00416421 0.00244644 0.0064751 0.00236292 0.00321008 0.00569671 0.00416421 0.00244644 0.00644054 0.00611998 0.0030945 0.00219578 0.00920315 0.0084846 0.00287912 0.00722056 0.00891266 0.00524034 0.0146138 0.00652534 0.00488262 0.0166468445204829 0.00622528 0.00524034 0.0146138 0.00652534 0.00738485 0.0149289 0.00641985 0.00524034 0.0146138 0.00652534 0.00464984 0.0128554 0.00552019 0.0100751 0.000953253 0.00273221 0.0117758 0.00221322 0.00300223 0.0100751 0.000953253 0.00273221 0.00960463 -0.0003429345204828988 0.00450741 0.00104198 0.00501638 0.00356731 -0.00014313452048289902 0.00674113 0.00323557 0.00104198 0.00501638 0.00356731 0.00189486 0.0040135 0.00524059 0.00104198 0.00501638 0.00356731 -5.663452048289925e-05 0.00321517 0.0041542 0.00104198 0.00501638 0.00356731 0.00274916 0.00607663 0.00448663 0.00104198 0.00501638 0.00356731 0.000740161 0.00538415 0.0013756800000000002 0.0142913 0.00429492 0.000845666 0.0123344 0.00524221 0.00118007 0.0142913 0.00429492 0.000845666 0.016110795520482897 0.00538415 0.00137568 0.00744526 0.00680892 0.00753432 0.00598739 0.00543957 0.00826888 0.0103729 0.000502322 0.0124425 0.0122041 0.00011869300000000001 0.0110307 0.0103729 0.000502322 0.0124425 0.0120721 0.00032229 0.0141937 0.00830699 0.0153395 0.0110878 0.00719416 0.013658 0.00988841 0.00830699 0.0153395 0.0110878 0.00624899 0.0153564 0.0123765 0.0152275 0.00674113 0.00323557 0.0137572 0.00853907 0.00284369 0.0152275 0.00674113 0.00323557 0.0158091855204829 0.00622823 0.00555057 0.0152275 0.00674113 0.00323557 0.0131185 0.00582086 0.00369956 0.0152275 0.00674113 0.00323557 0.016110795520482897 0.00538415 0.00137568 0.00519266 0.0057472 0.00112057 0.00644054 0.00611998 0.0030945 0.00889915 0.0105544 0.0103827 0.00773114 0.0084715 0.0101293 0.00102851 0.0142924 0.00283863 0.00275848 0.0130116 0.0018307 0.00102851 0.0142924 0.00283863 0.000575002 0.0151118 0.00503998 0.00659317 0.00791887 0.00462736 0.00562975 0.00844931 0.00239322 0.00659317 0.00791887 0.00462736 0.00644054 0.00611998 0.0030945 0.00659317 0.00791887 0.00462736 0.00528231 0.00816326 0.00658789 0.00426652 0.00339785 0.00907624 0.00590881 0.00343809 0.0107434 0.00442029 0.00110454 0.00374096 0.00363414 0.00335626 0.00354189 0.00442029 0.00110454 0.00374096 0.0064751 0.00236292 0.00321008 0.0111543 0.00451615 0.0032168 0.0117758 0.00221322 0.00300223 0.0111543 0.00451615 0.0032168 0.0123344 0.00524221 0.00118007 0.0111543 0.00451615 0.0032168 0.0131185 0.00582086 0.00369956 0.0111543 0.00451615 0.0032168 0.0097018 0.00582547 0.00462714 0.00189486 0.0040135 0.00524059 -5.6634520482899686e-05 0.00321517 0.0041542 0.00189486 0.0040135 0.00524059 0.00126415 0.0023969 0.00681879 0.00189486 0.0040135 0.00524059 0.00274916 0.00607663 0.00448663 0.0063342 0.0070789 0.0141061 0.00407704 0.007589 0.0133247 0.0063342 0.0070789 0.0141061 0.00740041 0.00501941 0.0142546 0.00268823 0.0116887 0.00470952 0.00464984 0.0128554 0.00552019 0.00268823 0.0116887 0.00470952 0.00444131 0.0123869 0.00326339 0.00594301 0.0105089 0.00347532 0.00671242 0.0126925 0.00283251 0.00594301 0.0105089 0.00347532 0.00562975 0.00844931 0.00239322 0.00594301 0.0105089 0.00347532 0.00612746 0.0111889 0.0011354200000000003 0.00594301 0.0105089 0.00347532 0.00444131 0.0123869 0.00326339 0.0122041 0.000118693 0.0110307 0.0142238 0.00127158 0.0104061 0.00155715 0.00948266 0.0127442 6.710440000000004e-05 0.00784465 0.0117907 0.00155715 0.00948266 0.0127442 6.982679999999989e-05 0.00830105 0.0142048 0.00598739 0.00543957 0.00826888 0.00581061 0.00774643 0.00888537 0.0127793 0.00216628 0.00545954 0.012886 0.000449339 0.00708418 0.0119283 0.0135616 0.00727503 0.012886 0.0158199735204829 0.00708418 0.0119283 0.0135616 0.00727503 0.0139167 0.0138776 0.0059747 6.71044e-05 0.00784465 0.0117907 0.00100977 0.0060973 0.0132674 6.71044e-05 0.00784465 0.0117907 -0.0020330345204829 0.00875517 0.011039 6.71044e-05 0.00784465 0.0117907 6.98268e-05 0.00830105 0.0142048 0.00272931 0.0141818 0.00593489 0.00464984 0.0128554 0.00552019 0.00870162 0.00608125 0.00249101 0.00830447 0.0041529 0.0011454 0.00870162 0.00608125 0.00249101 0.00644054 0.00611998 0.0030945 0.00870162 0.00608125 0.00249101 0.0097018 0.00582547 0.00462714 0.0110929 0.0111959 0.00674745 0.0134011 0.0114463 0.00736109 0.0110929 0.0111959 0.00674745 0.00884252 0.0104411 0.00685552 0.0110929 0.0111959 0.00674745 0.0127861 0.00951696 0.00620365 0.0110929 0.0111959 0.00674745 0.0105176 0.0128407 0.00496564 0.00581061 0.00774643 0.00888537 0.00773114 0.0084715 0.0101293 0.00581061 0.00774643 0.00888537 0.00528231 0.00816326 0.00658789 0.000999922 0.010941 0.00766506 0.00013984999999999996 0.00894094 0.00655536 0.0145217 0.003246 0.0117452 0.0142238 0.00127158 0.0104061 0.0145217 0.003246 0.0117452 0.0146829 0.00519847 0.0103494 0.0136444 0.00833144 0.00796406 0.014458 0.00614742 0.008072 0.0136444 0.00833144 0.00796406 0.0127861 0.00951696 0.00620365 0.0136444 0.00833144 0.00796406 0.0155104845204829 0.00894094 0.00655536 0.00830447 0.0041529 0.0011454 0.0080945 0.00180874 0.00148089 0.0107548 0.00153932 0.00738435 0.012886 0.000449339 0.00708418 0.0107548 0.00153932 0.00738435 0.0126684 0.00275445 0.00796893 0.00671242 0.0126925 0.00283251 0.00510018 0.0135748 0.00118769 0.00671242 0.0126925 0.00283251 0.00612746 0.0111889 0.00113542 0.00671242 0.0126925 0.00283251 0.00444131 0.0123869 0.00326339 0.0117758 0.00221322 0.00300223 0.0116171 0.0007396550000000001 0.00108667 0.0134011 0.0114463 0.00736109 0.0127861 0.00951696 0.00620365 0.000530926 0.0011517 0.00865478 9.323380000000002e-05 -0.0011767345204828988 0.00905145 0.000530926 0.0011517 0.00865478 -0.0011468345204828983 0.00127158 0.0104061 0.000530926 0.0011517 0.00865478 0.00126415 0.0023969 0.00681879 0.00960463 0.0150277 0.00450741 0.0105176 0.0128407 0.00496564 0.00884252 0.0104411 0.00685552 0.00834925 0.0127266 0.00627713 0.012886 0.000449339 0.00708418 0.0139167 -0.0014930345204828988 0.0059747 0.012886 0.000449339 0.00708418 0.0126684 0.00275445 0.00796893 0.00275848 0.0130116 0.0018307 0.00510018 0.0135748 0.00118769 0.00275848 0.0130116 0.0018307 0.00444131 0.0123869 0.00326339 0.00976876 0.0122904 0.0139651 0.0113649 0.0103853 0.0141892 0.0064751 0.00236292 0.00321008 0.0080945 0.00180874 0.00148089 0.00738485 0.0149289 0.00641985 0.00834925 0.0127266 0.00627713 0.00631309 0.0104336 0.00986055 0.00773114 0.0084715 0.0101293 0.014458 0.00614742 0.008072 0.0146829 0.00519847 0.0103494 0.00461531 0.010816 0.00654664 0.00464984 0.0128554 0.00552019 0.00464984 0.0128554 0.00552019 0.00444131 0.0123869 0.00326339 0.00510018 0.0135748 0.00118769 0.00444131 0.0123869 0.00326339 0.0126429 0.0150336 0.00289099 0.0116171 0.0161102895204829 0.00108667 0.0097018 0.00582547 0.00462714 0.00772903 0.00478735 0.00558748</DataArray>
</Points><Lines>
<DataArray type="Int64" Name="connectivity" format="ascii">0 1 2 3 4 5 6 7 8 9 10 11 12 13 14 15 16 17 18 19 20 21 22 23 24 25 26 27 28 29 30 31 32 33 34 35 36 37 38 39 40 41 42 43 44 45 46 47 48 49 50 51 52 53 54 55 56 57 58 59 60 61 62 63 64 65 66 67 68 69 70 71 72 73 74 75 76 77 78 79 80 81 82 83 84 85 86 87 88 89 90 91 92 93 94 95 96 97 98 99 100 101 102 103 104 105 106 107 108 109 110 111 112 113 114 115 116 117 118 119 120 121 122 123 124 125 126 127 128 129 130 131 132 133 134 135 136 137 138 139 140 141 142 143 144 145 146 147 148 149 150 151 152 153 154 155 156 157 158 159 160 161 162 163 164 165 166 167 168 169 170 171 172 173 174 175 176 177 178 179 180 181 182 183 184 185 186 187 188 189 190 191 192 193 194 195 196 197 198 199 200 201 202 203 204 205 206 207 208 209 210 211 212 213 214 215 216 217 218 219 220 221 222 223 224 225 226 227 228 229 230 231 232 233 234 235 236 237 238 239 240 241 242 243 244 245 246 247 248 249 250 251 252 253 254 255 256 257 258 259 260 261 262 263 264 265 266 267 268 269 270 271 272 273 274 275 276 277 278 279 280 281 282 283 284 285 286 287 288 289 290 291 292 293 294 295 296 297 298 299 300 301 302 303 304 305 306 307 308 309 310 311 312 313 314 315 316 317 318 319 320 321 322 323 324 325 326 327 328 329 330 331 332 333 334 335 336 337 338 339 340 341 342 343 344 345 346 347 348 349 350 351 352 353 354 355 356 357 358 359 360 361 362 363 364 365 366 367 368 369 370 371 372 373 374 375 376 377 378 379 380 381 382 383 384 385 386 387 388 389 390 391 392 393 394 395 396 397 398 399 400 401 402 403 404 405 406 407 408 409 410 411 412 413 414 415 416 417 418 419 420 421 422 423 424 425 426 427 428 429 430 431 432 433 434 435 436 437 438 439 440 441 442 443 444 445 446 447 448 449 450 451 452 453 454 455 456 457 458 459 460 461 462 463 464 465 466 467 468 469 470 471 472 473 474 475 476 477 478 479 480 481 482 483 484 485 486 487 488 489 490 491 492 493 494 495 496 497 498 499 500 501 502 503 504 505 506 507 508 509 510 511 512 513 514 515 516 517 518 519 520 521 522 523 524 525 526 527 528 529 530 531 532 533 534 535 536 537 538 539 540 541 542 543 544 545 546 547 548 549 550 551 552 553 554 555 556 557 558 559 560 561 562 563 564 565 566 567 568 569 570 571 572 573 574 575 576 577 578 579 580 581 582 583 584 585 586 587 588 589 590 591 592 593 594 595 596 597 598 599 600 601 602 603 604 605 606 607 608 609 610 611 612 613 614 615 616 617 618 619 620 621 622 623 624 625 626 627 628 629 630 631 632 633 634 635 636 637 638 639 640 641 642 643 644 645 646 647 648 649 650 651 652 653 654 655 656 657 658 659 660 661 662 663 664 665 666 667 668 669 670 671 672 673 674 675 676 677 678 679 680 681 682 683 684 685 686 687 688 689 690 691 692 693 694 695 696 697 698 699 700 701 702 703 704 705 706 707 708 709 710 711 712 713 714 715 716 717 718 719 720 721 722 723 724 725 726 727 728 729 730 731 732 733 734 735 736 737 738 739 740 741 742 743 744 745 746 747 748 749 750 751 752 753 754 755 756 757 758 759 760 761 762 763 764 765 766 767 768 769 770 771 772 773 774 775 776 777 778 779 780 781 782 783 784 785 786 787 788 789 790 791 792 793 794 795 796 797 798 799 800 801 802 803 804 805 806 807 808 809 810 811 812 813 814 815 816 817 818 819 820 821 822 823 824 825 826 827 828 829 830 831 832 833 834 835 836 837 838 839 840 841 842 843 844 845 846 847 848 849 850 851 852 853 854 855 856 857 858 859 860 861 862 863 864 865 866 867 868 869 870 871 872 873 874 875 876 877 878 879 880 881 882 883 884 885 886 887 888 889 890 891 892 893 894 895 896 897 898 899 900 901 902 903 904 905 906 907 908 909 910 911 912 913 914 915 916 917 918 919 920 921 922 923 924 925 926 927 928 929 930 931 932 933 934 935 936 937 938 939 940 941 942 943 944 945 946 947 948 949 950 951 952 953 954 955 956 957 958 959 960 961 962 963 964 965 966 967 968 969 970 971 972 973 974 975 976 977 978 979 980 981 982 983 984 985 986 987 988 989 990 991 992 993 994 995 996 997 998 999 1000 1001 1002 1003 1004 1005 1006 1007 1008 1009 1010 1011 1012 1013 1014 1015 1016 1017 1018 1019 1020 1021 1022 1023 1024 1025 1026 1027 1028 1029 1030 1031 1032 1033 1034 1035 1036 1037 1038 1039 1040 1041 1042 1043 1044 1045 1046 1047 1048 1049 1050 1051 1052 1053 1054 1055 1056 1057 1058 1059 1060 1061 1062 1063 1064 1065 1066 1067 1068 1069 1070 1071 1072 1073 1074 1075 1076 1077 1078 1079 1080 1081 1082 1083 1084 1085 1086 1087 1088 1089 1090 1091 1092 1093 1094 1095 1096 1097 1098 1099 1100 1101 1102 1103 1104 1105 1106 1107 1108 1109 1110 1111 1112 1113 1114 1115 1116 1117 1118 1119 1120 1121 1122 1123 1124 1125 1126 1127 1128 1129 1130 1131 1132 1133 1134 1135 1136 1137 1138 1139 1140 1141 1142 1143 1144 1145 1146 1147 1148 1149 1150 1151 1152 1153 1154 1155 1156 1157 1158 1159 1160 1161 1162 1163 1164 1165 1166 1167 1168 1169 1170 1171 1172 1173 1174 1175 1176 1177 1178 1179 1180 1181 1182 1183 1184 1185 1186 1187 1188 1189 1190 1191 1192 1193 1194 1195 1196 1197 1198 1199 1200 1201 1202 1203 1204 1205 1206 1207 1208 1209 1210 1211 1212 1213 1214 1215 1216 1217 1218 1219 1220 1221 1222 1223 1224 1225 1226 1227 1228 1229 1230 1231 1232 1233 1234 1235 1236 1237 1238 1239 1240 1241 1242 1243 1244 1245 1246 1247 1248 1249 1250 1251 1252 1253 1254 1255 1256 1257 1258 1259 1260 1261 1262 1263 1264 1265 1266 1267 1268 1269 1270 1271 1272 1273 1274 1275 1276 1277 1278 1279 1280 1281 1282 1283 1284 1285 1286 1287 1288 1289 1290 1291 1292 1293 1294 1295 1296 1297 1298 1299 1300 1301 1302 1303 1304 1305 1306 1307 1308 1309 1310 1311 1312 1313 1314 1315 1316 1317 1318 1319 1320 1321 1322 1323 1324 1325 1326 1327 1328 1329 1330 1331 1332 1333 1334 1335 1336 1337 1338 1339 1340 1341 1342 1343 1344 1345 1346 1347 1348 1349 1350 1351 1352 1353 1354 1355 1356 1357 1358 1359 1360 1361 1362 1363 1364 1365 1366 1367 1368 1369 1370 1371 1372 1373 1374 1375 1376 1377 1378 1379 1380 1381 1382 1383 1384 1385 1386 1387 1388 1389 1390 1391 1392 1393 1394 1395 1396 1397 1398 1399 1400 1401 1402 1403 1404 1405 1406 1407 1408 1409 1410 1411 1412 1413 1414 1415 1416 1417 1418 1419 1420 1421 1422 1423 1424 1425 1426 1427 1428 1429 1430 1431 1432 1433 1434 1435 1436 1437 1438 1439 1440 1441 1442 1443 1444 1445 1446 1447 1448 1449 1450 1451 1452 1453 1454 1455 1456 1457 1458 1459 1460 1461 1462 1463 1464 1465 1466 1467 1468 1469 1470 1471 1472 1473 1474 1475 1476 1477 1478 1479 1480 1481 1482 1483 1484 1485 1486 1487 1488 1489 1490 1491 1492 1493 1494 1495 1496 1497 1498 1499 1500 1501 1502 1503 1504 1505 1506 1507 1508 1509 1510 1511 1512 1513 1514 1515 1516 1517 1518 1519 1520 1521 1522 1523 1524 1525 1526 1527 1528 1529 1530 1531 1532 1533 1534 1535 1536 1537 1538 1539 1540 1541 1542 1543 1544 1545 1546 1547 1548 1549 1550 1551 1552 1553 1554 1555 1556 1557 1558 1559 1560 1561 1562 1563 1564 1565 1566 1567 1568 1569 1570 1571 1572 1573 1574 1575 1576 1577 1578 1579 1580 1581 1582 1583 1584 1585 1586 1587 1588 1589 1590 1591 1592 1593 1594 1595 1596 1597 1598 1599 1600 1601 1602 1603 1604 1605 1606 1607 1608 1609 1610 1611 1612 1613 1614 1615 1616 1617 1618 1619 1620 1621 1622 1623 1624 1625 1626 1627 1628 1629 1630 1631 1632 1633 1634 1635 1636 1637 1638 1639 1640 1641 1642 1643 1644 1645 1646 1647 1648 1649 1650 1651 1652 1653 1654 1655 1656 1657 1658 1659 1660 1661 1662 1663 1664 1665 1666 1667 1668 1669 1670 1671 1672 1673 1674 1675 1676 1677 1678 1679 1680 1681 1682 1683 1684 1685 1686 1687 1688 1689 1690 1691 1692 1693 1694 1695 1696 1697 1698 1699 1700 1701 1702 1703 1704 1705 1706 1707 1708 1709 1710 1711 1712 1713 1714 1715 1716 1717 1718 1719 1720 1721 1722 1723 1724 1725 1726 1727 1728 1729 1730 1731 1732 1733 1734 1735 1736 1737 1738 1739 1740 1741 1742 1743 1744 1745 1746 1747 1748 1749 1750 1751 1752 1753 1754 1755 1756 1757 1758 1759 1760 1761 1762 1763 1764 1765 1766 1767 1768 1769 1770 1771 1772 1773 1774 1775 1776 1777 1778 1779 1780 1781 1782 1783 1784 1785 1786 1787 1788 1789 1790 1791 1792 1793 1794 1795 1796 1797 1798 1799 1800 1801 1802 1803 1804 1805 1806 1807 1808 1809 1810 1811 1812 1813 1814 1815 1816 1817 1818 1819 1820 1821 1822 1823 1824 1825 1826 1827 1828 1829 1830 1831 1832 1833 1834 1835 1836 1837 1838 1839 1840 1841 1842 1843 1844 1845 1846 1847 1848 1849 1850 1851 1852 1853 1854 1855 1856 1857 1858 1859 1860 1861 1862 1863 1864 1865 1866 1867 1868 1869 1870 1871 1872 1873 1874 1875 1876 1877 1878 1879 1880 1881 1882 1883 1884 1885 1886 1887 1888 1889 1890 1891 1892 1893 1894 1895 1896 1897 1898 1899 1900 1901 1902 1903 1904 1905 1906 1907 1908 1909 1910 1911 1912 1913 1914 1915 1916 1917 1918 1919 1920 1921 1922 1923 1924 1925 1926 1927 1928 1929 1930 1931 1932 1933 1934 1935 1936 1937 1938 1939 1940 1941 1942 1943 1944 1945 1946 1947 1948 1949 1950 1951 1952 1953 1954 1955 1956 1957 1958 1959 1960 1961 1962 1963 1964 1965 1966 1967 1968 1969 1970 1971 1972 1973 1974 1975 1976 1977 1978 1979 1980 1981 1982 1983 1984 1985 1986 1987 1988 1989 1990 1991 1992 1993 1994 1995 1996 1997 1998 1999 2000 2001 2002 2003 2004 2005 2006 2007 2008 2009 2010 2011 2012 2013 2014 2015 2016 2017 2018 2019 2020 2021 2022 2023 2024 2025 2026 2027 2028 2029 2030 2031 2032 2033 2034 2035 2036 2037 2038 2039 2040 2041 2042 2043 2044 2045 2046 2047 2048 2049 2050 2051 2052 2053 2054 2055 2056 2057 2058 2059 2060 2061 2062 2063 2064 2065 2066 2067 2068 2069 2070 2071 2072 2073 2074 2075 2076 2077 2078 2079 2080 2081 2082 2083 2084 2085 2086 2087 2088 2089 2090 2091 2092 2093 2094 2095 2096 2097 2098 2099 2100 2101 2102 2103 2104 2105 2106 2107 2108 2109 2110 2111 2112 2113 2114 2115 2116 2117 2118 2119 2120 2121 2122 2123 2124 2125 2126 2127 2128 2129 2130 2131 2132 2133 2134 2135 2136 2137 2138 2139 2140 2141 2142 2143 2144 2145 2146 2147 2148 2149 2150 2151 2152 2153 2154 2155 2156 2157 2158 2159 2160 2161 2162 2163 2164 2165 2166 2167 2168 2169 2170 2171 2172 2173 2174 2175 2176 2177 2178 2179 2180 2181 2182 2183 2184 2185 2186 2187 2188 2189 2190 2191 2192 2193 2194 2195 2196 2197 2198 2199 2200 2201 2202 2203 2204 2205 2206 2207 2208 2209 2210 2211 2212 2213 2214 2215 2216 2217 2218 2219 2220 2221 2222 2223 2224 2225 2226 2227 2228 2229 2230 2231 2232 2233 2234 2235 2236 2237 2238 2239 2240 2241 2242 2243 2244 2245 2246 2247 2248 2249 2250 2251 2252 2253 2254 2255 2256 2257 2258 2259 2260 2261 2262 2263 2264 2265 2266 2267 2268 2269 2270 2271 2272 2273 2274 2275 2276 2277 2278 2279 2280 2281 2282 2283 2284 2285 2286 2287 2288 2289 2290 2291 2292 2293 2294 2295 2296 2297 2298 2299 2300 2301 2302 2303 2304 2305 2306 2307 2308 2309 2310 2311 2312 2313 2314 2315 2316 2317 2318 2319 2320 2321 2322 2323 2324 2325 2326 2327 2328 2329 2330 2331 2332 2333 2334 2335 2336 2337 2338 2339 2340 2341 2342 2343 2344 2345 2346 2347 2348 2349 2350 2351 2352 2353 2354 2355 2356 2357 2358 2359 2360 2361 2362 2363 2364 2365 2366 2367 2368 2369 2370 2371 2372 2373 2374 2375 2376 2377 2378 2379 2380 2381 2382 2383 2384 2385 2386 2387 2388 2389 2390 2391 2392 2393 2394 2395 2396 2397 2398 2399 2400 2401 2402 2403 2404 2405 2406 2407 2408 2409 2410 2411 2412 2413 2414 2415 2416 2417 2418 2419 2420 2421 2422 2423 2424 2425 2426 2427 2428 2429 2430 2431 2432 2433 2434 2435 2436 2437 2438 2439 2440 2441 2442 2443 2444 2445 2446 2447 2448 2449 2450 2451 2452 2453 2454 2455 2456 2457 2458 2459 2460 2461 2462 2463 2464 2465 2466 2467 2468 2469 2470 2471 2472 2473 2474 2475 2476 2477 2478 2479 2480 2481 2482 2483 2484 2485 2486 2487 2488 2489 2490 2491 2492 2493 2494 2495 2496 2497 2498 2499 2500 2501 2502 2503 2504 2505 2506 2507 2508 2509 2510 2511 2512 2513 2514 2515 2516 2517 2518 2519 2520 2521 2522 2523 2524 2525 2526 2527 2528 2529 2530 2531 2532 2533 2534 2535 2536 2537 2538 2539 2540 2541 2542 2543 2544 2545 2546 2547 2548 2549 2550 2551 2552 2553 2554 2555 2556 2557 2558 2559 2560 2561 2562 2563 2564 2565 2566 2567 2568 2569 2570 2571 2572 2573 2574 2575 2576 2577 2578 2579 2580 2581 2582 2583 2584 2585 2586 2587 2588 2589 2590 2591 2592 2593 2594 2595 2596 2597 2598 2599 2600 2601 2602 2603 2604 2605 2606 2607 2608 2609 2610 2611 2612 2613 2614 2615 2616 2617 2618 2619 2620 2621 2622 2623 2624 2625 2626 2627 2628 2629 2630 2631 2632 2633 2634 2635 2636 2637 2638 2639 2640 2641 2642 2643 2644 2645 2646 2647 2648 2649 2650 2651 2652 2653 2654 2655 2656 2657 2658 2659 2660 2661 2662 2663 2664 2665 2666 2667 2668 2669 2670 2671 2672 2673 2674 2675 2676 2677 2678 2679 2680 2681 2682 2683 2684 2685 2686 2687 2688 2689 2690 2691 2692 2693</DataArray>
<DataArray type="Int64" Name="offsets" format="ascii">2 4 6 8 10 12 14 16 18 20 22 24 26 28 30 32 34 36 38 40 42 44 46 48 50 52 54 56 58 60 62 64 66 68 70 72 74 76 78 80 82 84 86 88 90 92 94 96 98 100 102 104 106 108 110 112 114 116 118 120 122 124 126 128 130 132 134 136 138 140 142 144 146 148 150 152 154 156 158 160 162 164 166 168 170 172 174 176 178 180 182 184 186 188 190 192 194 196 198 200 202 204 206 208 210 212 214 216 218 220 222 224 226 228 230 232 234 236 238 240 242 244 246 248 250 252 254 256 258 260 262 264 266 268 270 272 274 276 278 280 282 284 286 288 290 292 294 296 298 300 302 304 306 308 310 312 314 316 318 320 322 324 326 328 330 332 334 336 338 340 342 344 346 348 350 352 354 356 358 360 362 364 366 368 370 372 374 376 378 380 382 384 386 388 390 392 394 396 398 400 402 404 406 408 410 412 414 416 418 420 422 424 426 428 430 432 434 436 438 440 442 444 446 448 450 452 454 456 458 460 462 464 466 468 470 472 474 476 478 480 482 484 486 488 490 492 494 496 498 500 502 504 506 508 510 512 514 516 518 520 522 524 526 528 530 532 534 536 538 540 542 544 546 548 550 552 554 556 558 560 562 564 566 568 570 572 574 576 578 580 582 584 586 588 590 592 594 596 598 600 602 604 606 608 610 612 614 616 618 620 622 624 626 628 630 632 634 636 638 640 642 644 646 648 650 652 654 656 658 660 662 664 666 668 670 672 674 676 678 680 682 684 686 688 690 692 694 696 698 700 702 704 706 708 710 712 714 716 718 720 722 724 726 728 730 732 734 736 738 740 742 744 746 748 750 752 754 756 758 760 762 764 766 768 770 772 774 776 778 780 782 784 786 788 790 792 794 796 798 800 802 804 806 808 810 812 814 816 818 820 822 824 826 828 830 832 834 836 838 840 842 844 846 848 850 852 854 856 858 860 862 864 866 868 870 872 874 876 878 880 882 884 886 888 890 892 894 896 898 900 902 904 906 908 910 912 914 916 918 920 922 924 926 928 930 932 934 936 938 940 942 944 946 948 950 952 954 956 958 960 962 964 966 968 970 972 974 976 978 980 982 984 986 988 990 992 994 996 998 1000 1002 1004 1006 1008 1010 1012 1014 1016 1018 1020 1022 1024 1026 1028 1030 1032 1034 1036 1038 1040 1042 1044 1046 1048 1050 1052 1054 1056 1058 1060 1062 1064 1066 1068 1070 1072 1074 1076 1078 1080 1082 1084 1086 1088 1090 1092 1094 1096 1098 1100 1102 1104 1106 1108 1110 1112 1114 1116 1118 1120 1122 1124 1126 1128 1130 1132 1134 1136 1138 1140 1142 1144 1146 1148 1150 1152 1154 1156 1158 1160 1162 1164 1166 1168 1170 1172 1174 1176 1178 1180 1182 1184 1186 1188 1190 1192 1194 1196 1198 1200 1202 1204 1206 1208 1210 1212 1214 1216 1218 1220 1222 1224 1226 1228 1230 1232 1234 1236 1238 1240 1242 1244 1246 1248 1250 1252 1254 1256 1258 1260 1262 1264 1266 1268 1270 1272 1274 1276 1278 1280 1282 1284 1286 1288 1290 1292 1294 1296 1298 1300 1302 1304 1306 1308 1310 1312 1314 1316 1318 1320 1322 1324 1326 1328 1330 1332 1334 1336 1338 1340 1342 1344 1346 1348 1350 1352 1354 1356 1358 1360 1362 1364 1366 1368 1370 1372 1374 1376 1378 1380 1382 1384 1386 1388 1390 1392 1394 1396 1398 1400 1402 1404 1406 1408 1410 1412 1414 1416 1418 1420 1422 1424 1426 1428 1430 1432 1434 1436 1438 1440 1442 1444 1446 1448 1450 1452 1454 1456 1458 1460 1462 1464 1466 1468 1470 1472 1474 1476 1478 1480 1482 1484 1486 1488 1490 1492 1494 1496 1498 1500 1502 1504 1506 1508 1510 1512 1514 1516 1518 1520 1522 1524 1526 1528 1530 1532 1534 1536 1538 1540 1542 1544 1546 1548 1550 1552 1554 1556 1558 1560 1562 1564 1566 1568 1570 1572 1574 1576 1578 1580 1582 1584 1586 1588 1590 1592 1594 1596 1598 1600 1602 1604 1606 1608 1610 1612 1614 1616 1618 1620 1622 1624 1626 1628 1630 1632 1634 1636 1638 1640 1642 1644 1646 1648 1650 1652 1654 1656 1658 1660 1662 1664 1666 1668 1670 1672 1674 1676 1678 1680 1682 1684 1686 1688 1690 1692 1694 1696 1698 1700 1702 1704 1706 1708 1710 1712 1714 1716 1718 1720 1722 1724 1726 1728 1730 1732 1734 1736 1738 1740 1742 1744 1746 1748 1750 1752 1754 1756 1758 1760 1762 1764 1766 1768 1770 1772 1774 1776 1778 1780 1782 1784 1786 1788 1790 1792 1794 1796 1798 1800 1802 1804 1806 1808 1810 1812 1814 1816 1818 1820 1822 1824 1826 1828 1830 1832 1834 1836 1838 1840 1842 1844 1846 1848 1850 1852 1854 1856 1858 1860 1862 1864 1866 1868 1870 1872 1874 1876 1878 1880 1882 1884 1886 1888 1890 1892 1894 1896 1898 1900 1902 1904 1906 1908 1910 1912 1914 1916 1918 1920 1922 1924 1926 1928 1930 1932 1934 1936 1938 1940 1942 1944 1946 1948 1950 1952 1954 1956 1958 1960 1962 1964 1966 1968 1970 1972 1974 1976 1978 1980 1982 1984 1986 1988 1990 1992 1994 1996 1998 2000 2002 2004 2006 2008 2010 2012 2014 2016 2018 2020 2022 2024 2026 2028 2030 2032 2034 2036 2038 2040 2042 2044 2046 2048 2050 2052 2054 2056 2058 2060 2062 2064 2066 2068 2070 2072 2074 2076 2078 2080 2082 2084 2086 2088 2090 2092 2094 2096 2098 2100 2102 2104 2106 2108 2110 2112 2114 2116 2118 2120 2122 2124 2126 2128 2130 2132 2134 2136 2138 2140 2142 2144 2146 2148 2150 2152 2154 2156 2158 2160 2162 2164 2166 2168 2170 2172 2174 2176 2178 2180 2182 2184 2186 2188 2190 2192 2194 2196 2198 2200 2202 2204 2206 2208 2210 2212 2214 2216 2218 2220 2222 2224 2226 2228 2230 2232 2234 2236 2238 2240 2242 2244 2246 2248 2250 2252 2254 2256 2258 2260 2262 2264 2266 2268 2270 2272 2274 2276 2278 2280 2282 2284 2286 2288 2290 2292 2294 2296 2298 2300 2302 2304 2306 2308 2310 2312 2314 2316 2318 2320 2322 2324 2326 2328 2330 2332 2334 2336 2338 2340 2342 2344 2346 2348 2350 2352 2354 2356 2358 2360 2362 2364 2366 2368 2370 2372 2374 2376 2378 2380 2382 2384 2386 2388 2390 2392 2394 2396 2398 2400 2402 2404 2406 2408 2410 2412 2414 2416 2418 2420 2422 2424 2426 2428 2430 2432 2434 2436 2438 2440 2442 2444 2446 2448 2450 2452 2454 2456 2458 2460 2462 2464 2466 2468 2470 2472 2474 2476 2478 2480 2482 2484 2486 2488 2490 2492 2494 2496 2498 2500 2502 2504 2506 2508 2510 2512 2514 2516 2518 2520 2522 2524 2526 2528 2530 2532 2534 2536 2538 2540 2542 2544 2546 2548 2550 2552 2554 2556 2558 2560 2562 2564 2566 2568 2570 2572 2574 2576 2578 2580 2582 2584 2586 2588 2590 2592 2594 2596 2598 2600 2602 2604 2606 2608 2610 2612 2614 2616 2618 2620 2622 2624 2626 2628 2630 2632 2634 2636 2638 2640 2642 2644 2646 2648 2650 2652 2654 2656 2658 2660 2662 2664 2666 2668 2670 2672 2674 2676 2678 2680 2682 2684 2686 2688 2690 2692 2694</DataArray>
</Lines></Piece></PolyData></VTKFile>