atom_id_i,atom_id_j,high_endpoint_count,conductance_W_K,signed_heat_rate_i_to_j_W,absolute_heat_rate_W,vertical_alignment
1,84,0,1.2251028536521078e-06,6.963903465771795e-20,6.963903465771795e-20,0.7148619074129714
1,280,1,0.0004528952145023818,1.5167475300308747e-05,1.5167475300308747e-05,0.47817635923530194
1,439,0,0.0002489502857656373,-1.1135593850533997e-05,1.1135593850533997e-05,0.34664072298610216
1,492,0,0.00021417414907937786,-4.031881449739764e-06,4.031881449739764e-06,0.22651296304146518
2,6,0,4.153958093064617e-05,-6.429623464861582e-07,6.429623464861582e-07,0.2542265373183735
2,81,0,7.6752169678403e-05,4.6616848342555045e-06,4.6616848342555045e-06,0.9513633459581574
2,204,0,0.0001257334875965192,-1.0978123905454762e-05,1.0978123905454762e-05,0.9886274000896872
2,209,0,0.00011343991843008559,-2.2174679781621437e-06,2.2174679781621437e-06,0.30516172601007263
2,236,0,0.00013175430674350677,9.176869395832198e-06,9.176869395832198e-06,0.6757550391568379
3,53,0,0.00012453195611582352,-3.584757179861213e-06,3.584757179861213e-06,0.37777532141748027
3,135,1,0.0003460739775996712,-1.0395025433682873e-05,1.0395025433682873e-05,0.03432676361359057
3,210,0,0.00011451279932924378,4.883756693825385e-06,4.883756693825385e-06,0.6901932192919006
3,494,0,0.00021060719154498262,9.096025919744836e-06,9.096025919744836e-06,0.4275116065787644
4,356,1,0.000268351457437393,2.8540820419436493e-05,2.8540820419436493e-05,0.6461350197995122
5,105,0,0.0001729745714425607,-5.664479089953313e-06,5.664479089953313e-06,0.2953660740877629
5,374,1,0.00028770583620120975,1.3967278541864817e-05,1.3967278541864817e-05,0.5128652612407901
5,475,0,0.00017071454965851107,-2.597783804753392e-06,2.597783804753392e-06,0.3354633321070565
5,500,0,0.00021130967768811466,-5.705015647126276e-06,5.705015647126276e-06,0.021876968626847317
6,127,0,0.00022949541624317537,-1.2877938408060899e-05,1.2877938408060899e-05,0.5987126878292682
6,146,0,0.00013866949064592218,5.469391859952082e-06,5.469391859952082e-06,0.39396954484110597
6,232,0,0.00023176126044837197,1.7772377618287634e-05,1.7772377618287634e-05,0.9024422770740669
6,324,0,0.00010724664931525877,-1.1006793416709387e-05,1.1006793416709387e-05,0.9528295381987968
7,123,2,0.002149837259087041,2.3283532334063156e-05,2.3283532334063156e-05,0.5125877064674508
7,146,1,0.00042158576756295664,1.9242753900706528e-05,1.9242753900706528e-05,0.6726482144920906
7,217,1,0.00044041187054608876,-4.0730561594219714e-05,4.0730561594219714e-05,0.924136680346337
7,260,1,0.0004089380132555141,1.7871064266519507e-05,1.7871064266519507e-05,0.5257777611000783
7,338,1,0.0002862069630992049,-1.290135541335965e-05,1.290135541335965e-05,0.5340323699049482
7,496,1,0.00041314496755457536,-6.76543349366251e-06,6.76543349366251e-06,0.11048502630711589
8,171,0,0.00019464657247405452,-6.761423107784772e-06,6.761423107784772e-06,0.07799728360498204
8,273,0,0.000141490537475876,-1.7424572462855096e-06,1.7424572462855096e-06,0.11812449778671452
8,383,0,0.00017850655255021285,-1.3578619921085849e-05,1.3578619921085849e-05,0.4001433971601374
9,81,0,2.2292785504166834e-05,-2.7212853250570093e-06,2.7212853250570093e-06,0.7309124271925651
9,124,0,2.3760914810253662e-05,2.948201361582302e-06,2.948201361582302e-06,0.9546043163241652
9,239,0,1.2316924470549406e-05,-2.2691603651603184e-07,2.2691603651603184e-07,0.057211572499692845
10,23,0,0.0001775706540879637,1.2375279453971949e-05,1.2375279453971949e-05,0.9258526621916668
10,114,0,0.00023709199960089474,-1.098173784066184e-05,1.098173784066184e-05,0.10131345949616742
10,386,0,0.00014793958152283703,-9.424478525672949e-06,9.424478525672949e-06,0.6412321103666746
10,452,0,0.00022102601357991728,8.030936912388076e-06,8.030936912388076e-06,0.37784420931908186
11,42,0,9.332078993158548e-05,2.5136594564846876e-06,2.5136594564846876e-06,0.7539596643204913
11,271,0,8.095582440754185e-05,-2.412410274154962e-06,2.412410274154962e-06,0.04997383726884608
11,482,1,0.00017140699651912357,-1.0124918230976833e-07,1.0124918230976833e-07,0.042220250607276286
12,273,0,0.00021374284769766033,-4.590861093276256e-06,4.590861093276256e-06,0.13678963902301938
12,370,0,0.00020178630528164404,-3.767652591812338e-06,3.767652591812338e-06,0.12060481237248659
12,383,0,0.00018731718393032095,-1.5965292689178016e-05,1.5965292689178016e-05,0.41609500909495556
13,263,0,0.00017872808311913816,-4.761483408617784e-06,4.761483408617784e-06,0.3777340247217331
13,346,0,1.1801631921491135e-05,6.441756275902214e-07,6.441756275902214e-07,0.5087344743768462
13,489,0,0.00018428838470083725,4.117307781038936e-06,4.117307781038936e-06,0.18939094374850945
14,233,0,0.00017659813456572714,-6.867398881513241e-07,6.867398881513241e-07,0.4365350928514545
14,249,0,0.00015184762975861907,-9.489715796360439e-06,9.489715796360439e-06,0.46133746174132295
14,262,0,0.00019726788451938115,-1.766900374129965e-05,1.766900374129965e-05,0.7090830220651113
14,270,1,0.00040742442044733486,2.7845459425805584e-05,2.7845459425805584e-05,0.8002092375155467
15,49,0,0.00017665917510057005,1.267740806532041e-05,1.267740806532041e-05,0.6248687916082087
15,250,0,0.00019545559589273552,-1.1793778171917243e-05,1.1793778171917243e-05,0.8589526304351115
15,302,0,0.0001757036277308025,-1.0148471584666696e-05,1.0148471584666696e-05,0.5754765399456842
15,311,0,0.00015138519957292172,1.2195022535206658e-05,1.2195022535206658e-05,0.7441737332385341
15,405,0,0.00013111966169480484,1.1926365375766989e-06,1.1926365375766989e-06,0.1704304426599668
15,436,0,0.00021024113638410397,-4.122817381605206e-06,4.122817381605206e-06,0.0593376572721079
16,86,0,0.00012622116668817412,-3.999830949546536e-06,3.999830949546536e-06,0.2693145071377028
16,152,0,0.00014580563426279993,-9.585541475448774e-06,9.585541475448774e-06,0.8050305928146826
16,330,0,0.0001712720206139574,1.7019262193593074e-05,1.7019262193593074e-05,0.9211778068296885
16,365,0,0.0001686910151020879,-3.4338897686004502e-06,3.4338897686004502e-06,0.3562126380872314
17,82,0,0.00019329314623660953,-1.5930921475236265e-06,1.5930921475236265e-06,0.07890786606193839
17,140,0,0.0001310260783491302,1.2571643253585211e-05,1.2571643253585211e-05,0.8289171387166828
17,141,0,0.00017397382728062178,1.2060024196157544e-05,1.2060024196157544e-05,0.7702259867456972
17,419,0,8.065847549201047e-05,-6.597888202073484e-06,6.597888202073484e-06,0.8625959926369657
17,443,0,0.00019431683127371302,-8.738456221522022e-06,8.738456221522022e-06,0.39157103222584105
17,448,0,0.00020829011472378074,-7.702230878636076e-06,7.702230878636076e-06,0.4214012222978709
18,65,1,0.00040608508711584507,-1.6575964671053775e-05,1.6575964671053775e-05,0.881287975431886
18,183,0,0.0002574203552157907,6.276474527272828e-06,6.276474527272828e-06,0.027416646574994513
18,266,1,0.0004296066206834556,1.4627371899826799e-05,1.4627371899826799e-05,0.46745442479829874
18,477,1,0.00046825710324371623,-4.327881756000694e-06,4.327881756000694e-06,0.05704058822674794
19,106,1,0.00036435554357635723,3.228136230065749e-05,3.228136230065749e-05,0.6522803096646496
19,311,1,0.0004305763817099632,-2.5106779485966106e-05,2.5106779485966106e-05,0.7675426432451266
19,345,1,0.0004936628412529717,-1.7333676838264927e-05,1.7333676838264927e-05,0.37855208282751807
19,456,1,0.0004047791173015413,1.0159094023446549e-05,1.0159094023446549e-05,0.1391621825478259
20,24,1,0.00018602399898771544,1.1549962137086615e-05,1.1549962137086615e-05,0.4406605884029309
20,218,0,0.0001386079429395928,9.578260793155634e-06,9.578260793155634e-06,0.9822237117003392
20,349,0,0.0001972372509429356,5.960685618131323e-06,5.960685618131323e-06,0.46549375297618245
20,362,0,0.0002042295738588252,-8.80355854762413e-06,8.80355854762413e-06,0.5578039871015679
20,457,0,0.0001544453323783898,-1.8285350000733513e-05,1.8285350000733513e-05,0.5191079675617117
21,57,0,0.00013189752687805587,-3.909863259774721e-06,3.909863259774721e-06,0.22731023377464687
21,113,0,4.9033240652382424e-05,-1.1927398361284728e-06,1.1927398361284728e-06,0.037772515101606736
21,168,0,0.0001277401380274032,4.532667244332358e-06,4.532667244332358e-06,0.5101973660426404
21,335,0,7.792729831347596e-05,-7.426188642361935e-06,7.426188642361935e-06,0.7241893925856446
21,394,0,0.00015687090805388136,1.3054717355581525e-05,1.3054717355581525e-05,0.8019590402059279
21,423,0,0.00015418731759310486,-5.058592861678832e-06,5.058592861678832e-06,0.3586960453788708
22,384,0,0.00010835569419098347,3.289321394677297e-06,3.289321394677297e-06,0.23387841795445133
22,424,0,0.0001163717670920747,9.499797122079821e-07,9.499797122079821e-07,0.1615841171601931
22,494,0,5.46645552060775e-05,-4.239301106888215e-06,4.239301106888215e-06,0.798535273558652
23,49,0,0.0001397344360776027,1.260956682693582e-06,1.260956682693582e-06,0.10464583926209907
23,93,0,0.00019609466045284276,1.3497854802179611e-05,1.3497854802179611e-05,0.8115232870745541
23,349,0,0.00017664097473129174,1.288466796459205e-05,1.288466796459205e-05,0.5490118086997041
23,405,0,0.00019394942696170512,-1.0403877563413964e-05,1.0403877563413964e-05,0.36578167472369755
23,452,0,0.00014582465411522736,-4.864322432160829e-06,4.864322432160829e-06,0.30421024432328464
24,52,1,0.0002770399300083817,-2.1897848914704365e-05,2.1897848914704365e-05,0.5324085207265193
24,218,1,0.0004203172310079688,2.9483996983524512e-06,2.9483996983524512e-06,0.6313715653712276
24,362,1,0.0004199041223922581,-4.417170843756708e-05,4.417170843756708e-05,0.9661727338843529
24,482,2,0.002434797146670137,7.467111979139969e-05,7.467111979139969e-05,0.6578060565200313
25,41,0,4.053402996977261e-06,0.0,0.0,0.7790227544941326
26,247,0,4.578072305121008e-05,-1.1687636777944756e-06,1.1687636777944756e-06,0.13223238046007396
26,341,0,0.00011246395935455027,1.6546174707292764e-06,1.6546174707292764e-06,0.33352171629588506
26,357,0,1.6973968592842035e-05,1.3575512288008246e-06,1.3575512288008246e-06,0.5738833167985482
26,440,0,0.0001169539926414978,-5.465298865856383e-06,5.465298865856383e-06,0.5152170783924089
26,442,0,4.822812885910476e-05,3.6218938441185453e-06,3.6218938441185453e-06,0.8199543197105981
27,126,0,0.00021752153278462908,1.6903334417023317e-05,1.6903334417023317e-05,0.9185184518825642
27,235,0,0.0002470833610867056,-8.764476948987162e-06,8.764476948987162e-06,0.38045483269225683
27,248,1,0.000537220532417254,-1.224280869741019e-05,1.224280869741019e-05,0.6435393730573675
27,429,0,0.00027880803208114494,4.103951229227227e-06,4.103951229227227e-06,0.2686777311160592
28,110,0,0.000104834487722566,3.42985262169177e-06,3.42985262169177e-06,0.16329980232750696
28,111,0,0.0002892230937639326,1.9347151966918978e-05,1.9347151966918978e-05,0.27584602602091113
28,154,0,0.00024584386363972574,1.6934694783125896e-05,1.6934694783125896e-05,0.648872653853337
29,88,0,0.00019314962564627225,1.2155231060036311e-05,1.2155231060036311e-05,0.5782157636734162
29,139,0,0.00017832149796191828,-1.6946707185124398e-05,1.6946707185124398e-05,0.7584422041292727
29,337,0,0.00016315242060232487,4.791476125075154e-06,4.791476125075154e-06,0.341550760005869
30,75,0,0.0001169044280476939,9.788071966069727e-06,9.788071966069727e-06,0.9495436921507169
30,264,0,0.00023878505098297106,-9.828221687697416e-06,9.828221687697416e-06,0.3481848286689288
30,357,0,0.0001782201794251769,2.2701538059700885e-06,2.2701538059700885e-06,0.01839025417713529
30,425,0,0.0002256243146545724,-3.0173788936568763e-06,3.0173788936568763e-06,0.022433120383754484
30,432,0,2.5454393255963323e-05,7.873748092633585e-07,7.873748092633585e-07,0.5156113499409708
31,473,0,9.682458365518543e-08,-5.503840364735051e-21,5.503840364735051e-21,0.2639198276868008
32,228,0,0.00023447129520132634,8.99933206159138e-07,8.99933206159138e-07,0.06957424366531084
32,286,0,0.00023249136361529508,2.693763902892107e-05,2.693763902892107e-05,0.7997398226890233
32,287,0,0.00021178031624604295,-1.7432216978390233e-05,1.7432216978390233e-05,0.6036328264125158
32,495,0,0.00024551816283717925,-1.0405355256686407e-05,1.0405355256686407e-05,0.4343101802020193
33,263,0,0.00013469042076570326,-9.244145904537269e-06,9.244145904537269e-06,0.6664754465258915
33,268,0,0.0001747642626930126,7.16601639270573e-06,7.16601639270573e-06,0.7026068220427463
33,367,0,0.00013829159907349092,-4.549196400274876e-06,4.549196400274876e-06,0.21078049504285493
33,404,0,0.00010831028645626031,6.627325912088832e-06,6.627325912088832e-06,0.6264488754930619
34,247,0,0.00014456434287935064,-8.883825045888667e-06,8.883825045888667e-06,0.5616916110593136
34,357,0,0.00012365806523905452,5.4478340393308935e-06,5.4478340393308935e-06,0.1628050525303911
34,444,0,0.00015074765610626032,3.43599100655962e-06,3.43599100655962e-06,0.3891478848823524
35,79,0,1.2189891924728888e-06,-6.929151325453454e-20,6.929151325453454e-20,0.16133375952253162
35,186,0,9.258200997725515e-08,4.210142377690097e-20,4.210142377690097e-20,0.20182398497213863
36,100,1,0.0003922385907185312,-4.33330530520678e-05,4.33330530520678e-05,0.8926563406830098
36,289,0,8.74570462941719e-05,-4.244190111487488e-06,4.244190111487488e-06,0.504458915765067
36,447,0,0.00014559007433025028,-2.870138500756587e-06,2.870138500756587e-06,0.24590991692122083
37,167,0,8.695363987458857e-05,-6.035131285127788e-07,6.035131285127788e-07,0.17121174220236046
37,254,0,0.00018075768889659293,-2.1766560650819943e-05,2.1766560650819943e-05,0.9855043913932282
37,289,0,8.954980681060068e-05,-6.526725774215273e-06,6.526725774215273e-06,0.48137554653595455
38,80,0,0.00013969340194959777,-6.186615977776757e-06,6.186615977776757e-06,0.4216063654427783
38,131,0,6.472083567332294e-05,3.900238040315684e-06,3.900238040315684e-06,0.7811341006117075
38,215,0,0.0001997081823814231,-2.2574034657992606e-05,2.2574034657992606e-05,0.9808286036390279
38,253,0,0.00020060108518782466,6.822369322532296e-06,6.822369322532296e-06,0.3829045093468594
38,364,1,0.00039143329110914954,1.803804327289848e-05,1.803804327289848e-05,0.5803384732736075
39,45,0,9.022705951785956e-05,-5.934981965494608e-08,5.934981965494608e-08,0.17448528198717125
39,159,0,0.00013195800960908913,-7.898829972314297e-07,7.898829972314297e-07,0.0923439704373802
39,249,0,0.00015450531554145902,1.1062252328704868e-05,1.1062252328704868e-05,0.7245120606362377
39,413,0,0.0001529424863504238,-9.958485334147483e-06,9.958485334147483e-06,0.7939753447018785
39,462,1,0.0002958481165410505,-2.545341777256659e-07,2.545341777256659e-07,0.08383772469300835
40,68,1,2.084407910992894e-05,5.847835913077306e-07,5.847835913077306e-07,0.7429535921030359
40,102,1,0.00039472737603899323,-2.6464828766329943e-05,2.6464828766329943e-05,0.7037432229261711
40,355,1,0.0002793558114995315,-2.4322451253659163e-05,2.4322451253659163e-05,0.6616040785469929
40,460,2,0.0026351875253240974,5.720412827969374e-05,5.720412827969374e-05,0.4207938794858812
40,492,1,0.0004976172705474925,-2.4911768737804952e-05,2.4911768737804952e-05,0.4165904391118844
40,497,1,0.00041047279220548556,1.7910136886490346e-05,1.7910136886490346e-05,0.3139426269474808
41,79,0,8.660254037844388e-08,9.845568954283849e-21,9.845568954283849e-21,0.37299481513208244
41,186,0,9.258200997725515e-08,5.788945769323884e-20,5.788945769323884e-20,0.25617125351530456
42,274,0,7.960559219788628e-05,6.3623936822317745e-06,6.3623936822317745e-06,0.5723214876998162
42,392,0,9.917705531499833e-05,7.379576239608202e-06,7.379576239608202e-06,0.1687271053232503
42,414,0,0.00012167217959025896,-1.1228310465354263e-05,1.1228310465354263e-05,0.6194975229084477
43,206,0,0.00016378028575782046,-1.330579364634232e-05,1.330579364634232e-05,0.5610015363431085
43,258,0,0.00016328253259716843,-1.1199275760081095e-05,1.1199275760081095e-05,0.3935855626154354
43,490,1,0.0003285401368324318,2.4505069406391482e-05,2.4505069406391482e-05,0.6174807397403543
45,249,0,0.00020269316236199025,1.4645727882919048e-05,1.4645727882919048e-05,0.5861669941394998
45,265,0,0.00019507144382923487,-7.796538321714747e-07,7.796538321714747e-07,0.11785385534638945
45,326,0,0.0001813179426476137,-1.2400811638600924e-05,1.2400811638600924e-05,0.9211798529285339
45,358,0,6.107230471607004e-05,-1.5246122319079829e-06,1.5246122319079829e-06,0.26712271418401007
46,178,0,0.00018748020011727688,-7.555193833186933e-06,7.555193833186933e-06,0.1800374743435217
46,294,0,0.00019975139420692025,-2.6164392553341908e-06,2.6164392553341908e-06,0.18468239903015793
46,415,0,0.00025051185964836554,-2.3130839685835553e-05,2.3130839685835553e-05,0.40083164547493105
48,339,2,0.0018905149467154433,-4.293116574207255e-05,4.293116574207255e-05,0.7847687654578313
48,379,1,0.00011082937128270832,3.6162597959029655e-06,3.6162597959029655e-06,0.37660865310570235
48,385,2,0.0017718909121479495,1.2670390909087729e-05,1.2670390909087729e-05,0.12959650665034175
48,390,1,0.00026497929947810354,-2.6160123266292058e-06,2.6160123266292058e-06,0.1467854862611766
48,432,1,0.0003472613362117007,-1.1142133460871587e-05,1.1142133460871587e-05,0.3968933231662167
48,451,1,0.0004337216506264422,4.0402660824741624e-05,4.0402660824741624e-05,0.9773749688288601
49,224,0,0.00018333359024108484,2.060864877082636e-05,2.060864877082636e-05,0.9629427954280069
49,351,0,0.00010956535082875896,-6.670284022784504e-06,6.670284022784504e-06,0.2792235626680842
50,222,0,0.00014128169853969833,1.8493002639224922e-06,1.8493002639224922e-06,0.315364548374534
50,284,0,9.316520789461817e-05,9.218022648554373e-06,9.218022648554373e-06,0.9249328263809355
50,347,0,0.00014842418925173836,-5.0453390610217085e-06,5.0453390610217085e-06,0.35964970011015945
50,392,0,7.426980740124627e-05,-4.713761848608823e-06,4.713761848608823e-06,0.8632057382660129
50,402,0,0.0001532013608825095,-9.292891455989609e-06,9.292891455989609e-06,0.6144838284315428
50,450,0,8.728353295204905e-05,7.984669453148936e-06,7.984669453148936e-06,0.6650040285321421
51,317,0,0.0001665932179427417,1.4527664982924142e-05,1.4527664982924142e-05,0.40621636440689873
51,449,0,0.00023782056928369784,2.377293476193199e-05,2.377293476193199e-05,0.7060573752266287
52,136,0,0.000188081767370321,-3.3014685586780238e-06,3.3014685586780238e-06,0.18649335070352835
52,316,0,0.00019017720384392506,-1.6406866492327778e-05,1.6406866492327778e-05,0.35815718497859167
52,361,0,0.00020679486903451587,-8.018737017417582e-07,8.018737017417582e-07,0.20958455025923495
52,362,0,5.305948746408737e-05,-1.3876401618632515e-06,1.3876401618632515e-06,0.46168160673457814
53,135,1,0.00039003966622622,-4.8800289395235e-07,4.8800289395235e-07,0.3702680247506702
53,180,0,0.0002449313074049336,1.4007887621332587e-05,1.4007887621332587e-05,0.20722721441877878
53,376,0,0.0002481657822701559,-1.7104641907163594e-05,1.7104641907163594e-05,0.8717245227055672
54,85,0,0.00019858225493988194,1.8732296670886153e-05,1.8732296670886153e-05,0.7897707368721228
54,109,0,0.00015077678903450677,9.848222104510407e-06,9.848222104510407e-06,0.4430017714056034
55,197,0,0.00016305505494495842,-1.2902981785773725e-05,1.2902981785773725e-05,0.6079632818373175
55,216,0,0.0002089058705506946,1.226500256195828e-05,1.226500256195828e-05,0.7669417712194372
55,264,0,0.0002474773763506706,1.0125281324623796e-06,1.0125281324623796e-06,0.15098050721980816
55,339,1,0.0002946254991981517,2.5208293817452e-05,2.5208293817452e-05,0.764568317570489
55,348,0,0.0002053252759786299,-1.8221505287290176e-05,1.8221505287290176e-05,0.4651162117357693
55,483,0,0.00018440061659454494,-7.361337438697632e-06,7.361337438697632e-06,0.2222044655632531
56,148,0,0.0002327090949164258,6.199954343820702e-06,6.199954343820702e-06,0.3954948732593614
56,215,0,0.00017906627129215763,-1.564749017581891e-06,1.564749017581891e-06,0.16047149038830505
56,244,0,4.332677794369691e-05,4.367537245793808e-10,4.367537245793808e-10,0.18229455919749868
56,256,0,9.911202691216585e-05,9.656160023186772e-07,9.656160023186772e-07,0.14753405512193346
56,356,1,0.00047428076892042645,4.6920393278935566e-05,4.6920393278935566e-05,0.738864452703019
57,168,0,0.00021398994082143398,1.3936456325616308e-05,1.3936456325616308e-05,0.7326403632870306
57,265,0,0.00017963588638215865,-2.090917597453321e-06,2.090917597453321e-06,0.03803056611877339
57,326,0,0.0002072107835851885,-1.5755401987894873e-05,1.5755401987894873e-05,0.8542229045928883
58,178,1,0.00040062381698247897,5.894583189212027e-05,5.894583189212027e-05,0.9811731673104724
58,186,1,0.00038928444629242836,1.3773899914233584e-05,1.3773899914233584e-05,0.11314418059307511
58,350,1,0.00043515385689948667,-1.945985886744743e-05,1.945985886744743e-05,0.621092961213206
58,385,2,0.0013309334369515614,-6.076431204253612e-05,6.076431204253612e-05,0.722609780731302
58,455,1,0.00020428917273027002,7.504439103540966e-06,7.504439103540966e-06,0.27160751899763586
59,393,0,0.0001691600685120629,1.5573293111809362e-05,1.5573293111809362e-05,0.38720167238697084
59,407,0,0.00018821873933112622,1.6232512465074567e-05,1.6232512465074567e-05,0.2158879852822854
59,418,0,0.00018224636825487785,-2.387983758808354e-05,2.387983758808354e-05,0.8391390066508815
59,449,0,0.00019577403493182136,-7.925967988752337e-06,7.925967988752337e-06,0.43296057008341976
60,326,0,0.00017808214061896066,1.8633237594867482e-05,1.8633237594867482e-05,0.6754763518610949
60,368,0,0.00016123338405948858,3.9396741811234466e-06,3.9396741811234466e-06,0.16474459797998076
61,155,0,0.00016628711359736444,6.824711782079308e-06,6.824711782079308e-06,0.2931509025881579
61,156,0,0.00016282495619934166,5.996213274652138e-06,5.996213274652138e-06,0.3433130136149592
61,283,1,0.00016519055837061944,6.4706206758700986e-06,6.4706206758700986e-06,0.31417788197281876
61,367,0,0.00013559184660546763,-5.587617498042652e-06,5.587617498042652e-06,0.7304780248789675
61,428,0,0.00017860432668773013,-1.3703928234545989e-05,1.3703928234545989e-05,0.6708670144258262
62,177,0,0.00014892794117081054,4.78531807441371e-06,4.78531807441371e-06,0.31473617263653486
62,202,0,0.00024308687862164847,-7.89248084421734e-06,7.89248084421734e-06,0.34935354600633217
62,420,0,0.0002119178035398388,1.909613318090203e-05,1.909613318090203e-05,0.6197373392097839
62,422,0,0.00020835828308069808,-1.5988970411070466e-05,1.5988970411070466e-05,0.5708338219863885
63,154,0,0.00025087166789268815,1.408609762564406e-05,1.408609762564406e-05,0.6932298428515381
63,326,0,0.00021255098350299046,1.7843598228071035e-05,1.7843598228071035e-05,0.7804279593536824
63,413,0,0.00029835550560092033,2.6221729515155114e-05,2.6221729515155114e-05,0.5627371191980877
64,93,1,0.00039358965997003724,7.833862650016329e-06,7.833862650016329e-06,0.011519690086694689
64,106,1,0.00013399264136800597,1.5515908676822666e-05,1.5515908676822666e-05,0.8234429273209837
64,260,1,0.00027135497364327816,2.1963317952073178e-05,2.1963317952073178e-05,0.7937388482645743
64,311,1,0.00043558344126631214,-1.3551653551316392e-05,1.3551653551316392e-05,0.5522869572144542
64,338,1,0.00034427844692980913,-2.6987083472951e-06,2.6987083472951e-06,0.24841280302033183
64,405,1,0.0002833399082360882,-2.9062727380353795e-05,2.9062727380353795e-05,0.9344255128149405
65,211,1,0.00022769956733088717,-6.2902239600698514e-06,6.2902239600698514e-06,0.04374915316683484
65,407,1,0.0003127193045729925,-1.0547530263271513e-05,1.0547530263271513e-05,0.5787729839187286
65,477,2,0.0017072132719117374,5.390766885337749e-05,5.390766885337749e-05,0.6763829498033466
65,497,1,0.0004679981613739372,-5.36458793013478e-05,5.36458793013478e-05,0.8933436582521863
66,78,0,9.808104865652553e-05,-6.336487388003175e-06,6.336487388003175e-06,0.44367914760795923
66,200,0,8.051670754479874e-05,-4.108358434923649e-06,4.108358434923649e-06,0.23121690621401042
66,305,0,9.252945501498533e-05,-2.7272395540621286e-06,2.7272395540621286e-06,0.21780639064623705
66,473,0,0.0001087433883838454,1.3172085376968794e-05,1.3172085376968794e-05,0.8721255257996904
67,180,1,0.0004600158247404743,-5.796097309672267e-05,5.796097309672267e-05,0.9946612510993919
67,251,2,0.0025428291466757166,7.848595955814039e-05,7.848595955814039e-05,0.8978960906356896
67,340,1,0.0003472391425161118,-2.0524986461382417e-05,2.0524986461382417e-05,0.23881999027963957
68,211,0,2.414716753794879e-05,2.477042969723509e-06,2.477042969723509e-06,0.6948030300911721
68,492,0,2.4223323616498387e-05,-1.8922593784171755e-06,1.8922593784171755e-06,0.9409789468359064
69,107,0,0.000100631516258557,5.431953282364542e-07,5.431953282364542e-07,0.34668097999444175
69,271,0,0.00017753848062681426,-1.610712655792986e-05,1.610712655792986e-05,0.8432205054292737
69,347,0,0.00015441510936973322,1.0792620115985353e-05,1.0792620115985353e-05,0.5704205439962899
69,422,0,0.0001866530460199588,4.771311113691645e-06,4.771311113691645e-06,0.3928490499357026
70,189,0,0.00015606823321307703,7.748501276391135e-06,7.748501276391135e-06,0.731085888475581
70,227,1,0.0004548895007353976,2.072251666492462e-06,2.072251666492462e-06,0.034982478394976126
70,384,0,0.00021868291561034803,-1.222964021261651e-05,1.222964021261651e-05,0.07176448733217793
70,445,0,0.00019463638757282164,6.048094047895643e-06,6.048094047895643e-06,0.28408453749059653
70,489,0,3.553947763839113e-05,-3.639206778155491e-06,3.639206778155491e-06,0.9042983232427917
71,121,0,7.54763868796878e-05,-3.3523178673599303e-06,3.3523178673599303e-06,0.35729673305124937
71,301,1,0.00012177101767435601,7.678185743247013e-06,7.678185743247013e-06,0.34361505843128853
71,322,0,7.218756411165434e-05,-2.8854068765761034e-06,2.8854068765761034e-06,0.2359537060361774
71,393,0,6.66584359201543e-05,-1.4404609993007758e-06,1.4404609993007758e-06,0.46040191974818845
72,146,0,0.0001423940346158021,-7.388091786901421e-06,7.388091786901421e-06,0.3608409587180409
72,201,0,0.0001792255109880567,-1.2185569195094255e-06,1.2185569195094255e-06,0.035998943218049285
72,297,0,0.00019125555117219053,8.606648706430375e-06,8.606648706430375e-06,0.552188236224095
73,250,0,0.00013543010206382473,1.3801133150942704e-05,1.3801133150942704e-05,0.7597336351178309
73,288,0,0.00013596323722045645,1.6661446082600466e-06,1.6661446082600466e-06,0.23973176631855544
73,478,0,0.0001523181443379749,-1.3391590054707817e-05,1.3391590054707817e-05,0.644207550999112
73,480,0,9.925173039269733e-05,-2.07568770451804e-06,2.07568770451804e-06,0.3205330436031178
74,200,0,0.00010187155258010083,-8.120242814941768e-06,8.120242814941768e-06,0.19453870561204473
74,281,0,0.00011954132460302514,-5.572787645494388e-06,5.572787645494388e-06,0.24992363536780873
74,401,0,0.00022512615522047905,-1.1575125898773828e-05,1.1575125898773828e-05,0.1144153597335098
74,468,1,0.00040203217640468196,2.526815635912253e-05,2.526815635912253e-05,0.6602328405318683
75,238,0,0.00014096028236353005,4.063674735161495e-06,4.063674735161495e-06,0.7249196309898179
75,248,1,0.00027721234373380535,5.7243972309160484e-06,5.7243972309160484e-06,0.07229800722964651
76,102,0,0.00017075902129551687,-2.5044349165474104e-06,2.5044349165474104e-06,0.06735284239461846
76,187,0,0.0001631827253728512,-5.657854685415412e-06,5.657854685415412e-06,0.09406075125146034
76,492,0,0.00014766559170466877,3.4217773562847357e-07,3.4217773562847357e-07,0.25637855814794264
76,497,0,8.144906357148912e-05,7.82011186633155e-06,7.82011186633155e-06,0.9372275218431182
77,194,0,0.00012539673623550106,-2.141681926671089e-06,2.141681926671089e-06,0.08843700877423809
77,268,0,0.00013416551405768585,8.497826880229286e-06,8.497826880229286e-06,0.7319675982600681
77,437,0,7.894805479600957e-05,-6.3561449535636605e-06,6.3561449535636605e-06,0.5923380499702185
78,109,0,0.0001004862559340706,6.497387274149849e-06,6.497387274149849e-06,0.3886363341024105
80,142,0,0.00012959401388300235,-8.389335075244192e-06,8.389335075244192e-06,0.5612297986611925
80,215,0,8.403328508088761e-05,-5.777120215209657e-06,5.777120215209657e-06,0.5853415440488648
80,253,0,0.00010170714267605387,7.96333724278388e-06,7.96333724278388e-06,0.7211463805612565
80,261,0,0.00014637105427052114,-8.693176996515065e-06,8.693176996515065e-06,0.6248023783996841
80,488,0,0.0001534716301862841,8.709679066388555e-06,8.709679066388555e-06,0.5090953994696664
81,232,0,0.00020831064004387135,9.766309410846928e-08,9.766309410846928e-08,0.1977863319975128
81,236,0,0.0002067114867823827,1.8427364151560699e-06,1.8427364151560699e-06,0.15566890122213206
82,350,0,0.00020754397509982277,3.893227972972879e-06,3.893227972972879e-06,0.2549874679371207
82,443,0,0.00014937582212791925,-5.486320120510329e-06,5.486320120510329e-06,0.4415594137115813
83,136,0,0.00017125729087566824,6.005359535866652e-06,6.005359535866652e-06,0.529405476911159
83,227,1,0.000318807015250075,1.3597588693467338e-05,1.3597588693467338e-05,0.5200980193386153
83,272,0,0.00013002496520161147,-9.2073941822989e-06,9.2073941822989e-06,0.4749053101674558
83,404,0,0.00010569762194430196,1.7477371347115283e-06,1.7477371347115283e-06,0.19633467843306263
83,489,0,0.00018884478149055857,-1.214329118179646e-05,1.214329118179646e-05,0.5142676603371524
85,148,0,6.060307480808063e-05,-1.9546337685551424e-06,1.9546337685551424e-06,0.2751071935723857
85,182,0,0.00019702750714299303,1.2518305708463446e-05,1.2518305708463446e-05,0.7295499181654459
85,244,0,0.0001571623140252954,-9.254577592114331e-06,9.254577592114331e-06,0.4744864148004536
85,258,0,0.0001680026320620823,1.6348912894641543e-05,1.6348912894641543e-05,0.8102701859433284
85,352,0,9.073012958860579e-05,1.074289428575103e-06,1.074289428575103e-06,0.0029639608332898315
86,135,1,0.00020559238391116384,-9.540971422143465e-06,9.540971422143465e-06,0.5415641140056108
86,369,0,0.00010342000610255951,5.541140472615023e-06,5.541140472615023e-06,0.5386589201274887
87,261,0,0.00011820147502695721,4.1920429509419015e-06,4.1920429509419015e-06,0.07657856562946629
87,476,0,0.0001229200914061184,1.1687090822032422e-05,1.1687090822032422e-05,0.5748374475079234
88,176,0,0.00021872511047939065,-3.6675454397317617e-06,3.6675454397317617e-06,0.09668135388589592
88,353,0,0.00018920191358511826,-6.612589781445644e-06,6.612589781445644e-06,0.176960582240368
89,222,0,0.00010436200609426324,-1.1557198312123345e-05,1.1557198312123345e-05,0.7545576135442988
89,412,0,0.00015295167526764442,-9.252419910911166e-06,9.252419910911166e-06,0.4498761322085223
90,355,0,0.00013675181448175977,-7.53106809984095e-06,7.53106809984095e-06,0.5760751439693662
90,368,0,0.0001585601363771199,-9.515013545731908e-06,9.515013545731908e-06,0.5760886457577992
90,460,1,0.00031741428233958196,1.7046081645565792e-05,1.7046081645565792e-05,0.4742267591436455
91,217,0,0.00019216887683963334,1.5469745837080515e-05,1.5469745837080515e-05,0.9801526791737664
91,290,0,0.00011966257265834533,9.254662480796278e-07,9.254662480796278e-07,0.27274442720811753
91,292,0,0.00016980786729673715,5.693293567543597e-07,5.693293567543597e-07,0.26126168331264044
91,303,1,0.0002912431743806436,-1.2005865633323942e-05,1.2005865633323942e-05,0.606923946472792
91,405,0,0.00010232441235628787,3.3944533798499673e-06,3.3944533798499673e-06,0.4102568736422416
91,431,0,0.00017043473830277071,-8.353129188433576e-06,8.353129188433576e-06,0.48117395031304255
92,193,0,7.694559396330882e-05,-2.632984646702554e-06,2.632984646702554e-06,0.7287644157768015
92,227,1,0.0001706492304920636,3.3098207003813048e-06,3.3098207003813048e-06,0.3012989168162231
92,324,0,0.00010154608824997319,-6.768360536731684e-07,6.768360536731684e-07,0.26599424741708827
93,160,0,0.0002289362346688995,5.58960960240468e-07,5.58960960240468e-07,0.19377580383014653
93,224,0,0.00015933154303120667,8.381037137770439e-06,8.381037137770439e-06,0.1916529204828447
93,260,0,0.00020302377294886402,1.2391719354217214e-05,1.2391719354217214e-05,0.8053763212088415
94,112,0,3.0185466843647443e-05,3.016741506707844e-06,3.016741506707844e-06,0.7146396322628836
94,132,0,0.00015071009089357503,9.724622315801808e-06,9.724622315801808e-06,0.6099581181917004
94,430,0,0.00020598321966311858,-9.535638911450468e-06,9.535638911450468e-06,0.617967796553532
94,471,0,0.0001859907299422692,-3.2057249110541753e-06,3.2057249110541753e-06,0.1453118204263934
95,178,0,0.00016804850095826406,-5.241498512222874e-06,5.241498512222874e-06,0.1933963811353453
95,294,0,0.00014775464614509755,-5.895775045389522e-07,5.895775045389522e-07,0.195049028953618
95,455,0,0.00026130342182374374,-3.699824230876083e-05,3.699824230876083e-05,0.7526678887975944
96,124,0,0.00017746114550635484,7.760797685174469e-06,7.760797685174469e-06,0.2845183377008367
96,293,0,0.00016299852501181806,-1.1153781237952537e-05,1.1153781237952537e-05,0.14887380885658236
96,320,0,0.00011124929911143918,3.392983552774315e-06,3.392983552774315e-06,0.3271703529719617
97,186,0,0.000145925863849524,9.197195916938705e-06,9.197195916938705e-06,0.5349014631984451
97,255,0,0.00011386906074676582,1.4523983464959582e-07,1.4523983464959582e-07,0.2552121633444269
97,400,0,6.942412387636535e-05,2.6253044490990156e-06,2.6253044490990156e-06,0.04796538176518363
97,442,0,0.00014899685129331357,-1.1967740200688973e-05,1.1967740200688973e-05,0.9836427244467987
98,145,0,0.00022608083949674613,6.463698807703731e-06,6.463698807703731e-06,0.19129750835253592
98,287,0,0.00016534911135702532,7.710145328396057e-07,7.710145328396057e-07,0.17710233372020673
98,465,0,0.00021209612113791775,2.662520021857843e-05,2.662520021857843e-05,0.9956957130860231
98,495,0,8.747578320673017e-05,3.900937098225967e-06,3.900937098225967e-06,0.24149461450079449
99,345,0,0.00020848332878782656,2.078964583943607e-05,2.078964583943607e-05,0.6383429257457264
99,351,0,0.00012225546910537904,8.371318945923171e-07,8.371318945923171e-07,0.26300122865595676
99,374,1,0.00036379143287151915,-2.4471147362345596e-05,2.4471147362345596e-05,0.9513354594865346
99,384,0,0.0002028314350136743,2.844369628365959e-06,2.844369628365959e-06,0.20111785766006574
100,115,1,0.00027461466727010317,2.9265799293605646e-05,2.9265799293605646e-05,0.5493375880339346
100,130,2,0.001416945800710356,-2.9869785908390536e-05,2.9869785908390536e-05,0.4959625348094102
100,143,1,0.00029598224799023276,4.403226101966101e-06,4.403226101966101e-06,0.07866529055589287
100,306,1,0.0003397928385441723,-1.5558486458759053e-05,1.5558486458759053e-05,0.9576836364681178
100,380,2,0.00187763569242112,-3.1573806079624664e-05,3.1573806079624664e-05,0.5508059535596571
101,111,0,0.00011689504591922187,4.750659698746074e-06,4.750659698746074e-06,0.04662612037260874
101,154,0,0.00018066533502858836,7.701908597216341e-06,7.701908597216341e-06,0.3654833635666282
101,241,0,0.0001732851342130748,-5.502010627057629e-07,5.502010627057629e-07,0.025186802706150337
101,358,0,0.00012094987809958744,1.3771413539880482e-05,1.3771413539880482e-05,0.9922647145030563
101,463,0,0.00020092828007700403,1.6624487177941433e-05,1.6624487177941433e-05,0.4943706084298438
102,145,0,0.00023517611346629802,-1.8608051210105541e-06,1.8608051210105541e-06,0.013102151215951957
102,256,0,0.00025550495567849314,-1.0083804019034785e-06,1.0083804019034785e-06,0.020799338702056656
102,355,0,0.00016709152950325997,-3.345233834613248e-06,3.345233834613248e-06,0.016866917232055564
102,460,1,0.00027051264609100187,2.4008982654556596e-05,2.4008982654556596e-05,0.8747829612133441
102,497,0,8.307632516346339e-05,9.194786812255884e-06,9.194786812255884e-06,0.781160162464139
103,132,0,0.00016334628083025342,5.783137971797303e-06,5.783137971797303e-06,0.6331435406762564
103,387,0,0.00017980864650914667,-1.590551554904037e-05,1.590551554904037e-05,0.715420362597947
103,395,1,0.0003019170342539887,1.8466638774052962e-05,1.8466638774052962e-05,0.8337909974984237
103,430,0,0.0002719223938859739,-2.0506884815191666e-05,2.0506884815191666e-05,0.4641682558368104
103,458,0,0.00026522061531204387,1.2162623618594298e-05,1.2162623618594298e-05,0.5807709492648229
104,161,0,0.00014041123683212537,7.262046121172476e-07,7.262046121172476e-07,0.011711903879250335
104,187,0,0.00022684181517270568,3.675259159386769e-06,3.675259159386769e-06,0.002087939541603091
104,407,0,2.2629639526516166e-05,5.154715662540712e-06,5.154715662540712e-06,0.9985379703919948
104,418,0,0.0002375124458028842,2.496895286523096e-06,2.496895286523096e-06,0.09844734656790301
104,492,0,0.00023020490510308386,1.2244830043045598e-05,1.2244830043045598e-05,0.16059981052826441
105,214,0,0.0001986353045996961,-1.0470062508994788e-05,1.0470062508994788e-05,0.4837831399419407
105,286,0,0.00023920513499575412,-9.317051261172083e-06,9.317051261172083e-06,0.7715684496611033
105,366,0,0.000304916748121922,9.603017425237341e-07,9.603017425237341e-07,0.026074231413422855
105,374,1,0.00045484937202635645,3.6976774171094953e-05,3.6976774171094953e-05,0.7274355385904476
105,462,1,0.0004058282373242929,-3.3220340854405794e-05,3.3220340854405794e-05,0.6556983288780472
105,494,0,0.00017202678446712763,9.405899620976155e-06,9.405899620976155e-06,0.5815820389911801
106,212,0,0.00020531805061430944,8.190740011410251e-06,8.190740011410251e-06,0.4384323351405743
106,260,0,0.00014981676676516575,-5.22220623998987e-06,5.22220623998987e-06,0.04235056103611902
106,359,0,0.00022618439707857902,-1.1192144628098022e-06,1.1192144628098022e-06,0.09290285247027456
106,426,0,0.000193431297296955,2.083567260905238e-05,2.083567260905238e-05,0.9346887122263627
106,486,1,0.0003897295740829969,2.5112279059885984e-05,2.5112279059885984e-05,0.40774303652215194
107,202,0,0.00016181634526541943,1.0426591955952814e-05,1.0426591955952814e-05,0.9655833456917603
107,218,0,0.0002168206587458161,-1.96369663456058e-05,1.96369663456058e-05,0.5342770019573712
107,486,1,0.0003643640122262899,9.75356971784724e-06,9.75356971784724e-06,0.27133988269034
108,119,0,0.00010845584073609811,-7.861592028525883e-08,7.861592028525883e-08,0.027001611023460197
108,478,0,0.00010544738257280636,1.5006396324625472e-05,1.5006396324625472e-05,0.8080734051735474
109,205,0,0.0002385221752395958,1.0902106025996752e-05,1.0902106025996752e-05,0.11502934473423845
109,333,0,0.00010517910287041915,-4.127508834826665e-06,4.127508834826665e-06,0.2575233894974372
109,352,0,0.00023427304513429285,9.571012187501697e-06,9.571012187501697e-06,0.1877970256007338
110,243,0,0.00013764801670631378,1.0301280719928245e-05,1.0301280719928245e-05,0.4158506117700407
110,281,0,0.00016859393847484125,1.1689590962938938e-06,1.1689590962938938e-06,0.002974548311616422
110,468,1,0.00047145702660620037,5.487889066189843e-05,5.487889066189843e-05,0.792125106817543
111,223,0,0.0001602062241025934,-5.143120369587264e-06,5.143120369587264e-06,0.05803195001619998
111,231,0,0.00030221354954563167,1.9808129318483233e-05,1.9808129318483233e-05,0.6982976388710166
111,463,0,0.0002240675642777002,9.432802716884949e-06,9.432802716884949e-06,0.45583298479795
112,122,0,0.00022202040549121712,1.030488689483177e-05,1.030488689483177e-05,0.7355579000341572
112,416,0,0.00013852359334437547,7.36559437588465e-06,7.36559437588465e-06,0.6205934139948169
112,470,1,0.00040598657144733406,-2.843496800678303e-05,2.843496800678303e-05,0.38611222957349006
112,474,0,0.00017418466104710307,1.3781228242783662e-05,1.3781228242783662e-05,0.6984644046168584
113,205,0,0.0001405203513688067,-1.0496053603669227e-05,1.0496053603669227e-05,0.9560787005243918
113,258,0,0.00017857545117723638,1.0582302501351739e-06,1.0582302501351739e-06,0.19466263406687942
113,423,0,0.00019735212181694748,-1.6741325069829779e-06,1.6741325069829779e-06,0.29052332039537154
113,437,0,0.00017259867648198056,1.7537651104346598e-05,1.7537651104346598e-05,0.7583441528595035
113,493,0,0.00014966728839334705,-7.618435079985112e-06,7.618435079985112e-06,0.4686607340100896
114,118,0,0.00021008571466000646,-1.4507013964721828e-05,1.4507013964721828e-05,0.6189949664858865
114,302,0,0.00015473867242526116,-6.942240405798084e-07,6.942240405798084e-07,0.2702252896694919
114,316,0,0.00022791340152227232,1.2650854873932803e-05,1.2650854873932803e-05,0.47986115678066915
114,457,0,0.0001774736733118345,7.159063769433954e-06,7.159063769433954e-06,0.2788393956342438
114,500,0,0.00018233393503083752,-1.5590418478763345e-05,1.5590418478763345e-05,0.544029291978557
115,143,0,0.00010412250067108601,-9.547383567271136e-06,9.547383567271136e-06,0.5382858231387186
115,289,0,0.00020202366608293508,-9.014903500025728e-06,9.014903500025728e-06,0.3011406213156712
115,353,0,0.00019927199532263797,2.045843477667006e-06,2.045843477667006e-06,0.016817824511800916
116,161,0,0.00021388611789590294,-1.8702120207134e-06,1.8702120207134e-06,0.03676279768412988
116,439,0,0.00023420677260667757,3.1313716270290256e-06,3.1313716270290256e-06,0.10345727115688776
116,449,0,0.0001861175021221493,1.621864888821333e-05,1.621864888821333e-05,0.49959305717295543
116,478,0,0.000319627394212244,3.897587598474556e-05,3.897587598474556e-05,0.926293824499753
117,306,0,0.00022467541893284235,1.6507059834850927e-05,1.6507059834850927e-05,0.5382714269778061
117,308,0,0.00019244004781166396,2.189313039689238e-05,2.189313039689238e-05,0.9172693952876332
117,318,0,0.00010042639316275752,7.361985081841235e-07,7.361985081841235e-07,0.09384648501237067
117,425,0,0.0001679568108857072,-9.642087323151819e-06,9.642087323151819e-06,0.5746939021003868
117,446,0,0.00019429186227822064,-3.3929403116240155e-06,3.3929403116240155e-06,0.03515041244063538
117,466,0,0.00024210313295594646,-2.610136110519282e-05,2.610136110519282e-05,0.7854203688334911
118,165,0,9.879062819214393e-05,9.447953533733964e-06,9.447953533733964e-06,0.6354719445028194
118,226,0,0.0001359110512560293,-4.268934207876172e-06,4.268934207876172e-06,0.5277892243052604
118,343,1,0.0005139832656779947,-4.049344978181784e-05,4.049344978181784e-05,0.48053664703985566
118,363,0,0.00016355526516272182,-7.768287011802824e-06,7.768287011802824e-06,0.31192920760636367
118,457,0,0.0002735376309618631,2.9922711061734652e-05,2.9922711061734652e-05,0.8485387254796769
118,467,0,0.0001010406020167395,-1.3470075586360678e-06,1.3470075586360678e-06,0.15976261700150907
119,243,0,0.0002163743819731938,2.369212190489818e-05,2.369212190489818e-05,0.40377383206050227
119,281,0,6.794653395233953e-05,2.8260118243193613e-06,2.8260118243193613e-06,0.020305243858451963
119,381,0,0.00018701612881370918,3.895289036392183e-06,3.895289036392183e-06,0.04107251245537386
120,322,0,0.00022808802385385985,-7.385273603180353e-06,7.385273603180353e-06,0.07356727468505846
120,407,0,0.0001805036990925351,-3.5807102621669485e-06,3.5807102621669485e-06,0.34985232813464606
120,485,0,0.00025147047606045446,1.0965983865342056e-05,1.0965983865342056e-05,0.40858120151726207
121,158,0,0.00012889551058004435,1.0000602687574486e-05,1.0000602687574486e-05,0.780161646671509
121,365,0,0.00013737926376181,9.600930006724913e-06,9.600930006724913e-06,0.77137827000138
121,421,0,0.0002302633578331201,3.981640152772854e-06,3.981640152772854e-06,0.2001335014033131
121,449,0,0.00024544403435254863,-2.693549071454723e-05,2.693549071454723e-05,0.7763862163847305
122,246,0,0.00029049270711214493,1.6966861171040284e-05,1.6966861171040284e-05,0.2716756225883769
122,382,0,0.000140904125204004,1.1421030465492343e-05,1.1421030465492343e-05,0.1440601665856662
122,395,1,0.0003547249157092738,-1.988890492222887e-05,1.988890492222887e-05,0.6359567420997975
122,416,0,0.000267224618883525,1.8059001805677363e-06,1.8059001805677363e-06,0.011171531627556214
123,192,2,0.002196579807341493,-2.829674830678118e-05,2.829674830678118e-05,0.3385919350808149
123,338,1,0.0005480228032871422,-3.0638521396195635e-05,3.0638521396195635e-05,0.959923598505633
123,377,1,0.00048273746975712844,4.4581031027759056e-05,4.4581031027759056e-05,0.7252771258493719
123,417,1,0.0004281182076081793,4.389028920452316e-05,4.389028920452316e-05,0.7746716880286472
123,496,1,0.00022982284547474663,-6.252518195574401e-06,6.252518195574401e-06,0.28495341032244736
124,269,0,0.00010893102450389523,5.081413760525252e-07,5.081413760525252e-07,0.045995784511725986
124,412,0,0.0001778141971272762,-8.981982270238353e-06,8.981982270238353e-06,0.2768699000130654
125,206,0,0.00019503931223456417,-2.129742243448948e-05,2.129742243448948e-05,0.9911694149169905
125,477,1,0.00035124622177171876,6.259826340735004e-06,6.259826340735004e-06,0.4133683942646437
125,490,1,0.000322460326523151,1.503759609374791e-05,1.503759609374791e-05,0.10561769180267495
126,143,0,0.00023102248390523814,-6.169402046637846e-06,6.169402046637846e-06,0.11609621620870343
126,179,0,0.0002810195767963696,2.241686137812436e-05,2.241686137812436e-05,0.5332628338725712
126,415,0,0.00024640901879829534,1.4905684551902504e-06,1.4905684551902504e-06,0.18227608695044223
126,420,0,0.0002084333093141647,1.2771284322325629e-05,1.2771284322325629e-05,0.3141633667891921
126,429,0,0.0002160050793262232,-1.3605977691886344e-05,1.3605977691886344e-05,0.4677714064450566
127,160,0,0.00015173510627388025,5.313646850435146e-06,5.313646850435146e-06,0.20200077338623246
127,204,0,0.00027679733573239497,-4.351309780999259e-06,4.351309780999259e-06,0.18372111771402694
127,324,0,0.00016952457903702931,-7.885691550637623e-06,7.885691550637623e-06,0.3437334111304754
127,396,0,0.0002032715397001613,1.233234704456354e-05,1.233234704456354e-05,0.3031666390231075
127,452,0,0.0002626940927294686,-1.828693097150052e-05,1.828693097150052e-05,0.7759015115482807
128,187,0,0.00024847546628809793,-2.0116525507294128e-07,2.0116525507294128e-07,0.05269648394047478
128,333,0,0.0001617292894291073,-6.233353574897136e-07,6.233353574897136e-07,0.0111650367549318
128,352,0,0.0002303367922235549,1.7561469216416582e-05,1.7561469216416582e-05,0.4678598204851958
128,418,0,0.00024486637466982646,-1.5913289980310845e-06,1.5913289980310845e-06,0.14305536038096595
128,472,0,0.00027885863765547464,4.393695671312577e-05,4.393695671312577e-05,0.8843886757826168
129,169,0,0.00013009702333917594,-2.6268353871988403e-06,2.6268353871988403e-06,0.003763701534759267
129,310,0,0.00017746458765850772,-5.323942071775604e-06,5.323942071775604e-06,0.08074289075339264
129,382,0,0.00019599026211900703,-2.917970023324712e-06,2.917970023324712e-06,0.005615711746410641
130,143,1,0.0004537455002197139,1.631535291518329e-05,1.631535291518329e-05,0.3795910061087003
130,238,1,0.0004123861695904443,-1.2230336033027753e-05,1.2230336033027753e-05,0.2408924372361135
130,248,2,0.0023853036116893134,-9.025065317881573e-05,9.025065317881573e-05,0.8320403794825292
130,306,1,0.00022846893674627566,-5.644953777086849e-06,5.644953777086849e-06,0.38264188150447315
130,354,1,0.0004838395113414371,5.846736579312258e-05,5.846736579312258e-05,0.9895773702499351
130,380,2,0.0024789167581120443,1.0571776387906924e-05,1.0571776387906924e-05,0.03936925165307951
130,400,1,0.0004377130443898374,-7.0983380160559805e-06,7.0983380160559805e-06,0.25290772081320073
131,181,0,9.010906596994271e-05,5.247749828517014e-06,5.247749828517014e-06,0.6069834897107073
131,182,0,0.00017702369859499568,-7.4576221914539335e-06,7.4576221914539335e-06,0.4756506498536486
131,253,0,2.9483766248587013e-05,-7.740327876294739e-07,7.740327876294739e-07,0.36292548839503175
131,364,1,0.00029883899752937974,-4.237669355095359e-06,4.237669355095359e-06,0.20890346137135862
131,428,0,0.000221402661483519,2.6958819560067674e-05,2.6958819560067674e-05,0.9778951280524246
131,463,0,0.00019006682716182858,-1.583700701400731e-05,1.583700701400731e-05,0.8545958710940231
132,157,0,0.00017508824442435207,-7.126604749251771e-06,7.126604749251771e-06,0.7449882812874208
132,395,1,0.0002502687843880221,6.447037268130163e-06,6.447037268130163e-06,0.19830731390116563
132,416,0,0.0001827280897245226,1.6187327768731694e-05,1.6187327768731694e-05,0.7255586417873603
133,139,0,0.00021353650988627625,2.300059528052129e-06,2.300059528052129e-06,0.04720232407035956
133,289,0,0.00020333277273391535,1.6042553318614644e-05,1.6042553318614644e-05,0.6939925794309447
133,306,0,7.555413195905129e-05,-2.17879537072101e-06,2.17879537072101e-06,0.3126346520438699
133,308,0,8.013082070495657e-05,9.181181065515084e-07,9.181181065515084e-07,0.06174647090522237
133,318,0,0.00017985242316134793,-1.708193558238625e-05,1.708193558238625e-05,0.9454317817387584
134,140,0,0.0001847619562240215,-1.750207136720774e-06,1.750207136720774e-06,0.09297384637780885
134,236,0,0.0002968951969472408,-3.3183380994560035e-05,3.3183380994560035e-05,0.8295742835944155
134,269,0,0.0002620331070418826,3.409843809405902e-05,3.409843809405902e-05,0.8587638871220318
134,285,0,7.332826021359455e-05,8.488548104586825e-06,8.488548104586825e-06,0.7569199842985594
134,360,1,0.0004508520848304498,-7.6533980675073e-06,7.6533980675073e-06,0.09674894248597463
135,181,1,0.0004336129685293294,9.699491709884687e-06,9.699491709884687e-06,0.06072903120855881
135,210,1,0.00021052521605652004,1.53020534220594e-05,1.53020534220594e-05,0.5724498709954375
135,364,2,0.0024778876603630713,-0.0001240162749586747,0.0001240162749586747,0.9190169736660678
135,369,1,0.0004657092652970181,4.656450987911164e-05,4.656450987911164e-05,0.995722084317286
135,388,1,0.00035695657709365646,3.4220965373251085e-06,3.4220965373251085e-06,0.12888784596536762
135,428,1,0.00033301264847988116,2.860412366029163e-05,2.860412366029163e-05,0.3632234473648347
136,151,0,0.00018276815548725465,6.828770040538549e-06,6.828770040538549e-06,0.33228470427329526
136,189,0,0.00024360680593415372,1.283267823269385e-05,1.283267823269385e-05,0.6189140033729538
136,271,0,0.00018886791823274243,1.851953683210249e-05,1.851953683210249e-05,0.8731719973731688
136,272,0,0.00011308753840275436,-1.1973574019140736e-05,1.1973574019140736e-05,0.8623180050368615
136,316,0,0.00022490035907624304,-1.545472519205822e-05,1.545472519205822e-05,0.47793398282289307
136,372,0,7.334570073136978e-05,-8.048794916942776e-06,8.048794916942776e-06,0.7902713372179399
137,176,0,1.0000000000000001e-07,0.0,0.0,0.7943490849004519
138,254,0,0.00016835684185104554,4.981336566245079e-06,4.981336566245079e-06,0.5386680204846739
138,373,0,0.00012623440232846985,-4.540166360367194e-06,4.540166360367194e-06,0.07006651868672911
138,380,1,0.00026892938533564816,-4.411702059129783e-07,4.411702059129783e-07,0.3015471619098644
139,157,0,0.00015705396845583236,-1.0355138063018253e-05,1.0355138063018253e-05,0.7998797942164534
139,319,0,0.00013116998429402247,-9.040708080341086e-07,9.040708080341086e-07,0.08023040950809297
139,337,0,0.00015845250738962866,1.9711914793453338e-05,1.9711914793453338e-05,0.947540075432187
139,471,0,0.00021589796469443154,-2.3099353579533897e-05,2.3099353579533897e-05,0.66063476993403
140,141,0,0.00015693333752171007,-4.178621758692629e-06,4.178621758692629e-06,0.06351423313367908
140,334,0,0.0001420159731685083,1.9081943911915507e-05,1.9081943911915507e-05,0.8674450982427593
140,360,1,0.0004128612618733823,-3.0975494212720043e-06,3.0975494212720043e-06,0.0010543656914484428
140,455,0,0.00024750529532685436,-9.843366151749606e-07,9.843366151749606e-07,0.3054117896354614
141,397,0,0.00014458716972828105,1.3646466292766273e-06,1.3646466292766273e-06,0.07823554933751788
141,448,0,0.0001673167807850112,-1.778565506126826e-05,1.778565506126826e-05,0.953487568554511
141,479,0,0.00020516977956495095,2.4302410869388177e-05,2.4302410869388177e-05,0.7243025130411306
142,231,0,0.00012066320829761354,1.3201422618980321e-05,1.3201422618980321e-05,0.6836126332190908
142,371,0,0.00013751880999245705,1.4219236344147273e-05,1.4219236344147273e-05,0.5765325510039623
143,354,0,0.00016391756102938261,1.3913872453734995e-05,1.3913872453734995e-05,0.5791100897839536
143,429,0,0.0002456174598915301,-8.912079050510687e-06,8.912079050510687e-06,0.3705035961922044
144,201,0,0.00019275817616666997,3.9047407811400845e-06,3.9047407811400845e-06,0.13106999947735648
144,236,0,0.0001737915188415975,3.6251405656768046e-06,3.6251405656768046e-06,0.22752195763200192
144,328,0,0.00020188860311914854,1.7165894753438668e-06,1.7165894753438668e-06,0.016575605227211222
144,396,0,0.00015484239250911866,-9.246470822180873e-06,9.246470822180873e-06,0.7617436936427763
145,287,0,0.00020352358111695701,-4.869761888535991e-06,4.869761888535991e-06,0.006950398344246004
145,460,1,0.0004607577232664155,4.453962098910264e-05,4.453962098910264e-05,0.8942314001305455
145,465,0,7.588410710999486e-05,7.356466334406595e-06,7.356466334406595e-06,0.7072050052583998
146,160,0,0.00016414184525225127,-9.936628116560093e-06,9.936628116560093e-06,0.6429425076788174
146,201,0,0.00026725695215117605,1.20495003591652e-05,1.20495003591652e-05,0.3632991028922204
146,260,0,0.0001476694990980508,-2.868612372465584e-07,2.868612372465584e-07,0.11996601257635463
146,417,0,0.00022890302979240295,1.5498042968459895e-05,1.5498042968459895e-05,0.6562643714164845
147,185,0,0.00019988893523910535,8.685294083186003e-06,8.685294083186003e-06,0.557416919922061
147,312,0,0.00021872161601473218,4.744501554592963e-06,4.744501554592963e-06,0.2267263970547925
147,336,0,0.00024252406201808295,-6.12728417499357e-06,6.12728417499357e-06,0.355207570711119
147,421,0,0.00021830375862380582,-2.0266813829273014e-05,2.0266813829273014e-05,0.5535994363045659
147,433,0,0.00018659398625828246,1.2964302366481765e-05,1.2964302366481765e-05,0.4824606088912815
148,182,0,0.0001337713668460249,1.281380855793576e-05,1.281380855793576e-05,0.8602489647547161
148,215,0,0.00024743283178086176,-8.754393609544983e-06,8.754393609544983e-06,0.1988347618671362
148,241,0,0.0002709423545049906,-8.485969701766556e-06,8.485969701766556e-06,0.20577542440966143
148,244,0,0.00025949403242110755,-6.910956485556284e-06,6.910956485556284e-06,0.1736560006620103
148,463,0,0.00028543471903914083,1.5582831814225095e-05,1.5582831814225095e-05,0.3536883931290467
149,173,0,9.580045918348347e-05,-3.0062552313558595e-06,3.0062552313558595e-06,0.059142796498224036
149,232,0,0.0002515217365819781,-1.0466243137668462e-05,1.0466243137668462e-05,0.20528711662647137
149,234,0,0.00022095448133203685,-2.5021244829346653e-05,2.5021244829346653e-05,0.7890206864776409
149,412,0,0.00017513254679098458,2.6892333790643772e-05,2.6892333790643772e-05,0.9563550954731819
149,458,0,0.0002922568217692231,1.6053950942872414e-05,1.6053950942872414e-05,0.3888363355946685
149,464,0,0.00029166780114778566,-4.452541535172478e-06,4.452541535172478e-06,0.013353211758662005
150,167,0,7.866401034544864e-05,4.841255008694006e-06,4.841255008694006e-06,0.3523805401287265
150,284,0,0.00024008412129396855,1.1265888751080327e-05,1.1265888751080327e-05,0.3875378298286805
150,319,0,0.0002068407371778417,-1.642703790067658e-05,1.642703790067658e-05,0.6448904045779293
150,337,0,0.00022695406071015074,1.1773526616620856e-05,1.1773526616620856e-05,0.40622383654872624
150,389,0,0.00010260901766952465,-2.1574386146331563e-06,2.1574386146331563e-06,0.3269927796152046
150,402,0,8.250374407889338e-05,-9.296193861138704e-06,9.296193861138704e-06,0.9240094659929646
151,224,0,0.00021230470675405333,1.6104757413127775e-05,1.6104757413127775e-05,0.24781482929798554
151,316,0,0.00019494227260259282,-2.067969424092195e-05,2.067969424092195e-05,0.8055582178336526
151,351,0,0.00020529890060778163,-2.0002959235602305e-05,2.0002959235602305e-05,0.8441593220174143
151,441,0,0.00022955642367901828,3.1406666103875315e-05,3.1406666103875315e-05,0.9385438990887562
152,214,0,0.00015919842155603285,-7.405077244111722e-06,7.405077244111722e-06,0.3179327308221588
152,286,0,9.391584572760727e-05,-3.076197998858975e-06,3.076197998858975e-06,0.5776953807550835
152,365,0,0.00011604069873482096,5.266602540542765e-06,5.266602540542765e-06,0.38982415523978775
152,378,0,9.227232362726549e-05,-4.370868773012819e-06,4.370868773012819e-06,0.6833229356389838
153,440,0,0.00021361577094010164,-8.523230772469721e-06,8.523230772469721e-06,0.3151167843828177
153,444,0,0.00013872911448155838,9.093180362787931e-06,9.093180362787931e-06,0.8199624224978646
153,487,0,0.00019812019777228459,-5.699495903094259e-07,5.699495903094259e-07,0.21377962263860936
154,159,0,0.0002809298184509533,2.5526874569554485e-05,2.5526874569554485e-05,0.7044676911983232
154,326,0,0.00014086647550374772,3.916244928187036e-06,3.916244928187036e-06,0.08780739407558318
154,358,0,3.2671458066350746e-05,2.327177991061421e-06,2.327177991061421e-06,0.6248619927953873
154,413,0,0.00021904981777898867,6.9524035172208694e-06,6.9524035172208694e-06,0.0428631330682181
155,221,0,7.940294873138819e-05,9.997823854278356e-07,9.997823854278356e-07,0.23134861327657275
155,283,1,0.00045237994153964767,-8.464440625493432e-07,8.464440625493432e-07,0.026468560100386843
155,298,0,0.00022277445806724214,1.3273013860164918e-05,1.3273013860164918e-05,0.6693540080572387
155,327,0,0.0001591076286663734,3.0341212794319144e-07,3.0341212794319144e-07,0.03139989582015692
155,403,1,0.0005371991356814064,-4.1125788309749235e-05,4.1125788309749235e-05,0.5830663059113955
155,419,0,0.0002755376078102285,3.4220735780794264e-05,3.4220735780794264e-05,0.8433891868026449
156,221,0,0.0001558533398387556,2.619404362887302e-06,2.619404362887302e-06,0.19181934237822498
156,270,1,0.0001634026724402308,-9.715797920940137e-06,9.715797920940137e-06,0.7328844203167728
156,295,0,0.00017475082014127945,1.5357438665992496e-05,1.5357438665992496e-05,0.8242560055502749
156,361,0,0.0001956716895019088,9.442249189141395e-06,9.442249189141395e-06,0.15974107192626683
156,367,0,0.0001500230253814897,-1.1707081022383994e-05,1.1707081022383994e-05,0.9343083931841382
157,315,1,0.0003493806667007671,-1.4242776767704722e-05,1.4242776767704722e-05,0.22646216579291564
157,402,0,0.00022085073445087707,5.694419518673329e-06,5.694419518673329e-06,0.26338854189996463
157,471,0,0.0002175777260459298,-8.93338556312006e-06,8.93338556312006e-06,0.059728715786233504
158,322,0,0.00018105057802630963,-1.3242476215187026e-05,1.3242476215187026e-05,0.6843991325644861
158,365,0,0.00023054457514849944,-1.7753282084436566e-06,1.7753282084436566e-06,0.010962674956468431
158,436,0,0.0001279886765131249,9.986357474182248e-06,9.986357474182248e-06,0.6714121091610739
158,469,0,0.00021783569407522974,1.5032049637094288e-05,1.5032049637094288e-05,0.4995089825509213
159,243,0,0.00020735294508074367,-1.0822772328688358e-05,1.0822772328688358e-05,0.6500646898476509
159,249,0,0.00021367516521564458,1.657771881402206e-05,1.657771881402206e-05,0.7258344801924609
159,343,1,0.00045860828881671463,1.3942183199440355e-05,1.3942183199440355e-05,0.702601077325342
159,375,0,0.0002216988334329065,5.039861887662845e-06,5.039861887662845e-06,0.25929967571414037
160,260,0,7.331525125446612e-05,4.295851961769274e-06,4.295851961769274e-06,0.5110167796125168
160,282,0,0.00021791484051129412,1.1707905387850512e-05,1.1707905387850512e-05,0.482481541983967
160,396,0,0.0001657732572673586,4.2520994585689e-06,4.2520994585689e-06,0.09592612402224017
160,452,0,0.0002324319230455686,-2.4319877114069156e-05,2.4319877114069156e-05,0.9495271474812802
161,449,0,0.00021353382448904807,2.047489326699735e-05,2.047489326699735e-05,0.47177441636934137
161,492,0,0.0002528467853134583,1.2141454962056658e-05,1.2141454962056658e-05,0.17283618527089475
162,204,0,0.0002481412913535945,-1.4838676014057808e-05,1.4838676014057808e-05,0.5678871398045771
162,209,0,0.00017748719063904192,1.4138340248159603e-06,1.4138340248159603e-06,0.053133805346844316
162,236,0,0.00023822398958903292,2.3146969185603132e-05,2.3146969185603132e-05,0.9451318658861362
162,327,0,0.00015188632216660825,-1.527631269375753e-05,1.527631269375753e-05,0.8882361231491651
162,419,0,0.00025581172947848797,5.554185497390188e-06,5.554185497390188e-06,0.006720730649318966
163,309,0,0.00017472591861146164,-1.1309529742755524e-05,1.1309529742755524e-05,0.4336076722066938
163,387,0,0.0001525619391219126,4.540056239651622e-06,4.540056239651622e-06,0.09115668508762224
163,427,0,0.00023427610237090137,-1.739979625481189e-05,1.739979625481189e-05,0.3975071711050788
163,430,0,0.00025244581130562816,1.0805264052321333e-05,1.0805264052321333e-05,0.2716495383255781
163,471,0,0.00018597370540534753,1.3364005705582816e-05,1.3364005705582816e-05,0.6765642849204272
164,382,0,0.00020756305713644279,6.736430824953621e-07,6.736430824953621e-07,0.06447786252741407
164,412,0,0.0001872048948741877,-9.465317098346326e-06,9.465317098346326e-06,0.33554073391452915
164,458,0,0.00030557970615880954,-4.558774765777815e-05,4.558774765777815e-05,0.9691544616538863
165,247,0,0.00015409858807490605,1.8478861621134827e-05,1.8478861621134827e-05,0.975192281463214
165,312,0,0.00022702463130258916,-3.7939303740584013e-06,3.7939303740584013e-06,0.3765894913839299
165,362,0,0.00022328345836325668,1.9881811562152084e-05,1.9881811562152084e-05,0.3295919735533096
165,363,0,0.00019709584743656458,-2.8210828503838288e-05,2.8210828503838288e-05,0.9705580482584995
165,457,0,0.00022478666576419487,3.092039228496444e-06,3.092039228496444e-06,0.24843823289629008
166,190,1,0.0003380273927377716,1.7116745061815063e-05,1.7116745061815063e-05,0.8619943268550384
166,220,0,0.000147744246770239,2.878692955197039e-06,2.878692955197039e-06,0.016970436846483042
166,295,0,0.00018080440813063715,-2.191896932242317e-05,2.191896932242317e-05,0.7800293417068492
166,464,0,0.00015202715458489488,1.9235313054211704e-06,1.9235313054211704e-06,0.3307374938524679
167,273,0,6.306472189300473e-05,-4.161494744995508e-07,4.161494744995508e-07,0.03338276858343886
167,319,0,0.00010097833803929908,-1.4234131715239143e-05,1.4234131715239143e-05,0.9774668628087272
167,337,0,0.0001200542086817003,-1.1605881469381014e-06,1.1605881469381014e-06,0.03561329488291105
168,257,0,0.00024222911065718876,1.1995894528261544e-05,1.1995894528261544e-05,0.3055958168439729
168,263,0,0.00027326440776405863,2.077170263434797e-05,2.077170263434797e-05,0.4515649031433734
168,437,0,0.0003057554383407767,1.2780818922197195e-05,1.2780818922197195e-05,0.3488934292164243
168,493,0,0.00024459419425616757,-2.7079292514789097e-05,2.7079292514789097e-05,0.9218542511720913
169,239,0,0.00015014512627729246,-2.1094086829093688e-05,2.1094086829093688e-05,0.905001965146461
169,310,0,0.00011665305625077035,-1.1442111534284099e-06,1.1442111534284099e-06,0.0755277771220001
170,192,1,0.0002322289684730446,-1.0896994896123185e-06,1.0896994896123185e-06,0.046920456282720915
170,213,0,0.00020288339692357883,6.398678448287432e-06,6.398678448287432e-06,0.08058188518744287
170,229,1,0.0004334070396208176,-1.0972333902730265e-05,1.0972333902730265e-05,0.22571563712567896
170,390,0,0.00020372781400971798,1.784575656033904e-05,1.784575656033904e-05,0.8350174164063154
170,483,0,0.00024018485705595713,-1.2182401616322733e-05,1.2182401616322733e-05,0.5484306287750169
171,177,0,0.00029692818401374875,-1.603261628621099e-05,1.603261628621099e-05,0.496581803317903
171,245,0,0.00015112744975262377,-6.354163942852575e-06,6.354163942852575e-06,0.34743524948919946
171,391,1,0.000536624447672796,-6.445424602249341e-05,6.445424602249341e-05,0.7494876059134699
172,173,1,0.0005702509242295084,7.266574817356613e-05,7.266574817356613e-05,0.9934217008740256
172,189,1,0.0004648676503799205,4.200155514604123e-06,4.200155514604123e-06,0.2483872840477866
172,227,2,0.002789734171937805,-0.00010059082465110143,0.00010059082465110143,0.8924781543296411
172,234,1,0.00040846577813610335,1.8612327583826568e-05,1.8612327583826568e-05,0.21463259242851665
172,414,1,0.0004804121144753367,9.062640297368988e-06,9.062640297368988e-06,0.016979457690142585
172,445,1,0.0004140861747796523,-3.950046918288524e-06,3.950046918288524e-06,0.5364558451136074
173,395,1,0.0005705433585443127,5.7977163308614764e-05,5.7977163308614764e-05,0.7324767809673668
173,458,0,0.00013535101622986524,1.1682329633603041e-05,1.1682329633603041e-05,0.42051864232674463
175,280,1,0.00022626093430144507,2.0581422920939932e-05,2.0581422920939932e-05,0.7774131665624384
175,305,0,0.00010708315258465626,8.917595680688681e-07,8.917595680688681e-07,0.014576141724777381
175,439,0,0.00013435668786555038,1.7121067057296382e-06,1.7121067057296382e-06,0.05218382849283089
176,259,0,0.00032153733463479784,-1.998368747325633e-05,1.998368747325633e-05,0.25679954377505826
176,479,0,0.00039580002644117425,-1.977139150909015e-05,1.977139150909015e-05,0.19512034402231085
176,481,0,0.000322820352591159,-1.6422462566994412e-05,1.6422462566994412e-05,0.12514445214677078
177,202,0,0.00018709505095984336,-1.2086247705828977e-05,1.2086247705828977e-05,0.5687591631684346
177,415,0,0.0003044445885869482,8.389494939888818e-07,8.389494939888818e-07,0.1696937693762017
179,259,0,0.0003058068371909043,-1.4826290174425568e-05,1.4826290174425568e-05,0.27220612373794256
179,277,0,0.00016190034235631775,-4.685113335457367e-06,4.685113335457367e-06,0.0654659758854143
179,420,0,0.0003107943160039879,-5.7487590708790846e-06,5.7487590708790846e-06,0.14449945431919015
179,429,0,0.00015416037692380318,-2.2007766791907233e-05,2.2007766791907233e-05,0.9040775156988847
180,181,0,0.00018826640753709376,-6.791379573007439e-06,6.791379573007439e-06,0.08295010338973458
180,340,0,0.0001740085849050734,1.1639208086086536e-05,1.1639208086086536e-05,0.6158884796510652
180,365,0,0.00022197099305337487,-1.55835156059905e-07,1.55835156059905e-07,0.11249263848770506
180,421,0,0.00018997099922757877,-1.0124824301201842e-05,1.0124824301201842e-05,0.3974938974026778
180,488,0,0.0002710603557725136,-3.852025453133682e-05,3.852025453133682e-05,0.9544575928016342
181,233,0,0.00014123872135753536,6.410394943076943e-06,6.410394943076943e-06,0.38627557047816063
181,253,0,0.00014372415991071026,-1.2143340904940872e-05,1.2143340904940872e-05,0.9850120331952198
181,340,0,5.539607827329344e-05,5.7036877837067376e-06,5.7036877837067376e-06,0.5188221226716122
181,428,0,0.00015955309351071834,1.0135769697904112e-05,1.0135769697904112e-05,0.4127935169439905
181,438,0,0.00023752510230990915,-1.9506495541941615e-06,1.9506495541941615e-06,0.296269777728313
182,258,0,0.00014456718374488437,4.883133312869854e-06,4.883133312869854e-06,0.07863341241896254
182,313,0,0.00012650660188428682,9.345463541409927e-06,9.345463541409927e-06,0.7116999899308176
182,329,0,0.00020816325226732872,1.4524759038807619e-05,1.4524759038807619e-05,0.6481663030928158
182,463,0,0.00018550648177463787,-7.642040366106497e-06,7.642040366106497e-06,0.43224646538123823
182,493,0,0.00014042116548899398,-3.2368234520461883e-06,3.2368234520461883e-06,0.22790621380033463
183,301,1,0.0002771957011621744,-2.3412042864723325e-06,2.3412042864723325e-06,0.3759943612669889
183,469,0,0.000280912204139205,8.617678813738783e-06,8.617678813738783e-06,0.31446057530933963
184,251,1,0.00042116002710072977,2.362996257651435e-06,2.362996257651435e-06,0.1546742265886175
184,252,0,0.0002491721700444781,2.1843341508633402e-05,2.1843341508633402e-05,0.743629557545998
184,433,0,0.00015918457721509198,-6.7228479224802705e-06,6.7228479224802705e-06,0.6125599041005328
184,436,0,0.00026398602235088516,-1.7483489843912078e-05,1.7483489843912078e-05,0.4752277036124745
185,197,0,0.0002197687810065205,1.829695966020521e-05,1.829695966020521e-05,0.7426329202761792
185,207,0,0.00021603863425434663,1.5309870602379788e-05,1.5309870602379788e-05,0.6666440731605827
185,336,0,0.0001501070788863696,-1.0314644540631206e-05,1.0314644540631206e-05,0.8895023880066232
185,342,0,0.00011763119428629992,-3.06215555678621e-06,3.06215555678621e-06,0.15563858635157404
185,490,1,0.0002717896844526616,-1.1544736081916536e-05,1.1544736081916536e-05,0.6132833294388063
186,320,0,0.00021958571283318902,2.7894762715231943e-05,2.7894762715231943e-05,0.7727083632126391
186,400,0,0.00019529799458246251,-4.923666883983667e-06,4.923666883983667e-06,0.4294289825230998
187,206,0,0.00014359311705413642,2.1520545602976922e-05,2.1520545602976922e-05,0.9517843250708322
187,244,0,0.00022995434431265067,1.4547373732550623e-06,1.4547373732550623e-06,0.011057721246997896
187,256,0,0.00021360199366223377,3.430190146216406e-06,3.430190146216406e-06,0.044196501243373446
188,230,0,0.00014371348657618138,7.609368366434764e-06,7.609368366434764e-06,0.5714780599568138
188,296,0,0.00024212855690754,8.291439773289166e-06,8.291439773289166e-06,0.4374936041936131
188,301,1,0.0004474082060582985,-3.305537361529602e-05,3.305537361529602e-05,0.7960797513837556
188,435,1,0.00018362471080042776,1.88655081222775e-05,1.88655081222775e-05,0.8221530193243445
188,469,0,4.922386532994271e-05,-1.7109426466620256e-06,1.7109426466620256e-06,0.04380491105122537
189,278,0,0.00021113953008321384,1.2155389926238804e-05,1.2155389926238804e-05,0.1640587215936998
189,387,0,0.00017937807909115648,1.2625945097596409e-05,1.2625945097596409e-05,0.2945888362942078
190,191,2,0.0021083794514273643,-0.00010269742335533277,0.00010269742335533277,0.685994255052774
190,277,1,0.00029882626529851094,4.350335784513911e-05,4.350335784513911e-05,0.923084718788531
190,397,1,0.00023661078758751436,6.9142246715960885e-06,6.9142246715960885e-06,0.1125053181895296
190,453,1,0.00024420787143052217,1.8560811038788017e-05,1.8560811038788017e-05,0.42781884201458387
190,481,1,0.0003702125556623342,5.0835774861520945e-05,5.0835774861520945e-05,0.7505382020129108
191,331,1,0.0004122754669909434,-2.6537623866353333e-05,2.6537623866353333e-05,0.8396253852345684
191,422,1,0.0003543601987615939,1.342398111248134e-05,1.342398111248134e-05,0.305230981281096
191,429,1,0.0004456849767949139,3.5863955180872906e-05,3.5863955180872906e-05,0.5786137876267824
191,482,2,0.0025499340937757842,-0.00012544773578172599,0.00012544773578172599,0.7037962554076321
192,208,1,0.0004834606766357552,3.531507730806507e-05,3.531507730806507e-05,0.5737734222134868
192,229,2,0.0025484019057397836,-5.2558533734012466e-05,5.2558533734012466e-05,0.2770367419482546
192,240,1,0.0003664215148917446,-2.9316919968840414e-05,2.9316919968840414e-05,0.8365151286968155
192,300,1,0.0003133536959319928,-1.8486896111251808e-05,1.8486896111251808e-05,0.6319660590636914
192,359,1,0.00034428557809614127,2.604934294004815e-05,2.604934294004815e-05,0.4770605296684252
192,390,1,0.00010414612645844326,9.611481769946992e-06,9.611481769946992e-06,0.7566877232444197
193,290,0,0.00016449854402639618,-6.7884277625129104e-06,6.7884277625129104e-06,0.3218388865650996
193,346,0,9.761044804737948e-05,-2.0594149602024703e-06,2.0594149602024703e-06,0.2993622636462471
193,445,0,0.00018474138087847433,1.4803797947197355e-05,1.4803797947197355e-05,0.5635148169600364
193,489,0,0.00016102172757707722,-8.588939871212514e-06,8.588939871212514e-06,0.507450177691598
194,327,0,0.00020987525018952648,1.903061546933423e-05,1.903061546933423e-05,0.8709011222496454
194,332,0,0.00024919735305586893,6.239593277134063e-06,6.239593277134063e-06,0.25966502146043374
194,342,0,0.0001846435864593619,9.348254335155369e-08,9.348254335155369e-08,0.08453714640661526
194,403,1,0.0005093181878879515,6.220270453777656e-06,6.220270453777656e-06,0.18190362921821737
194,408,0,0.00027290237803755053,-2.4497389777855472e-05,2.4497389777855472e-05,0.6528859833151058
194,437,0,0.00014548441047225778,-9.22825389244253e-06,9.22825389244253e-06,0.4635287331627394
195,240,0,0.00022479446633860212,-9.26713773585607e-06,9.26713773585607e-06,0.48685186735012764
195,430,0,0.00029626958254256995,2.9328045975774445e-05,2.9328045975774445e-05,0.6474127813185547
195,491,0,0.0002176523950707067,-2.5995384927129038e-05,2.5995384927129038e-05,0.9972470541107036
195,496,0,0.00024261805088649177,5.93447668721932e-06,5.93447668721932e-06,0.3228196165861921
196,310,1,0.000555349887355457,5.9799923106077276e-05,5.9799923106077276e-05,0.757026886145251
196,323,1,0.0004222905179422033,-3.659190509519932e-06,3.659190509519932e-06,0.08620002661672727
196,377,1,0.0005576324126581141,-5.904556472181534e-05,5.904556472181534e-05,0.8631400205792824
196,417,1,0.0005523133134550387,-5.286607987945116e-05,5.286607987945116e-05,0.5981572216879547
196,454,1,0.0005166474259718777,5.577091200453029e-05,5.577091200453029e-05,0.5041670454994744
197,264,0,2.3164900745645068e-05,1.9278772360291356e-06,1.9278772360291356e-06,0.6347706259328422
197,341,0,0.00020359893733544135,1.4629656348463608e-05,1.4629656348463608e-05,0.7151184677977652
197,348,0,0.00010896345242734248,-1.0473468948856758e-06,1.0473468948856758e-06,0.13056014503647823
197,440,0,0.0001241805270438518,1.2930313382080899e-06,1.2930313382080899e-06,0.0982206013473528
197,461,0,0.0001560315305365374,-1.140924015345192e-05,1.140924015345192e-05,0.7647480799445444
198,336,0,0.0002170381103641941,2.688520105872454e-05,2.688520105872454e-05,0.8892695222521526
198,393,0,0.00023065923250476666,1.4258047789631352e-05,1.4258047789631352e-05,0.2923912932511096
198,401,0,0.0002734298896324224,-3.887537537236094e-05,3.887537537236094e-05,0.8466005761760091
198,409,0,0.00022626930675021775,-2.9067722468441706e-06,2.9067722468441706e-06,0.041708298471326885
198,472,0,0.000174202425482636,4.842955398166322e-07,4.842955398166322e-07,0.07162781071824732
198,473,0,9.182232659906605e-05,1.546032310754753e-07,1.546032310754753e-07,0.09539455422195653
199,205,0,0.00025524233572617975,2.204137999663665e-05,2.204137999663665e-05,0.39366044663584066
199,399,0,0.00024399100834297512,-2.8477206294500326e-07,2.8477206294500326e-07,0.0006071442776579665
199,423,0,0.00020260721030225211,3.0910958437607024e-05,3.0910958437607024e-05,0.9085558539766644
200,281,0,9.368613011203834e-05,3.100309871844169e-06,3.100309871844169e-06,0.04706358133500407
200,305,0,8.51705828370277e-05,1.8354799859662587e-06,1.8354799859662587e-06,0.012249860835713137
201,236,0,0.0002665915438321757,1.604706937005592e-07,1.604706937005592e-07,0.10167623705383044
201,239,0,0.0001528849567383438,1.4575213527121152e-05,1.4575213527121152e-05,0.7377950820648198
202,245,0,0.00019923790290018176,1.5251535171740918e-05,1.5251535171740918e-05,0.6895210496577285
202,297,0,0.000216630930127923,-8.260179176353928e-06,8.260179176353928e-06,0.2559620319292828
202,347,0,0.0001650041050852634,1.0058360532659018e-08,1.0058360532659018e-08,0.1622165657566952
202,391,1,0.00016072123677589748,-2.4366852369885703e-07,2.4366852369885703e-07,0.31995008132081937
202,486,1,0.0004330136796974665,-1.6309882426381453e-05,1.6309882426381453e-05,0.6004453298911784
203,272,0,8.35026987740131e-05,7.4634641628346595e-06,7.4634641628346595e-06,0.6526255627196734
203,372,0,8.496981430780796e-05,7.2666982487626175e-06,7.2666982487626175e-06,0.7185327123018527
203,462,1,0.0002845820138856668,-2.9049747899630965e-05,2.9049747899630965e-05,0.8528436307234422
203,489,0,0.00014933439720323283,1.4319585488042215e-05,1.4319585488042215e-05,0.506407960124431
204,209,0,0.00015534276016178773,1.0526823726356155e-05,1.0526823726356155e-05,0.5988306047681271
204,268,0,0.0002421101239685345,-1.2356377590866919e-05,1.2356377590866919e-05,0.49555298393532854
204,324,0,0.00013062424430255087,-4.02274440401517e-06,4.02274440401517e-06,0.16706050209298554
204,332,0,0.00022849972690630192,-2.4315811432095886e-05,2.4315811432095886e-05,0.974717048570908
205,423,0,0.00025245570889267965,1.6715399602127733e-05,1.6715399602127733e-05,0.5812308348846658
205,493,0,0.00024092557725379204,5.732032816869223e-06,5.732032816869223e-06,0.3909590612532623
206,276,0,0.0001634548876166145,-3.0628255150059737e-06,3.0628255150059737e-06,0.03040740998496256
206,352,0,0.00020862745270054965,-1.5192154777638287e-05,1.5192154777638287e-05,0.5630729847864893
206,407,0,0.00014640263764672512,9.034866879293036e-06,9.034866879293036e-06,0.17070937343258052
206,497,0,0.00020130579283789826,-3.862557064558065e-06,3.862557064558065e-06,0.07436186459422113
207,229,1,0.000287683875723943,2.215336655811099e-05,2.215336655811099e-05,0.7649714494046231
207,230,0,0.00025673836449831397,2.529780264778851e-06,2.529780264778851e-06,0.0734997026007374
207,264,0,0.00024004746966646331,2.295170929039996e-05,2.295170929039996e-05,0.7488137348659889
207,266,1,0.00043866184299352543,-4.336805593795498e-05,4.336805593795498e-05,0.6925576184371184
207,435,1,0.00018514714285847235,1.1043070427185853e-05,1.1043070427185853e-05,0.2590781050963751
208,213,0,0.0001650445570874567,-6.076178565305927e-06,6.076178565305927e-06,0.516154907849535
208,219,0,0.00011778916789015976,6.411616164726678e-06,6.411616164726678e-06,0.3717578758628512
208,377,0,0.0001356017853200234,4.364509057308591e-06,4.364509057308591e-06,0.471876797016633
208,470,1,0.0004832303435605279,3.061513065139088e-05,3.061513065139088e-05,0.5664075782367566
209,414,0,0.0002109699152060165,-3.7086140935585133e-06,3.7086140935585133e-06,0.05665737913434088
209,464,0,0.00012541474668925133,1.3431803866598069e-05,1.3431803866598069e-05,0.9107804293344025
210,369,0,0.00018203322554588572,4.969705168708386e-06,4.969705168708386e-06,0.3781504286031112
210,424,0,0.00018511970655886762,1.5967668014785257e-05,1.5967668014785257e-05,0.702974582960198
210,477,1,0.00029586780912193547,-7.515630676088222e-07,7.515630676088222e-07,0.3127724821009991
211,279,0,0.00012109612657831723,5.8867752269885915e-06,5.8867752269885915e-06,0.5780212609180556
211,460,1,0.0003799600671485232,-4.138845673872887e-05,4.138845673872887e-05,0.7137729671433318
211,477,1,0.00025997946207778145,1.5391177856981403e-05,1.5391177856981403e-05,0.5583550206691911
211,485,0,0.00022559798098841497,1.293611305751477e-05,1.293611305751477e-05,0.2054633322497017
211,499,0,0.00019348236826860173,3.3612096069583903e-06,3.3612096069583903e-06,0.34444900989895183
212,237,0,7.174708221158893e-05,5.662192845831495e-06,5.662192845831495e-06,0.7323197210761183
212,254,0,0.00020467675485315493,1.9719679176760285e-05,1.9719679176760285e-05,0.9632531540132907
212,315,1,0.00043333022096260374,-1.3409832134632811e-05,1.3409832134632811e-05,0.30486704632583506
212,441,0,0.0001701218136252022,-3.7812998765636887e-06,3.7812998765636887e-06,0.17343785403588544
213,314,0,0.0001869509429846794,6.068828301089034e-06,6.068828301089034e-06,0.42587977719967124
213,430,0,0.0002998638311829077,7.1896067645223925e-06,7.1896067645223925e-06,0.29288646418179715
213,434,0,0.00024029014798660536,-4.2894907930786604e-05,4.2894907930786604e-05,0.9699128239712316
213,443,0,0.00023775297314873004,4.40549445884296e-06,4.40549445884296e-06,0.4008793486947305
213,470,1,0.00025509975518873734,2.5553478289117304e-05,2.5553478289117304e-05,0.996398310136544
214,267,0,0.00017295209297965504,-8.931492741591908e-06,8.931492741591908e-06,0.49053818746121985
214,286,0,3.346547202502962e-05,4.6048258002438104e-07,4.6048258002438104e-07,0.26301956555830525
214,376,0,0.00024465288343388165,-8.198979392281337e-06,8.198979392281337e-06,0.29723607520064943
214,465,0,0.0002656781888342314,-1.6883110371465186e-05,1.6883110371465186e-05,0.5747246146854227
214,494,0,0.00014599505465219236,1.5677960171994948e-05,1.5677960171994948e-05,0.9978912425590493
215,344,0,0.00021247020193896927,1.1462166075617261e-05,1.1462166075617261e-05,0.2056764737262778
216,328,0,0.00021084651095388846,5.993189543379525e-06,5.993189543379525e-06,0.4515753470560646
216,341,0,0.00017714734184762993,-1.168961044706762e-05,1.168961044706762e-05,0.4745520021420035
216,350,0,0.0001798835077166818,1.0369421780837187e-05,1.0369421780837187e-05,0.9213635521656621
216,385,1,0.0002905918949524514,1.647925890097009e-05,1.647925890097009e-05,0.7964958524992987
216,419,0,0.00025632503183809814,-8.887257216079414e-06,8.887257216079414e-06,0.21635892846326188
217,290,0,0.00013215591329017703,-9.616565718962685e-06,9.616565718962685e-06,0.5916431574458226
217,324,0,0.00014745416059786602,-5.818457227421526e-07,5.818457227421526e-07,0.13790850736837332
217,405,0,0.0001835059578637341,-8.684849035634592e-06,8.684849035634592e-06,0.37428758322920186
217,452,0,0.00023583486668305034,-6.377555279697514e-06,6.377555279697514e-06,0.33111965959056283
218,247,0,0.00013465721846095828,-1.0952551060974222e-05,1.0952551060974222e-05,0.6716690843265579
218,282,0,0.00011077630541693096,1.4596812388247502e-06,1.4596812388247502e-06,0.27604748631948234
218,349,0,4.9665860369455225e-05,-1.931126296808146e-06,1.931126296808146e-06,0.452365849795022
218,442,0,0.00022359681610178102,4.313690264675225e-06,4.313690264675225e-06,0.2535268346940495
219,323,0,0.00015971996495753223,1.19748942163154e-05,1.19748942163154e-05,0.8178640951790591
219,417,0,0.00020707751551947177,-2.501111701769569e-06,2.501111701769569e-06,0.234994801310462
219,430,0,0.00021078554333686273,-1.4179992605060208e-05,1.4179992605060208e-05,0.5187958619850831
219,458,0,0.0002058823907850953,1.1117826255233079e-05,1.1117826255233079e-05,0.5014485897243343
220,360,1,0.00040636978499139926,2.8470532192757396e-05,2.8470532192757396e-05,0.8868515720505332
220,419,0,0.0002485433602370021,-2.4900231667005497e-05,2.4900231667005497e-05,0.6749182578619976
220,464,0,0.00010123436075357247,-6.916075705841074e-07,6.916075705841074e-07,0.31242817675754925
221,268,0,0.00019864750302409046,-4.160175465752325e-06,4.160175465752325e-06,0.34456169044903007
221,298,0,0.00021079700546338848,9.905193417061038e-06,9.905193417061038e-06,0.4251360823116306
221,327,0,0.00019896796985027058,-2.1258312030626472e-06,2.1258312030626472e-06,0.20749954446930102
222,395,1,0.00041710191362798773,-1.379277203116473e-05,1.379277203116473e-05,0.2488460554315774
222,450,0,6.643093012113605e-05,5.207535479498408e-06,5.207535479498408e-06,0.3487869320474949
222,453,0,0.0002450034890457665,-1.122661496494687e-06,1.122661496494687e-06,0.11003981812510788
223,468,1,0.00042734610480177056,4.8858128660437134e-05,4.8858128660437134e-05,0.7682623798065242
224,349,0,0.0001682789633324131,-8.16016905410316e-06,8.16016905410316e-06,0.2764844335181459
224,441,0,9.282144907404249e-05,5.658188880456403e-06,5.658188880456403e-06,0.693406077004938
224,486,1,0.0004418245042773559,4.759642349534614e-05,4.759642349534614e-05,0.9210252990947577
225,283,1,0.0002446615431587773,1.2321300477250314e-05,1.2321300477250314e-05,0.5253731573485151
225,307,0,0.0001808008551933985,1.6753130597658014e-05,1.6753130597658014e-05,0.9860375307914597
225,477,1,0.0003576719326356186,-2.9074431074901587e-05,2.9074431074901587e-05,0.5332740045773366
226,363,0,0.00015510924101347533,-2.495186393050676e-06,2.495186393050676e-06,0.21974173940265646
226,461,0,6.914243768179801e-05,9.833929750670256e-06,9.833929750670256e-06,0.8678301634567797
226,473,0,0.00019737018471273089,-1.1607677565502961e-05,1.1607677565502961e-05,0.4595204928958968
227,346,1,0.00048662423565686247,-3.6356937824027856e-05,3.6356937824027856e-05,0.7201946701553672
227,404,1,0.00047255717699175005,-1.2341406075929883e-05,1.2341406075929883e-05,0.22780881420330962
227,414,1,0.0004541978031343079,2.4945360355359955e-05,2.4945360355359955e-05,0.7868887195847529
227,489,1,0.0005409606884188722,-5.785818004640534e-05,5.785818004640534e-05,0.890757686693782
228,261,0,0.0001297761751071985,-8.744611823133095e-06,8.744611823133095e-06,0.4903178626533897
228,317,0,0.00016468260171302078,-3.652300806796194e-07,3.652300806796194e-07,0.25327387859044254
228,344,0,0.0001646522254900947,-3.7527076209142723e-06,3.7527076209142723e-06,0.2692340302343461
228,376,0,5.131400263131153e-05,3.322804636832212e-06,3.322804636832212e-06,0.6908541065083657
228,488,0,0.00021410254685308696,1.0439678094147559e-05,1.0439678094147559e-05,0.5031907488950405
229,230,1,0.00036121050852254264,-2.425615373626513e-05,2.425615373626513e-05,0.8479416386196128
229,300,1,0.0003751890683493925,-1.4397048827632045e-05,1.4397048827632045e-05,0.36990111762611994
229,432,1,0.0005566290717649368,5.0485880383711294e-05,5.0485880383711294e-05,0.7270475738019804
229,435,2,0.0030649074794710115,-5.321017889881203e-05,5.321017889881203e-05,0.43901378451463996
230,240,0,0.00026989945709061854,2.0965218744332062e-06,2.0965218744332062e-06,0.29227066622074205
230,266,1,0.00018862979305137308,-2.050744832829442e-05,2.050744832829442e-05,0.5899397054919368
230,300,0,0.0001492000713232924,4.2939213487478696e-06,4.2939213487478696e-06,0.47080544043976474
231,253,0,0.00018360626069260274,6.173771299302004e-06,6.173771299302004e-06,0.44367690711269714
231,371,0,0.00027980742152578186,-1.6812809437289302e-06,1.6812809437289302e-06,0.11720634152827047
231,375,0,1.8654343572423317e-05,9.335662986354173e-07,9.335662986354173e-07,0.5686678876299447
231,409,0,0.00016435011475785937,5.217385620014453e-06,5.217385620014453e-06,0.22846120976360304
231,438,0,0.00020350722979587448,2.2366109663271925e-05,2.2366109663271925e-05,0.9884149842017657
232,417,0,0.00024303709399686654,7.403797574728998e-06,7.403797574728998e-06,0.28936230629223325
233,262,0,0.00014707855200592453,-1.26016700056451e-05,1.26016700056451e-05,0.9754408341165506
233,428,0,0.00018858787828457494,3.4208045992385535e-06,3.4208045992385535e-06,0.0698679032614176
233,438,0,0.00015904846856578569,-8.524893643695749e-06,8.524893643695749e-06,0.6321983255881448
233,498,0,0.0001817769989624502,2.3429414104999137e-05,2.3429414104999137e-05,0.7710990198261185
234,496,0,0.0002319440031843968,-6.408917245492873e-06,6.408917245492873e-06,0.26098806875782243
235,248,1,0.00011560078461375212,1.4661154284522513e-06,1.4661154284522513e-06,0.19252829008218647
235,255,0,0.00014275931533252808,-3.1951318863884083e-07,3.1951318863884083e-07,0.09549623446956006
235,400,0,0.0002520325548378352,8.645176803355125e-06,8.645176803355125e-06,0.37875892149116464
235,422,0,0.00025668083220509587,1.9518993320131383e-06,1.9518993320131383e-06,0.24913121813528585
235,442,0,0.00024462310442334147,-2.0508155324103806e-05,2.0508155324103806e-05,0.6043540849342066
236,350,0,0.0002827750094333277,4.768805261672433e-06,4.768805261672433e-06,0.2429246711227514
237,254,0,0.00021810223803467318,3.8007992173263725e-06,3.8007992173263725e-06,0.20405668816810277
237,273,0,0.00016851133766575152,2.0946925938528893e-05,2.0946925938528893e-05,0.930471741564284
237,389,0,0.00014515386195893015,7.016045365108449e-06,7.016045365108449e-06,0.20129113242848043
237,426,0,0.00016098813022203082,-1.7862576905941595e-06,1.7862576905941595e-06,0.11659523331719665
237,486,1,0.00044716524437727045,-2.4315319984550728e-05,2.4315319984550728e-05,0.6600740075576457
238,385,1,0.0005108687317049952,-2.1653869030138748e-05,2.1653869030138748e-05,0.3333147044297822
238,400,0,0.00024505528879935215,3.293692043220555e-06,3.293692043220555e-06,0.010372915289943274
238,451,0,0.00023370889304994972,1.0193515689076005e-05,1.0193515689076005e-05,0.466983010113397
239,293,0,0.00015422488478440645,4.679148828175673e-06,4.679148828175673e-06,0.5332331177196591
239,417,0,0.00015712021477804733,-1.142493816667067e-05,1.142493816667067e-05,0.3178779008389674
240,292,0,0.0002707767696668338,-2.3712014833294325e-05,2.3712014833294325e-05,0.6874325986883044
240,338,0,0.00023723095796073388,8.773638487773381e-06,8.773638487773381e-06,0.26711270997098857
240,491,0,0.00027552809258304446,-2.1549159484668852e-05,2.1549159484668852e-05,0.5840343601913518
241,463,0,0.00017131599114610885,1.4718362160824149e-05,1.4718362160824149e-05,0.5121443646921778
241,493,0,0.0002979906044649293,3.1008382035973174e-05,3.1008382035973174e-05,0.7493908802319136
242,290,1,0.0002811503711683195,8.122287053270542e-06,8.122287053270542e-06,0.19811211285275862
242,324,1,0.0003559984746117811,3.4784737235105406e-05,3.4784737235105406e-05,0.9458565990361966
242,332,1,0.00042523153698329066,9.3940473322397e-06,9.3940473322397e-06,0.158658394041516
242,346,1,0.0005348051281359855,2.623677765892186e-05,2.623677765892186e-05,0.2298846167760799
242,394,1,0.0002718087718219123,-1.642898560381931e-05,1.642898560381931e-05,0.7439973760576497
242,406,1,0.0005462889648285026,-5.088008899531034e-05,5.088008899531034e-05,0.9222353692907633
242,431,1,0.00040311220355776555,-1.1228774680366705e-05,1.1228774680366705e-05,0.4691006539605988
243,462,1,0.0004042297951478847,2.31706302960791e-05,2.31706302960791e-05,0.7242017105634305
244,256,0,0.00012505170073544536,1.2170771664661105e-06,1.2170771664661105e-06,0.032210708739485366
244,276,0,8.511759539562171e-05,1.0623310752903849e-05,1.0623310752903849e-05,0.9197007364765204
244,352,0,0.00018854398400742448,1.3334955799635347e-05,1.3334955799635347e-05,0.4189610777663396
245,273,0,0.0002090179820037261,1.3474758650466308e-05,1.3474758650466308e-05,0.31757435243175236
245,347,0,0.00012400719685273434,-9.48511305094568e-06,9.48511305094568e-06,0.832755941722077
245,450,0,0.00010019044136384058,4.907725629403932e-06,4.907725629403932e-06,0.13002191874851007
246,284,0,0.0002680656657703557,1.1917392959026107e-06,1.1917392959026107e-06,0.10063128365569773
246,395,1,0.0006342468453499461,-7.260586147326858e-05,7.260586147326858e-05,0.9797183956704079
247,442,0,0.00019666360544573337,1.9790022973915093e-05,1.9790022973915093e-05,0.8560884545702603
247,457,0,0.0002102130446377195,-2.2316301137414763e-05,2.2316301137414763e-05,0.63013403634406
248,306,1,0.0003262061061483647,4.282556544698227e-06,4.282556544698227e-06,0.42167330665379316
248,357,1,0.0002932210092204626,-2.6870502056459867e-05,2.6870502056459867e-05,0.7921681159093414
248,425,1,0.0006175347906815009,-7.271500370487001e-05,7.271500370487001e-05,0.7196984595791321
249,263,0,0.0002280083295364818,1.7448845113005906e-05,1.7448845113005906e-05,0.4946349837881045
249,299,0,0.00024463746280981616,1.5347138116193288e-05,1.5347138116193288e-05,0.6765178968559573
250,302,0,7.781277063589323e-05,2.0082724419380436e-07,2.0082724419380436e-07,0.2318890481331865
250,303,1,0.0002684588429435169,-1.3317022103534083e-06,1.3317022103534083e-06,0.03880601856681378
250,405,0,0.0002507498280260732,1.741099567760684e-05,1.741099567760684e-05,0.8242185048232248
250,469,0,0.00013859767577146723,4.395075837388983e-06,4.395075837388983e-06,0.40798976334268217
250,475,0,0.0002800616821952858,-1.8667841569750566e-05,1.8667841569750566e-05,0.38477956382332146
251,425,1,0.0005400301178803695,6.50161654587351e-05,6.50161654587351e-05,0.7936759601161554
251,466,1,0.00032463157298951573,2.2721226262165594e-05,2.2721226262165594e-05,0.5652102999475421
251,498,1,0.0003691808358421293,-6.888435905174403e-06,6.888435905174403e-06,0.19380108160603265
252,309,0,0.0001414694561848615,-4.916152844755179e-06,4.916152844755179e-06,0.10022588140500026
252,315,1,0.00046937121875171954,4.7936347557904043e-05,4.7936347557904043e-05,0.8351311242572974
252,330,0,0.00015452662903728173,-1.8526589137778603e-05,1.8526589137778603e-05,0.9053585860585698
252,466,0,0.00021971729717350908,-2.6502640667291896e-06,2.6502640667291896e-06,0.06339039427496258
253,438,0,0.00021881048087451566,1.669047170085573e-05,1.669047170085573e-05,0.5974666411852232
253,463,0,0.0001515382762279941,-8.648367528515816e-06,8.648367528515816e-06,0.5170770411197667
254,289,0,0.00020381491140228225,9.688280492418342e-06,9.688280492418342e-06,0.42573526342013585
254,319,0,1.4266167965404315e-05,-3.92097229918365e-07,3.92097229918365e-07,0.2911092475870461
254,426,0,8.978698917350981e-05,-2.5609289530041308e-06,2.5609289530041308e-06,0.28879588273889956
255,297,0,0.00021948426529366398,3.507895375476072e-06,3.507895375476072e-06,0.2004566677545454
255,422,0,0.00020650098298623321,2.0324875513002807e-06,2.0324875513002807e-06,0.15824275762345077
255,442,0,7.003461223224244e-05,-5.7146562807671445e-06,5.7146562807671445e-06,0.6611721362656858
256,356,1,0.00045418278242147594,4.050715405717771e-05,4.050715405717771e-05,0.4910939097281131
256,497,0,0.000262934624444243,3.0138987488744382e-05,3.0138987488744382e-05,0.8406212677757547
257,346,0,0.0001820523089842409,1.9609731173113356e-05,1.9609731173113356e-05,0.9222460403627607
257,394,0,0.00017076978532257317,-3.051544719597116e-07,3.051544719597116e-07,0.047057300021764864
257,406,0,0.00021195987482143823,-7.308682172890612e-06,7.308682172890612e-06,0.2589976774365758
258,313,0,0.0001768490367399094,7.0908896717885424e-06,7.0908896717885424e-06,0.6434440882119175
258,352,0,0.00014439360529957987,-1.2341746032428389e-05,1.2341746032428389e-05,0.6942140245031945
258,437,0,0.00017079082071398916,1.6341857058279075e-05,1.6341857058279075e-05,0.9294765632578447
259,353,0,0.00019204786068586618,8.44402990898592e-06,8.44402990898592e-06,0.1682037549407066
259,397,0,0.00014141512035260545,-1.3691042386663955e-05,1.3691042386663955e-05,0.842600524362663
259,429,0,0.00034838320914501935,-3.284430533605763e-05,3.284430533605763e-05,0.7393433459911093
259,481,0,0.00029093478731720814,3.2813401659950356e-06,3.2813401659950356e-06,0.0964892726558329
260,486,1,0.0005137641177971488,5.1012886057375175e-05,5.1012886057375175e-05,0.45886645995789477
261,317,0,0.0001909124584733334,1.2440710513571661e-05,1.2440710513571661e-05,0.24456894288301537
261,344,0,0.00022506716760753258,1.0035866006577247e-05,1.0035866006577247e-05,0.23187045101106937
261,488,0,0.00027761791745126537,3.22432211847454e-05,3.22432211847454e-05,0.973243166115064
262,329,0,0.00010413146680441992,1.0104025860471028e-06,1.0104025860471028e-06,0.13450852467610616
262,358,0,0.00011823272072913404,-8.293566827002624e-06,8.293566827002624e-06,0.5277524388085186
262,375,0,0.0002038627346229408,-5.662742524899566e-06,5.662742524899566e-06,0.25994846186189496
262,438,0,0.0002152802556322988,6.906301979873174e-06,6.906301979873174e-06,0.23771127283732618
262,463,0,0.00023927617116493465,-2.4231068960958697e-05,2.4231068960958697e-05,0.8942196918196251
263,270,1,0.0004340605059326564,2.3575064516124655e-05,2.3575064516124655e-05,0.6104359277541331
263,367,0,1.790459253889733e-05,6.398539180806278e-07,6.398539180806278e-07,0.3894548492678661
264,339,1,0.00038240055402517553,3.115381567463041e-05,3.115381567463041e-05,0.5485185138224423
264,435,1,0.0004195330371211073,-1.5089922703527242e-05,1.5089922703527242e-05,0.3868044082173051
265,326,0,8.79569029254504e-05,-5.664061573876626e-06,5.664061573876626e-06,0.6780557216575427
265,410,0,0.000323300386718475,1.981523032318978e-05,1.981523032318978e-05,0.43078129052955
265,413,0,0.00028154619446986564,-1.7021740178658737e-05,1.7021740178658737e-05,0.7642371311950683
266,301,2,0.0016525309527027719,-2.9930849923256e-05,2.9930849923256e-05,0.7442853809596631
266,434,1,0.00041660073832168123,2.2584995847689087e-05,2.2584995847689087e-05,0.6007612170940063
266,490,2,0.0028940745345310418,-4.1902278291581666e-05,4.1902278291581666e-05,0.6296522873732535
267,356,1,0.0004826801753184587,-7.576419269063888e-06,7.576419269063888e-06,0.5352204627328001
267,376,0,0.00024252404561678006,4.396651314593339e-06,4.396651314593339e-06,0.20869500455959894
267,460,1,0.0004721029211964382,-5.751724787084078e-06,5.751724787084078e-06,0.02649107792159457
268,346,0,0.00019047534289958655,-5.411766367607849e-06,5.411766367607849e-06,0.4122622265810096
268,404,0,0.0002258699345353124,4.559056583811853e-06,4.559056583811853e-06,0.02674952714351409
269,412,0,0.00017283146036271827,-9.536511872311359e-06,9.536511872311359e-06,0.3178624902174086
270,272,1,0.00020444983391177893,-2.42063359344439e-06,2.42063359344439e-06,0.012006819262161947
270,299,1,0.00046210207421370966,-3.147186341669525e-05,3.147186341669525e-05,0.4367468104231808
270,361,1,0.000494020906061324,5.3213366330188854e-05,5.3213366330188854e-05,0.9507836349351784
270,367,1,0.00032247010558486403,-5.990202450911818e-06,5.990202450911818e-06,0.19236607854734514
270,404,1,0.00037577542733536665,2.8374059151978508e-05,2.8374059151978508e-05,0.5632703737999438
272,500,0,0.0001553965390107792,-1.6138137631977257e-05,1.6138137631977257e-05,0.5920236564141129
273,389,0,0.00024127060062248743,-1.8329449631889013e-05,1.8329449631889013e-05,0.7506993364704044
274,422,0,0.0001351925188843417,-2.7540834711191334e-06,2.7540834711191334e-06,0.010419009397525505
274,453,0,0.00013717352667062604,9.116477153374543e-06,9.116477153374543e-06,0.7087580082691745
275,408,0,1.0540925533894598e-07,-7.620086136911963e-09,7.620086136911963e-09,0.36839913873333113
275,490,1,4.9576497213538895e-06,7.62008613685594e-09,7.62008613685594e-09,0.44392264042805496
276,364,1,0.00029577951683448854,7.560485237927264e-06,7.560485237927264e-06,0.36081370767016324
277,453,0,0.00023299103456513956,-1.6210729334425175e-05,1.6210729334425175e-05,0.39381359175388947
277,481,0,0.00021650686830025715,-1.7895739158160353e-06,1.7895739158160353e-06,0.0755440256102665
278,309,0,0.0001278496198611654,-1.044136461756653e-05,1.044136461756653e-05,0.38737179548304956
278,315,1,0.00035165571884038954,1.9415046346996017e-05,1.9415046346996017e-05,0.5159557047303738
278,345,0,0.0002639767167470547,-2.0444328019890407e-05,2.0444328019890407e-05,0.5101544534511554
278,387,0,0.00023746335904566417,3.0435495771551962e-06,3.0435495771551962e-06,0.13603590798691428
278,402,0,0.0001079187190933127,1.314020311865187e-05,1.314020311865187e-05,0.8968045604173379
278,441,0,0.00011641417865830159,7.442283520983084e-06,7.442283520983084e-06,0.5334322594504826
279,410,0,0.0003003761850186969,-1.9635022238385993e-05,1.9635022238385993e-05,0.7153356363262551
279,485,0,0.00015867055498235057,1.3850391300558e-06,1.3850391300558e-06,0.3155193435265282
279,491,0,0.00028777449835868215,2.651994348063468e-05,2.651994348063468e-05,0.5819648327982614
279,499,0,7.6285749447587e-05,-2.383185145318911e-06,2.383185145318911e-06,0.17293400258522149
280,399,1,0.0005262769256156805,-4.995490029558501e-05,4.995490029558501e-05,0.8874619002227079
280,406,1,0.0006029328795048032,8.570379851684511e-05,8.570379851684511e-05,0.9433988133882844
281,381,0,0.00020675507202839817,-4.292870726550132e-06,4.292870726550132e-06,0.020291932633075337
281,411,0,0.00021813710776776577,2.3290938764451824e-05,2.3290938764451824e-05,0.8843041741355328
281,468,1,0.0004426343825395369,4.845481617419317e-05,4.845481617419317e-05,0.7841264932391797
282,297,0,0.00024217370318484413,2.5112318430177875e-05,2.5112318430177875e-05,0.9909684173278387
282,349,0,0.00016815581855392992,-8.754058231796871e-06,8.754058231796871e-06,0.7449752013732108
282,396,0,0.00015900689179952523,-4.46441789081984e-06,4.46441789081984e-06,0.3757809415600264
282,442,0,0.00020828354383085586,1.2737443190825172e-06,1.2737443190825172e-06,0.0010589746004543055
283,298,1,0.0002545249243450626,1.5640961862953126e-05,1.5640961862953126e-05,0.6235241010954594
283,304,1,0.0004096069480688721,2.1784602705751962e-05,2.1784602705751962e-05,0.5977473519232276
283,307,1,0.0003641932643355127,1.5405407475498132e-05,1.5405407475498132e-05,0.45625098107490797
283,427,1,0.00036957562560047103,1.8948601262437996e-05,1.8948601262437996e-05,0.4640313545513115
283,428,1,0.00046449343880074987,-5.383409621629249e-05,5.383409621629249e-05,0.8627531713126549
284,389,0,0.00021677120896109234,-1.4729728198666559e-05,1.4729728198666559e-05,0.7227099656943562
284,450,0,0.0002756200702006816,-2.0569748354263674e-06,2.0569748354263674e-06,0.13282792546348587
285,455,0,8.81809189522908e-05,-1.1393921563152015e-05,1.1393921563152015e-05,0.4614483090773935
286,475,0,0.0002656651498038159,1.5004872348770669e-05,1.5004872348770669e-05,0.6128425472225131
287,344,0,0.000218341681697462,1.3833943695213724e-05,1.3833943695213724e-05,0.18716577062148274
288,302,0,0.00025348636640144616,2.3379675493094163e-05,2.3379675493094163e-05,0.7207094278513547
288,386,0,0.00016377077869357638,1.299233826795185e-05,1.299233826795185e-05,0.488558564752987
288,411,0,0.0002671027556247783,-2.5333567669152194e-05,2.5333567669152194e-05,0.7765718068071237
288,459,0,0.00015464936014081507,-9.372301483619244e-06,9.372301483619244e-06,0.6705769083153351
289,447,0,0.0002063165191818231,5.945014425159268e-06,5.945014425159268e-06,0.18087032535531
290,292,0,0.00011795140328074125,-5.167663669203278e-07,5.167663669203278e-07,0.014481473992570607
290,324,0,4.187052296098546e-05,2.8815661599722056e-06,2.8815661599722056e-06,0.7174778395969426
290,485,0,0.00012393053317847583,-9.722039973239004e-06,9.722039973239004e-06,0.8581260353916041
291,325,0,0.00013816240313592747,-1.9445447113678148e-05,1.9445447113678148e-05,0.7035805431989622
291,454,0,0.00013791775318474392,-2.8201432082012266e-06,2.8201432082012266e-06,0.07965658226641617
292,303,1,0.00041888676114596514,-1.8672131995157768e-05,1.8672131995157768e-05,0.7737758628281695
292,338,0,8.864427874370854e-05,1.1040988403049095e-05,1.1040988403049095e-05,0.896151788833511
292,469,0,7.618658264164132e-05,-6.021808097404274e-07,6.021808097404274e-07,0.21683800190735997
292,485,0,0.00020827453552903658,-1.5426127441618444e-05,1.5426127441618444e-05,0.8649033045505854
293,297,0,0.0002229518509973225,-1.6470456978607238e-05,1.6470456978607238e-05,0.8541054715238239
293,320,0,0.00023672733016288415,2.341887744053912e-05,2.341887744053912e-05,0.43137413255711254
293,391,1,0.000360249801913295,-1.3423052871756534e-05,1.3423052871756534e-05,0.26047587270378475
294,354,0,8.768243650513024e-05,-2.3767560509781264e-06,2.3767560509781264e-06,0.037840928996286806
294,451,0,0.00024317429889047704,-3.2582440755531865e-05,3.2582440755531865e-05,0.5673274435597573
295,331,0,5.525091903229607e-05,3.2481788570324095e-06,3.2481788570324095e-06,0.1351876825791405
295,404,0,0.00015198305278894112,-1.0917419828213647e-05,1.0917419828213647e-05,0.8277629635893211
295,414,0,0.00012033950274020072,1.107710314774284e-06,1.107710314774284e-06,0.15240116522959965
296,300,0,0.0001660078549259444,7.882691928668343e-06,7.882691928668343e-06,0.6253898743294709
296,435,1,0.0005327229376827122,3.64891388675949e-05,3.64891388675949e-05,0.48249696634309913
296,436,0,0.00029567954802776,-1.7735864348340418e-05,1.7735864348340418e-05,0.2448638271398493
296,469,0,0.0002658536379558188,-1.8344526674636316e-05,1.8344526674636316e-05,0.4343645108546614
297,391,1,0.0003412954774768825,1.2496226357373235e-05,1.2496226357373235e-05,0.5819039606192796
298,304,0,0.00020192065796896077,-1.6693647428525506e-06,1.6693647428525506e-06,0.04576075532483234
298,331,0,0.00022592750125693546,1.8723834400412733e-05,1.8723834400412733e-05,0.3587676623978724
298,448,0,0.00019887758182045954,2.176469948269306e-05,2.176469948269306e-05,0.6515128389016251
299,343,1,0.0005023518026744383,-5.521694339048961e-05,5.521694339048961e-05,0.7262668247200063
299,362,0,0.0002870451672109107,4.407457072062878e-05,4.407457072062878e-05,0.7778291792341874
299,500,0,0.00010470381386357602,-4.982352630789098e-06,4.982352630789098e-06,0.2087373581965957
300,311,0,0.00024149324981272765,-1.7631570799091422e-06,1.7631570799091422e-06,0.18749979883815296
300,469,0,0.0001626302015306142,-1.8944174581533356e-05,1.8944174581533356e-05,0.9709304539992313
301,393,1,0.0004171523002705978,-3.5317731678084136e-05,3.5317731678084136e-05,0.738188113477413
301,407,1,0.0003221899502344108,-2.915288646538679e-05,2.915288646538679e-05,0.7453689625763538
301,490,2,0.0018773664017246367,6.821376061861333e-06,6.821376061861333e-06,0.057684244871883984
302,351,0,0.00023385299597013015,1.6052017411781965e-05,1.6052017411781965e-05,0.7246860691959331
302,475,0,4.786756162212162e-05,-3.314210299759525e-06,3.314210299759525e-06,0.5665496207942484
303,405,1,0.0004527753247687274,3.368479460965517e-05,3.368479460965517e-05,0.8591245326856354
303,469,1,0.0005127190467914155,1.8802217950203326e-05,1.8802217950203326e-05,0.46504720398639643
303,480,1,0.0006193596281423079,-7.299696385168521e-05,7.299696385168521e-05,0.9090226121363385
303,485,1,0.00038994481629026827,-1.1499748547118671e-05,1.1499748547118671e-05,0.19060956521418002
304,331,0,5.00929159794617e-05,4.565610608887349e-06,4.565610608887349e-06,0.38531687572539075
304,446,0,0.00025904864766486434,3.1258512729291e-05,3.1258512729291e-05,0.9316653048999062
304,498,0,0.0002693071211498284,-1.5708885375358334e-05,1.5708885375358334e-05,0.6786091797637105
306,318,0,0.00017100269137056495,-1.1310112972952123e-05,1.1310112972952123e-05,0.6221941518979748
306,380,1,0.0003008893098190758,8.717493746013494e-06,8.717493746013494e-06,0.34921379563691407
307,427,0,0.00018160470944962286,1.6292036066482175e-06,1.6292036066482175e-06,0.06101882271150359
307,443,0,0.00022233935829389098,2.6813550412394077e-05,2.6813550412394077e-05,0.8414740292631845
307,483,0,0.00018758953514657164,3.7157840541217805e-06,3.7157840541217805e-06,0.17117443548994285
308,353,0,0.00019537080301475045,2.3899686096738345e-05,2.3899686096738345e-05,0.9114394152307412
308,429,0,6.839128008714918e-05,-1.0884375932887899e-06,1.0884375932887899e-06,0.03243246996789682
309,330,0,0.00015319103571618823,-1.3042976342292612e-05,1.3042976342292612e-05,0.8043971856647081
309,384,0,0.00016722079465871932,-1.3624070862822948e-05,1.3624070862822948e-05,0.4664636263702538
310,383,0,0.00025101312066031086,-1.4765528216825257e-05,1.4765528216825257e-05,0.2935455998454746
311,405,0,8.85111766926956e-05,-6.325048804868867e-06,6.325048804868867e-06,0.41500096990742336
311,436,0,0.00021865181758756665,-2.190151877712648e-05,2.190151877712648e-05,0.6356863621598644
312,438,0,0.00023502055254987576,-2.4799037888240096e-05,2.4799037888240096e-05,0.5755802502631118
312,440,0,0.00022308201475223604,2.5749609068727013e-05,2.5749609068727013e-05,0.8488110403682161
313,388,0,0.0002405236832195773,3.2976063966334183e-06,3.2976063966334183e-06,0.31401105520953315
313,437,0,0.0002363605095684801,1.3138746816496025e-05,1.3138746816496025e-05,0.3702730707891768
314,427,0,0.00023362695789142624,-2.933389372987511e-05,2.933389372987511e-05,0.7647577797768143
314,448,0,0.00013490498226483347,-8.014251031175301e-07,8.014251031175301e-07,0.005863142097775064
314,470,1,0.00046960010074750634,3.179586633720813e-05,3.179586633720813e-05,0.6500699775105084
314,471,0,0.00021429134661717368,4.408280796827341e-06,4.408280796827341e-06,0.31822380180240417
315,318,1,0.0003313761548379875,3.1501635057780815e-07,3.1501635057780815e-07,0.03966766347503253
315,319,1,0.00039459905615409633,3.938376865196213e-05,3.938376865196213e-05,0.9648459780160445
316,351,0,7.66988341228864e-05,6.632738805196493e-07,6.632738805196493e-07,0.033834035860201055
316,372,0,0.00010424021891213726,-4.275901279261624e-06,4.275901279261624e-06,0.3359100059306043
316,500,0,0.0002572674132401376,-3.627780365264441e-05,3.627780365264441e-05,0.9861632385045183
317,378,0,0.00014957035265018034,1.4901749116216997e-05,1.4901749116216997e-05,0.8666429204392295
317,449,0,0.00021345806757692095,2.7231320483508195e-06,2.7231320483508195e-06,0.2962890629381316
317,488,0,0.00017612051261862646,8.978264251252564e-06,8.978264251252564e-06,0.721672567320845
318,425,0,0.00018443854548085982,-1.194034166458585e-05,1.194034166458585e-05,0.4925509793840498
318,456,0,0.00020982103051881562,-1.5400492032059954e-05,1.5400492032059954e-05,0.5335746642045502
319,389,0,0.00012718025467976554,7.426430998071959e-06,7.426430998071959e-06,0.29857946831379945
321,381,0,0.000309449548146207,-3.177670788232151e-05,3.177670788232151e-05,0.7034695574219664
321,398,0,0.0002503797110788798,2.2385435455169827e-05,2.2385435455169827e-05,0.6656709091053915
321,411,0,0.00010909987044950549,2.710830913642518e-06,2.710830913642518e-06,0.3053879731100294
321,439,0,0.00018240191599203307,-1.624314450013897e-05,1.624314450013897e-05,0.4697656779896026
321,480,0,0.00026493514095192157,2.2923586013534564e-05,2.2923586013534564e-05,0.6049093991507808
322,449,0,0.00020591912353796213,-2.3513156694958512e-05,2.3513156694958512e-05,0.8617432950046647
323,470,1,0.0002061193977315962,-1.3614628790351335e-05,1.3614628790351335e-05,0.5051043005085085
323,474,0,0.00026388535286453663,2.1930332497146175e-05,2.1930332497146175e-05,0.5848946464190271
324,496,0,0.00016854243494700537,1.3492392247421266e-05,1.3492392247421266e-05,0.6501981320576505
325,379,0,0.0002770601414648739,-1.772662366597267e-05,1.772662366597267e-05,0.5416806656733847
325,455,0,0.0002863672281959549,-2.024511958136361e-06,2.024511958136361e-06,0.15786803595452528
325,470,1,0.0004843561583315206,-3.020908620310393e-05,3.020908620310393e-05,0.5396134776422794
325,479,0,0.00034390241268683267,3.051477471358104e-05,3.051477471358104e-05,0.5543621377499803
326,493,0,0.0002158470649406393,6.572805550828567e-06,6.572805550828567e-06,0.2946488064789309
327,348,0,0.00020323072049599508,1.9318837003638754e-06,1.9318837003638754e-06,0.07829896049197
328,341,0,0.00011102646633235105,-1.0482284547984768e-05,1.0482284547984768e-05,0.902282322510722
328,385,1,0.00023475047228685325,6.639885935559025e-06,6.639885935559025e-06,0.3504927508648172
328,400,0,0.00021708184140825415,1.825915334117463e-05,1.825915334117463e-05,0.6736452111809587
328,442,0,0.00019711493872062288,-6.706975710053025e-06,6.706975710053025e-06,0.3304034075820488
329,358,0,9.166570511063058e-05,-7.319439223023963e-06,7.319439223023963e-06,0.6589619950436669
329,367,0,0.0002097762300411431,2.719424345367674e-05,2.719424345367674e-05,0.9646452428911226
329,493,0,4.6749974345240946e-05,-4.339642605888299e-06,4.339642605888299e-06,0.776851618054161
330,494,0,0.00013958527535099232,-1.455030328650192e-05,1.455030328650192e-05,0.6007687710279147
332,394,0,0.000229613920575887,-1.8951134892270353e-05,1.8951134892270353e-05,0.9261806056251419
332,484,0,0.00017507462475901004,1.0268964069601147e-05,1.0268964069601147e-05,0.25770128961697664
333,401,0,0.0002034020190941432,3.34745233137223e-06,3.34745233137223e-06,0.09683572634733488
333,472,0,0.00026811762718012815,4.3277979687300854e-05,4.3277979687300854e-05,0.869723729136966
334,481,0,0.00013170266406610848,-5.723811873364862e-06,5.723811873364862e-06,0.05548099161421392
335,368,0,8.198425714910058e-05,-7.426188642372765e-06,7.426188642372765e-06,0.6727468128198788
336,342,0,8.185449281543659e-05,3.493828986670069e-06,3.493828986670069e-06,0.7208045040600415
336,461,0,0.00017123445906507123,1.3501728861153129e-05,1.3501728861153129e-05,0.6668785196404253
336,473,0,0.0001496798244637674,-1.8289296791658928e-05,1.8289296791658928e-05,0.6704929617476164
336,490,1,0.00044731991064098385,1.173701128678017e-05,1.173701128678017e-05,0.1792112839892535
337,416,0,0.00022446060504851121,-1.3702511138042338e-05,1.3702511138042338e-05,0.17348123220808065
338,405,0,0.00027893024079090917,-2.6423958266143947e-05,2.6423958266143947e-05,0.6666014971038814
339,385,2,0.003059730393000469,9.136198604560153e-05,9.136198604560153e-05,0.8413684988313546
339,443,1,0.00026914492337711205,-6.645581439292806e-06,6.645581439292806e-06,0.2141089356254368
339,483,1,0.0005680984914467188,-7.128546085667622e-05,7.128546085667622e-05,0.8289372875639556
340,433,0,0.0002632937831561104,1.1092821097063202e-05,1.1092821097063202e-05,0.08958612510411541
340,438,0,0.00029374647494760306,-3.2657069016467084e-05,3.2657069016467084e-05,0.7977243662971701
340,498,0,0.00025775649357003455,1.8382157327954526e-05,1.8382157327954526e-05,0.6626843794101837
341,396,0,0.00012127129465861234,3.1766357848480583e-06,3.1766357848480583e-06,0.16602163484450705
341,442,0,0.0001788716672126643,1.0801483087262828e-05,1.0801483087262828e-05,0.4844078198639852
341,484,0,0.0002028040489119819,-1.9865740047887158e-05,1.9865740047887158e-05,0.8618926935287615
342,461,0,0.00018520616897552976,6.6981582635312925e-06,6.6981582635312925e-06,0.015231296247872938
342,490,1,0.00037537501533038193,-6.1730022903775044e-06,6.1730022903775044e-06,0.48233624085376764
343,363,1,0.0004397392430894348,1.3758205816386142e-05,1.3758205816386142e-05,0.14715794624404535
343,375,1,0.000221792056896294,-1.7007349638734887e-06,1.7007349638734887e-06,0.4175584765053115
343,468,2,0.0030727863051689,-0.0001260798078573808,0.0001260798078573808,0.8122713890739949
343,500,1,0.0005174596598775949,3.225412703222002e-05,3.225412703222002e-05,0.41636207182118196
344,356,1,0.00033320992113616187,1.7900297241232094e-05,1.7900297241232094e-05,0.26598337827853297
344,376,0,0.0001562488354407619,1.3678970915282297e-05,1.3678970915282297e-05,0.9747676844298758
345,351,0,0.00018292405086054922,-1.6988359018886757e-05,1.6988359018886757e-05,0.7777442628480219
346,404,0,0.00018484951057843753,8.983008363649949e-06,8.983008363649949e-06,0.3894639594219557
346,489,0,0.00019603166483962367,-6.320443055959347e-06,6.320443055959347e-06,0.24076167126988154
347,392,0,9.044208234134589e-05,-2.665814391017073e-06,2.665814391017073e-06,0.4479642446047724
347,441,0,0.0001530213071479936,-1.2929711101673289e-05,1.2929711101673289e-05,0.633692819965742
347,450,0,9.458457715642381e-05,1.1867751857333113e-05,1.1867751857333113e-05,0.8640059071329623
348,403,1,0.00016383116173178156,-1.4412026213708814e-05,1.4412026213708814e-05,0.6404354638868651
348,484,0,0.00017739648383765638,-2.92494226816144e-06,2.92494226816144e-06,0.3476500806177497
350,385,1,0.0004577357914752457,-4.2840385195525945e-07,4.2840385195525945e-07,0.12320904095791615
351,374,1,0.00035228228638089045,-2.6109179090184912e-05,2.6109179090184912e-05,0.5843833953745643
352,472,0,0.00017226112905197518,1.4007825821984262e-05,1.4007825821984262e-05,0.4461512365220833
355,399,0,0.0002269729565598293,-1.2714883793457156e-06,1.2714883793457156e-06,0.038494089337925204
356,364,2,0.002454698562926632,0.00012629224572781002,0.00012629224572781002,0.8891352445829264
357,440,0,0.0001329147505791337,-1.684146243415464e-05,1.684146243415464e-05,0.9103369623324313
357,442,0,0.00019542055629401963,-9.535005481996491e-07,9.535005481996491e-07,0.2897087733765679
358,493,0,8.00645377488684e-05,-1.0390267509437368e-06,1.0390267509437368e-06,0.19567458205807597
359,373,0,0.00011567122653602812,8.748507200612405e-06,8.748507200612405e-06,0.8111024145675859
359,377,0,0.00024176150376413298,7.14904023070789e-06,7.14904023070789e-06,0.5697511724523604
359,426,0,0.00020921395531042872,2.3570960262187095e-05,2.3570960262187095e-05,0.8584141131523473
359,456,0,0.00024829684950021877,-1.4538379216181069e-05,1.4538379216181069e-05,0.46425768112124705
360,464,1,0.0006254560283383503,-4.809281483336466e-05,4.809281483336466e-05,0.48497929196899736
360,481,1,0.000668775547394621,6.581239953759948e-05,6.581239953759948e-05,0.7868558860125556
361,404,0,0.0002896755745291972,-9.329518882970916e-06,9.329518882970916e-06,0.2559031049218364
361,482,1,0.0005749536040983293,6.530791809384203e-05,6.530791809384203e-05,0.7981676406881918
361,487,0,0.00024059242115271636,5.875342606796391e-06,5.875342606796391e-06,0.20525140145876516
362,487,0,0.00020544875283805183,9.59347513575981e-06,9.59347513575981e-06,0.3267398046746926
363,438,0,0.00028178635700905835,5.890013235295009e-06,5.890013235295009e-06,0.041042704755631904
363,468,1,0.00042321393381469975,-3.060610932759065e-05,3.060610932759065e-05,0.9136739695950401
364,388,1,0.0003963512833959494,2.3636829924159844e-05,2.3636829924159844e-05,0.7755236906202576
365,433,0,8.660527449240113e-05,9.50247941407893e-06,9.50247941407893e-06,0.5235727459454198
366,410,0,0.0002959295368352605,-8.141390558871672e-06,8.141390558871672e-06,0.27805361159913916
366,465,0,0.0002622524786627069,-3.131467367961817e-05,3.131467367961817e-05,0.988711072041082
366,489,0,0.0002958582564403305,3.3420304886331813e-05,3.3420304886331813e-05,0.7795484126155074
366,494,0,0.00010179277336922225,5.2451330813586185e-06,5.2451330813586185e-06,0.5937574575113055
366,499,0,0.0002646258053533661,1.75092801325385e-06,1.75092801325385e-06,0.24682764334075308
368,399,0,0.00015526414126592643,-1.031170886925122e-07,1.031170886925122e-07,0.041836551811764114
368,413,0,0.00018594366178068761,1.5644559825591108e-05,1.5644559825591108e-05,0.26918797127521477
369,427,0,0.00025771240777094196,3.945023757827025e-05,3.945023757827025e-05,0.8373482224812581
369,428,0,0.00011223255447480256,-1.581493066734674e-06,1.581493066734674e-06,0.47836264288344754
369,498,0,0.00019870132579068688,1.9206611009022033e-05,1.9206611009022033e-05,0.2161196393087457
370,383,0,0.00021476470648477267,-1.4294702753758114e-05,1.4294702753758114e-05,0.2592055662113249
370,426,0,0.00021539011681658493,-2.976869245332518e-05,2.976869245332518e-05,0.9647851234503225
370,447,0,0.0003042910886465903,-1.014392860593936e-05,1.014392860593936e-05,0.11299204627793599
371,409,0,0.00014062557014623777,5.30921469609424e-06,5.30921469609424e-06,0.3246878154687492
371,421,0,0.00012565211329563955,1.3432327326490908e-05,1.3432327326490908e-05,0.8886780145950484
371,476,0,0.00028415073354841217,-1.0922982168112954e-05,1.0922982168112954e-05,0.11101053827893144
371,488,0,0.00026091162821895717,4.7193955459032746e-06,4.7193955459032746e-06,0.38614497301800776
372,374,1,0.00020689722981907487,-5.057997947473513e-06,5.057997947473513e-06,0.26728100984130554
373,390,0,0.00020563806084939677,-1.2133905372262426e-05,1.2133905372262426e-05,0.5283420047310987
373,426,0,0.00019010944634778097,7.0401047382721176e-06,7.0401047382721176e-06,0.12050645937735584
373,432,0,6.358492831372066e-05,-5.164325934070341e-06,5.164325934070341e-06,0.6801108852131803
373,447,0,0.00010194556564281725,1.4466467408324493e-05,1.4466467408324493e-05,0.9492703136824119
374,436,1,0.0005702773767770409,2.4876621244946423e-05,2.4876621244946423e-05,0.29298288333047207
374,475,1,0.00024506715863928597,-1.5626511592669563e-05,1.5626511592669563e-05,0.6844455190561647
374,494,1,0.0005238782416565675,-1.3944381339532718e-05,1.3944381339532718e-05,0.041055662974370646
375,438,0,0.00023180083451324545,1.3875076311522282e-05,1.3875076311522282e-05,0.47058838355163746
375,468,1,0.0004575472248393792,-1.5265125614081745e-05,1.5265125614081745e-05,0.40583626368773895
376,488,0,0.0002441636485490736,-3.9051944329064816e-06,3.9051944329064816e-06,0.13413504138291008
377,390,0,0.00022797682191885807,-2.9509844059014847e-06,2.9509844059014847e-06,0.2554780720337336
378,475,0,0.0001481245062981907,1.0530880343191729e-05,1.0530880343191729e-05,0.6834859089218591
379,390,0,0.00022955226346909485,-9.756336225366225e-06,9.756336225366225e-06,0.4778816089908411
379,443,0,0.00028083017058647255,-2.2474628182281575e-05,2.2474628182281575e-05,0.7070068039936458
379,451,0,0.0002993935148027943,1.8120600537716146e-05,1.8120600537716146e-05,0.5651006853100349
380,432,1,0.0005408225404901958,-6.248935612176702e-05,6.248935612176702e-05,0.9457418219484631
380,447,1,0.0004625813751005396,4.976364996984807e-05,4.976364996984807e-05,0.7809281026572376
381,411,0,0.0002233747324345325,2.8488116463920345e-05,2.8488116463920345e-05,0.9039922285967529
382,474,0,0.00022101508343145928,-1.0686295625771456e-05,1.0686295625771456e-05,0.06826777732871807
383,391,1,0.0005239086526535566,-4.1273285068417015e-05,4.1273285068417015e-05,0.4512144649870606
383,426,0,0.00024188750369258448,-1.7330858512409524e-05,1.7330858512409524e-05,0.7440261151448541
384,494,0,0.00018274864391274565,-1.9720020052383105e-05,1.9720020052383105e-05,0.910942695730529
385,455,1,0.0005377478064073931,4.430493686603918e-05,4.430493686603918e-05,0.8461464906070564
386,405,0,0.00022534536240760968,1.7972383319914974e-05,1.7972383319914974e-05,0.7866829892371905
386,431,0,0.00018299060440481627,-4.445438051850999e-07,4.445438051850999e-07,0.020893025070739934
386,467,0,0.0002147764059585071,-1.3959979772463998e-05,1.3959979772463998e-05,0.28356671995019783
387,402,0,0.00022716652170298645,2.4748261727141378e-05,2.4748261727141378e-05,0.8076911480295014
387,445,0,0.00022980932855307435,-2.044422636172128e-05,2.044422636172128e-05,0.586030832925267
388,477,1,0.0005012797782404786,3.0356532858095866e-05,3.0356532858095866e-05,0.3258410972509992
389,402,0,0.0002266676872626536,-2.0774140082013377e-05,2.0774140082013377e-05,0.658441427358921
391,486,2,0.002957078242307714,-0.00010689802612864927,0.00010689802612864927,0.9197160484305746
393,472,0,0.00011733612360984582,-6.926851775868932e-06,6.926851775868932e-06,0.3194833014884939
394,406,0,0.00021692365133998303,-7.092211924779781e-06,7.092211924779781e-06,0.21725863537066184
394,408,0,0.000170012580141812,-5.486324342758044e-06,5.486324342758044e-06,0.051797741020385805
394,423,0,0.00013784449533309974,-1.5993764867335108e-05,1.5993764867335108e-05,0.9281441672989678
394,431,0,0.00018232936740670845,5.941743522463998e-06,5.941743522463998e-06,0.2012500631710724
395,402,1,0.00044169116679363286,-1.796771628324929e-05,1.796771628324929e-05,0.5895680452434504
395,458,1,0.00035469409707758156,-5.428982792537479e-06,5.428982792537479e-06,0.17804282733040397
396,442,0,0.0001769459945257456,6.050193574999725e-06,6.050193574999725e-06,0.33499537784338396
397,446,0,0.00010338349759386242,-1.1659181990969039e-05,1.1659181990969039e-05,0.6579368117017693
397,481,0,5.7792837251665945e-05,6.247010905116329e-06,6.247010905116329e-06,0.8261630712379174
398,423,0,0.0002869645913178895,-1.1887611499482335e-05,1.1887611499482335e-05,0.2435706189622813
398,431,0,0.0002411590580190307,2.5849887579400855e-05,2.5849887579400855e-05,0.9254673231742216
398,467,0,0.0002010872269734269,8.972872253195136e-06,8.972872253195136e-06,0.6506890477923521
398,480,0,0.00019082794870856914,-5.497128778676535e-07,5.497128778676535e-07,0.016818860036851305
400,415,0,0.0002449292897173982,2.0801321736703793e-05,2.0801321736703793e-05,0.8395823655344626
401,473,0,0.0002370726080613419,3.410537919410088e-05,3.410537919410088e-05,0.8315551982741124
402,441,0,0.0002377288695491816,-1.3748057317890295e-05,1.3748057317890295e-05,0.33690574952215335
403,437,1,0.0005845087893573156,-4.42146750553104e-05,4.42146750553104e-05,0.6034631928021508
403,483,1,0.0006445212316621434,8.816599324437948e-05,8.816599324437948e-05,0.7705846648950009
403,490,2,0.003313099415761143,-9.326886225906939e-05,9.326886225906939e-05,0.6862708110106303
404,414,0,0.00021845108186166316,1.7702842358771905e-05,1.7702842358771905e-05,0.8940989995151241
405,469,0,0.00019205453978147162,-7.245197525999964e-06,7.245197525999964e-06,0.3512271976362151
406,410,0,0.0003358637880380963,-1.0249711480224148e-05,1.0249711480224148e-05,0.16936746186330032
406,431,0,0.00029581824197612966,1.931174699538153e-05,1.931174699538153e-05,0.3861039021955731
406,485,0,0.0002606899330513301,1.1360779908759927e-05,1.1360779908759927e-05,0.16930786163517283
407,497,0,0.00015894977350685614,-1.2859031983938828e-05,1.2859031983938828e-05,0.21930609613258306
408,423,0,0.00015535634187561603,-1.3012256304275438e-05,1.3012256304275438e-05,0.7892838942738207
408,467,0,0.00024283682988261054,5.560155424556992e-07,5.560155424556992e-07,0.005865362442107969
408,473,0,0.00023505343484011816,-1.75350934450139e-05,1.75350934450139e-05,0.7030022109225715
409,421,0,0.00021155199892857246,1.4628114976023525e-05,1.4628114976023525e-05,0.5169179350993026
409,468,1,0.000465265403454444,-7.008286906729914e-06,7.008286906729914e-06,0.09721831852493093
410,460,1,0.0005956614929361587,-5.4903756732528886e-05,5.4903756732528886e-05,0.5135313529906681
410,489,0,0.00026121164038920425,3.669286277796927e-05,3.669286277796927e-05,0.9255992276534212
411,467,0,0.0002533142949400194,2.7656980623035316e-05,2.7656980623035316e-05,0.827582844962452
411,468,1,0.0005558973430905988,1.4993378497837367e-06,1.4993378497837367e-06,0.09926254360112957
412,453,0,0.00018864976762471603,-1.0343897361159071e-05,1.0343897361159071e-05,0.0770755332573306
413,462,1,0.0003594174899548439,2.3093386533507917e-05,2.3093386533507917e-05,0.7020662763056464
413,465,0,0.00029352927319408465,8.762786329882995e-06,8.762786329882995e-06,0.41415325445435125
413,495,0,0.00019609502235389394,-1.0017705518215883e-05,1.0017705518215883e-05,0.1798255213635643
414,464,0,0.000303835819210612,3.7881628767374794e-05,3.7881628767374794e-05,0.807947451242712
416,474,0,9.626277465256725e-05,2.497669187373869e-06,2.497669187373869e-06,0.0637782415775436
416,479,0,0.00032839419734675284,9.158641999794944e-06,9.158641999794944e-06,0.028142368222936823
418,476,0,0.00031514587103580633,2.2765215602898348e-05,2.2765215602898348e-05,0.2880150514103161
419,443,0,0.0002407168745474407,8.865641740086317e-06,8.865641740086317e-06,0.39946186459427624
419,483,0,0.0001481585001674421,-9.476097547078786e-06,9.476097547078786e-06,0.49946478211171413
420,422,0,0.00034740710928434236,-5.796449599013699e-05,5.796449599013699e-05,0.9835305425750421
420,450,0,0.0002915910291191803,8.615237659094307e-07,8.615237659094307e-07,0.05448485956469765
421,433,0,0.000281184740998591,4.56408805482655e-05,4.56408805482655e-05,0.9494053434940017
421,438,0,0.00024455278843728506,2.2036772117085136e-06,2.2036772117085136e-06,0.16305715655747663
421,476,0,0.00016188966826733556,-2.35293242568424e-05,2.35293242568424e-05,0.8982302763759143
421,488,0,0.00025519725021576296,-2.2664789178460362e-05,2.2664789178460362e-05,0.48115889891720465
422,482,1,0.0006261902029922483,-5.452787076278206e-05,5.452787076278206e-05,0.9380375273938296
424,427,0,0.00011963002297409935,1.1260022343210477e-05,1.1260022343210477e-05,0.3943479349249118
424,434,0,0.00025861659317342653,2.2518493388298854e-06,2.2518493388298854e-06,0.11745984850029986
424,445,0,0.0002678547466255057,2.9247399881001257e-05,2.9247399881001257e-05,0.31325175164871183
424,477,1,0.0002828600340094734,-2.5116869247786047e-05,2.5116869247786047e-05,0.9048805058835687
424,491,0,0.0001002439327502709,-7.247545882947263e-07,7.247545882947263e-07,0.44331104927221593
425,435,1,0.0005066120815115724,-3.229864612734668e-05,3.229864612734668e-05,0.6055572706531775
427,448,0,4.4209463560368785e-05,5.28824858503363e-06,5.28824858503363e-06,0.6538458729621541
427,466,0,0.0002679708885769871,8.637153887136543e-06,8.637153887136543e-06,0.14588027435088258
427,471,0,7.273635441756298e-05,1.0628972333701216e-05,1.0628972333701216e-05,0.9372816068799436
429,446,0,0.0003337893331756938,-3.849066005340096e-05,3.849066005340096e-05,0.6965479087429717
430,445,0,0.0002519970716491889,-2.5705018595994114e-05,2.5705018595994114e-05,0.6941472662513909
430,470,1,0.00037805218246799897,2.8805419057164464e-05,2.8805419057164464e-05,0.6561558186659016
431,452,0,0.00032455188270787263,3.325652159957744e-05,3.325652159957744e-05,0.7941227630199335
431,467,0,3.483533031104046e-05,-2.1795911761276526e-06,2.1795911761276526e-06,0.22766881674449735
432,435,1,0.00019374789630158403,-2.0936480636618437e-05,2.0936480636618437e-05,0.9778061127210924
432,456,0,0.00012434636676185863,-6.5860796870899016e-06,6.5860796870899016e-06,0.4315747306584328
433,435,1,0.0006101260162377512,6.374786725953575e-05,6.374786725953575e-05,0.8035677860536317
433,440,0,0.0001290623296634783,8.729768243808639e-06,8.729768243808639e-06,0.489316374018341
434,477,1,0.00047632918398201625,-4.644371190100169e-05,4.644371190100169e-05,0.8141962250674859
434,483,0,0.00033180744297608804,3.193757161982551e-05,3.193757161982551e-05,0.32271930388233844
434,491,0,0.00022286993986527645,-3.5519224630966855e-06,3.5519224630966855e-06,0.3387982074777486
435,440,1,0.000481921012739814,-1.7755500601436133e-05,1.7755500601436133e-05,0.2738700709922224
435,456,1,0.0004785541014508418,2.6365856911713377e-05,2.6365856911713377e-05,0.5686063663217495
436,475,0,0.0002456620992085109,-2.6380711631629856e-05,2.6380711631629856e-05,0.8841285040774127
439,480,0,0.00030014682053665104,5.2698778420452014e-05,5.2698778420452014e-05,0.9820027355310629
439,492,0,0.00023576376074597235,6.107446825403208e-06,6.107446825403208e-06,0.08983168238081922
440,461,0,0.00015338785553183995,-1.2813084022903075e-05,1.2813084022903075e-05,0.5965426278762321
441,486,1,0.0003003700213663288,1.4048070209175692e-05,1.4048070209175692e-05,0.1730221798319715
443,470,1,0.0002480836469472007,2.0253752107440327e-05,2.0253752107440327e-05,0.544649613432737
443,483,0,0.00023329896390907512,-2.351405145972629e-05,2.351405145972629e-05,0.9087516176038082
444,446,0,0.00019796218746157996,6.94773545038972e-06,6.94773545038972e-06,0.38300616919046904
444,482,1,0.0002690529333984626,5.581435919005182e-06,5.581435919005182e-06,0.07698694146046618
446,448,0,0.0002578571706509117,-7.636370248251669e-07,7.636370248251669e-07,0.19902946088609272
446,466,0,0.00023697423252998145,-2.141010236899498e-05,2.141010236899498e-05,0.7306726252130951
446,471,0,0.0002903194567470786,6.837205217308181e-06,6.837205217308181e-06,0.09568130280466884
447,451,0,0.00034498768208020427,-3.3768780774397087e-05,3.3768780774397087e-05,0.4522046842627
447,454,0,0.000174436669624376,4.512355740456095e-06,4.512355740456095e-06,0.0084444473112903
449,478,0,0.00013836341985678428,4.814993567171345e-06,4.814993567171345e-06,0.3324290668672269
451,454,0,2.241511271898475e-05,2.7739190458601922e-06,2.7739190458601922e-06,0.4096117146848304
451,455,0,0.0001130307101178855,-4.083635244112117e-07,4.083635244112117e-07,0.061220576318296735
452,457,0,0.00032984625796397187,-1.3957290693512475e-05,1.3957290693512475e-05,0.11554126223770572
452,484,0,0.0002276480441707421,1.396063407936442e-06,1.396063407936442e-06,0.011613175642244438
457,461,0,0.00024960769384387786,3.5588660268068563e-07,3.5588660268068563e-07,0.36906010968224495
457,467,0,0.00016051842583756203,-1.969928991167607e-05,1.969928991167607e-05,0.8750132712664572
457,484,0,0.0001023441443978183,4.958275536773085e-06,4.958275536773085e-06,0.11952524552638523
459,462,1,0.0003178013268681302,-5.017931868567741e-06,5.017931868567741e-06,0.11978619767045931
459,475,0,2.933363941704665e-05,2.4522615435692656e-06,2.4522615435692656e-06,0.6228750147398309
459,478,0,0.00017201769771474173,-6.806631158589106e-06,6.806631158589106e-06,0.07575053766419687
460,465,1,0.00018336373050663118,5.086637784397278e-08,5.086637784397278e-08,0.130759146469565
460,497,1,0.00024188873733101826,5.303445296011458e-06,5.303445296011458e-06,0.07505013545404066
460,499,1,0.00028028813668939733,3.540056363700738e-05,3.540056363700738e-05,0.9348912231033556
461,484,0,0.00013116138957889402,6.167379301751124e-06,6.167379301751124e-06,0.4783345197326569
462,465,1,0.00029802704024764,-1.025185226633439e-05,1.025185226633439e-05,0.2983218150240855
462,495,1,0.0004982414176594849,-5.746628671410518e-05,5.746628671410518e-05,0.9033217681002851
462,500,1,0.0005300886601268567,4.6439601009285844e-05,4.6439601009285844e-05,0.7915062871145112
465,495,0,0.00019340842200052667,-1.5654317056541414e-05,1.5654317056541414e-05,0.5806161618695382
466,498,0,0.0002121088642001108,-1.8803347391765134e-05,1.8803347391765134e-05,0.6840812360248423
470,474,1,0.0004342046888807851,6.476496344161707e-05,6.476496344161707e-05,0.9828750642918015
472,490,1,0.0006433120261409231,9.478020598647782e-05,9.478020598647782e-05,0.9721761430586114
474,479,0,0.0003217401239091348,6.250783809243856e-07,6.250783809243856e-07,0.03983938698417281
475,478,0,0.00031338452222908565,-3.8599044663112815e-05,3.8599044663112815e-05,0.7435855568128298
477,491,1,0.0003101931865907779,2.5301277982407743e-05,2.5301277982407743e-05,0.45895345649165886
477,499,1,0.0006000699424933392,-2.5100529120477163e-05,2.5100529120477163e-05,0.2080861539854982
482,487,1,0.00038709452232221694,-3.4516381921724606e-05,3.4516381921724606e-05,0.8620639972166889
487,498,0,0.00025991050562508284,-1.9617513769600108e-05,1.9617513769600108e-05,0.08615692768656763
494,499,0,0.00029010719918072905,-1.3028986991244269e-05,1.3028986991244269e-05,0.3384840363314042
