<?xml version="1.0"?>
<VTKFile type="PolyData" version="0.1" byte_order="LittleEndian">
<PolyData>
<Piece NumberOfPoints="2686" NumberOfVerts="0" NumberOfLines="1343" NumberOfStrips="0" NumberOfPolys="0">
<CellData>
<DataArray type="Int64" Name="atom_id_i" NumberOfComponents="1" format="ascii">1 1 1 1 2 2 2 2 2 3 3 3 3 4 5 5 5 5 6 6 6 6 7 7 7 7 7 7 8 8 8 9 9 9 10 10 10 10 11 11 11 12 12 12 13 13 13 14 14 14 14 15 15 15 15 15 15 16 16 16 16 17 17 17 17 17 17 18 18 18 18 19 19 19 19 20 20 20 20 20 21 21 21 21 21 21 22 22 22 23 23 23 23 23 24 24 24 24 25 26 26 26 26 26 27 27 27 27 28 28 28 29 29 29 30 30 30 30 30 31 32 32 32 32 33 33 33 33 34 34 34 35 35 36 36 36 37 37 37 38 38 38 38 38 39 39 39 39 39 40 40 40 40 40 40 41 41 42 42 42 43 43 43 45 45 45 45 46 46 46 48 48 48 48 48 48 49 49 50 50 50 50 50 50 51 51 52 52 52 52 53 53 53 54 54 55 55 55 55 55 55 56 56 56 56 56 57 57 57 58 58 58 58 58 59 59 59 59 60 60 61 61 61 61 61 62 62 62 62 63 63 63 64 64 64 64 64 64 65 65 65 65 66 66 66 66 67 67 67 68 68 69 69 69 69 70 70 70 70 70 71 71 71 71 72 72 72 73 73 73 73 74 74 74 74 75 75 76 76 76 76 77 77 77 78 80 80 80 80 80 81 81 82 82 83 83 83 83 83 85 85 85 85 85 86 86 87 87 88 88 89 89 90 90 90 91 91 91 91 91 91 92 92 92 93 93 93 94 94 94 94 95 95 95 96 96 96 97 97 97 97 98 98 98 98 99 99 99 99 100 100 100 100 100 101 101 101 101 101 102 102 102 102 102 103 103 103 103 103 104 104 104 104 104 105 105 105 105 105 105 106 106 106 106 106 107 107 107 108 108 109 109 109 110 110 110 111 111 111 112 112 112 112 113 113 113 113 113 114 114 114 114 114 115 115 115 116 116 116 116 117 117 117 117 117 117 118 118 118 118 118 118 119 119 119 120 120 120 121 121 121 121 122 122 122 122 123 123 123 123 123 124 124 125 125 125 126 126 126 126 126 127 127 127 127 127 128 128 128 128 128 129 129 129 130 130 130 130 130 130 130 131 131 131 131 131 131 132 132 132 133 133 133 133 133 134 134 134 134 134 135 135 135 135 135 135 136 136 136 136 136 136 137 138 138 138 139 139 139 139 140 140 140 140 141 141 141 142 142 143 143 144 144 144 144 145 145 145 146 146 146 146 147 147 147 147 147 148 148 148 148 148 149 149 149 149 149 149 150 150 150 150 150 150 151 151 151 151 152 152 152 152 153 153 153 154 154 154 154 155 155 155 155 155 155 156 156 156 156 156 157 157 157 158 158 158 158 159 159 159 159 160 160 160 160 161 161 162 162 162 162 162 163 163 163 163 163 164 164 164 165 165 165 165 165 166 166 166 166 167 167 167 168 168 168 168 169 169 170 170 170 170 170 171 171 171 172 172 172 172 172 172 173 173 175 175 175 176 176 176 177 177 179 179 179 179 180 180 180 180 180 181 181 181 181 181 182 182 182 182 182 183 183 184 184 184 184 185 185 185 185 185 186 186 187 187 187 188 188 188 188 188 189 189 190 190 190 190 190 191 191 191 191 192 192 192 192 192 192 193 193 193 193 194 194 194 194 194 194 195 195 195 195 196 196 196 196 196 197 197 197 197 197 198 198 198 198 198 198 199 199 199 200 200 201 201 202 202 202 202 202 203 203 203 203 204 204 204 204 205 205 206 206 206 206 207 207 207 207 207 208 208 208 208 209 209 210 210 210 211 211 211 211 211 212 212 212 212 213 213 213 213 213 214 214 214 214 214 215 216 216 216 216 216 217 217 217 217 218 218 218 218 219 219 219 219 220 220 220 221 221 221 222 222 222 223 224 224 224 225 225 225 226 226 226 227 227 227 227 228 228 228 228 228 229 229 229 229 230 230 230 231 231 231 231 231 232 233 233 233 233 234 235 235 235 235 235 236 237 237 237 237 237 238 238 238 239 239 240 240 240 241 241 242 242 242 242 242 242 242 243 244 244 244 245 245 245 246 246 247 247 248 248 248 249 249 250 250 250 250 250 251 251 251 252 252 252 252 253 253 254 254 254 255 255 255 256 256 257 257 257 258 258 258 259 259 259 259 260 261 261 261 262 262 262 262 262 263 263 264 264 265 265 265 266 266 266 267 267 267 268 268 269 270 270 270 270 270 272 273 274 274 275 275 276 277 277 278 278 278 278 278 278 279 279 279 279 280 280 281 281 281 282 282 282 282 283 283 283 283 283 284 284 285 286 287 288 288 288 288 289 290 290 290 291 291 292 292 292 292 293 293 293 294 294 295 295 295 296 296 296 296 297 298 298 298 299 299 299 300 300 301 301 301 302 302 303 303 303 303 304 304 304 306 306 307 307 307 308 308 309 309 310 311 311 312 312 313 313 314 314 314 314 315 315 316 316 316 317 317 317 318 318 319 321 321 321 321 321 322 323 323 324 325 325 325 325 326 327 328 328 328 328 329 329 329 330 332 332 333 333 334 335 336 336 336 336 337 338 339 339 339 340 340 340 341 341 341 342 342 343 343 343 343 344 344 345 346 346 347 347 347 348 348 350 351 352 355 356 357 357 358 359 359 359 359 360 360 361 361 361 362 363 363 364 365 366 366 366 366 366 368 368 369 369 369 370 370 370 371 371 371 371 372 373 373 373 373 374 374 374 375 375 376 377 378 379 379 379 380 380 381 382 383 383 384 385 386 386 386 387 387 388 389 391 393 394 394 394 394 395 395 396 397 397 398 398 398 398 400 401 402 403 403 403 404 405 406 406 406 407 408 408 408 409 409 410 410 411 411 412 413 413 413 414 416 416 418 419 419 420 420 421 421 421 421 422 424 424 424 424 424 425 427 427 427 429 430 430 431 431 432 432 433 433 434 434 434 435 435 436 439 439 440 441 443 443 444 444 446 446 446 447 447 449 451 451 452 452 457 457 457 459 459 459 460 460 460 461 462 462 462 465 466 470 472 474 475 477 477 482 487 494</DataArray>
<DataArray type="Int64" Name="atom_id_j" NumberOfComponents="1" format="ascii">84 280 439 492 6 81 204 209 236 53 135 210 494 356 105 374 475 500 127 146 232 324 123 146 217 260 338 496 171 273 383 81 124 239 23 114 386 452 42 271 482 273 370 383 263 346 489 233 249 262 270 49 250 302 311 405 436 86 152 330 365 82 140 141 419 443 448 65 183 266 477 106 311 345 456 24 218 349 362 457 57 113 168 335 394 423 384 424 494 49 93 349 405 452 52 218 362 482 41 247 341 357 440 442 126 235 248 429 110 111 154 88 139 337 75 264 357 425 432 473 228 286 287 495 263 268 367 404 247 357 444 79 186 100 289 447 167 254 289 80 131 215 253 364 45 159 249 413 462 68 102 355 460 492 497 79 186 274 392 414 206 258 490 249 265 326 358 178 294 415 339 379 385 390 432 451 224 351 222 284 347 392 402 450 317 449 136 316 361 362 135 180 376 85 109 197 216 264 339 348 483 148 215 244 256 356 168 265 326 178 186 350 385 455 393 407 418 449 326 368 155 156 283 367 428 177 202 420 422 154 326 413 93 106 260 311 338 405 211 407 477 497 78 200 305 473 180 251 340 211 492 107 271 347 422 189 227 384 445 489 121 301 322 393 146 201 297 250 288 478 480 200 281 401 468 238 248 102 187 492 497 194 268 437 109 142 215 253 261 488 232 236 350 443 136 227 272 404 489 148 182 244 258 352 135 369 261 476 176 353 222 412 355 368 460 217 290 292 303 405 431 193 227 324 160 224 260 112 132 430 471 178 294 455 124 293 320 186 255 400 442 145 287 465 495 345 351 374 384 115 130 143 306 380 111 154 241 358 463 145 256 355 460 497 132 387 395 430 458 161 187 407 418 492 214 286 366 374 462 494 212 260 359 426 486 202 218 486 119 478 205 333 352 243 281 468 223 231 463 122 416 470 474 205 258 423 437 493 118 302 316 457 500 143 289 353 161 439 449 478 306 308 318 425 446 466 165 226 343 363 457 467 243 281 381 322 407 485 158 365 421 449 246 382 395 416 192 338 377 417 496 269 412 206 477 490 143 179 415 420 429 160 204 324 396 452 187 333 352 418 472 169 310 382 143 238 248 306 354 380 400 181 182 253 364 428 463 157 395 416 139 289 306 308 318 140 236 269 285 360 181 210 364 369 388 428 151 189 271 272 316 372 176 254 373 380 157 319 337 471 141 334 360 455 397 448 479 231 371 354 429 201 236 328 396 287 460 465 160 201 260 417 185 312 336 421 433 182 215 241 244 463 173 232 234 412 458 464 167 284 319 337 389 402 224 316 351 441 214 286 365 378 440 444 487 159 326 358 413 221 283 298 327 403 419 221 270 295 361 367 315 402 471 322 365 436 469 243 249 343 375 260 282 396 452 449 492 204 209 236 327 419 309 387 427 430 471 382 412 458 247 312 362 363 457 190 220 295 464 273 319 337 257 263 437 493 239 310 192 213 229 390 483 177 245 391 173 189 227 234 414 445 395 458 280 305 439 259 479 481 202 415 259 277 420 429 181 340 365 421 488 233 253 340 428 438 258 313 329 463 493 301 469 251 252 433 436 197 207 336 342 490 320 400 206 244 256 230 296 301 435 469 278 387 191 277 397 453 481 331 422 429 482 208 229 240 300 359 390 290 346 445 489 327 332 342 403 408 437 240 430 491 496 310 323 377 417 454 264 341 348 440 461 336 393 401 409 472 473 205 399 423 281 305 236 239 245 297 347 391 486 272 372 462 489 209 268 324 332 423 493 276 352 407 497 229 230 264 266 435 213 219 377 470 414 464 369 424 477 279 460 477 485 499 237 254 315 441 314 430 434 443 470 267 286 376 465 494 344 328 341 350 385 419 290 324 405 452 247 282 349 442 323 417 430 458 360 419 464 268 298 327 395 450 453 468 349 441 486 283 307 477 363 461 473 346 404 414 489 261 317 344 376 488 230 300 432 435 240 266 300 253 371 375 409 438 417 262 428 438 498 496 248 255 400 422 442 350 254 273 389 426 486 385 400 451 293 417 292 338 491 463 493 290 324 332 346 394 406 431 462 256 276 352 273 347 450 284 395 442 457 306 357 425 263 299 302 303 405 469 475 425 466 498 309 315 330 466 438 463 289 319 426 297 422 442 356 497 346 394 406 313 352 437 353 397 429 481 486 317 344 488 329 358 375 438 463 270 367 339 435 326 410 413 301 434 490 356 376 460 346 404 412 272 299 361 367 404 500 389 422 453 408 490 364 453 481 309 315 345 387 402 441 410 485 491 499 399 406 381 411 468 297 349 396 442 298 304 307 427 428 389 450 455 475 344 302 386 411 459 447 292 324 485 325 454 303 338 469 485 297 320 391 354 451 331 404 414 300 435 436 469 391 304 331 448 343 362 500 311 469 393 407 490 351 475 405 469 480 485 331 446 498 318 380 427 443 483 353 429 330 384 383 405 436 438 440 388 437 427 448 470 471 318 319 351 372 500 378 449 488 425 456 389 381 398 411 439 480 449 470 474 496 379 455 470 479 493 348 341 385 400 442 358 367 493 494 394 484 401 472 481 368 342 461 473 490 416 405 385 443 483 433 438 498 396 442 484 461 490 363 375 468 500 356 376 351 404 489 392 441 450 403 484 385 374 472 399 364 440 442 493 373 377 426 456 464 481 404 482 487 487 438 468 388 433 410 465 489 494 499 399 413 427 428 498 383 426 447 409 421 476 488 374 390 426 432 447 436 475 494 438 468 488 390 475 390 443 451 432 447 411 474 391 426 494 455 405 431 467 402 445 477 402 486 472 406 408 423 431 402 458 442 446 481 423 431 467 480 415 473 441 437 483 490 414 469 410 431 485 497 423 467 473 421 468 460 489 467 468 453 462 465 495 464 474 479 476 443 483 422 450 433 438 476 488 482 427 434 445 477 491 435 448 466 471 446 445 470 452 467 435 456 435 440 477 483 491 440 456 475 480 492 461 486 470 483 446 482 448 466 471 451 454 478 454 455 457 484 461 467 484 462 475 478 465 497 499 484 465 495 500 495 498 474 490 479 478 491 499 487 498 499</DataArray>
<DataArray type="Float64" Name="conductance_W_K" NumberOfComponents="1" format="ascii">2.2274597339129234e-06 0.0024909236797631 0.0024895028576563728 0.00038940754378068696 7.552651078299303e-05 7.6752169678403e-05 0.0001257334875965192 0.00011343991843008559 0.00013175430674350677 0.00012453195611582352 0.00019034068767981917 0.00011451279932924378 0.00021060719154498262 0.00014759330159056614 0.0001729745714425607 0.00015823820991066537 0.00017071454965851107 0.00021130967768811466 0.0004172643931694098 0.0002521263466289494 0.00042138410990613087 0.0010724664931525878 0.002149837259087041 0.00042158576756295664 0.002422265288003488 0.0004089380132555141 0.0002862069630992049 0.00041314496755457536 0.00019464657247405452 0.000141490537475876 0.00017850655255021285 2.2292785504166834e-05 2.3760914810253662e-05 1.2316924470549406e-05 0.0001775706540879637 0.00023709199960089474 0.00014793958152283703 0.00022102601357991728 9.332078993158548e-05 8.095582440754185e-05 9.427384808551797e-05 0.00021374284769766033 0.00020178630528164404 0.00018731718393032095 0.00017872808311913816 2.1457512584529334e-05 0.00018428838470083725 0.00017659813456572714 0.00015184762975861907 0.00019726788451938115 0.00022408343124603417 0.00017665917510057005 0.00019545559589273552 0.0001757036277308025 0.00015138519957292172 0.00013111966169480484 0.00021024113638410397 0.00012622116668817412 0.00014580563426279993 0.0001712720206139574 0.0001686910151020879 0.00019329314623660953 0.0001310260783491302 0.00017397382728062178 8.065847549201047e-05 0.00019431683127371302 0.00020829011472378074 0.00022334679791371478 0.0002574203552157907 0.0002362836413759006 0.0002575414067840439 0.00020039554896699648 0.00023681700994047976 0.00027151456268913437 0.00022262851451584768 0.00010231319944324348 0.0001386079429395928 0.0001972372509429356 0.0002042295738588252 0.0001544453323783898 0.00013189752687805587 4.9033240652382424e-05 0.0001277401380274032 7.792729831347596e-05 0.00015687090805388136 0.00015418731759310486 0.00010835569419098347 0.0001163717670920747 5.46645552060775e-05 0.0001397344360776027 0.00019609466045284276 0.00017664097473129174 0.00019394942696170512 0.00014582465411522736 0.00015237196150460992 0.00023117447705438285 0.00023094726731574193 0.00024347971466701367 4.053402996977261e-06 4.578072305121008e-05 0.00011246395935455027 1.6973968592842035e-05 0.0001169539926414978 4.822812885910476e-05 0.00021752153278462908 0.0002470833610867056 0.000537220532417254 0.00027880803208114494 0.000104834487722566 0.0002892230937639326 0.00024584386363972574 0.00019314962564627225 0.00017832149796191828 0.00016315242060232487 0.0001169044280476939 0.00023878505098297106 0.0001782201794251769 0.0004102260266446771 2.5454393255963323e-05 9.682458365518543e-08 0.00023447129520132634 0.00023249136361529508 0.00021178031624604295 0.00024551816283717925 0.00013469042076570326 0.0001747642626930126 0.00013829159907349092 0.00010831028645626031 0.00014456434287935064 0.00012365806523905452 0.00015074765610626032 1.2189891924728888e-06 9.258200997725515e-08 0.0021573122489519218 0.00015901281144394894 0.0002647092260550005 8.695363987458857e-05 0.00018075768889659293 8.954980681060068e-05 0.00013969340194959777 6.472083567332294e-05 0.000363105786148042 0.00020060108518782466 0.00021528831011003225 9.022705951785956e-05 0.00013195800960908913 0.00015450531554145902 0.0001529424863504238 0.00016271646409757776 1.1464243510460918e-05 0.00021710005682144628 0.00015364569632474233 0.0002635187525324097 0.0002736894988011209 0.00022576003571301708 8.660254037844388e-08 9.258200997725515e-08 7.960559219788628e-05 9.917705531499833e-05 0.00012167217959025896 0.00016378028575782046 0.00016328253259716843 0.0003285401368324318 0.00020269316236199025 0.00019507144382923487 0.0001813179426476137 6.107230471607004e-05 0.0003408730911223216 0.00019975139420692025 0.00025051185964836554 0.0018905149467154433 0.00011082937128270832 0.0017718909121479495 0.00026497929947810354 0.0003472613362117007 0.0004337216506264422 0.00018333359024108484 0.00010956535082875896 0.00014128169853969833 9.316520789461817e-05 0.00014842418925173836 7.426980740124627e-05 0.0001532013608825095 8.728353295204905e-05 0.0001665932179427417 0.00023782056928369784 0.000188081767370321 0.00019017720384392506 0.00020679486903451587 5.305948746408737e-05 0.00021452181642442098 0.0002449313074049336 0.0002481657822701559 0.00019858225493988194 0.00015077678903450677 0.00016305505494495842 0.0002089058705506946 0.0002474773763506706 0.0002946254991981517 0.0002053252759786299 0.00033527384835371803 0.0002327090949164258 0.0003255750387130139 4.332677794369691e-05 9.911202691216585e-05 0.00026085442290623453 0.00021398994082143398 0.00017963588638215865 0.0002072107835851885 0.0022034309934036342 0.00038928444629242836 0.00043515385689948667 0.0013309334369515614 0.001123590450016485 0.0001691600685120629 0.00018821873933112622 0.00018224636825487785 0.00019577403493182136 0.00017808214061896066 0.00016123338405948858 0.00016628711359736444 0.00016282495619934166 9.085480710384069e-05 0.00013559184660546763 0.00017860432668773013 0.00014892794117081054 0.00024308687862164847 0.0002119178035398388 0.00020835828308069808 0.00025087166789268815 0.00021255098350299046 0.00029835550560092033 0.0002164743129835205 7.369595275240329e-05 0.00014924523550380298 0.00023957089269647166 0.000189353145811395 0.00015583694952984848 0.00012523476203198794 0.00017199561751514588 0.00017072132719117374 0.00025739898875566544 9.808104865652553e-05 8.051670754479874e-05 9.252945501498533e-05 0.0001087433883838454 0.0004600158247404743 0.0025428291466757166 0.0003472391425161118 2.414716753794879e-05 2.4223323616498387e-05 0.000100631516258557 0.00017753848062681426 0.00015441510936973322 0.0001866530460199588 0.00015606823321307703 0.0004548895007353976 0.00021868291561034803 0.00019463638757282164 3.553947763839113e-05 7.54763868796878e-05 6.69740597208958e-05 7.218756411165434e-05 6.66584359201543e-05 0.0001423940346158021 0.0001792255109880567 0.00019125555117219053 0.00013543010206382473 0.00013596323722045645 0.0001523181443379749 0.00018045769162308606 0.00010187155258010083 0.00021734786291459113 0.00022512615522047905 0.0002211176970225751 0.00014096028236353005 0.00027721234373380535 0.00017075902129551687 0.0001631827253728512 0.00014766559170466877 8.144906357148912e-05 0.00012539673623550106 0.00013416551405768585 7.894805479600957e-05 0.0001004862559340706 0.00012959401388300235 0.00015278779105615928 0.00010170714267605387 0.00014637105427052114 0.0001534716301862841 0.00020831064004387135 0.0002067114867823827 0.00020754397509982277 0.00014937582212791925 0.00017125729087566824 0.000318807015250075 0.00013002496520161147 0.00010569762194430196 0.00018884478149055857 6.060307480808063e-05 0.00019702750714299303 0.0001571623140252954 0.0001680026320620823 9.073012958860579e-05 0.00011307581115114011 0.00010342000610255951 0.00011820147502695721 0.0001229200914061184 0.00021872511047939065 0.00018920191358511826 0.00010436200609426324 0.00015295167526764442 0.00013675181448175977 0.0001585601363771199 0.00017457785528677007 0.0019216887683963335 0.00021756831392426423 0.00030874157690315845 0.0016018374590935397 0.00018604438610234157 0.000309881342368674 7.694559396330882e-05 0.0001706492304920636 0.00018462925136358762 0.0002289362346688995 0.00015933154303120667 0.00020302377294886402 3.0185466843647443e-05 0.00015071009089357503 0.00020598321966311858 0.0001859907299422692 0.0016804850095826405 0.00026864481117290463 0.0026130342182374374 0.00017746114550635484 0.00016299852501181806 0.00011124929911143918 0.000145925863849524 0.00011386906074676582 6.942412387636535e-05 0.00014899685129331357 0.00022608083949674613 0.00016534911135702532 0.00021209612113791775 8.747578320673017e-05 0.00020848332878782656 0.00012225546910537904 0.00020008528807933553 0.0002028314350136743 0.00027461466727010317 0.001416945800710356 0.00029598224799023276 0.001868860611992948 0.00034138830771293085 0.00011689504591922187 0.00018066533502858836 0.0001732851342130748 0.00012094987809958744 0.00020092828007700403 0.00023517611346629802 0.00025550495567849314 0.00016709152950325997 0.00014878195535005103 8.307632516346339e-05 0.00016334628083025342 0.00017980864650914667 0.0003019170342539887 0.0002719223938859739 0.00026522061531204387 0.00014041123683212537 0.00022684181517270568 2.2629639526516166e-05 0.0002375124458028842 0.00023020490510308386 0.0001986353045996961 0.00023920513499575412 0.000304916748121922 0.00025016715461449604 0.00022320553052836113 0.00017202678446712763 0.00020531805061430944 0.00014981676676516575 0.00022618439707857902 0.000193431297296955 0.0002143512657456483 0.00016181634526541943 0.0002168206587458161 0.00020040020672445943 0.00010845584073609811 0.00010544738257280636 0.0002385221752395958 0.00019123473249167117 0.00023427304513429285 0.00013764801670631378 0.00030653443359062046 0.0002593013646334102 0.0001602062241025934 0.00030221354954563167 0.0002240675642777002 0.00022202040549121712 0.00013852359334437547 0.00022329261429603373 0.00017418466104710307 0.0001405203513688067 0.00017857545117723638 0.00019735212181694748 0.00017259867648198056 0.00014966728839334705 0.00021008571466000646 0.00015473867242526116 0.00022791340152227232 0.0001774736733118345 0.00018233393503083752 0.00010412250067108601 0.00020202366608293508 0.00019927199532263797 0.00021388611789590294 0.0004258304956485047 0.0001861175021221493 0.000319627394212244 0.0022467541893284237 0.00034989099602120724 0.0001825934421141046 0.001679568108857072 0.00035325793141494663 0.0004401875144653572 9.879062819214393e-05 0.0001359110512560293 0.00028269079612289704 0.00016355526516272182 0.0002735376309618631 0.0001010406020167395 0.0002163743819731938 0.00012353915264061733 0.00018701612881370918 0.00022808802385385985 0.0001805036990925351 0.00025147047606045446 0.00012889551058004435 0.00013737926376181 0.0002302633578331201 0.00024544403435254863 0.0005281685583857181 0.000140904125204004 0.0003547249157092738 0.000267224618883525 0.00039937814678936233 0.0005480228032871422 0.0026550560836642065 0.0004281182076081793 0.00022982284547474663 0.00010893102450389523 0.0001778141971272762 0.00019503931223456417 0.00019318542197444534 0.000322460326523151 0.00023102248390523814 0.0002810195767963696 0.00024640901879829534 0.0002084333093141647 0.0002160050793262232 0.00015173510627388025 0.00027679733573239497 0.0003082265073400533 0.0002032715397001613 0.0002626940927294686 0.000451773575069269 0.0016172928942910733 0.00041879416767919074 0.0004452115903087754 0.0027885863765547466 0.00013009702333917594 0.00032266288665183223 0.00019599026211900703 0.0004537455002197139 0.0004123861695904443 0.0023853036116893134 0.0012565791521045161 0.0004838395113414371 0.00045071213783855354 0.0004377130443898374 9.010906596994271e-05 0.00017702369859499568 2.9483766248587013e-05 0.00016436144864115886 0.000221402661483519 0.00019006682716182858 0.00017508824442435207 0.0002502687843880221 0.0001827280897245226 0.00021353650988627625 0.00020333277273391535 0.0001373711490164569 8.013082070495657e-05 0.00017985242316134793 0.0001847619562240215 0.0002968951969472408 0.0002620331070418826 7.332826021359455e-05 0.0002479686466567474 0.00023848713269113118 0.00011578886883108604 0.0002477887660363071 0.00025614009591335996 0.00019632611740151107 0.00018315695666393464 0.00018276815548725465 0.00024360680593415372 0.00018886791823274243 0.00011308753840275436 0.00022490035907624304 7.334570073136978e-05 1.0000000000000001e-07 0.00016835684185104554 0.00012623440232846985 0.00014791116193460649 0.00015705396845583236 0.00013116998429402247 0.00015845250738962866 0.00021589796469443154 0.00015693333752171007 0.0001420159731685083 0.00022707369403036025 0.0004500096278670079 0.00014458716972828105 0.0001673167807850112 0.00020516977956495095 0.00012066320829761354 0.00013751880999245705 0.00016391756102938261 0.0002456174598915301 0.00019275817616666997 0.0001737915188415975 0.00020188860311914854 0.00015484239250911866 0.00020352358111695701 0.00025341674779652854 7.588410710999486e-05 0.00016414184525225127 0.00026725695215117605 0.0001476694990980508 0.00022890302979240295 0.00019988893523910535 0.00021872161601473218 0.00024252406201808295 0.00021830375862380582 0.00018659398625828246 0.0001337713668460249 0.0004498778759652032 0.0002709423545049906 0.00025949403242110755 0.00028543471903914083 0.00017418265306087905 0.0002515217365819781 0.00022095448133203685 0.00017513254679098458 0.0002922568217692231 0.00029166780114778566 7.866401034544864e-05 0.00024008412129396855 0.0002068407371778417 0.00022695406071015074 0.00010260901766952465 8.250374407889338e-05 0.00021230470675405333 0.00019494227260259282 0.00020529890060778163 0.00022955642367901828 0.00015919842155603285 9.391584572760727e-05 0.00011604069873482096 9.227232362726549e-05 0.00021361577094010164 0.00013872911448155838 0.00019812019777228459 0.0002809298184509533 0.00014086647550374772 3.2671458066350746e-05 0.00021904981777898867 7.940294873138819e-05 0.0002488089678468062 0.00022277445806724214 0.0001591076286663734 0.0005371991356814064 0.0002755376078102285 0.0001558533398387556 8.987146984212694e-05 0.00017475082014127945 0.0001956716895019088 0.0001500230253814897 0.0001921593666854219 0.00022085073445087707 0.0002175777260459298 0.00018105057802630963 0.00023054457514849944 0.0001279886765131249 0.00021783569407522974 0.00020735294508074367 0.00021367516521564458 0.00025223455884919305 0.0002216988334329065 7.331525125446612e-05 0.00021791484051129412 0.0001657732572673586 0.0002324319230455686 0.00021353382448904807 0.0002528467853134583 0.0002481412913535945 0.00017748719063904192 0.00023822398958903292 0.00015188632216660825 0.00025581172947848797 0.00017472591861146164 0.0001525619391219126 0.00023427610237090137 0.00025244581130562816 0.00018597370540534753 0.00020756305713644279 0.0001872048948741877 0.00030557970615880954 0.00015409858807490605 0.00022702463130258916 0.00022328345836325668 0.00019709584743656458 0.00022478666576419487 0.00018591506600577437 0.000147744246770239 0.00018080440813063715 0.00015202715458489488 6.306472189300473e-05 0.00010097833803929908 0.0001200542086817003 0.0004404165648312523 0.00027326440776405863 0.0003057554383407767 0.00024459419425616757 0.00015014512627729246 0.00021209646591049153 0.00012772593266017454 0.00020288339692357883 0.00023837387179144966 0.00020372781400971798 0.00043669974010174023 0.00029692818401374875 0.00015112744975262377 0.00029514344622003785 0.0031363800832622953 0.0004648676503799205 0.002789734171937805 0.00040846577813610335 0.0004804121144753367 0.0004140861747796523 0.0031379884719937197 0.0002460927567815732 0.0012444351386579479 0.00019469664106301138 0.0013435668786555039 0.00032153733463479784 0.00039580002644117425 0.000322820352591159 0.00018709505095984336 0.0003044445885869482 0.0003058068371909043 0.00016190034235631775 0.0003107943160039879 0.00015416037692380318 0.00018826640753709376 0.0001740085849050734 0.00022197099305337487 0.00018997099922757877 0.0002710603557725136 0.00014123872135753536 0.00014372415991071026 5.539607827329344e-05 0.00015955309351071834 0.00023752510230990915 0.00014456718374488437 0.00012650660188428682 0.00020816325226732872 0.00018550648177463787 0.00014042116548899398 0.0001524576356391959 0.000280912204139205 0.00042116002710072977 0.0002491721700444781 0.00015918457721509198 0.00026398602235088516 0.0002197687810065205 0.00021603863425434663 0.0001501070788863696 0.00011763119428629992 0.0002717896844526616 0.00021958571283318902 0.00019529799458246251 0.00014359311705413642 0.00022995434431265067 0.00021360199366223377 0.00014371348657618138 0.00024212855690754 0.0002460745133320642 0.00010099359094023526 4.922386532994271e-05 0.00021113953008321384 0.00017937807909115648 0.00021083794514273641 0.000164354445914181 0.0001301359331731329 0.0001343143292867872 0.0002036169056142838 0.00022675150684501883 0.00019489810931887664 0.0002451267372372026 0.0002549934093775784 0.00026590337214966536 0.00025484019057397836 0.00020153183319045954 0.00017234453276259603 0.0001893570679528777 5.728036955214379e-05 0.00016449854402639618 0.00017747354190432633 0.00018474138087847433 0.00016102172757707722 0.00020987525018952648 0.00024919735305586893 0.0001846435864593619 0.0005093181878879515 0.00027290237803755053 0.00014548441047225778 0.00022479446633860212 0.00029626958254256995 0.0002176523950707067 0.00024261805088649177 0.003054424380455014 0.0004222905179422033 0.003066978269619628 0.0005523133134550387 0.0028415608428453277 2.3164900745645068e-05 0.00020359893733544135 0.00010896345242734248 0.0001241805270438518 0.0001560315305365374 0.0002170381103641941 0.00023065923250476666 0.0002734298896324224 0.00022626930675021775 0.00031673168269570184 9.182232659906605e-05 0.00025524233572617975 0.00044362001516904564 0.00020260721030225211 0.00017033841838552425 8.51705828370277e-05 0.0002665915438321757 0.0001528849567383438 0.00019923790290018176 0.000216630930127923 0.0001650041050852634 8.839668022674361e-05 0.00023815752383360658 8.35026987740131e-05 8.496981430780796e-05 0.00015652010763711675 0.00014933439720323283 0.00015534276016178773 0.0002421101239685345 0.00023749862600463793 0.00022849972690630192 0.00025245570889267965 0.00024092557725379204 0.0001634548876166145 0.00020862745270054965 0.00014640263764672512 0.00020130579283789826 0.00015822613164816866 0.00025673836449831397 0.00024004746966646331 0.000241264013646439 0.00010183092857215979 0.0001650445570874567 0.00011778916789015976 0.0002465487005818607 0.0002657766889582904 0.0002109699152060165 0.00012541474668925133 0.00018203322554588572 0.00018511970655886762 0.0001627272950170645 0.00012109612657831723 0.00020897803693168776 0.0001429887041427798 0.00022559798098841497 0.00019348236826860173 7.174708221158893e-05 0.00020467675485315493 0.00023833162152943203 0.0001701218136252022 0.0001869509429846794 0.0002998638311829077 0.00024029014798660536 0.00023775297314873004 0.00014030486535380554 0.00017295209297965504 3.346547202502962e-05 0.00024465288343388165 0.0002656781888342314 0.00014599505465219236 0.0003863094580708532 0.00021084651095388846 0.00017714734184762993 0.0001798835077166818 0.0002905918949524514 0.00025632503183809814 0.00024028347870941278 0.0014745416059786603 0.00033364719611588017 0.0004287906666964551 0.00013465721846095828 0.00011077630541693096 4.9665860369455225e-05 0.00022359681610178102 0.00015971996495753223 0.00020707751551947177 0.00021078554333686273 0.0002058823907850953 0.0002235033817452696 0.0002485433602370021 0.00010123436075357247 0.00019864750302409046 0.00021079700546338848 0.00019896796985027058 0.00041710191362798773 6.643093012113605e-05 0.0002450034890457665 0.0002350403576409738 0.0001682789633324131 9.282144907404249e-05 0.00024300347735254575 0.00013456384873732752 0.0001808008551933985 0.0001967195629495902 0.00015510924101347533 6.914243768179801e-05 0.00019737018471273089 0.0026764332961127435 0.00047255717699175005 0.0004541978031343079 0.0005409606884188722 0.0001297761751071985 0.00016468260171302078 0.0001646522254900947 5.131400263131153e-05 0.00021410254685308696 0.00019866577968739846 0.00020635398759216586 0.00030614598947071523 0.00030649074794710115 0.00026989945709061854 0.00010374638617825519 0.0001492000713232924 0.00018360626069260274 0.00027980742152578186 1.8654343572423317e-05 0.00016435011475785937 0.00020350722979587448 0.00024303709399686654 0.00014707855200592453 0.00018858787828457494 0.00015904846856578569 0.0001817769989624502 0.0002319440031843968 0.00011560078461375212 0.00014275931533252808 0.0002520325548378352 0.00025668083220509587 0.00024462310442334147 0.0002827750094333277 0.00021810223803467318 0.00016851133766575152 0.00014515386195893015 0.00016098813022203082 0.0002459408844074988 0.0005108687317049952 0.00024505528879935215 0.00023370889304994972 0.00015422488478440645 0.00015712021477804733 0.0002707767696668338 0.00023723095796073388 0.00027552809258304446 0.00017131599114610885 0.0002979906044649293 0.0002811503711683195 0.001957991610364796 0.00042523153698329066 0.0029414282047479203 0.0002718087718219123 0.003004589306556764 0.00040311220355776555 0.00022232638733133659 0.00012505170073544536 8.511759539562171e-05 0.00018854398400742448 0.0002090179820037261 0.00012400719685273434 0.00010019044136384058 0.0004873921195824648 0.0034883576494247033 0.00019666360544573337 0.0002102130446377195 0.0017941335838160054 0.0002932210092204626 0.003396441348748255 0.0002280083295364818 0.00024463746280981616 7.781277063589323e-05 0.0002684588429435169 0.0002507498280260732 0.00013859767577146723 0.0002800616821952858 0.0029701656483420323 0.00032463157298951573 0.0003691808358421293 0.0001414694561848615 0.00025815417031344577 0.00015452662903728173 0.00021971729717350908 0.00021881048087451566 0.0001515382762279941 0.00020381491140228225 1.4266167965404315e-05 8.978698917350981e-05 0.00021948426529366398 0.00020650098298623321 7.003461223224244e-05 0.0002498005303318118 0.000262934624444243 0.0018205230898424092 0.00031049051876831484 0.0021195987482143823 0.0001768490367399094 0.00014439360529957987 0.00017079082071398916 0.00019204786068586618 0.00014141512035260545 0.00034838320914501935 0.00029093478731720814 0.0002825702647884318 0.0001909124584733334 0.00022506716760753258 0.00027761791745126537 0.00010413146680441992 0.00011823272072913404 0.0002038627346229408 0.0002152802556322988 0.00023927617116493465 0.00023873327826296102 1.790459253889733e-05 0.00038240055402517553 0.000230743170416609 8.79569029254504e-05 0.000323300386718475 0.00028154619446986564 0.00016525309527027718 0.0002291304060769247 0.0005261953699147348 0.0002654740964251523 0.00024252404561678006 0.000259656606658041 0.0003463188052719756 0.0002258699345353124 0.00017283146036271827 0.00011244740865147842 0.0002541561408175403 0.00027171149833372823 0.0001773585580716752 0.00020667648503445166 0.0001553965390107792 0.00024127060062248743 0.0001351925188843417 0.00013717352667062604 1.0540925533894598e-07 4.9576497213538895e-06 0.0001626787342589687 0.00023299103456513956 0.00021650686830025715 0.0001278496198611654 0.00019341064536221425 0.0002639767167470547 0.00023746335904566417 0.0001079187190933127 0.00011641417865830159 0.0003003761850186969 0.00015867055498235057 0.00028777449835868215 7.6285749447587e-05 0.0028945230908862425 0.003316130837276418 0.0003759183127789058 0.0003966129232141196 0.0004426343825395369 0.00024217370318484413 0.00016815581855392992 0.00015900689179952523 0.00020828354383085586 0.0001399887083897844 0.00022528382143787966 0.000200306295384532 0.00020326659408025907 0.0002554713913404124 0.00021677120896109234 0.0002756200702006816 0.00016032894354961962 0.0002656651498038159 0.000218341681697462 0.00025348636640144616 0.00016377077869357638 0.0002671027556247783 0.00015464936014081507 0.0002063165191818231 0.00011795140328074125 7.61282235654281e-05 0.00012393053317847583 0.00013816240313592747 0.000250759551244989 0.00041888676114596514 8.864427874370854e-05 7.618658264164132e-05 0.00020827453552903658 0.0002229518509973225 0.00023672733016288415 0.00019813739105231223 8.768243650513024e-05 0.00024317429889047704 5.525091903229607e-05 0.00015198305278894112 0.00012033950274020072 0.0001660078549259444 0.0002929976157254917 0.00029567954802776 0.0002658536379558188 0.0001877125126122854 0.00020192065796896077 0.00022592750125693546 0.00019887758182045954 0.00027629349147094103 0.0002870451672109107 0.00010470381386357602 0.00024149324981272765 0.0001626302015306142 0.0002294337651488288 0.00017720447262892597 0.0003413393457681157 0.00023385299597013015 4.786756162212162e-05 0.0004527753247687274 0.0005127190467914155 0.003406477954782694 0.00038994481629026827 5.00929159794617e-05 0.00025904864766486434 0.0002693071211498284 0.00031091398431011807 0.0003008893098190758 0.00018160470944962286 0.00022233935829389098 0.00034107188208467573 0.00019537080301475045 6.839128008714918e-05 0.00015319103571618823 0.00016722079465871932 0.0004563874921096561 8.85111766926956e-05 0.00021865181758756665 0.00023502055254987576 0.00022308201475223604 0.0002405236832195773 0.0002363605095684801 0.00023362695789142624 0.00013490498226483347 0.0002582800554111285 0.00021429134661717368 0.00018225688516089312 0.00021702948088475298 7.66988341228864e-05 0.00010424021891213726 0.0002572674132401376 0.00014957035265018034 0.00021345806757692095 0.00017612051261862646 0.00033534280996519965 0.00020982103051881562 0.00012718025467976554 0.000309449548146207 0.0002503797110788798 0.00010909987044950549 0.00033163984725824197 0.00048170025627622106 0.00020591912353796213 0.00011336566875237791 0.00026388535286453663 0.000306440790812737 0.0002770601414648739 0.0005206676876290089 0.0002663958870823363 0.00034390241268683267 0.0002158470649406393 0.00020323072049599508 0.00011102646633235105 0.00023475047228685325 0.00021708184140825415 0.00019711493872062288 9.166570511063058e-05 0.0002097762300411431 4.6749974345240946e-05 0.00013958527535099232 0.000229613920575887 0.00017507462475901004 0.0003698218528984422 0.0026811762718012815 0.00013170266406610848 8.198425714910058e-05 8.185449281543659e-05 0.00017123445906507123 0.0001496798244637674 0.00044731991064098385 0.00022446060504851121 0.00027893024079090917 0.003059730393000469 0.00026914492337711205 0.0031245417029569533 0.0002632937831561104 0.00029374647494760306 0.00025775649357003455 0.00012127129465861234 0.0001788716672126643 0.0002028040489119819 0.00018520616897552976 0.00037537501533038193 0.00024185658369918912 0.0001219856312929617 0.00030727863051688997 0.0002846028129326772 0.00018326545662488902 0.0001562488354407619 0.00018292405086054922 0.0003360900192335228 0.0003564212087993157 9.044208234134589e-05 0.0001530213071479936 9.458457715642381e-05 0.00016383116173178156 0.00017739648383765638 0.0004577357914752457 0.00019375525750948974 0.00031320205282177305 0.00041267810283605324 0.0002454698562926632 0.0001329147505791337 0.00019542055629401963 8.00645377488684e-05 0.00011567122653602812 0.00043956637048024177 0.00020921395531042872 0.00024829684950021877 0.0003440008155860926 0.0003678265510670416 0.0002896755745291972 0.0003162244822540811 0.00024059242115271636 0.00020544875283805183 0.00028178635700905835 0.00023276766359808486 0.00021799320586777217 8.660527449240113e-05 0.0002959295368352605 0.0002622524786627069 0.0002958582564403305 0.00010179277336922225 0.0002646258053533661 0.0002822984386653208 0.00018594366178068761 0.00025771240777094196 0.00011223255447480256 0.00019870132579068688 0.00021476470648477267 0.00021539011681658493 0.0003042910886465903 0.00014062557014623777 0.00012565211329563955 0.00028415073354841217 0.00026091162821895717 0.00011379347640049119 0.00020563806084939677 0.00019010944634778097 6.358492831372066e-05 0.00010194556564281725 0.00031365255722737246 0.00013478693725160726 0.00028813303291111214 0.00023180083451324545 0.00025165097366165853 0.0002441636485490736 0.0004145033125797419 0.0001481245062981907 0.00022955226346909485 0.00028083017058647255 0.0002993935148027943 0.0002974523972696077 0.0002544197563052968 0.0002233747324345325 0.00022101508343145928 0.0002881497589594561 0.00024188750369258448 0.00018274864391274565 0.0029576129352406623 0.00022534536240760968 0.00018299060440481627 0.0002147764059585071 0.00022716652170298645 0.00022980932855307435 0.00027570387803226324 0.0002266676872626536 0.0002957078242307714 0.00021333840656335604 0.0003944066387999691 0.000170012580141812 0.00013784449533309974 0.00018232936740670845 0.00044169116679363286 0.00035469409707758156 0.0001769459945257456 0.00010338349759386242 5.7792837251665945e-05 0.0002869645913178895 0.0002411590580190307 0.0002010872269734269 0.000346959906742853 0.0002449292897173982 0.0002370726080613419 0.0002377288695491816 0.0005845087893573156 0.0035448667741417882 0.003313099415761143 0.00021845108186166316 0.00019205453978147162 0.0006106614327965387 0.0005378513490475085 0.0004739816964569638 0.00015894977350685614 0.00015535634187561603 0.00024283682988261054 0.00023505343484011816 0.00021155199892857246 0.0002558959718999442 0.0003276138211148873 0.00026121164038920425 0.0002533142949400194 0.0003057435386998293 0.00018864976762471603 0.00019767961947516412 0.00029352927319408465 0.00019609502235389394 0.000303835819210612 9.626277465256725e-05 0.00032839419734675284 0.00031514587103580633 0.0002407168745474407 0.00026937909121353107 0.00034740710928434236 0.0002915910291191803 0.000281184740998591 0.00024455278843728506 0.00016188966826733556 0.00025519725021576296 0.0003444046116457366 0.00011963002297409935 0.00025861659317342653 0.0002678547466255057 0.0001555730187052104 0.0001002439327502709 0.0005066120815115724 4.4209463560368785e-05 0.0002679708885769871 7.273635441756298e-05 0.0003337893331756938 0.0002519970716491889 0.00020792870035739945 0.00032455188270787263 3.483533031104046e-05 0.00010656134296587122 0.00012434636676185863 0.00033556930893076316 0.0001290623296634783 0.00026198105119010895 0.0006032862599565237 0.00022286993986527645 0.0002650565570068977 0.000263204755797963 0.0002456620992085109 0.0030014682053665104 0.0004286613831744951 0.00015338785553183995 0.00016520351175148084 0.0001364460058209604 0.00042417993438013664 0.00019796218746157996 0.00014797911336915444 0.0002578571706509117 0.00023697423252998145 0.0002903194567470786 0.00034498768208020427 0.00031715758113522906 0.00013836341985678428 4.0754750398154086e-05 0.00020551038203251907 0.00032984625796397187 0.0002276480441707421 0.00024960769384387786 0.00016051842583756203 0.0001023441443978183 0.0001747907297774716 2.933363941704665e-05 0.00017201769771474173 0.00010085005177864715 0.00013303880553206004 0.00015415847517916853 0.00013116138957889402 0.000163914872136202 0.00027403277971271665 0.00029154876306977114 0.00019340842200052667 0.0002121088642001108 0.00023881257888443182 0.0035382161437750776 0.0003217401239091348 0.00031338452222908565 0.00017060625262492785 0.00033003846837133656 0.00021290198727721933 0.00025991050562508284 0.00029010719918072905</DataArray>
<DataArray type="Float64" Name="signed_heat_rate_i_to_j_W" NumberOfComponents="1" format="ascii">0.0 0.00010292160965380659 -9.527501368925977e-05 -7.646595964922605e-06 -5.589854906853454e-06 5.251330971912058e-06 -1.1937262355475636e-05 -8.694635189341317e-07 1.3145249809330885e-05 -5.187245488377486e-06 -2.2553265624451152e-06 6.406049853793972e-06 1.0365221970002796e-06 1.1067628222277499e-05 -5.351950797050116e-06 9.062791171697318e-06 -5.397396218403253e-06 1.6865558437324714e-06 -6.965594924290824e-06 2.4834159309137384e-05 5.124510252936087e-05 -7.470352182121393e-05 0.00021560273622948478 2.1308883225153228e-05 -0.00024802774832624467 1.7140036569047444e-05 -5.9471724508144995e-06 -7.673524633805674e-08 -4.338633062315986e-06 -2.9836285023016695e-06 -7.0081101783879616e-06 -3.107570246212484e-06 3.0862456424910034e-06 2.13246037269985e-08 1.1093516171870715e-05 -6.488831384996601e-06 -1.202340052775469e-05 7.41871574090644e-06 3.894635782457204e-06 -2.0153773805926117e-06 -1.879258401852689e-06 -5.422910559652095e-06 -2.9152856313221236e-06 -8.156492076355835e-06 -6.290734992974423e-06 7.976475304958804e-07 5.4930874624736985e-06 5.20035807461511e-06 -7.88147315448919e-06 -1.5139089351673013e-05 1.7820204431562355e-05 1.3544112386670074e-05 -1.6551174756282726e-05 -8.647836216687954e-06 1.2000178079861758e-05 -1.568413752824198e-06 1.2231342593170523e-06 1.5438425357190016e-06 -1.2421762781748524e-05 1.699576534421885e-05 -6.117845098186179e-06 -3.918058275196004e-07 1.451439295488351e-05 1.396740142752943e-05 -8.69291846523888e-06 -1.3453589976763955e-05 -5.943480112853365e-06 -1.6848194179442242e-05 5.240172400786328e-08 8.473377290685309e-06 8.322415164727213e-06 2.0954429431315302e-05 -2.3810291744185438e-05 -1.0860123214430501e-05 1.3715985527317098e-05 3.8930894664593355e-06 1.2034639193180648e-05 8.165401924863848e-06 -9.247227137577198e-06 -1.4845903446922111e-05 -2.648813018239694e-06 -1.2450749746833737e-06 6.2501206926779395e-06 -7.289427182746486e-06 1.1504960639668495e-05 -6.571766156677931e-06 2.2158183103992568e-06 3.1752062725038927e-06 -5.3910245829017675e-06 1.8448594892005872e-06 1.4974698174311676e-05 1.311863875072312e-05 -1.4629047529413167e-05 -4.215632712882623e-06 -7.059041149846797e-06 1.1275379505891207e-05 -1.924467318273592e-05 1.8921424293175837e-05 0.0 -1.3251709083449232e-06 2.1035451524165413e-06 1.5743978088149747e-06 -6.410800230170572e-06 4.058028177274406e-06 1.8046980810465434e-05 -8.541220079391787e-06 -1.9003988592046445e-05 9.498227860821172e-06 -6.076567197373693e-07 1.693934141095591e-05 1.6534006028438224e-05 1.0312229320242681e-05 -1.4781388211165882e-05 4.46915889091857e-06 8.270263741979718e-06 -1.641874416723876e-05 -2.4372978133720283e-06 9.966433913029474e-06 6.193443255888497e-07 -5.503840364735051e-21 5.691223092574051e-07 2.7540364089164685e-05 -1.6971555755536284e-05 -1.113793064285537e-05 -9.824354446624474e-06 6.341900973530546e-06 -3.947096631534646e-06 7.429550104611132e-06 -1.0262767403565742e-05 6.270541044992515e-06 3.99222635859349e-06 -6.929151325453454e-20 4.210142377690097e-20 -0.00022102708121033918 -9.885832441815764e-06 -8.123220360332971e-06 -2.9108211527536976e-07 -1.8764198091273696e-05 -4.597238744560179e-06 -2.372309551862784e-06 7.442404868615651e-06 -4.014120176052283e-05 1.57190081062694e-05 1.935209833741556e-05 9.109618897077843e-08 -9.116190168297856e-07 1.1030433862572214e-05 -1.0781725936080327e-05 5.718149013426294e-07 6.708745426502884e-07 -9.83889880843746e-06 -9.494649413604467e-06 1.823221561487315e-05 -9.326950245534515e-06 9.757408310071704e-06 9.845568954283849e-21 5.788945769323884e-20 7.881981830976174e-06 7.67792475481674e-06 -1.1665270803342552e-05 -1.0962411722279433e-05 -4.274503783530318e-06 1.5236915505770204e-05 1.4266011977911993e-05 -4.6505767105628717e-07 -1.2162456208339345e-05 -1.5474019094246278e-06 -1.1253001367704545e-08 -2.691682169792838e-06 -2.154136056973814e-05 -0.00011390375478435664 4.481535621045759e-06 7.080206073129104e-05 4.034581184732721e-06 -1.0612939693516679e-05 4.519851694067101e-05 1.858840629810244e-05 -3.1994344222025903e-06 4.103554758206186e-06 9.050547263783693e-06 -6.573258047173747e-06 -5.268100135428036e-06 -8.39522045273629e-06 7.0824766135097175e-06 1.3264045301735501e-05 1.9872252293306406e-05 3.1803865331011394e-06 -1.0227066184091413e-05 1.9509246941008844e-06 -1.9632861929478995e-06 6.393830721788273e-06 1.534881986789784e-05 -2.6929896078040998e-05 1.5875302329731172e-05 6.4222706973715775e-06 -1.4847574043109676e-05 1.837775319886784e-05 4.092713676831955e-06 2.355250236974337e-05 -1.835021820068301e-05 -1.282517700168415e-05 8.673288487423964e-06 -6.559063347329826e-06 9.780543564060412e-07 1.6963889060349303e-06 1.783096747339008e-05 1.476760768201133e-05 -1.8626018285848617e-06 -1.5553818871658776e-05 0.0002007466396298908 -6.562090316404367e-06 -4.4441541167697145e-05 -0.00013697312168674294 -1.2769886458919616e-05 8.00825524564439e-06 1.1639745857627757e-05 -1.755682845442769e-05 -2.0911726487702218e-06 1.7827643410053257e-05 2.0638421524985327e-06 7.830010099302907e-06 5.433510678923599e-06 5.776054694751929e-06 -7.545480173853325e-06 -1.1494095299136021e-05 5.510950219430006e-06 -8.713678996922718e-06 1.741560394097753e-05 -1.4212875163473905e-05 1.2849061485769726e-05 1.7061401453446835e-05 2.2628123592547466e-05 4.111652178643425e-06 1.2052321219793785e-05 1.1618896896447935e-05 -9.958287619962322e-06 2.870259688394616e-06 -2.0694842363375768e-05 2.726948233655333e-06 -8.576392337284999e-06 1.8395221310145004e-05 -2.9393971385932853e-05 -4.8079514378834624e-06 -4.5265844524223695e-06 -3.3236050896213478e-06 1.2658140979925811e-05 -8.95633544620801e-05 0.00013259754244120662 -4.3034187979015344e-05 2.91389253811366e-06 -2.2430179954634635e-06 -2.023195925291782e-06 -1.7281235633033108e-05 1.1326648817097924e-05 7.977782741284307e-06 1.1271246999722375e-05 -6.314900610414242e-06 -1.1225064178653636e-05 1.0473180447179735e-05 -4.204462657760928e-06 3.8741328235492924e-07 3.5722003960780533e-06 -6.971782129137385e-07 -3.262435465508437e-06 -1.0345406900014784e-05 -9.789979271608986e-07 1.1324404827163882e-05 1.440201083131331e-05 3.944235861184015e-06 -7.994256595470647e-06 -1.0351990097024244e-05 -3.764917119710997e-06 -1.0549876188749979e-05 -8.402016914162612e-07 1.5154994999884635e-05 6.4258821727448984e-06 1.8443815692583646e-06 -2.245569871731296e-06 -3.612865484912583e-06 -2.8196028276870806e-07 6.140395639402439e-06 -2.1048961772491352e-06 7.798229527152298e-06 -5.693333349931963e-06 4.513687264323874e-06 -5.108585298512541e-06 -1.4295948311590984e-05 9.696941637132485e-06 -5.434671955887862e-06 1.276995437698778e-05 -4.336978108198667e-06 6.480738833928889e-06 9.647493270812757e-06 -1.0039299098346666e-05 7.037539234162373e-06 1.2257955860024561e-05 -7.953012096423948e-06 1.116037779932469e-06 -1.2458520777715161e-05 -2.7632739268229797e-06 1.3657728923550644e-05 -9.475836694450631e-06 1.5718708859125363e-05 -1.2620248315465947e-06 -5.095154516532931e-06 6.63899705224128e-06 3.3140497268192855e-06 1.054459838634173e-05 -1.9168553227769056e-06 -6.001601821765678e-06 -8.442416721588851e-06 -8.442537288055956e-06 -7.325866128223423e-06 -6.188687897368516e-06 1.3514554025612818e-05 0.0001784809512423685 5.28735898685539e-06 -2.41669393181361e-06 -0.00017276355657721993 4.93697412880402e-06 -1.3525033848894279e-05 -1.526724867865883e-06 6.3343707391513975e-06 -4.8076458712913145e-06 1.0458074507765625e-06 6.0911073074280874e-06 1.1949435594734994e-05 3.8295192849712296e-06 1.1083851531941512e-05 -1.2040397155918492e-05 -2.8729736609671007e-06 9.314424359247773e-08 -3.596273289355339e-06 -0.0002676170647967085 5.823245848449232e-06 -9.046510153425827e-06 3.2232643049709e-06 1.4039420410237178e-05 -7.08170106869651e-07 2.6096135108669938e-06 -1.594086381422463e-05 2.717706916767232e-06 -2.0037323258628496e-07 2.5465248734609696e-05 2.9357515296213183e-06 1.730904843533095e-05 -1.1398252863733883e-06 -1.780896186365467e-05 1.6397387147011328e-06 2.0048269842456267e-05 -8.067269352938445e-05 -3.4282295171518238e-06 -0.00014090478013760064 -1.606964786853878e-05 3.6418641909020055e-06 7.197825901777081e-06 -1.1593800695921382e-06 1.3381112161578917e-05 1.4742792740810572e-05 1.0836955792203118e-06 -1.4219106245360237e-06 -2.753014813959389e-06 1.7036604560450517e-05 7.3555707564019795e-06 6.91187228580487e-06 -1.693238210634791e-05 2.4288803820084935e-05 -2.4386884038802876e-05 1.0118590039368181e-05 1.2020615151480374e-06 1.8328453027316195e-06 3.845711686961987e-06 2.794116949115941e-06 6.517189951923653e-06 -1.1089920845999762e-05 -1.129746596955019e-05 1.9303921744341543e-06 2.2068187638860114e-05 -1.835738377850112e-05 1.1394239983653604e-05 9.432218509079734e-06 -1.2837815850510716e-05 7.633939844440447e-06 2.395176827719096e-05 4.826639870973271e-06 1.5407168494752117e-05 -2.1944513981836166e-05 4.51414956159173e-06 -1.0424771708797155e-06 1.3323401094850019e-05 1.3274737665234589e-05 -7.829904124292378e-06 5.491124420775385e-06 1.2382970345851065e-05 -7.397198206922524e-06 2.4100911335933787e-05 -9.113214715304343e-06 2.0234642543911042e-05 9.459777773238062e-06 9.643894555822493e-06 4.503613880378644e-06 -2.072236248121738e-05 1.040437333000874e-05 -1.0768585543024463e-05 -2.4586501285951655e-07 -3.400277488922296e-06 1.974371102142029e-05 -6.574057951237447e-06 -1.1445005182146295e-05 -3.53446550882635e-06 1.3824564792786878e-05 4.718419278069617e-06 -1.0052344764769593e-05 -8.80747722823985e-06 -6.610273421182219e-06 2.1107757817709713e-07 -2.194522110472804e-06 -3.894248849277026e-06 1.4628270680501276e-05 3.5916977651709845e-05 9.943625836246296e-05 2.4911392694367877e-05 -7.812115480844492e-07 -7.343569249858452e-05 -1.055690688405438e-05 -3.957384012715466e-05 6.998493571553018e-06 -7.2290152307072676e-06 -1.8405709117161682e-05 -8.599367037675952e-06 2.2174157331869058e-05 -6.3835646999744675e-06 2.0570966288342792e-05 -2.349919185601005e-06 1.063251129922816e-06 -3.720607535128101e-06 -7.418080601325652e-06 1.1138688136459635e-05 9.213683044299647e-06 1.247114460710681e-05 6.2164521779352796e-06 -2.7513866546947644e-05 2.6691186755735665e-05 6.667910727624452e-06 -2.0795655193664117e-05 -2.9195477339730244e-06 -1.6347914175529436e-05 -6.634758960624876e-05 0.0002876184863348958 3.377089795291215e-05 -2.3091144276169977e-05 1.9444858508282873e-07 -7.766887114728559e-06 -2.049810628332789e-05 1.784942418373133e-05 2.6486820996630452e-06 -4.539351772313102e-06 2.0484107501806657e-05 1.7689077048421116e-06 1.0895780628197307e-05 -1.0562463252035454e-05 7.931508892337726e-06 -1.1724274609309515e-06 -1.6324393774824378e-05 1.772291070376007e-05 -1.5123193284601053e-05 3.9754823672147495e-06 -5.129232991648685e-07 2.683037840004363e-05 5.558008474694713e-06 0.00027096072563258526 -2.755460165376708e-06 -2.578693536197098e-07 -3.128354321225346e-06 2.0578112347391893e-05 -5.941363866287067e-06 -0.00012723314095923455 -2.3198808331415228e-05 5.4374732801103806e-05 4.44525995808642e-06 -3.697485479347537e-06 7.945754401284647e-06 -9.419399238148611e-06 -1.0800750707866652e-06 -4.125996616349831e-06 3.177202571996988e-05 -1.764990432727474e-05 -7.232341023963485e-06 9.543843043895417e-06 1.5684221797737675e-05 2.6276697647688534e-06 1.689430328956534e-05 -4.4774648557283865e-06 -4.530661547558491e-07 -1.4591442043777343e-05 1.6342349280681142e-06 -3.565892905674991e-05 3.134252597516395e-05 7.543854683406786e-06 -4.861686529603832e-06 -3.7609655431720516e-06 7.84940544414905e-06 -3.197778165098823e-05 2.798436766796938e-05 -8.296259332851746e-06 7.244583057686518e-06 5.363155533493838e-06 2.0331022851133596e-05 1.929661301363213e-05 -1.15641778819478e-05 -1.5897330277959242e-05 -7.311357471102847e-06 0.0 4.453023112658886e-06 -3.205390852182483e-06 -1.2476322604723888e-06 -8.836608463541482e-06 1.6504413973142827e-06 1.7474828350968204e-05 -2.2442379731096698e-05 -4.784951204621494e-06 1.63934461714898e-05 -6.46050475393057e-06 1.1000637670040773e-05 3.948344093105718e-06 -1.8207265223614142e-05 2.3441371353300647e-05 1.2460814780053859e-05 1.3449654026292157e-05 1.0987409226280151e-05 -7.184355396399953e-06 3.1998824271986893e-06 4.29150326704103e-06 4.67837235007541e-06 -1.216975804434481e-05 -2.6931809859115445e-06 2.7850292537994282e-05 8.198800333913365e-06 -1.0327849444128567e-05 1.7957259862640992e-05 -1.274545198059234e-06 2.9442770413692958e-05 5.271448144509111e-06 8.141300231254768e-06 -1.3329745591149471e-05 -1.624517848047383e-05 1.61621756958739e-05 1.5372358068702687e-05 -2.5830653983273905e-05 -1.3006834097789996e-06 -3.813796129049984e-06 2.1482790014271787e-05 1.4907178544314669e-06 -2.126455052492323e-05 -2.0160008248987075e-05 2.835078897969115e-05 2.124039727313674e-05 -9.657345333368554e-06 3.833721228098694e-06 1.0191627823392503e-05 -1.188368359597715e-05 9.13457473820655e-06 -2.2426159538404647e-06 -9.033624239831297e-06 9.288069059158765e-06 -1.95001031252989e-05 -1.782888534911313e-05 3.340407494877099e-05 -8.426332093004741e-06 -4.163137175815395e-06 5.677570829348863e-06 -5.509864342312235e-06 -9.226406987154867e-06 1.1119265566329017e-05 -1.8928585791472977e-06 2.4781395142688276e-05 4.0924560527158754e-06 2.3129063876188574e-06 5.394135833002404e-06 3.9872470036401317e-07 4.102180643142097e-06 1.7051929538416298e-05 -1.7839870951258533e-06 -4.30673190196437e-05 3.112848133206578e-05 2.920468914912583e-06 -6.262417899459639e-06 1.6029812815718847e-05 6.100507140074081e-06 -1.3354860292331174e-05 -9.405774186122034e-06 3.7118490199835626e-06 -1.0375024321369908e-05 -1.5619700121261276e-05 4.448852172830469e-06 1.2737272966593036e-05 7.647258026122509e-06 -1.4784547398446625e-05 1.6730838087070386e-05 1.6933451429420028e-05 4.990034007984634e-06 3.980226728512201e-06 1.4411766435409763e-05 5.788185050805137e-06 -2.5530711315436655e-05 1.8974017889243633e-05 4.9935673633091545e-06 -1.988465565225037e-05 1.2676236416479887e-06 2.72951131074322e-05 -1.5068125029960635e-05 6.390043933163135e-06 -1.3283867466501425e-05 4.328825324098695e-06 -1.3449427818404988e-05 8.295334890517035e-06 1.4109135070371266e-05 3.0234731508050774e-06 -8.325527379690466e-06 -4.084914356921236e-05 1.9144385210254297e-05 -3.7538627720505927e-06 1.3635499462519789e-05 -2.4325455182402185e-05 2.2979268533133623e-06 2.3351824445234454e-05 -1.6956425922104117e-07 -2.281915122511026e-05 -3.6310896093242886e-07 -4.747257940259124e-07 -1.0722757768543972e-05 -1.0188793455506297e-06 2.0997166959683142e-05 1.6691069627285105e-05 1.2251617766326521e-05 -2.8922125978692686e-05 -2.0764689017177633e-05 4.3227060051990305e-06 2.9175134789760797e-06 7.536257018194217e-06 -6.847760088287061e-06 2.5757351135782005e-05 -2.936336154480474e-05 -1.9116215767396813e-05 -8.810905307017255e-06 -2.8178373992934265e-05 0.00034822004579300334 -1.1194973047899998e-05 -0.00030738500133717627 4.585922786371431e-06 -1.663018651551587e-05 -1.7595807679135744e-05 0.0003339315901560752 1.57791734913114e-05 0.0001112111936762095 1.5946621272167836e-06 1.3136664687761831e-05 -1.6652557335412683e-05 -1.54256948476312e-05 -8.563199412919738e-06 -1.3629890246502013e-05 2.4624698508468723e-08 -1.0925790154640212e-05 -1.1612813993334615e-07 -6.407783239339699e-06 -1.8775384143110898e-05 -9.155560250095444e-06 1.231351296740141e-05 -8.057317796630506e-06 -1.9012444210701094e-05 -5.0302725304594996e-05 4.701838052048396e-06 -1.793852480591581e-05 6.613998154947645e-06 8.827124763542957e-06 -7.175207556644481e-06 3.5047976276446173e-06 1.054174532762434e-05 1.5490110666045706e-05 -7.355656877393015e-06 -2.5703089896485834e-06 -5.751214660206509e-06 5.803616384216847e-06 3.419450429590243e-05 1.4606491297540125e-05 -1.6666492772804125e-05 -3.213450282058021e-05 2.43151302069027e-05 2.3195818437330763e-05 -1.2208877462445442e-05 -4.502235066200704e-06 -2.5528387971197785e-05 1.8925665971427005e-05 -1.1448335877575257e-05 1.7515908410793813e-05 2.0425480013678307e-06 7.314543931656532e-07 1.0143897433858198e-05 7.862579307898476e-06 -2.9612951315194955e-05 1.465629385472116e-05 -3.049819281287109e-06 8.405741993257755e-06 1.2001554809722192e-05 -2.0204794248682097e-05 1.7693280197349672e-05 -1.933983097928313e-07 6.121227520894702e-06 1.9935509285515e-05 -2.0883025689863492e-05 6.468547457499631e-06 2.0200930204368017e-05 -2.5991246220497644e-05 2.2699329108397192e-05 -1.3141842699026493e-05 -2.6338078571891632e-05 -2.189781901082826e-05 1.9314438274054847e-05 5.933572202945375e-06 -9.797170771019741e-06 -7.115721315678049e-06 2.302839904998526e-05 -7.642231831145697e-06 2.1323955905354667e-05 4.007774728283481e-06 -7.918931928244331e-06 1.6626864996327417e-05 -2.809504770186493e-05 -8.04951217720411e-06 -1.34382230636411e-05 3.395186714011736e-05 -2.327200045363792e-05 2.7583563771610627e-06 0.00022543473128899222 -1.2302048584418866e-05 -0.000343078445060136 -7.804653844502433e-05 0.00020799230080062266 2.492459552888258e-06 1.804510328720035e-05 1.8384341466701897e-07 1.8765845572165556e-06 -1.3130434648195668e-05 2.7590652934377045e-05 6.13507656161937e-06 -2.9483464263058253e-05 3.1195345432206296e-06 -1.0260573079456552e-05 2.89877330342447e-06 2.0371234659604362e-05 -8.042919572124763e-06 2.8206061709595493e-05 -1.972797860889763e-06 1.7289429623857385e-06 2.1574979132258245e-06 1.8020646449456726e-05 1.5725619889499584e-05 -8.751997290582014e-06 -2.899089693607336e-07 3.6911384111645334e-06 -1.7311252789374625e-05 5.747069237521832e-06 6.066851044113473e-06 -2.1374001075475452e-05 9.56008079383204e-06 1.3557767084403342e-05 -1.1080254449926502e-05 -1.1572510090144016e-05 -2.3899348012906452e-05 1.4996914562406548e-05 7.880472219408205e-06 -9.413352959373212e-07 -1.3918968532036826e-05 5.838331487829093e-06 -4.922637254488532e-06 1.4966426891401537e-05 1.0208920592600911e-06 2.6613376575130654e-05 -2.7399954042797295e-05 7.995076954518379e-06 -1.1728571456922518e-05 5.163159022834119e-06 1.5753273419952782e-05 1.3511468122538825e-05 5.745621964595494e-07 1.3381365010501746e-05 7.547729740330611e-06 1.3862678934704049e-05 -7.1549533770912355e-06 6.784225623717123e-06 -2.2988326179970492e-05 1.2293496616533248e-05 3.1024387457148437e-06 6.4490059655519774e-06 5.479318145240079e-06 1.939627381446333e-05 -6.8537758255631755e-06 -8.589597625011004e-06 6.985544219824486e-06 8.811418763424039e-06 -3.735674203574926e-05 2.641986674824043e-07 1.7103265946231995e-05 -1.1288656759040167e-05 2.878488326564955e-07 -8.079769435192852e-06 -1.8256683054925385e-05 1.78210074773752e-05 2.475769466747569e-05 6.074603967772539e-06 -1.6014026429671202e-05 1.672275490183218e-05 2.6786068794784584e-05 -1.5191648035851073e-05 -1.6477457234989252e-05 -2.243532951865329e-05 -2.2134354512909516e-05 -8.499655816963763e-06 -9.282875297245317e-06 3.0324145595427596e-06 -2.256128800937489e-06 9.872094255913319e-06 1.6417870229898313e-05 -1.9434504210412125e-06 -1.80247421192195e-05 8.713481333165236e-06 2.2349859762116047e-05 -2.239381644352506e-05 -1.2560757783802115e-07 -8.527371558859304e-06 1.5076609203202013e-05 -3.2300440291351512e-06 -8.846582058166662e-06 3.460927509474615e-06 1.0467925852109254e-06 2.008773991608869e-05 -6.786106741719719e-06 9.446158784145131e-06 3.130753062215734e-05 5.486321168281121e-06 1.4754306444931733e-05 -2.0240627613231587e-05 9.485959137535631e-08 8.513700589046018e-06 -1.583757541114603e-05 -0.00025976232641840806 -1.3179939155444907e-05 3.432274359511477e-05 -5.648805337001609e-05 -7.829290948190778e-06 4.064924135904678e-07 -8.673778742433085e-06 3.817942015470664e-06 1.2847757570815794e-05 -1.800159368344699e-05 -1.557754580918248e-05 3.348298503790742e-05 -4.927021441197617e-06 3.1016815615316112e-06 -1.2194841250050836e-05 2.2563554981556116e-06 5.7821894136038395e-06 -1.529733555027429e-06 9.78440824613549e-07 1.8030521924792018e-06 2.5661508448378243e-05 2.564357389624934e-05 -1.5618451433087013e-05 4.155355082802532e-06 -1.00992937923225e-05 3.146458626924166e-05 -1.5574085462629127e-05 -9.322957194480126e-08 3.969886031335459e-08 1.111127809871499e-05 4.983374611439671e-06 -2.458234207794387e-05 1.7711173873952278e-05 4.0120969616673785e-06 1.8760183593160375e-05 7.005877652444688e-06 2.440991299419008e-07 -2.4542939191969e-05 -1.0972666630247065e-05 1.4605295612822371e-06 9.996655375439259e-06 6.144535433075661e-06 -8.86725339698102e-06 -3.567883241989913e-05 1.1993362150017037e-05 -1.2989149804354148e-05 1.3716243510709466e-05 3.0219664223063836e-05 8.225833521554265e-06 0.00016176481131285084 1.1375754505610949e-05 0.00014330938598026546 -1.639494728930845e-05 -0.0002926843708754743 -1.5596467155677834e-05 1.816938923567938e-05 -6.825355186597256e-07 9.136652646215925e-06 8.745359731730293e-06 1.2437371170107483e-05 -1.0005624478998709e-05 4.482967891332857e-06 -9.674981857845105e-06 -0.0003807894525657676 2.224037198333513e-05 -2.3966800382230376e-05 6.257680083122454e-05 -2.6704483863511402e-05 -0.0001803582945226177 1.5434674433754617e-05 1.871113633925129e-05 2.7593700531784054e-06 -1.655629327170277e-05 1.8234095253802603e-05 3.6152673847411536e-06 -1.020160334484947e-05 0.00019352159144965978 6.160170035599527e-06 -3.288971474801666e-05 -4.984784432059208e-06 2.9789404464835104e-05 -1.9326733061105634e-05 9.128604325877275e-06 2.0700339346895305e-05 -8.520800066584359e-06 1.0694443163933731e-05 -8.171195431151085e-08 -1.5155354121705199e-06 2.4371050371868448e-06 3.951724911268254e-06 -7.057301195000497e-06 1.279981322998261e-05 2.4743466734665385e-05 0.00015615569193574907 -7.223186543601379e-06 -0.00012793533843284197 1.0449341644769554e-05 -1.5518259831884676e-05 1.9772055877526608e-05 5.5374267591649435e-06 -1.0482939681576687e-05 -2.9983076453126718e-05 7.350241885434252e-06 3.057623474008515e-05 1.1988829711384502e-05 1.7217178975289261e-06 3.340761872682329e-05 6.170181956249538e-07 -8.380279963760387e-06 -6.309998179646326e-06 9.19096193074706e-06 -2.5875242767758894e-05 1.5215718975714147e-05 7.949356457115687e-07 2.4245245383993292e-05 -7.465439746218602e-06 -5.690286022278658e-06 2.2823350512657014e-05 -1.9460723990006746e-05 -1.2126410691470898e-05 2.7166794706821767e-05 -4.6161802017333785e-05 -1.8695627095835247e-05 7.820184107446868e-06 -4.132137706464479e-07 -1.2764616394339218e-05 7.297120886185373e-06 -7.857757007238859e-06 6.832353973914659e-07 -1.3964235038649739e-05 2.7404602934951563e-05 -3.4295474221813098e-06 1.6079449636269965e-05 -1.308688534343502e-05 -1.5215423456451926e-05 -3.4558361010116967e-06 1.1337817931957314e-05 -4.5503017110753747e-10 4.5503017074405156e-10 8.19531735027532e-06 -1.446391822840009e-05 -2.1101286112433327e-06 -9.883535100640174e-06 1.4181579746414467e-05 -2.334140603259236e-05 6.434107894103284e-06 1.5009174083118141e-05 6.0058214028646035e-06 -1.7984322677064335e-05 -6.7072273721929275e-06 3.3206870210391546e-05 -1.7310945374184923e-06 -0.0002652716367936378 0.0004794044401229871 9.287813724267565e-06 4.593650934941845e-05 5.18224237959937e-05 3.115556085855521e-05 -1.2241805132901725e-05 -4.963969017366232e-06 3.4943942865866154e-06 8.407189542029164e-06 1.6615709837763648e-05 8.17933807785127e-06 1.4844682423010103e-05 -3.268236337438252e-05 -1.3939726484066611e-05 -4.410419988653863e-06 -1.1156880851578131e-05 1.2367609776467737e-05 6.52523256102298e-06 2.8591955262418614e-05 1.3385378584463615e-05 -3.222763818895738e-05 -5.80545979680738e-06 6.4954018458554545e-06 -3.789734454929355e-06 4.062198371095342e-06 -1.3033899413656827e-05 -1.5859668042699408e-05 1.9203288991043485e-06 -4.189948358527074e-05 1.616165888069733e-05 -9.347756256212991e-07 -1.5212660476635968e-05 -2.074317188808454e-05 1.999728302729504e-05 -2.1560858595725287e-06 -2.8331806850000868e-06 -2.8287715150567497e-05 3.5297821363343625e-06 -1.2707513546550146e-05 2.3883930008902146e-06 8.837335857492476e-06 3.300567816035888e-05 -8.875639167606697e-06 -2.5104795542260315e-05 1.5421901544127377e-05 2.7659829742348066e-06 1.4765590277069231e-05 2.300415503230158e-05 -2.4217609429799596e-05 3.1393272232149444e-05 -2.4287615016751466e-06 -2.3668304969777564e-06 -2.401484296740884e-05 -2.3466404908588306e-05 -1.5554892793574466e-05 -4.897078569047513e-06 2.2610123684780576e-05 -3.4411000946172864e-06 6.084843147216566e-05 4.4994297447365956e-05 -0.0003475844953922757 1.0522433038613015e-05 2.587653276499653e-06 3.0427396001116713e-05 -1.3633356465659553e-05 -1.5090570474050165e-05 8.522576342630433e-06 5.8470272333448535e-06 2.094242496492368e-05 -3.855807675592238e-06 2.3936944794287906e-05 5.213817453267445e-07 -1.3761886400416809e-05 -1.4390300598798561e-05 -2.337391724041854e-05 -8.074950840473774e-06 -1.6060280940790477e-05 -2.1244915815376895e-05 2.5632353274566428e-05 7.59383060620622e-06 1.3397256366140596e-05 -2.295366951801824e-05 5.998258841307054e-07 2.1833724960443188e-05 7.505662893221846e-06 2.146439836310374e-06 2.5564994363265614e-05 1.0113961955839882e-06 -3.0226967224755523e-06 -2.9788634267638126e-05 1.46844110741306e-05 8.411305719895554e-07 1.0133825780613278e-05 -1.3227443323425444e-05 -1.50893409062305e-05 4.527282441753139e-06 -2.410890628966604e-05 2.2725467591460817e-05 1.4407744126711414e-06 -2.2932113248444598e-05 2.287477753408315e-05 -2.0037485869330715e-05 -1.085905121807718e-05 1.4974872863464585e-05 3.5983608607827334e-05 -2.301646612952433e-05 4.164328479141955e-06 -2.0157631644473288e-05 2.3150101252154075e-05 5.574939813603855e-06 1.2417997511974516e-06 -1.3235467668672171e-05 1.4875449203588259e-05 1.971222835237441e-05 -1.0599233569458145e-05 -7.040376176862991e-06 2.7482048874142427e-05 -4.334543835609674e-06 -1.6092854117330862e-05 -1.9992450693212525e-05 1.1476631914354671e-05 8.155251646737786e-06 0.000261374258209203 -2.53177083400916e-06 -7.289427182744917e-06 3.524678672013633e-06 1.846277537558756e-05 -1.4302530922783766e-05 -5.632893244125446e-06 -8.845682247903907e-06 -4.126948133807016e-05 0.0003066112910985045 -3.417355064544384e-06 -0.00036929994306522597 -2.5835200681062106e-06 -4.3945326738996435e-05 2.2422169950413778e-05 2.115274619546511e-06 1.1705036429708768e-05 -2.292115670790482e-05 1.1994195240614404e-05 -2.089068356305194e-05 3.03076143384397e-06 -5.443679924857228e-06 -4.162109691945026e-05 1.8344148293044012e-05 4.474310982259295e-06 1.9856555401384888e-05 -1.6892480811694966e-05 2.3245576189791702e-05 -2.6255148711851122e-06 -2.4098246194117887e-06 -1.4996090325049124e-05 1.1863772266061809e-05 -1.2298471159028679e-05 -4.626103875794974e-06 -3.6011912104578807e-07 -1.5439105988819516e-05 1.0367609357113565e-05 -1.2272074883344411e-06 2.7477092812151043e-05 -1.9614015034430504e-05 -1.682827788599749e-06 -1.274039500810405e-06 6.374838795606757e-06 2.0774751500176637e-05 1.8844895961321473e-05 -1.904610813861541e-05 -3.482616778160406e-05 4.585383626010229e-05 -6.679658725473265e-06 3.62412589729339e-05 5.894434521721186e-06 1.4573585181276485e-05 4.646201251958837e-06 -3.444540244684864e-05 1.892073023258442e-05 8.422404714573711e-06 -6.767582179576295e-06 -3.432327072750825e-05 3.313621215835367e-05 6.097833402063138e-06 3.7871995210333716e-06 -4.944103105413744e-06 1.5411363230485097e-05 3.382734613882249e-05 -7.82262995048487e-06 1.6166378272221554e-05 -6.248870388985658e-06 -2.6005439077254596e-05 -6.056357557949292e-06 2.3115882159901165e-06 1.3862155293980978e-05 -1.0730926667981692e-05 6.4771036292904355e-06 -4.267203149471443e-06 -1.1006482558660261e-05 6.6468057914641656e-06 -6.314709189141239e-06 1.38438338997761e-05 1.1929595598997758e-05 -1.198115526433425e-05 -6.332732525982301e-06 1.707101872378639e-05 -2.285622199583624e-05 -3.514983989110747e-06 -1.8931933804507622e-05 9.174546731844118e-06 -5.787088160002302e-06 -3.1841523448759966e-05 1.9093681100157378e-05 -3.45844259966878e-05 3.0234982168456756e-05 2.0352792906794334e-05 -6.857532451177055e-06 -2.2620795213658804e-05 -2.216659467050032e-05 -2.1759807752359065e-05 0.00027076896239030553 1.5395383656657734e-05 -3.4097102391215117e-07 -1.3692434576199281e-05 2.543886673085651e-05 -1.960676080909265e-05 1.8218301505886464e-05 -1.9864605800139828e-05 -3.384221511102709e-05 -1.2585508566767524e-05 -1.4630313403542124e-05 -5.433934511178369e-06 -1.5984760669288684e-05 3.943384697522645e-06 -2.766495422947661e-05 -1.5002498567791538e-05 8.492643312351609e-06 -1.2472201467434026e-05 5.744207569147583e-06 -4.19619027690823e-06 2.9654703144059465e-05 1.2282143599304641e-05 -1.5015188874919646e-05 1.9747828166427213e-05 3.3047356170769206e-05 -2.07985148883617e-05 -5.1421795504287444e-05 0.00044731458914349504 -0.00043463171882299185 2.2600623169697526e-05 -8.956205825891396e-06 2.3803220513773523e-06 3.158386801876278e-05 1.0190227341730431e-05 -1.0225576699666767e-05 -1.3049981680095371e-05 -2.0152914428359767e-06 -1.8464164120215656e-05 1.9861307746262425e-05 -1.2627132794751821e-05 -3.477763538607531e-05 3.5229403093297366e-05 3.511865437111136e-05 3.837841087967526e-07 -4.041919810002818e-06 1.4630165117760824e-05 9.306620535435086e-06 -1.074561292311604e-05 3.1590864643212925e-05 2.6203042955871765e-06 5.802301400434016e-06 2.416002103348894e-05 9.277003427842778e-06 -1.80368611075957e-05 -5.224814278791835e-05 1.6464512093597224e-06 4.527982186815488e-05 5.194714201604003e-06 -2.3973692751827784e-05 -2.181855079073262e-05 -4.6535424330861424e-05 1.1704432620887661e-05 8.423209931574365e-07 2.633112307493507e-05 -1.8490463993665986e-05 -3.349527487954181e-06 -6.353340498182229e-05 4.540113741535049e-06 1.5586358641469105e-05 9.693918696826041e-06 -3.6284739433906486e-05 -2.2630134083788565e-05 1.9236731563723147e-05 3.787539774027415e-05 -2.1559139085060535e-06 -1.336758092685263e-05 -4.042164589128318e-06 4.215997785922167e-05 8.45441157847917e-06 -3.199075549271632e-05 3.0815946777883675e-05 -8.172817621091e-06 -1.5938048374379933e-05 2.446162810664545e-05 -3.118042010433027e-05 0.00035007689683028164 7.987767173399001e-06 -1.5225921215837761e-05 4.47185229754047e-06 1.648124499771696e-05 -4.474938552639651e-05 1.50520875263457e-05 5.940439855578806e-08 -3.9933493215468996e-06 -1.4222675989639682e-05 4.3816610531640914e-06 -3.4614352423047665e-05 1.3134262776585197e-05 4.6731463698365375e-06 5.776882274694845e-06 5.609903567778978e-06 -1.132913802435034e-05 3.2540583755253914e-06 -2.7758639461375254e-06 -2.315359334303304e-05 4.9781188988161285e-06 -5.457097942716504e-07 2.301118753714939e-06 -7.560868756252415e-06 -1.8712431931964688e-07 -3.454656100412449e-06 2.209627182218376e-05 7.838451395075613e-06 -6.9341792999701585e-06 -3.529746783432771e-05 3.5325921740783585e-05 -1.6730587797867543e-05 -2.292138311383049e-05 3.642739024688233e-05 0.0005198565115522157 -3.073139172615205e-06 -3.8358399764508275e-05 1.4576625156706454e-05 -1.7374566852449315e-05 -1.9183841288445293e-05 -6.086801645295631e-07 -1.3226815918942288e-05</DataArray>
<DataArray type="Float64" Name="absolute_heat_rate_W" NumberOfComponents="1" format="ascii">0.0 0.00010292160965380659 9.527501368925977e-05 7.646595964922605e-06 5.589854906853454e-06 5.251330971912058e-06 1.1937262355475636e-05 8.694635189341317e-07 1.3145249809330885e-05 5.187245488377486e-06 2.2553265624451152e-06 6.406049853793972e-06 1.0365221970002796e-06 1.1067628222277499e-05 5.351950797050116e-06 9.062791171697318e-06 5.397396218403253e-06 1.6865558437324714e-06 6.965594924290824e-06 2.4834159309137384e-05 5.124510252936087e-05 7.470352182121393e-05 0.00021560273622948478 2.1308883225153228e-05 0.00024802774832624467 1.7140036569047444e-05 5.9471724508144995e-06 7.673524633805674e-08 4.338633062315986e-06 2.9836285023016695e-06 7.0081101783879616e-06 3.107570246212484e-06 3.0862456424910034e-06 2.13246037269985e-08 1.1093516171870715e-05 6.488831384996601e-06 1.202340052775469e-05 7.41871574090644e-06 3.894635782457204e-06 2.0153773805926117e-06 1.879258401852689e-06 5.422910559652095e-06 2.9152856313221236e-06 8.156492076355835e-06 6.290734992974423e-06 7.976475304958804e-07 5.4930874624736985e-06 5.20035807461511e-06 7.88147315448919e-06 1.5139089351673013e-05 1.7820204431562355e-05 1.3544112386670074e-05 1.6551174756282726e-05 8.647836216687954e-06 1.2000178079861758e-05 1.568413752824198e-06 1.2231342593170523e-06 1.5438425357190016e-06 1.2421762781748524e-05 1.699576534421885e-05 6.117845098186179e-06 3.918058275196004e-07 1.451439295488351e-05 1.396740142752943e-05 8.69291846523888e-06 1.3453589976763955e-05 5.943480112853365e-06 1.6848194179442242e-05 5.240172400786328e-08 8.473377290685309e-06 8.322415164727213e-06 2.0954429431315302e-05 2.3810291744185438e-05 1.0860123214430501e-05 1.3715985527317098e-05 3.8930894664593355e-06 1.2034639193180648e-05 8.165401924863848e-06 9.247227137577198e-06 1.4845903446922111e-05 2.648813018239694e-06 1.2450749746833737e-06 6.2501206926779395e-06 7.289427182746486e-06 1.1504960639668495e-05 6.571766156677931e-06 2.2158183103992568e-06 3.1752062725038927e-06 5.3910245829017675e-06 1.8448594892005872e-06 1.4974698174311676e-05 1.311863875072312e-05 1.4629047529413167e-05 4.215632712882623e-06 7.059041149846797e-06 1.1275379505891207e-05 1.924467318273592e-05 1.8921424293175837e-05 0.0 1.3251709083449232e-06 2.1035451524165413e-06 1.5743978088149747e-06 6.410800230170572e-06 4.058028177274406e-06 1.8046980810465434e-05 8.541220079391787e-06 1.9003988592046445e-05 9.498227860821172e-06 6.076567197373693e-07 1.693934141095591e-05 1.6534006028438224e-05 1.0312229320242681e-05 1.4781388211165882e-05 4.46915889091857e-06 8.270263741979718e-06 1.641874416723876e-05 2.4372978133720283e-06 9.966433913029474e-06 6.193443255888497e-07 5.503840364735051e-21 5.691223092574051e-07 2.7540364089164685e-05 1.6971555755536284e-05 1.113793064285537e-05 9.824354446624474e-06 6.341900973530546e-06 3.947096631534646e-06 7.429550104611132e-06 1.0262767403565742e-05 6.270541044992515e-06 3.99222635859349e-06 6.929151325453454e-20 4.210142377690097e-20 0.00022102708121033918 9.885832441815764e-06 8.123220360332971e-06 2.9108211527536976e-07 1.8764198091273696e-05 4.597238744560179e-06 2.372309551862784e-06 7.442404868615651e-06 4.014120176052283e-05 1.57190081062694e-05 1.935209833741556e-05 9.109618897077843e-08 9.116190168297856e-07 1.1030433862572214e-05 1.0781725936080327e-05 5.718149013426294e-07 6.708745426502884e-07 9.83889880843746e-06 9.494649413604467e-06 1.823221561487315e-05 9.326950245534515e-06 9.757408310071704e-06 9.845568954283849e-21 5.788945769323884e-20 7.881981830976174e-06 7.67792475481674e-06 1.1665270803342552e-05 1.0962411722279433e-05 4.274503783530318e-06 1.5236915505770204e-05 1.4266011977911993e-05 4.6505767105628717e-07 1.2162456208339345e-05 1.5474019094246278e-06 1.1253001367704545e-08 2.691682169792838e-06 2.154136056973814e-05 0.00011390375478435664 4.481535621045759e-06 7.080206073129104e-05 4.034581184732721e-06 1.0612939693516679e-05 4.519851694067101e-05 1.858840629810244e-05 3.1994344222025903e-06 4.103554758206186e-06 9.050547263783693e-06 6.573258047173747e-06 5.268100135428036e-06 8.39522045273629e-06 7.0824766135097175e-06 1.3264045301735501e-05 1.9872252293306406e-05 3.1803865331011394e-06 1.0227066184091413e-05 1.9509246941008844e-06 1.9632861929478995e-06 6.393830721788273e-06 1.534881986789784e-05 2.6929896078040998e-05 1.5875302329731172e-05 6.4222706973715775e-06 1.4847574043109676e-05 1.837775319886784e-05 4.092713676831955e-06 2.355250236974337e-05 1.835021820068301e-05 1.282517700168415e-05 8.673288487423964e-06 6.559063347329826e-06 9.780543564060412e-07 1.6963889060349303e-06 1.783096747339008e-05 1.476760768201133e-05 1.8626018285848617e-06 1.5553818871658776e-05 0.0002007466396298908 6.562090316404367e-06 4.4441541167697145e-05 0.00013697312168674294 1.2769886458919616e-05 8.00825524564439e-06 1.1639745857627757e-05 1.755682845442769e-05 2.0911726487702218e-06 1.7827643410053257e-05 2.0638421524985327e-06 7.830010099302907e-06 5.433510678923599e-06 5.776054694751929e-06 7.545480173853325e-06 1.1494095299136021e-05 5.510950219430006e-06 8.713678996922718e-06 1.741560394097753e-05 1.4212875163473905e-05 1.2849061485769726e-05 1.7061401453446835e-05 2.2628123592547466e-05 4.111652178643425e-06 1.2052321219793785e-05 1.1618896896447935e-05 9.958287619962322e-06 2.870259688394616e-06 2.0694842363375768e-05 2.726948233655333e-06 8.576392337284999e-06 1.8395221310145004e-05 2.9393971385932853e-05 4.8079514378834624e-06 4.5265844524223695e-06 3.3236050896213478e-06 1.2658140979925811e-05 8.95633544620801e-05 0.00013259754244120662 4.3034187979015344e-05 2.91389253811366e-06 2.2430179954634635e-06 2.023195925291782e-06 1.7281235633033108e-05 1.1326648817097924e-05 7.977782741284307e-06 1.1271246999722375e-05 6.314900610414242e-06 1.1225064178653636e-05 1.0473180447179735e-05 4.204462657760928e-06 3.8741328235492924e-07 3.5722003960780533e-06 6.971782129137385e-07 3.262435465508437e-06 1.0345406900014784e-05 9.789979271608986e-07 1.1324404827163882e-05 1.440201083131331e-05 3.944235861184015e-06 7.994256595470647e-06 1.0351990097024244e-05 3.764917119710997e-06 1.0549876188749979e-05 8.402016914162612e-07 1.5154994999884635e-05 6.4258821727448984e-06 1.8443815692583646e-06 2.245569871731296e-06 3.612865484912583e-06 2.8196028276870806e-07 6.140395639402439e-06 2.1048961772491352e-06 7.798229527152298e-06 5.693333349931963e-06 4.513687264323874e-06 5.108585298512541e-06 1.4295948311590984e-05 9.696941637132485e-06 5.434671955887862e-06 1.276995437698778e-05 4.336978108198667e-06 6.480738833928889e-06 9.647493270812757e-06 1.0039299098346666e-05 7.037539234162373e-06 1.2257955860024561e-05 7.953012096423948e-06 1.116037779932469e-06 1.2458520777715161e-05 2.7632739268229797e-06 1.3657728923550644e-05 9.475836694450631e-06 1.5718708859125363e-05 1.2620248315465947e-06 5.095154516532931e-06 6.63899705224128e-06 3.3140497268192855e-06 1.054459838634173e-05 1.9168553227769056e-06 6.001601821765678e-06 8.442416721588851e-06 8.442537288055956e-06 7.325866128223423e-06 6.188687897368516e-06 1.3514554025612818e-05 0.0001784809512423685 5.28735898685539e-06 2.41669393181361e-06 0.00017276355657721993 4.93697412880402e-06 1.3525033848894279e-05 1.526724867865883e-06 6.3343707391513975e-06 4.8076458712913145e-06 1.0458074507765625e-06 6.0911073074280874e-06 1.1949435594734994e-05 3.8295192849712296e-06 1.1083851531941512e-05 1.2040397155918492e-05 2.8729736609671007e-06 9.314424359247773e-08 3.596273289355339e-06 0.0002676170647967085 5.823245848449232e-06 9.046510153425827e-06 3.2232643049709e-06 1.4039420410237178e-05 7.08170106869651e-07 2.6096135108669938e-06 1.594086381422463e-05 2.717706916767232e-06 2.0037323258628496e-07 2.5465248734609696e-05 2.9357515296213183e-06 1.730904843533095e-05 1.1398252863733883e-06 1.780896186365467e-05 1.6397387147011328e-06 2.0048269842456267e-05 8.067269352938445e-05 3.4282295171518238e-06 0.00014090478013760064 1.606964786853878e-05 3.6418641909020055e-06 7.197825901777081e-06 1.1593800695921382e-06 1.3381112161578917e-05 1.4742792740810572e-05 1.0836955792203118e-06 1.4219106245360237e-06 2.753014813959389e-06 1.7036604560450517e-05 7.3555707564019795e-06 6.91187228580487e-06 1.693238210634791e-05 2.4288803820084935e-05 2.4386884038802876e-05 1.0118590039368181e-05 1.2020615151480374e-06 1.8328453027316195e-06 3.845711686961987e-06 2.794116949115941e-06 6.517189951923653e-06 1.1089920845999762e-05 1.129746596955019e-05 1.9303921744341543e-06 2.2068187638860114e-05 1.835738377850112e-05 1.1394239983653604e-05 9.432218509079734e-06 1.2837815850510716e-05 7.633939844440447e-06 2.395176827719096e-05 4.826639870973271e-06 1.5407168494752117e-05 2.1944513981836166e-05 4.51414956159173e-06 1.0424771708797155e-06 1.3323401094850019e-05 1.3274737665234589e-05 7.829904124292378e-06 5.491124420775385e-06 1.2382970345851065e-05 7.397198206922524e-06 2.4100911335933787e-05 9.113214715304343e-06 2.0234642543911042e-05 9.459777773238062e-06 9.643894555822493e-06 4.503613880378644e-06 2.072236248121738e-05 1.040437333000874e-05 1.0768585543024463e-05 2.4586501285951655e-07 3.400277488922296e-06 1.974371102142029e-05 6.574057951237447e-06 1.1445005182146295e-05 3.53446550882635e-06 1.3824564792786878e-05 4.718419278069617e-06 1.0052344764769593e-05 8.80747722823985e-06 6.610273421182219e-06 2.1107757817709713e-07 2.194522110472804e-06 3.894248849277026e-06 1.4628270680501276e-05 3.5916977651709845e-05 9.943625836246296e-05 2.4911392694367877e-05 7.812115480844492e-07 7.343569249858452e-05 1.055690688405438e-05 3.957384012715466e-05 6.998493571553018e-06 7.2290152307072676e-06 1.8405709117161682e-05 8.599367037675952e-06 2.2174157331869058e-05 6.3835646999744675e-06 2.0570966288342792e-05 2.349919185601005e-06 1.063251129922816e-06 3.720607535128101e-06 7.418080601325652e-06 1.1138688136459635e-05 9.213683044299647e-06 1.247114460710681e-05 6.2164521779352796e-06 2.7513866546947644e-05 2.6691186755735665e-05 6.667910727624452e-06 2.0795655193664117e-05 2.9195477339730244e-06 1.6347914175529436e-05 6.634758960624876e-05 0.0002876184863348958 3.377089795291215e-05 2.3091144276169977e-05 1.9444858508282873e-07 7.766887114728559e-06 2.049810628332789e-05 1.784942418373133e-05 2.6486820996630452e-06 4.539351772313102e-06 2.0484107501806657e-05 1.7689077048421116e-06 1.0895780628197307e-05 1.0562463252035454e-05 7.931508892337726e-06 1.1724274609309515e-06 1.6324393774824378e-05 1.772291070376007e-05 1.5123193284601053e-05 3.9754823672147495e-06 5.129232991648685e-07 2.683037840004363e-05 5.558008474694713e-06 0.00027096072563258526 2.755460165376708e-06 2.578693536197098e-07 3.128354321225346e-06 2.0578112347391893e-05 5.941363866287067e-06 0.00012723314095923455 2.3198808331415228e-05 5.4374732801103806e-05 4.44525995808642e-06 3.697485479347537e-06 7.945754401284647e-06 9.419399238148611e-06 1.0800750707866652e-06 4.125996616349831e-06 3.177202571996988e-05 1.764990432727474e-05 7.232341023963485e-06 9.543843043895417e-06 1.5684221797737675e-05 2.6276697647688534e-06 1.689430328956534e-05 4.4774648557283865e-06 4.530661547558491e-07 1.4591442043777343e-05 1.6342349280681142e-06 3.565892905674991e-05 3.134252597516395e-05 7.543854683406786e-06 4.861686529603832e-06 3.7609655431720516e-06 7.84940544414905e-06 3.197778165098823e-05 2.798436766796938e-05 8.296259332851746e-06 7.244583057686518e-06 5.363155533493838e-06 2.0331022851133596e-05 1.929661301363213e-05 1.15641778819478e-05 1.5897330277959242e-05 7.311357471102847e-06 0.0 4.453023112658886e-06 3.205390852182483e-06 1.2476322604723888e-06 8.836608463541482e-06 1.6504413973142827e-06 1.7474828350968204e-05 2.2442379731096698e-05 4.784951204621494e-06 1.63934461714898e-05 6.46050475393057e-06 1.1000637670040773e-05 3.948344093105718e-06 1.8207265223614142e-05 2.3441371353300647e-05 1.2460814780053859e-05 1.3449654026292157e-05 1.0987409226280151e-05 7.184355396399953e-06 3.1998824271986893e-06 4.29150326704103e-06 4.67837235007541e-06 1.216975804434481e-05 2.6931809859115445e-06 2.7850292537994282e-05 8.198800333913365e-06 1.0327849444128567e-05 1.7957259862640992e-05 1.274545198059234e-06 2.9442770413692958e-05 5.271448144509111e-06 8.141300231254768e-06 1.3329745591149471e-05 1.624517848047383e-05 1.61621756958739e-05 1.5372358068702687e-05 2.5830653983273905e-05 1.3006834097789996e-06 3.813796129049984e-06 2.1482790014271787e-05 1.4907178544314669e-06 2.126455052492323e-05 2.0160008248987075e-05 2.835078897969115e-05 2.124039727313674e-05 9.657345333368554e-06 3.833721228098694e-06 1.0191627823392503e-05 1.188368359597715e-05 9.13457473820655e-06 2.2426159538404647e-06 9.033624239831297e-06 9.288069059158765e-06 1.95001031252989e-05 1.782888534911313e-05 3.340407494877099e-05 8.426332093004741e-06 4.163137175815395e-06 5.677570829348863e-06 5.509864342312235e-06 9.226406987154867e-06 1.1119265566329017e-05 1.8928585791472977e-06 2.4781395142688276e-05 4.0924560527158754e-06 2.3129063876188574e-06 5.394135833002404e-06 3.9872470036401317e-07 4.102180643142097e-06 1.7051929538416298e-05 1.7839870951258533e-06 4.30673190196437e-05 3.112848133206578e-05 2.920468914912583e-06 6.262417899459639e-06 1.6029812815718847e-05 6.100507140074081e-06 1.3354860292331174e-05 9.405774186122034e-06 3.7118490199835626e-06 1.0375024321369908e-05 1.5619700121261276e-05 4.448852172830469e-06 1.2737272966593036e-05 7.647258026122509e-06 1.4784547398446625e-05 1.6730838087070386e-05 1.6933451429420028e-05 4.990034007984634e-06 3.980226728512201e-06 1.4411766435409763e-05 5.788185050805137e-06 2.5530711315436655e-05 1.8974017889243633e-05 4.9935673633091545e-06 1.988465565225037e-05 1.2676236416479887e-06 2.72951131074322e-05 1.5068125029960635e-05 6.390043933163135e-06 1.3283867466501425e-05 4.328825324098695e-06 1.3449427818404988e-05 8.295334890517035e-06 1.4109135070371266e-05 3.0234731508050774e-06 8.325527379690466e-06 4.084914356921236e-05 1.9144385210254297e-05 3.7538627720505927e-06 1.3635499462519789e-05 2.4325455182402185e-05 2.2979268533133623e-06 2.3351824445234454e-05 1.6956425922104117e-07 2.281915122511026e-05 3.6310896093242886e-07 4.747257940259124e-07 1.0722757768543972e-05 1.0188793455506297e-06 2.0997166959683142e-05 1.6691069627285105e-05 1.2251617766326521e-05 2.8922125978692686e-05 2.0764689017177633e-05 4.3227060051990305e-06 2.9175134789760797e-06 7.536257018194217e-06 6.847760088287061e-06 2.5757351135782005e-05 2.936336154480474e-05 1.9116215767396813e-05 8.810905307017255e-06 2.8178373992934265e-05 0.00034822004579300334 1.1194973047899998e-05 0.00030738500133717627 4.585922786371431e-06 1.663018651551587e-05 1.7595807679135744e-05 0.0003339315901560752 1.57791734913114e-05 0.0001112111936762095 1.5946621272167836e-06 1.3136664687761831e-05 1.6652557335412683e-05 1.54256948476312e-05 8.563199412919738e-06 1.3629890246502013e-05 2.4624698508468723e-08 1.0925790154640212e-05 1.1612813993334615e-07 6.407783239339699e-06 1.8775384143110898e-05 9.155560250095444e-06 1.231351296740141e-05 8.057317796630506e-06 1.9012444210701094e-05 5.0302725304594996e-05 4.701838052048396e-06 1.793852480591581e-05 6.613998154947645e-06 8.827124763542957e-06 7.175207556644481e-06 3.5047976276446173e-06 1.054174532762434e-05 1.5490110666045706e-05 7.355656877393015e-06 2.5703089896485834e-06 5.751214660206509e-06 5.803616384216847e-06 3.419450429590243e-05 1.4606491297540125e-05 1.6666492772804125e-05 3.213450282058021e-05 2.43151302069027e-05 2.3195818437330763e-05 1.2208877462445442e-05 4.502235066200704e-06 2.5528387971197785e-05 1.8925665971427005e-05 1.1448335877575257e-05 1.7515908410793813e-05 2.0425480013678307e-06 7.314543931656532e-07 1.0143897433858198e-05 7.862579307898476e-06 2.9612951315194955e-05 1.465629385472116e-05 3.049819281287109e-06 8.405741993257755e-06 1.2001554809722192e-05 2.0204794248682097e-05 1.7693280197349672e-05 1.933983097928313e-07 6.121227520894702e-06 1.9935509285515e-05 2.0883025689863492e-05 6.468547457499631e-06 2.0200930204368017e-05 2.5991246220497644e-05 2.2699329108397192e-05 1.3141842699026493e-05 2.6338078571891632e-05 2.189781901082826e-05 1.9314438274054847e-05 5.933572202945375e-06 9.797170771019741e-06 7.115721315678049e-06 2.302839904998526e-05 7.642231831145697e-06 2.1323955905354667e-05 4.007774728283481e-06 7.918931928244331e-06 1.6626864996327417e-05 2.809504770186493e-05 8.04951217720411e-06 1.34382230636411e-05 3.395186714011736e-05 2.327200045363792e-05 2.7583563771610627e-06 0.00022543473128899222 1.2302048584418866e-05 0.000343078445060136 7.804653844502433e-05 0.00020799230080062266 2.492459552888258e-06 1.804510328720035e-05 1.8384341466701897e-07 1.8765845572165556e-06 1.3130434648195668e-05 2.7590652934377045e-05 6.13507656161937e-06 2.9483464263058253e-05 3.1195345432206296e-06 1.0260573079456552e-05 2.89877330342447e-06 2.0371234659604362e-05 8.042919572124763e-06 2.8206061709595493e-05 1.972797860889763e-06 1.7289429623857385e-06 2.1574979132258245e-06 1.8020646449456726e-05 1.5725619889499584e-05 8.751997290582014e-06 2.899089693607336e-07 3.6911384111645334e-06 1.7311252789374625e-05 5.747069237521832e-06 6.066851044113473e-06 2.1374001075475452e-05 9.56008079383204e-06 1.3557767084403342e-05 1.1080254449926502e-05 1.1572510090144016e-05 2.3899348012906452e-05 1.4996914562406548e-05 7.880472219408205e-06 9.413352959373212e-07 1.3918968532036826e-05 5.838331487829093e-06 4.922637254488532e-06 1.4966426891401537e-05 1.0208920592600911e-06 2.6613376575130654e-05 2.7399954042797295e-05 7.995076954518379e-06 1.1728571456922518e-05 5.163159022834119e-06 1.5753273419952782e-05 1.3511468122538825e-05 5.745621964595494e-07 1.3381365010501746e-05 7.547729740330611e-06 1.3862678934704049e-05 7.1549533770912355e-06 6.784225623717123e-06 2.2988326179970492e-05 1.2293496616533248e-05 3.1024387457148437e-06 6.4490059655519774e-06 5.479318145240079e-06 1.939627381446333e-05 6.8537758255631755e-06 8.589597625011004e-06 6.985544219824486e-06 8.811418763424039e-06 3.735674203574926e-05 2.641986674824043e-07 1.7103265946231995e-05 1.1288656759040167e-05 2.878488326564955e-07 8.079769435192852e-06 1.8256683054925385e-05 1.78210074773752e-05 2.475769466747569e-05 6.074603967772539e-06 1.6014026429671202e-05 1.672275490183218e-05 2.6786068794784584e-05 1.5191648035851073e-05 1.6477457234989252e-05 2.243532951865329e-05 2.2134354512909516e-05 8.499655816963763e-06 9.282875297245317e-06 3.0324145595427596e-06 2.256128800937489e-06 9.872094255913319e-06 1.6417870229898313e-05 1.9434504210412125e-06 1.80247421192195e-05 8.713481333165236e-06 2.2349859762116047e-05 2.239381644352506e-05 1.2560757783802115e-07 8.527371558859304e-06 1.5076609203202013e-05 3.2300440291351512e-06 8.846582058166662e-06 3.460927509474615e-06 1.0467925852109254e-06 2.008773991608869e-05 6.786106741719719e-06 9.446158784145131e-06 3.130753062215734e-05 5.486321168281121e-06 1.4754306444931733e-05 2.0240627613231587e-05 9.485959137535631e-08 8.513700589046018e-06 1.583757541114603e-05 0.00025976232641840806 1.3179939155444907e-05 3.432274359511477e-05 5.648805337001609e-05 7.829290948190778e-06 4.064924135904678e-07 8.673778742433085e-06 3.817942015470664e-06 1.2847757570815794e-05 1.800159368344699e-05 1.557754580918248e-05 3.348298503790742e-05 4.927021441197617e-06 3.1016815615316112e-06 1.2194841250050836e-05 2.2563554981556116e-06 5.7821894136038395e-06 1.529733555027429e-06 9.78440824613549e-07 1.8030521924792018e-06 2.5661508448378243e-05 2.564357389624934e-05 1.5618451433087013e-05 4.155355082802532e-06 1.00992937923225e-05 3.146458626924166e-05 1.5574085462629127e-05 9.322957194480126e-08 3.969886031335459e-08 1.111127809871499e-05 4.983374611439671e-06 2.458234207794387e-05 1.7711173873952278e-05 4.0120969616673785e-06 1.8760183593160375e-05 7.005877652444688e-06 2.440991299419008e-07 2.4542939191969e-05 1.0972666630247065e-05 1.4605295612822371e-06 9.996655375439259e-06 6.144535433075661e-06 8.86725339698102e-06 3.567883241989913e-05 1.1993362150017037e-05 1.2989149804354148e-05 1.3716243510709466e-05 3.0219664223063836e-05 8.225833521554265e-06 0.00016176481131285084 1.1375754505610949e-05 0.00014330938598026546 1.639494728930845e-05 0.0002926843708754743 1.5596467155677834e-05 1.816938923567938e-05 6.825355186597256e-07 9.136652646215925e-06 8.745359731730293e-06 1.2437371170107483e-05 1.0005624478998709e-05 4.482967891332857e-06 9.674981857845105e-06 0.0003807894525657676 2.224037198333513e-05 2.3966800382230376e-05 6.257680083122454e-05 2.6704483863511402e-05 0.0001803582945226177 1.5434674433754617e-05 1.871113633925129e-05 2.7593700531784054e-06 1.655629327170277e-05 1.8234095253802603e-05 3.6152673847411536e-06 1.020160334484947e-05 0.00019352159144965978 6.160170035599527e-06 3.288971474801666e-05 4.984784432059208e-06 2.9789404464835104e-05 1.9326733061105634e-05 9.128604325877275e-06 2.0700339346895305e-05 8.520800066584359e-06 1.0694443163933731e-05 8.171195431151085e-08 1.5155354121705199e-06 2.4371050371868448e-06 3.951724911268254e-06 7.057301195000497e-06 1.279981322998261e-05 2.4743466734665385e-05 0.00015615569193574907 7.223186543601379e-06 0.00012793533843284197 1.0449341644769554e-05 1.5518259831884676e-05 1.9772055877526608e-05 5.5374267591649435e-06 1.0482939681576687e-05 2.9983076453126718e-05 7.350241885434252e-06 3.057623474008515e-05 1.1988829711384502e-05 1.7217178975289261e-06 3.340761872682329e-05 6.170181956249538e-07 8.380279963760387e-06 6.309998179646326e-06 9.19096193074706e-06 2.5875242767758894e-05 1.5215718975714147e-05 7.949356457115687e-07 2.4245245383993292e-05 7.465439746218602e-06 5.690286022278658e-06 2.2823350512657014e-05 1.9460723990006746e-05 1.2126410691470898e-05 2.7166794706821767e-05 4.6161802017333785e-05 1.8695627095835247e-05 7.820184107446868e-06 4.132137706464479e-07 1.2764616394339218e-05 7.297120886185373e-06 7.857757007238859e-06 6.832353973914659e-07 1.3964235038649739e-05 2.7404602934951563e-05 3.4295474221813098e-06 1.6079449636269965e-05 1.308688534343502e-05 1.5215423456451926e-05 3.4558361010116967e-06 1.1337817931957314e-05 4.5503017110753747e-10 4.5503017074405156e-10 8.19531735027532e-06 1.446391822840009e-05 2.1101286112433327e-06 9.883535100640174e-06 1.4181579746414467e-05 2.334140603259236e-05 6.434107894103284e-06 1.5009174083118141e-05 6.0058214028646035e-06 1.7984322677064335e-05 6.7072273721929275e-06 3.3206870210391546e-05 1.7310945374184923e-06 0.0002652716367936378 0.0004794044401229871 9.287813724267565e-06 4.593650934941845e-05 5.18224237959937e-05 3.115556085855521e-05 1.2241805132901725e-05 4.963969017366232e-06 3.4943942865866154e-06 8.407189542029164e-06 1.6615709837763648e-05 8.17933807785127e-06 1.4844682423010103e-05 3.268236337438252e-05 1.3939726484066611e-05 4.410419988653863e-06 1.1156880851578131e-05 1.2367609776467737e-05 6.52523256102298e-06 2.8591955262418614e-05 1.3385378584463615e-05 3.222763818895738e-05 5.80545979680738e-06 6.4954018458554545e-06 3.789734454929355e-06 4.062198371095342e-06 1.3033899413656827e-05 1.5859668042699408e-05 1.9203288991043485e-06 4.189948358527074e-05 1.616165888069733e-05 9.347756256212991e-07 1.5212660476635968e-05 2.074317188808454e-05 1.999728302729504e-05 2.1560858595725287e-06 2.8331806850000868e-06 2.8287715150567497e-05 3.5297821363343625e-06 1.2707513546550146e-05 2.3883930008902146e-06 8.837335857492476e-06 3.300567816035888e-05 8.875639167606697e-06 2.5104795542260315e-05 1.5421901544127377e-05 2.7659829742348066e-06 1.4765590277069231e-05 2.300415503230158e-05 2.4217609429799596e-05 3.1393272232149444e-05 2.4287615016751466e-06 2.3668304969777564e-06 2.401484296740884e-05 2.3466404908588306e-05 1.5554892793574466e-05 4.897078569047513e-06 2.2610123684780576e-05 3.4411000946172864e-06 6.084843147216566e-05 4.4994297447365956e-05 0.0003475844953922757 1.0522433038613015e-05 2.587653276499653e-06 3.0427396001116713e-05 1.3633356465659553e-05 1.5090570474050165e-05 8.522576342630433e-06 5.8470272333448535e-06 2.094242496492368e-05 3.855807675592238e-06 2.3936944794287906e-05 5.213817453267445e-07 1.3761886400416809e-05 1.4390300598798561e-05 2.337391724041854e-05 8.074950840473774e-06 1.6060280940790477e-05 2.1244915815376895e-05 2.5632353274566428e-05 7.59383060620622e-06 1.3397256366140596e-05 2.295366951801824e-05 5.998258841307054e-07 2.1833724960443188e-05 7.505662893221846e-06 2.146439836310374e-06 2.5564994363265614e-05 1.0113961955839882e-06 3.0226967224755523e-06 2.9788634267638126e-05 1.46844110741306e-05 8.411305719895554e-07 1.0133825780613278e-05 1.3227443323425444e-05 1.50893409062305e-05 4.527282441753139e-06 2.410890628966604e-05 2.2725467591460817e-05 1.4407744126711414e-06 2.2932113248444598e-05 2.287477753408315e-05 2.0037485869330715e-05 1.085905121807718e-05 1.4974872863464585e-05 3.5983608607827334e-05 2.301646612952433e-05 4.164328479141955e-06 2.0157631644473288e-05 2.3150101252154075e-05 5.574939813603855e-06 1.2417997511974516e-06 1.3235467668672171e-05 1.4875449203588259e-05 1.971222835237441e-05 1.0599233569458145e-05 7.040376176862991e-06 2.7482048874142427e-05 4.334543835609674e-06 1.6092854117330862e-05 1.9992450693212525e-05 1.1476631914354671e-05 8.155251646737786e-06 0.000261374258209203 2.53177083400916e-06 7.289427182744917e-06 3.524678672013633e-06 1.846277537558756e-05 1.4302530922783766e-05 5.632893244125446e-06 8.845682247903907e-06 4.126948133807016e-05 0.0003066112910985045 3.417355064544384e-06 0.00036929994306522597 2.5835200681062106e-06 4.3945326738996435e-05 2.2422169950413778e-05 2.115274619546511e-06 1.1705036429708768e-05 2.292115670790482e-05 1.1994195240614404e-05 2.089068356305194e-05 3.03076143384397e-06 5.443679924857228e-06 4.162109691945026e-05 1.8344148293044012e-05 4.474310982259295e-06 1.9856555401384888e-05 1.6892480811694966e-05 2.3245576189791702e-05 2.6255148711851122e-06 2.4098246194117887e-06 1.4996090325049124e-05 1.1863772266061809e-05 1.2298471159028679e-05 4.626103875794974e-06 3.6011912104578807e-07 1.5439105988819516e-05 1.0367609357113565e-05 1.2272074883344411e-06 2.7477092812151043e-05 1.9614015034430504e-05 1.682827788599749e-06 1.274039500810405e-06 6.374838795606757e-06 2.0774751500176637e-05 1.8844895961321473e-05 1.904610813861541e-05 3.482616778160406e-05 4.585383626010229e-05 6.679658725473265e-06 3.62412589729339e-05 5.894434521721186e-06 1.4573585181276485e-05 4.646201251958837e-06 3.444540244684864e-05 1.892073023258442e-05 8.422404714573711e-06 6.767582179576295e-06 3.432327072750825e-05 3.313621215835367e-05 6.097833402063138e-06 3.7871995210333716e-06 4.944103105413744e-06 1.5411363230485097e-05 3.382734613882249e-05 7.82262995048487e-06 1.6166378272221554e-05 6.248870388985658e-06 2.6005439077254596e-05 6.056357557949292e-06 2.3115882159901165e-06 1.3862155293980978e-05 1.0730926667981692e-05 6.4771036292904355e-06 4.267203149471443e-06 1.1006482558660261e-05 6.6468057914641656e-06 6.314709189141239e-06 1.38438338997761e-05 1.1929595598997758e-05 1.198115526433425e-05 6.332732525982301e-06 1.707101872378639e-05 2.285622199583624e-05 3.514983989110747e-06 1.8931933804507622e-05 9.174546731844118e-06 5.787088160002302e-06 3.1841523448759966e-05 1.9093681100157378e-05 3.45844259966878e-05 3.0234982168456756e-05 2.0352792906794334e-05 6.857532451177055e-06 2.2620795213658804e-05 2.216659467050032e-05 2.1759807752359065e-05 0.00027076896239030553 1.5395383656657734e-05 3.4097102391215117e-07 1.3692434576199281e-05 2.543886673085651e-05 1.960676080909265e-05 1.8218301505886464e-05 1.9864605800139828e-05 3.384221511102709e-05 1.2585508566767524e-05 1.4630313403542124e-05 5.433934511178369e-06 1.5984760669288684e-05 3.943384697522645e-06 2.766495422947661e-05 1.5002498567791538e-05 8.492643312351609e-06 1.2472201467434026e-05 5.744207569147583e-06 4.19619027690823e-06 2.9654703144059465e-05 1.2282143599304641e-05 1.5015188874919646e-05 1.9747828166427213e-05 3.3047356170769206e-05 2.07985148883617e-05 5.1421795504287444e-05 0.00044731458914349504 0.00043463171882299185 2.2600623169697526e-05 8.956205825891396e-06 2.3803220513773523e-06 3.158386801876278e-05 1.0190227341730431e-05 1.0225576699666767e-05 1.3049981680095371e-05 2.0152914428359767e-06 1.8464164120215656e-05 1.9861307746262425e-05 1.2627132794751821e-05 3.477763538607531e-05 3.5229403093297366e-05 3.511865437111136e-05 3.837841087967526e-07 4.041919810002818e-06 1.4630165117760824e-05 9.306620535435086e-06 1.074561292311604e-05 3.1590864643212925e-05 2.6203042955871765e-06 5.802301400434016e-06 2.416002103348894e-05 9.277003427842778e-06 1.80368611075957e-05 5.224814278791835e-05 1.6464512093597224e-06 4.527982186815488e-05 5.194714201604003e-06 2.3973692751827784e-05 2.181855079073262e-05 4.6535424330861424e-05 1.1704432620887661e-05 8.423209931574365e-07 2.633112307493507e-05 1.8490463993665986e-05 3.349527487954181e-06 6.353340498182229e-05 4.540113741535049e-06 1.5586358641469105e-05 9.693918696826041e-06 3.6284739433906486e-05 2.2630134083788565e-05 1.9236731563723147e-05 3.787539774027415e-05 2.1559139085060535e-06 1.336758092685263e-05 4.042164589128318e-06 4.215997785922167e-05 8.45441157847917e-06 3.199075549271632e-05 3.0815946777883675e-05 8.172817621091e-06 1.5938048374379933e-05 2.446162810664545e-05 3.118042010433027e-05 0.00035007689683028164 7.987767173399001e-06 1.5225921215837761e-05 4.47185229754047e-06 1.648124499771696e-05 4.474938552639651e-05 1.50520875263457e-05 5.940439855578806e-08 3.9933493215468996e-06 1.4222675989639682e-05 4.3816610531640914e-06 3.4614352423047665e-05 1.3134262776585197e-05 4.6731463698365375e-06 5.776882274694845e-06 5.609903567778978e-06 1.132913802435034e-05 3.2540583755253914e-06 2.7758639461375254e-06 2.315359334303304e-05 4.9781188988161285e-06 5.457097942716504e-07 2.301118753714939e-06 7.560868756252415e-06 1.8712431931964688e-07 3.454656100412449e-06 2.209627182218376e-05 7.838451395075613e-06 6.9341792999701585e-06 3.529746783432771e-05 3.5325921740783585e-05 1.6730587797867543e-05 2.292138311383049e-05 3.642739024688233e-05 0.0005198565115522157 3.073139172615205e-06 3.8358399764508275e-05 1.4576625156706454e-05 1.7374566852449315e-05 1.9183841288445293e-05 6.086801645295631e-07 1.3226815918942288e-05</DataArray>
<DataArray type="Int32" Name="high_endpoint_count" NumberOfComponents="1" format="ascii">1 2 2 1 1 0 0 0 0 0 0 0 0 0 0 0 0 0 1 1 1 2 2 1 2 1 1 1 0 0 0 0 0 0 0 0 0 0 0 0 0 0 0 0 0 1 0 0 0 0 0 0 0 0 0 0 0 0 0 0 0 0 0 0 0 0 0 0 0 0 0 0 0 0 0 0 0 0 0 0 0 0 0 0 0 0 0 0 0 0 0 0 0 0 0 0 0 0 0 0 0 0 0 0 0 0 1 0 0 0 0 0 0 0 0 0 0 1 0 0 0 0 0 0 0 0 0 0 0 0 0 0 0 2 1 1 0 0 0 0 0 1 0 0 0 0 0 0 0 0 0 0 0 0 0 0 0 0 0 0 0 0 1 0 0 0 0 1 0 0 2 1 2 1 1 1 0 0 0 0 0 0 0 0 0 0 0 0 0 0 0 0 0 0 0 0 0 0 1 0 1 0 1 0 0 0 0 0 0 2 1 1 2 2 0 0 0 0 0 0 0 0 0 0 0 0 0 0 0 0 0 0 0 0 0 0 0 0 0 0 0 0 0 0 0 0 1 2 1 0 0 0 0 0 0 0 1 0 0 0 0 0 0 0 0 0 0 0 0 0 1 0 1 0 0 0 1 0 0 0 0 0 0 0 0 0 1 0 0 0 0 0 0 0 0 1 0 0 0 0 0 0 0 0 0 0 0 0 0 0 0 0 0 0 0 2 1 1 2 1 1 0 1 1 0 0 0 0 0 0 0 2 1 2 0 0 0 0 0 0 0 0 0 0 0 0 0 0 0 1 2 1 2 1 0 0 0 0 0 0 0 0 0 0 0 0 1 0 0 0 0 0 0 0 0 0 0 0 0 0 0 0 0 0 0 0 0 0 0 0 0 1 0 0 1 0 0 0 0 0 0 0 0 0 0 0 0 0 0 0 0 0 0 0 0 0 0 1 0 0 2 1 1 2 1 1 0 0 0 0 0 0 0 1 0 0 0 0 0 0 0 0 1 0 1 0 1 1 2 1 1 0 0 0 0 1 0 0 0 0 0 0 0 1 0 0 1 2 1 1 2 0 1 0 1 1 2 2 1 1 1 0 0 0 0 0 0 0 1 0 0 0 1 0 0 0 0 0 0 0 0 0 0 0 0 0 0 0 0 0 0 0 0 0 0 0 0 0 0 0 0 0 0 1 0 0 0 0 0 0 0 0 0 0 0 0 0 0 0 0 0 0 0 0 0 0 0 0 1 0 0 0 1 0 0 0 0 0 0 0 0 0 0 0 0 0 0 0 0 0 0 0 0 0 0 0 0 0 0 0 0 0 0 1 0 0 0 0 0 0 0 0 0 0 0 0 0 0 0 0 0 0 0 0 0 0 0 0 0 0 0 0 0 0 0 0 0 0 0 0 0 0 0 0 0 0 0 0 0 0 0 0 1 0 0 0 0 1 0 0 0 0 1 0 0 0 2 1 2 1 1 1 2 1 2 1 2 0 0 0 0 0 0 0 0 0 0 0 0 0 0 0 0 0 0 0 0 0 0 0 0 0 0 1 0 0 0 0 0 0 0 1 0 0 0 0 0 0 0 0 0 0 0 0 0 0 0 0 0 0 0 0 0 0 0 0 0 0 0 0 1 0 0 0 0 0 1 0 0 0 0 0 0 2 1 2 1 2 0 0 0 0 0 0 0 0 0 1 0 0 1 0 1 0 0 0 0 0 0 0 0 0 0 0 0 0 0 1 0 0 0 0 0 0 0 0 0 0 0 0 0 0 1 0 0 0 0 0 0 0 0 0 0 0 0 0 0 0 0 0 0 0 0 0 0 0 0 0 1 0 0 0 1 0 1 2 1 1 0 0 0 0 0 0 0 0 0 0 0 0 0 0 1 0 0 0 0 0 0 0 0 0 0 0 0 2 1 1 1 0 0 0 0 0 0 0 0 0 0 0 0 0 0 0 0 0 0 0 0 0 0 0 1 0 0 0 0 0 0 0 0 0 0 1 0 0 0 0 0 0 0 0 0 1 2 1 2 1 2 1 0 0 0 0 0 0 0 1 2 0 0 2 1 2 0 0 0 1 0 0 0 2 1 1 0 0 0 0 0 0 0 0 0 0 0 0 0 0 2 1 2 0 0 0 0 0 0 0 0 0 0 0 0 0 0 0 0 0 0 1 0 0 0 0 0 0 1 0 0 0 1 0 0 0 0 0 0 0 0 0 0 0 0 1 0 0 0 0 0 0 0 0 0 0 0 0 0 2 2 1 1 1 0 0 0 0 0 0 0 0 0 0 0 1 0 0 0 0 0 0 0 0 1 0 0 1 1 0 0 0 0 0 0 0 0 0 0 0 0 0 0 0 0 0 0 0 0 0 0 0 0 0 0 1 0 0 1 1 2 1 0 0 0 1 1 0 0 1 0 0 0 0 1 0 0 0 0 0 0 0 0 0 0 0 0 0 0 0 0 0 0 1 0 0 0 0 0 1 1 0 0 0 1 0 1 0 0 0 0 0 1 0 0 0 0 0 0 0 0 1 2 0 0 0 0 0 1 0 0 2 1 2 0 0 0 0 0 0 0 1 0 0 0 0 0 0 0 1 1 0 0 0 1 0 1 0 1 1 0 0 0 0 0 1 0 0 0 0 0 0 0 0 0 0 0 0 0 0 0 0 0 1 0 0 0 0 0 0 0 0 0 0 0 0 0 0 0 0 0 0 0 0 0 0 1 0 0 0 0 0 0 0 0 0 0 0 2 0 0 0 0 0 0 0 0 1 1 0 0 0 1 1 0 0 0 0 0 0 1 0 0 0 1 2 2 0 0 1 1 1 0 0 0 0 0 0 0 0 0 0 0 0 0 0 0 0 0 0 0 1 0 0 0 0 0 0 0 0 0 0 0 0 1 0 0 0 0 0 0 0 0 0 0 0 0 0 1 0 0 0 0 2 1 0 0 0 1 0 0 0 0 0 0 1 0 1 1 0 0 0 0 0 0 0 0 0 0 0 0 0 0 0 0 0 0 2 0 0 0 0 0 0 0</DataArray>
<DataArray type="Float64" Name="vertical_alignment" NumberOfComponents="1" format="ascii">0.7148619074129714 0.47817635923530194 0.34664072298610216 0.22651296304146518 0.2542265373183735 0.9513633459581574 0.9886274000896872 0.30516172601007263 0.6757550391568379 0.37777532141748027 0.03432676361359057 0.6901932192919006 0.4275116065787644 0.6461350197995122 0.2953660740877629 0.5128652612407901 0.3354633321070565 0.021876968626847317 0.5987126878292682 0.39396954484110597 0.9024422770740669 0.9528295381987968 0.5125877064674508 0.6726482144920906 0.924136680346337 0.5257777611000783 0.5340323699049482 0.11048502630711589 0.07799728360498204 0.11812449778671452 0.4001433971601374 0.7309124271925651 0.9546043163241652 0.057211572499692845 0.9258526621916668 0.10131345949616742 0.6412321103666746 0.37784420931908186 0.7539596643204913 0.04997383726884608 0.042220250607276286 0.13678963902301938 0.12060481237248659 0.41609500909495556 0.3777340247217331 0.5087344743768462 0.18939094374850945 0.4365350928514545 0.46133746174132295 0.7090830220651113 0.8002092375155467 0.6248687916082087 0.8589526304351115 0.5754765399456842 0.7441737332385341 0.1704304426599668 0.0593376572721079 0.2693145071377028 0.8050305928146826 0.9211778068296885 0.3562126380872314 0.07890786606193839 0.8289171387166828 0.7702259867456972 0.8625959926369657 0.39157103222584105 0.4214012222978709 0.881287975431886 0.027416646574994513 0.46745442479829874 0.05704058822674794 0.6522803096646496 0.7675426432451266 0.37855208282751807 0.1391621825478259 0.4406605884029309 0.9822237117003392 0.46549375297618245 0.5578039871015679 0.5191079675617117 0.22731023377464687 0.037772515101606736 0.5101973660426404 0.7241893925856446 0.8019590402059279 0.3586960453788708 0.23387841795445133 0.1615841171601931 0.798535273558652 0.10464583926209907 0.8115232870745541 0.5490118086997041 0.36578167472369755 0.30421024432328464 0.5324085207265193 0.6313715653712276 0.9661727338843529 0.6578060565200313 0.7790227544941326 0.13223238046007396 0.33352171629588506 0.5738833167985482 0.5152170783924089 0.8199543197105981 0.9185184518825642 0.38045483269225683 0.6435393730573675 0.2686777311160592 0.16329980232750696 0.27584602602091113 0.648872653853337 0.5782157636734162 0.7584422041292727 0.341550760005869 0.9495436921507169 0.3481848286689288 0.01839025417713529 0.022433120383754484 0.5156113499409708 0.2639198276868008 0.06957424366531084 0.7997398226890233 0.6036328264125158 0.4343101802020193 0.6664754465258915 0.7026068220427463 0.21078049504285493 0.6264488754930619 0.5616916110593136 0.1628050525303911 0.3891478848823524 0.16133375952253162 0.20182398497213863 0.8926563406830098 0.504458915765067 0.24590991692122083 0.17121174220236046 0.9855043913932282 0.48137554653595455 0.4216063654427783 0.7811341006117075 0.9808286036390279 0.3829045093468594 0.5803384732736075 0.17448528198717125 0.0923439704373802 0.7245120606362377 0.7939753447018785 0.08383772469300835 0.7429535921030359 0.7037432229261711 0.6616040785469929 0.4207938794858812 0.4165904391118844 0.3139426269474808 0.37299481513208244 0.25617125351530456 0.5723214876998162 0.1687271053232503 0.6194975229084477 0.5610015363431085 0.3935855626154354 0.6174807397403543 0.5861669941394998 0.11785385534638945 0.9211798529285339 0.26712271418401007 0.1800374743435217 0.18468239903015793 0.40083164547493105 0.7847687654578313 0.37660865310570235 0.12959650665034175 0.1467854862611766 0.3968933231662167 0.9773749688288601 0.9629427954280069 0.2792235626680842 0.315364548374534 0.9249328263809355 0.35964970011015945 0.8632057382660129 0.6144838284315428 0.6650040285321421 0.40621636440689873 0.7060573752266287 0.18649335070352835 0.35815718497859167 0.20958455025923495 0.46168160673457814 0.3702680247506702 0.20722721441877878 0.8717245227055672 0.7897707368721228 0.4430017714056034 0.6079632818373175 0.7669417712194372 0.15098050721980816 0.764568317570489 0.4651162117357693 0.2222044655632531 0.3954948732593614 0.16047149038830505 0.18229455919749868 0.14753405512193346 0.738864452703019 0.7326403632870306 0.03803056611877339 0.8542229045928883 0.9811731673104724 0.11314418059307511 0.621092961213206 0.722609780731302 0.27160751899763586 0.38720167238697084 0.2158879852822854 0.8391390066508815 0.43296057008341976 0.6754763518610949 0.16474459797998076 0.2931509025881579 0.3433130136149592 0.31417788197281876 0.7304780248789675 0.6708670144258262 0.31473617263653486 0.34935354600633217 0.6197373392097839 0.5708338219863885 0.6932298428515381 0.7804279593536824 0.5627371191980877 0.011519690086694689 0.8234429273209837 0.7937388482645743 0.5522869572144542 0.24841280302033183 0.9344255128149405 0.04374915316683484 0.5787729839187286 0.6763829498033466 0.8933436582521863 0.44367914760795923 0.23121690621401042 0.21780639064623705 0.8721255257996904 0.9946612510993919 0.8978960906356896 0.23881999027963957 0.6948030300911721 0.9409789468359064 0.34668097999444175 0.8432205054292737 0.5704205439962899 0.3928490499357026 0.731085888475581 0.034982478394976126 0.07176448733217793 0.28408453749059653 0.9042983232427917 0.35729673305124937 0.34361505843128853 0.2359537060361774 0.46040191974818845 0.3608409587180409 0.035998943218049285 0.552188236224095 0.7597336351178309 0.23973176631855544 0.644207550999112 0.3205330436031178 0.19453870561204473 0.24992363536780873 0.1144153597335098 0.6602328405318683 0.7249196309898179 0.07229800722964651 0.06735284239461846 0.09406075125146034 0.25637855814794264 0.9372275218431182 0.08843700877423809 0.7319675982600681 0.5923380499702185 0.3886363341024105 0.5612297986611925 0.5853415440488648 0.7211463805612565 0.6248023783996841 0.5090953994696664 0.1977863319975128 0.15566890122213206 0.2549874679371207 0.4415594137115813 0.529405476911159 0.5200980193386153 0.4749053101674558 0.19633467843306263 0.5142676603371524 0.2751071935723857 0.7295499181654459 0.4744864148004536 0.8102701859433284 0.0029639608332898315 0.5415641140056108 0.5386589201274887 0.07657856562946629 0.5748374475079234 0.09668135388589592 0.176960582240368 0.7545576135442988 0.4498761322085223 0.5760751439693662 0.5760886457577992 0.4742267591436455 0.9801526791737664 0.27274442720811753 0.26126168331264044 0.606923946472792 0.4102568736422416 0.48117395031304255 0.7287644157768015 0.3012989168162231 0.26599424741708827 0.19377580383014653 0.1916529204828447 0.8053763212088415 0.7146396322628836 0.6099581181917004 0.617967796553532 0.1453118204263934 0.1933963811353453 0.195049028953618 0.7526678887975944 0.2845183377008367 0.14887380885658236 0.3271703529719617 0.5349014631984451 0.2552121633444269 0.04796538176518363 0.9836427244467987 0.19129750835253592 0.17710233372020673 0.9956957130860231 0.24149461450079449 0.6383429257457264 0.26300122865595676 0.9513354594865346 0.20111785766006574 0.5493375880339346 0.4959625348094102 0.07866529055589287 0.9576836364681178 0.5508059535596571 0.04662612037260874 0.3654833635666282 0.025186802706150337 0.9922647145030563 0.4943706084298438 0.013102151215951957 0.020799338702056656 0.016866917232055564 0.8747829612133441 0.781160162464139 0.6331435406762564 0.715420362597947 0.8337909974984237 0.4641682558368104 0.5807709492648229 0.011711903879250335 0.002087939541603091 0.9985379703919948 0.09844734656790301 0.16059981052826441 0.4837831399419407 0.7715684496611033 0.026074231413422855 0.7274355385904476 0.6556983288780472 0.5815820389911801 0.4384323351405743 0.04235056103611902 0.09290285247027456 0.9346887122263627 0.40774303652215194 0.9655833456917603 0.5342770019573712 0.27133988269034 0.027001611023460197 0.8080734051735474 0.11502934473423845 0.2575233894974372 0.1877970256007338 0.4158506117700407 0.002974548311616422 0.792125106817543 0.05803195001619998 0.6982976388710166 0.45583298479795 0.7355579000341572 0.6205934139948169 0.38611222957349006 0.6984644046168584 0.9560787005243918 0.19466263406687942 0.29052332039537154 0.7583441528595035 0.4686607340100896 0.6189949664858865 0.2702252896694919 0.47986115678066915 0.2788393956342438 0.544029291978557 0.5382858231387186 0.3011406213156712 0.016817824511800916 0.03676279768412988 0.10345727115688776 0.49959305717295543 0.926293824499753 0.5382714269778061 0.9172693952876332 0.09384648501237067 0.5746939021003868 0.03515041244063538 0.7854203688334911 0.6354719445028194 0.5277892243052604 0.48053664703985566 0.31192920760636367 0.8485387254796769 0.15976261700150907 0.40377383206050227 0.020305243858451963 0.04107251245537386 0.07356727468505846 0.34985232813464606 0.40858120151726207 0.780161646671509 0.77137827000138 0.2001335014033131 0.7763862163847305 0.2716756225883769 0.1440601665856662 0.6359567420997975 0.011171531627556214 0.3385919350808149 0.959923598505633 0.7252771258493719 0.7746716880286472 0.28495341032244736 0.045995784511725986 0.2768699000130654 0.9911694149169905 0.4133683942646437 0.10561769180267495 0.11609621620870343 0.5332628338725712 0.18227608695044223 0.3141633667891921 0.4677714064450566 0.20200077338623246 0.18372111771402694 0.3437334111304754 0.3031666390231075 0.7759015115482807 0.05269648394047478 0.0111650367549318 0.4678598204851958 0.14305536038096595 0.8843886757826168 0.003763701534759267 0.08074289075339264 0.005615711746410641 0.3795910061087003 0.2408924372361135 0.8320403794825292 0.38264188150447315 0.9895773702499351 0.03936925165307951 0.25290772081320073 0.6069834897107073 0.4756506498536486 0.36292548839503175 0.20890346137135862 0.9778951280524246 0.8545958710940231 0.7449882812874208 0.19830731390116563 0.7255586417873603 0.04720232407035956 0.6939925794309447 0.3126346520438699 0.06174647090522237 0.9454317817387584 0.09297384637780885 0.8295742835944155 0.8587638871220318 0.7569199842985594 0.09674894248597463 0.06072903120855881 0.5724498709954375 0.9190169736660678 0.995722084317286 0.12888784596536762 0.3632234473648347 0.33228470427329526 0.6189140033729538 0.8731719973731688 0.8623180050368615 0.47793398282289307 0.7902713372179399 0.7943490849004519 0.5386680204846739 0.07006651868672911 0.3015471619098644 0.7998797942164534 0.08023040950809297 0.947540075432187 0.66063476993403 0.06351423313367908 0.8674450982427593 0.0010543656914484428 0.3054117896354614 0.07823554933751788 0.953487568554511 0.7243025130411306 0.6836126332190908 0.5765325510039623 0.5791100897839536 0.3705035961922044 0.13106999947735648 0.22752195763200192 0.016575605227211222 0.7617436936427763 0.006950398344246004 0.8942314001305455 0.7072050052583998 0.6429425076788174 0.3632991028922204 0.11996601257635463 0.6562643714164845 0.557416919922061 0.2267263970547925 0.355207570711119 0.5535994363045659 0.4824606088912815 0.8602489647547161 0.1988347618671362 0.20577542440966143 0.1736560006620103 0.3536883931290467 0.059142796498224036 0.20528711662647137 0.7890206864776409 0.9563550954731819 0.3888363355946685 0.013353211758662005 0.3523805401287265 0.3875378298286805 0.6448904045779293 0.40622383654872624 0.3269927796152046 0.9240094659929646 0.24781482929798554 0.8055582178336526 0.8441593220174143 0.9385438990887562 0.3179327308221588 0.5776953807550835 0.38982415523978775 0.6833229356389838 0.3151167843828177 0.8199624224978646 0.21377962263860936 0.7044676911983232 0.08780739407558318 0.6248619927953873 0.0428631330682181 0.23134861327657275 0.026468560100386843 0.6693540080572387 0.03139989582015692 0.5830663059113955 0.8433891868026449 0.19181934237822498 0.7328844203167728 0.8242560055502749 0.15974107192626683 0.9343083931841382 0.22646216579291564 0.26338854189996463 0.059728715786233504 0.6843991325644861 0.010962674956468431 0.6714121091610739 0.4995089825509213 0.6500646898476509 0.7258344801924609 0.702601077325342 0.25929967571414037 0.5110167796125168 0.482481541983967 0.09592612402224017 0.9495271474812802 0.47177441636934137 0.17283618527089475 0.5678871398045771 0.053133805346844316 0.9451318658861362 0.8882361231491651 0.006720730649318966 0.4336076722066938 0.09115668508762224 0.3975071711050788 0.2716495383255781 0.6765642849204272 0.06447786252741407 0.33554073391452915 0.9691544616538863 0.975192281463214 0.3765894913839299 0.3295919735533096 0.9705580482584995 0.24843823289629008 0.8619943268550384 0.016970436846483042 0.7800293417068492 0.3307374938524679 0.03338276858343886 0.9774668628087272 0.03561329488291105 0.3055958168439729 0.4515649031433734 0.3488934292164243 0.9218542511720913 0.905001965146461 0.0755277771220001 0.046920456282720915 0.08058188518744287 0.22571563712567896 0.8350174164063154 0.5484306287750169 0.496581803317903 0.34743524948919946 0.7494876059134699 0.9934217008740256 0.2483872840477866 0.8924781543296411 0.21463259242851665 0.016979457690142585 0.5364558451136074 0.7324767809673668 0.42051864232674463 0.7774131665624384 0.014576141724777381 0.05218382849283089 0.25679954377505826 0.19512034402231085 0.12514445214677078 0.5687591631684346 0.1696937693762017 0.27220612373794256 0.0654659758854143 0.14449945431919015 0.9040775156988847 0.08295010338973458 0.6158884796510652 0.11249263848770506 0.3974938974026778 0.9544575928016342 0.38627557047816063 0.9850120331952198 0.5188221226716122 0.4127935169439905 0.296269777728313 0.07863341241896254 0.7116999899308176 0.6481663030928158 0.43224646538123823 0.22790621380033463 0.3759943612669889 0.31446057530933963 0.1546742265886175 0.743629557545998 0.6125599041005328 0.4752277036124745 0.7426329202761792 0.6666440731605827 0.8895023880066232 0.15563858635157404 0.6132833294388063 0.7727083632126391 0.4294289825230998 0.9517843250708322 0.011057721246997896 0.044196501243373446 0.5714780599568138 0.4374936041936131 0.7960797513837556 0.8221530193243445 0.04380491105122537 0.1640587215936998 0.2945888362942078 0.685994255052774 0.923084718788531 0.1125053181895296 0.42781884201458387 0.7505382020129108 0.8396253852345684 0.305230981281096 0.5786137876267824 0.7037962554076321 0.5737734222134868 0.2770367419482546 0.8365151286968155 0.6319660590636914 0.4770605296684252 0.7566877232444197 0.3218388865650996 0.2993622636462471 0.5635148169600364 0.507450177691598 0.8709011222496454 0.25966502146043374 0.08453714640661526 0.18190362921821737 0.6528859833151058 0.4635287331627394 0.48685186735012764 0.6474127813185547 0.9972470541107036 0.3228196165861921 0.757026886145251 0.08620002661672727 0.8631400205792824 0.5981572216879547 0.5041670454994744 0.6347706259328422 0.7151184677977652 0.13056014503647823 0.0982206013473528 0.7647480799445444 0.8892695222521526 0.2923912932511096 0.8466005761760091 0.041708298471326885 0.07162781071824732 0.09539455422195653 0.39366044663584066 0.0006071442776579665 0.9085558539766644 0.04706358133500407 0.012249860835713137 0.10167623705383044 0.7377950820648198 0.6895210496577285 0.2559620319292828 0.1622165657566952 0.31995008132081937 0.6004453298911784 0.6526255627196734 0.7185327123018527 0.8528436307234422 0.506407960124431 0.5988306047681271 0.49555298393532854 0.16706050209298554 0.974717048570908 0.5812308348846658 0.3909590612532623 0.03040740998496256 0.5630729847864893 0.17070937343258052 0.07436186459422113 0.7649714494046231 0.0734997026007374 0.7488137348659889 0.6925576184371184 0.2590781050963751 0.516154907849535 0.3717578758628512 0.471876797016633 0.5664075782367566 0.05665737913434088 0.9107804293344025 0.3781504286031112 0.702974582960198 0.3127724821009991 0.5780212609180556 0.7137729671433318 0.5583550206691911 0.2054633322497017 0.34444900989895183 0.7323197210761183 0.9632531540132907 0.30486704632583506 0.17343785403588544 0.42587977719967124 0.29288646418179715 0.9699128239712316 0.4008793486947305 0.996398310136544 0.49053818746121985 0.26301956555830525 0.29723607520064943 0.5747246146854227 0.9978912425590493 0.2056764737262778 0.4515753470560646 0.4745520021420035 0.9213635521656621 0.7964958524992987 0.21635892846326188 0.5916431574458226 0.13790850736837332 0.37428758322920186 0.33111965959056283 0.6716690843265579 0.27604748631948234 0.452365849795022 0.2535268346940495 0.8178640951790591 0.234994801310462 0.5187958619850831 0.5014485897243343 0.8868515720505332 0.6749182578619976 0.31242817675754925 0.34456169044903007 0.4251360823116306 0.20749954446930102 0.2488460554315774 0.3487869320474949 0.11003981812510788 0.7682623798065242 0.2764844335181459 0.693406077004938 0.9210252990947577 0.5253731573485151 0.9860375307914597 0.5332740045773366 0.21974173940265646 0.8678301634567797 0.4595204928958968 0.7201946701553672 0.22780881420330962 0.7868887195847529 0.890757686693782 0.4903178626533897 0.25327387859044254 0.2692340302343461 0.6908541065083657 0.5031907488950405 0.8479416386196128 0.36990111762611994 0.7270475738019804 0.43901378451463996 0.29227066622074205 0.5899397054919368 0.47080544043976474 0.44367690711269714 0.11720634152827047 0.5686678876299447 0.22846120976360304 0.9884149842017657 0.28936230629223325 0.9754408341165506 0.0698679032614176 0.6321983255881448 0.7710990198261185 0.26098806875782243 0.19252829008218647 0.09549623446956006 0.37875892149116464 0.24913121813528585 0.6043540849342066 0.2429246711227514 0.20405668816810277 0.930471741564284 0.20129113242848043 0.11659523331719665 0.6600740075576457 0.3333147044297822 0.010372915289943274 0.466983010113397 0.5332331177196591 0.3178779008389674 0.6874325986883044 0.26711270997098857 0.5840343601913518 0.5121443646921778 0.7493908802319136 0.19811211285275862 0.9458565990361966 0.158658394041516 0.2298846167760799 0.7439973760576497 0.9222353692907633 0.4691006539605988 0.7242017105634305 0.032210708739485366 0.9197007364765204 0.4189610777663396 0.31757435243175236 0.832755941722077 0.13002191874851007 0.10063128365569773 0.9797183956704079 0.8560884545702603 0.63013403634406 0.42167330665379316 0.7921681159093414 0.7196984595791321 0.4946349837881045 0.6765178968559573 0.2318890481331865 0.03880601856681378 0.8242185048232248 0.40798976334268217 0.38477956382332146 0.7936759601161554 0.5652102999475421 0.19380108160603265 0.10022588140500026 0.8351311242572974 0.9053585860585698 0.06339039427496258 0.5974666411852232 0.5170770411197667 0.42573526342013585 0.2911092475870461 0.28879588273889956 0.2004566677545454 0.15824275762345077 0.6611721362656858 0.4910939097281131 0.8406212677757547 0.9222460403627607 0.047057300021764864 0.2589976774365758 0.6434440882119175 0.6942140245031945 0.9294765632578447 0.1682037549407066 0.842600524362663 0.7393433459911093 0.0964892726558329 0.45886645995789477 0.24456894288301537 0.23187045101106937 0.973243166115064 0.13450852467610616 0.5277524388085186 0.25994846186189496 0.23771127283732618 0.8942196918196251 0.6104359277541331 0.3894548492678661 0.5485185138224423 0.3868044082173051 0.6780557216575427 0.43078129052955 0.7642371311950683 0.7442853809596631 0.6007612170940063 0.6296522873732535 0.5352204627328001 0.20869500455959894 0.02649107792159457 0.4122622265810096 0.02674952714351409 0.3178624902174086 0.012006819262161947 0.4367468104231808 0.9507836349351784 0.19236607854734514 0.5632703737999438 0.5920236564141129 0.7506993364704044 0.010419009397525505 0.7087580082691745 0.36839913873333113 0.44392264042805496 0.36081370767016324 0.39381359175388947 0.0755440256102665 0.38737179548304956 0.5159557047303738 0.5101544534511554 0.13603590798691428 0.8968045604173379 0.5334322594504826 0.7153356363262551 0.3155193435265282 0.5819648327982614 0.17293400258522149 0.8874619002227079 0.9433988133882844 0.020291932633075337 0.8843041741355328 0.7841264932391797 0.9909684173278387 0.7449752013732108 0.3757809415600264 0.0010589746004543055 0.6235241010954594 0.5977473519232276 0.45625098107490797 0.4640313545513115 0.8627531713126549 0.7227099656943562 0.13282792546348587 0.4614483090773935 0.6128425472225131 0.18716577062148274 0.7207094278513547 0.488558564752987 0.7765718068071237 0.6705769083153351 0.18087032535531 0.014481473992570607 0.7174778395969426 0.8581260353916041 0.7035805431989622 0.07965658226641617 0.7737758628281695 0.896151788833511 0.21683800190735997 0.8649033045505854 0.8541054715238239 0.43137413255711254 0.26047587270378475 0.037840928996286806 0.5673274435597573 0.1351876825791405 0.8277629635893211 0.15240116522959965 0.6253898743294709 0.48249696634309913 0.2448638271398493 0.4343645108546614 0.5819039606192796 0.04576075532483234 0.3587676623978724 0.6515128389016251 0.7262668247200063 0.7778291792341874 0.2087373581965957 0.18749979883815296 0.9709304539992313 0.738188113477413 0.7453689625763538 0.057684244871883984 0.7246860691959331 0.5665496207942484 0.8591245326856354 0.46504720398639643 0.9090226121363385 0.19060956521418002 0.38531687572539075 0.9316653048999062 0.6786091797637105 0.6221941518979748 0.34921379563691407 0.06101882271150359 0.8414740292631845 0.17117443548994285 0.9114394152307412 0.03243246996789682 0.8043971856647081 0.4664636263702538 0.2935455998454746 0.41500096990742336 0.6356863621598644 0.5755802502631118 0.8488110403682161 0.31401105520953315 0.3702730707891768 0.7647577797768143 0.005863142097775064 0.6500699775105084 0.31822380180240417 0.03966766347503253 0.9648459780160445 0.033834035860201055 0.3359100059306043 0.9861632385045183 0.8666429204392295 0.2962890629381316 0.721672567320845 0.4925509793840498 0.5335746642045502 0.29857946831379945 0.7034695574219664 0.6656709091053915 0.3053879731100294 0.4697656779896026 0.6049093991507808 0.8617432950046647 0.5051043005085085 0.5848946464190271 0.6501981320576505 0.5416806656733847 0.15786803595452528 0.5396134776422794 0.5543621377499803 0.2946488064789309 0.07829896049197 0.902282322510722 0.3504927508648172 0.6736452111809587 0.3304034075820488 0.6589619950436669 0.9646452428911226 0.776851618054161 0.6007687710279147 0.9261806056251419 0.25770128961697664 0.09683572634733488 0.869723729136966 0.05548099161421392 0.6727468128198788 0.7208045040600415 0.6668785196404253 0.6704929617476164 0.1792112839892535 0.17348123220808065 0.6666014971038814 0.8413684988313546 0.2141089356254368 0.8289372875639556 0.08958612510411541 0.7977243662971701 0.6626843794101837 0.16602163484450705 0.4844078198639852 0.8618926935287615 0.015231296247872938 0.48233624085376764 0.14715794624404535 0.4175584765053115 0.8122713890739949 0.41636207182118196 0.26598337827853297 0.9747676844298758 0.7777442628480219 0.3894639594219557 0.24076167126988154 0.4479642446047724 0.633692819965742 0.8640059071329623 0.6404354638868651 0.3476500806177497 0.12320904095791615 0.5843833953745643 0.4461512365220833 0.038494089337925204 0.8891352445829264 0.9103369623324313 0.2897087733765679 0.19567458205807597 0.8111024145675859 0.5697511724523604 0.8584141131523473 0.46425768112124705 0.48497929196899736 0.7868558860125556 0.2559031049218364 0.7981676406881918 0.20525140145876516 0.3267398046746926 0.041042704755631904 0.9136739695950401 0.7755236906202576 0.5235727459454198 0.27805361159913916 0.988711072041082 0.7795484126155074 0.5937574575113055 0.24682764334075308 0.041836551811764114 0.26918797127521477 0.8373482224812581 0.47836264288344754 0.2161196393087457 0.2592055662113249 0.9647851234503225 0.11299204627793599 0.3246878154687492 0.8886780145950484 0.11101053827893144 0.38614497301800776 0.26728100984130554 0.5283420047310987 0.12050645937735584 0.6801108852131803 0.9492703136824119 0.29298288333047207 0.6844455190561647 0.041055662974370646 0.47058838355163746 0.40583626368773895 0.13413504138291008 0.2554780720337336 0.6834859089218591 0.4778816089908411 0.7070068039936458 0.5651006853100349 0.9457418219484631 0.7809281026572376 0.9039922285967529 0.06826777732871807 0.4512144649870606 0.7440261151448541 0.910942695730529 0.8461464906070564 0.7866829892371905 0.020893025070739934 0.28356671995019783 0.8076911480295014 0.586030832925267 0.3258410972509992 0.658441427358921 0.9197160484305746 0.3194833014884939 0.21725863537066184 0.051797741020385805 0.9281441672989678 0.2012500631710724 0.5895680452434504 0.17804282733040397 0.33499537784338396 0.6579368117017693 0.8261630712379174 0.2435706189622813 0.9254673231742216 0.6506890477923521 0.016818860036851305 0.8395823655344626 0.8315551982741124 0.33690574952215335 0.6034631928021508 0.7705846648950009 0.6862708110106303 0.8940989995151241 0.3512271976362151 0.16936746186330032 0.3861039021955731 0.16930786163517283 0.21930609613258306 0.7892838942738207 0.005865362442107969 0.7030022109225715 0.5169179350993026 0.09721831852493093 0.5135313529906681 0.9255992276534212 0.827582844962452 0.09926254360112957 0.0770755332573306 0.7020662763056464 0.41415325445435125 0.1798255213635643 0.807947451242712 0.0637782415775436 0.028142368222936823 0.2880150514103161 0.39946186459427624 0.49946478211171413 0.9835305425750421 0.05448485956469765 0.9494053434940017 0.16305715655747663 0.8982302763759143 0.48115889891720465 0.9380375273938296 0.3943479349249118 0.11745984850029986 0.31325175164871183 0.9048805058835687 0.44331104927221593 0.6055572706531775 0.6538458729621541 0.14588027435088258 0.9372816068799436 0.6965479087429717 0.6941472662513909 0.6561558186659016 0.7941227630199335 0.22766881674449735 0.9778061127210924 0.4315747306584328 0.8035677860536317 0.489316374018341 0.8141962250674859 0.32271930388233844 0.3387982074777486 0.2738700709922224 0.5686063663217495 0.8841285040774127 0.9820027355310629 0.08983168238081922 0.5965426278762321 0.1730221798319715 0.544649613432737 0.9087516176038082 0.38300616919046904 0.07698694146046618 0.19902946088609272 0.7306726252130951 0.09568130280466884 0.4522046842627 0.0084444473112903 0.3324290668672269 0.4096117146848304 0.061220576318296735 0.11554126223770572 0.011613175642244438 0.36906010968224495 0.8750132712664572 0.11952524552638523 0.11978619767045931 0.6228750147398309 0.07575053766419687 0.130759146469565 0.07505013545404066 0.9348912231033556 0.4783345197326569 0.2983218150240855 0.9033217681002851 0.7915062871145112 0.5806161618695382 0.6840812360248423 0.9828750642918015 0.9721761430586114 0.03983938698417281 0.7435855568128298 0.45895345649165886 0.2080861539854982 0.8620639972166889 0.08615692768656763 0.3384840363314042</DataArray>
</CellData>
<Points>
<DataArray type="Float64" Name="Points" NumberOfComponents="3" format="ascii">0.0151327 0.00115563 0.0017419 0.0141921 0.0016198 0.00281419 0.0151327 0.00115563 0.0017419 0.0144691 -8.823452048289894e-05 0.00250948 0.0151327 0.00115563 0.0017419 0.0168786145204829 0.00130126 0.00109445 0.0151327 0.00115563 0.0017419 0.0151889 0.00300748 0.00131104 0.0143213 0.013037 0.0102118 0.0148072 0.0143992 0.00983163 0.0143213 0.013037 0.0102118 0.0139239 0.0132632 0.0116239 0.0143213 0.013037 0.0102118 0.0143573 0.0127819 0.00851817 0.0143213 0.013037 0.0102118 0.0128927 0.0122358 0.00968693 0.0143213 0.013037 0.0102118 0.0147244 0.0118431 0.011367 0.00944696 0.00479737 0.00514464 0.00837038 0.00561283 0.0045936 0.00944696 0.00479737 0.00514464 0.00964616 0.00644989 0.00520181 0.00944696 0.00479737 0.00514464 0.0106344 0.00516889 0.00633136 0.00944696 0.00479737 0.00514464 0.00899819 0.00313438 0.00595921 0.0109111 0.00425955 0.000707616 0.0107403 0.0055451 0.0018055099999999998 0.00670849 0.000866951 0.0051779 0.00815764 0.00155739 0.00468163 0.00670849 0.000866951 0.0051779 0.00708603 0.00226918 0.00604545 0.00670849 0.000866951 0.0051779 0.00547061 0.00220868 0.00452783 0.00670849 0.000866951 0.0051779 0.00687735 -0.001029834520482898 0.00513623 0.0148072 0.0143992 0.00983163 0.0159154195204829 0.0137134 0.00885746 0.0148072 0.0143992 0.00983163 0.0162516845204829 0.0150072 0.0105034 0.0148072 0.0143992 0.00983163 0.0142658 0.0148428 0.0112978 0.0148072 0.0143992 0.00983163 0.014394 0.0147198 0.00818975 0.0010147 0.000831218 0.00941065 0.000890145 0.00223572 0.0102524 0.0010147 0.000831218 0.00941065 0.00088105 -0.000363434520482899 0.0105034 0.0010147 0.000831218 0.00941065 0.0007164 0.00029191699999999994 0.00791993 0.0010147 0.000831218 0.00941065 0.00240283 0.000843443 0.0102687 0.0010147 0.000831218 0.00941065 0.00139906 0.0022093 0.00850697 0.0010147 0.000831218 0.00941065 -0.0008545345204828989 0.00101532 0.00961945 0.00451682 0.000645025 0.0146578 0.00440958 -0.0010080345204829 0.0145282 0.00451682 0.000645025 0.0146578 0.00581911 0.00172426 0.0144566 0.00451682 0.000645025 0.0146578 0.00318155 0.0014035 0.0139873 0.0147206 0.0139046 0.0127193 0.0139239 0.0132632 0.0116239 0.0147206 0.0139046 0.0127193 0.0145371 0.0134171 0.0143886 0.0147206 0.0139046 0.0127193 0.0163477555204829 0.0145399 0.0126192 0.00355315 0.0144407 0.00649175 0.00344209 0.0149641 0.00780268 0.00355315 0.0144407 0.00649175 0.00508388 0.0139401 0.00632774 0.00355315 0.0144407 0.00649175 0.00248374 0.0151863 0.00540234 0.00355315 0.0144407 0.00649175 0.00185793 0.0139856 0.00720806 0.00900278 0.0131608 0.00991587 0.00988317 0.0135683 0.0110293 0.00900278 0.0131608 0.00991587 0.00757315 0.0141395 0.00982918 0.00900278 0.0131608 0.00991587 0.00760919 0.0117553 0.00983223 0.00433361 0.00239023 0.0146814 0.00581911 0.00172426 0.0144566 0.00433361 0.00239023 0.0146814 0.00291999 0.00322739 0.0144818 0.00433361 0.00239023 0.0146814 0.00318155 0.0014035 0.0139873 0.0106765 0.0141214 0.00590043 0.0105733 0.0125735 0.00526755 0.0106765 0.0141214 0.00590043 0.0121634 0.0143626 0.00679055 0.0106765 0.0141214 0.00590043 0.0108315 0.016007704520482897 0.00626549 0.00881584 0.0110499 0.00511223 0.00841092 0.00959626 0.0058444 0.00881584 0.0110499 0.00511223 0.00892562 0.0125508 0.00432971 0.00881584 0.0110499 0.00511223 0.00873277 0.00988291 0.00393572 0.00881584 0.0110499 0.00511223 0.00921945 0.0119421 0.00641884 0.00440735 0.00171469 0.00676586 0.00446207 0.000609924 0.00765116 0.00440735 0.00171469 0.00676586 0.00356341 0.00181973 0.00533926 0.00440735 0.00171469 0.00676586 0.00492007 0.0004418009999999999 0.00580023 0.00440735 0.00171469 0.00676586 0.00386171 0.00270794 0.00802837 0.00440735 0.00171469 0.00676586 0.00255816 0.00114621 0.00710047 0.00440735 0.00171469 0.00676586 0.00541196 0.00333014 0.00665278 0.00732712 0.00481976 0.00574086 0.00855338 0.00550281 0.00613339 0.00732712 0.00481976 0.00574086 0.00717064 0.00382324 0.00437199 0.00732712 0.00481976 0.00574086 0.00760515 0.0042274 0.00728987 0.00732712 0.00481976 0.00574086 0.00576113 0.00496984 0.00514114 0.0129534 0.00863682 0.0112829 0.0143449 0.00874883 0.0113934 0.0129534 0.00863682 0.0112829 0.0134074 0.0094787 0.0127003 0.0129534 0.00863682 0.0112829 0.0120181 0.00811492 0.0125764 0.0129534 0.00863682 0.0112829 0.0137165 0.00929045 0.00956968 0.0129534 0.00863682 0.0112829 0.0137968 0.00708503 0.0105313 0.0129534 0.00863682 0.0112829 0.0113986 0.00787863 0.0104791 0.014561 0.00517853 0.00553652 0.0141194 0.00470703 0.00433182 0.014561 0.00517853 0.00553652 0.0159658665204829 0.00442376 0.00558026 0.014561 0.00517853 0.00553652 0.015520910520482899 0.00624099 0.00629367 0.014561 0.00517853 0.00553652 0.012717 0.00497249 0.00564253 0.00489308 0.00282388 0.00927113 0.00379715 0.00221146 0.0103515 0.00489308 0.00282388 0.00927113 0.00386171 0.00270794 0.00802837 0.00489308 0.00282388 0.00927113 0.00625872 0.00230596 0.00867378 0.00489308 0.00282388 0.00927113 0.00429788 0.00460278 0.00953474 0.00520413 0.0128654 0.00795112 0.0065052 0.0126342 0.00859981 0.00520413 0.0128654 0.00795112 0.00524774 0.0125483 0.00962598 0.00520413 0.0128654 0.00795112 0.00462761 0.014216 0.00872348 0.00520413 0.0128654 0.00795112 0.00641682 0.0122244 0.00702925 0.00520413 0.0128654 0.00795112 0.00358932 0.0124559 0.00693932 0.0131483 0.0128473 0.00355844 0.0117349 0.0129254 0.00322802 0.0131483 0.0128473 0.00355844 0.0137511 0.0112117 0.00349255 0.0131483 0.0128473 0.00355844 0.0120602 0.0118554 0.00443186 0.0131483 0.0128473 0.00355844 0.0127752 0.0139847 0.00230137 0.0131483 0.0128473 0.00355844 0.0141476 0.0130014 0.00491582 0.0131483 0.0128473 0.00355844 0.0149669 0.0129066 0.00285924 0.0101335 0.00352324 0.00755119 0.00906508 0.00223346 0.00795407 0.0101335 0.00352324 0.00755119 0.0119203 0.00429212 0.00786969 0.0101335 0.00352324 0.00755119 0.00899819 0.00313438 0.00595921 0.00344209 0.0149641 0.00780268 0.00446207 0.0159805585204829 0.00765116 0.00344209 0.0149641 0.00780268 0.00327322 0.0157630105204829 0.00893675 0.00344209 0.0149641 0.00780268 0.00462761 0.014216 0.00872348 0.00344209 0.0149641 0.00780268 0.00255816 0.0165168445204829 0.00710047 0.00344209 0.0149641 0.00780268 0.00185793 0.0139856 0.00720806 0.0065052 0.0126342 0.00859981 0.00751657 0.0133117 0.00783416 0.0065052 0.0126342 0.00859981 0.00524774 0.0125483 0.00962598 0.0065052 0.0126342 0.00859981 0.00641682 0.0122244 0.00702925 0.0065052 0.0126342 0.00859981 0.00760919 0.0117553 0.00983223 0.0151499 0.0117645 0.0146206 0.0158097805204829 0.0110944 0.0134521 0.00331565 0.0101723 0.00853776 0.00470948 0.0111967 0.008307 0.00331565 0.0101723 0.00853776 0.00177003 0.0106641 0.00911158 0.00331565 0.0101723 0.00853776 0.00453691 0.00942341 0.00954167 0.00331565 0.0101723 0.00853776 0.00404456 0.00864856 0.00752236 0.00331565 0.0101723 0.00853776 0.00358582 0.0112819 0.0101736 0.00614201 0.00943366 0.0120799 0.00623783 0.0100748 0.0135859 0.00614201 0.00943366 0.0120799 0.00509977 0.0104938 0.0114683 0.00614201 0.00943366 0.0120799 0.00534896 0.0085551 0.0110848 0.00614201 0.00943366 0.0120799 0.00787271 0.0090787 0.0125727 0.00809682 0.0118118 0.00060256 0.00650561 0.0124136 0.000884147 0.00809682 0.0118118 0.00060256 0.00785746 0.0103366 0.00103145 0.00809682 0.0118118 0.00060256 0.00893611 0.0127031 0.00164658 0.00901365 0.00584643 0.0138838 0.00946706 0.00689528 0.0146936 0.00901365 0.00584643 0.0138838 0.00846184 0.00490389 0.0126128 0.00901365 0.00584643 0.0138838 0.00863629 0.00430558 0.0144603 0.00360533 0.00803064 0.00957249 0.00365903 0.00848651 0.0109622 0.00360533 0.00803064 0.00957249 0.00210729 0.00779943 0.00900949 0.00360533 0.00803064 0.00957249 0.00453691 0.00942341 0.00954167 0.00360533 0.00803064 0.00957249 0.00527292 0.00713916 0.00961492 0.00360533 0.00803064 0.00957249 0.00300831 0.00642562 0.010603 0.00154186 0.012482 0.00257877 0.0018216 0.0105733 0.00310661 0.00803572 0.00260863 0.00192811 0.00737449 0.00408512 0.00181528 0.00803572 0.00260863 0.00192811 0.00714818 0.00220529 0.00322679 0.00803572 0.00260863 0.00192811 0.00915807 0.00328766 0.000934924 0.00803572 0.00260863 0.00192811 0.00776734 0.000944439 0.00111534 0.0117285 0.0120384 0.00640567 0.0105733 0.0125735 0.00526755 0.0117285 0.0120384 0.00640567 0.0127241 0.0126985 0.00758516 0.0117285 0.0120384 0.00640567 0.0106884 0.0107356 0.00604621 0.0117285 0.0120384 0.00640567 0.0106021 0.0130877 0.00764289 0.00589282 0.0104346 0.00926257 0.00470948 0.0111967 0.008307 0.00589282 0.0104346 0.00926257 0.00453691 0.00942341 0.00954167 0.00589282 0.0104346 0.00926257 0.00730094 0.00931706 0.010022 0.0014993 0.0125015 0.0126506 2.1095700000000077e-05 0.0124219 0.0128926 0.0014993 0.0125015 0.0126506 0.00211998 0.0109038 0.0130038 0.00455226 0.00648969 0.0147271 0.00501008 0.00690803 0.0134989 0.00455226 0.00648969 0.0147271 0.00521796 0.00515041 0.0138533 0.00455226 0.00648969 0.0147271 0.00308504 0.00529079 0.0142464 0.00519157 0.00363314 0.0146867 0.00688329 0.00340692 0.0143901 0.00519157 0.00363314 0.0146867 0.00538342 0.0034238 0.0130372 0.00519157 0.00363314 0.0146867 0.00521796 0.00515041 0.0138533 0.00935738 0.00719085 0.0025238 0.00812884 0.00672759 0.00191333 0.00935738 0.00719085 0.0025238 0.00985779 0.00815529 0.00388315 0.00935738 0.00719085 0.0025238 0.00952206 0.00691311 0.0008986269999999999 0.00935738 0.00719085 0.0025238 0.00801103 0.00791742 0.00315793 0.00935738 0.00719085 0.0025238 0.0103754 0.006324 0.00347663 0.00904302 0.0137127 0.00310217 0.0102279 0.0128672 0.00336011 0.00904302 0.0137127 0.00310217 0.00763007 0.0127637 0.00294432 0.00904302 0.0137127 0.00310217 0.00892562 0.0125508 0.00432971 0.00904302 0.0137127 0.00310217 0.00959524 0.0147618 0.00155384 0.00904302 0.0137127 0.00310217 0.00794846 0.0153104 0.00326511 0.0135203 0.00288739 0.00207765 0.014513 0.00303612 0.00319182 0.0135203 0.00288739 0.00207765 0.012526 0.00349482 0.000923494 0.0135203 0.00288739 0.00207765 0.0131778 0.00166347 0.000956286 0.0135203 0.00288739 0.00207765 0.0118559 0.00265954 0.0028569 0.0135203 0.00288739 0.00207765 0.0151889 0.00300748 0.00131104 0.0135203 0.00288739 0.00207765 0.0132851 0.00466757 0.0026714 0.000439146 0.0110944 0.0134521 2.1095700000000022e-05 0.0124219 0.0128926 0.000439146 0.0110944 0.0134521 0.00211998 0.0109038 0.0130038 0.00988317 0.0135683 0.0110293 0.00878013 0.0126694 0.0120224 0.00988317 0.0135683 0.0110293 0.00872676 0.0148175 0.0113207 0.00988317 0.0135683 0.0110293 0.0114087 0.0138141 0.00980987 0.0141238 0.00807977 0.00377993 0.0140915 0.00668328 0.00283329 0.0141238 0.00807977 0.00377993 0.0132691 0.0093747 0.00311564 0.0141238 0.00807977 0.00377993 0.015627391520482897 0.00786836 0.00497188 0.0102279 0.0128672 0.00336011 0.00892562 0.0125508 0.00432971 0.0102279 0.0128672 0.00336011 0.010898 0.0143746 0.00316433 0.0102279 0.0128672 0.00336011 0.0108772 0.0129161 0.00181871 0.0102279 0.0128672 0.00336011 0.00962222 0.0113023 0.00289497 0.00295233 0.0096089 0.0147241 0.0013163 0.00973301 0.0144238 0.00295233 0.0096089 0.0147241 0.00258171 0.00802324 0.0144181 0.00295233 0.0096089 0.0147241 0.00423907 0.0107346 0.0139761 0.00133145 0.00697416 0.0113659 0.000519877 0.00761316 0.010058 0.00133145 0.00697416 0.0113659 -0.00020713452048289884 0.00648948 0.0120217 0.00133145 0.00697416 0.0113659 0.000803853 0.00855083 0.0115832 0.00133145 0.00697416 0.0113659 0.00098502 0.0053282 0.0111163 0.00133145 0.00697416 0.0113659 0.00300831 0.00642562 0.010603 0.00133145 0.00697416 0.0113659 0.00151112 0.00661975 0.013202 0.00446207 0.000609924 0.00765116 0.00490533 0.00069221 0.00926079 0.00446207 0.000609924 0.00765116 0.00603778 0.00111112 0.00717034 0.00831433 0.000220829 0.0128202 0.00982367 -0.00035793452048289937 0.0133574 0.00831433 0.000220829 0.0128202 0.0082099 0.000870013 0.0144201 0.00831433 0.000220829 0.0128202 0.00695371 -0.0005920345204829003 0.0122093 0.00831433 0.000220829 0.0128202 0.00872676 -0.0005531345204828989 0.0113207 0.00831433 0.000220829 0.0128202 0.00864119 0.00172406 0.011622 0.00831433 0.000220829 0.0128202 0.0078991 -0.0012013345204829004 0.0141394 0.00464623 0.00358161 0.000637897 0.00562226 0.00477273 0.00132247 0.00464623 0.00358161 0.000637897 0.00358764 0.0043882 0.00196482 0.00751657 0.0133117 0.00783416 0.00827685 0.0147628 0.00814513 0.00751657 0.0133117 0.00783416 0.0066188 0.0145815 0.00723761 0.00751657 0.0133117 0.00783416 0.00874637 0.0122671 0.00818002 0.00751657 0.0133117 0.00783416 0.00641682 0.0122244 0.00702925 0.00837038 0.00561283 0.0045936 0.00964616 0.00644989 0.00520181 0.00837038 0.00561283 0.0045936 0.00700269 0.00639403 0.00492724 0.00837038 0.00561283 0.0045936 0.00859229 0.00485768 0.00319335 0.0131996 0.00924544 0.000649426 0.0124835 0.0087772 0.00175103 0.0131996 0.00924544 0.000649426 0.0144644 0.0100909 0.00140118 0.000778654 0.00867041 0.00876685 0.0019423500000000002 0.00933517 0.00774063 0.000778654 0.00867041 0.00876685 0.000394765 0.00965594 0.0100309 0.000778654 0.00867041 0.00876685 0.00210729 0.00779943 0.00900949 0.000778654 0.00867041 0.00876685 0.000519877 0.00761316 0.010058 0.000778654 0.00867041 0.00876685 8.435479999999997e-05 0.00995715 0.00799865 0.000778654 0.00867041 0.00876685 -0.0006241345204829001 0.00741987 0.00833856 0.0111335 0.00654266 0.000629808 0.0109869 0.0080267 0.00127195 0.0111335 0.00654266 0.000629808 0.00952206 0.00691311 0.000898627 0.0111335 0.00654266 0.000629808 0.0126739 0.00729969 0.000948025 0.0111335 0.00654266 0.000629808 0.0123629 0.00535672 0.000884611 0.0111335 0.00654266 0.000629808 0.0107403 0.0055451 0.0018055099999999998 0.0117349 0.0129254 0.00322802 0.0120602 0.0118554 0.00443186 0.0117349 0.0129254 0.00322802 0.010898 0.0143746 0.00316433 0.0117349 0.0129254 0.00322802 0.0108772 0.0129161 0.00181871 0.00100069 0.00971544 0.0128179 0.0013163 0.00973301 0.0144238 0.00100069 0.00971544 0.0128179 0.00211998 0.0109038 0.0130038 0.00100069 0.00971544 0.0128179 -0.0002016345204828992 0.0101144 0.011814 0.00100069 0.00971544 0.0128179 0.000803853 0.00855083 0.0115832 0.00100069 0.00971544 0.0128179 -0.0002872345204828991 0.00832007 0.0133538 0.00213613 0.00532787 0.00279534 0.00240649 0.00685607 0.00344709 0.00213613 0.00532787 0.00279534 0.0002658370000000001 0.00514675 0.0032108 0.00213613 0.00532787 0.00279534 0.00204686 0.00637336 0.00117652 0.00213613 0.00532787 0.00279534 0.00358764 0.0043882 0.00196482 0.0120355 0.013347 0.00068661 0.0108772 0.0129161 0.00181871 0.0120355 0.013347 0.00068661 0.0116912 0.0149773 0.00096492 0.0110029 0.00961298 0.00729321 0.012581 0.00928693 0.00778731 0.0110029 0.00961298 0.00729321 0.00999947 0.0108406 0.00787277 0.0110029 0.00961298 0.00729321 0.0112303 0.00798569 0.00783697 0.0110029 0.00961298 0.00729321 0.0106884 0.0107356 0.00604621 0.0110029 0.00961298 0.00729321 0.010236 0.00840283 0.00599713 0.0060172 0.0129855 0.0130881 0.00441845 0.0127797 0.0136226 0.0060172 0.0129855 0.0130881 0.00512241 0.0142025 0.0125249 0.0060172 0.0129855 0.0130881 0.00709482 0.0119501 0.0142682 0.0060172 0.0129855 0.0130881 0.0068171 0.0116391 0.0119993 0.00992413 0.0133021 0.00053523 0.00893611 0.0127031 0.00164658 0.00992413 0.0133021 0.00053523 0.0108772 0.0129161 0.00181871 0.00992413 0.0133021 0.00053523 0.00959524 0.0147618 0.00155384 0.00293915 0.00172612 0.00892091 0.00327322 0.00039237600000000005 0.00893675 0.00293915 0.00172612 0.00892091 0.00379715 0.00221146 0.0103515 0.00293915 0.00172612 0.00892091 0.00240283 0.000843443 0.0102687 0.00293915 0.00172612 0.00892091 0.00386171 0.00270794 0.00802837 0.00293915 0.00172612 0.00892091 0.00139906 0.0022093 0.00850697 0.00293915 0.00172612 0.00892091 0.00255816 0.00114621 0.00710047 0.0141194 0.00470703 0.00433182 0.0132691 0.00322139 0.00440678 0.0141194 0.00470703 0.00433182 0.0156364715204829 0.00514675 0.0032108 0.0141194 0.00470703 0.00433182 0.012717 0.00497249 0.00564253 0.0141194 0.00470703 0.00433182 0.0132851 0.00466757 0.0026714 0.00121268 0.0113235 0.00138436 -0.00010123452048289914 0.0114629 0.000730223 0.00121268 0.0113235 0.00138436 0.00271385 0.0120951 0.000983228 0.00121268 0.0113235 0.00138436 0.000941687 0.0129901 0.00100755 0.00121268 0.0113235 0.00138436 0.0018216 0.0105733 0.00310661 0.00688462 0.00627852 0.00651933 0.00700269 0.00639403 0.00492724 0.00688462 0.00627852 0.00651933 0.00651834 0.00687967 0.00795518 0.00688462 0.00627852 0.00651933 0.0066216 0.0078737 0.00612172 0.014513 0.00303612 0.00319182 0.0132691 0.00322139 0.00440678 0.014513 0.00303612 0.00319182 0.0151889 0.00300748 0.00131104 0.00707004 0.0133918 0.0112428 0.00562145 0.0141155 0.0106443 0.00707004 0.0133918 0.0112428 0.00757315 0.0141395 0.00982918 0.00707004 0.0133918 0.0112428 0.00695371 0.0147786 0.0122093 0.00707004 0.0133918 0.0112428 0.0068171 0.0116391 0.0119993 0.0100237 0.00090997 0.00807165 0.00888094 0.000740739 0.0093095 0.0100237 0.00090997 0.00807165 0.0111058 -0.00027263452048289843 0.00812776 0.0100237 0.00090997 0.00807165 0.00906508 0.00223346 0.00795407 0.0100237 0.00090997 0.00807165 0.0114463 0.00207711 0.00861686 0.0100237 0.00090997 0.00807165 0.0108315 0.00063707 0.00626549 0.00294313 0.00540802 0.00424802 0.00456288 0.00532131 0.0036275 0.00294313 0.00540802 0.00424802 0.00143209 0.00602887 0.00484575 0.00294313 0.00540802 0.00424802 0.00269748 0.00373721 0.00383797 0.00294313 0.00540802 0.00424802 0.00240649 0.00685607 0.00344709 0.00202257 0.0139033 0.0111178 0.00088105 0.0150072 0.0105034 0.00202257 0.0139033 0.0111178 0.0004492210000000001 0.0133317 0.0111781 0.00202257 0.0139033 0.0111178 0.00337851 0.0136074 0.012037 0.00319117 0.000773919 0.00404224 0.00356341 0.0018197300000000003 0.00533926 0.00319117 0.000773919 0.00404224 0.00413295 -0.0005895345204828987 0.00445143 0.00319117 0.000773919 0.00404224 0.00390924 0.00208158 0.00278571 0.00319117 0.000773919 0.00404224 0.00132069 0.000897655 0.00340791 0.00411156 0.0111401 0.00131896 0.00271385 0.0120951 0.000983228 0.00411156 0.0111401 0.00131896 0.00458878 0.0127323 0.000889927 0.00411156 0.0111401 0.00131896 0.00286447 0.009734 0.0011025 0.00411156 0.0111401 0.00131896 0.00542242 0.0116958 0.00257056 0.00365903 0.00848651 0.0109622 0.00251217 0.00823778 0.0121972 0.00365903 0.00848651 0.0109622 0.00534896 0.0085551 0.0110848 0.0139297 0.00441449 0.000810209 0.012526 0.00349482 0.000923494 0.0139297 0.00441449 0.000810209 0.0141259 0.00608338 0.000968971 0.0139297 0.00441449 0.000810209 0.0151889 0.00300748 0.00131104 0.0139297 0.00441449 0.000810209 0.0132851 0.00466757 0.0026714 0.0132174 0.0116445 0.00633496 0.0146976 0.0107951 0.00618344 0.0132174 0.0116445 0.00633496 0.0127241 0.0126985 0.00758516 0.0132174 0.0116445 0.00633496 0.0128722 0.0100815 0.00515816 0.0152694 0.0114629 0.000730223 0.0144644 0.0100909 0.00140118 0.00812884 0.00672759 0.00191333 0.00772678 0.00808528 0.000953171 0.00812884 0.00672759 0.00191333 0.00952206 0.00691311 0.0008986269999999999 0.00812884 0.00672759 0.00191333 0.00801103 0.00791742 0.00315793 0.00812884 0.00672759 0.00191333 0.00719036 0.00578893 0.0008511600000000001 0.00812884 0.00672759 0.00191333 0.00670747 0.00583542 0.00290594 0.0139239 0.0132632 0.0116239 0.0142658 0.0148428 0.0112978 0.0139239 0.0132632 0.0116239 0.0147244 0.0118431 0.011367 0.0143449 0.00874883 0.0113934 0.015169 0.0101144 0.011814 0.0143449 0.00874883 0.0113934 0.0137968 0.00708503 0.0105313 0.00970284 0.0148041 0.0072549 0.00827685 0.0147628 0.00814513 0.00970284 0.0148041 0.0072549 0.0111058 0.015098 0.00812776 0.00970284 0.0148041 0.0072549 0.00857401 0.0138082 0.00644255 0.00970284 0.0148041 0.0072549 0.0106021 0.0130877 0.00764289 0.00970284 0.0148041 0.0072549 0.0108315 0.016007704520482897 0.00626549 0.0124835 0.0087772 0.00175103 0.0109869 0.0080267 0.00127195 0.0124835 0.0087772 0.00175103 0.0113626 0.00895506 0.00296166 0.0124835 0.0087772 0.00175103 0.0126739 0.00729969 0.000948025 0.0124835 0.0087772 0.00175103 0.0132691 0.0093747 0.00311564 0.0124835 0.0087772 0.00175103 0.0141363 0.00826352 0.00175616 0.00855338 0.00550281 0.00613339 0.00964616 0.00644989 0.00520181 0.00855338 0.00550281 0.00613339 0.00953084 0.00657841 0.0070626 0.00574114 0.00670103 0.000719644 0.00719036 0.00578893 0.00085116 0.00574114 0.00670103 0.000719644 0.00417548 0.00707696 0.00185079 0.00946706 0.00689528 0.0146936 0.0106435 0.00802451 0.0145352 0.00946706 0.00689528 0.0146936 0.0079913 0.00761103 0.0143987 0.0108709 0.0145836 0.0146587 0.00982367 0.0150127 0.0133574 0.0108709 0.0145836 0.0146587 0.0125126 0.0140022 0.0137814 0.0119734 0.000960034 0.00193928 0.0131778 0.00166347 0.000956286 0.0119734 0.000960034 0.00193928 0.0116912 -0.0003933345204828987 0.00096492 0.0119734 0.000960034 0.00193928 0.0118559 0.00265954 0.0028569 0.000840014 0.000597723 0.00628912 0.0007164 0.000291917 0.00791993 0.000840014 0.000597723 0.00628912 -0.0008062345204828993 0.000729407 0.00675731 0.000840014 0.000597723 0.00628912 0.000518752 0.00218991 0.00672875 0.000840014 0.000597723 0.00628912 0.00161236 0.00169672 0.00526334 0.000840014 0.000597723 0.00628912 0.00255816 0.00114621 0.00710047 0.000840014 0.000597723 0.00628912 0.000478223 -0.0010622345204828981 0.00535659 0.0127506 0.0149793 0.00864884 0.0127233 0.016167864520482897 0.00738357 0.0127506 0.0149793 0.00864884 0.0111058 0.015098 0.00812776 0.0127506 0.0149793 0.00864884 0.014394 0.0147198 0.00818975 0.00327322 0.000392376 0.00893675 0.0022856 -0.0008624345204828983 0.00925216 0.00327322 0.000392376 0.00893675 0.00490533 0.00069221 0.00926079 0.00327322 0.000392376 0.00893675 0.00240283 0.000843443 0.0102687 0.01105 0.00419438 0.0114617 0.0120908 0.00355286 0.0127108 0.01105 0.00419438 0.0114617 0.0100439 0.00330211 0.0124968 0.01105 0.00419438 0.0114617 0.012392 0.0035215 0.0102817 0.01105 0.00419438 0.0114617 0.00988032 0.00569896 0.0111818 0.000918659 0.00812926 0.0147495 0.0013163 0.00973301 0.0144238 0.000918659 0.00812926 0.0147495 0.00258171 0.00802324 0.0144181 0.000918659 0.00812926 0.0147495 -0.00028723452048289944 0.00832007 0.0133538 0.000769681 0.0133036 0.0139116 -0.0008335345204828979 0.0134171 0.0143886 0.000769681 0.0133036 0.0139116 0.00239349 0.0136902 0.0136603 0.000769681 0.0133036 0.0139116 0.0018403199999999999 0.0120793 0.0144747 0.00339048 0.0115744 0.0120943 0.00211998 0.0109038 0.0130038 0.00339048 0.0115744 0.0120943 0.0048199 0.0124239 0.0116554 0.00339048 0.0115744 0.0120943 0.00349408 0.00984074 0.0121777 0.00339048 0.0115744 0.0120943 0.00358582 0.0112819 0.0101736 0.00954842 0.00167467 0.000636293 0.0109118 0.00251323 0.000948249 0.00954842 0.00167467 0.000636293 0.00915807 0.00328766 0.000934924 0.00954842 0.00167467 0.000636293 0.00966264 0.00154015 0.00253213 0.00954842 0.00167467 0.000636293 0.00776734 0.000944439 0.00111534 0.00747248 0.00193563 0.00762142 0.00625872 0.00230596 0.00867378 0.00747248 0.00193563 0.00762142 0.00603778 0.00111112 0.00717034 0.00747248 0.00193563 0.00762142 0.00708603 0.00226918 0.00604545 0.00747248 0.00193563 0.00762142 0.00906508 0.00223346 0.00795407 0.00501008 0.00690803 0.0134989 0.00638442 0.00655959 0.014431 0.00501008 0.00690803 0.0134989 0.00435341 0.00823317 0.0126542 0.00501008 0.00690803 0.0134989 0.00608817 0.00820031 0.0133661 0.00501008 0.00690803 0.0134989 0.00547909 0.00680481 0.011901 0.00501008 0.00690803 0.0134989 0.00368541 0.00648051 0.0125803 0.00968778 0.0110666 0.000939472 0.00785746 0.0103366 0.00103145 0.00968778 0.0110666 0.000939472 0.00893611 0.0127031 0.00164658 0.00968778 0.0110666 0.000939472 0.0111815 0.00982975 0.000890611 0.00968778 0.0110666 0.000939472 0.00962222 0.0113023 0.00289497 0.00968778 0.0110666 0.000939472 0.00940419 0.00919532 0.00201588 0.012526 0.00349482 0.000923494 0.0109118 0.00251323 0.000948249 0.012526 0.00349482 0.000923494 0.0123629 0.00535672 0.000884611 0.012526 0.00349482 0.000923494 0.0131778 0.00166347 0.000956286 0.012526 0.00349482 0.000923494 0.0118559 0.00265954 0.0028569 0.012526 0.00349482 0.000923494 0.0132851 0.00466757 0.0026714 0.0110664 0.00219539 0.0112643 0.0100439 0.00330211 0.0124968 0.0110664 0.00219539 0.0112643 0.0097276 0.00238535 0.00987972 0.0110664 0.00219539 0.0112643 0.0103426 0.00140231 0.0128859 0.0110664 0.00219539 0.0112643 0.012392 0.0035215 0.0102817 0.0110664 0.00219539 0.0112643 0.0124797 0.00120012 0.0124975 0.000355866 0.00506505 0.00096501 0.00179259 0.00373121 0.000942048 0.000355866 0.00506505 0.00096501 -0.0012447345204828987 0.00608338 0.000968971 0.000355866 0.00506505 0.00096501 0.000265837 0.00514675 0.0032108 0.000355866 0.00506505 0.00096501 0.00204686 0.00637336 0.00117652 0.000355866 0.00506505 0.00096501 -0.00018173452048289904 0.00300748 0.00131104 0.00815764 0.00155739 0.00468163 0.00886412 0.00308307 0.00375224 0.00815764 0.00155739 0.00468163 0.00714818 0.00220529 0.00322679 0.00815764 0.00155739 0.00468163 0.00996983 0.00162457 0.00463433 0.00815764 0.00155739 0.00468163 0.00708603 0.00226918 0.00604545 0.00815764 0.00155739 0.00468163 0.00794846 -6.023452048289956e-05 0.00326511 0.00815764 0.00155739 0.00468163 0.00899819 0.00313438 0.00595921 0.00379715 0.00221146 0.0103515 0.00537116 0.00290926 0.0111914 0.00379715 0.00221146 0.0103515 0.00240283 0.0008434430000000001 0.0102687 0.00379715 0.00221146 0.0103515 0.0026326 0.00369939 0.0105278 0.00379715 0.00221146 0.0103515 0.00332749 0.00282902 0.0123916 0.00379715 0.00221146 0.0103515 0.0041845 0.0002707880000000001 0.0112352 0.00562145 0.0141155 0.0106443 0.00512241 0.0142025 0.0125249 0.00562145 0.0141155 0.0106443 0.00524774 0.0125483 0.00962598 0.00562145 0.0141155 0.0106443 0.0041845 0.0156414225204829 0.0112352 0.0047149 0.001044 0.000983718 0.00538559 -0.0008144345204828989 0.00093035 0.0047149 0.001044 0.000983718 0.00390924 0.00208158 0.00278571 0.0144644 0.0100909 0.00140118 0.0136468 0.0117768 0.00161815 0.0144644 0.0100909 0.00140118 0.0161427405204829 0.00917672 0.000891831 0.0144644 0.0100909 0.00140118 0.0141363 0.00826352 0.00175616 0.00650561 0.0124136 0.000884147 0.00707059 0.0141062 0.00170009 0.00650561 0.0124136 0.000884147 0.00458878 0.0127323 0.000889927 0.00650561 0.0124136 0.000884147 0.00542242 0.0116958 0.00257056 0.00785746 0.0103366 0.00103145 0.00591345 0.0104097 0.000918365 0.00785746 0.0103366 0.00103145 0.00702218 0.00933933 0.00230049 0.00785746 0.0103366 0.00103145 0.00940419 0.00919532 0.00201588 0.0120908 0.00355286 0.0127108 0.0112451 0.00258122 0.0141094 0.0120908 0.00355286 0.0127108 0.0107363 0.00464063 0.0140857 0.0120908 0.00355286 0.0127108 0.0134051 0.00505072 0.0118767 0.0120908 0.00355286 0.0127108 0.0132164 0.00464896 0.0142442 0.0137511 0.0112117 0.00349255 0.0136468 0.0117768 0.00161815 0.0137511 0.0112117 0.00349255 0.0132691 0.0093747 0.00311564 0.0137511 0.0112117 0.00349255 0.0149669 0.0129066 0.00285924 0.0137511 0.0112117 0.00349255 0.0128722 0.0100815 0.00515816 0.0137511 0.0112117 0.00349255 0.0118046 0.0110655 0.00245696 0.00508388 0.0139401 0.00632774 0.00470819 0.0124864 0.00514439 0.00508388 0.0139401 0.00632774 0.00492007 0.0158124355204829 0.00580023 0.00508388 0.0139401 0.00632774 0.0066188 0.0145815 0.00723761 0.00508388 0.0139401 0.00632774 0.00358932 0.0124559 0.00693932 0.00508388 0.0139401 0.00632774 0.00687735 0.0143408 0.00513623 0.00638442 0.00655959 0.014431 0.00608817 0.00820031 0.0133661 0.00638442 0.00655959 0.014431 0.00521796 0.00515041 0.0138533 0.00638442 0.00655959 0.014431 0.0079913 0.00761103 0.0143987 0.0032663 0.00252057 0.000871886 0.00179259 0.00373121 0.000942048 0.0032663 0.00252057 0.000871886 0.00150798 0.00130126 0.00109445 0.0032663 0.00252057 0.000871886 0.00358764 0.0043882 0.00196482 0.0032663 0.00252057 0.000871886 0.00390924 0.00208158 0.00278571 0.00706742 0.00700147 0.0108788 0.00547909 0.00680481 0.011901 0.00706742 0.00700147 0.0108788 0.00781705 0.00683899 0.0126454 0.00706742 0.00700147 0.0108788 0.00596783 0.00536559 0.010693 0.00706742 0.00700147 0.0108788 0.00527292 0.00713916 0.00961492 0.00706742 0.00700147 0.0108788 0.009053 0.0079031 0.0109555 0.00706742 0.00700147 0.0108788 0.008276 0.00645263 0.00919447 0.00470819 0.0124864 0.00514439 0.00509822 0.0110078 0.00640293 0.00470819 0.0124864 0.00514439 0.00365581 0.0111931 0.00410831 0.00470819 0.0124864 0.00514439 0.0063218 0.0125101 0.00426012 0.00470819 0.0124864 0.00514439 0.00552444 0.0108269 0.00453722 0.00470819 0.0124864 0.00514439 0.00358932 0.0124559 0.00693932 0.00470819 0.0124864 0.00514439 0.00259572 0.0131113 0.00478786 0.00538559 0.0145562 0.00093035 0.00707059 0.0141062 0.00170009 0.00538559 0.0145562 0.00093035 0.00458878 0.0127323 0.000889927 0.00538559 0.0145562 0.00093035 0.0034757 0.0142895 0.000851078 0.000887498 0.00319027 0.00397745 0.00269748 0.00373721 0.00383797 0.000887498 0.00319027 0.00397745 0.000265837 0.00514675 0.0032108 0.000887498 0.00319027 0.00397745 -0.0005108345204829002 0.00183155 0.00485025 0.00456288 0.00532131 0.0036275 0.00402451 0.00421498 0.0051619 0.00456288 0.00532131 0.0036275 0.00576113 0.00496984 0.00514114 0.00456288 0.00532131 0.0036275 0.00522698 0.0073251 0.0040587 0.00456288 0.00532131 0.0036275 0.00358764 0.0043882 0.00196482 0.0112451 0.00258122 0.0141094 0.00999666 0.00133732 0.0146069 0.0112451 0.00258122 0.0141094 0.0131829 0.00249219 0.0143918 0.0112451 0.00258122 0.0141094 0.0103426 0.00140231 0.0128859 0.0112451 0.00258122 0.0141094 0.0107363 0.00464063 0.0140857 0.000890145 0.00223572 0.0102524 0.000969465 0.00402503 0.00960789 0.000890145 0.00223572 0.0102524 0.00139906 0.0022093 0.00850697 0.000890145 0.00223572 0.0102524 0.00109812 0.00349856 0.0116007 0.000890145 0.00223572 0.0102524 0.000154844 0.00109198 0.0119181 0.000890145 0.00223572 0.0102524 -0.0008545345204828989 0.00101532 0.00961945 0.0145371 0.0134171 0.0143886 0.0131443 0.012018 0.0144795 0.0145371 0.0134171 0.0143886 0.0125126 0.0140022 0.0137814 0.0138481 0.00660686 0.00474022 0.0140915 0.00668328 0.00283329 0.0138481 0.00660686 0.00474022 0.012717 0.00497249 0.00564253 0.0138481 0.00660686 0.00474022 0.015627391520482897 0.00786836 0.00497188 0.00623783 0.0100748 0.0135859 0.00608817 0.00820031 0.0133661 0.00623783 0.0100748 0.0135859 0.00779511 0.0100188 0.0145682 0.00623783 0.0100748 0.0135859 0.00423907 0.0107346 0.0139761 0.00623783 0.0100748 0.0135859 0.00709482 0.0119501 0.0142682 0.00623783 0.0100748 0.0135859 0.00787271 0.0090787 0.0125727 0.000544785 0.0137134 0.00885746 0.0022856 0.0145082 0.00925216 0.000544785 0.0137134 0.00885746 -0.0010133345204829001 0.0127819 0.00851817 0.000544785 0.0137134 0.00885746 -0.0009766345204828995 0.0147198 0.00818975 0.000544785 0.0137134 0.00885746 0.00198955 0.0125949 0.00943874 0.000544785 0.0137134 0.00885746 0.0018579299999999998 0.0139856 0.00720806 0.000154724 0.0073296 0.000870085 -0.0012447345204828991 0.00608338 0.000968971 0.000154724 0.0073296 0.000870085 0.000772106 0.00917672 0.000891831 0.000154724 0.0073296 0.000870085 -0.0012343345204829002 0.00826352 0.00175616 0.000154724 0.0073296 0.000870085 0.00204686 0.00637336 0.00117652 0.000154724 0.0073296 0.000870085 0.000727052 0.00813109 0.00273617 0.014849 0.00153167 0.014381 0.0159088765204829 -0.000124334520482899 0.0143884 0.014849 0.00153167 0.014381 0.016776584520482897 0.0016411 0.0145374 0.014849 0.00153167 0.014381 0.0131829 0.00249219 0.0143918 0.00435341 0.00823317 0.0126542 0.00608817 0.00820031 0.0133661 0.00435341 0.00823317 0.0126542 0.00251217 0.00823778 0.0121972 0.00435341 0.00823317 0.0126542 0.00534896 0.0085551 0.0110848 0.00435341 0.00823317 0.0126542 0.00547909 0.00680481 0.011901 0.00435341 0.00823317 0.0126542 0.00452008 0.00844254 0.0144932 0.00435341 0.00823317 0.0126542 0.00368541 0.00648051 0.0125803 0.00435341 0.00823317 0.0126542 0.00349408 0.00984074 0.0121777 0.00985779 0.00815529 0.00388315 0.00832408 0.00779038 0.00508726 0.00985779 0.00815529 0.00388315 0.0113626 0.00895506 0.00296166 0.00985779 0.00815529 0.00388315 0.00801103 0.00791742 0.00315793 0.00985779 0.00815529 0.00388315 0.0103754 0.006324 0.00347663 0.00985779 0.00815529 0.00388315 0.010236 0.00840283 0.00599713 0.00985779 0.00815529 0.00388315 0.00940419 0.00919532 0.00201588 0.0100439 0.00330211 0.0124968 0.00885009 0.00379943 0.0110525 0.0100439 0.00330211 0.0124968 0.0103426 0.00140231 0.0128859 0.0100439 0.00330211 0.0124968 0.0107363 0.00464063 0.0140857 0.0065924 0.00527887 0.0125227 0.00846184 0.00490389 0.0126128 0.0065924 0.00527887 0.0125227 0.00521796 0.00515041 0.0138533 0.0065924 0.00527887 0.0125227 0.00547909 0.00680481 0.011901 0.0065924 0.00527887 0.0125227 0.00781705 0.00683899 0.0126454 0.0065924 0.00527887 0.0125227 0.00596783 0.00536559 0.010693 0.0138307 0.0113549 0.0128799 0.0134074 0.0094787 0.0127003 0.0138307 0.0113549 0.0128799 0.0147244 0.0118431 0.011367 0.0138307 0.0113549 0.0128799 0.0131443 0.012018 0.0144795 0.0138307 0.0113549 0.0128799 0.0143522 0.0101641 0.0143856 0.0138307 0.0113549 0.0128799 0.0120467 0.0108003 0.0126983 0.00964616 0.00644989 0.00520181 0.00832408 0.00779038 0.00508726 0.00964616 0.00644989 0.00520181 0.0106344 0.00516889 0.00633136 0.00964616 0.00644989 0.00520181 0.0103754 0.006324 0.00347663 0.00964616 0.00644989 0.00520181 0.00953084 0.00657841 0.0070626 0.00964616 0.00644989 0.00520181 0.0115477 0.00659241 0.00495397 0.00964616 0.00644989 0.00520181 0.010236 0.00840283 0.00599713 0.00827685 0.0147628 0.00814513 0.00672295 0.015716731520482898 0.0087875 0.00827685 0.0147628 0.00814513 0.00888094 0.016111373520482898 0.0093095 0.00827685 0.0147628 0.00814513 0.00757315 0.0141395 0.00982918 0.00827685 0.0147628 0.00814513 0.00857401 0.0138082 0.00644255 0.00827685 0.0147628 0.00814513 0.0066188 0.0145815 0.00723761 0.00827685 0.0147628 0.00814513 0.00790977 0.0159251345204829 0.00657309 0.00983731 0.00711561 0.0129465 0.0106435 0.00802451 0.0145352 0.00450206 0.00480361 0.0119904 0.00538342 0.0034238 0.0130372 0.00450206 0.00480361 0.0119904 0.00253931 0.00484977 0.0121283 0.00450206 0.00480361 0.0119904 0.00368541 0.00648051 0.0125803 0.00846184 0.00490389 0.0126128 0.00885009 0.00379943 0.0110525 0.00846184 0.00490389 0.0126128 0.00729414 0.00333063 0.0124551 0.00846184 0.00490389 0.0126128 0.00863629 0.00430558 0.0144603 0.00846184 0.00490389 0.0126128 0.00988032 0.00569896 0.0111818 0.0134074 0.0094787 0.0127003 0.0120181 0.00811492 0.0125764 0.0134074 0.0094787 0.0127003 0.0128459 0.00868162 0.0144002 0.0134074 0.0094787 0.0127003 0.0120467 0.0108003 0.0126983 0.0134074 0.0094787 0.0127003 0.0150834 0.00832007 0.0133538 0.0120181 0.00811492 0.0125764 0.0102956 0.00903363 0.0124232 0.0120181 0.00811492 0.0125764 0.0113986 0.00787863 0.0104791 0.0120181 0.00811492 0.0125764 0.0119641 0.0066168 0.0141512 0.00772678 0.00808528 0.000953171 0.00702218 0.00933933 0.00230049 0.00772678 0.00808528 0.000953171 0.00616535 0.00772151 0.00208443 0.00608817 0.00820031 0.0133661 0.00452008 0.00844254 0.0144932 0.00608817 0.00820031 0.0133661 0.00787271 0.0090787 0.0125727 0.0012251 0.0115874 0.0109257 0.000449221 0.0133317 0.0111781 0.0012251 0.0115874 0.0109257 -0.0006462345204828986 0.0118431 0.011367 0.0012251 0.0115874 0.0109257 0.002086 0.00987322 0.0108939 0.0012251 0.0115874 0.0109257 0.00198955 0.0125949 0.00943874 0.0109118 0.00251323 0.000948249 0.00915807 0.00328766 0.000934924 0.0109118 0.00251323 0.000948249 0.0118559 0.00265954 0.0028569 0.0109118 0.00251323 0.000948249 0.00966264 0.00154015 0.00253213 0.00088105 0.0150072 0.0105034 0.0022856 0.0145082 0.00925216 0.00088105 0.0150072 0.0105034 0.000449221 0.0133317 0.0111781 0.00088105 0.0150072 0.0105034 0.00240283 0.0162140775204829 0.0102687 0.00088105 0.0150072 0.0105034 0.000154844 0.0164626145204829 0.0119181 0.00358557 0.00806951 0.00525681 0.00199147 0.00806141 0.0063271 0.00358557 0.00806951 0.00525681 0.00501401 0.00925255 0.00568857 0.00358557 0.00806951 0.00525681 0.00206314 0.0089518 0.00458818 0.00358557 0.00806951 0.00525681 0.00522698 0.0073251 0.0040587 0.00358557 0.00806951 0.00525681 0.00488582 0.00666235 0.00631211 0.0109869 0.0080267 0.00127195 0.0113626 0.00895506 0.00296166 0.0109869 0.0080267 0.00127195 0.00952206 0.00691311 0.000898627 0.0109869 0.0080267 0.00127195 0.0111815 0.00982975 0.000890611 0.0109869 0.0080267 0.00127195 0.0126739 0.00729969 0.000948025 0.0109869 0.0080267 0.00127195 0.00940419 0.00919532 0.00201588 0.0124435 0.0146398 0.0116824 0.010716 0.015603606520482899 0.0115652 0.0124435 0.0146398 0.0116824 0.0142658 0.0148428 0.0112978 0.0124435 0.0146398 0.0116824 0.0125201 0.015806032520482897 0.0101814 0.0124435 0.0146398 0.0116824 0.0125126 0.0140022 0.0137814 0.0124435 0.0146398 0.0116824 0.0124797 0.0165707545204829 0.0124975 0.0124435 0.0146398 0.0116824 0.0120431 0.0125817 0.0117104 0.00854676 0.00257448 0.0136897 0.00688329 0.00340692 0.0143901 0.00854676 0.00257448 0.0136897 0.0082099 0.000870013 0.0144201 0.00854676 0.00257448 0.0136897 0.00729414 0.00333063 0.0124551 0.00854676 0.00257448 0.0136897 0.00863629 0.00430558 0.0144603 0.00854676 0.00257448 0.0136897 0.00703731 0.00147038 0.0130426 0.00854676 0.00257448 0.0136897 0.00864119 0.00172406 0.011622 0.00672295 0.000346097 0.0087875 0.00490533 0.00069221 0.00926079 0.00672295 0.000346097 0.0087875 0.0066188 -0.0007891345204828985 0.00723761 0.00672295 0.000346097 0.0087875 0.00603778 0.00111112 0.00717034 0.00672295 0.000346097 0.0087875 0.00647566 0.00104766 0.0108102 0.00717064 0.00382324 0.00437199 0.00886412 0.00308307 0.00375224 0.00717064 0.00382324 0.00437199 0.00714818 0.00220529 0.00322679 0.00717064 0.00382324 0.00437199 0.00576113 0.00496984 0.00514114 0.00717064 0.00382324 0.00437199 0.00572299 0.00380241 0.00301698 0.00606834 0.00901907 0.00820549 0.00404456 0.00864856 0.00752236 0.00606834 0.00901907 0.00820549 0.00730094 0.00931706 0.010022 0.00606834 0.00901907 0.00820549 0.00757262 0.0105256 0.00773959 0.00893611 0.0127031 0.00164658 0.00763007 0.0127637 0.00294432 0.00893611 0.0127031 0.00164658 0.0108772 0.0129161 0.00181871 0.00893611 0.0127031 0.00164658 0.00962222 0.0113023 0.00289497 0.00893611 0.0127031 0.00164658 0.00959524 0.0147618 0.00155384 0.012581 0.00928693 0.00778731 0.0118976 0.0110956 0.00824709 0.012581 0.00928693 0.00778731 0.0112303 0.00798569 0.00783697 0.012581 0.00928693 0.00778731 0.0111879 0.00951807 0.00905958 0.012581 0.00928693 0.00778731 0.013759 0.0108389 0.00784852 0.012581 0.00928693 0.00778731 0.0142043 0.00878106 0.00656703 0.012581 0.00928693 0.00778731 0.0137165 0.00929045 0.00956968 0.00999947 0.0108406 0.00787277 0.0118976 0.0110956 0.00824709 0.00999947 0.0108406 0.00787277 0.00921945 0.0119421 0.00641884 0.00999947 0.0108406 0.00787277 0.0103888 0.0118671 0.00947094 0.00999947 0.0108406 0.00787277 0.00874637 0.0122671 0.00818002 0.00999947 0.0108406 0.00787277 0.0106884 0.0107356 0.00604621 0.00885009 0.00379943 0.0110525 0.00697578 0.00371731 0.0106163 0.00885009 0.00379943 0.0110525 0.00864119 0.00172406 0.011622 0.00885009 0.00379943 0.0110525 0.00988032 0.00569896 0.0111818 0.00402451 0.00421498 0.0051619 0.00269748 0.00373721 0.00383797 0.00402451 0.00421498 0.0051619 0.00576113 0.00496984 0.00514114 0.00402451 0.00421498 0.0051619 0.00541196 0.00333014 0.00665278 0.00402451 0.00421498 0.0051619 0.00232622 0.00341988 0.00624313 0.00763007 0.0127637 0.00294432 0.00707059 0.0141062 0.00170009 0.00763007 0.0127637 0.00294432 0.00892562 0.0125508 0.00432971 0.00763007 0.0127637 0.00294432 0.0063218 0.0125101 0.00426012 0.00763007 0.0127637 0.00294432 0.00723472 0.0109701 0.00343743 0.0022856 0.0145082 0.00925216 0.00240283 0.0162140775204829 0.0102687 0.0022856 0.0145082 0.00925216 0.00357887 0.0134538 0.0101713 0.0022856 0.0145082 0.00925216 0.00198955 0.0125949 0.00943874 0.0022856 0.0145082 0.00925216 0.00185793 0.0139856 0.00720806 0.00179259 0.00373121 0.000942048 0.00358764 0.0043882 0.00196482 0.00179259 0.00373121 0.000942048 -0.00018173452048289942 0.00300748 0.00131104 0.0145569 0.01125 0.00958401 0.0143573 0.0127819 0.00851817 0.0145569 0.01125 0.00958401 0.0128927 0.0122358 0.00968693 0.0145569 0.01125 0.00958401 0.0147244 0.0118431 0.011367 0.0145569 0.01125 0.00958401 0.013759 0.0108389 0.00784852 0.0145569 0.01125 0.00958401 0.0137165 0.00929045 0.00956968 0.0104494 0.0041918 0.00970165 0.00872367 0.00391884 0.00886091 0.0104494 0.0041918 0.00970165 0.0097276 0.00238535 0.00987972 0.0104494 0.0041918 0.00970165 0.0106172 0.0061586 0.00884653 0.0104494 0.0041918 0.00970165 0.012392 0.0035215 0.0102817 0.0104494 0.0041918 0.00970165 0.00988032 0.00569896 0.0111818 0.0125467 0.000691416 0.0145152 0.0131829 0.00249219 0.0143918 0.0125467 0.000691416 0.0145152 0.0125126 -0.0013684345204829 0.0137814 0.0125467 0.000691416 0.0145152 0.0124797 0.00120012 0.0124975 0.00509822 0.0110078 0.00640293 0.00470948 0.0111967 0.008307 0.00509822 0.0110078 0.00640293 0.00501401 0.00925255 0.00568857 0.00509822 0.0110078 0.00640293 0.00641682 0.0122244 0.00702925 0.00509822 0.0110078 0.00640293 0.00552444 0.0108269 0.00453722 0.00509822 0.0110078 0.00640293 0.00358932 0.0124559 0.00693932 0.0109612 0.0108004 0.01098 0.00999621 0.0109642 0.0126444 0.0109612 0.0108004 0.01098 0.0129113 0.0106478 0.0110132 0.0109612 0.0108004 0.01098 0.0103888 0.0118671 0.00947094 0.0109612 0.0108004 0.01098 0.0120431 0.0125817 0.0117104 0.00688329 0.00340692 0.0143901 0.00581911 0.00172426 0.0144566 0.00688329 0.00340692 0.0143901 0.00729414 0.00333063 0.0124551 0.00688329 0.00340692 0.0143901 0.00863629 0.00430558 0.0144603 0.0120602 0.0118554 0.00443186 0.0123128 0.0136301 0.00500719 0.0120602 0.0118554 0.00443186 0.0105733 0.0125735 0.00526755 0.0120602 0.0118554 0.00443186 0.0128722 0.0100815 0.00515816 0.0120602 0.0118554 0.00443186 0.0118046 0.0110655 0.00245696 0.000538242 0.0152463 0.0143884 0.000977121 0.0145399 0.0126192 0.000538242 0.0152463 0.0143884 0.00140595 0.0170117345204829 0.0145374 1.52415e-05 0.00574302 0.00951558 0.000969465 0.00402503 0.00960789 1.52415e-05 0.00574302 0.00951558 -0.0017950345204828997 0.00512942 0.00967011 1.52415e-05 0.00574302 0.00951558 0.0018468 0.00559321 0.0090898 1.52415e-05 0.00574302 0.00951558 0.00098502 0.0053282 0.0111163 1.52415e-05 0.00574302 0.00951558 -0.0006241345204829006 0.00741987 0.00833856 0.00440958 0.0143626 0.0145282 0.00441845 0.0127797 0.0136226 0.00440958 0.0143626 0.0145282 0.00599052 0.0152894 0.0138492 0.00440958 0.0143626 0.0145282 0.003511 0.015171 0.0131598 0.0106653 0.000433149 0.0097738 0.010716 0.000232972 0.0115652 0.0106653 0.000433149 0.0097738 0.00888094 0.000740739 0.0093095 0.0106653 0.000433149 0.0097738 0.0111058 -0.00027263452048289957 0.00812776 0.0106653 0.000433149 0.0097738 0.0125201 0.000435398 0.0101814 0.0106653 0.000433149 0.0097738 0.0114087 -0.0015565345204829005 0.00980987 0.0106653 0.000433149 0.0097738 0.0114463 0.00207711 0.00861686 0.010716 0.000232972 0.0115652 0.0103426 0.00140231 0.0128859 0.010716 0.000232972 0.0115652 0.0124797 0.00120012 0.0124975 0.000257004 0.0148446 0.000978732 -0.0009015345204828987 0.0152824 0.00250948 0.000257004 0.0148446 0.000978732 0.000941687 0.0129901 0.00100755 0.000257004 0.0148446 0.000978732 0.00150798 0.0166718945204829 0.00109445 0.0106435 0.00802451 0.0145352 0.00924009 0.00904139 0.0140747 0.0106435 0.00802451 0.0145352 0.0119641 0.0066168 0.0141512 0.0106435 0.00802451 0.0145352 0.0110828 0.010023 0.0142771 0.00441845 0.0127797 0.0136226 0.00512241 0.0142025 0.0125249 0.00441845 0.0127797 0.0136226 0.00423907 0.0107346 0.0139761 0.00779511 0.0100188 0.0145682 0.00924009 0.00904139 0.0140747 0.00779511 0.0100188 0.0145682 0.00930259 0.0112453 0.0144407 0.00779511 0.0100188 0.0145682 0.00709482 0.0119501 0.0142682 0.00779511 0.0100188 0.0145682 0.00787271 0.0090787 0.0125727 0.00700269 0.00639403 0.00492724 0.00832408 0.00779038 0.00508726 0.00700269 0.00639403 0.00492724 0.0066216 0.0078737 0.00612172 0.00700269 0.00639403 0.00492724 0.00576113 0.00496984 0.00514114 0.00700269 0.00639403 0.00492724 0.00522698 0.0073251 0.0040587 0.00700269 0.00639403 0.00492724 0.00670747 0.00583542 0.00290594 0.00832408 0.00779038 0.00508726 0.00841092 0.00959626 0.0058444 0.00832408 0.00779038 0.00508726 0.00801103 0.00791742 0.00315793 0.00832408 0.00779038 0.00508726 0.0066216 0.0078737 0.00612172 0.00832408 0.00779038 0.00508726 0.010236 0.00840283 0.00599713 0.00832408 0.00779038 0.00508726 0.00676824 0.0091283 0.00445074 0.0113626 0.00895506 0.00296166 0.0132691 0.0093747 0.00311564 0.0113626 0.00895506 0.00296166 0.0124689 0.00812599 0.00436228 0.0113626 0.00895506 0.00296166 0.0106617 0.0102324 0.00420182 0.0113626 0.00895506 0.00296166 0.00940419 0.00919532 0.00201588 0.0113626 0.00895506 0.00296166 0.0118046 0.0110655 0.00245696 0.000595232 0.00442376 0.00558026 0.00143209 0.00602887 0.00484575 0.000595232 0.00442376 0.00558026 0.00232622 0.00341988 0.00624313 0.00577495 0.00516388 0.00766243 0.00651834 0.00687967 0.00795518 0.00577495 0.00516388 0.00766243 0.00695671 0.00474392 0.00905735 0.00577495 0.00516388 0.00766243 0.00488582 0.00666235 0.00631211 0.00577495 0.00516388 0.00766243 0.00541196 0.00333014 0.00665278 0.00199147 0.00806141 0.0063271 0.00194235 0.00933517 0.00774063 0.00199147 0.00806141 0.0063271 0.00140268 0.00676794 0.00759816 0.00199147 0.00806141 0.0063271 0.00206314 0.0089518 0.00458818 0.00199147 0.00806141 0.0063271 0.0008854359999999999 0.00966532 0.00602013 0.00199147 0.00806141 0.0063271 0.00025675700000000004 0.00786836 0.00497188 0.00211998 0.0109038 0.0130038 0.00184032 0.0120793 0.0144747 0.00211998 0.0109038 0.0130038 0.00349408 0.00984074 0.0121777 0.0141259 0.00608338 0.000968971 0.0140915 0.00668328 0.00283329 0.0141259 0.00608338 0.000968971 0.0126739 0.00729969 0.000948025 0.0141259 0.00608338 0.000968971 0.0123629 0.00535672 0.000884611 0.00250635 0.00565612 0.0063415 0.00106997 0.00493477 0.00746085 0.00250635 0.00565612 0.0063415 0.00383011 0.00460069 0.00716519 0.00250635 0.00565612 0.0063415 0.00143209 0.00602887 0.00484575 0.00250635 0.00565612 0.0063415 0.00352808 0.00641109 0.00817625 0.00250635 0.00565612 0.0063415 0.00232622 0.00341988 0.00624313 0.00888094 0.000740739 0.0093095 0.00785891 0.00232456 0.00962299 0.00888094 0.000740739 0.0093095 0.0097276 0.00238535 0.00987972 0.00999621 0.0109642 0.0126444 0.00864237 0.0106469 0.0113334 0.00999621 0.0109642 0.0126444 0.00930259 0.0112453 0.0144407 0.00999621 0.0109642 0.0126444 0.0102956 0.00903363 0.0124232 0.00999621 0.0109642 0.0126444 0.0103195 0.0129423 0.0135931 0.00999621 0.0109642 0.0126444 0.0110828 0.010023 0.0142771 0.00864237 0.0106469 0.0113334 0.00951329 0.0100961 0.00974049 0.00864237 0.0106469 0.0113334 0.0068171 0.0116391 0.0119993 0.00864237 0.0106469 0.0113334 0.00787271 0.0090787 0.0125727 0.00864237 0.0106469 0.0113334 0.00760919 0.0117553 0.00983223 0.000969465 0.00402503 0.00960789 -0.0005527345204828982 0.00401886 0.0106743 0.000969465 0.00402503 0.00960789 0.0018468 0.00559321 0.0090898 0.000969465 0.00402503 0.00960789 8.106849999999996e-05 0.00346276 0.00800281 0.000969465 0.00402503 0.00960789 0.00247022 0.003927 0.0083815 0.000969465 0.00402503 0.00960789 0.0026326 0.00369939 0.0105278 0.000969465 0.00402503 0.00960789 0.00098502 0.0053282 0.0111163 0.0127233 0.00079723 0.00738357 0.0145644 0.000729407 0.00675731 0.0127233 0.00079723 0.00738357 0.0121634 -0.001008034520482899 0.00679055 0.0127233 0.00079723 0.00738357 0.0114463 0.00207711 0.00861686 0.0127233 0.00079723 0.00738357 0.0108315 0.00063707 0.00626549 0.0146976 0.0107951 0.00618344 0.013759 0.0108389 0.00784852 0.0146976 0.0107951 0.00618344 0.0147426 0.012606 0.00667052 0.0146976 0.0107951 0.00618344 0.016256070520482897 0.00966532 0.00602013 0.0146976 0.0107951 0.00618344 0.0142043 0.00878106 0.00656703 0.0146976 0.0107951 0.00618344 0.0159670455204829 0.0117735 0.00480197 0.0146976 0.0107951 0.00618344 0.0128722 0.0100815 0.00515816 0.0138771 0.00294134 0.00892731 0.015451703020482899 0.00346276 0.00800281 0.0138771 0.00294134 0.00892731 0.012392 0.0035215 0.0102817 0.0138771 0.00294134 0.00892731 0.0137817 0.00307043 0.00676854 0.0138771 0.00294134 0.00892731 0.0145161 0.00101532 0.00961945 0.000773612 0.00264311 0.0131646 0.00140595 0.0016411 0.0145374 0.000773612 0.00264311 0.0131646 -0.0009421345204828987 0.00342394 0.0130015 0.000773612 0.00264311 0.0131646 0.00109812 0.00349856 0.0116007 0.000773612 0.00264311 0.0131646 0.000154844 0.00109198 0.0119181 0.000773612 0.00264311 0.0131646 0.000778643 0.0044607 0.0142257 0.00194235 0.00933517 0.00774063 0.00210729 0.00779943 0.00900949 0.00194235 0.00933517 0.00774063 0.00177003 0.0106641 0.00911158 0.00194235 0.00933517 0.00774063 8.435480000000008e-05 0.00995715 0.00799865 0.00194235 0.00933517 0.00774063 0.00404456 0.00864856 0.00752236 0.00194235 0.00933517 0.00774063 0.002976 0.010311 0.00605346 0.0028642 0.00860811 0.00289342 0.00206314 0.0089518 0.00458818 0.0028642 0.00860811 0.00289342 0.00240649 0.00685607 0.00344709 0.0028642 0.00860811 0.00289342 0.00286447 0.009734 0.0011025 0.0028642 0.00860811 0.00289342 0.00487931 0.00937461 0.00280342 0.0028642 0.00860811 0.00289342 0.0007270519999999997 0.00813109 0.00273617 0.0028642 0.00860811 0.00289342 0.0018216 0.0105733 0.00310661 0.0142049 0.0134024 0.000882122 0.0136468 0.0117768 0.00161815 0.0142049 0.0134024 0.000882122 0.0136293 0.0151931 0.000883264 0.0142049 0.0134024 0.000882122 0.0149669 0.0129066 0.00285924 0.00271385 0.0120951 0.000983228 0.00458878 0.0127323 0.000889927 0.00271385 0.0120951 0.000983228 0.0009416870000000001 0.0129901 0.00100755 0.000449221 0.0133317 0.0111781 -0.0006462345204828985 0.0118431 0.011367 0.000449221 0.0133317 0.0111781 0.000977121 0.0145399 0.0126192 0.00512241 0.0142025 0.0125249 0.00599052 0.0152894 0.0138492 0.00512241 0.0142025 0.0125249 0.00337851 0.0136074 0.012037 0.00512241 0.0142025 0.0125249 0.00695371 0.0147786 0.0122093 0.00512241 0.0142025 0.0125249 0.003511 0.015171 0.0131598 0.00512241 0.0142025 0.0125249 0.0041845 0.0156414225204829 0.0112352 0.0090967 0.0152193 0.0051464 0.00857401 0.0138082 0.00644255 0.0090967 0.0152193 0.0051464 0.00790977 0.0159251345204829 0.00657309 0.0090967 0.0152193 0.0051464 0.00794846 0.0153104 0.00326511 0.0090967 0.0152193 0.0051464 0.0108315 0.016007704520482897 0.00626549 0.0143573 0.0127819 0.00851817 0.0128927 0.0122358 0.00968693 0.0143573 0.0127819 0.00851817 0.0127241 0.0126985 0.00758516 0.0143573 0.0127819 0.00851817 0.014394 0.0147198 0.00818975 0.0143573 0.0127819 0.00851817 0.0147426 0.012606 0.00667052 0.0136468 0.0117768 0.00161815 0.0149669 0.0129066 0.00285924 0.0136468 0.0117768 0.00161815 0.0118046 0.0110655 0.00245696 0.0140915 0.00668328 0.00283329 0.0121463 0.00672581 0.0027741 0.0140915 0.00668328 0.00283329 0.0141363 0.00826352 0.00175616 0.0140915 0.00668328 0.00283329 0.0156364715204829 0.00514675 0.0032108 0.0140915 0.00668328 0.00283329 0.0132851 0.00466757 0.0026714 0.00140268 0.00676794 0.00759816 0.0018468 0.00559321 0.0090898 0.00140268 0.00676794 0.00759816 0.00106997 0.00493477 0.00746085 0.00140268 0.00676794 0.00759816 0.00210729 0.00779943 0.00900949 0.00140268 0.00676794 0.00759816 0.00015027599999999997 0.00624099 0.00629367 0.00140268 0.00676794 0.00759816 0.00352808 0.00641109 0.00817625 0.0148179 0.00401886 0.0106743 0.0135756 0.00512942 0.00967011 0.0148179 0.00401886 0.0106743 0.0138968 0.00243653 0.0114075 0.0148179 0.00401886 0.0106743 0.0164687545204829 0.00349856 0.0116007 0.0148179 0.00401886 0.0106743 0.0134051 0.00505072 0.0118767 0.0128927 0.0122358 0.00968693 0.0114087 0.0138141 0.00980987 0.0128927 0.0122358 0.00968693 0.0120431 0.0125817 0.0117104 0.0106344 0.00516889 0.00633136 0.00953084 0.00657841 0.0070626 0.0106344 0.00516889 0.00633136 0.0119203 0.00429212 0.00786969 0.0106344 0.00516889 0.00633136 0.012717 0.00497249 0.00564253 0.0132691 0.00322139 0.00440678 0.0127724 0.00169191 0.00554587 0.0132691 0.00322139 0.00440678 0.0118559 0.00265954 0.0028569 0.0132691 0.00322139 0.00440678 0.012717 0.00497249 0.00564253 0.0132691 0.00322139 0.00440678 0.0148598 0.00183155 0.00485025 0.0132691 0.00322139 0.00440678 0.0112204 0.00325932 0.00515858 0.00537116 0.00290926 0.0111914 0.00512251 0.00157736 0.0126485 0.00537116 0.00290926 0.0111914 0.00538342 0.0034238 0.0130372 0.00537116 0.00290926 0.0111914 0.00697578 0.00371731 0.0106163 0.00537116 0.00290926 0.0111914 0.00647566 0.00104766 0.0108102 0.0135756 0.00512942 0.00967011 0.0119348 0.00572724 0.0104921 0.0135756 0.00512942 0.00967011 0.012392 0.0035215 0.0102817 0.0135756 0.00512942 0.00967011 0.0140576 0.00533103 0.00758861 0.0135756 0.00512942 0.00967011 0.0137968 0.00708503 0.0105313 0.0135756 0.00512942 0.00967011 0.0134051 0.00505072 0.0118767 0.00886412 0.00308307 0.00375224 0.0102484 0.00405377 0.00280051 0.00886412 0.00308307 0.00375224 0.00714818 0.00220529 0.00322679 0.00886412 0.00308307 0.00375224 0.00859229 0.00485768 0.00319335 0.00886412 0.00308307 0.00375224 0.00966264 0.00154015 0.00253213 0.00886412 0.00308307 0.00375224 0.00899819 0.00313438 0.00595921 0.00952206 0.00691311 0.000898627 0.00892088 0.00514356 0.00129141 0.000394765 0.00965594 0.0100309 0.002086 0.00987322 0.0108939 0.000394765 0.00965594 0.0100309 0.00177003 0.0106641 0.00911158 0.000394765 0.00965594 0.0100309 -0.00020163452048289904 0.0101144 0.011814 0.000394765 0.00965594 0.0100309 0.000803853 0.00855083 0.0115832 0.000394765 0.00965594 0.0100309 -0.0016541345204828996 0.00929045 0.00956968 0.0007164 0.000291917 0.00791993 -0.0008062345204829 0.000729407 0.00675731 0.0007164 0.000291917 0.00791993 -0.0009766345204828995 -0.0006508345204828984 0.00818975 0.0007164 0.000291917 0.00791993 0.00255816 0.00114621 0.00710047 0.0007164 0.000291917 0.00791993 0.0018579299999999998 -0.0013850345204828975 0.00720806 0.00524774 0.0125483 0.00962598 0.00470948 0.0111967 0.008307 0.00524774 0.0125483 0.00962598 0.00357887 0.0134538 0.0101713 0.00524774 0.0125483 0.00962598 0.00462761 0.014216 0.00872348 0.00524774 0.0125483 0.00962598 0.00358582 0.0112819 0.0101736 0.0138968 0.00243653 0.0114075 0.0144285 0.00342394 0.0130015 0.0138968 0.00243653 0.0114075 0.015525478520482899 0.00109198 0.0119181 0.0138968 0.00243653 0.0114075 0.012392 0.0035215 0.0102817 0.0138968 0.00243653 0.0114075 0.0124797 0.00120012 0.0124975 0.0129113 0.0106478 0.0110132 0.0120467 0.0108003 0.0126983 0.0129113 0.0106478 0.0110132 0.0137165 0.00929045 0.00956968 0.0129113 0.0106478 0.0110132 0.0120431 0.0125817 0.0117104 0.0118976 0.0110956 0.00824709 0.0127241 0.0126985 0.00758516 0.0118976 0.0110956 0.00824709 0.0111879 0.00951807 0.00905958 0.0118976 0.0110956 0.00824709 0.013759 0.0108389 0.00784852 0.00982367 0.0150127 0.0133574 0.0103426 0.016772944520482898 0.0128859 0.00982367 0.0150127 0.0133574 0.0078991 0.0141693 0.0141394 0.00982367 0.0150127 0.0133574 0.0103195 0.0129423 0.0135931 0.00591345 0.0104097 0.000918365 0.00542242 0.0116958 0.00257056 0.00490533 0.00069221 0.00926079 0.00462761 -0.0011546345204829001 0.00872348 0.00490533 0.00069221 0.00926079 0.00647566 0.00104766 0.0108102 0.00490533 0.00069221 0.00926079 0.0041845 0.000270788 0.0112352 0.0123963 0.00678884 0.00680525 0.0112303 0.00798569 0.00783697 0.0123963 0.00678884 0.00680525 0.0126317 0.00700878 0.00871286 0.0123963 0.00678884 0.00680525 0.012717 0.00497249 0.00564253 0.00365581 0.0111931 0.00410831 0.00552444 0.0108269 0.00453722 0.00365581 0.0111931 0.00410831 0.002976 0.010311 0.00605346 0.00365581 0.0111931 0.00410831 0.0018216 0.0105733 0.00310661 0.0111058 0.015098 0.00812776 0.0121634 0.0143626 0.00679055 0.0111058 0.015098 0.00812776 0.0106021 0.0130877 0.00764289 0.0111058 0.015098 0.00812776 0.0114087 0.0138141 0.00980987 0.0111058 0.015098 0.00812776 0.0108315 0.016007704520482897 0.00626549 0.00737449 0.00408512 0.00181528 0.00719036 0.00578893 0.00085116 0.00737449 0.00408512 0.00181528 0.00562226 0.00477273 0.00132247 0.00737449 0.00408512 0.00181528 0.00892088 0.00514356 0.00129141 0.00737449 0.00408512 0.00181528 0.00859229 0.00485768 0.00319335 0.00737449 0.00408512 0.00181528 0.00670747 0.00583542 0.00290594 0.0018468 0.00559321 0.0090898 0.00106997 0.00493477 0.00746085 0.0018468 0.00559321 0.0090898 0.00247022 0.003927 0.0083815 0.0018468 0.00559321 0.0090898 0.00300831 0.00642562 0.010603 0.0018468 0.00559321 0.0090898 0.00352808 0.00641109 0.00817625 0.00106997 0.00493477 0.00746085 8.106850000000007e-05 0.00346276 0.00800281 0.00106997 0.00493477 0.00746085 0.00015027599999999997 0.00624099 0.00629367 0.00106997 0.00493477 0.00746085 0.00247022 0.003927 0.0083815 0.00702218 0.00933933 0.00230049 0.00801103 0.00791742 0.00315793 0.00702218 0.00933933 0.00230049 0.00616535 0.00772151 0.00208443 0.00702218 0.00933933 0.00230049 0.00723472 0.0109701 0.00343743 0.00702218 0.00933933 0.00230049 0.00487931 0.00937461 0.00280342 0.00702218 0.00933933 0.00230049 0.00676824 0.0091283 0.00445074 0.0142658 0.0148428 0.0112978 0.015525478520482899 0.0164626145204829 0.0119181 0.00841092 0.00959626 0.0058444 0.00873277 0.00988291 0.00393572 0.00841092 0.00959626 0.0058444 0.010236 0.00840283 0.00599713 0.00841092 0.00959626 0.0058444 0.00676824 0.0091283 0.00445074 0.00841092 0.00959626 0.0058444 0.00817881 0.00822097 0.00753351 0.0125201 0.000435398 0.0101814 0.0145161 0.00101532 0.00961945 0.00509977 0.0104938 0.0114683 0.00534896 0.0085551 0.0110848 0.00509977 0.0104938 0.0114683 0.0048199 0.0124239 0.0116554 0.00509977 0.0104938 0.0114683 0.00349408 0.00984074 0.0121777 0.00509977 0.0104938 0.0114683 0.0068171 0.0116391 0.0119993 0.00509977 0.0104938 0.0114683 0.00358582 0.0112819 0.0101736 0.0147244 0.0118431 0.011367 0.015169 0.0101144 0.011814 0.00512251 0.00157736 0.0126485 0.00538342 0.0034238 0.0130372 0.00512251 0.00157736 0.0126485 0.00581911 0.00172426 0.0144566 0.00512251 0.00157736 0.0126485 0.00703731 0.00147038 0.0130426 0.00512251 0.00157736 0.0126485 0.00332749 0.00282902 0.0123916 0.00512251 0.00157736 0.0126485 0.0041845 0.0002707879999999999 0.0112352 0.00251217 0.00823778 0.0121972 0.000803853 0.00855083 0.0115832 0.00251217 0.00823778 0.0121972 0.00349408 0.00984074 0.0121777 0.00251217 0.00823778 0.0121972 0.00151112 0.00661975 0.013202 0.000977121 0.0145399 0.0126192 0.00239349 0.0136902 0.0136603 0.000977121 0.0145399 0.0126192 0.000154844 0.0164626145204829 0.0119181 8.10685e-05 0.00346276 0.00800281 0.000518752 0.00218991 0.00672875 8.10685e-05 0.00346276 0.00800281 0.00139906 0.0022093 0.00850697 8.10685e-05 0.00346276 0.00800281 -0.0015889345204828998 0.00307043 0.00676854 0.0111815 0.00982975 0.000890611 0.00940419 0.00919532 0.00201588 0.0111815 0.00982975 0.000890611 0.0118046 0.0110655 0.00245696 0.01394 0.0142913 0.00637056 0.0145644 0.0161000415204829 0.00675731 0.01394 0.0142913 0.00637056 0.014394 0.0147198 0.00818975 0.01394 0.0142913 0.00637056 0.0147426 0.012606 0.00667052 0.01394 0.0142913 0.00637056 0.0121634 0.0143626 0.00679055 0.01394 0.0142913 0.00637056 0.0141476 0.0130014 0.00491582 0.01394 0.0142913 0.00637056 0.0138166 0.0150889 0.00444539 0.01394 0.0142913 0.00637056 0.0158488575204829 0.0143084 0.00535659 0.00707059 0.0141062 0.00170009 0.00794846 0.0153104 0.00326511 0.0126739 0.00729969 0.000948025 0.0123629 0.00535672 0.000884611 0.0126739 0.00729969 0.000948025 0.0121463 0.00672581 0.0027741 0.0126739 0.00729969 0.000948025 0.0141363 0.00826352 0.00175616 0.00599052 0.0152894 0.0138492 0.00581911 0.0170948945204829 0.0144566 0.00599052 0.0152894 0.0138492 0.00695371 0.0147786 0.0122093 0.00599052 0.0152894 0.0138492 0.0078991 0.0141693 0.0141394 0.00999666 0.00133732 0.0146069 0.0082099 0.000870013 0.0144201 0.00999666 0.00133732 0.0146069 0.0103426 0.00140231 0.0128859 0.00470948 0.0111967 0.008307 0.00358582 0.0112819 0.0101736 0.00470948 0.0111967 0.008307 0.00358932 0.0124559 0.00693932 0.00534896 0.0085551 0.0110848 0.00547909 0.00680481 0.011901 0.00534896 0.0085551 0.0110848 0.00453691 0.00942341 0.00954167 0.00534896 0.0085551 0.0110848 0.00527292 0.00713916 0.00961492 0.00892562 0.0125508 0.00432971 0.0105733 0.0125735 0.00526755 0.00892562 0.0125508 0.00432971 0.00756921 0.0122723 0.00560177 0.00356341 0.00181973 0.00533926 0.00492007 0.00044180100000000013 0.00580023 0.00356341 0.00181973 0.00533926 0.00161236 0.00169672 0.00526334 0.00356341 0.00181973 0.00533926 0.00255816 0.00114621 0.00710047 0.00356341 0.00181973 0.00533926 0.00232622 0.00341988 0.00624313 0.00356341 0.00181973 0.00533926 0.00547061 0.00220868 0.00452783 0.00651834 0.00687967 0.00795518 0.00527292 0.00713916 0.00961492 0.00651834 0.00687967 0.00795518 0.008276 0.00645263 0.00919447 0.00651834 0.00687967 0.00795518 0.00817881 0.00822097 0.00753351 0.00695671 0.00474392 0.00905735 0.00872367 0.00391884 0.00886091 0.00695671 0.00474392 0.00905735 0.00697578 0.00371731 0.0106163 0.00695671 0.00474392 0.00905735 0.00760515 0.0042274 0.00728987 0.00695671 0.00474392 0.00905735 0.008276 0.00645263 0.00919447 0.00801103 0.00791742 0.00315793 0.00676824 0.0091283 0.00445074 0.00801103 0.00791742 0.00315793 0.00940419 0.00919532 0.00201588 0.00538342 0.0034238 0.0130372 0.00521796 0.00515041 0.0138533 0.00538342 0.0034238 0.0130372 0.00729414 0.00333063 0.0124551 0.00538342 0.0034238 0.0130372 0.00332749 0.00282902 0.0123916 0.0048199 0.0124239 0.0116554 0.00337851 0.0136074 0.012037 0.0048199 0.0124239 0.0116554 0.0068171 0.0116391 0.0119993 0.0048199 0.0124239 0.0116554 0.00358582 0.0112819 0.0101736 0.0123629 0.00535672 0.000884611 0.0107403 0.0055451 0.00180551 0.0123629 0.00535672 0.000884611 0.0132851 0.00466757 0.0026714 0.0123128 0.0136301 0.00500719 0.0121634 0.0143626 0.00679055 0.0123128 0.0136301 0.00500719 0.0141476 0.0130014 0.00491582 0.0123128 0.0136301 0.00500719 0.0138166 0.0150889 0.00444539 0.0132691 0.0093747 0.00311564 0.0124689 0.00812599 0.00436228 0.0132691 0.0093747 0.00311564 0.0141363 0.00826352 0.00175616 0.0132691 0.0093747 0.00311564 0.0128722 0.0100815 0.00515816 0.00924009 0.00904139 0.0140747 0.0079913 0.00761103 0.0143987 0.00924009 0.00904139 0.0140747 0.0102956 0.00903363 0.0124232 0.00924009 0.00904139 0.0140747 0.00787271 0.0090787 0.0125727 0.00924009 0.00904139 0.0140747 0.0110828 0.010023 0.0142771 0.00240283 0.000843443 0.0102687 0.0041845 0.000270788 0.0112352 0.00719036 0.00578893 0.00085116 0.00562226 0.00477273 0.00132247 0.00719036 0.00578893 0.00085116 0.00892088 0.00514356 0.00129141 0.00719036 0.00578893 0.00085116 0.00670747 0.00583542 0.00290594 0.00873277 0.00988291 0.00393572 0.0106617 0.0102324 0.00420182 0.00873277 0.00988291 0.00393572 0.00962222 0.0113023 0.00289497 0.00873277 0.00988291 0.00393572 0.00723472 0.0109701 0.00343743 0.00873277 0.00988291 0.00393572 0.00676824 0.0091283 0.00445074 0.00873277 0.00988291 0.00393572 0.00940419 0.00919532 0.00201588 0.0105733 0.0125735 0.00526755 0.00921945 0.0119421 0.00641884 0.0105733 0.0125735 0.00526755 0.0106884 0.0107356 0.00604621 0.00210729 0.00779943 0.00900949 0.000519877 0.00761316 0.010058 0.00210729 0.00779943 0.00900949 0.00352808 0.00641109 0.00817625 0.010898 0.0143746 0.00316433 0.0108772 0.0129161 0.00181871 0.010898 0.0143746 0.00316433 0.011736 0.016035954520482898 0.00405254 0.010898 0.0143746 0.00316433 0.00959524 0.0147618 0.00155384 0.000150276 0.00624099 0.00629367 0.00143209 0.00602887 0.00484575 0.000150276 0.00624099 0.00629367 -0.0013130345204828988 0.00533103 0.00758861 0.000150276 0.00624099 0.00629367 0.000256757 0.00786836 0.00497188 0.0102484 0.00405377 0.00280051 0.0107403 0.0055451 0.00180551 0.0102484 0.00405377 0.00280051 0.00859229 0.00485768 0.00319335 0.0102484 0.00405377 0.00280051 0.0118559 0.00265954 0.0028569 0.0127241 0.0126985 0.00758516 0.0121634 0.0143626 0.00679055 0.0127241 0.0126985 0.00758516 0.0106021 0.0130877 0.00764289 0.0131443 0.012018 0.0144795 0.0125126 0.0140022 0.0137814 0.00921945 0.0119421 0.00641884 0.00857401 0.0138082 0.00644255 0.00921945 0.0119421 0.00641884 0.00756921 0.0122723 0.00560177 0.00921945 0.0119421 0.00641884 0.00874637 0.0122671 0.00818002 0.00921945 0.0119421 0.00641884 0.0106884 0.0107356 0.00604621 0.00921945 0.0119421 0.00641884 0.0106021 0.0130877 0.00764289 0.00857401 0.0138082 0.00644255 0.00687735 0.0143408 0.00513623 0.00581911 0.00172426 0.0144566 0.00703731 0.00147038 0.0130426 0.00878013 0.0126694 0.0120224 0.0068171 0.0116391 0.0119993 0.00878013 0.0126694 0.0120224 0.0103195 0.0129423 0.0135931 0.0151819 0.00983466 0.00397306 0.0159670455204829 0.0117735 0.00480197 0.0151819 0.00983466 0.00397306 0.015627391520482897 0.00786836 0.00497188 0.0121463 0.00672581 0.0027741 0.0103754 0.006324 0.00347663 0.00930259 0.0112453 0.0144407 0.0103195 0.0129423 0.0135931 0.00930259 0.0112453 0.0144407 0.0110828 0.010023 0.0142771 0.00785891 0.00232456 0.00962299 0.00872367 0.00391884 0.00886091 0.00785891 0.00232456 0.00962299 0.00697578 0.00371731 0.0106163 0.00785891 0.00232456 0.00962299 0.00625872 0.00230596 0.00867378 0.00785891 0.00232456 0.00962299 0.0097276 0.00238535 0.00987972 0.00785891 0.00232456 0.00962299 0.00864119 0.00172406 0.011622 0.00785891 0.00232456 0.00962299 0.00647566 0.00104766 0.0108102 0.0127724 0.00169191 0.00554587 0.011736 0.0006653200000000001 0.00405254 0.0127724 0.00169191 0.00554587 0.0148598 0.00183155 0.00485025 0.0127724 0.00169191 0.00554587 0.0137817 0.00307043 0.00676854 0.0127724 0.00169191 0.00554587 0.0112204 0.00325932 0.00515858 0.0144691 0.0152824 0.00250948 0.0136293 0.0151931 0.0008832639999999999 0.0144691 0.0152824 0.00250948 0.0138166 0.0150889 0.00444539 0.00458878 0.0127323 0.000889927 0.0034757 0.0142895 0.000851078 0.00458878 0.0127323 0.000889927 0.00389386 0.013466 0.00280387 0.00458878 0.0127323 0.000889927 0.00542242 0.0116958 0.00257056 0.00357887 0.0134538 0.0101713 0.00337851 0.0136074 0.012037 0.00357887 0.0134538 0.0101713 0.00462761 0.014216 0.00872348 0.00357887 0.0134538 0.0101713 0.00198955 0.0125949 0.00943874 0.00357887 0.0134538 0.0101713 0.00358582 0.0112819 0.0101736 0.0112303 0.00798569 0.00783697 0.0111879 0.00951807 0.00905958 0.0112303 0.00798569 0.00783697 0.00973482 0.00826854 0.00897179 0.0112303 0.00798569 0.00783697 0.0126317 0.00700878 0.00871286 0.0112303 0.00798569 0.00783697 0.0106172 0.0061586 0.00884653 0.0112303 0.00798569 0.00783697 0.010236 0.00840283 0.00599713 0.0082099 0.000870013 0.0144201 0.00703731 0.00147038 0.0130426 0.0082099 0.000870013 0.0144201 0.0078991 -0.0012013345204828993 0.0141394 0.0143522 0.0101641 0.0143856 0.0150834 0.00832007 0.0133538 0.00714818 0.00220529 0.00322679 0.00547061 0.00220868 0.00452783 0.00915807 0.00328766 0.000934924 0.00892088 0.00514356 0.00129141 0.00413295 0.0147811 0.00445143 0.00492007 0.0158124355204829 0.00580023 0.00413295 0.0147811 0.00445143 0.00248374 0.0151863 0.00540234 0.00413295 0.0147811 0.00445143 0.00389386 0.013466 0.00280387 0.00413295 0.0147811 0.00445143 0.0055355 0.015625665520482897 0.0029715 0.00521796 0.00515041 0.0138533 0.00308504 0.00529079 0.0142464 0.0145644 0.000729407 0.00675731 0.015889386520482898 0.00218991 0.00672875 0.0145644 0.000729407 0.00675731 0.014394 -0.000650834520482899 0.00818975 0.0145644 0.000729407 0.00675731 0.0148598 0.00183155 0.00485025 0.0149452 0.00631236 0.0144022 0.0136472 0.006821 0.0130219 0.0149452 0.00631236 0.0144022 0.0161492775204829 0.0044607 0.0142257 0.000518752 0.00218991 0.00672875 0.0016123599999999997 0.00169672 0.00526334 0.000518752 0.00218991 0.00672875 0.00139906 0.0022093 0.00850697 0.000518752 0.00218991 0.00672875 0.00232622 0.00341988 0.00624313 0.000518752 0.00218991 0.00672875 -0.0005108345204829005 0.00183155 0.00485025 0.00239349 0.0136902 0.0136603 0.00337851 0.0136074 0.012037 0.00239349 0.0136902 0.0136603 0.00184032 0.0120793 0.0144747 0.00239349 0.0136902 0.0136603 0.003511 0.015171 0.0131598 0.00258171 0.00802324 0.0144181 0.00452008 0.00844254 0.0144932 0.00258171 0.00802324 0.0144181 0.00151112 0.00661975 0.013202 0.0103888 0.0118671 0.00947094 0.00951329 0.0100961 0.00974049 0.0103888 0.0118671 0.00947094 0.0106021 0.0130877 0.00764289 0.0103888 0.0118671 0.00947094 0.0114087 0.0138141 0.00980987 0.00383011 0.00460069 0.00716519 0.00247022 0.003927 0.0083815 0.00383011 0.00460069 0.00716519 0.00352808 0.00641109 0.00817625 0.00383011 0.00460069 0.00716519 0.00541196 0.00333014 0.00665278 0.00383011 0.00460069 0.00716519 0.00232622 0.00341988 0.00624313 0.00337851 0.0136074 0.012037 0.003511 0.015171 0.0131598 0.0111879 0.00951807 0.00905958 0.00973482 0.00826854 0.00897179 0.0111879 0.00951807 0.00905958 0.00951329 0.0100961 0.00974049 0.0111879 0.00951807 0.00905958 0.0113986 0.00787863 0.0104791 0.00756921 0.0122723 0.00560177 0.0063218 0.0125101 0.00426012 0.00756921 0.0122723 0.00560177 0.00641682 0.0122244 0.00702925 0.00756921 0.0122723 0.00560177 0.00687735 0.0143408 0.00513623 0.00247022 0.003927 0.0083815 0.00386171 0.00270794 0.00802837 0.00247022 0.003927 0.0083815 0.00232622 0.00341988 0.00624313 0.00143209 0.00602887 0.00484575 0.00240649 0.00685607 0.00344709 0.00143209 0.00602887 0.00484575 0.0002658370000000001 0.00514675 0.0032108 0.00143209 0.00602887 0.00484575 0.00025675700000000004 0.00786836 0.00497188 0.00492007 0.000441801 0.00580023 0.00603778 0.00111112 0.00717034 0.00492007 0.000441801 0.00580023 0.00547061 0.00220868 0.00452783 0.00161236 0.00169672 0.00526334 0.00255816 0.00114621 0.00710047 0.00161236 0.00169672 0.00526334 0.00232622 0.00341988 0.00624313 0.00161236 0.00169672 0.00526334 0.00132069 0.000897655 0.00340791 0.00161236 0.00169672 0.00526334 -0.0005108345204829 0.00183155 0.00485025 0.00973482 0.00826854 0.00897179 0.00951329 0.0100961 0.00974049 0.00973482 0.00826854 0.00897179 0.009053 0.0079031 0.0109555 0.00973482 0.00826854 0.00897179 0.00817881 0.00822097 0.00753351 0.00547909 0.00680481 0.011901 0.00596783 0.00536559 0.010693 0.00547909 0.00680481 0.011901 0.00368541 0.00648051 0.0125803 0.0126317 0.00700878 0.00871286 0.0106172 0.0061586 0.00884653 0.0126317 0.00700878 0.00871286 0.0137968 0.00708503 0.0105313 0.0126317 0.00700878 0.00871286 0.0147465 0.00741987 0.00833856 0.00781705 0.00683899 0.0126454 0.0079913 0.00761103 0.0143987 0.00781705 0.00683899 0.0126454 0.00787271 0.0090787 0.0125727 0.00872367 0.00391884 0.00886091 0.00760515 0.0042274 0.00728987 0.00872367 0.00391884 0.00886091 0.00906508 0.00223346 0.00795407 0.00140595 0.0016411 0.0145374 0.00318155 0.0014035 0.0139873 0.00386171 0.00270794 0.00802837 0.00255816 0.00114621 0.00710047 0.00386171 0.00270794 0.00802837 0.00541196 0.00333014 0.00665278 0.00501401 0.00925255 0.00568857 0.00676824 0.0091283 0.00445074 0.00501401 0.00925255 0.00568857 0.00404456 0.00864856 0.00752236 0.0124689 0.00812599 0.00436228 0.0115477 0.00659241 0.00495397 0.0124689 0.00812599 0.00436228 0.0128722 0.0100815 0.00515816 0.0119348 0.00572724 0.0104921 0.0106172 0.0061586 0.00884653 0.0119348 0.00572724 0.0104921 0.0113986 0.00787863 0.0104791 0.0119348 0.00572724 0.0104921 0.0134051 0.00505072 0.0118767 0.0119348 0.00572724 0.0104921 0.00988032 0.00569896 0.0111818 0.00697578 0.00371731 0.0106163 0.00596783 0.00536559 0.010693 0.00697578 0.00371731 0.0106163 0.00729414 0.00333063 0.0124551 0.0066188 0.0145815 0.00723761 0.00603778 0.0164817545204829 0.00717034 0.0066188 0.0145815 0.00723761 0.00790977 0.0159251345204829 0.00657309 0.0066188 0.0145815 0.00723761 0.00687735 0.0143408 0.00513623 0.00562226 0.00477273 0.00132247 0.00572299 0.00380241 0.00301698 0.00562226 0.00477273 0.00132247 0.00358764 0.0043882 0.00196482 0.00562226 0.00477273 0.00132247 0.00670747 0.00583542 0.00290594 0.00596783 0.00536559 0.010693 0.00527292 0.00713916 0.00961492 0.00596783 0.00536559 0.010693 0.00429788 0.00460278 0.00953474 0.00729414 0.00333063 0.0124551 0.00703731 0.00147038 0.0130426 0.00236701 0.0149398 0.00212329 0.0034757 0.0142895 0.0008510779999999999 0.00236701 0.0149398 0.00212329 0.00125962 0.014085 0.00337117 0.00236701 0.0149398 0.00212329 0.00389386 0.013466 0.00280387 0.00236701 0.0149398 0.00212329 0.00150798 0.0166718945204829 0.00109445 0.00236701 0.0149398 0.00212329 0.00132069 0.016268289520482898 0.00340791 0.00269748 0.00373721 0.00383797 0.00358764 0.0043882 0.00196482 0.0144285 0.00342394 0.0130015 0.0134051 0.00505072 0.0118767 0.0144285 0.00342394 0.0130015 0.0132164 0.00464896 0.0142442 0.014394 0.0147198 0.00818975 0.0145161 0.0163859545204829 0.00961945 0.0136472 0.006821 0.0130219 0.0151635 0.00648948 0.0120217 0.0136472 0.006821 0.0130219 0.0150834 0.00832007 0.0133538 0.0136472 0.006821 0.0130219 0.0134051 0.00505072 0.0118767 0.0136472 0.006821 0.0130219 0.0119641 0.0066168 0.0141512 0.0108772 0.0129161 0.00181871 0.0118046 0.0110655 0.00245696 0.013759 0.0108389 0.00784852 0.0154549893204829 0.00995715 0.00799865 0.002086 0.00987322 0.0108939 0.00177003 0.0106641 0.00911158 0.002086 0.00987322 0.0108939 0.000803853 0.00855083 0.0115832 0.002086 0.00987322 0.0108939 0.00349408 0.00984074 0.0121777 0.002086 0.00987322 0.0108939 0.00358582 0.0112819 0.0101736 0.0106617 0.0102324 0.00420182 0.00962222 0.0113023 0.00289497 0.0106617 0.0102324 0.00420182 0.0106884 0.0107356 0.00604621 0.0106617 0.0102324 0.00420182 0.0118046 0.0110655 0.00245696 0.00760515 0.0042274 0.00728987 0.00899819 0.00313438 0.00595921 0.0147426 0.012606 0.00667052 0.0141476 0.0130014 0.00491582 0.0147426 0.012606 0.00667052 0.016632244520482897 0.0116434 0.00723613 0.000772106 0.00917672 0.000891831 0.00286447 0.009734 0.0011025 0.000772106 0.00917672 0.000891831 0.000727052 0.00813109 0.00273617 0.0128459 0.00868162 0.0144002 0.0110828 0.010023 0.0142771 0.0127752 0.0139847 0.00230137 0.0116912 0.0149773 0.00096492 0.00206314 0.0089518 0.00458818 0.0008854359999999999 0.00966532 0.00602013 0.00206314 0.0089518 0.00458818 0.002976 0.010311 0.00605346 0.00206314 0.0089518 0.00458818 0.0018216 0.0105733 0.00310661 0.00206314 0.0089518 0.00458818 0.00025675700000000004 0.00786836 0.00497188 0.00863629 0.00430558 0.0144603 0.0107363 0.00464063 0.0140857 0.00139906 0.0022093 0.00850697 0.00255816 0.00114621 0.00710047 0.000519877 0.00761316 0.010058 0.000803853 0.00855083 0.0115832 0.000519877 0.00761316 0.010058 -0.0015738345204828997 0.00708503 0.0105313 0.000519877 0.00761316 0.010058 -0.0006241345204829002 0.00741987 0.00833856 0.0066216 0.0078737 0.00612172 0.00488582 0.00666235 0.00631211 0.0066216 0.0078737 0.00612172 0.00676824 0.0091283 0.00445074 0.0066216 0.0078737 0.00612172 0.00817881 0.00822097 0.00753351 0.00177003 0.0106641 0.00911158 0.00198955 0.0125949 0.00943874 0.00177003 0.0106641 0.00911158 0.00358582 0.0112819 0.0101736 0.00177003 0.0106641 0.00911158 0.00126161 0.0116434 0.00723613 0.000885436 0.00966532 0.00602013 0.002976 0.010311 0.00605346 0.000885436 0.00966532 0.00602013 0.00025675699999999993 0.00786836 0.00497188 0.0063218 0.0125101 0.00426012 0.00552444 0.0108269 0.00453722 0.0063218 0.0125101 0.00426012 0.00723472 0.0109701 0.00343743 0.0063218 0.0125101 0.00426012 0.00542242 0.0116958 0.00257056 0.0063218 0.0125101 0.00426012 0.00687735 0.0143408 0.00513623 0.00892088 0.00514356 0.00129141 0.0107403 0.0055451 0.00180551 0.00892088 0.00514356 0.00129141 0.00859229 0.00485768 0.00319335 0.00625872 0.00230596 0.00867378 0.00603778 0.00111112 0.00717034 0.0121634 0.0143626 0.00679055 0.0106021 0.0130877 0.00764289 0.0121634 0.0143626 0.00679055 0.0108315 0.016007704520482897 0.00626549 0.00695371 0.0147786 0.0122093 0.00872676 0.0148175 0.0113207 0.00695371 0.0147786 0.0122093 0.00647566 0.0164182945204829 0.0108102 0.00695371 0.0147786 0.0122093 0.0078991 0.0141693 0.0141394 8.43548e-05 0.00995715 0.00799865 -0.0011663345204828998 0.00878106 0.00656703 8.43548e-05 0.00995715 0.00799865 0.00126161 0.0116434 0.00723613 0.015169 0.0101144 0.011814 0.0161744875204829 0.00855083 0.0115832 0.00603778 0.00111112 0.00717034 0.00708603 0.00226918 0.00604545 0.0141363 0.00826352 0.00175616 0.0160976865204829 0.00813109 0.00273617 0.0131778 0.00166347 0.000956286 0.0136293 -0.00017753452048290008 0.000883264 0.0107403 0.0055451 0.00180551 0.0103754 0.006324 0.00347663 0.00453691 0.00942341 0.00954167 0.00404456 0.00864856 0.00752236 0.00453691 0.00942341 0.00954167 0.00358582 0.0112819 0.0101736 0.00962222 0.0113023 0.00289497 0.0118046 0.0110655 0.00245696 0.0026326 0.00369939 0.0105278 0.00253931 0.00484977 0.0121283 0.0026326 0.00369939 0.0105278 0.00109812 0.00349856 0.0116007 0.0026326 0.00369939 0.0105278 0.00332749 0.00282902 0.0123916 0.0026326 0.00369939 0.0105278 0.00429788 0.00460278 0.00953474 0.0120467 0.0108003 0.0126983 0.0120431 0.0125817 0.0117104 0.0120467 0.0108003 0.0126983 0.0110828 0.010023 0.0142771 0.00874637 0.0122671 0.00818002 0.0106021 0.0130877 0.00764289 0.00874637 0.0122671 0.00818002 0.00760919 0.0117553 0.00983223 0.00874637 0.0122671 0.00818002 0.00757262 0.0105256 0.00773959 0.00641682 0.0122244 0.00702925 0.00757262 0.0105256 0.00773959 0.00552444 0.0108269 0.00453722 0.00676824 0.0091283 0.00445074 0.00552444 0.0108269 0.00453722 0.00542242 0.0116958 0.00257056 0.0103754 0.006324 0.00347663 0.0115477 0.00659241 0.00495397 0.00576113 0.00496984 0.00514114 0.00488582 0.00666235 0.00631211 0.00996983 0.00162457 0.00463433 0.011736 0.00066532 0.00405254 0.00996983 0.00162457 0.00463433 0.00966264 0.00154015 0.00253213 0.00996983 0.00162457 0.00463433 0.0108315 0.00063707 0.00626549 0.00996983 0.00162457 0.00463433 0.00899819 0.00313438 0.00595921 0.00996983 0.00162457 0.00463433 0.0112204 0.00325932 0.00515858 0.0116912 0.0149773 0.00096492 0.0136293 0.0151931 0.000883264 0.0116912 0.0149773 0.00096492 0.00959524 0.0147618 0.00155384 0.00953084 0.00657841 0.0070626 0.0106172 0.0061586 0.00884653 0.00953084 0.00657841 0.0070626 0.010236 0.00840283 0.00599713 0.00953084 0.00657841 0.0070626 0.00817881 0.00822097 0.00753351 0.00291999 0.00322739 0.0144818 0.00318155 0.0014035 0.0139873 0.00291999 0.00322739 0.0144818 0.00332749 0.00282902 0.0123916 0.00291999 0.00322739 0.0144818 0.00308504 0.00529079 0.0142464 0.00616535 0.00772151 0.00208443 0.00487931 0.00937461 0.00280342 0.00616535 0.00772151 0.00208443 0.00522698 0.0073251 0.0040587 0.00616535 0.00772151 0.00208443 0.00417548 0.00707696 0.00185079 0.00616535 0.00772151 0.00208443 0.00670747 0.00583542 0.00290594 0.00790977 0.0005545 0.00657309 0.00708603 0.00226918 0.00604545 0.00253931 0.00484977 0.0121283 0.00098502 0.0053282 0.0111163 0.00253931 0.00484977 0.0121283 0.00332749 0.00282902 0.0123916 0.00253931 0.00484977 0.0121283 0.00300831 0.00642562 0.010603 0.00253931 0.00484977 0.0121283 0.00308504 0.00529079 0.0142464 0.00708603 0.00226918 0.00604545 0.00541196 0.00333014 0.00665278 0.00708603 0.00226918 0.00604545 0.00547061 0.00220868 0.00452783 0.00708603 0.00226918 0.00604545 0.00899819 0.00313438 0.00595921 0.00723472 0.0109701 0.00343743 0.00676824 0.0091283 0.00445074 0.00723472 0.0109701 0.00343743 0.00542242 0.0116958 0.00257056 0.00859229 0.00485768 0.00319335 0.00670747 0.00583542 0.00290594 0.00109812 0.00349856 0.0116007 0.00098502 0.0053282 0.0111163 0.00572299 0.00380241 0.00301698 0.00547061 0.00220868 0.00452783 0.0151635 0.00648948 0.0120217 0.016355654520482897 0.0053282 0.0111163 0.0151635 0.00648948 0.0120217 0.0137968 0.00708503 0.0105313 0.0151635 0.00648948 0.0120217 0.0168817545204829 0.00661975 0.013202 0.00368541 0.00648051 0.0125803 0.00300831 0.00642562 0.010603 0.00368541 0.00648051 0.0125803 0.00308504 0.00529079 0.0142464 0.0034757 0.0142895 0.000851078 0.00389386 0.013466 0.00280387 0.0131829 0.00249219 0.0143918 0.0132164 0.00464896 0.0142442 0.00318155 0.0014035 0.0139873 0.003511 -0.00019963452048289893 0.0131598 0.00318155 0.0014035 0.0139873 0.00332749 0.00282902 0.0123916 0.00906508 0.00223346 0.00795407 0.00899819 0.00313438 0.00595921 0.000803853 0.00855083 0.0115832 -0.0002872345204828991 0.00832007 0.0133538 0.00248374 0.0151863 0.00540234 0.00255816 0.0165168445204829 0.00710047 0.00248374 0.0151863 0.00540234 0.00047822299999999984 0.0143084 0.00535659 0.00248374 0.0151863 0.00540234 0.00259572 0.0131113 0.00478786 0.0097276 0.00238535 0.00987972 0.00864119 0.00172406 0.011622 0.0097276 0.00238535 0.00987972 0.0114463 0.00207711 0.00861686 0.0115477 0.00659241 0.00495397 0.012717 0.00497249 0.00564253 0.00703731 0.00147038 0.0130426 0.00864119 0.00172406 0.011622 0.003511 0.015171 0.0131598 0.0041845 0.0156414225204829 0.0112352 0.00240649 0.00685607 0.00344709 0.000727052 0.00813109 0.00273617 0.0141476 0.0130014 0.00491582 0.0138166 0.0150889 0.00444539 0.0141476 0.0130014 0.00491582 0.0159670455204829 0.0117735 0.00480197 0.0141476 0.0130014 0.00491582 0.0149669 0.0129066 0.00285924 0.0141476 0.0130014 0.00491582 0.0158488575204829 0.0143084 0.00535659 0.0103426 0.00140231 0.0128859 0.00864119 0.00172406 0.011622 0.0103426 0.00140231 0.0128859 0.0124797 0.00120012 0.0124975 0.00198955 0.0125949 0.00943874 0.00358582 0.0112819 0.0101736 0.0102956 0.00903363 0.0124232 0.009053 0.0079031 0.0109555 0.0102956 0.00903363 0.0124232 0.0110828 0.010023 0.0142771 0.00125962 0.014085 0.00337117 -0.00040373452048289874 0.0129066 0.00285924 0.00125962 0.014085 0.00337117 0.00047822300000000006 0.0143084 0.00535659 0.00125962 0.014085 0.00337117 0.00259572 0.0131113 0.00478786 0.00125962 0.014085 0.00337117 0.00132069 0.016268289520482898 0.00340791 0.00349408 0.00984074 0.0121777 0.00423907 0.0107346 0.0139761 0.00286447 0.009734 0.0011025 0.0018216 0.0105733 0.00310661 0.00864119 0.00172406 0.011622 0.00647566 0.00104766 0.0108102 0.0142043 0.00878106 0.00656703 0.0128722 0.0100815 0.00515816 0.0142043 0.00878106 0.00656703 0.0147465 0.00741987 0.00833856 0.0142043 0.00878106 0.00656703 0.015627391520482897 0.00786836 0.00497188 0.0106021 0.0130877 0.00764289 0.0114087 0.0138141 0.00980987 0.00255816 0.00114621 0.00710047 0.00232622 0.00341988 0.00624313 0.0138166 0.0150889 0.00444539 0.011736 0.016035954520482898 0.00405254 0.0138166 0.0150889 0.00444539 0.0158488575204829 0.0143084 0.00535659 0.0138166 0.0150889 0.00444539 0.0148598 0.0172021845204829 0.00485025 0.000265837 0.00514675 0.0032108 -0.0020855345204828994 0.00466757 0.0026714 0.000596411 0.0117735 0.00480197 -0.00040373452048289896 0.0129066 0.00285924 0.000596411 0.0117735 0.00480197 0.00259572 0.0131113 0.00478786 0.000596411 0.0117735 0.00480197 0.0018216 0.0105733 0.00310661 0.00487931 0.00937461 0.00280342 0.00522698 0.0073251 0.0040587 0.00487931 0.00937461 0.00280342 0.00542242 0.0116958 0.00257056 0.011736 0.00066532 0.00405254 0.0118559 0.00265954 0.0028569 0.011736 0.00066532 0.00405254 0.0108315 0.00063707 0.00626549 0.00389386 0.013466 0.00280387 0.00259572 0.0131113 0.00478786 0.00389386 0.013466 0.00280387 0.00542242 0.0116958 0.00257056 0.0125126 0.0140022 0.0137814 0.0103195 0.0129423 0.0135931 0.00959524 0.0147618 0.00155384 0.00794846 0.0153104 0.00326511 0.00959524 0.0147618 0.00155384 0.00966264 0.016910784520482898 0.00253213 0.00959524 0.0147618 0.00155384 0.00776734 0.0163150735204829 0.00111534 0.0114087 0.0138141 0.00980987 0.0120431 0.0125817 0.0117104 0.0107363 0.00464063 0.0140857 0.0132164 0.00464896 0.0142442 0.0107363 0.00464063 0.0140857 0.0119641 0.0066168 0.0141512 0.00204686 0.00637336 0.00117652 0.00417548 0.00707696 0.00185079 0.0137165 0.00929045 0.00956968 0.0137968 0.00708503 0.0105313 0.0137165 0.00929045 0.00956968 0.0147465 0.00741987 0.00833856 0.00709482 0.0119501 0.0142682 0.0068171 0.0116391 0.0119993 0.00709482 0.0119501 0.0142682 0.0078991 0.0141693 0.0141394 0.00522698 0.0073251 0.0040587 0.00488582 0.00666235 0.00631211 0.00522698 0.0073251 0.0040587 0.00676824 0.0091283 0.00445074 0.00522698 0.0073251 0.0040587 0.00417548 0.00707696 0.0018507899999999997 0.00522698 0.0073251 0.0040587 0.00670747 0.00583542 0.00290594 0.0068171 0.0116391 0.0119993 0.00760919 0.0117553 0.00983223 0.0119203 0.00429212 0.00786969 0.0106172 0.0061586 0.00884653 0.0119203 0.00429212 0.00786969 0.0140576 0.00533103 0.00758861 0.0119203 0.00429212 0.00786969 0.0114463 0.00207711 0.00861686 0.0119203 0.00429212 0.00786969 0.012717 0.00497249 0.00564253 0.0119203 0.00429212 0.00786969 0.0137817 0.00307043 0.00676854 0.00527292 0.00713916 0.00961492 0.00352808 0.00641109 0.00817625 0.0106172 0.0061586 0.00884653 0.0113986 0.00787863 0.0104791 0.0106172 0.0061586 0.00884653 0.008276 0.00645263 0.00919447 0.0106172 0.0061586 0.00884653 0.00988032 0.00569896 0.0111818 0.00787271 0.0090787 0.0125727 0.009053 0.0079031 0.0109555 0.012392 0.0035215 0.0102817 0.0114463 0.00207711 0.00861686 0.012392 0.0035215 0.0102817 0.0134051 0.00505072 0.0118767 0.000478223 0.0143084 0.00535659 0.00185793 0.0139856 0.00720806 0.000478223 0.0143084 0.00535659 0.00259572 0.0131113 0.00478786 0.00300831 0.00642562 0.010603 0.00352808 0.00641109 0.00817625 0.00300831 0.00642562 0.010603 0.00429788 0.00460278 0.00953474 0.00488582 0.00666235 0.00631211 0.00352808 0.00641109 0.00817625 0.00488582 0.00666235 0.00631211 0.00404456 0.00864856 0.00752236 0.0140576 0.00533103 0.00758861 0.012717 0.00497249 0.00564253 0.0140576 0.00533103 0.00758861 0.0147465 0.00741987 0.00833856 0.0140576 0.00533103 0.00758861 0.0137817 0.00307043 0.00676854 0.00352808 0.00641109 0.00817625 0.00404456 0.00864856 0.00752236 0.00352808 0.00641109 0.00817625 0.00429788 0.00460278 0.00953474 0.00541196 0.00333014 0.00665278 0.00547061 0.00220868 0.00452783 0.00150798 0.00130126 0.00109445 0.00132069 0.000897655 0.00340791 0.00150798 0.00130126 0.00109445 -0.00018173452048290007 0.00300748 0.00131104 0.00404456 0.00864856 0.00752236 0.002976 0.010311 0.00605346 0.00647566 0.00104766 0.0108102 0.0041845 0.000270788 0.0112352 0.0137968 0.00708503 0.0105313 0.0134051 0.00505072 0.0118767 0.0137968 0.00708503 0.0105313 0.0147465 0.00741987 0.00833856 0.00730094 0.00931706 0.010022 0.009053 0.0079031 0.0109555 0.00730094 0.00931706 0.010022 0.00760919 0.0117553 0.00983223 0.009053 0.0079031 0.0109555 0.0113986 0.00787863 0.0104791 0.009053 0.0079031 0.0109555 0.008276 0.00645263 0.00919447 0.009053 0.0079031 0.0109555 0.00988032 0.00569896 0.0111818 0.00308504 0.00529079 0.0142464 0.00151112 0.00661975 0.013202 0.00308504 0.00529079 0.0142464 0.0007786429999999999 0.0044607 0.0142257 0.00358764 0.0043882 0.00196482 0.00390924 0.00208158 0.00278571 0.00151112 0.00661975 0.013202 0.000778643 0.0044607 0.0142257 0.00151112 0.00661975 0.013202 -0.00028723452048289846 0.00832007 0.0133538 0.00185793 0.0139856 0.00720806 0.00358932 0.0124559 0.00693932 0.00185793 0.0139856 0.00720806 0.00126161 0.0116434 0.00723613 0.00358932 0.0124559 0.00693932 0.002976 0.010311 0.00605346 0.00358932 0.0124559 0.00693932 0.00259572 0.0131113 0.00478786 0.00358932 0.0124559 0.00693932 0.0012616099999999998 0.0116434 0.00723613 0.0055355 0.000255031 0.0029715 0.00794846 -6.023452048289842e-05 0.00326511 0.0055355 0.000255031 0.0029715 0.00547061 0.00220868 0.00452783 0.0055355 0.000255031 0.0029715 0.00390924 0.00208158 0.00278571 0.0118559 0.00265954 0.0028569 0.00966264 0.00154015 0.00253213 0.0118559 0.00265954 0.0028569 0.0132851 0.00466757 0.0026714 0.0118559 0.00265954 0.0028569 0.0112204 0.00325932 0.00515858 0.002976 0.010311 0.00605346 0.00126161 0.0116434 0.00723613 0.00794846 0.0153104 0.00326511 0.00966264 0.016910784520482898 0.00253213 0.00794846 0.0153104 0.00326511 0.00776734 0.0163150735204829 0.0011153400000000003 0.00794846 0.0153104 0.00326511 0.00687735 0.0143408 0.00513623 0.00966264 0.00154015 0.00253213 0.00776734 0.000944439 0.00111534 0.008276 0.00645263 0.00919447 0.00817881 0.00822097 0.00753351 0.0134051 0.00505072 0.0118767 0.0132164 0.00464896 0.0142442 0.000727052 0.00813109 0.00273617 0.000256757 0.00786836 0.00497188 0.0132164 0.00464896 0.0142442 0.0119641 0.0066168 0.0141512 0.00547061 0.00220868 0.00452783 0.00390924 0.00208158 0.00278571 0.012717 0.00497249 0.00564253 0.0137817 0.00307043 0.00676854 0.012717 0.00497249 0.00564253 0.0112204 0.00325932 0.00515858 0.00760919 0.0117553 0.00983223 0.00757262 0.0105256 0.00773959 0.00757262 0.0105256 0.00773959 0.00817881 0.00822097 0.00753351 0.00899819 0.00313438 0.00595921 0.0112204 0.00325932 0.00515858</DataArray>
</Points>
<Lines>
<DataArray type="Int64" Name="connectivity" NumberOfComponents="1" format="ascii">0 1 2 3 4 5 6 7 8 9 10 11 12 13 14 15 16 17 18 19 20 21 22 23 24 25 26 27 28 29 30 31 32 33 34 35 36 37 38 39 40 41 42 43 44 45 46 47 48 49 50 51 52 53 54 55 56 57 58 59 60 61 62 63 64 65 66 67 68 69 70 71 72 73 74 75 76 77 78 79 80 81 82 83 84 85 86 87 88 89 90 91 92 93 94 95 96 97 98 99 100 101 102 103 104 105 106 107 108 109 110 111 112 113 114 115 116 117 118 119 120 121 122 123 124 125 126 127 128 129 130 131 132 133 134 135 136 137 138 139 140 141 142 143 144 145 146 147 148 149 150 151 152 153 154 155 156 157 158 159 160 161 162 163 164 165 166 167 168 169 170 171 172 173 174 175 176 177 178 179 180 181 182 183 184 185 186 187 188 189 190 191 192 193 194 195 196 197 198 199 200 201 202 203 204 205 206 207 208 209 210 211 212 213 214 215 216 217 218 219 220 221 222 223 224 225 226 227 228 229 230 231 232 233 234 235 236 237 238 239 240 241 242 243 244 245 246 247 248 249 250 251 252 253 254 255 256 257 258 259 260 261 262 263 264 265 266 267 268 269 270 271 272 273 274 275 276 277 278 279 280 281 282 283 284 285 286 287 288 289 290 291 292 293 294 295 296 297 298 299 300 301 302 303 304 305 306 307 308 309 310 311 312 313 314 315 316 317 318 319 320 321 322 323 324 325 326 327 328 329 330 331 332 333 334 335 336 337 338 339 340 341 342 343 344 345 346 347 348 349 350 351 352 353 354 355 356 357 358 359 360 361 362 363 364 365 366 367 368 369 370 371 372 373 374 375 376 377 378 379 380 381 382 383 384 385 386 387 388 389 390 391 392 393 394 395 396 397 398 399 400 401 402 403 404 405 406 407 408 409 410 411 412 413 414 415 416 417 418 419 420 421 422 423 424 425 426 427 428 429 430 431 432 433 434 435 436 437 438 439 440 441 442 443 444 445 446 447 448 449 450 451 452 453 454 455 456 457 458 459 460 461 462 463 464 465 466 467 468 469 470 471 472 473 474 475 476 477 478 479 480 481 482 483 484 485 486 487 488 489 490 491 492 493 494 495 496 497 498 499 500 501 502 503 504 505 506 507 508 509 510 511 512 513 514 515 516 517 518 519 520 521 522 523 524 525 526 527 528 529 530 531 532 533 534 535 536 537 538 539 540 541 542 543 544 545 546 547 548 549 550 551 552 553 554 555 556 557 558 559 560 561 562 563 564 565 566 567 568 569 570 571 572 573 574 575 576 577 578 579 580 581 582 583 584 585 586 587 588 589 590 591 592 593 594 595 596 597 598 599 600 601 602 603 604 605 606 607 608 609 610 611 612 613 614 615 616 617 618 619 620 621 622 623 624 625 626 627 628 629 630 631 632 633 634 635 636 637 638 639 640 641 642 643 644 645 646 647 648 649 650 651 652 653 654 655 656 657 658 659 660 661 662 663 664 665 666 667 668 669 670 671 672 673 674 675 676 677 678 679 680 681 682 683 684 685 686 687 688 689 690 691 692 693 694 695 696 697 698 699 700 701 702 703 704 705 706 707 708 709 710 711 712 713 714 715 716 717 718 719 720 721 722 723 724 725 726 727 728 729 730 731 732 733 734 735 736 737 738 739 740 741 742 743 744 745 746 747 748 749 750 751 752 753 754 755 756 757 758 759 760 761 762 763 764 765 766 767 768 769 770 771 772 773 774 775 776 777 778 779 780 781 782 783 784 785 786 787 788 789 790 791 792 793 794 795 796 797 798 799 800 801 802 803 804 805 806 807 808 809 810 811 812 813 814 815 816 817 818 819 820 821 822 823 824 825 826 827 828 829 830 831 832 833 834 835 836 837 838 839 840 841 842 843 844 845 846 847 848 849 850 851 852 853 854 855 856 857 858 859 860 861 862 863 864 865 866 867 868 869 870 871 872 873 874 875 876 877 878 879 880 881 882 883 884 885 886 887 888 889 890 891 892 893 894 895 896 897 898 899 900 901 902 903 904 905 906 907 908 909 910 911 912 913 914 915 916 917 918 919 920 921 922 923 924 925 926 927 928 929 930 931 932 933 934 935 936 937 938 939 940 941 942 943 944 945 946 947 948 949 950 951 952 953 954 955 956 957 958 959 960 961 962 963 964 965 966 967 968 969 970 971 972 973 974 975 976 977 978 979 980 981 982 983 984 985 986 987 988 989 990 991 992 993 994 995 996 997 998 999 1000 1001 1002 1003 1004 1005 1006 1007 1008 1009 1010 1011 1012 1013 1014 1015 1016 1017 1018 1019 1020 1021 1022 1023 1024 1025 1026 1027 1028 1029 1030 1031 1032 1033 1034 1035 1036 1037 1038 1039 1040 1041 1042 1043 1044 1045 1046 1047 1048 1049 1050 1051 1052 1053 1054 1055 1056 1057 1058 1059 1060 1061 1062 1063 1064 1065 1066 1067 1068 1069 1070 1071 1072 1073 1074 1075 1076 1077 1078 1079 1080 1081 1082 1083 1084 1085 1086 1087 1088 1089 1090 1091 1092 1093 1094 1095 1096 1097 1098 1099 1100 1101 1102 1103 1104 1105 1106 1107 1108 1109 1110 1111 1112 1113 1114 1115 1116 1117 1118 1119 1120 1121 1122 1123 1124 1125 1126 1127 1128 1129 1130 1131 1132 1133 1134 1135 1136 1137 1138 1139 1140 1141 1142 1143 1144 1145 1146 1147 1148 1149 1150 1151 1152 1153 1154 1155 1156 1157 1158 1159 1160 1161 1162 1163 1164 1165 1166 1167 1168 1169 1170 1171 1172 1173 1174 1175 1176 1177 1178 1179 1180 1181 1182 1183 1184 1185 1186 1187 1188 1189 1190 1191 1192 1193 1194 1195 1196 1197 1198 1199 1200 1201 1202 1203 1204 1205 1206 1207 1208 1209 1210 1211 1212 1213 1214 1215 1216 1217 1218 1219 1220 1221 1222 1223 1224 1225 1226 1227 1228 1229 1230 1231 1232 1233 1234 1235 1236 1237 1238 1239 1240 1241 1242 1243 1244 1245 1246 1247 1248 1249 1250 1251 1252 1253 1254 1255 1256 1257 1258 1259 1260 1261 1262 1263 1264 1265 1266 1267 1268 1269 1270 1271 1272 1273 1274 1275 1276 1277 1278 1279 1280 1281 1282 1283 1284 1285 1286 1287 1288 1289 1290 1291 1292 1293 1294 1295 1296 1297 1298 1299 1300 1301 1302 1303 1304 1305 1306 1307 1308 1309 1310 1311 1312 1313 1314 1315 1316 1317 1318 1319 1320 1321 1322 1323 1324 1325 1326 1327 1328 1329 1330 1331 1332 1333 1334 1335 1336 1337 1338 1339 1340 1341 1342 1343 1344 1345 1346 1347 1348 1349 1350 1351 1352 1353 1354 1355 1356 1357 1358 1359 1360 1361 1362 1363 1364 1365 1366 1367 1368 1369 1370 1371 1372 1373 1374 1375 1376 1377 1378 1379 1380 1381 1382 1383 1384 1385 1386 1387 1388 1389 1390 1391 1392 1393 1394 1395 1396 1397 1398 1399 1400 1401 1402 1403 1404 1405 1406 1407 1408 1409 1410 1411 1412 1413 1414 1415 1416 1417 1418 1419 1420 1421 1422 1423 1424 1425 1426 1427 1428 1429 1430 1431 1432 1433 1434 1435 1436 1437 1438 1439 1440 1441 1442 1443 1444 1445 1446 1447 1448 1449 1450 1451 1452 1453 1454 1455 1456 1457 1458 1459 1460 1461 1462 1463 1464 1465 1466 1467 1468 1469 1470 1471 1472 1473 1474 1475 1476 1477 1478 1479 1480 1481 1482 1483 1484 1485 1486 1487 1488 1489 1490 1491 1492 1493 1494 1495 1496 1497 1498 1499 1500 1501 1502 1503 1504 1505 1506 1507 1508 1509 1510 1511 1512 1513 1514 1515 1516 1517 1518 1519 1520 1521 1522 1523 1524 1525 1526 1527 1528 1529 1530 1531 1532 1533 1534 1535 1536 1537 1538 1539 1540 1541 1542 1543 1544 1545 1546 1547 1548 1549 1550 1551 1552 1553 1554 1555 1556 1557 1558 1559 1560 1561 1562 1563 1564 1565 1566 1567 1568 1569 1570 1571 1572 1573 1574 1575 1576 1577 1578 1579 1580 1581 1582 1583 1584 1585 1586 1587 1588 1589 1590 1591 1592 1593 1594 1595 1596 1597 1598 1599 1600 1601 1602 1603 1604 1605 1606 1607 1608 1609 1610 1611 1612 1613 1614 1615 1616 1617 1618 1619 1620 1621 1622 1623 1624 1625 1626 1627 1628 1629 1630 1631 1632 1633 1634 1635 1636 1637 1638 1639 1640 1641 1642 1643 1644 1645 1646 1647 1648 1649 1650 1651 1652 1653 1654 1655 1656 1657 1658 1659 1660 1661 1662 1663 1664 1665 1666 1667 1668 1669 1670 1671 1672 1673 1674 1675 1676 1677 1678 1679 1680 1681 1682 1683 1684 1685 1686 1687 1688 1689 1690 1691 1692 1693 1694 1695 1696 1697 1698 1699 1700 1701 1702 1703 1704 1705 1706 1707 1708 1709 1710 1711 1712 1713 1714 1715 1716 1717 1718 1719 1720 1721 1722 1723 1724 1725 1726 1727 1728 1729 1730 1731 1732 1733 1734 1735 1736 1737 1738 1739 1740 1741 1742 1743 1744 1745 1746 1747 1748 1749 1750 1751 1752 1753 1754 1755 1756 1757 1758 1759 1760 1761 1762 1763 1764 1765 1766 1767 1768 1769 1770 1771 1772 1773 1774 1775 1776 1777 1778 1779 1780 1781 1782 1783 1784 1785 1786 1787 1788 1789 1790 1791 1792 1793 1794 1795 1796 1797 1798 1799 1800 1801 1802 1803 1804 1805 1806 1807 1808 1809 1810 1811 1812 1813 1814 1815 1816 1817 1818 1819 1820 1821 1822 1823 1824 1825 1826 1827 1828 1829 1830 1831 1832 1833 1834 1835 1836 1837 1838 1839 1840 1841 1842 1843 1844 1845 1846 1847 1848 1849 1850 1851 1852 1853 1854 1855 1856 1857 1858 1859 1860 1861 1862 1863 1864 1865 1866 1867 1868 1869 1870 1871 1872 1873 1874 1875 1876 1877 1878 1879 1880 1881 1882 1883 1884 1885 1886 1887 1888 1889 1890 1891 1892 1893 1894 1895 1896 1897 1898 1899 1900 1901 1902 1903 1904 1905 1906 1907 1908 1909 1910 1911 1912 1913 1914 1915 1916 1917 1918 1919 1920 1921 1922 1923 1924 1925 1926 1927 1928 1929 1930 1931 1932 1933 1934 1935 1936 1937 1938 1939 1940 1941 1942 1943 1944 1945 1946 1947 1948 1949 1950 1951 1952 1953 1954 1955 1956 1957 1958 1959 1960 1961 1962 1963 1964 1965 1966 1967 1968 1969 1970 1971 1972 1973 1974 1975 1976 1977 1978 1979 1980 1981 1982 1983 1984 1985 1986 1987 1988 1989 1990 1991 1992 1993 1994 1995 1996 1997 1998 1999 2000 2001 2002 2003 2004 2005 2006 2007 2008 2009 2010 2011 2012 2013 2014 2015 2016 2017 2018 2019 2020 2021 2022 2023 2024 2025 2026 2027 2028 2029 2030 2031 2032 2033 2034 2035 2036 2037 2038 2039 2040 2041 2042 2043 2044 2045 2046 2047 2048 2049 2050 2051 2052 2053 2054 2055 2056 2057 2058 2059 2060 2061 2062 2063 2064 2065 2066 2067 2068 2069 2070 2071 2072 2073 2074 2075 2076 2077 2078 2079 2080 2081 2082 2083 2084 2085 2086 2087 2088 2089 2090 2091 2092 2093 2094 2095 2096 2097 2098 2099 2100 2101 2102 2103 2104 2105 2106 2107 2108 2109 2110 2111 2112 2113 2114 2115 2116 2117 2118 2119 2120 2121 2122 2123 2124 2125 2126 2127 2128 2129 2130 2131 2132 2133 2134 2135 2136 2137 2138 2139 2140 2141 2142 2143 2144 2145 2146 2147 2148 2149 2150 2151 2152 2153 2154 2155 2156 2157 2158 2159 2160 2161 2162 2163 2164 2165 2166 2167 2168 2169 2170 2171 2172 2173 2174 2175 2176 2177 2178 2179 2180 2181 2182 2183 2184 2185 2186 2187 2188 2189 2190 2191 2192 2193 2194 2195 2196 2197 2198 2199 2200 2201 2202 2203 2204 2205 2206 2207 2208 2209 2210 2211 2212 2213 2214 2215 2216 2217 2218 2219 2220 2221 2222 2223 2224 2225 2226 2227 2228 2229 2230 2231 2232 2233 2234 2235 2236 2237 2238 2239 2240 2241 2242 2243 2244 2245 2246 2247 2248 2249 2250 2251 2252 2253 2254 2255 2256 2257 2258 2259 2260 2261 2262 2263 2264 2265 2266 2267 2268 2269 2270 2271 2272 2273 2274 2275 2276 2277 2278 2279 2280 2281 2282 2283 2284 2285 2286 2287 2288 2289 2290 2291 2292 2293 2294 2295 2296 2297 2298 2299 2300 2301 2302 2303 2304 2305 2306 2307 2308 2309 2310 2311 2312 2313 2314 2315 2316 2317 2318 2319 2320 2321 2322 2323 2324 2325 2326 2327 2328 2329 2330 2331 2332 2333 2334 2335 2336 2337 2338 2339 2340 2341 2342 2343 2344 2345 2346 2347 2348 2349 2350 2351 2352 2353 2354 2355 2356 2357 2358 2359 2360 2361 2362 2363 2364 2365 2366 2367 2368 2369 2370 2371 2372 2373 2374 2375 2376 2377 2378 2379 2380 2381 2382 2383 2384 2385 2386 2387 2388 2389 2390 2391 2392 2393 2394 2395 2396 2397 2398 2399 2400 2401 2402 2403 2404 2405 2406 2407 2408 2409 2410 2411 2412 2413 2414 2415 2416 2417 2418 2419 2420 2421 2422 2423 2424 2425 2426 2427 2428 2429 2430 2431 2432 2433 2434 2435 2436 2437 2438 2439 2440 2441 2442 2443 2444 2445 2446 2447 2448 2449 2450 2451 2452 2453 2454 2455 2456 2457 2458 2459 2460 2461 2462 2463 2464 2465 2466 2467 2468 2469 2470 2471 2472 2473 2474 2475 2476 2477 2478 2479 2480 2481 2482 2483 2484 2485 2486 2487 2488 2489 2490 2491 2492 2493 2494 2495 2496 2497 2498 2499 2500 2501 2502 2503 2504 2505 2506 2507 2508 2509 2510 2511 2512 2513 2514 2515 2516 2517 2518 2519 2520 2521 2522 2523 2524 2525 2526 2527 2528 2529 2530 2531 2532 2533 2534 2535 2536 2537 2538 2539 2540 2541 2542 2543 2544 2545 2546 2547 2548 2549 2550 2551 2552 2553 2554 2555 2556 2557 2558 2559 2560 2561 2562 2563 2564 2565 2566 2567 2568 2569 2570 2571 2572 2573 2574 2575 2576 2577 2578 2579 2580 2581 2582 2583 2584 2585 2586 2587 2588 2589 2590 2591 2592 2593 2594 2595 2596 2597 2598 2599 2600 2601 2602 2603 2604 2605 2606 2607 2608 2609 2610 2611 2612 2613 2614 2615 2616 2617 2618 2619 2620 2621 2622 2623 2624 2625 2626 2627 2628 2629 2630 2631 2632 2633 2634 2635 2636 2637 2638 2639 2640 2641 2642 2643 2644 2645 2646 2647 2648 2649 2650 2651 2652 2653 2654 2655 2656 2657 2658 2659 2660 2661 2662 2663 2664 2665 2666 2667 2668 2669 2670 2671 2672 2673 2674 2675 2676 2677 2678 2679 2680 2681 2682 2683 2684 2685</DataArray>
<DataArray type="Int64" Name="offsets" NumberOfComponents="1" format="ascii">2 4 6 8 10 12 14 16 18 20 22 24 26 28 30 32 34 36 38 40 42 44 46 48 50 52 54 56 58 60 62 64 66 68 70 72 74 76 78 80 82 84 86 88 90 92 94 96 98 100 102 104 106 108 110 112 114 116 118 120 122 124 126 128 130 132 134 136 138 140 142 144 146 148 150 152 154 156 158 160 162 164 166 168 170 172 174 176 178 180 182 184 186 188 190 192 194 196 198 200 202 204 206 208 210 212 214 216 218 220 222 224 226 228 230 232 234 236 238 240 242 244 246 248 250 252 254 256 258 260 262 264 266 268 270 272 274 276 278 280 282 284 286 288 290 292 294 296 298 300 302 304 306 308 310 312 314 316 318 320 322 324 326 328 330 332 334 336 338 340 342 344 346 348 350 352 354 356 358 360 362 364 366 368 370 372 374 376 378 380 382 384 386 388 390 392 394 396 398 400 402 404 406 408 410 412 414 416 418 420 422 424 426 428 430 432 434 436 438 440 442 444 446 448 450 452 454 456 458 460 462 464 466 468 470 472 474 476 478 480 482 484 486 488 490 492 494 496 498 500 502 504 506 508 510 512 514 516 518 520 522 524 526 528 530 532 534 536 538 540 542 544 546 548 550 552 554 556 558 560 562 564 566 568 570 572 574 576 578 580 582 584 586 588 590 592 594 596 598 600 602 604 606 608 610 612 614 616 618 620 622 624 626 628 630 632 634 636 638 640 642 644 646 648 650 652 654 656 658 660 662 664 666 668 670 672 674 676 678 680 682 684 686 688 690 692 694 696 698 700 702 704 706 708 710 712 714 716 718 720 722 724 726 728 730 732 734 736 738 740 742 744 746 748 750 752 754 756 758 760 762 764 766 768 770 772 774 776 778 780 782 784 786 788 790 792 794 796 798 800 802 804 806 808 810 812 814 816 818 820 822 824 826 828 830 832 834 836 838 840 842 844 846 848 850 852 854 856 858 860 862 864 866 868 870 872 874 876 878 880 882 884 886 888 890 892 894 896 898 900 902 904 906 908 910 912 914 916 918 920 922 924 926 928 930 932 934 936 938 940 942 944 946 948 950 952 954 956 958 960 962 964 966 968 970 972 974 976 978 980 982 984 986 988 990 992 994 996 998 1000 1002 1004 1006 1008 1010 1012 1014 1016 1018 1020 1022 1024 1026 1028 1030 1032 1034 1036 1038 1040 1042 1044 1046 1048 1050 1052 1054 1056 1058 1060 1062 1064 1066 1068 1070 1072 1074 1076 1078 1080 1082 1084 1086 1088 1090 1092 1094 1096 1098 1100 1102 1104 1106 1108 1110 1112 1114 1116 1118 1120 1122 1124 1126 1128 1130 1132 1134 1136 1138 1140 1142 1144 1146 1148 1150 1152 1154 1156 1158 1160 1162 1164 1166 1168 1170 1172 1174 1176 1178 1180 1182 1184 1186 1188 1190 1192 1194 1196 1198 1200 1202 1204 1206 1208 1210 1212 1214 1216 1218 1220 1222 1224 1226 1228 1230 1232 1234 1236 1238 1240 1242 1244 1246 1248 1250 1252 1254 1256 1258 1260 1262 1264 1266 1268 1270 1272 1274 1276 1278 1280 1282 1284 1286 1288 1290 1292 1294 1296 1298 1300 1302 1304 1306 1308 1310 1312 1314 1316 1318 1320 1322 1324 1326 1328 1330 1332 1334 1336 1338 1340 1342 1344 1346 1348 1350 1352 1354 1356 1358 1360 1362 1364 1366 1368 1370 1372 1374 1376 1378 1380 1382 1384 1386 1388 1390 1392 1394 1396 1398 1400 1402 1404 1406 1408 1410 1412 1414 1416 1418 1420 1422 1424 1426 1428 1430 1432 1434 1436 1438 1440 1442 1444 1446 1448 1450 1452 1454 1456 1458 1460 1462 1464 1466 1468 1470 1472 1474 1476 1478 1480 1482 1484 1486 1488 1490 1492 1494 1496 1498 1500 1502 1504 1506 1508 1510 1512 1514 1516 1518 1520 1522 1524 1526 1528 1530 1532 1534 1536 1538 1540 1542 1544 1546 1548 1550 1552 1554 1556 1558 1560 1562 1564 1566 1568 1570 1572 1574 1576 1578 1580 1582 1584 1586 1588 1590 1592 1594 1596 1598 1600 1602 1604 1606 1608 1610 1612 1614 1616 1618 1620 1622 1624 1626 1628 1630 1632 1634 1636 1638 1640 1642 1644 1646 1648 1650 1652 1654 1656 1658 1660 1662 1664 1666 1668 1670 1672 1674 1676 1678 1680 1682 1684 1686 1688 1690 1692 1694 1696 1698 1700 1702 1704 1706 1708 1710 1712 1714 1716 1718 1720 1722 1724 1726 1728 1730 1732 1734 1736 1738 1740 1742 1744 1746 1748 1750 1752 1754 1756 1758 1760 1762 1764 1766 1768 1770 1772 1774 1776 1778 1780 1782 1784 1786 1788 1790 1792 1794 1796 1798 1800 1802 1804 1806 1808 1810 1812 1814 1816 1818 1820 1822 1824 1826 1828 1830 1832 1834 1836 1838 1840 1842 1844 1846 1848 1850 1852 1854 1856 1858 1860 1862 1864 1866 1868 1870 1872 1874 1876 1878 1880 1882 1884 1886 1888 1890 1892 1894 1896 1898 1900 1902 1904 1906 1908 1910 1912 1914 1916 1918 1920 1922 1924 1926 1928 1930 1932 1934 1936 1938 1940 1942 1944 1946 1948 1950 1952 1954 1956 1958 1960 1962 1964 1966 1968 1970 1972 1974 1976 1978 1980 1982 1984 1986 1988 1990 1992 1994 1996 1998 2000 2002 2004 2006 2008 2010 2012 2014 2016 2018 2020 2022 2024 2026 2028 2030 2032 2034 2036 2038 2040 2042 2044 2046 2048 2050 2052 2054 2056 2058 2060 2062 2064 2066 2068 2070 2072 2074 2076 2078 2080 2082 2084 2086 2088 2090 2092 2094 2096 2098 2100 2102 2104 2106 2108 2110 2112 2114 2116 2118 2120 2122 2124 2126 2128 2130 2132 2134 2136 2138 2140 2142 2144 2146 2148 2150 2152 2154 2156 2158 2160 2162 2164 2166 2168 2170 2172 2174 2176 2178 2180 2182 2184 2186 2188 2190 2192 2194 2196 2198 2200 2202 2204 2206 2208 2210 2212 2214 2216 2218 2220 2222 2224 2226 2228 2230 2232 2234 2236 2238 2240 2242 2244 2246 2248 2250 2252 2254 2256 2258 2260 2262 2264 2266 2268 2270 2272 2274 2276 2278 2280 2282 2284 2286 2288 2290 2292 2294 2296 2298 2300 2302 2304 2306 2308 2310 2312 2314 2316 2318 2320 2322 2324 2326 2328 2330 2332 2334 2336 2338 2340 2342 2344 2346 2348 2350 2352 2354 2356 2358 2360 2362 2364 2366 2368 2370 2372 2374 2376 2378 2380 2382 2384 2386 2388 2390 2392 2394 2396 2398 2400 2402 2404 2406 2408 2410 2412 2414 2416 2418 2420 2422 2424 2426 2428 2430 2432 2434 2436 2438 2440 2442 2444 2446 2448 2450 2452 2454 2456 2458 2460 2462 2464 2466 2468 2470 2472 2474 2476 2478 2480 2482 2484 2486 2488 2490 2492 2494 2496 2498 2500 2502 2504 2506 2508 2510 2512 2514 2516 2518 2520 2522 2524 2526 2528 2530 2532 2534 2536 2538 2540 2542 2544 2546 2548 2550 2552 2554 2556 2558 2560 2562 2564 2566 2568 2570 2572 2574 2576 2578 2580 2582 2584 2586 2588 2590 2592 2594 2596 2598 2600 2602 2604 2606 2608 2610 2612 2614 2616 2618 2620 2622 2624 2626 2628 2630 2632 2634 2636 2638 2640 2642 2644 2646 2648 2650 2652 2654 2656 2658 2660 2662 2664 2666 2668 2670 2672 2674 2676 2678 2680 2682 2684 2686</DataArray>
</Lines>
</Piece>
</PolyData>
</VTKFile>
