atom_id_i,atom_id_j,high_endpoint_count,conductance_W_K,signed_heat_rate_i_to_j_W,absolute_heat_rate_W,vertical_alignment
1,84,1,2.2274597339129234e-06,0.0,0.0,0.7148619074129714
1,280,2,0.0024909236797631,0.00010292160965380659,0.00010292160965380659,0.47817635923530194
1,439,2,0.0024895028576563728,-9.527501368925977e-05,9.527501368925977e-05,0.34664072298610216
1,492,1,0.00038940754378068696,-7.646595964922605e-06,7.646595964922605e-06,0.22651296304146518
2,6,1,7.552651078299303e-05,-5.589854906853454e-06,5.589854906853454e-06,0.2542265373183735
2,81,0,7.6752169678403e-05,5.251330971912058e-06,5.251330971912058e-06,0.9513633459581574
2,204,0,0.0001257334875965192,-1.1937262355475636e-05,1.1937262355475636e-05,0.9886274000896872
2,209,0,0.00011343991843008559,-8.694635189341317e-07,8.694635189341317e-07,0.30516172601007263
2,236,0,0.00013175430674350677,1.3145249809330885e-05,1.3145249809330885e-05,0.6757550391568379
3,53,0,0.00012453195611582352,-5.187245488377486e-06,5.187245488377486e-06,0.37777532141748027
3,135,0,0.00019034068767981917,-2.2553265624451152e-06,2.2553265624451152e-06,0.03432676361359057
3,210,0,0.00011451279932924378,6.406049853793972e-06,6.406049853793972e-06,0.6901932192919006
3,494,0,0.00021060719154498262,1.0365221970002796e-06,1.0365221970002796e-06,0.4275116065787644
4,356,0,0.00014759330159056614,1.1067628222277499e-05,1.1067628222277499e-05,0.6461350197995122
5,105,0,0.0001729745714425607,-5.351950797050116e-06,5.351950797050116e-06,0.2953660740877629
5,374,0,0.00015823820991066537,9.062791171697318e-06,9.062791171697318e-06,0.5128652612407901
5,475,0,0.00017071454965851107,-5.397396218403253e-06,5.397396218403253e-06,0.3354633321070565
5,500,0,0.00021130967768811466,1.6865558437324714e-06,1.6865558437324714e-06,0.021876968626847317
6,127,1,0.0004172643931694098,-6.965594924290824e-06,6.965594924290824e-06,0.5987126878292682
6,146,1,0.0002521263466289494,2.4834159309137384e-05,2.4834159309137384e-05,0.39396954484110597
6,232,1,0.00042138410990613087,5.124510252936087e-05,5.124510252936087e-05,0.9024422770740669
6,324,2,0.0010724664931525878,-7.470352182121393e-05,7.470352182121393e-05,0.9528295381987968
7,123,2,0.002149837259087041,0.00021560273622948478,0.00021560273622948478,0.5125877064674508
7,146,1,0.00042158576756295664,2.1308883225153228e-05,2.1308883225153228e-05,0.6726482144920906
7,217,2,0.002422265288003488,-0.00024802774832624467,0.00024802774832624467,0.924136680346337
7,260,1,0.0004089380132555141,1.7140036569047444e-05,1.7140036569047444e-05,0.5257777611000783
7,338,1,0.0002862069630992049,-5.9471724508144995e-06,5.9471724508144995e-06,0.5340323699049482
7,496,1,0.00041314496755457536,-7.673524633805674e-08,7.673524633805674e-08,0.11048502630711589
8,171,0,0.00019464657247405452,-4.338633062315986e-06,4.338633062315986e-06,0.07799728360498204
8,273,0,0.000141490537475876,-2.9836285023016695e-06,2.9836285023016695e-06,0.11812449778671452
8,383,0,0.00017850655255021285,-7.0081101783879616e-06,7.0081101783879616e-06,0.4001433971601374
9,81,0,2.2292785504166834e-05,-3.107570246212484e-06,3.107570246212484e-06,0.7309124271925651
9,124,0,2.3760914810253662e-05,3.0862456424910034e-06,3.0862456424910034e-06,0.9546043163241652
9,239,0,1.2316924470549406e-05,2.13246037269985e-08,2.13246037269985e-08,0.057211572499692845
10,23,0,0.0001775706540879637,1.1093516171870715e-05,1.1093516171870715e-05,0.9258526621916668
10,114,0,0.00023709199960089474,-6.488831384996601e-06,6.488831384996601e-06,0.10131345949616742
10,386,0,0.00014793958152283703,-1.202340052775469e-05,1.202340052775469e-05,0.6412321103666746
10,452,0,0.00022102601357991728,7.41871574090644e-06,7.41871574090644e-06,0.37784420931908186
11,42,0,9.332078993158548e-05,3.894635782457204e-06,3.894635782457204e-06,0.7539596643204913
11,271,0,8.095582440754185e-05,-2.0153773805926117e-06,2.0153773805926117e-06,0.04997383726884608
11,482,0,9.427384808551797e-05,-1.879258401852689e-06,1.879258401852689e-06,0.042220250607276286
12,273,0,0.00021374284769766033,-5.422910559652095e-06,5.422910559652095e-06,0.13678963902301938
12,370,0,0.00020178630528164404,-2.9152856313221236e-06,2.9152856313221236e-06,0.12060481237248659
12,383,0,0.00018731718393032095,-8.156492076355835e-06,8.156492076355835e-06,0.41609500909495556
13,263,0,0.00017872808311913816,-6.290734992974423e-06,6.290734992974423e-06,0.3777340247217331
13,346,1,2.1457512584529334e-05,7.976475304958804e-07,7.976475304958804e-07,0.5087344743768462
13,489,0,0.00018428838470083725,5.4930874624736985e-06,5.4930874624736985e-06,0.18939094374850945
14,233,0,0.00017659813456572714,5.20035807461511e-06,5.20035807461511e-06,0.4365350928514545
14,249,0,0.00015184762975861907,-7.88147315448919e-06,7.88147315448919e-06,0.46133746174132295
14,262,0,0.00019726788451938115,-1.5139089351673013e-05,1.5139089351673013e-05,0.7090830220651113
14,270,0,0.00022408343124603417,1.7820204431562355e-05,1.7820204431562355e-05,0.8002092375155467
15,49,0,0.00017665917510057005,1.3544112386670074e-05,1.3544112386670074e-05,0.6248687916082087
15,250,0,0.00019545559589273552,-1.6551174756282726e-05,1.6551174756282726e-05,0.8589526304351115
15,302,0,0.0001757036277308025,-8.647836216687954e-06,8.647836216687954e-06,0.5754765399456842
15,311,0,0.00015138519957292172,1.2000178079861758e-05,1.2000178079861758e-05,0.7441737332385341
15,405,0,0.00013111966169480484,-1.568413752824198e-06,1.568413752824198e-06,0.1704304426599668
15,436,0,0.00021024113638410397,1.2231342593170523e-06,1.2231342593170523e-06,0.0593376572721079
16,86,0,0.00012622116668817412,1.5438425357190016e-06,1.5438425357190016e-06,0.2693145071377028
16,152,0,0.00014580563426279993,-1.2421762781748524e-05,1.2421762781748524e-05,0.8050305928146826
16,330,0,0.0001712720206139574,1.699576534421885e-05,1.699576534421885e-05,0.9211778068296885
16,365,0,0.0001686910151020879,-6.117845098186179e-06,6.117845098186179e-06,0.3562126380872314
17,82,0,0.00019329314623660953,-3.918058275196004e-07,3.918058275196004e-07,0.07890786606193839
17,140,0,0.0001310260783491302,1.451439295488351e-05,1.451439295488351e-05,0.8289171387166828
17,141,0,0.00017397382728062178,1.396740142752943e-05,1.396740142752943e-05,0.7702259867456972
17,419,0,8.065847549201047e-05,-8.69291846523888e-06,8.69291846523888e-06,0.8625959926369657
17,443,0,0.00019431683127371302,-1.3453589976763955e-05,1.3453589976763955e-05,0.39157103222584105
17,448,0,0.00020829011472378074,-5.943480112853365e-06,5.943480112853365e-06,0.4214012222978709
18,65,0,0.00022334679791371478,-1.6848194179442242e-05,1.6848194179442242e-05,0.881287975431886
18,183,0,0.0002574203552157907,5.240172400786328e-08,5.240172400786328e-08,0.027416646574994513
18,266,0,0.0002362836413759006,8.473377290685309e-06,8.473377290685309e-06,0.46745442479829874
18,477,0,0.0002575414067840439,8.322415164727213e-06,8.322415164727213e-06,0.05704058822674794
19,106,0,0.00020039554896699648,2.0954429431315302e-05,2.0954429431315302e-05,0.6522803096646496
19,311,0,0.00023681700994047976,-2.3810291744185438e-05,2.3810291744185438e-05,0.7675426432451266
19,345,0,0.00027151456268913437,-1.0860123214430501e-05,1.0860123214430501e-05,0.37855208282751807
19,456,0,0.00022262851451584768,1.3715985527317098e-05,1.3715985527317098e-05,0.1391621825478259
20,24,0,0.00010231319944324348,3.8930894664593355e-06,3.8930894664593355e-06,0.4406605884029309
20,218,0,0.0001386079429395928,1.2034639193180648e-05,1.2034639193180648e-05,0.9822237117003392
20,349,0,0.0001972372509429356,8.165401924863848e-06,8.165401924863848e-06,0.46549375297618245
20,362,0,0.0002042295738588252,-9.247227137577198e-06,9.247227137577198e-06,0.5578039871015679
20,457,0,0.0001544453323783898,-1.4845903446922111e-05,1.4845903446922111e-05,0.5191079675617117
21,57,0,0.00013189752687805587,-2.648813018239694e-06,2.648813018239694e-06,0.22731023377464687
21,113,0,4.9033240652382424e-05,-1.2450749746833737e-06,1.2450749746833737e-06,0.037772515101606736
21,168,0,0.0001277401380274032,6.2501206926779395e-06,6.2501206926779395e-06,0.5101973660426404
21,335,0,7.792729831347596e-05,-7.289427182746486e-06,7.289427182746486e-06,0.7241893925856446
21,394,0,0.00015687090805388136,1.1504960639668495e-05,1.1504960639668495e-05,0.8019590402059279
21,423,0,0.00015418731759310486,-6.571766156677931e-06,6.571766156677931e-06,0.3586960453788708
22,384,0,0.00010835569419098347,2.2158183103992568e-06,2.2158183103992568e-06,0.23387841795445133
22,424,0,0.0001163717670920747,3.1752062725038927e-06,3.1752062725038927e-06,0.1615841171601931
22,494,0,5.46645552060775e-05,-5.3910245829017675e-06,5.3910245829017675e-06,0.798535273558652
23,49,0,0.0001397344360776027,1.8448594892005872e-06,1.8448594892005872e-06,0.10464583926209907
23,93,0,0.00019609466045284276,1.4974698174311676e-05,1.4974698174311676e-05,0.8115232870745541
23,349,0,0.00017664097473129174,1.311863875072312e-05,1.311863875072312e-05,0.5490118086997041
23,405,0,0.00019394942696170512,-1.4629047529413167e-05,1.4629047529413167e-05,0.36578167472369755
23,452,0,0.00014582465411522736,-4.215632712882623e-06,4.215632712882623e-06,0.30421024432328464
24,52,0,0.00015237196150460992,-7.059041149846797e-06,7.059041149846797e-06,0.5324085207265193
24,218,0,0.00023117447705438285,1.1275379505891207e-05,1.1275379505891207e-05,0.6313715653712276
24,362,0,0.00023094726731574193,-1.924467318273592e-05,1.924467318273592e-05,0.9661727338843529
24,482,0,0.00024347971466701367,1.8921424293175837e-05,1.8921424293175837e-05,0.6578060565200313
25,41,0,4.053402996977261e-06,0.0,0.0,0.7790227544941326
26,247,0,4.578072305121008e-05,-1.3251709083449232e-06,1.3251709083449232e-06,0.13223238046007396
26,341,0,0.00011246395935455027,2.1035451524165413e-06,2.1035451524165413e-06,0.33352171629588506
26,357,0,1.6973968592842035e-05,1.5743978088149747e-06,1.5743978088149747e-06,0.5738833167985482
26,440,0,0.0001169539926414978,-6.410800230170572e-06,6.410800230170572e-06,0.5152170783924089
26,442,0,4.822812885910476e-05,4.058028177274406e-06,4.058028177274406e-06,0.8199543197105981
27,126,0,0.00021752153278462908,1.8046980810465434e-05,1.8046980810465434e-05,0.9185184518825642
27,235,0,0.0002470833610867056,-8.541220079391787e-06,8.541220079391787e-06,0.38045483269225683
27,248,1,0.000537220532417254,-1.9003988592046445e-05,1.9003988592046445e-05,0.6435393730573675
27,429,0,0.00027880803208114494,9.498227860821172e-06,9.498227860821172e-06,0.2686777311160592
28,110,0,0.000104834487722566,-6.076567197373693e-07,6.076567197373693e-07,0.16329980232750696
28,111,0,0.0002892230937639326,1.693934141095591e-05,1.693934141095591e-05,0.27584602602091113
28,154,0,0.00024584386363972574,1.6534006028438224e-05,1.6534006028438224e-05,0.648872653853337
29,88,0,0.00019314962564627225,1.0312229320242681e-05,1.0312229320242681e-05,0.5782157636734162
29,139,0,0.00017832149796191828,-1.4781388211165882e-05,1.4781388211165882e-05,0.7584422041292727
29,337,0,0.00016315242060232487,4.46915889091857e-06,4.46915889091857e-06,0.341550760005869
30,75,0,0.0001169044280476939,8.270263741979718e-06,8.270263741979718e-06,0.9495436921507169
30,264,0,0.00023878505098297106,-1.641874416723876e-05,1.641874416723876e-05,0.3481848286689288
30,357,0,0.0001782201794251769,-2.4372978133720283e-06,2.4372978133720283e-06,0.01839025417713529
30,425,1,0.0004102260266446771,9.966433913029474e-06,9.966433913029474e-06,0.022433120383754484
30,432,0,2.5454393255963323e-05,6.193443255888497e-07,6.193443255888497e-07,0.5156113499409708
31,473,0,9.682458365518543e-08,-5.503840364735051e-21,5.503840364735051e-21,0.2639198276868008
32,228,0,0.00023447129520132634,5.691223092574051e-07,5.691223092574051e-07,0.06957424366531084
32,286,0,0.00023249136361529508,2.7540364089164685e-05,2.7540364089164685e-05,0.7997398226890233
32,287,0,0.00021178031624604295,-1.6971555755536284e-05,1.6971555755536284e-05,0.6036328264125158
32,495,0,0.00024551816283717925,-1.113793064285537e-05,1.113793064285537e-05,0.4343101802020193
33,263,0,0.00013469042076570326,-9.824354446624474e-06,9.824354446624474e-06,0.6664754465258915
33,268,0,0.0001747642626930126,6.341900973530546e-06,6.341900973530546e-06,0.7026068220427463
33,367,0,0.00013829159907349092,-3.947096631534646e-06,3.947096631534646e-06,0.21078049504285493
33,404,0,0.00010831028645626031,7.429550104611132e-06,7.429550104611132e-06,0.6264488754930619
34,247,0,0.00014456434287935064,-1.0262767403565742e-05,1.0262767403565742e-05,0.5616916110593136
34,357,0,0.00012365806523905452,6.270541044992515e-06,6.270541044992515e-06,0.1628050525303911
34,444,0,0.00015074765610626032,3.99222635859349e-06,3.99222635859349e-06,0.3891478848823524
35,79,0,1.2189891924728888e-06,-6.929151325453454e-20,6.929151325453454e-20,0.16133375952253162
35,186,0,9.258200997725515e-08,4.210142377690097e-20,4.210142377690097e-20,0.20182398497213863
36,100,2,0.0021573122489519218,-0.00022102708121033918,0.00022102708121033918,0.8926563406830098
36,289,1,0.00015901281144394894,-9.885832441815764e-06,9.885832441815764e-06,0.504458915765067
36,447,1,0.0002647092260550005,-8.123220360332971e-06,8.123220360332971e-06,0.24590991692122083
37,167,0,8.695363987458857e-05,-2.9108211527536976e-07,2.9108211527536976e-07,0.17121174220236046
37,254,0,0.00018075768889659293,-1.8764198091273696e-05,1.8764198091273696e-05,0.9855043913932282
37,289,0,8.954980681060068e-05,-4.597238744560179e-06,4.597238744560179e-06,0.48137554653595455
38,80,0,0.00013969340194959777,-2.372309551862784e-06,2.372309551862784e-06,0.4216063654427783
38,131,0,6.472083567332294e-05,7.442404868615651e-06,7.442404868615651e-06,0.7811341006117075
38,215,1,0.000363105786148042,-4.014120176052283e-05,4.014120176052283e-05,0.9808286036390279
38,253,0,0.00020060108518782466,1.57190081062694e-05,1.57190081062694e-05,0.3829045093468594
38,364,0,0.00021528831011003225,1.935209833741556e-05,1.935209833741556e-05,0.5803384732736075
39,45,0,9.022705951785956e-05,9.109618897077843e-08,9.109618897077843e-08,0.17448528198717125
39,159,0,0.00013195800960908913,-9.116190168297856e-07,9.116190168297856e-07,0.0923439704373802
39,249,0,0.00015450531554145902,1.1030433862572214e-05,1.1030433862572214e-05,0.7245120606362377
39,413,0,0.0001529424863504238,-1.0781725936080327e-05,1.0781725936080327e-05,0.7939753447018785
39,462,0,0.00016271646409757776,5.718149013426294e-07,5.718149013426294e-07,0.08383772469300835
40,68,0,1.1464243510460918e-05,6.708745426502884e-07,6.708745426502884e-07,0.7429535921030359
40,102,0,0.00021710005682144628,-9.83889880843746e-06,9.83889880843746e-06,0.7037432229261711
40,355,0,0.00015364569632474233,-9.494649413604467e-06,9.494649413604467e-06,0.6616040785469929
40,460,0,0.0002635187525324097,1.823221561487315e-05,1.823221561487315e-05,0.4207938794858812
40,492,0,0.0002736894988011209,-9.326950245534515e-06,9.326950245534515e-06,0.4165904391118844
40,497,0,0.00022576003571301708,9.757408310071704e-06,9.757408310071704e-06,0.3139426269474808
41,79,0,8.660254037844388e-08,9.845568954283849e-21,9.845568954283849e-21,0.37299481513208244
41,186,0,9.258200997725515e-08,5.788945769323884e-20,5.788945769323884e-20,0.25617125351530456
42,274,0,7.960559219788628e-05,7.881981830976174e-06,7.881981830976174e-06,0.5723214876998162
42,392,0,9.917705531499833e-05,7.67792475481674e-06,7.67792475481674e-06,0.1687271053232503
42,414,0,0.00012167217959025896,-1.1665270803342552e-05,1.1665270803342552e-05,0.6194975229084477
43,206,0,0.00016378028575782046,-1.0962411722279433e-05,1.0962411722279433e-05,0.5610015363431085
43,258,0,0.00016328253259716843,-4.274503783530318e-06,4.274503783530318e-06,0.3935855626154354
43,490,1,0.0003285401368324318,1.5236915505770204e-05,1.5236915505770204e-05,0.6174807397403543
45,249,0,0.00020269316236199025,1.4266011977911993e-05,1.4266011977911993e-05,0.5861669941394998
45,265,0,0.00019507144382923487,-4.6505767105628717e-07,4.6505767105628717e-07,0.11785385534638945
45,326,0,0.0001813179426476137,-1.2162456208339345e-05,1.2162456208339345e-05,0.9211798529285339
45,358,0,6.107230471607004e-05,-1.5474019094246278e-06,1.5474019094246278e-06,0.26712271418401007
46,178,1,0.0003408730911223216,-1.1253001367704545e-08,1.1253001367704545e-08,0.1800374743435217
46,294,0,0.00019975139420692025,-2.691682169792838e-06,2.691682169792838e-06,0.18468239903015793
46,415,0,0.00025051185964836554,-2.154136056973814e-05,2.154136056973814e-05,0.40083164547493105
48,339,2,0.0018905149467154433,-0.00011390375478435664,0.00011390375478435664,0.7847687654578313
48,379,1,0.00011082937128270832,4.481535621045759e-06,4.481535621045759e-06,0.37660865310570235
48,385,2,0.0017718909121479495,7.080206073129104e-05,7.080206073129104e-05,0.12959650665034175
48,390,1,0.00026497929947810354,4.034581184732721e-06,4.034581184732721e-06,0.1467854862611766
48,432,1,0.0003472613362117007,-1.0612939693516679e-05,1.0612939693516679e-05,0.3968933231662167
48,451,1,0.0004337216506264422,4.519851694067101e-05,4.519851694067101e-05,0.9773749688288601
49,224,0,0.00018333359024108484,1.858840629810244e-05,1.858840629810244e-05,0.9629427954280069
49,351,0,0.00010956535082875896,-3.1994344222025903e-06,3.1994344222025903e-06,0.2792235626680842
50,222,0,0.00014128169853969833,4.103554758206186e-06,4.103554758206186e-06,0.315364548374534
50,284,0,9.316520789461817e-05,9.050547263783693e-06,9.050547263783693e-06,0.9249328263809355
50,347,0,0.00014842418925173836,-6.573258047173747e-06,6.573258047173747e-06,0.35964970011015945
50,392,0,7.426980740124627e-05,-5.268100135428036e-06,5.268100135428036e-06,0.8632057382660129
50,402,0,0.0001532013608825095,-8.39522045273629e-06,8.39522045273629e-06,0.6144838284315428
50,450,0,8.728353295204905e-05,7.0824766135097175e-06,7.0824766135097175e-06,0.6650040285321421
51,317,0,0.0001665932179427417,1.3264045301735501e-05,1.3264045301735501e-05,0.40621636440689873
51,449,0,0.00023782056928369784,1.9872252293306406e-05,1.9872252293306406e-05,0.7060573752266287
52,136,0,0.000188081767370321,3.1803865331011394e-06,3.1803865331011394e-06,0.18649335070352835
52,316,0,0.00019017720384392506,-1.0227066184091413e-05,1.0227066184091413e-05,0.35815718497859167
52,361,0,0.00020679486903451587,1.9509246941008844e-06,1.9509246941008844e-06,0.20958455025923495
52,362,0,5.305948746408737e-05,-1.9632861929478995e-06,1.9632861929478995e-06,0.46168160673457814
53,135,0,0.00021452181642442098,6.393830721788273e-06,6.393830721788273e-06,0.3702680247506702
53,180,0,0.0002449313074049336,1.534881986789784e-05,1.534881986789784e-05,0.20722721441877878
53,376,0,0.0002481657822701559,-2.6929896078040998e-05,2.6929896078040998e-05,0.8717245227055672
54,85,0,0.00019858225493988194,1.5875302329731172e-05,1.5875302329731172e-05,0.7897707368721228
54,109,0,0.00015077678903450677,6.4222706973715775e-06,6.4222706973715775e-06,0.4430017714056034
55,197,0,0.00016305505494495842,-1.4847574043109676e-05,1.4847574043109676e-05,0.6079632818373175
55,216,0,0.0002089058705506946,1.837775319886784e-05,1.837775319886784e-05,0.7669417712194372
55,264,0,0.0002474773763506706,4.092713676831955e-06,4.092713676831955e-06,0.15098050721980816
55,339,1,0.0002946254991981517,2.355250236974337e-05,2.355250236974337e-05,0.764568317570489
55,348,0,0.0002053252759786299,-1.835021820068301e-05,1.835021820068301e-05,0.4651162117357693
55,483,1,0.00033527384835371803,-1.282517700168415e-05,1.282517700168415e-05,0.2222044655632531
56,148,0,0.0002327090949164258,8.673288487423964e-06,8.673288487423964e-06,0.3954948732593614
56,215,1,0.0003255750387130139,-6.559063347329826e-06,6.559063347329826e-06,0.16047149038830505
56,244,0,4.332677794369691e-05,9.780543564060412e-07,9.780543564060412e-07,0.18229455919749868
56,256,0,9.911202691216585e-05,1.6963889060349303e-06,1.6963889060349303e-06,0.14753405512193346
56,356,0,0.00026085442290623453,1.783096747339008e-05,1.783096747339008e-05,0.738864452703019
57,168,0,0.00021398994082143398,1.476760768201133e-05,1.476760768201133e-05,0.7326403632870306
57,265,0,0.00017963588638215865,-1.8626018285848617e-06,1.8626018285848617e-06,0.03803056611877339
57,326,0,0.0002072107835851885,-1.5553818871658776e-05,1.5553818871658776e-05,0.8542229045928883
58,178,2,0.0022034309934036342,0.0002007466396298908,0.0002007466396298908,0.9811731673104724
58,186,1,0.00038928444629242836,-6.562090316404367e-06,6.562090316404367e-06,0.11314418059307511
58,350,1,0.00043515385689948667,-4.4441541167697145e-05,4.4441541167697145e-05,0.621092961213206
58,385,2,0.0013309334369515614,-0.00013697312168674294,0.00013697312168674294,0.722609780731302
58,455,2,0.001123590450016485,-1.2769886458919616e-05,1.2769886458919616e-05,0.27160751899763586
59,393,0,0.0001691600685120629,8.00825524564439e-06,8.00825524564439e-06,0.38720167238697084
59,407,0,0.00018821873933112622,1.1639745857627757e-05,1.1639745857627757e-05,0.2158879852822854
59,418,0,0.00018224636825487785,-1.755682845442769e-05,1.755682845442769e-05,0.8391390066508815
59,449,0,0.00019577403493182136,-2.0911726487702218e-06,2.0911726487702218e-06,0.43296057008341976
60,326,0,0.00017808214061896066,1.7827643410053257e-05,1.7827643410053257e-05,0.6754763518610949
60,368,0,0.00016123338405948858,2.0638421524985327e-06,2.0638421524985327e-06,0.16474459797998076
61,155,0,0.00016628711359736444,7.830010099302907e-06,7.830010099302907e-06,0.2931509025881579
61,156,0,0.00016282495619934166,5.433510678923599e-06,5.433510678923599e-06,0.3433130136149592
61,283,0,9.085480710384069e-05,5.776054694751929e-06,5.776054694751929e-06,0.31417788197281876
61,367,0,0.00013559184660546763,-7.545480173853325e-06,7.545480173853325e-06,0.7304780248789675
61,428,0,0.00017860432668773013,-1.1494095299136021e-05,1.1494095299136021e-05,0.6708670144258262
62,177,0,0.00014892794117081054,5.510950219430006e-06,5.510950219430006e-06,0.31473617263653486
62,202,0,0.00024308687862164847,-8.713678996922718e-06,8.713678996922718e-06,0.34935354600633217
62,420,0,0.0002119178035398388,1.741560394097753e-05,1.741560394097753e-05,0.6197373392097839
62,422,0,0.00020835828308069808,-1.4212875163473905e-05,1.4212875163473905e-05,0.5708338219863885
63,154,0,0.00025087166789268815,1.2849061485769726e-05,1.2849061485769726e-05,0.6932298428515381
63,326,0,0.00021255098350299046,1.7061401453446835e-05,1.7061401453446835e-05,0.7804279593536824
63,413,0,0.00029835550560092033,2.2628123592547466e-05,2.2628123592547466e-05,0.5627371191980877
64,93,0,0.0002164743129835205,4.111652178643425e-06,4.111652178643425e-06,0.011519690086694689
64,106,0,7.369595275240329e-05,1.2052321219793785e-05,1.2052321219793785e-05,0.8234429273209837
64,260,0,0.00014924523550380298,1.1618896896447935e-05,1.1618896896447935e-05,0.7937388482645743
64,311,0,0.00023957089269647166,-9.958287619962322e-06,9.958287619962322e-06,0.5522869572144542
64,338,0,0.000189353145811395,2.870259688394616e-06,2.870259688394616e-06,0.24841280302033183
64,405,0,0.00015583694952984848,-2.0694842363375768e-05,2.0694842363375768e-05,0.9344255128149405
65,211,0,0.00012523476203198794,2.726948233655333e-06,2.726948233655333e-06,0.04374915316683484
65,407,0,0.00017199561751514588,-8.576392337284999e-06,8.576392337284999e-06,0.5787729839187286
65,477,0,0.00017072132719117374,1.8395221310145004e-05,1.8395221310145004e-05,0.6763829498033466
65,497,0,0.00025739898875566544,-2.9393971385932853e-05,2.9393971385932853e-05,0.8933436582521863
66,78,0,9.808104865652553e-05,-4.8079514378834624e-06,4.8079514378834624e-06,0.44367914760795923
66,200,0,8.051670754479874e-05,-4.5265844524223695e-06,4.5265844524223695e-06,0.23121690621401042
66,305,0,9.252945501498533e-05,-3.3236050896213478e-06,3.3236050896213478e-06,0.21780639064623705
66,473,0,0.0001087433883838454,1.2658140979925811e-05,1.2658140979925811e-05,0.8721255257996904
67,180,1,0.0004600158247404743,-8.95633544620801e-05,8.95633544620801e-05,0.9946612510993919
67,251,2,0.0025428291466757166,0.00013259754244120662,0.00013259754244120662,0.8978960906356896
67,340,1,0.0003472391425161118,-4.3034187979015344e-05,4.3034187979015344e-05,0.23881999027963957
68,211,0,2.414716753794879e-05,2.91389253811366e-06,2.91389253811366e-06,0.6948030300911721
68,492,0,2.4223323616498387e-05,-2.2430179954634635e-06,2.2430179954634635e-06,0.9409789468359064
69,107,0,0.000100631516258557,-2.023195925291782e-06,2.023195925291782e-06,0.34668097999444175
69,271,0,0.00017753848062681426,-1.7281235633033108e-05,1.7281235633033108e-05,0.8432205054292737
69,347,0,0.00015441510936973322,1.1326648817097924e-05,1.1326648817097924e-05,0.5704205439962899
69,422,0,0.0001866530460199588,7.977782741284307e-06,7.977782741284307e-06,0.3928490499357026
70,189,0,0.00015606823321307703,1.1271246999722375e-05,1.1271246999722375e-05,0.731085888475581
70,227,1,0.0004548895007353976,-6.314900610414242e-06,6.314900610414242e-06,0.034982478394976126
70,384,0,0.00021868291561034803,-1.1225064178653636e-05,1.1225064178653636e-05,0.07176448733217793
70,445,0,0.00019463638757282164,1.0473180447179735e-05,1.0473180447179735e-05,0.28408453749059653
70,489,0,3.553947763839113e-05,-4.204462657760928e-06,4.204462657760928e-06,0.9042983232427917
71,121,0,7.54763868796878e-05,3.8741328235492924e-07,3.8741328235492924e-07,0.35729673305124937
71,301,0,6.69740597208958e-05,3.5722003960780533e-06,3.5722003960780533e-06,0.34361505843128853
71,322,0,7.218756411165434e-05,-6.971782129137385e-07,6.971782129137385e-07,0.2359537060361774
71,393,0,6.66584359201543e-05,-3.262435465508437e-06,3.262435465508437e-06,0.46040191974818845
72,146,0,0.0001423940346158021,-1.0345406900014784e-05,1.0345406900014784e-05,0.3608409587180409
72,201,0,0.0001792255109880567,-9.789979271608986e-07,9.789979271608986e-07,0.035998943218049285
72,297,0,0.00019125555117219053,1.1324404827163882e-05,1.1324404827163882e-05,0.552188236224095
73,250,0,0.00013543010206382473,1.440201083131331e-05,1.440201083131331e-05,0.7597336351178309
73,288,0,0.00013596323722045645,3.944235861184015e-06,3.944235861184015e-06,0.23973176631855544
73,478,0,0.0001523181443379749,-7.994256595470647e-06,7.994256595470647e-06,0.644207550999112
73,480,1,0.00018045769162308606,-1.0351990097024244e-05,1.0351990097024244e-05,0.3205330436031178
74,200,0,0.00010187155258010083,-3.764917119710997e-06,3.764917119710997e-06,0.19453870561204473
74,281,1,0.00021734786291459113,-1.0549876188749979e-05,1.0549876188749979e-05,0.24992363536780873
74,401,0,0.00022512615522047905,-8.402016914162612e-07,8.402016914162612e-07,0.1144153597335098
74,468,0,0.0002211176970225751,1.5154994999884635e-05,1.5154994999884635e-05,0.6602328405318683
75,238,0,0.00014096028236353005,6.4258821727448984e-06,6.4258821727448984e-06,0.7249196309898179
75,248,1,0.00027721234373380535,1.8443815692583646e-06,1.8443815692583646e-06,0.07229800722964651
76,102,0,0.00017075902129551687,-2.245569871731296e-06,2.245569871731296e-06,0.06735284239461846
76,187,0,0.0001631827253728512,-3.612865484912583e-06,3.612865484912583e-06,0.09406075125146034
76,492,0,0.00014766559170466877,-2.8196028276870806e-07,2.8196028276870806e-07,0.25637855814794264
76,497,0,8.144906357148912e-05,6.140395639402439e-06,6.140395639402439e-06,0.9372275218431182
77,194,0,0.00012539673623550106,-2.1048961772491352e-06,2.1048961772491352e-06,0.08843700877423809
77,268,0,0.00013416551405768585,7.798229527152298e-06,7.798229527152298e-06,0.7319675982600681
77,437,0,7.894805479600957e-05,-5.693333349931963e-06,5.693333349931963e-06,0.5923380499702185
78,109,0,0.0001004862559340706,4.513687264323874e-06,4.513687264323874e-06,0.3886363341024105
80,142,0,0.00012959401388300235,-5.108585298512541e-06,5.108585298512541e-06,0.5612297986611925
80,215,1,0.00015278779105615928,-1.4295948311590984e-05,1.4295948311590984e-05,0.5853415440488648
80,253,0,0.00010170714267605387,9.696941637132485e-06,9.696941637132485e-06,0.7211463805612565
80,261,0,0.00014637105427052114,-5.434671955887862e-06,5.434671955887862e-06,0.6248023783996841
80,488,0,0.0001534716301862841,1.276995437698778e-05,1.276995437698778e-05,0.5090953994696664
81,232,0,0.00020831064004387135,-4.336978108198667e-06,4.336978108198667e-06,0.1977863319975128
81,236,0,0.0002067114867823827,6.480738833928889e-06,6.480738833928889e-06,0.15566890122213206
82,350,0,0.00020754397509982277,9.647493270812757e-06,9.647493270812757e-06,0.2549874679371207
82,443,0,0.00014937582212791925,-1.0039299098346666e-05,1.0039299098346666e-05,0.4415594137115813
83,136,0,0.00017125729087566824,7.037539234162373e-06,7.037539234162373e-06,0.529405476911159
83,227,1,0.000318807015250075,1.2257955860024561e-05,1.2257955860024561e-05,0.5200980193386153
83,272,0,0.00013002496520161147,-7.953012096423948e-06,7.953012096423948e-06,0.4749053101674558
83,404,0,0.00010569762194430196,1.116037779932469e-06,1.116037779932469e-06,0.19633467843306263
83,489,0,0.00018884478149055857,-1.2458520777715161e-05,1.2458520777715161e-05,0.5142676603371524
85,148,0,6.060307480808063e-05,-2.7632739268229797e-06,2.7632739268229797e-06,0.2751071935723857
85,182,0,0.00019702750714299303,1.3657728923550644e-05,1.3657728923550644e-05,0.7295499181654459
85,244,0,0.0001571623140252954,-9.475836694450631e-06,9.475836694450631e-06,0.4744864148004536
85,258,0,0.0001680026320620823,1.5718708859125363e-05,1.5718708859125363e-05,0.8102701859433284
85,352,0,9.073012958860579e-05,-1.2620248315465947e-06,1.2620248315465947e-06,0.0029639608332898315
86,135,0,0.00011307581115114011,-5.095154516532931e-06,5.095154516532931e-06,0.5415641140056108
86,369,0,0.00010342000610255951,6.63899705224128e-06,6.63899705224128e-06,0.5386589201274887
87,261,0,0.00011820147502695721,3.3140497268192855e-06,3.3140497268192855e-06,0.07657856562946629
87,476,0,0.0001229200914061184,1.054459838634173e-05,1.054459838634173e-05,0.5748374475079234
88,176,0,0.00021872511047939065,-1.9168553227769056e-06,1.9168553227769056e-06,0.09668135388589592
88,353,0,0.00018920191358511826,-6.001601821765678e-06,6.001601821765678e-06,0.176960582240368
89,222,0,0.00010436200609426324,-8.442416721588851e-06,8.442416721588851e-06,0.7545576135442988
89,412,0,0.00015295167526764442,-8.442537288055956e-06,8.442537288055956e-06,0.4498761322085223
90,355,0,0.00013675181448175977,-7.325866128223423e-06,7.325866128223423e-06,0.5760751439693662
90,368,0,0.0001585601363771199,-6.188687897368516e-06,6.188687897368516e-06,0.5760886457577992
90,460,0,0.00017457785528677007,1.3514554025612818e-05,1.3514554025612818e-05,0.4742267591436455
91,217,2,0.0019216887683963335,0.0001784809512423685,0.0001784809512423685,0.9801526791737664
91,290,1,0.00021756831392426423,5.28735898685539e-06,5.28735898685539e-06,0.27274442720811753
91,292,1,0.00030874157690315845,-2.41669393181361e-06,2.41669393181361e-06,0.26126168331264044
91,303,2,0.0016018374590935397,-0.00017276355657721993,0.00017276355657721993,0.606923946472792
91,405,1,0.00018604438610234157,4.93697412880402e-06,4.93697412880402e-06,0.4102568736422416
91,431,1,0.000309881342368674,-1.3525033848894279e-05,1.3525033848894279e-05,0.48117395031304255
92,193,0,7.694559396330882e-05,-1.526724867865883e-06,1.526724867865883e-06,0.7287644157768015
92,227,1,0.0001706492304920636,6.3343707391513975e-06,6.3343707391513975e-06,0.3012989168162231
92,324,1,0.00018462925136358762,-4.8076458712913145e-06,4.8076458712913145e-06,0.26599424741708827
93,160,0,0.0002289362346688995,1.0458074507765625e-06,1.0458074507765625e-06,0.19377580383014653
93,224,0,0.00015933154303120667,6.0911073074280874e-06,6.0911073074280874e-06,0.1916529204828447
93,260,0,0.00020302377294886402,1.1949435594734994e-05,1.1949435594734994e-05,0.8053763212088415
94,112,0,3.0185466843647443e-05,3.8295192849712296e-06,3.8295192849712296e-06,0.7146396322628836
94,132,0,0.00015071009089357503,1.1083851531941512e-05,1.1083851531941512e-05,0.6099581181917004
94,430,0,0.00020598321966311858,-1.2040397155918492e-05,1.2040397155918492e-05,0.617967796553532
94,471,0,0.0001859907299422692,-2.8729736609671007e-06,2.8729736609671007e-06,0.1453118204263934
95,178,2,0.0016804850095826405,9.314424359247773e-08,9.314424359247773e-08,0.1933963811353453
95,294,1,0.00026864481117290463,-3.596273289355339e-06,3.596273289355339e-06,0.195049028953618
95,455,2,0.0026130342182374374,-0.0002676170647967085,0.0002676170647967085,0.7526678887975944
96,124,0,0.00017746114550635484,5.823245848449232e-06,5.823245848449232e-06,0.2845183377008367
96,293,0,0.00016299852501181806,-9.046510153425827e-06,9.046510153425827e-06,0.14887380885658236
96,320,0,0.00011124929911143918,3.2232643049709e-06,3.2232643049709e-06,0.3271703529719617
97,186,0,0.000145925863849524,1.4039420410237178e-05,1.4039420410237178e-05,0.5349014631984451
97,255,0,0.00011386906074676582,-7.08170106869651e-07,7.08170106869651e-07,0.2552121633444269
97,400,0,6.942412387636535e-05,2.6096135108669938e-06,2.6096135108669938e-06,0.04796538176518363
97,442,0,0.00014899685129331357,-1.594086381422463e-05,1.594086381422463e-05,0.9836427244467987
98,145,0,0.00022608083949674613,2.717706916767232e-06,2.717706916767232e-06,0.19129750835253592
98,287,0,0.00016534911135702532,-2.0037323258628496e-07,2.0037323258628496e-07,0.17710233372020673
98,465,0,0.00021209612113791775,2.5465248734609696e-05,2.5465248734609696e-05,0.9956957130860231
98,495,0,8.747578320673017e-05,2.9357515296213183e-06,2.9357515296213183e-06,0.24149461450079449
99,345,0,0.00020848332878782656,1.730904843533095e-05,1.730904843533095e-05,0.6383429257457264
99,351,0,0.00012225546910537904,-1.1398252863733883e-06,1.1398252863733883e-06,0.26300122865595676
99,374,0,0.00020008528807933553,-1.780896186365467e-05,1.780896186365467e-05,0.9513354594865346
99,384,0,0.0002028314350136743,1.6397387147011328e-06,1.6397387147011328e-06,0.20111785766006574
100,115,1,0.00027461466727010317,2.0048269842456267e-05,2.0048269842456267e-05,0.5493375880339346
100,130,2,0.001416945800710356,-8.067269352938445e-05,8.067269352938445e-05,0.4959625348094102
100,143,1,0.00029598224799023276,-3.4282295171518238e-06,3.4282295171518238e-06,0.07866529055589287
100,306,2,0.001868860611992948,-0.00014090478013760064,0.00014090478013760064,0.9576836364681178
100,380,1,0.00034138830771293085,-1.606964786853878e-05,1.606964786853878e-05,0.5508059535596571
101,111,0,0.00011689504591922187,3.6418641909020055e-06,3.6418641909020055e-06,0.04662612037260874
101,154,0,0.00018066533502858836,7.197825901777081e-06,7.197825901777081e-06,0.3654833635666282
101,241,0,0.0001732851342130748,-1.1593800695921382e-06,1.1593800695921382e-06,0.025186802706150337
101,358,0,0.00012094987809958744,1.3381112161578917e-05,1.3381112161578917e-05,0.9922647145030563
101,463,0,0.00020092828007700403,1.4742792740810572e-05,1.4742792740810572e-05,0.4943706084298438
102,145,0,0.00023517611346629802,1.0836955792203118e-06,1.0836955792203118e-06,0.013102151215951957
102,256,0,0.00025550495567849314,-1.4219106245360237e-06,1.4219106245360237e-06,0.020799338702056656
102,355,0,0.00016709152950325997,-2.753014813959389e-06,2.753014813959389e-06,0.016866917232055564
102,460,0,0.00014878195535005103,1.7036604560450517e-05,1.7036604560450517e-05,0.8747829612133441
102,497,0,8.307632516346339e-05,7.3555707564019795e-06,7.3555707564019795e-06,0.781160162464139
103,132,0,0.00016334628083025342,6.91187228580487e-06,6.91187228580487e-06,0.6331435406762564
103,387,0,0.00017980864650914667,-1.693238210634791e-05,1.693238210634791e-05,0.715420362597947
103,395,1,0.0003019170342539887,2.4288803820084935e-05,2.4288803820084935e-05,0.8337909974984237
103,430,0,0.0002719223938859739,-2.4386884038802876e-05,2.4386884038802876e-05,0.4641682558368104
103,458,0,0.00026522061531204387,1.0118590039368181e-05,1.0118590039368181e-05,0.5807709492648229
104,161,0,0.00014041123683212537,1.2020615151480374e-06,1.2020615151480374e-06,0.011711903879250335
104,187,0,0.00022684181517270568,1.8328453027316195e-06,1.8328453027316195e-06,0.002087939541603091
104,407,0,2.2629639526516166e-05,3.845711686961987e-06,3.845711686961987e-06,0.9985379703919948
104,418,0,0.0002375124458028842,2.794116949115941e-06,2.794116949115941e-06,0.09844734656790301
104,492,0,0.00023020490510308386,6.517189951923653e-06,6.517189951923653e-06,0.16059981052826441
105,214,0,0.0001986353045996961,-1.1089920845999762e-05,1.1089920845999762e-05,0.4837831399419407
105,286,0,0.00023920513499575412,-1.129746596955019e-05,1.129746596955019e-05,0.7715684496611033
105,366,0,0.000304916748121922,1.9303921744341543e-06,1.9303921744341543e-06,0.026074231413422855
105,374,0,0.00025016715461449604,2.2068187638860114e-05,2.2068187638860114e-05,0.7274355385904476
105,462,0,0.00022320553052836113,-1.835738377850112e-05,1.835738377850112e-05,0.6556983288780472
105,494,0,0.00017202678446712763,1.1394239983653604e-05,1.1394239983653604e-05,0.5815820389911801
106,212,0,0.00020531805061430944,9.432218509079734e-06,9.432218509079734e-06,0.4384323351405743
106,260,0,0.00014981676676516575,-1.2837815850510716e-05,1.2837815850510716e-05,0.04235056103611902
106,359,0,0.00022618439707857902,7.633939844440447e-06,7.633939844440447e-06,0.09290285247027456
106,426,0,0.000193431297296955,2.395176827719096e-05,2.395176827719096e-05,0.9346887122263627
106,486,0,0.0002143512657456483,4.826639870973271e-06,4.826639870973271e-06,0.40774303652215194
107,202,0,0.00016181634526541943,1.5407168494752117e-05,1.5407168494752117e-05,0.9655833456917603
107,218,0,0.0002168206587458161,-2.1944513981836166e-05,2.1944513981836166e-05,0.5342770019573712
107,486,0,0.00020040020672445943,4.51414956159173e-06,4.51414956159173e-06,0.27133988269034
108,119,0,0.00010845584073609811,-1.0424771708797155e-06,1.0424771708797155e-06,0.027001611023460197
108,478,0,0.00010544738257280636,1.3323401094850019e-05,1.3323401094850019e-05,0.8080734051735474
109,205,0,0.0002385221752395958,1.3274737665234589e-05,1.3274737665234589e-05,0.11502934473423845
109,333,1,0.00019123473249167117,-7.829904124292378e-06,7.829904124292378e-06,0.2575233894974372
109,352,0,0.00023427304513429285,5.491124420775385e-06,5.491124420775385e-06,0.1877970256007338
110,243,0,0.00013764801670631378,1.2382970345851065e-05,1.2382970345851065e-05,0.4158506117700407
110,281,1,0.00030653443359062046,-7.397198206922524e-06,7.397198206922524e-06,0.002974548311616422
110,468,0,0.0002593013646334102,2.4100911335933787e-05,2.4100911335933787e-05,0.792125106817543
111,223,0,0.0001602062241025934,-9.113214715304343e-06,9.113214715304343e-06,0.05803195001619998
111,231,0,0.00030221354954563167,2.0234642543911042e-05,2.0234642543911042e-05,0.6982976388710166
111,463,0,0.0002240675642777002,9.459777773238062e-06,9.459777773238062e-06,0.45583298479795
112,122,0,0.00022202040549121712,9.643894555822493e-06,9.643894555822493e-06,0.7355579000341572
112,416,0,0.00013852359334437547,4.503613880378644e-06,4.503613880378644e-06,0.6205934139948169
112,470,0,0.00022329261429603373,-2.072236248121738e-05,2.072236248121738e-05,0.38611222957349006
112,474,0,0.00017418466104710307,1.040437333000874e-05,1.040437333000874e-05,0.6984644046168584
113,205,0,0.0001405203513688067,-1.0768585543024463e-05,1.0768585543024463e-05,0.9560787005243918
113,258,0,0.00017857545117723638,-2.4586501285951655e-07,2.4586501285951655e-07,0.19466263406687942
113,423,0,0.00019735212181694748,-3.400277488922296e-06,3.400277488922296e-06,0.29052332039537154
113,437,0,0.00017259867648198056,1.974371102142029e-05,1.974371102142029e-05,0.7583441528595035
113,493,0,0.00014966728839334705,-6.574057951237447e-06,6.574057951237447e-06,0.4686607340100896
114,118,0,0.00021008571466000646,-1.1445005182146295e-05,1.1445005182146295e-05,0.6189949664858865
114,302,0,0.00015473867242526116,-3.53446550882635e-06,3.53446550882635e-06,0.2702252896694919
114,316,0,0.00022791340152227232,1.3824564792786878e-05,1.3824564792786878e-05,0.47986115678066915
114,457,0,0.0001774736733118345,4.718419278069617e-06,4.718419278069617e-06,0.2788393956342438
114,500,0,0.00018233393503083752,-1.0052344764769593e-05,1.0052344764769593e-05,0.544029291978557
115,143,0,0.00010412250067108601,-8.80747722823985e-06,8.80747722823985e-06,0.5382858231387186
115,289,0,0.00020202366608293508,-6.610273421182219e-06,6.610273421182219e-06,0.3011406213156712
115,353,0,0.00019927199532263797,2.1107757817709713e-07,2.1107757817709713e-07,0.016817824511800916
116,161,0,0.00021388611789590294,-2.194522110472804e-06,2.194522110472804e-06,0.03676279768412988
116,439,1,0.0004258304956485047,-3.894248849277026e-06,3.894248849277026e-06,0.10345727115688776
116,449,0,0.0001861175021221493,1.4628270680501276e-05,1.4628270680501276e-05,0.49959305717295543
116,478,0,0.000319627394212244,3.5916977651709845e-05,3.5916977651709845e-05,0.926293824499753
117,306,2,0.0022467541893284237,9.943625836246296e-05,9.943625836246296e-05,0.5382714269778061
117,308,1,0.00034989099602120724,2.4911392694367877e-05,2.4911392694367877e-05,0.9172693952876332
117,318,1,0.0001825934421141046,-7.812115480844492e-07,7.812115480844492e-07,0.09384648501237067
117,425,2,0.001679568108857072,-7.343569249858452e-05,7.343569249858452e-05,0.5746939021003868
117,446,1,0.00035325793141494663,-1.055690688405438e-05,1.055690688405438e-05,0.03515041244063538
117,466,1,0.0004401875144653572,-3.957384012715466e-05,3.957384012715466e-05,0.7854203688334911
118,165,0,9.879062819214393e-05,6.998493571553018e-06,6.998493571553018e-06,0.6354719445028194
118,226,0,0.0001359110512560293,-7.2290152307072676e-06,7.2290152307072676e-06,0.5277892243052604
118,343,0,0.00028269079612289704,-1.8405709117161682e-05,1.8405709117161682e-05,0.48053664703985566
118,363,0,0.00016355526516272182,-8.599367037675952e-06,8.599367037675952e-06,0.31192920760636367
118,457,0,0.0002735376309618631,2.2174157331869058e-05,2.2174157331869058e-05,0.8485387254796769
118,467,0,0.0001010406020167395,-6.3835646999744675e-06,6.3835646999744675e-06,0.15976261700150907
119,243,0,0.0002163743819731938,2.0570966288342792e-05,2.0570966288342792e-05,0.40377383206050227
119,281,1,0.00012353915264061733,-2.349919185601005e-06,2.349919185601005e-06,0.020305243858451963
119,381,0,0.00018701612881370918,1.063251129922816e-06,1.063251129922816e-06,0.04107251245537386
120,322,0,0.00022808802385385985,-3.720607535128101e-06,3.720607535128101e-06,0.07356727468505846
120,407,0,0.0001805036990925351,-7.418080601325652e-06,7.418080601325652e-06,0.34985232813464606
120,485,0,0.00025147047606045446,1.1138688136459635e-05,1.1138688136459635e-05,0.40858120151726207
121,158,0,0.00012889551058004435,9.213683044299647e-06,9.213683044299647e-06,0.780161646671509
121,365,0,0.00013737926376181,1.247114460710681e-05,1.247114460710681e-05,0.77137827000138
121,421,0,0.0002302633578331201,6.2164521779352796e-06,6.2164521779352796e-06,0.2001335014033131
121,449,0,0.00024544403435254863,-2.7513866546947644e-05,2.7513866546947644e-05,0.7763862163847305
122,246,1,0.0005281685583857181,2.6691186755735665e-05,2.6691186755735665e-05,0.2716756225883769
122,382,0,0.000140904125204004,6.667910727624452e-06,6.667910727624452e-06,0.1440601665856662
122,395,1,0.0003547249157092738,-2.0795655193664117e-05,2.0795655193664117e-05,0.6359567420997975
122,416,0,0.000267224618883525,-2.9195477339730244e-06,2.9195477339730244e-06,0.011171531627556214
123,192,1,0.00039937814678936233,-1.6347914175529436e-05,1.6347914175529436e-05,0.3385919350808149
123,338,1,0.0005480228032871422,-6.634758960624876e-05,6.634758960624876e-05,0.959923598505633
123,377,2,0.0026550560836642065,0.0002876184863348958,0.0002876184863348958,0.7252771258493719
123,417,1,0.0004281182076081793,3.377089795291215e-05,3.377089795291215e-05,0.7746716880286472
123,496,1,0.00022982284547474663,-2.3091144276169977e-05,2.3091144276169977e-05,0.28495341032244736
124,269,0,0.00010893102450389523,1.9444858508282873e-07,1.9444858508282873e-07,0.045995784511725986
124,412,0,0.0001778141971272762,-7.766887114728559e-06,7.766887114728559e-06,0.2768699000130654
125,206,0,0.00019503931223456417,-2.049810628332789e-05,2.049810628332789e-05,0.9911694149169905
125,477,0,0.00019318542197444534,1.784942418373133e-05,1.784942418373133e-05,0.4133683942646437
125,490,1,0.000322460326523151,2.6486820996630452e-06,2.6486820996630452e-06,0.10561769180267495
126,143,0,0.00023102248390523814,-4.539351772313102e-06,4.539351772313102e-06,0.11609621620870343
126,179,0,0.0002810195767963696,2.0484107501806657e-05,2.0484107501806657e-05,0.5332628338725712
126,415,0,0.00024640901879829534,1.7689077048421116e-06,1.7689077048421116e-06,0.18227608695044223
126,420,0,0.0002084333093141647,1.0895780628197307e-05,1.0895780628197307e-05,0.3141633667891921
126,429,0,0.0002160050793262232,-1.0562463252035454e-05,1.0562463252035454e-05,0.4677714064450566
127,160,0,0.00015173510627388025,7.931508892337726e-06,7.931508892337726e-06,0.20200077338623246
127,204,0,0.00027679733573239497,-1.1724274609309515e-06,1.1724274609309515e-06,0.18372111771402694
127,324,1,0.0003082265073400533,-1.6324393774824378e-05,1.6324393774824378e-05,0.3437334111304754
127,396,0,0.0002032715397001613,1.772291070376007e-05,1.772291070376007e-05,0.3031666390231075
127,452,0,0.0002626940927294686,-1.5123193284601053e-05,1.5123193284601053e-05,0.7759015115482807
128,187,1,0.000451773575069269,3.9754823672147495e-06,3.9754823672147495e-06,0.05269648394047478
128,333,2,0.0016172928942910733,-5.129232991648685e-07,5.129232991648685e-07,0.0111650367549318
128,352,1,0.00041879416767919074,2.683037840004363e-05,2.683037840004363e-05,0.4678598204851958
128,418,1,0.0004452115903087754,5.558008474694713e-06,5.558008474694713e-06,0.14305536038096595
128,472,2,0.0027885863765547466,0.00027096072563258526,0.00027096072563258526,0.8843886757826168
129,169,0,0.00013009702333917594,-2.755460165376708e-06,2.755460165376708e-06,0.003763701534759267
129,310,1,0.00032266288665183223,-2.578693536197098e-07,2.578693536197098e-07,0.08074289075339264
129,382,0,0.00019599026211900703,-3.128354321225346e-06,3.128354321225346e-06,0.005615711746410641
130,143,1,0.0004537455002197139,2.0578112347391893e-05,2.0578112347391893e-05,0.3795910061087003
130,238,1,0.0004123861695904443,-5.941363866287067e-06,5.941363866287067e-06,0.2408924372361135
130,248,2,0.0023853036116893134,-0.00012723314095923455,0.00012723314095923455,0.8320403794825292
130,306,2,0.0012565791521045161,-2.3198808331415228e-05,2.3198808331415228e-05,0.38264188150447315
130,354,1,0.0004838395113414371,5.4374732801103806e-05,5.4374732801103806e-05,0.9895773702499351
130,380,1,0.00045071213783855354,4.44525995808642e-06,4.44525995808642e-06,0.03936925165307951
130,400,1,0.0004377130443898374,-3.697485479347537e-06,3.697485479347537e-06,0.25290772081320073
131,181,0,9.010906596994271e-05,7.945754401284647e-06,7.945754401284647e-06,0.6069834897107073
131,182,0,0.00017702369859499568,-9.419399238148611e-06,9.419399238148611e-06,0.4756506498536486
131,253,0,2.9483766248587013e-05,-1.0800750707866652e-06,1.0800750707866652e-06,0.36292548839503175
131,364,0,0.00016436144864115886,-4.125996616349831e-06,4.125996616349831e-06,0.20890346137135862
131,428,0,0.000221402661483519,3.177202571996988e-05,3.177202571996988e-05,0.9778951280524246
131,463,0,0.00019006682716182858,-1.764990432727474e-05,1.764990432727474e-05,0.8545958710940231
132,157,0,0.00017508824442435207,-7.232341023963485e-06,7.232341023963485e-06,0.7449882812874208
132,395,1,0.0002502687843880221,9.543843043895417e-06,9.543843043895417e-06,0.19830731390116563
132,416,0,0.0001827280897245226,1.5684221797737675e-05,1.5684221797737675e-05,0.7255586417873603
133,139,0,0.00021353650988627625,2.6276697647688534e-06,2.6276697647688534e-06,0.04720232407035956
133,289,0,0.00020333277273391535,1.689430328956534e-05,1.689430328956534e-05,0.6939925794309447
133,306,1,0.0001373711490164569,-4.4774648557283865e-06,4.4774648557283865e-06,0.3126346520438699
133,308,0,8.013082070495657e-05,-4.530661547558491e-07,4.530661547558491e-07,0.06174647090522237
133,318,0,0.00017985242316134793,-1.4591442043777343e-05,1.4591442043777343e-05,0.9454317817387584
134,140,0,0.0001847619562240215,1.6342349280681142e-06,1.6342349280681142e-06,0.09297384637780885
134,236,0,0.0002968951969472408,-3.565892905674991e-05,3.565892905674991e-05,0.8295742835944155
134,269,0,0.0002620331070418826,3.134252597516395e-05,3.134252597516395e-05,0.8587638871220318
134,285,0,7.332826021359455e-05,7.543854683406786e-06,7.543854683406786e-06,0.7569199842985594
134,360,0,0.0002479686466567474,-4.861686529603832e-06,4.861686529603832e-06,0.09674894248597463
135,181,0,0.00023848713269113118,-3.7609655431720516e-06,3.7609655431720516e-06,0.06072903120855881
135,210,0,0.00011578886883108604,7.84940544414905e-06,7.84940544414905e-06,0.5724498709954375
135,364,0,0.0002477887660363071,-3.197778165098823e-05,3.197778165098823e-05,0.9190169736660678
135,369,0,0.00025614009591335996,2.798436766796938e-05,2.798436766796938e-05,0.995722084317286
135,388,0,0.00019632611740151107,-8.296259332851746e-06,8.296259332851746e-06,0.12888784596536762
135,428,0,0.00018315695666393464,7.244583057686518e-06,7.244583057686518e-06,0.3632234473648347
136,151,0,0.00018276815548725465,5.363155533493838e-06,5.363155533493838e-06,0.33228470427329526
136,189,0,0.00024360680593415372,2.0331022851133596e-05,2.0331022851133596e-05,0.6189140033729538
136,271,0,0.00018886791823274243,1.929661301363213e-05,1.929661301363213e-05,0.8731719973731688
136,272,0,0.00011308753840275436,-1.15641778819478e-05,1.15641778819478e-05,0.8623180050368615
136,316,0,0.00022490035907624304,-1.5897330277959242e-05,1.5897330277959242e-05,0.47793398282289307
136,372,0,7.334570073136978e-05,-7.311357471102847e-06,7.311357471102847e-06,0.7902713372179399
137,176,0,1.0000000000000001e-07,0.0,0.0,0.7943490849004519
138,254,0,0.00016835684185104554,4.453023112658886e-06,4.453023112658886e-06,0.5386680204846739
138,373,0,0.00012623440232846985,-3.205390852182483e-06,3.205390852182483e-06,0.07006651868672911
138,380,0,0.00014791116193460649,-1.2476322604723888e-06,1.2476322604723888e-06,0.3015471619098644
139,157,0,0.00015705396845583236,-8.836608463541482e-06,8.836608463541482e-06,0.7998797942164534
139,319,0,0.00013116998429402247,1.6504413973142827e-06,1.6504413973142827e-06,0.08023040950809297
139,337,0,0.00015845250738962866,1.7474828350968204e-05,1.7474828350968204e-05,0.947540075432187
139,471,0,0.00021589796469443154,-2.2442379731096698e-05,2.2442379731096698e-05,0.66063476993403
140,141,0,0.00015693333752171007,-4.784951204621494e-06,4.784951204621494e-06,0.06351423313367908
140,334,0,0.0001420159731685083,1.63934461714898e-05,1.63934461714898e-05,0.8674450982427593
140,360,0,0.00022707369403036025,-6.46050475393057e-06,6.46050475393057e-06,0.0010543656914484428
140,455,1,0.0004500096278670079,1.1000637670040773e-05,1.1000637670040773e-05,0.3054117896354614
141,397,0,0.00014458716972828105,3.948344093105718e-06,3.948344093105718e-06,0.07823554933751788
141,448,0,0.0001673167807850112,-1.8207265223614142e-05,1.8207265223614142e-05,0.953487568554511
141,479,0,0.00020516977956495095,2.3441371353300647e-05,2.3441371353300647e-05,0.7243025130411306
142,231,0,0.00012066320829761354,1.2460814780053859e-05,1.2460814780053859e-05,0.6836126332190908
142,371,0,0.00013751880999245705,1.3449654026292157e-05,1.3449654026292157e-05,0.5765325510039623
143,354,0,0.00016391756102938261,1.0987409226280151e-05,1.0987409226280151e-05,0.5791100897839536
143,429,0,0.0002456174598915301,-7.184355396399953e-06,7.184355396399953e-06,0.3705035961922044
144,201,0,0.00019275817616666997,3.1998824271986893e-06,3.1998824271986893e-06,0.13106999947735648
144,236,0,0.0001737915188415975,4.29150326704103e-06,4.29150326704103e-06,0.22752195763200192
144,328,0,0.00020188860311914854,4.67837235007541e-06,4.67837235007541e-06,0.016575605227211222
144,396,0,0.00015484239250911866,-1.216975804434481e-05,1.216975804434481e-05,0.7617436936427763
145,287,0,0.00020352358111695701,-2.6931809859115445e-06,2.6931809859115445e-06,0.006950398344246004
145,460,0,0.00025341674779652854,2.7850292537994282e-05,2.7850292537994282e-05,0.8942314001305455
145,465,0,7.588410710999486e-05,8.198800333913365e-06,8.198800333913365e-06,0.7072050052583998
146,160,0,0.00016414184525225127,-1.0327849444128567e-05,1.0327849444128567e-05,0.6429425076788174
146,201,0,0.00026725695215117605,1.7957259862640992e-05,1.7957259862640992e-05,0.3632991028922204
146,260,0,0.0001476694990980508,-1.274545198059234e-06,1.274545198059234e-06,0.11996601257635463
146,417,0,0.00022890302979240295,2.9442770413692958e-05,2.9442770413692958e-05,0.6562643714164845
147,185,0,0.00019988893523910535,5.271448144509111e-06,5.271448144509111e-06,0.557416919922061
147,312,0,0.00021872161601473218,8.141300231254768e-06,8.141300231254768e-06,0.2267263970547925
147,336,0,0.00024252406201808295,-1.3329745591149471e-05,1.3329745591149471e-05,0.355207570711119
147,421,0,0.00021830375862380582,-1.624517848047383e-05,1.624517848047383e-05,0.5535994363045659
147,433,0,0.00018659398625828246,1.61621756958739e-05,1.61621756958739e-05,0.4824606088912815
148,182,0,0.0001337713668460249,1.5372358068702687e-05,1.5372358068702687e-05,0.8602489647547161
148,215,1,0.0004498778759652032,-2.5830653983273905e-05,2.5830653983273905e-05,0.1988347618671362
148,241,0,0.0002709423545049906,-1.3006834097789996e-06,1.3006834097789996e-06,0.20577542440966143
148,244,0,0.00025949403242110755,-3.813796129049984e-06,3.813796129049984e-06,0.1736560006620103
148,463,0,0.00028543471903914083,2.1482790014271787e-05,2.1482790014271787e-05,0.3536883931290467
149,173,1,0.00017418265306087905,1.4907178544314669e-06,1.4907178544314669e-06,0.059142796498224036
149,232,0,0.0002515217365819781,-2.126455052492323e-05,2.126455052492323e-05,0.20528711662647137
149,234,0,0.00022095448133203685,-2.0160008248987075e-05,2.0160008248987075e-05,0.7890206864776409
149,412,0,0.00017513254679098458,2.835078897969115e-05,2.835078897969115e-05,0.9563550954731819
149,458,0,0.0002922568217692231,2.124039727313674e-05,2.124039727313674e-05,0.3888363355946685
149,464,0,0.00029166780114778566,-9.657345333368554e-06,9.657345333368554e-06,0.013353211758662005
150,167,0,7.866401034544864e-05,3.833721228098694e-06,3.833721228098694e-06,0.3523805401287265
150,284,0,0.00024008412129396855,1.0191627823392503e-05,1.0191627823392503e-05,0.3875378298286805
150,319,0,0.0002068407371778417,-1.188368359597715e-05,1.188368359597715e-05,0.6448904045779293
150,337,0,0.00022695406071015074,9.13457473820655e-06,9.13457473820655e-06,0.40622383654872624
150,389,0,0.00010260901766952465,-2.2426159538404647e-06,2.2426159538404647e-06,0.3269927796152046
150,402,0,8.250374407889338e-05,-9.033624239831297e-06,9.033624239831297e-06,0.9240094659929646
151,224,0,0.00021230470675405333,9.288069059158765e-06,9.288069059158765e-06,0.24781482929798554
151,316,0,0.00019494227260259282,-1.95001031252989e-05,1.95001031252989e-05,0.8055582178336526
151,351,0,0.00020529890060778163,-1.782888534911313e-05,1.782888534911313e-05,0.8441593220174143
151,441,0,0.00022955642367901828,3.340407494877099e-05,3.340407494877099e-05,0.9385438990887562
152,214,0,0.00015919842155603285,-8.426332093004741e-06,8.426332093004741e-06,0.3179327308221588
152,286,0,9.391584572760727e-05,-4.163137175815395e-06,4.163137175815395e-06,0.5776953807550835
152,365,0,0.00011604069873482096,5.677570829348863e-06,5.677570829348863e-06,0.38982415523978775
152,378,0,9.227232362726549e-05,-5.509864342312235e-06,5.509864342312235e-06,0.6833229356389838
153,440,0,0.00021361577094010164,-9.226406987154867e-06,9.226406987154867e-06,0.3151167843828177
153,444,0,0.00013872911448155838,1.1119265566329017e-05,1.1119265566329017e-05,0.8199624224978646
153,487,0,0.00019812019777228459,-1.8928585791472977e-06,1.8928585791472977e-06,0.21377962263860936
154,159,0,0.0002809298184509533,2.4781395142688276e-05,2.4781395142688276e-05,0.7044676911983232
154,326,0,0.00014086647550374772,4.0924560527158754e-06,4.0924560527158754e-06,0.08780739407558318
154,358,0,3.2671458066350746e-05,2.3129063876188574e-06,2.3129063876188574e-06,0.6248619927953873
154,413,0,0.00021904981777898867,5.394135833002404e-06,5.394135833002404e-06,0.0428631330682181
155,221,0,7.940294873138819e-05,3.9872470036401317e-07,3.9872470036401317e-07,0.23134861327657275
155,283,0,0.0002488089678468062,4.102180643142097e-06,4.102180643142097e-06,0.026468560100386843
155,298,0,0.00022277445806724214,1.7051929538416298e-05,1.7051929538416298e-05,0.6693540080572387
155,327,0,0.0001591076286663734,-1.7839870951258533e-06,1.7839870951258533e-06,0.03139989582015692
155,403,1,0.0005371991356814064,-4.30673190196437e-05,4.30673190196437e-05,0.5830663059113955
155,419,0,0.0002755376078102285,3.112848133206578e-05,3.112848133206578e-05,0.8433891868026449
156,221,0,0.0001558533398387556,2.920468914912583e-06,2.920468914912583e-06,0.19181934237822498
156,270,0,8.987146984212694e-05,-6.262417899459639e-06,6.262417899459639e-06,0.7328844203167728
156,295,0,0.00017475082014127945,1.6029812815718847e-05,1.6029812815718847e-05,0.8242560055502749
156,361,0,0.0001956716895019088,6.100507140074081e-06,6.100507140074081e-06,0.15974107192626683
156,367,0,0.0001500230253814897,-1.3354860292331174e-05,1.3354860292331174e-05,0.9343083931841382
157,315,0,0.0001921593666854219,-9.405774186122034e-06,9.405774186122034e-06,0.22646216579291564
157,402,0,0.00022085073445087707,3.7118490199835626e-06,3.7118490199835626e-06,0.26338854189996463
157,471,0,0.0002175777260459298,-1.0375024321369908e-05,1.0375024321369908e-05,0.059728715786233504
158,322,0,0.00018105057802630963,-1.5619700121261276e-05,1.5619700121261276e-05,0.6843991325644861
158,365,0,0.00023054457514849944,4.448852172830469e-06,4.448852172830469e-06,0.010962674956468431
158,436,0,0.0001279886765131249,1.2737272966593036e-05,1.2737272966593036e-05,0.6714121091610739
158,469,0,0.00021783569407522974,7.647258026122509e-06,7.647258026122509e-06,0.4995089825509213
159,243,0,0.00020735294508074367,-1.4784547398446625e-05,1.4784547398446625e-05,0.6500646898476509
159,249,0,0.00021367516521564458,1.6730838087070386e-05,1.6730838087070386e-05,0.7258344801924609
159,343,0,0.00025223455884919305,1.6933451429420028e-05,1.6933451429420028e-05,0.702601077325342
159,375,0,0.0002216988334329065,4.990034007984634e-06,4.990034007984634e-06,0.25929967571414037
160,260,0,7.331525125446612e-05,3.980226728512201e-06,3.980226728512201e-06,0.5110167796125168
160,282,0,0.00021791484051129412,1.4411766435409763e-05,1.4411766435409763e-05,0.482481541983967
160,396,0,0.0001657732572673586,5.788185050805137e-06,5.788185050805137e-06,0.09592612402224017
160,452,0,0.0002324319230455686,-2.5530711315436655e-05,2.5530711315436655e-05,0.9495271474812802
161,449,0,0.00021353382448904807,1.8974017889243633e-05,1.8974017889243633e-05,0.47177441636934137
161,492,0,0.0002528467853134583,4.9935673633091545e-06,4.9935673633091545e-06,0.17283618527089475
162,204,0,0.0002481412913535945,-1.988465565225037e-05,1.988465565225037e-05,0.5678871398045771
162,209,0,0.00017748719063904192,1.2676236416479887e-06,1.2676236416479887e-06,0.053133805346844316
162,236,0,0.00023822398958903292,2.72951131074322e-05,2.72951131074322e-05,0.9451318658861362
162,327,0,0.00015188632216660825,-1.5068125029960635e-05,1.5068125029960635e-05,0.8882361231491651
162,419,0,0.00025581172947848797,6.390043933163135e-06,6.390043933163135e-06,0.006720730649318966
163,309,0,0.00017472591861146164,-1.3283867466501425e-05,1.3283867466501425e-05,0.4336076722066938
163,387,0,0.0001525619391219126,4.328825324098695e-06,4.328825324098695e-06,0.09115668508762224
163,427,0,0.00023427610237090137,-1.3449427818404988e-05,1.3449427818404988e-05,0.3975071711050788
163,430,0,0.00025244581130562816,8.295334890517035e-06,8.295334890517035e-06,0.2716495383255781
163,471,0,0.00018597370540534753,1.4109135070371266e-05,1.4109135070371266e-05,0.6765642849204272
164,382,0,0.00020756305713644279,3.0234731508050774e-06,3.0234731508050774e-06,0.06447786252741407
164,412,0,0.0001872048948741877,-8.325527379690466e-06,8.325527379690466e-06,0.33554073391452915
164,458,0,0.00030557970615880954,-4.084914356921236e-05,4.084914356921236e-05,0.9691544616538863
165,247,0,0.00015409858807490605,1.9144385210254297e-05,1.9144385210254297e-05,0.975192281463214
165,312,0,0.00022702463130258916,-3.7538627720505927e-06,3.7538627720505927e-06,0.3765894913839299
165,362,0,0.00022328345836325668,1.3635499462519789e-05,1.3635499462519789e-05,0.3295919735533096
165,363,0,0.00019709584743656458,-2.4325455182402185e-05,2.4325455182402185e-05,0.9705580482584995
165,457,0,0.00022478666576419487,2.2979268533133623e-06,2.2979268533133623e-06,0.24843823289629008
166,190,0,0.00018591506600577437,2.3351824445234454e-05,2.3351824445234454e-05,0.8619943268550384
166,220,0,0.000147744246770239,-1.6956425922104117e-07,1.6956425922104117e-07,0.016970436846483042
166,295,0,0.00018080440813063715,-2.281915122511026e-05,2.281915122511026e-05,0.7800293417068492
166,464,0,0.00015202715458489488,-3.6310896093242886e-07,3.6310896093242886e-07,0.3307374938524679
167,273,0,6.306472189300473e-05,-4.747257940259124e-07,4.747257940259124e-07,0.03338276858343886
167,319,0,0.00010097833803929908,-1.0722757768543972e-05,1.0722757768543972e-05,0.9774668628087272
167,337,0,0.0001200542086817003,-1.0188793455506297e-06,1.0188793455506297e-06,0.03561329488291105
168,257,1,0.0004404165648312523,2.0997166959683142e-05,2.0997166959683142e-05,0.3055958168439729
168,263,0,0.00027326440776405863,1.6691069627285105e-05,1.6691069627285105e-05,0.4515649031433734
168,437,0,0.0003057554383407767,1.2251617766326521e-05,1.2251617766326521e-05,0.3488934292164243
168,493,0,0.00024459419425616757,-2.8922125978692686e-05,2.8922125978692686e-05,0.9218542511720913
169,239,0,0.00015014512627729246,-2.0764689017177633e-05,2.0764689017177633e-05,0.905001965146461
169,310,1,0.00021209646591049153,4.3227060051990305e-06,4.3227060051990305e-06,0.0755277771220001
170,192,0,0.00012772593266017454,2.9175134789760797e-06,2.9175134789760797e-06,0.046920456282720915
170,213,0,0.00020288339692357883,7.536257018194217e-06,7.536257018194217e-06,0.08058188518744287
170,229,0,0.00023837387179144966,-6.847760088287061e-06,6.847760088287061e-06,0.22571563712567896
170,390,0,0.00020372781400971798,2.5757351135782005e-05,2.5757351135782005e-05,0.8350174164063154
170,483,1,0.00043669974010174023,-2.936336154480474e-05,2.936336154480474e-05,0.5484306287750169
171,177,0,0.00029692818401374875,-1.9116215767396813e-05,1.9116215767396813e-05,0.496581803317903
171,245,0,0.00015112744975262377,-8.810905307017255e-06,8.810905307017255e-06,0.34743524948919946
171,391,0,0.00029514344622003785,-2.8178373992934265e-05,2.8178373992934265e-05,0.7494876059134699
172,173,2,0.0031363800832622953,0.00034822004579300334,0.00034822004579300334,0.9934217008740256
172,189,1,0.0004648676503799205,-1.1194973047899998e-05,1.1194973047899998e-05,0.2483872840477866
172,227,2,0.002789734171937805,-0.00030738500133717627,0.00030738500133717627,0.8924781543296411
172,234,1,0.00040846577813610335,4.585922786371431e-06,4.585922786371431e-06,0.21463259242851665
172,414,1,0.0004804121144753367,-1.663018651551587e-05,1.663018651551587e-05,0.016979457690142585
172,445,1,0.0004140861747796523,-1.7595807679135744e-05,1.7595807679135744e-05,0.5364558451136074
173,395,2,0.0031379884719937197,0.0003339315901560752,0.0003339315901560752,0.7324767809673668
173,458,1,0.0002460927567815732,1.57791734913114e-05,1.57791734913114e-05,0.42051864232674463
175,280,2,0.0012444351386579479,0.0001112111936762095,0.0001112111936762095,0.7774131665624384
175,305,1,0.00019469664106301138,1.5946621272167836e-06,1.5946621272167836e-06,0.014576141724777381
175,439,2,0.0013435668786555039,1.3136664687761831e-05,1.3136664687761831e-05,0.05218382849283089
176,259,0,0.00032153733463479784,-1.6652557335412683e-05,1.6652557335412683e-05,0.25679954377505826
176,479,0,0.00039580002644117425,-1.54256948476312e-05,1.54256948476312e-05,0.19512034402231085
176,481,0,0.000322820352591159,-8.563199412919738e-06,8.563199412919738e-06,0.12514445214677078
177,202,0,0.00018709505095984336,-1.3629890246502013e-05,1.3629890246502013e-05,0.5687591631684346
177,415,0,0.0003044445885869482,2.4624698508468723e-08,2.4624698508468723e-08,0.1696937693762017
179,259,0,0.0003058068371909043,-1.0925790154640212e-05,1.0925790154640212e-05,0.27220612373794256
179,277,0,0.00016190034235631775,-1.1612813993334615e-07,1.1612813993334615e-07,0.0654659758854143
179,420,0,0.0003107943160039879,-6.407783239339699e-06,6.407783239339699e-06,0.14449945431919015
179,429,0,0.00015416037692380318,-1.8775384143110898e-05,1.8775384143110898e-05,0.9040775156988847
180,181,0,0.00018826640753709376,-9.155560250095444e-06,9.155560250095444e-06,0.08295010338973458
180,340,0,0.0001740085849050734,1.231351296740141e-05,1.231351296740141e-05,0.6158884796510652
180,365,0,0.00022197099305337487,-8.057317796630506e-06,8.057317796630506e-06,0.11249263848770506
180,421,0,0.00018997099922757877,-1.9012444210701094e-05,1.9012444210701094e-05,0.3974938974026778
180,488,0,0.0002710603557725136,-5.0302725304594996e-05,5.0302725304594996e-05,0.9544575928016342
181,233,0,0.00014123872135753536,4.701838052048396e-06,4.701838052048396e-06,0.38627557047816063
181,253,0,0.00014372415991071026,-1.793852480591581e-05,1.793852480591581e-05,0.9850120331952198
181,340,0,5.539607827329344e-05,6.613998154947645e-06,6.613998154947645e-06,0.5188221226716122
181,428,0,0.00015955309351071834,8.827124763542957e-06,8.827124763542957e-06,0.4127935169439905
181,438,0,0.00023752510230990915,-7.175207556644481e-06,7.175207556644481e-06,0.296269777728313
182,258,0,0.00014456718374488437,3.5047976276446173e-06,3.5047976276446173e-06,0.07863341241896254
182,313,0,0.00012650660188428682,1.054174532762434e-05,1.054174532762434e-05,0.7116999899308176
182,329,0,0.00020816325226732872,1.5490110666045706e-05,1.5490110666045706e-05,0.6481663030928158
182,463,0,0.00018550648177463787,-7.355656877393015e-06,7.355656877393015e-06,0.43224646538123823
182,493,0,0.00014042116548899398,-2.5703089896485834e-06,2.5703089896485834e-06,0.22790621380033463
183,301,0,0.0001524576356391959,-5.751214660206509e-06,5.751214660206509e-06,0.3759943612669889
183,469,0,0.000280912204139205,5.803616384216847e-06,5.803616384216847e-06,0.31446057530933963
184,251,1,0.00042116002710072977,3.419450429590243e-05,3.419450429590243e-05,0.1546742265886175
184,252,0,0.0002491721700444781,1.4606491297540125e-05,1.4606491297540125e-05,0.743629557545998
184,433,0,0.00015918457721509198,-1.6666492772804125e-05,1.6666492772804125e-05,0.6125599041005328
184,436,0,0.00026398602235088516,-3.213450282058021e-05,3.213450282058021e-05,0.4752277036124745
185,197,0,0.0002197687810065205,2.43151302069027e-05,2.43151302069027e-05,0.7426329202761792
185,207,0,0.00021603863425434663,2.3195818437330763e-05,2.3195818437330763e-05,0.6666440731605827
185,336,0,0.0001501070788863696,-1.2208877462445442e-05,1.2208877462445442e-05,0.8895023880066232
185,342,0,0.00011763119428629992,-4.502235066200704e-06,4.502235066200704e-06,0.15563858635157404
185,490,1,0.0002717896844526616,-2.5528387971197785e-05,2.5528387971197785e-05,0.6132833294388063
186,320,0,0.00021958571283318902,1.8925665971427005e-05,1.8925665971427005e-05,0.7727083632126391
186,400,0,0.00019529799458246251,-1.1448335877575257e-05,1.1448335877575257e-05,0.4294289825230998
187,206,0,0.00014359311705413642,1.7515908410793813e-05,1.7515908410793813e-05,0.9517843250708322
187,244,0,0.00022995434431265067,2.0425480013678307e-06,2.0425480013678307e-06,0.011057721246997896
187,256,0,0.00021360199366223377,7.314543931656532e-07,7.314543931656532e-07,0.044196501243373446
188,230,0,0.00014371348657618138,1.0143897433858198e-05,1.0143897433858198e-05,0.5714780599568138
188,296,0,0.00024212855690754,7.862579307898476e-06,7.862579307898476e-06,0.4374936041936131
188,301,0,0.0002460745133320642,-2.9612951315194955e-05,2.9612951315194955e-05,0.7960797513837556
188,435,0,0.00010099359094023526,1.465629385472116e-05,1.465629385472116e-05,0.8221530193243445
188,469,0,4.922386532994271e-05,-3.049819281287109e-06,3.049819281287109e-06,0.04380491105122537
189,278,0,0.00021113953008321384,8.405741993257755e-06,8.405741993257755e-06,0.1640587215936998
189,387,0,0.00017937807909115648,1.2001554809722192e-05,1.2001554809722192e-05,0.2945888362942078
190,191,0,0.00021083794514273641,-2.0204794248682097e-05,2.0204794248682097e-05,0.685994255052774
190,277,0,0.000164354445914181,1.7693280197349672e-05,1.7693280197349672e-05,0.923084718788531
190,397,0,0.0001301359331731329,-1.933983097928313e-07,1.933983097928313e-07,0.1125053181895296
190,453,0,0.0001343143292867872,6.121227520894702e-06,6.121227520894702e-06,0.42781884201458387
190,481,0,0.0002036169056142838,1.9935509285515e-05,1.9935509285515e-05,0.7505382020129108
191,331,0,0.00022675150684501883,-2.0883025689863492e-05,2.0883025689863492e-05,0.8396253852345684
191,422,0,0.00019489810931887664,6.468547457499631e-06,6.468547457499631e-06,0.305230981281096
191,429,0,0.0002451267372372026,2.0200930204368017e-05,2.0200930204368017e-05,0.5786137876267824
191,482,0,0.0002549934093775784,-2.5991246220497644e-05,2.5991246220497644e-05,0.7037962554076321
192,208,0,0.00026590337214966536,2.2699329108397192e-05,2.2699329108397192e-05,0.5737734222134868
192,229,0,0.00025484019057397836,-1.3141842699026493e-05,1.3141842699026493e-05,0.2770367419482546
192,240,0,0.00020153183319045954,-2.6338078571891632e-05,2.6338078571891632e-05,0.8365151286968155
192,300,0,0.00017234453276259603,-2.189781901082826e-05,2.189781901082826e-05,0.6319660590636914
192,359,0,0.0001893570679528777,1.9314438274054847e-05,1.9314438274054847e-05,0.4770605296684252
192,390,0,5.728036955214379e-05,5.933572202945375e-06,5.933572202945375e-06,0.7566877232444197
193,290,0,0.00016449854402639618,-9.797170771019741e-06,9.797170771019741e-06,0.3218388865650996
193,346,1,0.00017747354190432633,-7.115721315678049e-06,7.115721315678049e-06,0.2993622636462471
193,445,0,0.00018474138087847433,2.302839904998526e-05,2.302839904998526e-05,0.5635148169600364
193,489,0,0.00016102172757707722,-7.642231831145697e-06,7.642231831145697e-06,0.507450177691598
194,327,0,0.00020987525018952648,2.1323955905354667e-05,2.1323955905354667e-05,0.8709011222496454
194,332,0,0.00024919735305586893,4.007774728283481e-06,4.007774728283481e-06,0.25966502146043374
194,342,0,0.0001846435864593619,-7.918931928244331e-06,7.918931928244331e-06,0.08453714640661526
194,403,1,0.0005093181878879515,1.6626864996327417e-05,1.6626864996327417e-05,0.18190362921821737
194,408,0,0.00027290237803755053,-2.809504770186493e-05,2.809504770186493e-05,0.6528859833151058
194,437,0,0.00014548441047225778,-8.04951217720411e-06,8.04951217720411e-06,0.4635287331627394
195,240,0,0.00022479446633860212,-1.34382230636411e-05,1.34382230636411e-05,0.48685186735012764
195,430,0,0.00029626958254256995,3.395186714011736e-05,3.395186714011736e-05,0.6474127813185547
195,491,0,0.0002176523950707067,-2.327200045363792e-05,2.327200045363792e-05,0.9972470541107036
195,496,0,0.00024261805088649177,2.7583563771610627e-06,2.7583563771610627e-06,0.3228196165861921
196,310,2,0.003054424380455014,0.00022543473128899222,0.00022543473128899222,0.757026886145251
196,323,1,0.0004222905179422033,-1.2302048584418866e-05,1.2302048584418866e-05,0.08620002661672727
196,377,2,0.003066978269619628,-0.000343078445060136,0.000343078445060136,0.8631400205792824
196,417,1,0.0005523133134550387,-7.804653844502433e-05,7.804653844502433e-05,0.5981572216879547
196,454,2,0.0028415608428453277,0.00020799230080062266,0.00020799230080062266,0.5041670454994744
197,264,0,2.3164900745645068e-05,2.492459552888258e-06,2.492459552888258e-06,0.6347706259328422
197,341,0,0.00020359893733544135,1.804510328720035e-05,1.804510328720035e-05,0.7151184677977652
197,348,0,0.00010896345242734248,1.8384341466701897e-07,1.8384341466701897e-07,0.13056014503647823
197,440,0,0.0001241805270438518,1.8765845572165556e-06,1.8765845572165556e-06,0.0982206013473528
197,461,0,0.0001560315305365374,-1.3130434648195668e-05,1.3130434648195668e-05,0.7647480799445444
198,336,0,0.0002170381103641941,2.7590652934377045e-05,2.7590652934377045e-05,0.8892695222521526
198,393,0,0.00023065923250476666,6.13507656161937e-06,6.13507656161937e-06,0.2923912932511096
198,401,0,0.0002734298896324224,-2.9483464263058253e-05,2.9483464263058253e-05,0.8466005761760091
198,409,0,0.00022626930675021775,3.1195345432206296e-06,3.1195345432206296e-06,0.041708298471326885
198,472,1,0.00031673168269570184,-1.0260573079456552e-05,1.0260573079456552e-05,0.07162781071824732
198,473,0,9.182232659906605e-05,2.89877330342447e-06,2.89877330342447e-06,0.09539455422195653
199,205,0,0.00025524233572617975,2.0371234659604362e-05,2.0371234659604362e-05,0.39366044663584066
199,399,1,0.00044362001516904564,-8.042919572124763e-06,8.042919572124763e-06,0.0006071442776579665
199,423,0,0.00020260721030225211,2.8206061709595493e-05,2.8206061709595493e-05,0.9085558539766644
200,281,1,0.00017033841838552425,-1.972797860889763e-06,1.972797860889763e-06,0.04706358133500407
200,305,0,8.51705828370277e-05,1.7289429623857385e-06,1.7289429623857385e-06,0.012249860835713137
201,236,0,0.0002665915438321757,2.1574979132258245e-06,2.1574979132258245e-06,0.10167623705383044
201,239,0,0.0001528849567383438,1.8020646449456726e-05,1.8020646449456726e-05,0.7377950820648198
202,245,0,0.00019923790290018176,1.5725619889499584e-05,1.5725619889499584e-05,0.6895210496577285
202,297,0,0.000216630930127923,-8.751997290582014e-06,8.751997290582014e-06,0.2559620319292828
202,347,0,0.0001650041050852634,-2.899089693607336e-07,2.899089693607336e-07,0.1622165657566952
202,391,0,8.839668022674361e-05,3.6911384111645334e-06,3.6911384111645334e-06,0.31995008132081937
202,486,0,0.00023815752383360658,-1.7311252789374625e-05,1.7311252789374625e-05,0.6004453298911784
203,272,0,8.35026987740131e-05,5.747069237521832e-06,5.747069237521832e-06,0.6526255627196734
203,372,0,8.496981430780796e-05,6.066851044113473e-06,6.066851044113473e-06,0.7185327123018527
203,462,0,0.00015652010763711675,-2.1374001075475452e-05,2.1374001075475452e-05,0.8528436307234422
203,489,0,0.00014933439720323283,9.56008079383204e-06,9.56008079383204e-06,0.506407960124431
204,209,0,0.00015534276016178773,1.3557767084403342e-05,1.3557767084403342e-05,0.5988306047681271
204,268,0,0.0002421101239685345,-1.1080254449926502e-05,1.1080254449926502e-05,0.49555298393532854
204,324,1,0.00023749862600463793,-1.1572510090144016e-05,1.1572510090144016e-05,0.16706050209298554
204,332,0,0.00022849972690630192,-2.3899348012906452e-05,2.3899348012906452e-05,0.974717048570908
205,423,0,0.00025245570889267965,1.4996914562406548e-05,1.4996914562406548e-05,0.5812308348846658
205,493,0,0.00024092557725379204,7.880472219408205e-06,7.880472219408205e-06,0.3909590612532623
206,276,0,0.0001634548876166145,-9.413352959373212e-07,9.413352959373212e-07,0.03040740998496256
206,352,0,0.00020862745270054965,-1.3918968532036826e-05,1.3918968532036826e-05,0.5630729847864893
206,407,0,0.00014640263764672512,5.838331487829093e-06,5.838331487829093e-06,0.17070937343258052
206,497,0,0.00020130579283789826,-4.922637254488532e-06,4.922637254488532e-06,0.07436186459422113
207,229,0,0.00015822613164816866,1.4966426891401537e-05,1.4966426891401537e-05,0.7649714494046231
207,230,0,0.00025673836449831397,1.0208920592600911e-06,1.0208920592600911e-06,0.0734997026007374
207,264,0,0.00024004746966646331,2.6613376575130654e-05,2.6613376575130654e-05,0.7488137348659889
207,266,0,0.000241264013646439,-2.7399954042797295e-05,2.7399954042797295e-05,0.6925576184371184
207,435,0,0.00010183092857215979,7.995076954518379e-06,7.995076954518379e-06,0.2590781050963751
208,213,0,0.0001650445570874567,-1.1728571456922518e-05,1.1728571456922518e-05,0.516154907849535
208,219,0,0.00011778916789015976,5.163159022834119e-06,5.163159022834119e-06,0.3717578758628512
208,377,1,0.0002465487005818607,1.5753273419952782e-05,1.5753273419952782e-05,0.471876797016633
208,470,0,0.0002657766889582904,1.3511468122538825e-05,1.3511468122538825e-05,0.5664075782367566
209,414,0,0.0002109699152060165,5.745621964595494e-07,5.745621964595494e-07,0.05665737913434088
209,464,0,0.00012541474668925133,1.3381365010501746e-05,1.3381365010501746e-05,0.9107804293344025
210,369,0,0.00018203322554588572,7.547729740330611e-06,7.547729740330611e-06,0.3781504286031112
210,424,0,0.00018511970655886762,1.3862678934704049e-05,1.3862678934704049e-05,0.702974582960198
210,477,0,0.0001627272950170645,-7.1549533770912355e-06,7.1549533770912355e-06,0.3127724821009991
211,279,0,0.00012109612657831723,6.784225623717123e-06,6.784225623717123e-06,0.5780212609180556
211,460,0,0.00020897803693168776,-2.2988326179970492e-05,2.2988326179970492e-05,0.7137729671433318
211,477,0,0.0001429887041427798,1.2293496616533248e-05,1.2293496616533248e-05,0.5583550206691911
211,485,0,0.00022559798098841497,3.1024387457148437e-06,3.1024387457148437e-06,0.2054633322497017
211,499,0,0.00019348236826860173,6.4490059655519774e-06,6.4490059655519774e-06,0.34444900989895183
212,237,0,7.174708221158893e-05,5.479318145240079e-06,5.479318145240079e-06,0.7323197210761183
212,254,0,0.00020467675485315493,1.939627381446333e-05,1.939627381446333e-05,0.9632531540132907
212,315,0,0.00023833162152943203,-6.8537758255631755e-06,6.8537758255631755e-06,0.30486704632583506
212,441,0,0.0001701218136252022,-8.589597625011004e-06,8.589597625011004e-06,0.17343785403588544
213,314,0,0.0001869509429846794,6.985544219824486e-06,6.985544219824486e-06,0.42587977719967124
213,430,0,0.0002998638311829077,8.811418763424039e-06,8.811418763424039e-06,0.29288646418179715
213,434,0,0.00024029014798660536,-3.735674203574926e-05,3.735674203574926e-05,0.9699128239712316
213,443,0,0.00023775297314873004,2.641986674824043e-07,2.641986674824043e-07,0.4008793486947305
213,470,0,0.00014030486535380554,1.7103265946231995e-05,1.7103265946231995e-05,0.996398310136544
214,267,0,0.00017295209297965504,-1.1288656759040167e-05,1.1288656759040167e-05,0.49053818746121985
214,286,0,3.346547202502962e-05,2.878488326564955e-07,2.878488326564955e-07,0.26301956555830525
214,376,0,0.00024465288343388165,-8.079769435192852e-06,8.079769435192852e-06,0.29723607520064943
214,465,0,0.0002656781888342314,-1.8256683054925385e-05,1.8256683054925385e-05,0.5747246146854227
214,494,0,0.00014599505465219236,1.78210074773752e-05,1.78210074773752e-05,0.9978912425590493
215,344,1,0.0003863094580708532,2.475769466747569e-05,2.475769466747569e-05,0.2056764737262778
216,328,0,0.00021084651095388846,6.074603967772539e-06,6.074603967772539e-06,0.4515753470560646
216,341,0,0.00017714734184762993,-1.6014026429671202e-05,1.6014026429671202e-05,0.4745520021420035
216,350,0,0.0001798835077166818,1.672275490183218e-05,1.672275490183218e-05,0.9213635521656621
216,385,1,0.0002905918949524514,2.6786068794784584e-05,2.6786068794784584e-05,0.7964958524992987
216,419,0,0.00025632503183809814,-1.5191648035851073e-05,1.5191648035851073e-05,0.21635892846326188
217,290,1,0.00024028347870941278,-1.6477457234989252e-05,1.6477457234989252e-05,0.5916431574458226
217,324,2,0.0014745416059786603,-2.243532951865329e-05,2.243532951865329e-05,0.13790850736837332
217,405,1,0.00033364719611588017,-2.2134354512909516e-05,2.2134354512909516e-05,0.37428758322920186
217,452,1,0.0004287906666964551,-8.499655816963763e-06,8.499655816963763e-06,0.33111965959056283
218,247,0,0.00013465721846095828,-9.282875297245317e-06,9.282875297245317e-06,0.6716690843265579
218,282,0,0.00011077630541693096,3.0324145595427596e-06,3.0324145595427596e-06,0.27604748631948234
218,349,0,4.9665860369455225e-05,-2.256128800937489e-06,2.256128800937489e-06,0.452365849795022
218,442,0,0.00022359681610178102,9.872094255913319e-06,9.872094255913319e-06,0.2535268346940495
219,323,0,0.00015971996495753223,1.6417870229898313e-05,1.6417870229898313e-05,0.8178640951790591
219,417,0,0.00020707751551947177,-1.9434504210412125e-06,1.9434504210412125e-06,0.234994801310462
219,430,0,0.00021078554333686273,-1.80247421192195e-05,1.80247421192195e-05,0.5187958619850831
219,458,0,0.0002058823907850953,8.713481333165236e-06,8.713481333165236e-06,0.5014485897243343
220,360,0,0.0002235033817452696,2.2349859762116047e-05,2.2349859762116047e-05,0.8868515720505332
220,419,0,0.0002485433602370021,-2.239381644352506e-05,2.239381644352506e-05,0.6749182578619976
220,464,0,0.00010123436075357247,-1.2560757783802115e-07,1.2560757783802115e-07,0.31242817675754925
221,268,0,0.00019864750302409046,-8.527371558859304e-06,8.527371558859304e-06,0.34456169044903007
221,298,0,0.00021079700546338848,1.5076609203202013e-05,1.5076609203202013e-05,0.4251360823116306
221,327,0,0.00019896796985027058,-3.2300440291351512e-06,3.2300440291351512e-06,0.20749954446930102
222,395,1,0.00041710191362798773,-8.846582058166662e-06,8.846582058166662e-06,0.2488460554315774
222,450,0,6.643093012113605e-05,3.460927509474615e-06,3.460927509474615e-06,0.3487869320474949
222,453,0,0.0002450034890457665,1.0467925852109254e-06,1.0467925852109254e-06,0.11003981812510788
223,468,0,0.0002350403576409738,2.008773991608869e-05,2.008773991608869e-05,0.7682623798065242
224,349,0,0.0001682789633324131,-6.786106741719719e-06,6.786106741719719e-06,0.2764844335181459
224,441,0,9.282144907404249e-05,9.446158784145131e-06,9.446158784145131e-06,0.693406077004938
224,486,0,0.00024300347735254575,3.130753062215734e-05,3.130753062215734e-05,0.9210252990947577
225,283,0,0.00013456384873732752,5.486321168281121e-06,5.486321168281121e-06,0.5253731573485151
225,307,0,0.0001808008551933985,1.4754306444931733e-05,1.4754306444931733e-05,0.9860375307914597
225,477,0,0.0001967195629495902,-2.0240627613231587e-05,2.0240627613231587e-05,0.5332740045773366
226,363,0,0.00015510924101347533,9.485959137535631e-08,9.485959137535631e-08,0.21974173940265646
226,461,0,6.914243768179801e-05,8.513700589046018e-06,8.513700589046018e-06,0.8678301634567797
226,473,0,0.00019737018471273089,-1.583757541114603e-05,1.583757541114603e-05,0.4595204928958968
227,346,2,0.0026764332961127435,-0.00025976232641840806,0.00025976232641840806,0.7201946701553672
227,404,1,0.00047255717699175005,-1.3179939155444907e-05,1.3179939155444907e-05,0.22780881420330962
227,414,1,0.0004541978031343079,3.432274359511477e-05,3.432274359511477e-05,0.7868887195847529
227,489,1,0.0005409606884188722,-5.648805337001609e-05,5.648805337001609e-05,0.890757686693782
228,261,0,0.0001297761751071985,-7.829290948190778e-06,7.829290948190778e-06,0.4903178626533897
228,317,0,0.00016468260171302078,4.064924135904678e-07,4.064924135904678e-07,0.25327387859044254
228,344,0,0.0001646522254900947,-8.673778742433085e-06,8.673778742433085e-06,0.2692340302343461
228,376,0,5.131400263131153e-05,3.817942015470664e-06,3.817942015470664e-06,0.6908541065083657
228,488,0,0.00021410254685308696,1.2847757570815794e-05,1.2847757570815794e-05,0.5031907488950405
229,230,0,0.00019866577968739846,-1.800159368344699e-05,1.800159368344699e-05,0.8479416386196128
229,300,0,0.00020635398759216586,-1.557754580918248e-05,1.557754580918248e-05,0.36990111762611994
229,432,0,0.00030614598947071523,3.348298503790742e-05,3.348298503790742e-05,0.7270475738019804
229,435,0,0.00030649074794710115,-4.927021441197617e-06,4.927021441197617e-06,0.43901378451463996
230,240,0,0.00026989945709061854,3.1016815615316112e-06,3.1016815615316112e-06,0.29227066622074205
230,266,0,0.00010374638617825519,-1.2194841250050836e-05,1.2194841250050836e-05,0.5899397054919368
230,300,0,0.0001492000713232924,2.2563554981556116e-06,2.2563554981556116e-06,0.47080544043976474
231,253,0,0.00018360626069260274,5.7821894136038395e-06,5.7821894136038395e-06,0.44367690711269714
231,371,0,0.00027980742152578186,-1.529733555027429e-06,1.529733555027429e-06,0.11720634152827047
231,375,0,1.8654343572423317e-05,9.78440824613549e-07,9.78440824613549e-07,0.5686678876299447
231,409,0,0.00016435011475785937,1.8030521924792018e-06,1.8030521924792018e-06,0.22846120976360304
231,438,0,0.00020350722979587448,2.5661508448378243e-05,2.5661508448378243e-05,0.9884149842017657
232,417,0,0.00024303709399686654,2.564357389624934e-05,2.564357389624934e-05,0.28936230629223325
233,262,0,0.00014707855200592453,-1.5618451433087013e-05,1.5618451433087013e-05,0.9754408341165506
233,428,0,0.00018858787828457494,4.155355082802532e-06,4.155355082802532e-06,0.0698679032614176
233,438,0,0.00015904846856578569,-1.00992937923225e-05,1.00992937923225e-05,0.6321983255881448
233,498,0,0.0001817769989624502,3.146458626924166e-05,3.146458626924166e-05,0.7710990198261185
234,496,0,0.0002319440031843968,-1.5574085462629127e-05,1.5574085462629127e-05,0.26098806875782243
235,248,1,0.00011560078461375212,-9.322957194480126e-08,9.322957194480126e-08,0.19252829008218647
235,255,0,0.00014275931533252808,3.969886031335459e-08,3.969886031335459e-08,0.09549623446956006
235,400,0,0.0002520325548378352,1.111127809871499e-05,1.111127809871499e-05,0.37875892149116464
235,422,0,0.00025668083220509587,4.983374611439671e-06,4.983374611439671e-06,0.24913121813528585
235,442,0,0.00024462310442334147,-2.458234207794387e-05,2.458234207794387e-05,0.6043540849342066
236,350,0,0.0002827750094333277,1.7711173873952278e-05,1.7711173873952278e-05,0.2429246711227514
237,254,0,0.00021810223803467318,4.0120969616673785e-06,4.0120969616673785e-06,0.20405668816810277
237,273,0,0.00016851133766575152,1.8760183593160375e-05,1.8760183593160375e-05,0.930471741564284
237,389,0,0.00014515386195893015,7.005877652444688e-06,7.005877652444688e-06,0.20129113242848043
237,426,0,0.00016098813022203082,2.440991299419008e-07,2.440991299419008e-07,0.11659523331719665
237,486,0,0.0002459408844074988,-2.4542939191969e-05,2.4542939191969e-05,0.6600740075576457
238,385,1,0.0005108687317049952,-1.0972666630247065e-05,1.0972666630247065e-05,0.3333147044297822
238,400,0,0.00024505528879935215,1.4605295612822371e-06,1.4605295612822371e-06,0.010372915289943274
238,451,0,0.00023370889304994972,9.996655375439259e-06,9.996655375439259e-06,0.466983010113397
239,293,0,0.00015422488478440645,6.144535433075661e-06,6.144535433075661e-06,0.5332331177196591
239,417,0,0.00015712021477804733,-8.86725339698102e-06,8.86725339698102e-06,0.3178779008389674
240,292,0,0.0002707767696668338,-3.567883241989913e-05,3.567883241989913e-05,0.6874325986883044
240,338,0,0.00023723095796073388,1.1993362150017037e-05,1.1993362150017037e-05,0.26711270997098857
240,491,0,0.00027552809258304446,-1.2989149804354148e-05,1.2989149804354148e-05,0.5840343601913518
241,463,0,0.00017131599114610885,1.3716243510709466e-05,1.3716243510709466e-05,0.5121443646921778
241,493,0,0.0002979906044649293,3.0219664223063836e-05,3.0219664223063836e-05,0.7493908802319136
242,290,1,0.0002811503711683195,8.225833521554265e-06,8.225833521554265e-06,0.19811211285275862
242,324,2,0.001957991610364796,0.00016176481131285084,0.00016176481131285084,0.9458565990361966
242,332,1,0.00042523153698329066,1.1375754505610949e-05,1.1375754505610949e-05,0.158658394041516
242,346,2,0.0029414282047479203,0.00014330938598026546,0.00014330938598026546,0.2298846167760799
242,394,1,0.0002718087718219123,-1.639494728930845e-05,1.639494728930845e-05,0.7439973760576497
242,406,2,0.003004589306556764,-0.0002926843708754743,0.0002926843708754743,0.9222353692907633
242,431,1,0.00040311220355776555,-1.5596467155677834e-05,1.5596467155677834e-05,0.4691006539605988
243,462,0,0.00022232638733133659,1.816938923567938e-05,1.816938923567938e-05,0.7242017105634305
244,256,0,0.00012505170073544536,-6.825355186597256e-07,6.825355186597256e-07,0.032210708739485366
244,276,0,8.511759539562171e-05,9.136652646215925e-06,9.136652646215925e-06,0.9197007364765204
244,352,0,0.00018854398400742448,8.745359731730293e-06,8.745359731730293e-06,0.4189610777663396
245,273,0,0.0002090179820037261,1.2437371170107483e-05,1.2437371170107483e-05,0.31757435243175236
245,347,0,0.00012400719685273434,-1.0005624478998709e-05,1.0005624478998709e-05,0.832755941722077
245,450,0,0.00010019044136384058,4.482967891332857e-06,4.482967891332857e-06,0.13002191874851007
246,284,1,0.0004873921195824648,-9.674981857845105e-06,9.674981857845105e-06,0.10063128365569773
246,395,2,0.0034883576494247033,-0.0003807894525657676,0.0003807894525657676,0.9797183956704079
247,442,0,0.00019666360544573337,2.224037198333513e-05,2.224037198333513e-05,0.8560884545702603
247,457,0,0.0002102130446377195,-2.3966800382230376e-05,2.3966800382230376e-05,0.63013403634406
248,306,2,0.0017941335838160054,6.257680083122454e-05,6.257680083122454e-05,0.42167330665379316
248,357,1,0.0002932210092204626,-2.6704483863511402e-05,2.6704483863511402e-05,0.7921681159093414
248,425,2,0.003396441348748255,-0.0001803582945226177,0.0001803582945226177,0.7196984595791321
249,263,0,0.0002280083295364818,1.5434674433754617e-05,1.5434674433754617e-05,0.4946349837881045
249,299,0,0.00024463746280981616,1.871113633925129e-05,1.871113633925129e-05,0.6765178968559573
250,302,0,7.781277063589323e-05,2.7593700531784054e-06,2.7593700531784054e-06,0.2318890481331865
250,303,1,0.0002684588429435169,-1.655629327170277e-05,1.655629327170277e-05,0.03880601856681378
250,405,0,0.0002507498280260732,1.8234095253802603e-05,1.8234095253802603e-05,0.8242185048232248
250,469,0,0.00013859767577146723,3.6152673847411536e-06,3.6152673847411536e-06,0.40798976334268217
250,475,0,0.0002800616821952858,-1.020160334484947e-05,1.020160334484947e-05,0.38477956382332146
251,425,2,0.0029701656483420323,0.00019352159144965978,0.00019352159144965978,0.7936759601161554
251,466,1,0.00032463157298951573,6.160170035599527e-06,6.160170035599527e-06,0.5652102999475421
251,498,1,0.0003691808358421293,-3.288971474801666e-05,3.288971474801666e-05,0.19380108160603265
252,309,0,0.0001414694561848615,-4.984784432059208e-06,4.984784432059208e-06,0.10022588140500026
252,315,0,0.00025815417031344577,2.9789404464835104e-05,2.9789404464835104e-05,0.8351311242572974
252,330,0,0.00015452662903728173,-1.9326733061105634e-05,1.9326733061105634e-05,0.9053585860585698
252,466,0,0.00021971729717350908,9.128604325877275e-06,9.128604325877275e-06,0.06339039427496258
253,438,0,0.00021881048087451566,2.0700339346895305e-05,2.0700339346895305e-05,0.5974666411852232
253,463,0,0.0001515382762279941,-8.520800066584359e-06,8.520800066584359e-06,0.5170770411197667
254,289,0,0.00020381491140228225,1.0694443163933731e-05,1.0694443163933731e-05,0.42573526342013585
254,319,0,1.4266167965404315e-05,-8.171195431151085e-08,8.171195431151085e-08,0.2911092475870461
254,426,0,8.978698917350981e-05,-1.5155354121705199e-06,1.5155354121705199e-06,0.28879588273889956
255,297,0,0.00021948426529366398,2.4371050371868448e-06,2.4371050371868448e-06,0.2004566677545454
255,422,0,0.00020650098298623321,3.951724911268254e-06,3.951724911268254e-06,0.15824275762345077
255,442,0,7.003461223224244e-05,-7.057301195000497e-06,7.057301195000497e-06,0.6611721362656858
256,356,0,0.0002498005303318118,1.279981322998261e-05,1.279981322998261e-05,0.4910939097281131
256,497,0,0.000262934624444243,2.4743466734665385e-05,2.4743466734665385e-05,0.8406212677757547
257,346,2,0.0018205230898424092,0.00015615569193574907,0.00015615569193574907,0.9222460403627607
257,394,1,0.00031049051876831484,-7.223186543601379e-06,7.223186543601379e-06,0.047057300021764864
257,406,2,0.0021195987482143823,-0.00012793533843284197,0.00012793533843284197,0.2589976774365758
258,313,0,0.0001768490367399094,1.0449341644769554e-05,1.0449341644769554e-05,0.6434440882119175
258,352,0,0.00014439360529957987,-1.5518259831884676e-05,1.5518259831884676e-05,0.6942140245031945
258,437,0,0.00017079082071398916,1.9772055877526608e-05,1.9772055877526608e-05,0.9294765632578447
259,353,0,0.00019204786068586618,5.5374267591649435e-06,5.5374267591649435e-06,0.1682037549407066
259,397,0,0.00014141512035260545,-1.0482939681576687e-05,1.0482939681576687e-05,0.842600524362663
259,429,0,0.00034838320914501935,-2.9983076453126718e-05,2.9983076453126718e-05,0.7393433459911093
259,481,0,0.00029093478731720814,7.350241885434252e-06,7.350241885434252e-06,0.0964892726558329
260,486,0,0.0002825702647884318,3.057623474008515e-05,3.057623474008515e-05,0.45886645995789477
261,317,0,0.0001909124584733334,1.1988829711384502e-05,1.1988829711384502e-05,0.24456894288301537
261,344,0,0.00022506716760753258,1.7217178975289261e-06,1.7217178975289261e-06,0.23187045101106937
261,488,0,0.00027761791745126537,3.340761872682329e-05,3.340761872682329e-05,0.973243166115064
262,329,0,0.00010413146680441992,6.170181956249538e-07,6.170181956249538e-07,0.13450852467610616
262,358,0,0.00011823272072913404,-8.380279963760387e-06,8.380279963760387e-06,0.5277524388085186
262,375,0,0.0002038627346229408,-6.309998179646326e-06,6.309998179646326e-06,0.25994846186189496
262,438,0,0.0002152802556322988,9.19096193074706e-06,9.19096193074706e-06,0.23771127283732618
262,463,0,0.00023927617116493465,-2.5875242767758894e-05,2.5875242767758894e-05,0.8942196918196251
263,270,0,0.00023873327826296102,1.5215718975714147e-05,1.5215718975714147e-05,0.6104359277541331
263,367,0,1.790459253889733e-05,7.949356457115687e-07,7.949356457115687e-07,0.3894548492678661
264,339,1,0.00038240055402517553,2.4245245383993292e-05,2.4245245383993292e-05,0.5485185138224423
264,435,0,0.000230743170416609,-7.465439746218602e-06,7.465439746218602e-06,0.3868044082173051
265,326,0,8.79569029254504e-05,-5.690286022278658e-06,5.690286022278658e-06,0.6780557216575427
265,410,0,0.000323300386718475,2.2823350512657014e-05,2.2823350512657014e-05,0.43078129052955
265,413,0,0.00028154619446986564,-1.9460723990006746e-05,1.9460723990006746e-05,0.7642371311950683
266,301,0,0.00016525309527027718,-1.2126410691470898e-05,1.2126410691470898e-05,0.7442853809596631
266,434,0,0.0002291304060769247,2.7166794706821767e-05,2.7166794706821767e-05,0.6007612170940063
266,490,1,0.0005261953699147348,-4.6161802017333785e-05,4.6161802017333785e-05,0.6296522873732535
267,356,0,0.0002654740964251523,-1.8695627095835247e-05,1.8695627095835247e-05,0.5352204627328001
267,376,0,0.00024252404561678006,7.820184107446868e-06,7.820184107446868e-06,0.20869500455959894
267,460,0,0.000259656606658041,-4.132137706464479e-07,4.132137706464479e-07,0.02649107792159457
268,346,1,0.0003463188052719756,-1.2764616394339218e-05,1.2764616394339218e-05,0.4122622265810096
268,404,0,0.0002258699345353124,7.297120886185373e-06,7.297120886185373e-06,0.02674952714351409
269,412,0,0.00017283146036271827,-7.857757007238859e-06,7.857757007238859e-06,0.3178624902174086
270,272,0,0.00011244740865147842,6.832353973914659e-07,6.832353973914659e-07,0.012006819262161947
270,299,0,0.0002541561408175403,-1.3964235038649739e-05,1.3964235038649739e-05,0.4367468104231808
270,361,0,0.00027171149833372823,2.7404602934951563e-05,2.7404602934951563e-05,0.9507836349351784
270,367,0,0.0001773585580716752,-3.4295474221813098e-06,3.4295474221813098e-06,0.19236607854734514
270,404,0,0.00020667648503445166,1.6079449636269965e-05,1.6079449636269965e-05,0.5632703737999438
272,500,0,0.0001553965390107792,-1.308688534343502e-05,1.308688534343502e-05,0.5920236564141129
273,389,0,0.00024127060062248743,-1.5215423456451926e-05,1.5215423456451926e-05,0.7506993364704044
274,422,0,0.0001351925188843417,-3.4558361010116967e-06,3.4558361010116967e-06,0.010419009397525505
274,453,0,0.00013717352667062604,1.1337817931957314e-05,1.1337817931957314e-05,0.7087580082691745
275,408,0,1.0540925533894598e-07,-4.5503017110753747e-10,4.5503017110753747e-10,0.36839913873333113
275,490,1,4.9576497213538895e-06,4.5503017074405156e-10,4.5503017074405156e-10,0.44392264042805496
276,364,0,0.0001626787342589687,8.19531735027532e-06,8.19531735027532e-06,0.36081370767016324
277,453,0,0.00023299103456513956,-1.446391822840009e-05,1.446391822840009e-05,0.39381359175388947
277,481,0,0.00021650686830025715,-2.1101286112433327e-06,2.1101286112433327e-06,0.0755440256102665
278,309,0,0.0001278496198611654,-9.883535100640174e-06,9.883535100640174e-06,0.38737179548304956
278,315,0,0.00019341064536221425,1.4181579746414467e-05,1.4181579746414467e-05,0.5159557047303738
278,345,0,0.0002639767167470547,-2.334140603259236e-05,2.334140603259236e-05,0.5101544534511554
278,387,0,0.00023746335904566417,6.434107894103284e-06,6.434107894103284e-06,0.13603590798691428
278,402,0,0.0001079187190933127,1.5009174083118141e-05,1.5009174083118141e-05,0.8968045604173379
278,441,0,0.00011641417865830159,6.0058214028646035e-06,6.0058214028646035e-06,0.5334322594504826
279,410,0,0.0003003761850186969,-1.7984322677064335e-05,1.7984322677064335e-05,0.7153356363262551
279,485,0,0.00015867055498235057,-6.7072273721929275e-06,6.7072273721929275e-06,0.3155193435265282
279,491,0,0.00028777449835868215,3.3206870210391546e-05,3.3206870210391546e-05,0.5819648327982614
279,499,0,7.6285749447587e-05,-1.7310945374184923e-06,1.7310945374184923e-06,0.17293400258522149
280,399,2,0.0028945230908862425,-0.0002652716367936378,0.0002652716367936378,0.8874619002227079
280,406,2,0.003316130837276418,0.0004794044401229871,0.0004794044401229871,0.9433988133882844
281,381,1,0.0003759183127789058,9.287813724267565e-06,9.287813724267565e-06,0.020291932633075337
281,411,1,0.0003966129232141196,4.593650934941845e-05,4.593650934941845e-05,0.8843041741355328
281,468,1,0.0004426343825395369,5.18224237959937e-05,5.18224237959937e-05,0.7841264932391797
282,297,0,0.00024217370318484413,3.115556085855521e-05,3.115556085855521e-05,0.9909684173278387
282,349,0,0.00016815581855392992,-1.2241805132901725e-05,1.2241805132901725e-05,0.7449752013732108
282,396,0,0.00015900689179952523,-4.963969017366232e-06,4.963969017366232e-06,0.3757809415600264
282,442,0,0.00020828354383085586,3.4943942865866154e-06,3.4943942865866154e-06,0.0010589746004543055
283,298,0,0.0001399887083897844,8.407189542029164e-06,8.407189542029164e-06,0.6235241010954594
283,304,0,0.00022528382143787966,1.6615709837763648e-05,1.6615709837763648e-05,0.5977473519232276
283,307,0,0.000200306295384532,8.17933807785127e-06,8.17933807785127e-06,0.45625098107490797
283,427,0,0.00020326659408025907,1.4844682423010103e-05,1.4844682423010103e-05,0.4640313545513115
283,428,0,0.0002554713913404124,-3.268236337438252e-05,3.268236337438252e-05,0.8627531713126549
284,389,0,0.00021677120896109234,-1.3939726484066611e-05,1.3939726484066611e-05,0.7227099656943562
284,450,0,0.0002756200702006816,-4.410419988653863e-06,4.410419988653863e-06,0.13282792546348587
285,455,1,0.00016032894354961962,-1.1156880851578131e-05,1.1156880851578131e-05,0.4614483090773935
286,475,0,0.0002656651498038159,1.2367609776467737e-05,1.2367609776467737e-05,0.6128425472225131
287,344,0,0.000218341681697462,6.52523256102298e-06,6.52523256102298e-06,0.18716577062148274
288,302,0,0.00025348636640144616,2.8591955262418614e-05,2.8591955262418614e-05,0.7207094278513547
288,386,0,0.00016377077869357638,1.3385378584463615e-05,1.3385378584463615e-05,0.488558564752987
288,411,0,0.0002671027556247783,-3.222763818895738e-05,3.222763818895738e-05,0.7765718068071237
288,459,0,0.00015464936014081507,-5.80545979680738e-06,5.80545979680738e-06,0.6705769083153351
289,447,0,0.0002063165191818231,6.4954018458554545e-06,6.4954018458554545e-06,0.18087032535531
290,292,0,0.00011795140328074125,-3.789734454929355e-06,3.789734454929355e-06,0.014481473992570607
290,324,1,7.61282235654281e-05,4.062198371095342e-06,4.062198371095342e-06,0.7174778395969426
290,485,0,0.00012393053317847583,-1.3033899413656827e-05,1.3033899413656827e-05,0.8581260353916041
291,325,0,0.00013816240313592747,-1.5859668042699408e-05,1.5859668042699408e-05,0.7035805431989622
291,454,1,0.000250759551244989,1.9203288991043485e-06,1.9203288991043485e-06,0.07965658226641617
292,303,1,0.00041888676114596514,-4.189948358527074e-05,4.189948358527074e-05,0.7737758628281695
292,338,0,8.864427874370854e-05,1.616165888069733e-05,1.616165888069733e-05,0.896151788833511
292,469,0,7.618658264164132e-05,-9.347756256212991e-07,9.347756256212991e-07,0.21683800190735997
292,485,0,0.00020827453552903658,-1.5212660476635968e-05,1.5212660476635968e-05,0.8649033045505854
293,297,0,0.0002229518509973225,-2.074317188808454e-05,2.074317188808454e-05,0.8541054715238239
293,320,0,0.00023672733016288415,1.999728302729504e-05,1.999728302729504e-05,0.43137413255711254
293,391,0,0.00019813739105231223,-2.1560858595725287e-06,2.1560858595725287e-06,0.26047587270378475
294,354,0,8.768243650513024e-05,-2.8331806850000868e-06,2.8331806850000868e-06,0.037840928996286806
294,451,0,0.00024317429889047704,-2.8287715150567497e-05,2.8287715150567497e-05,0.5673274435597573
295,331,0,5.525091903229607e-05,3.5297821363343625e-06,3.5297821363343625e-06,0.1351876825791405
295,404,0,0.00015198305278894112,-1.2707513546550146e-05,1.2707513546550146e-05,0.8277629635893211
295,414,0,0.00012033950274020072,2.3883930008902146e-06,2.3883930008902146e-06,0.15240116522959965
296,300,0,0.0001660078549259444,8.837335857492476e-06,8.837335857492476e-06,0.6253898743294709
296,435,0,0.0002929976157254917,3.300567816035888e-05,3.300567816035888e-05,0.48249696634309913
296,436,0,0.00029567954802776,-8.875639167606697e-06,8.875639167606697e-06,0.2448638271398493
296,469,0,0.0002658536379558188,-2.5104795542260315e-05,2.5104795542260315e-05,0.4343645108546614
297,391,0,0.0001877125126122854,1.5421901544127377e-05,1.5421901544127377e-05,0.5819039606192796
298,304,0,0.00020192065796896077,2.7659829742348066e-06,2.7659829742348066e-06,0.04576075532483234
298,331,0,0.00022592750125693546,1.4765590277069231e-05,1.4765590277069231e-05,0.3587676623978724
298,448,0,0.00019887758182045954,2.300415503230158e-05,2.300415503230158e-05,0.6515128389016251
299,343,0,0.00027629349147094103,-2.4217609429799596e-05,2.4217609429799596e-05,0.7262668247200063
299,362,0,0.0002870451672109107,3.1393272232149444e-05,3.1393272232149444e-05,0.7778291792341874
299,500,0,0.00010470381386357602,-2.4287615016751466e-06,2.4287615016751466e-06,0.2087373581965957
300,311,0,0.00024149324981272765,-2.3668304969777564e-06,2.3668304969777564e-06,0.18749979883815296
300,469,0,0.0001626302015306142,-2.401484296740884e-05,2.401484296740884e-05,0.9709304539992313
301,393,0,0.0002294337651488288,-2.3466404908588306e-05,2.3466404908588306e-05,0.738188113477413
301,407,0,0.00017720447262892597,-1.5554892793574466e-05,1.5554892793574466e-05,0.7453689625763538
301,490,1,0.0003413393457681157,-4.897078569047513e-06,4.897078569047513e-06,0.057684244871883984
302,351,0,0.00023385299597013015,2.2610123684780576e-05,2.2610123684780576e-05,0.7246860691959331
302,475,0,4.786756162212162e-05,-3.4411000946172864e-06,3.4411000946172864e-06,0.5665496207942484
303,405,1,0.0004527753247687274,6.084843147216566e-05,6.084843147216566e-05,0.8591245326856354
303,469,1,0.0005127190467914155,4.4994297447365956e-05,4.4994297447365956e-05,0.46504720398639643
303,480,2,0.003406477954782694,-0.0003475844953922757,0.0003475844953922757,0.9090226121363385
303,485,1,0.00038994481629026827,1.0522433038613015e-05,1.0522433038613015e-05,0.19060956521418002
304,331,0,5.00929159794617e-05,2.587653276499653e-06,2.587653276499653e-06,0.38531687572539075
304,446,0,0.00025904864766486434,3.0427396001116713e-05,3.0427396001116713e-05,0.9316653048999062
304,498,0,0.0002693071211498284,-1.3633356465659553e-05,1.3633356465659553e-05,0.6786091797637105
306,318,1,0.00031091398431011807,-1.5090570474050165e-05,1.5090570474050165e-05,0.6221941518979748
306,380,1,0.0003008893098190758,8.522576342630433e-06,8.522576342630433e-06,0.34921379563691407
307,427,0,0.00018160470944962286,5.8470272333448535e-06,5.8470272333448535e-06,0.06101882271150359
307,443,0,0.00022233935829389098,2.094242496492368e-05,2.094242496492368e-05,0.8414740292631845
307,483,1,0.00034107188208467573,-3.855807675592238e-06,3.855807675592238e-06,0.17117443548994285
308,353,0,0.00019537080301475045,2.3936944794287906e-05,2.3936944794287906e-05,0.9114394152307412
308,429,0,6.839128008714918e-05,5.213817453267445e-07,5.213817453267445e-07,0.03243246996789682
309,330,0,0.00015319103571618823,-1.3761886400416809e-05,1.3761886400416809e-05,0.8043971856647081
309,384,0,0.00016722079465871932,-1.4390300598798561e-05,1.4390300598798561e-05,0.4664636263702538
310,383,1,0.0004563874921096561,-2.337391724041854e-05,2.337391724041854e-05,0.2935455998454746
311,405,0,8.85111766926956e-05,-8.074950840473774e-06,8.074950840473774e-06,0.41500096990742336
311,436,0,0.00021865181758756665,-1.6060280940790477e-05,1.6060280940790477e-05,0.6356863621598644
312,438,0,0.00023502055254987576,-2.1244915815376895e-05,2.1244915815376895e-05,0.5755802502631118
312,440,0,0.00022308201475223604,2.5632353274566428e-05,2.5632353274566428e-05,0.8488110403682161
313,388,0,0.0002405236832195773,7.59383060620622e-06,7.59383060620622e-06,0.31401105520953315
313,437,0,0.0002363605095684801,1.3397256366140596e-05,1.3397256366140596e-05,0.3702730707891768
314,427,0,0.00023362695789142624,-2.295366951801824e-05,2.295366951801824e-05,0.7647577797768143
314,448,0,0.00013490498226483347,5.998258841307054e-07,5.998258841307054e-07,0.005863142097775064
314,470,0,0.0002582800554111285,2.1833724960443188e-05,2.1833724960443188e-05,0.6500699775105084
314,471,0,0.00021429134661717368,7.505662893221846e-06,7.505662893221846e-06,0.31822380180240417
315,318,0,0.00018225688516089312,2.146439836310374e-06,2.146439836310374e-06,0.03966766347503253
315,319,0,0.00021702948088475298,2.5564994363265614e-05,2.5564994363265614e-05,0.9648459780160445
316,351,0,7.66988341228864e-05,1.0113961955839882e-06,1.0113961955839882e-06,0.033834035860201055
316,372,0,0.00010424021891213726,-3.0226967224755523e-06,3.0226967224755523e-06,0.3359100059306043
316,500,0,0.0002572674132401376,-2.9788634267638126e-05,2.9788634267638126e-05,0.9861632385045183
317,378,0,0.00014957035265018034,1.46844110741306e-05,1.46844110741306e-05,0.8666429204392295
317,449,0,0.00021345806757692095,8.411305719895554e-07,8.411305719895554e-07,0.2962890629381316
317,488,0,0.00017612051261862646,1.0133825780613278e-05,1.0133825780613278e-05,0.721672567320845
318,425,1,0.00033534280996519965,-1.3227443323425444e-05,1.3227443323425444e-05,0.4925509793840498
318,456,0,0.00020982103051881562,-1.50893409062305e-05,1.50893409062305e-05,0.5335746642045502
319,389,0,0.00012718025467976554,4.527282441753139e-06,4.527282441753139e-06,0.29857946831379945
321,381,0,0.000309449548146207,-2.410890628966604e-05,2.410890628966604e-05,0.7034695574219664
321,398,0,0.0002503797110788798,2.2725467591460817e-05,2.2725467591460817e-05,0.6656709091053915
321,411,0,0.00010909987044950549,1.4407744126711414e-06,1.4407744126711414e-06,0.3053879731100294
321,439,1,0.00033163984725824197,-2.2932113248444598e-05,2.2932113248444598e-05,0.4697656779896026
321,480,1,0.00048170025627622106,2.287477753408315e-05,2.287477753408315e-05,0.6049093991507808
322,449,0,0.00020591912353796213,-2.0037485869330715e-05,2.0037485869330715e-05,0.8617432950046647
323,470,0,0.00011336566875237791,-1.085905121807718e-05,1.085905121807718e-05,0.5051043005085085
323,474,0,0.00026388535286453663,1.4974872863464585e-05,1.4974872863464585e-05,0.5848946464190271
324,496,1,0.000306440790812737,3.5983608607827334e-05,3.5983608607827334e-05,0.6501981320576505
325,379,0,0.0002770601414648739,-2.301646612952433e-05,2.301646612952433e-05,0.5416806656733847
325,455,1,0.0005206676876290089,4.164328479141955e-06,4.164328479141955e-06,0.15786803595452528
325,470,0,0.0002663958870823363,-2.0157631644473288e-05,2.0157631644473288e-05,0.5396134776422794
325,479,0,0.00034390241268683267,2.3150101252154075e-05,2.3150101252154075e-05,0.5543621377499803
326,493,0,0.0002158470649406393,5.574939813603855e-06,5.574939813603855e-06,0.2946488064789309
327,348,0,0.00020323072049599508,1.2417997511974516e-06,1.2417997511974516e-06,0.07829896049197
328,341,0,0.00011102646633235105,-1.3235467668672171e-05,1.3235467668672171e-05,0.902282322510722
328,385,1,0.00023475047228685325,1.4875449203588259e-05,1.4875449203588259e-05,0.3504927508648172
328,400,0,0.00021708184140825415,1.971222835237441e-05,1.971222835237441e-05,0.6736452111809587
328,442,0,0.00019711493872062288,-1.0599233569458145e-05,1.0599233569458145e-05,0.3304034075820488
329,358,0,9.166570511063058e-05,-7.040376176862991e-06,7.040376176862991e-06,0.6589619950436669
329,367,0,0.0002097762300411431,2.7482048874142427e-05,2.7482048874142427e-05,0.9646452428911226
329,493,0,4.6749974345240946e-05,-4.334543835609674e-06,4.334543835609674e-06,0.776851618054161
330,494,0,0.00013958527535099232,-1.6092854117330862e-05,1.6092854117330862e-05,0.6007687710279147
332,394,0,0.000229613920575887,-1.9992450693212525e-05,1.9992450693212525e-05,0.9261806056251419
332,484,0,0.00017507462475901004,1.1476631914354671e-05,1.1476631914354671e-05,0.25770128961697664
333,401,1,0.0003698218528984422,8.155251646737786e-06,8.155251646737786e-06,0.09683572634733488
333,472,2,0.0026811762718012815,0.000261374258209203,0.000261374258209203,0.869723729136966
334,481,0,0.00013170266406610848,-2.53177083400916e-06,2.53177083400916e-06,0.05548099161421392
335,368,0,8.198425714910058e-05,-7.289427182744917e-06,7.289427182744917e-06,0.6727468128198788
336,342,0,8.185449281543659e-05,3.524678672013633e-06,3.524678672013633e-06,0.7208045040600415
336,461,0,0.00017123445906507123,1.846277537558756e-05,1.846277537558756e-05,0.6668785196404253
336,473,0,0.0001496798244637674,-1.4302530922783766e-05,1.4302530922783766e-05,0.6704929617476164
336,490,1,0.00044731991064098385,-5.632893244125446e-06,5.632893244125446e-06,0.1792112839892535
337,416,0,0.00022446060504851121,-8.845682247903907e-06,8.845682247903907e-06,0.17348123220808065
338,405,0,0.00027893024079090917,-4.126948133807016e-05,4.126948133807016e-05,0.6666014971038814
339,385,2,0.003059730393000469,0.0003066112910985045,0.0003066112910985045,0.8413684988313546
339,443,1,0.00026914492337711205,-3.417355064544384e-06,3.417355064544384e-06,0.2141089356254368
339,483,2,0.0031245417029569533,-0.00036929994306522597,0.00036929994306522597,0.8289372875639556
340,433,0,0.0002632937831561104,-2.5835200681062106e-06,2.5835200681062106e-06,0.08958612510411541
340,438,0,0.00029374647494760306,-4.3945326738996435e-05,4.3945326738996435e-05,0.7977243662971701
340,498,0,0.00025775649357003455,2.2422169950413778e-05,2.2422169950413778e-05,0.6626843794101837
341,396,0,0.00012127129465861234,2.115274619546511e-06,2.115274619546511e-06,0.16602163484450705
341,442,0,0.0001788716672126643,1.1705036429708768e-05,1.1705036429708768e-05,0.4844078198639852
341,484,0,0.0002028040489119819,-2.292115670790482e-05,2.292115670790482e-05,0.8618926935287615
342,461,0,0.00018520616897552976,1.1994195240614404e-05,1.1994195240614404e-05,0.015231296247872938
342,490,1,0.00037537501533038193,-2.089068356305194e-05,2.089068356305194e-05,0.48233624085376764
343,363,0,0.00024185658369918912,3.03076143384397e-06,3.03076143384397e-06,0.14715794624404535
343,375,0,0.0001219856312929617,-5.443679924857228e-06,5.443679924857228e-06,0.4175584765053115
343,468,0,0.00030727863051688997,-4.162109691945026e-05,4.162109691945026e-05,0.8122713890739949
343,500,0,0.0002846028129326772,1.8344148293044012e-05,1.8344148293044012e-05,0.41636207182118196
344,356,0,0.00018326545662488902,4.474310982259295e-06,4.474310982259295e-06,0.26598337827853297
344,376,0,0.0001562488354407619,1.9856555401384888e-05,1.9856555401384888e-05,0.9747676844298758
345,351,0,0.00018292405086054922,-1.6892480811694966e-05,1.6892480811694966e-05,0.7777442628480219
346,404,1,0.0003360900192335228,2.3245576189791702e-05,2.3245576189791702e-05,0.3894639594219557
346,489,1,0.0003564212087993157,-2.6255148711851122e-06,2.6255148711851122e-06,0.24076167126988154
347,392,0,9.044208234134589e-05,-2.4098246194117887e-06,2.4098246194117887e-06,0.4479642446047724
347,441,0,0.0001530213071479936,-1.4996090325049124e-05,1.4996090325049124e-05,0.633692819965742
347,450,0,9.458457715642381e-05,1.1863772266061809e-05,1.1863772266061809e-05,0.8640059071329623
348,403,1,0.00016383116173178156,-1.2298471159028679e-05,1.2298471159028679e-05,0.6404354638868651
348,484,0,0.00017739648383765638,-4.626103875794974e-06,4.626103875794974e-06,0.3476500806177497
350,385,1,0.0004577357914752457,-3.6011912104578807e-07,3.6011912104578807e-07,0.12320904095791615
351,374,0,0.00019375525750948974,-1.5439105988819516e-05,1.5439105988819516e-05,0.5843833953745643
352,472,1,0.00031320205282177305,1.0367609357113565e-05,1.0367609357113565e-05,0.4461512365220833
355,399,1,0.00041267810283605324,-1.2272074883344411e-06,1.2272074883344411e-06,0.038494089337925204
356,364,0,0.0002454698562926632,2.7477092812151043e-05,2.7477092812151043e-05,0.8891352445829264
357,440,0,0.0001329147505791337,-1.9614015034430504e-05,1.9614015034430504e-05,0.9103369623324313
357,442,0,0.00019542055629401963,-1.682827788599749e-06,1.682827788599749e-06,0.2897087733765679
358,493,0,8.00645377488684e-05,-1.274039500810405e-06,1.274039500810405e-06,0.19567458205807597
359,373,0,0.00011567122653602812,6.374838795606757e-06,6.374838795606757e-06,0.8111024145675859
359,377,1,0.00043956637048024177,2.0774751500176637e-05,2.0774751500176637e-05,0.5697511724523604
359,426,0,0.00020921395531042872,1.8844895961321473e-05,1.8844895961321473e-05,0.8584141131523473
359,456,0,0.00024829684950021877,-1.904610813861541e-05,1.904610813861541e-05,0.46425768112124705
360,464,0,0.0003440008155860926,-3.482616778160406e-05,3.482616778160406e-05,0.48497929196899736
360,481,0,0.0003678265510670416,4.585383626010229e-05,4.585383626010229e-05,0.7868558860125556
361,404,0,0.0002896755745291972,-6.679658725473265e-06,6.679658725473265e-06,0.2559031049218364
361,482,0,0.0003162244822540811,3.62412589729339e-05,3.62412589729339e-05,0.7981676406881918
361,487,0,0.00024059242115271636,5.894434521721186e-06,5.894434521721186e-06,0.20525140145876516
362,487,0,0.00020544875283805183,1.4573585181276485e-05,1.4573585181276485e-05,0.3267398046746926
363,438,0,0.00028178635700905835,4.646201251958837e-06,4.646201251958837e-06,0.041042704755631904
363,468,0,0.00023276766359808486,-3.444540244684864e-05,3.444540244684864e-05,0.9136739695950401
364,388,0,0.00021799320586777217,1.892073023258442e-05,1.892073023258442e-05,0.7755236906202576
365,433,0,8.660527449240113e-05,8.422404714573711e-06,8.422404714573711e-06,0.5235727459454198
366,410,0,0.0002959295368352605,-6.767582179576295e-06,6.767582179576295e-06,0.27805361159913916
366,465,0,0.0002622524786627069,-3.432327072750825e-05,3.432327072750825e-05,0.988711072041082
366,489,0,0.0002958582564403305,3.313621215835367e-05,3.313621215835367e-05,0.7795484126155074
366,494,0,0.00010179277336922225,6.097833402063138e-06,6.097833402063138e-06,0.5937574575113055
366,499,0,0.0002646258053533661,3.7871995210333716e-06,3.7871995210333716e-06,0.24682764334075308
368,399,1,0.0002822984386653208,-4.944103105413744e-06,4.944103105413744e-06,0.041836551811764114
368,413,0,0.00018594366178068761,1.5411363230485097e-05,1.5411363230485097e-05,0.26918797127521477
369,427,0,0.00025771240777094196,3.382734613882249e-05,3.382734613882249e-05,0.8373482224812581
369,428,0,0.00011223255447480256,-7.82262995048487e-06,7.82262995048487e-06,0.47836264288344754
369,498,0,0.00019870132579068688,1.6166378272221554e-05,1.6166378272221554e-05,0.2161196393087457
370,383,0,0.00021476470648477267,-6.248870388985658e-06,6.248870388985658e-06,0.2592055662113249
370,426,0,0.00021539011681658493,-2.6005439077254596e-05,2.6005439077254596e-05,0.9647851234503225
370,447,0,0.0003042910886465903,-6.056357557949292e-06,6.056357557949292e-06,0.11299204627793599
371,409,0,0.00014062557014623777,2.3115882159901165e-06,2.3115882159901165e-06,0.3246878154687492
371,421,0,0.00012565211329563955,1.3862155293980978e-05,1.3862155293980978e-05,0.8886780145950484
371,476,0,0.00028415073354841217,-1.0730926667981692e-05,1.0730926667981692e-05,0.11101053827893144
371,488,0,0.00026091162821895717,6.4771036292904355e-06,6.4771036292904355e-06,0.38614497301800776
372,374,0,0.00011379347640049119,-4.267203149471443e-06,4.267203149471443e-06,0.26728100984130554
373,390,0,0.00020563806084939677,-1.1006482558660261e-05,1.1006482558660261e-05,0.5283420047310987
373,426,0,0.00019010944634778097,6.6468057914641656e-06,6.6468057914641656e-06,0.12050645937735584
373,432,0,6.358492831372066e-05,-6.314709189141239e-06,6.314709189141239e-06,0.6801108852131803
373,447,0,0.00010194556564281725,1.38438338997761e-05,1.38438338997761e-05,0.9492703136824119
374,436,0,0.00031365255722737246,1.1929595598997758e-05,1.1929595598997758e-05,0.29298288333047207
374,475,0,0.00013478693725160726,-1.198115526433425e-05,1.198115526433425e-05,0.6844455190561647
374,494,0,0.00028813303291111214,-6.332732525982301e-06,6.332732525982301e-06,0.041055662974370646
375,438,0,0.00023180083451324545,1.707101872378639e-05,1.707101872378639e-05,0.47058838355163746
375,468,0,0.00025165097366165853,-2.285622199583624e-05,2.285622199583624e-05,0.40583626368773895
376,488,0,0.0002441636485490736,-3.514983989110747e-06,3.514983989110747e-06,0.13413504138291008
377,390,1,0.0004145033125797419,-1.8931933804507622e-05,1.8931933804507622e-05,0.2554780720337336
378,475,0,0.0001481245062981907,9.174546731844118e-06,9.174546731844118e-06,0.6834859089218591
379,390,0,0.00022955226346909485,-5.787088160002302e-06,5.787088160002302e-06,0.4778816089908411
379,443,0,0.00028083017058647255,-3.1841523448759966e-05,3.1841523448759966e-05,0.7070068039936458
379,451,0,0.0002993935148027943,1.9093681100157378e-05,1.9093681100157378e-05,0.5651006853100349
380,432,0,0.0002974523972696077,-3.45844259966878e-05,3.45844259966878e-05,0.9457418219484631
380,447,0,0.0002544197563052968,3.0234982168456756e-05,3.0234982168456756e-05,0.7809281026572376
381,411,0,0.0002233747324345325,2.0352792906794334e-05,2.0352792906794334e-05,0.9039922285967529
382,474,0,0.00022101508343145928,-6.857532451177055e-06,6.857532451177055e-06,0.06826777732871807
383,391,0,0.0002881497589594561,-2.2620795213658804e-05,2.2620795213658804e-05,0.4512144649870606
383,426,0,0.00024188750369258448,-2.216659467050032e-05,2.216659467050032e-05,0.7440261151448541
384,494,0,0.00018274864391274565,-2.1759807752359065e-05,2.1759807752359065e-05,0.910942695730529
385,455,2,0.0029576129352406623,0.00027076896239030553,0.00027076896239030553,0.8461464906070564
386,405,0,0.00022534536240760968,1.5395383656657734e-05,1.5395383656657734e-05,0.7866829892371905
386,431,0,0.00018299060440481627,-3.4097102391215117e-07,3.4097102391215117e-07,0.020893025070739934
386,467,0,0.0002147764059585071,-1.3692434576199281e-05,1.3692434576199281e-05,0.28356671995019783
387,402,0,0.00022716652170298645,2.543886673085651e-05,2.543886673085651e-05,0.8076911480295014
387,445,0,0.00022980932855307435,-1.960676080909265e-05,1.960676080909265e-05,0.586030832925267
388,477,0,0.00027570387803226324,1.8218301505886464e-05,1.8218301505886464e-05,0.3258410972509992
389,402,0,0.0002266676872626536,-1.9864605800139828e-05,1.9864605800139828e-05,0.658441427358921
391,486,0,0.0002957078242307714,-3.384221511102709e-05,3.384221511102709e-05,0.9197160484305746
393,472,1,0.00021333840656335604,-1.2585508566767524e-05,1.2585508566767524e-05,0.3194833014884939
394,406,1,0.0003944066387999691,-1.4630313403542124e-05,1.4630313403542124e-05,0.21725863537066184
394,408,0,0.000170012580141812,-5.433934511178369e-06,5.433934511178369e-06,0.051797741020385805
394,423,0,0.00013784449533309974,-1.5984760669288684e-05,1.5984760669288684e-05,0.9281441672989678
394,431,0,0.00018232936740670845,3.943384697522645e-06,3.943384697522645e-06,0.2012500631710724
395,402,1,0.00044169116679363286,-2.766495422947661e-05,2.766495422947661e-05,0.5895680452434504
395,458,1,0.00035469409707758156,-1.5002498567791538e-05,1.5002498567791538e-05,0.17804282733040397
396,442,0,0.0001769459945257456,8.492643312351609e-06,8.492643312351609e-06,0.33499537784338396
397,446,0,0.00010338349759386242,-1.2472201467434026e-05,1.2472201467434026e-05,0.6579368117017693
397,481,0,5.7792837251665945e-05,5.744207569147583e-06,5.744207569147583e-06,0.8261630712379174
398,423,0,0.0002869645913178895,-4.19619027690823e-06,4.19619027690823e-06,0.2435706189622813
398,431,0,0.0002411590580190307,2.9654703144059465e-05,2.9654703144059465e-05,0.9254673231742216
398,467,0,0.0002010872269734269,1.2282143599304641e-05,1.2282143599304641e-05,0.6506890477923521
398,480,1,0.000346959906742853,-1.5015188874919646e-05,1.5015188874919646e-05,0.016818860036851305
400,415,0,0.0002449292897173982,1.9747828166427213e-05,1.9747828166427213e-05,0.8395823655344626
401,473,0,0.0002370726080613419,3.3047356170769206e-05,3.3047356170769206e-05,0.8315551982741124
402,441,0,0.0002377288695491816,-2.07985148883617e-05,2.07985148883617e-05,0.33690574952215335
403,437,1,0.0005845087893573156,-5.1421795504287444e-05,5.1421795504287444e-05,0.6034631928021508
403,483,2,0.0035448667741417882,0.00044731458914349504,0.00044731458914349504,0.7705846648950009
403,490,2,0.003313099415761143,-0.00043463171882299185,0.00043463171882299185,0.6862708110106303
404,414,0,0.00021845108186166316,2.2600623169697526e-05,2.2600623169697526e-05,0.8940989995151241
405,469,0,0.00019205453978147162,-8.956205825891396e-06,8.956205825891396e-06,0.3512271976362151
406,410,1,0.0006106614327965387,2.3803220513773523e-06,2.3803220513773523e-06,0.16936746186330032
406,431,1,0.0005378513490475085,3.158386801876278e-05,3.158386801876278e-05,0.3861039021955731
406,485,1,0.0004739816964569638,1.0190227341730431e-05,1.0190227341730431e-05,0.16930786163517283
407,497,0,0.00015894977350685614,-1.0225576699666767e-05,1.0225576699666767e-05,0.21930609613258306
408,423,0,0.00015535634187561603,-1.3049981680095371e-05,1.3049981680095371e-05,0.7892838942738207
408,467,0,0.00024283682988261054,-2.0152914428359767e-06,2.0152914428359767e-06,0.005865362442107969
408,473,0,0.00023505343484011816,-1.8464164120215656e-05,1.8464164120215656e-05,0.7030022109225715
409,421,0,0.00021155199892857246,1.9861307746262425e-05,1.9861307746262425e-05,0.5169179350993026
409,468,0,0.0002558959718999442,-1.2627132794751821e-05,1.2627132794751821e-05,0.09721831852493093
410,460,0,0.0003276138211148873,-3.477763538607531e-05,3.477763538607531e-05,0.5135313529906681
410,489,0,0.00026121164038920425,3.5229403093297366e-05,3.5229403093297366e-05,0.9255992276534212
411,467,0,0.0002533142949400194,3.511865437111136e-05,3.511865437111136e-05,0.827582844962452
411,468,0,0.0003057435386998293,3.837841087967526e-07,3.837841087967526e-07,0.09926254360112957
412,453,0,0.00018864976762471603,-4.041919810002818e-06,4.041919810002818e-06,0.0770755332573306
413,462,0,0.00019767961947516412,1.4630165117760824e-05,1.4630165117760824e-05,0.7020662763056464
413,465,0,0.00029352927319408465,9.306620535435086e-06,9.306620535435086e-06,0.41415325445435125
413,495,0,0.00019609502235389394,-1.074561292311604e-05,1.074561292311604e-05,0.1798255213635643
414,464,0,0.000303835819210612,3.1590864643212925e-05,3.1590864643212925e-05,0.807947451242712
416,474,0,9.626277465256725e-05,2.6203042955871765e-06,2.6203042955871765e-06,0.0637782415775436
416,479,0,0.00032839419734675284,5.802301400434016e-06,5.802301400434016e-06,0.028142368222936823
418,476,0,0.00031514587103580633,2.416002103348894e-05,2.416002103348894e-05,0.2880150514103161
419,443,0,0.0002407168745474407,9.277003427842778e-06,9.277003427842778e-06,0.39946186459427624
419,483,1,0.00026937909121353107,-1.80368611075957e-05,1.80368611075957e-05,0.49946478211171413
420,422,0,0.00034740710928434236,-5.224814278791835e-05,5.224814278791835e-05,0.9835305425750421
420,450,0,0.0002915910291191803,1.6464512093597224e-06,1.6464512093597224e-06,0.05448485956469765
421,433,0,0.000281184740998591,4.527982186815488e-05,4.527982186815488e-05,0.9494053434940017
421,438,0,0.00024455278843728506,5.194714201604003e-06,5.194714201604003e-06,0.16305715655747663
421,476,0,0.00016188966826733556,-2.3973692751827784e-05,2.3973692751827784e-05,0.8982302763759143
421,488,0,0.00025519725021576296,-2.181855079073262e-05,2.181855079073262e-05,0.48115889891720465
422,482,0,0.0003444046116457366,-4.6535424330861424e-05,4.6535424330861424e-05,0.9380375273938296
424,427,0,0.00011963002297409935,1.1704432620887661e-05,1.1704432620887661e-05,0.3943479349249118
424,434,0,0.00025861659317342653,8.423209931574365e-07,8.423209931574365e-07,0.11745984850029986
424,445,0,0.0002678547466255057,2.633112307493507e-05,2.633112307493507e-05,0.31325175164871183
424,477,0,0.0001555730187052104,-1.8490463993665986e-05,1.8490463993665986e-05,0.9048805058835687
424,491,0,0.0001002439327502709,-3.349527487954181e-06,3.349527487954181e-06,0.44331104927221593
425,435,1,0.0005066120815115724,-6.353340498182229e-05,6.353340498182229e-05,0.6055572706531775
427,448,0,4.4209463560368785e-05,4.540113741535049e-06,4.540113741535049e-06,0.6538458729621541
427,466,0,0.0002679708885769871,1.5586358641469105e-05,1.5586358641469105e-05,0.14588027435088258
427,471,0,7.273635441756298e-05,9.693918696826041e-06,9.693918696826041e-06,0.9372816068799436
429,446,0,0.0003337893331756938,-3.6284739433906486e-05,3.6284739433906486e-05,0.6965479087429717
430,445,0,0.0002519970716491889,-2.2630134083788565e-05,2.2630134083788565e-05,0.6941472662513909
430,470,0,0.00020792870035739945,1.9236731563723147e-05,1.9236731563723147e-05,0.6561558186659016
431,452,0,0.00032455188270787263,3.787539774027415e-05,3.787539774027415e-05,0.7941227630199335
431,467,0,3.483533031104046e-05,-2.1559139085060535e-06,2.1559139085060535e-06,0.22766881674449735
432,435,0,0.00010656134296587122,-1.336758092685263e-05,1.336758092685263e-05,0.9778061127210924
432,456,0,0.00012434636676185863,-4.042164589128318e-06,4.042164589128318e-06,0.4315747306584328
433,435,0,0.00033556930893076316,4.215997785922167e-05,4.215997785922167e-05,0.8035677860536317
433,440,0,0.0001290623296634783,8.45441157847917e-06,8.45441157847917e-06,0.489316374018341
434,477,0,0.00026198105119010895,-3.199075549271632e-05,3.199075549271632e-05,0.8141962250674859
434,483,1,0.0006032862599565237,3.0815946777883675e-05,3.0815946777883675e-05,0.32271930388233844
434,491,0,0.00022286993986527645,-8.172817621091e-06,8.172817621091e-06,0.3387982074777486
435,440,0,0.0002650565570068977,-1.5938048374379933e-05,1.5938048374379933e-05,0.2738700709922224
435,456,0,0.000263204755797963,2.446162810664545e-05,2.446162810664545e-05,0.5686063663217495
436,475,0,0.0002456620992085109,-3.118042010433027e-05,3.118042010433027e-05,0.8841285040774127
439,480,2,0.0030014682053665104,0.00035007689683028164,0.00035007689683028164,0.9820027355310629
439,492,1,0.0004286613831744951,7.987767173399001e-06,7.987767173399001e-06,0.08983168238081922
440,461,0,0.00015338785553183995,-1.5225921215837761e-05,1.5225921215837761e-05,0.5965426278762321
441,486,0,0.00016520351175148084,4.47185229754047e-06,4.47185229754047e-06,0.1730221798319715
443,470,0,0.0001364460058209604,1.648124499771696e-05,1.648124499771696e-05,0.544649613432737
443,483,1,0.00042417993438013664,-4.474938552639651e-05,4.474938552639651e-05,0.9087516176038082
444,446,0,0.00019796218746157996,1.50520875263457e-05,1.50520875263457e-05,0.38300616919046904
444,482,0,0.00014797911336915444,5.940439855578806e-08,5.940439855578806e-08,0.07698694146046618
446,448,0,0.0002578571706509117,-3.9933493215468996e-06,3.9933493215468996e-06,0.19902946088609272
446,466,0,0.00023697423252998145,-1.4222675989639682e-05,1.4222675989639682e-05,0.7306726252130951
446,471,0,0.0002903194567470786,4.3816610531640914e-06,4.3816610531640914e-06,0.09568130280466884
447,451,0,0.00034498768208020427,-3.4614352423047665e-05,3.4614352423047665e-05,0.4522046842627
447,454,1,0.00031715758113522906,1.3134262776585197e-05,1.3134262776585197e-05,0.0084444473112903
449,478,0,0.00013836341985678428,4.6731463698365375e-06,4.6731463698365375e-06,0.3324290668672269
451,454,1,4.0754750398154086e-05,5.776882274694845e-06,5.776882274694845e-06,0.4096117146848304
451,455,1,0.00020551038203251907,5.609903567778978e-06,5.609903567778978e-06,0.061220576318296735
452,457,0,0.00032984625796397187,-1.132913802435034e-05,1.132913802435034e-05,0.11554126223770572
452,484,0,0.0002276480441707421,3.2540583755253914e-06,3.2540583755253914e-06,0.011613175642244438
457,461,0,0.00024960769384387786,-2.7758639461375254e-06,2.7758639461375254e-06,0.36906010968224495
457,467,0,0.00016051842583756203,-2.315359334303304e-05,2.315359334303304e-05,0.8750132712664572
457,484,0,0.0001023441443978183,4.9781188988161285e-06,4.9781188988161285e-06,0.11952524552638523
459,462,0,0.0001747907297774716,-5.457097942716504e-07,5.457097942716504e-07,0.11978619767045931
459,475,0,2.933363941704665e-05,2.301118753714939e-06,2.301118753714939e-06,0.6228750147398309
459,478,0,0.00017201769771474173,-7.560868756252415e-06,7.560868756252415e-06,0.07575053766419687
460,465,0,0.00010085005177864715,-1.8712431931964688e-07,1.8712431931964688e-07,0.130759146469565
460,497,0,0.00013303880553206004,-3.454656100412449e-06,3.454656100412449e-06,0.07505013545404066
460,499,0,0.00015415847517916853,2.209627182218376e-05,2.209627182218376e-05,0.9348912231033556
461,484,0,0.00013116138957889402,7.838451395075613e-06,7.838451395075613e-06,0.4783345197326569
462,465,0,0.000163914872136202,-6.9341792999701585e-06,6.9341792999701585e-06,0.2983218150240855
462,495,0,0.00027403277971271665,-3.529746783432771e-05,3.529746783432771e-05,0.9033217681002851
462,500,0,0.00029154876306977114,3.5325921740783585e-05,3.5325921740783585e-05,0.7915062871145112
465,495,0,0.00019340842200052667,-1.6730587797867543e-05,1.6730587797867543e-05,0.5806161618695382
466,498,0,0.0002121088642001108,-2.292138311383049e-05,2.292138311383049e-05,0.6840812360248423
470,474,0,0.00023881257888443182,3.642739024688233e-05,3.642739024688233e-05,0.9828750642918015
472,490,2,0.0035382161437750776,0.0005198565115522157,0.0005198565115522157,0.9721761430586114
474,479,0,0.0003217401239091348,-3.073139172615205e-06,3.073139172615205e-06,0.03983938698417281
475,478,0,0.00031338452222908565,-3.8358399764508275e-05,3.8358399764508275e-05,0.7435855568128298
477,491,0,0.00017060625262492785,1.4576625156706454e-05,1.4576625156706454e-05,0.45895345649165886
477,499,0,0.00033003846837133656,-1.7374566852449315e-05,1.7374566852449315e-05,0.2080861539854982
482,487,0,0.00021290198727721933,-1.9183841288445293e-05,1.9183841288445293e-05,0.8620639972166889
487,498,0,0.00025991050562508284,-6.086801645295631e-07,6.086801645295631e-07,0.08615692768656763
494,499,0,0.00029010719918072905,-1.3226815918942288e-05,1.3226815918942288e-05,0.3384840363314042
