<?xml version="1.0"?>
<VTKFile type="PolyData" version="0.1" byte_order="LittleEndian">
<PolyData>
<Piece NumberOfPoints="2686" NumberOfVerts="0" NumberOfLines="1343" NumberOfStrips="0" NumberOfPolys="0">
<CellData>
<DataArray type="Int32" Name="edge_kind" format="ascii">0 0 0 0 0 0 0 0 0 0 0 0 0 0 0 0 0 0 0 0 0 0 0 0 0 0 0 0 0 0 0 0 0 0 0 0 0 0 0 0 0 0 0 0 0 0 0 0 0 0 0 0 0 0 0 0 0 0 0 0 0 0 0 0 0 0 0 0 0 0 0 0 0 0 0 0 0 0 0 0 0 0 0 0 0 0 0 0 0 0 0 0 0 0 0 0 0 0 0 0 0 0 0 0 0 0 0 0 0 0 0 0 0 0 0 0 0 0 0 0 0 0 0 0 0 0 0 0 0 0 0 0 0 0 0 0 0 0 0 0 0 0 0 0 0 0 0 0 0 0 0 0 0 0 0 0 0 0 0 0 0 0 0 0 0 0 0 0 0 0 0 0 0 0 0 0 0 0 0 0 0 0 0 0 0 0 0 0 0 0 0 0 0 0 0 0 0 0 0 0 0 0 0 0 0 0 0 0 0 0 0 0 0 0 0 0 0 0 0 0 0 0 0 0 0 0 0 0 0 0 0 0 0 0 0 0 0 0 0 0 0 0 0 0 0 0 0 0 0 0 0 0 0 0 0 0 0 0 0 0 0 0 0 0 0 0 0 0 0 0 0 0 0 0 0 0 0 0 0 0 0 0 0 0 0 0 0 0 0 0 0 0 0 0 0 0 0 0 0 0 0 0 0 0 0 0 0 0 0 0 0 0 0 0 0 0 0 0 0 0 0 0 0 0 0 0 0 0 0 0 0 0 0 0 0 0 0 0 0 0 0 0 0 0 0 0 0 0 0 0 0 0 0 0 0 0 0 0 0 0 0 0 0 0 0 0 0 0 0 0 0 0 0 0 0 0 0 0 0 0 0 0 0 0 0 0 0 0 0 0 0 0 0 0 0 0 0 0 0 0 0 0 0 0 0 0 0 0 0 0 0 0 0 0 0 0 0 0 0 0 0 0 0 0 0 0 0 0 0 0 0 0 0 0 0 0 0 0 0 0 0 0 0 0 0 0 0 0 0 0 0 0 0 0 0 0 0 0 0 0 0 0 0 0 0 0 0 0 0 0 0 0 0 0 0 0 0 0 0 0 0 0 0 0 0 0 0 0 0 0 0 0 0 0 0 0 0 0 0 0 0 0 0 0 0 0 0 0 0 0 0 0 0 0 0 0 0 0 0 0 0 0 0 0 0 0 0 0 0 0 0 0 0 0 0 0 0 0 0 0 0 0 0 0 0 0 0 0 0 0 0 0 0 0 0 0 0 0 0 0 0 0 0 0 0 0 0 0 0 0 0 0 0 0 0 0 0 0 0 0 0 0 0 0 0 0 0 0 0 0 0 0 0 0 0 0 0 0 0 0 0 0 0 0 0 0 0 0 0 0 0 0 0 0 0 0 0 0 0 0 0 0 0 0 0 0 0 0 0 0 0 0 0 0 0 0 0 0 0 0 0 0 0 0 0 0 0 0 0 0 0 0 0 0 0 0 0 0 0 0 0 0 0 0 0 0 0 0 0 0 0 0 0 0 0 0 0 0 0 0 0 0 0 0 0 0 0 0 0 0 0 0 0 0 0 0 0 0 0 0 0 0 0 0 0 0 0 0 0 0 0 0 0 0 0 0 0 0 0 0 0 0 0 0 0 0 0 0 0 0 0 0 0 0 0 0 0 0 0 0 0 0 0 0 0 0 0 0 0 0 0 0 0 0 0 0 0 0 0 0 0 0 0 0 0 0 0 0 0 0 0 0 0 0 0 0 0 0 0 0 0 0 0 0 0 0 0 0 0 0 0 0 0 0 0 0 0 0 0 0 0 0 0 0 0 0 0 0 0 0 0 0 0 0 0 0 0 0 0 0 0 0 0 0 0 0 0 0 0 0 0 0 0 0 0 0 0 0 0 0 0 0 0 0 0 0 0 0 0 0 0 0 0 0 0 0 0 0 0 0 0 0 0 0 0 0 0 0 0 0 0 0 0 0 0 0 0 0 0 0 0 0 0 0 0 0 0 0 0 0 0 0 0 0 0 0 0 0 0 0 0 0 0 0 0 0 0 0 0 0 0 0 0 0 0 0 0 0 0 0 0 0 0 0 0 0 0 0 0 0 0 0 0 0 0 0 0 0 0 0 0 0 0 0 0 0 0 0 0 0 0 0 0 0 0 0 0 0 0 0 0 0 0 0 0 0 0 0 0 0 0 0 0 0 0 0 0 0 0 0 0 0 0 0 0 0 0 0 0 0 0 0 0 0 0 0 0 0 0 0 0 0 0 0 0 0 0 0 0 0 0 0 0 0 0 0 0 0 0 0 0 0 0 0 0 0 0 0 0 0 0 0 0 0 0 0 0 0 0 0 0 0 0 0 0 0 0 0 0 0 0 0 0 0 0 0 0 0 0 0 0 0 0 0 0 0 0 0 0 0 0 0 0 0 0 0 0 0 0 0 0 0 0 0 0 0 0 0 0 0 0 0 0 0 0 0 0 0 0 0 0 0 0 0 0 0 0 0 0 0 0 0 0 0 0 0 0 0 0 0 0 0 0 0 0 0 0 0 0 0 0 0 0 0 0 0 0 0 0 0 0 0 0 0 0 0 0 0 0 0 0 0 0 0 0 0 0 0 0 0 0 0 0 0 0 0 0 0 0 0 0 0 0 0 0 0 0 0 0 0 0 0 0 0 0 0 0 0 0 0 0 0 0 0 0 0 0 0 0 0 0 0 0 0 0 0 0 0 0 0 0 0 0 0 0 0 0 0 0 0 0 0 0 0 0 0 0 0 0 0 0 0 0 0 0 0 0 0 0 0 0 0 0 0 0 0 0 0 0 0 0 0 0 0 0 0 0 0 0 0 0 0 0 0 0 0 0 0 0 0 0 0 0 0 0 0 0 0 0 0 0 0 0 0 0 0 0 0 0 0 0 0 0 0 0 0 0 0 0 0 0 0 0 0 0 0 0 0 0 0 0 0 0 0 0 0 0 0 0 0 0 0 0 0 0 0 0 0 0 0 0 0 0 0 0 0 0 0 0 0 0 0 0</DataArray>
<DataArray type="Float64" Name="conductance" format="ascii">2.4502057073042156e-06 0.00049818473595262 0.0004979005715312746 0.0004283482981587557 8.307916186129234e-05 0.000153504339356806 0.0002514669751930384 0.00022687983686017117 0.00026350861348701355 0.00024906391223164704 0.00038068137535963835 0.00022902559865848755 0.00042121438308996524 0.0002951866031811323 0.0003459491428851214 0.00031647641982133075 0.00034142909931702214 0.0004226193553762293 0.00045899083248635074 0.00027733898129184435 0.00046352252089674394 0.00021449329863051754 0.0004299674518174082 0.0004637443443192523 0.00048445305760069757 0.00044983181458106556 0.0003148276594091254 0.00045445946431003285 0.00038929314494810905 0.000282981074951752 0.0003570131051004257 4.458557100833367e-05 4.7521829620507323e-05 2.463384894109881e-05 0.0003551413081759274 0.0004741839992017895 0.00029587916304567405 0.00044205202715983456 0.00018664157986317097 0.0001619116488150837 0.00018854769617103595 0.00042748569539532066 0.00040357261056328807 0.0003746343678606419 0.0003574561662382763 2.360326384298227e-05 0.0003685767694016745 0.0003531962691314543 0.00030369525951723814 0.0003945357690387623 0.00044816686249206833 0.0003533183502011401 0.00039091119178547105 0.000351407255461605 0.00030277039914584344 0.0002622393233896097 0.00042048227276820794 0.00025244233337634825 0.00029161126852559986 0.0003425440412279148 0.0003373820302041758 0.00038658629247321905 0.0002620521566982604 0.00034794765456124357 0.00016131695098402094 0.00038863366254742604 0.0004165802294475615 0.00044669359582742956 0.0005148407104315814 0.0004725672827518012 0.0005150828135680878 0.00040079109793399295 0.0004736340198809595 0.0005430291253782687 0.00044525702903169535 0.00020462639888648695 0.0002772158858791856 0.0003944745018858712 0.0004084591477176504 0.0003088906647567796 0.00026379505375611175 9.806648130476485e-05 0.0002554802760548064 0.00015585459662695192 0.0003137418161077627 0.0003083746351862097 0.00021671138838196693 0.0002327435341841494 0.000109329110412155 0.0002794688721552054 0.0003921893209056855 0.0003532819494625835 0.00038789885392341025 0.0002916493082304547 0.00030474392300921984 0.0004623489541087657 0.00046189453463148385 0.00048695942933402734 8.106805993954522e-06 9.156144610242015e-05 0.00022492791870910053 3.394793718568407e-05 0.0002339079852829956 9.645625771820952e-05 0.00043504306556925817 0.0004941667221734112 0.0005909425856589793 0.0005576160641622899 0.000209668975445132 0.0005784461875278652 0.0004916877272794515 0.0003862992512925445 0.00035664299592383657 0.00032630484120464975 0.0002338088560953878 0.0004775701019659421 0.0003564403588503538 0.0004512486293091448 5.090878651192665e-05 1.9364916731037086e-07 0.0004689425904026527 0.00046498272723059016 0.0004235606324920859 0.0004910363256743585 0.0002693808415314065 0.0003495285253860252 0.00027658319814698185 0.00021662057291252062 0.0002891286857587013 0.00024731613047810903 0.00030149531221252063 2.4379783849457777e-06 1.851640199545103e-07 0.0004314624497903843 0.0001749140925883438 0.00029118014866050056 0.00017390727974917714 0.00036151537779318587 0.00017909961362120135 0.00027938680389919554 0.0001294416713466459 0.0003994163647628462 0.0004012021703756493 0.0004305766202200645 0.0001804541190357191 0.00026391601921817826 0.00030901063108291804 0.0003058849727008476 0.0003254329281951555 2.2928487020921836e-05 0.00043420011364289255 0.00030729139264948466 0.0005270375050648195 0.0005473789976022418 0.00045152007142603415 1.7320508075688775e-07 1.851640199545103e-07 0.00015921118439577255 0.00019835411062999665 0.00024334435918051792 0.0003275605715156409 0.00032656506519433687 0.00036139415051567497 0.0004053863247239805 0.00039014288765846974 0.0003626358852952274 0.0001221446094321401 0.00037496040023455375 0.0003995027884138405 0.0005010237192967311 0.00037810298934308863 0.00012191230841097916 0.00035437818242958985 0.00029147722942591387 0.00038198746983287077 0.00047709381568908636 0.0003666671804821697 0.00021913070165751792 0.00028256339707939665 0.00018633041578923633 0.0002968483785034767 0.00014853961480249255 0.000306402721765019 0.0001745670659040981 0.0003331864358854834 0.0004756411385673957 0.000376163534740642 0.0003803544076878501 0.00041358973806903174 0.00010611897492817475 0.00042904363284884195 0.0004898626148098672 0.0004963315645403118 0.0003971645098797639 0.00030155357806901353 0.00032611010988991683 0.0004178117411013892 0.0004949547527013412 0.0003240880491179669 0.0004106505519572598 0.00036880123318908987 0.0004654181898328516 0.00035813254258431525 8.665355588739383e-05 0.0001982240538243317 0.0005217088458124691 0.00042797988164286797 0.0003592717727643173 0.000414421567170377 0.00044068619868072685 0.00042821289092167115 0.0004786692425894353 0.0002661866873903123 0.000224718090003297 0.0003383201370241258 0.00037643747866225244 0.0003644927365097557 0.00039154806986364273 0.0003561642812379213 0.00032246676811897715 0.0003325742271947289 0.0003256499123986833 0.00018170961420768138 0.00027118369321093525 0.00035720865337546026 0.00029785588234162107 0.00048617375724329694 0.0004238356070796776 0.00041671656616139617 0.0005017433357853763 0.0004251019670059809 0.0005967110112018407 0.000432948625967041 0.00014739190550480658 0.00029849047100760596 0.0004791417853929433 0.00037870629162279 0.00031167389905969697 0.0002504695240639759 0.00034399123503029176 0.0003414426543823475 0.0005147979775113309 0.00019616209731305106 0.00016103341508959747 0.00018505891002997067 0.0002174867767676908 0.0005060174072145217 0.0005085658293351433 0.000381963056767723 4.829433507589758e-05 4.8446647232996775e-05 0.000201263032517114 0.0003550769612536285 0.00030883021873946644 0.0003733060920399176 0.00031213646642615407 0.0005003784508089374 0.00043736583122069606 0.0003892727751456433 7.107895527678226e-05 0.0001509527737593756 0.0001339481194417916 0.00014437512822330868 0.0001333168718403086 0.0002847880692316042 0.0003584510219761134 0.00038251110234438105 0.00027086020412764945 0.0002719264744409129 0.0003046362886759498 0.00019850346078539467 0.00020374310516020166 0.00023908264920605027 0.0004502523104409581 0.0004422353940451502 0.0002819205647270601 0.0003049335781071859 0.00034151804259103375 0.0003263654507457024 0.00029533118340933754 0.00016289812714297825 0.0002507934724710021 0.0002683310281153717 0.00015789610959201914 0.0002009725118681412 0.0002591880277660047 0.00016806657016177521 0.00020341428535210773 0.0002927421085410423 0.0003069432603725682 0.0004166212800877427 0.0004134229735647654 0.00041508795019964555 0.0002987516442558385 0.0003425145817513365 0.0003506877167750825 0.00026004993040322293 0.0002113952438886039 0.00037768956298111714 0.00012120614961616126 0.00039405501428598606 0.0003143246280505908 0.0003360052641241646 0.00018146025917721158 0.00022615162230228022 0.00020684001220511901 0.00023640295005391442 0.0002458401828122368 0.0004374502209587813 0.0003784038271702365 0.00020872401218852648 0.00030590335053528884 0.00027350362896351953 0.0003171202727542398 0.00034915571057354014 0.0003843377536792667 0.00023932514531669065 0.0003396157345934743 0.00032036749181870794 0.00020464882471257575 0.00034086947660554143 0.00015389118792661765 0.00018771415354126996 0.00020309217649994637 0.000457872469337799 0.00031866308606241333 0.00040604754589772805 6.0370933687294885e-05 0.00030142018178715005 0.00041196643932623717 0.0003719814598845384 0.0003360970019165281 0.0002955092922901951 0.0005226068436474875 0.00035492229101270967 0.00032599705002363613 0.00022249859822287836 0.000291851727699048 0.00022773812149353163 0.0001388482477527307 0.00029799370258662715 0.00045216167899349226 0.00033069822271405064 0.0004241922422758355 0.00017495156641346034 0.0004169666575756531 0.0002445109382107581 0.00040017057615867105 0.0004056628700273486 0.0003020761339971135 0.0002833891601420712 0.00032558047278925605 0.00037377212239858955 0.00037552713848422394 0.00023379009183844375 0.0003613306700571767 0.0003465702684261496 0.00024189975619917488 0.00040185656015400805 0.00047035222693259603 0.0005110099113569863 0.00033418305900651993 0.00029756391070010206 0.00016615265032692678 0.00032669256166050685 0.00035961729301829334 0.0003321087376793876 0.0005438447877719478 0.0005304412306240877 0.00028082247366425074 0.00045368363034541137 4.525927905303233e-05 0.0004750248916057684 0.00046040981020616773 0.0003972706091993922 0.00047841026999150823 0.000609833496243844 0.0005003343092289921 0.00044641106105672225 0.00034405356893425526 0.0004106361012286189 0.0002996335335303315 0.00045236879415715803 0.00038686259459391 0.0004287025314912966 0.00032363269053083886 0.0004336413174916322 0.00040080041344891886 0.00021691168147219622 0.0002108947651456127 0.0004770443504791916 0.0002103582057408383 0.0004685460902685857 0.00027529603341262755 0.0003371878769496825 0.0005186027292668204 0.0003204124482051868 0.0006044270990912633 0.0004481351285554004 0.00044404081098243424 0.00027704718668875093 0.00044658522859206747 0.00034836932209420614 0.0002810407027376134 0.00035715090235447275 0.00039470424363389497 0.0003451973529639611 0.0002993345767866941 0.0004201714293200129 0.00030947734485052233 0.00045582680304454465 0.000354947346623669 0.00036466787006167505 0.00020824500134217203 0.00040404733216587016 0.00039854399064527594 0.0004277722357918059 0.00046841354521335514 0.0003722350042442986 0.000639254788424488 0.0004493508378656847 0.00038488009562332793 0.00020085278632551504 0.0003359136217714144 0.0003885837245564413 0.0004842062659118929 0.00019758125638428786 0.0002718221025120586 0.0005653815922457941 0.00032711053032544364 0.0005470752619237261 0.000202081204033479 0.0004327487639463876 0.00013589306790467905 0.00037403225762741837 0.0004561760477077197 0.0003610073981850702 0.0005029409521209089 0.0002577910211600887 0.00027475852752362 0.0004605267156662402 0.0004908880687050973 0.0005809854142242899 0.000281808250408008 0.00039019740728020116 0.00053444923776705 0.0004393159614682986 0.0006028250836158565 0.0005310112167328413 0.00047093002836899725 0.0002528051300222213 0.00021786204900779046 0.0003556283942545524 0.00039007862446912835 0.0003863708439488907 0.00035470635917546616 0.0004620449678104763 0.0005620391535927392 0.0004928180375965907 0.0004168666186283294 0.0004320101586524464 0.0003034702125477605 0.0005535946714647899 0.00033904915807405863 0.0004065430794003226 0.0005253881854589372 0.0004969509325761959 0.0003234585788582146 0.0004606735844471098 0.0004897327493396529 0.0005577172753109493 0.0002601940466783519 0.00035492917531701544 0.00039198052423801405 0.0004991200502416852 0.00045362478654948875 0.0004770607223378627 0.0002513158304209032 0.0005322234624755808 0.0004957833516224089 0.0004814843488288211 0.00018021813193988542 0.00035404739718999137 5.896753249717403e-05 0.0003287228972823177 0.000442805322967038 0.00038013365432365716 0.00035017648884870414 0.0002752956628268243 0.0003654561794490452 0.0004270730197725525 0.0004066655454678307 0.00015110826391810257 0.00016026164140991314 0.00035970484632269587 0.000369523912448043 0.0005937903938944816 0.0005240662140837652 0.0001466565204271891 0.0004959372933134948 0.00047697426538226235 0.00023157773766217208 0.0004955775320726142 0.0005122801918267199 0.00039265223480302214 0.0003663139133278693 0.0003655363109745093 0.00048721361186830744 0.00037773583646548485 0.0002261750768055087 0.0004498007181524861 0.00014669140146273955 2.0000000000000002e-07 0.0003367136837020911 0.0002524688046569397 0.00029582232386921297 0.0003141079369116647 0.00026233996858804494 0.00031690501477925733 0.0004317959293888631 0.00031386667504342014 0.0002840319463370166 0.0004541473880607205 0.0004950105906537087 0.0002891743394565621 0.0003346335615700224 0.0004103395591299019 0.00024132641659522708 0.0002750376199849141 0.00032783512205876523 0.0004912349197830602 0.00038551635233333994 0.000347583037683195 0.0004037772062382971 0.00030968478501823733 0.00040704716223391403 0.0005068334955930571 0.00015176821421998972 0.00032828369050450255 0.0005345139043023521 0.0002953389981961016 0.0004578060595848059 0.0003997778704782107 0.00043744323202946436 0.0004850481240361659 0.00043660751724761165 0.0003731879725165649 0.0002675427336920498 0.0004948656635617235 0.0005418847090099812 0.0005189880648422151 0.0005708694380782817 0.00019160091836696694 0.0005030434731639562 0.0004419089626640737 0.00035026509358196915 0.0005845136435384462 0.0005833356022955713 0.00015732802069089727 0.0004801682425879371 0.0004136814743556834 0.0004539081214203015 0.0002052180353390493 0.00016500748815778676 0.00042460941350810666 0.00038988454520518564 0.00041059780121556325 0.00045911284735803657 0.0003183968431120657 0.00018783169145521455 0.00023208139746964192 0.00018454464725453098 0.0004272315418802033 0.00027745822896311676 0.00039624039554456917 0.0005618596369019066 0.00028173295100749544 6.534291613270149e-05 0.00043809963555797735 0.00015880589746277639 0.0004976179356936124 0.0004455489161344843 0.0003182152573327468 0.000590919049249547 0.000551075215620457 0.0003117066796775112 0.00017974293968425387 0.0003495016402825589 0.0003913433790038176 0.0003000460507629794 0.0003843187333708438 0.00044170146890175414 0.0004351554520918596 0.00036210115605261927 0.0004610891502969989 0.0002559773530262498 0.00043567138815045947 0.00041470589016148735 0.00042735033043128916 0.0005044691176983861 0.000443397666865813 0.00014663050250893225 0.00043582968102258825 0.0003315465145347172 0.0004648638460911372 0.00042706764897809614 0.0005056935706269166 0.000496282582707189 0.00035497438127808385 0.00047644797917806585 0.0003037726443332165 0.0005116234589569759 0.0003494518372229233 0.0003051238782438252 0.00046855220474180273 0.0005048916226112563 0.00037194741081069505 0.00041512611427288557 0.0003744097897483754 0.0006111594123176191 0.0003081971761498121 0.0004540492626051783 0.00044656691672651335 0.00039419169487312915 0.00044957333152838974 0.00037183013201154874 0.000295488493540478 0.0003616088162612743 0.00030405430916978976 0.00012612944378600946 0.00020195667607859815 0.0002401084173634006 0.0004844582213143775 0.0005465288155281173 0.0006115108766815534 0.0004891883885123351 0.0003002902525545849 0.0002333061125015407 0.0002554518653203491 0.00040576679384715766 0.0004767477435828993 0.00040745562801943597 0.00048036971411191426 0.0005938563680274975 0.00030225489950524753 0.0005902868924400757 0.0006272760166524591 0.0005113544154179125 0.000557946834387561 0.0004493123559497137 0.0005284533259228704 0.00045549479225761756 0.0006275976943987439 0.0002707020324597305 0.0002488870277315896 0.00021416630516931252 0.00026871337573110076 0.0006430746692695957 0.0007916000528823485 0.000645640705182318 0.0003741901019196867 0.0006088891771738964 0.0006116136743818086 0.0003238006847126355 0.0006215886320079758 0.00030832075384760636 0.0003765328150741875 0.0003480171698101468 0.00044394198610674975 0.00037994199845515754 0.0005421207115450272 0.0002824774427150707 0.00028744831982142053 0.00011079215654658688 0.0003191061870214367 0.0004750502046198183 0.00028913436748976873 0.00025301320376857364 0.00041632650453465745 0.00037101296354927573 0.00028084233097798797 0.0003049152712783918 0.00056182440827841 0.00046327602981080274 0.0004983443400889562 0.00031836915443018396 0.0005279720447017703 0.000439537562013041 0.00043207726850869326 0.0003002141577727392 0.00023526238857259985 0.00029896865289792777 0.00043917142566637804 0.00039059598916492503 0.00028718623410827284 0.00045990868862530134 0.00042720398732446754 0.00028742697315236275 0.00048425711381508 0.0004921490266641284 0.00020198718188047053 9.844773065988542e-05 0.0004222790601664277 0.00035875615818231296 0.00042167589028547283 0.000328708891828362 0.0002602718663462658 0.0002686286585735744 0.0004072338112285676 0.00045350301369003767 0.0003897962186377533 0.0004902534744744053 0.0005099868187551568 0.0005318067442993307 0.0005096803811479567 0.0004030636663809191 0.00034468906552519206 0.0003787141359057554 0.00011456073910428758 0.00032899708805279236 0.00019522089609475896 0.00036948276175694867 0.00032204345515415443 0.00041975050037905296 0.0004983947061117379 0.0003692871729187238 0.0005602500066767466 0.0005458047560751011 0.00029096882094451556 0.00044958893267720425 0.0005925391650851399 0.0004353047901414134 0.00048523610177298354 0.0006108848760910028 0.0004645195697364236 0.0006133956539239256 0.0006075446448005426 0.0005683121685690656 4.6329801491290135e-05 0.0004071978746708827 0.00021792690485468495 0.0002483610540877036 0.0003120630610730748 0.0004340762207283882 0.0004613184650095333 0.0005468597792648448 0.0004525386135004355 0.000348404850965272 0.0001836446531981321 0.0005104846714523595 0.00048798201668595023 0.00040521442060450423 0.00018737226022407668 0.0001703411656740554 0.0005331830876643514 0.0003057699134766876 0.0003984758058003635 0.000433261860255846 0.0003300082101705268 0.00017679336045348722 0.00047631504766721316 0.0001670053975480262 0.00016993962861561591 0.0003130402152742335 0.00029866879440646567 0.00031068552032357546 0.000484220247937069 0.00026124848860510175 0.00045699945381260385 0.0005049114177853593 0.0004818511545075841 0.000326909775233229 0.0004172549054010993 0.00029280527529345024 0.00040261158567579653 0.0003164522632963373 0.0005134767289966279 0.00048009493933292663 0.000482528027292878 0.00020366185714431958 0.0003300891141749134 0.00023557833578031952 0.0002712035706400468 0.0005315533779165808 0.000421939830412033 0.00025082949337850265 0.00036406645109177143 0.00037023941311773524 0.000325454590034129 0.00024219225315663445 0.0004179560738633755 0.0002859774082855596 0.00045119596197682995 0.00038696473653720346 0.00014349416442317785 0.00040935350970630987 0.00047666324305886405 0.0003402436272504044 0.0003739018859693588 0.0005997276623658154 0.0004805802959732107 0.0004755059462974601 0.0002806097307076111 0.0003459041859593101 6.693094405005923e-05 0.0004893057668677633 0.0005313563776684628 0.0002919901093043847 0.00042494040387793853 0.0004216930219077769 0.00035429468369525986 0.0003597670154333636 0.0003196510844476965 0.0005126500636761963 0.00026431182658035406 0.00029490832119573204 0.0003670119157274682 0.0004716697333661007 0.00026931443692191655 0.00022155261083386192 9.933172073891045e-05 0.00044719363220356204 0.00031943992991506447 0.00041415503103894353 0.00042157108667372547 0.0004117647815701906 0.0004470067634905392 0.0004970867204740042 0.00020246872150714494 0.00039729500604818093 0.00042159401092677697 0.00039793593970054115 0.0004588121049907865 0.0001328618602422721 0.000490006978091533 0.0004700807152819476 0.0003365579266648262 0.00018564289814808498 0.0004860069547050915 0.00026912769747465504 0.000361601710386797 0.0003934391258991804 0.00031021848202695065 0.00013828487536359603 0.00039474036942546177 0.0005352866592225487 0.000519812894690925 0.0004996175834477386 0.0005950567572607594 0.000259552350214397 0.00032936520342604156 0.0003293044509801894 0.00010262800526262305 0.0004282050937061739 0.0003973315593747969 0.00041270797518433173 0.0006122919789414305 0.0006129814958942023 0.0005397989141812371 0.00020749277235651038 0.0002984001426465848 0.00036721252138520547 0.0005596148430515637 3.7308687144846634e-05 0.00032870022951571873 0.00040701445959174897 0.00048607418799373307 0.00029415710401184907 0.0003771757565691499 0.00031809693713157137 0.0003635539979249004 0.0004638880063687936 0.00012716086307512734 0.00028551863066505616 0.0005040651096756704 0.0005133616644101917 0.0004892462088466829 0.0005655500188666554 0.00043620447606934637 0.00033702267533150304 0.0002903077239178603 0.00032197626044406163 0.0004918817688149976 0.0005619556048754948 0.0004901105775987043 0.00046741778609989945 0.0003084497695688129 0.00031424042955609466 0.0005415535393336676 0.00047446191592146776 0.0005510561851660889 0.0003426319822922177 0.0005959812089298586 0.0003092654082851515 0.00039159832207295923 0.0004677546906816197 0.000588285640949584 0.00029898964900410354 0.0006009178613113528 0.0004434234239135421 0.00044465277466267317 0.0002501034014708907 0.00017023519079124343 0.00037708796801484896 0.0004180359640074522 0.0002480143937054687 0.00020038088272768116 0.0005361313315407114 0.0006976715298849407 0.00039332721089146674 0.000420426089275439 0.0003588267167632011 0.00032254311014250883 0.000679288269749651 0.0004560166590729636 0.0004892749256196323 0.00015562554127178645 0.00029530472723786864 0.0005014996560521464 0.00027719535154293446 0.0005601233643905716 0.0005940331296684064 0.0003570947302884673 0.00040609891942634227 0.000282938912369723 0.0005163083406268915 0.00030905325807456345 0.00043943459434701816 0.0004376209617490313 0.0003030765524559882 0.0004076298228045645 2.853233593080863e-05 0.00017957397834701962 0.00043896853058732796 0.00041300196597246643 0.00014006922446448489 0.0004996010606636236 0.000525869248888486 0.0003641046179684818 0.00034153957064514634 0.00042391974964287645 0.0003536980734798188 0.00028878721059915973 0.0003415816414279783 0.00038409572137173236 0.0002828302407052109 0.0006967664182900387 0.0005818695746344163 0.0005651405295768636 0.0003818249169466668 0.00045013433521506516 0.0005552358349025307 0.00020826293360883983 0.00023646544145826807 0.0004077254692458816 0.0004305605112645976 0.0004785523423298693 0.00047746655652592204 3.580918507779466e-05 0.0004206406094276931 0.000461486340833218 0.0001759138058509008 0.00064660077343695 0.0005630923889397313 0.00033050619054055436 0.0004582608121538494 0.0005788149069062083 0.0005309481928503046 0.0004850480912335601 0.000519313213316082 0.0003809506857991731 0.0004517398690706248 0.00034566292072543654 0.00022489481730295684 0.0005083122816350806 0.0005434229966674565 0.0003547171161433504 0.0004133529700689033 0.0003107930780215584 0.00048254120124497485 0.0002703850377686834 0.0002743470533412521 2.1081851067789195e-07 5.453414693489278e-06 0.0003253574685179374 0.0004659820691302791 0.0004330137366005143 0.0002556992397223308 0.0003868212907244285 0.0005279534334941094 0.00047492671809132834 0.0002158374381866254 0.00023282835731660317 0.0006007523700373938 0.00031734110996470115 0.0005755489967173643 0.000152571498895174 0.0005789046181772485 0.0006632261674552836 0.00041351014405679635 0.00043627421553553154 0.00048689782079349054 0.00048434740636968827 0.00033631163710785985 0.00031801378359905047 0.0004165670876617117 0.0002799774167795688 0.0004505676428757593 0.000400612590769064 0.00040653318816051814 0.0005109427826808248 0.0004335424179221847 0.0005512401404013632 0.0001763618379045816 0.0005313302996076318 0.000436683363394924 0.0005069727328028923 0.00032754155738715275 0.0005342055112495566 0.00030929872028163014 0.0004126330383636462 0.0002359028065614825 8.374104592197092e-05 0.00024786106635695166 0.00027632480627185494 0.00027583550636948784 0.0004607754372605617 0.00017728855748741707 0.00015237316528328264 0.00041654907105807316 0.000445903701994645 0.0004734546603257683 0.00039627478210462445 0.00017536487301026047 0.0004863485977809541 0.00011050183806459213 0.00030396610557788224 0.00024067900548040144 0.0003320157098518888 0.0005859952314509834 0.00059135909605552 0.0005317072759116376 0.0003754250252245708 0.00040384131593792155 0.0004518550025138709 0.0003977551636409191 0.0005525869829418821 0.0005740903344218214 0.00020940762772715205 0.0004829864996254553 0.0003252604030612284 0.0004588675302976576 0.00035440894525785193 0.0003754732803449273 0.0004677059919402603 9.573512324424324e-05 0.0004980528572456002 0.000563990951470557 0.0006812955909565388 0.0004289392979192951 0.0001001858319589234 0.0005180972953297287 0.0005386142422996568 0.0003420053827411299 0.00033097824080098343 0.0003632094188992457 0.00044467871658778195 0.0003751790702931433 0.0003907416060295009 0.00013678256017429837 0.00030638207143237646 0.00033444158931743864 0.0005020262413206217 0.0001770223533853912 0.0004373036351751333 0.00047004110509975153 0.0004461640295044721 0.0004810473664391546 0.0004727210191369602 0.0004672539157828525 0.00026980996452966694 0.000516560110822257 0.00042858269323434737 0.00036451377032178624 0.00043405896176950597 0.0001533976682457728 0.0002084804378242745 0.0005145348264802753 0.0002991407053003607 0.0004269161351538419 0.0003522410252372529 0.00036887709096171964 0.00041964206103763124 0.0002543605093595311 0.000618899096292414 0.0005007594221577596 0.00021819974089901098 0.00036480383198406614 0.0005298702819038431 0.00041183824707592426 0.00022673133750475581 0.0005277707057290733 0.00033708486989401075 0.0005541202829297478 0.0005727344563919098 0.0005327917741646726 0.0006878048253736653 0.0004316941298812786 0.00040646144099199015 0.0002220529326647021 0.00025822551951553855 0.0004341636828165083 0.00039422987744124576 0.00018333141022126116 0.0004195524600822862 9.349994869048189e-05 0.00027917055070198464 0.000459227841151774 0.0003501492495180201 0.0004068040381882864 0.0005362352543602563 0.00026340532813221696 0.00016396851429820115 0.00016370898563087318 0.00034246891813014246 0.0002993596489275348 0.0004920519017050822 0.00044892121009702243 0.0005578604815818183 0.0006119460786000938 0.00029605941571482323 0.0006249083405913907 0.0005265875663122208 0.0005874929498952061 0.0005155129871400691 0.00024254258931722468 0.0003577433344253286 0.0004056080978239638 0.00037041233795105953 0.00041291251686342015 0.00048371316739837824 0.0002439712625859234 0.0006145572610337799 0.0005692056258653544 0.00036653091324977805 0.0003124976708815238 0.00036584810172109845 0.00036969902115687505 0.00039206332967924734 0.00018088416468269177 0.0003060426142959872 0.00018916915431284762 0.00018021427790495973 0.00035479296767531275 0.0005035093706227703 0.0003875105150189795 0.00034452225810395037 0.0004539459131196586 0.0004909397125853264 0.0002658295011582674 0.00039084111258803927 0.0001601290754977368 0.00023134245307205624 0.00048352300752826596 0.00041842791062085744 0.0004965936990004375 0.0006880016311721852 0.0007356531021340832 0.0005793511490583944 0.0006324489645081622 0.0004811848423054327 0.00041089750567610366 0.0005635727140181167 0.00046553532719616973 0.00043598641173554434 0.00017321054898480226 0.000591859073670521 0.0005245049573254138 0.000591716512880661 0.0002035855467384445 0.0005292516107067322 0.00031052828253185286 0.00037188732356137523 0.0005154248155418839 0.00022446510894960512 0.00039740265158137375 0.00042952941296954533 0.00043078023363316985 0.0006085821772931806 0.00028125114029247555 0.0002513042265912791 0.0005683014670968243 0.0005218232564379143 0.00022758695280098237 0.00041127612169879354 0.00038021889269556193 0.00012716985662744132 0.0002038911312856345 0.0006273051144547449 0.00026957387450321453 0.0005762660658222243 0.0004636016690264909 0.0005033019473233171 0.0004883272970981472 0.00045595364383771615 0.0002962490125963814 0.0004591045269381897 0.0005616603411729451 0.0005987870296055886 0.0005949047945392154 0.0005088395126105936 0.000446749464869065 0.00044203016686291855 0.0005762995179189122 0.00048377500738516896 0.0003654972878254913 0.0005915225870481325 0.00045069072481521936 0.00036598120880963254 0.0004295528119170142 0.0004543330434059729 0.0004596186571061487 0.0005514077560645265 0.0004533353745253072 0.0005914156484615428 0.00023467224721969164 0.00043384730267996606 0.000340025160283624 0.00027568899066619947 0.0003646587348134169 0.0004858602834729962 0.0003901635067853397 0.0003538919890514912 0.00020676699518772484 0.00011558567450333189 0.000573929182635779 0.0004823181160380614 0.0004021744539468538 0.00038165589741713827 0.0004898585794347964 0.0004741452161226838 0.0004754577390983632 0.0006429596682930471 0.0007089733548283577 0.0006626198831522286 0.0004369021637233263 0.00038410907956294325 0.0006717275760761926 0.0005916364839522593 0.0005213798661026602 0.0003178995470137123 0.00031071268375123205 0.0004856736597652211 0.00047010686968023633 0.0004231039978571449 0.0005117919437998884 0.0006552276422297745 0.0005224232807784085 0.0005066285898800388 0.0006114870773996586 0.00037729953524943206 0.00039535923895032824 0.0005870585463881693 0.00039219004470778787 0.000607671638421224 0.0001925255493051345 0.0006567883946935057 0.0006302917420716127 0.0004814337490948814 0.0002963170003348842 0.0006948142185686847 0.0005831820582383605 0.000562369481997182 0.0004891055768745701 0.0003237793365346711 0.0005103945004315259 0.0006888092232914732 0.0002392600459481987 0.0005172331863468531 0.0005357094932510114 0.0003111460374104208 0.0002004878655005418 0.0005572732896627296 8.841892712073757e-05 0.0005359417771539742 0.00014547270883512596 0.0006675786663513876 0.0005039941432983778 0.0004158574007147989 0.0006491037654157453 6.967066062208093e-05 0.00021312268593174245 0.00024869273352371725 0.0006711386178615263 0.0002581246593269566 0.0005239621023802179 0.0006636148859521761 0.0004457398797305529 0.0005301131140137954 0.000526409511595926 0.0004913241984170218 0.0006002936410733021 0.0004715275214919447 0.0003067757110636799 0.0003304070235029617 0.0002728920116419208 0.00046659792781815024 0.00039592437492315993 0.0002959582267383089 0.0005157143413018234 0.0004739484650599629 0.0005806389134941572 0.0006899753641604085 0.000348873339248752 0.00027672683971356857 4.48302254379695e-05 0.000226061420235771 0.0006596925159279437 0.0004552960883414842 0.0004992153876877557 0.00032103685167512405 0.0002046882887956366 0.0003495814595549432 5.86672788340933e-05 0.00034403539542948345 0.0002017001035572943 0.0002660776110641201 0.00030831695035833705 0.00026232277915778804 0.000327829744272404 0.0005480655594254333 0.0005830975261395423 0.00038681684400105335 0.0004242177284002216 0.00047762515776886364 0.0007076432287550155 0.0006434802478182696 0.0006267690444581713 0.0003412125052498557 0.0006600769367426731 0.00042580397455443866 0.0005198210112501657 0.0005802143983614581</DataArray>
<DataArray type="Float64" Name="g_contact" format="ascii">2.4502057073042156e-06 0.00049818473595262 0.0004979005715312746 0.0004283482981587557 8.307916186129234e-05 0.000153504339356806 0.0002514669751930384 0.00022687983686017117 0.00026350861348701355 0.00024906391223164704 0.00038068137535963835 0.00022902559865848755 0.00042121438308996524 0.0002951866031811323 0.0003459491428851214 0.00031647641982133075 0.00034142909931702214 0.0004226193553762293 0.00045899083248635074 0.00027733898129184435 0.00046352252089674394 0.00021449329863051754 0.0004299674518174082 0.0004637443443192523 0.00048445305760069757 0.00044983181458106556 0.0003148276594091254 0.00045445946431003285 0.00038929314494810905 0.000282981074951752 0.0003570131051004257 4.458557100833367e-05 4.7521829620507323e-05 2.463384894109881e-05 0.0003551413081759274 0.0004741839992017895 0.00029587916304567405 0.00044205202715983456 0.00018664157986317097 0.0001619116488150837 0.00018854769617103595 0.00042748569539532066 0.00040357261056328807 0.0003746343678606419 0.0003574561662382763 2.360326384298227e-05 0.0003685767694016745 0.0003531962691314543 0.00030369525951723814 0.0003945357690387623 0.00044816686249206833 0.0003533183502011401 0.00039091119178547105 0.000351407255461605 0.00030277039914584344 0.0002622393233896097 0.00042048227276820794 0.00025244233337634825 0.00029161126852559986 0.0003425440412279148 0.0003373820302041758 0.00038658629247321905 0.0002620521566982604 0.00034794765456124357 0.00016131695098402094 0.00038863366254742604 0.0004165802294475615 0.00044669359582742956 0.0005148407104315814 0.0004725672827518012 0.0005150828135680878 0.00040079109793399295 0.0004736340198809595 0.0005430291253782687 0.00044525702903169535 0.00020462639888648695 0.0002772158858791856 0.0003944745018858712 0.0004084591477176504 0.0003088906647567796 0.00026379505375611175 9.806648130476485e-05 0.0002554802760548064 0.00015585459662695192 0.0003137418161077627 0.0003083746351862097 0.00021671138838196693 0.0002327435341841494 0.000109329110412155 0.0002794688721552054 0.0003921893209056855 0.0003532819494625835 0.00038789885392341025 0.0002916493082304547 0.00030474392300921984 0.0004623489541087657 0.00046189453463148385 0.00048695942933402734 8.106805993954522e-06 9.156144610242015e-05 0.00022492791870910053 3.394793718568407e-05 0.0002339079852829956 9.645625771820952e-05 0.00043504306556925817 0.0004941667221734112 0.0005909425856589793 0.0005576160641622899 0.000209668975445132 0.0005784461875278652 0.0004916877272794515 0.0003862992512925445 0.00035664299592383657 0.00032630484120464975 0.0002338088560953878 0.0004775701019659421 0.0003564403588503538 0.0004512486293091448 5.090878651192665e-05 1.9364916731037086e-07 0.0004689425904026527 0.00046498272723059016 0.0004235606324920859 0.0004910363256743585 0.0002693808415314065 0.0003495285253860252 0.00027658319814698185 0.00021662057291252062 0.0002891286857587013 0.00024731613047810903 0.00030149531221252063 2.4379783849457777e-06 1.851640199545103e-07 0.0004314624497903843 0.0001749140925883438 0.00029118014866050056 0.00017390727974917714 0.00036151537779318587 0.00017909961362120135 0.00027938680389919554 0.0001294416713466459 0.0003994163647628462 0.0004012021703756493 0.0004305766202200645 0.0001804541190357191 0.00026391601921817826 0.00030901063108291804 0.0003058849727008476 0.0003254329281951555 2.2928487020921836e-05 0.00043420011364289255 0.00030729139264948466 0.0005270375050648195 0.0005473789976022418 0.00045152007142603415 1.7320508075688775e-07 1.851640199545103e-07 0.00015921118439577255 0.00019835411062999665 0.00024334435918051792 0.0003275605715156409 0.00032656506519433687 0.00036139415051567497 0.0004053863247239805 0.00039014288765846974 0.0003626358852952274 0.0001221446094321401 0.00037496040023455375 0.0003995027884138405 0.0005010237192967311 0.00037810298934308863 0.00012191230841097916 0.00035437818242958985 0.00029147722942591387 0.00038198746983287077 0.00047709381568908636 0.0003666671804821697 0.00021913070165751792 0.00028256339707939665 0.00018633041578923633 0.0002968483785034767 0.00014853961480249255 0.000306402721765019 0.0001745670659040981 0.0003331864358854834 0.0004756411385673957 0.000376163534740642 0.0003803544076878501 0.00041358973806903174 0.00010611897492817475 0.00042904363284884195 0.0004898626148098672 0.0004963315645403118 0.0003971645098797639 0.00030155357806901353 0.00032611010988991683 0.0004178117411013892 0.0004949547527013412 0.0003240880491179669 0.0004106505519572598 0.00036880123318908987 0.0004654181898328516 0.00035813254258431525 8.665355588739383e-05 0.0001982240538243317 0.0005217088458124691 0.00042797988164286797 0.0003592717727643173 0.000414421567170377 0.00044068619868072685 0.00042821289092167115 0.0004786692425894353 0.0002661866873903123 0.000224718090003297 0.0003383201370241258 0.00037643747866225244 0.0003644927365097557 0.00039154806986364273 0.0003561642812379213 0.00032246676811897715 0.0003325742271947289 0.0003256499123986833 0.00018170961420768138 0.00027118369321093525 0.00035720865337546026 0.00029785588234162107 0.00048617375724329694 0.0004238356070796776 0.00041671656616139617 0.0005017433357853763 0.0004251019670059809 0.0005967110112018407 0.000432948625967041 0.00014739190550480658 0.00029849047100760596 0.0004791417853929433 0.00037870629162279 0.00031167389905969697 0.0002504695240639759 0.00034399123503029176 0.0003414426543823475 0.0005147979775113309 0.00019616209731305106 0.00016103341508959747 0.00018505891002997067 0.0002174867767676908 0.0005060174072145217 0.0005085658293351433 0.000381963056767723 4.829433507589758e-05 4.8446647232996775e-05 0.000201263032517114 0.0003550769612536285 0.00030883021873946644 0.0003733060920399176 0.00031213646642615407 0.0005003784508089374 0.00043736583122069606 0.0003892727751456433 7.107895527678226e-05 0.0001509527737593756 0.0001339481194417916 0.00014437512822330868 0.0001333168718403086 0.0002847880692316042 0.0003584510219761134 0.00038251110234438105 0.00027086020412764945 0.0002719264744409129 0.0003046362886759498 0.00019850346078539467 0.00020374310516020166 0.00023908264920605027 0.0004502523104409581 0.0004422353940451502 0.0002819205647270601 0.0003049335781071859 0.00034151804259103375 0.0003263654507457024 0.00029533118340933754 0.00016289812714297825 0.0002507934724710021 0.0002683310281153717 0.00015789610959201914 0.0002009725118681412 0.0002591880277660047 0.00016806657016177521 0.00020341428535210773 0.0002927421085410423 0.0003069432603725682 0.0004166212800877427 0.0004134229735647654 0.00041508795019964555 0.0002987516442558385 0.0003425145817513365 0.0003506877167750825 0.00026004993040322293 0.0002113952438886039 0.00037768956298111714 0.00012120614961616126 0.00039405501428598606 0.0003143246280505908 0.0003360052641241646 0.00018146025917721158 0.00022615162230228022 0.00020684001220511901 0.00023640295005391442 0.0002458401828122368 0.0004374502209587813 0.0003784038271702365 0.00020872401218852648 0.00030590335053528884 0.00027350362896351953 0.0003171202727542398 0.00034915571057354014 0.0003843377536792667 0.00023932514531669065 0.0003396157345934743 0.00032036749181870794 0.00020464882471257575 0.00034086947660554143 0.00015389118792661765 0.00018771415354126996 0.00020309217649994637 0.000457872469337799 0.00031866308606241333 0.00040604754589772805 6.0370933687294885e-05 0.00030142018178715005 0.00041196643932623717 0.0003719814598845384 0.0003360970019165281 0.0002955092922901951 0.0005226068436474875 0.00035492229101270967 0.00032599705002363613 0.00022249859822287836 0.000291851727699048 0.00022773812149353163 0.0001388482477527307 0.00029799370258662715 0.00045216167899349226 0.00033069822271405064 0.0004241922422758355 0.00017495156641346034 0.0004169666575756531 0.0002445109382107581 0.00040017057615867105 0.0004056628700273486 0.0003020761339971135 0.0002833891601420712 0.00032558047278925605 0.00037377212239858955 0.00037552713848422394 0.00023379009183844375 0.0003613306700571767 0.0003465702684261496 0.00024189975619917488 0.00040185656015400805 0.00047035222693259603 0.0005110099113569863 0.00033418305900651993 0.00029756391070010206 0.00016615265032692678 0.00032669256166050685 0.00035961729301829334 0.0003321087376793876 0.0005438447877719478 0.0005304412306240877 0.00028082247366425074 0.00045368363034541137 4.525927905303233e-05 0.0004750248916057684 0.00046040981020616773 0.0003972706091993922 0.00047841026999150823 0.000609833496243844 0.0005003343092289921 0.00044641106105672225 0.00034405356893425526 0.0004106361012286189 0.0002996335335303315 0.00045236879415715803 0.00038686259459391 0.0004287025314912966 0.00032363269053083886 0.0004336413174916322 0.00040080041344891886 0.00021691168147219622 0.0002108947651456127 0.0004770443504791916 0.0002103582057408383 0.0004685460902685857 0.00027529603341262755 0.0003371878769496825 0.0005186027292668204 0.0003204124482051868 0.0006044270990912633 0.0004481351285554004 0.00044404081098243424 0.00027704718668875093 0.00044658522859206747 0.00034836932209420614 0.0002810407027376134 0.00035715090235447275 0.00039470424363389497 0.0003451973529639611 0.0002993345767866941 0.0004201714293200129 0.00030947734485052233 0.00045582680304454465 0.000354947346623669 0.00036466787006167505 0.00020824500134217203 0.00040404733216587016 0.00039854399064527594 0.0004277722357918059 0.00046841354521335514 0.0003722350042442986 0.000639254788424488 0.0004493508378656847 0.00038488009562332793 0.00020085278632551504 0.0003359136217714144 0.0003885837245564413 0.0004842062659118929 0.00019758125638428786 0.0002718221025120586 0.0005653815922457941 0.00032711053032544364 0.0005470752619237261 0.000202081204033479 0.0004327487639463876 0.00013589306790467905 0.00037403225762741837 0.0004561760477077197 0.0003610073981850702 0.0005029409521209089 0.0002577910211600887 0.00027475852752362 0.0004605267156662402 0.0004908880687050973 0.0005809854142242899 0.000281808250408008 0.00039019740728020116 0.00053444923776705 0.0004393159614682986 0.0006028250836158565 0.0005310112167328413 0.00047093002836899725 0.0002528051300222213 0.00021786204900779046 0.0003556283942545524 0.00039007862446912835 0.0003863708439488907 0.00035470635917546616 0.0004620449678104763 0.0005620391535927392 0.0004928180375965907 0.0004168666186283294 0.0004320101586524464 0.0003034702125477605 0.0005535946714647899 0.00033904915807405863 0.0004065430794003226 0.0005253881854589372 0.0004969509325761959 0.0003234585788582146 0.0004606735844471098 0.0004897327493396529 0.0005577172753109493 0.0002601940466783519 0.00035492917531701544 0.00039198052423801405 0.0004991200502416852 0.00045362478654948875 0.0004770607223378627 0.0002513158304209032 0.0005322234624755808 0.0004957833516224089 0.0004814843488288211 0.00018021813193988542 0.00035404739718999137 5.896753249717403e-05 0.0003287228972823177 0.000442805322967038 0.00038013365432365716 0.00035017648884870414 0.0002752956628268243 0.0003654561794490452 0.0004270730197725525 0.0004066655454678307 0.00015110826391810257 0.00016026164140991314 0.00035970484632269587 0.000369523912448043 0.0005937903938944816 0.0005240662140837652 0.0001466565204271891 0.0004959372933134948 0.00047697426538226235 0.00023157773766217208 0.0004955775320726142 0.0005122801918267199 0.00039265223480302214 0.0003663139133278693 0.0003655363109745093 0.00048721361186830744 0.00037773583646548485 0.0002261750768055087 0.0004498007181524861 0.00014669140146273955 2.0000000000000002e-07 0.0003367136837020911 0.0002524688046569397 0.00029582232386921297 0.0003141079369116647 0.00026233996858804494 0.00031690501477925733 0.0004317959293888631 0.00031386667504342014 0.0002840319463370166 0.0004541473880607205 0.0004950105906537087 0.0002891743394565621 0.0003346335615700224 0.0004103395591299019 0.00024132641659522708 0.0002750376199849141 0.00032783512205876523 0.0004912349197830602 0.00038551635233333994 0.000347583037683195 0.0004037772062382971 0.00030968478501823733 0.00040704716223391403 0.0005068334955930571 0.00015176821421998972 0.00032828369050450255 0.0005345139043023521 0.0002953389981961016 0.0004578060595848059 0.0003997778704782107 0.00043744323202946436 0.0004850481240361659 0.00043660751724761165 0.0003731879725165649 0.0002675427336920498 0.0004948656635617235 0.0005418847090099812 0.0005189880648422151 0.0005708694380782817 0.00019160091836696694 0.0005030434731639562 0.0004419089626640737 0.00035026509358196915 0.0005845136435384462 0.0005833356022955713 0.00015732802069089727 0.0004801682425879371 0.0004136814743556834 0.0004539081214203015 0.0002052180353390493 0.00016500748815778676 0.00042460941350810666 0.00038988454520518564 0.00041059780121556325 0.00045911284735803657 0.0003183968431120657 0.00018783169145521455 0.00023208139746964192 0.00018454464725453098 0.0004272315418802033 0.00027745822896311676 0.00039624039554456917 0.0005618596369019066 0.00028173295100749544 6.534291613270149e-05 0.00043809963555797735 0.00015880589746277639 0.0004976179356936124 0.0004455489161344843 0.0003182152573327468 0.000590919049249547 0.000551075215620457 0.0003117066796775112 0.00017974293968425387 0.0003495016402825589 0.0003913433790038176 0.0003000460507629794 0.0003843187333708438 0.00044170146890175414 0.0004351554520918596 0.00036210115605261927 0.0004610891502969989 0.0002559773530262498 0.00043567138815045947 0.00041470589016148735 0.00042735033043128916 0.0005044691176983861 0.000443397666865813 0.00014663050250893225 0.00043582968102258825 0.0003315465145347172 0.0004648638460911372 0.00042706764897809614 0.0005056935706269166 0.000496282582707189 0.00035497438127808385 0.00047644797917806585 0.0003037726443332165 0.0005116234589569759 0.0003494518372229233 0.0003051238782438252 0.00046855220474180273 0.0005048916226112563 0.00037194741081069505 0.00041512611427288557 0.0003744097897483754 0.0006111594123176191 0.0003081971761498121 0.0004540492626051783 0.00044656691672651335 0.00039419169487312915 0.00044957333152838974 0.00037183013201154874 0.000295488493540478 0.0003616088162612743 0.00030405430916978976 0.00012612944378600946 0.00020195667607859815 0.0002401084173634006 0.0004844582213143775 0.0005465288155281173 0.0006115108766815534 0.0004891883885123351 0.0003002902525545849 0.0002333061125015407 0.0002554518653203491 0.00040576679384715766 0.0004767477435828993 0.00040745562801943597 0.00048036971411191426 0.0005938563680274975 0.00030225489950524753 0.0005902868924400757 0.0006272760166524591 0.0005113544154179125 0.000557946834387561 0.0004493123559497137 0.0005284533259228704 0.00045549479225761756 0.0006275976943987439 0.0002707020324597305 0.0002488870277315896 0.00021416630516931252 0.00026871337573110076 0.0006430746692695957 0.0007916000528823485 0.000645640705182318 0.0003741901019196867 0.0006088891771738964 0.0006116136743818086 0.0003238006847126355 0.0006215886320079758 0.00030832075384760636 0.0003765328150741875 0.0003480171698101468 0.00044394198610674975 0.00037994199845515754 0.0005421207115450272 0.0002824774427150707 0.00028744831982142053 0.00011079215654658688 0.0003191061870214367 0.0004750502046198183 0.00028913436748976873 0.00025301320376857364 0.00041632650453465745 0.00037101296354927573 0.00028084233097798797 0.0003049152712783918 0.00056182440827841 0.00046327602981080274 0.0004983443400889562 0.00031836915443018396 0.0005279720447017703 0.000439537562013041 0.00043207726850869326 0.0003002141577727392 0.00023526238857259985 0.00029896865289792777 0.00043917142566637804 0.00039059598916492503 0.00028718623410827284 0.00045990868862530134 0.00042720398732446754 0.00028742697315236275 0.00048425711381508 0.0004921490266641284 0.00020198718188047053 9.844773065988542e-05 0.0004222790601664277 0.00035875615818231296 0.00042167589028547283 0.000328708891828362 0.0002602718663462658 0.0002686286585735744 0.0004072338112285676 0.00045350301369003767 0.0003897962186377533 0.0004902534744744053 0.0005099868187551568 0.0005318067442993307 0.0005096803811479567 0.0004030636663809191 0.00034468906552519206 0.0003787141359057554 0.00011456073910428758 0.00032899708805279236 0.00019522089609475896 0.00036948276175694867 0.00032204345515415443 0.00041975050037905296 0.0004983947061117379 0.0003692871729187238 0.0005602500066767466 0.0005458047560751011 0.00029096882094451556 0.00044958893267720425 0.0005925391650851399 0.0004353047901414134 0.00048523610177298354 0.0006108848760910028 0.0004645195697364236 0.0006133956539239256 0.0006075446448005426 0.0005683121685690656 4.6329801491290135e-05 0.0004071978746708827 0.00021792690485468495 0.0002483610540877036 0.0003120630610730748 0.0004340762207283882 0.0004613184650095333 0.0005468597792648448 0.0004525386135004355 0.000348404850965272 0.0001836446531981321 0.0005104846714523595 0.00048798201668595023 0.00040521442060450423 0.00018737226022407668 0.0001703411656740554 0.0005331830876643514 0.0003057699134766876 0.0003984758058003635 0.000433261860255846 0.0003300082101705268 0.00017679336045348722 0.00047631504766721316 0.0001670053975480262 0.00016993962861561591 0.0003130402152742335 0.00029866879440646567 0.00031068552032357546 0.000484220247937069 0.00026124848860510175 0.00045699945381260385 0.0005049114177853593 0.0004818511545075841 0.000326909775233229 0.0004172549054010993 0.00029280527529345024 0.00040261158567579653 0.0003164522632963373 0.0005134767289966279 0.00048009493933292663 0.000482528027292878 0.00020366185714431958 0.0003300891141749134 0.00023557833578031952 0.0002712035706400468 0.0005315533779165808 0.000421939830412033 0.00025082949337850265 0.00036406645109177143 0.00037023941311773524 0.000325454590034129 0.00024219225315663445 0.0004179560738633755 0.0002859774082855596 0.00045119596197682995 0.00038696473653720346 0.00014349416442317785 0.00040935350970630987 0.00047666324305886405 0.0003402436272504044 0.0003739018859693588 0.0005997276623658154 0.0004805802959732107 0.0004755059462974601 0.0002806097307076111 0.0003459041859593101 6.693094405005923e-05 0.0004893057668677633 0.0005313563776684628 0.0002919901093043847 0.00042494040387793853 0.0004216930219077769 0.00035429468369525986 0.0003597670154333636 0.0003196510844476965 0.0005126500636761963 0.00026431182658035406 0.00029490832119573204 0.0003670119157274682 0.0004716697333661007 0.00026931443692191655 0.00022155261083386192 9.933172073891045e-05 0.00044719363220356204 0.00031943992991506447 0.00041415503103894353 0.00042157108667372547 0.0004117647815701906 0.0004470067634905392 0.0004970867204740042 0.00020246872150714494 0.00039729500604818093 0.00042159401092677697 0.00039793593970054115 0.0004588121049907865 0.0001328618602422721 0.000490006978091533 0.0004700807152819476 0.0003365579266648262 0.00018564289814808498 0.0004860069547050915 0.00026912769747465504 0.000361601710386797 0.0003934391258991804 0.00031021848202695065 0.00013828487536359603 0.00039474036942546177 0.0005352866592225487 0.000519812894690925 0.0004996175834477386 0.0005950567572607594 0.000259552350214397 0.00032936520342604156 0.0003293044509801894 0.00010262800526262305 0.0004282050937061739 0.0003973315593747969 0.00041270797518433173 0.0006122919789414305 0.0006129814958942023 0.0005397989141812371 0.00020749277235651038 0.0002984001426465848 0.00036721252138520547 0.0005596148430515637 3.7308687144846634e-05 0.00032870022951571873 0.00040701445959174897 0.00048607418799373307 0.00029415710401184907 0.0003771757565691499 0.00031809693713157137 0.0003635539979249004 0.0004638880063687936 0.00012716086307512734 0.00028551863066505616 0.0005040651096756704 0.0005133616644101917 0.0004892462088466829 0.0005655500188666554 0.00043620447606934637 0.00033702267533150304 0.0002903077239178603 0.00032197626044406163 0.0004918817688149976 0.0005619556048754948 0.0004901105775987043 0.00046741778609989945 0.0003084497695688129 0.00031424042955609466 0.0005415535393336676 0.00047446191592146776 0.0005510561851660889 0.0003426319822922177 0.0005959812089298586 0.0003092654082851515 0.00039159832207295923 0.0004677546906816197 0.000588285640949584 0.00029898964900410354 0.0006009178613113528 0.0004434234239135421 0.00044465277466267317 0.0002501034014708907 0.00017023519079124343 0.00037708796801484896 0.0004180359640074522 0.0002480143937054687 0.00020038088272768116 0.0005361313315407114 0.0006976715298849407 0.00039332721089146674 0.000420426089275439 0.0003588267167632011 0.00032254311014250883 0.000679288269749651 0.0004560166590729636 0.0004892749256196323 0.00015562554127178645 0.00029530472723786864 0.0005014996560521464 0.00027719535154293446 0.0005601233643905716 0.0005940331296684064 0.0003570947302884673 0.00040609891942634227 0.000282938912369723 0.0005163083406268915 0.00030905325807456345 0.00043943459434701816 0.0004376209617490313 0.0003030765524559882 0.0004076298228045645 2.853233593080863e-05 0.00017957397834701962 0.00043896853058732796 0.00041300196597246643 0.00014006922446448489 0.0004996010606636236 0.000525869248888486 0.0003641046179684818 0.00034153957064514634 0.00042391974964287645 0.0003536980734798188 0.00028878721059915973 0.0003415816414279783 0.00038409572137173236 0.0002828302407052109 0.0006967664182900387 0.0005818695746344163 0.0005651405295768636 0.0003818249169466668 0.00045013433521506516 0.0005552358349025307 0.00020826293360883983 0.00023646544145826807 0.0004077254692458816 0.0004305605112645976 0.0004785523423298693 0.00047746655652592204 3.580918507779466e-05 0.0004206406094276931 0.000461486340833218 0.0001759138058509008 0.00064660077343695 0.0005630923889397313 0.00033050619054055436 0.0004582608121538494 0.0005788149069062083 0.0005309481928503046 0.0004850480912335601 0.000519313213316082 0.0003809506857991731 0.0004517398690706248 0.00034566292072543654 0.00022489481730295684 0.0005083122816350806 0.0005434229966674565 0.0003547171161433504 0.0004133529700689033 0.0003107930780215584 0.00048254120124497485 0.0002703850377686834 0.0002743470533412521 2.1081851067789195e-07 5.453414693489278e-06 0.0003253574685179374 0.0004659820691302791 0.0004330137366005143 0.0002556992397223308 0.0003868212907244285 0.0005279534334941094 0.00047492671809132834 0.0002158374381866254 0.00023282835731660317 0.0006007523700373938 0.00031734110996470115 0.0005755489967173643 0.000152571498895174 0.0005789046181772485 0.0006632261674552836 0.00041351014405679635 0.00043627421553553154 0.00048689782079349054 0.00048434740636968827 0.00033631163710785985 0.00031801378359905047 0.0004165670876617117 0.0002799774167795688 0.0004505676428757593 0.000400612590769064 0.00040653318816051814 0.0005109427826808248 0.0004335424179221847 0.0005512401404013632 0.0001763618379045816 0.0005313302996076318 0.000436683363394924 0.0005069727328028923 0.00032754155738715275 0.0005342055112495566 0.00030929872028163014 0.0004126330383636462 0.0002359028065614825 8.374104592197092e-05 0.00024786106635695166 0.00027632480627185494 0.00027583550636948784 0.0004607754372605617 0.00017728855748741707 0.00015237316528328264 0.00041654907105807316 0.000445903701994645 0.0004734546603257683 0.00039627478210462445 0.00017536487301026047 0.0004863485977809541 0.00011050183806459213 0.00030396610557788224 0.00024067900548040144 0.0003320157098518888 0.0005859952314509834 0.00059135909605552 0.0005317072759116376 0.0003754250252245708 0.00040384131593792155 0.0004518550025138709 0.0003977551636409191 0.0005525869829418821 0.0005740903344218214 0.00020940762772715205 0.0004829864996254553 0.0003252604030612284 0.0004588675302976576 0.00035440894525785193 0.0003754732803449273 0.0004677059919402603 9.573512324424324e-05 0.0004980528572456002 0.000563990951470557 0.0006812955909565388 0.0004289392979192951 0.0001001858319589234 0.0005180972953297287 0.0005386142422996568 0.0003420053827411299 0.00033097824080098343 0.0003632094188992457 0.00044467871658778195 0.0003751790702931433 0.0003907416060295009 0.00013678256017429837 0.00030638207143237646 0.00033444158931743864 0.0005020262413206217 0.0001770223533853912 0.0004373036351751333 0.00047004110509975153 0.0004461640295044721 0.0004810473664391546 0.0004727210191369602 0.0004672539157828525 0.00026980996452966694 0.000516560110822257 0.00042858269323434737 0.00036451377032178624 0.00043405896176950597 0.0001533976682457728 0.0002084804378242745 0.0005145348264802753 0.0002991407053003607 0.0004269161351538419 0.0003522410252372529 0.00036887709096171964 0.00041964206103763124 0.0002543605093595311 0.000618899096292414 0.0005007594221577596 0.00021819974089901098 0.00036480383198406614 0.0005298702819038431 0.00041183824707592426 0.00022673133750475581 0.0005277707057290733 0.00033708486989401075 0.0005541202829297478 0.0005727344563919098 0.0005327917741646726 0.0006878048253736653 0.0004316941298812786 0.00040646144099199015 0.0002220529326647021 0.00025822551951553855 0.0004341636828165083 0.00039422987744124576 0.00018333141022126116 0.0004195524600822862 9.349994869048189e-05 0.00027917055070198464 0.000459227841151774 0.0003501492495180201 0.0004068040381882864 0.0005362352543602563 0.00026340532813221696 0.00016396851429820115 0.00016370898563087318 0.00034246891813014246 0.0002993596489275348 0.0004920519017050822 0.00044892121009702243 0.0005578604815818183 0.0006119460786000938 0.00029605941571482323 0.0006249083405913907 0.0005265875663122208 0.0005874929498952061 0.0005155129871400691 0.00024254258931722468 0.0003577433344253286 0.0004056080978239638 0.00037041233795105953 0.00041291251686342015 0.00048371316739837824 0.0002439712625859234 0.0006145572610337799 0.0005692056258653544 0.00036653091324977805 0.0003124976708815238 0.00036584810172109845 0.00036969902115687505 0.00039206332967924734 0.00018088416468269177 0.0003060426142959872 0.00018916915431284762 0.00018021427790495973 0.00035479296767531275 0.0005035093706227703 0.0003875105150189795 0.00034452225810395037 0.0004539459131196586 0.0004909397125853264 0.0002658295011582674 0.00039084111258803927 0.0001601290754977368 0.00023134245307205624 0.00048352300752826596 0.00041842791062085744 0.0004965936990004375 0.0006880016311721852 0.0007356531021340832 0.0005793511490583944 0.0006324489645081622 0.0004811848423054327 0.00041089750567610366 0.0005635727140181167 0.00046553532719616973 0.00043598641173554434 0.00017321054898480226 0.000591859073670521 0.0005245049573254138 0.000591716512880661 0.0002035855467384445 0.0005292516107067322 0.00031052828253185286 0.00037188732356137523 0.0005154248155418839 0.00022446510894960512 0.00039740265158137375 0.00042952941296954533 0.00043078023363316985 0.0006085821772931806 0.00028125114029247555 0.0002513042265912791 0.0005683014670968243 0.0005218232564379143 0.00022758695280098237 0.00041127612169879354 0.00038021889269556193 0.00012716985662744132 0.0002038911312856345 0.0006273051144547449 0.00026957387450321453 0.0005762660658222243 0.0004636016690264909 0.0005033019473233171 0.0004883272970981472 0.00045595364383771615 0.0002962490125963814 0.0004591045269381897 0.0005616603411729451 0.0005987870296055886 0.0005949047945392154 0.0005088395126105936 0.000446749464869065 0.00044203016686291855 0.0005762995179189122 0.00048377500738516896 0.0003654972878254913 0.0005915225870481325 0.00045069072481521936 0.00036598120880963254 0.0004295528119170142 0.0004543330434059729 0.0004596186571061487 0.0005514077560645265 0.0004533353745253072 0.0005914156484615428 0.00023467224721969164 0.00043384730267996606 0.000340025160283624 0.00027568899066619947 0.0003646587348134169 0.0004858602834729962 0.0003901635067853397 0.0003538919890514912 0.00020676699518772484 0.00011558567450333189 0.000573929182635779 0.0004823181160380614 0.0004021744539468538 0.00038165589741713827 0.0004898585794347964 0.0004741452161226838 0.0004754577390983632 0.0006429596682930471 0.0007089733548283577 0.0006626198831522286 0.0004369021637233263 0.00038410907956294325 0.0006717275760761926 0.0005916364839522593 0.0005213798661026602 0.0003178995470137123 0.00031071268375123205 0.0004856736597652211 0.00047010686968023633 0.0004231039978571449 0.0005117919437998884 0.0006552276422297745 0.0005224232807784085 0.0005066285898800388 0.0006114870773996586 0.00037729953524943206 0.00039535923895032824 0.0005870585463881693 0.00039219004470778787 0.000607671638421224 0.0001925255493051345 0.0006567883946935057 0.0006302917420716127 0.0004814337490948814 0.0002963170003348842 0.0006948142185686847 0.0005831820582383605 0.000562369481997182 0.0004891055768745701 0.0003237793365346711 0.0005103945004315259 0.0006888092232914732 0.0002392600459481987 0.0005172331863468531 0.0005357094932510114 0.0003111460374104208 0.0002004878655005418 0.0005572732896627296 8.841892712073757e-05 0.0005359417771539742 0.00014547270883512596 0.0006675786663513876 0.0005039941432983778 0.0004158574007147989 0.0006491037654157453 6.967066062208093e-05 0.00021312268593174245 0.00024869273352371725 0.0006711386178615263 0.0002581246593269566 0.0005239621023802179 0.0006636148859521761 0.0004457398797305529 0.0005301131140137954 0.000526409511595926 0.0004913241984170218 0.0006002936410733021 0.0004715275214919447 0.0003067757110636799 0.0003304070235029617 0.0002728920116419208 0.00046659792781815024 0.00039592437492315993 0.0002959582267383089 0.0005157143413018234 0.0004739484650599629 0.0005806389134941572 0.0006899753641604085 0.000348873339248752 0.00027672683971356857 4.48302254379695e-05 0.000226061420235771 0.0006596925159279437 0.0004552960883414842 0.0004992153876877557 0.00032103685167512405 0.0002046882887956366 0.0003495814595549432 5.86672788340933e-05 0.00034403539542948345 0.0002017001035572943 0.0002660776110641201 0.00030831695035833705 0.00026232277915778804 0.000327829744272404 0.0005480655594254333 0.0005830975261395423 0.00038681684400105335 0.0004242177284002216 0.00047762515776886364 0.0007076432287550155 0.0006434802478182696 0.0006267690444581713 0.0003412125052498557 0.0006600769367426731 0.00042580397455443866 0.0005198210112501657 0.0005802143983614581</DataArray>
<DataArray type="Float64" Name="g_gap" format="ascii">0.0 0.0 0.0 0.0 0.0 0.0 0.0 0.0 0.0 0.0 0.0 0.0 0.0 0.0 0.0 0.0 0.0 0.0 0.0 0.0 0.0 0.0 0.0 0.0 0.0 0.0 0.0 0.0 0.0 0.0 0.0 0.0 0.0 0.0 0.0 0.0 0.0 0.0 0.0 0.0 0.0 0.0 0.0 0.0 0.0 0.0 0.0 0.0 0.0 0.0 0.0 0.0 0.0 0.0 0.0 0.0 0.0 0.0 0.0 0.0 0.0 0.0 0.0 0.0 0.0 0.0 0.0 0.0 0.0 0.0 0.0 0.0 0.0 0.0 0.0 0.0 0.0 0.0 0.0 0.0 0.0 0.0 0.0 0.0 0.0 0.0 0.0 0.0 0.0 0.0 0.0 0.0 0.0 0.0 0.0 0.0 0.0 0.0 0.0 0.0 0.0 0.0 0.0 0.0 0.0 0.0 0.0 0.0 0.0 0.0 0.0 0.0 0.0 0.0 0.0 0.0 0.0 0.0 0.0 0.0 0.0 0.0 0.0 0.0 0.0 0.0 0.0 0.0 0.0 0.0 0.0 0.0 0.0 0.0 0.0 0.0 0.0 0.0 0.0 0.0 0.0 0.0 0.0 0.0 0.0 0.0 0.0 0.0 0.0 0.0 0.0 0.0 0.0 0.0 0.0 0.0 0.0 0.0 0.0 0.0 0.0 0.0 0.0 0.0 0.0 0.0 0.0 0.0 0.0 0.0 0.0 0.0 0.0 0.0 0.0 0.0 0.0 0.0 0.0 0.0 0.0 0.0 0.0 0.0 0.0 0.0 0.0 0.0 0.0 0.0 0.0 0.0 0.0 0.0 0.0 0.0 0.0 0.0 0.0 0.0 0.0 0.0 0.0 0.0 0.0 0.0 0.0 0.0 0.0 0.0 0.0 0.0 0.0 0.0 0.0 0.0 0.0 0.0 0.0 0.0 0.0 0.0 0.0 0.0 0.0 0.0 0.0 0.0 0.0 0.0 0.0 0.0 0.0 0.0 0.0 0.0 0.0 0.0 0.0 0.0 0.0 0.0 0.0 0.0 0.0 0.0 0.0 0.0 0.0 0.0 0.0 0.0 0.0 0.0 0.0 0.0 0.0 0.0 0.0 0.0 0.0 0.0 0.0 0.0 0.0 0.0 0.0 0.0 0.0 0.0 0.0 0.0 0.0 0.0 0.0 0.0 0.0 0.0 0.0 0.0 0.0 0.0 0.0 0.0 0.0 0.0 0.0 0.0 0.0 0.0 0.0 0.0 0.0 0.0 0.0 0.0 0.0 0.0 0.0 0.0 0.0 0.0 0.0 0.0 0.0 0.0 0.0 0.0 0.0 0.0 0.0 0.0 0.0 0.0 0.0 0.0 0.0 0.0 0.0 0.0 0.0 0.0 0.0 0.0 0.0 0.0 0.0 0.0 0.0 0.0 0.0 0.0 0.0 0.0 0.0 0.0 0.0 0.0 0.0 0.0 0.0 0.0 0.0 0.0 0.0 0.0 0.0 0.0 0.0 0.0 0.0 0.0 0.0 0.0 0.0 0.0 0.0 0.0 0.0 0.0 0.0 0.0 0.0 0.0 0.0 0.0 0.0 0.0 0.0 0.0 0.0 0.0 0.0 0.0 0.0 0.0 0.0 0.0 0.0 0.0 0.0 0.0 0.0 0.0 0.0 0.0 0.0 0.0 0.0 0.0 0.0 0.0 0.0 0.0 0.0 0.0 0.0 0.0 0.0 0.0 0.0 0.0 0.0 0.0 0.0 0.0 0.0 0.0 0.0 0.0 0.0 0.0 0.0 0.0 0.0 0.0 0.0 0.0 0.0 0.0 0.0 0.0 0.0 0.0 0.0 0.0 0.0 0.0 0.0 0.0 0.0 0.0 0.0 0.0 0.0 0.0 0.0 0.0 0.0 0.0 0.0 0.0 0.0 0.0 0.0 0.0 0.0 0.0 0.0 0.0 0.0 0.0 0.0 0.0 0.0 0.0 0.0 0.0 0.0 0.0 0.0 0.0 0.0 0.0 0.0 0.0 0.0 0.0 0.0 0.0 0.0 0.0 0.0 0.0 0.0 0.0 0.0 0.0 0.0 0.0 0.0 0.0 0.0 0.0 0.0 0.0 0.0 0.0 0.0 0.0 0.0 0.0 0.0 0.0 0.0 0.0 0.0 0.0 0.0 0.0 0.0 0.0 0.0 0.0 0.0 0.0 0.0 0.0 0.0 0.0 0.0 0.0 0.0 0.0 0.0 0.0 0.0 0.0 0.0 0.0 0.0 0.0 0.0 0.0 0.0 0.0 0.0 0.0 0.0 0.0 0.0 0.0 0.0 0.0 0.0 0.0 0.0 0.0 0.0 0.0 0.0 0.0 0.0 0.0 0.0 0.0 0.0 0.0 0.0 0.0 0.0 0.0 0.0 0.0 0.0 0.0 0.0 0.0 0.0 0.0 0.0 0.0 0.0 0.0 0.0 0.0 0.0 0.0 0.0 0.0 0.0 0.0 0.0 0.0 0.0 0.0 0.0 0.0 0.0 0.0 0.0 0.0 0.0 0.0 0.0 0.0 0.0 0.0 0.0 0.0 0.0 0.0 0.0 0.0 0.0 0.0 0.0 0.0 0.0 0.0 0.0 0.0 0.0 0.0 0.0 0.0 0.0 0.0 0.0 0.0 0.0 0.0 0.0 0.0 0.0 0.0 0.0 0.0 0.0 0.0 0.0 0.0 0.0 0.0 0.0 0.0 0.0 0.0 0.0 0.0 0.0 0.0 0.0 0.0 0.0 0.0 0.0 0.0 0.0 0.0 0.0 0.0 0.0 0.0 0.0 0.0 0.0 0.0 0.0 0.0 0.0 0.0 0.0 0.0 0.0 0.0 0.0 0.0 0.0 0.0 0.0 0.0 0.0 0.0 0.0 0.0 0.0 0.0 0.0 0.0 0.0 0.0 0.0 0.0 0.0 0.0 0.0 0.0 0.0 0.0 0.0 0.0 0.0 0.0 0.0 0.0 0.0 0.0 0.0 0.0 0.0 0.0 0.0 0.0 0.0 0.0 0.0 0.0 0.0 0.0 0.0 0.0 0.0 0.0 0.0 0.0 0.0 0.0 0.0 0.0 0.0 0.0 0.0 0.0 0.0 0.0 0.0 0.0 0.0 0.0 0.0 0.0 0.0 0.0 0.0 0.0 0.0 0.0 0.0 0.0 0.0 0.0 0.0 0.0 0.0 0.0 0.0 0.0 0.0 0.0 0.0 0.0 0.0 0.0 0.0 0.0 0.0 0.0 0.0 0.0 0.0 0.0 0.0 0.0 0.0 0.0 0.0 0.0 0.0 0.0 0.0 0.0 0.0 0.0 0.0 0.0 0.0 0.0 0.0 0.0 0.0 0.0 0.0 0.0 0.0 0.0 0.0 0.0 0.0 0.0 0.0 0.0 0.0 0.0 0.0 0.0 0.0 0.0 0.0 0.0 0.0 0.0 0.0 0.0 0.0 0.0 0.0 0.0 0.0 0.0 0.0 0.0 0.0 0.0 0.0 0.0 0.0 0.0 0.0 0.0 0.0 0.0 0.0 0.0 0.0 0.0 0.0 0.0 0.0 0.0 0.0 0.0 0.0 0.0 0.0 0.0 0.0 0.0 0.0 0.0 0.0 0.0 0.0 0.0 0.0 0.0 0.0 0.0 0.0 0.0 0.0 0.0 0.0 0.0 0.0 0.0 0.0 0.0 0.0 0.0 0.0 0.0 0.0 0.0 0.0 0.0 0.0 0.0 0.0 0.0 0.0 0.0 0.0 0.0 0.0 0.0 0.0 0.0 0.0 0.0 0.0 0.0 0.0 0.0 0.0 0.0 0.0 0.0 0.0 0.0 0.0 0.0 0.0 0.0 0.0 0.0 0.0 0.0 0.0 0.0 0.0 0.0 0.0 0.0 0.0 0.0 0.0 0.0 0.0 0.0 0.0 0.0 0.0 0.0 0.0 0.0 0.0 0.0 0.0 0.0 0.0 0.0 0.0 0.0 0.0 0.0 0.0 0.0 0.0 0.0 0.0 0.0 0.0 0.0 0.0 0.0 0.0 0.0 0.0 0.0 0.0 0.0 0.0 0.0 0.0 0.0 0.0 0.0 0.0 0.0 0.0 0.0 0.0 0.0 0.0 0.0 0.0 0.0 0.0 0.0 0.0 0.0 0.0 0.0 0.0 0.0 0.0 0.0 0.0 0.0 0.0 0.0 0.0 0.0 0.0 0.0 0.0 0.0 0.0 0.0 0.0 0.0 0.0 0.0 0.0 0.0 0.0 0.0 0.0 0.0 0.0 0.0 0.0 0.0 0.0 0.0 0.0 0.0 0.0 0.0 0.0 0.0 0.0 0.0 0.0 0.0 0.0 0.0 0.0 0.0 0.0 0.0 0.0 0.0 0.0 0.0 0.0 0.0 0.0 0.0 0.0 0.0 0.0 0.0 0.0 0.0 0.0 0.0 0.0 0.0 0.0 0.0 0.0 0.0 0.0 0.0 0.0 0.0 0.0 0.0 0.0 0.0 0.0 0.0 0.0 0.0 0.0 0.0 0.0 0.0 0.0 0.0 0.0 0.0 0.0 0.0 0.0 0.0 0.0 0.0 0.0 0.0 0.0 0.0 0.0 0.0 0.0 0.0 0.0 0.0 0.0 0.0 0.0 0.0 0.0 0.0 0.0 0.0 0.0 0.0 0.0 0.0 0.0 0.0 0.0 0.0 0.0 0.0 0.0 0.0 0.0 0.0 0.0 0.0 0.0 0.0 0.0 0.0 0.0 0.0 0.0 0.0 0.0 0.0 0.0 0.0 0.0 0.0 0.0 0.0 0.0 0.0 0.0 0.0 0.0 0.0 0.0 0.0 0.0 0.0 0.0 0.0 0.0 0.0 0.0 0.0 0.0 0.0 0.0 0.0 0.0 0.0 0.0 0.0 0.0 0.0 0.0 0.0 0.0 0.0 0.0 0.0 0.0 0.0 0.0 0.0 0.0 0.0 0.0 0.0 0.0 0.0 0.0 0.0 0.0 0.0 0.0 0.0 0.0 0.0 0.0 0.0 0.0 0.0 0.0 0.0 0.0 0.0 0.0 0.0 0.0 0.0 0.0 0.0 0.0 0.0 0.0 0.0 0.0 0.0 0.0 0.0 0.0 0.0 0.0 0.0 0.0 0.0 0.0 0.0 0.0 0.0 0.0 0.0 0.0 0.0 0.0 0.0 0.0 0.0 0.0 0.0 0.0 0.0 0.0 0.0 0.0 0.0 0.0 0.0 0.0 0.0 0.0 0.0 0.0 0.0 0.0 0.0 0.0 0.0 0.0 0.0 0.0 0.0 0.0 0.0 0.0 0.0 0.0 0.0 0.0 0.0 0.0 0.0 0.0 0.0 0.0 0.0 0.0 0.0 0.0 0.0 0.0 0.0 0.0 0.0 0.0 0.0 0.0 0.0 0.0 0.0 0.0 0.0 0.0 0.0 0.0 0.0 0.0 0.0 0.0 0.0 0.0 0.0 0.0 0.0 0.0 0.0 0.0 0.0 0.0 0.0 0.0 0.0 0.0 0.0 0.0 0.0 0.0 0.0 0.0 0.0 0.0 0.0 0.0 0.0 0.0 0.0 0.0 0.0 0.0 0.0 0.0 0.0 0.0 0.0 0.0 0.0 0.0 0.0 0.0 0.0 0.0 0.0 0.0 0.0 0.0 0.0 0.0 0.0 0.0 0.0 0.0 0.0 0.0 0.0 0.0 0.0 0.0 0.0 0.0 0.0 0.0 0.0 0.0 0.0 0.0 0.0 0.0 0.0 0.0 0.0 0.0 0.0 0.0 0.0 0.0 0.0 0.0 0.0 0.0 0.0 0.0 0.0 0.0 0.0 0.0 0.0 0.0 0.0 0.0 0.0 0.0</DataArray>
<DataArray type="Float64" Name="heat_i_to_j" format="ascii">1.392780693154359e-19 2.3658942099372648e-05 -1.4551357838124544e-05 -9.107584261238334e-06 -1.3023971769361511e-06 9.928963364024145e-06 -2.3346221701468845e-05 -4.8800864106361875e-06 1.959974192499315e-05 -1.4565179792871365e-05 -4.3888505977928955e-06 1.3518964131836115e-05 5.435066258766446e-06 2.3610339774136743e-05 -1.1774777370257896e-05 1.648767685303336e-05 -8.334739370338156e-06 3.621839887604128e-06 -2.9087395773163277e-05 1.1469798901069622e-05 3.766631088025977e-05 -2.1351111185150194e-05 1.780842461633604e-05 3.101871745204426e-05 -5.076391818183591e-05 1.9466709850415085e-05 -1.7432424466402495e-05 -9.750927033094296e-08 -7.658813362643008e-06 -5.947559916276822e-06 -1.9177104027729505e-05 -5.54363544189129e-06 5.887383154931952e-06 -3.437477130349695e-07 2.2015766158671945e-05 -1.640590147029708e-05 -2.052403035303206e-05 1.4914165664616606e-05 8.263653266243961e-06 -4.200094970895278e-06 -4.063558295343597e-06 -1.0616577431828292e-05 -6.489133178798113e-06 -2.1553771040846654e-05 -9.679387179700749e-06 1.4744336625649608e-06 8.204953517123069e-06 5.7013404098497675e-06 -1.37670560713101e-05 -2.9015184839820034e-05 3.7080900501285915e-05 2.4737099384049168e-05 -2.3489200734201144e-05 -1.684951686737388e-05 2.0079579876443133e-05 2.1568776076013598e-06 -6.634839266507539e-06 3.347795995516805e-06 -2.1895507990810732e-05 3.2847109648914107e-05 -1.429939765364169e-05 -4.233709645526916e-06 2.800997998333049e-05 2.7328021408613363e-05 -1.4794637782925105e-05 -2.1747671180294025e-05 -1.4561982783172888e-05 -3.662138000814386e-05 5.577214419303366e-06 2.2638886376951572e-05 8.405279211838676e-06 4.196340023111362e-05 -4.083682643183808e-05 -2.0991500451133997e-05 1.9864926651806562e-05 6.685853235389394e-06 2.2966362702774658e-05 1.7805578314894098e-05 -2.0397459600789035e-05 -2.7060334652275833e-05 -6.93165621851677e-06 -2.659681325904605e-06 8.315005886665903e-06 -1.44583106653289e-05 2.5929672838975238e-05 -1.0195030515869201e-05 3.845871312459921e-06 6.5031928318173815e-06 -1.0349064144271704e-05 1.6575097350212318e-06 2.792659027930498e-05 2.233885601557999e-05 -2.1667198069482885e-05 -8.239991801660615e-06 -1.437972146214804e-05 2.3197445499236343e-05 -3.815758763281472e-05 3.602571683102367e-05 0.0 -1.9047074100414046e-06 5.711627321046188e-06 2.19976369755637e-06 -1.4464463027810378e-05 8.45777941925376e-06 3.757787653950171e-05 -1.9502783248894004e-05 -3.6271649167220114e-05 1.819655587659186e-05 1.5478121054213246e-06 3.395057722359913e-05 3.272552442298777e-05 2.3255831616778174e-05 -3.253657686295536e-05 9.280745246144638e-06 2.1651060306449287e-05 -2.52487194645069e-05 -1.1403044989749897e-06 1.873044430849617e-06 2.8649192262625713e-06 -1.1007680729470102e-20 5.417193315908062e-07 5.461219020257355e-05 -3.266776609100085e-05 -2.2486143443131804e-05 -2.199374852280276e-05 1.6689870855616236e-05 -8.798338266261023e-06 1.4102215933425286e-05 -1.587864759031932e-05 7.588078514641232e-06 8.290569075677671e-06 -1.3858302650906908e-19 8.420284755380194e-20 -4.0891586763992515e-05 -1.1181865310677446e-05 -8.673386512046083e-06 -7.941880382987106e-07 -4.055557015971006e-05 -1.0621081499028243e-05 -1.0250954756778161e-05 9.88306621812432e-06 -4.1155842194035785e-05 1.6989539792976708e-05 2.453419093969815e-05 3.998319308127439e-08 -1.1205561259617317e-06 2.1186550445819168e-05 -2.138623002122061e-05 1.2802525082928584e-06 1.4289318047166612e-06 -2.0808224842414223e-05 -1.9515535026932336e-05 3.546452976084161e-05 -1.714222236843908e-05 2.0572520672364296e-05 1.9691137908567697e-20 1.1577891538647767e-19 1.5889273001976104e-05 1.4811548469459051e-05 -2.2437168205220205e-05 -1.952871445927757e-05 -9.532254725451786e-06 2.906096918471975e-05 2.7704490374930696e-05 -3.583474740768474e-07 -2.4151569748554277e-05 -3.1545899591289493e-06 -3.6917099555239025e-06 -4.282824517857547e-06 -4.401797975527203e-05 -3.415494719807308e-05 4.2259515206244795e-06 2.550261150047346e-06 -3.7161032824790184e-06 -2.0115858168461958e-05 5.1210695978322445e-05 3.4539374925095835e-05 -8.144765805974427e-06 9.49653535015824e-06 1.8422753464407075e-05 -1.1805987695426267e-05 -9.9224475773886e-06 -2.176277229103872e-05 1.557191874924106e-05 2.5731618852728873e-05 4.1250269430184116e-05 4.613600670367291e-06 -1.8898508890128392e-05 3.664429617125886e-06 -3.759242859534184e-06 2.0143921747333106e-05 6.786860982424774e-06 -4.1495962522431395e-05 3.2914900953721184e-05 1.6331241111362616e-05 -2.4350914124024966e-05 3.277893504695504e-05 -1.3972031198885091e-06 2.2248784978365567e-05 -2.6527548146927166e-05 -2.7520546344257885e-06 2.1038286483646756e-05 4.322753294613077e-06 1.6095660636613272e-06 1.7262560662745782e-06 3.244138342249975e-05 2.517516299400411e-05 -2.269309394173668e-06 -2.9837509818334514e-05 5.758190607756411e-05 4.301363210577525e-06 -4.4487462173050423e-05 -2.209673339780867e-05 4.700926282697999e-06 2.111960807310109e-05 2.419953082349633e-05 -3.7590920289847635e-05 -7.728218606657026e-06 3.5253245517014125e-05 5.2593130674972895e-06 2.1167450976870467e-05 1.0481348677684524e-05 1.0423208572452976e-05 -1.517445983119026e-05 -2.689754839583922e-05 1.123324761037351e-05 -1.778828991615154e-05 3.593377616017642e-05 -2.937873385441259e-05 2.615690102846735e-05 3.388676566832629e-05 4.545565666408628e-05 1.0697889524732984e-05 2.1616629383721946e-05 2.5632017978635e-05 -2.1207171184512717e-05 -4.837861316671507e-06 -3.190150438589304e-05 5.815755067774195e-06 -1.5738969206639977e-05 3.3564334640720834e-05 -6.026250051014577e-05 -1.1004884080124223e-05 -8.299137022581625e-06 -6.118980138452241e-06 2.5423001241174834e-05 -4.9427655533018696e-05 5.9309094820775944e-05 -9.881439287756723e-06 5.965386672341826e-06 -4.5364548676230685e-06 -3.585609845827961e-06 -3.527841130612948e-05 2.2409669524012994e-05 1.645435162797794e-05 1.9944556500842964e-05 -9.096015493797094e-06 -2.0953448912689276e-05 1.8838744594666264e-05 -8.733836689189843e-06 -2.368792081514165e-06 8.625720387600489e-06 -1.716035514521226e-06 -4.540892791566791e-06 -1.569306828763074e-05 -2.8469575522303864e-06 1.854002583987384e-05 2.8510267164024247e-05 5.075161973492661e-06 -2.4022327545682432e-05 -9.563101591893563e-06 -1.0503037987196573e-05 -7.634620144191348e-06 -1.0585105516061998e-05 2.8722763647401902e-05 1.9319493991342887e-05 2.3315663151033314e-06 -5.734268929331527e-06 -6.704830547493554e-06 -5.44368871652924e-08 1.249353636399848e-05 -3.5505637565539606e-06 1.810655184204904e-05 -1.4555988085511178e-05 1.0869140778930265e-05 -1.4520346447453643e-05 -1.1151056355167458e-05 1.6077353577534596e-05 -1.587863491004182e-05 1.5221729378371291e-05 3.7598540564293425e-07 4.0093425165819315e-06 9.212439652031052e-06 -1.3446149297581144e-05 1.745773739435602e-05 1.3482597635937133e-05 -1.2504395436232627e-05 6.586260313151554e-06 -2.5022199907228675e-05 -3.82900272232143e-06 2.5758304262509593e-05 -1.8299689740104924e-05 2.9480462078463514e-05 -1.9517292486316915e-07 -9.059657297232607e-06 1.2407453292740007e-05 7.014484495935354e-06 2.0395335036066568e-05 -4.136756338122076e-06 -1.1112256371828206e-05 -1.8460894131379857e-05 -1.696073299130516e-05 -1.464199058900936e-05 -1.2335060379357406e-05 2.697705096836778e-05 2.4976721532190135e-05 2.698132640498322e-06 2.190579882005737e-06 -1.6816987876246635e-05 5.079468835910494e-06 -1.8127915014272706e-05 -4.418158573030072e-06 9.750443369257431e-07 3.443114236112433e-06 4.573054405527873e-06 9.216431015478933e-06 2.4834994383202485e-05 8.073216300495946e-06 1.992205612612125e-05 -2.2580681342300912e-05 -5.414591084306739e-06 -1.7739981686528631e-06 -1.818274622417499e-06 -6.01119159760206e-05 1.269396655230908e-05 -1.8775007682971564e-05 6.0810411306759744e-06 2.5011927759513065e-05 5.3007405986605236e-08 5.867248414171024e-06 -3.093218357961544e-05 5.9784154012182385e-06 5.784494439200163e-07 5.016667623757733e-05 5.787831343216491e-06 3.2993017099901e-05 -4.67512517497162e-07 -3.370979638814861e-05 1.1842918055758834e-06 2.503096870076956e-05 -1.1377027022265798e-05 1.120809961396892e-06 -3.53193178918255e-05 -2.034702051214931e-05 7.411381372236593e-06 1.4296347796118045e-05 -1.3351947251970234e-06 2.610621086257774e-05 3.055874831954423e-05 1.4249337013033274e-06 -2.0904510731389257e-06 -5.2082820137220546e-06 3.428336642013315e-05 1.55329343631508e-05 1.4925309097939964e-05 -3.096322546544683e-05 2.7368659696373842e-05 -4.090790301887943e-05 2.95771596898673e-05 2.084818836387806e-06 5.245701585124926e-06 8.151571710262992e-06 6.028297852162229e-06 1.4697236956289695e-05 -2.2859683015871616e-05 -2.1025082585728064e-05 2.906686227660895e-06 4.3095694553055037e-05 -3.484027398211524e-05 2.094788143260412e-05 1.7800712384418432e-05 -1.8214348219744898e-05 4.12453246180003e-06 4.629403639633251e-05 1.3575096592171671e-05 3.100566015304775e-05 -4.377950286432585e-05 9.188232865215015e-06 -1.0748771561010502e-06 2.7952400845641875e-05 2.2828879232726453e-05 -8.580117215550936e-06 1.2951619873007946e-05 2.2278077219134626e-05 3.5101290378255016e-06 5.564193577551093e-05 -1.647023347659039e-05 3.7960574888908995e-05 1.9871617183599644e-05 1.7508099228939253e-05 9.514379823864242e-06 -4.2000345136347776e-05 2.3051082384064892e-05 -1.960126542281092e-05 -4.086932459913057e-07 -2.344278142668935e-06 3.311106065187028e-05 -1.3416505166305652e-05 -2.2188342073768385e-05 -4.778839230306413e-06 2.3012549942416837e-05 9.611887695150293e-06 -2.206315780385609e-05 -1.6538946096483918e-05 -2.101712260721568e-05 -1.9371893935705646e-06 -5.578238401992954e-06 1.6369018774495806e-06 2.814873139881326e-05 7.43745480343487e-05 3.102170075760246e-05 4.5930698027201845e-05 1.1500045849556328e-06 -2.355286122832403e-05 -4.409328997295041e-06 -5.014021314394921e-05 1.2156030016293989e-05 -1.3942122006789388e-05 -3.6729797790139574e-05 -1.80258409722224e-05 4.370452313917461e-05 -9.35113446000118e-06 3.976655808752147e-05 2.905241271355152e-06 6.6120881211328615e-06 -1.3199984929245611e-05 -1.7779751416213198e-05 3.097973634548927e-05 2.0953847210738017e-05 1.9136691480927745e-05 6.8902106824024475e-06 -4.934954145565663e-05 3.0464899908844585e-05 1.7208125795198163e-05 -2.7446215121136214e-05 -2.7187113541007925e-06 -8.026916863832145e-06 -5.834707843023218e-05 4.8652148852446e-05 4.6055215275352976e-05 -1.0524944217603157e-05 4.838995276475572e-07 -1.5843036974900783e-05 -4.211719701000255e-05 3.074492379121616e-05 1.1372273218841877e-05 -3.125403064895478e-06 4.084431876779787e-05 1.8700107527367075e-06 2.1207164642934156e-05 -2.321821455898265e-05 9.086486012371689e-06 -7.634641444957954e-06 -1.2263269516286754e-05 2.349537012804132e-05 -4.17713409523691e-05 -6.317362676181927e-07 -9.79850627065736e-07 3.012850458180928e-05 -7.013088647357288e-08 5.98244086680186e-05 -5.874290800344091e-06 -5.26648616458356e-06 -5.42706657548808e-06 2.17560441728575e-05 -1.6567101782576754e-05 -4.646743165491204e-05 -1.365850051058488e-05 6.588087173377817e-05 -6.958941073348116e-06 -1.5361967908205886e-05 1.121772267285742e-05 -1.7454760357103454e-05 -2.0051864310067084e-06 -6.367906276033213e-06 5.7961397824197903e-05 -3.346820121463475e-05 -1.2529608815242857e-05 1.0109581052336389e-05 3.726739298690457e-05 5.134547573790133e-06 3.5352408940260394e-05 -5.803839837056314e-06 1.9059099085428016e-06 -3.658902658557159e-05 -4.886240988041001e-07 -7.047612774896037e-05 6.396731509146565e-05 1.6716918062080842e-05 -9.719481306090745e-06 -1.222334283874966e-05 1.6339456793216988e-05 -5.314758968461451e-05 5.125150887424618e-05 -1.1284836917699121e-05 1.5760217626158998e-05 1.2799939505875763e-05 3.388669223996993e-05 3.947850627708414e-05 -2.2403528073659936e-05 -2.7865810301273652e-05 -1.3824461583183037e-05 0.0 9.513040709934513e-06 -8.360198392761854e-06 -1.1528423171901497e-06 -2.0684878399890857e-05 3.167476356647957e-06 3.79246726675478e-05 -4.780929991333772e-05 -8.897000150971834e-06 3.570194988954117e-05 -8.299951805690409e-06 9.016357951792039e-06 8.301436063160303e-06 -3.797977862768089e-05 4.810936382204295e-05 2.4007855408412888e-05 2.492436551890393e-05 2.6290878649134188e-05 -2.3078373676203026e-05 9.714807838896016e-06 9.293449763878807e-06 2.3285765308989394e-06 -2.1336834133646673e-05 -4.669920689574175e-06 5.68585846210957e-05 1.5942060769981147e-05 -2.4551407179317955e-05 2.5208736609176483e-05 -6.973547008441066e-06 3.3111665644305675e-05 2.079609630900197e-05 1.3389592592339692e-05 -1.4639044634458008e-05 -3.87770112686393e-05 1.9230367001967784e-05 2.5940437352431288e-05 -1.6396242117673567e-05 -1.1748614276714911e-05 -1.3819743029674215e-05 3.323344583294034e-05 -1.9875903003144146e-06 -2.2282589950373205e-05 -4.223500830133639e-05 5.5509144717288574e-05 3.1418898181587614e-05 -2.042285434681001e-05 8.87326661057147e-06 2.1003601579676612e-05 -2.530569859630805e-05 2.1073216346060126e-05 -4.8277101863516956e-06 -2.081667575363009e-05 2.091847065543666e-05 -3.780645462259673e-05 -3.3710689252569543e-05 6.339861272564232e-05 -1.4553603831506192e-05 -6.032209651460384e-06 7.589334177403024e-06 -8.899028685338876e-06 -1.827617957488188e-05 2.2383867039000464e-05 -4.107687464131165e-06 5.040724266549738e-05 7.770872702411725e-06 4.466565935233114e-06 1.0534091944569955e-05 -8.922554329252266e-07 -3.1277272268121843e-06 2.4775910982085376e-05 -5.764391026549826e-06 -5.153459439587577e-05 5.7710508076958735e-05 8.055382530882279e-06 -1.2996879846518809e-05 3.2016416646891386e-05 9.853186754726852e-06 -2.6446757408221066e-05 -1.9406218620188196e-05 5.7168114849912824e-06 -1.952508007983489e-05 -2.805414099478953e-05 -5.363930180091846e-06 2.2355681387980658e-05 3.201623699771129e-05 -2.8186025122144458e-05 3.1114698382563606e-05 3.610026453230654e-05 1.0257748746674844e-05 7.503839168159313e-06 2.3248586770321677e-05 9.233943989318254e-06 -5.087823668920584e-05 3.7864273631592023e-05 1.2388532510082867e-05 -3.1908611115576336e-05 2.497351024018269e-06 4.903829124402429e-05 -3.072534807184426e-05 1.1098316919354708e-05 -2.730049615589368e-05 7.665837432403208e-06 -2.6908441061676213e-05 1.8178303443344105e-05 2.8364796341870337e-05 4.778577128500411e-06 -1.5656049222271492e-05 -8.95596636471402e-05 3.675912526845085e-05 -1.1905474839640862e-05 2.502145789820102e-05 -4.5974764922103885e-05 8.255686611588889e-06 4.5818252340997064e-05 4.845839852444789e-07 -4.601447720466332e-05 -2.883591215880617e-07 -9.046020284188064e-07 -2.3744395001358267e-05 -2.3947486288868557e-06 2.608070184402935e-05 3.635605771095251e-05 2.216815335413946e-05 -5.1114744028215387e-05 -4.1406402387524e-05 1.8054262652809443e-06 -1.454220979666586e-06 9.64179109592892e-06 -2.176467560345725e-05 4.011469442064105e-05 -2.6537588933405597e-05 -3.904218856181668e-05 -1.8467378846565573e-05 -5.933109740813988e-05 7.631675047650659e-05 -1.1630902796926752e-05 -5.848425003247599e-05 1.6383428830225608e-05 -5.163496083729149e-06 -1.7421530393686146e-05 5.697017536528713e-05 1.735898481084936e-05 2.364628181250286e-05 2.9724893493341466e-06 4.915403042954031e-06 -3.382504235780455e-05 -3.559298356628612e-05 -1.6835664747559e-05 -2.780308757176519e-05 -5.853379706739012e-09 -2.297546213122785e-05 -3.566824759371391e-07 -1.3549935253296583e-05 -3.8976757840630786e-05 2.8124338300897652e-06 2.499097700902206e-05 7.77396047403011e-06 -1.4124849596039522e-05 -6.409331626729799e-05 1.0516853928804316e-05 -2.766695064562941e-05 7.128402427052932e-06 2.190684467911775e-05 -1.0078336725232669e-05 6.468171839126169e-06 1.889442325627303e-05 2.923901661461912e-05 -1.4374012487209603e-05 -5.98361796495357e-06 -1.2798499207114594e-05 1.8375713626403256e-05 1.6181216118330107e-05 4.128574193366615e-05 -2.426108130119979e-05 -3.320587675078015e-05 3.875159675207807e-05 3.597018183943517e-05 -2.467752293697558e-05 -6.598305000529896e-06 -2.264985434476194e-05 4.628244101749408e-05 -1.6969150047350267e-05 3.59145583497702e-05 4.382330781624304e-06 -1.4414635783799714e-07 1.8938416441694802e-05 1.2460733274009322e-05 -4.9134785692611795e-05 2.0212190901264298e-05 -2.476554924282348e-06 1.8280349801182257e-05 2.391999614258307e-05 -4.172706417814693e-05 3.629905639903925e-05 -1.8048354760597222e-06 1.2128800464178619e-05 4.0922295132129834e-05 -4.2089155200328226e-05 1.3020868942107778e-05 4.121549902650282e-05 -5.387427694631486e-05 4.118315924277304e-05 -2.0366651584392905e-05 -4.142176956310379e-05 -3.490435473698422e-05 3.409761616873427e-05 1.1930862628965286e-05 -1.2773070710760709e-05 -5.971173685530142e-06 3.712448853961522e-05 -2.2798402716405644e-05 4.347111576847836e-05 1.4643251464492023e-05 -6.564817665643962e-06 1.931070368192397e-05 -5.170657757424756e-05 -2.2704239431645952e-05 -2.4953828443605806e-05 5.805540917935896e-05 -4.4699897564803874e-05 1.1598316829135784e-05 7.041519635461396e-05 -1.3928577446235125e-06 -6.967637950004943e-05 -6.526040791070719e-05 6.591444880105615e-05 3.3287009896617645e-06 3.343620925395082e-05 2.1949592532062238e-06 -1.271230959435285e-06 -2.3287955909395248e-05 5.399065463341663e-05 1.4954388209721828e-05 -6.382716573184796e-05 -5.008381263457206e-07 -8.964698604620595e-06 4.34765961964912e-06 4.09984945399805e-05 -8.035245624742776e-06 5.8399033335793335e-05 3.6757608184450925e-06 3.146490789114874e-06 8.199721525826027e-07 3.1256614743266654e-05 3.145840363765584e-05 -1.6528524992233434e-05 -1.790782896794452e-06 6.9892106763132295e-06 -3.4714023759842414e-05 1.1531899486253452e-05 1.255228137228259e-05 -3.9281926859984574e-05 1.5197746001572054e-05 2.2161367823102878e-05 -2.8462014318982347e-05 -5.846365005000945e-06 -5.074246276128044e-05 3.221635870555489e-05 1.2009749644485969e-05 -2.9044056675482556e-06 -2.436121010373514e-05 1.2733851647879e-05 -1.1199588996210327e-05 2.5859030596621354e-05 3.4764787520346336e-06 3.6853525795504617e-05 -3.855833417773792e-05 8.33948087339808e-06 -1.583947206912403e-05 1.2200734615409582e-05 8.801372389189135e-06 3.6020524307396914e-05 -4.396084201312142e-06 2.4174716637836942e-05 1.0735860699015299e-05 2.8314551900201145e-05 -9.191991674124197e-06 1.2853879227791408e-05 -4.954968164675348e-05 2.147178893997678e-05 1.889344670760863e-05 8.111708511416338e-06 1.1821679697499236e-05 4.0712276359784645e-05 -1.8553202909247083e-05 -1.618004076379156e-05 1.1424243772822775e-05 1.2749631830661451e-05 -7.117635721140352e-05 8.324200739098111e-06 3.2480599895841634e-05 -2.0758000864075396e-05 9.098616094894492e-07 -1.7889495313278542e-05 -3.425527177301041e-05 3.457961949357315e-05 1.5826307112860795e-05 1.4803832904565364e-05 -2.5159084423001305e-05 2.7989050070336975e-05 2.8041527273905952e-05 -1.2896390778931077e-05 -1.419683983320116e-05 9.075769369594277e-06 -1.4741389746116447e-05 -5.924736440002159e-06 -1.872901804430098e-05 7.4433732245017375e-06 -3.745702370214829e-06 1.741565252795216e-05 2.9150557102987362e-05 -5.4515008273389326e-06 -3.310048402576485e-05 2.1602162365502605e-05 4.2918194393238036e-05 -4.190955610198839e-05 -5.240543060258518e-07 -1.36767495082048e-05 2.581257381414832e-05 -4.972697208167132e-06 -2.0680698422796463e-05 7.386396800128976e-06 4.329942841454915e-06 5.0479478479124414e-05 -1.24178829533576e-05 1.6489578631438846e-05 6.060258091794383e-05 9.276233977997197e-06 2.9636319250444273e-05 -3.8912553228485696e-05 -1.1834591460457216e-06 1.6807687256705667e-05 -2.9566350117460703e-05 -3.4521003539721125e-05 -3.7894474933499143e-06 4.748840725996566e-05 -6.230057978037438e-05 -1.5173358292424345e-05 4.7227304669113867e-07 -1.0973787540004064e-05 6.787788643199932e-06 1.9428803474157244e-05 -2.977799512445299e-05 -2.5300506669466228e-05 6.379607641292583e-05 -2.4989871210165286e-05 6.551698664768092e-06 -1.7985364400890577e-05 4.070565805454176e-06 1.3064324617660647e-05 -4.958890209093797e-06 2.1605472008070467e-06 6.681815055142883e-06 4.5020633632981736e-05 1.5759706335584744e-05 -2.6381399665751327e-05 1.18508124394149e-05 -1.8591519996447552e-05 4.934030156145008e-05 -2.5851579471105608e-05 -2.7865157862930673e-06 4.457098833858701e-07 2.1969602779822187e-05 1.1003029653992997e-05 -5.01346097796554e-05 1.2284669853064448e-05 7.4462995567730555e-06 3.9604903274343176e-05 1.2994610261535243e-05 -1.953813072839905e-06 -4.627032032235636e-05 -2.5286131480069282e-05 2.262429655554293e-06 2.577609403328433e-05 1.372114315942361e-05 -2.421467851679001e-05 -4.5328909182978846e-05 1.1505373956188426e-05 -2.600036411477245e-05 2.7375101333500925e-05 5.8008735196614794e-05 9.206462340615115e-06 4.4742519228358245e-05 1.1974870281762285e-05 2.235857186702997e-05 -2.031974527676288e-05 -5.258186728985286e-05 -1.538081115120594e-05 3.3858610184469345e-05 -2.4675490764249685e-06 1.8154487016487996e-05 2.1548129554361682e-05 2.4979661117470236e-05 -2.09257964890787e-05 8.937160163044783e-06 -6.668699647137372e-06 -8.565725485554659e-05 4.26711384421537e-05 -4.242438621809681e-05 1.5449516974251708e-05 -3.336606256837948e-05 -6.527748469851413e-05 2.8456328431654797e-05 3.778235470017434e-05 1.889238367281272e-06 -2.6577557480912566e-06 3.425903347499619e-05 8.443849738737306e-06 -3.691329940310037e-05 6.319886151706496e-05 2.6051464393671303e-05 -1.376001497159138e-05 -4.824355079956419e-06 6.80015399379489e-05 -3.289309497775302e-05 1.1001652053474276e-05 3.283682969676309e-05 -1.6377748784894392e-05 2.1555259219137494e-05 -2.8407691517616715e-07 -4.1551358371979394e-06 6.86343737480942e-06 8.20727288729938e-06 -1.4571992972673688e-05 2.6715825600740118e-05 5.131261164770067e-05 3.722346028724081e-05 -1.2755873451806421e-06 -9.867171098043974e-06 1.8500814796223292e-05 -2.5648250376009628e-05 3.3155121525917405e-05 1.2555828875265275e-05 -2.2880922554727972e-05 -6.190835550950019e-05 1.543294469977456e-05 5.224966615225666e-05 2.2868873015110593e-05 1.1314388707270309e-05 5.7651458579643443e-05 2.3198505883356164e-06 -1.5596516994451387e-05 -8.751094582183041e-06 1.3450126665109735e-05 -4.681895018241016e-05 3.135470915470446e-05 1.7845412851985521e-06 3.0064582496850554e-05 -1.6528278296353598e-05 -1.1554291682658763e-05 4.7903320757986624e-05 -3.8976685943399724e-05 -2.61255971946113e-05 3.80052636586321e-05 -4.5784478665723595e-05 -3.352668629397817e-05 1.137431299670872e-05 1.3943724332652365e-06 -1.5180629852158174e-05 7.83828872286325e-06 -1.6166842597594e-05 4.131109375683384e-07 -2.5847551037571257e-05 5.297613805204214e-05 -5.616653146913128e-06 3.351368500431959e-05 -2.2962913086021196e-05 -3.510610645515864e-05 -7.18805679631095e-06 2.307732979831642e-05 -5.9357504534226914e-09 5.935750453175538e-09 1.525008134894102e-05 -3.0418556035294203e-05 -4.304475918910106e-06 -2.0420754287380885e-05 2.6650324186465162e-05 -4.1649225948843444e-05 1.1106192219890663e-05 2.856252810163819e-05 1.4031285529404159e-05 -3.925863414381847e-05 -3.5538687794970397e-06 6.056555110850396e-05 -4.899168957438979e-06 -5.731518590093518e-05 0.00010462040981278097 -1.530410289930587e-06 4.849443891759572e-05 4.7171641026190285e-05 6.05519044031802e-05 -2.3980849006935485e-05 -8.10685762268042e-06 2.227762221237133e-06 1.7328645137393e-05 2.4794669827628846e-05 1.90253647111921e-05 2.3205299096564094e-05 -6.778226344923478e-05 -2.9163078991140758e-05 -5.329582846315399e-06 -1.712380054416561e-05 2.846475957478608e-05 1.963223318891447e-05 5.0055521238171055e-05 2.6009325538403974e-05 -5.474647807423851e-05 -1.624320672904297e-05 1.4087598742202683e-05 -1.1379358020626715e-06 7.075059002116339e-06 -2.100243876274859e-05 -3.3025586032495754e-05 -1.6561313348989462e-06 -2.715947539794212e-05 1.9138464816259178e-05 -2.9684123766226148e-06 -3.3286842145085376e-05 -4.026297766917119e-05 4.0207314819785404e-05 -4.998201674157304e-06 -1.3150737096057047e-06 -5.4791630002622415e-05 6.487413721814261e-06 -2.5179464147302174e-05 4.693989867819762e-06 1.786216020535319e-05 4.355998687703572e-05 -2.1904060876967908e-05 -2.7057352931280204e-05 2.9163864956400176e-05 -2.7716276598595893e-06 2.857783768575952e-05 4.211091990751427e-05 -4.336073998098334e-05 5.97346163130375e-05 -4.439072669310919e-06 -4.221655619356268e-06 -3.405047977645098e-05 -4.5178665774784424e-05 -3.4234537907561834e-05 -1.9958024322955806e-08 3.7787738179839204e-05 -7.47133467201949e-06 3.8506069689881795e-05 2.225608342321266e-05 -9.840237349982183e-05 -8.993998635726276e-06 7.023903792780081e-06 5.99165016965308e-05 -4.491736332146839e-05 -2.165273514691013e-05 1.3342294639334264e-05 3.4832747369363966e-06 4.414347443341521e-05 1.0349347912541126e-06 4.7746953162614876e-05 8.965477320318173e-08 -2.7384714395382427e-05 -2.5160891127899543e-05 -2.3738109712486948e-05 -1.0284051727686022e-05 -3.59020216315781e-05 -4.5120555091826056e-05 4.6604672844615517e-05 1.6237789326748864e-05 2.1157448725643148e-05 -4.8000228718144895e-05 2.146382369205635e-06 4.400883565624849e-05 1.3269254465531503e-05 9.497987856471057e-07 5.574264380962559e-05 2.280539887522148e-06 -6.731904444466918e-06 -5.710685931485373e-05 2.954142353264783e-05 4.054304071905382e-06 1.5477037309794517e-05 -2.797616822467235e-05 -2.8165790137233977e-05 9.575949653153023e-06 -5.469388895693485e-05 4.569286938383049e-05 5.778806431788296e-06 -2.96966942694051e-05 3.2918907410618615e-05 -4.297016143860106e-05 -1.7068590961629716e-05 4.482629031982412e-05 2.4875716129905726e-05 -4.1224585584209565e-05 1.184129612272517e-06 -4.302252383714086e-05 5.003739377668293e-05 1.1367512638471264e-05 2.008679461974231e-06 -2.3563692505240165e-05 1.3587753293478466e-05 4.438565948797332e-05 -1.727731084077586e-05 -1.4134100544340644e-05 5.4251667367077514e-05 -8.558699619893746e-06 -2.7430699724194032e-05 -4.29663284168257e-05 1.8841987401532e-05 7.855694151046966e-06 5.914451976903128e-05 -4.718414697925316e-06 -1.445831066534555e-05 8.86535765782017e-06 3.278742660119175e-05 -3.014739673326136e-05 3.16869953615977e-06 -2.144451037525845e-05 -4.9973525441126214e-05 5.968238557973203e-05 6.039430430780996e-06 -4.756339573334624e-05 1.651293356566079e-05 -5.026332666024379e-05 5.5988333242868636e-05 7.6284297405575675e-06 2.2284542026167492e-05 -3.9487912119920924e-05 1.540368912241841e-05 -1.97014541306983e-05 4.768611903252991e-06 -1.1814669192545765e-05 -6.954284180826998e-05 3.259862585880976e-05 4.7169135820265825e-06 3.108222788710594e-05 -2.964770930014271e-05 2.1147029229945286e-05 -1.5763370490518664e-05 -4.889100892099494e-06 -3.16217326602483e-05 2.439793599507662e-05 -1.3342711320113985e-05 -8.981198111656653e-06 4.998697402378249e-06 -3.1902398808625874e-05 1.4423620604449826e-05 8.794986613923692e-07 5.395777608546562e-05 -3.3663695290078055e-05 8.945170434882433e-06 -2.312430700103488e-06 1.67307190692451e-05 9.601732398448321e-06 4.6256238101579725e-05 -3.43665409388853e-05 -6.783746118214901e-05 9.273622246336934e-05 -9.506203881738173e-06 7.102852609729691e-05 4.97143220815413e-06 2.2441784117944437e-05 -3.1464138793394346e-06 -5.726903925775682e-05 3.422655241342087e-05 1.4836658298371757e-05 -7.905886320444775e-06 -6.649453868569913e-05 5.536014100637715e-05 1.142505036947943e-05 1.0521919858255521e-05 -3.9438170166879095e-06 2.942864468943717e-05 6.840721163808702e-05 -1.2799460723503304e-05 1.8787071951327415e-05 -1.780553936033293e-05 -5.70085774478259e-05 -1.3497664330302566e-05 8.209508698528475e-06 2.413596610843661e-05 -2.020324117579398e-05 7.82324167867828e-06 -8.004084655439963e-06 -2.3940773365675557e-05 1.453483517902359e-05 -1.2478260481191793e-05 3.0254719344335663e-05 2.114163816845953e-05 -2.062482216046921e-05 -1.4549724454379574e-05 2.443266445019916e-05 -3.2580132277567876e-05 -1.0141128309232578e-05 -2.621125860415555e-06 2.0642394847173932e-05 -2.1767554541154987e-05 -5.8747912339910656e-05 4.351683281697983e-05 -7.575487653869823e-05 6.063836727557072e-05 5.131225410461178e-05 -1.5172135315697273e-05 -3.830694082226392e-05 -4.3967583319228634e-05 -4.108417692256864e-05 6.14777598215884e-05 3.4027135984662046e-05 -9.156275324668166e-07 -2.7626213266967365e-05 4.949888342337306e-05 -3.777008309408034e-05 3.917950482251059e-05 -4.652633571756069e-05 -6.648316427173498e-05 -1.3645562283573706e-05 -8.477905463391333e-06 -1.0388885484256909e-05 -3.1899164419402065e-05 1.2133967167381406e-05 -2.893821088431787e-05 -1.0397541400833762e-05 1.0914052101392913e-05 -2.880086750150649e-05 1.2416545533849937e-05 -1.9718558800811176e-05 5.528561503203956e-05 2.1239937066176283e-05 -1.1114123913520697e-05 4.2153822381980095e-05 6.656528746000206e-05 -3.4265771636184465e-05 -7.23315567407293e-05 9.299937538422427e-05 -6.623442067736282e-05 4.471236368133865e-05 -1.4539083776938118e-05 -1.4518417088880019e-05 3.124791778070263e-05 1.6963965269699302e-05 -2.2668304348739414e-05 -2.6458360162527165e-05 9.791628238028498e-07 -3.6622201470190604e-05 2.828601363823002e-05 -1.3895528011081303e-05 -6.963516585387053e-05 5.5855549058883984e-05 5.9567298953785806e-05 -8.728277573938237e-06 -9.117517068578974e-06 2.9197248358200787e-05 1.754468486362438e-05 -2.16864558883174e-05 6.489801231862877e-05 6.127400597215906e-06 1.6491150484177974e-05 4.2415012117472525e-05 1.7212365802416756e-05 -1.800412546995142e-05 -0.00010789274042342993 1.2695961154175803e-06 7.892536347790859e-05 1.1459897908268978e-05 -4.2607105977732165e-05 -4.136782584402935e-05 -9.577400796285793e-05 2.0512353957730008e-05 5.0697539686199045e-06 4.612890598438349e-05 -3.2583174751121454e-05 -4.310094427422293e-06 -5.1734608203794846e-05 9.786518440285494e-06 1.1464829798989452e-05 1.9448121410382437e-05 -8.767999190885894e-05 -4.6900525631046374e-05 3.929480169776788e-05 6.854963258745922e-05 -4.306486305221994e-06 -3.0894261874866965e-05 -1.0793737674130825e-05 8.368176027049097e-05 2.1562480772128456e-05 -6.0004955535359445e-05 4.585514536470375e-05 -1.3951529413689077e-05 -2.1814742761393073e-05 5.3461142098438385e-05 -5.414947896936465e-05 8.616069159413328e-05 3.7549289180965147e-06 -2.1323157996929066e-05 1.1851931826084605e-05 2.681002935817529e-05 -4.503229076954409e-05 2.743840023118484e-05 3.2360358834219383e-06 -1.5020593061415737e-06 -4.370002603422598e-05 1.1666798859871765e-05 -5.9689452614893045e-05 1.0021440145025022e-05 1.1269657031857284e-05 5.165997359211773e-06 8.565428521032672e-07 -2.721687114843959e-05 3.866363516977606e-06 -4.809943013576904e-06 -4.0502564811708145e-05 1.0183013252897115e-05 -5.05544851629333e-06 4.294952950405873e-06 -1.5482711163095798e-05 -1.440500577817568e-06 -5.781209192167058e-06 4.3014766473262136e-05 1.5577746060046888e-05 -1.4412762815928965e-05 -7.078031261934343e-05 7.03515371274126e-05 -3.2949651981065726e-05 -4.532229293193464e-05 7.652333098050143e-05 0.00011078228815315468 -4.322678740996755e-06 -7.409156720312567e-05 2.8396334412383565e-05 -3.5723178194621293e-05 -4.3421564392765396e-05 -2.0116035530756484e-05 -2.1026047690854827e-05</DataArray>
</CellData><Points>
<DataArray type="Float64" Name="Points" format="ascii" NumberOfComponents="3">0.0151327 0.00115563 0.0017419 0.0141921 0.0016198 0.00281419 0.0151327 0.00115563 0.0017419 0.0144691 -8.823452048289894e-05 0.00250948 0.0151327 0.00115563 0.0017419 0.0168786145204829 0.00130126 0.00109445 0.0151327 0.00115563 0.0017419 0.0151889 0.00300748 0.00131104 0.0143213 0.013037 0.0102118 0.0148072 0.0143992 0.00983163 0.0143213 0.013037 0.0102118 0.0139239 0.0132632 0.0116239 0.0143213 0.013037 0.0102118 0.0143573 0.0127819 0.00851817 0.0143213 0.013037 0.0102118 0.0128927 0.0122358 0.00968693 0.0143213 0.013037 0.0102118 0.0147244 0.0118431 0.011367 0.00944696 0.00479737 0.00514464 0.00837038 0.00561283 0.0045936 0.00944696 0.00479737 0.00514464 0.00964616 0.00644989 0.00520181 0.00944696 0.00479737 0.00514464 0.0106344 0.00516889 0.00633136 0.00944696 0.00479737 0.00514464 0.00899819 0.00313438 0.00595921 0.0109111 0.00425955 0.000707616 0.0107403 0.0055451 0.0018055099999999998 0.00670849 0.000866951 0.0051779 0.00815764 0.00155739 0.00468163 0.00670849 0.000866951 0.0051779 0.00708603 0.00226918 0.00604545 0.00670849 0.000866951 0.0051779 0.00547061 0.00220868 0.00452783 0.00670849 0.000866951 0.0051779 0.00687735 -0.001029834520482898 0.00513623 0.0148072 0.0143992 0.00983163 0.0159154195204829 0.0137134 0.00885746 0.0148072 0.0143992 0.00983163 0.0162516845204829 0.0150072 0.0105034 0.0148072 0.0143992 0.00983163 0.0142658 0.0148428 0.0112978 0.0148072 0.0143992 0.00983163 0.014394 0.0147198 0.00818975 0.0010147 0.000831218 0.00941065 0.000890145 0.00223572 0.0102524 0.0010147 0.000831218 0.00941065 0.00088105 -0.000363434520482899 0.0105034 0.0010147 0.000831218 0.00941065 0.0007164 0.00029191699999999994 0.00791993 0.0010147 0.000831218 0.00941065 0.00240283 0.000843443 0.0102687 0.0010147 0.000831218 0.00941065 0.00139906 0.0022093 0.00850697 0.0010147 0.000831218 0.00941065 -0.0008545345204828989 0.00101532 0.00961945 0.00451682 0.000645025 0.0146578 0.00440958 -0.0010080345204829 0.0145282 0.00451682 0.000645025 0.0146578 0.00581911 0.00172426 0.0144566 0.00451682 0.000645025 0.0146578 0.00318155 0.0014035 0.0139873 0.0147206 0.0139046 0.0127193 0.0139239 0.0132632 0.0116239 0.0147206 0.0139046 0.0127193 0.0145371 0.0134171 0.0143886 0.0147206 0.0139046 0.0127193 0.0163477555204829 0.0145399 0.0126192 0.00355315 0.0144407 0.00649175 0.00344209 0.0149641 0.00780268 0.00355315 0.0144407 0.00649175 0.00508388 0.0139401 0.00632774 0.00355315 0.0144407 0.00649175 0.00248374 0.0151863 0.00540234 0.00355315 0.0144407 0.00649175 0.00185793 0.0139856 0.00720806 0.00900278 0.0131608 0.00991587 0.00988317 0.0135683 0.0110293 0.00900278 0.0131608 0.00991587 0.00757315 0.0141395 0.00982918 0.00900278 0.0131608 0.00991587 0.00760919 0.0117553 0.00983223 0.00433361 0.00239023 0.0146814 0.00581911 0.00172426 0.0144566 0.00433361 0.00239023 0.0146814 0.00291999 0.00322739 0.0144818 0.00433361 0.00239023 0.0146814 0.00318155 0.0014035 0.0139873 0.0106765 0.0141214 0.00590043 0.0105733 0.0125735 0.00526755 0.0106765 0.0141214 0.00590043 0.0121634 0.0143626 0.00679055 0.0106765 0.0141214 0.00590043 0.0108315 0.016007704520482897 0.00626549 0.00881584 0.0110499 0.00511223 0.00841092 0.00959626 0.0058444 0.00881584 0.0110499 0.00511223 0.00892562 0.0125508 0.00432971 0.00881584 0.0110499 0.00511223 0.00873277 0.00988291 0.00393572 0.00881584 0.0110499 0.00511223 0.00921945 0.0119421 0.00641884 0.00440735 0.00171469 0.00676586 0.00446207 0.000609924 0.00765116 0.00440735 0.00171469 0.00676586 0.00356341 0.00181973 0.00533926 0.00440735 0.00171469 0.00676586 0.00492007 0.0004418009999999999 0.00580023 0.00440735 0.00171469 0.00676586 0.00386171 0.00270794 0.00802837 0.00440735 0.00171469 0.00676586 0.00255816 0.00114621 0.00710047 0.00440735 0.00171469 0.00676586 0.00541196 0.00333014 0.00665278 0.00732712 0.00481976 0.00574086 0.00855338 0.00550281 0.00613339 0.00732712 0.00481976 0.00574086 0.00717064 0.00382324 0.00437199 0.00732712 0.00481976 0.00574086 0.00760515 0.0042274 0.00728987 0.00732712 0.00481976 0.00574086 0.00576113 0.00496984 0.00514114 0.0129534 0.00863682 0.0112829 0.0143449 0.00874883 0.0113934 0.0129534 0.00863682 0.0112829 0.0134074 0.0094787 0.0127003 0.0129534 0.00863682 0.0112829 0.0120181 0.00811492 0.0125764 0.0129534 0.00863682 0.0112829 0.0137165 0.00929045 0.00956968 0.0129534 0.00863682 0.0112829 0.0137968 0.00708503 0.0105313 0.0129534 0.00863682 0.0112829 0.0113986 0.00787863 0.0104791 0.014561 0.00517853 0.00553652 0.0141194 0.00470703 0.00433182 0.014561 0.00517853 0.00553652 0.0159658665204829 0.00442376 0.00558026 0.014561 0.00517853 0.00553652 0.015520910520482899 0.00624099 0.00629367 0.014561 0.00517853 0.00553652 0.012717 0.00497249 0.00564253 0.00489308 0.00282388 0.00927113 0.00379715 0.00221146 0.0103515 0.00489308 0.00282388 0.00927113 0.00386171 0.00270794 0.00802837 0.00489308 0.00282388 0.00927113 0.00625872 0.00230596 0.00867378 0.00489308 0.00282388 0.00927113 0.00429788 0.00460278 0.00953474 0.00520413 0.0128654 0.00795112 0.0065052 0.0126342 0.00859981 0.00520413 0.0128654 0.00795112 0.00524774 0.0125483 0.00962598 0.00520413 0.0128654 0.00795112 0.00462761 0.014216 0.00872348 0.00520413 0.0128654 0.00795112 0.00641682 0.0122244 0.00702925 0.00520413 0.0128654 0.00795112 0.00358932 0.0124559 0.00693932 0.0131483 0.0128473 0.00355844 0.0117349 0.0129254 0.00322802 0.0131483 0.0128473 0.00355844 0.0137511 0.0112117 0.00349255 0.0131483 0.0128473 0.00355844 0.0120602 0.0118554 0.00443186 0.0131483 0.0128473 0.00355844 0.0127752 0.0139847 0.00230137 0.0131483 0.0128473 0.00355844 0.0141476 0.0130014 0.00491582 0.0131483 0.0128473 0.00355844 0.0149669 0.0129066 0.00285924 0.0101335 0.00352324 0.00755119 0.00906508 0.00223346 0.00795407 0.0101335 0.00352324 0.00755119 0.0119203 0.00429212 0.00786969 0.0101335 0.00352324 0.00755119 0.00899819 0.00313438 0.00595921 0.00344209 0.0149641 0.00780268 0.00446207 0.0159805585204829 0.00765116 0.00344209 0.0149641 0.00780268 0.00327322 0.0157630105204829 0.00893675 0.00344209 0.0149641 0.00780268 0.00462761 0.014216 0.00872348 0.00344209 0.0149641 0.00780268 0.00255816 0.0165168445204829 0.00710047 0.00344209 0.0149641 0.00780268 0.00185793 0.0139856 0.00720806 0.0065052 0.0126342 0.00859981 0.00751657 0.0133117 0.00783416 0.0065052 0.0126342 0.00859981 0.00524774 0.0125483 0.00962598 0.0065052 0.0126342 0.00859981 0.00641682 0.0122244 0.00702925 0.0065052 0.0126342 0.00859981 0.00760919 0.0117553 0.00983223 0.0151499 0.0117645 0.0146206 0.0158097805204829 0.0110944 0.0134521 0.00331565 0.0101723 0.00853776 0.00470948 0.0111967 0.008307 0.00331565 0.0101723 0.00853776 0.00177003 0.0106641 0.00911158 0.00331565 0.0101723 0.00853776 0.00453691 0.00942341 0.00954167 0.00331565 0.0101723 0.00853776 0.00404456 0.00864856 0.00752236 0.00331565 0.0101723 0.00853776 0.00358582 0.0112819 0.0101736 0.00614201 0.00943366 0.0120799 0.00623783 0.0100748 0.0135859 0.00614201 0.00943366 0.0120799 0.00509977 0.0104938 0.0114683 0.00614201 0.00943366 0.0120799 0.00534896 0.0085551 0.0110848 0.00614201 0.00943366 0.0120799 0.00787271 0.0090787 0.0125727 0.00809682 0.0118118 0.00060256 0.00650561 0.0124136 0.000884147 0.00809682 0.0118118 0.00060256 0.00785746 0.0103366 0.00103145 0.00809682 0.0118118 0.00060256 0.00893611 0.0127031 0.00164658 0.00901365 0.00584643 0.0138838 0.00946706 0.00689528 0.0146936 0.00901365 0.00584643 0.0138838 0.00846184 0.00490389 0.0126128 0.00901365 0.00584643 0.0138838 0.00863629 0.00430558 0.0144603 0.00360533 0.00803064 0.00957249 0.00365903 0.00848651 0.0109622 0.00360533 0.00803064 0.00957249 0.00210729 0.00779943 0.00900949 0.00360533 0.00803064 0.00957249 0.00453691 0.00942341 0.00954167 0.00360533 0.00803064 0.00957249 0.00527292 0.00713916 0.00961492 0.00360533 0.00803064 0.00957249 0.00300831 0.00642562 0.010603 0.00154186 0.012482 0.00257877 0.0018216 0.0105733 0.00310661 0.00803572 0.00260863 0.00192811 0.00737449 0.00408512 0.00181528 0.00803572 0.00260863 0.00192811 0.00714818 0.00220529 0.00322679 0.00803572 0.00260863 0.00192811 0.00915807 0.00328766 0.000934924 0.00803572 0.00260863 0.00192811 0.00776734 0.000944439 0.00111534 0.0117285 0.0120384 0.00640567 0.0105733 0.0125735 0.00526755 0.0117285 0.0120384 0.00640567 0.0127241 0.0126985 0.00758516 0.0117285 0.0120384 0.00640567 0.0106884 0.0107356 0.00604621 0.0117285 0.0120384 0.00640567 0.0106021 0.0130877 0.00764289 0.00589282 0.0104346 0.00926257 0.00470948 0.0111967 0.008307 0.00589282 0.0104346 0.00926257 0.00453691 0.00942341 0.00954167 0.00589282 0.0104346 0.00926257 0.00730094 0.00931706 0.010022 0.0014993 0.0125015 0.0126506 2.1095700000000077e-05 0.0124219 0.0128926 0.0014993 0.0125015 0.0126506 0.00211998 0.0109038 0.0130038 0.00455226 0.00648969 0.0147271 0.00501008 0.00690803 0.0134989 0.00455226 0.00648969 0.0147271 0.00521796 0.00515041 0.0138533 0.00455226 0.00648969 0.0147271 0.00308504 0.00529079 0.0142464 0.00519157 0.00363314 0.0146867 0.00688329 0.00340692 0.0143901 0.00519157 0.00363314 0.0146867 0.00538342 0.0034238 0.0130372 0.00519157 0.00363314 0.0146867 0.00521796 0.00515041 0.0138533 0.00935738 0.00719085 0.0025238 0.00812884 0.00672759 0.00191333 0.00935738 0.00719085 0.0025238 0.00985779 0.00815529 0.00388315 0.00935738 0.00719085 0.0025238 0.00952206 0.00691311 0.0008986269999999999 0.00935738 0.00719085 0.0025238 0.00801103 0.00791742 0.00315793 0.00935738 0.00719085 0.0025238 0.0103754 0.006324 0.00347663 0.00904302 0.0137127 0.00310217 0.0102279 0.0128672 0.00336011 0.00904302 0.0137127 0.00310217 0.00763007 0.0127637 0.00294432 0.00904302 0.0137127 0.00310217 0.00892562 0.0125508 0.00432971 0.00904302 0.0137127 0.00310217 0.00959524 0.0147618 0.00155384 0.00904302 0.0137127 0.00310217 0.00794846 0.0153104 0.00326511 0.0135203 0.00288739 0.00207765 0.014513 0.00303612 0.00319182 0.0135203 0.00288739 0.00207765 0.012526 0.00349482 0.000923494 0.0135203 0.00288739 0.00207765 0.0131778 0.00166347 0.000956286 0.0135203 0.00288739 0.00207765 0.0118559 0.00265954 0.0028569 0.0135203 0.00288739 0.00207765 0.0151889 0.00300748 0.00131104 0.0135203 0.00288739 0.00207765 0.0132851 0.00466757 0.0026714 0.000439146 0.0110944 0.0134521 2.1095700000000022e-05 0.0124219 0.0128926 0.000439146 0.0110944 0.0134521 0.00211998 0.0109038 0.0130038 0.00988317 0.0135683 0.0110293 0.00878013 0.0126694 0.0120224 0.00988317 0.0135683 0.0110293 0.00872676 0.0148175 0.0113207 0.00988317 0.0135683 0.0110293 0.0114087 0.0138141 0.00980987 0.0141238 0.00807977 0.00377993 0.0140915 0.00668328 0.00283329 0.0141238 0.00807977 0.00377993 0.0132691 0.0093747 0.00311564 0.0141238 0.00807977 0.00377993 0.015627391520482897 0.00786836 0.00497188 0.0102279 0.0128672 0.00336011 0.00892562 0.0125508 0.00432971 0.0102279 0.0128672 0.00336011 0.010898 0.0143746 0.00316433 0.0102279 0.0128672 0.00336011 0.0108772 0.0129161 0.00181871 0.0102279 0.0128672 0.00336011 0.00962222 0.0113023 0.00289497 0.00295233 0.0096089 0.0147241 0.0013163 0.00973301 0.0144238 0.00295233 0.0096089 0.0147241 0.00258171 0.00802324 0.0144181 0.00295233 0.0096089 0.0147241 0.00423907 0.0107346 0.0139761 0.00133145 0.00697416 0.0113659 0.000519877 0.00761316 0.010058 0.00133145 0.00697416 0.0113659 -0.00020713452048289884 0.00648948 0.0120217 0.00133145 0.00697416 0.0113659 0.000803853 0.00855083 0.0115832 0.00133145 0.00697416 0.0113659 0.00098502 0.0053282 0.0111163 0.00133145 0.00697416 0.0113659 0.00300831 0.00642562 0.010603 0.00133145 0.00697416 0.0113659 0.00151112 0.00661975 0.013202 0.00446207 0.000609924 0.00765116 0.00490533 0.00069221 0.00926079 0.00446207 0.000609924 0.00765116 0.00603778 0.00111112 0.00717034 0.00831433 0.000220829 0.0128202 0.00982367 -0.00035793452048289937 0.0133574 0.00831433 0.000220829 0.0128202 0.0082099 0.000870013 0.0144201 0.00831433 0.000220829 0.0128202 0.00695371 -0.0005920345204829003 0.0122093 0.00831433 0.000220829 0.0128202 0.00872676 -0.0005531345204828989 0.0113207 0.00831433 0.000220829 0.0128202 0.00864119 0.00172406 0.011622 0.00831433 0.000220829 0.0128202 0.0078991 -0.0012013345204829004 0.0141394 0.00464623 0.00358161 0.000637897 0.00562226 0.00477273 0.00132247 0.00464623 0.00358161 0.000637897 0.00358764 0.0043882 0.00196482 0.00751657 0.0133117 0.00783416 0.00827685 0.0147628 0.00814513 0.00751657 0.0133117 0.00783416 0.0066188 0.0145815 0.00723761 0.00751657 0.0133117 0.00783416 0.00874637 0.0122671 0.00818002 0.00751657 0.0133117 0.00783416 0.00641682 0.0122244 0.00702925 0.00837038 0.00561283 0.0045936 0.00964616 0.00644989 0.00520181 0.00837038 0.00561283 0.0045936 0.00700269 0.00639403 0.00492724 0.00837038 0.00561283 0.0045936 0.00859229 0.00485768 0.00319335 0.0131996 0.00924544 0.000649426 0.0124835 0.0087772 0.00175103 0.0131996 0.00924544 0.000649426 0.0144644 0.0100909 0.00140118 0.000778654 0.00867041 0.00876685 0.0019423500000000002 0.00933517 0.00774063 0.000778654 0.00867041 0.00876685 0.000394765 0.00965594 0.0100309 0.000778654 0.00867041 0.00876685 0.00210729 0.00779943 0.00900949 0.000778654 0.00867041 0.00876685 0.000519877 0.00761316 0.010058 0.000778654 0.00867041 0.00876685 8.435479999999997e-05 0.00995715 0.00799865 0.000778654 0.00867041 0.00876685 -0.0006241345204829001 0.00741987 0.00833856 0.0111335 0.00654266 0.000629808 0.0109869 0.0080267 0.00127195 0.0111335 0.00654266 0.000629808 0.00952206 0.00691311 0.000898627 0.0111335 0.00654266 0.000629808 0.0126739 0.00729969 0.000948025 0.0111335 0.00654266 0.000629808 0.0123629 0.00535672 0.000884611 0.0111335 0.00654266 0.000629808 0.0107403 0.0055451 0.0018055099999999998 0.0117349 0.0129254 0.00322802 0.0120602 0.0118554 0.00443186 0.0117349 0.0129254 0.00322802 0.010898 0.0143746 0.00316433 0.0117349 0.0129254 0.00322802 0.0108772 0.0129161 0.00181871 0.00100069 0.00971544 0.0128179 0.0013163 0.00973301 0.0144238 0.00100069 0.00971544 0.0128179 0.00211998 0.0109038 0.0130038 0.00100069 0.00971544 0.0128179 -0.0002016345204828992 0.0101144 0.011814 0.00100069 0.00971544 0.0128179 0.000803853 0.00855083 0.0115832 0.00100069 0.00971544 0.0128179 -0.0002872345204828991 0.00832007 0.0133538 0.00213613 0.00532787 0.00279534 0.00240649 0.00685607 0.00344709 0.00213613 0.00532787 0.00279534 0.0002658370000000001 0.00514675 0.0032108 0.00213613 0.00532787 0.00279534 0.00204686 0.00637336 0.00117652 0.00213613 0.00532787 0.00279534 0.00358764 0.0043882 0.00196482 0.0120355 0.013347 0.00068661 0.0108772 0.0129161 0.00181871 0.0120355 0.013347 0.00068661 0.0116912 0.0149773 0.00096492 0.0110029 0.00961298 0.00729321 0.012581 0.00928693 0.00778731 0.0110029 0.00961298 0.00729321 0.00999947 0.0108406 0.00787277 0.0110029 0.00961298 0.00729321 0.0112303 0.00798569 0.00783697 0.0110029 0.00961298 0.00729321 0.0106884 0.0107356 0.00604621 0.0110029 0.00961298 0.00729321 0.010236 0.00840283 0.00599713 0.0060172 0.0129855 0.0130881 0.00441845 0.0127797 0.0136226 0.0060172 0.0129855 0.0130881 0.00512241 0.0142025 0.0125249 0.0060172 0.0129855 0.0130881 0.00709482 0.0119501 0.0142682 0.0060172 0.0129855 0.0130881 0.0068171 0.0116391 0.0119993 0.00992413 0.0133021 0.00053523 0.00893611 0.0127031 0.00164658 0.00992413 0.0133021 0.00053523 0.0108772 0.0129161 0.00181871 0.00992413 0.0133021 0.00053523 0.00959524 0.0147618 0.00155384 0.00293915 0.00172612 0.00892091 0.00327322 0.00039237600000000005 0.00893675 0.00293915 0.00172612 0.00892091 0.00379715 0.00221146 0.0103515 0.00293915 0.00172612 0.00892091 0.00240283 0.000843443 0.0102687 0.00293915 0.00172612 0.00892091 0.00386171 0.00270794 0.00802837 0.00293915 0.00172612 0.00892091 0.00139906 0.0022093 0.00850697 0.00293915 0.00172612 0.00892091 0.00255816 0.00114621 0.00710047 0.0141194 0.00470703 0.00433182 0.0132691 0.00322139 0.00440678 0.0141194 0.00470703 0.00433182 0.0156364715204829 0.00514675 0.0032108 0.0141194 0.00470703 0.00433182 0.012717 0.00497249 0.00564253 0.0141194 0.00470703 0.00433182 0.0132851 0.00466757 0.0026714 0.00121268 0.0113235 0.00138436 -0.00010123452048289914 0.0114629 0.000730223 0.00121268 0.0113235 0.00138436 0.00271385 0.0120951 0.000983228 0.00121268 0.0113235 0.00138436 0.000941687 0.0129901 0.00100755 0.00121268 0.0113235 0.00138436 0.0018216 0.0105733 0.00310661 0.00688462 0.00627852 0.00651933 0.00700269 0.00639403 0.00492724 0.00688462 0.00627852 0.00651933 0.00651834 0.00687967 0.00795518 0.00688462 0.00627852 0.00651933 0.0066216 0.0078737 0.00612172 0.014513 0.00303612 0.00319182 0.0132691 0.00322139 0.00440678 0.014513 0.00303612 0.00319182 0.0151889 0.00300748 0.00131104 0.00707004 0.0133918 0.0112428 0.00562145 0.0141155 0.0106443 0.00707004 0.0133918 0.0112428 0.00757315 0.0141395 0.00982918 0.00707004 0.0133918 0.0112428 0.00695371 0.0147786 0.0122093 0.00707004 0.0133918 0.0112428 0.0068171 0.0116391 0.0119993 0.0100237 0.00090997 0.00807165 0.00888094 0.000740739 0.0093095 0.0100237 0.00090997 0.00807165 0.0111058 -0.00027263452048289843 0.00812776 0.0100237 0.00090997 0.00807165 0.00906508 0.00223346 0.00795407 0.0100237 0.00090997 0.00807165 0.0114463 0.00207711 0.00861686 0.0100237 0.00090997 0.00807165 0.0108315 0.00063707 0.00626549 0.00294313 0.00540802 0.00424802 0.00456288 0.00532131 0.0036275 0.00294313 0.00540802 0.00424802 0.00143209 0.00602887 0.00484575 0.00294313 0.00540802 0.00424802 0.00269748 0.00373721 0.00383797 0.00294313 0.00540802 0.00424802 0.00240649 0.00685607 0.00344709 0.00202257 0.0139033 0.0111178 0.00088105 0.0150072 0.0105034 0.00202257 0.0139033 0.0111178 0.0004492210000000001 0.0133317 0.0111781 0.00202257 0.0139033 0.0111178 0.00337851 0.0136074 0.012037 0.00319117 0.000773919 0.00404224 0.00356341 0.0018197300000000003 0.00533926 0.00319117 0.000773919 0.00404224 0.00413295 -0.0005895345204828987 0.00445143 0.00319117 0.000773919 0.00404224 0.00390924 0.00208158 0.00278571 0.00319117 0.000773919 0.00404224 0.00132069 0.000897655 0.00340791 0.00411156 0.0111401 0.00131896 0.00271385 0.0120951 0.000983228 0.00411156 0.0111401 0.00131896 0.00458878 0.0127323 0.000889927 0.00411156 0.0111401 0.00131896 0.00286447 0.009734 0.0011025 0.00411156 0.0111401 0.00131896 0.00542242 0.0116958 0.00257056 0.00365903 0.00848651 0.0109622 0.00251217 0.00823778 0.0121972 0.00365903 0.00848651 0.0109622 0.00534896 0.0085551 0.0110848 0.0139297 0.00441449 0.000810209 0.012526 0.00349482 0.000923494 0.0139297 0.00441449 0.000810209 0.0141259 0.00608338 0.000968971 0.0139297 0.00441449 0.000810209 0.0151889 0.00300748 0.00131104 0.0139297 0.00441449 0.000810209 0.0132851 0.00466757 0.0026714 0.0132174 0.0116445 0.00633496 0.0146976 0.0107951 0.00618344 0.0132174 0.0116445 0.00633496 0.0127241 0.0126985 0.00758516 0.0132174 0.0116445 0.00633496 0.0128722 0.0100815 0.00515816 0.0152694 0.0114629 0.000730223 0.0144644 0.0100909 0.00140118 0.00812884 0.00672759 0.00191333 0.00772678 0.00808528 0.000953171 0.00812884 0.00672759 0.00191333 0.00952206 0.00691311 0.0008986269999999999 0.00812884 0.00672759 0.00191333 0.00801103 0.00791742 0.00315793 0.00812884 0.00672759 0.00191333 0.00719036 0.00578893 0.0008511600000000001 0.00812884 0.00672759 0.00191333 0.00670747 0.00583542 0.00290594 0.0139239 0.0132632 0.0116239 0.0142658 0.0148428 0.0112978 0.0139239 0.0132632 0.0116239 0.0147244 0.0118431 0.011367 0.0143449 0.00874883 0.0113934 0.015169 0.0101144 0.011814 0.0143449 0.00874883 0.0113934 0.0137968 0.00708503 0.0105313 0.00970284 0.0148041 0.0072549 0.00827685 0.0147628 0.00814513 0.00970284 0.0148041 0.0072549 0.0111058 0.015098 0.00812776 0.00970284 0.0148041 0.0072549 0.00857401 0.0138082 0.00644255 0.00970284 0.0148041 0.0072549 0.0106021 0.0130877 0.00764289 0.00970284 0.0148041 0.0072549 0.0108315 0.016007704520482897 0.00626549 0.0124835 0.0087772 0.00175103 0.0109869 0.0080267 0.00127195 0.0124835 0.0087772 0.00175103 0.0113626 0.00895506 0.00296166 0.0124835 0.0087772 0.00175103 0.0126739 0.00729969 0.000948025 0.0124835 0.0087772 0.00175103 0.0132691 0.0093747 0.00311564 0.0124835 0.0087772 0.00175103 0.0141363 0.00826352 0.00175616 0.00855338 0.00550281 0.00613339 0.00964616 0.00644989 0.00520181 0.00855338 0.00550281 0.00613339 0.00953084 0.00657841 0.0070626 0.00574114 0.00670103 0.000719644 0.00719036 0.00578893 0.00085116 0.00574114 0.00670103 0.000719644 0.00417548 0.00707696 0.00185079 0.00946706 0.00689528 0.0146936 0.0106435 0.00802451 0.0145352 0.00946706 0.00689528 0.0146936 0.0079913 0.00761103 0.0143987 0.0108709 0.0145836 0.0146587 0.00982367 0.0150127 0.0133574 0.0108709 0.0145836 0.0146587 0.0125126 0.0140022 0.0137814 0.0119734 0.000960034 0.00193928 0.0131778 0.00166347 0.000956286 0.0119734 0.000960034 0.00193928 0.0116912 -0.0003933345204828987 0.00096492 0.0119734 0.000960034 0.00193928 0.0118559 0.00265954 0.0028569 0.000840014 0.000597723 0.00628912 0.0007164 0.000291917 0.00791993 0.000840014 0.000597723 0.00628912 -0.0008062345204828993 0.000729407 0.00675731 0.000840014 0.000597723 0.00628912 0.000518752 0.00218991 0.00672875 0.000840014 0.000597723 0.00628912 0.00161236 0.00169672 0.00526334 0.000840014 0.000597723 0.00628912 0.00255816 0.00114621 0.00710047 0.000840014 0.000597723 0.00628912 0.000478223 -0.0010622345204828981 0.00535659 0.0127506 0.0149793 0.00864884 0.0127233 0.016167864520482897 0.00738357 0.0127506 0.0149793 0.00864884 0.0111058 0.015098 0.00812776 0.0127506 0.0149793 0.00864884 0.014394 0.0147198 0.00818975 0.00327322 0.000392376 0.00893675 0.0022856 -0.0008624345204828983 0.00925216 0.00327322 0.000392376 0.00893675 0.00490533 0.00069221 0.00926079 0.00327322 0.000392376 0.00893675 0.00240283 0.000843443 0.0102687 0.01105 0.00419438 0.0114617 0.0120908 0.00355286 0.0127108 0.01105 0.00419438 0.0114617 0.0100439 0.00330211 0.0124968 0.01105 0.00419438 0.0114617 0.012392 0.0035215 0.0102817 0.01105 0.00419438 0.0114617 0.00988032 0.00569896 0.0111818 0.000918659 0.00812926 0.0147495 0.0013163 0.00973301 0.0144238 0.000918659 0.00812926 0.0147495 0.00258171 0.00802324 0.0144181 0.000918659 0.00812926 0.0147495 -0.00028723452048289944 0.00832007 0.0133538 0.000769681 0.0133036 0.0139116 -0.0008335345204828979 0.0134171 0.0143886 0.000769681 0.0133036 0.0139116 0.00239349 0.0136902 0.0136603 0.000769681 0.0133036 0.0139116 0.0018403199999999999 0.0120793 0.0144747 0.00339048 0.0115744 0.0120943 0.00211998 0.0109038 0.0130038 0.00339048 0.0115744 0.0120943 0.0048199 0.0124239 0.0116554 0.00339048 0.0115744 0.0120943 0.00349408 0.00984074 0.0121777 0.00339048 0.0115744 0.0120943 0.00358582 0.0112819 0.0101736 0.00954842 0.00167467 0.000636293 0.0109118 0.00251323 0.000948249 0.00954842 0.00167467 0.000636293 0.00915807 0.00328766 0.000934924 0.00954842 0.00167467 0.000636293 0.00966264 0.00154015 0.00253213 0.00954842 0.00167467 0.000636293 0.00776734 0.000944439 0.00111534 0.00747248 0.00193563 0.00762142 0.00625872 0.00230596 0.00867378 0.00747248 0.00193563 0.00762142 0.00603778 0.00111112 0.00717034 0.00747248 0.00193563 0.00762142 0.00708603 0.00226918 0.00604545 0.00747248 0.00193563 0.00762142 0.00906508 0.00223346 0.00795407 0.00501008 0.00690803 0.0134989 0.00638442 0.00655959 0.014431 0.00501008 0.00690803 0.0134989 0.00435341 0.00823317 0.0126542 0.00501008 0.00690803 0.0134989 0.00608817 0.00820031 0.0133661 0.00501008 0.00690803 0.0134989 0.00547909 0.00680481 0.011901 0.00501008 0.00690803 0.0134989 0.00368541 0.00648051 0.0125803 0.00968778 0.0110666 0.000939472 0.00785746 0.0103366 0.00103145 0.00968778 0.0110666 0.000939472 0.00893611 0.0127031 0.00164658 0.00968778 0.0110666 0.000939472 0.0111815 0.00982975 0.000890611 0.00968778 0.0110666 0.000939472 0.00962222 0.0113023 0.00289497 0.00968778 0.0110666 0.000939472 0.00940419 0.00919532 0.00201588 0.012526 0.00349482 0.000923494 0.0109118 0.00251323 0.000948249 0.012526 0.00349482 0.000923494 0.0123629 0.00535672 0.000884611 0.012526 0.00349482 0.000923494 0.0131778 0.00166347 0.000956286 0.012526 0.00349482 0.000923494 0.0118559 0.00265954 0.0028569 0.012526 0.00349482 0.000923494 0.0132851 0.00466757 0.0026714 0.0110664 0.00219539 0.0112643 0.0100439 0.00330211 0.0124968 0.0110664 0.00219539 0.0112643 0.0097276 0.00238535 0.00987972 0.0110664 0.00219539 0.0112643 0.0103426 0.00140231 0.0128859 0.0110664 0.00219539 0.0112643 0.012392 0.0035215 0.0102817 0.0110664 0.00219539 0.0112643 0.0124797 0.00120012 0.0124975 0.000355866 0.00506505 0.00096501 0.00179259 0.00373121 0.000942048 0.000355866 0.00506505 0.00096501 -0.0012447345204828987 0.00608338 0.000968971 0.000355866 0.00506505 0.00096501 0.000265837 0.00514675 0.0032108 0.000355866 0.00506505 0.00096501 0.00204686 0.00637336 0.00117652 0.000355866 0.00506505 0.00096501 -0.00018173452048289904 0.00300748 0.00131104 0.00815764 0.00155739 0.00468163 0.00886412 0.00308307 0.00375224 0.00815764 0.00155739 0.00468163 0.00714818 0.00220529 0.00322679 0.00815764 0.00155739 0.00468163 0.00996983 0.00162457 0.00463433 0.00815764 0.00155739 0.00468163 0.00708603 0.00226918 0.00604545 0.00815764 0.00155739 0.00468163 0.00794846 -6.023452048289956e-05 0.00326511 0.00815764 0.00155739 0.00468163 0.00899819 0.00313438 0.00595921 0.00379715 0.00221146 0.0103515 0.00537116 0.00290926 0.0111914 0.00379715 0.00221146 0.0103515 0.00240283 0.0008434430000000001 0.0102687 0.00379715 0.00221146 0.0103515 0.0026326 0.00369939 0.0105278 0.00379715 0.00221146 0.0103515 0.00332749 0.00282902 0.0123916 0.00379715 0.00221146 0.0103515 0.0041845 0.0002707880000000001 0.0112352 0.00562145 0.0141155 0.0106443 0.00512241 0.0142025 0.0125249 0.00562145 0.0141155 0.0106443 0.00524774 0.0125483 0.00962598 0.00562145 0.0141155 0.0106443 0.0041845 0.0156414225204829 0.0112352 0.0047149 0.001044 0.000983718 0.00538559 -0.0008144345204828989 0.00093035 0.0047149 0.001044 0.000983718 0.00390924 0.00208158 0.00278571 0.0144644 0.0100909 0.00140118 0.0136468 0.0117768 0.00161815 0.0144644 0.0100909 0.00140118 0.0161427405204829 0.00917672 0.000891831 0.0144644 0.0100909 0.00140118 0.0141363 0.00826352 0.00175616 0.00650561 0.0124136 0.000884147 0.00707059 0.0141062 0.00170009 0.00650561 0.0124136 0.000884147 0.00458878 0.0127323 0.000889927 0.00650561 0.0124136 0.000884147 0.00542242 0.0116958 0.00257056 0.00785746 0.0103366 0.00103145 0.00591345 0.0104097 0.000918365 0.00785746 0.0103366 0.00103145 0.00702218 0.00933933 0.00230049 0.00785746 0.0103366 0.00103145 0.00940419 0.00919532 0.00201588 0.0120908 0.00355286 0.0127108 0.0112451 0.00258122 0.0141094 0.0120908 0.00355286 0.0127108 0.0107363 0.00464063 0.0140857 0.0120908 0.00355286 0.0127108 0.0134051 0.00505072 0.0118767 0.0120908 0.00355286 0.0127108 0.0132164 0.00464896 0.0142442 0.0137511 0.0112117 0.00349255 0.0136468 0.0117768 0.00161815 0.0137511 0.0112117 0.00349255 0.0132691 0.0093747 0.00311564 0.0137511 0.0112117 0.00349255 0.0149669 0.0129066 0.00285924 0.0137511 0.0112117 0.00349255 0.0128722 0.0100815 0.00515816 0.0137511 0.0112117 0.00349255 0.0118046 0.0110655 0.00245696 0.00508388 0.0139401 0.00632774 0.00470819 0.0124864 0.00514439 0.00508388 0.0139401 0.00632774 0.00492007 0.0158124355204829 0.00580023 0.00508388 0.0139401 0.00632774 0.0066188 0.0145815 0.00723761 0.00508388 0.0139401 0.00632774 0.00358932 0.0124559 0.00693932 0.00508388 0.0139401 0.00632774 0.00687735 0.0143408 0.00513623 0.00638442 0.00655959 0.014431 0.00608817 0.00820031 0.0133661 0.00638442 0.00655959 0.014431 0.00521796 0.00515041 0.0138533 0.00638442 0.00655959 0.014431 0.0079913 0.00761103 0.0143987 0.0032663 0.00252057 0.000871886 0.00179259 0.00373121 0.000942048 0.0032663 0.00252057 0.000871886 0.00150798 0.00130126 0.00109445 0.0032663 0.00252057 0.000871886 0.00358764 0.0043882 0.00196482 0.0032663 0.00252057 0.000871886 0.00390924 0.00208158 0.00278571 0.00706742 0.00700147 0.0108788 0.00547909 0.00680481 0.011901 0.00706742 0.00700147 0.0108788 0.00781705 0.00683899 0.0126454 0.00706742 0.00700147 0.0108788 0.00596783 0.00536559 0.010693 0.00706742 0.00700147 0.0108788 0.00527292 0.00713916 0.00961492 0.00706742 0.00700147 0.0108788 0.009053 0.0079031 0.0109555 0.00706742 0.00700147 0.0108788 0.008276 0.00645263 0.00919447 0.00470819 0.0124864 0.00514439 0.00509822 0.0110078 0.00640293 0.00470819 0.0124864 0.00514439 0.00365581 0.0111931 0.00410831 0.00470819 0.0124864 0.00514439 0.0063218 0.0125101 0.00426012 0.00470819 0.0124864 0.00514439 0.00552444 0.0108269 0.00453722 0.00470819 0.0124864 0.00514439 0.00358932 0.0124559 0.00693932 0.00470819 0.0124864 0.00514439 0.00259572 0.0131113 0.00478786 0.00538559 0.0145562 0.00093035 0.00707059 0.0141062 0.00170009 0.00538559 0.0145562 0.00093035 0.00458878 0.0127323 0.000889927 0.00538559 0.0145562 0.00093035 0.0034757 0.0142895 0.000851078 0.000887498 0.00319027 0.00397745 0.00269748 0.00373721 0.00383797 0.000887498 0.00319027 0.00397745 0.000265837 0.00514675 0.0032108 0.000887498 0.00319027 0.00397745 -0.0005108345204829002 0.00183155 0.00485025 0.00456288 0.00532131 0.0036275 0.00402451 0.00421498 0.0051619 0.00456288 0.00532131 0.0036275 0.00576113 0.00496984 0.00514114 0.00456288 0.00532131 0.0036275 0.00522698 0.0073251 0.0040587 0.00456288 0.00532131 0.0036275 0.00358764 0.0043882 0.00196482 0.0112451 0.00258122 0.0141094 0.00999666 0.00133732 0.0146069 0.0112451 0.00258122 0.0141094 0.0131829 0.00249219 0.0143918 0.0112451 0.00258122 0.0141094 0.0103426 0.00140231 0.0128859 0.0112451 0.00258122 0.0141094 0.0107363 0.00464063 0.0140857 0.000890145 0.00223572 0.0102524 0.000969465 0.00402503 0.00960789 0.000890145 0.00223572 0.0102524 0.00139906 0.0022093 0.00850697 0.000890145 0.00223572 0.0102524 0.00109812 0.00349856 0.0116007 0.000890145 0.00223572 0.0102524 0.000154844 0.00109198 0.0119181 0.000890145 0.00223572 0.0102524 -0.0008545345204828989 0.00101532 0.00961945 0.0145371 0.0134171 0.0143886 0.0131443 0.012018 0.0144795 0.0145371 0.0134171 0.0143886 0.0125126 0.0140022 0.0137814 0.0138481 0.00660686 0.00474022 0.0140915 0.00668328 0.00283329 0.0138481 0.00660686 0.00474022 0.012717 0.00497249 0.00564253 0.0138481 0.00660686 0.00474022 0.015627391520482897 0.00786836 0.00497188 0.00623783 0.0100748 0.0135859 0.00608817 0.00820031 0.0133661 0.00623783 0.0100748 0.0135859 0.00779511 0.0100188 0.0145682 0.00623783 0.0100748 0.0135859 0.00423907 0.0107346 0.0139761 0.00623783 0.0100748 0.0135859 0.00709482 0.0119501 0.0142682 0.00623783 0.0100748 0.0135859 0.00787271 0.0090787 0.0125727 0.000544785 0.0137134 0.00885746 0.0022856 0.0145082 0.00925216 0.000544785 0.0137134 0.00885746 -0.0010133345204829001 0.0127819 0.00851817 0.000544785 0.0137134 0.00885746 -0.0009766345204828995 0.0147198 0.00818975 0.000544785 0.0137134 0.00885746 0.00198955 0.0125949 0.00943874 0.000544785 0.0137134 0.00885746 0.0018579299999999998 0.0139856 0.00720806 0.000154724 0.0073296 0.000870085 -0.0012447345204828991 0.00608338 0.000968971 0.000154724 0.0073296 0.000870085 0.000772106 0.00917672 0.000891831 0.000154724 0.0073296 0.000870085 -0.0012343345204829002 0.00826352 0.00175616 0.000154724 0.0073296 0.000870085 0.00204686 0.00637336 0.00117652 0.000154724 0.0073296 0.000870085 0.000727052 0.00813109 0.00273617 0.014849 0.00153167 0.014381 0.0159088765204829 -0.000124334520482899 0.0143884 0.014849 0.00153167 0.014381 0.016776584520482897 0.0016411 0.0145374 0.014849 0.00153167 0.014381 0.0131829 0.00249219 0.0143918 0.00435341 0.00823317 0.0126542 0.00608817 0.00820031 0.0133661 0.00435341 0.00823317 0.0126542 0.00251217 0.00823778 0.0121972 0.00435341 0.00823317 0.0126542 0.00534896 0.0085551 0.0110848 0.00435341 0.00823317 0.0126542 0.00547909 0.00680481 0.011901 0.00435341 0.00823317 0.0126542 0.00452008 0.00844254 0.0144932 0.00435341 0.00823317 0.0126542 0.00368541 0.00648051 0.0125803 0.00435341 0.00823317 0.0126542 0.00349408 0.00984074 0.0121777 0.00985779 0.00815529 0.00388315 0.00832408 0.00779038 0.00508726 0.00985779 0.00815529 0.00388315 0.0113626 0.00895506 0.00296166 0.00985779 0.00815529 0.00388315 0.00801103 0.00791742 0.00315793 0.00985779 0.00815529 0.00388315 0.0103754 0.006324 0.00347663 0.00985779 0.00815529 0.00388315 0.010236 0.00840283 0.00599713 0.00985779 0.00815529 0.00388315 0.00940419 0.00919532 0.00201588 0.0100439 0.00330211 0.0124968 0.00885009 0.00379943 0.0110525 0.0100439 0.00330211 0.0124968 0.0103426 0.00140231 0.0128859 0.0100439 0.00330211 0.0124968 0.0107363 0.00464063 0.0140857 0.0065924 0.00527887 0.0125227 0.00846184 0.00490389 0.0126128 0.0065924 0.00527887 0.0125227 0.00521796 0.00515041 0.0138533 0.0065924 0.00527887 0.0125227 0.00547909 0.00680481 0.011901 0.0065924 0.00527887 0.0125227 0.00781705 0.00683899 0.0126454 0.0065924 0.00527887 0.0125227 0.00596783 0.00536559 0.010693 0.0138307 0.0113549 0.0128799 0.0134074 0.0094787 0.0127003 0.0138307 0.0113549 0.0128799 0.0147244 0.0118431 0.011367 0.0138307 0.0113549 0.0128799 0.0131443 0.012018 0.0144795 0.0138307 0.0113549 0.0128799 0.0143522 0.0101641 0.0143856 0.0138307 0.0113549 0.0128799 0.0120467 0.0108003 0.0126983 0.00964616 0.00644989 0.00520181 0.00832408 0.00779038 0.00508726 0.00964616 0.00644989 0.00520181 0.0106344 0.00516889 0.00633136 0.00964616 0.00644989 0.00520181 0.0103754 0.006324 0.00347663 0.00964616 0.00644989 0.00520181 0.00953084 0.00657841 0.0070626 0.00964616 0.00644989 0.00520181 0.0115477 0.00659241 0.00495397 0.00964616 0.00644989 0.00520181 0.010236 0.00840283 0.00599713 0.00827685 0.0147628 0.00814513 0.00672295 0.015716731520482898 0.0087875 0.00827685 0.0147628 0.00814513 0.00888094 0.016111373520482898 0.0093095 0.00827685 0.0147628 0.00814513 0.00757315 0.0141395 0.00982918 0.00827685 0.0147628 0.00814513 0.00857401 0.0138082 0.00644255 0.00827685 0.0147628 0.00814513 0.0066188 0.0145815 0.00723761 0.00827685 0.0147628 0.00814513 0.00790977 0.0159251345204829 0.00657309 0.00983731 0.00711561 0.0129465 0.0106435 0.00802451 0.0145352 0.00450206 0.00480361 0.0119904 0.00538342 0.0034238 0.0130372 0.00450206 0.00480361 0.0119904 0.00253931 0.00484977 0.0121283 0.00450206 0.00480361 0.0119904 0.00368541 0.00648051 0.0125803 0.00846184 0.00490389 0.0126128 0.00885009 0.00379943 0.0110525 0.00846184 0.00490389 0.0126128 0.00729414 0.00333063 0.0124551 0.00846184 0.00490389 0.0126128 0.00863629 0.00430558 0.0144603 0.00846184 0.00490389 0.0126128 0.00988032 0.00569896 0.0111818 0.0134074 0.0094787 0.0127003 0.0120181 0.00811492 0.0125764 0.0134074 0.0094787 0.0127003 0.0128459 0.00868162 0.0144002 0.0134074 0.0094787 0.0127003 0.0120467 0.0108003 0.0126983 0.0134074 0.0094787 0.0127003 0.0150834 0.00832007 0.0133538 0.0120181 0.00811492 0.0125764 0.0102956 0.00903363 0.0124232 0.0120181 0.00811492 0.0125764 0.0113986 0.00787863 0.0104791 0.0120181 0.00811492 0.0125764 0.0119641 0.0066168 0.0141512 0.00772678 0.00808528 0.000953171 0.00702218 0.00933933 0.00230049 0.00772678 0.00808528 0.000953171 0.00616535 0.00772151 0.00208443 0.00608817 0.00820031 0.0133661 0.00452008 0.00844254 0.0144932 0.00608817 0.00820031 0.0133661 0.00787271 0.0090787 0.0125727 0.0012251 0.0115874 0.0109257 0.000449221 0.0133317 0.0111781 0.0012251 0.0115874 0.0109257 -0.0006462345204828986 0.0118431 0.011367 0.0012251 0.0115874 0.0109257 0.002086 0.00987322 0.0108939 0.0012251 0.0115874 0.0109257 0.00198955 0.0125949 0.00943874 0.0109118 0.00251323 0.000948249 0.00915807 0.00328766 0.000934924 0.0109118 0.00251323 0.000948249 0.0118559 0.00265954 0.0028569 0.0109118 0.00251323 0.000948249 0.00966264 0.00154015 0.00253213 0.00088105 0.0150072 0.0105034 0.0022856 0.0145082 0.00925216 0.00088105 0.0150072 0.0105034 0.000449221 0.0133317 0.0111781 0.00088105 0.0150072 0.0105034 0.00240283 0.0162140775204829 0.0102687 0.00088105 0.0150072 0.0105034 0.000154844 0.0164626145204829 0.0119181 0.00358557 0.00806951 0.00525681 0.00199147 0.00806141 0.0063271 0.00358557 0.00806951 0.00525681 0.00501401 0.00925255 0.00568857 0.00358557 0.00806951 0.00525681 0.00206314 0.0089518 0.00458818 0.00358557 0.00806951 0.00525681 0.00522698 0.0073251 0.0040587 0.00358557 0.00806951 0.00525681 0.00488582 0.00666235 0.00631211 0.0109869 0.0080267 0.00127195 0.0113626 0.00895506 0.00296166 0.0109869 0.0080267 0.00127195 0.00952206 0.00691311 0.000898627 0.0109869 0.0080267 0.00127195 0.0111815 0.00982975 0.000890611 0.0109869 0.0080267 0.00127195 0.0126739 0.00729969 0.000948025 0.0109869 0.0080267 0.00127195 0.00940419 0.00919532 0.00201588 0.0124435 0.0146398 0.0116824 0.010716 0.015603606520482899 0.0115652 0.0124435 0.0146398 0.0116824 0.0142658 0.0148428 0.0112978 0.0124435 0.0146398 0.0116824 0.0125201 0.015806032520482897 0.0101814 0.0124435 0.0146398 0.0116824 0.0125126 0.0140022 0.0137814 0.0124435 0.0146398 0.0116824 0.0124797 0.0165707545204829 0.0124975 0.0124435 0.0146398 0.0116824 0.0120431 0.0125817 0.0117104 0.00854676 0.00257448 0.0136897 0.00688329 0.00340692 0.0143901 0.00854676 0.00257448 0.0136897 0.0082099 0.000870013 0.0144201 0.00854676 0.00257448 0.0136897 0.00729414 0.00333063 0.0124551 0.00854676 0.00257448 0.0136897 0.00863629 0.00430558 0.0144603 0.00854676 0.00257448 0.0136897 0.00703731 0.00147038 0.0130426 0.00854676 0.00257448 0.0136897 0.00864119 0.00172406 0.011622 0.00672295 0.000346097 0.0087875 0.00490533 0.00069221 0.00926079 0.00672295 0.000346097 0.0087875 0.0066188 -0.0007891345204828985 0.00723761 0.00672295 0.000346097 0.0087875 0.00603778 0.00111112 0.00717034 0.00672295 0.000346097 0.0087875 0.00647566 0.00104766 0.0108102 0.00717064 0.00382324 0.00437199 0.00886412 0.00308307 0.00375224 0.00717064 0.00382324 0.00437199 0.00714818 0.00220529 0.00322679 0.00717064 0.00382324 0.00437199 0.00576113 0.00496984 0.00514114 0.00717064 0.00382324 0.00437199 0.00572299 0.00380241 0.00301698 0.00606834 0.00901907 0.00820549 0.00404456 0.00864856 0.00752236 0.00606834 0.00901907 0.00820549 0.00730094 0.00931706 0.010022 0.00606834 0.00901907 0.00820549 0.00757262 0.0105256 0.00773959 0.00893611 0.0127031 0.00164658 0.00763007 0.0127637 0.00294432 0.00893611 0.0127031 0.00164658 0.0108772 0.0129161 0.00181871 0.00893611 0.0127031 0.00164658 0.00962222 0.0113023 0.00289497 0.00893611 0.0127031 0.00164658 0.00959524 0.0147618 0.00155384 0.012581 0.00928693 0.00778731 0.0118976 0.0110956 0.00824709 0.012581 0.00928693 0.00778731 0.0112303 0.00798569 0.00783697 0.012581 0.00928693 0.00778731 0.0111879 0.00951807 0.00905958 0.012581 0.00928693 0.00778731 0.013759 0.0108389 0.00784852 0.012581 0.00928693 0.00778731 0.0142043 0.00878106 0.00656703 0.012581 0.00928693 0.00778731 0.0137165 0.00929045 0.00956968 0.00999947 0.0108406 0.00787277 0.0118976 0.0110956 0.00824709 0.00999947 0.0108406 0.00787277 0.00921945 0.0119421 0.00641884 0.00999947 0.0108406 0.00787277 0.0103888 0.0118671 0.00947094 0.00999947 0.0108406 0.00787277 0.00874637 0.0122671 0.00818002 0.00999947 0.0108406 0.00787277 0.0106884 0.0107356 0.00604621 0.00885009 0.00379943 0.0110525 0.00697578 0.00371731 0.0106163 0.00885009 0.00379943 0.0110525 0.00864119 0.00172406 0.011622 0.00885009 0.00379943 0.0110525 0.00988032 0.00569896 0.0111818 0.00402451 0.00421498 0.0051619 0.00269748 0.00373721 0.00383797 0.00402451 0.00421498 0.0051619 0.00576113 0.00496984 0.00514114 0.00402451 0.00421498 0.0051619 0.00541196 0.00333014 0.00665278 0.00402451 0.00421498 0.0051619 0.00232622 0.00341988 0.00624313 0.00763007 0.0127637 0.00294432 0.00707059 0.0141062 0.00170009 0.00763007 0.0127637 0.00294432 0.00892562 0.0125508 0.00432971 0.00763007 0.0127637 0.00294432 0.0063218 0.0125101 0.00426012 0.00763007 0.0127637 0.00294432 0.00723472 0.0109701 0.00343743 0.0022856 0.0145082 0.00925216 0.00240283 0.0162140775204829 0.0102687 0.0022856 0.0145082 0.00925216 0.00357887 0.0134538 0.0101713 0.0022856 0.0145082 0.00925216 0.00198955 0.0125949 0.00943874 0.0022856 0.0145082 0.00925216 0.00185793 0.0139856 0.00720806 0.00179259 0.00373121 0.000942048 0.00358764 0.0043882 0.00196482 0.00179259 0.00373121 0.000942048 -0.00018173452048289942 0.00300748 0.00131104 0.0145569 0.01125 0.00958401 0.0143573 0.0127819 0.00851817 0.0145569 0.01125 0.00958401 0.0128927 0.0122358 0.00968693 0.0145569 0.01125 0.00958401 0.0147244 0.0118431 0.011367 0.0145569 0.01125 0.00958401 0.013759 0.0108389 0.00784852 0.0145569 0.01125 0.00958401 0.0137165 0.00929045 0.00956968 0.0104494 0.0041918 0.00970165 0.00872367 0.00391884 0.00886091 0.0104494 0.0041918 0.00970165 0.0097276 0.00238535 0.00987972 0.0104494 0.0041918 0.00970165 0.0106172 0.0061586 0.00884653 0.0104494 0.0041918 0.00970165 0.012392 0.0035215 0.0102817 0.0104494 0.0041918 0.00970165 0.00988032 0.00569896 0.0111818 0.0125467 0.000691416 0.0145152 0.0131829 0.00249219 0.0143918 0.0125467 0.000691416 0.0145152 0.0125126 -0.0013684345204829 0.0137814 0.0125467 0.000691416 0.0145152 0.0124797 0.00120012 0.0124975 0.00509822 0.0110078 0.00640293 0.00470948 0.0111967 0.008307 0.00509822 0.0110078 0.00640293 0.00501401 0.00925255 0.00568857 0.00509822 0.0110078 0.00640293 0.00641682 0.0122244 0.00702925 0.00509822 0.0110078 0.00640293 0.00552444 0.0108269 0.00453722 0.00509822 0.0110078 0.00640293 0.00358932 0.0124559 0.00693932 0.0109612 0.0108004 0.01098 0.00999621 0.0109642 0.0126444 0.0109612 0.0108004 0.01098 0.0129113 0.0106478 0.0110132 0.0109612 0.0108004 0.01098 0.0103888 0.0118671 0.00947094 0.0109612 0.0108004 0.01098 0.0120431 0.0125817 0.0117104 0.00688329 0.00340692 0.0143901 0.00581911 0.00172426 0.0144566 0.00688329 0.00340692 0.0143901 0.00729414 0.00333063 0.0124551 0.00688329 0.00340692 0.0143901 0.00863629 0.00430558 0.0144603 0.0120602 0.0118554 0.00443186 0.0123128 0.0136301 0.00500719 0.0120602 0.0118554 0.00443186 0.0105733 0.0125735 0.00526755 0.0120602 0.0118554 0.00443186 0.0128722 0.0100815 0.00515816 0.0120602 0.0118554 0.00443186 0.0118046 0.0110655 0.00245696 0.000538242 0.0152463 0.0143884 0.000977121 0.0145399 0.0126192 0.000538242 0.0152463 0.0143884 0.00140595 0.0170117345204829 0.0145374 1.52415e-05 0.00574302 0.00951558 0.000969465 0.00402503 0.00960789 1.52415e-05 0.00574302 0.00951558 -0.0017950345204828997 0.00512942 0.00967011 1.52415e-05 0.00574302 0.00951558 0.0018468 0.00559321 0.0090898 1.52415e-05 0.00574302 0.00951558 0.00098502 0.0053282 0.0111163 1.52415e-05 0.00574302 0.00951558 -0.0006241345204829006 0.00741987 0.00833856 0.00440958 0.0143626 0.0145282 0.00441845 0.0127797 0.0136226 0.00440958 0.0143626 0.0145282 0.00599052 0.0152894 0.0138492 0.00440958 0.0143626 0.0145282 0.003511 0.015171 0.0131598 0.0106653 0.000433149 0.0097738 0.010716 0.000232972 0.0115652 0.0106653 0.000433149 0.0097738 0.00888094 0.000740739 0.0093095 0.0106653 0.000433149 0.0097738 0.0111058 -0.00027263452048289957 0.00812776 0.0106653 0.000433149 0.0097738 0.0125201 0.000435398 0.0101814 0.0106653 0.000433149 0.0097738 0.0114087 -0.0015565345204829005 0.00980987 0.0106653 0.000433149 0.0097738 0.0114463 0.00207711 0.00861686 0.010716 0.000232972 0.0115652 0.0103426 0.00140231 0.0128859 0.010716 0.000232972 0.0115652 0.0124797 0.00120012 0.0124975 0.000257004 0.0148446 0.000978732 -0.0009015345204828987 0.0152824 0.00250948 0.000257004 0.0148446 0.000978732 0.000941687 0.0129901 0.00100755 0.000257004 0.0148446 0.000978732 0.00150798 0.0166718945204829 0.00109445 0.0106435 0.00802451 0.0145352 0.00924009 0.00904139 0.0140747 0.0106435 0.00802451 0.0145352 0.0119641 0.0066168 0.0141512 0.0106435 0.00802451 0.0145352 0.0110828 0.010023 0.0142771 0.00441845 0.0127797 0.0136226 0.00512241 0.0142025 0.0125249 0.00441845 0.0127797 0.0136226 0.00423907 0.0107346 0.0139761 0.00779511 0.0100188 0.0145682 0.00924009 0.00904139 0.0140747 0.00779511 0.0100188 0.0145682 0.00930259 0.0112453 0.0144407 0.00779511 0.0100188 0.0145682 0.00709482 0.0119501 0.0142682 0.00779511 0.0100188 0.0145682 0.00787271 0.0090787 0.0125727 0.00700269 0.00639403 0.00492724 0.00832408 0.00779038 0.00508726 0.00700269 0.00639403 0.00492724 0.0066216 0.0078737 0.00612172 0.00700269 0.00639403 0.00492724 0.00576113 0.00496984 0.00514114 0.00700269 0.00639403 0.00492724 0.00522698 0.0073251 0.0040587 0.00700269 0.00639403 0.00492724 0.00670747 0.00583542 0.00290594 0.00832408 0.00779038 0.00508726 0.00841092 0.00959626 0.0058444 0.00832408 0.00779038 0.00508726 0.00801103 0.00791742 0.00315793 0.00832408 0.00779038 0.00508726 0.0066216 0.0078737 0.00612172 0.00832408 0.00779038 0.00508726 0.010236 0.00840283 0.00599713 0.00832408 0.00779038 0.00508726 0.00676824 0.0091283 0.00445074 0.0113626 0.00895506 0.00296166 0.0132691 0.0093747 0.00311564 0.0113626 0.00895506 0.00296166 0.0124689 0.00812599 0.00436228 0.0113626 0.00895506 0.00296166 0.0106617 0.0102324 0.00420182 0.0113626 0.00895506 0.00296166 0.00940419 0.00919532 0.00201588 0.0113626 0.00895506 0.00296166 0.0118046 0.0110655 0.00245696 0.000595232 0.00442376 0.00558026 0.00143209 0.00602887 0.00484575 0.000595232 0.00442376 0.00558026 0.00232622 0.00341988 0.00624313 0.00577495 0.00516388 0.00766243 0.00651834 0.00687967 0.00795518 0.00577495 0.00516388 0.00766243 0.00695671 0.00474392 0.00905735 0.00577495 0.00516388 0.00766243 0.00488582 0.00666235 0.00631211 0.00577495 0.00516388 0.00766243 0.00541196 0.00333014 0.00665278 0.00199147 0.00806141 0.0063271 0.00194235 0.00933517 0.00774063 0.00199147 0.00806141 0.0063271 0.00140268 0.00676794 0.00759816 0.00199147 0.00806141 0.0063271 0.00206314 0.0089518 0.00458818 0.00199147 0.00806141 0.0063271 0.0008854359999999999 0.00966532 0.00602013 0.00199147 0.00806141 0.0063271 0.00025675700000000004 0.00786836 0.00497188 0.00211998 0.0109038 0.0130038 0.00184032 0.0120793 0.0144747 0.00211998 0.0109038 0.0130038 0.00349408 0.00984074 0.0121777 0.0141259 0.00608338 0.000968971 0.0140915 0.00668328 0.00283329 0.0141259 0.00608338 0.000968971 0.0126739 0.00729969 0.000948025 0.0141259 0.00608338 0.000968971 0.0123629 0.00535672 0.000884611 0.00250635 0.00565612 0.0063415 0.00106997 0.00493477 0.00746085 0.00250635 0.00565612 0.0063415 0.00383011 0.00460069 0.00716519 0.00250635 0.00565612 0.0063415 0.00143209 0.00602887 0.00484575 0.00250635 0.00565612 0.0063415 0.00352808 0.00641109 0.00817625 0.00250635 0.00565612 0.0063415 0.00232622 0.00341988 0.00624313 0.00888094 0.000740739 0.0093095 0.00785891 0.00232456 0.00962299 0.00888094 0.000740739 0.0093095 0.0097276 0.00238535 0.00987972 0.00999621 0.0109642 0.0126444 0.00864237 0.0106469 0.0113334 0.00999621 0.0109642 0.0126444 0.00930259 0.0112453 0.0144407 0.00999621 0.0109642 0.0126444 0.0102956 0.00903363 0.0124232 0.00999621 0.0109642 0.0126444 0.0103195 0.0129423 0.0135931 0.00999621 0.0109642 0.0126444 0.0110828 0.010023 0.0142771 0.00864237 0.0106469 0.0113334 0.00951329 0.0100961 0.00974049 0.00864237 0.0106469 0.0113334 0.0068171 0.0116391 0.0119993 0.00864237 0.0106469 0.0113334 0.00787271 0.0090787 0.0125727 0.00864237 0.0106469 0.0113334 0.00760919 0.0117553 0.00983223 0.000969465 0.00402503 0.00960789 -0.0005527345204828982 0.00401886 0.0106743 0.000969465 0.00402503 0.00960789 0.0018468 0.00559321 0.0090898 0.000969465 0.00402503 0.00960789 8.106849999999996e-05 0.00346276 0.00800281 0.000969465 0.00402503 0.00960789 0.00247022 0.003927 0.0083815 0.000969465 0.00402503 0.00960789 0.0026326 0.00369939 0.0105278 0.000969465 0.00402503 0.00960789 0.00098502 0.0053282 0.0111163 0.0127233 0.00079723 0.00738357 0.0145644 0.000729407 0.00675731 0.0127233 0.00079723 0.00738357 0.0121634 -0.001008034520482899 0.00679055 0.0127233 0.00079723 0.00738357 0.0114463 0.00207711 0.00861686 0.0127233 0.00079723 0.00738357 0.0108315 0.00063707 0.00626549 0.0146976 0.0107951 0.00618344 0.013759 0.0108389 0.00784852 0.0146976 0.0107951 0.00618344 0.0147426 0.012606 0.00667052 0.0146976 0.0107951 0.00618344 0.016256070520482897 0.00966532 0.00602013 0.0146976 0.0107951 0.00618344 0.0142043 0.00878106 0.00656703 0.0146976 0.0107951 0.00618344 0.0159670455204829 0.0117735 0.00480197 0.0146976 0.0107951 0.00618344 0.0128722 0.0100815 0.00515816 0.0138771 0.00294134 0.00892731 0.015451703020482899 0.00346276 0.00800281 0.0138771 0.00294134 0.00892731 0.012392 0.0035215 0.0102817 0.0138771 0.00294134 0.00892731 0.0137817 0.00307043 0.00676854 0.0138771 0.00294134 0.00892731 0.0145161 0.00101532 0.00961945 0.000773612 0.00264311 0.0131646 0.00140595 0.0016411 0.0145374 0.000773612 0.00264311 0.0131646 -0.0009421345204828987 0.00342394 0.0130015 0.000773612 0.00264311 0.0131646 0.00109812 0.00349856 0.0116007 0.000773612 0.00264311 0.0131646 0.000154844 0.00109198 0.0119181 0.000773612 0.00264311 0.0131646 0.000778643 0.0044607 0.0142257 0.00194235 0.00933517 0.00774063 0.00210729 0.00779943 0.00900949 0.00194235 0.00933517 0.00774063 0.00177003 0.0106641 0.00911158 0.00194235 0.00933517 0.00774063 8.435480000000008e-05 0.00995715 0.00799865 0.00194235 0.00933517 0.00774063 0.00404456 0.00864856 0.00752236 0.00194235 0.00933517 0.00774063 0.002976 0.010311 0.00605346 0.0028642 0.00860811 0.00289342 0.00206314 0.0089518 0.00458818 0.0028642 0.00860811 0.00289342 0.00240649 0.00685607 0.00344709 0.0028642 0.00860811 0.00289342 0.00286447 0.009734 0.0011025 0.0028642 0.00860811 0.00289342 0.00487931 0.00937461 0.00280342 0.0028642 0.00860811 0.00289342 0.0007270519999999997 0.00813109 0.00273617 0.0028642 0.00860811 0.00289342 0.0018216 0.0105733 0.00310661 0.0142049 0.0134024 0.000882122 0.0136468 0.0117768 0.00161815 0.0142049 0.0134024 0.000882122 0.0136293 0.0151931 0.000883264 0.0142049 0.0134024 0.000882122 0.0149669 0.0129066 0.00285924 0.00271385 0.0120951 0.000983228 0.00458878 0.0127323 0.000889927 0.00271385 0.0120951 0.000983228 0.0009416870000000001 0.0129901 0.00100755 0.000449221 0.0133317 0.0111781 -0.0006462345204828985 0.0118431 0.011367 0.000449221 0.0133317 0.0111781 0.000977121 0.0145399 0.0126192 0.00512241 0.0142025 0.0125249 0.00599052 0.0152894 0.0138492 0.00512241 0.0142025 0.0125249 0.00337851 0.0136074 0.012037 0.00512241 0.0142025 0.0125249 0.00695371 0.0147786 0.0122093 0.00512241 0.0142025 0.0125249 0.003511 0.015171 0.0131598 0.00512241 0.0142025 0.0125249 0.0041845 0.0156414225204829 0.0112352 0.0090967 0.0152193 0.0051464 0.00857401 0.0138082 0.00644255 0.0090967 0.0152193 0.0051464 0.00790977 0.0159251345204829 0.00657309 0.0090967 0.0152193 0.0051464 0.00794846 0.0153104 0.00326511 0.0090967 0.0152193 0.0051464 0.0108315 0.016007704520482897 0.00626549 0.0143573 0.0127819 0.00851817 0.0128927 0.0122358 0.00968693 0.0143573 0.0127819 0.00851817 0.0127241 0.0126985 0.00758516 0.0143573 0.0127819 0.00851817 0.014394 0.0147198 0.00818975 0.0143573 0.0127819 0.00851817 0.0147426 0.012606 0.00667052 0.0136468 0.0117768 0.00161815 0.0149669 0.0129066 0.00285924 0.0136468 0.0117768 0.00161815 0.0118046 0.0110655 0.00245696 0.0140915 0.00668328 0.00283329 0.0121463 0.00672581 0.0027741 0.0140915 0.00668328 0.00283329 0.0141363 0.00826352 0.00175616 0.0140915 0.00668328 0.00283329 0.0156364715204829 0.00514675 0.0032108 0.0140915 0.00668328 0.00283329 0.0132851 0.00466757 0.0026714 0.00140268 0.00676794 0.00759816 0.0018468 0.00559321 0.0090898 0.00140268 0.00676794 0.00759816 0.00106997 0.00493477 0.00746085 0.00140268 0.00676794 0.00759816 0.00210729 0.00779943 0.00900949 0.00140268 0.00676794 0.00759816 0.00015027599999999997 0.00624099 0.00629367 0.00140268 0.00676794 0.00759816 0.00352808 0.00641109 0.00817625 0.0148179 0.00401886 0.0106743 0.0135756 0.00512942 0.00967011 0.0148179 0.00401886 0.0106743 0.0138968 0.00243653 0.0114075 0.0148179 0.00401886 0.0106743 0.0164687545204829 0.00349856 0.0116007 0.0148179 0.00401886 0.0106743 0.0134051 0.00505072 0.0118767 0.0128927 0.0122358 0.00968693 0.0114087 0.0138141 0.00980987 0.0128927 0.0122358 0.00968693 0.0120431 0.0125817 0.0117104 0.0106344 0.00516889 0.00633136 0.00953084 0.00657841 0.0070626 0.0106344 0.00516889 0.00633136 0.0119203 0.00429212 0.00786969 0.0106344 0.00516889 0.00633136 0.012717 0.00497249 0.00564253 0.0132691 0.00322139 0.00440678 0.0127724 0.00169191 0.00554587 0.0132691 0.00322139 0.00440678 0.0118559 0.00265954 0.0028569 0.0132691 0.00322139 0.00440678 0.012717 0.00497249 0.00564253 0.0132691 0.00322139 0.00440678 0.0148598 0.00183155 0.00485025 0.0132691 0.00322139 0.00440678 0.0112204 0.00325932 0.00515858 0.00537116 0.00290926 0.0111914 0.00512251 0.00157736 0.0126485 0.00537116 0.00290926 0.0111914 0.00538342 0.0034238 0.0130372 0.00537116 0.00290926 0.0111914 0.00697578 0.00371731 0.0106163 0.00537116 0.00290926 0.0111914 0.00647566 0.00104766 0.0108102 0.0135756 0.00512942 0.00967011 0.0119348 0.00572724 0.0104921 0.0135756 0.00512942 0.00967011 0.012392 0.0035215 0.0102817 0.0135756 0.00512942 0.00967011 0.0140576 0.00533103 0.00758861 0.0135756 0.00512942 0.00967011 0.0137968 0.00708503 0.0105313 0.0135756 0.00512942 0.00967011 0.0134051 0.00505072 0.0118767 0.00886412 0.00308307 0.00375224 0.0102484 0.00405377 0.00280051 0.00886412 0.00308307 0.00375224 0.00714818 0.00220529 0.00322679 0.00886412 0.00308307 0.00375224 0.00859229 0.00485768 0.00319335 0.00886412 0.00308307 0.00375224 0.00966264 0.00154015 0.00253213 0.00886412 0.00308307 0.00375224 0.00899819 0.00313438 0.00595921 0.00952206 0.00691311 0.000898627 0.00892088 0.00514356 0.00129141 0.000394765 0.00965594 0.0100309 0.002086 0.00987322 0.0108939 0.000394765 0.00965594 0.0100309 0.00177003 0.0106641 0.00911158 0.000394765 0.00965594 0.0100309 -0.00020163452048289904 0.0101144 0.011814 0.000394765 0.00965594 0.0100309 0.000803853 0.00855083 0.0115832 0.000394765 0.00965594 0.0100309 -0.0016541345204828996 0.00929045 0.00956968 0.0007164 0.000291917 0.00791993 -0.0008062345204829 0.000729407 0.00675731 0.0007164 0.000291917 0.00791993 -0.0009766345204828995 -0.0006508345204828984 0.00818975 0.0007164 0.000291917 0.00791993 0.00255816 0.00114621 0.00710047 0.0007164 0.000291917 0.00791993 0.0018579299999999998 -0.0013850345204828975 0.00720806 0.00524774 0.0125483 0.00962598 0.00470948 0.0111967 0.008307 0.00524774 0.0125483 0.00962598 0.00357887 0.0134538 0.0101713 0.00524774 0.0125483 0.00962598 0.00462761 0.014216 0.00872348 0.00524774 0.0125483 0.00962598 0.00358582 0.0112819 0.0101736 0.0138968 0.00243653 0.0114075 0.0144285 0.00342394 0.0130015 0.0138968 0.00243653 0.0114075 0.015525478520482899 0.00109198 0.0119181 0.0138968 0.00243653 0.0114075 0.012392 0.0035215 0.0102817 0.0138968 0.00243653 0.0114075 0.0124797 0.00120012 0.0124975 0.0129113 0.0106478 0.0110132 0.0120467 0.0108003 0.0126983 0.0129113 0.0106478 0.0110132 0.0137165 0.00929045 0.00956968 0.0129113 0.0106478 0.0110132 0.0120431 0.0125817 0.0117104 0.0118976 0.0110956 0.00824709 0.0127241 0.0126985 0.00758516 0.0118976 0.0110956 0.00824709 0.0111879 0.00951807 0.00905958 0.0118976 0.0110956 0.00824709 0.013759 0.0108389 0.00784852 0.00982367 0.0150127 0.0133574 0.0103426 0.016772944520482898 0.0128859 0.00982367 0.0150127 0.0133574 0.0078991 0.0141693 0.0141394 0.00982367 0.0150127 0.0133574 0.0103195 0.0129423 0.0135931 0.00591345 0.0104097 0.000918365 0.00542242 0.0116958 0.00257056 0.00490533 0.00069221 0.00926079 0.00462761 -0.0011546345204829001 0.00872348 0.00490533 0.00069221 0.00926079 0.00647566 0.00104766 0.0108102 0.00490533 0.00069221 0.00926079 0.0041845 0.000270788 0.0112352 0.0123963 0.00678884 0.00680525 0.0112303 0.00798569 0.00783697 0.0123963 0.00678884 0.00680525 0.0126317 0.00700878 0.00871286 0.0123963 0.00678884 0.00680525 0.012717 0.00497249 0.00564253 0.00365581 0.0111931 0.00410831 0.00552444 0.0108269 0.00453722 0.00365581 0.0111931 0.00410831 0.002976 0.010311 0.00605346 0.00365581 0.0111931 0.00410831 0.0018216 0.0105733 0.00310661 0.0111058 0.015098 0.00812776 0.0121634 0.0143626 0.00679055 0.0111058 0.015098 0.00812776 0.0106021 0.0130877 0.00764289 0.0111058 0.015098 0.00812776 0.0114087 0.0138141 0.00980987 0.0111058 0.015098 0.00812776 0.0108315 0.016007704520482897 0.00626549 0.00737449 0.00408512 0.00181528 0.00719036 0.00578893 0.00085116 0.00737449 0.00408512 0.00181528 0.00562226 0.00477273 0.00132247 0.00737449 0.00408512 0.00181528 0.00892088 0.00514356 0.00129141 0.00737449 0.00408512 0.00181528 0.00859229 0.00485768 0.00319335 0.00737449 0.00408512 0.00181528 0.00670747 0.00583542 0.00290594 0.0018468 0.00559321 0.0090898 0.00106997 0.00493477 0.00746085 0.0018468 0.00559321 0.0090898 0.00247022 0.003927 0.0083815 0.0018468 0.00559321 0.0090898 0.00300831 0.00642562 0.010603 0.0018468 0.00559321 0.0090898 0.00352808 0.00641109 0.00817625 0.00106997 0.00493477 0.00746085 8.106850000000007e-05 0.00346276 0.00800281 0.00106997 0.00493477 0.00746085 0.00015027599999999997 0.00624099 0.00629367 0.00106997 0.00493477 0.00746085 0.00247022 0.003927 0.0083815 0.00702218 0.00933933 0.00230049 0.00801103 0.00791742 0.00315793 0.00702218 0.00933933 0.00230049 0.00616535 0.00772151 0.00208443 0.00702218 0.00933933 0.00230049 0.00723472 0.0109701 0.00343743 0.00702218 0.00933933 0.00230049 0.00487931 0.00937461 0.00280342 0.00702218 0.00933933 0.00230049 0.00676824 0.0091283 0.00445074 0.0142658 0.0148428 0.0112978 0.015525478520482899 0.0164626145204829 0.0119181 0.00841092 0.00959626 0.0058444 0.00873277 0.00988291 0.00393572 0.00841092 0.00959626 0.0058444 0.010236 0.00840283 0.00599713 0.00841092 0.00959626 0.0058444 0.00676824 0.0091283 0.00445074 0.00841092 0.00959626 0.0058444 0.00817881 0.00822097 0.00753351 0.0125201 0.000435398 0.0101814 0.0145161 0.00101532 0.00961945 0.00509977 0.0104938 0.0114683 0.00534896 0.0085551 0.0110848 0.00509977 0.0104938 0.0114683 0.0048199 0.0124239 0.0116554 0.00509977 0.0104938 0.0114683 0.00349408 0.00984074 0.0121777 0.00509977 0.0104938 0.0114683 0.0068171 0.0116391 0.0119993 0.00509977 0.0104938 0.0114683 0.00358582 0.0112819 0.0101736 0.0147244 0.0118431 0.011367 0.015169 0.0101144 0.011814 0.00512251 0.00157736 0.0126485 0.00538342 0.0034238 0.0130372 0.00512251 0.00157736 0.0126485 0.00581911 0.00172426 0.0144566 0.00512251 0.00157736 0.0126485 0.00703731 0.00147038 0.0130426 0.00512251 0.00157736 0.0126485 0.00332749 0.00282902 0.0123916 0.00512251 0.00157736 0.0126485 0.0041845 0.0002707879999999999 0.0112352 0.00251217 0.00823778 0.0121972 0.000803853 0.00855083 0.0115832 0.00251217 0.00823778 0.0121972 0.00349408 0.00984074 0.0121777 0.00251217 0.00823778 0.0121972 0.00151112 0.00661975 0.013202 0.000977121 0.0145399 0.0126192 0.00239349 0.0136902 0.0136603 0.000977121 0.0145399 0.0126192 0.000154844 0.0164626145204829 0.0119181 8.10685e-05 0.00346276 0.00800281 0.000518752 0.00218991 0.00672875 8.10685e-05 0.00346276 0.00800281 0.00139906 0.0022093 0.00850697 8.10685e-05 0.00346276 0.00800281 -0.0015889345204828998 0.00307043 0.00676854 0.0111815 0.00982975 0.000890611 0.00940419 0.00919532 0.00201588 0.0111815 0.00982975 0.000890611 0.0118046 0.0110655 0.00245696 0.01394 0.0142913 0.00637056 0.0145644 0.0161000415204829 0.00675731 0.01394 0.0142913 0.00637056 0.014394 0.0147198 0.00818975 0.01394 0.0142913 0.00637056 0.0147426 0.012606 0.00667052 0.01394 0.0142913 0.00637056 0.0121634 0.0143626 0.00679055 0.01394 0.0142913 0.00637056 0.0141476 0.0130014 0.00491582 0.01394 0.0142913 0.00637056 0.0138166 0.0150889 0.00444539 0.01394 0.0142913 0.00637056 0.0158488575204829 0.0143084 0.00535659 0.00707059 0.0141062 0.00170009 0.00794846 0.0153104 0.00326511 0.0126739 0.00729969 0.000948025 0.0123629 0.00535672 0.000884611 0.0126739 0.00729969 0.000948025 0.0121463 0.00672581 0.0027741 0.0126739 0.00729969 0.000948025 0.0141363 0.00826352 0.00175616 0.00599052 0.0152894 0.0138492 0.00581911 0.0170948945204829 0.0144566 0.00599052 0.0152894 0.0138492 0.00695371 0.0147786 0.0122093 0.00599052 0.0152894 0.0138492 0.0078991 0.0141693 0.0141394 0.00999666 0.00133732 0.0146069 0.0082099 0.000870013 0.0144201 0.00999666 0.00133732 0.0146069 0.0103426 0.00140231 0.0128859 0.00470948 0.0111967 0.008307 0.00358582 0.0112819 0.0101736 0.00470948 0.0111967 0.008307 0.00358932 0.0124559 0.00693932 0.00534896 0.0085551 0.0110848 0.00547909 0.00680481 0.011901 0.00534896 0.0085551 0.0110848 0.00453691 0.00942341 0.00954167 0.00534896 0.0085551 0.0110848 0.00527292 0.00713916 0.00961492 0.00892562 0.0125508 0.00432971 0.0105733 0.0125735 0.00526755 0.00892562 0.0125508 0.00432971 0.00756921 0.0122723 0.00560177 0.00356341 0.00181973 0.00533926 0.00492007 0.00044180100000000013 0.00580023 0.00356341 0.00181973 0.00533926 0.00161236 0.00169672 0.00526334 0.00356341 0.00181973 0.00533926 0.00255816 0.00114621 0.00710047 0.00356341 0.00181973 0.00533926 0.00232622 0.00341988 0.00624313 0.00356341 0.00181973 0.00533926 0.00547061 0.00220868 0.00452783 0.00651834 0.00687967 0.00795518 0.00527292 0.00713916 0.00961492 0.00651834 0.00687967 0.00795518 0.008276 0.00645263 0.00919447 0.00651834 0.00687967 0.00795518 0.00817881 0.00822097 0.00753351 0.00695671 0.00474392 0.00905735 0.00872367 0.00391884 0.00886091 0.00695671 0.00474392 0.00905735 0.00697578 0.00371731 0.0106163 0.00695671 0.00474392 0.00905735 0.00760515 0.0042274 0.00728987 0.00695671 0.00474392 0.00905735 0.008276 0.00645263 0.00919447 0.00801103 0.00791742 0.00315793 0.00676824 0.0091283 0.00445074 0.00801103 0.00791742 0.00315793 0.00940419 0.00919532 0.00201588 0.00538342 0.0034238 0.0130372 0.00521796 0.00515041 0.0138533 0.00538342 0.0034238 0.0130372 0.00729414 0.00333063 0.0124551 0.00538342 0.0034238 0.0130372 0.00332749 0.00282902 0.0123916 0.0048199 0.0124239 0.0116554 0.00337851 0.0136074 0.012037 0.0048199 0.0124239 0.0116554 0.0068171 0.0116391 0.0119993 0.0048199 0.0124239 0.0116554 0.00358582 0.0112819 0.0101736 0.0123629 0.00535672 0.000884611 0.0107403 0.0055451 0.00180551 0.0123629 0.00535672 0.000884611 0.0132851 0.00466757 0.0026714 0.0123128 0.0136301 0.00500719 0.0121634 0.0143626 0.00679055 0.0123128 0.0136301 0.00500719 0.0141476 0.0130014 0.00491582 0.0123128 0.0136301 0.00500719 0.0138166 0.0150889 0.00444539 0.0132691 0.0093747 0.00311564 0.0124689 0.00812599 0.00436228 0.0132691 0.0093747 0.00311564 0.0141363 0.00826352 0.00175616 0.0132691 0.0093747 0.00311564 0.0128722 0.0100815 0.00515816 0.00924009 0.00904139 0.0140747 0.0079913 0.00761103 0.0143987 0.00924009 0.00904139 0.0140747 0.0102956 0.00903363 0.0124232 0.00924009 0.00904139 0.0140747 0.00787271 0.0090787 0.0125727 0.00924009 0.00904139 0.0140747 0.0110828 0.010023 0.0142771 0.00240283 0.000843443 0.0102687 0.0041845 0.000270788 0.0112352 0.00719036 0.00578893 0.00085116 0.00562226 0.00477273 0.00132247 0.00719036 0.00578893 0.00085116 0.00892088 0.00514356 0.00129141 0.00719036 0.00578893 0.00085116 0.00670747 0.00583542 0.00290594 0.00873277 0.00988291 0.00393572 0.0106617 0.0102324 0.00420182 0.00873277 0.00988291 0.00393572 0.00962222 0.0113023 0.00289497 0.00873277 0.00988291 0.00393572 0.00723472 0.0109701 0.00343743 0.00873277 0.00988291 0.00393572 0.00676824 0.0091283 0.00445074 0.00873277 0.00988291 0.00393572 0.00940419 0.00919532 0.00201588 0.0105733 0.0125735 0.00526755 0.00921945 0.0119421 0.00641884 0.0105733 0.0125735 0.00526755 0.0106884 0.0107356 0.00604621 0.00210729 0.00779943 0.00900949 0.000519877 0.00761316 0.010058 0.00210729 0.00779943 0.00900949 0.00352808 0.00641109 0.00817625 0.010898 0.0143746 0.00316433 0.0108772 0.0129161 0.00181871 0.010898 0.0143746 0.00316433 0.011736 0.016035954520482898 0.00405254 0.010898 0.0143746 0.00316433 0.00959524 0.0147618 0.00155384 0.000150276 0.00624099 0.00629367 0.00143209 0.00602887 0.00484575 0.000150276 0.00624099 0.00629367 -0.0013130345204828988 0.00533103 0.00758861 0.000150276 0.00624099 0.00629367 0.000256757 0.00786836 0.00497188 0.0102484 0.00405377 0.00280051 0.0107403 0.0055451 0.00180551 0.0102484 0.00405377 0.00280051 0.00859229 0.00485768 0.00319335 0.0102484 0.00405377 0.00280051 0.0118559 0.00265954 0.0028569 0.0127241 0.0126985 0.00758516 0.0121634 0.0143626 0.00679055 0.0127241 0.0126985 0.00758516 0.0106021 0.0130877 0.00764289 0.0131443 0.012018 0.0144795 0.0125126 0.0140022 0.0137814 0.00921945 0.0119421 0.00641884 0.00857401 0.0138082 0.00644255 0.00921945 0.0119421 0.00641884 0.00756921 0.0122723 0.00560177 0.00921945 0.0119421 0.00641884 0.00874637 0.0122671 0.00818002 0.00921945 0.0119421 0.00641884 0.0106884 0.0107356 0.00604621 0.00921945 0.0119421 0.00641884 0.0106021 0.0130877 0.00764289 0.00857401 0.0138082 0.00644255 0.00687735 0.0143408 0.00513623 0.00581911 0.00172426 0.0144566 0.00703731 0.00147038 0.0130426 0.00878013 0.0126694 0.0120224 0.0068171 0.0116391 0.0119993 0.00878013 0.0126694 0.0120224 0.0103195 0.0129423 0.0135931 0.0151819 0.00983466 0.00397306 0.0159670455204829 0.0117735 0.00480197 0.0151819 0.00983466 0.00397306 0.015627391520482897 0.00786836 0.00497188 0.0121463 0.00672581 0.0027741 0.0103754 0.006324 0.00347663 0.00930259 0.0112453 0.0144407 0.0103195 0.0129423 0.0135931 0.00930259 0.0112453 0.0144407 0.0110828 0.010023 0.0142771 0.00785891 0.00232456 0.00962299 0.00872367 0.00391884 0.00886091 0.00785891 0.00232456 0.00962299 0.00697578 0.00371731 0.0106163 0.00785891 0.00232456 0.00962299 0.00625872 0.00230596 0.00867378 0.00785891 0.00232456 0.00962299 0.0097276 0.00238535 0.00987972 0.00785891 0.00232456 0.00962299 0.00864119 0.00172406 0.011622 0.00785891 0.00232456 0.00962299 0.00647566 0.00104766 0.0108102 0.0127724 0.00169191 0.00554587 0.011736 0.0006653200000000001 0.00405254 0.0127724 0.00169191 0.00554587 0.0148598 0.00183155 0.00485025 0.0127724 0.00169191 0.00554587 0.0137817 0.00307043 0.00676854 0.0127724 0.00169191 0.00554587 0.0112204 0.00325932 0.00515858 0.0144691 0.0152824 0.00250948 0.0136293 0.0151931 0.0008832639999999999 0.0144691 0.0152824 0.00250948 0.0138166 0.0150889 0.00444539 0.00458878 0.0127323 0.000889927 0.0034757 0.0142895 0.000851078 0.00458878 0.0127323 0.000889927 0.00389386 0.013466 0.00280387 0.00458878 0.0127323 0.000889927 0.00542242 0.0116958 0.00257056 0.00357887 0.0134538 0.0101713 0.00337851 0.0136074 0.012037 0.00357887 0.0134538 0.0101713 0.00462761 0.014216 0.00872348 0.00357887 0.0134538 0.0101713 0.00198955 0.0125949 0.00943874 0.00357887 0.0134538 0.0101713 0.00358582 0.0112819 0.0101736 0.0112303 0.00798569 0.00783697 0.0111879 0.00951807 0.00905958 0.0112303 0.00798569 0.00783697 0.00973482 0.00826854 0.00897179 0.0112303 0.00798569 0.00783697 0.0126317 0.00700878 0.00871286 0.0112303 0.00798569 0.00783697 0.0106172 0.0061586 0.00884653 0.0112303 0.00798569 0.00783697 0.010236 0.00840283 0.00599713 0.0082099 0.000870013 0.0144201 0.00703731 0.00147038 0.0130426 0.0082099 0.000870013 0.0144201 0.0078991 -0.0012013345204828993 0.0141394 0.0143522 0.0101641 0.0143856 0.0150834 0.00832007 0.0133538 0.00714818 0.00220529 0.00322679 0.00547061 0.00220868 0.00452783 0.00915807 0.00328766 0.000934924 0.00892088 0.00514356 0.00129141 0.00413295 0.0147811 0.00445143 0.00492007 0.0158124355204829 0.00580023 0.00413295 0.0147811 0.00445143 0.00248374 0.0151863 0.00540234 0.00413295 0.0147811 0.00445143 0.00389386 0.013466 0.00280387 0.00413295 0.0147811 0.00445143 0.0055355 0.015625665520482897 0.0029715 0.00521796 0.00515041 0.0138533 0.00308504 0.00529079 0.0142464 0.0145644 0.000729407 0.00675731 0.015889386520482898 0.00218991 0.00672875 0.0145644 0.000729407 0.00675731 0.014394 -0.000650834520482899 0.00818975 0.0145644 0.000729407 0.00675731 0.0148598 0.00183155 0.00485025 0.0149452 0.00631236 0.0144022 0.0136472 0.006821 0.0130219 0.0149452 0.00631236 0.0144022 0.0161492775204829 0.0044607 0.0142257 0.000518752 0.00218991 0.00672875 0.0016123599999999997 0.00169672 0.00526334 0.000518752 0.00218991 0.00672875 0.00139906 0.0022093 0.00850697 0.000518752 0.00218991 0.00672875 0.00232622 0.00341988 0.00624313 0.000518752 0.00218991 0.00672875 -0.0005108345204829005 0.00183155 0.00485025 0.00239349 0.0136902 0.0136603 0.00337851 0.0136074 0.012037 0.00239349 0.0136902 0.0136603 0.00184032 0.0120793 0.0144747 0.00239349 0.0136902 0.0136603 0.003511 0.015171 0.0131598 0.00258171 0.00802324 0.0144181 0.00452008 0.00844254 0.0144932 0.00258171 0.00802324 0.0144181 0.00151112 0.00661975 0.013202 0.0103888 0.0118671 0.00947094 0.00951329 0.0100961 0.00974049 0.0103888 0.0118671 0.00947094 0.0106021 0.0130877 0.00764289 0.0103888 0.0118671 0.00947094 0.0114087 0.0138141 0.00980987 0.00383011 0.00460069 0.00716519 0.00247022 0.003927 0.0083815 0.00383011 0.00460069 0.00716519 0.00352808 0.00641109 0.00817625 0.00383011 0.00460069 0.00716519 0.00541196 0.00333014 0.00665278 0.00383011 0.00460069 0.00716519 0.00232622 0.00341988 0.00624313 0.00337851 0.0136074 0.012037 0.003511 0.015171 0.0131598 0.0111879 0.00951807 0.00905958 0.00973482 0.00826854 0.00897179 0.0111879 0.00951807 0.00905958 0.00951329 0.0100961 0.00974049 0.0111879 0.00951807 0.00905958 0.0113986 0.00787863 0.0104791 0.00756921 0.0122723 0.00560177 0.0063218 0.0125101 0.00426012 0.00756921 0.0122723 0.00560177 0.00641682 0.0122244 0.00702925 0.00756921 0.0122723 0.00560177 0.00687735 0.0143408 0.00513623 0.00247022 0.003927 0.0083815 0.00386171 0.00270794 0.00802837 0.00247022 0.003927 0.0083815 0.00232622 0.00341988 0.00624313 0.00143209 0.00602887 0.00484575 0.00240649 0.00685607 0.00344709 0.00143209 0.00602887 0.00484575 0.0002658370000000001 0.00514675 0.0032108 0.00143209 0.00602887 0.00484575 0.00025675700000000004 0.00786836 0.00497188 0.00492007 0.000441801 0.00580023 0.00603778 0.00111112 0.00717034 0.00492007 0.000441801 0.00580023 0.00547061 0.00220868 0.00452783 0.00161236 0.00169672 0.00526334 0.00255816 0.00114621 0.00710047 0.00161236 0.00169672 0.00526334 0.00232622 0.00341988 0.00624313 0.00161236 0.00169672 0.00526334 0.00132069 0.000897655 0.00340791 0.00161236 0.00169672 0.00526334 -0.0005108345204829 0.00183155 0.00485025 0.00973482 0.00826854 0.00897179 0.00951329 0.0100961 0.00974049 0.00973482 0.00826854 0.00897179 0.009053 0.0079031 0.0109555 0.00973482 0.00826854 0.00897179 0.00817881 0.00822097 0.00753351 0.00547909 0.00680481 0.011901 0.00596783 0.00536559 0.010693 0.00547909 0.00680481 0.011901 0.00368541 0.00648051 0.0125803 0.0126317 0.00700878 0.00871286 0.0106172 0.0061586 0.00884653 0.0126317 0.00700878 0.00871286 0.0137968 0.00708503 0.0105313 0.0126317 0.00700878 0.00871286 0.0147465 0.00741987 0.00833856 0.00781705 0.00683899 0.0126454 0.0079913 0.00761103 0.0143987 0.00781705 0.00683899 0.0126454 0.00787271 0.0090787 0.0125727 0.00872367 0.00391884 0.00886091 0.00760515 0.0042274 0.00728987 0.00872367 0.00391884 0.00886091 0.00906508 0.00223346 0.00795407 0.00140595 0.0016411 0.0145374 0.00318155 0.0014035 0.0139873 0.00386171 0.00270794 0.00802837 0.00255816 0.00114621 0.00710047 0.00386171 0.00270794 0.00802837 0.00541196 0.00333014 0.00665278 0.00501401 0.00925255 0.00568857 0.00676824 0.0091283 0.00445074 0.00501401 0.00925255 0.00568857 0.00404456 0.00864856 0.00752236 0.0124689 0.00812599 0.00436228 0.0115477 0.00659241 0.00495397 0.0124689 0.00812599 0.00436228 0.0128722 0.0100815 0.00515816 0.0119348 0.00572724 0.0104921 0.0106172 0.0061586 0.00884653 0.0119348 0.00572724 0.0104921 0.0113986 0.00787863 0.0104791 0.0119348 0.00572724 0.0104921 0.0134051 0.00505072 0.0118767 0.0119348 0.00572724 0.0104921 0.00988032 0.00569896 0.0111818 0.00697578 0.00371731 0.0106163 0.00596783 0.00536559 0.010693 0.00697578 0.00371731 0.0106163 0.00729414 0.00333063 0.0124551 0.0066188 0.0145815 0.00723761 0.00603778 0.0164817545204829 0.00717034 0.0066188 0.0145815 0.00723761 0.00790977 0.0159251345204829 0.00657309 0.0066188 0.0145815 0.00723761 0.00687735 0.0143408 0.00513623 0.00562226 0.00477273 0.00132247 0.00572299 0.00380241 0.00301698 0.00562226 0.00477273 0.00132247 0.00358764 0.0043882 0.00196482 0.00562226 0.00477273 0.00132247 0.00670747 0.00583542 0.00290594 0.00596783 0.00536559 0.010693 0.00527292 0.00713916 0.00961492 0.00596783 0.00536559 0.010693 0.00429788 0.00460278 0.00953474 0.00729414 0.00333063 0.0124551 0.00703731 0.00147038 0.0130426 0.00236701 0.0149398 0.00212329 0.0034757 0.0142895 0.0008510779999999999 0.00236701 0.0149398 0.00212329 0.00125962 0.014085 0.00337117 0.00236701 0.0149398 0.00212329 0.00389386 0.013466 0.00280387 0.00236701 0.0149398 0.00212329 0.00150798 0.0166718945204829 0.00109445 0.00236701 0.0149398 0.00212329 0.00132069 0.016268289520482898 0.00340791 0.00269748 0.00373721 0.00383797 0.00358764 0.0043882 0.00196482 0.0144285 0.00342394 0.0130015 0.0134051 0.00505072 0.0118767 0.0144285 0.00342394 0.0130015 0.0132164 0.00464896 0.0142442 0.014394 0.0147198 0.00818975 0.0145161 0.0163859545204829 0.00961945 0.0136472 0.006821 0.0130219 0.0151635 0.00648948 0.0120217 0.0136472 0.006821 0.0130219 0.0150834 0.00832007 0.0133538 0.0136472 0.006821 0.0130219 0.0134051 0.00505072 0.0118767 0.0136472 0.006821 0.0130219 0.0119641 0.0066168 0.0141512 0.0108772 0.0129161 0.00181871 0.0118046 0.0110655 0.00245696 0.013759 0.0108389 0.00784852 0.0154549893204829 0.00995715 0.00799865 0.002086 0.00987322 0.0108939 0.00177003 0.0106641 0.00911158 0.002086 0.00987322 0.0108939 0.000803853 0.00855083 0.0115832 0.002086 0.00987322 0.0108939 0.00349408 0.00984074 0.0121777 0.002086 0.00987322 0.0108939 0.00358582 0.0112819 0.0101736 0.0106617 0.0102324 0.00420182 0.00962222 0.0113023 0.00289497 0.0106617 0.0102324 0.00420182 0.0106884 0.0107356 0.00604621 0.0106617 0.0102324 0.00420182 0.0118046 0.0110655 0.00245696 0.00760515 0.0042274 0.00728987 0.00899819 0.00313438 0.00595921 0.0147426 0.012606 0.00667052 0.0141476 0.0130014 0.00491582 0.0147426 0.012606 0.00667052 0.016632244520482897 0.0116434 0.00723613 0.000772106 0.00917672 0.000891831 0.00286447 0.009734 0.0011025 0.000772106 0.00917672 0.000891831 0.000727052 0.00813109 0.00273617 0.0128459 0.00868162 0.0144002 0.0110828 0.010023 0.0142771 0.0127752 0.0139847 0.00230137 0.0116912 0.0149773 0.00096492 0.00206314 0.0089518 0.00458818 0.0008854359999999999 0.00966532 0.00602013 0.00206314 0.0089518 0.00458818 0.002976 0.010311 0.00605346 0.00206314 0.0089518 0.00458818 0.0018216 0.0105733 0.00310661 0.00206314 0.0089518 0.00458818 0.00025675700000000004 0.00786836 0.00497188 0.00863629 0.00430558 0.0144603 0.0107363 0.00464063 0.0140857 0.00139906 0.0022093 0.00850697 0.00255816 0.00114621 0.00710047 0.000519877 0.00761316 0.010058 0.000803853 0.00855083 0.0115832 0.000519877 0.00761316 0.010058 -0.0015738345204828997 0.00708503 0.0105313 0.000519877 0.00761316 0.010058 -0.0006241345204829002 0.00741987 0.00833856 0.0066216 0.0078737 0.00612172 0.00488582 0.00666235 0.00631211 0.0066216 0.0078737 0.00612172 0.00676824 0.0091283 0.00445074 0.0066216 0.0078737 0.00612172 0.00817881 0.00822097 0.00753351 0.00177003 0.0106641 0.00911158 0.00198955 0.0125949 0.00943874 0.00177003 0.0106641 0.00911158 0.00358582 0.0112819 0.0101736 0.00177003 0.0106641 0.00911158 0.00126161 0.0116434 0.00723613 0.000885436 0.00966532 0.00602013 0.002976 0.010311 0.00605346 0.000885436 0.00966532 0.00602013 0.00025675699999999993 0.00786836 0.00497188 0.0063218 0.0125101 0.00426012 0.00552444 0.0108269 0.00453722 0.0063218 0.0125101 0.00426012 0.00723472 0.0109701 0.00343743 0.0063218 0.0125101 0.00426012 0.00542242 0.0116958 0.00257056 0.0063218 0.0125101 0.00426012 0.00687735 0.0143408 0.00513623 0.00892088 0.00514356 0.00129141 0.0107403 0.0055451 0.00180551 0.00892088 0.00514356 0.00129141 0.00859229 0.00485768 0.00319335 0.00625872 0.00230596 0.00867378 0.00603778 0.00111112 0.00717034 0.0121634 0.0143626 0.00679055 0.0106021 0.0130877 0.00764289 0.0121634 0.0143626 0.00679055 0.0108315 0.016007704520482897 0.00626549 0.00695371 0.0147786 0.0122093 0.00872676 0.0148175 0.0113207 0.00695371 0.0147786 0.0122093 0.00647566 0.0164182945204829 0.0108102 0.00695371 0.0147786 0.0122093 0.0078991 0.0141693 0.0141394 8.43548e-05 0.00995715 0.00799865 -0.0011663345204828998 0.00878106 0.00656703 8.43548e-05 0.00995715 0.00799865 0.00126161 0.0116434 0.00723613 0.015169 0.0101144 0.011814 0.0161744875204829 0.00855083 0.0115832 0.00603778 0.00111112 0.00717034 0.00708603 0.00226918 0.00604545 0.0141363 0.00826352 0.00175616 0.0160976865204829 0.00813109 0.00273617 0.0131778 0.00166347 0.000956286 0.0136293 -0.00017753452048290008 0.000883264 0.0107403 0.0055451 0.00180551 0.0103754 0.006324 0.00347663 0.00453691 0.00942341 0.00954167 0.00404456 0.00864856 0.00752236 0.00453691 0.00942341 0.00954167 0.00358582 0.0112819 0.0101736 0.00962222 0.0113023 0.00289497 0.0118046 0.0110655 0.00245696 0.0026326 0.00369939 0.0105278 0.00253931 0.00484977 0.0121283 0.0026326 0.00369939 0.0105278 0.00109812 0.00349856 0.0116007 0.0026326 0.00369939 0.0105278 0.00332749 0.00282902 0.0123916 0.0026326 0.00369939 0.0105278 0.00429788 0.00460278 0.00953474 0.0120467 0.0108003 0.0126983 0.0120431 0.0125817 0.0117104 0.0120467 0.0108003 0.0126983 0.0110828 0.010023 0.0142771 0.00874637 0.0122671 0.00818002 0.0106021 0.0130877 0.00764289 0.00874637 0.0122671 0.00818002 0.00760919 0.0117553 0.00983223 0.00874637 0.0122671 0.00818002 0.00757262 0.0105256 0.00773959 0.00641682 0.0122244 0.00702925 0.00757262 0.0105256 0.00773959 0.00552444 0.0108269 0.00453722 0.00676824 0.0091283 0.00445074 0.00552444 0.0108269 0.00453722 0.00542242 0.0116958 0.00257056 0.0103754 0.006324 0.00347663 0.0115477 0.00659241 0.00495397 0.00576113 0.00496984 0.00514114 0.00488582 0.00666235 0.00631211 0.00996983 0.00162457 0.00463433 0.011736 0.00066532 0.00405254 0.00996983 0.00162457 0.00463433 0.00966264 0.00154015 0.00253213 0.00996983 0.00162457 0.00463433 0.0108315 0.00063707 0.00626549 0.00996983 0.00162457 0.00463433 0.00899819 0.00313438 0.00595921 0.00996983 0.00162457 0.00463433 0.0112204 0.00325932 0.00515858 0.0116912 0.0149773 0.00096492 0.0136293 0.0151931 0.000883264 0.0116912 0.0149773 0.00096492 0.00959524 0.0147618 0.00155384 0.00953084 0.00657841 0.0070626 0.0106172 0.0061586 0.00884653 0.00953084 0.00657841 0.0070626 0.010236 0.00840283 0.00599713 0.00953084 0.00657841 0.0070626 0.00817881 0.00822097 0.00753351 0.00291999 0.00322739 0.0144818 0.00318155 0.0014035 0.0139873 0.00291999 0.00322739 0.0144818 0.00332749 0.00282902 0.0123916 0.00291999 0.00322739 0.0144818 0.00308504 0.00529079 0.0142464 0.00616535 0.00772151 0.00208443 0.00487931 0.00937461 0.00280342 0.00616535 0.00772151 0.00208443 0.00522698 0.0073251 0.0040587 0.00616535 0.00772151 0.00208443 0.00417548 0.00707696 0.00185079 0.00616535 0.00772151 0.00208443 0.00670747 0.00583542 0.00290594 0.00790977 0.0005545 0.00657309 0.00708603 0.00226918 0.00604545 0.00253931 0.00484977 0.0121283 0.00098502 0.0053282 0.0111163 0.00253931 0.00484977 0.0121283 0.00332749 0.00282902 0.0123916 0.00253931 0.00484977 0.0121283 0.00300831 0.00642562 0.010603 0.00253931 0.00484977 0.0121283 0.00308504 0.00529079 0.0142464 0.00708603 0.00226918 0.00604545 0.00541196 0.00333014 0.00665278 0.00708603 0.00226918 0.00604545 0.00547061 0.00220868 0.00452783 0.00708603 0.00226918 0.00604545 0.00899819 0.00313438 0.00595921 0.00723472 0.0109701 0.00343743 0.00676824 0.0091283 0.00445074 0.00723472 0.0109701 0.00343743 0.00542242 0.0116958 0.00257056 0.00859229 0.00485768 0.00319335 0.00670747 0.00583542 0.00290594 0.00109812 0.00349856 0.0116007 0.00098502 0.0053282 0.0111163 0.00572299 0.00380241 0.00301698 0.00547061 0.00220868 0.00452783 0.0151635 0.00648948 0.0120217 0.016355654520482897 0.0053282 0.0111163 0.0151635 0.00648948 0.0120217 0.0137968 0.00708503 0.0105313 0.0151635 0.00648948 0.0120217 0.0168817545204829 0.00661975 0.013202 0.00368541 0.00648051 0.0125803 0.00300831 0.00642562 0.010603 0.00368541 0.00648051 0.0125803 0.00308504 0.00529079 0.0142464 0.0034757 0.0142895 0.000851078 0.00389386 0.013466 0.00280387 0.0131829 0.00249219 0.0143918 0.0132164 0.00464896 0.0142442 0.00318155 0.0014035 0.0139873 0.003511 -0.00019963452048289893 0.0131598 0.00318155 0.0014035 0.0139873 0.00332749 0.00282902 0.0123916 0.00906508 0.00223346 0.00795407 0.00899819 0.00313438 0.00595921 0.000803853 0.00855083 0.0115832 -0.0002872345204828991 0.00832007 0.0133538 0.00248374 0.0151863 0.00540234 0.00255816 0.0165168445204829 0.00710047 0.00248374 0.0151863 0.00540234 0.00047822299999999984 0.0143084 0.00535659 0.00248374 0.0151863 0.00540234 0.00259572 0.0131113 0.00478786 0.0097276 0.00238535 0.00987972 0.00864119 0.00172406 0.011622 0.0097276 0.00238535 0.00987972 0.0114463 0.00207711 0.00861686 0.0115477 0.00659241 0.00495397 0.012717 0.00497249 0.00564253 0.00703731 0.00147038 0.0130426 0.00864119 0.00172406 0.011622 0.003511 0.015171 0.0131598 0.0041845 0.0156414225204829 0.0112352 0.00240649 0.00685607 0.00344709 0.000727052 0.00813109 0.00273617 0.0141476 0.0130014 0.00491582 0.0138166 0.0150889 0.00444539 0.0141476 0.0130014 0.00491582 0.0159670455204829 0.0117735 0.00480197 0.0141476 0.0130014 0.00491582 0.0149669 0.0129066 0.00285924 0.0141476 0.0130014 0.00491582 0.0158488575204829 0.0143084 0.00535659 0.0103426 0.00140231 0.0128859 0.00864119 0.00172406 0.011622 0.0103426 0.00140231 0.0128859 0.0124797 0.00120012 0.0124975 0.00198955 0.0125949 0.00943874 0.00358582 0.0112819 0.0101736 0.0102956 0.00903363 0.0124232 0.009053 0.0079031 0.0109555 0.0102956 0.00903363 0.0124232 0.0110828 0.010023 0.0142771 0.00125962 0.014085 0.00337117 -0.00040373452048289874 0.0129066 0.00285924 0.00125962 0.014085 0.00337117 0.00047822300000000006 0.0143084 0.00535659 0.00125962 0.014085 0.00337117 0.00259572 0.0131113 0.00478786 0.00125962 0.014085 0.00337117 0.00132069 0.016268289520482898 0.00340791 0.00349408 0.00984074 0.0121777 0.00423907 0.0107346 0.0139761 0.00286447 0.009734 0.0011025 0.0018216 0.0105733 0.00310661 0.00864119 0.00172406 0.011622 0.00647566 0.00104766 0.0108102 0.0142043 0.00878106 0.00656703 0.0128722 0.0100815 0.00515816 0.0142043 0.00878106 0.00656703 0.0147465 0.00741987 0.00833856 0.0142043 0.00878106 0.00656703 0.015627391520482897 0.00786836 0.00497188 0.0106021 0.0130877 0.00764289 0.0114087 0.0138141 0.00980987 0.00255816 0.00114621 0.00710047 0.00232622 0.00341988 0.00624313 0.0138166 0.0150889 0.00444539 0.011736 0.016035954520482898 0.00405254 0.0138166 0.0150889 0.00444539 0.0158488575204829 0.0143084 0.00535659 0.0138166 0.0150889 0.00444539 0.0148598 0.0172021845204829 0.00485025 0.000265837 0.00514675 0.0032108 -0.0020855345204828994 0.00466757 0.0026714 0.000596411 0.0117735 0.00480197 -0.00040373452048289896 0.0129066 0.00285924 0.000596411 0.0117735 0.00480197 0.00259572 0.0131113 0.00478786 0.000596411 0.0117735 0.00480197 0.0018216 0.0105733 0.00310661 0.00487931 0.00937461 0.00280342 0.00522698 0.0073251 0.0040587 0.00487931 0.00937461 0.00280342 0.00542242 0.0116958 0.00257056 0.011736 0.00066532 0.00405254 0.0118559 0.00265954 0.0028569 0.011736 0.00066532 0.00405254 0.0108315 0.00063707 0.00626549 0.00389386 0.013466 0.00280387 0.00259572 0.0131113 0.00478786 0.00389386 0.013466 0.00280387 0.00542242 0.0116958 0.00257056 0.0125126 0.0140022 0.0137814 0.0103195 0.0129423 0.0135931 0.00959524 0.0147618 0.00155384 0.00794846 0.0153104 0.00326511 0.00959524 0.0147618 0.00155384 0.00966264 0.016910784520482898 0.00253213 0.00959524 0.0147618 0.00155384 0.00776734 0.0163150735204829 0.00111534 0.0114087 0.0138141 0.00980987 0.0120431 0.0125817 0.0117104 0.0107363 0.00464063 0.0140857 0.0132164 0.00464896 0.0142442 0.0107363 0.00464063 0.0140857 0.0119641 0.0066168 0.0141512 0.00204686 0.00637336 0.00117652 0.00417548 0.00707696 0.00185079 0.0137165 0.00929045 0.00956968 0.0137968 0.00708503 0.0105313 0.0137165 0.00929045 0.00956968 0.0147465 0.00741987 0.00833856 0.00709482 0.0119501 0.0142682 0.0068171 0.0116391 0.0119993 0.00709482 0.0119501 0.0142682 0.0078991 0.0141693 0.0141394 0.00522698 0.0073251 0.0040587 0.00488582 0.00666235 0.00631211 0.00522698 0.0073251 0.0040587 0.00676824 0.0091283 0.00445074 0.00522698 0.0073251 0.0040587 0.00417548 0.00707696 0.0018507899999999997 0.00522698 0.0073251 0.0040587 0.00670747 0.00583542 0.00290594 0.0068171 0.0116391 0.0119993 0.00760919 0.0117553 0.00983223 0.0119203 0.00429212 0.00786969 0.0106172 0.0061586 0.00884653 0.0119203 0.00429212 0.00786969 0.0140576 0.00533103 0.00758861 0.0119203 0.00429212 0.00786969 0.0114463 0.00207711 0.00861686 0.0119203 0.00429212 0.00786969 0.012717 0.00497249 0.00564253 0.0119203 0.00429212 0.00786969 0.0137817 0.00307043 0.00676854 0.00527292 0.00713916 0.00961492 0.00352808 0.00641109 0.00817625 0.0106172 0.0061586 0.00884653 0.0113986 0.00787863 0.0104791 0.0106172 0.0061586 0.00884653 0.008276 0.00645263 0.00919447 0.0106172 0.0061586 0.00884653 0.00988032 0.00569896 0.0111818 0.00787271 0.0090787 0.0125727 0.009053 0.0079031 0.0109555 0.012392 0.0035215 0.0102817 0.0114463 0.00207711 0.00861686 0.012392 0.0035215 0.0102817 0.0134051 0.00505072 0.0118767 0.000478223 0.0143084 0.00535659 0.00185793 0.0139856 0.00720806 0.000478223 0.0143084 0.00535659 0.00259572 0.0131113 0.00478786 0.00300831 0.00642562 0.010603 0.00352808 0.00641109 0.00817625 0.00300831 0.00642562 0.010603 0.00429788 0.00460278 0.00953474 0.00488582 0.00666235 0.00631211 0.00352808 0.00641109 0.00817625 0.00488582 0.00666235 0.00631211 0.00404456 0.00864856 0.00752236 0.0140576 0.00533103 0.00758861 0.012717 0.00497249 0.00564253 0.0140576 0.00533103 0.00758861 0.0147465 0.00741987 0.00833856 0.0140576 0.00533103 0.00758861 0.0137817 0.00307043 0.00676854 0.00352808 0.00641109 0.00817625 0.00404456 0.00864856 0.00752236 0.00352808 0.00641109 0.00817625 0.00429788 0.00460278 0.00953474 0.00541196 0.00333014 0.00665278 0.00547061 0.00220868 0.00452783 0.00150798 0.00130126 0.00109445 0.00132069 0.000897655 0.00340791 0.00150798 0.00130126 0.00109445 -0.00018173452048290007 0.00300748 0.00131104 0.00404456 0.00864856 0.00752236 0.002976 0.010311 0.00605346 0.00647566 0.00104766 0.0108102 0.0041845 0.000270788 0.0112352 0.0137968 0.00708503 0.0105313 0.0134051 0.00505072 0.0118767 0.0137968 0.00708503 0.0105313 0.0147465 0.00741987 0.00833856 0.00730094 0.00931706 0.010022 0.009053 0.0079031 0.0109555 0.00730094 0.00931706 0.010022 0.00760919 0.0117553 0.00983223 0.009053 0.0079031 0.0109555 0.0113986 0.00787863 0.0104791 0.009053 0.0079031 0.0109555 0.008276 0.00645263 0.00919447 0.009053 0.0079031 0.0109555 0.00988032 0.00569896 0.0111818 0.00308504 0.00529079 0.0142464 0.00151112 0.00661975 0.013202 0.00308504 0.00529079 0.0142464 0.0007786429999999999 0.0044607 0.0142257 0.00358764 0.0043882 0.00196482 0.00390924 0.00208158 0.00278571 0.00151112 0.00661975 0.013202 0.000778643 0.0044607 0.0142257 0.00151112 0.00661975 0.013202 -0.00028723452048289846 0.00832007 0.0133538 0.00185793 0.0139856 0.00720806 0.00358932 0.0124559 0.00693932 0.00185793 0.0139856 0.00720806 0.00126161 0.0116434 0.00723613 0.00358932 0.0124559 0.00693932 0.002976 0.010311 0.00605346 0.00358932 0.0124559 0.00693932 0.00259572 0.0131113 0.00478786 0.00358932 0.0124559 0.00693932 0.0012616099999999998 0.0116434 0.00723613 0.0055355 0.000255031 0.0029715 0.00794846 -6.023452048289842e-05 0.00326511 0.0055355 0.000255031 0.0029715 0.00547061 0.00220868 0.00452783 0.0055355 0.000255031 0.0029715 0.00390924 0.00208158 0.00278571 0.0118559 0.00265954 0.0028569 0.00966264 0.00154015 0.00253213 0.0118559 0.00265954 0.0028569 0.0132851 0.00466757 0.0026714 0.0118559 0.00265954 0.0028569 0.0112204 0.00325932 0.00515858 0.002976 0.010311 0.00605346 0.00126161 0.0116434 0.00723613 0.00794846 0.0153104 0.00326511 0.00966264 0.016910784520482898 0.00253213 0.00794846 0.0153104 0.00326511 0.00776734 0.0163150735204829 0.0011153400000000003 0.00794846 0.0153104 0.00326511 0.00687735 0.0143408 0.00513623 0.00966264 0.00154015 0.00253213 0.00776734 0.000944439 0.00111534 0.008276 0.00645263 0.00919447 0.00817881 0.00822097 0.00753351 0.0134051 0.00505072 0.0118767 0.0132164 0.00464896 0.0142442 0.000727052 0.00813109 0.00273617 0.000256757 0.00786836 0.00497188 0.0132164 0.00464896 0.0142442 0.0119641 0.0066168 0.0141512 0.00547061 0.00220868 0.00452783 0.00390924 0.00208158 0.00278571 0.012717 0.00497249 0.00564253 0.0137817 0.00307043 0.00676854 0.012717 0.00497249 0.00564253 0.0112204 0.00325932 0.00515858 0.00760919 0.0117553 0.00983223 0.00757262 0.0105256 0.00773959 0.00757262 0.0105256 0.00773959 0.00817881 0.00822097 0.00753351 0.00899819 0.00313438 0.00595921 0.0112204 0.00325932 0.00515858</DataArray>
</Points><Lines>
<DataArray type="Int64" Name="connectivity" format="ascii">0 1 2 3 4 5 6 7 8 9 10 11 12 13 14 15 16 17 18 19 20 21 22 23 24 25 26 27 28 29 30 31 32 33 34 35 36 37 38 39 40 41 42 43 44 45 46 47 48 49 50 51 52 53 54 55 56 57 58 59 60 61 62 63 64 65 66 67 68 69 70 71 72 73 74 75 76 77 78 79 80 81 82 83 84 85 86 87 88 89 90 91 92 93 94 95 96 97 98 99 100 101 102 103 104 105 106 107 108 109 110 111 112 113 114 115 116 117 118 119 120 121 122 123 124 125 126 127 128 129 130 131 132 133 134 135 136 137 138 139 140 141 142 143 144 145 146 147 148 149 150 151 152 153 154 155 156 157 158 159 160 161 162 163 164 165 166 167 168 169 170 171 172 173 174 175 176 177 178 179 180 181 182 183 184 185 186 187 188 189 190 191 192 193 194 195 196 197 198 199 200 201 202 203 204 205 206 207 208 209 210 211 212 213 214 215 216 217 218 219 220 221 222 223 224 225 226 227 228 229 230 231 232 233 234 235 236 237 238 239 240 241 242 243 244 245 246 247 248 249 250 251 252 253 254 255 256 257 258 259 260 261 262 263 264 265 266 267 268 269 270 271 272 273 274 275 276 277 278 279 280 281 282 283 284 285 286 287 288 289 290 291 292 293 294 295 296 297 298 299 300 301 302 303 304 305 306 307 308 309 310 311 312 313 314 315 316 317 318 319 320 321 322 323 324 325 326 327 328 329 330 331 332 333 334 335 336 337 338 339 340 341 342 343 344 345 346 347 348 349 350 351 352 353 354 355 356 357 358 359 360 361 362 363 364 365 366 367 368 369 370 371 372 373 374 375 376 377 378 379 380 381 382 383 384 385 386 387 388 389 390 391 392 393 394 395 396 397 398 399 400 401 402 403 404 405 406 407 408 409 410 411 412 413 414 415 416 417 418 419 420 421 422 423 424 425 426 427 428 429 430 431 432 433 434 435 436 437 438 439 440 441 442 443 444 445 446 447 448 449 450 451 452 453 454 455 456 457 458 459 460 461 462 463 464 465 466 467 468 469 470 471 472 473 474 475 476 477 478 479 480 481 482 483 484 485 486 487 488 489 490 491 492 493 494 495 496 497 498 499 500 501 502 503 504 505 506 507 508 509 510 511 512 513 514 515 516 517 518 519 520 521 522 523 524 525 526 527 528 529 530 531 532 533 534 535 536 537 538 539 540 541 542 543 544 545 546 547 548 549 550 551 552 553 554 555 556 557 558 559 560 561 562 563 564 565 566 567 568 569 570 571 572 573 574 575 576 577 578 579 580 581 582 583 584 585 586 587 588 589 590 591 592 593 594 595 596 597 598 599 600 601 602 603 604 605 606 607 608 609 610 611 612 613 614 615 616 617 618 619 620 621 622 623 624 625 626 627 628 629 630 631 632 633 634 635 636 637 638 639 640 641 642 643 644 645 646 647 648 649 650 651 652 653 654 655 656 657 658 659 660 661 662 663 664 665 666 667 668 669 670 671 672 673 674 675 676 677 678 679 680 681 682 683 684 685 686 687 688 689 690 691 692 693 694 695 696 697 698 699 700 701 702 703 704 705 706 707 708 709 710 711 712 713 714 715 716 717 718 719 720 721 722 723 724 725 726 727 728 729 730 731 732 733 734 735 736 737 738 739 740 741 742 743 744 745 746 747 748 749 750 751 752 753 754 755 756 757 758 759 760 761 762 763 764 765 766 767 768 769 770 771 772 773 774 775 776 777 778 779 780 781 782 783 784 785 786 787 788 789 790 791 792 793 794 795 796 797 798 799 800 801 802 803 804 805 806 807 808 809 810 811 812 813 814 815 816 817 818 819 820 821 822 823 824 825 826 827 828 829 830 831 832 833 834 835 836 837 838 839 840 841 842 843 844 845 846 847 848 849 850 851 852 853 854 855 856 857 858 859 860 861 862 863 864 865 866 867 868 869 870 871 872 873 874 875 876 877 878 879 880 881 882 883 884 885 886 887 888 889 890 891 892 893 894 895 896 897 898 899 900 901 902 903 904 905 906 907 908 909 910 911 912 913 914 915 916 917 918 919 920 921 922 923 924 925 926 927 928 929 930 931 932 933 934 935 936 937 938 939 940 941 942 943 944 945 946 947 948 949 950 951 952 953 954 955 956 957 958 959 960 961 962 963 964 965 966 967 968 969 970 971 972 973 974 975 976 977 978 979 980 981 982 983 984 985 986 987 988 989 990 991 992 993 994 995 996 997 998 999 1000 1001 1002 1003 1004 1005 1006 1007 1008 1009 1010 1011 1012 1013 1014 1015 1016 1017 1018 1019 1020 1021 1022 1023 1024 1025 1026 1027 1028 1029 1030 1031 1032 1033 1034 1035 1036 1037 1038 1039 1040 1041 1042 1043 1044 1045 1046 1047 1048 1049 1050 1051 1052 1053 1054 1055 1056 1057 1058 1059 1060 1061 1062 1063 1064 1065 1066 1067 1068 1069 1070 1071 1072 1073 1074 1075 1076 1077 1078 1079 1080 1081 1082 1083 1084 1085 1086 1087 1088 1089 1090 1091 1092 1093 1094 1095 1096 1097 1098 1099 1100 1101 1102 1103 1104 1105 1106 1107 1108 1109 1110 1111 1112 1113 1114 1115 1116 1117 1118 1119 1120 1121 1122 1123 1124 1125 1126 1127 1128 1129 1130 1131 1132 1133 1134 1135 1136 1137 1138 1139 1140 1141 1142 1143 1144 1145 1146 1147 1148 1149 1150 1151 1152 1153 1154 1155 1156 1157 1158 1159 1160 1161 1162 1163 1164 1165 1166 1167 1168 1169 1170 1171 1172 1173 1174 1175 1176 1177 1178 1179 1180 1181 1182 1183 1184 1185 1186 1187 1188 1189 1190 1191 1192 1193 1194 1195 1196 1197 1198 1199 1200 1201 1202 1203 1204 1205 1206 1207 1208 1209 1210 1211 1212 1213 1214 1215 1216 1217 1218 1219 1220 1221 1222 1223 1224 1225 1226 1227 1228 1229 1230 1231 1232 1233 1234 1235 1236 1237 1238 1239 1240 1241 1242 1243 1244 1245 1246 1247 1248 1249 1250 1251 1252 1253 1254 1255 1256 1257 1258 1259 1260 1261 1262 1263 1264 1265 1266 1267 1268 1269 1270 1271 1272 1273 1274 1275 1276 1277 1278 1279 1280 1281 1282 1283 1284 1285 1286 1287 1288 1289 1290 1291 1292 1293 1294 1295 1296 1297 1298 1299 1300 1301 1302 1303 1304 1305 1306 1307 1308 1309 1310 1311 1312 1313 1314 1315 1316 1317 1318 1319 1320 1321 1322 1323 1324 1325 1326 1327 1328 1329 1330 1331 1332 1333 1334 1335 1336 1337 1338 1339 1340 1341 1342 1343 1344 1345 1346 1347 1348 1349 1350 1351 1352 1353 1354 1355 1356 1357 1358 1359 1360 1361 1362 1363 1364 1365 1366 1367 1368 1369 1370 1371 1372 1373 1374 1375 1376 1377 1378 1379 1380 1381 1382 1383 1384 1385 1386 1387 1388 1389 1390 1391 1392 1393 1394 1395 1396 1397 1398 1399 1400 1401 1402 1403 1404 1405 1406 1407 1408 1409 1410 1411 1412 1413 1414 1415 1416 1417 1418 1419 1420 1421 1422 1423 1424 1425 1426 1427 1428 1429 1430 1431 1432 1433 1434 1435 1436 1437 1438 1439 1440 1441 1442 1443 1444 1445 1446 1447 1448 1449 1450 1451 1452 1453 1454 1455 1456 1457 1458 1459 1460 1461 1462 1463 1464 1465 1466 1467 1468 1469 1470 1471 1472 1473 1474 1475 1476 1477 1478 1479 1480 1481 1482 1483 1484 1485 1486 1487 1488 1489 1490 1491 1492 1493 1494 1495 1496 1497 1498 1499 1500 1501 1502 1503 1504 1505 1506 1507 1508 1509 1510 1511 1512 1513 1514 1515 1516 1517 1518 1519 1520 1521 1522 1523 1524 1525 1526 1527 1528 1529 1530 1531 1532 1533 1534 1535 1536 1537 1538 1539 1540 1541 1542 1543 1544 1545 1546 1547 1548 1549 1550 1551 1552 1553 1554 1555 1556 1557 1558 1559 1560 1561 1562 1563 1564 1565 1566 1567 1568 1569 1570 1571 1572 1573 1574 1575 1576 1577 1578 1579 1580 1581 1582 1583 1584 1585 1586 1587 1588 1589 1590 1591 1592 1593 1594 1595 1596 1597 1598 1599 1600 1601 1602 1603 1604 1605 1606 1607 1608 1609 1610 1611 1612 1613 1614 1615 1616 1617 1618 1619 1620 1621 1622 1623 1624 1625 1626 1627 1628 1629 1630 1631 1632 1633 1634 1635 1636 1637 1638 1639 1640 1641 1642 1643 1644 1645 1646 1647 1648 1649 1650 1651 1652 1653 1654 1655 1656 1657 1658 1659 1660 1661 1662 1663 1664 1665 1666 1667 1668 1669 1670 1671 1672 1673 1674 1675 1676 1677 1678 1679 1680 1681 1682 1683 1684 1685 1686 1687 1688 1689 1690 1691 1692 1693 1694 1695 1696 1697 1698 1699 1700 1701 1702 1703 1704 1705 1706 1707 1708 1709 1710 1711 1712 1713 1714 1715 1716 1717 1718 1719 1720 1721 1722 1723 1724 1725 1726 1727 1728 1729 1730 1731 1732 1733 1734 1735 1736 1737 1738 1739 1740 1741 1742 1743 1744 1745 1746 1747 1748 1749 1750 1751 1752 1753 1754 1755 1756 1757 1758 1759 1760 1761 1762 1763 1764 1765 1766 1767 1768 1769 1770 1771 1772 1773 1774 1775 1776 1777 1778 1779 1780 1781 1782 1783 1784 1785 1786 1787 1788 1789 1790 1791 1792 1793 1794 1795 1796 1797 1798 1799 1800 1801 1802 1803 1804 1805 1806 1807 1808 1809 1810 1811 1812 1813 1814 1815 1816 1817 1818 1819 1820 1821 1822 1823 1824 1825 1826 1827 1828 1829 1830 1831 1832 1833 1834 1835 1836 1837 1838 1839 1840 1841 1842 1843 1844 1845 1846 1847 1848 1849 1850 1851 1852 1853 1854 1855 1856 1857 1858 1859 1860 1861 1862 1863 1864 1865 1866 1867 1868 1869 1870 1871 1872 1873 1874 1875 1876 1877 1878 1879 1880 1881 1882 1883 1884 1885 1886 1887 1888 1889 1890 1891 1892 1893 1894 1895 1896 1897 1898 1899 1900 1901 1902 1903 1904 1905 1906 1907 1908 1909 1910 1911 1912 1913 1914 1915 1916 1917 1918 1919 1920 1921 1922 1923 1924 1925 1926 1927 1928 1929 1930 1931 1932 1933 1934 1935 1936 1937 1938 1939 1940 1941 1942 1943 1944 1945 1946 1947 1948 1949 1950 1951 1952 1953 1954 1955 1956 1957 1958 1959 1960 1961 1962 1963 1964 1965 1966 1967 1968 1969 1970 1971 1972 1973 1974 1975 1976 1977 1978 1979 1980 1981 1982 1983 1984 1985 1986 1987 1988 1989 1990 1991 1992 1993 1994 1995 1996 1997 1998 1999 2000 2001 2002 2003 2004 2005 2006 2007 2008 2009 2010 2011 2012 2013 2014 2015 2016 2017 2018 2019 2020 2021 2022 2023 2024 2025 2026 2027 2028 2029 2030 2031 2032 2033 2034 2035 2036 2037 2038 2039 2040 2041 2042 2043 2044 2045 2046 2047 2048 2049 2050 2051 2052 2053 2054 2055 2056 2057 2058 2059 2060 2061 2062 2063 2064 2065 2066 2067 2068 2069 2070 2071 2072 2073 2074 2075 2076 2077 2078 2079 2080 2081 2082 2083 2084 2085 2086 2087 2088 2089 2090 2091 2092 2093 2094 2095 2096 2097 2098 2099 2100 2101 2102 2103 2104 2105 2106 2107 2108 2109 2110 2111 2112 2113 2114 2115 2116 2117 2118 2119 2120 2121 2122 2123 2124 2125 2126 2127 2128 2129 2130 2131 2132 2133 2134 2135 2136 2137 2138 2139 2140 2141 2142 2143 2144 2145 2146 2147 2148 2149 2150 2151 2152 2153 2154 2155 2156 2157 2158 2159 2160 2161 2162 2163 2164 2165 2166 2167 2168 2169 2170 2171 2172 2173 2174 2175 2176 2177 2178 2179 2180 2181 2182 2183 2184 2185 2186 2187 2188 2189 2190 2191 2192 2193 2194 2195 2196 2197 2198 2199 2200 2201 2202 2203 2204 2205 2206 2207 2208 2209 2210 2211 2212 2213 2214 2215 2216 2217 2218 2219 2220 2221 2222 2223 2224 2225 2226 2227 2228 2229 2230 2231 2232 2233 2234 2235 2236 2237 2238 2239 2240 2241 2242 2243 2244 2245 2246 2247 2248 2249 2250 2251 2252 2253 2254 2255 2256 2257 2258 2259 2260 2261 2262 2263 2264 2265 2266 2267 2268 2269 2270 2271 2272 2273 2274 2275 2276 2277 2278 2279 2280 2281 2282 2283 2284 2285 2286 2287 2288 2289 2290 2291 2292 2293 2294 2295 2296 2297 2298 2299 2300 2301 2302 2303 2304 2305 2306 2307 2308 2309 2310 2311 2312 2313 2314 2315 2316 2317 2318 2319 2320 2321 2322 2323 2324 2325 2326 2327 2328 2329 2330 2331 2332 2333 2334 2335 2336 2337 2338 2339 2340 2341 2342 2343 2344 2345 2346 2347 2348 2349 2350 2351 2352 2353 2354 2355 2356 2357 2358 2359 2360 2361 2362 2363 2364 2365 2366 2367 2368 2369 2370 2371 2372 2373 2374 2375 2376 2377 2378 2379 2380 2381 2382 2383 2384 2385 2386 2387 2388 2389 2390 2391 2392 2393 2394 2395 2396 2397 2398 2399 2400 2401 2402 2403 2404 2405 2406 2407 2408 2409 2410 2411 2412 2413 2414 2415 2416 2417 2418 2419 2420 2421 2422 2423 2424 2425 2426 2427 2428 2429 2430 2431 2432 2433 2434 2435 2436 2437 2438 2439 2440 2441 2442 2443 2444 2445 2446 2447 2448 2449 2450 2451 2452 2453 2454 2455 2456 2457 2458 2459 2460 2461 2462 2463 2464 2465 2466 2467 2468 2469 2470 2471 2472 2473 2474 2475 2476 2477 2478 2479 2480 2481 2482 2483 2484 2485 2486 2487 2488 2489 2490 2491 2492 2493 2494 2495 2496 2497 2498 2499 2500 2501 2502 2503 2504 2505 2506 2507 2508 2509 2510 2511 2512 2513 2514 2515 2516 2517 2518 2519 2520 2521 2522 2523 2524 2525 2526 2527 2528 2529 2530 2531 2532 2533 2534 2535 2536 2537 2538 2539 2540 2541 2542 2543 2544 2545 2546 2547 2548 2549 2550 2551 2552 2553 2554 2555 2556 2557 2558 2559 2560 2561 2562 2563 2564 2565 2566 2567 2568 2569 2570 2571 2572 2573 2574 2575 2576 2577 2578 2579 2580 2581 2582 2583 2584 2585 2586 2587 2588 2589 2590 2591 2592 2593 2594 2595 2596 2597 2598 2599 2600 2601 2602 2603 2604 2605 2606 2607 2608 2609 2610 2611 2612 2613 2614 2615 2616 2617 2618 2619 2620 2621 2622 2623 2624 2625 2626 2627 2628 2629 2630 2631 2632 2633 2634 2635 2636 2637 2638 2639 2640 2641 2642 2643 2644 2645 2646 2647 2648 2649 2650 2651 2652 2653 2654 2655 2656 2657 2658 2659 2660 2661 2662 2663 2664 2665 2666 2667 2668 2669 2670 2671 2672 2673 2674 2675 2676 2677 2678 2679 2680 2681 2682 2683 2684 2685</DataArray>
<DataArray type="Int64" Name="offsets" format="ascii">2 4 6 8 10 12 14 16 18 20 22 24 26 28 30 32 34 36 38 40 42 44 46 48 50 52 54 56 58 60 62 64 66 68 70 72 74 76 78 80 82 84 86 88 90 92 94 96 98 100 102 104 106 108 110 112 114 116 118 120 122 124 126 128 130 132 134 136 138 140 142 144 146 148 150 152 154 156 158 160 162 164 166 168 170 172 174 176 178 180 182 184 186 188 190 192 194 196 198 200 202 204 206 208 210 212 214 216 218 220 222 224 226 228 230 232 234 236 238 240 242 244 246 248 250 252 254 256 258 260 262 264 266 268 270 272 274 276 278 280 282 284 286 288 290 292 294 296 298 300 302 304 306 308 310 312 314 316 318 320 322 324 326 328 330 332 334 336 338 340 342 344 346 348 350 352 354 356 358 360 362 364 366 368 370 372 374 376 378 380 382 384 386 388 390 392 394 396 398 400 402 404 406 408 410 412 414 416 418 420 422 424 426 428 430 432 434 436 438 440 442 444 446 448 450 452 454 456 458 460 462 464 466 468 470 472 474 476 478 480 482 484 486 488 490 492 494 496 498 500 502 504 506 508 510 512 514 516 518 520 522 524 526 528 530 532 534 536 538 540 542 544 546 548 550 552 554 556 558 560 562 564 566 568 570 572 574 576 578 580 582 584 586 588 590 592 594 596 598 600 602 604 606 608 610 612 614 616 618 620 622 624 626 628 630 632 634 636 638 640 642 644 646 648 650 652 654 656 658 660 662 664 666 668 670 672 674 676 678 680 682 684 686 688 690 692 694 696 698 700 702 704 706 708 710 712 714 716 718 720 722 724 726 728 730 732 734 736 738 740 742 744 746 748 750 752 754 756 758 760 762 764 766 768 770 772 774 776 778 780 782 784 786 788 790 792 794 796 798 800 802 804 806 808 810 812 814 816 818 820 822 824 826 828 830 832 834 836 838 840 842 844 846 848 850 852 854 856 858 860 862 864 866 868 870 872 874 876 878 880 882 884 886 888 890 892 894 896 898 900 902 904 906 908 910 912 914 916 918 920 922 924 926 928 930 932 934 936 938 940 942 944 946 948 950 952 954 956 958 960 962 964 966 968 970 972 974 976 978 980 982 984 986 988 990 992 994 996 998 1000 1002 1004 1006 1008 1010 1012 1014 1016 1018 1020 1022 1024 1026 1028 1030 1032 1034 1036 1038 1040 1042 1044 1046 1048 1050 1052 1054 1056 1058 1060 1062 1064 1066 1068 1070 1072 1074 1076 1078 1080 1082 1084 1086 1088 1090 1092 1094 1096 1098 1100 1102 1104 1106 1108 1110 1112 1114 1116 1118 1120 1122 1124 1126 1128 1130 1132 1134 1136 1138 1140 1142 1144 1146 1148 1150 1152 1154 1156 1158 1160 1162 1164 1166 1168 1170 1172 1174 1176 1178 1180 1182 1184 1186 1188 1190 1192 1194 1196 1198 1200 1202 1204 1206 1208 1210 1212 1214 1216 1218 1220 1222 1224 1226 1228 1230 1232 1234 1236 1238 1240 1242 1244 1246 1248 1250 1252 1254 1256 1258 1260 1262 1264 1266 1268 1270 1272 1274 1276 1278 1280 1282 1284 1286 1288 1290 1292 1294 1296 1298 1300 1302 1304 1306 1308 1310 1312 1314 1316 1318 1320 1322 1324 1326 1328 1330 1332 1334 1336 1338 1340 1342 1344 1346 1348 1350 1352 1354 1356 1358 1360 1362 1364 1366 1368 1370 1372 1374 1376 1378 1380 1382 1384 1386 1388 1390 1392 1394 1396 1398 1400 1402 1404 1406 1408 1410 1412 1414 1416 1418 1420 1422 1424 1426 1428 1430 1432 1434 1436 1438 1440 1442 1444 1446 1448 1450 1452 1454 1456 1458 1460 1462 1464 1466 1468 1470 1472 1474 1476 1478 1480 1482 1484 1486 1488 1490 1492 1494 1496 1498 1500 1502 1504 1506 1508 1510 1512 1514 1516 1518 1520 1522 1524 1526 1528 1530 1532 1534 1536 1538 1540 1542 1544 1546 1548 1550 1552 1554 1556 1558 1560 1562 1564 1566 1568 1570 1572 1574 1576 1578 1580 1582 1584 1586 1588 1590 1592 1594 1596 1598 1600 1602 1604 1606 1608 1610 1612 1614 1616 1618 1620 1622 1624 1626 1628 1630 1632 1634 1636 1638 1640 1642 1644 1646 1648 1650 1652 1654 1656 1658 1660 1662 1664 1666 1668 1670 1672 1674 1676 1678 1680 1682 1684 1686 1688 1690 1692 1694 1696 1698 1700 1702 1704 1706 1708 1710 1712 1714 1716 1718 1720 1722 1724 1726 1728 1730 1732 1734 1736 1738 1740 1742 1744 1746 1748 1750 1752 1754 1756 1758 1760 1762 1764 1766 1768 1770 1772 1774 1776 1778 1780 1782 1784 1786 1788 1790 1792 1794 1796 1798 1800 1802 1804 1806 1808 1810 1812 1814 1816 1818 1820 1822 1824 1826 1828 1830 1832 1834 1836 1838 1840 1842 1844 1846 1848 1850 1852 1854 1856 1858 1860 1862 1864 1866 1868 1870 1872 1874 1876 1878 1880 1882 1884 1886 1888 1890 1892 1894 1896 1898 1900 1902 1904 1906 1908 1910 1912 1914 1916 1918 1920 1922 1924 1926 1928 1930 1932 1934 1936 1938 1940 1942 1944 1946 1948 1950 1952 1954 1956 1958 1960 1962 1964 1966 1968 1970 1972 1974 1976 1978 1980 1982 1984 1986 1988 1990 1992 1994 1996 1998 2000 2002 2004 2006 2008 2010 2012 2014 2016 2018 2020 2022 2024 2026 2028 2030 2032 2034 2036 2038 2040 2042 2044 2046 2048 2050 2052 2054 2056 2058 2060 2062 2064 2066 2068 2070 2072 2074 2076 2078 2080 2082 2084 2086 2088 2090 2092 2094 2096 2098 2100 2102 2104 2106 2108 2110 2112 2114 2116 2118 2120 2122 2124 2126 2128 2130 2132 2134 2136 2138 2140 2142 2144 2146 2148 2150 2152 2154 2156 2158 2160 2162 2164 2166 2168 2170 2172 2174 2176 2178 2180 2182 2184 2186 2188 2190 2192 2194 2196 2198 2200 2202 2204 2206 2208 2210 2212 2214 2216 2218 2220 2222 2224 2226 2228 2230 2232 2234 2236 2238 2240 2242 2244 2246 2248 2250 2252 2254 2256 2258 2260 2262 2264 2266 2268 2270 2272 2274 2276 2278 2280 2282 2284 2286 2288 2290 2292 2294 2296 2298 2300 2302 2304 2306 2308 2310 2312 2314 2316 2318 2320 2322 2324 2326 2328 2330 2332 2334 2336 2338 2340 2342 2344 2346 2348 2350 2352 2354 2356 2358 2360 2362 2364 2366 2368 2370 2372 2374 2376 2378 2380 2382 2384 2386 2388 2390 2392 2394 2396 2398 2400 2402 2404 2406 2408 2410 2412 2414 2416 2418 2420 2422 2424 2426 2428 2430 2432 2434 2436 2438 2440 2442 2444 2446 2448 2450 2452 2454 2456 2458 2460 2462 2464 2466 2468 2470 2472 2474 2476 2478 2480 2482 2484 2486 2488 2490 2492 2494 2496 2498 2500 2502 2504 2506 2508 2510 2512 2514 2516 2518 2520 2522 2524 2526 2528 2530 2532 2534 2536 2538 2540 2542 2544 2546 2548 2550 2552 2554 2556 2558 2560 2562 2564 2566 2568 2570 2572 2574 2576 2578 2580 2582 2584 2586 2588 2590 2592 2594 2596 2598 2600 2602 2604 2606 2608 2610 2612 2614 2616 2618 2620 2622 2624 2626 2628 2630 2632 2634 2636 2638 2640 2642 2644 2646 2648 2650 2652 2654 2656 2658 2660 2662 2664 2666 2668 2670 2672 2674 2676 2678 2680 2682 2684 2686</DataArray>
</Lines></Piece></PolyData></VTKFile>