id_i,id_j,edge_kind,distance_m,surface_gap_m,overlap_m,contact_radius_m,g_contact_W_K,g_gap_W_K,g_total_W_K,T_i_K,T_j_K,heat_i_to_j_W
1,9,contact,0.0013950874648354487,-0.00010491253516455132,0.00010491253516455132,0.00019834868461047768,0.00019834868461047768,0.0,0.00019834868461047768,300.20499501452616,300.16221405773445,8.485546506014662e-06
1,216,contact,0.001689751605122377,-6.024839487762295e-05,6.024839487762295e-05,0.000160688333931989,0.000160688333931989,0.0,0.000160688333931989,300.20499501452616,300.1802665413566,3.973577154296214e-06
1,259,contact,0.0016754718974019067,-7.452810259809335e-05,7.452810259809335e-05,0.0001787193761156939,0.0001787193761156939,0.0,0.0001787193761156939,300.20499501452616,300.2685327973093,-1.1355432898780401e-05
1,427,contact,0.0019576610303372243,-4.233896966277569e-05,4.233896966277569e-05,0.00014087722324572594,0.00014087722324572594,0.0,0.00014087722324572594,300.20499501452616,300.21282943045287,-1.1036907615068505e-06
2,54,contact,0.0014811139602893492,-1.888603971065086e-05,1.888603971065086e-05,8.415619342326548e-05,8.415619342326548e-05,0.0,8.415619342326548e-05,300.9478674179588,300.9089631542699,3.2740347399920906e-06
2,343,contact,0.0017403953159279648,-9.604684072035208e-06,9.604684072035208e-06,6.415834453700761e-05,6.415834453700761e-05,0.0,6.415834453700761e-05,300.9478674179588,300.94043255423605,4.770085483080798e-07
2,394,contact,0.0017333415210399243,-1.6658478960075718e-05,1.6658478960075718e-05,8.449466329743397e-05,8.449466329743397e-05,0.0,8.449466329743397e-05,300.9478674179588,300.88975318672135,4.910342401195481e-06
3,32,contact,0.0014192915951628823,-8.070840483711769e-05,8.070840483711769e-05,0.00017397026129174818,0.00017397026129174818,0.0,0.00017397026129174818,300.79301542315085,300.863633446212,-1.2285435923858819e-05
3,129,contact,0.0016843216658643328,-6.567833413566727e-05,6.567833413566727e-05,0.00016777323233077004,0.00016777323233077004,0.0,0.00016777323233077004,300.79301542315085,300.83962642394533,-7.820078265462819e-06
3,419,contact,0.0019347549337836046,-6.524506621639545e-05,6.524506621639545e-05,0.00017488174515636377,0.00017488174515636377,0.0,0.00017488174515636377,300.79301542315085,300.7580139793637,6.121113572492028e-06
3,433,contact,0.0019463010056258,-5.369899437419998e-05,5.369899437419998e-05,0.00015865498294382764,0.00015865498294382764,0.0,0.00015865498294382764,300.79301542315085,300.7048719538609,1.3984400616806193e-05
4,25,contact,0.0014141243802791893,-8.58756197208107e-05,8.58756197208107e-05,0.00017945293922169125,0.00017945293922169125,0.0,0.00017945293922169125,300.5614139870778,300.4693875184446,1.6514420282421866e-05
4,144,contact,0.0016648965578677855,-8.510344213221452e-05,8.510344213221452e-05,0.00019097880450706848,0.00019097880450706848,0.0,0.00019097880450706848,300.5614139870778,300.64718160224976,-1.6379796610963267e-05
4,229,contact,0.0017318387197426904,-1.8161280257309592e-05,1.8161280257309592e-05,8.822361262474607e-05,8.822361262474607e-05,0.0,8.822361262474607e-05,300.5614139870778,300.4671234304468,8.318653542384551e-06
4,347,contact,0.0016943850366725978,-5.561496332740228e-05,5.561496332740228e-05,0.00015438582928226414,0.00015438582928226414,0.0,0.00015438582928226414,300.5614139870778,300.61616821713335,-8.453277213838048e-06
5,68,contact,0.001460501252344551,-3.949874765544906e-05,3.949874765544906e-05,0.00012170468508152592,0.00012170468508152592,0.0,0.00012170468508152592,300.2438805148401,300.1395057012799,1.2702903814785237e-05
5,109,contact,0.0017033139254112846,-4.6686074588715406e-05,4.6686074588715406e-05,0.00014145076062318658,0.00014145076062318658,0.0,0.00014145076062318658,300.2438805148401,300.321529741758,-1.0983542209341205e-05
5,297,contact,0.001697762979217064,-5.2237020782936036e-05,5.2237020782936036e-05,0.00014962384375913587,0.00014962384375913587,0.0,0.00014962384375913587,300.2438805148401,300.2568325634977,-1.937935304706933e-06
5,388,contact,0.00173848153700291,-1.1518462997089961e-05,1.1518462997089961e-05,7.026011771702338e-05,7.026011771702338e-05,0.0,7.026011771702338e-05,300.2438805148401,300.3253992659863,-5.727517051675147e-06
5,477,contact,0.0019728558457474785,-2.714415425252156e-05,2.714415425252156e-05,0.00011279992156854312,0.00011279992156854312,0.0,0.00011279992156854312,300.2438805148401,300.1911669077003,5.946090750966889e-06
6,59,contact,0.0013786461135839023,-0.00012135388641609768,0.00012135388641609768,0.0002133253557504045,0.0002133253557504045,0.0,0.0002133253557504045,300.05860907674,300.1076504279452,-1.0461763692324686e-05
6,172,contact,0.0016701413870987088,-7.985861290129128e-05,7.985861290129128e-05,0.00018500032382360608,0.00018500032382360608,0.0,0.00018500032382360608,300.05860907674,300.1595926493683,-1.8681993637091216e-05
6,219,contact,0.0016843140893847562,-6.56859106152438e-05,6.56859106152438e-05,0.00016778290899072587,0.00016778290899072587,0.0,0.00016778290899072587,300.05860907674,300.0709660560635,-2.0732899372349504e-06
7,106,contact,0.0016381486263767411,-0.0001118513736232589,0.0001118513736232589,0.00021894360685207657,0.00021894360685207657,0.0,0.00021894360685207657,300.1441733313736,300.07220424830507,1.5757170628865534e-05
7,146,contact,0.0016832705189897435,-6.672948101025655e-05,6.672948101025655e-05,0.00016911046391159733,0.00016911046391159733,0.0,0.00016911046391159733,300.1441733313736,300.2196422503496,-1.276258389893091e-05
7,251,contact,0.0016699991227542607,-8.000087724573937e-05,8.000087724573937e-05,0.00018516503516639962,0.00018516503516639962,0.0,0.00018516503516639962,300.1441733313736,300.13934124350294,8.947337205019266e-07
7,261,contact,0.0016252982564747913,-0.0001247017435252087,0.0001247017435252087,0.00023117872819086662,0.00023117872819086662,0.0,0.00023117872819086662,300.1441733313736,300.23090486147873,-2.0050484823747686e-05
7,330,contact,0.0016482040487755159,-0.00010179595122448417,0.00010179595122448417,0.00020887038143084012,0.00020887038143084012,0.0,0.00020887038143084012,300.1441733313736,300.06679919980695,1.6161164373210613e-05
8,196,contact,0.0016781323575284525,-7.186764247154752e-05,7.186764247154752e-05,0.00017550047920758449,0.00017550047920758449,0.0,0.00017550047920758449,300.9505976271526,300.93058387904784,3.512422383125106e-06
8,255,contact,0.0017075607806239278,-4.243921937607223e-05,4.243921937607223e-05,0.0001348637715454359,0.0001348637715454359,0.0,0.0001348637715454359,300.9505976271526,300.93269687479494,2.4141629764550876e-06
8,428,contact,0.00197512144353303,-2.487855646697004e-05,2.487855646697004e-05,0.00010798992241821551,0.00010798992241821551,0.0,0.00010798992241821551,300.9505976271526,300.9084317481629,4.553490000792743e-06
8,448,contact,0.0019339784365819588,-6.602156341804126e-05,6.602156341804126e-05,0.0001759193219979171,0.0001759193219979171,0.0,0.0001759193219979171,300.9505976271526,300.8974893233461,9.342776798095735e-06
9,185,contact,0.0016857724674463035,-6.422753255369649e-05,6.422753255369649e-05,0.00016590987125591905,0.00016590987125591905,0.0,0.00016590987125591905,300.16221405773445,300.0644257269932,1.622404936361245e-05
9,490,contact,0.001939546416201479,-6.045358379852105e-05,6.045358379852105e-05,0.0001683378074157934,0.0001683378074157934,0.0,0.0001683378074157934,300.16221405773445,300.2081841400135,-7.738502857577377e-06
10,26,contact,0.001485460904904602,-1.4539095095397964e-05,1.4539095095397964e-05,7.383874769234807e-05,7.383874769234807e-05,0.0,7.383874769234807e-05,300.0416776282718,300.04405453976835,-1.7550816827903884e-07
10,493,contact,0.0019160095459052398,-8.399045409476021e-05,8.399045409476021e-05,0.00019842007296873683,0.00019842007296873683,0.0,0.00019842007296873683,300.0416776282718,300.1396039429003,-1.943054649413982e-05
11,41,contact,0.0014060452712839652,-9.395472871603482e-05,9.395472871603482e-05,0.00018770461706764982,0.00018770461706764982,0.0,0.00018770461706764982,300.568350236324,300.6092005734805,-7.667796893042363e-06
11,289,contact,0.0016987713363487158,-5.122866365128427e-05,5.122866365128427e-05,0.00014817267482513812,0.00014817267482513812,0.0,0.00014817267482513812,300.568350236324,300.64463178447755,-1.1302841029711305e-05
11,301,contact,0.001702538775857984,-4.746122414201609e-05,4.746122414201609e-05,0.0001426202111633993,0.0001426202111633993,0.0,0.0001426202111633993,300.568350236324,300.5775087303863,-1.3061863570986072e-06
11,350,contact,0.001692964347084722,-5.7035652915278035e-05,5.7035652915278035e-05,0.00015634529493849462,0.00015634529493849462,0.0,0.00015634529493849462,300.568350236324,300.5056768166784,9.798694279302913e-06
11,387,contact,0.0016302760738292148,-0.00011972392617078521,0.00011972392617078521,0.00022651766834662956,0.00022651766834662956,0.0,0.00022651766834662956,300.568350236324,300.52209278507496,1.0478130000595385e-05
12,97,contact,0.0014778642464380824,-2.2135753561917677e-05,2.2135753561917677e-05,9.110931667902645e-05,9.110931667902645e-05,0.0,9.110931667902645e-05,300.1355423501384,300.2636160996112,-1.166871179899062e-05
12,264,contact,0.0017393552548286392,-1.0644745171360789e-05,1.0644745171360789e-05,6.754282822675484e-05,6.754282822675484e-05,0.0,6.754282822675484e-05,300.1355423501384,300.0534697050173,5.543418571530932e-06
12,321,contact,0.0017315981530366667,-1.8401846963333373e-05,1.8401846963333373e-05,8.880600115661434e-05,8.880600115661434e-05,0.0,8.880600115661434e-05,300.1355423501384,300.0665684840968,6.1252932274642e-06
13,114,contact,0.001702339822890836,-4.766017710916407e-05,4.766017710916407e-05,0.00014291882377644223,0.00014291882377644223,0.0,0.00014291882377644223,300.2668717963308,300.21263856915516,7.750949037543566e-06
13,178,contact,0.001691885511788549,-5.8114488211451036e-05,5.8114488211451036e-05,0.00015781701186335718,0.00015781701186335718,0.0,0.00015781701186335718,300.2668717963308,300.32847946895174,-9.72273880089226e-06
13,191,contact,0.0016813798878592763,-6.862011214072371e-05,6.862011214072371e-05,0.00017148941509283186,0.00017148941509283186,0.0,0.00017148941509283186,300.2668717963308,300.2784718364901,-1.9892841019707167e-06
13,458,contact,0.0019909707538159,-9.029246184100257e-06,9.029246184100257e-06,6.505735276505642e-05,6.505735276505642e-05,0.0,6.505735276505642e-05,300.2668717963308,300.2059859210692,3.961073865302494e-06
14,134,contact,0.0017499813741865934,-1.8625813406588157e-08,1.8625813406588157e-08,2.825330327584078e-06,2.825330327584078e-06,0.0,2.825330327584078e-06,300.7338296144509,300.73801700541037,-1.1830762671289864e-08
14,483,contact,0.002000041268474229,-0.0,0.0,9.682458365518543e-08,9.682458365518543e-08,0.0,9.682458365518543e-08,300.7338296144509,300.61164202298795,1.1830762671228303e-08
15,280,contact,0.0016658455017497871,-8.415449825021292e-05,8.415449825021292e-05,0.00018991106743896085,0.00018991106743896085,0.0,0.00018991106743896085,300.83508644371534,300.8302473489126,9.189976594227017e-07
15,361,contact,0.0016663962850714715,-8.36037149285285e-05,8.36037149285285e-05,0.00018928857213471164,0.00018928857213471164,0.0,0.00018928857213471164,300.83508644371534,300.8908107605229,-1.054797636168994e-05
15,380,contact,0.0016895314925446045,-6.0468507455395566e-05,6.0468507455395566e-05,0.0001609815971586223,0.0001609815971586223,0.0,0.0001609815971586223,300.83508644371534,300.80908291715474,4.1860892374821535e-06
15,406,contact,0.001858633083612793,-0.00014136691638720698,0.00014136691638720698,0.0002574213317821646,0.0002574213317821646,0.0,0.0002574213317821646,300.83508644371534,300.9193253680511,-2.168489609040581e-05
15,424,contact,0.001854602139274082,-0.00014539786072591807,0.00014539786072591807,0.00026106559944825,0.00026106559944825,0.0,0.00026106559944825,300.83508644371534,300.7311746850901,2.7127785555225022e-05
16,165,contact,0.0016833067682986366,-6.669323170136344e-05,6.669323170136344e-05,0.00016906452491962534,0.00016906452491962534,0.0,0.00016906452491962534,300.41686464193725,300.523880304389,-1.8092552131367853e-05
16,268,contact,0.0016959226901568948,-5.40773098431052e-05,5.40773098431052e-05,0.0001522366248074338,0.0001522366248074338,0.0,0.0001522366248074338,300.41686464193725,300.40450882277935,1.8810082053302769e-06
16,388,contact,0.0016766986298676334,-7.33013701323666e-05,7.33013701323666e-05,0.00017724241285276896,0.00017724241285276896,0.0,0.00017724241285276896,300.41686464193725,300.3253992659863,1.6211543926036384e-05
17,205,contact,0.001578413478433328,-0.00017158652156667206,0.00017158652156667206,0.00027117721266992713,0.00027117721266992713,0.0,0.00027117721266992713,300.2480884518871,300.152280742966,2.5980867457511823e-05
17,217,contact,0.0017061026994000103,-4.389730059998977e-05,4.389730059998977e-05,0.00013716095956418153,0.00013716095956418153,0.0,0.00013716095956418153,300.2480884518871,300.35219260125865,-1.4279025022414835e-05
17,354,contact,0.0017357240017929123,-1.4275998207087743e-05,1.4275998207087743e-05,7.821946654059171e-05,7.821946654059171e-05,0.0,7.821946654059171e-05,300.2480884518871,300.2290121722497,1.4921364168145999e-06
17,423,contact,0.00199415535252397,-5.8446474760298975e-06,5.8446474760298975e-06,5.23419382941539e-05,5.23419382941539e-05,0.0,5.23419382941539e-05,300.2480884518871,300.20685278672806,2.1583546412726417e-06
17,443,contact,0.001842762160453702,-0.0001572378395462981,0.0001572378395462981,0.0002714870849365163,0.0002714870849365163,0.0,0.0002714870849365163,300.2480884518871,300.33310849075156,-2.3081842512500657e-05
17,472,contact,0.0019305753960930912,-6.942460390690886e-05,6.942460390690886e-05,0.0001803961836662947,0.0001803961836662947,0.0,0.0001803961836662947,300.2480884518871,300.20524104313245,7.729509019329243e-06
18,156,contact,0.0017145439739195954,-3.545602608040466e-05,3.545602608040466e-05,0.00012326978441104232,0.00012326978441104232,0.0,0.00012326978441104232,300.3258728322482,300.34195007826804,-1.9818386507898625e-06
18,427,contact,0.0019158045045995686,-8.419549540043141e-05,8.419549540043141e-05,0.00019866212137433805,0.00019866212137433805,0.0,0.00019866212137433805,300.3258728322482,300.21282943045287,2.2457442008030612e-05
18,496,contact,0.001913339414007875,-8.666058599212496e-05,8.666058599212496e-05,0.00020154937281918932,0.00020154937281918932,0.0,0.00020154937281918932,300.3258728322482,300.42746383732464,-2.0475603357228216e-05
19,96,contact,0.0014779503204776546,-2.2049679522345407e-05,2.2049679522345407e-05,9.09320065811787e-05,9.09320065811787e-05,0.0,9.09320065811787e-05,300.0511457279045,300.11251016799304,-5.579991669981388e-06
19,311,contact,0.0017222723649295438,-2.7727635070456252e-05,2.7727635070456252e-05,0.00010901042231389015,0.00010901042231389015,0.0,0.00010901042231389015,300.0511457279045,300.09882427515726,-5.197458571335928e-06
19,407,contact,0.001973700821046594,-2.629917895340594e-05,2.629917895340594e-05,0.00011103035681474249,0.00011103035681474249,0.0,0.00011103035681474249,300.0511457279045,300.0848533766247,-3.7425722647924596e-06
20,211,contact,0.001725058044704583,-2.4941955295417102e-05,2.4941955295417102e-05,0.00010338960011684742,0.00010338960011684742,0.0,0.00010338960011684742,300.2946492050733,300.3421013492587,-4.9060582120154354e-06
20,217,contact,0.0017049713361226933,-4.502866387730677e-05,4.502866387730677e-05,0.00013891723724779458,0.00013891723724779458,0.0,0.00013891723724779458,300.2946492050733,300.35219260125865,-7.993769619922404e-06
20,372,contact,0.0017397120071149692,-1.0287992885030803e-05,1.0287992885030803e-05,6.640135396112299e-05,6.640135396112299e-05,0.0,6.640135396112299e-05,300.2946492050733,300.3995205217094,-6.9635974163221915e-06
20,423,contact,0.0019584063597987015,-4.159364020129858e-05,4.159364020129858e-05,0.00013963172578020623,0.00013963172578020623,0.0,0.00013963172578020623,300.2946492050733,300.20685278672806,1.2259165410868088e-05
20,470,contact,0.001977774522032277,-2.2225477967722975e-05,2.2225477967722975e-05,0.00010206954882515228,0.00010206954882515228,0.0,0.00010206954882515228,300.2946492050733,300.22014843648066,7.604259837379539e-06
21,54,contact,0.0014775479783496036,-2.245202165039638e-05,2.245202165039638e-05,9.175787769395412e-05,9.175787769395412e-05,0.0,9.175787769395412e-05,300.96276641826654,300.9089631542699,4.936873317340678e-06
21,283,contact,0.0016354771834388277,-0.00011452281656117234,0.00011452281656117234,0.0002215427884126344,0.0002215427884126344,0.0,0.0002215427884126344,300.96276641826654,300.945989884914,3.7167199788163295e-06
21,377,contact,0.001643896342590067,-0.0001061036574099331,0.0001061036574099331,0.00021324398240707396,0.00021324398240707396,0.0,0.00021324398240707396,300.96276641826654,300.93814791723105,5.249747201700707e-06
22,126,contact,0.001720099874517554,-2.990012548244607e-05,2.990012548244607e-05,0.00011320043945355021,0.00011320043945355021,0.0,0.00011320043945355021,300.0589081085681,300.0620353816797,-3.5400869052460424e-07
22,326,contact,0.00172002426264864,-2.99757373513601e-05,2.99757373513601e-05,0.00011334348053220497,0.00011334348053220497,0.0,0.00011334348053220497,300.0589081085681,300.0557847821195,3.540086905276642e-07
23,32,contact,0.001464300103223721,-3.5699896776279034e-05,3.5699896776279034e-05,0.0001157041973789397,0.0001157041973789397,0.0,0.0001157041973789397,300.94324574661573,300.863633446212,9.211477319702295e-06
23,203,contact,0.0017344457745966009,-1.555422540339916e-05,1.555422540339916e-05,8.164616709593158e-05,8.164616709593158e-05,0.0,8.164616709593158e-05,300.94324574661573,300.9428854674878,2.9415409877993468e-08
23,384,contact,0.0017112385785333964,-3.876142146660359e-05,3.876142146660359e-05,0.00012888769441417417,0.00012888769441417417,0.0,0.00012888769441417417,300.94324574661573,300.9212901482488,2.829806453000815e-06
23,413,contact,0.001982800424758125,-1.7199575241874827e-05,1.7199575241874827e-05,8.979031626310726e-05,8.979031626310726e-05,0.0,8.979031626310726e-05,300.94324574661573,300.9223839558372,1.8731867918211175e-06
24,125,contact,0.001687918653490149,-6.208134650985105e-05,6.208134650985105e-05,0.00016311435056844242,0.00016311435056844242,0.0,0.00016311435056844242,300.5001229329621,300.46754175082515,5.3144583650186256e-06
24,167,contact,0.001693059172090568,-5.69408279094321e-05,5.69408279094321e-05,0.00015621527441702103,0.00015621527441702103,0.0,0.00015621527441702103,300.5001229329621,300.4745755818405,3.990886466086896e-06
24,213,contact,0.0017278251403715602,-2.217485962843985e-05,2.217485962843985e-05,9.74859542156272e-05,9.74859542156272e-05,0.0,9.74859542156272e-05,300.5001229329621,300.59557611804905,-9.305344831123864e-06
25,334,contact,0.0017351161630853415,-1.4883836914658492e-05,1.4883836914658492e-05,7.986731026608667e-05,7.986731026608667e-05,0.0,7.986731026608667e-05,300.4693875184446,300.46147515005015,6.319395814985645e-07
25,360,contact,0.0016824530442481884,-6.75469557518116e-05,6.75469557518116e-05,0.00017014316125605805,0.00017014316125605805,0.0,0.00017014316125605805,300.4693875184446,300.37655192816874,1.579534080660596e-05
25,381,contact,0.001700889571635972,-4.9110428364028055e-05,4.9110428364028055e-05,0.00014507696730262288,0.00014507696730262288,0.0,0.00014507696730262288,300.4693875184446,300.46878687248466,8.713989428991482e-08
26,142,contact,0.0016953634005722792,-5.4636599427720835e-05,5.4636599427720835e-05,0.0001530218463782973,0.0001530218463782973,0.0,0.0001530218463782973,300.04405453976835,300.051046356049,-1.0699006368066294e-06
26,493,contact,0.001920593673841502,-7.940632615849796e-05,7.940632615849796e-05,0.0001929293015246671,0.0001929293015246671,0.0,0.0001929293015246671,300.04405453976835,300.1396039429003,-1.8434279607344097e-05
27,73,contact,0.0014325328153309445,-6.746718466905553e-05,6.746718466905553e-05,0.00015906034782715592,0.00015906034782715592,0.0,0.00015906034782715592,300.69247959622237,300.75824401604405,-1.046051149148686e-05
27,136,contact,0.0017128527669651,-3.714723303489993e-05,3.714723303489993e-05,0.00012617544424032288,0.00012617544424032288,0.0,0.00012617544424032288,300.69247959622237,300.67705585694347,1.9460971553623004e-06
27,277,contact,0.001668202197037278,-8.179780296272213e-05,8.179780296272213e-05,0.00018723301330090817,0.00018723301330090817,0.0,0.00018723301330090817,300.69247959622237,300.6757138459255,3.139101948336122e-06
27,439,contact,0.0019536777400840704,-4.632225991592961e-05,4.632225991592961e-05,0.00014735521482320198,0.00014735521482320198,0.0,0.00014735521482320198,300.69247959622237,300.6560009931799,5.3753123877773985e-06
28,165,contact,0.001639774488437054,-0.00011022551156294612,0.00011022551156294612,0.00021734650895643192,0.00021734650895643192,0.0,0.00021734650895643192,300.5924192232016,300.523880304389,1.4896694731562195e-05
28,177,contact,0.0017008658226529804,-4.9134177347019605e-05,4.9134177347019605e-05,0.00014511204146208583,0.00014511204146208583,0.0,0.00014511204146208583,300.5924192232016,300.64472824100324,-7.590668360071585e-06
28,222,contact,0.0016759326346545242,-7.40673653454758e-05,7.40673653454758e-05,0.00017816609266814066,0.00017816609266814066,0.0,0.00017816609266814066,300.5924192232016,300.6047712525274,-2.2007128015045713e-06
28,266,contact,0.0016485322787027864,-0.00010146772129721363,0.00010146772129721363,0.00020853336968033295,0.00020853336968033295,0.0,0.00020853336968033295,300.5924192232016,300.5122665001071,1.6714517435950694e-05
28,329,contact,0.0016601814005571794,-8.981859944282066e-05,8.981859944282066e-05,0.0001961980771452528,0.0001961980771452528,0.0,0.0001961980771452528,300.5924192232016,300.70363249972036,-2.181983100600281e-05
29,110,contact,0.0017004036991255936,-4.9596300874406394e-05,4.9596300874406394e-05,0.0001457928582530802,0.0001457928582530802,0.0,0.0001457928582530802,300.2869557447697,300.36633089167873,-1.1572329542121424e-05
29,434,contact,0.0019611387785926845,-3.88612214073155e-05,3.88612214073155e-05,0.00013496739433907414,0.00013496739433907414,0.0,0.00013496739433907414,300.2869557447697,300.2973944172724,-1.4088804280466117e-06
29,472,contact,0.0019461620307672236,-5.383796923277644e-05,5.383796923277644e-05,0.00015886015258038738,0.00015886015258038738,0.0,0.00015886015258038738,300.2869557447697,300.20524104313245,1.2981209970159362e-05
30,109,contact,0.0017352643681609438,-1.4735631839056214e-05,1.4735631839056214e-05,7.946867803208349e-05,7.946867803208349e-05,0.0,7.946867803208349e-05,300.3383187460633,300.321529741758,1.3341999776156188e-06
30,120,contact,0.0016985154670280476,-5.148453297195246e-05,5.148453297195246e-05,0.0001485422493606532,0.0001485422493606532,0.0,0.0001485422493606532,300.3383187460633,300.30548071004506,4.8778357347345744e-06
30,160,contact,0.0016891311173073053,-6.086888269269471e-05,6.086888269269471e-05,0.00016151366509108408,0.00016151366509108408,0.0,0.00016151366509108408,300.3383187460633,300.36386220921094,-4.12561835209468e-06
30,268,contact,0.0016845807907660596,-6.541920923394044e-05,6.541920923394044e-05,0.00016744194204978348,0.00016744194204978348,0.0,0.00016744194204978348,300.3383187460633,300.40450882277935,-1.1082994989760336e-05
30,281,contact,0.0017117821737776145,-3.821782622238554e-05,3.821782622238554e-05,0.00012798073441351387,0.00012798073441351387,0.0,0.00012798073441351387,300.3383187460633,300.27976024069744,7.494360522879424e-06
30,388,contact,0.0017184534319931392,-3.1546568006860865e-05,3.1546568006860865e-05,0.00011627535300839161,0.00011627535300839161,0.0,0.00011627535300839161,300.3383187460633,300.3253992659863,1.5022171066399745e-06
31,401,contact,0.0020000352878136933,-0.0,0.0,9.682458365518543e-08,9.682458365518543e-08,0.0,9.682458365518543e-08,300.1537421979805,300.15374219798053,-5.503840364735051e-21
32,379,contact,0.001667581138871809,-8.241886112819101e-05,8.241886112819101e-05,0.00018794246208597725,0.00018794246208597725,0.0,0.00018794246208597725,300.863633446212,300.93901537107405,-1.416746455534985e-05
32,386,contact,0.0016840983886044186,-6.590161139558145e-05,6.590161139558145e-05,0.00016805816773059106,0.00016805816773059106,0.0,0.00016805816773059106,300.863633446212,300.77015501346534,1.57098141297341e-05
32,413,contact,0.0019029164394949141,-9.70835605050859e-05,9.70835605050859e-05,0.0002133258516606907,0.0002133258516606907,0.0,0.0002133258516606907,300.863633446212,300.9223839558372,-1.2533002501286044e-05
32,453,contact,0.0019518428161099449,-4.8157183890055154e-05,4.8157183890055154e-05,0.00015024539909249586,0.00015024539909249586,0.0,0.00015024539909249586,300.863633446212,300.8109416874592,7.916694322702145e-06
33,125,contact,0.0017433914726447536,-6.608527355246455e-06,6.608527355246455e-06,5.321866222850155e-05,5.321866222850155e-05,0.0,5.321866222850155e-05,300.50795364741157,300.46754175082515,2.1506670744458195e-06
33,253,contact,0.0016420300135198513,-0.00010796998648014873,0.00010796998648014873,0.00021511125342165427,0.00021511125342165427,0.0,0.00021511125342165427,300.50795364741157,300.5005034309807,1.6026253947066825e-06
33,373,contact,0.0016534764505126778,-9.652354948732223e-05,9.652354948732223e-05,0.00020338936917785715,0.00020338936917785715,0.0,0.00020338936917785715,300.50795364741157,300.5558210515511,-9.735721132122169e-06
33,435,contact,0.001813115463446476,-0.00018688453655352406,0.00018688453655352406,0.000295976564122,0.000295976564122,0.0,0.000295976564122,300.50795364741157,300.5810566322789,-2.1636770288091583e-05
33,445,contact,0.0018072354337219053,-0.00019276456627809473,0.00019276456627809473,0.00030059672393899586,0.00030059672393899586,0.0,0.00030059672393899586,300.50795364741157,300.4160724100212,2.7619198951014244e-05
35,74,contact,0.001419196343886215,-8.0803656113785e-05,8.0803656113785e-05,0.0001740728900279115,0.0001740728900279115,0.0,0.0001740728900279115,300.0652544376478,300.12754358062705,-1.0842851135757914e-05
35,208,contact,0.0016965830026851032,-5.341699731489682e-05,5.341699731489682e-05,0.00015130432528266167,0.00015130432528266167,0.0,0.00015130432528266167,300.0652544376478,300.1050716856023,-6.024521836366288e-06
35,245,contact,0.001634895897756185,-0.00011510410224381496,0.00011510410224381496,0.00022210432128408388,0.00022210432128408388,0.0,0.00022210432128408388,300.0652544376478,300.1659330399404,-2.236115263002578e-05
36,175,contact,0.0016597792829168574,-9.022071708314266e-05,9.022071708314266e-05,0.00019663677582553357,0.00019663677582553357,0.0,0.00019663677582553357,300.33368203951403,300.3875334144233,-1.0589160735925593e-05
36,374,contact,0.0017337722011844582,-1.6227798815541877e-05,1.6227798815541877e-05,8.33952691760541e-05,8.33952691760541e-05,0.0,8.33952691760541e-05,300.33368203951403,300.334716300485,-8.625247207336092e-08
36,430,contact,0.0019127803173652747,-8.721968263472536e-05,8.721968263472536e-05,0.00020219848227676565,0.00020219848227676565,0.0,0.00020219848227676565,300.33368203951403,300.2060231093304,2.5812441932210952e-05
36,445,contact,0.0019279909506271019,-7.200904937289818e-05,7.200904937289818e-05,0.00018372327531792487,0.00018372327531792487,0.0,0.00018372327531792487,300.33368203951403,300.4160724100212,-1.5137028724229413e-05
37,61,contact,0.001428440606825849,-7.155939317415112e-05,7.155939317415112e-05,0.0001638132242534365,0.0001638132242534365,0.0,0.0001638132242534365,300.85485791379284,300.94365618337736,-1.4546330848765316e-05
37,103,contact,0.0017080140648018682,-4.198593519813185e-05,4.198593519813185e-05,0.00013414161258823004,0.00013414161258823004,0.0,0.00013414161258823004,300.85485791379284,300.91903270475854,-8.6085099476508e-06
37,150,contact,0.0016346702638146931,-0.0001153297361853069,0.0001153297361853069,0.00022232190578911238,0.00022232190578911238,0.0,0.00022232190578911238,300.85485791379284,300.80284805798095,1.1562930263916079e-05
37,449,contact,0.0019326925564610638,-6.730744353893622e-05,6.730744353893622e-05,0.0001776242217685312,0.0001776242217685312,0.0,0.0001776242217685312,300.85485791379284,300.8079732849761,8.327845706485168e-06
37,492,contact,0.001871996113220712,-0.00012800388677928804,0.00012800388677928804,0.00024495269324461666,0.00024495269324461666,0.0,0.00024495269324461666,300.85485791379284,300.8415326272538,3.264064825994866e-06
38,96,contact,0.0014957299820823272,-4.2700179176727825e-06,4.2700179176727825e-06,4.001570590564777e-05,4.001570590564777e-05,0.0,4.001570590564777e-05,300.1776800380572,300.11251016799304,2.6078183543964327e-06
38,130,contact,0.001733129264942462,-1.687073505753805e-05,1.687073505753805e-05,8.503125910310375e-05,8.503125910310375e-05,0.0,8.503125910310375e-05,300.1776800380572,300.15781038298206,1.689541788982382e-06
38,139,contact,0.0017406875006732256,-9.312499326774408e-06,9.312499326774408e-06,6.317492493106878e-05,6.317492493106878e-05,0.0,6.317492493106878e-05,300.1776800380572,300.2366337865327,-3.7243986343458925e-06
38,249,contact,0.0017310403482876991,-1.8959651712300912e-05,1.8959651712300912e-05,9.014191599670785e-05,9.014191599670785e-05,0.0,9.014191599670785e-05,300.1776800380572,300.258234836002,-7.261363829470597e-06
38,311,contact,0.0017340549687077397,-1.5945031292260298e-05,1.5945031292260298e-05,8.266549969328273e-05,8.266549969328273e-05,0.0,8.266549969328273e-05,300.1776800380572,300.09882427515726,6.518651043818089e-06
38,498,contact,0.0019806974077076996,-1.9302592292300396e-05,1.9302592292300396e-05,9.512144940556682e-05,9.512144940556682e-05,0.0,9.512144940556682e-05,300.1776800380572,300.17589546394004,1.6975127659522608e-07
39,116,contact,0.0017103869925838414,-3.961300741615859e-05,3.961300741615859e-05,0.0001302958294741381,0.0001302958294741381,0.0,0.0001302958294741381,300.6183537442868,300.5568202987606,8.01755132523905e-06
39,134,contact,0.0016651611071905317,-8.483889280946834e-05,8.483889280946834e-05,0.0001906817387422617,0.0001906817387422617,0.0,0.0001906817387422617,300.6183537442868,300.73801700541037,-2.2817598694607543e-05
39,282,contact,0.001726778492048127,-2.3221507951872973e-05,2.3221507951872973e-05,9.976008638988335e-05,9.976008638988335e-05,0.0,9.976008638988335e-05,300.6183537442868,300.64400897256337,-2.5593677892206376e-06
39,431,contact,0.0019259060078051584,-7.40939921948416e-05,7.40939921948416e-05,0.00018636404921908088,0.00018636404921908088,0.0,0.00018636404921908088,300.6183537442868,300.5594807556612,1.0971808549902676e-05
39,500,contact,0.001945630623345552,-5.436937665444794e-05,5.436937665444794e-05,0.00015964224161158747,0.00015964224161158747,0.0,0.00015964224161158747,300.6183537442868,300.5783417365363,6.387606608675377e-06
40,89,contact,0.0014348071382942029,-6.519286170579715e-05,6.519286170579715e-05,0.00015635639782136812,0.00015635639782136812,0.0,0.00015635639782136812,300.0520423474739,300.05479005061835,-4.296209659487261e-07
40,130,contact,0.001710202707195847,-3.979729280415294e-05,3.979729280415294e-05,0.0001305985552383764,0.0001305985552383764,0.0,0.0001305985552383764,300.0520423474739,300.15781038298206,-1.3813152627767375e-05
40,264,contact,0.001691051836106747,-5.894816389325299e-05,5.894816389325299e-05,0.0001589449552876534,0.0001589449552876534,0.0,0.0001589449552876534,300.0520423474739,300.0534697050173,-2.2687128091165357e-07
40,270,contact,0.0017166379337530669,-3.3362066246933175e-05,3.3362066246933175e-05,0.0001195743634377486,0.0001195743634377486,0.0,0.0001195743634377486,300.0520423474739,300.04343720373237,1.028954585184199e-06
40,321,contact,0.001741844591259507,-8.155408740492982e-06,8.155408740492982e-06,5.9120006550211006e-05,5.9120006550211006e-05,0.0,5.9120006550211006e-05,300.0520423474739,300.0665684840968,-8.587852922962454e-07
41,44,contact,0.0014068608027756654,-9.313919722433463e-05,9.313919722433463e-05,0.00018688819909005888,0.00018688819909005888,0.0,0.00018688819909005888,300.6092005734805,300.69073964852106,-1.5238690889798062e-05
41,282,contact,0.0016840139705477503,-6.598602945224975e-05,6.598602945224975e-05,0.00016816577210629704,0.00016816577210629704,0.0,0.00016816577210629704,300.6092005734805,300.64400897256337,-5.8535813075537285e-06
41,289,contact,0.001648787731547029,-0.00010121226845297105,0.00010121226845297105,0.0002082707048046958,0.0002082707048046958,0.0,0.0002082707048046958,300.6092005734805,300.64463178447755,-7.379283286438761e-06
41,350,contact,0.0016164973795215387,-0.00013350262047846133,0.00013350262047846133,0.00023919742635840257,0.00023919742635840257,0.0,0.00023919742635840257,300.6092005734805,300.5056768166784,2.4762616194023382e-05
41,416,contact,0.0018931861241105368,-0.00010681387588946326,0.00010681387588946326,0.0002237610429077991,0.0002237610429077991,0.0,0.0002237610429077991,300.6092005734805,300.62689291863535,-3.9588576033321605e-06
42,152,contact,0.0016589786284639113,-9.102137153608873e-05,9.102137153608873e-05,0.00019750736500128877,0.00019750736500128877,0.0,0.00019750736500128877,300.6116025562925,300.5853939505608,5.17639265842783e-06
42,177,contact,0.0016645297045411954,-8.547029545880459e-05,8.547029545880459e-05,0.00019138998569727197,0.00019138998569727197,0.0,0.00019138998569727197,300.6116025562925,300.64472824100324,-6.3399243230008185e-06
42,226,contact,0.0016298313138055117,-0.00012016868619448831,0.00012016868619448831,0.00022693802130080266,0.00022693802130080266,0.0,0.00022693802130080266,300.6116025562925,300.5571235737294,1.2363352505343744e-05
42,260,contact,0.0016253015533740194,-0.00012469844662598068,0.00012469844662598068,0.00023117567218705037,0.00023117567218705037,0.0,0.00023117567218705037,300.6116025562925,300.71560272071025,-2.4042307916838285e-05
42,300,contact,0.001695266391898335,-5.473360810166511e-05,5.473360810166511e-05,0.0001531576332247248,0.0001531576332247248,0.0,0.0001531576332247248,300.6116025562925,300.527751122931,1.2842487076144078e-05
43,56,contact,0.0014425660600471645,-5.743393995283558e-05,5.743393995283558e-05,0.00014675737624498928,0.00014675737624498928,0.0,0.00014675737624498928,300.30159318306465,300.28059326209376,3.081893303040529e-06
43,97,contact,0.001489478178289297,-1.0521821710703051e-05,1.0521821710703051e-05,6.281467297943724e-05,6.281467297943724e-05,0.0,6.281467297943724e-05,300.30159318306465,300.2636160996112,2.3855180778398134e-06
43,212,contact,0.001582868657532898,-0.00016713134246710204,0.00016713134246710204,0.0002676335520822951,0.0002676335520822951,0.0,0.0002676335520822951,300.30159318306465,300.37346009859283,-1.9233997880003973e-05
43,296,contact,0.0017035755940961348,-4.6424405903865195e-05,4.6424405903865195e-05,0.0001410537981012896,0.0001410537981012896,0.0,0.0001410537981012896,300.30159318306465,300.3420813135582,-5.711004584134873e-06
43,354,contact,0.0015819644202383315,-0.00016803557976166855,0.00016803557976166855,0.00026835656964063043,0.00026835656964063043,0.0,0.00026835656964063043,300.30159318306465,300.2290121722497,1.9477591083343834e-05
44,77,contact,0.0014596153263429145,-4.038467365708549e-05,4.038467365708549e-05,0.0001230619869066279,0.0001230619869066279,0.0,0.0001230619869066279,300.69073964852106,300.72573318159505,-4.306373708967611e-06
44,248,contact,0.001574296814112574,-0.00017570318588742604,0.00017570318588742604,0.00027441094253022314,0.00027441094253022314,0.0,0.00027441094253022314,300.69073964852106,300.8003418847454,-3.007605294574723e-05
44,282,contact,0.0016118738222561622,-0.0001381261777438378,0.0001381261777438378,0.00024330419913924138,0.00024330419913924138,0.0,0.00024330419913924138,300.69073964852106,300.64400897256337,1.1369769689121163e-05
44,416,contact,0.0019683723674355923,-3.1627632564407756e-05,3.1627632564407756e-05,0.00012175981588589125,0.00012175981588589125,0.0,0.00012175981588589125,300.69073964852106,300.62689291863535,7.773966075800381e-06
45,180,contact,0.001717409104843689,-3.259089515631093e-05,3.259089515631093e-05,0.00011818429039242833,0.00011818429039242833,0.0,0.00011818429039242833,300.3846900868558,300.34605243500994,4.5663634658343935e-06
45,290,contact,0.0016716960006233198,-7.83039993766802e-05,7.83039993766802e-05,0.00018319076634950814,0.00018319076634950814,0.0,0.00018319076634950814,300.3846900868558,300.4366613601864,-9.520657389591214e-06
45,461,contact,0.0018943755984492615,-0.00010562440155073853,0.00010562440155073853,0.00022251165863142696,0.00022251165863142696,0.0,0.00022251165863142696,300.3846900868558,300.4313405048153,-1.0380261876013993e-05
45,471,contact,0.001983590061000508,-1.6409938999492092e-05,1.6409938999492092e-05,8.770495371421115e-05,8.770495371421115e-05,0.0,8.770495371421115e-05,300.3846900868558,300.3138555592117,6.212538968397114e-06
45,495,contact,0.0019197601010022066,-8.023989899779349e-05,8.023989899779349e-05,0.0001939393014714029,0.0001939393014714029,0.0,0.0001939393014714029,300.3846900868558,300.33765466514313,9.12201683136968e-06
46,65,contact,0.0014528100657143729,-4.718993428562716e-05,4.718993428562716e-05,0.00013302716022343025,0.00013302716022343025,0.0,0.00013302716022343025,300.04793469497974,300.15278600537994,-1.3948072068243052e-05
46,250,contact,0.0016994304360002492,-5.0569563999750856e-05,5.0569563999750856e-05,0.00014721640630584455,0.00014721640630584455,0.0,0.00014721640630584455,300.04793469497974,300.0537485679034,-8.558974785432631e-07
46,382,contact,0.0016932672459210327,-5.673275407896733e-05,5.673275407896733e-05,0.00015592959136230227,0.00015592959136230227,0.0,0.00015592959136230227,300.04793469497974,300.07141681561365,-3.6615574747644145e-06
47,115,contact,0.0016817275024214062,-6.827249757859386e-05,6.827249757859386e-05,0.00017105449955905097,0.00017105449955905097,0.0,0.00017105449955905097,300.1679637683065,300.1778532114342,-1.6916337451247696e-06
47,274,contact,0.0017346960108330228,-1.530398916697721e-05,1.530398916697721e-05,8.098674274307547e-05,8.098674274307547e-05,0.0,8.098674274307547e-05,300.1679637683065,300.2083370931832,-3.2697040754739605e-06
47,371,contact,0.0017192850985220573,-3.0714901477942686e-05,3.0714901477942686e-05,0.00011473242438313844,0.00011473242438313844,0.0,0.00011473242438313844,300.1679637683065,300.0631186117554,1.2029138995938226e-05
47,472,contact,0.001923309943820808,-7.669005617919208e-05,7.669005617919208e-05,0.00018960080124829718,0.00018960080124829718,0.0,0.00018960080124829718,300.1679637683065,300.20524104313245,-7.067801175353772e-06
48,275,contact,0.0016762457235647169,-7.375427643528318e-05,7.375427643528318e-05,0.00017778913244380647,0.00017778913244380647,0.0,0.00017778913244380647,300.9555620232884,300.9202363116749,6.280527620723466e-06
48,361,contact,0.0017111219619679364,-3.887803803206361e-05,3.887803803206361e-05,0.0001290814328222918,0.0001290814328222918,0.0,0.0001290814328222918,300.9555620232884,300.8908107605229,8.358185774819473e-06
48,406,contact,0.001890238335117823,-0.00010976166488217698,0.00010976166488217698,0.00022682764472947397,0.00022682764472947397,0.0,0.00022682764472947397,300.9555620232884,300.9193253680511,8.219475160351451e-06
49,131,contact,0.0017098806416823373,-4.0119358317662786e-05,4.0119358317662786e-05,0.0001311259345345907,0.0001311259345345907,0.0,0.0001311259345345907,300.7046541413755,300.6805994680964,3.1541915136494437e-06
49,233,contact,0.0017108397858946352,-3.916021410536484e-05,3.916021410536484e-05,0.00012954902123250186,0.00012954902123250186,0.0,0.00012954902123250186,300.7046541413755,300.7425938825977,-4.915056341150846e-06
49,383,contact,0.0017368401257743906,-1.315987422560944e-05,1.315987422560944e-05,7.509957454399965e-05,7.509957454399965e-05,0.0,7.509957454399965e-05,300.7046541413755,300.68120707342337,1.7608648275094896e-06
50,200,contact,0.0017068101203329522,-4.318987966704787e-05,4.318987966704787e-05,0.00013605127132347865,0.00013605127132347865,0.0,0.00013605127132347865,300.04966903162324,300.0674751917884,-2.4225507278582333e-06
50,251,contact,0.0016369098322448921,-0.00011309016775510792,0.00011309016775510792,0.000220152707801174,0.000220152707801174,0.0,0.000220152707801174,300.04966903162324,300.13934124350294,-1.9741580259836897e-05
50,256,contact,0.0016943375817569607,-5.566241824303932e-05,5.566241824303932e-05,0.00015445168210207266,0.00015445168210207266,0.0,0.00015445168210207266,300.04966903162324,300.0821867340432,-5.022413836858403e-06
51,61,contact,0.0014366776946065525,-6.33223053934475e-05,6.33223053934475e-05,0.00015409693222949902,0.00015409693222949902,0.0,0.00015409693222949902,300.94779411411577,300.94365618337736,6.37642432566983e-07
51,168,contact,0.0015587194450551395,-0.00019128055494486052,0.00019128055494486052,0.0002863169235142319,0.0002863169235142319,0.0,0.0002863169235142319,300.94779411411577,300.930421626066,4.9740373321987584e-06
51,492,contact,0.0017414085117881271,-0.0002585914882118729,0.0002585914882118729,0.00034815910170397013,0.00034815910170397013,0.0,0.00034815910170397013,300.94779411411577,300.8415326272538,3.699590381159085e-05
52,143,contact,0.001704948334962351,-4.505166503764903e-05,4.505166503764903e-05,0.00013895271298073572,0.00013895271298073572,0.0,0.00013895271298073572,300.0594487935492,300.14198155226734,-1.146815073366674e-05
52,207,contact,0.001703899094149651,-4.610090585034903e-05,4.610090585034903e-05,0.0001405614850473664,0.0001405614850473664,0.0,0.0001405614850473664,300.0594487935492,300.141279229215,-1.1502207559254885e-05
53,151,contact,0.001678575120362507,-7.142487963749311e-05,7.142487963749311e-05,0.0001749590314953268,0.0001749590314953268,0.0,0.0001749590314953268,300.3605705891625,300.45887374109066,-1.7199024254292e-05
53,390,contact,0.001706188816895715,-4.381118310428514e-05,4.381118310428514e-05,0.0001370263526859265,0.0001370263526859265,0.0,0.0001370263526859265,300.3605705891625,300.34293427295347,2.4166400849359104e-06
53,456,contact,0.0019501802830507737,-4.9819716949226324e-05,4.9819716949226324e-05,0.00015281685875566817,0.00015281685875566817,0.0,0.00015281685875566817,300.3605705891625,300.2638379099953,1.478238416934975e-05
54,444,contact,0.0019806614583691485,-1.9338541630851535e-05,1.9338541630851535e-05,9.520998576547344e-05,9.520998576547344e-05,0.0,9.520998576547344e-05,300.9089631542699,300.82272316598164,8.210908057338062e-06
55,258,contact,0.0015733171980246074,-0.00017668280197539262,0.00017668280197539262,0.0002751748550405666,0.0002751748550405666,0.0,0.0002751748550405666,300.06290839520915,300.1050134371657,-1.1586248816877362e-05
55,285,contact,0.001639092946601869,-0.00011090705339813112,0.00011090705339813112,0.0002180174174543969,0.0002180174174543969,0.0,0.0002180174174543969,300.06290839520915,300.0741193898354,-2.4441920955109147e-06
55,401,contact,0.001870744119889196,-0.0001292558801108041,0.0001292558801108041,0.00024614770728556345,0.00024614770728556345,0.0,0.00024614770728556345,300.06290839520915,300.15374219798053,-2.2358532296205552e-05
55,440,contact,0.0019488311625433343,-5.1168837456665736e-05,5.1168837456665736e-05,0.00015487218135550382,0.00015487218135550382,0.0,0.00015487218135550382,300.06290839520915,300.0755586548529,-1.9591733057409055e-06
56,212,contact,0.0017043234733465364,-4.56765266534636e-05,4.56765266534636e-05,0.00013991302398295817,0.00013991302398295817,0.0,0.00013991302398295817,300.28059326209376,300.37346009859283,-1.2993279922315823e-05
56,234,contact,0.0016832892364653195,-6.671076353468057e-05,6.671076353468057e-05,0.00016908674468789331,0.00016908674468789331,0.0,0.00016908674468789331,300.28059326209376,300.1801737921697,1.6979601272745993e-05
56,389,contact,0.0016846918605193065,-6.530813948069352e-05,6.530813948069352e-05,0.00016729973889574048,0.00016729973889574048,0.0,0.00016729973889574048,300.28059326209376,300.2446426135101,6.0145341211772495e-06
56,495,contact,0.0019686342454859405,-3.1365754514059516e-05,3.1365754514059516e-05,0.00012125468002706286,0.00012125468002706286,0.0,0.00012125468002706286,300.28059326209376,300.33765466514313,-6.918962168647155e-06
57,260,contact,0.0016372318809808222,-0.00011276811901917783,0.00011276811901917783,0.0002198390180685902,0.0002198390180685902,0.0,0.0002198390180685902,300.7607453560053,300.71560272071025,9.924112616295528e-06
57,322,contact,0.0016168241909941849,-0.00013317580900581516,0.00013317580900581516,0.00023890447194805276,0.00023890447194805276,0.0,0.00023890447194805276,300.7607453560053,300.7490515011341,2.793714223047302e-06
57,419,contact,0.0018321128446141084,-0.00016788715538589168,0.00016788715538589168,0.00028053004132737146,0.00028053004132737146,0.0,0.00028053004132737146,300.7607453560053,300.7580139793637,7.66233202158243e-07
57,446,contact,0.001964963389535795,-3.5036610464205236e-05,3.5036610464205236e-05,0.00012815385735550922,0.00012815385735550922,0.0,0.00012815385735550922,300.7607453560053,300.86596310223456,-1.3484060041530628e-05
58,101,contact,0.0017228779361579845,-2.7122063842015525e-05,2.7122063842015525e-05,0.00010781345763205112,0.00010781345763205112,0.0,0.00010781345763205112,300.29185462249217,300.3348871583165,-4.639486477898516e-06
58,210,contact,0.0016938652875893056,-5.613471241069446e-05,5.613471241069446e-05,0.00015510555725149769,0.00015510555725149769,0.0,0.00015510555725149769,300.29185462249217,300.2683597234762,3.6441894044422426e-06
58,242,contact,0.0017423921463321638,-7.60785366783626e-06,7.60785366783626e-06,5.710086439614525e-05,5.710086439614525e-05,0.0,5.710086439614525e-05,300.29185462249217,300.24780661797257,2.515179132994213e-06
58,261,contact,0.0017456993844588474,-4.300615541152604e-06,4.300615541152604e-06,4.2931584482852e-05,4.2931584482852e-05,0.0,4.2931584482852e-05,300.29185462249217,300.23090486147873,2.6166698141578224e-06
58,337,contact,0.0016928968461191016,-5.7103153880898446e-05,5.7103153880898446e-05,0.0001564377839099965,0.0001564377839099965,0.0,0.0001564377839099965,300.29185462249217,300.3182967758536,-4.1365518736680936e-06
59,74,contact,0.0014584649988943852,-4.153500110561483e-05,4.153500110561483e-05,0.00012480234538904132,0.00012480234538904132,0.0,0.00012480234538904132,300.1076504279452,300.12754358062705,-2.482712111876622e-06
59,185,contact,0.0016141737871121563,-0.00013582621288784377,0.00013582621288784377,0.000241270043923381,0.000241270043923381,0.0,0.000241270043923381,300.1076504279452,300.0644257269932,1.0428825497266388e-05
59,407,contact,0.0018210111402734474,-0.00017898885972655269,0.00017898885972655269,0.0002896567416733496,0.0002896567416733496,0.0,0.0002896567416733496,300.1076504279452,300.0848533766247,6.6033196052506386e-06
59,490,contact,0.0018679603924066487,-0.0001320396075933513,0.0001320396075933513,0.00024878417566112084,0.00024878417566112084,0.0,0.00024878417566112084,300.1076504279452,300.2081841400135,-2.5011196683060482e-05
60,262,contact,0.0016095644871085473,-0.00014043551289145279,0.00014043551289145279,0.00024532967285277824,0.00024532967285277824,0.0,0.00024532967285277824,300.9524909128978,300.87200024690276,1.9746748756269697e-05
60,384,contact,0.001636648306118636,-0.00011335169388136408,0.00011335169388136408,0.00022040711734816427,0.00022040711734816427,0.0,0.00022040711734816427,300.9524909128978,300.9212901482488,6.8768705953540466e-06
61,168,contact,0.0016269440352578203,-0.00012305596474217976,0.00012305596474217976,0.00022964814522175294,0.00022964814522175294,0.0,0.00022964814522175294,300.94365618337736,300.930421626066,3.0392915393857123e-06
61,428,contact,0.0018442350354629423,-0.00015576496453705772,0.00015576496453705772,0.0002702125591580558,0.0002702125591580558,0.0,0.0002702125591580558,300.94365618337736,300.9084317481629,9.518084784192402e-06
62,189,contact,0.0016325047156134033,-0.00011749528438659675,0.00011749528438659675,0.000224399469428896,0.000224399469428896,0.0,0.000224399469428896,300.50409815031765,300.58499969564303,-1.8154263846995114e-05
62,369,contact,0.001706537822991334,-4.346217700866594e-05,4.346217700866594e-05,0.0001364794757076252,0.0001364794757076252,0.0,0.0001364794757076252,300.50409815031765,300.43137182150576,9.925651226386015e-06
62,381,contact,0.001665837801498093,-8.416219850190701e-05,8.416219850190701e-05,0.00018991975580142902,0.00018991975580142902,0.0,0.00018991975580142902,300.50409815031765,300.46878687248466,6.706309263077629e-06
62,460,contact,0.001885288844235811,-0.00011471115576418907,0.00011471115576418907,0.0002318854334891772,0.0002318854334891772,0.0,0.0002318854334891772,300.50409815031765,300.49753325603086,1.522303357501164e-06
63,198,contact,0.001738410356647705,-1.158964335229505e-05,1.158964335229505e-05,7.047687569782339e-05,7.047687569782339e-05,0.0,7.047687569782339e-05,300.0756483991238,300.06487777449826,7.590799729218254e-07
63,258,contact,0.001709329676686157,-4.067032331384296e-05,4.067032331384296e-05,0.0001320232500852617,0.0001320232500852617,0.0,0.0001320232500852617,300.0756483991238,300.1050134371657,-3.876867761173054e-06
63,285,contact,0.001721192043439662,-2.8807956560337935e-05,2.8807956560337935e-05,0.00011111375746183587,0.00011111375746183587,0.0,0.00011111375746183587,300.0756483991238,300.0741193898354,1.6989396722707967e-07
63,326,contact,0.0016986093875873878,-5.1390612412612275e-05,5.1390612412612275e-05,0.00014840669855782732,0.00014840669855782732,0.0,0.00014840669855782732,300.0756483991238,300.0557847821195,2.94789382102806e-06
64,144,contact,0.0016813355760822999,-6.866442391770017e-05,6.866442391770017e-05,0.0001715447762260423,0.0001715447762260423,0.0,0.0001715447762260423,300.7348239308783,300.64718160224976,1.5034583652510964e-05
64,380,contact,0.0016835252027219553,-6.647479727804476e-05,6.647479727804476e-05,0.00016878743683535144,0.00016878743683535144,0.0,0.00016878743683535144,300.7348239308783,300.80908291715474,-1.2533983955593122e-05
64,419,contact,0.0019751947416647305,-2.480525833526955e-05,2.480525833526955e-05,0.00010783072310180248,0.00010783072310180248,0.0,0.00010783072310180248,300.7348239308783,300.7580139793637,-2.500599696945412e-06
65,87,contact,0.0014034467732981547,-9.655322670184532e-05,9.655322670184532e-05,0.00019028257937391956,0.00019028257937391956,0.0,0.00019028257937391956,300.15278600537994,300.2207768210859,-1.2937467786268497e-05
65,274,contact,0.0017085316081906325,-4.146839180936752e-05,4.146839180936752e-05,0.00013331229470045278,0.00013331229470045278,0.0,0.00013331229470045278,300.15278600537994,300.2083370931832,-7.405642988161665e-06
65,382,contact,0.0016429833477013692,-0.00010701665229863083,0.00010701665229863083,0.00021415947225503725,0.00021415947225503725,0.0,0.00021415947225503725,300.15278600537994,300.07141681561365,1.742598273816908e-05
65,427,contact,0.0019435883100391903,-5.641168996080976e-05,5.641168996080976e-05,0.00016261297509463865,0.00016261297509463865,0.0,0.00016261297509463865,300.15278600537994,300.21282943045287,-9.763839985981751e-06
65,464,contact,0.001960115769315935,-3.988423068406518e-05,3.988423068406518e-05,0.00013673234121141769,0.00013673234121141769,0.0,0.00013673234121141769,300.15278600537994,300.16205304516455,-1.267104045850135e-06
66,178,contact,0.0016772439007490827,-7.275609925091737e-05,7.275609925091737e-05,0.00017658195092718366,0.00017658195092718366,0.0,0.00017658195092718366,300.2854160832597,300.32847946895174,-7.6042166590320995e-06
66,276,contact,0.0017308405165410246,-1.9159483458975474e-05,1.9159483458975474e-05,9.061571164375289e-05,9.061571164375289e-05,0.0,9.061571164375289e-05,300.2854160832597,300.3118535097094,-2.3956462117705544e-06
66,390,contact,0.0016880270992196778,-6.197290078032228e-05,6.197290078032228e-05,0.00016297182155249453,0.00016297182155249453,0.0,0.00016297182155249453,300.2854160832597,300.34293427295347,-9.37384414679735e-06
66,498,contact,0.0019332436792344615,-6.675632076553854e-05,6.675632076553854e-05,0.00017689552102539565,0.00017689552102539565,0.0,0.00017689552102539565,300.2854160832597,300.17589546394004,1.937370701757406e-05
67,132,contact,0.0017490780771755165,-9.219228244835773e-07,9.219228244835773e-07,1.9877368586448587e-05,1.9877368586448587e-05,0.0,1.9877368586448587e-05,300.9454679213987,300.81585740044096,2.576316097758345e-06
68,200,contact,0.00170516961854239,-4.483038145761012e-05,4.483038145761012e-05,0.00013861104077486053,0.00013861104077486053,0.0,0.00013861104077486053,300.1395057012799,300.0674751917884,9.984223888163905e-06
68,202,contact,0.001746987183888022,-3.0128161119780637e-06,3.0128161119780637e-06,3.5933367572960035e-05,3.5933367572960035e-05,0.0,3.5933367572960035e-05,300.1395057012799,300.1724705140515,-1.1845367342950405e-06
68,219,contact,0.0016283216880272763,-0.00012167831197272376,0.00012167831197272376,0.00022835903307798049,0.00022835903307798049,0.0,0.00022835903307798049,300.1395057012799,300.0709660560635,1.565164710912265e-05
68,477,contact,0.0018896710888935144,-0.00011032891110648564,0.00011032891110648564,0.0002274130099206401,0.0002274130099206401,0.0,0.0002274130099206401,300.1395057012799,300.1911669077003,-1.1748430448186191e-05
69,289,contact,0.001749998522225015,-1.4777749850636984e-09,1.4777749850636984e-09,7.958216737786617e-07,7.958216737786617e-07,0.0,7.958216737786617e-07,300.64463178447755,300.64463178447755,0.0
70,80,contact,0.0013865513642216786,-0.00011344863577832142,0.00011344863577832142,0.00020626012318640394,0.00020626012318640394,0.0,0.00020626012318640394,300.9490234368338,300.9269786636619,4.546957630052246e-06
70,128,contact,0.0017080030239329214,-4.19969760670786e-05,4.19969760670786e-05,0.00013415924876335574,0.00013415924876335574,0.0,0.00013415924876335574,300.9490234368338,300.9363523854187,1.6999387388931983e-06
70,145,contact,0.0016679685960619877,-8.203140393801237e-05,8.203140393801237e-05,0.00018750017592907445,0.00018750017592907445,0.0,0.00018750017592907445,300.9490234368338,300.8734479855274,1.4170410415870361e-05
71,176,contact,0.0017212982994821088,-2.8701700517891207e-05,2.8701700517891207e-05,0.00011090865066973786,0.00011090865066973786,0.0,0.00011090865066973786,300.8158169351198,300.78035968738465,3.932515502769954e-06
71,295,contact,0.0016673688427279677,-8.263115727203231e-05,8.263115727203231e-05,0.00018818435938351856,0.00018818435938351856,0.0,0.00018818435938351856,300.8158169351198,300.8397450254666,-4.502892353178163e-06
71,377,contact,0.0017233263309138522,-2.6673669086147876e-05,2.6673669086147876e-05,0.00010691853190860762,0.00010691853190860762,0.0,0.00010691853190860762,300.8158169351198,300.93814791723105,-1.307944901427156e-05
71,484,contact,0.0019285935828214297,-7.140641717857032e-05,7.140641717857032e-05,0.00018295288478855653,0.00018295288478855653,0.0,0.00018295288478855653,300.8158169351198,300.7412085140477,1.3649825864665118e-05
72,151,contact,0.001718860264303065,-3.1139735696935136e-05,3.1139735696935136e-05,0.00011552316223585727,0.00011552316223585727,0.0,0.00011552316223585727,300.4002188962695,300.45887374109066,-6.7759931541926055e-06
72,235,contact,0.001686878492423209,-6.312150757679111e-05,6.312150757679111e-05,0.00016447514911307304,0.00016447514911307304,0.0,0.00016447514911307304,300.4002188962695,300.3090233003338,1.499940923997774e-05
72,315,contact,0.001658347232216461,-9.165276778353901e-05,9.165276778353901e-05,0.00019819121479398806,0.00019819121479398806,0.0,0.00019819121479398806,300.4002188962695,300.38508153699354,3.000091623677194e-06
72,334,contact,0.0016716690962926847,-7.83309037073153e-05,7.83309037073153e-05,0.0001832222347400422,0.0001832222347400422,0.0,0.0001832222347400422,300.4002188962695,300.46147515005015,-1.122350770949223e-05
73,140,contact,0.0017419808023626437,-8.019197637356302e-06,8.019197637356302e-06,5.8624218437761836e-05,5.8624218437761836e-05,0.0,5.8624218437761836e-05,300.75824401604405,300.83170212152316,-4.306424021632036e-06
73,166,contact,0.0016373502906220161,-0.00011264970937798391,0.00011264970937798391,0.00021972356923252183,0.00021972356923252183,0.0,0.00021972356923252183,300.75824401604405,300.7916575889074,-7.341749490349905e-06
73,378,contact,0.0016703582519028667,-7.964174809713337e-05,7.964174809713337e-05,0.00018474895874108277,0.00018474895874108277,0.0,0.00018474895874108277,300.75824401604405,300.7518154979696,1.1876620205069079e-06
74,490,contact,0.0019417463951299106,-5.8253604870089426e-05,5.8253604870089426e-05,0.00016524641382751522,0.00016524641382751522,0.0,0.00016524641382751522,300.12754358062705,300.2081841400135,-1.3325563247653705e-05
76,425,contact,0.001959831393921426,-4.0168606078574195e-05,4.0168606078574195e-05,0.00013721892762783003,0.00013721892762783003,0.0,0.00013721892762783003,300.4315248394607,300.5041609169577,-9.967044661231525e-06
76,467,contact,0.001960545855163811,-3.9454144836189014e-05,3.9454144836189014e-05,0.00013599312626733602,0.00013599312626733602,0.0,0.00013599312626733602,300.4315248394607,300.4062351291905,3.4392267620339604e-06
76,487,contact,0.001994353769971616,-5.646230028384137e-06,5.646230028384137e-06,5.144579988497666e-05,5.144579988497666e-05,0.0,5.144579988497666e-05,300.4315248394607,300.30463755393305,6.527817899202346e-06
77,124,contact,0.0017417334295752613,-8.26657042473874e-06,8.26657042473874e-06,5.9521558248391e-05,5.9521558248391e-05,0.0,5.9521558248391e-05,300.72573318159505,300.739058110355,-7.931205233422769e-07
77,282,contact,0.0016522883057747525,-9.771169422524749e-05,9.771169422524749e-05,0.00020463733868052752,0.00020463733868052752,0.0,0.00020463733868052752,300.72573318159505,300.64400897256337,1.6723824642013464e-05
77,292,contact,0.0016451277602675346,-0.00010487223973246543,0.00010487223973246543,0.0002120029377146176,0.0002120029377146176,0.0,0.0002120029377146176,300.72573318159505,300.79964860806956,-1.5670287555025765e-05
77,363,contact,0.0017328555489711185,-1.714445102888153e-05,1.714445102888153e-05,8.571827033672959e-05,8.571827033672959e-05,0.0,8.571827033672959e-05,300.72573318159505,300.7790099247512,-4.566790272521529e-06
79,160,contact,0.001741608873850694,-8.391126149306016e-06,8.391126149306016e-06,5.9968299301640606e-05,5.9968299301640606e-05,0.0,5.9968299301640606e-05,300.3421570343754,300.36386220921094,-1.3016224209307503e-06
79,273,contact,0.0017145506070241155,-3.5449392975884586e-05,3.5449392975884586e-05,0.00012325825323143607,0.00012325825323143607,0.0,0.00012325825323143607,300.3421570343754,300.28682919292345,6.81961309243561e-06
79,281,contact,0.0016778429501244957,-7.215704987550433e-05,7.215704987550433e-05,0.0001758534900041643,0.0001758534900041643,0.0,0.0001758534900041643,300.3421570343754,300.27976024069744,1.0972693933341915e-05
79,388,contact,0.0016995778469987776,-5.042215300122242e-05,5.042215300122242e-05,0.00014700168075019088,0.00014700168075019088,0.0,0.00014700168075019088,300.3421570343754,300.3253992659863,2.4634201188261298e-06
79,436,contact,0.001920791502955603,-7.920849704439706e-05,7.920849704439706e-05,0.00019268882424666232,0.00019268882424666232,0.0,0.00019268882424666232,300.3421570343754,300.4405234279522,-1.8954104723694606e-05
80,192,contact,0.0016607625490249955,-8.923745097500456e-05,8.923745097500456e-05,0.0001955623221544235,0.0001955623221544235,0.0,0.0001955623221544235,300.9269786636619,300.94007634967727,-2.5614138920182245e-06
80,295,contact,0.0017214891432199048,-2.851085678009526e-05,2.851085678009526e-05,0.00011053930803130995,0.00011053930803130995,0.0,0.00011053930803130995,300.9269786636619,300.8397450254666,9.642746003162168e-06
80,377,contact,0.0016298648602141846,-0.00012013513978581546,0.00012013513978581546,0.00022690634296915367,0.00022690634296915367,0.0,0.00022690634296915367,300.9269786636619,300.93814791723105,-2.5343744810742927e-06
81,144,contact,0.0016403988566199381,-0.00010960114338006192,0.00010960114338006192,0.00021673005927063993,0.00021673005927063993,0.0,0.00021673005927063993,300.5717102675922,300.64718160224976,-1.6356906833565105e-05
81,225,contact,0.0016759168984171026,-7.408310158289744e-05,7.408310158289744e-05,0.00017818501810866314,0.00017818501810866314,0.0,0.00017818501810866314,300.5717102675922,300.48183413569797,1.6014580189112353e-05
81,300,contact,0.0016611865607751586,-8.881343922484148e-05,8.881343922484148e-05,0.0001950971617551933,0.0001950971617551933,0.0,0.0001950971617551933,300.5717102675922,300.527751122931,8.576304356583565e-06
81,309,contact,0.0016272497954831647,-0.00012275020451683535,0.00012275020451683535,0.00022936266153673565,0.00022936266153673565,0.0,0.00022936266153673565,300.5717102675922,300.60760964919575,-8.23397771211137e-06
82,105,contact,0.0017006646163333734,-4.933538366662664e-05,4.933538366662664e-05,0.00014540885756076106,0.00014540885756076106,0.0,0.00014540885756076106,300.03917250588273,300.08454289220396,-6.5972560420595675e-06
82,250,contact,0.001745820206677495,-4.179793322505116e-06,4.179793322505116e-06,4.2324224687043415e-05,4.2324224687043415e-05,0.0,4.2324224687043415e-05,300.03917250588273,300.0537485679034,-6.169205240161448e-07
82,371,contact,0.001710011923935035,-3.9988076064965006e-05,3.9988076064965006e-05,0.0001309112175674224,0.0001309112175674224,0.0,0.0001309112175674224,300.03917250588273,300.0631186117554,-3.134813875787452e-06
83,98,contact,0.0014596790430776209,-4.0320956922379166e-05,4.0320956922379166e-05,0.00012296486834007585,0.00012296486834007585,0.0,0.00012296486834007585,300.6449121936665,300.70629140486085,-7.5474866233274185e-06
83,438,contact,0.001990115768743115,-9.884231256885104e-06,9.884231256885104e-06,6.806785880035373e-05,6.806785880035373e-05,0.0,6.806785880035373e-05,300.6449121936665,300.5379875841079,7.278129225719933e-06
83,485,contact,0.001964847328165728,-3.515267183427191e-05,3.515267183427191e-05,0.0001283659414420934,0.0001283659414420934,0.0,0.0001283659414420934,300.6449121936665,300.64281383802347,2.693573976012761e-07
84,324,contact,0.0016878324483194417,-6.216755168055835e-05,6.216755168055835e-05,0.00016322756027866437,0.00016322756027866437,0.0,0.00016322756027866437,300.36109175535546,300.44641166443404,-1.3926560602093737e-05
84,443,contact,0.001969275226295198,-3.072477370480225e-05,3.072477370480225e-05,0.00012000932328001044,0.00012000932328001044,0.0,0.00012000932328001044,300.36109175535546,300.33310849075156,3.358252648279987e-06
84,478,contact,0.0019386032365855564,-6.139676341444366e-05,6.139676341444366e-05,0.00016964590431401655,0.00016964590431401655,0.0,0.00016964590431401655,300.36109175535546,300.29879548008404,1.0568307953815219e-05
85,392,contact,0.0017214825285491574,-2.8517471450842597e-05,2.8517471450842597e-05,0.00011055213014199474,0.00011055213014199474,0.0,0.00011055213014199474,300.4087816243904,300.4919451952133,-9.193909904689863e-06
85,426,contact,0.0019611305722465294,-3.8869427753470635e-05,3.8869427753470635e-05,0.00013498164415741632,0.00013498164415741632,0.0,0.00013498164415741632,300.4087816243904,300.4953397926773,-1.1683763870627662e-05
85,443,contact,0.0019581075122679045,-4.189248773209557e-05,4.189248773209557e-05,0.00014013245029050124,0.00014013245029050124,0.0,0.00014013245029050124,300.4087816243904,300.33310849075156,1.0604261637967794e-05
85,478,contact,0.001981387179629463,-1.861282037053701e-05,1.861282037053701e-05,9.340642134612171e-05,9.340642134612171e-05,0.0,9.340642134612171e-05,300.4087816243904,300.29879548008404,1.0273412137312708e-05
86,226,contact,0.0016511312915770805,-9.88687084229195e-05,9.88687084229195e-05,0.00020584533905294684,0.00020584533905294684,0.0,0.00020584533905294684,300.4988343064784,300.5571235737294,-1.1998573980438389e-05
86,350,contact,0.0016709913106720449,-7.900868932795516e-05,7.900868932795516e-05,0.0001840132246737661,0.0001840132246737661,0.0,0.0001840132246737661,300.4988343064784,300.5056768166784,-1.2591123667628964e-06
86,496,contact,0.0019263865628165084,-7.36134371834916e-05,7.36134371834916e-05,0.00018575871091219836,0.00018575871091219836,0.0,0.00018575871091219836,300.4988343064784,300.42746383732464,1.325768634719917e-05
87,115,contact,0.0017194442035297366,-3.0555796470263475e-05,3.0555796470263475e-05,0.0001144348781814296,0.0001144348781814296,0.0,0.0001144348781814296,300.2207768210859,300.1778532114342,4.911958041602149e-06
87,154,contact,0.0015563951177901439,-0.00019360488220985616,0.00019360488220985616,0.0002880512470847526,0.0002880512470847526,0.0,0.0002880512470847526,300.2207768210859,300.27749997408745,-1.633917496067339e-05
87,263,contact,0.0016271043759083189,-0.00012289562409168115,0.00012289562409168115,0.00022949848187329926,0.00022949848187329926,0.0,0.00022949848187329926,300.2207768210859,300.30493297769317,-1.931371018165875e-05
87,274,contact,0.0017146573061673901,-3.534269383260991e-05,3.534269383260991e-05,0.00012307261590379983,0.00012307261590379983,0.0,0.00012307261590379983,300.2207768210859,300.2083370931832,1.5309898541153007e-06
87,464,contact,0.0018361910208091103,-0.0001638089791908897,0.0001638089791908897,0.0002771018928043068,0.0002771018928043068,0.0,0.0002771018928043068,300.2207768210859,300.16205304516455,1.6272469460422284e-05
88,93,contact,0.001400667426977582,-9.933257302241808e-05,9.933257302241808e-05,0.00019300185202066527,0.00019300185202066527,0.0,0.00019300185202066527,300.5931333728207,300.537019867917,1.0830010369783248e-05
88,222,contact,0.0016503013913634077,-9.969860863659236e-05,9.969860863659236e-05,0.00020670746268571958,0.00020670746268571958,0.0,0.00020670746268571958,300.5931333728207,300.6047712525274,-2.4056365852159345e-06
88,338,contact,0.001730811733493855,-1.918826650614512e-05,1.918826650614512e-05,9.06837515123184e-05,9.06837515123184e-05,0.0,9.06837515123184e-05,300.5931333728207,300.62031680434274,-2.4650955493948907e-06
88,421,contact,0.0019842223289452173,-1.5777671054782727e-05,1.5777671054782727e-05,8.599874014733822e-05,8.599874014733822e-05,0.0,8.599874014733822e-05,300.5931333728207,300.6049001198905,-1.0119254236326983e-06
88,483,contact,0.0018475754258678058,-0.00015242457413219422,0.00015242457413219422,0.00026729949331127814,0.00026729949331127814,0.0,0.00026729949331127814,300.5931333728207,300.61164202298795,-4.947352811577476e-06
89,96,contact,0.0014163172643514592,-8.368273564854085e-05,8.368273564854085e-05,0.00017714690476608057,0.00017714690476608057,0.0,0.00017714690476608057,300.05479005061835,300.11251016799304,-1.0224940135660447e-05
89,130,contact,0.0016965910423552284,-5.3408957644771656e-05,5.3408957644771656e-05,0.00015129293862018383,0.00015129293862018383,0.0,0.00015129293862018383,300.05479005061835,300.15781038298206,-1.5586248820934085e-05
89,375,contact,0.0017079794800875093,-4.20205199124907e-05,4.20205199124907e-05,0.0001341968488758596,0.0001341968488758596,0.0,0.0001341968488758596,300.05479005061835,300.0641200578097,-1.2520575650685205e-06
90,313,contact,0.001724705471116736,-2.529452888326393e-05,2.529452888326393e-05,0.00010411778127938418,0.00010411778127938418,0.0,0.00010411778127938418,300.5768712307545,300.4894605445142,9.101006711445879e-06
90,421,contact,0.0019412461618169396,-5.875383818306043e-05,5.875383818306043e-05,0.0001659543962909979,0.0001659543962909979,0.0,0.0001659543962909979,300.5768712307545,300.6049001198905,-4.651517375273865e-06
90,491,contact,0.0019426595532413805,-5.734044675861959e-05,5.734044675861959e-05,0.0001639461326719936,0.0001639461326719936,0.0,0.0001639461326719936,300.5768712307545,300.6040111776606,-4.449489336181282e-06
91,327,contact,0.0016175592703205662,-0.0001324407296794338,0.0001324407296794338,0.00023824422914261184,0.00023824422914261184,0.0,0.00023824422914261184,300.7287634441808,300.7221067261693,1.5859246512760183e-06
91,368,contact,0.0016376962580986838,-0.00011230374190131622,0.00011230374190131622,0.00021938590451659398,0.00021938590451659398,0.0,0.00021938590451659398,300.7287634441808,300.6979449682647,6.761139214671665e-06
91,409,contact,0.0019447332943105596,-5.526670568944047e-05,5.526670568944047e-05,0.00016095424285157947,0.00016095424285157947,0.0,0.00016095424285157947,300.7287634441808,300.78062330023715,-8.347063865942233e-06
92,306,contact,0.001647710720666707,-0.00010228927933329302,0.00010228927933329302,0.00020937588822835188,0.00020937588822835188,0.0,0.00020937588822835188,300.5814098231041,300.6698805776478,-1.8523642814824057e-05
92,319,contact,0.0016795726469551713,-7.042735304482869e-05,7.042735304482869e-05,0.00017373298853391828,0.00017373298853391828,0.0,0.00017373298853391828,300.5814098231041,300.6058738122269,-4.250201941766627e-06
92,425,contact,0.0019657109714299307,-3.4289028570069335e-05,3.4289028570069335e-05,0.00012677926542704055,0.00012677926542704055,0.0,0.00012677926542704055,300.5814098231041,300.5041609169577,9.793559576282272e-06
92,452,contact,0.0019207560454154507,-7.924395458454932e-05,7.924395458454932e-05,0.00019273194782263653,0.00019273194782263653,0.0,0.00019273194782263653,300.5814098231041,300.4849867239523,1.8583811714614657e-05
92,468,contact,0.0019007312092981475,-9.926879070185253e-05,9.926879070185253e-05,0.00021571334136184848,0.00021571334136184848,0.0,0.00021571334136184848,300.5814098231041,300.60738654989797,-5.6035265343529024e-06
93,338,contact,0.0015960603667894272,-0.0001539396332105728,0.0001539396332105728,0.00025685429433594623,0.00025685429433594623,0.0,0.00025685429433594623,300.537019867917,300.62031680434274,-2.1395175825972177e-05
93,341,contact,0.0015646458557769555,-0.00018535414422304452,0.00018535414422304452,0.00028184657241361795,0.00028184657241361795,0.0,0.00028184657241361795,300.537019867917,300.46104403501613,2.1413528089386927e-05
93,438,contact,0.0019302646919528937,-6.973530804710629e-05,6.973530804710629e-05,0.0001807994072088763,0.0001807994072088763,0.0,0.0001807994072088763,300.537019867917,300.5379875841079,-1.7496251365594749e-07
93,452,contact,0.0019048898558446888,-9.51101441553112e-05,9.51101441553112e-05,0.0002111465843266287,0.0002111465843266287,0.0,0.0002111465843266287,300.537019867917,300.4849867239523,1.0986620619923533e-05
94,157,contact,0.001675050451896897,-7.494954810310299e-05,7.494954810310299e-05,0.00017922397970508816,0.00017922397970508816,0.0,0.00017922397970508816,300.62139737412247,300.7130543407675,-1.6427126329816766e-05
94,355,contact,0.0016199550732350582,-0.00013004492676494186,0.00013004492676494186,0.00023607952059024082,0.00023607952059024082,0.0,0.00023607952059024082,300.62139737412247,300.64399960589105,-5.335924040197635e-06
94,438,contact,0.001854767371343371,-0.00014523262865662905,0.00014523262865662905,0.00026091721806503087,0.00026091721806503087,0.0,0.00026091721806503087,300.62139737412247,300.5379875841079,2.1763050369990183e-05
95,279,contact,0.0016672126240575916,-8.278737594240846e-05,8.278737594240846e-05,0.00018836216173987258,0.00018836216173987258,0.0,0.00018836216173987258,300.9449966087469,300.9459600110542,-1.8146854122134323e-07
95,361,contact,0.0016345331412244294,-0.00011546685877557067,0.00011546685877557067,0.00022245403259572912,0.00022245403259572912,0.0,0.00022245403259572912,300.9449966087469,300.8908107605229,1.2053860447047708e-05
95,447,contact,0.001969821892956315,-3.0178107043685176e-05,3.0178107043685176e-05,0.00011893690628533865,0.00011893690628533865,0.0,0.00011893690628533865,300.9449966087469,300.85684205996336,1.0484829307297037e-05
95,482,contact,0.0019858155811255484,-1.4184418874451602e-05,1.4184418874451602e-05,8.154107153698183e-05,8.154107153698183e-05,0.0,8.154107153698183e-05,300.9449966087469,300.9164462271999,2.328028704132584e-06
96,414,contact,0.001920738275507623,-7.926172449237707e-05,7.926172449237707e-05,0.0001927535560133762,0.0001927535560133762,0.0,0.0001927535560133762,300.11251016799304,300.1809764195333,-1.3197113451291e-05
97,405,contact,0.0019780636366911962,-2.1936363308803792e-05,2.1936363308803792e-05,0.00010140350240993542,0.00010140350240993542,0.0,0.00010140350240993542,300.2636160996112,300.35516317146306,-9.283193721150079e-06
98,306,contact,0.0016523366910227478,-9.766330897725221e-05,9.766330897725221e-05,0.00020458666585922408,0.00020458666585922408,0.0,0.00020458666585922408,300.70629140486085,300.6698805776478,7.4491697406934994e-06
98,391,contact,0.0016652075246346917,-8.47924753653083e-05,8.47924753653083e-05,0.00019062956827160324,0.00019062956827160324,0.0,0.00019062956827160324,300.70629140486085,300.66268877576186,8.311950360646237e-06
98,481,contact,0.0019110846012670396,-8.891539873296045e-05,8.891539873296045e-05,0.00020415458152114836,0.00020415458152114836,0.0,0.00020415458152114836,300.70629140486085,300.82046276732046,-2.330860672464205e-05
99,147,contact,0.0015704845900867668,-0.00017951540991323323,0.00017951540991323323,0.00027737190859403903,0.00027737190859403903,0.0,0.00027737190859403903,300.82133360258547,300.8647210085314,-1.2034447596160631e-05
99,166,contact,0.0015191399034322013,-0.00023086009656779873,0.00023086009656779873,0.0003145473595282584,0.0003145473595282584,0.0,0.0003145473595282584,300.82133360258547,300.7916575889074,9.334511743757082e-06
99,380,contact,0.0016366652997176915,-0.00011333470028230858,0.00011333470028230858,0.00022039059509585174,0.00022039059509585174,0.0,0.00022039059509585174,300.82133360258547,300.80908291715474,2.699935852410431e-06
100,199,contact,0.0016923999224178659,-5.7600077582134175e-05,5.7600077582134175e-05,0.00015711698678118913,0.00015711698678118913,0.0,0.00015711698678118913,300.61710789027916,300.6714362466923,-8.535907656404369e-06
100,288,contact,0.001653553842153318,-9.644615784668194e-05,9.644615784668194e-05,0.00020330781502091348,0.00020330781502091348,0.0,0.00020330781502091348,300.61710789027916,300.6209388682758,-7.788677658905951e-07
100,438,contact,0.0019296815720734857,-7.03184279265143e-05,7.03184279265143e-05,0.0001815537471124008,0.0001815537471124008,0.0,0.0001815537471124008,300.61710789027916,300.5379875841079,1.4364588058073062e-05
100,485,contact,0.0019176730534687088,-8.232694653129125e-05,8.232694653129125e-05,0.0001964453007494523,0.0001964453007494523,0.0,0.0001964453007494523,300.61710789027916,300.64281383802347,-5.049812635681383e-06
101,163,contact,0.0019154497271659217,-8.455027283407832e-05,8.455027283407832e-05,0.0002056091836884704,0.0002056091836884704,0.0,0.0002056091836884704,300.3348871583165,300.40258182905825,-1.3918645991266902e-05
101,201,contact,0.0018404539642164375,-0.00015954603578356252,0.00015954603578356252,0.000282441175984985,0.000282441175984985,0.0,0.000282441175984985,300.3348871583165,300.25020361618135,2.391811922723061e-05
101,261,contact,0.0018863759354911204,-0.00011362406450887968,0.00011362406450887968,0.0002383527475286153,0.0002383527475286153,0.0,0.0002383527475286153,300.3348871583165,300.23090486147873,2.478446614562206e-05
101,269,contact,0.0018866995830285232,-0.00011330041697147687,0.00011330041697147687,0.0002380130426798885,0.0002380130426798885,0.0,0.0002380130426798885,300.3348871583165,300.41660057187016,-1.9448858187662726e-05
101,316,contact,0.0018986883792765994,-0.00010131162072340061,0.00010131162072340061,0.00022506845705629278,0.00022506845705629278,0.0,0.00022506845705629278,300.3348871583165,300.33306549374953,4.099992333664491e-07
101,476,contact,0.0021241229386502096,-0.00012587706134979063,0.00012587706134979063,0.0002644460261563476,0.0002644460261563476,0.0,0.0002644460261563476,300.3348871583165,300.4119711939571,-2.0384566905238478e-05
102,142,contact,0.001970939763158681,-2.906023684131915e-05,2.906023684131915e-05,0.00012054094084857466,0.00012054094084857466,0.0,0.00012054094084857466,300.148989678247,300.051046356049,1.1806180207579299e-05
102,326,contact,0.0019449091062566403,-5.5090893743359745e-05,5.5090893743359745e-05,0.00016596821042500843,0.00016596821042500843,0.0,0.00016596821042500843,300.148989678247,300.0557847821195,1.5469049813135178e-05
102,478,contact,0.002190330543548166,-5.966945645183427e-05,5.966945645183427e-05,0.00018207058529261892,0.00018207058529261892,0.0,0.00018207058529261892,300.148989678247,300.29879548008404,-2.7275230020698678e-05
103,299,contact,0.0019106309898789162,-8.936901012108383e-05,8.936901012108383e-05,0.00021138709766809779,0.00021138709766809779,0.0,0.00021138709766809779,300.91903270475854,300.8248851335174,1.9901581837164523e-05
103,449,contact,0.0021886677256954742,-6.133227430452602e-05,6.133227430452602e-05,0.00018459004774021995,0.00018459004774021995,0.0,0.00018459004774021995,300.91903270475854,300.8079732849761,2.0500463599646143e-05
103,486,contact,0.002248410956055569,-1.5890439444311844e-06,1.5890439444311844e-06,2.971198733425043e-05,2.971198733425043e-05,0.0,2.971198733425043e-05,300.91903270475854,300.9221956653931,-9.397784631219909e-08
104,131,contact,0.0019718140338530915,-2.8185966146908586e-05,2.8185966146908586e-05,0.00011871387060261448,0.00011871387060261448,0.0,0.00011871387060261448,300.7729968416679,300.6805994680964,1.096884985019365e-05
104,134,contact,0.0019534412472352477,-4.655875276475237e-05,4.655875276475237e-05,0.00015257580536368206,0.00015257580536368206,0.0,0.00015257580536368206,300.7729968416679,300.73801700541037,5.337076688485176e-06
104,246,contact,0.0019386899083917476,-6.131009160825242e-05,6.131009160825242e-05,0.00017508582410956695,0.00017508582410956695,0.0,0.00017508582410956695,300.7729968416679,300.82175036648135,-8.536051070206484e-06
104,303,contact,0.0019193250339898146,-8.067496601018545e-05,8.067496601018545e-05,0.0002008419353747935,0.0002008419353747935,0.0,0.0002008419353747935,300.7729968416679,300.7542867461886,3.7577717871139836e-06
104,308,contact,0.0019398121823774594,-6.018781762254059e-05,6.018781762254059e-05,0.00017347596032669856,0.00017347596032669856,0.0,0.00017347596032669856,300.7729968416679,300.8497151361782,-1.3308779814795886e-05
104,473,contact,0.002184381497014657,-6.56185029853434e-05,6.56185029853434e-05,0.00019093120195700424,0.00019093120195700424,0.0,0.00019093120195700424,300.7729968416679,300.7636681801347,1.7811325591900086e-06
105,200,contact,0.001920656395005846,-7.934360499415411e-05,7.934360499415411e-05,0.00019917781627750884,0.00019917781627750884,0.0,0.00019917781627750884,300.08454289220396,300.0674751917884,3.399507297651241e-06
105,251,contact,0.0019840970848474123,-1.5902915152587755e-05,1.5902915152587755e-05,8.917094580800338e-05,8.917094580800338e-05,0.0,8.917094580800338e-05,300.08454289220396,300.13934124350294,-4.886420814049676e-06
105,488,contact,0.002192219478925768,-5.778052107423227e-05,5.778052107423227e-05,0.0001791655365456331,0.0001791655365456331,0.0,0.0001791655365456331,300.08454289220396,300.17889463955015,-1.690458143729908e-05
106,195,contact,0.0017580551036870274,-0.00024194489631297264,0.00024194489631297264,0.0003478109373732895,0.0003478109373732895,0.0,0.0003478109373732895,300.07220424830507,300.1516472431309,-2.7631142498121643e-05
106,330,contact,0.0019387960480927334,-6.120395190726668e-05,6.120395190726668e-05,0.0001749342046417262,0.0001749342046417262,0.0,0.0001749342046417262,300.07220424830507,300.06679919980695,9.455278600683967e-07
106,401,contact,0.0020651872416078895,-0.00018481275839211074,0.00018481275839211074,0.0003204274561617399,0.0003204274561617399,0.0,0.0003204274561617399,300.07220424830507,300.15374219798053,-2.6126997795153044e-05
107,140,contact,0.001943552396232219,-5.644760376778105e-05,5.644760376778105e-05,0.00016799941036768707,0.00016799941036768707,0.0,0.00016799941036768707,300.7349012014986,300.83170212152316,-1.6262497487178637e-05
107,166,contact,0.001920072506990296,-7.992749300970406e-05,7.992749300970406e-05,0.00019990934571663234,0.00019990934571663234,0.0,0.00019990934571663234,300.7349012014986,300.7916575889074,-1.1346132272137926e-05
107,232,contact,0.0019597448550768034,-4.02551449231966e-05,4.02551449231966e-05,0.0001418716760371791,0.0001418716760371791,0.0,0.0001418716760371791,300.7349012014986,300.84356017130415,-1.5415630162788098e-05
107,265,contact,0.0019237518514351067,-7.624814856489336e-05,7.624814856489336e-05,0.00019525387136353194,0.00019525387136353194,0.0,0.00019525387136353194,300.7349012014986,300.65743983759523,1.5124631183229068e-05
107,309,contact,0.0019039211760206872,-9.607882397931282e-05,9.607882397931282e-05,0.00021917894969557733,0.00021917894969557733,0.0,0.00021917894969557733,300.7349012014986,300.60760964919575,2.7899628738855232e-05
108,364,contact,0.0019384710958897484,-6.152890411025166e-05,6.152890411025166e-05,0.0001753979819015197,0.0001753979819015197,0.0,0.0001753979819015197,300.05951629011076,300.06736600221535,-1.376823661652503e-06
108,420,contact,0.002120868959294752,-0.0001291310407052484,0.0001291310407052484,0.00026784224285663255,0.00026784224285663255,0.0,0.00026784224285663255,300.05951629011076,300.1960770635742,-3.657674385068148e-05
109,202,contact,0.001999493744463582,-5.062555364179246e-07,5.062555364179246e-07,1.590998957287409e-05,1.590998957287409e-05,0.0,1.590998957287409e-05,300.321529741758,300.1724705140515,2.3715307585513363e-06
109,244,contact,0.0019578834711911817,-4.211652880881838e-05,4.211652880881838e-05,0.00014511465950898684,0.00014511465950898684,0.0,0.00014511465950898684,300.321529741758,300.3274600047563,-8.605680957936672e-07
109,268,contact,0.0019834209900091823,-1.6579009990817708e-05,1.6579009990817708e-05,9.104671875146767e-05,9.104671875146767e-05,0.0,9.104671875146767e-05,300.321529741758,300.40450882277935,-7.554973052004767e-06
109,342,contact,0.0019955830634929743,-4.416936507025716e-06,4.416936507025716e-06,4.69943427820079e-05,4.69943427820079e-05,0.0,4.69943427820079e-05,300.321529741758,300.39824816421157,-3.605331842477145e-06
110,154,contact,0.0018235195946357775,-0.00017648040536422257,0.00017648040536422257,0.00029705252512327057,0.00029705252512327057,0.0,0.00029705252512327057,300.36633089167873,300.27749997408745,2.6387448379507154e-05
110,155,contact,0.0018173664133575265,-0.0001826335866424735,0.0001826335866424735,0.0003021866862077758,0.0003021866862077758,0.0,0.0003021866862077758,300.36633089167873,300.4059220093267,-1.1963908645294518e-05
110,188,contact,0.0019864595027310633,-1.3540497268936785e-05,1.3540497268936785e-05,8.228152061349129e-05,8.228152061349129e-05,0.0,8.228152061349129e-05,300.36633089167873,300.4261466964431,-4.921735372730855e-06
110,220,contact,0.0019053702133706191,-9.462978662938093e-05,9.462978662938093e-05,0.00021751986878142986,0.00021751986878142986,0.0,0.00021751986878142986,300.36633089167873,300.3178833655413,1.0538299528194024e-05
110,324,contact,0.0019661074502935996,-3.38925497064004e-05,3.38925497064004e-05,0.00013017785853669663,0.00013017785853669663,0.0,0.00013017785853669663,300.36633089167873,300.44641166443404,-1.0424743507249995e-05
110,442,contact,0.002183579097757629,-6.642090224237129e-05,6.642090224237129e-05,0.00019209503180915905,0.00019209503180915905,0.0,0.00019209503180915905,300.36633089167873,300.47662885058463,-2.1187689924514795e-05
111,231,contact,0.001871229960640861,-0.00012877003935913905,0.00012877003935913905,0.0002537420337263212,0.0002537420337263212,0.0,0.0002537420337263212,300.2171930807862,300.3115375108233,-2.3939147548363625e-05
111,340,contact,0.001963299261090881,-3.6700738909118975e-05,3.6700738909118975e-05,0.00013546353551623953,0.00013546353551623953,0.0,0.00013546353551623953,300.2171930807862,300.29617903153644,-1.069971614473676e-05
111,395,contact,0.0019352818028907314,-6.471819710926864e-05,6.471819710926864e-05,0.00017988634899467588,0.00017988634899467588,0.0,0.00017988634899467588,300.2171930807862,300.2427515441371,-4.597618658103328e-06
111,440,contact,0.0021295909953087245,-0.00012040900469127572,0.00012040900469127572,0.0002586385344359057,0.0002586385344359057,0.0,0.0002586385344359057,300.2171930807862,300.0755586548529,3.663212034906437e-05
111,469,contact,0.0021696082584190175,-8.039174158098279e-05,8.039174158098279e-05,0.0002113340451893673,0.0002113340451893673,0.0,0.0002113340451893673,300.2171930807862,300.204869642791,2.6043620021733707e-06
112,151,contact,0.0018872439763316232,-0.00011275602366837682,0.00011275602366837682,0.00023744054378767838,0.00023744054378767838,0.0,0.00023744054378767838,300.55755858693954,300.45887374109066,2.3431783461961136e-05
112,214,contact,0.0019375675174300373,-6.243248256996279e-05,6.243248256996279e-05,0.00017668118543008872,0.00017668118543008872,0.0,0.00017668118543008872,300.55755858693954,300.4421923994618,2.038303476211317e-05
112,265,contact,0.0018943686476765819,-0.00010563135232341818,0.00010563135232341818,0.00022981661419860204,0.00022981661419860204,0.0,0.00022981661419860204,300.55755858693954,300.65743983759523,-2.2954370847614587e-05
112,309,contact,0.0019414858479267884,-5.8514152073211624e-05,5.8514152073211624e-05,0.00017104699949606193,0.00017104699949606193,0.0,0.00017104699949606193,300.55755858693954,300.60760964919575,-8.561084020516347e-06
112,318,contact,0.0018852250358511583,-0.0001147749641488417,0.0001147749641488417,0.00023955684518381197,0.00023955684518381197,0.0,0.00023955684518381197,300.55755858693954,300.6089007364263,-1.229936335599982e-05
113,233,contact,0.0019170418438051887,-8.295815619481137e-05,8.295815619481137e-05,0.00020366413061068386,0.00020366413061068386,0.0,0.00020366413061068386,300.7230133220599,300.7425938825977,-3.987857838801737e-06
113,310,contact,0.0019746637135471955,-2.5336286452804554e-05,2.5336286452804554e-05,0.00011255284637183671,0.00011255284637183671,0.0,0.00011255284637183671,300.7230133220599,300.8471720562553,-1.3974418935618667e-05
113,408,contact,0.0021938587159158647,-5.614128408413556e-05,5.614128408413556e-05,0.00017660578209380403,0.00017660578209380403,0.0,0.00017660578209380403,300.7230133220599,300.68534892660205,6.65175001692438e-06
113,439,contact,0.0021987222753908696,-5.127772460913069e-05,5.127772460913069e-05,0.00016878277395175842,0.00016878277395175842,0.0,0.00016878277395175842,300.7230133220599,300.6560009931799,1.1310526757338237e-05
114,284,contact,0.001855682826481939,-0.00014431717351806096,0.00014431717351806096,0.00026862350373530326,0.00026862350373530326,0.0,0.00026862350373530326,300.21263856915516,300.1391112413513,1.9751168414962987e-05
114,417,contact,0.002149835082535402,-0.00010016491746459846,0.00010016491746459846,0.00023589653742524786,0.00023589653742524786,0.0,0.00023589653742524786,300.21263856915516,300.2433644833071,-7.248136757672318e-06
114,458,contact,0.0021878199121729033,-6.218008782709694e-05,6.218008782709694e-05,0.00018586148938732865,0.00018586148938732865,0.0,0.00018586148938732865,300.21263856915516,300.2059859210692,1.23647108162379e-06
114,487,contact,0.0021626213584444234,-8.737864155557683e-05,8.737864155557683e-05,0.00022032632560159087,0.00022032632560159087,0.0,0.00022032632560159087,300.21263856915516,300.30463755393305,-2.0269798275188738e-05
114,489,contact,0.002228730720181555,-2.12692798184453e-05,2.12692798184453e-05,0.00010870265206425713,0.00010870265206425713,0.0,0.00010870265206425713,300.21263856915516,300.08125957975057,1.4281244573801452e-05
115,154,contact,0.0018204233184358003,-0.0001795766815641997,0.0001795766815641997,0.0002996470269869198,0.0002996470269869198,0.0,0.0002996470269869198,300.1778532114342,300.27749997408745,-2.9858856177922055e-05
115,250,contact,0.0018162205762879153,-0.00018377942371208475,0.00018377942371208475,0.0003031331586218215,0.0003031331586218215,0.0,0.0003031331586218215,300.1778532114342,300.0537485679034,3.762023259311347e-05
115,274,contact,0.001962299344229074,-3.770065577092616e-05,3.770065577092616e-05,0.00013729649626069516,0.00013729649626069516,0.0,0.00013729649626069516,300.1778532114342,300.2083370931832,-4.1853301565678484e-06
115,432,contact,0.002113725289124712,-0.00013627471087528835,0.00013627471087528835,0.0002751511815502407,0.0002751511815502407,0.0,0.0002751511815502407,300.1778532114342,300.17844587087274,-1.6307094477470536e-07
115,488,contact,0.0021884034309676476,-6.159656903235262e-05,6.159656903235262e-05,0.0001849873404562723,0.0001849873404562723,0.0,0.0001849873404562723,300.1778532114342,300.17889463955015,-1.926510174493624e-07
116,324,contact,0.0019317289800590551,-6.82710199409449e-05,6.82710199409449e-05,0.00018475797674382682,0.00018475797674382682,0.0,0.00018475797674382682,300.5568202987606,300.44641166443404,2.0398875893227e-05
116,392,contact,0.0019909641589943303,-9.035841005669738e-06,9.035841005669738e-06,6.721547814926908e-05,6.721547814926908e-05,0.0,6.721547814926908e-05,300.5568202987606,300.4919451952133,4.3606111049156696e-06
116,431,contact,0.0022297278000913035,-2.02721999086968e-05,2.02721999086968e-05,0.00010612414090398722,0.00010612414090398722,0.0,0.00010612414090398722,300.5568202987606,300.5594807556612,-2.823387029852097e-07
116,437,contact,0.0021879843016804302,-6.201569831957004e-05,6.201569831957004e-05,0.00018561563978580702,0.00018561563978580702,0.0,0.00018561563978580702,300.5568202987606,300.57886727781,-4.092264121594585e-06
116,483,contact,0.002205048062718815,-4.495193728118506e-05,4.495193728118506e-05,0.00015802942286026125,0.00015802942286026125,0.0,0.00015802942286026125,300.5568202987606,300.61164202298795,-8.663445439850642e-06
116,500,contact,0.002196685481105568,-5.331451889443225e-05,5.331451889443225e-05,0.00017210222881640282,0.00017210222881640282,0.0,0.00017210222881640282,300.5568202987606,300.5783417365363,-3.7038874085272232e-06
117,132,contact,0.0019373331775923307,-6.266682240766938e-05,6.266682240766938e-05,0.0001770124605891763,0.0001770124605891763,0.0,0.0001770124605891763,300.8360278785292,300.81585740044096,3.5704259576580745e-06
117,233,contact,0.0019475629736930198,-5.243702630698026e-05,5.243702630698026e-05,0.00016192131778580032,0.00016192131778580032,0.0,0.00016192131778580032,300.8360278785292,300.7425938825977,1.5128955747220152e-05
117,246,contact,0.001867203403622648,-0.00013279659637735215,0.00013279659637735215,0.00025767867235895964,0.00025767867235895964,0.0,0.00025767867235895964,300.8360278785292,300.82175036648135,3.6790103490765773e-06
117,366,contact,0.0018766505593210473,-0.00012334944067895278,0.00012334944067895278,0.0002483439557135957,0.0002483439557135957,0.0,0.0002483439557135957,300.8360278785292,300.84235713277707,-1.5718320366339716e-06
117,429,contact,0.002133371969019936,-0.00011662803098006413,0.00011662803098006413,0.00025454538012794514,0.00025454538012794514,0.0,0.00025454538012794514,300.8360278785292,300.917767959637,-2.080656001727299e-05
118,127,contact,0.001933843197469743,-6.615680253025703e-05,6.615680253025703e-05,0.000181874685608329,0.000181874685608329,0.0,0.000181874685608329,300.50185353368823,300.4519999993712,9.067095880375223e-06
118,229,contact,0.0019089594521885472,-9.10405478114528e-05,9.10405478114528e-05,0.00021335480755241116,0.00021335480755241116,0.0,0.00021335480755241116,300.50185353368823,300.4671234304468,7.409834493350526e-06
118,347,contact,0.001895005175982377,-0.00010499482401762298,0.00010499482401762298,0.00022912313721842125,0.00022912313721842125,0.0,0.00022912313721842125,300.50185353368823,300.61616821713335,-2.619213890107567e-05
118,381,contact,0.0019066662871357425,-9.333371286425756e-05,9.333371286425756e-05,0.00021602512916817982,0.00021602512916817982,0.0,0.00021602512916817982,300.50185353368823,300.46878687248466,7.143229757663171e-06
118,463,contact,0.0021576323629849464,-9.236763701505387e-05,9.236763701505387e-05,0.0002265289250785695,0.0002265289250785695,0.0,0.0002265289250785695,300.50185353368823,300.58275389219256,-1.832627125045517e-05
118,476,contact,0.0021526931064366787,-9.730689356332155e-05,9.730689356332155e-05,0.00023250674251074188,0.00023250674251074188,0.0,0.00023250674251074188,300.50185353368823,300.4119711939571,2.089825002013623e-05
119,141,contact,0.0018608034615727146,-0.00013919653842728546,0.00013919653842728546,0.0002638148388806868,0.0002638148388806868,0.0,0.0002638148388806868,300.1037600184983,300.12555556267677,-5.749987975760969e-06
119,174,contact,0.001858378022523943,-0.0001416219774760571,0.0001416219774760571,0.00026610334221506603,0.00026610334221506603,0.0,0.00026610334221506603,300.1037600184983,300.07459472348694,7.760982479209428e-06
119,185,contact,0.001924386999982071,-7.5613000017929e-05,7.5613000017929e-05,0.00019443893645297616,0.00019443893645297616,0.0,0.00019443893645297616,300.1037600184983,300.0644257269932,7.648117806382857e-06
119,382,contact,0.0018568974288282602,-0.00014310257117173988,0.00014310257117173988,0.00026749072056030267,0.00026749072056030267,0.0,0.00026749072056030267,300.1037600184983,300.07141681561365,8.65150664484225e-06
119,427,contact,0.002199269094767625,-5.07309052323753e-05,5.07309052323753e-05,0.00016788042244469275,0.00016788042244469275,0.0,0.00016788042244469275,300.1037600184983,300.21282943045287,-1.8310618954728904e-05
120,160,contact,0.001968924707498994,-3.1075292501006255e-05,3.1075292501006255e-05,0.00012465009526872864,0.00012465009526872864,0.0,0.00012465009526872864,300.30548071004506,300.36386220921094,-7.277259432957588e-06
120,244,contact,0.0018782264398961581,-0.00012177356010384193,0.00012177356010384193,0.00024675246716481067,0.00024675246716481067,0.0,0.00024675246716481067,300.30548071004506,300.3274600047563,-5.423445196538382e-06
120,272,contact,0.0019382132375783624,-6.178676242163763e-05,6.178676242163763e-05,0.0001757651308161514,0.0001757651308161514,0.0,0.0001757651308161514,300.30548071004506,300.3829453211584,-1.3615577505956377e-05
120,281,contact,0.0019389617775758244,-6.103822242417567e-05,6.103822242417567e-05,0.00017469719863835205,0.00017469719863835205,0.0,0.00017469719863835205,300.30548071004506,300.27976024069744,4.493293942692518e-06
120,402,contact,0.0021426560787842896,-0.00010734392121571068,0.00010734392121571068,0.00024420383245663023,0.00024420383245663023,0.0,0.00024420383245663023,300.30548071004506,300.32204985064556,-4.046247635153705e-06
120,420,contact,0.0021078272291864915,-0.0001421727708135088,0.0001421727708135088,0.0002810424748577545,0.0002810424748577545,0.0,0.0002810424748577545,300.30548071004506,300.1960770635742,3.074707156263517e-05
121,277,contact,0.0019269423516545573,-7.305764834544272e-05,7.305764834544272e-05,0.00019112515316598537,0.00019112515316598537,0.0,0.00019112515316598537,300.61600246300804,300.6757138459255,-1.1412347205848872e-05
121,288,contact,0.0019191237904314566,-8.087620956854342e-05,8.087620956854342e-05,0.0002010922792756393,0.0002010922792756393,0.0,0.0002010922792756393,300.61600246300804,300.6209388682758,-9.926729867213412e-07
121,387,contact,0.0019000120021989333,-9.998799780106676e-05,9.998799780106676e-05,0.00022359337848096796,0.00022359337848096796,0.0,0.00022359337848096796,300.61600246300804,300.52209278507496,2.0997582161117838e-05
121,408,contact,0.0021694919614508824,-8.050803854911786e-05,8.050803854911786e-05,0.00021148685085092939,0.00021148685085092939,0.0,0.00021148685085092939,300.61600246300804,300.68534892660205,-1.4665865203144055e-05
121,411,contact,0.0021342818212457333,-0.00011571817875426693,0.00011571817875426693,0.00025355054148178,0.00025355054148178,0.0,0.00025355054148178,300.61600246300804,300.6316042795703,-3.95584903745857e-06
121,465,contact,0.0021957748161639886,-5.422518383601171e-05,5.422518383601171e-05,0.00017356584379167928,0.00017356584379167928,0.0,0.00017356584379167928,300.61600246300804,300.5582194795987,1.0029152272247512e-05
122,133,contact,0.0019208071978728117,-7.91928021271883e-05,7.91928021271883e-05,0.0001989884445479037,0.0001989884445479037,0.0,0.0001989884445479037,300.5496228015678,300.4212525607713,2.5544194542340944e-05
122,197,contact,0.0019095957825937921,-9.040421740620793e-05,9.040421740620793e-05,0.0002126078754493915,0.0002126078754493915,0.0,0.0002126078754493915,300.5496228015678,300.5926692694535,-9.152018082776561e-06
122,334,contact,0.001979718417780671,-2.0281582219329203e-05,2.0281582219329203e-05,0.0001007014950716453,0.0001007014950716453,0.0,0.0001007014950716453,300.5496228015678,300.46147515005015,8.876600294882614e-06
122,439,contact,0.002199470369566273,-5.052963043372747e-05,5.052963043372747e-05,0.00016754705878536445,0.00016754705878536445,0.0,0.00016754705878536445,300.5496228015678,300.6560009931799,-1.78233531235076e-05
122,465,contact,0.002210538119056082,-3.946188094391826e-05,3.946188094391826e-05,0.0001480650775539786,0.0001480650775539786,0.0,0.0001480650775539786,300.5496228015678,300.5582194795987,-1.2728677993472762e-06
122,475,contact,0.0021729858271512027,-7.701417284879759e-05,7.701417284879759e-05,0.00020684692790241127,0.00020684692790241127,0.0,0.00020684692790241127,300.5496228015678,300.57946397878123,-6.172555831588869e-06
123,171,contact,0.0019165499077509042,-8.345009224909584e-05,8.345009224909584e-05,0.0002042670950607266,0.0002042670950607266,0.0,0.0002042670950607266,300.5709956739467,300.61503747192614,-8.996290134512828e-06
123,215,contact,0.0019288561151524495,-7.114388484755056e-05,7.114388484755056e-05,0.00018860525555714316,0.00018860525555714316,0.0,0.00018860525555714316,300.5709956739467,300.5131435024325,1.0911223592968474e-05
123,463,contact,0.0022435063559972357,-6.493644002764521e-06,6.493644002764521e-06,6.0063133464179545e-05,6.0063133464179545e-05,0.0,6.0063133464179545e-05,300.5709956739467,300.58275389219256,-7.06235431801986e-07
123,500,contact,0.002201269722707169,-4.873027729283136e-05,4.873027729283136e-05,0.0001645368538467756,0.0001645368538467756,0.0,0.0001645368538467756,300.5709956739467,300.5783417365363,-1.2086980266527139e-06
124,148,contact,0.0018644333627673584,-0.0001355666372326416,0.0001355666372326416,0.0002603522971212676,0.0002603522971212676,0.0,0.0002603522971212676,300.739058110355,300.8191859976236,-2.086147951385097e-05
124,282,contact,0.0018888937264176621,-0.00011110627358233791,0.00011110627358233791,0.0002356971293655673,0.0002356971293655673,0.0,0.0002356971293655673,300.739058110355,300.64400897256337,2.2402808926163646e-05
124,289,contact,0.0018944762656206591,-0.00010552373437934092,0.00010552373437934092,0.00022969951499659388,0.00022969951499659388,0.0,0.00022969951499659388,300.739058110355,300.64463178447755,2.1689681256963807e-05
124,295,contact,0.0019413267180461917,-5.867328195380836e-05,5.867328195380836e-05,0.00017127942368219302,0.00017127942368219302,0.0,0.00017127942368219302,300.739058110355,300.8397450254666,-1.7245596792647014e-05
124,304,contact,0.0019668254245102687,-3.3174575489731354e-05,3.3174575489731354e-05,0.00012879164470129914,0.00012879164470129914,0.0,0.00012879164470129914,300.739058110355,300.8231196751755,-1.0826427189397274e-05
124,345,contact,0.0018807708802775526,-0.00011922911972244744,0.00011922911972244744,0.00024416093025138915,0.00024416093025138915,0.0,0.00024416093025138915,300.739058110355,300.7224793203523,4.0478927895044045e-06
125,209,contact,0.0018791627172482965,-0.0001208372827517035,0.0001208372827517035,0.0002458020369644071,0.0002458020369644071,0.0,0.0002458020369644071,300.46754175082515,300.393805586969,1.812449927378389e-05
125,410,contact,0.002184770719646572,-6.522928035342839e-05,6.522928035342839e-05,0.00019036409610333034,0.00019036409610333034,0.0,0.00019036409610333034,300.46754175082515,300.3684010686193,1.88728263551881e-05
125,425,contact,0.0021368204866342886,-0.00011317951336571163,0.00011317951336571163,0.0002507538781861516,0.0002507538781861516,0.0,0.0002507538781861516,300.46754175082515,300.5041609169577,-9.182397923677081e-06
125,435,contact,0.0021921521406599487,-5.784785934005157e-05,5.784785934005157e-05,0.00017926990721635905,0.00017926990721635905,0.0,0.00017926990721635905,300.46754175082515,300.5810566322789,-2.0349802265887747e-05
126,284,contact,0.001866531792603598,-0.000133468207396402,0.000133468207396402,0.00025832944798880557,0.00025832944798880557,0.0,0.00025832944798880557,300.0620353816797,300.1391112413513,-1.9910964282225785e-05
126,479,contact,0.0021555536683484575,-9.44463316515428e-05,9.44463316515428e-05,0.00022906371220875887,0.00022906371220875887,0.0,0.00022906371220875887,300.0620353816797,300.1478249044411,-1.9651266552341365e-05
127,164,contact,0.0019477114444003175,-5.2288555599682525e-05,5.2288555599682525e-05,0.00016169192249410996,0.00016169192249410996,0.0,0.00016169192249410996,300.4519999993712,300.40358309233466,7.8286227799567e-06
127,350,contact,0.0018778342056701635,-0.00012216579432983653,0.00012216579432983653,0.0002471495441325318,0.0002471495441325318,0.0,0.0002471495441325318,300.4519999993712,300.5056768166784,-1.3266200927954179e-05
127,376,contact,0.0018812224736590836,-0.00011877752634091641,0.00011877752634091641,0.00024369809841370984,0.00024369809841370984,0.0,0.00024369809841370984,300.4519999993712,300.39168950338154,1.4697553187066377e-05
127,442,contact,0.0022216267819687905,-2.837321803120978e-05,2.837321803120978e-05,0.00012555038393500699,0.00012555038393500699,0.0,0.00012555038393500699,300.4519999993712,300.47662885058463,-3.0921617257250036e-06
127,496,contact,0.0022248672314940507,-2.513276850594961e-05,2.513276850594961e-05,0.00011816365418339094,0.00011816365418339094,0.0,0.00011816365418339094,300.4519999993712,300.42746383732464,2.8992825670572077e-06
128,148,contact,0.0018576688175304557,-0.00014233118246954435,0.00014233118246954435,0.0002667687973410162,0.0002667687973410162,0.0,0.0002667687973410162,300.9363523854187,300.8191859976236,3.1256336360880975e-05
128,182,contact,0.0018776098592969198,-0.00012239014070308026,0.00012239014070308026,0.0002473763738749926,0.0002473763738749926,0.0,0.0002473763738749926,300.9363523854187,300.9424591047196,-1.5106580769366818e-06
128,192,contact,0.0018786214565007506,-0.0001213785434992494,0.0001213785434992494,0.00024635192662048473,0.00024635192662048473,0.0,0.00024635192662048473,300.9363523854187,300.94007634967727,-9.174057697712783e-07
128,331,contact,0.0018459263127830966,-0.0001540736872169034,0.0001540736872169034,0.0002775551181449402,0.0002775551181449402,0.0,0.0002775551181449402,300.9363523854187,300.8521285367616,2.3376760264636014e-05
129,147,contact,0.0019459668351233534,-5.403316487664661e-05,5.403316487664661e-05,0.00016436721825936979,0.00016436721825936979,0.0,0.00016436721825936979,300.83962642394533,300.8647210085314,-4.124727061782323e-06
129,271,contact,0.0019345344881764191,-6.546551182358092e-05,6.546551182358092e-05,0.0001809219608333672,0.0001809219608333672,0.0,0.0001809219608333672,300.83962642394533,300.9366969646763,-1.7562192568199395e-05
129,298,contact,0.001836815380080698,-0.00016318461991930212,0.00016318461991930212,0.00028564367656164045,0.00028564367656164045,0.0,0.00028564367656164045,300.83962642394533,300.94229738608374,-2.9327311101334796e-05
129,379,contact,0.0019934304077697316,-6.569592230268404e-06,6.569592230268404e-06,5.7313140859092705e-05,5.7313140859092705e-05,0.0,5.7313140859092705e-05,300.83962642394533,300.93901537107405,-5.6962927266250265e-06
129,386,contact,0.0019735497618504584,-2.6450238149541665e-05,2.6450238149541665e-05,0.00011500051771522959,0.00011500051771522959,0.0,0.00011500051771522959,300.83962642394533,300.77015501346534,7.989248171606237e-06
129,433,contact,0.0020841718786606825,-0.00016582812133931774,0.00016582812133931774,0.000303523860804054,0.000303523860804054,0.0,0.000303523860804054,300.83962642394533,300.7048719538609,4.090119702063089e-05
130,139,contact,0.0019439542330003548,-5.604576699964523e-05,5.604576699964523e-05,0.0001674003688760052,0.0001674003688760052,0.0,0.0001674003688760052,300.15781038298206,300.2366337865327,-1.319506683043993e-05
130,389,contact,0.0019441157065874445,-5.5884293412555505e-05,5.5884293412555505e-05,0.0001671590461395307,0.0001671590461395307,0.0,0.0001671590461395307,300.15781038298206,300.2446426135101,-1.4514792829235972e-05
131,344,contact,0.0019694572777544583,-3.054272224554174e-05,3.054272224554174e-05,0.00012357734874470674,0.00012357734874470674,0.0,0.00012357734874470674,300.6805994680964,300.5663144352218,1.412304136384358e-05
132,159,contact,0.0018908775790621663,-0.00010912242093783376,0.00010912242093783376,0.00023358341222980041,0.00023358341222980041,0.0,0.00023358341222980041,300.81585740044096,300.7706582933547,1.0557761662949194e-05
132,246,contact,0.0018935697888644082,-0.00010643021113559189,0.00010643021113559189,0.00023068399504039275,0.00023068399504039275,0.0,0.00023068399504039275,300.81585740044096,300.82175036648135,-1.3594129488349706e-06
132,262,contact,0.0019309177239333637,-6.908227606663639e-05,6.908227606663639e-05,0.00018585246308111764,0.00018585246308111764,0.0,0.00018585246308111764,300.81585740044096,300.87200024690276,-1.043428629930982e-05
132,299,contact,0.0019971719611741007,-2.828038825899385e-06,2.828038825899385e-06,3.760344948205806e-05,3.760344948205806e-05,0.0,3.760344948205806e-05,300.81585740044096,300.8248851335174,-3.3947390467728684e-07
132,308,contact,0.001930942640914017,-6.905735908598314e-05,6.905735908598314e-05,0.00018581894290677572,0.00018581894290677572,0.0,0.00018581894290677572,300.81585740044096,300.8497151361782,-6.291408663908804e-06
132,404,contact,0.0022063802420707094,-4.361975792929089e-05,4.361975792929089e-05,0.0001556701604341887,0.0001556701604341887,0.0,0.0001556701604341887,300.81585740044096,300.72583653728964,1.4013562209190712e-05
133,187,contact,0.001969195387436199,-3.080461256380106e-05,3.080461256380106e-05,0.00012410602838662,0.00012410602838662,0.0,0.00012410602838662,300.4212525607713,300.46878678249686,-5.899283470811255e-06
133,231,contact,0.0019606348049802645,-3.9365195019735576e-05,3.9365195019735576e-05,0.00014029468097496707,0.00014029468097496707,0.0,0.00014029468097496707,300.4212525607713,300.3115375108233,1.5392437930602373e-05
133,315,contact,0.0019031216047851484,-9.687839521485163e-05,9.687839521485163e-05,0.00022008906744185595,0.00022008906744185595,0.0,0.00022008906744185595,300.4212525607713,300.38508153699354,7.960846891660033e-06
133,334,contact,0.0019462285252508252,-5.377147474917485e-05,5.377147474917485e-05,0.00016396870852265508,0.00016396870852265508,0.0,0.00016396870852265508,300.4212525607713,300.46147515005015,-6.595246017493381e-06
133,369,contact,0.0018653551267252034,-0.0001346448732747966,0.0001346448732747966,0.0002594656752585943,0.0002594656752585943,0.0,0.0002594656752585943,300.4212525607713,300.43137182150576,-2.6256008195907254e-06
133,405,contact,0.002126503301196591,-0.00012349669880340908,0.00012349669880340908,0.0002619337265664829,0.0002619337265664829,0.0,0.0002619337265664829,300.4212525607713,300.35516317146306,1.7311040028004485e-05
134,148,contact,0.0019391623319361384,-6.083766806386161e-05,6.083766806386161e-05,0.00017440995966954068,0.00017440995966954068,0.0,0.00017440995966954068,300.73801700541037,300.8191859976236,-1.4156680658327738e-05
134,473,contact,0.00221956139849746,-3.0438601502540304e-05,3.0438601502540304e-05,0.00013003974072597172,0.00013003974072597172,0.0,0.00013003974072597172,300.73801700541037,300.7636681801347,-3.335672110466738e-06
135,145,contact,0.001940532458183579,-5.946754181642105e-05,5.946754181642105e-05,0.00017243483090202666,0.00017243483090202666,0.0,0.00017243483090202666,300.92605027707225,300.8734479855274,9.07046724759912e-06
135,243,contact,0.001890966299843548,-0.00010903370015645205,0.00010903370015645205,0.00023348843671202655,0.00023348843671202655,0.0,0.00023348843671202655,300.92605027707225,300.9425509290051,-3.852711424532421e-06
135,246,contact,0.0018781485102525835,-0.00012185148974741653,0.00012185148974741653,0.0002468314098199584,0.0002468314098199584,0.0,0.0002468314098199584,300.92605027707225,300.82175036648135,2.574449397524651e-05
135,308,contact,0.0018368673864609824,-0.00016313261353901763,0.00016313261353901763,0.00028559815610313175,0.00028559815610313175,0.0,0.00028559815610313175,300.92605027707225,300.8497151361782,2.1801175485216118e-05
136,138,contact,0.0018939452559670255,-0.00010605474403297451,0.00010605474403297451,0.00023027672921180565,0.00023027672921180565,0.0,0.00023027672921180565,300.67705585694347,300.6968724772652,-4.5633065117145684e-06
136,286,contact,0.0019835330382678277,-1.6466961732172335e-05,1.6466961732172335e-05,9.07385302177976e-05,9.07385302177976e-05,0.0,9.07385302177976e-05,300.67705585694347,300.7052917156815,-2.562080321324792e-06
136,355,contact,0.0019039814003555802,-9.601859964441985e-05,9.601859964441985e-05,0.00021911024581751061,0.00021911024581751061,0.0,0.00021911024581751061,300.67705585694347,300.64399960589105,7.242963293899909e-06
136,378,contact,0.001985760627769621,-1.423937223037899e-05,1.423937223037899e-05,8.437823247253699e-05,8.437823247253699e-05,0.0,8.437823247253699e-05,300.67705585694347,300.7518154979696,-6.308086370064129e-06
136,393,contact,0.0019679742896186424,-3.2025710381357667e-05,3.2025710381357667e-05,0.00012654191080696875,0.00012654191080696875,0.0,0.00012654191080696875,300.67705585694347,300.77701529199646,-1.2649057914791034e-05
136,475,contact,0.0021683468395531195,-8.165316044688072e-05,8.165316044688072e-05,0.0002129856026001141,0.0002129856026001141,0.0,0.0002129856026001141,300.67705585694347,300.57946397878123,2.078566497926033e-05
137,162,contact,0.0019468639958918554,-5.3136004108144666e-05,5.3136004108144666e-05,0.00016299693878742735,0.00016299693878742735,0.0,0.00016299693878742735,300.4367971521167,300.50725118232276,-1.1483791248825534e-05
137,212,contact,0.0019243913376701738,-7.56086623298262e-05,7.56086623298262e-05,0.0001944333591874427,0.0001944333591874427,0.0,0.0001944333591874427,300.4367971521167,300.37346009859283,1.231483607768029e-05
137,356,contact,0.0019499616065963975,-5.0038393403602525e-05,5.0038393403602525e-05,0.00015817457666073036,0.00015817457666073036,0.0,0.00015817457666073036,300.4367971521167,300.4597110383914,-3.6243942611517796e-06
137,467,contact,0.0021551334238046607,-9.486657619533958e-05,9.486657619533958e-05,0.0002295727628484166,0.0002295727628484166,0.0,0.0002295727628484166,300.4367971521167,300.4062351291905,7.016208041398935e-06
137,494,contact,0.0022452102984130457,-4.7897015869546e-06,4.7897015869546e-06,5.1584351562134506e-05,5.1584351562134506e-05,0.0,5.1584351562134506e-05,300.4367971521167,300.51866032343133,-4.2228586090854994e-06
138,204,contact,0.0019955793355564697,-4.420664443530349e-06,4.420664443530349e-06,4.701417043578643e-05,4.701417043578643e-05,0.0,4.701417043578643e-05,300.6968724772652,300.6999364422242,-1.440497707935756e-07
138,302,contact,0.0018574371096217496,-0.00014256289037825045,0.00014256289037825045,0.0002669858520392517,0.0002669858520392517,0.0,0.0002669858520392517,300.6968724772652,300.6804775403812,4.377216193092567e-06
138,393,contact,0.0018757620439170857,-0.00012423795608291436,0.00012423795608291436,0.0002492367911072865,0.0002492367911072865,0.0,0.0002492367911072865,300.6968724772652,300.77701529199646,-1.997453797393225e-05
138,468,contact,0.0022219135866410286,-2.80864133589717e-05,2.80864133589717e-05,0.00012491422247769266,0.00012491422247769266,0.0,0.00012491422247769266,300.6968724772652,300.60738654989797,1.1178065039769921e-05
139,249,contact,0.0019140085403153246,-8.599145968467541e-05,8.599145968467541e-05,0.00020735411701323345,0.00020735411701323345,0.0,0.00020735411701323345,300.2366337865327,300.258234836002,-4.479066539259287e-06
139,405,contact,0.002207528040614659,-4.2471959385341224e-05,4.2471959385341224e-05,0.00015360837539618808,0.00015360837539618808,0.0,0.00015360837539618808,300.2366337865327,300.35516317146306,-1.820710625586122e-05
139,469,contact,0.002190672776842767,-5.932722315723322e-05,5.932722315723322e-05,0.00018154770287911968,0.00018154770287911968,0.0,0.00018154770287911968,300.2366337865327,300.204869642791,5.766707330232356e-06
140,166,contact,0.0019938697067260944,-6.130293273905619e-06,6.130293273905619e-06,5.5363766462848334e-05,5.5363766462848334e-05,0.0,5.5363766462848334e-05,300.83170212152316,300.7916575889074,2.217016151852427e-06
140,232,contact,0.0019002493842914408,-9.975061570855924e-05,9.975061570855924e-05,0.0002233278035854014,0.0002233278035854014,0.0,0.0002233278035854014,300.83170212152316,300.84356017130415,-2.648232212393292e-06
140,255,contact,0.0019500037843576095,-4.9996215642390514e-05,4.9996215642390514e-05,0.00015810789930043108,0.00015810789930043108,0.0,0.00015810789930043108,300.83170212152316,300.93269687479494,-1.5968068280166067e-05
140,393,contact,0.001864268446415377,-0.00013573155358462307,0.00013573155358462307,0.00026051060783068226,0.00026051060783068226,0.0,0.00026051060783068226,300.83170212152316,300.77701529199646,1.4246499200333984e-05
140,497,contact,0.0021685101429552963,-8.1489857044704e-05,8.1489857044704e-05,0.00021277251420851644,0.00021277251420851644,0.0,0.00021277251420851644,300.83170212152316,300.9182552951648,-1.8416136368453515e-05
141,216,contact,0.001933000956742268,-6.699904325773213e-05,6.699904325773213e-05,0.0001830287453622137,0.0001830287453622137,0.0,0.0001830287453622137,300.12555556267677,300.1802665413566,-1.0013681785311784e-05
141,239,contact,0.0018792415117323054,-0.00012075848826769461,0.00012075848826769461,0.0002457218837097081,0.0002457218837097081,0.0,0.0002457218837097081,300.12555556267677,300.07124154992187,1.334614152596736e-05
141,257,contact,0.0019298124937931155,-7.018750620688455e-05,7.018750620688455e-05,0.00018733326747655442,0.00018733326747655442,0.0,0.00018733326747655442,300.12555556267677,300.1740383967126,-9.082447716456969e-06
142,153,contact,0.0019384835258521027,-6.151647414789733e-05,6.151647414789733e-05,0.0001753802642088005,0.0001753802642088005,0.0,0.0001753802642088005,300.051046356049,300.0780461056508,-4.735223218730032e-06
143,219,contact,0.001886569861861469,-0.00011343013813853108,0.00011343013813853108,0.0002381492579649694,0.0002381492579649694,0.0,0.0002381492579649694,300.14198155226734,300.0709660560635,1.6912287724952215e-05
143,239,contact,0.001856654809431834,-0.00014334519056816608,0.00014334519056816608,0.0002677173794957717,0.0002677173794957717,0.0,0.0002677173794957717,300.14198155226734,300.07124154992187,1.8938328053455e-05
143,257,contact,0.00199590229246048,-4.0977075395202435e-06,4.0977075395202435e-06,4.5264265925342496e-05,4.5264265925342496e-05,0.0,4.5264265925342496e-05,300.14198155226734,300.1740383967126,-1.4510295316977993e-06
143,281,contact,0.0018935954547161559,-0.00010640454528384417,0.00010640454528384417,0.00023065617841697212,0.00023065617841697212,0.0,0.00023065617841697212,300.14198155226734,300.27976024069744,-3.177950574059027e-05
143,420,contact,0.0021279148087822667,-0.00012208519121773356,0.00012208519121773356,0.0002604325368153415,0.0002604325368153415,0.0,0.0002604325368153415,300.14198155226734,300.1960770635742,-1.40882312399672e-05
144,152,contact,0.0019365425998154543,-6.345740018454571e-05,6.345740018454571e-05,0.00017812551780211854,0.00017812551780211854,0.0,0.00017812551780211854,300.64718160224976,300.5853939505608,1.1005957450875387e-05
144,416,contact,0.002193150140072494,-5.684985992750625e-05,5.684985992750625e-05,0.00017771678456263281,0.00017771678456263281,0.0,0.00017771678456263281,300.64718160224976,300.62689291863535,3.6056396149615693e-06
144,419,contact,0.0021844429800065737,-6.555701999342656e-05,6.555701999342656e-05,0.00019084173197446818,0.00019084173197446818,0.0,0.00019084173197446818,300.64718160224976,300.7580139793637,-2.1151442807268393e-05
144,433,contact,0.0021826137179995916,-6.738628200040871e-05,6.738628200040871e-05,0.00019348597709798092,0.00019348597709798092,0.0,0.00019348597709798092,300.64718160224976,300.7048719538609,-1.1162274050608059e-05
145,331,contact,0.0019380664778329976,-6.193352216700247e-05,6.193352216700247e-05,0.00017597375112073175,0.00017597375112073175,0.0,0.00017597375112073175,300.8734479855274,300.8521285367616,3.7516633711405933e-06
145,473,contact,0.0021932695467041887,-5.673045329581154e-05,5.673045329581154e-05,0.00017753004956252638,0.00017753004956252638,0.0,0.00017753004956252638,300.8734479855274,300.7636681801347,1.9489214292328903e-05
146,154,contact,0.0019199644822759086,-8.003551772409146e-05,8.003551772409146e-05,0.00020004439222843945,0.00020004439222843945,0.0,0.00020004439222843945,300.2196422503496,300.27749997408745,-1.1574113180862783e-05
146,316,contact,0.0019794503302684808,-2.054966973151929e-05,2.054966973151929e-05,0.0001013648601131558,0.0001013648601131558,0.0,0.0001013648601131558,300.2196422503496,300.33306549374953,-1.1497131200816357e-05
146,464,contact,0.0021923240431332225,-5.767595686677774e-05,5.767595686677774e-05,0.00017900334706178253,0.00017900334706178253,0.0,0.00017900334706178253,300.2196422503496,300.16205304516455,1.030866048274717e-05
147,271,contact,0.0019847727494058357,-1.5227250594164379e-05,1.5227250594164379e-05,8.725609031513038e-05,8.725609031513038e-05,0.0,8.725609031513038e-05,300.8647210085314,300.9366969646763,-6.280340529898211e-06
147,320,contact,0.0018446356682282818,-0.00015536433177171824,0.00015536433177171824,0.0002787152056954538,0.0002787152056954538,0.0,0.0002787152056954538,300.8647210085314,300.8920958564081,-7.629786356844235e-06
147,353,contact,0.0019472159391862528,-5.2784060813747214e-05,5.2784060813747214e-05,0.00016245624151405697,0.00016245624151405697,0.0,0.00016245624151405697,300.8647210085314,300.93986103580437,-1.2206966418034316e-05
147,379,contact,0.0018761207678187994,-0.00012387923218120061,0.00012387923218120061,0.0002488767086141255,0.0002488767086141255,0.0,0.0002488767086141255,300.8647210085314,300.93901537107405,-1.84901364182051e-05
147,419,contact,0.0021220643419792907,-0.00012793565802070956,0.00012793565802070956,0.0002665996353468265,0.0002665996353468265,0.0,0.0002665996353468265,300.8647210085314,300.7580139793637,2.8448055065050436e-05
148,192,contact,0.001986571302445497,-1.34286975545031e-05,1.34286975545031e-05,8.1941129948589e-05,8.1941129948589e-05,0.0,8.1941129948589e-05,300.8191859976236,300.94007634967727,-9.905892047159932e-06
148,363,contact,0.001953225722260487,-4.6774277739513107e-05,4.6774277739513107e-05,0.00015292854171068446,0.00015292854171068446,0.0,0.00015292854171068446,300.8191859976236,300.7790099247512,6.144068236035927e-06
149,190,contact,0.001969903177950631,-3.009682204936897e-05,3.009682204936897e-05,0.00012267196511299753,0.00012267196511299753,0.0,0.00012267196511299753,300.71403638977824,300.72463236592006,-1.2998292156068648e-06
149,252,contact,0.0018203293237763327,-0.00017967067622366739,0.00017967067622366739,0.0002997254378791258,0.0002997254378791258,0.0,0.0002997254378791258,300.71403638977824,300.62023380224286,2.811502162323642e-05
149,359,contact,0.0019828577867562766,-1.71422132437234e-05,1.71422132437234e-05,9.25802712345438e-05,9.25802712345438e-05,0.0,9.25802712345438e-05,300.71403638977824,300.77204703648835,-5.370641406912522e-06
149,421,contact,0.002234055854088372,-1.5944145911628207e-05,1.5944145911628207e-05,9.411619860466873e-05,9.411619860466873e-05,0.0,9.411619860466873e-05,300.71403638977824,300.6049001198905,1.0271490851728775e-05
149,466,contact,0.0020701353377255314,-0.00017986466227446884,0.00017986466227446884,0.0003161088615883853,0.0003161088615883853,0.0,0.0003161088615883853,300.71403638977824,300.8143690463608,-3.171604185245333e-05
150,286,contact,0.0019309983389169444,-6.900166108305566e-05,6.900166108305566e-05,0.00018574399193924907,0.00018574399193924907,0.0,0.00018574399193924907,300.80284805798095,300.7052917156815,1.812050445769531e-05
150,294,contact,0.0018768152575117777,-0.0001231847424882223,0.0001231847424882223,0.0002481781038772582,0.0002481781038772582,0.0,0.0002481781038772582,300.80284805798095,300.78919272573825,3.3889544638088146e-06
150,444,contact,0.002062357820578185,-0.0001876421794218151,0.0001876421794218151,0.000322870957557879,0.000322870957557879,0.0,0.000322870957557879,300.80284805798095,300.82272316598164,-6.417095151749054e-06
150,449,contact,0.002157261449152605,-9.273855084739524e-05,9.273855084739524e-05,0.00022698329704505087,0.00022698329704505087,0.0,0.00022698329704505087,300.80284805798095,300.8079732849761,-1.163340921456453e-06
150,481,contact,0.00221752231903086,-3.247768096914039e-05,3.247768096914039e-05,0.00013432481562975206,0.00013432481562975206,0.0,0.00013432481562975206,300.80284805798095,300.82046276732046,-2.3660925844015663e-06
151,167,contact,0.0019575860049050207,-4.241399509497933e-05,4.241399509497933e-05,0.00014562622547978666,0.00014562622547978666,0.0,0.00014562622547978666,300.45887374109066,300.4745755818405,-2.286599801484087e-06
151,214,contact,0.0019597772466277896,-4.022275337221045e-05,4.022275337221045e-05,0.00014181458559014734,0.00014181458559014734,0.0,0.00014181458559014734,300.45887374109066,300.4421923994618,2.3656575501814993e-06
151,334,contact,0.0018855539672202439,-0.00011444603277975616,0.00011444603277975616,0.00023921332820283674,0.00023921332820283674,0.0,0.00023921332820283674,300.45887374109066,300.46147515005015,-6.222916952168427e-07
152,225,contact,0.0018868116785996428,-0.00011318832140035724,0.00011318832140035724,0.00023789527254693108,0.00023789527254693108,0.0,0.00023789527254693108,300.5853939505608,300.48183413569797,2.4636390381700198e-05
152,226,contact,0.0019901209096034843,-9.879090396515758e-06,9.879090396515758e-06,7.028189808377317e-05,7.028189808377317e-05,0.0,7.028189808377317e-05,300.5853939505608,300.5571235737294,1.9868957432513747e-06
152,416,contact,0.0021360598521577056,-0.0001139401478422947,0.0001139401478422947,0.0002515950757360091,0.0002515950757360091,0.0,0.0002515950757360091,300.5853939505608,300.62689291863535,-1.0440936015686012e-05
153,198,contact,0.0019504700338379977,-4.952996616200238e-05,4.952996616200238e-05,0.00015736893937814156,0.00015736893937814156,0.0,0.00015736893937814156,300.0780461056508,300.06487777449826,2.0722863068556944e-06
153,205,contact,0.0019705297711275532,-2.9470228872446793e-05,2.9470228872446793e-05,0.00012138827964932774,0.00012138827964932774,0.0,0.00012138827964932774,300.0780461056508,300.152280742966,-9.011214914085679e-06
153,254,contact,0.001904452141063146,-9.554785893685401e-05,9.554785893685401e-05,0.00021857248104101992,0.00021857248104101992,0.0,0.00021857248104101992,300.0780461056508,300.0675316721875,2.2981658088141197e-06
153,336,contact,0.0019408123306492047,-5.918766935079532e-05,5.918766935079532e-05,0.00017202858679707178,0.00017202858679707178,0.0,0.00017202858679707178,300.0780461056508,300.0525411302654,4.387584871842434e-06
153,423,contact,0.002141100403997907,-0.00010889959600209314,0.00010889959600209314,0.000245967021278704,0.000245967021278704,0.0,0.000245967021278704,300.0780461056508,300.20685278672806,-3.168219566537083e-05
154,220,contact,0.0018738428240358954,-0.00012615717596410462,0.00012615717596410462,0.0002511545101766089,0.0002511545101766089,0.0,0.0002511545101766089,300.27749997408745,300.3178833655413,-1.0142470899867542e-05
154,263,contact,0.0019470471138626814,-5.295288613731868e-05,5.295288613731868e-05,0.0001627158353346697,0.0001627158353346697,0.0,0.0001627158353346697,300.27749997408745,300.30493297769317,-4.463784097444095e-06
154,316,contact,0.0018176429986113893,-0.00018235700138861076,0.00018235700138861076,0.0003019577796552117,0.0003019577796552117,0.0,0.0003019577796552117,300.27749997408745,300.33306549374953,-1.677844094255026e-05
155,164,contact,0.0019634669542928406,-3.653304570715946e-05,3.653304570715946e-05,0.00013515370085047517,0.00013515370085047517,0.0,0.00013515370085047517,300.4059220093267,300.40358309233466,3.1611328745309037e-07
155,324,contact,0.001954403976689569,-4.559602331043102e-05,4.559602331043102e-05,0.00015099010449435259,0.00015099010449435259,0.0,0.00015099010449435259,300.4059220093267,300.44641166443404,-6.113537255601308e-06
155,431,contact,0.002049197965644121,-0.00020080203435587918,0.00020080203435587918,0.0003340010265751682,0.0003340010265751682,0.0,0.0003340010265751682,300.4059220093267,300.5594807556612,-5.12887789153225e-05
155,434,contact,0.0021539261062766294,-9.607389372337082e-05,9.607389372337082e-05,0.00023102897091462939,0.00023102897091462939,0.0,0.00023102897091462939,300.4059220093267,300.2973944172724,2.5073017908138062e-05
155,443,contact,0.002113527272215809,-0.00013647272778419131,0.00013647272778419131,0.00027535101616360253,0.00027535101616360253,0.0,0.00027535101616360253,300.4059220093267,300.33310849075156,2.004927633010584e-05
156,307,contact,0.0018752241395630562,-0.00012477586043694385,0.00012477586043694385,0.00024977575986967173,0.00024977575986967173,0.0,0.00024977575986967173,300.34195007826804,300.2802395698272,1.541378913775799e-05
156,367,contact,0.0019269413230817377,-7.30586769182623e-05,7.30586769182623e-05,0.00019112649857916394,0.00019112649857916394,0.0,0.00019112649857916394,300.34195007826804,300.32928458938943,2.4207105421621914e-06
156,454,contact,0.002218397971735459,-3.160202826454125e-05,3.160202826454125e-05,0.00013250163157180208,0.00013250163157180208,0.0,0.00013250163157180208,300.34195007826804,300.3530387559311,-1.4692678823284072e-06
156,496,contact,0.002167142091501154,-8.285790849884645e-05,8.285790849884645e-05,0.00021455109272210202,0.00021455109272210202,0.0,0.00021455109272210202,300.34195007826804,300.42746383732464,-1.8347070448367215e-05
157,306,contact,0.0019744647356942087,-2.553526430579137e-05,2.553526430579137e-05,0.00011299394741708816,0.00011299394741708816,0.0,0.00011299394741708816,300.7130543407675,300.6698805776478,4.87837391974322e-06
157,355,contact,0.001997611167995414,-2.3888320045861895e-06,2.3888320045861895e-06,3.456032410572989e-05,3.456032410572989e-05,0.0,3.456032410572989e-05,300.7130543407675,300.64399960589105,2.3865540183647125e-06
157,444,contact,0.0021973668536910264,-5.26331463089739e-05,5.26331463089739e-05,0.00017099893812044223,0.00017099893812044223,0.0,0.00017099893812044223,300.7130543407675,300.82272316598164,-1.8753252656537322e-05
157,484,contact,0.0021946101602106916,-5.538983978930871e-05,5.538983978930871e-05,0.00017541987691331508,0.00017541987691331508,0.0,0.00017541987691331508,300.7130543407675,300.7412085140477,-4.938801611408786e-06
158,161,contact,0.001964865192067893,-3.51348079321071e-05,3.51348079321071e-05,0.000132542083754759,0.000132542083754759,0.0,0.000132542083754759,300.55140242999784,300.46711997535533,1.1170972162283566e-05
158,352,contact,0.0019721512804042195,-2.7848719595780554e-05,2.7848719595780554e-05,0.00011800152455748306,0.00011800152455748306,0.0,0.00011800152455748306,300.55140242999784,300.45296458496136,1.1615815788456912e-05
158,373,contact,0.0019085137246035186,-9.148627539648144e-05,9.148627539648144e-05,0.00021387645428667625,0.00021387645428667625,0.0,0.00021387645428667625,300.55140242999784,300.5558210515511,-9.450391106481679e-07
158,383,contact,0.0019454505717699424,-5.4549428230057624e-05,5.4549428230057624e-05,0.0001651505801231979,0.0001651505801231979,0.0,0.0001651505801231979,300.55140242999784,300.68120707342337,-2.143731216441109e-05
158,412,contact,0.002150685231501812,-9.931476849818835e-05,9.931476849818835e-05,0.0002348933191640035,0.0002348933191640035,0.0,0.0002348933191640035,300.55140242999784,300.6167413447412,-1.5347674554636006e-05
158,460,contact,0.002111489947833047,-0.00013851005216695316,0.00013851005216695316,0.00027739868237185384,0.00027739868237185384,0.0,0.00027739868237185384,300.55140242999784,300.49753325603086,1.4943237878898478e-05
159,262,contact,0.001998659814175489,-1.3401858245110088e-06,1.3401858245110088e-06,2.5886152905665694e-05,2.5886152905665694e-05,0.0,2.5886152905665694e-05,300.7706582933547,300.87200024690276,-2.6233533053038986e-06
159,299,contact,0.001889518855290945,-0.00011048114470905502,0.00011048114470905502,0.00023503313033384785,0.00023503313033384785,0.0,0.00023503313033384785,300.7706582933547,300.8248851335174,-1.274510399155223e-05
159,327,contact,0.001916730727697556,-8.326927230244401e-05,8.326927230244401e-05,0.00020404567172871372,0.00020404567172871372,0.0,0.00020404567172871372,300.7706582933547,300.7221067261693,9.90673713983229e-06
159,383,contact,0.001915545371741426,-8.445462825857394e-05,8.445462825857394e-05,0.00020549285663810061,0.00020549285663810061,0.0,0.00020549285663810061,300.7706582933547,300.68120707342337,1.838158671345282e-05
159,409,contact,0.002148861698039221,-0.00010113830196077948,0.00010113830196077948,0.00023703996611070964,0.00023703996611070964,0.0,0.00023703996611070964,300.7706582933547,300.78062330023715,-2.36210489370966e-06
160,272,contact,0.0019597125986848167,-4.0287401315183304e-05,4.0287401315183304e-05,0.00014192850544408496,0.00014192850544408496,0.0,0.00014192850544408496,300.36386220921094,300.3829453211584,-2.7084375579240777e-06
160,281,contact,0.0019559581649155992,-4.404183508440081e-05,4.404183508440081e-05,0.00014839446600935092,0.00014839446600935092,0.0,0.00014839446600935092,300.36386220921094,300.27976024069744,1.2480266707895162e-05
160,293,contact,0.001995754956426264,-4.245043573736142e-06,4.245043573736142e-06,4.607083444944395e-05,4.607083444944395e-05,0.0,4.607083444944395e-05,300.36386220921094,300.34917009334526,6.768780377593768e-07
160,341,contact,0.0019031716618581722,-9.682833814182788e-05,9.682833814182788e-05,0.00022003220007742945,0.00022003220007742945,0.0,0.00022003220007742945,300.36386220921094,300.46104403501613,-2.1383130939458334e-05
160,436,contact,0.002182809574585012,-6.719042541498835e-05,6.719042541498835e-05,0.00019320459135185677,0.00019320459135185677,0.0,0.00019320459135185677,300.36386220921094,300.4405234279522,-1.481129943944136e-05
160,471,contact,0.002127579648168313,-0.0001224203518316873,0.0001224203518316873,0.00026078977467140004,0.00026078977467140004,0.0,0.00026078977467140004,300.36386220921094,300.3138555592117,1.3041222985378921e-05
161,269,contact,0.0018962590588840966,-0.00010374094111590348,0.00010374094111590348,0.00022775089584445489,0.00022775089584445489,0.0,0.00022775089584445489,300.46711997535533,300.41660057187016,1.1505839401274572e-05
161,278,contact,0.001939047198419884,-6.095280158011605e-05,6.095280158011605e-05,0.0001745749145497658,0.0001745749145497658,0.0,0.0001745749145497658,300.46711997535533,300.4101004105818,9.954185648008115e-06
161,352,contact,0.001851556819598038,-0.0001484431804019621,0.0001484431804019621,0.0002724363966157625,0.0002724363966157625,0.0,0.0002724363966157625,300.46711997535533,300.45296458496136,3.856443551621647e-06
161,373,contact,0.001964692999834834,-3.5307000165166105e-05,3.5307000165166105e-05,0.0001328664746374459,0.0001328664746374459,0.0,0.0001328664746374459,300.46711997535533,300.5558210515511,-1.1785399290680147e-05
161,445,contact,0.00213503517519033,-0.00011496482480967017,0.00011496482480967017,0.00025272385545587785,0.00025272385545587785,0.0,0.00025272385545587785,300.46711997535533,300.4160724100212,1.2900937522884394e-05
161,459,contact,0.0021503191168986985,-9.968088310130171e-05,9.968088310130171e-05,0.00023532587700805888,0.00023532587700805888,0.0,0.00023532587700805888,300.46711997535533,300.53197061934236,-1.5261034670784972e-05
162,237,contact,0.0019288541687748195,-7.114583122518059e-05,7.114583122518059e-05,0.00018860783550157798,0.00018860783550157798,0.0,0.00018860783550157798,300.50725118232276,300.49792710167617,1.7585946687960305e-06
162,288,contact,0.0019238216321946276,-7.617836780537241e-05,7.617836780537241e-05,0.00019516450472021344,0.00019516450472021344,0.0,0.00019516450472021344,300.50725118232276,300.6209388682758,-2.2187800921812005e-05
162,290,contact,0.0019465653988499836,-5.3434601150016475e-05,5.3434601150016475e-05,0.00016345427671066986,0.00016345427671066986,0.0,0.00016345427671066986,300.50725118232276,300.4366613601864,1.1538208320432812e-05
162,494,contact,0.0021570386549155766,-9.296134508442362e-05,9.296134508442362e-05,0.00022725578477470862,0.00022725578477470862,0.0,0.00022725578477470862,300.50725118232276,300.51866032343133,-2.5927933162340063e-06
163,184,contact,0.0018833224648347438,-0.00011667753516525622,0.00011667753516525622,0.00024153419547266617,0.00024153419547266617,0.0,0.00024153419547266617,300.40258182905825,300.4359703512623,-8.064469848579733e-06
163,228,contact,0.001958943174163048,-4.105682583695203e-05,4.105682583695203e-05,0.00014327739849144392,0.00014327739849144392,0.0,0.00014327739849144392,300.40258182905825,300.43179682497515,-4.185848611911926e-06
163,269,contact,0.0019109317346519734,-8.906826534802663e-05,8.906826534802663e-05,0.00021103111778601115,0.00021103111778601115,0.0,0.00021103111778601115,300.40258182905825,300.41660057187016,-2.9583909655526933e-06
163,325,contact,0.0019499681001749743,-5.0031899825025766e-05,5.0031899825025766e-05,0.0001581643130181802,0.0001581643130181802,0.0,0.0001581643130181802,300.40258182905825,300.49651413872755,-1.4856739229055606e-05
163,337,contact,0.00195758786607396,-4.241213392603988e-05,4.241213392603988e-05,0.00014562303033181236,0.00014562303033181236,0.0,0.00014562303033181236,300.40258182905825,300.3182967758536,1.2273844859341618e-05
163,349,contact,0.0019455308414414812,-5.446915855851888e-05,5.446915855851888e-05,0.00016502902556598774,0.00016502902556598774,0.0,0.00016502902556598774,300.40258182905825,300.379113485892,3.872957804375675e-06
164,434,contact,0.002161877904808688,-8.812209519131224e-05,8.812209519131224e-05,0.00022126165404499944,0.00022126165404499944,0.0,0.00022126165404499944,300.40358309233466,300.2973944172724,2.3495481885118663e-05
164,442,contact,0.002186731208209966,-6.326879179003415e-05,6.326879179003415e-05,0.00018748154248416347,0.00018748154248416347,0.0,0.00018748154248416347,300.40358309233466,300.47662885058463,-1.3694731428630675e-05
164,450,contact,0.002227072745870687,-2.2927254129313356e-05,2.2927254129313356e-05,0.00011285992825256485,0.00011285992825256485,0.0,0.00011285992825256485,300.40358309233466,300.41825627540965,-1.6560143890801195e-06
165,300,contact,0.0018740653361075756,-0.0001259346638924244,0.0001259346638924244,0.00025093292320102636,0.00025093292320102636,0.0,0.00025093292320102636,300.523880304389,300.527751122931,-9.713158119242372e-07
165,313,contact,0.0019146350000457009,-8.536499995429915e-05,8.536499995429915e-05,0.00020659743458511186,0.00020659743458511186,0.0,0.00020659743458511186,300.523880304389,300.4894605445142,7.1110340891738735e-06
165,318,contact,0.001975886203681781,-2.4113796318218916e-05,2.4113796318218916e-05,0.00010980390775882914,0.00010980390775882914,0.0,0.00010980390775882914,300.523880304389,300.6089007364263,-9.335575677034449e-06
166,310,contact,0.001877374095219171,-0.00012262590478082894,0.00012262590478082894,0.0002476145237873063,0.0002476145237873063,0.0,0.0002476145237873063,300.7916575889074,300.8471720562553,-1.3746188395657432e-05
166,439,contact,0.002087143028759649,-0.00016285697124035145,0.00016285697124035145,0.0003007924452733622,0.0003007924452733622,0.0,0.0003007924452733622,300.7916575889074,300.6560009931799,4.0804479146346485e-05
166,497,contact,0.0021186781416015037,-0.0001313218583984966,0.0001313218583984966,0.0002701047722628476,0.0002701047722628476,0.0,0.0002701047722628476,300.7916575889074,300.9182552951648,-3.41946446176461e-05
167,240,contact,0.0019945544009126446,-5.445599087355434e-06,5.445599087355434e-06,5.21804517389196e-05,5.21804517389196e-05,0.0,5.21804517389196e-05,300.4745755818405,300.4890525132588,-7.554128212002972e-07
167,390,contact,0.001957019598317809,-4.298040168219117e-05,4.298040168219117e-05,0.00014659536432334955,0.00014659536432334955,0.0,0.00014659536432334955,300.4745755818405,300.34293427295347,1.9298005636296213e-05
167,475,contact,0.0022036110639130496,-4.638893608695065e-05,4.638893608695065e-05,0.0001605354514100142,0.0001605354514100142,0.0,0.0001605354514100142,300.4745755818405,300.57946397878123,-1.683830615055397e-05
168,394,contact,0.0018081731540601953,-0.00019182684593980473,0.00019182684593980473,0.00030969892310097295,0.00030969892310097295,0.0,0.00030969892310097295,300.930421626066,300.88975318672135,1.259497186923305e-05
168,481,contact,0.002105431310720917,-0.00014456868927908333,0.00014456868927908333,0.0002834006677627624,0.0002834006677627624,0.0,0.0002834006677627624,300.930421626066,300.82046276732046,3.11624139949141e-05
169,243,contact,0.0019190398894499301,-8.09601105500699e-05,8.09601105500699e-05,0.00020119655880515192,0.00020119655880515192,0.0,0.00020119655880515192,300.81483321865903,300.9425509290051,-2.5696363820103604e-05
169,246,contact,0.0019666223263758594,-3.337767362414064e-05,3.337767362414064e-05,0.0001291852809420265,0.0001291852809420265,0.0,0.0001291852809420265,300.81483321865903,300.82175036648135,-8.935936847440798e-07
169,323,contact,0.0019538394759293816,-4.616052407061845e-05,4.616052407061845e-05,0.00015192189452251187,0.00015192189452251187,0.0,0.00015192189452251187,300.81483321865903,300.76839539757026,7.0549217573038545e-06
169,408,contact,0.0021247828000292173,-0.00012521719997078294,0.00012521719997078294,0.0002637519878501002,0.0002637519878501002,0.0,0.0002637519878501002,300.81483321865903,300.68534892660205,3.415173942539308e-05
169,429,contact,0.0021391724055110665,-0.00011082759448893375,0.00011082759448893375,0.0002481348138153641,0.0002481348138153641,0.0,0.0002481348138153641,300.81483321865903,300.917767959637,-2.554169278769822e-05
169,473,contact,0.0021679331206012793,-8.206687939872094e-05,8.206687939872094e-05,0.00021352449690156675,0.00021352449690156675,0.0,0.00021352449690156675,300.81483321865903,300.7636681801347,1.092498910986018e-05
170,211,contact,0.001804470683192167,-0.00019552931680783306,0.00019552931680783306,0.00031267340533521,0.00031267340533521,0.0,0.00031267340533521,300.39541303273245,300.3421013492587,1.66691456158862e-05
170,231,contact,0.0018571041630452503,-0.00014289583695474973,0.00014289583695474973,0.0002672974344758566,0.0002672974344758566,0.0,0.0002672974344758566,300.39541303273245,300.3115375108233,2.241971182163539e-05
170,278,contact,0.0018525210287875277,-0.00014747897121247236,0.00014747897121247236,0.00027155015302193476,0.00027155015302193476,0.0,0.00027155015302193476,300.39541303273245,300.4101004105818,-3.988359702475797e-06
170,399,contact,0.0017931643890619735,-0.00020683561093802656,0.00020683561093802656,0.0003215863888117986,0.0003215863888117986,0.0,0.0003215863888117986,300.39541303273245,300.4463081917016,-1.6367190380883795e-05
170,460,contact,0.0021894271635749837,-6.0572836425016544e-05,6.0572836425016544e-05,0.0001834436583577526,0.0001834436583577526,0.0,0.0001834436583577526,300.39541303273245,300.49753325603086,-1.873330735417162e-05
171,190,contact,0.001892481016047453,-0.00010751898395254707,0.00010751898395254707,0.00023186093240620234,0.00023186093240620234,0.0,0.00023186093240620234,300.61503747192614,300.72463236592006,-2.5410774308388006e-05
171,252,contact,0.0018563968927468066,-0.00014360310725319348,0.00014360310725319348,0.00026795811916528436,0.00026795811916528436,0.0,0.00026795811916528436,300.61503747192614,300.62023380224286,-1.3923988982301825e-06
171,398,contact,0.00195579108102067,-4.420891897933014e-05,4.420891897933014e-05,0.0001486756856034808,0.0001486756856034808,0.0,0.0001486756856034808,300.61503747192614,300.6697199079617,-8.129948668051571e-06
171,457,contact,0.002162260832323427,-8.773916767657345e-05,8.773916767657345e-05,0.00022078039324754543,0.00022078039324754543,0.0,0.00022078039324754543,300.61503747192614,300.64946194555284,-7.600248824642603e-06
171,459,contact,0.00210173077738325,-0.00014826922261675047,0.00014826922261675047,0.00028700486118294087,0.00028700486118294087,0.0,0.00028700486118294087,300.61503747192614,300.53197061934236,2.384059049471264e-05
171,463,contact,0.0020876178642893436,-0.00016238213571065667,0.00016238213571065667,0.00030035362094876013,0.00030035362094876013,0.0,0.00030035362094876013,300.61503747192614,300.58275389219256,9.696490070170858e-06
172,206,contact,0.0019817856669175913,-1.821433308240878e-05,1.821433308240878e-05,9.543147563149377e-05,9.543147563149377e-05,0.0,9.543147563149377e-05,300.1595926493683,300.1926169402756,-3.1515568129720415e-06
172,219,contact,0.0019409431512025285,-5.9056848797471584e-05,5.9056848797471584e-05,0.00017183836707422413,0.00017183836707422413,0.0,0.00017183836707422413,300.1595926493683,300.0709660560635,1.522944907284004e-05
172,257,contact,0.001881722497091694,-0.00011827750290830611,0.00011827750290830611,0.00024318460365358875,0.00024318460365358875,0.0,0.00024318460365358875,300.1595926493683,300.1740383967126,-3.5129833424096438e-06
172,297,contact,0.001890796613282349,-0.00010920338671765095,0.00010920338671765095,0.00023367005233624927,0.00023367005233624927,0.0,0.00023367005233624927,300.1595926493683,300.2568325634977,-2.272205582379671e-05
172,490,contact,0.0022343915489457075,-1.560845105429273e-05,1.560845105429273e-05,9.312014656791136e-05,9.312014656791136e-05,0.0,9.312014656791136e-05,300.1595926493683,300.2081841400135,-4.524846730835069e-06
173,394,contact,0.0018243400055295957,-0.00017565999447040435,0.00017565999447040435,0.0002963612613605263,0.0002963612613605263,0.0,0.0002963612613605263,300.9343896841143,300.88975318672135,1.322852867009276e-05
173,466,contact,0.0020427297937659706,-0.0002072702062340297,0.0002072702062340297,0.0003393377588398629,0.0003393377588398629,0.0,0.0003393377588398629,300.9343896841143,300.8143690463608,4.0727534229803134e-05
173,482,contact,0.0021926073000083715,-5.739269999162876e-05,5.739269999162876e-05,0.00017856324741861816,0.00017856324741861816,0.0,0.00017856324741861816,300.9343896841143,300.9164462271999,3.2040419365504344e-06
174,181,contact,0.0018620552530201676,-0.00013794474697983246,0.00013794474697983246,0.00026262591930332433,0.00026262591930332433,0.0,0.00026262591930332433,300.07459472348694,300.1736335076563,-2.6010151739159557e-05
174,328,contact,0.0018808561751766134,-0.00011914382482338661,0.00011914382482338661,0.00024407357991329849,0.00024407357991329849,0.0,0.00024407357991329849,300.07459472348694,300.08082135002434,-1.5197550297658284e-06
174,464,contact,0.0020613366514230518,-0.0001886633485769485,0.0001886633485769485,0.00032374831494795157,0.00032374831494795157,0.0,0.00032374831494795157,300.07459472348694,300.16205304516455,-2.8314484271304058e-05
175,211,contact,0.0018607117482565643,-0.00013928825174343577,0.00013928825174343577,0.0002639017352571178,0.0002639017352571178,0.0,0.0002639017352571178,300.3875334144233,300.3421013492587,1.1989600833242276e-05
175,253,contact,0.0018709403920221508,-0.00012905960797784922,0.00012905960797784922,0.00025402717175318984,0.00025402717175318984,0.0,0.00025402717175318984,300.3875334144233,300.5005034309807,-2.869745379899404e-05
175,291,contact,0.0019054747719400536,-9.45252280599464e-05,9.45252280599464e-05,0.00021739966428210785,0.00021739966428210785,0.0,0.00021739966428210785,300.3875334144233,300.40413233150747,-3.6085990015506165e-06
175,352,contact,0.001941907244849765,-5.8092755150235134e-05,5.8092755150235134e-05,0.00017042997851058237,0.00017042997851058237,0.0,0.00017042997851058237,300.3875334144233,300.45296458496136,-1.1151432988729024e-05
175,410,contact,0.0021581254276745064,-9.187457232549389e-05,9.187457232549389e-05,0.00022592350269442713,0.00022592350269442713,0.0,0.00022592350269442713,300.3875334144233,300.3684010686193,4.322446578799809e-06
175,415,contact,0.002191188233812878,-5.881176618712219e-05,5.881176618712219e-05,0.000180757305349715,0.000180757305349715,0.0,0.000180757305349715,300.3875334144233,300.2959394530658,1.6556277641285673e-05
176,199,contact,0.0018675724480190857,-0.00013242755198091438,0.00013242755198091438,0.00025732037616647694,0.00025732037616647694,0.0,0.00025732037616647694,300.78035968738465,300.6714362466923,2.802822073230634e-05
176,305,contact,0.0017732164251720653,-0.00022678357482793475,0.00022678357482793475,0.00033673697066696935,0.00033673697066696935,0.0,0.00033673697066696935,300.78035968738465,300.85550218100366,-2.5303255669628153e-05
176,481,contact,0.0020884706631887364,-0.00016152933681126387,0.00016152933681126387,0.0002995638837555391,0.0002995638837555391,0.0,0.0002995638837555391,300.78035968738465,300.82046276732046,-1.2013434376132531e-05
176,484,contact,0.002044737055882737,-0.00020526294411726343,0.00020526294411726343,0.00033769064090382375,0.00033769064090382375,0.0,0.00033769064090382375,300.78035968738465,300.7412085140477,1.3220984816295111e-05
177,260,contact,0.0019508730432552495,-4.912695674475051e-05,4.912695674475051e-05,0.0001567274014726693,0.0001567274014726693,0.0,0.0001567274014726693,300.64472824100324,300.71560272071025,-1.1107973035207943e-05
177,318,contact,0.001892213261685902,-0.00010778673831409813,0.00010778673831409813,0.00023214945435440736,0.00023214945435440736,0.0,0.00023214945435440736,300.64472824100324,300.6089007364263,8.317335638420689e-06
177,329,contact,0.001923743627420504,-7.625637257949614e-05,7.625637257949614e-05,0.0001952644009791546,0.0001952644009791546,0.0,0.0001952644009791546,300.64472824100324,300.70363249972036,-1.1501904793519715e-05
177,485,contact,0.002185656932554291,-6.43430674457093e-05,6.43430674457093e-05,0.00018906651893169665,0.00018906651893169665,0.0,0.00018906651893169665,300.64472824100324,300.64281383802347,3.619495072165258e-07
178,276,contact,0.0019453382524640792,-5.466174753592087e-05,5.466174753592087e-05,0.00016532051829086563,0.00016532051829086563,0.0,0.00016532051829086563,300.32847946895174,300.3118535097094,2.748612199025301e-06
178,410,contact,0.0021736335033590644,-7.636649664093586e-05,7.636649664093586e-05,0.00020597531761642362,0.00020597531761642362,0.0,0.00020597531761642362,300.32847946895174,300.3684010686193,-8.222864171276566e-06
178,467,contact,0.0021668287476402006,-8.317125235979966e-05,8.317125235979966e-05,0.000214956393975615,0.000214956393975615,0.0,0.000214956393975615,300.32847946895174,300.4062351291905,-1.671407633612104e-05
178,487,contact,0.002175164425692918,-7.483557430708245e-05,7.483557430708245e-05,0.0002039002674335918,0.0002039002674335918,0.0,0.0002039002674335918,300.32847946895174,300.30463755393305,4.861372848440434e-06
179,234,contact,0.0018926884174633716,-0.00010731158253662844,0.00010731158253662844,0.0002316371975057422,0.0002316371975057422,0.0,0.0002316371975057422,300.2375986438232,300.1801737921697,1.330173170420813e-05
179,257,contact,0.0018743368365733315,-0.0001256631634266685,0.0001256631634266685,0.00025066228618069825,0.00025066228618069825,0.0,0.00025066228618069825,300.2375986438232,300.1740383967126,1.5932156850956966e-05
179,273,contact,0.0019590636442188393,-4.0936355781160706e-05,4.0936355781160706e-05,0.00014306703984699046,0.00014306703984699046,0.0,0.00014306703984699046,300.2375986438232,300.28682919292345,-7.0432689298118025e-06
179,471,contact,0.0020975761610964212,-0.00015242383890357904,0.00015242383890357904,0.000290998128004268,0.000290998128004268,0.0,0.000290998128004268,300.2375986438232,300.3138555592117,-2.219061962542043e-05
180,212,contact,0.0018495996483834003,-0.00015040035161659974,0.00015040035161659974,0.0002742265045693065,0.0002742265045693065,0.0,0.0002742265045693065,300.34605243500994,300.37346009859283,-7.515907782747928e-06
180,389,contact,0.0019528067032863238,-4.719329671367626e-05,4.719329671367626e-05,0.00015361200590070467,0.00015361200590070467,0.0,0.00015361200590070467,300.34605243500994,300.2446426135101,1.5577766098621058e-05
180,461,contact,0.002212376951742175,-3.762304825782534e-05,3.762304825782534e-05,0.0001445741798405567,0.0001445741798405567,0.0,0.0001445741798405567,300.34605243500994,300.4313405048153,-1.2330452742293808e-05
180,471,contact,0.0021144642046863793,-0.00013553579531362095,0.00013553579531362095,0.0002744041983336311,0.0002744041983336311,0.0,0.0002744041983336311,300.34605243500994,300.3138555592117,8.834957892269885e-06
181,245,contact,0.0019045407690569398,-9.545923094306024e-05,9.545923094306024e-05,0.0002184710861224664,0.0002184710861224664,0.0,0.0002184710861224664,300.1736335076563,300.1659330399404,1.6823295455420226e-06
181,307,contact,0.0019256805190892895,-7.431948091071055e-05,7.431948091071055e-05,0.0001927686189589874,0.0001927686189589874,0.0,0.0001927686189589874,300.1736335076563,300.2802395698272,-2.0550303377339778e-05
181,328,contact,0.0019981131449444993,-1.8868550555007843e-06,1.8868550555007843e-06,3.071526538629273e-05,3.071526538629273e-05,0.0,3.071526538629273e-05,300.1736335076563,300.08082135002434,2.8507500527399027e-06
181,427,contact,0.002243320239132167,-6.679760867833468e-06,6.679760867833468e-06,6.091779920439906e-05,6.091779920439906e-05,0.0,6.091779920439906e-05,300.1736335076563,300.21282943045287,-2.3877293545531824e-06
181,490,contact,0.0021627869200177815,-8.721307998221881e-05,8.721307998221881e-05,0.00022011749385551497,0.00022011749385551497,0.0,0.00022011749385551497,300.1736335076563,300.2081841400135,-7.605198605589105e-06
182,333,contact,0.0017399674487081646,-0.0002600325512918354,0.0002600325512918354,0.00036057769709997,0.00036057769709997,0.0,0.00036057769709997,300.9424591047196,300.8402652407243,3.684882813717151e-05
182,351,contact,0.0018867234318923048,-0.00011327656810769526,0.00011327656810769526,0.00023798799140680948,0.00023798799140680948,0.0,0.00023798799140680948,300.9424591047196,300.89403681448863,1.1523923591387048e-05
183,204,contact,0.0018547713115626956,-0.0001452286884373044,0.0001452286884373044,0.0002694704885857674,0.0002694704885857674,0.0,0.0002694704885857674,300.8202997740644,300.6999364422242,3.2434365838780685e-05
183,409,contact,0.0021986421725998565,-5.1357827400143764e-05,5.1357827400143764e-05,0.0001689145533499503,0.0001689145533499503,0.0,0.0001689145533499503,300.8202997740644,300.78062330023715,6.701933855027239e-06
183,448,contact,0.00216082636971044,-8.917363028956024e-05,8.917363028956024e-05,0.0002225778643900205,0.0002225778643900205,0.0,0.0002225778643900205,300.8202997740644,300.8974893233461,-1.7180685032358087e-05
183,486,contact,0.0021664300081595156,-8.356999184048466e-05,8.356999184048466e-05,0.00021547104966726668,0.00021547104966726668,0.0,0.00021547104966726668,300.8202997740644,300.9221956653931,-2.195561466137568e-05
184,209,contact,0.0019447119232894104,-5.528807671058961e-05,5.528807671058961e-05,0.0001662649643048553,0.0001662649643048553,0.0,0.0001662649643048553,300.4359703512623,300.393805586969,7.010523030151164e-06
184,313,contact,0.0019330310083089716,-6.696899169102849e-05,6.696899169102849e-05,0.00018298769315315782,0.00018298769315315782,0.0,0.00018298769315315782,300.4359703512623,300.4894605445142,-9.788047069479814e-06
184,325,contact,0.001988697911531395,-1.1302088468605198e-05,1.1302088468605198e-05,7.517342771420363e-05,7.517342771420363e-05,0.0,7.517342771420363e-05,300.4359703512623,300.49651413872755,-4.551284030561971e-06
184,342,contact,0.0019270231078178583,-7.297689218214174e-05,7.297689218214174e-05,0.0001910194913904622,0.0001910194913904622,0.0,0.0001910194913904622,300.4359703512623,300.39824816421157,7.205672984569557e-06
184,349,contact,0.0019654111609693045,-3.458883903069551e-05,3.458883903069551e-05,0.00013150824884906558,0.00013150824884906558,0.0,0.00013150824884906558,300.4359703512623,300.379113485892,7.4771467998979904e-06
184,480,contact,0.0021538155558413078,-9.618444415869249e-05,9.618444415869249e-05,0.0002311618530605444,0.0002311618530605444,0.0,0.0002311618530605444,300.4359703512623,300.50267029054305,-1.5418481563161276e-05
186,203,contact,0.0019507688215931681,-4.92311784068319e-05,4.92311784068319e-05,0.00015689356010816999,0.00015689356010816999,0.0,0.00015689356010816999,300.92619739062116,300.9428854674878,-2.618251790970887e-06
186,366,contact,0.0019317462923026405,-6.825370769735959e-05,6.825370769735959e-05,0.0001847345496886811,0.0001847345496886811,0.0,0.0001847345496886811,300.92619739062116,300.84235713277707,1.5488192278610468e-05
186,409,contact,0.0022220680369027857,-2.793196309721453e-05,2.793196309721453e-05,0.00012457029050391707,0.00012457029050391707,0.0,0.00012457029050391707,300.92619739062116,300.78062330023715,1.8134206728978658e-05
186,486,contact,0.0021762836088444447,-7.371639115555557e-05,7.371639115555557e-05,0.00020236983629477818,0.00020236983629477818,0.0,0.00020236983629477818,300.92619739062116,300.9221956653931,8.098284793030447e-07
187,356,contact,0.001876504826052947,-0.0001234951739470531,0.0001234951739470531,0.0002484906174758447,0.0002484906174758447,0.0,0.0002484906174758447,300.46878678249686,300.4597110383914,2.255237256821844e-06
187,399,contact,0.0018561230629998654,-0.00014387693700013463,0.00014387693700013463,0.00026821347561236986,0.00026821347561236986,0.0,0.00026821347561236986,300.46878678249686,300.4463081917016,6.029060964072366e-06
187,405,contact,0.002239544733623333,-1.0455266376667178e-05,1.0455266376667178e-05,7.621339331358141e-05,7.621339331358141e-05,0.0,7.621339331358141e-05,300.46878678249686,300.35516317146306,8.659640957428525e-06
187,465,contact,0.002132565799899266,-0.00011743420010073419,0.00011743420010073419,0.00025542361339192125,0.00025542361339192125,0.0,0.00025542361339192125,300.46878678249686,300.5582194795987,-2.284322264913031e-05
188,215,contact,0.0019183985665937628,-8.160143340623727e-05,8.160143340623727e-05,0.00020199187286403043,0.00020199187286403043,0.0,0.00020199187286403043,300.4261466964431,300.5131435024325,-1.7572647774993473e-05
188,220,contact,0.0018902434456335875,-0.0001097565543664125,0.0001097565543664125,0.000234261130329396,0.000234261130329396,0.0,0.000234261130329396,300.4261466964431,300.3178833655413,2.5361890270272606e-05
188,418,contact,0.002234112422126787,-1.5887577873213276e-05,1.5887577873213276e-05,9.394909340587142e-05,9.394909340587142e-05,0.0,9.394909340587142e-05,300.4261466964431,300.46169867221323,-3.34007589239284e-06
188,442,contact,0.0021879760332830433,-6.202396671695695e-05,6.202396671695695e-05,0.00018562801320705423,0.00018562801320705423,0.0,0.00018562801320705423,300.4261466964431,300.47662885058463,-9.37090197570784e-06
189,309,contact,0.001925041451475786,-7.495854852421408e-05,7.495854852421408e-05,0.00019359564628913285,0.00019359564628913285,0.0,0.00019359564628913285,300.58499969564303,300.60760964919575,-4.3771885706055015e-06
189,334,contact,0.0018628692233487567,-0.00013713077665124338,0.00013713077665124338,0.00026184993474435254,0.00026184993474435254,0.0,0.00026184993474435254,300.58499969564303,300.46147515005015,3.234489420282304e-05
189,433,contact,0.002093771228047611,-0.00015622877195238917,0.00015622877195238917,0.0002946078108193531,0.0002946078108193531,0.0,0.0002946078108193531,300.58499969564303,300.7048719538609,-3.5315303571538156e-05
189,439,contact,0.0022083012165463297,-4.16987834536706e-05,4.16987834536706e-05,0.00015220378052990265,0.00015220378052990265,0.0,0.00015220378052990265,300.58499969564303,300.6560009931799,-1.0806665907635299e-05
190,218,contact,0.0019356623075125993,-6.433769248740079e-05,6.433769248740079e-05,0.0001793567568944655,0.0001793567568944655,0.0,0.0001793567568944655,300.72463236592006,300.8215310588379,-1.7379435309052657e-05
190,221,contact,0.0019319618144831435,-6.803818551685652e-05,6.803818551685652e-05,0.00018444265438999802,0.00018444265438999802,0.0,0.00018444265438999802,300.72463236592006,300.66567334263715,1.087455875454154e-05
190,453,contact,0.0021513479623017752,-9.865203769822504e-05,9.865203769822504e-05,0.0002341082818059306,0.0002341082818059306,0.0,0.0002341082818059306,300.72463236592006,300.8109416874592,-2.0205726969365365e-05
191,397,contact,0.0019126111379740652,-8.738886202593488e-05,8.738886202593488e-05,0.0002090321291403966,0.0002090321291403966,0.0,0.0002090321291403966,300.2784718364901,300.36817626502966,-1.8751107690947262e-05
191,415,contact,0.002122557904981629,-0.0001274420950183714,0.0001274420950183714,0.0002660848810043427,0.0002660848810043427,0.0,0.0002660848810043427,300.2784718364901,300.2959394530658,-4.647868677971002e-06
191,417,contact,0.0021444225930444868,-0.00010557740695551349,0.00010557740695551349,0.00024218611639663672,0.00024218611639663672,0.0,0.00024218611639663672,300.2784718364901,300.2433644833071,8.502513524350968e-06
191,458,contact,0.002146355686794524,-0.00010364431320547627,0.00010364431320547627,0.000239958692284823,0.000239958692284823,0.0,0.000239958692284823,300.2784718364901,300.2059859210692,1.739362547346369e-05
191,478,contact,0.0021622848933477764,-8.771510665222387e-05,8.771510665222387e-05,0.0002207501184751461,0.0002207501184751461,0.0,0.0002207501184751461,300.2784718364901,300.29879548008404,-4.4864467312089505e-06
192,223,contact,0.0018413337000048058,-0.00015866629999519428,0.00015866629999519428,0.00028166141020309675,0.00028166141020309675,0.0,0.00028166141020309675,300.94007634967727,300.8906602803163,1.391859978290566e-05
192,351,contact,0.0019639756045702512,-3.602439542974879e-05,3.602439542974879e-05,0.00013420952915078123,0.00013420952915078123,0.0,0.00013420952915078123,300.94007634967727,300.89403681448863,6.17894433998826e-06
193,282,contact,0.0018249212012723453,-0.00017507879872765472,0.00017507879872765472,0.00029587057873980537,0.00029587057873980537,0.0,0.00029587057873980537,300.570829431374,300.64400897256337,-2.1651673203605586e-05
193,350,contact,0.0018665505290058853,-0.0001334494709941147,0.0001334494709941147,0.0002583113150774804,0.0002583113150774804,0.0,0.0002583113150774804,300.570829431374,300.5056768166784,1.6829657582769332e-05
193,416,contact,0.002150103865101637,-9.989613489836324e-05,9.989613489836324e-05,0.00023557982239850872,0.00023557982239850872,0.0,0.00023557982239850872,300.570829431374,300.62689291863535,-1.3207426372064322e-05
193,431,contact,0.002223080423019067,-2.6919576980933332e-05,2.6919576980933332e-05,0.00012229194799725354,0.00012229194799725354,0.0,0.00012229194799725354,300.570829431374,300.5594807556612,1.3878516601121383e-06
193,442,contact,0.002149174050154152,-0.00010082594984584838,0.00010082594984584838,0.00023667364995078535,0.00023667364995078535,0.0,0.00023667364995078535,300.570829431374,300.47662885058463,2.2294795282908915e-05
193,463,contact,0.002090802000411565,-0.00015919799958843527,0.00015919799958843527,0.00029739423851965637,0.00029739423851965637,0.0,0.00029739423851965637,300.570829431374,300.58275389219256,-3.5462659448854103e-06
193,500,contact,0.002108410845392733,-0.00014158915460726722,0.00014158915460726722,0.0002804650449672504,0.0002804650449672504,0.0,0.0002804650449672504,300.570829431374,300.5783417365363,-2.106939005142478e-06
194,221,contact,0.0019382552041264105,-6.174479587358955e-05,6.174479587358955e-05,0.00017570542944597578,0.00017570542944597578,0.0,0.00017570542944597578,300.7265392123194,300.66567334263715,1.0694463771119325e-05
194,241,contact,0.0019223323585946313,-7.766764140536872e-05,7.766764140536872e-05,0.00019706298663798934,0.00019706298663798934,0.0,0.00019706298663798934,300.7265392123194,300.7125701054502,2.75279392030649e-06
194,303,contact,0.0018917388678409085,-0.00010826113215909152,0.00010826113215909152,0.0002326597646339946,0.0002326597646339946,0.0,0.0002326597646339946,300.7265392123194,300.7542867461886,-6.455734699185826e-06
194,333,contact,0.0018357034353348033,-0.00016429656466519674,0.00016429656466519674,0.00028661521650568094,0.00028661521650568094,0.0,0.00028661521650568094,300.7265392123194,300.8402652407243,-3.2595610253609136e-05
194,363,contact,0.001959359171387422,-4.0640828612578065e-05,4.0640828612578065e-05,0.00014254969065658835,0.00014254969065658835,0.0,0.00014254969065658835,300.7265392123194,300.7790099247512,-7.479683825689752e-06
194,483,contact,0.0021007605260000488,-0.0001492394739999515,0.0001492394739999515,0.00028794238814190237,0.00028794238814190237,0.0,0.00028794238814190237,300.7265392123194,300.61164202298795,3.3083771086884165e-05
195,242,contact,0.0017960122340618947,-0.00020398776593810535,0.00020398776593810535,0.0003193648117264215,0.0003193648117264215,0.0,0.0003193648117264215,300.1516472431309,300.24780661797257,-3.070992064203318e-05
195,261,contact,0.0019352342106318803,-6.476578936811975e-05,6.476578936811975e-05,0.00017995247896058524,0.00017995247896058524,0.0,0.00017995247896058524,300.1516472431309,300.23090486147873,-1.426260489820045e-05
195,285,contact,0.0019126908217482514,-8.730917825174869e-05,8.730917825174869e-05,0.00020893680653698702,0.00020893680653698702,0.0,0.00020893680653698702,300.1516472431309,300.0741193898354,1.6198422085234236e-05
195,479,contact,0.0020890551950107483,-0.000160944804989252,0.000160944804989252,0.00029902137139272247,0.00029902137139272247,0.0,0.00029902137139272247,300.1516472431309,300.1478249044411,1.142960956956032e-06
196,283,contact,0.0018603669309469563,-0.00013963306905304378,0.00013963306905304378,0.00026422818647245394,0.00026422818647245394,0.0,0.00026422818647245394,300.93058387904784,300.945989884914,-4.070700990801682e-06
196,428,contact,0.002186578497241752,-6.342150275824836e-05,6.342150275824836e-05,0.0001877076668626694,0.0001877076668626694,0.0,0.0001877076668626694,300.93058387904784,300.9084317481629,4.158124804447307e-06
196,497,contact,0.0021110793185003733,-0.00013892068149962697,0.00013892068149962697,0.0002778095685693379,0.0002778095685693379,0.0,0.0002778095685693379,300.93058387904784,300.9182552951648,3.4249985696241045e-06
197,408,contact,0.002129444003349232,-0.00012055599665076848,0.00012055599665076848,0.00025879635564449394,0.00025879635564449394,0.0,0.00025879635564449394,300.5926692694535,300.68534892660205,-2.3985157512426193e-05
197,439,contact,0.002169712466918139,-8.028753308186127e-05,8.028753308186127e-05,0.0002111970289693453,0.0002111970289693453,0.0,0.0002111970289693453,300.5926692694535,300.6560009931799,-1.3375471890518467e-05
197,460,contact,0.002091749161013337,-0.0001582508389866631,0.0001582508389866631,0.0002965082338997829,0.0002965082338997829,0.0,0.0002965082338997829,300.5926692694535,300.49753325603086,2.8208611320210658e-05
198,258,contact,0.0018861557573275854,-0.0001138442426724146,0.0001138442426724146,0.00023858357306446584,0.00023858357306446584,0.0,0.00023858357306446584,300.06487777449826,300.1050134371657,-9.57570980651435e-06
198,336,contact,0.0019563904280332184,-4.360957196678167e-05,4.360957196678167e-05,0.00014766443709773465,0.00014766443709773465,0.0,0.00014766443709773465,300.06487777449826,300.0525411302654,1.8216836263182315e-06
198,423,contact,0.0021963440119662486,-5.365598803375171e-05,5.365598803375171e-05,0.0001726524898197914,0.0001726524898197914,0.0,0.0001726524898197914,300.06487777449826,300.20685278672806,-2.4512339353671495e-05
199,288,contact,0.001988073597053186,-1.1926402946814147e-05,1.1926402946814147e-05,7.722176813183621e-05,7.722176813183621e-05,0.0,7.722176813183621e-05,300.6714362466923,300.6209388682758,3.899496847343039e-06
199,289,contact,0.0018731905626764192,-0.00012680943732358086,0.00012680943732358086,0.00025180293616594395,0.00025180293616594395,0.0,0.00025180293616594395,300.6714362466923,300.64463178447755,6.749442288017412e-06
199,301,contact,0.001965546200067554,-3.4453799932446065e-05,3.4453799932446065e-05,0.0001312512855793155,0.0001312512855793155,0.0,0.0001312512855793155,300.6714362466923,300.5775087303863,1.23281072664341e-05
199,484,contact,0.0022196529914606015,-3.03470085393988e-05,3.03470085393988e-05,0.00012984394167058736,0.00012984394167058736,0.0,0.00012984394167058736,300.6714362466923,300.7412085140477,-9.0595062127197e-06
199,485,contact,0.0021817166991614663,-6.828330083853392e-05,6.828330083853392e-05,0.00019476952311005654,0.00019476952311005654,0.0,0.00019476952311005654,300.6714362466923,300.64281383802347,5.574772886685152e-06
200,477,contact,0.0021914678220316176,-5.853217796838268e-05,5.853217796838268e-05,0.00018032713786089296,0.00018032713786089296,0.0,0.00018032713786089296,300.0674751917884,300.1911669077003,-2.2304973107493594e-05
201,261,contact,0.0019737902604886884,-2.620973951131169e-05,2.620973951131169e-05,0.00011447650307227175,0.00011447650307227175,0.0,0.00011447650307227175,300.25020361618135,300.23090486147873,2.2092539520052423e-06
201,401,contact,0.0021138829877975743,-0.00013611701220242597,0.00013611701220242597,0.00027499193139923414,0.00027499193139923414,0.0,0.00027499193139923414,300.25020361618135,300.15374219798053,2.6526111696552086e-05
201,441,contact,0.0021299768671279033,-0.00012002313287209692,0.00012002313287209692,0.00025822377555576883,0.00025822377555576883,0.0,0.00025822377555576883,300.25020361618135,300.35630118091797,-2.7396913743561304e-05
201,464,contact,0.002131897980697013,-0.0001181020193029873,0.0001181020193029873,0.00025614884919925767,0.00025614884919925767,0.0,0.00025614884919925767,300.25020361618135,300.16205304516455,2.257966732221002e-05
202,207,contact,0.001997103586710356,-2.896413289643889e-06,2.896413289643889e-06,3.80553103366921e-05,3.80553103366921e-05,0.0,3.80553103366921e-05,300.1724705140515,300.141279229215,1.1869940242529937e-06
203,453,contact,0.0021899650168039214,-6.003498319607885e-05,6.003498319607885e-05,0.0001826274033168791,0.0001826274033168791,0.0,0.0001826274033168791,300.9428854674878,300.8109416874592,2.4096549930440535e-05
204,302,contact,0.00198225372455193,-1.7746275448070076e-05,1.7746275448070076e-05,9.419733395396623e-05,9.419733395396623e-05,0.0,9.419733395396623e-05,300.6999364422242,300.6804775403812,1.8329766752820627e-06
204,327,contact,0.0019326556111228695,-6.734438887713058e-05,6.734438887713058e-05,0.00018349984860638248,0.00018349984860638248,0.0,0.00018349984860638248,300.6999364422242,300.7221067261693,-4.068243747478765e-06
204,435,contact,0.0020610840132561314,-0.0001889159867438689,0.0001889159867438689,0.0003239650073214946,0.0003239650073214946,0.0,0.0003239650073214946,300.6999364422242,300.5810566322789,3.85128984993156e-05
204,449,contact,0.0021370851777362553,-0.00011291482226374492,0.00011291482226374492,0.00025046048952517765,0.00025046048952517765,0.0,0.00025046048952517765,300.6999364422242,300.8079732849761,-2.7058960522384965e-05
204,468,contact,0.0021381392319491264,-0.00011186076805087385,0.00011186076805087385,0.00024928873047006027,0.00024928873047006027,0.0,0.00024928873047006027,300.6999364422242,300.60738654989797,2.3071645163150805e-05
205,264,contact,0.0018145332319910814,-0.00018546676800891863,0.00018546676800891863,0.00030452156574610495,0.00030452156574610495,0.0,0.00030452156574610495,300.152280742966,300.0534697050173,3.009009198914665e-05
205,336,contact,0.0018899047564626108,-0.0001100952435373892,0.0001100952435373892,0.00023462229597524315,0.00023462229597524315,0.0,0.00023462229597524315,300.152280742966,300.0525411302654,2.3401136931496932e-05
205,354,contact,0.0018545975752437501,-0.0001454024247562499,0.0001454024247562499,0.00026963162347566904,0.00026963162347566904,0.0,0.00026963162347566904,300.152280742966,300.2290121722497,-2.0689219849375583e-05
205,423,contact,0.002243282372083373,-6.717627916627382e-06,6.717627916627382e-06,6.109022433448279e-05,6.109022433448279e-05,0.0,6.109022433448279e-05,300.152280742966,300.20685278672806,-3.3338183958148636e-06
205,469,contact,0.0021483276706545486,-0.00010167232934545165,0.00010167232934545165,0.00023766494780286766,0.00023766494780286766,0.0,0.00023766494780286766,300.152280742966,300.204869642791,-1.249853813191135e-05
206,297,contact,0.0018922543803622175,-0.00010774561963778251,0.00010774561963778251,0.00023210516973753786,0.00023210516973753786,0.0,0.00023210516973753786,300.1926169402756,300.2568325634977,-1.4904778127763292e-05
206,407,contact,0.002154971849978556,-9.502815002144409e-05,9.502815002144409e-05,0.0002297681803004499,0.0002297681803004499,0.0,0.0002297681803004499,300.1926169402756,300.0848533766247,2.4760637922760328e-05
206,456,contact,0.0021866225238252714,-6.337747617472887e-05,6.337747617472887e-05,0.00018764250314350553,0.00018764250314350553,0.0,0.00018764250314350553,300.1926169402756,300.2638379099953,-1.3364081034505057e-05
206,477,contact,0.002141097818993799,-0.00010890218100620148,0.00010890218100620148,0.00024596994058240516,0.00024596994058240516,0.0,0.00024596994058240516,300.1926169402756,300.1911669077003,3.5666442640109973e-07
207,420,contact,0.0022312380276976285,-1.8761972302371813e-05,1.8761972302371813e-05,0.00010209465189598385,0.00010209465189598385,0.0,0.00010209465189598385,300.141279229215,300.1960770635742,-5.594565823555507e-06
207,488,contact,0.0022193560737628175,-3.0643926237182775e-05,3.0643926237182775e-05,0.00013047759756027678,0.00013047759756027678,0.0,0.00013047759756027678,300.141279229215,300.17889463955015,-4.9079683717743245e-06
207,493,contact,0.002227495685748095,-2.2504314251905327e-05,2.2504314251905327e-05,0.00011181411720625474,0.00011181411720625474,0.0,0.00011181411720625474,300.141279229215,300.1396039429003,1.873206603467492e-07
208,375,contact,0.0018861023153052957,-0.00011389768469470432,0.00011389768469470432,0.00023863956576257878,0.00023863956576257878,0.0,0.00023863956576257878,300.1050716856023,300.0641200578097,9.772678673695514e-06
208,414,contact,0.002087935868291935,-0.00016206413170806542,0.00016206413170806542,0.00030005937533545427,0.00030005937533545427,0.0,0.00030005937533545427,300.1050716856023,300.1809764195333,-2.2775927048338904e-05
208,440,contact,0.002149353831573573,-0.00010064616842642713,0.00010064616842642713,0.00023646255097727785,0.00023646255097727785,0.0,0.00023646255097727785,300.1050716856023,300.0755586548529,6.978726538073765e-06
209,267,contact,0.0019792469110659246,-2.0753088934075473e-05,2.0753088934075473e-05,0.00010186532514569291,0.00010186532514569291,0.0,0.00010186532514569291,300.393805586969,300.2845893735394,1.112534509218662e-05
209,332,contact,0.0018954550536892185,-0.0001045449463107815,0.0001045449463107815,0.00022863174135581165,0.00022863174135581165,0.0,0.00022863174135581165,300.393805586969,300.3209944481444,1.664693745956591e-05
209,445,contact,0.0022001833125493034,-4.98166874506969e-05,4.98166874506969e-05,0.00016636086520756434,0.00016636086520756434,0.0,0.00016636086520756434,300.393805586969,300.4160724100212,-3.7043279483840113e-06
209,462,contact,0.00217549326968759,-7.450673031241016e-05,7.450673031241016e-05,0.00020345178286596306,0.00020345178286596306,0.0,0.00020345178286596306,300.393805586969,300.38856076834134,1.0670677006058865e-06
210,244,contact,0.001888166815035419,-0.00011183318496458096,0.00011183318496458096,0.0002364668951085764,0.0002364668951085764,0.0,0.0002364668951085764,300.2683597234762,300.3274600047563,-1.3975260014350981e-05
210,251,contact,0.0018980641587944289,-0.00010193584120557118,0.00010193584120557118,0.0002257607596611634,0.0002257607596611634,0.0,0.0002257607596611634,300.2683597234762,300.13934124350294,2.9127310049087286e-05
210,316,contact,0.0019367394213987582,-6.326057860124188e-05,6.326057860124188e-05,0.00017784906325483117,0.00017784906325483117,0.0,0.00017784906325483117,300.2683597234762,300.33306549374953,-1.150786063029744e-05
211,352,contact,0.001893372210554492,-0.00010662778944550808,0.00010662778944550808,0.00023089801801391463,0.00023089801801391463,0.0,0.00023089801801391463,300.3421013492587,300.45296458496136,-2.5598101394351856e-05
211,415,contact,0.002144981198262585,-0.0001050188017374153,0.0001050188017374153,0.00024154456885429757,0.00024154456885429757,0.0,0.00024154456885429757,300.3421013492587,300.2959394530658,1.1150155313417524e-05
211,470,contact,0.0020733843034034956,-0.00017661569659650463,0.00017661569659650463,0.00031324085212900083,0.00031324085212900083,0.0,0.00031324085212900083,300.3421013492587,300.22014843648066,3.8200634318212004e-05
212,290,contact,0.0018732778195451952,-0.00012672218045480486,0.00012672218045480486,0.0002517162891578581,0.0002517162891578581,0.0,0.0002517162891578581,300.37346009859283,300.4366613601864,-1.5908787038430116e-05
212,356,contact,0.0019206310491346333,-7.936895086536671e-05,7.936895086536671e-05,0.0001992096268574472,0.0001992096268574472,0.0,0.0001992096268574472,300.37346009859283,300.4597110383914,-1.7182017533375375e-05
212,405,contact,0.002077604579365381,-0.00017239542063461925,0.00017239542063461925,0.0003094757400603472,0.0003094757400603472,0.0,0.0003094757400603472,300.37346009859283,300.35516317146306,5.662455064315176e-06
213,265,contact,0.0018859069556582055,-0.00011409304434179457,0.00011409304434179457,0.00023884413781982862,0.00023884413781982862,0.0,0.00023884413781982862,300.59557611804905,300.65743983759523,-1.4775786757335407e-05
213,435,contact,0.0021453180313650466,-0.00010468196863495363,0.00010468196863495363,0.00024115689756181742,0.00024115689756181742,0.0,0.00024115689756181742,300.59557611804905,300.5810566322789,3.501474142526037e-06
213,468,contact,0.002168440180544532,-8.155981945546847e-05,8.155981945546847e-05,0.00021286383161212146,0.00021286383161212146,0.0,0.00021286383161212146,300.59557611804905,300.60738654989797,-2.5140137763537735e-06
213,475,contact,0.002110652238740433,-0.00013934776125956727,0.00013934776125956727,0.00027823627175834175,0.00027823627175834175,0.0,0.00027823627175834175,300.59557611804905,300.57946397878123,4.48298155992894e-06
214,225,contact,0.0019627841858441794,-3.721581415582062e-05,3.721581415582062e-05,0.00013641080264374338,0.00013641080264374338,0.0,0.00013641080264374338,300.4421923994618,300.48183413569797,-5.4075610581646485e-06
214,300,contact,0.0019950238252462046,-4.976174753795488e-06,4.976174753795488e-06,4.988073151927249e-05,4.988073151927249e-05,0.0,4.988073151927249e-05,300.4421923994618,300.527751122931,-4.267731714499104e-06
214,454,contact,0.002158167661837236,-9.183233816276431e-05,9.183233816276431e-05,0.0002258715689191098,0.0002258715689191098,0.0,0.0002258715689191098,300.4421923994618,300.3530387559311,2.013727333913914e-05
214,462,contact,0.002155528277661882,-9.447172233811819e-05,9.447172233811819e-05,0.00022909450056219908,0.00022909450056219908,0.0,0.00022909450056219908,300.4421923994618,300.38856076834134,1.2286711745882784e-05
215,228,contact,0.0018963104993963936,-0.00010368950060360644,0.00010368950060360644,0.0002276944230801519,0.0002276944230801519,0.0,0.0002276944230801519,300.5131435024325,300.43179682497515,1.8522184793141065e-05
215,287,contact,0.001987788189425875,-1.2211810574125001e-05,1.2211810574125001e-05,7.814029234052366e-05,7.814029234052366e-05,0.0,7.814029234052366e-05,300.5131435024325,300.518997237202,-4.5741254616946153e-07
215,421,contact,0.002119288937555528,-0.00013071106244447227,0.00013071106244447227,0.000269475893010109,0.000269475893010109,0.0,0.000269475893010109,300.5131435024325,300.6049001198905,-2.4726196429074686e-05
216,234,contact,0.0019224611680083428,-7.753883199165725e-05,7.753883199165725e-05,0.00019689950735293533,0.00019689950735293533,0.0,0.00019689950735293533,300.1802665413566,300.1801737921697,1.826226921456404e-08
216,257,contact,0.0019735048020574856,-2.6495197942514453e-05,2.6495197942514453e-05,0.00011509821445729394,0.00011509821445729394,0.0,0.00011509821445729394,300.1802665413566,300.1740383967126,7.168483279075911e-07
216,259,contact,0.0019820297222796633,-1.797027772033671e-05,1.797027772033671e-05,9.478997236083759e-05,9.478997236083759e-05,0.0,9.478997236083759e-05,300.1802665413566,300.2685327973093,-8.366755962151375e-06
216,451,contact,0.002172973681593958,-7.702631840604242e-05,7.702631840604242e-05,0.0002068632377066259,0.0002068632377066259,0.0,0.0002068632377066259,300.1802665413566,300.1725728556558,1.5915407339677552e-06
217,296,contact,0.0019385257774917504,-6.147422250824962e-05,6.147422250824962e-05,0.00017532002525132379,0.00017532002525132379,0.0,0.00017532002525132379,300.35219260125865,300.3420813135582,1.772711214966975e-06
217,372,contact,0.0019597973516412353,-4.020264835876471e-05,4.020264835876471e-05,0.00014177913873127582,0.00014177913873127582,0.0,0.00014177913873127582,300.35219260125865,300.3995205217094,-6.710111799450357e-06
217,399,contact,0.0019005668620966749,-9.943313790332516e-05,9.943313790332516e-05,0.00022297212595224225,0.00022297212595224225,0.0,0.00022297212595224225,300.35219260125865,300.4463081917016,-2.098515328630956e-05
217,405,contact,0.0021256098649564087,-0.0001243901350435916,0.0001243901350435916,0.0002628794982112015,0.0002628794982112015,0.0,0.0002628794982112015,300.35219260125865,300.35516317146306,-7.809020047367521e-07
217,443,contact,0.00215297899917765,-9.702100082235009e-05,9.702100082235009e-05,0.00023216493277929964,0.00023216493277929964,0.0,0.00023216493277929964,300.35219260125865,300.33310849075156,4.430661233032313e-06
218,333,contact,0.001963280163814992,-3.6719836185008115e-05,3.6719836185008115e-05,0.00013549877524355732,0.00013549877524355732,0.0,0.00013549877524355732,300.8215310588379,300.8402652407243,-2.538458700801264e-06
218,351,contact,0.0019783704160242586,-2.1629583975741468e-05,2.1629583975741468e-05,0.00010399419208720617,0.00010399419208720617,0.0,0.00010399419208720617,300.8215310588379,300.89403681448863,-7.540177480572362e-06
218,362,contact,0.0019653848385764046,-3.4615161423595404e-05,3.4615161423595404e-05,0.00013155827876571547,0.00013155827876571547,0.0,0.00013155827876571547,300.8215310588379,300.9315840388907,-1.4478380628789517e-05
218,363,contact,0.0019614629509440025,-3.853704905599749e-05,3.853704905599749e-05,0.00013881111096738168,0.00013881111096738168,0.0,0.00013881111096738168,300.8215310588379,300.7790099247512,5.902405862161634e-06
218,466,contact,0.0021929386065106787,-5.70613934893216e-05,5.70613934893216e-05,0.00017804711219431284,0.00017804711219431284,0.0,0.00017804711219431284,300.8215310588379,300.8143690463608,1.2751756390415041e-06
220,244,contact,0.0018818356956750543,-0.0001181643043249457,0.0001181643043249457,0.00024306820475428878,0.00024306820475428878,0.0,0.00024306820475428878,300.3178833655413,300.3274600047563,-2.3277765015622484e-06
220,402,contact,0.0021416301197919314,-0.00010836988020806885,0.00010836988020806885,0.0002453680684288049,0.0002453680684288049,0.0,0.0002453680684288049,300.3178833655413,300.32204985064556,-1.0223224021636678e-06
220,488,contact,0.0021710535414862526,-7.894645851374768e-05,7.894645851374768e-05,0.00020942574726797255,0.00020942574726797255,0.0,0.00020942574726797255,300.3178833655413,300.17889463955015,2.9107817802524015e-05
221,241,contact,0.0019347105502695475,-6.528944973045259e-05,6.528944973045259e-05,0.0001806785124612949,0.0001806785124612949,0.0,0.0001806785124612949,300.66567334263715,300.7125701054502,-8.473237344311785e-06
221,421,contact,0.0022083260506698707,-4.167394933012958e-05,4.167394933012958e-05,0.00015215845054512817,0.00015215845054512817,0.0,0.00015215845054512817,300.66567334263715,300.6049001198905,9.247159407765923e-06
221,483,contact,0.002245819318181459,-4.180681818541192e-06,4.180681818541192e-06,4.819337102030384e-05,4.819337102030384e-05,0.0,4.819337102030384e-05,300.66567334263715,300.61164202298795,2.6039514345704294e-06
221,500,contact,0.002171900208568642,-7.809979143135826e-05,7.809979143135826e-05,0.00020829971919669323,0.00020829971919669323,0.0,0.00020829971919669323,300.66567334263715,300.5783417365363,1.8191149027805544e-05
222,391,contact,0.0019316587105904603,-6.834128940953971e-05,6.834128940953971e-05,0.0001848530354221154,0.0001848530354221154,0.0,0.0001848530354221154,300.6047712525274,300.66268877576186,-1.0706229974016552e-05
222,421,contact,0.0021279866579057734,-0.00012201334209422689,0.00012201334209422689,0.00026035589114200636,0.00026035589114200636,0.0,0.00026035589114200636,300.6047712525274,300.6049001198905,-3.355137714853541e-08
222,438,contact,0.002134516254634759,-0.00011548374536524131,0.00011548374536524131,0.0002532935773248563,0.0002532935773248563,0.0,0.0002532935773248563,300.6047712525274,300.5379875841079,1.6915874280860344e-05
222,485,contact,0.0021054005166001076,-0.00014459948339989263,0.00014459948339989263,0.00028343084929709694,0.00028343084929709694,0.0,0.00028343084929709694,300.6047712525274,300.64281383802347,-1.0782442316601048e-05
223,248,contact,0.0018488895179509784,-0.00015111048204902167,0.00015111048204902167,0.00027487313623653884,0.00027487313623653884,0.0,0.00027487313623653884,300.8906602803163,300.8003418847454,2.482610065041887e-05
223,292,contact,0.001959583611078895,-4.0416388921105106e-05,4.0416388921105106e-05,0.00014215552912409898,0.00014215552912409898,0.0,0.00014215552912409898,300.8906602803163,300.79964860806956,1.2937812424703895e-05
223,353,contact,0.0018125378482009688,-0.00018746215179903125,0.00018746215179903125,0.00030615531336156105,0.00030615531336156105,0.0,0.00030615531336156105,300.8906602803163,300.93986103580437,-1.5063072714076503e-05
223,413,contact,0.002112051759166902,-0.0001379482408330984,0.0001379482408330984,0.0002768355316319485,0.0002768355316319485,0.0,0.0002768355316319485,300.8906602803163,300.9223839558372,-8.782240578142141e-06
224,357,contact,0.001973349504801418,-2.665049519858225e-05,2.665049519858225e-05,0.00011543503627275007,0.00011543503627275007,0.0,0.00011543503627275007,300.07767219222944,300.1035458227524,-2.9867234779230436e-06
224,420,contact,0.0022251691871855504,-2.4830812814449852e-05,2.4830812814449852e-05,0.00011745167520315619,0.00011745167520315619,0.0,0.00011745167520315619,300.07767219222944,300.1960770635742,-1.3906850491655186e-05
224,493,contact,0.002233558219130866,-1.6441780869134396e-05,1.6441780869134396e-05,9.557365068403877e-05,9.557365068403877e-05,0.0,9.557365068403877e-05,300.07767219222944,300.1396039429003,-5.919043504866918e-06
225,229,contact,0.001908197676237974,-9.180232376202607e-05,9.180232376202607e-05,0.00021424556443719678,0.00021424556443719678,0.0,0.00021424556443719678,300.48183413569797,300.4671234304468,3.151703349804324e-06
225,300,contact,0.0019071244292127344,-9.287557078726562e-05,9.287557078726562e-05,0.00021549428157988974,0.00021549428157988974,0.0,0.00021549428157988974,300.48183413569797,300.527751122931,-9.894848176100428e-06
225,403,contact,0.0022347742561610114,-1.5225743838988889e-05,1.5225743838988889e-05,9.19714443575616e-05,9.19714443575616e-05,0.0,9.19714443575616e-05,300.48183413569797,300.4256279469939,5.1693643569440935e-06
225,454,contact,0.0021029133644066274,-0.0001470866355933729,0.0001470866355933729,0.00028585800242755815,0.00028585800242755815,0.0,0.00028585800242755815,300.48183413569797,300.3530387559311,3.6817189982056376e-05
226,301,contact,0.0019250831405338191,-7.491685946618091e-05,7.491685946618091e-05,0.00019354180358023548,0.00019354180358023548,0.0,0.00019354180358023548,300.5571235737294,300.5775087303863,-3.945379985633817e-06
226,436,contact,0.0021654650022286037,-8.453499777139658e-05,8.453499777139658e-05,0.00021671153095942052,0.00021671153095942052,0.0,0.00021671153095942052,300.5571235737294,300.4405234279522,2.5268596101474425e-05
226,485,contact,0.0021617703011821425,-8.822969881785775e-05,8.822969881785775e-05,0.00022139670129262158,0.00022139670129262158,0.0,0.00022139670129262158,300.5571235737294,300.64281383802347,-1.897154184759426e-05
227,333,contact,0.0019139585092914108,-8.604149070858924e-05,8.604149070858924e-05,0.0002074144289925236,0.0002074144289925236,0.0,0.0002074144289925236,300.8851707974235,300.8402652407243,9.314060401351273e-06
227,492,contact,0.002167155802098456,-8.284419790154443e-05,8.284419790154443e-05,0.00021453334097465342,0.00021453334097465342,0.0,0.00021453334097465342,300.8851707974235,300.8415326272538,9.361842440523188e-06
228,287,contact,0.0018490657354729176,-0.00015093426452708245,0.00015093426452708245,0.0002747128177998639,0.0002747128177998639,0.0,0.0002747128177998639,300.43179682497515,300.518997237202,-2.395507095613966e-05
228,316,contact,0.0018226304761250977,-0.00017736952387490236,0.00017736952387490236,0.0002977998689345769,0.0002977998689345769,0.0,0.0002977998689345769,300.43179682497515,300.33306549374953,2.9402177498726516e-05
228,349,contact,0.001980972135745476,-1.902786425452387e-05,1.902786425452387e-05,9.753938756862243e-05,9.753938756862243e-05,0.0,9.753938756862243e-05,300.43179682497515,300.379113485892,5.138700629241478e-06
228,476,contact,0.002185582550625806,-6.441744937419431e-05,6.441744937419431e-05,0.00018917576978712784,0.00018917576978712784,0.0,0.00018917576978712784,300.43179682497515,300.4119711939571,3.7505290093607577e-06
229,376,contact,0.0019500470870981535,-4.995291290184659e-05,4.995291290184659e-05,0.00015803941423241005,0.00015803941423241005,0.0,0.00015803941423241005,300.4671234304468,300.39168950338154,1.1921533646644379e-05
229,496,contact,0.0021945850495881905,-5.541495041180974e-05,5.541495041180974e-05,0.00017545963513616606,0.00017545963513616606,0.0,0.00017545963513616606,300.4671234304468,300.42746383732464,6.958657738864192e-06
230,237,contact,0.001933297497774204,-6.670250222579597e-05,6.670250222579597e-05,0.00018262324910289486,0.00018262324910289486,0.0,0.00018262324910289486,300.4513224069999,300.49792710167617,-8.511100765227302e-06
230,301,contact,0.0019996454955066413,-3.5450449335869966e-07,3.5450449335869966e-07,1.331361133124104e-05,1.331361133124104e-05,0.0,1.331361133124104e-05,300.4513224069999,300.5775087303863,-1.679995664884526e-06
230,436,contact,0.002214998104671876,-3.5001895328124356e-05,3.5001895328124356e-05,0.00013944711328856373,0.00013944711328856373,0.0,0.00013944711328856373,300.4513224069999,300.4405234279522,1.50588645466633e-06
230,450,contact,0.002221388621245728,-2.8611378754272304e-05,2.8611378754272304e-05,0.0001260762087748524,0.0001260762087748524,0.0,0.0001260762087748524,300.4513224069999,300.41825627540965,4.168852509750397e-06
230,496,contact,0.002185499910957271,-6.450008904272924e-05,6.450008904272924e-05,0.00018929707552288347,0.00018929707552288347,0.0,0.00018929707552288347,300.4513224069999,300.42746383732464,4.5163574656874365e-06
231,340,contact,0.0019054047434075522,-9.459525659244786e-05,9.459525659244786e-05,0.0002174801790881733,0.0002174801790881733,0.0,0.0002174801790881733,300.3115375108233,300.29617903153644,3.340164825831395e-06
231,405,contact,0.0021471327037935967,-0.00010286729620640356,0.00010286729620640356,0.00023905752004997965,0.00023905752004997965,0.0,0.00023905752004997965,300.3115375108233,300.35516317146306,-1.0429042243080122e-05
231,469,contact,0.002180487049858357,-6.951295014164319e-05,6.951295014164319e-05,0.00019651540813444177,0.00019651540813444177,0.0,0.00019651540813444177,300.3115375108233,300.204869642791,2.0961879621204513e-05
232,255,contact,0.0019700142614988863,-2.9985738501113728e-05,2.9985738501113728e-05,0.00012244537251589733,0.00012244537251589733,0.0,0.00012244537251589733,300.84356017130415,300.93269687479494,-1.0914376863769405e-05
232,275,contact,0.0019823141455632106,-1.7685854436789473e-05,1.7685854436789473e-05,9.403683968740516e-05,9.403683968740516e-05,0.0,9.403683968740516e-05,300.84356017130415,300.9202363116749,-7.2103819198932434e-06
232,361,contact,0.0019171928134123597,-8.280718658764037e-05,8.280718658764037e-05,0.00020347872933999806,0.00020347872933999806,0.0,0.00020347872933999806,300.84356017130415,300.8908107605229,-9.614489854802934e-06
232,380,contact,0.001918424886045841,-8.1575113954159e-05,8.1575113954159e-05,0.00020195929534705626,0.00020195929534705626,0.0,0.00020195929534705626,300.84356017130415,300.80908291715474,6.963001953515822e-06
232,396,contact,0.001973883751870915,-2.611624812908506e-05,2.611624812908506e-05,0.00011427214912017071,0.00011427214912017071,0.0,0.00011427214912017071,300.84356017130415,300.8198239912234,2.7123843097286425e-06
233,370,contact,0.001955968643025751,-4.403135697424914e-05,4.403135697424914e-05,0.00014837681249819517,0.00014837681249819517,0.0,0.00014837681249819517,300.7425938825977,300.7415365217292,1.5688783533056912e-07
233,383,contact,0.0019257081820722478,-7.42918179277522e-05,7.42918179277522e-05,0.00019273273973011463,0.00019273273973011463,0.0,0.00019273273973011463,300.7425938825977,300.68120707342337,1.1831247915459712e-05
233,386,contact,0.0019125828517740087,-8.741714822599138e-05,8.741714822599138e-05,0.0002090659563702223,0.0002090659563702223,0.0,0.0002090659563702223,300.7425938825977,300.77015501346534,-5.76209418348778e-06
234,321,contact,0.0018855223977720333,-0.0001144776022279667,0.0001144776022279667,0.00023924631891417546,0.00023924631891417546,0.0,0.00023924631891417546,300.1801737921697,300.0665684840968,2.7179651765543322e-05
234,364,contact,0.001998470162624401,-1.5298373755990961e-06,1.5298373755990961e-06,2.7657163408410995e-05,2.7657163408410995e-05,0.0,2.7657163408410995e-05,300.1801737921697,300.06736600221535,3.1199434805086473e-06
235,340,contact,0.0018924201658458407,-0.00010757983415415938,0.00010757983415415938,0.00023192653379266393,0.00023192653379266393,0.0,0.00023192653379266393,300.3090233003338,300.29617903153644,2.9789267412776602e-06
235,360,contact,0.0019673059154590063,-3.2694084540993776e-05,3.2694084540993776e-05,0.0001278555523647561,0.0001278555523647561,0.0,0.0001278555523647561,300.3090233003338,300.37655192816874,-8.63391001226744e-06
235,414,contact,0.002210561703278152,-3.9438296721848193e-05,3.9438296721848193e-05,0.00014802082571540809,0.00014802082571540809,0.0,0.00014802082571540809,300.3090233003338,300.1809764195333,1.8953605026376187e-05
235,454,contact,0.0021851008911260824,-6.48991088739179e-05,6.48991088739179e-05,0.00018988170129190948,0.00018988170129190948,0.0,0.00018988170129190948,300.3090233003338,300.3530387559311,-8.357729591949149e-06
235,456,contact,0.002160804212625475,-8.91957873745252e-05,8.91957873745252e-05,0.000222605514774611,0.000222605514774611,0.0,0.000222605514774611,300.3090233003338,300.2638379099953,1.0058517076600496e-05
237,290,contact,0.0019393938320000914,-6.060616799990863e-05,6.060616799990863e-05,0.00017407781018830148,0.00017407781018830148,0.0,0.00017407781018830148,300.49792710167617,300.4366613601864,1.0665006118100442e-05
237,301,contact,0.0019274841726976647,-7.251582730233535e-05,7.251582730233535e-05,0.00019041510877860422,0.00019041510877860422,0.0,0.00019041510877860422,300.49792710167617,300.5775087303863,-1.5153544487615248e-05
237,436,contact,0.002229725038698719,-2.0274961301281445e-05,2.0274961301281445e-05,0.00010613136854672517,0.00010613136854672517,0.0,0.00010613136854672517,300.49792710167617,300.4405234279522,6.092330451934416e-06
237,438,contact,0.002171680841560288,-7.831915843971218e-05,7.831915843971218e-05,0.00020859205060983957,0.00020859205060983957,0.0,0.00020859205060983957,300.49792710167617,300.5379875841079,-8.356298178853386e-06
238,243,contact,0.0019814450092041414,-1.8554990795858605e-05,1.8554990795858605e-05,9.63197560105366e-05,9.63197560105366e-05,0.0,9.63197560105366e-05,300.93560907352133,300.9425509290051,-6.686378264575082e-07
238,283,contact,0.0019783519654250105,-2.1648034574989553e-05,2.1648034574989553e-05,0.00010403853751132211,0.00010403853751132211,0.0,0.00010403853751132211,300.93560907352133,300.945989884914,-1.0800044354751814e-06
238,304,contact,0.001964262278821237,-3.573772117876307e-05,3.573772117876307e-05,0.00013367445750546938,0.00013367445750546938,0.0,0.00013367445750546938,300.93560907352133,300.8231196751755,1.5036959298993472e-05
238,323,contact,0.001996697283440833,-3.302716559167203e-06,3.302716559167203e-06,4.063690784968267e-05,4.063690784968267e-05,0.0,4.063690784968267e-05,300.93560907352133,300.76839539757026,6.795046740830533e-06
239,257,contact,0.0019244238010363921,-7.55761989636079e-05,7.55761989636079e-05,0.00019439161371263922,0.00019439161371263922,0.0,0.00019439161371263922,300.07124154992187,300.1740383967126,-1.99828449322226e-05
240,315,contact,0.0018641193215564289,-0.00013588067844357119,0.00013588067844357119,0.00026065367678547257,0.00026065367678547257,0.0,0.00026065367678547257,300.4890525132588,300.38508153699354,2.710041724251491e-05
240,465,contact,0.002191178492364326,-5.882150763567408e-05,5.882150763567408e-05,0.00018077227484642732,0.00018077227484642732,0.0,0.00018077227484642732,300.4890525132588,300.5582194795987,-1.2503469849486085e-05
240,467,contact,0.002188153460546129,-6.184653945387128e-05,6.184653945387128e-05,0.00018536231705900755,0.00018536231705900755,0.0,0.00018536231705900755,300.4890525132588,300.4062351291905,1.5351222203661747e-05
240,475,contact,0.002109799890747935,-0.00014020010925206534,0.00014020010925206534,0.0002790859179257899,0.0002790859179257899,0.0,0.0002790859179257899,300.4890525132588,300.57946397878123,-2.5232566846345004e-05
240,494,contact,0.002188539536448908,-6.14604635510922e-05,6.14604635510922e-05,0.00018478285086238116,0.00018478285086238116,0.0,0.00018478285086238116,300.4890525132588,300.51866032343133,-5.47101557147335e-06
241,391,contact,0.0018962600158937725,-0.00010373998410622754,0.00010373998410622754,0.00022774984534158036,0.00022774984534158036,0.0,0.00022774984534158036,300.7125701054502,300.66268877576186,1.1360465121950152e-05
241,421,contact,0.002141436195265048,-0.00010856380473495218,0.00010856380473495218,0.0002455875095617674,0.0002455875095617674,0.0,0.0002455875095617674,300.7125701054502,300.6049001198905,2.6442403608160604e-05
241,455,contact,0.002154091627192005,-9.590837280799543e-05,9.590837280799543e-05,0.00023082987098245158,0.00023082987098245158,0.0,0.00023082987098245158,300.7125701054502,300.7930482058573,-1.8576749533885065e-05
241,466,contact,0.0021419045506641796,-0.00010809544933582061,0.00010809544933582061,0.00024505719211806296,0.00024505719211806296,0.0,0.00024505719211806296,300.7125701054502,300.8143690463608,-2.494656262014722e-05
242,267,contact,0.001909470919152431,-9.052908084756909e-05,9.052908084756909e-05,0.00021275464841874676,0.00021275464841874676,0.0,0.00021275464841874676,300.24780661797257,300.2845893735394,-7.825702228494201e-06
242,332,contact,0.0018942852615850842,-0.00010571473841491583,0.00010571473841491583,0.00022990730568526506,0.00022990730568526506,0.0,0.00022990730568526506,300.24780661797257,300.3209944481444,-1.682641684375676e-05
242,337,contact,0.0018583698394022661,-0.0001416301605977339,0.0001416301605977339,0.0002661110300210552,0.0002661110300210552,0.0,0.0002661110300210552,300.24780661797257,300.3182967758536,-1.8758208520062608e-05
242,477,contact,0.0021201003952376956,-0.00012989960476230463,0.00012989960476230463,0.0002686381340952346,0.0002686381340952346,0.0,0.0002686381340952346,300.24780661797257,300.1911669077003,1.5215586083243509e-05
243,429,contact,0.0021343746312210525,-0.00011562536877894776,0.00011562536877894776,0.00025344884294134057,0.00025344884294134057,0.0,0.00025344884294134057,300.9425509290051,300.917767959637,6.28121491100027e-06
244,268,contact,0.0019541216071121137,-4.587839288788635e-05,4.587839288788635e-05,0.0001514569128298315,0.0001514569128298315,0.0,0.0001514569128298315,300.3274600047563,300.40450882277935,-1.1669576114959942e-05
244,272,contact,0.0019225684112826886,-7.743158871731143e-05,7.743158871731143e-05,0.00019676329525258443,0.00019676329525258443,0.0,0.00019676329525258443,300.3274600047563,300.3829453211584,-1.0917473693409134e-05
245,395,contact,0.0019004060529528948,-9.959394704710527e-05,9.959394704710527e-05,0.0002231523549585633,0.0002231523549585633,0.0,0.0002231523549585633,300.1659330399404,300.2427515441371,-1.7142230115886645e-05
245,414,contact,0.0021505163216306907,-9.948367836930955e-05,9.948367836930955e-05,0.00023509298204151474,0.00023509298204151474,0.0,0.00023509298204151474,300.1659330399404,300.1809764195333,-3.5365929684764226e-06
246,473,contact,0.0020647238174632456,-0.00018527618253675465,0.00018527618253675465,0.0003208289458892686,0.0003208289458892686,0.0,0.0003208289458892686,300.82175036648135,300.7636681801347,1.8634446620545155e-05
247,280,contact,0.001948808844114784,-5.1191155885216104e-05,5.1191155885216104e-05,0.00015998618047383985,0.00015998618047383985,0.0,0.00015998618047383985,300.7905890140119,300.8302473489126,-6.3447855247165494e-06
247,329,contact,0.001968615033276187,-3.1384966723813166e-05,3.1384966723813166e-05,0.0001252696426190583,0.0001252696426190583,0.0,0.0001252696426190583,300.7905890140119,300.70363249972036,1.0893011468702455e-05
247,385,contact,0.0019037022495182905,-9.629775048170951e-05,9.629775048170951e-05,0.0002194285196615398,0.0002194285196615398,0.0,0.0002194285196615398,300.7905890140119,300.7406552130377,1.0956900028843068e-05
247,424,contact,0.002188079515648369,-6.192048435163132e-05,6.192048435163132e-05,0.0001854730953109901,0.0001854730953109901,0.0,0.0001854730953109901,300.7905890140119,300.7311746850901,1.1019759490957517e-05
247,466,contact,0.0021787976831096046,-7.120231689039568e-05,7.120231689039568e-05,0.0001988890211069643,0.0001988890211069643,0.0,0.0001988890211069643,300.7905890140119,300.8143690463608,-4.729587355763766e-06
247,482,contact,0.0021960188776511008,-5.3981122348899496e-05,5.3981122348899496e-05,0.00017317480306342281,0.00017317480306342281,0.0,0.00017317480306342281,300.7905890140119,300.9164462271999,-2.1795298107942896e-05
248,292,contact,0.001926937137895267,-7.306286210473313e-05,7.306286210473313e-05,0.00019113197286787622,0.00019113197286787622,0.0,0.00019113197286787622,300.8003418847454,300.79964860806956,1.3250733880058523e-07
248,295,contact,0.0019074764697553745,-9.25235302446255e-05,9.25235302446255e-05,0.00021508548329051116,0.00021508548329051116,0.0,0.00021508548329051116,300.8003418847454,300.8397450254666,-8.475043565175321e-06
248,419,contact,0.002129240381894209,-0.00012075961810579117,0.00012075961810579117,0.0002590148195093083,0.0002590148195093083,0.0,0.0002590148195093083,300.8003418847454,300.7580139793637,1.0963554772658357e-05
248,446,contact,0.0022241035314213673,-2.5896468578633005e-05,2.5896468578633005e-05,0.00011994551674876993,0.00011994551674876993,0.0,0.00011994551674876993,300.8003418847454,300.86596310223456,-7.870970841418072e-06
249,315,contact,0.0018289230518805323,-0.00017107694811946774,0.00017107694811946774,0.0002924696121988298,0.0002924696121988298,0.0,0.0002924696121988298,300.258234836002,300.38508153699354,-3.709880544770362e-05
249,390,contact,0.0019386138394481773,-6.138616055182278e-05,6.138616055182278e-05,0.00017519440709084122,0.00017519440709084122,0.0,0.00017519440709084122,300.258234836002,300.34293427295347,-1.4838867637645423e-05
249,414,contact,0.0021072121191042918,-0.0001427878808957085,0.0001427878808957085,0.00028164978341482143,0.00028164978341482143,0.0,0.00028164978341482143,300.258234836002,300.1809764195333,2.175981626537593e-05
249,498,contact,0.002159747756683636,-9.025224331636432e-05,9.025224331636432e-05,0.00022391993027811964,0.00022391993027811964,0.0,0.00022391993027811964,300.258234836002,300.17589546394004,1.843742645125328e-05
250,330,contact,0.001888519743413873,-0.00011148025658612708,0.00011148025658612708,0.00023609347363504892,0.00023609347363504892,0.0,0.00023609347363504892,300.0537485679034,300.06679919980695,-3.0811690192355715e-06
250,371,contact,0.0019843125068751983,-1.568749312480175e-05,1.568749312480175e-05,8.856492851236812e-05,8.856492851236812e-05,0.0,8.856492851236812e-05,300.0537485679034,300.0631186117554,-8.29857263906508e-07
251,330,contact,0.0019889419338934957,-1.1058066106504373e-05,1.1058066106504373e-05,7.435746803954655e-05,7.435746803954655e-05,0.0,7.435746803954655e-05,300.13934124350294,300.06679919980695,5.39404269564792e-06
252,287,contact,0.0018143503487750095,-0.00018564965122499057,0.00018564965122499057,0.00030467166854253986,0.00030467166854253986,0.0,0.00030467166854253986,300.62023380224286,300.518997237202,3.084391318852405e-05
252,457,contact,0.0020879195714394744,-0.00016208042856052582,0.00016208042856052582,0.0003000744616484806,0.0003000744616484806,0.0,0.0003000744616484806,300.62023380224286,300.64946194555284,-8.770619368726531e-06
252,491,contact,0.002102153581069292,-0.00014784641893070835,0.00014784641893070835,0.00028659535831193964,0.00028659535831193964,0.0,0.00028659535831193964,300.62023380224286,300.6040111776606,4.649328904915584e-06
253,348,contact,0.0018819091868631703,-0.00011809081313682974,0.00011809081313682974,0.00024299260599535712,0.00024299260599535712,0.0,0.00024299260599535712,300.5005034309807,300.6085752021189,-2.626064130340833e-05
253,425,contact,0.002154357292796373,-9.56427072036272e-05,9.56427072036272e-05,0.00023050995062111408,0.00023050995062111408,0.0,0.00023050995062111408,300.5005034309807,300.5041609169577,-8.430869119527178e-07
253,445,contact,0.002250010199399106,-0.0,0.0,1.0540925533894598e-07,1.0540925533894598e-07,0.0,1.0540925533894598e-07,300.5005034309807,300.4160724100212,8.899811046850767e-09
254,264,contact,0.0019088410934648284,-9.115890653517162e-05,9.115890653517162e-05,0.00021349345017490772,0.00021349345017490772,0.0,0.00021349345017490772,300.0675316721875,300.0534697050173,3.002137887416792e-06
254,451,contact,0.00219046308987392,-5.953691012608019e-05,5.953691012608019e-05,0.00018186825226288304,0.00018186825226288304,0.0,0.00018186825226288304,300.0675316721875,300.1725728556558,-1.9103656453004897e-05
254,472,contact,0.002185835324904417,-6.41646750955834e-05,6.41646750955834e-05,0.0001888042417949569,0.0001888042417949569,0.0,0.0001888042417949569,300.0675316721875,300.20524104313245,-2.6000113369321155e-05
255,275,contact,0.0019097672180213483,-9.023278197865174e-05,9.023278197865174e-05,0.0002124061933874007,0.0002124061933874007,0.0,0.0002124061933874007,300.93269687479494,300.9202363116749,2.6467007797919457e-06
255,448,contact,0.0021628148800183987,-8.718511998160152e-05,8.718511998160152e-05,0.0002200822068399815,0.0002200822068399815,0.0,0.0002200822068399815,300.93269687479494,300.8974893233461,7.748555620288625e-06
256,477,contact,0.0022194842748972116,-3.0515725102788632e-05,3.0515725102788632e-05,0.0001302043801592725,0.0001302043801592725,0.0,0.0001302043801592725,300.0821867340432,300.1911669077003,-1.4189695960669128e-05
256,479,contact,0.0022054431475039414,-4.455685249605884e-05,4.455685249605884e-05,0.00015733342601702573,0.00015733342601702573,0.0,0.00015733342601702573,300.0821867340432,300.1478249044411,-1.0327078226191502e-05
257,273,contact,0.0019525105406872898,-4.748945931271021e-05,4.748945931271021e-05,0.0001540932498727803,0.0001540932498727803,0.0,0.0001540932498727803,300.1740383967126,300.28682919292345,-1.738030034386761e-05
258,285,contact,0.0019378612686154807,-6.213873138451935e-05,6.213873138451935e-05,0.00017626504387501134,0.00017626504387501134,0.0,0.00017626504387501134,300.1050134371657,300.0741193898354,5.445540608155703e-06
258,440,contact,0.002144750529199142,-0.00010524947080085834,0.00010524947080085834,0.0002418096942281245,0.0002418096942281245,0.0,0.0002418096942281245,300.1050134371657,300.0755586548529,7.122451904620304e-06
258,470,contact,0.0020579603184949905,-0.00019203968150500973,0.00019203968150500973,0.0003266323804328463,0.0003266323804328463,0.0,0.0003266323804328463,300.1050134371657,300.22014843648066,-3.7606818897370506e-05
259,434,contact,0.0021747104341727883,-7.528956582721199e-05,7.528956582721199e-05,0.00020451781480025971,0.00020451781480025971,0.0,0.00020451781480025971,300.2685327973093,300.2973944172724,-5.902715446447764e-06
259,495,contact,0.0021780510328272846,-7.194896717271568e-05,7.194896717271568e-05,0.00019992910850920754,0.00019992910850920754,0.0,0.00019992910850920754,300.2685327973093,300.33765466514313,-1.3819473414505817e-05
260,380,contact,0.0018941408111331115,-0.00010585918886688852,0.00010585918886688852,0.00023006432672938293,0.00023006432672938293,0.0,0.00023006432672938293,300.71560272071025,300.80908291715474,-2.1506458457531745e-05
260,424,contact,0.0021472921027424286,-0.00010270789725757169,0.00010270789725757169,0.0002388722313724916,0.0002388722313724916,0.0,0.0002388722313724916,300.71560272071025,300.7311746850901,-3.7197098782631073e-06
261,337,contact,0.0018878643899655507,-0.00011213561003444936,0.00011213561003444936,0.00023678641223099072,0.00023678641223099072,0.0,0.00023678641223099072,300.23090486147873,300.3182967758536,-2.0693217862818216e-05
261,401,contact,0.002172699348759511,-7.730065124048925e-05,7.730065124048925e-05,0.0002072312868384411,0.0002072312868384411,0.0,0.0002072312868384411,300.23090486147873,300.15374219798053,1.599051805261357e-05
262,299,contact,0.0018607295607099919,-0.00013927043929000816,0.00013927043929000816,0.0002638848605831795,0.0002638848605831795,0.0,0.0002638848605831795,300.87200024690276,300.8248851335174,1.2432965127056304e-05
262,366,contact,0.0019295656265076865,-7.043437349231354e-05,7.043437349231354e-05,0.0001876624276357864,0.0001876624276357864,0.0,0.0001876624276357864,300.87200024690276,300.84235713277707,5.562898759511717e-06
262,486,contact,0.002158668563281542,-9.133143671845832e-05,9.133143671845832e-05,0.00022525471596796854,0.00022525471596796854,0.0,0.00022525471596796854,300.87200024690276,300.9221956653931,-1.1306754734929986e-05
263,376,contact,0.0018950132427241774,-0.00010498675727582262,0.00010498675727582262,0.0002291143352955273,0.0002291143352955273,0.0,0.0002291143352955273,300.30493297769317,300.39168950338154,-1.987716371564074e-05
263,427,contact,0.0021946906174903098,-5.53093825096905e-05,5.53093825096905e-05,0.00017529242632699746,0.00017529242632699746,0.0,0.00017529242632699746,300.30493297769317,300.21282943045287,1.6145054269075262e-05
263,476,contact,0.0021868717754363193,-6.312822456368099e-05,6.312822456368099e-05,0.00018727315843097126,0.00018727315843097126,0.0,0.00018727315843097126,300.30493297769317,300.4119711939571,-2.00453848325583e-05
264,321,contact,0.0018750563261139656,-0.0001249436738860344,0.0001249436738860344,0.00024994366753934214,0.00024994366753934214,0.0,0.00024994366753934214,300.0534697050173,300.0665684840968,-3.2739568834282356e-06
264,336,contact,0.001906228707815512,-9.377129218448806e-05,9.377129218448806e-05,0.0002165309356471819,0.0002165309356471819,0.0,0.0002165309356471819,300.0534697050173,300.0525411302654,2.010651598402136e-07
265,302,contact,0.001858351050017192,-0.000141648949982808,0.000141648949982808,0.0002661286812641659,0.0002661286812641659,0.0,0.0002661286812641659,300.65743983759523,300.6804775403812,-6.130993461789853e-06
265,318,contact,0.001976965720719507,-2.3034279280493165e-05,2.3034279280493165e-05,0.0001073179371784912,0.0001073179371784912,0.0,0.0001073179371784912,300.65743983759523,300.6089007364263,5.209116209950424e-06
265,424,contact,0.0020943347489358038,-0.00015566525106419649,0.00015566525106419649,0.0002940760021417333,0.0002940760021417333,0.0,0.0002940760021417333,300.65743983759523,300.7311746850901,-2.168364916981518e-05
266,268,contact,0.0019075381801979736,-9.246181980202646e-05,9.246181980202646e-05,0.00021501374351657904,0.00021501374351657904,0.0,0.00021501374351657904,300.5122665001071,300.40450882277935,2.316938159489203e-05
266,313,contact,0.0019982755635457286,-1.7244364542714184e-06,1.7244364542714184e-06,2.9363552699489704e-05,2.9363552699489704e-05,0.0,2.9363552699489704e-05,300.5122665001071,300.4894605445142,6.696638789143638e-07
266,341,contact,0.0019460432935322469,-5.395670646775319e-05,5.395670646775319e-05,0.00016425088503224753,0.00016425088503224753,0.0,0.00016425088503224753,300.5122665001071,300.46104403501613,8.41333522472571e-06
266,421,contact,0.002199357186470856,-5.064281352914427e-05,5.064281352914427e-05,0.00016773460109673302,0.00016773460109673302,0.0,0.00016773460109673302,300.5122665001071,300.6049001198905,-1.5537863262512486e-05
267,276,contact,0.0019250234960446584,-7.497650395534169e-05,7.497650395534169e-05,0.0001936188316710718,0.0001936188316710718,0.0,0.0001936188316710718,300.2845893735394,300.3118535097094,-5.278850191757164e-06
267,410,contact,0.0021925557442420925,-5.744425575790772e-05,5.744425575790772e-05,0.0001786434309485234,0.0001786434309485234,0.0,0.0001786434309485234,300.2845893735394,300.3684010686193,-1.4972408762680083e-05
267,479,contact,0.002196624614949421,-5.337538505057913e-05,5.337538505057913e-05,0.00017220044046043024,0.00017220044046043024,0.0,0.00017220044046043024,300.2845893735394,300.1478249044411,2.3550901818063412e-05
268,272,contact,0.0018271590342098585,-0.0001728409657901415,0.0001728409657901415,0.00029397360918128473,0.00029397360918128473,0.0,0.00029397360918128473,300.40450882277935,300.3829453211584,6.33910039810019e-06
268,313,contact,0.001894334890822897,-0.00010566510917710313,0.00010566510917710313,0.0002298533327766895,0.0002298533327766895,0.0,0.0002298533327766895,300.40450882277935,300.4894605445142,-1.9526436365873993e-05
268,342,contact,0.0018935877638253265,-0.00010641223617467352,0.00010641223617467352,0.00023066451414844192,0.00023066451414844192,0.0,0.00023066451414844192,300.40450882277935,300.39824816421157,1.444111766786873e-06
268,349,contact,0.0018695376248677041,-0.0001304623751322959,0.0001304623751322959,0.0002554039693625531,0.0002554039693625531,0.0,0.0002554039693625531,300.40450882277935,300.379113485892,6.486069844330173e-06
269,278,contact,0.0018861613315143543,-0.00011383866848564575,0.00011383866848564575,0.00023857773207661874,0.00023857773207661874,0.0,0.00023857773207661874,300.41660057187016,300.4101004105818,1.5507937383154003e-06
269,374,contact,0.0019686447746101892,-3.135522538981082e-05,3.135522538981082e-05,0.00012521027391913737,0.00012521027391913737,0.0,0.00012521027391913737,300.41660057187016,300.334716300485,1.0252752049803555e-05
269,459,contact,0.002175299337585519,-7.470066241448137e-05,7.470066241448137e-05,0.00020371639111285377,0.00020371639111285377,0.0,0.00020371639111285377,300.41660057187016,300.53197061934236,-2.3502769713554642e-05
269,476,contact,0.002196539781497253,-5.346021850274711e-05,5.346021850274711e-05,0.00017233723158509615,0.00017233723158509615,0.0,0.00017233723158509615,300.41660057187016,300.4119711939571,7.978141735032227e-07
270,311,contact,0.001986112644589928,-1.388735541007222e-05,1.388735541007222e-05,8.332873276989222e-05,8.332873276989222e-05,0.0,8.332873276989222e-05,300.04343720373237,300.09882427515726,-4.615334473671488e-06
270,321,contact,0.001925927294188439,-7.4072705811561e-05,7.4072705811561e-05,0.00019244831229652418,0.00019244831229652418,0.0,0.00019244831229652418,300.04343720373237,300.0665684840968,-4.451575867396666e-06
270,339,contact,0.001929505086803349,-7.049491319665105e-05,7.049491319665105e-05,0.00018774306005369553,0.00018774306005369553,0.0,0.00018774306005369553,300.04343720373237,300.0527529434957,-1.7489654898329019e-06
270,364,contact,0.001991013229714961,-8.986770285039202e-06,8.986770285039202e-06,6.703271695612226e-05,6.703271695612226e-05,0.0,6.703271695612226e-05,300.04343720373237,300.06736600221535,-1.6040123758099775e-06
271,275,contact,0.001913597373765965,-8.640262623403508e-05,8.640262623403508e-05,0.00020784925575285934,0.00020784925575285934,0.0,0.00020784925575285934,300.9366969646763,300.9202363116749,3.421334475544657e-06
271,298,contact,0.0018943212178828067,-0.00010567878211719338,0.00010567878211719338,0.0002298682036702699,0.0002298682036702699,0.0,0.0002298682036702699,300.9366969646763,300.94229738608374,-1.2873588087271804e-06
271,497,contact,0.0021581503443513844,-9.184965564861588e-05,9.184965564861588e-05,0.0002258928650299811,0.0002258928650299811,0.0,0.0002258928650299811,300.9366969646763,300.9182552951648,4.165841561889527e-06
272,341,contact,0.001850745547022604,-0.00014925445297739597,0.00014925445297739597,0.0002731798427569245,0.0002731798427569245,0.0,0.0002731798427569245,300.3829453211584,300.46104403501613,-2.1334994371175887e-05
272,402,contact,0.0021418643018691424,-0.0001081356981308579,0.0001081356981308579,0.00024510281077636914,0.00024510281077636914,0.0,0.00024510281077636914,300.3829453211584,300.32204985064556,1.4925650986244779e-05
272,418,contact,0.0021890387730114256,-6.096122698857464e-05,6.096122698857464e-05,0.0001840308352613385,0.0001840308352613385,0.0,0.0001840308352613385,300.3829453211584,300.46169867221323,-1.449304497425214e-05
273,281,contact,0.0019624642780188377,-3.7535721981162354e-05,3.7535721981162354e-05,0.00013699584296824913,0.00013699584296824913,0.0,0.00013699584296824913,300.28682919292345,300.27976024069744,9.684170691040808e-07
273,367,contact,0.0019190837037693401,-8.09162962306599e-05,8.09162962306599e-05,0.00020114210925445213,0.00020114210925445213,0.0,0.00020114210925445213,300.28682919292345,300.32928458938943,-8.539567994401667e-06
273,495,contact,0.0021798618308507545,-7.01381691492458e-05,7.01381691492458e-05,0.00019739718723264213,0.00019739718723264213,0.0,0.00019739718723264213,300.28682919292345,300.33765466514313,-1.0032805255936662e-05
274,434,contact,0.0021905808606166527,-5.941913938334754e-05,5.941913938334754e-05,0.0001816882852325615,0.0001816882852325615,0.0,0.0001816882852325615,300.2083370931832,300.2973944172724,-1.618067250116665e-05
274,451,contact,0.002238561621331877,-1.1438378668123233e-05,1.1438378668123233e-05,7.971608881288656e-05,7.971608881288656e-05,0.0,7.971608881288656e-05,300.2083370931832,300.1725728556558,2.8509851350607245e-06
275,320,contact,0.0019333213885435606,-6.667861145643944e-05,6.667861145643944e-05,0.00018259054117949187,0.00018259054117949187,0.0,0.00018259054117949187,300.9202363116749,300.8920958564081,5.138180956201135e-06
276,390,contact,0.0019497640011037231,-5.023599889627693e-05,5.023599889627693e-05,0.00015848659075183132,0.00015848659075183132,0.0,0.00015848659075183132,300.3118535097094,300.34293427295347,-4.925884204516348e-06
277,323,contact,0.001977304956753004,-2.2695043246995922e-05,2.2695043246995922e-05,0.00010652474653101955,0.00010652474653101955,0.0,0.00010652474653101955,300.6757138459255,300.76839539757026,-9.872878797061064e-06
277,355,contact,0.0018944705293564219,-0.00010552947064357819,0.00010552947064357819,0.00022970575813807779,0.00022970575813807779,0.0,0.00022970575813807779,300.6757138459255,300.64399960589105,7.284943550882261e-06
277,378,contact,0.0019380755286881892,-6.192447131181085e-05,6.192447131181085e-05,0.0001759608924048336,0.0001759608924048336,0.0,0.0001759608924048336,300.6757138459255,300.7518154979696,-1.3390914607159782e-05
277,408,contact,0.002160167251441424,-8.983274855857643e-05,8.983274855857643e-05,0.000223398931359446,0.000223398931359446,0.0,0.000223398931359446,300.6757138459255,300.68534892660205,-2.152466726705538e-06
277,465,contact,0.002143562824575011,-0.00010643717542498923,0.00010643717542498923,0.00024317023692260124,0.00024317023692260124,0.0,0.00024317023692260124,300.6757138459255,300.5582194795987,2.8571132896761177e-05
277,484,contact,0.002103056524775308,-0.00014694347522469214,0.00014694347522469214,0.00028571885484461444,0.00028571885484461444,0.0,0.00028571885484461444,300.6757138459255,300.7412085140477,-1.8713061574302662e-05
278,369,contact,0.001924825644519524,-7.517435548047612e-05,7.517435548047612e-05,0.00019387412859955827,0.00019387412859955827,0.0,0.00019387412859955827,300.4101004105818,300.43137182150576,-4.12397625697108e-06
278,374,contact,0.0019790341132229117,-2.096588677708835e-05,2.096588677708835e-05,0.00010238624609069412,0.00010238624609069412,0.0,0.00010238624609069412,300.4101004105818,300.334716300485,7.718296047695195e-06
278,381,contact,0.00195807296120446,-4.1927038795539894e-05,4.1927038795539894e-05,0.000144787842713986,0.000144787842713986,0.0,0.000144787842713986,300.4101004105818,300.46878687248466,-8.497086215434548e-06
278,441,contact,0.0021540774646702007,-9.592253532979961e-05,9.592253532979961e-05,0.00023084691335481232,0.00023084691335481232,0.0,0.00023084691335481232,300.4101004105818,300.35630118091797,1.241938610875707e-05
279,447,contact,0.002094986089955969,-0.0001550139100440313,0.0001550139100440313,0.00029346011468911877,0.00029346011468911877,0.0,0.00029346011468911877,300.9459600110542,300.85684205996336,2.6152564147973463e-05
279,486,contact,0.0021298618144116863,-0.00012013818558831392,0.00012013818558831392,0.00025834751099623965,0.00025834751099623965,0.0,0.00025834751099623965,300.9459600110542,300.9221956653931,6.139459552001215e-06
280,305,contact,0.0019143886951530418,-8.56113048469582e-05,8.56113048469582e-05,0.00020689526921483512,0.00020689526921483512,0.0,0.00020689526921483512,300.8302473489126,300.85550218100366,-5.225105284450435e-06
280,406,contact,0.0022098312721563155,-4.0168727843684776e-05,4.0168727843684776e-05,0.0001493852734146114,0.0001493852734146114,0.0,0.0001493852734146114,300.8302473489126,300.9193253680511,-1.3306944244232216e-05
280,424,contact,0.0022352474905701163,-1.4752509429883948e-05,1.4752509429883948e-05,9.053087082403299e-05,9.053087082403299e-05,0.0,9.053087082403299e-05,300.8302473489126,300.7311746850901,8.969134530711183e-06
280,455,contact,0.0021765451864971773,-7.345481350282297e-05,7.345481350282297e-05,0.00020201046934203816,0.00020201046934203816,0.0,0.00020201046934203816,300.8302473489126,300.7930482058573,7.514616347726412e-06
280,482,contact,0.0022472365143215343,-2.763485678466005e-06,2.763485678466005e-06,3.918251933413678e-05,3.918251933413678e-05,0.0,3.918251933413678e-05,300.8302473489126,300.9164462271999,-3.377489215072696e-06
281,420,contact,0.0022444910437780775,-5.508956221922812e-06,5.508956221922812e-06,5.5322068240455025e-05,5.5322068240455025e-05,0.0,5.5322068240455025e-05,300.27976024069744,300.1960770635742,4.629526435390424e-06
282,411,contact,0.0020878055833817477,-0.00016219441661825254,0.00016219441661825254,0.0003001799614104221,0.0003001799614104221,0.0,0.0003001799614104221,300.64400897256337,300.6316042795703,3.723640263968722e-06
282,431,contact,0.0021796724745016156,-7.032752549838463e-05,7.032752549838463e-05,0.00019766347032039726,0.00019766347032039726,0.0,0.00019766347032039726,300.64400897256337,300.5594807556612,1.6708140692881285e-05
283,444,contact,0.0020718761365923874,-0.00017812386340761285,0.00017812386340761285,0.00031457543116575115,0.00031457543116575115,0.0,0.00031457543116575115,300.945989884914,300.82272316598164,3.877668125653795e-05
284,339,contact,0.0018692956819080268,-0.00013070431809197327,0.00013070431809197327,0.00025564068347191265,0.00025564068347191265,0.0,0.00025564068347191265,300.1391112413513,300.0527529434957,2.2076694287279405e-05
284,400,contact,0.001936455383968347,-6.3544616031653e-05,6.3544616031653e-05,0.000178247883622293,0.000178247883622293,0.0,0.000178247883622293,300.1391112413513,300.2039498458292,-1.1557344025203324e-05
284,498,contact,0.002098287138501307,-0.00015171286149869316,0.00015171286149869316,0.0002903186577793951,0.0002903186577793951,0.0,0.0002903186577793951,300.1391112413513,300.17589546394004,-1.0679146129416163e-05
285,430,contact,0.0021348101373424295,-0.00011518986265757073,0.00011518986265757073,0.0002529710816340375,0.0002529710816340375,0.0,0.0002529710816340375,300.0741193898354,300.2060231093304,-3.336782659219561e-05
286,306,contact,0.001938766801500376,-6.123319849962402e-05,6.123319849962402e-05,0.0001749759962103717,0.0001749759962103717,0.0,0.0001749759962103717,300.7052917156815,300.6698805776478,6.196099154386201e-06
286,355,contact,0.0019494405915031108,-5.0559408496889243e-05,5.0559408496889243e-05,0.00015899592525736193,0.00015899592525736193,0.0,0.00015899592525736193,300.7052917156815,300.64399960589105,9.745195707105086e-06
286,393,contact,0.001915361643685077,-8.463835631492304e-05,8.463835631492304e-05,0.0002057162564248667,0.0002057162564248667,0.0,0.0002057162564248667,300.7052917156815,300.77701529199646,-1.4754705616920956e-05
286,468,contact,0.002211213041160892,-3.878695883910823e-05,3.878695883910823e-05,0.0001467934278711797,0.0001467934278711797,0.0,0.0001467934278711797,300.7052917156815,300.60738654989797,1.4371834891658404e-05
287,313,contact,0.0019051753346608644,-9.482466533913565e-05,9.482466533913565e-05,0.0002177437316424237,0.0002177437316424237,0.0,0.0002177437316424237,300.518997237202,300.4894605445142,6.4314296862106345e-06
288,484,contact,0.00219992562010628,-5.0074379893720426e-05,5.0074379893720426e-05,0.0001667905870873887,0.0001667905870873887,0.0,0.0001667905870873887,300.6209388682758,300.7412085140477,-2.0059844827084872e-05
289,301,contact,0.0019577410093523607,-4.225899064763932e-05,4.225899064763932e-05,0.0001453598820989466,0.0001453598820989466,0.0,0.0001453598820989466,300.64463178447755,300.5775087303863,9.756999228828055e-06
290,356,contact,0.0019256865460661027,-7.431345393389731e-05,7.431345393389731e-05,0.00019276080246499456,0.00019276080246499456,0.0,0.00019276080246499456,300.4366613601864,300.4597110383914,-4.44307446735262e-06
290,387,contact,0.0019443513901555955,-5.5648609844404515e-05,5.5648609844404515e-05,0.0001668061896999097,0.0001668061896999097,0.0,0.0001668061896999097,300.4366613601864,300.52209278507496,-1.4250490466293788e-05
290,450,contact,0.0021479997747904916,-0.00010200022520950869,0.00010200022520950869,0.00023804787708160807,0.00023804787708160807,0.0,0.00023804787708160807,300.4366613601864,300.41825627540965,4.381291358614596e-06
290,495,contact,0.002227431819764637,-2.2568180235363246e-05,2.2568180235363246e-05,0.00011197266589902706,0.00011197266589902706,0.0,0.00011197266589902706,300.4366613601864,300.33765466514313,1.1086043585847151e-05
291,312,contact,0.0019336938970788524,-6.630610292114765e-05,6.630610292114765e-05,0.00018207979421279514,0.00018207979421279514,0.0,0.00018207979421279514,300.40413233150747,300.39827539250575,1.0664302481495088e-06
291,346,contact,0.001959526913721778,-4.047308627822205e-05,4.047308627822205e-05,0.00014225520426019932,0.00014225520426019932,0.0,0.00014225520426019932,300.40413233150747,300.47984505466917,-1.0770528898463632e-05
291,426,contact,0.0021973300996664096,-5.266990033359065e-05,5.266990033359065e-05,0.00017105863246525646,0.00017105863246525646,0.0,0.00017105863246525646,300.40413233150747,300.4953397926773,-1.5601823578343986e-05
291,478,contact,0.002173629759756708,-7.637024024329236e-05,7.637024024329236e-05,0.00020598036616695665,0.00020598036616695665,0.0,0.00020598036616695665,300.40413233150747,300.29879548008404,2.1697323227072575e-05
292,351,contact,0.0018820747333950373,-0.00011792526660496278,0.00011792526660496278,0.00024282222571766652,0.00024282222571766652,0.0,0.00024282222571766652,300.79964860806956,300.89403681448863,-2.291955436417684e-05
292,422,contact,0.002167389453459853,-8.261054654014723e-05,8.261054654014723e-05,0.00021423059556902597,0.00021423059556902597,0.0,0.00021423059556902597,300.79964860806956,300.7047994735719,2.0319586572644362e-05
293,417,contact,0.0022458525901759446,-4.147409824055686e-06,4.147409824055686e-06,4.80012142442233e-05,4.80012142442233e-05,0.0,4.80012142442233e-05,300.34917009334526,300.2433644833071,5.078797755681807e-06
293,452,contact,0.002248109177175344,-1.890822824656118e-06,1.890822824656118e-06,3.2410756313436354e-05,3.2410756313436354e-05,0.0,3.2410756313436354e-05,300.34917009334526,300.4849867239523,-4.401919717917195e-06
294,317,contact,0.0018886395576976733,-0.00011136044230232673,0.00011136044230232673,0.00023596656786749128,0.00023596656786749128,0.0,0.00023596656786749128,300.78919272573825,300.68945234479986,2.3535395367826962e-05
294,335,contact,0.0018874891957571579,-0.00011251080424284216,0.00011251080424284216,0.000237182212911131,0.000237182212911131,0.0,0.000237182212911131,300.78919272573825,300.82645271520664,-8.837406755159555e-06
294,492,contact,0.002165965478055429,-8.403452194457109e-05,8.403452194457109e-05,0.00021606907581780813,0.00021606907581780813,0.0,0.00021606907581780813,300.78919272573825,300.8415326272538,-1.1309034148860395e-05
295,304,contact,0.0019926037511005536,-7.396248899446418e-06,7.396248899446418e-06,6.0812206420448266e-05,6.0812206420448266e-05,0.0,6.0812206420448266e-05,300.8397450254666,300.8231196751755,1.0110242337125005e-06
295,377,contact,0.0019269087866323623,-7.309121336763775e-05,7.309121336763775e-05,0.0001911690526309603,0.0001911690526309603,0.0,0.0001911690526309603,300.8397450254666,300.93814791723105,-1.8811587594759707e-05
295,446,contact,0.0022297590815295453,-2.0240918470455e-05,2.0240918470455e-05,0.00010604223076589974,0.00010604223076589974,0.0,0.00010604223076589974,300.8397450254666,300.86596310223456,-2.780223346867697e-06
296,434,contact,0.0021975463631969177,-5.2453636803082536e-05,5.2453636803082536e-05,0.00017070708636446775,0.00017070708636446775,0.0,0.00017070708636446775,300.3420813135582,300.2973944172724,7.628369863617008e-06
296,450,contact,0.0022084984615118037,-4.150153848819652e-05,4.150153848819652e-05,0.00015184337414329374,0.00015184337414329374,0.0,0.00015184337414329374,300.3420813135582,300.41825627540965,-1.1566663232760852e-05
297,367,contact,0.0019415385998738217,-5.846140012617839e-05,5.846140012617839e-05,0.00017096988057283422,0.00017096988057283422,0.0,0.00017096988057283422,300.2568325634977,300.32928458938943,-1.2387114213967424e-05
297,388,contact,0.001911178322527754,-8.882167747224605e-05,8.882167747224605e-05,0.00021073879267026994,0.00021073879267026994,0.0,0.00021073879267026994,300.2568325634977,300.3253992659863,-1.4449664099822297e-05
297,454,contact,0.0021748023007160896,-7.519769928391066e-05,7.519769928391066e-05,0.00020439300282096886,0.00020439300282096886,0.0,0.00020439300282096886,300.2568325634977,300.3530387559311,-1.966387256143158e-05
297,456,contact,0.0021712585968741726,-7.874140312582765e-05,7.874140312582765e-05,0.0002091535893997355,0.0002091535893997355,0.0,0.0002091535893997355,300.2568325634977,300.2638379099953,-1.4651933649574206e-06
297,490,contact,0.0021963209667987963,-5.367903320120399e-05,5.367903320120399e-05,0.00017268956283394778,0.00017268956283394778,0.0,0.00017268956283394778,300.2568325634977,300.2081841400135,8.401074984051352e-06
298,379,contact,0.0018887394232926886,-0.00011126057670731142,0.00011126057670731142,0.00023586073932228678,0.00023586073932228678,0.0,0.00023586073932228678,300.94229738608374,300.93901537107405,7.740984866518931e-07
298,384,contact,0.0018889652310619704,-0.00011103476893802966,0.00011103476893802966,0.0002356212733795801,0.0002356212733795801,0.0,0.0002356212733795801,300.94229738608374,300.9212901482488,4.94975212886216e-06
298,429,contact,0.0020936567619695926,-0.00015634323803040764,0.00015634323803040764,0.00029471571804255296,0.00029471571804255296,0.0,0.00029471571804255296,300.94229738608374,300.917767959637,7.229207528425176e-06
299,404,contact,0.002173785949466966,-7.621405053303415e-05,7.621405053303415e-05,0.0002057696264880193,0.0002057696264880193,0.0,0.0002057696264880193,300.8248851335174,300.72583653728964,2.0381192649948874e-05
299,449,contact,0.0021794601462975485,-7.053985370245172e-05,7.053985370245172e-05,0.00019796163166753596,0.00019796163166753596,0.0,0.00019796163166753596,300.8248851335174,300.8079732849761,3.347897131755219e-06
299,492,contact,0.002119695228588299,-0.00013030477141170137,0.00013030477141170137,0.0002690567592036436,0.0002690567592036436,0.0,0.0002690567592036436,300.8248851335174,300.8415326272538,-4.479120713578757e-06
300,318,contact,0.0019407997113303581,-5.920028866964193e-05,5.920028866964193e-05,0.00017204692480489434,0.00017204692480489434,0.0,0.00017204692480489434,300.527751122931,300.6089007364263,-1.3961541450964597e-05
300,403,contact,0.00217925087048279,-7.074912951721005e-05,7.074912951721005e-05,0.00019825506791506134,0.00019825506791506134,0.0,0.00019825506791506134,300.527751122931,300.4256279469939,2.02464371811105e-05
302,368,contact,0.0018385280689181768,-0.00016147193108182324,0.00016147193108182324,0.0002841407495254977,0.0002841407495254977,0.0,0.0002841407495254977,300.6804775403812,300.6979449682647,-4.96320805110105e-06
302,396,contact,0.0019723453386514237,-2.7654661348576384e-05,2.7654661348576384e-05,0.00011758967078059276,0.00011758967078059276,0.0,0.00011758967078059276,300.6804775403812,300.8198239912234,-1.638570327897801e-05
302,435,contact,0.0021663848798863052,-8.361512011369502e-05,8.361512011369502e-05,0.00021552921961443732,0.00021552921961443732,0.0,0.00021552921961443732,300.6804775403812,300.5810566322789,2.1428110736654173e-05
303,317,contact,0.0018714732772871748,-0.00012852672271282525,0.00012852672271282525,0.0002535021920150053,0.0002535021920150053,0.0,0.0002535021920150053,300.7542867461886,300.68945234479986,1.6435662870025472e-05
303,331,contact,0.001850916371314491,-0.00014908362868550898,0.00014908362868550898,0.0002730234684834886,0.0002730234684834886,0.0,0.0002730234684834886,300.7542867461886,300.8521285367616,-2.6713105024875505e-05
303,404,contact,0.0021222442894492616,-0.0001277557105507387,0.0001277557105507387,0.0002664120769605057,0.0002664120769605057,0.0,0.0002664120769605057,300.7542867461886,300.72583653728964,7.5794792427321345e-06
304,473,contact,0.002236114968108752,-1.3885031891248262e-05,1.3885031891248262e-05,8.782884837141515e-05,8.782884837141515e-05,0.0,8.782884837141515e-05,300.8231196751755,300.7636681801347,5.221556343395214e-06
305,322,contact,0.0018824812192900935,-0.0001175187807099065,0.0001175187807099065,0.00024240336292005778,0.00024240336292005778,0.0,0.00024240336292005778,300.85550218100366,300.7490515011341,2.5804002785509652e-05
305,343,contact,0.001884212608982596,-0.00011578739101740401,0.00011578739101740401,0.00024061108766784212,0.00024061108766784212,0.0,0.00024061108766784212,300.85550218100366,300.94043255423605,-2.0435189479482597e-05
305,365,contact,0.0019190228789266691,-8.097712107333092e-05,8.097712107333092e-05,0.00020121769439257936,0.00020121769439257936,0.0,0.00020121769439257936,300.85550218100366,300.9390937694741,-1.682010670263251e-05
305,406,contact,0.002089180478289012,-0.0001608195217109882,0.0001608195217109882,0.0002989049660482856,0.0002989049660482856,0.0,0.0002989049660482856,300.85550218100366,300.9193253680511,-1.9077067557506295e-05
307,395,contact,0.0019076244712468956,-9.237552875310446e-05,9.237552875310446e-05,0.00021491338808122734,0.00021491338808122734,0.0,0.00021491338808122734,300.2802395698272,300.2427515441371,8.056678613534434e-06
307,441,contact,0.002195844660034038,-5.415533996596224e-05,5.415533996596224e-05,0.00017345402843719178,0.00017345402843719178,0.0,0.00017345402843719178,300.2802395698272,300.35630118091797,-1.3193192853118607e-05
308,331,contact,0.001940771060790016,-5.922893920998402e-05,5.922893920998402e-05,0.00017208855163837022,0.00017208855163837022,0.0,0.00017208855163837022,300.8497151361782,300.8521285367616,-4.153186109217273e-07
308,492,contact,0.002065975147987023,-0.00018402485201297718,0.00018402485201297718,0.00031974369250400926,0.00031974369250400926,0.0,0.00031974369250400926,300.8497151361782,300.8415326272538,2.6163056174321378e-06
309,475,contact,0.0021471649823197095,-0.00010283501768029073,0.00010283501768029073,0.0002390200104132273,0.0002390200104132273,0.0,0.0002390200104132273,300.60760964919575,300.57946397878123,6.72737843556514e-06
310,429,contact,0.00213163853455505,-0.00011836146544495036,0.00011836146544495036,0.0002564300483399695,0.0002564300483399695,0.0,0.0002564300483399695,300.8471720562553,300.917767959637,-1.8102910916766107e-05
310,497,contact,0.002217048118489989,-3.295188151001107e-05,3.295188151001107e-05,0.00013530188778762488,0.00013530188778762488,0.0,0.00013530188778762488,300.8471720562553,300.9182552951648,-9.617696414509529e-06
311,339,contact,0.001975322652378592,-2.467734762140808e-05,2.467734762140808e-05,0.00011107958323069114,0.00011107958323069114,0.0,0.00011107958323069114,300.09882427515726,300.0527529434957,5.1175843198480395e-06
311,400,contact,0.001987194883573324,-1.2805116426675874e-05,1.2805116426675874e-05,8.001598723591391e-05,8.001598723591391e-05,0.0,8.001598723591391e-05,300.09882427515726,300.2039498458292,-8.41172632105334e-06
312,346,contact,0.0019323429328149792,-6.765706718502083e-05,6.765706718502083e-05,0.0001839253478792698,0.0001839253478792698,0.0,0.0001839253478792698,300.39827539250575,300.47984505466917,-1.5002728489801063e-05
312,402,contact,0.0021700059387245933,-7.999406127540696e-05,7.999406127540696e-05,0.0002108106855759543,0.0002108106855759543,0.0,0.0002108106855759543,300.39827539250575,300.32204985064556,1.6069158737946668e-05
313,342,contact,0.0019661210726453233,-3.387892735467676e-05,3.387892735467676e-05,0.0001301516948692501,0.0001301516948692501,0.0,0.0001301516948692501,300.4894605445142,300.39824816421157,1.1871445889446693e-05
313,491,contact,0.0022061809998955213,-4.381900010447899e-05,4.381900010447899e-05,0.00015602528303750252,0.00015602528303750252,0.0,0.00015602528303750252,300.4894605445142,300.6040111776606,-1.787279495879116e-05
314,359,contact,0.0019234771153564577,-7.652288464354232e-05,7.652288464354232e-05,0.0001956053228359882,0.0001956053228359882,0.0,0.0001956053228359882,300.8417239910564,300.77204703648835,1.3629183192517943e-05
314,362,contact,0.0019164773845472326,-8.352261545276746e-05,8.352261545276746e-05,0.00020435583604679297,0.00020435583604679297,0.0,0.00020435583604679297,300.8417239910564,300.9315840388907,-1.8363425202381714e-05
314,447,contact,0.0021119353747948,-0.00013806462520520035,0.00013806462520520035,0.00027695228751256894,0.00027695228751256894,0.0,0.00027695228751256894,300.8417239910564,300.85684205996336,-4.186983766546695e-06
314,453,contact,0.0020988113003316904,-0.00015118869966830985,0.00015118869966830985,0.0002898167042079354,0.0002898167042079354,0.0,0.0002898167042079354,300.8417239910564,300.8109416874592,8.921225776474537e-06
315,405,contact,0.0021495661166384254,-0.00010043388336157489,0.00010043388336157489,0.00023621304338994833,0.00023621304338994833,0.0,0.00023621304338994833,300.38508153699354,300.35516317146306,7.067108175206976e-06
315,467,contact,0.0021000961872019103,-0.00014990381279808996,0.00014990381279808996,0.000288582563573995,0.000288582563573995,0.0,0.000288582563573995,300.38508153699354,300.4062351291905,-6.104557865003694e-06
316,349,contact,0.0019062204086883548,-9.377959131164526e-05,9.377959131164526e-05,0.00021654051735373368,0.00021654051735373368,0.0,0.00021654051735373368,300.33306549374953,300.379113485892,-9.971256041629415e-06
317,338,contact,0.0018568732473396468,-0.00014312675266035324,0.00014312675266035324,0.00026751331991169456,0.00026751331991169456,0.0,0.00026751331991169456,300.68945234479986,300.62031680434274,1.84946779515749e-05
317,404,contact,0.0022317297441446626,-1.8270255855337703e-05,1.8270255855337703e-05,0.00010074791383375776,0.00010074791383375776,0.0,0.00010074791383375776,300.68945234479986,300.72583653728964,-3.6656314898709073e-06
317,437,contact,0.002217791329228249,-3.220867077175123e-05,3.220867077175123e-05,0.00013376735769352041,0.00013376735769352041,0.0,0.00013376735769352041,300.68945234479986,300.57886727781,1.479267221159586e-05
317,483,contact,0.0022181563123684503,-3.184368763154994e-05,3.184368763154994e-05,0.00013300728390987953,0.00013300728390987953,0.0,0.00013300728390987953,300.68945234479986,300.61164202298795,1.0349339564355797e-05
318,424,contact,0.0021839235843087545,-6.607641569124573e-05,6.607641569124573e-05,0.0001915962416867039,0.0001915962416867039,0.0,0.0001915962416867039,300.6089007364263,300.7311746850901,-2.3427229020177695e-05
318,491,contact,0.0021113176753392656,-0.0001386823246607347,0.0001386823246607347,0.0002775711366886521,0.0002775711366886521,0.0,0.0002775711366886521,300.6089007364263,300.6040111776606,1.3572003844965868e-06
319,338,contact,0.0018757021856083654,-0.00012429781439163463,0.00012429781439163463,0.00024929682548283143,0.00024929682548283143,0.0,0.00024929682548283143,300.6058738122269,300.62031680434274,-3.600592084954023e-06
319,348,contact,0.001884345997632252,-0.00011565400236774812,0.00011565400236774812,0.00024047245410623242,0.00024047245410623242,0.0,0.00024047245410623242,300.6058738122269,300.6085752021189,-6.496098568329038e-07
320,353,contact,0.0017844223037557561,-0.0002155776962442439,0.0002155776962442439,0.00032831211997445657,0.00032831211997445657,0.0,0.00032831211997445657,300.8920958564081,300.93986103580437,-1.5681887308547998e-05
320,380,contact,0.0018816762461964598,-0.00011832375380354024,0.00011832375380354024,0.00024323214611101493,0.00024323214611101493,0.0,0.00024323214611101493,300.8920958564081,300.80908291715474,2.019141536957927e-05
320,406,contact,0.0020141499583447107,-0.00023585004165528958,0.00023585004165528958,0.00036197762488806586,0.00036197762488806586,0.0,0.00036197762488806586,300.8920958564081,300.9193253680511,-9.856473951389982e-06
320,446,contact,0.0022285109138741052,-2.1489086125895014e-05,2.1489086125895014e-05,0.00010926289938058932,0.00010926289938058932,0.0,0.00010926289938058932,300.8920958564081,300.86596310223456,2.8553404898017703e-06
321,364,contact,0.0019391515367294019,-6.0848463270598164e-05,6.0848463270598164e-05,0.00017442543287978128,0.00017442543287978128,0.0,0.00017442543287978128,300.0665684840968,300.06736600221535,-1.391074430543379e-07
322,485,contact,0.0021195697833943155,-0.00013043021660568473,0.00013043021660568473,0.0002691862393355252,0.0002691862393355252,0.0,0.0002691862393355252,300.7490515011341,300.64281383802347,2.859771700854198e-05
323,484,contact,0.002211480164414775,-3.851983558522546e-05,3.851983558522546e-05,0.00014628707618398348,0.00014628707618398348,0.0,0.00014628707618398348,300.76839539757026,300.7412085140477,3.977089701071954e-06
324,392,contact,0.0019895619768180123,-1.043802318198778e-05,1.043802318198778e-05,7.224272690723883e-05,7.224272690723883e-05,0.0,7.224272690723883e-05,300.44641166443404,300.4919451952133,-3.2894664292089098e-06
324,418,contact,0.002212693465349413,-3.730653465058723e-05,3.730653465058723e-05,0.00014396476160387155,0.00014396476160387155,0.0,0.00014396476160387155,300.44641166443404,300.46169867221323,-2.2007904305680673e-06
324,442,contact,0.0022087255604024414,-4.1274439597558873e-05,4.1274439597558873e-05,0.00015142735625000537,0.00015142735625000537,0.0,0.00015142735625000537,300.44641166443404,300.47662885058463,-4.575708612098724e-06
325,445,contact,0.0022264165226884213,-2.3583477311578914e-05,2.3583477311578914e-05,0.00011446367039268863,0.00011446367039268863,0.0,0.00011446367039268863,300.49651413872755,300.4160724100212,9.207655520464665e-06
325,457,contact,0.0021869922311018846,-6.300776889811566e-05,6.300776889811566e-05,0.00018709440412398415,0.00018709440412398415,0.0,0.00018709440412398415,300.49651413872755,300.64946194555284,-2.8615678780048922e-05
326,489,contact,0.002228322678901583,-2.167732109841728e-05,2.167732109841728e-05,0.00010974040352480656,0.00010974040352480656,0.0,0.00010974040352480656,300.0557847821195,300.08125957975057,-2.7956145717487072e-06
327,348,contact,0.0018955538101568098,-0.00010444618984319022,0.00010444618984319022,0.00022852372944969,0.00022852372944969,0.0,0.00022852372944969,300.7221067261693,300.6085752021189,2.5944647286095147e-05
327,404,contact,0.002164366419648021,-8.563358035197947e-05,8.563358035197947e-05,0.00021811513314452818,0.00021811513314452818,0.0,0.00021811513314452818,300.7221067261693,300.72583653728964,-8.135282491224436e-07
327,449,contact,0.00217345801947949,-7.654198052051012e-05,7.654198052051012e-05,0.00020621183892151904,0.00020621183892151904,0.0,0.00020621183892151904,300.7221067261693,300.8079732849761,-1.7706700993412835e-05
328,440,contact,0.0021348645831996,-0.00011513541680040033,0.00011513541680040033,0.0002529112896741995,0.0002529112896741995,0.0,0.0002529112896741995,300.08082135002434,300.0755586548529,1.3309950229707531e-06
329,455,contact,0.002136745874743779,-0.00011325412525622133,0.00011325412525622133,0.0002508365174285405,0.0002508365174285405,0.0,0.0002508365174285405,300.70363249972036,300.7930482058573,-2.2428724330805546e-05
330,464,contact,0.002126171766344384,-0.00012382823365561643,0.00012382823365561643,0.0002622850799073579,0.0002622850799073579,0.0,0.0002622850799073579,300.06679919980695,300.16205304516455,-2.4983662441102265e-05
332,337,contact,0.0019517984104904568,-4.820158950954328e-05,4.820158950954328e-05,0.00015524430667425985,0.00015524430667425985,0.0,0.00015524430667425985,300.3209944481444,300.3182967758536,4.1879826442296603e-07
332,342,contact,0.0019312865265672002,-6.871347343279989e-05,6.871347343279989e-05,0.00018535570322059135,0.00018535570322059135,0.0,0.00018535570322059135,300.3209944481444,300.39824816421157,-1.4319416868032674e-05
332,349,contact,0.0018998798157096248,-0.00010012018429037526,0.00010012018429037526,0.0002237411275228308,0.0002237411275228308,0.0,0.0002237411275228308,300.3209944481444,300.379113485892,-1.3003619036187249e-05
332,477,contact,0.0021737277748145006,-7.627222518549965e-05,7.627222518549965e-05,0.00020584814411694048,0.00020584814411694048,0.0,0.00020584814411694048,300.3209944481444,300.1911669077003,2.6724758255690282e-05
333,335,contact,0.0019003570535767234,-9.96429464232766e-05,9.96429464232766e-05,0.00022320724274010084,0.00022320724274010084,0.0,0.00022320724274010084,300.8402652407243,300.82645271520664,3.083055736075211e-06
333,466,contact,0.0020805381590617345,-0.00016946184093826573,0.00016946184093826573,0.0003068313334519886,0.0003068313334519886,0.0,0.0003068313334519886,300.8402652407243,300.8143690463608,7.945763847883722e-06
334,360,contact,0.0019035997098917614,-9.64002901082386e-05,9.64002901082386e-05,0.0002195453143524573,0.0002195453143524573,0.0,0.0002195453143524573,300.46147515005015,300.37655192816874,1.8644495443777834e-05
334,369,contact,0.0019498288566179342,-5.017114338206588e-05,5.017114338206588e-05,0.00015838425329253204,0.00015838425329253204,0.0,0.00015838425329253204,300.46147515005015,300.43137182150576,4.7678932131221874e-06
335,394,contact,0.0019119216865470718,-8.807831345292822e-05,8.807831345292822e-05,0.00020985508506220218,0.00020985508506220218,0.0,0.00020985508506220218,300.82645271520664,300.88975318672135,-1.328392583419657e-05
335,455,contact,0.002158545892347206,-9.145410765279416e-05,9.145410765279416e-05,0.00022540593955103677,0.00022540593955103677,0.0,0.00022540593955103677,300.82645271520664,300.7930482058573,7.529574815129081e-06
336,375,contact,0.0018523798635269185,-0.00014762013647308153,0.00014762013647308153,0.00027168008435757816,0.00027168008435757816,0.0,0.00027168008435757816,300.0525411302654,300.0641200578097,-3.1457640120035706e-06
337,445,contact,0.0020702797379098304,-0.00017972026209016985,0.00017972026209016985,0.0003159819457660427,0.0003159819457660427,0.0,0.0003159819457660427,300.3182967758536,300.4160724100212,-3.089533513278384e-05
338,391,contact,0.0019104453595682866,-8.955464043171346e-05,8.955464043171346e-05,0.00021160652214867275,0.00021160652214867275,0.0,0.00021160652214867275,300.62031680434274,300.66268877576186,-8.966185508584912e-06
339,357,contact,0.00196779235106248,-3.220764893751985e-05,3.220764893751985e-05,0.00012690084502776144,0.00012690084502776144,0.0,0.00012690084502776144,300.0527529434957,300.1035458227524,-6.445659299065222e-06
340,360,contact,0.001910856994256766,-8.914300574323409e-05,8.914300574323409e-05,0.00021111964113179298,0.00021111964113179298,0.0,0.00021111964113179298,300.29617903153644,300.37655192816874,-1.6968297093733415e-05
340,395,contact,0.0018889825197708958,-0.00011101748022910424,0.00011101748022910424,0.00023560292891760095,0.00023560292891760095,0.0,0.00023560292891760095,300.29617903153644,300.2427515441371,1.2587672515994318e-05
341,436,contact,0.0021867361974412915,-6.326380255870876e-05,6.326380255870876e-05,0.00018747415015692276,0.00018747415015692276,0.0,0.00018747415015692276,300.46104403501613,300.4405234279522,3.847083370014276e-06
341,438,contact,0.0021648169620085674,-8.518303799143288e-05,8.518303799143288e-05,0.0002175405939020129,0.0002175405939020129,0.0,0.0002175405939020129,300.46104403501613,300.5379875841079,-1.673834536635142e-05
342,462,contact,0.00212069092066713,-0.00012930907933287033,0.00012930907933287033,0.0002680268221785838,0.0002680268221785838,0.0,0.0002680268221785838,300.39824816421157,300.38856076834134,2.596481930283784e-06
343,394,contact,0.0018351211508205675,-0.00016487884917943253,0.00016487884917943253,0.000287122664709208,0.000287122664709208,0.0,0.000287122664709208,300.94043255423605,300.88975318672135,1.4551195046598998e-05
343,406,contact,0.002066665013685666,-0.0001833349863143343,0.0001833349863143343,0.00031914380798415964,0.00031914380798415964,0.0,0.00031914380798415964,300.94043255423605,300.9193253680511,6.736227774899807e-06
343,482,contact,0.002235712526218968,-1.4287473781032182e-05,1.4287473781032182e-05,8.909256665910331e-05,8.909256665910331e-05,0.0,8.909256665910331e-05,300.94043255423605,300.9164462271999,2.137003440374455e-06
344,426,contact,0.002210436880935531,-3.956311906446906e-05,3.956311906446906e-05,0.00014825488387021758,0.00014825488387021758,0.0,0.00014825488387021758,300.5663144352218,300.4953397926773,1.0522337388158588e-05
344,437,contact,0.0021979096166357694,-5.209038336423085e-05,5.209038336423085e-05,0.00017011496662262593,0.00017011496662262593,0.0,0.00017011496662262593,300.5663144352218,300.57886727781,-2.135426397911853e-06
344,474,contact,0.002182909799716883,-6.709020028311747e-05,6.709020028311747e-05,0.0001930604399938548,0.0001930604399938548,0.0,0.0001930604399938548,300.5663144352218,300.5366028569523,5.736130373618544e-06
345,411,contact,0.0021292864790347036,-0.00012071352096529667,0.00012071352096529667,0.00025896537838665344,0.00025896537838665344,0.0,0.00025896537838665344,300.7224793203523,300.6316042795703,2.353348932201562e-05
345,473,contact,0.0020756192911996177,-0.00017438070880038256,0.00017438070880038256,0.0003112525848178101,0.0003112525848178101,0.0,0.0003112525848178101,300.7224793203523,300.7636681801347,-1.2820139072964244e-05
345,484,contact,0.00202202130416571,-0.00022797869583429014,0.00022797869583429014,0.0003558859803631636,0.0003558859803631636,0.0,0.0003558859803631636,300.7224793203523,300.7412085140477,-6.6654574596913245e-06
346,426,contact,0.002225601780215858,-2.4398219784142403e-05,2.4398219784142403e-05,0.00011642408061370199,0.00011642408061370199,0.0,0.00011642408061370199,300.47984505466917,300.4953397926773,-1.8039606269499836e-06
346,437,contact,0.0021544834634779635,-9.551653652203678e-05,9.551653652203678e-05,0.00023035785750054775,0.00023035785750054775,0.0,0.00023035785750054775,300.47984505466917,300.57886727781,-2.281054716766071e-05
346,452,contact,0.002158579536941816,-9.142046305818429e-05,9.142046305818429e-05,0.00022536447400474575,0.00022536447400474575,0.0,0.00022536447400474575,300.47984505466917,300.4849867239523,-1.1587495935030243e-06
347,358,contact,0.001981605713884576,-1.8394286115424024e-05,1.8394286115424024e-05,9.590173646870014e-05,9.590173646870014e-05,0.0,9.590173646870014e-05,300.61616821713335,300.55388913634675,5.972671993108957e-06
347,398,contact,0.0019074486019025518,-9.25513980974482e-05,9.25513980974482e-05,0.00021511787245304397,0.00021511787245304397,0.0,0.00021511787245304397,300.61616821713335,300.6697199079617,-1.1519925797253203e-05
347,422,contact,0.002228570132304569,-2.1429867695431457e-05,2.1429867695431457e-05,0.00010911224520198214,0.00010911224520198214,0.0,0.00010911224520198214,300.61616821713335,300.7047994735719,-9.670755385080872e-06
347,433,contact,0.0021636587466834977,-8.634125331650252e-05,8.634125331650252e-05,0.00021901452680955322,0.00021901452680955322,0.0,0.00021901452680955322,300.61616821713335,300.7048719538609,-1.9427406925624096e-05
348,412,contact,0.0022248327024969763,-2.5167297503023937e-05,2.5167297503023937e-05,0.00011824479669788608,0.00011824479669788608,0.0,0.00011824479669788608,300.6085752021189,300.6167413447412,-9.656038741748538e-07
350,450,contact,0.0021197064694197625,-0.0001302935305802378,0.0001302935305802378,0.0002690451537693976,0.0002690451537693976,0.0,0.0002690451537693976,300.5056768166784,300.41825627540965,2.3520072968248744e-05
350,496,contact,0.002197592931354068,-5.240706864593223e-05,5.240706864593223e-05,0.0001706312929583229,0.0001706312929583229,0.0,0.0001706312929583229,300.5056768166784,300.42746383732464,1.3345581793250674e-05
351,362,contact,0.0019326567796031447,-6.734322039685537e-05,6.734322039685537e-05,0.00018349825666318383,0.00018349825666318383,0.0,0.00018349825666318383,300.89403681448863,300.9315840388907,-6.889850220324832e-06
351,413,contact,0.0021728940006647815,-7.71059993352188e-05,7.71059993352188e-05,0.00020697020630357351,0.00020697020630357351,0.0,0.00020697020630357351,300.89403681448863,300.9223839558372,-5.867013693025376e-06
352,426,contact,0.002130618907031476,-0.00011938109296852437,0.00011938109296852437,0.0002575321910498918,0.0002575321910498918,0.0,0.0002575321910498918,300.45296458496136,300.4953397926773,-1.0912980089286328e-05
352,460,contact,0.0021526597037618373,-9.734029623816292e-05,9.734029623816292e-05,0.00023254664554565166,0.00023254664554565166,0.0,0.00023254664554565166,300.45296458496136,300.49753325603086,-1.0364294953639425e-05
353,446,contact,0.002245138311426937,-4.8616885730632525e-06,4.8616885730632525e-06,5.1970550277500926e-05,5.1970550277500926e-05,0.0,5.1970550277500926e-05,300.93986103580437,300.86596310223456,3.840516271993257e-06
354,434,contact,0.0021470576104287457,-0.00010294238957125456,0.00010294238957125456,0.00023914476040355715,0.00023914476040355715,0.0,0.00023914476040355715,300.2290121722497,300.2973944172724,-1.6353255601808505e-05
354,451,contact,0.0021715425201685548,-7.84574798314455e-05,7.84574798314455e-05,0.0002087761691267648,0.0002087761691267648,0.0,0.0002087761691267648,300.2290121722497,300.1725728556558,1.1783184306612026e-05
354,472,contact,0.0021750520017691523,-7.494799823084793e-05,7.494799823084793e-05,0.00020405336751672467,0.00020405336751672467,0.0,0.00020405336751672467,300.2290121722497,300.20524104313245,4.8505789460555716e-06
355,494,contact,0.0021979015803488557,-5.209841965114455e-05,5.209841965114455e-05,0.0001701280884300358,0.0001701280884300358,0.0,0.0001701280884300358,300.64399960589105,300.51866032343133,2.1323732530064468e-05
356,387,contact,0.0018868607697707842,-0.00011313923022921585,0.00011313923022921585,0.00023784367789497353,0.00023784367789497353,0.0,0.00023784367789497353,300.4597110383914,300.52209278507496,-1.4837104064732934e-05
356,474,contact,0.0022297423716878145,-2.0257628312185787e-05,2.0257628312185787e-05,0.00010608599319049771,0.00010608599319049771,0.0,0.00010608599319049771,300.4597110383914,300.5366028569523,-8.157144940257635e-06
357,420,contact,0.0022312958246050642,-1.8704175394936018e-05,1.8704175394936018e-05,0.00010193727754233106,0.00010193727754233106,0.0,0.00010193727754233106,300.1035458227524,300.1960770635742,-9.432382776989455e-06
358,381,contact,0.0019748378293925808,-2.5162170607419265e-05,2.5162170607419265e-05,0.00011216543720643019,0.00011216543720643019,0.0,0.00011216543720643019,300.55388913634675,300.46878687248466,9.545532633349152e-06
358,398,contact,0.001963657209341793,-3.6342790658206846e-05,3.6342790658206846e-05,0.0001348013179798455,0.0001348013179798455,0.0,0.0001348013179798455,300.55388913634675,300.6697199079617,-1.5614140676314212e-05
358,459,contact,0.002216134534318709,-3.386546568129138e-05,3.386546568129138e-05,0.0001371646732971629,0.0001371646732971629,0.0,0.0001371646732971629,300.55388913634675,300.53197061934236,3.006446224066052e-06
358,460,contact,0.0022037369388608987,-4.626306113910154e-05,4.626306113910154e-05,0.00016031749945914883,0.00016031749945914883,0.0,0.00016031749945914883,300.55388913634675,300.49753325603086,9.034833812062749e-06
359,385,contact,0.001938499634681779,-6.150036531822113e-05,6.150036531822113e-05,0.00017535729998808308,0.00017535729998808308,0.0,0.00017535729998808308,300.77204703648835,300.7406552130377,5.504785402005624e-06
359,409,contact,0.002189399568489041,-6.0600431510959406e-05,6.0600431510959406e-05,0.00018348543919062747,0.00018348543919062747,0.0,0.00018348543919062747,300.77204703648835,300.78062330023715,-1.573619520564579e-06
359,447,contact,0.002233388362284194,-1.6611637715806087e-05,1.6611637715806087e-05,9.606605862578245e-05,9.606605862578245e-05,0.0,9.606605862578245e-05,300.77204703648835,300.85684205996336,-8.14592369632492e-06
359,457,contact,0.0022313636908626077,-1.8636309137392594e-05,1.8636309137392594e-05,0.00010175217479901459,0.00010175217479901459,0.0,0.00010175217479901459,300.77204703648835,300.64946194555284,1.2473299600622271e-05
360,441,contact,0.0021821102466649117,-6.788975333508855e-05,6.788975333508855e-05,0.00019420743968912404,0.00019420743968912404,0.0,0.00019420743968912404,300.37655192816874,300.35630118091797,3.932845775363701e-06
360,454,contact,0.0021716769274917483,-7.832307250825194e-05,7.832307250825194e-05,0.00020859726282993258,0.00020859726282993258,0.0,0.00020859726282993258,300.37655192816874,300.3530387559311,4.904783369220938e-06
361,396,contact,0.001990285070561501,-9.714929438498898e-06,9.714929438498898e-06,6.969551434094916e-05,6.969551434094916e-05,0.0,6.969551434094916e-05,300.8908107605229,300.8198239912234,4.947459397731578e-06
361,482,contact,0.002189550352127121,-6.044964787287922e-05,6.044964787287922e-05,0.00018325702635139292,0.00018325702635139292,0.0,0.00018325702635139292,300.8908107605229,300.9164462271999,-4.697879392355048e-06
362,413,contact,0.002230760026609988,-1.9239973390012145e-05,1.9239973390012145e-05,0.00010338701130007725,0.00010338701130007725,0.0,0.00010338701130007725,300.9315840388907,300.9223839558372,9.511690906182564e-07
365,377,contact,0.00189929667008843,-0.00010070332991157002,0.00010070332991157002,0.00022439176668448646,0.00022439176668448646,0.0,0.00022439176668448646,300.9390937694741,300.93814791723105,2.122414558371092e-07
365,446,contact,0.0022116761897933595,-3.8323810206640756e-05,3.8323810206640756e-05,0.00014591437787399834,0.00014591437787399834,0.0,0.00014591437787399834,300.9390937694741,300.86596310223456,1.0670815813765664e-05
366,370,contact,0.001860645589573683,-0.00013935441042631702,0.00013935441042631702,0.0002639644014126877,0.0002639644014126877,0.0,0.0002639644014126877,300.84235713277707,300.7415365217292,2.661305224531493e-05
366,384,contact,0.001931044493273006,-6.895550672699402e-05,6.895550672699402e-05,0.00018568186062051673,0.00018568186062051673,0.0,0.00018568186062051673,300.84235713277707,300.9212901482488,-1.4656429177174209e-05
366,409,contact,0.0022232720214359733,-2.6727978564026946e-05,2.6727978564026946e-05,0.00012185596817560874,0.00012185596817560874,0.0,0.00012185596817560874,300.84235713277707,300.78062330023715,7.522635933342193e-06
367,403,contact,0.0022002216765135275,-4.977832348647274e-05,4.977832348647274e-05,0.00016629679539651845,0.00016629679539651845,0.0,0.00016629679539651845,300.32928458938943,300.4256279469939,-1.602159162736853e-05
367,454,contact,0.002230310759064754,-1.9689240935246398e-05,1.9689240935246398e-05,0.00010458712724923655,0.00010458712724923655,0.0,0.00010458712724923655,300.32928458938943,300.3530387559311,-2.4843800387926e-06
368,385,contact,0.0018687596623431812,-0.00013124033765681887,0.00013124033765681887,0.0002561643394940237,0.0002561643394940237,0.0,0.0002561643394940237,300.6979449682647,300.7406552130377,-1.0940841641901263e-05
368,409,contact,0.00219733075592655,-5.266924407345023e-05,5.266924407345023e-05,0.00017105756677772776,0.00017105756677772776,0.0,0.00017105756677772776,300.6979449682647,300.78062330023715,-1.414275429244532e-05
368,457,contact,0.002096449716347873,-0.0001535502836521271,0.0001535502836521271,0.0002920714178759548,0.0002920714178759548,0.0,0.0002920714178759548,300.6979449682647,300.64946194555284,1.4160505186370257e-05
368,491,contact,0.002216987925993283,-3.301207400671722e-05,3.301207400671722e-05,0.0001354254079367786,0.0001354254079367786,0.0,0.0001354254079367786,300.6979449682647,300.6040111776606,1.2721021911611703e-05
369,441,contact,0.002121371677570906,-0.00012862832242909426,0.00012862832242909426,0.00026732036796187937,0.00026732036796187937,0.0,0.00026732036796187937,300.43137182150576,300.35630118091797,2.0067911265063712e-05
369,460,contact,0.0021895563732181006,-6.044362678189969e-05,6.044362678189969e-05,0.0001832478994602965,0.0001832478994602965,0.0,0.0001832478994602965,300.43137182150576,300.49753325603086,-1.2123943902004439e-05
370,383,contact,0.0019293197512594959,-7.068024874050415e-05,7.068024874050415e-05,0.00018798969219149244,0.00018798969219149244,0.0,0.00018798969219149244,300.7415365217292,300.68120707342337,1.134131441709405e-05
370,398,contact,0.0019056799830244322,-9.432001697556782e-05,9.432001697556782e-05,0.00021716355239262392,0.00021716355239262392,0.0,0.00021716355239262392,300.7415365217292,300.6697199079617,1.5595950966561454e-05
370,409,contact,0.0021891149589046257,-6.0885041095374605e-05,6.0885041095374605e-05,0.0001839158036460262,0.0001839158036460262,0.0,0.0001839158036460262,300.7415365217292,300.78062330023715,-7.188676281226597e-06
370,453,contact,0.00210182226900849,-0.00014817773099151015,0.00014817773099151015,0.00028691629730977306,0.00028691629730977306,0.0,0.00028691629730977306,300.7415365217292,300.8109416874592,-1.991347316542788e-05
370,457,contact,0.0020959643175636374,-0.0001540356824363629,0.0001540356824363629,0.00029253269754219395,0.00029253269754219395,0.0,0.00029253269754219395,300.7415365217292,300.64946194555284,2.693482414392019e-05
371,432,contact,0.002186315855497554,-6.368414450244608e-05,6.368414450244608e-05,0.0001880959337123924,0.0001880959337123924,0.0,0.0001880959337123924,300.0631186117554,300.17844587087274,-2.1692588486169044e-05
372,399,contact,0.001965110796520135,-3.488920347986509e-05,3.488920347986509e-05,0.0001320780138400504,0.0001320780138400504,0.0,0.0001320780138400504,300.3995205217094,300.4463081917016,-6.179622524769583e-06
372,426,contact,0.00214239307028379,-0.00010760692971621038,0.00010760692971621038,0.00024450281720282257,0.00024450281720282257,0.0,0.00024450281720282257,300.3995205217094,300.4953397926773,-2.342808169397766e-05
372,443,contact,0.0021463836391940752,-0.00010361636080592502,0.00010361636080592502,0.00023992633221924718,0.00023992633221924718,0.0,0.00023992633221924718,300.3995205217094,300.33310849075156,1.593399500294788e-05
373,457,contact,0.002146390618899552,-0.00010360938110044824,0.00010360938110044824,0.0002399182512399313,0.0002399182512399313,0.0,0.0002399182512399313,300.5558210515511,300.64946194555284,-2.2466159533440574e-05
374,430,contact,0.0022152360330447854,-3.476396695521484e-05,3.476396695521484e-05,0.0001389723532761799,0.0001389723532761799,0.0,0.0001389723532761799,300.334716300485,300.2060231093304,1.7884795625381435e-05
375,440,contact,0.002139692999030467,-0.00011030700096953307,0.00011030700096953307,0.0002475513425641157,0.0002475513425641157,0.0,0.0002475513425641157,300.0641200578097,300.0755586548529,-2.831640055092942e-06
375,469,contact,0.0022159887824174562,-3.401121758254402e-05,3.401121758254402e-05,0.0001374595245124583,0.0001374595245124583,0.0,0.0001374595245124583,300.0641200578097,300.204869642791,-1.934737102685245e-05
376,441,contact,0.002123879292921328,-0.00012612070707867205,0.00012612070707867205,0.0002647018312897573,0.0002647018312897573,0.0,0.0002647018312897573,300.39168950338154,300.35630118091797,9.367353762380797e-06
376,476,contact,0.002219837641337763,-3.0162358662237307e-05,3.0162358662237307e-05,0.00012944831371425883,0.00012944831371425883,0.0,0.00012944831371425883,300.39168950338154,300.4119711939571,-2.625430644276717e-06
378,393,contact,0.0019407645897944442,-5.923541020555587e-05,5.923541020555587e-05,0.00017209795205863995,0.00017209795205863995,0.0,0.00017209795205863995,300.7518154979696,300.77701529199646,-4.3368329443272e-06
378,444,contact,0.002178071340819671,-7.192865918032943e-05,7.192865918032943e-05,0.0001999008909717366,0.0001999008909717366,0.0,0.0001999008909717366,300.7518154979696,300.82272316598164,-1.4174506012340666e-05
381,441,contact,0.0021597236945961403,-9.027630540386e-05,9.027630540386e-05,0.00022394977785687676,0.00022394977785687676,0.0,0.00022394977785687676,300.46878687248466,300.35630118091797,2.51911456384373e-05
381,459,contact,0.002203034969536345,-4.696503046365541e-05,4.696503046365541e-05,0.00016152920352344857,0.00016152920352344857,0.0,0.00016152920352344857,300.46878687248466,300.53197061934236,-1.0206020305551999e-05
382,451,contact,0.0021069278246621088,-0.0001430721753378915,0.0001430721753378915,0.00028193003006842703,0.00028193003006842703,0.0,0.00028193003006842703,300.07141681561365,300.1725728556558,-2.8518925410688005e-05
383,412,contact,0.002151673473880273,-9.832652611972735e-05,9.832652611972735e-05,0.00023372173164747215,0.00023372173164747215,0.0,0.00023372173164747215,300.68120707342337,300.6167413447412,1.5067041739518475e-05
383,457,contact,0.0021671491935951253,-8.285080640487493e-05,8.285080640487493e-05,0.00021454189749437304,0.00021454189749437304,0.0,0.00021454189749437304,300.68120707342337,300.64946194555284,6.810659969543314e-06
385,424,contact,0.0021911721846767317,-5.8827815323268546e-05,5.8827815323268546e-05,0.0001807819670875336,0.0001807819670875336,0.0,0.0001807819670875336,300.7406552130377,300.7311746850901,1.7139084914009676e-06
385,447,contact,0.002136878187193645,-0.00011312181280635509,0.00011312181280635509,0.0002506899510532605,0.0002506899510532605,0.0,0.0002506899510532605,300.7406552130377,300.85684205996336,-2.912687496882219e-05
385,491,contact,0.002145437705402093,-0.00010456229459790715,0.00010456229459790715,0.00024101901100432715,0.00024101901100432715,0.0,0.00024101901100432715,300.7406552130377,300.6040111776606,3.293381026623298e-05
386,398,contact,0.001962335746119914,-3.766425388008598e-05,3.766425388008598e-05,0.0001372301968957379,0.0001372301968957379,0.0,0.0001372301968957379,300.77015501346534,300.6697199079617,1.378272930351197e-05
386,433,contact,0.0022145149796061444,-3.5485020393855905e-05,3.5485020393855905e-05,0.00014040619722365831,0.00014040619722365831,0.0,0.00014040619722365831,300.77015501346534,300.7048719538609,9.166146142184786e-06
386,453,contact,0.002222820467266756,-2.7179532733244242e-05,2.7179532733244242e-05,0.00012288100100242476,0.00012288100100242476,0.0,0.00012288100100242476,300.77015501346534,300.8109416874592,-5.011907327925579e-06
387,411,contact,0.002223621846672676,-2.637815332732444e-05,2.637815332732444e-05,0.00012105589463669811,0.00012105589463669811,0.0,0.00012105589463669811,300.52209278507496,300.6316042795703,-1.3257011939134811e-05
387,450,contact,0.0022091369601950897,-4.086303980491059e-05,4.086303980491059e-05,0.0001506707960439112,0.0001506707960439112,0.0,0.0001506707960439112,300.52209278507496,300.41825627540965,1.5645129569694106e-05
389,400,contact,0.0019394998849187903,-6.050011508120976e-05,6.050011508120976e-05,0.0001739254367267907,0.0001739254367267907,0.0,0.0001739254367267907,300.2446426135101,300.2039498458292,7.077507390526406e-06
390,462,contact,0.002202345009211772,-4.765499078822821e-05,4.765499078822821e-05,0.0001627113852265692,0.0001627113852265692,0.0,0.0001627113852265692,300.34293427295347,300.38856076834134,-7.423950267593096e-06
392,418,contact,0.0022103751220098377,-3.96248779901626e-05,3.96248779901626e-05,0.0001483705533643583,0.0001483705533643583,0.0,0.0001483705533643583,300.4919451952133,300.46169867221323,4.48769335486869e-06
392,426,contact,0.0022385225846749896,-1.1477415325010683e-05,1.1477415325010683e-05,7.985199964451833e-05,7.985199964451833e-05,0.0,7.985199964451833e-05,300.4919451952133,300.4953397926773,-2.710653954904685e-07
392,437,contact,0.0022137256311476356,-3.627436885236465e-05,3.627436885236465e-05,0.0001419592446450832,0.0001419592446450832,0.0,0.0001419592446450832,300.4919451952133,300.57886727781,-1.2339393188403123e-05
393,428,contact,0.002103678295605105,-0.00014632170439489531,0.00014632170439489531,0.00028511372428373534,0.00028511372428373534,0.0,0.00028511372428373534,300.77701529199646,300.9084317481629,-3.7468635249786355e-05
394,455,contact,0.00216796775298896,-8.20322470110402e-05,8.20322470110402e-05,0.00021347943826441226,0.00021347943826441226,0.0,0.00021347943826441226,300.88975318672135,300.7930482058573,2.0644524992227443e-05
394,481,contact,0.002201647180658154,-4.835281934184631e-05,4.835281934184631e-05,0.00016389837525777014,0.00016389837525777014,0.0,0.00016389837525777014,300.88975318672135,300.82046276732046,1.1356587160734705e-05
395,401,contact,0.002055046910243169,-0.0001949530897568312,0.0001949530897568312,0.00032910070204593677,0.00032910070204593677,0.0,0.00032910070204593677,300.2427515441371,300.15374219798053,2.9293038308773182e-05
395,441,contact,0.0021210799215729713,-0.000128920078427029,0.000128920078427029,0.00026762336555837923,0.00026762336555837923,0.0,0.00026762336555837923,300.2427515441371,300.35630118091797,-3.0388535953229067e-05
396,448,contact,0.002227278628820382,-2.2721371179618144e-05,2.2721371179618144e-05,0.0001123520537804127,0.0001123520537804127,0.0,0.0001123520537804127,300.8198239912234,300.8974893233461,-8.725859571523865e-06
397,452,contact,0.0021613577628194743,-8.864223718052597e-05,8.864223718052597e-05,0.00022191369340920455,0.00022191369340920455,0.0,0.00022191369340920455,300.36817626502966,300.4849867239523,-2.5921840368351053e-05
397,487,contact,0.0022270742913742233,-2.292570862577701e-05,2.292570862577701e-05,0.00011285612430036014,0.00011285612430036014,0.0,0.00011285612430036014,300.36817626502966,300.30463755393305,7.170732677403931e-06
398,422,contact,0.0021993351863915595,-5.066481360844078e-05,5.066481360844078e-05,0.00016777103048904476,0.00016777103048904476,0.0,0.00016777103048904476,300.6697199079617,300.7047994735719,-5.885334871531922e-06
399,460,contact,0.0021430318905233305,-0.00010696810947666974,0.00010696810947666974,0.00024377597807626319,0.00024377597807626319,0.0,0.00024377597807626319,300.4463081917016,300.49753325603086,-1.2487440158891513e-05
399,474,contact,0.002111845357525024,-0.00013815464247497614,0.00013815464247497614,0.0002770425583782472,0.0002770425583782472,0.0,0.0002770425583782472,300.4463081917016,300.5366028569523,-2.5015465068967976e-05
400,487,contact,0.002220492613723361,-2.9507386276639378e-05,2.9507386276639378e-05,0.00012803512164992373,0.00012803512164992373,0.0,0.00012803512164992373,300.2039498458292,300.30463755393305,-1.2891562955730034e-05
401,440,contact,0.0023369766771193937,-0.00016302332288060635,0.00016302332288060635,0.00031920146741576703,0.00031920146741576703,0.0,0.00031920146741576703,300.15374219798053,300.0755586548529,2.4956301694105417e-05
401,464,contact,0.0024382898171464358,-6.17101828535643e-05,6.17101828535643e-05,0.00019638957274630873,0.00019638957274630873,0.0,0.00019638957274630873,300.15374219798053,300.16205304516455,-1.6321637276296551e-06
402,417,contact,0.00240011165659668,-9.98883434033199e-05,9.98883434033199e-05,0.0002498603902723978,0.0002498603902723978,0.0,0.0002498603902723978,300.32204985064556,300.2433644833071,1.9660356591908882e-05
402,478,contact,0.002383834977509978,-0.0001161650224900221,0.0001161650224900221,0.000269449696708428,0.000269449696708428,0.0,0.000269449696708428,300.32204985064556,300.29879548008404,6.265883094946188e-06
403,436,contact,0.002437308177953782,-6.269182204621812e-05,6.269182204621812e-05,0.00019794541868627908,0.00019794541868627908,0.0,0.00019794541868627908,300.4256279469939,300.4405234279522,-2.948492214818908e-06
403,454,contact,0.002451310852870358,-4.8689147129642e-05,4.8689147129642e-05,0.00017444402241414365,0.00017444402241414365,0.0,0.00017444402241414365,300.4256279469939,300.3530387559311,1.2662750472789224e-05
403,496,contact,0.002451375215301811,-4.8624784698188955e-05,4.8624784698188955e-05,0.00017432868506464476,0.00017432868506464476,0.0,0.00017432868506464476,300.4256279469939,300.42746383732464,-3.2004834727562224e-07
404,412,contact,0.002353090755793324,-0.0001469092442066759,0.0001469092442066759,0.000303015309232343,0.000303015309232343,0.0,0.000303015309232343,300.72583653728964,300.6167413447412,3.305751350583543e-05
404,437,contact,0.0023761635290737047,-0.00012383647092629535,0.00012383647092629535,0.0002782045907761671,0.0002782045907761671,0.0,0.0002782045907761671,300.72583653728964,300.57886727781,4.088752269021151e-05
404,492,contact,0.0023411903916597645,-0.0001588096083402356,0.0001588096083402356,0.00031504921077928007,0.00031504921077928007,0.0,0.00031504921077928007,300.72583653728964,300.8415326272538,-3.644996183345731e-05
406,446,contact,0.002474257732208996,-2.5742267791004254e-05,2.5742267791004254e-05,0.0001268420962038142,0.0001268420962038142,0.0,0.0001268420962038142,300.9193253680511,300.86596310223456,6.768581654353977e-06
406,482,contact,0.0023710135393329155,-0.00012898646066708454,0.00012898646066708454,0.0002839305160015877,0.0002839305160015877,0.0,0.0002839305160015877,300.9193253680511,300.9164462271999,8.17475947516194e-07
407,414,contact,0.002392382793659911,-0.00010761720634008907,0.00010761720634008907,0.00025934678321227675,0.00025934678321227675,0.0,0.00025934678321227675,300.0848533766247,300.1809764195333,-2.4929201970914082e-05
407,498,contact,0.002381026659867545,-0.00011897334013245484,0.00011897334013245484,0.0002726872523290817,0.0002726872523290817,0.0,0.0002726872523290817,300.0848533766247,300.17589546394004,-2.4826016636317784e-05
407,499,contact,0.0024155707177600906,-8.442928223990941e-05,8.442928223990941e-05,0.0002297135202811175,0.0002297135202811175,0.0,0.0002297135202811175,300.0848533766247,300.07211397057665,2.9264138095926423e-06
409,457,contact,0.002420720478287404,-7.927952171259611e-05,7.927952171259611e-05,0.0002225976214391622,0.0002225976214391622,0.0,0.0002225976214391622,300.78062330023715,300.64946194555284,2.9196205577465525e-05
409,486,contact,0.002425973944748789,-7.40260552512112e-05,7.40260552512112e-05,0.00021509598911185443,0.00021509598911185443,0.0,0.00021509598911185443,300.78062330023715,300.9221956653931,-3.045164791411796e-05
411,431,contact,0.002344238840327495,-0.00015576115967250517,0.00015576115967250517,0.0003120107767294517,0.0003120107767294517,0.0,0.0003120107767294517,300.6316042795703,300.5594807556612,2.2503316715347502e-05
411,473,contact,0.0023539840928519466,-0.0001460159071480535,0.0001460159071480535,0.00030209260495340406,0.00030209260495340406,0.0,0.00030209260495340406,300.6316042795703,300.7636681801347,-3.9895527741803833e-05
411,474,contact,0.0023665506268829317,-0.00013344937311706839,0.00013344937311706839,0.00028880072402639117,0.00028880072402639117,0.0,0.00028880072402639117,300.6316042795703,300.5366028569523,2.7436479635614818e-05
412,426,contact,0.0023901414895357133,-0.00010985851046428673,0.00010985851046428673,0.00026203352655753656,0.00026203352655753656,0.0,0.00026203352655753656,300.6167413447412,300.4953397926773,3.181127681684744e-05
413,453,contact,0.002354014639992708,-0.00014598536000729216,0.00014598536000729216,0.00030206100377996094,0.00030206100377996094,0.0,0.00030206100377996094,300.9223839558372,300.8109416874592,3.3662363449765656e-05
414,456,contact,0.002356076097009603,-0.0001439239029903971,0.0001439239029903971,0.00029992072180661043,0.00029992072180661043,0.0,0.00029992072180661043,300.1809764195333,300.2638379099953,-2.48518780293328e-05
414,498,contact,0.00242135633817082,-7.86436618291802e-05,7.86436618291802e-05,0.00022170315433759085,0.00022170315433759085,0.0,0.00022170315433759085,300.1809764195333,300.17589546394004,1.1264638820743877e-06
415,423,contact,0.002395293639619159,-0.00010470636038084104,0.00010470636038084104,0.0002558153147057964,0.0002558153147057964,0.0,0.0002558153147057964,300.2959394530658,300.20685278672806,2.2789733585274376e-05
415,470,contact,0.0024998292505889275,-1.707494110725523e-07,1.707494110725523e-07,1.0330458940451058e-05,1.0330458940451058e-05,0.0,1.0330458940451058e-05,300.2959394530658,300.22014843648066,7.829559848877156e-07
415,478,contact,0.0024481518457808134,-5.184815421918664e-05,5.184815421918664e-05,0.00018001415607388116,0.00018001415607388116,0.0,0.00018001415607388116,300.2959394530658,300.29879548008404,-5.141252934151657e-07
416,422,contact,0.002430580523208396,-6.941947679160385e-05,6.941947679160385e-05,0.00020829587848719523,0.00020829587848719523,0.0,0.00020829587848719523,300.62689291863535,300.7047994735719,-1.6227614300416025e-05
417,420,contact,0.002384788908897389,-0.00011521109110261118,0.00011521109110261118,0.00026834107389501886,0.00026834107389501886,0.0,0.00026834107389501886,300.2433644833071,300.1960770635742,1.2689156992857525e-05
417,487,contact,0.0023481655516807156,-0.00015183444831928447,0.00015183444831928447,0.0003080528042390668,0.0003080528042390668,0.0,0.0003080528042390668,300.2433644833071,300.30463755393305,-1.88753412306561e-05
417,493,contact,0.002346106623255274,-0.00015389337674472613,0.00015389337674472613,0.0003101344232191161,0.0003101344232191161,0.0,0.0003101344232191161,300.2433644833071,300.1396039429003,3.2179715351974296e-05
418,483,contact,0.0024828005300668037,-1.7199469933196383e-05,1.7199469933196383e-05,0.00010368060912363381,0.00010368060912363381,0.0,0.00010368060912363381,300.46169867221323,300.61164202298795,-1.5546217942361647e-05
419,422,contact,0.002377402891854892,-0.00012259710814510822,0.00012259710814510822,0.00027680894600914295,0.00027680894600914295,0.0,0.00027680894600914295,300.7580139793637,300.7047994735719,1.4730251260625617e-05
419,433,contact,0.0024644918476026656,-3.55081523973344e-05,3.55081523973344e-05,0.00014897179346552153,0.00014897179346552153,0.0,0.00014897179346552153,300.7580139793637,300.7048719538609,7.916662847539574e-06
420,471,contact,0.0023853117074294503,-0.00011468829257054976,0.00011468829257054976,0.000267731549983549,0.000267731549983549,0.0,0.000267731549983549,300.1960770635742,300.3138555592117,-3.153301919175339e-05
422,453,contact,0.002376695765406249,-0.00012330423459375097,0.00012330423459375097,0.0002776060997548403,0.0002776060997548403,0.0,0.0002776060997548403,300.7047994735719,300.8109416874592,-2.946572601660407e-05
422,463,contact,0.0023849153999670517,-0.00011508460003294835,0.00011508460003294835,0.00026819372666151743,0.00026819372666151743,0.0,0.00026819372666151743,300.7047994735719,300.58275389219256,3.2731859292692694e-05
423,443,contact,0.00246234291884782,-3.7657081152179996e-05,3.7657081152179996e-05,0.0001534134144073213,0.0001534134144073213,0.0,0.0001534134144073213,300.20685278672806,300.33310849075156,-1.936931864264414e-05
423,470,contact,0.002395467150286139,-0.00010453284971386097,0.00010453284971386097,0.0002556032688976475,0.0002556032688976475,0.0,0.0002556032688976475,300.20685278672806,300.22014843648066,-3.3984115388808292e-06
423,472,contact,0.002377136001578371,-0.0001228639984216292,0.0001228639984216292,0.0002771100846478133,0.0002771100846478133,0.0,0.0002771100846478133,300.20685278672806,300.20524104313245,4.4663040421215137e-07
425,452,contact,0.0023688732068221805,-0.0001311267931778195,0.0001311267931778195,0.00028627651970802143,0.00028627651970802143,0.0,0.00028627651970802143,300.5041609169577,300.4849867239523,5.4891212417870655e-06
425,468,contact,0.002463043989456949,-3.695601054305112e-05,3.695601054305112e-05,0.000151978638595715,0.000151978638595715,0.0,0.000151978638595715,300.5041609169577,300.60738654989797,-1.568809116244473e-05
426,437,contact,0.0023952892180486257,-0.00010471078195137436,0.00010471078195137436,0.00025582071597040175,0.00025582071597040175,0.0,0.00025582071597040175,300.4953397926773,300.57886727781,-2.136806104984495e-05
427,464,contact,0.0024692727088962856,-3.072729110371441e-05,3.072729110371441e-05,0.00013858050707015582,0.00013858050707015582,0.0,0.00013858050707015582,300.21282943045287,300.16205304516455,7.036617220444411e-06
428,444,contact,0.0023999553740226085,-0.00010004462597739154,0.00010004462597739154,0.00025005577624975935,0.00025005577624975935,0.0,0.00025005577624975935,300.9084317481629,300.82272316598164,2.143192604860348e-05
428,448,contact,0.0024157544470206405,-8.42455529793595e-05,8.42455529793595e-05,0.00022946344068739945,0.00022946344068739945,0.0,0.00022946344068739945,300.9084317481629,300.8974893233461,2.510886447923763e-06
428,449,contact,0.0024700132827578077,-2.9986717242192363e-05,2.9986717242192363e-05,0.00013690032241149116,0.00013690032241149116,0.0,0.00013690032241149116,300.9084317481629,300.8079732849761,1.3752795999241273e-05
430,470,contact,0.002424438014551001,-7.556198544899891e-05,7.556198544899891e-05,0.0002173159932117844,0.0002173159932117844,0.0,0.0002173159932117844,300.2060231093304,300.22014843648066,-3.0696594991048993e-06
430,479,contact,0.002415189397894555,-8.48106021054452e-05,8.48106021054452e-05,0.00023023167965313386,0.00023023167965313386,0.0,0.00023023167965313386,300.2060231093304,300.1478249044411,1.3399070464452829e-05
432,472,contact,0.002391719789189362,-0.00010828021081063814,0.00010828021081063814,0.0002601444440241783,0.0002601444440241783,0.0,0.0002601444440241783,300.17844587087274,300.20524104313245,-6.970615190034446e-06
432,478,contact,0.0024301684797560846,-6.983152024391545e-05,6.983152024391545e-05,0.0002089131402101054,0.0002089131402101054,0.0,0.0002089131402101054,300.17844587087274,300.29879548008404,-2.514261478339229e-05
432,488,contact,0.0024833759864345954,-1.662401356540468e-05,1.662401356540468e-05,0.00010193139103523471,0.00010193139103523471,0.0,0.00010193139103523471,300.17844587087274,300.17889463955015,-4.574361554200452e-08
432,493,contact,0.00238741713154614,-0.00011258286845386,0.00011258286845386,0.00026526268637647193,0.00026526268637647193,0.0,0.00026526268637647193,300.17844587087274,300.1396039429003,1.030331415801131e-05
433,439,contact,0.0024753706000112384,-2.46293999887617e-05,2.46293999887617e-05,0.00012407004067451602,0.00012407004067451602,0.0,0.00012407004067451602,300.7048719538609,300.6560009931799,6.063422079497931e-06
434,450,contact,0.0024272924975165234,-7.270750248347668e-05,7.270750248347668e-05,0.00021317173605375767,0.00021317173605375767,0.0,0.00021317173605375767,300.2973944172724,300.41825627540965,-2.5764332121796732e-05
434,451,contact,0.002443480216494498,-5.65197835055019e-05,5.65197835055019e-05,0.0001879491013304897,0.0001879491013304897,0.0,0.0001879491013304897,300.2973944172724,300.1725728556558,2.3460100332510857e-05
434,472,contact,0.0024344285339479572,-6.557146605204282e-05,6.557146605204282e-05,0.00020244052529700361,0.00020244052529700361,0.0,0.00020244052529700361,300.2973944172724,300.20524104313245,1.865557746878653e-05
435,468,contact,0.002498007144045028,-1.9928559549719713e-06,1.9928559549719713e-06,3.5292137535965174e-05,3.5292137535965174e-05,0.0,3.5292137535965174e-05,300.5810566322789,300.60738654989797,-9.292390739231998e-07
435,480,contact,0.002369515416577828,-0.00013048458342217184,0.00013048458342217184,0.000285574621839647,0.000285574621839647,0.0,0.000285574621839647,300.5810566322789,300.50267029054305,2.2385149898604746e-05
437,483,contact,0.0024256421591199308,-7.435784088006929e-05,7.435784088006929e-05,0.0002155774815467592,0.0002155774815467592,0.0,0.0002155774815467592,300.57886727781,300.61164202298795,-7.0654970238014256e-06
438,452,contact,0.0024259986994431795,-7.40013005568205e-05,7.40013005568205e-05,0.0002150600215010052,0.0002150600215010052,0.0,0.0002150600215010052,300.5379875841079,300.4849867239523,1.1398366124630333e-05
438,461,contact,0.0024212919580463652,-7.870804195363483e-05,7.870804195363483e-05,0.00022179388228943956,0.00022179388228943956,0.0,0.00022179388228943956,300.5379875841079,300.4313405048153,2.3653669751135396e-05
439,475,contact,0.002373176148666592,-0.00012682385133340815,0.00012682385133340815,0.00028154024061114265,0.00028154024061114265,0.0,0.00028154024061114265,300.6560009931799,300.57946397878123,2.154824944945126e-05
442,463,contact,0.0024440259493346216,-5.5974050665378444e-05,5.5974050665378444e-05,0.00018703951899494805,0.00018703951899494805,0.0,0.00018703951899494805,300.47662885058463,300.58275389219256,-1.984957673566508e-05
442,476,contact,0.002381330517244719,-0.00011866948275528113,0.00011866948275528113,0.00027233880869617297,0.00027233880869617297,0.0,0.00027233880869617297,300.47662885058463,300.4119711939571,1.760878917903586e-05
442,500,contact,0.002384012044544634,-0.00011598795545536599,0.00011598795545536599,0.0002692442611451612,0.0002692442611451612,0.0,0.0002692442611451612,300.47662885058463,300.5783417365363,-2.738561082699568e-05
443,472,contact,0.002498926685599239,-1.0733144007609406e-06,1.0733144007609406e-06,2.5900222015951677e-05,2.5900222015951677e-05,0.0,2.5900222015951677e-05,300.33310849075156,300.20524104313245,3.3117952819480195e-06
443,478,contact,0.002399176752554926,-0.00010082324744507386,0.00010082324744507386,0.00025102695005351747,0.00025102695005351747,0.0,0.00025102695005351747,300.33310849075156,300.29879548008404,8.613490415020746e-06
444,481,contact,0.002426069056416161,-7.393094358383893e-05,7.393094358383893e-05,0.00021495776268816005,0.00021495776268816005,0.0,0.00021495776268816005,300.82272316598164,300.82046276732046,4.858902389902303e-07
444,484,contact,0.0023031934234883527,-0.00019680657651164734,0.00019680657651164734,0.0003507194182245682,0.0003507194182245682,0.0,0.0003507194182245682,300.82272316598164,300.7412085140477,2.858877130305585e-05
447,466,contact,0.002383847614895883,-0.00011615238510411701,0.00011615238510411701,0.00026943503983348774,0.00026943503983348774,0.0,0.00026943503983348774,300.85684205996336,300.8143690463608,1.1443718111850238e-05
447,482,contact,0.002380839041529057,-0.0001191609584709429,0.0001191609584709429,0.00027290217852618786,0.00027290217852618786,0.0,0.00027290217852618786,300.85684205996336,300.9164462271999,-1.6266107088095708e-05
448,486,contact,0.0023958209548994138,-0.00010417904510058628,0.00010417904510058628,0.0002551703415130105,0.0002551703415130105,0.0,0.0002551703415130105,300.8974893233461,300.9221956653931,-6.3043257376586134e-06
450,495,contact,0.002472519670134092,-2.7480329865907892e-05,2.7480329865907892e-05,0.00013105421079153632,0.00013105421079153632,0.0,0.00013105421079153632,300.41825627540965,300.33765466514313,1.0563180422004797e-05
450,496,contact,0.002436462683993957,-6.353731600604318e-05,6.353731600604318e-05,0.00019927574489580257,0.00019927574489580257,0.0,0.00019927574489580257,300.41825627540965,300.42746383732464,-1.8348437592840434e-06
451,472,contact,0.002405559638109186,-9.444036189081408e-05,9.444036189081408e-05,0.00024295107775385315,0.00024295107775385315,0.0,0.00024295107775385315,300.1725728556558,300.20524104313245,-7.936771355715836e-06
452,461,contact,0.0023753193125556826,-0.00012468068744431746,0.00012468068744431746,0.00027915126661489184,0.00027915126661489184,0.0,0.00027915126661489184,300.4849867239523,300.4313405048153,1.4975410021199725e-05
454,490,contact,0.0023619653786624384,-0.00013803462133756168,0.00013803462133756168,0.0002937203403511171,0.0002937203403511171,0.0,0.0002937203403511171,300.3530387559311,300.2081841400135,4.2546747088750444e-05
455,481,contact,0.002439820147982223,-6.0179852017777126e-05,6.0179852017777126e-05,0.00019393918508416678,0.00019393918508416678,0.0,0.00019393918508416678,300.7930482058573,300.82046276732046,-5.316757709605185e-06
456,462,contact,0.002293269194774133,-0.0002067308052258669,0.0002067308052258669,0.00035945340903400375,0.00035945340903400375,0.0,0.00035945340903400375,300.2638379099953,300.38856076834134,-4.483205661695171e-05
456,490,contact,0.0024727915861430774,-2.720841385692261e-05,2.720841385692261e-05,0.00013040421258754117,0.00013040421258754117,0.0,0.00013040421258754117,300.2638379099953,300.2081841400135,7.25748605200506e-06
456,498,contact,0.0023930731398141597,-0.00010692686018584033,0.00010692686018584033,0.0002585136120519579,0.0002585136120519579,0.0,0.0002585136120519579,300.2638379099953,300.17589546394004,2.273431938242749e-05
457,459,contact,0.0024432732262274722,-5.672677377252782e-05,5.672677377252782e-05,0.0001882929462508617,0.0001882929462508617,0.0,0.0001882929462508617,300.64946194555284,300.53197061934236,2.2122787971093074e-05
458,479,contact,0.002395477101966963,-0.00010452289803303694,0.00010452289803303694,0.00025559110170475047,0.00025559110170475047,0.0,0.00025559110170475047,300.2059859210692,300.1478249044411,1.4865438316245732e-05
458,489,contact,0.00249386120818145,-6.138791818550114e-06,6.138791818550114e-06,6.194146338757119e-05,6.194146338757119e-05,0.0,6.194146338757119e-05,300.2059859210692,300.08125957975057,7.725732104254793e-06
461,471,contact,0.0024079382057062837,-9.206179429371636e-05,9.206179429371636e-05,0.00023987209390333993,0.00023987209390333993,0.0,0.00023987209390333993,300.4313405048153,300.3138555592117,2.818135990406064e-05
461,494,contact,0.002468443602535816,-3.1556397464184253e-05,3.1556397464184253e-05,0.00014043770296866563,0.00014043770296866563,0.0,0.00014043770296866563,300.4313405048153,300.51866032343133,-1.2262994750076904e-05
462,480,contact,0.002338032854987286,-0.00016196714501271392,0.00016196714501271392,0.0003181657832529233,0.0003181657832529233,0.0,0.0003181657832529233,300.38856076834134,300.50267029054305,-3.630574550792571e-05
465,475,contact,0.0024003867072619777,-9.961329273802232e-05,9.961329273802232e-05,0.00024951614769642456,0.00024951614769642456,0.0,0.00024951614769642456,300.5582194795987,300.57946397878123,-5.300845595771657e-06
465,494,contact,0.002445790418085736,-5.420958191426411e-05,5.420958191426411e-05,0.00018406789154117855,0.00018406789154117855,0.0,0.00018406789154117855,300.5582194795987,300.51866032343133,7.281570466870987e-06
467,487,contact,0.0023517063239273735,-0.00014829367607262656,0.00014829367607262656,0.000304439727278474,0.000304439727278474,0.0,0.000304439727278474,300.4062351291905,300.30463755393305,3.093033810353896e-05
467,494,contact,0.0024011634750886915,-9.883652491130858e-05,9.883652491130858e-05,0.0002485414011177371,0.0002485414011177371,0.0,0.0002485414011177371,300.4062351291905,300.51866032343133,-2.794231529754557e-05
468,494,contact,0.002384034889866338,-0.00011596511013366216,0.00011596511013366216,0.00026921774427689357,0.00026921774427689357,0.0,0.00026921774427689357,300.60738654989797,300.51866032343133,2.3886674547547832e-05
469,470,contact,0.0024567174268319905,-4.328257316800954e-05,4.328257316800954e-05,0.0001644737311244746,0.0001644737311244746,0.0,0.0001644737311244746,300.204869642791,300.22014843648066,-2.512960205221815e-06
471,487,contact,0.002377900667080103,-0.00012209933291989702,0.00012209933291989702,0.00027624641730696823,0.00027624641730696823,0.0,0.00027624641730696823,300.3138555592117,300.30463755393305,2.546440932937196e-06
479,499,contact,0.0023525978434943977,-0.00014740215650560235,0.00014740215650560235,0.000303523224508441,0.000303523224508441,0.0,0.000303523224508441,300.1478249044411,300.07211397057665,2.2980026777085256e-05
480,491,contact,0.002365895460792805,-0.00013410453920719486,0.00013410453920719486,0.00028950878571210373,0.00028950878571210373,0.0,0.00028950878571210373,300.50267029054305,300.6040111776606,-2.9339077172387626e-05
483,500,contact,0.0023606807521560397,-0.00013931924784396036,0.00013931924784396036,0.00029508393704584334,0.00029508393704584334,0.0,0.00029508393704584334,300.61164202298795,300.5783417365363,9.826379630911056e-06
488,493,contact,0.0024483862787558672,-5.1613721244132826e-05,5.1613721244132826e-05,0.00017960672531278728,0.00017960672531278728,0.0,0.00017960672531278728,300.17889463955015,300.1396039429003,7.05687336053895e-06
489,493,contact,0.0024833970461241375,-1.660295387586252e-05,1.660295387586252e-05,0.00010186680603815,0.00010186680603815,0.0,0.00010186680603815,300.08125957975057,300.1396039429003,-5.9433539243928216e-06
498,499,contact,0.002396962232180557,-0.00010303776781944284,0.00010303776781944284,0.00025376880203671956,0.00025376880203671956,0.0,0.00025376880203671956,300.17589546394004,300.07211397057665,2.633650524440807e-05
