<?xml version="1.0"?>
<VTKFile type="PolyData" version="0.1" byte_order="LittleEndian">
<PolyData>
<Piece NumberOfPoints="2682" NumberOfVerts="0" NumberOfLines="1341" NumberOfStrips="0" NumberOfPolys="0">
<CellData>
<DataArray type="Int32" Name="edge_kind" format="ascii">0 0 0 0 0 0 0 0 0 0 0 0 0 0 0 0 0 0 0 0 0 0 0 0 0 0 0 0 0 0 0 0 0 0 0 0 0 0 0 0 0 0 0 0 0 0 0 0 0 0 0 0 0 0 0 0 0 0 0 0 0 0 0 0 0 0 0 0 0 0 0 0 0 0 0 0 0 0 0 0 0 0 0 0 0 0 0 0 0 0 0 0 0 0 0 0 0 0 0 0 0 0 0 0 0 0 0 0 0 0 0 0 0 0 0 0 0 0 0 0 0 0 0 0 0 0 0 0 0 0 0 0 0 0 0 0 0 0 0 0 0 0 0 0 0 0 0 0 0 0 0 0 0 0 0 0 0 0 0 0 0 0 0 0 0 0 0 0 0 0 0 0 0 0 0 0 0 0 0 0 0 0 0 0 0 0 0 0 0 0 0 0 0 0 0 0 0 0 0 0 0 0 0 0 0 0 0 0 0 0 0 0 0 0 0 0 0 0 0 0 0 0 0 0 0 0 0 0 0 0 0 0 0 0 0 0 0 0 0 0 0 0 0 0 0 0 0 0 0 0 0 0 0 0 0 0 0 0 0 0 0 0 0 0 0 0 0 0 0 0 0 0 0 0 0 0 0 0 0 0 0 0 0 0 0 0 0 0 0 0 0 0 0 0 0 0 0 0 0 0 0 0 0 0 0 0 0 0 0 0 0 0 0 0 0 0 0 0 0 0 0 0 0 0 0 0 0 0 0 0 0 0 0 0 0 0 0 0 0 0 0 0 0 0 0 0 0 0 0 0 0 0 0 0 0 0 0 0 0 0 0 0 0 0 0 0 0 0 0 0 0 0 0 0 0 0 0 0 0 0 0 0 0 0 0 0 0 0 0 0 0 0 0 0 0 0 0 0 0 0 0 0 0 0 0 0 0 0 0 0 0 0 0 0 0 0 0 0 0 0 0 0 0 0 0 0 0 0 0 0 0 0 0 0 0 0 0 0 0 0 0 0 0 0 0 0 0 0 0 0 0 0 0 0 0 0 0 0 0 0 0 0 0 0 0 0 0 0 0 0 0 0 0 0 0 0 0 0 0 0 0 0 0 0 0 0 0 0 0 0 0 0 0 0 0 0 0 0 0 0 0 0 0 0 0 0 0 0 0 0 0 0 0 0 0 0 0 0 0 0 0 0 0 0 0 0 0 0 0 0 0 0 0 0 0 0 0 0 0 0 0 0 0 0 0 0 0 0 0 0 0 0 0 0 0 0 0 0 0 0 0 0 0 0 0 0 0 0 0 0 0 0 0 0 0 0 0 0 0 0 0 0 0 0 0 0 0 0 0 0 0 0 0 0 0 0 0 0 0 0 0 0 0 0 0 0 0 0 0 0 0 0 0 0 0 0 0 0 0 0 0 0 0 0 0 0 0 0 0 0 0 0 0 0 0 0 0 0 0 0 0 0 0 0 0 0 0 0 0 0 0 0 0 0 0 0 0 0 0 0 0 0 0 0 0 0 0 0 0 0 0 0 0 0 0 0 0 0 0 0 0 0 0 0 0 0 0 0 0 0 0 0 0 0 0 0 0 0 0 0 0 0 0 0 0 0 0 0 0 0 0 0 0 0 0 0 0 0 0 0 0 0 0 0 0 0 0 0 0 0 0 0 0 0 0 0 0 0 0 0 0 0 0 0 0 0 0 0 0 0 0 0 0 0 0 0 0 0 0 0 0 0 0 0 0 0 0 0 0 0 0 0 0 0 0 0 0 0 0 0 0 0 0 0 0 0 0 0 0 0 0 0 0 0 0 0 0 0 0 0 0 0 0 0 0 0 0 0 0 0 0 0 0 0 0 0 0 0 0 0 0 0 0 0 0 0 0 0 0 0 0 0 0 0 0 0 0 0 0 0 0 0 0 0 0 0 0 0 0 0 0 0 0 0 0 0 0 0 0 0 0 0 0 0 0 0 0 0 0 0 0 0 0 0 0 0 0 0 0 0 0 0 0 0 0 0 0 0 0 0 0 0 0 0 0 0 0 0 0 0 0 0 0 0 0 0 0 0 0 0 0 0 0 0 0 0 0 0 0 0 0 0 0 0 0 0 0 0 0 0 0 0 0 0 0 0 0 0 0 0 0 0 0 0 0 0 0 0 0 0 0 0 0 0 0 0 0 0 0 0 0 0 0 0 0 0 0 0 0 0 0 0 0 0 0 0 0 0 0 0 0 0 0 0 0 0 0 0 0 0 0 0 0 0 0 0 0 0 0 0 0 0 0 0 0 0 0 0 0 0 0 0 0 0 0 0 0 0 0 0 0 0 0 0 0 0 0 0 0 0 0 0 0 0 0 0 0 0 0 0 0 0 0 0 0 0 0 0 0 0 0 0 0 0 0 0 0 0 0 0 0 0 0 0 0 0 0 0 0 0 0 0 0 0 0 0 0 0 0 0 0 0 0 0 0 0 0 0 0 0 0 0 0 0 0 0 0 0 0 0 0 0 0 0 0 0 0 0 0 0 0 0 0 0 0 0 0 0 0 0 0 0 0 0 0 0 0 0 0 0 0 0 0 0 0 0 0 0 0 0 0 0 0 0 0 0 0 0 0 0 0 0 0 0 0 0 0 0 0 0 0 0 0 0 0 0 0 0 0 0 0 0 0 0 0 0 0 0 0 0 0 0 0 0 0 0 0 0 0 0 0 0 0 0 0 0 0 0 0 0 0 0 0 0 0 0 0 0 0 0 0 0 0 0 0 0 0 0 0 0 0 0 0 0 0 0 0 0 0 0 0 0 0 0 0 0 0 0 0 0 0 0 0 0 0 0 0 0 0 0 0 0 0 0 0 0 0 0 0 0 0 0 0 0 0 0 0 0 0 0 0 0 0 0 0 0 0 0 0 0 0 0 0 0 0 0 0 0 0 0 0 0 0 0 0 0 0 0 0 0 0 0 0 0 0 0 0 0 0 0 0 0 0 0 0 0 0 0 0 0 0 0 0 0 0 0 0 0 0 0 0 0 0 0 0 0 0 0 0 0 0</DataArray>
<DataArray type="Float64" Name="conductance" format="ascii">0.00019834868461047768 0.000160688333931989 0.0001787193761156939 0.00014087722324572594 8.415619342326548e-05 6.415834453700761e-05 8.449466329743397e-05 0.00017397026129174818 0.00016777323233077004 0.00017488174515636377 0.00015865498294382764 0.00017945293922169125 0.00019097880450706848 8.822361262474607e-05 0.00015438582928226414 0.00012170468508152592 0.00014145076062318658 0.00014962384375913587 7.026011771702338e-05 0.00011279992156854312 0.0002133253557504045 0.00018500032382360608 0.00016778290899072587 0.00021894360685207657 0.00016911046391159733 0.00018516503516639962 0.00023117872819086662 0.00020887038143084012 0.00017550047920758449 0.0001348637715454359 0.00010798992241821551 0.0001759193219979171 0.00016590987125591905 0.0001683378074157934 7.383874769234807e-05 0.00019842007296873683 0.00018770461706764982 0.00014817267482513812 0.0001426202111633993 0.00015634529493849462 0.00022651766834662956 9.110931667902645e-05 6.754282822675484e-05 8.880600115661434e-05 0.00014291882377644223 0.00015781701186335718 0.00017148941509283186 6.505735276505642e-05 2.825330327584078e-06 9.682458365518543e-08 0.00018991106743896085 0.00018928857213471164 0.0001609815971586223 0.0002574213317821646 0.00026106559944825 0.00016906452491962534 0.0001522366248074338 0.00017724241285276896 0.00027117721266992713 0.00013716095956418153 7.821946654059171e-05 5.23419382941539e-05 0.0002714870849365163 0.0001803961836662947 0.00012326978441104232 0.00019866212137433805 0.00020154937281918932 9.09320065811787e-05 0.00010901042231389015 0.00011103035681474249 0.00010338960011684742 0.00013891723724779458 6.640135396112299e-05 0.00013963172578020623 0.00010206954882515228 9.175787769395412e-05 0.0002215427884126344 0.00021324398240707396 0.00011320043945355021 0.00011334348053220497 0.0001157041973789397 8.164616709593158e-05 0.00012888769441417417 8.979031626310726e-05 0.00016311435056844242 0.00015621527441702103 9.74859542156272e-05 7.986731026608667e-05 0.00017014316125605805 0.00014507696730262288 0.0001530218463782973 0.0001929293015246671 0.00015906034782715592 0.00012617544424032288 0.00018723301330090817 0.00014735521482320198 0.00021734650895643192 0.00014511204146208583 0.00017816609266814066 0.00020853336968033295 0.0001961980771452528 0.0001457928582530802 0.00013496739433907414 0.00015886015258038738 7.946867803208349e-05 0.0001485422493606532 0.00016151366509108408 0.00016744194204978348 0.00012798073441351387 0.00011627535300839161 9.682458365518543e-08 0.00018794246208597725 0.00016805816773059106 0.0002133258516606907 0.00015024539909249586 5.321866222850155e-05 0.00021511125342165427 0.00020338936917785715 0.000295976564122 0.00030059672393899586 0.0001740728900279115 0.00015130432528266167 0.00022210432128408388 0.00019663677582553357 8.33952691760541e-05 0.00020219848227676565 0.00018372327531792487 0.0001638132242534365 0.00013414161258823004 0.00022232190578911238 0.0001776242217685312 0.00024495269324461666 4.001570590564777e-05 8.503125910310375e-05 6.317492493106878e-05 9.014191599670785e-05 8.266549969328273e-05 9.512144940556682e-05 0.0001302958294741381 0.0001906817387422617 9.976008638988335e-05 0.00018636404921908088 0.00015964224161158747 0.00015635639782136812 0.0001305985552383764 0.0001589449552876534 0.0001195743634377486 5.9120006550211006e-05 0.00018688819909005888 0.00016816577210629704 0.0002082707048046958 0.00023919742635840257 0.0002237610429077991 0.00019750736500128877 0.00019138998569727197 0.00022693802130080266 0.00023117567218705037 0.0001531576332247248 0.00014675737624498928 6.281467297943724e-05 0.0002676335520822951 0.0001410537981012896 0.00026835656964063043 0.0001230619869066279 0.00027441094253022314 0.00024330419913924138 0.00012175981588589125 0.00011818429039242833 0.00018319076634950814 0.00022251165863142696 8.770495371421115e-05 0.0001939393014714029 0.00013302716022343025 0.00014721640630584455 0.00015592959136230227 0.00017105449955905097 8.098674274307547e-05 0.00011473242438313844 0.00018960080124829718 0.00017778913244380647 0.0001290814328222918 0.00022682764472947397 0.0001311259345345907 0.00012954902123250186 7.509957454399965e-05 0.00013605127132347865 0.000220152707801174 0.00015445168210207266 0.00015409693222949902 0.0002863169235142319 0.00034815910170397013 0.00013895271298073572 0.0001405614850473664 0.0001749590314953268 0.0001370263526859265 0.00015281685875566817 9.520998576547344e-05 0.0002751748550405666 0.0002180174174543969 0.00024614770728556345 0.00015487218135550382 0.00013991302398295817 0.00016908674468789331 0.00016729973889574048 0.00012125468002706286 0.0002198390180685902 0.00023890447194805276 0.00028053004132737146 0.00012815385735550922 0.00010781345763205112 0.00015510555725149769 5.710086439614525e-05 4.2931584482852e-05 0.0001564377839099965 0.00012480234538904132 0.000241270043923381 0.0002896567416733496 0.00024878417566112084 0.00024532967285277824 0.00022040711734816427 0.00022964814522175294 0.0002702125591580558 0.000224399469428896 0.0001364794757076252 0.00018991975580142902 0.0002318854334891772 7.047687569782339e-05 0.0001320232500852617 0.00011111375746183587 0.00014840669855782732 0.0001715447762260423 0.00016878743683535144 0.00010783072310180248 0.00019028257937391956 0.00013331229470045278 0.00021415947225503725 0.00016261297509463865 0.00013673234121141769 0.00017658195092718366 9.061571164375289e-05 0.00016297182155249453 0.00017689552102539565 1.9877368586448587e-05 0.00013861104077486053 3.5933367572960035e-05 0.00022835903307798049 0.0002274130099206401 7.958216737786617e-07 0.00020626012318640394 0.00013415924876335574 0.00018750017592907445 0.00011090865066973786 0.00018818435938351856 0.00010691853190860762 0.00018295288478855653 0.00011552316223585727 0.00016447514911307304 0.00019819121479398806 0.0001832222347400422 5.8624218437761836e-05 0.00021972356923252183 0.00018474895874108277 0.00016524641382751522 0.00013721892762783003 0.00013599312626733602 5.144579988497666e-05 5.9521558248391e-05 0.00020463733868052752 0.0002120029377146176 8.571827033672959e-05 5.9968299301640606e-05 0.00012325825323143607 0.0001758534900041643 0.00014700168075019088 0.00019268882424666232 0.0001955623221544235 0.00011053930803130995 0.00022690634296915367 0.00021673005927063993 0.00017818501810866314 0.0001950971617551933 0.00022936266153673565 0.00014540885756076106 4.2324224687043415e-05 0.0001309112175674224 0.00012296486834007585 6.806785880035373e-05 0.0001283659414420934 0.00016322756027866437 0.00012000932328001044 0.00016964590431401655 0.00011055213014199474 0.00013498164415741632 0.00014013245029050124 9.340642134612171e-05 0.00020584533905294684 0.0001840132246737661 0.00018575871091219836 0.0001144348781814296 0.0002880512470847526 0.00022949848187329926 0.00012307261590379983 0.0002771018928043068 0.00019300185202066527 0.00020670746268571958 9.06837515123184e-05 8.599874014733822e-05 0.00026729949331127814 0.00017714690476608057 0.00015129293862018383 0.0001341968488758596 0.00010411778127938418 0.0001659543962909979 0.0001639461326719936 0.00023824422914261184 0.00021938590451659398 0.00016095424285157947 0.00020937588822835188 0.00017373298853391828 0.00012677926542704055 0.00019273194782263653 0.00021571334136184848 0.00025685429433594623 0.00028184657241361795 0.0001807994072088763 0.0002111465843266287 0.00017922397970508816 0.00023607952059024082 0.00026091721806503087 0.00018836216173987258 0.00022245403259572912 0.00011893690628533865 8.154107153698183e-05 0.0001927535560133762 0.00010140350240993542 0.00020458666585922408 0.00019062956827160324 0.00020415458152114836 0.00027737190859403903 0.0003145473595282584 0.00022039059509585174 0.00015711698678118913 0.00020330781502091348 0.0001815537471124008 0.0001964453007494523 0.0002056091836884704 0.000282441175984985 0.0002383527475286153 0.0002380130426798885 0.00022506845705629278 0.0002644460261563476 0.00012054094084857466 0.00016596821042500843 0.00018207058529261892 0.00021138709766809779 0.00018459004774021995 2.971198733425043e-05 0.00011871387060261448 0.00015257580536368206 0.00017508582410956695 0.0002008419353747935 0.00017347596032669856 0.00019093120195700424 0.00019917781627750884 8.917094580800338e-05 0.0001791655365456331 0.0003478109373732895 0.0001749342046417262 0.0003204274561617399 0.00016799941036768707 0.00019990934571663234 0.0001418716760371791 0.00019525387136353194 0.00021917894969557733 0.0001753979819015197 0.00026784224285663255 1.590998957287409e-05 0.00014511465950898684 9.104671875146767e-05 4.69943427820079e-05 0.00029705252512327057 0.0003021866862077758 8.228152061349129e-05 0.00021751986878142986 0.00013017785853669663 0.00019209503180915905 0.0002537420337263212 0.00013546353551623953 0.00017988634899467588 0.0002586385344359057 0.0002113340451893673 0.00023744054378767838 0.00017668118543008872 0.00022981661419860204 0.00017104699949606193 0.00023955684518381197 0.00020366413061068386 0.00011255284637183671 0.00017660578209380403 0.00016878277395175842 0.00026862350373530326 0.00023589653742524786 0.00018586148938732865 0.00022032632560159087 0.00010870265206425713 0.0002996470269869198 0.0003031331586218215 0.00013729649626069516 0.0002751511815502407 0.0001849873404562723 0.00018475797674382682 6.721547814926908e-05 0.00010612414090398722 0.00018561563978580702 0.00015802942286026125 0.00017210222881640282 0.0001770124605891763 0.00016192131778580032 0.00025767867235895964 0.0002483439557135957 0.00025454538012794514 0.000181874685608329 0.00021335480755241116 0.00022912313721842125 0.00021602512916817982 0.0002265289250785695 0.00023250674251074188 0.0002638148388806868 0.00026610334221506603 0.00019443893645297616 0.00026749072056030267 0.00016788042244469275 0.00012465009526872864 0.00024675246716481067 0.0001757651308161514 0.00017469719863835205 0.00024420383245663023 0.0002810424748577545 0.00019112515316598537 0.0002010922792756393 0.00022359337848096796 0.00021148685085092939 0.00025355054148178 0.00017356584379167928 0.0001989884445479037 0.0002126078754493915 0.0001007014950716453 0.00016754705878536445 0.0001480650775539786 0.00020684692790241127 0.0002042670950607266 0.00018860525555714316 6.0063133464179545e-05 0.0001645368538467756 0.0002603522971212676 0.0002356971293655673 0.00022969951499659388 0.00017127942368219302 0.00012879164470129914 0.00024416093025138915 0.0002458020369644071 0.00019036409610333034 0.0002507538781861516 0.00017926990721635905 0.00025832944798880557 0.00022906371220875887 0.00016169192249410996 0.0002471495441325318 0.00024369809841370984 0.00012555038393500699 0.00011816365418339094 0.0002667687973410162 0.0002473763738749926 0.00024635192662048473 0.0002775551181449402 0.00016436721825936979 0.0001809219608333672 0.00028564367656164045 5.7313140859092705e-05 0.00011500051771522959 0.000303523860804054 0.0001674003688760052 0.0001671590461395307 0.00012357734874470674 0.00023358341222980041 0.00023068399504039275 0.00018585246308111764 3.760344948205806e-05 0.00018581894290677572 0.0001556701604341887 0.00012410602838662 0.00014029468097496707 0.00022008906744185595 0.00016396870852265508 0.0002594656752585943 0.0002619337265664829 0.00017440995966954068 0.00013003974072597172 0.00017243483090202666 0.00023348843671202655 0.0002468314098199584 0.00028559815610313175 0.00023027672921180565 9.07385302177976e-05 0.00021911024581751061 8.437823247253699e-05 0.00012654191080696875 0.0002129856026001141 0.00016299693878742735 0.0001944333591874427 0.00015817457666073036 0.0002295727628484166 5.1584351562134506e-05 4.701417043578643e-05 0.0002669858520392517 0.0002492367911072865 0.00012491422247769266 0.00020735411701323345 0.00015360837539618808 0.00018154770287911968 5.5363766462848334e-05 0.0002233278035854014 0.00015810789930043108 0.00026051060783068226 0.00021277251420851644 0.0001830287453622137 0.0002457218837097081 0.00018733326747655442 0.0001753802642088005 0.0002381492579649694 0.0002677173794957717 4.5264265925342496e-05 0.00023065617841697212 0.0002604325368153415 0.00017812551780211854 0.00017771678456263281 0.00019084173197446818 0.00019348597709798092 0.00017597375112073175 0.00017753004956252638 0.00020004439222843945 0.0001013648601131558 0.00017900334706178253 8.725609031513038e-05 0.0002787152056954538 0.00016245624151405697 0.0002488767086141255 0.0002665996353468265 8.1941129948589e-05 0.00015292854171068446 0.00012267196511299753 0.0002997254378791258 9.25802712345438e-05 9.411619860466873e-05 0.0003161088615883853 0.00018574399193924907 0.0002481781038772582 0.000322870957557879 0.00022698329704505087 0.00013432481562975206 0.00014562622547978666 0.00014181458559014734 0.00023921332820283674 0.00023789527254693108 7.028189808377317e-05 0.0002515950757360091 0.00015736893937814156 0.00012138827964932774 0.00021857248104101992 0.00017202858679707178 0.000245967021278704 0.0002511545101766089 0.0001627158353346697 0.0003019577796552117 0.00013515370085047517 0.00015099010449435259 0.0003340010265751682 0.00023102897091462939 0.00027535101616360253 0.00024977575986967173 0.00019112649857916394 0.00013250163157180208 0.00021455109272210202 0.00011299394741708816 3.456032410572989e-05 0.00017099893812044223 0.00017541987691331508 0.000132542083754759 0.00011800152455748306 0.00021387645428667625 0.0001651505801231979 0.0002348933191640035 0.00027739868237185384 2.5886152905665694e-05 0.00023503313033384785 0.00020404567172871372 0.00020549285663810061 0.00023703996611070964 0.00014192850544408496 0.00014839446600935092 4.607083444944395e-05 0.00022003220007742945 0.00019320459135185677 0.00026078977467140004 0.00022775089584445489 0.0001745749145497658 0.0002724363966157625 0.0001328664746374459 0.00025272385545587785 0.00023532587700805888 0.00018860783550157798 0.00019516450472021344 0.00016345427671066986 0.00022725578477470862 0.00024153419547266617 0.00014327739849144392 0.00021103111778601115 0.0001581643130181802 0.00014562303033181236 0.00016502902556598774 0.00022126165404499944 0.00018748154248416347 0.00011285992825256485 0.00025093292320102636 0.00020659743458511186 0.00010980390775882914 0.0002476145237873063 0.0003007924452733622 0.0002701047722628476 5.21804517389196e-05 0.00014659536432334955 0.0001605354514100142 0.00030969892310097295 0.0002834006677627624 0.00020119655880515192 0.0001291852809420265 0.00015192189452251187 0.0002637519878501002 0.0002481348138153641 0.00021352449690156675 0.00031267340533521 0.0002672974344758566 0.00027155015302193476 0.0003215863888117986 0.0001834436583577526 0.00023186093240620234 0.00026795811916528436 0.0001486756856034808 0.00022078039324754543 0.00028700486118294087 0.00030035362094876013 9.543147563149377e-05 0.00017183836707422413 0.00024318460365358875 0.00023367005233624927 9.312014656791136e-05 0.0002963612613605263 0.0003393377588398629 0.00017856324741861816 0.00026262591930332433 0.00024407357991329849 0.00032374831494795157 0.0002639017352571178 0.00025402717175318984 0.00021739966428210785 0.00017042997851058237 0.00022592350269442713 0.000180757305349715 0.00025732037616647694 0.00033673697066696935 0.0002995638837555391 0.00033769064090382375 0.0001567274014726693 0.00023214945435440736 0.0001952644009791546 0.00018906651893169665 0.00016532051829086563 0.00020597531761642362 0.000214956393975615 0.0002039002674335918 0.0002316371975057422 0.00025066228618069825 0.00014306703984699046 0.000290998128004268 0.0002742265045693065 0.00015361200590070467 0.0001445741798405567 0.0002744041983336311 0.0002184710861224664 0.0001927686189589874 3.071526538629273e-05 6.091779920439906e-05 0.00022011749385551497 0.00036057769709997 0.00023798799140680948 0.0002694704885857674 0.0001689145533499503 0.0002225778643900205 0.00021547104966726668 0.0001662649643048553 0.00018298769315315782 7.517342771420363e-05 0.0001910194913904622 0.00013150824884906558 0.0002311618530605444 0.00015689356010816999 0.0001847345496886811 0.00012457029050391707 0.00020236983629477818 0.0002484906174758447 0.00026821347561236986 7.621339331358141e-05 0.00025542361339192125 0.00020199187286403043 0.000234261130329396 9.394909340587142e-05 0.00018562801320705423 0.00019359564628913285 0.00026184993474435254 0.0002946078108193531 0.00015220378052990265 0.0001793567568944655 0.00018444265438999802 0.0002341082818059306 0.0002090321291403966 0.0002660848810043427 0.00024218611639663672 0.000239958692284823 0.0002207501184751461 0.00028166141020309675 0.00013420952915078123 0.00029587057873980537 0.0002583113150774804 0.00023557982239850872 0.00012229194799725354 0.00023667364995078535 0.00029739423851965637 0.0002804650449672504 0.00017570542944597578 0.00019706298663798934 0.0002326597646339946 0.00028661521650568094 0.00014254969065658835 0.00028794238814190237 0.0003193648117264215 0.00017995247896058524 0.00020893680653698702 0.00029902137139272247 0.00026422818647245394 0.0001877076668626694 0.0002778095685693379 0.00025879635564449394 0.0002111970289693453 0.0002965082338997829 0.00023858357306446584 0.00014766443709773465 0.0001726524898197914 7.722176813183621e-05 0.00025180293616594395 0.0001312512855793155 0.00012984394167058736 0.00019476952311005654 0.00018032713786089296 0.00011447650307227175 0.00027499193139923414 0.00025822377555576883 0.00025614884919925767 3.80553103366921e-05 0.0001826274033168791 9.419733395396623e-05 0.00018349984860638248 0.0003239650073214946 0.00025046048952517765 0.00024928873047006027 0.00030452156574610495 0.00023462229597524315 0.00026963162347566904 6.109022433448279e-05 0.00023766494780286766 0.00023210516973753786 0.0002297681803004499 0.00018764250314350553 0.00024596994058240516 0.00010209465189598385 0.00013047759756027678 0.00011181411720625474 0.00023863956576257878 0.00030005937533545427 0.00023646255097727785 0.00010186532514569291 0.00022863174135581165 0.00016636086520756434 0.00020345178286596306 0.0002364668951085764 0.0002257607596611634 0.00017784906325483117 0.00023089801801391463 0.00024154456885429757 0.00031324085212900083 0.0002517162891578581 0.0001992096268574472 0.0003094757400603472 0.00023884413781982862 0.00024115689756181742 0.00021286383161212146 0.00027823627175834175 0.00013641080264374338 4.988073151927249e-05 0.0002258715689191098 0.00022909450056219908 0.0002276944230801519 7.814029234052366e-05 0.000269475893010109 0.00019689950735293533 0.00011509821445729394 9.478997236083759e-05 0.0002068632377066259 0.00017532002525132379 0.00014177913873127582 0.00022297212595224225 0.0002628794982112015 0.00023216493277929964 0.00013549877524355732 0.00010399419208720617 0.00013155827876571547 0.00013881111096738168 0.00017804711219431284 0.00024306820475428878 0.0002453680684288049 0.00020942574726797255 0.0001806785124612949 0.00015215845054512817 4.819337102030384e-05 0.00020829971919669323 0.0001848530354221154 0.00026035589114200636 0.0002532935773248563 0.00028343084929709694 0.00027487313623653884 0.00014215552912409898 0.00030615531336156105 0.0002768355316319485 0.00011543503627275007 0.00011745167520315619 9.557365068403877e-05 0.00021424556443719678 0.00021549428157988974 9.19714443575616e-05 0.00028585800242755815 0.00019354180358023548 0.00021671153095942052 0.00022139670129262158 0.0002074144289925236 0.00021453334097465342 0.0002747128177998639 0.0002977998689345769 9.753938756862243e-05 0.00018917576978712784 0.00015803941423241005 0.00017545963513616606 0.00018262324910289486 1.331361133124104e-05 0.00013944711328856373 0.0001260762087748524 0.00018929707552288347 0.0002174801790881733 0.00023905752004997965 0.00019651540813444177 0.00012244537251589733 9.403683968740516e-05 0.00020347872933999806 0.00020195929534705626 0.00011427214912017071 0.00014837681249819517 0.00019273273973011463 0.0002090659563702223 0.00023924631891417546 2.7657163408410995e-05 0.00023192653379266393 0.0001278555523647561 0.00014802082571540809 0.00018988170129190948 0.000222605514774611 0.00017407781018830148 0.00019041510877860422 0.00010613136854672517 0.00020859205060983957 9.63197560105366e-05 0.00010403853751132211 0.00013367445750546938 4.063690784968267e-05 0.00019439161371263922 0.00026065367678547257 0.00018077227484642732 0.00018536231705900755 0.0002790859179257899 0.00018478285086238116 0.00022774984534158036 0.0002455875095617674 0.00023082987098245158 0.00024505719211806296 0.00021275464841874676 0.00022990730568526506 0.0002661110300210552 0.0002686381340952346 0.00025344884294134057 0.0001514569128298315 0.00019676329525258443 0.0002231523549585633 0.00023509298204151474 0.0003208289458892686 0.00015998618047383985 0.0001252696426190583 0.0002194285196615398 0.0001854730953109901 0.0001988890211069643 0.00017317480306342281 0.00019113197286787622 0.00021508548329051116 0.0002590148195093083 0.00011994551674876993 0.0002924696121988298 0.00017519440709084122 0.00028164978341482143 0.00022391993027811964 0.00023609347363504892 8.856492851236812e-05 7.435746803954655e-05 0.00030467166854253986 0.0003000744616484806 0.00028659535831193964 0.00024299260599535712 0.00023050995062111408 1.0540925533894598e-07 0.00021349345017490772 0.00018186825226288304 0.0001888042417949569 0.0002124061933874007 0.0002200822068399815 0.0001302043801592725 0.00015733342601702573 0.0001540932498727803 0.00017626504387501134 0.0002418096942281245 0.0003266323804328463 0.00020451781480025971 0.00019992910850920754 0.00023006432672938293 0.0002388722313724916 0.00023678641223099072 0.0002072312868384411 0.0002638848605831795 0.0001876624276357864 0.00022525471596796854 0.0002291143352955273 0.00017529242632699746 0.00018727315843097126 0.00024994366753934214 0.0002165309356471819 0.0002661286812641659 0.0001073179371784912 0.0002940760021417333 0.00021501374351657904 2.9363552699489704e-05 0.00016425088503224753 0.00016773460109673302 0.0001936188316710718 0.0001786434309485234 0.00017220044046043024 0.00029397360918128473 0.0002298533327766895 0.00023066451414844192 0.0002554039693625531 0.00023857773207661874 0.00012521027391913737 0.00020371639111285377 0.00017233723158509615 8.332873276989222e-05 0.00019244831229652418 0.00018774306005369553 6.703271695612226e-05 0.00020784925575285934 0.0002298682036702699 0.0002258928650299811 0.0002731798427569245 0.00024510281077636914 0.0001840308352613385 0.00013699584296824913 0.00020114210925445213 0.00019739718723264213 0.0001816882852325615 7.971608881288656e-05 0.00018259054117949187 0.00015848659075183132 0.00010652474653101955 0.00022970575813807779 0.0001759608924048336 0.000223398931359446 0.00024317023692260124 0.00028571885484461444 0.00019387412859955827 0.00010238624609069412 0.000144787842713986 0.00023084691335481232 0.00029346011468911877 0.00025834751099623965 0.00020689526921483512 0.0001493852734146114 9.053087082403299e-05 0.00020201046934203816 3.918251933413678e-05 5.5322068240455025e-05 0.0003001799614104221 0.00019766347032039726 0.00031457543116575115 0.00025564068347191265 0.000178247883622293 0.0002903186577793951 0.0002529710816340375 0.0001749759962103717 0.00015899592525736193 0.0002057162564248667 0.0001467934278711797 0.0002177437316424237 0.0001667905870873887 0.0001453598820989466 0.00019276080246499456 0.0001668061896999097 0.00023804787708160807 0.00011197266589902706 0.00018207979421279514 0.00014225520426019932 0.00017105863246525646 0.00020598036616695665 0.00024282222571766652 0.00021423059556902597 4.80012142442233e-05 3.2410756313436354e-05 0.00023596656786749128 0.000237182212911131 0.00021606907581780813 6.0812206420448266e-05 0.0001911690526309603 0.00010604223076589974 0.00017070708636446775 0.00015184337414329374 0.00017096988057283422 0.00021073879267026994 0.00020439300282096886 0.0002091535893997355 0.00017268956283394778 0.00023586073932228678 0.0002356212733795801 0.00029471571804255296 0.0002057696264880193 0.00019796163166753596 0.0002690567592036436 0.00017204692480489434 0.00019825506791506134 0.0002841407495254977 0.00011758967078059276 0.00021552921961443732 0.0002535021920150053 0.0002730234684834886 0.0002664120769605057 8.782884837141515e-05 0.00024240336292005778 0.00024061108766784212 0.00020121769439257936 0.0002989049660482856 0.00021491338808122734 0.00017345402843719178 0.00017208855163837022 0.00031974369250400926 0.0002390200104132273 0.0002564300483399695 0.00013530188778762488 0.00011107958323069114 8.001598723591391e-05 0.0001839253478792698 0.0002108106855759543 0.0001301516948692501 0.00015602528303750252 0.0001956053228359882 0.00020435583604679297 0.00027695228751256894 0.0002898167042079354 0.00023621304338994833 0.000288582563573995 0.00021654051735373368 0.00026751331991169456 0.00010074791383375776 0.00013376735769352041 0.00013300728390987953 0.0001915962416867039 0.0002775711366886521 0.00024929682548283143 0.00024047245410623242 0.00032831211997445657 0.00024323214611101493 0.00036197762488806586 0.00010926289938058932 0.00017442543287978128 0.0002691862393355252 0.00014628707618398348 7.224272690723883e-05 0.00014396476160387155 0.00015142735625000537 0.00011446367039268863 0.00018709440412398415 0.00010974040352480656 0.00022852372944969 0.00021811513314452818 0.00020621183892151904 0.0002529112896741995 0.0002508365174285405 0.0002622850799073579 0.00015524430667425985 0.00018535570322059135 0.0002237411275228308 0.00020584814411694048 0.00022320724274010084 0.0003068313334519886 0.0002195453143524573 0.00015838425329253204 0.00020985508506220218 0.00022540593955103677 0.00027168008435757816 0.0003159819457660427 0.00021160652214867275 0.00012690084502776144 0.00021111964113179298 0.00023560292891760095 0.00018747415015692276 0.0002175405939020129 0.0002680268221785838 0.000287122664709208 0.00031914380798415964 8.909256665910331e-05 0.00014825488387021758 0.00017011496662262593 0.0001930604399938548 0.00025896537838665344 0.0003112525848178101 0.0003558859803631636 0.00011642408061370199 0.00023035785750054775 0.00022536447400474575 9.590173646870014e-05 0.00021511787245304397 0.00010911224520198214 0.00021901452680955322 0.00011824479669788608 0.0002690451537693976 0.0001706312929583229 0.00018349825666318383 0.00020697020630357351 0.0002575321910498918 0.00023254664554565166 5.1970550277500926e-05 0.00023914476040355715 0.0002087761691267648 0.00020405336751672467 0.0001701280884300358 0.00023784367789497353 0.00010608599319049771 0.00010193727754233106 0.00011216543720643019 0.0001348013179798455 0.0001371646732971629 0.00016031749945914883 0.00017535729998808308 0.00018348543919062747 9.606605862578245e-05 0.00010175217479901459 0.00019420743968912404 0.00020859726282993258 6.969551434094916e-05 0.00018325702635139292 0.00010338701130007725 0.00022439176668448646 0.00014591437787399834 0.0002639644014126877 0.00018568186062051673 0.00012185596817560874 0.00016629679539651845 0.00010458712724923655 0.0002561643394940237 0.00017105756677772776 0.0002920714178759548 0.0001354254079367786 0.00026732036796187937 0.0001832478994602965 0.00018798969219149244 0.00021716355239262392 0.0001839158036460262 0.00028691629730977306 0.00029253269754219395 0.0001880959337123924 0.0001320780138400504 0.00024450281720282257 0.00023992633221924718 0.0002399182512399313 0.0001389723532761799 0.0002475513425641157 0.0001374595245124583 0.0002647018312897573 0.00012944831371425883 0.00017209795205863995 0.0001999008909717366 0.00022394977785687676 0.00016152920352344857 0.00028193003006842703 0.00023372173164747215 0.00021454189749437304 0.0001807819670875336 0.0002506899510532605 0.00024101901100432715 0.0001372301968957379 0.00014040619722365831 0.00012288100100242476 0.00012105589463669811 0.0001506707960439112 0.0001739254367267907 0.0001627113852265692 0.0001483705533643583 7.985199964451833e-05 0.0001419592446450832 0.00028511372428373534 0.00021347943826441226 0.00016389837525777014 0.00032910070204593677 0.00026762336555837923 0.0001123520537804127 0.00022191369340920455 0.00011285612430036014 0.00016777103048904476 0.00024377597807626319 0.0002770425583782472 0.00012803512164992373 0.00031920146741576703 0.00019638957274630873 0.0002498603902723978 0.000269449696708428 0.00019794541868627908 0.00017444402241414365 0.00017432868506464476 0.000303015309232343 0.0002782045907761671 0.00031504921077928007 0.0001268420962038142 0.0002839305160015877 0.00025934678321227675 0.0002726872523290817 0.0002297135202811175 0.0002225976214391622 0.00021509598911185443 0.0003120107767294517 0.00030209260495340406 0.00028880072402639117 0.00026203352655753656 0.00030206100377996094 0.00029992072180661043 0.00022170315433759085 0.0002558153147057964 1.0330458940451058e-05 0.00018001415607388116 0.00020829587848719523 0.00026834107389501886 0.0003080528042390668 0.0003101344232191161 0.00010368060912363381 0.00027680894600914295 0.00014897179346552153 0.000267731549983549 0.0002776060997548403 0.00026819372666151743 0.0001534134144073213 0.0002556032688976475 0.0002771100846478133 0.00028627651970802143 0.000151978638595715 0.00025582071597040175 0.00013858050707015582 0.00025005577624975935 0.00022946344068739945 0.00013690032241149116 0.0002173159932117844 0.00023023167965313386 0.0002601444440241783 0.0002089131402101054 0.00010193139103523471 0.00026526268637647193 0.00012407004067451602 0.00021317173605375767 0.0001879491013304897 0.00020244052529700361 3.5292137535965174e-05 0.000285574621839647 0.0002155774815467592 0.0002150600215010052 0.00022179388228943956 0.00028154024061114265 0.00018703951899494805 0.00027233880869617297 0.0002692442611451612 2.5900222015951677e-05 0.00025102695005351747 0.00021495776268816005 0.0003507194182245682 0.00026943503983348774 0.00027290217852618786 0.0002551703415130105 0.00013105421079153632 0.00019927574489580257 0.00024295107775385315 0.00027915126661489184 0.0002937203403511171 0.00019393918508416678 0.00035945340903400375 0.00013040421258754117 0.0002585136120519579 0.0001882929462508617 0.00025559110170475047 6.194146338757119e-05 0.00023987209390333993 0.00014043770296866563 0.0003181657832529233 0.00024951614769642456 0.00018406789154117855 0.000304439727278474 0.0002485414011177371 0.00026921774427689357 0.0001644737311244746 0.00027624641730696823 0.000303523224508441 0.00028950878571210373 0.00029508393704584334 0.00017960672531278728 0.00010186680603815 0.00025376880203671956</DataArray>
<DataArray type="Float64" Name="g_contact" format="ascii">0.00019834868461047768 0.000160688333931989 0.0001787193761156939 0.00014087722324572594 8.415619342326548e-05 6.415834453700761e-05 8.449466329743397e-05 0.00017397026129174818 0.00016777323233077004 0.00017488174515636377 0.00015865498294382764 0.00017945293922169125 0.00019097880450706848 8.822361262474607e-05 0.00015438582928226414 0.00012170468508152592 0.00014145076062318658 0.00014962384375913587 7.026011771702338e-05 0.00011279992156854312 0.0002133253557504045 0.00018500032382360608 0.00016778290899072587 0.00021894360685207657 0.00016911046391159733 0.00018516503516639962 0.00023117872819086662 0.00020887038143084012 0.00017550047920758449 0.0001348637715454359 0.00010798992241821551 0.0001759193219979171 0.00016590987125591905 0.0001683378074157934 7.383874769234807e-05 0.00019842007296873683 0.00018770461706764982 0.00014817267482513812 0.0001426202111633993 0.00015634529493849462 0.00022651766834662956 9.110931667902645e-05 6.754282822675484e-05 8.880600115661434e-05 0.00014291882377644223 0.00015781701186335718 0.00017148941509283186 6.505735276505642e-05 2.825330327584078e-06 9.682458365518543e-08 0.00018991106743896085 0.00018928857213471164 0.0001609815971586223 0.0002574213317821646 0.00026106559944825 0.00016906452491962534 0.0001522366248074338 0.00017724241285276896 0.00027117721266992713 0.00013716095956418153 7.821946654059171e-05 5.23419382941539e-05 0.0002714870849365163 0.0001803961836662947 0.00012326978441104232 0.00019866212137433805 0.00020154937281918932 9.09320065811787e-05 0.00010901042231389015 0.00011103035681474249 0.00010338960011684742 0.00013891723724779458 6.640135396112299e-05 0.00013963172578020623 0.00010206954882515228 9.175787769395412e-05 0.0002215427884126344 0.00021324398240707396 0.00011320043945355021 0.00011334348053220497 0.0001157041973789397 8.164616709593158e-05 0.00012888769441417417 8.979031626310726e-05 0.00016311435056844242 0.00015621527441702103 9.74859542156272e-05 7.986731026608667e-05 0.00017014316125605805 0.00014507696730262288 0.0001530218463782973 0.0001929293015246671 0.00015906034782715592 0.00012617544424032288 0.00018723301330090817 0.00014735521482320198 0.00021734650895643192 0.00014511204146208583 0.00017816609266814066 0.00020853336968033295 0.0001961980771452528 0.0001457928582530802 0.00013496739433907414 0.00015886015258038738 7.946867803208349e-05 0.0001485422493606532 0.00016151366509108408 0.00016744194204978348 0.00012798073441351387 0.00011627535300839161 9.682458365518543e-08 0.00018794246208597725 0.00016805816773059106 0.0002133258516606907 0.00015024539909249586 5.321866222850155e-05 0.00021511125342165427 0.00020338936917785715 0.000295976564122 0.00030059672393899586 0.0001740728900279115 0.00015130432528266167 0.00022210432128408388 0.00019663677582553357 8.33952691760541e-05 0.00020219848227676565 0.00018372327531792487 0.0001638132242534365 0.00013414161258823004 0.00022232190578911238 0.0001776242217685312 0.00024495269324461666 4.001570590564777e-05 8.503125910310375e-05 6.317492493106878e-05 9.014191599670785e-05 8.266549969328273e-05 9.512144940556682e-05 0.0001302958294741381 0.0001906817387422617 9.976008638988335e-05 0.00018636404921908088 0.00015964224161158747 0.00015635639782136812 0.0001305985552383764 0.0001589449552876534 0.0001195743634377486 5.9120006550211006e-05 0.00018688819909005888 0.00016816577210629704 0.0002082707048046958 0.00023919742635840257 0.0002237610429077991 0.00019750736500128877 0.00019138998569727197 0.00022693802130080266 0.00023117567218705037 0.0001531576332247248 0.00014675737624498928 6.281467297943724e-05 0.0002676335520822951 0.0001410537981012896 0.00026835656964063043 0.0001230619869066279 0.00027441094253022314 0.00024330419913924138 0.00012175981588589125 0.00011818429039242833 0.00018319076634950814 0.00022251165863142696 8.770495371421115e-05 0.0001939393014714029 0.00013302716022343025 0.00014721640630584455 0.00015592959136230227 0.00017105449955905097 8.098674274307547e-05 0.00011473242438313844 0.00018960080124829718 0.00017778913244380647 0.0001290814328222918 0.00022682764472947397 0.0001311259345345907 0.00012954902123250186 7.509957454399965e-05 0.00013605127132347865 0.000220152707801174 0.00015445168210207266 0.00015409693222949902 0.0002863169235142319 0.00034815910170397013 0.00013895271298073572 0.0001405614850473664 0.0001749590314953268 0.0001370263526859265 0.00015281685875566817 9.520998576547344e-05 0.0002751748550405666 0.0002180174174543969 0.00024614770728556345 0.00015487218135550382 0.00013991302398295817 0.00016908674468789331 0.00016729973889574048 0.00012125468002706286 0.0002198390180685902 0.00023890447194805276 0.00028053004132737146 0.00012815385735550922 0.00010781345763205112 0.00015510555725149769 5.710086439614525e-05 4.2931584482852e-05 0.0001564377839099965 0.00012480234538904132 0.000241270043923381 0.0002896567416733496 0.00024878417566112084 0.00024532967285277824 0.00022040711734816427 0.00022964814522175294 0.0002702125591580558 0.000224399469428896 0.0001364794757076252 0.00018991975580142902 0.0002318854334891772 7.047687569782339e-05 0.0001320232500852617 0.00011111375746183587 0.00014840669855782732 0.0001715447762260423 0.00016878743683535144 0.00010783072310180248 0.00019028257937391956 0.00013331229470045278 0.00021415947225503725 0.00016261297509463865 0.00013673234121141769 0.00017658195092718366 9.061571164375289e-05 0.00016297182155249453 0.00017689552102539565 1.9877368586448587e-05 0.00013861104077486053 3.5933367572960035e-05 0.00022835903307798049 0.0002274130099206401 7.958216737786617e-07 0.00020626012318640394 0.00013415924876335574 0.00018750017592907445 0.00011090865066973786 0.00018818435938351856 0.00010691853190860762 0.00018295288478855653 0.00011552316223585727 0.00016447514911307304 0.00019819121479398806 0.0001832222347400422 5.8624218437761836e-05 0.00021972356923252183 0.00018474895874108277 0.00016524641382751522 0.00013721892762783003 0.00013599312626733602 5.144579988497666e-05 5.9521558248391e-05 0.00020463733868052752 0.0002120029377146176 8.571827033672959e-05 5.9968299301640606e-05 0.00012325825323143607 0.0001758534900041643 0.00014700168075019088 0.00019268882424666232 0.0001955623221544235 0.00011053930803130995 0.00022690634296915367 0.00021673005927063993 0.00017818501810866314 0.0001950971617551933 0.00022936266153673565 0.00014540885756076106 4.2324224687043415e-05 0.0001309112175674224 0.00012296486834007585 6.806785880035373e-05 0.0001283659414420934 0.00016322756027866437 0.00012000932328001044 0.00016964590431401655 0.00011055213014199474 0.00013498164415741632 0.00014013245029050124 9.340642134612171e-05 0.00020584533905294684 0.0001840132246737661 0.00018575871091219836 0.0001144348781814296 0.0002880512470847526 0.00022949848187329926 0.00012307261590379983 0.0002771018928043068 0.00019300185202066527 0.00020670746268571958 9.06837515123184e-05 8.599874014733822e-05 0.00026729949331127814 0.00017714690476608057 0.00015129293862018383 0.0001341968488758596 0.00010411778127938418 0.0001659543962909979 0.0001639461326719936 0.00023824422914261184 0.00021938590451659398 0.00016095424285157947 0.00020937588822835188 0.00017373298853391828 0.00012677926542704055 0.00019273194782263653 0.00021571334136184848 0.00025685429433594623 0.00028184657241361795 0.0001807994072088763 0.0002111465843266287 0.00017922397970508816 0.00023607952059024082 0.00026091721806503087 0.00018836216173987258 0.00022245403259572912 0.00011893690628533865 8.154107153698183e-05 0.0001927535560133762 0.00010140350240993542 0.00020458666585922408 0.00019062956827160324 0.00020415458152114836 0.00027737190859403903 0.0003145473595282584 0.00022039059509585174 0.00015711698678118913 0.00020330781502091348 0.0001815537471124008 0.0001964453007494523 0.0002056091836884704 0.000282441175984985 0.0002383527475286153 0.0002380130426798885 0.00022506845705629278 0.0002644460261563476 0.00012054094084857466 0.00016596821042500843 0.00018207058529261892 0.00021138709766809779 0.00018459004774021995 2.971198733425043e-05 0.00011871387060261448 0.00015257580536368206 0.00017508582410956695 0.0002008419353747935 0.00017347596032669856 0.00019093120195700424 0.00019917781627750884 8.917094580800338e-05 0.0001791655365456331 0.0003478109373732895 0.0001749342046417262 0.0003204274561617399 0.00016799941036768707 0.00019990934571663234 0.0001418716760371791 0.00019525387136353194 0.00021917894969557733 0.0001753979819015197 0.00026784224285663255 1.590998957287409e-05 0.00014511465950898684 9.104671875146767e-05 4.69943427820079e-05 0.00029705252512327057 0.0003021866862077758 8.228152061349129e-05 0.00021751986878142986 0.00013017785853669663 0.00019209503180915905 0.0002537420337263212 0.00013546353551623953 0.00017988634899467588 0.0002586385344359057 0.0002113340451893673 0.00023744054378767838 0.00017668118543008872 0.00022981661419860204 0.00017104699949606193 0.00023955684518381197 0.00020366413061068386 0.00011255284637183671 0.00017660578209380403 0.00016878277395175842 0.00026862350373530326 0.00023589653742524786 0.00018586148938732865 0.00022032632560159087 0.00010870265206425713 0.0002996470269869198 0.0003031331586218215 0.00013729649626069516 0.0002751511815502407 0.0001849873404562723 0.00018475797674382682 6.721547814926908e-05 0.00010612414090398722 0.00018561563978580702 0.00015802942286026125 0.00017210222881640282 0.0001770124605891763 0.00016192131778580032 0.00025767867235895964 0.0002483439557135957 0.00025454538012794514 0.000181874685608329 0.00021335480755241116 0.00022912313721842125 0.00021602512916817982 0.0002265289250785695 0.00023250674251074188 0.0002638148388806868 0.00026610334221506603 0.00019443893645297616 0.00026749072056030267 0.00016788042244469275 0.00012465009526872864 0.00024675246716481067 0.0001757651308161514 0.00017469719863835205 0.00024420383245663023 0.0002810424748577545 0.00019112515316598537 0.0002010922792756393 0.00022359337848096796 0.00021148685085092939 0.00025355054148178 0.00017356584379167928 0.0001989884445479037 0.0002126078754493915 0.0001007014950716453 0.00016754705878536445 0.0001480650775539786 0.00020684692790241127 0.0002042670950607266 0.00018860525555714316 6.0063133464179545e-05 0.0001645368538467756 0.0002603522971212676 0.0002356971293655673 0.00022969951499659388 0.00017127942368219302 0.00012879164470129914 0.00024416093025138915 0.0002458020369644071 0.00019036409610333034 0.0002507538781861516 0.00017926990721635905 0.00025832944798880557 0.00022906371220875887 0.00016169192249410996 0.0002471495441325318 0.00024369809841370984 0.00012555038393500699 0.00011816365418339094 0.0002667687973410162 0.0002473763738749926 0.00024635192662048473 0.0002775551181449402 0.00016436721825936979 0.0001809219608333672 0.00028564367656164045 5.7313140859092705e-05 0.00011500051771522959 0.000303523860804054 0.0001674003688760052 0.0001671590461395307 0.00012357734874470674 0.00023358341222980041 0.00023068399504039275 0.00018585246308111764 3.760344948205806e-05 0.00018581894290677572 0.0001556701604341887 0.00012410602838662 0.00014029468097496707 0.00022008906744185595 0.00016396870852265508 0.0002594656752585943 0.0002619337265664829 0.00017440995966954068 0.00013003974072597172 0.00017243483090202666 0.00023348843671202655 0.0002468314098199584 0.00028559815610313175 0.00023027672921180565 9.07385302177976e-05 0.00021911024581751061 8.437823247253699e-05 0.00012654191080696875 0.0002129856026001141 0.00016299693878742735 0.0001944333591874427 0.00015817457666073036 0.0002295727628484166 5.1584351562134506e-05 4.701417043578643e-05 0.0002669858520392517 0.0002492367911072865 0.00012491422247769266 0.00020735411701323345 0.00015360837539618808 0.00018154770287911968 5.5363766462848334e-05 0.0002233278035854014 0.00015810789930043108 0.00026051060783068226 0.00021277251420851644 0.0001830287453622137 0.0002457218837097081 0.00018733326747655442 0.0001753802642088005 0.0002381492579649694 0.0002677173794957717 4.5264265925342496e-05 0.00023065617841697212 0.0002604325368153415 0.00017812551780211854 0.00017771678456263281 0.00019084173197446818 0.00019348597709798092 0.00017597375112073175 0.00017753004956252638 0.00020004439222843945 0.0001013648601131558 0.00017900334706178253 8.725609031513038e-05 0.0002787152056954538 0.00016245624151405697 0.0002488767086141255 0.0002665996353468265 8.1941129948589e-05 0.00015292854171068446 0.00012267196511299753 0.0002997254378791258 9.25802712345438e-05 9.411619860466873e-05 0.0003161088615883853 0.00018574399193924907 0.0002481781038772582 0.000322870957557879 0.00022698329704505087 0.00013432481562975206 0.00014562622547978666 0.00014181458559014734 0.00023921332820283674 0.00023789527254693108 7.028189808377317e-05 0.0002515950757360091 0.00015736893937814156 0.00012138827964932774 0.00021857248104101992 0.00017202858679707178 0.000245967021278704 0.0002511545101766089 0.0001627158353346697 0.0003019577796552117 0.00013515370085047517 0.00015099010449435259 0.0003340010265751682 0.00023102897091462939 0.00027535101616360253 0.00024977575986967173 0.00019112649857916394 0.00013250163157180208 0.00021455109272210202 0.00011299394741708816 3.456032410572989e-05 0.00017099893812044223 0.00017541987691331508 0.000132542083754759 0.00011800152455748306 0.00021387645428667625 0.0001651505801231979 0.0002348933191640035 0.00027739868237185384 2.5886152905665694e-05 0.00023503313033384785 0.00020404567172871372 0.00020549285663810061 0.00023703996611070964 0.00014192850544408496 0.00014839446600935092 4.607083444944395e-05 0.00022003220007742945 0.00019320459135185677 0.00026078977467140004 0.00022775089584445489 0.0001745749145497658 0.0002724363966157625 0.0001328664746374459 0.00025272385545587785 0.00023532587700805888 0.00018860783550157798 0.00019516450472021344 0.00016345427671066986 0.00022725578477470862 0.00024153419547266617 0.00014327739849144392 0.00021103111778601115 0.0001581643130181802 0.00014562303033181236 0.00016502902556598774 0.00022126165404499944 0.00018748154248416347 0.00011285992825256485 0.00025093292320102636 0.00020659743458511186 0.00010980390775882914 0.0002476145237873063 0.0003007924452733622 0.0002701047722628476 5.21804517389196e-05 0.00014659536432334955 0.0001605354514100142 0.00030969892310097295 0.0002834006677627624 0.00020119655880515192 0.0001291852809420265 0.00015192189452251187 0.0002637519878501002 0.0002481348138153641 0.00021352449690156675 0.00031267340533521 0.0002672974344758566 0.00027155015302193476 0.0003215863888117986 0.0001834436583577526 0.00023186093240620234 0.00026795811916528436 0.0001486756856034808 0.00022078039324754543 0.00028700486118294087 0.00030035362094876013 9.543147563149377e-05 0.00017183836707422413 0.00024318460365358875 0.00023367005233624927 9.312014656791136e-05 0.0002963612613605263 0.0003393377588398629 0.00017856324741861816 0.00026262591930332433 0.00024407357991329849 0.00032374831494795157 0.0002639017352571178 0.00025402717175318984 0.00021739966428210785 0.00017042997851058237 0.00022592350269442713 0.000180757305349715 0.00025732037616647694 0.00033673697066696935 0.0002995638837555391 0.00033769064090382375 0.0001567274014726693 0.00023214945435440736 0.0001952644009791546 0.00018906651893169665 0.00016532051829086563 0.00020597531761642362 0.000214956393975615 0.0002039002674335918 0.0002316371975057422 0.00025066228618069825 0.00014306703984699046 0.000290998128004268 0.0002742265045693065 0.00015361200590070467 0.0001445741798405567 0.0002744041983336311 0.0002184710861224664 0.0001927686189589874 3.071526538629273e-05 6.091779920439906e-05 0.00022011749385551497 0.00036057769709997 0.00023798799140680948 0.0002694704885857674 0.0001689145533499503 0.0002225778643900205 0.00021547104966726668 0.0001662649643048553 0.00018298769315315782 7.517342771420363e-05 0.0001910194913904622 0.00013150824884906558 0.0002311618530605444 0.00015689356010816999 0.0001847345496886811 0.00012457029050391707 0.00020236983629477818 0.0002484906174758447 0.00026821347561236986 7.621339331358141e-05 0.00025542361339192125 0.00020199187286403043 0.000234261130329396 9.394909340587142e-05 0.00018562801320705423 0.00019359564628913285 0.00026184993474435254 0.0002946078108193531 0.00015220378052990265 0.0001793567568944655 0.00018444265438999802 0.0002341082818059306 0.0002090321291403966 0.0002660848810043427 0.00024218611639663672 0.000239958692284823 0.0002207501184751461 0.00028166141020309675 0.00013420952915078123 0.00029587057873980537 0.0002583113150774804 0.00023557982239850872 0.00012229194799725354 0.00023667364995078535 0.00029739423851965637 0.0002804650449672504 0.00017570542944597578 0.00019706298663798934 0.0002326597646339946 0.00028661521650568094 0.00014254969065658835 0.00028794238814190237 0.0003193648117264215 0.00017995247896058524 0.00020893680653698702 0.00029902137139272247 0.00026422818647245394 0.0001877076668626694 0.0002778095685693379 0.00025879635564449394 0.0002111970289693453 0.0002965082338997829 0.00023858357306446584 0.00014766443709773465 0.0001726524898197914 7.722176813183621e-05 0.00025180293616594395 0.0001312512855793155 0.00012984394167058736 0.00019476952311005654 0.00018032713786089296 0.00011447650307227175 0.00027499193139923414 0.00025822377555576883 0.00025614884919925767 3.80553103366921e-05 0.0001826274033168791 9.419733395396623e-05 0.00018349984860638248 0.0003239650073214946 0.00025046048952517765 0.00024928873047006027 0.00030452156574610495 0.00023462229597524315 0.00026963162347566904 6.109022433448279e-05 0.00023766494780286766 0.00023210516973753786 0.0002297681803004499 0.00018764250314350553 0.00024596994058240516 0.00010209465189598385 0.00013047759756027678 0.00011181411720625474 0.00023863956576257878 0.00030005937533545427 0.00023646255097727785 0.00010186532514569291 0.00022863174135581165 0.00016636086520756434 0.00020345178286596306 0.0002364668951085764 0.0002257607596611634 0.00017784906325483117 0.00023089801801391463 0.00024154456885429757 0.00031324085212900083 0.0002517162891578581 0.0001992096268574472 0.0003094757400603472 0.00023884413781982862 0.00024115689756181742 0.00021286383161212146 0.00027823627175834175 0.00013641080264374338 4.988073151927249e-05 0.0002258715689191098 0.00022909450056219908 0.0002276944230801519 7.814029234052366e-05 0.000269475893010109 0.00019689950735293533 0.00011509821445729394 9.478997236083759e-05 0.0002068632377066259 0.00017532002525132379 0.00014177913873127582 0.00022297212595224225 0.0002628794982112015 0.00023216493277929964 0.00013549877524355732 0.00010399419208720617 0.00013155827876571547 0.00013881111096738168 0.00017804711219431284 0.00024306820475428878 0.0002453680684288049 0.00020942574726797255 0.0001806785124612949 0.00015215845054512817 4.819337102030384e-05 0.00020829971919669323 0.0001848530354221154 0.00026035589114200636 0.0002532935773248563 0.00028343084929709694 0.00027487313623653884 0.00014215552912409898 0.00030615531336156105 0.0002768355316319485 0.00011543503627275007 0.00011745167520315619 9.557365068403877e-05 0.00021424556443719678 0.00021549428157988974 9.19714443575616e-05 0.00028585800242755815 0.00019354180358023548 0.00021671153095942052 0.00022139670129262158 0.0002074144289925236 0.00021453334097465342 0.0002747128177998639 0.0002977998689345769 9.753938756862243e-05 0.00018917576978712784 0.00015803941423241005 0.00017545963513616606 0.00018262324910289486 1.331361133124104e-05 0.00013944711328856373 0.0001260762087748524 0.00018929707552288347 0.0002174801790881733 0.00023905752004997965 0.00019651540813444177 0.00012244537251589733 9.403683968740516e-05 0.00020347872933999806 0.00020195929534705626 0.00011427214912017071 0.00014837681249819517 0.00019273273973011463 0.0002090659563702223 0.00023924631891417546 2.7657163408410995e-05 0.00023192653379266393 0.0001278555523647561 0.00014802082571540809 0.00018988170129190948 0.000222605514774611 0.00017407781018830148 0.00019041510877860422 0.00010613136854672517 0.00020859205060983957 9.63197560105366e-05 0.00010403853751132211 0.00013367445750546938 4.063690784968267e-05 0.00019439161371263922 0.00026065367678547257 0.00018077227484642732 0.00018536231705900755 0.0002790859179257899 0.00018478285086238116 0.00022774984534158036 0.0002455875095617674 0.00023082987098245158 0.00024505719211806296 0.00021275464841874676 0.00022990730568526506 0.0002661110300210552 0.0002686381340952346 0.00025344884294134057 0.0001514569128298315 0.00019676329525258443 0.0002231523549585633 0.00023509298204151474 0.0003208289458892686 0.00015998618047383985 0.0001252696426190583 0.0002194285196615398 0.0001854730953109901 0.0001988890211069643 0.00017317480306342281 0.00019113197286787622 0.00021508548329051116 0.0002590148195093083 0.00011994551674876993 0.0002924696121988298 0.00017519440709084122 0.00028164978341482143 0.00022391993027811964 0.00023609347363504892 8.856492851236812e-05 7.435746803954655e-05 0.00030467166854253986 0.0003000744616484806 0.00028659535831193964 0.00024299260599535712 0.00023050995062111408 1.0540925533894598e-07 0.00021349345017490772 0.00018186825226288304 0.0001888042417949569 0.0002124061933874007 0.0002200822068399815 0.0001302043801592725 0.00015733342601702573 0.0001540932498727803 0.00017626504387501134 0.0002418096942281245 0.0003266323804328463 0.00020451781480025971 0.00019992910850920754 0.00023006432672938293 0.0002388722313724916 0.00023678641223099072 0.0002072312868384411 0.0002638848605831795 0.0001876624276357864 0.00022525471596796854 0.0002291143352955273 0.00017529242632699746 0.00018727315843097126 0.00024994366753934214 0.0002165309356471819 0.0002661286812641659 0.0001073179371784912 0.0002940760021417333 0.00021501374351657904 2.9363552699489704e-05 0.00016425088503224753 0.00016773460109673302 0.0001936188316710718 0.0001786434309485234 0.00017220044046043024 0.00029397360918128473 0.0002298533327766895 0.00023066451414844192 0.0002554039693625531 0.00023857773207661874 0.00012521027391913737 0.00020371639111285377 0.00017233723158509615 8.332873276989222e-05 0.00019244831229652418 0.00018774306005369553 6.703271695612226e-05 0.00020784925575285934 0.0002298682036702699 0.0002258928650299811 0.0002731798427569245 0.00024510281077636914 0.0001840308352613385 0.00013699584296824913 0.00020114210925445213 0.00019739718723264213 0.0001816882852325615 7.971608881288656e-05 0.00018259054117949187 0.00015848659075183132 0.00010652474653101955 0.00022970575813807779 0.0001759608924048336 0.000223398931359446 0.00024317023692260124 0.00028571885484461444 0.00019387412859955827 0.00010238624609069412 0.000144787842713986 0.00023084691335481232 0.00029346011468911877 0.00025834751099623965 0.00020689526921483512 0.0001493852734146114 9.053087082403299e-05 0.00020201046934203816 3.918251933413678e-05 5.5322068240455025e-05 0.0003001799614104221 0.00019766347032039726 0.00031457543116575115 0.00025564068347191265 0.000178247883622293 0.0002903186577793951 0.0002529710816340375 0.0001749759962103717 0.00015899592525736193 0.0002057162564248667 0.0001467934278711797 0.0002177437316424237 0.0001667905870873887 0.0001453598820989466 0.00019276080246499456 0.0001668061896999097 0.00023804787708160807 0.00011197266589902706 0.00018207979421279514 0.00014225520426019932 0.00017105863246525646 0.00020598036616695665 0.00024282222571766652 0.00021423059556902597 4.80012142442233e-05 3.2410756313436354e-05 0.00023596656786749128 0.000237182212911131 0.00021606907581780813 6.0812206420448266e-05 0.0001911690526309603 0.00010604223076589974 0.00017070708636446775 0.00015184337414329374 0.00017096988057283422 0.00021073879267026994 0.00020439300282096886 0.0002091535893997355 0.00017268956283394778 0.00023586073932228678 0.0002356212733795801 0.00029471571804255296 0.0002057696264880193 0.00019796163166753596 0.0002690567592036436 0.00017204692480489434 0.00019825506791506134 0.0002841407495254977 0.00011758967078059276 0.00021552921961443732 0.0002535021920150053 0.0002730234684834886 0.0002664120769605057 8.782884837141515e-05 0.00024240336292005778 0.00024061108766784212 0.00020121769439257936 0.0002989049660482856 0.00021491338808122734 0.00017345402843719178 0.00017208855163837022 0.00031974369250400926 0.0002390200104132273 0.0002564300483399695 0.00013530188778762488 0.00011107958323069114 8.001598723591391e-05 0.0001839253478792698 0.0002108106855759543 0.0001301516948692501 0.00015602528303750252 0.0001956053228359882 0.00020435583604679297 0.00027695228751256894 0.0002898167042079354 0.00023621304338994833 0.000288582563573995 0.00021654051735373368 0.00026751331991169456 0.00010074791383375776 0.00013376735769352041 0.00013300728390987953 0.0001915962416867039 0.0002775711366886521 0.00024929682548283143 0.00024047245410623242 0.00032831211997445657 0.00024323214611101493 0.00036197762488806586 0.00010926289938058932 0.00017442543287978128 0.0002691862393355252 0.00014628707618398348 7.224272690723883e-05 0.00014396476160387155 0.00015142735625000537 0.00011446367039268863 0.00018709440412398415 0.00010974040352480656 0.00022852372944969 0.00021811513314452818 0.00020621183892151904 0.0002529112896741995 0.0002508365174285405 0.0002622850799073579 0.00015524430667425985 0.00018535570322059135 0.0002237411275228308 0.00020584814411694048 0.00022320724274010084 0.0003068313334519886 0.0002195453143524573 0.00015838425329253204 0.00020985508506220218 0.00022540593955103677 0.00027168008435757816 0.0003159819457660427 0.00021160652214867275 0.00012690084502776144 0.00021111964113179298 0.00023560292891760095 0.00018747415015692276 0.0002175405939020129 0.0002680268221785838 0.000287122664709208 0.00031914380798415964 8.909256665910331e-05 0.00014825488387021758 0.00017011496662262593 0.0001930604399938548 0.00025896537838665344 0.0003112525848178101 0.0003558859803631636 0.00011642408061370199 0.00023035785750054775 0.00022536447400474575 9.590173646870014e-05 0.00021511787245304397 0.00010911224520198214 0.00021901452680955322 0.00011824479669788608 0.0002690451537693976 0.0001706312929583229 0.00018349825666318383 0.00020697020630357351 0.0002575321910498918 0.00023254664554565166 5.1970550277500926e-05 0.00023914476040355715 0.0002087761691267648 0.00020405336751672467 0.0001701280884300358 0.00023784367789497353 0.00010608599319049771 0.00010193727754233106 0.00011216543720643019 0.0001348013179798455 0.0001371646732971629 0.00016031749945914883 0.00017535729998808308 0.00018348543919062747 9.606605862578245e-05 0.00010175217479901459 0.00019420743968912404 0.00020859726282993258 6.969551434094916e-05 0.00018325702635139292 0.00010338701130007725 0.00022439176668448646 0.00014591437787399834 0.0002639644014126877 0.00018568186062051673 0.00012185596817560874 0.00016629679539651845 0.00010458712724923655 0.0002561643394940237 0.00017105756677772776 0.0002920714178759548 0.0001354254079367786 0.00026732036796187937 0.0001832478994602965 0.00018798969219149244 0.00021716355239262392 0.0001839158036460262 0.00028691629730977306 0.00029253269754219395 0.0001880959337123924 0.0001320780138400504 0.00024450281720282257 0.00023992633221924718 0.0002399182512399313 0.0001389723532761799 0.0002475513425641157 0.0001374595245124583 0.0002647018312897573 0.00012944831371425883 0.00017209795205863995 0.0001999008909717366 0.00022394977785687676 0.00016152920352344857 0.00028193003006842703 0.00023372173164747215 0.00021454189749437304 0.0001807819670875336 0.0002506899510532605 0.00024101901100432715 0.0001372301968957379 0.00014040619722365831 0.00012288100100242476 0.00012105589463669811 0.0001506707960439112 0.0001739254367267907 0.0001627113852265692 0.0001483705533643583 7.985199964451833e-05 0.0001419592446450832 0.00028511372428373534 0.00021347943826441226 0.00016389837525777014 0.00032910070204593677 0.00026762336555837923 0.0001123520537804127 0.00022191369340920455 0.00011285612430036014 0.00016777103048904476 0.00024377597807626319 0.0002770425583782472 0.00012803512164992373 0.00031920146741576703 0.00019638957274630873 0.0002498603902723978 0.000269449696708428 0.00019794541868627908 0.00017444402241414365 0.00017432868506464476 0.000303015309232343 0.0002782045907761671 0.00031504921077928007 0.0001268420962038142 0.0002839305160015877 0.00025934678321227675 0.0002726872523290817 0.0002297135202811175 0.0002225976214391622 0.00021509598911185443 0.0003120107767294517 0.00030209260495340406 0.00028880072402639117 0.00026203352655753656 0.00030206100377996094 0.00029992072180661043 0.00022170315433759085 0.0002558153147057964 1.0330458940451058e-05 0.00018001415607388116 0.00020829587848719523 0.00026834107389501886 0.0003080528042390668 0.0003101344232191161 0.00010368060912363381 0.00027680894600914295 0.00014897179346552153 0.000267731549983549 0.0002776060997548403 0.00026819372666151743 0.0001534134144073213 0.0002556032688976475 0.0002771100846478133 0.00028627651970802143 0.000151978638595715 0.00025582071597040175 0.00013858050707015582 0.00025005577624975935 0.00022946344068739945 0.00013690032241149116 0.0002173159932117844 0.00023023167965313386 0.0002601444440241783 0.0002089131402101054 0.00010193139103523471 0.00026526268637647193 0.00012407004067451602 0.00021317173605375767 0.0001879491013304897 0.00020244052529700361 3.5292137535965174e-05 0.000285574621839647 0.0002155774815467592 0.0002150600215010052 0.00022179388228943956 0.00028154024061114265 0.00018703951899494805 0.00027233880869617297 0.0002692442611451612 2.5900222015951677e-05 0.00025102695005351747 0.00021495776268816005 0.0003507194182245682 0.00026943503983348774 0.00027290217852618786 0.0002551703415130105 0.00013105421079153632 0.00019927574489580257 0.00024295107775385315 0.00027915126661489184 0.0002937203403511171 0.00019393918508416678 0.00035945340903400375 0.00013040421258754117 0.0002585136120519579 0.0001882929462508617 0.00025559110170475047 6.194146338757119e-05 0.00023987209390333993 0.00014043770296866563 0.0003181657832529233 0.00024951614769642456 0.00018406789154117855 0.000304439727278474 0.0002485414011177371 0.00026921774427689357 0.0001644737311244746 0.00027624641730696823 0.000303523224508441 0.00028950878571210373 0.00029508393704584334 0.00017960672531278728 0.00010186680603815 0.00025376880203671956</DataArray>
<DataArray type="Float64" Name="g_gap" format="ascii">0.0 0.0 0.0 0.0 0.0 0.0 0.0 0.0 0.0 0.0 0.0 0.0 0.0 0.0 0.0 0.0 0.0 0.0 0.0 0.0 0.0 0.0 0.0 0.0 0.0 0.0 0.0 0.0 0.0 0.0 0.0 0.0 0.0 0.0 0.0 0.0 0.0 0.0 0.0 0.0 0.0 0.0 0.0 0.0 0.0 0.0 0.0 0.0 0.0 0.0 0.0 0.0 0.0 0.0 0.0 0.0 0.0 0.0 0.0 0.0 0.0 0.0 0.0 0.0 0.0 0.0 0.0 0.0 0.0 0.0 0.0 0.0 0.0 0.0 0.0 0.0 0.0 0.0 0.0 0.0 0.0 0.0 0.0 0.0 0.0 0.0 0.0 0.0 0.0 0.0 0.0 0.0 0.0 0.0 0.0 0.0 0.0 0.0 0.0 0.0 0.0 0.0 0.0 0.0 0.0 0.0 0.0 0.0 0.0 0.0 0.0 0.0 0.0 0.0 0.0 0.0 0.0 0.0 0.0 0.0 0.0 0.0 0.0 0.0 0.0 0.0 0.0 0.0 0.0 0.0 0.0 0.0 0.0 0.0 0.0 0.0 0.0 0.0 0.0 0.0 0.0 0.0 0.0 0.0 0.0 0.0 0.0 0.0 0.0 0.0 0.0 0.0 0.0 0.0 0.0 0.0 0.0 0.0 0.0 0.0 0.0 0.0 0.0 0.0 0.0 0.0 0.0 0.0 0.0 0.0 0.0 0.0 0.0 0.0 0.0 0.0 0.0 0.0 0.0 0.0 0.0 0.0 0.0 0.0 0.0 0.0 0.0 0.0 0.0 0.0 0.0 0.0 0.0 0.0 0.0 0.0 0.0 0.0 0.0 0.0 0.0 0.0 0.0 0.0 0.0 0.0 0.0 0.0 0.0 0.0 0.0 0.0 0.0 0.0 0.0 0.0 0.0 0.0 0.0 0.0 0.0 0.0 0.0 0.0 0.0 0.0 0.0 0.0 0.0 0.0 0.0 0.0 0.0 0.0 0.0 0.0 0.0 0.0 0.0 0.0 0.0 0.0 0.0 0.0 0.0 0.0 0.0 0.0 0.0 0.0 0.0 0.0 0.0 0.0 0.0 0.0 0.0 0.0 0.0 0.0 0.0 0.0 0.0 0.0 0.0 0.0 0.0 0.0 0.0 0.0 0.0 0.0 0.0 0.0 0.0 0.0 0.0 0.0 0.0 0.0 0.0 0.0 0.0 0.0 0.0 0.0 0.0 0.0 0.0 0.0 0.0 0.0 0.0 0.0 0.0 0.0 0.0 0.0 0.0 0.0 0.0 0.0 0.0 0.0 0.0 0.0 0.0 0.0 0.0 0.0 0.0 0.0 0.0 0.0 0.0 0.0 0.0 0.0 0.0 0.0 0.0 0.0 0.0 0.0 0.0 0.0 0.0 0.0 0.0 0.0 0.0 0.0 0.0 0.0 0.0 0.0 0.0 0.0 0.0 0.0 0.0 0.0 0.0 0.0 0.0 0.0 0.0 0.0 0.0 0.0 0.0 0.0 0.0 0.0 0.0 0.0 0.0 0.0 0.0 0.0 0.0 0.0 0.0 0.0 0.0 0.0 0.0 0.0 0.0 0.0 0.0 0.0 0.0 0.0 0.0 0.0 0.0 0.0 0.0 0.0 0.0 0.0 0.0 0.0 0.0 0.0 0.0 0.0 0.0 0.0 0.0 0.0 0.0 0.0 0.0 0.0 0.0 0.0 0.0 0.0 0.0 0.0 0.0 0.0 0.0 0.0 0.0 0.0 0.0 0.0 0.0 0.0 0.0 0.0 0.0 0.0 0.0 0.0 0.0 0.0 0.0 0.0 0.0 0.0 0.0 0.0 0.0 0.0 0.0 0.0 0.0 0.0 0.0 0.0 0.0 0.0 0.0 0.0 0.0 0.0 0.0 0.0 0.0 0.0 0.0 0.0 0.0 0.0 0.0 0.0 0.0 0.0 0.0 0.0 0.0 0.0 0.0 0.0 0.0 0.0 0.0 0.0 0.0 0.0 0.0 0.0 0.0 0.0 0.0 0.0 0.0 0.0 0.0 0.0 0.0 0.0 0.0 0.0 0.0 0.0 0.0 0.0 0.0 0.0 0.0 0.0 0.0 0.0 0.0 0.0 0.0 0.0 0.0 0.0 0.0 0.0 0.0 0.0 0.0 0.0 0.0 0.0 0.0 0.0 0.0 0.0 0.0 0.0 0.0 0.0 0.0 0.0 0.0 0.0 0.0 0.0 0.0 0.0 0.0 0.0 0.0 0.0 0.0 0.0 0.0 0.0 0.0 0.0 0.0 0.0 0.0 0.0 0.0 0.0 0.0 0.0 0.0 0.0 0.0 0.0 0.0 0.0 0.0 0.0 0.0 0.0 0.0 0.0 0.0 0.0 0.0 0.0 0.0 0.0 0.0 0.0 0.0 0.0 0.0 0.0 0.0 0.0 0.0 0.0 0.0 0.0 0.0 0.0 0.0 0.0 0.0 0.0 0.0 0.0 0.0 0.0 0.0 0.0 0.0 0.0 0.0 0.0 0.0 0.0 0.0 0.0 0.0 0.0 0.0 0.0 0.0 0.0 0.0 0.0 0.0 0.0 0.0 0.0 0.0 0.0 0.0 0.0 0.0 0.0 0.0 0.0 0.0 0.0 0.0 0.0 0.0 0.0 0.0 0.0 0.0 0.0 0.0 0.0 0.0 0.0 0.0 0.0 0.0 0.0 0.0 0.0 0.0 0.0 0.0 0.0 0.0 0.0 0.0 0.0 0.0 0.0 0.0 0.0 0.0 0.0 0.0 0.0 0.0 0.0 0.0 0.0 0.0 0.0 0.0 0.0 0.0 0.0 0.0 0.0 0.0 0.0 0.0 0.0 0.0 0.0 0.0 0.0 0.0 0.0 0.0 0.0 0.0 0.0 0.0 0.0 0.0 0.0 0.0 0.0 0.0 0.0 0.0 0.0 0.0 0.0 0.0 0.0 0.0 0.0 0.0 0.0 0.0 0.0 0.0 0.0 0.0 0.0 0.0 0.0 0.0 0.0 0.0 0.0 0.0 0.0 0.0 0.0 0.0 0.0 0.0 0.0 0.0 0.0 0.0 0.0 0.0 0.0 0.0 0.0 0.0 0.0 0.0 0.0 0.0 0.0 0.0 0.0 0.0 0.0 0.0 0.0 0.0 0.0 0.0 0.0 0.0 0.0 0.0 0.0 0.0 0.0 0.0 0.0 0.0 0.0 0.0 0.0 0.0 0.0 0.0 0.0 0.0 0.0 0.0 0.0 0.0 0.0 0.0 0.0 0.0 0.0 0.0 0.0 0.0 0.0 0.0 0.0 0.0 0.0 0.0 0.0 0.0 0.0 0.0 0.0 0.0 0.0 0.0 0.0 0.0 0.0 0.0 0.0 0.0 0.0 0.0 0.0 0.0 0.0 0.0 0.0 0.0 0.0 0.0 0.0 0.0 0.0 0.0 0.0 0.0 0.0 0.0 0.0 0.0 0.0 0.0 0.0 0.0 0.0 0.0 0.0 0.0 0.0 0.0 0.0 0.0 0.0 0.0 0.0 0.0 0.0 0.0 0.0 0.0 0.0 0.0 0.0 0.0 0.0 0.0 0.0 0.0 0.0 0.0 0.0 0.0 0.0 0.0 0.0 0.0 0.0 0.0 0.0 0.0 0.0 0.0 0.0 0.0 0.0 0.0 0.0 0.0 0.0 0.0 0.0 0.0 0.0 0.0 0.0 0.0 0.0 0.0 0.0 0.0 0.0 0.0 0.0 0.0 0.0 0.0 0.0 0.0 0.0 0.0 0.0 0.0 0.0 0.0 0.0 0.0 0.0 0.0 0.0 0.0 0.0 0.0 0.0 0.0 0.0 0.0 0.0 0.0 0.0 0.0 0.0 0.0 0.0 0.0 0.0 0.0 0.0 0.0 0.0 0.0 0.0 0.0 0.0 0.0 0.0 0.0 0.0 0.0 0.0 0.0 0.0 0.0 0.0 0.0 0.0 0.0 0.0 0.0 0.0 0.0 0.0 0.0 0.0 0.0 0.0 0.0 0.0 0.0 0.0 0.0 0.0 0.0 0.0 0.0 0.0 0.0 0.0 0.0 0.0 0.0 0.0 0.0 0.0 0.0 0.0 0.0 0.0 0.0 0.0 0.0 0.0 0.0 0.0 0.0 0.0 0.0 0.0 0.0 0.0 0.0 0.0 0.0 0.0 0.0 0.0 0.0 0.0 0.0 0.0 0.0 0.0 0.0 0.0 0.0 0.0 0.0 0.0 0.0 0.0 0.0 0.0 0.0 0.0 0.0 0.0 0.0 0.0 0.0 0.0 0.0 0.0 0.0 0.0 0.0 0.0 0.0 0.0 0.0 0.0 0.0 0.0 0.0 0.0 0.0 0.0 0.0 0.0 0.0 0.0 0.0 0.0 0.0 0.0 0.0 0.0 0.0 0.0 0.0 0.0 0.0 0.0 0.0 0.0 0.0 0.0 0.0 0.0 0.0 0.0 0.0 0.0 0.0 0.0 0.0 0.0 0.0 0.0 0.0 0.0 0.0 0.0 0.0 0.0 0.0 0.0 0.0 0.0 0.0 0.0 0.0 0.0 0.0 0.0 0.0 0.0 0.0 0.0 0.0 0.0 0.0 0.0 0.0 0.0 0.0 0.0 0.0 0.0 0.0 0.0 0.0 0.0 0.0 0.0 0.0 0.0 0.0 0.0 0.0 0.0 0.0 0.0 0.0 0.0 0.0 0.0 0.0 0.0 0.0 0.0 0.0 0.0 0.0 0.0 0.0 0.0 0.0 0.0 0.0 0.0 0.0 0.0 0.0 0.0 0.0 0.0 0.0 0.0 0.0 0.0 0.0 0.0 0.0 0.0 0.0 0.0 0.0 0.0 0.0 0.0 0.0 0.0 0.0 0.0 0.0 0.0 0.0 0.0 0.0 0.0 0.0 0.0 0.0 0.0 0.0 0.0 0.0 0.0 0.0 0.0 0.0 0.0 0.0 0.0 0.0 0.0 0.0 0.0 0.0 0.0 0.0 0.0 0.0 0.0 0.0 0.0 0.0 0.0 0.0 0.0 0.0 0.0 0.0 0.0 0.0 0.0 0.0 0.0 0.0 0.0 0.0 0.0 0.0 0.0 0.0 0.0 0.0 0.0 0.0 0.0 0.0 0.0 0.0 0.0 0.0 0.0 0.0 0.0 0.0 0.0 0.0 0.0 0.0 0.0 0.0 0.0 0.0 0.0 0.0 0.0 0.0 0.0 0.0 0.0 0.0 0.0 0.0 0.0 0.0 0.0 0.0 0.0 0.0 0.0 0.0 0.0 0.0 0.0 0.0 0.0 0.0 0.0 0.0 0.0 0.0 0.0 0.0 0.0 0.0 0.0 0.0 0.0 0.0 0.0 0.0 0.0 0.0 0.0 0.0 0.0 0.0 0.0 0.0 0.0 0.0 0.0 0.0 0.0 0.0 0.0 0.0 0.0 0.0 0.0 0.0 0.0 0.0 0.0 0.0 0.0 0.0 0.0 0.0 0.0 0.0 0.0 0.0 0.0 0.0 0.0 0.0 0.0 0.0 0.0 0.0 0.0 0.0 0.0 0.0 0.0 0.0 0.0 0.0 0.0 0.0 0.0 0.0 0.0 0.0 0.0 0.0 0.0 0.0 0.0 0.0 0.0 0.0 0.0 0.0 0.0 0.0 0.0 0.0 0.0 0.0 0.0 0.0 0.0 0.0 0.0 0.0 0.0 0.0 0.0 0.0 0.0 0.0 0.0 0.0 0.0 0.0 0.0 0.0 0.0 0.0 0.0 0.0 0.0 0.0 0.0 0.0 0.0 0.0 0.0 0.0 0.0 0.0 0.0 0.0 0.0 0.0 0.0 0.0</DataArray>
<DataArray type="Float64" Name="heat_i_to_j" format="ascii">8.485546506014662e-06 3.973577154296214e-06 -1.1355432898780401e-05 -1.1036907615068505e-06 3.2740347399920906e-06 4.770085483080798e-07 4.910342401195481e-06 -1.2285435923858819e-05 -7.820078265462819e-06 6.121113572492028e-06 1.3984400616806193e-05 1.6514420282421866e-05 -1.6379796610963267e-05 8.318653542384551e-06 -8.453277213838048e-06 1.2702903814785237e-05 -1.0983542209341205e-05 -1.937935304706933e-06 -5.727517051675147e-06 5.946090750966889e-06 -1.0461763692324686e-05 -1.8681993637091216e-05 -2.0732899372349504e-06 1.5757170628865534e-05 -1.276258389893091e-05 8.947337205019266e-07 -2.0050484823747686e-05 1.6161164373210613e-05 3.512422383125106e-06 2.4141629764550876e-06 4.553490000792743e-06 9.342776798095735e-06 1.622404936361245e-05 -7.738502857577377e-06 -1.7550816827903884e-07 -1.943054649413982e-05 -7.667796893042363e-06 -1.1302841029711305e-05 -1.3061863570986072e-06 9.798694279302913e-06 1.0478130000595385e-05 -1.166871179899062e-05 5.543418571530932e-06 6.1252932274642e-06 7.750949037543566e-06 -9.72273880089226e-06 -1.9892841019707167e-06 3.961073865302494e-06 -1.1830762671289864e-08 1.1830762671228303e-08 9.189976594227017e-07 -1.054797636168994e-05 4.1860892374821535e-06 -2.168489609040581e-05 2.7127785555225022e-05 -1.8092552131367853e-05 1.8810082053302769e-06 1.6211543926036384e-05 2.5980867457511823e-05 -1.4279025022414835e-05 1.4921364168145999e-06 2.1583546412726417e-06 -2.3081842512500657e-05 7.729509019329243e-06 -1.9818386507898625e-06 2.2457442008030612e-05 -2.0475603357228216e-05 -5.579991669981388e-06 -5.197458571335928e-06 -3.7425722647924596e-06 -4.9060582120154354e-06 -7.993769619922404e-06 -6.9635974163221915e-06 1.2259165410868088e-05 7.604259837379539e-06 4.936873317340678e-06 3.7167199788163295e-06 5.249747201700707e-06 -3.5400869052460424e-07 3.540086905276642e-07 9.211477319702295e-06 2.9415409877993468e-08 2.829806453000815e-06 1.8731867918211175e-06 5.3144583650186256e-06 3.990886466086896e-06 -9.305344831123864e-06 6.319395814985645e-07 1.579534080660596e-05 8.713989428991482e-08 -1.0699006368066294e-06 -1.8434279607344097e-05 -1.046051149148686e-05 1.9460971553623004e-06 3.139101948336122e-06 5.3753123877773985e-06 1.4896694731562195e-05 -7.590668360071585e-06 -2.2007128015045713e-06 1.6714517435950694e-05 -2.181983100600281e-05 -1.1572329542121424e-05 -1.4088804280466117e-06 1.2981209970159362e-05 1.3341999776156188e-06 4.8778357347345744e-06 -4.12561835209468e-06 -1.1082994989760336e-05 7.494360522879424e-06 1.5022171066399745e-06 -5.503840364735051e-21 -1.416746455534985e-05 1.57098141297341e-05 -1.2533002501286044e-05 7.916694322702145e-06 2.1506670744458195e-06 1.6026253947066825e-06 -9.735721132122169e-06 -2.1636770288091583e-05 2.7619198951014244e-05 -1.0842851135757914e-05 -6.024521836366288e-06 -2.236115263002578e-05 -1.0589160735925593e-05 -8.625247207336092e-08 2.5812441932210952e-05 -1.5137028724229413e-05 -1.4546330848765316e-05 -8.6085099476508e-06 1.1562930263916079e-05 8.327845706485168e-06 3.264064825994866e-06 2.6078183543964327e-06 1.689541788982382e-06 -3.7243986343458925e-06 -7.261363829470597e-06 6.518651043818089e-06 1.6975127659522608e-07 8.01755132523905e-06 -2.2817598694607543e-05 -2.5593677892206376e-06 1.0971808549902676e-05 6.387606608675377e-06 -4.296209659487261e-07 -1.3813152627767375e-05 -2.2687128091165357e-07 1.028954585184199e-06 -8.587852922962454e-07 -1.5238690889798062e-05 -5.8535813075537285e-06 -7.379283286438761e-06 2.4762616194023382e-05 -3.9588576033321605e-06 5.17639265842783e-06 -6.3399243230008185e-06 1.2363352505343744e-05 -2.4042307916838285e-05 1.2842487076144078e-05 3.081893303040529e-06 2.3855180778398134e-06 -1.9233997880003973e-05 -5.711004584134873e-06 1.9477591083343834e-05 -4.306373708967611e-06 -3.007605294574723e-05 1.1369769689121163e-05 7.773966075800381e-06 4.5663634658343935e-06 -9.520657389591214e-06 -1.0380261876013993e-05 6.212538968397114e-06 9.12201683136968e-06 -1.3948072068243052e-05 -8.558974785432631e-07 -3.6615574747644145e-06 -1.6916337451247696e-06 -3.2697040754739605e-06 1.2029138995938226e-05 -7.067801175353772e-06 6.280527620723466e-06 8.358185774819473e-06 8.219475160351451e-06 3.1541915136494437e-06 -4.915056341150846e-06 1.7608648275094896e-06 -2.4225507278582333e-06 -1.9741580259836897e-05 -5.022413836858403e-06 6.37642432566983e-07 4.9740373321987584e-06 3.699590381159085e-05 -1.146815073366674e-05 -1.1502207559254885e-05 -1.7199024254292e-05 2.4166400849359104e-06 1.478238416934975e-05 8.210908057338062e-06 -1.1586248816877362e-05 -2.4441920955109147e-06 -2.2358532296205552e-05 -1.9591733057409055e-06 -1.2993279922315823e-05 1.6979601272745993e-05 6.0145341211772495e-06 -6.918962168647155e-06 9.924112616295528e-06 2.793714223047302e-06 7.66233202158243e-07 -1.3484060041530628e-05 -4.639486477898516e-06 3.6441894044422426e-06 2.515179132994213e-06 2.6166698141578224e-06 -4.1365518736680936e-06 -2.482712111876622e-06 1.0428825497266388e-05 6.6033196052506386e-06 -2.5011196683060482e-05 1.9746748756269697e-05 6.8768705953540466e-06 3.0392915393857123e-06 9.518084784192402e-06 -1.8154263846995114e-05 9.925651226386015e-06 6.706309263077629e-06 1.522303357501164e-06 7.590799729218254e-07 -3.876867761173054e-06 1.6989396722707967e-07 2.94789382102806e-06 1.5034583652510964e-05 -1.2533983955593122e-05 -2.500599696945412e-06 -1.2937467786268497e-05 -7.405642988161665e-06 1.742598273816908e-05 -9.763839985981751e-06 -1.267104045850135e-06 -7.6042166590320995e-06 -2.3956462117705544e-06 -9.37384414679735e-06 1.937370701757406e-05 2.576316097758345e-06 9.984223888163905e-06 -1.1845367342950405e-06 1.565164710912265e-05 -1.1748430448186191e-05 0.0 4.546957630052246e-06 1.6999387388931983e-06 1.4170410415870361e-05 3.932515502769954e-06 -4.502892353178163e-06 -1.307944901427156e-05 1.3649825864665118e-05 -6.7759931541926055e-06 1.499940923997774e-05 3.000091623677194e-06 -1.122350770949223e-05 -4.306424021632036e-06 -7.341749490349905e-06 1.1876620205069079e-06 -1.3325563247653705e-05 -9.967044661231525e-06 3.4392267620339604e-06 6.527817899202346e-06 -7.931205233422769e-07 1.6723824642013464e-05 -1.5670287555025765e-05 -4.566790272521529e-06 -1.3016224209307503e-06 6.81961309243561e-06 1.0972693933341915e-05 2.4634201188261298e-06 -1.8954104723694606e-05 -2.5614138920182245e-06 9.642746003162168e-06 -2.5343744810742927e-06 -1.6356906833565105e-05 1.6014580189112353e-05 8.576304356583565e-06 -8.23397771211137e-06 -6.5972560420595675e-06 -6.169205240161448e-07 -3.134813875787452e-06 -7.5474866233274185e-06 7.278129225719933e-06 2.693573976012761e-07 -1.3926560602093737e-05 3.358252648279987e-06 1.0568307953815219e-05 -9.193909904689863e-06 -1.1683763870627662e-05 1.0604261637967794e-05 1.0273412137312708e-05 -1.1998573980438389e-05 -1.2591123667628964e-06 1.325768634719917e-05 4.911958041602149e-06 -1.633917496067339e-05 -1.931371018165875e-05 1.5309898541153007e-06 1.6272469460422284e-05 1.0830010369783248e-05 -2.4056365852159345e-06 -2.4650955493948907e-06 -1.0119254236326983e-06 -4.947352811577476e-06 -1.0224940135660447e-05 -1.5586248820934085e-05 -1.2520575650685205e-06 9.101006711445879e-06 -4.651517375273865e-06 -4.449489336181282e-06 1.5859246512760183e-06 6.761139214671665e-06 -8.347063865942233e-06 -1.8523642814824057e-05 -4.250201941766627e-06 9.793559576282272e-06 1.8583811714614657e-05 -5.6035265343529024e-06 -2.1395175825972177e-05 2.1413528089386927e-05 -1.7496251365594749e-07 1.0986620619923533e-05 -1.6427126329816766e-05 -5.335924040197635e-06 2.1763050369990183e-05 -1.8146854122134323e-07 1.2053860447047708e-05 1.0484829307297037e-05 2.328028704132584e-06 -1.3197113451291e-05 -9.283193721150079e-06 7.4491697406934994e-06 8.311950360646237e-06 -2.330860672464205e-05 -1.2034447596160631e-05 9.334511743757082e-06 2.699935852410431e-06 -8.535907656404369e-06 -7.788677658905951e-07 1.4364588058073062e-05 -5.049812635681383e-06 -1.3918645991266902e-05 2.391811922723061e-05 2.478446614562206e-05 -1.9448858187662726e-05 4.099992333664491e-07 -2.0384566905238478e-05 1.1806180207579299e-05 1.5469049813135178e-05 -2.7275230020698678e-05 1.9901581837164523e-05 2.0500463599646143e-05 -9.397784631219909e-08 1.096884985019365e-05 5.337076688485176e-06 -8.536051070206484e-06 3.7577717871139836e-06 -1.3308779814795886e-05 1.7811325591900086e-06 3.399507297651241e-06 -4.886420814049676e-06 -1.690458143729908e-05 -2.7631142498121643e-05 9.455278600683967e-07 -2.6126997795153044e-05 -1.6262497487178637e-05 -1.1346132272137926e-05 -1.5415630162788098e-05 1.5124631183229068e-05 2.7899628738855232e-05 -1.376823661652503e-06 -3.657674385068148e-05 2.3715307585513363e-06 -8.605680957936672e-07 -7.554973052004767e-06 -3.605331842477145e-06 2.6387448379507154e-05 -1.1963908645294518e-05 -4.921735372730855e-06 1.0538299528194024e-05 -1.0424743507249995e-05 -2.1187689924514795e-05 -2.3939147548363625e-05 -1.069971614473676e-05 -4.597618658103328e-06 3.663212034906437e-05 2.6043620021733707e-06 2.3431783461961136e-05 2.038303476211317e-05 -2.2954370847614587e-05 -8.561084020516347e-06 -1.229936335599982e-05 -3.987857838801737e-06 -1.3974418935618667e-05 6.65175001692438e-06 1.1310526757338237e-05 1.9751168414962987e-05 -7.248136757672318e-06 1.23647108162379e-06 -2.0269798275188738e-05 1.4281244573801452e-05 -2.9858856177922055e-05 3.762023259311347e-05 -4.1853301565678484e-06 -1.6307094477470536e-07 -1.926510174493624e-07 2.0398875893227e-05 4.3606111049156696e-06 -2.823387029852097e-07 -4.092264121594585e-06 -8.663445439850642e-06 -3.7038874085272232e-06 3.5704259576580745e-06 1.5128955747220152e-05 3.6790103490765773e-06 -1.5718320366339716e-06 -2.080656001727299e-05 9.067095880375223e-06 7.409834493350526e-06 -2.619213890107567e-05 7.143229757663171e-06 -1.832627125045517e-05 2.089825002013623e-05 -5.749987975760969e-06 7.760982479209428e-06 7.648117806382857e-06 8.65150664484225e-06 -1.8310618954728904e-05 -7.277259432957588e-06 -5.423445196538382e-06 -1.3615577505956377e-05 4.493293942692518e-06 -4.046247635153705e-06 3.074707156263517e-05 -1.1412347205848872e-05 -9.926729867213412e-07 2.0997582161117838e-05 -1.4665865203144055e-05 -3.95584903745857e-06 1.0029152272247512e-05 2.5544194542340944e-05 -9.152018082776561e-06 8.876600294882614e-06 -1.78233531235076e-05 -1.2728677993472762e-06 -6.172555831588869e-06 -8.996290134512828e-06 1.0911223592968474e-05 -7.06235431801986e-07 -1.2086980266527139e-06 -2.086147951385097e-05 2.2402808926163646e-05 2.1689681256963807e-05 -1.7245596792647014e-05 -1.0826427189397274e-05 4.0478927895044045e-06 1.812449927378389e-05 1.88728263551881e-05 -9.182397923677081e-06 -2.0349802265887747e-05 -1.9910964282225785e-05 -1.9651266552341365e-05 7.8286227799567e-06 -1.3266200927954179e-05 1.4697553187066377e-05 -3.0921617257250036e-06 2.8992825670572077e-06 3.1256336360880975e-05 -1.5106580769366818e-06 -9.174057697712783e-07 2.3376760264636014e-05 -4.124727061782323e-06 -1.7562192568199395e-05 -2.9327311101334796e-05 -5.6962927266250265e-06 7.989248171606237e-06 4.090119702063089e-05 -1.319506683043993e-05 -1.4514792829235972e-05 1.412304136384358e-05 1.0557761662949194e-05 -1.3594129488349706e-06 -1.043428629930982e-05 -3.3947390467728684e-07 -6.291408663908804e-06 1.4013562209190712e-05 -5.899283470811255e-06 1.5392437930602373e-05 7.960846891660033e-06 -6.595246017493381e-06 -2.6256008195907254e-06 1.7311040028004485e-05 -1.4156680658327738e-05 -3.335672110466738e-06 9.07046724759912e-06 -3.852711424532421e-06 2.574449397524651e-05 2.1801175485216118e-05 -4.5633065117145684e-06 -2.562080321324792e-06 7.242963293899909e-06 -6.308086370064129e-06 -1.2649057914791034e-05 2.078566497926033e-05 -1.1483791248825534e-05 1.231483607768029e-05 -3.6243942611517796e-06 7.016208041398935e-06 -4.2228586090854994e-06 -1.440497707935756e-07 4.377216193092567e-06 -1.997453797393225e-05 1.1178065039769921e-05 -4.479066539259287e-06 -1.820710625586122e-05 5.766707330232356e-06 2.217016151852427e-06 -2.648232212393292e-06 -1.5968068280166067e-05 1.4246499200333984e-05 -1.8416136368453515e-05 -1.0013681785311784e-05 1.334614152596736e-05 -9.082447716456969e-06 -4.735223218730032e-06 1.6912287724952215e-05 1.8938328053455e-05 -1.4510295316977993e-06 -3.177950574059027e-05 -1.40882312399672e-05 1.1005957450875387e-05 3.6056396149615693e-06 -2.1151442807268393e-05 -1.1162274050608059e-05 3.7516633711405933e-06 1.9489214292328903e-05 -1.1574113180862783e-05 -1.1497131200816357e-05 1.030866048274717e-05 -6.280340529898211e-06 -7.629786356844235e-06 -1.2206966418034316e-05 -1.84901364182051e-05 2.8448055065050436e-05 -9.905892047159932e-06 6.144068236035927e-06 -1.2998292156068648e-06 2.811502162323642e-05 -5.370641406912522e-06 1.0271490851728775e-05 -3.171604185245333e-05 1.812050445769531e-05 3.3889544638088146e-06 -6.417095151749054e-06 -1.163340921456453e-06 -2.3660925844015663e-06 -2.286599801484087e-06 2.3656575501814993e-06 -6.222916952168427e-07 2.4636390381700198e-05 1.9868957432513747e-06 -1.0440936015686012e-05 2.0722863068556944e-06 -9.011214914085679e-06 2.2981658088141197e-06 4.387584871842434e-06 -3.168219566537083e-05 -1.0142470899867542e-05 -4.463784097444095e-06 -1.677844094255026e-05 3.1611328745309037e-07 -6.113537255601308e-06 -5.12887789153225e-05 2.5073017908138062e-05 2.004927633010584e-05 1.541378913775799e-05 2.4207105421621914e-06 -1.4692678823284072e-06 -1.8347070448367215e-05 4.87837391974322e-06 2.3865540183647125e-06 -1.8753252656537322e-05 -4.938801611408786e-06 1.1170972162283566e-05 1.1615815788456912e-05 -9.450391106481679e-07 -2.143731216441109e-05 -1.5347674554636006e-05 1.4943237878898478e-05 -2.6233533053038986e-06 -1.274510399155223e-05 9.90673713983229e-06 1.838158671345282e-05 -2.36210489370966e-06 -2.7084375579240777e-06 1.2480266707895162e-05 6.768780377593768e-07 -2.1383130939458334e-05 -1.481129943944136e-05 1.3041222985378921e-05 1.1505839401274572e-05 9.954185648008115e-06 3.856443551621647e-06 -1.1785399290680147e-05 1.2900937522884394e-05 -1.5261034670784972e-05 1.7585946687960305e-06 -2.2187800921812005e-05 1.1538208320432812e-05 -2.5927933162340063e-06 -8.064469848579733e-06 -4.185848611911926e-06 -2.9583909655526933e-06 -1.4856739229055606e-05 1.2273844859341618e-05 3.872957804375675e-06 2.3495481885118663e-05 -1.3694731428630675e-05 -1.6560143890801195e-06 -9.713158119242372e-07 7.1110340891738735e-06 -9.335575677034449e-06 -1.3746188395657432e-05 4.0804479146346485e-05 -3.41946446176461e-05 -7.554128212002972e-07 1.9298005636296213e-05 -1.683830615055397e-05 1.259497186923305e-05 3.11624139949141e-05 -2.5696363820103604e-05 -8.935936847440798e-07 7.0549217573038545e-06 3.415173942539308e-05 -2.554169278769822e-05 1.092498910986018e-05 1.66691456158862e-05 2.241971182163539e-05 -3.988359702475797e-06 -1.6367190380883795e-05 -1.873330735417162e-05 -2.5410774308388006e-05 -1.3923988982301825e-06 -8.129948668051571e-06 -7.600248824642603e-06 2.384059049471264e-05 9.696490070170858e-06 -3.1515568129720415e-06 1.522944907284004e-05 -3.5129833424096438e-06 -2.272205582379671e-05 -4.524846730835069e-06 1.322852867009276e-05 4.0727534229803134e-05 3.2040419365504344e-06 -2.6010151739159557e-05 -1.5197550297658284e-06 -2.8314484271304058e-05 1.1989600833242276e-05 -2.869745379899404e-05 -3.6085990015506165e-06 -1.1151432988729024e-05 4.322446578799809e-06 1.6556277641285673e-05 2.802822073230634e-05 -2.5303255669628153e-05 -1.2013434376132531e-05 1.3220984816295111e-05 -1.1107973035207943e-05 8.317335638420689e-06 -1.1501904793519715e-05 3.619495072165258e-07 2.748612199025301e-06 -8.222864171276566e-06 -1.671407633612104e-05 4.861372848440434e-06 1.330173170420813e-05 1.5932156850956966e-05 -7.0432689298118025e-06 -2.219061962542043e-05 -7.515907782747928e-06 1.5577766098621058e-05 -1.2330452742293808e-05 8.834957892269885e-06 1.6823295455420226e-06 -2.0550303377339778e-05 2.8507500527399027e-06 -2.3877293545531824e-06 -7.605198605589105e-06 3.684882813717151e-05 1.1523923591387048e-05 3.2434365838780685e-05 6.701933855027239e-06 -1.7180685032358087e-05 -2.195561466137568e-05 7.010523030151164e-06 -9.788047069479814e-06 -4.551284030561971e-06 7.205672984569557e-06 7.4771467998979904e-06 -1.5418481563161276e-05 -2.618251790970887e-06 1.5488192278610468e-05 1.8134206728978658e-05 8.098284793030447e-07 2.255237256821844e-06 6.029060964072366e-06 8.659640957428525e-06 -2.284322264913031e-05 -1.7572647774993473e-05 2.5361890270272606e-05 -3.34007589239284e-06 -9.37090197570784e-06 -4.3771885706055015e-06 3.234489420282304e-05 -3.5315303571538156e-05 -1.0806665907635299e-05 -1.7379435309052657e-05 1.087455875454154e-05 -2.0205726969365365e-05 -1.8751107690947262e-05 -4.647868677971002e-06 8.502513524350968e-06 1.739362547346369e-05 -4.4864467312089505e-06 1.391859978290566e-05 6.17894433998826e-06 -2.1651673203605586e-05 1.6829657582769332e-05 -1.3207426372064322e-05 1.3878516601121383e-06 2.2294795282908915e-05 -3.5462659448854103e-06 -2.106939005142478e-06 1.0694463771119325e-05 2.75279392030649e-06 -6.455734699185826e-06 -3.2595610253609136e-05 -7.479683825689752e-06 3.3083771086884165e-05 -3.070992064203318e-05 -1.426260489820045e-05 1.6198422085234236e-05 1.142960956956032e-06 -4.070700990801682e-06 4.158124804447307e-06 3.4249985696241045e-06 -2.3985157512426193e-05 -1.3375471890518467e-05 2.8208611320210658e-05 -9.57570980651435e-06 1.8216836263182315e-06 -2.4512339353671495e-05 3.899496847343039e-06 6.749442288017412e-06 1.23281072664341e-05 -9.0595062127197e-06 5.574772886685152e-06 -2.2304973107493594e-05 2.2092539520052423e-06 2.6526111696552086e-05 -2.7396913743561304e-05 2.257966732221002e-05 1.1869940242529937e-06 2.4096549930440535e-05 1.8329766752820627e-06 -4.068243747478765e-06 3.85128984993156e-05 -2.7058960522384965e-05 2.3071645163150805e-05 3.009009198914665e-05 2.3401136931496932e-05 -2.0689219849375583e-05 -3.3338183958148636e-06 -1.249853813191135e-05 -1.4904778127763292e-05 2.4760637922760328e-05 -1.3364081034505057e-05 3.5666442640109973e-07 -5.594565823555507e-06 -4.9079683717743245e-06 1.873206603467492e-07 9.772678673695514e-06 -2.2775927048338904e-05 6.978726538073765e-06 1.112534509218662e-05 1.664693745956591e-05 -3.7043279483840113e-06 1.0670677006058865e-06 -1.3975260014350981e-05 2.9127310049087286e-05 -1.150786063029744e-05 -2.5598101394351856e-05 1.1150155313417524e-05 3.8200634318212004e-05 -1.5908787038430116e-05 -1.7182017533375375e-05 5.662455064315176e-06 -1.4775786757335407e-05 3.501474142526037e-06 -2.5140137763537735e-06 4.48298155992894e-06 -5.4075610581646485e-06 -4.267731714499104e-06 2.013727333913914e-05 1.2286711745882784e-05 1.8522184793141065e-05 -4.5741254616946153e-07 -2.4726196429074686e-05 1.826226921456404e-08 7.168483279075911e-07 -8.366755962151375e-06 1.5915407339677552e-06 1.772711214966975e-06 -6.710111799450357e-06 -2.098515328630956e-05 -7.809020047367521e-07 4.430661233032313e-06 -2.538458700801264e-06 -7.540177480572362e-06 -1.4478380628789517e-05 5.902405862161634e-06 1.2751756390415041e-06 -2.3277765015622484e-06 -1.0223224021636678e-06 2.9107817802524015e-05 -8.473237344311785e-06 9.247159407765923e-06 2.6039514345704294e-06 1.8191149027805544e-05 -1.0706229974016552e-05 -3.355137714853541e-08 1.6915874280860344e-05 -1.0782442316601048e-05 2.482610065041887e-05 1.2937812424703895e-05 -1.5063072714076503e-05 -8.782240578142141e-06 -2.9867234779230436e-06 -1.3906850491655186e-05 -5.919043504866918e-06 3.151703349804324e-06 -9.894848176100428e-06 5.1693643569440935e-06 3.6817189982056376e-05 -3.945379985633817e-06 2.5268596101474425e-05 -1.897154184759426e-05 9.314060401351273e-06 9.361842440523188e-06 -2.395507095613966e-05 2.9402177498726516e-05 5.138700629241478e-06 3.7505290093607577e-06 1.1921533646644379e-05 6.958657738864192e-06 -8.511100765227302e-06 -1.679995664884526e-06 1.50588645466633e-06 4.168852509750397e-06 4.5163574656874365e-06 3.340164825831395e-06 -1.0429042243080122e-05 2.0961879621204513e-05 -1.0914376863769405e-05 -7.2103819198932434e-06 -9.614489854802934e-06 6.963001953515822e-06 2.7123843097286425e-06 1.5688783533056912e-07 1.1831247915459712e-05 -5.76209418348778e-06 2.7179651765543322e-05 3.1199434805086473e-06 2.9789267412776602e-06 -8.63391001226744e-06 1.8953605026376187e-05 -8.357729591949149e-06 1.0058517076600496e-05 1.0665006118100442e-05 -1.5153544487615248e-05 6.092330451934416e-06 -8.356298178853386e-06 -6.686378264575082e-07 -1.0800044354751814e-06 1.5036959298993472e-05 6.795046740830533e-06 -1.99828449322226e-05 2.710041724251491e-05 -1.2503469849486085e-05 1.5351222203661747e-05 -2.5232566846345004e-05 -5.47101557147335e-06 1.1360465121950152e-05 2.6442403608160604e-05 -1.8576749533885065e-05 -2.494656262014722e-05 -7.825702228494201e-06 -1.682641684375676e-05 -1.8758208520062608e-05 1.5215586083243509e-05 6.28121491100027e-06 -1.1669576114959942e-05 -1.0917473693409134e-05 -1.7142230115886645e-05 -3.5365929684764226e-06 1.8634446620545155e-05 -6.3447855247165494e-06 1.0893011468702455e-05 1.0956900028843068e-05 1.1019759490957517e-05 -4.729587355763766e-06 -2.1795298107942896e-05 1.3250733880058523e-07 -8.475043565175321e-06 1.0963554772658357e-05 -7.870970841418072e-06 -3.709880544770362e-05 -1.4838867637645423e-05 2.175981626537593e-05 1.843742645125328e-05 -3.0811690192355715e-06 -8.29857263906508e-07 5.39404269564792e-06 3.084391318852405e-05 -8.770619368726531e-06 4.649328904915584e-06 -2.626064130340833e-05 -8.430869119527178e-07 8.899811046850767e-09 3.002137887416792e-06 -1.9103656453004897e-05 -2.6000113369321155e-05 2.6467007797919457e-06 7.748555620288625e-06 -1.4189695960669128e-05 -1.0327078226191502e-05 -1.738030034386761e-05 5.445540608155703e-06 7.122451904620304e-06 -3.7606818897370506e-05 -5.902715446447764e-06 -1.3819473414505817e-05 -2.1506458457531745e-05 -3.7197098782631073e-06 -2.0693217862818216e-05 1.599051805261357e-05 1.2432965127056304e-05 5.562898759511717e-06 -1.1306754734929986e-05 -1.987716371564074e-05 1.6145054269075262e-05 -2.00453848325583e-05 -3.2739568834282356e-06 2.010651598402136e-07 -6.130993461789853e-06 5.209116209950424e-06 -2.168364916981518e-05 2.316938159489203e-05 6.696638789143638e-07 8.41333522472571e-06 -1.5537863262512486e-05 -5.278850191757164e-06 -1.4972408762680083e-05 2.3550901818063412e-05 6.33910039810019e-06 -1.9526436365873993e-05 1.444111766786873e-06 6.486069844330173e-06 1.5507937383154003e-06 1.0252752049803555e-05 -2.3502769713554642e-05 7.978141735032227e-07 -4.615334473671488e-06 -4.451575867396666e-06 -1.7489654898329019e-06 -1.6040123758099775e-06 3.421334475544657e-06 -1.2873588087271804e-06 4.165841561889527e-06 -2.1334994371175887e-05 1.4925650986244779e-05 -1.449304497425214e-05 9.684170691040808e-07 -8.539567994401667e-06 -1.0032805255936662e-05 -1.618067250116665e-05 2.8509851350607245e-06 5.138180956201135e-06 -4.925884204516348e-06 -9.872878797061064e-06 7.284943550882261e-06 -1.3390914607159782e-05 -2.152466726705538e-06 2.8571132896761177e-05 -1.8713061574302662e-05 -4.12397625697108e-06 7.718296047695195e-06 -8.497086215434548e-06 1.241938610875707e-05 2.6152564147973463e-05 6.139459552001215e-06 -5.225105284450435e-06 -1.3306944244232216e-05 8.969134530711183e-06 7.514616347726412e-06 -3.377489215072696e-06 4.629526435390424e-06 3.723640263968722e-06 1.6708140692881285e-05 3.877668125653795e-05 2.2076694287279405e-05 -1.1557344025203324e-05 -1.0679146129416163e-05 -3.336782659219561e-05 6.196099154386201e-06 9.745195707105086e-06 -1.4754705616920956e-05 1.4371834891658404e-05 6.4314296862106345e-06 -2.0059844827084872e-05 9.756999228828055e-06 -4.44307446735262e-06 -1.4250490466293788e-05 4.381291358614596e-06 1.1086043585847151e-05 1.0664302481495088e-06 -1.0770528898463632e-05 -1.5601823578343986e-05 2.1697323227072575e-05 -2.291955436417684e-05 2.0319586572644362e-05 5.078797755681807e-06 -4.401919717917195e-06 2.3535395367826962e-05 -8.837406755159555e-06 -1.1309034148860395e-05 1.0110242337125005e-06 -1.8811587594759707e-05 -2.780223346867697e-06 7.628369863617008e-06 -1.1566663232760852e-05 -1.2387114213967424e-05 -1.4449664099822297e-05 -1.966387256143158e-05 -1.4651933649574206e-06 8.401074984051352e-06 7.740984866518931e-07 4.94975212886216e-06 7.229207528425176e-06 2.0381192649948874e-05 3.347897131755219e-06 -4.479120713578757e-06 -1.3961541450964597e-05 2.02464371811105e-05 -4.96320805110105e-06 -1.638570327897801e-05 2.1428110736654173e-05 1.6435662870025472e-05 -2.6713105024875505e-05 7.5794792427321345e-06 5.221556343395214e-06 2.5804002785509652e-05 -2.0435189479482597e-05 -1.682010670263251e-05 -1.9077067557506295e-05 8.056678613534434e-06 -1.3193192853118607e-05 -4.153186109217273e-07 2.6163056174321378e-06 6.72737843556514e-06 -1.8102910916766107e-05 -9.617696414509529e-06 5.1175843198480395e-06 -8.41172632105334e-06 -1.5002728489801063e-05 1.6069158737946668e-05 1.1871445889446693e-05 -1.787279495879116e-05 1.3629183192517943e-05 -1.8363425202381714e-05 -4.186983766546695e-06 8.921225776474537e-06 7.067108175206976e-06 -6.104557865003694e-06 -9.971256041629415e-06 1.84946779515749e-05 -3.6656314898709073e-06 1.479267221159586e-05 1.0349339564355797e-05 -2.3427229020177695e-05 1.3572003844965868e-06 -3.600592084954023e-06 -6.496098568329038e-07 -1.5681887308547998e-05 2.019141536957927e-05 -9.856473951389982e-06 2.8553404898017703e-06 -1.391074430543379e-07 2.859771700854198e-05 3.977089701071954e-06 -3.2894664292089098e-06 -2.2007904305680673e-06 -4.575708612098724e-06 9.207655520464665e-06 -2.8615678780048922e-05 -2.7956145717487072e-06 2.5944647286095147e-05 -8.135282491224436e-07 -1.7706700993412835e-05 1.3309950229707531e-06 -2.2428724330805546e-05 -2.4983662441102265e-05 4.1879826442296603e-07 -1.4319416868032674e-05 -1.3003619036187249e-05 2.6724758255690282e-05 3.083055736075211e-06 7.945763847883722e-06 1.8644495443777834e-05 4.7678932131221874e-06 -1.328392583419657e-05 7.529574815129081e-06 -3.1457640120035706e-06 -3.089533513278384e-05 -8.966185508584912e-06 -6.445659299065222e-06 -1.6968297093733415e-05 1.2587672515994318e-05 3.847083370014276e-06 -1.673834536635142e-05 2.596481930283784e-06 1.4551195046598998e-05 6.736227774899807e-06 2.137003440374455e-06 1.0522337388158588e-05 -2.135426397911853e-06 5.736130373618544e-06 2.353348932201562e-05 -1.2820139072964244e-05 -6.6654574596913245e-06 -1.8039606269499836e-06 -2.281054716766071e-05 -1.1587495935030243e-06 5.972671993108957e-06 -1.1519925797253203e-05 -9.670755385080872e-06 -1.9427406925624096e-05 -9.656038741748538e-07 2.3520072968248744e-05 1.3345581793250674e-05 -6.889850220324832e-06 -5.867013693025376e-06 -1.0912980089286328e-05 -1.0364294953639425e-05 3.840516271993257e-06 -1.6353255601808505e-05 1.1783184306612026e-05 4.8505789460555716e-06 2.1323732530064468e-05 -1.4837104064732934e-05 -8.157144940257635e-06 -9.432382776989455e-06 9.545532633349152e-06 -1.5614140676314212e-05 3.006446224066052e-06 9.034833812062749e-06 5.504785402005624e-06 -1.573619520564579e-06 -8.14592369632492e-06 1.2473299600622271e-05 3.932845775363701e-06 4.904783369220938e-06 4.947459397731578e-06 -4.697879392355048e-06 9.511690906182564e-07 2.122414558371092e-07 1.0670815813765664e-05 2.661305224531493e-05 -1.4656429177174209e-05 7.522635933342193e-06 -1.602159162736853e-05 -2.4843800387926e-06 -1.0940841641901263e-05 -1.414275429244532e-05 1.4160505186370257e-05 1.2721021911611703e-05 2.0067911265063712e-05 -1.2123943902004439e-05 1.134131441709405e-05 1.5595950966561454e-05 -7.188676281226597e-06 -1.991347316542788e-05 2.693482414392019e-05 -2.1692588486169044e-05 -6.179622524769583e-06 -2.342808169397766e-05 1.593399500294788e-05 -2.2466159533440574e-05 1.7884795625381435e-05 -2.831640055092942e-06 -1.934737102685245e-05 9.367353762380797e-06 -2.625430644276717e-06 -4.3368329443272e-06 -1.4174506012340666e-05 2.51911456384373e-05 -1.0206020305551999e-05 -2.8518925410688005e-05 1.5067041739518475e-05 6.810659969543314e-06 1.7139084914009676e-06 -2.912687496882219e-05 3.293381026623298e-05 1.378272930351197e-05 9.166146142184786e-06 -5.011907327925579e-06 -1.3257011939134811e-05 1.5645129569694106e-05 7.077507390526406e-06 -7.423950267593096e-06 4.48769335486869e-06 -2.710653954904685e-07 -1.2339393188403123e-05 -3.7468635249786355e-05 2.0644524992227443e-05 1.1356587160734705e-05 2.9293038308773182e-05 -3.0388535953229067e-05 -8.725859571523865e-06 -2.5921840368351053e-05 7.170732677403931e-06 -5.885334871531922e-06 -1.2487440158891513e-05 -2.5015465068967976e-05 -1.2891562955730034e-05 2.4956301694105417e-05 -1.6321637276296551e-06 1.9660356591908882e-05 6.265883094946188e-06 -2.948492214818908e-06 1.2662750472789224e-05 -3.2004834727562224e-07 3.305751350583543e-05 4.088752269021151e-05 -3.644996183345731e-05 6.768581654353977e-06 8.17475947516194e-07 -2.4929201970914082e-05 -2.4826016636317784e-05 2.9264138095926423e-06 2.9196205577465525e-05 -3.045164791411796e-05 2.2503316715347502e-05 -3.9895527741803833e-05 2.7436479635614818e-05 3.181127681684744e-05 3.3662363449765656e-05 -2.48518780293328e-05 1.1264638820743877e-06 2.2789733585274376e-05 7.829559848877156e-07 -5.141252934151657e-07 -1.6227614300416025e-05 1.2689156992857525e-05 -1.88753412306561e-05 3.2179715351974296e-05 -1.5546217942361647e-05 1.4730251260625617e-05 7.916662847539574e-06 -3.153301919175339e-05 -2.946572601660407e-05 3.2731859292692694e-05 -1.936931864264414e-05 -3.3984115388808292e-06 4.4663040421215137e-07 5.4891212417870655e-06 -1.568809116244473e-05 -2.136806104984495e-05 7.036617220444411e-06 2.143192604860348e-05 2.510886447923763e-06 1.3752795999241273e-05 -3.0696594991048993e-06 1.3399070464452829e-05 -6.970615190034446e-06 -2.514261478339229e-05 -4.574361554200452e-08 1.030331415801131e-05 6.063422079497931e-06 -2.5764332121796732e-05 2.3460100332510857e-05 1.865557746878653e-05 -9.292390739231998e-07 2.2385149898604746e-05 -7.0654970238014256e-06 1.1398366124630333e-05 2.3653669751135396e-05 2.154824944945126e-05 -1.984957673566508e-05 1.760878917903586e-05 -2.738561082699568e-05 3.3117952819480195e-06 8.613490415020746e-06 4.858902389902303e-07 2.858877130305585e-05 1.1443718111850238e-05 -1.6266107088095708e-05 -6.3043257376586134e-06 1.0563180422004797e-05 -1.8348437592840434e-06 -7.936771355715836e-06 1.4975410021199725e-05 4.2546747088750444e-05 -5.316757709605185e-06 -4.483205661695171e-05 7.25748605200506e-06 2.273431938242749e-05 2.2122787971093074e-05 1.4865438316245732e-05 7.725732104254793e-06 2.818135990406064e-05 -1.2262994750076904e-05 -3.630574550792571e-05 -5.300845595771657e-06 7.281570466870987e-06 3.093033810353896e-05 -2.794231529754557e-05 2.3886674547547832e-05 -2.512960205221815e-06 2.546440932937196e-06 2.2980026777085256e-05 -2.9339077172387626e-05 9.826379630911056e-06 7.05687336053895e-06 -5.9433539243928216e-06 2.633650524440807e-05</DataArray>
</CellData><Points>
<DataArray type="Float64" Name="Points" format="ascii" NumberOfComponents="3">0.000493011 0.00730151 0.0125597 0.00157739 0.00651634 0.012952 0.000493011 0.00730151 0.0125597 -0.0010410345204828993 0.00662442 0.0127683 0.000493011 0.00730151 0.0125597 -0.0004300345204828989 0.00769932 0.0112192 0.000493011 0.00730151 0.0125597 0.00130146 0.00904122 0.0121695 0.0135478 0.00342678 0.000740799 0.012368 0.00432018 0.000800857 0.0135478 0.00342678 0.000740799 0.0152697 0.00320767 0.000867397 0.0135478 0.00342678 0.000740799 0.014096 0.00180356 0.00100368 0.00376869 0.00909656 0.00300411 0.00393298 0.0101207 0.00203533 0.00376869 0.00909656 0.00300411 0.00525033 0.0085159 0.00245228 0.00376869 0.00909656 0.00300411 0.00257912 0.00777336 0.00376394 0.00376869 0.00909656 0.00300411 0.00483642 0.00844116 0.00449357 0.0038664 0.00827232 0.00700555 0.00452038 0.00857292 0.0082228 0.0038664 0.00827232 0.00700555 0.00343174 0.0073073 0.00572037 0.0038664 0.00827232 0.00700555 0.00277466 0.00796192 0.00831361 0.0038664 0.00827232 0.00700555 0.00390124 0.00965242 0.00602318 0.00230018 0.00269463 0.011849 0.00203052 0.00233768 0.0132393 0.00230018 0.00269463 0.011849 0.00174234 0.0012819 0.0110781 0.00230018 0.00269463 0.011849 0.00281738 0.00427557 0.0115091 0.00230018 0.00269463 0.011849 0.00182832 0.0032197 0.0102603 0.00230018 0.00269463 0.011849 0.00359403 0.00144697 0.0126623 0.00250852 0.0046369 0.0147152 0.00352184 0.00538269 0.0141516 0.00250852 0.0046369 0.0147152 0.00194 0.00463585 0.0131448 0.00250852 0.0046369 0.0147152 0.00154121 0.00327924 0.0144744 0.00352043 0.0126699 0.0132191 0.00440482 0.0125974 0.0145961 0.00352043 0.0126699 0.0132191 0.00228892 0.0126539 0.0120717 0.00352043 0.0126699 0.0132191 0.00273193 0.014136 0.0133522 0.00352043 0.0126699 0.0132191 0.00455708 0.0129767 0.0120055 0.00352043 0.0126699 0.0132191 0.00247101 0.0125194 0.0144811 0.0077017 0.00398387 0.000696332 0.00897267 0.00503523 0.00100521 0.0077017 0.00398387 0.000696332 0.00603632 0.00427764 0.000932917 0.0077017 0.00398387 0.000696332 0.00926506 0.00287477 0.00117268 0.0077017 0.00398387 0.000696332 0.00691515 0.00235016 0.00136909 0.00157739 0.00651634 0.012952 0.00236553 0.00647102 0.0144415 0.00157739 0.00651634 0.012952 0.00341924 0.00616293 0.0124575 0.0138936 0.0146457 0.0146944 0.0125801 0.013952 0.0146848 0.0138936 0.0146457 0.0146944 0.0128507 0.0150641 0.0131425 0.0140013 0.00789444 0.0062738 0.0152702 0.00816926 0.00573405 0.0140013 0.00789444 0.0062738 0.0142802 0.0073774 0.00467984 0.0140013 0.00789444 0.0062738 0.014146 0.00619846 0.00623703 0.0140013 0.00789444 0.0062738 0.0151636 0.0085856 0.00729237 0.0140013 0.00789444 0.0062738 0.0125735 0.00755284 0.00698267 0.0110874 0.00744728 0.0130319 0.0102308 0.00756525 0.0118334 0.0110874 0.00744728 0.0130319 0.0109384 0.00833353 0.0145211 0.0110874 0.00744728 0.0130319 0.0118049 0.00667472 0.0144055 0.00942109 0.00128455 0.0111734 0.0100221 0.0018406 0.0126659 0.00942109 0.00128455 0.0111734 0.00856388 0.00234458 0.0101714 0.00942109 0.00128455 0.0111734 0.0102145 -0.00019613452048289934 0.0111019 0.00942109 0.00128455 0.0111734 0.00870539 9.460049999999998e-05 0.0126002 0.0126999 0.0125566 0.0047824 0.0129168 0.0110224 0.003969 0.0126999 0.0125566 0.0047824 0.0137533 0.0140677 0.00556156 0.00266581 0.00417859 0.00262968 0.00132877 0.00327188 0.00303618 0.00266581 0.00417859 0.00262968 0.00359661 0.00315342 0.00170258 0.00266581 0.00417859 0.00262968 0.0035409 0.00559318 0.00292577 0.00266581 0.00417859 0.00262968 0.00156126 0.0044024 0.00115171 0.00266581 0.00417859 0.00262968 0.00336036 0.00307316 0.00394694 0.00115188 0.00258527 0.00886343 0.00188371 0.00298924 0.00740235 0.00115188 0.00258527 0.00886343 0.00127014 0.0009243530000000002 0.00918518 0.00115188 0.00258527 0.00886343 0.00182832 0.0032197 0.0102603 0.0112002 0.0099038 0.0116316 0.0107299 0.00935113 0.0130333 0.0112002 0.0099038 0.0116316 0.0102251 0.00965833 0.0102533 0.0112002 0.0099038 0.0116316 0.0121685 0.00856582 0.0121654 0.0112002 0.0099038 0.0116316 0.010464 0.0115221 0.0125348 0.0112002 0.0099038 0.0116316 0.0117085 0.0112083 0.0104334 0.0112002 0.0099038 0.0116316 0.0126608 0.0106238 0.0126686 0.000900048 0.00866203 0.010335 0.00197995 0.00737236 0.010667 0.000900048 0.00866203 0.010335 0.00130146 0.00904122 0.0121695 0.000900048 0.00866203 0.010335 0.000731434 0.00741224 0.00889609 0.00698412 0.00499405 0.0146475 0.00762959 0.00615388 0.0139975 0.00698412 0.00499405 0.0146475 0.00862063 0.00471638 0.0141882 0.00698412 0.00499405 0.0146475 0.00510995 0.00450016 0.0142746 0.00956501 0.0111155 0.0108431 0.00816377 0.0119129 0.0102295 0.00956501 0.0111155 0.0108431 0.0102251 0.00965833 0.0102533 0.00956501 0.0111155 0.0108431 0.00998115 0.0112669 0.00916069 0.00956501 0.0111155 0.0108431 0.010464 0.0115221 0.0125348 0.00956501 0.0111155 0.0108431 0.00811391 0.0112196 0.0121829 0.0122983 0.00579287 0.000703522 0.012368 0.00432018 0.000800857 0.0122983 0.00579287 0.000703522 0.0106705 0.005782 0.000861429 0.0122983 0.00579287 0.000703522 0.0134629 0.00692764 0.000945181 0.00875367 0.0150136 0.0145929 0.00807732 0.0165904045204829 0.0144705 0.00875367 0.0150136 0.0145929 0.00976996 0.0136383 0.014408 0.00429881 0.010674 0.000729879 0.00393298 0.0101207 0.00203533 0.00429881 0.010674 0.000729879 0.00420244 0.0123923 0.000945425 0.00429881 0.010674 0.000729879 0.0059551 0.011008 0.00100096 0.00429881 0.010674 0.000729879 0.00235872 0.0107021 0.00113824 0.00701894 0.00261386 0.00770187 0.00691938 0.0011383 0.00851543 0.00701894 0.00261386 0.00770187 0.00672493 0.00423506 0.00809138 0.00701894 0.00261386 0.00770187 0.00638109 0.0033675 0.00628393 0.00452038 0.00857292 0.0082228 0.00574902 0.00734879 0.00817203 0.00452038 0.00857292 0.0082228 0.00454627 0.0076352 0.00961946 0.00452038 0.00857292 0.0082228 0.00495186 0.0102011 0.00798641 0.0125801 0.013952 0.0146848 0.011615 0.0125889 0.0143936 0.0125801 0.013952 0.0146848 0.0128507 0.0150641 0.0131425 0.00860374 0.00631692 0.0043737 0.00779927 0.00602207 0.00322564 0.00860374 0.00631692 0.0043737 0.00838932 0.00463135 0.0045899 0.00860374 0.00631692 0.0043737 0.0102698 0.00635547 0.00444891 0.00860374 0.00631692 0.0043737 0.00698909 0.00728632 0.00489334 0.000721987 0.00255625 0.00632914 0.0018837099999999998 0.00298924 0.00740235 0.000721987 0.00255625 0.00632914 0.001676 0.0037193 0.00553534 0.000721987 0.00255625 0.00632914 -0.0007948345204828996 0.00192475 0.00599867 0.000721987 0.00255625 0.00632914 0.000473892 0.0014626 0.00753746 0.000721987 0.00255625 0.00632914 0.000832271 0.00219935 0.00471153 0.0135987 0.011317 0.0111106 0.0146835 0.0119231 0.0099499 0.0135987 0.011317 0.0111106 0.0136215 0.00937917 0.01081 0.0135987 0.011317 0.0111106 0.0126608 0.0106238 0.0126686 0.000531493 0.0020985 0.010141 0.0017423400000000002 0.0012819 0.0110781 0.000531493 0.0020985 0.010141 -0.0005786345204828988 0.0013073 0.0111542 0.000531493 0.0020985 0.010141 -0.0010283345204828978 0.00262287 0.00976003 0.000531493 0.0020985 0.010141 0.00127014 0.0009243530000000002 0.00918518 0.000531493 0.0020985 0.010141 -3.743452048289846e-05 0.00315787 0.0113593 0.000531493 0.0020985 0.010141 0.00182832 0.0032197 0.0102603 0.00594714 0.0108745 0.0114376 0.00506009 0.0112293 0.0131947 0.00393298 0.0101207 0.00203533 0.00405369 0.00890055 0.0009050690000000001 0.00393298 0.0101207 0.00203533 0.00504164 0.0102898 0.0032917 0.00393298 0.0101207 0.00203533 0.00235872 0.0107021 0.00113824 0.00393298 0.0101207 0.00203533 0.0034508 0.0117956 0.00291391 0.00669475 0.0151517 0.00744451 0.00691938 0.0165089345204829 0.00851543 0.00669475 0.0151517 0.00744451 0.00818538 0.0146816 0.00794779 0.00669475 0.0151517 0.00744451 0.00663557 0.013685 0.00668341 0.00669475 0.0151517 0.00744451 0.00644529 0.016595794520482897 0.00637692 0.00669475 0.0151517 0.00744451 0.00621795 0.0143269 0.00898024 0.00484974 0.00775334 0.0147411 0.00434473 0.00658616 0.0141112 0.00484974 0.00775334 0.0147411 0.00648123 0.00748177 0.0143631 0.00484974 0.00775334 0.0147411 0.00493958 0.00790137 0.0131154 0.00715504 0.0137532 0.0105645 0.00837952 0.0135913 0.00945576 0.00715504 0.0137532 0.0105645 0.00601238 0.0124503 0.0106169 0.00715504 0.0137532 0.0105645 0.00694999 0.0133332 0.0124193 0.00715504 0.0137532 0.0105645 0.00621795 0.0143269 0.00898024 0.0104369 0.00105105 0.00184008 0.0107051 0.00183494 0.000676453 0.0104369 0.00105105 0.00184008 0.00908099 0.000591219 0.00090875 0.0104369 0.00105105 0.00184008 0.0107821 0.00228088 0.00286013 0.0104369 0.00105105 0.00184008 0.0088953 0.00124312 0.00298981 0.0104369 0.00105105 0.00184008 0.0109584 -0.0007400345204828982 0.0016838 0.00804842 0.00546986 0.012735 0.00762959 0.00615388 0.0139975 0.00804842 0.00546986 0.012735 0.00931069 0.00658155 0.0131528 0.00804842 0.00546986 0.012735 0.00803417 0.00688241 0.0117179 0.00804842 0.00546986 0.012735 0.00719035 0.00522911 0.011251 0.00804842 0.00546986 0.012735 0.00862063 0.00471638 0.0141882 0.00804842 0.00546986 0.012735 0.0069292 0.00384271 0.0128863 0.0135219 0.0110357 0.00552027 0.0129554 0.0122705 0.00655939 0.0135219 0.0110357 0.00552027 0.0129168 0.0110224 0.003969 0.0135219 0.0110357 0.00552027 0.0143258 0.00951495 0.00536918 0.0135219 0.0110357 0.00552027 0.0135872 0.0102575 0.00728074 0.0135219 0.0110357 0.00552027 0.0150626 0.0121426 0.00595212 0.0100914 0.00687521 0.0146458 0.00865836 0.00682836 0.0146994 0.0100914 0.00687521 0.0146458 0.00931069 0.00658155 0.0131528 0.0100914 0.00687521 0.0146458 0.0109384 0.00833353 0.0145211 0.0100914 0.00687521 0.0146458 0.010527 0.00523387 0.0143946 0.0100914 0.00687521 0.0146458 0.0118049 0.00667472 0.0144055 0.0152702 0.00816926 0.00573405 0.015704326520482897 0.00901691 0.00469854 0.0152702 0.00816926 0.00573405 0.0143258 0.00951495 0.00536918 0.0152702 0.00816926 0.00573405 0.0142802 0.0073774 0.00467984 0.0152702 0.00816926 0.00573405 0.0151636 0.0085856 0.00729237 0.0152702 0.00816926 0.00573405 0.0170803545204829 0.00862476 0.0060503 0.00169788 0.00536853 0.00575944 0.00196482 0.00663834 0.00679314 0.00169788 0.00536853 0.00575944 0.001676 0.0037193 0.00553534 0.00169788 0.00536853 0.00575944 0.0004278489999999999 0.00537416 0.00678088 0.00169788 0.00536853 0.00575944 0.00271372 0.00503436 0.00453551 0.00169788 0.00536853 0.00575944 0.00258773 0.0046858 0.00703065 0.0112858 0.00811019 0.0109342 0.0116191 0.00681143 0.0114663 0.0112858 0.00811019 0.0109342 0.0102308 0.00756525 0.0118334 0.0112858 0.00811019 0.0109342 0.0111737 0.0069816 0.00983003 0.0112858 0.00811019 0.0109342 0.0118762 0.00891947 0.00955628 0.0112858 0.00811019 0.0109342 0.0121685 0.00856582 0.0121654 0.000333692 0.00901691 0.00469854 -0.0004033345204828998 0.0100163 0.00393141 0.000333692 0.00901691 0.00469854 0.000630687 0.00846458 0.00325454 0.000333692 0.00901691 0.00469854 -0.0010448345204828995 0.00951495 0.00536918 0.000333692 0.00901691 0.00469854 0.00170972 0.00862476 0.0060503 0.0128825 0.00500401 0.00932155 0.0114414 0.00519698 0.0102356 0.0128825 0.00500401 0.00932155 0.0124009 0.00640074 0.00853939 0.0128825 0.00500401 0.00932155 0.0116995 0.00369503 0.00863181 0.0128825 0.00500401 0.00932155 0.0127896 0.00366125 0.0107786 0.0128825 0.00500401 0.00932155 0.013321 0.00639678 0.0105679 0.0012836 0.0107145 0.0146701 0.000730921 0.010478 0.0133475 0.0012836 0.0107145 0.0146701 0.000600302 0.0122622 0.0145095 0.0012836 0.0107145 0.0146701 0.00017880299999999995 0.00944293 0.0144978 0.0142516 0.0113193 0.0134961 0.015384749620482899 0.0123435 0.0127924 0.0142516 0.0113193 0.0134961 0.0149419 0.0105633 0.0120957 0.0142516 0.0113193 0.0134961 0.0140496 0.0127511 0.0144262 0.0142516 0.0113193 0.0134961 0.0126608 0.0106238 0.0126686 0.00338456 0.00449497 0.000661803 0.0046239 0.00555865 0.00103919 0.00338456 0.00449497 0.000661803 0.00359661 0.00315342 0.00170258 0.00338456 0.00449497 0.000661803 0.00156126 0.0044024 0.00115171 0.00821117 0.01167 0.00428938 0.00973035 0.0109857 0.00467346 0.00821117 0.01167 0.00428938 0.00669364 0.0109304 0.00401177 0.00821117 0.01167 0.00428938 0.00689042 0.0126815 0.00478848 0.0030141 0.014989 0.0147205 0.00233364 0.016527374520482897 0.0144314 0.0030141 0.014989 0.0147205 0.00273193 0.014136 0.0133522 0.0030141 0.014989 0.0147205 0.00449298 0.015744600520482897 0.0143847 0.0112734 0.000523822 0.000527969 0.0107051 0.00183494 0.000676453 0.0112734 0.000523822 0.000527969 0.0122979 0.00162615 0.000934022 0.0112734 0.000523822 0.000527969 0.0109584 -0.0007400345204828988 0.0016838 0.0153071 0.00223141 0.0146704 0.0154849225204829 0.0031526 0.0132468 0.0153071 0.00223141 0.0146704 0.0145428 0.0008705480000000001 0.0139869 0.00525526 0.00481874 0.00973848 0.00526061 0.00552815 0.00821719 0.00525526 0.00481874 0.00973848 0.00663346 0.00384969 0.0100079 0.00525526 0.00481874 0.00973848 0.0049796 0.00443226 0.01163 0.012368 0.00432018 0.000800857 0.0109652 0.00422473 0.00219587 0.0060712 0.011504 0.0147445 0.00752286 0.0114145 0.0141445 0.0060712 0.011504 0.0147445 0.00654894 0.0130523 0.0144972 0.0060712 0.011504 0.0147445 0.00506009 0.0112293 0.0131947 0.0060712 0.011504 0.0147445 0.00634946 0.00962625 0.0143034 0.0116191 0.00681143 0.0114663 0.0111737 0.0069816 0.00983003 0.0116191 0.00681143 0.0114663 0.0124766 0.00611337 0.0127355 0.0116191 0.00681143 0.0114663 0.0104091 0.005693 0.0118173 0.0116191 0.00681143 0.0114663 0.013321 0.00639678 0.0105679 0.0016964 0.00617965 0.00395767 0.00271372 0.00503436 0.00453551 0.0016964 0.00617965 0.00395767 0.0005064780000000001 0.00508536 0.00398479 0.0016964 0.00617965 0.00395767 0.00257912 0.00777336 0.00376394 0.0016964 0.00617965 0.00395767 0.000809496 0.00649696 0.0022332 0.00346805 0.0141827 0.0113675 0.00350828 0.0127195 0.0104588 0.00346805 0.0141827 0.0113675 0.0019184 0.0147492 0.0117507 0.00346805 0.0141827 0.0113675 0.00467751 0.015034 0.0122886 0.00346805 0.0141827 0.0113675 0.00455708 0.0129767 0.0120055 0.00346805 0.0141827 0.0113675 0.00500201 0.0142154 0.0106521 0.00352184 0.00538269 0.0141516 0.00434473 0.00658616 0.0141112 0.00352184 0.00538269 0.0141516 0.00236553 0.00647102 0.0144415 0.00352184 0.00538269 0.0141516 0.00510995 0.00450016 0.0142746 0.00352184 0.00538269 0.0141516 0.00341924 0.00616293 0.0124575 0.00714996 0.0120684 0.000645321 0.00779104 0.0133708 0.00134064 0.00714996 0.0120684 0.000645321 0.0059551 0.011008 0.00100096 0.0107051 0.00183494 0.000676453 0.0122979 0.00162615 0.000934022 0.0107051 0.00183494 0.000676453 0.00926506 0.00287477 0.00117268 0.00589846 0.00895415 0.00741713 0.00543686 0.00777583 0.00638584 0.00589846 0.00895415 0.00741713 0.00617458 0.00900985 0.00910026 0.00589846 0.00895415 0.00741713 0.00495186 0.0102011 0.00798641 0.00589846 0.00895415 0.00741713 0.00734525 0.0101427 0.00763727 0.00825892 0.0128874 0.0146034 0.00937883 0.0115674 0.0144438 0.00825892 0.0128874 0.0146034 0.00752286 0.0114145 0.0141445 0.00825892 0.0128874 0.0146034 0.00654894 0.0130523 0.0144972 0.00825892 0.0128874 0.0146034 0.00976996 0.0136383 0.014408 0.00385337 0.00639291 0.00437389 0.00343174 0.0073073 0.00572037 0.00385337 0.00639291 0.00437389 0.0035409 0.00559318 0.00292577 0.00385337 0.00639291 0.00437389 0.00257912 0.00777336 0.00376394 0.000730921 0.010478 0.0133475 0.00115998 0.0111961 0.0122206 0.000730921 0.010478 0.0133475 -0.00042873452048290055 0.0105633 0.0120957 0.000730921 0.010478 0.0133475 0.00017880299999999995 0.00944293 0.0144978 0.000730921 0.010478 0.0133475 0.00130146 0.00904122 0.0121695 0.000730921 0.010478 0.0133475 0.00265641 0.0108205 0.0132162 0.00774637 0.00339433 0.0111926 0.00856388 0.00234458 0.0101714 0.00774637 0.00339433 0.0111926 0.00673436 0.00205639 0.0107665 0.00774637 0.00339433 0.0111926 0.00663346 0.00384969 0.0100079 0.00774637 0.00339433 0.0111926 0.0069292 0.00384271 0.0128863 0.00945216 0.013076 0.000749256 0.00920325 0.0126127 0.00241739 0.00203052 0.00233768 0.0132393 0.00233364 0.00115674 0.0144314 0.00203052 0.00233768 0.0132393 0.000742283 0.00123893 0.012809 0.00203052 0.00233768 0.0132393 0.00154121 0.00327924 0.0144744 0.00203052 0.00233768 0.0132393 0.00359403 0.00144697 0.0126623 0.000418812 0.00670399 0.00525533 -0.0010904345204828987 0.0073774 0.00467984 0.0130047 0.00963998 0.000696527 0.0138058 0.0085099 0.000757212 0.0130047 0.00963998 0.000696527 0.0138093 0.0111395 0.000842585 0.0130047 0.00963998 0.000696527 0.0120432 0.0105601 0.00170202 0.0136999 0.00650829 0.00259982 0.0135682 0.00479646 0.00272295 0.0136999 0.00650829 0.00259982 0.0144779 0.00793718 0.00223498 0.0136999 0.00650829 0.00259982 0.0134629 0.00692764 0.000945181 0.0136999 0.00650829 0.00259982 0.0119922 0.00596005 0.00330881 0.00640045 0.0062688 0.00926918 0.00526061 0.00552815 0.00821719 0.00640045 0.0062688 0.00926918 0.00551452 0.00630993 0.0107041 0.00640045 0.0062688 0.00926918 0.00795137 0.00609129 0.00982887 0.00640045 0.0062688 0.00926918 0.00574902 0.00734879 0.00817203 0.00779927 0.00602207 0.00322564 0.00673104 0.00475392 0.00269162 0.00779927 0.00602207 0.00322564 0.00631321 0.00667648 0.00301519 0.00779927 0.00602207 0.00322564 0.00934228 0.00541221 0.00303254 0.00434473 0.00658616 0.0141112 0.00341924 0.00616293 0.0124575 0.00988525 0.00264787 0.00903162 0.00896454 0.00131934 0.00792336 0.00988525 0.00264787 0.00903162 0.00911798 0.00436004 0.0096004 0.00988525 0.00264787 0.00903162 0.0105144 0.0029798 0.0108948 0.0149673 0.0100163 0.00393141 0.0136592 0.00888639 0.00371737 0.0149673 0.0100163 0.00393141 0.0143258 0.00951495 0.00536918 0.0149673 0.0100163 0.00393141 0.0162476515204829 0.010352 0.00295445 0.0149673 0.0100163 0.00393141 0.0148137 0.0116747 0.00345297 0.000279323 0.00377106 0.00982998 -0.0010283345204828984 0.00262287 0.00976003 0.000279323 0.00377106 0.00982998 -0.00038563452048289885 0.00500982 0.0108113 0.000279323 0.00377106 0.00982998 -3.743452048289895e-05 0.00315787 0.0113593 0.000279323 0.00377106 0.00982998 0.00182832 0.0032197 0.0102603 0.000279323 0.00377106 0.00982998 -0.0004681345204828981 0.00387729 0.00806378 0.0138058 0.0085099 0.000757212 0.0149802 0.00967256 0.00092195 0.0138058 0.0085099 0.000757212 0.0144779 0.00793718 0.00223498 0.0138058 0.0085099 0.000757212 0.0134629 0.00692764 0.000945181 0.00362028 0.00584406 0.00643751 0.00343174 0.0073073 0.00572037 0.00362028 0.00584406 0.00643751 0.0032797 0.00614054 0.00805145 0.00362028 0.00584406 0.00643751 0.00258773 0.0046858 0.00703065 0.00362028 0.00584406 0.00643751 0.00513331 0.0059524 0.00584849 0.0153189 0.0138761 0.0146439 0.016610174520482898 0.0149498 0.0143755 0.0153189 0.0138761 0.0146439 0.015970936520482898 0.0122622 0.0145095 0.0153189 0.0138761 0.0146439 0.0140496 0.0127511 0.0144262 0.0133296 0.00300237 0.00468012 0.0122882 0.00209429 0.00420944 0.0133296 0.00300237 0.00468012 0.0128448 0.00301368 0.00661025 0.0133296 0.00300237 0.00468012 0.0148733 0.00393738 0.00545689 0.0128291 0.0126087 0.00962027 0.0138313 0.012481 0.00826821 0.0128291 0.0126087 0.00962027 0.0117085 0.0112083 0.0104334 0.0128291 0.0126087 0.00962027 0.0116419 0.0135771 0.0108081 0.0111652 0.0125905 0.00915726 0.0120945 0.0133996 0.00795507 0.0111652 0.0125905 0.00915726 0.00999035 0.012727 0.00759293 0.0111652 0.0125905 0.00915726 0.0117085 0.0112083 0.0104334 0.0111652 0.0125905 0.00915726 0.0116419 0.0135771 0.0108081 0.000219644 0.00698282 0.00708926 0.000427849 0.00537416 0.00678088 0.000219644 0.00698282 0.00708926 -0.0002070345204828996 0.0085856 0.00729237 0.000219644 0.00698282 0.00708926 0.000731434 0.00741224 0.00889609 0.00115998 0.0111961 0.0122206 1.4115099999999908e-05 0.0123435 0.0127924 0.00115998 0.0111961 0.0122206 0.000694271 0.0121836 0.0111114 0.00115998 0.0111961 0.0122206 0.00193247 0.0106993 0.0108775 0.00115998 0.0111961 0.0122206 -0.0004287345204828997 0.0105633 0.0120957 0.00115998 0.0111961 0.0122206 0.00265641 0.0108205 0.0132162 0.0138595 0.000445606 0.00614881 0.0130472 0.00114517 0.00705028 0.0138595 0.000445606 0.00614881 0.0145758 0.0019247499999999998 0.00599867 0.0138595 0.000445606 0.00614881 0.012204 0.000757626 0.00575173 0.0138595 0.000445606 0.00614881 0.0157851925204829 0.00019263500000000003 0.00574279 0.0138595 0.000445606 0.00614881 0.0137533 -0.001302934520482898 0.00556156 0.00865836 0.00682836 0.0146994 0.00762959 0.00615388 0.0139975 0.00865836 0.00682836 0.0146994 0.00931069 0.00658155 0.0131528 0.00865836 0.00682836 0.0146994 0.00811496 0.00842274 0.0144168 0.00182087 0.00147073 0.00613927 0.0024444 0.00118667 0.00772203 0.00182087 0.00147073 0.00613927 0.000414558 0.00019263500000000003 0.00574279 0.00182087 0.00147073 0.00613927 0.00371273 0.00108794 0.00591958 0.00682169 0.0150128 0.00453348 0.00843132 0.0150034 0.00437379 0.00682169 0.0150128 0.00453348 0.00534557 0.0157172945204829 0.00461598 0.00682169 0.0150128 0.00453348 0.00583973 0.0142939 0.0030166 0.0100439 0.00179684 0.00635142 0.011023 0.00246347 0.00520603 0.0100439 0.00179684 0.00635142 0.0103824 0.00039714000000000004 0.005487 0.0100439 0.00179684 0.00635142 0.00896454 0.00131934 0.00792336 0.0100439 0.00179684 0.00635142 0.0113194 0.00151832 0.00776026 0.0100439 0.00179684 0.00635142 0.008418 0.00269916 0.00595766 0.0130472 0.00114517 0.00705028 0.012204 0.000757626 0.00575173 0.0130472 0.00114517 0.00705028 0.0140113 0.00188055 0.00803914 0.0130472 0.00114517 0.00705028 0.0128448 0.00301368 0.00661025 0.0130472 0.00114517 0.00705028 0.0113194 0.00151832 0.00776026 0.0116062 0.00416555 0.00584918 0.0118248 0.00396197 0.00420098 0.0116062 0.00416555 0.00584918 0.010202 0.00460568 0.00517186 0.0116062 0.00416555 0.00584918 0.0128448 0.00301368 0.00661025 0.00368363 0.00187894 0.000682861 0.00506621 0.000975279 0.000909725 0.00368363 0.00187894 0.000682861 0.00359661 0.00315342 0.00170258 0.00368363 0.00187894 0.000682861 0.00329161 0.00030235700000000006 0.0017968199999999998 0.00368363 0.00187894 0.000682861 0.00177583 0.00204182 0.00120939 0.00762959 0.00615388 0.0139975 0.00610878 0.00612001 0.0128248 0.0102308 0.00756525 0.0118334 0.00927042 0.00776417 0.0101156 0.0122882 0.00209429 0.00420944 0.011023 0.00246347 0.00520603 0.0122882 0.00209429 0.00420944 0.0136145 0.00113654 0.00452018 0.0122882 0.00209429 0.00420944 0.0129111 0.00282115 0.00255538 0.00481886 0.00660089 0.00275253 0.00370761 0.00741853 0.00200219 0.00481886 0.00660089 0.00275253 0.00631321 0.00667648 0.00301519 0.00481886 0.00660089 0.00275253 0.0035409 0.00559318 0.00292577 0.0130448 0.00451368 0.00541289 0.0138889 0.00556811 0.00439314 0.0130448 0.00451368 0.00541289 0.0122821 0.00597883 0.00548947 0.0130448 0.00451368 0.00541289 0.0128448 0.00301368 0.00661025 0.0130448 0.00451368 0.00541289 0.0148733 0.00393738 0.00545689 0.00350828 0.0127195 0.0104588 0.00396106 0.0139045 0.00902363 0.00350828 0.0127195 0.0104588 0.0038254 0.0112208 0.0114789 0.00350828 0.0127195 0.0104588 0.00455708 0.0129767 0.0120055 0.00350828 0.0127195 0.0104588 0.00474007 0.0121636 0.00914225 0.00350828 0.0127195 0.0104588 0.00175532 0.0134383 0.0103344 0.00350828 0.0127195 0.0104588 0.00266446 0.011467 0.00896511 0.0109905 0.0137068 0.0128953 0.011615 0.0125889 0.0143936 0.0109905 0.0137068 0.0128953 0.00976996 0.0136383 0.014408 0.0109905 0.0137068 0.0128953 0.0116419 0.0135771 0.0108081 0.00908099 0.000591219 0.00090875 0.0089067 -0.0007934345204828994 0.00221369 0.00908099 0.000591219 0.00090875 0.0088953 0.00124312 0.00298981 0.00908099 0.000591219 0.00090875 0.00693098 -3.243452048289986e-05 0.00111819 0.0111686 0.0118173 0.00361142 0.00973035 0.0109857 0.00467346 0.0111686 0.0118173 0.00361142 0.0129168 0.0110224 0.003969 0.0111686 0.0118173 0.00361142 0.00981432 0.0108335 0.00263337 0.0111686 0.0118173 0.00361142 0.0122247 0.0133903 0.00330461 0.0111686 0.0118173 0.00361142 0.0110418 0.0125714 0.00182869 0.0111686 0.0118173 0.00361142 0.011242 0.00963596 0.00352259 0.00123954 0.0149498 0.0143755 0.00233364 0.016527374520482897 0.0144314 0.00123954 0.0149498 0.0143755 0.00273193 0.014136 0.0133522 0.00123954 0.0149498 0.0143755 -0.0001648345204828981 0.0145241 0.0127469 0.00440482 0.0125974 0.0145961 0.00507358 0.0139015 0.0136251 0.00440482 0.0125974 0.0145961 0.00247101 0.0125194 0.0144811 0.00440482 0.0125974 0.0145961 0.00506009 0.0112293 0.0131947 0.00550766 0.00530918 0.00409605 0.00673104 0.00475392 0.00269162 0.00550766 0.00530918 0.00409605 0.00631321 0.00667648 0.00301519 0.00550766 0.00530918 0.00409605 0.00489462 0.00429023 0.00253832 0.00550766 0.00530918 0.00409605 0.00496459 0.00376277 0.00510328 0.00550766 0.00530918 0.00409605 0.00513331 0.0059524 0.00584849 0.0136129 0.00329776 0.0144723 0.01248 0.0048604 0.0142924 0.0136129 0.00329776 0.0144723 0.0136339 0.00234321 0.0125785 0.00174234 0.0012819 0.0110781 0.000742283 0.00123893 0.012809 0.00174234 0.0012819 0.0110781 0.000483949 -0.0001459345204828991 0.0106187 0.00174234 0.0012819 0.0110781 0.00127014 0.000924353 0.00918518 0.00174234 0.0012819 0.0110781 0.00297707 0.0016557 0.00955558 0.0146835 0.0119231 0.0099499 0.016064905520482897 0.0121836 0.0111114 0.0146835 0.0119231 0.0099499 0.0134118 0.0108371 0.00923842 0.0146835 0.0119231 0.0099499 0.015478902520482899 0.0134798 0.00900648 0.0146835 0.0119231 0.0099499 0.0148966 0.0136151 0.0107997 0.0146835 0.0119231 0.0099499 0.0138313 0.012481 0.00826821 0.0146835 0.0119231 0.0099499 0.0158071635204829 0.0115043 0.00812507 0.00666198 0.00939862 0.0122092 0.00738198 0.00862596 0.0106645 0.00666198 0.00939862 0.0122092 0.00559617 0.00815197 0.0111301 0.00666198 0.00939862 0.0122092 0.00473177 0.00950777 0.0121215 0.00666198 0.00939862 0.0122092 0.00634946 0.00962625 0.0143034 0.00666198 0.00939862 0.0122092 0.00875803 0.00885407 0.0123405 0.00462615 0.00437676 0.00686314 0.00526061 0.00552815 0.00821719 0.00462615 0.00437676 0.00686314 0.00376593 0.00431927 0.00859833 0.00462615 0.00437676 0.00686314 0.00496459 0.00376277 0.00510328 0.00462615 0.00437676 0.00686314 0.00513331 0.0059524 0.00584849 0.00462615 0.00437676 0.00686314 0.00338444 0.00316305 0.00612888 0.00754832 0.00921449 0.00399679 0.00669364 0.0109304 0.00401177 0.00754832 0.00921449 0.00399679 0.00766538 0.00788841 0.00253833 0.00754832 0.00921449 0.00399679 0.00942914 0.00832962 0.0046986 0.00754832 0.00921449 0.00399679 0.00698909 0.00728632 0.00489334 0.0100221 0.0018406 0.0126659 0.0085952 0.00271005 0.0134731 0.0100221 0.0018406 0.0126659 0.0117872 0.00115571 0.0116475 0.0100221 0.0018406 0.0126659 0.00870539 9.460049999999998e-05 0.0126002 0.0100221 0.0018406 0.0126659 0.0105144 0.0029798 0.0108948 0.0100221 0.0018406 0.0126659 0.0106571 0.0002941090000000001 0.0141398 1.41151e-05 0.0123435 0.0127924 0.000694271 0.0121836 0.0111114 1.41151e-05 0.0123435 0.0127924 0.000600302 0.0122622 0.0145095 1.41151e-05 0.0123435 0.0127924 -0.0004287345204828998 0.0105633 0.0120957 1.41151e-05 0.0123435 0.0127924 -0.0019813345204828994 0.0128789 0.0123459 1.41151e-05 0.0123435 0.0127924 -0.00016483452048289887 0.0145241 0.0127469 0.0129554 0.0122705 0.00655939 0.0138313 0.012481 0.00826821 0.0129554 0.0122705 0.00655939 0.0120945 0.0133996 0.00795507 0.0129554 0.0122705 0.00655939 0.0135872 0.0102575 0.00728074 0.0129554 0.0122705 0.00655939 0.0113872 0.0136318 0.00587027 0.0129554 0.0122705 0.00655939 0.0137533 0.0140677 0.00556156 0.0129554 0.0122705 0.00655939 0.0150626 0.0121426 0.00595212 0.00797148 0.0111237 0.0025548 0.00920325 0.0126127 0.00241739 0.00797148 0.0111237 0.0025548 0.00669364 0.0109304 0.00401177 0.00797148 0.0111237 0.0025548 0.00981432 0.0108335 0.00263337 0.00797148 0.0111237 0.0025548 0.00652451 0.0122959 0.00232233 0.00797148 0.0111237 0.0025548 0.00796422 0.00949811 0.00117325 0.00311471 0.00975202 0.00774437 0.00124551 0.0094352 0.00812577 0.00311471 0.00975202 0.00774437 0.00277466 0.00796192 0.00831361 0.00311471 0.00975202 0.00774437 0.00390124 0.00965242 0.00602318 0.00311471 0.00975202 0.00774437 0.00495186 0.0102011 0.00798641 0.00311471 0.00975202 0.00774437 0.00213374 0.0111315 0.00640642 0.00311471 0.00975202 0.00774437 0.00266446 0.011467 0.00896511 0.00117642 0.00793708 0.0140674 0.00027192100000000006 0.00631312 0.0141524 0.00117642 0.00793708 0.0140674 0.00236877 0.00927747 0.0145524 0.00117642 0.00793708 0.0140674 0.00236553 0.00647102 0.0144415 0.00117642 0.00793708 0.0140674 0.00017880299999999995 0.00944293 0.0144978 0.00117642 0.00793708 0.0140674 0.00130146 0.00904122 0.0121695 0.014792 0.0013073 0.0111542 0.0143423 0.00262287 0.00976003 0.014792 0.0013073 0.0111542 0.0158545835204829 -0.0001459345204828993 0.0106187 0.014792 0.0013073 0.0111542 0.0148221 0.000782182 0.00928872 0.014792 0.0013073 0.0111542 0.0153332 0.00315787 0.0113593 0.014792 0.0013073 0.0111542 0.0134189 -0.0002247345204828997 0.0105555 0.014792 0.0013073 0.0111542 0.0136339 0.00234321 0.0125785 0.01112 0.00748176 0.00576106 0.0102698 0.00635547 0.00444891 0.01112 0.00748176 0.00576106 0.0122821 0.00597883 0.00548947 0.01112 0.00748176 0.00576106 0.0125735 0.00755284 0.00698267 0.01112 0.00748176 0.00576106 0.00942914 0.00832962 0.0046986 0.01112 0.00748176 0.00576106 0.0122659 0.00927611 0.00561146 0.01112 0.00748176 0.00576106 0.00928022 0.00643706 0.00634863 0.00738445 0.00732661 0.00705661 0.00750258 0.00771037 0.00893498 0.00738445 0.00732661 0.00705661 0.00788846 0.00887733 0.00606273 0.00738445 0.00732661 0.00705661 0.00574902 0.00734879 0.00817203 0.00738445 0.00732661 0.00705661 0.00698909 0.00728632 0.00489334 0.00738445 0.00732661 0.00705661 0.00928022 0.00643706 0.00634863 0.00738445 0.00732661 0.00705661 0.00715322 0.00533106 0.00622825 0.00156199 0.0132862 0.00615405 0.00320432 0.0126268 0.00541845 0.00156199 0.0132862 0.00615405 0.000802221 0.0144417 0.00749869 0.00156199 0.0132862 0.00615405 0.00213374 0.0111315 0.00640642 0.00156199 0.0132862 0.00615405 -0.0003080345204828994 0.0121426 0.00595212 0.0136592 0.00888639 0.00371737 0.0138898 0.0102581 0.00247586 0.0136592 0.00888639 0.00371737 0.0143258 0.00951495 0.00536918 0.0136592 0.00888639 0.00371737 0.0142802 0.0073774 0.00467984 0.0136592 0.00888639 0.00371737 0.0144779 0.00793718 0.00223498 0.0136592 0.00888639 0.00371737 0.0125824 0.00853851 0.00210868 0.0136592 0.00888639 0.00371737 0.0121339 0.00783684 0.00404783 0.00691938 0.0011383 0.00851543 0.00546523 0.000901014 0.00968179 0.00691938 0.0011383 0.00851543 0.00804365 0.000234175 0.0101561 0.00691938 0.0011383 0.00851543 0.00896454 0.00131934 0.00792336 0.00691938 0.0011383 0.00851543 0.00644529 0.00122516 0.00637692 0.00807732 0.00121977 0.0144705 0.0085952 0.00271005 0.0134731 0.00807732 0.00121977 0.0144705 0.00651407 4.272070000000002e-05 0.0135665 0.00124551 0.0094352 0.00812577 -0.0003013345204828984 0.00978469 0.00925657 0.00124551 0.0094352 0.00812577 -0.00020703452048289987 0.0085856 0.00729237 0.00124551 0.0094352 0.00812577 0.00239179 0.00936221 0.00961564 0.00124551 0.0094352 0.00812577 0.00043652899999999995 0.0115043 0.00812507 0.00124551 0.0094352 0.00812577 0.000731434 0.00741224 0.00889609 0.0138093 0.0111395 0.000842585 0.0138898 0.0102581 0.00247586 0.0138093 0.0111395 0.000842585 0.0146526 0.0128168 0.000812112 0.0138093 0.0111395 0.000842585 0.0149802 0.00967256 0.00092195 0.0138093 0.0111395 0.000842585 0.0129426 0.0122428 0.00204217 0.00525033 0.0085159 0.00245228 0.00370761 0.00741853 0.00200219 0.00525033 0.0085159 0.00245228 0.00538299 0.00731263 0.0009433179999999998 0.00525033 0.0085159 0.00245228 0.00592848 0.00912468 0.000857479 0.00525033 0.0085159 0.00245228 0.00405369 0.00890055 0.0009050690000000001 0.00525033 0.0085159 0.00245228 0.00504164 0.0102898 0.0032917 0.00525033 0.0085159 0.00245228 0.00483642 0.00844116 0.00449357 0.00931069 0.00658155 0.0131528 0.00803417 0.00688241 0.0117179 0.00931069 0.00658155 0.0131528 0.0104091 0.005693 0.0118173 0.00973035 0.0109857 0.00467346 0.0110136 0.0114765 0.00608454 0.00920325 0.0126127 0.00241739 0.00781716 0.013515 0.00333392 0.00920325 0.0126127 0.00241739 0.00981432 0.0108335 0.00263337 0.00920325 0.0126127 0.00241739 0.00779104 0.0133708 0.00134064 0.00920325 0.0126127 0.00241739 0.0089067 0.0145772 0.00221369 0.00920325 0.0126127 0.00241739 0.0110418 0.0125714 0.00182869 0.00920325 0.0126127 0.00241739 0.0102464 0.0139664 0.0038129 0.00750258 0.00771037 0.00893498 0.00915555 0.00791194 0.00788389 0.00750258 0.00771037 0.00893498 0.00738198 0.00862596 0.0106645 0.00750258 0.00771037 0.00893498 0.00795137 0.00609129 0.00982887 0.00750258 0.00771037 0.00893498 0.00574902 0.00734879 0.00817203 0.00750258 0.00771037 0.00893498 0.00617458 0.00900985 0.00910026 0.00750258 0.00771037 0.00893498 0.00927042 0.00776417 0.0101156 0.0129168 0.0110224 0.003969 0.0138898 0.0102581 0.00247586 0.0129168 0.0110224 0.003969 0.011242 0.00963596 0.00352259 0.0103892 0.0111451 0.000872728 0.0120432 0.0105601 0.00170202 0.0103892 0.0111451 0.000872728 0.0100698 0.00928149 0.00089909 0.0103892 0.0111451 0.000872728 0.00981432 0.0108335 0.00263337 0.0103892 0.0111451 0.000872728 0.0110418 0.0125714 0.00182869 0.00838932 0.00463135 0.0045899 0.00716977 0.00323586 0.0041996 0.00838932 0.00463135 0.0045899 0.00955945 0.00310406 0.00410763 0.00838932 0.00463135 0.0045899 0.010202 0.00460568 0.00517186 0.00838932 0.00463135 0.0045899 0.00934228 0.00541221 0.00303254 0.00838932 0.00463135 0.0045899 0.00831539 0.00377949 0.00281739 0.00838932 0.00463135 0.0045899 0.00715322 0.00533106 0.00622825 0.0100848 0.00599716 0.00858566 0.0113112 0.00564228 0.00711587 0.0100848 0.00599716 0.00858566 0.0111737 0.0069816 0.00983003 0.0100848 0.00599716 0.00858566 0.0110042 0.0076238 0.0080279 0.0100848 0.00599716 0.00858566 0.00911798 0.00436004 0.0096004 0.0100848 0.00599716 0.00858566 0.00970292 0.0042138 0.00727617 0.00716977 0.00323586 0.0041996 0.00750462 0.00131208 0.00461104 0.00716977 0.00323586 0.0041996 0.00570806 0.00214826 0.00456099 0.00716977 0.00323586 0.0041996 0.00831539 0.00377949 0.00281739 0.00716977 0.00323586 0.0041996 0.008418 0.00269916 0.00595766 0.00803417 0.00688241 0.0117179 0.00719035 0.00522911 0.011251 0.00803417 0.00688241 0.0117179 0.00927042 0.00776417 0.0101156 0.00803417 0.00688241 0.0117179 0.00875803 0.00885407 0.0123405 0.00673104 0.00475392 0.00269162 0.00631321 0.00667648 0.00301519 0.00673104 0.00475392 0.00269162 0.00489462 0.00429023 0.00253832 0.00673104 0.00475392 0.00269162 0.00603632 0.00427764 0.0009329170000000001 0.00673104 0.00475392 0.00269162 0.00831539 0.00377949 0.00281739 0.00673104 0.00475392 0.00269162 0.0072244 0.00620828 0.00116065 0.000271921 0.00631312 0.0141524 -0.0010410345204828991 0.00662442 0.0127683 0.000271921 0.00631312 0.0141524 -8.783452048289963e-05 0.00450269 0.0145052 0.000271921 0.00631312 0.0141524 0.000167381 0.00506648 0.012683 0.011615 0.0125889 0.0143936 0.0111311 0.0107118 0.014401 0.000114288 0.0031526 0.0132468 0.00154121 0.00327924 0.0144744 0.000114288 0.0031526 0.0132468 -8.78345204829006e-05 0.00450269 0.0145052 0.000114288 0.0031526 0.0132468 0.000167381 0.00506648 0.012683 0.000114288 0.0031526 0.0132468 -3.74345204828998e-05 0.00315787 0.0113593 0.000114288 0.0031526 0.0132468 -0.0017367345204829007 0.00234321 0.0125785 0.00343174 0.0073073 0.00572037 0.00196482 0.00663834 0.00679314 0.00343174 0.0073073 0.00572037 0.00170972 0.00862476 0.0060503 0.00343174 0.0073073 0.00572037 0.00257912 0.00777336 0.00376394 0.00343174 0.0073073 0.00572037 0.00483642 0.00844116 0.00449357 0.0120432 0.0105601 0.00170202 0.0129426 0.0122428 0.00204217 0.0120432 0.0105601 0.00170202 0.011242 0.00963596 0.00352259 0.00228892 0.0126539 0.0120717 0.000694271 0.0121836 0.0111114 0.00228892 0.0126539 0.0120717 0.00175532 0.0134383 0.0103344 0.00228892 0.0126539 0.0120717 0.00265641 0.0108205 0.0132162 0.00370761 0.00741853 0.00200219 0.00538299 0.00731263 0.0009433179999999998 0.00370761 0.00741853 0.00200219 0.00275963 0.00601713 0.00126728 0.00370761 0.00741853 0.00200219 0.00215499 0.00764296 0.000848651 0.00370761 0.00741853 0.00200219 0.00405369 0.00890055 0.0009050690000000001 0.00370761 0.00741853 0.00200219 0.00257912 0.00777336 0.00376394 0.0138898 0.0102581 0.00247586 0.0149802 0.00967256 0.0009219499999999999 0.0138898 0.0102581 0.00247586 0.0148137 0.0116747 0.00345297 0.00198444 0.0150523 0.00423767 0.00210087 0.0131059 0.00395751 0.00198444 0.0150523 0.00423767 0.00312247 0.0144776 0.00553698 0.00198444 0.0150523 0.00423767 0.0037209 0.014374 0.00356214 0.00198444 0.0150523 0.00423767 0.000414558 0.0155632695204829 0.00574279 0.00198444 0.0150523 0.00423767 0.00105095 0.0151171 0.00239109 0.0107821 0.00228088 0.00286013 0.00955945 0.00310406 0.00410763 0.0107821 0.00228088 0.00286013 0.0119361 0.0008008030000000001 0.00285056 0.0107821 0.00228088 0.00286013 0.0109652 0.00422473 0.00219587 0.0107821 0.00228088 0.00286013 0.0088953 0.00124312 0.00298981 0.0107821 0.00228088 0.00286013 0.0129111 0.00282115 0.00255538 0.00526061 0.00552815 0.00821719 0.00672493 0.00423506 0.00809138 0.00526061 0.00552815 0.00821719 0.00376593 0.00431927 0.00859833 0.00526061 0.00552815 0.00821719 0.00574902 0.00734879 0.00817203 0.00196482 0.00663834 0.00679314 0.0032797 0.00614054 0.00805145 0.00196482 0.00663834 0.00679314 0.0004278490000000001 0.00537416 0.00678088 0.00196482 0.00663834 0.00679314 0.00170972 0.00862476 0.0060503 0.0111311 0.0107118 0.014401 0.00937883 0.0115674 0.0144438 0.0111311 0.0107118 0.014401 0.0107299 0.00935113 0.0130333 0.0111311 0.0107118 0.014401 0.0125162 0.00940704 0.0144787 0.0111311 0.0107118 0.014401 0.00952998 0.00961702 0.014469 0.0111311 0.0107118 0.014401 0.010464 0.0115221 0.0125348 0.000694271 0.0121836 0.0111114 -0.00047403452048289953 0.0136151 0.0107997 0.000694271 0.0121836 0.0111114 0.00193247 0.0106993 0.0108775 0.000694271 0.0121836 0.0111114 0.00175532 0.0134383 0.0103344 0.0134118 0.0108371 0.00923842 0.0150693 0.00978469 0.00925657 0.0134118 0.0108371 0.00923842 0.0138313 0.012481 0.00826821 0.0134118 0.0108371 0.00923842 0.0135872 0.0102575 0.00728074 0.0134118 0.0108371 0.00923842 0.0136215 0.00937917 0.01081 0.0134118 0.0108371 0.00923842 0.0117085 0.0112083 0.0104334 0.00197995 0.00737236 0.010667 0.00342645 0.0083408 0.0113643 0.00197995 0.00737236 0.010667 0.0014423 0.00555585 0.0110196 0.00197995 0.00737236 0.010667 0.00346664 0.00581893 0.0101212 0.00197995 0.00737236 0.010667 0.000731434 0.00741224 0.00889609 0.0118248 0.00396197 0.00420098 0.011023 0.00246347 0.00520603 0.0118248 0.00396197 0.00420098 0.010202 0.00460568 0.00517186 0.0118248 0.00396197 0.00420098 0.0109652 0.00422473 0.00219587 0.0118248 0.00396197 0.00420098 0.0119922 0.00596005 0.00330881 0.00737368 0.0119328 0.00651784 0.00631987 0.0123775 0.00811547 0.00737368 0.0119328 0.00651784 0.00812326 0.0120229 0.00833976 0.00737368 0.0119328 0.00651784 0.00663557 0.013685 0.00668341 0.00737368 0.0119328 0.00651784 0.00689042 0.0126815 0.00478848 0.00737368 0.0119328 0.00651784 0.00886773 0.0131138 0.00551859 0.00737368 0.0119328 0.00651784 0.00734525 0.0101427 0.00763727 0.00781716 0.013515 0.00333392 0.00779104 0.0133708 0.0013406400000000001 0.00781716 0.013515 0.00333392 0.0089067 0.0145772 0.00221369 0.00781716 0.013515 0.00333392 0.00843132 0.0150034 0.00437379 0.00781716 0.013515 0.00333392 0.00689042 0.0126815 0.00478848 0.00781716 0.013515 0.00333392 0.00583973 0.0142939 0.0030166 0.0143423 0.00262287 0.00976003 0.0148221 0.000782182 0.00928872 0.0143423 0.00262287 0.00976003 0.0153332 0.00315787 0.0113593 0.0143423 0.00262287 0.00976003 0.0125681 0.00171993 0.00961878 0.0143423 0.00262287 0.00976003 0.0140113 0.00188055 0.00803914 0.0143423 0.00262287 0.00976003 0.0149025 0.00387729 0.00806378 0.0143423 0.00262287 0.00976003 0.0127896 0.00366125 0.0107786 0.00631987 0.0123775 0.00811547 0.00474007 0.0121636 0.00914225 0.00631987 0.0123775 0.00811547 0.00613421 0.0109146 0.00937458 0.00631987 0.0123775 0.00811547 0.00812326 0.0120229 0.00833976 0.00631987 0.0123775 0.00811547 0.00663557 0.013685 0.00668341 0.00631987 0.0123775 0.00811547 0.00621795 0.0143269 0.00898024 0.00631987 0.0123775 0.00811547 0.00451373 0.0121109 0.0069794 0.0113112 0.00564228 0.00711587 0.0131211 0.00502758 0.00737449 0.0113112 0.00564228 0.00711587 0.0122821 0.00597883 0.00548947 0.0113112 0.00564228 0.00711587 0.0124009 0.00640074 0.00853939 0.0113112 0.00564228 0.00711587 0.00970292 0.0042138 0.00727617 0.00396106 0.0139045 0.00902363 0.00398195 0.0157267265204829 0.00854828 0.00396106 0.0139045 0.00902363 0.00209716 0.0135358 0.00854677 0.00396106 0.0139045 0.00902363 0.00474007 0.0121636 0.00914225 0.00396106 0.0139045 0.00902363 0.0047519 0.0143786 0.00730544 0.00396106 0.0139045 0.00902363 0.00500201 0.0142154 0.0106521 0.00396106 0.0139045 0.00902363 0.00256071 0.0150564 0.00972878 0.0150693 0.00978469 0.00925657 0.0136215 0.00937917 0.01081 0.0150693 0.00978469 0.00925657 0.0158071635204829 0.0115043 0.00812507 0.0150693 0.00978469 0.00925657 0.0137537 0.00805144 0.00878234 0.00188371 0.00298924 0.00740235 0.00258773 0.0046858 0.00703065 0.00188371 0.00298924 0.00740235 0.0024444 0.00118667 0.00772203 0.00188371 0.00298924 0.00740235 0.00338444 0.00316305 0.00612888 0.00631321 0.00667648 0.00301519 0.00766538 0.00788841 0.00253833 0.00631321 0.00667648 0.00301519 0.00698909 0.00728632 0.00489334 0.00631321 0.00667648 0.00301519 0.0072244 0.00620828 0.00116065 0.00672493 0.00423506 0.00809138 0.00818736 0.00559069 0.0080488 0.00672493 0.00423506 0.00809138 0.00663346 0.00384969 0.0100079 0.00672493 0.00423506 0.00809138 0.00715322 0.00533106 0.00622825 0.0122979 0.00162615 0.000934022 0.014096 0.00180356 0.00100368 0.0122979 0.00162615 0.000934022 0.0129111 0.00282115 0.00255538 0.009391 0.00891311 0.00265586 0.0100698 0.00928149 0.00089909 0.009391 0.00891311 0.00265586 0.00981432 0.0108335 0.00263337 0.009391 0.00891311 0.00265586 0.0102597 0.00716305 0.00264407 0.009391 0.00891311 0.00265586 0.00942914 0.00832962 0.0046986 0.009391 0.00891311 0.00265586 0.00796422 0.00949811 0.00117325 0.009391 0.00891311 0.00265586 0.011242 0.00963596 0.00352259 0.00779686 0.0102046 0.00977872 0.00816377 0.0119129 0.0102295 0.00779686 0.0102046 0.00977872 0.00738198 0.00862596 0.0106645 0.00779686 0.0102046 0.00977872 0.00613421 0.0109146 0.00937458 0.00779686 0.0102046 0.00977872 0.00909936 0.00956569 0.00872481 0.00779686 0.0102046 0.00977872 0.00734525 0.0101427 0.00763727 0.00320432 0.0126268 0.00541845 0.00210087 0.0131059 0.00395751 0.00320432 0.0126268 0.00541845 0.00312247 0.0144776 0.00553698 0.00320432 0.0126268 0.00541845 0.00437937 0.0111413 0.00493094 0.00320432 0.0126268 0.00541845 0.00505115 0.0137365 0.00523636 0.00320432 0.0126268 0.00541845 0.00451373 0.0121109 0.0069794 0.00320432 0.0126268 0.00541845 0.00213374 0.0111315 0.00640642 0.00194 0.00463585 0.0131448 0.00359514 0.00354825 0.0130733 0.00194 0.00463585 0.0131448 0.00154121 0.00327924 0.0144744 0.00194 0.00463585 0.0131448 0.00016738100000000008 0.00506648 0.012683 0.00194 0.00463585 0.0131448 0.00281738 0.00427557 0.0115091 0.00194 0.00463585 0.0131448 0.00341924 0.00616293 0.0124575 0.000127327 0.000652341 0.00081025 -0.0012746345204829 0.00180356 0.00100368 0.000127327 0.000652341 0.00081025 0.00105095 -0.0002535345204829003 0.00239109 0.000127327 0.000652341 0.00081025 0.00177583 0.00204182 0.00120939 0.00236877 0.00927747 0.0145524 0.00305499 0.0081446 0.0132436 0.00236877 0.00927747 0.0145524 0.00423021 0.00936856 0.0142987 0.00236877 0.00927747 0.0145524 0.00265641 0.0108205 0.0132162 0.00837952 0.0135913 0.00945576 0.00816377 0.0119129 0.0102295 0.00837952 0.0135913 0.00945576 0.00818538 0.0146816 0.00794779 0.00837952 0.0135913 0.00945576 0.0102002 0.0141239 0.00927605 0.00837952 0.0135913 0.00945576 0.00812326 0.0120229 0.00833976 0.00837952 0.0135913 0.00945576 0.00804365 0.015604809520482899 0.0101561 0.00837952 0.0135913 0.00945576 0.0092903 0.0132914 0.011426 0.0135682 0.00479646 0.00272295 0.0138889 0.00556811 0.00439314 0.0135682 0.00479646 0.00272295 0.0152443 0.00432943 0.00238109 0.0135682 0.00479646 0.00272295 0.0129111 0.00282115 0.00255538 0.0135682 0.00479646 0.00272295 0.0119922 0.00596005 0.00330881 0.001676 0.0037193 0.00553534 0.00271372 0.00503436 0.00453551 0.001676 0.0037193 0.00553534 0.00338444 0.00316305 0.00612888 0.001676 0.0037193 0.00553534 0.000832271 0.00219935 0.00471153 0.001676 0.0037193 0.00553534 -0.0004973345204828989 0.00393738 0.00545689 0.00856388 0.00234458 0.0101714 0.00673436 0.00205639 0.0107665 0.00856388 0.00234458 0.0101714 0.00804365 0.0002341750000000001 0.0101561 0.00856388 0.00234458 0.0101714 0.00911798 0.00436004 0.0096004 0.00856388 0.00234458 0.0101714 0.0105144 0.0029798 0.0108948 0.0137293 0.00476471 0.0122949 0.0124766 0.00611337 0.0127355 0.0137293 0.00476471 0.0122949 0.015538015520482899 0.00506648 0.012683 0.0137293 0.00476471 0.0122949 0.014985 0.00500982 0.0108113 0.0137293 0.00476471 0.0122949 0.0127896 0.00366125 0.0107786 0.0114414 0.00519698 0.0102356 0.0111737 0.0069816 0.00983003 0.0114414 0.00519698 0.0102356 0.0104091 0.005693 0.0118173 0.0114414 0.00519698 0.0102356 0.0116995 0.00369503 0.00863181 0.0114414 0.00519698 0.0102356 0.0127896 0.00366125 0.0107786 0.00305499 0.0081446 0.0132436 0.00493958 0.00790137 0.0131154 0.00305499 0.0081446 0.0132436 0.00342645 0.0083408 0.0113643 0.00305499 0.0081446 0.0132436 0.00423021 0.00936856 0.0142987 0.00305499 0.0081446 0.0132436 0.00130146 0.00904122 0.0121695 0.00305499 0.0081446 0.0132436 0.00341924 0.00616293 0.0124575 0.0146526 0.0128168 0.000812112 0.0146403 0.0141409 0.00194087 0.0146526 0.0128168 0.000812112 0.015704629520482898 0.0114064 0.00149309 0.00662779 0.000975816 0.00301158 0.00750462 0.00131208 0.00461104 0.00662779 0.000975816 0.00301158 0.00583973 -0.0010767345204828983 0.0030166 0.00662779 0.000975816 0.00301158 0.00691515 0.00235016 0.00136909 0.00662779 0.000975816 0.00301158 0.00693098 -3.243452048290029e-05 0.00111819 0.00398195 0.000356092 0.00854828 0.00546523 0.000901014 0.00968179 0.00398195 0.000356092 0.00854828 0.0024444 0.00118667 0.00772203 0.00398195 0.000356092 0.00854828 0.0047519 -0.0009920345204828995 0.00730544 0.00398195 0.000356092 0.00854828 0.00297707 0.0016557 0.00955558 0.00398195 0.000356092 0.00854828 0.00256071 -0.0003142345204829004 0.00972878 0.00398195 0.000356092 0.00854828 0.00475882 0.00219162 0.00773205 0.00582947 0.0134685 0.000953545 0.00420244 0.0123923 0.000945425 0.00582947 0.0134685 0.000953545 0.00652451 0.0122959 0.00232233 0.00582947 0.0134685 0.000953545 0.00583973 0.0142939 0.0030166 0.00582947 0.0134685 0.000953545 0.00693098 0.0153382 0.00111819 0.00915555 0.00791194 0.00788389 0.0110042 0.0076238 0.0080279 0.00915555 0.00791194 0.00788389 0.00909936 0.00956569 0.00872481 0.00915555 0.00791194 0.00788389 0.00927042 0.00776417 0.0101156 0.00915555 0.00791194 0.00788389 0.00928022 0.00643706 0.00634863 0.000108268 0.0134798 0.00900648 0.000802221 0.0144417 0.00749869 0.000108268 0.0134798 0.00900648 -0.00047403452048289964 0.0136151 0.0107997 0.000108268 0.0134798 0.00900648 -0.0014685345204828986 0.0146717 0.00796517 0.000108268 0.0134798 0.00900648 0.000436529 0.0115043 0.00812507 0.00543686 0.00777583 0.00638584 0.00513331 0.0059524 0.00584849 0.00543686 0.00777583 0.00638584 0.00574902 0.00734879 0.00817203 0.00543686 0.00777583 0.00638584 0.00483642 0.00844116 0.00449357 0.00543686 0.00777583 0.00638584 0.00698909 0.00728632 0.00489334 0.00210087 0.0131059 0.00395751 0.0006774049999999998 0.0129721 0.00265266 0.00210087 0.0131059 0.00395751 0.000366681 0.0136859 0.00458094 0.00210087 0.0131059 0.00395751 0.0034508 0.0117956 0.00291391 0.0102145 0.0151745 0.0111019 0.0105068 0.0164605045204829 0.00971668 0.0102145 0.0151745 0.0111019 0.0092903 0.0132914 0.011426 0.0102145 0.0151745 0.0111019 0.0117872 0.016526344520482898 0.0116475 0.0102145 0.0151745 0.0111019 0.00870539 0.0154652350204829 0.0126002 0.0102145 0.0151745 0.0111019 0.0116419 0.0135771 0.0108081 0.0149802 0.00967256 0.00092195 0.0165633045204829 0.0089962 0.00157527 0.0149802 0.00967256 0.00092195 0.015704629520482898 0.0114064 0.00149309 0.000274145 0.0101765 0.00644295 -0.0010448345204828995 0.00951495 0.00536918 0.000274145 0.0101765 0.00644295 -0.00020703452048289982 0.0085856 0.00729237 0.000274145 0.0101765 0.00644295 0.00170972 0.00862476 0.0060503 0.000274145 0.0101765 0.00644295 -0.0017834345204828985 0.0102575 0.00728074 0.000274145 0.0101765 0.00644295 0.000436529 0.0115043 0.00812507 0.000274145 0.0101765 0.00644295 0.00213374 0.0111315 0.00640642 0.000274145 0.0101765 0.00644295 -0.0003080345204828985 0.0121426 0.00595212 0.0140949 0.0134937 0.00356982 0.0157373155204829 0.0136859 0.00458094 0.0140949 0.0134937 0.00356982 0.0148516 0.0152396 0.00384295 0.0140949 0.0134937 0.00356982 0.0122247 0.0133903 0.00330461 0.0140949 0.0134937 0.00356982 0.0146403 0.0141409 0.00194087 0.0140949 0.0134937 0.00356982 0.0148137 0.0116747 0.00345297 0.0140949 0.0134937 0.00356982 0.0137533 0.0140677 0.00556156 0.00507358 0.0139015 0.0136251 0.00467751 0.015034 0.0122886 0.00507358 0.0139015 0.0136251 0.00455708 0.0129767 0.0120055 0.00507358 0.0139015 0.0136251 0.00654894 0.0130523 0.0144972 0.00507358 0.0139015 0.0136251 0.00651407 0.0154133552204829 0.0135665 0.00897267 0.00503523 0.00100521 0.0106705 0.005782 0.000861429 0.00897267 0.00503523 0.00100521 0.00926506 0.00287477 0.00117268 0.00897267 0.00503523 0.00100521 0.0072244 0.00620828 0.00116065 0.00788846 0.00887733 0.00606273 0.00942914 0.00832962 0.0046986 0.00788846 0.00887733 0.00606273 0.00698909 0.00728632 0.00489334 0.00788846 0.00887733 0.00606273 0.00734525 0.0101427 0.00763727 0.00937883 0.0115674 0.0144438 0.00752286 0.0114145 0.0141445 0.00937883 0.0115674 0.0144438 0.00952998 0.00961702 0.014469 0.00937883 0.0115674 0.0144438 0.010464 0.0115221 0.0125348 0.0138889 0.00556811 0.00439314 0.0122821 0.00597883 0.00548947 0.0138889 0.00556811 0.00439314 0.0142802 0.0073774 0.00467984 0.0138889 0.00556811 0.00439314 0.014146 0.00619846 0.00623703 0.0138889 0.00556811 0.00439314 0.0119922 0.00596005 0.00330881 0.0138889 0.00556811 0.00439314 0.0148733 0.00393738 0.00545689 0.00233364 0.00115674 0.0144314 0.00359403 0.00144697 0.0126623 0.0038254 0.0112208 0.0114789 0.00455708 0.0129767 0.0120055 0.0038254 0.0112208 0.0114789 0.00506009 0.0112293 0.0131947 0.0038254 0.0112208 0.0114789 0.00443206 0.00977363 0.0100386 0.0038254 0.0112208 0.0114789 0.00265641 0.0108205 0.0132162 0.000742283 0.00123893 0.012809 -0.0008278345204828991 0.000870548 0.0139869 0.00420244 0.0123923 0.000945425 0.0034508 0.0117956 0.0029139099999999996 0.00750462 0.00131208 0.00461104 0.00570806 0.00214826 0.00456099 0.00750462 0.00131208 0.00461104 0.00843132 -0.0003672345204828993 0.00437379 0.00750462 0.00131208 0.00461104 0.00644529 0.00122516 0.00637692 0.00750462 0.00131208 0.00461104 0.0088953 0.00124312 0.00298981 0.00750462 0.00131208 0.00461104 0.008418 0.00269916 0.00595766 0.0107299 0.00935113 0.0130333 0.0109384 0.00833353 0.0145211 0.0107299 0.00935113 0.0130333 0.00952998 0.00961702 0.014469 0.0107299 0.00935113 0.0130333 0.0121685 0.00856582 0.0121654 0.0107299 0.00935113 0.0130333 0.010464 0.0115221 0.0125348 0.0107299 0.00935113 0.0130333 0.00875803 0.00885407 0.0123405 0.00359514 0.00354825 0.0130733 0.00281738 0.00427557 0.0115091 0.00359514 0.00354825 0.0130733 0.00510995 0.00450016 0.0142746 0.00359514 0.00354825 0.0130733 0.0049796 0.00443226 0.01163 0.00359514 0.00354825 0.0130733 0.00359403 0.0014469699999999997 0.0126623 0.0145428 0.000870548 0.0139869 0.0136339 0.00234321 0.0125785 0.0145428 0.000870548 0.0139869 0.0152058 -0.0008465345204828999 0.0127469 0.0145428 0.000870548 0.0139869 0.0128507 -0.0003065345204828993 0.0131425 0.00648123 0.00748177 0.0143631 0.00811496 0.00842274 0.0144168 0.00648123 0.00748177 0.0143631 0.00610878 0.00612001 0.0128248 0.00648123 0.00748177 0.0143631 0.00634946 0.00962625 0.0143034 0.00546523 0.000901014 0.00968179 0.00624167 0.00030772199999999997 0.011403 0.00546523 0.000901014 0.00968179 0.0039516 0.00048718 0.010745 0.00546523 0.000901014 0.00968179 0.00621795 -0.0010437345204828996 0.00898024 0.00546523 0.000901014 0.00968179 0.00464792 0.00289813 0.00995802 0.0019184 0.0147492 0.0117507 0.000483949 0.0152247 0.0106187 0.0019184 0.0147492 0.0117507 0.00273193 0.014136 0.0133522 0.0019184 0.0147492 0.0117507 0.00175532 0.0134383 0.0103344 0.00816377 0.0119129 0.0102295 0.00812326 0.0120229 0.00833976 0.00816377 0.0119129 0.0102295 0.0092903 0.0132914 0.011426 0.00816377 0.0119129 0.0102295 0.00811391 0.0112196 0.0121829 0.0111737 0.0069816 0.00983003 0.0124009 0.00640074 0.00853939 0.0111737 0.0069816 0.00983003 0.0110042 0.0076238 0.0080279 0.0111737 0.0069816 0.00983003 0.00927042 0.00776417 0.0101156 0.00638109 0.0033675 0.00628393 0.00496459 0.00376277 0.00510328 0.00638109 0.0033675 0.00628393 0.00644529 0.0012251600000000003 0.00637692 0.00638109 0.0033675 0.00628393 0.008418 0.00269916 0.00595766 0.00638109 0.0033675 0.00628393 0.00715322 0.00533106 0.00622825 0.00376593 0.00431927 0.00859833 0.0032797 0.00614054 0.00805145 0.00376593 0.00431927 0.00859833 0.00258773 0.0046858 0.00703065 0.00376593 0.00431927 0.00859833 0.00346664 0.00581893 0.0101212 0.00376593 0.00431927 0.00859833 0.00464792 0.00289813 0.00995802 0.000802221 0.0144417 0.00749869 0.00209716 0.0135358 0.00854677 0.000802221 0.0144417 0.00749869 0.00275906 0.014727 0.00729698 0.000802221 0.0144417 0.00749869 0.000414558 0.0155632695204829 0.00574279 0.0143296 0.00662442 0.0127683 0.0124766 0.00611337 0.0127355 0.0143296 0.00662442 0.0127683 0.015538015520482899 0.00506648 0.012683 0.0143296 0.00662442 0.0127683 0.0149406 0.00769932 0.0112192 0.0143296 0.00662442 0.0127683 0.0141085 0.00875695 0.0131222 0.0102251 0.00965833 0.0102533 0.0118762 0.00891947 0.00955628 0.0102251 0.00965833 0.0102533 0.00998115 0.0112669 0.00916069 0.0102251 0.00965833 0.0102533 0.00909936 0.00956569 0.00872481 0.0102251 0.00965833 0.0102533 0.00927042 0.00776417 0.0101156 0.0102251 0.00965833 0.0102533 0.0117085 0.0112083 0.0104334 0.000677405 0.0129721 0.00265266 -0.0007303345204828997 0.0141409 0.00194087 0.000677405 0.0129721 0.00265266 0.000333995 0.0114064 0.00149309 0.000677405 0.0129721 0.00265266 0.00156782 0.0127756 0.000911601 0.000677405 0.0129721 0.00265266 -0.0005569345204828991 0.0116747 0.00345297 0.000677405 0.0129721 0.00265266 0.00105095 0.0151171 0.00239109 0.0148966 0.0136151 0.0107997 0.0158545835204829 0.0152247 0.0106187 0.0148966 0.0136151 0.0107997 0.0134189 0.0151459 0.0105555 0.0148966 0.0136151 0.0107997 0.0152058 0.0145241 0.0127469 0.000366681 0.0136859 0.00458094 -0.0005190345204829003 0.0152396 0.00384295 0.000366681 0.0136859 0.00458094 0.000414558 0.0155632695204829 0.00574279 0.000366681 0.0136859 0.00458094 -0.0016173345204829003 0.0140677 0.00556156 0.000366681 0.0136859 0.00458094 -0.0003080345204828992 0.0121426 0.00595212 0.0145758 0.00192475 0.00599867 0.0136145 0.00113654 0.00452018 0.0145758 0.00192475 0.00599867 0.0157851925204829 0.00019263500000000003 0.00574279 0.0145758 0.00192475 0.00599867 0.0128448 0.00301368 0.00661025 0.0145758 0.00192475 0.00599867 0.0148733 0.00393738 0.00545689 0.00119267 0.0089962 0.00157527 0.000630687 0.00846458 0.00325454 0.00119267 0.0089962 0.00157527 0.000877017 0.010352 0.00295445 0.00119267 0.0089962 0.00157527 0.00215499 0.00764296 0.000848651 0.00119267 0.0089962 0.00157527 0.00235872 0.0107021 0.00113824 0.0126322 0.00153175 0.0143922 0.0116941 0.00299934 0.0134647 0.0126322 0.00153175 0.0143922 0.0136339 0.00234321 0.0125785 0.0126322 0.00153175 0.0143922 0.0128507 -0.000306534520482899 0.0131425 0.0032797 0.00614054 0.00805145 0.00277466 0.00796192 0.00831361 0.0032797 0.00614054 0.00805145 0.00258773 0.0046858 0.00703065 0.0032797 0.00614054 0.00805145 0.00149082 0.00508158 0.00887165 0.0032797 0.00614054 0.00805145 0.00346664 0.00581893 0.0101212 0.000427849 0.00537416 0.00678088 -0.0012246345204828977 0.00619846 0.00623703 0.000427849 0.00537416 0.00678088 -0.0004681345204828976 0.00387729 0.00806378 0.000427849 0.00537416 0.00678088 -0.0004973345204828977 0.00393738 0.00545689 0.0129838 0.0142876 0.000993387 0.0146403 0.0141409 0.00194087 0.0129838 0.0142876 0.000993387 0.0109584 0.0146306 0.0016838 0.00209716 0.0135358 0.00854677 0.00275906 0.014727 0.00729698 0.00209716 0.0135358 0.00854677 0.00175532 0.0134383 0.0103344 0.00209716 0.0135358 0.00854677 0.00256071 0.0150564 0.00972878 0.00209716 0.0135358 0.00854677 0.00266446 0.011467 0.00896511 0.00277466 0.00796192 0.00831361 0.00239179 0.00936221 0.00961564 0.00277466 0.00796192 0.00831361 0.000731434 0.00741224 0.00889609 0.0145373 0.00605815 0.00819299 0.0131211 0.00502758 0.00737449 0.0145373 0.00605815 0.00819299 0.014146 0.00619846 0.00623703 0.0145373 0.00605815 0.00819299 0.0149025 0.00387729 0.00806378 0.0145373 0.00605815 0.00819299 0.0137537 0.00805144 0.00878234 0.0145373 0.00605815 0.00819299 0.016102068520482897 0.00741224 0.00889609 0.00738198 0.00862596 0.0106645 0.00559617 0.00815197 0.0111301 0.00738198 0.00862596 0.0106645 0.00927042 0.00776417 0.0101156 0.00738198 0.00862596 0.0106645 0.00875803 0.00885407 0.0123405 0.00489462 0.00429023 0.00253832 0.00603632 0.00427764 0.0009329170000000001 0.00489462 0.00429023 0.00253832 0.0046239 0.00555865 0.00103919 0.00489462 0.00429023 0.00253832 0.00359661 0.00315342 0.00170258 0.00489462 0.00429023 0.00253832 0.0035409 0.00559318 0.00292577 0.00489462 0.00429023 0.00253832 0.00512013 0.00233496 0.00268759 0.00669364 0.0109304 0.00401177 0.00531841 0.0122943 0.00373913 0.00669364 0.0109304 0.00401177 0.00689042 0.0126815 0.00478848 0.00669364 0.0109304 0.00401177 0.00504164 0.0102898 0.0032917 0.0124766 0.00611337 0.0127355 0.0118049 0.00667472 0.0144055 0.0124766 0.00611337 0.0127355 0.01248 0.0048604 0.0142924 0.00551452 0.00630993 0.0107041 0.00559617 0.00815197 0.0111301 0.00551452 0.00630993 0.0107041 0.00454627 0.0076352 0.00961946 0.00551452 0.00630993 0.0107041 0.00610878 0.00612001 0.0128248 0.00551452 0.00630993 0.0107041 0.00346664 0.00581893 0.0101212 0.00551452 0.00630993 0.0107041 0.0049796 0.00443226 0.01163 0.0131211 0.00502758 0.00737449 0.0124009 0.00640074 0.00853939 0.0131211 0.00502758 0.00737449 0.014146 0.00619846 0.00623703 0.0131211 0.00502758 0.00737449 0.0149025 0.00387729 0.00806378 0.0131211 0.00502758 0.00737449 0.0128448 0.00301368 0.00661025 0.0112291 0.00767641 0.00097568 0.0100698 0.00928149 0.00089909 0.0112291 0.00767641 0.00097568 0.0106705 0.005782 0.000861429 0.0112291 0.00767641 0.00097568 0.0125824 0.00853851 0.00210868 0.0112291 0.00767641 0.00097568 0.0102597 0.00716305 0.00264407 0.0152828 0.00450269 0.0145052 0.015538015520482899 0.00506648 0.012683 0.00818736 0.00559069 0.0080488 0.00795137 0.00609129 0.00982887 0.00818736 0.00559069 0.0080488 0.00928022 0.00643706 0.00634863 0.00818736 0.00559069 0.0080488 0.00911798 0.00436004 0.0096004 0.00818736 0.00559069 0.0080488 0.00715322 0.00533106 0.00622825 0.00818736 0.00559069 0.0080488 0.00970292 0.0042138 0.00727617 0.0148516 0.0152396 0.00384295 0.0136145 0.0165071745204829 0.00452018 0.0148516 0.0152396 0.00384295 0.0157851925204829 0.0155632695204829 0.00574279 0.0148516 0.0152396 0.00384295 0.015097 0.0171736145204829 0.00292672 0.0148516 0.0152396 0.00384295 0.0164215845204829 0.0151171 0.00239109 0.00467751 0.015034 0.0122886 0.00624167 0.015678356520482897 0.011403 0.00467751 0.015034 0.0122886 0.0039516 0.015857814520482898 0.010745 0.00467751 0.015034 0.0122886 0.00500201 0.0142154 0.0106521 0.00467751 0.015034 0.0122886 0.00359403 0.0168176045204829 0.0126623 0.0100698 0.00928149 0.00089909 0.00796422 0.00949811 0.00117325 0.000483949 0.0152247 0.0106187 0.00127014 0.016294987520482897 0.00918518 0.000483949 0.0152247 0.0106187 -0.0005485345204828988 0.0161528165204829 0.00928872 0.00493958 0.00790137 0.0131154 0.00473177 0.00950777 0.0121215 0.00493958 0.00790137 0.0131154 0.00610878 0.00612001 0.0128248 0.00981432 0.0108335 0.00263337 0.011242 0.00963596 0.00352259 0.002013 0.00146872 0.003316 0.00132877 0.00327188 0.00303618 0.002013 0.00146872 0.003316 0.0008322709999999999 0.00219935 0.00471153 0.002013 0.00146872 0.003316 0.00377824 0.000928609 0.00378107 0.002013 0.00146872 0.003316 0.00336036 0.00307316 0.00394694 0.002013 0.00146872 0.003316 0.00105095 -0.0002535345204828993 0.00239109 0.002013 0.00146872 0.003316 0.00177583 0.00204182 0.0012093899999999999 0.000630687 0.00846458 0.00325454 0.000877017 0.010352 0.00295445 0.000630687 0.00846458 0.00325454 -0.0008927345204828986 0.00793718 0.00223498 0.000630687 0.00846458 0.00325454 0.00257912 0.00777336 0.00376394 0.000630687 0.00846458 0.00325454 0.000809496 0.00649696 0.0022332 0.00719035 0.00522911 0.011251 0.00795137 0.00609129 0.00982887 0.00719035 0.00522911 0.011251 0.00663346 0.00384969 0.0100079 0.00719035 0.00522911 0.011251 0.00610878 0.00612001 0.0128248 0.00719035 0.00522911 0.011251 0.0069292 0.00384271 0.0128863 0.000600302 0.0122622 0.0145095 0.00247101 0.0125194 0.0144811 0.000600302 0.0122622 0.0145095 -0.001321034520482899 0.0127511 0.0144262 0.00273193 0.014136 0.0133522 0.00247101 0.0125194 0.0144811 0.00312247 0.0144776 0.00553698 0.00275906 0.014727 0.00729698 0.00312247 0.0144776 0.00553698 0.00505115 0.0137365 0.00523636 0.00312247 0.0144776 0.00553698 0.00371273 0.016458574520482896 0.00591958 0.00818538 0.0146816 0.00794779 0.00874118 0.0152175 0.00623155 0.00818538 0.0146816 0.00794779 0.00896454 0.0166899745204829 0.00792336 0.00818538 0.0146816 0.00794779 0.00621795 0.0143269 0.00898024 0.0125162 0.00940704 0.0144787 0.0109384 0.00833353 0.0145211 0.0125162 0.00940704 0.0144787 0.0141085 0.00875695 0.0131222 0.0125162 0.00940704 0.0144787 0.0126608 0.0106238 0.0126686 0.00603632 0.00427764 0.000932917 0.0046239 0.00555865 0.00103919 0.00603632 0.00427764 0.000932917 0.00691515 0.00235016 0.00136909 0.00449298 0.000373966 0.0143847 0.00359403 0.0014469699999999997 0.0126623 0.00449298 0.000373966 0.0143847 0.00651407 4.272070000000002e-05 0.0135665 0.000167381 0.00506648 0.012683 -0.0003856345204828986 0.00500982 0.0108113 0.00752286 0.0114145 0.0141445 0.00654894 0.0130523 0.0144972 0.00752286 0.0114145 0.0141445 0.00634946 0.00962625 0.0143034 0.00752286 0.0114145 0.0141445 0.00811391 0.0112196 0.0121829 0.0149406 0.00769932 0.0112192 0.0136215 0.00937917 0.01081 0.0149406 0.00769932 0.0112192 0.013321 0.00639678 0.0105679 0.00271372 0.00503436 0.00453551 0.0035409 0.00559318 0.00292577 0.00271372 0.00503436 0.00453551 0.00336036 0.00307316 0.00394694 0.00455708 0.0129767 0.0120055 0.00500201 0.0142154 0.0106521 0.00455708 0.0129767 0.0120055 0.00506009 0.0112293 0.0131947 0.00779104 0.0133708 0.00134064 0.0089067 0.0145772 0.00221369 0.00779104 0.0133708 0.00134064 0.00652451 0.0122959 0.00232233 0.00779104 0.0133708 0.00134064 0.00693098 0.0153382 0.00111819 0.00193247 0.0106993 0.0108775 0.00239179 0.00936221 0.00961564 0.00193247 0.0106993 0.0108775 0.00130146 0.00904122 0.0121695 0.00193247 0.0106993 0.0108775 0.00266446 0.011467 0.00896511 0.0109384 0.00833353 0.0145211 0.0118049 0.00667472 0.0144055 0.0109384 0.00833353 0.0145211 0.00952998 0.00961702 0.014469 0.00496459 0.00376277 0.00510328 0.00570806 0.00214826 0.00456099 0.00496459 0.00376277 0.00510328 0.00338444 0.00316305 0.00612888 0.00496459 0.00376277 0.00510328 0.00336036 0.00307316 0.00394694 0.000473892 0.0014626 0.00753746 0.00127014 0.000924353 0.00918518 0.000473892 0.0014626 0.00753746 0.0024444 0.00118667 0.00772203 0.000473892 0.0014626 0.00753746 -0.0013593345204828983 0.00188055 0.00803914 0.000473892 0.0014626 0.00753746 0.000414558 0.00019263500000000003 0.00574279 0.00624167 0.000307722 0.011403 0.00673436 0.00205639 0.0107665 0.00624167 0.000307722 0.011403 0.00804365 0.000234175 0.0101561 0.00624167 0.000307722 0.011403 0.00651407 4.272070000000002e-05 0.0135665 0.00127014 0.000924353 0.00918518 -0.0005485345204828992 0.000782182 0.00928872 0.00127014 0.000924353 0.00918518 0.0024444 0.00118667 0.00772203 0.00127014 0.000924353 0.00918518 0.00297707 0.0016557 0.00955558 0.00127014 0.000924353 0.00918518 0.00256071 -0.0003142345204828991 0.00972878 0.00474007 0.0121636 0.00914225 0.00613421 0.0109146 0.00937458 0.00474007 0.0121636 0.00914225 0.00601238 0.0124503 0.0106169 0.00474007 0.0121636 0.00914225 0.00451373 0.0121109 0.0069794 0.00474007 0.0121636 0.00914225 0.00266446 0.011467 0.00896511 0.010527 0.00523387 0.0143946 0.00862063 0.00471638 0.0141882 0.010527 0.00523387 0.0143946 0.0118049 0.00667472 0.0144055 0.010527 0.00523387 0.0143946 0.0100384 0.00336847 0.014462 0.010527 0.00523387 0.0143946 0.01248 0.0048604 0.0142924 0.00538299 0.00731263 0.000943318 0.0046239 0.00555865 0.00103919 0.00538299 0.00731263 0.000943318 0.00592848 0.00912468 0.000857479 0.00538299 0.00731263 0.000943318 0.0072244 0.00620828 0.00116065 0.0148221 0.000782182 0.00928872 0.0140113 0.00188055 0.00803914 0.0148221 0.000782182 0.00928872 0.0134189 -0.0002247345204828982 0.0105555 0.0148221 0.000782182 0.00928872 0.0139021 -0.0006989345204828992 0.00796517 0.014985 0.00500982 0.0108113 0.0153332 0.00315787 0.0113593 0.014985 0.00500982 0.0108113 0.0168129345204829 0.00555585 0.0110196 0.014985 0.00500982 0.0108113 0.013321 0.00639678 0.0105679 0.0149419 0.0105633 0.0120957 0.0136215 0.00937917 0.01081 0.0149419 0.0105633 0.0120957 0.0141085 0.00875695 0.0131222 0.0046239 0.00555865 0.00103919 0.00275963 0.00601713 0.00126728 0.00673436 0.00205639 0.0107665 0.00663346 0.00384969 0.0100079 0.0102698 0.00635547 0.00444891 0.0102597 0.00716305 0.00264407 0.0102698 0.00635547 0.00444891 0.010202 0.00460568 0.00517186 0.0102698 0.00635547 0.00444891 0.00934228 0.00541221 0.00303254 0.0102698 0.00635547 0.00444891 0.00942914 0.00832962 0.0046986 0.0102698 0.00635547 0.00444891 0.00928022 0.00643706 0.00634863 0.0102698 0.00635547 0.00444891 0.0119922 0.00596005 0.00330881 0.00613421 0.0109146 0.00937458 0.00617458 0.00900985 0.00910026 0.00613421 0.0109146 0.00937458 0.00601238 0.0124503 0.0106169 0.00613421 0.0109146 0.00937458 0.00495186 0.0102011 0.00798641 0.00613421 0.0109146 0.00937458 0.00443206 0.00977363 0.0100386 0.00506621 0.000975279 0.000909725 0.00329161 0.00030235699999999995 0.00179682 0.00506621 0.000975279 0.000909725 0.00693098 -3.243452048290018e-05 0.00111819 0.00132877 0.00327188 0.00303618 -0.00012633452048289862 0.00432943 0.00238109 0.00132877 0.00327188 0.00303618 0.00156126 0.0044024 0.00115171 0.00132877 0.00327188 0.00303618 0.00336036 0.00307316 0.00394694 0.00132877 0.00327188 0.00303618 -0.00027363452048289987 0.00180298 0.00292672 0.00132877 0.00327188 0.00303618 0.00177583 0.00204182 0.00120939 0.0153332 0.00315787 0.0113593 0.0136339 0.00234321 0.0125785 0.0143258 0.00951495 0.00536918 0.0122659 0.00927611 0.00561146 0.0143258 0.00951495 0.00536918 0.0135872 0.0102575 0.00728074 0.0106705 0.005782 0.000861429 0.0109652 0.00422473 0.00219587 0.0085952 0.00271005 0.0134731 0.0100384 0.00336847 0.014462 0.0085952 0.00271005 0.0134731 0.00951466 0.0041205 0.0125165 0.0085952 0.00271005 0.0134731 0.0069292 0.00384271 0.0128863 0.00654894 0.0130523 0.0144972 0.00694999 0.0133332 0.0124193 0.00955945 0.00310406 0.00410763 0.011023 0.00246347 0.00520603 0.00955945 0.00310406 0.00410763 0.010202 0.00460568 0.00517186 0.00955945 0.00310406 0.00410763 0.00831539 0.00377949 0.00281739 0.00955945 0.00310406 0.00410763 0.008418 0.00269916 0.00595766 0.00275906 0.014727 0.00729698 0.0024444 0.0165573045204829 0.00772203 0.0122821 0.00597883 0.00548947 0.0119922 0.00596005 0.00330881 0.0142802 0.0073774 0.00467984 0.014146 0.00619846 0.00623703 0.0124009 0.00640074 0.00853939 0.0110042 0.0076238 0.0080279 0.0124009 0.00640074 0.00853939 0.0125735 0.00755284 0.00698267 0.0124009 0.00640074 0.00853939 0.0137537 0.00805144 0.00878234 0.0124009 0.00640074 0.00853939 0.013321 0.00639678 0.0105679 0.0102002 0.0141239 0.00927605 0.0118655 0.0150784 0.00904179 0.0102002 0.0141239 0.00927605 0.0106999 0.0148352 0.00751989 0.0102002 0.0141239 0.00927605 0.00999035 0.012727 0.00759293 0.0102002 0.0141239 0.00927605 0.0116419 0.0135771 0.0108081 0.000877017 0.010352 0.00295445 0.000333995 0.0114064 0.00149309 0.000877017 0.010352 0.00295445 0.00255323 0.0100887 0.00430299 0.0125681 0.00171993 0.00961878 0.0117872 0.00115571 0.0116475 0.0125681 0.00171993 0.00961878 0.0113194 0.00151832 0.00776026 0.0119361 0.000800803 0.00285056 0.0121766 -0.0003927345204828978 0.00429437 0.0119361 0.000800803 0.00285056 0.0136538 0.000374593 0.00219446 0.0119361 0.000800803 0.00285056 0.0109584 -0.0007400345204828979 0.0016838 0.0144779 0.00793718 0.00223498 0.0125824 0.00853851 0.00210868 0.0144779 0.00793718 0.00223498 0.0134629 0.00692764 0.000945181 0.0144779 0.00793718 0.00223498 0.0161801305204829 0.00649696 0.0022332 0.0118762 0.00891947 0.00955628 0.0136215 0.00937917 0.01081 0.0118762 0.00891947 0.00955628 0.0137537 0.00805144 0.00878234 0.00281738 0.00427557 0.0115091 0.0014423 0.00555585 0.0110196 0.00281738 0.00427557 0.0115091 0.00182832 0.0032197 0.0102603 0.00281738 0.00427557 0.0115091 0.00346664 0.00581893 0.0101212 0.00281738 0.00427557 0.0115091 0.0049796 0.00443226 0.01163 0.00281738 0.00427557 0.0115091 0.00341924 0.00616293 0.0124575 0.00592848 0.00912468 0.000857479 0.00405369 0.00890055 0.000905069 0.00592848 0.00912468 0.000857479 0.0059551 0.011008 0.00100096 0.00592848 0.00912468 0.000857479 0.00796422 0.00949811 0.00117325 0.0089067 0.0145772 0.00221369 0.0102464 0.0139664 0.0038129 0.0089067 0.0145772 0.00221369 0.0088953 0.0166137545204829 0.00298981 0.0089067 0.0145772 0.00221369 0.0109584 0.0146306 0.0016838 0.00258773 0.0046858 0.00703065 0.00338444 0.00316305 0.00612888 0.00258773 0.0046858 0.00703065 0.00149082 0.00508158 0.00887165 0.00570806 0.00214826 0.00456099 0.00534557 0.00034665999999999994 0.00461598 0.00570806 0.00214826 0.00456099 0.00512013 0.00233496 0.00268759 0.00570806 0.00214826 0.00456099 0.00644529 0.00122516 0.00637692 0.0122247 0.0133903 0.00330461 0.0121766 0.0149779 0.00429437 0.0122247 0.0133903 0.00330461 0.0129426 0.0122428 0.00204217 0.0122247 0.0133903 0.00330461 0.0102464 0.0139664 0.0038129 0.0125824 0.00853851 0.00210868 0.011242 0.00963596 0.00352259 0.0152443 0.00432943 0.00238109 0.0158771125204829 0.00508536 0.00398479 0.0152443 0.00432943 0.00238109 0.0152697 0.00320767 0.000867397 0.0152443 0.00432943 0.00238109 0.0146939 0.00548128 0.0009482779999999999 0.0152443 0.00432943 0.00238109 0.0169318945204829 0.0044024 0.00115171 0.00342645 0.0083408 0.0113643 0.00473177 0.00950777 0.0121215 0.00342645 0.0083408 0.0113643 0.00443206 0.00977363 0.0100386 0.0110418 0.0125714 0.00182869 0.0129426 0.0122428 0.00204217 0.0110418 0.0125714 0.00182869 0.0109584 0.0146306 0.0016838 0.00513331 0.0059524 0.00584849 0.00715322 0.00533106 0.00622825 0.00766538 0.00788841 0.00253833 0.00796422 0.00949811 0.00117325 0.00766538 0.00788841 0.00253833 0.0072244 0.00620828 0.00116065 0.00862063 0.00471638 0.0141882 0.0100384 0.00336847 0.014462 0.00862063 0.00471638 0.0141882 0.00951466 0.0041205 0.0125165 0.0118655 0.0150784 0.00904179 0.0106999 0.0148352 0.00751989 0.0118655 0.0150784 0.00904179 0.0134189 0.0151459 0.0105555 0.0024444 0.00118667 0.00772203 0.00297707 0.0016557 0.00955558 0.0024444 0.00118667 0.00772203 0.00371273 0.00108794 0.00591958 0.00291418 0.0136045 0.00199471 0.0037209 0.014374 0.00356214 0.00291418 0.0136045 0.00199471 0.00156782 0.0127756 0.000911601 0.00291418 0.0136045 0.00199471 0.00329161 0.015672991520482897 0.00179682 0.00291418 0.0136045 0.00199471 0.0034508 0.0117956 0.00291391 0.00795137 0.00609129 0.00982887 0.00927042 0.00776417 0.0101156 0.00795137 0.00609129 0.00982887 0.00911798 0.00436004 0.0096004 0.00175532 0.0134383 0.0103344 0.00256071 0.0150564 0.00972878 0.0121766 0.0149779 0.00429437 0.012204 0.0161282605204829 0.00575173 0.0121766 0.0149779 0.00429437 0.0102464 0.0139664 0.0038129 0.0121766 0.0149779 0.00429437 0.0113872 0.0136318 0.00587027 0.0121766 0.0149779 0.00429437 0.0137533 0.0140677 0.00556156 0.00338444 0.00316305 0.00612888 0.00336036 0.00307316 0.00394694 0.00338444 0.00316305 0.00612888 0.00371273 0.00108794 0.00591958 0.0103824 0.00039714 0.005487 0.012204 0.000757626 0.00575173 0.0103824 0.00039714 0.005487 0.00874118 -0.00015313452048289976 0.00623155 0.00275963 0.00601713 0.00126728 0.00215499 0.00764296 0.000848651 0.00275963 0.00601713 0.00126728 0.0035409 0.00559318 0.00292577 0.00275963 0.00601713 0.00126728 0.00156126 0.0044024 0.00115171 0.00275963 0.00601713 0.00126728 0.000809496 0.00649696 0.0022332 0.0118049 0.00667472 0.0144055 0.01248 0.0048604 0.0142924 0.000506478 0.00508536 0.00398479 -0.0004973345204828979 0.00393738 0.00545689 0.0102597 0.00716305 0.00264407 0.0119922 0.00596005 0.00330881 0.0138313 0.012481 0.00826821 0.0120945 0.0133996 0.00795507 0.0138313 0.012481 0.00826821 0.0139021 0.0146717 0.00796517 0.0138313 0.012481 0.00826821 0.0158071635204829 0.0115043 0.00812507 0.0047519 0.0143786 0.00730544 0.00621795 0.0143269 0.00898024 0.0047519 0.0143786 0.00730544 0.00505115 0.0137365 0.00523636 0.00976996 0.0136383 0.014408 0.0106571 0.0156647435204829 0.0141398 0.00843132 0.0150034 0.00437379 0.00874118 0.0152175 0.00623155 0.00843132 0.0150034 0.00437379 0.0102464 0.0139664 0.0038129 0.00843132 0.0150034 0.00437379 0.0088953 0.0166137545204829 0.00298981 0.00423021 0.00936856 0.0142987 0.00634946 0.00962625 0.0143034 0.000832271 0.00219935 0.00471153 -0.0002736345204829006 0.00180298 0.00292672 0.00247101 0.0125194 0.0144811 0.00265641 0.0108205 0.0132162 0.0039516 0.00048718 0.010745 0.00500201 -0.0011552345204828998 0.0106521 0.0039516 0.00048718 0.010745 0.00297707 0.0016557 0.00955558 0.0039516 0.00048718 0.010745 0.00256071 -0.00031423452048290015 0.00972878 0.0039516 0.00048718 0.010745 0.00359403 0.00144697 0.0126623 0.0146403 0.0141409 0.00194087 0.0136538 0.0157452275204829 0.00219446 0.0146403 0.0141409 0.00194087 0.0164215845204829 0.0151171 0.00239109 0.00574902 0.00734879 0.00817203 0.00454627 0.0076352 0.00961946 0.00574902 0.00734879 0.00817203 0.00617458 0.00900985 0.00910026 0.0136538 0.000374593 0.00219446 0.014096 0.00180356 0.00100368 0.0136538 0.000374593 0.00219446 0.015097 0.00180298 0.00292672 0.00952998 0.00961702 0.014469 0.00811496 0.00842274 0.0144168 0.00500201 0.0142154 0.0106521 0.00621795 0.0143269 0.00898024 0.012204 0.000757626 0.00575173 0.0136145 0.00113654 0.00452018 0.0100384 0.00336847 0.014462 0.0116941 0.00299934 0.0134647 0.00559617 0.00815197 0.0111301 0.00454627 0.0076352 0.00961946 0.00559617 0.00815197 0.0111301 0.00473177 0.00950777 0.0121215 0.0140113 0.00188055 0.00803914 0.0149025 0.00387729 0.00806378 0.0140113 0.00188055 0.00803914 0.0128448 0.00301368 0.00661025 0.00297707 0.0016557 0.00955558 0.00464792 0.00289813 0.00995802 0.0152697 0.00320767 0.000867397 0.014096 0.00180356 0.00100368 0.0152697 0.00320767 0.000867397 0.0169318945204829 0.0044024 0.00115171 0.0152697 0.00320767 0.000867397 0.0171464645204829 0.00204182 0.00120939 0.0110136 0.0114765 0.00608454 0.00999035 0.012727 0.00759293 0.0110136 0.0114765 0.00608454 0.0113872 0.0136318 0.00587027 0.0110136 0.0114765 0.00608454 0.0106131 0.00967901 0.0072566 0.0121339 0.00783684 0.00404783 0.0122659 0.00927611 0.00561146 0.0121339 0.00783684 0.00404783 0.011242 0.00963596 0.00352259 0.0121339 0.00783684 0.00404783 0.0119922 0.00596005 0.00330881 0.0106999 0.0148352 0.00751989 0.00999035 0.012727 0.00759293 0.0106999 0.0148352 0.00751989 0.0113872 0.0136318 0.00587027 0.0106999 0.0148352 0.00751989 0.0113194 0.016888954520482898 0.00776026 0.00390124 0.00965242 0.00602318 0.00571704 0.0104302 0.00618031 0.00390124 0.00965242 0.00602318 0.00437937 0.0111413 0.00493094 0.00390124 0.00965242 0.00602318 0.00255323 0.0100887 0.00430299 0.00390124 0.00965242 0.00602318 0.00483642 0.00844116 0.00449357 0.00874118 0.0152175 0.00623155 0.00886773 0.0131138 0.00551859 0.0151636 0.0085856 0.00729237 0.0137537 0.00805144 0.00878234 0.0151636 0.0085856 0.00729237 0.016102068520482897 0.00741224 0.00889609 0.000333995 0.0114064 0.00149309 0.0015678200000000002 0.0127756 0.000911601 0.000333995 0.0114064 0.00149309 0.00235872 0.0107021 0.00113824 0.00812326 0.0120229 0.00833976 0.00999035 0.012727 0.00759293 0.00812326 0.0120229 0.00833976 0.00734525 0.0101427 0.00763727 0.00215499 0.00764296 0.000848651 0.000809496 0.00649696 0.0022332 0.0121685 0.00856582 0.0121654 0.0136215 0.00937917 0.01081 0.0121685 0.00856582 0.0121654 0.0141085 0.00875695 0.0131222 0.0121685 0.00856582 0.0121654 0.0126608 0.0106238 0.0126686 0.010202 0.00460568 0.00517186 0.00970292 0.0042138 0.00727617 0.0110042 0.0076238 0.0080279 0.0125735 0.00755284 0.00698267 0.0110042 0.0076238 0.0080279 0.0106131 0.00967901 0.0072566 0.0116941 0.00299934 0.0134647 0.0136339 0.00234321 0.0125785 0.00571704 0.0104302 0.00618031 0.00495186 0.0102011 0.00798641 0.00571704 0.0104302 0.00618031 0.00437937 0.0111413 0.00493094 0.00571704 0.0104302 0.00618031 0.00451373 0.0121109 0.0069794 0.00571704 0.0104302 0.00618031 0.00734525 0.0101427 0.00763727 0.0037209 0.014374 0.00356214 0.00377824 0.016299243520482898 0.00378107 0.0037209 0.014374 0.00356214 0.00583973 0.0142939 0.0030166 0.0037209 0.014374 0.00356214 0.00329161 0.015672991520482897 0.00179682 0.0037209 0.014374 0.00356214 0.00505115 0.0137365 0.00523636 0.00454627 0.0076352 0.00961946 0.00443206 0.00977363 0.0100386 0.00454627 0.0076352 0.00961946 0.00346664 0.00581893 0.0101212 0.00359661 0.00315342 0.00170258 0.00512013 0.00233496 0.00268759 0.00359661 0.00315342 0.00170258 0.00177583 0.00204182 0.00120939 0.00156782 0.0127756 0.000911601 0.00235872 0.0107021 0.00113824 0.0146939 0.00548128 0.000948278 0.0134629 0.00692764 0.000945181 0.0146939 0.00548128 0.000948278 0.0161801305204829 0.00649696 0.0022332 0.00652451 0.0122959 0.00232233 0.00531841 0.0122943 0.00373913 0.00652451 0.0122959 0.00232233 0.0059551 0.011008 0.00100096 0.00652451 0.0122959 0.00232233 0.00583973 0.0142939 0.0030166 0.0014423 0.00555585 0.0110196 0.00149082 0.00508158 0.00887165 0.0014423 0.00555585 0.0110196 0.00346664 0.00581893 0.0101212 0.00534557 0.00034666 0.00461598 0.00377824 0.0009286089999999999 0.00378107 0.00534557 0.00034666 0.00461598 0.00583973 -0.0010767345204828996 0.0030166 0.00534557 0.00034666 0.00461598 0.00505115 -0.0016341345204828992 0.00523636 0.00534557 0.00034666 0.00461598 0.00371273 0.00108794 0.00591958 0.00617458 0.00900985 0.00910026 0.00443206 0.00977363 0.0100386 0.00617458 0.00900985 0.00910026 0.00734525 0.0101427 0.00763727 0.00531841 0.0122943 0.00373913 0.00689042 0.0126815 0.00478848 0.00531841 0.0122943 0.00373913 0.00437937 0.0111413 0.00493094 0.00531841 0.0122943 0.00373913 0.00583973 0.0142939 0.0030166 0.00531841 0.0122943 0.00373913 0.0034508 0.0117956 0.00291391 0.00531841 0.0122943 0.00373913 0.00505115 0.0137365 0.00523636 0.0140496 0.0127511 0.0144262 0.0133893 0.0128789 0.0123459 0.00998115 0.0112669 0.00916069 0.00909936 0.00956569 0.00872481 0.00998115 0.0112669 0.00916069 0.00999035 0.012727 0.00759293 0.00998115 0.0112669 0.00916069 0.0117085 0.0112083 0.0104334 0.00663557 0.013685 0.00668341 0.00505115 0.0137365 0.00523636 0.00601238 0.0124503 0.0106169 0.00694999 0.0133332 0.0124193 0.00811496 0.00842274 0.0144168 0.00634946 0.00962625 0.0143034 0.00811496 0.00842274 0.0144168 0.00875803 0.00885407 0.0123405 0.00239179 0.00936221 0.00961564 0.00443206 0.00977363 0.0100386 0.00239179 0.00936221 0.00961564 0.00266446 0.011467 0.00896511 0.00934228 0.00541221 0.00303254 0.00831539 0.00377949 0.00281739 0.00934228 0.00541221 0.00303254 0.0109652 0.00422473 0.00219587 0.00495186 0.0102011 0.00798641 0.00443206 0.00977363 0.0100386 0.00495186 0.0102011 0.00798641 0.00451373 0.0121109 0.0069794 0.000178803 0.00944293 0.0144978 -0.0012621345204828997 0.00875695 0.0131222 0.00689042 0.0126815 0.00478848 0.00886773 0.0131138 0.00551859 0.00689042 0.0126815 0.00478848 0.00505115 0.0137365 0.00523636 0.00377824 0.000928609 0.00378107 0.00336036 0.00307316 0.00394694 0.00377824 0.000928609 0.00378107 0.00329161 0.00030235699999999995 0.0017968200000000002 0.00377824 0.000928609 0.00378107 0.00371273 0.00108794 0.00591958 0.00504164 0.0102898 0.0032917 0.00437937 0.0111413 0.00493094 0.00504164 0.0102898 0.0032917 0.00483642 0.00844116 0.00449357 0.00504164 0.0102898 0.0032917 0.0034508 0.0117956 0.00291391 0.0125735 0.00755284 0.00698267 0.0122659 0.00927611 0.00561146 0.0125735 0.00755284 0.00698267 0.0137537 0.00805144 0.00878234 0.0104091 0.005693 0.0118173 0.00951466 0.0041205 0.0125165 0.00663346 0.00384969 0.0100079 0.00464792 0.00289813 0.00995802 0.0120945 0.0133996 0.00795507 0.0139021 0.0146717 0.00796517 0.0120945 0.0133996 0.00795507 0.00999035 0.012727 0.00759293 0.0120945 0.0133996 0.00795507 0.0113872 0.0136318 0.00587027 0.00831539 0.00377949 0.00281739 0.00926506 0.00287477 0.00117268 0.014096 0.00180356 0.00100368 0.015097 0.00180298 0.00292672 0.014096 0.00180356 0.00100368 0.0129111 0.00282115 0.00255538 0.00473177 0.00950777 0.0121215 0.00506009 0.0112293 0.0131947 0.00473177 0.00950777 0.0121215 0.00443206 0.00977363 0.0100386 0.00512013 0.00233496 0.00268759 0.00691515 0.00235016 0.00136909 0.0105068 0.00108987 0.00971668 0.0113194 0.00151832 0.00776026 0.0105068 0.00108987 0.00971668 0.0105144 0.0029798 0.0108948 0.00437937 0.0111413 0.00493094 0.00255323 0.0100887 0.00430299 0.00909936 0.00956569 0.00872481 0.00734525 0.0101427 0.00763727 0.00909936 0.00956569 0.00872481 0.0106131 0.00967901 0.0072566 0.00951466 0.0041205 0.0125165 0.0105144 0.0029798 0.0108948 0.00506009 0.0112293 0.0131947 0.00634946 0.00962625 0.0143034 0.00506009 0.0112293 0.0131947 0.00265641 0.0108205 0.0132162 0.0134189 0.0151459 0.0105555 0.0117872 0.016526344520482898 0.0116475 0.0134189 0.0151459 0.0105555 0.0116419 0.0135771 0.0108081 0.00149082 0.00508158 0.00887165 -0.0004681345204828988 0.00387729 0.00806378 0.00149082 0.00508158 0.00887165 0.00346664 0.00581893 0.0101212 0.00149082 0.00508158 0.00887165 0.000731434 0.00741224 0.00889609 0.0102464 0.0139664 0.0038129 0.00886773 0.0131138 0.00551859 0.0102464 0.0139664 0.0038129 0.0113872 0.0136318 0.00587027 0.0102464 0.0139664 0.0038129 0.0109584 0.0146306 0.0016838 0.00156126 0.0044024 0.00115171 0.000809496 0.00649696 0.0022332 0.00156126 0.0044024 0.00115171 0.00177583 0.00204182 0.00120939 0.00510995 0.00450016 0.0142746 0.00610878 0.00612001 0.0128248 0.00510995 0.00450016 0.0142746 0.0069292 0.00384271 0.0128863 0.00510995 0.00450016 0.0142746 0.00582125 0.00219221 0.0142256 0.00583973 0.0142939 0.0030166 0.00505115 0.0137365 0.00523636 0.00583973 0.0142939 0.0030166 0.00693098 0.0153382 0.00111819 0.0122659 0.00927611 0.00561146 0.0135872 0.0102575 0.00728074 0.0122659 0.00927611 0.00561146 0.011242 0.00963596 0.00352259 0.0122659 0.00927611 0.00561146 0.0106131 0.00967901 0.0072566 0.00886773 0.0131138 0.00551859 0.00999035 0.012727 0.00759293 0.00235872 0.0107021 0.00113824 0.0034508 0.0117956 0.00291391 0.00610878 0.00612001 0.0128248 0.0049796 0.00443226 0.01163 0.00610878 0.00612001 0.0128248 0.0069292 0.00384271 0.0128863 0.0092903 0.0132914 0.011426 0.010464 0.0115221 0.0125348 0.0092903 0.0132914 0.011426 0.00811391 0.0112196 0.0121829 0.0092903 0.0132914 0.011426 0.0116419 0.0135771 0.0108081 0.00170972 0.00862476 0.0060503 0.00255323 0.0100887 0.00430299 0.0117872 0.00115571 0.0116475 0.0136339 0.00234321 0.0125785 0.0117872 0.00115571 0.0116475 0.0105144 0.0029798 0.0108948 0.0117872 0.00115571 0.0116475 0.0128507 -0.00030653452048289963 0.0131425 0.0139021 0.0146717 0.00796517 0.0137533 0.0140677 0.00556156 0.00257912 0.00777336 0.00376394 0.00255323 0.0100887 0.00430299 0.00257912 0.00777336 0.00376394 0.00483642 0.00844116 0.00449357 0.0136339 0.00234321 0.0125785 0.0127896 0.00366125 0.0107786 0.00255323 0.0100887 0.00430299 0.0034508 0.0117956 0.00291391 0.00255323 0.0100887 0.00430299 0.00213374 0.0111315 0.00640642 0.010464 0.0115221 0.0125348 0.0117085 0.0112083 0.0104334 0.010464 0.0115221 0.0125348 0.00811391 0.0112196 0.0121829 0.010464 0.0115221 0.0125348 0.0126608 0.0106238 0.0126686 0.00896454 0.00131934 0.00792336 0.0113194 0.00151832 0.00776026 0.00896454 0.00131934 0.00792336 0.008418 0.00269916 0.00595766 0.00999035 0.012727 0.00759293 0.0113872 0.0136318 0.00587027 0.00130146 0.00904122 0.0121695 0.00265641 0.0108205 0.0132162 0.00926506 0.00287477 0.00117268 0.0109652 0.00422473 0.00219587 0.00926506 0.00287477 0.00117268 0.00691515 0.00235016 0.00136909 0.00926506 0.00287477 0.00117268 0.0088953 0.00124312 0.00298981 0.00694999 0.0133332 0.0124193 0.00811391 0.0112196 0.0121829 0.00694999 0.0133332 0.0124193 0.00651407 0.0154133552204829 0.0135665 0.0133893 0.0128789 0.0123459 0.0126608 0.0106238 0.0126686 0.0133893 0.0128789 0.0123459 0.0116419 0.0135771 0.0108081 0.0133893 0.0128789 0.0123459 0.0152058 0.0145241 0.0127469 0.0133893 0.0128789 0.0123459 0.0128507 0.0150641 0.0131425 0.00483642 0.00844116 0.00449357 0.00698909 0.00728632 0.00489334 0.0136215 0.00937917 0.01081 0.0137537 0.00805144 0.00878234 0.0136215 0.00937917 0.01081 0.0141085 0.00875695 0.0131222 0.0136215 0.00937917 0.01081 0.0126608 0.0106238 0.0126686 0.00644529 0.00122516 0.00637692 0.008418 0.00269916 0.00595766 0.00644529 0.00122516 0.00637692 0.00475882 0.00219162 0.00773205 0.0113872 0.0136318 0.00587027 0.0137533 0.0140677 0.00556156 0.0128448 0.00301368 0.00661025 0.0113194 0.00151832 0.00776026 0.0128448 0.00301368 0.00661025 0.0116995 0.00369503 0.00863181 0.00698909 0.00728632 0.00489334 0.00715322 0.00533106 0.00622825 0.000436529 0.0115043 0.00812507 0.00213374 0.0111315 0.00640642 0.000436529 0.0115043 0.00812507 0.00266446 0.011467 0.00896511 0.000436529 0.0115043 0.00812507 -0.00030803452048289826 0.0121426 0.00595212 0.0117085 0.0112083 0.0104334 0.0126608 0.0106238 0.0126686 0.0117085 0.0112083 0.0104334 0.0116419 0.0135771 0.0108081 0.0109652 0.00422473 0.00219587 0.0129111 0.00282115 0.00255538 0.0109652 0.00422473 0.00219587 0.0119922 0.00596005 0.00330881 0.00329161 0.000302357 0.00179682 0.0010509499999999997 -0.00025353452048289916 0.00239109 0.00329161 0.000302357 0.00179682 0.00177583 0.00204182 0.00120939 0.00691515 0.00235016 0.00136909 0.00693098 -3.243452048289986e-05 0.00111819 0.0137537 0.00805144 0.00878234 0.013321 0.00639678 0.0105679 0.0137537 0.00805144 0.00878234 0.016102068520482897 0.00741224 0.00889609 0.0141085 0.00875695 0.0131222 0.0126608 0.0106238 0.0126686 0.0113194 0.00151832 0.00776026 0.0116995 0.00369503 0.00863181 0.00346664 0.00581893 0.0101212 0.00341924 0.00616293 0.0124575 0.015097 0.00180298 0.00292672 0.0129111 0.00282115 0.00255538 0.0049796 0.00443226 0.01163 0.00464792 0.00289813 0.00995802 0.0049796 0.00443226 0.01163 0.00341924 0.00616293 0.0124575 0.0049796 0.00443226 0.01163 0.0069292 0.00384271 0.0128863 0.00505115 0.0137365 0.00523636 0.00451373 0.0121109 0.0069794 0.00870539 9.46005e-05 0.0126002 0.00651407 4.27207e-05 0.0135665 0.00870539 9.46005e-05 0.0126002 0.0106571 0.000294109 0.0141398 0.0116995 0.00369503 0.00863181 0.0127896 0.00366125 0.0107786 0.0116995 0.00369503 0.00863181 0.00970292 0.0042138 0.00727617 0.00464792 0.00289813 0.00995802 0.00475882 0.00219162 0.00773205 0.00928022 0.00643706 0.00634863 0.00715322 0.00533106 0.00622825 0.00928022 0.00643706 0.00634863 0.00970292 0.0042138 0.00727617 0.00911798 0.00436004 0.0096004 0.0105144 0.0029798 0.0108948 0.00911798 0.00436004 0.0096004 0.00970292 0.0042138 0.00727617 0.008418 0.00269916 0.00595766 0.00970292 0.0042138 0.00727617 0.00875803 0.00885407 0.0123405 0.00811391 0.0112196 0.0121829 0.0127896 0.00366125 0.0107786 0.0105144 0.0029798 0.0108948 0.00651407 4.27207e-05 0.0135665 0.00582125 0.00219221 0.0142256 0.00475882 0.00219162 0.00773205 0.00371273 0.00108794 0.00591958 0.0137533 0.0140677 0.00556156 0.0150626 0.0121426 0.00595212 0.0152058 0.0145241 0.0127469 0.0128507 0.0150641 0.0131425 0.0106571 0.000294109 0.0141398 0.0128507 -0.00030653452048289947 0.0131425 0.0069292 0.00384271 0.0128863 0.00582125 0.00219221 0.0142256</DataArray>
</Points><Lines>
<DataArray type="Int64" Name="connectivity" format="ascii">0 1 2 3 4 5 6 7 8 9 10 11 12 13 14 15 16 17 18 19 20 21 22 23 24 25 26 27 28 29 30 31 32 33 34 35 36 37 38 39 40 41 42 43 44 45 46 47 48 49 50 51 52 53 54 55 56 57 58 59 60 61 62 63 64 65 66 67 68 69 70 71 72 73 74 75 76 77 78 79 80 81 82 83 84 85 86 87 88 89 90 91 92 93 94 95 96 97 98 99 100 101 102 103 104 105 106 107 108 109 110 111 112 113 114 115 116 117 118 119 120 121 122 123 124 125 126 127 128 129 130 131 132 133 134 135 136 137 138 139 140 141 142 143 144 145 146 147 148 149 150 151 152 153 154 155 156 157 158 159 160 161 162 163 164 165 166 167 168 169 170 171 172 173 174 175 176 177 178 179 180 181 182 183 184 185 186 187 188 189 190 191 192 193 194 195 196 197 198 199 200 201 202 203 204 205 206 207 208 209 210 211 212 213 214 215 216 217 218 219 220 221 222 223 224 225 226 227 228 229 230 231 232 233 234 235 236 237 238 239 240 241 242 243 244 245 246 247 248 249 250 251 252 253 254 255 256 257 258 259 260 261 262 263 264 265 266 267 268 269 270 271 272 273 274 275 276 277 278 279 280 281 282 283 284 285 286 287 288 289 290 291 292 293 294 295 296 297 298 299 300 301 302 303 304 305 306 307 308 309 310 311 312 313 314 315 316 317 318 319 320 321 322 323 324 325 326 327 328 329 330 331 332 333 334 335 336 337 338 339 340 341 342 343 344 345 346 347 348 349 350 351 352 353 354 355 356 357 358 359 360 361 362 363 364 365 366 367 368 369 370 371 372 373 374 375 376 377 378 379 380 381 382 383 384 385 386 387 388 389 390 391 392 393 394 395 396 397 398 399 400 401 402 403 404 405 406 407 408 409 410 411 412 413 414 415 416 417 418 419 420 421 422 423 424 425 426 427 428 429 430 431 432 433 434 435 436 437 438 439 440 441 442 443 444 445 446 447 448 449 450 451 452 453 454 455 456 457 458 459 460 461 462 463 464 465 466 467 468 469 470 471 472 473 474 475 476 477 478 479 480 481 482 483 484 485 486 487 488 489 490 491 492 493 494 495 496 497 498 499 500 501 502 503 504 505 506 507 508 509 510 511 512 513 514 515 516 517 518 519 520 521 522 523 524 525 526 527 528 529 530 531 532 533 534 535 536 537 538 539 540 541 542 543 544 545 546 547 548 549 550 551 552 553 554 555 556 557 558 559 560 561 562 563 564 565 566 567 568 569 570 571 572 573 574 575 576 577 578 579 580 581 582 583 584 585 586 587 588 589 590 591 592 593 594 595 596 597 598 599 600 601 602 603 604 605 606 607 608 609 610 611 612 613 614 615 616 617 618 619 620 621 622 623 624 625 626 627 628 629 630 631 632 633 634 635 636 637 638 639 640 641 642 643 644 645 646 647 648 649 650 651 652 653 654 655 656 657 658 659 660 661 662 663 664 665 666 667 668 669 670 671 672 673 674 675 676 677 678 679 680 681 682 683 684 685 686 687 688 689 690 691 692 693 694 695 696 697 698 699 700 701 702 703 704 705 706 707 708 709 710 711 712 713 714 715 716 717 718 719 720 721 722 723 724 725 726 727 728 729 730 731 732 733 734 735 736 737 738 739 740 741 742 743 744 745 746 747 748 749 750 751 752 753 754 755 756 757 758 759 760 761 762 763 764 765 766 767 768 769 770 771 772 773 774 775 776 777 778 779 780 781 782 783 784 785 786 787 788 789 790 791 792 793 794 795 796 797 798 799 800 801 802 803 804 805 806 807 808 809 810 811 812 813 814 815 816 817 818 819 820 821 822 823 824 825 826 827 828 829 830 831 832 833 834 835 836 837 838 839 840 841 842 843 844 845 846 847 848 849 850 851 852 853 854 855 856 857 858 859 860 861 862 863 864 865 866 867 868 869 870 871 872 873 874 875 876 877 878 879 880 881 882 883 884 885 886 887 888 889 890 891 892 893 894 895 896 897 898 899 900 901 902 903 904 905 906 907 908 909 910 911 912 913 914 915 916 917 918 919 920 921 922 923 924 925 926 927 928 929 930 931 932 933 934 935 936 937 938 939 940 941 942 943 944 945 946 947 948 949 950 951 952 953 954 955 956 957 958 959 960 961 962 963 964 965 966 967 968 969 970 971 972 973 974 975 976 977 978 979 980 981 982 983 984 985 986 987 988 989 990 991 992 993 994 995 996 997 998 999 1000 1001 1002 1003 1004 1005 1006 1007 1008 1009 1010 1011 1012 1013 1014 1015 1016 1017 1018 1019 1020 1021 1022 1023 1024 1025 1026 1027 1028 1029 1030 1031 1032 1033 1034 1035 1036 1037 1038 1039 1040 1041 1042 1043 1044 1045 1046 1047 1048 1049 1050 1051 1052 1053 1054 1055 1056 1057 1058 1059 1060 1061 1062 1063 1064 1065 1066 1067 1068 1069 1070 1071 1072 1073 1074 1075 1076 1077 1078 1079 1080 1081 1082 1083 1084 1085 1086 1087 1088 1089 1090 1091 1092 1093 1094 1095 1096 1097 1098 1099 1100 1101 1102 1103 1104 1105 1106 1107 1108 1109 1110 1111 1112 1113 1114 1115 1116 1117 1118 1119 1120 1121 1122 1123 1124 1125 1126 1127 1128 1129 1130 1131 1132 1133 1134 1135 1136 1137 1138 1139 1140 1141 1142 1143 1144 1145 1146 1147 1148 1149 1150 1151 1152 1153 1154 1155 1156 1157 1158 1159 1160 1161 1162 1163 1164 1165 1166 1167 1168 1169 1170 1171 1172 1173 1174 1175 1176 1177 1178 1179 1180 1181 1182 1183 1184 1185 1186 1187 1188 1189 1190 1191 1192 1193 1194 1195 1196 1197 1198 1199 1200 1201 1202 1203 1204 1205 1206 1207 1208 1209 1210 1211 1212 1213 1214 1215 1216 1217 1218 1219 1220 1221 1222 1223 1224 1225 1226 1227 1228 1229 1230 1231 1232 1233 1234 1235 1236 1237 1238 1239 1240 1241 1242 1243 1244 1245 1246 1247 1248 1249 1250 1251 1252 1253 1254 1255 1256 1257 1258 1259 1260 1261 1262 1263 1264 1265 1266 1267 1268 1269 1270 1271 1272 1273 1274 1275 1276 1277 1278 1279 1280 1281 1282 1283 1284 1285 1286 1287 1288 1289 1290 1291 1292 1293 1294 1295 1296 1297 1298 1299 1300 1301 1302 1303 1304 1305 1306 1307 1308 1309 1310 1311 1312 1313 1314 1315 1316 1317 1318 1319 1320 1321 1322 1323 1324 1325 1326 1327 1328 1329 1330 1331 1332 1333 1334 1335 1336 1337 1338 1339 1340 1341 1342 1343 1344 1345 1346 1347 1348 1349 1350 1351 1352 1353 1354 1355 1356 1357 1358 1359 1360 1361 1362 1363 1364 1365 1366 1367 1368 1369 1370 1371 1372 1373 1374 1375 1376 1377 1378 1379 1380 1381 1382 1383 1384 1385 1386 1387 1388 1389 1390 1391 1392 1393 1394 1395 1396 1397 1398 1399 1400 1401 1402 1403 1404 1405 1406 1407 1408 1409 1410 1411 1412 1413 1414 1415 1416 1417 1418 1419 1420 1421 1422 1423 1424 1425 1426 1427 1428 1429 1430 1431 1432 1433 1434 1435 1436 1437 1438 1439 1440 1441 1442 1443 1444 1445 1446 1447 1448 1449 1450 1451 1452 1453 1454 1455 1456 1457 1458 1459 1460 1461 1462 1463 1464 1465 1466 1467 1468 1469 1470 1471 1472 1473 1474 1475 1476 1477 1478 1479 1480 1481 1482 1483 1484 1485 1486 1487 1488 1489 1490 1491 1492 1493 1494 1495 1496 1497 1498 1499 1500 1501 1502 1503 1504 1505 1506 1507 1508 1509 1510 1511 1512 1513 1514 1515 1516 1517 1518 1519 1520 1521 1522 1523 1524 1525 1526 1527 1528 1529 1530 1531 1532 1533 1534 1535 1536 1537 1538 1539 1540 1541 1542 1543 1544 1545 1546 1547 1548 1549 1550 1551 1552 1553 1554 1555 1556 1557 1558 1559 1560 1561 1562 1563 1564 1565 1566 1567 1568 1569 1570 1571 1572 1573 1574 1575 1576 1577 1578 1579 1580 1581 1582 1583 1584 1585 1586 1587 1588 1589 1590 1591 1592 1593 1594 1595 1596 1597 1598 1599 1600 1601 1602 1603 1604 1605 1606 1607 1608 1609 1610 1611 1612 1613 1614 1615 1616 1617 1618 1619 1620 1621 1622 1623 1624 1625 1626 1627 1628 1629 1630 1631 1632 1633 1634 1635 1636 1637 1638 1639 1640 1641 1642 1643 1644 1645 1646 1647 1648 1649 1650 1651 1652 1653 1654 1655 1656 1657 1658 1659 1660 1661 1662 1663 1664 1665 1666 1667 1668 1669 1670 1671 1672 1673 1674 1675 1676 1677 1678 1679 1680 1681 1682 1683 1684 1685 1686 1687 1688 1689 1690 1691 1692 1693 1694 1695 1696 1697 1698 1699 1700 1701 1702 1703 1704 1705 1706 1707 1708 1709 1710 1711 1712 1713 1714 1715 1716 1717 1718 1719 1720 1721 1722 1723 1724 1725 1726 1727 1728 1729 1730 1731 1732 1733 1734 1735 1736 1737 1738 1739 1740 1741 1742 1743 1744 1745 1746 1747 1748 1749 1750 1751 1752 1753 1754 1755 1756 1757 1758 1759 1760 1761 1762 1763 1764 1765 1766 1767 1768 1769 1770 1771 1772 1773 1774 1775 1776 1777 1778 1779 1780 1781 1782 1783 1784 1785 1786 1787 1788 1789 1790 1791 1792 1793 1794 1795 1796 1797 1798 1799 1800 1801 1802 1803 1804 1805 1806 1807 1808 1809 1810 1811 1812 1813 1814 1815 1816 1817 1818 1819 1820 1821 1822 1823 1824 1825 1826 1827 1828 1829 1830 1831 1832 1833 1834 1835 1836 1837 1838 1839 1840 1841 1842 1843 1844 1845 1846 1847 1848 1849 1850 1851 1852 1853 1854 1855 1856 1857 1858 1859 1860 1861 1862 1863 1864 1865 1866 1867 1868 1869 1870 1871 1872 1873 1874 1875 1876 1877 1878 1879 1880 1881 1882 1883 1884 1885 1886 1887 1888 1889 1890 1891 1892 1893 1894 1895 1896 1897 1898 1899 1900 1901 1902 1903 1904 1905 1906 1907 1908 1909 1910 1911 1912 1913 1914 1915 1916 1917 1918 1919 1920 1921 1922 1923 1924 1925 1926 1927 1928 1929 1930 1931 1932 1933 1934 1935 1936 1937 1938 1939 1940 1941 1942 1943 1944 1945 1946 1947 1948 1949 1950 1951 1952 1953 1954 1955 1956 1957 1958 1959 1960 1961 1962 1963 1964 1965 1966 1967 1968 1969 1970 1971 1972 1973 1974 1975 1976 1977 1978 1979 1980 1981 1982 1983 1984 1985 1986 1987 1988 1989 1990 1991 1992 1993 1994 1995 1996 1997 1998 1999 2000 2001 2002 2003 2004 2005 2006 2007 2008 2009 2010 2011 2012 2013 2014 2015 2016 2017 2018 2019 2020 2021 2022 2023 2024 2025 2026 2027 2028 2029 2030 2031 2032 2033 2034 2035 2036 2037 2038 2039 2040 2041 2042 2043 2044 2045 2046 2047 2048 2049 2050 2051 2052 2053 2054 2055 2056 2057 2058 2059 2060 2061 2062 2063 2064 2065 2066 2067 2068 2069 2070 2071 2072 2073 2074 2075 2076 2077 2078 2079 2080 2081 2082 2083 2084 2085 2086 2087 2088 2089 2090 2091 2092 2093 2094 2095 2096 2097 2098 2099 2100 2101 2102 2103 2104 2105 2106 2107 2108 2109 2110 2111 2112 2113 2114 2115 2116 2117 2118 2119 2120 2121 2122 2123 2124 2125 2126 2127 2128 2129 2130 2131 2132 2133 2134 2135 2136 2137 2138 2139 2140 2141 2142 2143 2144 2145 2146 2147 2148 2149 2150 2151 2152 2153 2154 2155 2156 2157 2158 2159 2160 2161 2162 2163 2164 2165 2166 2167 2168 2169 2170 2171 2172 2173 2174 2175 2176 2177 2178 2179 2180 2181 2182 2183 2184 2185 2186 2187 2188 2189 2190 2191 2192 2193 2194 2195 2196 2197 2198 2199 2200 2201 2202 2203 2204 2205 2206 2207 2208 2209 2210 2211 2212 2213 2214 2215 2216 2217 2218 2219 2220 2221 2222 2223 2224 2225 2226 2227 2228 2229 2230 2231 2232 2233 2234 2235 2236 2237 2238 2239 2240 2241 2242 2243 2244 2245 2246 2247 2248 2249 2250 2251 2252 2253 2254 2255 2256 2257 2258 2259 2260 2261 2262 2263 2264 2265 2266 2267 2268 2269 2270 2271 2272 2273 2274 2275 2276 2277 2278 2279 2280 2281 2282 2283 2284 2285 2286 2287 2288 2289 2290 2291 2292 2293 2294 2295 2296 2297 2298 2299 2300 2301 2302 2303 2304 2305 2306 2307 2308 2309 2310 2311 2312 2313 2314 2315 2316 2317 2318 2319 2320 2321 2322 2323 2324 2325 2326 2327 2328 2329 2330 2331 2332 2333 2334 2335 2336 2337 2338 2339 2340 2341 2342 2343 2344 2345 2346 2347 2348 2349 2350 2351 2352 2353 2354 2355 2356 2357 2358 2359 2360 2361 2362 2363 2364 2365 2366 2367 2368 2369 2370 2371 2372 2373 2374 2375 2376 2377 2378 2379 2380 2381 2382 2383 2384 2385 2386 2387 2388 2389 2390 2391 2392 2393 2394 2395 2396 2397 2398 2399 2400 2401 2402 2403 2404 2405 2406 2407 2408 2409 2410 2411 2412 2413 2414 2415 2416 2417 2418 2419 2420 2421 2422 2423 2424 2425 2426 2427 2428 2429 2430 2431 2432 2433 2434 2435 2436 2437 2438 2439 2440 2441 2442 2443 2444 2445 2446 2447 2448 2449 2450 2451 2452 2453 2454 2455 2456 2457 2458 2459 2460 2461 2462 2463 2464 2465 2466 2467 2468 2469 2470 2471 2472 2473 2474 2475 2476 2477 2478 2479 2480 2481 2482 2483 2484 2485 2486 2487 2488 2489 2490 2491 2492 2493 2494 2495 2496 2497 2498 2499 2500 2501 2502 2503 2504 2505 2506 2507 2508 2509 2510 2511 2512 2513 2514 2515 2516 2517 2518 2519 2520 2521 2522 2523 2524 2525 2526 2527 2528 2529 2530 2531 2532 2533 2534 2535 2536 2537 2538 2539 2540 2541 2542 2543 2544 2545 2546 2547 2548 2549 2550 2551 2552 2553 2554 2555 2556 2557 2558 2559 2560 2561 2562 2563 2564 2565 2566 2567 2568 2569 2570 2571 2572 2573 2574 2575 2576 2577 2578 2579 2580 2581 2582 2583 2584 2585 2586 2587 2588 2589 2590 2591 2592 2593 2594 2595 2596 2597 2598 2599 2600 2601 2602 2603 2604 2605 2606 2607 2608 2609 2610 2611 2612 2613 2614 2615 2616 2617 2618 2619 2620 2621 2622 2623 2624 2625 2626 2627 2628 2629 2630 2631 2632 2633 2634 2635 2636 2637 2638 2639 2640 2641 2642 2643 2644 2645 2646 2647 2648 2649 2650 2651 2652 2653 2654 2655 2656 2657 2658 2659 2660 2661 2662 2663 2664 2665 2666 2667 2668 2669 2670 2671 2672 2673 2674 2675 2676 2677 2678 2679 2680 2681</DataArray>
<DataArray type="Int64" Name="offsets" format="ascii">2 4 6 8 10 12 14 16 18 20 22 24 26 28 30 32 34 36 38 40 42 44 46 48 50 52 54 56 58 60 62 64 66 68 70 72 74 76 78 80 82 84 86 88 90 92 94 96 98 100 102 104 106 108 110 112 114 116 118 120 122 124 126 128 130 132 134 136 138 140 142 144 146 148 150 152 154 156 158 160 162 164 166 168 170 172 174 176 178 180 182 184 186 188 190 192 194 196 198 200 202 204 206 208 210 212 214 216 218 220 222 224 226 228 230 232 234 236 238 240 242 244 246 248 250 252 254 256 258 260 262 264 266 268 270 272 274 276 278 280 282 284 286 288 290 292 294 296 298 300 302 304 306 308 310 312 314 316 318 320 322 324 326 328 330 332 334 336 338 340 342 344 346 348 350 352 354 356 358 360 362 364 366 368 370 372 374 376 378 380 382 384 386 388 390 392 394 396 398 400 402 404 406 408 410 412 414 416 418 420 422 424 426 428 430 432 434 436 438 440 442 444 446 448 450 452 454 456 458 460 462 464 466 468 470 472 474 476 478 480 482 484 486 488 490 492 494 496 498 500 502 504 506 508 510 512 514 516 518 520 522 524 526 528 530 532 534 536 538 540 542 544 546 548 550 552 554 556 558 560 562 564 566 568 570 572 574 576 578 580 582 584 586 588 590 592 594 596 598 600 602 604 606 608 610 612 614 616 618 620 622 624 626 628 630 632 634 636 638 640 642 644 646 648 650 652 654 656 658 660 662 664 666 668 670 672 674 676 678 680 682 684 686 688 690 692 694 696 698 700 702 704 706 708 710 712 714 716 718 720 722 724 726 728 730 732 734 736 738 740 742 744 746 748 750 752 754 756 758 760 762 764 766 768 770 772 774 776 778 780 782 784 786 788 790 792 794 796 798 800 802 804 806 808 810 812 814 816 818 820 822 824 826 828 830 832 834 836 838 840 842 844 846 848 850 852 854 856 858 860 862 864 866 868 870 872 874 876 878 880 882 884 886 888 890 892 894 896 898 900 902 904 906 908 910 912 914 916 918 920 922 924 926 928 930 932 934 936 938 940 942 944 946 948 950 952 954 956 958 960 962 964 966 968 970 972 974 976 978 980 982 984 986 988 990 992 994 996 998 1000 1002 1004 1006 1008 1010 1012 1014 1016 1018 1020 1022 1024 1026 1028 1030 1032 1034 1036 1038 1040 1042 1044 1046 1048 1050 1052 1054 1056 1058 1060 1062 1064 1066 1068 1070 1072 1074 1076 1078 1080 1082 1084 1086 1088 1090 1092 1094 1096 1098 1100 1102 1104 1106 1108 1110 1112 1114 1116 1118 1120 1122 1124 1126 1128 1130 1132 1134 1136 1138 1140 1142 1144 1146 1148 1150 1152 1154 1156 1158 1160 1162 1164 1166 1168 1170 1172 1174 1176 1178 1180 1182 1184 1186 1188 1190 1192 1194 1196 1198 1200 1202 1204 1206 1208 1210 1212 1214 1216 1218 1220 1222 1224 1226 1228 1230 1232 1234 1236 1238 1240 1242 1244 1246 1248 1250 1252 1254 1256 1258 1260 1262 1264 1266 1268 1270 1272 1274 1276 1278 1280 1282 1284 1286 1288 1290 1292 1294 1296 1298 1300 1302 1304 1306 1308 1310 1312 1314 1316 1318 1320 1322 1324 1326 1328 1330 1332 1334 1336 1338 1340 1342 1344 1346 1348 1350 1352 1354 1356 1358 1360 1362 1364 1366 1368 1370 1372 1374 1376 1378 1380 1382 1384 1386 1388 1390 1392 1394 1396 1398 1400 1402 1404 1406 1408 1410 1412 1414 1416 1418 1420 1422 1424 1426 1428 1430 1432 1434 1436 1438 1440 1442 1444 1446 1448 1450 1452 1454 1456 1458 1460 1462 1464 1466 1468 1470 1472 1474 1476 1478 1480 1482 1484 1486 1488 1490 1492 1494 1496 1498 1500 1502 1504 1506 1508 1510 1512 1514 1516 1518 1520 1522 1524 1526 1528 1530 1532 1534 1536 1538 1540 1542 1544 1546 1548 1550 1552 1554 1556 1558 1560 1562 1564 1566 1568 1570 1572 1574 1576 1578 1580 1582 1584 1586 1588 1590 1592 1594 1596 1598 1600 1602 1604 1606 1608 1610 1612 1614 1616 1618 1620 1622 1624 1626 1628 1630 1632 1634 1636 1638 1640 1642 1644 1646 1648 1650 1652 1654 1656 1658 1660 1662 1664 1666 1668 1670 1672 1674 1676 1678 1680 1682 1684 1686 1688 1690 1692 1694 1696 1698 1700 1702 1704 1706 1708 1710 1712 1714 1716 1718 1720 1722 1724 1726 1728 1730 1732 1734 1736 1738 1740 1742 1744 1746 1748 1750 1752 1754 1756 1758 1760 1762 1764 1766 1768 1770 1772 1774 1776 1778 1780 1782 1784 1786 1788 1790 1792 1794 1796 1798 1800 1802 1804 1806 1808 1810 1812 1814 1816 1818 1820 1822 1824 1826 1828 1830 1832 1834 1836 1838 1840 1842 1844 1846 1848 1850 1852 1854 1856 1858 1860 1862 1864 1866 1868 1870 1872 1874 1876 1878 1880 1882 1884 1886 1888 1890 1892 1894 1896 1898 1900 1902 1904 1906 1908 1910 1912 1914 1916 1918 1920 1922 1924 1926 1928 1930 1932 1934 1936 1938 1940 1942 1944 1946 1948 1950 1952 1954 1956 1958 1960 1962 1964 1966 1968 1970 1972 1974 1976 1978 1980 1982 1984 1986 1988 1990 1992 1994 1996 1998 2000 2002 2004 2006 2008 2010 2012 2014 2016 2018 2020 2022 2024 2026 2028 2030 2032 2034 2036 2038 2040 2042 2044 2046 2048 2050 2052 2054 2056 2058 2060 2062 2064 2066 2068 2070 2072 2074 2076 2078 2080 2082 2084 2086 2088 2090 2092 2094 2096 2098 2100 2102 2104 2106 2108 2110 2112 2114 2116 2118 2120 2122 2124 2126 2128 2130 2132 2134 2136 2138 2140 2142 2144 2146 2148 2150 2152 2154 2156 2158 2160 2162 2164 2166 2168 2170 2172 2174 2176 2178 2180 2182 2184 2186 2188 2190 2192 2194 2196 2198 2200 2202 2204 2206 2208 2210 2212 2214 2216 2218 2220 2222 2224 2226 2228 2230 2232 2234 2236 2238 2240 2242 2244 2246 2248 2250 2252 2254 2256 2258 2260 2262 2264 2266 2268 2270 2272 2274 2276 2278 2280 2282 2284 2286 2288 2290 2292 2294 2296 2298 2300 2302 2304 2306 2308 2310 2312 2314 2316 2318 2320 2322 2324 2326 2328 2330 2332 2334 2336 2338 2340 2342 2344 2346 2348 2350 2352 2354 2356 2358 2360 2362 2364 2366 2368 2370 2372 2374 2376 2378 2380 2382 2384 2386 2388 2390 2392 2394 2396 2398 2400 2402 2404 2406 2408 2410 2412 2414 2416 2418 2420 2422 2424 2426 2428 2430 2432 2434 2436 2438 2440 2442 2444 2446 2448 2450 2452 2454 2456 2458 2460 2462 2464 2466 2468 2470 2472 2474 2476 2478 2480 2482 2484 2486 2488 2490 2492 2494 2496 2498 2500 2502 2504 2506 2508 2510 2512 2514 2516 2518 2520 2522 2524 2526 2528 2530 2532 2534 2536 2538 2540 2542 2544 2546 2548 2550 2552 2554 2556 2558 2560 2562 2564 2566 2568 2570 2572 2574 2576 2578 2580 2582 2584 2586 2588 2590 2592 2594 2596 2598 2600 2602 2604 2606 2608 2610 2612 2614 2616 2618 2620 2622 2624 2626 2628 2630 2632 2634 2636 2638 2640 2642 2644 2646 2648 2650 2652 2654 2656 2658 2660 2662 2664 2666 2668 2670 2672 2674 2676 2678 2680 2682</DataArray>
</Lines></Piece></PolyData></VTKFile>