id_i,id_j,edge_kind,distance_m,surface_gap_m,overlap_m,contact_radius_m,g_contact_W_K,g_gap_W_K,g_total_W_K,T_i_K,T_j_K,heat_i_to_j_W
1,9,contact,0.0013950874648354487,-0.00010491253516455132,0.00010491253516455132,0.00019834868461047768,0.00019834868461047768,0.0,0.00019834868461047768,300.18451162106385,300.1663592733775,3.600494286177388e-06
1,216,contact,0.001689751605122377,-6.024839487762295e-05,6.024839487762295e-05,0.000160688333931989,0.000160688333931989,0.0,0.000160688333931989,300.18451162106385,300.15015737527824,5.52032651877931e-06
1,259,contact,0.0016754718974019067,-7.452810259809335e-05,7.452810259809335e-05,0.0001787193761156939,0.0001787193761156939,0.0,0.0001787193761156939,300.18451162106385,300.2313452495376,-8.37007686206007e-06
1,427,contact,0.0019576610303372243,-4.233896966277569e-05,4.233896966277569e-05,0.00014087722324572594,0.00014087722324572594,0.0,0.00014087722324572594,300.18451162106385,300.18984068651275,-7.507439429364262e-07
2,54,contact,0.0014811139602893492,-1.888603971065086e-05,1.888603971065086e-05,8.415619342326548e-05,8.415619342326548e-05,0.0,8.415619342326548e-05,300.94366730123704,300.90200506960923,3.506134823314934e-06
2,343,contact,0.0017403953159279648,-9.604684072035208e-06,9.604684072035208e-06,6.415834453700761e-05,6.415834453700761e-05,0.0,6.415834453700761e-05,300.94366730123704,300.93473666390673,5.729749067730174e-07
2,394,contact,0.0017333415210399243,-1.6658478960075718e-05,1.6658478960075718e-05,8.449466329743397e-05,8.449466329743397e-05,0.0,8.449466329743397e-05,300.94366730123704,300.8811770862261,5.280089676733563e-06
3,32,contact,0.0014192915951628823,-8.070840483711769e-05,8.070840483711769e-05,0.00017397026129174818,0.001739702612917482,0.0,0.001739702612917482,300.7679256312491,300.842410315104,-0.00012958119912471106
3,129,contact,0.0016843216658643328,-6.567833413566727e-05,6.567833413566727e-05,0.00016777323233077004,0.0016777323233077006,0.0,0.0016777323233077006,300.7679256312491,300.79890149183535,-5.19692025478053e-05
3,419,contact,0.0019347549337836046,-6.524506621639545e-05,6.524506621639545e-05,0.00017488174515636377,0.00031796680937520687,0.0,0.00031796680937520687,300.7679256312491,300.70634023755656,1.9582111136537137e-05
3,433,contact,0.0019463010056258,-5.369899437419998e-05,5.369899437419998e-05,0.00015865498294382764,0.0015865498294382763,0.0,0.0015865498294382763,300.7679256312491,300.6658372583971,0.0001619682905359635
4,25,contact,0.0014141243802791893,-8.58756197208107e-05,8.58756197208107e-05,0.00017945293922169125,0.00017945293922169125,0.0,0.00017945293922169125,300.52313570862697,300.419728957985,1.8556645338065314e-05
4,144,contact,0.0016648965578677855,-8.510344213221452e-05,8.510344213221452e-05,0.00019097880450706848,0.0003472341900128518,0.0,0.0003472341900128518,300.52313570862697,300.5626577098094,-1.372339006826928e-05
4,229,contact,0.0017318387197426904,-1.8161280257309592e-05,1.8161280257309592e-05,8.822361262474607e-05,8.822361262474607e-05,0.0,8.822361262474607e-05,300.52313570862697,300.41703684844134,9.360424740943692e-06
4,347,contact,0.0016943850366725978,-5.561496332740228e-05,5.561496332740228e-05,0.00015438582928226414,0.00015438582928226414,0.0,0.00015438582928226414,300.52313570862697,300.61507212582745,-1.419368001073727e-05
5,68,contact,0.001460501252344551,-3.949874765544906e-05,3.949874765544906e-05,0.00012170468508152592,0.00012170468508152592,0.0,0.00012170468508152592,300.20547760383187,300.0998303057292,1.285777114529921e-05
5,109,contact,0.0017033139254112846,-4.6686074588715406e-05,4.6686074588715406e-05,0.00014145076062318658,0.00014145076062318658,0.0,0.00014145076062318658,300.20547760383187,300.2826423224232,-1.091500813802032e-05
5,297,contact,0.001697762979217064,-5.2237020782936036e-05,5.2237020782936036e-05,0.00014962384375913587,0.00027204335228933797,0.0,0.00027204335228933797,300.20547760383187,300.2119817932025,-1.7694214803072154e-06
5,388,contact,0.00173848153700291,-1.1518462997089961e-05,1.1518462997089961e-05,7.026011771702338e-05,7.026011771702338e-05,0.0,7.026011771702338e-05,300.20547760383187,300.26398482877494,-4.110724511796529e-06
5,477,contact,0.0019728558457474785,-2.714415425252156e-05,2.714415425252156e-05,0.00011279992156854312,0.00011279992156854312,0.0,0.00011279992156854312,300.20547760383187,300.1705717020362,3.937382984827374e-06
6,59,contact,0.0013786461135839023,-0.00012135388641609768,0.00012135388641609768,0.0002133253557504045,0.002133253557504045,0.0,0.002133253557504045,300.0519066866987,300.1252745085144,-0.00015651216689462159
6,172,contact,0.0016701413870987088,-7.985861290129128e-05,7.985861290129128e-05,0.00018500032382360608,0.0018500032382360609,0.0,0.0018500032382360609,300.0519066866987,300.1264456304769,-0.00013789728736432794
6,219,contact,0.0016843140893847562,-6.56859106152438e-05,6.56859106152438e-05,0.00016778290899072587,0.0016778290899072588,0.0,0.0016778290899072588,300.0519066866987,300.0412154726175,1.7938029991849116e-05
7,106,contact,0.0016381486263767411,-0.0001118513736232589,0.0001118513736232589,0.00021894360685207657,0.0003980792851855938,0.0,0.0003980792851855938,300.1348569106297,300.0802771381899,2.1727076798431337e-05
7,146,contact,0.0016832705189897435,-6.672948101025655e-05,6.672948101025655e-05,0.00016911046391159733,0.0003074735707483588,0.0,0.0003074735707483588,300.1348569106297,300.18706098855824,-1.6051374248312614e-05
7,251,contact,0.0016699991227542607,-8.000087724573937e-05,8.000087724573937e-05,0.00018516503516639962,0.0003366637003025448,0.0,0.0003366637003025448,300.1348569106297,300.120681324524,4.772405272300143e-06
7,261,contact,0.0016252982564747913,-0.0001247017435252087,0.0001247017435252087,0.00023117872819086662,0.002311787281908666,0.0,0.002311787281908666,300.1348569106297,300.22442305676896,-0.00020705787753428617
7,330,contact,0.0016482040487755159,-0.00010179595122448417,0.00010179595122448417,0.00020887038143084012,0.002088703814308401,0.0,0.002088703814308401,300.1348569106297,300.04072687248606,0.00019660976971162927
8,196,contact,0.0016781323575284525,-7.186764247154752e-05,7.186764247154752e-05,0.00017550047920758449,0.00017550047920758449,0.0,0.00017550047920758449,300.95137919748083,300.9259092332063,4.469990935578468e-06
8,255,contact,0.0017075607806239278,-4.243921937607223e-05,4.243921937607223e-05,0.0001348637715454359,0.0001348637715454359,0.0,0.0001348637715454359,300.95137919748083,300.92968691981554,2.9255023793525097e-06
8,428,contact,0.00197512144353303,-2.487855646697004e-05,2.487855646697004e-05,0.00010798992241821551,0.00010798992241821551,0.0,0.00010798992241821551,300.95137919748083,300.9051401125678,4.993355192450011e-06
8,448,contact,0.0019339784365819588,-6.602156341804126e-05,6.602156341804126e-05,0.0001759193219979171,0.0001759193219979171,0.0,0.0001759193219979171,300.95137919748083,300.9109038471774,7.120396183009092e-06
9,185,contact,0.0016857724674463035,-6.422753255369649e-05,6.422753255369649e-05,0.00016590987125591905,0.00016590987125591905,0.0,0.00016590987125591905,300.1663592733775,300.0755517584165,1.506586311624944e-05
9,490,contact,0.001939546416201479,-6.045358379852105e-05,6.045358379852105e-05,0.0001683378074157934,0.00030606874075598796,0.0,0.00030606874075598796,300.1663592733775,300.2038193838146,-1.1465368830066348e-05
10,26,contact,0.001485460904904602,-1.4539095095397964e-05,1.4539095095397964e-05,7.383874769234807e-05,7.383874769234807e-05,0.0,7.383874769234807e-05,300.0353663863456,300.0371513078098,-1.3179636564623312e-07
10,493,contact,0.0019160095459052398,-8.399045409476021e-05,8.399045409476021e-05,0.00019842007296873683,0.00019842007296873683,0.0,0.00019842007296873683,300.0353663863456,300.11855007746414,-1.650531406155419e-05
11,41,contact,0.0014060452712839652,-9.395472871603482e-05,9.395472871603482e-05,0.00018770461706764982,0.00018770461706764982,0.0,0.00018770461706764982,300.52633772791603,300.5641118561478,-7.090378274809492e-06
11,289,contact,0.0016987713363487158,-5.122866365128427e-05,5.122866365128427e-05,0.00014817267482513812,0.00014817267482513812,0.0,0.00014817267482513812,300.52633772791603,300.60876849523163,-1.2213987281041015e-05
11,301,contact,0.001702538775857984,-4.746122414201609e-05,4.746122414201609e-05,0.0001426202111633993,0.0001426202111633993,0.0,0.0001426202111633993,300.52633772791603,300.5362087951481,-1.4078136930498755e-06
11,350,contact,0.001692964347084722,-5.7035652915278035e-05,5.7035652915278035e-05,0.00015634529493849462,0.00015634529493849462,0.0,0.00015634529493849462,300.52633772791603,300.46019549450796,1.0341026990075857e-05
11,387,contact,0.0016302760738292148,-0.00011972392617078521,0.00011972392617078521,0.00022651766834662956,0.00022651766834662956,0.0,0.00022651766834662956,300.52633772791603,300.48055254773743,1.037115225888629e-05
12,97,contact,0.0014778642464380824,-2.2135753561917677e-05,2.2135753561917677e-05,9.110931667902645e-05,9.110931667902645e-05,0.0,9.110931667902645e-05,300.08827932742906,300.20786598110374,-1.0895458300230887e-05
12,264,contact,0.0017393552548286392,-1.0644745171360789e-05,1.0644745171360789e-05,6.754282822675484e-05,0.00012280514223046333,0.0,0.00012280514223046333,300.08827932742906,300.029377104652,7.233495845829544e-06
12,321,contact,0.0017315981530366667,-1.8401846963333373e-05,1.8401846963333373e-05,8.880600115661434e-05,8.880600115661434e-05,0.0,8.880600115661434e-05,300.08827932742906,300.04704379822255,3.6619624544075696e-06
13,114,contact,0.001702339822890836,-4.766017710916407e-05,4.766017710916407e-05,0.00014291882377644223,0.00014291882377644223,0.0,0.00014291882377644223,300.239117311909,300.18875713256966,7.197417596350589e-06
13,178,contact,0.001691885511788549,-5.8114488211451036e-05,5.8114488211451036e-05,0.00015781701186335718,0.00015781701186335718,0.0,0.00015781701186335718,300.239117311909,300.3005932813892,-9.701953804763456e-06
13,191,contact,0.0016813798878592763,-6.862011214072371e-05,6.862011214072371e-05,0.00017148941509283186,0.00017148941509283186,0.0,0.00017148941509283186,300.239117311909,300.24520495164,-1.0439657767638014e-06
13,458,contact,0.0019909707538159,-9.029246184100257e-06,9.029246184100257e-06,6.505735276505642e-05,6.505735276505642e-05,0.0,6.505735276505642e-05,300.239117311909,300.184573100773,3.5485019851686196e-06
14,134,contact,0.0017499813741865934,-1.8625813406588157e-08,1.8625813406588157e-08,2.825330327584078e-06,2.825330327584078e-06,0.0,2.825330327584078e-06,300.71137071524305,300.7157962864469,-1.2503700539129932e-08
14,483,contact,0.002000041268474229,-0.0,0.0,9.682458365518543e-08,9.682458365518543e-08,0.0,9.682458365518543e-08,300.71137071524305,300.5822330513654,1.2503700539157408e-08
15,280,contact,0.0016658455017497871,-8.415449825021292e-05,8.415449825021292e-05,0.00018991106743896085,0.00018991106743896085,0.0,0.00018991106743896085,300.8171347990966,300.8145901360979,4.832596663612448e-07
15,361,contact,0.0016663962850714715,-8.36037149285285e-05,8.36037149285285e-05,0.00018928857213471164,0.00018928857213471164,0.0,0.00018928857213471164,300.8171347990966,300.8808872879057,-1.2067617576706181e-05
15,380,contact,0.0016895314925446045,-6.0468507455395566e-05,6.0468507455395566e-05,0.0001609815971586223,0.0001609815971586223,0.0,0.0001609815971586223,300.8171347990966,300.7759017604985,6.637760409221955e-06
15,406,contact,0.001858633083612793,-0.00014136691638720698,0.00014136691638720698,0.0002574213317821646,0.0002574213317821646,0.0,0.0002574213317821646,300.8171347990966,300.90999594355003,-2.3904439476016024e-05
15,424,contact,0.001854602139274082,-0.00014539786072591807,0.00014539786072591807,0.00026106559944825,0.00026106559944825,0.0,0.00026106559944825,300.8171347990966,300.7066222036487,2.8851036977191852e-05
16,165,contact,0.0016833067682986366,-6.669323170136344e-05,6.669323170136344e-05,0.00016906452491962534,0.00016906452491962534,0.0,0.00016906452491962534,300.3695974646763,300.481512373687,-1.892084092331591e-05
16,268,contact,0.0016959226901568948,-5.40773098431052e-05,5.40773098431052e-05,0.0001522366248074338,0.0001522366248074338,0.0,0.0001522366248074338,300.3695974646763,300.3682718801878,2.0180250842387073e-07
16,388,contact,0.0016766986298676334,-7.33013701323666e-05,7.33013701323666e-05,0.00017724241285276896,0.00017724241285276896,0.0,0.00017724241285276896,300.3695974646763,300.26398482877494,1.871903841489909e-05
17,205,contact,0.001578413478433328,-0.00017158652156667206,0.00017158652156667206,0.00027117721266992713,0.002711772126699271,0.0,0.002711772126699271,300.154601706748,300.0944402940188,0.00016314404214189785
17,217,contact,0.0017061026994000103,-4.389730059998977e-05,4.389730059998977e-05,0.00013716095956418153,0.0013716095956418151,0.0,0.0013716095956418151,300.154601706748,300.2368999433974,-0.00011288105109274756
17,354,contact,0.0017357240017929123,-1.4275998207087743e-05,1.4275998207087743e-05,7.821946654059171e-05,0.00014221721189198493,0.0,0.00014221721189198493,300.154601706748,300.16396040697896,-1.3309682537802708e-06
17,423,contact,0.00199415535252397,-5.8446474760298975e-06,5.8446474760298975e-06,5.23419382941539e-05,9.516716053482527e-05,0.0,9.516716053482527e-05,300.154601706748,300.16103175162635,-6.119291131847284e-07
17,443,contact,0.001842762160453702,-0.0001572378395462981,0.0001572378395462981,0.0002714870849365163,0.000493612881702757,0.0,0.000493612881702757,300.154601706748,300.24919967167415,-4.669477407041407e-05
17,472,contact,0.0019305753960930912,-6.942460390690886e-05,6.942460390690886e-05,0.0001803961836662947,0.00032799306121144493,0.0,0.00032799306121144493,300.154601706748,300.15955705429826,-1.6253196123779968e-06
18,156,contact,0.0017145439739195954,-3.545602608040466e-05,3.545602608040466e-05,0.00012326978441104232,0.00012326978441104232,0.0,0.00012326978441104232,300.2891802262739,300.2995600566269,-1.2795194498343348e-06
18,427,contact,0.0019158045045995686,-8.419549540043141e-05,8.419549540043141e-05,0.00019866212137433805,0.00019866212137433805,0.0,0.00019866212137433805,300.2891802262739,300.18984068651275,1.973500370530259e-05
18,496,contact,0.001913339414007875,-8.666058599212496e-05,8.666058599212496e-05,0.00020154937281918932,0.00020154937281918932,0.0,0.00020154937281918932,300.2891802262739,300.38074828226587,-1.845548425545124e-05
19,96,contact,0.0014779503204776546,-2.2049679522345407e-05,2.2049679522345407e-05,9.09320065811787e-05,9.09320065811787e-05,0.0,9.09320065811787e-05,300.0470288359774,300.10041200401406,-4.854238587232473e-06
19,311,contact,0.0017222723649295438,-2.7727635070456252e-05,2.7727635070456252e-05,0.00010901042231389015,0.00010901042231389015,0.0,0.00010901042231389015,300.0470288359774,300.08645133740583,-4.2974635293818764e-06
19,407,contact,0.001973700821046594,-2.629917895340594e-05,2.629917895340594e-05,0.00011103035681474249,0.00011103035681474249,0.0,0.00011103035681474249,300.0470288359774,300.08485231945264,-4.1995548662304175e-06
20,211,contact,0.001725058044704583,-2.4941955295417102e-05,2.4941955295417102e-05,0.00010338960011684742,0.00010338960011684742,0.0,0.00010338960011684742,300.2299627266061,300.3009483082866,-7.339170904006095e-06
20,217,contact,0.0017049713361226933,-4.502866387730677e-05,4.502866387730677e-05,0.00013891723724779458,0.0002525767949959901,0.0,0.0002525767949959901,300.2299627266061,300.2368999433974,-1.752179983338975e-06
20,372,contact,0.0017397120071149692,-1.0287992885030803e-05,1.0287992885030803e-05,6.640135396112299e-05,6.640135396112299e-05,0.0,6.640135396112299e-05,300.2299627266061,300.3141462008456,-5.5898966706519075e-06
20,423,contact,0.0019584063597987015,-4.159364020129858e-05,4.159364020129858e-05,0.00013963172578020623,0.00013963172578020623,0.0,0.00013963172578020623,300.2299627266061,300.16103175162635,9.624950996136721e-06
20,470,contact,0.001977774522032277,-2.2225477967722975e-05,2.2225477967722975e-05,0.00010206954882515228,0.00010206954882515228,0.0,0.00010206954882515228,300.2299627266061,300.18042496906673,5.056296561854626e-06
21,54,contact,0.0014775479783496036,-2.245202165039638e-05,2.245202165039638e-05,9.175787769395412e-05,9.175787769395412e-05,0.0,9.175787769395412e-05,300.95950182055196,300.90200506960923,5.275779840802984e-06
21,283,contact,0.0016354771834388277,-0.00011452281656117234,0.00011452281656117234,0.0002215427884126344,0.0002215427884126344,0.0,0.0002215427884126344,300.95950182055196,300.9419805114383,3.8817196776770645e-06
21,377,contact,0.001643896342590067,-0.0001061036574099331,0.0001061036574099331,0.00021324398240707396,0.00021324398240707396,0.0,0.00021324398240707396,300.95950182055196,300.9315297772125,5.964869917766716e-06
22,126,contact,0.001720099874517554,-2.990012548244607e-05,2.990012548244607e-05,0.00011320043945355021,0.00011320043945355021,0.0,0.00011320043945355021,300.0516521226655,300.0564664289388,-5.449815858035213e-07
22,326,contact,0.00172002426264864,-2.99757373513601e-05,2.99757373513601e-05,0.00011334348053220497,0.00011334348053220497,0.0,0.00011334348053220497,300.0516521226655,300.04684389211485,5.449815858088616e-07
23,32,contact,0.001464300103223721,-3.5699896776279034e-05,3.5699896776279034e-05,0.0001157041973789397,0.0011570419737893971,0.0,0.0011570419737893971,300.94528646872106,300.842410315104,0.00011903202783692857
23,203,contact,0.0017344457745966009,-1.555422540339916e-05,1.555422540339916e-05,8.164616709593158e-05,0.00014844757653805743,0.0,0.00014844757653805743,300.94528646872106,300.9380728994845,1.0708368713581721e-06
23,384,contact,0.0017112385785333964,-3.876142146660359e-05,3.876142146660359e-05,0.00012888769441417417,0.00023434126257122577,0.0,0.00023434126257122577,300.94528646872106,300.9096007400551,8.362638711353686e-06
23,413,contact,0.001982800424758125,-1.7199575241874827e-05,1.7199575241874827e-05,8.979031626310726e-05,0.00016325512047837682,0.0,0.00016325512047837682,300.94528646872106,300.90878206939584,5.959530109830273e-06
24,125,contact,0.001687918653490149,-6.208134650985105e-05,6.208134650985105e-05,0.00016311435056844242,0.00016311435056844242,0.0,0.00016311435056844242,300.47320780460507,300.44283280619356,4.954598139409771e-06
24,167,contact,0.001693059172090568,-5.69408279094321e-05,5.69408279094321e-05,0.00015621527441702103,0.00015621527441702103,0.0,0.00015621527441702103,300.47320780460507,300.4449637047852,4.412159804020866e-06
24,213,contact,0.0017278251403715602,-2.217485962843985e-05,2.217485962843985e-05,9.74859542156272e-05,9.74859542156272e-05,0.0,9.74859542156272e-05,300.47320780460507,300.56929095851996,-9.366757943440015e-06
25,334,contact,0.0017351161630853415,-1.4883836914658492e-05,1.4883836914658492e-05,7.986731026608667e-05,0.00014521329139288483,0.0,0.00014521329139288483,300.419728957985,300.44390653609923,-3.5109056958764548e-06
25,360,contact,0.0016824530442481884,-6.75469557518116e-05,6.75469557518116e-05,0.00017014316125605805,0.0003093512022837419,0.0,0.0003093512022837419,300.419728957985,300.3501697560692,2.1518222742552907e-05
25,381,contact,0.001700889571635972,-4.9110428364028055e-05,4.9110428364028055e-05,0.00014507696730262288,0.000263776304186587,0.0,0.000263776304186587,300.419728957985,300.4176464043873,5.493282912686935e-07
26,142,contact,0.0016953634005722792,-5.4636599427720835e-05,5.4636599427720835e-05,0.0001530218463782973,0.0001530218463782973,0.0,0.0001530218463782973,300.0371513078098,300.04190558291856,-7.275079553359491e-07
26,493,contact,0.001920593673841502,-7.940632615849796e-05,7.940632615849796e-05,0.0001929293015246671,0.0001929293015246671,0.0,0.0001929293015246671,300.0371513078098,300.11855007746414,-1.5704207774382234e-05
27,73,contact,0.0014325328153309445,-6.746718466905553e-05,6.746718466905553e-05,0.00015906034782715592,0.00015906034782715592,0.0,0.00015906034782715592,300.66528639208394,300.73572685289304,-1.1204284197399858e-05
27,136,contact,0.0017128527669651,-3.714723303489993e-05,3.714723303489993e-05,0.00012617544424032288,0.00012617544424032288,0.0,0.00012617544424032288,300.66528639208394,300.6531480893173,1.5315557439030489e-06
27,277,contact,0.001668202197037278,-8.179780296272213e-05,8.179780296272213e-05,0.00018723301330090817,0.00018723301330090817,0.0,0.00018723301330090817,300.66528639208394,300.64904483638475,3.0409554142549946e-06
27,439,contact,0.0019536777400840704,-4.632225991592961e-05,4.632225991592961e-05,0.00014735521482320198,0.00014735521482320198,0.0,0.00014735521482320198,300.66528639208394,300.62028104193627,6.631773039204211e-06
28,165,contact,0.001639774488437054,-0.00011022551156294612,0.00011022551156294612,0.00021734650895643192,0.00021734650895643192,0.0,0.00021734650895643192,300.557599740464,300.481512373687,1.6537323544672246e-05
28,177,contact,0.0017008658226529804,-4.9134177347019605e-05,4.9134177347019605e-05,0.00014511204146208583,0.00014511204146208583,0.0,0.00014511204146208583,300.557599740464,300.6053699988885,-6.932039721145363e-06
28,222,contact,0.0016759326346545242,-7.40673653454758e-05,7.40673653454758e-05,0.00017816609266814066,0.00017816609266814066,0.0,0.00017816609266814066,300.557599740464,300.5737053987029,-2.8694821982680938e-06
28,266,contact,0.0016485322787027864,-0.00010146772129721363,0.00010146772129721363,0.00020853336968033295,0.00020853336968033295,0.0,0.00020853336968033295,300.557599740464,300.477882196049,1.6623768159505402e-05
28,329,contact,0.0016601814005571794,-8.981859944282066e-05,8.981859944282066e-05,0.0001961980771452528,0.0001961980771452528,0.0,0.0001961980771452528,300.557599740464,300.67666089603017,-2.3359569784771934e-05
29,110,contact,0.0017004036991255936,-4.9596300874406394e-05,4.9596300874406394e-05,0.0001457928582530802,0.0001457928582530802,0.0,0.0001457928582530802,300.2422107057785,300.3259245908141,-1.2204886574808824e-05
29,434,contact,0.0019611387785926845,-3.88612214073155e-05,3.88612214073155e-05,0.00013496739433907414,0.00013496739433907414,0.0,0.00013496739433907414,300.2422107057785,300.2490678071933,-9.254851106698101e-07
29,472,contact,0.0019461620307672236,-5.383796923277644e-05,5.383796923277644e-05,0.00015886015258038738,0.00015886015258038738,0.0,0.00015886015258038738,300.2422107057785,300.15955705429826,1.3130371685479779e-05
30,109,contact,0.0017352643681609438,-1.4735631839056214e-05,1.4735631839056214e-05,7.946867803208349e-05,7.946867803208349e-05,0.0,7.946867803208349e-05,300.2866793978557,300.2826423224232,3.208210477371134e-07
30,120,contact,0.0016985154670280476,-5.148453297195246e-05,5.148453297195246e-05,0.0001485422493606532,0.0001485422493606532,0.0,0.0001485422493606532,300.2866793978557,300.25746005409445,4.340307047141149e-06
30,160,contact,0.0016891311173073053,-6.086888269269471e-05,6.086888269269471e-05,0.00016151366509108408,0.00016151366509108408,0.0,0.00016151366509108408,300.2866793978557,300.31501012434705,-4.575799470308307e-06
30,268,contact,0.0016845807907660596,-6.541920923394044e-05,6.541920923394044e-05,0.00016744194204978348,0.00016744194204978348,0.0,0.00016744194204978348,300.2866793978557,300.3682718801878,-1.3662003698349197e-05
30,281,contact,0.0017117821737776145,-3.821782622238554e-05,3.821782622238554e-05,0.00012798073441351387,0.00012798073441351387,0.0,0.00012798073441351387,300.2866793978557,300.201214534002,1.0937856042547685e-05
30,388,contact,0.0017184534319931392,-3.1546568006860865e-05,3.1546568006860865e-05,0.00011627535300839161,0.00011627535300839161,0.0,0.00011627535300839161,300.2866793978557,300.26398482877494,2.6388190312414685e-06
31,401,contact,0.0020000352878136933,-0.0,0.0,9.682458365518543e-08,1.7604469755488263e-07,0.0,1.7604469755488263e-07,300.1510128370026,300.1510128370026,0.0
32,379,contact,0.001667581138871809,-8.241886112819101e-05,8.241886112819101e-05,0.00018794246208597725,0.00034171356742904955,0.0,0.00034171356742904955,300.842410315104,300.9184447604259,-2.598200155843855e-05
32,386,contact,0.0016840983886044186,-6.590161139558145e-05,6.590161139558145e-05,0.00016805816773059106,0.000305560304964711,0.0,0.000305560304964711,300.842410315104,300.75271779362487,2.7406474216223227e-05
32,413,contact,0.0019029164394949141,-9.70835605050859e-05,9.70835605050859e-05,0.0002133258516606907,0.0003878651848376194,0.0,0.0003878651848376194,300.842410315104,300.90878206939584,-2.5743292746394628e-05
32,453,contact,0.0019518428161099449,-4.8157183890055154e-05,4.8157183890055154e-05,0.00015024539909249586,0.00027317345289544704,0.0,0.00027317345289544704,300.842410315104,300.792004067151,1.3769648800822908e-05
33,125,contact,0.0017433914726447536,-6.608527355246455e-06,6.608527355246455e-06,5.321866222850155e-05,5.321866222850155e-05,0.0,5.321866222850155e-05,300.4874244565317,300.44283280619356,2.3731079775566034e-06
33,253,contact,0.0016420300135198513,-0.00010796998648014873,0.00010796998648014873,0.00021511125342165427,0.00021511125342165427,0.0,0.00021511125342165427,300.4874244565317,300.4757056313716,2.520851168812676e-06
33,373,contact,0.0016534764505126778,-9.652354948732223e-05,9.652354948732223e-05,0.00020338936917785715,0.00020338936917785715,0.0,0.00020338936917785715,300.4874244565317,300.5460874493799,-1.1931429109483091e-05
33,435,contact,0.001813115463446476,-0.00018688453655352406,0.00018688453655352406,0.000295976564122,0.000295976564122,0.0,0.000295976564122,300.4874244565317,300.5621204211765,-2.2108254969338864e-05
33,445,contact,0.0018072354337219053,-0.00019276456627809473,0.00019276456627809473,0.00030059672393899586,0.00030059672393899586,0.0,0.00030059672393899586,300.4874244565317,300.39046490038464,2.9145724932384022e-05
35,74,contact,0.001419196343886215,-8.0803656113785e-05,8.0803656113785e-05,0.0001740728900279115,0.0001740728900279115,0.0,0.0001740728900279115,300.06438407178905,300.14380693403336,-1.3825367165156483e-05
35,208,contact,0.0016965830026851032,-5.341699731489682e-05,5.341699731489682e-05,0.00015130432528266167,0.00015130432528266167,0.0,0.00015130432528266167,300.06438407178905,300.07988279624215,-2.3450240461175417e-06
35,245,contact,0.001634895897756185,-0.00011510410224381496,0.00011510410224381496,0.00022210432128408388,0.00022210432128408388,0.0,0.00022210432128408388,300.06438407178905,300.1658449658499,-2.2534903012258198e-05
36,175,contact,0.0016597792829168574,-9.022071708314266e-05,9.022071708314266e-05,0.00019663677582553357,0.00019663677582553357,0.0,0.00019663677582553357,300.31027356943196,300.3551714086484,-8.828566345055201e-06
36,374,contact,0.0017337722011844582,-1.6227798815541877e-05,1.6227798815541877e-05,8.33952691760541e-05,8.33952691760541e-05,0.0,8.33952691760541e-05,300.31027356943196,300.32606782647684,-1.317166317694234e-06
36,430,contact,0.0019127803173652747,-8.721968263472536e-05,8.721968263472536e-05,0.00020219848227676565,0.00020219848227676565,0.0,0.00020219848227676565,300.31027356943196,300.1872323558811,2.487874663747015e-05
36,445,contact,0.0019279909506271019,-7.200904937289818e-05,7.200904937289818e-05,0.00018372327531792487,0.00018372327531792487,0.0,0.00018372327531792487,300.31027356943196,300.39046490038464,-1.4733013974731292e-05
37,61,contact,0.001428440606825849,-7.155939317415112e-05,7.155939317415112e-05,0.0001638132242534365,0.0001638132242534365,0.0,0.0001638132242534365,300.8481396786689,300.9408698537826,-1.519042897096577e-05
37,103,contact,0.0017080140648018682,-4.198593519813185e-05,4.198593519813185e-05,0.00013414161258823004,0.00013414161258823004,0.0,0.00013414161258823004,300.8481396786689,300.91775725177393,-9.338613520792144e-06
37,150,contact,0.0016346702638146931,-0.0001153297361853069,0.0001153297361853069,0.00022232190578911238,0.00022232190578911238,0.0,0.00022232190578911238,300.8481396786689,300.79099034122896,1.2705549614225794e-05
37,449,contact,0.0019326925564610638,-6.730744353893622e-05,6.730744353893622e-05,0.0001776242217685312,0.0001776242217685312,0.0,0.0001776242217685312,300.8481396786689,300.8020646727956,8.184037061218818e-06
37,492,contact,0.001871996113220712,-0.00012800388677928804,0.00012800388677928804,0.00024495269324461666,0.00024495269324461666,0.0,0.00024495269324461666,300.8481396786689,300.83328188809674,3.639455816309374e-06
38,96,contact,0.0014957299820823272,-4.2700179176727825e-06,4.2700179176727825e-06,4.001570590564777e-05,4.001570590564777e-05,0.0,4.001570590564777e-05,300.1560298924451,300.10041200401406,2.2255890665486523e-06
38,130,contact,0.001733129264942462,-1.687073505753805e-05,1.687073505753805e-05,8.503125910310375e-05,8.503125910310375e-05,0.0,8.503125910310375e-05,300.1560298924451,300.1335812776616,1.9088339801578834e-06
38,139,contact,0.0017406875006732256,-9.312499326774408e-06,9.312499326774408e-06,6.317492493106878e-05,6.317492493106878e-05,0.0,6.317492493106878e-05,300.1560298924451,300.1974593730496,-2.6173043271228588e-06
38,249,contact,0.0017310403482876991,-1.8959651712300912e-05,1.8959651712300912e-05,9.014191599670785e-05,9.014191599670785e-05,0.0,9.014191599670785e-05,300.1560298924451,300.2323294012352,-6.8777839119473015e-06
38,311,contact,0.0017340549687077397,-1.5945031292260298e-05,1.5945031292260298e-05,8.266549969328273e-05,8.266549969328273e-05,0.0,8.266549969328273e-05,300.1560298924451,300.08645133740583,5.751746020255592e-06
38,498,contact,0.0019806974077076996,-1.9302592292300396e-05,1.9302592292300396e-05,9.512144940556682e-05,9.512144940556682e-05,0.0,9.512144940556682e-05,300.1560298924451,300.16014127668416,-3.910808278846279e-07
39,116,contact,0.0017103869925838414,-3.961300741615859e-05,3.961300741615859e-05,0.0001302958294741381,0.0001302958294741381,0.0,0.0001302958294741381,300.58536489168546,300.5213483064083,8.341094078789305e-06
39,134,contact,0.0016651611071905317,-8.483889280946834e-05,8.483889280946834e-05,0.0001906817387422617,0.0001906817387422617,0.0,0.0001906817387422617,300.58536489168546,300.7157962864469,-2.487088513969058e-05
39,282,contact,0.001726778492048127,-2.3221507951872973e-05,2.3221507951872973e-05,9.976008638988335e-05,9.976008638988335e-05,0.0,9.976008638988335e-05,300.58536489168546,300.60779477168904,-2.2376067668723933e-06
39,431,contact,0.0019259060078051584,-7.40939921948416e-05,7.40939921948416e-05,0.00018636404921908088,0.00018636404921908088,0.0,0.00018636404921908088,300.58536489168546,300.51973983819204,1.2230150699252574e-05
39,500,contact,0.001945630623345552,-5.436937665444794e-05,5.436937665444794e-05,0.00015964224161158747,0.00015964224161158747,0.0,0.00015964224161158747,300.58536489168546,300.544415534783,6.537247128459225e-06
40,89,contact,0.0014348071382942029,-6.519286170579715e-05,6.519286170579715e-05,0.00015635639782136812,0.00015635639782136812,0.0,0.00015635639782136812,300.03877137722196,300.045493761782,-1.0510878345748748e-06
40,130,contact,0.001710202707195847,-3.979729280415294e-05,3.979729280415294e-05,0.0001305985552383764,0.0001305985552383764,0.0,0.0001305985552383764,300.03877137722196,300.1335812776616,-1.238203601971348e-05
40,264,contact,0.001691051836106747,-5.894816389325299e-05,5.894816389325299e-05,0.0001589449552876534,0.00028899082779573347,0.0,0.00028899082779573347,300.03877137722196,300.029377104652,2.7148586065365797e-06
40,270,contact,0.0017166379337530669,-3.3362066246933175e-05,3.3362066246933175e-05,0.0001195743634377486,0.0001195743634377486,0.0,0.0001195743634377486,300.03877137722196,300.0341360300649,5.542686856221362e-07
40,321,contact,0.001741844591259507,-8.155408740492982e-06,8.155408740492982e-06,5.9120006550211006e-05,5.9120006550211006e-05,0.0,5.9120006550211006e-05,300.03877137722196,300.04704379822255,-4.890655837406034e-07
41,44,contact,0.0014068608027756654,-9.313919722433463e-05,9.313919722433463e-05,0.00018688819909005888,0.00018688819909005888,0.0,0.00018688819909005888,300.5641118561478,300.65165049349235,-1.6359938284120874e-05
41,282,contact,0.0016840139705477503,-6.598602945224975e-05,6.598602945224975e-05,0.00016816577210629704,0.00016816577210629704,0.0,0.00016816577210629704,300.5641118561478,300.60779477168904,-7.3459712198467385e-06
41,289,contact,0.001648787731547029,-0.00010121226845297105,0.00010121226845297105,0.0002082707048046958,0.0002082707048046958,0.0,0.0002082707048046958,300.5641118561478,300.60876849523163,-9.300669696197297e-06
41,350,contact,0.0016164973795215387,-0.00013350262047846133,0.00013350262047846133,0.00023919742635840257,0.00023919742635840257,0.0,0.00023919742635840257,300.5641118561478,300.46019549450796,2.4856526260780397e-05
41,416,contact,0.0018931861241105368,-0.00010681387588946326,0.00010681387588946326,0.0002237610429077991,0.0002237610429077991,0.0,0.0002237610429077991,300.5641118561478,300.5593761137203,1.0596746645199308e-06
42,152,contact,0.0016589786284639113,-9.102137153608873e-05,9.102137153608873e-05,0.00019750736500128877,0.0003591043000023432,0.0,0.0003591043000023432,300.5467977667634,300.4920551572883,1.9658306455862135e-05
42,177,contact,0.0016645297045411954,-8.547029545880459e-05,8.547029545880459e-05,0.00019138998569727197,0.00019138998569727197,0.0,0.00019138998569727197,300.5467977667634,300.6053699988885,-1.1210138668674975e-05
42,226,contact,0.0016298313138055117,-0.00012016868619448831,0.00012016868619448831,0.00022693802130080266,0.00022693802130080266,0.0,0.00022693802130080266,300.5467977667634,300.5054879696341,9.374763620864435e-06
42,260,contact,0.0016253015533740194,-0.00012469844662598068,0.00012469844662598068,0.00023117567218705037,0.00023117567218705037,0.0,0.00023117567218705037,300.5467977667634,300.67572010954194,-2.9803709251757682e-05
42,300,contact,0.001695266391898335,-5.473360810166511e-05,5.473360810166511e-05,0.0001531576332247248,0.0001531576332247248,0.0,0.0001531576332247248,300.5467977667634,300.46857262322095,1.198077784362664e-05
43,56,contact,0.0014425660600471645,-5.743393995283558e-05,5.743393995283558e-05,0.00014675737624498928,0.00014675737624498928,0.0,0.00014675737624498928,300.2441920761185,300.23837165474254,8.541897697779412e-07
43,97,contact,0.001489478178289297,-1.0521821710703051e-05,1.0521821710703051e-05,6.281467297943724e-05,6.281467297943724e-05,0.0,6.281467297943724e-05,300.2441920761185,300.20786598110374,2.281811778972863e-06
43,212,contact,0.001582868657532898,-0.00016713134246710204,0.00016713134246710204,0.0002676335520822951,0.0002676335520822951,0.0,0.0002676335520822951,300.2441920761185,300.3245001667951,-2.1493139568716724e-05
43,296,contact,0.0017035755940961348,-4.6424405903865195e-05,4.6424405903865195e-05,0.0001410537981012896,0.0001410537981012896,0.0,0.0001410537981012896,300.2441920761185,300.2666909916359,-3.1735574868917255e-06
43,354,contact,0.0015819644202383315,-0.00016803557976166855,0.00016803557976166855,0.00026835656964063043,0.00026835656964063043,0.0,0.00026835656964063043,300.2441920761185,300.16396040697896,2.153069550683177e-05
44,77,contact,0.0014596153263429145,-4.038467365708549e-05,4.038467365708549e-05,0.0001230619869066279,0.0001230619869066279,0.0,0.0001230619869066279,300.65165049349235,300.6962566857662,-5.489326649555132e-06
44,248,contact,0.001574296814112574,-0.00017570318588742604,0.00017570318588742604,0.00027441094253022314,0.00027441094253022314,0.0,0.00027441094253022314,300.65165049349235,300.7710925394087,-3.2776204397642115e-05
44,282,contact,0.0016118738222561622,-0.0001381261777438378,0.0001381261777438378,0.00024330419913924138,0.00024330419913924138,0.0,0.00024330419913924138,300.65165049349235,300.60779477168904,1.0670281271027973e-05
44,416,contact,0.0019683723674355923,-3.1627632564407756e-05,3.1627632564407756e-05,0.00012175981588589125,0.00012175981588589125,0.0,0.00012175981588589125,300.65165049349235,300.5593761137203,1.1235311492029615e-05
45,180,contact,0.001717409104843689,-3.259089515631093e-05,3.259089515631093e-05,0.00011818429039242833,0.00011818429039242833,0.0,0.00011818429039242833,300.3433142343104,300.30470678033726,4.56279455167586e-06
45,290,contact,0.0016716960006233198,-7.83039993766802e-05,7.83039993766802e-05,0.00018319076634950814,0.00018319076634950814,0.0,0.00018319076634950814,300.3433142343104,300.3924441872018,-9.000153720891814e-06
45,461,contact,0.0018943755984492615,-0.00010562440155073853,0.00010562440155073853,0.00022251165863142696,0.00022251165863142696,0.0,0.00022251165863142696,300.3433142343104,300.3944788840437,-1.1384731075445078e-05
45,471,contact,0.001983590061000508,-1.6409938999492092e-05,1.6409938999492092e-05,8.770495371421115e-05,8.770495371421115e-05,0.0,8.770495371421115e-05,300.3433142343104,300.27290246325583,6.175461121277587e-06
45,495,contact,0.0019197601010022066,-8.023989899779349e-05,8.023989899779349e-05,0.0001939393014714029,0.0001939393014714029,0.0,0.0001939393014714029,300.3433142343104,300.29357377917734,9.646629123378419e-06
46,65,contact,0.0014528100657143729,-4.718993428562716e-05,4.718993428562716e-05,0.00013302716022343025,0.00013302716022343025,0.0,0.00013302716022343025,300.0407892568453,300.1334915042381,-1.2331916716996981e-05
46,250,contact,0.0016994304360002492,-5.0569563999750856e-05,5.0569563999750856e-05,0.00014721640630584455,0.00014721640630584455,0.0,0.00014721640630584455,300.0407892568453,300.043083930329,-3.3781358391195676e-07
46,382,contact,0.0016932672459210327,-5.673275407896733e-05,5.673275407896733e-05,0.00015592959136230227,0.00015592959136230227,0.0,0.00015592959136230227,300.0407892568453,300.06030583838907,-3.0432125849089517e-06
47,115,contact,0.0016817275024214062,-6.827249757859386e-05,6.827249757859386e-05,0.00017105449955905097,0.00017105449955905097,0.0,0.00017105449955905097,300.1376378827732,300.1522060255486,-2.4919463719464594e-06
47,274,contact,0.0017346960108330228,-1.530398916697721e-05,1.530398916697721e-05,8.098674274307547e-05,8.098674274307547e-05,0.0,8.098674274307547e-05,300.1376378827732,300.17651353241524,-3.1484122365284373e-06
47,371,contact,0.0017192850985220573,-3.0714901477942686e-05,3.0714901477942686e-05,0.00011473242438313844,0.00011473242438313844,0.0,0.00011473242438313844,300.1376378827732,300.05225442517616,9.796251092325696e-06
47,472,contact,0.001923309943820808,-7.669005617919208e-05,7.669005617919208e-05,0.00018960080124829718,0.00018960080124829718,0.0,0.00018960080124829718,300.1376378827732,300.15955705429826,-4.155892483846775e-06
48,275,contact,0.0016762457235647169,-7.375427643528318e-05,7.375427643528318e-05,0.00017778913244380647,0.00017778913244380647,0.0,0.00017778913244380647,300.9502350190604,300.90794067018,7.51947559472771e-06
48,361,contact,0.0017111219619679364,-3.887803803206361e-05,3.887803803206361e-05,0.0001290814328222918,0.0001290814328222918,0.0,0.0001290814328222918,300.9502350190604,300.8808872879057,8.951504500426504e-06
48,406,contact,0.001890238335117823,-0.00010976166488217698,0.00010976166488217698,0.00022682764472947397,0.00022682764472947397,0.0,0.00022682764472947397,300.9502350190604,300.90999594355003,9.127334724112129e-06
49,131,contact,0.0017098806416823373,-4.0119358317662786e-05,4.0119358317662786e-05,0.0001311259345345907,0.0001311259345345907,0.0,0.0001311259345345907,300.6879449717682,300.6565379548183,4.1182744485011e-06
49,233,contact,0.0017108397858946352,-3.916021410536484e-05,3.916021410536484e-05,0.00012954902123250186,0.00012954902123250186,0.0,0.00012954902123250186,300.6879449717682,300.7286954814393,-5.279188642610975e-06
49,383,contact,0.0017368401257743906,-1.315987422560944e-05,1.315987422560944e-05,7.509957454399965e-05,7.509957454399965e-05,0.0,7.509957454399965e-05,300.6879449717682,300.67248663926546,1.1609141941169712e-06
50,200,contact,0.0017068101203329522,-4.318987966704787e-05,4.318987966704787e-05,0.00013605127132347865,0.00013605127132347865,0.0,0.00013605127132347865,300.04326910486697,300.05655823589814,-1.8080031715752438e-06
50,251,contact,0.0016369098322448921,-0.00011309016775510792,0.00011309016775510792,0.000220152707801174,0.000220152707801174,0.0,0.000220152707801174,300.04326910486697,300.120681324524,-1.7042509774398564e-05
50,256,contact,0.0016943375817569607,-5.566241824303932e-05,5.566241824303932e-05,0.00015445168210207266,0.00015445168210207266,0.0,0.00015445168210207266,300.04326910486697,300.07456048405675,-4.8330061511555145e-06
51,61,contact,0.0014366776946065525,-6.33223053934475e-05,6.33223053934475e-05,0.00015409693222949902,0.00015409693222949902,0.0,0.00015409693222949902,300.94484809535777,300.9408698537826,6.130348224013613e-07
51,168,contact,0.0015587194450551395,-0.00019128055494486052,0.00019128055494486052,0.0002863169235142319,0.0002863169235142319,0.0,0.0002863169235142319,300.94484809535777,300.92544254546436,5.556137344582011e-06
51,492,contact,0.0017414085117881271,-0.0002585914882118729,0.0002585914882118729,0.00034815910170397013,0.00034815910170397013,0.0,0.00034815910170397013,300.94484809535777,300.83328188809674,3.8842790500520835e-05
52,143,contact,0.001704948334962351,-4.505166503764903e-05,4.505166503764903e-05,0.00013895271298073572,0.0002526412963286104,0.0,0.0002526412963286104,300.04449643561406,300.0734637353692,-7.3183361612810405e-06
52,207,contact,0.001703899094149651,-4.610090585034903e-05,4.610090585034903e-05,0.0001405614850473664,0.0001405614850473664,0.0,0.0001405614850473664,300.04449643561406,300.1147475139942,-9.874595903289228e-06
53,151,contact,0.001678575120362507,-7.142487963749311e-05,7.142487963749311e-05,0.0001749590314953268,0.0001749590314953268,0.0,0.0001749590314953268,300.3332249440539,300.4312138045703,-1.7144036133281623e-05
53,390,contact,0.001706188816895715,-4.381118310428514e-05,4.381118310428514e-05,0.0001370263526859265,0.0001370263526859265,0.0,0.0001370263526859265,300.3332249440539,300.3161790070082,2.3357425814834056e-06
53,456,contact,0.0019501802830507737,-4.9819716949226324e-05,4.9819716949226324e-05,0.00015281685875566817,0.00015281685875566817,0.0,0.00015281685875566817,300.3332249440539,300.23632271957183,1.4808293551783602e-05
54,444,contact,0.0019806614583691485,-1.9338541630851535e-05,1.9338541630851535e-05,9.520998576547344e-05,9.520998576547344e-05,0.0,9.520998576547344e-05,300.90200506960923,300.8097677418383,8.781914664115667e-06
55,258,contact,0.0015733171980246074,-0.00017668280197539262,0.00017668280197539262,0.0002751748550405666,0.0005003179182555756,0.0,0.0005003179182555756,300.0456851378064,300.0727864411837,-1.355926768775431e-05
55,285,contact,0.001639092946601869,-0.00011090705339813112,0.00011090705339813112,0.0002180174174543969,0.00039639530446253983,0.0,0.00039639530446253983,300.0456851378064,300.0630607357767,-6.887605447644612e-06
55,401,contact,0.001870744119889196,-0.0001292558801108041,0.0001292558801108041,0.00024614770728556345,0.0024614770728556344,0.0,0.0024614770728556344,300.0456851378064,300.1510128370026,-0.0002592617167081041
55,440,contact,0.0019488311625433343,-5.1168837456665736e-05,5.1168837456665736e-05,0.00015487218135550382,0.0015487218135550383,0.0,0.0015487218135550383,300.0456851378064,300.0448987597267,1.2178808857035975e-06
56,212,contact,0.0017043234733465364,-4.56765266534636e-05,4.56765266534636e-05,0.00013991302398295817,0.00013991302398295817,0.0,0.00013991302398295817,300.23837165474254,300.3245001667951,-1.2050500572423456e-05
56,234,contact,0.0016832892364653195,-6.671076353468057e-05,6.671076353468057e-05,0.00016908674468789331,0.00016908674468789331,0.0,0.00016908674468789331,300.23837165474254,300.1485666271796,1.5184839767222642e-05
56,389,contact,0.0016846918605193065,-6.530813948069352e-05,6.530813948069352e-05,0.00016729973889574048,0.00016729973889574048,0.0,0.00016729973889574048,300.23837165474254,300.21199165834054,4.4133665101250905e-06
56,495,contact,0.0019686342454859405,-3.1365754514059516e-05,3.1365754514059516e-05,0.00012125468002706286,0.00012125468002706286,0.0,0.00012125468002706286,300.23837165474254,300.29357377917734,-6.693515935155754e-06
57,260,contact,0.0016372318809808222,-0.00011276811901917783,0.00011276811901917783,0.0002198390180685902,0.0002198390180685902,0.0,0.0002198390180685902,300.72302573857894,300.67572010954194,1.0399623036610672e-05
57,322,contact,0.0016168241909941849,-0.00013317580900581516,0.00013317580900581516,0.00023890447194805276,0.00023890447194805276,0.0,0.00023890447194805276,300.72302573857894,300.71974410125915,7.839978310088506e-07
57,419,contact,0.0018321128446141084,-0.00016788715538589168,0.00016788715538589168,0.00028053004132737146,0.00028053004132737146,0.0,0.00028053004132737146,300.72302573857894,300.70634023755656,4.6807842913761225e-06
57,446,contact,0.001964963389535795,-3.5036610464205236e-05,3.5036610464205236e-05,0.00012815385735550922,0.00012815385735550922,0.0,0.00012815385735550922,300.72302573857894,300.8468176047499,-1.5864405159045673e-05
58,101,contact,0.0017228779361579845,-2.7122063842015525e-05,2.7122063842015525e-05,0.00010781345763205112,0.00019602446842191111,0.0,0.00019602446842191111,300.2744523163789,300.30728935547916,-6.436863134171999e-06
58,210,contact,0.0016938652875893056,-5.613471241069446e-05,5.613471241069446e-05,0.00015510555725149769,0.00015510555725149769,0.0,0.00015510555725149769,300.2744523163789,300.2420235283167,5.0298852433856616e-06
58,242,contact,0.0017423921463321638,-7.60785366783626e-06,7.60785366783626e-06,5.710086439614525e-05,5.710086439614525e-05,0.0,5.710086439614525e-05,300.2744523163789,300.23960414216015,1.989860870519805e-06
58,261,contact,0.0017456993844588474,-4.300615541152604e-06,4.300615541152604e-06,4.2931584482852e-05,7.805742633245819e-05,0.0,7.805742633245819e-05,300.2744523163789,300.22442305676896,3.905155246472751e-06
58,337,contact,0.0016928968461191016,-5.7103153880898446e-05,5.7103153880898446e-05,0.0001564377839099965,0.00028443233438181183,0.0,0.00028443233438181183,300.2744523163789,300.2902312475471,-4.488038226220915e-06
59,74,contact,0.0014584649988943852,-4.153500110561483e-05,4.153500110561483e-05,0.00012480234538904132,0.00022691335525280238,0.0,0.00022691335525280238,300.1252745085144,300.14380693403336,-4.205254855482102e-06
59,185,contact,0.0016141737871121563,-0.00013582621288784377,0.00013582621288784377,0.000241270043923381,0.00043867280713341997,0.0,0.00043867280713341997,300.1252745085144,300.0755517584165,2.1812018363832824e-05
59,407,contact,0.0018210111402734474,-0.00017898885972655269,0.00017898885972655269,0.0002896567416733496,0.000526648621224272,0.0,0.000526648621224272,300.1252745085144,300.08485231945264,2.1288290136241574e-05
59,490,contact,0.0018679603924066487,-0.0001320396075933513,0.0001320396075933513,0.00024878417566112084,0.0024878417566112083,0.0,0.0024878417566112083,300.1252745085144,300.2038193838146,-0.0001954072205397182
60,262,contact,0.0016095644871085473,-0.00014043551289145279,0.00014043551289145279,0.00024532967285277824,0.00024532967285277824,0.0,0.00024532967285277824,300.95055604311864,300.874409278627,1.8681060821527952e-05
60,384,contact,0.001636648306118636,-0.00011335169388136408,0.00011335169388136408,0.00022040711734816427,0.00022040711734816427,0.0,0.00022040711734816427,300.95055604311864,300.9096007400551,9.026840288352332e-06
61,168,contact,0.0016269440352578203,-0.00012305596474217976,0.00012305596474217976,0.00022964814522175294,0.00022964814522175294,0.0,0.00022964814522175294,300.9408698537826,300.92544254546436,3.5428527410473546e-06
61,428,contact,0.0018442350354629423,-0.00015576496453705772,0.00015576496453705772,0.0002702125591580558,0.0002702125591580558,0.0,0.0002702125591580558,300.9408698537826,300.9051401125678,9.654624811712317e-06
62,189,contact,0.0016325047156134033,-0.00011749528438659675,0.00011749528438659675,0.000224399469428896,0.00224399469428896,0.0,0.00224399469428896,300.47745584335496,300.54063011011516,-0.0001417627194254837
62,369,contact,0.001706537822991334,-4.346217700866594e-05,4.346217700866594e-05,0.0001364794757076252,0.0002481445012865913,0.0,0.0002481445012865913,300.47745584335496,300.39374607161466,2.077211956131178e-05
62,381,contact,0.001665837801498093,-8.416219850190701e-05,8.416219850190701e-05,0.00018991975580142902,0.00189919755801429,0.0,0.00189919755801429,300.47745584335496,300.4176464043873,0.00011358994043356097
62,460,contact,0.001885288844235811,-0.00011471115576418907,0.00011471115576418907,0.0002318854334891772,0.00042160987907123126,0.0,0.00042160987907123126,300.47745584335496,300.4599025083934,7.40065943044695e-06
63,198,contact,0.001738410356647705,-1.158964335229505e-05,1.158964335229505e-05,7.047687569782339e-05,7.047687569782339e-05,0.0,7.047687569782339e-05,300.05845021412773,300.0487654524937,6.825517418458709e-07
63,258,contact,0.001709329676686157,-4.067032331384296e-05,4.067032331384296e-05,0.0001320232500852617,0.0001320232500852617,0.0,0.0001320232500852617,300.05845021412773,300.0727864411837,-1.8927152898923155e-06
63,285,contact,0.001721192043439662,-2.8807956560337935e-05,2.8807956560337935e-05,0.00011111375746183587,0.00011111375746183587,0.0,0.00011111375746183587,300.05845021412773,300.0630607357767,-5.122923842731146e-07
63,326,contact,0.0016986093875873878,-5.1390612412612275e-05,5.1390612412612275e-05,0.00014840669855782732,0.00014840669855782732,0.0,0.00014840669855782732,300.05845021412773,300.04684389211485,1.722455932330678e-06
64,144,contact,0.0016813355760822999,-6.866442391770017e-05,6.866442391770017e-05,0.0001715447762260423,0.0003118995931382587,0.0,0.0003118995931382587,300.6501424242996,300.5626577098094,2.72864468553063e-05
64,380,contact,0.0016835252027219553,-6.647479727804476e-05,6.647479727804476e-05,0.00016878743683535144,0.00016878743683535144,0.0,0.00016878743683535144,300.6501424242996,300.7759017604985,-2.1226596015134195e-05
64,419,contact,0.0019751947416647305,-2.480525833526955e-05,2.480525833526955e-05,0.00010783072310180248,0.00010783072310180248,0.0,0.00010783072310180248,300.6501424242996,300.70634023755656,-6.059850840239357e-06
65,87,contact,0.0014034467732981547,-9.655322670184532e-05,9.655322670184532e-05,0.00019028257937391956,0.00019028257937391956,0.0,0.00019028257937391956,300.1334915042381,300.19412377553994,-1.1537264976608263e-05
65,274,contact,0.0017085316081906325,-4.146839180936752e-05,4.146839180936752e-05,0.00013331229470045278,0.00013331229470045278,0.0,0.00013331229470045278,300.1334915042381,300.17651353241524,-5.735365298959386e-06
65,382,contact,0.0016429833477013692,-0.00010701665229863083,0.00010701665229863083,0.00021415947225503725,0.00021415947225503725,0.0,0.00021415947225503725,300.1334915042381,300.06030583838907,1.5673403574866658e-05
65,427,contact,0.0019435883100391903,-5.641168996080976e-05,5.641168996080976e-05,0.00016261297509463865,0.00016261297509463865,0.0,0.00016261297509463865,300.1334915042381,300.18984068651275,-9.163108173827668e-06
65,464,contact,0.001960115769315935,-3.988423068406518e-05,3.988423068406518e-05,0.00013673234121141769,0.00013673234121141769,0.0,0.00013673234121141769,300.1334915042381,300.1449707331358,-1.5695818424782606e-06
66,178,contact,0.0016772439007490827,-7.275609925091737e-05,7.275609925091737e-05,0.00017658195092718366,0.00017658195092718366,0.0,0.00017658195092718366,300.26199651785305,300.3005932813892,-6.815491804685717e-06
66,276,contact,0.0017308405165410246,-1.9159483458975474e-05,1.9159483458975474e-05,9.061571164375289e-05,9.061571164375289e-05,0.0,9.061571164375289e-05,300.26199651785305,300.2881732719079,-2.37202519720454e-06
66,390,contact,0.0016880270992196778,-6.197290078032228e-05,6.197290078032228e-05,0.00016297182155249453,0.00016297182155249453,0.0,0.00016297182155249453,300.26199651785305,300.3161790070082,-8.830218953863529e-06
66,498,contact,0.0019332436792344615,-6.675632076553854e-05,6.675632076553854e-05,0.00017689552102539565,0.00017689552102539565,0.0,0.00017689552102539565,300.26199651785305,300.16014127668416,1.80177359557384e-05
67,132,contact,0.0017490780771755165,-9.219228244835773e-07,9.219228244835773e-07,1.9877368586448587e-05,1.9877368586448587e-05,0.0,1.9877368586448587e-05,300.94345400156465,300.80905684482207,2.67146182154296e-06
68,200,contact,0.00170516961854239,-4.483038145761012e-05,4.483038145761012e-05,0.00013861104077486053,0.00013861104077486053,0.0,0.00013861104077486053,300.0998303057292,300.05655823589814,5.997986635765919e-06
68,202,contact,0.001746987183888022,-3.0128161119780637e-06,3.0128161119780637e-06,3.5933367572960035e-05,3.5933367572960035e-05,0.0,3.5933367572960035e-05,300.0998303057292,300.1384984680794,-1.3894772910998123e-06
68,219,contact,0.0016283216880272763,-0.00012167831197272376,0.00012167831197272376,0.00022835903307798049,0.0004151982419599645,0.0,0.0004151982419599645,300.0998303057292,300.0412154726175,2.4336775660744607e-05
68,477,contact,0.0018896710888935144,-0.00011032891110648564,0.00011032891110648564,0.0002274130099206401,0.0002274130099206401,0.0,0.0002274130099206401,300.0998303057292,300.1705717020362,-1.6087513860170097e-05
69,289,contact,0.001749998522225015,-1.4777749850636984e-09,1.4777749850636984e-09,7.958216737786617e-07,7.958216737786617e-07,0.0,7.958216737786617e-07,300.60876849523163,300.60876849523163,0.0
70,80,contact,0.0013865513642216786,-0.00011344863577832142,0.00011344863577832142,0.00020626012318640394,0.00020626012318640394,0.0,0.00020626012318640394,300.94446486777747,300.9191117098923,5.229345468555255e-06
70,128,contact,0.0017080030239329214,-4.19969760670786e-05,4.19969760670786e-05,0.00013415924876335574,0.00013415924876335574,0.0,0.00013415924876335574,300.94446486777747,300.9308575020099,1.8255539690215133e-06
70,145,contact,0.0016679685960619877,-8.203140393801237e-05,8.203140393801237e-05,0.00018750017592907445,0.00018750017592907445,0.0,0.00018750017592907445,300.94446486777747,300.8634610986663,1.5188220959266544e-05
71,176,contact,0.0017212982994821088,-2.8701700517891207e-05,2.8701700517891207e-05,0.00011090865066973786,0.00011090865066973786,0.0,0.00011090865066973786,300.7982147792229,300.7607027630494,4.160407097708341e-06
71,295,contact,0.0016673688427279677,-8.263115727203231e-05,8.263115727203231e-05,0.00018818435938351856,0.00018818435938351856,0.0,0.00018818435938351856,300.7982147792229,300.8213230981672,-4.348624196964958e-06
71,377,contact,0.0017233263309138522,-2.6673669086147876e-05,2.6673669086147876e-05,0.00010691853190860762,0.00010691853190860762,0.0,0.00010691853190860762,300.7982147792229,300.9315297772125,-1.425384386644708e-05
71,484,contact,0.0019285935828214297,-7.140641717857032e-05,7.140641717857032e-05,0.00018295288478855653,0.00018295288478855653,0.0,0.00018295288478855653,300.7982147792229,300.7192760897216,1.4442060965698696e-05
72,151,contact,0.001718860264303065,-3.1139735696935136e-05,3.1139735696935136e-05,0.00011552316223585727,0.00011552316223585727,0.0,0.00011552316223585727,300.38800111501627,300.4312138045703,-4.992066545997367e-06
72,235,contact,0.001686878492423209,-6.312150757679111e-05,6.312150757679111e-05,0.00016447514911307304,0.00016447514911307304,0.0,0.00016447514911307304,300.38800111501627,300.28911380817124,1.6264504538726335e-05
72,315,contact,0.001658347232216461,-9.165276778353901e-05,9.165276778353901e-05,0.00019819121479398806,0.00019819121479398806,0.0,0.00019819121479398806,300.38800111501627,300.35090860501884,7.35140961614712e-06
72,334,contact,0.0016716690962926847,-7.83309037073153e-05,7.83309037073153e-05,0.0001832222347400422,0.00033313133589098583,0.0,0.00033313133589098583,300.38800111501627,300.44390653609923,-1.8623847608917408e-05
73,140,contact,0.0017419808023626437,-8.019197637356302e-06,8.019197637356302e-06,5.8624218437761836e-05,5.8624218437761836e-05,0.0,5.8624218437761836e-05,300.73572685289304,300.8160115501498,-4.70662762919142e-06
73,166,contact,0.0016373502906220161,-0.00011264970937798391,0.00011264970937798391,0.00021972356923252183,0.00021972356923252183,0.0,0.00021972356923252183,300.73572685289304,300.7683305356611,-7.163797547925115e-06
73,378,contact,0.0016703582519028667,-7.964174809713337e-05,7.964174809713337e-05,0.00018474895874108277,0.00018474895874108277,0.0,0.00018474895874108277,300.73572685289304,300.73212119803964,6.661409797457564e-07
74,490,contact,0.0019417463951299106,-5.8253604870089426e-05,5.8253604870089426e-05,0.00016524641382751522,0.00030044802514093673,0.0,0.00030044802514093673,300.14380693403336,300.2038193838146,-1.803062202064753e-05
76,425,contact,0.001959831393921426,-4.0168606078574195e-05,4.0168606078574195e-05,0.00013721892762783003,0.00013721892762783003,0.0,0.00013721892762783003,300.40130821459894,300.47728211467955,-1.0425057096765503e-05
76,467,contact,0.001960545855163811,-3.9454144836189014e-05,3.9454144836189014e-05,0.00013599312626733602,0.00013599312626733602,0.0,0.00013599312626733602,300.40130821459894,300.3731706687953,3.826512819328049e-06
76,487,contact,0.001994353769971616,-5.646230028384137e-06,5.646230028384137e-06,5.144579988497666e-05,5.144579988497666e-05,0.0,5.144579988497666e-05,300.40130821459894,300.2730461544856,6.598544277425894e-06
77,124,contact,0.0017417334295752613,-8.26657042473874e-06,8.26657042473874e-06,5.9521558248391e-05,5.9521558248391e-05,0.0,5.9521558248391e-05,300.6962566857662,300.713256339259,-1.0118458655743485e-06
77,282,contact,0.0016522883057747525,-9.771169422524749e-05,9.771169422524749e-05,0.00020463733868052752,0.00020463733868052752,0.0,0.00020463733868052752,300.6962566857662,300.60779477168904,1.810261067132922e-05
77,292,contact,0.0016451277602675346,-0.00010487223973246543,0.00010487223973246543,0.0002120029377146176,0.0002120029377146176,0.0,0.0002120029377146176,300.6962566857662,300.7769531584904,-1.7107889280746735e-05
77,363,contact,0.0017328555489711185,-1.714445102888153e-05,1.714445102888153e-05,8.571827033672959e-05,8.571827033672959e-05,0.0,8.571827033672959e-05,300.6962566857662,300.7600960767513,-5.4722021745974e-06
79,160,contact,0.001741608873850694,-8.391126149306016e-06,8.391126149306016e-06,5.9968299301640606e-05,5.9968299301640606e-05,0.0,5.9968299301640606e-05,300.2822051995197,300.31501012434705,-1.9672555506149503e-06
79,273,contact,0.0017145506070241155,-3.5449392975884586e-05,3.5449392975884586e-05,0.00012325825323143607,0.00012325825323143607,0.0,0.00012325825323143607,300.2822051995197,300.23485347539213,5.83649080346061e-06
79,281,contact,0.0016778429501244957,-7.215704987550433e-05,7.215704987550433e-05,0.0001758534900041643,0.0001758534900041643,0.0,0.0001758534900041643,300.2822051995197,300.201214534002,1.4242491189043012e-05
79,388,contact,0.0016995778469987776,-5.042215300122242e-05,5.042215300122242e-05,0.00014700168075019088,0.00014700168075019088,0.0,0.00014700168075019088,300.2822051995197,300.26398482877494,2.678425123370889e-06
79,436,contact,0.001920791502955603,-7.920849704439706e-05,7.920849704439706e-05,0.00019268882424666232,0.00019268882424666232,0.0,0.00019268882424666232,300.2822051995197,300.3901001521542,-2.0790151565295768e-05
80,192,contact,0.0016607625490249955,-8.923745097500456e-05,8.923745097500456e-05,0.0001955623221544235,0.0001955623221544235,0.0,0.0001955623221544235,300.9191117098923,300.93323713922877,-2.76240176246349e-06
80,295,contact,0.0017214891432199048,-2.851085678009526e-05,2.851085678009526e-05,0.00011053930803130995,0.00011053930803130995,0.0,0.00011053930803130995,300.9191117098923,300.8213230981672,1.0809485473434249e-05
80,377,contact,0.0016298648602141846,-0.00012013513978581546,0.00012013513978581546,0.00022690634296915367,0.00022690634296915367,0.0,0.00022690634296915367,300.9191117098923,300.9315297772125,-2.8177382423708134e-06
81,144,contact,0.0016403988566199381,-0.00010960114338006192,0.00010960114338006192,0.00021673005927063993,0.002167300592706399,0.0,0.002167300592706399,300.4997983280016,300.5626577098094,-0.0001362351754492279
81,225,contact,0.0016759168984171026,-7.408310158289744e-05,7.408310158289744e-05,0.00017818501810866314,0.0017818501810866316,0.0,0.0017818501810866316,300.4997983280016,300.4172610442576,0.0001470690739856248
81,300,contact,0.0016611865607751586,-8.881343922484148e-05,8.881343922484148e-05,0.0001950971617551933,0.00035472211228216964,0.0,0.00035472211228216964,300.4997983280016,300.46857262322095,1.1076447957287478e-05
81,309,contact,0.0016272497954831647,-0.00012275020451683535,0.00012275020451683535,0.00022936266153673565,0.000417023020975883,0.0,0.000417023020975883,300.4997983280016,300.552338224822,-2.191034649380683e-05
82,105,contact,0.0017006646163333734,-4.933538366662664e-05,4.933538366662664e-05,0.00014540885756076106,0.00014540885756076106,0.0,0.00014540885756076106,300.03290195785803,300.07229415394994,-5.72797423053413e-06
82,250,contact,0.001745820206677495,-4.179793322505116e-06,4.179793322505116e-06,4.2324224687043415e-05,4.2324224687043415e-05,0.0,4.2324224687043415e-05,300.03290195785803,300.043083930329,-4.3094409061759923e-07
82,371,contact,0.001710011923935035,-3.9988076064965006e-05,3.9988076064965006e-05,0.0001309112175674224,0.0001309112175674224,0.0,0.0001309112175674224,300.03290195785803,300.05225442517616,-2.5334550595499744e-06
83,98,contact,0.0014596790430776209,-4.0320956922379166e-05,4.0320956922379166e-05,0.00012296486834007585,0.00012296486834007585,0.0,0.00012296486834007585,300.6152645140906,300.6845481290903,-8.519450596559725e-06
83,438,contact,0.001990115768743115,-9.884231256885104e-06,9.884231256885104e-06,6.806785880035373e-05,6.806785880035373e-05,0.0,6.806785880035373e-05,300.6152645140906,300.50403491827376,7.5711604224809074e-06
83,485,contact,0.001964847328165728,-3.515267183427191e-05,3.515267183427191e-05,0.0001283659414420934,0.0001283659414420934,0.0,0.0001283659414420934,300.6152645140906,300.6078771170643,9.482901740901833e-07
84,324,contact,0.0016878324483194417,-6.216755168055835e-05,6.216755168055835e-05,0.00016322756027866437,0.00016322756027866437,0.0,0.00016322756027866437,300.3067624372275,300.4033493577326,-1.576564738887735e-05
84,443,contact,0.001969275226295198,-3.072477370480225e-05,3.072477370480225e-05,0.00012000932328001044,0.00012000932328001044,0.0,0.00012000932328001044,300.3067624372275,300.24919967167415,6.908068540185926e-06
84,478,contact,0.0019386032365855564,-6.139676341444366e-05,6.139676341444366e-05,0.00016964590431401655,0.00016964590431401655,0.0,0.00016964590431401655,300.3067624372275,300.2545502787053,8.857578848684607e-06
85,392,contact,0.0017214825285491574,-2.8517471450842597e-05,2.8517471450842597e-05,0.00011055213014199474,0.00011055213014199474,0.0,0.00011055213014199474,300.3542710733508,300.45131845745107,-1.0728795036994148e-05
85,426,contact,0.0019611305722465294,-3.8869427753470635e-05,3.8869427753470635e-05,0.00013498164415741632,0.00013498164415741632,0.0,0.00013498164415741632,300.3542710733508,300.45287470631234,-1.3309680497045216e-05
85,443,contact,0.0019581075122679045,-4.189248773209557e-05,4.189248773209557e-05,0.00014013245029050124,0.00014013245029050124,0.0,0.00014013245029050124,300.3542710733508,300.24919967167415,1.472391297240493e-05
85,478,contact,0.001981387179629463,-1.861282037053701e-05,1.861282037053701e-05,9.340642134612171e-05,9.340642134612171e-05,0.0,9.340642134612171e-05,300.3542710733508,300.2545502787053,9.314562561624259e-06
86,226,contact,0.0016511312915770805,-9.88687084229195e-05,9.88687084229195e-05,0.00020584533905294684,0.00020584533905294684,0.0,0.00020584533905294684,300.45075386189507,300.5054879696341,-1.1266760965299686e-05
86,350,contact,0.0016709913106720449,-7.900868932795516e-05,7.900868932795516e-05,0.0001840132246737661,0.0001840132246737661,0.0,0.0001840132246737661,300.45075386189507,300.46019549450796,-1.7373852632830268e-06
86,496,contact,0.0019263865628165084,-7.36134371834916e-05,7.36134371834916e-05,0.00018575871091219836,0.00018575871091219836,0.0,0.00018575871091219836,300.45075386189507,300.38074828226587,1.3004146228580757e-05
87,115,contact,0.0017194442035297366,-3.0555796470263475e-05,3.0555796470263475e-05,0.0001144348781814296,0.0001144348781814296,0.0,0.0001144348781814296,300.19412377553994,300.1522060255486,4.796852613898807e-06
87,154,contact,0.0015563951177901439,-0.00019360488220985616,0.00019360488220985616,0.0002880512470847526,0.0002880512470847526,0.0,0.0002880512470847526,300.19412377553994,300.2456877598852,-1.4853069995308052e-05
87,263,contact,0.0016271043759083189,-0.00012289562409168115,0.00012289562409168115,0.00022949848187329926,0.00022949848187329926,0.0,0.00022949848187329926,300.19412377553994,300.2693695341596,-1.726878737061307e-05
87,274,contact,0.0017146573061673901,-3.534269383260991e-05,3.534269383260991e-05,0.00012307261590379983,0.00012307261590379983,0.0,0.00012307261590379983,300.19412377553994,300.17651353241524,2.1673386880578944e-06
87,464,contact,0.0018361910208091103,-0.0001638089791908897,0.0001638089791908897,0.0002771018928043068,0.0002771018928043068,0.0,0.0002771018928043068,300.19412377553994,300.1449707331358,1.3620401087282282e-05
88,93,contact,0.001400667426977582,-9.933257302241808e-05,9.933257302241808e-05,0.00019300185202066527,0.00019300185202066527,0.0,0.00019300185202066527,300.5632474978144,300.5045174433882,1.1335009273537786e-05
88,222,contact,0.0016503013913634077,-9.969860863659236e-05,9.969860863659236e-05,0.00020670746268571958,0.00020670746268571958,0.0,0.00020670746268571958,300.5632474978144,300.5737053987029,-2.1617261576740416e-06
88,338,contact,0.001730811733493855,-1.918826650614512e-05,1.918826650614512e-05,9.06837515123184e-05,9.06837515123184e-05,0.0,9.06837515123184e-05,300.5632474978144,300.59453689543625,-2.8374399589084628e-06
88,421,contact,0.0019842223289452173,-1.5777671054782727e-05,1.5777671054782727e-05,8.599874014733822e-05,8.599874014733822e-05,0.0,8.599874014733822e-05,300.5632474978144,300.5779106697442,-1.2610143125251476e-06
88,483,contact,0.0018475754258678058,-0.00015242457413219422,0.00015242457413219422,0.00026729949331127814,0.00026729949331127814,0.0,0.00026729949331127814,300.5632474978144,300.5822330513654,-5.074828844410134e-06
89,96,contact,0.0014163172643514592,-8.368273564854085e-05,8.368273564854085e-05,0.00017714690476608057,0.00017714690476608057,0.0,0.00017714690476608057,300.045493761782,300.10041200401406,-9.728596626606264e-06
89,130,contact,0.0016965910423552284,-5.3408957644771656e-05,5.3408957644771656e-05,0.00015129293862018383,0.00015129293862018383,0.0,0.00015129293862018383,300.045493761782,300.1335812776616,-1.3327019133182192e-05
89,375,contact,0.0017079794800875093,-4.20205199124907e-05,4.20205199124907e-05,0.0001341968488758596,0.0001341968488758596,0.0,0.0001341968488758596,300.045493761782,300.04631450203317,-1.1014075545470583e-07
90,313,contact,0.001724705471116736,-2.529452888326393e-05,2.529452888326393e-05,0.00010411778127938418,0.00010411778127938418,0.0,0.00010411778127938418,300.5516411066218,300.4596000780703,9.583107679452307e-06
90,421,contact,0.0019412461618169396,-5.875383818306043e-05,5.875383818306043e-05,0.0001659543962909979,0.0001659543962909979,0.0,0.0001659543962909979,300.5516411066218,300.5779106697442,-4.359549488808131e-06
90,491,contact,0.0019426595532413805,-5.734044675861959e-05,5.734044675861959e-05,0.0001639461326719936,0.0001639461326719936,0.0,0.0001639461326719936,300.5516411066218,300.5835025363825,-5.223558190673398e-06
91,327,contact,0.0016175592703205662,-0.0001324407296794338,0.0001324407296794338,0.00023824422914261184,0.00023824422914261184,0.0,0.00023824422914261184,300.74218384832193,300.7171420488317,5.966064215892506e-06
91,368,contact,0.0016376962580986838,-0.00011230374190131622,0.00011230374190131622,0.00021938590451659398,0.00021938590451659398,0.0,0.00021938590451659398,300.74218384832193,300.69588214679936,1.015794066918549e-05
91,409,contact,0.0019447332943105596,-5.526670568944047e-05,5.526670568944047e-05,0.00016095424285157947,0.0002926440779119627,0.0,0.0002926440779119627,300.74218384832193,300.79728151166813,-1.6124004885053266e-05
92,306,contact,0.001647710720666707,-0.00010228927933329302,0.00010228927933329302,0.00020937588822835188,0.00020937588822835188,0.0,0.00020937588822835188,300.5563351981169,300.647744942592,-1.913899644219495e-05
92,319,contact,0.0016795726469551713,-7.042735304482869e-05,7.042735304482869e-05,0.00017373298853391828,0.00017373298853391828,0.0,0.00017373298853391828,300.5563351981169,300.58284654693654,-4.605895860496134e-06
92,425,contact,0.0019657109714299307,-3.4289028570069335e-05,3.4289028570069335e-05,0.00012677926542704055,0.00012677926542704055,0.0,0.00012677926542704055,300.5563351981169,300.47728211467955,1.0022291847932645e-05
92,452,contact,0.0019207560454154507,-7.924395458454932e-05,7.924395458454932e-05,0.00019273194782263653,0.00019273194782263653,0.0,0.00019273194782263653,300.5563351981169,300.4528537100692,1.9944188755027424e-05
92,468,contact,0.0019007312092981475,-9.926879070185253e-05,9.926879070185253e-05,0.00021571334136184848,0.00021571334136184848,0.0,0.00021571334136184848,300.5563351981169,300.58517712444825,-6.221588300242273e-06
93,338,contact,0.0015960603667894272,-0.0001539396332105728,0.0001539396332105728,0.00025685429433594623,0.00025685429433594623,0.0,0.00025685429433594623,300.5045174433882,300.59453689543625,-2.3121882832315096e-05
93,341,contact,0.0015646458557769555,-0.00018535414422304452,0.00018535414422304452,0.00028184657241361795,0.00028184657241361795,0.0,0.00028184657241361795,300.5045174433882,300.4212770093233,2.3461031027403192e-05
93,438,contact,0.0019302646919528937,-6.973530804710629e-05,6.973530804710629e-05,0.0001807994072088763,0.0001807994072088763,0.0,0.0001807994072088763,300.5045174433882,300.50403491827376,8.724025465073924e-08
93,452,contact,0.0019048898558446888,-9.51101441553112e-05,9.51101441553112e-05,0.0002111465843266287,0.0002111465843266287,0.0,0.0002111465843266287,300.5045174433882,300.4528537100692,1.090862082386939e-05
94,157,contact,0.001675050451896897,-7.494954810310299e-05,7.494954810310299e-05,0.00017922397970508816,0.00017922397970508816,0.0,0.00017922397970508816,300.5935341231245,300.69158109371773,-1.757236826774147e-05
94,355,contact,0.0016199550732350582,-0.00013004492676494186,0.00013004492676494186,0.00023607952059024082,0.00023607952059024082,0.0,0.00023607952059024082,300.5935341231245,300.6180153456656,-5.779515280955394e-06
94,438,contact,0.001854767371343371,-0.00014523262865662905,0.00014523262865662905,0.00026091721806503087,0.00026091721806503087,0.0,0.00026091721806503087,300.5935341231245,300.50403491827376,2.335188354869456e-05
95,279,contact,0.0016672126240575916,-8.278737594240846e-05,8.278737594240846e-05,0.00018836216173987258,0.00018836216173987258,0.0,0.00018836216173987258,300.94191386478116,300.947956941117,-1.138286922181049e-06
95,361,contact,0.0016345331412244294,-0.00011546685877557067,0.00011546685877557067,0.00022245403259572912,0.00022245403259572912,0.0,0.00022245403259572912,300.94191386478116,300.8808872879057,1.357560812146001e-05
95,447,contact,0.001969821892956315,-3.0178107043685176e-05,3.0178107043685176e-05,0.00011893690628533865,0.00011893690628533865,0.0,0.00011893690628533865,300.94191386478116,300.84924890051326,1.1021284171065087e-05
95,482,contact,0.0019858155811255484,-1.4184418874451602e-05,1.4184418874451602e-05,8.154107153698183e-05,8.154107153698183e-05,0.0,8.154107153698183e-05,300.94191386478116,300.90990343444736,2.6101647897778342e-06
96,414,contact,0.001920738275507623,-7.926172449237707e-05,7.926172449237707e-05,0.0001927535560133762,0.0001927535560133762,0.0,0.0001927535560133762,300.10041200401406,300.1645210477219,-1.2357246147304017e-05
97,405,contact,0.0019780636366911962,-2.1936363308803792e-05,2.1936363308803792e-05,0.00010140350240993542,0.00010140350240993542,0.0,0.00010140350240993542,300.20786598110374,300.292810251435,-8.613646521247903e-06
98,306,contact,0.0016523366910227478,-9.766330897725221e-05,9.766330897725221e-05,0.00020458666585922408,0.00020458666585922408,0.0,0.00020458666585922408,300.6845481290903,300.647744942592,7.529441218677378e-06
98,391,contact,0.0016652075246346917,-8.47924753653083e-05,8.47924753653083e-05,0.00019062956827160324,0.00019062956827160324,0.0,0.00019062956827160324,300.6845481290903,300.6380706243205,8.859986668602355e-06
98,481,contact,0.0019110846012670396,-8.891539873296045e-05,8.891539873296045e-05,0.00020415458152114836,0.00020415458152114836,0.0,0.00020415458152114836,300.6845481290903,300.80655802129183,-2.4908878483850086e-05
99,147,contact,0.0015704845900867668,-0.00017951540991323323,0.00017951540991323323,0.00027737190859403903,0.00027737190859403903,0.0,0.00027737190859403903,300.79253378817407,300.83319620313944,-1.127861164698695e-05
99,166,contact,0.0015191399034322013,-0.00023086009656779873,0.00023086009656779873,0.0003145473595282584,0.0003145473595282584,0.0,0.0003145473595282584,300.79253378817407,300.7683305356611,7.613069169947764e-06
99,380,contact,0.0016366652997176915,-0.00011333470028230858,0.00011333470028230858,0.00022039059509585174,0.00022039059509585174,0.0,0.00022039059509585174,300.79253378817407,300.7759017604985,3.665542477063244e-06
100,199,contact,0.0016923999224178659,-5.7600077582134175e-05,5.7600077582134175e-05,0.00015711698678118913,0.00015711698678118913,0.0,0.00015711698678118913,300.58424570541547,300.64078209861964,-8.882827743715554e-06
100,288,contact,0.001653553842153318,-9.644615784668194e-05,9.644615784668194e-05,0.00020330781502091348,0.00020330781502091348,0.0,0.00020330781502091348,300.58424570541547,300.58934861526643,-1.037461452047703e-06
100,438,contact,0.0019296815720734857,-7.03184279265143e-05,7.03184279265143e-05,0.0001815537471124008,0.0001815537471124008,0.0,0.0001815537471124008,300.58424570541547,300.50403491827376,1.4562568964412492e-05
100,485,contact,0.0019176730534687088,-8.232694653129125e-05,8.232694653129125e-05,0.0001964453007494523,0.0001964453007494523,0.0,0.0001964453007494523,300.58424570541547,300.6078771170643,-4.642279768484089e-06
101,163,contact,0.0019154497271659217,-8.455027283407832e-05,8.455027283407832e-05,0.0002056091836884704,0.0020560918368847042,0.0,0.0020560918368847042,300.30728935547916,300.3761327499061,-0.00014154834130468397
101,201,contact,0.0018404539642164375,-0.00015954603578356252,0.00015954603578356252,0.000282441175984985,0.0028244117598498503,0.0,0.0028244117598498503,300.30728935547916,300.24605320539814,0.00017295610241674982
101,261,contact,0.0018863759354911204,-0.00011362406450887968,0.00011362406450887968,0.0002383527475286153,0.002383527475286153,0.0,0.002383527475286153,300.30728935547916,300.22442305676896,0.00019751409975103285
101,269,contact,0.0018866995830285232,-0.00011330041697147687,0.00011330041697147687,0.0002380130426798885,0.002380130426798885,0.0,0.002380130426798885,300.30728935547916,300.3941420381415,-0.00020672071265380982
101,316,contact,0.0018986883792765994,-0.00010131162072340061,0.00010131162072340061,0.00022506845705629278,0.0004092153764659869,0.0,0.0004092153764659869,300.30728935547916,300.3040415081971,1.3290690482356959e-06
101,476,contact,0.0021241229386502096,-0.00012587706134979063,0.00012587706134979063,0.0002644460261563476,0.00048081095664790475,0.0,0.00048081095664790475,300.30728935547916,300.3696154734213,-2.9967080391901154e-05
102,142,contact,0.001970939763158681,-2.906023684131915e-05,2.906023684131915e-05,0.00012054094084857466,0.00012054094084857466,0.0,0.00012054094084857466,300.1262795826368,300.04190558291856,1.0170521309195523e-05
102,326,contact,0.0019449091062566403,-5.5090893743359745e-05,5.5090893743359745e-05,0.00016596821042500843,0.00016596821042500843,0.0,0.00016596821042500843,300.1262795826368,300.04684389211485,1.3183799399804758e-05
102,478,contact,0.002190330543548166,-5.966945645183427e-05,5.966945645183427e-05,0.00018207058529261892,0.00018207058529261892,0.0,0.00018207058529261892,300.1262795826368,300.2545502787053,-2.335432070908558e-05
103,299,contact,0.0019106309898789162,-8.936901012108383e-05,8.936901012108383e-05,0.00021138709766809779,0.00021138709766809779,0.0,0.00021138709766809779,300.91775725177393,300.82082652139235,2.0489905770212526e-05
103,449,contact,0.0021886677256954742,-6.133227430452602e-05,6.133227430452602e-05,0.00018459004774021995,0.00018459004774021995,0.0,0.00018459004774021995,300.91775725177393,300.8020646727956,2.1355698676798336e-05
103,486,contact,0.002248410956055569,-1.5890439444311844e-06,1.5890439444311844e-06,2.971198733425043e-05,5.40217951531826e-05,0.0,5.40217951531826e-05,300.91775725177393,300.94546963291504,-1.4970725772114355e-06
104,131,contact,0.0019718140338530915,-2.8185966146908586e-05,2.8185966146908586e-05,0.00011871387060261448,0.00011871387060261448,0.0,0.00011871387060261448,300.7559752556718,300.6565379548183,1.1804586866593366e-05
104,134,contact,0.0019534412472352477,-4.655875276475237e-05,4.655875276475237e-05,0.00015257580536368206,0.00015257580536368206,0.0,0.00015257580536368206,300.7559752556718,300.7157962864469,6.130338588169062e-06
104,246,contact,0.0019386899083917476,-6.131009160825242e-05,6.131009160825242e-05,0.00017508582410956695,0.00017508582410956695,0.0,0.00017508582410956695,300.7559752556718,300.80896558494993,-9.27785547150142e-06
104,303,contact,0.0019193250339898146,-8.067496601018545e-05,8.067496601018545e-05,0.0002008419353747935,0.0002008419353747935,0.0,0.0002008419353747935,300.7559752556718,300.7375778885664,3.6949628152420673e-06
104,308,contact,0.0019398121823774594,-6.018781762254059e-05,6.018781762254059e-05,0.00017347596032669856,0.00017347596032669856,0.0,0.00017347596032669856,300.7559752556718,300.84084599984254,-1.4723033848663704e-05
104,473,contact,0.002184381497014657,-6.56185029853434e-05,6.56185029853434e-05,0.00019093120195700424,0.00019093120195700424,0.0,0.00019093120195700424,300.7559752556718,300.7435571646221,2.371001050132696e-06
105,200,contact,0.001920656395005846,-7.934360499415411e-05,7.934360499415411e-05,0.00019917781627750884,0.00019917781627750884,0.0,0.00019917781627750884,300.07229415394994,300.05655823589814,3.134245794679924e-06
105,251,contact,0.0019840970848474123,-1.5902915152587755e-05,1.5902915152587755e-05,8.917094580800338e-05,8.917094580800338e-05,0.0,8.917094580800338e-05,300.07229415394994,300.120681324524,-4.314729765063363e-06
105,488,contact,0.002192219478925768,-5.778052107423227e-05,5.778052107423227e-05,0.0001791655365456331,0.0001791655365456331,0.0,0.0001791655365456331,300.07229415394994,300.1539669870016,-1.4632956954899212e-05
106,195,contact,0.0017580551036870274,-0.00024194489631297264,0.00024194489631297264,0.0003478109373732895,0.0003478109373732895,0.0,0.0003478109373732895,300.0802771381899,300.15468075931074,-2.5878393206005315e-05
106,330,contact,0.0019387960480927334,-6.120395190726668e-05,6.120395190726668e-05,0.0001749342046417262,0.000318062190257684,0.0,0.000318062190257684,300.0802771381899,300.04072687248606,1.257944413503601e-05
106,401,contact,0.0020651872416078895,-0.00018481275839211074,0.00018481275839211074,0.0003204274561617399,0.0005825953748395271,0.0,0.0005825953748395271,300.0802771381899,300.1510128370026,-4.1210290964327664e-05
107,140,contact,0.001943552396232219,-5.644760376778105e-05,5.644760376778105e-05,0.00016799941036768707,0.00016799941036768707,0.0,0.00016799941036768707,300.7056459772189,300.8160115501498,-1.8541351177283594e-05
107,166,contact,0.001920072506990296,-7.992749300970406e-05,7.992749300970406e-05,0.00019990934571663234,0.00019990934571663234,0.0,0.00019990934571663234,300.7056459772189,300.7683305356611,-1.2531229064713363e-05
107,232,contact,0.0019597448550768034,-4.02551449231966e-05,4.02551449231966e-05,0.0001418716760371791,0.0001418716760371791,0.0,0.0001418716760371791,300.7056459772189,300.82660104138176,-1.7160097677967004e-05
107,265,contact,0.0019237518514351067,-7.624814856489336e-05,7.624814856489336e-05,0.00019525387136353194,0.00019525387136353194,0.0,0.00019525387136353194,300.7056459772189,300.63071355376815,1.4630845769415392e-05
107,309,contact,0.0019039211760206872,-9.607882397931282e-05,9.607882397931282e-05,0.00021917894969557733,0.00021917894969557733,0.0,0.00021917894969557733,300.7056459772189,300.552338224822,3.360183215054805e-05
108,364,contact,0.0019384710958897484,-6.152890411025166e-05,6.152890411025166e-05,0.0001753979819015197,0.0001753979819015197,0.0,0.0001753979819015197,300.04496283831503,300.0505928361248,-9.874902539423534e-07
108,420,contact,0.002120868959294752,-0.0001291310407052484,0.0001291310407052484,0.00026784224285663255,0.00026784224285663255,0.0,0.00026784224285663255,300.04496283831503,300.1483271679523,-2.7685333881415703e-05
109,202,contact,0.001999493744463582,-5.062555364179246e-07,5.062555364179246e-07,1.590998957287409e-05,1.590998957287409e-05,0.0,1.590998957287409e-05,300.2826423224232,300.1384984680794,2.2933272196043448e-06
109,244,contact,0.0019578834711911817,-4.211652880881838e-05,4.211652880881838e-05,0.00014511465950898684,0.00014511465950898684,0.0,0.00014511465950898684,300.2826423224232,300.28995659409236,-1.0614080428242057e-06
109,268,contact,0.0019834209900091823,-1.6579009990817708e-05,1.6579009990817708e-05,9.104671875146767e-05,9.104671875146767e-05,0.0,9.104671875146767e-05,300.2826423224232,300.3682718801878,-7.796290262606558e-06
109,342,contact,0.0019955830634929743,-4.416936507025716e-06,4.416936507025716e-06,4.69943427820079e-05,4.69943427820079e-05,0.0,4.69943427820079e-05,300.2826423224232,300.36839341002,-4.029816004454222e-06
110,154,contact,0.0018235195946357775,-0.00017648040536422257,0.00017648040536422257,0.00029705252512327057,0.00029705252512327057,0.0,0.00029705252512327057,300.3259245908141,300.2456877598852,2.3834553235326097e-05
110,155,contact,0.0018173664133575265,-0.0001826335866424735,0.0001826335866424735,0.0003021866862077758,0.0003021866862077758,0.0,0.0003021866862077758,300.3259245908141,300.35516298587464,-8.835453713375746e-06
110,188,contact,0.0019864595027310633,-1.3540497268936785e-05,1.3540497268936785e-05,8.228152061349129e-05,8.228152061349129e-05,0.0,8.228152061349129e-05,300.3259245908141,300.39011437343515,-5.281632921908831e-06
110,220,contact,0.0019053702133706191,-9.462978662938093e-05,9.462978662938093e-05,0.00021751986878142986,0.00021751986878142986,0.0,0.00021751986878142986,300.3259245908141,300.2826539660881,9.412220612491261e-06
110,324,contact,0.0019661074502935996,-3.38925497064004e-05,3.38925497064004e-05,0.00013017785853669663,0.00013017785853669663,0.0,0.00013017785853669663,300.3259245908141,300.4033493577326,-1.0078990355154703e-05
110,442,contact,0.002183579097757629,-6.642090224237129e-05,6.642090224237129e-05,0.00019209503180915905,0.00019209503180915905,0.0,0.00019209503180915905,300.3259245908141,300.4365759868016,-2.1255583431941796e-05
111,231,contact,0.001871229960640861,-0.00012877003935913905,0.00012877003935913905,0.0002537420337263212,0.0002537420337263212,0.0,0.0002537420337263212,300.1631359249843,300.2630985905658,-2.5364730061346903e-05
111,340,contact,0.001963299261090881,-3.6700738909118975e-05,3.6700738909118975e-05,0.00013546353551623953,0.00013546353551623953,0.0,0.00013546353551623953,300.1631359249843,300.2685102263161,-1.4274375410956303e-05
111,395,contact,0.0019352818028907314,-6.471819710926864e-05,6.471819710926864e-05,0.00017988634899467588,0.0003270660890812289,0.0,0.0003270660890812289,300.1631359249843,300.2202514852688,-1.8680562927934915e-05
111,440,contact,0.0021295909953087245,-0.00012040900469127572,0.00012040900469127572,0.0002586385344359057,0.0004702518807925558,0.0,0.0004702518807925558,300.1631359249843,300.0448987597267,5.5601249341965056e-05
111,469,contact,0.0021696082584190175,-8.039174158098279e-05,8.039174158098279e-05,0.0002113340451893673,0.0002113340451893673,0.0,0.0002113340451893673,300.1631359249843,300.1502727866483,2.7184190583776475e-06
112,151,contact,0.0018872439763316232,-0.00011275602366837682,0.00011275602366837682,0.00023744054378767838,0.00023744054378767838,0.0,0.00023744054378767838,300.5193253416991,300.4312138045703,2.09212512898262e-05
112,214,contact,0.0019375675174300373,-6.243248256996279e-05,6.243248256996279e-05,0.00017668118543008872,0.00017668118543008872,0.0,0.00017668118543008872,300.5193253416991,300.3867332839817,2.3426521936120506e-05
112,265,contact,0.0018943686476765819,-0.00010563135232341818,0.00010563135232341818,0.00022981661419860204,0.00022981661419860204,0.0,0.00022981661419860204,300.5193253416991,300.63071355376815,-2.559886175935027e-05
112,309,contact,0.0019414858479267884,-5.8514152073211624e-05,5.8514152073211624e-05,0.00017104699949606193,0.00017104699949606193,0.0,0.00017104699949606193,300.5193253416991,300.552338224822,-5.646754602889943e-06
112,318,contact,0.0018852250358511583,-0.0001147749641488417,0.0001147749641488417,0.00023955684518381197,0.00023955684518381197,0.0,0.00023955684518381197,300.5193253416991,300.5740186519809,-1.3102156863775578e-05
113,233,contact,0.0019170418438051887,-8.295815619481137e-05,8.295815619481137e-05,0.00020366413061068386,0.00020366413061068386,0.0,0.00020366413061068386,300.70029175298254,300.7286954814393,-5.784820662243395e-06
113,310,contact,0.0019746637135471955,-2.5336286452804554e-05,2.5336286452804554e-05,0.00011255284637183671,0.00011255284637183671,0.0,0.00011255284637183671,300.70029175298254,300.83333439161555,-1.4974327666965478e-05
113,408,contact,0.0021938587159158647,-5.614128408413556e-05,5.614128408413556e-05,0.00017660578209380403,0.00017660578209380403,0.0,0.00017660578209380403,300.70029175298254,300.65921315132465,7.254718573110932e-06
113,439,contact,0.0021987222753908696,-5.127772460913069e-05,5.127772460913069e-05,0.00016878277395175842,0.00016878277395175842,0.0,0.00016878277395175842,300.70029175298254,300.62028104193627,1.3504429756242125e-05
114,284,contact,0.001855682826481939,-0.00014431717351806096,0.00014431717351806096,0.00026862350373530326,0.00026862350373530326,0.0,0.00026862350373530326,300.18875713256966,300.12422623214866,1.7334516570284277e-05
114,417,contact,0.002149835082535402,-0.00010016491746459846,0.00010016491746459846,0.00023589653742524786,0.00023589653742524786,0.0,0.00023589653742524786,300.18875713256966,300.2105310517318,-5.136392136520161e-06
114,458,contact,0.0021878199121729033,-6.218008782709694e-05,6.218008782709694e-05,0.00018586148938732865,0.00018586148938732865,0.0,0.00018586148938732865,300.18875713256966,300.184573100773,7.776503813754486e-07
114,487,contact,0.0021626213584444234,-8.737864155557683e-05,8.737864155557683e-05,0.00022032632560159087,0.00022032632560159087,0.0,0.00022032632560159087,300.18875713256966,300.2730461544856,-1.8571090487290098e-05
114,489,contact,0.002228730720181555,-2.12692798184453e-05,2.12692798184453e-05,0.00010870265206425713,0.00010870265206425713,0.0,0.00010870265206425713,300.18875713256966,300.07107156533175,1.2792733268447632e-05
115,154,contact,0.0018204233184358003,-0.0001795766815641997,0.0001795766815641997,0.0002996470269869198,0.0002996470269869198,0.0,0.0002996470269869198,300.1522060255486,300.2456877598852,-2.801152377154089e-05
115,250,contact,0.0018162205762879153,-0.00018377942371208475,0.00018377942371208475,0.0003031331586218215,0.0003031331586218215,0.0,0.0003031331586218215,300.1522060255486,300.043083930329,3.307852539935401e-05
115,274,contact,0.001962299344229074,-3.770065577092616e-05,3.770065577092616e-05,0.00013729649626069516,0.00013729649626069516,0.0,0.00013729649626069516,300.1522060255486,300.17651353241524,-3.337335525623629e-06
115,432,contact,0.002113725289124712,-0.00013627471087528835,0.00013627471087528835,0.0002751511815502407,0.0002751511815502407,0.0,0.0002751511815502407,300.1522060255486,300.1489314776781,9.009957156080494e-07
115,488,contact,0.0021884034309676476,-6.159656903235262e-05,6.159656903235262e-05,0.0001849873404562723,0.0001849873404562723,0.0,0.0001849873404562723,300.1522060255486,300.1539669870016,-3.2575557583415774e-07
116,324,contact,0.0019317289800590551,-6.82710199409449e-05,6.82710199409449e-05,0.00018475797674382682,0.00018475797674382682,0.0,0.00018475797674382682,300.5213483064083,300.4033493577326,2.1801247015216695e-05
116,392,contact,0.0019909641589943303,-9.035841005669738e-06,9.035841005669738e-06,6.721547814926908e-05,6.721547814926908e-05,0.0,6.721547814926908e-05,300.5213483064083,300.45131845745107,4.707089782381529e-06
116,431,contact,0.0022297278000913035,-2.02721999086968e-05,2.02721999086968e-05,0.00010612414090398722,0.00010612414090398722,0.0,0.00010612414090398722,300.5213483064083,300.51973983819204,1.706973076221068e-07
116,437,contact,0.0021879843016804302,-6.201569831957004e-05,6.201569831957004e-05,0.00018561563978580702,0.00018561563978580702,0.0,0.00018561563978580702,300.5213483064083,300.5469196295439,-4.746437503980265e-06
116,483,contact,0.002205048062718815,-4.495193728118506e-05,4.495193728118506e-05,0.00015802942286026125,0.00015802942286026125,0.0,0.00015802942286026125,300.5213483064083,300.5822330513654,-9.621581106563618e-06
116,500,contact,0.002196685481105568,-5.331451889443225e-05,5.331451889443225e-05,0.00017210222881640282,0.00017210222881640282,0.0,0.00017210222881640282,300.5213483064083,300.544415534783,-3.969921415905245e-06
117,132,contact,0.0019373331775923307,-6.266682240766938e-05,6.266682240766938e-05,0.0001770124605891763,0.0001770124605891763,0.0,0.0001770124605891763,300.823178585462,300.80905684482207,2.4997240584798126e-06
117,233,contact,0.0019475629736930198,-5.243702630698026e-05,5.243702630698026e-05,0.00016192131778580032,0.00016192131778580032,0.0,0.00016192131778580032,300.823178585462,300.7286954814393,1.5298828711855355e-05
117,246,contact,0.001867203403622648,-0.00013279659637735215,0.00013279659637735215,0.00025767867235895964,0.00025767867235895964,0.0,0.00025767867235895964,300.823178585462,300.80896558494993,3.662387102191581e-06
117,366,contact,0.0018766505593210473,-0.00012334944067895278,0.00012334944067895278,0.0002483439557135957,0.0004515344649338104,0.0,0.0004515344649338104,300.823178585462,300.81905531376503,1.8617992794739481e-06
117,429,contact,0.002133371969019936,-0.00011662803098006413,0.00011662803098006413,0.00025454538012794514,0.00025454538012794514,0.0,0.00025454538012794514,300.823178585462,300.9148036589186,-2.332273915224972e-05
118,127,contact,0.001933843197469743,-6.615680253025703e-05,6.615680253025703e-05,0.000181874685608329,0.000181874685608329,0.0,0.000181874685608329,300.45931552224727,300.4060835045702,9.681556479317668e-06
118,229,contact,0.0019089594521885472,-9.10405478114528e-05,9.10405478114528e-05,0.00021335480755241116,0.00021335480755241116,0.0,0.00021335480755241116,300.45931552224727,300.41703684844134,9.020358313434174e-06
118,347,contact,0.001895005175982377,-0.00010499482401762298,0.00010499482401762298,0.00022912313721842125,0.00022912313721842125,0.0,0.00022912313721842125,300.45931552224727,300.61507212582745,-3.5687441654778415e-05
118,381,contact,0.0019066662871357425,-9.333371286425756e-05,9.333371286425756e-05,0.00021602512916817982,0.00039277296212396334,0.0,0.00039277296212396334,300.45931552224727,300.4176464043873,1.6366502850946492e-05
118,463,contact,0.0021576323629849464,-9.236763701505387e-05,9.236763701505387e-05,0.0002265289250785695,0.0002265289250785695,0.0,0.0002265289250785695,300.45931552224727,300.5486499952607,-2.0236842144191216e-05
118,476,contact,0.0021526931064366787,-9.730689356332155e-05,9.730689356332155e-05,0.00023250674251074188,0.00023250674251074188,0.0,0.00023250674251074188,300.45931552224727,300.3696154734213,2.0855866155585233e-05
119,141,contact,0.0018608034615727146,-0.00013919653842728546,0.00013919653842728546,0.0002638148388806868,0.0002638148388806868,0.0,0.0002638148388806868,300.0927640380943,300.10282935936436,-2.6553811091475315e-06
119,174,contact,0.001858378022523943,-0.0001416219774760571,0.0001416219774760571,0.00026610334221506603,0.00026610334221506603,0.0,0.00026610334221506603,300.0927640380943,300.06674540482254,6.923645273479914e-06
119,185,contact,0.001924386999982071,-7.5613000017929e-05,7.5613000017929e-05,0.00019443893645297616,0.00019443893645297616,0.0,0.00019443893645297616,300.0927640380943,300.0755517584165,3.346737354478426e-06
119,382,contact,0.0018568974288282602,-0.00014310257117173988,0.00014310257117173988,0.00026749072056030267,0.00026749072056030267,0.0,0.00026749072056030267,300.0927640380943,300.06030583838907,8.682267227238912e-06
119,427,contact,0.002199269094767625,-5.07309052323753e-05,5.07309052323753e-05,0.00016788042244469275,0.00016788042244469275,0.0,0.00016788042244469275,300.0927640380943,300.18984068651275,-1.6297268746006833e-05
120,160,contact,0.001968924707498994,-3.1075292501006255e-05,3.1075292501006255e-05,0.00012465009526872864,0.00012465009526872864,0.0,0.00012465009526872864,300.25746005409445,300.31501012434705,-7.1736217397089695e-06
120,244,contact,0.0018782264398961581,-0.00012177356010384193,0.00012177356010384193,0.00024675246716481067,0.00024675246716481067,0.0,0.00024675246716481067,300.25746005409445,300.28995659409236,-8.018601418803702e-06
120,272,contact,0.0019382132375783624,-6.178676242163763e-05,6.178676242163763e-05,0.0001757651308161514,0.0001757651308161514,0.0,0.0001757651308161514,300.25746005409445,300.34244726774614,-1.4937788725188884e-05
120,281,contact,0.0019389617775758244,-6.103822242417567e-05,6.103822242417567e-05,0.00017469719863835205,0.00017469719863835205,0.0,0.00017469719863835205,300.25746005409445,300.201214534002,9.825934796104995e-06
120,402,contact,0.0021426560787842896,-0.00010734392121571068,0.00010734392121571068,0.00024420383245663023,0.00024420383245663023,0.0,0.00024420383245663023,300.25746005409445,300.28213858683694,-6.0265922751211605e-06
120,420,contact,0.0021078272291864915,-0.0001421727708135088,0.0001421727708135088,0.0002810424748577545,0.0002810424748577545,0.0,0.0002810424748577545,300.25746005409445,300.1483271679523,3.067097640976302e-05
121,277,contact,0.0019269423516545573,-7.305764834544272e-05,7.305764834544272e-05,0.00019112515316598537,0.00019112515316598537,0.0,0.00019112515316598537,300.5829895055009,300.64904483638475,-1.2624835232604076e-05
121,288,contact,0.0019191237904314566,-8.087620956854342e-05,8.087620956854342e-05,0.0002010922792756393,0.0002010922792756393,0.0,0.0002010922792756393,300.5829895055009,300.58934861526643,-1.2787678769136454e-06
121,387,contact,0.0019000120021989333,-9.998799780106676e-05,9.998799780106676e-05,0.00022359337848096796,0.00022359337848096796,0.0,0.00022359337848096796,300.5829895055009,300.48055254773743,2.2904225467647136e-05
121,408,contact,0.0021694919614508824,-8.050803854911786e-05,8.050803854911786e-05,0.00021148685085092939,0.00021148685085092939,0.0,0.00021148685085092939,300.5829895055009,300.65921315132465,-1.612029881564049e-05
121,411,contact,0.0021342818212457333,-0.00011571817875426693,0.00011571817875426693,0.00025355054148178,0.00025355054148178,0.0,0.00025355054148178,300.5829895055009,300.5967899284127,-3.499104701964355e-06
121,465,contact,0.0021957748161639886,-5.422518383601171e-05,5.422518383601171e-05,0.00017356584379167928,0.00017356584379167928,0.0,0.00017356584379167928,300.5829895055009,300.52180937392757,1.0618781159812256e-05
122,133,contact,0.0019208071978728117,-7.91928021271883e-05,7.91928021271883e-05,0.0001989884445479037,0.0001989884445479037,0.0,0.0001989884445479037,300.51051737307534,300.3849651242912,2.4983446695043003e-05
122,197,contact,0.0019095957825937921,-9.040421740620793e-05,9.040421740620793e-05,0.0002126078754493915,0.0002126078754493915,0.0,0.0002126078754493915,300.51051737307534,300.5581687975734,-1.0131068124665831e-05
122,334,contact,0.001979718417780671,-2.0281582219329203e-05,2.0281582219329203e-05,0.0001007014950716453,0.00018309362740299143,0.0,0.00018309362740299143,300.51051737307534,300.44390653609923,1.2196019766305376e-05
122,439,contact,0.002199470369566273,-5.052963043372747e-05,5.052963043372747e-05,0.00016754705878536445,0.00016754705878536445,0.0,0.00016754705878536445,300.51051737307534,300.62028104193627,-1.839057987913807e-05
122,465,contact,0.002210538119056082,-3.946188094391826e-05,3.946188094391826e-05,0.0001480650775539786,0.0001480650775539786,0.0,0.0001480650775539786,300.51051737307534,300.52180937392757,-1.671950981923898e-06
122,475,contact,0.0021729858271512027,-7.701417284879759e-05,7.701417284879759e-05,0.00020684692790241127,0.00020684692790241127,0.0,0.00020684692790241127,300.51051737307534,300.54429049964097,-6.985867475757864e-06
123,171,contact,0.0019165499077509042,-8.345009224909584e-05,8.345009224909584e-05,0.0002042670950607266,0.0002042670950607266,0.0,0.0002042670950607266,300.5416696342982,300.5916516702959,-1.0209685298468104e-05
123,215,contact,0.0019288561151524495,-7.114388484755056e-05,7.114388484755056e-05,0.00018860525555714316,0.00018860525555714316,0.0,0.00018860525555714316,300.5416696342982,300.4829186231209,1.1080749477339256e-05
123,463,contact,0.0022435063559972357,-6.493644002764521e-06,6.493644002764521e-06,6.0063133464179545e-05,6.0063133464179545e-05,0.0,6.0063133464179545e-05,300.5416696342982,300.5486499952607,-4.1926235211715177e-07
123,500,contact,0.002201269722707169,-4.873027729283136e-05,4.873027729283136e-05,0.0001645368538467756,0.0001645368538467756,0.0,0.0001645368538467756,300.5416696342982,300.544415534783,-4.5180182674482573e-07
124,148,contact,0.0018644333627673584,-0.0001355666372326416,0.0001355666372326416,0.0002603522971212676,0.0002603522971212676,0.0,0.0002603522971212676,300.713256339259,300.8026206448755,-2.3266202247909908e-05
124,282,contact,0.0018888937264176621,-0.00011110627358233791,0.00011110627358233791,0.0002356971293655673,0.0002356971293655673,0.0,0.0002356971293655673,300.713256339259,300.60779477168904,2.4856988734625878e-05
124,289,contact,0.0018944762656206591,-0.00010552373437934092,0.00010552373437934092,0.00022969951499659388,0.00022969951499659388,0.0,0.00022969951499659388,300.713256339259,300.60876849523163,2.400080709612123e-05
124,295,contact,0.0019413267180461917,-5.867328195380836e-05,5.867328195380836e-05,0.00017127942368219302,0.00017127942368219302,0.0,0.00017127942368219302,300.713256339259,300.8213230981672,-1.8509612185007712e-05
124,304,contact,0.0019668254245102687,-3.3174575489731354e-05,3.3174575489731354e-05,0.00012879164470129914,0.00012879164470129914,0.0,0.00012879164470129914,300.713256339259,300.80621123303115,-1.1971813651952755e-05
124,345,contact,0.0018807708802775526,-0.00011922911972244744,0.00011922911972244744,0.00024416093025138915,0.00024416093025138915,0.0,0.00024416093025138915,300.713256339259,300.69737342799783,3.87798638862125e-06
125,209,contact,0.0018791627172482965,-0.0001208372827517035,0.0001208372827517035,0.0002458020369644071,0.0002458020369644071,0.0,0.0002458020369644071,300.44283280619356,300.36875200715536,1.8209211303540337e-05
125,410,contact,0.002184770719646572,-6.522928035342839e-05,6.522928035342839e-05,0.00019036409610333034,0.00019036409610333034,0.0,0.00019036409610333034,300.44283280619356,300.3422809028728,1.9141472187126576e-05
125,425,contact,0.0021368204866342886,-0.00011317951336571163,0.00011317951336571163,0.0002507538781861516,0.0002507538781861516,0.0,0.0002507538781861516,300.44283280619356,300.47728211467955,-8.638297703692882e-06
125,435,contact,0.0021921521406599487,-5.784785934005157e-05,5.784785934005157e-05,0.00017926990721635905,0.00017926990721635905,0.0,0.00017926990721635905,300.44283280619356,300.5621204211765,-2.138467967004685e-05
126,284,contact,0.001866531792603598,-0.000133468207396402,0.000133468207396402,0.00025832944798880557,0.00025832944798880557,0.0,0.00025832944798880557,300.0564664289388,300.12422623214866,-1.7504352559035088e-05
126,479,contact,0.0021555536683484575,-9.44463316515428e-05,9.44463316515428e-05,0.00022906371220875887,0.00022906371220875887,0.0,0.00022906371220875887,300.0564664289388,300.1382301696983,-1.872910598245188e-05
127,164,contact,0.0019477114444003175,-5.2288555599682525e-05,5.2288555599682525e-05,0.00016169192249410996,0.00016169192249410996,0.0,0.00016169192249410996,300.4060835045702,300.3572281676344,7.899513353244959e-06
127,350,contact,0.0018778342056701635,-0.00012216579432983653,0.00012216579432983653,0.0002471495441325318,0.0002471495441325318,0.0,0.0002471495441325318,300.4060835045702,300.46019549450796,-1.3373753645226582e-05
127,376,contact,0.0018812224736590836,-0.00011877752634091641,0.00011877752634091641,0.00024369809841370984,0.00024369809841370984,0.0,0.00024369809841370984,300.4060835045702,300.3404677394918,1.5990437175554222e-05
127,442,contact,0.0022216267819687905,-2.837321803120978e-05,2.837321803120978e-05,0.00012555038393500699,0.00012555038393500699,0.0,0.00012555038393500699,300.4060835045702,300.4365759868016,-3.8283428512848055e-06
127,496,contact,0.0022248672314940507,-2.513276850594961e-05,2.513276850594961e-05,0.00011816365418339094,0.00011816365418339094,0.0,0.00011816365418339094,300.4060835045702,300.38074828226587,2.993702447025421e-06
128,148,contact,0.0018576688175304557,-0.00014233118246954435,0.00014233118246954435,0.0002667687973410162,0.0002667687973410162,0.0,0.0002667687973410162,300.9308575020099,300.8026206448755,3.4209592152542275e-05
128,182,contact,0.0018776098592969198,-0.00012239014070308026,0.00012239014070308026,0.0002473763738749926,0.0002473763738749926,0.0,0.0002473763738749926,300.9308575020099,300.9376421067137,-1.6783509098002848e-06
128,192,contact,0.0018786214565007506,-0.0001213785434992494,0.0001213785434992494,0.00024635192662048473,0.00024635192662048473,0.0,0.00024635192662048473,300.9308575020099,300.93323713922877,-5.862282135183465e-07
128,331,contact,0.0018459263127830966,-0.0001540736872169034,0.0001540736872169034,0.0002775551181449402,0.0002775551181449402,0.0,0.0002775551181449402,300.9308575020099,300.84170084517086,2.4745886422374803e-05
129,147,contact,0.0019459668351233534,-5.403316487664661e-05,5.403316487664661e-05,0.00016436721825936979,0.0002988494877443087,0.0,0.0002988494877443087,300.79890149183535,300.83319620313944,-1.024895690556476e-05
129,271,contact,0.0019345344881764191,-6.546551182358092e-05,6.546551182358092e-05,0.0001809219608333672,0.00032894901969703126,0.0,0.00032894901969703126,300.79890149183535,300.91661994321476,-3.8723369181507313e-05
129,298,contact,0.001836815380080698,-0.00016318461991930212,0.00016318461991930212,0.00028564367656164045,0.0028564367656164044,0.0,0.0028564367656164044,300.79890149183535,300.940363793282,-0.0004040781188009663
129,379,contact,0.0019934304077697316,-6.569592230268404e-06,6.569592230268404e-06,5.7313140859092705e-05,0.00010420571065289583,0.0,0.00010420571065289583,300.79890149183535,300.9184447604259,-1.2457091257250945e-05
129,386,contact,0.0019735497618504584,-2.6450238149541665e-05,2.6450238149541665e-05,0.00011500051771522959,0.0002090918503913265,0.0,0.0002090918503913265,300.79890149183535,300.75271779362487,9.656634916744733e-06
129,433,contact,0.0020841718786606825,-0.00016582812133931774,0.00016582812133931774,0.000303523860804054,0.00303523860804054,0.0,0.00303523860804054,300.79890149183535,300.6658372583971,0.0004038816986810446
130,139,contact,0.0019439542330003548,-5.604576699964523e-05,5.604576699964523e-05,0.0001674003688760052,0.0001674003688760052,0.0,0.0001674003688760052,300.1335812776616,300.1974593730496,-1.0693216731041685e-05
130,389,contact,0.0019441157065874445,-5.5884293412555505e-05,5.5884293412555505e-05,0.0001671590461395307,0.0001671590461395307,0.0,0.0001671590461395307,300.1335812776616,300.21199165834054,-1.3107004441725352e-05
131,344,contact,0.0019694572777544583,-3.054272224554174e-05,3.054272224554174e-05,0.00012357734874470674,0.00012357734874470674,0.0,0.00012357734874470674,300.6565379548183,300.52768860275773,1.5922861315118533e-05
132,159,contact,0.0018908775790621663,-0.00010912242093783376,0.00010912242093783376,0.00023358341222980041,0.00023358341222980041,0.0,0.00023358341222980041,300.80905684482207,300.77352488364784,8.299676734293162e-06
132,246,contact,0.0018935697888644082,-0.00010643021113559189,0.00010643021113559189,0.00023068399504039275,0.00023068399504039275,0.0,0.00023068399504039275,300.80905684482207,300.80896558494993,2.1052191891127547e-08
132,262,contact,0.0019309177239333637,-6.908227606663639e-05,6.908227606663639e-05,0.00018585246308111764,0.00018585246308111764,0.0,0.00018585246308111764,300.80905684482207,300.874409278627,-1.2145910790995002e-05
132,299,contact,0.0019971719611741007,-2.828038825899385e-06,2.828038825899385e-06,3.760344948205806e-05,3.760344948205806e-05,0.0,3.760344948205806e-05,300.80905684482207,300.82082652139235,-4.425804383307509e-07
132,308,contact,0.001930942640914017,-6.905735908598314e-05,6.905735908598314e-05,0.00018581894290677572,0.00018581894290677572,0.0,0.00018581894290677572,300.80905684482207,300.84084599984254,-5.907027181804529e-06
132,404,contact,0.0022063802420707094,-4.361975792929089e-05,4.361975792929089e-05,0.0001556701604341887,0.0001556701604341887,0.0,0.0001556701604341887,300.80905684482207,300.71047677448456,1.5345975365052982e-05
133,187,contact,0.001969195387436199,-3.080461256380106e-05,3.080461256380106e-05,0.00012410602838662,0.00012410602838662,0.0,0.00012410602838662,300.3849651242912,300.4163693863132,-3.897458233958868e-06
133,231,contact,0.0019606348049802645,-3.9365195019735576e-05,3.9365195019735576e-05,0.00014029468097496707,0.00014029468097496707,0.0,0.00014029468097496707,300.3849651242912,300.2630985905658,1.709722647053537e-05
133,315,contact,0.0019031216047851484,-9.687839521485163e-05,9.687839521485163e-05,0.00022008906744185595,0.00022008906744185595,0.0,0.00022008906744185595,300.3849651242912,300.35090860501884,7.49546756697436e-06
133,334,contact,0.0019462285252508252,-5.377147474917485e-05,5.377147474917485e-05,0.00016396870852265508,0.0002981249245866456,0.0,0.0002981249245866456,300.3849651242912,300.44390653609923,-1.7571903950292557e-05
133,369,contact,0.0018653551267252034,-0.0001346448732747966,0.0001346448732747966,0.0002594656752585943,0.0002594656752585943,0.0,0.0002594656752585943,300.3849651242912,300.39374607161466,-2.2783544266839513e-06
133,405,contact,0.002126503301196591,-0.00012349669880340908,0.00012349669880340908,0.0002619337265664829,0.0002619337265664829,0.0,0.0002619337265664829,300.3849651242912,300.292810251435,2.4138469268488276e-05
134,148,contact,0.0019391623319361384,-6.083766806386161e-05,6.083766806386161e-05,0.00017440995966954068,0.00017440995966954068,0.0,0.00017440995966954068,300.7157962864469,300.8026206448755,-1.5143032851865973e-05
134,473,contact,0.00221956139849746,-3.0438601502540304e-05,3.0438601502540304e-05,0.00013003974072597172,0.00013003974072597172,0.0,0.00013003974072597172,300.7157962864469,300.7435571646221,-3.6100174002247015e-06
135,145,contact,0.001940532458183579,-5.946754181642105e-05,5.946754181642105e-05,0.00017243483090202666,0.00017243483090202666,0.0,0.00017243483090202666,300.9210339438704,300.8634610986663,9.927563827318611e-06
135,243,contact,0.001890966299843548,-0.00010903370015645205,0.00010903370015645205,0.00023348843671202655,0.00023348843671202655,0.0,0.00023348843671202655,300.9210339438704,300.9388013529737,-4.148484575959129e-06
135,246,contact,0.0018781485102525835,-0.00012185148974741653,0.00012185148974741653,0.0002468314098199584,0.0002468314098199584,0.0,0.0002468314098199584,300.9210339438704,300.80896558494993,2.7661991028544572e-05
135,308,contact,0.0018368673864609824,-0.00016313261353901763,0.00016313261353901763,0.00028559815610313175,0.00028559815610313175,0.0,0.00028559815610313175,300.9210339438704,300.84084599984254,2.2901528956052594e-05
136,138,contact,0.0018939452559670255,-0.00010605474403297451,0.00010605474403297451,0.00023027672921180565,0.00023027672921180565,0.0,0.00023027672921180565,300.6531480893173,300.67914861777496,-5.987316651004658e-06
136,286,contact,0.0019835330382678277,-1.6466961732172335e-05,1.6466961732172335e-05,9.07385302177976e-05,9.07385302177976e-05,0.0,9.07385302177976e-05,300.6531480893173,300.6857863632006,-2.9615490010133866e-06
136,355,contact,0.0019039814003555802,-9.601859964441985e-05,9.601859964441985e-05,0.00021911024581751061,0.00021911024581751061,0.0,0.00021911024581751061,300.6531480893173,300.6180153456656,7.69794409777403e-06
136,378,contact,0.001985760627769621,-1.423937223037899e-05,1.423937223037899e-05,8.437823247253699e-05,8.437823247253699e-05,0.0,8.437823247253699e-05,300.6531480893173,300.73212119803964,-6.663611326851117e-06
136,393,contact,0.0019679742896186424,-3.2025710381357667e-05,3.2025710381357667e-05,0.00012654191080696875,0.00012654191080696875,0.0,0.00012654191080696875,300.6531480893173,300.7617208982949,-1.3739010709707106e-05
136,475,contact,0.0021683468395531195,-8.165316044688072e-05,8.165316044688072e-05,0.0002129856026001141,0.0002129856026001141,0.0,0.0002129856026001141,300.6531480893173,300.54429049964097,2.3185099334812788e-05
137,162,contact,0.0019468639958918554,-5.3136004108144666e-05,5.3136004108144666e-05,0.00016299693878742735,0.00016299693878742735,0.0,0.00016299693878742735,300.3963845863488,300.46982772711425,-1.1971007119702191e-05
137,212,contact,0.0019243913376701738,-7.56086623298262e-05,7.56086623298262e-05,0.0001944333591874427,0.0001944333591874427,0.0,0.0001944333591874427,300.3963845863488,300.3245001667951,1.39767291670704e-05
137,356,contact,0.0019499616065963975,-5.0038393403602525e-05,5.0038393403602525e-05,0.00015817457666073036,0.00015817457666073036,0.0,0.00015817457666073036,300.3963845863488,300.41334841050855,-2.6832457050147986e-06
137,467,contact,0.0021551334238046607,-9.486657619533958e-05,9.486657619533958e-05,0.0002295727628484166,0.0002295727628484166,0.0,0.0002295727628484166,300.3963845863488,300.3731706687953,5.329283189293573e-06
137,494,contact,0.0022452102984130457,-4.7897015869546e-06,4.7897015869546e-06,5.1584351562134506e-05,5.1584351562134506e-05,0.0,5.1584351562134506e-05,300.3963845863488,300.48656231255484,-4.65175953168609e-06
138,204,contact,0.0019955793355564697,-4.420664443530349e-06,4.420664443530349e-06,4.701417043578643e-05,4.701417043578643e-05,0.0,4.701417043578643e-05,300.67914861777496,300.692908996611,-6.469327958578778e-07
138,302,contact,0.0018574371096217496,-0.00014256289037825045,0.00014256289037825045,0.0002669858520392517,0.0002669858520392517,0.0,0.0002669858520392517,300.67914861777496,300.6660344758633,3.5012903520513022e-06
138,393,contact,0.0018757620439170857,-0.00012423795608291436,0.00012423795608291436,0.0002492367911072865,0.0002492367911072865,0.0,0.0002492367911072865,300.67914861777496,300.7617208982949,-2.0580050231207753e-05
138,468,contact,0.0022219135866410286,-2.80864133589717e-05,2.80864133589717e-05,0.00012491422247769266,0.00012491422247769266,0.0,0.00012491422247769266,300.67914861777496,300.58517712444825,1.1738376023973103e-05
139,249,contact,0.0019140085403153246,-8.599145968467541e-05,8.599145968467541e-05,0.00020735411701323345,0.00020735411701323345,0.0,0.00020735411701323345,300.1974593730496,300.2323294012352,-7.230443904650414e-06
139,405,contact,0.002207528040614659,-4.2471959385341224e-05,4.2471959385341224e-05,0.00015360837539618808,0.00015360837539618808,0.0,0.00015360837539618808,300.1974593730496,300.292810251435,-1.4646693521385678e-05
139,469,contact,0.002190672776842767,-5.932722315723322e-05,5.932722315723322e-05,0.00018154770287911968,0.00018154770287911968,0.0,0.00018154770287911968,300.1974593730496,300.1502727866483,8.56661636785714e-06
140,166,contact,0.0019938697067260944,-6.130293273905619e-06,6.130293273905619e-06,5.5363766462848334e-05,5.5363766462848334e-05,0.0,5.5363766462848334e-05,300.8160115501498,300.7683305356611,2.639800550865002e-06
140,232,contact,0.0019002493842914408,-9.975061570855924e-05,9.975061570855924e-05,0.0002233278035854014,0.0002233278035854014,0.0,0.0002233278035854014,300.8160115501498,300.82660104138176,-2.364927817916021e-06
140,255,contact,0.0019500037843576095,-4.9996215642390514e-05,4.9996215642390514e-05,0.00015810789930043108,0.00015810789930043108,0.0,0.00015810789930043108,300.8160115501498,300.92968691981554,-1.7972973900045953e-05
140,393,contact,0.001864268446415377,-0.00013573155358462307,0.00013573155358462307,0.00026051060783068226,0.00026051060783068226,0.0,0.00026051060783068226,300.8160115501498,300.7617208982949,1.4143290714243668e-05
140,497,contact,0.0021685101429552963,-8.1489857044704e-05,8.1489857044704e-05,0.00021277251420851644,0.00021277251420851644,0.0,0.00021277251420851644,300.8160115501498,300.90856658916385,-1.969316835368253e-05
141,216,contact,0.001933000956742268,-6.699904325773213e-05,6.699904325773213e-05,0.0001830287453622137,0.0001830287453622137,0.0,0.0001830287453622137,300.10282935936436,300.15015737527824,-8.662387373199735e-06
141,239,contact,0.0018792415117323054,-0.00012075848826769461,0.00012075848826769461,0.0002457218837097081,0.0002457218837097081,0.0,0.0002457218837097081,300.10282935936436,300.0527282622907,1.2310935948860268e-05
141,257,contact,0.0019298124937931155,-7.018750620688455e-05,7.018750620688455e-05,0.00018733326747655442,0.00018733326747655442,0.0,0.00018733326747655442,300.10282935936436,300.13648024139735,-6.303929684707501e-06
142,153,contact,0.0019384835258521027,-6.151647414789733e-05,6.151647414789733e-05,0.0001753802642088005,0.0001753802642088005,0.0,0.0001753802642088005,300.04190558291856,300.0604825710539,-3.258037087381576e-06
143,219,contact,0.001886569861861469,-0.00011343013813853108,0.00011343013813853108,0.0002381492579649694,0.002381492579649694,0.0,0.002381492579649694,300.0734637353692,300.0412154726175,7.679899844975132e-05
143,239,contact,0.001856654809431834,-0.00014334519056816608,0.00014334519056816608,0.0002677173794957717,0.0004867588718104941,0.0,0.0004867588718104941,300.0734637353692,300.0527282622907,1.0093175482148879e-05
143,257,contact,0.00199590229246048,-4.0977075395202435e-06,4.0977075395202435e-06,4.5264265925342496e-05,8.229866531880454e-05,0.0,8.229866531880454e-05,300.0734637353692,300.13648024139735,-5.186174339169849e-06
143,281,contact,0.0018935954547161559,-0.00010640454528384417,0.00010640454528384417,0.00023065617841697212,0.0004193748698490402,0.0,0.0004193748698490402,300.0734637353692,300.201214534002,-5.3575474549742805e-05
143,420,contact,0.0021279148087822667,-0.00012208519121773356,0.00012208519121773356,0.0002604325368153415,0.00047351370330062087,0.0,0.00047351370330062087,300.0734637353692,300.1483271679523,-3.544886120420686e-05
144,152,contact,0.0019365425998154543,-6.345740018454571e-05,6.345740018454571e-05,0.00017812551780211854,0.0017812551780211857,0.0,0.0017812551780211857,300.5626577098094,300.4920551572883,0.00012576116225973799
144,416,contact,0.002193150140072494,-5.684985992750625e-05,5.684985992750625e-05,0.00017771678456263281,0.0003231214264775142,0.0,0.0003231214264775142,300.5626577098094,300.5593761137203,1.0603540094316437e-06
144,419,contact,0.0021844429800065737,-6.555701999342656e-05,6.555701999342656e-05,0.00019084173197446818,0.00034698496722630577,0.0,0.00034698496722630577,300.5626577098094,300.70634023755656,-4.985567718134103e-05
144,433,contact,0.0021826137179995916,-6.738628200040871e-05,6.738628200040871e-05,0.00019348597709798092,0.001934859770979809,0.0,0.001934859770979809,300.5626577098094,300.6658372583971,-0.00019963795775023265
145,331,contact,0.0019380664778329976,-6.193352216700247e-05,6.193352216700247e-05,0.00017597375112073175,0.00017597375112073175,0.0,0.00017597375112073175,300.8634610986663,300.84170084517086,3.82923343292625e-06
145,473,contact,0.0021932695467041887,-5.673045329581154e-05,5.673045329581154e-05,0.00017753004956252638,0.00017753004956252638,0.0,0.00017753004956252638,300.8634610986663,300.7435571646221,2.1286551353609208e-05
146,154,contact,0.0019199644822759086,-8.003551772409146e-05,8.003551772409146e-05,0.00020004439222843945,0.00020004439222843945,0.0,0.00020004439222843945,300.18706098855824,300.2456877598852,-1.1727956838413845e-05
146,316,contact,0.0019794503302684808,-2.054966973151929e-05,2.054966973151929e-05,0.0001013648601131558,0.0001013648601131558,0.0,0.0001013648601131558,300.18706098855824,300.3040415081971,-1.1857714009155679e-05
146,464,contact,0.0021923240431332225,-5.767595686677774e-05,5.767595686677774e-05,0.00017900334706178253,0.00017900334706178253,0.0,0.00017900334706178253,300.18706098855824,300.1449707331358,7.534296599306641e-06
147,271,contact,0.0019847727494058357,-1.5227250594164379e-05,1.5227250594164379e-05,8.725609031513038e-05,8.725609031513038e-05,0.0,8.725609031513038e-05,300.83319620313944,300.91661994321476,-7.2792293984379235e-06
147,320,contact,0.0018446356682282818,-0.00015536433177171824,0.00015536433177171824,0.0002787152056954538,0.0002787152056954538,0.0,0.0002787152056954538,300.83319620313944,300.87347244161333,-1.1225600090890377e-05
147,353,contact,0.0019472159391862528,-5.2784060813747214e-05,5.2784060813747214e-05,0.00016245624151405697,0.00016245624151405697,0.0,0.00016245624151405697,300.83319620313944,300.92938279918496,-1.5626112877587176e-05
147,379,contact,0.0018761207678187994,-0.00012387923218120061,0.00012387923218120061,0.0002488767086141255,0.0002488767086141255,0.0,0.0002488767086141255,300.83319620313944,300.9184447604259,-2.1216380351564536e-05
147,419,contact,0.0021220643419792907,-0.00012793565802070956,0.00012793565802070956,0.0002665996353468265,0.0002665996353468265,0.0,0.0002665996353468265,300.83319620313944,300.70634023755656,3.3819754165964504e-05
148,192,contact,0.001986571302445497,-1.34286975545031e-05,1.34286975545031e-05,8.1941129948589e-05,8.1941129948589e-05,0.0,8.1941129948589e-05,300.8026206448755,300.93323713922877,-1.0702863137229798e-05
148,363,contact,0.001953225722260487,-4.6774277739513107e-05,4.6774277739513107e-05,0.00015292854171068446,0.00015292854171068446,0.0,0.00015292854171068446,300.8026206448755,300.7600960767513,6.503220190107357e-06
149,190,contact,0.001969903177950631,-3.009682204936897e-05,3.009682204936897e-05,0.00012267196511299753,0.00012267196511299753,0.0,0.00012267196511299753,300.7002738689069,300.70515601305243,-5.989022162983355e-07
149,252,contact,0.0018203293237763327,-0.00017967067622366739,0.00017967067622366739,0.0002997254378791258,0.0002997254378791258,0.0,0.0002997254378791258,300.7002738689069,300.60972485837124,2.7139841832320306e-05
149,359,contact,0.0019828577867562766,-1.71422132437234e-05,1.71422132437234e-05,9.25802712345438e-05,9.25802712345438e-05,0.0,9.25802712345438e-05,300.7002738689069,300.76247830990735,-5.7589040198158125e-06
149,421,contact,0.002234055854088372,-1.5944145911628207e-05,1.5944145911628207e-05,9.411619860466873e-05,9.411619860466873e-05,0.0,9.411619860466873e-05,300.7002738689069,300.5779106697442,1.1516359154298523e-05
149,466,contact,0.0020701353377255314,-0.00017986466227446884,0.00017986466227446884,0.0003161088615883853,0.0003161088615883853,0.0,0.0003161088615883853,300.7002738689069,300.8024487797535,-3.2298394750613384e-05
150,286,contact,0.0019309983389169444,-6.900166108305566e-05,6.900166108305566e-05,0.00018574399193924907,0.00018574399193924907,0.0,0.00018574399193924907,300.79099034122896,300.6857863632006,1.954100684688126e-05
150,294,contact,0.0018768152575117777,-0.0001231847424882223,0.0001231847424882223,0.0002481781038772582,0.0002481781038772582,0.0,0.0002481781038772582,300.79099034122896,300.77554967958923,3.832034128358401e-06
150,444,contact,0.002062357820578185,-0.0001876421794218151,0.0001876421794218151,0.000322870957557879,0.000322870957557879,0.0,0.000322870957557879,300.79099034122896,300.8097677418383,-6.062677315184779e-06
150,449,contact,0.002157261449152605,-9.273855084739524e-05,9.273855084739524e-05,0.00022698329704505087,0.00022698329704505087,0.0,0.00022698329704505087,300.79099034122896,300.8020646727956,-2.5136882915675817e-06
150,481,contact,0.00221752231903086,-3.247768096914039e-05,3.247768096914039e-05,0.00013432481562975206,0.00013432481562975206,0.0,0.00013432481562975206,300.79099034122896,300.80655802129183,-2.0911257542283247e-06
151,167,contact,0.0019575860049050207,-4.241399509497933e-05,4.241399509497933e-05,0.00014562622547978666,0.00014562622547978666,0.0,0.00014562622547978666,300.4312138045703,300.4449637047852,-2.0023460690222736e-06
151,214,contact,0.0019597772466277896,-4.022275337221045e-05,4.022275337221045e-05,0.00014181458559014734,0.00014181458559014734,0.0,0.00014181458559014734,300.4312138045703,300.3867332839817,6.307986594105298e-06
151,334,contact,0.0018855539672202439,-0.00011444603277975616,0.00011444603277975616,0.00023921332820283674,0.00043493332400515775,0.0,0.00043493332400515775,300.4312138045703,300.44390653609923,-5.520491914588494e-06
152,225,contact,0.0018868116785996428,-0.00011318832140035724,0.00011318832140035724,0.00023789527254693108,0.0023789527254693106,0.0,0.0023789527254693106,300.4920551572883,300.4172610442576,0.0001779316590434227
152,226,contact,0.0019901209096034843,-9.879090396515758e-06,9.879090396515758e-06,7.028189808377317e-05,0.00012778526924322396,0.0,0.00012778526924322396,300.4920551572883,300.5054879696341,-1.716515542301453e-06
152,416,contact,0.0021360598521577056,-0.0001139401478422947,0.0001139401478422947,0.0002515950757360091,0.0004574455922472893,0.0,0.0004574455922472893,300.4920551572883,300.5593761137203,-3.079567478569623e-05
153,198,contact,0.0019504700338379977,-4.952996616200238e-05,4.952996616200238e-05,0.00015736893937814156,0.00015736893937814156,0.0,0.00015736893937814156,300.0604825710539,300.0487654524937,1.8439105203909217e-06
153,205,contact,0.0019705297711275532,-2.9470228872446793e-05,2.9470228872446793e-05,0.00012138827964932774,0.00022070596299877772,0.0,0.00022070596299877772,300.0604825710539,300.0944402940188,-7.4946719482107205e-06
153,254,contact,0.001904452141063146,-9.554785893685401e-05,9.554785893685401e-05,0.00021857248104101992,0.00021857248104101992,0.0,0.00021857248104101992,300.0604825710539,300.0487576128033,2.5627532149414163e-06
153,336,contact,0.0019408123306492047,-5.918766935079532e-05,5.918766935079532e-05,0.00017202858679707178,0.00017202858679707178,0.0,0.00017202858679707178,300.0604825710539,300.04023745551757,3.4827386152601087e-06
153,423,contact,0.002141100403997907,-0.00010889959600209314,0.00010889959600209314,0.000245967021278704,0.000245967021278704,0.0,0.000245967021278704,300.0604825710539,300.16103175162635,-2.4731782437418392e-05
154,220,contact,0.0018738428240358954,-0.00012615717596410462,0.00012615717596410462,0.0002511545101766089,0.0002511545101766089,0.0,0.0002511545101766089,300.2456877598852,300.2826539660881,-9.284229411981702e-06
154,263,contact,0.0019470471138626814,-5.295288613731868e-05,5.295288613731868e-05,0.0001627158353346697,0.0001627158353346697,0.0,0.0001627158353346697,300.2456877598852,300.2693695341596,-3.853399683265074e-06
154,316,contact,0.0018176429986113893,-0.00018235700138861076,0.00018235700138861076,0.0003019577796552117,0.0003019577796552117,0.0,0.0003019577796552117,300.2456877598852,300.3040415081971,-1.762036827482088e-05
155,164,contact,0.0019634669542928406,-3.653304570715946e-05,3.653304570715946e-05,0.00013515370085047517,0.00013515370085047517,0.0,0.00013515370085047517,300.35516298587464,300.3572281676344,-2.7911695775867587e-07
155,324,contact,0.001954403976689569,-4.559602331043102e-05,4.559602331043102e-05,0.00015099010449435259,0.00015099010449435259,0.0,0.00015099010449435259,300.35516298587464,300.4033493577326,-7.275665322040169e-06
155,431,contact,0.002049197965644121,-0.00020080203435587918,0.00020080203435587918,0.0003340010265751682,0.0003340010265751682,0.0,0.0003340010265751682,300.35516298587464,300.51973983819204,-5.4968837624519976e-05
155,434,contact,0.0021539261062766294,-9.607389372337082e-05,9.607389372337082e-05,0.00023102897091462939,0.00023102897091462939,0.0,0.00023102897091462939,300.35516298587464,300.2490678071933,2.451105994975776e-05
155,443,contact,0.002113527272215809,-0.00013647272778419131,0.00013647272778419131,0.00027535101616360253,0.00027535101616360253,0.0,0.00027535101616360253,300.35516298587464,300.24919967167415,2.9177106241169144e-05
156,307,contact,0.0018752241395630562,-0.00012477586043694385,0.00012477586043694385,0.00024977575986967173,0.00024977575986967173,0.0,0.00024977575986967173,300.2995600566269,300.25308014827954,1.1609554426132251e-05
156,367,contact,0.0019269413230817377,-7.30586769182623e-05,7.30586769182623e-05,0.00019112649857916394,0.00019112649857916394,0.0,0.00019112649857916394,300.2995600566269,300.2725431676602,5.1636433907018075e-06
156,454,contact,0.002218397971735459,-3.160202826454125e-05,3.160202826454125e-05,0.00013250163157180208,0.0002409120574032765,0.0,0.0002409120574032765,300.2995600566269,300.30219045523165,-6.336947396646694e-07
156,496,contact,0.002167142091501154,-8.285790849884645e-05,8.285790849884645e-05,0.00021455109272210202,0.00021455109272210202,0.0,0.00021455109272210202,300.2995600566269,300.38074828226587,-1.741902252701221e-05
157,306,contact,0.0019744647356942087,-2.553526430579137e-05,2.553526430579137e-05,0.00011299394741708816,0.00011299394741708816,0.0,0.00011299394741708816,300.69158109371773,300.647744942592,4.953219755268407e-06
157,355,contact,0.001997611167995414,-2.3888320045861895e-06,2.3888320045861895e-06,3.456032410572989e-05,3.456032410572989e-05,0.0,3.456032410572989e-05,300.69158109371773,300.6180153456656,2.54245609576266e-06
157,444,contact,0.0021973668536910264,-5.26331463089739e-05,5.26331463089739e-05,0.00017099893812044223,0.00017099893812044223,0.0,0.00017099893812044223,300.69158109371773,300.8097677418383,-2.0209791328631866e-05
157,484,contact,0.0021946101602106916,-5.538983978930871e-05,5.538983978930871e-05,0.00017541987691331508,0.00017541987691331508,0.0,0.00017541987691331508,300.69158109371773,300.7192760897216,-4.858252790109254e-06
158,161,contact,0.001964865192067893,-3.51348079321071e-05,3.51348079321071e-05,0.000132542083754759,0.00024098560682683453,0.0,0.00024098560682683453,300.51959276393524,300.4374781328089,1.9788444211340442e-05
158,352,contact,0.0019721512804042195,-2.7848719595780554e-05,2.7848719595780554e-05,0.00011800152455748306,0.00011800152455748306,0.0,0.00011800152455748306,300.51959276393524,300.4197459052653,1.1782081545327828e-05
158,373,contact,0.0019085137246035186,-9.148627539648144e-05,9.148627539648144e-05,0.00021387645428667625,0.00021387645428667625,0.0,0.00021387645428667625,300.51959276393524,300.5460874493799,-5.66658938034786e-06
158,383,contact,0.0019454505717699424,-5.4549428230057624e-05,5.4549428230057624e-05,0.0001651505801231979,0.0001651505801231979,0.0,0.0001651505801231979,300.51959276393524,300.67248663926546,-2.5250512208069955e-05
158,412,contact,0.002150685231501812,-9.931476849818835e-05,9.931476849818835e-05,0.0002348933191640035,0.0002348933191640035,0.0,0.0002348933191640035,300.51959276393524,300.5928661225273,-1.7211422405986872e-05
158,460,contact,0.002111489947833047,-0.00013851005216695316,0.00013851005216695316,0.00027739868237185384,0.00027739868237185384,0.0,0.00027739868237185384,300.51959276393524,300.4599025083934,1.655799823774909e-05
159,262,contact,0.001998659814175489,-1.3401858245110088e-06,1.3401858245110088e-06,2.5886152905665694e-05,2.5886152905665694e-05,0.0,2.5886152905665694e-05,300.77352488364784,300.874409278627,-2.611508874226505e-06
159,299,contact,0.001889518855290945,-0.00011048114470905502,0.00011048114470905502,0.00023503313033384785,0.00023503313033384785,0.0,0.00023503313033384785,300.77352488364784,300.82082652139235,-1.111745198901001e-05
159,327,contact,0.001916730727697556,-8.326927230244401e-05,8.326927230244401e-05,0.00020404567172871372,0.00020404567172871372,0.0,0.00020404567172871372,300.77352488364784,300.7171420488317,1.1504673404027109e-05
159,383,contact,0.001915545371741426,-8.445462825857394e-05,8.445462825857394e-05,0.00020549285663810061,0.00020549285663810061,0.0,0.00020549285663810061,300.77352488364784,300.67248663926546,2.07626374678338e-05
159,409,contact,0.002148861698039221,-0.00010113830196077948,0.00010113830196077948,0.00023703996611070964,0.00043098175656492663,0.0,0.00043098175656492663,300.77352488364784,300.79728151166813,-1.0238673274245907e-05
160,272,contact,0.0019597125986848167,-4.0287401315183304e-05,4.0287401315183304e-05,0.00014192850544408496,0.00014192850544408496,0.0,0.00014192850544408496,300.31501012434705,300.34244726774614,-3.894112756286984e-06
160,281,contact,0.0019559581649155992,-4.404183508440081e-05,4.404183508440081e-05,0.00014839446600935092,0.00014839446600935092,0.0,0.00014839446600935092,300.31501012434705,300.201214534002,1.6886635863470276e-05
160,293,contact,0.001995754956426264,-4.245043573736142e-06,4.245043573736142e-06,4.607083444944395e-05,4.607083444944395e-05,0.0,4.607083444944395e-05,300.31501012434705,300.31068141355985,1.9942731805689403e-07
160,341,contact,0.0019031716618581722,-9.682833814182788e-05,9.682833814182788e-05,0.00022003220007742945,0.00022003220007742945,0.0,0.00022003220007742945,300.31501012434705,300.4212770093233,-2.3382136496702603e-05
160,436,contact,0.002182809574585012,-6.719042541498835e-05,6.719042541498835e-05,0.00019320459135185677,0.00019320459135185677,0.0,0.00019320459135185677,300.31501012434705,300.3901001521542,-1.4507738137082683e-05
160,471,contact,0.002127579648168313,-0.0001224203518316873,0.0001224203518316873,0.00026078977467140004,0.00026078977467140004,0.0,0.00026078977467140004,300.31501012434705,300.27290246325583,1.098124744791955e-05
161,269,contact,0.0018962590588840966,-0.00010374094111590348,0.00010374094111590348,0.00022775089584445489,0.0022775089584445487,0.0,0.0022775089584445487,300.4374781328089,300.3941420381415,9.869834382896248e-05
161,278,contact,0.001939047198419884,-6.095280158011605e-05,6.095280158011605e-05,0.0001745749145497658,0.00031740893554502874,0.0,0.00031740893554502874,300.4374781328089,300.37601614436926,1.9508584327108936e-05
161,352,contact,0.001851556819598038,-0.0001484431804019621,0.0001484431804019621,0.0002724363966157625,0.00049533890293775,0.0,0.00049533890293775,300.4374781328089,300.4197459052653,8.783462138091377e-06
161,373,contact,0.001964692999834834,-3.5307000165166105e-05,3.5307000165166105e-05,0.0001328664746374459,0.00024157540843171982,0.0,0.00024157540843171982,300.4374781328089,300.5460874493799,-2.6237340010130578e-05
161,445,contact,0.00213503517519033,-0.00011496482480967017,0.00011496482480967017,0.00025272385545587785,0.000459497919010687,0.0,0.000459497919010687,300.4374781328089,300.39046490038464,2.1602482464914466e-05
161,459,contact,0.0021503191168986985,-9.968088310130171e-05,9.968088310130171e-05,0.00023532587700805888,0.0023532587700805887,0.0,0.0023532587700805887,300.4374781328089,300.4810632624349,-0.00010256708853740627
162,237,contact,0.0019288541687748195,-7.114583122518059e-05,7.114583122518059e-05,0.00018860783550157798,0.00018860783550157798,0.0,0.00018860783550157798,300.46982772711425,300.4565218715274,2.509588621732387e-06
162,288,contact,0.0019238216321946276,-7.617836780537241e-05,7.617836780537241e-05,0.00019516450472021344,0.00019516450472021344,0.0,0.00019516450472021344,300.46982772711425,300.58934861526643,-2.3326234939940383e-05
162,290,contact,0.0019465653988499836,-5.3434601150016475e-05,5.3434601150016475e-05,0.00016345427671066986,0.00016345427671066986,0.0,0.00016345427671066986,300.46982772711425,300.3924441872018,1.2648670545697874e-05
162,494,contact,0.0021570386549155766,-9.296134508442362e-05,9.296134508442362e-05,0.00022725578477470862,0.00022725578477470862,0.0,0.00022725578477470862,300.46982772711425,300.48656231255484,-3.8030313471802466e-06
163,184,contact,0.0018833224648347438,-0.00011667753516525622,0.00011667753516525622,0.00024153419547266617,0.0004391530826775748,0.0,0.0004391530826775748,300.3761327499061,300.4111230115557,-1.5366081267102848e-05
163,228,contact,0.001958943174163048,-4.105682583695203e-05,4.105682583695203e-05,0.00014327739849144392,0.0002605043608935344,0.0,0.0002605043608935344,300.3761327499061,300.39993966532813,-6.201805286861935e-06
163,269,contact,0.0019109317346519734,-8.906826534802663e-05,8.906826534802663e-05,0.00021103111778601115,0.0021103111778601113,0.0,0.0021103111778601113,300.3761327499061,300.3941420381415,-3.800520226850891e-05
163,325,contact,0.0019499681001749743,-5.0031899825025766e-05,5.0031899825025766e-05,0.0001581643130181802,0.0015816431301818022,0.0,0.0015816431301818022,300.3761327499061,300.51142400490124,-0.00021398248403673505
163,337,contact,0.00195758786607396,-4.241213392603988e-05,4.241213392603988e-05,0.00014562303033181236,0.0014562303033181236,0.0,0.0014562303033181236,300.3761327499061,300.2902312475471,0.00012509237083569862
163,349,contact,0.0019455308414414812,-5.446915855851888e-05,5.446915855851888e-05,0.00016502902556598774,0.00030005277375634137,0.0,0.00030005277375634137,300.3761327499061,300.35308726816606,6.914860718650537e-06
164,434,contact,0.002161877904808688,-8.812209519131224e-05,8.812209519131224e-05,0.00022126165404499944,0.00022126165404499944,0.0,0.00022126165404499944,300.3572281676344,300.2490678071933,2.3931740253302068e-05
164,442,contact,0.002186731208209966,-6.326879179003415e-05,6.326879179003415e-05,0.00018748154248416347,0.00018748154248416347,0.0,0.00018748154248416347,300.3572281676344,300.4365759868016,-1.4876251530220485e-05
164,450,contact,0.002227072745870687,-2.2927254129313356e-05,2.2927254129313356e-05,0.00011285992825256485,0.00011285992825256485,0.0,0.00011285992825256485,300.3572281676344,300.3699438617684,-1.4350923276434063e-06
165,300,contact,0.0018740653361075756,-0.0001259346638924244,0.0001259346638924244,0.00025093292320102636,0.00025093292320102636,0.0,0.00025093292320102636,300.481512373687,300.46857262322095,3.2470094099367678e-06
165,313,contact,0.0019146350000457009,-8.536499995429915e-05,8.536499995429915e-05,0.00020659743458511186,0.00020659743458511186,0.0,0.00020659743458511186,300.481512373687,300.4596000780703,4.527024060278138e-06
165,318,contact,0.001975886203681781,-2.4113796318218916e-05,2.4113796318218916e-05,0.00010980390775882914,0.00010980390775882914,0.0,0.00010980390775882914,300.481512373687,300.5740186519809,-1.0157550848897157e-05
166,310,contact,0.001877374095219171,-0.00012262590478082894,0.00012262590478082894,0.0002476145237873063,0.0002476145237873063,0.0,0.0002476145237873063,300.7683305356611,300.83333439161555,-1.6095898836498338e-05
166,439,contact,0.002087143028759649,-0.00016285697124035145,0.00016285697124035145,0.0003007924452733622,0.0003007924452733622,0.0,0.0003007924452733622,300.7683305356611,300.62028104193627,4.4532169238978185e-05
166,497,contact,0.0021186781416015037,-0.0001313218583984966,0.0001313218583984966,0.0002701047722628476,0.0002701047722628476,0.0,0.0002701047722628476,300.7683305356611,300.90856658916385,-3.787842729439997e-05
167,240,contact,0.0019945544009126446,-5.445599087355434e-06,5.445599087355434e-06,5.21804517389196e-05,5.21804517389196e-05,0.0,5.21804517389196e-05,300.4449637047852,300.45500490006395,-5.239541056436397e-07
167,390,contact,0.001957019598317809,-4.298040168219117e-05,4.298040168219117e-05,0.00014659536432334955,0.00014659536432334955,0.0,0.00014659536432334955,300.4449637047852,300.3161790070082,1.887923968989285e-05
167,475,contact,0.0022036110639130496,-4.638893608695065e-05,4.638893608695065e-05,0.0001605354514100142,0.0001605354514100142,0.0,0.0001605354514100142,300.4449637047852,300.54429049964097,-1.594547184927865e-05
168,394,contact,0.0018081731540601953,-0.00019182684593980473,0.00019182684593980473,0.00030969892310097295,0.00030969892310097295,0.0,0.00030969892310097295,300.92544254546436,300.8811770862261,1.3708965056659438e-05
168,481,contact,0.002105431310720917,-0.00014456868927908333,0.00014456868927908333,0.0002834006677627624,0.0002834006677627624,0.0,0.0002834006677627624,300.92544254546436,300.80655802129183,3.3691953537152964e-05
169,243,contact,0.0019190398894499301,-8.09601105500699e-05,8.09601105500699e-05,0.00020119655880515192,0.00020119655880515192,0.0,0.00020119655880515192,300.80058490646115,300.9388013529737,-2.7808673408603086e-05
169,246,contact,0.0019666223263758594,-3.337767362414064e-05,3.337767362414064e-05,0.0001291852809420265,0.0001291852809420265,0.0,0.0001291852809420265,300.80058490646115,300.80896558494993,-1.0826603050574542e-06
169,323,contact,0.0019538394759293816,-4.616052407061845e-05,4.616052407061845e-05,0.00015192189452251187,0.00015192189452251187,0.0,0.00015192189452251187,300.80058490646115,300.7494462520587,7.769081260152251e-06
169,408,contact,0.0021247828000292173,-0.00012521719997078294,0.00012521719997078294,0.0002637519878501002,0.0002637519878501002,0.0,0.0002637519878501002,300.80058490646115,300.65921315132465,3.728708144311052e-05
169,429,contact,0.0021391724055110665,-0.00011082759448893375,0.00011082759448893375,0.0002481348138153641,0.0002481348138153641,0.0,0.0002481348138153641,300.80058490646115,300.9148036589186,-2.8341648875244655e-05
169,473,contact,0.0021679331206012793,-8.206687939872094e-05,8.206687939872094e-05,0.00021352449690156675,0.00021352449690156675,0.0,0.00021352449690156675,300.80058490646115,300.7435571646221,1.2176819885621724e-05
170,211,contact,0.001804470683192167,-0.00019552931680783306,0.00019552931680783306,0.00031267340533521,0.00031267340533521,0.0,0.00031267340533521,300.346001717051,300.3009483082866,1.408700274033397e-05
170,231,contact,0.0018571041630452503,-0.00014289583695474973,0.00014289583695474973,0.0002672974344758566,0.0002672974344758566,0.0,0.0002672974344758566,300.346001717051,300.2630985905658,2.215979301953067e-05
170,278,contact,0.0018525210287875277,-0.00014747897121247236,0.00014747897121247236,0.00027155015302193476,0.00027155015302193476,0.0,0.00027155015302193476,300.346001717051,300.37601614436926,-8.150422331132575e-06
170,399,contact,0.0017931643890619735,-0.00020683561093802656,0.00020683561093802656,0.0003215863888117986,0.0003215863888117986,0.0,0.0003215863888117986,300.346001717051,300.368396929739,-7.2019955749958245e-06
170,460,contact,0.0021894271635749837,-6.0572836425016544e-05,6.0572836425016544e-05,0.0001834436583577526,0.0001834436583577526,0.0,0.0001834436583577526,300.346001717051,300.4599025083934,-2.0894377853685508e-05
171,190,contact,0.001892481016047453,-0.00010751898395254707,0.00010751898395254707,0.00023186093240620234,0.00023186093240620234,0.0,0.00023186093240620234,300.5916516702959,300.70515601305243,-2.6317222743681734e-05
171,252,contact,0.0018563968927468066,-0.00014360310725319348,0.00014360310725319348,0.00026795811916528436,0.00026795811916528436,0.0,0.00026795811916528436,300.5916516702959,300.60972485837124,-4.842857483986998e-06
171,398,contact,0.00195579108102067,-4.420891897933014e-05,4.420891897933014e-05,0.0001486756856034808,0.0002703194283699651,0.0,0.0002703194283699651,300.5916516702959,300.6938455223475,-2.7624983669509133e-05
171,457,contact,0.002162260832323427,-8.773916767657345e-05,8.773916767657345e-05,0.00022078039324754543,0.000401418896813719,0.0,0.000401418896813719,300.5916516702959,300.646577708251,-2.2048349562289863e-05
171,459,contact,0.00210173077738325,-0.00014826922261675047,0.00014826922261675047,0.00028700486118294087,0.0005218270203326198,0.0,0.0005218270203326198,300.5916516702959,300.4810632624349,5.770801935744985e-05
171,463,contact,0.0020876178642893436,-0.00016238213571065667,0.00016238213571065667,0.00030035362094876013,0.00030035362094876013,0.0,0.00030035362094876013,300.5916516702959,300.5486499952607,1.2915708803688365e-05
172,206,contact,0.0019817856669175913,-1.821433308240878e-05,1.821433308240878e-05,9.543147563149377e-05,0.00017351177387544322,0.0,0.00017351177387544322,300.1264456304769,300.1725267025961,-7.995608565483463e-06
172,219,contact,0.0019409431512025285,-5.9056848797471584e-05,5.9056848797471584e-05,0.00017183836707422413,0.0017183836707422412,0.0,0.0017183836707422412,300.1264456304769,300.0412154726175,0.0001464581115203267
172,257,contact,0.001881722497091694,-0.00011827750290830611,0.00011827750290830611,0.00024318460365358875,0.00044215382482470683,0.0,0.00044215382482470683,300.1264456304769,300.13648024139735,-4.436841599107633e-06
172,297,contact,0.001890796613282349,-0.00010920338671765095,0.00010920338671765095,0.00023367005233624927,0.002336700523362493,0.0,0.002336700523362493,300.1264456304769,300.2119817932025,-0.00019987239620730278
172,490,contact,0.0022343915489457075,-1.560845105429273e-05,1.560845105429273e-05,9.312014656791136e-05,0.0009312014656791135,0.0,0.0009312014656791135,300.1264456304769,300.2038193838146,-7.20505525131831e-05
173,394,contact,0.0018243400055295957,-0.00017565999447040435,0.00017565999447040435,0.0002963612613605263,0.0002963612613605263,0.0,0.0002963612613605263,300.92978863483506,300.8811770862261,1.4406579862439988e-05
173,466,contact,0.0020427297937659706,-0.0002072702062340297,0.0002072702062340297,0.0003393377588398629,0.0003393377588398629,0.0,0.0003393377588398629,300.92978863483506,300.8024487797535,4.3211221034373825e-05
173,482,contact,0.0021926073000083715,-5.739269999162876e-05,5.739269999162876e-05,0.00017856324741861816,0.00017856324741861816,0.0,0.00017856324741861816,300.92978863483506,300.90990343444736,3.5507659567985743e-06
174,181,contact,0.0018620552530201676,-0.00013794474697983246,0.00013794474697983246,0.00026262591930332433,0.00026262591930332433,0.0,0.00026262591930332433,300.06674540482254,300.16937726474305,-2.6953786561433144e-05
174,328,contact,0.0018808561751766134,-0.00011914382482338661,0.00011914382482338661,0.00024407357991329849,0.00024407357991329849,0.0,0.00024407357991329849,300.06674540482254,300.057361645371,2.2903277623890177e-06
174,464,contact,0.0020613366514230518,-0.0001886633485769485,0.0001886633485769485,0.00032374831494795157,0.00032374831494795157,0.0,0.00032374831494795157,300.06674540482254,300.1449707331358,-2.532531822766099e-05
175,211,contact,0.0018607117482565643,-0.00013928825174343577,0.00013928825174343577,0.0002639017352571178,0.0002639017352571178,0.0,0.0002639017352571178,300.3551714086484,300.3009483082866,1.4309570276502481e-05
175,253,contact,0.0018709403920221508,-0.00012905960797784922,0.00012905960797784922,0.00025402717175318984,0.00025402717175318984,0.0,0.00025402717175318984,300.3551714086484,300.4757056313716,-3.061896769784921e-05
175,291,contact,0.0019054747719400536,-9.45252280599464e-05,9.45252280599464e-05,0.00021739966428210785,0.00021739966428210785,0.0,0.00021739966428210785,300.3551714086484,300.3655689671584,-2.260425729432259e-06
175,352,contact,0.001941907244849765,-5.8092755150235134e-05,5.8092755150235134e-05,0.00017042997851058237,0.00017042997851058237,0.0,0.00017042997851058237,300.3551714086484,300.4197459052653,-1.1005430070749782e-05
175,410,contact,0.0021581254276745064,-9.187457232549389e-05,9.187457232549389e-05,0.00022592350269442713,0.00022592350269442713,0.0,0.00022592350269442713,300.3551714086484,300.3422809028728,2.912268216326627e-06
175,415,contact,0.002191188233812878,-5.881176618712219e-05,5.881176618712219e-05,0.000180757305349715,0.000180757305349715,0.0,0.000180757305349715,300.3551714086484,300.2565064134742,1.7834418660031714e-05
176,199,contact,0.0018675724480190857,-0.00013242755198091438,0.00013242755198091438,0.00025732037616647694,0.00025732037616647694,0.0,0.00025732037616647694,300.7607027630494,300.64078209861964,3.0858030481195044e-05
176,305,contact,0.0017732164251720653,-0.00022678357482793475,0.00022678357482793475,0.00033673697066696935,0.00033673697066696935,0.0,0.00033673697066696935,300.7607027630494,300.8407368737888,-2.6950444000411894e-05
176,481,contact,0.0020884706631887364,-0.00016152933681126387,0.00016152933681126387,0.0002995638837555391,0.0002995638837555391,0.0,0.0002995638837555391,300.7607027630494,300.80655802129183,-1.373657924972287e-05
176,484,contact,0.002044737055882737,-0.00020526294411726343,0.00020526294411726343,0.00033769064090382375,0.00033769064090382375,0.0,0.00033769064090382375,300.7607027630494,300.7192760897216,1.3989399866579971e-05
177,260,contact,0.0019508730432552495,-4.912695674475051e-05,4.912695674475051e-05,0.0001567274014726693,0.0001567274014726693,0.0,0.0001567274014726693,300.6053699988885,300.67572010954194,-1.1025790036032244e-05
177,318,contact,0.001892213261685902,-0.00010778673831409813,0.00010778673831409813,0.00023214945435440736,0.00023214945435440736,0.0,0.00023214945435440736,300.6053699988885,300.5740186519809,7.2781980778681424e-06
177,329,contact,0.001923743627420504,-7.625637257949614e-05,7.625637257949614e-05,0.0001952644009791546,0.0001952644009791546,0.0,0.0001952644009791546,300.6053699988885,300.67666089603017,-1.392057432563934e-05
177,485,contact,0.002185656932554291,-6.43430674457093e-05,6.43430674457093e-05,0.00018906651893169665,0.00018906651893169665,0.0,0.00018906651893169665,300.6053699988885,300.6078771170643,-4.7401210604877905e-07
178,276,contact,0.0019453382524640792,-5.466174753592087e-05,5.466174753592087e-05,0.00016532051829086563,0.00016532051829086563,0.0,0.00016532051829086563,300.3005932813892,300.2881732719079,2.0532824046218437e-06
178,410,contact,0.0021736335033590644,-7.636649664093586e-05,7.636649664093586e-05,0.00020597531761642362,0.00020597531761642362,0.0,0.00020597531761642362,300.3005932813892,300.3422809028728,-8.586621075761448e-06
178,467,contact,0.0021668287476402006,-8.317125235979966e-05,8.317125235979966e-05,0.000214956393975615,0.000214956393975615,0.0,0.000214956393975615,300.3005932813892,300.3731706687953,-1.560097348098933e-05
178,487,contact,0.002175164425692918,-7.483557430708245e-05,7.483557430708245e-05,0.0002039002674335918,0.0002039002674335918,0.0,0.0002039002674335918,300.3005932813892,300.2730461544856,5.61686654266802e-06
179,234,contact,0.0018926884174633716,-0.00010731158253662844,0.00010731158253662844,0.0002316371975057422,0.0002316371975057422,0.0,0.0002316371975057422,300.19821574701996,300.1485666271796,1.150058297844617e-05
179,257,contact,0.0018743368365733315,-0.0001256631634266685,0.0001256631634266685,0.00025066228618069825,0.00025066228618069825,0.0,0.00025066228618069825,300.19821574701996,300.13648024139735,1.547476297788413e-05
179,273,contact,0.0019590636442188393,-4.0936355781160706e-05,4.0936355781160706e-05,0.00014306703984699046,0.00014306703984699046,0.0,0.00014306703984699046,300.19821574701996,300.23485347539213,-5.241651344924513e-06
179,471,contact,0.0020975761610964212,-0.00015242383890357904,0.00015242383890357904,0.000290998128004268,0.000290998128004268,0.0,0.000290998128004268,300.19821574701996,300.27290246325583,-2.1733694611425294e-05
180,212,contact,0.0018495996483834003,-0.00015040035161659974,0.00015040035161659974,0.0002742265045693065,0.0002742265045693065,0.0,0.0002742265045693065,300.30470678033726,300.3245001667951,-5.427871181917524e-06
180,389,contact,0.0019528067032863238,-4.719329671367626e-05,4.719329671367626e-05,0.00015361200590070467,0.00015361200590070467,0.0,0.00015361200590070467,300.30470678033726,300.21199165834054,1.4242155867244493e-05
180,461,contact,0.002212376951742175,-3.762304825782534e-05,3.762304825782534e-05,0.0001445741798405567,0.0001445741798405567,0.0,0.0001445741798405567,300.30470678033726,300.3944788840437,-1.29787282659175e-05
180,471,contact,0.0021144642046863793,-0.00013553579531362095,0.00013553579531362095,0.0002744041983336311,0.0002744041983336311,0.0,0.0002744041983336311,300.30470678033726,300.27290246325583,8.727238132276626e-06
181,245,contact,0.0019045407690569398,-9.545923094306024e-05,9.545923094306024e-05,0.0002184710861224664,0.0002184710861224664,0.0,0.0002184710861224664,300.16937726474305,300.1658449658499,7.717051756984045e-07
181,307,contact,0.0019256805190892895,-7.431948091071055e-05,7.431948091071055e-05,0.0001927686189589874,0.0001927686189589874,0.0,0.0001927686189589874,300.16937726474305,300.25308014827954,-1.613528926221395e-05
181,328,contact,0.0019981131449444993,-1.8868550555007843e-06,1.8868550555007843e-06,3.071526538629273e-05,3.071526538629273e-05,0.0,3.071526538629273e-05,300.16937726474305,300.057361645371,3.44058947642318e-06
181,427,contact,0.002243320239132167,-6.679760867833468e-06,6.679760867833468e-06,6.091779920439906e-05,6.091779920439906e-05,0.0,6.091779920439906e-05,300.16937726474305,300.18984068651275,-1.2465866184018077e-06
181,490,contact,0.0021627869200177815,-8.721307998221881e-05,8.721307998221881e-05,0.00022011749385551497,0.00040021362519184535,0.0,0.00040021362519184535,300.16937726474305,300.2038193838146,-1.37842053329225e-05
182,333,contact,0.0017399674487081646,-0.0002600325512918354,0.0002600325512918354,0.00036057769709997,0.00036057769709997,0.0,0.00036057769709997,300.9376421067137,300.8288598814643,3.9224444265838604e-05
182,351,contact,0.0018867234318923048,-0.00011327656810769526,0.00011327656810769526,0.00023798799140680948,0.00023798799140680948,0.0,0.00023798799140680948,300.9376421067137,300.88235960601247,1.3156571301836727e-05
183,204,contact,0.0018547713115626956,-0.0001452286884373044,0.0001452286884373044,0.0002694704885857674,0.0002694704885857674,0.0,0.0002694704885857674,300.84364817087203,300.692908996611,4.0619758937139735e-05
183,409,contact,0.0021986421725998565,-5.1357827400143764e-05,5.1357827400143764e-05,0.0001689145533499503,0.0003071173697271824,0.0,0.0003071173697271824,300.84364817087203,300.79728151166813,1.4240006417737683e-05
183,448,contact,0.00216082636971044,-8.917363028956024e-05,8.917363028956024e-05,0.0002225778643900205,0.0002225778643900205,0.0,0.0002225778643900205,300.84364817087203,300.9109038471774,-1.496962480015462e-05
183,486,contact,0.0021664300081595156,-8.356999184048466e-05,8.356999184048466e-05,0.00021547104966726668,0.00039176554484957575,0.0,0.00039176554484957575,300.84364817087203,300.94546963291504,-3.989014055465856e-05
184,209,contact,0.0019447119232894104,-5.528807671058961e-05,5.528807671058961e-05,0.0001662649643048553,0.0001662649643048553,0.0,0.0001662649643048553,300.4111230115557,300.36875200715536,7.044813534178196e-06
184,313,contact,0.0019330310083089716,-6.696899169102849e-05,6.696899169102849e-05,0.00018298769315315782,0.00018298769315315782,0.0,0.00018298769315315782,300.4111230115557,300.4596000780703,-8.870706572345376e-06
184,325,contact,0.001988697911531395,-1.1302088468605198e-05,1.1302088468605198e-05,7.517342771420363e-05,0.00013667895948037023,0.0,0.00013667895948037023,300.4111230115557,300.51142400490124,-1.3709035405320057e-05
184,342,contact,0.0019270231078178583,-7.297689218214174e-05,7.297689218214174e-05,0.0001910194913904622,0.0001910194913904622,0.0,0.0001910194913904622,300.4111230115557,300.36839341002,8.162186752657862e-06
184,349,contact,0.0019654111609693045,-3.458883903069551e-05,3.458883903069551e-05,0.00013150824884906558,0.00013150824884906558,0.0,0.00013150824884906558,300.4111230115557,300.35308726816606,7.632178983821307e-06
184,480,contact,0.0021538155558413078,-9.618444415869249e-05,9.618444415869249e-05,0.0002311618530605444,0.0002311618530605444,0.0,0.0002311618530605444,300.4111230115557,300.4787185873528,-1.5625518559952035e-05
186,203,contact,0.0019507688215931681,-4.92311784068319e-05,4.92311784068319e-05,0.00015689356010816999,0.0002852610183784909,0.0,0.0002852610183784909,300.9264042605322,300.9380728994845,-3.3286078306243328e-06
186,366,contact,0.0019317462923026405,-6.825370769735959e-05,6.825370769735959e-05,0.0001847345496886811,0.001847345496886811,0.0,0.001847345496886811,300.9264042605322,300.81905531376503,0.00019831059340585626
186,409,contact,0.0022220680369027857,-2.793196309721453e-05,2.793196309721453e-05,0.00012457029050391707,0.0012457029050391708,0.0,0.0012457029050391708,300.9264042605322,300.79728151166813,0.0001608485833666065
186,486,contact,0.0021762836088444447,-7.371639115555557e-05,7.371639115555557e-05,0.00020236983629477818,0.0020236983629477816,0.0,0.0020236983629477816,300.9264042605322,300.94546963291504,-3.858256288014407e-05
187,356,contact,0.001876504826052947,-0.0001234951739470531,0.0001234951739470531,0.0002484906174758447,0.0002484906174758447,0.0,0.0002484906174758447,300.4163693863132,300.41334841050855,7.506841430759052e-07
187,399,contact,0.0018561230629998654,-0.00014387693700013463,0.00014387693700013463,0.00026821347561236986,0.00026821347561236986,0.0,0.00026821347561236986,300.4163693863132,300.368396929739,1.2866859311429757e-05
187,405,contact,0.002239544733623333,-1.0455266376667178e-05,1.0455266376667178e-05,7.621339331358141e-05,7.621339331358141e-05,0.0,7.621339331358141e-05,300.4163693863132,300.292810251435,9.416860943956446e-06
187,465,contact,0.002132565799899266,-0.00011743420010073419,0.00011743420010073419,0.00025542361339192125,0.00025542361339192125,0.0,0.00025542361339192125,300.4163693863132,300.52180937392757,-2.693186263246303e-05
188,215,contact,0.0019183985665937628,-8.160143340623727e-05,8.160143340623727e-05,0.00020199187286403043,0.00020199187286403043,0.0,0.00020199187286403043,300.39011437343515,300.4829186231209,-1.8745704203764038e-05
188,220,contact,0.0018902434456335875,-0.0001097565543664125,0.0001097565543664125,0.000234261130329396,0.000234261130329396,0.0,0.000234261130329396,300.39011437343515,300.2826539660881,2.517379649077684e-05
188,418,contact,0.002234112422126787,-1.5887577873213276e-05,1.5887577873213276e-05,9.394909340587142e-05,9.394909340587142e-05,0.0,9.394909340587142e-05,300.39011437343515,300.4229528832859,-3.0851482292789075e-06
188,442,contact,0.0021879760332830433,-6.202396671695695e-05,6.202396671695695e-05,0.00018562801320705423,0.00018562801320705423,0.0,0.00018562801320705423,300.39011437343515,300.4365759868016,-8.62457697960512e-06
189,309,contact,0.001925041451475786,-7.495854852421408e-05,7.495854852421408e-05,0.00019359564628913285,0.00035199208416205973,0.0,0.00035199208416205973,300.54063011011516,300.552338224822,-4.1211636972672266e-06
189,334,contact,0.0018628692233487567,-0.00013713077665124338,0.00013713077665124338,0.00026184993474435254,0.002618499347443525,0.0,0.002618499347443525,300.54063011011516,300.44390653609923,0.00025327061544310603
189,433,contact,0.002093771228047611,-0.00015622877195238917,0.00015622877195238917,0.0002946078108193531,0.0029460781081935314,0.0,0.0029460781081935314,300.54063011011516,300.6658372583971,-0.00036887003854282007
189,439,contact,0.0022083012165463297,-4.16987834536706e-05,4.16987834536706e-05,0.00015220378052990265,0.00027673414641800483,0.0,0.00027673414641800483,300.54063011011516,300.62028104193627,-2.2042132628912606e-05
190,218,contact,0.0019356623075125993,-6.433769248740079e-05,6.433769248740079e-05,0.0001793567568944655,0.0001793567568944655,0.0,0.0001793567568944655,300.70515601305243,300.80789800084614,-1.8427469727569932e-05
190,221,contact,0.0019319618144831435,-6.803818551685652e-05,6.803818551685652e-05,0.00018444265438999802,0.00018444265438999802,0.0,0.00018444265438999802,300.70515601305243,300.6409453046891,1.184319349079002e-05
190,453,contact,0.0021513479623017752,-9.865203769822504e-05,9.865203769822504e-05,0.0002341082818059306,0.0002341082818059306,0.0,0.0002341082818059306,300.70515601305243,300.792004067151,-2.0331848723210736e-05
191,397,contact,0.0019126111379740652,-8.738886202593488e-05,8.738886202593488e-05,0.0002090321291403966,0.0002090321291403966,0.0,0.0002090321291403966,300.24520495164,300.335719804426,-1.8920512396684312e-05
191,415,contact,0.002122557904981629,-0.0001274420950183714,0.0001274420950183714,0.0002660848810043427,0.0002660848810043427,0.0,0.0002660848810043427,300.24520495164,300.2565064134742,-3.007148127326514e-06
191,417,contact,0.0021444225930444868,-0.00010557740695551349,0.00010557740695551349,0.00024218611639663672,0.00024218611639663672,0.0,0.00024218611639663672,300.24520495164,300.2105310517318,8.397537159099357e-06
191,458,contact,0.002146355686794524,-0.00010364431320547627,0.00010364431320547627,0.000239958692284823,0.000239958692284823,0.0,0.000239958692284823,300.24520495164,300.184573100773,1.4549139644859875e-05
191,478,contact,0.0021622848933477764,-8.771510665222387e-05,8.771510665222387e-05,0.0002207501184751461,0.0002207501184751461,0.0,0.0002207501184751461,300.24520495164,300.2545502787053,-2.0629820568580576e-06
192,223,contact,0.0018413337000048058,-0.00015866629999519428,0.00015866629999519428,0.00028166141020309675,0.00028166141020309675,0.0,0.00028166141020309675,300.93323713922877,300.87492630351665,1.6423912216796948e-05
192,351,contact,0.0019639756045702512,-3.602439542974879e-05,3.602439542974879e-05,0.00013420952915078123,0.00013420952915078123,0.0,0.00013420952915078123,300.93323713922877,300.88235960601247,6.828249777312059e-06
193,282,contact,0.0018249212012723453,-0.00017507879872765472,0.00017507879872765472,0.00029587057873980537,0.00029587057873980537,0.0,0.00029587057873980537,300.5289169541452,300.60779477168904,-2.3337625526433196e-05
193,350,contact,0.0018665505290058853,-0.0001334494709941147,0.0001334494709941147,0.0002583113150774804,0.0002583113150774804,0.0,0.0002583113150774804,300.5289169541452,300.46019549450796,1.7751530612937235e-05
193,416,contact,0.002150103865101637,-9.989613489836324e-05,9.989613489836324e-05,0.00023557982239850872,0.00023557982239850872,0.0,0.00023557982239850872,300.5289169541452,300.5593761137203,-7.175563403113722e-06
193,431,contact,0.002223080423019067,-2.6919576980933332e-05,2.6919576980933332e-05,0.00012229194799725354,0.00012229194799725354,0.0,0.00012229194799725354,300.5289169541452,300.51973983819204,1.1222873869074353e-06
193,442,contact,0.002149174050154152,-0.00010082594984584838,0.00010082594984584838,0.00023667364995078535,0.00023667364995078535,0.0,0.00023667364995078535,300.5289169541452,300.4365759868016,2.1854673781196714e-05
193,463,contact,0.002090802000411565,-0.00015919799958843527,0.00015919799958843527,0.00029739423851965637,0.00029739423851965637,0.0,0.00029739423851965637,300.5289169541452,300.5486499952607,-5.868492736221426e-06
193,500,contact,0.002108410845392733,-0.00014158915460726722,0.00014158915460726722,0.0002804650449672504,0.0002804650449672504,0.0,0.0002804650449672504,300.5289169541452,300.544415534783,-4.346810115516129e-06
194,221,contact,0.0019382552041264105,-6.174479587358955e-05,6.174479587358955e-05,0.00017570542944597578,0.00017570542944597578,0.0,0.00017570542944597578,300.70631513783667,300.6409453046891,1.1485834606000741e-05
194,241,contact,0.0019223323585946313,-7.766764140536872e-05,7.766764140536872e-05,0.00019706298663798934,0.00019706298663798934,0.0,0.00019706298663798934,300.70631513783667,300.69185832990337,2.848901748587845e-06
194,303,contact,0.0018917388678409085,-0.00010826113215909152,0.00010826113215909152,0.0002326597646339946,0.0002326597646339946,0.0,0.0002326597646339946,300.70631513783667,300.7375778885664,-7.2735842265953535e-06
194,333,contact,0.0018357034353348033,-0.00016429656466519674,0.00016429656466519674,0.00028661521650568094,0.00028661521650568094,0.0,0.00028661521650568094,300.70631513783667,300.8288598814643,-3.512318822647401e-05
194,363,contact,0.001959359171387422,-4.0640828612578065e-05,4.0640828612578065e-05,0.00014254969065658835,0.00014254969065658835,0.0,0.00014254969065658835,300.70631513783667,300.7600960767513,-7.666456205505082e-06
194,483,contact,0.0021007605260000488,-0.0001492394739999515,0.0001492394739999515,0.00028794238814190237,0.00028794238814190237,0.0,0.00028794238814190237,300.70631513783667,300.5822330513654,3.572849230416923e-05
195,242,contact,0.0017960122340618947,-0.00020398776593810535,0.00020398776593810535,0.0003193648117264215,0.0003193648117264215,0.0,0.0003193648117264215,300.15468075931074,300.23960414216015,-2.7121540174872863e-05
195,261,contact,0.0019352342106318803,-6.476578936811975e-05,6.476578936811975e-05,0.00017995247896058524,0.00032718632538288224,0.0,0.00032718632538288224,300.15468075931074,300.22442305676896,-2.2818726029114792e-05
195,285,contact,0.0019126908217482514,-8.730917825174869e-05,8.730917825174869e-05,0.00020893680653698702,0.00020893680653698702,0.0,0.00020893680653698702,300.15468075931074,300.0630607357767,1.9142795132050616e-05
195,479,contact,0.0020890551950107483,-0.000160944804989252,0.000160944804989252,0.00029902137139272247,0.00029902137139272247,0.0,0.00029902137139272247,300.15468075931074,300.1382301696983,4.9190778661241945e-06
196,283,contact,0.0018603669309469563,-0.00013963306905304378,0.00013963306905304378,0.00026422818647245394,0.00026422818647245394,0.0,0.00026422818647245394,300.9259092332063,300.9419805114383,-4.246484701536832e-06
196,428,contact,0.002186578497241752,-6.342150275824836e-05,6.342150275824836e-05,0.0001877076668626694,0.0001877076668626694,0.0,0.0001877076668626694,300.9259092332063,300.9051401125678,3.8985231778484235e-06
196,497,contact,0.0021110793185003733,-0.00013892068149962697,0.00013892068149962697,0.0002778095685693379,0.0002778095685693379,0.0,0.0002778095685693379,300.9259092332063,300.90856658916385,4.817952459286793e-06
197,408,contact,0.002129444003349232,-0.00012055599665076848,0.00012055599665076848,0.00025879635564449394,0.00025879635564449394,0.0,0.00025879635564449394,300.5581687975734,300.65921315132465,-2.614991050927988e-05
197,439,contact,0.002169712466918139,-8.028753308186127e-05,8.028753308186127e-05,0.0002111970289693453,0.0002111970289693453,0.0,0.0002111970289693453,300.5581687975734,300.62028104193627,-1.3117921472058056e-05
197,460,contact,0.002091749161013337,-0.0001582508389866631,0.0001582508389866631,0.0002965082338997829,0.0002965082338997829,0.0,0.0002965082338997829,300.5581687975734,300.4599025083934,2.9136763856648107e-05
198,258,contact,0.0018861557573275854,-0.0001138442426724146,0.0001138442426724146,0.00023858357306446584,0.00023858357306446584,0.0,0.00023858357306446584,300.0487654524937,300.0727864411837,-5.731013310210916e-06
198,336,contact,0.0019563904280332184,-4.360957196678167e-05,4.360957196678167e-05,0.00014766443709773465,0.00014766443709773465,0.0,0.00014766443709773465,300.0487654524937,300.04023745551757,1.259281873048935e-06
198,423,contact,0.0021963440119662486,-5.365598803375171e-05,5.365598803375171e-05,0.0001726524898197914,0.0001726524898197914,0.0,0.0001726524898197914,300.0487654524937,300.16103175162635,-1.9383056068109066e-05
199,288,contact,0.001988073597053186,-1.1926402946814147e-05,1.1926402946814147e-05,7.722176813183621e-05,7.722176813183621e-05,0.0,7.722176813183621e-05,300.64078209861964,300.58934861526643,3.971784525714049e-06
199,289,contact,0.0018731905626764192,-0.00012680943732358086,0.00012680943732358086,0.00025180293616594395,0.00025180293616594395,0.0,0.00025180293616594395,300.64078209861964,300.60876849523163,8.061119330352667e-06
199,301,contact,0.001965546200067554,-3.4453799932446065e-05,3.4453799932446065e-05,0.0001312512855793155,0.0001312512855793155,0.0,0.0001312512855793155,300.64078209861964,300.5362087951481,1.372538051791175e-05
199,484,contact,0.0022196529914606015,-3.03470085393988e-05,3.03470085393988e-05,0.00012984394167058736,0.00012984394167058736,0.0,0.00012984394167058736,300.64078209861964,300.7192760897216,-1.0191969202131438e-05
199,485,contact,0.0021817166991614663,-6.828330083853392e-05,6.828330083853392e-05,0.00019476952311005654,0.00019476952311005654,0.0,0.00019476952311005654,300.64078209861964,300.6078771170643,6.408887565483005e-06
200,477,contact,0.0021914678220316176,-5.853217796838268e-05,5.853217796838268e-05,0.00018032713786089296,0.00018032713786089296,0.0,0.00018032713786089296,300.05655823589814,300.1705717020362,-2.0559722026281575e-05
201,261,contact,0.0019737902604886884,-2.620973951131169e-05,2.620973951131169e-05,0.00011447650307227175,0.0011447650307227176,0.0,0.0011447650307227176,300.24605320539814,300.22442305676896,2.4761437760026422e-05
201,401,contact,0.0021138829877975743,-0.00013611701220242597,0.00013611701220242597,0.00027499193139923414,0.0027499193139923417,0.0,0.0027499193139923417,300.24605320539814,300.1510128370026,0.00026135334465981553
201,441,contact,0.0021299768671279033,-0.00012002313287209692,0.00012002313287209692,0.00025822377555576883,0.0025822377555576883,0.0,0.0025822377555576883,300.24605320539814,300.3081061020705,-0.00016023533262907633
201,464,contact,0.002131897980697013,-0.0001181020193029873,0.0001181020193029873,0.00025614884919925767,0.0004657251803622867,0.0,0.0004657251803622867,300.24605320539814,300.1449707331358,4.707665262585459e-05
202,207,contact,0.001997103586710356,-2.896413289643889e-06,2.896413289643889e-06,3.80553103366921e-05,3.80553103366921e-05,0.0,3.80553103366921e-05,300.1384984680794,300.1147475139942,9.038499285043338e-07
203,453,contact,0.0021899650168039214,-6.003498319607885e-05,6.003498319607885e-05,0.0001826274033168791,0.0001826274033168791,0.0,0.0001826274033168791,300.9380728994845,300.792004067151,2.6676171554590097e-05
204,302,contact,0.00198225372455193,-1.7746275448070076e-05,1.7746275448070076e-05,9.419733395396623e-05,9.419733395396623e-05,0.0,9.419733395396623e-05,300.692908996611,300.6660344758633,2.53150820572359e-06
204,327,contact,0.0019326556111228695,-6.734438887713058e-05,6.734438887713058e-05,0.00018349984860638248,0.00018349984860638248,0.0,0.00018349984860638248,300.692908996611,300.7171420488317,-4.446761413773155e-06
204,435,contact,0.0020610840132561314,-0.0001889159867438689,0.0001889159867438689,0.0003239650073214946,0.0003239650073214946,0.0,0.0003239650073214946,300.692908996611,300.5621204211765,4.2370921798208215e-05
204,449,contact,0.0021370851777362553,-0.00011291482226374492,0.00011291482226374492,0.00025046048952517765,0.00025046048952517765,0.0,0.00025046048952517765,300.692908996611,300.8020646727956,-2.7339184091653637e-05
204,468,contact,0.0021381392319491264,-0.00011186076805087385,0.00011186076805087385,0.00024928873047006027,0.00024928873047006027,0.0,0.00024928873047006027,300.692908996611,300.58517712444825,2.685634164260997e-05
205,264,contact,0.0018145332319910814,-0.00018546676800891863,0.00018546676800891863,0.00030452156574610495,0.0030452156574610496,0.0,0.0030452156574610496,300.0944402940188,300.029377104652,0.00019813144298416475
205,336,contact,0.0018899047564626108,-0.0001100952435373892,0.0001100952435373892,0.00023462229597524315,0.0004265859926822603,0.0,0.0004265859926822603,300.0944402940188,300.04023745551757,2.3122171668241674e-05
205,354,contact,0.0018545975752437501,-0.0001454024247562499,0.0001454024247562499,0.00026963162347566904,0.0004902393154103073,0.0,0.0004902393154103073,300.0944402940188,300.16396040697896,-3.408149258483745e-05
205,423,contact,0.002243282372083373,-6.717627916627382e-06,6.717627916627382e-06,6.109022433448279e-05,0.00011107313515360509,0.0,0.00011107313515360509,300.0944402940188,300.16103175162635,-7.396521970919844e-06
205,469,contact,0.0021483276706545486,-0.00010167232934545165,0.00010167232934545165,0.00023766494780286766,0.00043211808691430485,0.0,0.00043211808691430485,300.0944402940188,300.1502727866483,-2.4126229902725186e-05
206,297,contact,0.0018922543803622175,-0.00010774561963778251,0.00010774561963778251,0.00023210516973753786,0.0004220093995227961,0.0,0.0004220093995227961,300.1725267025961,300.2119817932025,-1.6650419094922484e-05
206,407,contact,0.002154971849978556,-9.502815002144409e-05,9.502815002144409e-05,0.0002297681803004499,0.0002297681803004499,0.0,0.0002297681803004499,300.1725267025961,300.08485231945264,2.0144783473835175e-05
206,456,contact,0.0021866225238252714,-6.337747617472887e-05,6.337747617472887e-05,0.00018764250314350553,0.00018764250314350553,0.0,0.00018764250314350553,300.1725267025961,300.23632271957183,-1.1970844315914071e-05
206,477,contact,0.002141097818993799,-0.00010890218100620148,0.00010890218100620148,0.00024596994058240516,0.00024596994058240516,0.0,0.00024596994058240516,300.1725267025961,300.1705717020362,4.808713715474091e-07
207,420,contact,0.0022312380276976285,-1.8761972302371813e-05,1.8761972302371813e-05,0.00010209465189598385,0.00010209465189598385,0.0,0.00010209465189598385,300.1147475139942,300.1483271679523,-3.428303081639785e-06
207,488,contact,0.0022193560737628175,-3.0643926237182775e-05,3.0643926237182775e-05,0.00013047759756027678,0.00013047759756027678,0.0,0.00013047759756027678,300.1147475139942,300.1539669870016,-5.117262615584694e-06
207,493,contact,0.002227495685748095,-2.2504314251905327e-05,2.2504314251905327e-05,0.00011181411720625474,0.00011181411720625474,0.0,0.00011181411720625474,300.1147475139942,300.11855007746414,-4.251802775128277e-07
208,375,contact,0.0018861023153052957,-0.00011389768469470432,0.00011389768469470432,0.00023863956576257878,0.00023863956576257878,0.0,0.00023863956576257878,300.07988279624215,300.04631450203317,8.010723153420547e-06
208,414,contact,0.002087935868291935,-0.00016206413170806542,0.00016206413170806542,0.00030005937533545427,0.00030005937533545427,0.0,0.00030005937533545427,300.07988279624215,300.1645210477219,-2.5396500868501776e-05
208,440,contact,0.002149353831573573,-0.00010064616842642713,0.00010064616842642713,0.00023646255097727785,0.00042993191086777795,0.0,0.00042993191086777795,300.07988279624215,300.0448987597267,1.5040753668944804e-05
209,267,contact,0.0019792469110659246,-2.0753088934075473e-05,2.0753088934075473e-05,0.00010186532514569291,0.00010186532514569291,0.0,0.00010186532514569291,300.36875200715536,300.2668954310632,1.0375653241857821e-05
209,332,contact,0.0018954550536892185,-0.0001045449463107815,0.0001045449463107815,0.00022863174135581165,0.00022863174135581165,0.0,0.00022863174135581165,300.36875200715536,300.29777866258826,1.6226759358223864e-05
209,445,contact,0.0022001833125493034,-4.98166874506969e-05,4.98166874506969e-05,0.00016636086520756434,0.00016636086520756434,0.0,0.00016636086520756434,300.36875200715536,300.39046490038464,-3.6121757037821625e-06
209,462,contact,0.00217549326968759,-7.450673031241016e-05,7.450673031241016e-05,0.00020345178286596306,0.00020345178286596306,0.0,0.00020345178286596306,300.36875200715536,300.35762510568736,2.263787941439178e-06
210,244,contact,0.001888166815035419,-0.00011183318496458096,0.00011183318496458096,0.0002364668951085764,0.0002364668951085764,0.0,0.0002364668951085764,300.2420235283167,300.28995659409236,-1.1334583237010325e-05
210,251,contact,0.0018980641587944289,-0.00010193584120557118,0.00010193584120557118,0.0002257607596611634,0.0002257607596611634,0.0,0.0002257607596611634,300.2420235283167,300.120681324524,2.739430810719171e-05
210,316,contact,0.0019367394213987582,-6.326057860124188e-05,6.326057860124188e-05,0.00017784906325483117,0.00017784906325483117,0.0,0.00017784906325483117,300.2420235283167,300.3040415081971,-1.1029839626687672e-05
211,352,contact,0.001893372210554492,-0.00010662778944550808,0.00010662778944550808,0.00023089801801391463,0.00023089801801391463,0.0,0.00023089801801391463,300.3009483082866,300.4197459052653,-2.743012968719971e-05
211,415,contact,0.002144981198262585,-0.0001050188017374153,0.0001050188017374153,0.00024154456885429757,0.00024154456885429757,0.0,0.00024154456885429757,300.3009483082866,300.2565064134742,1.0734698321527732e-05
211,470,contact,0.0020733843034034956,-0.00017661569659650463,0.00017661569659650463,0.00031324085212900083,0.00031324085212900083,0.0,0.00031324085212900083,300.3009483082866,300.18042496906673,3.775283347866092e-05
212,290,contact,0.0018732778195451952,-0.00012672218045480486,0.00012672218045480486,0.0002517162891578581,0.0002517162891578581,0.0,0.0002517162891578581,300.3245001667951,300.3924441872018,-1.7102616687250846e-05
212,356,contact,0.0019206310491346333,-7.936895086536671e-05,7.936895086536671e-05,0.0001992096268574472,0.0001992096268574472,0.0,0.0001992096268574472,300.3245001667951,300.41334841050855,-1.769942547710013e-05
212,405,contact,0.002077604579365381,-0.00017239542063461925,0.00017239542063461925,0.0003094757400603472,0.0003094757400603472,0.0,0.0003094757400603472,300.3245001667951,300.292810251435,9.807260008504828e-06
213,265,contact,0.0018859069556582055,-0.00011409304434179457,0.00011409304434179457,0.00023884413781982862,0.00023884413781982862,0.0,0.00023884413781982862,300.56929095851996,300.63071355376815,-1.4670426804709962e-05
213,435,contact,0.0021453180313650466,-0.00010468196863495363,0.00010468196863495363,0.00024115689756181742,0.00024115689756181742,0.0,0.00024115689756181742,300.56929095851996,300.5621204211765,1.7292245396057163e-06
213,468,contact,0.002168440180544532,-8.155981945546847e-05,8.155981945546847e-05,0.00021286383161212146,0.00021286383161212146,0.0,0.00021286383161212146,300.56929095851996,300.58517712444825,-3.3815901491224662e-06
213,475,contact,0.002110652238740433,-0.00013934776125956727,0.00013934776125956727,0.00027823627175834175,0.00027823627175834175,0.0,0.00027823627175834175,300.56929095851996,300.54429049964097,6.95603447073848e-06
214,225,contact,0.0019627841858441794,-3.721581415582062e-05,3.721581415582062e-05,0.00013641080264374338,0.0002480196411704425,0.0,0.0002480196411704425,300.3867332839817,300.4172610442576,-7.571484149366499e-06
214,300,contact,0.0019950238252462046,-4.976174753795488e-06,4.976174753795488e-06,4.988073151927249e-05,4.988073151927249e-05,0.0,4.988073151927249e-05,300.3867332839817,300.46857262322095,-4.082206108307803e-06
214,454,contact,0.002158167661837236,-9.183233816276431e-05,9.183233816276431e-05,0.0002258715689191098,0.0004106755798529269,0.0,0.0004106755798529269,300.3867332839817,300.30219045523165,3.471967521933158e-05
214,462,contact,0.002155528277661882,-9.447172233811819e-05,9.447172233811819e-05,0.00022909450056219908,0.00022909450056219908,0.0,0.00022909450056219908,300.3867332839817,300.35762510568736,6.668523568616474e-06
215,228,contact,0.0018963104993963936,-0.00010368950060360644,0.00010368950060360644,0.0002276944230801519,0.0002276944230801519,0.0,0.0002276944230801519,300.4829186231209,300.39993966532813,1.8893845922415063e-05
215,287,contact,0.001987788189425875,-1.2211810574125001e-05,1.2211810574125001e-05,7.814029234052366e-05,7.814029234052366e-05,0.0,7.814029234052366e-05,300.4829186231209,300.49521361239476,-9.607340561837147e-07
215,421,contact,0.002119288937555528,-0.00013071106244447227,0.00013071106244447227,0.000269475893010109,0.000269475893010109,0.0,0.000269475893010109,300.4829186231209,300.5779106697442,-2.5598066592672712e-05
216,234,contact,0.0019224611680083428,-7.753883199165725e-05,7.753883199165725e-05,0.00019689950735293533,0.00019689950735293533,0.0,0.00019689950735293533,300.15015737527824,300.1485666271796,3.132175169439851e-07
216,257,contact,0.0019735048020574856,-2.6495197942514453e-05,2.6495197942514453e-05,0.00011509821445729394,0.00011509821445729394,0.0,0.00011509821445729394,300.15015737527824,300.13648024139735,1.5742136885837832e-06
216,259,contact,0.0019820297222796633,-1.797027772033671e-05,1.797027772033671e-05,9.478997236083759e-05,9.478997236083759e-05,0.0,9.478997236083759e-05,300.15015737527824,300.2313452495376,-7.6957963570782e-06
216,451,contact,0.002172973681593958,-7.702631840604242e-05,7.702631840604242e-05,0.0002068632377066259,0.0002068632377066259,0.0,0.0002068632377066259,300.15015737527824,300.13726816245014,2.666304297110442e-06
217,296,contact,0.0019385257774917504,-6.147422250824962e-05,6.147422250824962e-05,0.00017532002525132379,0.00031876368227513413,0.0,0.00031876368227513413,300.2368999433974,300.2666909916359,-9.49630423534288e-06
217,372,contact,0.0019597973516412353,-4.020264835876471e-05,4.020264835876471e-05,0.00014177913873127582,0.00025778025223868327,0.0,0.00025778025223868327,300.2368999433974,300.3141462008456,-1.9912559729482624e-05
217,399,contact,0.0019005668620966749,-9.943313790332516e-05,9.943313790332516e-05,0.00022297212595224225,0.00040540386536771323,0.0,0.00040540386536771323,300.2368999433974,300.368396929739,-5.33093865470795e-05
217,405,contact,0.0021256098649564087,-0.0001243901350435916,0.0001243901350435916,0.0002628794982112015,0.0004779627240203664,0.0,0.0004779627240203664,300.2368999433974,300.292810251435,-2.6723043130467278e-05
217,443,contact,0.00215297899917765,-9.702100082235009e-05,9.702100082235009e-05,0.00023216493277929964,0.0004221180595987266,0.0,0.0004221180595987266,300.2368999433974,300.24919967167415,-5.191937433764896e-06
218,333,contact,0.001963280163814992,-3.6719836185008115e-05,3.6719836185008115e-05,0.00013549877524355732,0.00013549877524355732,0.0,0.00013549877524355732,300.80789800084614,300.8288598814643,-2.8403091505661273e-06
218,351,contact,0.0019783704160242586,-2.1629583975741468e-05,2.1629583975741468e-05,0.00010399419208720617,0.00010399419208720617,0.0,0.00010399419208720617,300.80789800084614,300.88235960601247,-7.74357447078947e-06
218,362,contact,0.0019653848385764046,-3.4615161423595404e-05,3.4615161423595404e-05,0.00013155827876571547,0.00013155827876571547,0.0,0.00013155827876571547,300.80789800084614,300.9253306893886,-1.5449242375477026e-05
218,363,contact,0.0019614629509440025,-3.853704905599749e-05,3.853704905599749e-05,0.00013881111096738168,0.00013881111096738168,0.0,0.00013881111096738168,300.80789800084614,300.7600960767513,6.635438189979426e-06
218,466,contact,0.0021929386065106787,-5.70613934893216e-05,5.70613934893216e-05,0.00017804711219431284,0.00017804711219431284,0.0,0.00017804711219431284,300.80789800084614,300.8024487797535,9.702180792541176e-07
220,244,contact,0.0018818356956750543,-0.0001181643043249457,0.0001181643043249457,0.00024306820475428878,0.00024306820475428878,0.0,0.00024306820475428878,300.2826539660881,300.28995659409236,-1.7750366789824327e-06
220,402,contact,0.0021416301197919314,-0.00010836988020806885,0.00010836988020806885,0.0002453680684288049,0.0002453680684288049,0.0,0.0002453680684288049,300.2826539660881,300.28213858683694,1.2645761136766537e-07
220,488,contact,0.0021710535414862526,-7.894645851374768e-05,7.894645851374768e-05,0.00020942574726797255,0.00020942574726797255,0.0,0.00020942574726797255,300.2826539660881,300.1539669870016,2.6950366758853232e-05
221,241,contact,0.0019347105502695475,-6.528944973045259e-05,6.528944973045259e-05,0.0001806785124612949,0.0001806785124612949,0.0,0.0001806785124612949,300.6409453046891,300.69185832990337,-9.198889660613768e-06
221,421,contact,0.0022083260506698707,-4.167394933012958e-05,4.167394933012958e-05,0.00015215845054512817,0.00015215845054512817,0.0,0.00015215845054512817,300.6409453046891,300.5779106697442,9.591252383897867e-06
221,483,contact,0.002245819318181459,-4.180681818541192e-06,4.180681818541192e-06,4.819337102030384e-05,4.819337102030384e-05,0.0,4.819337102030384e-05,300.6409453046891,300.5822330513654,2.829541407868752e-06
221,500,contact,0.002171900208568642,-7.809979143135826e-05,7.809979143135826e-05,0.00020829971919669323,0.00020829971919669323,0.0,0.00020829971919669323,300.6409453046891,300.544415534783,2.0107123965564643e-05
222,391,contact,0.0019316587105904603,-6.834128940953971e-05,6.834128940953971e-05,0.0001848530354221154,0.0001848530354221154,0.0,0.0001848530354221154,300.5737053987029,300.6380706243205,-1.189810733104655e-05
222,421,contact,0.0021279866579057734,-0.00012201334209422689,0.00012201334209422689,0.00026035589114200636,0.00026035589114200636,0.0,0.00026035589114200636,300.5737053987029,300.5779106697442,-1.0948670894551142e-06
222,438,contact,0.002134516254634759,-0.00011548374536524131,0.00011548374536524131,0.0002532935773248563,0.0002532935773248563,0.0,0.0002532935773248563,300.5737053987029,300.50403491827376,1.7647085221834305e-05
222,485,contact,0.0021054005166001076,-0.00014459948339989263,0.00014459948339989263,0.00028343084929709694,0.00028343084929709694,0.0,0.00028343084929709694,300.5737053987029,300.6078771170643,-9.685319157110628e-06
223,248,contact,0.0018488895179509784,-0.00015111048204902167,0.00015111048204902167,0.00027487313623653884,0.00027487313623653884,0.0,0.00027487313623653884,300.87492630351665,300.7710925394087,2.8541112387596225e-05
223,292,contact,0.001959583611078895,-4.0416388921105106e-05,4.0416388921105106e-05,0.00014215552912409898,0.00014215552912409898,0.0,0.00014215552912409898,300.87492630351665,300.7769531584904,1.3927424271155908e-05
223,353,contact,0.0018125378482009688,-0.00018746215179903125,0.00018746215179903125,0.00030615531336156105,0.00030615531336156105,0.0,0.00030615531336156105,300.87492630351665,300.92938279918496,-1.6672145495906663e-05
223,413,contact,0.002112051759166902,-0.0001379482408330984,0.0001379482408330984,0.0002768355316319485,0.0002768355316319485,0.0,0.0002768355316319485,300.87492630351665,300.90878206939584,-9.372478945973892e-06
224,357,contact,0.001973349504801418,-2.665049519858225e-05,2.665049519858225e-05,0.00011543503627275007,0.00011543503627275007,0.0,0.00011543503627275007,300.06125973810845,300.08110254448155,-2.2905550734326197e-06
224,420,contact,0.0022251691871855504,-2.4830812814449852e-05,2.4830812814449852e-05,0.00011745167520315619,0.00011745167520315619,0.0,0.00011745167520315619,300.06125973810845,300.1483271679523,-1.0226215490792475e-05
224,493,contact,0.002233558219130866,-1.6441780869134396e-05,1.6441780869134396e-05,9.557365068403877e-05,9.557365068403877e-05,0.0,9.557365068403877e-05,300.06125973810845,300.11855007746414,-5.475446881150612e-06
225,229,contact,0.001908197676237974,-9.180232376202607e-05,9.180232376202607e-05,0.00021424556443719678,0.00038953738988581235,0.0,0.00038953738988581235,300.4172610442576,300.41703684844134,8.733265308867215e-08
225,300,contact,0.0019071244292127344,-9.287557078726562e-05,9.287557078726562e-05,0.00021549428157988974,0.00039180778469070866,0.0,0.00039180778469070866,300.4172610442576,300.46857262322095,-2.0104276082612632e-05
225,403,contact,0.0022347742561610114,-1.5225743838988889e-05,1.5225743838988889e-05,9.19714443575616e-05,0.00016722080792283927,0.0,0.00016722080792283927,300.4172610442576,300.3663839719345,8.507705138615765e-06
225,454,contact,0.0021029133644066274,-0.0001470866355933729,0.0001470866355933729,0.00028585800242755815,0.0028585800242755814,0.0,0.0028585800242755814,300.4172610442576,300.30219045523165,0.00032893848717119805
226,301,contact,0.0019250831405338191,-7.491685946618091e-05,7.491685946618091e-05,0.00019354180358023548,0.00019354180358023548,0.0,0.00019354180358023548,300.5054879696341,300.5362087951481,-5.945763977460648e-06
226,436,contact,0.0021654650022286037,-8.453499777139658e-05,8.453499777139658e-05,0.00021671153095942052,0.00021671153095942052,0.0,0.00021671153095942052,300.5054879696341,300.3901001521542,2.500587058012894e-05
226,485,contact,0.0021617703011821425,-8.822969881785775e-05,8.822969881785775e-05,0.00022139670129262158,0.00022139670129262158,0.0,0.00022139670129262158,300.5054879696341,300.6078771170643,-2.2668619489207454e-05
227,333,contact,0.0019139585092914108,-8.604149070858924e-05,8.604149070858924e-05,0.0002074144289925236,0.0002074144289925236,0.0,0.0002074144289925236,300.87809625718035,300.8288598814643,1.0212334754799764e-05
227,492,contact,0.002167155802098456,-8.284419790154443e-05,8.284419790154443e-05,0.00021453334097465342,0.00021453334097465342,0.0,0.00021453334097465342,300.87809625718035,300.83328188809674,9.614176323178172e-06
228,287,contact,0.0018490657354729176,-0.00015093426452708245,0.00015093426452708245,0.0002747128177998639,0.0002747128177998639,0.0,0.0002747128177998639,300.39993966532813,300.49521361239476,-2.617297446158905e-05
228,316,contact,0.0018226304761250977,-0.00017736952387490236,0.00017736952387490236,0.0002977998689345769,0.0002977998689345769,0.0,0.0002977998689345769,300.39993966532813,300.3040415081971,2.8558458624692958e-05
228,349,contact,0.001980972135745476,-1.902786425452387e-05,1.902786425452387e-05,9.753938756862243e-05,9.753938756862243e-05,0.0,9.753938756862243e-05,300.39993966532813,300.35308726816606,4.569954125310151e-06
228,476,contact,0.002185582550625806,-6.441744937419431e-05,6.441744937419431e-05,0.00018917576978712784,0.00018917576978712784,0.0,0.00018917576978712784,300.39993966532813,300.3696154734213,5.73660234715224e-06
229,376,contact,0.0019500470870981535,-4.995291290184659e-05,4.995291290184659e-05,0.00015803941423241005,0.00015803941423241005,0.0,0.00015803941423241005,300.41703684844134,300.3404677394918,1.2100937126678703e-05
229,496,contact,0.0021945850495881905,-5.541495041180974e-05,5.541495041180974e-05,0.00017545963513616606,0.00017545963513616606,0.0,0.00017545963513616606,300.41703684844134,300.38074828226587,6.367178580762884e-06
230,237,contact,0.001933297497774204,-6.670250222579597e-05,6.670250222579597e-05,0.00018262324910289486,0.00018262324910289486,0.0,0.00018262324910289486,300.40510401645565,300.4565218715274,-9.390095755104282e-06
230,301,contact,0.0019996454955066413,-3.5450449335869966e-07,3.5450449335869966e-07,1.331361133124104e-05,1.331361133124104e-05,0.0,1.331361133124104e-05,300.40510401645565,300.5362087951481,-1.7454780671799788e-06
230,436,contact,0.002214998104671876,-3.5001895328124356e-05,3.5001895328124356e-05,0.00013944711328856373,0.00013944711328856373,0.0,0.00013944711328856373,300.40510401645565,300.3901001521542,2.092245565008315e-06
230,450,contact,0.002221388621245728,-2.8611378754272304e-05,2.8611378754272304e-05,0.0001260762087748524,0.0001260762087748524,0.0,0.0001260762087748524,300.40510401645565,300.3699438617684,4.43285900290908e-06
230,496,contact,0.002185499910957271,-6.450008904272924e-05,6.450008904272924e-05,0.00018929707552288347,0.00018929707552288347,0.0,0.00018929707552288347,300.40510401645565,300.38074828226587,4.610469254338561e-06
231,340,contact,0.0019054047434075522,-9.459525659244786e-05,9.459525659244786e-05,0.0002174801790881733,0.0002174801790881733,0.0,0.0002174801790881733,300.2630985905658,300.2685102263161,-1.1769235121365604e-06
231,405,contact,0.0021471327037935967,-0.00010286729620640356,0.00010286729620640356,0.00023905752004997965,0.00023905752004997965,0.0,0.00023905752004997965,300.2630985905658,300.292810251435,-7.102795963962937e-06
231,469,contact,0.002180487049858357,-6.951295014164319e-05,6.951295014164319e-05,0.00019651540813444177,0.00019651540813444177,0.0,0.00019651540813444177,300.2630985905658,300.1502727866483,2.2172008904938876e-05
232,255,contact,0.0019700142614988863,-2.9985738501113728e-05,2.9985738501113728e-05,0.00012244537251589733,0.00012244537251589733,0.0,0.00012244537251589733,300.82660104138176,300.92968691981554,-1.2622388785951941e-05
232,275,contact,0.0019823141455632106,-1.7685854436789473e-05,1.7685854436789473e-05,9.403683968740516e-05,9.403683968740516e-05,0.0,9.403683968740516e-05,300.82660104138176,300.90794067018,-7.648921633531132e-06
232,361,contact,0.0019171928134123597,-8.280718658764037e-05,8.280718658764037e-05,0.00020347872933999806,0.00020347872933999806,0.0,0.00020347872933999806,300.82660104138176,300.8808872879057,-1.1046096463327071e-05
232,380,contact,0.001918424886045841,-8.1575113954159e-05,8.1575113954159e-05,0.00020195929534705626,0.00020195929534705626,0.0,0.00020195929534705626,300.82660104138176,300.7759017604985,1.0239191041780922e-05
232,396,contact,0.001973883751870915,-2.611624812908506e-05,2.611624812908506e-05,0.00011427214912017071,0.00011427214912017071,0.0,0.00011427214912017071,300.82660104138176,300.8130090125543,1.5531903450188455e-06
233,370,contact,0.001955968643025751,-4.403135697424914e-05,4.403135697424914e-05,0.00014837681249819517,0.00026977602272399125,0.0,0.00026977602272399125,300.7286954814393,300.73453816921807,-1.5762170709814271e-06
233,383,contact,0.0019257081820722478,-7.42918179277522e-05,7.42918179277522e-05,0.00019273273973011463,0.00019273273973011463,0.0,0.00019273273973011463,300.7286954814393,300.67248663926546,1.0833284149217308e-05
233,386,contact,0.0019125828517740087,-8.741714822599138e-05,8.741714822599138e-05,0.0002090659563702223,0.0002090659563702223,0.0,0.0002090659563702223,300.7286954814393,300.75271779362487,-5.022247671305122e-06
234,321,contact,0.0018855223977720333,-0.0001144776022279667,0.0001144776022279667,0.00023924631891417546,0.00023924631891417546,0.0,0.00023924631891417546,300.1485666271796,300.04704379822255,2.4288963113729745e-05
234,364,contact,0.001998470162624401,-1.5298373755990961e-06,1.5298373755990961e-06,2.7657163408410995e-05,2.7657163408410995e-05,0.0,2.7657163408410995e-05,300.1485666271796,300.0505928361248,2.7096771489444623e-06
235,340,contact,0.0018924201658458407,-0.00010757983415415938,0.00010757983415415938,0.00023192653379266393,0.00023192653379266393,0.0,0.00023192653379266393,300.28911380817124,300.2685102263161,4.778517323376353e-06
235,360,contact,0.0019673059154590063,-3.2694084540993776e-05,3.2694084540993776e-05,0.0001278555523647561,0.00023246464066319292,0.0,0.00023246464066319292,300.28911380817124,300.3501697560692,-1.4193348988448813e-05
235,414,contact,0.002210561703278152,-3.9438296721848193e-05,3.9438296721848193e-05,0.00014802082571540809,0.00014802082571540809,0.0,0.00014802082571540809,300.28911380817124,300.1645210477219,1.8442323279872128e-05
235,454,contact,0.0021851008911260824,-6.48991088739179e-05,6.48991088739179e-05,0.00018988170129190948,0.00034523945689438084,0.0,0.00034523945689438084,300.28911380817124,300.30219045523165,-4.514574529137446e-06
235,456,contact,0.002160804212625475,-8.91957873745252e-05,8.91957873745252e-05,0.000222605514774611,0.000222605514774611,0.0,0.000222605514774611,300.28911380817124,300.23632271957183,1.1751587453182885e-05
237,290,contact,0.0019393938320000914,-6.060616799990863e-05,6.060616799990863e-05,0.00017407781018830148,0.00017407781018830148,0.0,0.00017407781018830148,300.4565218715274,300.3924441872018,1.1154502969334588e-05
237,301,contact,0.0019274841726976647,-7.251582730233535e-05,7.251582730233535e-05,0.00019041510877860422,0.00019041510877860422,0.0,0.00019041510877860422,300.4565218715274,300.5362087951481,-1.5173594229473087e-05
237,436,contact,0.002229725038698719,-2.0274961301281445e-05,2.0274961301281445e-05,0.00010613136854672517,0.00010613136854672517,0.0,0.00010613136854672517,300.4565218715274,300.3901001521542,7.049427978302284e-06
237,438,contact,0.002171680841560288,-7.831915843971218e-05,7.831915843971218e-05,0.00020859205060983957,0.00020859205060983957,0.0,0.00020859205060983957,300.4565218715274,300.50403491827376,-9.910843851544405e-06
238,243,contact,0.0019814450092041414,-1.8554990795858605e-05,1.8554990795858605e-05,9.63197560105366e-05,9.63197560105366e-05,0.0,9.63197560105366e-05,300.93006183824804,300.9388013529737,-8.417879260275742e-07
238,283,contact,0.0019783519654250105,-2.1648034574989553e-05,2.1648034574989553e-05,0.00010403853751132211,0.00010403853751132211,0.0,0.00010403853751132211,300.93006183824804,300.9419805114383,-1.2400013277921412e-06
238,304,contact,0.001964262278821237,-3.573772117876307e-05,3.573772117876307e-05,0.00013367445750546938,0.00013367445750546938,0.0,0.00013367445750546938,300.93006183824804,300.80621123303115,1.6555662464091463e-05
238,323,contact,0.001996697283440833,-3.302716559167203e-06,3.302716559167203e-06,4.063690784968267e-05,4.063690784968267e-05,0.0,4.063690784968267e-05,300.93006183824804,300.7494462520587,7.339658932192345e-06
239,257,contact,0.0019244238010363921,-7.55761989636079e-05,7.55761989636079e-05,0.00019439161371263922,0.00019439161371263922,0.0,0.00019439161371263922,300.0527282622907,300.13648024139735,-1.6280682370166414e-05
240,315,contact,0.0018641193215564289,-0.00013588067844357119,0.00013588067844357119,0.00026065367678547257,0.00026065367678547257,0.0,0.00026065367678547257,300.45500490006395,300.35090860501884,2.7133082043253372e-05
240,465,contact,0.002191178492364326,-5.882150763567408e-05,5.882150763567408e-05,0.00018077227484642732,0.00018077227484642732,0.0,0.00018077227484642732,300.45500490006395,300.52180937392757,-1.2076396710243958e-05
240,467,contact,0.002188153460546129,-6.184653945387128e-05,6.184653945387128e-05,0.00018536231705900755,0.00018536231705900755,0.0,0.00018536231705900755,300.45500490006395,300.3731706687953,1.516898272270117e-05
240,475,contact,0.002109799890747935,-0.00014020010925206534,0.00014020010925206534,0.0002790859179257899,0.0002790859179257899,0.0,0.0002790859179257899,300.45500490006395,300.54429049964097,-2.4918353515504506e-05
240,494,contact,0.002188539536448908,-6.14604635510922e-05,6.14604635510922e-05,0.00018478285086238116,0.00018478285086238116,0.0,0.00018478285086238116,300.45500490006395,300.48656231255484,-5.8312686459055714e-06
241,391,contact,0.0018962600158937725,-0.00010373998410622754,0.00010373998410622754,0.00022774984534158036,0.00022774984534158036,0.0,0.00022774984534158036,300.69185832990337,300.6380706243205,1.225014162777552e-05
241,421,contact,0.002141436195265048,-0.00010856380473495218,0.00010856380473495218,0.0002455875095617674,0.0002455875095617674,0.0,0.0002455875095617674,300.69185832990337,300.5779106697442,2.798412207888108e-05
241,455,contact,0.002154091627192005,-9.590837280799543e-05,9.590837280799543e-05,0.00023082987098245158,0.00023082987098245158,0.0,0.00023082987098245158,300.69185832990337,300.7762636385424,-1.9483266503379084e-05
241,466,contact,0.0021419045506641796,-0.00010809544933582061,0.00010809544933582061,0.00024505719211806296,0.00024505719211806296,0.0,0.00024505719211806296,300.69185832990337,300.8024487797535,-2.71009851153443e-05
242,267,contact,0.001909470919152431,-9.052908084756909e-05,9.052908084756909e-05,0.00021275464841874676,0.00021275464841874676,0.0,0.00021275464841874676,300.23960414216015,300.2668954310632,-5.806348575458476e-06
242,332,contact,0.0018942852615850842,-0.00010571473841491583,0.00010571473841491583,0.00022990730568526506,0.00022990730568526506,0.0,0.00022990730568526506,300.23960414216015,300.29777866258826,-1.337474725115931e-05
242,337,contact,0.0018583698394022661,-0.0001416301605977339,0.0001416301605977339,0.0002661110300210552,0.00048383823640191855,0.0,0.00048383823640191855,300.23960414216015,300.2902312475471,-2.4495329384570263e-05
242,477,contact,0.0021201003952376956,-0.00012989960476230463,0.00012989960476230463,0.0002686381340952346,0.0002686381340952346,0.0,0.0002686381340952346,300.23960414216015,300.1705717020362,1.8544745906930745e-05
243,429,contact,0.0021343746312210525,-0.00011562536877894776,0.00011562536877894776,0.00025344884294134057,0.00025344884294134057,0.0,0.00025344884294134057,300.9388013529737,300.9148036589186,6.0821877915355385e-06
244,268,contact,0.0019541216071121137,-4.587839288788635e-05,4.587839288788635e-05,0.0001514569128298315,0.0001514569128298315,0.0,0.0001514569128298315,300.28995659409236,300.3682718801878,-1.186139145940342e-05
244,272,contact,0.0019225684112826886,-7.743158871731143e-05,7.743158871731143e-05,0.00019676329525258443,0.00019676329525258443,0.0,0.00019676329525258443,300.28995659409236,300.34244726774614,-1.032823791814551e-05
245,395,contact,0.0019004060529528948,-9.959394704710527e-05,9.959394704710527e-05,0.0002231523549585633,0.0004057315544701151,0.0,0.0004057315544701151,300.1658449658499,300.2202514852688,-2.207444169715216e-05
245,414,contact,0.0021505163216306907,-9.948367836930955e-05,9.948367836930955e-05,0.00023509298204151474,0.00023509298204151474,0.0,0.00023509298204151474,300.1658449658499,300.1645210477219,3.112438606856498e-07
246,473,contact,0.0020647238174632456,-0.00018527618253675465,0.00018527618253675465,0.0003208289458892686,0.0003208289458892686,0.0,0.0003208289458892686,300.80896558494993,300.7435571646221,2.0984914546068173e-05
247,280,contact,0.001948808844114784,-5.1191155885216104e-05,5.1191155885216104e-05,0.00015998618047383985,0.00015998618047383985,0.0,0.00015998618047383985,300.77481826915925,300.8145901360979,-6.36294908182396e-06
247,329,contact,0.001968615033276187,-3.1384966723813166e-05,3.1384966723813166e-05,0.0001252696426190583,0.0001252696426190583,0.0,0.0001252696426190583,300.77481826915925,300.67666089603017,1.2296139052305868e-05
247,385,contact,0.0019037022495182905,-9.629775048170951e-05,9.629775048170951e-05,0.0002194285196615398,0.0002194285196615398,0.0,0.0002194285196615398,300.77481826915925,300.727846130863,1.0307026771687406e-05
247,424,contact,0.002188079515648369,-6.192048435163132e-05,6.192048435163132e-05,0.0001854730953109901,0.0001854730953109901,0.0,0.0001854730953109901,300.77481826915925,300.7066222036487,1.2648535358275116e-05
247,466,contact,0.0021787976831096046,-7.120231689039568e-05,7.120231689039568e-05,0.0001988890211069643,0.0001988890211069643,0.0,0.0001988890211069643,300.77481826915925,300.8024487797535,-5.495405204773125e-06
247,482,contact,0.0021960188776511008,-5.3981122348899496e-05,5.3981122348899496e-05,0.00017317480306342281,0.00017317480306342281,0.0,0.00017317480306342281,300.77481826915925,300.90990343444736,-2.3393346895557213e-05
248,292,contact,0.001926937137895267,-7.306286210473313e-05,7.306286210473313e-05,0.00019113197286787622,0.00019113197286787622,0.0,0.00019113197286787622,300.7710925394087,300.7769531584904,-1.120151687315475e-06
248,295,contact,0.0019074764697553745,-9.25235302446255e-05,9.25235302446255e-05,0.00021508548329051116,0.00021508548329051116,0.0,0.00021508548329051116,300.7710925394087,300.8213230981672,-1.0803864006530485e-05
248,419,contact,0.002129240381894209,-0.00012075961810579117,0.00012075961810579117,0.0002590148195093083,0.0002590148195093083,0.0,0.0002590148195093083,300.7710925394087,300.70634023755656,1.6771805777043856e-05
248,446,contact,0.0022241035314213673,-2.5896468578633005e-05,2.5896468578633005e-05,0.00011994551674876993,0.00011994551674876993,0.0,0.00011994551674876993,300.7710925394087,300.8468176047499,-9.082882093184954e-06
249,315,contact,0.0018289230518805323,-0.00017107694811946774,0.00017107694811946774,0.0002924696121988298,0.0002924696121988298,0.0,0.0002924696121988298,300.2323294012352,300.35090860501884,-3.46808137454553e-05
249,390,contact,0.0019386138394481773,-6.138616055182278e-05,6.138616055182278e-05,0.00017519440709084122,0.00017519440709084122,0.0,0.00017519440709084122,300.2323294012352,300.3161790070082,-1.4689981968205955e-05
249,414,contact,0.0021072121191042918,-0.0001427878808957085,0.0001427878808957085,0.00028164978341482143,0.00028164978341482143,0.0,0.00028164978341482143,300.2323294012352,300.1645210477219,1.909820808072854e-05
249,498,contact,0.002159747756683636,-9.025224331636432e-05,9.025224331636432e-05,0.00022391993027811964,0.00022391993027811964,0.0,0.00022391993027811964,300.2323294012352,300.16014127668416,1.6164359816372386e-05
250,330,contact,0.001888519743413873,-0.00011148025658612708,0.00011148025658612708,0.00023609347363504892,0.0004292608611546344,0.0,0.0004292608611546344,300.043083930329,300.04072687248606,1.0117926794407206e-06
250,371,contact,0.0019843125068751983,-1.568749312480175e-05,1.568749312480175e-05,8.856492851236812e-05,8.856492851236812e-05,0.0,8.856492851236812e-05,300.043083930329,300.05225442517616,-8.121842205637945e-07
251,330,contact,0.0019889419338934957,-1.1058066106504373e-05,1.1058066106504373e-05,7.435746803954655e-05,0.0001351953964355392,0.0,0.0001351953964355392,300.120681324524,300.04072687248606,1.080947384005732e-05
252,287,contact,0.0018143503487750095,-0.00018564965122499057,0.00018564965122499057,0.00030467166854253986,0.00030467166854253986,0.0,0.00030467166854253986,300.60972485837124,300.49521361239476,3.48883323785373e-05
252,457,contact,0.0020879195714394744,-0.00016208042856052582,0.00016208042856052582,0.0003000744616484806,0.0005455899302699648,0.0,0.0005455899302699648,300.60972485837124,300.646577708251,-2.0106543796157918e-05
252,491,contact,0.002102153581069292,-0.00014784641893070835,0.00014784641893070835,0.00028659535831193964,0.00028659535831193964,0.0,0.00028659535831193964,300.60972485837124,300.5835025363825,7.515195766125936e-06
253,348,contact,0.0018819091868631703,-0.00011809081313682974,0.00011809081313682974,0.00024299260599535712,0.00024299260599535712,0.0,0.00024299260599535712,300.4757056313716,300.58988073759684,-2.774370660146252e-05
253,425,contact,0.002154357292796373,-9.56427072036272e-05,9.56427072036272e-05,0.00023050995062111408,0.00023050995062111408,0.0,0.00023050995062111408,300.4757056313716,300.47728211467955,-3.633950894656808e-07
253,445,contact,0.002250010199399106,-0.0,0.0,1.0540925533894598e-07,1.0540925533894598e-07,0.0,1.0540925533894598e-07,300.4757056313716,300.39046490038464,8.98516197788517e-09
254,264,contact,0.0019088410934648284,-9.115890653517162e-05,9.115890653517162e-05,0.00021349345017490772,0.00038816990940892317,0.0,0.00038816990940892317,300.0487576128033,300.029377104652,7.52293009338923e-06
254,451,contact,0.00219046308987392,-5.953691012608019e-05,5.953691012608019e-05,0.00018186825226288304,0.00018186825226288304,0.0,0.00018186825226288304,300.0487576128033,300.13726816245014,-1.609725897110074e-05
254,472,contact,0.002185835324904417,-6.41646750955834e-05,6.41646750955834e-05,0.0001888042417949569,0.0001888042417949569,0.0,0.0001888042417949569,300.0487576128033,300.15955705429826,-2.0919404542763587e-05
255,275,contact,0.0019097672180213483,-9.023278197865174e-05,9.023278197865174e-05,0.0002124061933874007,0.0002124061933874007,0.0,0.0002124061933874007,300.92968691981554,300.90794067018,4.619038105540421e-06
255,448,contact,0.0021628148800183987,-8.718511998160152e-05,8.718511998160152e-05,0.0002200822068399815,0.0002200822068399815,0.0,0.0002200822068399815,300.92968691981554,300.9109038471774,4.133820077438294e-06
256,477,contact,0.0022194842748972116,-3.0515725102788632e-05,3.0515725102788632e-05,0.0001302043801592725,0.0001302043801592725,0.0,0.0001302043801592725,300.07456048405675,300.1705717020362,-1.2501081125355063e-05
256,479,contact,0.0022054431475039414,-4.455685249605884e-05,4.455685249605884e-05,0.00015733342601702573,0.00015733342601702573,0.0,0.00015733342601702573,300.07456048405675,300.1382301696983,-1.0017369775415404e-05
257,273,contact,0.0019525105406872898,-4.748945931271021e-05,4.748945931271021e-05,0.0001540932498727803,0.0001540932498727803,0.0,0.0001540932498727803,300.13648024139735,300.23485347539213,-1.5158651326750783e-05
258,285,contact,0.0019378612686154807,-6.213873138451935e-05,6.213873138451935e-05,0.00017626504387501134,0.00017626504387501134,0.0,0.00017626504387501134,300.0727864411837,300.0630607357767,1.7143018902890408e-06
258,440,contact,0.002144750529199142,-0.00010524947080085834,0.00010524947080085834,0.0002418096942281245,0.0004396539895056809,0.0,0.0004396539895056809,300.0727864411837,300.0448987597267,1.2260930410634793e-05
258,470,contact,0.0020579603184949905,-0.00019203968150500973,0.00019203968150500973,0.0003266323804328463,0.0003266323804328463,0.0,0.0003266323804328463,300.0727864411837,300.18042496906673,-3.515822858871539e-05
259,434,contact,0.0021747104341727883,-7.528956582721199e-05,7.528956582721199e-05,0.00020451781480025971,0.00020451781480025971,0.0,0.00020451781480025971,300.2313452495376,300.2490678071933,-3.624578764415802e-06
259,495,contact,0.0021780510328272846,-7.194896717271568e-05,7.194896717271568e-05,0.00019992910850920754,0.00019992910850920754,0.0,0.00019992910850920754,300.2313452495376,300.29357377917734,-1.2441294454714727e-05
260,380,contact,0.0018941408111331115,-0.00010585918886688852,0.00010585918886688852,0.00023006432672938293,0.00023006432672938293,0.0,0.00023006432672938293,300.67572010954194,300.7759017604985,-2.3048224077964907e-05
260,424,contact,0.0021472921027424286,-0.00010270789725757169,0.00010270789725757169,0.0002388722313724916,0.0002388722313724916,0.0,0.0002388722313724916,300.67572010954194,300.7066222036487,-7.381652173362133e-06
261,337,contact,0.0018878643899655507,-0.00011213561003444936,0.00011213561003444936,0.00023678641223099072,0.0023678641223099073,0.0,0.0023678641223099073,300.22442305676896,300.2902312475471,-0.00015582485389775607
261,401,contact,0.002172699348759511,-7.730065124048925e-05,7.730065124048925e-05,0.0002072312868384411,0.002072312868384411,0.0,0.002072312868384411,300.22442305676896,300.1510128370026,0.00015212894309272367
262,299,contact,0.0018607295607099919,-0.00013927043929000816,0.00013927043929000816,0.0002638848605831795,0.0002638848605831795,0.0,0.0002638848605831795,300.874409278627,300.82082652139235,1.4139678422531867e-05
262,366,contact,0.0019295656265076865,-7.043437349231354e-05,7.043437349231354e-05,0.0001876624276357864,0.000341204413883248,0.0,0.000341204413883248,300.874409278627,300.81905531376503,1.8887017136845437e-05
262,486,contact,0.002158668563281542,-9.133143671845832e-05,9.133143671845832e-05,0.00022525471596796854,0.00040955402903267006,0.0,0.00040955402903267006,300.874409278627,300.94546963291504,-2.9103054403148445e-05
263,376,contact,0.0018950132427241774,-0.00010498675727582262,0.00010498675727582262,0.0002291143352955273,0.0002291143352955273,0.0,0.0002291143352955273,300.2693695341596,300.3404677394918,-1.628961805540296e-05
263,427,contact,0.0021946906174903098,-5.53093825096905e-05,5.53093825096905e-05,0.00017529242632699746,0.00017529242632699746,0.0,0.00017529242632699746,300.2693695341596,300.18984068651275,1.3940804667002465e-05
263,476,contact,0.0021868717754363193,-6.312822456368099e-05,6.312822456368099e-05,0.00018727315843097126,0.00018727315843097126,0.0,0.00018727315843097126,300.2693695341596,300.3696154734213,-1.8773373665417305e-05
264,321,contact,0.0018750563261139656,-0.0001249436738860344,0.0001249436738860344,0.00024994366753934214,0.000454443031889713,0.0,0.000454443031889713,300.029377104652,300.04704379822255,-8.028505789672315e-06
264,336,contact,0.001906228707815512,-9.377129218448806e-05,9.377129218448806e-05,0.0002165309356471819,0.00039369261026760344,0.0,0.00039369261026760344,300.029377104652,300.04023745551757,-4.275639880694059e-06
265,302,contact,0.001858351050017192,-0.000141648949982808,0.000141648949982808,0.0002661286812641659,0.0002661286812641659,0.0,0.0002661286812641659,300.63071355376815,300.6660344758633,-9.399910418213545e-06
265,318,contact,0.001976965720719507,-2.3034279280493165e-05,2.3034279280493165e-05,0.0001073179371784912,0.0001073179371784912,0.0,0.0001073179371784912,300.63071355376815,300.5740186519809,6.084379908343633e-06
265,424,contact,0.0020943347489358038,-0.00015566525106419649,0.00015566525106419649,0.0002940760021417333,0.0002940760021417333,0.0,0.0002940760021417333,300.63071355376815,300.7066222036487,-2.2322912284847502e-05
266,268,contact,0.0019075381801979736,-9.246181980202646e-05,9.246181980202646e-05,0.00021501374351657904,0.00021501374351657904,0.0,0.00021501374351657904,300.477882196049,300.3682718801878,2.3567724341345987e-05
266,313,contact,0.0019982755635457286,-1.7244364542714184e-06,1.7244364542714184e-06,2.9363552699489704e-05,2.9363552699489704e-05,0.0,2.9363552699489704e-05,300.477882196049,300.4596000780703,5.368279347254234e-07
266,341,contact,0.0019460432935322469,-5.395670646775319e-05,5.395670646775319e-05,0.00016425088503224753,0.00016425088503224753,0.0,0.00016425088503224753,300.477882196049,300.4212770093233,9.29745201710792e-06
266,421,contact,0.002199357186470856,-5.064281352914427e-05,5.064281352914427e-05,0.00016773460109673302,0.00016773460109673302,0.0,0.00016773460109673302,300.477882196049,300.5779106697442,-1.6778236133580087e-05
267,276,contact,0.0019250234960446584,-7.497650395534169e-05,7.497650395534169e-05,0.0001936188316710718,0.0001936188316710718,0.0,0.0001936188316710718,300.2668954310632,300.2881732719079,-4.119790684840032e-06
267,410,contact,0.0021925557442420925,-5.744425575790772e-05,5.744425575790772e-05,0.0001786434309485234,0.0001786434309485234,0.0,0.0001786434309485234,300.2668954310632,300.3422809028728,-1.3467119327744593e-05
267,479,contact,0.002196624614949421,-5.337538505057913e-05,5.337538505057913e-05,0.00017220044046043024,0.00017220044046043024,0.0,0.00017220044046043024,300.2668954310632,300.1382301696983,2.2156214678985003e-05
268,272,contact,0.0018271590342098585,-0.0001728409657901415,0.0001728409657901415,0.00029397360918128473,0.00029397360918128473,0.0,0.00029397360918128473,300.3682718801878,300.34244726774614,7.591754525189003e-06
268,313,contact,0.001894334890822897,-0.00010566510917710313,0.00010566510917710313,0.0002298533327766895,0.0002298533327766895,0.0,0.0002298533327766895,300.3682718801878,300.4596000780703,-2.099209065977928e-05
268,342,contact,0.0018935877638253265,-0.00010641223617467352,0.00010641223617467352,0.00023066451414844192,0.00023066451414844192,0.0,0.00023066451414844192,300.3682718801878,300.36839341002,-2.8032619698835902e-08
268,349,contact,0.0018695376248677041,-0.0001304623751322959,0.0001304623751322959,0.0002554039693625531,0.0002554039693625531,0.0,0.0002554039693625531,300.3682718801878,300.35308726816606,3.878210183586718e-06
269,278,contact,0.0018861613315143543,-0.00011383866848564575,0.00011383866848564575,0.00023857773207661874,0.00043377769468476137,0.0,0.00043377769468476137,300.3941420381415,300.37601614436926,7.862608414633807e-06
269,374,contact,0.0019686447746101892,-3.135522538981082e-05,3.135522538981082e-05,0.00012521027391913737,0.00022765504348934066,0.0,0.00022765504348934066,300.3941420381415,300.32606782647684,1.549743761702525e-05
269,459,contact,0.002175299337585519,-7.470066241448137e-05,7.470066241448137e-05,0.00020371639111285377,0.002037163911128538,0.0,0.002037163911128538,300.3941420381415,300.4810632624349,-0.0001770727812415189
269,476,contact,0.002196539781497253,-5.346021850274711e-05,5.346021850274711e-05,0.00017233723158509615,0.0003133404210638112,0.0,0.0003133404210638112,300.3941420381415,300.3696154734213,7.6851641166911e-06
270,311,contact,0.001986112644589928,-1.388735541007222e-05,1.388735541007222e-05,8.332873276989222e-05,8.332873276989222e-05,0.0,8.332873276989222e-05,300.0341360300649,300.08645133740583,-4.3593682651897766e-06
270,321,contact,0.001925927294188439,-7.4072705811561e-05,7.4072705811561e-05,0.00019244831229652418,0.00019244831229652418,0.0,0.00019244831229652418,300.0341360300649,300.04704379822255,-2.4840781974592884e-06
270,339,contact,0.001929505086803349,-7.049491319665105e-05,7.049491319665105e-05,0.00018774306005369553,0.00018774306005369553,0.0,0.00018774306005369553,300.0341360300649,300.04515211384427,-2.0681932785516013e-06
270,364,contact,0.001991013229714961,-8.986770285039202e-06,8.986770285039202e-06,6.703271695612226e-05,6.703271695612226e-05,0.0,6.703271695612226e-05,300.0341360300649,300.0505928361248,-1.1031444226164709e-06
271,275,contact,0.001913597373765965,-8.640262623403508e-05,8.640262623403508e-05,0.00020784925575285934,0.00020784925575285934,0.0,0.00020784925575285934,300.91661994321476,300.90794067018,1.8039804407533147e-06
271,298,contact,0.0018943212178828067,-0.00010567878211719338,0.00010567878211719338,0.0002298682036702699,0.00041794218849139977,0.0,0.00041794218849139977,300.91661994321476,300.940363793282,-9.923556660323329e-06
271,497,contact,0.0021581503443513844,-9.184965564861588e-05,9.184965564861588e-05,0.0002258928650299811,0.0002258928650299811,0.0,0.0002258928650299811,300.91661994321476,300.90856658916385,1.8191952196588102e-06
272,341,contact,0.001850745547022604,-0.00014925445297739597,0.00014925445297739597,0.0002731798427569245,0.0002731798427569245,0.0,0.0002731798427569245,300.34244726774614,300.4212770093233,-2.1534696408623247e-05
272,402,contact,0.0021418643018691424,-0.0001081356981308579,0.0001081356981308579,0.00024510281077636914,0.00024510281077636914,0.0,0.00024510281077636914,300.34244726774614,300.28213858683694,1.478182720506055e-05
272,418,contact,0.0021890387730114256,-6.096122698857464e-05,6.096122698857464e-05,0.0001840308352613385,0.0001840308352613385,0.0,0.0001840308352613385,300.34244726774614,300.4229528832859,-1.4815515671013514e-05
273,281,contact,0.0019624642780188377,-3.7535721981162354e-05,3.7535721981162354e-05,0.00013699584296824913,0.00013699584296824913,0.0,0.00013699584296824913,300.23485347539213,300.201214534002,4.6083951322974825e-06
273,367,contact,0.0019190837037693401,-8.09162962306599e-05,8.09162962306599e-05,0.00020114210925445213,0.00020114210925445213,0.0,0.00020114210925445213,300.23485347539213,300.2725431676602,-7.580984199954536e-06
273,495,contact,0.0021798618308507545,-7.01381691492458e-05,7.01381691492458e-05,0.00019739718723264213,0.00019739718723264213,0.0,0.00019739718723264213,300.23485347539213,300.29357377917734,-1.159122280064628e-05
274,434,contact,0.0021905808606166527,-5.941913938334754e-05,5.941913938334754e-05,0.0001816882852325615,0.0001816882852325615,0.0,0.0001816882852325615,300.17651353241524,300.2490678071933,-1.3182261770714597e-05
274,451,contact,0.002238561621331877,-1.1438378668123233e-05,1.1438378668123233e-05,7.971608881288656e-05,7.971608881288656e-05,0.0,7.971608881288656e-05,300.17651353241524,300.13726816245014,3.1284873976326156e-06
275,320,contact,0.0019333213885435606,-6.667861145643944e-05,6.667861145643944e-05,0.00018259054117949187,0.00018259054117949187,0.0,0.00018259054117949187,300.90794067018,300.87347244161333,6.29357250748345e-06
276,390,contact,0.0019497640011037231,-5.023599889627693e-05,5.023599889627693e-05,0.00015848659075183132,0.00015848659075183132,0.0,0.00015848659075183132,300.2881732719079,300.3161790070082,-4.438533477544462e-06
277,323,contact,0.001977304956753004,-2.2695043246995922e-05,2.2695043246995922e-05,0.00010652474653101955,0.00010652474653101955,0.0,0.00010652474653101955,300.64904483638475,300.7494462520587,-1.0695235356023826e-05
277,355,contact,0.0018944705293564219,-0.00010552947064357819,0.00010552947064357819,0.00022970575813807779,0.00022970575813807779,0.0,0.00022970575813807779,300.64904483638475,300.6180153456656,7.127652690283849e-06
277,378,contact,0.0019380755286881892,-6.192447131181085e-05,6.192447131181085e-05,0.0001759608924048336,0.0001759608924048336,0.0,0.0001759608924048336,300.64904483638475,300.73212119803964,-1.461819073454102e-05
277,408,contact,0.002160167251441424,-8.983274855857643e-05,8.983274855857643e-05,0.000223398931359446,0.000223398931359446,0.0,0.000223398931359446,300.64904483638475,300.65921315132465,-2.2715906913007685e-06
277,465,contact,0.002143562824575011,-0.00010643717542498923,0.00010643717542498923,0.00024317023692260124,0.00024317023692260124,0.0,0.00024317023692260124,300.64904483638475,300.52180937392757,3.093987755066895e-05
277,484,contact,0.002103056524775308,-0.00014694347522469214,0.00014694347522469214,0.00028571885484461444,0.00028571885484461444,0.0,0.00028571885484461444,300.64904483638475,300.7192760897216,-2.0066393277700662e-05
278,369,contact,0.001924825644519524,-7.517435548047612e-05,7.517435548047612e-05,0.00019387412859955827,0.00019387412859955827,0.0,0.00019387412859955827,300.37601614436926,300.39374607161466,-3.437374194835085e-06
278,374,contact,0.0019790341132229117,-2.096588677708835e-05,2.096588677708835e-05,0.00010238624609069412,0.00010238624609069412,0.0,0.00010238624609069412,300.37601614436926,300.32606782647684,5.114020767549039e-06
278,381,contact,0.00195807296120446,-4.1927038795539894e-05,4.1927038795539894e-05,0.000144787842713986,0.0002632506231163382,0.0,0.0002632506231163382,300.37601614436926,300.4176464043873,-1.0959191890247611e-05
278,441,contact,0.0021540774646702007,-9.592253532979961e-05,9.592253532979961e-05,0.00023084691335481232,0.0004197216606451133,0.0,0.0004197216606451133,300.37601614436926,300.3081061020705,2.8503315728116724e-05
279,447,contact,0.002094986089955969,-0.0001550139100440313,0.0001550139100440313,0.00029346011468911877,0.00029346011468911877,0.0,0.00029346011468911877,300.947956941117,300.84924890051326,2.896687291631569e-05
279,486,contact,0.0021298618144116863,-0.00012013818558831392,0.00012013818558831392,0.00025834751099623965,0.0004697227472658903,0.0,0.0004697227472658903,300.947956941117,300.94546963291504,1.1683452419301195e-06
280,305,contact,0.0019143886951530418,-8.56113048469582e-05,8.56113048469582e-05,0.00020689526921483512,0.00020689526921483512,0.0,0.00020689526921483512,300.8145901360979,300.8407368737888,-5.409636333650116e-06
280,406,contact,0.0022098312721563155,-4.0168727843684776e-05,4.0168727843684776e-05,0.0001493852734146114,0.0001493852734146114,0.0,0.0001493852734146114,300.8145901360979,300.90999594355003,-1.4252222631581595e-05
280,424,contact,0.0022352474905701163,-1.4752509429883948e-05,1.4752509429883948e-05,9.053087082403299e-05,9.053087082403299e-05,0.0,9.053087082403299e-05,300.8145901360979,300.7066222036487,9.774430945695079e-06
280,455,contact,0.0021765451864971773,-7.345481350282297e-05,7.345481350282297e-05,0.00020201046934203816,0.00020201046934203816,0.0,0.00020201046934203816,300.8145901360979,300.7762636385424,7.74235375942061e-06
280,482,contact,0.0022472365143215343,-2.763485678466005e-06,2.763485678466005e-06,3.918251933413678e-05,3.918251933413678e-05,0.0,3.918251933413678e-05,300.8145901360979,300.90990343444736,-3.7346151553788908e-06
281,420,contact,0.0022444910437780775,-5.508956221922812e-06,5.508956221922812e-06,5.5322068240455025e-05,5.5322068240455025e-05,0.0,5.5322068240455025e-05,300.201214534002,300.1483271679523,2.9258384736611483e-06
282,411,contact,0.0020878055833817477,-0.00016219441661825254,0.00016219441661825254,0.0003001799614104221,0.0003001799614104221,0.0,0.0003001799614104221,300.60779477168904,300.5967899284127,3.303433430019249e-06
282,431,contact,0.0021796724745016156,-7.032752549838463e-05,7.032752549838463e-05,0.00019766347032039726,0.00019766347032039726,0.0,0.00019766347032039726,300.60779477168904,300.51973983819204,1.740524373384991e-05
283,444,contact,0.0020718761365923874,-0.00017812386340761285,0.00017812386340761285,0.00031457543116575115,0.00031457543116575115,0.0,0.00031457543116575115,300.9419805114383,300.8097677418383,4.159088900254334e-05
284,339,contact,0.0018692956819080268,-0.00013070431809197327,0.00013070431809197327,0.00025564068347191265,0.00025564068347191265,0.0,0.00025564068347191265,300.12422623214866,300.04515211384427,2.021456164827329e-05
284,400,contact,0.001936455383968347,-6.3544616031653e-05,6.3544616031653e-05,0.000178247883622293,0.000178247883622293,0.0,0.000178247883622293,300.12422623214866,300.18008995356377,-9.957590113508304e-06
284,498,contact,0.002098287138501307,-0.00015171286149869316,0.00015171286149869316,0.0002903186577793951,0.0002903186577793951,0.0,0.0002903186577793951,300.12422623214866,300.16014127668416,-1.0426807523633522e-05
285,430,contact,0.0021348101373424295,-0.00011518986265757073,0.00011518986265757073,0.0002529710816340375,0.0002529710816340375,0.0,0.0002529710816340375,300.0630607357767,300.1872323558811,-3.141182904607307e-05
286,306,contact,0.001938766801500376,-6.123319849962402e-05,6.123319849962402e-05,0.0001749759962103717,0.0001749759962103717,0.0,0.0001749759962103717,300.6857863632006,300.647744942592,6.656335468243848e-06
286,355,contact,0.0019494405915031108,-5.0559408496889243e-05,5.0559408496889243e-05,0.00015899592525736193,0.00015899592525736193,0.0,0.00015899592525736193,300.6857863632006,300.6180153456656,1.077531563860933e-05
286,393,contact,0.001915361643685077,-8.463835631492304e-05,8.463835631492304e-05,0.0002057162564248667,0.0002057162564248667,0.0,0.0002057162564248667,300.6857863632006,300.7617208982949,-1.5620968292971865e-05
286,468,contact,0.002211213041160892,-3.878695883910823e-05,3.878695883910823e-05,0.0001467934278711797,0.0001467934278711797,0.0,0.0001467934278711797,300.6857863632006,300.58517712444825,1.4768775031963972e-05
287,313,contact,0.0019051753346608644,-9.482466533913565e-05,9.482466533913565e-05,0.0002177437316424237,0.0002177437316424237,0.0,0.0002177437316424237,300.49521361239476,300.4596000780703,7.754623860782282e-06
288,484,contact,0.00219992562010628,-5.0074379893720426e-05,5.0074379893720426e-05,0.0001667905870873887,0.0001667905870873887,0.0,0.0001667905870873887,300.58934861526643,300.7192760897216,-2.1670679743155163e-05
289,301,contact,0.0019577410093523607,-4.225899064763932e-05,4.225899064763932e-05,0.0001453598820989466,0.0001453598820989466,0.0,0.0001453598820989466,300.60876849523163,300.5362087951481,1.0547269449272824e-05
290,356,contact,0.0019256865460661027,-7.431345393389731e-05,7.431345393389731e-05,0.00019276080246499456,0.00019276080246499456,0.0,0.00019276080246499456,300.3924441872018,300.41334841050855,-4.029514859512595e-06
290,387,contact,0.0019443513901555955,-5.5648609844404515e-05,5.5648609844404515e-05,0.0001668061896999097,0.0001668061896999097,0.0,0.0001668061896999097,300.3924441872018,300.48055254773743,-1.4697019901651646e-05
290,450,contact,0.0021479997747904916,-0.00010200022520950869,0.00010200022520950869,0.00023804787708160807,0.00023804787708160807,0.0,0.00023804787708160807,300.3924441872018,300.3699438617684,5.3561547030759545e-06
290,495,contact,0.002227431819764637,-2.2568180235363246e-05,2.2568180235363246e-05,0.00011197266589902706,0.00011197266589902706,0.0,0.00011197266589902706,300.3924441872018,300.29357377917734,1.1070783165025756e-05
291,312,contact,0.0019336938970788524,-6.630610292114765e-05,6.630610292114765e-05,0.00018207979421279514,0.00018207979421279514,0.0,0.00018207979421279514,300.3655689671584,300.36014153692474,9.882253800528941e-07
291,346,contact,0.001959526913721778,-4.047308627822205e-05,4.047308627822205e-05,0.00014225520426019932,0.00014225520426019932,0.0,0.00014225520426019932,300.3655689671584,300.4441736194142,-1.118192086244545e-05
291,426,contact,0.0021973300996664096,-5.266990033359065e-05,5.266990033359065e-05,0.00017105863246525646,0.00017105863246525646,0.0,0.00017105863246525646,300.3655689671584,300.45287470631234,-1.4934400346037806e-05
291,478,contact,0.002173629759756708,-7.637024024329236e-05,7.637024024329236e-05,0.00020598036616695665,0.00020598036616695665,0.0,0.00020598036616695665,300.3655689671584,300.2545502787053,2.2867670098944896e-05
292,351,contact,0.0018820747333950373,-0.00011792526660496278,0.00011792526660496278,0.00024282222571766652,0.00024282222571766652,0.0,0.00024282222571766652,300.7769531584904,300.88235960601247,-2.5595028192298314e-05
292,422,contact,0.002167389453459853,-8.261054654014723e-05,8.261054654014723e-05,0.00021423059556902597,0.00021423059556902597,0.0,0.00021423059556902597,300.7769531584904,300.67755367057487,2.1294411495404042e-05
293,417,contact,0.0022458525901759446,-4.147409824055686e-06,4.147409824055686e-06,4.80012142442233e-05,4.80012142442233e-05,0.0,4.80012142442233e-05,300.31068141355985,300.2105310517318,4.807338974745709e-06
293,452,contact,0.002248109177175344,-1.890822824656118e-06,1.890822824656118e-06,3.2410756313436354e-05,3.2410756313436354e-05,0.0,3.2410756313436354e-05,300.31068141355985,300.4528537100692,-4.6079116566854965e-06
294,317,contact,0.0018886395576976733,-0.00011136044230232673,0.00011136044230232673,0.00023596656786749128,0.00023596656786749128,0.0,0.00023596656786749128,300.77554967958923,300.66803480052045,2.53699170085502e-05
294,335,contact,0.0018874891957571579,-0.00011251080424284216,0.00011251080424284216,0.000237182212911131,0.000237182212911131,0.0,0.000237182212911131,300.77554967958923,300.8137639193155,-9.063737942987042e-06
294,492,contact,0.002165965478055429,-8.403452194457109e-05,8.403452194457109e-05,0.00021606907581780813,0.00021606907581780813,0.0,0.00021606907581780813,300.77554967958923,300.83328188809674,-1.2474144937137063e-05
295,304,contact,0.0019926037511005536,-7.396248899446418e-06,7.396248899446418e-06,6.0812206420448266e-05,6.0812206420448266e-05,0.0,6.0812206420448266e-05,300.8213230981672,300.80621123303115,9.189858620531229e-07
295,377,contact,0.0019269087866323623,-7.309121336763775e-05,7.309121336763775e-05,0.0001911690526309603,0.0001911690526309603,0.0,0.0001911690526309603,300.8213230981672,300.9315297772125,-2.1068106426692568e-05
295,446,contact,0.0022297590815295453,-2.0240918470455e-05,2.0240918470455e-05,0.00010604223076589974,0.00010604223076589974,0.0,0.00010604223076589974,300.8213230981672,300.8468176047499,-2.70349435030273e-06
296,434,contact,0.0021975463631969177,-5.2453636803082536e-05,5.2453636803082536e-05,0.00017070708636446775,0.00017070708636446775,0.0,0.00017070708636446775,300.2666909916359,300.2490678071933,3.0084024686668795e-06
296,450,contact,0.0022084984615118037,-4.150153848819652e-05,4.150153848819652e-05,0.00015184337414329374,0.00015184337414329374,0.0,0.00015184337414329374,300.2666909916359,300.3699438617684,-1.567826419089066e-05
297,367,contact,0.0019415385998738217,-5.846140012617839e-05,5.846140012617839e-05,0.00017096988057283422,0.00031085432831424407,0.0,0.00031085432831424407,300.2119817932025,300.2725431676602,-1.8825765378846324e-05
297,388,contact,0.001911178322527754,-8.882167747224605e-05,8.882167747224605e-05,0.00021073879267026994,0.0003831614412186726,0.0,0.0003831614412186726,300.2119817932025,300.26398482877494,-1.9925558057687504e-05
297,454,contact,0.0021748023007160896,-7.519769928391066e-05,7.519769928391066e-05,0.00020439300282096886,0.0020439300282096887,0.0,0.0020439300282096887,300.2119817932025,300.30219045523165,-0.00018438019312603924
297,456,contact,0.0021712585968741726,-7.874140312582765e-05,7.874140312582765e-05,0.0002091535893997355,0.0003802792534540645,0.0,0.0003802792534540645,300.2119817932025,300.23632271957183,-9.256349308115982e-06
297,490,contact,0.0021963209667987963,-5.367903320120399e-05,5.367903320120399e-05,0.00017268956283394778,0.0017268956283394779,0.0,0.0017268956283394779,300.2119817932025,300.2038193838146,1.409562908862032e-05
298,379,contact,0.0018887394232926886,-0.00011126057670731142,0.00011126057670731142,0.00023586073932228678,0.00042883770785870324,0.0,0.00042883770785870324,300.940363793282,300.9184447604259,9.399707808485186e-06
298,384,contact,0.0018889652310619704,-0.00011103476893802966,0.00011103476893802966,0.0002356212733795801,0.0004284023152356002,0.0,0.0004284023152356002,300.940363793282,300.9096007400551,1.3178963226122475e-05
298,429,contact,0.0020936567619695926,-0.00015634323803040764,0.00015634323803040764,0.00029471571804255296,0.0005358467600773691,0.0,0.0005358467600773691,300.940363793282,300.9148036589186,1.3696315185794382e-05
299,404,contact,0.002173785949466966,-7.621405053303415e-05,7.621405053303415e-05,0.0002057696264880193,0.0002057696264880193,0.0,0.0002057696264880193,300.82082652139235,300.71047677448456,2.2706626204262698e-05
299,449,contact,0.0021794601462975485,-7.053985370245172e-05,7.053985370245172e-05,0.00019796163166753596,0.00019796163166753596,0.0,0.00019796163166753596,300.82082652139235,300.8020646727956,3.7141261613097477e-06
299,492,contact,0.002119695228588299,-0.00013030477141170137,0.00013030477141170137,0.0002690567592036436,0.0002690567592036436,0.0,0.0002690567592036436,300.82082652139235,300.83328188809674,-3.351200600175322e-06
300,318,contact,0.0019407997113303581,-5.920028866964193e-05,5.920028866964193e-05,0.00017204692480489434,0.00017204692480489434,0.0,0.00017204692480489434,300.46857262322095,300.5740186519809,-1.8141664981039012e-05
300,403,contact,0.00217925087048279,-7.074912951721005e-05,7.074912951721005e-05,0.00019825506791506134,0.00019825506791506134,0.0,0.00019825506791506134,300.46857262322095,300.3663839719345,2.025941800094165e-05
302,368,contact,0.0018385280689181768,-0.00016147193108182324,0.00016147193108182324,0.0002841407495254977,0.0002841407495254977,0.0,0.0002841407495254977,300.6660344758633,300.69588214679936,-8.480939591367738e-06
302,396,contact,0.0019723453386514237,-2.7654661348576384e-05,2.7654661348576384e-05,0.00011758967078059276,0.00011758967078059276,0.0,0.00011758967078059276,300.6660344758633,300.8130090125543,-1.7282687382625393e-05
302,435,contact,0.0021663848798863052,-8.361512011369502e-05,8.361512011369502e-05,0.00021552921961443732,0.00021552921961443732,0.0,0.00021552921961443732,300.6660344758633,300.5621204211765,2.239651511362037e-05
303,317,contact,0.0018714732772871748,-0.00012852672271282525,0.00012852672271282525,0.0002535021920150053,0.0002535021920150053,0.0,0.0002535021920150053,300.7375778885664,300.66803480052045,1.7629325259147253e-05
303,331,contact,0.001850916371314491,-0.00014908362868550898,0.00014908362868550898,0.0002730234684834886,0.0002730234684834886,0.0,0.0002730234684834886,300.7375778885664,300.84170084517086,-2.8428010760900563e-05
303,404,contact,0.0021222442894492616,-0.0001277557105507387,0.0001277557105507387,0.0002664120769605057,0.0002664120769605057,0.0,0.0002664120769605057,300.7375778885664,300.71047677448456,7.220064090491575e-06
304,473,contact,0.002236114968108752,-1.3885031891248262e-05,1.3885031891248262e-05,8.782884837141515e-05,8.782884837141515e-05,0.0,8.782884837141515e-05,300.80621123303115,300.7435571646221,5.502834674152847e-06
305,322,contact,0.0018824812192900935,-0.0001175187807099065,0.0001175187807099065,0.00024240336292005778,0.00024240336292005778,0.0,0.00024240336292005778,300.8407368737888,300.71974410125915,2.93290549502045e-05
305,343,contact,0.001884212608982596,-0.00011578739101740401,0.00011578739101740401,0.00024061108766784212,0.00024061108766784212,0.0,0.00024061108766784212,300.8407368737888,300.93473666390673,-2.2617391740828375e-05
305,365,contact,0.0019190228789266691,-8.097712107333092e-05,8.097712107333092e-05,0.00020121769439257936,0.00020121769439257936,0.0,0.00020121769439257936,300.8407368737888,300.9320303542329,-1.8369863648037424e-05
305,406,contact,0.002089180478289012,-0.0001608195217109882,0.0001608195217109882,0.0002989049660482856,0.0002989049660482856,0.0,0.0002989049660482856,300.8407368737888,300.90999594355003,-2.0701879895520635e-05
307,395,contact,0.0019076244712468956,-9.237552875310446e-05,9.237552875310446e-05,0.00021491338808122734,0.0003907516146931406,0.0,0.0003907516146931406,300.25308014827954,300.2202514852688,1.2827853079655283e-05
307,441,contact,0.002195844660034038,-5.415533996596224e-05,5.415533996596224e-05,0.00017345402843719178,0.00031537096079489415,0.0,0.00031537096079489415,300.25308014827954,300.3081061020705,-1.7353587915710393e-05
308,331,contact,0.001940771060790016,-5.922893920998402e-05,5.922893920998402e-05,0.00017208855163837022,0.00017208855163837022,0.0,0.00017208855163837022,300.84084599984254,300.84170084517086,-1.4710909442536385e-07
308,492,contact,0.002065975147987023,-0.00018402485201297718,0.00018402485201297718,0.00031974369250400926,0.00031974369250400926,0.0,0.00031974369250400926,300.84084599984254,300.83328188809674,2.418577020117477e-06
309,475,contact,0.0021471649823197095,-0.00010283501768029073,0.00010283501768029073,0.0002390200104132273,0.0002390200104132273,0.0,0.0002390200104132273,300.552338224822,300.54429049964097,1.9235673565724302e-06
310,429,contact,0.00213163853455505,-0.00011836146544495036,0.00011836146544495036,0.0002564300483399695,0.0002564300483399695,0.0,0.0002564300483399695,300.83333439161555,300.9148036589186,-2.089116815273553e-05
310,497,contact,0.002217048118489989,-3.295188151001107e-05,3.295188151001107e-05,0.00013530188778762488,0.00013530188778762488,0.0,0.00013530188778762488,300.83333439161555,300.90856658916385,-1.0179058350696893e-05
311,339,contact,0.001975322652378592,-2.467734762140808e-05,2.467734762140808e-05,0.00011107958323069114,0.00011107958323069114,0.0,0.00011107958323069114,300.08645133740583,300.04515211384427,4.587500540969905e-06
311,400,contact,0.001987194883573324,-1.2805116426675874e-05,1.2805116426675874e-05,8.001598723591391e-05,8.001598723591391e-05,0.0,8.001598723591391e-05,300.08645133740583,300.18008995356377,-7.492586315281738e-06
312,346,contact,0.0019323429328149792,-6.765706718502083e-05,6.765706718502083e-05,0.0001839253478792698,0.0001839253478792698,0.0,0.0001839253478792698,300.36014153692474,300.4441736194142,-1.5455630004890372e-05
312,402,contact,0.0021700059387245933,-7.999406127540696e-05,7.999406127540696e-05,0.0002108106855759543,0.0002108106855759543,0.0,0.0002108106855759543,300.36014153692474,300.28213858683694,1.6443855384957583e-05
313,342,contact,0.0019661210726453233,-3.387892735467676e-05,3.387892735467676e-05,0.0001301516948692501,0.0001301516948692501,0.0,0.0001301516948692501,300.4596000780703,300.36839341002,1.1870702430122367e-05
313,491,contact,0.0022061809998955213,-4.381900010447899e-05,4.381900010447899e-05,0.00015602528303750252,0.00015602528303750252,0.0,0.00015602528303750252,300.4596000780703,300.5835025363825,-1.9331916127205844e-05
314,359,contact,0.0019234771153564577,-7.652288464354232e-05,7.652288464354232e-05,0.0001956053228359882,0.0001956053228359882,0.0,0.0001956053228359882,300.8306133580702,300.76247830990735,1.3327578092338747e-05
314,362,contact,0.0019164773845472326,-8.352261545276746e-05,8.352261545276746e-05,0.00020435583604679297,0.00020435583604679297,0.0,0.00020435583604679297,300.8306133580702,300.9253306893886,-1.9356039429694077e-05
314,447,contact,0.0021119353747948,-0.00013806462520520035,0.00013806462520520035,0.00027695228751256894,0.00027695228751256894,0.0,0.00027695228751256894,300.8306133580702,300.84924890051326,-5.1611561086442595e-06
314,453,contact,0.0020988113003316904,-0.00015118869966830985,0.00015118869966830985,0.0002898167042079354,0.0002898167042079354,0.0,0.0002898167042079354,300.8306133580702,300.792004067151,1.118961744599889e-05
315,405,contact,0.0021495661166384254,-0.00010043388336157489,0.00010043388336157489,0.00023621304338994833,0.00023621304338994833,0.0,0.00023621304338994833,300.35090860501884,300.292810251435,1.372358891598179e-05
315,467,contact,0.0021000961872019103,-0.00014990381279808996,0.00014990381279808996,0.000288582563573995,0.000288582563573995,0.0,0.000288582563573995,300.35090860501884,300.3731706687953,-6.424443435056326e-06
316,349,contact,0.0019062204086883548,-9.377959131164526e-05,9.377959131164526e-05,0.00021654051735373368,0.00021654051735373368,0.0,0.00021654051735373368,300.3040415081971,300.35308726816606,-1.0620394237689147e-05
317,338,contact,0.0018568732473396468,-0.00014312675266035324,0.00014312675266035324,0.00026751331991169456,0.00026751331991169456,0.0,0.00026751331991169456,300.66803480052045,300.59453689543625,1.9661668595627816e-05
317,404,contact,0.0022317297441446626,-1.8270255855337703e-05,1.8270255855337703e-05,0.00010074791383375776,0.00010074791383375776,0.0,0.00010074791383375776,300.66803480052045,300.71047677448456,-4.275940335871413e-06
317,437,contact,0.002217791329228249,-3.220867077175123e-05,3.220867077175123e-05,0.00013376735769352041,0.00013376735769352041,0.0,0.00013376735769352041,300.66803480052045,300.5469196295439,1.620125639813417e-05
317,483,contact,0.0022181563123684503,-3.184368763154994e-05,3.184368763154994e-05,0.00013300728390987953,0.00013300728390987953,0.0,0.00013300728390987953,300.66803480052045,300.5822330513654,1.1412257609830357e-05
318,424,contact,0.0021839235843087545,-6.607641569124573e-05,6.607641569124573e-05,0.0001915962416867039,0.0001915962416867039,0.0,0.0001915962416867039,300.5740186519809,300.7066222036487,-2.5406342133856226e-05
318,491,contact,0.0021113176753392656,-0.0001386823246607347,0.0001386823246607347,0.0002775711366886521,0.0002775711366886521,0.0,0.0002775711366886521,300.5740186519809,300.5835025363825,-2.632452573580905e-06
319,338,contact,0.0018757021856083654,-0.00012429781439163463,0.00012429781439163463,0.00024929682548283143,0.00024929682548283143,0.0,0.00024929682548283143,300.58284654693654,300.59453689543625,-2.9143667697662824e-06
319,348,contact,0.001884345997632252,-0.00011565400236774812,0.00011565400236774812,0.00024047245410623242,0.00024047245410623242,0.0,0.00024047245410623242,300.58284654693654,300.58988073759684,-1.69152909073497e-06
320,353,contact,0.0017844223037557561,-0.0002155776962442439,0.0002155776962442439,0.00032831211997445657,0.00032831211997445657,0.0,0.00032831211997445657,300.87347244161333,300.92938279918496,-1.8356048022872918e-05
320,380,contact,0.0018816762461964598,-0.00011832375380354024,0.00011832375380354024,0.00024323214611101493,0.00024323214611101493,0.0,0.00024323214611101493,300.87347244161333,300.7759017604985,2.3732326165066993e-05
320,406,contact,0.0020141499583447107,-0.00023585004165528958,0.00023585004165528958,0.00036197762488806586,0.00036197762488806586,0.0,0.00036197762488806586,300.87347244161333,300.90999594355003,-1.3220690483641042e-05
320,446,contact,0.0022285109138741052,-2.1489086125895014e-05,2.1489086125895014e-05,0.00010926289938058932,0.00010926289938058932,0.0,0.00010926289938058932,300.87347244161333,300.8468176047499,2.9123847582148607e-06
321,364,contact,0.0019391515367294019,-6.0848463270598164e-05,6.0848463270598164e-05,0.00017442543287978128,0.00017442543287978128,0.0,0.00017442543287978128,300.04704379822255,300.0505928361248,-6.190424724060539e-07
322,485,contact,0.0021195697833943155,-0.00013043021660568473,0.00013043021660568473,0.0002691862393355252,0.0002691862393355252,0.0,0.0002691862393355252,300.71974410125915,300.6078771170643,3.011305278122526e-05
323,484,contact,0.002211480164414775,-3.851983558522546e-05,3.851983558522546e-05,0.00014628707618398348,0.00014628707618398348,0.0,0.00014628707618398348,300.7494462520587,300.7192760897216,4.413504836294689e-06
324,392,contact,0.0019895619768180123,-1.043802318198778e-05,1.043802318198778e-05,7.224272690723883e-05,7.224272690723883e-05,0.0,7.224272690723883e-05,300.4033493577326,300.45131845745107,-3.465418570945616e-06
324,418,contact,0.002212693465349413,-3.730653465058723e-05,3.730653465058723e-05,0.00014396476160387155,0.00014396476160387155,0.0,0.00014396476160387155,300.4033493577326,300.4229528832859,-2.8222168828752835e-06
324,442,contact,0.0022087255604024414,-4.1274439597558873e-05,4.1274439597558873e-05,0.00015142735625000537,0.00015142735625000537,0.0,0.00015142735625000537,300.4033493577326,300.4365759868016,-5.031420597012662e-06
325,445,contact,0.0022264165226884213,-2.3583477311578914e-05,2.3583477311578914e-05,0.00011446367039268863,0.00020811576435034296,0.0,0.00020811576435034296,300.51142400490124,300.39046490038464,2.5173496491605384e-05
325,457,contact,0.0021869922311018846,-6.300776889811566e-05,6.300776889811566e-05,0.00018709440412398415,0.0018709440412398414,0.0,0.0018709440412398414,300.51142400490124,300.646577708251,-0.00025286501593375324
326,489,contact,0.002228322678901583,-2.167732109841728e-05,2.167732109841728e-05,0.00010974040352480656,0.00010974040352480656,0.0,0.00010974040352480656,300.04684389211485,300.07107156533175,-2.658754635289633e-06
327,348,contact,0.0018955538101568098,-0.00010444618984319022,0.00010444618984319022,0.00022852372944969,0.00022852372944969,0.0,0.00022852372944969,300.7171420488317,300.58988073759684,2.9082229458048133e-05
327,404,contact,0.002164366419648021,-8.563358035197947e-05,8.563358035197947e-05,0.00021811513314452818,0.00021811513314452818,0.0,0.00021811513314452818,300.7171420488317,300.71047677448456,1.4537972016717419e-06
327,449,contact,0.00217345801947949,-7.654198052051012e-05,7.654198052051012e-05,0.00020621183892151904,0.00020621183892151904,0.0,0.00020621183892151904,300.7171420488317,300.8020646727956,-1.7512050453637542e-05
328,440,contact,0.0021348645831996,-0.00011513541680040033,0.00011513541680040033,0.0002529112896741995,0.0004598387084985445,0.0,0.0004598387084985445,300.057361645371,300.0448987597267,5.73091723881887e-06
329,455,contact,0.002136745874743779,-0.00011325412525622133,0.00011325412525622133,0.0002508365174285405,0.0002508365174285405,0.0,0.0002508365174285405,300.67666089603017,300.7762636385424,-2.4984005058096377e-05
330,464,contact,0.002126171766344384,-0.00012382823365561643,0.00012382823365561643,0.0002622850799073579,0.0004768819634679235,0.0,0.0004768819634679235,300.04072687248606,300.1449707331358,-4.9712016946113716e-05
332,337,contact,0.0019517984104904568,-4.820158950954328e-05,4.820158950954328e-05,0.00015524430667425985,0.00028226237577138154,0.0,0.00028226237577138154,300.29777866258826,300.2902312475471,2.1303513004422926e-06
332,342,contact,0.0019312865265672002,-6.871347343279989e-05,6.871347343279989e-05,0.00018535570322059135,0.00018535570322059135,0.0,0.00018535570322059135,300.29777866258826,300.36839341002,-1.3088846167958651e-05
332,349,contact,0.0018998798157096248,-0.00010012018429037526,0.00010012018429037526,0.0002237411275228308,0.0002237411275228308,0.0,0.0002237411275228308,300.29777866258826,300.35308726816606,-1.2374809773694e-05
332,477,contact,0.0021737277748145006,-7.627222518549965e-05,7.627222518549965e-05,0.00020584814411694048,0.00020584814411694048,0.0,0.00020584814411694048,300.29777866258826,300.1705717020362,2.618531674839225e-05
333,335,contact,0.0019003570535767234,-9.96429464232766e-05,9.96429464232766e-05,0.00022320724274010084,0.00022320724274010084,0.0,0.00022320724274010084,300.8288598814643,300.8137639193155,3.369528087753341e-06
333,466,contact,0.0020805381590617345,-0.00016946184093826573,0.00016946184093826573,0.0003068313334519886,0.0003068313334519886,0.0,0.0003068313334519886,300.8288598814643,300.8024487797535,8.103753555871548e-06
334,360,contact,0.0019035997098917614,-9.64002901082386e-05,9.64002901082386e-05,0.0002195453143524573,0.0021954531435245733,0.0,0.0021954531435245733,300.44390653609923,300.3501697560692,0.0002057947083808275
334,369,contact,0.0019498288566179342,-5.017114338206588e-05,5.017114338206588e-05,0.00015838425329253204,0.00028797136962278554,0.0,0.00028797136962278554,300.44390653609923,300.39374607161466,1.4444777658538731e-05
335,394,contact,0.0019119216865470718,-8.807831345292822e-05,8.807831345292822e-05,0.00020985508506220218,0.00020985508506220218,0.0,0.00020985508506220218,300.8137639193155,300.8811770862261,-1.4146995876341839e-05
335,455,contact,0.002158545892347206,-9.145410765279416e-05,9.145410765279416e-05,0.00022540593955103677,0.00022540593955103677,0.0,0.00022540593955103677,300.8137639193155,300.7762636385424,8.452786021085576e-06
336,375,contact,0.0018523798635269185,-0.00014762013647308153,0.00014762013647308153,0.00027168008435757816,0.00027168008435757816,0.0,0.00027168008435757816,300.04023745551757,300.04631450203317,-1.6510125100030542e-06
337,445,contact,0.0020702797379098304,-0.00017972026209016985,0.00017972026209016985,0.0003159819457660427,0.0005745126286655322,0.0,0.0005745126286655322,300.2902312475471,300.39046490038464,-5.758549937243012e-05
338,391,contact,0.0019104453595682866,-8.955464043171346e-05,8.955464043171346e-05,0.00021160652214867275,0.00021160652214867275,0.0,0.00021160652214867275,300.59453689543625,300.6380706243205,-9.212020965360654e-06
339,357,contact,0.00196779235106248,-3.220764893751985e-05,3.220764893751985e-05,0.00012690084502776144,0.00012690084502776144,0.0,0.00012690084502776144,300.04515211384427,300.08110254448155,-4.562140026983459e-06
340,360,contact,0.001910856994256766,-8.914300574323409e-05,8.914300574323409e-05,0.00021111964113179298,0.00038385389296689636,0.0,0.00038385389296689636,300.2685102263161,300.3501697560692,-3.134532839357225e-05
340,395,contact,0.0018889825197708958,-0.00011101748022910424,0.00011101748022910424,0.00023560292891760095,0.00042836896166836537,0.0,0.00042836896166836537,300.2685102263161,300.2202514852688,2.0672546793844765e-05
341,436,contact,0.0021867361974412915,-6.326380255870876e-05,6.326380255870876e-05,0.00018747415015692276,0.00018747415015692276,0.0,0.00018747415015692276,300.4212770093233,300.3901001521542,5.844854802340873e-06
341,438,contact,0.0021648169620085674,-8.518303799143288e-05,8.518303799143288e-05,0.0002175405939020129,0.0002175405939020129,0.0,0.0002175405939020129,300.4212770093233,300.50403491827376,-1.8003204663167666e-05
342,462,contact,0.00212069092066713,-0.00012930907933287033,0.00012930907933287033,0.0002680268221785838,0.0002680268221785838,0.0,0.0002680268221785838,300.36839341002,300.35762510568736,2.886194390534041e-06
343,394,contact,0.0018351211508205675,-0.00016487884917943253,0.00016487884917943253,0.000287122664709208,0.000287122664709208,0.0,0.000287122664709208,300.93473666390673,300.8811770862261,1.537816866436241e-05
343,406,contact,0.002066665013685666,-0.0001833349863143343,0.0001833349863143343,0.00031914380798415964,0.00031914380798415964,0.0,0.00031914380798415964,300.93473666390673,300.90999594355003,7.895847706909605e-06
343,482,contact,0.002235712526218968,-1.4287473781032182e-05,1.4287473781032182e-05,8.909256665910331e-05,8.909256665910331e-05,0.0,8.909256665910331e-05,300.93473666390673,300.90990343444736,2.21245615097019e-06
344,426,contact,0.002210436880935531,-3.956311906446906e-05,3.956311906446906e-05,0.00014825488387021758,0.00014825488387021758,0.0,0.00014825488387021758,300.52768860275773,300.45287470631234,1.109152552939e-05
344,437,contact,0.0021979096166357694,-5.209038336423085e-05,5.209038336423085e-05,0.00017011496662262593,0.00017011496662262593,0.0,0.00017011496662262593,300.52768860275773,300.5469196295439,-3.271485479843782e-06
344,474,contact,0.002182909799716883,-6.709020028311747e-05,6.709020028311747e-05,0.0001930604399938548,0.0001930604399938548,0.0,0.0001930604399938548,300.52768860275773,300.4857182163552,8.102821265580862e-06
345,411,contact,0.0021292864790347036,-0.00012071352096529667,0.00012071352096529667,0.00025896537838665344,0.00025896537838665344,0.0,0.00025896537838665344,300.69737342799783,300.5967899284127,2.6047644029516304e-05
345,473,contact,0.0020756192911996177,-0.00017438070880038256,0.00017438070880038256,0.0003112525848178101,0.0003112525848178101,0.0,0.0003112525848178101,300.69737342799783,300.7435571646221,-1.4374807400840742e-05
345,484,contact,0.00202202130416571,-0.00022797869583429014,0.00022797869583429014,0.0003558859803631636,0.0003558859803631636,0.0,0.0003558859803631636,300.69737342799783,300.7192760897216,-7.794850240117095e-06
346,426,contact,0.002225601780215858,-2.4398219784142403e-05,2.4398219784142403e-05,0.00011642408061370199,0.00011642408061370199,0.0,0.00011642408061370199,300.4441736194142,300.45287470631234,-1.0130160424578006e-06
346,437,contact,0.0021544834634779635,-9.551653652203678e-05,9.551653652203678e-05,0.00023035785750054775,0.00023035785750054775,0.0,0.00023035785750054775,300.4441736194142,300.5469196295439,-2.3668350760205523e-05
346,452,contact,0.002158579536941816,-9.142046305818429e-05,9.142046305818429e-05,0.00022536447400474575,0.00022536447400474575,0.0,0.00022536447400474575,300.4441736194142,300.4528537100692,-1.956184064775576e-06
347,358,contact,0.001981605713884576,-1.8394286115424024e-05,1.8394286115424024e-05,9.590173646870014e-05,9.590173646870014e-05,0.0,9.590173646870014e-05,300.61507212582745,300.53205389381856,7.961592608214606e-06
347,398,contact,0.0019074486019025518,-9.25513980974482e-05,9.25513980974482e-05,0.00021511787245304397,0.00039112340446007996,0.0,0.00039112340446007996,300.61507212582745,300.6938455223475,-3.0810119027799733e-05
347,422,contact,0.002228570132304569,-2.1429867695431457e-05,2.1429867695431457e-05,0.00010911224520198214,0.00010911224520198214,0.0,0.00010911224520198214,300.61507212582745,300.67755367057487,-6.817501631078391e-06
347,433,contact,0.0021636587466834977,-8.634125331650252e-05,8.634125331650252e-05,0.00021901452680955322,0.000398208230562824,0.0,0.000398208230562824,300.61507212582745,300.6658372583971,-2.021509361485374e-05
348,412,contact,0.0022248327024969763,-2.5167297503023937e-05,2.5167297503023937e-05,0.00011824479669788608,0.00011824479669788608,0.0,0.00011824479669788608,300.58988073759684,300.5928661225273,-3.530062341681955e-07
350,450,contact,0.0021197064694197625,-0.0001302935305802378,0.0001302935305802378,0.0002690451537693976,0.0002690451537693976,0.0,0.0002690451537693976,300.46019549450796,300.3699438617684,2.4281764408359537e-05
350,496,contact,0.002197592931354068,-5.240706864593223e-05,5.240706864593223e-05,0.0001706312929583229,0.0001706312929583229,0.0,0.0001706312929583229,300.46019549450796,300.38074828226587,1.3556180546801615e-05
351,362,contact,0.0019326567796031447,-6.734322039685537e-05,6.734322039685537e-05,0.00018349825666318383,0.00018349825666318383,0.0,0.00018349825666318383,300.88235960601247,300.9253306893886,-7.885118886448273e-06
351,413,contact,0.0021728940006647815,-7.71059993352188e-05,7.71059993352188e-05,0.00020697020630357351,0.00020697020630357351,0.0,0.00020697020630357351,300.88235960601247,300.90878206939584,-5.4686626975045355e-06
352,426,contact,0.002130618907031476,-0.00011938109296852437,0.00011938109296852437,0.0002575321910498918,0.0002575321910498918,0.0,0.0002575321910498918,300.4197459052653,300.45287470631234,-8.531732720500583e-06
352,460,contact,0.0021526597037618373,-9.734029623816292e-05,9.734029623816292e-05,0.00023254664554565166,0.00023254664554565166,0.0,0.00023254664554565166,300.4197459052653,300.4599025083934,-9.338283353943544e-06
353,446,contact,0.002245138311426937,-4.8616885730632525e-06,4.8616885730632525e-06,5.1970550277500926e-05,5.1970550277500926e-05,0.0,5.1970550277500926e-05,300.92938279918496,300.8468176047499,4.290958588559055e-06
354,434,contact,0.0021470576104287457,-0.00010294238957125456,0.00010294238957125456,0.00023914476040355715,0.00023914476040355715,0.0,0.00023914476040355715,300.16396040697896,300.2490678071933,-2.0352988832824732e-05
354,451,contact,0.0021715425201685548,-7.84574798314455e-05,7.84574798314455e-05,0.0002087761691267648,0.0002087761691267648,0.0,0.0002087761691267648,300.16396040697896,300.13726816245014,5.572704558121334e-06
354,472,contact,0.0021750520017691523,-7.494799823084793e-05,7.494799823084793e-05,0.00020405336751672467,0.00020405336751672467,0.0,0.00020405336751672467,300.16396040697896,300.15955705429826,8.98518942860025e-07
355,494,contact,0.0021979015803488557,-5.209841965114455e-05,5.209841965114455e-05,0.0001701280884300358,0.0001701280884300358,0.0,0.0001701280884300358,300.6180153456656,300.48656231255484,2.2363853241461225e-05
356,387,contact,0.0018868607697707842,-0.00011313923022921585,0.00011313923022921585,0.00023784367789497353,0.00023784367789497353,0.0,0.00023784367789497353,300.41334841050855,300.48055254773743,-1.5984079168276408e-05
356,474,contact,0.0022297423716878145,-2.0257628312185787e-05,2.0257628312185787e-05,0.00010608599319049771,0.00010608599319049771,0.0,0.00010608599319049771,300.41334841050855,300.4857182163552,-7.677422730248179e-06
357,420,contact,0.0022312958246050642,-1.8704175394936018e-05,1.8704175394936018e-05,0.00010193727754233106,0.00010193727754233106,0.0,0.00010193727754233106,300.08110254448155,300.1483271679523,-6.8526951004151055e-06
358,381,contact,0.0019748378293925808,-2.5162170607419265e-05,2.5162170607419265e-05,0.00011216543720643019,0.00020393715855714578,0.0,0.00020393715855714578,300.53205389381856,300.4176464043873,2.3331938312264568e-05
358,398,contact,0.001963657209341793,-3.6342790658206846e-05,3.6342790658206846e-05,0.0001348013179798455,0.0002450933054179009,0.0,0.0002450933054179009,300.53205389381856,300.6938455223475,-3.965404502510089e-05
358,459,contact,0.002216134534318709,-3.386546568129138e-05,3.386546568129138e-05,0.0001371646732971629,0.0002493903150857507,0.0,0.0002493903150857507,300.53205389381856,300.4810632624349,1.2716569627198234e-05
358,460,contact,0.0022037369388608987,-4.626306113910154e-05,4.626306113910154e-05,0.00016031749945914883,0.00016031749945914883,0.0,0.00016031749945914883,300.53205389381856,300.4599025083934,1.1567129693876935e-05
359,385,contact,0.001938499634681779,-6.150036531822113e-05,6.150036531822113e-05,0.00017535729998808308,0.00017535729998808308,0.0,0.00017535729998808308,300.76247830990735,300.727846130863,6.0730054099237756e-06
359,409,contact,0.002189399568489041,-6.0600431510959406e-05,6.0600431510959406e-05,0.00018348543919062747,0.0003336098894375045,0.0,0.0003336098894375045,300.76247830990735,300.79728151166813,-1.16106922914852e-05
359,447,contact,0.002233388362284194,-1.6611637715806087e-05,1.6611637715806087e-05,9.606605862578245e-05,9.606605862578245e-05,0.0,9.606605862578245e-05,300.76247830990735,300.84924890051326,-8.335708644140986e-06
359,457,contact,0.0022313636908626077,-1.8636309137392594e-05,1.8636309137392594e-05,0.00010175217479901459,0.00018500395418002654,0.0,0.00018500395418002654,300.76247830990735,300.646577708251,2.1442069598266165e-05
360,441,contact,0.0021821102466649117,-6.788975333508855e-05,6.788975333508855e-05,0.00019420743968912404,0.0019420743968912402,0.0,0.0019420743968912402,300.3501697560692,300.3081061020705,8.1690745470559e-05
360,454,contact,0.0021716769274917483,-7.832307250825194e-05,7.832307250825194e-05,0.00020859726282993258,0.002085972628299326,0.0,0.002085972628299326,300.3501697560692,300.30219045523165,0.00010008350827204641
361,396,contact,0.001990285070561501,-9.714929438498898e-06,9.714929438498898e-06,6.969551434094916e-05,6.969551434094916e-05,0.0,6.969551434094916e-05,300.8808872879057,300.8130090125543,4.730811313192689e-06
361,482,contact,0.002189550352127121,-6.044964787287922e-05,6.044964787287922e-05,0.00018325702635139292,0.00018325702635139292,0.0,0.00018325702635139292,300.8808872879057,300.90990343444736,-5.317412731401692e-06
362,413,contact,0.002230760026609988,-1.9239973390012145e-05,1.9239973390012145e-05,0.00010338701130007725,0.00010338701130007725,0.0,0.00010338701130007725,300.9253306893886,300.90878206939584,1.7109123621923031e-06
365,377,contact,0.00189929667008843,-0.00010070332991157002,0.00010070332991157002,0.00022439176668448646,0.00022439176668448646,0.0,0.00022439176668448646,300.9320303542329,300.9315297772125,1.1232536196364811e-07
365,446,contact,0.0022116761897933595,-3.8323810206640756e-05,3.8323810206640756e-05,0.00014591437787399834,0.00014591437787399834,0.0,0.00014591437787399834,300.9320303542329,300.8468176047499,1.243376532774358e-05
366,370,contact,0.001860645589573683,-0.00013935441042631702,0.00013935441042631702,0.0002639644014126877,0.0026396440141268768,0.0,0.0026396440141268768,300.81905531376503,300.73453816921807,0.00022309517469449103
366,384,contact,0.001931044493273006,-6.895550672699402e-05,6.895550672699402e-05,0.00018568186062051673,0.00033760338294639406,0.0,0.00033760338294639406,300.81905531376503,300.9096007400551,-3.056844222585355e-05
366,409,contact,0.0022232720214359733,-2.6727978564026946e-05,2.6727978564026946e-05,0.00012185596817560874,0.0012185596817560875,0.0,0.0012185596817560875,300.81905531376503,300.79728151166813,2.6532677353821262e-05
367,403,contact,0.0022002216765135275,-4.977832348647274e-05,4.977832348647274e-05,0.00016629679539651845,0.00016629679539651845,0.0,0.00016629679539651845,300.2725431676602,300.3663839719345,-1.5605425028246926e-05
367,454,contact,0.002230310759064754,-1.9689240935246398e-05,1.9689240935246398e-05,0.00010458712724923655,0.00019015841318043006,0.0,0.00019015841318043006,300.2725431676602,300.30219045523165,-5.6376811596881094e-06
368,385,contact,0.0018687596623431812,-0.00013124033765681887,0.00013124033765681887,0.0002561643394940237,0.0002561643394940237,0.0,0.0002561643394940237,300.69588214679936,300.727846130863,-8.188032865255427e-06
368,409,contact,0.00219733075592655,-5.266924407345023e-05,5.266924407345023e-05,0.00017105756677772776,0.00031101375777768686,0.0,0.00031101375777768686,300.69588214679936,300.79728151166813,-3.153659750410654e-05
368,457,contact,0.002096449716347873,-0.0001535502836521271,0.0001535502836521271,0.0002920714178759548,0.0005310389415926451,0.0,0.0005310389415926451,300.69588214679936,300.646577708251,2.618257686253391e-05
368,491,contact,0.002216987925993283,-3.301207400671722e-05,3.301207400671722e-05,0.0001354254079367786,0.0001354254079367786,0.0,0.0001354254079367786,300.69588214679936,300.5835025363825,1.5219054584476505e-05
369,441,contact,0.002121371677570906,-0.00012862832242909426,0.00012862832242909426,0.00026732036796187937,0.0004860370326579625,0.0,0.0004860370326579625,300.39374607161466,300.3081061020705,4.162419667416229e-05
369,460,contact,0.0021895563732181006,-6.044362678189969e-05,6.044362678189969e-05,0.0001832478994602965,0.0001832478994602965,0.0,0.0001832478994602965,300.39374607161466,300.4599025083934,-1.2123028075479516e-05
370,383,contact,0.0019293197512594959,-7.068024874050415e-05,7.068024874050415e-05,0.00018798969219149244,0.0003417994403481681,0.0,0.0003417994403481681,300.73453816921807,300.67248663926546,2.1209178210550327e-05
370,398,contact,0.0019056799830244322,-9.432001697556782e-05,9.432001697556782e-05,0.00021716355239262392,0.002171635523926239,0.0,0.002171635523926239,300.73453816921807,300.6938455223475,8.836959750674164e-05
370,409,contact,0.0021891149589046257,-6.0885041095374605e-05,6.0885041095374605e-05,0.0001839158036460262,0.001839158036460262,0.0,0.001839158036460262,300.73453816921807,300.79728151166813,-0.00011539492250141038
370,453,contact,0.00210182226900849,-0.00014817773099151015,0.00014817773099151015,0.00028691629730977306,0.0005216659951086783,0.0,0.0005216659951086783,300.73453816921807,300.792004067151,-2.9978004830009744e-05
370,457,contact,0.0020959643175636374,-0.0001540356824363629,0.0001540356824363629,0.00029253269754219395,0.0029253269754219396,0.0,0.0029253269754219396,300.73453816921807,300.646577708251,0.0002573131092374707
371,432,contact,0.002186315855497554,-6.368414450244608e-05,6.368414450244608e-05,0.0001880959337123924,0.0001880959337123924,0.0,0.0001880959337123924,300.05225442517616,300.1489314776781,-1.8184560458915437e-05
372,399,contact,0.001965110796520135,-3.488920347986509e-05,3.488920347986509e-05,0.0001320780138400504,0.0001320780138400504,0.0,0.0001320780138400504,300.3141462008456,300.368396929739,-7.165328521616304e-06
372,426,contact,0.00214239307028379,-0.00010760692971621038,0.00010760692971621038,0.00024450281720282257,0.00024450281720282257,0.0,0.00024450281720282257,300.3141462008456,300.45287470631234,-3.391951041295966e-05
372,443,contact,0.0021463836391940752,-0.00010361636080592502,0.00010361636080592502,0.00023992633221924718,0.00023992633221924718,0.0,0.00023992633221924718,300.3141462008456,300.24919967167415,1.5582382534473076e-05
373,457,contact,0.002146390618899552,-0.00010360938110044824,0.00010360938110044824,0.0002399182512399313,0.0004362150022544205,0.0,0.0004362150022544205,300.5460874493799,300.646577708251,-4.3835358500006255e-05
374,430,contact,0.0022152360330447854,-3.476396695521484e-05,3.476396695521484e-05,0.0001389723532761799,0.0001389723532761799,0.0,0.0001389723532761799,300.32606782647684,300.1872323558811,1.929429206689346e-05
375,440,contact,0.002139692999030467,-0.00011030700096953307,0.00011030700096953307,0.0002475513425641157,0.00045009335011657396,0.0,0.00045009335011657396,300.04631450203317,300.0448987597267,6.372161976113594e-07
375,469,contact,0.0022159887824174562,-3.401121758254402e-05,3.401121758254402e-05,0.0001374595245124583,0.0001374595245124583,0.0,0.0001374595245124583,300.04631450203317,300.1502727866483,-1.4290056372328794e-05
376,441,contact,0.002123879292921328,-0.00012612070707867205,0.00012612070707867205,0.0002647018312897573,0.0004812760568904678,0.0,0.0004812760568904678,300.3404677394918,300.3081061020705,1.557488125265747e-05
376,476,contact,0.002219837641337763,-3.0162358662237307e-05,3.0162358662237307e-05,0.00012944831371425883,0.00012944831371425883,0.0,0.00012944831371425883,300.3404677394918,300.3696154734213,-3.773125005759035e-06
378,393,contact,0.0019407645897944442,-5.923541020555587e-05,5.923541020555587e-05,0.00017209795205863995,0.00017209795205863995,0.0,0.00017209795205863995,300.73212119803964,300.7617208982949,-5.0940477954849184e-06
378,444,contact,0.002178071340819671,-7.192865918032943e-05,7.192865918032943e-05,0.0001999008909717366,0.0001999008909717366,0.0,0.0001999008909717366,300.73212119803964,300.8097677418383,-1.552161328622899e-05
381,441,contact,0.0021597236945961403,-9.027630540386e-05,9.027630540386e-05,0.00022394977785687676,0.0022394977785687676,0.0,0.0022394977785687676,300.4176464043873,300.3081061020705,0.0002453152637022607
381,459,contact,0.002203034969536345,-4.696503046365541e-05,4.696503046365541e-05,0.00016152920352344857,0.0016152920352344858,0.0,0.0016152920352344858,300.4176464043873,300.4810632624349,-0.00010243674570382008
382,451,contact,0.0021069278246621088,-0.0001430721753378915,0.0001430721753378915,0.00028193003006842703,0.00028193003006842703,0.0,0.00028193003006842703,300.06030583838907,300.13726816245014,-2.1697990336673852e-05
383,412,contact,0.002151673473880273,-9.832652611972735e-05,9.832652611972735e-05,0.00023372173164747215,0.00023372173164747215,0.0,0.00023372173164747215,300.67248663926546,300.5928661225273,1.860904504670599e-05
383,457,contact,0.0021671491935951253,-8.285080640487493e-05,8.285080640487493e-05,0.00021454189749437304,0.00039007617726249645,0.0,0.00039007617726249645,300.67248663926546,300.646577708251,1.0106456767071194e-05
385,424,contact,0.0021911721846767317,-5.8827815323268546e-05,5.8827815323268546e-05,0.0001807819670875336,0.0001807819670875336,0.0,0.0001807819670875336,300.727846130863,300.7066222036487,3.836903311122667e-06
385,447,contact,0.002136878187193645,-0.00011312181280635509,0.00011312181280635509,0.0002506899510532605,0.0002506899510532605,0.0,0.0002506899510532605,300.727846130863,300.84924890051326,-3.0434454381357444e-05
385,491,contact,0.002145437705402093,-0.00010456229459790715,0.00010456229459790715,0.00024101901100432715,0.00024101901100432715,0.0,0.00024101901100432715,300.727846130863,300.5835025363825,3.478955038649025e-05
386,398,contact,0.001962335746119914,-3.766425388008598e-05,3.766425388008598e-05,0.0001372301968957379,0.00024950944890134164,0.0,0.00024950944890134164,300.75271779362487,300.6938455223475,1.4689187961989405e-05
386,433,contact,0.0022145149796061444,-3.5485020393855905e-05,3.5485020393855905e-05,0.00014040619722365831,0.00025528399495210603,0.0,0.00025528399495210603,300.75271779362487,300.6658372583971,2.2179210116516965e-05
386,453,contact,0.002222820467266756,-2.7179532733244242e-05,2.7179532733244242e-05,0.00012288100100242476,0.00012288100100242476,0.0,0.00012288100100242476,300.75271779362487,300.792004067151,-4.827536616549449e-06
387,411,contact,0.002223621846672676,-2.637815332732444e-05,2.637815332732444e-05,0.00012105589463669811,0.00012105589463669811,0.0,0.00012105589463669811,300.48055254773743,300.5967899284127,-1.4071220107871565e-05
387,450,contact,0.0022091369601950897,-4.086303980491059e-05,4.086303980491059e-05,0.0001506707960439112,0.0001506707960439112,0.0,0.0001506707960439112,300.48055254773743,300.3699438617684,1.6665498764328497e-05
389,400,contact,0.0019394998849187903,-6.050011508120976e-05,6.050011508120976e-05,0.0001739254367267907,0.0001739254367267907,0.0,0.0001739254367267907,300.21199165834054,300.18008995356377,5.5485179356291395e-06
390,462,contact,0.002202345009211772,-4.765499078822821e-05,4.765499078822821e-05,0.0001627113852265692,0.0001627113852265692,0.0,0.0001627113852265692,300.3161790070082,300.35762510568736,-6.743752128323139e-06
392,418,contact,0.0022103751220098377,-3.96248779901626e-05,3.96248779901626e-05,0.0001483705533643583,0.0001483705533643583,0.0,0.0001483705533643583,300.45131845745107,300.4229528832859,4.20861593538106e-06
392,426,contact,0.0022385225846749896,-1.1477415325010683e-05,1.1477415325010683e-05,7.985199964451833e-05,7.985199964451833e-05,0.0,7.985199964451833e-05,300.45131845745107,300.45287470631234,-1.2426958351749336e-07
392,437,contact,0.0022137256311476356,-3.627436885236465e-05,3.627436885236465e-05,0.0001419592446450832,0.0001419592446450832,0.0,0.0001419592446450832,300.45131845745107,300.5469196295439,-1.3571470177480364e-05
393,428,contact,0.002103678295605105,-0.00014632170439489531,0.00014632170439489531,0.00028511372428373534,0.00028511372428373534,0.0,0.00028511372428373534,300.7617208982949,300.9051401125678,-4.089078631518029e-05
394,455,contact,0.00216796775298896,-8.20322470110402e-05,8.20322470110402e-05,0.00021347943826441226,0.00021347943826441226,0.0,0.00021347943826441226,300.8811770862261,300.7762636385424,2.239686387790205e-05
394,481,contact,0.002201647180658154,-4.835281934184631e-05,4.835281934184631e-05,0.00016389837525777014,0.00016389837525777014,0.0,0.00016389837525777014,300.8811770862261,300.80655802129183,1.2229943505980566e-05
395,401,contact,0.002055046910243169,-0.0001949530897568312,0.0001949530897568312,0.00032910070204593677,0.0032910070204593676,0.0,0.0032910070204593676,300.2202514852688,300.1510128370026,0.00022786487753120502
395,441,contact,0.0021210799215729713,-0.000128920078427029,0.000128920078427029,0.00026762336555837923,0.002676233655583792,0.0,0.002676233655583792,300.2202514852688,300.3081061020705,-0.0002351194822830687
396,448,contact,0.002227278628820382,-2.2721371179618144e-05,2.2721371179618144e-05,0.0001123520537804127,0.0001123520537804127,0.0,0.0001123520537804127,300.8130090125543,300.9109038471774,-1.09986857243997e-05
397,452,contact,0.0021613577628194743,-8.864223718052597e-05,8.864223718052597e-05,0.00022191369340920455,0.00022191369340920455,0.0,0.00022191369340920455,300.335719804426,300.4528537100692,-2.5993617624724706e-05
397,487,contact,0.0022270742913742233,-2.292570862577701e-05,2.292570862577701e-05,0.00011285612430036014,0.00011285612430036014,0.0,0.00011285612430036014,300.335719804426,300.2730461544856,7.0731052280302814e-06
398,422,contact,0.0021993351863915595,-5.066481360844078e-05,5.066481360844078e-05,0.00016777103048904476,0.0003050382372528087,0.0,0.0003050382372528087,300.6938455223475,300.67755367057487,4.969637746304404e-06
399,460,contact,0.0021430318905233305,-0.00010696810947666974,0.00010696810947666974,0.00024377597807626319,0.00024377597807626319,0.0,0.00024377597807626319,300.368396929739,300.4599025083934,-2.2306861935908765e-05
399,474,contact,0.002111845357525024,-0.00013815464247497614,0.00013815464247497614,0.0002770425583782472,0.0002770425583782472,0.0,0.0002770425583782472,300.368396929739,300.4857182163552,-3.250298939638843e-05
400,487,contact,0.002220492613723361,-2.9507386276639378e-05,2.9507386276639378e-05,0.00012803512164992373,0.00012803512164992373,0.0,0.00012803512164992373,300.18008995356377,300.2730461544856,-1.1901658493141638e-05
401,440,contact,0.0023369766771193937,-0.00016302332288060635,0.00016302332288060635,0.00031920146741576703,0.0031920146741576698,0.0,0.0031920146741576698,300.1510128370026,300.0448987597267,0.00033871769179934306
401,464,contact,0.0024382898171464358,-6.17101828535643e-05,6.17101828535643e-05,0.00019638957274630873,0.0003570719504478341,0.0,0.0003570719504478341,300.1510128370026,300.1449707331358,2.1574658125382274e-06
402,417,contact,0.00240011165659668,-9.98883434033199e-05,9.98883434033199e-05,0.0002498603902723978,0.0002498603902723978,0.0,0.0002498603902723978,300.28213858683694,300.2105310517318,1.7891886667819355e-05
402,478,contact,0.002383834977509978,-0.0001161650224900221,0.0001161650224900221,0.000269449696708428,0.000269449696708428,0.0,0.000269449696708428,300.28213858683694,300.2545502787053,7.433661258761617e-06
403,436,contact,0.002437308177953782,-6.269182204621812e-05,6.269182204621812e-05,0.00019794541868627908,0.00019794541868627908,0.0,0.00019794541868627908,300.3663839719345,300.3901001521542,-4.694509223229329e-06
403,454,contact,0.002451310852870358,-4.8689147129642e-05,4.8689147129642e-05,0.00017444402241414365,0.0003171709498438975,0.0,0.0003171709498438975,300.3663839719345,300.30219045523165,2.03603186664655e-05
403,496,contact,0.002451375215301811,-4.8624784698188955e-05,4.8624784698188955e-05,0.00017432868506464476,0.00017432868506464476,0.0,0.00017432868506464476,300.3663839719345,300.38074828226587,-2.504111331926362e-06
404,412,contact,0.002353090755793324,-0.0001469092442066759,0.0001469092442066759,0.000303015309232343,0.000303015309232343,0.0,0.000303015309232343,300.71047677448456,300.5928661225273,3.563782807184356e-05
404,437,contact,0.0023761635290737047,-0.00012383647092629535,0.00012383647092629535,0.0002782045907761671,0.0002782045907761671,0.0,0.0002782045907761671,300.71047677448456,300.5469196295439,4.550234857674083e-05
404,492,contact,0.0023411903916597645,-0.0001588096083402356,0.0001588096083402356,0.00031504921077928007,0.00031504921077928007,0.0,0.00031504921077928007,300.71047677448456,300.83328188809674,-3.868965412317509e-05
406,446,contact,0.002474257732208996,-2.5742267791004254e-05,2.5742267791004254e-05,0.0001268420962038142,0.0001268420962038142,0.0,0.0001268420962038142,300.90999594355003,300.8468176047499,8.01367292808302e-06
406,482,contact,0.0023710135393329155,-0.00012898646066708454,0.00012898646066708454,0.0002839305160015877,0.0002839305160015877,0.0,0.0002839305160015877,300.90999594355003,300.90990343444736,2.6266157256378843e-08
407,414,contact,0.002392382793659911,-0.00010761720634008907,0.00010761720634008907,0.00025934678321227675,0.00025934678321227675,0.0,0.00025934678321227675,300.08485231945264,300.1645210477219,-2.0661828399247824e-05
407,498,contact,0.002381026659867545,-0.00011897334013245484,0.00011897334013245484,0.0002726872523290817,0.0002726872523290817,0.0,0.0002726872523290817,300.08485231945264,300.16014127668416,-2.0530338878185257e-05
407,499,contact,0.0024155707177600906,-8.442928223990941e-05,8.442928223990941e-05,0.0002297135202811175,0.0002297135202811175,0.0,0.0002297135202811175,300.08485231945264,300.06754196037537,3.976423520970161e-06
409,457,contact,0.002420720478287404,-7.927952171259611e-05,7.927952171259611e-05,0.0002225976214391622,0.002225976214391622,0.0,0.002225976214391622,300.79728151166813,300.646577708251,0.00033546308182485097
409,486,contact,0.002425973944748789,-7.40260552512112e-05,7.40260552512112e-05,0.00021509598911185443,0.0021509598911185444,0.0,0.0021509598911185444,300.79728151166813,300.94546963291504,-0.000318746705142301
411,431,contact,0.002344238840327495,-0.00015576115967250517,0.00015576115967250517,0.0003120107767294517,0.0003120107767294517,0.0,0.0003120107767294517,300.5967899284127,300.51973983819204,2.4040458496824434e-05
411,473,contact,0.0023539840928519466,-0.0001460159071480535,0.0001460159071480535,0.00030209260495340406,0.00030209260495340406,0.0,0.00030209260495340406,300.5967899284127,300.7435571646221,-4.43372967083004e-05
411,474,contact,0.0023665506268829317,-0.00013344937311706839,0.00013344937311706839,0.00028880072402639117,0.00028880072402639117,0.0,0.00028880072402639117,300.5967899284127,300.4857182163552,3.20775908610512e-05
412,426,contact,0.0023901414895357133,-0.00010985851046428673,0.00010985851046428673,0.00026203352655753656,0.00026203352655753656,0.0,0.00026203352655753656,300.5928661225273,300.45287470631234,3.6682444478592094e-05
413,453,contact,0.002354014639992708,-0.00014598536000729216,0.00014598536000729216,0.00030206100377996094,0.00030206100377996094,0.0,0.00030206100377996094,300.90878206939584,300.792004067151,3.52740805774871e-05
414,456,contact,0.002356076097009603,-0.0001439239029903971,0.0001439239029903971,0.00029992072180661043,0.00029992072180661043,0.0,0.00029992072180661043,300.1645210477219,300.23632271957183,-2.1534809248151096e-05
414,498,contact,0.00242135633817082,-7.86436618291802e-05,7.86436618291802e-05,0.00022170315433759085,0.00022170315433759085,0.0,0.00022170315433759085,300.1645210477219,300.16014127668416,9.710090543450576e-07
415,423,contact,0.002395293639619159,-0.00010470636038084104,0.00010470636038084104,0.0002558153147057964,0.0002558153147057964,0.0,0.0002558153147057964,300.2565064134742,300.16103175162635,2.4423880667036027e-05
415,470,contact,0.0024998292505889275,-1.707494110725523e-07,1.707494110725523e-07,1.0330458940451058e-05,1.0330458940451058e-05,0.0,1.0330458940451058e-05,300.2565064134742,300.18042496906673,7.859562375815166e-07
415,478,contact,0.0024481518457808134,-5.184815421918664e-05,5.184815421918664e-05,0.00018001415607388116,0.00018001415607388116,0.0,0.00018001415607388116,300.2565064134742,300.2545502787053,3.5213194958581285e-07
416,422,contact,0.002430580523208396,-6.941947679160385e-05,6.941947679160385e-05,0.00020829587848719523,0.00020829587848719523,0.0,0.00020829587848719523,300.5593761137203,300.67755367057487,-2.4615898022491405e-05
417,420,contact,0.002384788908897389,-0.00011521109110261118,0.00011521109110261118,0.00026834107389501886,0.00026834107389501886,0.0,0.00026834107389501886,300.2105310517318,300.1483271679523,1.6691856973829004e-05
417,487,contact,0.0023481655516807156,-0.00015183444831928447,0.00015183444831928447,0.0003080528042390668,0.0003080528042390668,0.0,0.0003080528042390668,300.2105310517318,300.2730461544856,-1.925795271060793e-05
417,493,contact,0.002346106623255274,-0.00015389337674472613,0.00015389337674472613,0.0003101344232191161,0.0003101344232191161,0.0,0.0003101344232191161,300.2105310517318,300.11855007746414,2.8526466401627532e-05
418,483,contact,0.0024828005300668037,-1.7199469933196383e-05,1.7199469933196383e-05,0.00010368060912363381,0.00010368060912363381,0.0,0.00010368060912363381,300.4229528832859,300.5822330513654,-1.651426484779489e-05
419,422,contact,0.002377402891854892,-0.00012259710814510822,0.00012259710814510822,0.00027680894600914295,0.00027680894600914295,0.0,0.00027680894600914295,300.70634023755656,300.67755367057487,7.968379265424255e-06
419,433,contact,0.0024644918476026656,-3.55081523973344e-05,3.55081523973344e-05,0.00014897179346552153,0.0002708578063009482,0.0,0.0002708578063009482,300.70634023755656,300.6658372583971,1.0970548083779365e-05
420,471,contact,0.0023853117074294503,-0.00011468829257054976,0.00011468829257054976,0.000267731549983549,0.000267731549983549,0.0,0.000267731549983549,300.1483271679523,300.27290246325583,-3.335273690127603e-05
422,453,contact,0.002376695765406249,-0.00012330423459375097,0.00012330423459375097,0.0002776060997548403,0.0002776060997548403,0.0,0.0002776060997548403,300.67755367057487,300.792004067151,-3.1772128208902526e-05
422,463,contact,0.0023849153999670517,-0.00011508460003294835,0.00011508460003294835,0.00026819372666151743,0.00026819372666151743,0.0,0.00026819372666151743,300.67755367057487,300.5486499952607,3.457115706287544e-05
423,443,contact,0.00246234291884782,-3.7657081152179996e-05,3.7657081152179996e-05,0.0001534134144073213,0.0001534134144073213,0.0,0.0001534134144073213,300.16103175162635,300.24919967167415,-1.3526141655723903e-05
423,470,contact,0.002395467150286139,-0.00010453284971386097,0.00010453284971386097,0.0002556032688976475,0.0002556032688976475,0.0,0.0002556032688976475,300.16103175162635,300.18042496906673,-4.9569697722043155e-06
423,472,contact,0.002377136001578371,-0.0001228639984216292,0.0001228639984216292,0.0002771100846478133,0.0002771100846478133,0.0,0.0002771100846478133,300.16103175162635,300.15955705429826,4.086535014175153e-07
425,452,contact,0.0023688732068221805,-0.0001311267931778195,0.0001311267931778195,0.00028627651970802143,0.00028627651970802143,0.0,0.00028627651970802143,300.47728211467955,300.4528537100692,6.993278653877759e-06
425,468,contact,0.002463043989456949,-3.695601054305112e-05,3.695601054305112e-05,0.000151978638595715,0.000151978638595715,0.0,0.000151978638595715,300.47728211467955,300.58517712444825,-1.639773669591795e-05
426,437,contact,0.0023952892180486257,-0.00010471078195137436,0.00010471078195137436,0.00025582071597040175,0.00025582071597040175,0.0,0.00025582071597040175,300.45287470631234,300.5469196295439,-2.4058639594472985e-05
427,464,contact,0.0024692727088962856,-3.072729110371441e-05,3.072729110371441e-05,0.00013858050707015582,0.00013858050707015582,0.0,0.00013858050707015582,300.18984068651275,300.1449707331358,6.218100891195319e-06
428,444,contact,0.0023999553740226085,-0.00010004462597739154,0.00010004462597739154,0.00025005577624975935,0.00025005577624975935,0.0,0.00025005577624975935,300.9051401125678,300.8097677418383,2.3848412195539565e-05
428,448,contact,0.0024157544470206405,-8.42455529793595e-05,8.42455529793595e-05,0.00022946344068739945,0.00022946344068739945,0.0,0.00022946344068739945,300.9051401125678,300.9109038471774,-1.322566374731479e-06
428,449,contact,0.0024700132827578077,-2.9986717242192363e-05,2.9986717242192363e-05,0.00013690032241149116,0.00013690032241149116,0.0,0.00013690032241149116,300.9051401125678,300.8020646727956,1.4111060937516227e-05
430,470,contact,0.002424438014551001,-7.556198544899891e-05,7.556198544899891e-05,0.0002173159932117844,0.0002173159932117844,0.0,0.0002173159932117844,300.1872323558811,300.18042496906673,1.47935402674531e-06
430,479,contact,0.002415189397894555,-8.48106021054452e-05,8.48106021054452e-05,0.00023023167965313386,0.00023023167965313386,0.0,0.00023023167965313386,300.1872323558811,300.1382301696983,1.1281855631542564e-05
432,472,contact,0.002391719789189362,-0.00010828021081063814,0.00010828021081063814,0.0002601444440241783,0.0002601444440241783,0.0,0.0002601444440241783,300.1489314776781,300.15955705429826,-2.7641847222870662e-06
432,478,contact,0.0024301684797560846,-6.983152024391545e-05,6.983152024391545e-05,0.0002089131402101054,0.0002089131402101054,0.0,0.0002089131402101054,300.1489314776781,300.2545502787053,-2.206515538782272e-05
432,488,contact,0.0024833759864345954,-1.662401356540468e-05,1.662401356540468e-05,0.00010193139103523471,0.00010193139103523471,0.0,0.00010193139103523471,300.1489314776781,300.1539669870016,-5.132764699129116e-07
432,493,contact,0.00238741713154614,-0.00011258286845386,0.00011258286845386,0.00026526268637647193,0.00026526268637647193,0.0,0.00026526268637647193,300.1489314776781,300.11855007746414,8.059051836636095e-06
433,439,contact,0.0024753706000112384,-2.46293999887617e-05,2.46293999887617e-05,0.00012407004067451602,0.00022558189213548369,0.0,0.00022558189213548369,300.6658372583971,300.62028104193627,1.0276657507772726e-05
434,450,contact,0.0024272924975165234,-7.270750248347668e-05,7.270750248347668e-05,0.00021317173605375767,0.00021317173605375767,0.0,0.00021317173605375767,300.2490678071933,300.3699438617684,-2.5767358401101114e-05
434,451,contact,0.002443480216494498,-5.65197835055019e-05,5.65197835055019e-05,0.0001879491013304897,0.0001879491013304897,0.0,0.0001879491013304897,300.2490678071933,300.13726816245014,2.1012642758541875e-05
434,472,contact,0.0024344285339479572,-6.557146605204282e-05,6.557146605204282e-05,0.00020244052529700361,0.00020244052529700361,0.0,0.00020244052529700361,300.2490678071933,300.15955705429826,1.8120603835798826e-05
435,468,contact,0.002498007144045028,-1.9928559549719713e-06,1.9928559549719713e-06,3.5292137535965174e-05,3.5292137535965174e-05,0.0,3.5292137535965174e-05,300.5621204211765,300.58517712444825,-8.137203429935e-07
435,480,contact,0.002369515416577828,-0.00013048458342217184,0.00013048458342217184,0.000285574621839647,0.000285574621839647,0.0,0.000285574621839647,300.5621204211765,300.4787185873528,2.381744715493625e-05
437,483,contact,0.0024256421591199308,-7.435784088006929e-05,7.435784088006929e-05,0.0002155774815467592,0.0002155774815467592,0.0,0.0002155774815467592,300.5469196295439,300.5822330513654,-7.612778541080186e-06
438,452,contact,0.0024259986994431795,-7.40013005568205e-05,7.40013005568205e-05,0.0002150600215010052,0.0002150600215010052,0.0,0.0002150600215010052,300.50403491827376,300.4528537100692,1.1007031736924864e-05
438,461,contact,0.0024212919580463652,-7.870804195363483e-05,7.870804195363483e-05,0.00022179388228943956,0.00022179388228943956,0.0,0.00022179388228943956,300.50403491827376,300.3944788840437,2.429885816012449e-05
439,475,contact,0.002373176148666592,-0.00012682385133340815,0.00012682385133340815,0.00028154024061114265,0.00028154024061114265,0.0,0.00028154024061114265,300.62028104193627,300.54429049964097,2.1394395561990287e-05
442,463,contact,0.0024440259493346216,-5.5974050665378444e-05,5.5974050665378444e-05,0.00018703951899494805,0.00018703951899494805,0.0,0.00018703951899494805,300.4365759868016,300.5486499952607,-2.0962268634026445e-05
442,476,contact,0.002381330517244719,-0.00011866948275528113,0.00011866948275528113,0.00027233880869617297,0.00027233880869617297,0.0,0.00027233880869617297,300.4365759868016,300.3696154734213,1.823594644367746e-05
442,500,contact,0.002384012044544634,-0.00011598795545536599,0.00011598795545536599,0.0002692442611451612,0.0002692442611451612,0.0,0.0002692442611451612,300.4365759868016,300.544415534783,-2.9035179418487627e-05
443,472,contact,0.002498926685599239,-1.0733144007609406e-06,1.0733144007609406e-06,2.5900222015951677e-05,2.5900222015951677e-05,0.0,2.5900222015951677e-05,300.24919967167415,300.15955705429826,2.3217636921264772e-06
443,478,contact,0.002399176752554926,-0.00010082324744507386,0.00010082324744507386,0.00025102695005351747,0.00025102695005351747,0.0,0.00025102695005351747,300.24919967167415,300.2545502787053,-1.3431465639708951e-06
444,481,contact,0.002426069056416161,-7.393094358383893e-05,7.393094358383893e-05,0.00021495776268816005,0.00021495776268816005,0.0,0.00021495776268816005,300.8097677418383,300.80655802129183,6.899543475223731e-07
444,484,contact,0.0023031934234883527,-0.00019680657651164734,0.00019680657651164734,0.0003507194182245682,0.0003507194182245682,0.0,0.0003507194182245682,300.8097677418383,300.7192760897216,3.173717958455786e-05
447,466,contact,0.002383847614895883,-0.00011615238510411701,0.00011615238510411701,0.00026943503983348774,0.00026943503983348774,0.0,0.00026943503983348774,300.84924890051326,300.8024487797535,1.2609592401120525e-05
447,482,contact,0.002380839041529057,-0.0001191609584709429,0.0001191609584709429,0.00027290217852618786,0.00027290217852618786,0.0,0.00027290217852618786,300.84924890051326,300.90990343444736,-1.6552754448106002e-05
448,486,contact,0.0023958209548994138,-0.00010417904510058628,0.00010417904510058628,0.0002551703415130105,0.0004639460754782009,0.0,0.0004639460754782009,300.9109038471774,300.94546963291504,-1.6036660638798868e-05
450,495,contact,0.002472519670134092,-2.7480329865907892e-05,2.7480329865907892e-05,0.00013105421079153632,0.00013105421079153632,0.0,0.00013105421079153632,300.3699438617684,300.29357377917734,1.000862090205326e-05
450,496,contact,0.002436462683993957,-6.353731600604318e-05,6.353731600604318e-05,0.00019927574489580257,0.00019927574489580257,0.0,0.00019927574489580257,300.3699438617684,300.38074828226587,-2.153058942805412e-06
451,472,contact,0.002405559638109186,-9.444036189081408e-05,9.444036189081408e-05,0.00024295107775385315,0.00024295107775385315,0.0,0.00024295107775385315,300.13726816245014,300.15955705429826,-5.415110296439906e-06
452,461,contact,0.0023753193125556826,-0.00012468068744431746,0.00012468068744431746,0.00027915126661489184,0.00027915126661489184,0.0,0.00027915126661489184,300.4528537100692,300.3944788840437,1.629540662344207e-05
454,490,contact,0.0023619653786624384,-0.00013803462133756168,0.00013803462133756168,0.0002937203403511171,0.002937203403511171,0.0,0.002937203403511171,300.30219045523165,300.2038193838146,0.00028893584577315354
455,481,contact,0.002439820147982223,-6.0179852017777126e-05,6.0179852017777126e-05,0.00019393918508416678,0.00019393918508416678,0.0,0.00019393918508416678,300.7762636385424,300.80655802129183,-5.875267903055389e-06
456,462,contact,0.002293269194774133,-0.0002067308052258669,0.0002067308052258669,0.00035945340903400375,0.00035945340903400375,0.0,0.00035945340903400375,300.23632271957183,300.35762510568736,-4.3602556213186505e-05
456,490,contact,0.0024727915861430774,-2.720841385692261e-05,2.720841385692261e-05,0.00013040421258754117,0.00023709856834098393,0.0,0.00023709856834098393,300.23632271957183,300.2038193838146,7.706494374341378e-06
456,498,contact,0.0023930731398141597,-0.00010692686018584033,0.00010692686018584033,0.0002585136120519579,0.0002585136120519579,0.0,0.0002585136120519579,300.23632271957183,300.16014127668416,1.9693939972222355e-05
457,459,contact,0.0024432732262274722,-5.672677377252782e-05,5.672677377252782e-05,0.0001882929462508617,0.0018829294625086171,0.0,0.0018829294625086171,300.646577708251,300.4810632624349,0.00031165202649800186
458,479,contact,0.002395477101966963,-0.00010452289803303694,0.00010452289803303694,0.00025559110170475047,0.00025559110170475047,0.0,0.00025559110170475047,300.184573100773,300.1382301696983,1.1844840809600156e-05
458,489,contact,0.00249386120818145,-6.138791818550114e-06,6.138791818550114e-06,6.194146338757119e-05,6.194146338757119e-05,0.0,6.194146338757119e-05,300.184573100773,300.07107156533175,7.030451201966081e-06
461,471,contact,0.0024079382057062837,-9.206179429371636e-05,9.206179429371636e-05,0.00023987209390333993,0.00023987209390333993,0.0,0.00023987209390333993,300.3944788840437,300.27290246325583,2.916279062365428e-05
461,494,contact,0.002468443602535816,-3.1556397464184253e-05,3.1556397464184253e-05,0.00014043770296866563,0.00014043770296866563,0.0,0.00014043770296866563,300.3944788840437,300.48656231255484,-1.2931985181586586e-05
462,480,contact,0.002338032854987286,-0.00016196714501271392,0.00016196714501271392,0.0003181657832529233,0.0003181657832529233,0.0,0.0003181657832529233,300.35762510568736,300.4787185873528,-3.8527802440899215e-05
465,475,contact,0.0024003867072619777,-9.961329273802232e-05,9.961329273802232e-05,0.00024951614769642456,0.00024951614769642456,0.0,0.00024951614769642456,300.52180937392757,300.54429049964097,-5.609403883886075e-06
465,494,contact,0.002445790418085736,-5.420958191426411e-05,5.420958191426411e-05,0.00018406789154117855,0.00018406789154117855,0.0,0.00018406789154117855,300.52180937392757,300.48656231255484,6.4878522699007735e-06
467,487,contact,0.0023517063239273735,-0.00014829367607262656,0.00014829367607262656,0.000304439727278474,0.000304439727278474,0.0,0.000304439727278474,300.3731706687953,300.2730461544856,3.0481879830334136e-05
467,494,contact,0.0024011634750886915,-9.883652491130858e-05,9.883652491130858e-05,0.0002485414011177371,0.0002485414011177371,0.0,0.0002485414011177371,300.3731706687953,300.48656231255484,-2.81825180150398e-05
468,494,contact,0.002384034889866338,-0.00011596511013366216,0.00011596511013366216,0.00026921774427689357,0.00026921774427689357,0.0,0.00026921774427689357,300.58517712444825,300.48656231255484,2.6548857210234684e-05
469,470,contact,0.0024567174268319905,-4.328257316800954e-05,4.328257316800954e-05,0.0001644737311244746,0.0001644737311244746,0.0,0.0001644737311244746,300.1502727866483,300.18042496906673,-4.959241943903192e-06
471,487,contact,0.002377900667080103,-0.00012209933291989702,0.00012209933291989702,0.00027624641730696823,0.00027624641730696823,0.0,0.00027624641730696823,300.27290246325583,300.2730461544856,-3.9694187421377856e-08
479,499,contact,0.0023525978434943977,-0.00014740215650560235,0.00014740215650560235,0.000303523224508441,0.000303523224508441,0.0,0.000303523224508441,300.1382301696983,300.06754196037537,2.145551322843015e-05
480,491,contact,0.002365895460792805,-0.00013410453920719486,0.00013410453920719486,0.00028950878571210373,0.00028950878571210373,0.0,0.00028950878571210373,300.4787185873528,300.5835025363825,-3.033587384572246e-05
483,500,contact,0.0023606807521560397,-0.00013931924784396036,0.00013931924784396036,0.00029508393704584334,0.00029508393704584334,0.0,0.00029508393704584334,300.5822330513654,300.544415534783,1.1159341682424886e-05
488,493,contact,0.0024483862787558672,-5.1613721244132826e-05,5.1613721244132826e-05,0.00017960672531278728,0.00017960672531278728,0.0,0.00017960672531278728,300.1539669870016,300.11855007746414,6.361115142719885e-06
489,493,contact,0.0024833970461241375,-1.660295387586252e-05,1.660295387586252e-05,0.00010186680603815,0.00010186680603815,0.0,0.00010186680603815,300.07107156533175,300.11855007746414,-4.836484386369735e-06
498,499,contact,0.002396962232180557,-0.00010303776781944284,0.00010303776781944284,0.00025376880203671956,0.00025376880203671956,0.0,0.00025376880203671956,300.16014127668416,300.06754196037537,2.3498817569101507e-05
