<?xml version="1.0"?>
<VTKFile type="PolyData" version="0.1" byte_order="LittleEndian">
<PolyData>
<Piece NumberOfPoints="2682" NumberOfVerts="0" NumberOfLines="1341" NumberOfStrips="0" NumberOfPolys="0">
<CellData>
<DataArray type="Int32" Name="edge_kind" format="ascii">0 0 0 0 0 0 0 0 0 0 0 0 0 0 0 0 0 0 0 0 0 0 0 0 0 0 0 0 0 0 0 0 0 0 0 0 0 0 0 0 0 0 0 0 0 0 0 0 0 0 0 0 0 0 0 0 0 0 0 0 0 0 0 0 0 0 0 0 0 0 0 0 0 0 0 0 0 0 0 0 0 0 0 0 0 0 0 0 0 0 0 0 0 0 0 0 0 0 0 0 0 0 0 0 0 0 0 0 0 0 0 0 0 0 0 0 0 0 0 0 0 0 0 0 0 0 0 0 0 0 0 0 0 0 0 0 0 0 0 0 0 0 0 0 0 0 0 0 0 0 0 0 0 0 0 0 0 0 0 0 0 0 0 0 0 0 0 0 0 0 0 0 0 0 0 0 0 0 0 0 0 0 0 0 0 0 0 0 0 0 0 0 0 0 0 0 0 0 0 0 0 0 0 0 0 0 0 0 0 0 0 0 0 0 0 0 0 0 0 0 0 0 0 0 0 0 0 0 0 0 0 0 0 0 0 0 0 0 0 0 0 0 0 0 0 0 0 0 0 0 0 0 0 0 0 0 0 0 0 0 0 0 0 0 0 0 0 0 0 0 0 0 0 0 0 0 0 0 0 0 0 0 0 0 0 0 0 0 0 0 0 0 0 0 0 0 0 0 0 0 0 0 0 0 0 0 0 0 0 0 0 0 0 0 0 0 0 0 0 0 0 0 0 0 0 0 0 0 0 0 0 0 0 0 0 0 0 0 0 0 0 0 0 0 0 0 0 0 0 0 0 0 0 0 0 0 0 0 0 0 0 0 0 0 0 0 0 0 0 0 0 0 0 0 0 0 0 0 0 0 0 0 0 0 0 0 0 0 0 0 0 0 0 0 0 0 0 0 0 0 0 0 0 0 0 0 0 0 0 0 0 0 0 0 0 0 0 0 0 0 0 0 0 0 0 0 0 0 0 0 0 0 0 0 0 0 0 0 0 0 0 0 0 0 0 0 0 0 0 0 0 0 0 0 0 0 0 0 0 0 0 0 0 0 0 0 0 0 0 0 0 0 0 0 0 0 0 0 0 0 0 0 0 0 0 0 0 0 0 0 0 0 0 0 0 0 0 0 0 0 0 0 0 0 0 0 0 0 0 0 0 0 0 0 0 0 0 0 0 0 0 0 0 0 0 0 0 0 0 0 0 0 0 0 0 0 0 0 0 0 0 0 0 0 0 0 0 0 0 0 0 0 0 0 0 0 0 0 0 0 0 0 0 0 0 0 0 0 0 0 0 0 0 0 0 0 0 0 0 0 0 0 0 0 0 0 0 0 0 0 0 0 0 0 0 0 0 0 0 0 0 0 0 0 0 0 0 0 0 0 0 0 0 0 0 0 0 0 0 0 0 0 0 0 0 0 0 0 0 0 0 0 0 0 0 0 0 0 0 0 0 0 0 0 0 0 0 0 0 0 0 0 0 0 0 0 0 0 0 0 0 0 0 0 0 0 0 0 0 0 0 0 0 0 0 0 0 0 0 0 0 0 0 0 0 0 0 0 0 0 0 0 0 0 0 0 0 0 0 0 0 0 0 0 0 0 0 0 0 0 0 0 0 0 0 0 0 0 0 0 0 0 0 0 0 0 0 0 0 0 0 0 0 0 0 0 0 0 0 0 0 0 0 0 0 0 0 0 0 0 0 0 0 0 0 0 0 0 0 0 0 0 0 0 0 0 0 0 0 0 0 0 0 0 0 0 0 0 0 0 0 0 0 0 0 0 0 0 0 0 0 0 0 0 0 0 0 0 0 0 0 0 0 0 0 0 0 0 0 0 0 0 0 0 0 0 0 0 0 0 0 0 0 0 0 0 0 0 0 0 0 0 0 0 0 0 0 0 0 0 0 0 0 0 0 0 0 0 0 0 0 0 0 0 0 0 0 0 0 0 0 0 0 0 0 0 0 0 0 0 0 0 0 0 0 0 0 0 0 0 0 0 0 0 0 0 0 0 0 0 0 0 0 0 0 0 0 0 0 0 0 0 0 0 0 0 0 0 0 0 0 0 0 0 0 0 0 0 0 0 0 0 0 0 0 0 0 0 0 0 0 0 0 0 0 0 0 0 0 0 0 0 0 0 0 0 0 0 0 0 0 0 0 0 0 0 0 0 0 0 0 0 0 0 0 0 0 0 0 0 0 0 0 0 0 0 0 0 0 0 0 0 0 0 0 0 0 0 0 0 0 0 0 0 0 0 0 0 0 0 0 0 0 0 0 0 0 0 0 0 0 0 0 0 0 0 0 0 0 0 0 0 0 0 0 0 0 0 0 0 0 0 0 0 0 0 0 0 0 0 0 0 0 0 0 0 0 0 0 0 0 0 0 0 0 0 0 0 0 0 0 0 0 0 0 0 0 0 0 0 0 0 0 0 0 0 0 0 0 0 0 0 0 0 0 0 0 0 0 0 0 0 0 0 0 0 0 0 0 0 0 0 0 0 0 0 0 0 0 0 0 0 0 0 0 0 0 0 0 0 0 0 0 0 0 0 0 0 0 0 0 0 0 0 0 0 0 0 0 0 0 0 0 0 0 0 0 0 0 0 0 0 0 0 0 0 0 0 0 0 0 0 0 0 0 0 0 0 0 0 0 0 0 0 0 0 0 0 0 0 0 0 0 0 0 0 0 0 0 0 0 0 0 0 0 0 0 0 0 0 0 0 0 0 0 0 0 0 0 0 0 0 0 0 0 0 0 0 0 0 0 0 0 0 0 0 0 0 0 0 0 0 0 0 0 0 0 0 0 0 0 0 0 0 0 0 0 0 0 0 0 0 0 0 0 0 0 0 0 0 0 0 0 0 0 0 0 0 0 0 0 0 0 0 0 0 0 0 0 0 0 0 0 0 0 0 0 0 0 0 0 0 0 0 0 0 0 0 0 0 0 0 0 0 0 0 0 0 0 0 0 0 0 0 0 0 0 0 0 0 0 0 0 0 0 0 0 0 0 0 0 0 0 0 0 0 0 0 0 0 0</DataArray>
<DataArray type="Float64" Name="conductance" format="ascii">0.00019834868461047768 0.000160688333931989 0.0001787193761156939 0.00014087722324572594 8.415619342326548e-05 6.415834453700761e-05 8.449466329743397e-05 0.001739702612917482 0.0016777323233077006 0.00031796680937520687 0.0015865498294382763 0.00017945293922169125 0.0003472341900128518 8.822361262474607e-05 0.00015438582928226414 0.00012170468508152592 0.00014145076062318658 0.00027204335228933797 7.026011771702338e-05 0.00011279992156854312 0.002133253557504045 0.0018500032382360609 0.0016778290899072588 0.0003980792851855938 0.0003074735707483588 0.0003366637003025448 0.002311787281908666 0.002088703814308401 0.00017550047920758449 0.0001348637715454359 0.00010798992241821551 0.0001759193219979171 0.00016590987125591905 0.00030606874075598796 7.383874769234807e-05 0.00019842007296873683 0.00018770461706764982 0.00014817267482513812 0.0001426202111633993 0.00015634529493849462 0.00022651766834662956 9.110931667902645e-05 0.00012280514223046333 8.880600115661434e-05 0.00014291882377644223 0.00015781701186335718 0.00017148941509283186 6.505735276505642e-05 2.825330327584078e-06 9.682458365518543e-08 0.00018991106743896085 0.00018928857213471164 0.0001609815971586223 0.0002574213317821646 0.00026106559944825 0.00016906452491962534 0.0001522366248074338 0.00017724241285276896 0.002711772126699271 0.0013716095956418151 0.00014221721189198493 9.516716053482527e-05 0.000493612881702757 0.00032799306121144493 0.00012326978441104232 0.00019866212137433805 0.00020154937281918932 9.09320065811787e-05 0.00010901042231389015 0.00011103035681474249 0.00010338960011684742 0.0002525767949959901 6.640135396112299e-05 0.00013963172578020623 0.00010206954882515228 9.175787769395412e-05 0.0002215427884126344 0.00021324398240707396 0.00011320043945355021 0.00011334348053220497 0.0011570419737893971 0.00014844757653805743 0.00023434126257122577 0.00016325512047837682 0.00016311435056844242 0.00015621527441702103 9.74859542156272e-05 0.00014521329139288483 0.0003093512022837419 0.000263776304186587 0.0001530218463782973 0.0001929293015246671 0.00015906034782715592 0.00012617544424032288 0.00018723301330090817 0.00014735521482320198 0.00021734650895643192 0.00014511204146208583 0.00017816609266814066 0.00020853336968033295 0.0001961980771452528 0.0001457928582530802 0.00013496739433907414 0.00015886015258038738 7.946867803208349e-05 0.0001485422493606532 0.00016151366509108408 0.00016744194204978348 0.00012798073441351387 0.00011627535300839161 1.7604469755488263e-07 0.00034171356742904955 0.000305560304964711 0.0003878651848376194 0.00027317345289544704 5.321866222850155e-05 0.00021511125342165427 0.00020338936917785715 0.000295976564122 0.00030059672393899586 0.0001740728900279115 0.00015130432528266167 0.00022210432128408388 0.00019663677582553357 8.33952691760541e-05 0.00020219848227676565 0.00018372327531792487 0.0001638132242534365 0.00013414161258823004 0.00022232190578911238 0.0001776242217685312 0.00024495269324461666 4.001570590564777e-05 8.503125910310375e-05 6.317492493106878e-05 9.014191599670785e-05 8.266549969328273e-05 9.512144940556682e-05 0.0001302958294741381 0.0001906817387422617 9.976008638988335e-05 0.00018636404921908088 0.00015964224161158747 0.00015635639782136812 0.0001305985552383764 0.00028899082779573347 0.0001195743634377486 5.9120006550211006e-05 0.00018688819909005888 0.00016816577210629704 0.0002082707048046958 0.00023919742635840257 0.0002237610429077991 0.0003591043000023432 0.00019138998569727197 0.00022693802130080266 0.00023117567218705037 0.0001531576332247248 0.00014675737624498928 6.281467297943724e-05 0.0002676335520822951 0.0001410537981012896 0.00026835656964063043 0.0001230619869066279 0.00027441094253022314 0.00024330419913924138 0.00012175981588589125 0.00011818429039242833 0.00018319076634950814 0.00022251165863142696 8.770495371421115e-05 0.0001939393014714029 0.00013302716022343025 0.00014721640630584455 0.00015592959136230227 0.00017105449955905097 8.098674274307547e-05 0.00011473242438313844 0.00018960080124829718 0.00017778913244380647 0.0001290814328222918 0.00022682764472947397 0.0001311259345345907 0.00012954902123250186 7.509957454399965e-05 0.00013605127132347865 0.000220152707801174 0.00015445168210207266 0.00015409693222949902 0.0002863169235142319 0.00034815910170397013 0.0002526412963286104 0.0001405614850473664 0.0001749590314953268 0.0001370263526859265 0.00015281685875566817 9.520998576547344e-05 0.0005003179182555756 0.00039639530446253983 0.0024614770728556344 0.0015487218135550383 0.00013991302398295817 0.00016908674468789331 0.00016729973889574048 0.00012125468002706286 0.0002198390180685902 0.00023890447194805276 0.00028053004132737146 0.00012815385735550922 0.00019602446842191111 0.00015510555725149769 5.710086439614525e-05 7.805742633245819e-05 0.00028443233438181183 0.00022691335525280238 0.00043867280713341997 0.000526648621224272 0.0024878417566112083 0.00024532967285277824 0.00022040711734816427 0.00022964814522175294 0.0002702125591580558 0.00224399469428896 0.0002481445012865913 0.00189919755801429 0.00042160987907123126 7.047687569782339e-05 0.0001320232500852617 0.00011111375746183587 0.00014840669855782732 0.0003118995931382587 0.00016878743683535144 0.00010783072310180248 0.00019028257937391956 0.00013331229470045278 0.00021415947225503725 0.00016261297509463865 0.00013673234121141769 0.00017658195092718366 9.061571164375289e-05 0.00016297182155249453 0.00017689552102539565 1.9877368586448587e-05 0.00013861104077486053 3.5933367572960035e-05 0.0004151982419599645 0.0002274130099206401 7.958216737786617e-07 0.00020626012318640394 0.00013415924876335574 0.00018750017592907445 0.00011090865066973786 0.00018818435938351856 0.00010691853190860762 0.00018295288478855653 0.00011552316223585727 0.00016447514911307304 0.00019819121479398806 0.00033313133589098583 5.8624218437761836e-05 0.00021972356923252183 0.00018474895874108277 0.00030044802514093673 0.00013721892762783003 0.00013599312626733602 5.144579988497666e-05 5.9521558248391e-05 0.00020463733868052752 0.0002120029377146176 8.571827033672959e-05 5.9968299301640606e-05 0.00012325825323143607 0.0001758534900041643 0.00014700168075019088 0.00019268882424666232 0.0001955623221544235 0.00011053930803130995 0.00022690634296915367 0.002167300592706399 0.0017818501810866316 0.00035472211228216964 0.000417023020975883 0.00014540885756076106 4.2324224687043415e-05 0.0001309112175674224 0.00012296486834007585 6.806785880035373e-05 0.0001283659414420934 0.00016322756027866437 0.00012000932328001044 0.00016964590431401655 0.00011055213014199474 0.00013498164415741632 0.00014013245029050124 9.340642134612171e-05 0.00020584533905294684 0.0001840132246737661 0.00018575871091219836 0.0001144348781814296 0.0002880512470847526 0.00022949848187329926 0.00012307261590379983 0.0002771018928043068 0.00019300185202066527 0.00020670746268571958 9.06837515123184e-05 8.599874014733822e-05 0.00026729949331127814 0.00017714690476608057 0.00015129293862018383 0.0001341968488758596 0.00010411778127938418 0.0001659543962909979 0.0001639461326719936 0.00023824422914261184 0.00021938590451659398 0.0002926440779119627 0.00020937588822835188 0.00017373298853391828 0.00012677926542704055 0.00019273194782263653 0.00021571334136184848 0.00025685429433594623 0.00028184657241361795 0.0001807994072088763 0.0002111465843266287 0.00017922397970508816 0.00023607952059024082 0.00026091721806503087 0.00018836216173987258 0.00022245403259572912 0.00011893690628533865 8.154107153698183e-05 0.0001927535560133762 0.00010140350240993542 0.00020458666585922408 0.00019062956827160324 0.00020415458152114836 0.00027737190859403903 0.0003145473595282584 0.00022039059509585174 0.00015711698678118913 0.00020330781502091348 0.0001815537471124008 0.0001964453007494523 0.0020560918368847042 0.0028244117598498503 0.002383527475286153 0.002380130426798885 0.0004092153764659869 0.00048081095664790475 0.00012054094084857466 0.00016596821042500843 0.00018207058529261892 0.00021138709766809779 0.00018459004774021995 5.40217951531826e-05 0.00011871387060261448 0.00015257580536368206 0.00017508582410956695 0.0002008419353747935 0.00017347596032669856 0.00019093120195700424 0.00019917781627750884 8.917094580800338e-05 0.0001791655365456331 0.0003478109373732895 0.000318062190257684 0.0005825953748395271 0.00016799941036768707 0.00019990934571663234 0.0001418716760371791 0.00019525387136353194 0.00021917894969557733 0.0001753979819015197 0.00026784224285663255 1.590998957287409e-05 0.00014511465950898684 9.104671875146767e-05 4.69943427820079e-05 0.00029705252512327057 0.0003021866862077758 8.228152061349129e-05 0.00021751986878142986 0.00013017785853669663 0.00019209503180915905 0.0002537420337263212 0.00013546353551623953 0.0003270660890812289 0.0004702518807925558 0.0002113340451893673 0.00023744054378767838 0.00017668118543008872 0.00022981661419860204 0.00017104699949606193 0.00023955684518381197 0.00020366413061068386 0.00011255284637183671 0.00017660578209380403 0.00016878277395175842 0.00026862350373530326 0.00023589653742524786 0.00018586148938732865 0.00022032632560159087 0.00010870265206425713 0.0002996470269869198 0.0003031331586218215 0.00013729649626069516 0.0002751511815502407 0.0001849873404562723 0.00018475797674382682 6.721547814926908e-05 0.00010612414090398722 0.00018561563978580702 0.00015802942286026125 0.00017210222881640282 0.0001770124605891763 0.00016192131778580032 0.00025767867235895964 0.0004515344649338104 0.00025454538012794514 0.000181874685608329 0.00021335480755241116 0.00022912313721842125 0.00039277296212396334 0.0002265289250785695 0.00023250674251074188 0.0002638148388806868 0.00026610334221506603 0.00019443893645297616 0.00026749072056030267 0.00016788042244469275 0.00012465009526872864 0.00024675246716481067 0.0001757651308161514 0.00017469719863835205 0.00024420383245663023 0.0002810424748577545 0.00019112515316598537 0.0002010922792756393 0.00022359337848096796 0.00021148685085092939 0.00025355054148178 0.00017356584379167928 0.0001989884445479037 0.0002126078754493915 0.00018309362740299143 0.00016754705878536445 0.0001480650775539786 0.00020684692790241127 0.0002042670950607266 0.00018860525555714316 6.0063133464179545e-05 0.0001645368538467756 0.0002603522971212676 0.0002356971293655673 0.00022969951499659388 0.00017127942368219302 0.00012879164470129914 0.00024416093025138915 0.0002458020369644071 0.00019036409610333034 0.0002507538781861516 0.00017926990721635905 0.00025832944798880557 0.00022906371220875887 0.00016169192249410996 0.0002471495441325318 0.00024369809841370984 0.00012555038393500699 0.00011816365418339094 0.0002667687973410162 0.0002473763738749926 0.00024635192662048473 0.0002775551181449402 0.0002988494877443087 0.00032894901969703126 0.0028564367656164044 0.00010420571065289583 0.0002090918503913265 0.00303523860804054 0.0001674003688760052 0.0001671590461395307 0.00012357734874470674 0.00023358341222980041 0.00023068399504039275 0.00018585246308111764 3.760344948205806e-05 0.00018581894290677572 0.0001556701604341887 0.00012410602838662 0.00014029468097496707 0.00022008906744185595 0.0002981249245866456 0.0002594656752585943 0.0002619337265664829 0.00017440995966954068 0.00013003974072597172 0.00017243483090202666 0.00023348843671202655 0.0002468314098199584 0.00028559815610313175 0.00023027672921180565 9.07385302177976e-05 0.00021911024581751061 8.437823247253699e-05 0.00012654191080696875 0.0002129856026001141 0.00016299693878742735 0.0001944333591874427 0.00015817457666073036 0.0002295727628484166 5.1584351562134506e-05 4.701417043578643e-05 0.0002669858520392517 0.0002492367911072865 0.00012491422247769266 0.00020735411701323345 0.00015360837539618808 0.00018154770287911968 5.5363766462848334e-05 0.0002233278035854014 0.00015810789930043108 0.00026051060783068226 0.00021277251420851644 0.0001830287453622137 0.0002457218837097081 0.00018733326747655442 0.0001753802642088005 0.002381492579649694 0.0004867588718104941 8.229866531880454e-05 0.0004193748698490402 0.00047351370330062087 0.0017812551780211857 0.0003231214264775142 0.00034698496722630577 0.001934859770979809 0.00017597375112073175 0.00017753004956252638 0.00020004439222843945 0.0001013648601131558 0.00017900334706178253 8.725609031513038e-05 0.0002787152056954538 0.00016245624151405697 0.0002488767086141255 0.0002665996353468265 8.1941129948589e-05 0.00015292854171068446 0.00012267196511299753 0.0002997254378791258 9.25802712345438e-05 9.411619860466873e-05 0.0003161088615883853 0.00018574399193924907 0.0002481781038772582 0.000322870957557879 0.00022698329704505087 0.00013432481562975206 0.00014562622547978666 0.00014181458559014734 0.00043493332400515775 0.0023789527254693106 0.00012778526924322396 0.0004574455922472893 0.00015736893937814156 0.00022070596299877772 0.00021857248104101992 0.00017202858679707178 0.000245967021278704 0.0002511545101766089 0.0001627158353346697 0.0003019577796552117 0.00013515370085047517 0.00015099010449435259 0.0003340010265751682 0.00023102897091462939 0.00027535101616360253 0.00024977575986967173 0.00019112649857916394 0.0002409120574032765 0.00021455109272210202 0.00011299394741708816 3.456032410572989e-05 0.00017099893812044223 0.00017541987691331508 0.00024098560682683453 0.00011800152455748306 0.00021387645428667625 0.0001651505801231979 0.0002348933191640035 0.00027739868237185384 2.5886152905665694e-05 0.00023503313033384785 0.00020404567172871372 0.00020549285663810061 0.00043098175656492663 0.00014192850544408496 0.00014839446600935092 4.607083444944395e-05 0.00022003220007742945 0.00019320459135185677 0.00026078977467140004 0.0022775089584445487 0.00031740893554502874 0.00049533890293775 0.00024157540843171982 0.000459497919010687 0.0023532587700805887 0.00018860783550157798 0.00019516450472021344 0.00016345427671066986 0.00022725578477470862 0.0004391530826775748 0.0002605043608935344 0.0021103111778601113 0.0015816431301818022 0.0014562303033181236 0.00030005277375634137 0.00022126165404499944 0.00018748154248416347 0.00011285992825256485 0.00025093292320102636 0.00020659743458511186 0.00010980390775882914 0.0002476145237873063 0.0003007924452733622 0.0002701047722628476 5.21804517389196e-05 0.00014659536432334955 0.0001605354514100142 0.00030969892310097295 0.0002834006677627624 0.00020119655880515192 0.0001291852809420265 0.00015192189452251187 0.0002637519878501002 0.0002481348138153641 0.00021352449690156675 0.00031267340533521 0.0002672974344758566 0.00027155015302193476 0.0003215863888117986 0.0001834436583577526 0.00023186093240620234 0.00026795811916528436 0.0002703194283699651 0.000401418896813719 0.0005218270203326198 0.00030035362094876013 0.00017351177387544322 0.0017183836707422412 0.00044215382482470683 0.002336700523362493 0.0009312014656791135 0.0002963612613605263 0.0003393377588398629 0.00017856324741861816 0.00026262591930332433 0.00024407357991329849 0.00032374831494795157 0.0002639017352571178 0.00025402717175318984 0.00021739966428210785 0.00017042997851058237 0.00022592350269442713 0.000180757305349715 0.00025732037616647694 0.00033673697066696935 0.0002995638837555391 0.00033769064090382375 0.0001567274014726693 0.00023214945435440736 0.0001952644009791546 0.00018906651893169665 0.00016532051829086563 0.00020597531761642362 0.000214956393975615 0.0002039002674335918 0.0002316371975057422 0.00025066228618069825 0.00014306703984699046 0.000290998128004268 0.0002742265045693065 0.00015361200590070467 0.0001445741798405567 0.0002744041983336311 0.0002184710861224664 0.0001927686189589874 3.071526538629273e-05 6.091779920439906e-05 0.00040021362519184535 0.00036057769709997 0.00023798799140680948 0.0002694704885857674 0.0003071173697271824 0.0002225778643900205 0.00039176554484957575 0.0001662649643048553 0.00018298769315315782 0.00013667895948037023 0.0001910194913904622 0.00013150824884906558 0.0002311618530605444 0.0002852610183784909 0.001847345496886811 0.0012457029050391708 0.0020236983629477816 0.0002484906174758447 0.00026821347561236986 7.621339331358141e-05 0.00025542361339192125 0.00020199187286403043 0.000234261130329396 9.394909340587142e-05 0.00018562801320705423 0.00035199208416205973 0.002618499347443525 0.0029460781081935314 0.00027673414641800483 0.0001793567568944655 0.00018444265438999802 0.0002341082818059306 0.0002090321291403966 0.0002660848810043427 0.00024218611639663672 0.000239958692284823 0.0002207501184751461 0.00028166141020309675 0.00013420952915078123 0.00029587057873980537 0.0002583113150774804 0.00023557982239850872 0.00012229194799725354 0.00023667364995078535 0.00029739423851965637 0.0002804650449672504 0.00017570542944597578 0.00019706298663798934 0.0002326597646339946 0.00028661521650568094 0.00014254969065658835 0.00028794238814190237 0.0003193648117264215 0.00032718632538288224 0.00020893680653698702 0.00029902137139272247 0.00026422818647245394 0.0001877076668626694 0.0002778095685693379 0.00025879635564449394 0.0002111970289693453 0.0002965082338997829 0.00023858357306446584 0.00014766443709773465 0.0001726524898197914 7.722176813183621e-05 0.00025180293616594395 0.0001312512855793155 0.00012984394167058736 0.00019476952311005654 0.00018032713786089296 0.0011447650307227176 0.0027499193139923417 0.0025822377555576883 0.0004657251803622867 3.80553103366921e-05 0.0001826274033168791 9.419733395396623e-05 0.00018349984860638248 0.0003239650073214946 0.00025046048952517765 0.00024928873047006027 0.0030452156574610496 0.0004265859926822603 0.0004902393154103073 0.00011107313515360509 0.00043211808691430485 0.0004220093995227961 0.0002297681803004499 0.00018764250314350553 0.00024596994058240516 0.00010209465189598385 0.00013047759756027678 0.00011181411720625474 0.00023863956576257878 0.00030005937533545427 0.00042993191086777795 0.00010186532514569291 0.00022863174135581165 0.00016636086520756434 0.00020345178286596306 0.0002364668951085764 0.0002257607596611634 0.00017784906325483117 0.00023089801801391463 0.00024154456885429757 0.00031324085212900083 0.0002517162891578581 0.0001992096268574472 0.0003094757400603472 0.00023884413781982862 0.00024115689756181742 0.00021286383161212146 0.00027823627175834175 0.0002480196411704425 4.988073151927249e-05 0.0004106755798529269 0.00022909450056219908 0.0002276944230801519 7.814029234052366e-05 0.000269475893010109 0.00019689950735293533 0.00011509821445729394 9.478997236083759e-05 0.0002068632377066259 0.00031876368227513413 0.00025778025223868327 0.00040540386536771323 0.0004779627240203664 0.0004221180595987266 0.00013549877524355732 0.00010399419208720617 0.00013155827876571547 0.00013881111096738168 0.00017804711219431284 0.00024306820475428878 0.0002453680684288049 0.00020942574726797255 0.0001806785124612949 0.00015215845054512817 4.819337102030384e-05 0.00020829971919669323 0.0001848530354221154 0.00026035589114200636 0.0002532935773248563 0.00028343084929709694 0.00027487313623653884 0.00014215552912409898 0.00030615531336156105 0.0002768355316319485 0.00011543503627275007 0.00011745167520315619 9.557365068403877e-05 0.00038953738988581235 0.00039180778469070866 0.00016722080792283927 0.0028585800242755814 0.00019354180358023548 0.00021671153095942052 0.00022139670129262158 0.0002074144289925236 0.00021453334097465342 0.0002747128177998639 0.0002977998689345769 9.753938756862243e-05 0.00018917576978712784 0.00015803941423241005 0.00017545963513616606 0.00018262324910289486 1.331361133124104e-05 0.00013944711328856373 0.0001260762087748524 0.00018929707552288347 0.0002174801790881733 0.00023905752004997965 0.00019651540813444177 0.00012244537251589733 9.403683968740516e-05 0.00020347872933999806 0.00020195929534705626 0.00011427214912017071 0.00026977602272399125 0.00019273273973011463 0.0002090659563702223 0.00023924631891417546 2.7657163408410995e-05 0.00023192653379266393 0.00023246464066319292 0.00014802082571540809 0.00034523945689438084 0.000222605514774611 0.00017407781018830148 0.00019041510877860422 0.00010613136854672517 0.00020859205060983957 9.63197560105366e-05 0.00010403853751132211 0.00013367445750546938 4.063690784968267e-05 0.00019439161371263922 0.00026065367678547257 0.00018077227484642732 0.00018536231705900755 0.0002790859179257899 0.00018478285086238116 0.00022774984534158036 0.0002455875095617674 0.00023082987098245158 0.00024505719211806296 0.00021275464841874676 0.00022990730568526506 0.00048383823640191855 0.0002686381340952346 0.00025344884294134057 0.0001514569128298315 0.00019676329525258443 0.0004057315544701151 0.00023509298204151474 0.0003208289458892686 0.00015998618047383985 0.0001252696426190583 0.0002194285196615398 0.0001854730953109901 0.0001988890211069643 0.00017317480306342281 0.00019113197286787622 0.00021508548329051116 0.0002590148195093083 0.00011994551674876993 0.0002924696121988298 0.00017519440709084122 0.00028164978341482143 0.00022391993027811964 0.0004292608611546344 8.856492851236812e-05 0.0001351953964355392 0.00030467166854253986 0.0005455899302699648 0.00028659535831193964 0.00024299260599535712 0.00023050995062111408 1.0540925533894598e-07 0.00038816990940892317 0.00018186825226288304 0.0001888042417949569 0.0002124061933874007 0.0002200822068399815 0.0001302043801592725 0.00015733342601702573 0.0001540932498727803 0.00017626504387501134 0.0004396539895056809 0.0003266323804328463 0.00020451781480025971 0.00019992910850920754 0.00023006432672938293 0.0002388722313724916 0.0023678641223099073 0.002072312868384411 0.0002638848605831795 0.000341204413883248 0.00040955402903267006 0.0002291143352955273 0.00017529242632699746 0.00018727315843097126 0.000454443031889713 0.00039369261026760344 0.0002661286812641659 0.0001073179371784912 0.0002940760021417333 0.00021501374351657904 2.9363552699489704e-05 0.00016425088503224753 0.00016773460109673302 0.0001936188316710718 0.0001786434309485234 0.00017220044046043024 0.00029397360918128473 0.0002298533327766895 0.00023066451414844192 0.0002554039693625531 0.00043377769468476137 0.00022765504348934066 0.002037163911128538 0.0003133404210638112 8.332873276989222e-05 0.00019244831229652418 0.00018774306005369553 6.703271695612226e-05 0.00020784925575285934 0.00041794218849139977 0.0002258928650299811 0.0002731798427569245 0.00024510281077636914 0.0001840308352613385 0.00013699584296824913 0.00020114210925445213 0.00019739718723264213 0.0001816882852325615 7.971608881288656e-05 0.00018259054117949187 0.00015848659075183132 0.00010652474653101955 0.00022970575813807779 0.0001759608924048336 0.000223398931359446 0.00024317023692260124 0.00028571885484461444 0.00019387412859955827 0.00010238624609069412 0.0002632506231163382 0.0004197216606451133 0.00029346011468911877 0.0004697227472658903 0.00020689526921483512 0.0001493852734146114 9.053087082403299e-05 0.00020201046934203816 3.918251933413678e-05 5.5322068240455025e-05 0.0003001799614104221 0.00019766347032039726 0.00031457543116575115 0.00025564068347191265 0.000178247883622293 0.0002903186577793951 0.0002529710816340375 0.0001749759962103717 0.00015899592525736193 0.0002057162564248667 0.0001467934278711797 0.0002177437316424237 0.0001667905870873887 0.0001453598820989466 0.00019276080246499456 0.0001668061896999097 0.00023804787708160807 0.00011197266589902706 0.00018207979421279514 0.00014225520426019932 0.00017105863246525646 0.00020598036616695665 0.00024282222571766652 0.00021423059556902597 4.80012142442233e-05 3.2410756313436354e-05 0.00023596656786749128 0.000237182212911131 0.00021606907581780813 6.0812206420448266e-05 0.0001911690526309603 0.00010604223076589974 0.00017070708636446775 0.00015184337414329374 0.00031085432831424407 0.0003831614412186726 0.0020439300282096887 0.0003802792534540645 0.0017268956283394779 0.00042883770785870324 0.0004284023152356002 0.0005358467600773691 0.0002057696264880193 0.00019796163166753596 0.0002690567592036436 0.00017204692480489434 0.00019825506791506134 0.0002841407495254977 0.00011758967078059276 0.00021552921961443732 0.0002535021920150053 0.0002730234684834886 0.0002664120769605057 8.782884837141515e-05 0.00024240336292005778 0.00024061108766784212 0.00020121769439257936 0.0002989049660482856 0.0003907516146931406 0.00031537096079489415 0.00017208855163837022 0.00031974369250400926 0.0002390200104132273 0.0002564300483399695 0.00013530188778762488 0.00011107958323069114 8.001598723591391e-05 0.0001839253478792698 0.0002108106855759543 0.0001301516948692501 0.00015602528303750252 0.0001956053228359882 0.00020435583604679297 0.00027695228751256894 0.0002898167042079354 0.00023621304338994833 0.000288582563573995 0.00021654051735373368 0.00026751331991169456 0.00010074791383375776 0.00013376735769352041 0.00013300728390987953 0.0001915962416867039 0.0002775711366886521 0.00024929682548283143 0.00024047245410623242 0.00032831211997445657 0.00024323214611101493 0.00036197762488806586 0.00010926289938058932 0.00017442543287978128 0.0002691862393355252 0.00014628707618398348 7.224272690723883e-05 0.00014396476160387155 0.00015142735625000537 0.00020811576435034296 0.0018709440412398414 0.00010974040352480656 0.00022852372944969 0.00021811513314452818 0.00020621183892151904 0.0004598387084985445 0.0002508365174285405 0.0004768819634679235 0.00028226237577138154 0.00018535570322059135 0.0002237411275228308 0.00020584814411694048 0.00022320724274010084 0.0003068313334519886 0.0021954531435245733 0.00028797136962278554 0.00020985508506220218 0.00022540593955103677 0.00027168008435757816 0.0005745126286655322 0.00021160652214867275 0.00012690084502776144 0.00038385389296689636 0.00042836896166836537 0.00018747415015692276 0.0002175405939020129 0.0002680268221785838 0.000287122664709208 0.00031914380798415964 8.909256665910331e-05 0.00014825488387021758 0.00017011496662262593 0.0001930604399938548 0.00025896537838665344 0.0003112525848178101 0.0003558859803631636 0.00011642408061370199 0.00023035785750054775 0.00022536447400474575 9.590173646870014e-05 0.00039112340446007996 0.00010911224520198214 0.000398208230562824 0.00011824479669788608 0.0002690451537693976 0.0001706312929583229 0.00018349825666318383 0.00020697020630357351 0.0002575321910498918 0.00023254664554565166 5.1970550277500926e-05 0.00023914476040355715 0.0002087761691267648 0.00020405336751672467 0.0001701280884300358 0.00023784367789497353 0.00010608599319049771 0.00010193727754233106 0.00020393715855714578 0.0002450933054179009 0.0002493903150857507 0.00016031749945914883 0.00017535729998808308 0.0003336098894375045 9.606605862578245e-05 0.00018500395418002654 0.0019420743968912402 0.002085972628299326 6.969551434094916e-05 0.00018325702635139292 0.00010338701130007725 0.00022439176668448646 0.00014591437787399834 0.0026396440141268768 0.00033760338294639406 0.0012185596817560875 0.00016629679539651845 0.00019015841318043006 0.0002561643394940237 0.00031101375777768686 0.0005310389415926451 0.0001354254079367786 0.0004860370326579625 0.0001832478994602965 0.0003417994403481681 0.002171635523926239 0.001839158036460262 0.0005216659951086783 0.0029253269754219396 0.0001880959337123924 0.0001320780138400504 0.00024450281720282257 0.00023992633221924718 0.0004362150022544205 0.0001389723532761799 0.00045009335011657396 0.0001374595245124583 0.0004812760568904678 0.00012944831371425883 0.00017209795205863995 0.0001999008909717366 0.0022394977785687676 0.0016152920352344858 0.00028193003006842703 0.00023372173164747215 0.00039007617726249645 0.0001807819670875336 0.0002506899510532605 0.00024101901100432715 0.00024950944890134164 0.00025528399495210603 0.00012288100100242476 0.00012105589463669811 0.0001506707960439112 0.0001739254367267907 0.0001627113852265692 0.0001483705533643583 7.985199964451833e-05 0.0001419592446450832 0.00028511372428373534 0.00021347943826441226 0.00016389837525777014 0.0032910070204593676 0.002676233655583792 0.0001123520537804127 0.00022191369340920455 0.00011285612430036014 0.0003050382372528087 0.00024377597807626319 0.0002770425583782472 0.00012803512164992373 0.0031920146741576698 0.0003570719504478341 0.0002498603902723978 0.000269449696708428 0.00019794541868627908 0.0003171709498438975 0.00017432868506464476 0.000303015309232343 0.0002782045907761671 0.00031504921077928007 0.0001268420962038142 0.0002839305160015877 0.00025934678321227675 0.0002726872523290817 0.0002297135202811175 0.002225976214391622 0.0021509598911185444 0.0003120107767294517 0.00030209260495340406 0.00028880072402639117 0.00026203352655753656 0.00030206100377996094 0.00029992072180661043 0.00022170315433759085 0.0002558153147057964 1.0330458940451058e-05 0.00018001415607388116 0.00020829587848719523 0.00026834107389501886 0.0003080528042390668 0.0003101344232191161 0.00010368060912363381 0.00027680894600914295 0.0002708578063009482 0.000267731549983549 0.0002776060997548403 0.00026819372666151743 0.0001534134144073213 0.0002556032688976475 0.0002771100846478133 0.00028627651970802143 0.000151978638595715 0.00025582071597040175 0.00013858050707015582 0.00025005577624975935 0.00022946344068739945 0.00013690032241149116 0.0002173159932117844 0.00023023167965313386 0.0002601444440241783 0.0002089131402101054 0.00010193139103523471 0.00026526268637647193 0.00022558189213548369 0.00021317173605375767 0.0001879491013304897 0.00020244052529700361 3.5292137535965174e-05 0.000285574621839647 0.0002155774815467592 0.0002150600215010052 0.00022179388228943956 0.00028154024061114265 0.00018703951899494805 0.00027233880869617297 0.0002692442611451612 2.5900222015951677e-05 0.00025102695005351747 0.00021495776268816005 0.0003507194182245682 0.00026943503983348774 0.00027290217852618786 0.0004639460754782009 0.00013105421079153632 0.00019927574489580257 0.00024295107775385315 0.00027915126661489184 0.002937203403511171 0.00019393918508416678 0.00035945340903400375 0.00023709856834098393 0.0002585136120519579 0.0018829294625086171 0.00025559110170475047 6.194146338757119e-05 0.00023987209390333993 0.00014043770296866563 0.0003181657832529233 0.00024951614769642456 0.00018406789154117855 0.000304439727278474 0.0002485414011177371 0.00026921774427689357 0.0001644737311244746 0.00027624641730696823 0.000303523224508441 0.00028950878571210373 0.00029508393704584334 0.00017960672531278728 0.00010186680603815 0.00025376880203671956</DataArray>
<DataArray type="Float64" Name="g_contact" format="ascii">0.00019834868461047768 0.000160688333931989 0.0001787193761156939 0.00014087722324572594 8.415619342326548e-05 6.415834453700761e-05 8.449466329743397e-05 0.001739702612917482 0.0016777323233077006 0.00031796680937520687 0.0015865498294382763 0.00017945293922169125 0.0003472341900128518 8.822361262474607e-05 0.00015438582928226414 0.00012170468508152592 0.00014145076062318658 0.00027204335228933797 7.026011771702338e-05 0.00011279992156854312 0.002133253557504045 0.0018500032382360609 0.0016778290899072588 0.0003980792851855938 0.0003074735707483588 0.0003366637003025448 0.002311787281908666 0.002088703814308401 0.00017550047920758449 0.0001348637715454359 0.00010798992241821551 0.0001759193219979171 0.00016590987125591905 0.00030606874075598796 7.383874769234807e-05 0.00019842007296873683 0.00018770461706764982 0.00014817267482513812 0.0001426202111633993 0.00015634529493849462 0.00022651766834662956 9.110931667902645e-05 0.00012280514223046333 8.880600115661434e-05 0.00014291882377644223 0.00015781701186335718 0.00017148941509283186 6.505735276505642e-05 2.825330327584078e-06 9.682458365518543e-08 0.00018991106743896085 0.00018928857213471164 0.0001609815971586223 0.0002574213317821646 0.00026106559944825 0.00016906452491962534 0.0001522366248074338 0.00017724241285276896 0.002711772126699271 0.0013716095956418151 0.00014221721189198493 9.516716053482527e-05 0.000493612881702757 0.00032799306121144493 0.00012326978441104232 0.00019866212137433805 0.00020154937281918932 9.09320065811787e-05 0.00010901042231389015 0.00011103035681474249 0.00010338960011684742 0.0002525767949959901 6.640135396112299e-05 0.00013963172578020623 0.00010206954882515228 9.175787769395412e-05 0.0002215427884126344 0.00021324398240707396 0.00011320043945355021 0.00011334348053220497 0.0011570419737893971 0.00014844757653805743 0.00023434126257122577 0.00016325512047837682 0.00016311435056844242 0.00015621527441702103 9.74859542156272e-05 0.00014521329139288483 0.0003093512022837419 0.000263776304186587 0.0001530218463782973 0.0001929293015246671 0.00015906034782715592 0.00012617544424032288 0.00018723301330090817 0.00014735521482320198 0.00021734650895643192 0.00014511204146208583 0.00017816609266814066 0.00020853336968033295 0.0001961980771452528 0.0001457928582530802 0.00013496739433907414 0.00015886015258038738 7.946867803208349e-05 0.0001485422493606532 0.00016151366509108408 0.00016744194204978348 0.00012798073441351387 0.00011627535300839161 1.7604469755488263e-07 0.00034171356742904955 0.000305560304964711 0.0003878651848376194 0.00027317345289544704 5.321866222850155e-05 0.00021511125342165427 0.00020338936917785715 0.000295976564122 0.00030059672393899586 0.0001740728900279115 0.00015130432528266167 0.00022210432128408388 0.00019663677582553357 8.33952691760541e-05 0.00020219848227676565 0.00018372327531792487 0.0001638132242534365 0.00013414161258823004 0.00022232190578911238 0.0001776242217685312 0.00024495269324461666 4.001570590564777e-05 8.503125910310375e-05 6.317492493106878e-05 9.014191599670785e-05 8.266549969328273e-05 9.512144940556682e-05 0.0001302958294741381 0.0001906817387422617 9.976008638988335e-05 0.00018636404921908088 0.00015964224161158747 0.00015635639782136812 0.0001305985552383764 0.00028899082779573347 0.0001195743634377486 5.9120006550211006e-05 0.00018688819909005888 0.00016816577210629704 0.0002082707048046958 0.00023919742635840257 0.0002237610429077991 0.0003591043000023432 0.00019138998569727197 0.00022693802130080266 0.00023117567218705037 0.0001531576332247248 0.00014675737624498928 6.281467297943724e-05 0.0002676335520822951 0.0001410537981012896 0.00026835656964063043 0.0001230619869066279 0.00027441094253022314 0.00024330419913924138 0.00012175981588589125 0.00011818429039242833 0.00018319076634950814 0.00022251165863142696 8.770495371421115e-05 0.0001939393014714029 0.00013302716022343025 0.00014721640630584455 0.00015592959136230227 0.00017105449955905097 8.098674274307547e-05 0.00011473242438313844 0.00018960080124829718 0.00017778913244380647 0.0001290814328222918 0.00022682764472947397 0.0001311259345345907 0.00012954902123250186 7.509957454399965e-05 0.00013605127132347865 0.000220152707801174 0.00015445168210207266 0.00015409693222949902 0.0002863169235142319 0.00034815910170397013 0.0002526412963286104 0.0001405614850473664 0.0001749590314953268 0.0001370263526859265 0.00015281685875566817 9.520998576547344e-05 0.0005003179182555756 0.00039639530446253983 0.0024614770728556344 0.0015487218135550383 0.00013991302398295817 0.00016908674468789331 0.00016729973889574048 0.00012125468002706286 0.0002198390180685902 0.00023890447194805276 0.00028053004132737146 0.00012815385735550922 0.00019602446842191111 0.00015510555725149769 5.710086439614525e-05 7.805742633245819e-05 0.00028443233438181183 0.00022691335525280238 0.00043867280713341997 0.000526648621224272 0.0024878417566112083 0.00024532967285277824 0.00022040711734816427 0.00022964814522175294 0.0002702125591580558 0.00224399469428896 0.0002481445012865913 0.00189919755801429 0.00042160987907123126 7.047687569782339e-05 0.0001320232500852617 0.00011111375746183587 0.00014840669855782732 0.0003118995931382587 0.00016878743683535144 0.00010783072310180248 0.00019028257937391956 0.00013331229470045278 0.00021415947225503725 0.00016261297509463865 0.00013673234121141769 0.00017658195092718366 9.061571164375289e-05 0.00016297182155249453 0.00017689552102539565 1.9877368586448587e-05 0.00013861104077486053 3.5933367572960035e-05 0.0004151982419599645 0.0002274130099206401 7.958216737786617e-07 0.00020626012318640394 0.00013415924876335574 0.00018750017592907445 0.00011090865066973786 0.00018818435938351856 0.00010691853190860762 0.00018295288478855653 0.00011552316223585727 0.00016447514911307304 0.00019819121479398806 0.00033313133589098583 5.8624218437761836e-05 0.00021972356923252183 0.00018474895874108277 0.00030044802514093673 0.00013721892762783003 0.00013599312626733602 5.144579988497666e-05 5.9521558248391e-05 0.00020463733868052752 0.0002120029377146176 8.571827033672959e-05 5.9968299301640606e-05 0.00012325825323143607 0.0001758534900041643 0.00014700168075019088 0.00019268882424666232 0.0001955623221544235 0.00011053930803130995 0.00022690634296915367 0.002167300592706399 0.0017818501810866316 0.00035472211228216964 0.000417023020975883 0.00014540885756076106 4.2324224687043415e-05 0.0001309112175674224 0.00012296486834007585 6.806785880035373e-05 0.0001283659414420934 0.00016322756027866437 0.00012000932328001044 0.00016964590431401655 0.00011055213014199474 0.00013498164415741632 0.00014013245029050124 9.340642134612171e-05 0.00020584533905294684 0.0001840132246737661 0.00018575871091219836 0.0001144348781814296 0.0002880512470847526 0.00022949848187329926 0.00012307261590379983 0.0002771018928043068 0.00019300185202066527 0.00020670746268571958 9.06837515123184e-05 8.599874014733822e-05 0.00026729949331127814 0.00017714690476608057 0.00015129293862018383 0.0001341968488758596 0.00010411778127938418 0.0001659543962909979 0.0001639461326719936 0.00023824422914261184 0.00021938590451659398 0.0002926440779119627 0.00020937588822835188 0.00017373298853391828 0.00012677926542704055 0.00019273194782263653 0.00021571334136184848 0.00025685429433594623 0.00028184657241361795 0.0001807994072088763 0.0002111465843266287 0.00017922397970508816 0.00023607952059024082 0.00026091721806503087 0.00018836216173987258 0.00022245403259572912 0.00011893690628533865 8.154107153698183e-05 0.0001927535560133762 0.00010140350240993542 0.00020458666585922408 0.00019062956827160324 0.00020415458152114836 0.00027737190859403903 0.0003145473595282584 0.00022039059509585174 0.00015711698678118913 0.00020330781502091348 0.0001815537471124008 0.0001964453007494523 0.0020560918368847042 0.0028244117598498503 0.002383527475286153 0.002380130426798885 0.0004092153764659869 0.00048081095664790475 0.00012054094084857466 0.00016596821042500843 0.00018207058529261892 0.00021138709766809779 0.00018459004774021995 5.40217951531826e-05 0.00011871387060261448 0.00015257580536368206 0.00017508582410956695 0.0002008419353747935 0.00017347596032669856 0.00019093120195700424 0.00019917781627750884 8.917094580800338e-05 0.0001791655365456331 0.0003478109373732895 0.000318062190257684 0.0005825953748395271 0.00016799941036768707 0.00019990934571663234 0.0001418716760371791 0.00019525387136353194 0.00021917894969557733 0.0001753979819015197 0.00026784224285663255 1.590998957287409e-05 0.00014511465950898684 9.104671875146767e-05 4.69943427820079e-05 0.00029705252512327057 0.0003021866862077758 8.228152061349129e-05 0.00021751986878142986 0.00013017785853669663 0.00019209503180915905 0.0002537420337263212 0.00013546353551623953 0.0003270660890812289 0.0004702518807925558 0.0002113340451893673 0.00023744054378767838 0.00017668118543008872 0.00022981661419860204 0.00017104699949606193 0.00023955684518381197 0.00020366413061068386 0.00011255284637183671 0.00017660578209380403 0.00016878277395175842 0.00026862350373530326 0.00023589653742524786 0.00018586148938732865 0.00022032632560159087 0.00010870265206425713 0.0002996470269869198 0.0003031331586218215 0.00013729649626069516 0.0002751511815502407 0.0001849873404562723 0.00018475797674382682 6.721547814926908e-05 0.00010612414090398722 0.00018561563978580702 0.00015802942286026125 0.00017210222881640282 0.0001770124605891763 0.00016192131778580032 0.00025767867235895964 0.0004515344649338104 0.00025454538012794514 0.000181874685608329 0.00021335480755241116 0.00022912313721842125 0.00039277296212396334 0.0002265289250785695 0.00023250674251074188 0.0002638148388806868 0.00026610334221506603 0.00019443893645297616 0.00026749072056030267 0.00016788042244469275 0.00012465009526872864 0.00024675246716481067 0.0001757651308161514 0.00017469719863835205 0.00024420383245663023 0.0002810424748577545 0.00019112515316598537 0.0002010922792756393 0.00022359337848096796 0.00021148685085092939 0.00025355054148178 0.00017356584379167928 0.0001989884445479037 0.0002126078754493915 0.00018309362740299143 0.00016754705878536445 0.0001480650775539786 0.00020684692790241127 0.0002042670950607266 0.00018860525555714316 6.0063133464179545e-05 0.0001645368538467756 0.0002603522971212676 0.0002356971293655673 0.00022969951499659388 0.00017127942368219302 0.00012879164470129914 0.00024416093025138915 0.0002458020369644071 0.00019036409610333034 0.0002507538781861516 0.00017926990721635905 0.00025832944798880557 0.00022906371220875887 0.00016169192249410996 0.0002471495441325318 0.00024369809841370984 0.00012555038393500699 0.00011816365418339094 0.0002667687973410162 0.0002473763738749926 0.00024635192662048473 0.0002775551181449402 0.0002988494877443087 0.00032894901969703126 0.0028564367656164044 0.00010420571065289583 0.0002090918503913265 0.00303523860804054 0.0001674003688760052 0.0001671590461395307 0.00012357734874470674 0.00023358341222980041 0.00023068399504039275 0.00018585246308111764 3.760344948205806e-05 0.00018581894290677572 0.0001556701604341887 0.00012410602838662 0.00014029468097496707 0.00022008906744185595 0.0002981249245866456 0.0002594656752585943 0.0002619337265664829 0.00017440995966954068 0.00013003974072597172 0.00017243483090202666 0.00023348843671202655 0.0002468314098199584 0.00028559815610313175 0.00023027672921180565 9.07385302177976e-05 0.00021911024581751061 8.437823247253699e-05 0.00012654191080696875 0.0002129856026001141 0.00016299693878742735 0.0001944333591874427 0.00015817457666073036 0.0002295727628484166 5.1584351562134506e-05 4.701417043578643e-05 0.0002669858520392517 0.0002492367911072865 0.00012491422247769266 0.00020735411701323345 0.00015360837539618808 0.00018154770287911968 5.5363766462848334e-05 0.0002233278035854014 0.00015810789930043108 0.00026051060783068226 0.00021277251420851644 0.0001830287453622137 0.0002457218837097081 0.00018733326747655442 0.0001753802642088005 0.002381492579649694 0.0004867588718104941 8.229866531880454e-05 0.0004193748698490402 0.00047351370330062087 0.0017812551780211857 0.0003231214264775142 0.00034698496722630577 0.001934859770979809 0.00017597375112073175 0.00017753004956252638 0.00020004439222843945 0.0001013648601131558 0.00017900334706178253 8.725609031513038e-05 0.0002787152056954538 0.00016245624151405697 0.0002488767086141255 0.0002665996353468265 8.1941129948589e-05 0.00015292854171068446 0.00012267196511299753 0.0002997254378791258 9.25802712345438e-05 9.411619860466873e-05 0.0003161088615883853 0.00018574399193924907 0.0002481781038772582 0.000322870957557879 0.00022698329704505087 0.00013432481562975206 0.00014562622547978666 0.00014181458559014734 0.00043493332400515775 0.0023789527254693106 0.00012778526924322396 0.0004574455922472893 0.00015736893937814156 0.00022070596299877772 0.00021857248104101992 0.00017202858679707178 0.000245967021278704 0.0002511545101766089 0.0001627158353346697 0.0003019577796552117 0.00013515370085047517 0.00015099010449435259 0.0003340010265751682 0.00023102897091462939 0.00027535101616360253 0.00024977575986967173 0.00019112649857916394 0.0002409120574032765 0.00021455109272210202 0.00011299394741708816 3.456032410572989e-05 0.00017099893812044223 0.00017541987691331508 0.00024098560682683453 0.00011800152455748306 0.00021387645428667625 0.0001651505801231979 0.0002348933191640035 0.00027739868237185384 2.5886152905665694e-05 0.00023503313033384785 0.00020404567172871372 0.00020549285663810061 0.00043098175656492663 0.00014192850544408496 0.00014839446600935092 4.607083444944395e-05 0.00022003220007742945 0.00019320459135185677 0.00026078977467140004 0.0022775089584445487 0.00031740893554502874 0.00049533890293775 0.00024157540843171982 0.000459497919010687 0.0023532587700805887 0.00018860783550157798 0.00019516450472021344 0.00016345427671066986 0.00022725578477470862 0.0004391530826775748 0.0002605043608935344 0.0021103111778601113 0.0015816431301818022 0.0014562303033181236 0.00030005277375634137 0.00022126165404499944 0.00018748154248416347 0.00011285992825256485 0.00025093292320102636 0.00020659743458511186 0.00010980390775882914 0.0002476145237873063 0.0003007924452733622 0.0002701047722628476 5.21804517389196e-05 0.00014659536432334955 0.0001605354514100142 0.00030969892310097295 0.0002834006677627624 0.00020119655880515192 0.0001291852809420265 0.00015192189452251187 0.0002637519878501002 0.0002481348138153641 0.00021352449690156675 0.00031267340533521 0.0002672974344758566 0.00027155015302193476 0.0003215863888117986 0.0001834436583577526 0.00023186093240620234 0.00026795811916528436 0.0002703194283699651 0.000401418896813719 0.0005218270203326198 0.00030035362094876013 0.00017351177387544322 0.0017183836707422412 0.00044215382482470683 0.002336700523362493 0.0009312014656791135 0.0002963612613605263 0.0003393377588398629 0.00017856324741861816 0.00026262591930332433 0.00024407357991329849 0.00032374831494795157 0.0002639017352571178 0.00025402717175318984 0.00021739966428210785 0.00017042997851058237 0.00022592350269442713 0.000180757305349715 0.00025732037616647694 0.00033673697066696935 0.0002995638837555391 0.00033769064090382375 0.0001567274014726693 0.00023214945435440736 0.0001952644009791546 0.00018906651893169665 0.00016532051829086563 0.00020597531761642362 0.000214956393975615 0.0002039002674335918 0.0002316371975057422 0.00025066228618069825 0.00014306703984699046 0.000290998128004268 0.0002742265045693065 0.00015361200590070467 0.0001445741798405567 0.0002744041983336311 0.0002184710861224664 0.0001927686189589874 3.071526538629273e-05 6.091779920439906e-05 0.00040021362519184535 0.00036057769709997 0.00023798799140680948 0.0002694704885857674 0.0003071173697271824 0.0002225778643900205 0.00039176554484957575 0.0001662649643048553 0.00018298769315315782 0.00013667895948037023 0.0001910194913904622 0.00013150824884906558 0.0002311618530605444 0.0002852610183784909 0.001847345496886811 0.0012457029050391708 0.0020236983629477816 0.0002484906174758447 0.00026821347561236986 7.621339331358141e-05 0.00025542361339192125 0.00020199187286403043 0.000234261130329396 9.394909340587142e-05 0.00018562801320705423 0.00035199208416205973 0.002618499347443525 0.0029460781081935314 0.00027673414641800483 0.0001793567568944655 0.00018444265438999802 0.0002341082818059306 0.0002090321291403966 0.0002660848810043427 0.00024218611639663672 0.000239958692284823 0.0002207501184751461 0.00028166141020309675 0.00013420952915078123 0.00029587057873980537 0.0002583113150774804 0.00023557982239850872 0.00012229194799725354 0.00023667364995078535 0.00029739423851965637 0.0002804650449672504 0.00017570542944597578 0.00019706298663798934 0.0002326597646339946 0.00028661521650568094 0.00014254969065658835 0.00028794238814190237 0.0003193648117264215 0.00032718632538288224 0.00020893680653698702 0.00029902137139272247 0.00026422818647245394 0.0001877076668626694 0.0002778095685693379 0.00025879635564449394 0.0002111970289693453 0.0002965082338997829 0.00023858357306446584 0.00014766443709773465 0.0001726524898197914 7.722176813183621e-05 0.00025180293616594395 0.0001312512855793155 0.00012984394167058736 0.00019476952311005654 0.00018032713786089296 0.0011447650307227176 0.0027499193139923417 0.0025822377555576883 0.0004657251803622867 3.80553103366921e-05 0.0001826274033168791 9.419733395396623e-05 0.00018349984860638248 0.0003239650073214946 0.00025046048952517765 0.00024928873047006027 0.0030452156574610496 0.0004265859926822603 0.0004902393154103073 0.00011107313515360509 0.00043211808691430485 0.0004220093995227961 0.0002297681803004499 0.00018764250314350553 0.00024596994058240516 0.00010209465189598385 0.00013047759756027678 0.00011181411720625474 0.00023863956576257878 0.00030005937533545427 0.00042993191086777795 0.00010186532514569291 0.00022863174135581165 0.00016636086520756434 0.00020345178286596306 0.0002364668951085764 0.0002257607596611634 0.00017784906325483117 0.00023089801801391463 0.00024154456885429757 0.00031324085212900083 0.0002517162891578581 0.0001992096268574472 0.0003094757400603472 0.00023884413781982862 0.00024115689756181742 0.00021286383161212146 0.00027823627175834175 0.0002480196411704425 4.988073151927249e-05 0.0004106755798529269 0.00022909450056219908 0.0002276944230801519 7.814029234052366e-05 0.000269475893010109 0.00019689950735293533 0.00011509821445729394 9.478997236083759e-05 0.0002068632377066259 0.00031876368227513413 0.00025778025223868327 0.00040540386536771323 0.0004779627240203664 0.0004221180595987266 0.00013549877524355732 0.00010399419208720617 0.00013155827876571547 0.00013881111096738168 0.00017804711219431284 0.00024306820475428878 0.0002453680684288049 0.00020942574726797255 0.0001806785124612949 0.00015215845054512817 4.819337102030384e-05 0.00020829971919669323 0.0001848530354221154 0.00026035589114200636 0.0002532935773248563 0.00028343084929709694 0.00027487313623653884 0.00014215552912409898 0.00030615531336156105 0.0002768355316319485 0.00011543503627275007 0.00011745167520315619 9.557365068403877e-05 0.00038953738988581235 0.00039180778469070866 0.00016722080792283927 0.0028585800242755814 0.00019354180358023548 0.00021671153095942052 0.00022139670129262158 0.0002074144289925236 0.00021453334097465342 0.0002747128177998639 0.0002977998689345769 9.753938756862243e-05 0.00018917576978712784 0.00015803941423241005 0.00017545963513616606 0.00018262324910289486 1.331361133124104e-05 0.00013944711328856373 0.0001260762087748524 0.00018929707552288347 0.0002174801790881733 0.00023905752004997965 0.00019651540813444177 0.00012244537251589733 9.403683968740516e-05 0.00020347872933999806 0.00020195929534705626 0.00011427214912017071 0.00026977602272399125 0.00019273273973011463 0.0002090659563702223 0.00023924631891417546 2.7657163408410995e-05 0.00023192653379266393 0.00023246464066319292 0.00014802082571540809 0.00034523945689438084 0.000222605514774611 0.00017407781018830148 0.00019041510877860422 0.00010613136854672517 0.00020859205060983957 9.63197560105366e-05 0.00010403853751132211 0.00013367445750546938 4.063690784968267e-05 0.00019439161371263922 0.00026065367678547257 0.00018077227484642732 0.00018536231705900755 0.0002790859179257899 0.00018478285086238116 0.00022774984534158036 0.0002455875095617674 0.00023082987098245158 0.00024505719211806296 0.00021275464841874676 0.00022990730568526506 0.00048383823640191855 0.0002686381340952346 0.00025344884294134057 0.0001514569128298315 0.00019676329525258443 0.0004057315544701151 0.00023509298204151474 0.0003208289458892686 0.00015998618047383985 0.0001252696426190583 0.0002194285196615398 0.0001854730953109901 0.0001988890211069643 0.00017317480306342281 0.00019113197286787622 0.00021508548329051116 0.0002590148195093083 0.00011994551674876993 0.0002924696121988298 0.00017519440709084122 0.00028164978341482143 0.00022391993027811964 0.0004292608611546344 8.856492851236812e-05 0.0001351953964355392 0.00030467166854253986 0.0005455899302699648 0.00028659535831193964 0.00024299260599535712 0.00023050995062111408 1.0540925533894598e-07 0.00038816990940892317 0.00018186825226288304 0.0001888042417949569 0.0002124061933874007 0.0002200822068399815 0.0001302043801592725 0.00015733342601702573 0.0001540932498727803 0.00017626504387501134 0.0004396539895056809 0.0003266323804328463 0.00020451781480025971 0.00019992910850920754 0.00023006432672938293 0.0002388722313724916 0.0023678641223099073 0.002072312868384411 0.0002638848605831795 0.000341204413883248 0.00040955402903267006 0.0002291143352955273 0.00017529242632699746 0.00018727315843097126 0.000454443031889713 0.00039369261026760344 0.0002661286812641659 0.0001073179371784912 0.0002940760021417333 0.00021501374351657904 2.9363552699489704e-05 0.00016425088503224753 0.00016773460109673302 0.0001936188316710718 0.0001786434309485234 0.00017220044046043024 0.00029397360918128473 0.0002298533327766895 0.00023066451414844192 0.0002554039693625531 0.00043377769468476137 0.00022765504348934066 0.002037163911128538 0.0003133404210638112 8.332873276989222e-05 0.00019244831229652418 0.00018774306005369553 6.703271695612226e-05 0.00020784925575285934 0.00041794218849139977 0.0002258928650299811 0.0002731798427569245 0.00024510281077636914 0.0001840308352613385 0.00013699584296824913 0.00020114210925445213 0.00019739718723264213 0.0001816882852325615 7.971608881288656e-05 0.00018259054117949187 0.00015848659075183132 0.00010652474653101955 0.00022970575813807779 0.0001759608924048336 0.000223398931359446 0.00024317023692260124 0.00028571885484461444 0.00019387412859955827 0.00010238624609069412 0.0002632506231163382 0.0004197216606451133 0.00029346011468911877 0.0004697227472658903 0.00020689526921483512 0.0001493852734146114 9.053087082403299e-05 0.00020201046934203816 3.918251933413678e-05 5.5322068240455025e-05 0.0003001799614104221 0.00019766347032039726 0.00031457543116575115 0.00025564068347191265 0.000178247883622293 0.0002903186577793951 0.0002529710816340375 0.0001749759962103717 0.00015899592525736193 0.0002057162564248667 0.0001467934278711797 0.0002177437316424237 0.0001667905870873887 0.0001453598820989466 0.00019276080246499456 0.0001668061896999097 0.00023804787708160807 0.00011197266589902706 0.00018207979421279514 0.00014225520426019932 0.00017105863246525646 0.00020598036616695665 0.00024282222571766652 0.00021423059556902597 4.80012142442233e-05 3.2410756313436354e-05 0.00023596656786749128 0.000237182212911131 0.00021606907581780813 6.0812206420448266e-05 0.0001911690526309603 0.00010604223076589974 0.00017070708636446775 0.00015184337414329374 0.00031085432831424407 0.0003831614412186726 0.0020439300282096887 0.0003802792534540645 0.0017268956283394779 0.00042883770785870324 0.0004284023152356002 0.0005358467600773691 0.0002057696264880193 0.00019796163166753596 0.0002690567592036436 0.00017204692480489434 0.00019825506791506134 0.0002841407495254977 0.00011758967078059276 0.00021552921961443732 0.0002535021920150053 0.0002730234684834886 0.0002664120769605057 8.782884837141515e-05 0.00024240336292005778 0.00024061108766784212 0.00020121769439257936 0.0002989049660482856 0.0003907516146931406 0.00031537096079489415 0.00017208855163837022 0.00031974369250400926 0.0002390200104132273 0.0002564300483399695 0.00013530188778762488 0.00011107958323069114 8.001598723591391e-05 0.0001839253478792698 0.0002108106855759543 0.0001301516948692501 0.00015602528303750252 0.0001956053228359882 0.00020435583604679297 0.00027695228751256894 0.0002898167042079354 0.00023621304338994833 0.000288582563573995 0.00021654051735373368 0.00026751331991169456 0.00010074791383375776 0.00013376735769352041 0.00013300728390987953 0.0001915962416867039 0.0002775711366886521 0.00024929682548283143 0.00024047245410623242 0.00032831211997445657 0.00024323214611101493 0.00036197762488806586 0.00010926289938058932 0.00017442543287978128 0.0002691862393355252 0.00014628707618398348 7.224272690723883e-05 0.00014396476160387155 0.00015142735625000537 0.00020811576435034296 0.0018709440412398414 0.00010974040352480656 0.00022852372944969 0.00021811513314452818 0.00020621183892151904 0.0004598387084985445 0.0002508365174285405 0.0004768819634679235 0.00028226237577138154 0.00018535570322059135 0.0002237411275228308 0.00020584814411694048 0.00022320724274010084 0.0003068313334519886 0.0021954531435245733 0.00028797136962278554 0.00020985508506220218 0.00022540593955103677 0.00027168008435757816 0.0005745126286655322 0.00021160652214867275 0.00012690084502776144 0.00038385389296689636 0.00042836896166836537 0.00018747415015692276 0.0002175405939020129 0.0002680268221785838 0.000287122664709208 0.00031914380798415964 8.909256665910331e-05 0.00014825488387021758 0.00017011496662262593 0.0001930604399938548 0.00025896537838665344 0.0003112525848178101 0.0003558859803631636 0.00011642408061370199 0.00023035785750054775 0.00022536447400474575 9.590173646870014e-05 0.00039112340446007996 0.00010911224520198214 0.000398208230562824 0.00011824479669788608 0.0002690451537693976 0.0001706312929583229 0.00018349825666318383 0.00020697020630357351 0.0002575321910498918 0.00023254664554565166 5.1970550277500926e-05 0.00023914476040355715 0.0002087761691267648 0.00020405336751672467 0.0001701280884300358 0.00023784367789497353 0.00010608599319049771 0.00010193727754233106 0.00020393715855714578 0.0002450933054179009 0.0002493903150857507 0.00016031749945914883 0.00017535729998808308 0.0003336098894375045 9.606605862578245e-05 0.00018500395418002654 0.0019420743968912402 0.002085972628299326 6.969551434094916e-05 0.00018325702635139292 0.00010338701130007725 0.00022439176668448646 0.00014591437787399834 0.0026396440141268768 0.00033760338294639406 0.0012185596817560875 0.00016629679539651845 0.00019015841318043006 0.0002561643394940237 0.00031101375777768686 0.0005310389415926451 0.0001354254079367786 0.0004860370326579625 0.0001832478994602965 0.0003417994403481681 0.002171635523926239 0.001839158036460262 0.0005216659951086783 0.0029253269754219396 0.0001880959337123924 0.0001320780138400504 0.00024450281720282257 0.00023992633221924718 0.0004362150022544205 0.0001389723532761799 0.00045009335011657396 0.0001374595245124583 0.0004812760568904678 0.00012944831371425883 0.00017209795205863995 0.0001999008909717366 0.0022394977785687676 0.0016152920352344858 0.00028193003006842703 0.00023372173164747215 0.00039007617726249645 0.0001807819670875336 0.0002506899510532605 0.00024101901100432715 0.00024950944890134164 0.00025528399495210603 0.00012288100100242476 0.00012105589463669811 0.0001506707960439112 0.0001739254367267907 0.0001627113852265692 0.0001483705533643583 7.985199964451833e-05 0.0001419592446450832 0.00028511372428373534 0.00021347943826441226 0.00016389837525777014 0.0032910070204593676 0.002676233655583792 0.0001123520537804127 0.00022191369340920455 0.00011285612430036014 0.0003050382372528087 0.00024377597807626319 0.0002770425583782472 0.00012803512164992373 0.0031920146741576698 0.0003570719504478341 0.0002498603902723978 0.000269449696708428 0.00019794541868627908 0.0003171709498438975 0.00017432868506464476 0.000303015309232343 0.0002782045907761671 0.00031504921077928007 0.0001268420962038142 0.0002839305160015877 0.00025934678321227675 0.0002726872523290817 0.0002297135202811175 0.002225976214391622 0.0021509598911185444 0.0003120107767294517 0.00030209260495340406 0.00028880072402639117 0.00026203352655753656 0.00030206100377996094 0.00029992072180661043 0.00022170315433759085 0.0002558153147057964 1.0330458940451058e-05 0.00018001415607388116 0.00020829587848719523 0.00026834107389501886 0.0003080528042390668 0.0003101344232191161 0.00010368060912363381 0.00027680894600914295 0.0002708578063009482 0.000267731549983549 0.0002776060997548403 0.00026819372666151743 0.0001534134144073213 0.0002556032688976475 0.0002771100846478133 0.00028627651970802143 0.000151978638595715 0.00025582071597040175 0.00013858050707015582 0.00025005577624975935 0.00022946344068739945 0.00013690032241149116 0.0002173159932117844 0.00023023167965313386 0.0002601444440241783 0.0002089131402101054 0.00010193139103523471 0.00026526268637647193 0.00022558189213548369 0.00021317173605375767 0.0001879491013304897 0.00020244052529700361 3.5292137535965174e-05 0.000285574621839647 0.0002155774815467592 0.0002150600215010052 0.00022179388228943956 0.00028154024061114265 0.00018703951899494805 0.00027233880869617297 0.0002692442611451612 2.5900222015951677e-05 0.00025102695005351747 0.00021495776268816005 0.0003507194182245682 0.00026943503983348774 0.00027290217852618786 0.0004639460754782009 0.00013105421079153632 0.00019927574489580257 0.00024295107775385315 0.00027915126661489184 0.002937203403511171 0.00019393918508416678 0.00035945340903400375 0.00023709856834098393 0.0002585136120519579 0.0018829294625086171 0.00025559110170475047 6.194146338757119e-05 0.00023987209390333993 0.00014043770296866563 0.0003181657832529233 0.00024951614769642456 0.00018406789154117855 0.000304439727278474 0.0002485414011177371 0.00026921774427689357 0.0001644737311244746 0.00027624641730696823 0.000303523224508441 0.00028950878571210373 0.00029508393704584334 0.00017960672531278728 0.00010186680603815 0.00025376880203671956</DataArray>
<DataArray type="Float64" Name="g_gap" format="ascii">0.0 0.0 0.0 0.0 0.0 0.0 0.0 0.0 0.0 0.0 0.0 0.0 0.0 0.0 0.0 0.0 0.0 0.0 0.0 0.0 0.0 0.0 0.0 0.0 0.0 0.0 0.0 0.0 0.0 0.0 0.0 0.0 0.0 0.0 0.0 0.0 0.0 0.0 0.0 0.0 0.0 0.0 0.0 0.0 0.0 0.0 0.0 0.0 0.0 0.0 0.0 0.0 0.0 0.0 0.0 0.0 0.0 0.0 0.0 0.0 0.0 0.0 0.0 0.0 0.0 0.0 0.0 0.0 0.0 0.0 0.0 0.0 0.0 0.0 0.0 0.0 0.0 0.0 0.0 0.0 0.0 0.0 0.0 0.0 0.0 0.0 0.0 0.0 0.0 0.0 0.0 0.0 0.0 0.0 0.0 0.0 0.0 0.0 0.0 0.0 0.0 0.0 0.0 0.0 0.0 0.0 0.0 0.0 0.0 0.0 0.0 0.0 0.0 0.0 0.0 0.0 0.0 0.0 0.0 0.0 0.0 0.0 0.0 0.0 0.0 0.0 0.0 0.0 0.0 0.0 0.0 0.0 0.0 0.0 0.0 0.0 0.0 0.0 0.0 0.0 0.0 0.0 0.0 0.0 0.0 0.0 0.0 0.0 0.0 0.0 0.0 0.0 0.0 0.0 0.0 0.0 0.0 0.0 0.0 0.0 0.0 0.0 0.0 0.0 0.0 0.0 0.0 0.0 0.0 0.0 0.0 0.0 0.0 0.0 0.0 0.0 0.0 0.0 0.0 0.0 0.0 0.0 0.0 0.0 0.0 0.0 0.0 0.0 0.0 0.0 0.0 0.0 0.0 0.0 0.0 0.0 0.0 0.0 0.0 0.0 0.0 0.0 0.0 0.0 0.0 0.0 0.0 0.0 0.0 0.0 0.0 0.0 0.0 0.0 0.0 0.0 0.0 0.0 0.0 0.0 0.0 0.0 0.0 0.0 0.0 0.0 0.0 0.0 0.0 0.0 0.0 0.0 0.0 0.0 0.0 0.0 0.0 0.0 0.0 0.0 0.0 0.0 0.0 0.0 0.0 0.0 0.0 0.0 0.0 0.0 0.0 0.0 0.0 0.0 0.0 0.0 0.0 0.0 0.0 0.0 0.0 0.0 0.0 0.0 0.0 0.0 0.0 0.0 0.0 0.0 0.0 0.0 0.0 0.0 0.0 0.0 0.0 0.0 0.0 0.0 0.0 0.0 0.0 0.0 0.0 0.0 0.0 0.0 0.0 0.0 0.0 0.0 0.0 0.0 0.0 0.0 0.0 0.0 0.0 0.0 0.0 0.0 0.0 0.0 0.0 0.0 0.0 0.0 0.0 0.0 0.0 0.0 0.0 0.0 0.0 0.0 0.0 0.0 0.0 0.0 0.0 0.0 0.0 0.0 0.0 0.0 0.0 0.0 0.0 0.0 0.0 0.0 0.0 0.0 0.0 0.0 0.0 0.0 0.0 0.0 0.0 0.0 0.0 0.0 0.0 0.0 0.0 0.0 0.0 0.0 0.0 0.0 0.0 0.0 0.0 0.0 0.0 0.0 0.0 0.0 0.0 0.0 0.0 0.0 0.0 0.0 0.0 0.0 0.0 0.0 0.0 0.0 0.0 0.0 0.0 0.0 0.0 0.0 0.0 0.0 0.0 0.0 0.0 0.0 0.0 0.0 0.0 0.0 0.0 0.0 0.0 0.0 0.0 0.0 0.0 0.0 0.0 0.0 0.0 0.0 0.0 0.0 0.0 0.0 0.0 0.0 0.0 0.0 0.0 0.0 0.0 0.0 0.0 0.0 0.0 0.0 0.0 0.0 0.0 0.0 0.0 0.0 0.0 0.0 0.0 0.0 0.0 0.0 0.0 0.0 0.0 0.0 0.0 0.0 0.0 0.0 0.0 0.0 0.0 0.0 0.0 0.0 0.0 0.0 0.0 0.0 0.0 0.0 0.0 0.0 0.0 0.0 0.0 0.0 0.0 0.0 0.0 0.0 0.0 0.0 0.0 0.0 0.0 0.0 0.0 0.0 0.0 0.0 0.0 0.0 0.0 0.0 0.0 0.0 0.0 0.0 0.0 0.0 0.0 0.0 0.0 0.0 0.0 0.0 0.0 0.0 0.0 0.0 0.0 0.0 0.0 0.0 0.0 0.0 0.0 0.0 0.0 0.0 0.0 0.0 0.0 0.0 0.0 0.0 0.0 0.0 0.0 0.0 0.0 0.0 0.0 0.0 0.0 0.0 0.0 0.0 0.0 0.0 0.0 0.0 0.0 0.0 0.0 0.0 0.0 0.0 0.0 0.0 0.0 0.0 0.0 0.0 0.0 0.0 0.0 0.0 0.0 0.0 0.0 0.0 0.0 0.0 0.0 0.0 0.0 0.0 0.0 0.0 0.0 0.0 0.0 0.0 0.0 0.0 0.0 0.0 0.0 0.0 0.0 0.0 0.0 0.0 0.0 0.0 0.0 0.0 0.0 0.0 0.0 0.0 0.0 0.0 0.0 0.0 0.0 0.0 0.0 0.0 0.0 0.0 0.0 0.0 0.0 0.0 0.0 0.0 0.0 0.0 0.0 0.0 0.0 0.0 0.0 0.0 0.0 0.0 0.0 0.0 0.0 0.0 0.0 0.0 0.0 0.0 0.0 0.0 0.0 0.0 0.0 0.0 0.0 0.0 0.0 0.0 0.0 0.0 0.0 0.0 0.0 0.0 0.0 0.0 0.0 0.0 0.0 0.0 0.0 0.0 0.0 0.0 0.0 0.0 0.0 0.0 0.0 0.0 0.0 0.0 0.0 0.0 0.0 0.0 0.0 0.0 0.0 0.0 0.0 0.0 0.0 0.0 0.0 0.0 0.0 0.0 0.0 0.0 0.0 0.0 0.0 0.0 0.0 0.0 0.0 0.0 0.0 0.0 0.0 0.0 0.0 0.0 0.0 0.0 0.0 0.0 0.0 0.0 0.0 0.0 0.0 0.0 0.0 0.0 0.0 0.0 0.0 0.0 0.0 0.0 0.0 0.0 0.0 0.0 0.0 0.0 0.0 0.0 0.0 0.0 0.0 0.0 0.0 0.0 0.0 0.0 0.0 0.0 0.0 0.0 0.0 0.0 0.0 0.0 0.0 0.0 0.0 0.0 0.0 0.0 0.0 0.0 0.0 0.0 0.0 0.0 0.0 0.0 0.0 0.0 0.0 0.0 0.0 0.0 0.0 0.0 0.0 0.0 0.0 0.0 0.0 0.0 0.0 0.0 0.0 0.0 0.0 0.0 0.0 0.0 0.0 0.0 0.0 0.0 0.0 0.0 0.0 0.0 0.0 0.0 0.0 0.0 0.0 0.0 0.0 0.0 0.0 0.0 0.0 0.0 0.0 0.0 0.0 0.0 0.0 0.0 0.0 0.0 0.0 0.0 0.0 0.0 0.0 0.0 0.0 0.0 0.0 0.0 0.0 0.0 0.0 0.0 0.0 0.0 0.0 0.0 0.0 0.0 0.0 0.0 0.0 0.0 0.0 0.0 0.0 0.0 0.0 0.0 0.0 0.0 0.0 0.0 0.0 0.0 0.0 0.0 0.0 0.0 0.0 0.0 0.0 0.0 0.0 0.0 0.0 0.0 0.0 0.0 0.0 0.0 0.0 0.0 0.0 0.0 0.0 0.0 0.0 0.0 0.0 0.0 0.0 0.0 0.0 0.0 0.0 0.0 0.0 0.0 0.0 0.0 0.0 0.0 0.0 0.0 0.0 0.0 0.0 0.0 0.0 0.0 0.0 0.0 0.0 0.0 0.0 0.0 0.0 0.0 0.0 0.0 0.0 0.0 0.0 0.0 0.0 0.0 0.0 0.0 0.0 0.0 0.0 0.0 0.0 0.0 0.0 0.0 0.0 0.0 0.0 0.0 0.0 0.0 0.0 0.0 0.0 0.0 0.0 0.0 0.0 0.0 0.0 0.0 0.0 0.0 0.0 0.0 0.0 0.0 0.0 0.0 0.0 0.0 0.0 0.0 0.0 0.0 0.0 0.0 0.0 0.0 0.0 0.0 0.0 0.0 0.0 0.0 0.0 0.0 0.0 0.0 0.0 0.0 0.0 0.0 0.0 0.0 0.0 0.0 0.0 0.0 0.0 0.0 0.0 0.0 0.0 0.0 0.0 0.0 0.0 0.0 0.0 0.0 0.0 0.0 0.0 0.0 0.0 0.0 0.0 0.0 0.0 0.0 0.0 0.0 0.0 0.0 0.0 0.0 0.0 0.0 0.0 0.0 0.0 0.0 0.0 0.0 0.0 0.0 0.0 0.0 0.0 0.0 0.0 0.0 0.0 0.0 0.0 0.0 0.0 0.0 0.0 0.0 0.0 0.0 0.0 0.0 0.0 0.0 0.0 0.0 0.0 0.0 0.0 0.0 0.0 0.0 0.0 0.0 0.0 0.0 0.0 0.0 0.0 0.0 0.0 0.0 0.0 0.0 0.0 0.0 0.0 0.0 0.0 0.0 0.0 0.0 0.0 0.0 0.0 0.0 0.0 0.0 0.0 0.0 0.0 0.0 0.0 0.0 0.0 0.0 0.0 0.0 0.0 0.0 0.0 0.0 0.0 0.0 0.0 0.0 0.0 0.0 0.0 0.0 0.0 0.0 0.0 0.0 0.0 0.0 0.0 0.0 0.0 0.0 0.0 0.0 0.0 0.0 0.0 0.0 0.0 0.0 0.0 0.0 0.0 0.0 0.0 0.0 0.0 0.0 0.0 0.0 0.0 0.0 0.0 0.0 0.0 0.0 0.0 0.0 0.0 0.0 0.0 0.0 0.0 0.0 0.0 0.0 0.0 0.0 0.0 0.0 0.0 0.0 0.0 0.0 0.0 0.0 0.0 0.0 0.0 0.0 0.0 0.0 0.0 0.0 0.0 0.0 0.0 0.0 0.0 0.0 0.0 0.0 0.0 0.0 0.0 0.0 0.0 0.0 0.0 0.0 0.0 0.0 0.0 0.0 0.0 0.0 0.0 0.0 0.0 0.0 0.0 0.0 0.0 0.0 0.0 0.0 0.0 0.0 0.0 0.0 0.0 0.0 0.0 0.0 0.0 0.0 0.0 0.0 0.0 0.0 0.0 0.0 0.0 0.0 0.0 0.0 0.0 0.0 0.0 0.0 0.0 0.0 0.0 0.0 0.0 0.0 0.0 0.0 0.0 0.0 0.0 0.0 0.0 0.0 0.0 0.0 0.0 0.0 0.0 0.0 0.0 0.0 0.0 0.0 0.0 0.0 0.0 0.0 0.0 0.0 0.0 0.0 0.0 0.0 0.0 0.0 0.0 0.0 0.0 0.0 0.0 0.0 0.0 0.0 0.0 0.0 0.0 0.0 0.0 0.0 0.0 0.0 0.0 0.0 0.0 0.0 0.0 0.0 0.0 0.0 0.0 0.0 0.0 0.0 0.0 0.0 0.0 0.0 0.0 0.0 0.0 0.0 0.0 0.0 0.0 0.0 0.0 0.0 0.0 0.0 0.0 0.0 0.0 0.0 0.0 0.0 0.0 0.0 0.0 0.0 0.0 0.0 0.0 0.0 0.0 0.0 0.0 0.0 0.0 0.0 0.0 0.0 0.0 0.0 0.0 0.0 0.0 0.0 0.0 0.0 0.0 0.0 0.0 0.0 0.0 0.0 0.0 0.0 0.0 0.0 0.0 0.0 0.0 0.0 0.0 0.0 0.0 0.0 0.0 0.0 0.0 0.0 0.0 0.0 0.0 0.0 0.0 0.0 0.0 0.0 0.0 0.0 0.0 0.0 0.0 0.0 0.0 0.0 0.0 0.0 0.0 0.0 0.0 0.0 0.0 0.0 0.0 0.0 0.0 0.0 0.0 0.0 0.0 0.0 0.0 0.0 0.0 0.0 0.0 0.0 0.0</DataArray>
<DataArray type="Float64" Name="heat_i_to_j" format="ascii">3.600494286177388e-06 5.52032651877931e-06 -8.37007686206007e-06 -7.507439429364262e-07 3.506134823314934e-06 5.729749067730174e-07 5.280089676733563e-06 -0.00012958119912471106 -5.19692025478053e-05 1.9582111136537137e-05 0.0001619682905359635 1.8556645338065314e-05 -1.372339006826928e-05 9.360424740943692e-06 -1.419368001073727e-05 1.285777114529921e-05 -1.091500813802032e-05 -1.7694214803072154e-06 -4.110724511796529e-06 3.937382984827374e-06 -0.00015651216689462159 -0.00013789728736432794 1.7938029991849116e-05 2.1727076798431337e-05 -1.6051374248312614e-05 4.772405272300143e-06 -0.00020705787753428617 0.00019660976971162927 4.469990935578468e-06 2.9255023793525097e-06 4.993355192450011e-06 7.120396183009092e-06 1.506586311624944e-05 -1.1465368830066348e-05 -1.3179636564623312e-07 -1.650531406155419e-05 -7.090378274809492e-06 -1.2213987281041015e-05 -1.4078136930498755e-06 1.0341026990075857e-05 1.037115225888629e-05 -1.0895458300230887e-05 7.233495845829544e-06 3.6619624544075696e-06 7.197417596350589e-06 -9.701953804763456e-06 -1.0439657767638014e-06 3.5485019851686196e-06 -1.2503700539129932e-08 1.2503700539157408e-08 4.832596663612448e-07 -1.2067617576706181e-05 6.637760409221955e-06 -2.3904439476016024e-05 2.8851036977191852e-05 -1.892084092331591e-05 2.0180250842387073e-07 1.871903841489909e-05 0.00016314404214189785 -0.00011288105109274756 -1.3309682537802708e-06 -6.119291131847284e-07 -4.669477407041407e-05 -1.6253196123779968e-06 -1.2795194498343348e-06 1.973500370530259e-05 -1.845548425545124e-05 -4.854238587232473e-06 -4.2974635293818764e-06 -4.1995548662304175e-06 -7.339170904006095e-06 -1.752179983338975e-06 -5.5898966706519075e-06 9.624950996136721e-06 5.056296561854626e-06 5.275779840802984e-06 3.8817196776770645e-06 5.964869917766716e-06 -5.449815858035213e-07 5.449815858088616e-07 0.00011903202783692857 1.0708368713581721e-06 8.362638711353686e-06 5.959530109830273e-06 4.954598139409771e-06 4.412159804020866e-06 -9.366757943440015e-06 -3.5109056958764548e-06 2.1518222742552907e-05 5.493282912686935e-07 -7.275079553359491e-07 -1.5704207774382234e-05 -1.1204284197399858e-05 1.5315557439030489e-06 3.0409554142549946e-06 6.631773039204211e-06 1.6537323544672246e-05 -6.932039721145363e-06 -2.8694821982680938e-06 1.6623768159505402e-05 -2.3359569784771934e-05 -1.2204886574808824e-05 -9.254851106698101e-07 1.3130371685479779e-05 3.208210477371134e-07 4.340307047141149e-06 -4.575799470308307e-06 -1.3662003698349197e-05 1.0937856042547685e-05 2.6388190312414685e-06 0.0 -2.598200155843855e-05 2.7406474216223227e-05 -2.5743292746394628e-05 1.3769648800822908e-05 2.3731079775566034e-06 2.520851168812676e-06 -1.1931429109483091e-05 -2.2108254969338864e-05 2.9145724932384022e-05 -1.3825367165156483e-05 -2.3450240461175417e-06 -2.2534903012258198e-05 -8.828566345055201e-06 -1.317166317694234e-06 2.487874663747015e-05 -1.4733013974731292e-05 -1.519042897096577e-05 -9.338613520792144e-06 1.2705549614225794e-05 8.184037061218818e-06 3.639455816309374e-06 2.2255890665486523e-06 1.9088339801578834e-06 -2.6173043271228588e-06 -6.8777839119473015e-06 5.751746020255592e-06 -3.910808278846279e-07 8.341094078789305e-06 -2.487088513969058e-05 -2.2376067668723933e-06 1.2230150699252574e-05 6.537247128459225e-06 -1.0510878345748748e-06 -1.238203601971348e-05 2.7148586065365797e-06 5.542686856221362e-07 -4.890655837406034e-07 -1.6359938284120874e-05 -7.3459712198467385e-06 -9.300669696197297e-06 2.4856526260780397e-05 1.0596746645199308e-06 1.9658306455862135e-05 -1.1210138668674975e-05 9.374763620864435e-06 -2.9803709251757682e-05 1.198077784362664e-05 8.541897697779412e-07 2.281811778972863e-06 -2.1493139568716724e-05 -3.1735574868917255e-06 2.153069550683177e-05 -5.489326649555132e-06 -3.2776204397642115e-05 1.0670281271027973e-05 1.1235311492029615e-05 4.56279455167586e-06 -9.000153720891814e-06 -1.1384731075445078e-05 6.175461121277587e-06 9.646629123378419e-06 -1.2331916716996981e-05 -3.3781358391195676e-07 -3.0432125849089517e-06 -2.4919463719464594e-06 -3.1484122365284373e-06 9.796251092325696e-06 -4.155892483846775e-06 7.51947559472771e-06 8.951504500426504e-06 9.127334724112129e-06 4.1182744485011e-06 -5.279188642610975e-06 1.1609141941169712e-06 -1.8080031715752438e-06 -1.7042509774398564e-05 -4.8330061511555145e-06 6.130348224013613e-07 5.556137344582011e-06 3.8842790500520835e-05 -7.3183361612810405e-06 -9.874595903289228e-06 -1.7144036133281623e-05 2.3357425814834056e-06 1.4808293551783602e-05 8.781914664115667e-06 -1.355926768775431e-05 -6.887605447644612e-06 -0.0002592617167081041 1.2178808857035975e-06 -1.2050500572423456e-05 1.5184839767222642e-05 4.4133665101250905e-06 -6.693515935155754e-06 1.0399623036610672e-05 7.839978310088506e-07 4.6807842913761225e-06 -1.5864405159045673e-05 -6.436863134171999e-06 5.0298852433856616e-06 1.989860870519805e-06 3.905155246472751e-06 -4.488038226220915e-06 -4.205254855482102e-06 2.1812018363832824e-05 2.1288290136241574e-05 -0.0001954072205397182 1.8681060821527952e-05 9.026840288352332e-06 3.5428527410473546e-06 9.654624811712317e-06 -0.0001417627194254837 2.077211956131178e-05 0.00011358994043356097 7.40065943044695e-06 6.825517418458709e-07 -1.8927152898923155e-06 -5.122923842731146e-07 1.722455932330678e-06 2.72864468553063e-05 -2.1226596015134195e-05 -6.059850840239357e-06 -1.1537264976608263e-05 -5.735365298959386e-06 1.5673403574866658e-05 -9.163108173827668e-06 -1.5695818424782606e-06 -6.815491804685717e-06 -2.37202519720454e-06 -8.830218953863529e-06 1.80177359557384e-05 2.67146182154296e-06 5.997986635765919e-06 -1.3894772910998123e-06 2.4336775660744607e-05 -1.6087513860170097e-05 0.0 5.229345468555255e-06 1.8255539690215133e-06 1.5188220959266544e-05 4.160407097708341e-06 -4.348624196964958e-06 -1.425384386644708e-05 1.4442060965698696e-05 -4.992066545997367e-06 1.6264504538726335e-05 7.35140961614712e-06 -1.8623847608917408e-05 -4.70662762919142e-06 -7.163797547925115e-06 6.661409797457564e-07 -1.803062202064753e-05 -1.0425057096765503e-05 3.826512819328049e-06 6.598544277425894e-06 -1.0118458655743485e-06 1.810261067132922e-05 -1.7107889280746735e-05 -5.4722021745974e-06 -1.9672555506149503e-06 5.83649080346061e-06 1.4242491189043012e-05 2.678425123370889e-06 -2.0790151565295768e-05 -2.76240176246349e-06 1.0809485473434249e-05 -2.8177382423708134e-06 -0.0001362351754492279 0.0001470690739856248 1.1076447957287478e-05 -2.191034649380683e-05 -5.72797423053413e-06 -4.3094409061759923e-07 -2.5334550595499744e-06 -8.519450596559725e-06 7.5711604224809074e-06 9.482901740901833e-07 -1.576564738887735e-05 6.908068540185926e-06 8.857578848684607e-06 -1.0728795036994148e-05 -1.3309680497045216e-05 1.472391297240493e-05 9.314562561624259e-06 -1.1266760965299686e-05 -1.7373852632830268e-06 1.3004146228580757e-05 4.796852613898807e-06 -1.4853069995308052e-05 -1.726878737061307e-05 2.1673386880578944e-06 1.3620401087282282e-05 1.1335009273537786e-05 -2.1617261576740416e-06 -2.8374399589084628e-06 -1.2610143125251476e-06 -5.074828844410134e-06 -9.728596626606264e-06 -1.3327019133182192e-05 -1.1014075545470583e-07 9.583107679452307e-06 -4.359549488808131e-06 -5.223558190673398e-06 5.966064215892506e-06 1.015794066918549e-05 -1.6124004885053266e-05 -1.913899644219495e-05 -4.605895860496134e-06 1.0022291847932645e-05 1.9944188755027424e-05 -6.221588300242273e-06 -2.3121882832315096e-05 2.3461031027403192e-05 8.724025465073924e-08 1.090862082386939e-05 -1.757236826774147e-05 -5.779515280955394e-06 2.335188354869456e-05 -1.138286922181049e-06 1.357560812146001e-05 1.1021284171065087e-05 2.6101647897778342e-06 -1.2357246147304017e-05 -8.613646521247903e-06 7.529441218677378e-06 8.859986668602355e-06 -2.4908878483850086e-05 -1.127861164698695e-05 7.613069169947764e-06 3.665542477063244e-06 -8.882827743715554e-06 -1.037461452047703e-06 1.4562568964412492e-05 -4.642279768484089e-06 -0.00014154834130468397 0.00017295610241674982 0.00019751409975103285 -0.00020672071265380982 1.3290690482356959e-06 -2.9967080391901154e-05 1.0170521309195523e-05 1.3183799399804758e-05 -2.335432070908558e-05 2.0489905770212526e-05 2.1355698676798336e-05 -1.4970725772114355e-06 1.1804586866593366e-05 6.130338588169062e-06 -9.27785547150142e-06 3.6949628152420673e-06 -1.4723033848663704e-05 2.371001050132696e-06 3.134245794679924e-06 -4.314729765063363e-06 -1.4632956954899212e-05 -2.5878393206005315e-05 1.257944413503601e-05 -4.1210290964327664e-05 -1.8541351177283594e-05 -1.2531229064713363e-05 -1.7160097677967004e-05 1.4630845769415392e-05 3.360183215054805e-05 -9.874902539423534e-07 -2.7685333881415703e-05 2.2933272196043448e-06 -1.0614080428242057e-06 -7.796290262606558e-06 -4.029816004454222e-06 2.3834553235326097e-05 -8.835453713375746e-06 -5.281632921908831e-06 9.412220612491261e-06 -1.0078990355154703e-05 -2.1255583431941796e-05 -2.5364730061346903e-05 -1.4274375410956303e-05 -1.8680562927934915e-05 5.5601249341965056e-05 2.7184190583776475e-06 2.09212512898262e-05 2.3426521936120506e-05 -2.559886175935027e-05 -5.646754602889943e-06 -1.3102156863775578e-05 -5.784820662243395e-06 -1.4974327666965478e-05 7.254718573110932e-06 1.3504429756242125e-05 1.7334516570284277e-05 -5.136392136520161e-06 7.776503813754486e-07 -1.8571090487290098e-05 1.2792733268447632e-05 -2.801152377154089e-05 3.307852539935401e-05 -3.337335525623629e-06 9.009957156080494e-07 -3.2575557583415774e-07 2.1801247015216695e-05 4.707089782381529e-06 1.706973076221068e-07 -4.746437503980265e-06 -9.621581106563618e-06 -3.969921415905245e-06 2.4997240584798126e-06 1.5298828711855355e-05 3.662387102191581e-06 1.8617992794739481e-06 -2.332273915224972e-05 9.681556479317668e-06 9.020358313434174e-06 -3.5687441654778415e-05 1.6366502850946492e-05 -2.0236842144191216e-05 2.0855866155585233e-05 -2.6553811091475315e-06 6.923645273479914e-06 3.346737354478426e-06 8.682267227238912e-06 -1.6297268746006833e-05 -7.1736217397089695e-06 -8.018601418803702e-06 -1.4937788725188884e-05 9.825934796104995e-06 -6.0265922751211605e-06 3.067097640976302e-05 -1.2624835232604076e-05 -1.2787678769136454e-06 2.2904225467647136e-05 -1.612029881564049e-05 -3.499104701964355e-06 1.0618781159812256e-05 2.4983446695043003e-05 -1.0131068124665831e-05 1.2196019766305376e-05 -1.839057987913807e-05 -1.671950981923898e-06 -6.985867475757864e-06 -1.0209685298468104e-05 1.1080749477339256e-05 -4.1926235211715177e-07 -4.5180182674482573e-07 -2.3266202247909908e-05 2.4856988734625878e-05 2.400080709612123e-05 -1.8509612185007712e-05 -1.1971813651952755e-05 3.87798638862125e-06 1.8209211303540337e-05 1.9141472187126576e-05 -8.638297703692882e-06 -2.138467967004685e-05 -1.7504352559035088e-05 -1.872910598245188e-05 7.899513353244959e-06 -1.3373753645226582e-05 1.5990437175554222e-05 -3.8283428512848055e-06 2.993702447025421e-06 3.4209592152542275e-05 -1.6783509098002848e-06 -5.862282135183465e-07 2.4745886422374803e-05 -1.024895690556476e-05 -3.8723369181507313e-05 -0.0004040781188009663 -1.2457091257250945e-05 9.656634916744733e-06 0.0004038816986810446 -1.0693216731041685e-05 -1.3107004441725352e-05 1.5922861315118533e-05 8.299676734293162e-06 2.1052191891127547e-08 -1.2145910790995002e-05 -4.425804383307509e-07 -5.907027181804529e-06 1.5345975365052982e-05 -3.897458233958868e-06 1.709722647053537e-05 7.49546756697436e-06 -1.7571903950292557e-05 -2.2783544266839513e-06 2.4138469268488276e-05 -1.5143032851865973e-05 -3.6100174002247015e-06 9.927563827318611e-06 -4.148484575959129e-06 2.7661991028544572e-05 2.2901528956052594e-05 -5.987316651004658e-06 -2.9615490010133866e-06 7.69794409777403e-06 -6.663611326851117e-06 -1.3739010709707106e-05 2.3185099334812788e-05 -1.1971007119702191e-05 1.39767291670704e-05 -2.6832457050147986e-06 5.329283189293573e-06 -4.65175953168609e-06 -6.469327958578778e-07 3.5012903520513022e-06 -2.0580050231207753e-05 1.1738376023973103e-05 -7.230443904650414e-06 -1.4646693521385678e-05 8.56661636785714e-06 2.639800550865002e-06 -2.364927817916021e-06 -1.7972973900045953e-05 1.4143290714243668e-05 -1.969316835368253e-05 -8.662387373199735e-06 1.2310935948860268e-05 -6.303929684707501e-06 -3.258037087381576e-06 7.679899844975132e-05 1.0093175482148879e-05 -5.186174339169849e-06 -5.3575474549742805e-05 -3.544886120420686e-05 0.00012576116225973799 1.0603540094316437e-06 -4.985567718134103e-05 -0.00019963795775023265 3.82923343292625e-06 2.1286551353609208e-05 -1.1727956838413845e-05 -1.1857714009155679e-05 7.534296599306641e-06 -7.2792293984379235e-06 -1.1225600090890377e-05 -1.5626112877587176e-05 -2.1216380351564536e-05 3.3819754165964504e-05 -1.0702863137229798e-05 6.503220190107357e-06 -5.989022162983355e-07 2.7139841832320306e-05 -5.7589040198158125e-06 1.1516359154298523e-05 -3.2298394750613384e-05 1.954100684688126e-05 3.832034128358401e-06 -6.062677315184779e-06 -2.5136882915675817e-06 -2.0911257542283247e-06 -2.0023460690222736e-06 6.307986594105298e-06 -5.520491914588494e-06 0.0001779316590434227 -1.716515542301453e-06 -3.079567478569623e-05 1.8439105203909217e-06 -7.4946719482107205e-06 2.5627532149414163e-06 3.4827386152601087e-06 -2.4731782437418392e-05 -9.284229411981702e-06 -3.853399683265074e-06 -1.762036827482088e-05 -2.7911695775867587e-07 -7.275665322040169e-06 -5.4968837624519976e-05 2.451105994975776e-05 2.9177106241169144e-05 1.1609554426132251e-05 5.1636433907018075e-06 -6.336947396646694e-07 -1.741902252701221e-05 4.953219755268407e-06 2.54245609576266e-06 -2.0209791328631866e-05 -4.858252790109254e-06 1.9788444211340442e-05 1.1782081545327828e-05 -5.66658938034786e-06 -2.5250512208069955e-05 -1.7211422405986872e-05 1.655799823774909e-05 -2.611508874226505e-06 -1.111745198901001e-05 1.1504673404027109e-05 2.07626374678338e-05 -1.0238673274245907e-05 -3.894112756286984e-06 1.6886635863470276e-05 1.9942731805689403e-07 -2.3382136496702603e-05 -1.4507738137082683e-05 1.098124744791955e-05 9.869834382896248e-05 1.9508584327108936e-05 8.783462138091377e-06 -2.6237340010130578e-05 2.1602482464914466e-05 -0.00010256708853740627 2.509588621732387e-06 -2.3326234939940383e-05 1.2648670545697874e-05 -3.8030313471802466e-06 -1.5366081267102848e-05 -6.201805286861935e-06 -3.800520226850891e-05 -0.00021398248403673505 0.00012509237083569862 6.914860718650537e-06 2.3931740253302068e-05 -1.4876251530220485e-05 -1.4350923276434063e-06 3.2470094099367678e-06 4.527024060278138e-06 -1.0157550848897157e-05 -1.6095898836498338e-05 4.4532169238978185e-05 -3.787842729439997e-05 -5.239541056436397e-07 1.887923968989285e-05 -1.594547184927865e-05 1.3708965056659438e-05 3.3691953537152964e-05 -2.7808673408603086e-05 -1.0826603050574542e-06 7.769081260152251e-06 3.728708144311052e-05 -2.8341648875244655e-05 1.2176819885621724e-05 1.408700274033397e-05 2.215979301953067e-05 -8.150422331132575e-06 -7.2019955749958245e-06 -2.0894377853685508e-05 -2.6317222743681734e-05 -4.842857483986998e-06 -2.7624983669509133e-05 -2.2048349562289863e-05 5.770801935744985e-05 1.2915708803688365e-05 -7.995608565483463e-06 0.0001464581115203267 -4.436841599107633e-06 -0.00019987239620730278 -7.20505525131831e-05 1.4406579862439988e-05 4.3211221034373825e-05 3.5507659567985743e-06 -2.6953786561433144e-05 2.2903277623890177e-06 -2.532531822766099e-05 1.4309570276502481e-05 -3.061896769784921e-05 -2.260425729432259e-06 -1.1005430070749782e-05 2.912268216326627e-06 1.7834418660031714e-05 3.0858030481195044e-05 -2.6950444000411894e-05 -1.373657924972287e-05 1.3989399866579971e-05 -1.1025790036032244e-05 7.2781980778681424e-06 -1.392057432563934e-05 -4.7401210604877905e-07 2.0532824046218437e-06 -8.586621075761448e-06 -1.560097348098933e-05 5.61686654266802e-06 1.150058297844617e-05 1.547476297788413e-05 -5.241651344924513e-06 -2.1733694611425294e-05 -5.427871181917524e-06 1.4242155867244493e-05 -1.29787282659175e-05 8.727238132276626e-06 7.717051756984045e-07 -1.613528926221395e-05 3.44058947642318e-06 -1.2465866184018077e-06 -1.37842053329225e-05 3.9224444265838604e-05 1.3156571301836727e-05 4.0619758937139735e-05 1.4240006417737683e-05 -1.496962480015462e-05 -3.989014055465856e-05 7.044813534178196e-06 -8.870706572345376e-06 -1.3709035405320057e-05 8.162186752657862e-06 7.632178983821307e-06 -1.5625518559952035e-05 -3.3286078306243328e-06 0.00019831059340585626 0.0001608485833666065 -3.858256288014407e-05 7.506841430759052e-07 1.2866859311429757e-05 9.416860943956446e-06 -2.693186263246303e-05 -1.8745704203764038e-05 2.517379649077684e-05 -3.0851482292789075e-06 -8.62457697960512e-06 -4.1211636972672266e-06 0.00025327061544310603 -0.00036887003854282007 -2.2042132628912606e-05 -1.8427469727569932e-05 1.184319349079002e-05 -2.0331848723210736e-05 -1.8920512396684312e-05 -3.007148127326514e-06 8.397537159099357e-06 1.4549139644859875e-05 -2.0629820568580576e-06 1.6423912216796948e-05 6.828249777312059e-06 -2.3337625526433196e-05 1.7751530612937235e-05 -7.175563403113722e-06 1.1222873869074353e-06 2.1854673781196714e-05 -5.868492736221426e-06 -4.346810115516129e-06 1.1485834606000741e-05 2.848901748587845e-06 -7.2735842265953535e-06 -3.512318822647401e-05 -7.666456205505082e-06 3.572849230416923e-05 -2.7121540174872863e-05 -2.2818726029114792e-05 1.9142795132050616e-05 4.9190778661241945e-06 -4.246484701536832e-06 3.8985231778484235e-06 4.817952459286793e-06 -2.614991050927988e-05 -1.3117921472058056e-05 2.9136763856648107e-05 -5.731013310210916e-06 1.259281873048935e-06 -1.9383056068109066e-05 3.971784525714049e-06 8.061119330352667e-06 1.372538051791175e-05 -1.0191969202131438e-05 6.408887565483005e-06 -2.0559722026281575e-05 2.4761437760026422e-05 0.00026135334465981553 -0.00016023533262907633 4.707665262585459e-05 9.038499285043338e-07 2.6676171554590097e-05 2.53150820572359e-06 -4.446761413773155e-06 4.2370921798208215e-05 -2.7339184091653637e-05 2.685634164260997e-05 0.00019813144298416475 2.3122171668241674e-05 -3.408149258483745e-05 -7.396521970919844e-06 -2.4126229902725186e-05 -1.6650419094922484e-05 2.0144783473835175e-05 -1.1970844315914071e-05 4.808713715474091e-07 -3.428303081639785e-06 -5.117262615584694e-06 -4.251802775128277e-07 8.010723153420547e-06 -2.5396500868501776e-05 1.5040753668944804e-05 1.0375653241857821e-05 1.6226759358223864e-05 -3.6121757037821625e-06 2.263787941439178e-06 -1.1334583237010325e-05 2.739430810719171e-05 -1.1029839626687672e-05 -2.743012968719971e-05 1.0734698321527732e-05 3.775283347866092e-05 -1.7102616687250846e-05 -1.769942547710013e-05 9.807260008504828e-06 -1.4670426804709962e-05 1.7292245396057163e-06 -3.3815901491224662e-06 6.95603447073848e-06 -7.571484149366499e-06 -4.082206108307803e-06 3.471967521933158e-05 6.668523568616474e-06 1.8893845922415063e-05 -9.607340561837147e-07 -2.5598066592672712e-05 3.132175169439851e-07 1.5742136885837832e-06 -7.6957963570782e-06 2.666304297110442e-06 -9.49630423534288e-06 -1.9912559729482624e-05 -5.33093865470795e-05 -2.6723043130467278e-05 -5.191937433764896e-06 -2.8403091505661273e-06 -7.74357447078947e-06 -1.5449242375477026e-05 6.635438189979426e-06 9.702180792541176e-07 -1.7750366789824327e-06 1.2645761136766537e-07 2.6950366758853232e-05 -9.198889660613768e-06 9.591252383897867e-06 2.829541407868752e-06 2.0107123965564643e-05 -1.189810733104655e-05 -1.0948670894551142e-06 1.7647085221834305e-05 -9.685319157110628e-06 2.8541112387596225e-05 1.3927424271155908e-05 -1.6672145495906663e-05 -9.372478945973892e-06 -2.2905550734326197e-06 -1.0226215490792475e-05 -5.475446881150612e-06 8.733265308867215e-08 -2.0104276082612632e-05 8.507705138615765e-06 0.00032893848717119805 -5.945763977460648e-06 2.500587058012894e-05 -2.2668619489207454e-05 1.0212334754799764e-05 9.614176323178172e-06 -2.617297446158905e-05 2.8558458624692958e-05 4.569954125310151e-06 5.73660234715224e-06 1.2100937126678703e-05 6.367178580762884e-06 -9.390095755104282e-06 -1.7454780671799788e-06 2.092245565008315e-06 4.43285900290908e-06 4.610469254338561e-06 -1.1769235121365604e-06 -7.102795963962937e-06 2.2172008904938876e-05 -1.2622388785951941e-05 -7.648921633531132e-06 -1.1046096463327071e-05 1.0239191041780922e-05 1.5531903450188455e-06 -1.5762170709814271e-06 1.0833284149217308e-05 -5.022247671305122e-06 2.4288963113729745e-05 2.7096771489444623e-06 4.778517323376353e-06 -1.4193348988448813e-05 1.8442323279872128e-05 -4.514574529137446e-06 1.1751587453182885e-05 1.1154502969334588e-05 -1.5173594229473087e-05 7.049427978302284e-06 -9.910843851544405e-06 -8.417879260275742e-07 -1.2400013277921412e-06 1.6555662464091463e-05 7.339658932192345e-06 -1.6280682370166414e-05 2.7133082043253372e-05 -1.2076396710243958e-05 1.516898272270117e-05 -2.4918353515504506e-05 -5.8312686459055714e-06 1.225014162777552e-05 2.798412207888108e-05 -1.9483266503379084e-05 -2.71009851153443e-05 -5.806348575458476e-06 -1.337474725115931e-05 -2.4495329384570263e-05 1.8544745906930745e-05 6.0821877915355385e-06 -1.186139145940342e-05 -1.032823791814551e-05 -2.207444169715216e-05 3.112438606856498e-07 2.0984914546068173e-05 -6.36294908182396e-06 1.2296139052305868e-05 1.0307026771687406e-05 1.2648535358275116e-05 -5.495405204773125e-06 -2.3393346895557213e-05 -1.120151687315475e-06 -1.0803864006530485e-05 1.6771805777043856e-05 -9.082882093184954e-06 -3.46808137454553e-05 -1.4689981968205955e-05 1.909820808072854e-05 1.6164359816372386e-05 1.0117926794407206e-06 -8.121842205637945e-07 1.080947384005732e-05 3.48883323785373e-05 -2.0106543796157918e-05 7.515195766125936e-06 -2.774370660146252e-05 -3.633950894656808e-07 8.98516197788517e-09 7.52293009338923e-06 -1.609725897110074e-05 -2.0919404542763587e-05 4.619038105540421e-06 4.133820077438294e-06 -1.2501081125355063e-05 -1.0017369775415404e-05 -1.5158651326750783e-05 1.7143018902890408e-06 1.2260930410634793e-05 -3.515822858871539e-05 -3.624578764415802e-06 -1.2441294454714727e-05 -2.3048224077964907e-05 -7.381652173362133e-06 -0.00015582485389775607 0.00015212894309272367 1.4139678422531867e-05 1.8887017136845437e-05 -2.9103054403148445e-05 -1.628961805540296e-05 1.3940804667002465e-05 -1.8773373665417305e-05 -8.028505789672315e-06 -4.275639880694059e-06 -9.399910418213545e-06 6.084379908343633e-06 -2.2322912284847502e-05 2.3567724341345987e-05 5.368279347254234e-07 9.29745201710792e-06 -1.6778236133580087e-05 -4.119790684840032e-06 -1.3467119327744593e-05 2.2156214678985003e-05 7.591754525189003e-06 -2.099209065977928e-05 -2.8032619698835902e-08 3.878210183586718e-06 7.862608414633807e-06 1.549743761702525e-05 -0.0001770727812415189 7.6851641166911e-06 -4.3593682651897766e-06 -2.4840781974592884e-06 -2.0681932785516013e-06 -1.1031444226164709e-06 1.8039804407533147e-06 -9.923556660323329e-06 1.8191952196588102e-06 -2.1534696408623247e-05 1.478182720506055e-05 -1.4815515671013514e-05 4.6083951322974825e-06 -7.580984199954536e-06 -1.159122280064628e-05 -1.3182261770714597e-05 3.1284873976326156e-06 6.29357250748345e-06 -4.438533477544462e-06 -1.0695235356023826e-05 7.127652690283849e-06 -1.461819073454102e-05 -2.2715906913007685e-06 3.093987755066895e-05 -2.0066393277700662e-05 -3.437374194835085e-06 5.114020767549039e-06 -1.0959191890247611e-05 2.8503315728116724e-05 2.896687291631569e-05 1.1683452419301195e-06 -5.409636333650116e-06 -1.4252222631581595e-05 9.774430945695079e-06 7.74235375942061e-06 -3.7346151553788908e-06 2.9258384736611483e-06 3.303433430019249e-06 1.740524373384991e-05 4.159088900254334e-05 2.021456164827329e-05 -9.957590113508304e-06 -1.0426807523633522e-05 -3.141182904607307e-05 6.656335468243848e-06 1.077531563860933e-05 -1.5620968292971865e-05 1.4768775031963972e-05 7.754623860782282e-06 -2.1670679743155163e-05 1.0547269449272824e-05 -4.029514859512595e-06 -1.4697019901651646e-05 5.3561547030759545e-06 1.1070783165025756e-05 9.882253800528941e-07 -1.118192086244545e-05 -1.4934400346037806e-05 2.2867670098944896e-05 -2.5595028192298314e-05 2.1294411495404042e-05 4.807338974745709e-06 -4.6079116566854965e-06 2.53699170085502e-05 -9.063737942987042e-06 -1.2474144937137063e-05 9.189858620531229e-07 -2.1068106426692568e-05 -2.70349435030273e-06 3.0084024686668795e-06 -1.567826419089066e-05 -1.8825765378846324e-05 -1.9925558057687504e-05 -0.00018438019312603924 -9.256349308115982e-06 1.409562908862032e-05 9.399707808485186e-06 1.3178963226122475e-05 1.3696315185794382e-05 2.2706626204262698e-05 3.7141261613097477e-06 -3.351200600175322e-06 -1.8141664981039012e-05 2.025941800094165e-05 -8.480939591367738e-06 -1.7282687382625393e-05 2.239651511362037e-05 1.7629325259147253e-05 -2.8428010760900563e-05 7.220064090491575e-06 5.502834674152847e-06 2.93290549502045e-05 -2.2617391740828375e-05 -1.8369863648037424e-05 -2.0701879895520635e-05 1.2827853079655283e-05 -1.7353587915710393e-05 -1.4710909442536385e-07 2.418577020117477e-06 1.9235673565724302e-06 -2.089116815273553e-05 -1.0179058350696893e-05 4.587500540969905e-06 -7.492586315281738e-06 -1.5455630004890372e-05 1.6443855384957583e-05 1.1870702430122367e-05 -1.9331916127205844e-05 1.3327578092338747e-05 -1.9356039429694077e-05 -5.1611561086442595e-06 1.118961744599889e-05 1.372358891598179e-05 -6.424443435056326e-06 -1.0620394237689147e-05 1.9661668595627816e-05 -4.275940335871413e-06 1.620125639813417e-05 1.1412257609830357e-05 -2.5406342133856226e-05 -2.632452573580905e-06 -2.9143667697662824e-06 -1.69152909073497e-06 -1.8356048022872918e-05 2.3732326165066993e-05 -1.3220690483641042e-05 2.9123847582148607e-06 -6.190424724060539e-07 3.011305278122526e-05 4.413504836294689e-06 -3.465418570945616e-06 -2.8222168828752835e-06 -5.031420597012662e-06 2.5173496491605384e-05 -0.00025286501593375324 -2.658754635289633e-06 2.9082229458048133e-05 1.4537972016717419e-06 -1.7512050453637542e-05 5.73091723881887e-06 -2.4984005058096377e-05 -4.9712016946113716e-05 2.1303513004422926e-06 -1.3088846167958651e-05 -1.2374809773694e-05 2.618531674839225e-05 3.369528087753341e-06 8.103753555871548e-06 0.0002057947083808275 1.4444777658538731e-05 -1.4146995876341839e-05 8.452786021085576e-06 -1.6510125100030542e-06 -5.758549937243012e-05 -9.212020965360654e-06 -4.562140026983459e-06 -3.134532839357225e-05 2.0672546793844765e-05 5.844854802340873e-06 -1.8003204663167666e-05 2.886194390534041e-06 1.537816866436241e-05 7.895847706909605e-06 2.21245615097019e-06 1.109152552939e-05 -3.271485479843782e-06 8.102821265580862e-06 2.6047644029516304e-05 -1.4374807400840742e-05 -7.794850240117095e-06 -1.0130160424578006e-06 -2.3668350760205523e-05 -1.956184064775576e-06 7.961592608214606e-06 -3.0810119027799733e-05 -6.817501631078391e-06 -2.021509361485374e-05 -3.530062341681955e-07 2.4281764408359537e-05 1.3556180546801615e-05 -7.885118886448273e-06 -5.4686626975045355e-06 -8.531732720500583e-06 -9.338283353943544e-06 4.290958588559055e-06 -2.0352988832824732e-05 5.572704558121334e-06 8.98518942860025e-07 2.2363853241461225e-05 -1.5984079168276408e-05 -7.677422730248179e-06 -6.8526951004151055e-06 2.3331938312264568e-05 -3.965404502510089e-05 1.2716569627198234e-05 1.1567129693876935e-05 6.0730054099237756e-06 -1.16106922914852e-05 -8.335708644140986e-06 2.1442069598266165e-05 8.1690745470559e-05 0.00010008350827204641 4.730811313192689e-06 -5.317412731401692e-06 1.7109123621923031e-06 1.1232536196364811e-07 1.243376532774358e-05 0.00022309517469449103 -3.056844222585355e-05 2.6532677353821262e-05 -1.5605425028246926e-05 -5.6376811596881094e-06 -8.188032865255427e-06 -3.153659750410654e-05 2.618257686253391e-05 1.5219054584476505e-05 4.162419667416229e-05 -1.2123028075479516e-05 2.1209178210550327e-05 8.836959750674164e-05 -0.00011539492250141038 -2.9978004830009744e-05 0.0002573131092374707 -1.8184560458915437e-05 -7.165328521616304e-06 -3.391951041295966e-05 1.5582382534473076e-05 -4.3835358500006255e-05 1.929429206689346e-05 6.372161976113594e-07 -1.4290056372328794e-05 1.557488125265747e-05 -3.773125005759035e-06 -5.0940477954849184e-06 -1.552161328622899e-05 0.0002453152637022607 -0.00010243674570382008 -2.1697990336673852e-05 1.860904504670599e-05 1.0106456767071194e-05 3.836903311122667e-06 -3.0434454381357444e-05 3.478955038649025e-05 1.4689187961989405e-05 2.2179210116516965e-05 -4.827536616549449e-06 -1.4071220107871565e-05 1.6665498764328497e-05 5.5485179356291395e-06 -6.743752128323139e-06 4.20861593538106e-06 -1.2426958351749336e-07 -1.3571470177480364e-05 -4.089078631518029e-05 2.239686387790205e-05 1.2229943505980566e-05 0.00022786487753120502 -0.0002351194822830687 -1.09986857243997e-05 -2.5993617624724706e-05 7.0731052280302814e-06 4.969637746304404e-06 -2.2306861935908765e-05 -3.250298939638843e-05 -1.1901658493141638e-05 0.00033871769179934306 2.1574658125382274e-06 1.7891886667819355e-05 7.433661258761617e-06 -4.694509223229329e-06 2.03603186664655e-05 -2.504111331926362e-06 3.563782807184356e-05 4.550234857674083e-05 -3.868965412317509e-05 8.01367292808302e-06 2.6266157256378843e-08 -2.0661828399247824e-05 -2.0530338878185257e-05 3.976423520970161e-06 0.00033546308182485097 -0.000318746705142301 2.4040458496824434e-05 -4.43372967083004e-05 3.20775908610512e-05 3.6682444478592094e-05 3.52740805774871e-05 -2.1534809248151096e-05 9.710090543450576e-07 2.4423880667036027e-05 7.859562375815166e-07 3.5213194958581285e-07 -2.4615898022491405e-05 1.6691856973829004e-05 -1.925795271060793e-05 2.8526466401627532e-05 -1.651426484779489e-05 7.968379265424255e-06 1.0970548083779365e-05 -3.335273690127603e-05 -3.1772128208902526e-05 3.457115706287544e-05 -1.3526141655723903e-05 -4.9569697722043155e-06 4.086535014175153e-07 6.993278653877759e-06 -1.639773669591795e-05 -2.4058639594472985e-05 6.218100891195319e-06 2.3848412195539565e-05 -1.322566374731479e-06 1.4111060937516227e-05 1.47935402674531e-06 1.1281855631542564e-05 -2.7641847222870662e-06 -2.206515538782272e-05 -5.132764699129116e-07 8.059051836636095e-06 1.0276657507772726e-05 -2.5767358401101114e-05 2.1012642758541875e-05 1.8120603835798826e-05 -8.137203429935e-07 2.381744715493625e-05 -7.612778541080186e-06 1.1007031736924864e-05 2.429885816012449e-05 2.1394395561990287e-05 -2.0962268634026445e-05 1.823594644367746e-05 -2.9035179418487627e-05 2.3217636921264772e-06 -1.3431465639708951e-06 6.899543475223731e-07 3.173717958455786e-05 1.2609592401120525e-05 -1.6552754448106002e-05 -1.6036660638798868e-05 1.000862090205326e-05 -2.153058942805412e-06 -5.415110296439906e-06 1.629540662344207e-05 0.00028893584577315354 -5.875267903055389e-06 -4.3602556213186505e-05 7.706494374341378e-06 1.9693939972222355e-05 0.00031165202649800186 1.1844840809600156e-05 7.030451201966081e-06 2.916279062365428e-05 -1.2931985181586586e-05 -3.8527802440899215e-05 -5.609403883886075e-06 6.4878522699007735e-06 3.0481879830334136e-05 -2.81825180150398e-05 2.6548857210234684e-05 -4.959241943903192e-06 -3.9694187421377856e-08 2.145551322843015e-05 -3.033587384572246e-05 1.1159341682424886e-05 6.361115142719885e-06 -4.836484386369735e-06 2.3498817569101507e-05</DataArray>
</CellData><Points>
<DataArray type="Float64" Name="Points" format="ascii" NumberOfComponents="3">0.000493011 0.00730151 0.0125597 0.00157739 0.00651634 0.012952 0.000493011 0.00730151 0.0125597 -0.0010410345204828993 0.00662442 0.0127683 0.000493011 0.00730151 0.0125597 -0.0004300345204828989 0.00769932 0.0112192 0.000493011 0.00730151 0.0125597 0.00130146 0.00904122 0.0121695 0.0135478 0.00342678 0.000740799 0.012368 0.00432018 0.000800857 0.0135478 0.00342678 0.000740799 0.0152697 0.00320767 0.000867397 0.0135478 0.00342678 0.000740799 0.014096 0.00180356 0.00100368 0.00376869 0.00909656 0.00300411 0.00393298 0.0101207 0.00203533 0.00376869 0.00909656 0.00300411 0.00525033 0.0085159 0.00245228 0.00376869 0.00909656 0.00300411 0.00257912 0.00777336 0.00376394 0.00376869 0.00909656 0.00300411 0.00483642 0.00844116 0.00449357 0.0038664 0.00827232 0.00700555 0.00452038 0.00857292 0.0082228 0.0038664 0.00827232 0.00700555 0.00343174 0.0073073 0.00572037 0.0038664 0.00827232 0.00700555 0.00277466 0.00796192 0.00831361 0.0038664 0.00827232 0.00700555 0.00390124 0.00965242 0.00602318 0.00230018 0.00269463 0.011849 0.00203052 0.00233768 0.0132393 0.00230018 0.00269463 0.011849 0.00174234 0.0012819 0.0110781 0.00230018 0.00269463 0.011849 0.00281738 0.00427557 0.0115091 0.00230018 0.00269463 0.011849 0.00182832 0.0032197 0.0102603 0.00230018 0.00269463 0.011849 0.00359403 0.00144697 0.0126623 0.00250852 0.0046369 0.0147152 0.00352184 0.00538269 0.0141516 0.00250852 0.0046369 0.0147152 0.00194 0.00463585 0.0131448 0.00250852 0.0046369 0.0147152 0.00154121 0.00327924 0.0144744 0.00352043 0.0126699 0.0132191 0.00440482 0.0125974 0.0145961 0.00352043 0.0126699 0.0132191 0.00228892 0.0126539 0.0120717 0.00352043 0.0126699 0.0132191 0.00273193 0.014136 0.0133522 0.00352043 0.0126699 0.0132191 0.00455708 0.0129767 0.0120055 0.00352043 0.0126699 0.0132191 0.00247101 0.0125194 0.0144811 0.0077017 0.00398387 0.000696332 0.00897267 0.00503523 0.00100521 0.0077017 0.00398387 0.000696332 0.00603632 0.00427764 0.000932917 0.0077017 0.00398387 0.000696332 0.00926506 0.00287477 0.00117268 0.0077017 0.00398387 0.000696332 0.00691515 0.00235016 0.00136909 0.00157739 0.00651634 0.012952 0.00236553 0.00647102 0.0144415 0.00157739 0.00651634 0.012952 0.00341924 0.00616293 0.0124575 0.0138936 0.0146457 0.0146944 0.0125801 0.013952 0.0146848 0.0138936 0.0146457 0.0146944 0.0128507 0.0150641 0.0131425 0.0140013 0.00789444 0.0062738 0.0152702 0.00816926 0.00573405 0.0140013 0.00789444 0.0062738 0.0142802 0.0073774 0.00467984 0.0140013 0.00789444 0.0062738 0.014146 0.00619846 0.00623703 0.0140013 0.00789444 0.0062738 0.0151636 0.0085856 0.00729237 0.0140013 0.00789444 0.0062738 0.0125735 0.00755284 0.00698267 0.0110874 0.00744728 0.0130319 0.0102308 0.00756525 0.0118334 0.0110874 0.00744728 0.0130319 0.0109384 0.00833353 0.0145211 0.0110874 0.00744728 0.0130319 0.0118049 0.00667472 0.0144055 0.00942109 0.00128455 0.0111734 0.0100221 0.0018406 0.0126659 0.00942109 0.00128455 0.0111734 0.00856388 0.00234458 0.0101714 0.00942109 0.00128455 0.0111734 0.0102145 -0.00019613452048289934 0.0111019 0.00942109 0.00128455 0.0111734 0.00870539 9.460049999999998e-05 0.0126002 0.0126999 0.0125566 0.0047824 0.0129168 0.0110224 0.003969 0.0126999 0.0125566 0.0047824 0.0137533 0.0140677 0.00556156 0.00266581 0.00417859 0.00262968 0.00132877 0.00327188 0.00303618 0.00266581 0.00417859 0.00262968 0.00359661 0.00315342 0.00170258 0.00266581 0.00417859 0.00262968 0.0035409 0.00559318 0.00292577 0.00266581 0.00417859 0.00262968 0.00156126 0.0044024 0.00115171 0.00266581 0.00417859 0.00262968 0.00336036 0.00307316 0.00394694 0.00115188 0.00258527 0.00886343 0.00188371 0.00298924 0.00740235 0.00115188 0.00258527 0.00886343 0.00127014 0.0009243530000000002 0.00918518 0.00115188 0.00258527 0.00886343 0.00182832 0.0032197 0.0102603 0.0112002 0.0099038 0.0116316 0.0107299 0.00935113 0.0130333 0.0112002 0.0099038 0.0116316 0.0102251 0.00965833 0.0102533 0.0112002 0.0099038 0.0116316 0.0121685 0.00856582 0.0121654 0.0112002 0.0099038 0.0116316 0.010464 0.0115221 0.0125348 0.0112002 0.0099038 0.0116316 0.0117085 0.0112083 0.0104334 0.0112002 0.0099038 0.0116316 0.0126608 0.0106238 0.0126686 0.000900048 0.00866203 0.010335 0.00197995 0.00737236 0.010667 0.000900048 0.00866203 0.010335 0.00130146 0.00904122 0.0121695 0.000900048 0.00866203 0.010335 0.000731434 0.00741224 0.00889609 0.00698412 0.00499405 0.0146475 0.00762959 0.00615388 0.0139975 0.00698412 0.00499405 0.0146475 0.00862063 0.00471638 0.0141882 0.00698412 0.00499405 0.0146475 0.00510995 0.00450016 0.0142746 0.00956501 0.0111155 0.0108431 0.00816377 0.0119129 0.0102295 0.00956501 0.0111155 0.0108431 0.0102251 0.00965833 0.0102533 0.00956501 0.0111155 0.0108431 0.00998115 0.0112669 0.00916069 0.00956501 0.0111155 0.0108431 0.010464 0.0115221 0.0125348 0.00956501 0.0111155 0.0108431 0.00811391 0.0112196 0.0121829 0.0122983 0.00579287 0.000703522 0.012368 0.00432018 0.000800857 0.0122983 0.00579287 0.000703522 0.0106705 0.005782 0.000861429 0.0122983 0.00579287 0.000703522 0.0134629 0.00692764 0.000945181 0.00875367 0.0150136 0.0145929 0.00807732 0.0165904045204829 0.0144705 0.00875367 0.0150136 0.0145929 0.00976996 0.0136383 0.014408 0.00429881 0.010674 0.000729879 0.00393298 0.0101207 0.00203533 0.00429881 0.010674 0.000729879 0.00420244 0.0123923 0.000945425 0.00429881 0.010674 0.000729879 0.0059551 0.011008 0.00100096 0.00429881 0.010674 0.000729879 0.00235872 0.0107021 0.00113824 0.00701894 0.00261386 0.00770187 0.00691938 0.0011383 0.00851543 0.00701894 0.00261386 0.00770187 0.00672493 0.00423506 0.00809138 0.00701894 0.00261386 0.00770187 0.00638109 0.0033675 0.00628393 0.00452038 0.00857292 0.0082228 0.00574902 0.00734879 0.00817203 0.00452038 0.00857292 0.0082228 0.00454627 0.0076352 0.00961946 0.00452038 0.00857292 0.0082228 0.00495186 0.0102011 0.00798641 0.0125801 0.013952 0.0146848 0.011615 0.0125889 0.0143936 0.0125801 0.013952 0.0146848 0.0128507 0.0150641 0.0131425 0.00860374 0.00631692 0.0043737 0.00779927 0.00602207 0.00322564 0.00860374 0.00631692 0.0043737 0.00838932 0.00463135 0.0045899 0.00860374 0.00631692 0.0043737 0.0102698 0.00635547 0.00444891 0.00860374 0.00631692 0.0043737 0.00698909 0.00728632 0.00489334 0.000721987 0.00255625 0.00632914 0.0018837099999999998 0.00298924 0.00740235 0.000721987 0.00255625 0.00632914 0.001676 0.0037193 0.00553534 0.000721987 0.00255625 0.00632914 -0.0007948345204828996 0.00192475 0.00599867 0.000721987 0.00255625 0.00632914 0.000473892 0.0014626 0.00753746 0.000721987 0.00255625 0.00632914 0.000832271 0.00219935 0.00471153 0.0135987 0.011317 0.0111106 0.0146835 0.0119231 0.0099499 0.0135987 0.011317 0.0111106 0.0136215 0.00937917 0.01081 0.0135987 0.011317 0.0111106 0.0126608 0.0106238 0.0126686 0.000531493 0.0020985 0.010141 0.0017423400000000002 0.0012819 0.0110781 0.000531493 0.0020985 0.010141 -0.0005786345204828988 0.0013073 0.0111542 0.000531493 0.0020985 0.010141 -0.0010283345204828978 0.00262287 0.00976003 0.000531493 0.0020985 0.010141 0.00127014 0.0009243530000000002 0.00918518 0.000531493 0.0020985 0.010141 -3.743452048289846e-05 0.00315787 0.0113593 0.000531493 0.0020985 0.010141 0.00182832 0.0032197 0.0102603 0.00594714 0.0108745 0.0114376 0.00506009 0.0112293 0.0131947 0.00393298 0.0101207 0.00203533 0.00405369 0.00890055 0.0009050690000000001 0.00393298 0.0101207 0.00203533 0.00504164 0.0102898 0.0032917 0.00393298 0.0101207 0.00203533 0.00235872 0.0107021 0.00113824 0.00393298 0.0101207 0.00203533 0.0034508 0.0117956 0.00291391 0.00669475 0.0151517 0.00744451 0.00691938 0.0165089345204829 0.00851543 0.00669475 0.0151517 0.00744451 0.00818538 0.0146816 0.00794779 0.00669475 0.0151517 0.00744451 0.00663557 0.013685 0.00668341 0.00669475 0.0151517 0.00744451 0.00644529 0.016595794520482897 0.00637692 0.00669475 0.0151517 0.00744451 0.00621795 0.0143269 0.00898024 0.00484974 0.00775334 0.0147411 0.00434473 0.00658616 0.0141112 0.00484974 0.00775334 0.0147411 0.00648123 0.00748177 0.0143631 0.00484974 0.00775334 0.0147411 0.00493958 0.00790137 0.0131154 0.00715504 0.0137532 0.0105645 0.00837952 0.0135913 0.00945576 0.00715504 0.0137532 0.0105645 0.00601238 0.0124503 0.0106169 0.00715504 0.0137532 0.0105645 0.00694999 0.0133332 0.0124193 0.00715504 0.0137532 0.0105645 0.00621795 0.0143269 0.00898024 0.0104369 0.00105105 0.00184008 0.0107051 0.00183494 0.000676453 0.0104369 0.00105105 0.00184008 0.00908099 0.000591219 0.00090875 0.0104369 0.00105105 0.00184008 0.0107821 0.00228088 0.00286013 0.0104369 0.00105105 0.00184008 0.0088953 0.00124312 0.00298981 0.0104369 0.00105105 0.00184008 0.0109584 -0.0007400345204828982 0.0016838 0.00804842 0.00546986 0.012735 0.00762959 0.00615388 0.0139975 0.00804842 0.00546986 0.012735 0.00931069 0.00658155 0.0131528 0.00804842 0.00546986 0.012735 0.00803417 0.00688241 0.0117179 0.00804842 0.00546986 0.012735 0.00719035 0.00522911 0.011251 0.00804842 0.00546986 0.012735 0.00862063 0.00471638 0.0141882 0.00804842 0.00546986 0.012735 0.0069292 0.00384271 0.0128863 0.0135219 0.0110357 0.00552027 0.0129554 0.0122705 0.00655939 0.0135219 0.0110357 0.00552027 0.0129168 0.0110224 0.003969 0.0135219 0.0110357 0.00552027 0.0143258 0.00951495 0.00536918 0.0135219 0.0110357 0.00552027 0.0135872 0.0102575 0.00728074 0.0135219 0.0110357 0.00552027 0.0150626 0.0121426 0.00595212 0.0100914 0.00687521 0.0146458 0.00865836 0.00682836 0.0146994 0.0100914 0.00687521 0.0146458 0.00931069 0.00658155 0.0131528 0.0100914 0.00687521 0.0146458 0.0109384 0.00833353 0.0145211 0.0100914 0.00687521 0.0146458 0.010527 0.00523387 0.0143946 0.0100914 0.00687521 0.0146458 0.0118049 0.00667472 0.0144055 0.0152702 0.00816926 0.00573405 0.015704326520482897 0.00901691 0.00469854 0.0152702 0.00816926 0.00573405 0.0143258 0.00951495 0.00536918 0.0152702 0.00816926 0.00573405 0.0142802 0.0073774 0.00467984 0.0152702 0.00816926 0.00573405 0.0151636 0.0085856 0.00729237 0.0152702 0.00816926 0.00573405 0.0170803545204829 0.00862476 0.0060503 0.00169788 0.00536853 0.00575944 0.00196482 0.00663834 0.00679314 0.00169788 0.00536853 0.00575944 0.001676 0.0037193 0.00553534 0.00169788 0.00536853 0.00575944 0.0004278489999999999 0.00537416 0.00678088 0.00169788 0.00536853 0.00575944 0.00271372 0.00503436 0.00453551 0.00169788 0.00536853 0.00575944 0.00258773 0.0046858 0.00703065 0.0112858 0.00811019 0.0109342 0.0116191 0.00681143 0.0114663 0.0112858 0.00811019 0.0109342 0.0102308 0.00756525 0.0118334 0.0112858 0.00811019 0.0109342 0.0111737 0.0069816 0.00983003 0.0112858 0.00811019 0.0109342 0.0118762 0.00891947 0.00955628 0.0112858 0.00811019 0.0109342 0.0121685 0.00856582 0.0121654 0.000333692 0.00901691 0.00469854 -0.0004033345204828998 0.0100163 0.00393141 0.000333692 0.00901691 0.00469854 0.000630687 0.00846458 0.00325454 0.000333692 0.00901691 0.00469854 -0.0010448345204828995 0.00951495 0.00536918 0.000333692 0.00901691 0.00469854 0.00170972 0.00862476 0.0060503 0.0128825 0.00500401 0.00932155 0.0114414 0.00519698 0.0102356 0.0128825 0.00500401 0.00932155 0.0124009 0.00640074 0.00853939 0.0128825 0.00500401 0.00932155 0.0116995 0.00369503 0.00863181 0.0128825 0.00500401 0.00932155 0.0127896 0.00366125 0.0107786 0.0128825 0.00500401 0.00932155 0.013321 0.00639678 0.0105679 0.0012836 0.0107145 0.0146701 0.000730921 0.010478 0.0133475 0.0012836 0.0107145 0.0146701 0.000600302 0.0122622 0.0145095 0.0012836 0.0107145 0.0146701 0.00017880299999999995 0.00944293 0.0144978 0.0142516 0.0113193 0.0134961 0.015384749620482899 0.0123435 0.0127924 0.0142516 0.0113193 0.0134961 0.0149419 0.0105633 0.0120957 0.0142516 0.0113193 0.0134961 0.0140496 0.0127511 0.0144262 0.0142516 0.0113193 0.0134961 0.0126608 0.0106238 0.0126686 0.00338456 0.00449497 0.000661803 0.0046239 0.00555865 0.00103919 0.00338456 0.00449497 0.000661803 0.00359661 0.00315342 0.00170258 0.00338456 0.00449497 0.000661803 0.00156126 0.0044024 0.00115171 0.00821117 0.01167 0.00428938 0.00973035 0.0109857 0.00467346 0.00821117 0.01167 0.00428938 0.00669364 0.0109304 0.00401177 0.00821117 0.01167 0.00428938 0.00689042 0.0126815 0.00478848 0.0030141 0.014989 0.0147205 0.00233364 0.016527374520482897 0.0144314 0.0030141 0.014989 0.0147205 0.00273193 0.014136 0.0133522 0.0030141 0.014989 0.0147205 0.00449298 0.015744600520482897 0.0143847 0.0112734 0.000523822 0.000527969 0.0107051 0.00183494 0.000676453 0.0112734 0.000523822 0.000527969 0.0122979 0.00162615 0.000934022 0.0112734 0.000523822 0.000527969 0.0109584 -0.0007400345204828988 0.0016838 0.0153071 0.00223141 0.0146704 0.0154849225204829 0.0031526 0.0132468 0.0153071 0.00223141 0.0146704 0.0145428 0.0008705480000000001 0.0139869 0.00525526 0.00481874 0.00973848 0.00526061 0.00552815 0.00821719 0.00525526 0.00481874 0.00973848 0.00663346 0.00384969 0.0100079 0.00525526 0.00481874 0.00973848 0.0049796 0.00443226 0.01163 0.012368 0.00432018 0.000800857 0.0109652 0.00422473 0.00219587 0.0060712 0.011504 0.0147445 0.00752286 0.0114145 0.0141445 0.0060712 0.011504 0.0147445 0.00654894 0.0130523 0.0144972 0.0060712 0.011504 0.0147445 0.00506009 0.0112293 0.0131947 0.0060712 0.011504 0.0147445 0.00634946 0.00962625 0.0143034 0.0116191 0.00681143 0.0114663 0.0111737 0.0069816 0.00983003 0.0116191 0.00681143 0.0114663 0.0124766 0.00611337 0.0127355 0.0116191 0.00681143 0.0114663 0.0104091 0.005693 0.0118173 0.0116191 0.00681143 0.0114663 0.013321 0.00639678 0.0105679 0.0016964 0.00617965 0.00395767 0.00271372 0.00503436 0.00453551 0.0016964 0.00617965 0.00395767 0.0005064780000000001 0.00508536 0.00398479 0.0016964 0.00617965 0.00395767 0.00257912 0.00777336 0.00376394 0.0016964 0.00617965 0.00395767 0.000809496 0.00649696 0.0022332 0.00346805 0.0141827 0.0113675 0.00350828 0.0127195 0.0104588 0.00346805 0.0141827 0.0113675 0.0019184 0.0147492 0.0117507 0.00346805 0.0141827 0.0113675 0.00467751 0.015034 0.0122886 0.00346805 0.0141827 0.0113675 0.00455708 0.0129767 0.0120055 0.00346805 0.0141827 0.0113675 0.00500201 0.0142154 0.0106521 0.00352184 0.00538269 0.0141516 0.00434473 0.00658616 0.0141112 0.00352184 0.00538269 0.0141516 0.00236553 0.00647102 0.0144415 0.00352184 0.00538269 0.0141516 0.00510995 0.00450016 0.0142746 0.00352184 0.00538269 0.0141516 0.00341924 0.00616293 0.0124575 0.00714996 0.0120684 0.000645321 0.00779104 0.0133708 0.00134064 0.00714996 0.0120684 0.000645321 0.0059551 0.011008 0.00100096 0.0107051 0.00183494 0.000676453 0.0122979 0.00162615 0.000934022 0.0107051 0.00183494 0.000676453 0.00926506 0.00287477 0.00117268 0.00589846 0.00895415 0.00741713 0.00543686 0.00777583 0.00638584 0.00589846 0.00895415 0.00741713 0.00617458 0.00900985 0.00910026 0.00589846 0.00895415 0.00741713 0.00495186 0.0102011 0.00798641 0.00589846 0.00895415 0.00741713 0.00734525 0.0101427 0.00763727 0.00825892 0.0128874 0.0146034 0.00937883 0.0115674 0.0144438 0.00825892 0.0128874 0.0146034 0.00752286 0.0114145 0.0141445 0.00825892 0.0128874 0.0146034 0.00654894 0.0130523 0.0144972 0.00825892 0.0128874 0.0146034 0.00976996 0.0136383 0.014408 0.00385337 0.00639291 0.00437389 0.00343174 0.0073073 0.00572037 0.00385337 0.00639291 0.00437389 0.0035409 0.00559318 0.00292577 0.00385337 0.00639291 0.00437389 0.00257912 0.00777336 0.00376394 0.000730921 0.010478 0.0133475 0.00115998 0.0111961 0.0122206 0.000730921 0.010478 0.0133475 -0.00042873452048290055 0.0105633 0.0120957 0.000730921 0.010478 0.0133475 0.00017880299999999995 0.00944293 0.0144978 0.000730921 0.010478 0.0133475 0.00130146 0.00904122 0.0121695 0.000730921 0.010478 0.0133475 0.00265641 0.0108205 0.0132162 0.00774637 0.00339433 0.0111926 0.00856388 0.00234458 0.0101714 0.00774637 0.00339433 0.0111926 0.00673436 0.00205639 0.0107665 0.00774637 0.00339433 0.0111926 0.00663346 0.00384969 0.0100079 0.00774637 0.00339433 0.0111926 0.0069292 0.00384271 0.0128863 0.00945216 0.013076 0.000749256 0.00920325 0.0126127 0.00241739 0.00203052 0.00233768 0.0132393 0.00233364 0.00115674 0.0144314 0.00203052 0.00233768 0.0132393 0.000742283 0.00123893 0.012809 0.00203052 0.00233768 0.0132393 0.00154121 0.00327924 0.0144744 0.00203052 0.00233768 0.0132393 0.00359403 0.00144697 0.0126623 0.000418812 0.00670399 0.00525533 -0.0010904345204828987 0.0073774 0.00467984 0.0130047 0.00963998 0.000696527 0.0138058 0.0085099 0.000757212 0.0130047 0.00963998 0.000696527 0.0138093 0.0111395 0.000842585 0.0130047 0.00963998 0.000696527 0.0120432 0.0105601 0.00170202 0.0136999 0.00650829 0.00259982 0.0135682 0.00479646 0.00272295 0.0136999 0.00650829 0.00259982 0.0144779 0.00793718 0.00223498 0.0136999 0.00650829 0.00259982 0.0134629 0.00692764 0.000945181 0.0136999 0.00650829 0.00259982 0.0119922 0.00596005 0.00330881 0.00640045 0.0062688 0.00926918 0.00526061 0.00552815 0.00821719 0.00640045 0.0062688 0.00926918 0.00551452 0.00630993 0.0107041 0.00640045 0.0062688 0.00926918 0.00795137 0.00609129 0.00982887 0.00640045 0.0062688 0.00926918 0.00574902 0.00734879 0.00817203 0.00779927 0.00602207 0.00322564 0.00673104 0.00475392 0.00269162 0.00779927 0.00602207 0.00322564 0.00631321 0.00667648 0.00301519 0.00779927 0.00602207 0.00322564 0.00934228 0.00541221 0.00303254 0.00434473 0.00658616 0.0141112 0.00341924 0.00616293 0.0124575 0.00988525 0.00264787 0.00903162 0.00896454 0.00131934 0.00792336 0.00988525 0.00264787 0.00903162 0.00911798 0.00436004 0.0096004 0.00988525 0.00264787 0.00903162 0.0105144 0.0029798 0.0108948 0.0149673 0.0100163 0.00393141 0.0136592 0.00888639 0.00371737 0.0149673 0.0100163 0.00393141 0.0143258 0.00951495 0.00536918 0.0149673 0.0100163 0.00393141 0.0162476515204829 0.010352 0.00295445 0.0149673 0.0100163 0.00393141 0.0148137 0.0116747 0.00345297 0.000279323 0.00377106 0.00982998 -0.0010283345204828984 0.00262287 0.00976003 0.000279323 0.00377106 0.00982998 -0.00038563452048289885 0.00500982 0.0108113 0.000279323 0.00377106 0.00982998 -3.743452048289895e-05 0.00315787 0.0113593 0.000279323 0.00377106 0.00982998 0.00182832 0.0032197 0.0102603 0.000279323 0.00377106 0.00982998 -0.0004681345204828981 0.00387729 0.00806378 0.0138058 0.0085099 0.000757212 0.0149802 0.00967256 0.00092195 0.0138058 0.0085099 0.000757212 0.0144779 0.00793718 0.00223498 0.0138058 0.0085099 0.000757212 0.0134629 0.00692764 0.000945181 0.00362028 0.00584406 0.00643751 0.00343174 0.0073073 0.00572037 0.00362028 0.00584406 0.00643751 0.0032797 0.00614054 0.00805145 0.00362028 0.00584406 0.00643751 0.00258773 0.0046858 0.00703065 0.00362028 0.00584406 0.00643751 0.00513331 0.0059524 0.00584849 0.0153189 0.0138761 0.0146439 0.016610174520482898 0.0149498 0.0143755 0.0153189 0.0138761 0.0146439 0.015970936520482898 0.0122622 0.0145095 0.0153189 0.0138761 0.0146439 0.0140496 0.0127511 0.0144262 0.0133296 0.00300237 0.00468012 0.0122882 0.00209429 0.00420944 0.0133296 0.00300237 0.00468012 0.0128448 0.00301368 0.00661025 0.0133296 0.00300237 0.00468012 0.0148733 0.00393738 0.00545689 0.0128291 0.0126087 0.00962027 0.0138313 0.012481 0.00826821 0.0128291 0.0126087 0.00962027 0.0117085 0.0112083 0.0104334 0.0128291 0.0126087 0.00962027 0.0116419 0.0135771 0.0108081 0.0111652 0.0125905 0.00915726 0.0120945 0.0133996 0.00795507 0.0111652 0.0125905 0.00915726 0.00999035 0.012727 0.00759293 0.0111652 0.0125905 0.00915726 0.0117085 0.0112083 0.0104334 0.0111652 0.0125905 0.00915726 0.0116419 0.0135771 0.0108081 0.000219644 0.00698282 0.00708926 0.000427849 0.00537416 0.00678088 0.000219644 0.00698282 0.00708926 -0.0002070345204828996 0.0085856 0.00729237 0.000219644 0.00698282 0.00708926 0.000731434 0.00741224 0.00889609 0.00115998 0.0111961 0.0122206 1.4115099999999908e-05 0.0123435 0.0127924 0.00115998 0.0111961 0.0122206 0.000694271 0.0121836 0.0111114 0.00115998 0.0111961 0.0122206 0.00193247 0.0106993 0.0108775 0.00115998 0.0111961 0.0122206 -0.0004287345204828997 0.0105633 0.0120957 0.00115998 0.0111961 0.0122206 0.00265641 0.0108205 0.0132162 0.0138595 0.000445606 0.00614881 0.0130472 0.00114517 0.00705028 0.0138595 0.000445606 0.00614881 0.0145758 0.0019247499999999998 0.00599867 0.0138595 0.000445606 0.00614881 0.012204 0.000757626 0.00575173 0.0138595 0.000445606 0.00614881 0.0157851925204829 0.00019263500000000003 0.00574279 0.0138595 0.000445606 0.00614881 0.0137533 -0.001302934520482898 0.00556156 0.00865836 0.00682836 0.0146994 0.00762959 0.00615388 0.0139975 0.00865836 0.00682836 0.0146994 0.00931069 0.00658155 0.0131528 0.00865836 0.00682836 0.0146994 0.00811496 0.00842274 0.0144168 0.00182087 0.00147073 0.00613927 0.0024444 0.00118667 0.00772203 0.00182087 0.00147073 0.00613927 0.000414558 0.00019263500000000003 0.00574279 0.00182087 0.00147073 0.00613927 0.00371273 0.00108794 0.00591958 0.00682169 0.0150128 0.00453348 0.00843132 0.0150034 0.00437379 0.00682169 0.0150128 0.00453348 0.00534557 0.0157172945204829 0.00461598 0.00682169 0.0150128 0.00453348 0.00583973 0.0142939 0.0030166 0.0100439 0.00179684 0.00635142 0.011023 0.00246347 0.00520603 0.0100439 0.00179684 0.00635142 0.0103824 0.00039714000000000004 0.005487 0.0100439 0.00179684 0.00635142 0.00896454 0.00131934 0.00792336 0.0100439 0.00179684 0.00635142 0.0113194 0.00151832 0.00776026 0.0100439 0.00179684 0.00635142 0.008418 0.00269916 0.00595766 0.0130472 0.00114517 0.00705028 0.012204 0.000757626 0.00575173 0.0130472 0.00114517 0.00705028 0.0140113 0.00188055 0.00803914 0.0130472 0.00114517 0.00705028 0.0128448 0.00301368 0.00661025 0.0130472 0.00114517 0.00705028 0.0113194 0.00151832 0.00776026 0.0116062 0.00416555 0.00584918 0.0118248 0.00396197 0.00420098 0.0116062 0.00416555 0.00584918 0.010202 0.00460568 0.00517186 0.0116062 0.00416555 0.00584918 0.0128448 0.00301368 0.00661025 0.00368363 0.00187894 0.000682861 0.00506621 0.000975279 0.000909725 0.00368363 0.00187894 0.000682861 0.00359661 0.00315342 0.00170258 0.00368363 0.00187894 0.000682861 0.00329161 0.00030235700000000006 0.0017968199999999998 0.00368363 0.00187894 0.000682861 0.00177583 0.00204182 0.00120939 0.00762959 0.00615388 0.0139975 0.00610878 0.00612001 0.0128248 0.0102308 0.00756525 0.0118334 0.00927042 0.00776417 0.0101156 0.0122882 0.00209429 0.00420944 0.011023 0.00246347 0.00520603 0.0122882 0.00209429 0.00420944 0.0136145 0.00113654 0.00452018 0.0122882 0.00209429 0.00420944 0.0129111 0.00282115 0.00255538 0.00481886 0.00660089 0.00275253 0.00370761 0.00741853 0.00200219 0.00481886 0.00660089 0.00275253 0.00631321 0.00667648 0.00301519 0.00481886 0.00660089 0.00275253 0.0035409 0.00559318 0.00292577 0.0130448 0.00451368 0.00541289 0.0138889 0.00556811 0.00439314 0.0130448 0.00451368 0.00541289 0.0122821 0.00597883 0.00548947 0.0130448 0.00451368 0.00541289 0.0128448 0.00301368 0.00661025 0.0130448 0.00451368 0.00541289 0.0148733 0.00393738 0.00545689 0.00350828 0.0127195 0.0104588 0.00396106 0.0139045 0.00902363 0.00350828 0.0127195 0.0104588 0.0038254 0.0112208 0.0114789 0.00350828 0.0127195 0.0104588 0.00455708 0.0129767 0.0120055 0.00350828 0.0127195 0.0104588 0.00474007 0.0121636 0.00914225 0.00350828 0.0127195 0.0104588 0.00175532 0.0134383 0.0103344 0.00350828 0.0127195 0.0104588 0.00266446 0.011467 0.00896511 0.0109905 0.0137068 0.0128953 0.011615 0.0125889 0.0143936 0.0109905 0.0137068 0.0128953 0.00976996 0.0136383 0.014408 0.0109905 0.0137068 0.0128953 0.0116419 0.0135771 0.0108081 0.00908099 0.000591219 0.00090875 0.0089067 -0.0007934345204828994 0.00221369 0.00908099 0.000591219 0.00090875 0.0088953 0.00124312 0.00298981 0.00908099 0.000591219 0.00090875 0.00693098 -3.243452048289986e-05 0.00111819 0.0111686 0.0118173 0.00361142 0.00973035 0.0109857 0.00467346 0.0111686 0.0118173 0.00361142 0.0129168 0.0110224 0.003969 0.0111686 0.0118173 0.00361142 0.00981432 0.0108335 0.00263337 0.0111686 0.0118173 0.00361142 0.0122247 0.0133903 0.00330461 0.0111686 0.0118173 0.00361142 0.0110418 0.0125714 0.00182869 0.0111686 0.0118173 0.00361142 0.011242 0.00963596 0.00352259 0.00123954 0.0149498 0.0143755 0.00233364 0.016527374520482897 0.0144314 0.00123954 0.0149498 0.0143755 0.00273193 0.014136 0.0133522 0.00123954 0.0149498 0.0143755 -0.0001648345204828981 0.0145241 0.0127469 0.00440482 0.0125974 0.0145961 0.00507358 0.0139015 0.0136251 0.00440482 0.0125974 0.0145961 0.00247101 0.0125194 0.0144811 0.00440482 0.0125974 0.0145961 0.00506009 0.0112293 0.0131947 0.00550766 0.00530918 0.00409605 0.00673104 0.00475392 0.00269162 0.00550766 0.00530918 0.00409605 0.00631321 0.00667648 0.00301519 0.00550766 0.00530918 0.00409605 0.00489462 0.00429023 0.00253832 0.00550766 0.00530918 0.00409605 0.00496459 0.00376277 0.00510328 0.00550766 0.00530918 0.00409605 0.00513331 0.0059524 0.00584849 0.0136129 0.00329776 0.0144723 0.01248 0.0048604 0.0142924 0.0136129 0.00329776 0.0144723 0.0136339 0.00234321 0.0125785 0.00174234 0.0012819 0.0110781 0.000742283 0.00123893 0.012809 0.00174234 0.0012819 0.0110781 0.000483949 -0.0001459345204828991 0.0106187 0.00174234 0.0012819 0.0110781 0.00127014 0.000924353 0.00918518 0.00174234 0.0012819 0.0110781 0.00297707 0.0016557 0.00955558 0.0146835 0.0119231 0.0099499 0.016064905520482897 0.0121836 0.0111114 0.0146835 0.0119231 0.0099499 0.0134118 0.0108371 0.00923842 0.0146835 0.0119231 0.0099499 0.015478902520482899 0.0134798 0.00900648 0.0146835 0.0119231 0.0099499 0.0148966 0.0136151 0.0107997 0.0146835 0.0119231 0.0099499 0.0138313 0.012481 0.00826821 0.0146835 0.0119231 0.0099499 0.0158071635204829 0.0115043 0.00812507 0.00666198 0.00939862 0.0122092 0.00738198 0.00862596 0.0106645 0.00666198 0.00939862 0.0122092 0.00559617 0.00815197 0.0111301 0.00666198 0.00939862 0.0122092 0.00473177 0.00950777 0.0121215 0.00666198 0.00939862 0.0122092 0.00634946 0.00962625 0.0143034 0.00666198 0.00939862 0.0122092 0.00875803 0.00885407 0.0123405 0.00462615 0.00437676 0.00686314 0.00526061 0.00552815 0.00821719 0.00462615 0.00437676 0.00686314 0.00376593 0.00431927 0.00859833 0.00462615 0.00437676 0.00686314 0.00496459 0.00376277 0.00510328 0.00462615 0.00437676 0.00686314 0.00513331 0.0059524 0.00584849 0.00462615 0.00437676 0.00686314 0.00338444 0.00316305 0.00612888 0.00754832 0.00921449 0.00399679 0.00669364 0.0109304 0.00401177 0.00754832 0.00921449 0.00399679 0.00766538 0.00788841 0.00253833 0.00754832 0.00921449 0.00399679 0.00942914 0.00832962 0.0046986 0.00754832 0.00921449 0.00399679 0.00698909 0.00728632 0.00489334 0.0100221 0.0018406 0.0126659 0.0085952 0.00271005 0.0134731 0.0100221 0.0018406 0.0126659 0.0117872 0.00115571 0.0116475 0.0100221 0.0018406 0.0126659 0.00870539 9.460049999999998e-05 0.0126002 0.0100221 0.0018406 0.0126659 0.0105144 0.0029798 0.0108948 0.0100221 0.0018406 0.0126659 0.0106571 0.0002941090000000001 0.0141398 1.41151e-05 0.0123435 0.0127924 0.000694271 0.0121836 0.0111114 1.41151e-05 0.0123435 0.0127924 0.000600302 0.0122622 0.0145095 1.41151e-05 0.0123435 0.0127924 -0.0004287345204828998 0.0105633 0.0120957 1.41151e-05 0.0123435 0.0127924 -0.0019813345204828994 0.0128789 0.0123459 1.41151e-05 0.0123435 0.0127924 -0.00016483452048289887 0.0145241 0.0127469 0.0129554 0.0122705 0.00655939 0.0138313 0.012481 0.00826821 0.0129554 0.0122705 0.00655939 0.0120945 0.0133996 0.00795507 0.0129554 0.0122705 0.00655939 0.0135872 0.0102575 0.00728074 0.0129554 0.0122705 0.00655939 0.0113872 0.0136318 0.00587027 0.0129554 0.0122705 0.00655939 0.0137533 0.0140677 0.00556156 0.0129554 0.0122705 0.00655939 0.0150626 0.0121426 0.00595212 0.00797148 0.0111237 0.0025548 0.00920325 0.0126127 0.00241739 0.00797148 0.0111237 0.0025548 0.00669364 0.0109304 0.00401177 0.00797148 0.0111237 0.0025548 0.00981432 0.0108335 0.00263337 0.00797148 0.0111237 0.0025548 0.00652451 0.0122959 0.00232233 0.00797148 0.0111237 0.0025548 0.00796422 0.00949811 0.00117325 0.00311471 0.00975202 0.00774437 0.00124551 0.0094352 0.00812577 0.00311471 0.00975202 0.00774437 0.00277466 0.00796192 0.00831361 0.00311471 0.00975202 0.00774437 0.00390124 0.00965242 0.00602318 0.00311471 0.00975202 0.00774437 0.00495186 0.0102011 0.00798641 0.00311471 0.00975202 0.00774437 0.00213374 0.0111315 0.00640642 0.00311471 0.00975202 0.00774437 0.00266446 0.011467 0.00896511 0.00117642 0.00793708 0.0140674 0.00027192100000000006 0.00631312 0.0141524 0.00117642 0.00793708 0.0140674 0.00236877 0.00927747 0.0145524 0.00117642 0.00793708 0.0140674 0.00236553 0.00647102 0.0144415 0.00117642 0.00793708 0.0140674 0.00017880299999999995 0.00944293 0.0144978 0.00117642 0.00793708 0.0140674 0.00130146 0.00904122 0.0121695 0.014792 0.0013073 0.0111542 0.0143423 0.00262287 0.00976003 0.014792 0.0013073 0.0111542 0.0158545835204829 -0.0001459345204828993 0.0106187 0.014792 0.0013073 0.0111542 0.0148221 0.000782182 0.00928872 0.014792 0.0013073 0.0111542 0.0153332 0.00315787 0.0113593 0.014792 0.0013073 0.0111542 0.0134189 -0.0002247345204828997 0.0105555 0.014792 0.0013073 0.0111542 0.0136339 0.00234321 0.0125785 0.01112 0.00748176 0.00576106 0.0102698 0.00635547 0.00444891 0.01112 0.00748176 0.00576106 0.0122821 0.00597883 0.00548947 0.01112 0.00748176 0.00576106 0.0125735 0.00755284 0.00698267 0.01112 0.00748176 0.00576106 0.00942914 0.00832962 0.0046986 0.01112 0.00748176 0.00576106 0.0122659 0.00927611 0.00561146 0.01112 0.00748176 0.00576106 0.00928022 0.00643706 0.00634863 0.00738445 0.00732661 0.00705661 0.00750258 0.00771037 0.00893498 0.00738445 0.00732661 0.00705661 0.00788846 0.00887733 0.00606273 0.00738445 0.00732661 0.00705661 0.00574902 0.00734879 0.00817203 0.00738445 0.00732661 0.00705661 0.00698909 0.00728632 0.00489334 0.00738445 0.00732661 0.00705661 0.00928022 0.00643706 0.00634863 0.00738445 0.00732661 0.00705661 0.00715322 0.00533106 0.00622825 0.00156199 0.0132862 0.00615405 0.00320432 0.0126268 0.00541845 0.00156199 0.0132862 0.00615405 0.000802221 0.0144417 0.00749869 0.00156199 0.0132862 0.00615405 0.00213374 0.0111315 0.00640642 0.00156199 0.0132862 0.00615405 -0.0003080345204828994 0.0121426 0.00595212 0.0136592 0.00888639 0.00371737 0.0138898 0.0102581 0.00247586 0.0136592 0.00888639 0.00371737 0.0143258 0.00951495 0.00536918 0.0136592 0.00888639 0.00371737 0.0142802 0.0073774 0.00467984 0.0136592 0.00888639 0.00371737 0.0144779 0.00793718 0.00223498 0.0136592 0.00888639 0.00371737 0.0125824 0.00853851 0.00210868 0.0136592 0.00888639 0.00371737 0.0121339 0.00783684 0.00404783 0.00691938 0.0011383 0.00851543 0.00546523 0.000901014 0.00968179 0.00691938 0.0011383 0.00851543 0.00804365 0.000234175 0.0101561 0.00691938 0.0011383 0.00851543 0.00896454 0.00131934 0.00792336 0.00691938 0.0011383 0.00851543 0.00644529 0.00122516 0.00637692 0.00807732 0.00121977 0.0144705 0.0085952 0.00271005 0.0134731 0.00807732 0.00121977 0.0144705 0.00651407 4.272070000000002e-05 0.0135665 0.00124551 0.0094352 0.00812577 -0.0003013345204828984 0.00978469 0.00925657 0.00124551 0.0094352 0.00812577 -0.00020703452048289987 0.0085856 0.00729237 0.00124551 0.0094352 0.00812577 0.00239179 0.00936221 0.00961564 0.00124551 0.0094352 0.00812577 0.00043652899999999995 0.0115043 0.00812507 0.00124551 0.0094352 0.00812577 0.000731434 0.00741224 0.00889609 0.0138093 0.0111395 0.000842585 0.0138898 0.0102581 0.00247586 0.0138093 0.0111395 0.000842585 0.0146526 0.0128168 0.000812112 0.0138093 0.0111395 0.000842585 0.0149802 0.00967256 0.00092195 0.0138093 0.0111395 0.000842585 0.0129426 0.0122428 0.00204217 0.00525033 0.0085159 0.00245228 0.00370761 0.00741853 0.00200219 0.00525033 0.0085159 0.00245228 0.00538299 0.00731263 0.0009433179999999998 0.00525033 0.0085159 0.00245228 0.00592848 0.00912468 0.000857479 0.00525033 0.0085159 0.00245228 0.00405369 0.00890055 0.0009050690000000001 0.00525033 0.0085159 0.00245228 0.00504164 0.0102898 0.0032917 0.00525033 0.0085159 0.00245228 0.00483642 0.00844116 0.00449357 0.00931069 0.00658155 0.0131528 0.00803417 0.00688241 0.0117179 0.00931069 0.00658155 0.0131528 0.0104091 0.005693 0.0118173 0.00973035 0.0109857 0.00467346 0.0110136 0.0114765 0.00608454 0.00920325 0.0126127 0.00241739 0.00781716 0.013515 0.00333392 0.00920325 0.0126127 0.00241739 0.00981432 0.0108335 0.00263337 0.00920325 0.0126127 0.00241739 0.00779104 0.0133708 0.00134064 0.00920325 0.0126127 0.00241739 0.0089067 0.0145772 0.00221369 0.00920325 0.0126127 0.00241739 0.0110418 0.0125714 0.00182869 0.00920325 0.0126127 0.00241739 0.0102464 0.0139664 0.0038129 0.00750258 0.00771037 0.00893498 0.00915555 0.00791194 0.00788389 0.00750258 0.00771037 0.00893498 0.00738198 0.00862596 0.0106645 0.00750258 0.00771037 0.00893498 0.00795137 0.00609129 0.00982887 0.00750258 0.00771037 0.00893498 0.00574902 0.00734879 0.00817203 0.00750258 0.00771037 0.00893498 0.00617458 0.00900985 0.00910026 0.00750258 0.00771037 0.00893498 0.00927042 0.00776417 0.0101156 0.0129168 0.0110224 0.003969 0.0138898 0.0102581 0.00247586 0.0129168 0.0110224 0.003969 0.011242 0.00963596 0.00352259 0.0103892 0.0111451 0.000872728 0.0120432 0.0105601 0.00170202 0.0103892 0.0111451 0.000872728 0.0100698 0.00928149 0.00089909 0.0103892 0.0111451 0.000872728 0.00981432 0.0108335 0.00263337 0.0103892 0.0111451 0.000872728 0.0110418 0.0125714 0.00182869 0.00838932 0.00463135 0.0045899 0.00716977 0.00323586 0.0041996 0.00838932 0.00463135 0.0045899 0.00955945 0.00310406 0.00410763 0.00838932 0.00463135 0.0045899 0.010202 0.00460568 0.00517186 0.00838932 0.00463135 0.0045899 0.00934228 0.00541221 0.00303254 0.00838932 0.00463135 0.0045899 0.00831539 0.00377949 0.00281739 0.00838932 0.00463135 0.0045899 0.00715322 0.00533106 0.00622825 0.0100848 0.00599716 0.00858566 0.0113112 0.00564228 0.00711587 0.0100848 0.00599716 0.00858566 0.0111737 0.0069816 0.00983003 0.0100848 0.00599716 0.00858566 0.0110042 0.0076238 0.0080279 0.0100848 0.00599716 0.00858566 0.00911798 0.00436004 0.0096004 0.0100848 0.00599716 0.00858566 0.00970292 0.0042138 0.00727617 0.00716977 0.00323586 0.0041996 0.00750462 0.00131208 0.00461104 0.00716977 0.00323586 0.0041996 0.00570806 0.00214826 0.00456099 0.00716977 0.00323586 0.0041996 0.00831539 0.00377949 0.00281739 0.00716977 0.00323586 0.0041996 0.008418 0.00269916 0.00595766 0.00803417 0.00688241 0.0117179 0.00719035 0.00522911 0.011251 0.00803417 0.00688241 0.0117179 0.00927042 0.00776417 0.0101156 0.00803417 0.00688241 0.0117179 0.00875803 0.00885407 0.0123405 0.00673104 0.00475392 0.00269162 0.00631321 0.00667648 0.00301519 0.00673104 0.00475392 0.00269162 0.00489462 0.00429023 0.00253832 0.00673104 0.00475392 0.00269162 0.00603632 0.00427764 0.0009329170000000001 0.00673104 0.00475392 0.00269162 0.00831539 0.00377949 0.00281739 0.00673104 0.00475392 0.00269162 0.0072244 0.00620828 0.00116065 0.000271921 0.00631312 0.0141524 -0.0010410345204828991 0.00662442 0.0127683 0.000271921 0.00631312 0.0141524 -8.783452048289963e-05 0.00450269 0.0145052 0.000271921 0.00631312 0.0141524 0.000167381 0.00506648 0.012683 0.011615 0.0125889 0.0143936 0.0111311 0.0107118 0.014401 0.000114288 0.0031526 0.0132468 0.00154121 0.00327924 0.0144744 0.000114288 0.0031526 0.0132468 -8.78345204829006e-05 0.00450269 0.0145052 0.000114288 0.0031526 0.0132468 0.000167381 0.00506648 0.012683 0.000114288 0.0031526 0.0132468 -3.74345204828998e-05 0.00315787 0.0113593 0.000114288 0.0031526 0.0132468 -0.0017367345204829007 0.00234321 0.0125785 0.00343174 0.0073073 0.00572037 0.00196482 0.00663834 0.00679314 0.00343174 0.0073073 0.00572037 0.00170972 0.00862476 0.0060503 0.00343174 0.0073073 0.00572037 0.00257912 0.00777336 0.00376394 0.00343174 0.0073073 0.00572037 0.00483642 0.00844116 0.00449357 0.0120432 0.0105601 0.00170202 0.0129426 0.0122428 0.00204217 0.0120432 0.0105601 0.00170202 0.011242 0.00963596 0.00352259 0.00228892 0.0126539 0.0120717 0.000694271 0.0121836 0.0111114 0.00228892 0.0126539 0.0120717 0.00175532 0.0134383 0.0103344 0.00228892 0.0126539 0.0120717 0.00265641 0.0108205 0.0132162 0.00370761 0.00741853 0.00200219 0.00538299 0.00731263 0.0009433179999999998 0.00370761 0.00741853 0.00200219 0.00275963 0.00601713 0.00126728 0.00370761 0.00741853 0.00200219 0.00215499 0.00764296 0.000848651 0.00370761 0.00741853 0.00200219 0.00405369 0.00890055 0.0009050690000000001 0.00370761 0.00741853 0.00200219 0.00257912 0.00777336 0.00376394 0.0138898 0.0102581 0.00247586 0.0149802 0.00967256 0.0009219499999999999 0.0138898 0.0102581 0.00247586 0.0148137 0.0116747 0.00345297 0.00198444 0.0150523 0.00423767 0.00210087 0.0131059 0.00395751 0.00198444 0.0150523 0.00423767 0.00312247 0.0144776 0.00553698 0.00198444 0.0150523 0.00423767 0.0037209 0.014374 0.00356214 0.00198444 0.0150523 0.00423767 0.000414558 0.0155632695204829 0.00574279 0.00198444 0.0150523 0.00423767 0.00105095 0.0151171 0.00239109 0.0107821 0.00228088 0.00286013 0.00955945 0.00310406 0.00410763 0.0107821 0.00228088 0.00286013 0.0119361 0.0008008030000000001 0.00285056 0.0107821 0.00228088 0.00286013 0.0109652 0.00422473 0.00219587 0.0107821 0.00228088 0.00286013 0.0088953 0.00124312 0.00298981 0.0107821 0.00228088 0.00286013 0.0129111 0.00282115 0.00255538 0.00526061 0.00552815 0.00821719 0.00672493 0.00423506 0.00809138 0.00526061 0.00552815 0.00821719 0.00376593 0.00431927 0.00859833 0.00526061 0.00552815 0.00821719 0.00574902 0.00734879 0.00817203 0.00196482 0.00663834 0.00679314 0.0032797 0.00614054 0.00805145 0.00196482 0.00663834 0.00679314 0.0004278490000000001 0.00537416 0.00678088 0.00196482 0.00663834 0.00679314 0.00170972 0.00862476 0.0060503 0.0111311 0.0107118 0.014401 0.00937883 0.0115674 0.0144438 0.0111311 0.0107118 0.014401 0.0107299 0.00935113 0.0130333 0.0111311 0.0107118 0.014401 0.0125162 0.00940704 0.0144787 0.0111311 0.0107118 0.014401 0.00952998 0.00961702 0.014469 0.0111311 0.0107118 0.014401 0.010464 0.0115221 0.0125348 0.000694271 0.0121836 0.0111114 -0.00047403452048289953 0.0136151 0.0107997 0.000694271 0.0121836 0.0111114 0.00193247 0.0106993 0.0108775 0.000694271 0.0121836 0.0111114 0.00175532 0.0134383 0.0103344 0.0134118 0.0108371 0.00923842 0.0150693 0.00978469 0.00925657 0.0134118 0.0108371 0.00923842 0.0138313 0.012481 0.00826821 0.0134118 0.0108371 0.00923842 0.0135872 0.0102575 0.00728074 0.0134118 0.0108371 0.00923842 0.0136215 0.00937917 0.01081 0.0134118 0.0108371 0.00923842 0.0117085 0.0112083 0.0104334 0.00197995 0.00737236 0.010667 0.00342645 0.0083408 0.0113643 0.00197995 0.00737236 0.010667 0.0014423 0.00555585 0.0110196 0.00197995 0.00737236 0.010667 0.00346664 0.00581893 0.0101212 0.00197995 0.00737236 0.010667 0.000731434 0.00741224 0.00889609 0.0118248 0.00396197 0.00420098 0.011023 0.00246347 0.00520603 0.0118248 0.00396197 0.00420098 0.010202 0.00460568 0.00517186 0.0118248 0.00396197 0.00420098 0.0109652 0.00422473 0.00219587 0.0118248 0.00396197 0.00420098 0.0119922 0.00596005 0.00330881 0.00737368 0.0119328 0.00651784 0.00631987 0.0123775 0.00811547 0.00737368 0.0119328 0.00651784 0.00812326 0.0120229 0.00833976 0.00737368 0.0119328 0.00651784 0.00663557 0.013685 0.00668341 0.00737368 0.0119328 0.00651784 0.00689042 0.0126815 0.00478848 0.00737368 0.0119328 0.00651784 0.00886773 0.0131138 0.00551859 0.00737368 0.0119328 0.00651784 0.00734525 0.0101427 0.00763727 0.00781716 0.013515 0.00333392 0.00779104 0.0133708 0.0013406400000000001 0.00781716 0.013515 0.00333392 0.0089067 0.0145772 0.00221369 0.00781716 0.013515 0.00333392 0.00843132 0.0150034 0.00437379 0.00781716 0.013515 0.00333392 0.00689042 0.0126815 0.00478848 0.00781716 0.013515 0.00333392 0.00583973 0.0142939 0.0030166 0.0143423 0.00262287 0.00976003 0.0148221 0.000782182 0.00928872 0.0143423 0.00262287 0.00976003 0.0153332 0.00315787 0.0113593 0.0143423 0.00262287 0.00976003 0.0125681 0.00171993 0.00961878 0.0143423 0.00262287 0.00976003 0.0140113 0.00188055 0.00803914 0.0143423 0.00262287 0.00976003 0.0149025 0.00387729 0.00806378 0.0143423 0.00262287 0.00976003 0.0127896 0.00366125 0.0107786 0.00631987 0.0123775 0.00811547 0.00474007 0.0121636 0.00914225 0.00631987 0.0123775 0.00811547 0.00613421 0.0109146 0.00937458 0.00631987 0.0123775 0.00811547 0.00812326 0.0120229 0.00833976 0.00631987 0.0123775 0.00811547 0.00663557 0.013685 0.00668341 0.00631987 0.0123775 0.00811547 0.00621795 0.0143269 0.00898024 0.00631987 0.0123775 0.00811547 0.00451373 0.0121109 0.0069794 0.0113112 0.00564228 0.00711587 0.0131211 0.00502758 0.00737449 0.0113112 0.00564228 0.00711587 0.0122821 0.00597883 0.00548947 0.0113112 0.00564228 0.00711587 0.0124009 0.00640074 0.00853939 0.0113112 0.00564228 0.00711587 0.00970292 0.0042138 0.00727617 0.00396106 0.0139045 0.00902363 0.00398195 0.0157267265204829 0.00854828 0.00396106 0.0139045 0.00902363 0.00209716 0.0135358 0.00854677 0.00396106 0.0139045 0.00902363 0.00474007 0.0121636 0.00914225 0.00396106 0.0139045 0.00902363 0.0047519 0.0143786 0.00730544 0.00396106 0.0139045 0.00902363 0.00500201 0.0142154 0.0106521 0.00396106 0.0139045 0.00902363 0.00256071 0.0150564 0.00972878 0.0150693 0.00978469 0.00925657 0.0136215 0.00937917 0.01081 0.0150693 0.00978469 0.00925657 0.0158071635204829 0.0115043 0.00812507 0.0150693 0.00978469 0.00925657 0.0137537 0.00805144 0.00878234 0.00188371 0.00298924 0.00740235 0.00258773 0.0046858 0.00703065 0.00188371 0.00298924 0.00740235 0.0024444 0.00118667 0.00772203 0.00188371 0.00298924 0.00740235 0.00338444 0.00316305 0.00612888 0.00631321 0.00667648 0.00301519 0.00766538 0.00788841 0.00253833 0.00631321 0.00667648 0.00301519 0.00698909 0.00728632 0.00489334 0.00631321 0.00667648 0.00301519 0.0072244 0.00620828 0.00116065 0.00672493 0.00423506 0.00809138 0.00818736 0.00559069 0.0080488 0.00672493 0.00423506 0.00809138 0.00663346 0.00384969 0.0100079 0.00672493 0.00423506 0.00809138 0.00715322 0.00533106 0.00622825 0.0122979 0.00162615 0.000934022 0.014096 0.00180356 0.00100368 0.0122979 0.00162615 0.000934022 0.0129111 0.00282115 0.00255538 0.009391 0.00891311 0.00265586 0.0100698 0.00928149 0.00089909 0.009391 0.00891311 0.00265586 0.00981432 0.0108335 0.00263337 0.009391 0.00891311 0.00265586 0.0102597 0.00716305 0.00264407 0.009391 0.00891311 0.00265586 0.00942914 0.00832962 0.0046986 0.009391 0.00891311 0.00265586 0.00796422 0.00949811 0.00117325 0.009391 0.00891311 0.00265586 0.011242 0.00963596 0.00352259 0.00779686 0.0102046 0.00977872 0.00816377 0.0119129 0.0102295 0.00779686 0.0102046 0.00977872 0.00738198 0.00862596 0.0106645 0.00779686 0.0102046 0.00977872 0.00613421 0.0109146 0.00937458 0.00779686 0.0102046 0.00977872 0.00909936 0.00956569 0.00872481 0.00779686 0.0102046 0.00977872 0.00734525 0.0101427 0.00763727 0.00320432 0.0126268 0.00541845 0.00210087 0.0131059 0.00395751 0.00320432 0.0126268 0.00541845 0.00312247 0.0144776 0.00553698 0.00320432 0.0126268 0.00541845 0.00437937 0.0111413 0.00493094 0.00320432 0.0126268 0.00541845 0.00505115 0.0137365 0.00523636 0.00320432 0.0126268 0.00541845 0.00451373 0.0121109 0.0069794 0.00320432 0.0126268 0.00541845 0.00213374 0.0111315 0.00640642 0.00194 0.00463585 0.0131448 0.00359514 0.00354825 0.0130733 0.00194 0.00463585 0.0131448 0.00154121 0.00327924 0.0144744 0.00194 0.00463585 0.0131448 0.00016738100000000008 0.00506648 0.012683 0.00194 0.00463585 0.0131448 0.00281738 0.00427557 0.0115091 0.00194 0.00463585 0.0131448 0.00341924 0.00616293 0.0124575 0.000127327 0.000652341 0.00081025 -0.0012746345204829 0.00180356 0.00100368 0.000127327 0.000652341 0.00081025 0.00105095 -0.0002535345204829003 0.00239109 0.000127327 0.000652341 0.00081025 0.00177583 0.00204182 0.00120939 0.00236877 0.00927747 0.0145524 0.00305499 0.0081446 0.0132436 0.00236877 0.00927747 0.0145524 0.00423021 0.00936856 0.0142987 0.00236877 0.00927747 0.0145524 0.00265641 0.0108205 0.0132162 0.00837952 0.0135913 0.00945576 0.00816377 0.0119129 0.0102295 0.00837952 0.0135913 0.00945576 0.00818538 0.0146816 0.00794779 0.00837952 0.0135913 0.00945576 0.0102002 0.0141239 0.00927605 0.00837952 0.0135913 0.00945576 0.00812326 0.0120229 0.00833976 0.00837952 0.0135913 0.00945576 0.00804365 0.015604809520482899 0.0101561 0.00837952 0.0135913 0.00945576 0.0092903 0.0132914 0.011426 0.0135682 0.00479646 0.00272295 0.0138889 0.00556811 0.00439314 0.0135682 0.00479646 0.00272295 0.0152443 0.00432943 0.00238109 0.0135682 0.00479646 0.00272295 0.0129111 0.00282115 0.00255538 0.0135682 0.00479646 0.00272295 0.0119922 0.00596005 0.00330881 0.001676 0.0037193 0.00553534 0.00271372 0.00503436 0.00453551 0.001676 0.0037193 0.00553534 0.00338444 0.00316305 0.00612888 0.001676 0.0037193 0.00553534 0.000832271 0.00219935 0.00471153 0.001676 0.0037193 0.00553534 -0.0004973345204828989 0.00393738 0.00545689 0.00856388 0.00234458 0.0101714 0.00673436 0.00205639 0.0107665 0.00856388 0.00234458 0.0101714 0.00804365 0.0002341750000000001 0.0101561 0.00856388 0.00234458 0.0101714 0.00911798 0.00436004 0.0096004 0.00856388 0.00234458 0.0101714 0.0105144 0.0029798 0.0108948 0.0137293 0.00476471 0.0122949 0.0124766 0.00611337 0.0127355 0.0137293 0.00476471 0.0122949 0.015538015520482899 0.00506648 0.012683 0.0137293 0.00476471 0.0122949 0.014985 0.00500982 0.0108113 0.0137293 0.00476471 0.0122949 0.0127896 0.00366125 0.0107786 0.0114414 0.00519698 0.0102356 0.0111737 0.0069816 0.00983003 0.0114414 0.00519698 0.0102356 0.0104091 0.005693 0.0118173 0.0114414 0.00519698 0.0102356 0.0116995 0.00369503 0.00863181 0.0114414 0.00519698 0.0102356 0.0127896 0.00366125 0.0107786 0.00305499 0.0081446 0.0132436 0.00493958 0.00790137 0.0131154 0.00305499 0.0081446 0.0132436 0.00342645 0.0083408 0.0113643 0.00305499 0.0081446 0.0132436 0.00423021 0.00936856 0.0142987 0.00305499 0.0081446 0.0132436 0.00130146 0.00904122 0.0121695 0.00305499 0.0081446 0.0132436 0.00341924 0.00616293 0.0124575 0.0146526 0.0128168 0.000812112 0.0146403 0.0141409 0.00194087 0.0146526 0.0128168 0.000812112 0.015704629520482898 0.0114064 0.00149309 0.00662779 0.000975816 0.00301158 0.00750462 0.00131208 0.00461104 0.00662779 0.000975816 0.00301158 0.00583973 -0.0010767345204828983 0.0030166 0.00662779 0.000975816 0.00301158 0.00691515 0.00235016 0.00136909 0.00662779 0.000975816 0.00301158 0.00693098 -3.243452048290029e-05 0.00111819 0.00398195 0.000356092 0.00854828 0.00546523 0.000901014 0.00968179 0.00398195 0.000356092 0.00854828 0.0024444 0.00118667 0.00772203 0.00398195 0.000356092 0.00854828 0.0047519 -0.0009920345204828995 0.00730544 0.00398195 0.000356092 0.00854828 0.00297707 0.0016557 0.00955558 0.00398195 0.000356092 0.00854828 0.00256071 -0.0003142345204829004 0.00972878 0.00398195 0.000356092 0.00854828 0.00475882 0.00219162 0.00773205 0.00582947 0.0134685 0.000953545 0.00420244 0.0123923 0.000945425 0.00582947 0.0134685 0.000953545 0.00652451 0.0122959 0.00232233 0.00582947 0.0134685 0.000953545 0.00583973 0.0142939 0.0030166 0.00582947 0.0134685 0.000953545 0.00693098 0.0153382 0.00111819 0.00915555 0.00791194 0.00788389 0.0110042 0.0076238 0.0080279 0.00915555 0.00791194 0.00788389 0.00909936 0.00956569 0.00872481 0.00915555 0.00791194 0.00788389 0.00927042 0.00776417 0.0101156 0.00915555 0.00791194 0.00788389 0.00928022 0.00643706 0.00634863 0.000108268 0.0134798 0.00900648 0.000802221 0.0144417 0.00749869 0.000108268 0.0134798 0.00900648 -0.00047403452048289964 0.0136151 0.0107997 0.000108268 0.0134798 0.00900648 -0.0014685345204828986 0.0146717 0.00796517 0.000108268 0.0134798 0.00900648 0.000436529 0.0115043 0.00812507 0.00543686 0.00777583 0.00638584 0.00513331 0.0059524 0.00584849 0.00543686 0.00777583 0.00638584 0.00574902 0.00734879 0.00817203 0.00543686 0.00777583 0.00638584 0.00483642 0.00844116 0.00449357 0.00543686 0.00777583 0.00638584 0.00698909 0.00728632 0.00489334 0.00210087 0.0131059 0.00395751 0.0006774049999999998 0.0129721 0.00265266 0.00210087 0.0131059 0.00395751 0.000366681 0.0136859 0.00458094 0.00210087 0.0131059 0.00395751 0.0034508 0.0117956 0.00291391 0.0102145 0.0151745 0.0111019 0.0105068 0.0164605045204829 0.00971668 0.0102145 0.0151745 0.0111019 0.0092903 0.0132914 0.011426 0.0102145 0.0151745 0.0111019 0.0117872 0.016526344520482898 0.0116475 0.0102145 0.0151745 0.0111019 0.00870539 0.0154652350204829 0.0126002 0.0102145 0.0151745 0.0111019 0.0116419 0.0135771 0.0108081 0.0149802 0.00967256 0.00092195 0.0165633045204829 0.0089962 0.00157527 0.0149802 0.00967256 0.00092195 0.015704629520482898 0.0114064 0.00149309 0.000274145 0.0101765 0.00644295 -0.0010448345204828995 0.00951495 0.00536918 0.000274145 0.0101765 0.00644295 -0.00020703452048289982 0.0085856 0.00729237 0.000274145 0.0101765 0.00644295 0.00170972 0.00862476 0.0060503 0.000274145 0.0101765 0.00644295 -0.0017834345204828985 0.0102575 0.00728074 0.000274145 0.0101765 0.00644295 0.000436529 0.0115043 0.00812507 0.000274145 0.0101765 0.00644295 0.00213374 0.0111315 0.00640642 0.000274145 0.0101765 0.00644295 -0.0003080345204828985 0.0121426 0.00595212 0.0140949 0.0134937 0.00356982 0.0157373155204829 0.0136859 0.00458094 0.0140949 0.0134937 0.00356982 0.0148516 0.0152396 0.00384295 0.0140949 0.0134937 0.00356982 0.0122247 0.0133903 0.00330461 0.0140949 0.0134937 0.00356982 0.0146403 0.0141409 0.00194087 0.0140949 0.0134937 0.00356982 0.0148137 0.0116747 0.00345297 0.0140949 0.0134937 0.00356982 0.0137533 0.0140677 0.00556156 0.00507358 0.0139015 0.0136251 0.00467751 0.015034 0.0122886 0.00507358 0.0139015 0.0136251 0.00455708 0.0129767 0.0120055 0.00507358 0.0139015 0.0136251 0.00654894 0.0130523 0.0144972 0.00507358 0.0139015 0.0136251 0.00651407 0.0154133552204829 0.0135665 0.00897267 0.00503523 0.00100521 0.0106705 0.005782 0.000861429 0.00897267 0.00503523 0.00100521 0.00926506 0.00287477 0.00117268 0.00897267 0.00503523 0.00100521 0.0072244 0.00620828 0.00116065 0.00788846 0.00887733 0.00606273 0.00942914 0.00832962 0.0046986 0.00788846 0.00887733 0.00606273 0.00698909 0.00728632 0.00489334 0.00788846 0.00887733 0.00606273 0.00734525 0.0101427 0.00763727 0.00937883 0.0115674 0.0144438 0.00752286 0.0114145 0.0141445 0.00937883 0.0115674 0.0144438 0.00952998 0.00961702 0.014469 0.00937883 0.0115674 0.0144438 0.010464 0.0115221 0.0125348 0.0138889 0.00556811 0.00439314 0.0122821 0.00597883 0.00548947 0.0138889 0.00556811 0.00439314 0.0142802 0.0073774 0.00467984 0.0138889 0.00556811 0.00439314 0.014146 0.00619846 0.00623703 0.0138889 0.00556811 0.00439314 0.0119922 0.00596005 0.00330881 0.0138889 0.00556811 0.00439314 0.0148733 0.00393738 0.00545689 0.00233364 0.00115674 0.0144314 0.00359403 0.00144697 0.0126623 0.0038254 0.0112208 0.0114789 0.00455708 0.0129767 0.0120055 0.0038254 0.0112208 0.0114789 0.00506009 0.0112293 0.0131947 0.0038254 0.0112208 0.0114789 0.00443206 0.00977363 0.0100386 0.0038254 0.0112208 0.0114789 0.00265641 0.0108205 0.0132162 0.000742283 0.00123893 0.012809 -0.0008278345204828991 0.000870548 0.0139869 0.00420244 0.0123923 0.000945425 0.0034508 0.0117956 0.0029139099999999996 0.00750462 0.00131208 0.00461104 0.00570806 0.00214826 0.00456099 0.00750462 0.00131208 0.00461104 0.00843132 -0.0003672345204828993 0.00437379 0.00750462 0.00131208 0.00461104 0.00644529 0.00122516 0.00637692 0.00750462 0.00131208 0.00461104 0.0088953 0.00124312 0.00298981 0.00750462 0.00131208 0.00461104 0.008418 0.00269916 0.00595766 0.0107299 0.00935113 0.0130333 0.0109384 0.00833353 0.0145211 0.0107299 0.00935113 0.0130333 0.00952998 0.00961702 0.014469 0.0107299 0.00935113 0.0130333 0.0121685 0.00856582 0.0121654 0.0107299 0.00935113 0.0130333 0.010464 0.0115221 0.0125348 0.0107299 0.00935113 0.0130333 0.00875803 0.00885407 0.0123405 0.00359514 0.00354825 0.0130733 0.00281738 0.00427557 0.0115091 0.00359514 0.00354825 0.0130733 0.00510995 0.00450016 0.0142746 0.00359514 0.00354825 0.0130733 0.0049796 0.00443226 0.01163 0.00359514 0.00354825 0.0130733 0.00359403 0.0014469699999999997 0.0126623 0.0145428 0.000870548 0.0139869 0.0136339 0.00234321 0.0125785 0.0145428 0.000870548 0.0139869 0.0152058 -0.0008465345204828999 0.0127469 0.0145428 0.000870548 0.0139869 0.0128507 -0.0003065345204828993 0.0131425 0.00648123 0.00748177 0.0143631 0.00811496 0.00842274 0.0144168 0.00648123 0.00748177 0.0143631 0.00610878 0.00612001 0.0128248 0.00648123 0.00748177 0.0143631 0.00634946 0.00962625 0.0143034 0.00546523 0.000901014 0.00968179 0.00624167 0.00030772199999999997 0.011403 0.00546523 0.000901014 0.00968179 0.0039516 0.00048718 0.010745 0.00546523 0.000901014 0.00968179 0.00621795 -0.0010437345204828996 0.00898024 0.00546523 0.000901014 0.00968179 0.00464792 0.00289813 0.00995802 0.0019184 0.0147492 0.0117507 0.000483949 0.0152247 0.0106187 0.0019184 0.0147492 0.0117507 0.00273193 0.014136 0.0133522 0.0019184 0.0147492 0.0117507 0.00175532 0.0134383 0.0103344 0.00816377 0.0119129 0.0102295 0.00812326 0.0120229 0.00833976 0.00816377 0.0119129 0.0102295 0.0092903 0.0132914 0.011426 0.00816377 0.0119129 0.0102295 0.00811391 0.0112196 0.0121829 0.0111737 0.0069816 0.00983003 0.0124009 0.00640074 0.00853939 0.0111737 0.0069816 0.00983003 0.0110042 0.0076238 0.0080279 0.0111737 0.0069816 0.00983003 0.00927042 0.00776417 0.0101156 0.00638109 0.0033675 0.00628393 0.00496459 0.00376277 0.00510328 0.00638109 0.0033675 0.00628393 0.00644529 0.0012251600000000003 0.00637692 0.00638109 0.0033675 0.00628393 0.008418 0.00269916 0.00595766 0.00638109 0.0033675 0.00628393 0.00715322 0.00533106 0.00622825 0.00376593 0.00431927 0.00859833 0.0032797 0.00614054 0.00805145 0.00376593 0.00431927 0.00859833 0.00258773 0.0046858 0.00703065 0.00376593 0.00431927 0.00859833 0.00346664 0.00581893 0.0101212 0.00376593 0.00431927 0.00859833 0.00464792 0.00289813 0.00995802 0.000802221 0.0144417 0.00749869 0.00209716 0.0135358 0.00854677 0.000802221 0.0144417 0.00749869 0.00275906 0.014727 0.00729698 0.000802221 0.0144417 0.00749869 0.000414558 0.0155632695204829 0.00574279 0.0143296 0.00662442 0.0127683 0.0124766 0.00611337 0.0127355 0.0143296 0.00662442 0.0127683 0.015538015520482899 0.00506648 0.012683 0.0143296 0.00662442 0.0127683 0.0149406 0.00769932 0.0112192 0.0143296 0.00662442 0.0127683 0.0141085 0.00875695 0.0131222 0.0102251 0.00965833 0.0102533 0.0118762 0.00891947 0.00955628 0.0102251 0.00965833 0.0102533 0.00998115 0.0112669 0.00916069 0.0102251 0.00965833 0.0102533 0.00909936 0.00956569 0.00872481 0.0102251 0.00965833 0.0102533 0.00927042 0.00776417 0.0101156 0.0102251 0.00965833 0.0102533 0.0117085 0.0112083 0.0104334 0.000677405 0.0129721 0.00265266 -0.0007303345204828997 0.0141409 0.00194087 0.000677405 0.0129721 0.00265266 0.000333995 0.0114064 0.00149309 0.000677405 0.0129721 0.00265266 0.00156782 0.0127756 0.000911601 0.000677405 0.0129721 0.00265266 -0.0005569345204828991 0.0116747 0.00345297 0.000677405 0.0129721 0.00265266 0.00105095 0.0151171 0.00239109 0.0148966 0.0136151 0.0107997 0.0158545835204829 0.0152247 0.0106187 0.0148966 0.0136151 0.0107997 0.0134189 0.0151459 0.0105555 0.0148966 0.0136151 0.0107997 0.0152058 0.0145241 0.0127469 0.000366681 0.0136859 0.00458094 -0.0005190345204829003 0.0152396 0.00384295 0.000366681 0.0136859 0.00458094 0.000414558 0.0155632695204829 0.00574279 0.000366681 0.0136859 0.00458094 -0.0016173345204829003 0.0140677 0.00556156 0.000366681 0.0136859 0.00458094 -0.0003080345204828992 0.0121426 0.00595212 0.0145758 0.00192475 0.00599867 0.0136145 0.00113654 0.00452018 0.0145758 0.00192475 0.00599867 0.0157851925204829 0.00019263500000000003 0.00574279 0.0145758 0.00192475 0.00599867 0.0128448 0.00301368 0.00661025 0.0145758 0.00192475 0.00599867 0.0148733 0.00393738 0.00545689 0.00119267 0.0089962 0.00157527 0.000630687 0.00846458 0.00325454 0.00119267 0.0089962 0.00157527 0.000877017 0.010352 0.00295445 0.00119267 0.0089962 0.00157527 0.00215499 0.00764296 0.000848651 0.00119267 0.0089962 0.00157527 0.00235872 0.0107021 0.00113824 0.0126322 0.00153175 0.0143922 0.0116941 0.00299934 0.0134647 0.0126322 0.00153175 0.0143922 0.0136339 0.00234321 0.0125785 0.0126322 0.00153175 0.0143922 0.0128507 -0.000306534520482899 0.0131425 0.0032797 0.00614054 0.00805145 0.00277466 0.00796192 0.00831361 0.0032797 0.00614054 0.00805145 0.00258773 0.0046858 0.00703065 0.0032797 0.00614054 0.00805145 0.00149082 0.00508158 0.00887165 0.0032797 0.00614054 0.00805145 0.00346664 0.00581893 0.0101212 0.000427849 0.00537416 0.00678088 -0.0012246345204828977 0.00619846 0.00623703 0.000427849 0.00537416 0.00678088 -0.0004681345204828976 0.00387729 0.00806378 0.000427849 0.00537416 0.00678088 -0.0004973345204828977 0.00393738 0.00545689 0.0129838 0.0142876 0.000993387 0.0146403 0.0141409 0.00194087 0.0129838 0.0142876 0.000993387 0.0109584 0.0146306 0.0016838 0.00209716 0.0135358 0.00854677 0.00275906 0.014727 0.00729698 0.00209716 0.0135358 0.00854677 0.00175532 0.0134383 0.0103344 0.00209716 0.0135358 0.00854677 0.00256071 0.0150564 0.00972878 0.00209716 0.0135358 0.00854677 0.00266446 0.011467 0.00896511 0.00277466 0.00796192 0.00831361 0.00239179 0.00936221 0.00961564 0.00277466 0.00796192 0.00831361 0.000731434 0.00741224 0.00889609 0.0145373 0.00605815 0.00819299 0.0131211 0.00502758 0.00737449 0.0145373 0.00605815 0.00819299 0.014146 0.00619846 0.00623703 0.0145373 0.00605815 0.00819299 0.0149025 0.00387729 0.00806378 0.0145373 0.00605815 0.00819299 0.0137537 0.00805144 0.00878234 0.0145373 0.00605815 0.00819299 0.016102068520482897 0.00741224 0.00889609 0.00738198 0.00862596 0.0106645 0.00559617 0.00815197 0.0111301 0.00738198 0.00862596 0.0106645 0.00927042 0.00776417 0.0101156 0.00738198 0.00862596 0.0106645 0.00875803 0.00885407 0.0123405 0.00489462 0.00429023 0.00253832 0.00603632 0.00427764 0.0009329170000000001 0.00489462 0.00429023 0.00253832 0.0046239 0.00555865 0.00103919 0.00489462 0.00429023 0.00253832 0.00359661 0.00315342 0.00170258 0.00489462 0.00429023 0.00253832 0.0035409 0.00559318 0.00292577 0.00489462 0.00429023 0.00253832 0.00512013 0.00233496 0.00268759 0.00669364 0.0109304 0.00401177 0.00531841 0.0122943 0.00373913 0.00669364 0.0109304 0.00401177 0.00689042 0.0126815 0.00478848 0.00669364 0.0109304 0.00401177 0.00504164 0.0102898 0.0032917 0.0124766 0.00611337 0.0127355 0.0118049 0.00667472 0.0144055 0.0124766 0.00611337 0.0127355 0.01248 0.0048604 0.0142924 0.00551452 0.00630993 0.0107041 0.00559617 0.00815197 0.0111301 0.00551452 0.00630993 0.0107041 0.00454627 0.0076352 0.00961946 0.00551452 0.00630993 0.0107041 0.00610878 0.00612001 0.0128248 0.00551452 0.00630993 0.0107041 0.00346664 0.00581893 0.0101212 0.00551452 0.00630993 0.0107041 0.0049796 0.00443226 0.01163 0.0131211 0.00502758 0.00737449 0.0124009 0.00640074 0.00853939 0.0131211 0.00502758 0.00737449 0.014146 0.00619846 0.00623703 0.0131211 0.00502758 0.00737449 0.0149025 0.00387729 0.00806378 0.0131211 0.00502758 0.00737449 0.0128448 0.00301368 0.00661025 0.0112291 0.00767641 0.00097568 0.0100698 0.00928149 0.00089909 0.0112291 0.00767641 0.00097568 0.0106705 0.005782 0.000861429 0.0112291 0.00767641 0.00097568 0.0125824 0.00853851 0.00210868 0.0112291 0.00767641 0.00097568 0.0102597 0.00716305 0.00264407 0.0152828 0.00450269 0.0145052 0.015538015520482899 0.00506648 0.012683 0.00818736 0.00559069 0.0080488 0.00795137 0.00609129 0.00982887 0.00818736 0.00559069 0.0080488 0.00928022 0.00643706 0.00634863 0.00818736 0.00559069 0.0080488 0.00911798 0.00436004 0.0096004 0.00818736 0.00559069 0.0080488 0.00715322 0.00533106 0.00622825 0.00818736 0.00559069 0.0080488 0.00970292 0.0042138 0.00727617 0.0148516 0.0152396 0.00384295 0.0136145 0.0165071745204829 0.00452018 0.0148516 0.0152396 0.00384295 0.0157851925204829 0.0155632695204829 0.00574279 0.0148516 0.0152396 0.00384295 0.015097 0.0171736145204829 0.00292672 0.0148516 0.0152396 0.00384295 0.0164215845204829 0.0151171 0.00239109 0.00467751 0.015034 0.0122886 0.00624167 0.015678356520482897 0.011403 0.00467751 0.015034 0.0122886 0.0039516 0.015857814520482898 0.010745 0.00467751 0.015034 0.0122886 0.00500201 0.0142154 0.0106521 0.00467751 0.015034 0.0122886 0.00359403 0.0168176045204829 0.0126623 0.0100698 0.00928149 0.00089909 0.00796422 0.00949811 0.00117325 0.000483949 0.0152247 0.0106187 0.00127014 0.016294987520482897 0.00918518 0.000483949 0.0152247 0.0106187 -0.0005485345204828988 0.0161528165204829 0.00928872 0.00493958 0.00790137 0.0131154 0.00473177 0.00950777 0.0121215 0.00493958 0.00790137 0.0131154 0.00610878 0.00612001 0.0128248 0.00981432 0.0108335 0.00263337 0.011242 0.00963596 0.00352259 0.002013 0.00146872 0.003316 0.00132877 0.00327188 0.00303618 0.002013 0.00146872 0.003316 0.0008322709999999999 0.00219935 0.00471153 0.002013 0.00146872 0.003316 0.00377824 0.000928609 0.00378107 0.002013 0.00146872 0.003316 0.00336036 0.00307316 0.00394694 0.002013 0.00146872 0.003316 0.00105095 -0.0002535345204828993 0.00239109 0.002013 0.00146872 0.003316 0.00177583 0.00204182 0.0012093899999999999 0.000630687 0.00846458 0.00325454 0.000877017 0.010352 0.00295445 0.000630687 0.00846458 0.00325454 -0.0008927345204828986 0.00793718 0.00223498 0.000630687 0.00846458 0.00325454 0.00257912 0.00777336 0.00376394 0.000630687 0.00846458 0.00325454 0.000809496 0.00649696 0.0022332 0.00719035 0.00522911 0.011251 0.00795137 0.00609129 0.00982887 0.00719035 0.00522911 0.011251 0.00663346 0.00384969 0.0100079 0.00719035 0.00522911 0.011251 0.00610878 0.00612001 0.0128248 0.00719035 0.00522911 0.011251 0.0069292 0.00384271 0.0128863 0.000600302 0.0122622 0.0145095 0.00247101 0.0125194 0.0144811 0.000600302 0.0122622 0.0145095 -0.001321034520482899 0.0127511 0.0144262 0.00273193 0.014136 0.0133522 0.00247101 0.0125194 0.0144811 0.00312247 0.0144776 0.00553698 0.00275906 0.014727 0.00729698 0.00312247 0.0144776 0.00553698 0.00505115 0.0137365 0.00523636 0.00312247 0.0144776 0.00553698 0.00371273 0.016458574520482896 0.00591958 0.00818538 0.0146816 0.00794779 0.00874118 0.0152175 0.00623155 0.00818538 0.0146816 0.00794779 0.00896454 0.0166899745204829 0.00792336 0.00818538 0.0146816 0.00794779 0.00621795 0.0143269 0.00898024 0.0125162 0.00940704 0.0144787 0.0109384 0.00833353 0.0145211 0.0125162 0.00940704 0.0144787 0.0141085 0.00875695 0.0131222 0.0125162 0.00940704 0.0144787 0.0126608 0.0106238 0.0126686 0.00603632 0.00427764 0.000932917 0.0046239 0.00555865 0.00103919 0.00603632 0.00427764 0.000932917 0.00691515 0.00235016 0.00136909 0.00449298 0.000373966 0.0143847 0.00359403 0.0014469699999999997 0.0126623 0.00449298 0.000373966 0.0143847 0.00651407 4.272070000000002e-05 0.0135665 0.000167381 0.00506648 0.012683 -0.0003856345204828986 0.00500982 0.0108113 0.00752286 0.0114145 0.0141445 0.00654894 0.0130523 0.0144972 0.00752286 0.0114145 0.0141445 0.00634946 0.00962625 0.0143034 0.00752286 0.0114145 0.0141445 0.00811391 0.0112196 0.0121829 0.0149406 0.00769932 0.0112192 0.0136215 0.00937917 0.01081 0.0149406 0.00769932 0.0112192 0.013321 0.00639678 0.0105679 0.00271372 0.00503436 0.00453551 0.0035409 0.00559318 0.00292577 0.00271372 0.00503436 0.00453551 0.00336036 0.00307316 0.00394694 0.00455708 0.0129767 0.0120055 0.00500201 0.0142154 0.0106521 0.00455708 0.0129767 0.0120055 0.00506009 0.0112293 0.0131947 0.00779104 0.0133708 0.00134064 0.0089067 0.0145772 0.00221369 0.00779104 0.0133708 0.00134064 0.00652451 0.0122959 0.00232233 0.00779104 0.0133708 0.00134064 0.00693098 0.0153382 0.00111819 0.00193247 0.0106993 0.0108775 0.00239179 0.00936221 0.00961564 0.00193247 0.0106993 0.0108775 0.00130146 0.00904122 0.0121695 0.00193247 0.0106993 0.0108775 0.00266446 0.011467 0.00896511 0.0109384 0.00833353 0.0145211 0.0118049 0.00667472 0.0144055 0.0109384 0.00833353 0.0145211 0.00952998 0.00961702 0.014469 0.00496459 0.00376277 0.00510328 0.00570806 0.00214826 0.00456099 0.00496459 0.00376277 0.00510328 0.00338444 0.00316305 0.00612888 0.00496459 0.00376277 0.00510328 0.00336036 0.00307316 0.00394694 0.000473892 0.0014626 0.00753746 0.00127014 0.000924353 0.00918518 0.000473892 0.0014626 0.00753746 0.0024444 0.00118667 0.00772203 0.000473892 0.0014626 0.00753746 -0.0013593345204828983 0.00188055 0.00803914 0.000473892 0.0014626 0.00753746 0.000414558 0.00019263500000000003 0.00574279 0.00624167 0.000307722 0.011403 0.00673436 0.00205639 0.0107665 0.00624167 0.000307722 0.011403 0.00804365 0.000234175 0.0101561 0.00624167 0.000307722 0.011403 0.00651407 4.272070000000002e-05 0.0135665 0.00127014 0.000924353 0.00918518 -0.0005485345204828992 0.000782182 0.00928872 0.00127014 0.000924353 0.00918518 0.0024444 0.00118667 0.00772203 0.00127014 0.000924353 0.00918518 0.00297707 0.0016557 0.00955558 0.00127014 0.000924353 0.00918518 0.00256071 -0.0003142345204828991 0.00972878 0.00474007 0.0121636 0.00914225 0.00613421 0.0109146 0.00937458 0.00474007 0.0121636 0.00914225 0.00601238 0.0124503 0.0106169 0.00474007 0.0121636 0.00914225 0.00451373 0.0121109 0.0069794 0.00474007 0.0121636 0.00914225 0.00266446 0.011467 0.00896511 0.010527 0.00523387 0.0143946 0.00862063 0.00471638 0.0141882 0.010527 0.00523387 0.0143946 0.0118049 0.00667472 0.0144055 0.010527 0.00523387 0.0143946 0.0100384 0.00336847 0.014462 0.010527 0.00523387 0.0143946 0.01248 0.0048604 0.0142924 0.00538299 0.00731263 0.000943318 0.0046239 0.00555865 0.00103919 0.00538299 0.00731263 0.000943318 0.00592848 0.00912468 0.000857479 0.00538299 0.00731263 0.000943318 0.0072244 0.00620828 0.00116065 0.0148221 0.000782182 0.00928872 0.0140113 0.00188055 0.00803914 0.0148221 0.000782182 0.00928872 0.0134189 -0.0002247345204828982 0.0105555 0.0148221 0.000782182 0.00928872 0.0139021 -0.0006989345204828992 0.00796517 0.014985 0.00500982 0.0108113 0.0153332 0.00315787 0.0113593 0.014985 0.00500982 0.0108113 0.0168129345204829 0.00555585 0.0110196 0.014985 0.00500982 0.0108113 0.013321 0.00639678 0.0105679 0.0149419 0.0105633 0.0120957 0.0136215 0.00937917 0.01081 0.0149419 0.0105633 0.0120957 0.0141085 0.00875695 0.0131222 0.0046239 0.00555865 0.00103919 0.00275963 0.00601713 0.00126728 0.00673436 0.00205639 0.0107665 0.00663346 0.00384969 0.0100079 0.0102698 0.00635547 0.00444891 0.0102597 0.00716305 0.00264407 0.0102698 0.00635547 0.00444891 0.010202 0.00460568 0.00517186 0.0102698 0.00635547 0.00444891 0.00934228 0.00541221 0.00303254 0.0102698 0.00635547 0.00444891 0.00942914 0.00832962 0.0046986 0.0102698 0.00635547 0.00444891 0.00928022 0.00643706 0.00634863 0.0102698 0.00635547 0.00444891 0.0119922 0.00596005 0.00330881 0.00613421 0.0109146 0.00937458 0.00617458 0.00900985 0.00910026 0.00613421 0.0109146 0.00937458 0.00601238 0.0124503 0.0106169 0.00613421 0.0109146 0.00937458 0.00495186 0.0102011 0.00798641 0.00613421 0.0109146 0.00937458 0.00443206 0.00977363 0.0100386 0.00506621 0.000975279 0.000909725 0.00329161 0.00030235699999999995 0.00179682 0.00506621 0.000975279 0.000909725 0.00693098 -3.243452048290018e-05 0.00111819 0.00132877 0.00327188 0.00303618 -0.00012633452048289862 0.00432943 0.00238109 0.00132877 0.00327188 0.00303618 0.00156126 0.0044024 0.00115171 0.00132877 0.00327188 0.00303618 0.00336036 0.00307316 0.00394694 0.00132877 0.00327188 0.00303618 -0.00027363452048289987 0.00180298 0.00292672 0.00132877 0.00327188 0.00303618 0.00177583 0.00204182 0.00120939 0.0153332 0.00315787 0.0113593 0.0136339 0.00234321 0.0125785 0.0143258 0.00951495 0.00536918 0.0122659 0.00927611 0.00561146 0.0143258 0.00951495 0.00536918 0.0135872 0.0102575 0.00728074 0.0106705 0.005782 0.000861429 0.0109652 0.00422473 0.00219587 0.0085952 0.00271005 0.0134731 0.0100384 0.00336847 0.014462 0.0085952 0.00271005 0.0134731 0.00951466 0.0041205 0.0125165 0.0085952 0.00271005 0.0134731 0.0069292 0.00384271 0.0128863 0.00654894 0.0130523 0.0144972 0.00694999 0.0133332 0.0124193 0.00955945 0.00310406 0.00410763 0.011023 0.00246347 0.00520603 0.00955945 0.00310406 0.00410763 0.010202 0.00460568 0.00517186 0.00955945 0.00310406 0.00410763 0.00831539 0.00377949 0.00281739 0.00955945 0.00310406 0.00410763 0.008418 0.00269916 0.00595766 0.00275906 0.014727 0.00729698 0.0024444 0.0165573045204829 0.00772203 0.0122821 0.00597883 0.00548947 0.0119922 0.00596005 0.00330881 0.0142802 0.0073774 0.00467984 0.014146 0.00619846 0.00623703 0.0124009 0.00640074 0.00853939 0.0110042 0.0076238 0.0080279 0.0124009 0.00640074 0.00853939 0.0125735 0.00755284 0.00698267 0.0124009 0.00640074 0.00853939 0.0137537 0.00805144 0.00878234 0.0124009 0.00640074 0.00853939 0.013321 0.00639678 0.0105679 0.0102002 0.0141239 0.00927605 0.0118655 0.0150784 0.00904179 0.0102002 0.0141239 0.00927605 0.0106999 0.0148352 0.00751989 0.0102002 0.0141239 0.00927605 0.00999035 0.012727 0.00759293 0.0102002 0.0141239 0.00927605 0.0116419 0.0135771 0.0108081 0.000877017 0.010352 0.00295445 0.000333995 0.0114064 0.00149309 0.000877017 0.010352 0.00295445 0.00255323 0.0100887 0.00430299 0.0125681 0.00171993 0.00961878 0.0117872 0.00115571 0.0116475 0.0125681 0.00171993 0.00961878 0.0113194 0.00151832 0.00776026 0.0119361 0.000800803 0.00285056 0.0121766 -0.0003927345204828978 0.00429437 0.0119361 0.000800803 0.00285056 0.0136538 0.000374593 0.00219446 0.0119361 0.000800803 0.00285056 0.0109584 -0.0007400345204828979 0.0016838 0.0144779 0.00793718 0.00223498 0.0125824 0.00853851 0.00210868 0.0144779 0.00793718 0.00223498 0.0134629 0.00692764 0.000945181 0.0144779 0.00793718 0.00223498 0.0161801305204829 0.00649696 0.0022332 0.0118762 0.00891947 0.00955628 0.0136215 0.00937917 0.01081 0.0118762 0.00891947 0.00955628 0.0137537 0.00805144 0.00878234 0.00281738 0.00427557 0.0115091 0.0014423 0.00555585 0.0110196 0.00281738 0.00427557 0.0115091 0.00182832 0.0032197 0.0102603 0.00281738 0.00427557 0.0115091 0.00346664 0.00581893 0.0101212 0.00281738 0.00427557 0.0115091 0.0049796 0.00443226 0.01163 0.00281738 0.00427557 0.0115091 0.00341924 0.00616293 0.0124575 0.00592848 0.00912468 0.000857479 0.00405369 0.00890055 0.000905069 0.00592848 0.00912468 0.000857479 0.0059551 0.011008 0.00100096 0.00592848 0.00912468 0.000857479 0.00796422 0.00949811 0.00117325 0.0089067 0.0145772 0.00221369 0.0102464 0.0139664 0.0038129 0.0089067 0.0145772 0.00221369 0.0088953 0.0166137545204829 0.00298981 0.0089067 0.0145772 0.00221369 0.0109584 0.0146306 0.0016838 0.00258773 0.0046858 0.00703065 0.00338444 0.00316305 0.00612888 0.00258773 0.0046858 0.00703065 0.00149082 0.00508158 0.00887165 0.00570806 0.00214826 0.00456099 0.00534557 0.00034665999999999994 0.00461598 0.00570806 0.00214826 0.00456099 0.00512013 0.00233496 0.00268759 0.00570806 0.00214826 0.00456099 0.00644529 0.00122516 0.00637692 0.0122247 0.0133903 0.00330461 0.0121766 0.0149779 0.00429437 0.0122247 0.0133903 0.00330461 0.0129426 0.0122428 0.00204217 0.0122247 0.0133903 0.00330461 0.0102464 0.0139664 0.0038129 0.0125824 0.00853851 0.00210868 0.011242 0.00963596 0.00352259 0.0152443 0.00432943 0.00238109 0.0158771125204829 0.00508536 0.00398479 0.0152443 0.00432943 0.00238109 0.0152697 0.00320767 0.000867397 0.0152443 0.00432943 0.00238109 0.0146939 0.00548128 0.0009482779999999999 0.0152443 0.00432943 0.00238109 0.0169318945204829 0.0044024 0.00115171 0.00342645 0.0083408 0.0113643 0.00473177 0.00950777 0.0121215 0.00342645 0.0083408 0.0113643 0.00443206 0.00977363 0.0100386 0.0110418 0.0125714 0.00182869 0.0129426 0.0122428 0.00204217 0.0110418 0.0125714 0.00182869 0.0109584 0.0146306 0.0016838 0.00513331 0.0059524 0.00584849 0.00715322 0.00533106 0.00622825 0.00766538 0.00788841 0.00253833 0.00796422 0.00949811 0.00117325 0.00766538 0.00788841 0.00253833 0.0072244 0.00620828 0.00116065 0.00862063 0.00471638 0.0141882 0.0100384 0.00336847 0.014462 0.00862063 0.00471638 0.0141882 0.00951466 0.0041205 0.0125165 0.0118655 0.0150784 0.00904179 0.0106999 0.0148352 0.00751989 0.0118655 0.0150784 0.00904179 0.0134189 0.0151459 0.0105555 0.0024444 0.00118667 0.00772203 0.00297707 0.0016557 0.00955558 0.0024444 0.00118667 0.00772203 0.00371273 0.00108794 0.00591958 0.00291418 0.0136045 0.00199471 0.0037209 0.014374 0.00356214 0.00291418 0.0136045 0.00199471 0.00156782 0.0127756 0.000911601 0.00291418 0.0136045 0.00199471 0.00329161 0.015672991520482897 0.00179682 0.00291418 0.0136045 0.00199471 0.0034508 0.0117956 0.00291391 0.00795137 0.00609129 0.00982887 0.00927042 0.00776417 0.0101156 0.00795137 0.00609129 0.00982887 0.00911798 0.00436004 0.0096004 0.00175532 0.0134383 0.0103344 0.00256071 0.0150564 0.00972878 0.0121766 0.0149779 0.00429437 0.012204 0.0161282605204829 0.00575173 0.0121766 0.0149779 0.00429437 0.0102464 0.0139664 0.0038129 0.0121766 0.0149779 0.00429437 0.0113872 0.0136318 0.00587027 0.0121766 0.0149779 0.00429437 0.0137533 0.0140677 0.00556156 0.00338444 0.00316305 0.00612888 0.00336036 0.00307316 0.00394694 0.00338444 0.00316305 0.00612888 0.00371273 0.00108794 0.00591958 0.0103824 0.00039714 0.005487 0.012204 0.000757626 0.00575173 0.0103824 0.00039714 0.005487 0.00874118 -0.00015313452048289976 0.00623155 0.00275963 0.00601713 0.00126728 0.00215499 0.00764296 0.000848651 0.00275963 0.00601713 0.00126728 0.0035409 0.00559318 0.00292577 0.00275963 0.00601713 0.00126728 0.00156126 0.0044024 0.00115171 0.00275963 0.00601713 0.00126728 0.000809496 0.00649696 0.0022332 0.0118049 0.00667472 0.0144055 0.01248 0.0048604 0.0142924 0.000506478 0.00508536 0.00398479 -0.0004973345204828979 0.00393738 0.00545689 0.0102597 0.00716305 0.00264407 0.0119922 0.00596005 0.00330881 0.0138313 0.012481 0.00826821 0.0120945 0.0133996 0.00795507 0.0138313 0.012481 0.00826821 0.0139021 0.0146717 0.00796517 0.0138313 0.012481 0.00826821 0.0158071635204829 0.0115043 0.00812507 0.0047519 0.0143786 0.00730544 0.00621795 0.0143269 0.00898024 0.0047519 0.0143786 0.00730544 0.00505115 0.0137365 0.00523636 0.00976996 0.0136383 0.014408 0.0106571 0.0156647435204829 0.0141398 0.00843132 0.0150034 0.00437379 0.00874118 0.0152175 0.00623155 0.00843132 0.0150034 0.00437379 0.0102464 0.0139664 0.0038129 0.00843132 0.0150034 0.00437379 0.0088953 0.0166137545204829 0.00298981 0.00423021 0.00936856 0.0142987 0.00634946 0.00962625 0.0143034 0.000832271 0.00219935 0.00471153 -0.0002736345204829006 0.00180298 0.00292672 0.00247101 0.0125194 0.0144811 0.00265641 0.0108205 0.0132162 0.0039516 0.00048718 0.010745 0.00500201 -0.0011552345204828998 0.0106521 0.0039516 0.00048718 0.010745 0.00297707 0.0016557 0.00955558 0.0039516 0.00048718 0.010745 0.00256071 -0.00031423452048290015 0.00972878 0.0039516 0.00048718 0.010745 0.00359403 0.00144697 0.0126623 0.0146403 0.0141409 0.00194087 0.0136538 0.0157452275204829 0.00219446 0.0146403 0.0141409 0.00194087 0.0164215845204829 0.0151171 0.00239109 0.00574902 0.00734879 0.00817203 0.00454627 0.0076352 0.00961946 0.00574902 0.00734879 0.00817203 0.00617458 0.00900985 0.00910026 0.0136538 0.000374593 0.00219446 0.014096 0.00180356 0.00100368 0.0136538 0.000374593 0.00219446 0.015097 0.00180298 0.00292672 0.00952998 0.00961702 0.014469 0.00811496 0.00842274 0.0144168 0.00500201 0.0142154 0.0106521 0.00621795 0.0143269 0.00898024 0.012204 0.000757626 0.00575173 0.0136145 0.00113654 0.00452018 0.0100384 0.00336847 0.014462 0.0116941 0.00299934 0.0134647 0.00559617 0.00815197 0.0111301 0.00454627 0.0076352 0.00961946 0.00559617 0.00815197 0.0111301 0.00473177 0.00950777 0.0121215 0.0140113 0.00188055 0.00803914 0.0149025 0.00387729 0.00806378 0.0140113 0.00188055 0.00803914 0.0128448 0.00301368 0.00661025 0.00297707 0.0016557 0.00955558 0.00464792 0.00289813 0.00995802 0.0152697 0.00320767 0.000867397 0.014096 0.00180356 0.00100368 0.0152697 0.00320767 0.000867397 0.0169318945204829 0.0044024 0.00115171 0.0152697 0.00320767 0.000867397 0.0171464645204829 0.00204182 0.00120939 0.0110136 0.0114765 0.00608454 0.00999035 0.012727 0.00759293 0.0110136 0.0114765 0.00608454 0.0113872 0.0136318 0.00587027 0.0110136 0.0114765 0.00608454 0.0106131 0.00967901 0.0072566 0.0121339 0.00783684 0.00404783 0.0122659 0.00927611 0.00561146 0.0121339 0.00783684 0.00404783 0.011242 0.00963596 0.00352259 0.0121339 0.00783684 0.00404783 0.0119922 0.00596005 0.00330881 0.0106999 0.0148352 0.00751989 0.00999035 0.012727 0.00759293 0.0106999 0.0148352 0.00751989 0.0113872 0.0136318 0.00587027 0.0106999 0.0148352 0.00751989 0.0113194 0.016888954520482898 0.00776026 0.00390124 0.00965242 0.00602318 0.00571704 0.0104302 0.00618031 0.00390124 0.00965242 0.00602318 0.00437937 0.0111413 0.00493094 0.00390124 0.00965242 0.00602318 0.00255323 0.0100887 0.00430299 0.00390124 0.00965242 0.00602318 0.00483642 0.00844116 0.00449357 0.00874118 0.0152175 0.00623155 0.00886773 0.0131138 0.00551859 0.0151636 0.0085856 0.00729237 0.0137537 0.00805144 0.00878234 0.0151636 0.0085856 0.00729237 0.016102068520482897 0.00741224 0.00889609 0.000333995 0.0114064 0.00149309 0.0015678200000000002 0.0127756 0.000911601 0.000333995 0.0114064 0.00149309 0.00235872 0.0107021 0.00113824 0.00812326 0.0120229 0.00833976 0.00999035 0.012727 0.00759293 0.00812326 0.0120229 0.00833976 0.00734525 0.0101427 0.00763727 0.00215499 0.00764296 0.000848651 0.000809496 0.00649696 0.0022332 0.0121685 0.00856582 0.0121654 0.0136215 0.00937917 0.01081 0.0121685 0.00856582 0.0121654 0.0141085 0.00875695 0.0131222 0.0121685 0.00856582 0.0121654 0.0126608 0.0106238 0.0126686 0.010202 0.00460568 0.00517186 0.00970292 0.0042138 0.00727617 0.0110042 0.0076238 0.0080279 0.0125735 0.00755284 0.00698267 0.0110042 0.0076238 0.0080279 0.0106131 0.00967901 0.0072566 0.0116941 0.00299934 0.0134647 0.0136339 0.00234321 0.0125785 0.00571704 0.0104302 0.00618031 0.00495186 0.0102011 0.00798641 0.00571704 0.0104302 0.00618031 0.00437937 0.0111413 0.00493094 0.00571704 0.0104302 0.00618031 0.00451373 0.0121109 0.0069794 0.00571704 0.0104302 0.00618031 0.00734525 0.0101427 0.00763727 0.0037209 0.014374 0.00356214 0.00377824 0.016299243520482898 0.00378107 0.0037209 0.014374 0.00356214 0.00583973 0.0142939 0.0030166 0.0037209 0.014374 0.00356214 0.00329161 0.015672991520482897 0.00179682 0.0037209 0.014374 0.00356214 0.00505115 0.0137365 0.00523636 0.00454627 0.0076352 0.00961946 0.00443206 0.00977363 0.0100386 0.00454627 0.0076352 0.00961946 0.00346664 0.00581893 0.0101212 0.00359661 0.00315342 0.00170258 0.00512013 0.00233496 0.00268759 0.00359661 0.00315342 0.00170258 0.00177583 0.00204182 0.00120939 0.00156782 0.0127756 0.000911601 0.00235872 0.0107021 0.00113824 0.0146939 0.00548128 0.000948278 0.0134629 0.00692764 0.000945181 0.0146939 0.00548128 0.000948278 0.0161801305204829 0.00649696 0.0022332 0.00652451 0.0122959 0.00232233 0.00531841 0.0122943 0.00373913 0.00652451 0.0122959 0.00232233 0.0059551 0.011008 0.00100096 0.00652451 0.0122959 0.00232233 0.00583973 0.0142939 0.0030166 0.0014423 0.00555585 0.0110196 0.00149082 0.00508158 0.00887165 0.0014423 0.00555585 0.0110196 0.00346664 0.00581893 0.0101212 0.00534557 0.00034666 0.00461598 0.00377824 0.0009286089999999999 0.00378107 0.00534557 0.00034666 0.00461598 0.00583973 -0.0010767345204828996 0.0030166 0.00534557 0.00034666 0.00461598 0.00505115 -0.0016341345204828992 0.00523636 0.00534557 0.00034666 0.00461598 0.00371273 0.00108794 0.00591958 0.00617458 0.00900985 0.00910026 0.00443206 0.00977363 0.0100386 0.00617458 0.00900985 0.00910026 0.00734525 0.0101427 0.00763727 0.00531841 0.0122943 0.00373913 0.00689042 0.0126815 0.00478848 0.00531841 0.0122943 0.00373913 0.00437937 0.0111413 0.00493094 0.00531841 0.0122943 0.00373913 0.00583973 0.0142939 0.0030166 0.00531841 0.0122943 0.00373913 0.0034508 0.0117956 0.00291391 0.00531841 0.0122943 0.00373913 0.00505115 0.0137365 0.00523636 0.0140496 0.0127511 0.0144262 0.0133893 0.0128789 0.0123459 0.00998115 0.0112669 0.00916069 0.00909936 0.00956569 0.00872481 0.00998115 0.0112669 0.00916069 0.00999035 0.012727 0.00759293 0.00998115 0.0112669 0.00916069 0.0117085 0.0112083 0.0104334 0.00663557 0.013685 0.00668341 0.00505115 0.0137365 0.00523636 0.00601238 0.0124503 0.0106169 0.00694999 0.0133332 0.0124193 0.00811496 0.00842274 0.0144168 0.00634946 0.00962625 0.0143034 0.00811496 0.00842274 0.0144168 0.00875803 0.00885407 0.0123405 0.00239179 0.00936221 0.00961564 0.00443206 0.00977363 0.0100386 0.00239179 0.00936221 0.00961564 0.00266446 0.011467 0.00896511 0.00934228 0.00541221 0.00303254 0.00831539 0.00377949 0.00281739 0.00934228 0.00541221 0.00303254 0.0109652 0.00422473 0.00219587 0.00495186 0.0102011 0.00798641 0.00443206 0.00977363 0.0100386 0.00495186 0.0102011 0.00798641 0.00451373 0.0121109 0.0069794 0.000178803 0.00944293 0.0144978 -0.0012621345204828997 0.00875695 0.0131222 0.00689042 0.0126815 0.00478848 0.00886773 0.0131138 0.00551859 0.00689042 0.0126815 0.00478848 0.00505115 0.0137365 0.00523636 0.00377824 0.000928609 0.00378107 0.00336036 0.00307316 0.00394694 0.00377824 0.000928609 0.00378107 0.00329161 0.00030235699999999995 0.0017968200000000002 0.00377824 0.000928609 0.00378107 0.00371273 0.00108794 0.00591958 0.00504164 0.0102898 0.0032917 0.00437937 0.0111413 0.00493094 0.00504164 0.0102898 0.0032917 0.00483642 0.00844116 0.00449357 0.00504164 0.0102898 0.0032917 0.0034508 0.0117956 0.00291391 0.0125735 0.00755284 0.00698267 0.0122659 0.00927611 0.00561146 0.0125735 0.00755284 0.00698267 0.0137537 0.00805144 0.00878234 0.0104091 0.005693 0.0118173 0.00951466 0.0041205 0.0125165 0.00663346 0.00384969 0.0100079 0.00464792 0.00289813 0.00995802 0.0120945 0.0133996 0.00795507 0.0139021 0.0146717 0.00796517 0.0120945 0.0133996 0.00795507 0.00999035 0.012727 0.00759293 0.0120945 0.0133996 0.00795507 0.0113872 0.0136318 0.00587027 0.00831539 0.00377949 0.00281739 0.00926506 0.00287477 0.00117268 0.014096 0.00180356 0.00100368 0.015097 0.00180298 0.00292672 0.014096 0.00180356 0.00100368 0.0129111 0.00282115 0.00255538 0.00473177 0.00950777 0.0121215 0.00506009 0.0112293 0.0131947 0.00473177 0.00950777 0.0121215 0.00443206 0.00977363 0.0100386 0.00512013 0.00233496 0.00268759 0.00691515 0.00235016 0.00136909 0.0105068 0.00108987 0.00971668 0.0113194 0.00151832 0.00776026 0.0105068 0.00108987 0.00971668 0.0105144 0.0029798 0.0108948 0.00437937 0.0111413 0.00493094 0.00255323 0.0100887 0.00430299 0.00909936 0.00956569 0.00872481 0.00734525 0.0101427 0.00763727 0.00909936 0.00956569 0.00872481 0.0106131 0.00967901 0.0072566 0.00951466 0.0041205 0.0125165 0.0105144 0.0029798 0.0108948 0.00506009 0.0112293 0.0131947 0.00634946 0.00962625 0.0143034 0.00506009 0.0112293 0.0131947 0.00265641 0.0108205 0.0132162 0.0134189 0.0151459 0.0105555 0.0117872 0.016526344520482898 0.0116475 0.0134189 0.0151459 0.0105555 0.0116419 0.0135771 0.0108081 0.00149082 0.00508158 0.00887165 -0.0004681345204828988 0.00387729 0.00806378 0.00149082 0.00508158 0.00887165 0.00346664 0.00581893 0.0101212 0.00149082 0.00508158 0.00887165 0.000731434 0.00741224 0.00889609 0.0102464 0.0139664 0.0038129 0.00886773 0.0131138 0.00551859 0.0102464 0.0139664 0.0038129 0.0113872 0.0136318 0.00587027 0.0102464 0.0139664 0.0038129 0.0109584 0.0146306 0.0016838 0.00156126 0.0044024 0.00115171 0.000809496 0.00649696 0.0022332 0.00156126 0.0044024 0.00115171 0.00177583 0.00204182 0.00120939 0.00510995 0.00450016 0.0142746 0.00610878 0.00612001 0.0128248 0.00510995 0.00450016 0.0142746 0.0069292 0.00384271 0.0128863 0.00510995 0.00450016 0.0142746 0.00582125 0.00219221 0.0142256 0.00583973 0.0142939 0.0030166 0.00505115 0.0137365 0.00523636 0.00583973 0.0142939 0.0030166 0.00693098 0.0153382 0.00111819 0.0122659 0.00927611 0.00561146 0.0135872 0.0102575 0.00728074 0.0122659 0.00927611 0.00561146 0.011242 0.00963596 0.00352259 0.0122659 0.00927611 0.00561146 0.0106131 0.00967901 0.0072566 0.00886773 0.0131138 0.00551859 0.00999035 0.012727 0.00759293 0.00235872 0.0107021 0.00113824 0.0034508 0.0117956 0.00291391 0.00610878 0.00612001 0.0128248 0.0049796 0.00443226 0.01163 0.00610878 0.00612001 0.0128248 0.0069292 0.00384271 0.0128863 0.0092903 0.0132914 0.011426 0.010464 0.0115221 0.0125348 0.0092903 0.0132914 0.011426 0.00811391 0.0112196 0.0121829 0.0092903 0.0132914 0.011426 0.0116419 0.0135771 0.0108081 0.00170972 0.00862476 0.0060503 0.00255323 0.0100887 0.00430299 0.0117872 0.00115571 0.0116475 0.0136339 0.00234321 0.0125785 0.0117872 0.00115571 0.0116475 0.0105144 0.0029798 0.0108948 0.0117872 0.00115571 0.0116475 0.0128507 -0.00030653452048289963 0.0131425 0.0139021 0.0146717 0.00796517 0.0137533 0.0140677 0.00556156 0.00257912 0.00777336 0.00376394 0.00255323 0.0100887 0.00430299 0.00257912 0.00777336 0.00376394 0.00483642 0.00844116 0.00449357 0.0136339 0.00234321 0.0125785 0.0127896 0.00366125 0.0107786 0.00255323 0.0100887 0.00430299 0.0034508 0.0117956 0.00291391 0.00255323 0.0100887 0.00430299 0.00213374 0.0111315 0.00640642 0.010464 0.0115221 0.0125348 0.0117085 0.0112083 0.0104334 0.010464 0.0115221 0.0125348 0.00811391 0.0112196 0.0121829 0.010464 0.0115221 0.0125348 0.0126608 0.0106238 0.0126686 0.00896454 0.00131934 0.00792336 0.0113194 0.00151832 0.00776026 0.00896454 0.00131934 0.00792336 0.008418 0.00269916 0.00595766 0.00999035 0.012727 0.00759293 0.0113872 0.0136318 0.00587027 0.00130146 0.00904122 0.0121695 0.00265641 0.0108205 0.0132162 0.00926506 0.00287477 0.00117268 0.0109652 0.00422473 0.00219587 0.00926506 0.00287477 0.00117268 0.00691515 0.00235016 0.00136909 0.00926506 0.00287477 0.00117268 0.0088953 0.00124312 0.00298981 0.00694999 0.0133332 0.0124193 0.00811391 0.0112196 0.0121829 0.00694999 0.0133332 0.0124193 0.00651407 0.0154133552204829 0.0135665 0.0133893 0.0128789 0.0123459 0.0126608 0.0106238 0.0126686 0.0133893 0.0128789 0.0123459 0.0116419 0.0135771 0.0108081 0.0133893 0.0128789 0.0123459 0.0152058 0.0145241 0.0127469 0.0133893 0.0128789 0.0123459 0.0128507 0.0150641 0.0131425 0.00483642 0.00844116 0.00449357 0.00698909 0.00728632 0.00489334 0.0136215 0.00937917 0.01081 0.0137537 0.00805144 0.00878234 0.0136215 0.00937917 0.01081 0.0141085 0.00875695 0.0131222 0.0136215 0.00937917 0.01081 0.0126608 0.0106238 0.0126686 0.00644529 0.00122516 0.00637692 0.008418 0.00269916 0.00595766 0.00644529 0.00122516 0.00637692 0.00475882 0.00219162 0.00773205 0.0113872 0.0136318 0.00587027 0.0137533 0.0140677 0.00556156 0.0128448 0.00301368 0.00661025 0.0113194 0.00151832 0.00776026 0.0128448 0.00301368 0.00661025 0.0116995 0.00369503 0.00863181 0.00698909 0.00728632 0.00489334 0.00715322 0.00533106 0.00622825 0.000436529 0.0115043 0.00812507 0.00213374 0.0111315 0.00640642 0.000436529 0.0115043 0.00812507 0.00266446 0.011467 0.00896511 0.000436529 0.0115043 0.00812507 -0.00030803452048289826 0.0121426 0.00595212 0.0117085 0.0112083 0.0104334 0.0126608 0.0106238 0.0126686 0.0117085 0.0112083 0.0104334 0.0116419 0.0135771 0.0108081 0.0109652 0.00422473 0.00219587 0.0129111 0.00282115 0.00255538 0.0109652 0.00422473 0.00219587 0.0119922 0.00596005 0.00330881 0.00329161 0.000302357 0.00179682 0.0010509499999999997 -0.00025353452048289916 0.00239109 0.00329161 0.000302357 0.00179682 0.00177583 0.00204182 0.00120939 0.00691515 0.00235016 0.00136909 0.00693098 -3.243452048289986e-05 0.00111819 0.0137537 0.00805144 0.00878234 0.013321 0.00639678 0.0105679 0.0137537 0.00805144 0.00878234 0.016102068520482897 0.00741224 0.00889609 0.0141085 0.00875695 0.0131222 0.0126608 0.0106238 0.0126686 0.0113194 0.00151832 0.00776026 0.0116995 0.00369503 0.00863181 0.00346664 0.00581893 0.0101212 0.00341924 0.00616293 0.0124575 0.015097 0.00180298 0.00292672 0.0129111 0.00282115 0.00255538 0.0049796 0.00443226 0.01163 0.00464792 0.00289813 0.00995802 0.0049796 0.00443226 0.01163 0.00341924 0.00616293 0.0124575 0.0049796 0.00443226 0.01163 0.0069292 0.00384271 0.0128863 0.00505115 0.0137365 0.00523636 0.00451373 0.0121109 0.0069794 0.00870539 9.46005e-05 0.0126002 0.00651407 4.27207e-05 0.0135665 0.00870539 9.46005e-05 0.0126002 0.0106571 0.000294109 0.0141398 0.0116995 0.00369503 0.00863181 0.0127896 0.00366125 0.0107786 0.0116995 0.00369503 0.00863181 0.00970292 0.0042138 0.00727617 0.00464792 0.00289813 0.00995802 0.00475882 0.00219162 0.00773205 0.00928022 0.00643706 0.00634863 0.00715322 0.00533106 0.00622825 0.00928022 0.00643706 0.00634863 0.00970292 0.0042138 0.00727617 0.00911798 0.00436004 0.0096004 0.0105144 0.0029798 0.0108948 0.00911798 0.00436004 0.0096004 0.00970292 0.0042138 0.00727617 0.008418 0.00269916 0.00595766 0.00970292 0.0042138 0.00727617 0.00875803 0.00885407 0.0123405 0.00811391 0.0112196 0.0121829 0.0127896 0.00366125 0.0107786 0.0105144 0.0029798 0.0108948 0.00651407 4.27207e-05 0.0135665 0.00582125 0.00219221 0.0142256 0.00475882 0.00219162 0.00773205 0.00371273 0.00108794 0.00591958 0.0137533 0.0140677 0.00556156 0.0150626 0.0121426 0.00595212 0.0152058 0.0145241 0.0127469 0.0128507 0.0150641 0.0131425 0.0106571 0.000294109 0.0141398 0.0128507 -0.00030653452048289947 0.0131425 0.0069292 0.00384271 0.0128863 0.00582125 0.00219221 0.0142256</DataArray>
</Points><Lines>
<DataArray type="Int64" Name="connectivity" format="ascii">0 1 2 3 4 5 6 7 8 9 10 11 12 13 14 15 16 17 18 19 20 21 22 23 24 25 26 27 28 29 30 31 32 33 34 35 36 37 38 39 40 41 42 43 44 45 46 47 48 49 50 51 52 53 54 55 56 57 58 59 60 61 62 63 64 65 66 67 68 69 70 71 72 73 74 75 76 77 78 79 80 81 82 83 84 85 86 87 88 89 90 91 92 93 94 95 96 97 98 99 100 101 102 103 104 105 106 107 108 109 110 111 112 113 114 115 116 117 118 119 120 121 122 123 124 125 126 127 128 129 130 131 132 133 134 135 136 137 138 139 140 141 142 143 144 145 146 147 148 149 150 151 152 153 154 155 156 157 158 159 160 161 162 163 164 165 166 167 168 169 170 171 172 173 174 175 176 177 178 179 180 181 182 183 184 185 186 187 188 189 190 191 192 193 194 195 196 197 198 199 200 201 202 203 204 205 206 207 208 209 210 211 212 213 214 215 216 217 218 219 220 221 222 223 224 225 226 227 228 229 230 231 232 233 234 235 236 237 238 239 240 241 242 243 244 245 246 247 248 249 250 251 252 253 254 255 256 257 258 259 260 261 262 263 264 265 266 267 268 269 270 271 272 273 274 275 276 277 278 279 280 281 282 283 284 285 286 287 288 289 290 291 292 293 294 295 296 297 298 299 300 301 302 303 304 305 306 307 308 309 310 311 312 313 314 315 316 317 318 319 320 321 322 323 324 325 326 327 328 329 330 331 332 333 334 335 336 337 338 339 340 341 342 343 344 345 346 347 348 349 350 351 352 353 354 355 356 357 358 359 360 361 362 363 364 365 366 367 368 369 370 371 372 373 374 375 376 377 378 379 380 381 382 383 384 385 386 387 388 389 390 391 392 393 394 395 396 397 398 399 400 401 402 403 404 405 406 407 408 409 410 411 412 413 414 415 416 417 418 419 420 421 422 423 424 425 426 427 428 429 430 431 432 433 434 435 436 437 438 439 440 441 442 443 444 445 446 447 448 449 450 451 452 453 454 455 456 457 458 459 460 461 462 463 464 465 466 467 468 469 470 471 472 473 474 475 476 477 478 479 480 481 482 483 484 485 486 487 488 489 490 491 492 493 494 495 496 497 498 499 500 501 502 503 504 505 506 507 508 509 510 511 512 513 514 515 516 517 518 519 520 521 522 523 524 525 526 527 528 529 530 531 532 533 534 535 536 537 538 539 540 541 542 543 544 545 546 547 548 549 550 551 552 553 554 555 556 557 558 559 560 561 562 563 564 565 566 567 568 569 570 571 572 573 574 575 576 577 578 579 580 581 582 583 584 585 586 587 588 589 590 591 592 593 594 595 596 597 598 599 600 601 602 603 604 605 606 607 608 609 610 611 612 613 614 615 616 617 618 619 620 621 622 623 624 625 626 627 628 629 630 631 632 633 634 635 636 637 638 639 640 641 642 643 644 645 646 647 648 649 650 651 652 653 654 655 656 657 658 659 660 661 662 663 664 665 666 667 668 669 670 671 672 673 674 675 676 677 678 679 680 681 682 683 684 685 686 687 688 689 690 691 692 693 694 695 696 697 698 699 700 701 702 703 704 705 706 707 708 709 710 711 712 713 714 715 716 717 718 719 720 721 722 723 724 725 726 727 728 729 730 731 732 733 734 735 736 737 738 739 740 741 742 743 744 745 746 747 748 749 750 751 752 753 754 755 756 757 758 759 760 761 762 763 764 765 766 767 768 769 770 771 772 773 774 775 776 777 778 779 780 781 782 783 784 785 786 787 788 789 790 791 792 793 794 795 796 797 798 799 800 801 802 803 804 805 806 807 808 809 810 811 812 813 814 815 816 817 818 819 820 821 822 823 824 825 826 827 828 829 830 831 832 833 834 835 836 837 838 839 840 841 842 843 844 845 846 847 848 849 850 851 852 853 854 855 856 857 858 859 860 861 862 863 864 865 866 867 868 869 870 871 872 873 874 875 876 877 878 879 880 881 882 883 884 885 886 887 888 889 890 891 892 893 894 895 896 897 898 899 900 901 902 903 904 905 906 907 908 909 910 911 912 913 914 915 916 917 918 919 920 921 922 923 924 925 926 927 928 929 930 931 932 933 934 935 936 937 938 939 940 941 942 943 944 945 946 947 948 949 950 951 952 953 954 955 956 957 958 959 960 961 962 963 964 965 966 967 968 969 970 971 972 973 974 975 976 977 978 979 980 981 982 983 984 985 986 987 988 989 990 991 992 993 994 995 996 997 998 999 1000 1001 1002 1003 1004 1005 1006 1007 1008 1009 1010 1011 1012 1013 1014 1015 1016 1017 1018 1019 1020 1021 1022 1023 1024 1025 1026 1027 1028 1029 1030 1031 1032 1033 1034 1035 1036 1037 1038 1039 1040 1041 1042 1043 1044 1045 1046 1047 1048 1049 1050 1051 1052 1053 1054 1055 1056 1057 1058 1059 1060 1061 1062 1063 1064 1065 1066 1067 1068 1069 1070 1071 1072 1073 1074 1075 1076 1077 1078 1079 1080 1081 1082 1083 1084 1085 1086 1087 1088 1089 1090 1091 1092 1093 1094 1095 1096 1097 1098 1099 1100 1101 1102 1103 1104 1105 1106 1107 1108 1109 1110 1111 1112 1113 1114 1115 1116 1117 1118 1119 1120 1121 1122 1123 1124 1125 1126 1127 1128 1129 1130 1131 1132 1133 1134 1135 1136 1137 1138 1139 1140 1141 1142 1143 1144 1145 1146 1147 1148 1149 1150 1151 1152 1153 1154 1155 1156 1157 1158 1159 1160 1161 1162 1163 1164 1165 1166 1167 1168 1169 1170 1171 1172 1173 1174 1175 1176 1177 1178 1179 1180 1181 1182 1183 1184 1185 1186 1187 1188 1189 1190 1191 1192 1193 1194 1195 1196 1197 1198 1199 1200 1201 1202 1203 1204 1205 1206 1207 1208 1209 1210 1211 1212 1213 1214 1215 1216 1217 1218 1219 1220 1221 1222 1223 1224 1225 1226 1227 1228 1229 1230 1231 1232 1233 1234 1235 1236 1237 1238 1239 1240 1241 1242 1243 1244 1245 1246 1247 1248 1249 1250 1251 1252 1253 1254 1255 1256 1257 1258 1259 1260 1261 1262 1263 1264 1265 1266 1267 1268 1269 1270 1271 1272 1273 1274 1275 1276 1277 1278 1279 1280 1281 1282 1283 1284 1285 1286 1287 1288 1289 1290 1291 1292 1293 1294 1295 1296 1297 1298 1299 1300 1301 1302 1303 1304 1305 1306 1307 1308 1309 1310 1311 1312 1313 1314 1315 1316 1317 1318 1319 1320 1321 1322 1323 1324 1325 1326 1327 1328 1329 1330 1331 1332 1333 1334 1335 1336 1337 1338 1339 1340 1341 1342 1343 1344 1345 1346 1347 1348 1349 1350 1351 1352 1353 1354 1355 1356 1357 1358 1359 1360 1361 1362 1363 1364 1365 1366 1367 1368 1369 1370 1371 1372 1373 1374 1375 1376 1377 1378 1379 1380 1381 1382 1383 1384 1385 1386 1387 1388 1389 1390 1391 1392 1393 1394 1395 1396 1397 1398 1399 1400 1401 1402 1403 1404 1405 1406 1407 1408 1409 1410 1411 1412 1413 1414 1415 1416 1417 1418 1419 1420 1421 1422 1423 1424 1425 1426 1427 1428 1429 1430 1431 1432 1433 1434 1435 1436 1437 1438 1439 1440 1441 1442 1443 1444 1445 1446 1447 1448 1449 1450 1451 1452 1453 1454 1455 1456 1457 1458 1459 1460 1461 1462 1463 1464 1465 1466 1467 1468 1469 1470 1471 1472 1473 1474 1475 1476 1477 1478 1479 1480 1481 1482 1483 1484 1485 1486 1487 1488 1489 1490 1491 1492 1493 1494 1495 1496 1497 1498 1499 1500 1501 1502 1503 1504 1505 1506 1507 1508 1509 1510 1511 1512 1513 1514 1515 1516 1517 1518 1519 1520 1521 1522 1523 1524 1525 1526 1527 1528 1529 1530 1531 1532 1533 1534 1535 1536 1537 1538 1539 1540 1541 1542 1543 1544 1545 1546 1547 1548 1549 1550 1551 1552 1553 1554 1555 1556 1557 1558 1559 1560 1561 1562 1563 1564 1565 1566 1567 1568 1569 1570 1571 1572 1573 1574 1575 1576 1577 1578 1579 1580 1581 1582 1583 1584 1585 1586 1587 1588 1589 1590 1591 1592 1593 1594 1595 1596 1597 1598 1599 1600 1601 1602 1603 1604 1605 1606 1607 1608 1609 1610 1611 1612 1613 1614 1615 1616 1617 1618 1619 1620 1621 1622 1623 1624 1625 1626 1627 1628 1629 1630 1631 1632 1633 1634 1635 1636 1637 1638 1639 1640 1641 1642 1643 1644 1645 1646 1647 1648 1649 1650 1651 1652 1653 1654 1655 1656 1657 1658 1659 1660 1661 1662 1663 1664 1665 1666 1667 1668 1669 1670 1671 1672 1673 1674 1675 1676 1677 1678 1679 1680 1681 1682 1683 1684 1685 1686 1687 1688 1689 1690 1691 1692 1693 1694 1695 1696 1697 1698 1699 1700 1701 1702 1703 1704 1705 1706 1707 1708 1709 1710 1711 1712 1713 1714 1715 1716 1717 1718 1719 1720 1721 1722 1723 1724 1725 1726 1727 1728 1729 1730 1731 1732 1733 1734 1735 1736 1737 1738 1739 1740 1741 1742 1743 1744 1745 1746 1747 1748 1749 1750 1751 1752 1753 1754 1755 1756 1757 1758 1759 1760 1761 1762 1763 1764 1765 1766 1767 1768 1769 1770 1771 1772 1773 1774 1775 1776 1777 1778 1779 1780 1781 1782 1783 1784 1785 1786 1787 1788 1789 1790 1791 1792 1793 1794 1795 1796 1797 1798 1799 1800 1801 1802 1803 1804 1805 1806 1807 1808 1809 1810 1811 1812 1813 1814 1815 1816 1817 1818 1819 1820 1821 1822 1823 1824 1825 1826 1827 1828 1829 1830 1831 1832 1833 1834 1835 1836 1837 1838 1839 1840 1841 1842 1843 1844 1845 1846 1847 1848 1849 1850 1851 1852 1853 1854 1855 1856 1857 1858 1859 1860 1861 1862 1863 1864 1865 1866 1867 1868 1869 1870 1871 1872 1873 1874 1875 1876 1877 1878 1879 1880 1881 1882 1883 1884 1885 1886 1887 1888 1889 1890 1891 1892 1893 1894 1895 1896 1897 1898 1899 1900 1901 1902 1903 1904 1905 1906 1907 1908 1909 1910 1911 1912 1913 1914 1915 1916 1917 1918 1919 1920 1921 1922 1923 1924 1925 1926 1927 1928 1929 1930 1931 1932 1933 1934 1935 1936 1937 1938 1939 1940 1941 1942 1943 1944 1945 1946 1947 1948 1949 1950 1951 1952 1953 1954 1955 1956 1957 1958 1959 1960 1961 1962 1963 1964 1965 1966 1967 1968 1969 1970 1971 1972 1973 1974 1975 1976 1977 1978 1979 1980 1981 1982 1983 1984 1985 1986 1987 1988 1989 1990 1991 1992 1993 1994 1995 1996 1997 1998 1999 2000 2001 2002 2003 2004 2005 2006 2007 2008 2009 2010 2011 2012 2013 2014 2015 2016 2017 2018 2019 2020 2021 2022 2023 2024 2025 2026 2027 2028 2029 2030 2031 2032 2033 2034 2035 2036 2037 2038 2039 2040 2041 2042 2043 2044 2045 2046 2047 2048 2049 2050 2051 2052 2053 2054 2055 2056 2057 2058 2059 2060 2061 2062 2063 2064 2065 2066 2067 2068 2069 2070 2071 2072 2073 2074 2075 2076 2077 2078 2079 2080 2081 2082 2083 2084 2085 2086 2087 2088 2089 2090 2091 2092 2093 2094 2095 2096 2097 2098 2099 2100 2101 2102 2103 2104 2105 2106 2107 2108 2109 2110 2111 2112 2113 2114 2115 2116 2117 2118 2119 2120 2121 2122 2123 2124 2125 2126 2127 2128 2129 2130 2131 2132 2133 2134 2135 2136 2137 2138 2139 2140 2141 2142 2143 2144 2145 2146 2147 2148 2149 2150 2151 2152 2153 2154 2155 2156 2157 2158 2159 2160 2161 2162 2163 2164 2165 2166 2167 2168 2169 2170 2171 2172 2173 2174 2175 2176 2177 2178 2179 2180 2181 2182 2183 2184 2185 2186 2187 2188 2189 2190 2191 2192 2193 2194 2195 2196 2197 2198 2199 2200 2201 2202 2203 2204 2205 2206 2207 2208 2209 2210 2211 2212 2213 2214 2215 2216 2217 2218 2219 2220 2221 2222 2223 2224 2225 2226 2227 2228 2229 2230 2231 2232 2233 2234 2235 2236 2237 2238 2239 2240 2241 2242 2243 2244 2245 2246 2247 2248 2249 2250 2251 2252 2253 2254 2255 2256 2257 2258 2259 2260 2261 2262 2263 2264 2265 2266 2267 2268 2269 2270 2271 2272 2273 2274 2275 2276 2277 2278 2279 2280 2281 2282 2283 2284 2285 2286 2287 2288 2289 2290 2291 2292 2293 2294 2295 2296 2297 2298 2299 2300 2301 2302 2303 2304 2305 2306 2307 2308 2309 2310 2311 2312 2313 2314 2315 2316 2317 2318 2319 2320 2321 2322 2323 2324 2325 2326 2327 2328 2329 2330 2331 2332 2333 2334 2335 2336 2337 2338 2339 2340 2341 2342 2343 2344 2345 2346 2347 2348 2349 2350 2351 2352 2353 2354 2355 2356 2357 2358 2359 2360 2361 2362 2363 2364 2365 2366 2367 2368 2369 2370 2371 2372 2373 2374 2375 2376 2377 2378 2379 2380 2381 2382 2383 2384 2385 2386 2387 2388 2389 2390 2391 2392 2393 2394 2395 2396 2397 2398 2399 2400 2401 2402 2403 2404 2405 2406 2407 2408 2409 2410 2411 2412 2413 2414 2415 2416 2417 2418 2419 2420 2421 2422 2423 2424 2425 2426 2427 2428 2429 2430 2431 2432 2433 2434 2435 2436 2437 2438 2439 2440 2441 2442 2443 2444 2445 2446 2447 2448 2449 2450 2451 2452 2453 2454 2455 2456 2457 2458 2459 2460 2461 2462 2463 2464 2465 2466 2467 2468 2469 2470 2471 2472 2473 2474 2475 2476 2477 2478 2479 2480 2481 2482 2483 2484 2485 2486 2487 2488 2489 2490 2491 2492 2493 2494 2495 2496 2497 2498 2499 2500 2501 2502 2503 2504 2505 2506 2507 2508 2509 2510 2511 2512 2513 2514 2515 2516 2517 2518 2519 2520 2521 2522 2523 2524 2525 2526 2527 2528 2529 2530 2531 2532 2533 2534 2535 2536 2537 2538 2539 2540 2541 2542 2543 2544 2545 2546 2547 2548 2549 2550 2551 2552 2553 2554 2555 2556 2557 2558 2559 2560 2561 2562 2563 2564 2565 2566 2567 2568 2569 2570 2571 2572 2573 2574 2575 2576 2577 2578 2579 2580 2581 2582 2583 2584 2585 2586 2587 2588 2589 2590 2591 2592 2593 2594 2595 2596 2597 2598 2599 2600 2601 2602 2603 2604 2605 2606 2607 2608 2609 2610 2611 2612 2613 2614 2615 2616 2617 2618 2619 2620 2621 2622 2623 2624 2625 2626 2627 2628 2629 2630 2631 2632 2633 2634 2635 2636 2637 2638 2639 2640 2641 2642 2643 2644 2645 2646 2647 2648 2649 2650 2651 2652 2653 2654 2655 2656 2657 2658 2659 2660 2661 2662 2663 2664 2665 2666 2667 2668 2669 2670 2671 2672 2673 2674 2675 2676 2677 2678 2679 2680 2681</DataArray>
<DataArray type="Int64" Name="offsets" format="ascii">2 4 6 8 10 12 14 16 18 20 22 24 26 28 30 32 34 36 38 40 42 44 46 48 50 52 54 56 58 60 62 64 66 68 70 72 74 76 78 80 82 84 86 88 90 92 94 96 98 100 102 104 106 108 110 112 114 116 118 120 122 124 126 128 130 132 134 136 138 140 142 144 146 148 150 152 154 156 158 160 162 164 166 168 170 172 174 176 178 180 182 184 186 188 190 192 194 196 198 200 202 204 206 208 210 212 214 216 218 220 222 224 226 228 230 232 234 236 238 240 242 244 246 248 250 252 254 256 258 260 262 264 266 268 270 272 274 276 278 280 282 284 286 288 290 292 294 296 298 300 302 304 306 308 310 312 314 316 318 320 322 324 326 328 330 332 334 336 338 340 342 344 346 348 350 352 354 356 358 360 362 364 366 368 370 372 374 376 378 380 382 384 386 388 390 392 394 396 398 400 402 404 406 408 410 412 414 416 418 420 422 424 426 428 430 432 434 436 438 440 442 444 446 448 450 452 454 456 458 460 462 464 466 468 470 472 474 476 478 480 482 484 486 488 490 492 494 496 498 500 502 504 506 508 510 512 514 516 518 520 522 524 526 528 530 532 534 536 538 540 542 544 546 548 550 552 554 556 558 560 562 564 566 568 570 572 574 576 578 580 582 584 586 588 590 592 594 596 598 600 602 604 606 608 610 612 614 616 618 620 622 624 626 628 630 632 634 636 638 640 642 644 646 648 650 652 654 656 658 660 662 664 666 668 670 672 674 676 678 680 682 684 686 688 690 692 694 696 698 700 702 704 706 708 710 712 714 716 718 720 722 724 726 728 730 732 734 736 738 740 742 744 746 748 750 752 754 756 758 760 762 764 766 768 770 772 774 776 778 780 782 784 786 788 790 792 794 796 798 800 802 804 806 808 810 812 814 816 818 820 822 824 826 828 830 832 834 836 838 840 842 844 846 848 850 852 854 856 858 860 862 864 866 868 870 872 874 876 878 880 882 884 886 888 890 892 894 896 898 900 902 904 906 908 910 912 914 916 918 920 922 924 926 928 930 932 934 936 938 940 942 944 946 948 950 952 954 956 958 960 962 964 966 968 970 972 974 976 978 980 982 984 986 988 990 992 994 996 998 1000 1002 1004 1006 1008 1010 1012 1014 1016 1018 1020 1022 1024 1026 1028 1030 1032 1034 1036 1038 1040 1042 1044 1046 1048 1050 1052 1054 1056 1058 1060 1062 1064 1066 1068 1070 1072 1074 1076 1078 1080 1082 1084 1086 1088 1090 1092 1094 1096 1098 1100 1102 1104 1106 1108 1110 1112 1114 1116 1118 1120 1122 1124 1126 1128 1130 1132 1134 1136 1138 1140 1142 1144 1146 1148 1150 1152 1154 1156 1158 1160 1162 1164 1166 1168 1170 1172 1174 1176 1178 1180 1182 1184 1186 1188 1190 1192 1194 1196 1198 1200 1202 1204 1206 1208 1210 1212 1214 1216 1218 1220 1222 1224 1226 1228 1230 1232 1234 1236 1238 1240 1242 1244 1246 1248 1250 1252 1254 1256 1258 1260 1262 1264 1266 1268 1270 1272 1274 1276 1278 1280 1282 1284 1286 1288 1290 1292 1294 1296 1298 1300 1302 1304 1306 1308 1310 1312 1314 1316 1318 1320 1322 1324 1326 1328 1330 1332 1334 1336 1338 1340 1342 1344 1346 1348 1350 1352 1354 1356 1358 1360 1362 1364 1366 1368 1370 1372 1374 1376 1378 1380 1382 1384 1386 1388 1390 1392 1394 1396 1398 1400 1402 1404 1406 1408 1410 1412 1414 1416 1418 1420 1422 1424 1426 1428 1430 1432 1434 1436 1438 1440 1442 1444 1446 1448 1450 1452 1454 1456 1458 1460 1462 1464 1466 1468 1470 1472 1474 1476 1478 1480 1482 1484 1486 1488 1490 1492 1494 1496 1498 1500 1502 1504 1506 1508 1510 1512 1514 1516 1518 1520 1522 1524 1526 1528 1530 1532 1534 1536 1538 1540 1542 1544 1546 1548 1550 1552 1554 1556 1558 1560 1562 1564 1566 1568 1570 1572 1574 1576 1578 1580 1582 1584 1586 1588 1590 1592 1594 1596 1598 1600 1602 1604 1606 1608 1610 1612 1614 1616 1618 1620 1622 1624 1626 1628 1630 1632 1634 1636 1638 1640 1642 1644 1646 1648 1650 1652 1654 1656 1658 1660 1662 1664 1666 1668 1670 1672 1674 1676 1678 1680 1682 1684 1686 1688 1690 1692 1694 1696 1698 1700 1702 1704 1706 1708 1710 1712 1714 1716 1718 1720 1722 1724 1726 1728 1730 1732 1734 1736 1738 1740 1742 1744 1746 1748 1750 1752 1754 1756 1758 1760 1762 1764 1766 1768 1770 1772 1774 1776 1778 1780 1782 1784 1786 1788 1790 1792 1794 1796 1798 1800 1802 1804 1806 1808 1810 1812 1814 1816 1818 1820 1822 1824 1826 1828 1830 1832 1834 1836 1838 1840 1842 1844 1846 1848 1850 1852 1854 1856 1858 1860 1862 1864 1866 1868 1870 1872 1874 1876 1878 1880 1882 1884 1886 1888 1890 1892 1894 1896 1898 1900 1902 1904 1906 1908 1910 1912 1914 1916 1918 1920 1922 1924 1926 1928 1930 1932 1934 1936 1938 1940 1942 1944 1946 1948 1950 1952 1954 1956 1958 1960 1962 1964 1966 1968 1970 1972 1974 1976 1978 1980 1982 1984 1986 1988 1990 1992 1994 1996 1998 2000 2002 2004 2006 2008 2010 2012 2014 2016 2018 2020 2022 2024 2026 2028 2030 2032 2034 2036 2038 2040 2042 2044 2046 2048 2050 2052 2054 2056 2058 2060 2062 2064 2066 2068 2070 2072 2074 2076 2078 2080 2082 2084 2086 2088 2090 2092 2094 2096 2098 2100 2102 2104 2106 2108 2110 2112 2114 2116 2118 2120 2122 2124 2126 2128 2130 2132 2134 2136 2138 2140 2142 2144 2146 2148 2150 2152 2154 2156 2158 2160 2162 2164 2166 2168 2170 2172 2174 2176 2178 2180 2182 2184 2186 2188 2190 2192 2194 2196 2198 2200 2202 2204 2206 2208 2210 2212 2214 2216 2218 2220 2222 2224 2226 2228 2230 2232 2234 2236 2238 2240 2242 2244 2246 2248 2250 2252 2254 2256 2258 2260 2262 2264 2266 2268 2270 2272 2274 2276 2278 2280 2282 2284 2286 2288 2290 2292 2294 2296 2298 2300 2302 2304 2306 2308 2310 2312 2314 2316 2318 2320 2322 2324 2326 2328 2330 2332 2334 2336 2338 2340 2342 2344 2346 2348 2350 2352 2354 2356 2358 2360 2362 2364 2366 2368 2370 2372 2374 2376 2378 2380 2382 2384 2386 2388 2390 2392 2394 2396 2398 2400 2402 2404 2406 2408 2410 2412 2414 2416 2418 2420 2422 2424 2426 2428 2430 2432 2434 2436 2438 2440 2442 2444 2446 2448 2450 2452 2454 2456 2458 2460 2462 2464 2466 2468 2470 2472 2474 2476 2478 2480 2482 2484 2486 2488 2490 2492 2494 2496 2498 2500 2502 2504 2506 2508 2510 2512 2514 2516 2518 2520 2522 2524 2526 2528 2530 2532 2534 2536 2538 2540 2542 2544 2546 2548 2550 2552 2554 2556 2558 2560 2562 2564 2566 2568 2570 2572 2574 2576 2578 2580 2582 2584 2586 2588 2590 2592 2594 2596 2598 2600 2602 2604 2606 2608 2610 2612 2614 2616 2618 2620 2622 2624 2626 2628 2630 2632 2634 2636 2638 2640 2642 2644 2646 2648 2650 2652 2654 2656 2658 2660 2662 2664 2666 2668 2670 2672 2674 2676 2678 2680 2682</DataArray>
</Lines></Piece></PolyData></VTKFile>