restart,proposal,best_k_eff_W_mK,accepted_swaps
1,0,0.12185743181780974,0
1,1,0.12185743181780974,0
1,2,0.12185743181780974,0
1,3,0.12396855692145801,1
1,4,0.12420807641972371,2
1,5,0.12420807641972371,2
1,6,0.12420807641972371,2
1,7,0.12420807641972371,2
1,8,0.12420807641972371,2
1,9,0.12469429605344388,3
1,10,0.12469429605344388,3
1,11,0.12469429605344388,3
1,12,0.12484967120538486,4
1,13,0.12484967120538486,4
1,14,0.12484967120538486,4
1,15,0.12484967120538486,4
1,16,0.12484967120538486,4
1,17,0.12484967120538486,4
1,18,0.12484967120538486,4
1,19,0.12484967120538486,4
1,20,0.12484967120538486,4
1,21,0.12484967120538486,4
1,22,0.1249406537445408,5
1,23,0.1249406537445408,5
1,24,0.1249406537445408,5
1,25,0.1249406537445408,5
1,26,0.12535728923196263,6
1,27,0.12535728923196263,6
1,28,0.12535728923196263,6
1,29,0.12535728923196263,6
1,30,0.12535728923196263,6
1,31,0.12535728923196263,6
1,32,0.1256441733725462,7
1,33,0.1256441733725462,7
1,34,0.1256441733725462,7
1,35,0.1256441733725462,7
1,36,0.1256441733725462,7
1,37,0.12644112813943717,8
1,38,0.12644112813943717,8
1,39,0.12794098616642524,9
1,40,0.12794098616642524,9
1,41,0.12794098616642524,9
1,42,0.12794098616642524,9
1,43,0.12794098616642524,9
1,44,0.1281985893797924,10
1,45,0.1281985893797924,10
1,46,0.1281985893797924,10
1,47,0.1281985893797924,10
1,48,0.1281985893797924,10
1,49,0.1281985893797924,10
1,50,0.1281985893797924,10
1,51,0.1281985893797924,10
1,52,0.1281985893797924,10
1,53,0.1281985893797924,10
1,54,0.1281985893797924,10
1,55,0.1281985893797924,10
1,56,0.12824454764245619,11
1,57,0.12824454764245619,11
1,58,0.12824454764245619,11
1,59,0.12824454764245619,11
1,60,0.12824454764245619,11
1,61,0.12824454764245619,11
1,62,0.12824454764245619,11
1,63,0.12824454764245619,11
1,64,0.12824454764245619,11
1,65,0.12824454764245619,11
1,66,0.12824454764245619,11
1,67,0.12824454764245619,11
1,68,0.12824454764245619,11
1,69,0.12824454764245619,11
1,70,0.12824454764245619,11
1,71,0.12824454764245619,11
1,72,0.12824454764245619,11
1,73,0.1307997488182225,12
1,74,0.1307997488182225,12
1,75,0.1307997488182225,12
1,76,0.1307997488182225,12
1,77,0.1307997488182225,12
1,78,0.1307997488182225,12
1,79,0.13088161866885661,13
1,80,0.13088161866885661,13
1,81,0.13088161866885661,13
1,82,0.13088161866885661,13
1,83,0.13088161866885661,13
1,84,0.13088161866885661,13
1,85,0.13088161866885661,13
1,86,0.1314141848306179,14
1,87,0.1314141848306179,14
1,88,0.1314141848306179,14
1,89,0.1314141848306179,14
1,90,0.1314141848306179,14
1,91,0.1314141848306179,14
1,92,0.1314141848306179,14
1,93,0.1314141848306179,14
1,94,0.1314141848306179,14
1,95,0.1314141848306179,14
1,96,0.1314141848306179,14
1,97,0.13176846981326307,15
1,98,0.13176846981326307,15
1,99,0.13176846981326307,15
1,100,0.13176846981326307,15
1,101,0.1324631332264576,16
1,102,0.13256929880813223,17
1,103,0.13256929880813223,17
1,104,0.13256929880813223,17
1,105,0.13256929880813223,17
1,106,0.13256929880813223,17
1,107,0.13256929880813223,17
1,108,0.13256929880813223,17
1,109,0.13256929880813223,17
1,110,0.13256929880813223,17
1,111,0.13256929880813223,17
1,112,0.13256929880813223,17
1,113,0.13256929880813223,17
1,114,0.13256929880813223,17
1,115,0.13256929880813223,17
1,116,0.13256929880813223,17
1,117,0.13307514395562123,18
1,118,0.13307514395562123,18
1,119,0.13307514395562123,18
1,120,0.13307514395562123,18
1,121,0.13307514395562123,18
1,122,0.13307514395562123,18
1,123,0.13348160840631126,19
1,124,0.1358920138149343,20
1,125,0.1358920138149343,20
1,126,0.1358920138149343,20
1,127,0.1358920138149343,20
1,128,0.1358920138149343,20
1,129,0.1358920138149343,20
1,130,0.1358920138149343,20
1,131,0.1358920138149343,20
1,132,0.13612169941324342,21
1,133,0.13612169941324342,21
1,134,0.13612169941324342,21
1,135,0.13612169941324342,21
1,136,0.13612169941324342,21
1,137,0.13612169941324342,21
1,138,0.13612169941324342,21
1,139,0.13612169941324342,21
1,140,0.13612169941324342,21
1,141,0.13612169941324342,21
1,142,0.13612169941324342,21
1,143,0.13612169941324342,21
1,144,0.13612169941324342,21
1,145,0.13612169941324342,21
1,146,0.13612169941324342,21
1,147,0.13612169941324342,21
1,148,0.13612169941324342,21
1,149,0.13612169941324342,21
1,150,0.13612169941324342,21
1,151,0.13612169941324342,21
1,152,0.13612169941324342,21
1,153,0.13612169941324342,21
1,154,0.13612169941324342,21
1,155,0.13612169941324342,21
1,156,0.13612169941324342,21
1,157,0.13612169941324342,21
1,158,0.13612169941324342,21
1,159,0.13612169941324342,21
1,160,0.13612169941324342,21
1,161,0.13612169941324342,21
1,162,0.13612169941324342,21
1,163,0.13652985359239692,22
1,164,0.1369722245506684,23
1,165,0.1369722245506684,23
1,166,0.1369722245506684,23
1,167,0.1369722245506684,23
1,168,0.1369722245506684,23
1,169,0.1369722245506684,23
1,170,0.1369722245506684,23
1,171,0.1369722245506684,23
1,172,0.1369722245506684,23
1,173,0.1369722245506684,23
1,174,0.1369722245506684,23
1,175,0.1369722245506684,23
1,176,0.1369722245506684,23
1,177,0.13713305444157342,24
1,178,0.13713305444157342,24
1,179,0.13713305444157342,24
1,180,0.13713305444157342,24
1,181,0.13713305444157342,24
1,182,0.1371512576491616,25
1,183,0.1371512576491616,25
1,184,0.1371512576491616,25
1,185,0.1371512576491616,25
1,186,0.1371512576491616,25
1,187,0.1371512576491616,25
1,188,0.1371512576491616,25
1,189,0.1371512576491616,25
1,190,0.1371512576491616,25
1,191,0.1371512576491616,25
1,192,0.1371512576491616,25
1,193,0.1371512576491616,25
1,194,0.1371512576491616,25
1,195,0.1371512576491616,25
1,196,0.1371512576491616,25
1,197,0.1371512576491616,25
1,198,0.1371512576491616,25
1,199,0.1371512576491616,25
1,200,0.1371512576491616,25
1,201,0.1371512576491616,25
1,202,0.1371512576491616,25
1,203,0.13762233258257384,26
1,204,0.13762233258257384,26
1,205,0.13787967211248342,27
1,206,0.13850815958907764,28
1,207,0.13850815958907764,28
1,208,0.13850815958907764,28
1,209,0.13850815958907764,28
1,210,0.13850815958907764,28
1,211,0.13850815958907764,28
1,212,0.13850815958907764,28
1,213,0.13850815958907764,28
1,214,0.13850815958907764,28
1,215,0.13850815958907764,28
1,216,0.13850815958907764,28
1,217,0.13850815958907764,28
1,218,0.13850815958907764,28
1,219,0.13850815958907764,28
1,220,0.13850815958907764,28
1,221,0.13850815958907764,28
1,222,0.13850815958907764,28
1,223,0.13850815958907764,28
1,224,0.13850815958907764,28
1,225,0.13850815958907764,28
1,226,0.13850815958907764,28
1,227,0.13850815958907764,28
1,228,0.13850815958907764,28
1,229,0.13850815958907764,28
1,230,0.13850815958907764,28
1,231,0.13850815958907764,28
1,232,0.13850815958907764,28
1,233,0.13850815958907764,28
1,234,0.13850815958907764,28
1,235,0.13850815958907764,28
1,236,0.13850815958907764,28
1,237,0.13850815958907764,28
1,238,0.13850815958907764,28
1,239,0.13850815958907764,28
1,240,0.13850815958907764,28
1,241,0.13850815958907764,28
1,242,0.13850815958907764,28
1,243,0.13850815958907764,28
1,244,0.13850815958907764,28
1,245,0.13850815958907764,28
1,246,0.13850815958907764,28
1,247,0.13850815958907764,28
1,248,0.13850815958907764,28
1,249,0.13850815958907764,28
1,250,0.13850815958907764,28
1,251,0.13850815958907764,28
1,252,0.13850815958907764,28
1,253,0.13850815958907764,28
1,254,0.13850815958907764,28
1,255,0.13850815958907764,28
1,256,0.13850815958907764,28
1,257,0.13850815958907764,28
1,258,0.13850815958907764,28
1,259,0.13850815958907764,28
1,260,0.13850815958907764,28
1,261,0.13850815958907764,28
1,262,0.13850815958907764,28
1,263,0.13850815958907764,28
1,264,0.13850815958907764,28
1,265,0.13850815958907764,28
1,266,0.13853159866914225,29
1,267,0.13853159866914225,29
1,268,0.13853159866914225,29
1,269,0.13853159866914225,29
1,270,0.13853159866914225,29
1,271,0.13853159866914225,29
1,272,0.13853159866914225,29
1,273,0.13853159866914225,29
1,274,0.13853159866914225,29
1,275,0.13853159866914225,29
1,276,0.13853159866914225,29
1,277,0.13853159866914225,29
1,278,0.13896867850265676,30
1,279,0.13896867850265676,30
1,280,0.13896867850265676,30
1,281,0.13896867850265676,30
1,282,0.13896867850265676,30
1,283,0.13896867850265676,30
1,284,0.13896867850265676,30
1,285,0.13896867850265676,30
1,286,0.13896867850265676,30
1,287,0.13896867850265676,30
1,288,0.13896867850265676,30
1,289,0.13896867850265676,30
1,290,0.13896867850265676,30
1,291,0.13896867850265676,30
1,292,0.13896867850265676,30
1,293,0.13896867850265676,30
1,294,0.13965534247162642,31
1,295,0.13965534247162642,31
1,296,0.13965534247162642,31
1,297,0.13965534247162642,31
1,298,0.13988898831821114,32
1,299,0.13988898831821114,32
1,300,0.13988898831821114,32
1,301,0.13988898831821114,32
1,302,0.13988898831821114,32
1,303,0.13988898831821114,32
1,304,0.13988898831821114,32
1,305,0.13988898831821114,32
1,306,0.13988898831821114,32
1,307,0.13988898831821114,32
1,308,0.13988898831821114,32
1,309,0.13988898831821114,32
1,310,0.13988898831821114,32
1,311,0.13988898831821114,32
1,312,0.13988898831821114,32
1,313,0.13988898831821114,32
1,314,0.13988898831821114,32
1,315,0.13988898831821114,32
1,316,0.14008394639827768,33
1,317,0.140455356999291,34
1,318,0.140455356999291,34
1,319,0.140455356999291,34
1,320,0.140455356999291,34
1,321,0.140455356999291,34
1,322,0.140455356999291,34
1,323,0.140455356999291,34
1,324,0.140455356999291,34
1,325,0.140455356999291,34
1,326,0.140455356999291,34
1,327,0.1458933247498861,35
1,328,0.1458933247498861,35
1,329,0.1458933247498861,35
1,330,0.1458933247498861,35
1,331,0.1458933247498861,35
1,332,0.1458933247498861,35
1,333,0.1458933247498861,35
1,334,0.14717604568386292,36
1,335,0.14717604568386292,36
1,336,0.14717604568386292,36
1,337,0.14717604568386292,36
1,338,0.14717604568386292,36
1,339,0.14717604568386292,36
1,340,0.14717604568386292,36
1,341,0.14717604568386292,36
1,342,0.14717604568386292,36
1,343,0.14717604568386292,36
1,344,0.14717604568386292,36
1,345,0.14717604568386292,36
1,346,0.14717604568386292,36
1,347,0.14717604568386292,36
1,348,0.14717604568386292,36
1,349,0.14717604568386292,36
1,350,0.14717604568386292,36
1,351,0.14717604568386292,36
1,352,0.14717604568386292,36
1,353,0.14717604568386292,36
1,354,0.14717604568386292,36
1,355,0.14717604568386292,36
1,356,0.14717604568386292,36
1,357,0.14717604568386292,36
1,358,0.14717604568386292,36
1,359,0.14717604568386292,36
1,360,0.14717604568386292,36
1,361,0.14717604568386292,36
1,362,0.14728285765326685,37
1,363,0.14728285765326685,37
1,364,0.14728285765326685,37
1,365,0.14728285765326685,37
1,366,0.14728285765326685,37
1,367,0.14851628662020908,38
1,368,0.14851628662020908,38
1,369,0.14891734810925641,39
1,370,0.14891734810925641,39
1,371,0.14891734810925641,39
1,372,0.14891734810925641,39
1,373,0.14891734810925641,39
1,374,0.14891734810925641,39
1,375,0.1490306462279545,40
1,376,0.1490306462279545,40
1,377,0.1490306462279545,40
1,378,0.1490306462279545,40
1,379,0.1490306462279545,40
1,380,0.1490306462279545,40
1,381,0.15029854133436069,41
1,382,0.15029854133436069,41
1,383,0.15029854133436069,41
1,384,0.15029854133436069,41
1,385,0.15029854133436069,41
1,386,0.15029854133436069,41
1,387,0.15029854133436069,41
1,388,0.15032999278786563,42
1,389,0.15032999278786563,42
1,390,0.15032999278786563,42
1,391,0.15032999278786563,42
1,392,0.15032999278786563,42
1,393,0.15032999278786563,42
1,394,0.15032999278786563,42
1,395,0.15032999278786563,42
1,396,0.15032999278786563,42
1,397,0.15032999278786563,42
1,398,0.15256796571378414,43
1,399,0.15256796571378414,43
1,400,0.15256796571378414,43
1,401,0.15256796571378414,43
1,402,0.15256796571378414,43
1,403,0.15256796571378414,43
1,404,0.15256796571378414,43
1,405,0.15256796571378414,43
1,406,0.15256796571378414,43
1,407,0.15256796571378414,43
1,408,0.15256796571378414,43
1,409,0.15256796571378414,43
1,410,0.1529495524355094,44
1,411,0.15301961928034852,45
1,412,0.15301961928034852,45
1,413,0.15301961928034852,45
1,414,0.15301961928034852,45
1,415,0.15301961928034852,45
1,416,0.15323716217420918,46
1,417,0.15323716217420918,46
1,418,0.15323716217420918,46
1,419,0.15323716217420918,46
1,420,0.15323716217420918,46
1,421,0.15323716217420918,46
1,422,0.15323716217420918,46
1,423,0.15323716217420918,46
1,424,0.15323716217420918,46
1,425,0.15323716217420918,46
1,426,0.15323716217420918,46
1,427,0.15323716217420918,46
1,428,0.15323716217420918,46
1,429,0.15323716217420918,46
1,430,0.15323716217420918,46
1,431,0.15323716217420918,46
1,432,0.15332759077972857,47
1,433,0.15332759077972857,47
1,434,0.15332759077972857,47
1,435,0.15332759077972857,47
1,436,0.15332759077972857,47
1,437,0.15332759077972857,47
1,438,0.15332759077972857,47
1,439,0.15332759077972857,47
1,440,0.15332759077972857,47
1,441,0.15332759077972857,47
1,442,0.15332759077972857,47
1,443,0.15332759077972857,47
1,444,0.15332759077972857,47
1,445,0.15332759077972857,47
1,446,0.15332759077972857,47
1,447,0.15332759077972857,47
1,448,0.15332759077972857,47
1,449,0.15332759077972857,47
1,450,0.15332759077972857,47
1,451,0.15332759077972857,47
1,452,0.15332759077972857,47
1,453,0.15374932008289097,48
1,454,0.15387363885198624,49
1,455,0.15387363885198624,49
1,456,0.15387363885198624,49
1,457,0.15387363885198624,49
1,458,0.15387363885198624,49
1,459,0.15387363885198624,49
1,460,0.15387363885198624,49
1,461,0.15387363885198624,49
1,462,0.15387363885198624,49
1,463,0.15387363885198624,49
1,464,0.15387363885198624,49
1,465,0.15387363885198624,49
1,466,0.15387363885198624,49
1,467,0.15387363885198624,49
1,468,0.15387363885198624,49
1,469,0.15387363885198624,49
1,470,0.15387363885198624,49
1,471,0.15387363885198624,49
1,472,0.15387363885198624,49
1,473,0.15387363885198624,49
1,474,0.15387363885198624,49
1,475,0.15387363885198624,49
1,476,0.15387363885198624,49
1,477,0.15387363885198624,49
1,478,0.15387363885198624,49
1,479,0.15387363885198624,49
1,480,0.15387363885198624,49
1,481,0.15387363885198624,49
1,482,0.15387363885198624,49
1,483,0.15387363885198624,49
1,484,0.15387363885198624,49
1,485,0.15387363885198624,49
1,486,0.15387363885198624,49
1,487,0.15387363885198624,49
1,488,0.15387363885198624,49
1,489,0.15387363885198624,49
1,490,0.15387363885198624,49
1,491,0.15387363885198624,49
1,492,0.15387363885198624,49
1,493,0.15387363885198624,49
1,494,0.15387363885198624,49
1,495,0.15406329022736998,50
1,496,0.15406329022736998,50
1,497,0.15406329022736998,50
1,498,0.15406329022736998,50
1,499,0.15406329022736998,50
1,500,0.15406329022736998,50
1,501,0.1542590850515642,51
1,502,0.1542590850515642,51
1,503,0.1542590850515642,51
1,504,0.1542590850515642,51
1,505,0.1542590850515642,51
1,506,0.1542590850515642,51
1,507,0.1542590850515642,51
1,508,0.1542590850515642,51
1,509,0.1542590850515642,51
1,510,0.1544709547540859,52
1,511,0.1544709547540859,52
1,512,0.1544709547540859,52
1,513,0.1544709547540859,52
1,514,0.1544709547540859,52
1,515,0.1544709547540859,52
1,516,0.1544709547540859,52
1,517,0.1544709547540859,52
1,518,0.1544709547540859,52
1,519,0.1544709547540859,52
1,520,0.1544709547540859,52
1,521,0.1544709547540859,52
1,522,0.1544709547540859,52
1,523,0.1544709547540859,52
1,524,0.1544709547540859,52
1,525,0.1544709547540859,52
1,526,0.1544709547540859,52
1,527,0.1544709547540859,52
1,528,0.1544709547540859,52
1,529,0.1544709547540859,52
1,530,0.1544709547540859,52
1,531,0.1544709547540859,52
1,532,0.1544709547540859,52
1,533,0.1544709547540859,52
1,534,0.1544709547540859,52
1,535,0.1544709547540859,52
1,536,0.1544709547540859,52
1,537,0.1544709547540859,52
1,538,0.1544709547540859,52
1,539,0.1544709547540859,52
1,540,0.1544709547540859,52
1,541,0.1544709547540859,52
1,542,0.1544709547540859,52
1,543,0.1544709547540859,52
1,544,0.1544709547540859,52
1,545,0.1545858610443788,53
1,546,0.1545858610443788,53
1,547,0.1545858610443788,53
1,548,0.1545858610443788,53
1,549,0.1545858610443788,53
1,550,0.1545858610443788,53
1,551,0.1545858610443788,53
1,552,0.1545858610443788,53
1,553,0.1545858610443788,53
1,554,0.1545858610443788,53
1,555,0.1545858610443788,53
1,556,0.1545858610443788,53
1,557,0.1545858610443788,53
1,558,0.1545858610443788,53
1,559,0.1545858610443788,53
1,560,0.1545858610443788,53
1,561,0.1545858610443788,53
1,562,0.1545858610443788,53
1,563,0.1545858610443788,53
1,564,0.1545858610443788,53
1,565,0.1545858610443788,53
1,566,0.1545858610443788,53
1,567,0.1545858610443788,53
1,568,0.1545858610443788,53
1,569,0.1545858610443788,53
1,570,0.1545858610443788,53
1,571,0.1545858610443788,53
1,572,0.1545858610443788,53
1,573,0.1545858610443788,53
1,574,0.1545858610443788,53
1,575,0.1545858610443788,53
1,576,0.1545858610443788,53
1,577,0.1545858610443788,53
1,578,0.1545858610443788,53
1,579,0.1545858610443788,53
1,580,0.1545858610443788,53
1,581,0.1545858610443788,53
1,582,0.1545858610443788,53
1,583,0.1545858610443788,53
1,584,0.1545858610443788,53
1,585,0.1545858610443788,53
1,586,0.1545858610443788,53
1,587,0.1545858610443788,53
1,588,0.1545858610443788,53
1,589,0.1545858610443788,53
1,590,0.1545858610443788,53
1,591,0.1545858610443788,53
1,592,0.15470265090733976,54
1,593,0.15470265090733976,54
1,594,0.15470265090733976,54
1,595,0.1551161860139553,55
1,596,0.1551161860139553,55
1,597,0.1551161860139553,55
1,598,0.1551161860139553,55
1,599,0.1551161860139553,55
1,600,0.1551161860139553,55
1,601,0.1551161860139553,55
1,602,0.1551161860139553,55
1,603,0.1551161860139553,55
1,604,0.1551161860139553,55
1,605,0.15533030172174417,56
1,606,0.15533030172174417,56
1,607,0.15533030172174417,56
1,608,0.15533030172174417,56
1,609,0.15533030172174417,56
1,610,0.15533030172174417,56
1,611,0.15533030172174417,56
1,612,0.15533030172174417,56
1,613,0.15533030172174417,56
1,614,0.15533030172174417,56
1,615,0.15533030172174417,56
1,616,0.15533030172174417,56
1,617,0.15533030172174417,56
1,618,0.15533030172174417,56
1,619,0.15533030172174417,56
1,620,0.15533030172174417,56
1,621,0.15533030172174417,56
1,622,0.15533030172174417,56
1,623,0.15760333003886448,57
1,624,0.15760333003886448,57
1,625,0.15760333003886448,57
1,626,0.15760333003886448,57
1,627,0.15760333003886448,57
1,628,0.15760333003886448,57
1,629,0.15760333003886448,57
1,630,0.15760333003886448,57
1,631,0.15760333003886448,57
1,632,0.15760333003886448,57
1,633,0.15897727186742994,58
1,634,0.15897727186742994,58
1,635,0.15897727186742994,58
1,636,0.15897727186742994,58
1,637,0.15897727186742994,58
1,638,0.15897727186742994,58
1,639,0.15897727186742994,58
1,640,0.15897727186742994,58
1,641,0.15897727186742994,58
1,642,0.15897727186742994,58
1,643,0.15897727186742994,58
1,644,0.15897727186742994,58
1,645,0.15917696125371608,59
1,646,0.15917696125371608,59
1,647,0.15917696125371608,59
1,648,0.15955456343447405,60
1,649,0.16140756333455877,61
1,650,0.16140756333455877,61
1,651,0.16140756333455877,61
1,652,0.16140756333455877,61
1,653,0.16140756333455877,61
1,654,0.16140756333455877,61
1,655,0.16140756333455877,61
1,656,0.16140756333455877,61
1,657,0.16140756333455877,61
1,658,0.16140756333455877,61
1,659,0.16140756333455877,61
1,660,0.16140756333455877,61
1,661,0.16140756333455877,61
1,662,0.16140756333455877,61
1,663,0.16140756333455877,61
1,664,0.16140756333455877,61
1,665,0.16140756333455877,61
1,666,0.16140756333455877,61
1,667,0.16140756333455877,61
1,668,0.16140756333455877,61
1,669,0.16140756333455877,61
1,670,0.16140756333455877,61
1,671,0.16140756333455877,61
1,672,0.16140756333455877,61
1,673,0.16140756333455877,61
1,674,0.16140756333455877,61
1,675,0.16140756333455877,61
1,676,0.16140756333455877,61
1,677,0.16140756333455877,61
1,678,0.16140756333455877,61
1,679,0.16140756333455877,61
1,680,0.16140756333455877,61
1,681,0.16140756333455877,61
1,682,0.16140756333455877,61
1,683,0.16140756333455877,61
1,684,0.16140756333455877,61
1,685,0.16140756333455877,61
1,686,0.16140756333455877,61
1,687,0.16140756333455877,61
1,688,0.16140756333455877,61
1,689,0.16140756333455877,61
1,690,0.16140756333455877,61
1,691,0.16140756333455877,61
1,692,0.16140756333455877,61
1,693,0.16140756333455877,61
1,694,0.16140756333455877,61
1,695,0.16140756333455877,61
1,696,0.16140756333455877,61
1,697,0.16140756333455877,61
1,698,0.16140756333455877,61
1,699,0.16140756333455877,61
1,700,0.16140756333455877,61
1,701,0.16140756333455877,61
1,702,0.16140756333455877,61
1,703,0.16140756333455877,61
1,704,0.16140756333455877,61
1,705,0.16140756333455877,61
1,706,0.16140756333455877,61
1,707,0.16140756333455877,61
1,708,0.16140756333455877,61
1,709,0.16140756333455877,61
1,710,0.16140756333455877,61
1,711,0.16140756333455877,61
1,712,0.16140756333455877,61
1,713,0.16140756333455877,61
1,714,0.16140756333455877,61
1,715,0.16140756333455877,61
1,716,0.16140756333455877,61
1,717,0.16140756333455877,61
1,718,0.16140756333455877,61
1,719,0.16140756333455877,61
1,720,0.16140756333455877,61
1,721,0.16140756333455877,61
1,722,0.16140756333455877,61
1,723,0.16140756333455877,61
1,724,0.16140756333455877,61
1,725,0.16140756333455877,61
1,726,0.16140756333455877,61
1,727,0.16140756333455877,61
1,728,0.16140756333455877,61
1,729,0.16157885750530063,62
1,730,0.16157885750530063,62
1,731,0.16157885750530063,62
1,732,0.16157885750530063,62
1,733,0.16157885750530063,62
1,734,0.16157885750530063,62
1,735,0.16157885750530063,62
1,736,0.16157885750530063,62
1,737,0.16157885750530063,62
1,738,0.16157885750530063,62
1,739,0.16157885750530063,62
1,740,0.16157885750530063,62
1,741,0.16157885750530063,62
1,742,0.16157885750530063,62
1,743,0.16157885750530063,62
1,744,0.16157885750530063,62
1,745,0.16157885750530063,62
1,746,0.16157885750530063,62
1,747,0.16157885750530063,62
1,748,0.16157885750530063,62
1,749,0.16157885750530063,62
1,750,0.16157885750530063,62
1,751,0.16157885750530063,62
1,752,0.16157885750530063,62
1,753,0.16185958957820293,63
1,754,0.1620039921343383,64
1,755,0.1620039921343383,64
1,756,0.1620039921343383,64
1,757,0.1620039921343383,64
1,758,0.1620039921343383,64
1,759,0.1620039921343383,64
1,760,0.1620039921343383,64
1,761,0.1620039921343383,64
1,762,0.1620039921343383,64
1,763,0.1620039921343383,64
1,764,0.1620039921343383,64
1,765,0.1620039921343383,64
1,766,0.1620039921343383,64
1,767,0.1620039921343383,64
1,768,0.1620039921343383,64
1,769,0.1620039921343383,64
1,770,0.1620039921343383,64
1,771,0.1620039921343383,64
1,772,0.1620039921343383,64
1,773,0.1620039921343383,64
1,774,0.1620375681402551,65
1,775,0.1620375681402551,65
1,776,0.1620375681402551,65
1,777,0.1620375681402551,65
1,778,0.1620375681402551,65
1,779,0.1620375681402551,65
1,780,0.1620375681402551,65
1,781,0.1620375681402551,65
1,782,0.1620375681402551,65
1,783,0.1620375681402551,65
1,784,0.1620375681402551,65
1,785,0.1620375681402551,65
1,786,0.1620375681402551,65
1,787,0.1620375681402551,65
1,788,0.1620375681402551,65
1,789,0.1620375681402551,65
1,790,0.1620375681402551,65
1,791,0.1620375681402551,65
1,792,0.1620375681402551,65
1,793,0.1620375681402551,65
1,794,0.1620375681402551,65
1,795,0.1620375681402551,65
1,796,0.1620375681402551,65
1,797,0.1620375681402551,65
1,798,0.1620375681402551,65
1,799,0.1620375681402551,65
1,800,0.1620375681402551,65
1,801,0.1620375681402551,65
1,802,0.1620375681402551,65
1,803,0.1620375681402551,65
1,804,0.1620375681402551,65
1,805,0.1620375681402551,65
1,806,0.1620375681402551,65
1,807,0.1620375681402551,65
1,808,0.1620375681402551,65
1,809,0.1620375681402551,65
1,810,0.1620375681402551,65
1,811,0.1620375681402551,65
1,812,0.1620375681402551,65
1,813,0.1620375681402551,65
1,814,0.1620375681402551,65
1,815,0.1620375681402551,65
1,816,0.1620375681402551,65
1,817,0.1620375681402551,65
1,818,0.1620375681402551,65
1,819,0.1620375681402551,65
1,820,0.1620375681402551,65
1,821,0.1620375681402551,65
1,822,0.1620375681402551,65
1,823,0.1620375681402551,65
1,824,0.1620375681402551,65
1,825,0.1620375681402551,65
1,826,0.16213139084172382,66
1,827,0.16213139084172382,66
1,828,0.16213139084172382,66
1,829,0.16213139084172382,66
1,830,0.16213139084172382,66
1,831,0.16213139084172382,66
1,832,0.16213139084172382,66
1,833,0.16213139084172382,66
1,834,0.16213139084172382,66
1,835,0.16213139084172382,66
1,836,0.16213139084172382,66
1,837,0.16220121886092936,67
1,838,0.16220121886092936,67
1,839,0.16220121886092936,67
1,840,0.16220121886092936,67
1,841,0.16220121886092936,67
1,842,0.16220121886092936,67
1,843,0.16225218654507448,68
1,844,0.16225218654507448,68
1,845,0.16225218654507448,68
1,846,0.16225218654507448,68
1,847,0.16225218654507448,68
1,848,0.16225218654507448,68
1,849,0.16225218654507448,68
1,850,0.16225218654507448,68
1,851,0.16225218654507448,68
1,852,0.16225218654507448,68
1,853,0.16242904466036895,69
1,854,0.16242904466036895,69
1,855,0.16242904466036895,69
1,856,0.16242904466036895,69
1,857,0.16242904466036895,69
1,858,0.16242904466036895,69
1,859,0.16242904466036895,69
1,860,0.16242904466036895,69
1,861,0.16267970779138258,70
1,862,0.16267970779138258,70
1,863,0.16267970779138258,70
1,864,0.16267970779138258,70
1,865,0.16267970779138258,70
1,866,0.16267970779138258,70
1,867,0.16267970779138258,70
1,868,0.16267970779138258,70
1,869,0.16267970779138258,70
1,870,0.16267970779138258,70
1,871,0.16267970779138258,70
1,872,0.16267970779138258,70
1,873,0.16267970779138258,70
1,874,0.16267970779138258,70
1,875,0.16267970779138258,70
1,876,0.16267970779138258,70
1,877,0.16267970779138258,70
1,878,0.16267970779138258,70
1,879,0.16267970779138258,70
1,880,0.16267970779138258,70
1,881,0.16267970779138258,70
1,882,0.16267970779138258,70
1,883,0.16267970779138258,70
1,884,0.16267970779138258,70
1,885,0.16267970779138258,70
1,886,0.16267970779138258,70
1,887,0.16267970779138258,70
1,888,0.16267970779138258,70
1,889,0.16267970779138258,70
1,890,0.16267970779138258,70
1,891,0.16267970779138258,70
1,892,0.16267970779138258,70
1,893,0.16267970779138258,70
1,894,0.16267970779138258,70
1,895,0.16267970779138258,70
1,896,0.16267970779138258,70
1,897,0.16267970779138258,70
1,898,0.16267970779138258,70
1,899,0.16267970779138258,70
1,900,0.16267970779138258,70
1,901,0.16267970779138258,70
1,902,0.16267970779138258,70
1,903,0.16267970779138258,70
1,904,0.16267970779138258,70
1,905,0.16267970779138258,70
1,906,0.16267970779138258,70
1,907,0.16267970779138258,70
1,908,0.16267970779138258,70
1,909,0.16267970779138258,70
1,910,0.16267970779138258,70
1,911,0.16267970779138258,70
1,912,0.16267970779138258,70
1,913,0.16267970779138258,70
1,914,0.16267970779138258,70
1,915,0.16267970779138258,70
1,916,0.16267970779138258,70
1,917,0.16267970779138258,70
1,918,0.16267970779138258,70
1,919,0.16267970779138258,70
1,920,0.16267970779138258,70
1,921,0.16267970779138258,70
1,922,0.16267970779138258,70
1,923,0.16267970779138258,70
1,924,0.16267970779138258,70
1,925,0.16267970779138258,70
1,926,0.16267970779138258,70
1,927,0.16267970779138258,70
1,928,0.16267970779138258,70
1,929,0.16267970779138258,70
1,930,0.16267970779138258,70
1,931,0.16267970779138258,70
1,932,0.16267970779138258,70
1,933,0.16267970779138258,70
1,934,0.16267970779138258,70
1,935,0.16267970779138258,70
1,936,0.16267970779138258,70
1,937,0.16267970779138258,70
1,938,0.16267970779138258,70
1,939,0.16267970779138258,70
1,940,0.16267970779138258,70
1,941,0.16267970779138258,70
1,942,0.16267970779138258,70
1,943,0.16267970779138258,70
1,944,0.16267970779138258,70
1,945,0.16267970779138258,70
1,946,0.16267970779138258,70
1,947,0.16267970779138258,70
1,948,0.16267970779138258,70
1,949,0.16267970779138258,70
1,950,0.16267970779138258,70
1,951,0.16267970779138258,70
1,952,0.16267970779138258,70
1,953,0.16267970779138258,70
1,954,0.16267970779138258,70
1,955,0.16267970779138258,70
1,956,0.16267970779138258,70
1,957,0.1629389463693211,71
1,958,0.1629389463693211,71
1,959,0.1629389463693211,71
1,960,0.1629389463693211,71
1,961,0.1629389463693211,71
1,962,0.1629389463693211,71
1,963,0.1629389463693211,71
1,964,0.16869081275204623,72
1,965,0.16869081275204623,72
1,966,0.16869081275204623,72
1,967,0.16869081275204623,72
1,968,0.16869081275204623,72
1,969,0.16869081275204623,72
1,970,0.16869081275204623,72
1,971,0.16869081275204623,72
1,972,0.16869081275204623,72
1,973,0.16869081275204623,72
1,974,0.16869081275204623,72
1,975,0.16869081275204623,72
1,976,0.16869081275204623,72
1,977,0.16869081275204623,72
1,978,0.16869081275204623,72
1,979,0.16869081275204623,72
1,980,0.16869081275204623,72
1,981,0.16869081275204623,72
1,982,0.16869081275204623,72
1,983,0.16869081275204623,72
1,984,0.16869081275204623,72
1,985,0.16869081275204623,72
1,986,0.16869081275204623,72
1,987,0.16869081275204623,72
1,988,0.16869081275204623,72
1,989,0.16869081275204623,72
1,990,0.16869081275204623,72
1,991,0.16869081275204623,72
1,992,0.16869081275204623,72
1,993,0.16869081275204623,72
1,994,0.16869081275204623,72
1,995,0.16869081275204623,72
1,996,0.16869081275204623,72
1,997,0.16869081275204623,72
1,998,0.16869081275204623,72
1,999,0.16869081275204623,72
1,1000,0.16869081275204623,72
1,1001,0.16869081275204623,72
1,1002,0.16869081275204623,72
1,1003,0.16869081275204623,72
1,1004,0.16869081275204623,72
1,1005,0.16869081275204623,72
1,1006,0.16869081275204623,72
1,1007,0.16869081275204623,72
1,1008,0.16869081275204623,72
1,1009,0.16869081275204623,72
1,1010,0.16869081275204623,72
1,1011,0.16869081275204623,72
1,1012,0.16869081275204623,72
1,1013,0.16869081275204623,72
1,1014,0.16869081275204623,72
1,1015,0.16869081275204623,72
1,1016,0.16869081275204623,72
1,1017,0.16869081275204623,72
1,1018,0.16869081275204623,72
1,1019,0.16869081275204623,72
1,1020,0.16869081275204623,72
1,1021,0.16869081275204623,72
1,1022,0.16869081275204623,72
1,1023,0.16869081275204623,72
1,1024,0.16869081275204623,72
1,1025,0.16869081275204623,72
1,1026,0.16870941138376652,73
1,1027,0.16870941138376652,73
1,1028,0.16870941138376652,73
1,1029,0.16870941138376652,73
1,1030,0.16870941138376652,73
1,1031,0.16870941138376652,73
1,1032,0.16870941138376652,73
1,1033,0.16870941138376652,73
1,1034,0.16870941138376652,73
1,1035,0.16870941138376652,73
1,1036,0.16870941138376652,73
1,1037,0.16870941138376652,73
1,1038,0.16870941138376652,73
1,1039,0.16870941138376652,73
1,1040,0.16870941138376652,73
1,1041,0.16870941138376652,73
1,1042,0.16870941138376652,73
1,1043,0.16870941138376652,73
1,1044,0.16870941138376652,73
1,1045,0.16870941138376652,73
1,1046,0.16870941138376652,73
1,1047,0.16870941138376652,73
1,1048,0.16870941138376652,73
1,1049,0.16870941138376652,73
1,1050,0.16870941138376652,73
1,1051,0.16870941138376652,73
1,1052,0.16870941138376652,73
1,1053,0.16870941138376652,73
1,1054,0.16870941138376652,73
1,1055,0.16870941138376652,73
1,1056,0.16870941138376652,73
1,1057,0.16870941138376652,73
1,1058,0.16870941138376652,73
1,1059,0.16870941138376652,73
1,1060,0.16870941138376652,73
1,1061,0.16870941138376652,73
1,1062,0.16870941138376652,73
1,1063,0.16870941138376652,73
1,1064,0.16870941138376652,73
1,1065,0.16870941138376652,73
1,1066,0.16870941138376652,73
1,1067,0.16870941138376652,73
1,1068,0.16870941138376652,73
1,1069,0.16870941138376652,73
1,1070,0.16870941138376652,73
1,1071,0.16870941138376652,73
1,1072,0.16870941138376652,73
1,1073,0.16870941138376652,73
1,1074,0.16870941138376652,73
1,1075,0.16870941138376652,73
1,1076,0.16870941138376652,73
1,1077,0.16870941138376652,73
1,1078,0.16870941138376652,73
1,1079,0.1689983141458195,74
1,1080,0.1689983141458195,74
1,1081,0.1689983141458195,74
1,1082,0.1689983141458195,74
1,1083,0.1689983141458195,74
1,1084,0.1689983141458195,74
1,1085,0.1689983141458195,74
1,1086,0.1689983141458195,74
1,1087,0.1689983141458195,74
1,1088,0.1689983141458195,74
1,1089,0.1689983141458195,74
1,1090,0.1689983141458195,74
1,1091,0.1689983141458195,74
1,1092,0.1689983141458195,74
1,1093,0.1689983141458195,74
1,1094,0.1689983141458195,74
1,1095,0.1689983141458195,74
1,1096,0.1689983141458195,74
1,1097,0.1689983141458195,74
1,1098,0.1689983141458195,74
1,1099,0.1689983141458195,74
1,1100,0.1689983141458195,74
1,1101,0.1689983141458195,74
1,1102,0.1689983141458195,74
1,1103,0.1689983141458195,74
1,1104,0.1689983141458195,74
1,1105,0.1689983141458195,74
1,1106,0.1689983141458195,74
1,1107,0.1689983141458195,74
1,1108,0.1689983141458195,74
1,1109,0.1689983141458195,74
1,1110,0.1689983141458195,74
1,1111,0.1689983141458195,74
1,1112,0.1689983141458195,74
1,1113,0.1689983141458195,74
1,1114,0.1689983141458195,74
1,1115,0.1689983141458195,74
1,1116,0.1689983141458195,74
1,1117,0.1689983141458195,74
1,1118,0.1689983141458195,74
1,1119,0.1689983141458195,74
1,1120,0.1689983141458195,74
1,1121,0.1689983141458195,74
1,1122,0.1689983141458195,74
1,1123,0.1689983141458195,74
1,1124,0.1689983141458195,74
1,1125,0.1689983141458195,74
1,1126,0.1689983141458195,74
1,1127,0.1689983141458195,74
1,1128,0.1689983141458195,74
1,1129,0.1689983141458195,74
1,1130,0.1689983141458195,74
1,1131,0.1689983141458195,74
1,1132,0.1689983141458195,74
1,1133,0.1689983141458195,74
1,1134,0.1689983141458195,74
1,1135,0.1689983141458195,74
1,1136,0.1689983141458195,74
1,1137,0.1689983141458195,74
1,1138,0.1689983141458195,74
1,1139,0.1689983141458195,74
1,1140,0.1689983141458195,74
1,1141,0.1689983141458195,74
1,1142,0.1689983141458195,74
1,1143,0.1689983141458195,74
1,1144,0.1689983141458195,74
1,1145,0.1689983141458195,74
1,1146,0.16930876340508386,75
1,1147,0.16930876340508386,75
1,1148,0.16930876340508386,75
1,1149,0.16930876340508386,75
1,1150,0.16930876340508386,75
1,1151,0.16930876340508386,75
1,1152,0.16930876340508386,75
1,1153,0.16930876340508386,75
1,1154,0.16930876340508386,75
1,1155,0.16930876340508386,75
1,1156,0.16930876340508386,75
1,1157,0.16930876340508386,75
1,1158,0.16930876340508386,75
1,1159,0.16930876340508386,75
1,1160,0.16930876340508386,75
1,1161,0.16930876340508386,75
1,1162,0.16930876340508386,75
1,1163,0.16930876340508386,75
1,1164,0.16930876340508386,75
1,1165,0.16930876340508386,75
1,1166,0.16930876340508386,75
1,1167,0.16930876340508386,75
1,1168,0.16930876340508386,75
1,1169,0.16930876340508386,75
1,1170,0.16930876340508386,75
1,1171,0.16930876340508386,75
1,1172,0.16930876340508386,75
1,1173,0.16930876340508386,75
1,1174,0.16930876340508386,75
1,1175,0.16930876340508386,75
1,1176,0.16930876340508386,75
1,1177,0.16930876340508386,75
1,1178,0.16930876340508386,75
1,1179,0.16930876340508386,75
1,1180,0.16930876340508386,75
1,1181,0.16930876340508386,75
1,1182,0.16930876340508386,75
1,1183,0.16930876340508386,75
1,1184,0.16930876340508386,75
1,1185,0.16930876340508386,75
1,1186,0.16930876340508386,75
1,1187,0.16930876340508386,75
1,1188,0.16930876340508386,75
1,1189,0.16952367260014176,76
1,1190,0.16952367260014176,76
1,1191,0.16952367260014176,76
1,1192,0.16952367260014176,76
1,1193,0.16952367260014176,76
1,1194,0.16952367260014176,76
1,1195,0.16952367260014176,76
1,1196,0.16952367260014176,76
1,1197,0.16952367260014176,76
1,1198,0.16952367260014176,76
1,1199,0.16952367260014176,76
1,1200,0.16952367260014176,76
2,0,0.12185743181780974,0
2,1,0.12185743181780974,0
2,2,0.12191184830146484,1
2,3,0.12191184830146484,1
2,4,0.12191184830146484,1
2,5,0.12237659380693744,2
2,6,0.12237659380693744,2
2,7,0.12237659380693744,2
2,8,0.12237659380693744,2
2,9,0.12237659380693744,2
2,10,0.12237659380693744,2
2,11,0.12237659380693744,2
2,12,0.12237659380693744,2
2,13,0.12237659380693744,2
2,14,0.12237659380693744,2
2,15,0.12237659380693744,2
2,16,0.1223779889038682,3
2,17,0.1223779889038682,3
2,18,0.1223779889038682,3
2,19,0.1223779889038682,3
2,20,0.1223779889038682,3
2,21,0.1223779889038682,3
2,22,0.1223779889038682,3
2,23,0.1223779889038682,3
2,24,0.1223779889038682,3
2,25,0.1223779889038682,3
2,26,0.1223779889038682,3
2,27,0.1223779889038682,3
2,28,0.1223779889038682,3
2,29,0.12267118230217419,4
2,30,0.12267118230217419,4
2,31,0.12267118230217419,4
2,32,0.12267118230217419,4
2,33,0.12267118230217419,4
2,34,0.12267118230217419,4
2,35,0.12267118230217419,4
2,36,0.12267118230217419,4
2,37,0.12464890450394227,5
2,38,0.12464890450394227,5
2,39,0.12464890450394227,5
2,40,0.12464890450394227,5
2,41,0.12464890450394227,5
2,42,0.12464890450394227,5
2,43,0.12464890450394227,5
2,44,0.12464890450394227,5
2,45,0.12464890450394227,5
2,46,0.12464890450394227,5
2,47,0.12464890450394227,5
2,48,0.12464890450394227,5
2,49,0.12464890450394227,5
2,50,0.12464890450394227,5
2,51,0.1255709992138805,6
2,52,0.1255709992138805,6
2,53,0.1255709992138805,6
2,54,0.1255709992138805,6
2,55,0.1255709992138805,6
2,56,0.1255709992138805,6
2,57,0.1255709992138805,6
2,58,0.1255709992138805,6
2,59,0.1255709992138805,6
2,60,0.1255709992138805,6
2,61,0.126855489862781,7
2,62,0.12689472993336526,8
2,63,0.12689472993336526,8
2,64,0.12689472993336526,8
2,65,0.12689472993336526,8
2,66,0.12689472993336526,8
2,67,0.12689472993336526,8
2,68,0.12689472993336526,8
2,69,0.12689472993336526,8
2,70,0.12758469299676164,9
2,71,0.12758469299676164,9
2,72,0.12758469299676164,9
2,73,0.12758469299676164,9
2,74,0.12758469299676164,9
2,75,0.12758469299676164,9
2,76,0.12758469299676164,9
2,77,0.12758469299676164,9
2,78,0.12758469299676164,9
2,79,0.12761378187053507,10
2,80,0.12761378187053507,10
2,81,0.12761378187053507,10
2,82,0.12761378187053507,10
2,83,0.12761378187053507,10
2,84,0.12761378187053507,10
2,85,0.12761378187053507,10
2,86,0.12762421651410943,11
2,87,0.1280833585600553,12
2,88,0.1280833585600553,12
2,89,0.1280833585600553,12
2,90,0.1280833585600553,12
2,91,0.1280833585600553,12
2,92,0.1280833585600553,12
2,93,0.1280833585600553,12
2,94,0.1280833585600553,12
2,95,0.1280833585600553,12
2,96,0.1280833585600553,12
2,97,0.1280833585600553,12
2,98,0.1280833585600553,12
2,99,0.1280833585600553,12
2,100,0.1280833585600553,12
2,101,0.1280833585600553,12
2,102,0.1280833585600553,12
2,103,0.1280833585600553,12
2,104,0.12915459080438751,13
2,105,0.12915459080438751,13
2,106,0.12915459080438751,13
2,107,0.12920067729500562,14
2,108,0.12920067729500562,14
2,109,0.12920067729500562,14
2,110,0.12920067729500562,14
2,111,0.12920067729500562,14
2,112,0.12920067729500562,14
2,113,0.12920067729500562,14
2,114,0.12920067729500562,14
2,115,0.12920067729500562,14
2,116,0.12920067729500562,14
2,117,0.12957016577073455,15
2,118,0.12957016577073455,15
2,119,0.12957016577073455,15
2,120,0.12957016577073455,15
2,121,0.12984525025061505,16
2,122,0.12984525025061505,16
2,123,0.13018966411223698,17
2,124,0.13018966411223698,17
2,125,0.13018966411223698,17
2,126,0.13018966411223698,17
2,127,0.13018966411223698,17
2,128,0.13018966411223698,17
2,129,0.13018966411223698,17
2,130,0.13018966411223698,17
2,131,0.13018966411223698,17
2,132,0.13018966411223698,17
2,133,0.13241041952387517,18
2,134,0.13241041952387517,18
2,135,0.13241041952387517,18
2,136,0.13241041952387517,18
2,137,0.13241041952387517,18
2,138,0.1324200176734079,19
2,139,0.1324200176734079,19
2,140,0.1324200176734079,19
2,141,0.1324200176734079,19
2,142,0.1324200176734079,19
2,143,0.1324200176734079,19
2,144,0.1324258620890657,20
2,145,0.1324258620890657,20
2,146,0.1324258620890657,20
2,147,0.1324258620890657,20
2,148,0.1324258620890657,20
2,149,0.13283289372781198,21
2,150,0.13284961843248932,22
2,151,0.13284961843248932,22
2,152,0.13284961843248932,22
2,153,0.13284961843248932,22
2,154,0.13284961843248932,22
2,155,0.13284961843248932,22
2,156,0.13284961843248932,22
2,157,0.13284961843248932,22
2,158,0.13284961843248932,22
2,159,0.13284961843248932,22
2,160,0.13284961843248932,22
2,161,0.13284961843248932,22
2,162,0.13284961843248932,22
2,163,0.13284961843248932,22
2,164,0.13284961843248932,22
2,165,0.13284961843248932,22
2,166,0.13284961843248932,22
2,167,0.13284961843248932,22
2,168,0.13284961843248932,22
2,169,0.13284961843248932,22
2,170,0.13284961843248932,22
2,171,0.13284961843248932,22
2,172,0.13284961843248932,22
2,173,0.13284961843248932,22
2,174,0.13284961843248932,22
2,175,0.13284961843248932,22
2,176,0.13284961843248932,22
2,177,0.13284961843248932,22
2,178,0.13284961843248932,22
2,179,0.13284961843248932,22
2,180,0.13284961843248932,22
2,181,0.1328962893195451,23
2,182,0.1328962893195451,23
2,183,0.1328962893195451,23
2,184,0.1328962893195451,23
2,185,0.1328962893195451,23
2,186,0.1328962893195451,23
2,187,0.1328962893195451,23
2,188,0.1328962893195451,23
2,189,0.1328962893195451,23
2,190,0.1328962893195451,23
2,191,0.1328962893195451,23
2,192,0.1328962893195451,23
2,193,0.1328962893195451,23
2,194,0.1328962893195451,23
2,195,0.1328962893195451,23
2,196,0.1328962893195451,23
2,197,0.1328962893195451,23
2,198,0.1328962893195451,23
2,199,0.1328962893195451,23
2,200,0.1328962893195451,23
2,201,0.1328962893195451,23
2,202,0.1328962893195451,23
2,203,0.1328962893195451,23
2,204,0.1328962893195451,23
2,205,0.1328962893195451,23
2,206,0.1328962893195451,23
2,207,0.1328962893195451,23
2,208,0.1328962893195451,23
2,209,0.1328962893195451,23
2,210,0.1335710611964407,24
2,211,0.1335710611964407,24
2,212,0.1335710611964407,24
2,213,0.1335710611964407,24
2,214,0.1335710611964407,24
2,215,0.1335710611964407,24
2,216,0.1335710611964407,24
2,217,0.1335710611964407,24
2,218,0.1335710611964407,24
2,219,0.1335710611964407,24
2,220,0.1335710611964407,24
2,221,0.1339393224738416,25
2,222,0.1339393224738416,25
2,223,0.1339393224738416,25
2,224,0.1339393224738416,25
2,225,0.1339393224738416,25
2,226,0.1339477082906478,26
2,227,0.13412502562726225,27
2,228,0.13412502562726225,27
2,229,0.13412502562726225,27
2,230,0.13412502562726225,27
2,231,0.13412502562726225,27
2,232,0.13440460316740202,28
2,233,0.13440460316740202,28
2,234,0.13440460316740202,28
2,235,0.13440460316740202,28
2,236,0.13457125923682373,29
2,237,0.13457125923682373,29
2,238,0.13576370601538873,30
2,239,0.13576370601538873,30
2,240,0.13576370601538873,30
2,241,0.13636935344473194,31
2,242,0.13636935344473194,31
2,243,0.13636935344473194,31
2,244,0.13636935344473194,31
2,245,0.13636935344473194,31
2,246,0.13636935344473194,31
2,247,0.13636935344473194,31
2,248,0.13636935344473194,31
2,249,0.13636935344473194,31
2,250,0.13636935344473194,31
2,251,0.13636935344473194,31
2,252,0.13636935344473194,31
2,253,0.13636935344473194,31
2,254,0.13636935344473194,31
2,255,0.13636935344473194,31
2,256,0.13636935344473194,31
2,257,0.13638811941390727,32
2,258,0.13638811941390727,32
2,259,0.13638811941390727,32
2,260,0.13638811941390727,32
2,261,0.13638811941390727,32
2,262,0.13638811941390727,32
2,263,0.13638811941390727,32
2,264,0.13638811941390727,32
2,265,0.13638811941390727,32
2,266,0.13638811941390727,32
2,267,0.13638811941390727,32
2,268,0.13638811941390727,32
2,269,0.13638811941390727,32
2,270,0.13638811941390727,32
2,271,0.13638811941390727,32
2,272,0.13638811941390727,32
2,273,0.13638811941390727,32
2,274,0.13645406227174803,33
2,275,0.13645406227174803,33
2,276,0.13645406227174803,33
2,277,0.13645406227174803,33
2,278,0.13645406227174803,33
2,279,0.13645406227174803,33
2,280,0.13645406227174803,33
2,281,0.13645406227174803,33
2,282,0.13824625013150402,34
2,283,0.13824625013150402,34
2,284,0.13824625013150402,34
2,285,0.13824625013150402,34
2,286,0.13824625013150402,34
2,287,0.13824625013150402,34
2,288,0.13824625013150402,34
2,289,0.13824625013150402,34
2,290,0.13824625013150402,34
2,291,0.13824625013150402,34
2,292,0.13824625013150402,34
2,293,0.13824625013150402,34
2,294,0.13824625013150402,34
2,295,0.13824625013150402,34
2,296,0.13824625013150402,34
2,297,0.13824625013150402,34
2,298,0.13824625013150402,34
2,299,0.13824625013150402,34
2,300,0.13824625013150402,34
2,301,0.13824625013150402,34
2,302,0.13824625013150402,34
2,303,0.13824625013150402,34
2,304,0.13824625013150402,34
2,305,0.13824625013150402,34
2,306,0.13824625013150402,34
2,307,0.13824625013150402,34
2,308,0.13824625013150402,34
2,309,0.13824625013150402,34
2,310,0.13824625013150402,34
2,311,0.13824625013150402,34
2,312,0.13824625013150402,34
2,313,0.13824625013150402,34
2,314,0.13824625013150402,34
2,315,0.13824625013150402,34
2,316,0.13824625013150402,34
2,317,0.13831654959072484,35
2,318,0.13831654959072484,35
2,319,0.13831654959072484,35
2,320,0.13831654959072484,35
2,321,0.13831654959072484,35
2,322,0.13831654959072484,35
2,323,0.13831654959072484,35
2,324,0.13831654959072484,35
2,325,0.13831654959072484,35
2,326,0.13831654959072484,35
2,327,0.13831654959072484,35
2,328,0.13831654959072484,35
2,329,0.13831654959072484,35
2,330,0.13831654959072484,35
2,331,0.13831654959072484,35
2,332,0.13831654959072484,35
2,333,0.13831654959072484,35
2,334,0.13831654959072484,35
2,335,0.13831654959072484,35
2,336,0.13831654959072484,35
2,337,0.13831654959072484,35
2,338,0.13831654959072484,35
2,339,0.13831654959072484,35
2,340,0.13831654959072484,35
2,341,0.13831654959072484,35
2,342,0.13831654959072484,35
2,343,0.13831654959072484,35
2,344,0.13831654959072484,35
2,345,0.13831654959072484,35
2,346,0.13831654959072484,35
2,347,0.13831654959072484,35
2,348,0.13831654959072484,35
2,349,0.13831654959072484,35
2,350,0.13831654959072484,35
2,351,0.13831654959072484,35
2,352,0.13831654959072484,35
2,353,0.13831654959072484,35
2,354,0.13831654959072484,35
2,355,0.13831654959072484,35
2,356,0.13831654959072484,35
2,357,0.13831654959072484,35
2,358,0.13831654959072484,35
2,359,0.13831654959072484,35
2,360,0.13831654959072484,35
2,361,0.13831654959072484,35
2,362,0.13831654959072484,35
2,363,0.13831654959072484,35
2,364,0.13831654959072484,35
2,365,0.13831654959072484,35
2,366,0.13831654959072484,35
2,367,0.13831654959072484,35
2,368,0.13831654959072484,35
2,369,0.13831654959072484,35
2,370,0.13831654959072484,35
2,371,0.13831654959072484,35
2,372,0.13831654959072484,35
2,373,0.13831654959072484,35
2,374,0.13831654959072484,35
2,375,0.14003569667810706,36
2,376,0.14003569667810706,36
2,377,0.14155487571311234,37
2,378,0.14155487571311234,37
2,379,0.14155487571311234,37
2,380,0.14167481678034924,38
2,381,0.14167481678034924,38
2,382,0.14167481678034924,38
2,383,0.14167481678034924,38
2,384,0.14167481678034924,38
2,385,0.14167481678034924,38
2,386,0.14167481678034924,38
2,387,0.14167481678034924,38
2,388,0.14167481678034924,38
2,389,0.14167481678034924,38
2,390,0.14167481678034924,38
2,391,0.14177835497664806,39
2,392,0.14177835497664806,39
2,393,0.14245793983554492,40
2,394,0.14245793983554492,40
2,395,0.14245793983554492,40
2,396,0.14245793983554492,40
2,397,0.14245793983554492,40
2,398,0.14245793983554492,40
2,399,0.14245793983554492,40
2,400,0.14245793983554492,40
2,401,0.14245793983554492,40
2,402,0.14245793983554492,40
2,403,0.14245793983554492,40
2,404,0.14245793983554492,40
2,405,0.14245793983554492,40
2,406,0.14245793983554492,40
2,407,0.1427265747115593,41
2,408,0.1427265747115593,41
2,409,0.1427265747115593,41
2,410,0.1427265747115593,41
2,411,0.1427265747115593,41
2,412,0.1427265747115593,41
2,413,0.1427265747115593,41
2,414,0.1427265747115593,41
2,415,0.1427265747115593,41
2,416,0.1427265747115593,41
2,417,0.1427265747115593,41
2,418,0.1427265747115593,41
2,419,0.1427265747115593,41
2,420,0.1427265747115593,41
2,421,0.1427265747115593,41
2,422,0.1427265747115593,41
2,423,0.1427265747115593,41
2,424,0.1427265747115593,41
2,425,0.1427265747115593,41
2,426,0.14313704412648642,42
2,427,0.14313704412648642,42
2,428,0.14313704412648642,42
2,429,0.14313704412648642,42
2,430,0.14313704412648642,42
2,431,0.14313704412648642,42
2,432,0.143329048849881,43
2,433,0.143329048849881,43
2,434,0.14653227769536334,44
2,435,0.14653227769536334,44
2,436,0.14653227769536334,44
2,437,0.14653227769536334,44
2,438,0.14653227769536334,44
2,439,0.14653227769536334,44
2,440,0.14653227769536334,44
2,441,0.14653227769536334,44
2,442,0.14671481897174687,45
2,443,0.14671481897174687,45
2,444,0.14671481897174687,45
2,445,0.14671481897174687,45
2,446,0.14671481897174687,45
2,447,0.14671481897174687,45
2,448,0.14671481897174687,45
2,449,0.14671481897174687,45
2,450,0.14671481897174687,45
2,451,0.14671481897174687,45
2,452,0.14671481897174687,45
2,453,0.14671481897174687,45
2,454,0.14676352628595205,46
2,455,0.14676352628595205,46
2,456,0.1470373674517664,47
2,457,0.1470373674517664,47
2,458,0.1470373674517664,47
2,459,0.1470373674517664,47
2,460,0.1470373674517664,47
2,461,0.1470373674517664,47
2,462,0.1470373674517664,47
2,463,0.1470373674517664,47
2,464,0.1470373674517664,47
2,465,0.1470373674517664,47
2,466,0.1470373674517664,47
2,467,0.1470373674517664,47
2,468,0.1470373674517664,47
2,469,0.1470373674517664,47
2,470,0.1470373674517664,47
2,471,0.1470373674517664,47
2,472,0.1470373674517664,47
2,473,0.1470373674517664,47
2,474,0.1470373674517664,47
2,475,0.1470373674517664,47
2,476,0.1470373674517664,47
2,477,0.1470373674517664,47
2,478,0.1470373674517664,47
2,479,0.1470373674517664,47
2,480,0.1470373674517664,47
2,481,0.1470373674517664,47
2,482,0.1470373674517664,47
2,483,0.1470373674517664,47
2,484,0.1470373674517664,47
2,485,0.1470373674517664,47
2,486,0.1470373674517664,47
2,487,0.1470373674517664,47
2,488,0.1470373674517664,47
2,489,0.1470373674517664,47
2,490,0.1470373674517664,47
2,491,0.1470373674517664,47
2,492,0.1470373674517664,47
2,493,0.1470373674517664,47
2,494,0.1470373674517664,47
2,495,0.1470373674517664,47
2,496,0.1470373674517664,47
2,497,0.14779423061771693,48
2,498,0.14779423061771693,48
2,499,0.14779423061771693,48
2,500,0.14792791807287822,49
2,501,0.14792791807287822,49
2,502,0.14792791807287822,49
2,503,0.14792791807287822,49
2,504,0.14792791807287822,49
2,505,0.14792791807287822,49
2,506,0.14792791807287822,49
2,507,0.14792791807287822,49
2,508,0.14792791807287822,49
2,509,0.14792791807287822,49
2,510,0.14792791807287822,49
2,511,0.14805617045748704,50
2,512,0.14805617045748704,50
2,513,0.14805617045748704,50
2,514,0.14805617045748704,50
2,515,0.14805617045748704,50
2,516,0.14805617045748704,50
2,517,0.14805617045748704,50
2,518,0.14805617045748704,50
2,519,0.14805617045748704,50
2,520,0.14830793229420375,51
2,521,0.14830793229420375,51
2,522,0.14830793229420375,51
2,523,0.14830793229420375,51
2,524,0.14830793229420375,51
2,525,0.14830793229420375,51
2,526,0.14830793229420375,51
2,527,0.14830793229420375,51
2,528,0.14830793229420375,51
2,529,0.14830793229420375,51
2,530,0.14830793229420375,51
2,531,0.14830793229420375,51
2,532,0.14830793229420375,51
2,533,0.14830793229420375,51
2,534,0.14830793229420375,51
2,535,0.14830793229420375,51
2,536,0.14830793229420375,51
2,537,0.14830793229420375,51
2,538,0.14830793229420375,51
2,539,0.14830793229420375,51
2,540,0.14830793229420375,51
2,541,0.14830793229420375,51
2,542,0.14830793229420375,51
2,543,0.14830793229420375,51
2,544,0.14830793229420375,51
2,545,0.14830793229420375,51
2,546,0.14830793229420375,51
2,547,0.14830793229420375,51
2,548,0.14830793229420375,51
2,549,0.14830793229420375,51
2,550,0.14830793229420375,51
2,551,0.14830793229420375,51
2,552,0.14830793229420375,51
2,553,0.14830793229420375,51
2,554,0.14830793229420375,51
2,555,0.14830793229420375,51
2,556,0.14830793229420375,51
2,557,0.14830793229420375,51
2,558,0.14830793229420375,51
2,559,0.14830793229420375,51
2,560,0.14830793229420375,51
2,561,0.14830793229420375,51
2,562,0.14830793229420375,51
2,563,0.14830793229420375,51
2,564,0.14830793229420375,51
2,565,0.14830793229420375,51
2,566,0.14830793229420375,51
2,567,0.14830793229420375,51
2,568,0.14830793229420375,51
2,569,0.14830793229420375,51
2,570,0.14830793229420375,51
2,571,0.14830793229420375,51
2,572,0.1487153711684898,52
2,573,0.1487153711684898,52
2,574,0.1487153711684898,52
2,575,0.1487153711684898,52
2,576,0.1487153711684898,52
2,577,0.1487153711684898,52
2,578,0.1487153711684898,52
2,579,0.1487153711684898,52
2,580,0.1487153711684898,52
2,581,0.1487153711684898,52
2,582,0.1487153711684898,52
2,583,0.1487153711684898,52
2,584,0.1487153711684898,52
2,585,0.1487153711684898,52
2,586,0.1487153711684898,52
2,587,0.1487153711684898,52
2,588,0.1487153711684898,52
2,589,0.1487153711684898,52
2,590,0.1487153711684898,52
2,591,0.1487153711684898,52
2,592,0.1487153711684898,52
2,593,0.1487153711684898,52
2,594,0.1487153711684898,52
2,595,0.1487153711684898,52
2,596,0.1487153711684898,52
2,597,0.1487153711684898,52
2,598,0.1487153711684898,52
2,599,0.1487153711684898,52
2,600,0.1487153711684898,52
2,601,0.1487153711684898,52
2,602,0.1487153711684898,52
2,603,0.14898526087480068,53
2,604,0.14940489342641886,54
2,605,0.14940489342641886,54
2,606,0.14940489342641886,54
2,607,0.14940489342641886,54
2,608,0.14940489342641886,54
2,609,0.14940489342641886,54
2,610,0.14940489342641886,54
2,611,0.14940489342641886,54
2,612,0.14940489342641886,54
2,613,0.14940489342641886,54
2,614,0.14940489342641886,54
2,615,0.14940489342641886,54
2,616,0.14940489342641886,54
2,617,0.14940489342641886,54
2,618,0.14940489342641886,54
2,619,0.14940489342641886,54
2,620,0.14940489342641886,54
2,621,0.14940489342641886,54
2,622,0.1494976678863938,55
2,623,0.1494976678863938,55
2,624,0.1494976678863938,55
2,625,0.1494976678863938,55
2,626,0.1494976678863938,55
2,627,0.1494976678863938,55
2,628,0.1494976678863938,55
2,629,0.1494976678863938,55
2,630,0.1494976678863938,55
2,631,0.1494976678863938,55
2,632,0.1494976678863938,55
2,633,0.1494976678863938,55
2,634,0.1494976678863938,55
2,635,0.1494976678863938,55
2,636,0.1494976678863938,55
2,637,0.1494976678863938,55
2,638,0.1494976678863938,55
2,639,0.1495379235590083,56
2,640,0.1495379235590083,56
2,641,0.1495379235590083,56
2,642,0.1495379235590083,56
2,643,0.1495379235590083,56
2,644,0.1495379235590083,56
2,645,0.1495379235590083,56
2,646,0.1495379235590083,56
2,647,0.1495379235590083,56
2,648,0.1495379235590083,56
2,649,0.1495379235590083,56
2,650,0.1495379235590083,56
2,651,0.1495379235590083,56
2,652,0.1495379235590083,56
2,653,0.1495379235590083,56
2,654,0.1495379235590083,56
2,655,0.14965337085909855,57
2,656,0.14965337085909855,57
2,657,0.14965337085909855,57
2,658,0.14965337085909855,57
2,659,0.14965337085909855,57
2,660,0.14965337085909855,57
2,661,0.14965337085909855,57
2,662,0.14965337085909855,57
2,663,0.14965337085909855,57
2,664,0.14965337085909855,57
2,665,0.14965337085909855,57
2,666,0.14965337085909855,57
2,667,0.14965337085909855,57
2,668,0.14965337085909855,57
2,669,0.14965337085909855,57
2,670,0.14965337085909855,57
2,671,0.14965337085909855,57
2,672,0.14965337085909855,57
2,673,0.14965337085909855,57
2,674,0.14965337085909855,57
2,675,0.14965337085909855,57
2,676,0.14965337085909855,57
2,677,0.14965337085909855,57
2,678,0.14965337085909855,57
2,679,0.14965337085909855,57
2,680,0.14971993302956918,58
2,681,0.14971993302956918,58
2,682,0.14971993302956918,58
2,683,0.14971993302956918,58
2,684,0.14971993302956918,58
2,685,0.14971993302956918,58
2,686,0.14971993302956918,58
2,687,0.14971993302956918,58
2,688,0.14971993302956918,58
2,689,0.14971993302956918,58
2,690,0.14971993302956918,58
2,691,0.14971993302956918,58
2,692,0.14971993302956918,58
2,693,0.14971993302956918,58
2,694,0.14971993302956918,58
2,695,0.14971993302956918,58
2,696,0.14971993302956918,58
2,697,0.14971993302956918,58
2,698,0.14971993302956918,58
2,699,0.14971993302956918,58
2,700,0.14971993302956918,58
2,701,0.14971993302956918,58
2,702,0.14971993302956918,58
2,703,0.14971993302956918,58
2,704,0.14971993302956918,58
2,705,0.14971993302956918,58
2,706,0.14971993302956918,58
2,707,0.14971993302956918,58
2,708,0.14971993302956918,58
2,709,0.14971993302956918,58
2,710,0.14971993302956918,58
2,711,0.15068092936150812,59
2,712,0.15068092936150812,59
2,713,0.15068092936150812,59
2,714,0.15068092936150812,59
2,715,0.15068092936150812,59
2,716,0.15068092936150812,59
2,717,0.15068092936150812,59
2,718,0.15068092936150812,59
2,719,0.15068092936150812,59
2,720,0.15068092936150812,59
2,721,0.15068092936150812,59
2,722,0.15068092936150812,59
2,723,0.15068092936150812,59
2,724,0.15068092936150812,59
2,725,0.15068092936150812,59
2,726,0.15068092936150812,59
2,727,0.15068092936150812,59
2,728,0.15068092936150812,59
2,729,0.15068092936150812,59
2,730,0.15068092936150812,59
2,731,0.15068092936150812,59
2,732,0.15068092936150812,59
2,733,0.15068092936150812,59
2,734,0.15068092936150812,59
2,735,0.15068092936150812,59
2,736,0.15068092936150812,59
2,737,0.15068092936150812,59
2,738,0.15068092936150812,59
2,739,0.15068092936150812,59
2,740,0.15068092936150812,59
2,741,0.15068092936150812,59
2,742,0.15068092936150812,59
2,743,0.15068092936150812,59
2,744,0.15068092936150812,59
2,745,0.15068092936150812,59
2,746,0.15068092936150812,59
2,747,0.15068092936150812,59
2,748,0.15068092936150812,59
2,749,0.15068092936150812,59
2,750,0.15068092936150812,59
2,751,0.15068092936150812,59
2,752,0.15068092936150812,59
2,753,0.15068092936150812,59
2,754,0.15068092936150812,59
2,755,0.15068092936150812,59
2,756,0.15068092936150812,59
2,757,0.15068092936150812,59
2,758,0.15068092936150812,59
2,759,0.15068092936150812,59
2,760,0.15068092936150812,59
2,761,0.1511355930505437,60
2,762,0.1511355930505437,60
2,763,0.1511355930505437,60
2,764,0.1511355930505437,60
2,765,0.1511355930505437,60
2,766,0.1511355930505437,60
2,767,0.1511355930505437,60
2,768,0.1511355930505437,60
2,769,0.1511355930505437,60
2,770,0.1511355930505437,60
2,771,0.15122544328357287,61
2,772,0.15122544328357287,61
2,773,0.15122544328357287,61
2,774,0.15122544328357287,61
2,775,0.15122544328357287,61
2,776,0.15122544328357287,61
2,777,0.15122544328357287,61
2,778,0.15122544328357287,61
2,779,0.15122544328357287,61
2,780,0.15122544328357287,61
2,781,0.15122544328357287,61
2,782,0.15122544328357287,61
2,783,0.15122544328357287,61
2,784,0.15122544328357287,61
2,785,0.15122544328357287,61
2,786,0.15122544328357287,61
2,787,0.15122544328357287,61
2,788,0.15122544328357287,61
2,789,0.15122544328357287,61
2,790,0.15122544328357287,61
2,791,0.15122544328357287,61
2,792,0.15122544328357287,61
2,793,0.15122544328357287,61
2,794,0.15122544328357287,61
2,795,0.15122544328357287,61
2,796,0.15135949966099327,62
2,797,0.15135949966099327,62
2,798,0.15135949966099327,62
2,799,0.15135949966099327,62
2,800,0.15135949966099327,62
2,801,0.15135949966099327,62
2,802,0.15135949966099327,62
2,803,0.15135949966099327,62
2,804,0.15135949966099327,62
2,805,0.15135949966099327,62
2,806,0.15135949966099327,62
2,807,0.15135949966099327,62
2,808,0.15155375882731323,63
2,809,0.15155375882731323,63
2,810,0.15155375882731323,63
2,811,0.15155375882731323,63
2,812,0.15155375882731323,63
2,813,0.15155375882731323,63
2,814,0.15155375882731323,63
2,815,0.15155375882731323,63
2,816,0.15155375882731323,63
2,817,0.15155375882731323,63
2,818,0.15155375882731323,63
2,819,0.15155375882731323,63
2,820,0.15155375882731323,63
2,821,0.15155375882731323,63
2,822,0.15155375882731323,63
2,823,0.15155375882731323,63
2,824,0.15155375882731323,63
2,825,0.15155375882731323,63
2,826,0.15155375882731323,63
2,827,0.15155375882731323,63
2,828,0.15155375882731323,63
2,829,0.15155375882731323,63
2,830,0.15155375882731323,63
2,831,0.15155375882731323,63
2,832,0.15155375882731323,63
2,833,0.15155375882731323,63
2,834,0.15155375882731323,63
2,835,0.15155375882731323,63
2,836,0.15155375882731323,63
2,837,0.15155375882731323,63
2,838,0.15155375882731323,63
2,839,0.15155375882731323,63
2,840,0.15155375882731323,63
2,841,0.15155375882731323,63
2,842,0.15155375882731323,63
2,843,0.15155375882731323,63
2,844,0.15155375882731323,63
2,845,0.15155375882731323,63
2,846,0.15155375882731323,63
2,847,0.15155375882731323,63
2,848,0.15155375882731323,63
2,849,0.15155375882731323,63
2,850,0.15155375882731323,63
2,851,0.15155375882731323,63
2,852,0.15155375882731323,63
2,853,0.15155375882731323,63
2,854,0.15155375882731323,63
2,855,0.15155375882731323,63
2,856,0.15155375882731323,63
2,857,0.15155375882731323,63
2,858,0.15155375882731323,63
2,859,0.15155375882731323,63
2,860,0.15155375882731323,63
2,861,0.15155375882731323,63
2,862,0.15155375882731323,63
2,863,0.15155375882731323,63
2,864,0.15155375882731323,63
2,865,0.15155375882731323,63
2,866,0.15155375882731323,63
2,867,0.15155375882731323,63
2,868,0.15155375882731323,63
2,869,0.15155375882731323,63
2,870,0.15155375882731323,63
2,871,0.15155375882731323,63
2,872,0.15155375882731323,63
2,873,0.15155375882731323,63
2,874,0.15155375882731323,63
2,875,0.15155375882731323,63
2,876,0.15155375882731323,63
2,877,0.15155375882731323,63
2,878,0.15155375882731323,63
2,879,0.15155375882731323,63
2,880,0.15155375882731323,63
2,881,0.15155375882731323,63
2,882,0.15155375882731323,63
2,883,0.15155375882731323,63
2,884,0.15155375882731323,63
2,885,0.15155375882731323,63
2,886,0.15155375882731323,63
2,887,0.15155375882731323,63
2,888,0.15155375882731323,63
2,889,0.15155375882731323,63
2,890,0.15155375882731323,63
2,891,0.15155375882731323,63
2,892,0.15155375882731323,63
2,893,0.15155375882731323,63
2,894,0.15155375882731323,63
2,895,0.15155375882731323,63
2,896,0.15155375882731323,63
2,897,0.15155375882731323,63
2,898,0.15155375882731323,63
2,899,0.15155375882731323,63
2,900,0.15155375882731323,63
2,901,0.15155375882731323,63
2,902,0.15155375882731323,63
2,903,0.15155375882731323,63
2,904,0.15155375882731323,63
2,905,0.15155375882731323,63
2,906,0.15155375882731323,63
2,907,0.15155375882731323,63
2,908,0.15155375882731323,63
2,909,0.15155375882731323,63
2,910,0.15155375882731323,63
2,911,0.15155375882731323,63
2,912,0.15155375882731323,63
2,913,0.15155375882731323,63
2,914,0.15155375882731323,63
2,915,0.15155375882731323,63
2,916,0.15628474623342684,64
2,917,0.15628474623342684,64
2,918,0.15628474623342684,64
2,919,0.15628474623342684,64
2,920,0.1564100234418947,65
2,921,0.1564100234418947,65
2,922,0.1564100234418947,65
2,923,0.1564100234418947,65
2,924,0.1564100234418947,65
2,925,0.1564100234418947,65
2,926,0.1564100234418947,65
2,927,0.1564100234418947,65
2,928,0.1564100234418947,65
2,929,0.1564100234418947,65
2,930,0.1564100234418947,65
2,931,0.1564100234418947,65
2,932,0.1566399145433525,66
2,933,0.1566399145433525,66
2,934,0.1566399145433525,66
2,935,0.1566399145433525,66
2,936,0.1566399145433525,66
2,937,0.1566399145433525,66
2,938,0.1566399145433525,66
2,939,0.1566399145433525,66
2,940,0.1566399145433525,66
2,941,0.1566399145433525,66
2,942,0.1566399145433525,66
2,943,0.1566399145433525,66
2,944,0.1566399145433525,66
2,945,0.1566399145433525,66
2,946,0.1566399145433525,66
2,947,0.1566399145433525,66
2,948,0.1566399145433525,66
2,949,0.1566399145433525,66
2,950,0.1566399145433525,66
2,951,0.1566399145433525,66
2,952,0.1566399145433525,66
2,953,0.1566399145433525,66
2,954,0.1566399145433525,66
2,955,0.1566399145433525,66
2,956,0.1566399145433525,66
2,957,0.1566399145433525,66
2,958,0.1566399145433525,66
2,959,0.1566399145433525,66
2,960,0.1566399145433525,66
2,961,0.1566399145433525,66
2,962,0.1566399145433525,66
2,963,0.1566399145433525,66
2,964,0.1566399145433525,66
2,965,0.1566399145433525,66
2,966,0.1566399145433525,66
2,967,0.1566399145433525,66
2,968,0.1566399145433525,66
2,969,0.1566399145433525,66
2,970,0.1566399145433525,66
2,971,0.1566399145433525,66
2,972,0.1566399145433525,66
2,973,0.1566399145433525,66
2,974,0.1566399145433525,66
2,975,0.1566399145433525,66
2,976,0.1566399145433525,66
2,977,0.1566399145433525,66
2,978,0.1566399145433525,66
2,979,0.1566399145433525,66
2,980,0.1566399145433525,66
2,981,0.1566399145433525,66
2,982,0.1566399145433525,66
2,983,0.1566399145433525,66
2,984,0.1566399145433525,66
2,985,0.1566399145433525,66
2,986,0.1566399145433525,66
2,987,0.1566399145433525,66
2,988,0.1566399145433525,66
2,989,0.1566399145433525,66
2,990,0.1566399145433525,66
2,991,0.1566399145433525,66
2,992,0.1566399145433525,66
2,993,0.1566399145433525,66
2,994,0.1566399145433525,66
2,995,0.1566399145433525,66
2,996,0.1566399145433525,66
2,997,0.1566399145433525,66
2,998,0.1566399145433525,66
2,999,0.1566399145433525,66
2,1000,0.1566399145433525,66
2,1001,0.1566399145433525,66
2,1002,0.1566399145433525,66
2,1003,0.1566399145433525,66
2,1004,0.1566399145433525,66
2,1005,0.1566399145433525,66
2,1006,0.1566399145433525,66
2,1007,0.1566399145433525,66
2,1008,0.1566399145433525,66
2,1009,0.1566399145433525,66
2,1010,0.1566399145433525,66
2,1011,0.1566399145433525,66
2,1012,0.1566399145433525,66
2,1013,0.1566399145433525,66
2,1014,0.1566399145433525,66
2,1015,0.1566399145433525,66
2,1016,0.1566399145433525,66
2,1017,0.1566399145433525,66
2,1018,0.1566399145433525,66
2,1019,0.1566399145433525,66
2,1020,0.1566399145433525,66
2,1021,0.1566399145433525,66
2,1022,0.1566399145433525,66
2,1023,0.1566399145433525,66
2,1024,0.15819431463272804,67
2,1025,0.15819431463272804,67
2,1026,0.15819431463272804,67
2,1027,0.15819431463272804,67
2,1028,0.15819431463272804,67
2,1029,0.15819431463272804,67
2,1030,0.15819431463272804,67
2,1031,0.15819431463272804,67
2,1032,0.15819431463272804,67
2,1033,0.15819431463272804,67
2,1034,0.15819431463272804,67
2,1035,0.15819431463272804,67
2,1036,0.15819431463272804,67
2,1037,0.15819431463272804,67
2,1038,0.15819431463272804,67
2,1039,0.15819431463272804,67
2,1040,0.15819431463272804,67
2,1041,0.15819431463272804,67
2,1042,0.15819431463272804,67
2,1043,0.15819431463272804,67
2,1044,0.15819431463272804,67
2,1045,0.15819431463272804,67
2,1046,0.15819431463272804,67
2,1047,0.15819431463272804,67
2,1048,0.15819431463272804,67
2,1049,0.15819431463272804,67
2,1050,0.15819431463272804,67
2,1051,0.15819431463272804,67
2,1052,0.15819431463272804,67
2,1053,0.15819431463272804,67
2,1054,0.15819431463272804,67
2,1055,0.15819431463272804,67
2,1056,0.15819431463272804,67
2,1057,0.15819431463272804,67
2,1058,0.15819431463272804,67
2,1059,0.15819431463272804,67
2,1060,0.15819431463272804,67
2,1061,0.15819431463272804,67
2,1062,0.15819431463272804,67
2,1063,0.15819431463272804,67
2,1064,0.15819431463272804,67
2,1065,0.15819431463272804,67
2,1066,0.15819431463272804,67
2,1067,0.15819431463272804,67
2,1068,0.15819431463272804,67
2,1069,0.15819431463272804,67
2,1070,0.15819431463272804,67
2,1071,0.15819431463272804,67
2,1072,0.15819431463272804,67
2,1073,0.15819431463272804,67
2,1074,0.15819431463272804,67
2,1075,0.15819431463272804,67
2,1076,0.15819431463272804,67
2,1077,0.15819431463272804,67
2,1078,0.15819431463272804,67
2,1079,0.15819431463272804,67
2,1080,0.15819431463272804,67
2,1081,0.15819431463272804,67
2,1082,0.15819431463272804,67
2,1083,0.15819431463272804,67
2,1084,0.15819431463272804,67
2,1085,0.15819431463272804,67
2,1086,0.15819431463272804,67
2,1087,0.15819431463272804,67
2,1088,0.15819431463272804,67
2,1089,0.15819431463272804,67
2,1090,0.15819431463272804,67
2,1091,0.15819431463272804,67
2,1092,0.15819431463272804,67
2,1093,0.15819431463272804,67
2,1094,0.15819431463272804,67
2,1095,0.15819431463272804,67
2,1096,0.15819431463272804,67
2,1097,0.15819431463272804,67
2,1098,0.15819431463272804,67
2,1099,0.15819431463272804,67
2,1100,0.15819431463272804,67
2,1101,0.15819431463272804,67
2,1102,0.15819431463272804,67
2,1103,0.15819431463272804,67
2,1104,0.15819431463272804,67
2,1105,0.15819431463272804,67
2,1106,0.15819431463272804,67
2,1107,0.15819431463272804,67
2,1108,0.15819431463272804,67
2,1109,0.15819431463272804,67
2,1110,0.15819431463272804,67
2,1111,0.15819431463272804,67
2,1112,0.15819431463272804,67
2,1113,0.15819431463272804,67
2,1114,0.15819431463272804,67
2,1115,0.15819431463272804,67
2,1116,0.15819431463272804,67
2,1117,0.15819431463272804,67
2,1118,0.15819431463272804,67
2,1119,0.15819431463272804,67
2,1120,0.15819431463272804,67
2,1121,0.15819431463272804,67
2,1122,0.15819431463272804,67
2,1123,0.15819431463272804,67
2,1124,0.15819431463272804,67
2,1125,0.15819431463272804,67
2,1126,0.15819431463272804,67
2,1127,0.15819431463272804,67
2,1128,0.15819431463272804,67
2,1129,0.15819431463272804,67
2,1130,0.15819431463272804,67
2,1131,0.15819431463272804,67
2,1132,0.15819431463272804,67
2,1133,0.15819431463272804,67
2,1134,0.15819431463272804,67
2,1135,0.15819431463272804,67
2,1136,0.15819431463272804,67
2,1137,0.15819431463272804,67
2,1138,0.15819431463272804,67
2,1139,0.15819431463272804,67
2,1140,0.15819431463272804,67
2,1141,0.15819431463272804,67
2,1142,0.15819431463272804,67
2,1143,0.15819431463272804,67
2,1144,0.15819431463272804,67
2,1145,0.15819431463272804,67
2,1146,0.15819431463272804,67
2,1147,0.15819431463272804,67
2,1148,0.15819431463272804,67
2,1149,0.1595584160108336,68
2,1150,0.1595584160108336,68
2,1151,0.1595584160108336,68
2,1152,0.1595584160108336,68
2,1153,0.1595584160108336,68
2,1154,0.1595584160108336,68
2,1155,0.1595584160108336,68
2,1156,0.1595584160108336,68
2,1157,0.1595584160108336,68
2,1158,0.1595584160108336,68
2,1159,0.1595584160108336,68
2,1160,0.1595584160108336,68
2,1161,0.1595584160108336,68
2,1162,0.1595584160108336,68
2,1163,0.1595584160108336,68
2,1164,0.1595584160108336,68
2,1165,0.1595584160108336,68
2,1166,0.1595584160108336,68
2,1167,0.1595584160108336,68
2,1168,0.1595584160108336,68
2,1169,0.15969527558992325,69
2,1170,0.15976360884534674,70
2,1171,0.15976360884534674,70
2,1172,0.15976360884534674,70
2,1173,0.15976360884534674,70
2,1174,0.15976360884534674,70
2,1175,0.15976360884534674,70
2,1176,0.15976360884534674,70
2,1177,0.15976360884534674,70
2,1178,0.15976360884534674,70
2,1179,0.15976360884534674,70
2,1180,0.15976360884534674,70
2,1181,0.15976360884534674,70
2,1182,0.15976360884534674,70
2,1183,0.15976360884534674,70
2,1184,0.15976360884534674,70
2,1185,0.15976360884534674,70
2,1186,0.15976360884534674,70
2,1187,0.15976360884534674,70
2,1188,0.15976360884534674,70
2,1189,0.15976360884534674,70
2,1190,0.15976360884534674,70
2,1191,0.1622353147001191,71
2,1192,0.1622353147001191,71
2,1193,0.1622353147001191,71
2,1194,0.1622353147001191,71
2,1195,0.1622353147001191,71
2,1196,0.1622353147001191,71
2,1197,0.1622353147001191,71
2,1198,0.1622353147001191,71
2,1199,0.1622353147001191,71
2,1200,0.1622353147001191,71
3,0,0.12185743181780974,0
3,1,0.12185743181780974,0
3,2,0.12185743181780974,0
3,3,0.12185743181780974,0
3,4,0.12185743181780974,0
3,5,0.12185743181780974,0
3,6,0.1218575638027636,1
3,7,0.1218575638027636,1
3,8,0.12228347808478122,2
3,9,0.12228347808478122,2
3,10,0.12228347808478122,2
3,11,0.12234404263156523,3
3,12,0.12234404263156523,3
3,13,0.12234404263156523,3
3,14,0.12234404263156523,3
3,15,0.12234404263156523,3
3,16,0.12234404263156523,3
3,17,0.12234404263156523,3
3,18,0.12234404263156523,3
3,19,0.12234404263156523,3
3,20,0.12234404263156523,3
3,21,0.12234404263156523,3
3,22,0.12234404263156523,3
3,23,0.12234404263156523,3
3,24,0.12234404263156523,3
3,25,0.12234404263156523,3
3,26,0.12234404263156523,3
3,27,0.12234404263156523,3
3,28,0.12234404263156523,3
3,29,0.12234404263156523,3
3,30,0.12234404263156523,3
3,31,0.12234404263156523,3
3,32,0.12234404263156523,3
3,33,0.12234404263156523,3
3,34,0.12234404263156523,3
3,35,0.12234404263156523,3
3,36,0.12234404263156523,3
3,37,0.12234404263156523,3
3,38,0.12234404263156523,3
3,39,0.12234404263156523,3
3,40,0.12234404263156523,3
3,41,0.1224422189422426,4
3,42,0.1224422189422426,4
3,43,0.1240661455358315,5
3,44,0.1240661455358315,5
3,45,0.1240661455358315,5
3,46,0.1240661455358315,5
3,47,0.1240661455358315,5
3,48,0.1240661455358315,5
3,49,0.1240661455358315,5
3,50,0.1240661455358315,5
3,51,0.1240661455358315,5
3,52,0.1240661455358315,5
3,53,0.1240661455358315,5
3,54,0.12422232471109068,6
3,55,0.12460745264251419,7
3,56,0.12460745264251419,7
3,57,0.12460745264251419,7
3,58,0.1247373945234137,8
3,59,0.1247373945234137,8
3,60,0.1247373945234137,8
3,61,0.1247373945234137,8
3,62,0.1247373945234137,8
3,63,0.1247373945234137,8
3,64,0.1247373945234137,8
3,65,0.1247373945234137,8
3,66,0.1247373945234137,8
3,67,0.1247373945234137,8
3,68,0.1247373945234137,8
3,69,0.1247373945234137,8
3,70,0.1247373945234137,8
3,71,0.1247373945234137,8
3,72,0.1247373945234137,8
3,73,0.1247373945234137,8
3,74,0.1247373945234137,8
3,75,0.12496074047786007,9
3,76,0.12496074047786007,9
3,77,0.12496074047786007,9
3,78,0.12496074047786007,9
3,79,0.12496074047786007,9
3,80,0.12508881406725608,10
3,81,0.12508881406725608,10
3,82,0.12541619869362458,11
3,83,0.12776618853394925,12
3,84,0.12776618853394925,12
3,85,0.12795384593166156,13
3,86,0.12795384593166156,13
3,87,0.12795384593166156,13
3,88,0.12795384593166156,13
3,89,0.12795946415451498,14
3,90,0.12853854337319673,15
3,91,0.12886075050131843,16
3,92,0.12886075050131843,16
3,93,0.13072947290453088,17
3,94,0.13072947290453088,17
3,95,0.13072947290453088,17
3,96,0.13072947290453088,17
3,97,0.1308444706608463,18
3,98,0.1308444706608463,18
3,99,0.1308444706608463,18
3,100,0.1308444706608463,18
3,101,0.1308444706608463,18
3,102,0.1308444706608463,18
3,103,0.1308444706608463,18
3,104,0.1308444706608463,18
3,105,0.1308444706608463,18
3,106,0.1308444706608463,18
3,107,0.1308444706608463,18
3,108,0.1308444706608463,18
3,109,0.1308444706608463,18
3,110,0.1308444706608463,18
3,111,0.1308444706608463,18
3,112,0.1308444706608463,18
3,113,0.1308444706608463,18
3,114,0.1308444706608463,18
3,115,0.1308444706608463,18
3,116,0.1308444706608463,18
3,117,0.1308444706608463,18
3,118,0.1308444706608463,18
3,119,0.1308444706608463,18
3,120,0.1308444706608463,18
3,121,0.1308444706608463,18
3,122,0.1308444706608463,18
3,123,0.1308444706608463,18
3,124,0.13121814321996206,19
3,125,0.13121814321996206,19
3,126,0.13121814321996206,19
3,127,0.13147395756015393,20
3,128,0.13147395756015393,20
3,129,0.13147395756015393,20
3,130,0.13147395756015393,20
3,131,0.13147395756015393,20
3,132,0.13147395756015393,20
3,133,0.13165186367713602,21
3,134,0.13165186367713602,21
3,135,0.1325442341475662,22
3,136,0.1325442341475662,22
3,137,0.1325442341475662,22
3,138,0.1325442341475662,22
3,139,0.1325442341475662,22
3,140,0.1325442341475662,22
3,141,0.1325442341475662,22
3,142,0.1325442341475662,22
3,143,0.1325442341475662,22
3,144,0.1325442341475662,22
3,145,0.1325442341475662,22
3,146,0.1325442341475662,22
3,147,0.1325442341475662,22
3,148,0.1325442341475662,22
3,149,0.1325442341475662,22
3,150,0.1325442341475662,22
3,151,0.1325442341475662,22
3,152,0.1325442341475662,22
3,153,0.1325442341475662,22
3,154,0.1325442341475662,22
3,155,0.1325442341475662,22
3,156,0.1325442341475662,22
3,157,0.1325442341475662,22
3,158,0.1325442341475662,22
3,159,0.1325442341475662,22
3,160,0.1325442341475662,22
3,161,0.1325442341475662,22
3,162,0.13258994979573405,23
3,163,0.13258994979573405,23
3,164,0.13258994979573405,23
3,165,0.13258994979573405,23
3,166,0.13258994979573405,23
3,167,0.13258994979573405,23
3,168,0.13258994979573405,23
3,169,0.13258994979573405,23
3,170,0.13258994979573405,23
3,171,0.13258994979573405,23
3,172,0.13258994979573405,23
3,173,0.13258994979573405,23
3,174,0.13446396978990505,24
3,175,0.13446396978990505,24
3,176,0.13446396978990505,24
3,177,0.13446396978990505,24
3,178,0.13446396978990505,24
3,179,0.1344927625200541,25
3,180,0.1344927625200541,25
3,181,0.1344927625200541,25
3,182,0.1344927625200541,25
3,183,0.1344927625200541,25
3,184,0.1344927625200541,25
3,185,0.1344927625200541,25
3,186,0.1344927625200541,25
3,187,0.1344927625200541,25
3,188,0.1344927625200541,25
3,189,0.1344927625200541,25
3,190,0.1344927625200541,25
3,191,0.1344927625200541,25
3,192,0.1344927625200541,25
3,193,0.13490752848248025,26
3,194,0.13490752848248025,26
3,195,0.13490752848248025,26
3,196,0.13490752848248025,26
3,197,0.13490752848248025,26
3,198,0.13490752848248025,26
3,199,0.13490752848248025,26
3,200,0.13490752848248025,26
3,201,0.13490752848248025,26
3,202,0.13490752848248025,26
3,203,0.13490752848248025,26
3,204,0.13490752848248025,26
3,205,0.13490752848248025,26
3,206,0.13490752848248025,26
3,207,0.13490752848248025,26
3,208,0.13516311021494834,27
3,209,0.13516311021494834,27
3,210,0.13516311021494834,27
3,211,0.13516311021494834,27
3,212,0.13516311021494834,27
3,213,0.13516311021494834,27
3,214,0.13516311021494834,27
3,215,0.13516311021494834,27
3,216,0.13516311021494834,27
3,217,0.13516311021494834,27
3,218,0.13516311021494834,27
3,219,0.13516311021494834,27
3,220,0.13516311021494834,27
3,221,0.13516311021494834,27
3,222,0.13516311021494834,27
3,223,0.1353379312789494,28
3,224,0.1353379312789494,28
3,225,0.1353379312789494,28
3,226,0.1353379312789494,28
3,227,0.1353379312789494,28
3,228,0.1353379312789494,28
3,229,0.1353379312789494,28
3,230,0.1353379312789494,28
3,231,0.1353379312789494,28
3,232,0.1353379312789494,28
3,233,0.1353379312789494,28
3,234,0.1353379312789494,28
3,235,0.1353379312789494,28
3,236,0.13569225635344073,29
3,237,0.13569225635344073,29
3,238,0.13569225635344073,29
3,239,0.13569225635344073,29
3,240,0.13569225635344073,29
3,241,0.13569225635344073,29
3,242,0.13585317392089435,30
3,243,0.13683896348067034,31
3,244,0.13683896348067034,31
3,245,0.13683896348067034,31
3,246,0.13683896348067034,31
3,247,0.13683896348067034,31
3,248,0.13683896348067034,31
3,249,0.13683896348067034,31
3,250,0.13683896348067034,31
3,251,0.13683896348067034,31
3,252,0.13683896348067034,31
3,253,0.13683896348067034,31
3,254,0.13683896348067034,31
3,255,0.13683896348067034,31
3,256,0.13683896348067034,31
3,257,0.13683896348067034,31
3,258,0.13683896348067034,31
3,259,0.13683896348067034,31
3,260,0.13683896348067034,31
3,261,0.13683896348067034,31
3,262,0.13683896348067034,31
3,263,0.13683896348067034,31
3,264,0.13683896348067034,31
3,265,0.13683896348067034,31
3,266,0.13683896348067034,31
3,267,0.13683896348067034,31
3,268,0.13683896348067034,31
3,269,0.13683896348067034,31
3,270,0.13683896348067034,31
3,271,0.13683896348067034,31
3,272,0.13683896348067034,31
3,273,0.13683896348067034,31
3,274,0.13683896348067034,31
3,275,0.1370812067158432,32
3,276,0.1370812067158432,32
3,277,0.1370812067158432,32
3,278,0.1370812067158432,32
3,279,0.1370812067158432,32
3,280,0.1370812067158432,32
3,281,0.1370812067158432,32
3,282,0.1370812067158432,32
3,283,0.1370812067158432,32
3,284,0.1370812067158432,32
3,285,0.1370812067158432,32
3,286,0.1370812067158432,32
3,287,0.1370812067158432,32
3,288,0.1370812067158432,32
3,289,0.1370812067158432,32
3,290,0.13733661224343366,33
3,291,0.13733661224343366,33
3,292,0.13757764671327957,34
3,293,0.13757764671327957,34
3,294,0.13757764671327957,34
3,295,0.13757764671327957,34
3,296,0.13774174397609765,35
3,297,0.13774174397609765,35
3,298,0.13774174397609765,35
3,299,0.13774174397609765,35
3,300,0.13774174397609765,35
3,301,0.13774174397609765,35
3,302,0.13880507703145836,36
3,303,0.13880507703145836,36
3,304,0.13880507703145836,36
3,305,0.13880507703145836,36
3,306,0.13888565823122923,37
3,307,0.13888565823122923,37
3,308,0.13888565823122923,37
3,309,0.13888565823122923,37
3,310,0.13888565823122923,37
3,311,0.13888565823122923,37
3,312,0.13888565823122923,37
3,313,0.13888565823122923,37
3,314,0.13888565823122923,37
3,315,0.13888565823122923,37
3,316,0.13888565823122923,37
3,317,0.13888565823122923,37
3,318,0.13888565823122923,37
3,319,0.13888565823122923,37
3,320,0.13888565823122923,37
3,321,0.13888565823122923,37
3,322,0.13888565823122923,37
3,323,0.13888565823122923,37
3,324,0.13906997396706527,38
3,325,0.13906997396706527,38
3,326,0.13906997396706527,38
3,327,0.13906997396706527,38
3,328,0.13906997396706527,38
3,329,0.13906997396706527,38
3,330,0.13906997396706527,38
3,331,0.13906997396706527,38
3,332,0.13906997396706527,38
3,333,0.13906997396706527,38
3,334,0.13906997396706527,38
3,335,0.13906997396706527,38
3,336,0.13906997396706527,38
3,337,0.13906997396706527,38
3,338,0.13906997396706527,38
3,339,0.13906997396706527,38
3,340,0.13906997396706527,38
3,341,0.13906997396706527,38
3,342,0.13906997396706527,38
3,343,0.13906997396706527,38
3,344,0.13906997396706527,38
3,345,0.13906997396706527,38
3,346,0.13906997396706527,38
3,347,0.13906997396706527,38
3,348,0.13906997396706527,38
3,349,0.13906997396706527,38
3,350,0.13906997396706527,38
3,351,0.13906997396706527,38
3,352,0.13915077769006515,39
3,353,0.13915077769006515,39
3,354,0.13915077769006515,39
3,355,0.13915077769006515,39
3,356,0.13915077769006515,39
3,357,0.13915077769006515,39
3,358,0.13915077769006515,39
3,359,0.13915077769006515,39
3,360,0.13915077769006515,39
3,361,0.13915077769006515,39
3,362,0.13915077769006515,39
3,363,0.13915077769006515,39
3,364,0.13915077769006515,39
3,365,0.13915077769006515,39
3,366,0.13915077769006515,39
3,367,0.13915077769006515,39
3,368,0.13915077769006515,39
3,369,0.13915077769006515,39
3,370,0.13915077769006515,39
3,371,0.13915077769006515,39
3,372,0.13915077769006515,39
3,373,0.13915077769006515,39
3,374,0.13915077769006515,39
3,375,0.13915077769006515,39
3,376,0.13915077769006515,39
3,377,0.13915077769006515,39
3,378,0.13915077769006515,39
3,379,0.13915077769006515,39
3,380,0.13915077769006515,39
3,381,0.13915077769006515,39
3,382,0.13915077769006515,39
3,383,0.13915077769006515,39
3,384,0.13915077769006515,39
3,385,0.13915077769006515,39
3,386,0.13915077769006515,39
3,387,0.13915077769006515,39
3,388,0.13915077769006515,39
3,389,0.13915077769006515,39
3,390,0.13915077769006515,39
3,391,0.13915077769006515,39
3,392,0.13915077769006515,39
3,393,0.13915077769006515,39
3,394,0.13915077769006515,39
3,395,0.13915077769006515,39
3,396,0.13915077769006515,39
3,397,0.13915077769006515,39
3,398,0.13915077769006515,39
3,399,0.13915077769006515,39
3,400,0.13967147140247185,40
3,401,0.13967147140247185,40
3,402,0.13967147140247185,40
3,403,0.13967147140247185,40
3,404,0.13967147140247185,40
3,405,0.1413114583731798,41
3,406,0.1413114583731798,41
3,407,0.1413114583731798,41
3,408,0.1413114583731798,41
3,409,0.1413114583731798,41
3,410,0.1413114583731798,41
3,411,0.1413114583731798,41
3,412,0.14136970279333358,42
3,413,0.14136970279333358,42
3,414,0.14136970279333358,42
3,415,0.14136970279333358,42
3,416,0.14136970279333358,42
3,417,0.14136970279333358,42
3,418,0.14150346636329944,43
3,419,0.14150346636329944,43
3,420,0.14150346636329944,43
3,421,0.14150346636329944,43
3,422,0.14150346636329944,43
3,423,0.14150346636329944,43
3,424,0.14150346636329944,43
3,425,0.14150346636329944,43
3,426,0.14150346636329944,43
3,427,0.14150346636329944,43
3,428,0.14150346636329944,43
3,429,0.14150346636329944,43
3,430,0.14150346636329944,43
3,431,0.14150346636329944,43
3,432,0.14150346636329944,43
3,433,0.14150346636329944,43
3,434,0.14150346636329944,43
3,435,0.14150346636329944,43
3,436,0.14150346636329944,43
3,437,0.14150346636329944,43
3,438,0.14150346636329944,43
3,439,0.14150346636329944,43
3,440,0.14263001266937214,44
3,441,0.14263001266937214,44
3,442,0.14263001266937214,44
3,443,0.14263001266937214,44
3,444,0.14263001266937214,44
3,445,0.14263001266937214,44
3,446,0.14263001266937214,44
3,447,0.14263001266937214,44
3,448,0.14263001266937214,44
3,449,0.14263001266937214,44
3,450,0.14263001266937214,44
3,451,0.14263001266937214,44
3,452,0.14263001266937214,44
3,453,0.14263001266937214,44
3,454,0.14263001266937214,44
3,455,0.14263001266937214,44
3,456,0.14263001266937214,44
3,457,0.14316105500024956,45
3,458,0.14316105500024956,45
3,459,0.14316105500024956,45
3,460,0.14316105500024956,45
3,461,0.14316105500024956,45
3,462,0.14316105500024956,45
3,463,0.14316105500024956,45
3,464,0.14316105500024956,45
3,465,0.14316105500024956,45
3,466,0.14316105500024956,45
3,467,0.14316105500024956,45
3,468,0.14316105500024956,45
3,469,0.14316105500024956,45
3,470,0.14316105500024956,45
3,471,0.14316105500024956,45
3,472,0.14316105500024956,45
3,473,0.14316105500024956,45
3,474,0.14316105500024956,45
3,475,0.14316105500024956,45
3,476,0.14316105500024956,45
3,477,0.14316105500024956,45
3,478,0.14316105500024956,45
3,479,0.14316105500024956,45
3,480,0.14316105500024956,45
3,481,0.14316105500024956,45
3,482,0.14316105500024956,45
3,483,0.14316105500024956,45
3,484,0.14316105500024956,45
3,485,0.14316105500024956,45
3,486,0.14316105500024956,45
3,487,0.14316105500024956,45
3,488,0.14316105500024956,45
3,489,0.14406141331141642,46
3,490,0.14406141331141642,46
3,491,0.14406141331141642,46
3,492,0.14410367420564374,47
3,493,0.14410367420564374,47
3,494,0.14410367420564374,47
3,495,0.14410367420564374,47
3,496,0.14410367420564374,47
3,497,0.14410367420564374,47
3,498,0.14410367420564374,47
3,499,0.14410367420564374,47
3,500,0.14410367420564374,47
3,501,0.14410367420564374,47
3,502,0.14410367420564374,47
3,503,0.1441230811151716,48
3,504,0.1441230811151716,48
3,505,0.1441230811151716,48
3,506,0.1441230811151716,48
3,507,0.14414223219171157,49
3,508,0.14414223219171157,49
3,509,0.14414223219171157,49
3,510,0.14414223219171157,49
3,511,0.14414223219171157,49
3,512,0.14414223219171157,49
3,513,0.14414223219171157,49
3,514,0.14414223219171157,49
3,515,0.14419133988686345,50
3,516,0.14419133988686345,50
3,517,0.14419133988686345,50
3,518,0.14419133988686345,50
3,519,0.14419133988686345,50
3,520,0.14419133988686345,50
3,521,0.14419133988686345,50
3,522,0.14419133988686345,50
3,523,0.14419133988686345,50
3,524,0.14419133988686345,50
3,525,0.14419133988686345,50
3,526,0.14419133988686345,50
3,527,0.14419133988686345,50
3,528,0.14419133988686345,50
3,529,0.14419133988686345,50
3,530,0.14419133988686345,50
3,531,0.144623628967182,51
3,532,0.144623628967182,51
3,533,0.14462874873295506,52
3,534,0.14462874873295506,52
3,535,0.14462874873295506,52
3,536,0.14462874873295506,52
3,537,0.14462874873295506,52
3,538,0.14462874873295506,52
3,539,0.14462874873295506,52
3,540,0.14462874873295506,52
3,541,0.14462874873295506,52
3,542,0.14462874873295506,52
3,543,0.14462874873295506,52
3,544,0.14462874873295506,52
3,545,0.14462874873295506,52
3,546,0.14462874873295506,52
3,547,0.14462874873295506,52
3,548,0.14462874873295506,52
3,549,0.14462874873295506,52
3,550,0.14462874873295506,52
3,551,0.14462874873295506,52
3,552,0.14462874873295506,52
3,553,0.14462874873295506,52
3,554,0.14462874873295506,52
3,555,0.14462874873295506,52
3,556,0.14462874873295506,52
3,557,0.14462874873295506,52
3,558,0.14462874873295506,52
3,559,0.14462874873295506,52
3,560,0.14462874873295506,52
3,561,0.14462874873295506,52
3,562,0.14462874873295506,52
3,563,0.14465091769623623,53
3,564,0.14465091769623623,53
3,565,0.14465091769623623,53
3,566,0.14465091769623623,53
3,567,0.14465091769623623,53
3,568,0.14465091769623623,53
3,569,0.14465091769623623,53
3,570,0.14465091769623623,53
3,571,0.14465091769623623,53
3,572,0.14465091769623623,53
3,573,0.14465091769623623,53
3,574,0.14465091769623623,53
3,575,0.14543701829883782,54
3,576,0.14543701829883782,54
3,577,0.14543701829883782,54
3,578,0.14543701829883782,54
3,579,0.14543701829883782,54
3,580,0.14543701829883782,54
3,581,0.14543701829883782,54
3,582,0.14543701829883782,54
3,583,0.14543701829883782,54
3,584,0.14543701829883782,54
3,585,0.14543701829883782,54
3,586,0.14543701829883782,54
3,587,0.14543701829883782,54
3,588,0.14543701829883782,54
3,589,0.14543701829883782,54
3,590,0.14543701829883782,54
3,591,0.14543701829883782,54
3,592,0.14543701829883782,54
3,593,0.14543701829883782,54
3,594,0.14543701829883782,54
3,595,0.14543701829883782,54
3,596,0.14543701829883782,54
3,597,0.14543701829883782,54
3,598,0.145606269005079,55
3,599,0.145606269005079,55
3,600,0.145606269005079,55
3,601,0.145606269005079,55
3,602,0.145606269005079,55
3,603,0.145606269005079,55
3,604,0.145606269005079,55
3,605,0.145606269005079,55
3,606,0.145606269005079,55
3,607,0.145606269005079,55
3,608,0.145606269005079,55
3,609,0.145606269005079,55
3,610,0.145606269005079,55
3,611,0.145606269005079,55
3,612,0.145606269005079,55
3,613,0.145606269005079,55
3,614,0.145606269005079,55
3,615,0.145606269005079,55
3,616,0.145606269005079,55
3,617,0.145606269005079,55
3,618,0.145606269005079,55
3,619,0.145606269005079,55
3,620,0.145606269005079,55
3,621,0.145606269005079,55
3,622,0.145606269005079,55
3,623,0.145606269005079,55
3,624,0.145606269005079,55
3,625,0.145606269005079,55
3,626,0.145606269005079,55
3,627,0.145606269005079,55
3,628,0.145606269005079,55
3,629,0.145606269005079,55
3,630,0.145606269005079,55
3,631,0.145606269005079,55
3,632,0.145606269005079,55
3,633,0.145606269005079,55
3,634,0.145606269005079,55
3,635,0.145606269005079,55
3,636,0.145606269005079,55
3,637,0.145606269005079,55
3,638,0.145606269005079,55
3,639,0.145606269005079,55
3,640,0.145606269005079,55
3,641,0.145606269005079,55
3,642,0.14587056070686732,56
3,643,0.14587056070686732,56
3,644,0.14587056070686732,56
3,645,0.14587056070686732,56
3,646,0.14587056070686732,56
3,647,0.14587056070686732,56
3,648,0.14587056070686732,56
3,649,0.14587056070686732,56
3,650,0.14587056070686732,56
3,651,0.14587056070686732,56
3,652,0.14587056070686732,56
3,653,0.14587056070686732,56
3,654,0.14587056070686732,56
3,655,0.14587056070686732,56
3,656,0.14587056070686732,56
3,657,0.14587056070686732,56
3,658,0.14587056070686732,56
3,659,0.14587056070686732,56
3,660,0.1463837029169262,57
3,661,0.1463837029169262,57
3,662,0.1463837029169262,57
3,663,0.1463837029169262,57
3,664,0.1463837029169262,57
3,665,0.14667871147943926,58
3,666,0.14667871147943926,58
3,667,0.14667871147943926,58
3,668,0.14667871147943926,58
3,669,0.14667871147943926,58
3,670,0.14667871147943926,58
3,671,0.14667871147943926,58
3,672,0.14667871147943926,58
3,673,0.14667871147943926,58
3,674,0.14667871147943926,58
3,675,0.14667871147943926,58
3,676,0.14667871147943926,58
3,677,0.14667871147943926,58
3,678,0.146782634566969,59
3,679,0.146782634566969,59
3,680,0.146782634566969,59
3,681,0.146782634566969,59
3,682,0.14695458014670568,60
3,683,0.14695458014670568,60
3,684,0.14695458014670568,60
3,685,0.14695458014670568,60
3,686,0.14695458014670568,60
3,687,0.14695458014670568,60
3,688,0.14695458014670568,60
3,689,0.14695458014670568,60
3,690,0.14695458014670568,60
3,691,0.14695458014670568,60
3,692,0.14695458014670568,60
3,693,0.14695458014670568,60
3,694,0.14695458014670568,60
3,695,0.14695458014670568,60
3,696,0.14695458014670568,60
3,697,0.14695458014670568,60
3,698,0.14695458014670568,60
3,699,0.14695458014670568,60
3,700,0.14695458014670568,60
3,701,0.14695458014670568,60
3,702,0.14695458014670568,60
3,703,0.14695458014670568,60
3,704,0.14695458014670568,60
3,705,0.1486168860257079,61
3,706,0.1486186933550161,62
3,707,0.1486186933550161,62
3,708,0.1486186933550161,62
3,709,0.1486186933550161,62
3,710,0.1486186933550161,62
3,711,0.1486186933550161,62
3,712,0.1486186933550161,62
3,713,0.1486186933550161,62
3,714,0.1486186933550161,62
3,715,0.14865641530238463,63
3,716,0.14865641530238463,63
3,717,0.14865641530238463,63
3,718,0.14865641530238463,63
3,719,0.14865641530238463,63
3,720,0.14865641530238463,63
3,721,0.14865641530238463,63
3,722,0.14865641530238463,63
3,723,0.14865641530238463,63
3,724,0.14865641530238463,63
3,725,0.14865641530238463,63
3,726,0.14865641530238463,63
3,727,0.14865641530238463,63
3,728,0.14881883256340614,64
3,729,0.14881883256340614,64
3,730,0.14881883256340614,64
3,731,0.14881883256340614,64
3,732,0.14881883256340614,64
3,733,0.14881883256340614,64
3,734,0.14881883256340614,64
3,735,0.14881883256340614,64
3,736,0.14881883256340614,64
3,737,0.14881883256340614,64
3,738,0.14881883256340614,64
3,739,0.14881883256340614,64
3,740,0.14881883256340614,64
3,741,0.14881883256340614,64
3,742,0.14881883256340614,64
3,743,0.14881883256340614,64
3,744,0.14881883256340614,64
3,745,0.14881883256340614,64
3,746,0.14881883256340614,64
3,747,0.14881883256340614,64
3,748,0.14881883256340614,64
3,749,0.14881883256340614,64
3,750,0.14881883256340614,64
3,751,0.14881883256340614,64
3,752,0.14881883256340614,64
3,753,0.14881883256340614,64
3,754,0.14881883256340614,64
3,755,0.14881883256340614,64
3,756,0.14881883256340614,64
3,757,0.14881883256340614,64
3,758,0.14881883256340614,64
3,759,0.14881883256340614,64
3,760,0.14881883256340614,64
3,761,0.14881883256340614,64
3,762,0.14881883256340614,64
3,763,0.14881883256340614,64
3,764,0.14881883256340614,64
3,765,0.14881883256340614,64
3,766,0.14881883256340614,64
3,767,0.14881883256340614,64
3,768,0.14881883256340614,64
3,769,0.14881883256340614,64
3,770,0.14881883256340614,64
3,771,0.14881883256340614,64
3,772,0.14881883256340614,64
3,773,0.14881883256340614,64
3,774,0.14881883256340614,64
3,775,0.14924744161159634,65
3,776,0.14924744161159634,65
3,777,0.14924744161159634,65
3,778,0.14924744161159634,65
3,779,0.14924744161159634,65
3,780,0.14924744161159634,65
3,781,0.14924744161159634,65
3,782,0.14924744161159634,65
3,783,0.14924744161159634,65
3,784,0.14924744161159634,65
3,785,0.14924744161159634,65
3,786,0.14924744161159634,65
3,787,0.14924744161159634,65
3,788,0.14924744161159634,65
3,789,0.14924744161159634,65
3,790,0.14924744161159634,65
3,791,0.14924744161159634,65
3,792,0.14924744161159634,65
3,793,0.14924744161159634,65
3,794,0.14924744161159634,65
3,795,0.14924744161159634,65
3,796,0.14924744161159634,65
3,797,0.14924744161159634,65
3,798,0.14924744161159634,65
3,799,0.14924744161159634,65
3,800,0.14924744161159634,65
3,801,0.14924744161159634,65
3,802,0.14924744161159634,65
3,803,0.14924744161159634,65
3,804,0.14924744161159634,65
3,805,0.14924744161159634,65
3,806,0.14924744161159634,65
3,807,0.14924744161159634,65
3,808,0.14924744161159634,65
3,809,0.14924744161159634,65
3,810,0.14924744161159634,65
3,811,0.14924744161159634,65
3,812,0.14924744161159634,65
3,813,0.14924744161159634,65
3,814,0.14924744161159634,65
3,815,0.14924744161159634,65
3,816,0.14924744161159634,65
3,817,0.14924744161159634,65
3,818,0.14924744161159634,65
3,819,0.14924744161159634,65
3,820,0.14924744161159634,65
3,821,0.14924744161159634,65
3,822,0.14924744161159634,65
3,823,0.14924744161159634,65
3,824,0.14924744161159634,65
3,825,0.14924744161159634,65
3,826,0.14924744161159634,65
3,827,0.14924744161159634,65
3,828,0.14924744161159634,65
3,829,0.14924744161159634,65
3,830,0.14924744161159634,65
3,831,0.14924744161159634,65
3,832,0.14924744161159634,65
3,833,0.14924744161159634,65
3,834,0.14924744161159634,65
3,835,0.14924744161159634,65
3,836,0.14924744161159634,65
3,837,0.14924744161159634,65
3,838,0.14924744161159634,65
3,839,0.14924744161159634,65
3,840,0.14924744161159634,65
3,841,0.14924744161159634,65
3,842,0.14924744161159634,65
3,843,0.14924744161159634,65
3,844,0.14924744161159634,65
3,845,0.14924744161159634,65
3,846,0.14924744161159634,65
3,847,0.14924744161159634,65
3,848,0.14924744161159634,65
3,849,0.14924744161159634,65
3,850,0.14924744161159634,65
3,851,0.14924744161159634,65
3,852,0.14924744161159634,65
3,853,0.14924744161159634,65
3,854,0.14924744161159634,65
3,855,0.14924744161159634,65
3,856,0.14924744161159634,65
3,857,0.14924744161159634,65
3,858,0.14924744161159634,65
3,859,0.14924744161159634,65
3,860,0.14924744161159634,65
3,861,0.14924744161159634,65
3,862,0.14924744161159634,65
3,863,0.14924744161159634,65
3,864,0.14924744161159634,65
3,865,0.14924744161159634,65
3,866,0.14924744161159634,65
3,867,0.14924744161159634,65
3,868,0.14924744161159634,65
3,869,0.14924744161159634,65
3,870,0.14924744161159634,65
3,871,0.14924744161159634,65
3,872,0.14924744161159634,65
3,873,0.14924744161159634,65
3,874,0.14924744161159634,65
3,875,0.14924744161159634,65
3,876,0.14924744161159634,65
3,877,0.14924744161159634,65
3,878,0.14924744161159634,65
3,879,0.14924744161159634,65
3,880,0.14924744161159634,65
3,881,0.14924744161159634,65
3,882,0.14924744161159634,65
3,883,0.14924744161159634,65
3,884,0.14924744161159634,65
3,885,0.14924744161159634,65
3,886,0.14924744161159634,65
3,887,0.14924744161159634,65
3,888,0.14924744161159634,65
3,889,0.14924744161159634,65
3,890,0.14924744161159634,65
3,891,0.14924744161159634,65
3,892,0.14924744161159634,65
3,893,0.14924744161159634,65
3,894,0.14924744161159634,65
3,895,0.14924744161159634,65
3,896,0.14924744161159634,65
3,897,0.14924744161159634,65
3,898,0.14924744161159634,65
3,899,0.14924744161159634,65
3,900,0.14924744161159634,65
3,901,0.14924744161159634,65
3,902,0.14924744161159634,65
3,903,0.14924744161159634,65
3,904,0.14924744161159634,65
3,905,0.14924744161159634,65
3,906,0.14924744161159634,65
3,907,0.14924744161159634,65
3,908,0.14924744161159634,65
3,909,0.14924744161159634,65
3,910,0.14924744161159634,65
3,911,0.1493395982103566,66
3,912,0.1493395982103566,66
3,913,0.1493395982103566,66
3,914,0.1493395982103566,66
3,915,0.1493395982103566,66
3,916,0.1493395982103566,66
3,917,0.1493395982103566,66
3,918,0.1493395982103566,66
3,919,0.1493395982103566,66
3,920,0.1493395982103566,66
3,921,0.1493395982103566,66
3,922,0.1493395982103566,66
3,923,0.1493395982103566,66
3,924,0.1493395982103566,66
3,925,0.1493395982103566,66
3,926,0.1493395982103566,66
3,927,0.1493395982103566,66
3,928,0.1493395982103566,66
3,929,0.1493395982103566,66
3,930,0.1493395982103566,66
3,931,0.1493395982103566,66
3,932,0.1493395982103566,66
3,933,0.1493395982103566,66
3,934,0.1493395982103566,66
3,935,0.1493395982103566,66
3,936,0.1493395982103566,66
3,937,0.1493395982103566,66
3,938,0.1493395982103566,66
3,939,0.1493395982103566,66
3,940,0.1493395982103566,66
3,941,0.14938056355177196,67
3,942,0.14938056355177196,67
3,943,0.14938056355177196,67
3,944,0.14938056355177196,67
3,945,0.14938056355177196,67
3,946,0.14938056355177196,67
3,947,0.14968686315965724,68
3,948,0.14968686315965724,68
3,949,0.14968686315965724,68
3,950,0.14968686315965724,68
3,951,0.14968686315965724,68
3,952,0.14968686315965724,68
3,953,0.14968686315965724,68
3,954,0.14968686315965724,68
3,955,0.14973270983540185,69
3,956,0.14973270983540185,69
3,957,0.14973270983540185,69
3,958,0.14973270983540185,69
3,959,0.14973270983540185,69
3,960,0.14973270983540185,69
3,961,0.14973270983540185,69
3,962,0.1512488020748756,70
3,963,0.1512488020748756,70
3,964,0.1512488020748756,70
3,965,0.1512488020748756,70
3,966,0.1512488020748756,70
3,967,0.1512488020748756,70
3,968,0.15155815171639123,71
3,969,0.15155815171639123,71
3,970,0.15155815171639123,71
3,971,0.15155815171639123,71
3,972,0.15155815171639123,71
3,973,0.15155815171639123,71
3,974,0.15155815171639123,71
3,975,0.15155815171639123,71
3,976,0.15155815171639123,71
3,977,0.15155815171639123,71
3,978,0.15155815171639123,71
3,979,0.15155815171639123,71
3,980,0.15155815171639123,71
3,981,0.15155815171639123,71
3,982,0.15155815171639123,71
3,983,0.15155815171639123,71
3,984,0.15155815171639123,71
3,985,0.15155815171639123,71
3,986,0.15155815171639123,71
3,987,0.15155815171639123,71
3,988,0.15155815171639123,71
3,989,0.15155815171639123,71
3,990,0.15155815171639123,71
3,991,0.15155815171639123,71
3,992,0.15155815171639123,71
3,993,0.15155815171639123,71
3,994,0.15155815171639123,71
3,995,0.15155815171639123,71
3,996,0.15155815171639123,71
3,997,0.15155815171639123,71
3,998,0.15155815171639123,71
3,999,0.15155815171639123,71
3,1000,0.15155815171639123,71
3,1001,0.15155815171639123,71
3,1002,0.15155815171639123,71
3,1003,0.15155815171639123,71
3,1004,0.15155815171639123,71
3,1005,0.15155815171639123,71
3,1006,0.15155815171639123,71
3,1007,0.15155815171639123,71
3,1008,0.15155815171639123,71
3,1009,0.15155815171639123,71
3,1010,0.1520253952299493,72
3,1011,0.1520253952299493,72
3,1012,0.1520253952299493,72
3,1013,0.1520253952299493,72
3,1014,0.1520253952299493,72
3,1015,0.1520253952299493,72
3,1016,0.1520253952299493,72
3,1017,0.1520253952299493,72
3,1018,0.1520253952299493,72
3,1019,0.1520253952299493,72
3,1020,0.1520253952299493,72
3,1021,0.1520253952299493,72
3,1022,0.1520253952299493,72
3,1023,0.1520253952299493,72
3,1024,0.1520253952299493,72
3,1025,0.1520253952299493,72
3,1026,0.1520253952299493,72
3,1027,0.1520253952299493,72
3,1028,0.1520253952299493,72
3,1029,0.1520253952299493,72
3,1030,0.1520253952299493,72
3,1031,0.1520253952299493,72
3,1032,0.1520253952299493,72
3,1033,0.1520253952299493,72
3,1034,0.15212795071121435,73
3,1035,0.15212795071121435,73
3,1036,0.15212795071121435,73
3,1037,0.15212795071121435,73
3,1038,0.15212795071121435,73
3,1039,0.15212795071121435,73
3,1040,0.15212795071121435,73
3,1041,0.15212795071121435,73
3,1042,0.15212795071121435,73
3,1043,0.15212795071121435,73
3,1044,0.15212795071121435,73
3,1045,0.15212795071121435,73
3,1046,0.15212795071121435,73
3,1047,0.15212795071121435,73
3,1048,0.15212795071121435,73
3,1049,0.15212795071121435,73
3,1050,0.15212795071121435,73
3,1051,0.15212795071121435,73
3,1052,0.15212795071121435,73
3,1053,0.15212795071121435,73
3,1054,0.15212795071121435,73
3,1055,0.15212795071121435,73
3,1056,0.15212795071121435,73
3,1057,0.1522302264877386,74
3,1058,0.1522302264877386,74
3,1059,0.1522302264877386,74
3,1060,0.1522302264877386,74
3,1061,0.1522302264877386,74
3,1062,0.1522302264877386,74
3,1063,0.1522302264877386,74
3,1064,0.1522302264877386,74
3,1065,0.1522302264877386,74
3,1066,0.1522302264877386,74
3,1067,0.1522302264877386,74
3,1068,0.15317717130208933,75
3,1069,0.15317717130208933,75
3,1070,0.15317717130208933,75
3,1071,0.15317717130208933,75
3,1072,0.15317717130208933,75
3,1073,0.15317717130208933,75
3,1074,0.15317717130208933,75
3,1075,0.15317717130208933,75
3,1076,0.15317717130208933,75
3,1077,0.15317717130208933,75
3,1078,0.15317717130208933,75
3,1079,0.15317717130208933,75
3,1080,0.15317717130208933,75
3,1081,0.15317717130208933,75
3,1082,0.15317717130208933,75
3,1083,0.15317717130208933,75
3,1084,0.15317717130208933,75
3,1085,0.15317717130208933,75
3,1086,0.15317717130208933,75
3,1087,0.15317717130208933,75
3,1088,0.15317717130208933,75
3,1089,0.15317717130208933,75
3,1090,0.15317717130208933,75
3,1091,0.15317717130208933,75
3,1092,0.15317717130208933,75
3,1093,0.15317717130208933,75
3,1094,0.15317717130208933,75
3,1095,0.15317717130208933,75
3,1096,0.15387921716056946,76
3,1097,0.15387921716056946,76
3,1098,0.15387921716056946,76
3,1099,0.15387921716056946,76
3,1100,0.15387921716056946,76
3,1101,0.1540081499412875,77
3,1102,0.1540081499412875,77
3,1103,0.1540081499412875,77
3,1104,0.1540081499412875,77
3,1105,0.1540081499412875,77
3,1106,0.1540081499412875,77
3,1107,0.1540081499412875,77
3,1108,0.1540081499412875,77
3,1109,0.1540081499412875,77
3,1110,0.1540081499412875,77
3,1111,0.1540081499412875,77
3,1112,0.1540081499412875,77
3,1113,0.1540081499412875,77
3,1114,0.1540081499412875,77
3,1115,0.1540081499412875,77
3,1116,0.1540081499412875,77
3,1117,0.1540081499412875,77
3,1118,0.1540081499412875,77
3,1119,0.1540081499412875,77
3,1120,0.1540081499412875,77
3,1121,0.1540081499412875,77
3,1122,0.1540081499412875,77
3,1123,0.1540081499412875,77
3,1124,0.1540081499412875,77
3,1125,0.1540081499412875,77
3,1126,0.1540081499412875,77
3,1127,0.1540081499412875,77
3,1128,0.1540081499412875,77
3,1129,0.1540081499412875,77
3,1130,0.1540081499412875,77
3,1131,0.1540081499412875,77
3,1132,0.1541707627285641,78
3,1133,0.1541707627285641,78
3,1134,0.1541707627285641,78
3,1135,0.1541707627285641,78
3,1136,0.1541707627285641,78
3,1137,0.1541707627285641,78
3,1138,0.1541707627285641,78
3,1139,0.1541707627285641,78
3,1140,0.1541707627285641,78
3,1141,0.1541707627285641,78
3,1142,0.1541707627285641,78
3,1143,0.1541707627285641,78
3,1144,0.1541707627285641,78
3,1145,0.1541707627285641,78
3,1146,0.1541707627285641,78
3,1147,0.1541707627285641,78
3,1148,0.1541707627285641,78
3,1149,0.1541707627285641,78
3,1150,0.1541707627285641,78
3,1151,0.1541707627285641,78
3,1152,0.1541707627285641,78
3,1153,0.1545196135532131,79
3,1154,0.1545196135532131,79
3,1155,0.1545196135532131,79
3,1156,0.1545196135532131,79
3,1157,0.1545196135532131,79
3,1158,0.1545196135532131,79
3,1159,0.1545196135532131,79
3,1160,0.1545196135532131,79
3,1161,0.1545196135532131,79
3,1162,0.1545196135532131,79
3,1163,0.1545196135532131,79
3,1164,0.1545196135532131,79
3,1165,0.1545196135532131,79
3,1166,0.1545196135532131,79
3,1167,0.1545196135532131,79
3,1168,0.1545196135532131,79
3,1169,0.1545196135532131,79
3,1170,0.1545196135532131,79
3,1171,0.1545196135532131,79
3,1172,0.1545196135532131,79
3,1173,0.1545196135532131,79
3,1174,0.1545196135532131,79
3,1175,0.1545196135532131,79
3,1176,0.1545196135532131,79
3,1177,0.1545196135532131,79
3,1178,0.1545196135532131,79
3,1179,0.1545196135532131,79
3,1180,0.1545196135532131,79
3,1181,0.1545196135532131,79
3,1182,0.1545196135532131,79
3,1183,0.1545196135532131,79
3,1184,0.1545196135532131,79
3,1185,0.1545196135532131,79
3,1186,0.1545196135532131,79
3,1187,0.1545196135532131,79
3,1188,0.1545196135532131,79
3,1189,0.1545196135532131,79
3,1190,0.1545196135532131,79
3,1191,0.1545196135532131,79
3,1192,0.1545196135532131,79
3,1193,0.1545196135532131,79
3,1194,0.1545196135532131,79
3,1195,0.1545196135532131,79
3,1196,0.1545196135532131,79
3,1197,0.1545196135532131,79
3,1198,0.1545196135532131,79
3,1199,0.1545196135532131,79
3,1200,0.1545196135532131,79
4,0,0.12185743181780974,0
4,1,0.12185743181780974,0
4,2,0.12185743181780974,0
4,3,0.12185743181780974,0
4,4,0.12185743181780974,0
4,5,0.12185743181780974,0
4,6,0.12185743181780974,0
4,7,0.12185743181780974,0
4,8,0.12185743181780974,0
4,9,0.12192521049515635,1
4,10,0.12192521049515635,1
4,11,0.12261931915921802,2
4,12,0.12261931915921802,2
4,13,0.12261931915921802,2
4,14,0.12261931915921802,2
4,15,0.12261931915921802,2
4,16,0.12261931915921802,2
4,17,0.122949243862814,3
4,18,0.122949243862814,3
4,19,0.122949243862814,3
4,20,0.122949243862814,3
4,21,0.122949243862814,3
4,22,0.12307769326373942,4
4,23,0.12307769326373942,4
4,24,0.12307769326373942,4
4,25,0.12307769326373942,4
4,26,0.12307769326373942,4
4,27,0.12307769326373942,4
4,28,0.1251940898570383,5
4,29,0.12531865226455688,6
4,30,0.12531865226455688,6
4,31,0.12531865226455688,6
4,32,0.12531865226455688,6
4,33,0.12531865226455688,6
4,34,0.12531865226455688,6
4,35,0.12549132226251994,7
4,36,0.12578848720239355,8
4,37,0.12578848720239355,8
4,38,0.12578848720239355,8
4,39,0.12578848720239355,8
4,40,0.12578848720239355,8
4,41,0.12578848720239355,8
4,42,0.12578848720239355,8
4,43,0.12578848720239355,8
4,44,0.12578848720239355,8
4,45,0.12578848720239355,8
4,46,0.12578848720239355,8
4,47,0.12578848720239355,8
4,48,0.1259285527555322,9
4,49,0.12763225566974767,10
4,50,0.12763225566974767,10
4,51,0.12763225566974767,10
4,52,0.12763225566974767,10
4,53,0.12763225566974767,10
4,54,0.12763225566974767,10
4,55,0.12763225566974767,10
4,56,0.12763225566974767,10
4,57,0.12769314542673574,11
4,58,0.12769314542673574,11
4,59,0.12769314542673574,11
4,60,0.12769314542673574,11
4,61,0.12779644186637928,12
4,62,0.12781881634345826,13
4,63,0.12781881634345826,13
4,64,0.12781881634345826,13
4,65,0.12781881634345826,13
4,66,0.12781881634345826,13
4,67,0.12781881634345826,13
4,68,0.12783480328345942,14
4,69,0.12783480328345942,14
4,70,0.12783480328345942,14
4,71,0.12783480328345942,14
4,72,0.12783480328345942,14
4,73,0.12783480328345942,14
4,74,0.12783480328345942,14
4,75,0.12783480328345942,14
4,76,0.12783480328345942,14
4,77,0.12783480328345942,14
4,78,0.12783480328345942,14
4,79,0.12783480328345942,14
4,80,0.12783661574816493,15
4,81,0.12783661574816493,15
4,82,0.12783661574816493,15
4,83,0.12783661574816493,15
4,84,0.12783661574816493,15
4,85,0.13154853596991617,16
4,86,0.13154853596991617,16
4,87,0.13154853596991617,16
4,88,0.13154853596991617,16
4,89,0.13266406421107085,17
4,90,0.13266406421107085,17
4,91,0.13266406421107085,17
4,92,0.13434683362164956,18
4,93,0.13434683362164956,18
4,94,0.13434683362164956,18
4,95,0.13434683362164956,18
4,96,0.13434683362164956,18
4,97,0.13434683362164956,18
4,98,0.13434683362164956,18
4,99,0.13434683362164956,18
4,100,0.13453949323252262,19
4,101,0.13453949323252262,19
4,102,0.13453949323252262,19
4,103,0.13453949323252262,19
4,104,0.13453949323252262,19
4,105,0.13453949323252262,19
4,106,0.1345624221958564,20
4,107,0.1345624221958564,20
4,108,0.1345624221958564,20
4,109,0.1345624221958564,20
4,110,0.1345624221958564,20
4,111,0.13468185261029755,21
4,112,0.13468185261029755,21
4,113,0.13468185261029755,21
4,114,0.13468185261029755,21
4,115,0.13468185261029755,21
4,116,0.13468185261029755,21
4,117,0.13468185261029755,21
4,118,0.13468185261029755,21
4,119,0.13468185261029755,21
4,120,0.13468185261029755,21
4,121,0.13468185261029755,21
4,122,0.13468185261029755,21
4,123,0.13468185261029755,21
4,124,0.13468185261029755,21
4,125,0.13468185261029755,21
4,126,0.13468185261029755,21
4,127,0.13468185261029755,21
4,128,0.13468185261029755,21
4,129,0.13468185261029755,21
4,130,0.13468185261029755,21
4,131,0.13468185261029755,21
4,132,0.13468185261029755,21
4,133,0.13468185261029755,21
4,134,0.13468185261029755,21
4,135,0.1349751986171256,22
4,136,0.1349751986171256,22
4,137,0.1349751986171256,22
4,138,0.1349751986171256,22
4,139,0.1349751986171256,22
4,140,0.1349751986171256,22
4,141,0.13504322220618709,23
4,142,0.13504322220618709,23
4,143,0.13504322220618709,23
4,144,0.13629761833404103,24
4,145,0.13629761833404103,24
4,146,0.13629761833404103,24
4,147,0.13629761833404103,24
4,148,0.13629761833404103,24
4,149,0.13629761833404103,24
4,150,0.13629761833404103,24
4,151,0.13629761833404103,24
4,152,0.13629761833404103,24
4,153,0.13629761833404103,24
4,154,0.13629761833404103,24
4,155,0.13629761833404103,24
4,156,0.13629761833404103,24
4,157,0.13629761833404103,24
4,158,0.13629761833404103,24
4,159,0.13629761833404103,24
4,160,0.13629761833404103,24
4,161,0.13629761833404103,24
4,162,0.13629761833404103,24
4,163,0.13629761833404103,24
4,164,0.13629761833404103,24
4,165,0.13629761833404103,24
4,166,0.13629761833404103,24
4,167,0.13629761833404103,24
4,168,0.13629761833404103,24
4,169,0.13629761833404103,24
4,170,0.13629761833404103,24
4,171,0.13629761833404103,24
4,172,0.13629761833404103,24
4,173,0.13629761833404103,24
4,174,0.13629761833404103,24
4,175,0.13629761833404103,24
4,176,0.1363032190210583,25
4,177,0.1363032190210583,25
4,178,0.1363032190210583,25
4,179,0.1363032190210583,25
4,180,0.1363032190210583,25
4,181,0.1363419730862671,26
4,182,0.1363419730862671,26
4,183,0.1363419730862671,26
4,184,0.1363419730862671,26
4,185,0.1363419730862671,26
4,186,0.1363419730862671,26
4,187,0.1363419730862671,26
4,188,0.1366019020629789,27
4,189,0.1366019020629789,27
4,190,0.1366019020629789,27
4,191,0.1366019020629789,27
4,192,0.1366019020629789,27
4,193,0.1366019020629789,27
4,194,0.1366019020629789,27
4,195,0.1366019020629789,27
4,196,0.1366019020629789,27
4,197,0.1366019020629789,27
4,198,0.1366019020629789,27
4,199,0.1366019020629789,27
4,200,0.1366019020629789,27
4,201,0.1368049659757599,28
4,202,0.1368049659757599,28
4,203,0.1368049659757599,28
4,204,0.1368049659757599,28
4,205,0.1368049659757599,28
4,206,0.13698135495469949,29
4,207,0.13698135495469949,29
4,208,0.13698135495469949,29
4,209,0.13698135495469949,29
4,210,0.13698135495469949,29
4,211,0.13698135495469949,29
4,212,0.13700278147241285,30
4,213,0.13700278147241285,30
4,214,0.13700278147241285,30
4,215,0.13700278147241285,30
4,216,0.13700278147241285,30
4,217,0.13700278147241285,30
4,218,0.13700278147241285,30
4,219,0.13700278147241285,30
4,220,0.13700278147241285,30
4,221,0.13700278147241285,30
4,222,0.13700278147241285,30
4,223,0.13700278147241285,30
4,224,0.13700278147241285,30
4,225,0.13700278147241285,30
4,226,0.13700278147241285,30
4,227,0.13700278147241285,30
4,228,0.13700278147241285,30
4,229,0.13700278147241285,30
4,230,0.13700278147241285,30
4,231,0.13700278147241285,30
4,232,0.13700278147241285,30
4,233,0.13700278147241285,30
4,234,0.13700278147241285,30
4,235,0.13700278147241285,30
4,236,0.13700278147241285,30
4,237,0.13700278147241285,30
4,238,0.13700278147241285,30
4,239,0.13700278147241285,30
4,240,0.13700278147241285,30
4,241,0.13700278147241285,30
4,242,0.13700278147241285,30
4,243,0.13700278147241285,30
4,244,0.13700278147241285,30
4,245,0.13700278147241285,30
4,246,0.13700278147241285,30
4,247,0.13700278147241285,30
4,248,0.13700278147241285,30
4,249,0.1403182131736011,31
4,250,0.1403182131736011,31
4,251,0.1403182131736011,31
4,252,0.1403182131736011,31
4,253,0.1403182131736011,31
4,254,0.1403182131736011,31
4,255,0.1403182131736011,31
4,256,0.1403182131736011,31
4,257,0.1403182131736011,31
4,258,0.1403182131736011,31
4,259,0.1403182131736011,31
4,260,0.1403182131736011,31
4,261,0.1403182131736011,31
4,262,0.1403182131736011,31
4,263,0.1403182131736011,31
4,264,0.1403182131736011,31
4,265,0.1403182131736011,31
4,266,0.1403182131736011,31
4,267,0.1403182131736011,31
4,268,0.1403182131736011,31
4,269,0.1403182131736011,31
4,270,0.1403182131736011,31
4,271,0.1403182131736011,31
4,272,0.1403182131736011,31
4,273,0.1403182131736011,31
4,274,0.1403182131736011,31
4,275,0.1403182131736011,31
4,276,0.1403182131736011,31
4,277,0.1403182131736011,31
4,278,0.1403182131736011,31
4,279,0.1403182131736011,31
4,280,0.1403182131736011,31
4,281,0.1403182131736011,31
4,282,0.1403182131736011,31
4,283,0.1403182131736011,31
4,284,0.1403182131736011,31
4,285,0.1403182131736011,31
4,286,0.1403182131736011,31
4,287,0.1403182131736011,31
4,288,0.1403182131736011,31
4,289,0.1403182131736011,31
4,290,0.1403182131736011,31
4,291,0.1403182131736011,31
4,292,0.1403182131736011,31
4,293,0.1403182131736011,31
4,294,0.1403182131736011,31
4,295,0.1403182131736011,31
4,296,0.1403182131736011,31
4,297,0.1403182131736011,31
4,298,0.1403182131736011,31
4,299,0.14577771766164327,32
4,300,0.14577771766164327,32
4,301,0.14577771766164327,32
4,302,0.14577771766164327,32
4,303,0.14577771766164327,32
4,304,0.14577771766164327,32
4,305,0.14577771766164327,32
4,306,0.14577771766164327,32
4,307,0.14577771766164327,32
4,308,0.14577771766164327,32
4,309,0.14577771766164327,32
4,310,0.14577771766164327,32
4,311,0.14577771766164327,32
4,312,0.14577771766164327,32
4,313,0.14577771766164327,32
4,314,0.14718304198706064,33
4,315,0.14718304198706064,33
4,316,0.14718304198706064,33
4,317,0.14744931794054555,34
4,318,0.14744931794054555,34
4,319,0.14744931794054555,34
4,320,0.14744931794054555,34
4,321,0.14744931794054555,34
4,322,0.14744931794054555,34
4,323,0.14744931794054555,34
4,324,0.1487032091217311,35
4,325,0.1487032091217311,35
4,326,0.1487032091217311,35
4,327,0.1487032091217311,35
4,328,0.1487032091217311,35
4,329,0.1487032091217311,35
4,330,0.1487032091217311,35
4,331,0.1487032091217311,35
4,332,0.1487032091217311,35
4,333,0.1487032091217311,35
4,334,0.1487032091217311,35
4,335,0.1487032091217311,35
4,336,0.1487032091217311,35
4,337,0.1487032091217311,35
4,338,0.1487032091217311,35
4,339,0.1487032091217311,35
4,340,0.1487032091217311,35
4,341,0.1487032091217311,35
4,342,0.1487032091217311,35
4,343,0.1487032091217311,35
4,344,0.14875361882003907,36
4,345,0.14875361882003907,36
4,346,0.14875361882003907,36
4,347,0.14875361882003907,36
4,348,0.14875361882003907,36
4,349,0.14875361882003907,36
4,350,0.14875361882003907,36
4,351,0.14875361882003907,36
4,352,0.14875361882003907,36
4,353,0.14875361882003907,36
4,354,0.14875361882003907,36
4,355,0.14875361882003907,36
4,356,0.14888938792301165,37
4,357,0.14888938792301165,37
4,358,0.14888938792301165,37
4,359,0.14888938792301165,37
4,360,0.14888938792301165,37
4,361,0.14888938792301165,37
4,362,0.14888938792301165,37
4,363,0.14888938792301165,37
4,364,0.14888938792301165,37
4,365,0.14888938792301165,37
4,366,0.14888938792301165,37
4,367,0.14888938792301165,37
4,368,0.14888938792301165,37
4,369,0.14888938792301165,37
4,370,0.14888938792301165,37
4,371,0.14888938792301165,37
4,372,0.1490565881615409,38
4,373,0.1490565881615409,38
4,374,0.1490565881615409,38
4,375,0.1490565881615409,38
4,376,0.1490565881615409,38
4,377,0.1490565881615409,38
4,378,0.1490565881615409,38
4,379,0.1490565881615409,38
4,380,0.1490565881615409,38
4,381,0.1490565881615409,38
4,382,0.1490565881615409,38
4,383,0.1490565881615409,38
4,384,0.1490565881615409,38
4,385,0.1490565881615409,38
4,386,0.1490565881615409,38
4,387,0.1490565881615409,38
4,388,0.1490565881615409,38
4,389,0.1490565881615409,38
4,390,0.1490565881615409,38
4,391,0.14973362771317214,39
4,392,0.14973362771317214,39
4,393,0.14973362771317214,39
4,394,0.14973362771317214,39
4,395,0.14973362771317214,39
4,396,0.14973362771317214,39
4,397,0.14973362771317214,39
4,398,0.14981571708558308,40
4,399,0.14981571708558308,40
4,400,0.14981571708558308,40
4,401,0.14981571708558308,40
4,402,0.14981571708558308,40
4,403,0.14981571708558308,40
4,404,0.14981571708558308,40
4,405,0.14981571708558308,40
4,406,0.14981571708558308,40
4,407,0.14999122411642477,41
4,408,0.14999122411642477,41
4,409,0.14999122411642477,41
4,410,0.14999122411642477,41
4,411,0.14999122411642477,41
4,412,0.14999122411642477,41
4,413,0.14999122411642477,41
4,414,0.14999122411642477,41
4,415,0.14999122411642477,41
4,416,0.14999122411642477,41
4,417,0.14999122411642477,41
4,418,0.14999122411642477,41
4,419,0.14999122411642477,41
4,420,0.14999122411642477,41
4,421,0.15007850080729107,42
4,422,0.15007850080729107,42
4,423,0.15007850080729107,42
4,424,0.15007850080729107,42
4,425,0.15007850080729107,42
4,426,0.15007850080729107,42
4,427,0.15007850080729107,42
4,428,0.15007850080729107,42
4,429,0.15007850080729107,42
4,430,0.15007850080729107,42
4,431,0.15007850080729107,42
4,432,0.15007850080729107,42
4,433,0.15007850080729107,42
4,434,0.15007850080729107,42
4,435,0.15007850080729107,42
4,436,0.1500922691705988,43
4,437,0.1500922691705988,43
4,438,0.1500922691705988,43
4,439,0.1500922691705988,43
4,440,0.1500922691705988,43
4,441,0.1500922691705988,43
4,442,0.1500922691705988,43
4,443,0.1500922691705988,43
4,444,0.1500922691705988,43
4,445,0.1500922691705988,43
4,446,0.1500922691705988,43
4,447,0.1500922691705988,43
4,448,0.1500922691705988,43
4,449,0.1500922691705988,43
4,450,0.1500922691705988,43
4,451,0.1500922691705988,43
4,452,0.1511121931196473,44
4,453,0.1511121931196473,44
4,454,0.1511121931196473,44
4,455,0.1512193449450946,45
4,456,0.15196157063650947,46
4,457,0.1521016903634858,47
4,458,0.1521016903634858,47
4,459,0.1521016903634858,47
4,460,0.1521016903634858,47
4,461,0.1521016903634858,47
4,462,0.1521016903634858,47
4,463,0.1521016903634858,47
4,464,0.1521016903634858,47
4,465,0.1521016903634858,47
4,466,0.1521016903634858,47
4,467,0.1521016903634858,47
4,468,0.1521016903634858,47
4,469,0.1521016903634858,47
4,470,0.1521016903634858,47
4,471,0.1521016903634858,47
4,472,0.1521016903634858,47
4,473,0.1521016903634858,47
4,474,0.1521016903634858,47
4,475,0.1521016903634858,47
4,476,0.1521016903634858,47
4,477,0.1521016903634858,47
4,478,0.1521016903634858,47
4,479,0.1521016903634858,47
4,480,0.1521016903634858,47
4,481,0.1521016903634858,47
4,482,0.1521016903634858,47
4,483,0.1521016903634858,47
4,484,0.1521016903634858,47
4,485,0.1521016903634858,47
4,486,0.1521016903634858,47
4,487,0.1521016903634858,47
4,488,0.15230857638421072,48
4,489,0.15230857638421072,48
4,490,0.1525002645866083,49
4,491,0.1525002645866083,49
4,492,0.1525002645866083,49
4,493,0.1525002645866083,49
4,494,0.1525002645866083,49
4,495,0.1525002645866083,49
4,496,0.1525002645866083,49
4,497,0.1525002645866083,49
4,498,0.1525002645866083,49
4,499,0.1525002645866083,49
4,500,0.1525002645866083,49
4,501,0.1525002645866083,49
4,502,0.1525002645866083,49
4,503,0.1525002645866083,49
4,504,0.1525002645866083,49
4,505,0.1525002645866083,49
4,506,0.1525002645866083,49
4,507,0.1525002645866083,49
4,508,0.1525002645866083,49
4,509,0.1525002645866083,49
4,510,0.1525002645866083,49
4,511,0.1525002645866083,49
4,512,0.1525002645866083,49
4,513,0.1525002645866083,49
4,514,0.1525002645866083,49
4,515,0.1525002645866083,49
4,516,0.1525002645866083,49
4,517,0.15310338805885584,50
4,518,0.15310338805885584,50
4,519,0.15310338805885584,50
4,520,0.15310338805885584,50
4,521,0.15310338805885584,50
4,522,0.15310338805885584,50
4,523,0.15310338805885584,50
4,524,0.15310338805885584,50
4,525,0.15310338805885584,50
4,526,0.15340118487173413,51
4,527,0.15340118487173413,51
4,528,0.15350534604329052,52
4,529,0.15350534604329052,52
4,530,0.15350534604329052,52
4,531,0.15350534604329052,52
4,532,0.15350534604329052,52
4,533,0.15350534604329052,52
4,534,0.15350534604329052,52
4,535,0.15350534604329052,52
4,536,0.15350534604329052,52
4,537,0.15350534604329052,52
4,538,0.15350534604329052,52
4,539,0.15350534604329052,52
4,540,0.15350534604329052,52
4,541,0.15350534604329052,52
4,542,0.15350534604329052,52
4,543,0.15350534604329052,52
4,544,0.15350534604329052,52
4,545,0.15350534604329052,52
4,546,0.15350534604329052,52
4,547,0.15350534604329052,52
4,548,0.15350534604329052,52
4,549,0.15350534604329052,52
4,550,0.15350534604329052,52
4,551,0.15350534604329052,52
4,552,0.15350534604329052,52
4,553,0.15350534604329052,52
4,554,0.15350534604329052,52
4,555,0.1538021424352028,53
4,556,0.1538021424352028,53
4,557,0.1538021424352028,53
4,558,0.1559511959647807,54
4,559,0.1559511959647807,54
4,560,0.1559511959647807,54
4,561,0.1559511959647807,54
4,562,0.1559511959647807,54
4,563,0.1559511959647807,54
4,564,0.1559511959647807,54
4,565,0.1559511959647807,54
4,566,0.1559511959647807,54
4,567,0.1559511959647807,54
4,568,0.1559511959647807,54
4,569,0.1559511959647807,54
4,570,0.1559511959647807,54
4,571,0.1559511959647807,54
4,572,0.1559511959647807,54
4,573,0.1559511959647807,54
4,574,0.1559511959647807,54
4,575,0.1559511959647807,54
4,576,0.1559511959647807,54
4,577,0.1559511959647807,54
4,578,0.1559511959647807,54
4,579,0.1559511959647807,54
4,580,0.1559511959647807,54
4,581,0.1559511959647807,54
4,582,0.1559511959647807,54
4,583,0.1559511959647807,54
4,584,0.1559511959647807,54
4,585,0.1559511959647807,54
4,586,0.1559511959647807,54
4,587,0.1559511959647807,54
4,588,0.1559511959647807,54
4,589,0.1559511959647807,54
4,590,0.1559511959647807,54
4,591,0.1559511959647807,54
4,592,0.1559511959647807,54
4,593,0.1559511959647807,54
4,594,0.1559511959647807,54
4,595,0.1559511959647807,54
4,596,0.1559511959647807,54
4,597,0.15690633728329587,55
4,598,0.15690633728329587,55
4,599,0.15690633728329587,55
4,600,0.15690633728329587,55
4,601,0.15690633728329587,55
4,602,0.15690633728329587,55
4,603,0.15690633728329587,55
4,604,0.15690633728329587,55
4,605,0.15690633728329587,55
4,606,0.15690633728329587,55
4,607,0.15730758329850794,56
4,608,0.15730758329850794,56
4,609,0.15730758329850794,56
4,610,0.15730758329850794,56
4,611,0.15730758329850794,56
4,612,0.15730758329850794,56
4,613,0.15730758329850794,56
4,614,0.15730758329850794,56
4,615,0.15730758329850794,56
4,616,0.15730758329850794,56
4,617,0.15730758329850794,56
4,618,0.15730758329850794,56
4,619,0.15730758329850794,56
4,620,0.15730758329850794,56
4,621,0.15730758329850794,56
4,622,0.15730758329850794,56
4,623,0.15730758329850794,56
4,624,0.15730758329850794,56
4,625,0.15730758329850794,56
4,626,0.15730758329850794,56
4,627,0.15730758329850794,56
4,628,0.15730758329850794,56
4,629,0.15730758329850794,56
4,630,0.15730758329850794,56
4,631,0.15730758329850794,56
4,632,0.15730758329850794,56
4,633,0.15730758329850794,56
4,634,0.15738381931462694,57
4,635,0.15738381931462694,57
4,636,0.15738381931462694,57
4,637,0.15738381931462694,57
4,638,0.15738381931462694,57
4,639,0.15738381931462694,57
4,640,0.15738381931462694,57
4,641,0.15738381931462694,57
4,642,0.15738381931462694,57
4,643,0.15738381931462694,57
4,644,0.15738381931462694,57
4,645,0.15738381931462694,57
4,646,0.15738381931462694,57
4,647,0.15738381931462694,57
4,648,0.15738381931462694,57
4,649,0.15738381931462694,57
4,650,0.15738381931462694,57
4,651,0.15738381931462694,57
4,652,0.15738381931462694,57
4,653,0.15738381931462694,57
4,654,0.15738381931462694,57
4,655,0.15738381931462694,57
4,656,0.15738381931462694,57
4,657,0.15738381931462694,57
4,658,0.15738381931462694,57
4,659,0.15738381931462694,57
4,660,0.15738381931462694,57
4,661,0.15738381931462694,57
4,662,0.15738381931462694,57
4,663,0.15738381931462694,57
4,664,0.15738381931462694,57
4,665,0.1574013224664486,58
4,666,0.1574013224664486,58
4,667,0.1574013224664486,58
4,668,0.1574013224664486,58
4,669,0.1574013224664486,58
4,670,0.1574013224664486,58
4,671,0.1574013224664486,58
4,672,0.1574013224664486,58
4,673,0.1574013224664486,58
4,674,0.1574013224664486,58
4,675,0.1574013224664486,58
4,676,0.1574013224664486,58
4,677,0.1574013224664486,58
4,678,0.1574013224664486,58
4,679,0.1574013224664486,58
4,680,0.1574013224664486,58
4,681,0.1574013224664486,58
4,682,0.1574013224664486,58
4,683,0.1574013224664486,58
4,684,0.1574013224664486,58
4,685,0.1574013224664486,58
4,686,0.1574013224664486,58
4,687,0.1574013224664486,58
4,688,0.1574013224664486,58
4,689,0.1574013224664486,58
4,690,0.1574013224664486,58
4,691,0.1574013224664486,58
4,692,0.1574013224664486,58
4,693,0.1574013224664486,58
4,694,0.1574013224664486,58
4,695,0.1574013224664486,58
4,696,0.1574013224664486,58
4,697,0.15752536755675053,59
4,698,0.15752536755675053,59
4,699,0.15752536755675053,59
4,700,0.15752536755675053,59
4,701,0.15752536755675053,59
4,702,0.15752536755675053,59
4,703,0.15752536755675053,59
4,704,0.15752536755675053,59
4,705,0.15752536755675053,59
4,706,0.15752536755675053,59
4,707,0.15752536755675053,59
4,708,0.15752536755675053,59
4,709,0.15752536755675053,59
4,710,0.15752536755675053,59
4,711,0.15752536755675053,59
4,712,0.15752536755675053,59
4,713,0.15752536755675053,59
4,714,0.15752536755675053,59
4,715,0.15752536755675053,59
4,716,0.15752536755675053,59
4,717,0.15752536755675053,59
4,718,0.15752536755675053,59
4,719,0.15752536755675053,59
4,720,0.15752536755675053,59
4,721,0.15752536755675053,59
4,722,0.15752536755675053,59
4,723,0.15752536755675053,59
4,724,0.15752536755675053,59
4,725,0.15752536755675053,59
4,726,0.15752536755675053,59
4,727,0.15752536755675053,59
4,728,0.15752536755675053,59
4,729,0.15752536755675053,59
4,730,0.15752536755675053,59
4,731,0.15752536755675053,59
4,732,0.15752536755675053,59
4,733,0.15817489781543526,60
4,734,0.15817489781543526,60
4,735,0.15817489781543526,60
4,736,0.15817489781543526,60
4,737,0.15817489781543526,60
4,738,0.15817489781543526,60
4,739,0.15817489781543526,60
4,740,0.15817489781543526,60
4,741,0.15817489781543526,60
4,742,0.15817489781543526,60
4,743,0.15817489781543526,60
4,744,0.15832681409759605,61
4,745,0.15832681409759605,61
4,746,0.15832681409759605,61
4,747,0.15832681409759605,61
4,748,0.15832681409759605,61
4,749,0.15832681409759605,61
4,750,0.15832681409759605,61
4,751,0.15832681409759605,61
4,752,0.15832681409759605,61
4,753,0.15832681409759605,61
4,754,0.15832681409759605,61
4,755,0.15832681409759605,61
4,756,0.15832681409759605,61
4,757,0.15832681409759605,61
4,758,0.1583714094386688,62
4,759,0.1583714094386688,62
4,760,0.1583714094386688,62
4,761,0.15838601719256978,63
4,762,0.15838601719256978,63
4,763,0.15838601719256978,63
4,764,0.16079470032231138,64
4,765,0.16079470032231138,64
4,766,0.16079470032231138,64
4,767,0.16079470032231138,64
4,768,0.16079470032231138,64
4,769,0.16079470032231138,64
4,770,0.16079470032231138,64
4,771,0.16079470032231138,64
4,772,0.16079470032231138,64
4,773,0.16079470032231138,64
4,774,0.16079470032231138,64
4,775,0.16079470032231138,64
4,776,0.16079470032231138,64
4,777,0.16079470032231138,64
4,778,0.16079470032231138,64
4,779,0.16079470032231138,64
4,780,0.16079470032231138,64
4,781,0.16079470032231138,64
4,782,0.16079470032231138,64
4,783,0.16079470032231138,64
4,784,0.16079470032231138,64
4,785,0.16079470032231138,64
4,786,0.16079470032231138,64
4,787,0.16079470032231138,64
4,788,0.16079470032231138,64
4,789,0.16079470032231138,64
4,790,0.16079470032231138,64
4,791,0.16079470032231138,64
4,792,0.16079470032231138,64
4,793,0.16079470032231138,64
4,794,0.16079470032231138,64
4,795,0.16079470032231138,64
4,796,0.16079470032231138,64
4,797,0.16079470032231138,64
4,798,0.16079470032231138,64
4,799,0.16079470032231138,64
4,800,0.16079470032231138,64
4,801,0.16079470032231138,64
4,802,0.16079470032231138,64
4,803,0.16079470032231138,64
4,804,0.16079470032231138,64
4,805,0.16079470032231138,64
4,806,0.16079470032231138,64
4,807,0.16079470032231138,64
4,808,0.16079470032231138,64
4,809,0.16079470032231138,64
4,810,0.16079470032231138,64
4,811,0.16079470032231138,64
4,812,0.16079470032231138,64
4,813,0.16079470032231138,64
4,814,0.16079470032231138,64
4,815,0.16079470032231138,64
4,816,0.16079470032231138,64
4,817,0.16079470032231138,64
4,818,0.16079470032231138,64
4,819,0.16079470032231138,64
4,820,0.16079470032231138,64
4,821,0.16079470032231138,64
4,822,0.16079470032231138,64
4,823,0.16079470032231138,64
4,824,0.16079470032231138,64
4,825,0.16079470032231138,64
4,826,0.16079470032231138,64
4,827,0.16079470032231138,64
4,828,0.1612221598527931,65
4,829,0.1612221598527931,65
4,830,0.1612221598527931,65
4,831,0.1612221598527931,65
4,832,0.1612221598527931,65
4,833,0.1612221598527931,65
4,834,0.1612221598527931,65
4,835,0.1612221598527931,65
4,836,0.1612221598527931,65
4,837,0.1612221598527931,65
4,838,0.1612221598527931,65
4,839,0.1612221598527931,65
4,840,0.1612221598527931,65
4,841,0.1612221598527931,65
4,842,0.1612221598527931,65
4,843,0.1612221598527931,65
4,844,0.1612221598527931,65
4,845,0.1612221598527931,65
4,846,0.1612221598527931,65
4,847,0.1612221598527931,65
4,848,0.1612221598527931,65
4,849,0.1612221598527931,65
4,850,0.1612221598527931,65
4,851,0.1612221598527931,65
4,852,0.1612221598527931,65
4,853,0.1612221598527931,65
4,854,0.1612221598527931,65
4,855,0.1612221598527931,65
4,856,0.1612221598527931,65
4,857,0.1612221598527931,65
4,858,0.1612221598527931,65
4,859,0.1612221598527931,65
4,860,0.1612221598527931,65
4,861,0.1612221598527931,65
4,862,0.1612221598527931,65
4,863,0.1612221598527931,65
4,864,0.1612221598527931,65
4,865,0.1612221598527931,65
4,866,0.1612221598527931,65
4,867,0.1612221598527931,65
4,868,0.1612221598527931,65
4,869,0.1612221598527931,65
4,870,0.1612221598527931,65
4,871,0.1612221598527931,65
4,872,0.1612221598527931,65
4,873,0.1612221598527931,65
4,874,0.1612221598527931,65
4,875,0.1612221598527931,65
4,876,0.1612221598527931,65
4,877,0.1612221598527931,65
4,878,0.1612221598527931,65
4,879,0.1612221598527931,65
4,880,0.1612221598527931,65
4,881,0.1612221598527931,65
4,882,0.1612221598527931,65
4,883,0.1612221598527931,65
4,884,0.1612221598527931,65
4,885,0.1612221598527931,65
4,886,0.1612221598527931,65
4,887,0.1612221598527931,65
4,888,0.1612221598527931,65
4,889,0.1612221598527931,65
4,890,0.1612221598527931,65
4,891,0.1612221598527931,65
4,892,0.1612221598527931,65
4,893,0.1612221598527931,65
4,894,0.1612221598527931,65
4,895,0.1612221598527931,65
4,896,0.1612221598527931,65
4,897,0.1612221598527931,65
4,898,0.1612221598527931,65
4,899,0.1612221598527931,65
4,900,0.1612221598527931,65
4,901,0.1612221598527931,65
4,902,0.1612221598527931,65
4,903,0.1612221598527931,65
4,904,0.1612221598527931,65
4,905,0.1612221598527931,65
4,906,0.1612221598527931,65
4,907,0.16147965451350746,66
4,908,0.16147965451350746,66
4,909,0.16147965451350746,66
4,910,0.16147965451350746,66
4,911,0.16147965451350746,66
4,912,0.16147965451350746,66
4,913,0.16147965451350746,66
4,914,0.16147965451350746,66
4,915,0.16147965451350746,66
4,916,0.16147965451350746,66
4,917,0.16147965451350746,66
4,918,0.16147965451350746,66
4,919,0.16147965451350746,66
4,920,0.16147965451350746,66
4,921,0.16147965451350746,66
4,922,0.16147965451350746,66
4,923,0.16147965451350746,66
4,924,0.16147965451350746,66
4,925,0.16147965451350746,66
4,926,0.16147965451350746,66
4,927,0.16147965451350746,66
4,928,0.16147965451350746,66
4,929,0.16147965451350746,66
4,930,0.16147965451350746,66
4,931,0.16147965451350746,66
4,932,0.16147965451350746,66
4,933,0.16147965451350746,66
4,934,0.16147965451350746,66
4,935,0.16147965451350746,66
4,936,0.16147965451350746,66
4,937,0.16147965451350746,66
4,938,0.16147965451350746,66
4,939,0.16147965451350746,66
4,940,0.16147965451350746,66
4,941,0.16147965451350746,66
4,942,0.16147965451350746,66
4,943,0.16147965451350746,66
4,944,0.16147965451350746,66
4,945,0.16147965451350746,66
4,946,0.16147965451350746,66
4,947,0.16147965451350746,66
4,948,0.16147965451350746,66
4,949,0.16147965451350746,66
4,950,0.16147965451350746,66
4,951,0.16147965451350746,66
4,952,0.16147965451350746,66
4,953,0.16147965451350746,66
4,954,0.16147965451350746,66
4,955,0.16147965451350746,66
4,956,0.16147965451350746,66
4,957,0.16147965451350746,66
4,958,0.16147965451350746,66
4,959,0.16147965451350746,66
4,960,0.16147965451350746,66
4,961,0.16147965451350746,66
4,962,0.16147965451350746,66
4,963,0.16147965451350746,66
4,964,0.16147965451350746,66
4,965,0.16147965451350746,66
4,966,0.16147965451350746,66
4,967,0.16147965451350746,66
4,968,0.16147965451350746,66
4,969,0.16147965451350746,66
4,970,0.16147965451350746,66
4,971,0.16147965451350746,66
4,972,0.16147965451350746,66
4,973,0.16147965451350746,66
4,974,0.16147965451350746,66
4,975,0.16147965451350746,66
4,976,0.16147965451350746,66
4,977,0.16147965451350746,66
4,978,0.16147965451350746,66
4,979,0.16147965451350746,66
4,980,0.16147965451350746,66
4,981,0.16147965451350746,66
4,982,0.16147965451350746,66
4,983,0.16147965451350746,66
4,984,0.16147965451350746,66
4,985,0.16147965451350746,66
4,986,0.16147965451350746,66
4,987,0.16147965451350746,66
4,988,0.16147965451350746,66
4,989,0.16147965451350746,66
4,990,0.16147965451350746,66
4,991,0.16147965451350746,66
4,992,0.16147965451350746,66
4,993,0.16147965451350746,66
4,994,0.16147965451350746,66
4,995,0.16147965451350746,66
4,996,0.16147965451350746,66
4,997,0.16147965451350746,66
4,998,0.16147965451350746,66
4,999,0.16147965451350746,66
4,1000,0.16147965451350746,66
4,1001,0.16147965451350746,66
4,1002,0.16147965451350746,66
4,1003,0.16147965451350746,66
4,1004,0.16147965451350746,66
4,1005,0.16147965451350746,66
4,1006,0.16147965451350746,66
4,1007,0.16147965451350746,66
4,1008,0.16147965451350746,66
4,1009,0.16147965451350746,66
4,1010,0.16147965451350746,66
4,1011,0.16147965451350746,66
4,1012,0.16147965451350746,66
4,1013,0.16147965451350746,66
4,1014,0.16147965451350746,66
4,1015,0.16147965451350746,66
4,1016,0.16147965451350746,66
4,1017,0.16147965451350746,66
4,1018,0.16147965451350746,66
4,1019,0.16147965451350746,66
4,1020,0.16147965451350746,66
4,1021,0.16147965451350746,66
4,1022,0.16147965451350746,66
4,1023,0.16147965451350746,66
4,1024,0.16147965451350746,66
4,1025,0.16147965451350746,66
4,1026,0.16147965451350746,66
4,1027,0.16147965451350746,66
4,1028,0.16147965451350746,66
4,1029,0.16147965451350746,66
4,1030,0.16147965451350746,66
4,1031,0.16147965451350746,66
4,1032,0.16147965451350746,66
4,1033,0.16147965451350746,66
4,1034,0.16147965451350746,66
4,1035,0.16147965451350746,66
4,1036,0.16147965451350746,66
4,1037,0.16147965451350746,66
4,1038,0.16147965451350746,66
4,1039,0.16147965451350746,66
4,1040,0.16147965451350746,66
4,1041,0.16147965451350746,66
4,1042,0.16147965451350746,66
4,1043,0.16147965451350746,66
4,1044,0.16147965451350746,66
4,1045,0.16147965451350746,66
4,1046,0.16147965451350746,66
4,1047,0.16147965451350746,66
4,1048,0.16147965451350746,66
4,1049,0.16147965451350746,66
4,1050,0.16147965451350746,66
4,1051,0.16147965451350746,66
4,1052,0.16147965451350746,66
4,1053,0.16147965451350746,66
4,1054,0.16147965451350746,66
4,1055,0.16147965451350746,66
4,1056,0.16147965451350746,66
4,1057,0.16147965451350746,66
4,1058,0.16147965451350746,66
4,1059,0.16147965451350746,66
4,1060,0.16147965451350746,66
4,1061,0.16147965451350746,66
4,1062,0.16147965451350746,66
4,1063,0.16147965451350746,66
4,1064,0.16147965451350746,66
4,1065,0.16197176122882095,67
4,1066,0.16197176122882095,67
4,1067,0.16197176122882095,67
4,1068,0.16197176122882095,67
4,1069,0.16197176122882095,67
4,1070,0.16197176122882095,67
4,1071,0.16197176122882095,67
4,1072,0.16197176122882095,67
4,1073,0.16197176122882095,67
4,1074,0.16197176122882095,67
4,1075,0.16197176122882095,67
4,1076,0.16197176122882095,67
4,1077,0.16197176122882095,67
4,1078,0.16197176122882095,67
4,1079,0.16197176122882095,67
4,1080,0.16197176122882095,67
4,1081,0.16197176122882095,67
4,1082,0.16197176122882095,67
4,1083,0.16197176122882095,67
4,1084,0.16197176122882095,67
4,1085,0.16197176122882095,67
4,1086,0.16197176122882095,67
4,1087,0.16197176122882095,67
4,1088,0.16197176122882095,67
4,1089,0.16197176122882095,67
4,1090,0.16197176122882095,67
4,1091,0.16197176122882095,67
4,1092,0.16197176122882095,67
4,1093,0.16197176122882095,67
4,1094,0.16197176122882095,67
4,1095,0.16197176122882095,67
4,1096,0.16197176122882095,67
4,1097,0.16197176122882095,67
4,1098,0.16197176122882095,67
4,1099,0.16197176122882095,67
4,1100,0.16197176122882095,67
4,1101,0.16197176122882095,67
4,1102,0.16197176122882095,67
4,1103,0.16197176122882095,67
4,1104,0.16197176122882095,67
4,1105,0.16197176122882095,67
4,1106,0.16197176122882095,67
4,1107,0.16197176122882095,67
4,1108,0.16197176122882095,67
4,1109,0.16197176122882095,67
4,1110,0.16197176122882095,67
4,1111,0.16197176122882095,67
4,1112,0.16197176122882095,67
4,1113,0.16197176122882095,67
4,1114,0.16197176122882095,67
4,1115,0.16197176122882095,67
4,1116,0.16197176122882095,67
4,1117,0.16197176122882095,67
4,1118,0.16197176122882095,67
4,1119,0.16197176122882095,67
4,1120,0.16197176122882095,67
4,1121,0.16197176122882095,67
4,1122,0.16197176122882095,67
4,1123,0.16197176122882095,67
4,1124,0.16197176122882095,67
4,1125,0.16197176122882095,67
4,1126,0.16197176122882095,67
4,1127,0.16197176122882095,67
4,1128,0.16197176122882095,67
4,1129,0.16197176122882095,67
4,1130,0.16197176122882095,67
4,1131,0.16197176122882095,67
4,1132,0.16197176122882095,67
4,1133,0.16197176122882095,67
4,1134,0.16197176122882095,67
4,1135,0.16197176122882095,67
4,1136,0.16197176122882095,67
4,1137,0.16197176122882095,67
4,1138,0.16197176122882095,67
4,1139,0.16197176122882095,67
4,1140,0.16197176122882095,67
4,1141,0.16197176122882095,67
4,1142,0.16197176122882095,67
4,1143,0.16197176122882095,67
4,1144,0.16197176122882095,67
4,1145,0.16197176122882095,67
4,1146,0.16197176122882095,67
4,1147,0.16197176122882095,67
4,1148,0.16197176122882095,67
4,1149,0.16209633858885247,68
4,1150,0.16209633858885247,68
4,1151,0.16209633858885247,68
4,1152,0.16209633858885247,68
4,1153,0.16209633858885247,68
4,1154,0.16209633858885247,68
4,1155,0.16209633858885247,68
4,1156,0.16209633858885247,68
4,1157,0.16209633858885247,68
4,1158,0.16209633858885247,68
4,1159,0.16383695086006586,69
4,1160,0.16383695086006586,69
4,1161,0.16383695086006586,69
4,1162,0.16383695086006586,69
4,1163,0.16395474951684857,70
4,1164,0.16395474951684857,70
4,1165,0.16395474951684857,70
4,1166,0.16395474951684857,70
4,1167,0.16395474951684857,70
4,1168,0.16395474951684857,70
4,1169,0.16395474951684857,70
4,1170,0.16395474951684857,70
4,1171,0.16395474951684857,70
4,1172,0.16395474951684857,70
4,1173,0.16395474951684857,70
4,1174,0.16395474951684857,70
4,1175,0.16395474951684857,70
4,1176,0.16395474951684857,70
4,1177,0.16395474951684857,70
4,1178,0.16395474951684857,70
4,1179,0.16395474951684857,70
4,1180,0.16395474951684857,70
4,1181,0.16395474951684857,70
4,1182,0.16395474951684857,70
4,1183,0.16395474951684857,70
4,1184,0.16395474951684857,70
4,1185,0.16395474951684857,70
4,1186,0.16395474951684857,70
4,1187,0.16395474951684857,70
4,1188,0.16395474951684857,70
4,1189,0.16395474951684857,70
4,1190,0.16395474951684857,70
4,1191,0.16395474951684857,70
4,1192,0.16395474951684857,70
4,1193,0.16395474951684857,70
4,1194,0.16395474951684857,70
4,1195,0.16395474951684857,70
4,1196,0.16395474951684857,70
4,1197,0.16395474951684857,70
4,1198,0.16395474951684857,70
4,1199,0.16395474951684857,70
4,1200,0.16395474951684857,70
5,0,0.12185743181780974,0
5,1,0.12201586846307318,1
5,2,0.12201586846307318,1
5,3,0.12201586846307318,1
5,4,0.12201586846307318,1
5,5,0.12376577765736564,2
5,6,0.12376577765736564,2
5,7,0.12376577765736564,2
5,8,0.12376577765736564,2
5,9,0.12376577765736564,2
5,10,0.12376577765736564,2
5,11,0.12376577765736564,2
5,12,0.12393357983041443,3
5,13,0.12393357983041443,3
5,14,0.12393357983041443,3
5,15,0.12393357983041443,3
5,16,0.12410841718984056,4
5,17,0.12410841718984056,4
5,18,0.12430875815801841,5
5,19,0.12430875815801841,5
5,20,0.12446925791228661,6
5,21,0.12446925791228661,6
5,22,0.12446925791228661,6
5,23,0.12446925791228661,6
5,24,0.12446925791228661,6
5,25,0.12446925791228661,6
5,26,0.12446925791228661,6
5,27,0.12446925791228661,6
5,28,0.12446925791228661,6
5,29,0.12446925791228661,6
5,30,0.12446925791228661,6
5,31,0.12446925791228661,6
5,32,0.12454086445602455,7
5,33,0.12538572136011242,8
5,34,0.12538572136011242,8
5,35,0.12538572136011242,8
5,36,0.12538572136011242,8
5,37,0.12538572136011242,8
5,38,0.12538572136011242,8
5,39,0.12538572136011242,8
5,40,0.12538572136011242,8
5,41,0.12555648680300166,9
5,42,0.12555648680300166,9
5,43,0.12555648680300166,9
5,44,0.12555648680300166,9
5,45,0.12718498437482947,10
5,46,0.12718498437482947,10
5,47,0.12718498437482947,10
5,48,0.12718498437482947,10
5,49,0.12718498437482947,10
5,50,0.12718498437482947,10
5,51,0.12718498437482947,10
5,52,0.12718498437482947,10
5,53,0.12718498437482947,10
5,54,0.12718498437482947,10
5,55,0.12718498437482947,10
5,56,0.12718498437482947,10
5,57,0.12718498437482947,10
5,58,0.12718498437482947,10
5,59,0.12735916551089022,11
5,60,0.12735916551089022,11
5,61,0.12735916551089022,11
5,62,0.12735916551089022,11
5,63,0.12735916551089022,11
5,64,0.12735916551089022,11
5,65,0.12735916551089022,11
5,66,0.12735916551089022,11
5,67,0.12735916551089022,11
5,68,0.12735916551089022,11
5,69,0.12735916551089022,11
5,70,0.12735916551089022,11
5,71,0.12735916551089022,11
5,72,0.12735916551089022,11
5,73,0.12735916551089022,11
5,74,0.12735916551089022,11
5,75,0.12745245287441243,12
5,76,0.12745245287441243,12
5,77,0.12745245287441243,12
5,78,0.12763365303400012,13
5,79,0.12763365303400012,13
5,80,0.12763365303400012,13
5,81,0.12763365303400012,13
5,82,0.12763365303400012,13
5,83,0.12763365303400012,13
5,84,0.12763365303400012,13
5,85,0.12763365303400012,13
5,86,0.12763365303400012,13
5,87,0.12763365303400012,13
5,88,0.12763365303400012,13
5,89,0.12763365303400012,13
5,90,0.12911502292690127,14
5,91,0.12911502292690127,14
5,92,0.12911502292690127,14
5,93,0.12911502292690127,14
5,94,0.1293231941337268,15
5,95,0.1293231941337268,15
5,96,0.1293231941337268,15
5,97,0.1293231941337268,15
5,98,0.1293231941337268,15
5,99,0.1293231941337268,15
5,100,0.12973299841311622,16
5,101,0.12973299841311622,16
5,102,0.12973299841311622,16
5,103,0.12973299841311622,16
5,104,0.12973299841311622,16
5,105,0.12973299841311622,16
5,106,0.12973299841311622,16
5,107,0.12973299841311622,16
5,108,0.12973299841311622,16
5,109,0.12973299841311622,16
5,110,0.12973299841311622,16
5,111,0.12973299841311622,16
5,112,0.12973299841311622,16
5,113,0.12973299841311622,16
5,114,0.12973299841311622,16
5,115,0.12973299841311622,16
5,116,0.12973299841311622,16
5,117,0.12973299841311622,16
5,118,0.12973299841311622,16
5,119,0.12973299841311622,16
5,120,0.12973299841311622,16
5,121,0.12973299841311622,16
5,122,0.12973299841311622,16
5,123,0.12973299841311622,16
5,124,0.12973299841311622,16
5,125,0.12973299841311622,16
5,126,0.13045495851055053,17
5,127,0.13045495851055053,17
5,128,0.13045495851055053,17
5,129,0.13045495851055053,17
5,130,0.13045495851055053,17
5,131,0.13045495851055053,17
5,132,0.13239726913026414,18
5,133,0.13239726913026414,18
5,134,0.13239726913026414,18
5,135,0.13379925569052048,19
5,136,0.13379925569052048,19
5,137,0.13379925569052048,19
5,138,0.13379925569052048,19
5,139,0.13379925569052048,19
5,140,0.13379925569052048,19
5,141,0.13379925569052048,19
5,142,0.13379925569052048,19
5,143,0.13379925569052048,19
5,144,0.13379925569052048,19
5,145,0.13379925569052048,19
5,146,0.13379925569052048,19
5,147,0.13466926003816798,20
5,148,0.13466926003816798,20
5,149,0.13466926003816798,20
5,150,0.13466926003816798,20
5,151,0.13466926003816798,20
5,152,0.13466926003816798,20
5,153,0.13466926003816798,20
5,154,0.13466926003816798,20
5,155,0.13565799849724844,21
5,156,0.13565799849724844,21
5,157,0.13565799849724844,21
5,158,0.13565799849724844,21
5,159,0.13629006271800806,22
5,160,0.13629006271800806,22
5,161,0.13629006271800806,22
5,162,0.13629006271800806,22
5,163,0.13629006271800806,22
5,164,0.13629006271800806,22
5,165,0.13629006271800806,22
5,166,0.13629006271800806,22
5,167,0.13629006271800806,22
5,168,0.13629006271800806,22
5,169,0.13989632306088529,23
5,170,0.13989632306088529,23
5,171,0.13989632306088529,23
5,172,0.13989632306088529,23
5,173,0.13989632306088529,23
5,174,0.14068611630851752,24
5,175,0.14068611630851752,24
5,176,0.14068611630851752,24
5,177,0.14107200697776606,25
5,178,0.14107200697776606,25
5,179,0.14107200697776606,25
5,180,0.14107200697776606,25
5,181,0.14107200697776606,25
5,182,0.14117704091285158,26
5,183,0.14117704091285158,26
5,184,0.14117704091285158,26
5,185,0.14117704091285158,26
5,186,0.14117704091285158,26
5,187,0.14117704091285158,26
5,188,0.14117704091285158,26
5,189,0.14117704091285158,26
5,190,0.14117704091285158,26
5,191,0.14117704091285158,26
5,192,0.14117704091285158,26
5,193,0.14117704091285158,26
5,194,0.14117704091285158,26
5,195,0.14117704091285158,26
5,196,0.14117704091285158,26
5,197,0.14117704091285158,26
5,198,0.14117704091285158,26
5,199,0.14117704091285158,26
5,200,0.14117704091285158,26
5,201,0.14117704091285158,26
5,202,0.14117704091285158,26
5,203,0.14117704091285158,26
5,204,0.14117704091285158,26
5,205,0.14117704091285158,26
5,206,0.14117704091285158,26
5,207,0.14117704091285158,26
5,208,0.14117704091285158,26
5,209,0.14117704091285158,26
5,210,0.14117704091285158,26
5,211,0.14117704091285158,26
5,212,0.14117704091285158,26
5,213,0.14117704091285158,26
5,214,0.14117704091285158,26
5,215,0.14117704091285158,26
5,216,0.14117704091285158,26
5,217,0.14117704091285158,26
5,218,0.14117704091285158,26
5,219,0.14117704091285158,26
5,220,0.14117704091285158,26
5,221,0.14304761739266317,27
5,222,0.14304761739266317,27
5,223,0.14304761739266317,27
5,224,0.14304761739266317,27
5,225,0.14304761739266317,27
5,226,0.14304761739266317,27
5,227,0.14304761739266317,27
5,228,0.14304761739266317,27
5,229,0.14304761739266317,27
5,230,0.14304761739266317,27
5,231,0.14304761739266317,27
5,232,0.14304761739266317,27
5,233,0.14304761739266317,27
5,234,0.14304761739266317,27
5,235,0.14304761739266317,27
5,236,0.143205923355686,28
5,237,0.143205923355686,28
5,238,0.143205923355686,28
5,239,0.143205923355686,28
5,240,0.143205923355686,28
5,241,0.143205923355686,28
5,242,0.143205923355686,28
5,243,0.143205923355686,28
5,244,0.143205923355686,28
5,245,0.143205923355686,28
5,246,0.143205923355686,28
5,247,0.143205923355686,28
5,248,0.143205923355686,28
5,249,0.1441193978827643,29
5,250,0.1441193978827643,29
5,251,0.1441193978827643,29
5,252,0.1441193978827643,29
5,253,0.1441193978827643,29
5,254,0.1441193978827643,29
5,255,0.1441193978827643,29
5,256,0.1441193978827643,29
5,257,0.1441193978827643,29
5,258,0.1441193978827643,29
5,259,0.1441193978827643,29
5,260,0.1441193978827643,29
5,261,0.14441121337064378,30
5,262,0.14441121337064378,30
5,263,0.14441121337064378,30
5,264,0.14441121337064378,30
5,265,0.14441121337064378,30
5,266,0.14441121337064378,30
5,267,0.14441121337064378,30
5,268,0.14441121337064378,30
5,269,0.14441121337064378,30
5,270,0.14441121337064378,30
5,271,0.14441121337064378,30
5,272,0.14441121337064378,30
5,273,0.14441121337064378,30
5,274,0.14441121337064378,30
5,275,0.14441121337064378,30
5,276,0.14441121337064378,30
5,277,0.14441121337064378,30
5,278,0.14441121337064378,30
5,279,0.14441121337064378,30
5,280,0.14441121337064378,30
5,281,0.14449002588614412,31
5,282,0.14449002588614412,31
5,283,0.14449002588614412,31
5,284,0.14449002588614412,31
5,285,0.14449002588614412,31
5,286,0.14449002588614412,31
5,287,0.14449002588614412,31
5,288,0.14449002588614412,31
5,289,0.14449002588614412,31
5,290,0.14449002588614412,31
5,291,0.14449002588614412,31
5,292,0.14449002588614412,31
5,293,0.14449002588614412,31
5,294,0.14449002588614412,31
5,295,0.14449002588614412,31
5,296,0.14449002588614412,31
5,297,0.14449002588614412,31
5,298,0.14449002588614412,31
5,299,0.14449002588614412,31
5,300,0.14449002588614412,31
5,301,0.14558586492651338,32
5,302,0.14558586492651338,32
5,303,0.14558586492651338,32
5,304,0.14558586492651338,32
5,305,0.14558586492651338,32
5,306,0.14558586492651338,32
5,307,0.14558586492651338,32
5,308,0.14558586492651338,32
5,309,0.14558586492651338,32
5,310,0.14558586492651338,32
5,311,0.14558586492651338,32
5,312,0.14558586492651338,32
5,313,0.14558586492651338,32
5,314,0.14558586492651338,32
5,315,0.14558586492651338,32
5,316,0.14558586492651338,32
5,317,0.14558586492651338,32
5,318,0.14558586492651338,32
5,319,0.14558586492651338,32
5,320,0.14558586492651338,32
5,321,0.14558586492651338,32
5,322,0.14784905130658563,33
5,323,0.14784905130658563,33
5,324,0.14784905130658563,33
5,325,0.14784905130658563,33
5,326,0.14784905130658563,33
5,327,0.14784905130658563,33
5,328,0.14784905130658563,33
5,329,0.14842198575629095,34
5,330,0.14842198575629095,34
5,331,0.14842198575629095,34
5,332,0.14842198575629095,34
5,333,0.14842198575629095,34
5,334,0.14842198575629095,34
5,335,0.15265602680213047,35
5,336,0.15265602680213047,35
5,337,0.15265602680213047,35
5,338,0.15265602680213047,35
5,339,0.15265602680213047,35
5,340,0.15265602680213047,35
5,341,0.15265602680213047,35
5,342,0.15265602680213047,35
5,343,0.15285322435536117,36
5,344,0.15285322435536117,36
5,345,0.15285322435536117,36
5,346,0.15285322435536117,36
5,347,0.15285322435536117,36
5,348,0.15285322435536117,36
5,349,0.15285322435536117,36
5,350,0.15285322435536117,36
5,351,0.15285322435536117,36
5,352,0.15285322435536117,36
5,353,0.15285322435536117,36
5,354,0.15285322435536117,36
5,355,0.15285322435536117,36
5,356,0.15285322435536117,36
5,357,0.15285322435536117,36
5,358,0.15285322435536117,36
5,359,0.15285322435536117,36
5,360,0.15285322435536117,36
5,361,0.15285322435536117,36
5,362,0.15285322435536117,36
5,363,0.15285322435536117,36
5,364,0.15285322435536117,36
5,365,0.15285322435536117,36
5,366,0.15285322435536117,36
5,367,0.15285322435536117,36
5,368,0.15285322435536117,36
5,369,0.15285322435536117,36
5,370,0.15285322435536117,36
5,371,0.15285322435536117,36
5,372,0.15285322435536117,36
5,373,0.15285322435536117,36
5,374,0.15285322435536117,36
5,375,0.15285322435536117,36
5,376,0.15285322435536117,36
5,377,0.15285322435536117,36
5,378,0.15285322435536117,36
5,379,0.15285322435536117,36
5,380,0.15285322435536117,36
5,381,0.15285322435536117,36
5,382,0.15285322435536117,36
5,383,0.15285322435536117,36
5,384,0.15285322435536117,36
5,385,0.15285322435536117,36
5,386,0.15285322435536117,36
5,387,0.15285322435536117,36
5,388,0.15285322435536117,36
5,389,0.15285322435536117,36
5,390,0.15285322435536117,36
5,391,0.15285322435536117,36
5,392,0.15285322435536117,36
5,393,0.15285322435536117,36
5,394,0.15285322435536117,36
5,395,0.15285322435536117,36
5,396,0.15285322435536117,36
5,397,0.15285322435536117,36
5,398,0.15285322435536117,36
5,399,0.15285322435536117,36
5,400,0.15285322435536117,36
5,401,0.15285322435536117,36
5,402,0.15285322435536117,36
5,403,0.15285322435536117,36
5,404,0.15285322435536117,36
5,405,0.15285322435536117,36
5,406,0.15285322435536117,36
5,407,0.15285322435536117,36
5,408,0.15285322435536117,36
5,409,0.15285322435536117,36
5,410,0.15285322435536117,36
5,411,0.15285322435536117,36
5,412,0.15285322435536117,36
5,413,0.15285322435536117,36
5,414,0.15285322435536117,36
5,415,0.1532532572061111,37
5,416,0.1532532572061111,37
5,417,0.1532532572061111,37
5,418,0.1532532572061111,37
5,419,0.1532532572061111,37
5,420,0.1532532572061111,37
5,421,0.15364958579955265,38
5,422,0.15364958579955265,38
5,423,0.15364958579955265,38
5,424,0.15364958579955265,38
5,425,0.153658055104012,39
5,426,0.153658055104012,39
5,427,0.153658055104012,39
5,428,0.153658055104012,39
5,429,0.153658055104012,39
5,430,0.153658055104012,39
5,431,0.153658055104012,39
5,432,0.153658055104012,39
5,433,0.153658055104012,39
5,434,0.153658055104012,39
5,435,0.153658055104012,39
5,436,0.153658055104012,39
5,437,0.153658055104012,39
5,438,0.153658055104012,39
5,439,0.153658055104012,39
5,440,0.153658055104012,39
5,441,0.153658055104012,39
5,442,0.153658055104012,39
5,443,0.153658055104012,39
5,444,0.153658055104012,39
5,445,0.153658055104012,39
5,446,0.153658055104012,39
5,447,0.153658055104012,39
5,448,0.153658055104012,39
5,449,0.153658055104012,39
5,450,0.153658055104012,39
5,451,0.153658055104012,39
5,452,0.153658055104012,39
5,453,0.153658055104012,39
5,454,0.153658055104012,39
5,455,0.153658055104012,39
5,456,0.153658055104012,39
5,457,0.153658055104012,39
5,458,0.153658055104012,39
5,459,0.153658055104012,39
5,460,0.153658055104012,39
5,461,0.153658055104012,39
5,462,0.153658055104012,39
5,463,0.153658055104012,39
5,464,0.153658055104012,39
5,465,0.153658055104012,39
5,466,0.153658055104012,39
5,467,0.1536793226518225,40
5,468,0.15391601958202683,41
5,469,0.15391601958202683,41
5,470,0.15391601958202683,41
5,471,0.15391601958202683,41
5,472,0.15391601958202683,41
5,473,0.15391601958202683,41
5,474,0.15391601958202683,41
5,475,0.15391601958202683,41
5,476,0.15391601958202683,41
5,477,0.15391601958202683,41
5,478,0.15391601958202683,41
5,479,0.15391601958202683,41
5,480,0.15391601958202683,41
5,481,0.15391601958202683,41
5,482,0.15391601958202683,41
5,483,0.15391601958202683,41
5,484,0.15391601958202683,41
5,485,0.15391601958202683,41
5,486,0.15391601958202683,41
5,487,0.15391601958202683,41
5,488,0.15391601958202683,41
5,489,0.15391601958202683,41
5,490,0.15391601958202683,41
5,491,0.15391601958202683,41
5,492,0.15391601958202683,41
5,493,0.15391601958202683,41
5,494,0.15391601958202683,41
5,495,0.15391601958202683,41
5,496,0.15391601958202683,41
5,497,0.15391601958202683,41
5,498,0.15391601958202683,41
5,499,0.15391601958202683,41
5,500,0.15391601958202683,41
5,501,0.15391601958202683,41
5,502,0.15391601958202683,41
5,503,0.15391601958202683,41
5,504,0.15391601958202683,41
5,505,0.15391601958202683,41
5,506,0.15391601958202683,41
5,507,0.15391601958202683,41
5,508,0.15391601958202683,41
5,509,0.15391601958202683,41
5,510,0.15391601958202683,41
5,511,0.15391601958202683,41
5,512,0.15391601958202683,41
5,513,0.15391601958202683,41
5,514,0.15391601958202683,41
5,515,0.15391601958202683,41
5,516,0.15391601958202683,41
5,517,0.15391601958202683,41
5,518,0.15391601958202683,41
5,519,0.15391601958202683,41
5,520,0.15463955828089138,42
5,521,0.15463955828089138,42
5,522,0.15463955828089138,42
5,523,0.15463955828089138,42
5,524,0.15463955828089138,42
5,525,0.15463955828089138,42
5,526,0.15463955828089138,42
5,527,0.15463955828089138,42
5,528,0.15463955828089138,42
5,529,0.15463955828089138,42
5,530,0.15463955828089138,42
5,531,0.15463955828089138,42
5,532,0.15463955828089138,42
5,533,0.15463955828089138,42
5,534,0.15463955828089138,42
5,535,0.15463955828089138,42
5,536,0.15463955828089138,42
5,537,0.15463955828089138,42
5,538,0.15463955828089138,42
5,539,0.15463955828089138,42
5,540,0.15463955828089138,42
5,541,0.15463955828089138,42
5,542,0.15463955828089138,42
5,543,0.15463955828089138,42
5,544,0.15463955828089138,42
5,545,0.15463955828089138,42
5,546,0.15463955828089138,42
5,547,0.15463955828089138,42
5,548,0.15463955828089138,42
5,549,0.15463955828089138,42
5,550,0.15463955828089138,42
5,551,0.15463955828089138,42
5,552,0.15463955828089138,42
5,553,0.15463955828089138,42
5,554,0.15463955828089138,42
5,555,0.15463955828089138,42
5,556,0.15463955828089138,42
5,557,0.15463955828089138,42
5,558,0.15463955828089138,42
5,559,0.15463955828089138,42
5,560,0.15463955828089138,42
5,561,0.15463955828089138,42
5,562,0.15463955828089138,42
5,563,0.15463955828089138,42
5,564,0.15463955828089138,42
5,565,0.15463955828089138,42
5,566,0.15463955828089138,42
5,567,0.15463955828089138,42
5,568,0.15463955828089138,42
5,569,0.15463955828089138,42
5,570,0.15463955828089138,42
5,571,0.15463955828089138,42
5,572,0.15463955828089138,42
5,573,0.15463955828089138,42
5,574,0.15463955828089138,42
5,575,0.15463955828089138,42
5,576,0.15463955828089138,42
5,577,0.15463955828089138,42
5,578,0.15463955828089138,42
5,579,0.15463955828089138,42
5,580,0.15463955828089138,42
5,581,0.15463955828089138,42
5,582,0.15463955828089138,42
5,583,0.15463955828089138,42
5,584,0.15463955828089138,42
5,585,0.15463955828089138,42
5,586,0.15463955828089138,42
5,587,0.15463955828089138,42
5,588,0.15463955828089138,42
5,589,0.15463955828089138,42
5,590,0.15463955828089138,42
5,591,0.15463955828089138,42
5,592,0.15463955828089138,42
5,593,0.15463955828089138,42
5,594,0.15463955828089138,42
5,595,0.15463955828089138,42
5,596,0.15463955828089138,42
5,597,0.15463955828089138,42
5,598,0.15463955828089138,42
5,599,0.15463955828089138,42
5,600,0.15463955828089138,42
5,601,0.15463955828089138,42
5,602,0.15463955828089138,42
5,603,0.15463955828089138,42
5,604,0.15463955828089138,42
5,605,0.15463955828089138,42
5,606,0.15463955828089138,42
5,607,0.15463955828089138,42
5,608,0.15463955828089138,42
5,609,0.15463955828089138,42
5,610,0.15463955828089138,42
5,611,0.1547278848939905,43
5,612,0.1547278848939905,43
5,613,0.1547278848939905,43
5,614,0.1547278848939905,43
5,615,0.1547278848939905,43
5,616,0.1547278848939905,43
5,617,0.1547278848939905,43
5,618,0.1547278848939905,43
5,619,0.1547278848939905,43
5,620,0.1547278848939905,43
5,621,0.1547278848939905,43
5,622,0.1547278848939905,43
5,623,0.1547278848939905,43
5,624,0.1547278848939905,43
5,625,0.1547278848939905,43
5,626,0.1547278848939905,43
5,627,0.1547278848939905,43
5,628,0.1547278848939905,43
5,629,0.1547278848939905,43
5,630,0.1547278848939905,43
5,631,0.1547278848939905,43
5,632,0.1547278848939905,43
5,633,0.1547278848939905,43
5,634,0.1547278848939905,43
5,635,0.1547278848939905,43
5,636,0.1547278848939905,43
5,637,0.1547278848939905,43
5,638,0.1547278848939905,43
5,639,0.1547278848939905,43
5,640,0.1547278848939905,43
5,641,0.1547278848939905,43
5,642,0.1547278848939905,43
5,643,0.1547278848939905,43
5,644,0.1547278848939905,43
5,645,0.1547278848939905,43
5,646,0.1547278848939905,43
5,647,0.1547278848939905,43
5,648,0.1547278848939905,43
5,649,0.1547278848939905,43
5,650,0.1547278848939905,43
5,651,0.15581847748697353,44
5,652,0.15581847748697353,44
5,653,0.15581847748697353,44
5,654,0.15581847748697353,44
5,655,0.15581847748697353,44
5,656,0.15581847748697353,44
5,657,0.15581847748697353,44
5,658,0.15581847748697353,44
5,659,0.15581847748697353,44
5,660,0.15581847748697353,44
5,661,0.15581847748697353,44
5,662,0.15581847748697353,44
5,663,0.15581847748697353,44
5,664,0.15581847748697353,44
5,665,0.15581847748697353,44
5,666,0.15581847748697353,44
5,667,0.15581847748697353,44
5,668,0.15581847748697353,44
5,669,0.15581847748697353,44
5,670,0.15581847748697353,44
5,671,0.15581847748697353,44
5,672,0.15581847748697353,44
5,673,0.15581847748697353,44
5,674,0.15581847748697353,44
5,675,0.15581847748697353,44
5,676,0.15581847748697353,44
5,677,0.15581847748697353,44
5,678,0.15581847748697353,44
5,679,0.15581847748697353,44
5,680,0.15581847748697353,44
5,681,0.15581847748697353,44
5,682,0.15581847748697353,44
5,683,0.15581847748697353,44
5,684,0.15581847748697353,44
5,685,0.1558714467530543,45
5,686,0.1558714467530543,45
5,687,0.1558714467530543,45
5,688,0.1558714467530543,45
5,689,0.1558714467530543,45
5,690,0.1558714467530543,45
5,691,0.1558714467530543,45
5,692,0.1558714467530543,45
5,693,0.1558714467530543,45
5,694,0.1558714467530543,45
5,695,0.1558714467530543,45
5,696,0.1558714467530543,45
5,697,0.1558714467530543,45
5,698,0.1558714467530543,45
5,699,0.1558714467530543,45
5,700,0.1558714467530543,45
5,701,0.1558714467530543,45
5,702,0.1558714467530543,45
5,703,0.1560297416511356,46
5,704,0.1560297416511356,46
5,705,0.15849540331176692,47
5,706,0.15849540331176692,47
5,707,0.15849540331176692,47
5,708,0.15849540331176692,47
5,709,0.15849540331176692,47
5,710,0.15849540331176692,47
5,711,0.15849540331176692,47
5,712,0.15849540331176692,47
5,713,0.15849540331176692,47
5,714,0.15849540331176692,47
5,715,0.15849540331176692,47
5,716,0.15849540331176692,47
5,717,0.15849540331176692,47
5,718,0.15849540331176692,47
5,719,0.15849540331176692,47
5,720,0.15849540331176692,47
5,721,0.15849540331176692,47
5,722,0.15849540331176692,47
5,723,0.15849540331176692,47
5,724,0.15849540331176692,47
5,725,0.15849540331176692,47
5,726,0.15849540331176692,47
5,727,0.15849540331176692,47
5,728,0.15849540331176692,47
5,729,0.15849540331176692,47
5,730,0.15849540331176692,47
5,731,0.15849540331176692,47
5,732,0.15849540331176692,47
5,733,0.15849540331176692,47
5,734,0.15849540331176692,47
5,735,0.15849540331176692,47
5,736,0.15849540331176692,47
5,737,0.15849540331176692,47
5,738,0.15849540331176692,47
5,739,0.15849540331176692,47
5,740,0.15849540331176692,47
5,741,0.15849540331176692,47
5,742,0.15849540331176692,47
5,743,0.15849540331176692,47
5,744,0.15849540331176692,47
5,745,0.15849540331176692,47
5,746,0.15849540331176692,47
5,747,0.15849540331176692,47
5,748,0.15849540331176692,47
5,749,0.15849540331176692,47
5,750,0.15855801768549946,48
5,751,0.15855801768549946,48
5,752,0.15855801768549946,48
5,753,0.15855801768549946,48
5,754,0.15855801768549946,48
5,755,0.15855801768549946,48
5,756,0.15855801768549946,48
5,757,0.15855801768549946,48
5,758,0.15855801768549946,48
5,759,0.15855801768549946,48
5,760,0.15855801768549946,48
5,761,0.15855801768549946,48
5,762,0.15855801768549946,48
5,763,0.15855801768549946,48
5,764,0.15855801768549946,48
5,765,0.15855801768549946,48
5,766,0.15855801768549946,48
5,767,0.15855801768549946,48
5,768,0.15855801768549946,48
5,769,0.15855801768549946,48
5,770,0.15855801768549946,48
5,771,0.15855801768549946,48
5,772,0.15855801768549946,48
5,773,0.15855801768549946,48
5,774,0.15855801768549946,48
5,775,0.15855801768549946,48
5,776,0.15855801768549946,48
5,777,0.15855801768549946,48
5,778,0.15855801768549946,48
5,779,0.15855801768549946,48
5,780,0.15855801768549946,48
5,781,0.15855801768549946,48
5,782,0.15855801768549946,48
5,783,0.15855801768549946,48
5,784,0.15855801768549946,48
5,785,0.15855801768549946,48
5,786,0.15855801768549946,48
5,787,0.15855801768549946,48
5,788,0.15855801768549946,48
5,789,0.15855801768549946,48
5,790,0.15855801768549946,48
5,791,0.15855801768549946,48
5,792,0.15855801768549946,48
5,793,0.15855801768549946,48
5,794,0.15855801768549946,48
5,795,0.15855801768549946,48
5,796,0.15855801768549946,48
5,797,0.15855801768549946,48
5,798,0.15855801768549946,48
5,799,0.15855801768549946,48
5,800,0.15855801768549946,48
5,801,0.15855801768549946,48
5,802,0.15855801768549946,48
5,803,0.15855801768549946,48
5,804,0.15855801768549946,48
5,805,0.15855801768549946,48
5,806,0.15855801768549946,48
5,807,0.15855801768549946,48
5,808,0.15855801768549946,48
5,809,0.15855801768549946,48
5,810,0.15855801768549946,48
5,811,0.15855801768549946,48
5,812,0.15855801768549946,48
5,813,0.15855801768549946,48
5,814,0.15855801768549946,48
5,815,0.15973144553135987,49
5,816,0.15973144553135987,49
5,817,0.15973144553135987,49
5,818,0.15973144553135987,49
5,819,0.15973144553135987,49
5,820,0.15973144553135987,49
5,821,0.15973144553135987,49
5,822,0.15973144553135987,49
5,823,0.15973144553135987,49
5,824,0.15973144553135987,49
5,825,0.15973144553135987,49
5,826,0.15973144553135987,49
5,827,0.15973144553135987,49
5,828,0.15973144553135987,49
5,829,0.15973144553135987,49
5,830,0.15973144553135987,49
5,831,0.15973144553135987,49
5,832,0.15973144553135987,49
5,833,0.15973144553135987,49
5,834,0.15973144553135987,49
5,835,0.15973144553135987,49
5,836,0.15973144553135987,49
5,837,0.15973144553135987,49
5,838,0.15973144553135987,49
5,839,0.15973144553135987,49
5,840,0.15973144553135987,49
5,841,0.15973144553135987,49
5,842,0.15973144553135987,49
5,843,0.15973144553135987,49
5,844,0.15973144553135987,49
5,845,0.15973144553135987,49
5,846,0.15973144553135987,49
5,847,0.15973144553135987,49
5,848,0.15973144553135987,49
5,849,0.15973144553135987,49
5,850,0.15973144553135987,49
5,851,0.15973144553135987,49
5,852,0.15973144553135987,49
5,853,0.15973144553135987,49
5,854,0.15973144553135987,49
5,855,0.15973144553135987,49
5,856,0.15973144553135987,49
5,857,0.15973144553135987,49
5,858,0.15973144553135987,49
5,859,0.15973144553135987,49
5,860,0.15973144553135987,49
5,861,0.15973144553135987,49
5,862,0.15973144553135987,49
5,863,0.15973144553135987,49
5,864,0.15973144553135987,49
5,865,0.15973144553135987,49
5,866,0.15973144553135987,49
5,867,0.15973144553135987,49
5,868,0.15973144553135987,49
5,869,0.15973144553135987,49
5,870,0.15973144553135987,49
5,871,0.15973144553135987,49
5,872,0.15973144553135987,49
5,873,0.15973144553135987,49
5,874,0.15973144553135987,49
5,875,0.15973144553135987,49
5,876,0.15973144553135987,49
5,877,0.15973144553135987,49
5,878,0.15973144553135987,49
5,879,0.15973144553135987,49
5,880,0.15973144553135987,49
5,881,0.15973144553135987,49
5,882,0.15973144553135987,49
5,883,0.15973144553135987,49
5,884,0.15973144553135987,49
5,885,0.15973144553135987,49
5,886,0.15973144553135987,49
5,887,0.15973144553135987,49
5,888,0.15973144553135987,49
5,889,0.15973144553135987,49
5,890,0.15973144553135987,49
5,891,0.15973144553135987,49
5,892,0.15973144553135987,49
5,893,0.15973144553135987,49
5,894,0.15973144553135987,49
5,895,0.15973144553135987,49
5,896,0.15973144553135987,49
5,897,0.15973144553135987,49
5,898,0.15973144553135987,49
5,899,0.15973144553135987,49
5,900,0.15973144553135987,49
5,901,0.15973144553135987,49
5,902,0.15973144553135987,49
5,903,0.15973144553135987,49
5,904,0.15973144553135987,49
5,905,0.15973144553135987,49
5,906,0.15973144553135987,49
5,907,0.15973144553135987,49
5,908,0.15973144553135987,49
5,909,0.15973144553135987,49
5,910,0.15973144553135987,49
5,911,0.15973144553135987,49
5,912,0.15973144553135987,49
5,913,0.15973144553135987,49
5,914,0.15973144553135987,49
5,915,0.15973144553135987,49
5,916,0.15973144553135987,49
5,917,0.15973144553135987,49
5,918,0.15973144553135987,49
5,919,0.15973144553135987,49
5,920,0.15973144553135987,49
5,921,0.15973144553135987,49
5,922,0.15973144553135987,49
5,923,0.15973144553135987,49
5,924,0.15973144553135987,49
5,925,0.15973144553135987,49
5,926,0.15973144553135987,49
5,927,0.15973144553135987,49
5,928,0.15973144553135987,49
5,929,0.15973144553135987,49
5,930,0.15973144553135987,49
5,931,0.15973144553135987,49
5,932,0.15973144553135987,49
5,933,0.15973144553135987,49
5,934,0.15973144553135987,49
5,935,0.15973144553135987,49
5,936,0.15973144553135987,49
5,937,0.1605757180032795,50
5,938,0.1605757180032795,50
5,939,0.1605757180032795,50
5,940,0.1605757180032795,50
5,941,0.1605757180032795,50
5,942,0.1605757180032795,50
5,943,0.1605757180032795,50
5,944,0.1605757180032795,50
5,945,0.1605757180032795,50
5,946,0.1605757180032795,50
5,947,0.1605757180032795,50
5,948,0.16070701473679475,51
5,949,0.16070701473679475,51
5,950,0.16070701473679475,51
5,951,0.16070701473679475,51
5,952,0.16070701473679475,51
5,953,0.16070701473679475,51
5,954,0.16070701473679475,51
5,955,0.16070701473679475,51
5,956,0.16070701473679475,51
5,957,0.16070701473679475,51
5,958,0.16070701473679475,51
5,959,0.16070701473679475,51
5,960,0.16070701473679475,51
5,961,0.16070701473679475,51
5,962,0.16070701473679475,51
5,963,0.16070701473679475,51
5,964,0.16070701473679475,51
5,965,0.16070701473679475,51
5,966,0.16070701473679475,51
5,967,0.16070701473679475,51
5,968,0.16070701473679475,51
5,969,0.16070701473679475,51
5,970,0.16070701473679475,51
5,971,0.16070701473679475,51
5,972,0.16070701473679475,51
5,973,0.16070701473679475,51
5,974,0.16070701473679475,51
5,975,0.16070701473679475,51
5,976,0.16070701473679475,51
5,977,0.16070701473679475,51
5,978,0.16070701473679475,51
5,979,0.16070701473679475,51
5,980,0.16070701473679475,51
5,981,0.16070701473679475,51
5,982,0.16070701473679475,51
5,983,0.16070701473679475,51
5,984,0.16070701473679475,51
5,985,0.16070701473679475,51
5,986,0.16070701473679475,51
5,987,0.16070701473679475,51
5,988,0.16070701473679475,51
5,989,0.16070701473679475,51
5,990,0.16070701473679475,51
5,991,0.16070701473679475,51
5,992,0.16070701473679475,51
5,993,0.16070701473679475,51
5,994,0.16070701473679475,51
5,995,0.16070701473679475,51
5,996,0.16070701473679475,51
5,997,0.16070701473679475,51
5,998,0.16070701473679475,51
5,999,0.16070701473679475,51
5,1000,0.16070701473679475,51
5,1001,0.16070701473679475,51
5,1002,0.16070701473679475,51
5,1003,0.16070701473679475,51
5,1004,0.16070701473679475,51
5,1005,0.16070701473679475,51
5,1006,0.16070701473679475,51
5,1007,0.16070701473679475,51
5,1008,0.16070701473679475,51
5,1009,0.16070701473679475,51
5,1010,0.16070701473679475,51
5,1011,0.16070701473679475,51
5,1012,0.16070701473679475,51
5,1013,0.16070701473679475,51
5,1014,0.16070701473679475,51
5,1015,0.16070701473679475,51
5,1016,0.16070701473679475,51
5,1017,0.16070701473679475,51
5,1018,0.16070701473679475,51
5,1019,0.16070701473679475,51
5,1020,0.16070701473679475,51
5,1021,0.16070701473679475,51
5,1022,0.16070701473679475,51
5,1023,0.16070701473679475,51
5,1024,0.16070701473679475,51
5,1025,0.16070701473679475,51
5,1026,0.16070701473679475,51
5,1027,0.16070701473679475,51
5,1028,0.16070701473679475,51
5,1029,0.16070701473679475,51
5,1030,0.16070701473679475,51
5,1031,0.16084918595552933,52
5,1032,0.16084918595552933,52
5,1033,0.16084918595552933,52
5,1034,0.16084918595552933,52
5,1035,0.16084918595552933,52
5,1036,0.16084918595552933,52
5,1037,0.16084918595552933,52
5,1038,0.16084918595552933,52
5,1039,0.16084918595552933,52
5,1040,0.16084918595552933,52
5,1041,0.16084918595552933,52
5,1042,0.16084918595552933,52
5,1043,0.16084918595552933,52
5,1044,0.16084918595552933,52
5,1045,0.16084918595552933,52
5,1046,0.16084918595552933,52
5,1047,0.16084918595552933,52
5,1048,0.16084918595552933,52
5,1049,0.16084918595552933,52
5,1050,0.16084918595552933,52
5,1051,0.16084918595552933,52
5,1052,0.16084918595552933,52
5,1053,0.16084918595552933,52
5,1054,0.16084918595552933,52
5,1055,0.16084918595552933,52
5,1056,0.16084918595552933,52
5,1057,0.16084918595552933,52
5,1058,0.16084918595552933,52
5,1059,0.16084918595552933,52
5,1060,0.16084918595552933,52
5,1061,0.16084918595552933,52
5,1062,0.16084918595552933,52
5,1063,0.16084918595552933,52
5,1064,0.16084918595552933,52
5,1065,0.16084918595552933,52
5,1066,0.16084918595552933,52
5,1067,0.16084918595552933,52
5,1068,0.16084918595552933,52
5,1069,0.16084918595552933,52
5,1070,0.16084918595552933,52
5,1071,0.1611241011502177,53
5,1072,0.1611241011502177,53
5,1073,0.1611241011502177,53
5,1074,0.1611241011502177,53
5,1075,0.1611241011502177,53
5,1076,0.1611241011502177,53
5,1077,0.1611241011502177,53
5,1078,0.1611241011502177,53
5,1079,0.1611241011502177,53
5,1080,0.1611241011502177,53
5,1081,0.1611241011502177,53
5,1082,0.1611241011502177,53
5,1083,0.1611241011502177,53
5,1084,0.1611241011502177,53
5,1085,0.1611241011502177,53
5,1086,0.1611241011502177,53
5,1087,0.1611241011502177,53
5,1088,0.1611241011502177,53
5,1089,0.1611241011502177,53
5,1090,0.1611241011502177,53
5,1091,0.1611241011502177,53
5,1092,0.1611241011502177,53
5,1093,0.1611241011502177,53
5,1094,0.1611241011502177,53
5,1095,0.1611241011502177,53
5,1096,0.1611241011502177,53
5,1097,0.1611241011502177,53
5,1098,0.1611241011502177,53
5,1099,0.1611241011502177,53
5,1100,0.16115884448473916,54
5,1101,0.16115884448473916,54
5,1102,0.16115884448473916,54
5,1103,0.16115884448473916,54
5,1104,0.16115884448473916,54
5,1105,0.16115884448473916,54
5,1106,0.16115884448473916,54
5,1107,0.16135556236577409,55
5,1108,0.16135556236577409,55
5,1109,0.16135556236577409,55
5,1110,0.16135556236577409,55
5,1111,0.16135556236577409,55
5,1112,0.16135556236577409,55
5,1113,0.16135556236577409,55
5,1114,0.16135556236577409,55
5,1115,0.16135556236577409,55
5,1116,0.16135556236577409,55
5,1117,0.16135556236577409,55
5,1118,0.16135556236577409,55
5,1119,0.16135556236577409,55
5,1120,0.16135556236577409,55
5,1121,0.16135556236577409,55
5,1122,0.16135556236577409,55
5,1123,0.16135556236577409,55
5,1124,0.16135556236577409,55
5,1125,0.16135556236577409,55
5,1126,0.16135556236577409,55
5,1127,0.16135556236577409,55
5,1128,0.16135556236577409,55
5,1129,0.16135556236577409,55
5,1130,0.16135556236577409,55
5,1131,0.16135556236577409,55
5,1132,0.16135556236577409,55
5,1133,0.16135556236577409,55
5,1134,0.16135556236577409,55
5,1135,0.16135556236577409,55
5,1136,0.16135556236577409,55
5,1137,0.16135556236577409,55
5,1138,0.16135556236577409,55
5,1139,0.16135556236577409,55
5,1140,0.16135556236577409,55
5,1141,0.16135556236577409,55
5,1142,0.16135556236577409,55
5,1143,0.16135556236577409,55
5,1144,0.16135556236577409,55
5,1145,0.16135556236577409,55
5,1146,0.16135556236577409,55
5,1147,0.16135556236577409,55
5,1148,0.16135556236577409,55
5,1149,0.16135556236577409,55
5,1150,0.16135556236577409,55
5,1151,0.16135556236577409,55
5,1152,0.16135556236577409,55
5,1153,0.16135556236577409,55
5,1154,0.16135556236577409,55
5,1155,0.16135556236577409,55
5,1156,0.16135556236577409,55
5,1157,0.16135556236577409,55
5,1158,0.16135556236577409,55
5,1159,0.16135556236577409,55
5,1160,0.16135556236577409,55
5,1161,0.16135556236577409,55
5,1162,0.16135556236577409,55
5,1163,0.16135556236577409,55
5,1164,0.16135556236577409,55
5,1165,0.16135556236577409,55
5,1166,0.16135556236577409,55
5,1167,0.16135556236577409,55
5,1168,0.16135556236577409,55
5,1169,0.16135556236577409,55
5,1170,0.16135556236577409,55
5,1171,0.16135556236577409,55
5,1172,0.16135556236577409,55
5,1173,0.16135556236577409,55
5,1174,0.16135556236577409,55
5,1175,0.16135556236577409,55
5,1176,0.16135556236577409,55
5,1177,0.16135556236577409,55
5,1178,0.16135556236577409,55
5,1179,0.16135556236577409,55
5,1180,0.16135556236577409,55
5,1181,0.16135556236577409,55
5,1182,0.16135556236577409,55
5,1183,0.16135556236577409,55
5,1184,0.16135556236577409,55
5,1185,0.16135556236577409,55
5,1186,0.16135556236577409,55
5,1187,0.16135556236577409,55
5,1188,0.16135556236577409,55
5,1189,0.16135556236577409,55
5,1190,0.16135556236577409,55
5,1191,0.16135556236577409,55
5,1192,0.16135556236577409,55
5,1193,0.16135556236577409,55
5,1194,0.16135556236577409,55
5,1195,0.16135556236577409,55
5,1196,0.16135556236577409,55
5,1197,0.16135556236577409,55
5,1198,0.16135556236577409,55
5,1199,0.16135556236577409,55
5,1200,0.16135556236577409,55
