id_i,id_j,edge_kind,distance_m,surface_gap_m,overlap_m,contact_radius_m,g_contact_W_K,g_gap_W_K,g_total_W_K,T_i_K,T_j_K,heat_i_to_j_W
1,84,contact,0.001499995997661328,-4.002338672070768e-09,4.002338672070768e-09,1.2251028536521078e-06,1.2251028536521078e-06,0.0,1.2251028536521078e-06,300.8760097587922,300.8760097587921,6.963903465771795e-20
1,280,contact,0.001605223648503894,-0.00014477635149610598,0.00014477635149610598,0.00024909236797631,0.0004528952145023818,0.0,0.0004528952145023818,300.8760097587922,300.8351844821753,1.8489572410523537e-05
1,439,contact,0.0018677840111300428,-0.00013221598886995725,0.00013221598886995725,0.0002489502857656373,0.0002489502857656373,0.0,0.0002489502857656373,300.8760097587922,300.9195241044015,-1.0832908774342456e-05
1,492,contact,0.0019021427922477322,-9.785720775226789e-05,9.785720775226789e-05,0.00021417414907937786,0.00021417414907937786,0.0,0.00021417414907937786,300.8760097587922,300.911759468405,-7.656663636165734e-06
2,6,contact,0.0014953985685762835,-4.601431423716541e-06,4.601431423716541e-06,4.153958093064617e-05,4.153958093064617e-05,0.0,4.153958093064617e-05,300.3698849808199,300.37162538507414,-7.2295663370847e-08
2,81,contact,0.001484290945199087,-1.5709054800912975e-05,1.5709054800912975e-05,7.6752169678403e-05,7.6752169678403e-05,0.0,7.6752169678403e-05,300.3698849808199,300.2971605204397,5.581760122870365e-06
2,204,contact,0.0017131125435592373,-3.688745644076278e-05,3.688745644076278e-05,0.0001257334875965192,0.0001257334875965192,0.0,0.0001257334875965192,300.3698849808199,300.462508876288,-1.1645925411977103e-05
2,209,contact,0.0017199732314486763,-3.0026768551323765e-05,3.0026768551323765e-05,0.00011343991843008559,0.00011343991843008559,0.0,0.00011343991843008559,300.3698849808199,300.4052409189168,-4.010774733728137e-06
2,236,contact,0.0017094952061939219,-4.050479380607818e-05,4.050479380607818e-05,0.00013175430674350677,0.00013175430674350677,0.0,0.00013175430674350677,300.3698849808199,300.2928686317,1.0147235686208498e-05
3,53,contact,0.001458644778415911,-4.135522158408905e-05,4.135522158408905e-05,0.00012453195611582352,0.00012453195611582352,0.0,0.00012453195611582352,300.6848891651161,300.70635671537525,-2.673396026787994e-06
3,135,contact,0.0016654643194316716,-8.453568056832842e-05,8.453568056832842e-05,0.00019034068767981917,0.0003460739775996712,0.0,0.0003460739775996712,300.6848891651161,300.71519654373395,-1.0488595068903048e-05
3,210,contact,0.0017194025771761542,-3.059742282384586e-05,3.059742282384586e-05,0.00011451279932924378,0.00011451279932924378,0.0,0.00011451279932924378,300.6848891651161,300.6400086227434,5.139396542513699e-06
3,494,contact,0.001905375169855008,-9.4624830144992e-05,9.4624830144992e-05,0.00021060719154498262,0.00021060719154498262,0.0,0.00021060719154498262,300.6848891651161,300.64679647467017,8.022594553207931e-06
4,356,contact,0.0016991711737597245,-5.0828826240275574e-05,5.0828826240275574e-05,0.00014759330159056614,0.0014759330159056614,0.0,0.0014759330159056614,300.9727770412942,300.9070066729048,9.707265817418496e-05
5,105,contact,0.0016801861944799458,-6.981380552005425e-05,6.981380552005425e-05,0.0001729745714425607,0.0001729745714425607,0.0,0.0001729745714425607,300.67966613332834,300.71566799662565,-6.227406874986742e-06
5,374,contact,0.0016915748941566259,-5.842510584337418e-05,5.842510584337418e-05,0.00015823820991066537,0.00015823820991066537,0.0,0.00015823820991066537,300.67966613332834,300.61780363977056,9.789010241193607e-06
5,475,contact,0.0019378272907411025,-6.217270925889759e-05,6.217270925889759e-05,0.00017071454965851107,0.00017071454965851107,0.0,0.00017071454965851107,300.67966613332834,300.6929708427004,-2.2713074687869963e-06
5,500,contact,0.001904742869579403,-9.525713042059713e-05,9.525713042059713e-05,0.00021130967768811466,0.00021130967768811466,0.0,0.00021130967768811466,300.67966613332834,300.6857723179174,-1.2902958974149254e-06
6,127,contact,0.001627107659154534,-0.0001228923408454661,0.0001228923408454661,0.00022949541624317537,0.00022949541624317537,0.0,0.00022949541624317537,300.37162538507414,300.4366041782836,-1.49123351945783e-05
6,146,contact,0.0017051318021826679,-4.486819781733217e-05,4.486819781733217e-05,0.00013866949064592218,0.00013866949064592218,0.0,0.00013866949064592218,300.37162538507414,300.31195638955523,8.274269215960359e-06
6,232,contact,0.0016246690090292244,-0.0001253309909707756,0.0001253309909707756,0.00023176126044837197,0.00023176126044837197,0.0,0.00023176126044837197,300.37162538507414,300.28780470275774,1.9426386985291438e-05
6,324,contact,0.0017231623644915165,-2.6837635508483552e-05,2.6837635508483552e-05,0.00010724664931525877,0.00010724664931525877,0.0,0.00010724664931525877,300.37162538507414,300.4915416412199,-1.286061667006274e-05
7,123,contact,0.0016421579943869595,-0.00010784200561304055,0.00010784200561304055,0.0002149837259087041,0.00039087950165218925,0.0,0.00039087950165218925,300.3561932101934,300.30400515755525,2.0399240007395847e-05
7,146,contact,0.0016245490234819456,-0.0001254509765180544,0.0001254509765180544,0.00023187217215962615,0.00023187217215962615,0.0,0.00023187217215962615,300.3561932101934,300.31195638955523,1.0257287690806308e-05
7,217,contact,0.001613094720405779,-0.00013690527959422114,0.00013690527959422114,0.00024222652880034879,0.00024222652880034879,0.0,0.00024222652880034879,300.3561932101934,300.4850491189423,-3.121231949166136e-05
7,260,contact,0.0016319632808445784,-0.0001180367191554216,0.0001180367191554216,0.00022491590729053278,0.00022491590729053278,0.0,0.00022491590729053278,300.3561932101934,300.3278282019951,6.379741554225596e-06
7,338,contact,0.0016921820678414002,-5.781793215859981e-05,5.781793215859981e-05,0.0001574138297045627,0.0002862069630992049,0.0,0.0002862069630992049,300.3561932101934,300.3533104841236,8.25056273884206e-07
7,496,contact,0.0018898488508261536,-0.00011015114917384641,0.00011015114917384641,0.00022722973215501643,0.00022722973215501643,0.0,0.00022722973215501643,300.3561932101934,300.3854543723289,-6.649006034600154e-06
8,171,contact,0.0016615963275895729,-8.840367241042717e-05,8.840367241042717e-05,0.00019464657247405452,0.00019464657247405452,0.0,0.00019464657247405452,300.04030175953034,300.05846860080004,-3.5361133858280027e-06
8,273,contact,0.001703287664877838,-4.671233512216198e-05,4.671233512216198e-05,0.000141490537475876,0.000141490537475876,0.0,0.000141490537475876,300.04030175953034,300.0605966600274,-2.8715363793469124e-06
8,383,contact,0.001675649291625489,-7.435070837451111e-05,7.435070837451111e-05,0.00017850655255021285,0.00017850655255021285,0.0,0.00017850655255021285,300.04030175953034,300.0797935534036,-7.049543978338064e-06
9,81,contact,0.001498674751238574,-1.325248761426109e-06,1.325248761426109e-06,2.2292785504166834e-05,2.2292785504166834e-05,0.0,2.2292785504166834e-05,300.1739968605933,300.2971605204397,-2.7456610508639132e-06
9,124,contact,0.0017486826441638864,-1.317355836113641e-06,1.317355836113641e-06,2.3760914810253662e-05,2.3760914810253662e-05,0.0,2.3760914810253662e-05,300.1739968605933,300.05766269057415,2.764206303347117e-06
9,239,contact,0.0017496460178670359,-3.539821329641771e-07,3.539821329641771e-07,1.2316924470549406e-05,1.2316924470549406e-05,0.0,1.2316924470549406e-05,300.1739968605933,300.1755025329322,-1.8545252475724943e-08
10,23,contact,0.001415916434151394,-8.408356584860602e-05,8.408356584860602e-05,0.0001775706540879637,0.0001775706540879637,0.0,0.0001775706540879637,300.5408163177759,300.4637190716753,1.369020841846545e-05
10,114,contact,0.0016188372286922484,-0.0001311627713077516,0.0001311627713077516,0.00023709199960089474,0.00023709199960089474,0.0,0.00023709199960089474,300.5408163177759,300.58765112934947,-1.1104159126903298e-05
10,386,contact,0.0016989323871773117,-5.106761282268834e-05,5.106761282268834e-05,0.00014793958152283703,0.00014793958152283703,0.0,0.00014793958152283703,300.5408163177759,300.6080803166873,-9.951007850498824e-06
10,452,contact,0.0018957813361514032,-0.00010421866384859686,0.00010421866384859686,0.00022102601357991728,0.00022102601357991728,0.0,0.00022102601357991728,300.5408163177759,300.50749463568235,7.364958558919483e-06
11,42,contact,0.001476776613777453,-2.322338622254695e-05,2.322338622254695e-05,9.332078993158548e-05,9.332078993158548e-05,0.0,9.332078993158548e-05,300.3079809265868,300.30096560123985,6.54675703006296e-07
11,271,contact,0.001734707693820489,-1.529230617951108e-05,1.529230617951108e-05,8.095582440754185e-05,8.095582440754185e-05,0.0,8.095582440754185e-05,300.3079809265868,300.35350306170596,-3.685281977361703e-06
11,482,contact,0.0019810398753432506,-1.896012465674949e-05,1.896012465674949e-05,9.427384808551797e-05,0.00017140699651912357,0.0,0.00017140699651912357,300.3079809265868,300.29030016479817,3.030606274363244e-06
12,273,contact,0.0016433993218022212,-0.00010660067819777885,0.00010660067819777885,0.00021374284769766033,0.00021374284769766033,0.0,0.00021374284769766033,300.0375314868762,300.0605966600274,-4.930015791970068e-06
12,370,contact,0.0016549920030018274,-9.500799699817264e-05,9.500799699817264e-05,0.00020178630528164404,0.00020178630528164404,0.0,0.00020178630528164404,300.0375314868762,300.05328125116426,-3.1780867447415353e-06
12,383,contact,0.0016681286360769668,-8.187136392303327e-05,8.187136392303327e-05,0.00018731718393032095,0.00018731718393032095,0.0,0.00018731718393032095,300.0375314868762,300.0797935534036,-7.91641128898305e-06
13,263,contact,0.001675464635377303,-7.453536462269698e-05,7.453536462269698e-05,0.00017872808311913816,0.00017872808311913816,0.0,0.00017872808311913816,300.5999996204474,300.5815970356617,3.289058703193971e-06
13,346,contact,0.0017496750167959759,-3.2498320402417e-07,3.2498320402417e-07,1.1801631921491135e-05,1.1801631921491135e-05,0.0,1.1801631921491135e-05,300.5999996204474,300.5712649746936,3.3911571258129705e-07
13,489,contact,0.0019275472880306266,-7.245271196937341e-05,7.245271196937341e-05,0.00018428838470083725,0.00033506979036515864,0.0,0.00033506979036515864,300.5999996204474,300.61082773602243,-3.6281744157680347e-06
14,233,contact,0.0016772305640251125,-7.276943597488757e-05,7.276943597488757e-05,0.00017659813456572714,0.00017659813456572714,0.0,0.00017659813456572714,300.5859510157929,300.6388420051577,-9.340450057161505e-06
14,249,contact,0.0016961986937856085,-5.380130621439154e-05,5.380130621439154e-05,0.00015184762975861907,0.00015184762975861907,0.0,0.00015184762975861907,300.5859510157929,300.68046837186404,-1.4352236490455698e-05
14,262,contact,0.001659199224053579,-9.080077594642109e-05,9.080077594642109e-05,0.00019726788451938115,0.00019726788451938115,0.0,0.00019726788451938115,300.5859510157929,300.72459573013765,-2.7350149498585492e-05
14,270,contact,0.0016328354369623424,-0.00011716456303765763,0.00011716456303765763,0.00022408343124603417,0.00040742442044733486,0.0,0.00040742442044733486,300.5859510157929,300.4606692862635,5.104283604614605e-05
15,49,contact,0.001416777428940763,-8.322257105923699e-05,8.322257105923699e-05,0.00017665917510057005,0.00017665917510057005,0.0,0.00017665917510057005,300.5392559120779,300.4673529243335,1.2702322502193624e-05
15,250,contact,0.00166085992341317,-8.914007658683012e-05,8.914007658683012e-05,0.00019545559589273552,0.00019545559589273552,0.0,0.00019545559589273552,300.5392559120779,300.6017225487902,-1.2209453702009535e-05
15,302,contact,0.0016779658821385497,-7.203411786145032e-05,7.203411786145032e-05,0.0001757036277308025,0.0001757036277308025,0.0,0.0001757036277308025,300.5392559120779,300.60061620556377,-1.078122616409017e-05
15,311,contact,0.0016965258831506222,-5.34741168493778e-05,5.34741168493778e-05,0.00015138519957292172,0.00015138519957292172,0.0,0.00015138519957292172,300.5392559120779,300.46304020035,1.1537930730522173e-05
15,405,contact,0.001963322953209685,-3.667704679031483e-05,3.667704679031483e-05,0.00013111966169480484,0.00013111966169480484,0.0,0.00013111966169480484,300.5392559120779,300.49820763492556,5.3822362133715255e-06
15,436,contact,0.0019057038177534306,-9.42961822465694e-05,9.42961822465694e-05,0.00021024113638410397,0.00021024113638410397,0.0,0.00021024113638410397,300.5392559120779,300.57079973691594,-6.631809579847427e-06
16,86,contact,0.0014575152455463365,-4.248475445366357e-05,4.248475445366357e-05,0.00012622116668817412,0.00012622116668817412,0.0,0.00012622116668817412,300.6423687364319,300.6719069896558,-3.728352783851956e-06
16,152,contact,0.0017003950063735195,-4.960499362648054e-05,4.960499362648054e-05,0.00014580563426279993,0.00014580563426279993,0.0,0.00014580563426279993,300.6423687364319,300.71998623149096,-1.1317068096979936e-05
16,330,contact,0.0016815537548945617,-6.844624510543833e-05,6.844624510543833e-05,0.0001712720206139574,0.0001712720206139574,0.0,0.0001712720206139574,300.6423687364319,300.5365636027508,1.812145903688977e-05
16,365,contact,0.00168360112998893,-6.639887001106998e-05,6.639887001106998e-05,0.0001686910151020879,0.0001686910151020879,0.0,0.0001686910151020879,300.6423687364319,300.66060348446644,-3.076038156080455e-06
17,82,contact,0.0014003673589812072,-9.963264101879284e-05,9.963264101879284e-05,0.00019329314623660953,0.00019329314623660953,0.0,0.00019329314623660953,300.297747268765,300.3050109275757,-1.4040154647095178e-06
17,140,contact,0.001709941722515711,-4.005827748428895e-05,4.005827748428895e-05,0.0001310260783491302,0.0001310260783491302,0.0,0.0001310260783491302,300.297747268765,300.1867293310479,1.4546245005482496e-05
17,141,contact,0.0016793772506497756,-7.062274935022445e-05,7.062274935022445e-05,0.00017397382728062178,0.00017397382728062178,0.0,0.00017397382728062178,300.297747268765,300.21670209008386,1.409973991780421e-05
17,419,contact,0.001986120982040117,-1.3879017959883208e-05,1.3879017959883208e-05,8.065847549201047e-05,8.065847549201047e-05,0.0,8.065847549201047e-05,300.297747268765,300.38882967481277,-7.346568015955519e-06
17,443,contact,0.0019194474007119859,-8.055259928801419e-05,8.055259928801419e-05,0.00019431683127371302,0.00019431683127371302,0.0,0.00019431683127371302,300.297747268765,300.35005443793506,-1.0164163366019293e-05
17,448,contact,0.0019074458199644891,-9.255418003551092e-05,9.255418003551092e-05,0.00020829011472378074,0.00020829011472378074,0.0,0.00020829011472378074,300.297747268765,300.34446690348955,-9.731238076624421e-06
18,65,contact,0.0013669765542978407,-0.00013302344570215933,0.00013302344570215933,0.00022334679791371478,0.00022334679791371478,0.0,0.00022334679791371478,300.66023864044274,300.7258355415408,-1.465085781331145e-05
18,183,contact,0.001595381108348011,-0.00015461889165198904,0.00015461889165198904,0.0002574203552157907,0.0002574203552157907,0.0,0.0002574203552157907,300.66023864044274,300.63412013080824,6.723436027820104e-06
18,266,contact,0.0016197300952423379,-0.00013026990475766215,0.00013026990475766215,0.0002362836413759006,0.0004296066206834556,0.0,0.0004296066206834556,300.66023864044274,300.65340225306016,2.9369572811120967e-06
18,477,contact,0.0018585011707556174,-0.00014149882924438268,0.00014149882924438268,0.0002575414067840439,0.0002575414067840439,0.0,0.0002575414067840439,300.66023864044274,300.6408613116989,4.9904645043989575e-06
19,106,contact,0.0016562971225598376,-9.370287744016239e-05,9.370287744016239e-05,0.00020039554896699648,0.00020039554896699648,0.0,0.00020039554896699648,300.3868195424735,300.2754184695504,2.2324279163940118e-05
19,311,contact,0.0016191413088733184,-0.00013085869112668168,0.00013085869112668168,0.00023681700994047976,0.00023681700994047976,0.0,0.00023681700994047976,300.3868195424735,300.46304020035,-1.8050348294006722e-05
19,345,contact,0.0015779862985780323,-0.00017201370142196776,0.00017201370142196776,0.00027151456268913437,0.00027151456268913437,0.0,0.00027151456268913437,300.3868195424735,300.43190058688594,-1.2240160059209621e-05
19,456,contact,0.001894264628318863,-0.00010573537168113707,0.00010573537168113707,0.00022262851451584768,0.00022262851451584768,0.0,0.00022262851451584768,300.3868195424735,300.3510369330147,7.966229189314765e-06
20,24,contact,0.0014720853579191656,-2.791464208083444e-05,2.791464208083444e-05,0.00010231319944324348,0.00018602399898771544,0.0,0.00018602399898771544,300.4078896258151,300.32766779769815,1.4923185272414407e-05
20,218,contact,0.0017051716223594607,-4.4828377640539294e-05,4.4828377640539294e-05,0.0001386079429395928,0.0001386079429395928,0.0,0.0001386079429395928,300.4078896258151,300.34036130158336,9.359962111916067e-06
20,349,contact,0.0016592274226277714,-9.077257737222862e-05,9.077257737222862e-05,0.0001972372509429356,0.0001972372509429356,0.0,0.0001972372509429356,300.4078896258151,300.39164798175057,3.2034572260770973e-06
20,362,contact,0.001652677322710033,-9.732267728996711e-05,9.732267728996711e-05,0.0002042295738588252,0.0002042295738588252,0.0,0.0002042295738588252,300.4078896258151,300.4373148347869,-6.009497889020793e-06
20,457,contact,0.0019491128305205946,-5.088716947940545e-05,5.088716947940545e-05,0.0001544453323783898,0.0001544453323783898,0.0,0.0001544453323783898,300.4078896258151,300.5469492295639,-2.1477106721393598e-05
21,57,contact,0.0014536081130758734,-4.63918869241266e-05,4.63918869241266e-05,0.00013189752687805587,0.00013189752687805587,0.0,0.00013189752687805587,300.74806067824755,300.78694678271444,-5.128981009103576e-06
21,113,contact,0.001744390063059293,-5.609936940707046e-06,5.609936940707046e-06,4.9033240652382424e-05,4.9033240652382424e-05,0.0,4.9033240652382424e-05,300.74806067824755,300.7772570840203,-1.4315943904385223e-06
21,168,contact,0.00171192573331906,-3.8074266680940055e-05,3.8074266680940055e-05,0.0001277401380274032,0.0001277401380274032,0.0,0.0001277401380274032,300.74806067824755,300.7073647991257,5.198497216174176e-06
21,335,contact,0.0017358304510809793,-1.4169548919020772e-05,1.4169548919020772e-05,7.792729831347596e-05,7.792729831347596e-05,0.0,7.792729831347596e-05,300.74806067824755,300.847977766854,-7.786268770448544e-06
21,394,contact,0.0016925802091481517,-5.741979085184838e-05,5.741979085184838e-05,0.00015687090805388136,0.00015687090805388136,0.0,0.00015687090805388136,300.74806067824755,300.65913144218996,1.3950410012892905e-05
21,423,contact,0.0019492827116660118,-5.071728833398823e-05,5.071728833398823e-05,0.00015418731759310486,0.00015418731759310486,0.0,0.00015418731759310486,300.74806067824755,300.7792050235416,-4.802063059078981e-06
22,384,contact,0.0017226044349182435,-2.7395565081756498e-05,2.7395565081756498e-05,0.00010835569419098347,0.00010835569419098347,0.0,0.00010835569419098347,300.56130753313965,300.5369861545368,2.6353598621934467e-06
22,424,contact,0.0019711095718909183,-2.889042810908177e-05,2.889042810908177e-05,0.0001163717670920747,0.0001163717670920747,0.0,0.0001163717670920747,300.56130753313965,300.54379593945566,2.0378551016045144e-06
22,494,contact,0.001993625144328793,-6.37485567120703e-06,6.37485567120703e-06,5.46645552060775e-05,5.46645552060775e-05,0.0,5.46645552060775e-05,300.56130753313965,300.64679647467017,-4.673214963803903e-06
23,49,contact,0.0014479314329975317,-5.2068567002468364e-05,5.2068567002468364e-05,0.0001397344360776027,0.0001397344360776027,0.0,0.0001397344360776027,300.4637190716753,300.4673529243335,-5.077743519822773e-07
23,93,contact,0.0013974583577116915,-0.00010254164228830852,0.00010254164228830852,0.00019609466045284276,0.00019609466045284276,0.0,0.00019609466045284276,300.4637190716753,300.3895718780613,1.4539868755270506e-05
23,349,contact,0.0016771952541072847,-7.280474589271531e-05,7.280474589271531e-05,0.00017664097473129174,0.00017664097473129174,0.0,0.00017664097473129174,300.4637190716753,300.39164798175057,1.2730707574254043e-05
23,405,contact,0.0019197517221999493,-8.024827780005075e-05,8.024827780005075e-05,0.00019394942696170512,0.00019394942696170512,0.0,0.00019394942696170512,300.4637190716753,300.49820763492556,-6.689037079118437e-06
23,452,contact,0.0019546350298713052,-4.536497012869482e-05,4.536497012869482e-05,0.00014582465411522736,0.00014582465411522736,0.0,0.00014582465411522736,300.4637190716753,300.50749463568235,-6.383556480024871e-06
24,52,contact,0.0014380874275926338,-6.19125724073662e-05,6.19125724073662e-05,0.00015237196150460992,0.0002770399300083817,0.0,0.0002770399300083817,300.32766779769815,300.416762822387,-2.468287940389269e-05
24,218,contact,0.0016253028427034761,-0.0001246971572965239,0.0001246971572965239,0.00023117447705438285,0.0004203172310079688,0.0,0.0004203172310079688,300.32766779769815,300.34036130158336,-5.335298404817216e-06
24,362,contact,0.0016255478393452463,-0.00012445216065475376,0.00012445216065475376,0.00023094726731574193,0.0004199041223922581,0.0,0.0004199041223922581,300.32766779769815,300.4373148347869,-4.6041242881656466e-05
24,482,contact,0.0018735309408974285,-0.0001264690591025715,0.0001264690591025715,0.00024347971466701367,0.002434797146670137,0.0,0.002434797146670137,300.32766779769815,300.29030016479817,9.098260596270389e-05
25,41,contact,0.0014999561864643843,-4.381353561574465e-08,4.381353561574465e-08,4.053402996977261e-06,4.053402996977261e-06,0.0,4.053402996977261e-06,300.16730101372326,300.16730101372326,0.0
26,247,contact,0.0017451096259261196,-4.890374073880394e-06,4.890374073880394e-06,4.578072305121008e-05,4.578072305121008e-05,0.0,4.578072305121008e-05,300.43091872312147,300.4375777930979,-3.048570383692018e-07
26,341,contact,0.0017204876683080289,-2.9512331691971183e-05,2.9512331691971183e-05,0.00011246395935455027,0.00011246395935455027,0.0,0.00011246395935455027,300.43091872312147,300.41142102075736,2.1927888061839203e-06
26,357,contact,0.0017493277302438215,-6.722697561785049e-07,6.722697561785049e-07,1.6973968592842035e-05,1.6973968592842035e-05,0.0,1.6973968592842035e-05,300.43091872312147,300.37247148528263,9.920815794147387e-07
26,440,contact,0.0019708197623577867,-2.9180237642213377e-05,2.9180237642213377e-05,0.0001169539926414978,0.0001169539926414978,0.0,0.0001169539926414978,300.43091872312147,300.4950618755935,-7.501797782214314e-06
26,442,contact,0.001995037968185066,-4.962031814934216e-06,4.962031814934216e-06,4.822812885910476e-05,4.822812885910476e-05,0.0,4.822812885910476e-05,300.43091872312147,300.3350870053184,4.6217844349942325e-06
27,126,contact,0.0016395968931417263,-0.00011040310685827377,0.00011040310685827377,0.00021752153278462908,0.00021752153278462908,0.0,0.00021752153278462908,300.2137845254887,300.12096361349455,2.019054705142909e-05
27,235,contact,0.0016075495629062255,-0.0001424504370937745,0.0001424504370937745,0.0002470833610867056,0.0002470833610867056,0.0,0.0002470833610867056,300.2137845254887,300.2306748754426,-4.173324436550098e-06
27,248,contact,0.00154629233526523,-0.00020370766473477007,0.00020370766473477007,0.00029547129282948966,0.00029547129282948966,0.0,0.00029547129282948966,300.2137845254887,300.2866307320241,-2.1523962822743537e-05
27,429,contact,0.0018341676399936837,-0.0001658323600063163,0.0001658323600063163,0.00027880803208114494,0.00027880803208114494,0.0,0.00027880803208114494,300.2137845254887,300.194033515567,5.506740207874002e-06
28,110,contact,0.0017243560370958767,-2.5643962904123296e-05,2.5643962904123296e-05,0.000104834487722566,0.0001906081594955745,0.0,0.0001906081594955745,300.98911922039156,300.9462684611674,8.167704348706258e-06
28,111,contact,0.0015548166714117787,-0.00019518332858822133,0.00019518332858822133,0.0002892230937639326,0.0005258601704798776,0.0,0.0005258601704798776,300.98911922039156,300.91854278876247,3.711333436833597e-05
28,154,contact,0.0016089751876582812,-0.00014102481234171886,0.00014102481234171886,0.00024584386363972574,0.0004469888429813195,0.0,0.0004469888429813195,300.98911922039156,300.928527289134,2.7083917246808687e-05
29,88,contact,0.001400515258967213,-9.948474103278694e-05,9.948474103278694e-05,0.00019314962564627225,0.00019314962564627225,0.0,0.00019314962564627225,300.0606982477611,300.0331460988867,5.321687240841911e-06
29,139,contact,0.0016758033678507744,-7.419663214922566e-05,7.419663214922566e-05,0.00017832149796191828,0.00017832149796191828,0.0,0.00017832149796191828,300.0606982477611,300.15877618287544,-1.7489404306604683e-05
29,337,contact,0.0016878896711870716,-6.211032881292848e-05,6.211032881292848e-05,0.00016315242060232487,0.0002966407647314998,0.0,0.0002966407647314998,300.0606982477611,300.0196798898264,1.2167717065768161e-05
30,75,contact,0.0014635556125409109,-3.644438745908918e-05,3.644438745908918e-05,0.0001169044280476939,0.0001169044280476939,0.0,0.0001169044280476939,300.38423277735177,300.2946104732931,1.047724419629306e-05
30,264,contact,0.0016169572986631398,-0.00013304270133686021,0.00013304270133686021,0.00023878505098297106,0.00023878505098297106,0.0,0.00023878505098297106,300.38423277735177,300.42118965243685,-8.824749301362531e-06
30,357,contact,0.0016758876578398681,-7.411234216013192e-05,7.411234216013192e-05,0.0001782201794251769,0.0001782201794251769,0.0,0.0001782201794251769,300.38423277735177,300.37247148528263,2.0960995828337846e-06
30,425,contact,0.001891399826424863,-0.00010860017357513705,0.00010860017357513705,0.0002256243146545724,0.0002256243146545724,0.0,0.0002256243146545724,300.38423277735177,300.4083021657233,-5.430639255477871e-06
30,432,contact,0.001998617757576471,-1.3822424235290266e-06,1.3822424235290266e-06,2.5454393255963323e-05,2.5454393255963323e-05,0.0,2.5454393255963323e-05,300.38423277735177,300.31815205168726,1.6820447777037572e-06
31,473,contact,0.002000001305799573,-0.0,0.0,9.682458365518543e-08,9.682458365518543e-08,0.0,9.682458365518543e-08,300.76866387480135,300.7686638748014,-5.503840364735051e-21
32,228,contact,0.0016217208273620958,-0.0001282791726379042,0.0001282791726379042,0.00023447129520132634,0.00023447129520132634,0.0,0.00023447129520132634,300.9064702774333,300.9035796169929,6.777768974511526e-07
32,286,contact,0.0016238781203033682,-0.00012612187969663182,0.00012612187969663182,0.00023249136361529508,0.00023249136361529508,0.0,0.00023249136361529508,300.9064702774333,300.76280218388126,3.34015909779229e-05
32,287,contact,0.0016453478945183608,-0.00010465210548163927,0.00010465210548163927,0.00021178031624604295,0.00021178031624604295,0.0,0.00021178031624604295,300.9064702774333,300.96494316789955,-1.238340723476231e-05
32,495,contact,0.0018714044409963869,-0.00012859555900361316,0.00012859555900361316,0.00024551816283717925,0.00044639665970396225,0.0,0.00044639665970396225,300.9064702774333,300.9550727034797,-2.1695960640615752e-05
33,263,contact,0.0017076698112925683,-4.233018870743177e-05,4.233018870743177e-05,0.00013469042076570326,0.00013469042076570326,0.0,0.00013469042076570326,300.52983942026935,300.5815970356617,-6.971254995020847e-06
33,268,contact,0.0016787340557991913,-7.126594420080873e-05,7.126594420080873e-05,0.0001747642626930126,0.0001747642626930126,0.0,0.0001747642626930126,300.52983942026935,300.5132267920536,2.9032937215168123e-06
33,367,contact,0.0017053760117932927,-4.4623988206707365e-05,4.4623988206707365e-05,0.00013829159907349092,0.00013829159907349092,0.0,0.00013829159907349092,300.52983942026935,300.54031236376795,-1.4483201034274928e-06
33,404,contact,0.0019749736146085608,-2.502638539143929e-05,2.502638539143929e-05,0.00010831028645626031,0.00010831028645626031,0.0,0.00010831028645626031,300.52983942026935,300.4789090649226,5.516281376924124e-06
34,247,contact,0.0017012360184583436,-4.876398154165639e-05,4.876398154165639e-05,0.00014456434287935064,0.00014456434287935064,0.0,0.00014456434287935064,300.38676182146594,300.4375777930979,-7.346177546748327e-06
34,357,contact,0.001714320260103112,-3.567973989688795e-05,3.567973989688795e-05,0.00012365806523905452,0.00012365806523905452,0.0,0.00012365806523905452,300.38676182146594,300.37247148528263,1.7671153240434938e-06
34,444,contact,0.0019515203075807332,-4.8479692419266815e-05,4.8479692419266815e-05,0.00015074765610626032,0.00015074765610626032,0.0,0.00015074765610626032,300.38676182146594,300.34975254140926,5.579062222724595e-06
35,79,contact,0.0014999960375075964,-3.962492403641882e-09,3.962492403641882e-09,1.2189891924728888e-06,1.2189891924728888e-06,0.0,1.2189891924728888e-06,300.1673010137231,300.16730101372315,-6.929151325453454e-20
35,186,contact,0.0017500397688052696,-0.0,0.0,9.258200997725515e-08,9.258200997725515e-08,0.0,9.258200997725515e-08,300.1673010137231,300.16730101372264,4.210142377690097e-20
36,100,contact,0.0013758934362805867,-0.0001241065637194133,0.0001241065637194133,0.00021573122489519216,0.00021573122489519216,0.0,0.00021573122489519216,300.0507151222309,300.14540319872384,-2.042717472479535e-05
36,289,contact,0.0017321529517914979,-1.7847048208502166e-05,1.7847048208502166e-05,8.74570462941719e-05,8.74570462941719e-05,0.0,8.74570462941719e-05,300.0507151222309,300.09283935701234,-3.684061151388198e-06
36,447,contact,0.001954780864547226,-4.5219135452773986e-05,4.5219135452773986e-05,0.00014559007433025028,0.00014559007433025028,0.0,0.00014559007433025028,300.0507151222309,300.08197069678965,-4.5505014232460254e-06
37,167,contact,0.0017323578171959742,-1.7642182804025828e-05,1.7642182804025828e-05,8.695363987458857e-05,0.0001580975270447065,0.0,0.0001580975270447065,300.01276415085965,300.05745513757626,-7.065534481082724e-06
37,254,contact,0.0016737622017777792,-7.623779822222079e-05,7.623779822222079e-05,0.00018075768889659293,0.00032865034344835075,0.0,0.00032865034344835075,300.01276415085965,300.1244994591749,-3.672184745311315e-05
37,289,contact,0.001731288608233763,-1.8711391766237104e-05,1.8711391766237104e-05,8.954980681060068e-05,0.0001628178305647285,0.0,0.0001628178305647285,300.01276415085965,300.09283935701234,-1.303767134780358e-05
38,80,contact,0.0014479620092046617,-5.2037990795338355e-05,5.2037990795338355e-05,0.00013969340194959777,0.00013969340194959777,0.0,0.00013969340194959777,300.841040327706,300.89809114271367,-7.969622432414691e-06
38,131,contact,0.001740226164669409,-9.77383533059097e-06,9.77383533059097e-06,6.472083567332294e-05,6.472083567332294e-05,0.0,6.472083567332294e-05,300.841040327706,300.751700587644,5.782142635652041e-06
38,215,contact,0.0016569388310764526,-9.306116892354743e-05,9.306116892354743e-05,0.0001997081823814231,0.0001997081823814231,0.0,0.0001997081823814231,300.841040327706,300.9492402941701,-2.1608418636276128e-05
38,253,contact,0.0016561048107834233,-9.389518921657674e-05,9.389518921657674e-05,0.00020060108518782466,0.00020060108518782466,0.0,0.00020060108518782466,300.841040327706,300.7920151533733,9.834503172664343e-06
38,364,contact,0.001641852201569922,-0.00010814779843007797,0.00010814779843007797,0.00021528831011003225,0.00039143329110914954,0.0,0.00039143329110914954,300.841040327706,300.8053729596578,1.3961395260317302e-05
39,45,contact,0.001478290873948695,-2.1709126051304992e-05,2.1709126051304992e-05,9.022705951785956e-05,9.022705951785956e-05,0.0,9.022705951785956e-05,300.808593145248,300.78891849732446,1.775185629188644e-06
39,159,contact,0.0017093698619666843,-4.063013803331573e-05,4.063013803331573e-05,0.00013195800960908913,0.00013195800960908913,0.0,0.00013195800960908913,300.808593145248,300.7945263581944,1.8562252211871075e-06
39,249,contact,0.0016942989174286798,-5.570108257132024e-05,5.570108257132024e-05,0.00015450531554145902,0.00015450531554145902,0.0,0.00015450531554145902,300.808593145248,300.68046837186404,1.9795958540364354e-05
39,413,contact,0.001950098337853761,-4.990166214623908e-05,4.990166214623908e-05,0.0001529424863504238,0.0001529424863504238,0.0,0.0001529424863504238,300.808593145248,300.9002478260909,-1.4017894773768831e-05
39,462,contact,0.0019435164849313743,-5.648351506862574e-05,5.648351506862574e-05,0.00016271646409757776,0.0002958481165410505,0.0,0.0002958481165410505,300.808593145248,300.84039823066473,-9.409474616972582e-06
40,68,contact,0.001499649522988621,-3.5047701137905403e-07,3.5047701137905403e-07,1.1464243510460918e-05,1.1464243510460918e-05,0.0,1.1464243510460918e-05,300.88479522944164,300.81938856136145,7.498379700791452e-07
40,102,contact,0.0016400243190989579,-0.00010997568090104215,0.00010997568090104215,0.00021710005682144628,0.00021710005682144628,0.0,0.00021710005682144628,300.88479522944164,300.93639260500447,-1.1201793166529018e-05
40,355,contact,0.0016949170000020652,-5.508299999793485e-05,5.508299999793485e-05,0.00015364569632474233,0.00015364569632474233,0.0,0.00015364569632474233,300.88479522944164,300.9477461951941,-9.672144967352279e-06
40,460,contact,0.0018518567830693603,-0.0001481432169306398,0.0001481432169306398,0.0002635187525324097,0.0002635187525324097,0.0,0.0002635187525324097,300.88479522944164,300.82110816864383,1.678273481389303e-05
40,492,contact,0.001840200657591448,-0.000159799342408552,0.000159799342408552,0.0002736894988011209,0.0002736894988011209,0.0,0.0002736894988011209,300.88479522944164,300.911759468405,-7.379829047443122e-06
40,497,contact,0.0018912691333863622,-0.00010873086661363786,0.00010873086661363786,0.00022576003571301708,0.00022576003571301708,0.0,0.00022576003571301708,300.88479522944164,300.8373058925293,1.0721194397319466e-05
41,79,contact,0.0015000208509651075,-0.0,0.0,8.660254037844388e-08,8.660254037844388e-08,0.0,8.660254037844388e-08,300.16730101372326,300.16730101372315,9.845568954283849e-21
41,186,contact,0.0017500011958727344,-0.0,0.0,9.258200997725515e-08,9.258200997725515e-08,0.0,9.258200997725515e-08,300.16730101372326,300.16730101372264,5.788945769323884e-20
42,274,contact,0.001735213549278589,-1.4786450721411071e-05,1.4786450721411071e-05,7.960559219788628e-05,7.960559219788628e-05,0.0,7.960559219788628e-05,300.30096560123985,300.1877632778432,9.011537992166901e-06
42,392,contact,0.0017270491272977735,-2.2950872702226554e-05,2.2950872702226554e-05,9.917705531499833e-05,9.917705531499833e-05,0.0,9.917705531499833e-05,300.30096560123985,300.2140401554527,8.621009745111149e-06
42,414,contact,0.0019684178788560124,-3.158212114398769e-05,3.158212114398769e-05,0.00012167217959025896,0.00012167217959025896,0.0,0.00012167217959025896,300.30096560123985,300.44050343224967,-1.6977872034261794e-05
43,206,contact,0.001687410708659869,-6.25892913401311e-05,6.25892913401311e-05,0.00016378028575782046,0.00016378028575782046,0.0,0.00016378028575782046,300.7366726825323,300.800590677973,-1.0468507558345581e-05
43,258,contact,0.0016877905672801942,-6.220943271980587e-05,6.220943271980587e-05,0.00016328253259716843,0.00016328253259716843,0.0,0.00016328253259716843,300.7366726825323,300.7753376266194,-6.313309993267692e-06
43,490,contact,0.0019303436095856287,-6.965639041437138e-05,6.965639041437138e-05,0.00018069707525783749,0.0003285401368324318,0.0,0.0003285401368324318,300.7366726825323,300.6855927209988,1.6781817551612472e-05
45,249,contact,0.0016541361245072904,-9.586387549270965e-05,9.586387549270965e-05,0.00020269316236199025,0.00020269316236199025,0.0,0.00020269316236199025,300.78891849732446,300.68046837186404,2.1982098888127525e-05
45,265,contact,0.001661209974205548,-8.879002579445213e-05,8.879002579445213e-05,0.00019507144382923487,0.00019507144382923487,0.0,0.00019507144382923487,300.78891849732446,300.7965421905712,-1.4871648489504534e-06
45,326,contact,0.001673288875239419,-7.671112476058113e-05,7.671112476058113e-05,0.0001813179426476137,0.0001813179426476137,0.0,0.0001813179426476137,300.78891849732446,300.88556638647526,-1.7523996422058008e-05
45,358,contact,0.0017412970717255575,-8.702928274442528e-06,8.702928274442528e-06,6.107230471607004e-05,6.107230471607004e-05,0.0,6.107230471607004e-05,300.78891849732446,300.8084977811486,-1.195751987831356e-06
46,178,contact,0.0016679860739826336,-8.201392601736644e-05,8.201392601736644e-05,0.00018748020011727688,0.00018748020011727688,0.0,0.00018748020011727688,300.04459067620303,300.0561845712335,-2.1736257604463327e-06
46,294,contact,0.0016568985545289136,-9.31014454710864e-05,9.31014454710864e-05,0.00019975139420692025,0.00019975139420692025,0.0,0.00019975139420692025,300.04459067620303,300.06186979537716,-3.451528145700783e-06
46,415,contact,0.001866120124107771,-0.00013387987589222913,0.00013387987589222913,0.00025051185964836554,0.00025051185964836554,0.0,0.00025051185964836554,300.04459067620303,300.1213046236663,-1.9217753639985077e-05
48,339,contact,0.0016666055755123952,-8.339442448760488e-05,8.339442448760488e-05,0.00018905149467154432,0.0018905149467154433,0.0,0.0018905149467154433,300.30605862229527,300.3432653953196,-7.033996052150485e-05
48,379,contact,0.001741330143617112,-8.669856382887992e-06,8.669856382887992e-06,6.095615420548958e-05,0.00011082937128270832,0.0,0.00011082937128270832,300.30605862229527,300.2478686494535,6.449158105011668e-06
48,385,contact,0.0016767427272271086,-7.325727277289148e-05,7.325727277289148e-05,0.00017718909121479493,0.0003221619840268999,0.0,0.0003221619840268999,300.30605862229527,300.2796627058884,8.503760799836102e-06
48,390,contact,0.001700440597756946,-4.955940224305399e-05,4.955940224305399e-05,0.00014573861471295693,0.00026497929947810354,0.0,0.00026497929947810354,300.30605862229527,300.26811015419963,1.0055558492248587e-05
48,432,contact,0.0019221789722083636,-7.782102779163645e-05,7.782102779163645e-05,0.00019099373491643538,0.0003472613362117007,0.0,0.0003472613362117007,300.30605862229527,300.31815205168726,-4.199580450046341e-06
48,451,contact,0.0018786034618833217,-0.00012139653811667835,0.00012139653811667835,0.00023854690784454318,0.0004337216506264422,0.0,0.0004337216506264422,300.30605862229527,300.19185850454005,4.9531063574526974e-05
49,224,contact,0.001671573854275066,-7.8426145724934e-05,7.8426145724934e-05,0.00018333359024108484,0.00018333359024108484,0.0,0.00018333359024108484,300.4673529243335,300.3693726797245,1.7963070016868545e-05
49,351,contact,0.0017219893457614656,-2.8010654238534412e-05,2.8010654238534412e-05,0.00010956535082875896,0.00010956535082875896,0.0,0.00010956535082875896,300.4673529243335,300.520002067726,-5.768521866632928e-06
50,222,contact,0.0017034254572013882,-4.6574542798611795e-05,4.6574542798611795e-05,0.00014128169853969833,0.00014128169853969833,0.0,0.00014128169853969833,300.1384645805058,300.0961246907134,5.981851545854142e-06
50,284,contact,0.001729747236088556,-2.0252763911443985e-05,2.0252763911443985e-05,9.316520789461817e-05,9.316520789461817e-05,0.0,9.316520789461817e-05,300.1384645805058,300.0548666535683,7.78841824269131e-06
50,347,contact,0.0016985972734382497,-5.1402726561750305e-05,5.1402726561750305e-05,0.00014842418925173836,0.00014842418925173836,0.0,0.00014842418925173836,300.1384645805058,300.1807810102441,-6.280781775938438e-06
50,392,contact,0.0017371293233200242,-1.2870676679975837e-05,1.2870676679975837e-05,7.426980740124627e-05,7.426980740124627e-05,0.0,7.426980740124627e-05,300.1384645805058,300.2140401554527,-5.612983395546533e-06
50,402,contact,0.0019499292651173272,-5.0070734882672876e-05,5.0070734882672876e-05,0.0001532013608825095,0.0001532013608825095,0.0,0.0001532013608825095,300.1384645805058,300.193168184464,-8.380666571576635e-06
50,450,contact,0.0019837473810675383,-1.6252618932461726e-05,1.6252618932461726e-05,8.728353295204905e-05,8.728353295204905e-05,0.0,8.728353295204905e-05,300.1384645805058,300.06394695118223,6.504161954572039e-06
51,317,contact,0.0016852422993827918,-6.475770061720827e-05,6.475770061720827e-05,0.0001665932179427417,0.0001665932179427417,0.0,0.0001665932179427417,300.9466921461799,300.89505343913186,8.602658377533479e-06
51,449,contact,0.0018793416038945662,-0.00012065839610543388,0.00012065839610543388,0.00023782056928369784,0.00023782056928369784,0.0,0.00023782056928369784,300.9466921461799,300.8528747160337,2.231171464610348e-05
52,136,contact,0.001667458913826665,-8.254108617333496e-05,8.254108617333496e-05,0.000188081767370321,0.000188081767370321,0.0,0.000188081767370321,300.416762822387,300.48370010528225,-1.2589682469906388e-05
52,316,contact,0.001665609472655581,-8.439052734441894e-05,8.439052734441894e-05,0.00019017720384392506,0.00019017720384392506,0.0,0.00019017720384392506,300.416762822387,300.53772990115306,-2.3005180796896572e-05
52,361,contact,0.001650217058328994,-9.978294167100601e-05,9.978294167100601e-05,0.00020679486903451587,0.000375990670971847,0.0,0.000375990670971847,300.416762822387,300.3848405859226,1.200246310718101e-05
52,362,contact,0.0017434309451767795,-6.569054823220505e-06,6.569054823220505e-06,5.305948746408737e-05,5.305948746408737e-05,0.0,5.305948746408737e-05,300.416762822387,300.4373148347869,-1.0904792442937032e-06
53,135,contact,0.0016426209106485898,-0.00010737908935141028,0.00010737908935141028,0.00021452181642442098,0.00039003966622622,0.0,0.00039003966622622,300.70635671537525,300.71519654373395,-3.4478837025254213e-06
53,180,contact,0.0016100201941901232,-0.00013997980580987687,0.00013997980580987687,0.0002449313074049336,0.000445329649827152,0.0,0.000445329649827152,300.70635671537525,300.6455650833252,2.7072316213265734e-05
53,376,contact,0.0016062987371905637,-0.0001437012628094363,0.0001437012628094363,0.0002481657822701559,0.0002481657822701559,0.0,0.0002481657822701559,300.70635671537525,300.8123255088848,-2.629782853751777e-05
54,85,contact,0.001394840234727978,-0.00010515976527202204,0.00010515976527202204,0.00019858225493988194,0.00019858225493988194,0.0,0.00019858225493988194,300.9496019559559,300.86395963690586,1.7007044835242986e-05
54,109,contact,0.0016969548397397023,-5.30451602602977e-05,5.30451602602977e-05,0.00015077678903450677,0.00015077678903450677,0.0,0.00015077678903450677,300.9496019559559,300.8787939002411,1.0676211278461414e-05
55,197,contact,0.0016879637811327587,-6.20362188672413e-05,6.20362188672413e-05,0.00016305505494495842,0.00016305505494495842,0.0,0.00016305505494495842,300.41603395252434,300.5009291370281,-1.384258897382141e-05
55,216,contact,0.001648169453582065,-0.00010183054641793501,0.00010183054641793501,0.0002089058705506946,0.0002089058705506946,0.0,0.0002089058705506946,300.41603395252434,300.3517328803937,1.3432871450798731e-05
55,264,contact,0.0016070948791207067,-0.00014290512087929337,0.00014290512087929337,0.0002474773763506706,0.0002474773763506706,0.0,0.0002474773763506706,300.41603395252434,300.42118965243685,-1.27591908759858e-06
55,339,contact,0.001688730712911031,-6.1269287088969e-05,6.1269287088969e-05,0.00016204402455898345,0.0002946254991981517,0.0,0.0002946254991981517,300.41603395252434,300.3432653953196,2.1439472492383912e-05
55,348,contact,0.0016516302391033654,-9.83697608966346e-05,9.83697608966346e-05,0.0002053252759786299,0.0002053252759786299,0.0,0.0002053252759786299,300.41603395252434,300.49434859447445,-1.6079975471572044e-05
55,483,contact,0.0019274590135457102,-7.254098645428984e-05,7.254098645428984e-05,0.00018440061659454494,0.00018440061659454494,0.0,0.00018440061659454494,300.41603395252434,300.43595720700165,-3.673860410185137e-06
56,148,contact,0.0016236417800007486,-0.00012635821999925148,0.00012635821999925148,0.0002327090949164258,0.00042310744530259237,0.0,0.00042310744530259237,300.96759726488983,300.91504114136166,2.2236887161014466e-05
56,215,contact,0.0016751822977995547,-7.481770220044539e-05,7.481770220044539e-05,0.00017906627129215763,0.0003255750387130139,0.0,0.0003255750387130139,300.96759726488983,300.9492402941701,5.976571452722591e-06
56,244,contact,0.0017456198440637077,-4.380155936292316e-06,4.380155936292316e-06,4.332677794369691e-05,7.877595989763076e-05,0.0,7.877595989763076e-05,300.96759726488983,300.9264637542545,3.2403317842589145e-06
56,256,contact,0.0017270792142831783,-2.292078571682174e-05,2.292078571682174e-05,9.911202691216585e-05,0.00018020368529484697,0.0,0.00018020368529484697,300.96759726488983,300.9394910019053,5.0648521696770716e-06
56,356,contact,0.0015912282634505958,-0.0001587717365494042,0.0001587717365494042,0.00026085442290623453,0.0026085442290623454,0.0,0.0026085442290623454,300.96759726488983,300.9070066729048,0.0001580532390580288
57,168,contact,0.0016431527121968915,-0.00010684728780310858,0.00010684728780310858,0.00021398994082143398,0.00021398994082143398,0.0,0.00021398994082143398,300.78694678271444,300.7073647991257,1.702974395860954e-05
57,265,contact,0.0016747055460886245,-7.529445391137556e-05,7.529445391137556e-05,0.00017963588638215865,0.00017963588638215865,0.0,0.00017963588638215865,300.78694678271444,300.7965421905712,-1.7236795955456462e-06
57,326,contact,0.0016498152793873618,-0.00010018472061263826,0.00010018472061263826,0.0002072107835851885,0.0002072107835851885,0.0,0.0002072107835851885,300.78694678271444,300.88556638647526,-2.0435045372141103e-05
58,178,contact,0.001636714143337193,-0.00011328585666280696,0.00011328585666280696,0.00022034309934036342,0.00022034309934036342,0.0,0.00022034309934036342,300.18642562494733,300.0561845712335,2.869771743666663e-05
58,186,contact,0.0016430363366949613,-0.00010696366330503878,0.00010696366330503878,0.00021410644546083558,0.00021410644546083558,0.0,0.00021410644546083558,300.18642562494733,300.16730101372264,4.094702530140319e-06
58,350,contact,0.0016163441911159996,-0.00013365580888400046,0.00013365580888400046,0.00023933462129471764,0.00023933462129471764,0.0,0.00023933462129471764,300.18642562494733,300.27935662503984,-2.224160571367921e-05
58,385,contact,0.0017086677110161005,-4.133228898389957e-05,4.133228898389957e-05,0.00013309334369515614,0.00013309334369515614,0.0,0.00013309334369515614,300.18642562494733,300.2796627058884,-1.2409234858826124e-05
58,455,contact,0.0019730676160134774,-2.693238398652261e-05,2.693238398652261e-05,0.0001123590450016485,0.0001123590450016485,0.0,0.0001123590450016485,300.18642562494733,300.16988560713503,1.8584206057006914e-06
59,393,contact,0.0016832313661823198,-6.676863381768023e-05,6.676863381768023e-05,0.0001691600685120629,0.0001691600685120629,0.0,0.0001691600685120629,300.8172157872401,300.73132397313515,1.452946515862184e-05
59,407,contact,0.0019244239064844834,-7.557609351551667e-05,7.557609351551667e-05,0.00018821873933112622,0.00018821873933112622,0.0,0.00018821873933112622,300.8172157872401,300.75050333135175,1.2556534344991292e-05
59,418,contact,0.0019291440240168693,-7.085597598313078e-05,7.085597598313078e-05,0.00018224636825487785,0.00018224636825487785,0.0,0.00018224636825487785,300.8172157872401,300.92753297668474,-2.0104907132368997e-05
59,449,contact,0.0019182347247925632,-8.176527520743684e-05,8.176527520743684e-05,0.00019577403493182136,0.00019577403493182136,0.0,0.00019577403493182136,300.8172157872401,300.8528747160337,-6.981092371262969e-06
60,326,contact,0.001676002419449327,-7.399758055067298e-05,7.399758055067298e-05,0.00017808214061896066,0.00017808214061896066,0.0,0.00017808214061896066,300.96185600624847,300.88556638647526,1.3585818796219138e-05
60,368,contact,0.001689342190351026,-6.0657809648973935e-05,6.0657809648973935e-05,0.00016123338405948858,0.00016123338405948858,0.0,0.00016123338405948858,300.96185600624847,300.9429504974881,3.048199154802911e-06
61,155,contact,0.0016854800569867335,-6.451994301326651e-05,6.451994301326651e-05,0.00016628711359736444,0.00016628711359736444,0.0,0.00016628711359736444,300.56428328213656,300.522479991513,6.951348536659228e-06
61,156,contact,0.0016881387451569258,-6.186125484307424e-05,6.186125484307424e-05,0.00016282495619934166,0.00016282495619934166,0.0,0.00016282495619934166,300.56428328213656,300.4584020009443,1.7240114972456554e-05
61,283,contact,0.0017307392760609558,-1.926072393904424e-05,1.926072393904424e-05,9.085480710384069e-05,0.00016519055837061944,0.0,0.00016519055837061944,300.56428328213656,300.5783145084264,-2.3178261054416246e-06
61,367,contact,0.0017071013193129452,-4.289868068705488e-05,4.289868068705488e-05,0.00013559184660546763,0.00013559184660546763,0.0,0.00013559184660546763,300.56428328213656,300.54031236376795,3.2502610864280135e-06
61,428,contact,0.0019319477215753015,-6.805227842469853e-05,6.805227842469853e-05,0.00017860432668773013,0.0003247351394322366,0.0,0.0003247351394322366,300.56428328213656,300.6416506361408,-2.5123898490074083e-05
62,177,contact,0.0016982477594567884,-5.175224054321161e-05,5.175224054321161e-05,0.00014892794117081054,0.00014892794117081054,0.0,0.00014892794117081054,300.13510016099815,300.11476441261124,3.028561139430533e-06
62,202,contact,0.001612120462031296,-0.00013787953796870413,0.00013787953796870413,0.00024308687862164847,0.00024308687862164847,0.0,0.00024308687862164847,300.13510016099815,300.1772787341033,-1.025305768084869e-05
62,420,contact,0.001904193801691414,-9.580619830858606e-05,9.580619830858606e-05,0.0002119178035398388,0.00038530509734516146,0.0,0.00038530509734516146,300.13510016099815,300.0598987384326,2.8975491442116073e-05
62,422,contact,0.001907385228526216,-9.261477147378414e-05,9.261477147378414e-05,0.00020835828308069808,0.00037883324196490565,0.0,0.00037883324196490565,300.13510016099815,300.1925159114953,-2.1750994900691376e-05
63,154,contact,0.0016031479479137285,-0.00014685205208627154,0.00014685205208627154,0.00025087166789268815,0.00045613030525943303,0.0,0.00045613030525943303,300.9860882629695,300.928527289134,2.6255304566594098e-05
63,326,contact,0.0016445848519611268,-0.00010541514803887324,0.00010541514803887324,0.00021255098350299046,0.0003864563336418009,0.0,0.0003864563336418009,300.9860882629695,300.88556638647526,3.8847315840747425e-05
63,413,contact,0.0018100991835255876,-0.0001899008164744124,0.0001899008164744124,0.00029835550560092033,0.0005424645556380369,0.0,0.0005424645556380369,300.9860882629695,300.9002478260909,4.656539444711608e-05
64,93,contact,0.0013750369915155008,-0.0001249630084844992,0.0001249630084844992,0.0002164743129835205,0.0002164743129835205,0.0,0.0002164743129835205,300.39331941409876,300.3895718780613,8.112452890882943e-07
64,106,contact,0.001737327448611803,-1.2672551388197067e-05,1.2672551388197067e-05,7.369595275240329e-05,7.369595275240329e-05,0.0,7.369595275240329e-05,300.39331941409876,300.2754184695504,8.688822438899142e-06
64,260,contact,0.0016980270059186336,-5.197299408136644e-05,5.197299408136644e-05,0.00014924523550380298,0.00014924523550380298,0.0,0.00014924523550380298,300.39331941409876,300.3278282019951,9.774251373841134e-06
64,311,contact,0.0016160801705361032,-0.0001339198294638968,0.0001339198294638968,0.00023957089269647166,0.00023957089269647166,0.0,0.00023957089269647166,300.39331941409876,300.46304020035,-1.6703071001712514e-05
64,338,contact,0.0016663392343997667,-8.366076560023332e-05,8.366076560023332e-05,0.000189353145811395,0.00034427844692980913,0.0,0.00034427844692980913,300.39331941409876,300.3533104841236,1.3774212275171049e-05
64,405,contact,0.0019481916696772938,-5.180833032270623e-05,5.180833032270623e-05,0.00015583694952984848,0.00015583694952984848,0.0,0.00015583694952984848,300.39331941409876,300.49820763492556,-1.6345460375262923e-05
65,211,contact,0.0017134045935505132,-3.659540644948686e-05,3.659540644948686e-05,0.00012523476203198794,0.00012523476203198794,0.0,0.00012523476203198794,300.7258355415408,300.6956734987376,3.7773362528535916e-06
65,407,contact,0.0019368906827852451,-6.310931721475489e-05,6.310931721475489e-05,0.00017199561751514588,0.00017199561751514588,0.0,0.00017199561751514588,300.7258355415408,300.75050333135175,-4.242751741270302e-06
65,477,contact,0.0019378223540097797,-6.217764599022037e-05,6.217764599022037e-05,0.00017072132719117374,0.00017072132719117374,0.0,0.00017072132719117374,300.7258355415408,300.6408613116989,1.45069132956505e-05
65,497,contact,0.0018586576225867965,-0.00014134237741320358,0.00014134237741320358,0.00025739898875566544,0.00025739898875566544,0.0,0.00025739898875566544,300.7258355415408,300.8373058925293,-2.8692355620678364e-05
66,78,contact,0.0014743469543851634,-2.5653045614836608e-05,2.5653045614836608e-05,9.808104865652553e-05,9.808104865652553e-05,0.0,9.808104865652553e-05,300.8892550435725,300.94788715993366,-5.750699457651915e-06
66,200,contact,0.0017348731395476725,-1.5126860452327516e-05,1.5126860452327516e-05,8.051670754479874e-05,8.051670754479874e-05,0.0,8.051670754479874e-05,300.8892550435725,300.9457082024849,-4.545422486130116e-06
66,305,contact,0.0017300226998941363,-1.9977300105863786e-05,1.9977300105863786e-05,9.252945501498533e-05,9.252945501498533e-05,0.0,9.252945501498533e-05,300.8892550435725,300.919703405741,-2.8173703575501507e-06
66,473,contact,0.0019747730676966404,-2.5226932303359668e-05,2.5226932303359668e-05,0.0001087433883838454,0.0001087433883838454,0.0,0.0001087433883838454,300.8892550435725,300.7686638748014,1.311349230133906e-05
67,180,contact,0.0016006353904309376,-0.00014936460956906246,0.00014936460956906246,0.0002530087036072609,0.0025300870360726087,0.0,0.0025300870360726087,300.5858661512835,300.6455650833252,-0.00015104349402615187
67,251,contact,0.0015991271317190505,-0.00015087286828094956,0.00015087286828094956,0.00025428291466757165,0.0025428291466757166,0.0,0.0025428291466757166,300.5858661512835,300.5227138727362,0.00016058545456907494
67,340,contact,0.0016648941302377168,-8.510586976228328e-05,8.510586976228328e-05,0.0001909815283838615,0.0003472391425161118,0.0,0.0003472391425161118,300.5858661512835,300.6133456585585,-9.541960542942515e-06
68,211,contact,0.0017486394666997532,-1.3605333002467915e-06,1.3605333002467915e-06,2.414716753794879e-05,2.414716753794879e-05,0.0,2.414716753794879e-05,300.81938856136145,300.6956734987376,2.9873683441454583e-06
68,492,contact,0.0019987482252650035,-1.2517747349964983e-06,1.2517747349964983e-06,2.4223323616498387e-05,2.4223323616498387e-05,0.0,2.4223323616498387e-05,300.81938856136145,300.911759468405,-2.2375303740659695e-06
69,107,contact,0.0017263710285161755,-2.3628971483824522e-05,2.3628971483824522e-05,0.000100631516258557,0.000100631516258557,0.0,0.000100631516258557,300.2357552780755,300.2581955950508,-2.25820312254625e-06
69,271,contact,0.0016764535384256854,-7.354646157431465e-05,7.354646157431465e-05,0.00017753848062681426,0.00017753848062681426,0.0,0.00017753848062681426,300.2357552780755,300.35350306170596,-2.0904762602929835e-05
69,347,contact,0.0016943639393294445,-5.563606067055557e-05,5.563606067055557e-05,0.00015441510936973322,0.00015441510936973322,0.0,0.00015441510936973322,300.2357552780755,300.1807810102441,8.488857579701875e-06
69,422,contact,0.0019256760328778052,-7.432396712219488e-05,7.432396712219488e-05,0.0001866530460199588,0.0003393691745817433,0.0,0.0003393691745817433,300.2357552780755,300.1925159114953,1.4674108145748662e-05
70,189,contact,0.0016931663153574134,-5.6833684642586604e-05,5.6833684642586604e-05,0.00015606823321307703,0.00015606823321307703,0.0,0.00015606823321307703,300.513534395109,300.43818612241597,1.175947179485679e-05
70,227,contact,0.0016039458201468613,-0.00014605417985313874,0.00014605417985313874,0.0002501892254044687,0.0004548895007353976,0.0,0.0004548895007353976,300.513534395109,300.53940398358844,-1.1767804187648103e-05
70,384,contact,0.001638414825647034,-0.00011158517435296608,0.00011158517435296608,0.00021868291561034803,0.00021868291561034803,0.0,0.00021868291561034803,300.513534395109,300.5369861545368,-5.128499127866947e-06
70,445,contact,0.001919182243482885,-8.081775651711497e-05,8.081775651711497e-05,0.00019463638757282164,0.00019463638757282164,0.0,0.00019463638757282164,300.513534395109,300.4548420917239,1.1423657909204108e-05
70,489,contact,0.001997305483795606,-2.694516204394034e-06,2.694516204394034e-06,3.553947763839113e-05,6.461723206980206e-05,0.0,6.461723206980206e-05,300.513534395109,300.61082773602243,-6.28682638865002e-06
71,121,contact,0.001736707735055038,-1.3292264944962055e-05,1.3292264944962055e-05,7.54763868796878e-05,7.54763868796878e-05,0.0,7.54763868796878e-05,300.71240973328355,300.7384067118456,-1.962158011651043e-06
71,301,contact,0.001739533775757171,-1.046622424282894e-05,1.046622424282894e-05,6.69740597208958e-05,0.00012177101767435601,0.0,0.00012177101767435601,300.71240973328355,300.672255103254,4.889670163038763e-06
71,322,contact,0.0017378408963711269,-1.2159103628873145e-05,1.2159103628873145e-05,7.218756411165434e-05,7.218756411165434e-05,0.0,7.218756411165434e-05,300.71240973328355,300.7354984539894,-1.6667185062101485e-06
71,393,contact,0.0017396321901482503,-1.0367809851749739e-05,1.0367809851749739e-05,6.66584359201543e-05,6.66584359201543e-05,0.0,6.66584359201543e-05,300.71240973328355,300.73132397313515,-1.260793645126101e-06
72,146,contact,0.0017026891907802788,-4.731080921972124e-05,4.731080921972124e-05,0.0001423940346158021,0.0001423940346158021,0.0,0.0001423940346158021,300.26460705514364,300.31195638955523,-6.742262763239461e-06
72,201,contact,0.0016750491711591633,-7.495082884083674e-05,7.495082884083674e-05,0.0001792255109880567,0.0001792255109880567,0.0,0.0001792255109880567,300.26460705514364,300.2791646980118,-2.6091009818292815e-06
72,297,contact,0.0016646497330069171,-8.53502669930829e-05,8.53502669930829e-05,0.00019125555117219053,0.00019125555117219053,0.0,0.00019125555117219053,300.26460705514364,300.2157124547633,9.351363745082504e-06
73,250,contact,0.0017072036040616247,-4.2796395938375295e-05,4.2796395938375295e-05,0.00013543010206382473,0.00013543010206382473,0.0,0.00013543010206382473,300.7226731522929,300.6017225487902,1.638035257705269e-05
73,288,contact,0.0017068659956239124,-4.313400437608761e-05,4.313400437608761e-05,0.00013596323722045645,0.00013596323722045645,0.0,0.00013596323722045645,300.7226731522929,300.7076531399972,2.04216949481157e-06
73,478,contact,0.0019505049235315965,-4.9495076468403535e-05,4.9495076468403535e-05,0.0001523181443379749,0.0001523181443379749,0.0,0.0001523181443379749,300.7226731522929,300.8153669274959,-1.411894383060711e-05
73,480,contact,0.0019789847338966514,-2.1015266103348654e-05,2.1015266103348654e-05,9.925173039269733e-05,9.925173039269733e-05,0.0,9.925173039269733e-05,300.7226731522929,300.7660333861572,-4.303578241262948e-06
74,200,contact,0.0017257851024748128,-2.421489752518725e-05,2.421489752518725e-05,0.00010187155258010083,0.00010187155258010083,0.0,0.00010187155258010083,300.8903485610698,300.9457082024849,-5.6395726212362255e-06
74,281,contact,0.0017166563673283598,-3.334363267164025e-05,3.334363267164025e-05,0.00011954132460302514,0.00011954132460302514,0.0,0.00011954132460302514,300.8903485610698,300.9279630954388,-4.496491262799483e-06
74,401,contact,0.0018918788570360422,-0.00010812114296395781,0.00010812114296395781,0.00022512615522047905,0.00022512615522047905,0.0,0.00022512615522047905,300.8903485610698,300.90896487625764,-4.191019462611433e-06
74,468,contact,0.0018956948566686564,-0.0001043051433313436,0.0001043051433313436,0.0002211176970225751,0.0002211176970225751,0.0,0.0002211176970225751,300.8903485610698,300.8255546366593,1.4327083346700257e-05
75,238,contact,0.0017036371305239858,-4.6362869476014286e-05,4.6362869476014286e-05,0.00014096028236353005,0.00014096028236353005,0.0,0.00014096028236353005,300.2946104732931,300.2289139628134,9.260598667518663e-06
75,248,contact,0.0016957590492166035,-5.424095078339656e-05,5.424095078339656e-05,0.00015246678905359295,0.00015246678905359295,0.0,0.00015246678905359295,300.2946104732931,300.2866307320241,1.2166455287667538e-06
76,102,contact,0.0016819631655077935,-6.803683449220651e-05,6.803683449220651e-05,0.00017075902129551687,0.00017075902129551687,0.0,0.00017075902129551687,300.913605806864,300.93639260500447,-3.891051348928065e-06
76,187,contact,0.0016878665956597402,-6.213340434025987e-05,6.213340434025987e-05,0.0001631827253728512,0.0001631827253728512,0.0,0.0001631827253728512,300.913605806864,300.92951524751925,-2.59614588528362e-06
76,492,contact,0.001953482395789888,-4.651760421011189e-05,4.651760421011189e-05,0.00014766559170466877,0.00014766559170466877,0.0,0.00014766559170466877,300.913605806864,300.911759468405,2.726406610295435e-07
76,497,contact,0.0019858475734257654,-1.4152426574234617e-05,1.4152426574234617e-05,8.144906357148912e-05,8.144906357148912e-05,0.0,8.144906357148912e-05,300.913605806864,300.8373058925293,6.2145565731459434e-06
77,194,contact,0.0017133098699301298,-3.669013006987027e-05,3.669013006987027e-05,0.00012539673623550106,0.00012539673623550106,0.0,0.00012539673623550106,300.59103004472684,300.61300858520855,-2.7560372436264796e-06
77,268,contact,0.0017079991012878195,-4.2000898712180566e-05,4.2000898712180566e-05,0.00013416551405768585,0.00013416551405768585,0.0,0.00013416551405768585,300.59103004472684,300.5132267920536,1.0438513390262638e-05
77,437,contact,0.0019867033699070428,-1.3296630092957291e-05,1.3296630092957291e-05,7.894805479600957e-05,7.894805479600957e-05,0.0,7.894805479600957e-05,300.59103004472684,300.6883405632253,-7.682476146646798e-06
78,109,contact,0.0017264391955261558,-2.3560804473844255e-05,2.3560804473844255e-05,0.0001004862559340706,0.0001004862559340706,0.0,0.0001004862559340706,300.94788715993366,300.8787939002411,6.942922976787704e-06
80,142,contact,0.0017108125803199485,-3.918741968005155e-05,3.918741968005155e-05,0.00012959401388300235,0.00012959401388300235,0.0,0.00012959401388300235,300.89809114271367,300.9307562315655,-4.233199978155239e-06
80,215,contact,0.0017335229496632,-1.6477050336800034e-05,1.6477050336800034e-05,8.403328508088761e-05,8.403328508088761e-05,0.0,8.403328508088761e-05,300.89809114271367,300.9492402941701,-4.2982312259859335e-06
80,253,contact,0.0017258631999669033,-2.413680003309675e-05,2.413680003309675e-05,0.00010170714267605387,0.00010170714267605387,0.0,0.00010170714267605387,300.89809114271367,300.7920151533733,1.0788685782342977e-05
80,261,contact,0.0017000095337673844,-4.999046623261564e-05,4.999046623261564e-05,0.00014637105427052114,0.0002661291895827657,0.0,0.0002661291895827657,300.89809114271367,300.97835127360594,-2.1359563590166608e-05
80,488,contact,0.0019497524452863242,-5.0247554713675827e-05,5.0247554713675827e-05,0.0001534716301862841,0.0001534716301862841,0.0,0.0001534716301862841,300.89809114271367,300.82555209060337,1.1132686579535686e-05
81,232,contact,0.0016487489135705296,-0.00010125108642947047,0.00010125108642947047,0.00020831064004387135,0.00020831064004387135,0.0,0.00020831064004387135,300.2971605204397,300.28780470275774,1.9489163694666792e-06
81,236,contact,0.0016502975095418393,-9.970249045816075e-05,9.970249045816075e-05,0.0002067114867823827,0.0002067114867823827,0.0,0.0002067114867823827,300.2971605204397,300.2928686317,8.871827024910498e-07
82,350,contact,0.0016494928295994497,-0.00010050717040055034,0.00010050717040055034,0.00020754397509982277,0.00020754397509982277,0.0,0.00020754397509982277,300.3050109275757,300.27935662503984,5.324395926710776e-06
82,443,contact,0.0019523986426956976,-4.7601357304302445e-05,4.7601357304302445e-05,0.00014937582212791925,0.00014937582212791925,0.0,0.00014937582212791925,300.3050109275757,300.35005443793506,-6.728411391453107e-06
83,136,contact,0.0016815655274178291,-6.843447258217091e-05,6.843447258217091e-05,0.00017125729087566824,0.000311376892501215,0.0,0.000311376892501215,300.5656659855846,300.48370010528225,2.5522281099667442e-05
83,227,contact,0.001678260573093463,-7.173942690653695e-05,7.173942690653695e-05,0.00017534385838754125,0.0017534385838754124,0.0,0.0017534385838754124,300.5656659855846,300.53940398358844,4.604880758985303e-05
83,272,contact,0.001710551519656746,-3.9448480343253975e-05,3.9448480343253975e-05,0.00013002496520161147,0.00023640902763929356,0.0,0.00023640902763929356,300.5656659855846,300.5781790754022,-2.958207396545903e-06
83,404,contact,0.001976166427126015,-2.3833572873985243e-05,2.3833572873985243e-05,0.00010569762194430196,0.00019217749444418538,0.0,0.00019217749444418538,300.5656659855846,300.4789090649226,1.667272763851021e-05
83,489,contact,0.0019239203168080708,-7.607968319192919e-05,7.607968319192919e-05,0.00018884478149055857,0.0018884478149055858,0.0,0.0018884478149055858,300.5656659855846,300.61082773602243,-8.528560893165387e-05
85,148,contact,0.0017414302904222145,-8.569709577785573e-06,8.569709577785573e-06,6.060307480808063e-05,6.060307480808063e-05,0.0,6.060307480808063e-05,300.86395963690586,300.91504114136166,-3.0956962358438124e-06
85,182,contact,0.0016594203766677083,-9.057962333229174e-05,9.057962333229174e-05,0.00019702750714299303,0.00019702750714299303,0.0,0.00019702750714299303,300.86395963690586,300.801587290409,1.2289067944940475e-05
85,244,contact,0.001692366683117167,-5.7633316882832984e-05,5.7633316882832984e-05,0.0001571623140252954,0.0001571623140252954,0.0,0.0001571623140252954,300.86395963690586,300.9264637542545,-9.823291718618331e-06
85,258,contact,0.0016841419364471628,-6.585806355283727e-05,6.585806355283727e-05,0.0001680026320620823,0.0001680026320620823,0.0,0.0001680026320620823,300.86395963690586,300.7753376266194,1.4888730986762483e-05
85,352,contact,0.001730792101697948,-1.9207898302052136e-05,1.9207898302052136e-05,9.073012958860579e-05,9.073012958860579e-05,0.0,9.073012958860579e-05,300.86395963690586,300.8336694359497,2.748233858019814e-06
86,135,contact,0.001720165675509194,-2.9834324490806037e-05,2.9834324490806037e-05,0.00011307581115114011,0.00020559238391116384,0.0,0.00020559238391116384,300.6719069896558,300.71519654373395,-8.900002621382518e-06
86,369,contact,0.0017250433721214087,-2.4956627878591374e-05,2.4956627878591374e-05,0.00010342000610255951,0.00010342000610255951,0.0,0.00010342000610255951,300.6719069896558,300.62190070912624,5.17164983753177e-06
87,261,contact,0.0017173996263700538,-3.260037362994624e-05,3.260037362994624e-05,0.00011820147502695721,0.00021491177277628584,0.0,0.00021491177277628584,300.9666523124573,300.97835127360594,-2.514244480091822e-06
87,476,contact,0.001967766722407918,-3.2233277592082134e-05,3.2233277592082134e-05,0.0001229200914061184,0.0001229200914061184,0.0,0.0001229200914061184,300.9666523124573,300.8643278313905,1.2577734565818403e-05
88,176,contact,0.0016383717607734829,-0.00011162823922651719,0.00011162823922651719,0.00021872511047939065,0.00021872511047939065,0.0,0.00021872511047939065,300.0331460988867,300.0476288102368,-3.167732640097536e-06
88,353,contact,0.0016664728170900354,-8.352718290996464e-05,8.352718290996464e-05,0.00018920191358511826,0.00018920191358511826,0.0,0.00018920191358511826,300.0331460988867,300.0702410538873,-7.018436470469578e-06
89,222,contact,0.0017245866672626223,-2.5413332737377753e-05,2.5413332737377753e-05,0.00010436200609426324,0.00010436200609426324,0.0,0.00010436200609426324,300.04202842706445,300.0961246907134,-5.645594596607957e-06
89,412,contact,0.0019500923414033516,-4.990765859664843e-05,4.990765859664843e-05,0.00015295167526764442,0.00015295167526764442,0.0,0.00015295167526764442,300.04202842706445,300.0979745710152,-8.557056442029632e-06
90,355,contact,0.0017063641962172082,-4.363580378279183e-05,4.363580378279183e-05,0.00013675181448175977,0.00013675181448175977,0.0,0.00013675181448175977,300.8990781856819,300.9477461951941,-6.655438608008661e-06
90,368,contact,0.001691336927354828,-5.866307264517203e-05,5.866307264517203e-05,0.0001585601363771199,0.0001585601363771199,0.0,0.0001585601363771199,300.8990781856819,300.9429504974881,-6.956399743167905e-06
90,460,contact,0.001934981487879406,-6.5018512120594e-05,6.5018512120594e-05,0.00017457785528677007,0.00017457785528677007,0.0,0.00017457785528677007,300.8990781856819,300.82110816864383,1.3611838351179055e-05
91,217,contact,0.0016638326198064523,-8.616738019354771e-05,8.616738019354771e-05,0.00019216887683963334,0.00019216887683963334,0.0,0.00019216887683963334,300.5498661555554,300.4850491189423,1.2455817126008682e-05
91,290,contact,0.0017165886936445012,-3.341130635549881e-05,3.341130635549881e-05,0.00011966257265834533,0.00011966257265834533,0.0,0.00011966257265834533,300.5498661555554,300.56140628801836,-1.3809219393386222e-06
91,292,contact,0.0016827190058096454,-6.728099419035468e-05,6.728099419035468e-05,0.00016980786729673715,0.00016980786729673715,0.0,0.00016980786729673715,300.5498661555554,300.5253544487969,4.162280648457136e-06
91,303,contact,0.001690129390941711,-5.987060905828911e-05,5.987060905828911e-05,0.00016018374590935397,0.00016018374590935397,0.0,0.00016018374590935397,300.5498661555554,300.6041531569881,-8.695895243680573e-06
91,405,contact,0.0019776633912233395,-2.2336608776660563e-05,2.2336608776660563e-05,0.00010232441235628787,0.00010232441235628787,0.0,0.00010232441235628787,300.5498661555554,300.49820763492556,5.2859277666409505e-06
91,431,contact,0.0019380309332899543,-6.196906671004573e-05,6.196906671004573e-05,0.00017043473830277071,0.00017043473830277071,0.0,0.00017043473830277071,300.5498661555554,300.6192605083488,-1.1827208358039747e-05
92,193,contact,0.0017361852096624785,-1.381479033752157e-05,1.381479033752157e-05,7.694559396330882e-05,7.694559396330882e-05,0.0,7.694559396330882e-05,300.5285005150585,300.5530940031666,-1.8923605501080805e-06
92,227,contact,0.001729445314660166,-2.055468533983403e-05,2.055468533983403e-05,9.385707677063498e-05,0.0001706492304920636,0.0,0.0001706492304920636,300.5285005150585,300.53940398358844,-1.8606685143273396e-06
92,324,contact,0.0017259395812426336,-2.4060418757366466e-05,2.4060418757366466e-05,0.00010154608824997319,0.00010154608824997319,0.0,0.00010154608824997319,300.5285005150585,300.4915416412199,3.753029064435541e-06
93,160,contact,0.0016277058010631287,-0.00012229419893687132,0.00012229419893687132,0.0002289362346688995,0.0002289362346688995,0.0,0.0002289362346688995,300.3895718780613,300.39133083712665,-4.0268946535601306e-07
93,224,contact,0.001690764738589021,-5.923526141097895e-05,5.923526141097895e-05,0.00015933154303120667,0.00015933154303120667,0.0,0.00015933154303120667,300.3895718780613,300.3693726797245,3.2183694389953305e-06
93,260,contact,0.0016538231444410856,-9.617685555891441e-05,9.617685555891441e-05,0.00020302377294886402,0.00020302377294886402,0.0,0.00020302377294886402,300.3895718780613,300.3278282019951,1.2535434070695331e-05
94,112,contact,0.0017478739543800058,-2.1260456199941914e-06,2.1260456199941914e-06,3.0185466843647443e-05,3.0185466843647443e-05,0.0,3.0185466843647443e-05,300.2621716483336,300.1255430707413,4.124197398807652e-06
94,132,contact,0.0016970017598399842,-5.299824016001585e-05,5.299824016001585e-05,0.00015071009089357503,0.00015071009089357503,0.0,0.00015071009089357503,300.2621716483336,300.1615363625113,1.5166753073380751e-05
94,430,contact,0.001909484614863393,-9.051538513660706e-05,9.051538513660706e-05,0.00020598321966311858,0.00020598321966311858,0.0,0.00020598321966311858,300.2621716483336,300.32371477024793,-1.267685040003272e-05
94,471,contact,0.0019262025565344894,-7.379744346551064e-05,7.379744346551064e-05,0.0001859907299422692,0.0001859907299422692,0.0,0.0001859907299422692,300.2621716483336,300.29773309848866,-6.61410007214479e-06
95,178,contact,0.0016841059697599208,-6.589403024007926e-05,6.589403024007926e-05,0.00016804850095826406,0.00016804850095826406,0.0,0.00016804850095826406,300.052528373574,300.0561845712335,-6.14418535885302e-07
95,294,contact,0.0016990599839325864,-5.0940016067413645e-05,5.0940016067413645e-05,0.00014775464614509755,0.00014775464614509755,0.0,0.00014775464614509755,300.052528373574,300.06186979537716,-1.3802384730217449e-06
95,455,contact,0.0018543371130521657,-0.00014566288694783437,0.00014566288694783437,0.00026130342182374374,0.00026130342182374374,0.0,0.00026130342182374374,300.052528373574,300.16988560713503,-3.0665846705271067e-05
96,124,contact,0.0016765175976163355,-7.348240238366451e-05,7.348240238366451e-05,0.00017746114550635484,0.00017746114550635484,0.0,0.00017746114550635484,300.0881773703842,300.05766269057415,5.4151700338492525e-06
96,293,contact,0.001688006788635934,-6.1993211364066e-05,6.1993211364066e-05,0.00016299852501181806,0.00016299852501181806,0.0,0.00016299852501181806,300.0881773703842,300.13711847249164,-7.977327455966942e-06
96,320,contact,0.0017211217180434983,-2.8878281956501743e-05,2.8878281956501743e-05,0.00011124929911143918,0.00011124929911143918,0.0,0.00011124929911143918,300.0881773703842,300.0651465967742,2.5621574221070693e-06
97,186,contact,0.0017003131652727971,-4.96868347272029e-05,4.96868347272029e-05,0.000145925863849524,0.000145925863849524,0.0,0.000145925863849524,300.2381707735691,300.16730101372264,1.0341730926402926e-05
97,255,contact,0.0017197456196775152,-3.0254380322484835e-05,3.0254380322484835e-05,0.00011386906074676582,0.00011386906074676582,0.0,0.00011386906074676582,300.2381707735691,300.2204264054863,2.020534527131935e-06
97,400,contact,0.0017387540123893312,-1.1245987610668815e-05,1.1245987610668815e-05,6.942412387636535e-05,6.942412387636535e-05,0.0,6.942412387636535e-05,300.2381707735691,300.2082395652177,2.0779479163568683e-06
97,442,contact,0.0019526398683833135,-4.73601316166865e-05,4.73601316166865e-05,0.00014899685129331357,0.00014899685129331357,0.0,0.00014899685129331357,300.2381707735691,300.3350870053184,-1.444021336986366e-05
98,145,contact,0.0016307373926957086,-0.00011926260730429146,0.00011926260730429146,0.00022608083949674613,0.00041105607181226564,0.0,0.00041105607181226564,300.98332216426866,300.9474517708473,1.4744743014145691e-05
98,287,contact,0.0016862058998713648,-6.379410012863525e-05,6.379410012863525e-05,0.00016534911135702532,0.00030063474792186423,0.0,0.00030063474792186423,300.98332216426866,300.96494316789955,5.525364940483742e-06
98,465,contact,0.0019040325021829328,-9.596749781706727e-05,9.596749781706727e-05,0.00021209612113791775,0.00038562931115985045,0.0,0.00038562931115985045,300.98332216426866,300.8473721858569,5.2426296527123096e-05
98,495,contact,0.001983675706351721,-1.6324293648279156e-05,1.6324293648279156e-05,8.747578320673017e-05,0.0008747578320673017,0.0,0.0008747578320673017,300.98332216426866,300.9550727034797,2.471143707682989e-05
99,345,contact,0.001648580970440943,-0.00010141902955905697,0.00010141902955905697,0.00020848332878782656,0.00020848332878782656,0.0,0.00020848332878782656,300.5263345661369,300.43190058688594,1.9687910344915844e-05
99,351,contact,0.0017151250673055887,-3.487493269441135e-05,3.487493269441135e-05,0.00012225546910537904,0.00012225546910537904,0.0,0.00012225546910537904,300.5263345661369,300.520002067726,7.741825638300228e-07
99,374,contact,0.0016565870474864884,-9.341295251351161e-05,9.341295251351161e-05,0.00020008528807933553,0.00020008528807933553,0.0,0.00020008528807933553,300.5263345661369,300.61780363977056,-1.8301615948343853e-05
99,384,contact,0.0016540052875973518,-9.599471240264823e-05,9.599471240264823e-05,0.0002028314350136743,0.0002028314350136743,0.0,0.0002028314350136743,300.5263345661369,300.5369861545368,-2.1604769603315187e-06
100,115,contact,0.0016967708387404588,-5.322916125954122e-05,5.322916125954122e-05,0.00015103806699855675,0.00015103806699855675,0.0,0.00015103806699855675,300.14540319872384,300.06039865308554,1.2838922259299223e-05
100,130,contact,0.0017031528406164834,-4.684715938351662e-05,4.684715938351662e-05,0.0001416945800710356,0.0001416945800710356,0.0,0.0001416945800710356,300.14540319872384,300.1857359502556,-5.714932291402744e-06
100,143,contact,0.0016881651241806893,-6.183487581931072e-05,6.183487581931072e-05,0.00016279023639462803,0.00016279023639462803,0.0,0.00016279023639462803,300.14540319872384,300.14035381142855,8.219909514478076e-07
100,306,contact,0.0016685050669686314,-8.149493303136863e-05,8.149493303136863e-05,0.00018688606119929478,0.00018688606119929478,0.0,0.00018688606119929478,300.14540319872384,300.24629272636133,-1.8854846436428177e-05
100,380,contact,0.0016677379648194128,-8.226203518058722e-05,8.226203518058722e-05,0.00018776356924211197,0.00018776356924211197,0.0,0.00018776356924211197,300.14540319872384,300.1960962551366,-9.51830920784782e-06
101,111,contact,0.001972671096479086,-2.7328903520913977e-05,2.7328903520913977e-05,0.00011689504591922187,0.00011689504591922187,0.0,0.00011689504591922187,300.93114835970624,300.91854278876247,1.4735287943107578e-06
101,154,contact,0.0019347200734380159,-6.527992656198416e-05,6.527992656198416e-05,0.00018066533502858836,0.00018066533502858836,0.0,0.00018066533502858836,300.93114835970624,300.928527289134,4.735365930633084e-07
101,241,contact,0.0019399445245215133,-6.005547547848671e-05,6.005547547848671e-05,0.0001732851342130748,0.0001732851342130748,0.0,0.0001732851342130748,300.93114835970624,300.9285320910444,4.5336046620179996e-07
101,358,contact,0.00197074225397539,-2.9257746024610124e-05,2.9257746024610124e-05,0.00012094987809958744,0.00012094987809958744,0.0,0.00012094987809958744,300.93114835970624,300.8084977811486,1.4834572525388625e-05
101,463,contact,0.002177330087277535,-7.266991272246535e-05,7.266991272246535e-05,0.00020092828007700403,0.00020092828007700403,0.0,0.00020092828007700403,300.93114835970624,300.8483159824556,1.6643367095666243e-05
102,145,contact,0.001889384391309774,-0.00011061560869022615,0.00011061560869022615,0.00023517611346629802,0.00023517611346629802,0.0,0.00023517611346629802,300.93639260500447,300.9474517708473,-2.6008516410944444e-06
102,256,contact,0.0018694344352474625,-0.0001305655647525375,0.0001305655647525375,0.00025550495567849314,0.00025550495567849314,0.0,0.00025550495567849314,300.93639260500447,300.9394910019053,-7.916557628232254e-07
102,355,contact,0.0019441608415365224,-5.58391584634776e-05,5.58391584634776e-05,0.00016709152950325997,0.00016709152950325997,0.0,0.00016709152950325997,300.93639260500447,300.9477461951941,-1.8970887501382248e-06
102,460,contact,0.002210155073571988,-3.9844926428012246e-05,3.9844926428012246e-05,0.00014878195535005103,0.00014878195535005103,0.0,0.00014878195535005103,300.93639260500447,300.82110816864383,1.7152243863164408e-05
102,497,contact,0.0022375769835552024,-1.2423016444797902e-05,1.2423016444797902e-05,8.307632516346339e-05,8.307632516346339e-05,0.0,8.307632516346339e-05,300.93639260500447,300.8373058925293,8.231759944967025e-06
103,132,contact,0.001946635985077848,-5.336401492215203e-05,5.336401492215203e-05,0.00016334628083025342,0.00016334628083025342,0.0,0.00016334628083025342,300.2085009047322,300.1615363625113,7.671483302680327e-06
103,387,contact,0.0019353377012810975,-6.466229871890253e-05,6.466229871890253e-05,0.00017980864650914667,0.00017980864650914667,0.0,0.00017980864650914667,300.2085009047322,300.3346188984788,-2.2677105756028433e-05
103,395,contact,0.001944851893178502,-5.5148106821498134e-05,5.5148106821498134e-05,0.0001660543688396938,0.0003019170342539887,0.0,0.0003019170342539887,300.2085009047322,300.0902064044808,3.5715124684463085e-05
103,430,contact,0.0021169047810659786,-0.0001330952189340217,0.0001330952189340217,0.0002719223938859739,0.0002719223938859739,0.0,0.0002719223938859739,300.2085009047322,300.32371477024793,-3.1329230119893225e-05
103,458,contact,0.002123384445384302,-0.00012661555461569848,0.00012661555461569848,0.00026522061531204387,0.00026522061531204387,0.0,0.00026522061531204387,300.2085009047322,300.16845979451847,1.0619727888664284e-05
104,161,contact,0.0019605693691425456,-3.9430630857454404e-05,3.9430630857454404e-05,0.00014041123683212537,0.00014041123683212537,0.0,0.00014041123683212537,300.9452716630764,300.94124804192927,5.649616218159503e-07
104,187,contact,0.001897085581778304,-0.00010291441822169595,0.00010291441822169595,0.00022684181517270568,0.00022684181517270568,0.0,0.00022684181517270568,300.9452716630764,300.92951524751925,3.5742139056056395e-06
104,407,contact,0.00224907821894682,-9.217810531801131e-07,9.217810531801131e-07,2.2629639526516166e-05,2.2629639526516166e-05,0.0,2.2629639526516166e-05,300.9452716630764,300.75050333135175,4.4075371381103e-06
104,418,contact,0.002148458108559718,-0.0001015418914402824,0.0001015418914402824,0.0002375124458028842,0.0002375124458028842,0.0,0.0002375124458028842,300.9452716630764,300.92753297668474,4.2131587902184595e-06
104,492,contact,0.0021546102629996645,-9.538973700033574e-05,9.538973700033574e-05,0.00023020490510308386,0.00023020490510308386,0.0,0.00023020490510308386,300.9452716630764,300.911759468405,7.714671594126295e-06
105,214,contact,0.001921088031533172,-7.891196846682809e-05,7.891196846682809e-05,0.0001986353045996961,0.0001986353045996961,0.0,0.0001986353045996961,300.71566799662565,300.7761293152707,-1.2009752445553852e-05
105,286,contact,0.0018855618067833261,-0.00011443819321667391,0.00011443819321667391,0.00023920513499575412,0.00023920513499575412,0.0,0.00023920513499575412,300.71566799662565,300.76280218388126,-1.1274739625392898e-05
105,366,contact,0.0018140515534295048,-0.00018594844657049523,0.00018594844657049523,0.000304916748121922,0.0005543940874944037,0.0,0.0005543940874944037,300.71566799662565,300.6591270941012,3.134594206114257e-05
105,374,contact,0.0018748327895041737,-0.0001251672104958263,0.0001251672104958263,0.00025016715461449604,0.00025016715461449604,0.0,0.00025016715461449604,300.71566799662565,300.61780363977056,2.4482447692617486e-05
105,462,contact,0.0021603227240547954,-8.967727594520487e-05,8.967727594520487e-05,0.00022320553052836113,0.0004058282373242929,0.0,0.0004058282373242929,300.71566799662565,300.84039823066473,-5.0619051021125324e-05
105,494,contact,0.002196732213766621,-5.3267786233379254e-05,5.3267786233379254e-05,0.00017202678446712763,0.00017202678446712763,0.0,0.00017202678446712763,300.71566799662565,300.64679647467017,1.1847746463359527e-05
106,212,contact,0.0019156889961838798,-8.431100381612027e-05,8.431100381612027e-05,0.00020531805061430944,0.00020531805061430944,0.0,0.00020531805061430944,300.2754184695504,300.23105407560735,9.108810881073494e-06
106,260,contact,0.001955109872792064,-4.4890127207936146e-05,4.4890127207936146e-05,0.00014981676676516575,0.00014981676676516575,0.0,0.00014981676676516575,300.2754184695504,300.3278282019951,-7.85185666189042e-06
106,359,contact,0.0018976812370363994,-0.00010231876296360061,0.00010231876296360061,0.00022618439707857902,0.00022618439707857902,0.0,0.00022618439707857902,300.2754184695504,300.2653853764905,2.2693291045906167e-06
106,426,contact,0.002182651799806831,-6.73482001931694e-05,6.73482001931694e-05,0.000193431297296955,0.000193431297296955,0.0,0.000193431297296955,300.2754184695504,300.1660244036812,2.1160236077667188e-05
106,486,contact,0.0021672963627718295,-8.270363722817078e-05,8.270363722817078e-05,0.0002143512657456483,0.0002143512657456483,0.0,0.0002143512657456483,300.2754184695504,300.2459034481237,6.326582201317824e-06
107,202,contact,0.0019476309408098852,-5.236905919011486e-05,5.236905919011486e-05,0.00016181634526541943,0.00016181634526541943,0.0,0.00016181634526541943,300.2581955950508,300.1772787341033,1.3093670708869447e-05
107,218,contact,0.0019059776038820608,-9.402239611793926e-05,9.402239611793926e-05,0.0002168206587458161,0.0002168206587458161,0.0,0.0002168206587458161,300.2581955950508,300.34036130158336,-1.7815222616708977e-05
107,486,contact,0.0021777115628606293,-7.228843713937092e-05,7.228843713937092e-05,0.00020040020672445943,0.00020040020672445943,0.0,0.00020040020672445943,300.2581955950508,300.2459034481237,2.463348785268704e-06
108,119,contact,0.0019764746612204523,-2.3525338779547753e-05,2.3525338779547753e-05,0.00010845584073609811,0.00010845584073609811,0.0,0.00010845584073609811,300.94778511720233,300.9536659919053,-6.378152101770497e-07
108,478,contact,0.00222998552911538,-2.0014470884620415e-05,2.0014470884620415e-05,0.00010544738257280636,0.00010544738257280636,0.0,0.00010544738257280636,300.94778511720233,300.8153669274959,1.3963151509570645e-05
109,205,contact,0.0018862143438379431,-0.00011378565616205691,0.00011378565616205691,0.0002385221752395958,0.0002385221752395958,0.0,0.0002385221752395958,300.8787939002411,300.84364945330816,8.38272993003216e-06
109,333,contact,0.0019778747126387476,-2.2125287361252424e-05,2.2125287361252424e-05,0.00010517910287041915,0.00010517910287041915,0.0,0.00010517910287041915,300.8787939002411,300.8914869285895,-1.3350413343929173e-06
109,352,contact,0.0018902322806470112,-0.00010976771935298883,0.00010976771935298883,0.00023427304513429285,0.00023427304513429285,0.0,0.00023427304513429285,300.8787939002411,300.8336694359497,1.0571445659601068e-05
110,243,contact,0.0019621060469936368,-3.7893953006363276e-05,3.7893953006363276e-05,0.00013764801670631378,0.00013764801670631378,0.0,0.00013764801670631378,300.9462684611674,300.8710208941618,1.0357678360294931e-05
110,281,contact,0.001943152167819083,-5.684783218091712e-05,5.684783218091712e-05,0.00016859393847484125,0.00016859393847484125,0.0,0.00016859393847484125,300.9462684611674,300.9279630954388,3.086173703401231e-06
110,468,contact,0.0021289730441386525,-0.00012102695586134775,0.00012102695586134775,0.0002593013646334102,0.0002593013646334102,0.0,0.0002593013646334102,300.9462684611674,300.8255546366593,3.1301259425061264e-05
111,223,contact,0.0019486679315175793,-5.133206848242076e-05,5.133206848242076e-05,0.0001602062241025934,0.0001602062241025934,0.0,0.0001602062241025934,300.91854278876247,300.94408546309,-4.092095407497323e-06
111,231,contact,0.0018173339409420601,-0.0001826660590579399,0.0001826660590579399,0.00030221354954563167,0.00030221354954563167,0.0,0.00030221354954563167,300.91854278876247,300.8293892442754,2.6943409134017754e-05
111,463,contact,0.002159628707949586,-9.037129205041435e-05,9.037129205041435e-05,0.0002240675642777002,0.0002240675642777002,0.0,0.0002240675642777002,300.91854278876247,300.8483159824556,1.5735549436186985e-05
112,122,contact,0.001901413879091031,-9.858612090896893e-05,9.858612090896893e-05,0.00022202040549121712,0.00022202040549121712,0.0,0.00022202040549121712,300.1255430707413,300.0660585195984,1.3206784165203703e-05
112,416,contact,0.002215460185356532,-3.453981464346823e-05,3.453981464346823e-05,0.00013852359334437547,0.00013852359334437547,0.0,0.00013852359334437547,300.1255430707413,300.0759682368805,6.8672841258468e-06
112,470,contact,0.002160252735121517,-8.974726487848313e-05,8.974726487848313e-05,0.00022329261429603373,0.00022329261429603373,0.0,0.00022329261429603373,300.1255430707413,300.23534210667435,-2.451731378067827e-05
112,474,contact,0.0021953874669406307,-5.461253305936954e-05,5.461253305936954e-05,0.00017418466104710307,0.00017418466104710307,0.0,0.00017418466104710307,300.1255430707413,300.0763570928432,8.567442888451756e-06
113,205,contact,0.0019605080617023742,-3.94919382976258e-05,3.94919382976258e-05,0.0001405203513688067,0.0001405203513688067,0.0,0.0001405203513688067,300.7772570840203,300.84364945330816,-9.32947906054082e-06
113,258,contact,0.001936221616473693,-6.377838352630708e-05,6.377838352630708e-05,0.00017857545117723638,0.00017857545117723638,0.0,0.00017857545117723638,300.7772570840203,300.7753376266194,3.4276797138156853e-07
113,423,contact,0.002179893852025828,-7.010614797417231e-05,7.010614797417231e-05,0.00019735212181694748,0.00019735212181694748,0.0,0.00019735212181694748,300.7772570840203,300.7792050235416,-3.844299976998656e-07
113,437,contact,0.0021963774543780038,-5.36225456219965e-05,5.36225456219965e-05,0.00017259867648198056,0.00017259867648198056,0.0,0.00017259867648198056,300.7772570840203,300.6883405632253,1.5346873806591417e-05
113,493,contact,0.002209679465012969,-4.032053498703118e-05,4.032053498703118e-05,0.00014966728839334705,0.00014966728839334705,0.0,0.00014966728839334705,300.7772570840203,300.8267490417462,-7.407327110118681e-06
114,118,contact,0.0019117279849915887,-8.827201500841131e-05,8.827201500841131e-05,0.00021008571466000646,0.00021008571466000646,0.0,0.00021008571466000646,300.58765112934947,300.63433859989954,-9.80837061617917e-06
114,302,contact,0.0019521118865121355,-4.788811348786456e-05,4.788811348786456e-05,0.00015473867242526116,0.00015473867242526116,0.0,0.00015473867242526116,300.58765112934947,300.60061620556377,-2.0061986812931278e-06
114,316,contact,0.001896110962813095,-0.00010388903718690505,0.00010388903718690505,0.00022791340152227232,0.00022791340152227232,0.0,0.00022791340152227232,300.58765112934947,300.53772990115306,1.1377716926413497e-05
114,457,contact,0.002193305571506168,-5.669442849383236e-05,5.669442849383236e-05,0.0001774736733118345,0.0001774736733118345,0.0,0.0001774736733118345,300.58765112934947,300.5469492295639,7.223515665716052e-06
114,500,contact,0.002190157805045107,-5.984219495489343e-05,5.984219495489343e-05,0.00018233393503083752,0.00018233393503083752,0.0,0.00018233393503083752,300.58765112934947,300.6857723179174,-1.7890822421490925e-05
115,143,contact,0.0019783170097079994,-2.168299029200061e-05,2.168299029200061e-05,0.00010412250067108601,0.00010412250067108601,0.0,0.00010412250067108601,300.06039865308554,300.14035381142855,-8.325131028227013e-06
115,289,contact,0.0019183728766848215,-8.162712331517851e-05,8.162712331517851e-05,0.00020202366608293508,0.00020202366608293508,0.0,0.00020202366608293508,300.06039865308554,300.09283935701234,-6.553789937602259e-06
115,353,contact,0.0019205813437602691,-7.94186562397309e-05,7.94186562397309e-05,0.00019927199532263797,0.00019927199532263797,0.0,0.00019927199532263797,300.06039865308554,300.0702410538873,-1.961314846528776e-06
116,161,contact,0.0019085054571428399,-9.149454285716017e-05,9.149454285716017e-05,0.00021388611789590294,0.00021388611789590294,0.0,0.00021388611789590294,300.9294419718039,300.94124804192927,-2.5251545067230272e-06
116,439,contact,0.0021512649377972955,-9.873506220270476e-05,9.873506220270476e-05,0.00023420677260667757,0.00023420677260667757,0.0,0.00023420677260667757,300.9294419718039,300.9195241044015,2.3228317154588123e-06
116,449,contact,0.0021876484957268614,-6.235150427313886e-05,6.235150427313886e-05,0.0001861175021221493,0.0001861175021221493,0.0,0.0001861175021221493,300.9294419718039,300.8528747160337,1.4250506388300067e-05
116,478,contact,0.0020661089919643636,-0.00018389100803563665,0.00018389100803563665,0.000319627394212244,0.000319627394212244,0.0,0.000319627394212244,300.9294419718039,300.8153669274959,3.6461509156806244e-05
117,306,contact,0.0018990419122547036,-0.00010095808774529644,0.00010095808774529644,0.00022467541893284235,0.00022467541893284235,0.0,0.00022467541893284235,300.35391011940874,300.24629272636133,2.4178982867386205e-05
117,308,contact,0.001925933655996489,-7.406634400351103e-05,7.406634400351103e-05,0.00019244004781166396,0.00019244004781166396,0.0,0.00019244004781166396,300.35391011940874,300.205194063618,2.8618924886727195e-05
117,318,contact,0.0019798290791126385,-2.0170920887361502e-05,2.0170920887361502e-05,0.00010042639316275752,0.00010042639316275752,0.0,0.00010042639316275752,300.35391011940874,300.2922858218793,6.188705932068269e-06
117,425,contact,0.0021992229174187853,-5.0777082581214984e-05,5.0777082581214984e-05,0.0001679568108857072,0.0001679568108857072,0.0,0.0001679568108857072,300.35391011940874,300.4083021657233,-9.135514636538974e-06
117,446,contact,0.00218205121005443,-6.79487899455703e-05,6.79487899455703e-05,0.00019429186227822064,0.00019429186227822064,0.0,0.00019429186227822064,300.35391011940874,300.35100326905757,5.647773680922715e-07
117,466,contact,0.002144494931423248,-0.00010550506857675244,0.00010550506857675244,0.00024210313295594646,0.0004401875144653572,0.0,0.0004401875144653572,300.35391011940874,300.4684428463964,-5.0415876417631886e-05
118,165,contact,0.001980480823562803,-1.9519176437196844e-05,1.9519176437196844e-05,9.879062819214393e-05,9.879062819214393e-05,0.0,9.879062819214393e-05,300.63433859989954,300.5537815970298,7.958276918777845e-06
118,226,contact,0.001963056372292962,-3.694362770703804e-05,3.694362770703804e-05,0.0001359110512560293,0.0001359110512560293,0.0,0.0001359110512560293,300.63433859989954,300.6903159494383,-7.6079404223377645e-06
118,343,contact,0.0018401718275748054,-0.00015982817242519466,0.00015982817242519466,0.00028269079612289704,0.00028269079612289704,0.0,0.00028269079612289704,300.63433859989954,300.7036835393525,-1.960317614104757e-05
118,363,contact,0.0019464993504751036,-5.3500649524896486e-05,5.3500649524896486e-05,0.00016355526516272182,0.00016355526516272182,0.0,0.00016355526516272182,300.63433859989954,300.6919199783877,-9.417737627069364e-06
118,457,contact,0.002115318896005989,-0.0001346811039940111,0.0001346811039940111,0.0002735376309618631,0.0002735376309618631,0.0,0.0002735376309618631,300.63433859989954,300.5469492295639,2.3904281332860694e-05
118,467,contact,0.002231623434139371,-1.8376565860629256e-05,1.8376565860629256e-05,0.0001010406020167395,0.0001010406020167395,0.0,0.0001010406020167395,300.63433859989954,300.6842400709591,-5.042074677379878e-06
119,243,contact,0.001906364253651437,-9.363574634856315e-05,9.363574634856315e-05,0.0002163743819731938,0.0002163743819731938,0.0,0.0002163743819731938,300.9536659919053,300.8710208941618,1.788228194736896e-05
119,281,contact,0.001990766537047727,-9.233462952272856e-06,9.233462952272856e-06,6.794653395233953e-05,6.794653395233953e-05,0.0,6.794653395233953e-05,300.9536659919053,300.9279630954388,1.7464227274343916e-06
119,381,contact,0.0019300499351270683,-6.995006487293173e-05,6.995006487293173e-05,0.00018701612881370918,0.00018701612881370918,0.0,0.00018701612881370918,300.9536659919053,300.9312627813739,4.189761706585109e-06
120,322,contact,0.0018959517067488822,-0.00010404829325111786,0.00010404829325111786,0.00022808802385385985,0.00022808802385385985,0.0,0.00022808802385385985,300.70263343081535,300.7354984539894,-7.496118189681269e-06
120,407,contact,0.002191353146305041,-5.8646853694959214e-05,5.8646853694959214e-05,0.0001805036990925351,0.0001805036990925351,0.0,0.0001805036990925351,300.70263343081535,300.75050333135175,-8.640694122011539e-06
120,485,contact,0.0021361726794058714,-0.00011382732059412887,0.00011382732059412887,0.00025147047606045446,0.00025147047606045446,0.0,0.00025147047606045446,300.70263343081535,300.6384636222379,1.61368123116787e-05
121,158,contact,0.0019667718947046194,-3.322810529538065e-05,3.322810529538065e-05,0.00012889551058004435,0.00012889551058004435,0.0,0.00012889551058004435,300.7384067118456,300.6526090179433,1.1058937562126454e-05
121,365,contact,0.001962253875776526,-3.7746124223473915e-05,3.7746124223473915e-05,0.00013737926376181,0.00013737926376181,0.0,0.00013737926376181,300.7384067118456,300.66060348446644,1.0688550095640267e-05
121,421,contact,0.00215456181487095,-9.543818512905032e-05,9.543818512905032e-05,0.0002302633578331201,0.0002302633578331201,0.0,0.0002302633578331201,300.7384067118456,300.71935963842446,4.385843082841142e-06
121,449,contact,0.002141563006801341,-0.00010843699319865912,0.00010843699319865912,0.00024544403435254863,0.00024544403435254863,0.0,0.00024544403435254863,300.7384067118456,300.8528747160337,-2.8095488752211068e-05
122,246,contact,0.0018312279742293152,-0.00016877202577068482,0.00016877202577068482,0.00029049270711214493,0.0005281685583857181,0.0,0.0005281685583857181,300.0660585195984,300.02645304796204,2.091836485837213e-05
122,382,contact,0.0019602920550009888,-3.970794499901127e-05,3.970794499901127e-05,0.000140904125204004,0.000140904125204004,0.0,0.000140904125204004,300.0660585195984,300.04120192895556,3.5023961600855547e-06
122,395,contact,0.0019238729916759045,-7.612700832409559e-05,7.612700832409559e-05,0.00019509870364010058,0.0003547249157092738,0.0,0.0003547249157092738,300.0660585195984,300.0902064044808,-8.565856429460107e-06
122,416,contact,0.002121463805512599,-0.00012853619448740129,0.00012853619448740129,0.000267224618883525,0.000267224618883525,0.0,0.000267224618883525,300.0660585195984,300.0759682368805,-2.6481204239485877e-06
123,192,contact,0.0019035007429995922,-9.649925700040782e-05,9.649925700040782e-05,0.0002196579807341493,0.002196579807341493,0.0,0.002196579807341493,300.30400515755525,300.33165338344145,-6.0731534690434674e-05
123,338,contact,0.0018183009592817679,-0.00018169904071823218,0.00018169904071823218,0.00030141254180792826,0.0030141254180792824,0.0,0.0030141254180792824,300.30400515755525,300.3533104841236,-0.0001486124380563463
123,377,contact,0.0018590135438519538,-0.00014098645614804626,0.00014098645614804626,0.00026550560836642064,0.0026550560836642065,0.0,0.0026550560836642065,300.30400515755525,300.2221023913219,0.000217456437756722
123,417,contact,0.002150201208771169,-9.979879122883105e-05,9.979879122883105e-05,0.00023546501418449862,0.0004281182076081793,0.0,0.0004281182076081793,300.30400515755525,300.23158201659237,3.10056652983839e-05
123,496,contact,0.0022212403048055018,-2.8759695194498485e-05,2.8759695194498485e-05,0.00012640256501111064,0.00022982284547474663,0.0,0.00022982284547474663,300.30400515755525,300.3854543723289,-1.8718890300968625e-05
124,269,contact,0.0019762680638010636,-2.3731936198936442e-05,2.3731936198936442e-05,0.00010893102450389523,0.00010893102450389523,0.0,0.00010893102450389523,300.05766269057415,300.05867506290866,-1.1027875557807184e-07
124,412,contact,0.002193087800339968,-5.6912199660032105e-05,5.6912199660032105e-05,0.0001778141971272762,0.0001778141971272762,0.0,0.0001778141971272762,300.05766269057415,300.0979745710152,-7.1680246553139705e-06
125,206,contact,0.0019239193333661364,-7.608066663386363e-05,7.608066663386363e-05,0.00019503931223456417,0.00019503931223456417,0.0,0.00019503931223456417,300.7049932501746,300.800590677973,-1.864525656919247e-05
125,477,contact,0.0021828229069258,-6.717709307420012e-05,6.717709307420012e-05,0.00019318542197444534,0.00019318542197444534,0.0,0.00019318542197444534,300.7049932501746,300.6408613116989,1.2389355596461176e-05
125,490,contact,0.0021933825294422186,-5.661747055778167e-05,5.661747055778167e-05,0.00017735317958773308,0.000322460326523151,0.0,0.000322460326523151,300.7049932501746,300.6855927209988,6.255900972754158e-06
126,143,contact,0.001893257223860508,-0.00010674277613949203,0.00010674277613949203,0.00023102248390523814,0.00023102248390523814,0.0,0.00023102248390523814,300.12096361349455,300.14035381142855,-4.479571690127176e-06
126,179,contact,0.0018420559949143787,-0.0001579440050856213,0.0001579440050856213,0.0002810195767963696,0.0002810195767963696,0.0,0.0002810195767963696,300.12096361349455,300.0590608721112,1.7395882186079936e-05
126,415,contact,0.0021407086718187507,-0.00010929132818124961,0.00010929132818124961,0.00024640901879829534,0.00024640901879829534,0.0,0.00024640901879829534,300.12096361349455,300.1213046236663,-8.4027981814653e-08
126,420,contact,0.0021718000000230226,-7.819999997697768e-05,7.819999997697768e-05,0.0002084333093141647,0.0003789696532984813,0.0,0.0003789696532984813,300.12096361349455,300.0598987384326,2.314173453094564e-05
126,429,contact,0.00216601525026949,-8.398474973051037e-05,8.398474973051037e-05,0.0002160050793262232,0.0002160050793262232,0.0,0.0002160050793262232,300.12096361349455,300.194033515567,-1.5783469993521398e-05
127,160,contact,0.0019539529150481086,-4.6047084951891457e-05,4.6047084951891457e-05,0.00015173510627388025,0.00015173510627388025,0.0,0.00015173510627388025,300.4366041782836,300.39133083712665,6.869555231820164e-06
127,204,contact,0.0018467664698628957,-0.00015323353013710437,0.00015323353013710437,0.00027679733573239497,0.00027679733573239497,0.0,0.00027679733573239497,300.4366041782836,300.462508876288,-7.170351390573093e-06
127,324,contact,0.001942522834204636,-5.747716579536399e-05,5.747716579536399e-05,0.00016952457903702931,0.00016952457903702931,0.0,0.00016952457903702931,300.4366041782836,300.4915416412199,-9.31325027764253e-06
127,396,contact,0.0019173613622958515,-8.26386377041485e-05,8.26386377041485e-05,0.0002032715397001613,0.0002032715397001613,0.0,0.0002032715397001613,300.4366041782836,300.37105532844913,1.3324215631421798e-05
127,452,contact,0.0021257852645610747,-0.00012421473543892557,0.00012421473543892557,0.0002626940927294686,0.0002626940927294686,0.0,0.0002626940927294686,300.4366041782836,300.50749463568235,-1.8622504389548295e-05
128,187,contact,0.0018765198853058246,-0.0001234801146941754,0.0001234801146941754,0.00024847546628809793,0.00024847546628809793,0.0,0.00024847546628809793,300.8943955893876,300.92951524751925,-8.726373430136454e-06
128,333,contact,0.0019476872738815121,-5.2312726118487925e-05,5.2312726118487925e-05,0.0001617292894291073,0.0001617292894291073,0.0,0.0001617292894291073,300.8943955893876,300.8914869285895,4.704156440736808e-07
128,352,contact,0.0018938899242963258,-0.0001061100757036742,0.0001061100757036742,0.0002303367922235549,0.0002303367922235549,0.0,0.0002303367922235549,300.8943955893876,300.8336694359497,1.3987467386970594e-05
128,418,contact,0.0021420728254009013,-0.00010792717459909892,0.00010792717459909892,0.00024486637466982646,0.00024486637466982646,0.0,0.00024486637466982646,300.8943955893876,300.92753297668474,-8.114231893478484e-06
128,472,contact,0.002110028148368879,-0.0001399718516311211,0.0001399718516311211,0.00027885863765547464,0.0005070157048281357,0.0,0.0005070157048281357,300.8943955893876,300.73954783030393,7.851024571286919e-05
129,169,contact,0.001966149529036572,-3.385047096342818e-05,3.385047096342818e-05,0.00013009702333917594,0.00013009702333917594,0.0,0.00013009702333917594,300.0316729049339,300.050814612294,-2.4902791491812216e-06
129,310,contact,0.0019370126402543917,-6.298735974560833e-05,6.298735974560833e-05,0.00017746458765850772,0.00032266288665183223,0.0,0.00032266288665183223,300.0316729049339,300.038154670289,-2.0914251200732985e-06
129,382,contact,0.0019231756343090459,-7.682436569095416e-05,7.682436569095416e-05,0.00019599026211900703,0.00019599026211900703,0.0,0.00019599026211900703,300.0316729049339,300.04120192895556,-1.867595915746222e-06
130,143,contact,0.001875439587723369,-0.00012456041227663114,0.00012456041227663114,0.0002495600251208426,0.0002495600251208426,0.0,0.0002495600251208426,300.1857359502556,300.14035381142855,1.132556770571647e-05
130,238,contact,0.0018971122765139654,-0.00010288772348603461,0.00010288772348603461,0.00022681239327474438,0.00022681239327474438,0.0,0.00022681239327474438,300.1857359502556,300.2289139628134,-9.793308365082256e-06
130,248,contact,0.0018862065336012384,-0.00011379346639876168,0.00011379346639876168,0.00023853036116893136,0.00023853036116893136,0.0,0.00023853036116893136,300.1857359502556,300.2866307320241,-2.4066468735298056e-05
130,306,contact,0.001968420176689926,-3.157982331007409e-05,3.157982331007409e-05,0.0001256579152104516,0.0001256579152104516,0.0,0.0001256579152104516,300.1857359502556,300.24629272636133,-7.609438237311782e-06
130,354,contact,0.001858369092995252,-0.000141630907004748,0.000141630907004748,0.0002661117312377904,0.0002661117312377904,0.0,0.0002661117312377904,300.1857359502556,300.0639280249646,3.241451787767754e-05
130,380,contact,0.0018770994341270255,-0.00012290056587297457,0.00012290056587297457,0.00024789167581120444,0.00024789167581120444,0.0,0.00024789167581120444,300.1857359502556,300.1960962551366,-2.5682333388601283e-06
130,400,contact,0.0018840864109164431,-0.00011591358908355693,0.00011591358908355693,0.00024074217441441055,0.00024074217441441055,0.0,0.00024074217441441055,300.1857359502556,300.2082395652177,-5.417569198158336e-06
131,181,contact,0.001983760712460049,-1.6239287539950974e-05,1.6239287539950974e-05,9.010906596994271e-05,9.010906596994271e-05,0.0,9.010906596994271e-05,300.751700587644,300.6861795932356,5.904035607564232e-06
131,182,contact,0.0019373252202714963,-6.267477972850375e-05,6.267477972850375e-05,0.00017702369859499568,0.00017702369859499568,0.0,0.00017702369859499568,300.751700587644,300.801587290409,-8.831128634165854e-06
131,253,contact,0.0019982614150555974,-1.7385849444026373e-06,1.7385849444026373e-06,2.9483766248587013e-05,2.9483766248587013e-05,0.0,2.9483766248587013e-05,300.751700587644,300.7920151533733,-1.1886252323765093e-06
131,364,contact,0.0019459706284011594,-5.40293715988406e-05,5.40293715988406e-05,0.00016436144864115886,0.00029883899752937974,0.0,0.00029883899752937974,300.751700587644,300.8053729596578,-1.603939784763003e-05
131,428,contact,0.002161765550678426,-8.823444932157427e-05,8.823444932157427e-05,0.000221402661483519,0.00040255029360639815,0.0,0.00040255029360639815,300.751700587644,300.6416506361408,4.4300640288977254e-05
131,463,contact,0.0021849742821827443,-6.502571781725596e-05,6.502571781725596e-05,0.00019006682716182858,0.00019006682716182858,0.0,0.00019006682716182858,300.751700587644,300.8483159824556,-1.8363381546824192e-05
132,157,contact,0.0019386882133287967,-6.131178667120331e-05,6.131178667120331e-05,0.00017508824442435207,0.00017508824442435207,0.0,0.00017508824442435207,300.1615363625113,300.22235783960963,-1.0649125648442452e-05
132,395,contact,0.0019621061490143698,-3.789385098563027e-05,3.789385098563027e-05,0.00013764783141341215,0.0002502687843880221,0.0,0.0002502687843880221,300.1615363625113,300.0902064044808,1.7851661886742706e-05
132,416,contact,0.0021898988014061285,-6.010119859387172e-05,6.010119859387172e-05,0.0001827280897245226,0.0001827280897245226,0.0,0.0001827280897245226,300.1615363625113,300.0759682368805,1.56357001378241e-05
133,139,contact,0.0019088043178911765,-9.11956821088235e-05,9.11956821088235e-05,0.00021353650988627625,0.00021353650988627625,0.0,0.00021353650988627625,300.18660243026653,300.15877618287544,5.941919751125451e-06
133,289,contact,0.001917311567064676,-8.268843293532412e-05,8.268843293532412e-05,0.00020333277273391535,0.00020333277273391535,0.0,0.00020333277273391535,300.18660243026653,300.09283935701234,1.9065105664828637e-05
133,306,contact,0.0019885831462878286,-1.1416853712171472e-05,1.1416853712171472e-05,7.555413195905129e-05,7.555413195905129e-05,0.0,7.555413195905129e-05,300.18660243026653,300.24629272636133,-4.509848507821366e-06
133,308,contact,0.0019871581031463002,-1.2841896853699793e-05,1.2841896853699793e-05,8.013082070495657e-05,8.013082070495657e-05,0.0,8.013082070495657e-05,300.18660243026653,300.205194063618,-1.4897628387006205e-06
133,318,contact,0.001935306211765983,-6.469378823401712e-05,6.469378823401712e-05,0.00017985242316134793,0.00017985242316134793,0.0,0.00017985242316134793,300.18660243026653,300.2922858218793,-1.900741406946919e-05
134,140,contact,0.0019317260390645456,-6.827396093545446e-05,6.827396093545446e-05,0.0001847619562240215,0.0001847619562240215,0.0,0.0001847619562240215,300.180940111474,300.1867293310479,-1.069627533483913e-06
134,236,contact,0.0018237064840593183,-0.00017629351594068178,0.00017629351594068178,0.0002968951969472408,0.0002968951969472408,0.0,0.0002968951969472408,300.180940111474,300.2928686317,-3.323104005651198e-05
134,269,contact,0.0018626773016279547,-0.00013732269837204536,0.00013732269837204536,0.0002620331070418826,0.0002620331070418826,0.0,0.0002620331070418826,300.180940111474,300.05867506290866,3.203749055820243e-05
134,285,contact,0.0019892459325080948,-1.0754067491905266e-05,1.0754067491905266e-05,7.332826021359455e-05,7.332826021359455e-05,0.0,7.332826021359455e-05,300.180940111474,300.0695478888807,8.168197884090762e-06
134,360,contact,0.0018770231005504423,-0.0001229768994495577,0.0001229768994495577,0.0002479686466567474,0.0002479686466567474,0.0,0.0002479686466567474,300.180940111474,300.20475369005266,-5.905020852202933e-06
135,181,contact,0.0018862477750815256,-0.00011375222491847442,0.00011375222491847442,0.00023848713269113118,0.0004336129685293294,0.0,0.0004336129685293294,300.71519654373395,300.6861795932356,1.258212604326843e-05
135,210,contact,0.001973185875709635,-2.6814124290364897e-05,2.6814124290364897e-05,0.00011578886883108604,0.00021052521605652004,0.0,0.00021052521605652004,300.71519654373395,300.6400086227434,1.5828953311380806e-05
135,364,contact,0.0018772014548524086,-0.00012279854514759148,0.00012279854514759148,0.0002477887660363071,0.0024778876603630713,0.0,0.0024778876603630713,300.71519654373395,300.8053729596578,-0.00022344702827347494
135,369,contact,0.0018687845025309895,-0.0001312154974690105,0.0001312154974690105,0.00025614009591335996,0.0004657092652970181,0.0,0.0004657092652970181,300.71519654373395,300.62190070912624,4.3448734590431406e-05
135,388,contact,0.0019229121112520962,-7.708788874790382e-05,7.708788874790382e-05,0.00019632611740151107,0.00035695657709365646,0.0,0.00035695657709365646,300.71519654373395,300.7318756401412,-5.953713162545186e-06
135,428,contact,0.0021896163526060903,-6.038364739390997e-05,6.038364739390997e-05,0.00018315695666393464,0.0018315695666393465,0.0,0.0018315695666393465,300.71519654373395,300.6416506361408,0.00013470444609847045
136,151,contact,0.0019331916026795735,-6.680839732042657e-05,6.680839732042657e-05,0.00018276815548725465,0.00018276815548725465,0.0,0.00018276815548725465,300.48370010528225,300.43207704005124,9.435052412870434e-06
136,189,contact,0.0018813114482051192,-0.00011868855179488088,0.00011868855179488088,0.00024360680593415372,0.00024360680593415372,0.0,0.00024360680593415372,300.48370010528225,300.43818612241597,1.1087515991396824e-05
136,271,contact,0.0019286578189248603,-7.134218107513975e-05,7.134218107513975e-05,0.00018886791823274243,0.00018886791823274243,0.0,0.00018886791823274243,300.48370010528225,300.35350306170596,2.459004458031121e-05
136,272,contact,0.001974422417316011,-2.5577582683988884e-05,2.5577582683988884e-05,0.00011308753840275436,0.00011308753840275436,0.0,0.00011308753840275436,300.48370010528225,300.5781790754022,-1.0684394161692651e-05
136,316,contact,0.001898839656974754,-0.00010116034302524611,0.00010116034302524611,0.00022490035907624304,0.00022490035907624304,0.0,0.00022490035907624304,300.48370010528225,300.53772990115306,-1.215132049215989e-05
136,372,contact,0.0019892408163684487,-1.0759183631551313e-05,1.0759183631551313e-05,7.334570073136978e-05,7.334570073136978e-05,0.0,7.334570073136978e-05,300.48370010528225,300.61110088825626,-9.344299700953718e-06
137,176,contact,0.0020000023040236733,-0.0,0.0,1.0000000000000001e-07,1.0000000000000001e-07,0.0,1.0000000000000001e-07,300.0476288102368,300.0476288102368,0.0
138,254,contact,0.0019433119476038841,-5.6688052396115926e-05,5.6688052396115926e-05,0.00016835684185104554,0.00016835684185104554,0.0,0.00016835684185104554,300.1724981722084,300.1244994591749,8.08091173923595e-06
138,373,contact,0.001968129751337548,-3.187024866245199e-05,3.187024866245199e-05,0.00012623440232846985,0.00012623440232846985,0.0,0.00012623440232846985,300.1724981722084,300.20886299660833,-4.590491873904297e-06
138,380,contact,0.0019562445763503093,-4.375542364969077e-05,4.375542364969077e-05,0.00014791116193460649,0.00014791116193460649,0.0,0.00014791116193460649,300.1724981722084,300.1960962551366,-3.490419865335467e-06
139,157,contact,0.0019506681019845489,-4.933189801545118e-05,4.933189801545118e-05,0.00015705396845583236,0.00015705396845583236,0.0,0.00015705396845583236,300.15877618287544,300.22235783960963,-9.985751511100449e-06
139,319,contact,0.001965588870440612,-3.441112955938821e-05,3.441112955938821e-05,0.00013116998429402247,0.0002384908805345863,0.0,0.0002384908805345863,300.15877618287544,300.2075588843252,-1.163422942360395e-05
139,337,contact,0.0019497856058038794,-5.0214394196120655e-05,5.0214394196120655e-05,0.00015845250738962866,0.000288095467981143,0.0,0.000288095467981143,300.15877618287544,300.0196798898264,4.007301164040015e-05
139,471,contact,0.002166098523913444,-8.39014760865564e-05,8.39014760865564e-05,0.00021589796469443154,0.00021589796469443154,0.0,0.00021589796469443154,300.15877618287544,300.29773309848866,-3.0000515261110313e-05
140,141,contact,0.001950743855148594,-4.925614485140595e-05,4.925614485140595e-05,0.00015693333752171007,0.00015693333752171007,0.0,0.00015693333752171007,300.1867293310479,300.21670209008386,-4.703725110246669e-06
140,334,contact,0.001959662926730003,-4.033707326999694e-05,4.033707326999694e-05,0.0001420159731685083,0.0001420159731685083,0.0,0.0001420159731685083,300.1867293310479,300.059248674481,1.8104289502507018e-05
140,360,contact,0.0018968750749588127,-0.00010312492504118732,0.00010312492504118732,0.00022707369403036025,0.00022707369403036025,0.0,0.00022707369403036025,300.1867293310479,300.20475369005266,-4.092857781739173e-06
140,455,contact,0.0021397340318133,-0.0001102659681867001,0.0001102659681867001,0.00024750529532685436,0.00024750529532685436,0.0,0.00024750529532685436,300.1867293310479,300.16988560713503,4.168910861459062e-06
141,397,contact,0.0019581891006999305,-4.1810899300069506e-05,4.1810899300069506e-05,0.00014458716972828105,0.00014458716972828105,0.0,0.00014458716972828105,300.21670209008386,300.1902621223682,3.822880099712403e-06
141,448,contact,0.002199609170761933,-5.0390829238067085e-05,5.0390829238067085e-05,0.0001673167807850112,0.0001673167807850112,0.0,0.0001673167807850112,300.21670209008386,300.34446690348955,-2.1377197276637753e-05
141,479,contact,0.0021742296507958852,-7.577034920411502e-05,7.577034920411502e-05,0.00020516977956495095,0.00020516977956495095,0.0,0.00020516977956495095,300.21670209008386,300.0853458443366,2.695033198444689e-05
142,231,contact,0.0019708807803266535,-2.9119219673346547e-05,2.9119219673346547e-05,0.00012066320829761354,0.00012066320829761354,0.0,0.00012066320829761354,300.9307562315655,300.8293892442754,1.2231265901891055e-05
142,371,contact,0.001962177153796517,-3.782284620348301e-05,3.782284620348301e-05,0.00013751880999245705,0.00013751880999245705,0.0,0.00013751880999245705,300.9307562315655,300.83255693869484,1.3504249897675933e-05
143,354,contact,0.0019462620663723573,-5.373793362764274e-05,5.373793362764274e-05,0.00016391756102938261,0.00016391756102938261,0.0,0.00016391756102938261,300.14035381142855,300.0639280249646,1.2527528516926643e-05
143,429,contact,0.002141409714113579,-0.0001085902858864213,0.0001085902858864213,0.0002456174598915301,0.0002456174598915301,0.0,0.0002456174598915301,300.14035381142855,300.194033515567,-1.318467257821746e-05
144,201,contact,0.001925688571041798,-7.431142895820194e-05,7.431142895820194e-05,0.00019275817616666997,0.00019275817616666997,0.0,0.00019275817616666997,300.31050098863886,300.2791646980118,6.040326229099389e-06
144,236,contact,0.0019395930159574614,-6.040698404253869e-05,6.040698404253869e-05,0.0001737915188415975,0.0001737915188415975,0.0,0.0001737915188415975,300.31050098863886,300.2928686317,3.0643540931619117e-06
144,328,contact,0.001918481983861198,-8.151801613880214e-05,8.151801613880214e-05,0.00020188860311914854,0.00020188860311914854,0.0,0.00020188860311914854,300.31050098863886,300.30915520424816,2.7169853073952175e-07
144,396,contact,0.0019520476669641041,-4.795233303589593e-05,4.795233303589593e-05,0.00015484239250911866,0.00015484239250911866,0.0,0.00015484239250911866,300.31050098863886,300.37105532844913,-9.376378853031884e-06
145,287,contact,0.0019171563038586589,-8.284369614134117e-05,8.284369614134117e-05,0.00020352358111695701,0.00020352358111695701,0.0,0.00020352358111695701,300.9474517708473,300.96494316789955,-3.559911766813297e-06
145,460,contact,0.0021344039134852154,-0.00011559608651478485,0.00011559608651478485,0.00025341674779652854,0.00025341674779652854,0.0,0.00025341674779652854,300.9474517708473,300.82110816864383,3.201758477529979e-05
145,465,contact,0.002239634884118614,-1.0365115881386111e-05,1.0365115881386111e-05,7.588410710999486e-05,7.588410710999486e-05,0.0,7.588410710999486e-05,300.9474517708473,300.8473721858569,7.594449946935089e-06
146,160,contact,0.001946114909274372,-5.388509072562801e-05,5.388509072562801e-05,0.00016414184525225127,0.00016414184525225127,0.0,0.00016414184525225127,300.31195638955523,300.39133083712665,-1.302866829024942e-05
146,201,contact,0.001857147443053728,-0.00014285255694627204,0.00014285255694627204,0.00026725695215117605,0.00026725695215117605,0.0,0.00026725695215117605,300.31195638955523,300.2791646980118,8.76380753777672e-06
146,260,contact,0.0019563874380722616,-4.3612561927738446e-05,4.3612561927738446e-05,0.0001476694990980508,0.0001476694990980508,0.0,0.0001476694990980508,300.31195638955523,300.3278282019951,-2.343782592771554e-06
146,417,contact,0.002155686125313345,-9.431387468665509e-05,9.431387468665509e-05,0.00022890302979240295,0.00022890302979240295,0.0,0.00022890302979240295,300.31195638955523,300.23158201659237,1.8397937488864388e-05
147,185,contact,0.0019200888271379535,-7.991117286204651e-05,7.991117286204651e-05,0.00019988893523910535,0.00019988893523910535,0.0,0.00019988893523910535,300.6408327309166,300.6105797283245,6.04724047591596e-06
147,312,contact,0.0019043217093758081,-9.56782906241919e-05,9.56782906241919e-05,0.00021872161601473218,0.00021872161601473218,0.0,0.00021872161601473218,300.6408327309166,300.5989881033004,9.152324573743763e-06
147,336,contact,0.0018823641586844981,-0.0001176358413155019,0.0001176358413155019,0.00024252406201808295,0.00024252406201808295,0.0,0.00024252406201808295,300.6408327309166,300.67616226214517,-8.568261422747394e-06
147,421,contact,0.0021642182441472947,-8.578175585270556e-05,8.578175585270556e-05,0.00021830375862380582,0.00021830375862380582,0.0,0.00021830375862380582,300.6408327309166,300.71935963842446,-1.7142719062070777e-05
147,433,contact,0.0021873288317260393,-6.267116827396099e-05,6.267116827396099e-05,0.00018659398625828246,0.00018659398625828246,0.0,0.00018659398625828246,300.6408327309166,300.5844996429866,1.051141543509698e-05
148,182,contact,0.0019642104428242925,-3.578955717570753e-05,3.578955717570753e-05,0.0001337713668460249,0.0001337713668460249,0.0,0.0001337713668460249,300.91504114136166,300.801587290409,1.5176876715885262e-05
148,215,contact,0.0018775539875138076,-0.00012244601248619243,0.00012244601248619243,0.00024743283178086176,0.00024743283178086176,0.0,0.00024743283178086176,300.91504114136166,300.9492402941701,-8.461993223905916e-06
148,241,contact,0.001853180481070584,-0.000146819518929416,0.000146819518929416,0.0002709423545049906,0.0002709423545049906,0.0,0.0002709423545049906,300.91504114136166,300.9285320910444,-3.655269671555829e-06
148,244,contact,0.0018653256942756664,-0.00013467430572433364,0.00013467430572433364,0.00025949403242110755,0.00025949403242110755,0.0,0.00025949403242110755,300.91504114136166,300.9264637542545,-2.9640998803456387e-06
148,463,contact,0.0021033486381006844,-0.00014665136189931588,0.00014665136189931588,0.00028543471903914083,0.00028543471903914083,0.0,0.00028543471903914083,300.91504114136166,300.8483159824556,1.9045676985199285e-05
149,173,contact,0.0019816445440404675,-1.8355455959532564e-05,1.8355455959532564e-05,9.580045918348347e-05,9.580045918348347e-05,0.0,9.580045918348347e-05,300.25714689481936,300.26844303532033,-1.0821754469944697e-06
149,232,contact,0.001873473632053572,-0.00012652636794642795,0.00012652636794642795,0.0002515217365819781,0.0002515217365819781,0.0,0.0002515217365819781,300.25714689481936,300.28780470275774,-7.711105092458739e-06
149,234,contact,0.0019023582343585812,-9.764176564141885e-05,9.764176564141885e-05,0.00022095448133203685,0.00022095448133203685,0.0,0.00022095448133203685,300.25714689481936,300.3937717172526,-3.018786677781995e-05
149,412,contact,0.0021947914638981068,-5.5208536101893513e-05,5.5208536101893513e-05,0.00017513254679098458,0.00017513254679098458,0.0,0.00017513254679098458,300.25714689481936,300.0979745710152,2.7876254446463708e-05
149,458,contact,0.002096254710232835,-0.0001537452897671654,0.0001537452897671654,0.0002922568217692231,0.0002922568217692231,0.0,0.0002922568217692231,300.25714689481936,300.16845979451847,2.5919410065865772e-05
149,464,contact,0.0020968738087925086,-0.00015312619120749164,0.00015312619120749164,0.00029166780114778566,0.00029166780114778566,0.0,0.00029166780114778566,300.25714689481936,300.307939327638,-1.4814517195159091e-05
150,167,contact,0.0019876239469527423,-1.23760530472577e-05,1.23760530472577e-05,7.866401034544864e-05,7.866401034544864e-05,0.0,7.866401034544864e-05,300.1030484578577,300.05745513757626,3.586553418303722e-06
150,284,contact,0.001884719229405006,-0.000115280770594994,0.000115280770594994,0.00024008412129396855,0.00024008412129396855,0.0,0.00024008412129396855,300.1030484578577,300.0548666535683,1.1567686145181762e-05
150,319,contact,0.001914433818887454,-8.5566181112546e-05,8.5566181112546e-05,0.0002068407371778417,0.0003760740675960758,0.0,0.0003760740675960758,300.1030484578577,300.2075588843252,-3.930366118782223e-05
150,337,contact,0.0018969837086543464,-0.0001030162913456536,0.0001030162913456536,0.00022695406071015074,0.00041264374674572865,0.0,0.00041264374674572865,300.1030484578577,300.0196798898264,3.440151827325755e-05
150,389,contact,0.0019789427789857904,-2.1057221014209645e-05,2.1057221014209645e-05,0.00010260901766952465,0.00010260901766952465,0.0,0.00010260901766952465,300.1030484578577,300.1305010332022,-2.8168817885989722e-06
150,402,contact,0.0022377476379833363,-1.2252362016663965e-05,1.2252362016663965e-05,8.250374407889338e-05,8.250374407889338e-05,0.0,8.250374407889338e-05,300.1030484578577,300.193168184464,-7.435214860386314e-06
151,224,contact,0.0019098534229801509,-9.014657701984915e-05,9.014657701984915e-05,0.00021230470675405333,0.00021230470675405333,0.0,0.00021230470675405333,300.43207704005124,300.3693726797245,1.3312430831367732e-05
151,316,contact,0.0019239950207050728,-7.600497929492723e-05,7.600497929492723e-05,0.00019494227260259282,0.00019494227260259282,0.0,0.00019494227260259282,300.43207704005124,300.53772990115306,-2.0596208850154206e-05
151,351,contact,0.0019157047228184725,-8.429527718152759e-05,8.429527718152759e-05,0.00020529890060778163,0.00020529890060778163,0.0,0.00020529890060778163,300.43207704005124,300.520002067726,-1.8050911517539296e-05
151,441,contact,0.0021551469270258586,-9.48530729741417e-05,9.48530729741417e-05,0.00022955642367901828,0.00022955642367901828,0.0,0.00022955642367901828,300.43207704005124,300.2806121348568,3.476974194931173e-05
152,214,contact,0.0019493117251481353,-5.06882748518647e-05,5.06882748518647e-05,0.00015919842155603285,0.00015919842155603285,0.0,0.00015919842155603285,300.71998623149096,300.7761293152707,-8.937890319018916e-06
152,286,contact,0.0019823596278425366,-1.7640372157463457e-05,1.7640372157463457e-05,9.391584572760727e-05,9.391584572760727e-05,0.0,9.391584572760727e-05,300.71998623149096,300.76280218388126,-4.02109637936791e-06
152,365,contact,0.001973069112474269,-2.6930887525730956e-05,2.6930887525730956e-05,0.00011604069873482096,0.00011604069873482096,0.0,0.00011604069873482096,300.71998623149096,300.66060348446644,6.890815457519423e-06
152,378,contact,0.0019829716365848504,-1.702836341514963e-05,1.702836341514963e-05,9.227232362726549e-05,9.227232362726549e-05,0.0,9.227232362726549e-05,300.71998623149096,300.7768710768021,-5.2488968560343475e-06
153,440,contact,0.002167862944330199,-8.213705566980116e-05,8.213705566980116e-05,0.00021361577094010164,0.00021361577094010164,0.0,0.00021361577094010164,300.4230549434229,300.4950618755935,-1.538181632864414e-05
153,444,contact,0.002215357619031293,-3.4642380968707195e-05,3.4642380968707195e-05,0.00013872911448155838,0.00013872911448155838,0.0,0.00013872911448155838,300.4230549434229,300.34975254140926,1.0169177320727194e-05
153,487,contact,0.002179347097022408,-7.065290297759248e-05,7.065290297759248e-05,0.00019812019777228459,0.00019812019777228459,0.0,0.00019812019777228459,300.4230549434229,300.39674445581727,5.212639007917791e-06
154,159,contact,0.001842156874210229,-0.00015784312578977114,0.00015784312578977114,0.0002809298184509533,0.0002809298184509533,0.0,0.0002809298184509533,300.928527289134,300.7945263581944,3.7644857201130404e-05
154,326,contact,0.001960313272158304,-3.9686727841695916e-05,3.9686727841695916e-05,0.00014086647550374772,0.00014086647550374772,0.0,0.00014086647550374772,300.928527289134,300.88556638647526,6.051750941999491e-06
154,358,contact,0.0019978651516556374,-2.1348483443626304e-06,2.1348483443626304e-06,3.2671458066350746e-05,3.2671458066350746e-05,0.0,3.2671458066350746e-05,300.928527289134,300.8084977811486,3.9215390368699446e-06
154,413,contact,0.0021636309191957856,-8.636908080421465e-05,8.636908080421465e-05,0.00021904981777898867,0.00021904981777898867,0.0,0.00021904981777898867,300.928527289134,300.9002478260909,6.194611226486148e-06
155,221,contact,0.001987390343465521,-1.2609656534478923e-05,1.2609656534478923e-05,7.940294873138819e-05,7.940294873138819e-05,0.0,7.940294873138819e-05,300.522479991513,300.4912482313824,2.479893848445156e-06
155,283,contact,0.001876188195038014,-0.0001238118049619861,0.0001238118049619861,0.0002488089678468062,0.00045237994153964767,0.0,0.00045237994153964767,300.522479991513,300.5783145084264,-2.52584154971623e-05
155,298,contact,0.0019007430816656932,-9.925691833430686e-05,9.925691833430686e-05,0.00022277445806724214,0.00022277445806724214,0.0,0.00022277445806724214,300.522479991513,300.46466505708753,1.2879690684832545e-05
155,327,contact,0.001949369525000327,-5.0630474999673134e-05,5.0630474999673134e-05,0.0001591076286663734,0.0001591076286663734,0.0,0.0001591076286663734,300.522479991513,300.5107336199559,1.8689373238902894e-06
155,403,contact,0.0020928666047553054,-0.00015713339524469488,0.00015713339524469488,0.0002954595246247735,0.0002954595246247735,0.0,0.0002954595246247735,300.522479991513,300.59641379479024,-2.1844446369987135e-05
155,419,contact,0.0021133422480279903,-0.00013665775197200993,0.00013665775197200993,0.0002755376078102285,0.0002755376078102285,0.0,0.0002755376078102285,300.522479991513,300.38882967481277,3.682568854666762e-05
156,221,contact,0.0019514194729222108,-4.858052707778929e-05,4.858052707778929e-05,0.0001558533398387556,0.0001558533398387556,0.0,0.0001558533398387556,300.4584020009443,300.4912482313824,-5.119194714884059e-06
156,270,contact,0.0019838462378168314,-1.6153762183168663e-05,1.6153762183168663e-05,8.987146984212694e-05,0.0001634026724402308,0.0,0.0001634026724402308,300.4584020009443,300.4606692862635,-3.7048048034048587e-07
156,295,contact,0.0019389243017199004,-6.10756982800996e-05,6.10756982800996e-05,0.00017475082014127945,0.00017475082014127945,0.0,0.00017475082014127945,300.4584020009443,300.40777260687383,8.847528137073043e-06
156,361,contact,0.0019234251798549372,-7.65748201450628e-05,7.65748201450628e-05,0.0001956716895019088,0.00035576670818528866,0.0,0.00035576670818528866,300.4584020009443,300.3848405859226,2.6170702471737336e-05
156,367,contact,0.00195498618371077,-4.501381628923022e-05,4.501381628923022e-05,0.0001500230253814897,0.0001500230253814897,0.0,0.0001500230253814897,300.4584020009443,300.54031236376795,-1.2288440440897202e-05
157,315,contact,0.0019261495555901152,-7.385044440988485e-05,7.385044440988485e-05,0.0001921593666854219,0.0003493806667007671,0.0,0.0003493806667007671,300.22235783960963,300.25293038562523,-1.068145650967211e-05
157,402,contact,0.002162204915566515,-8.779508443348526e-05,8.779508443348526e-05,0.00022085073445087707,0.00022085073445087707,0.0,0.00022085073445087707,300.22235783960963,300.193168184464,6.446556777276847e-06
157,471,contact,0.0021647878796316284,-8.521212036837183e-05,8.521212036837183e-05,0.0002175777260459298,0.0002175777260459298,0.0,0.0002175777260459298,300.22235783960963,300.29773309848866,-1.639997742702368e-05
158,322,contact,0.0019344413763926784,-6.555862360732166e-05,6.555862360732166e-05,0.00018105057802630963,0.00018105057802630963,0.0,0.00018105057802630963,300.6526090179433,300.7354984539894,-1.5007180308424184e-05
158,365,contact,0.0018936983977391958,-0.00010630160226080421,0.00010630160226080421,0.00023054457514849944,0.00023054457514849944,0.0,0.00023054457514849944,300.6526090179433,300.66060348446644,-1.8430808881170723e-06
158,436,contact,0.002220514017631954,-2.9485982368046386e-05,2.9485982368046386e-05,0.0001279886765131249,0.0001279886765131249,0.0,0.0001279886765131249,300.6526090179433,300.57079973691594,1.0470661605180437e-05
158,469,contact,0.0021645856986961735,-8.541430130382674e-05,8.541430130382674e-05,0.00021783569407522974,0.00021783569407522974,0.0,0.00021783569407522974,300.6526090179433,300.572555392079,1.7438537153390555e-05
159,243,contact,0.0019140095123326842,-8.59904876673158e-05,8.59904876673158e-05,0.00020735294508074367,0.00020735294508074367,0.0,0.00020735294508074367,300.7945263581944,300.8710208941618,-1.586136731542795e-05
159,249,contact,0.001908685847540134,-9.131415245986602e-05,9.131415245986602e-05,0.00021367516521564458,0.00021367516521564458,0.0,0.00021367516521564458,300.7945263581944,300.68046837186404,2.437135907330158e-05
159,343,contact,0.001872755454644306,-0.00012724454535569408,0.00012724454535569408,0.00025223455884919305,0.00025223455884919305,0.0,0.00025223455884919305,300.7945263581944,300.7036835393525,2.291369833520547e-05
159,375,contact,0.0019016992545089768,-9.830074549102325e-05,9.830074549102325e-05,0.0002216988334329065,0.0002216988334329065,0.0,0.0002216988334329065,300.7945263581944,300.75809228136933,8.077392329320684e-06
160,260,contact,0.001989249747866989,-1.0750252133010993e-05,1.0750252133010993e-05,7.331525125446612e-05,7.331525125446612e-05,0.0,7.331525125446612e-05,300.39133083712665,300.3278282019951,4.655711649990713e-06
160,282,contact,0.0019050262445698745,-9.49737554301255e-05,9.49737554301255e-05,0.00021791484051129412,0.00021791484051129412,0.0,0.00021791484051129412,300.39133083712665,300.3343291030206,1.2421523796587521e-05
160,396,contact,0.0019450384543499403,-5.496154565005971e-05,5.496154565005971e-05,0.0001657732572673586,0.0001657732572673586,0.0,0.0001657732572673586,300.39133083712665,300.37105532844913,3.3611371162241154e-06
160,452,contact,0.0021527557220688102,-9.724427793119002e-05,9.724427793119002e-05,0.0002324319230455686,0.0002324319230455686,0.0,0.0002324319230455686,300.39133083712665,300.50749463568235,-2.7000175086580226e-05
161,449,contact,0.002167925950438345,-8.207404956165525e-05,8.207404956165525e-05,0.00021353382448904807,0.00021353382448904807,0.0,0.00021353382448904807,300.94124804192927,300.8528747160337,1.8870694261302053e-05
161,492,contact,0.00213492330568197,-0.00011507669431803013,0.00011507669431803013,0.0002528467853134583,0.0002528467853134583,0.0,0.0002528467853134583,300.94124804192927,300.911759468405,7.456091019085509e-06
162,204,contact,0.001876851799050741,-0.00012314820094925898,0.00012314820094925898,0.0002481412913535945,0.0002481412913535945,0.0,0.0002481412913535945,300.404555444896,300.462508876288,-1.438063930397771e-05
162,209,contact,0.0019369965943181208,-6.300340568187921e-05,6.300340568187921e-05,0.00017748719063904192,0.00017748719063904192,0.0,0.00017748719063904192,300.404555444896,300.4052409189168,-1.2166285820251841e-07
162,236,contact,0.0018864986615685687,-0.00011350133843143133,0.00011350133843143133,0.00023822398958903292,0.00023822398958903292,0.0,0.00023822398958903292,300.404555444896,300.2928686317,2.6606478224036603e-05
162,327,contact,0.0019538610902774026,-4.613890972259742e-05,4.613890972259742e-05,0.00015188632216660825,0.00015188632216660825,0.0,0.00015188632216660825,300.404555444896,300.5107336199559,-1.6127012504207637e-05
162,419,contact,0.002132208646310205,-0.00011779135368979524,0.00011779135368979524,0.00025581172947848797,0.00025581172947848797,0.0,0.00025581172947848797,300.404555444896,300.38882967481277,4.022836442373682e-06
163,309,contact,0.0019389417067307618,-6.105829326923822e-05,6.105829326923822e-05,0.00017472591861146164,0.00017472591861146164,0.0,0.00017472591861146164,300.3785353262848,300.44480819965105,-1.1579588677938187e-05
163,387,contact,0.0019534497094627237,-4.655029053727633e-05,4.655029053727633e-05,0.0001525619391219126,0.0001525619391219126,0.0,0.0001525619391219126,300.3785353262848,300.3346188984788,6.699975385388101e-06
163,427,contact,0.0021512064741442184,-9.87935258557819e-05,9.87935258557819e-05,0.00023427610237090137,0.00023427610237090137,0.0,0.00023427610237090137,300.3785353262848,300.4809217665487,-2.3986696160657428e-05
163,430,contact,0.002135288002237638,-0.0001147119977623623,0.0001147119977623623,0.00025244581130562816,0.00025244581130562816,0.0,0.00025244581130562816,300.3785353262848,300.32371477024793,1.383921974495402e-05
163,471,contact,0.0021877448056160493,-6.225519438395099e-05,6.225519438395099e-05,0.00018597370540534753,0.00018597370540534753,0.0,0.00018597370540534753,300.3785353262848,300.29773309848866,1.502708970825537e-05
164,382,contact,0.0019138351546243476,-8.616484537565241e-05,8.616484537565241e-05,0.00020756305713644279,0.00020756305713644279,0.0,0.00020756305713644279,300.05365013954406,300.04120192895556,2.5837886456277555e-06
164,412,contact,0.00218691778920326,-6.30822107967402e-05,6.30822107967402e-05,0.0001872048948741877,0.0001872048948741877,0.0,0.0001872048948741877,300.05365013954406,300.0979745710152,-8.297750533910107e-06
164,458,contact,0.0020819178777310124,-0.00016808212226898786,0.00016808212226898786,0.00030557970615880954,0.00030557970615880954,0.0,0.00030557970615880954,300.05365013954406,300.16845979451847,-3.508350063127397e-05
165,247,contact,0.001952507250306641,-4.749274969335915e-05,4.749274969335915e-05,0.00015409858807490605,0.00015409858807490605,0.0,0.00015409858807490605,300.5537815970298,300.4375777930979,1.7906842114840545e-05
165,312,contact,0.001896919633563847,-0.00010308036643615309,0.00010308036643615309,0.00022702463130258916,0.00022702463130258916,0.0,0.00022702463130258916,300.5537815970298,300.5989881033004,-1.02629904185682e-05
165,362,contact,0.0019002889944426877,-9.971100555731236e-05,9.971100555731236e-05,0.00022328345836325668,0.00022328345836325668,0.0,0.00022328345836325668,300.5537815970298,300.4373148347869,2.6005101457967633e-05
165,363,contact,0.001922306453846525,-7.769354615347508e-05,7.769354615347508e-05,0.00019709584743656458,0.00019709584743656458,0.0,0.00019709584743656458,300.5537815970298,300.6919199783877,-2.72265013372544e-05
165,457,contact,0.0021590477188103093,-9.095228118969094e-05,9.095228118969094e-05,0.00022478666576419487,0.00022478666576419487,0.0,0.00022478666576419487,300.5537815970298,300.5469492295639,1.5358251019363438e-06
166,190,contact,0.0019308711764641372,-6.912882353586288e-05,6.912882353586288e-05,0.00018591506600577437,0.00018591506600577437,0.0,0.00018591506600577437,300.29778100497083,300.1793474938709,2.2018574033435123e-05
166,220,contact,0.0019563432750925895,-4.3656724907410564e-05,4.3656724907410564e-05,0.000147744246770239,0.000147744246770239,0.0,0.000147744246770239,300.29778100497083,300.301755891807,-5.872666616034927e-07
166,295,contact,0.00193461953200106,-6.538046799894003e-05,6.538046799894003e-05,0.00018080440813063715,0.00018080440813063715,0.0,0.00018080440813063715,300.29778100497083,300.40777260687383,-1.988696648141343e-05
166,464,contact,0.002208397939683877,-4.160206031612315e-05,4.160206031612315e-05,0.00015202715458489488,0.00015202715458489488,0.0,0.00015202715458489488,300.29778100497083,300.307939327638,-1.5443408904445526e-06
167,273,contact,0.001992045681705116,-7.95431829488406e-06,7.95431829488406e-06,6.306472189300473e-05,6.306472189300473e-05,0.0,6.306472189300473e-05,300.05745513757626,300.0605966600274,-1.9811923970118438e-07
167,319,contact,0.001979606750493642,-2.039324950635791e-05,2.039324950635791e-05,0.00010097833803929908,0.00018359697825327104,0.0,0.00018359697825327104,300.05745513757626,300.2075588843252,-2.7558594327596973e-05
167,337,contact,0.0019711739739556216,-2.8826026044378485e-05,2.8826026044378485e-05,0.0001200542086817003,0.00021828037942127327,0.0,0.00021828037942127327,300.05745513757626,300.0196798898264,8.24559541156653e-06
168,257,contact,0.0018826501159004549,-0.00011734988409954519,0.00011734988409954519,0.00024222911065718876,0.00024222911065718876,0.0,0.00024222911065718876,300.7073647991257,300.660944627787,1.1244316819926553e-05
168,263,contact,0.0018506531268987166,-0.0001493468731012834,0.0001493468731012834,0.00027326440776405863,0.00027326440776405863,0.0,0.00027326440776405863,300.7073647991257,300.5815970356617,3.4367853398803384e-05
168,437,contact,0.0020817245014650714,-0.0001682754985349289,0.0001682754985349289,0.0003057554383407767,0.0003057554383407767,0.0,0.0003057554383407767,300.7073647991257,300.6883405632253,5.816763586813068e-06
168,493,contact,0.0021423126242451174,-0.00010768737575488291,0.00010768737575488291,0.00024459419425616757,0.00024459419425616757,0.0,0.00024459419425616757,300.7073647991257,300.8267490417462,-2.9200692630650498e-05
169,239,contact,0.001954912882110352,-4.508711788964821e-05,4.508711788964821e-05,0.00015014512627729246,0.00015014512627729246,0.0,0.00015014512627729246,300.050814612294,300.1755025329322,-1.8721283589479044e-05
169,310,contact,0.0019727841289347093,-2.7215871065290782e-05,2.7215871065290782e-05,0.00011665305625077035,0.00021209646591049153,0.0,0.00021209646591049153,300.050814612294,300.038154670289,2.6851289578985887e-06
170,192,contact,0.001967372172252177,-3.262782774782289e-05,3.262782774782289e-05,0.00012772593266017454,0.0002322289684730446,0.0,0.0002322289684730446,300.36248599756937,300.33165338344145,7.16022617425352e-06
170,213,contact,0.0019176766545054992,-8.232334549450088e-05,8.232334549450088e-05,0.00020288339692357883,0.00020288339692357883,0.0,0.00020288339692357883,300.36248599756937,300.35730662254036,1.0508091998250196e-06
170,229,contact,0.001886355794494307,-0.00011364420550569296,0.00011364420550569296,0.00023837387179144966,0.00023837387179144966,0.0,0.00023837387179144966,300.36248599756937,300.4035615887415,-9.79134770383033e-06
170,390,contact,0.0019169899555976436,-8.301004440235647e-05,8.301004440235647e-05,0.00020372781400971798,0.00020372781400971798,0.0,0.00020372781400971798,300.36248599756937,300.26811015419963,1.9226984265039157e-05
170,483,contact,0.0021461602219938172,-0.00010383977800618302,0.00010383977800618302,0.00024018485705595713,0.00024018485705595713,0.0,0.00024018485705595713,300.36248599756937,300.43595720700165,-1.7646671935221534e-05
171,177,contact,0.0018236673070765948,-0.00017633269292340525,0.00017633269292340525,0.00029692818401374875,0.00029692818401374875,0.0,0.00029692818401374875,300.05846860080004,300.11476441261124,-1.6715813168678316e-05
171,245,contact,0.0019543209878625364,-4.5679012137463636e-05,4.5679012137463636e-05,0.00015112744975262377,0.00015112744975262377,0.0,0.00015112744975262377,300.05846860080004,300.1093028900504,-7.682456494394213e-06
171,391,contact,0.0018257806923067193,-0.00017421930769328077,0.00017421930769328077,0.00029514344622003785,0.00029514344622003785,0.0,0.00029514344622003785,300.05846860080004,300.1450553202985,-2.5555502789670434e-05
172,173,contact,0.001803262399466312,-0.0001967376005336881,0.0001967376005336881,0.00031363800832622955,0.0005702509242295084,0.0,0.0005702509242295084,300.4724001526673,300.26844303532033,0.00011630673467030625
172,189,contact,0.0018692583309163026,-0.0001307416690836975,0.0001307416690836975,0.00025567720770895626,0.0004648676503799205,0.0,0.0004648676503799205,300.4724001526673,300.43818612241597,1.59049958529719e-05
172,227,contact,0.0018443476649984498,-0.0001556523350015502,0.0001556523350015502,0.0002789734171937805,0.002789734171937805,0.0,0.002789734171937805,300.4724001526673,300.53940398358844,-0.00018692287677140148
172,234,contact,0.001899059203395459,-0.00010094079660454111,0.00010094079660454111,0.00022465617797485686,0.00040846577813610335,0.0,0.00040846577813610335,300.4724001526673,300.3937717172526,3.2117025055295584e-05
172,414,contact,0.0021243316870444757,-0.00012566831295552456,0.00012566831295552456,0.0002642266629614352,0.0004804121144753367,0.0,0.0004804121144753367,300.4724001526673,300.44050343224967,1.5323570900671303e-05
172,445,contact,0.0021566360224017857,-9.336397759821457e-05,9.336397759821457e-05,0.00022774739612880878,0.0004140861747796523,0.0,0.0004140861747796523,300.4724001526673,300.4548420917239,7.270550292612592e-06
173,395,contact,0.0018030605669926904,-0.00019693943300730962,0.00019693943300730962,0.00031379884719937197,0.0005705433585443127,0.0,0.0005705433585443127,300.26844303532033,300.0902064044808,0.00010169172597481131
173,458,contact,0.0022170241843299772,-3.2975815670023036e-05,3.2975815670023036e-05,0.00013535101622986524,0.00013535101622986524,0.0,0.00013535101622986524,300.26844303532033,300.16845979451847,1.353283324848734e-05
175,280,contact,0.0019690276237134675,-3.097237628653252e-05,3.097237628653252e-05,0.0001244435138657948,0.00022626093430144507,0.0,0.00022626093430144507,300.925330123369,300.8351844821753,2.0396436999692725e-05
175,305,contact,0.0019770663968650625,-2.2933603134937548e-05,2.2933603134937548e-05,0.00010708315258465626,0.00010708315258465626,0.0,0.00010708315258465626,300.925330123369,300.919703405741,6.025266623088576e-07
175,439,contact,0.0022175069047664386,-3.249309523356168e-05,3.249309523356168e-05,0.00013435668786555038,0.00013435668786555038,0.0,0.00013435668786555038,300.925330123369,300.9195241044015,7.800774781603974e-07
176,259,contact,0.0017932274848719001,-0.00020677251512809993,0.00020677251512809993,0.00032153733463479784,0.00032153733463479784,0.0,0.00032153733463479784,300.0476288102368,300.10225649286554,-1.7564839469718765e-05
176,479,contact,0.0019680162103244987,-0.0002819837896755016,0.0002819837896755016,0.00039580002644117425,0.00039580002644117425,0.0,0.00039580002644117425,300.0476288102368,300.0853458443366,-1.4928403093977573e-05
176,481,contact,0.002062416635915256,-0.0001875833640847444,0.0001875833640847444,0.000322820352591159,0.000322820352591159,0.0,0.000322820352591159,300.0476288102368,300.07649110312394,-9.31733556641599e-06
177,202,contact,0.0019299908838126673,-7.000911618733276e-05,7.000911618733276e-05,0.00018709505095984336,0.00018709505095984336,0.0,0.00018709505095984336,300.11476441261124,300.1772787341033,-1.1696120165279622e-05
177,415,contact,0.002083164286464223,-0.00016683571353577707,0.00016683571353577707,0.0003044445885869482,0.0003044445885869482,0.0,0.0003044445885869482,300.11476441261124,300.1213046236663,-1.9911318639232913e-06
179,259,contact,0.0018129643566545915,-0.00018703564334540852,0.00018703564334540852,0.0003058068371909043,0.0003058068371909043,0.0,0.0003058068371909043,300.0590608721112,300.10225649286554,-1.3209516163375786e-05
179,277,contact,0.0019475765582898142,-5.24234417101858e-05,5.24234417101858e-05,0.00016190034235631775,0.00016190034235631775,0.0,0.00016190034235631775,300.0590608721112,300.0628709862897,-6.168587899099276e-07
179,420,contact,0.0020761324076513043,-0.000173867592348696,0.000173867592348696,0.0003107943160039879,0.0005650805745527052,0.0,0.0005650805745527052,300.0590608721112,300.0598987384326,-4.734619822816068e-07
179,429,contact,0.00220722224073608,-4.277775926392032e-05,4.277775926392032e-05,0.00015416037692380318,0.00015416037692380318,0.0,0.00015416037692380318,300.0590608721112,300.194033515567,-2.0807433589547688e-05
180,181,contact,0.001929111519586154,-7.088848041384615e-05,7.088848041384615e-05,0.00018826640753709376,0.0003423025591583523,0.0,0.0003423025591583523,300.6455650833252,300.6861795932356,-1.3902450681281787e-05
180,340,contact,0.0019394420247586678,-6.055797524133228e-05,6.055797524133228e-05,0.0001740085849050734,0.00031637924528195164,0.0,0.00031637924528195164,300.6455650833252,300.6133456585585,1.0193557291109846e-05
180,365,contact,0.0019014577564857972,-9.85422435142028e-05,9.85422435142028e-05,0.00022197099305337487,0.0004035836237334089,0.0,0.0004035836237334089,300.6455650833252,300.66060348446644,-6.06925242773249e-06
180,421,contact,0.0021850398350144557,-6.496016498554451e-05,6.496016498554451e-05,0.00018997099922757877,0.00034540181677741595,0.0,0.00034540181677741595,300.6455650833252,300.71935963842446,-2.5488773399563773e-05
180,488,contact,0.0021177473103512613,-0.00013225268964873896,0.00013225268964873896,0.0002710603557725136,0.0004928370104954793,0.0,0.0004928370104954793,300.6455650833252,300.82555209060337,-8.870425859499512e-05
181,233,contact,0.001960103247178577,-3.9896752821423024e-05,3.9896752821423024e-05,0.00014123872135753536,0.00014123872135753536,0.0,0.00014123872135753536,300.6861795932356,300.6388420051577,6.685900412269531e-06
181,253,contact,0.001958686731715921,-4.1313268284078834e-05,4.1313268284078834e-05,0.00014372415991071026,0.00014372415991071026,0.0,0.00014372415991071026,300.6861795932356,300.7920151533733,-1.521112696947532e-05
181,340,contact,0.0019938625490238783,-6.137450976121707e-06,6.137450976121707e-06,5.539607827329344e-05,5.539607827329344e-05,0.0,5.539607827329344e-05,300.6861795932356,300.6133456585585,4.034714346323361e-06
181,428,contact,0.002204177058632088,-4.582294136791206e-05,4.582294136791206e-05,0.00015955309351071834,0.00029009653365585155,0.0,0.00029009653365585155,300.6861795932356,300.6416506361408,1.2917696100502723e-05
181,438,contact,0.002148447286390801,-0.00010155271360919906,0.00010155271360919906,0.00023752510230990915,0.00023752510230990915,0.0,0.00023752510230990915,300.6861795932356,300.70236092684155,-3.843472920268997e-06
182,258,contact,0.0019582006587681457,-4.179934123185432e-05,4.179934123185432e-05,0.00014456718374488437,0.00014456718374488437,0.0,0.00014456718374488437,300.801587290409,300.7753376266194,3.794839968312433e-06
182,313,contact,0.001967992159359381,-3.2007840640618877e-05,3.2007840640618877e-05,0.00012650660188428682,0.00012650660188428682,0.0,0.00012650660188428682,300.801587290409,300.7398414235021,7.811259802784643e-06
182,329,contact,0.001913336120810977,-8.666387918902308e-05,8.666387918902308e-05,0.00020816325226732872,0.00020816325226732872,0.0,0.00020816325226732872,300.801587290409,300.7092057881308,1.9230433963563053e-05
182,463,contact,0.002188057221395273,-6.194277860472729e-05,6.194277860472729e-05,0.00018550648177463787,0.00018550648177463787,0.0,0.00018550648177463787,300.801587290409,300.8483159824556,-8.668475259495169e-06
182,493,contact,0.002214507413308883,-3.549258669111738e-05,3.549258669111738e-05,0.00014042116548899398,0.00014042116548899398,0.0,0.00014042116548899398,300.801587290409,300.8267490417462,-3.5332424485190217e-06
183,301,contact,0.0019535133386706124,-4.6486661329387616e-05,4.6486661329387616e-05,0.0001524576356391959,0.0002771957011621744,0.0,0.0002771957011621744,300.63412013080824,300.672255103254,-1.0570850425894958e-05
183,469,contact,0.0021079590004181767,-0.00014204099958182352,0.00014204099958182352,0.000280912204139205,0.000280912204139205,0.0,0.000280912204139205,300.63412013080824,300.572555392079,1.7294286453690626e-05
184,251,contact,0.0018926876601013702,-0.00010731233989862989,0.00010731233989862989,0.00023163801490540137,0.00042116002710072977,0.0,0.00042116002710072977,300.51778825467835,300.5227138727362,-2.074473434721603e-06
184,252,contact,0.0018758264593506514,-0.00012417354064934863,0.00012417354064934863,0.0002491721700444781,0.0002491721700444781,0.0,0.0002491721700444781,300.51778825467835,300.4106808361088,2.668818791284181e-05
184,433,contact,0.0022043884866783346,-4.5611513321665645e-05,4.5611513321665645e-05,0.00015918457721509198,0.00015918457721509198,0.0,0.00015918457721509198,300.51778825467835,300.5844996429866,-1.0619424143280494e-05
184,436,contact,0.0021245604840060446,-0.00012543951599395566,0.00012543951599395566,0.00026398602235088516,0.00026398602235088516,0.0,0.00026398602235088516,300.51778825467835,300.57079973691594,-1.3994290334826923e-05
185,197,contact,0.001903403365789816,-9.659663421018394e-05,9.659663421018394e-05,0.0002197687810065205,0.0002197687810065205,0.0,0.0002197687810065205,300.6105797283245,300.5009291370281,2.409777678586038e-05
185,207,contact,0.0019066546170190333,-9.33453829809667e-05,9.33453829809667e-05,0.00021603863425434663,0.00021603863425434663,0.0,0.00021603863425434663,300.6105797283245,300.5386122930815,1.5547746420694244e-05
185,336,contact,0.0019549357297364025,-4.506427026359757e-05,4.506427026359757e-05,0.0001501070788863696,0.0001501070788863696,0.0,0.0001501070788863696,300.6105797283245,300.67616226214517,-9.844402577783636e-06
185,342,contact,0.0019723258042615576,-2.7674195738442483e-05,2.7674195738442483e-05,0.00011763119428629992,0.00011763119428629992,0.0,0.00011763119428629992,300.6105797283245,300.6391956287622,-3.366122544061136e-06
185,490,contact,0.0022097779850629795,-4.022201493702072e-05,4.022201493702072e-05,0.00014948432644896388,0.0002717896844526616,0.0,0.0002717896844526616,300.6105797283245,300.6855927209988,-2.0387757608786995e-05
186,320,contact,0.0019035642294390805,-9.643577056091951e-05,9.643577056091951e-05,0.00021958571283318902,0.00021958571283318902,0.0,0.00021958571283318902,300.16730101372264,300.0651465967742,2.2431650464684505e-05
186,400,contact,0.001923717386624137,-7.628261337586312e-05,7.628261337586312e-05,0.00019529799458246251,0.00019529799458246251,0.0,0.00019529799458246251,300.16730101372264,300.2082395652177,-7.995217008096087e-06
187,206,contact,0.001958762033469354,-4.123796653064584e-05,4.123796653064584e-05,0.00014359311705413642,0.00014359311705413642,0.0,0.00014359311705413642,300.92951524751925,300.800590677973,1.8512680806009812e-05
187,244,contact,0.0018942419990634778,-0.0001057580009365222,0.0001057580009365222,0.00022995434431265067,0.00022995434431265067,0.0,0.00022995434431265067,300.92951524751925,300.9264637542545,7.01704132873136e-07
187,256,contact,0.0019087483766070381,-9.125162339296191e-05,9.125162339296191e-05,0.00021360199366223377,0.00021360199366223377,0.0,0.00021360199366223377,300.92951524751925,300.9394910019053,-2.1308410251475964e-06
188,230,contact,0.0019586928675522355,-4.130713244776454e-05,4.130713244776454e-05,0.00014371348657618138,0.00014371348657618138,0.0,0.00014371348657618138,300.58719854008524,300.50456048654337,1.1876202798371393e-05
188,296,contact,0.0018827475238597444,-0.00011725247614025568,0.00011725247614025568,0.00024212855690754,0.00024212855690754,0.0,0.00024212855690754,300.58719854008524,300.5334672671149,1.3009875585120113e-05
188,301,contact,0.0018788946677767756,-0.00012110533222322445,0.00012110533222322445,0.0002460745133320642,0.0004474082060582985,0.0,0.0004474082060582985,300.58719854008524,300.672255103254,-3.805500434080787e-05
188,435,contact,0.002231640530260194,-1.8359469739806424e-05,1.8359469739806424e-05,0.00010099359094023526,0.00010099359094023526,0.0,0.00010099359094023526,300.58719854008524,300.463941871063,1.2448133611886625e-05
188,469,contact,0.0022456386199475637,-4.361380052436605e-06,4.361380052436605e-06,4.922386532994271e-05,4.922386532994271e-05,0.0,4.922386532994271e-05,300.58719854008524,300.572555392079,7.20792345466435e-07
189,278,contact,0.0019108401976724793,-8.915980232752072e-05,8.915980232752072e-05,0.00021113953008321384,0.00021113953008321384,0.0,0.00021113953008321384,300.43818612241597,300.3426365398972,2.0174293952654593e-05
189,387,contact,0.0019356470094831337,-6.435299051686639e-05,6.435299051686639e-05,0.00017937807909115648,0.00017937807909115648,0.0,0.00017937807909115648,300.43818612241597,300.3346188984788,1.857768968664923e-05
190,191,contact,0.001911094721775977,-8.890527822402305e-05,8.890527822402305e-05,0.00021083794514273641,0.00038334171844133896,0.0,0.00038334171844133896,300.1793474938709,300.24582861151094,-2.5484985880027425e-05
190,277,contact,0.0019459752322164852,-5.402476778351489e-05,5.402476778351489e-05,0.000164354445914181,0.000164354445914181,0.0,0.000164354445914181,300.1793474938709,300.0628709862897,1.9143431865533558e-05
190,397,contact,0.001966129277794316,-3.3870722205684226e-05,3.3870722205684226e-05,0.0001301359331731329,0.0001301359331731329,0.0,0.0001301359331731329,300.1793474938709,300.1902621223682,-1.4203853647328271e-06
190,453,contact,0.002217527389706833,-3.24726102931671e-05,3.24726102931671e-05,0.0001343143292867872,0.0001343143292867872,0.0,0.0001343143292867872,300.1793474938709,300.1135524781571,8.837213406016918e-06
190,481,contact,0.002175372280346515,-7.46277196534851e-05,7.46277196534851e-05,0.0002036169056142838,0.0002036169056142838,0.0,0.0002036169056142838,300.1793474938709,300.07649110312394,2.0943300006553484e-05
191,331,contact,0.0018971675082870268,-0.00010283249171297326,0.00010283249171297326,0.00022675150684501883,0.0004122754669909434,0.0,0.0004122754669909434,300.24582861151094,300.3406079509813,-3.907519644122566e-05
191,422,contact,0.0021816265085710692,-6.837349142893101e-05,6.837349142893101e-05,0.00019489810931887664,0.0019489810931887664,0.0,0.0019489810931887664,300.24582861151094,300.1925159114953,0.00010390544435729594
191,429,contact,0.0021418431888445984,-0.00010815681115540184,0.00010815681115540184,0.0002451267372372026,0.0004456849767949139,0.0,0.0004456849767949139,300.24582861151094,300.194033515567,2.3084296133860954e-05
191,482,contact,0.002132961050113198,-0.00011703894988680233,0.00011703894988680233,0.0002549934093775784,0.0025499340937757842,0.0,0.0025499340937757842,300.24582861151094,300.29030016479817,-0.00011339952993025837
192,208,contact,0.0018585907933588732,-0.00014140920664112685,0.00014140920664112685,0.00026590337214966536,0.0004834606766357552,0.0,0.0004834606766357552,300.33165338344145,300.2845002691002,2.2796676564906875e-05
192,229,contact,0.0018701129545364368,-0.00012988704546356322,0.00012988704546356322,0.00025484019057397836,0.000463345801043597,0.0,0.000463345801043597,300.33165338344145,300.4035615887415,-3.3318364986371206e-05
192,240,contact,0.0019187698404217856,-8.123015957821442e-05,8.123015957821442e-05,0.00020153183319045954,0.0003664215148917446,0.0,0.0003664215148917446,300.33165338344145,300.4293559254963,-3.580031346850628e-05
192,300,contact,0.001940594724053685,-5.9405275946315065e-05,5.9405275946315065e-05,0.00017234453276259603,0.0003133536959319928,0.0,0.0003133536959319928,300.33165338344145,300.4487166489233,-3.668220689661349e-05
192,359,contact,0.0019282878016325786,-7.171219836742148e-05,7.171219836742148e-05,0.0001893570679528777,0.00034428557809614127,0.0,0.00034428557809614127,300.33165338344145,300.2653853764905,2.2815119082391525e-05
192,390,contact,0.0019934379185279397,-6.562081472060322e-06,6.562081472060322e-06,5.728036955214379e-05,0.00010414612645844326,0.0,0.00010414612645844326,300.33165338344145,300.26811015419963,6.617781188196006e-06
193,290,contact,0.0019458804580263916,-5.4119541973608395e-05,5.4119541973608395e-05,0.00016449854402639618,0.00016449854402639618,0.0,0.00016449854402639618,300.5530940031666,300.56140628801836,-1.367358755643983e-06
193,346,contact,0.0019809444008639797,-1.9055599136020337e-05,1.9055599136020337e-05,9.761044804737948e-05,9.761044804737948e-05,0.0,9.761044804737948e-05,300.5530940031666,300.5712649746936,-1.7736766722023735e-06
193,445,contact,0.0021885671199440063,-6.143288005599394e-05,6.143288005599394e-05,0.00018474138087847433,0.00018474138087847433,0.0,0.00018474138087847433,300.5530940031666,300.4548420917239,1.8151193793879605e-05
193,489,contact,0.0022033296058465686,-4.667039415343164e-05,4.667039415343164e-05,0.00016102172757707722,0.00029276677741286766,0.0,0.00029276677741286766,300.5530940031666,300.61082773602243,-1.6902518916210523e-05
194,327,contact,0.0019119047587157674,-8.809524128423267e-05,8.809524128423267e-05,0.00020987525018952648,0.00020987525018952648,0.0,0.00020987525018952648,300.61300858520855,300.5107336199559,2.1464983920527423e-05
194,332,contact,0.0018758013584598973,-0.00012419864154010279,0.00012419864154010279,0.00024919735305586893,0.00024919735305586893,0.0,0.00024919735305586893,300.61300858520855,300.57638811445173,9.125724380258362e-06
194,342,contact,0.0019318134919588483,-6.818650804115171e-05,6.818650804115171e-05,0.0001846435864593619,0.0001846435864593619,0.0,0.0001846435864593619,300.61300858520855,300.6391956287622,-4.835269640513077e-06
194,403,contact,0.0021087539685084177,-0.0001412460314915826,0.0001412460314915826,0.0002801250033383733,0.0002801250033383733,0.0,0.0002801250033383733,300.61300858520855,300.59641379479024,4.6486157213286695e-06
194,408,contact,0.00211594372571061,-0.00013405627428939026,0.00013405627428939026,0.00027290237803755053,0.00027290237803755053,0.0,0.00027290237803755053,300.61300858520855,300.69435805300446,-2.2200463213594886e-05
194,437,contact,0.0022119017153571716,-3.80982846428287e-05,3.80982846428287e-05,0.00014548441047225778,0.00014548441047225778,0.0,0.00014548441047225778,300.61300858520855,300.6883405632253,-1.0959628411479908e-05
195,240,contact,0.0018989348958070862,-0.00010106510419291385,0.00010106510419291385,0.00022479446633860212,0.00022479446633860212,0.0,0.00022479446633860212,300.40836499840066,300.4293559254963,-4.718644254413426e-06
195,430,contact,0.0020920038020280926,-0.00015799619797190762,0.00015799619797190762,0.00029626958254256995,0.00029626958254256995,0.0,0.00029626958254256995,300.40836499840066,300.32371477024793,2.507928775694115e-05
195,491,contact,0.0021647293828559733,-8.527061714402699e-05,8.527061714402699e-05,0.0002176523950707067,0.0002176523950707067,0.0,0.0002176523950707067,300.40836499840066,300.5274501797799,-2.5919174944625884e-05
195,496,contact,0.0021440456664912717,-0.00010595433350872856,0.00010595433350872856,0.00024261805088649177,0.00024261805088649177,0.0,0.00024261805088649177,300.40836499840066,300.3854543723289,5.558531442113451e-06
196,310,contact,0.0018134098340816401,-0.00018659016591835993,0.00018659016591835993,0.0003054424380455014,0.003054424380455014,0.0,0.003054424380455014,300.1337624539521,300.038154670289,0.0002920267453819225
196,323,contact,0.001892110784665944,-0.00010788921533405604,0.00010788921533405604,0.0002322597848682118,0.0004222905179422033,0.0,0.0004222905179422033,300.1337624539521,300.14607808192306,-5.200772914641581e-06
196,377,contact,0.0018118728858736199,-0.00018812711412638018,0.00018812711412638018,0.0003066978269619628,0.003066978269619628,0.0,0.003066978269619628,300.1337624539521,300.2221023913219,-0.0002709366682528089
196,417,contact,0.0020839002770583824,-0.00016609972294161788,0.00016609972294161788,0.0003037723224002713,0.0005523133134550387,0.0,0.0005523133134550387,300.1337624539521,300.23158201659237,-5.4027046762569155e-05
196,454,contact,0.002104659575575347,-0.0001453404244246533,0.0001453404244246533,0.0002841560842845328,0.0005166474259718777,0.0,0.0005166474259718777,300.1337624539521,300.0599447193978,3.8137742548567316e-05
197,264,contact,0.001998926774746889,-1.073225253111175e-06,1.073225253111175e-06,2.3164900745645068e-05,2.3164900745645068e-05,0.0,2.3164900745645068e-05,300.5009291370281,300.42118965243685,1.847157246065052e-06
197,341,contact,0.001917094945431758,-8.290505456824194e-05,8.290505456824194e-05,0.00020359893733544135,0.00020359893733544135,0.0,0.00020359893733544135,300.5009291370281,300.41142102075736,1.82237573556189e-05
197,348,contact,0.0019762539320702286,-2.3746067929771453e-05,2.3746067929771453e-05,0.00010896345242734248,0.00010896345242734248,0.0,0.00010896345242734248,300.5009291370281,300.49434859447445,7.170386354907002e-07
197,440,contact,0.0022222425540656004,-2.7757445934399865e-05,2.7757445934399865e-05,0.0001241805270438518,0.0001241805270438518,0.0,0.0001241805270438518,300.5009291370281,300.4950618755935,7.285996172547389e-07
197,461,contact,0.0022061774906611663,-4.3822509338833915e-05,4.3822509338833915e-05,0.0001560315305365374,0.0001560315305365374,0.0,0.0001560315305365374,300.5009291370281,300.57310278682655,-1.1261365042461451e-05
198,336,contact,0.0019057889172990799,-9.421108270092019e-05,9.421108270092019e-05,0.0002170381103641941,0.0002170381103641941,0.0,0.0002170381103641941,300.77302002294556,300.67616226214517,2.102182537822371e-05
198,393,contact,0.001893592636920624,-0.00010640736307937601,0.00010640736307937601,0.00023065923250476666,0.00023065923250476666,0.0,0.00023065923250476666,300.77302002294556,300.73132397313515,9.617578847750095e-06
198,401,contact,0.0021154249718200826,-0.00013457502817991766,0.00013457502817991766,0.0002734298896324224,0.0002734298896324224,0.0,0.0002734298896324224,300.77302002294556,300.90896487625764,-3.717138623721861e-05
198,409,contact,0.002157843961480997,-9.215603851900345e-05,9.215603851900345e-05,0.00022626930675021775,0.00022626930675021775,0.0,0.00022626930675021775,300.77302002294556,300.7927739772471,-4.469713545390296e-06
198,472,contact,0.0021953763269207402,-5.4623673079260034e-05,5.4623673079260034e-05,0.000174202425482636,0.00031673168269570184,0.0,0.00031673168269570184,300.77302002294556,300.73954783030393,1.0601703898896589e-05
198,473,contact,0.0022348235886082823,-1.5176411391717992e-05,1.5176411391717992e-05,9.182232659906605e-05,9.182232659906605e-05,0.0,9.182232659906605e-05,300.77302002294556,300.7686638748014,3.999916576064519e-07
199,205,contact,0.0018697027001060883,-0.0001302972998939117,0.0001302972998939117,0.00025524233572617975,0.00025524233572617975,0.0,0.00025524233572617975,300.9270519761781,300.84364945330816,2.1287854742784764e-05
199,399,contact,0.0018809367756955566,-0.00011906322430444349,0.00011906322430444349,0.00024399100834297512,0.00024399100834297512,0.0,0.00024399100834297512,300.9270519761781,300.93177219026643,-1.1516897950011552e-06
199,423,contact,0.0021761105730003704,-7.388942699962982e-05,7.388942699962982e-05,0.00020260721030225211,0.00020260721030225211,0.0,0.00020260721030225211,300.9270519761781,300.7792050235416,2.9954858625378887e-05
200,281,contact,0.0019824458180492605,-1.755418195073955e-05,1.755418195073955e-05,9.368613011203834e-05,9.368613011203834e-05,0.0,9.368613011203834e-05,300.9457082024849,300.9279630954388,1.6624704075726083e-06
200,305,contact,0.001985491943638402,-1.4508056361597996e-05,1.4508056361597996e-05,8.51705828370277e-05,8.51705828370277e-05,0.0,8.51705828370277e-05,300.9457082024849,300.919703405741,2.2148436952368285e-06
201,236,contact,0.0018578578975143544,-0.00014214210248564567,0.00014214210248564567,0.0002665915438321757,0.0002665915438321757,0.0,0.0002665915438321757,300.2791646980118,300.2928686317,-3.6533528385086605e-06
201,239,contact,0.0019532523800062295,-4.6747619993770494e-05,4.6747619993770494e-05,0.0001528849567383438,0.0001528849567383438,0.0,0.0001528849567383438,300.2791646980118,300.1755025329322,1.5848385623595208e-05
202,245,contact,0.0019206085160958755,-7.93914839041245e-05,7.93914839041245e-05,0.00019923790290018176,0.00019923790290018176,0.0,0.00019923790290018176,300.1772787341033,300.1093028900504,1.3543364616971561e-05
202,297,contact,0.001906142080223822,-9.38579197761781e-05,9.38579197761781e-05,0.000216630930127923,0.000216630930127923,0.0,0.000216630930127923,300.1772787341033,300.2157124547633,-8.325932654854604e-06
202,347,contact,0.0019455472906100228,-5.445270938997729e-05,5.445270938997729e-05,0.0001650041050852634,0.0001650041050852634,0.0,0.0001650041050852634,300.1772787341033,300.1807810102441,-5.778899403753662e-07
202,391,contact,0.0019843720538497817,-1.562794615021833e-05,1.562794615021833e-05,8.839668022674361e-05,8.839668022674361e-05,0.0,8.839668022674361e-05,300.1772787341033,300.1450553202985,2.848442805915713e-06
202,486,contact,0.0021479057889146015,-0.00010209421108539878,0.00010209421108539878,0.00023815752383360658,0.00023815752383360658,0.0,0.00023815752383360658,300.1772787341033,300.2459034481237,-1.634349196489164e-05
203,272,contact,0.001986054598594913,-1.3945401405087137e-05,1.3945401405087137e-05,8.35026987740131e-05,0.00015182308868002381,0.0,0.00015182308868002381,300.71615440646013,300.5781790754022,2.0947840922863805e-05
203,372,contact,0.0019855602613129933,-1.4439738687006733e-05,1.4439738687006733e-05,8.496981430780796e-05,0.00015449057146874176,0.0,0.00015449057146874176,300.71615440646013,300.61110088825626,1.622977806211841e-05
203,462,contact,0.002205902620629478,-4.4097379370522296e-05,4.4097379370522296e-05,0.00015652010763711675,0.0015652010763711674,0.0,0.0015652010763711674,300.71615440646013,300.84039823066473,-0.00019446656737750657
203,489,contact,0.002209858628061505,-4.014137193849524e-05,4.014137193849524e-05,0.00014933439720323283,0.0014933439720323284,0.0,0.0014933439720323284,300.71615440646013,300.61082773602243,0.00015728894839238264
204,209,contact,0.0019517372537306346,-4.82627462693654e-05,4.82627462693654e-05,0.00015534276016178773,0.00015534276016178773,0.0,0.00015534276016178773,300.462508876288,300.4052409189168,8.896162566871261e-06
204,268,contact,0.0018827653757438818,-0.00011723462425611828,0.00011723462425611828,0.0002421101239685345,0.0002421101239685345,0.0,0.0002421101239685345,300.462508876288,300.5132267920536,-1.2279320873442612e-05
204,324,contact,0.001965874613600775,-3.4125386399224984e-05,3.4125386399224984e-05,0.00013062424430255087,0.00013062424430255087,0.0,0.00013062424430255087,300.462508876288,300.4915416412199,-3.7923829792446605e-06
204,332,contact,0.001895575749607491,-0.00010442425039250912,0.00010442425039250912,0.00022849972690630192,0.00022849972690630192,0.0,0.00022849972690630192,300.462508876288,300.57638811445173,-2.6021374820713957e-05
205,423,contact,0.0021352790070854905,-0.00011472099291450974,0.00011472099291450974,0.00025245570889267965,0.00025245570889267965,0.0,0.00025245570889267965,300.84364945330816,300.7792050235416,1.6269364200906808e-05
205,493,contact,0.002145518759204869,-0.00010448124079513125,0.00010448124079513125,0.00024092557725379204,0.00024092557725379204,0.0,0.00024092557725379204,300.84364945330816,300.8267490417462,4.071741411389141e-06
206,276,contact,0.0019465649994284799,-5.343500057152016e-05,5.343500057152016e-05,0.0001634548876166145,0.0001634548876166145,0.0,0.0001634548876166145,300.800590677973,300.8228713245907,-3.6418805889266127e-06
206,352,contact,0.0019129491719593599,-8.705082804064015e-05,8.705082804064015e-05,0.00020862745270054965,0.00020862745270054965,0.0,0.00020862745270054965,300.800590677973,300.8336694359497,-6.901137015173159e-06
206,407,contact,0.0022114192818421473,-3.858071815785293e-05,3.858071815785293e-05,0.00014640263764672512,0.00014640263764672512,0.0,0.00014640263764672512,300.800590677973,300.75050333135175,7.332919658075278e-06
206,497,contact,0.0021770567599858296,-7.294324001417066e-05,7.294324001417066e-05,0.00020130579283789826,0.00020130579283789826,0.0,0.00020130579283789826,300.800590677973,300.8373058925293,-7.390985375468599e-06
207,229,contact,0.0019499289825273128,-5.00710174726872e-05,5.00710174726872e-05,0.00015822613164816866,0.00015822613164816866,0.0,0.00015822613164816866,300.5386122930815,300.4035615887415,2.136855052407245e-05
207,230,contact,0.0018681708243894618,-0.00013182917561053824,0.00013182917561053824,0.00025673836449831397,0.00025673836449831397,0.0,0.00025673836449831397,300.5386122930815,300.50456048654337,8.742405118808929e-06
207,264,contact,0.0018847544246134568,-0.00011524557538654325,0.00011524557538654325,0.00024004746966646331,0.00024004746966646331,0.0,0.00024004746966646331,300.5386122930815,300.42118965243685,2.818700776829873e-05
207,266,contact,0.0018835833514384219,-0.00011641664856157819,0.00011641664856157819,0.000241264013646439,0.00043866184299352543,0.0,0.00043866184299352543,300.5386122930815,300.65340225306016,-5.035397540140066e-05
207,435,contact,0.0022313348315750373,-1.8665168424962953e-05,1.8665168424962953e-05,0.00010183092857215979,0.00010183092857215979,0.0,0.00010183092857215979,300.5386122930815,300.463941871063,7.6037584110159555e-06
208,213,contact,0.0019455205883516105,-5.447941164838949e-05,5.447941164838949e-05,0.0001650445570874567,0.0001650445570874567,0.0,0.0001650445570874567,300.2845002691002,300.35730662254036,-1.2016292356685898e-05
208,219,contact,0.0019722514238554876,-2.774857614451249e-05,2.774857614451249e-05,0.00011778916789015976,0.00011778916789015976,0.0,0.00011778916789015976,300.2845002691002,300.2304735728816,6.363759591444958e-06
208,377,contact,0.0019632243116360446,-3.677568836395542e-05,3.677568836395542e-05,0.0001356017853200234,0.0002465487005818607,0.0,0.0002465487005818607,300.2845002691002,300.2221023913219,1.5384115685297435e-05
208,470,contact,0.002122852952891463,-0.00012714704710853732,0.00012714704710853732,0.0002657766889582904,0.0002657766889582904,0.0,0.0002657766889582904,300.2845002691002,300.23534210667435,1.3065093644813633e-05
209,414,contact,0.0021698850507803394,-8.011494921966083e-05,8.011494921966083e-05,0.0002109699152060165,0.0002109699152060165,0.0,0.0002109699152060165,300.4052409189168,300.44050343224967,-7.439329447792021e-06
209,464,contact,0.002221688054363168,-2.8311945636832342e-05,2.8311945636832342e-05,0.00012541474668925133,0.00012541474668925133,0.0,0.00012541474668925133,300.4052409189168,300.307939327638,1.2203054422689094e-05
210,369,contact,0.0019337278095947214,-6.62721904052786e-05,6.62721904052786e-05,0.00018203322554588572,0.00018203322554588572,0.0,0.00018203322554588572,300.6400086227434,300.62190070912624,3.2962419236348737e-06
210,424,contact,0.002188315249638406,-6.168475036159426e-05,6.168475036159426e-05,0.00018511970655886762,0.00018511970655886762,0.0,0.00018511970655886762,300.6400086227434,300.54379593945566,1.781086369746353e-05
210,477,contact,0.002202335689421573,-4.766431057842734e-05,4.766431057842734e-05,0.0001627272950170645,0.0001627272950170645,0.0,0.0001627272950170645,300.6400086227434,300.6408613116989,-1.3875576722707458e-07
211,279,contact,0.0019706714562554564,-2.9328543744543654e-05,2.9328543744543654e-05,0.00012109612657831723,0.00012109612657831723,0.0,0.00012109612657831723,300.6956734987376,300.63172626180915,7.743762697423691e-06
211,460,contact,0.002171390724144321,-7.860927585567933e-05,7.860927585567933e-05,0.00020897803693168776,0.00020897803693168776,0.0,0.00020897803693168776,300.6956734987376,300.82110816864383,-2.621309108017455e-05
211,477,contact,0.0022131976148776237,-3.680238512237654e-05,3.680238512237654e-05,0.0001429887041427798,0.0001429887041427798,0.0,0.0001429887041427798,300.6956734987376,300.6408613116989,7.837523595894264e-06
211,485,contact,0.0021583899917531116,-9.161000824688863e-05,9.161000824688863e-05,0.00022559798098841497,0.00022559798098841497,0.0,0.00022559798098841497,300.6956734987376,300.6384636222379,1.2906432630931644e-05
211,499,contact,0.002182616231704512,-6.738376829548828e-05,6.738376829548828e-05,0.00019348236826860173,0.00019348236826860173,0.0,0.00019348236826860173,300.6956734987376,300.67246685312404,4.490076752886388e-06
212,237,contact,0.001989704712388247,-1.0295287611752999e-05,1.0295287611752999e-05,7.174708221158893e-05,7.174708221158893e-05,0.0,7.174708221158893e-05,300.23105407560735,300.1584360570388,5.210130948281315e-06
212,254,contact,0.001916214852045563,-8.378514795443696e-05,8.378514795443696e-05,0.00020467675485315493,0.00020467675485315493,0.0,0.00020467675485315493,300.23105407560735,300.1244994591749,2.180925310601598e-05
212,315,contact,0.0018863960763583032,-0.00011360392364169686,0.00011360392364169686,0.00023833162152943203,0.00043333022096260374,0.0,0.00043333022096260374,300.23105407560735,300.25293038562523,-9.479666253897652e-06
212,441,contact,0.00219790542335197,-5.2094576648030466e-05,5.2094576648030466e-05,0.0001701218136252022,0.0001701218136252022,0.0,0.0001701218136252022,300.23105407560735,300.2806121348568,-8.430906919266346e-06
213,314,contact,0.0019300986898342783,-6.99013101657217e-05,6.99013101657217e-05,0.0001869509429846794,0.0001869509429846794,0.0,0.0001869509429846794,300.35730662254036,300.3406543845392,3.113151597118979e-06
213,430,contact,0.0020881470289469558,-0.0001618529710530445,0.0001618529710530445,0.0002998638311829077,0.0002998638311829077,0.0,0.0002998638311829077,300.35730662254036,300.32371477024793,1.00729815249389e-05
213,434,contact,0.002146069160605036,-0.00010393083939496447,0.00010393083939496447,0.00024029014798660536,0.00024029014798660536,0.0,0.00024029014798660536,300.35730662254036,300.5362072560765,-4.298805970730114e-05
213,443,contact,0.002148252342766091,-0.00010174765723390935,0.00010174765723390935,0.00023775297314873004,0.00023775297314873004,0.0,0.00023775297314873004,300.35730662254036,300.35005443793506,1.7242284517350485e-06
213,470,contact,0.002214566180564491,-3.543381943550911e-05,3.543381943550911e-05,0.00014030486535380554,0.00014030486535380554,0.0,0.00014030486535380554,300.35730662254036,300.23534210667435,1.7112214976522815e-05
214,267,contact,0.0019401751470679135,-5.982485293208649e-05,5.982485293208649e-05,0.00017295209297965504,0.00017295209297965504,0.0,0.00017295209297965504,300.7761293152707,300.8483598183093,-1.2492416677501107e-05
214,286,contact,0.001997760124364284,-2.2398756357160793e-06,2.2398756357160793e-06,3.346547202502962e-05,3.346547202502962e-05,0.0,3.346547202502962e-05,300.7761293152707,300.76280218388126,4.459987426864284e-07
214,376,contact,0.001880289933254975,-0.00011971006674502496,0.00011971006674502496,0.00024465288343388165,0.00024465288343388165,0.0,0.00024465288343388165,300.7761293152707,300.8123255088848,-8.85550313702132e-06
214,465,contact,0.0021229471799599727,-0.00012705282004002753,0.00012705282004002753,0.0002656781888342314,0.0002656781888342314,0.0,0.0002656781888342314,300.7761293152707,300.8473721858569,-1.8927676824697945e-05
214,494,contact,0.0022116337992307863,-3.8366200769213935e-05,3.8366200769213935e-05,0.00014599505465219236,0.00014599505465219236,0.0,0.00014599505465219236,300.7761293152707,300.64679647467017,1.888195513179498e-05
215,344,contact,0.0019097128265760273,-9.028717342397276e-05,9.028717342397276e-05,0.00021247020193896927,0.00021247020193896927,0.0,0.00021247020193896927,300.9492402941701,300.9307397109863,3.930822645055472e-06
216,328,contact,0.0019110874976371436,-8.891250236285641e-05,8.891250236285641e-05,0.00021084651095388846,0.00021084651095388846,0.0,0.00021084651095388846,300.3517328803937,300.30915520424816,8.977354459808924e-06
216,341,contact,0.001937237638552638,-6.276236144736212e-05,6.276236144736212e-05,0.00017714734184762993,0.00017714734184762993,0.0,0.00017714734184762993,300.3517328803937,300.41142102075736,-1.0573595405253387e-05
216,350,contact,0.001935283847303085,-6.471615269691504e-05,6.471615269691504e-05,0.0001798835077166818,0.0001798835077166818,0.0,0.0001798835077166818,300.3517328803937,300.27935662503984,1.3019294688447901e-05
216,385,contact,0.0019489115921057058,-5.108840789429421e-05,5.108840789429421e-05,0.00015982554222384825,0.00015982554222384825,0.0,0.00015982554222384825,300.3517328803937,300.2796627058884,1.1518654718469991e-05
216,419,contact,0.0021317354604957566,-0.00011826453950424367,0.00011826453950424367,0.00025632503183809814,0.00025632503183809814,0.0,0.00025632503183809814,300.3517328803937,300.38882967481277,-9.508837010563394e-06
217,290,contact,0.0019650696291648785,-3.493037083512158e-05,3.493037083512158e-05,0.00013215591329017703,0.00013215591329017703,0.0,0.00013215591329017703,300.4850491189423,300.56140628801836,-1.0091051415499354e-05
217,324,contact,0.0019565145410447575,-4.3485458955242525e-05,4.3485458955242525e-05,0.00014745416059786602,0.00014745416059786602,0.0,0.00014745416059786602,300.4850491189423,300.4915416412199,-9.573494226059947e-07
217,405,contact,0.0021893860141713245,-6.06139858286758e-05,6.06139858286758e-05,0.0001835059578637341,0.0001835059578637341,0.0,0.0001835059578637341,300.4850491189423,300.49820763492556,-2.4146660795740963e-06
217,452,contact,0.0021498874481818584,-0.00010011255181814182,0.00010011255181814182,0.00023583486668305034,0.00023583486668305034,0.0,0.00023583486668305034,300.4850491189423,300.50749463568235,-5.293435448021688e-06
218,247,contact,0.0019637348670327156,-3.626513296728449e-05,3.626513296728449e-05,0.00013465721846095828,0.00013465721846095828,0.0,0.00013465721846095828,300.34036130158336,300.4375777930979,-1.3090902335879954e-05
218,282,contact,0.0019754572203163497,-2.4542779683650335e-05,2.4542779683650335e-05,0.00011077630541693096,0.00011077630541693096,0.0,0.00011077630541693096,300.34036130158336,300.3343291030206,6.682246703242974e-07
218,349,contact,0.0019950666046275236,-4.933395372476446e-06,4.933395372476446e-06,4.9665860369455225e-05,4.9665860369455225e-05,0.0,4.9665860369455225e-05,300.34036130158336,300.39164798175057,-2.547197095997508e-06
218,442,contact,0.0021600080348924636,-8.999196510753663e-05,8.999196510753663e-05,0.00022359681610178102,0.00022359681610178102,0.0,0.00022359681610178102,300.34036130158336,300.3350870053184,1.1793158520156479e-06
219,323,contact,0.0019489790655879294,-5.102093441207065e-05,5.102093441207065e-05,0.00015971996495753223,0.00015971996495753223,0.0,0.00015971996495753223,300.2304735728816,300.14607808192306,1.3479644858467524e-05
219,417,contact,0.0021728140246193095,-7.718597538069073e-05,7.718597538069073e-05,0.00020707751551947177,0.00020707751551947177,0.0,0.00020707751551947177,300.2304735728816,300.23158201659237,-2.2953376972380636e-07
219,430,contact,0.0021700250184963307,-7.997498150366959e-05,7.997498150366959e-05,0.00021078554333686273,0.00021078554333686273,0.0,0.00021078554333686273,300.2304735728816,300.32371477024793,-1.9653896448246455e-05
219,458,contact,0.002173702394096304,-7.629760590369605e-05,7.629760590369605e-05,0.0002058823907850953,0.0002058823907850953,0.0,0.0002058823907850953,300.2304735728816,300.16845979451847,1.2767544951013975e-05
220,360,contact,0.0019000924766968566,-9.990752330314343e-05,9.990752330314343e-05,0.0002235033817452696,0.0002235033817452696,0.0,0.0002235033817452696,300.301755891807,300.20475369005266,2.168032012882778e-05
220,419,contact,0.00213880715654778,-0.00011119284345222037,0.00011119284345222037,0.0002485433602370021,0.0002485433602370021,0.0,0.0002485433602370021,300.301755891807,300.38882967481277,-2.16416106168071e-05
220,464,contact,0.0022315528875650682,-1.844711243493202e-05,1.844711243493202e-05,0.00010123436075357247,0.00010123436075357247,0.0,0.00010123436075357247,300.301755891807,300.307939327638,-6.259761736139764e-07
221,268,contact,0.001921078339084588,-7.892166091541205e-05,7.892166091541205e-05,0.00019864750302409046,0.00019864750302409046,0.0,0.00019864750302409046,300.4912482313824,300.5132267920536,-4.3659861974059965e-06
221,298,contact,0.0019111292449753364,-8.887075502466367e-05,8.887075502466367e-05,0.00021079700546338848,0.00021079700546338848,0.0,0.00021079700546338848,300.4912482313824,300.46466505708753,5.6036535370640464e-06
221,327,contact,0.0019208234939473237,-7.917650605267636e-05,7.917650605267636e-05,0.00019896796985027058,0.00019896796985027058,0.0,0.00019896796985027058,300.4912482313824,300.5107336199559,-3.8769682062157854e-06
222,395,contact,0.0018947457261569618,-0.00010525427384303824,0.00010525427384303824,0.00022940605249539324,0.00041710191362798773,0.0,0.00041710191362798773,300.0961246907134,300.0902064044808,2.468528513015514e-06
222,450,contact,0.0022420564767418336,-7.94352325816667e-06,7.94352325816667e-06,6.643093012113605e-05,6.643093012113605e-05,0.0,6.643093012113605e-05,300.0961246907134,300.06394695118223,2.1375971662508863e-06
222,453,contact,0.002141951922639722,-0.00010804807736027825,0.00010804807736027825,0.0002450034890457665,0.0002450034890457665,0.0,0.0002450034890457665,300.0961246907134,300.1135524781571,-4.269868730053002e-06
223,468,contact,0.002150560854504006,-9.943914549599437e-05,9.943914549599437e-05,0.0002350403576409738,0.0002350403576409738,0.0,0.0002350403576409738,300.94408546309,300.8255546366593,2.78595278357485e-05
224,349,contact,0.0019433643809995368,-5.6635619000463275e-05,5.6635619000463275e-05,0.0001682789633324131,0.0001682789633324131,0.0,0.0001682789633324131,300.3693726797245,300.39164798175057,-3.748464732861738e-06
224,441,contact,0.002234491521465231,-1.5508478534769117e-05,1.5508478534769117e-05,9.282144907404249e-05,9.282144907404249e-05,0.0,9.282144907404249e-05,300.3693726797245,300.2806121348568,8.238882395219833e-06
224,486,contact,0.0021437087579902277,-0.00010629124200977258,0.00010629124200977258,0.00024300347735254575,0.00024300347735254575,0.0,0.00024300347735254575,300.3693726797245,300.2459034481237,3.0003452625036244e-05
225,283,contact,0.0019637851412259953,-3.6214858774004724e-05,3.6214858774004724e-05,0.00013456384873732752,0.0002446615431587773,0.0,0.0002446615431587773,300.57354330772745,300.5783145084264,-1.1673293257228954e-06
225,307,contact,0.0019346221015226716,-6.537789847732849e-05,6.537789847732849e-05,0.0001808008551933985,0.0001808008551933985,0.0,0.0001808008551933985,300.57354330772745,300.49384181721064,1.4410097645628004e-05
225,477,contact,0.0021803425443952603,-6.965745560474001e-05,6.965745560474001e-05,0.0001967195629495902,0.0001967195629495902,0.0,0.0001967195629495902,300.57354330772745,300.6408613116989,-1.3242768319908197e-05
226,363,contact,0.0019518822467044473,-4.811775329555275e-05,4.811775329555275e-05,0.00015510924101347533,0.00015510924101347533,0.0,0.00015510924101347533,300.6903159494383,300.6919199783877,-2.4879971290971446e-07
226,461,contact,0.002241394781960554,-8.605218039446378e-06,8.605218039446378e-06,6.914243768179801e-05,6.914243768179801e-05,0.0,6.914243768179801e-05,300.6903159494383,300.57310278682655,8.104403791368235e-06
226,473,contact,0.0021798810183356328,-7.01189816643675e-05,7.01189816643675e-05,0.00019737018471273089,0.00019737018471273089,0.0,0.00019737018471273089,300.6903159494383,300.7686638748014,-1.5463544500777956e-05
227,346,contact,0.0018567340962291816,-0.00014326590377081844,0.00014326590377081844,0.00026764332961127434,0.00048662423565686247,0.0,0.00048662423565686247,300.53940398358844,300.5712649746936,-1.550433044380591e-05
227,404,contact,0.002128407549530869,-0.00012159245046913141,0.00012159245046913141,0.0002599064473454625,0.00047255717699175005,0.0,0.00047255717699175005,300.53940398358844,300.4789090649226,2.8587307987067587e-05
227,414,contact,0.002137672021639429,-0.00011232797836057112,0.00011232797836057112,0.0002498087917238693,0.0004541978031343079,0.0,0.0004541978031343079,300.53940398358844,300.44050343224967,4.492041314684226e-05
227,489,contact,0.0020906583550372396,-0.00015934164496276063,0.00015934164496276063,0.0002975283786303797,0.002975283786303797,0.0,0.002975283786303797,300.53940398358844,300.61082773602243,-0.00021250593257381628
228,261,contact,0.0019663162887490915,-3.3683711250908493e-05,3.3683711250908493e-05,0.0001297761751071985,0.0002359566820130882,0.0,0.0002359566820130882,300.9035796169929,300.97835127360594,-1.7642872003037752e-05
228,317,contact,0.0019457592813860612,-5.424071861393886e-05,5.424071861393886e-05,0.00016468260171302078,0.00016468260171302078,0.0,0.00016468260171302078,300.9035796169929,300.89505343913186,1.4041131528221858e-06
228,344,contact,0.001945779289282318,-5.422071071768198e-05,5.422071071768198e-05,0.0001646522254900947,0.0001646522254900947,0.0,0.0001646522254900947,300.9035796169929,300.9307397109863,-4.4719699205361e-06
228,376,contact,0.0019947337462679075,-5.266253732092493e-06,5.266253732092493e-06,5.131400263131153e-05,5.131400263131153e-05,0.0,5.131400263131153e-05,300.9035796169929,300.8123255088848,4.682613543577188e-06
228,488,contact,0.0021674881789758393,-8.251182102416094e-05,8.251182102416094e-05,0.00021410254685308696,0.00021410254685308696,0.0,0.00021410254685308696,300.9035796169929,300.82555209060337,1.6705892124642504e-05
229,230,contact,0.0019210638159623962,-7.893618403760389e-05,7.893618403760389e-05,0.00019866577968739846,0.00019866577968739846,0.0,0.00019866577968739846,300.4035615887415,300.50456048654337,-2.0065024779371238e-05
229,300,contact,0.0019148360636096246,-8.516393639037547e-05,8.516393639037547e-05,0.00020635398759216586,0.00020635398759216586,0.0,0.00020635398759216586,300.4035615887415,300.4487166489233,-9.317926728478349e-06
229,432,contact,0.0020812943396357943,-0.00016870566036420592,0.00016870566036420592,0.00030614598947071523,0.00030614598947071523,0.0,0.00030614598947071523,300.4035615887415,300.31815205168726,2.6147787231712424e-05
229,435,contact,0.002080914158561088,-0.00016908584143891228,0.00016908584143891228,0.00030649074794710115,0.00030649074794710115,0.0,0.00030649074794710115,300.4035615887415,300.463941871063,-1.8505997889970345e-05
230,240,contact,0.0018543085661243788,-0.0001456914338756213,0.0001456914338756213,0.00026989945709061854,0.00026989945709061854,0.0,0.00026989945709061854,300.50456048654337,300.4293559254963,2.0297670197347135e-05
230,266,contact,0.0019784733747099047,-2.152662529009532e-05,2.152662529009532e-05,0.00010374638617825519,0.00018862979305137308,0.0,0.00018862979305137308,300.50456048654337,300.65340225306016,-2.8075991615463984e-05
230,300,contact,0.001955478677434249,-4.4521322565751077e-05,4.4521322565751077e-05,0.0001492000713232924,0.0001492000713232924,0.0,0.0001492000713232924,300.50456048654337,300.4487166489233,8.331904555877167e-06
231,253,contact,0.00193257748206896,-6.742251793104e-05,6.742251793104e-05,0.00018360626069260274,0.00018360626069260274,0.0,0.00018360626069260274,300.8293892442754,300.7920151533733,6.862117077313131e-06
231,371,contact,0.0018434156137181869,-0.00015658438628181315,0.00015658438628181315,0.00027980742152578186,0.00027980742152578186,0.0,0.00027980742152578186,300.8293892442754,300.83255693869484,-8.863444076907325e-07
231,375,contact,0.001999304030931764,-6.959690682360221e-07,6.959690682360221e-07,1.8654343572423317e-05,1.8654343572423317e-05,0.0,1.8654343572423317e-05,300.8293892442754,300.75809228136933,1.329998041719716e-06
231,409,contact,0.0022013802716023415,-4.8619728397658775e-05,4.8619728397658775e-05,0.00016435011475785937,0.00016435011475785937,0.0,0.00016435011475785937,300.8293892442754,300.7927739772471,6.017723337983066e-06
231,438,contact,0.0021754526533574567,-7.454734664254356e-05,7.454734664254356e-05,0.00020350722979587448,0.00020350722979587448,0.0,0.00020350722979587448,300.8293892442754,300.70236092684155,2.5851180986588923e-05
232,417,contact,0.002143679347694805,-0.00010632065230519513,0.00010632065230519513,0.00024303709399686654,0.00024303709399686654,0.0,0.00024303709399686654,300.28780470275774,300.23158201659237,1.366419826232932e-05
233,262,contact,0.001956735799079681,-4.32642009203189e-05,4.32642009203189e-05,0.00014707855200592453,0.00014707855200592453,0.0,0.00014707855200592453,300.6388420051577,300.72459573013765,-1.2612533699165627e-05
233,428,contact,0.0021859823018954205,-6.401769810457977e-05,6.401769810457977e-05,0.00018858787828457494,0.0003428870514264999,0.0,0.0003428870514264999,300.6388420051577,300.6416506361408,-9.630431963440478e-07
233,438,contact,0.002204466452364381,-4.553354763561909e-05,4.553354763561909e-05,0.00015904846856578569,0.00015904846856578569,0.0,0.00015904846856578569,300.6388420051577,300.70236092684155,-1.0102587218766611e-05
233,498,contact,0.00219052282076677,-5.947717923323031e-05,5.947717923323031e-05,0.0001817769989624502,0.0001817769989624502,0.0,0.0001817769989624502,300.6388420051577,300.5231859288138,2.102361446956546e-05
234,496,contact,0.002153163562896234,-9.683643710376626e-05,9.683643710376626e-05,0.0002319440031843968,0.0002319440031843968,0.0,0.0002319440031843968,300.3937717172526,300.3854543723289,1.92915827746432e-06
235,248,contact,0.0019919150574509944,-8.08494254900564e-06,8.08494254900564e-06,6.358043153756367e-05,6.358043153756367e-05,0.0,6.358043153756367e-05,300.2306748754426,300.2866307320241,-3.5576975085043197e-06
235,255,contact,0.0019592395557715757,-4.076044422842437e-05,4.076044422842437e-05,0.00014275931533252808,0.00014275931533252808,0.0,0.00014275931533252808,300.2306748754426,300.2204264054863,1.4630645541686906e-06
235,400,contact,0.0018729591826038272,-0.0001270408173961728,0.0001270408173961728,0.0002520325548378352,0.0002520325548378352,0.0,0.0002520325548378352,300.2306748754426,300.2082395652177,5.654428554566264e-06
235,422,contact,0.0021314069106812992,-0.00011859308931870104,0.00011859308931870104,0.00025668083220509587,0.0004666924221910834,0.0,0.0004666924221910834,300.2306748754426,300.1925159114953,1.7808499312865956e-05
235,442,contact,0.002142287166208117,-0.00010771283379188345,0.00010771283379188345,0.00024462310442334147,0.00024462310442334147,0.0,0.00024462310442334147,300.2306748754426,300.3350870053184,-2.55416193496741e-05
236,350,contact,0.001840076588079963,-0.0001599234119200371,0.0001599234119200371,0.0002827750094333277,0.0002827750094333277,0.0,0.0002827750094333277,300.2928686317,300.27935662503984,3.820857810791171e-06
237,254,contact,0.0019048628275285336,-9.513717247146649e-05,9.513717247146649e-05,0.00021810223803467318,0.00021810223803467318,0.0,0.00021810223803467318,300.1584360570388,300.1244994591749,7.401647945396083e-06
237,273,contact,0.0019432078581561982,-5.679214184380185e-05,5.679214184380185e-05,0.00016851133766575152,0.00016851133766575152,0.0,0.00016851133766575152,300.1584360570388,300.0605966600274,1.6487047666801282e-05
237,389,contact,0.0019578607127168158,-4.2139287283184286e-05,4.2139287283184286e-05,0.00014515386195893015,0.00014515386195893015,0.0,0.00014515386195893015,300.1584360570388,300.1305010332022,4.05487659379179e-06
237,426,contact,0.0022033490794697063,-4.6650920530293995e-05,4.6650920530293995e-05,0.00016098813022203082,0.00016098813022203082,0.0,0.00016098813022203082,300.1584360570388,300.1660244036812,-1.2216337374400764e-06
237,486,contact,0.0021411235464783435,-0.0001088764535216568,0.0001088764535216568,0.0002459408844074988,0.0002459408844074988,0.0,0.0002459408844074988,300.1584360570388,300.2459034481237,-2.1511807520247306e-05
238,385,contact,0.0018421029490745084,-0.00015789705092549163,0.00015789705092549163,0.0002809778024377474,0.0002809778024377474,0.0,0.0002809778024377474,300.2289139628134,300.2796627058884,-1.4259270305696653e-05
238,400,contact,0.0018798958108629323,-0.00012010418913706777,0.00012010418913706777,0.00024505528879935215,0.00024505528879935215,0.0,0.00024505528879935215,300.2289139628134,300.2082395652177,5.0663704735699425e-06
238,451,contact,0.002151684275956861,-9.831572404313911e-05,9.831572404313911e-05,0.00023370889304994972,0.00023370889304994972,0.0,0.00023370889304994972,300.2289139628134,300.19185850454005,8.660190134524993e-06
239,293,contact,0.0019524293698264731,-4.7570630173526893e-05,4.7570630173526893e-05,0.00015422488478440645,0.00015422488478440645,0.0,0.00015422488478440645,300.1755025329322,300.13711847249164,5.919777299007969e-06
239,417,contact,0.0022055638285945808,-4.44361714054195e-05,4.44361714054195e-05,0.00015712021477804733,0.00015712021477804733,0.0,0.00015712021477804733,300.1755025329322,300.23158201659237,-8.811220517323461e-06
240,292,contact,0.001853359882017589,-0.00014664011798241113,0.00014664011798241113,0.0002707767696668338,0.0002707767696668338,0.0,0.0002707767696668338,300.4293559254963,300.5253544487969,-2.5994170032132605e-05
240,338,contact,0.001887442945170065,-0.00011255705482993497,0.00011255705482993497,0.00023723095796073388,0.0004313290144740616,0.0,0.0004313290144740616,300.4293559254963,300.3533104841236,3.280060528252515e-05
240,491,contact,0.002113351686355589,-0.0001366483136444113,0.0001366483136444113,0.00027552809258304446,0.00027552809258304446,0.0,0.00027552809258304446,300.4293559254963,300.5274501797799,-2.7027722776126748e-05
241,463,contact,0.0021971714961197277,-5.2828503880272566e-05,5.2828503880272566e-05,0.00017131599114610885,0.00017131599114610885,0.0,0.00017131599114610885,300.9285320910444,300.8483159824556,1.3742302148781511e-05
241,493,contact,0.002090162879371127,-0.00015983712062887312,0.00015983712062887312,0.0002979906044649293,0.0002979906044649293,0.0,0.0002979906044649293,300.9285320910444,300.8267490417462,3.0330392384656017e-05
242,290,contact,0.0019521774536191093,-4.782254638089072e-05,4.782254638089072e-05,0.00015463270414257574,0.0002811503711683195,0.0,0.0002811503711683195,300.59863622257893,300.56140628801836,1.0467209920276815e-05
242,324,contact,0.0019233253770748215,-7.667462292517855e-05,7.667462292517855e-05,0.00019579916103647962,0.0003559984746117811,0.0,0.0003559984746117811,300.59863622257893,300.4915416412199,3.812550760300396e-05
242,332,contact,0.0018906027746726712,-0.00010939722532732885,0.00010939722532732885,0.00023387734534080986,0.00042523153698329066,0.0,0.00042523153698329066,300.59863622257893,300.57638811445173,9.460597213900035e-06
242,346,contact,0.0018269600023262686,-0.00017303999767373144,0.00017303999767373144,0.000294142820474792,0.0005348051281359855,0.0,0.0005348051281359855,300.59863622257893,300.5712649746936,1.4638283732569311e-05
242,394,contact,0.0019553025948942015,-4.4697405105798525e-05,4.4697405105798525e-05,0.00014949482450205177,0.0002718087718219123,0.0,0.0002718087718219123,300.59863622257893,300.65913144218996,-1.644313134357026e-05
242,406,contact,0.0020875039757806456,-0.00016249602421935464,0.00016249602421935464,0.0003004589306556764,0.0005462889648285026,0.0,0.0005462889648285026,300.59863622257893,300.6863820291555,-4.793456584274525e-05
242,431,contact,0.0021615190502061563,-8.848094979384399e-05,8.848094979384399e-05,0.00022171171195677105,0.00040311220355776555,0.0,0.00040311220355776555,300.59863622257893,300.6192605083488,-8.313901283502987e-06
243,462,contact,0.002161027759493154,-8.89722405068463e-05,8.89722405068463e-05,0.00022232638733133659,0.0004042297951478847,0.0,0.0004042297951478847,300.8710208941618,300.84039823066473,1.2378592992303164e-05
244,256,contact,0.0019687241442863453,-3.127585571365476e-05,3.127585571365476e-05,0.00012505170073544536,0.00012505170073544536,0.0,0.00012505170073544536,300.9264637542545,300.9394910019053,-1.6290794746375391e-06
244,276,contact,0.0019855099899081345,-1.4490010091865527e-05,1.4490010091865527e-05,8.511759539562171e-05,8.511759539562171e-05,0.0,8.511759539562171e-05,300.9264637542545,300.8228713245907,8.817538514169593e-06
244,352,contact,0.0019289023321892162,-7.109766781078389e-05,7.109766781078389e-05,0.00018854398400742448,0.00018854398400742448,0.0,0.00018854398400742448,300.9264637542545,300.8336694359497,1.7495810466442226e-05
245,273,contact,0.0019126229663981801,-8.737703360181992e-05,8.737703360181992e-05,0.0002090179820037261,0.0002090179820037261,0.0,0.0002090179820037261,300.1093028900504,300.0605966600274,1.0180477910419891e-05
245,347,contact,0.0019692444302574544,-3.075556974254561e-05,3.075556974254561e-05,0.00012400719685273434,0.00012400719685273434,0.0,0.00012400719685273434,300.1093028900504,300.1807810102441,-8.863801321525686e-06
245,450,contact,0.002231931375826774,-1.8068624173226116e-05,1.8068624173226116e-05,0.00010019044136384058,0.00010019044136384058,0.0,0.00010019044136384058,300.1093028900504,300.06394695118223,4.5442315336732925e-06
246,284,contact,0.001856281597670192,-0.00014371840232980807,0.00014371840232980807,0.0002680656657703557,0.0004873921195824648,0.0,0.0004873921195824648,300.02645304796204,300.0548666535683,-1.3848567461415616e-05
246,395,contact,0.0017566272181940032,-0.00024337278180599684,0.00024337278180599684,0.00034883576494247034,0.0034883576494247033,0.0,0.0034883576494247033,300.02645304796204,300.0902064044808,-0.00022239450888871524
247,442,contact,0.002180382167327553,-6.961783267244717e-05,6.961783267244717e-05,0.00019666360544573337,0.00019666360544573337,0.0,0.00019666360544573337,300.4375777930979,300.3350870053184,2.015620784968191e-05
247,457,contact,0.0021704588565554525,-7.954114344454772e-05,7.954114344454772e-05,0.0002102130446377195,0.0002102130446377195,0.0,0.0002102130446377195,300.4375777930979,300.5469492295639,-2.2991302655919997e-05
248,306,contact,0.0019356216936684708,-6.437830633152929e-05,6.437830633152929e-05,0.00017941335838160056,0.00017941335838160056,0.0,0.00017941335838160056,300.2866307320241,300.24629272636133,7.237177066371996e-06
248,357,contact,0.0019479829710497987,-5.20170289502013e-05,5.20170289502013e-05,0.00016127155507125442,0.00016127155507125442,0.0,0.00016127155507125442,300.2866307320241,300.37247148528263,-1.3843671766492186e-05
248,425,contact,0.0020423553509612367,-0.0002076446490387636,0.0002076446490387636,0.0003396441348748255,0.0003396441348748255,0.0,0.0003396441348748255,300.2866307320241,300.4083021657233,-4.132498883774152e-05
249,263,contact,0.0018960244033239663,-0.00010397559667603374,0.00010397559667603374,0.0002280083295364818,0.0002280083295364818,0.0,0.0002280083295364818,300.68046837186404,300.5815970356617,2.2543488206541018e-05
249,299,contact,0.0018803050235799517,-0.00011969497642004838,0.00011969497642004838,0.00024463746280981616,0.00024463746280981616,0.0,0.00024463746280981616,300.68046837186404,300.56088860076625,2.9253691804741916e-05
250,302,contact,0.001987890345451932,-1.2109654548068255e-05,1.2109654548068255e-05,7.781277063589323e-05,7.781277063589323e-05,0.0,7.781277063589323e-05,300.6017225487902,300.60061620556377,8.608763172128542e-08
250,303,contact,0.001956397559035484,-4.3602440964515994e-05,4.3602440964515994e-05,0.00014765236361893432,0.00014765236361893432,0.0,0.00014765236361893432,300.6017225487902,300.6041531569881,-3.5888504545535843e-07
250,405,contact,0.0021368241427408108,-0.0001131758572591895,0.0001131758572591895,0.0002507498280260732,0.0002507498280260732,0.0,0.0002507498280260732,300.6017225487902,300.49820763492556,2.595634684968593e-05
250,469,contact,0.0022154232316873453,-3.4576768312654955e-05,3.4576768312654955e-05,0.00013859767577146723,0.00013859767577146723,0.0,0.00013859767577146723,300.6017225487902,300.572555392079,4.042500129033943e-06
250,475,contact,0.0021088178174987044,-0.00014118218250129587,0.00014118218250129587,0.0002800616821952858,0.0002800616821952858,0.0,0.0002800616821952858,300.6017225487902,300.6929708427004,-2.5555150689943808e-05
251,425,contact,0.0020912060883853615,-0.00015879391161463877,0.00015879391161463877,0.0002970165648342032,0.0005400301178803695,0.0,0.0005400301178803695,300.5227138727362,300.4083021657233,6.178576762506603e-05
251,466,contact,0.0021926175091200933,-5.7382490879906954e-05,5.7382490879906954e-05,0.00017854736514423365,0.0017854736514423364,0.0,0.0017854736514423364,300.5227138727362,300.4684428463964,9.68994875664294e-05
251,498,contact,0.002175787650438341,-7.421234956165928e-05,7.421234956165928e-05,0.00020304945971317114,0.0003691808358421293,0.0,0.0003691808358421293,300.5227138727362,300.5231859288138,-1.7427405730245232e-07
252,309,contact,0.001959972785933519,-4.002721406648089e-05,4.002721406648089e-05,0.0001414694561848615,0.0001414694561848615,0.0,0.0001414694561848615,300.4106808361088,300.44480819965105,-4.827979561347735e-06
252,315,contact,0.0018667128486995529,-0.00013328715130044716,0.00013328715130044716,0.00025815417031344577,0.00046937121875171954,0.0,0.00046937121875171954,300.4106808361088,300.25293038562523,7.404352120209543e-05
252,330,contact,0.0019522430418367487,-4.775695816325136e-05,4.775695816325136e-05,0.00015452662903728173,0.00015452662903728173,0.0,0.00015452662903728173,300.4106808361088,300.5365636027508,-1.9452239583076193e-05
252,466,contact,0.0021631037567809825,-8.689624321901778e-05,8.689624321901778e-05,0.00021971729717350908,0.00039948599486092556,0.0,0.00039948599486092556,300.4106808361088,300.4684428463964,-2.307511414491049e-05
253,438,contact,0.002163819552227034,-8.618044777296621e-05,8.618044777296621e-05,0.00021881048087451566,0.00021881048087451566,0.0,0.00021881048087451566,300.7920151533733,300.70236092684155,1.9617284419847925e-05
253,463,contact,0.002208665071508127,-4.1334928491873306e-05,4.1334928491873306e-05,0.0001515382762279941,0.0001515382762279941,0.0,0.0001515382762279941,300.7920151533733,300.8483159824556,-8.53173058933273e-06
254,289,contact,0.0019169189637801597,-8.308103621984032e-05,8.308103621984032e-05,0.00020381491140228225,0.00020381491140228225,0.0,0.00020381491140228225,300.1244994591749,300.09283935701234,6.452800917249686e-06
254,319,contact,0.001999592952903166,-4.0704709683425655e-07,4.0704709683425655e-07,1.4266167965404315e-05,2.5938487209826026e-05,0.0,2.5938487209826026e-05,300.1244994591749,300.2075588843252,-2.1544358369160827e-06
254,426,contact,0.002235488933835281,-1.451106616471914e-05,1.451106616471914e-05,8.978698917350981e-05,8.978698917350981e-05,0.0,8.978698917350981e-05,300.1244994591749,300.1660244036812,-3.7283997428183675e-06
255,297,contact,0.0019036533145770011,-9.634668542299893e-05,9.634668542299893e-05,0.00021948426529366398,0.00021948426529366398,0.0,0.00021948426529366398,300.2204264054863,300.2157124547633,1.03463801106538e-06
255,422,contact,0.002173243219246295,-7.675678075370505e-05,7.675678075370505e-05,0.00020650098298623321,0.0003754563327022422,0.0,0.0003754563327022422,300.2204264054863,300.1925159114953,1.0479171717763987e-05
255,442,contact,0.0022411712755610633,-8.828724438937011e-06,8.828724438937011e-06,7.003461223224244e-05,7.003461223224244e-05,0.0,7.003461223224244e-05,300.2204264054863,300.3350870053184,-8.030210647558891e-06
256,356,contact,0.0018751993900918912,-0.00012480060990810882,0.00012480060990810882,0.0002498005303318118,0.00045418278242147594,0.0,0.00045418278242147594,300.9394910019053,300.9070066729048,1.4753822930546533e-05
256,497,contact,0.002125557689883057,-0.0001244423101169432,0.0001244423101169432,0.000262934624444243,0.000262934624444243,0.0,0.000262934624444243,300.9394910019053,300.8373058925293,2.6868003357578586e-05
257,346,contact,0.001933713913587013,-6.628608641298704e-05,6.628608641298704e-05,0.0001820523089842409,0.0001820523089842409,0.0,0.0001820523089842409,300.660944627787,300.5712649746936,1.632638791456147e-05
257,394,contact,0.0019416753608417646,-5.832463915823546e-05,5.832463915823546e-05,0.00017076978532257317,0.00017076978532257317,0.0,0.00017076978532257317,300.660944627787,300.65913144218996,3.096373151547243e-07
257,406,contact,0.0021691314206382247,-8.086857936177557e-05,8.086857936177557e-05,0.00021195987482143823,0.00021195987482143823,0.0,0.00021195987482143823,300.660944627787,300.6863820291555,-5.391708409848325e-06
258,313,contact,0.0019374488364083324,-6.255116359166766e-05,6.255116359166766e-05,0.0001768490367399094,0.0001768490367399094,0.0,0.0001768490367399094,300.7753376266194,300.7398414235021,6.277469329209418e-06
258,352,contact,0.0019583009734971783,-4.1699026502821715e-05,4.1699026502821715e-05,0.00014439360529957987,0.00014439360529957987,0.0,0.00014439360529957987,300.7753376266194,300.8336694359497,-8.422740252849371e-06
258,437,contact,0.002197494892007716,-5.2505107992284385e-05,5.2505107992284385e-05,0.00017079082071398916,0.00017079082071398916,0.0,0.00017079082071398916,300.7753376266194,300.6883405632253,1.4858299856776932e-05
259,353,contact,0.0019262352384119643,-7.376476158803573e-05,7.376476158803573e-05,0.00019204786068586618,0.00019204786068586618,0.0,0.00019204786068586618,300.10225649286554,300.0702410538873,6.148496564691569e-06
259,397,contact,0.0019600035274713163,-3.999647252868376e-05,3.999647252868376e-05,0.00014141512035260545,0.00014141512035260545,0.0,0.00014141512035260545,300.10225649286554,300.1902621223682,-1.2445326687827557e-05
259,429,contact,0.002031532451254472,-0.00021846754874552815,0.00021846754874552815,0.00034838320914501935,0.00034838320914501935,0.0,0.00034838320914501935,300.10225649286554,300.194033515567,-3.1973573694516365e-05
259,481,contact,0.002097642509151644,-0.00015235749084835642,0.00015235749084835642,0.00029093478731720814,0.00029093478731720814,0.0,0.00029093478731720814,300.10225649286554,300.07649110312394,7.4960481846154755e-06
260,486,contact,0.0021062772818233122,-0.00014372271817668803,0.00014372271817668803,0.0002825702647884318,0.0002825702647884318,0.0,0.0002825702647884318,300.3278282019951,300.2459034481237,2.314949939415802e-05
261,317,contact,0.0019271048663993355,-7.289513360066451e-05,7.289513360066451e-05,0.0001909124584733334,0.0003471135608606062,0.0,0.0003471135608606062,300.97835127360594,300.89505343913186,2.891380793627558e-05
261,344,contact,0.0018986895401302457,-0.00010131045986975433,0.00010131045986975433,0.00022506716760753258,0.00040921303201369564,0.0,0.00040921303201369564,300.97835127360594,300.9307397109863,1.9483271898491206e-05
261,488,contact,0.0021112709254380406,-0.00013872907456195967,0.00013872907456195967,0.00027761791745126537,0.0005047598499113916,0.0,0.0005047598499113916,300.97835127360594,300.82555209060337,7.712689267896111e-05
262,329,contact,0.00197831327524232,-2.1686724757680013e-05,2.1686724757680013e-05,0.00010413146680441992,0.00010413146680441992,0.0,0.00010413146680441992,300.72459573013765,300.7092057881308,1.6025772352066022e-06
262,358,contact,0.0019720420474979732,-2.79579525020268e-05,2.79579525020268e-05,0.00011823272072913404,0.00011823272072913404,0.0,0.00011823272072913404,300.72459573013765,300.8084977811486,-9.919967765781132e-06
262,375,contact,0.0019168799708641129,-8.312002913588717e-05,8.312002913588717e-05,0.0002038627346229408,0.0002038627346229408,0.0,0.0002038627346229408,300.72459573013765,300.75809228136933,-6.828698534527414e-06
262,438,contact,0.002166577940762806,-8.342205923719424e-05,8.342205923719424e-05,0.0002152802556322988,0.0002152802556322988,0.0,0.0002152802556322988,300.72459573013765,300.70236092684155,4.786714137518467e-06
262,463,contact,0.0021469444450427683,-0.00010305555495723198,0.00010305555495723198,0.00023927617116493465,0.00023927617116493465,0.0,0.00023927617116493465,300.72459573013765,300.8483159824556,-2.9603308270192363e-05
263,270,contact,0.0018860128436996393,-0.00011398715630036075,0.00011398715630036075,0.00023873327826296102,0.0004340605059326564,0.0,0.0004340605059326564,300.5815970356617,300.4606692862635,5.2489960085064156e-05
263,367,contact,0.001999358851132032,-6.411488679678758e-07,6.411488679678758e-07,1.790459253889733e-05,1.790459253889733e-05,0.0,1.790459253889733e-05,300.5815970356617,300.54031236376795,7.39185228359129e-07
264,339,contact,0.0019115307388501495,-8.846926114985053e-05,8.846926114985053e-05,0.00021032030471384655,0.00038240055402517553,0.0,0.00038240055402517553,300.42118965243685,300.3432653953196,2.9798279093645982e-05
264,435,contact,0.0021541636607509654,-9.583633924903487e-05,9.583633924903487e-05,0.000230743170416609,0.000230743170416609,0.0,0.000230743170416609,300.42118965243685,300.463941871063,-9.86478246814477e-06
265,326,contact,0.001984527166455526,-1.547283354447421e-05,1.547283354447421e-05,8.79569029254504e-05,8.79569029254504e-05,0.0,8.79569029254504e-05,300.7965421905712,300.88556638647526,-7.830292557150883e-06
265,410,contact,0.0020618583479058324,-0.0001881416520941679,0.0001881416520941679,0.000323300386718475,0.000323300386718475,0.0,0.000323300386718475,300.7965421905712,300.691941712107,3.3817375138410887e-05
265,413,contact,0.002107317132683166,-0.00014268286731683412,0.00014268286731683412,0.00028154619446986564,0.00028154619446986564,0.0,0.00028154619446986564,300.7965421905712,300.9002478260909,-2.9197927025651127e-05
266,301,contact,0.0019453828290071854,-5.46171709928146e-05,5.46171709928146e-05,0.00016525309527027718,0.0016525309527027719,0.0,0.0016525309527027719,300.65340225306016,300.672255103254,-3.115491849193856e-05
266,434,contact,0.0021554986626198427,-9.450133738015754e-05,9.450133738015754e-05,0.0002291304060769247,0.00041660073832168123,0.0,0.00041660073832168123,300.65340225306016,300.5362072560765,4.8823522270992414e-05
266,490,contact,0.002099237986594421,-0.0001507620134055792,0.0001507620134055792,0.00028940745345310416,0.0028940745345310418,0.0,0.0028940745345310418,300.65340225306016,300.6855927209988,-9.316161351579622e-05
267,356,contact,0.001859047008254498,-0.0001409529917455021,0.0001409529917455021,0.0002654740964251523,0.0004826801753184587,0.0,0.0004826801753184587,300.8483598183093,300.9070066729048,-2.8307674058036223e-05
267,376,contact,0.00188236417459534,-0.00011763582540466003,0.00011763582540466003,0.00024252404561678006,0.00024252404561678006,0.0,0.00024252404561678006,300.8483598183093,300.8123255088848,8.73918650263858e-06
267,460,contact,0.0021286412039138967,-0.00012135879608610352,0.00012135879608610352,0.000259656606658041,0.000259656606658041,0.0,0.000259656606658041,300.8483598183093,300.82110816864383,7.076070877966796e-06
268,346,contact,0.0019274382874945699,-7.256171250543016e-05,7.256171250543016e-05,0.00019047534289958655,0.00019047534289958655,0.0,0.00019047534289958655,300.5132267920536,300.5712649746936,-1.1054842739615523e-05
268,404,contact,0.002158168990811425,-9.183100918857537e-05,9.183100918857537e-05,0.0002258699345353124,0.0002258699345353124,0.0,0.0002258699345353124,300.5132267920536,300.4789090649226,7.751342780478985e-06
269,412,contact,0.0021962327153560025,-5.3767284643997746e-05,5.3767284643997746e-05,0.00017283146036271827,0.00017283146036271827,0.0,0.00017283146036271827,300.05867506290866,300.0979745710152,-6.792191377586979e-06
270,272,contact,0.001974711160575135,-2.5288839424865168e-05,2.5288839424865168e-05,0.00011244740865147842,0.00020444983391177893,0.0,0.00020444983391177893,300.4606692862635,300.5781790754022,-2.4024856872414158e-05
270,299,contact,0.0018708093121694693,-0.00012919068783053076,0.00012919068783053076,0.0002541561408175403,0.00046210207421370966,0.0,0.00046210207421370966,300.4606692862635,300.56088860076625,-4.63115531079912e-05
270,361,contact,0.0018523457233464808,-0.0001476542766535192,0.0001476542766535192,0.00027171149833372823,0.0027171149833372823,0.0,0.0027171149833372823,300.4606692862635,300.3848405859226,0.00020603529786334746
270,367,contact,0.0019370878837574725,-6.291211624252758e-05,6.291211624252758e-05,0.0001773585580716752,0.00032247010558486403,0.0,0.00032247010558486403,300.4606692862635,300.54031236376795,-2.568251161196117e-05
270,404,contact,0.0021731126949608476,-7.688730503915267e-05,7.688730503915267e-05,0.00020667648503445166,0.00037577542733536665,0.0,0.00037577542733536665,300.4606692862635,300.4789090649226,-6.854060620128884e-06
272,500,contact,0.0022065334481942487,-4.346655180575152e-05,4.346655180575152e-05,0.0001553965390107792,0.0001553965390107792,0.0,0.0001553965390107792,300.5781790754022,300.6857723179174,-1.671961750780626e-05
273,389,contact,0.0018835769945505284,-0.00011642300544947165,0.00011642300544947165,0.00024127060062248743,0.00024127060062248743,0.0,0.00024127060062248743,300.0605966600274,300.1305010332022,-1.6865870102031205e-05
274,422,contact,0.0022171013691078727,-3.289863089212756e-05,3.289863089212756e-05,0.0001351925188843417,0.0002458045797897122,0.0,0.0002458045797897122,300.1877632778432,300.1925159114953,-1.1682191177531407e-06
274,453,contact,0.0022161301624453377,-3.386983755466252e-05,3.386983755466252e-05,0.00013717352667062604,0.00013717352667062604,0.0,0.00013717352667062604,300.1877632778432,300.1135524781571,1.0179757109991598e-05
275,408,contact,0.002250032404663177,-0.0,0.0,1.0540925533894598e-07,1.0540925533894598e-07,0.0,1.0540925533894598e-07,300.68577520892234,300.69435805300446,-9.047112033873279e-10
275,490,contact,0.0022499866171206816,-1.3382879318624141e-08,1.3382879318624141e-08,2.726707346744639e-06,4.9576497213538895e-06,0.0,4.9576497213538895e-06,300.68577520892234,300.6855927209988,9.047112033519826e-10
276,364,contact,0.0019470712588397997,-5.2928741160200316e-05,5.2928741160200316e-05,0.0001626787342589687,0.00029577951683448854,0.0,0.00029577951683448854,300.8228713245907,300.8053729596578,5.175657925252407e-06
277,453,contact,0.002152287320062079,-9.77126799379213e-05,9.77126799379213e-05,0.00023299103456513956,0.00023299103456513956,0.0,0.00023299103456513956,300.0628709862897,300.1135524781571,-1.1808333223492124e-05
277,481,contact,0.0021656245967618675,-8.43754032381328e-05,8.43754032381328e-05,0.00021650686830025715,0.00021650686830025715,0.0,0.00021650686830025715,300.0628709862897,300.07649110312394,-2.9488488416694394e-06
278,309,contact,0.001967308949402711,-3.2691050597289e-05,3.2691050597289e-05,0.0001278496198611654,0.0001278496198611654,0.0,0.0001278496198611654,300.3426365398972,300.44480819965105,-1.3062607860110423e-05
278,315,contact,0.0019251846445211436,-7.481535547885641e-05,7.481535547885641e-05,0.00019341064536221425,0.00035165571884038954,0.0,0.00035165571884038954,300.3426365398972,300.25293038562523,3.15456821649249e-05
278,345,contact,0.0018606325860308906,-0.00013936741396910948,0.00013936741396910948,0.0002639767167470547,0.0002639767167470547,0.0,0.0002639767167470547,300.3426365398972,300.43190058688594,-2.3563630047636308e-05
278,387,contact,0.0018872223062215,-0.00011277769377850003,0.00011277769377850003,0.00023746335904566417,0.00023746335904566417,0.0,0.00023746335904566417,300.3426365398972,300.3346188984788,1.9038960628381467e-06
278,402,contact,0.002229036390124666,-2.0963609875334407e-05,2.0963609875334407e-05,0.0001079187190933127,0.0001079187190933127,0.0,0.0001079187190933127,300.3426365398972,300.193168184464,1.6130433463336456e-05
278,441,contact,0.0022256059302131637,-2.439406978683653e-05,2.439406978683653e-05,0.00011641417865830159,0.00011641417865830159,0.0,0.00011641417865830159,300.3426365398972,300.2806121348568,7.220520169548448e-06
279,410,contact,0.0020875934654525047,-0.0001624065345474956,0.0001624065345474956,0.0003003761850186969,0.0003003761850186969,0.0,0.0003003761850186969,300.63172626180915,300.691941712107,-1.808728723965008e-05
279,485,contact,0.0022046825789668674,-4.531742103313285e-05,4.531742103313285e-05,0.00015867055498235057,0.00015867055498235057,0.0,0.00015867055498235057,300.63172626180915,300.6384636222379,-1.0690207183471855e-06
279,491,contact,0.002100934508569936,-0.00014906549143006405,0.00014906549143006405,0.00028777449835868215,0.00028777449835868215,0.0,0.00028777449835868215,300.63172626180915,300.5274501797799,3.0007997196770487e-05
279,499,contact,0.0022395248719761962,-1.0475128023804039e-05,1.0475128023804039e-05,7.6285749447587e-05,7.6285749447587e-05,0.0,7.6285749447587e-05,300.63172626180915,300.67246685312404,-3.107926541393962e-06
280,399,contact,0.001832434721526527,-0.00016756527847347296,0.00016756527847347296,0.00028945230908862426,0.0005262769256156805,0.0,0.0005262769256156805,300.8351844821753,300.93177219026643,-5.0831882066467564e-05
280,406,contact,0.0020520589728611595,-0.00019794102713884074,0.00019794102713884074,0.0003316130837276418,0.0006029328795048032,0.0,0.0006029328795048032,300.8351844821753,300.6863820291555,8.971789147661331e-05
281,381,contact,0.0019145046803810638,-8.549531961893624e-05,8.549531961893624e-05,0.00020675507202839817,0.00020675507202839817,0.0,0.00020675507202839817,300.9279630954388,300.9312627813739,-6.822268031777335e-07
281,411,contact,0.0021643491639864857,-8.565083601351454e-05,8.565083601351454e-05,0.00021813710776776577,0.00021813710776776577,0.0,0.00021813710776776577,300.9279630954388,300.8108381158251,2.5549304300295488e-05
281,468,contact,0.0021433187304479477,-0.00010668126955205252,0.00010668126955205252,0.00024344891039674527,0.00024344891039674527,0.0,0.00024344891039674527,300.9279630954388,300.8255546366593,2.4931227705281062e-05
282,297,contact,0.001882703794971478,-0.00011729620502852196,0.00011729620502852196,0.00024217370318484413,0.00024217370318484413,0.0,0.00024217370318484413,300.3343291030206,300.2157124547633,2.8725832967837897e-05
282,349,contact,0.0019434472413729156,-5.655275862708441e-05,5.655275862708441e-05,0.00016815581855392992,0.00016815581855392992,0.0,0.00016815581855392992,300.3343291030206,300.39164798175057,-9.638502971432014e-06
282,396,contact,0.0019494336167205082,-5.056638327949185e-05,5.056638327949185e-05,0.00015900689179952523,0.00015900689179952523,0.0,0.00015900689179952523,300.3343291030206,300.37105532844913,-5.839722952920494e-06
282,442,contact,0.002171912337664668,-7.80876623353321e-05,7.80876623353321e-05,0.00020828354383085586,0.00020828354383085586,0.0,0.00020828354383085586,300.3343291030206,300.3350870053184,-1.5785857647057872e-07
283,298,contact,0.00196080632304672,-3.919367695328019e-05,3.919367695328019e-05,0.0001399887083897844,0.0002545249243450626,0.0,0.0002545249243450626,300.5783145084264,300.46466505708753,2.8926618003880805e-05
283,304,contact,0.0018984943995966912,-0.00010150560040330888,0.00010150560040330888,0.00022528382143787966,0.0004096069480688721,0.0,0.0004096069480688721,300.5783145084264,300.4870632997554,3.7377129091322746e-05
283,307,contact,0.0019197547760586493,-8.024522394135076e-05,8.024522394135076e-05,0.000200306295384532,0.0003641932643355127,0.0,0.0003641932643355127,300.5783145084264,300.49384181721064,3.076438516107021e-05
283,427,contact,0.0021756288451158204,-7.437115488417986e-05,7.437115488417986e-05,0.00020326659408025907,0.00036957562560047103,0.0,0.00036957562560047103,300.5783145084264,300.4809217665487,3.599398350839021e-05
283,428,contact,0.002132521862771869,-0.00011747813722813106,0.00011747813722813106,0.0002554713913404124,0.002554713913404124,0.0,0.002554713913404124,300.5783145084264,300.6416506361408,-0.00016180568669317384
284,389,contact,0.001906020485931093,-9.397951406890713e-05,9.397951406890713e-05,0.00021677120896109234,0.00021677120896109234,0.0,0.00021677120896109234,300.0548666535683,300.1305010332022,-1.6395355912268178e-05
284,450,contact,0.0021132604384246287,-0.00013673956157537158,0.00013673956157537158,0.0002756200702006816,0.0002756200702006816,0.0,0.0002756200702006816,300.0548666535683,300.06394695118223,-2.5027122657956707e-06
285,455,contact,0.0022360034259589134,-1.399657404108686e-05,1.399657404108686e-05,8.81809189522908e-05,8.81809189522908e-05,0.0,8.81809189522908e-05,300.0695478888807,300.16988560713503,-8.847872201241014e-06
286,475,contact,0.002122959650723489,-0.00012704034927651106,0.00012704034927651106,0.0002656651498038159,0.0002656651498038159,0.0,0.0002656651498038159,300.76280218388126,300.6929708427004,1.8551753715817907e-05
287,344,contact,0.0019046538200670484,-9.534617993295163e-05,9.534617993295163e-05,0.000218341681697462,0.000218341681697462,0.0,0.000218341681697462,300.96494316789955,300.9307397109863,7.4680403023049354e-06
288,302,contact,0.0018714893240971836,-0.00012851067590281644,0.00012851067590281644,0.00025348636640144616,0.00025348636640144616,0.0,0.00025348636640144616,300.7076531399972,300.60061620556377,2.7132403580282058e-05
288,386,contact,0.0019463582640921993,-5.364173590780073e-05,5.364173590780073e-05,0.00016377077869357638,0.00016377077869357638,0.0,0.00016377077869357638,300.7076531399972,300.6080803166873,1.6307118810184657e-05
288,411,contact,0.00212158101228777,-0.00012841898771223008,0.00012841898771223008,0.0002671027556247783,0.0002671027556247783,0.0,0.0002671027556247783,300.7076531399972,300.8108381158251,-2.7560991382708464e-05
288,459,contact,0.002206950435734466,-4.3049564265534336e-05,4.3049564265534336e-05,0.00015464936014081507,0.00015464936014081507,0.0,0.00015464936014081507,300.7076531399972,300.79712238513514,-1.3836361512863252e-05
289,447,contact,0.002173380289042854,-7.661971095714645e-05,7.661971095714645e-05,0.0002063165191818231,0.0002063165191818231,0.0,0.0002063165191818231,300.09283935701234,300.08197069678965,2.2423841453140924e-06
290,292,contact,0.001972174932928208,-2.7825067071792116e-05,2.7825067071792116e-05,0.00011795140328074125,0.00011795140328074125,0.0,0.00011795140328074125,300.56140628801836,300.5253544487969,4.252365027020875e-06
290,324,contact,0.0019964937186139472,-3.5062813860528216e-06,3.5062813860528216e-06,4.187052296098546e-05,4.187052296098546e-05,0.0,4.187052296098546e-05,300.56140628801836,300.4915416412199,2.9252692979362468e-06
290,485,contact,0.002222354201302978,-2.7645798697022335e-05,2.7645798697022335e-05,0.00012393053317847583,0.00012393053317847583,0.0,0.00012393053317847583,300.56140628801836,300.6384636222379,-9.54975651514037e-06
291,325,contact,0.001961822300719411,-3.817769928058908e-05,3.817769928058908e-05,0.00013816240313592747,0.00013816240313592747,0.0,0.00013816240313592747,300.0491475128451,300.1647696534228,-1.5974632797938845e-05
291,454,contact,0.00221576164804165,-3.423835195835029e-05,3.423835195835029e-05,0.00013791775318474392,0.00013791775318474392,0.0,0.00013791775318474392,300.0491475128451,300.0599447193978,-1.4891264684193048e-06
292,303,contact,0.0018938429982086691,-0.00010615700179133093,0.00010615700179133093,0.00023038771863028085,0.00023038771863028085,0.0,0.00023038771863028085,300.5253544487969,300.6041531569881,-1.8154254611180683e-05
292,338,contact,0.0019842843836920154,-1.5715616307984594e-05,1.5715616307984594e-05,8.864427874370854e-05,0.0001611714158976519,0.0,0.0001611714158976519,300.5253544487969,300.3533104841236,2.7728569383044778e-05
292,469,contact,0.0022395520883256993,-1.0447911674300956e-05,1.0447911674300956e-05,7.618658264164132e-05,7.618658264164132e-05,0.0,7.618658264164132e-05,300.5253544487969,300.572555392079,-3.5960785661224045e-06
292,485,contact,0.0021719190921302956,-7.808090786970466e-05,7.808090786970466e-05,0.00020827453552903658,0.00020827453552903658,0.0,0.00020827453552903658,300.5253544487969,300.6384636222379,-2.3557760562495275e-05
293,297,contact,0.0019005849442737355,-9.941505572626458e-05,9.941505572626458e-05,0.0002229518509973225,0.0002229518509973225,0.0,0.0002229518509973225,300.13711847249164,300.2157124547633,-1.7522673824722727e-05
293,320,contact,0.0018879203423079057,-0.00011207965769209432,0.00011207965769209432,0.00023672733016288415,0.00023672733016288415,0.0,0.00023672733016288415,300.13711847249164,300.0651465967742,1.7037709985407298e-05
293,391,contact,0.0019214831485339662,-7.85168514660338e-05,7.85168514660338e-05,0.00019813739105231223,0.00019813739105231223,0.0,0.00019813739105231223,300.13711847249164,300.1450553202985,-1.5725863176361804e-06
294,354,contact,0.0019846235806570476,-1.5376419342952394e-05,1.5376419342952394e-05,8.768243650513024e-05,8.768243650513024e-05,0.0,8.768243650513024e-05,300.06186979537716,300.0639280249646,-1.8047058511186365e-07
294,451,contact,0.002143559268646425,-0.0001064407313535751,0.0001064407313535751,0.00024317429889047704,0.00024317429889047704,0.0,0.00024317429889047704,300.06186979537716,300.19185850454005,-3.16099132143633e-05
295,331,contact,0.0019938946718921734,-6.105328107826671e-06,6.105328107826671e-06,5.525091903229607e-05,5.525091903229607e-05,0.0,5.525091903229607e-05,300.40777260687383,300.3406079509813,3.710908964551555e-06
295,404,contact,0.0022084220729969174,-4.157792700308291e-05,4.157792700308291e-05,0.00015198305278894112,0.00015198305278894112,0.0,0.00015198305278894112,300.40777260687383,300.4789090649226,-1.0811536058846616e-05
295,414,contact,0.0022239331273444345,-2.60668726555658e-05,2.60668726555658e-05,0.00012033950274020072,0.00012033950274020072,0.0,0.00012033950274020072,300.40777260687383,300.44050343224967,-3.938811250004453e-06
296,300,contact,0.0019448827842057732,-5.5117215794226815e-05,5.5117215794226815e-05,0.0001660078549259444,0.0001660078549259444,0.0,0.0001660078549259444,300.5334672671149,300.4487166489233,1.4069268329626798e-05
296,435,contact,0.002095474314922519,-0.00015452568507748126,0.00015452568507748126,0.0002929976157254917,0.0002929976157254917,0.0,0.0002929976157254917,300.5334672671149,300.463941871063,2.037077527556505e-05
296,436,contact,0.0020926324887805795,-0.0001573675112194208,0.0001573675112194208,0.00029567954802776,0.00029567954802776,0.0,0.00029567954802776,300.5334672671149,300.57079973691594,-1.1038447797540959e-05
296,469,contact,0.002122779317734182,-0.00012722068226581843,0.00012722068226581843,0.0002658536379558188,0.0002658536379558188,0.0,0.0002658536379558188,300.5334672671149,300.572555392079,-1.0391720222580234e-05
297,391,contact,0.0019295280252175652,-7.04719747824348e-05,7.04719747824348e-05,0.0001877125126122854,0.0001877125126122854,0.0,0.0001877125126122854,300.2157124547633,300.1450553202985,1.3263228244370869e-05
298,304,contact,0.001918456095770764,-8.154390422923609e-05,8.154390422923609e-05,0.00020192065796896077,0.00020192065796896077,0.0,0.00020192065796896077,300.46466505708753,300.4870632997554,-4.52266789684309e-06
298,331,contact,0.0018979135283515949,-0.00010208647164840516,0.00010208647164840516,0.00022592750125693546,0.00022592750125693546,0.0,0.00022592750125693546,300.46466505708753,300.3406079509813,2.8027911995751492e-05
298,448,contact,0.002178805873408644,-7.119412659135644e-05,7.119412659135644e-05,0.00019887758182045954,0.00019887758182045954,0.0,0.00019887758182045954,300.46466505708753,300.34446690348955,2.3904718126850944e-05
299,343,contact,0.001847323813141594,-0.00015267618685840595,0.00015267618685840595,0.00027629349147094103,0.00027629349147094103,0.0,0.00027629349147094103,300.56088860076625,300.7036835393525,-3.945331214636942e-05
299,362,contact,0.0018352101439617207,-0.00016478985603827936,0.00016478985603827936,0.0002870451672109107,0.0002870451672109107,0.0,0.0002870451672109107,300.56088860076625,300.4373148347869,3.547125231842692e-05
299,500,contact,0.002230266800452359,-1.9733199547641075e-05,1.9733199547641075e-05,0.00010470381386357602,0.00010470381386357602,0.0,0.00010470381386357602,300.56088860076625,300.6857723179174,-1.3075801475183963e-05
300,311,contact,0.001883362020589775,-0.00011663797941022496,0.00011663797941022496,0.00024149324981272765,0.00024149324981272765,0.0,0.00024149324981272765,300.4487166489233,300.46304020035,-3.4590409828898543e-06
300,469,contact,0.0022023925515902015,-4.760744840979873e-05,4.760744840979873e-05,0.0001626302015306142,0.0001626302015306142,0.0,0.0001626302015306142,300.4487166489233,300.572555392079,-2.0139919756702777e-05
301,393,contact,0.0018947202948192642,-0.00010527970518073586,0.00010527970518073586,0.0002294337651488288,0.0004171523002705978,0.0,0.0004171523002705978,300.672255103254,300.73132397313515,-2.4640714945316038e-05
301,407,contact,0.002193477434784548,-5.652256521545239e-05,5.652256521545239e-05,0.00017720447262892597,0.0003221899502344108,0.0,0.0003221899502344108,300.672255103254,300.75050333135175,-2.5210792716753734e-05
301,490,contact,0.002186558917086159,-6.344108291384118e-05,6.344108291384118e-05,0.00018773664017246366,0.0018773664017246367,0.0,0.0018773664017246367,300.672255103254,300.6855927209988,-2.5039595433152435e-05
302,351,contact,0.0018906255525515886,-0.00010937444744841141,0.00010937444744841141,0.00023385299597013015,0.00023385299597013015,0.0,0.00023385299597013015,300.60061620556377,300.520002067726,1.8851857650908286e-05
302,475,contact,0.0022458756537798346,-4.124346220165699e-06,4.124346220165699e-06,4.786756162212162e-05,4.786756162212162e-05,0.0,4.786756162212162e-05,300.60061620556377,300.6929708427004,-4.420791284225976e-06
303,405,contact,0.0021383745081252725,-0.00011162549187472776,0.00011162549187472776,0.0002490264286228001,0.0002490264286228001,0.0,0.0002490264286228001,300.6041531569881,300.49820763492556,2.638323498781264e-05
303,469,contact,0.0021068613929967014,-0.00014313860700329887,0.00014313860700329887,0.0002819954757352785,0.0002819954757352785,0.0,0.0002819954757352785,300.6041531569881,300.572555392079,8.910426747719449e-06
303,480,contact,0.0020411263429844315,-0.00020887365701556873,0.00020887365701556873,0.0003406477954782694,0.0003406477954782694,0.0,0.0003406477954782694,300.6041531569881,300.7660333861572,-5.514414319796118e-05
303,485,contact,0.0021672049854152262,-8.279501458477402e-05,8.279501458477402e-05,0.00021446964895964756,0.00021446964895964756,0.0,0.00021446964895964756,300.6041531569881,300.6384636222379,-7.358553437767381e-06
304,331,contact,0.0019949813995373492,-5.0186004626508185e-06,5.0186004626508185e-06,5.00929159794617e-05,5.00929159794617e-05,0.0,5.00929159794617e-05,300.4870632997554,300.3406079509813,7.33637548088432e-06
304,446,contact,0.002129208836657409,-0.00012079116334259106,0.00012079116334259106,0.00025904864766486434,0.00025904864766486434,0.0,0.00025904864766486434,300.4870632997554,300.35100326905757,3.5246166953510174e-05
304,498,contact,0.0021194526140963853,-0.000130547385903615,0.000130547385903615,0.0002693071211498284,0.0002693071211498284,0.0,0.0002693071211498284,300.4870632997554,300.5231859288138,-9.728081240083897e-06
306,318,contact,0.0019415161590880467,-5.848384091195337e-05,5.848384091195337e-05,0.00017100269137056495,0.00017100269137056495,0.0,0.00017100269137056495,300.24629272636133,300.2922858218793,-7.864943118039021e-06
306,380,contact,0.0019452267020581432,-5.477329794185688e-05,5.477329794185688e-05,0.00016548912040049171,0.00016548912040049171,0.0,0.00016548912040049171,300.24629272636133,300.1960962551366,8.306969870192694e-06
307,427,contact,0.0021906355131102928,-5.936448688970749e-05,5.936448688970749e-05,0.00018160470944962286,0.00018160470944962286,0.0,0.00018160470944962286,300.49384181721064,300.4809217665487,2.346342046534694e-06
307,443,contact,0.0021610173775562297,-8.898262244377061e-05,8.898262244377061e-05,0.00022233935829389098,0.00022233935829389098,0.0,0.00022233935829389098,300.49384181721064,300.35005443793506,3.1969593638892667e-05
307,483,contact,0.002186658299346288,-6.334170065371231e-05,6.334170065371231e-05,0.00018758953514657164,0.00018758953514657164,0.0,0.00018758953514657164,300.49384181721064,300.43595720700165,1.0858547121244355e-05
308,353,contact,0.0019236604986587432,-7.633950134125684e-05,7.633950134125684e-05,0.00019537080301475045,0.00019537080301475045,0.0,0.00019537080301475045,300.205194063618,300.0702410538873,2.636587788035143e-05
308,429,contact,0.0022415807390544743,-8.419260945525999e-06,8.419260945525999e-06,6.839128008714918e-05,6.839128008714918e-05,0.0,6.839128008714918e-05,300.205194063618,300.194033515567,7.63284167682664e-07
309,330,contact,0.0019530650131524031,-4.693498684759691e-05,4.693498684759691e-05,0.00015319103571618823,0.00015319103571618823,0.0,0.00015319103571618823,300.44480819965105,300.5365636027508,-1.4056105233405425e-05
309,384,contact,0.001944074411667413,-5.592558833258715e-05,5.592558833258715e-05,0.00016722079465871932,0.00016722079465871932,0.0,0.00016722079465871932,300.44480819965105,300.5369861545368,-1.5414070866011656e-05
310,383,contact,0.0018739848265127445,-0.00012601517348725553,0.00012601517348725553,0.00025101312066031086,0.0004563874921096561,0.0,0.0004563874921096561,300.038154670289,300.0797935534036,-1.900346543892627e-05
311,405,contact,0.0022358983888808542,-1.4101611119146044e-05,1.4101611119146044e-05,8.85111766926956e-05,8.85111766926956e-05,0.0,8.85111766926956e-05,300.46304020035,300.49820763492556,-3.1127110155458044e-06
311,436,contact,0.0021639444887981765,-8.605551120182374e-05,8.605551120182374e-05,0.00021865181758756665,0.00021865181758756665,0.0,0.00021865181758756665,300.46304020035,300.57079973691594,-2.356181853253582e-05
312,438,contact,0.002150577611782472,-9.942238821752806e-05,9.942238821752806e-05,0.00023502055254987576,0.00023502055254987576,0.0,0.00023502055254987576,300.5989881033004,300.70236092684155,-2.4294738107275242e-05
312,440,contact,0.00216042194644935,-8.957805355065034e-05,8.957805355065034e-05,0.00022308201475223604,0.00022308201475223604,0.0,0.00022308201475223604,300.5989881033004,300.4950618755935,2.3184072262465997e-05
313,388,contact,0.001884296715620977,-0.00011570328437902314,0.00011570328437902314,0.0002405236832195773,0.0002405236832195773,0.0,0.0002405236832195773,300.7398414235021,300.7318756401412,1.91595955370019e-06
313,437,contact,0.0021494406771297514,-0.00010055932287024883,0.00010055932287024883,0.0002363605095684801,0.0002363605095684801,0.0,0.0002363605095684801,300.7398414235021,300.6883405632253,1.2172769578240358e-05
314,427,contact,0.002151753200183516,-9.824679981648406e-05,9.824679981648406e-05,0.00023362695789142624,0.00023362695789142624,0.0,0.00023362695789142624,300.3406543845392,300.4809217665487,-3.277024175027015e-05
314,448,contact,0.002217241162368225,-3.275883763177506e-05,3.275883763177506e-05,0.00013490498226483347,0.00013490498226483347,0.0,0.00013490498226483347,300.3406543845392,300.34446690348955,-5.143278013780967e-07
314,470,contact,0.002129924543358284,-0.00012007545664171606,0.00012007545664171606,0.0002582800554111285,0.0002582800554111285,0.0,0.0002582800554111285,300.3406543845392,300.23534210667435,2.72000609624104e-05
314,471,contact,0.0021673425937769972,-8.265740622300302e-05,8.265740622300302e-05,0.00021429134661717368,0.00021429134661717368,0.0,0.00021429134661717368,300.3406543845392,300.29773309848866,9.197660186314821e-06
315,318,contact,0.001933564855622898,-6.643514437710196e-05,6.643514437710196e-05,0.00018225688516089312,0.0003313761548379875,0.0,0.0003313761548379875,300.25293038562523,300.2922858218793,-1.3041453137849886e-05
315,319,contact,0.0019057964088537893,-9.420359114621071e-05,9.420359114621071e-05,0.00021702948088475298,0.00217029480884753,0.0,0.00217029480884753,300.25293038562523,300.2075588843252,9.846953374112462e-05
316,351,contact,0.00198823457768838,-1.1765422311620088e-05,1.1765422311620088e-05,7.66988341228864e-05,7.66988341228864e-05,0.0,7.66988341228864e-05,300.53772990115306,300.520002067726,1.359704155379118e-06
316,372,contact,0.0019782679535222994,-2.1732046477700596e-05,2.1732046477700596e-05,0.00010424021891213726,0.00010424021891213726,0.0,0.00010424021891213726,300.53772990115306,300.61110088825626,-7.648207757437515e-06
316,500,contact,0.002130864260552511,-0.00011913573944748916,0.00011913573944748916,0.0002572674132401376,0.0002572674132401376,0.0,0.0002572674132401376,300.53772990115306,300.6857723179174,-3.808648961077663e-05
317,378,contact,0.0019552574192162014,-4.474258078379862e-05,4.474258078379862e-05,0.00014957035265018034,0.00014957035265018034,0.0,0.00014957035265018034,300.89505343913186,300.7768710768021,1.7676577610695983e-05
317,449,contact,0.0021679841760953882,-8.201582390461202e-05,8.201582390461202e-05,0.00021345806757692095,0.00021345806757692095,0.0,0.00021345806757692095,300.89505343913186,300.8528747160337,9.003388725398463e-06
317,488,contact,0.0021941668170629143,-5.583318293708598e-05,5.583318293708598e-05,0.00017612051261862646,0.00017612051261862646,0.0,0.00017612051261862646,300.89505343913186,300.82555209060337,1.2240613130523537e-05
318,425,contact,0.002188768361293629,-6.123163870637134e-05,6.123163870637134e-05,0.00018443854548085982,0.00018443854548085982,0.0,0.00018443854548085982,300.2922858218793,300.4083021657233,-2.1397885710588533e-05
318,456,contact,0.0021707552432736403,-7.924475672635998e-05,7.924475672635998e-05,0.00020982103051881562,0.00020982103051881562,0.0,0.00020982103051881562,300.2922858218793,300.3510369330147,-1.2327218682553693e-05
319,389,contact,0.00196765036563918,-3.234963436082004e-05,3.234963436082004e-05,0.00012718025467976554,0.00023123682669048279,0.0,0.00023123682669048279,300.2075588843252,300.1305010332022,1.781861296526063e-05
321,381,contact,0.0018084819543042166,-0.00019151804569578343,0.00019151804569578343,0.000309449548146207,0.000309449548146207,0.0,0.000309449548146207,300.8354162655945,300.9312627813739,-2.9659660999319084e-05
321,398,contact,0.0018746200005601134,-0.00012537999943988665,0.00012537999943988665,0.0002503797110788798,0.0002503797110788798,0.0,0.0002503797110788798,300.8354162655945,300.7398108511407,2.393765604852259e-05
321,411,contact,0.0022285749928822223,-2.1425007117777985e-05,2.1425007117777985e-05,0.00010909987044950549,0.00010909987044950549,0.0,0.00010909987044950549,300.8354162655945,300.8108381158251,2.6814729557312926e-06
321,439,contact,0.002190113173876384,-5.9886826123616444e-05,5.9886826123616444e-05,0.00018240191599203307,0.00018240191599203307,0.0,0.00018240191599203307,300.8354162655945,300.9195241044015,-1.534143094834073e-05
321,480,contact,0.002123656867959814,-0.0001263431320401862,0.0001263431320401862,0.00026493514095192157,0.00026493514095192157,0.0,0.00026493514095192157,300.8354162655945,300.7660333861572,1.8381962943382295e-05
322,449,contact,0.0021736751662104438,-7.63248337895565e-05,7.63248337895565e-05,0.00020591912353796213,0.00020591912353796213,0.0,0.00020591912353796213,300.7354984539894,300.8528747160337,-2.417001700431916e-05
323,470,contact,0.0022268668052669873,-2.313319473301297e-05,2.313319473301297e-05,0.00011336566875237791,0.00011336566875237791,0.0,0.00011336566875237791,300.14607808192306,300.23534210667435,-1.0119475861458493e-05
323,474,contact,0.0021246561369784064,-0.00012534386302159384,0.00012534386302159384,0.00026388535286453663,0.00026388535286453663,0.0,0.00026388535286453663,300.14607808192306,300.0763570928432,1.839834780540946e-05
324,496,contact,0.0021988682057198423,-5.113179428015797e-05,5.113179428015797e-05,0.00016854243494700537,0.00016854243494700537,0.0,0.00016854243494700537,300.4915416412199,300.3854543723289,1.7880206615762448e-05
325,379,contact,0.0018464753560229281,-0.0001535246439770719,0.0001535246439770719,0.0002770601414648739,0.0002770601414648739,0.0,0.0002770601414648739,300.1647696534228,300.2478686494535,-2.3023419595850625e-05
325,455,contact,0.002102388859107659,-0.00014761114089234138,0.00014761114089234138,0.0002863672281959549,0.0002863672281959549,0.0,0.0002863672281959549,300.1647696534228,300.16988560713503,-1.4650414841473302e-06
325,470,contact,0.0021222598164221075,-0.0001277401835778928,0.0001277401835778928,0.0002663958870823363,0.0002663958870823363,0.0,0.0002663958870823363,300.1647696534228,300.23534210667435,-1.8800211287521577e-05
325,479,contact,0.002037116034986716,-0.0002128839650132842,0.0002128839650132842,0.00034390241268683267,0.00034390241268683267,0.0,0.00034390241268683267,300.1647696534228,300.0853458443366,2.731403956953022e-05
326,493,contact,0.002166138080201721,-8.386191979827939e-05,8.386191979827939e-05,0.0002158470649406393,0.0002158470649406393,0.0,0.0002158470649406393,300.88556638647526,300.8267490417462,1.2695551227367243e-05
327,348,contact,0.0019173945484933575,-8.260545150664254e-05,8.260545150664254e-05,0.00020323072049599508,0.00020323072049599508,0.0,0.00020323072049599508,300.5107336199559,300.49434859447445,3.329940533938413e-06
328,341,contact,0.0019753462475475027,-2.465375245249736e-05,2.465375245249736e-05,0.00011102646633235105,0.00011102646633235105,0.0,0.00011102646633235105,300.30915520424816,300.41142102075736,-1.1354212233609364e-05
328,385,contact,0.001966659790535465,-3.3340209464534885e-05,3.3340209464534885e-05,0.00012911275975776928,0.00012911275975776928,0.0,0.00012911275975776928,300.30915520424816,300.2796627058884,3.8078578553761954e-06
328,400,contact,0.0019057509482616032,-9.42490517383968e-05,9.42490517383968e-05,0.00021708184140825415,0.00021708184140825415,0.0,0.00021708184140825415,300.30915520424816,300.2082395652177,2.1906952747623176e-05
328,442,contact,0.0021800622616796974,-6.993773832030285e-05,6.993773832030285e-05,0.00019711493872062288,0.00019711493872062288,0.0,0.00019711493872062288,300.30915520424816,300.3350870053184,-5.111545378881925e-06
329,358,contact,0.001983194797013142,-1.680520298685817e-05,1.680520298685817e-05,9.166570511063058e-05,9.166570511063058e-05,0.0,9.166570511063058e-05,300.7092057881308,300.8084977811486,-9.101670551816487e-06
329,367,contact,0.0019119878666194509,-8.801213338054917e-05,8.801213338054917e-05,0.0002097762300411431,0.0002097762300411431,0.0,0.0002097762300411431,300.7092057881308,300.54031236376795,3.5429825841580494e-05
329,493,contact,0.002246065991817695,-3.934008182305236e-06,3.934008182305236e-06,4.6749974345240946e-05,4.6749974345240946e-05,0.0,4.6749974345240946e-05,300.7092057881308,300.8267490417462,-5.49514409097586e-06
330,494,contact,0.002214928711629338,-3.507128837066222e-05,3.507128837066222e-05,0.00013958527535099232,0.00013958527535099232,0.0,0.00013958527535099232,300.5365636027508,300.64679647467017,-1.538688577959722e-05
332,394,contact,0.0018945548949555406,-0.00010544510504445948,0.00010544510504445948,0.000229613920575887,0.000229613920575887,0.0,0.000229613920575887,300.57638811445173,300.65913144218996,-1.899901988347015e-05
332,484,contact,0.0021948279763778855,-5.5172023622114715e-05,5.5172023622114715e-05,0.00017507462475901004,0.00017507462475901004,0.0,0.00017507462475901004,300.57638811445173,300.51033647119976,1.1563966657054138e-05
333,401,contact,0.0021755297135311667,-7.447028646883356e-05,7.447028646883356e-05,0.0002034020190941432,0.0002034020190941432,0.0,0.0002034020190941432,300.8914869285895,300.90896487625764,-3.5550498453273945e-06
333,472,contact,0.0021206032883915363,-0.00012939671160846393,0.00012939671160846393,0.00026811762718012815,0.00048748659487296027,0.0,0.00048748659487296027,300.8914869285895,300.73954783030393,7.406827365128515e-05
334,481,contact,0.002218777934900202,-3.12220650997984e-05,3.12220650997984e-05,0.00013170266406610848,0.00013170266406610848,0.0,0.00013170266406610848,300.059248674481,300.07649110312394,-2.2708737872437177e-06
335,368,contact,0.0019865571631594203,-1.34428368405797e-05,1.34428368405797e-05,8.198425714910058e-05,8.198425714910058e-05,0.0,8.198425714910058e-05,300.847977766854,300.9429504974881,-7.786268770456947e-06
336,342,contact,0.0019865996840118553,-1.3400315988144722e-05,1.3400315988144722e-05,8.185449281543659e-05,8.185449281543659e-05,0.0,8.185449281543659e-05,300.67616226214517,300.6391956287622,3.0258850266575337e-06
336,461,contact,0.0021972217680516467,-5.2778231948353606e-05,5.2778231948353606e-05,0.00017123445906507123,0.00017123445906507123,0.0,0.00017123445906507123,300.67616226214517,300.57310278682655,1.764733350771335e-05
336,473,contact,0.0022096727102672927,-4.03272897327076e-05,4.03272897327076e-05,0.0001496798244637674,0.0001496798244637674,0.0,0.0001496798244637674,300.67616226214517,300.7686638748014,-1.3845625145000731e-05
336,490,contact,0.0021410482167127857,-0.00010895178328721453,0.00010895178328721453,0.0002460259508525411,0.00044731991064098385,0.0,0.00044731991064098385,300.67616226214517,300.6855927209988,-4.218432011702407e-06
337,416,contact,0.0021593113862062615,-9.068861379373872e-05,9.068861379373872e-05,0.00022446060504851121,0.00040811019099729317,0.0,0.00040811019099729317,300.0196798898264,300.0759682368805,-2.2971848067161802e-05
338,405,contact,0.002109956257390186,-0.0001400437426098142,0.0001400437426098142,0.00027893024079090917,0.0005071458923471075,0.0,0.0005071458923471075,300.3533104841236,300.49820763492556,-7.348399484201683e-05
339,385,contact,0.001812760998442984,-0.00018723900155701609,0.00018723900155701609,0.0003059730393000469,0.0005563146169091762,0.0,0.0005563146169091762,300.3432653953196,300.2796627058884,3.5383105805283456e-05
339,443,contact,0.002210556970064969,-3.944302993503113e-05,3.944302993503113e-05,0.00014802970785741162,0.00026914492337711205,0.0,0.00026914492337711205,300.3432653953196,300.35005443793506,-1.8272363545474238e-06
339,483,contact,0.0020742703046366918,-0.0001757296953633085,0.0001757296953633085,0.00031245417029569534,0.0005680984914467188,0.0,0.0005680984914467188,300.3432653953196,300.43595720700165,-5.2658078386049e-05
340,433,contact,0.002125217490752418,-0.0001247825092475824,0.0001247825092475824,0.0002632937831561104,0.0002632937831561104,0.0,0.0002632937831561104,300.6133456585585,300.5844996429866,7.594976568905835e-06
340,438,contact,0.0020946834152205432,-0.00015531658477945702,0.00015531658477945702,0.00029374647494760306,0.00029374647494760306,0.0,0.00029374647494760306,300.6133456585585,300.70236092684155,-2.6147921274660806e-05
340,498,contact,0.0021304108620404656,-0.00011958913795953466,0.00011958913795953466,0.00025775649357003455,0.00025775649357003455,0.0,0.00025775649357003455,300.6133456585585,300.5231859288138,2.3239255800215386e-05
341,396,contact,0.001970586546183648,-2.9413453816351954e-05,2.9413453816351954e-05,0.00012127129465861234,0.00012127129465861234,0.0,0.00012127129465861234,300.41142102075736,300.37105532844913,4.895199766010007e-06
341,442,contact,0.0021924088680034116,-5.759113199658864e-05,5.759113199658864e-05,0.0001788716672126643,0.0001788716672126643,0.0,0.0001788716672126643,300.41142102075736,300.3350870053184,1.3653992606598872e-05
341,484,contact,0.002175966931940832,-7.403306805916837e-05,7.403306805916837e-05,0.0002028040489119819,0.0002028040489119819,0.0,0.0002028040489119819,300.41142102075736,300.51033647119976,-2.0060453849672228e-05
342,461,contact,0.002188257614952134,-6.174238504786647e-05,6.174238504786647e-05,0.00018520616897552976,0.00018520616897552976,0.0,0.00018520616897552976,300.6391956287622,300.57310278682655,1.2240802051605557e-05
342,490,contact,0.0021732764640378824,-7.67235359621179e-05,7.67235359621179e-05,0.00020645625843171008,0.00037537501533038193,0.0,0.00037537501533038193,300.6391956287622,300.6855927209988,-1.7416309209594677e-05
343,363,contact,0.0018830107858427143,-0.00011698921415728572,0.00011698921415728572,0.00024185658369918912,0.00024185658369918912,0.0,0.00024185658369918912,300.7036835393525,300.6919199783877,2.845094667075535e-06
343,375,contact,0.0019702390115161152,-2.9760988483884792e-05,2.9760988483884792e-05,0.0001219856312929617,0.0001219856312929617,0.0,0.0001219856312929617,300.7036835393525,300.75809228136933,-6.637084742780928e-06
343,468,contact,0.0020800437178097966,-0.00016995628219020368,0.00016995628219020368,0.00030727863051688997,0.00030727863051688997,0.0,0.00030727863051688997,300.7036835393525,300.8255546366593,-3.744838388003547e-05
343,500,contact,0.002104202229967454,-0.00014579777003254643,0.00014579777003254643,0.0002846028129326772,0.0002846028129326772,0.0,0.0002846028129326772,300.7036835393525,300.6857723179174,5.097584003489346e-06
344,356,contact,0.0019328275448161419,-6.717245518385816e-05,6.717245518385816e-05,0.00018326545662488902,0.00033320992113616187,0.0,0.00033320992113616187,300.9307397109863,300.9070066729048,7.90808374745894e-06
344,376,contact,0.0019511726028468115,-4.8827397153188576e-05,4.8827397153188576e-05,0.0001562488354407619,0.0001562488354407619,0.0,0.0001562488354407619,300.9307397109863,300.8123255088848,1.850208117800938e-05
345,351,contact,0.0019330775832335344,-6.69224167664656e-05,6.69224167664656e-05,0.00018292405086054922,0.00018292405086054922,0.0,0.00018292405086054922,300.43190058688594,300.520002067726,-1.611587976207801e-05
346,404,contact,0.002188495185190042,-6.15048148099582e-05,6.15048148099582e-05,0.00018484951057843753,0.00018484951057843753,0.0,0.00018484951057843753,300.5712649746936,300.4789090649226,1.707194472018802e-05
346,489,contact,0.00218082885548437,-6.917114451563018e-05,6.917114451563018e-05,0.00019603166483962367,0.0003564212087993157,0.0,0.0003564212087993157,300.5712649746936,300.61082773602243,-1.4101007216268432e-05
347,392,contact,0.0019836404594835225,-1.6359540516477575e-05,1.6359540516477575e-05,9.044208234134589e-05,9.044208234134589e-05,0.0,9.044208234134589e-05,300.1807810102441,300.2140401554527,-3.0080263495592984e-06
347,441,contact,0.002207852063205695,-4.214793679430508e-05,4.214793679430508e-05,0.0001530213071479936,0.0001530213071479936,0.0,0.0001530213071479936,300.1807810102441,300.2806121348568,-1.5276289182290497e-05
347,450,contact,0.002233896763975453,-1.610323602454708e-05,1.610323602454708e-05,9.458457715642381e-05,9.458457715642381e-05,0.0,9.458457715642381e-05,300.1807810102441,300.06394695118223,1.105070007383721e-05
348,403,contact,0.0022353852663176375,-1.4614733682362727e-05,1.4614733682362727e-05,9.010713895247986e-05,9.010713895247986e-05,0.0,9.010713895247986e-05,300.49434859447445,300.59641379479024,-9.196803187067763e-06
348,484,contact,0.0021933548775396653,-5.6645122460334974e-05,5.6645122460334974e-05,0.00017739648383765638,0.00017739648383765638,0.0,0.00017739648383765638,300.49434859447445,300.51033647119976,-2.8361931151014917e-06
350,385,contact,0.001873239156847531,-0.00012676084315246913,0.00012676084315246913,0.00025175468531138514,0.00025175468531138514,0.0,0.00025175468531138514,300.27935662503984,300.2796627058884,-7.70572877162164e-08
351,374,contact,0.0019249178003748627,-7.508219962513735e-05,7.508219962513735e-05,0.00019375525750948974,0.00019375525750948974,0.0,0.00019375525750948974,300.520002067726,300.61780363977056,-1.8949568776323834e-05
352,472,contact,0.00219658698615193,-5.3413013848070245e-05,5.3413013848070245e-05,0.00017226112905197518,0.00031320205282177305,0.0,0.00031320205282177305,300.8336694359497,300.73954783030393,2.9479080103126914e-05
355,399,contact,0.0018969665539809797,-0.00010303344601902032,0.00010303344601902032,0.0002269729565598293,0.0002269729565598293,0.0,0.0002269729565598293,300.9477461951941,300.93177219026643,3.6256671265346894e-06
356,364,contact,0.0018794890993033186,-0.0001205109006966814,0.0001205109006966814,0.0002454698562926632,0.002454698562926632,0.0,0.002454698562926632,300.9070066729048,300.8053729596578,0.00024948012985230117
357,440,contact,0.0022182006043412763,-3.179939565872399e-05,3.179939565872399e-05,0.0001329147505791337,0.0001329147505791337,0.0,0.0001329147505791337,300.37247148528263,300.4950618755935,-1.6294071151564932e-05
357,442,contact,0.002181259451119925,-6.874054888007537e-05,6.874054888007537e-05,0.00019542055629401963,0.00019542055629401963,0.0,0.00019542055629401963,300.37247148528263,300.3350870053184,7.3056958713671635e-06
358,493,contact,0.0022384614056311083,-1.1538594368891951e-05,1.1538594368891951e-05,8.00645377488684e-05,8.00645377488684e-05,0.0,8.00645377488684e-05,300.8084977811486,300.8267490417462,-1.461278743080532e-06
359,373,contact,0.0019732403347033018,-2.6759665296698272e-05,2.6759665296698272e-05,0.00011567122653602812,0.00011567122653602812,0.0,0.00011567122653602812,300.2653853764905,300.20886299660833,6.5380130077040125e-06
359,377,contact,0.0018831027505954103,-0.00011689724940458978,0.00011689724940458978,0.00024176150376413298,0.00043956637048024177,0.0,0.00043956637048024177,300.2653853764905,300.2221023913219,1.9025744694093905e-05
359,426,contact,0.002171213137626059,-7.878686237394131e-05,7.878686237394131e-05,0.00020921395531042872,0.00020921395531042872,0.0,0.00020921395531042872,300.2653853764905,300.1660244036812,2.0787702124921273e-05
359,456,contact,0.0021390276141508785,-0.00011097238584912173,0.00011097238584912173,0.00024829684950021877,0.00024829684950021877,0.0,0.00024829684950021877,300.2653853764905,300.3510369330147,-2.126701163975527e-05
360,464,contact,0.002036994189976986,-0.00021300581002301443,0.00021300581002301443,0.0003440008155860926,0.0003440008155860926,0.0,0.0003440008155860926,300.20475369005266,300.307939327638,-3.549594348612822e-05
360,481,contact,0.0020064665309942253,-0.00024353346900577496,0.00024353346900577496,0.0003678265510670416,0.0003678265510670416,0.0,0.0003678265510670416,300.20475369005266,300.07649110312394,4.717838498092514e-05
361,404,contact,0.0020989585107381234,-0.00015104148926187687,0.00015104148926187687,0.0002896755745291972,0.0005266828627803585,0.0,0.0005266828627803585,300.3848405859226,300.4789090649226,-4.954425581713681e-05
361,482,contact,0.0020700037382816493,-0.00017999626171835096,0.00017999626171835096,0.0003162244822540811,0.0031622448225408113,0.0,0.0031622448225408113,300.3848405859226,300.29030016479817,0.0002989599572214832
361,487,contact,0.0021458075163909734,-0.00010419248360902687,0.00010419248360902687,0.00024059242115271636,0.00043744076573221157,0.0,0.00043744076573221157,300.3848405859226,300.39674445581727,-5.207237961912072e-06
362,487,contact,0.0021740234579231206,-7.597654207687965e-05,7.597654207687965e-05,0.00020544875283805183,0.00020544875283805183,0.0,0.00020544875283805183,300.4373148347869,300.39674445581727,8.335133761475353e-06
363,438,contact,0.0021070736082064146,-0.00014292639179358567,0.00014292639179358567,0.00028178635700905835,0.00028178635700905835,0.0,0.00028178635700905835,300.6919199783877,300.70236092684155,-2.942116828525158e-06
363,468,contact,0.00215247458660956,-9.752541339044015e-05,9.752541339044015e-05,0.00023276766359808486,0.00023276766359808486,0.0,0.00023276766359808486,300.6919199783877,300.8255546366593,-3.110582718160957e-05
364,388,contact,0.0019049579243909823,-9.504207560901779e-05,9.504207560901779e-05,0.00021799320586777217,0.0003963512833959494,0.0,0.0003963512833959494,300.8053729596578,300.7318756401412,2.9130756916568503e-05
365,433,contact,0.002236499147574173,-1.3500852425827464e-05,1.3500852425827464e-05,8.660527449240113e-05,8.660527449240113e-05,0.0,8.660527449240113e-05,300.66060348446644,300.5844996429866,6.590994081287289e-06
366,410,contact,0.002092366276611243,-0.00015763372338875722,0.00015763372338875722,0.0002959295368352605,0.0005380537033368373,0.0,0.0005380537033368373,300.6591270941012,300.691941712107,-1.765602674158977e-05
366,465,contact,0.00212620254738348,-0.00012379745261652036,0.00012379745261652036,0.0002622524786627069,0.00047682268847764887,0.0,0.00047682268847764887,300.6591270941012,300.8473721858569,-8.975953074366278e-05
366,489,contact,0.002092442205772958,-0.00015755779422704222,0.00015755779422704222,0.0002958582564403305,0.002958582564403305,0.0,0.002958582564403305,300.6591270941012,300.61082773602243,0.00014289763868378998
366,494,contact,0.002231348816321644,-1.8651183678356116e-05,1.8651183678356116e-05,0.00010179277336922225,0.00018507776976222227,0.0,0.00018507776976222227,300.6591270941012,300.64679647467017,2.2821235440862707e-06
366,499,contact,0.0021239517296539486,-0.00012604827034605167,0.00012604827034605167,0.0002646258053533661,0.0004811378279152111,0.0,0.0004811378279152111,300.6591270941012,300.67246685312404,-6.4182626811484955e-06
368,399,contact,0.001951786092873909,-4.8213907126091115e-05,4.8213907126091115e-05,0.00015526414126592643,0.00015526414126592643,0.0,0.00015526414126592643,300.9429504974881,300.93177219026643,1.7355902715770233e-06
368,413,contact,0.002187764918358461,-6.223508164153934e-05,6.223508164153934e-05,0.00018594366178068761,0.00018594366178068761,0.0,0.00018594366178068761,300.9429504974881,300.9002478260909,7.940291087411699e-06
369,427,contact,0.002130451766785627,-0.0001195482332143733,0.0001195482332143733,0.00025771240777094196,0.00025771240777094196,0.0,0.00025771240777094196,300.62190070912624,300.4809217665487,3.633202273665739e-05
369,428,contact,0.002227326936688909,-2.2673063311091143e-05,2.2673063311091143e-05,0.00011223255447480256,0.00020405918995418645,0.0,0.00020405918995418645,300.62190070912624,300.6416506361408,-4.030154108248004e-06
369,498,contact,0.0021789320096322422,-7.106799036775803e-05,7.106799036775803e-05,0.00019870132579068688,0.00019870132579068688,0.0,0.00019870132579068688,300.62190070912624,300.5231859288138,1.9614757723217113e-05
370,383,contact,0.001907752241697019,-9.224775830298112e-05,9.224775830298112e-05,0.00021476470648477267,0.00021476470648477267,0.0,0.00021476470648477267,300.05328125116426,300.0797935534036,-5.693906808664308e-06
370,426,contact,0.0021664927756399285,-8.350722436007178e-05,8.350722436007178e-05,0.00021539011681658493,0.00021539011681658493,0.0,0.00021539011681658493,300.05328125116426,300.1660244036812,-2.4283760790894046e-05
370,447,contact,0.0020833324800664916,-0.0001666675199335087,0.0001666675199335087,0.0003042910886465903,0.0003042910886465903,0.0,0.0003042910886465903,300.05328125116426,300.08197069678965,-8.729942642016775e-06
371,409,contact,0.0022144040082378823,-3.559599176211799e-05,3.559599176211799e-05,0.00014062557014623777,0.00014062557014623777,0.0,0.00014062557014623777,300.83255693869484,300.7927739772471,5.594501635690466e-06
371,421,contact,0.002221580783563812,-2.841921643618843e-05,2.841921643618843e-05,0.00012565211329563955,0.00012565211329563955,0.0,0.00012565211329563955,300.83255693869484,300.71935963842446,1.422347999833327e-05
371,476,contact,0.002104665049123019,-0.00014533495087698132,0.00014533495087698132,0.00028415073354841217,0.00028415073354841217,0.0,0.00028415073354841217,300.83255693869484,300.8643278313905,-9.027722464955995e-06
371,488,contact,0.002127465220068239,-0.0001225347799317612,0.0001225347799317612,0.00026091162821895717,0.00026091162821895717,0.0,0.00026091162821895717,300.83255693869484,300.82555209060337,1.8276463209717056e-06
372,374,contact,0.0019741020894573818,-2.5897910542618287e-05,2.5897910542618287e-05,0.00011379347640049119,0.00011379347640049119,0.0,0.00011379347640049119,300.61110088825626,300.61780363977056,-7.62729396260487e-07
373,390,contact,0.0019154259758601996,-8.457402413980042e-05,8.457402413980042e-05,0.00020563806084939677,0.00020563806084939677,0.0,0.00020563806084939677,300.20886299660833,300.26811015419963,-1.2183470597913745e-05
373,426,contact,0.0021849451171368126,-6.505488286318766e-05,6.505488286318766e-05,0.00019010944634778097,0.00019010944634778097,0.0,0.00019010944634778097,300.20886299660833,300.1660244036812,8.144021183693846e-06
373,432,contact,0.0022427225224044105,-7.27747759558979e-06,7.27747759558979e-06,6.358492831372066e-05,6.358492831372066e-05,0.0,6.358492831372066e-05,300.20886299660833,300.31815205168726,-6.949136732668163e-06
373,447,contact,0.002231292782962379,-1.8707217037621134e-05,1.8707217037621134e-05,0.00010194556564281725,0.00010194556564281725,0.0,0.00010194556564281725,300.20886299660833,300.08197069678965,1.2936107280733098e-05
374,436,contact,0.002072919732020514,-0.0001770802679794863,0.0001770802679794863,0.00031365255722737246,0.00031365255722737246,0.0,0.00031365255722737246,300.61780363977056,300.57079973691594,1.4742894330016214e-05
374,475,contact,0.0022172984667833966,-3.270153321660368e-05,3.270153321660368e-05,0.00013478693725160726,0.00013478693725160726,0.0,0.00013478693725160726,300.61780363977056,300.6929708427004,-1.0131557064682279e-05
374,494,contact,0.0021005628396217994,-0.00014943716037820083,0.00014943716037820083,0.00028813303291111214,0.00028813303291111214,0.0,0.00028813303291111214,300.61780363977056,300.64679647467017,-8.353793452316158e-06
375,438,contact,0.0021532830716141337,-9.671692838586661e-05,9.671692838586661e-05,0.00023180083451324545,0.00023180083451324545,0.0,0.00023180083451324545,300.75809228136933,300.70236092684155,1.2918574488092789e-05
375,468,contact,0.002136009217419251,-0.00011399078258074935,0.00011399078258074935,0.00025165097366165853,0.00025165097366165853,0.0,0.00025165097366165853,300.75809228136933,300.8255546366593,-1.6976967394234782e-05
376,488,contact,0.0021426914029089683,-0.00010730859709103197,0.00010730859709103197,0.0002441636485490736,0.0002441636485490736,0.0,0.0002441636485490736,300.8123255088848,300.82555209060337,-3.2294504502419285e-06
377,390,contact,0.0018960531373355546,-0.00010394686266444546,0.00010394686266444546,0.00022797682191885807,0.0004145033125797419,0.0,0.0004145033125797419,300.2221023913219,300.26811015419963,-1.9070370117192888e-05
378,475,contact,0.0022105064351410513,-3.949356485894893e-05,3.949356485894893e-05,0.0001481245062981907,0.0001481245062981907,0.0,0.0001481245062981907,300.7768710768021,300.6929708427004,1.2427680754615571e-05
379,390,contact,0.0018946115166724306,-0.00010538848332756947,0.00010538848332756947,0.00022955226346909485,0.00022955226346909485,0.0,0.00022955226346909485,300.2478686494535,300.26811015419963,-4.646483230496546e-06
379,443,contact,0.002108041947519071,-0.00014195805248092908,0.00014195805248092908,0.00028083017058647255,0.00028083017058647255,0.0,0.00028083017058647255,300.2478686494535,300.35005443793506,-2.8696852410790574e-05
379,451,contact,0.0020886543419292524,-0.00016134565807074787,0.00016134565807074787,0.0002993935148027943,0.0002993935148027943,0.0,0.0002993935148027943,300.2478686494535,300.19185850454005,1.6769074150249727e-05
380,432,contact,0.0020907397284454145,-0.00015926027155458572,0.00015926027155458572,0.0002974523972696077,0.0002974523972696077,0.0,0.0002974523972696077,300.1960962551366,300.31815205168726,-3.630578928465211e-05
380,447,contact,0.0021334870576827964,-0.00011651294231720391,0.00011651294231720391,0.0002544197563052968,0.0002544197563052968,0.0,0.0002544197563052968,300.1960962551366,300.08197069678965,2.9035796742831198e-05
381,411,contact,0.002160186712037642,-8.981328796235817e-05,8.981328796235817e-05,0.0002233747324345325,0.0002233747324345325,0.0,0.0002233747324345325,300.9312627813739,300.8108381158251,2.6899827445480455e-05
382,474,contact,0.0021620741992124134,-8.792580078758683e-05,8.792580078758683e-05,0.00022101508343145928,0.00022101508343145928,0.0,0.00022101508343145928,300.04120192895556,300.0763570928432,-7.769821479669639e-06
383,391,contact,0.0018339394328232147,-0.00016606056717678535,0.00016606056717678535,0.0002881497589594561,0.0002881497589594561,0.0,0.0002881497589594561,300.0797935534036,300.1450553202985,-1.8805162400043642e-05
383,426,contact,0.002144682784003266,-0.00010531721599673412,0.00010531721599673412,0.00024188750369258448,0.00024188750369258448,0.0,0.00024188750369258448,300.0797935534036,300.1660244036812,-2.0858165114941514e-05
384,494,contact,0.0021898852796664947,-6.011472033350552e-05,6.011472033350552e-05,0.00018274864391274565,0.00018274864391274565,0.0,0.00018274864391274565,300.5369861545368,300.64679647467017,-2.006768709199654e-05
385,455,contact,0.0020925454630553483,-0.00015745453694465195,0.00015745453694465195,0.00029576129352406623,0.00029576129352406623,0.0,0.00029576129352406623,300.2796627058884,300.16988560713503,3.246781672662406e-05
386,405,contact,0.0021585950417544898,-9.140495824551051e-05,9.140495824551051e-05,0.00022534536240760968,0.00022534536240760968,0.0,0.00022534536240760968,300.6080803166873,300.49820763492556,2.4759299290289595e-05
386,431,contact,0.0021897259896592083,-6.027401034079194e-05,6.027401034079194e-05,0.00018299060440481627,0.00018299060440481627,0.0,0.00018299060440481627,300.6080803166873,300.6192605083488,-2.0458700295064742e-06
386,467,contact,0.002166967971798384,-8.30320282016162e-05,8.30320282016162e-05,0.0002147764059585071,0.0002147764059585071,0.0,0.0002147764059585071,300.6080803166873,300.6842400709591,-1.6357318301186223e-05
387,402,contact,0.00215711166855126,-9.288833144874015e-05,9.288833144874015e-05,0.00022716652170298645,0.00022716652170298645,0.0,0.00022716652170298645,300.3346188984788,300.193168184464,3.213286669514802e-05
387,445,contact,0.0021549378105179735,-9.506218948202678e-05,9.506218948202678e-05,0.00022980932855307435,0.00022980932855307435,0.0,0.00022980932855307435,300.3346188984788,300.4548420917239,-2.7628411316155408e-05
388,477,contact,0.002113177268948348,-0.00013682273105165236,0.00013682273105165236,0.00027570387803226324,0.00027570387803226324,0.0,0.00027570387803226324,300.7318756401412,300.6408613116989,2.509300330803601e-05
389,402,contact,0.0021575191671918,-9.248083280820026e-05,9.248083280820026e-05,0.0002266676872626536,0.0002266676872626536,0.0,0.0002266676872626536,300.1305010332022,300.193168184464,-1.4204618243849229e-05
391,486,contact,0.002092602388839666,-0.00015739761116033424,0.00015739761116033424,0.0002957078242307714,0.0002957078242307714,0.0,0.0002957078242307714,300.1450553202985,300.2459034481237,-2.9821580456937207e-05
393,472,contact,0.0022252180213731872,-2.4781978626813028e-05,2.4781978626813028e-05,0.00011733612360984582,0.00021333840656335604,0.0,0.00021333840656335604,300.73132397313515,300.73954783030393,-1.754464584193589e-06
394,406,contact,0.0021652994330807933,-8.470056691920694e-05,8.470056691920694e-05,0.00021692365133998303,0.00021692365133998303,0.0,0.00021692365133998303,300.65913144218996,300.6863820291555,-5.911296825718772e-06
394,408,contact,0.0021979723006683434,-5.202769933165688e-05,5.202769933165688e-05,0.000170012580141812,0.000170012580141812,0.0,0.000170012580141812,300.65913144218996,300.69435805300446,-5.988966994225369e-06
394,423,contact,0.0022157980111914537,-3.4201988808546524e-05,3.4201988808546524e-05,0.00013784449533309974,0.00013784449533309974,0.0,0.00013784449533309974,300.65913144218996,300.7792050235416,-1.655148222425181e-05
394,431,contact,0.0021901608032059254,-5.983919679407486e-05,5.983919679407486e-05,0.00018232936740670845,0.00018232936740670845,0.0,0.00018232936740670845,300.65913144218996,300.6192605083488,7.269642145170436e-06
395,402,contact,0.002143772903224593,-0.0001062270967754071,0.0001062270967754071,0.0002429301417364981,0.00044169116679363286,0.0,0.00044169116679363286,300.0902064044808,300.193168184464,-4.547730873593691e-05
395,458,contact,0.002181497597087835,-6.850240291216524e-05,6.850240291216524e-05,0.00019508175339266986,0.00035469409707758156,0.0,0.00035469409707758156,300.0902064044808,300.16845979451847,-2.775601552267238e-05
396,442,contact,0.002193642207038331,-5.635779296166935e-05,5.635779296166935e-05,0.0001769459945257456,0.0001769459945257456,0.0,0.0001769459945257456,300.37105532844913,300.3350870053184,6.364450707785637e-06
397,446,contact,0.002230761334365468,-1.9238665634532283e-05,1.9238665634532283e-05,0.00010338349759386242,0.00010338349759386242,0.0,0.00010338349759386242,300.1902621223682,300.35100326905757,-1.6617981951994228e-05
397,481,contact,0.0022439879783323247,-6.012021667675584e-06,6.012021667675584e-06,5.7792837251665945e-05,5.7792837251665945e-05,0.0,5.7792837251665945e-05,300.1902621223682,300.07649110312394,6.575149999140149e-06
398,423,contact,0.0021017723819935622,-0.00014822761800643803,0.00014822761800643803,0.0002869645913178895,0.0002869645913178895,0.0,0.0002869645913178895,300.7398108511407,300.7792050235416,-1.1304732583323721e-05
398,431,contact,0.002145316155723673,-0.00010468384427632718,0.00010468384427632718,0.0002411590580190307,0.0002411590580190307,0.0,0.0002411590580190307,300.7398108511407,300.6192605083488,2.9071807111562724e-05
398,467,contact,0.0021772150688666478,-7.27849311333525e-05,7.27849311333525e-05,0.0002010872269734269,0.0002010872269734269,0.0,0.0002010872269734269,300.7398108511407,300.6842400709591,1.117457408746721e-05
398,480,contact,0.0021844524491850237,-6.554755081497653e-05,6.554755081497653e-05,0.00019082794870856914,0.00019082794870856914,0.0,0.00019082794870856914,300.7398108511407,300.7660333861572,-5.0039925671321e-06
400,415,contact,0.0021420173574693557,-0.00010798264253064453,0.00010798264253064453,0.0002449292897173982,0.0002449292897173982,0.0,0.0002449292897173982,300.2082395652177,300.1213046236663,2.1292913485812667e-05
401,473,contact,0.0024100745256111895,-8.99254743888106e-05,8.99254743888106e-05,0.0002370726080613419,0.0002370726080613419,0.0,0.0002370726080613419,300.90896487625764,300.7686638748014,3.3261524328848215e-05
402,441,contact,0.002409575975332589,-9.042402466741088e-05,9.042402466741088e-05,0.0002377288695491816,0.0002377288695491816,0.0,0.0002377288695491816,300.193168184464,300.2806121348568,-2.0787951475797476e-05
403,437,contact,0.002334641145979398,-0.00016535885402060206,0.00016535885402060206,0.00032147983414652356,0.00032147983414652356,0.0,0.00032147983414652356,300.59641379479024,300.6883405632253,-2.955260227013767e-05
403,483,contact,0.0022989427128573695,-0.00020105728714263056,0.00020105728714263056,0.00035448667741417884,0.00035448667741417884,0.0,0.00035448667741417884,300.59641379479024,300.43595720700165,5.687972267439289e-05
403,490,contact,0.002324373956180531,-0.00017562604381946923,0.00017562604381946923,0.0003313099415761143,0.0006023817119565714,0.0,0.0006023817119565714,300.59641379479024,300.6855927209988,-5.371975423995313e-05
404,414,contact,0.0024236465997335504,-7.635340026644968e-05,7.635340026644968e-05,0.00021845108186166316,0.00021845108186166316,0.0,0.00021845108186166316,300.4789090649226,300.44050343224967,8.389752006987093e-06
405,469,contact,0.0024409840859989235,-5.901591400107658e-05,5.901591400107658e-05,0.00019205453978147162,0.00019205453978147162,0.0,0.00019205453978147162,300.49820763492556,300.572555392079,-1.4278824283884419e-05
406,410,contact,0.0023195128254155212,-0.00018048717458447883,0.00018048717458447883,0.0003358637880380963,0.0003358637880380963,0.0,0.0003358637880380963,300.6863820291555,300.691941712107,-1.8672961763862748e-06
406,431,contact,0.0023599865083426433,-0.00014001349165735678,0.00014001349165735678,0.00029581824197612966,0.00029581824197612966,0.0,0.00029581824197612966,300.6863820291555,300.6192605083488,1.9855770283792014e-05
406,485,contact,0.002391265214089109,-0.00010873478591089114,0.00010873478591089114,0.0002606899330513301,0.0002606899330513301,0.0,0.0002606899330513301,300.6863820291555,300.6384636222379,1.2491846291268871e-05
407,497,contact,0.0024595759512033907,-4.042404879660939e-05,4.042404879660939e-05,0.00015894977350685614,0.00015894977350685614,0.0,0.00015894977350685614,300.75050333135175,300.8373058925293,-1.3797247438984236e-05
408,423,contact,0.002461383051262443,-3.8616948737557263e-05,3.8616948737557263e-05,0.00015535634187561603,0.00015535634187561603,0.0,0.00015535634187561603,300.69435805300446,300.7792050235416,-1.318151496187427e-05
408,467,contact,0.0024056484384841026,-9.435156151589748e-05,9.435156151589748e-05,0.00024283682988261054,0.00024283682988261054,0.0,0.00024283682988261054,300.69435805300446,300.6842400709591,2.457018684703927e-06
408,473,contact,0.00241159981243178,-8.840018756822027e-05,8.840018756822027e-05,0.00023505343484011816,0.00023505343484011816,0.0,0.00023505343484011816,300.69435805300446,300.7686638748014,-1.74658386419886e-05
409,421,contact,0.0024283932027989205,-7.160679720107956e-05,7.160679720107956e-05,0.00021155199892857246,0.00021155199892857246,0.0,0.00021155199892857246,300.7927739772471,300.71935963842446,1.55309501279529e-05
409,468,contact,0.002395227602504613,-0.00010477239749538724,0.00010477239749538724,0.0002558959718999442,0.0002558959718999442,0.0,0.0002558959718999442,300.7927739772471,300.8255546366593,-8.388438699805117e-06
410,460,contact,0.0023282706947432043,-0.00017172930525679577,0.00017172930525679577,0.0003276138211148873,0.0003276138211148873,0.0,0.0003276138211148873,300.691941712107,300.82110816864383,-4.2316716385903e-05
410,489,contact,0.0023908295662802897,-0.00010917043371971033,0.00010917043371971033,0.00026121164038920425,0.00047493025525309864,0.0,0.00047493025525309864,300.691941712107,300.61082773602243,3.85234813664368e-05
411,467,contact,0.0023973309887664654,-0.00010266901123353461,0.00010266901123353461,0.0002533142949400194,0.0002533142949400194,0.0,0.0002533142949400194,300.8108381158251,300.6842400709591,3.206909447601579e-05
411,468,contact,0.0023504334216692896,-0.00014956657833071043,0.00014956657833071043,0.0003057435386998293,0.0003057435386998293,0.0,0.0003057435386998293,300.8108381158251,300.8255546366593,-4.49948115720206e-06
412,453,contact,0.002443058024280225,-5.6941975719774964e-05,5.6941975719774964e-05,0.00018864976762471603,0.00018864976762471603,0.0,0.00018864976762471603,300.0979745710152,300.1135524781571,-2.9387685623994665e-06
413,462,contact,0.002437476428870647,-6.25235711293531e-05,6.25235711293531e-05,0.00019767961947516412,0.0003594174899548439,0.0,0.0003594174899548439,300.9002478260909,300.84039823066473,2.1510991362882606e-05
413,465,contact,0.002362144905245044,-0.00013785509475495615,0.00013785509475495615,0.00029352927319408465,0.00029352927319408465,0.0,0.00029352927319408465,300.9002478260909,300.8473721858569,1.552054824755565e-05
413,495,contact,0.0024384747875328414,-6.152521246715866e-05,6.152521246715866e-05,0.00019609502235389394,0.0003565364042798072,0.0,0.0003565364042798072,300.9002478260909,300.9550727034797,-1.9547064649282724e-05
414,464,contact,0.002352294071943386,-0.0001477059280566139,0.0001477059280566139,0.000303835819210612,0.000303835819210612,0.0,0.000303835819210612,300.44050343224967,300.307939327638,4.027772332260934e-05
416,474,contact,0.0024851735651459025,-1.4826434854097511e-05,1.4826434854097511e-05,9.626277465256725e-05,9.626277465256725e-05,0.0,9.626277465256725e-05,300.0759682368805,300.0763570928432,-3.743235390806171e-08
416,479,contact,0.002327451601838371,-0.0001725483981616289,0.0001725483981616289,0.00032839419734675284,0.00032839419734675284,0.0,0.00032839419734675284,300.0759682368805,300.0853458443366,-3.0795518735748926e-06
418,476,contact,0.0023410929279505327,-0.00015890707204946732,0.00015890707204946732,0.00031514587103580633,0.00031514587103580633,0.0,0.00031514587103580633,300.92753297668474,300.8643278313905,1.9918840567704865e-05
419,443,contact,0.0024072886180929788,-9.27113819070213e-05,9.27113819070213e-05,0.0002407168745474407,0.0002407168745474407,0.0,0.0002407168745474407,300.38882967481277,300.35005443793506,9.333853831039363e-06
419,483,contact,0.0024648784941250146,-3.51215058749855e-05,3.51215058749855e-05,0.0001481585001674421,0.0001481585001674421,0.0,0.0001481585001674421,300.38882967481277,300.43595720700165,-6.9823444856974736e-06
420,422,contact,0.0023068932806699152,-0.00019310671933008483,0.00019310671933008483,0.00034740710928434236,0.0034740710928434235,0.0,0.0034740710928434235,300.0598987384326,300.1925159114953,-0.00046072148735183194
420,450,contact,0.002363959474779548,-0.00013604052522045223,0.00013604052522045223,0.0002915910291191803,0.0005301655074894186,0.0,0.0005301655074894186,300.0598987384326,300.06394695118223,-2.1462227668367077e-06
421,433,contact,0.0023734962262872885,-0.00012650377371271155,0.00012650377371271155,0.000281184740998591,0.000281184740998591,0.0,0.000281184740998591,300.71935963842446,300.5844996429866,3.7920572888267013e-05
421,438,contact,0.0024043102938680777,-9.56897061319224e-05,9.56897061319224e-05,0.00024455278843728506,0.00024455278843728506,0.0,0.00024455278843728506,300.71935963842446,300.70236092684155,4.157082317442902e-06
421,476,contact,0.0024580667764932673,-4.193322350673273e-05,4.193322350673273e-05,0.00016188966826733556,0.00016188966826733556,0.0,0.00016188966826733556,300.71935963842446,300.8643278313905,-2.3468852668583858e-05
421,488,contact,0.0023957989815717013,-0.00010420101842829876,0.00010420101842829876,0.00025519725021576296,0.00025519725021576296,0.0,0.00025519725021576296,300.71935963842446,300.82555209060337,-2.7100021789724794e-05
422,482,contact,0.002310216741563439,-0.000189783258436561,0.000189783258436561,0.0003444046116457366,0.003444046116457366,0.0,0.003444046116457366,300.1925159114953,300.29030016479817,-0.0003367734778383567
424,427,contact,0.0024771018521651464,-2.2898147834853663e-05,2.2898147834853663e-05,0.00011963002297409935,0.00011963002297409935,0.0,0.00011963002297409935,300.54379593945566,300.4809217665487,7.521638749336982e-06
424,434,contact,0.0023929879323765927,-0.00010701206762340739,0.00010701206762340739,0.00025861659317342653,0.00025861659317342653,0.0,0.00025861659317342653,300.54379593945566,300.5362072560765,1.962559442185017e-06
424,445,contact,0.002385206135536298,-0.0001147938644637022,0.0001147938644637022,0.0002678547466255057,0.0002678547466255057,0.0,0.0002678547466255057,300.54379593945566,300.4548420917239,2.382671034555783e-05
424,477,contact,0.0024612752573615173,-3.872474263848279e-05,3.872474263848279e-05,0.0001555730187052104,0.0001555730187052104,0.0,0.0001555730187052104,300.54379593945566,300.6408613116989,-1.5100752971629581e-05
424,491,contact,0.0024839218463148147,-1.6078153685185337e-05,1.6078153685185337e-05,0.0001002439327502709,0.0001002439327502709,0.0,0.0001002439327502709,300.54379593945566,300.5274501797799,1.6385632336873634e-06
425,435,contact,0.002375778592251392,-0.0001242214077486082,0.0001242214077486082,0.0002786366448313648,0.0002786366448313648,0.0,0.0002786366448313648,300.4083021657233,300.463941871063,-1.550326081526788e-05
427,448,contact,0.002496872837330727,-3.127162669272921e-06,3.127162669272921e-06,4.4209463560368785e-05,4.4209463560368785e-05,0.0,4.4209463560368785e-05,300.4809217665487,300.34446690348955,6.0325962960489184e-06
427,466,contact,0.002385106564600416,-0.00011489343539958403,0.00011489343539958403,0.0002679708885769871,0.0004872197974127038,0.0,0.0004872197974127038,300.4809217665487,300.4684428463964,6.079976948541951e-06
427,471,contact,0.0024915350763936683,-8.464923606331734e-06,8.464923606331734e-06,7.273635441756298e-05,7.273635441756298e-05,0.0,7.273635441756298e-05,300.4809217665487,300.29773309848866,1.3324475885296408e-05
429,446,contact,0.002321735489693001,-0.00017826451030699894,0.00017826451030699894,0.0003337893331756938,0.0003337893331756938,0.0,0.0003337893331756938,300.194033515567,300.35100326905757,-5.2394829346366125e-05
430,445,contact,0.0023983959614083737,-0.00010160403859162635,0.00010160403859162635,0.0002519970716491889,0.0002519970716491889,0.0,0.0002519970716491889,300.32371477024793,300.4548420917239,-3.304370102514324e-05
430,470,contact,0.0024308250489082925,-6.917495109170753e-05,6.917495109170753e-05,0.00020792870035739945,0.00020792870035739945,0.0,0.00020792870035739945,300.32371477024793,300.23534210667435,1.8375213083976136e-05
431,452,contact,0.0023314657206892405,-0.00016853427931075955,0.00016853427931075955,0.00032455188270787263,0.00032455188270787263,0.0,0.00032455188270787263,300.6192605083488,300.50749463568235,3.6273824396390295e-05
431,467,contact,0.002498058399619393,-1.9416003806068706e-06,1.9416003806068706e-06,3.483533031104046e-05,3.483533031104046e-05,0.0,3.483533031104046e-05,300.6192605083488,300.6842400709591,-2.263584526996388e-06
432,435,contact,0.002481831488296496,-1.8168511703504052e-05,1.8168511703504052e-05,0.00010656134296587122,0.00010656134296587122,0.0,0.00010656134296587122,300.31815205168726,300.463941871063,-1.5535558943431723e-05
432,456,contact,0.0024752607697170006,-2.473923028299945e-05,2.473923028299945e-05,0.00012434636676185863,0.00012434636676185863,0.0,0.00012434636676185863,300.31815205168726,300.3510369330147,-4.0891155144629955e-06
433,435,contact,0.002319829182245968,-0.00018017081775403192,0.00018017081775403192,0.00033556930893076316,0.00033556930893076316,0.0,0.00033556930893076316,300.5844996429866,300.463941871063,4.045548821063038e-05
433,440,contact,0.002473348664098937,-2.6651335901062972e-05,2.6651335901062972e-05,0.0001290623296634783,0.0001290623296634783,0.0,0.0001290623296634783,300.5844996429866,300.4950618755935,1.1543046619656565e-05
434,477,contact,0.002390185486107721,-0.00010981451389227917,0.00010981451389227917,0.00026198105119010895,0.00026198105119010895,0.0,0.00026198105119010895,300.5362072560765,300.6408613116989,-2.7417379503265658e-05
434,483,contact,0.002323846113257072,-0.00017615388674292786,0.00017615388674292786,0.00033180744297608804,0.00033180744297608804,0.0,0.00033180744297608804,300.5362072560765,300.43595720700165,3.326371244176095e-05
434,491,contact,0.002420526383847117,-7.94736161528831e-05,7.94736161528831e-05,0.00022286993986527645,0.00022286993986527645,0.0,0.00022286993986527645,300.5362072560765,300.5274501797799,1.9516890676197326e-06
435,440,contact,0.0023875920345402387,-0.00011240796545976131,0.00011240796545976131,0.0002650565570068977,0.0002650565570068977,0.0,0.0002650565570068977,300.463941871063,300.4950618755935,-8.248561254883975e-06
435,456,contact,0.0023891572104405355,-0.00011084278955946457,0.00011084278955946457,0.000263204755797963,0.000263204755797963,0.0,0.000263204755797963,300.463941871063,300.3510369330147,2.9717116647387598e-05
436,475,contact,0.0024034402128199485,-9.655978718005158e-05,9.655978718005158e-05,0.0002456620992085109,0.0002456620992085109,0.0,0.0002456620992085109,300.57079973691594,300.6929708427004,-3.0012810309632026e-05
439,480,contact,0.002355859017794783,-0.00014414098220521697,0.00014414098220521697,0.00030014682053665104,0.00030014682053665104,0.0,0.00030014682053665104,300.9195241044015,300.7660333861572,4.606975106291763e-05
439,492,contact,0.0024110647185902655,-8.893528140973455e-05,8.893528140973455e-05,0.00023576376074597235,0.00023576376074597235,0.0,0.00023576376074597235,300.9195241044015,300.911759468405,1.8306197833503843e-06
440,461,contact,0.0024623554652405495,-3.764453475945057e-05,3.764453475945057e-05,0.00015338785553183995,0.00015338785553183995,0.0,0.00015338785553183995,300.4950618755935,300.57310278682655,-1.1970528017791968e-05
441,486,contact,0.0024563324795279654,-4.3667520472034666e-05,4.3667520472034666e-05,0.00016520351175148084,0.00016520351175148084,0.0,0.00016520351175148084,300.2806121348568,300.2459034481237,5.733996936589697e-06
443,470,contact,0.0024702119799928104,-2.978802000718969e-05,2.978802000718969e-05,0.0001364460058209604,0.0001364460058209604,0.0,0.0001364460058209604,300.35005443793506,300.23534210667435,1.5652039418934092e-05
443,483,contact,0.0024129145495023234,-8.708545049767669e-05,8.708545049767669e-05,0.00023329896390907512,0.00023329896390907512,0.0,0.00023329896390907512,300.35005443793506,300.43595720700165,-2.004102702015659e-05
444,446,contact,0.002437297555736682,-6.270244426331796e-05,6.270244426331796e-05,0.00019796218746157996,0.00019796218746157996,0.0,0.00019796218746157996,300.34975254140926,300.35100326905757,-2.475967811785256e-07
444,482,contact,0.0024649634912103664,-3.5036508789633696e-05,3.5036508789633696e-05,0.00014797911336915444,0.0002690529333984626,0.0,0.0002690529333984626,300.34975254140926,300.29030016479817,1.5995836324724194e-05
446,448,contact,0.0023936154872702506,-0.00010638451272974945,0.00010638451272974945,0.0002578571706509117,0.0002578571706509117,0.0,0.0002578571706509117,300.35100326905757,300.34446690348955,1.6854487317108096e-06
446,466,contact,0.002410149140986922,-8.985085901307794e-05,8.985085901307794e-05,0.00023697423252998145,0.00043086224096360265,0.0,0.00043086224096360265,300.35100326905757,300.4684428463964,-5.0600279470019795e-05
446,471,contact,0.00236514338085453,-0.00013485661914547017,0.00013485661914547017,0.0002903194567470786,0.0002903194567470786,0.0,0.0002903194567470786,300.35100326905757,300.29773309848866,1.5465366980389533e-05
447,451,contact,0.0023095735987406847,-0.00019042640125931532,0.00019042640125931532,0.00034498768208020427,0.00034498768208020427,0.0,0.00034498768208020427,300.08197069678965,300.19185850454005,-3.790994008468452e-05
447,454,contact,0.00245131495726457,-4.868504273542991e-05,4.868504273542991e-05,0.000174436669624376,0.000174436669624376,0.0,0.000174436669624376,300.08197069678965,300.0599447193978,3.842138141460814e-06
449,478,contact,0.0024693689024728564,-3.063109752714363e-05,3.063109752714363e-05,0.00013836341985678428,0.00013836341985678428,0.0,0.00013836341985678428,300.8528747160337,300.8153669274959,5.1897058933504494e-06
451,454,contact,0.0024991961003548724,-8.038996451276668e-07,8.038996451276668e-07,2.241511271898475e-05,2.241511271898475e-05,0.0,2.241511271898475e-05,300.19185850454005,300.0599447193978,2.956862363152003e-06
451,455,contact,0.0024795584937123945,-2.0441506287605538e-05,2.0441506287605538e-05,0.0001130307101178855,0.0001130307101178855,0.0,0.0001130307101178855,300.19185850454005,300.16988560713503,2.483612197036999e-06
452,457,contact,0.002325922313771464,-0.00017407768622853615,0.00017407768622853615,0.00032984625796397187,0.00032984625796397187,0.0,0.00032984625796397187,300.50749463568235,300.5469492295639,-1.3013950151315522e-05
452,484,contact,0.0024170821887763774,-8.291781122362262e-05,8.291781122362262e-05,0.0002276480441707421,0.0002276480441707421,0.0,0.0002276480441707421,300.50749463568235,300.51033647119976,-6.469382973945527e-07
457,461,contact,0.0024003135986783056,-9.96864013216945e-05,9.96864013216945e-05,0.00024960769384387786,0.00024960769384387786,0.0,0.00024960769384387786,300.5469492295639,300.57310278682655,-6.528129114146337e-06
457,467,contact,0.00245877413594661,-4.122586405339024e-05,4.122586405339024e-05,0.00016051842583756203,0.00016051842583756203,0.0,0.00016051842583756203,300.5469492295639,300.6842400709591,-2.203770974267402e-05
457,484,contact,0.0024832410817719657,-1.675891822803437e-05,1.675891822803437e-05,0.0001023441443978183,0.0001023441443978183,0.0,0.0001023441443978183,300.5469492295639,300.51033647119976,3.7471014288208166e-06
459,462,contact,0.0024511171212541743,-4.8882878745825763e-05,4.8882878745825763e-05,0.0001747907297774716,0.0003178013268681302,0.0,0.0003178013268681302,300.79712238513514,300.84039823066473,-1.3753121130644742e-05
459,475,contact,0.002498623260157681,-1.3767398423189005e-06,1.3767398423189005e-06,2.933363941704665e-05,2.933363941704665e-05,0.0,2.933363941704665e-05,300.79712238513514,300.6929708427004,3.055143790510173e-06
459,478,contact,0.0024526558586766716,-4.734414132332842e-05,4.734414132332842e-05,0.00017201769771474173,0.00017201769771474173,0.0,0.00017201769771474173,300.79712238513514,300.8153669274959,-3.1383841727597653e-06
460,465,contact,0.0024837268272899908,-1.6273172710009297e-05,1.6273172710009297e-05,0.00010085005177864715,0.00010085005177864715,0.0,0.00010085005177864715,300.82110816864383,300.8473721858569,-2.6487274958529787e-06
460,497,contact,0.0024716810819561644,-2.8318918043835663e-05,2.8318918043835663e-05,0.00013303880553206004,0.00013303880553206004,0.0,0.00013303880553206004,300.82110816864383,300.8373058925293,-2.1549258380590126e-06
460,499,contact,0.002461976263248694,-3.8023736751306107e-05,3.8023736751306107e-05,0.00015415847517916853,0.00015415847517916853,0.0,0.00015415847517916853,300.82110816864383,300.67246685312404,2.2914318549157512e-05
461,484,contact,0.002472474703813974,-2.7525296186026258e-05,2.7525296186026258e-05,0.00013116138957889402,0.00013116138957889402,0.0,0.00013116138957889402,300.57310278682655,300.51033647119976,8.232517176357041e-06
462,465,contact,0.002457011063508116,-4.298893649188392e-05,4.298893649188392e-05,0.000163914872136202,0.00029802704024764,0.0,0.00029802704024764,300.84039823066473,300.8473721858569,-2.078427224740806e-06
462,495,contact,0.002379849657028675,-0.00012015034297132524,0.00012015034297132524,0.00027403277971271665,0.0027403277971271667,0.0,0.0027403277971271667,300.84039823066473,300.9550727034797,-0.00031424564547572273
462,500,contact,0.0023639989100039784,-0.00013600108999602166,0.00013600108999602166,0.00029154876306977114,0.0005300886601268567,0.0,0.0005300886601268567,300.84039823066473,300.6857723179174,8.19654429091345e-05
465,495,contact,0.002440149091678826,-5.98509083211741e-05,5.98509083211741e-05,0.00019340842200052667,0.00035165167636459397,0.0,0.00035165167636459397,300.8473721858569,300.9550727034797,-3.787306756738809e-05
466,498,contact,0.0024280157275643824,-7.198427243561767e-05,7.198427243561767e-05,0.0002121088642001108,0.0003856524803638378,0.0,0.0003856524803638378,300.4684428463964,300.5231859288138,-2.1111805517038903e-05
470,474,contact,0.0024087496834665073,-9.125031653349274e-05,9.125031653349274e-05,0.00023881257888443182,0.00023881257888443182,0.0,0.00023881257888443182,300.23534210667435,300.0763570928432,3.7967621156998854e-05
472,490,contact,0.002299696424318871,-0.00020030357568112927,0.00020030357568112927,0.00035382161437750773,0.0035382161437750776,0.0,0.0035382161437750776,300.73954783030393,300.6855927209988,0.00019090483878263071
474,479,contact,0.0023343732682670954,-0.00016562673173290462,0.00016562673173290462,0.0003217401239091348,0.0003217401239091348,0.0,0.0003217401239091348,300.0763570928432,300.0853458443366,-2.8920420192764915e-06
475,478,contact,0.0023428642259635964,-0.00015713577403640364,0.00015713577403640364,0.00031338452222908565,0.00031338452222908565,0.0,0.00031338452222908565,300.6929708427004,300.8153669274959,-3.8357038556356396e-05
477,491,contact,0.002453429610504447,-4.6570389495553116e-05,4.6570389495553116e-05,0.00017060625262492785,0.00017060625262492785,0.0,0.00017060625262492785,300.6408613116989,300.5274501797799,1.934864822265335e-05
477,499,contact,0.0023257193750321637,-0.00017428062496783634,0.00017428062496783634,0.00033003846837133656,0.00033003846837133656,0.0,0.00033003846837133656,300.6408613116989,300.67246685312404,-1.0431044483989535e-05
482,487,contact,0.0024274763901014572,-7.252360989854281e-05,7.252360989854281e-05,0.00021290198727721933,0.00038709452232221694,0.0,0.00038709452232221694,300.29030016479817,300.39674445581727,-4.12040019859663e-05
487,498,contact,0.002391914446505142,-0.00010808555349485797,0.00010808555349485797,0.00025991050562508284,0.00025991050562508284,0.0,0.00025991050562508284,300.39674445581727,300.5231859288138,-3.2863467178509e-05
494,499,contact,0.0023653405007736206,-0.0001346594992263795,0.0001346594992263795,0.00029010719918072905,0.00029010719918072905,0.0,0.00029010719918072905,300.64679647467017,300.67246685312404,-7.447161595160752e-06
