<?xml version="1.0"?>
<VTKFile type="PolyData" version="0.1" byte_order="LittleEndian">
<PolyData>
<Piece NumberOfPoints="4254" NumberOfVerts="0" NumberOfLines="2127" NumberOfStrips="0" NumberOfPolys="0">
<CellData>
<DataArray type="Int32" Name="edge_kind" format="ascii">0 0 0 0 0 0 0 0 0 0 0 0 0 0 0 0 0 0 0 0 0 0 0 0 0 0 0 0 0 0 0 0 0 0 0 0 0 0 0 0 0 0 0 0 0 0 0 0 0 0 0 0 0 0 0 0 0 0 0 0 0 0 0 0 0 0 0 0 0 0 0 0 0 0 0 0 0 0 0 0 0 0 0 0 0 0 0 0 0 0 0 0 0 0 0 0 0 0 0 0 0 0 0 0 0 0 0 0 0 0 0 0 0 0 0 0 0 0 0 0 0 0 0 0 0 0 0 0 0 0 0 0 0 0 0 0 0 0 0 0 0 0 0 0 0 0 0 0 0 0 0 0 0 0 0 0 0 0 0 0 0 0 0 0 0 0 0 0 0 0 0 0 0 0 0 0 0 0 0 0 0 0 0 0 0 0 0 0 0 0 0 0 0 0 0 0 0 0 0 0 0 0 0 0 0 0 0 0 0 0 0 0 0 0 0 0 0 0 0 0 0 0 0 0 0 0 0 0 0 0 0 0 0 0 0 0 0 0 0 0 0 0 0 0 0 0 0 0 0 0 0 0 0 0 0 0 0 0 0 0 0 0 0 0 0 0 0 0 0 0 0 0 0 0 0 0 0 0 0 0 0 0 0 0 0 0 0 0 0 0 0 0 0 0 0 0 0 0 0 0 0 0 0 0 0 0 0 0 0 0 0 0 0 0 0 0 0 0 0 0 0 0 0 0 0 0 0 0 0 0 0 0 0 0 0 0 0 0 0 0 0 0 0 0 0 0 0 0 0 0 0 0 0 0 0 0 0 0 0 0 0 0 0 0 0 0 0 0 0 0 0 0 0 0 0 0 0 0 0 0 0 0 0 0 0 0 0 0 0 0 0 0 0 0 0 0 0 0 0 0 0 0 0 0 0 0 0 0 0 0 0 0 0 0 0 0 0 0 0 0 0 0 0 0 0 0 0 0 0 0 0 0 0 0 0 0 0 0 0 0 0 0 0 0 0 0 0 0 0 0 0 0 0 0 0 0 0 0 0 0 0 0 0 0 0 0 0 0 0 0 0 0 0 0 0 0 0 0 0 0 0 0 0 0 0 0 0 0 0 0 0 0 0 0 0 0 0 0 0 0 0 0 0 0 0 0 0 0 0 0 0 0 0 0 0 0 0 0 0 0 0 0 0 0 0 0 0 0 0 0 0 0 0 0 0 0 0 0 0 0 0 0 0 0 0 0 0 0 0 0 0 0 0 0 0 0 0 0 0 0 0 0 0 0 0 0 0 0 0 0 0 0 0 0 0 0 0 0 0 0 0 0 0 0 0 0 0 0 0 0 0 0 0 0 0 0 0 0 0 0 0 0 0 0 0 0 0 0 0 0 0 0 0 0 0 0 0 0 0 0 0 0 0 0 0 0 0 0 0 0 0 0 0 0 0 0 0 0 0 0 0 0 0 0 0 0 0 0 0 0 0 0 0 0 0 0 0 0 0 0 0 0 0 0 0 0 0 0 0 0 0 0 0 0 0 0 0 0 0 0 0 0 0 0 0 0 0 0 0 0 0 0 0 0 0 0 0 0 0 0 0 0 0 0 0 0 0 0 0 0 0 0 0 0 0 0 0 0 0 0 0 0 0 0 0 0 0 0 0 0 0 0 0 0 0 0 0 0 0 0 0 0 0 0 0 0 0 0 0 0 0 0 0 0 0 0 0 0 0 0 0 0 0 0 0 0 0 0 0 0 0 0 0 0 0 0 0 0 0 0 0 0 0 0 0 0 0 0 0 0 0 0 0 0 0 0 0 0 0 0 0 0 0 0 0 0 0 0 0 0 0 0 0 0 0 0 0 0 0 0 0 0 0 0 0 0 0 0 0 0 0 0 0 0 0 0 0 0 0 0 0 0 0 0 0 0 0 0 0 0 0 0 0 0 0 0 0 0 0 0 0 0 0 0 0 0 0 0 0 0 0 0 0 0 0 0 0 0 0 0 0 0 0 0 0 0 0 0 0 0 0 0 0 0 0 0 0 0 0 0 0 0 0 0 0 0 0 0 0 0 0 0 0 0 0 0 0 0 0 0 0 0 0 0 0 0 0 0 0 0 0 0 0 0 0 0 0 0 0 0 0 0 0 0 0 0 0 0 0 0 0 0 0 0 0 0 0 0 0 0 0 0 0 0 0 0 0 0 0 0 0 0 0 0 0 0 0 0 0 0 0 0 0 0 0 0 0 0 0 0 0 0 0 0 0 0 0 0 0 0 0 0 0 0 0 0 0 0 0 0 0 0 0 0 0 0 0 0 0 0 0 0 0 0 0 0 0 0 0 0 0 0 0 0 0 0 0 0 0 0 0 0 0 0 0 0 0 0 0 0 0 0 0 0 0 0 0 0 0 0 0 0 0 0 0 0 0 0 0 0 0 0 0 0 0 0 0 0 0 0 0 0 0 0 0 0 0 0 0 0 0 0 0 0 0 0 0 0 0 0 0 0 0 0 0 0 0 0 0 0 0 0 0 0 0 0 0 0 0 0 0 0 0 0 0 0 0 0 0 0 0 0 0 0 0 0 0 0 0 0 0 0 0 0 0 0 0 0 0 0 0 0 0 0 0 0 0 0 0 0 0 0 0 0 0 0 0 0 0 0 0 0 0 0 0 0 0 0 0 0 0 0 0 0 0 0 0 0 0 0 0 0 0 0 0 0 0 0 0 0 0 0 0 0 0 0 0 0 0 0 0 0 0 0 0 0 0 0 0 0 0 0 0 0 0 0 0 0 0 0 0 0 0 0 0 0 0 0 0 0 0 0 0 0 0 0 0 0 0 0 0 0 0 0 0 0 0 0 0 0 0 0 0 0 0 0 0 0 0 0 0 0 0 0 0 0 0 0 0 0 0 0 0 0 0 0 0 0 0 0 0 0 0 0 0 0 0 0 0 0 0 0 0 0 0 0 0 0 0 0 0 0 0 0 0 0 0 0 0 0 0 0 0 0 0 0 0 0 0 0 0 0 0 0 0 0 0 0 0 0 0 0 0 1 1 1 1 1 1 1 1 1 1 1 1 1 1 1 1 1 1 1 1 1 1 1 1 1 1 1 1 1 1 1 1 1 1 1 1 1 1 1 1 1 1 1 1 1 1 1 1 1 1 1 1 1 1 1 1 1 1 1 1 1 1 1 1 1 1 1 1 1 1 1 1 1 1 1 1 1 1 1 1 1 1 1 1 1 1 1 1 1 1 1 1 1 1 1 1 1 1 1 1 1 1 1 1 1 1 1 1 1 1 1 1 1 1 1 1 1 1 1 1 1 1 1 1 1 1 1 1 1 1 1 1 1 1 1 1 1 1 1 1 1 1 1 1 1 1 1 1 1 1 1 1 1 1 1 1 1 1 1 1 1 1 1 1 1 1 1 1 1 1 1 1 1 1 1 1 1 1 1 1 1 1 1 1 1 1 1 1 1 1 1 1 1 1 1 1 1 1 1 1 1 1 1 1 1 1 1 1 1 1 1 1 1 1 1 1 1 1 1 1 1 1 1 1 1 1 1 1 1 1 1 1 1 1 1 1 1 1 1 1 1 1 1 1 1 1 1 1 1 1 1 1 1 1 1 1 1 1 1 1 1 1 1 1 1 1 1 1 1 1 1 1 1 1 1 1 1 1 1 1 1 1 1 1 1 1 1 1 1 1 1 1 1 1 1 1 1 1 1 1 1 1 1 1 1 1 1 1 1 1 1 1 1 1 1 1 1 1 1 1 1 1 1 1 1 1 1 1 1 1 1 1 1 1 1 1 1 1 1 1 1 1 1 1 1 1 1 1 1 1 1 1 1 1 1 1 1 1 1 1 1 1 1 1 1 1 1 1 1 1 1 1 1 1 1 1 1 1 1 1 1 1 1 1 1 1 1 1 1 1 1 1 1 1 1 1 1 1 1 1 1 1 1 1 1 1 1 1 1 1 1 1 1 1 1 1 1 1 1 1 1 1 1 1 1 1 1 1 1 1 1 1 1 1 1 1 1 1 1 1 1 1 1 1 1 1 1 1 1 1 1 1 1 1 1 1 1 1 1 1 1 1 1 1 1 1 1 1 1 1 1 1 1 1 1 1 1 1 1 1 1 1 1 1 1 1 1 1 1 1 1 1 1 1 1 1 1 1 1 1 1 1 1 1 1 1 1 1 1 1 1 1 1 1 1 1 1 1 1 1 1 1 1 1 1 1 1 1 1 1 1 1 1 1 1 1 1 1 1 1 1 1 1 1 1 1 1 1 1 1 1 1 1 1 1 1 1 1 1 1 1 1 1 1 1 1 1 1 1 1 1 1 1 1 1 1 1 1 1 1 1 1 1 1 1 1 1 1 1 1 1 1 1 1 1 1 1 1 1 1 1 1 1 1 1 1 1 1 1 1 1 1 1 1 1 1 1 1 1 1 1 1 1 1 1 1 1 1 1 1 1 1 1 1 1 1 1 1 1 1 1 1 1 1 1 1 1 1 1 1 1 1 1 1 1 1 1 1 1 1 1 1 1 1 1 1 1 1 1 1 1 1 1 1 1 1 1 1 1 1 1 1 1 1 1 1 1 1 1 1 1 1 1 1 1 1 1 1 1 1 1 1 1 1 1 1 1 1 1 1 1 1 1 1 1 1 1 1 1 1 1 1 1 1 1 1 1 1 1 1 1 1 1 1 1 1 1 1 1 1 1 1 1 1 1 1 1 1 1 1 1 1 1 1 1 1 1 1 1 1 1 1 1 1 1 1 1 1 1 1 1 1 1 1 1 1 1 1 1 1 1 1 1 1</DataArray>
<DataArray type="Float64" Name="conductance" format="ascii">1.2251028536521078e-06 0.00024909236797631 0.0002489502857656373 0.00021417414907937786 4.153958093064617e-05 7.6752169678403e-05 0.0001257334875965192 0.00011343991843008559 0.00013175430674350677 0.00012453195611582352 0.00019034068767981917 0.00011451279932924378 0.00021060719154498262 0.00014759330159056614 0.0001729745714425607 0.00015823820991066537 0.00017071454965851107 0.00021130967768811466 0.00022949541624317537 0.00013866949064592218 0.00023176126044837197 0.00010724664931525877 0.0002149837259087041 0.00023187217215962615 0.00024222652880034879 0.00022491590729053278 0.0001574138297045627 0.00022722973215501643 0.00019464657247405452 0.000141490537475876 0.00017850655255021285 2.2292785504166834e-05 2.3760914810253662e-05 1.2316924470549406e-05 0.0001775706540879637 0.00023709199960089474 0.00014793958152283703 0.00022102601357991728 9.332078993158548e-05 8.095582440754185e-05 9.427384808551797e-05 0.00021374284769766033 0.00020178630528164404 0.00018731718393032095 0.00017872808311913816 1.1801631921491135e-05 0.00018428838470083725 0.00017659813456572714 0.00015184762975861907 0.00019726788451938115 0.00022408343124603417 0.00017665917510057005 0.00019545559589273552 0.0001757036277308025 0.00015138519957292172 0.00013111966169480484 0.00021024113638410397 0.00012622116668817412 0.00014580563426279993 0.0001712720206139574 0.0001686910151020879 0.00019329314623660953 0.0001310260783491302 0.00017397382728062178 8.065847549201047e-05 0.00019431683127371302 0.00020829011472378074 0.00022334679791371478 0.0002574203552157907 0.0002362836413759006 0.0002575414067840439 0.00020039554896699648 0.00023681700994047976 0.00027151456268913437 0.00022262851451584768 0.00010231319944324348 0.0001386079429395928 0.0001972372509429356 0.0002042295738588252 0.0001544453323783898 0.00013189752687805587 4.9033240652382424e-05 0.0001277401380274032 7.792729831347596e-05 0.00015687090805388136 0.00015418731759310486 0.00010835569419098347 0.0001163717670920747 5.46645552060775e-05 0.0001397344360776027 0.00019609466045284276 0.00017664097473129174 0.00019394942696170512 0.00014582465411522736 0.00015237196150460992 0.00023117447705438285 0.00023094726731574193 0.00024347971466701367 4.053402996977261e-06 4.578072305121008e-05 0.00011246395935455027 1.6973968592842035e-05 0.0001169539926414978 4.822812885910476e-05 0.00021752153278462908 0.0002470833610867056 0.00029547129282948966 0.00027880803208114494 0.000104834487722566 0.0002892230937639326 0.00024584386363972574 0.00019314962564627225 0.00017832149796191828 0.00016315242060232487 0.0001169044280476939 0.00023878505098297106 0.0001782201794251769 0.0002256243146545724 2.5454393255963323e-05 9.682458365518543e-08 0.00023447129520132634 0.00023249136361529508 0.00021178031624604295 0.00024551816283717925 0.00013469042076570326 0.0001747642626930126 0.00013829159907349092 0.00010831028645626031 0.00014456434287935064 0.00012365806523905452 0.00015074765610626032 1.2189891924728888e-06 9.258200997725515e-08 0.00021573122489519216 8.74570462941719e-05 0.00014559007433025028 8.695363987458857e-05 0.00018075768889659293 8.954980681060068e-05 0.00013969340194959777 6.472083567332294e-05 0.0001997081823814231 0.00020060108518782466 0.00021528831011003225 9.022705951785956e-05 0.00013195800960908913 0.00015450531554145902 0.0001529424863504238 0.00016271646409757776 1.1464243510460918e-05 0.00021710005682144628 0.00015364569632474233 0.0002635187525324097 0.0002736894988011209 0.00022576003571301708 8.660254037844388e-08 9.258200997725515e-08 7.960559219788628e-05 9.917705531499833e-05 0.00012167217959025896 0.00016378028575782046 0.00016328253259716843 0.00018069707525783749 0.00020269316236199025 0.00019507144382923487 0.0001813179426476137 6.107230471607004e-05 0.00018748020011727688 0.00019975139420692025 0.00025051185964836554 0.00018905149467154432 6.095615420548958e-05 0.00017718909121479493 0.00014573861471295693 0.00019099373491643538 0.00023854690784454318 0.00018333359024108484 0.00010956535082875896 0.00014128169853969833 9.316520789461817e-05 0.00014842418925173836 7.426980740124627e-05 0.0001532013608825095 8.728353295204905e-05 0.0001665932179427417 0.00023782056928369784 0.000188081767370321 0.00019017720384392506 0.00020679486903451587 5.305948746408737e-05 0.00021452181642442098 0.0002449313074049336 0.0002481657822701559 0.00019858225493988194 0.00015077678903450677 0.00016305505494495842 0.0002089058705506946 0.0002474773763506706 0.00016204402455898345 0.0002053252759786299 0.00018440061659454494 0.0002327090949164258 0.00017906627129215763 4.332677794369691e-05 9.911202691216585e-05 0.00026085442290623453 0.00021398994082143398 0.00017963588638215865 0.0002072107835851885 0.00022034309934036342 0.00021410644546083558 0.00023933462129471764 0.00013309334369515614 0.0001123590450016485 0.0001691600685120629 0.00018821873933112622 0.00018224636825487785 0.00019577403493182136 0.00017808214061896066 0.00016123338405948858 0.00016628711359736444 0.00016282495619934166 9.085480710384069e-05 0.00013559184660546763 0.00017860432668773013 0.00014892794117081054 0.00024308687862164847 0.0002119178035398388 0.00020835828308069808 0.00025087166789268815 0.00021255098350299046 0.00029835550560092033 0.0002164743129835205 7.369595275240329e-05 0.00014924523550380298 0.00023957089269647166 0.000189353145811395 0.00015583694952984848 0.00012523476203198794 0.00017199561751514588 0.00017072132719117374 0.00025739898875566544 9.808104865652553e-05 8.051670754479874e-05 9.252945501498533e-05 0.0001087433883838454 0.0002530087036072609 0.00025428291466757165 0.0001909815283838615 2.414716753794879e-05 2.4223323616498387e-05 0.000100631516258557 0.00017753848062681426 0.00015441510936973322 0.0001866530460199588 0.00015606823321307703 0.0002501892254044687 0.00021868291561034803 0.00019463638757282164 3.553947763839113e-05 7.54763868796878e-05 6.69740597208958e-05 7.218756411165434e-05 6.66584359201543e-05 0.0001423940346158021 0.0001792255109880567 0.00019125555117219053 0.00013543010206382473 0.00013596323722045645 0.0001523181443379749 9.925173039269733e-05 0.00010187155258010083 0.00011954132460302514 0.00022512615522047905 0.0002211176970225751 0.00014096028236353005 0.00015246678905359295 0.00017075902129551687 0.0001631827253728512 0.00014766559170466877 8.144906357148912e-05 0.00012539673623550106 0.00013416551405768585 7.894805479600957e-05 0.0001004862559340706 0.00012959401388300235 8.403328508088761e-05 0.00010170714267605387 0.00014637105427052114 0.0001534716301862841 0.00020831064004387135 0.0002067114867823827 0.00020754397509982277 0.00014937582212791925 0.00017125729087566824 0.00017534385838754125 0.00013002496520161147 0.00010569762194430196 0.00018884478149055857 6.060307480808063e-05 0.00019702750714299303 0.0001571623140252954 0.0001680026320620823 9.073012958860579e-05 0.00011307581115114011 0.00010342000610255951 0.00011820147502695721 0.0001229200914061184 0.00021872511047939065 0.00018920191358511826 0.00010436200609426324 0.00015295167526764442 0.00013675181448175977 0.0001585601363771199 0.00017457785528677007 0.00019216887683963334 0.00011966257265834533 0.00016980786729673715 0.00016018374590935397 0.00010232441235628787 0.00017043473830277071 7.694559396330882e-05 9.385707677063498e-05 0.00010154608824997319 0.0002289362346688995 0.00015933154303120667 0.00020302377294886402 3.0185466843647443e-05 0.00015071009089357503 0.00020598321966311858 0.0001859907299422692 0.00016804850095826406 0.00014775464614509755 0.00026130342182374374 0.00017746114550635484 0.00016299852501181806 0.00011124929911143918 0.000145925863849524 0.00011386906074676582 6.942412387636535e-05 0.00014899685129331357 0.00022608083949674613 0.00016534911135702532 0.00021209612113791775 8.747578320673017e-05 0.00020848332878782656 0.00012225546910537904 0.00020008528807933553 0.0002028314350136743 0.00015103806699855675 0.0001416945800710356 0.00016279023639462803 0.00018688606119929478 0.00018776356924211197 0.00011689504591922187 0.00018066533502858836 0.0001732851342130748 0.00012094987809958744 0.00020092828007700403 0.00023517611346629802 0.00025550495567849314 0.00016709152950325997 0.00014878195535005103 8.307632516346339e-05 0.00016334628083025342 0.00017980864650914667 0.0001660543688396938 0.0002719223938859739 0.00026522061531204387 0.00014041123683212537 0.00022684181517270568 2.2629639526516166e-05 0.0002375124458028842 0.00023020490510308386 0.0001986353045996961 0.00023920513499575412 0.000304916748121922 0.00025016715461449604 0.00022320553052836113 0.00017202678446712763 0.00020531805061430944 0.00014981676676516575 0.00022618439707857902 0.000193431297296955 0.0002143512657456483 0.00016181634526541943 0.0002168206587458161 0.00020040020672445943 0.00010845584073609811 0.00010544738257280636 0.0002385221752395958 0.00010517910287041915 0.00023427304513429285 0.00013764801670631378 0.00016859393847484125 0.0002593013646334102 0.0001602062241025934 0.00030221354954563167 0.0002240675642777002 0.00022202040549121712 0.00013852359334437547 0.00022329261429603373 0.00017418466104710307 0.0001405203513688067 0.00017857545117723638 0.00019735212181694748 0.00017259867648198056 0.00014966728839334705 0.00021008571466000646 0.00015473867242526116 0.00022791340152227232 0.0001774736733118345 0.00018233393503083752 0.00010412250067108601 0.00020202366608293508 0.00019927199532263797 0.00021388611789590294 0.00023420677260667757 0.0001861175021221493 0.000319627394212244 0.00022467541893284235 0.00019244004781166396 0.00010042639316275752 0.0001679568108857072 0.00019429186227822064 0.00024210313295594646 9.879062819214393e-05 0.0001359110512560293 0.00028269079612289704 0.00016355526516272182 0.0002735376309618631 0.0001010406020167395 0.0002163743819731938 6.794653395233953e-05 0.00018701612881370918 0.00022808802385385985 0.0001805036990925351 0.00025147047606045446 0.00012889551058004435 0.00013737926376181 0.0002302633578331201 0.00024544403435254863 0.00029049270711214493 0.000140904125204004 0.00019509870364010058 0.000267224618883525 0.0002196579807341493 0.00030141254180792826 0.00026550560836642064 0.00023546501418449862 0.00012640256501111064 0.00010893102450389523 0.0001778141971272762 0.00019503931223456417 0.00019318542197444534 0.00017735317958773308 0.00023102248390523814 0.0002810195767963696 0.00024640901879829534 0.0002084333093141647 0.0002160050793262232 0.00015173510627388025 0.00027679733573239497 0.00016952457903702931 0.0002032715397001613 0.0002626940927294686 0.00024847546628809793 0.0001617292894291073 0.0002303367922235549 0.00024486637466982646 0.00027885863765547464 0.00013009702333917594 0.00017746458765850772 0.00019599026211900703 0.0002495600251208426 0.00022681239327474438 0.00023853036116893136 0.0001256579152104516 0.0002661117312377904 0.00024789167581120444 0.00024074217441441055 9.010906596994271e-05 0.00017702369859499568 2.9483766248587013e-05 0.00016436144864115886 0.000221402661483519 0.00019006682716182858 0.00017508824442435207 0.00013764783141341215 0.0001827280897245226 0.00021353650988627625 0.00020333277273391535 7.555413195905129e-05 8.013082070495657e-05 0.00017985242316134793 0.0001847619562240215 0.0002968951969472408 0.0002620331070418826 7.332826021359455e-05 0.0002479686466567474 0.00023848713269113118 0.00011578886883108604 0.0002477887660363071 0.00025614009591335996 0.00019632611740151107 0.00018315695666393464 0.00018276815548725465 0.00024360680593415372 0.00018886791823274243 0.00011308753840275436 0.00022490035907624304 7.334570073136978e-05 1.0000000000000001e-07 0.00016835684185104554 0.00012623440232846985 0.00014791116193460649 0.00015705396845583236 0.00013116998429402247 0.00015845250738962866 0.00021589796469443154 0.00015693333752171007 0.0001420159731685083 0.00022707369403036025 0.00024750529532685436 0.00014458716972828105 0.0001673167807850112 0.00020516977956495095 0.00012066320829761354 0.00013751880999245705 0.00016391756102938261 0.0002456174598915301 0.00019275817616666997 0.0001737915188415975 0.00020188860311914854 0.00015484239250911866 0.00020352358111695701 0.00025341674779652854 7.588410710999486e-05 0.00016414184525225127 0.00026725695215117605 0.0001476694990980508 0.00022890302979240295 0.00019988893523910535 0.00021872161601473218 0.00024252406201808295 0.00021830375862380582 0.00018659398625828246 0.0001337713668460249 0.00024743283178086176 0.0002709423545049906 0.00025949403242110755 0.00028543471903914083 9.580045918348347e-05 0.0002515217365819781 0.00022095448133203685 0.00017513254679098458 0.0002922568217692231 0.00029166780114778566 7.866401034544864e-05 0.00024008412129396855 0.0002068407371778417 0.00022695406071015074 0.00010260901766952465 8.250374407889338e-05 0.00021230470675405333 0.00019494227260259282 0.00020529890060778163 0.00022955642367901828 0.00015919842155603285 9.391584572760727e-05 0.00011604069873482096 9.227232362726549e-05 0.00021361577094010164 0.00013872911448155838 0.00019812019777228459 0.0002809298184509533 0.00014086647550374772 3.2671458066350746e-05 0.00021904981777898867 7.940294873138819e-05 0.0002488089678468062 0.00022277445806724214 0.0001591076286663734 0.0002954595246247735 0.0002755376078102285 0.0001558533398387556 8.987146984212694e-05 0.00017475082014127945 0.0001956716895019088 0.0001500230253814897 0.0001921593666854219 0.00022085073445087707 0.0002175777260459298 0.00018105057802630963 0.00023054457514849944 0.0001279886765131249 0.00021783569407522974 0.00020735294508074367 0.00021367516521564458 0.00025223455884919305 0.0002216988334329065 7.331525125446612e-05 0.00021791484051129412 0.0001657732572673586 0.0002324319230455686 0.00021353382448904807 0.0002528467853134583 0.0002481412913535945 0.00017748719063904192 0.00023822398958903292 0.00015188632216660825 0.00025581172947848797 0.00017472591861146164 0.0001525619391219126 0.00023427610237090137 0.00025244581130562816 0.00018597370540534753 0.00020756305713644279 0.0001872048948741877 0.00030557970615880954 0.00015409858807490605 0.00022702463130258916 0.00022328345836325668 0.00019709584743656458 0.00022478666576419487 0.00018591506600577437 0.000147744246770239 0.00018080440813063715 0.00015202715458489488 6.306472189300473e-05 0.00010097833803929908 0.0001200542086817003 0.00024222911065718876 0.00027326440776405863 0.0003057554383407767 0.00024459419425616757 0.00015014512627729246 0.00011665305625077035 0.00012772593266017454 0.00020288339692357883 0.00023837387179144966 0.00020372781400971798 0.00024018485705595713 0.00029692818401374875 0.00015112744975262377 0.00029514344622003785 0.00031363800832622955 0.00025567720770895626 0.0002789734171937805 0.00022465617797485686 0.0002642266629614352 0.00022774739612880878 0.00031379884719937197 0.00013535101622986524 0.0001244435138657948 0.00010708315258465626 0.00013435668786555038 0.00032153733463479784 0.00039580002644117425 0.000322820352591159 0.00018709505095984336 0.0003044445885869482 0.0003058068371909043 0.00016190034235631775 0.0003107943160039879 0.00015416037692380318 0.00018826640753709376 0.0001740085849050734 0.00022197099305337487 0.00018997099922757877 0.0002710603557725136 0.00014123872135753536 0.00014372415991071026 5.539607827329344e-05 0.00015955309351071834 0.00023752510230990915 0.00014456718374488437 0.00012650660188428682 0.00020816325226732872 0.00018550648177463787 0.00014042116548899398 0.0001524576356391959 0.000280912204139205 0.00023163801490540137 0.0002491721700444781 0.00015918457721509198 0.00026398602235088516 0.0002197687810065205 0.00021603863425434663 0.0001501070788863696 0.00011763119428629992 0.00014948432644896388 0.00021958571283318902 0.00019529799458246251 0.00014359311705413642 0.00022995434431265067 0.00021360199366223377 0.00014371348657618138 0.00024212855690754 0.0002460745133320642 0.00010099359094023526 4.922386532994271e-05 0.00021113953008321384 0.00017937807909115648 0.00021083794514273641 0.000164354445914181 0.0001301359331731329 0.0001343143292867872 0.0002036169056142838 0.00022675150684501883 0.00019489810931887664 0.0002451267372372026 0.0002549934093775784 0.00026590337214966536 0.00025484019057397836 0.00020153183319045954 0.00017234453276259603 0.0001893570679528777 5.728036955214379e-05 0.00016449854402639618 9.761044804737948e-05 0.00018474138087847433 0.00016102172757707722 0.00020987525018952648 0.00024919735305586893 0.0001846435864593619 0.0002801250033383733 0.00027290237803755053 0.00014548441047225778 0.00022479446633860212 0.00029626958254256995 0.0002176523950707067 0.00024261805088649177 0.0003054424380455014 0.0002322597848682118 0.0003066978269619628 0.0003037723224002713 0.0002841560842845328 2.3164900745645068e-05 0.00020359893733544135 0.00010896345242734248 0.0001241805270438518 0.0001560315305365374 0.0002170381103641941 0.00023065923250476666 0.0002734298896324224 0.00022626930675021775 0.000174202425482636 9.182232659906605e-05 0.00025524233572617975 0.00024399100834297512 0.00020260721030225211 9.368613011203834e-05 8.51705828370277e-05 0.0002665915438321757 0.0001528849567383438 0.00019923790290018176 0.000216630930127923 0.0001650041050852634 8.839668022674361e-05 0.00023815752383360658 8.35026987740131e-05 8.496981430780796e-05 0.00015652010763711675 0.00014933439720323283 0.00015534276016178773 0.0002421101239685345 0.00013062424430255087 0.00022849972690630192 0.00025245570889267965 0.00024092557725379204 0.0001634548876166145 0.00020862745270054965 0.00014640263764672512 0.00020130579283789826 0.00015822613164816866 0.00025673836449831397 0.00024004746966646331 0.000241264013646439 0.00010183092857215979 0.0001650445570874567 0.00011778916789015976 0.0001356017853200234 0.0002657766889582904 0.0002109699152060165 0.00012541474668925133 0.00018203322554588572 0.00018511970655886762 0.0001627272950170645 0.00012109612657831723 0.00020897803693168776 0.0001429887041427798 0.00022559798098841497 0.00019348236826860173 7.174708221158893e-05 0.00020467675485315493 0.00023833162152943203 0.0001701218136252022 0.0001869509429846794 0.0002998638311829077 0.00024029014798660536 0.00023775297314873004 0.00014030486535380554 0.00017295209297965504 3.346547202502962e-05 0.00024465288343388165 0.0002656781888342314 0.00014599505465219236 0.00021247020193896927 0.00021084651095388846 0.00017714734184762993 0.0001798835077166818 0.00015982554222384825 0.00025632503183809814 0.00013215591329017703 0.00014745416059786602 0.0001835059578637341 0.00023583486668305034 0.00013465721846095828 0.00011077630541693096 4.9665860369455225e-05 0.00022359681610178102 0.00015971996495753223 0.00020707751551947177 0.00021078554333686273 0.0002058823907850953 0.0002235033817452696 0.0002485433602370021 0.00010123436075357247 0.00019864750302409046 0.00021079700546338848 0.00019896796985027058 0.00022940605249539324 6.643093012113605e-05 0.0002450034890457665 0.0002350403576409738 0.0001682789633324131 9.282144907404249e-05 0.00024300347735254575 0.00013456384873732752 0.0001808008551933985 0.0001967195629495902 0.00015510924101347533 6.914243768179801e-05 0.00019737018471273089 0.00026764332961127434 0.0002599064473454625 0.0002498087917238693 0.0002975283786303797 0.0001297761751071985 0.00016468260171302078 0.0001646522254900947 5.131400263131153e-05 0.00021410254685308696 0.00019866577968739846 0.00020635398759216586 0.00030614598947071523 0.00030649074794710115 0.00026989945709061854 0.00010374638617825519 0.0001492000713232924 0.00018360626069260274 0.00027980742152578186 1.8654343572423317e-05 0.00016435011475785937 0.00020350722979587448 0.00024303709399686654 0.00014707855200592453 0.00018858787828457494 0.00015904846856578569 0.0001817769989624502 0.0002319440031843968 6.358043153756367e-05 0.00014275931533252808 0.0002520325548378352 0.00025668083220509587 0.00024462310442334147 0.0002827750094333277 0.00021810223803467318 0.00016851133766575152 0.00014515386195893015 0.00016098813022203082 0.0002459408844074988 0.0002809778024377474 0.00024505528879935215 0.00023370889304994972 0.00015422488478440645 0.00015712021477804733 0.0002707767696668338 0.00023723095796073388 0.00027552809258304446 0.00017131599114610885 0.0002979906044649293 0.00015463270414257574 0.00019579916103647962 0.00023387734534080986 0.000294142820474792 0.00014949482450205177 0.0003004589306556764 0.00022171171195677105 0.00022232638733133659 0.00012505170073544536 8.511759539562171e-05 0.00018854398400742448 0.0002090179820037261 0.00012400719685273434 0.00010019044136384058 0.0002680656657703557 0.00034883576494247034 0.00019666360544573337 0.0002102130446377195 0.00017941335838160056 0.00016127155507125442 0.0003396441348748255 0.0002280083295364818 0.00024463746280981616 7.781277063589323e-05 0.00014765236361893432 0.0002507498280260732 0.00013859767577146723 0.0002800616821952858 0.0002970165648342032 0.00017854736514423365 0.00020304945971317114 0.0001414694561848615 0.00025815417031344577 0.00015452662903728173 0.00021971729717350908 0.00021881048087451566 0.0001515382762279941 0.00020381491140228225 1.4266167965404315e-05 8.978698917350981e-05 0.00021948426529366398 0.00020650098298623321 7.003461223224244e-05 0.0002498005303318118 0.000262934624444243 0.0001820523089842409 0.00017076978532257317 0.00021195987482143823 0.0001768490367399094 0.00014439360529957987 0.00017079082071398916 0.00019204786068586618 0.00014141512035260545 0.00034838320914501935 0.00029093478731720814 0.0002825702647884318 0.0001909124584733334 0.00022506716760753258 0.00027761791745126537 0.00010413146680441992 0.00011823272072913404 0.0002038627346229408 0.0002152802556322988 0.00023927617116493465 0.00023873327826296102 1.790459253889733e-05 0.00021032030471384655 0.000230743170416609 8.79569029254504e-05 0.000323300386718475 0.00028154619446986564 0.00016525309527027718 0.0002291304060769247 0.00028940745345310416 0.0002654740964251523 0.00024252404561678006 0.000259656606658041 0.00019047534289958655 0.0002258699345353124 0.00017283146036271827 0.00011244740865147842 0.0002541561408175403 0.00027171149833372823 0.0001773585580716752 0.00020667648503445166 0.0001553965390107792 0.00024127060062248743 0.0001351925188843417 0.00013717352667062604 1.0540925533894598e-07 2.726707346744639e-06 0.0001626787342589687 0.00023299103456513956 0.00021650686830025715 0.0001278496198611654 0.00019341064536221425 0.0002639767167470547 0.00023746335904566417 0.0001079187190933127 0.00011641417865830159 0.0003003761850186969 0.00015867055498235057 0.00028777449835868215 7.6285749447587e-05 0.00028945230908862426 0.0003316130837276418 0.00020675507202839817 0.00021813710776776577 0.00024344891039674527 0.00024217370318484413 0.00016815581855392992 0.00015900689179952523 0.00020828354383085586 0.0001399887083897844 0.00022528382143787966 0.000200306295384532 0.00020326659408025907 0.0002554713913404124 0.00021677120896109234 0.0002756200702006816 8.81809189522908e-05 0.0002656651498038159 0.000218341681697462 0.00025348636640144616 0.00016377077869357638 0.0002671027556247783 0.00015464936014081507 0.0002063165191818231 0.00011795140328074125 4.187052296098546e-05 0.00012393053317847583 0.00013816240313592747 0.00013791775318474392 0.00023038771863028085 8.864427874370854e-05 7.618658264164132e-05 0.00020827453552903658 0.0002229518509973225 0.00023672733016288415 0.00019813739105231223 8.768243650513024e-05 0.00024317429889047704 5.525091903229607e-05 0.00015198305278894112 0.00012033950274020072 0.0001660078549259444 0.0002929976157254917 0.00029567954802776 0.0002658536379558188 0.0001877125126122854 0.00020192065796896077 0.00022592750125693546 0.00019887758182045954 0.00027629349147094103 0.0002870451672109107 0.00010470381386357602 0.00024149324981272765 0.0001626302015306142 0.0002294337651488288 0.00017720447262892597 0.00018773664017246366 0.00023385299597013015 4.786756162212162e-05 0.0002490264286228001 0.0002819954757352785 0.0003406477954782694 0.00021446964895964756 5.00929159794617e-05 0.00025904864766486434 0.0002693071211498284 0.00017100269137056495 0.00016548912040049171 0.00018160470944962286 0.00022233935829389098 0.00018758953514657164 0.00019537080301475045 6.839128008714918e-05 0.00015319103571618823 0.00016722079465871932 0.00025101312066031086 8.85111766926956e-05 0.00021865181758756665 0.00023502055254987576 0.00022308201475223604 0.0002405236832195773 0.0002363605095684801 0.00023362695789142624 0.00013490498226483347 0.0002582800554111285 0.00021429134661717368 0.00018225688516089312 0.00021702948088475298 7.66988341228864e-05 0.00010424021891213726 0.0002572674132401376 0.00014957035265018034 0.00021345806757692095 0.00017612051261862646 0.00018443854548085982 0.00020982103051881562 0.00012718025467976554 0.000309449548146207 0.0002503797110788798 0.00010909987044950549 0.00018240191599203307 0.00026493514095192157 0.00020591912353796213 0.00011336566875237791 0.00026388535286453663 0.00016854243494700537 0.0002770601414648739 0.0002863672281959549 0.0002663958870823363 0.00034390241268683267 0.0002158470649406393 0.00020323072049599508 0.00011102646633235105 0.00012911275975776928 0.00021708184140825415 0.00019711493872062288 9.166570511063058e-05 0.0002097762300411431 4.6749974345240946e-05 0.00013958527535099232 0.000229613920575887 0.00017507462475901004 0.0002034020190941432 0.00026811762718012815 0.00013170266406610848 8.198425714910058e-05 8.185449281543659e-05 0.00017123445906507123 0.0001496798244637674 0.0002460259508525411 0.00022446060504851121 0.00027893024079090917 0.0003059730393000469 0.00014802970785741162 0.00031245417029569534 0.0002632937831561104 0.00029374647494760306 0.00025775649357003455 0.00012127129465861234 0.0001788716672126643 0.0002028040489119819 0.00018520616897552976 0.00020645625843171008 0.00024185658369918912 0.0001219856312929617 0.00030727863051688997 0.0002846028129326772 0.00018326545662488902 0.0001562488354407619 0.00018292405086054922 0.00018484951057843753 0.00019603166483962367 9.044208234134589e-05 0.0001530213071479936 9.458457715642381e-05 9.010713895247986e-05 0.00017739648383765638 0.00025175468531138514 0.00019375525750948974 0.00017226112905197518 0.0002269729565598293 0.0002454698562926632 0.0001329147505791337 0.00019542055629401963 8.00645377488684e-05 0.00011567122653602812 0.00024176150376413298 0.00020921395531042872 0.00024829684950021877 0.0003440008155860926 0.0003678265510670416 0.0002896755745291972 0.0003162244822540811 0.00024059242115271636 0.00020544875283805183 0.00028178635700905835 0.00023276766359808486 0.00021799320586777217 8.660527449240113e-05 0.0002959295368352605 0.0002622524786627069 0.0002958582564403305 0.00010179277336922225 0.0002646258053533661 0.00015526414126592643 0.00018594366178068761 0.00025771240777094196 0.00011223255447480256 0.00019870132579068688 0.00021476470648477267 0.00021539011681658493 0.0003042910886465903 0.00014062557014623777 0.00012565211329563955 0.00028415073354841217 0.00026091162821895717 0.00011379347640049119 0.00020563806084939677 0.00019010944634778097 6.358492831372066e-05 0.00010194556564281725 0.00031365255722737246 0.00013478693725160726 0.00028813303291111214 0.00023180083451324545 0.00025165097366165853 0.0002441636485490736 0.00022797682191885807 0.0001481245062981907 0.00022955226346909485 0.00028083017058647255 0.0002993935148027943 0.0002974523972696077 0.0002544197563052968 0.0002233747324345325 0.00022101508343145928 0.0002881497589594561 0.00024188750369258448 0.00018274864391274565 0.00029576129352406623 0.00022534536240760968 0.00018299060440481627 0.0002147764059585071 0.00022716652170298645 0.00022980932855307435 0.00027570387803226324 0.0002266676872626536 0.0002957078242307714 0.00011733612360984582 0.00021692365133998303 0.000170012580141812 0.00013784449533309974 0.00018232936740670845 0.0002429301417364981 0.00019508175339266986 0.0001769459945257456 0.00010338349759386242 5.7792837251665945e-05 0.0002869645913178895 0.0002411590580190307 0.0002010872269734269 0.00019082794870856914 0.0002449292897173982 0.0002370726080613419 0.0002377288695491816 0.00032147983414652356 0.00035448667741417884 0.0003313099415761143 0.00021845108186166316 0.00019205453978147162 0.0003358637880380963 0.00029581824197612966 0.0002606899330513301 0.00015894977350685614 0.00015535634187561603 0.00024283682988261054 0.00023505343484011816 0.00021155199892857246 0.0002558959718999442 0.0003276138211148873 0.00026121164038920425 0.0002533142949400194 0.0003057435386998293 0.00018864976762471603 0.00019767961947516412 0.00029352927319408465 0.00019609502235389394 0.000303835819210612 9.626277465256725e-05 0.00032839419734675284 0.00031514587103580633 0.0002407168745474407 0.0001481585001674421 0.00034740710928434236 0.0002915910291191803 0.000281184740998591 0.00024455278843728506 0.00016188966826733556 0.00025519725021576296 0.0003444046116457366 0.00011963002297409935 0.00025861659317342653 0.0002678547466255057 0.0001555730187052104 0.0001002439327502709 0.0002786366448313648 4.4209463560368785e-05 0.0002679708885769871 7.273635441756298e-05 0.0003337893331756938 0.0002519970716491889 0.00020792870035739945 0.00032455188270787263 3.483533031104046e-05 0.00010656134296587122 0.00012434636676185863 0.00033556930893076316 0.0001290623296634783 0.00026198105119010895 0.00033180744297608804 0.00022286993986527645 0.0002650565570068977 0.000263204755797963 0.0002456620992085109 0.00030014682053665104 0.00023576376074597235 0.00015338785553183995 0.00016520351175148084 0.0001364460058209604 0.00023329896390907512 0.00019796218746157996 0.00014797911336915444 0.0002578571706509117 0.00023697423252998145 0.0002903194567470786 0.00034498768208020427 0.000174436669624376 0.00013836341985678428 2.241511271898475e-05 0.0001130307101178855 0.00032984625796397187 0.0002276480441707421 0.00024960769384387786 0.00016051842583756203 0.0001023441443978183 0.0001747907297774716 2.933363941704665e-05 0.00017201769771474173 0.00010085005177864715 0.00013303880553206004 0.00015415847517916853 0.00013116138957889402 0.000163914872136202 0.00027403277971271665 0.00029154876306977114 0.00019340842200052667 0.0002121088642001108 0.00023881257888443182 0.00035382161437750773 0.0003217401239091348 0.00031338452222908565 0.00017060625262492785 0.00033003846837133656 0.00021290198727721933 0.00025991050562508284 0.00029010719918072905 0.0029525412465343606 0.00034063690497005035 0.00011811527128790916 0.00028191909227196995 0.00016500029402816285 0.00040241827761353745 0.0005249706502626144 6.32043386506425e-05 0.0003139291362382315 0.0001857523662552157 4.9378084221403655e-05 0.00011157999584594328 8.286241470502716e-05 7.750165030723612e-05 0.00026286416331003094 5.674784317400869e-05 0.00014136869528391964 0.00035502171199724644 0.00045811270562287447 6.954854878041367e-05 8.820745270442031e-05 3.730175532040716e-05 0.00010608531562348712 4.76825185663976e-05 8.372622936366546e-05 0.002022082749029167 6.971733292576496e-05 0.00010915015747512521 0.0001261351773170442 6.949426469549902e-05 9.114195899203032e-05 0.00010383895825072869 9.799503454757213e-05 5.13997085605903e-05 5.538382050788387e-05 0.0002301442082070439 0.00011826920284423348 0.00023898901172165124 0.00025562624019159557 9.482703056654325e-05 0.00016727717914562365 3.676105061694855e-05 0.00040260054140731744 0.00035915627602581577 0.000179756801246965 0.00015013108088352624 4.0936430604534874e-05 6.665982355021712e-05 0.0003761035946494142 0.0008414704297698234 5.05865847253105e-05 0.00042373068725112947 0.0003182887588745424 6.167906770788343e-05 8.261098448271247e-05 5.7937973114097316e-05 4.519230118568956e-05 0.00011034205011444379 0.00010674909095029843 7.358760640484031e-05 6.75549718192989e-05 0.00017970578317226207 0.0006743690484125154 0.0001657735993651246 5.604884469459291e-05 0.00020479610237046576 8.493128523527705e-05 7.245982604070843e-05 0.00010851672071277307 0.0020055180359330673 7.730897865212132e-05 0.00017787377680161828 0.00021769936696536995 5.6057682368120554e-05 4.970820118733353e-05 0.0011743773725942544 0.0002431314686046301 0.0009976552804460482 0.0005635106756092826 0.0005949415351121704 0.00014365663234447668 0.00047416153326224216 4.7342370108846316e-05 0.00014954404298526386 0.000748977663380907 0.00017040384045021202 4.98853610755839e-05 0.00012772862810479717 5.103273526781413e-05 6.030514250082885e-05 0.001237805953870458 0.0009057070918352833 4.798733894695882e-05 0.000335215552672646 5.279619141635574e-05 6.893879477957639e-05 4.916450651724857e-05 7.784261589093607e-05 4.662336048200796e-05 9.944405939136302e-05 5.504728739700565e-05 0.00018265150303789387 5.888089228321385e-05 4.790582655028351e-05 0.001580064086824611 4.278171230568696e-05 0.00027385452362895185 0.00020989145452620639 0.00023479441574586861 0.00010464459952988367 5.1441159148619804e-05 0.00010688043476548091 0.0013384526822366064 0.00012069016122360436 9.260057226411209e-05 8.916115022918887e-05 7.061723593939571e-05 5.076576017190935e-05 7.30750976374862e-05 6.465960484740346e-05 5.2286047142878035e-05 9.955883803931113e-05 4.5223993232521407e-05 4.504850569522299e-05 0.00011613898217036372 0.0003589915912862089 5.948686694909241e-05 6.905290980113688e-05 4.915965540877446e-05 6.69449344043677e-05 4.31709545202967e-05 0.000356197272672511 0.00034915378029316824 0.00026574274848961763 0.00012521061690029065 7.000490671649682e-05 4.541998630473856e-05 0.0001312742842024186 3.700507380234055e-05 5.3684828130004536e-05 0.00010287159495531811 5.69030837781308e-05 0.00010567029086275784 4.024903407863368e-05 0.00035127326761563287 0.0003893478194753628 0.00011368109633257577 0.00016294312573905597 0.00014168702902229915 5.179123688153081e-05 5.100785548449209e-05 6.114585289388114e-05 0.0002878028848155336 9.815434337386168e-05 0.0001429367817946633 0.00048516467639842984 0.0006123899735727337 6.244721838711062e-05 0.0001035599586176818 6.129985200072318e-05 0.00013584861711069825 6.345674161583566e-05 5.7303430049268105e-05 0.0002167590296923961 0.00015050171553311202 5.270062243295755e-05 4.420663738964081e-05 4.597585374281017e-05 0.00026862618749771115 4.1180259395571173e-05 0.0011797874252491485 6.0124414724247066e-05 0.00017357217812338747 4.285645255708626e-05 0.004872749506957654 0.0006340889633608723 0.00018053001250481422 6.490445499864079e-05 0.00028118671572756787 8.576683865096724e-05 6.365363312027057e-05 3.880934600098305e-05 5.4490714673861535e-05 0.00013346251997551804 0.00011178848538585185 5.59036080788961e-05 4.914652808882209e-05 0.0004405521018437754 0.00023145288700054167 5.738350244310928e-05 8.561418306470657e-05 0.00011498892265790795 0.00022114719999651516 0.00010064202242984764 0.00027688481276806723 4.9426721634224e-05 3.2050743944271136e-05 0.00020250329032662042 0.00020482950541378194 5.0908023104364106e-05 0.00015629406626440276 8.427628986182472e-05 3.7958023979783916e-05 7.2292945179999e-05 5.512067267038805e-05 7.425024813750261e-05 8.067415467717196e-05 4.5977887223702686e-05 0.00010166159916990296 5.904831169686317e-05 7.131687189161307e-05 4.4126789976731786e-05 0.00011689757046881992 3.342346098420602e-05 0.00024111659202139451 4.355940201694878e-05 5.836599216775401e-05 0.000713102872096865 0.0003584821000535255 0.00010514647047920159 4.3987657102097335e-05 5.515408250626593e-05 0.0034477436595252643 0.00019051349382252997 5.2375385339597056e-05 0.00012308262410943386 0.00016841838596236332 0.00013445530244197382 4.980071396227604e-05 4.109790389271252e-05 0.00016458593995301348 4.732142863437662e-05 7.539536515857224e-05 5.685562021362549e-05 4.591908072356744e-05 0.00010419440810621111 0.001372505398544498 4.2620013463791275e-05 6.14250082729953e-05 0.00021903758897461197 0.000498901522867226 7.422062379437537e-05 6.302450780493494e-05 6.484322307504647e-05 6.169257576633868e-05 6.773407637309227e-05 4.887133378578152e-05 0.0017234263391597798 0.00044003203880550187 8.832417978677205e-05 0.00025568546829264117 0.0004365911054571393 8.401413420511099e-05 4.916231731516396e-05 0.0016437882245910447 5.957874201054896e-05 0.00018722867989105627 3.89612961586876e-05 0.000940160408796345 8.593531002763782e-05 5.2300448884826456e-05 0.001493212245357563 6.372784823290742e-05 0.00078568426642129 5.122435864499077e-05 4.3170818909593e-05 0.00011708885305864706 0.0003348481899651064 0.0001768436984273862 0.0005408282479630542 0.00014099347371559603 0.00019883166559093353 0.0002031125813161887 6.933590181054037e-05 0.00025073413397773685 4.176846225168947e-05 8.196932002308796e-05 0.00017844199399956673 0.0005415377349166633 4.334504931612399e-05 3.8047216691756576e-05 0.0004964035483123678 8.949126284019652e-05 0.00010445226006826973 0.0005912380652079066 0.00035248671656378547 0.0004305616978113478 5.274695095721658e-05 0.0004704973209130567 6.292868608155522e-05 4.1875920136505686e-05 5.2303246411373284e-05 0.0012063674353742632 0.0007242415892050898 0.00015177100249102313 0.00015312991398658515 7.011889207097565e-05 5.09507729549148e-05 7.30695573058493e-05 6.917981582725774e-05 0.00010180084167817618 7.228443549923903e-05 0.00010499466886678048 0.00040120494169657895 6.437442562054901e-05 0.000414385016509559 0.00012379173532758506 0.00010806809230705418 0.0009414134257898389 4.8267812571928117e-05 0.0003427741179878634 0.00048102579294912796 0.0003897322427961674 0.0005115384363409385 0.0003705219122409488 3.9282719651134706e-05 5.5786105685824666e-05 0.00017532705620797932 0.00012416681502940108 0.00010305068140975219 9.698710849373049e-05 5.2003004958642787e-05 7.560640980177004e-05 0.0002722043026890016 0.0002336824013066777 0.00010629938393904284 7.942434894012963e-05 3.8781238136594144e-05 0.002101615567386403 0.00010160246568514176 8.275369028612412e-05 0.0003479347747425545 5.0687112942776785e-05 9.143354790343165e-05 5.202570162816846e-05 0.0002667619994467649 5.7324691589405585e-05 5.1845465406221804e-05 0.0012278736812508515 0.00038653811735133624 7.011975006483988e-05 0.0008573344488944266 0.00013764630563705487 7.6861104145893e-05 0.00027732173525535006 8.180687666998346e-05 4.424306612267917e-05 6.586832060090917e-05 5.106254564870371e-05 6.500223044066979e-05 5.407865385102385e-05 0.00025357747153065605 5.081538705001232e-05 0.00010268315012859715 5.046249226791931e-05 8.71543361349691e-05 0.001553060433451644 8.625713162022794e-05 8.543015599885633e-05 0.006516457474966571 0.00018797635620663303 0.00019564076152744987 7.80067189644458e-05 5.758216594660084e-05 5.7805209456426595e-05 7.340111619589076e-05 5.8998017239862024e-05 9.284207398233789e-05 0.0002540412771793684 0.0007676783727710374 0.00010423381167858067 7.264773709654894e-05 0.00010655800415322959 4.727215015232829e-05 4.163477048772735e-05 8.670122363453574e-05 0.00037851029730831483 4.5123813766659724e-05 4.329002301129358e-05 0.00013339514035603462 0.00020487756761319121 0.0005214209913065092 0.00010548854268350916 6.052252519696566e-05 0.0002062816959613655 0.00013691703265714757 0.00023159209117694309 0.00014027629745217327 9.026555143060954e-05 5.3542788526924484e-05 8.738893395927905e-05 0.0003160732765112023 7.93747238073908e-05 0.0002584013051293768 9.59181562716341e-05 0.00016695059901631316 5.385015461635669e-05 4.975644779508687e-05 4.093883231797832e-05 7.426032880303575e-05 5.544665297390313e-05 6.391779062251772e-05 0.0002976954036731506 0.00012652730999040517 8.353405888726585e-05 4.316439783221105e-05 0.0003907872275968696 0.00031677157093562027 4.554332510551279e-05 0.001594453453670513 9.557922283671578e-05 0.00011690128015151802 4.3874811810483386e-05 3.817638043766089e-05 4.334428865063263e-05 6.978152375642644e-05 6.27570651938057e-05 0.00014710234146384947 0.00035660410185890483 0.00013534254167246702 7.679807954693557e-05 8.094617334789403e-05 5.6639436632691e-05 5.9352506609433607e-05 6.99916017389805e-05 0.0009447690030825771 0.00025859087415102495 0.0003273970621472888 6.092136087838997e-05 0.004482792159140489 0.001944441694836564 0.0003797110818867511 4.836556465903005e-05 0.00013387288306120204 4.812970107990951e-05 0.00012514130372394722 8.140212564603668e-05 0.0014117233152587043 6.504691701946573e-05 7.393482217249232e-05 5.375790433547012e-05 5.843465733756356e-05 0.0003481298715698576 0.00018502702189349108 0.00017428769643262456 4.528444339471393e-05 3.654960512905098e-05 5.147234497651092e-05 4.728909162014007e-05 0.00022086712308505544 6.016668022659139e-05 8.609441177980785e-05 0.00010088816476255264 8.427300144671636e-05 0.00019744882753645876 0.0001215837082001897 0.0005513549552085528 5.437122043052242e-05 5.369480754290999e-05 5.0282803675359515e-05 3.7927084490815966e-05 0.0002351624698020783 0.0002818416258042073 0.00027026506132292547 6.642245479017706e-05 4.0122938466807066e-05 5.903081630461851e-05 5.027354087356154e-05 0.0016510306891415667 9.645816742559387e-05 0.0010250034649901263 4.770148379688577e-05 0.0002456386535622969 3.795573318087036e-05 7.026068100245307e-05 0.00040429614598915534 8.169797709219876e-05 4.416778046185765e-05 0.00010935806393193001 0.0001266559033798911 0.0002170199920842272 8.144937999936342e-05 6.748393290711243e-05 4.512878169270546e-05 0.00014196854334029137 0.00018493880705806163 0.00019795753392955654 0.00022219296698722281 9.90250112526849e-05 3.940347942214754e-05 5.488491635106266e-05 0.00022477951026178756 0.0001226958921249341 9.656837419857997e-05 5.2814255693986024e-05 0.00035424639675053304 0.0002669699947619527 3.890293508808236e-05 8.201811145631958e-05 4.632795530596034e-05 8.234647724366108e-05 0.00017881098552885335 4.365953593871925e-05 6.355860076256343e-05 6.963597250032427e-05 0.000783761736954425 6.911743887589569e-05 5.463624426154348e-05 0.0001010950302216797 3.97372822392126e-05 0.00014201146330715574 0.00048442101778248037 0.0007439530952859102 8.092323699988585e-05 0.00010925684366285454 0.0015271593774855092 9.86909503206656e-05 8.928263420759604e-05 9.514333990371418e-05 0.00015065142177042305 5.397796190840004e-05 6.285519084074199e-05 0.00010985712212699465 0.001257905692964807 4.30424186297688e-05 0.0010005129050968502 4.6635829444110044e-05 0.0001650243680568196 3.994908276250615e-05 5.849718393998936e-05 0.00011131425184819372 6.383918969680897e-05 3.6490545975012065e-05 0.003535440320303998 0.00031948034695247985 5.517221241314121e-05 4.0837181141717e-05 0.0004254676583014983 0.0009225171261824676 5.061403282620233e-05 0.00027945715355868757 5.665701051495238e-05 5.6462649294939465e-05 4.3817152250944095e-05 0.00014143458498984044 0.00018941017225661044 6.345041890154463e-05 5.232692331375176e-05 0.0027618889707660523 6.136055092174554e-05 6.569622332613827e-05 5.7004100166668585e-05 0.00012605515345634756 9.287369673165396e-05 0.00011476590889682257 0.00044522245618254215 0.0003402171315670838 9.447982995103311e-05 0.00015789663876995932 5.299419874316399e-05 8.396097240628683e-05 7.404132150793233e-05 6.289264738162612e-05 4.100316355169449e-05 0.0002209819860482791 0.00021534211080637537 0.0004281988063961373 7.521921149041635e-05 7.05162609025091e-05 0.00026860482146543976 9.71750672124344e-05 5.3623817012079726e-05 5.532455743313931e-05 4.862134688148451e-05 0.0001393716354948429 0.00020652108059057906 0.0037861074263890846 0.0025560345923572674 6.1090483221183e-05 6.270576317235359e-05 0.0005925074981726369 0.00013939940754522563 6.205736603038634e-05 5.680661702860088e-05 0.002826632598793396 5.394962051630988e-05 5.224504199039566e-05 5.0495216824282545e-05 4.492448170928965e-05 0.0010441255403833912 4.338906130659835e-05 0.0007707266475141694 6.066607779799992e-05 4.43425318987389e-05 4.786433661579158e-05 8.901883137269505e-05 0.00017079893914968928 0.0008463805582411847 7.26069725342058e-05 0.00027213135852881195 0.00024170728415617935 0.00024892185579150703 5.67839137182193e-05 8.800830669623934e-05 0.0004916243781292817 6.224894887351458e-05 6.452668990394427e-05 8.919100651889928e-05 0.0002910685254230989 4.9281560422575484e-05 3.651347942237655e-05 7.3089169847958e-05 6.137560135794277e-05 7.962600647342756e-05 0.00015645858469958082 5.1054668732893005e-05 9.780275057955619e-05 7.215349778996929e-05 5.144983149759655e-05 6.181718081529695e-05 9.226262246675657e-05 0.00022007046274599395 0.00012717262194675546 0.00027347441327597405 0.00020205597435026229 4.386448956158671e-05 3.800565367364629e-05 0.00012535263480643495 7.957103453287739e-05 0.00017471242113319677 0.00023621942228031412 6.313334598168209e-05 0.0009017622837555678 6.97109185903846e-05 5.201961343772185e-05 0.00036210554843650274 0.00010020459050527703 7.927890482195084e-05 0.00011673801399762757 5.1328160123289235e-05 9.97594961323018e-05 0.0003976132739318525 8.989361725390145e-05 0.0001741558204187237 0.0002298373063671769 0.0002348663943505587 4.735256221862572e-05 0.0010288877647041516 5.31424149354333e-05 8.744107091602792e-05 0.0001372365756118384 6.331184061040885e-05 5.694533106774733e-05 5.7342662361324094e-05 0.0001238384621736543 0.00014229592683496554 6.015726729120104e-05 9.373943711390627e-05 4.983738969299692e-05 0.00011410713483993603 7.559889200907453e-05 6.898466255657482e-05 0.00015383236526498196 0.00017875585181649473 0.00030341761210499446 0.00012817150520746858 0.00031402615581461877 0.00021653042286803737 0.00010850884661657758 0.0001420988847458194 0.001644987915309011 4.7297636451461674e-05 0.00010392622959501105 8.237850232460032e-05 6.18412840223943e-05 4.4597476702509694e-05 0.00017692491681990853 5.27624252235422e-05 7.804579196101412e-05 0.0001532925123426438 8.154501802881575e-05 0.00011465885012796177 7.822564981779483e-05 6.64147795662529e-05 0.00011862491742171914 4.273713495375809e-05 0.00028007699178334954 4.740092608486786e-05 7.166055989621414e-05 0.00042766107236453404 5.74748275825363e-05 0.0007098575185702281 0.00011191088334934098 0.00010690658896577812 0.0015602712595765619 5.844225954624417e-05 7.019555157324961e-05 0.00010930317968938523 7.275566525768472e-05 4.468312671155743e-05 0.00011098843356459017 7.534529529720188e-05 0.0003689877993098325 6.494955700128515e-05 0.0003201257472494973 0.0016770513682449278 8.74436263877445e-05 8.901599609477082e-05 8.147101633173405e-05 0.00011810416471226247 0.000119929693358241 0.0022607560506145955 4.460450383283557e-05 0.0001330024803730551 5.579719230860951e-05 6.451292492657348e-05 0.00038308283414395045 5.180194401994182e-05 8.877716533846226e-05 9.08009182391356e-05 5.552189826948869e-05 4.10223355511318e-05 6.540866994827471e-05 0.0003997775687062339 0.00017116447005961825 6.537680219549244e-05 4.6963021592923376e-05 6.375635138487395e-05 0.00016029821912779413 6.954041097193642e-05 3.4985107124240025e-05 5.78584272398592e-05 0.00012888764155606966 4.982052269826804e-05 0.0002964679299299683 4.555883846713098e-05 4.898685175185913e-05 7.808902548071608e-05 0.000214487566338132 0.00019631665682694958 9.628861874652081e-05 5.347828324784848e-05 0.0003895939596603367 7.079267846765879e-05 0.0001099089248802361 5.682020040056246e-05 0.00019085997632579328 0.000252023094710061 0.00020511717051996536 0.0010886698271738138 8.075927939336543e-05 0.0001812298312706557 5.273089262274994e-05 0.0002860408474752733 4.870499781474787e-05 8.389335102124648e-05 0.00016175464434934643 0.00014369691201380675 5.994466064200731e-05 8.148647321078638e-05 0.00016098770940498508 4.6473910414076904e-05 5.305393364810301e-05 0.0002266315176840202 0.0001587514811172118 4.728893667299295e-05 8.17755237821019e-05 0.001114676219552248 0.0019430666383605205 6.940303906420228e-05 0.000112722462397167 0.00026151768693726256 8.435262320424519e-05 0.00013066236253747083 4.5080996223472214e-05 0.00011725526002330561 5.218092070310171e-05 0.00039818254671873725 8.66866584612884e-05 0.000131215416899091 0.0004073166215801021 0.00011417930563507528 3.999499609841042e-05 4.849124171925344e-05</DataArray>
<DataArray type="Float64" Name="g_contact" format="ascii">1.2251028536521078e-06 0.00024909236797631 0.0002489502857656373 0.00021417414907937786 4.153958093064617e-05 7.6752169678403e-05 0.0001257334875965192 0.00011343991843008559 0.00013175430674350677 0.00012453195611582352 0.00019034068767981917 0.00011451279932924378 0.00021060719154498262 0.00014759330159056614 0.0001729745714425607 0.00015823820991066537 0.00017071454965851107 0.00021130967768811466 0.00022949541624317537 0.00013866949064592218 0.00023176126044837197 0.00010724664931525877 0.0002149837259087041 0.00023187217215962615 0.00024222652880034879 0.00022491590729053278 0.0001574138297045627 0.00022722973215501643 0.00019464657247405452 0.000141490537475876 0.00017850655255021285 2.2292785504166834e-05 2.3760914810253662e-05 1.2316924470549406e-05 0.0001775706540879637 0.00023709199960089474 0.00014793958152283703 0.00022102601357991728 9.332078993158548e-05 8.095582440754185e-05 9.427384808551797e-05 0.00021374284769766033 0.00020178630528164404 0.00018731718393032095 0.00017872808311913816 1.1801631921491135e-05 0.00018428838470083725 0.00017659813456572714 0.00015184762975861907 0.00019726788451938115 0.00022408343124603417 0.00017665917510057005 0.00019545559589273552 0.0001757036277308025 0.00015138519957292172 0.00013111966169480484 0.00021024113638410397 0.00012622116668817412 0.00014580563426279993 0.0001712720206139574 0.0001686910151020879 0.00019329314623660953 0.0001310260783491302 0.00017397382728062178 8.065847549201047e-05 0.00019431683127371302 0.00020829011472378074 0.00022334679791371478 0.0002574203552157907 0.0002362836413759006 0.0002575414067840439 0.00020039554896699648 0.00023681700994047976 0.00027151456268913437 0.00022262851451584768 0.00010231319944324348 0.0001386079429395928 0.0001972372509429356 0.0002042295738588252 0.0001544453323783898 0.00013189752687805587 4.9033240652382424e-05 0.0001277401380274032 7.792729831347596e-05 0.00015687090805388136 0.00015418731759310486 0.00010835569419098347 0.0001163717670920747 5.46645552060775e-05 0.0001397344360776027 0.00019609466045284276 0.00017664097473129174 0.00019394942696170512 0.00014582465411522736 0.00015237196150460992 0.00023117447705438285 0.00023094726731574193 0.00024347971466701367 4.053402996977261e-06 4.578072305121008e-05 0.00011246395935455027 1.6973968592842035e-05 0.0001169539926414978 4.822812885910476e-05 0.00021752153278462908 0.0002470833610867056 0.00029547129282948966 0.00027880803208114494 0.000104834487722566 0.0002892230937639326 0.00024584386363972574 0.00019314962564627225 0.00017832149796191828 0.00016315242060232487 0.0001169044280476939 0.00023878505098297106 0.0001782201794251769 0.0002256243146545724 2.5454393255963323e-05 9.682458365518543e-08 0.00023447129520132634 0.00023249136361529508 0.00021178031624604295 0.00024551816283717925 0.00013469042076570326 0.0001747642626930126 0.00013829159907349092 0.00010831028645626031 0.00014456434287935064 0.00012365806523905452 0.00015074765610626032 1.2189891924728888e-06 9.258200997725515e-08 0.00021573122489519216 8.74570462941719e-05 0.00014559007433025028 8.695363987458857e-05 0.00018075768889659293 8.954980681060068e-05 0.00013969340194959777 6.472083567332294e-05 0.0001997081823814231 0.00020060108518782466 0.00021528831011003225 9.022705951785956e-05 0.00013195800960908913 0.00015450531554145902 0.0001529424863504238 0.00016271646409757776 1.1464243510460918e-05 0.00021710005682144628 0.00015364569632474233 0.0002635187525324097 0.0002736894988011209 0.00022576003571301708 8.660254037844388e-08 9.258200997725515e-08 7.960559219788628e-05 9.917705531499833e-05 0.00012167217959025896 0.00016378028575782046 0.00016328253259716843 0.00018069707525783749 0.00020269316236199025 0.00019507144382923487 0.0001813179426476137 6.107230471607004e-05 0.00018748020011727688 0.00019975139420692025 0.00025051185964836554 0.00018905149467154432 6.095615420548958e-05 0.00017718909121479493 0.00014573861471295693 0.00019099373491643538 0.00023854690784454318 0.00018333359024108484 0.00010956535082875896 0.00014128169853969833 9.316520789461817e-05 0.00014842418925173836 7.426980740124627e-05 0.0001532013608825095 8.728353295204905e-05 0.0001665932179427417 0.00023782056928369784 0.000188081767370321 0.00019017720384392506 0.00020679486903451587 5.305948746408737e-05 0.00021452181642442098 0.0002449313074049336 0.0002481657822701559 0.00019858225493988194 0.00015077678903450677 0.00016305505494495842 0.0002089058705506946 0.0002474773763506706 0.00016204402455898345 0.0002053252759786299 0.00018440061659454494 0.0002327090949164258 0.00017906627129215763 4.332677794369691e-05 9.911202691216585e-05 0.00026085442290623453 0.00021398994082143398 0.00017963588638215865 0.0002072107835851885 0.00022034309934036342 0.00021410644546083558 0.00023933462129471764 0.00013309334369515614 0.0001123590450016485 0.0001691600685120629 0.00018821873933112622 0.00018224636825487785 0.00019577403493182136 0.00017808214061896066 0.00016123338405948858 0.00016628711359736444 0.00016282495619934166 9.085480710384069e-05 0.00013559184660546763 0.00017860432668773013 0.00014892794117081054 0.00024308687862164847 0.0002119178035398388 0.00020835828308069808 0.00025087166789268815 0.00021255098350299046 0.00029835550560092033 0.0002164743129835205 7.369595275240329e-05 0.00014924523550380298 0.00023957089269647166 0.000189353145811395 0.00015583694952984848 0.00012523476203198794 0.00017199561751514588 0.00017072132719117374 0.00025739898875566544 9.808104865652553e-05 8.051670754479874e-05 9.252945501498533e-05 0.0001087433883838454 0.0002530087036072609 0.00025428291466757165 0.0001909815283838615 2.414716753794879e-05 2.4223323616498387e-05 0.000100631516258557 0.00017753848062681426 0.00015441510936973322 0.0001866530460199588 0.00015606823321307703 0.0002501892254044687 0.00021868291561034803 0.00019463638757282164 3.553947763839113e-05 7.54763868796878e-05 6.69740597208958e-05 7.218756411165434e-05 6.66584359201543e-05 0.0001423940346158021 0.0001792255109880567 0.00019125555117219053 0.00013543010206382473 0.00013596323722045645 0.0001523181443379749 9.925173039269733e-05 0.00010187155258010083 0.00011954132460302514 0.00022512615522047905 0.0002211176970225751 0.00014096028236353005 0.00015246678905359295 0.00017075902129551687 0.0001631827253728512 0.00014766559170466877 8.144906357148912e-05 0.00012539673623550106 0.00013416551405768585 7.894805479600957e-05 0.0001004862559340706 0.00012959401388300235 8.403328508088761e-05 0.00010170714267605387 0.00014637105427052114 0.0001534716301862841 0.00020831064004387135 0.0002067114867823827 0.00020754397509982277 0.00014937582212791925 0.00017125729087566824 0.00017534385838754125 0.00013002496520161147 0.00010569762194430196 0.00018884478149055857 6.060307480808063e-05 0.00019702750714299303 0.0001571623140252954 0.0001680026320620823 9.073012958860579e-05 0.00011307581115114011 0.00010342000610255951 0.00011820147502695721 0.0001229200914061184 0.00021872511047939065 0.00018920191358511826 0.00010436200609426324 0.00015295167526764442 0.00013675181448175977 0.0001585601363771199 0.00017457785528677007 0.00019216887683963334 0.00011966257265834533 0.00016980786729673715 0.00016018374590935397 0.00010232441235628787 0.00017043473830277071 7.694559396330882e-05 9.385707677063498e-05 0.00010154608824997319 0.0002289362346688995 0.00015933154303120667 0.00020302377294886402 3.0185466843647443e-05 0.00015071009089357503 0.00020598321966311858 0.0001859907299422692 0.00016804850095826406 0.00014775464614509755 0.00026130342182374374 0.00017746114550635484 0.00016299852501181806 0.00011124929911143918 0.000145925863849524 0.00011386906074676582 6.942412387636535e-05 0.00014899685129331357 0.00022608083949674613 0.00016534911135702532 0.00021209612113791775 8.747578320673017e-05 0.00020848332878782656 0.00012225546910537904 0.00020008528807933553 0.0002028314350136743 0.00015103806699855675 0.0001416945800710356 0.00016279023639462803 0.00018688606119929478 0.00018776356924211197 0.00011689504591922187 0.00018066533502858836 0.0001732851342130748 0.00012094987809958744 0.00020092828007700403 0.00023517611346629802 0.00025550495567849314 0.00016709152950325997 0.00014878195535005103 8.307632516346339e-05 0.00016334628083025342 0.00017980864650914667 0.0001660543688396938 0.0002719223938859739 0.00026522061531204387 0.00014041123683212537 0.00022684181517270568 2.2629639526516166e-05 0.0002375124458028842 0.00023020490510308386 0.0001986353045996961 0.00023920513499575412 0.000304916748121922 0.00025016715461449604 0.00022320553052836113 0.00017202678446712763 0.00020531805061430944 0.00014981676676516575 0.00022618439707857902 0.000193431297296955 0.0002143512657456483 0.00016181634526541943 0.0002168206587458161 0.00020040020672445943 0.00010845584073609811 0.00010544738257280636 0.0002385221752395958 0.00010517910287041915 0.00023427304513429285 0.00013764801670631378 0.00016859393847484125 0.0002593013646334102 0.0001602062241025934 0.00030221354954563167 0.0002240675642777002 0.00022202040549121712 0.00013852359334437547 0.00022329261429603373 0.00017418466104710307 0.0001405203513688067 0.00017857545117723638 0.00019735212181694748 0.00017259867648198056 0.00014966728839334705 0.00021008571466000646 0.00015473867242526116 0.00022791340152227232 0.0001774736733118345 0.00018233393503083752 0.00010412250067108601 0.00020202366608293508 0.00019927199532263797 0.00021388611789590294 0.00023420677260667757 0.0001861175021221493 0.000319627394212244 0.00022467541893284235 0.00019244004781166396 0.00010042639316275752 0.0001679568108857072 0.00019429186227822064 0.00024210313295594646 9.879062819214393e-05 0.0001359110512560293 0.00028269079612289704 0.00016355526516272182 0.0002735376309618631 0.0001010406020167395 0.0002163743819731938 6.794653395233953e-05 0.00018701612881370918 0.00022808802385385985 0.0001805036990925351 0.00025147047606045446 0.00012889551058004435 0.00013737926376181 0.0002302633578331201 0.00024544403435254863 0.00029049270711214493 0.000140904125204004 0.00019509870364010058 0.000267224618883525 0.0002196579807341493 0.00030141254180792826 0.00026550560836642064 0.00023546501418449862 0.00012640256501111064 0.00010893102450389523 0.0001778141971272762 0.00019503931223456417 0.00019318542197444534 0.00017735317958773308 0.00023102248390523814 0.0002810195767963696 0.00024640901879829534 0.0002084333093141647 0.0002160050793262232 0.00015173510627388025 0.00027679733573239497 0.00016952457903702931 0.0002032715397001613 0.0002626940927294686 0.00024847546628809793 0.0001617292894291073 0.0002303367922235549 0.00024486637466982646 0.00027885863765547464 0.00013009702333917594 0.00017746458765850772 0.00019599026211900703 0.0002495600251208426 0.00022681239327474438 0.00023853036116893136 0.0001256579152104516 0.0002661117312377904 0.00024789167581120444 0.00024074217441441055 9.010906596994271e-05 0.00017702369859499568 2.9483766248587013e-05 0.00016436144864115886 0.000221402661483519 0.00019006682716182858 0.00017508824442435207 0.00013764783141341215 0.0001827280897245226 0.00021353650988627625 0.00020333277273391535 7.555413195905129e-05 8.013082070495657e-05 0.00017985242316134793 0.0001847619562240215 0.0002968951969472408 0.0002620331070418826 7.332826021359455e-05 0.0002479686466567474 0.00023848713269113118 0.00011578886883108604 0.0002477887660363071 0.00025614009591335996 0.00019632611740151107 0.00018315695666393464 0.00018276815548725465 0.00024360680593415372 0.00018886791823274243 0.00011308753840275436 0.00022490035907624304 7.334570073136978e-05 1.0000000000000001e-07 0.00016835684185104554 0.00012623440232846985 0.00014791116193460649 0.00015705396845583236 0.00013116998429402247 0.00015845250738962866 0.00021589796469443154 0.00015693333752171007 0.0001420159731685083 0.00022707369403036025 0.00024750529532685436 0.00014458716972828105 0.0001673167807850112 0.00020516977956495095 0.00012066320829761354 0.00013751880999245705 0.00016391756102938261 0.0002456174598915301 0.00019275817616666997 0.0001737915188415975 0.00020188860311914854 0.00015484239250911866 0.00020352358111695701 0.00025341674779652854 7.588410710999486e-05 0.00016414184525225127 0.00026725695215117605 0.0001476694990980508 0.00022890302979240295 0.00019988893523910535 0.00021872161601473218 0.00024252406201808295 0.00021830375862380582 0.00018659398625828246 0.0001337713668460249 0.00024743283178086176 0.0002709423545049906 0.00025949403242110755 0.00028543471903914083 9.580045918348347e-05 0.0002515217365819781 0.00022095448133203685 0.00017513254679098458 0.0002922568217692231 0.00029166780114778566 7.866401034544864e-05 0.00024008412129396855 0.0002068407371778417 0.00022695406071015074 0.00010260901766952465 8.250374407889338e-05 0.00021230470675405333 0.00019494227260259282 0.00020529890060778163 0.00022955642367901828 0.00015919842155603285 9.391584572760727e-05 0.00011604069873482096 9.227232362726549e-05 0.00021361577094010164 0.00013872911448155838 0.00019812019777228459 0.0002809298184509533 0.00014086647550374772 3.2671458066350746e-05 0.00021904981777898867 7.940294873138819e-05 0.0002488089678468062 0.00022277445806724214 0.0001591076286663734 0.0002954595246247735 0.0002755376078102285 0.0001558533398387556 8.987146984212694e-05 0.00017475082014127945 0.0001956716895019088 0.0001500230253814897 0.0001921593666854219 0.00022085073445087707 0.0002175777260459298 0.00018105057802630963 0.00023054457514849944 0.0001279886765131249 0.00021783569407522974 0.00020735294508074367 0.00021367516521564458 0.00025223455884919305 0.0002216988334329065 7.331525125446612e-05 0.00021791484051129412 0.0001657732572673586 0.0002324319230455686 0.00021353382448904807 0.0002528467853134583 0.0002481412913535945 0.00017748719063904192 0.00023822398958903292 0.00015188632216660825 0.00025581172947848797 0.00017472591861146164 0.0001525619391219126 0.00023427610237090137 0.00025244581130562816 0.00018597370540534753 0.00020756305713644279 0.0001872048948741877 0.00030557970615880954 0.00015409858807490605 0.00022702463130258916 0.00022328345836325668 0.00019709584743656458 0.00022478666576419487 0.00018591506600577437 0.000147744246770239 0.00018080440813063715 0.00015202715458489488 6.306472189300473e-05 0.00010097833803929908 0.0001200542086817003 0.00024222911065718876 0.00027326440776405863 0.0003057554383407767 0.00024459419425616757 0.00015014512627729246 0.00011665305625077035 0.00012772593266017454 0.00020288339692357883 0.00023837387179144966 0.00020372781400971798 0.00024018485705595713 0.00029692818401374875 0.00015112744975262377 0.00029514344622003785 0.00031363800832622955 0.00025567720770895626 0.0002789734171937805 0.00022465617797485686 0.0002642266629614352 0.00022774739612880878 0.00031379884719937197 0.00013535101622986524 0.0001244435138657948 0.00010708315258465626 0.00013435668786555038 0.00032153733463479784 0.00039580002644117425 0.000322820352591159 0.00018709505095984336 0.0003044445885869482 0.0003058068371909043 0.00016190034235631775 0.0003107943160039879 0.00015416037692380318 0.00018826640753709376 0.0001740085849050734 0.00022197099305337487 0.00018997099922757877 0.0002710603557725136 0.00014123872135753536 0.00014372415991071026 5.539607827329344e-05 0.00015955309351071834 0.00023752510230990915 0.00014456718374488437 0.00012650660188428682 0.00020816325226732872 0.00018550648177463787 0.00014042116548899398 0.0001524576356391959 0.000280912204139205 0.00023163801490540137 0.0002491721700444781 0.00015918457721509198 0.00026398602235088516 0.0002197687810065205 0.00021603863425434663 0.0001501070788863696 0.00011763119428629992 0.00014948432644896388 0.00021958571283318902 0.00019529799458246251 0.00014359311705413642 0.00022995434431265067 0.00021360199366223377 0.00014371348657618138 0.00024212855690754 0.0002460745133320642 0.00010099359094023526 4.922386532994271e-05 0.00021113953008321384 0.00017937807909115648 0.00021083794514273641 0.000164354445914181 0.0001301359331731329 0.0001343143292867872 0.0002036169056142838 0.00022675150684501883 0.00019489810931887664 0.0002451267372372026 0.0002549934093775784 0.00026590337214966536 0.00025484019057397836 0.00020153183319045954 0.00017234453276259603 0.0001893570679528777 5.728036955214379e-05 0.00016449854402639618 9.761044804737948e-05 0.00018474138087847433 0.00016102172757707722 0.00020987525018952648 0.00024919735305586893 0.0001846435864593619 0.0002801250033383733 0.00027290237803755053 0.00014548441047225778 0.00022479446633860212 0.00029626958254256995 0.0002176523950707067 0.00024261805088649177 0.0003054424380455014 0.0002322597848682118 0.0003066978269619628 0.0003037723224002713 0.0002841560842845328 2.3164900745645068e-05 0.00020359893733544135 0.00010896345242734248 0.0001241805270438518 0.0001560315305365374 0.0002170381103641941 0.00023065923250476666 0.0002734298896324224 0.00022626930675021775 0.000174202425482636 9.182232659906605e-05 0.00025524233572617975 0.00024399100834297512 0.00020260721030225211 9.368613011203834e-05 8.51705828370277e-05 0.0002665915438321757 0.0001528849567383438 0.00019923790290018176 0.000216630930127923 0.0001650041050852634 8.839668022674361e-05 0.00023815752383360658 8.35026987740131e-05 8.496981430780796e-05 0.00015652010763711675 0.00014933439720323283 0.00015534276016178773 0.0002421101239685345 0.00013062424430255087 0.00022849972690630192 0.00025245570889267965 0.00024092557725379204 0.0001634548876166145 0.00020862745270054965 0.00014640263764672512 0.00020130579283789826 0.00015822613164816866 0.00025673836449831397 0.00024004746966646331 0.000241264013646439 0.00010183092857215979 0.0001650445570874567 0.00011778916789015976 0.0001356017853200234 0.0002657766889582904 0.0002109699152060165 0.00012541474668925133 0.00018203322554588572 0.00018511970655886762 0.0001627272950170645 0.00012109612657831723 0.00020897803693168776 0.0001429887041427798 0.00022559798098841497 0.00019348236826860173 7.174708221158893e-05 0.00020467675485315493 0.00023833162152943203 0.0001701218136252022 0.0001869509429846794 0.0002998638311829077 0.00024029014798660536 0.00023775297314873004 0.00014030486535380554 0.00017295209297965504 3.346547202502962e-05 0.00024465288343388165 0.0002656781888342314 0.00014599505465219236 0.00021247020193896927 0.00021084651095388846 0.00017714734184762993 0.0001798835077166818 0.00015982554222384825 0.00025632503183809814 0.00013215591329017703 0.00014745416059786602 0.0001835059578637341 0.00023583486668305034 0.00013465721846095828 0.00011077630541693096 4.9665860369455225e-05 0.00022359681610178102 0.00015971996495753223 0.00020707751551947177 0.00021078554333686273 0.0002058823907850953 0.0002235033817452696 0.0002485433602370021 0.00010123436075357247 0.00019864750302409046 0.00021079700546338848 0.00019896796985027058 0.00022940605249539324 6.643093012113605e-05 0.0002450034890457665 0.0002350403576409738 0.0001682789633324131 9.282144907404249e-05 0.00024300347735254575 0.00013456384873732752 0.0001808008551933985 0.0001967195629495902 0.00015510924101347533 6.914243768179801e-05 0.00019737018471273089 0.00026764332961127434 0.0002599064473454625 0.0002498087917238693 0.0002975283786303797 0.0001297761751071985 0.00016468260171302078 0.0001646522254900947 5.131400263131153e-05 0.00021410254685308696 0.00019866577968739846 0.00020635398759216586 0.00030614598947071523 0.00030649074794710115 0.00026989945709061854 0.00010374638617825519 0.0001492000713232924 0.00018360626069260274 0.00027980742152578186 1.8654343572423317e-05 0.00016435011475785937 0.00020350722979587448 0.00024303709399686654 0.00014707855200592453 0.00018858787828457494 0.00015904846856578569 0.0001817769989624502 0.0002319440031843968 6.358043153756367e-05 0.00014275931533252808 0.0002520325548378352 0.00025668083220509587 0.00024462310442334147 0.0002827750094333277 0.00021810223803467318 0.00016851133766575152 0.00014515386195893015 0.00016098813022203082 0.0002459408844074988 0.0002809778024377474 0.00024505528879935215 0.00023370889304994972 0.00015422488478440645 0.00015712021477804733 0.0002707767696668338 0.00023723095796073388 0.00027552809258304446 0.00017131599114610885 0.0002979906044649293 0.00015463270414257574 0.00019579916103647962 0.00023387734534080986 0.000294142820474792 0.00014949482450205177 0.0003004589306556764 0.00022171171195677105 0.00022232638733133659 0.00012505170073544536 8.511759539562171e-05 0.00018854398400742448 0.0002090179820037261 0.00012400719685273434 0.00010019044136384058 0.0002680656657703557 0.00034883576494247034 0.00019666360544573337 0.0002102130446377195 0.00017941335838160056 0.00016127155507125442 0.0003396441348748255 0.0002280083295364818 0.00024463746280981616 7.781277063589323e-05 0.00014765236361893432 0.0002507498280260732 0.00013859767577146723 0.0002800616821952858 0.0002970165648342032 0.00017854736514423365 0.00020304945971317114 0.0001414694561848615 0.00025815417031344577 0.00015452662903728173 0.00021971729717350908 0.00021881048087451566 0.0001515382762279941 0.00020381491140228225 1.4266167965404315e-05 8.978698917350981e-05 0.00021948426529366398 0.00020650098298623321 7.003461223224244e-05 0.0002498005303318118 0.000262934624444243 0.0001820523089842409 0.00017076978532257317 0.00021195987482143823 0.0001768490367399094 0.00014439360529957987 0.00017079082071398916 0.00019204786068586618 0.00014141512035260545 0.00034838320914501935 0.00029093478731720814 0.0002825702647884318 0.0001909124584733334 0.00022506716760753258 0.00027761791745126537 0.00010413146680441992 0.00011823272072913404 0.0002038627346229408 0.0002152802556322988 0.00023927617116493465 0.00023873327826296102 1.790459253889733e-05 0.00021032030471384655 0.000230743170416609 8.79569029254504e-05 0.000323300386718475 0.00028154619446986564 0.00016525309527027718 0.0002291304060769247 0.00028940745345310416 0.0002654740964251523 0.00024252404561678006 0.000259656606658041 0.00019047534289958655 0.0002258699345353124 0.00017283146036271827 0.00011244740865147842 0.0002541561408175403 0.00027171149833372823 0.0001773585580716752 0.00020667648503445166 0.0001553965390107792 0.00024127060062248743 0.0001351925188843417 0.00013717352667062604 1.0540925533894598e-07 2.726707346744639e-06 0.0001626787342589687 0.00023299103456513956 0.00021650686830025715 0.0001278496198611654 0.00019341064536221425 0.0002639767167470547 0.00023746335904566417 0.0001079187190933127 0.00011641417865830159 0.0003003761850186969 0.00015867055498235057 0.00028777449835868215 7.6285749447587e-05 0.00028945230908862426 0.0003316130837276418 0.00020675507202839817 0.00021813710776776577 0.00024344891039674527 0.00024217370318484413 0.00016815581855392992 0.00015900689179952523 0.00020828354383085586 0.0001399887083897844 0.00022528382143787966 0.000200306295384532 0.00020326659408025907 0.0002554713913404124 0.00021677120896109234 0.0002756200702006816 8.81809189522908e-05 0.0002656651498038159 0.000218341681697462 0.00025348636640144616 0.00016377077869357638 0.0002671027556247783 0.00015464936014081507 0.0002063165191818231 0.00011795140328074125 4.187052296098546e-05 0.00012393053317847583 0.00013816240313592747 0.00013791775318474392 0.00023038771863028085 8.864427874370854e-05 7.618658264164132e-05 0.00020827453552903658 0.0002229518509973225 0.00023672733016288415 0.00019813739105231223 8.768243650513024e-05 0.00024317429889047704 5.525091903229607e-05 0.00015198305278894112 0.00012033950274020072 0.0001660078549259444 0.0002929976157254917 0.00029567954802776 0.0002658536379558188 0.0001877125126122854 0.00020192065796896077 0.00022592750125693546 0.00019887758182045954 0.00027629349147094103 0.0002870451672109107 0.00010470381386357602 0.00024149324981272765 0.0001626302015306142 0.0002294337651488288 0.00017720447262892597 0.00018773664017246366 0.00023385299597013015 4.786756162212162e-05 0.0002490264286228001 0.0002819954757352785 0.0003406477954782694 0.00021446964895964756 5.00929159794617e-05 0.00025904864766486434 0.0002693071211498284 0.00017100269137056495 0.00016548912040049171 0.00018160470944962286 0.00022233935829389098 0.00018758953514657164 0.00019537080301475045 6.839128008714918e-05 0.00015319103571618823 0.00016722079465871932 0.00025101312066031086 8.85111766926956e-05 0.00021865181758756665 0.00023502055254987576 0.00022308201475223604 0.0002405236832195773 0.0002363605095684801 0.00023362695789142624 0.00013490498226483347 0.0002582800554111285 0.00021429134661717368 0.00018225688516089312 0.00021702948088475298 7.66988341228864e-05 0.00010424021891213726 0.0002572674132401376 0.00014957035265018034 0.00021345806757692095 0.00017612051261862646 0.00018443854548085982 0.00020982103051881562 0.00012718025467976554 0.000309449548146207 0.0002503797110788798 0.00010909987044950549 0.00018240191599203307 0.00026493514095192157 0.00020591912353796213 0.00011336566875237791 0.00026388535286453663 0.00016854243494700537 0.0002770601414648739 0.0002863672281959549 0.0002663958870823363 0.00034390241268683267 0.0002158470649406393 0.00020323072049599508 0.00011102646633235105 0.00012911275975776928 0.00021708184140825415 0.00019711493872062288 9.166570511063058e-05 0.0002097762300411431 4.6749974345240946e-05 0.00013958527535099232 0.000229613920575887 0.00017507462475901004 0.0002034020190941432 0.00026811762718012815 0.00013170266406610848 8.198425714910058e-05 8.185449281543659e-05 0.00017123445906507123 0.0001496798244637674 0.0002460259508525411 0.00022446060504851121 0.00027893024079090917 0.0003059730393000469 0.00014802970785741162 0.00031245417029569534 0.0002632937831561104 0.00029374647494760306 0.00025775649357003455 0.00012127129465861234 0.0001788716672126643 0.0002028040489119819 0.00018520616897552976 0.00020645625843171008 0.00024185658369918912 0.0001219856312929617 0.00030727863051688997 0.0002846028129326772 0.00018326545662488902 0.0001562488354407619 0.00018292405086054922 0.00018484951057843753 0.00019603166483962367 9.044208234134589e-05 0.0001530213071479936 9.458457715642381e-05 9.010713895247986e-05 0.00017739648383765638 0.00025175468531138514 0.00019375525750948974 0.00017226112905197518 0.0002269729565598293 0.0002454698562926632 0.0001329147505791337 0.00019542055629401963 8.00645377488684e-05 0.00011567122653602812 0.00024176150376413298 0.00020921395531042872 0.00024829684950021877 0.0003440008155860926 0.0003678265510670416 0.0002896755745291972 0.0003162244822540811 0.00024059242115271636 0.00020544875283805183 0.00028178635700905835 0.00023276766359808486 0.00021799320586777217 8.660527449240113e-05 0.0002959295368352605 0.0002622524786627069 0.0002958582564403305 0.00010179277336922225 0.0002646258053533661 0.00015526414126592643 0.00018594366178068761 0.00025771240777094196 0.00011223255447480256 0.00019870132579068688 0.00021476470648477267 0.00021539011681658493 0.0003042910886465903 0.00014062557014623777 0.00012565211329563955 0.00028415073354841217 0.00026091162821895717 0.00011379347640049119 0.00020563806084939677 0.00019010944634778097 6.358492831372066e-05 0.00010194556564281725 0.00031365255722737246 0.00013478693725160726 0.00028813303291111214 0.00023180083451324545 0.00025165097366165853 0.0002441636485490736 0.00022797682191885807 0.0001481245062981907 0.00022955226346909485 0.00028083017058647255 0.0002993935148027943 0.0002974523972696077 0.0002544197563052968 0.0002233747324345325 0.00022101508343145928 0.0002881497589594561 0.00024188750369258448 0.00018274864391274565 0.00029576129352406623 0.00022534536240760968 0.00018299060440481627 0.0002147764059585071 0.00022716652170298645 0.00022980932855307435 0.00027570387803226324 0.0002266676872626536 0.0002957078242307714 0.00011733612360984582 0.00021692365133998303 0.000170012580141812 0.00013784449533309974 0.00018232936740670845 0.0002429301417364981 0.00019508175339266986 0.0001769459945257456 0.00010338349759386242 5.7792837251665945e-05 0.0002869645913178895 0.0002411590580190307 0.0002010872269734269 0.00019082794870856914 0.0002449292897173982 0.0002370726080613419 0.0002377288695491816 0.00032147983414652356 0.00035448667741417884 0.0003313099415761143 0.00021845108186166316 0.00019205453978147162 0.0003358637880380963 0.00029581824197612966 0.0002606899330513301 0.00015894977350685614 0.00015535634187561603 0.00024283682988261054 0.00023505343484011816 0.00021155199892857246 0.0002558959718999442 0.0003276138211148873 0.00026121164038920425 0.0002533142949400194 0.0003057435386998293 0.00018864976762471603 0.00019767961947516412 0.00029352927319408465 0.00019609502235389394 0.000303835819210612 9.626277465256725e-05 0.00032839419734675284 0.00031514587103580633 0.0002407168745474407 0.0001481585001674421 0.00034740710928434236 0.0002915910291191803 0.000281184740998591 0.00024455278843728506 0.00016188966826733556 0.00025519725021576296 0.0003444046116457366 0.00011963002297409935 0.00025861659317342653 0.0002678547466255057 0.0001555730187052104 0.0001002439327502709 0.0002786366448313648 4.4209463560368785e-05 0.0002679708885769871 7.273635441756298e-05 0.0003337893331756938 0.0002519970716491889 0.00020792870035739945 0.00032455188270787263 3.483533031104046e-05 0.00010656134296587122 0.00012434636676185863 0.00033556930893076316 0.0001290623296634783 0.00026198105119010895 0.00033180744297608804 0.00022286993986527645 0.0002650565570068977 0.000263204755797963 0.0002456620992085109 0.00030014682053665104 0.00023576376074597235 0.00015338785553183995 0.00016520351175148084 0.0001364460058209604 0.00023329896390907512 0.00019796218746157996 0.00014797911336915444 0.0002578571706509117 0.00023697423252998145 0.0002903194567470786 0.00034498768208020427 0.000174436669624376 0.00013836341985678428 2.241511271898475e-05 0.0001130307101178855 0.00032984625796397187 0.0002276480441707421 0.00024960769384387786 0.00016051842583756203 0.0001023441443978183 0.0001747907297774716 2.933363941704665e-05 0.00017201769771474173 0.00010085005177864715 0.00013303880553206004 0.00015415847517916853 0.00013116138957889402 0.000163914872136202 0.00027403277971271665 0.00029154876306977114 0.00019340842200052667 0.0002121088642001108 0.00023881257888443182 0.00035382161437750773 0.0003217401239091348 0.00031338452222908565 0.00017060625262492785 0.00033003846837133656 0.00021290198727721933 0.00025991050562508284 0.00029010719918072905 0.0 0.0 0.0 0.0 0.0 0.0 0.0 0.0 0.0 0.0 0.0 0.0 0.0 0.0 0.0 0.0 0.0 0.0 0.0 0.0 0.0 0.0 0.0 0.0 0.0 0.0 0.0 0.0 0.0 0.0 0.0 0.0 0.0 0.0 0.0 0.0 0.0 0.0 0.0 0.0 0.0 0.0 0.0 0.0 0.0 0.0 0.0 0.0 0.0 0.0 0.0 0.0 0.0 0.0 0.0 0.0 0.0 0.0 0.0 0.0 0.0 0.0 0.0 0.0 0.0 0.0 0.0 0.0 0.0 0.0 0.0 0.0 0.0 0.0 0.0 0.0 0.0 0.0 0.0 0.0 0.0 0.0 0.0 0.0 0.0 0.0 0.0 0.0 0.0 0.0 0.0 0.0 0.0 0.0 0.0 0.0 0.0 0.0 0.0 0.0 0.0 0.0 0.0 0.0 0.0 0.0 0.0 0.0 0.0 0.0 0.0 0.0 0.0 0.0 0.0 0.0 0.0 0.0 0.0 0.0 0.0 0.0 0.0 0.0 0.0 0.0 0.0 0.0 0.0 0.0 0.0 0.0 0.0 0.0 0.0 0.0 0.0 0.0 0.0 0.0 0.0 0.0 0.0 0.0 0.0 0.0 0.0 0.0 0.0 0.0 0.0 0.0 0.0 0.0 0.0 0.0 0.0 0.0 0.0 0.0 0.0 0.0 0.0 0.0 0.0 0.0 0.0 0.0 0.0 0.0 0.0 0.0 0.0 0.0 0.0 0.0 0.0 0.0 0.0 0.0 0.0 0.0 0.0 0.0 0.0 0.0 0.0 0.0 0.0 0.0 0.0 0.0 0.0 0.0 0.0 0.0 0.0 0.0 0.0 0.0 0.0 0.0 0.0 0.0 0.0 0.0 0.0 0.0 0.0 0.0 0.0 0.0 0.0 0.0 0.0 0.0 0.0 0.0 0.0 0.0 0.0 0.0 0.0 0.0 0.0 0.0 0.0 0.0 0.0 0.0 0.0 0.0 0.0 0.0 0.0 0.0 0.0 0.0 0.0 0.0 0.0 0.0 0.0 0.0 0.0 0.0 0.0 0.0 0.0 0.0 0.0 0.0 0.0 0.0 0.0 0.0 0.0 0.0 0.0 0.0 0.0 0.0 0.0 0.0 0.0 0.0 0.0 0.0 0.0 0.0 0.0 0.0 0.0 0.0 0.0 0.0 0.0 0.0 0.0 0.0 0.0 0.0 0.0 0.0 0.0 0.0 0.0 0.0 0.0 0.0 0.0 0.0 0.0 0.0 0.0 0.0 0.0 0.0 0.0 0.0 0.0 0.0 0.0 0.0 0.0 0.0 0.0 0.0 0.0 0.0 0.0 0.0 0.0 0.0 0.0 0.0 0.0 0.0 0.0 0.0 0.0 0.0 0.0 0.0 0.0 0.0 0.0 0.0 0.0 0.0 0.0 0.0 0.0 0.0 0.0 0.0 0.0 0.0 0.0 0.0 0.0 0.0 0.0 0.0 0.0 0.0 0.0 0.0 0.0 0.0 0.0 0.0 0.0 0.0 0.0 0.0 0.0 0.0 0.0 0.0 0.0 0.0 0.0 0.0 0.0 0.0 0.0 0.0 0.0 0.0 0.0 0.0 0.0 0.0 0.0 0.0 0.0 0.0 0.0 0.0 0.0 0.0 0.0 0.0 0.0 0.0 0.0 0.0 0.0 0.0 0.0 0.0 0.0 0.0 0.0 0.0 0.0 0.0 0.0 0.0 0.0 0.0 0.0 0.0 0.0 0.0 0.0 0.0 0.0 0.0 0.0 0.0 0.0 0.0 0.0 0.0 0.0 0.0 0.0 0.0 0.0 0.0 0.0 0.0 0.0 0.0 0.0 0.0 0.0 0.0 0.0 0.0 0.0 0.0 0.0 0.0 0.0 0.0 0.0 0.0 0.0 0.0 0.0 0.0 0.0 0.0 0.0 0.0 0.0 0.0 0.0 0.0 0.0 0.0 0.0 0.0 0.0 0.0 0.0 0.0 0.0 0.0 0.0 0.0 0.0 0.0 0.0 0.0 0.0 0.0 0.0 0.0 0.0 0.0 0.0 0.0 0.0 0.0 0.0 0.0 0.0 0.0 0.0 0.0 0.0 0.0 0.0 0.0 0.0 0.0 0.0 0.0 0.0 0.0 0.0 0.0 0.0 0.0 0.0 0.0 0.0 0.0 0.0 0.0 0.0 0.0 0.0 0.0 0.0 0.0 0.0 0.0 0.0 0.0 0.0 0.0 0.0 0.0 0.0 0.0 0.0 0.0 0.0 0.0 0.0 0.0 0.0 0.0 0.0 0.0 0.0 0.0 0.0 0.0 0.0 0.0 0.0 0.0 0.0 0.0 0.0 0.0 0.0 0.0 0.0 0.0 0.0 0.0 0.0 0.0 0.0 0.0 0.0 0.0 0.0 0.0 0.0 0.0 0.0 0.0 0.0 0.0 0.0 0.0 0.0 0.0 0.0 0.0 0.0 0.0 0.0 0.0 0.0 0.0 0.0 0.0 0.0 0.0 0.0 0.0 0.0 0.0 0.0 0.0 0.0 0.0 0.0 0.0 0.0 0.0 0.0 0.0 0.0 0.0 0.0 0.0 0.0 0.0 0.0 0.0 0.0 0.0 0.0 0.0 0.0 0.0 0.0 0.0 0.0 0.0 0.0 0.0 0.0 0.0 0.0 0.0 0.0 0.0 0.0 0.0 0.0 0.0 0.0 0.0 0.0 0.0 0.0 0.0 0.0 0.0 0.0 0.0 0.0 0.0 0.0 0.0 0.0 0.0 0.0 0.0 0.0 0.0 0.0 0.0 0.0 0.0 0.0 0.0 0.0 0.0 0.0 0.0 0.0 0.0 0.0 0.0 0.0 0.0 0.0 0.0 0.0 0.0 0.0 0.0 0.0 0.0 0.0 0.0 0.0 0.0 0.0 0.0 0.0 0.0 0.0 0.0 0.0 0.0 0.0 0.0 0.0 0.0 0.0 0.0 0.0 0.0 0.0 0.0 0.0 0.0 0.0 0.0 0.0 0.0 0.0 0.0 0.0 0.0 0.0 0.0 0.0 0.0 0.0 0.0 0.0 0.0 0.0 0.0 0.0 0.0 0.0 0.0 0.0 0.0 0.0 0.0 0.0 0.0 0.0 0.0 0.0 0.0 0.0 0.0 0.0 0.0 0.0 0.0 0.0 0.0 0.0 0.0 0.0 0.0 0.0 0.0 0.0 0.0 0.0 0.0 0.0 0.0 0.0 0.0 0.0 0.0 0.0 0.0 0.0 0.0 0.0 0.0 0.0 0.0 0.0 0.0 0.0 0.0 0.0 0.0 0.0 0.0 0.0 0.0 0.0 0.0 0.0 0.0 0.0 0.0 0.0 0.0 0.0 0.0 0.0 0.0 0.0 0.0 0.0 0.0 0.0 0.0 0.0 0.0</DataArray>
<DataArray type="Float64" Name="g_gap" format="ascii">0.0 0.0 0.0 0.0 0.0 0.0 0.0 0.0 0.0 0.0 0.0 0.0 0.0 0.0 0.0 0.0 0.0 0.0 0.0 0.0 0.0 0.0 0.0 0.0 0.0 0.0 0.0 0.0 0.0 0.0 0.0 0.0 0.0 0.0 0.0 0.0 0.0 0.0 0.0 0.0 0.0 0.0 0.0 0.0 0.0 0.0 0.0 0.0 0.0 0.0 0.0 0.0 0.0 0.0 0.0 0.0 0.0 0.0 0.0 0.0 0.0 0.0 0.0 0.0 0.0 0.0 0.0 0.0 0.0 0.0 0.0 0.0 0.0 0.0 0.0 0.0 0.0 0.0 0.0 0.0 0.0 0.0 0.0 0.0 0.0 0.0 0.0 0.0 0.0 0.0 0.0 0.0 0.0 0.0 0.0 0.0 0.0 0.0 0.0 0.0 0.0 0.0 0.0 0.0 0.0 0.0 0.0 0.0 0.0 0.0 0.0 0.0 0.0 0.0 0.0 0.0 0.0 0.0 0.0 0.0 0.0 0.0 0.0 0.0 0.0 0.0 0.0 0.0 0.0 0.0 0.0 0.0 0.0 0.0 0.0 0.0 0.0 0.0 0.0 0.0 0.0 0.0 0.0 0.0 0.0 0.0 0.0 0.0 0.0 0.0 0.0 0.0 0.0 0.0 0.0 0.0 0.0 0.0 0.0 0.0 0.0 0.0 0.0 0.0 0.0 0.0 0.0 0.0 0.0 0.0 0.0 0.0 0.0 0.0 0.0 0.0 0.0 0.0 0.0 0.0 0.0 0.0 0.0 0.0 0.0 0.0 0.0 0.0 0.0 0.0 0.0 0.0 0.0 0.0 0.0 0.0 0.0 0.0 0.0 0.0 0.0 0.0 0.0 0.0 0.0 0.0 0.0 0.0 0.0 0.0 0.0 0.0 0.0 0.0 0.0 0.0 0.0 0.0 0.0 0.0 0.0 0.0 0.0 0.0 0.0 0.0 0.0 0.0 0.0 0.0 0.0 0.0 0.0 0.0 0.0 0.0 0.0 0.0 0.0 0.0 0.0 0.0 0.0 0.0 0.0 0.0 0.0 0.0 0.0 0.0 0.0 0.0 0.0 0.0 0.0 0.0 0.0 0.0 0.0 0.0 0.0 0.0 0.0 0.0 0.0 0.0 0.0 0.0 0.0 0.0 0.0 0.0 0.0 0.0 0.0 0.0 0.0 0.0 0.0 0.0 0.0 0.0 0.0 0.0 0.0 0.0 0.0 0.0 0.0 0.0 0.0 0.0 0.0 0.0 0.0 0.0 0.0 0.0 0.0 0.0 0.0 0.0 0.0 0.0 0.0 0.0 0.0 0.0 0.0 0.0 0.0 0.0 0.0 0.0 0.0 0.0 0.0 0.0 0.0 0.0 0.0 0.0 0.0 0.0 0.0 0.0 0.0 0.0 0.0 0.0 0.0 0.0 0.0 0.0 0.0 0.0 0.0 0.0 0.0 0.0 0.0 0.0 0.0 0.0 0.0 0.0 0.0 0.0 0.0 0.0 0.0 0.0 0.0 0.0 0.0 0.0 0.0 0.0 0.0 0.0 0.0 0.0 0.0 0.0 0.0 0.0 0.0 0.0 0.0 0.0 0.0 0.0 0.0 0.0 0.0 0.0 0.0 0.0 0.0 0.0 0.0 0.0 0.0 0.0 0.0 0.0 0.0 0.0 0.0 0.0 0.0 0.0 0.0 0.0 0.0 0.0 0.0 0.0 0.0 0.0 0.0 0.0 0.0 0.0 0.0 0.0 0.0 0.0 0.0 0.0 0.0 0.0 0.0 0.0 0.0 0.0 0.0 0.0 0.0 0.0 0.0 0.0 0.0 0.0 0.0 0.0 0.0 0.0 0.0 0.0 0.0 0.0 0.0 0.0 0.0 0.0 0.0 0.0 0.0 0.0 0.0 0.0 0.0 0.0 0.0 0.0 0.0 0.0 0.0 0.0 0.0 0.0 0.0 0.0 0.0 0.0 0.0 0.0 0.0 0.0 0.0 0.0 0.0 0.0 0.0 0.0 0.0 0.0 0.0 0.0 0.0 0.0 0.0 0.0 0.0 0.0 0.0 0.0 0.0 0.0 0.0 0.0 0.0 0.0 0.0 0.0 0.0 0.0 0.0 0.0 0.0 0.0 0.0 0.0 0.0 0.0 0.0 0.0 0.0 0.0 0.0 0.0 0.0 0.0 0.0 0.0 0.0 0.0 0.0 0.0 0.0 0.0 0.0 0.0 0.0 0.0 0.0 0.0 0.0 0.0 0.0 0.0 0.0 0.0 0.0 0.0 0.0 0.0 0.0 0.0 0.0 0.0 0.0 0.0 0.0 0.0 0.0 0.0 0.0 0.0 0.0 0.0 0.0 0.0 0.0 0.0 0.0 0.0 0.0 0.0 0.0 0.0 0.0 0.0 0.0 0.0 0.0 0.0 0.0 0.0 0.0 0.0 0.0 0.0 0.0 0.0 0.0 0.0 0.0 0.0 0.0 0.0 0.0 0.0 0.0 0.0 0.0 0.0 0.0 0.0 0.0 0.0 0.0 0.0 0.0 0.0 0.0 0.0 0.0 0.0 0.0 0.0 0.0 0.0 0.0 0.0 0.0 0.0 0.0 0.0 0.0 0.0 0.0 0.0 0.0 0.0 0.0 0.0 0.0 0.0 0.0 0.0 0.0 0.0 0.0 0.0 0.0 0.0 0.0 0.0 0.0 0.0 0.0 0.0 0.0 0.0 0.0 0.0 0.0 0.0 0.0 0.0 0.0 0.0 0.0 0.0 0.0 0.0 0.0 0.0 0.0 0.0 0.0 0.0 0.0 0.0 0.0 0.0 0.0 0.0 0.0 0.0 0.0 0.0 0.0 0.0 0.0 0.0 0.0 0.0 0.0 0.0 0.0 0.0 0.0 0.0 0.0 0.0 0.0 0.0 0.0 0.0 0.0 0.0 0.0 0.0 0.0 0.0 0.0 0.0 0.0 0.0 0.0 0.0 0.0 0.0 0.0 0.0 0.0 0.0 0.0 0.0 0.0 0.0 0.0 0.0 0.0 0.0 0.0 0.0 0.0 0.0 0.0 0.0 0.0 0.0 0.0 0.0 0.0 0.0 0.0 0.0 0.0 0.0 0.0 0.0 0.0 0.0 0.0 0.0 0.0 0.0 0.0 0.0 0.0 0.0 0.0 0.0 0.0 0.0 0.0 0.0 0.0 0.0 0.0 0.0 0.0 0.0 0.0 0.0 0.0 0.0 0.0 0.0 0.0 0.0 0.0 0.0 0.0 0.0 0.0 0.0 0.0 0.0 0.0 0.0 0.0 0.0 0.0 0.0 0.0 0.0 0.0 0.0 0.0 0.0 0.0 0.0 0.0 0.0 0.0 0.0 0.0 0.0 0.0 0.0 0.0 0.0 0.0 0.0 0.0 0.0 0.0 0.0 0.0 0.0 0.0 0.0 0.0 0.0 0.0 0.0 0.0 0.0 0.0 0.0 0.0 0.0 0.0 0.0 0.0 0.0 0.0 0.0 0.0 0.0 0.0 0.0 0.0 0.0 0.0 0.0 0.0 0.0 0.0 0.0 0.0 0.0 0.0 0.0 0.0 0.0 0.0 0.0 0.0 0.0 0.0 0.0 0.0 0.0 0.0 0.0 0.0 0.0 0.0 0.0 0.0 0.0 0.0 0.0 0.0 0.0 0.0 0.0 0.0 0.0 0.0 0.0 0.0 0.0 0.0 0.0 0.0 0.0 0.0 0.0 0.0 0.0 0.0 0.0 0.0 0.0 0.0 0.0 0.0 0.0 0.0 0.0 0.0 0.0 0.0 0.0 0.0 0.0 0.0 0.0 0.0 0.0 0.0 0.0 0.0 0.0 0.0 0.0 0.0 0.0 0.0 0.0 0.0 0.0 0.0 0.0 0.0 0.0 0.0 0.0 0.0 0.0 0.0 0.0 0.0 0.0 0.0 0.0 0.0 0.0 0.0 0.0 0.0 0.0 0.0 0.0 0.0 0.0 0.0 0.0 0.0 0.0 0.0 0.0 0.0 0.0 0.0 0.0 0.0 0.0 0.0 0.0 0.0 0.0 0.0 0.0 0.0 0.0 0.0 0.0 0.0 0.0 0.0 0.0 0.0 0.0 0.0 0.0 0.0 0.0 0.0 0.0 0.0 0.0 0.0 0.0 0.0 0.0 0.0 0.0 0.0 0.0 0.0 0.0 0.0 0.0 0.0 0.0 0.0 0.0 0.0 0.0 0.0 0.0 0.0 0.0 0.0 0.0 0.0 0.0 0.0 0.0 0.0 0.0 0.0 0.0 0.0 0.0 0.0 0.0 0.0 0.0 0.0 0.0 0.0 0.0 0.0 0.0 0.0 0.0 0.0 0.0 0.0 0.0 0.0 0.0 0.0 0.0 0.0 0.0 0.0 0.0 0.0 0.0 0.0 0.0 0.0 0.0 0.0 0.0 0.0 0.0 0.0 0.0 0.0 0.0 0.0 0.0 0.0 0.0 0.0 0.0 0.0 0.0 0.0 0.0 0.0 0.0 0.0 0.0 0.0 0.0 0.0 0.0 0.0 0.0 0.0 0.0 0.0 0.0 0.0 0.0 0.0 0.0 0.0 0.0 0.0 0.0 0.0 0.0 0.0 0.0 0.0 0.0 0.0 0.0 0.0 0.0 0.0 0.0 0.0 0.0 0.0 0.0 0.0 0.0 0.0 0.0 0.0 0.0 0.0 0.0 0.0 0.0 0.0 0.0 0.0 0.0 0.0 0.0 0.0 0.0 0.0 0.0 0.0 0.0 0.0 0.0 0.0 0.0 0.0 0.0 0.0 0.0 0.0 0.0 0.0 0.0 0.0 0.0 0.0 0.0 0.0 0.0 0.0 0.0 0.0 0.0 0.0 0.0 0.0 0.0 0.0 0.0 0.0 0.0 0.0 0.0 0.0 0.0 0.0 0.0 0.0 0.0 0.0 0.0 0.0 0.0 0.0 0.0 0.0 0.0 0.0 0.0 0.0 0.0 0.0 0.0 0.0 0.0 0.0 0.0 0.0 0.0 0.0 0.0 0.0 0.0 0.0 0.0 0.0 0.0 0.0 0.0 0.0 0.0 0.0 0.0 0.0 0.0 0.0 0.0 0.0 0.0 0.0 0.0 0.0 0.0 0.0 0.0 0.0 0.0 0.0 0.0 0.0 0.0 0.0 0.0 0.0 0.0 0.0 0.0 0.0 0.0 0.0 0.0 0.0 0.0 0.0 0.0 0.0 0.0 0.0 0.0 0.0 0.0 0.0 0.0 0.0 0.0 0.0 0.0 0.0 0.0 0.0 0.0 0.0 0.0 0.0 0.0 0.0 0.0 0.0 0.0 0.0 0.0 0.0 0.0 0.0 0.0 0.0 0.0 0.0 0.0 0.0 0.0 0.0 0.0 0.0 0.0 0.0 0.0 0.0 0.0 0.0 0.0 0.0 0.0 0.0 0.0 0.0 0.0 0.0 0.0 0.0 0.0 0.0 0.0 0.0 0.0 0.0 0.0 0.0 0.0 0.0 0.0 0.0 0.0 0.0 0.0 0.0 0.0 0.0 0.0 0.0 0.0 0.0 0.0 0.0 0.0 0.0 0.0 0.0 0.0 0.0 0.0 0.0 0.0 0.0 0.0 0.0 0.0 0.0 0.0 0.0 0.0 0.0 0.0 0.0 0.0 0.0 0.0 0.0 0.0 0.0 0.0 0.0 0.0 0.0 0.0 0.0 0.0 0.0 0.0 0.0 0.0 0.0 0.0 0.0 0.0 0.0 0.0 0.0 0.0 0.0 0.0 0.0 0.0 0.0 0.0 0.0 0.0 0.0 0.0 0.0 0.0 0.0 0.0 0.0 0.0 0.0 0.0 0.0 0.0 0.0 0.0 0.0 0.0029525412465343606 0.00034063690497005035 0.00011811527128790916 0.00028191909227196995 0.00016500029402816285 0.00040241827761353745 0.0005249706502626144 6.32043386506425e-05 0.0003139291362382315 0.0001857523662552157 4.9378084221403655e-05 0.00011157999584594328 8.286241470502716e-05 7.750165030723612e-05 0.00026286416331003094 5.674784317400869e-05 0.00014136869528391964 0.00035502171199724644 0.00045811270562287447 6.954854878041367e-05 8.820745270442031e-05 3.730175532040716e-05 0.00010608531562348712 4.76825185663976e-05 8.372622936366546e-05 0.002022082749029167 6.971733292576496e-05 0.00010915015747512521 0.0001261351773170442 6.949426469549902e-05 9.114195899203032e-05 0.00010383895825072869 9.799503454757213e-05 5.13997085605903e-05 5.538382050788387e-05 0.0002301442082070439 0.00011826920284423348 0.00023898901172165124 0.00025562624019159557 9.482703056654325e-05 0.00016727717914562365 3.676105061694855e-05 0.00040260054140731744 0.00035915627602581577 0.000179756801246965 0.00015013108088352624 4.0936430604534874e-05 6.665982355021712e-05 0.0003761035946494142 0.0008414704297698234 5.05865847253105e-05 0.00042373068725112947 0.0003182887588745424 6.167906770788343e-05 8.261098448271247e-05 5.7937973114097316e-05 4.519230118568956e-05 0.00011034205011444379 0.00010674909095029843 7.358760640484031e-05 6.75549718192989e-05 0.00017970578317226207 0.0006743690484125154 0.0001657735993651246 5.604884469459291e-05 0.00020479610237046576 8.493128523527705e-05 7.245982604070843e-05 0.00010851672071277307 0.0020055180359330673 7.730897865212132e-05 0.00017787377680161828 0.00021769936696536995 5.6057682368120554e-05 4.970820118733353e-05 0.0011743773725942544 0.0002431314686046301 0.0009976552804460482 0.0005635106756092826 0.0005949415351121704 0.00014365663234447668 0.00047416153326224216 4.7342370108846316e-05 0.00014954404298526386 0.000748977663380907 0.00017040384045021202 4.98853610755839e-05 0.00012772862810479717 5.103273526781413e-05 6.030514250082885e-05 0.001237805953870458 0.0009057070918352833 4.798733894695882e-05 0.000335215552672646 5.279619141635574e-05 6.893879477957639e-05 4.916450651724857e-05 7.784261589093607e-05 4.662336048200796e-05 9.944405939136302e-05 5.504728739700565e-05 0.00018265150303789387 5.888089228321385e-05 4.790582655028351e-05 0.001580064086824611 4.278171230568696e-05 0.00027385452362895185 0.00020989145452620639 0.00023479441574586861 0.00010464459952988367 5.1441159148619804e-05 0.00010688043476548091 0.0013384526822366064 0.00012069016122360436 9.260057226411209e-05 8.916115022918887e-05 7.061723593939571e-05 5.076576017190935e-05 7.30750976374862e-05 6.465960484740346e-05 5.2286047142878035e-05 9.955883803931113e-05 4.5223993232521407e-05 4.504850569522299e-05 0.00011613898217036372 0.0003589915912862089 5.948686694909241e-05 6.905290980113688e-05 4.915965540877446e-05 6.69449344043677e-05 4.31709545202967e-05 0.000356197272672511 0.00034915378029316824 0.00026574274848961763 0.00012521061690029065 7.000490671649682e-05 4.541998630473856e-05 0.0001312742842024186 3.700507380234055e-05 5.3684828130004536e-05 0.00010287159495531811 5.69030837781308e-05 0.00010567029086275784 4.024903407863368e-05 0.00035127326761563287 0.0003893478194753628 0.00011368109633257577 0.00016294312573905597 0.00014168702902229915 5.179123688153081e-05 5.100785548449209e-05 6.114585289388114e-05 0.0002878028848155336 9.815434337386168e-05 0.0001429367817946633 0.00048516467639842984 0.0006123899735727337 6.244721838711062e-05 0.0001035599586176818 6.129985200072318e-05 0.00013584861711069825 6.345674161583566e-05 5.7303430049268105e-05 0.0002167590296923961 0.00015050171553311202 5.270062243295755e-05 4.420663738964081e-05 4.597585374281017e-05 0.00026862618749771115 4.1180259395571173e-05 0.0011797874252491485 6.0124414724247066e-05 0.00017357217812338747 4.285645255708626e-05 0.004872749506957654 0.0006340889633608723 0.00018053001250481422 6.490445499864079e-05 0.00028118671572756787 8.576683865096724e-05 6.365363312027057e-05 3.880934600098305e-05 5.4490714673861535e-05 0.00013346251997551804 0.00011178848538585185 5.59036080788961e-05 4.914652808882209e-05 0.0004405521018437754 0.00023145288700054167 5.738350244310928e-05 8.561418306470657e-05 0.00011498892265790795 0.00022114719999651516 0.00010064202242984764 0.00027688481276806723 4.9426721634224e-05 3.2050743944271136e-05 0.00020250329032662042 0.00020482950541378194 5.0908023104364106e-05 0.00015629406626440276 8.427628986182472e-05 3.7958023979783916e-05 7.2292945179999e-05 5.512067267038805e-05 7.425024813750261e-05 8.067415467717196e-05 4.5977887223702686e-05 0.00010166159916990296 5.904831169686317e-05 7.131687189161307e-05 4.4126789976731786e-05 0.00011689757046881992 3.342346098420602e-05 0.00024111659202139451 4.355940201694878e-05 5.836599216775401e-05 0.000713102872096865 0.0003584821000535255 0.00010514647047920159 4.3987657102097335e-05 5.515408250626593e-05 0.0034477436595252643 0.00019051349382252997 5.2375385339597056e-05 0.00012308262410943386 0.00016841838596236332 0.00013445530244197382 4.980071396227604e-05 4.109790389271252e-05 0.00016458593995301348 4.732142863437662e-05 7.539536515857224e-05 5.685562021362549e-05 4.591908072356744e-05 0.00010419440810621111 0.001372505398544498 4.2620013463791275e-05 6.14250082729953e-05 0.00021903758897461197 0.000498901522867226 7.422062379437537e-05 6.302450780493494e-05 6.484322307504647e-05 6.169257576633868e-05 6.773407637309227e-05 4.887133378578152e-05 0.0017234263391597798 0.00044003203880550187 8.832417978677205e-05 0.00025568546829264117 0.0004365911054571393 8.401413420511099e-05 4.916231731516396e-05 0.0016437882245910447 5.957874201054896e-05 0.00018722867989105627 3.89612961586876e-05 0.000940160408796345 8.593531002763782e-05 5.2300448884826456e-05 0.001493212245357563 6.372784823290742e-05 0.00078568426642129 5.122435864499077e-05 4.3170818909593e-05 0.00011708885305864706 0.0003348481899651064 0.0001768436984273862 0.0005408282479630542 0.00014099347371559603 0.00019883166559093353 0.0002031125813161887 6.933590181054037e-05 0.00025073413397773685 4.176846225168947e-05 8.196932002308796e-05 0.00017844199399956673 0.0005415377349166633 4.334504931612399e-05 3.8047216691756576e-05 0.0004964035483123678 8.949126284019652e-05 0.00010445226006826973 0.0005912380652079066 0.00035248671656378547 0.0004305616978113478 5.274695095721658e-05 0.0004704973209130567 6.292868608155522e-05 4.1875920136505686e-05 5.2303246411373284e-05 0.0012063674353742632 0.0007242415892050898 0.00015177100249102313 0.00015312991398658515 7.011889207097565e-05 5.09507729549148e-05 7.30695573058493e-05 6.917981582725774e-05 0.00010180084167817618 7.228443549923903e-05 0.00010499466886678048 0.00040120494169657895 6.437442562054901e-05 0.000414385016509559 0.00012379173532758506 0.00010806809230705418 0.0009414134257898389 4.8267812571928117e-05 0.0003427741179878634 0.00048102579294912796 0.0003897322427961674 0.0005115384363409385 0.0003705219122409488 3.9282719651134706e-05 5.5786105685824666e-05 0.00017532705620797932 0.00012416681502940108 0.00010305068140975219 9.698710849373049e-05 5.2003004958642787e-05 7.560640980177004e-05 0.0002722043026890016 0.0002336824013066777 0.00010629938393904284 7.942434894012963e-05 3.8781238136594144e-05 0.002101615567386403 0.00010160246568514176 8.275369028612412e-05 0.0003479347747425545 5.0687112942776785e-05 9.143354790343165e-05 5.202570162816846e-05 0.0002667619994467649 5.7324691589405585e-05 5.1845465406221804e-05 0.0012278736812508515 0.00038653811735133624 7.011975006483988e-05 0.0008573344488944266 0.00013764630563705487 7.6861104145893e-05 0.00027732173525535006 8.180687666998346e-05 4.424306612267917e-05 6.586832060090917e-05 5.106254564870371e-05 6.500223044066979e-05 5.407865385102385e-05 0.00025357747153065605 5.081538705001232e-05 0.00010268315012859715 5.046249226791931e-05 8.71543361349691e-05 0.001553060433451644 8.625713162022794e-05 8.543015599885633e-05 0.006516457474966571 0.00018797635620663303 0.00019564076152744987 7.80067189644458e-05 5.758216594660084e-05 5.7805209456426595e-05 7.340111619589076e-05 5.8998017239862024e-05 9.284207398233789e-05 0.0002540412771793684 0.0007676783727710374 0.00010423381167858067 7.264773709654894e-05 0.00010655800415322959 4.727215015232829e-05 4.163477048772735e-05 8.670122363453574e-05 0.00037851029730831483 4.5123813766659724e-05 4.329002301129358e-05 0.00013339514035603462 0.00020487756761319121 0.0005214209913065092 0.00010548854268350916 6.052252519696566e-05 0.0002062816959613655 0.00013691703265714757 0.00023159209117694309 0.00014027629745217327 9.026555143060954e-05 5.3542788526924484e-05 8.738893395927905e-05 0.0003160732765112023 7.93747238073908e-05 0.0002584013051293768 9.59181562716341e-05 0.00016695059901631316 5.385015461635669e-05 4.975644779508687e-05 4.093883231797832e-05 7.426032880303575e-05 5.544665297390313e-05 6.391779062251772e-05 0.0002976954036731506 0.00012652730999040517 8.353405888726585e-05 4.316439783221105e-05 0.0003907872275968696 0.00031677157093562027 4.554332510551279e-05 0.001594453453670513 9.557922283671578e-05 0.00011690128015151802 4.3874811810483386e-05 3.817638043766089e-05 4.334428865063263e-05 6.978152375642644e-05 6.27570651938057e-05 0.00014710234146384947 0.00035660410185890483 0.00013534254167246702 7.679807954693557e-05 8.094617334789403e-05 5.6639436632691e-05 5.9352506609433607e-05 6.99916017389805e-05 0.0009447690030825771 0.00025859087415102495 0.0003273970621472888 6.092136087838997e-05 0.004482792159140489 0.001944441694836564 0.0003797110818867511 4.836556465903005e-05 0.00013387288306120204 4.812970107990951e-05 0.00012514130372394722 8.140212564603668e-05 0.0014117233152587043 6.504691701946573e-05 7.393482217249232e-05 5.375790433547012e-05 5.843465733756356e-05 0.0003481298715698576 0.00018502702189349108 0.00017428769643262456 4.528444339471393e-05 3.654960512905098e-05 5.147234497651092e-05 4.728909162014007e-05 0.00022086712308505544 6.016668022659139e-05 8.609441177980785e-05 0.00010088816476255264 8.427300144671636e-05 0.00019744882753645876 0.0001215837082001897 0.0005513549552085528 5.437122043052242e-05 5.369480754290999e-05 5.0282803675359515e-05 3.7927084490815966e-05 0.0002351624698020783 0.0002818416258042073 0.00027026506132292547 6.642245479017706e-05 4.0122938466807066e-05 5.903081630461851e-05 5.027354087356154e-05 0.0016510306891415667 9.645816742559387e-05 0.0010250034649901263 4.770148379688577e-05 0.0002456386535622969 3.795573318087036e-05 7.026068100245307e-05 0.00040429614598915534 8.169797709219876e-05 4.416778046185765e-05 0.00010935806393193001 0.0001266559033798911 0.0002170199920842272 8.144937999936342e-05 6.748393290711243e-05 4.512878169270546e-05 0.00014196854334029137 0.00018493880705806163 0.00019795753392955654 0.00022219296698722281 9.90250112526849e-05 3.940347942214754e-05 5.488491635106266e-05 0.00022477951026178756 0.0001226958921249341 9.656837419857997e-05 5.2814255693986024e-05 0.00035424639675053304 0.0002669699947619527 3.890293508808236e-05 8.201811145631958e-05 4.632795530596034e-05 8.234647724366108e-05 0.00017881098552885335 4.365953593871925e-05 6.355860076256343e-05 6.963597250032427e-05 0.000783761736954425 6.911743887589569e-05 5.463624426154348e-05 0.0001010950302216797 3.97372822392126e-05 0.00014201146330715574 0.00048442101778248037 0.0007439530952859102 8.092323699988585e-05 0.00010925684366285454 0.0015271593774855092 9.86909503206656e-05 8.928263420759604e-05 9.514333990371418e-05 0.00015065142177042305 5.397796190840004e-05 6.285519084074199e-05 0.00010985712212699465 0.001257905692964807 4.30424186297688e-05 0.0010005129050968502 4.6635829444110044e-05 0.0001650243680568196 3.994908276250615e-05 5.849718393998936e-05 0.00011131425184819372 6.383918969680897e-05 3.6490545975012065e-05 0.003535440320303998 0.00031948034695247985 5.517221241314121e-05 4.0837181141717e-05 0.0004254676583014983 0.0009225171261824676 5.061403282620233e-05 0.00027945715355868757 5.665701051495238e-05 5.6462649294939465e-05 4.3817152250944095e-05 0.00014143458498984044 0.00018941017225661044 6.345041890154463e-05 5.232692331375176e-05 0.0027618889707660523 6.136055092174554e-05 6.569622332613827e-05 5.7004100166668585e-05 0.00012605515345634756 9.287369673165396e-05 0.00011476590889682257 0.00044522245618254215 0.0003402171315670838 9.447982995103311e-05 0.00015789663876995932 5.299419874316399e-05 8.396097240628683e-05 7.404132150793233e-05 6.289264738162612e-05 4.100316355169449e-05 0.0002209819860482791 0.00021534211080637537 0.0004281988063961373 7.521921149041635e-05 7.05162609025091e-05 0.00026860482146543976 9.71750672124344e-05 5.3623817012079726e-05 5.532455743313931e-05 4.862134688148451e-05 0.0001393716354948429 0.00020652108059057906 0.0037861074263890846 0.0025560345923572674 6.1090483221183e-05 6.270576317235359e-05 0.0005925074981726369 0.00013939940754522563 6.205736603038634e-05 5.680661702860088e-05 0.002826632598793396 5.394962051630988e-05 5.224504199039566e-05 5.0495216824282545e-05 4.492448170928965e-05 0.0010441255403833912 4.338906130659835e-05 0.0007707266475141694 6.066607779799992e-05 4.43425318987389e-05 4.786433661579158e-05 8.901883137269505e-05 0.00017079893914968928 0.0008463805582411847 7.26069725342058e-05 0.00027213135852881195 0.00024170728415617935 0.00024892185579150703 5.67839137182193e-05 8.800830669623934e-05 0.0004916243781292817 6.224894887351458e-05 6.452668990394427e-05 8.919100651889928e-05 0.0002910685254230989 4.9281560422575484e-05 3.651347942237655e-05 7.3089169847958e-05 6.137560135794277e-05 7.962600647342756e-05 0.00015645858469958082 5.1054668732893005e-05 9.780275057955619e-05 7.215349778996929e-05 5.144983149759655e-05 6.181718081529695e-05 9.226262246675657e-05 0.00022007046274599395 0.00012717262194675546 0.00027347441327597405 0.00020205597435026229 4.386448956158671e-05 3.800565367364629e-05 0.00012535263480643495 7.957103453287739e-05 0.00017471242113319677 0.00023621942228031412 6.313334598168209e-05 0.0009017622837555678 6.97109185903846e-05 5.201961343772185e-05 0.00036210554843650274 0.00010020459050527703 7.927890482195084e-05 0.00011673801399762757 5.1328160123289235e-05 9.97594961323018e-05 0.0003976132739318525 8.989361725390145e-05 0.0001741558204187237 0.0002298373063671769 0.0002348663943505587 4.735256221862572e-05 0.0010288877647041516 5.31424149354333e-05 8.744107091602792e-05 0.0001372365756118384 6.331184061040885e-05 5.694533106774733e-05 5.7342662361324094e-05 0.0001238384621736543 0.00014229592683496554 6.015726729120104e-05 9.373943711390627e-05 4.983738969299692e-05 0.00011410713483993603 7.559889200907453e-05 6.898466255657482e-05 0.00015383236526498196 0.00017875585181649473 0.00030341761210499446 0.00012817150520746858 0.00031402615581461877 0.00021653042286803737 0.00010850884661657758 0.0001420988847458194 0.001644987915309011 4.7297636451461674e-05 0.00010392622959501105 8.237850232460032e-05 6.18412840223943e-05 4.4597476702509694e-05 0.00017692491681990853 5.27624252235422e-05 7.804579196101412e-05 0.0001532925123426438 8.154501802881575e-05 0.00011465885012796177 7.822564981779483e-05 6.64147795662529e-05 0.00011862491742171914 4.273713495375809e-05 0.00028007699178334954 4.740092608486786e-05 7.166055989621414e-05 0.00042766107236453404 5.74748275825363e-05 0.0007098575185702281 0.00011191088334934098 0.00010690658896577812 0.0015602712595765619 5.844225954624417e-05 7.019555157324961e-05 0.00010930317968938523 7.275566525768472e-05 4.468312671155743e-05 0.00011098843356459017 7.534529529720188e-05 0.0003689877993098325 6.494955700128515e-05 0.0003201257472494973 0.0016770513682449278 8.74436263877445e-05 8.901599609477082e-05 8.147101633173405e-05 0.00011810416471226247 0.000119929693358241 0.0022607560506145955 4.460450383283557e-05 0.0001330024803730551 5.579719230860951e-05 6.451292492657348e-05 0.00038308283414395045 5.180194401994182e-05 8.877716533846226e-05 9.08009182391356e-05 5.552189826948869e-05 4.10223355511318e-05 6.540866994827471e-05 0.0003997775687062339 0.00017116447005961825 6.537680219549244e-05 4.6963021592923376e-05 6.375635138487395e-05 0.00016029821912779413 6.954041097193642e-05 3.4985107124240025e-05 5.78584272398592e-05 0.00012888764155606966 4.982052269826804e-05 0.0002964679299299683 4.555883846713098e-05 4.898685175185913e-05 7.808902548071608e-05 0.000214487566338132 0.00019631665682694958 9.628861874652081e-05 5.347828324784848e-05 0.0003895939596603367 7.079267846765879e-05 0.0001099089248802361 5.682020040056246e-05 0.00019085997632579328 0.000252023094710061 0.00020511717051996536 0.0010886698271738138 8.075927939336543e-05 0.0001812298312706557 5.273089262274994e-05 0.0002860408474752733 4.870499781474787e-05 8.389335102124648e-05 0.00016175464434934643 0.00014369691201380675 5.994466064200731e-05 8.148647321078638e-05 0.00016098770940498508 4.6473910414076904e-05 5.305393364810301e-05 0.0002266315176840202 0.0001587514811172118 4.728893667299295e-05 8.17755237821019e-05 0.001114676219552248 0.0019430666383605205 6.940303906420228e-05 0.000112722462397167 0.00026151768693726256 8.435262320424519e-05 0.00013066236253747083 4.5080996223472214e-05 0.00011725526002330561 5.218092070310171e-05 0.00039818254671873725 8.66866584612884e-05 0.000131215416899091 0.0004073166215801021 0.00011417930563507528 3.999499609841042e-05 4.849124171925344e-05</DataArray>
<DataArray type="Float64" Name="heat_i_to_j" format="ascii">9.854239421396262e-08 1.6368459713216133e-05 -9.466713436707581e-06 -1.0873268360379773e-05 -8.48687748333045e-07 5.129761379022477e-06 -1.3562523456849008e-05 -4.455413034052386e-06 8.248110777516764e-06 -4.9460528497035925e-06 -2.2137277551450964e-06 4.062303040196669e-06 2.643850122364015e-06 9.726308404629139e-06 -7.728179613139069e-06 5.016979480507708e-06 -7.98096890540737e-06 -2.6263009838985415e-06 -1.8166956561445466e-05 1.8960174357974893e-06 1.1234911839434011e-05 -1.0553541131892495e-05 6.262073070098251e-06 1.1761189470778817e-05 -2.399960612343751e-05 4.265496324296582e-06 -1.014216988469899e-05 1.310074205403952e-05 -1.720531949029239e-06 -3.765038821255936e-07 -1.2822841915728403e-05 6.024281800139672e-07 5.2546839065260936e-06 8.743937757361179e-07 1.3271505716738055e-05 -4.235865039275996e-06 -2.4280494903426448e-06 2.7225535075274593e-06 4.193058687461789e-06 3.857376887109378e-06 1.1006050501121345e-06 -5.558606513641409e-06 -2.3753516161907577e-06 -1.78286765845234e-05 -1.4215218980335623e-05 2.1627944013613731e-07 -5.240616278434738e-06 1.1939160733867268e-05 -1.4529681496839937e-05 -1.7783170933473633e-05 1.3671945213985762e-05 8.3131373397626e-06 -1.0677381167036878e-05 -8.024870064716907e-06 9.933298505941771e-06 2.5405722351254397e-06 -5.940534400248298e-06 -1.2571892199588858e-07 -1.0841152021679611e-05 1.6791358521829533e-05 1.6129332753262338e-06 -2.810938376522617e-06 8.31197939655786e-06 1.679518670170108e-05 -3.750243924898626e-06 -8.829607320913835e-06 -1.004360466476916e-05 -1.7820230759294067e-05 1.2762258651501935e-05 1.1489227456367395e-05 2.080515440133459e-06 1.549058764905886e-05 -1.7022556360409566e-05 -7.395211014593565e-06 1.8012925263708649e-07 3.7160390066863244e-06 1.4903170858240904e-05 1.112555910398421e-05 -1.0759411501700546e-05 -1.543763199148908e-05 -9.011654656836718e-06 -4.890559558971866e-07 4.101279363950626e-06 -5.902215367785001e-06 1.3652826164494361e-05 -1.522653610265749e-05 4.300843930740686e-06 7.361443050525132e-07 -7.84892067374226e-06 -1.345224227529809e-06 1.0587727311569329e-05 1.3876940692946569e-05 -7.235964800352473e-06 -9.10259357306749e-06 -1.0155050899205591e-05 1.6459644210455495e-05 -2.0555035792477752e-05 1.796648148795021e-05 -6.013548867743257e-07 5.638334582325261e-07 6.070191179214298e-06 1.4694719588627198e-06 -3.8633304390775746e-06 6.31726242845696e-06 1.3621295128159572e-05 -8.95941859416618e-06 -2.1434486517269324e-05 6.359497468692876e-06 2.2368603700615723e-06 2.2926741479187894e-06 2.0365115627505575e-05 1.3273097585097294e-05 -9.581506740875376e-06 1.2956497809311025e-05 1.2521837133979808e-05 -3.7227970670448388e-06 1.3015315746155705e-06 4.564614869257324e-06 1.2666838425518313e-06 1.3306156271752358e-08 1.0486997901092242e-06 1.816302052724678e-05 -1.6661597993936794e-05 -1.4320954298870671e-05 -1.205256910672124e-05 1.0440070254927928e-05 -4.449953942742733e-06 5.166563730433246e-06 -6.1657938134615e-06 3.908246733414785e-06 1.1797386542700648e-05 -5.3570408946398614e-08 4.84310978132073e-09 -2.1532041556719285e-05 -9.374133091590698e-06 -4.412549176580362e-06 -5.089458602131306e-06 -1.8324922935247795e-05 -9.577035289357653e-06 -4.040331606011914e-06 6.33237144252204e-06 -1.8570767669009995e-05 6.261152681481688e-06 1.5207423872982051e-05 1.724075817939079e-06 4.4816522915045865e-06 1.4335766628978723e-05 -6.23448139071355e-06 6.719723782605344e-06 9.037760489366507e-07 -1.3682358947110838e-05 -9.109609833477145e-06 1.3492943875242099e-05 -1.6055928315982534e-05 1.669811214310769e-05 -7.184045697962718e-09 1.2317048073291973e-09 6.221884982567984e-06 1.883983804696962e-06 -3.912810099783549e-06 -1.1496797928961203e-05 -1.0187212536462041e-05 1.3468849334603613e-05 1.4933773659843042e-05 -3.978049909707788e-07 -1.03839176075853e-05 9.716975295376916e-07 -1.000622588429607e-05 -4.781272932726207e-06 -1.7418343754902868e-05 -1.614932452268892e-05 3.2259781094046774e-06 2.1730420625442632e-06 -2.690310913417249e-06 -1.148852355970791e-05 2.140292266328383e-05 1.97567123989253e-05 -4.039759084515309e-06 3.208174776056689e-06 9.087505126574186e-06 -5.619116648586215e-06 -8.665857520746358e-06 -9.03570051771188e-06 8.167775336502358e-06 1.0837851719956087e-05 1.9758894939702524e-05 6.267953507447581e-06 -6.8397373608969096e-06 6.126212610672157e-06 -1.1862351881808542e-06 6.025229912672361e-06 3.8146153728702994e-06 -2.2303039345484403e-05 7.2590889670580285e-06 2.2153470988387906e-06 -1.3390998476297504e-05 1.4237582846923719e-05 4.211274668269821e-06 9.252500867215337e-06 -7.332583558138994e-06 -6.977776347941302e-06 9.602942351653342e-06 4.682331840046634e-06 6.92372124422811e-07 1.4948703756470966e-06 1.843820599768556e-05 2.1490919383361677e-05 2.8887997924062826e-06 -8.111973893368273e-06 1.616771283970265e-05 1.0001395339221557e-05 -1.6769573032209386e-05 -1.1865924157460625e-05 -9.34606562796701e-07 3.05261728711839e-06 1.1875446957903501e-05 -1.7815469769414105e-05 -8.168031966624059e-06 1.3584407599219934e-05 2.505353968240163e-06 3.575310881197393e-06 1.708677089664375e-06 1.3143149713132978e-06 -1.4975752628065554e-05 -1.74696795681604e-05 5.934793504314126e-07 -1.0142539970079116e-05 2.1116249927743207e-05 -8.14165228908416e-06 1.7071331426569914e-05 1.530077474009833e-05 2.0701017554695338e-05 1.7593039927839312e-06 8.272104069738353e-06 1.2151992699954525e-05 -8.848385248151387e-06 -3.7337477213563243e-07 -1.2961640742243826e-05 -5.533527134730554e-06 -5.537849896547381e-06 1.5000538727223439e-05 -2.3135865338283798e-05 -4.3097163879711545e-06 -2.8252585543609e-06 -5.80677249124991e-06 1.4111768215544093e-05 -1.923889336810639e-05 1.9970762957878018e-05 -4.874859541385259e-06 9.858731886812562e-07 -3.3306851107464373e-06 -2.470152687889739e-06 -8.911082794146027e-06 6.934747216050342e-06 8.882977274860526e-06 5.4843784289437764e-06 -8.835049055006621e-06 2.929928972155127e-06 3.4941866915731165e-06 -5.328266882595187e-06 -3.943740541948408e-06 4.44528527789572e-06 -9.578776376169092e-07 -4.7113764585409045e-06 -4.5594773968751535e-06 1.3102145084750098e-06 1.1304565838900783e-05 7.410477833042599e-06 -2.862157346140417e-06 -1.745913824950992e-05 -4.5870931852736135e-06 -4.755025045082986e-06 -4.324455152372385e-06 -5.800804723643039e-06 1.652739616195473e-05 6.458965883367921e-06 -1.3628064552036565e-06 2.1317489090282495e-06 3.3669698461402557e-06 2.48705598637514e-06 1.2174291932158654e-05 -3.5316321421645583e-06 5.426425753661979e-06 -1.0743726958572188e-05 5.076889035634703e-06 -5.042667002717619e-06 -5.383732419001005e-06 6.116139730324714e-06 -7.870140158797804e-06 1.1106409955594938e-05 -8.08036659585597e-06 -8.750474330390677e-07 1.1920019468345824e-05 -4.615245568158738e-06 8.591149217665767e-06 7.644629555185522e-06 -7.107677692789859e-06 1.593146750474711e-06 -1.3410604796010313e-05 -2.0977803578973694e-06 1.2813784517991549e-05 -9.414134450792364e-06 1.353710528173449e-05 -2.391718480435795e-06 -1.92199634679698e-06 9.202654669358657e-06 -4.903739394087901e-06 5.883954336386117e-06 6.453401508355046e-06 -3.1612251950739353e-06 -6.831646408944213e-06 -6.7227358559197475e-06 -9.167054329269682e-06 -1.0173036407433928e-05 7.586882693003451e-06 1.647287567396411e-05 -3.0228161164609243e-07 1.0514703501820895e-06 -6.066630385598593e-06 4.007791511918994e-06 -1.0024407794700752e-05 -1.2218057670477208e-05 -9.271356647505033e-06 -7.148603620192972e-06 4.780545907499789e-06 7.03349795447025e-06 1.4880811411835015e-05 3.4321454244947072e-06 1.2852876761429154e-05 -1.0158003709366292e-05 3.1326354275899417e-06 -6.493034836478673e-06 -1.3596096063191444e-06 -3.1442920404641454e-05 1.837413150404226e-05 -1.00359824657197e-06 9.860432121585561e-06 1.3340683139610416e-05 -1.0145365915441552e-06 -4.547016079255998e-08 -1.71206936575418e-05 2.324700632781663e-06 3.824278480599605e-06 2.5557499840080404e-05 3.8028318857591594e-06 1.4908679780614134e-05 -3.4919707049161947e-06 -1.761693346950146e-05 1.728768974745615e-05 1.0746886200776855e-05 -6.678569016003022e-06 -3.126867429739286e-06 -1.9228053257078275e-05 -9.362407083552983e-06 -2.2255493583987935e-06 1.009408348150429e-05 1.0276434304951256e-06 1.6085094480891714e-05 1.5097983174648992e-05 7.687584331007641e-08 6.303656356066112e-07 6.238477574355896e-07 1.699480632133237e-05 1.1380399150723519e-05 9.442875223220787e-06 -1.6277337430192793e-05 1.2676622722983771e-05 -2.088034962519772e-05 1.5421872339065285e-05 2.2734614207666208e-07 4.040382547797875e-06 4.6240323188368065e-06 1.0328582184900791e-05 3.2276604963792754e-06 -9.855457253263119e-06 -1.9095243446642998e-05 -4.202752096117365e-06 1.910860772072195e-05 -2.298750117113794e-05 1.1420345421746081e-05 1.1820790459769045e-05 -4.617861561209873e-06 9.463044549783773e-07 2.1038528465956113e-05 1.0816200545873783e-05 1.1244404825204186e-05 -1.3921974913589254e-05 2.943737650378646e-06 -3.990041936129159e-06 1.0216238037881425e-05 4.938856233814131e-06 -4.512007787781843e-06 -1.054022186249762e-06 1.0437380934071496e-05 1.4026944515270047e-06 3.091913325369411e-05 4.807967423924939e-06 2.8863921263571236e-05 2.11026885283669e-05 1.3390971943528945e-05 1.505732777398617e-05 -1.5834123744278843e-05 1.4686548149369612e-05 -1.4437023494101142e-05 -3.7514019980120986e-06 -1.7520827592277875e-05 1.6030746248926183e-05 -8.69726311273124e-06 -1.163146312220639e-05 -1.5090191090956894e-06 1.1046294695624173e-05 2.627151947850223e-06 -1.0486153415855135e-05 -9.408659971452109e-06 -1.5864814952478838e-05 -3.0858411446218593e-06 -4.134509054612954e-06 1.3614620432295936e-06 1.4623262651004321e-05 4.481896878604078e-05 9.43308553364896e-06 1.805446112496147e-05 -2.159639184705934e-06 -1.0606663790300188e-05 4.9568185570345005e-06 -1.811339985471519e-05 5.268528472071097e-06 -8.6854195907008e-06 -1.6257393765914224e-05 -8.002280051429598e-06 1.9193690536376687e-05 -3.1485887224505023e-06 1.2961723692911002e-05 -5.165628301462857e-07 -2.1562271644134356e-06 -1.3050902755412147e-05 -1.2559567711275649e-05 -7.961520538350396e-07 1.790390175766105e-05 2.0813415560707426e-05 1.2584814949588471e-05 -1.9192624373651765e-05 1.1716267346972339e-05 3.4535678496035817e-06 -1.3696453124311863e-05 1.2929530043850414e-05 -5.7293256778759195e-06 -2.8199586527145888e-05 1.7631305553905543e-05 1.8944332495596774e-05 3.6057653718923053e-06 -3.600466988503848e-07 -1.4465454459565649e-05 -2.1850607841775335e-05 1.2879393737817339e-05 5.7999699361836255e-06 -5.611782575450144e-06 2.576453358543152e-05 8.676605630429627e-06 1.529446940620173e-05 -8.599346400563856e-06 1.3141977820635786e-06 -2.2907689696123855e-06 -3.262323721653084e-06 6.8251171549328275e-06 -3.379162012959056e-05 1.722866646770421e-06 -4.382820492767257e-07 8.220544491802143e-06 7.984794676192525e-06 3.5031150490935764e-05 1.214219014625489e-06 3.4067736489591406e-06 4.791261837192548e-08 6.969113128831416e-06 -6.393297448211231e-06 -1.9785416051069543e-05 -7.00579942294685e-06 3.43920377371428e-05 -6.765440951932416e-07 -3.647515243446893e-06 6.547596472496165e-06 -1.346494814520073e-05 -1.964484278104473e-06 -4.4712610187112e-06 3.33466063631364e-05 -2.31274898363567e-05 -1.578171222893293e-05 2.550787024116731e-06 2.5055391146949926e-05 2.6779993480454274e-06 1.1232091508593394e-05 -3.0426074136664023e-06 9.265264410822976e-07 -1.866160469923219e-05 -4.829893324854733e-06 -1.709227389277269e-05 3.602499485251017e-05 7.326660338553959e-06 -3.815745846342585e-06 -3.571187277711658e-06 5.45423560125632e-06 -2.8456355716895128e-05 2.714591325578822e-05 -1.7017647700172855e-06 1.153483059162417e-05 7.096032687752466e-06 1.556334253727221e-05 2.7024091552700887e-05 -1.1854865445683085e-05 -1.558351648851513e-05 -7.385982118393333e-06 1.6201686117983627e-08 1.2511373030194983e-05 -3.0499399640668743e-07 3.884114517292944e-06 -1.2505321815516494e-05 -3.27776520561824e-06 2.1097174720527083e-05 -1.2506485145703216e-05 5.194648340892614e-06 1.8649306271086685e-05 2.441757616275602e-06 1.0198007973977279e-05 -9.123239654152844e-07 -2.422042382859808e-05 2.074212721708027e-05 5.468810673318089e-06 6.833972616370617e-06 1.6607060231178733e-05 -3.811930410807343e-06 3.4594601638978203e-06 8.337941960063025e-06 2.064376573521167e-06 -1.2486555507174564e-05 2.614443875362866e-06 2.8864008876446738e-05 8.363718776355078e-06 -1.381618439620676e-05 1.0511367596403898e-05 -4.689670239409156e-06 1.347331802958231e-05 9.337290300514192e-06 -5.556099606385235e-06 -1.2608965806838813e-05 -1.8839932560696312e-05 1.0524864726870275e-05 1.3330395869829536e-05 -3.7405085981722485e-06 -4.112381040575717e-06 -6.561470190894774e-06 1.542281657654515e-05 1.3948389892636408e-06 -4.994837247226848e-06 -1.664223552039487e-05 2.3065788965849802e-05 2.1435429214305418e-05 7.010164991670442e-06 2.480163699567404e-06 1.5113433636046466e-05 -1.749347969316514e-05 1.6694547281045108e-05 -2.4512122480327652e-06 -7.719916716765466e-06 7.252071242982479e-06 -2.107639466884074e-05 -2.2680543860858946e-05 3.11525794885261e-05 -5.645021922740217e-06 -6.1675561980790356e-06 9.737545464925271e-06 -7.563248123407518e-06 -1.4845482558231332e-05 1.3423804570785355e-05 -9.6308511682704e-06 2.1368069068752212e-05 5.5477588292743e-07 2.5195585146016653e-06 2.9257708148948487e-07 3.552788677946552e-07 -1.7503031170882288e-06 7.006940043164649e-06 -1.8577386941509942e-06 -2.9874675100609522e-05 2.9695808882160698e-05 2.4128056746509423e-06 -9.732069701431004e-06 8.478622884745713e-06 -1.89220609376623e-06 -1.8143971538545105e-05 -3.6394184484965682e-06 1.0079585527743078e-05 4.720697358281467e-06 -1.8090649666988993e-05 2.90506471700529e-06 5.153825071905489e-06 1.2791003413040971e-05 -1.2801117094254194e-05 1.256884888630726e-05 2.199683021735025e-05 1.111326426566985e-05 3.8427708986966515e-06 1.7372906186647346e-05 4.130277492665754e-06 -3.19119734681934e-05 2.0905063721622208e-05 3.135722530636309e-06 -1.738042366065018e-05 -2.574888744241993e-07 2.3924119353588444e-05 -1.481303471532197e-05 5.608145500657991e-06 -6.42702630290457e-06 6.49803714287719e-07 -1.0933656815828475e-05 4.543334437993733e-06 1.565060716739652e-05 -3.840600839541276e-06 -1.3675062519531854e-05 -4.0155891737184275e-05 1.9371884696505167e-05 -1.2240586160840963e-05 1.431481805079783e-05 -2.015449246340794e-05 3.7849865130405905e-06 1.706754142029196e-05 -9.541517094504654e-08 -2.241619357260785e-05 5.187580062479372e-06 2.207808207354736e-06 -1.1723908532111933e-05 5.04594783764907e-06 1.4170887751958528e-05 2.1344303804117565e-05 1.5531868087623514e-05 -2.4506147246890464e-05 -1.988514755258315e-05 1.150635449921045e-06 -9.204267990122214e-08 2.390337103641288e-06 -9.11954625280001e-06 1.5766175544000588e-05 -2.0298891057303366e-05 -2.5852738899860276e-05 -8.74995707931936e-06 -2.6765449206466707e-05 3.492783772562448e-05 -7.1244560477797485e-06 -2.7428501976765963e-05 4.826502915558951e-06 4.348521000146255e-06 -1.0260831374753971e-05 2.4155456130737583e-05 7.956563411302287e-06 1.487398088075901e-05 -3.132220404415178e-06 2.120823429604109e-06 -1.512813479368812e-05 -1.3506526327571925e-05 -6.9853866311995275e-06 -8.551916526344368e-06 1.7503293931413234e-05 -1.2823732536244951e-05 -1.2706287322845901e-06 -5.688811548600996e-06 -2.027104081085818e-05 -4.634688752960143e-07 8.790069332992192e-06 8.893815625504077e-06 -1.0786905430729192e-05 -3.510803910849116e-05 1.194359845321016e-05 -2.0019678712597052e-05 2.934713551331257e-06 1.2437512316817399e-05 -1.6233531231764912e-05 2.2467525307523798e-06 1.0184859707333571e-05 1.9314035806023706e-05 -8.46240938985059e-06 -3.027766133663216e-06 -1.0604634544953107e-05 2.6514080055375024e-06 1.688610434119786e-06 3.2280625783316546e-05 -9.768103129545025e-06 -2.10010750317616e-05 1.3127579931329008e-05 1.8077170332438875e-05 -1.4816014284399557e-05 -4.18746116188518e-08 -1.1203871677473406e-05 1.2250757545205576e-05 -1.798224368275933e-05 1.836364320752573e-05 -1.1001998047553205e-06 -1.2136928014565899e-06 -3.7606311898882483e-06 -2.825184269323002e-06 -3.1360473727632213e-05 5.391278851602569e-06 -2.3847251285452884e-06 6.002585618668716e-06 8.850516744913315e-06 -1.8367058470781855e-05 1.9685022546821386e-05 -1.1447510326570024e-06 5.58943337297553e-06 2.262115780628294e-05 -1.4595171558392633e-05 1.1247885351984648e-05 2.040468381998614e-05 -1.9390974865322188e-05 1.5071970241893762e-05 -9.565858961358859e-06 -2.3386340592432332e-05 -1.043699101560674e-05 9.643355720389807e-06 4.474115579925061e-06 -6.18200347487724e-06 -7.654552416047323e-07 2.092611264971452e-05 -8.792625549234458e-06 2.0350657908837825e-05 -5.900784337873756e-07 -1.899231135282762e-06 2.1090341062335646e-06 -1.937801746888512e-05 -1.5701020375049546e-05 -1.7482386860879007e-05 2.3411503640817924e-05 -3.485750444606303e-05 2.2534693696083284e-05 2.900896742156022e-05 5.447290733614199e-06 -3.682790842595722e-05 -3.220908703369631e-05 2.7098646377531147e-05 2.296624614796409e-06 1.820956479549354e-05 5.057385064359903e-06 3.0187713803755664e-07 -1.2138506598429733e-05 2.8066763710559496e-05 5.05703521092281e-06 -2.9273117178800536e-05 5.125722993586171e-06 -1.5012511822240513e-07 3.3874777273111486e-06 1.5989202580487245e-05 2.1930121106639753e-06 1.5520407678936935e-05 9.83823598178742e-07 -2.3564007495269033e-06 8.005621274686938e-06 1.1960267438638403e-05 1.4918612389573769e-05 -2.8590523579501077e-06 -5.346278518244062e-09 3.7206174390504407e-06 -1.3050886831874677e-05 8.133630493084138e-06 8.627303896254433e-06 -1.6946638149267692e-05 1.210439579441721e-05 1.0655224378526208e-05 -1.3519607757147274e-05 -1.432683832170573e-06 -2.8977896349383938e-05 3.5243344623134527e-06 1.0752288260703559e-05 -2.3461142687892547e-06 -2.068148254145663e-05 8.584627598973338e-06 1.915328941452286e-07 1.0537792569549052e-05 -1.3207519741045994e-05 1.8051664154164706e-05 -2.029363406846348e-05 2.862105549846088e-06 -7.291615595155181e-06 6.679634316603272e-06 4.855538397234611e-06 2.024449880042284e-05 1.441610241101494e-06 1.3947896696356018e-05 1.071733679277305e-05 2.3507974449547356e-05 -3.965680671889582e-06 1.4382211471945024e-05 -1.4306439724912208e-05 1.888178324856884e-05 1.7687398619848862e-05 1.698346335253833e-05 4.719436613988067e-06 2.2265706443347716e-05 -9.067578415810728e-06 -2.7218891021571396e-06 6.216944197242675e-06 8.469990927997945e-06 -3.2875721392497956e-05 6.440076582985453e-06 1.6885797792587247e-05 -1.3692952078925996e-05 -1.0110608679786726e-06 -6.39504987877196e-06 -2.3814954303154602e-05 1.6935843575387745e-05 7.804311780811612e-06 1.2036355288556936e-05 -1.0777700791378971e-05 1.901726118954925e-05 1.3846077420009928e-05 4.186601969823683e-06 -1.1662355858639015e-05 5.562648666205128e-06 -8.54281329908105e-06 -1.6901415947936643e-05 -1.327757684772945e-05 2.761032145563289e-06 -2.538587817740415e-06 4.4872191711975274e-06 1.9586648648815092e-05 -1.419021076601005e-06 -1.5311872361947524e-05 1.2825091286512405e-05 1.5111990654775265e-05 -1.3190680078498217e-05 3.5197702461178473e-06 -8.841092699754305e-06 5.687026773942066e-06 -3.2134056017326957e-06 -4.280644458622362e-06 4.707950733143899e-06 3.217500590049835e-06 2.4124328456314018e-05 -3.2943271600581024e-06 9.42591936973267e-06 2.6836254314410014e-05 1.228454176461803e-05 2.3216534530972053e-05 -1.204507623220172e-05 2.3232424483093422e-06 8.115342429842095e-06 -1.0992639130124849e-05 -1.8159214877352904e-05 -7.413896036577315e-06 2.867229148825648e-05 -3.410027302535157e-05 -9.407218441651525e-06 -4.032987938844323e-06 -7.583049526083777e-06 3.988308373943702e-06 1.1486223223502682e-05 -2.3451118596131027e-05 -4.750718277335878e-06 2.2640805430751625e-05 -1.1797786663622282e-05 1.0670975976001288e-05 -3.3894261501490358e-06 1.4177123875278206e-05 9.863904993729557e-06 1.22328625698864e-06 1.969748104302137e-06 1.0903363188310081e-05 2.5371454509153273e-05 5.846760382429672e-06 -2.3202185754386183e-05 -1.246757510304533e-06 -2.4319733663651314e-05 1.2160582422364071e-05 6.399198903237752e-06 -2.3068677415087086e-06 3.320388796503611e-06 7.942393718900232e-06 8.609218650149983e-06 -2.0239647508072385e-05 3.0773388452327316e-06 9.379691658520511e-06 2.0366654712087226e-05 4.417929877251039e-06 -2.3483342190686344e-06 -1.7927048766207072e-05 -8.641404694277908e-06 3.1946571378266973e-06 1.0914985860805312e-05 6.240089065229893e-06 -9.223066364638909e-06 -1.776570977755017e-05 1.1521772416589083e-05 -2.2698454946887317e-05 1.1856915861002022e-05 2.7792577308132198e-05 2.2815114709602063e-06 2.7554019943770703e-05 5.817894001536536e-06 1.3087400291635981e-05 -1.144399819042288e-05 -2.733592627620339e-05 -9.209058789632599e-06 1.5356150835375955e-05 -1.1224668604933613e-07 1.007092642355618e-05 6.323749225290508e-06 1.3393066799158185e-05 -9.289476564787314e-06 5.663286415053018e-06 -4.568164129445343e-06 -3.855859058862388e-05 2.3338293404646623e-05 -2.2886494062155595e-05 4.879004616799706e-06 -1.465481389236038e-05 -2.647265180247146e-05 1.977761188105716e-05 2.8953541623627186e-05 6.96844927073058e-07 -4.483163740425817e-07 1.8556527992461896e-05 6.2123798851959405e-06 -2.0479494294825975e-05 3.455836223880014e-05 1.8691390870669244e-05 -1.1326561067625893e-06 -3.795328033169937e-06 1.3804623096779851e-05 -2.291545093263185e-05 -3.86169105995878e-06 1.5524140203962676e-05 -8.342406322319355e-06 -1.1348573492546728e-06 -1.0450756989312463e-06 -5.171096840071547e-06 -1.2213359266959334e-06 2.1232245798343657e-06 -7.423440244792758e-06 1.3889224000002138e-05 3.537000126957358e-05 2.138537445274985e-05 -6.107052274108934e-07 -3.816471545521397e-06 1.1489402413344356e-05 -1.5441097189062506e-05 1.9450702220775718e-05 1.6065906340343367e-07 -1.33612496721155e-05 -3.120088784484244e-05 7.392876642007695e-06 2.2968317821170512e-05 9.163523833001996e-06 5.949217667102983e-06 3.501768474317139e-05 1.7960212675077226e-06 -7.484693099726144e-06 -2.9015952870231586e-06 1.0432506050487022e-06 -2.8989109752918528e-05 1.6701286168886288e-05 1.0260305843877103e-06 8.43003306242289e-06 -1.0866606606878824e-05 -4.8578451290465335e-06 2.8378121926189344e-05 -1.6282514506956233e-05 -1.1337210584874576e-05 1.4649626289148688e-05 -2.1564321149470453e-05 -1.670944550686582e-05 1.2861694683602978e-05 -1.7615211205880392e-06 -9.782779859591805e-06 -2.718685742174592e-06 -1.3488846231138565e-05 -2.821938599676802e-07 -9.745825855707204e-06 2.6795765548738504e-05 -2.2440272242842068e-06 1.3894253721191361e-05 -1.0946043568181047e-05 -2.1817144137687874e-05 3.0202840557613903e-06 1.2806266177185762e-05 1.3699027119350919e-08 3.165364507927244e-07 9.02501975500551e-06 -1.820992584763437e-05 -1.8782207879431652e-06 -2.5738957038340393e-06 1.1637522749894547e-05 -1.6866511173519594e-05 4.965487000432334e-06 1.3462797136581892e-05 9.571158267204037e-06 -2.7362491725006592e-05 -6.404674755928006e-06 1.2563041473314357e-05 -2.3640240130784415e-06 -3.25299777763996e-05 4.197792168057606e-05 -8.119565953488607e-07 2.5092333033497524e-05 2.7003399596493904e-05 2.3146023096395813e-05 -1.2786186552203236e-05 -8.714873803275465e-06 -1.0114337903282074e-06 5.3878565995651416e-06 1.5281083148170188e-05 7.434945617267406e-06 1.0642337271224869e-05 -2.8683890556648543e-05 -1.8824289004640753e-05 -1.092647991927207e-06 -7.482494310090936e-06 2.0656966856321286e-05 8.098650307785494e-06 2.1476498146083518e-05 1.5710529565468917e-05 -3.200385667864974e-05 -2.0853850615919828e-05 1.5861104643820806e-05 1.0283280046437828e-06 5.2744943864299055e-06 -1.1410741926099047e-05 -5.938148692955717e-06 9.753584913306064e-06 -1.015204960268918e-05 1.0121218791292663e-05 2.890785460719395e-07 -2.0992392007326104e-05 -1.4914314649622343e-05 2.2439562662568826e-05 -2.2997731733583466e-06 -3.318500555479036e-07 -2.784541043824134e-05 3.5527609726781053e-06 -1.3614649231287433e-05 6.46489698242153e-06 1.3367193102011551e-05 1.9059642195922747e-05 -1.6330135813880952e-05 -9.777673126405225e-06 1.0378214914827885e-05 5.924870584227214e-06 1.589641906823203e-05 1.483567964737324e-05 -2.4857363472321962e-05 2.4393952673820902e-05 -3.6230840515261497e-06 -1.0113437144539718e-05 -1.9076499191512923e-05 -3.144449682134906e-05 -1.6303605954942483e-05 -1.1089308033522864e-06 1.306290680851562e-05 -3.9289861046519e-06 1.9185107389744467e-05 1.3496138212950207e-05 -3.334892895750126e-05 -1.2166190593333877e-05 2.0547182810594297e-06 2.6939492092908798e-05 -2.870794467790076e-05 -1.0856976141339857e-05 8.774854939993692e-06 2.767413419715858e-06 1.7508564051369596e-05 -8.373185428404046e-06 2.0850204186564048e-05 1.1165236987898447e-06 -1.8607596409482683e-05 -5.0233281587914885e-06 -2.1526321410591806e-05 -4.092762622373303e-06 -2.0525253177564912e-05 -1.760850452688821e-05 2.9955353030636236e-05 1.79247268865337e-05 1.1562477583052787e-05 -1.6278079551016184e-05 -1.20702585069676e-06 2.2495250008595353e-05 1.310378496201826e-05 -3.2328517435846733e-06 1.596800072596368e-05 -1.8098150797808788e-07 -3.2742057630511754e-06 -2.7264628310180473e-05 1.2241550126748594e-05 3.8480991706508235e-06 1.3761650415184696e-05 -7.681209002077236e-06 -1.642480782737328e-05 7.718032483593096e-06 -3.0261712776113082e-05 1.3136905657446436e-05 2.309117097730061e-06 -1.5868540203462388e-05 3.0684230224359535e-05 -2.412909821438417e-05 -1.1695765140367257e-05 1.3737730331472935e-05 2.005802566946097e-05 -1.2396231963450202e-05 -1.307012546477938e-06 -1.635154648158934e-05 3.0411655736303636e-05 8.501557800784537e-06 -1.5206884928922604e-07 -1.3092927409393089e-05 3.814840528576824e-06 1.592030784775029e-05 -8.064688833106177e-06 -7.3838911480127625e-06 2.5437453564583526e-05 -5.3456330320816655e-06 -1.2820732596304618e-05 -2.328904352341815e-05 7.877701353717984e-07 4.502534966298054e-06 3.4408420593501026e-05 2.0237430034289786e-06 -7.581458031263291e-06 8.050142686285236e-06 1.3808577994809358e-05 -1.3834241193145214e-05 5.8438114322706506e-06 3.2512546708336352e-06 -2.264984141577533e-05 2.98895452546844e-05 4.2105139412728465e-06 -2.9664084954948654e-05 9.323133447283336e-06 -3.563773530318494e-05 2.5385055137552857e-05 3.281654425411551e-06 1.3775362733014584e-05 -2.7806533768074605e-05 -3.27919302136576e-06 -1.5400431385887107e-05 2.0757062293167504e-06 -4.523237471517307e-06 -3.2427165977952045e-05 1.5756770199279784e-05 1.4301983710337826e-06 1.934025187688291e-05 -1.8305772609511614e-05 7.268895112432744e-06 -9.167082108073584e-06 -7.128849583052003e-06 -9.74037738696145e-06 1.243181872778521e-05 -7.991452232008026e-06 -1.6690442363671394e-05 -4.805348988428223e-06 -1.1525380513681986e-05 1.549214820208265e-05 1.0715696376525994e-06 2.9233423449470122e-05 -1.5897268605363914e-05 8.679604453603014e-06 -2.7056024754289504e-06 9.88333450809687e-06 1.004824487390705e-05 2.1879823137883116e-05 -2.0031281381591938e-05 -1.1298918115922466e-05 4.999911168087208e-05 -9.093315818160409e-06 3.504157239253677e-05 -3.571510926097633e-06 7.62967579081821e-06 -7.490832091124654e-06 -2.656171262661179e-05 2.314502206113546e-05 3.971484234334269e-06 -7.592563253869583e-06 -3.2905057365731534e-05 2.9621977647602596e-05 8.160756810908601e-06 9.115923593049228e-06 2.865777509798108e-07 1.0810833228355758e-05 3.134606449133178e-05 -4.826323054529137e-06 6.061680504255503e-06 -1.7912978016746105e-05 -3.224037920947577e-05 -6.323551240960795e-06 8.714623523041575e-06 1.6878036849952407e-05 7.047628596915253e-06 1.606805512283949e-05 -3.4631522617488378e-06 -1.1980700567915522e-05 3.63826908593522e-06 -6.355477616688502e-06 1.5092037395071559e-05 6.599779647640562e-06 -1.0574791009713751e-05 -2.880275901751314e-06 4.422550111567916e-06 -1.722553064242561e-05 -5.878326506430454e-06 -3.2784003606798975e-06 1.3931280681093701e-05 -1.638607483713327e-05 -3.086382701088917e-05 1.1017425090200504e-05 -3.8260841370692114e-05 3.0368631890884186e-05 2.6572041883036904e-05 -1.1232813307849165e-07 -7.979295704190136e-06 -1.6031383277641066e-05 -3.349330670898161e-05 2.3908416419977214e-05 1.213332053125287e-05 -8.077383121815466e-06 -1.889611697167836e-05 2.358871624661098e-05 -1.5288877503797476e-05 8.657917186876324e-06 -1.5794577008042147e-05 -2.8650954370217408e-05 -2.6736273796518e-06 -3.130087250480399e-06 5.574328726341607e-06 -2.560954021732371e-05 6.384253228693058e-06 -1.531120815516599e-05 -3.54909454928799e-06 8.838825550293507e-06 -8.240549702314772e-06 6.9289703632888054e-06 -2.3099473538600747e-05 3.3835767609766444e-05 1.939794661528279e-05 1.2088943407409485e-05 2.512484665468221e-05 3.41267459598192e-05 -1.0111318382355113e-05 -3.711525182117482e-05 3.06843889710825e-05 -3.0616018796168757e-05 3.130452058298442e-05 -5.604349878182129e-06 -1.2449865125454623e-05 1.4626552386358741e-05 3.5613563729649654e-06 -9.1691222323798e-06 -3.395677517183036e-05 -1.010498362479044e-05 -3.056901275185129e-05 1.530645066558416e-05 -7.472277191581368e-06 -3.149413247729974e-05 3.285490046457426e-05 3.236548576651486e-05 -1.2565777740714178e-06 -1.5799886039251575e-06 1.6221728473679497e-05 1.34420437010378e-05 -6.124456009009346e-06 3.171466160437358e-05 -2.3471448379474337e-06 -9.785803166997113e-06 2.5010465434039945e-05 2.542253735012107e-07 -1.8123723571777533e-05 -4.819191037353817e-05 -2.90538816144985e-06 4.0126924921080136e-05 -3.429707332558763e-06 -1.7730336449079054e-05 -1.8562859160055277e-05 -4.606639770304437e-05 6.402564330181336e-06 -1.212289899604776e-05 1.01571641434679e-05 -2.3547230978306556e-05 -1.2128130928449934e-05 -2.3103315333058722e-05 2.684765098677559e-06 5.128603460235371e-06 9.515726893705702e-06 -2.8249233832260893e-05 -2.0226928265212187e-05 1.9151198193910567e-05 2.365048791421555e-05 -1.527161424162886e-06 -1.1982546210017044e-05 -8.227436828524673e-06 3.425803912116752e-05 6.772129878510991e-06 -2.7372333639492103e-05 1.3445276764702083e-05 -1.6516943039229513e-05 -1.3151452197370449e-05 1.2181622530454626e-05 -2.444271472530578e-05 6.087444440885663e-05 -3.004061584610022e-06 -1.2305720138276858e-05 1.4681213898953832e-06 1.2725432671962763e-05 -2.8785057052004268e-05 1.0875561215717453e-05 -2.9176855434180504e-06 -1.5146394580204458e-05 -2.3775412529613756e-05 3.2972001062569954e-06 -3.3849968143918144e-05 4.103328226632414e-06 8.53045007308724e-06 2.7266340493856346e-06 3.819045507716915e-07 -5.073252523719021e-06 -4.460909651868967e-07 -4.168993031553008e-06 -1.6265330782685555e-05 1.3735703700166596e-06 6.39285644079983e-06 4.033086249374833e-06 7.099883333389814e-06 -3.713673951463905e-07 3.028097841700291e-06 2.4085241284221424e-05 3.951010670718905e-06 -5.944560253706772e-06 -3.1045936965979845e-05 3.9428322158276316e-05 -1.4897601329970967e-05 -2.3387997992391552e-05 3.70703888689588e-05 5.4464406658512385e-05 -1.7426309000615424e-06 -3.0152604374286557e-05 5.1816326328790214e-06 -1.4611805814272759e-05 -2.6752621803496978e-05 -2.6723479776600484e-06 -1.3264264457217557e-05 6.0064366018176345e-05 -3.1554095558977875e-05 5.168870762967419e-06 -2.8652217131473147e-06 6.772066168848508e-06 1.542444228456435e-05 -2.2100861322257355e-05 3.171936797828541e-06 3.957299169181011e-05 -1.6791207893959798e-05 4.993507314985972e-06 3.163970315246063e-06 5.936752008614503e-06 -1.0467826428339812e-06 3.1067111041729596e-05 3.920949895297232e-06 -1.767602643826738e-05 1.5810996717300257e-05 2.4258852989382856e-05 7.523894647653151e-06 -5.363958437435227e-06 -1.2477249110638745e-06 3.3168054212985743e-06 1.1131514520729563e-06 -7.488188730944685e-06 5.8094915863778144e-05 1.123922689476992e-05 1.3008859168353847e-05 7.802148436586742e-06 -4.623975707582028e-06 5.66579900536518e-06 8.736120822115719e-06 2.564121481116919e-06 8.470108359047804e-06 3.3288452951083553e-06 -1.3557045828661269e-05 -1.049449248970286e-05 -2.4988425749535505e-06 1.4661520642647927e-05 1.4097388640768648e-05 -8.494045518145064e-07 -3.355443813967395e-06 1.6941589501770446e-05 -3.867035477958571e-05 -1.4367242421959102e-05 3.1392056067050878e-06 -3.244776095811811e-06 7.36542328734557e-06 1.1739550300559624e-05 -1.2213757345645047e-05 -7.423946445177223e-07 -3.824341777275639e-05 3.039561840664181e-05 8.557035501200002e-06 1.294503170069573e-05 9.67295959935873e-06 5.110564050822789e-06 2.299632457974906e-06 -2.9251001413657655e-06 9.411283751994564e-06 5.441135887922051e-06 -2.0810037637889274e-05 2.9668593561132e-05 -8.67352231122126e-06 -9.662579732933979e-08 -2.127117509342262e-05 4.928180323281689e-07 -5.287751661495077e-06 -2.9663417113829653e-06 5.168610563076147e-06 7.919409874632796e-06 2.9528929675734618e-06 -5.18984872208343e-06 4.195031079305188e-06 3.2678819381400484e-07 5.743087278326157e-05 2.248709984701759e-05 -2.4781182649872802e-06 -3.337310560529369e-05 -3.4367477526954365e-05 1.821016065098218e-05 3.175380818975377e-05 -4.498687020279255e-06 -1.6106021774376374e-05 6.292944928762565e-05 2.6079857109185377e-06 -2.808075762457302e-06 -1.0434561377757015e-05 -9.66126913037373e-07 3.797765142875196e-06 6.64339036463953e-06 -5.772281123343202e-07 -3.324342511458403e-06 -2.1903184517837546e-05 5.230868465082474e-06 2.349839374417369e-06 2.1147302091105844e-06 -7.717477607412286e-06 -7.71214445528782e-06 1.3642232983095487e-05 7.300852613951781e-06 1.746827853891786e-05 6.404889431938532e-07 7.106485344238605e-06 3.993760414970062e-05 5.7928197710064015e-06 -6.101195002433294e-06 -1.3352064534286147e-05 -8.726833021318848e-06 1.699666397013455e-05 -6.896408893145314e-06 7.753065029108593e-06 -4.9617393360803155e-06 -1.3626594941896764e-05 -3.392296276733269e-06 -4.9727900860764895e-06 6.994360060303661e-06 3.3060108241279935e-07 -2.2425513178822054e-06 4.508843417427573e-06 6.0111947258356695e-06 3.979052889198923e-06 1.458767825610207e-06 4.880351529385993e-06 5.9077400574750205e-06 3.30206665620294e-05 -3.5233759493350218e-06 -1.494887691906629e-07 2.4960729168365256e-06 -5.768361945393536e-06 5.972520864311152e-06 -1.8138407477790213e-05 -1.5321110100530568e-05 -1.8241416646610615e-05 -4.562555764197176e-06 -1.1154270565628464e-06 -1.2544074541405147e-06 1.730714108751995e-05 -2.6066716467867172e-06 -1.9865865596426856e-06 1.4359879690449514e-05 -3.155917575171154e-06 6.657856353635211e-06 1.713677543196027e-06 -3.1365185264977454e-05 -3.8097890454493373e-07 9.904686956356137e-06 -4.9749118760240175e-06 -6.615001528722031e-06 -6.450970700455117e-08 -1.1998121044083432e-06 1.5882762649043688e-06 -1.4466162131407524e-06 1.0942806434452117e-05 -1.0658449844556374e-05 -2.1587863945415847e-05 -1.3315092188786072e-05 -1.048349430447925e-05 9.632582489970132e-06 9.909163869068574e-06 4.707046071436638e-06 3.714903386943382e-06 3.5571357297164384e-06 9.77240897011708e-06 8.433083060684826e-06 4.522843292562161e-06 2.2858847912532844e-06 2.924981341221667e-06 1.9746542436822073e-05 5.568477131879845e-06 -5.64721890963435e-05 -6.451169381604295e-06 1.2481908185731137e-05 -2.242388378940794e-06 -3.067263439236111e-05 -1.0550353232118449e-05 -1.2331354872343992e-05 -3.561119593360898e-06 3.7429128655714908e-06 6.234368723299865e-06 -3.8764329886324165e-06 -4.682819706721906e-06 -3.5786144229568588e-06 1.2389773814324117e-05 -5.516901982042439e-06 -1.7074804105465491e-06 -6.9686493877481e-07 1.8430648448525312e-05 2.6112666219895237e-05 -5.157605250447318e-06 -6.457115754757966e-06 -4.947377390628091e-06 -2.7527309933461756e-06 1.0870670835093478e-05 8.176916768012685e-06 -1.3444823441135106e-07 -1.4913358328537393e-06 2.127109657197973e-06 2.582184904941827e-05 5.049922352206527e-06 -3.672643296877604e-06 -7.814961628663466e-06 -1.221046100292878e-06 4.105232659976741e-06 -3.432323222380487e-06 8.58672582307525e-06 -4.301120412906326e-06 4.064014978979793e-06 -1.265000078014079e-05 -1.6471112408501513e-06 5.081163482144363e-06 2.6392247574667863e-06 4.963464535784732e-06 -7.731255801857089e-06 8.363074615019827e-06 5.992139432578524e-06 1.3427421564107965e-06 -1.982479306729462e-06 2.0684960210490537e-05 1.0238227532425189e-05 -4.816326682526291e-06 -7.236456545231411e-06 -2.63174251808572e-05 -1.557989686194553e-05 4.845860226456911e-07 -1.2201728185987856e-05 -1.1239759565468387e-05 1.4639082370679035e-05 -6.46931200174614e-07 -1.7461164574297133e-06 -6.8618306257219335e-06 4.535909209730038e-06 -2.8323543843552946e-06 5.147717313206608e-06 6.068845935511347e-06 -5.188167543566237e-06 4.904847271247402e-05 -2.4203216768244657e-06 -3.669191562159665e-06 2.283670182452417e-05 3.561842037293577e-06 1.4449441713234581e-06 -8.599878816012817e-06 1.0841883990277493e-06 5.1682210522395e-06 -9.377649698812988e-06 1.4954234195601616e-06 3.975202729153411e-05 -2.8070959095225806e-05 4.786685180231001e-06 -2.538822410442841e-05 -2.2846192888993072e-05 -8.6677417927248e-06 3.8080196516556997e-06 3.4555251053838516e-05 4.495562616519588e-06 8.098095495520558e-06 2.057752768692527e-06 -2.9525011782881802e-05 6.794441572826416e-06 1.8444067938542652e-06 -7.754091703795028e-05 -6.698689579223726e-07 -2.8155983970886186e-05 -2.006252747008418e-06 3.583450662936594e-06 -2.7117948609549877e-06 -3.7015507957210277e-06 1.0408604647768553e-05 -3.740526156221706e-06 1.7814678957939857e-06 1.3487932071103165e-05 -1.452324446824207e-05 4.583232807490854e-06 -4.534590514543497e-06 -4.876881535496225e-06 3.5262161605661e-06 2.156392828252728e-06 -1.001149924995973e-06 -2.6329089941029467e-06 1.8399731291736356e-06 -8.325415287299152e-06 -2.1938750580487787e-06 1.1124496847075855e-05 4.064556645196013e-05 -1.9854917609305197e-05 -2.50582886679642e-05 1.3318729365320578e-06 -3.028051806963581e-05 1.0741241919068362e-06 -4.371546784989522e-06 3.8275369650336115e-06 1.2576836493418572e-05 1.4922539255922609e-05 -1.255359169502747e-06 -9.001212180090855e-06 2.2249806929602136e-06 7.157793895226264e-07 -6.584676313664116e-06 -6.798672106344374e-06 -3.4009955736181537e-06 -1.1678446424576736e-05 5.875659828994074e-06 -3.223527630663069e-05 6.375330440556793e-06 -1.2692038645255531e-06 1.3825834607041385e-05 -6.77419706652548e-06 -1.1077165311755806e-05 -6.721495053134753e-06 9.243204827257866e-06 -2.8706682439411662e-05 1.2761219815705872e-05 -9.465269738997843e-06 2.633775156190937e-05 -1.0665197220603046e-06 8.866173862747905e-06 -1.75659605529892e-05 -3.4867773116686853e-06 5.489082029234109e-06 -6.544221354772073e-06 1.092259734959673e-06 -4.3653169043795155e-06 -3.60704019104255e-05 1.7497910947904723e-05 -1.472412383982081e-05 -4.554896394030282e-06 3.176680589706435e-06 6.665805147040197e-05 -1.3226507300979057e-05 2.3350383090208828e-07 6.198400311185514e-06 -6.59128935895658e-06 -7.736715170160736e-06 5.577931082783169e-06 -1.2435930697221041e-05 -5.705268639986021e-06 -2.297087164166489e-06 -3.195720115045031e-06 7.91823511781992e-06 3.7846808802232457e-06 -4.076076337086511e-05 -8.47877988532105e-06 8.028686658597334e-06 -7.676683728278033e-06 -6.790147879006045e-06 -2.725393388028775e-06 1.056643091752276e-05 1.4683284193155222e-06 -7.591372170035909e-07 -2.6340048713576407e-06 -2.666025551200402e-05 -5.2019037024804585e-06 1.609387442720079e-05 4.695290990912345e-06 -3.2965940060832222e-06 -8.557645609264062e-05 5.435791116663066e-06 -4.597128669430491e-06 -4.833173052090728e-05 -4.57244391613317e-06 1.92153238569115e-05 -1.429265069775831e-06 9.893297437865292e-06 -4.572947328427824e-06 5.863306762608287e-07 8.23040679028217e-07 -1.395184275395796e-06 -1.3400238681815985e-07 5.986352500905714e-05 1.4753370561533823e-06 2.5666427046601928e-06 -7.0767322389698246e-06 -7.668073271730099e-06 1.1317256188603168e-06 -3.863530510811376e-06 3.855777551347449e-06 -2.9614616949561576e-06 3.817623813487929e-06 -9.156138952474569e-06 4.752590902496748e-06 3.0059682565419988e-05 -4.615250749690294e-06 5.133775054354449e-06 1.2378267702107974e-05 -1.2500724133445566e-05 -1.5899548319572267e-05 -6.831949456989312e-07 9.757876357563525e-06 3.516213378666703e-06 2.5037605757594653e-06 1.7667752604022403e-06 3.6149723489646407e-07 2.3470184143753595e-06 2.0598396506172975e-06 -1.2650961689844467e-05 -4.843326842057624e-06 3.2722818889342705e-07 -3.59121614510865e-06 -5.270800732222255e-06 -5.979229187688379e-06 -1.131602967510674e-06 -1.055742858574004e-05 3.7244650034381446e-06 -1.9632983585125082e-07 -6.439294674834493e-06 3.1065939858253977e-06 -2.870863234115802e-05 -4.410840124026541e-06 -4.251277684962364e-05 1.1236395986713289e-05 -1.5528450692179346e-07 1.0778815053190619e-06 -5.054009701095025e-07 5.898452069784055e-07 -2.4053778198264767e-06 -2.9971931826652003e-06 7.530432578827575e-06 1.0225933636564411e-05 1.1727584234646675e-05 2.105845869899396e-07 -6.8931331278990845e-06 -1.0035068735336124e-06 3.6091086894759495e-06 -1.149057633010031e-05 7.707311820881644e-06 -1.2974100215233555e-05 1.6066863503123377e-05 -4.410257308316316e-07 4.569656865436824e-05 -2.795753832890796e-05 -1.4369935634823181e-05 -1.1291493154728565e-06 1.2570423100896795e-05 -1.956903355921073e-06 1.6232347216368534e-05 9.963292321180595e-06 1.9191783592673692e-07 -5.164305250998899e-06 6.559874874442104e-06 -5.199006428573274e-06 -3.1969686616415103e-06 -2.0056965714522732e-05 9.726445452343499e-06 1.794837356020788e-06 -2.720697108322607e-07 -4.736414751519324e-06 -4.885034157519871e-06 -7.879791201644115e-06 -9.188422633953561e-06 8.114868378976652e-06 -4.104287665010666e-06 4.967092838996163e-07 -4.064792915024934e-06 7.236194399722285e-07 -1.614342914796531e-05 -7.3325301531965744e-06 -2.4811834705584654e-06 1.475167404668715e-06 -3.4023259147037868e-06 -4.999902009571084e-06 5.038808135166291e-06 1.7872933803309516e-05 2.116443904213138e-06 6.770111261990179e-06 -4.57188398283261e-06 -7.5059506105798576e-06 -2.3166162230430243e-06 4.7549616940587235e-06 1.1594108977405583e-05 2.1776127304035697e-05 -4.738351189600365e-06 -1.8118290913395096e-06 1.1427558170617026e-06 2.2831881116948522e-06 -1.846116014228635e-05 -9.334112389217837e-06 1.6960079123915656e-06 2.7840823662533767e-06 -7.369938463651336e-06 -6.16766295312853e-06 -3.199758455805013e-06 2.985908727182333e-06 -1.8750625260950685e-06 1.3043416703230493e-05 -7.260355170301138e-06 7.649612090564032e-06 -9.629365811359129e-06 6.415959909840422e-06 2.049416002444225e-06 -4.3402595211682e-06 2.9086278436516454e-05 1.9625580862224028e-06 7.928798120207598e-06 -9.602003072172393e-06 -6.7542563789575324e-06 2.857219447877929e-06 1.0910486653828602e-06 1.0033297682446769e-06 2.17200206774623e-07 -6.631552456474667e-07 -3.3514581873534745e-06 2.451474139736742e-06 1.5928941252285373e-06 6.004621530976091e-06 6.04908536929163e-05 -7.931804454740493e-06 -3.1885853180682625e-06 7.02168500531409e-06 2.4598869062231787e-07 -1.1883313111058956e-05 1.735804590690278e-05 -3.18766591527665e-05 -1.3638329005967117e-05 -3.984487327128599e-06 6.287574314575634e-05 1.2388153364164629e-05 2.2448778958834954e-06 -5.4201784275576645e-06 1.940964384476044e-05 5.021686777771424e-06 5.968383507193873e-06 4.025629193617102e-06 -6.299957584197801e-06 -3.523125533432296e-06 5.8358648719142545e-05 -1.0689490856807097e-06 1.6439216223582512e-05 1.4953254397797122e-06 1.1793574979018294e-06 -2.8001546685540288e-06 -5.469337386473472e-06 6.321820943006663e-07 1.8042216314174178e-05 -1.9702847636343696e-06 -9.356577233152034e-06 2.3638638145001024e-06 2.3660492819134623e-05 2.2005302945797644e-07 4.909875263889446e-06 1.9227163036280247e-05 -4.0082498916120125e-06 -3.7894731106038557e-06 -1.453348171101067e-06 7.441278740553308e-07 2.258337222034872e-05 -7.2859264620519575e-06 -5.476751954428209e-07 -8.825060845580316e-05 5.272391220246996e-06 1.0063274487953004e-05 7.155802867097781e-06 1.5966546307076448e-06 -5.570147677161717e-06 -2.1593868325186613e-06 2.9096825982168977e-05 -2.0443504480004345e-05 -4.2773504983362566e-07 -6.0699465103195665e-06 -6.476249407392606e-06 -8.380044072882663e-06 6.333563471213416e-06 -7.780439236330437e-06 3.914874380922391e-06 -4.540351114312657e-06 3.6008793143298404e-06 4.453484765875675e-05 -4.063784178705787e-06 -1.6228238143972167e-06 3.20848608510844e-05 8.516165873334903e-06 3.932995875297284e-07 -4.2318282944945734e-06 -7.56449782259932e-06 -3.574309682641527e-06 -3.0022766447218553e-05 -3.607317107384347e-06 1.3504225899662398e-05 -5.771616220382845e-06 -7.733345076011968e-06 2.68136162895386e-05 1.1150807955021882e-05 4.6539852359029165e-06 3.010949054726049e-06 4.601732520407946e-05 4.581088031726942e-06 -2.6989668408848334e-06 -7.038447741100721e-06 3.3087242658025845e-06 4.195078421093892e-05 1.371391810741754e-07 -1.3966103690335755e-05 -7.048935280564799e-06 -6.275880864413487e-06 1.7005817938937839e-06 -5.033387125102951e-06 -1.0058853921132007e-05 -8.804594874216636e-06 6.244796388677373e-07 1.0577497457949095e-05 1.8361766360875126e-05 8.208293506257542e-06 -7.525748045803537e-06 1.3961550019075407e-05 4.3840789790941724e-06 -3.682817584616638e-06 6.0556576234907866e-06 -5.691932702379795e-06 -2.6473171124044722e-08 -8.344730104057601e-06 -3.1926076409112413e-06 9.730352166903853e-07 4.244122638911488e-06 -7.323262460956105e-07 -3.92914225730747e-06 9.735185510886365e-06 -1.1278903585723986e-05 1.8690445448253767e-07 -1.6384359937731984e-06 4.7315584315377676e-07 5.766031005877276e-08 1.1027468411757176e-05 1.431461200432774e-05 -6.7916170496100685e-06 -8.296759833457897e-06 -2.903138157158157e-07 3.465714838615758e-06 -8.437734144585705e-06 1.8562662136846415e-06 -1.4835199539870849e-05 7.69429742346189e-06 4.915327622135718e-06 -4.3591080562677884e-05 -2.3884858133077116e-06 -1.4271571268066665e-06 -6.026675806443848e-08 3.7830681872189857e-06 1.1160140265355977e-05 1.1232209468126135e-05 -9.768488110414226e-06 4.6286562611787365e-06 -1.1082222271098467e-05 7.821451034949207e-06 2.162604183406956e-06 1.757005873452397e-05 1.2695323019293494e-05 5.086972534565825e-06 -6.406792978780948e-05 4.055882282794379e-06 -7.72940103383954e-06 5.262512001875925e-06 -6.276595268743257e-06 -2.6684889200226475e-06 2.6110659193341914e-06 -7.734745273582317e-06 1.0531147621531044e-05 -7.284791522928858e-06 -9.356531770231476e-06 7.371538806401928e-07 -1.3317517873189073e-05 1.14503259424665e-05 4.060391125162455e-06 9.499062561948735e-06 -7.90396180635906e-06 5.94899122055845e-06 -3.672892842593406e-06 -1.743631924828671e-05 -8.033986750331056e-06 1.2080553224172412e-05 1.2875356554657487e-05 -7.517273488443884e-05 5.63860664043572e-06 1.110109036486911e-05 -3.0512014515926427e-06 1.5787922004999914e-06 2.3052075533807847e-06 5.84508630387322e-06 -7.0579997620299695e-06 4.919765339003813e-06 -6.409192981558832e-06 -9.157673286806367e-06 -3.1513601678032914e-06 -2.3018162665449116e-06 4.972864721322133e-06 1.5335947727835585e-06 4.455109265964562e-06 5.403317813204961e-06 -5.3089444610963385e-06 3.47990097176316e-06 -6.617547693293845e-06 -8.0515496082194e-07 5.191816194468138e-05 -2.434707408272447e-06 -1.7420965147241976e-06 -2.2972821779715792e-05 -3.5903281772906e-06 -2.874445355939781e-06 7.785587402728931e-06 3.0034629533060116e-07 7.848102620792086e-06 3.8627642358665304e-06 1.1008728657152021e-05 -1.071930154564084e-05 -5.1653546311083635e-06 3.164228221520208e-06 7.568780716385149e-06 -4.524645752638665e-06 -5.405158963878458e-06 -1.4714983953018718e-06 -5.2364650370230155e-06 -7.231921176606178e-06 -2.0337461544340702e-05 -2.4718668452634873e-06 -4.784547416362896e-06 -4.403034508724999e-06 2.7822832996775803e-06 7.162550156850015e-06 6.936023950681775e-06 -3.974486146607643e-06 -1.4802059782359157e-05 1.379380147399768e-06 5.555000781061932e-06 1.3864728830470808e-06 -2.312657180954124e-05 2.5590966495038125e-06 2.323383448103226e-06 6.09551598475646e-06 -1.7673770015871216e-06 8.585713316768347e-06 -1.0754016430371562e-05 -3.930312030705646e-06 -6.097141297279323e-06 -5.699731548598178e-06 -1.5529757971730538e-07 2.7393668984157306e-05 -5.075983884740138e-06 -7.090478914772516e-07 6.9962875931577e-06 4.861773353345945e-06 -2.202960069149981e-05 7.150020518166971e-06 -8.9625380151741e-06 -2.2826382793087685e-05 -1.8946936588659958e-06 6.004948542348561e-06 -8.844385767821176e-06 2.000333162726915e-06 -2.6520515716070668e-05 4.5683795671788367e-07 5.767455367706092e-05 2.0538785880262735e-06 -1.8859295703821943e-05 -5.4563713795888865e-06 1.4279388679378137e-05 1.983556494439662e-06 5.85043950712608e-06 3.448137875633724e-07 -8.170749699050566e-06 -4.192169948183606e-06 -8.086865754272965e-06 -2.2468973056639515e-05 -4.396423099552534e-06 -8.984202967826202e-06 1.484374060865593e-05 1.2760826181707866e-06 -5.000094139828871e-06 5.732187719950412e-06 3.434426374221542e-05 5.3758707766326615e-05 -3.4255370190000193e-06 -9.372487646323207e-06 -7.977859240469088e-06 -8.53148271851877e-06 3.5234635615563123e-06 -6.697753030592186e-07 7.286112478728034e-06 -4.015573016183064e-06 -2.1239921801980776e-05 6.490620313140184e-06 9.095121111053356e-07 -1.0732748244635557e-05 4.038636597122257e-06 -5.791340965422593e-07 6.946886655043358e-07</DataArray>
</CellData><Points>
<DataArray type="Float64" Name="Points" format="ascii" NumberOfComponents="3">0.0151327 0.00115563 0.0017419 0.0141921 0.0016198 0.00281419 0.0151327 0.00115563 0.0017419 0.0144691 -8.823452048289894e-05 0.00250948 0.0151327 0.00115563 0.0017419 0.0168786145204829 0.00130126 0.00109445 0.0151327 0.00115563 0.0017419 0.0151889 0.00300748 0.00131104 0.0143213 0.013037 0.0102118 0.0148072 0.0143992 0.00983163 0.0143213 0.013037 0.0102118 0.0139239 0.0132632 0.0116239 0.0143213 0.013037 0.0102118 0.0143573 0.0127819 0.00851817 0.0143213 0.013037 0.0102118 0.0128927 0.0122358 0.00968693 0.0143213 0.013037 0.0102118 0.0147244 0.0118431 0.011367 0.00944696 0.00479737 0.00514464 0.00837038 0.00561283 0.0045936 0.00944696 0.00479737 0.00514464 0.00964616 0.00644989 0.00520181 0.00944696 0.00479737 0.00514464 0.0106344 0.00516889 0.00633136 0.00944696 0.00479737 0.00514464 0.00899819 0.00313438 0.00595921 0.0109111 0.00425955 0.000707616 0.0107403 0.0055451 0.0018055099999999998 0.00670849 0.000866951 0.0051779 0.00815764 0.00155739 0.00468163 0.00670849 0.000866951 0.0051779 0.00708603 0.00226918 0.00604545 0.00670849 0.000866951 0.0051779 0.00547061 0.00220868 0.00452783 0.00670849 0.000866951 0.0051779 0.00687735 -0.001029834520482898 0.00513623 0.0148072 0.0143992 0.00983163 0.0159154195204829 0.0137134 0.00885746 0.0148072 0.0143992 0.00983163 0.0162516845204829 0.0150072 0.0105034 0.0148072 0.0143992 0.00983163 0.0142658 0.0148428 0.0112978 0.0148072 0.0143992 0.00983163 0.014394 0.0147198 0.00818975 0.0010147 0.000831218 0.00941065 0.000890145 0.00223572 0.0102524 0.0010147 0.000831218 0.00941065 0.00088105 -0.000363434520482899 0.0105034 0.0010147 0.000831218 0.00941065 0.0007164 0.00029191699999999994 0.00791993 0.0010147 0.000831218 0.00941065 0.00240283 0.000843443 0.0102687 0.0010147 0.000831218 0.00941065 0.00139906 0.0022093 0.00850697 0.0010147 0.000831218 0.00941065 -0.0008545345204828989 0.00101532 0.00961945 0.00451682 0.000645025 0.0146578 0.00440958 -0.0010080345204829 0.0145282 0.00451682 0.000645025 0.0146578 0.00581911 0.00172426 0.0144566 0.00451682 0.000645025 0.0146578 0.00318155 0.0014035 0.0139873 0.0147206 0.0139046 0.0127193 0.0139239 0.0132632 0.0116239 0.0147206 0.0139046 0.0127193 0.0145371 0.0134171 0.0143886 0.0147206 0.0139046 0.0127193 0.0163477555204829 0.0145399 0.0126192 0.00355315 0.0144407 0.00649175 0.00344209 0.0149641 0.00780268 0.00355315 0.0144407 0.00649175 0.00508388 0.0139401 0.00632774 0.00355315 0.0144407 0.00649175 0.00248374 0.0151863 0.00540234 0.00355315 0.0144407 0.00649175 0.00185793 0.0139856 0.00720806 0.00900278 0.0131608 0.00991587 0.00988317 0.0135683 0.0110293 0.00900278 0.0131608 0.00991587 0.00757315 0.0141395 0.00982918 0.00900278 0.0131608 0.00991587 0.00760919 0.0117553 0.00983223 0.00433361 0.00239023 0.0146814 0.00581911 0.00172426 0.0144566 0.00433361 0.00239023 0.0146814 0.00291999 0.00322739 0.0144818 0.00433361 0.00239023 0.0146814 0.00318155 0.0014035 0.0139873 0.0106765 0.0141214 0.00590043 0.0105733 0.0125735 0.00526755 0.0106765 0.0141214 0.00590043 0.0121634 0.0143626 0.00679055 0.0106765 0.0141214 0.00590043 0.0108315 0.016007704520482897 0.00626549 0.00881584 0.0110499 0.00511223 0.00841092 0.00959626 0.0058444 0.00881584 0.0110499 0.00511223 0.00892562 0.0125508 0.00432971 0.00881584 0.0110499 0.00511223 0.00873277 0.00988291 0.00393572 0.00881584 0.0110499 0.00511223 0.00921945 0.0119421 0.00641884 0.00440735 0.00171469 0.00676586 0.00446207 0.000609924 0.00765116 0.00440735 0.00171469 0.00676586 0.00356341 0.00181973 0.00533926 0.00440735 0.00171469 0.00676586 0.00492007 0.0004418009999999999 0.00580023 0.00440735 0.00171469 0.00676586 0.00386171 0.00270794 0.00802837 0.00440735 0.00171469 0.00676586 0.00255816 0.00114621 0.00710047 0.00440735 0.00171469 0.00676586 0.00541196 0.00333014 0.00665278 0.00732712 0.00481976 0.00574086 0.00855338 0.00550281 0.00613339 0.00732712 0.00481976 0.00574086 0.00717064 0.00382324 0.00437199 0.00732712 0.00481976 0.00574086 0.00760515 0.0042274 0.00728987 0.00732712 0.00481976 0.00574086 0.00576113 0.00496984 0.00514114 0.0129534 0.00863682 0.0112829 0.0143449 0.00874883 0.0113934 0.0129534 0.00863682 0.0112829 0.0134074 0.0094787 0.0127003 0.0129534 0.00863682 0.0112829 0.0120181 0.00811492 0.0125764 0.0129534 0.00863682 0.0112829 0.0137165 0.00929045 0.00956968 0.0129534 0.00863682 0.0112829 0.0137968 0.00708503 0.0105313 0.0129534 0.00863682 0.0112829 0.0113986 0.00787863 0.0104791 0.014561 0.00517853 0.00553652 0.0141194 0.00470703 0.00433182 0.014561 0.00517853 0.00553652 0.0159658665204829 0.00442376 0.00558026 0.014561 0.00517853 0.00553652 0.015520910520482899 0.00624099 0.00629367 0.014561 0.00517853 0.00553652 0.012717 0.00497249 0.00564253 0.00489308 0.00282388 0.00927113 0.00379715 0.00221146 0.0103515 0.00489308 0.00282388 0.00927113 0.00386171 0.00270794 0.00802837 0.00489308 0.00282388 0.00927113 0.00625872 0.00230596 0.00867378 0.00489308 0.00282388 0.00927113 0.00429788 0.00460278 0.00953474 0.00520413 0.0128654 0.00795112 0.0065052 0.0126342 0.00859981 0.00520413 0.0128654 0.00795112 0.00524774 0.0125483 0.00962598 0.00520413 0.0128654 0.00795112 0.00462761 0.014216 0.00872348 0.00520413 0.0128654 0.00795112 0.00641682 0.0122244 0.00702925 0.00520413 0.0128654 0.00795112 0.00358932 0.0124559 0.00693932 0.0131483 0.0128473 0.00355844 0.0117349 0.0129254 0.00322802 0.0131483 0.0128473 0.00355844 0.0137511 0.0112117 0.00349255 0.0131483 0.0128473 0.00355844 0.0120602 0.0118554 0.00443186 0.0131483 0.0128473 0.00355844 0.0127752 0.0139847 0.00230137 0.0131483 0.0128473 0.00355844 0.0141476 0.0130014 0.00491582 0.0131483 0.0128473 0.00355844 0.0149669 0.0129066 0.00285924 0.0101335 0.00352324 0.00755119 0.00906508 0.00223346 0.00795407 0.0101335 0.00352324 0.00755119 0.0119203 0.00429212 0.00786969 0.0101335 0.00352324 0.00755119 0.00899819 0.00313438 0.00595921 0.00344209 0.0149641 0.00780268 0.00446207 0.0159805585204829 0.00765116 0.00344209 0.0149641 0.00780268 0.00327322 0.0157630105204829 0.00893675 0.00344209 0.0149641 0.00780268 0.00462761 0.014216 0.00872348 0.00344209 0.0149641 0.00780268 0.00255816 0.0165168445204829 0.00710047 0.00344209 0.0149641 0.00780268 0.00185793 0.0139856 0.00720806 0.0065052 0.0126342 0.00859981 0.00751657 0.0133117 0.00783416 0.0065052 0.0126342 0.00859981 0.00524774 0.0125483 0.00962598 0.0065052 0.0126342 0.00859981 0.00641682 0.0122244 0.00702925 0.0065052 0.0126342 0.00859981 0.00760919 0.0117553 0.00983223 0.0151499 0.0117645 0.0146206 0.0158097805204829 0.0110944 0.0134521 0.00331565 0.0101723 0.00853776 0.00470948 0.0111967 0.008307 0.00331565 0.0101723 0.00853776 0.00177003 0.0106641 0.00911158 0.00331565 0.0101723 0.00853776 0.00453691 0.00942341 0.00954167 0.00331565 0.0101723 0.00853776 0.00404456 0.00864856 0.00752236 0.00331565 0.0101723 0.00853776 0.00358582 0.0112819 0.0101736 0.00614201 0.00943366 0.0120799 0.00623783 0.0100748 0.0135859 0.00614201 0.00943366 0.0120799 0.00509977 0.0104938 0.0114683 0.00614201 0.00943366 0.0120799 0.00534896 0.0085551 0.0110848 0.00614201 0.00943366 0.0120799 0.00787271 0.0090787 0.0125727 0.00809682 0.0118118 0.00060256 0.00650561 0.0124136 0.000884147 0.00809682 0.0118118 0.00060256 0.00785746 0.0103366 0.00103145 0.00809682 0.0118118 0.00060256 0.00893611 0.0127031 0.00164658 0.00901365 0.00584643 0.0138838 0.00946706 0.00689528 0.0146936 0.00901365 0.00584643 0.0138838 0.00846184 0.00490389 0.0126128 0.00901365 0.00584643 0.0138838 0.00863629 0.00430558 0.0144603 0.00360533 0.00803064 0.00957249 0.00365903 0.00848651 0.0109622 0.00360533 0.00803064 0.00957249 0.00210729 0.00779943 0.00900949 0.00360533 0.00803064 0.00957249 0.00453691 0.00942341 0.00954167 0.00360533 0.00803064 0.00957249 0.00527292 0.00713916 0.00961492 0.00360533 0.00803064 0.00957249 0.00300831 0.00642562 0.010603 0.00154186 0.012482 0.00257877 0.0018216 0.0105733 0.00310661 0.00803572 0.00260863 0.00192811 0.00737449 0.00408512 0.00181528 0.00803572 0.00260863 0.00192811 0.00714818 0.00220529 0.00322679 0.00803572 0.00260863 0.00192811 0.00915807 0.00328766 0.000934924 0.00803572 0.00260863 0.00192811 0.00776734 0.000944439 0.00111534 0.0117285 0.0120384 0.00640567 0.0105733 0.0125735 0.00526755 0.0117285 0.0120384 0.00640567 0.0127241 0.0126985 0.00758516 0.0117285 0.0120384 0.00640567 0.0106884 0.0107356 0.00604621 0.0117285 0.0120384 0.00640567 0.0106021 0.0130877 0.00764289 0.00589282 0.0104346 0.00926257 0.00470948 0.0111967 0.008307 0.00589282 0.0104346 0.00926257 0.00453691 0.00942341 0.00954167 0.00589282 0.0104346 0.00926257 0.00730094 0.00931706 0.010022 0.0014993 0.0125015 0.0126506 2.1095700000000077e-05 0.0124219 0.0128926 0.0014993 0.0125015 0.0126506 0.00211998 0.0109038 0.0130038 0.00455226 0.00648969 0.0147271 0.00501008 0.00690803 0.0134989 0.00455226 0.00648969 0.0147271 0.00521796 0.00515041 0.0138533 0.00455226 0.00648969 0.0147271 0.00308504 0.00529079 0.0142464 0.00519157 0.00363314 0.0146867 0.00688329 0.00340692 0.0143901 0.00519157 0.00363314 0.0146867 0.00538342 0.0034238 0.0130372 0.00519157 0.00363314 0.0146867 0.00521796 0.00515041 0.0138533 0.00935738 0.00719085 0.0025238 0.00812884 0.00672759 0.00191333 0.00935738 0.00719085 0.0025238 0.00985779 0.00815529 0.00388315 0.00935738 0.00719085 0.0025238 0.00952206 0.00691311 0.0008986269999999999 0.00935738 0.00719085 0.0025238 0.00801103 0.00791742 0.00315793 0.00935738 0.00719085 0.0025238 0.0103754 0.006324 0.00347663 0.00904302 0.0137127 0.00310217 0.0102279 0.0128672 0.00336011 0.00904302 0.0137127 0.00310217 0.00763007 0.0127637 0.00294432 0.00904302 0.0137127 0.00310217 0.00892562 0.0125508 0.00432971 0.00904302 0.0137127 0.00310217 0.00959524 0.0147618 0.00155384 0.00904302 0.0137127 0.00310217 0.00794846 0.0153104 0.00326511 0.0135203 0.00288739 0.00207765 0.014513 0.00303612 0.00319182 0.0135203 0.00288739 0.00207765 0.012526 0.00349482 0.000923494 0.0135203 0.00288739 0.00207765 0.0131778 0.00166347 0.000956286 0.0135203 0.00288739 0.00207765 0.0118559 0.00265954 0.0028569 0.0135203 0.00288739 0.00207765 0.0151889 0.00300748 0.00131104 0.0135203 0.00288739 0.00207765 0.0132851 0.00466757 0.0026714 0.000439146 0.0110944 0.0134521 2.1095700000000022e-05 0.0124219 0.0128926 0.000439146 0.0110944 0.0134521 0.00211998 0.0109038 0.0130038 0.00988317 0.0135683 0.0110293 0.00878013 0.0126694 0.0120224 0.00988317 0.0135683 0.0110293 0.00872676 0.0148175 0.0113207 0.00988317 0.0135683 0.0110293 0.0114087 0.0138141 0.00980987 0.0141238 0.00807977 0.00377993 0.0140915 0.00668328 0.00283329 0.0141238 0.00807977 0.00377993 0.0132691 0.0093747 0.00311564 0.0141238 0.00807977 0.00377993 0.015627391520482897 0.00786836 0.00497188 0.0102279 0.0128672 0.00336011 0.00892562 0.0125508 0.00432971 0.0102279 0.0128672 0.00336011 0.010898 0.0143746 0.00316433 0.0102279 0.0128672 0.00336011 0.0108772 0.0129161 0.00181871 0.0102279 0.0128672 0.00336011 0.00962222 0.0113023 0.00289497 0.00295233 0.0096089 0.0147241 0.0013163 0.00973301 0.0144238 0.00295233 0.0096089 0.0147241 0.00258171 0.00802324 0.0144181 0.00295233 0.0096089 0.0147241 0.00423907 0.0107346 0.0139761 0.00133145 0.00697416 0.0113659 0.000519877 0.00761316 0.010058 0.00133145 0.00697416 0.0113659 -0.00020713452048289884 0.00648948 0.0120217 0.00133145 0.00697416 0.0113659 0.000803853 0.00855083 0.0115832 0.00133145 0.00697416 0.0113659 0.00098502 0.0053282 0.0111163 0.00133145 0.00697416 0.0113659 0.00300831 0.00642562 0.010603 0.00133145 0.00697416 0.0113659 0.00151112 0.00661975 0.013202 0.00446207 0.000609924 0.00765116 0.00490533 0.00069221 0.00926079 0.00446207 0.000609924 0.00765116 0.00603778 0.00111112 0.00717034 0.00831433 0.000220829 0.0128202 0.00982367 -0.00035793452048289937 0.0133574 0.00831433 0.000220829 0.0128202 0.0082099 0.000870013 0.0144201 0.00831433 0.000220829 0.0128202 0.00695371 -0.0005920345204829003 0.0122093 0.00831433 0.000220829 0.0128202 0.00872676 -0.0005531345204828989 0.0113207 0.00831433 0.000220829 0.0128202 0.00864119 0.00172406 0.011622 0.00831433 0.000220829 0.0128202 0.0078991 -0.0012013345204829004 0.0141394 0.00464623 0.00358161 0.000637897 0.00562226 0.00477273 0.00132247 0.00464623 0.00358161 0.000637897 0.00358764 0.0043882 0.00196482 0.00751657 0.0133117 0.00783416 0.00827685 0.0147628 0.00814513 0.00751657 0.0133117 0.00783416 0.0066188 0.0145815 0.00723761 0.00751657 0.0133117 0.00783416 0.00874637 0.0122671 0.00818002 0.00751657 0.0133117 0.00783416 0.00641682 0.0122244 0.00702925 0.00837038 0.00561283 0.0045936 0.00964616 0.00644989 0.00520181 0.00837038 0.00561283 0.0045936 0.00700269 0.00639403 0.00492724 0.00837038 0.00561283 0.0045936 0.00859229 0.00485768 0.00319335 0.0131996 0.00924544 0.000649426 0.0124835 0.0087772 0.00175103 0.0131996 0.00924544 0.000649426 0.0144644 0.0100909 0.00140118 0.000778654 0.00867041 0.00876685 0.0019423500000000002 0.00933517 0.00774063 0.000778654 0.00867041 0.00876685 0.000394765 0.00965594 0.0100309 0.000778654 0.00867041 0.00876685 0.00210729 0.00779943 0.00900949 0.000778654 0.00867041 0.00876685 0.000519877 0.00761316 0.010058 0.000778654 0.00867041 0.00876685 8.435479999999997e-05 0.00995715 0.00799865 0.000778654 0.00867041 0.00876685 -0.0006241345204829001 0.00741987 0.00833856 0.0111335 0.00654266 0.000629808 0.0109869 0.0080267 0.00127195 0.0111335 0.00654266 0.000629808 0.00952206 0.00691311 0.000898627 0.0111335 0.00654266 0.000629808 0.0126739 0.00729969 0.000948025 0.0111335 0.00654266 0.000629808 0.0123629 0.00535672 0.000884611 0.0111335 0.00654266 0.000629808 0.0107403 0.0055451 0.0018055099999999998 0.0117349 0.0129254 0.00322802 0.0120602 0.0118554 0.00443186 0.0117349 0.0129254 0.00322802 0.010898 0.0143746 0.00316433 0.0117349 0.0129254 0.00322802 0.0108772 0.0129161 0.00181871 0.00100069 0.00971544 0.0128179 0.0013163 0.00973301 0.0144238 0.00100069 0.00971544 0.0128179 0.00211998 0.0109038 0.0130038 0.00100069 0.00971544 0.0128179 -0.0002016345204828992 0.0101144 0.011814 0.00100069 0.00971544 0.0128179 0.000803853 0.00855083 0.0115832 0.00100069 0.00971544 0.0128179 -0.0002872345204828991 0.00832007 0.0133538 0.00213613 0.00532787 0.00279534 0.00240649 0.00685607 0.00344709 0.00213613 0.00532787 0.00279534 0.0002658370000000001 0.00514675 0.0032108 0.00213613 0.00532787 0.00279534 0.00204686 0.00637336 0.00117652 0.00213613 0.00532787 0.00279534 0.00358764 0.0043882 0.00196482 0.0120355 0.013347 0.00068661 0.0108772 0.0129161 0.00181871 0.0120355 0.013347 0.00068661 0.0116912 0.0149773 0.00096492 0.0110029 0.00961298 0.00729321 0.012581 0.00928693 0.00778731 0.0110029 0.00961298 0.00729321 0.00999947 0.0108406 0.00787277 0.0110029 0.00961298 0.00729321 0.0112303 0.00798569 0.00783697 0.0110029 0.00961298 0.00729321 0.0106884 0.0107356 0.00604621 0.0110029 0.00961298 0.00729321 0.010236 0.00840283 0.00599713 0.0060172 0.0129855 0.0130881 0.00441845 0.0127797 0.0136226 0.0060172 0.0129855 0.0130881 0.00512241 0.0142025 0.0125249 0.0060172 0.0129855 0.0130881 0.00709482 0.0119501 0.0142682 0.0060172 0.0129855 0.0130881 0.0068171 0.0116391 0.0119993 0.00992413 0.0133021 0.00053523 0.00893611 0.0127031 0.00164658 0.00992413 0.0133021 0.00053523 0.0108772 0.0129161 0.00181871 0.00992413 0.0133021 0.00053523 0.00959524 0.0147618 0.00155384 0.00293915 0.00172612 0.00892091 0.00327322 0.00039237600000000005 0.00893675 0.00293915 0.00172612 0.00892091 0.00379715 0.00221146 0.0103515 0.00293915 0.00172612 0.00892091 0.00240283 0.000843443 0.0102687 0.00293915 0.00172612 0.00892091 0.00386171 0.00270794 0.00802837 0.00293915 0.00172612 0.00892091 0.00139906 0.0022093 0.00850697 0.00293915 0.00172612 0.00892091 0.00255816 0.00114621 0.00710047 0.0141194 0.00470703 0.00433182 0.0132691 0.00322139 0.00440678 0.0141194 0.00470703 0.00433182 0.0156364715204829 0.00514675 0.0032108 0.0141194 0.00470703 0.00433182 0.012717 0.00497249 0.00564253 0.0141194 0.00470703 0.00433182 0.0132851 0.00466757 0.0026714 0.00121268 0.0113235 0.00138436 -0.00010123452048289914 0.0114629 0.000730223 0.00121268 0.0113235 0.00138436 0.00271385 0.0120951 0.000983228 0.00121268 0.0113235 0.00138436 0.000941687 0.0129901 0.00100755 0.00121268 0.0113235 0.00138436 0.0018216 0.0105733 0.00310661 0.00688462 0.00627852 0.00651933 0.00700269 0.00639403 0.00492724 0.00688462 0.00627852 0.00651933 0.00651834 0.00687967 0.00795518 0.00688462 0.00627852 0.00651933 0.0066216 0.0078737 0.00612172 0.014513 0.00303612 0.00319182 0.0132691 0.00322139 0.00440678 0.014513 0.00303612 0.00319182 0.0151889 0.00300748 0.00131104 0.00707004 0.0133918 0.0112428 0.00562145 0.0141155 0.0106443 0.00707004 0.0133918 0.0112428 0.00757315 0.0141395 0.00982918 0.00707004 0.0133918 0.0112428 0.00695371 0.0147786 0.0122093 0.00707004 0.0133918 0.0112428 0.0068171 0.0116391 0.0119993 0.0100237 0.00090997 0.00807165 0.00888094 0.000740739 0.0093095 0.0100237 0.00090997 0.00807165 0.0111058 -0.00027263452048289843 0.00812776 0.0100237 0.00090997 0.00807165 0.00906508 0.00223346 0.00795407 0.0100237 0.00090997 0.00807165 0.0114463 0.00207711 0.00861686 0.0100237 0.00090997 0.00807165 0.0108315 0.00063707 0.00626549 0.00294313 0.00540802 0.00424802 0.00456288 0.00532131 0.0036275 0.00294313 0.00540802 0.00424802 0.00143209 0.00602887 0.00484575 0.00294313 0.00540802 0.00424802 0.00269748 0.00373721 0.00383797 0.00294313 0.00540802 0.00424802 0.00240649 0.00685607 0.00344709 0.00202257 0.0139033 0.0111178 0.00088105 0.0150072 0.0105034 0.00202257 0.0139033 0.0111178 0.0004492210000000001 0.0133317 0.0111781 0.00202257 0.0139033 0.0111178 0.00337851 0.0136074 0.012037 0.00319117 0.000773919 0.00404224 0.00356341 0.0018197300000000003 0.00533926 0.00319117 0.000773919 0.00404224 0.00413295 -0.0005895345204828987 0.00445143 0.00319117 0.000773919 0.00404224 0.00390924 0.00208158 0.00278571 0.00319117 0.000773919 0.00404224 0.00132069 0.000897655 0.00340791 0.00411156 0.0111401 0.00131896 0.00271385 0.0120951 0.000983228 0.00411156 0.0111401 0.00131896 0.00458878 0.0127323 0.000889927 0.00411156 0.0111401 0.00131896 0.00286447 0.009734 0.0011025 0.00411156 0.0111401 0.00131896 0.00542242 0.0116958 0.00257056 0.00365903 0.00848651 0.0109622 0.00251217 0.00823778 0.0121972 0.00365903 0.00848651 0.0109622 0.00534896 0.0085551 0.0110848 0.0139297 0.00441449 0.000810209 0.012526 0.00349482 0.000923494 0.0139297 0.00441449 0.000810209 0.0141259 0.00608338 0.000968971 0.0139297 0.00441449 0.000810209 0.0151889 0.00300748 0.00131104 0.0139297 0.00441449 0.000810209 0.0132851 0.00466757 0.0026714 0.0132174 0.0116445 0.00633496 0.0146976 0.0107951 0.00618344 0.0132174 0.0116445 0.00633496 0.0127241 0.0126985 0.00758516 0.0132174 0.0116445 0.00633496 0.0128722 0.0100815 0.00515816 0.0152694 0.0114629 0.000730223 0.0144644 0.0100909 0.00140118 0.00812884 0.00672759 0.00191333 0.00772678 0.00808528 0.000953171 0.00812884 0.00672759 0.00191333 0.00952206 0.00691311 0.0008986269999999999 0.00812884 0.00672759 0.00191333 0.00801103 0.00791742 0.00315793 0.00812884 0.00672759 0.00191333 0.00719036 0.00578893 0.0008511600000000001 0.00812884 0.00672759 0.00191333 0.00670747 0.00583542 0.00290594 0.0139239 0.0132632 0.0116239 0.0142658 0.0148428 0.0112978 0.0139239 0.0132632 0.0116239 0.0147244 0.0118431 0.011367 0.0143449 0.00874883 0.0113934 0.015169 0.0101144 0.011814 0.0143449 0.00874883 0.0113934 0.0137968 0.00708503 0.0105313 0.00970284 0.0148041 0.0072549 0.00827685 0.0147628 0.00814513 0.00970284 0.0148041 0.0072549 0.0111058 0.015098 0.00812776 0.00970284 0.0148041 0.0072549 0.00857401 0.0138082 0.00644255 0.00970284 0.0148041 0.0072549 0.0106021 0.0130877 0.00764289 0.00970284 0.0148041 0.0072549 0.0108315 0.016007704520482897 0.00626549 0.0124835 0.0087772 0.00175103 0.0109869 0.0080267 0.00127195 0.0124835 0.0087772 0.00175103 0.0113626 0.00895506 0.00296166 0.0124835 0.0087772 0.00175103 0.0126739 0.00729969 0.000948025 0.0124835 0.0087772 0.00175103 0.0132691 0.0093747 0.00311564 0.0124835 0.0087772 0.00175103 0.0141363 0.00826352 0.00175616 0.00855338 0.00550281 0.00613339 0.00964616 0.00644989 0.00520181 0.00855338 0.00550281 0.00613339 0.00953084 0.00657841 0.0070626 0.00574114 0.00670103 0.000719644 0.00719036 0.00578893 0.00085116 0.00574114 0.00670103 0.000719644 0.00417548 0.00707696 0.00185079 0.00946706 0.00689528 0.0146936 0.0106435 0.00802451 0.0145352 0.00946706 0.00689528 0.0146936 0.0079913 0.00761103 0.0143987 0.0108709 0.0145836 0.0146587 0.00982367 0.0150127 0.0133574 0.0108709 0.0145836 0.0146587 0.0125126 0.0140022 0.0137814 0.0119734 0.000960034 0.00193928 0.0131778 0.00166347 0.000956286 0.0119734 0.000960034 0.00193928 0.0116912 -0.0003933345204828987 0.00096492 0.0119734 0.000960034 0.00193928 0.0118559 0.00265954 0.0028569 0.000840014 0.000597723 0.00628912 0.0007164 0.000291917 0.00791993 0.000840014 0.000597723 0.00628912 -0.0008062345204828993 0.000729407 0.00675731 0.000840014 0.000597723 0.00628912 0.000518752 0.00218991 0.00672875 0.000840014 0.000597723 0.00628912 0.00161236 0.00169672 0.00526334 0.000840014 0.000597723 0.00628912 0.00255816 0.00114621 0.00710047 0.000840014 0.000597723 0.00628912 0.000478223 -0.0010622345204828981 0.00535659 0.0127506 0.0149793 0.00864884 0.0127233 0.016167864520482897 0.00738357 0.0127506 0.0149793 0.00864884 0.0111058 0.015098 0.00812776 0.0127506 0.0149793 0.00864884 0.014394 0.0147198 0.00818975 0.00327322 0.000392376 0.00893675 0.0022856 -0.0008624345204828983 0.00925216 0.00327322 0.000392376 0.00893675 0.00490533 0.00069221 0.00926079 0.00327322 0.000392376 0.00893675 0.00240283 0.000843443 0.0102687 0.01105 0.00419438 0.0114617 0.0120908 0.00355286 0.0127108 0.01105 0.00419438 0.0114617 0.0100439 0.00330211 0.0124968 0.01105 0.00419438 0.0114617 0.012392 0.0035215 0.0102817 0.01105 0.00419438 0.0114617 0.00988032 0.00569896 0.0111818 0.000918659 0.00812926 0.0147495 0.0013163 0.00973301 0.0144238 0.000918659 0.00812926 0.0147495 0.00258171 0.00802324 0.0144181 0.000918659 0.00812926 0.0147495 -0.00028723452048289944 0.00832007 0.0133538 0.000769681 0.0133036 0.0139116 -0.0008335345204828979 0.0134171 0.0143886 0.000769681 0.0133036 0.0139116 0.00239349 0.0136902 0.0136603 0.000769681 0.0133036 0.0139116 0.0018403199999999999 0.0120793 0.0144747 0.00339048 0.0115744 0.0120943 0.00211998 0.0109038 0.0130038 0.00339048 0.0115744 0.0120943 0.0048199 0.0124239 0.0116554 0.00339048 0.0115744 0.0120943 0.00349408 0.00984074 0.0121777 0.00339048 0.0115744 0.0120943 0.00358582 0.0112819 0.0101736 0.00954842 0.00167467 0.000636293 0.0109118 0.00251323 0.000948249 0.00954842 0.00167467 0.000636293 0.00915807 0.00328766 0.000934924 0.00954842 0.00167467 0.000636293 0.00966264 0.00154015 0.00253213 0.00954842 0.00167467 0.000636293 0.00776734 0.000944439 0.00111534 0.00747248 0.00193563 0.00762142 0.00625872 0.00230596 0.00867378 0.00747248 0.00193563 0.00762142 0.00603778 0.00111112 0.00717034 0.00747248 0.00193563 0.00762142 0.00708603 0.00226918 0.00604545 0.00747248 0.00193563 0.00762142 0.00906508 0.00223346 0.00795407 0.00501008 0.00690803 0.0134989 0.00638442 0.00655959 0.014431 0.00501008 0.00690803 0.0134989 0.00435341 0.00823317 0.0126542 0.00501008 0.00690803 0.0134989 0.00608817 0.00820031 0.0133661 0.00501008 0.00690803 0.0134989 0.00547909 0.00680481 0.011901 0.00501008 0.00690803 0.0134989 0.00368541 0.00648051 0.0125803 0.00968778 0.0110666 0.000939472 0.00785746 0.0103366 0.00103145 0.00968778 0.0110666 0.000939472 0.00893611 0.0127031 0.00164658 0.00968778 0.0110666 0.000939472 0.0111815 0.00982975 0.000890611 0.00968778 0.0110666 0.000939472 0.00962222 0.0113023 0.00289497 0.00968778 0.0110666 0.000939472 0.00940419 0.00919532 0.00201588 0.012526 0.00349482 0.000923494 0.0109118 0.00251323 0.000948249 0.012526 0.00349482 0.000923494 0.0123629 0.00535672 0.000884611 0.012526 0.00349482 0.000923494 0.0131778 0.00166347 0.000956286 0.012526 0.00349482 0.000923494 0.0118559 0.00265954 0.0028569 0.012526 0.00349482 0.000923494 0.0132851 0.00466757 0.0026714 0.0110664 0.00219539 0.0112643 0.0100439 0.00330211 0.0124968 0.0110664 0.00219539 0.0112643 0.0097276 0.00238535 0.00987972 0.0110664 0.00219539 0.0112643 0.0103426 0.00140231 0.0128859 0.0110664 0.00219539 0.0112643 0.012392 0.0035215 0.0102817 0.0110664 0.00219539 0.0112643 0.0124797 0.00120012 0.0124975 0.000355866 0.00506505 0.00096501 0.00179259 0.00373121 0.000942048 0.000355866 0.00506505 0.00096501 -0.0012447345204828987 0.00608338 0.000968971 0.000355866 0.00506505 0.00096501 0.000265837 0.00514675 0.0032108 0.000355866 0.00506505 0.00096501 0.00204686 0.00637336 0.00117652 0.000355866 0.00506505 0.00096501 -0.00018173452048289904 0.00300748 0.00131104 0.00815764 0.00155739 0.00468163 0.00886412 0.00308307 0.00375224 0.00815764 0.00155739 0.00468163 0.00714818 0.00220529 0.00322679 0.00815764 0.00155739 0.00468163 0.00996983 0.00162457 0.00463433 0.00815764 0.00155739 0.00468163 0.00708603 0.00226918 0.00604545 0.00815764 0.00155739 0.00468163 0.00794846 -6.023452048289956e-05 0.00326511 0.00815764 0.00155739 0.00468163 0.00899819 0.00313438 0.00595921 0.00379715 0.00221146 0.0103515 0.00537116 0.00290926 0.0111914 0.00379715 0.00221146 0.0103515 0.00240283 0.0008434430000000001 0.0102687 0.00379715 0.00221146 0.0103515 0.0026326 0.00369939 0.0105278 0.00379715 0.00221146 0.0103515 0.00332749 0.00282902 0.0123916 0.00379715 0.00221146 0.0103515 0.0041845 0.0002707880000000001 0.0112352 0.00562145 0.0141155 0.0106443 0.00512241 0.0142025 0.0125249 0.00562145 0.0141155 0.0106443 0.00524774 0.0125483 0.00962598 0.00562145 0.0141155 0.0106443 0.0041845 0.0156414225204829 0.0112352 0.0047149 0.001044 0.000983718 0.00538559 -0.0008144345204828989 0.00093035 0.0047149 0.001044 0.000983718 0.00390924 0.00208158 0.00278571 0.0144644 0.0100909 0.00140118 0.0136468 0.0117768 0.00161815 0.0144644 0.0100909 0.00140118 0.0161427405204829 0.00917672 0.000891831 0.0144644 0.0100909 0.00140118 0.0141363 0.00826352 0.00175616 0.00650561 0.0124136 0.000884147 0.00707059 0.0141062 0.00170009 0.00650561 0.0124136 0.000884147 0.00458878 0.0127323 0.000889927 0.00650561 0.0124136 0.000884147 0.00542242 0.0116958 0.00257056 0.00785746 0.0103366 0.00103145 0.00591345 0.0104097 0.000918365 0.00785746 0.0103366 0.00103145 0.00702218 0.00933933 0.00230049 0.00785746 0.0103366 0.00103145 0.00940419 0.00919532 0.00201588 0.0120908 0.00355286 0.0127108 0.0112451 0.00258122 0.0141094 0.0120908 0.00355286 0.0127108 0.0107363 0.00464063 0.0140857 0.0120908 0.00355286 0.0127108 0.0134051 0.00505072 0.0118767 0.0120908 0.00355286 0.0127108 0.0132164 0.00464896 0.0142442 0.0137511 0.0112117 0.00349255 0.0136468 0.0117768 0.00161815 0.0137511 0.0112117 0.00349255 0.0132691 0.0093747 0.00311564 0.0137511 0.0112117 0.00349255 0.0149669 0.0129066 0.00285924 0.0137511 0.0112117 0.00349255 0.0128722 0.0100815 0.00515816 0.0137511 0.0112117 0.00349255 0.0118046 0.0110655 0.00245696 0.00508388 0.0139401 0.00632774 0.00470819 0.0124864 0.00514439 0.00508388 0.0139401 0.00632774 0.00492007 0.0158124355204829 0.00580023 0.00508388 0.0139401 0.00632774 0.0066188 0.0145815 0.00723761 0.00508388 0.0139401 0.00632774 0.00358932 0.0124559 0.00693932 0.00508388 0.0139401 0.00632774 0.00687735 0.0143408 0.00513623 0.00638442 0.00655959 0.014431 0.00608817 0.00820031 0.0133661 0.00638442 0.00655959 0.014431 0.00521796 0.00515041 0.0138533 0.00638442 0.00655959 0.014431 0.0079913 0.00761103 0.0143987 0.0032663 0.00252057 0.000871886 0.00179259 0.00373121 0.000942048 0.0032663 0.00252057 0.000871886 0.00150798 0.00130126 0.00109445 0.0032663 0.00252057 0.000871886 0.00358764 0.0043882 0.00196482 0.0032663 0.00252057 0.000871886 0.00390924 0.00208158 0.00278571 0.00706742 0.00700147 0.0108788 0.00547909 0.00680481 0.011901 0.00706742 0.00700147 0.0108788 0.00781705 0.00683899 0.0126454 0.00706742 0.00700147 0.0108788 0.00596783 0.00536559 0.010693 0.00706742 0.00700147 0.0108788 0.00527292 0.00713916 0.00961492 0.00706742 0.00700147 0.0108788 0.009053 0.0079031 0.0109555 0.00706742 0.00700147 0.0108788 0.008276 0.00645263 0.00919447 0.00470819 0.0124864 0.00514439 0.00509822 0.0110078 0.00640293 0.00470819 0.0124864 0.00514439 0.00365581 0.0111931 0.00410831 0.00470819 0.0124864 0.00514439 0.0063218 0.0125101 0.00426012 0.00470819 0.0124864 0.00514439 0.00552444 0.0108269 0.00453722 0.00470819 0.0124864 0.00514439 0.00358932 0.0124559 0.00693932 0.00470819 0.0124864 0.00514439 0.00259572 0.0131113 0.00478786 0.00538559 0.0145562 0.00093035 0.00707059 0.0141062 0.00170009 0.00538559 0.0145562 0.00093035 0.00458878 0.0127323 0.000889927 0.00538559 0.0145562 0.00093035 0.0034757 0.0142895 0.000851078 0.000887498 0.00319027 0.00397745 0.00269748 0.00373721 0.00383797 0.000887498 0.00319027 0.00397745 0.000265837 0.00514675 0.0032108 0.000887498 0.00319027 0.00397745 -0.0005108345204829002 0.00183155 0.00485025 0.00456288 0.00532131 0.0036275 0.00402451 0.00421498 0.0051619 0.00456288 0.00532131 0.0036275 0.00576113 0.00496984 0.00514114 0.00456288 0.00532131 0.0036275 0.00522698 0.0073251 0.0040587 0.00456288 0.00532131 0.0036275 0.00358764 0.0043882 0.00196482 0.0112451 0.00258122 0.0141094 0.00999666 0.00133732 0.0146069 0.0112451 0.00258122 0.0141094 0.0131829 0.00249219 0.0143918 0.0112451 0.00258122 0.0141094 0.0103426 0.00140231 0.0128859 0.0112451 0.00258122 0.0141094 0.0107363 0.00464063 0.0140857 0.000890145 0.00223572 0.0102524 0.000969465 0.00402503 0.00960789 0.000890145 0.00223572 0.0102524 0.00139906 0.0022093 0.00850697 0.000890145 0.00223572 0.0102524 0.00109812 0.00349856 0.0116007 0.000890145 0.00223572 0.0102524 0.000154844 0.00109198 0.0119181 0.000890145 0.00223572 0.0102524 -0.0008545345204828989 0.00101532 0.00961945 0.0145371 0.0134171 0.0143886 0.0131443 0.012018 0.0144795 0.0145371 0.0134171 0.0143886 0.0125126 0.0140022 0.0137814 0.0138481 0.00660686 0.00474022 0.0140915 0.00668328 0.00283329 0.0138481 0.00660686 0.00474022 0.012717 0.00497249 0.00564253 0.0138481 0.00660686 0.00474022 0.015627391520482897 0.00786836 0.00497188 0.00623783 0.0100748 0.0135859 0.00608817 0.00820031 0.0133661 0.00623783 0.0100748 0.0135859 0.00779511 0.0100188 0.0145682 0.00623783 0.0100748 0.0135859 0.00423907 0.0107346 0.0139761 0.00623783 0.0100748 0.0135859 0.00709482 0.0119501 0.0142682 0.00623783 0.0100748 0.0135859 0.00787271 0.0090787 0.0125727 0.000544785 0.0137134 0.00885746 0.0022856 0.0145082 0.00925216 0.000544785 0.0137134 0.00885746 -0.0010133345204829001 0.0127819 0.00851817 0.000544785 0.0137134 0.00885746 -0.0009766345204828995 0.0147198 0.00818975 0.000544785 0.0137134 0.00885746 0.00198955 0.0125949 0.00943874 0.000544785 0.0137134 0.00885746 0.0018579299999999998 0.0139856 0.00720806 0.000154724 0.0073296 0.000870085 -0.0012447345204828991 0.00608338 0.000968971 0.000154724 0.0073296 0.000870085 0.000772106 0.00917672 0.000891831 0.000154724 0.0073296 0.000870085 -0.0012343345204829002 0.00826352 0.00175616 0.000154724 0.0073296 0.000870085 0.00204686 0.00637336 0.00117652 0.000154724 0.0073296 0.000870085 0.000727052 0.00813109 0.00273617 0.014849 0.00153167 0.014381 0.0159088765204829 -0.000124334520482899 0.0143884 0.014849 0.00153167 0.014381 0.016776584520482897 0.0016411 0.0145374 0.014849 0.00153167 0.014381 0.0131829 0.00249219 0.0143918 0.00435341 0.00823317 0.0126542 0.00608817 0.00820031 0.0133661 0.00435341 0.00823317 0.0126542 0.00251217 0.00823778 0.0121972 0.00435341 0.00823317 0.0126542 0.00534896 0.0085551 0.0110848 0.00435341 0.00823317 0.0126542 0.00547909 0.00680481 0.011901 0.00435341 0.00823317 0.0126542 0.00452008 0.00844254 0.0144932 0.00435341 0.00823317 0.0126542 0.00368541 0.00648051 0.0125803 0.00435341 0.00823317 0.0126542 0.00349408 0.00984074 0.0121777 0.00985779 0.00815529 0.00388315 0.00832408 0.00779038 0.00508726 0.00985779 0.00815529 0.00388315 0.0113626 0.00895506 0.00296166 0.00985779 0.00815529 0.00388315 0.00801103 0.00791742 0.00315793 0.00985779 0.00815529 0.00388315 0.0103754 0.006324 0.00347663 0.00985779 0.00815529 0.00388315 0.010236 0.00840283 0.00599713 0.00985779 0.00815529 0.00388315 0.00940419 0.00919532 0.00201588 0.0100439 0.00330211 0.0124968 0.00885009 0.00379943 0.0110525 0.0100439 0.00330211 0.0124968 0.0103426 0.00140231 0.0128859 0.0100439 0.00330211 0.0124968 0.0107363 0.00464063 0.0140857 0.0065924 0.00527887 0.0125227 0.00846184 0.00490389 0.0126128 0.0065924 0.00527887 0.0125227 0.00521796 0.00515041 0.0138533 0.0065924 0.00527887 0.0125227 0.00547909 0.00680481 0.011901 0.0065924 0.00527887 0.0125227 0.00781705 0.00683899 0.0126454 0.0065924 0.00527887 0.0125227 0.00596783 0.00536559 0.010693 0.0138307 0.0113549 0.0128799 0.0134074 0.0094787 0.0127003 0.0138307 0.0113549 0.0128799 0.0147244 0.0118431 0.011367 0.0138307 0.0113549 0.0128799 0.0131443 0.012018 0.0144795 0.0138307 0.0113549 0.0128799 0.0143522 0.0101641 0.0143856 0.0138307 0.0113549 0.0128799 0.0120467 0.0108003 0.0126983 0.00964616 0.00644989 0.00520181 0.00832408 0.00779038 0.00508726 0.00964616 0.00644989 0.00520181 0.0106344 0.00516889 0.00633136 0.00964616 0.00644989 0.00520181 0.0103754 0.006324 0.00347663 0.00964616 0.00644989 0.00520181 0.00953084 0.00657841 0.0070626 0.00964616 0.00644989 0.00520181 0.0115477 0.00659241 0.00495397 0.00964616 0.00644989 0.00520181 0.010236 0.00840283 0.00599713 0.00827685 0.0147628 0.00814513 0.00672295 0.015716731520482898 0.0087875 0.00827685 0.0147628 0.00814513 0.00888094 0.016111373520482898 0.0093095 0.00827685 0.0147628 0.00814513 0.00757315 0.0141395 0.00982918 0.00827685 0.0147628 0.00814513 0.00857401 0.0138082 0.00644255 0.00827685 0.0147628 0.00814513 0.0066188 0.0145815 0.00723761 0.00827685 0.0147628 0.00814513 0.00790977 0.0159251345204829 0.00657309 0.00983731 0.00711561 0.0129465 0.0106435 0.00802451 0.0145352 0.00450206 0.00480361 0.0119904 0.00538342 0.0034238 0.0130372 0.00450206 0.00480361 0.0119904 0.00253931 0.00484977 0.0121283 0.00450206 0.00480361 0.0119904 0.00368541 0.00648051 0.0125803 0.00846184 0.00490389 0.0126128 0.00885009 0.00379943 0.0110525 0.00846184 0.00490389 0.0126128 0.00729414 0.00333063 0.0124551 0.00846184 0.00490389 0.0126128 0.00863629 0.00430558 0.0144603 0.00846184 0.00490389 0.0126128 0.00988032 0.00569896 0.0111818 0.0134074 0.0094787 0.0127003 0.0120181 0.00811492 0.0125764 0.0134074 0.0094787 0.0127003 0.0128459 0.00868162 0.0144002 0.0134074 0.0094787 0.0127003 0.0120467 0.0108003 0.0126983 0.0134074 0.0094787 0.0127003 0.0150834 0.00832007 0.0133538 0.0120181 0.00811492 0.0125764 0.0102956 0.00903363 0.0124232 0.0120181 0.00811492 0.0125764 0.0113986 0.00787863 0.0104791 0.0120181 0.00811492 0.0125764 0.0119641 0.0066168 0.0141512 0.00772678 0.00808528 0.000953171 0.00702218 0.00933933 0.00230049 0.00772678 0.00808528 0.000953171 0.00616535 0.00772151 0.00208443 0.00608817 0.00820031 0.0133661 0.00452008 0.00844254 0.0144932 0.00608817 0.00820031 0.0133661 0.00787271 0.0090787 0.0125727 0.0012251 0.0115874 0.0109257 0.000449221 0.0133317 0.0111781 0.0012251 0.0115874 0.0109257 -0.0006462345204828986 0.0118431 0.011367 0.0012251 0.0115874 0.0109257 0.002086 0.00987322 0.0108939 0.0012251 0.0115874 0.0109257 0.00198955 0.0125949 0.00943874 0.0109118 0.00251323 0.000948249 0.00915807 0.00328766 0.000934924 0.0109118 0.00251323 0.000948249 0.0118559 0.00265954 0.0028569 0.0109118 0.00251323 0.000948249 0.00966264 0.00154015 0.00253213 0.00088105 0.0150072 0.0105034 0.0022856 0.0145082 0.00925216 0.00088105 0.0150072 0.0105034 0.000449221 0.0133317 0.0111781 0.00088105 0.0150072 0.0105034 0.00240283 0.0162140775204829 0.0102687 0.00088105 0.0150072 0.0105034 0.000154844 0.0164626145204829 0.0119181 0.00358557 0.00806951 0.00525681 0.00199147 0.00806141 0.0063271 0.00358557 0.00806951 0.00525681 0.00501401 0.00925255 0.00568857 0.00358557 0.00806951 0.00525681 0.00206314 0.0089518 0.00458818 0.00358557 0.00806951 0.00525681 0.00522698 0.0073251 0.0040587 0.00358557 0.00806951 0.00525681 0.00488582 0.00666235 0.00631211 0.0109869 0.0080267 0.00127195 0.0113626 0.00895506 0.00296166 0.0109869 0.0080267 0.00127195 0.00952206 0.00691311 0.000898627 0.0109869 0.0080267 0.00127195 0.0111815 0.00982975 0.000890611 0.0109869 0.0080267 0.00127195 0.0126739 0.00729969 0.000948025 0.0109869 0.0080267 0.00127195 0.00940419 0.00919532 0.00201588 0.0124435 0.0146398 0.0116824 0.010716 0.015603606520482899 0.0115652 0.0124435 0.0146398 0.0116824 0.0142658 0.0148428 0.0112978 0.0124435 0.0146398 0.0116824 0.0125201 0.015806032520482897 0.0101814 0.0124435 0.0146398 0.0116824 0.0125126 0.0140022 0.0137814 0.0124435 0.0146398 0.0116824 0.0124797 0.0165707545204829 0.0124975 0.0124435 0.0146398 0.0116824 0.0120431 0.0125817 0.0117104 0.00854676 0.00257448 0.0136897 0.00688329 0.00340692 0.0143901 0.00854676 0.00257448 0.0136897 0.0082099 0.000870013 0.0144201 0.00854676 0.00257448 0.0136897 0.00729414 0.00333063 0.0124551 0.00854676 0.00257448 0.0136897 0.00863629 0.00430558 0.0144603 0.00854676 0.00257448 0.0136897 0.00703731 0.00147038 0.0130426 0.00854676 0.00257448 0.0136897 0.00864119 0.00172406 0.011622 0.00672295 0.000346097 0.0087875 0.00490533 0.00069221 0.00926079 0.00672295 0.000346097 0.0087875 0.0066188 -0.0007891345204828985 0.00723761 0.00672295 0.000346097 0.0087875 0.00603778 0.00111112 0.00717034 0.00672295 0.000346097 0.0087875 0.00647566 0.00104766 0.0108102 0.00717064 0.00382324 0.00437199 0.00886412 0.00308307 0.00375224 0.00717064 0.00382324 0.00437199 0.00714818 0.00220529 0.00322679 0.00717064 0.00382324 0.00437199 0.00576113 0.00496984 0.00514114 0.00717064 0.00382324 0.00437199 0.00572299 0.00380241 0.00301698 0.00606834 0.00901907 0.00820549 0.00404456 0.00864856 0.00752236 0.00606834 0.00901907 0.00820549 0.00730094 0.00931706 0.010022 0.00606834 0.00901907 0.00820549 0.00757262 0.0105256 0.00773959 0.00893611 0.0127031 0.00164658 0.00763007 0.0127637 0.00294432 0.00893611 0.0127031 0.00164658 0.0108772 0.0129161 0.00181871 0.00893611 0.0127031 0.00164658 0.00962222 0.0113023 0.00289497 0.00893611 0.0127031 0.00164658 0.00959524 0.0147618 0.00155384 0.012581 0.00928693 0.00778731 0.0118976 0.0110956 0.00824709 0.012581 0.00928693 0.00778731 0.0112303 0.00798569 0.00783697 0.012581 0.00928693 0.00778731 0.0111879 0.00951807 0.00905958 0.012581 0.00928693 0.00778731 0.013759 0.0108389 0.00784852 0.012581 0.00928693 0.00778731 0.0142043 0.00878106 0.00656703 0.012581 0.00928693 0.00778731 0.0137165 0.00929045 0.00956968 0.00999947 0.0108406 0.00787277 0.0118976 0.0110956 0.00824709 0.00999947 0.0108406 0.00787277 0.00921945 0.0119421 0.00641884 0.00999947 0.0108406 0.00787277 0.0103888 0.0118671 0.00947094 0.00999947 0.0108406 0.00787277 0.00874637 0.0122671 0.00818002 0.00999947 0.0108406 0.00787277 0.0106884 0.0107356 0.00604621 0.00885009 0.00379943 0.0110525 0.00697578 0.00371731 0.0106163 0.00885009 0.00379943 0.0110525 0.00864119 0.00172406 0.011622 0.00885009 0.00379943 0.0110525 0.00988032 0.00569896 0.0111818 0.00402451 0.00421498 0.0051619 0.00269748 0.00373721 0.00383797 0.00402451 0.00421498 0.0051619 0.00576113 0.00496984 0.00514114 0.00402451 0.00421498 0.0051619 0.00541196 0.00333014 0.00665278 0.00402451 0.00421498 0.0051619 0.00232622 0.00341988 0.00624313 0.00763007 0.0127637 0.00294432 0.00707059 0.0141062 0.00170009 0.00763007 0.0127637 0.00294432 0.00892562 0.0125508 0.00432971 0.00763007 0.0127637 0.00294432 0.0063218 0.0125101 0.00426012 0.00763007 0.0127637 0.00294432 0.00723472 0.0109701 0.00343743 0.0022856 0.0145082 0.00925216 0.00240283 0.0162140775204829 0.0102687 0.0022856 0.0145082 0.00925216 0.00357887 0.0134538 0.0101713 0.0022856 0.0145082 0.00925216 0.00198955 0.0125949 0.00943874 0.0022856 0.0145082 0.00925216 0.00185793 0.0139856 0.00720806 0.00179259 0.00373121 0.000942048 0.00358764 0.0043882 0.00196482 0.00179259 0.00373121 0.000942048 -0.00018173452048289942 0.00300748 0.00131104 0.0145569 0.01125 0.00958401 0.0143573 0.0127819 0.00851817 0.0145569 0.01125 0.00958401 0.0128927 0.0122358 0.00968693 0.0145569 0.01125 0.00958401 0.0147244 0.0118431 0.011367 0.0145569 0.01125 0.00958401 0.013759 0.0108389 0.00784852 0.0145569 0.01125 0.00958401 0.0137165 0.00929045 0.00956968 0.0104494 0.0041918 0.00970165 0.00872367 0.00391884 0.00886091 0.0104494 0.0041918 0.00970165 0.0097276 0.00238535 0.00987972 0.0104494 0.0041918 0.00970165 0.0106172 0.0061586 0.00884653 0.0104494 0.0041918 0.00970165 0.012392 0.0035215 0.0102817 0.0104494 0.0041918 0.00970165 0.00988032 0.00569896 0.0111818 0.0125467 0.000691416 0.0145152 0.0131829 0.00249219 0.0143918 0.0125467 0.000691416 0.0145152 0.0125126 -0.0013684345204829 0.0137814 0.0125467 0.000691416 0.0145152 0.0124797 0.00120012 0.0124975 0.00509822 0.0110078 0.00640293 0.00470948 0.0111967 0.008307 0.00509822 0.0110078 0.00640293 0.00501401 0.00925255 0.00568857 0.00509822 0.0110078 0.00640293 0.00641682 0.0122244 0.00702925 0.00509822 0.0110078 0.00640293 0.00552444 0.0108269 0.00453722 0.00509822 0.0110078 0.00640293 0.00358932 0.0124559 0.00693932 0.0109612 0.0108004 0.01098 0.00999621 0.0109642 0.0126444 0.0109612 0.0108004 0.01098 0.0129113 0.0106478 0.0110132 0.0109612 0.0108004 0.01098 0.0103888 0.0118671 0.00947094 0.0109612 0.0108004 0.01098 0.0120431 0.0125817 0.0117104 0.00688329 0.00340692 0.0143901 0.00581911 0.00172426 0.0144566 0.00688329 0.00340692 0.0143901 0.00729414 0.00333063 0.0124551 0.00688329 0.00340692 0.0143901 0.00863629 0.00430558 0.0144603 0.0120602 0.0118554 0.00443186 0.0123128 0.0136301 0.00500719 0.0120602 0.0118554 0.00443186 0.0105733 0.0125735 0.00526755 0.0120602 0.0118554 0.00443186 0.0128722 0.0100815 0.00515816 0.0120602 0.0118554 0.00443186 0.0118046 0.0110655 0.00245696 0.000538242 0.0152463 0.0143884 0.000977121 0.0145399 0.0126192 0.000538242 0.0152463 0.0143884 0.00140595 0.0170117345204829 0.0145374 1.52415e-05 0.00574302 0.00951558 0.000969465 0.00402503 0.00960789 1.52415e-05 0.00574302 0.00951558 -0.0017950345204828997 0.00512942 0.00967011 1.52415e-05 0.00574302 0.00951558 0.0018468 0.00559321 0.0090898 1.52415e-05 0.00574302 0.00951558 0.00098502 0.0053282 0.0111163 1.52415e-05 0.00574302 0.00951558 -0.0006241345204829006 0.00741987 0.00833856 0.00440958 0.0143626 0.0145282 0.00441845 0.0127797 0.0136226 0.00440958 0.0143626 0.0145282 0.00599052 0.0152894 0.0138492 0.00440958 0.0143626 0.0145282 0.003511 0.015171 0.0131598 0.0106653 0.000433149 0.0097738 0.010716 0.000232972 0.0115652 0.0106653 0.000433149 0.0097738 0.00888094 0.000740739 0.0093095 0.0106653 0.000433149 0.0097738 0.0111058 -0.00027263452048289957 0.00812776 0.0106653 0.000433149 0.0097738 0.0125201 0.000435398 0.0101814 0.0106653 0.000433149 0.0097738 0.0114087 -0.0015565345204829005 0.00980987 0.0106653 0.000433149 0.0097738 0.0114463 0.00207711 0.00861686 0.010716 0.000232972 0.0115652 0.0103426 0.00140231 0.0128859 0.010716 0.000232972 0.0115652 0.0124797 0.00120012 0.0124975 0.000257004 0.0148446 0.000978732 -0.0009015345204828987 0.0152824 0.00250948 0.000257004 0.0148446 0.000978732 0.000941687 0.0129901 0.00100755 0.000257004 0.0148446 0.000978732 0.00150798 0.0166718945204829 0.00109445 0.0106435 0.00802451 0.0145352 0.00924009 0.00904139 0.0140747 0.0106435 0.00802451 0.0145352 0.0119641 0.0066168 0.0141512 0.0106435 0.00802451 0.0145352 0.0110828 0.010023 0.0142771 0.00441845 0.0127797 0.0136226 0.00512241 0.0142025 0.0125249 0.00441845 0.0127797 0.0136226 0.00423907 0.0107346 0.0139761 0.00779511 0.0100188 0.0145682 0.00924009 0.00904139 0.0140747 0.00779511 0.0100188 0.0145682 0.00930259 0.0112453 0.0144407 0.00779511 0.0100188 0.0145682 0.00709482 0.0119501 0.0142682 0.00779511 0.0100188 0.0145682 0.00787271 0.0090787 0.0125727 0.00700269 0.00639403 0.00492724 0.00832408 0.00779038 0.00508726 0.00700269 0.00639403 0.00492724 0.0066216 0.0078737 0.00612172 0.00700269 0.00639403 0.00492724 0.00576113 0.00496984 0.00514114 0.00700269 0.00639403 0.00492724 0.00522698 0.0073251 0.0040587 0.00700269 0.00639403 0.00492724 0.00670747 0.00583542 0.00290594 0.00832408 0.00779038 0.00508726 0.00841092 0.00959626 0.0058444 0.00832408 0.00779038 0.00508726 0.00801103 0.00791742 0.00315793 0.00832408 0.00779038 0.00508726 0.0066216 0.0078737 0.00612172 0.00832408 0.00779038 0.00508726 0.010236 0.00840283 0.00599713 0.00832408 0.00779038 0.00508726 0.00676824 0.0091283 0.00445074 0.0113626 0.00895506 0.00296166 0.0132691 0.0093747 0.00311564 0.0113626 0.00895506 0.00296166 0.0124689 0.00812599 0.00436228 0.0113626 0.00895506 0.00296166 0.0106617 0.0102324 0.00420182 0.0113626 0.00895506 0.00296166 0.00940419 0.00919532 0.00201588 0.0113626 0.00895506 0.00296166 0.0118046 0.0110655 0.00245696 0.000595232 0.00442376 0.00558026 0.00143209 0.00602887 0.00484575 0.000595232 0.00442376 0.00558026 0.00232622 0.00341988 0.00624313 0.00577495 0.00516388 0.00766243 0.00651834 0.00687967 0.00795518 0.00577495 0.00516388 0.00766243 0.00695671 0.00474392 0.00905735 0.00577495 0.00516388 0.00766243 0.00488582 0.00666235 0.00631211 0.00577495 0.00516388 0.00766243 0.00541196 0.00333014 0.00665278 0.00199147 0.00806141 0.0063271 0.00194235 0.00933517 0.00774063 0.00199147 0.00806141 0.0063271 0.00140268 0.00676794 0.00759816 0.00199147 0.00806141 0.0063271 0.00206314 0.0089518 0.00458818 0.00199147 0.00806141 0.0063271 0.0008854359999999999 0.00966532 0.00602013 0.00199147 0.00806141 0.0063271 0.00025675700000000004 0.00786836 0.00497188 0.00211998 0.0109038 0.0130038 0.00184032 0.0120793 0.0144747 0.00211998 0.0109038 0.0130038 0.00349408 0.00984074 0.0121777 0.0141259 0.00608338 0.000968971 0.0140915 0.00668328 0.00283329 0.0141259 0.00608338 0.000968971 0.0126739 0.00729969 0.000948025 0.0141259 0.00608338 0.000968971 0.0123629 0.00535672 0.000884611 0.00250635 0.00565612 0.0063415 0.00106997 0.00493477 0.00746085 0.00250635 0.00565612 0.0063415 0.00383011 0.00460069 0.00716519 0.00250635 0.00565612 0.0063415 0.00143209 0.00602887 0.00484575 0.00250635 0.00565612 0.0063415 0.00352808 0.00641109 0.00817625 0.00250635 0.00565612 0.0063415 0.00232622 0.00341988 0.00624313 0.00888094 0.000740739 0.0093095 0.00785891 0.00232456 0.00962299 0.00888094 0.000740739 0.0093095 0.0097276 0.00238535 0.00987972 0.00999621 0.0109642 0.0126444 0.00864237 0.0106469 0.0113334 0.00999621 0.0109642 0.0126444 0.00930259 0.0112453 0.0144407 0.00999621 0.0109642 0.0126444 0.0102956 0.00903363 0.0124232 0.00999621 0.0109642 0.0126444 0.0103195 0.0129423 0.0135931 0.00999621 0.0109642 0.0126444 0.0110828 0.010023 0.0142771 0.00864237 0.0106469 0.0113334 0.00951329 0.0100961 0.00974049 0.00864237 0.0106469 0.0113334 0.0068171 0.0116391 0.0119993 0.00864237 0.0106469 0.0113334 0.00787271 0.0090787 0.0125727 0.00864237 0.0106469 0.0113334 0.00760919 0.0117553 0.00983223 0.000969465 0.00402503 0.00960789 -0.0005527345204828982 0.00401886 0.0106743 0.000969465 0.00402503 0.00960789 0.0018468 0.00559321 0.0090898 0.000969465 0.00402503 0.00960789 8.106849999999996e-05 0.00346276 0.00800281 0.000969465 0.00402503 0.00960789 0.00247022 0.003927 0.0083815 0.000969465 0.00402503 0.00960789 0.0026326 0.00369939 0.0105278 0.000969465 0.00402503 0.00960789 0.00098502 0.0053282 0.0111163 0.0127233 0.00079723 0.00738357 0.0145644 0.000729407 0.00675731 0.0127233 0.00079723 0.00738357 0.0121634 -0.001008034520482899 0.00679055 0.0127233 0.00079723 0.00738357 0.0114463 0.00207711 0.00861686 0.0127233 0.00079723 0.00738357 0.0108315 0.00063707 0.00626549 0.0146976 0.0107951 0.00618344 0.013759 0.0108389 0.00784852 0.0146976 0.0107951 0.00618344 0.0147426 0.012606 0.00667052 0.0146976 0.0107951 0.00618344 0.016256070520482897 0.00966532 0.00602013 0.0146976 0.0107951 0.00618344 0.0142043 0.00878106 0.00656703 0.0146976 0.0107951 0.00618344 0.0159670455204829 0.0117735 0.00480197 0.0146976 0.0107951 0.00618344 0.0128722 0.0100815 0.00515816 0.0138771 0.00294134 0.00892731 0.015451703020482899 0.00346276 0.00800281 0.0138771 0.00294134 0.00892731 0.012392 0.0035215 0.0102817 0.0138771 0.00294134 0.00892731 0.0137817 0.00307043 0.00676854 0.0138771 0.00294134 0.00892731 0.0145161 0.00101532 0.00961945 0.000773612 0.00264311 0.0131646 0.00140595 0.0016411 0.0145374 0.000773612 0.00264311 0.0131646 -0.0009421345204828987 0.00342394 0.0130015 0.000773612 0.00264311 0.0131646 0.00109812 0.00349856 0.0116007 0.000773612 0.00264311 0.0131646 0.000154844 0.00109198 0.0119181 0.000773612 0.00264311 0.0131646 0.000778643 0.0044607 0.0142257 0.00194235 0.00933517 0.00774063 0.00210729 0.00779943 0.00900949 0.00194235 0.00933517 0.00774063 0.00177003 0.0106641 0.00911158 0.00194235 0.00933517 0.00774063 8.435480000000008e-05 0.00995715 0.00799865 0.00194235 0.00933517 0.00774063 0.00404456 0.00864856 0.00752236 0.00194235 0.00933517 0.00774063 0.002976 0.010311 0.00605346 0.0028642 0.00860811 0.00289342 0.00206314 0.0089518 0.00458818 0.0028642 0.00860811 0.00289342 0.00240649 0.00685607 0.00344709 0.0028642 0.00860811 0.00289342 0.00286447 0.009734 0.0011025 0.0028642 0.00860811 0.00289342 0.00487931 0.00937461 0.00280342 0.0028642 0.00860811 0.00289342 0.0007270519999999997 0.00813109 0.00273617 0.0028642 0.00860811 0.00289342 0.0018216 0.0105733 0.00310661 0.0142049 0.0134024 0.000882122 0.0136468 0.0117768 0.00161815 0.0142049 0.0134024 0.000882122 0.0136293 0.0151931 0.000883264 0.0142049 0.0134024 0.000882122 0.0149669 0.0129066 0.00285924 0.00271385 0.0120951 0.000983228 0.00458878 0.0127323 0.000889927 0.00271385 0.0120951 0.000983228 0.0009416870000000001 0.0129901 0.00100755 0.000449221 0.0133317 0.0111781 -0.0006462345204828985 0.0118431 0.011367 0.000449221 0.0133317 0.0111781 0.000977121 0.0145399 0.0126192 0.00512241 0.0142025 0.0125249 0.00599052 0.0152894 0.0138492 0.00512241 0.0142025 0.0125249 0.00337851 0.0136074 0.012037 0.00512241 0.0142025 0.0125249 0.00695371 0.0147786 0.0122093 0.00512241 0.0142025 0.0125249 0.003511 0.015171 0.0131598 0.00512241 0.0142025 0.0125249 0.0041845 0.0156414225204829 0.0112352 0.0090967 0.0152193 0.0051464 0.00857401 0.0138082 0.00644255 0.0090967 0.0152193 0.0051464 0.00790977 0.0159251345204829 0.00657309 0.0090967 0.0152193 0.0051464 0.00794846 0.0153104 0.00326511 0.0090967 0.0152193 0.0051464 0.0108315 0.016007704520482897 0.00626549 0.0143573 0.0127819 0.00851817 0.0128927 0.0122358 0.00968693 0.0143573 0.0127819 0.00851817 0.0127241 0.0126985 0.00758516 0.0143573 0.0127819 0.00851817 0.014394 0.0147198 0.00818975 0.0143573 0.0127819 0.00851817 0.0147426 0.012606 0.00667052 0.0136468 0.0117768 0.00161815 0.0149669 0.0129066 0.00285924 0.0136468 0.0117768 0.00161815 0.0118046 0.0110655 0.00245696 0.0140915 0.00668328 0.00283329 0.0121463 0.00672581 0.0027741 0.0140915 0.00668328 0.00283329 0.0141363 0.00826352 0.00175616 0.0140915 0.00668328 0.00283329 0.0156364715204829 0.00514675 0.0032108 0.0140915 0.00668328 0.00283329 0.0132851 0.00466757 0.0026714 0.00140268 0.00676794 0.00759816 0.0018468 0.00559321 0.0090898 0.00140268 0.00676794 0.00759816 0.00106997 0.00493477 0.00746085 0.00140268 0.00676794 0.00759816 0.00210729 0.00779943 0.00900949 0.00140268 0.00676794 0.00759816 0.00015027599999999997 0.00624099 0.00629367 0.00140268 0.00676794 0.00759816 0.00352808 0.00641109 0.00817625 0.0148179 0.00401886 0.0106743 0.0135756 0.00512942 0.00967011 0.0148179 0.00401886 0.0106743 0.0138968 0.00243653 0.0114075 0.0148179 0.00401886 0.0106743 0.0164687545204829 0.00349856 0.0116007 0.0148179 0.00401886 0.0106743 0.0134051 0.00505072 0.0118767 0.0128927 0.0122358 0.00968693 0.0114087 0.0138141 0.00980987 0.0128927 0.0122358 0.00968693 0.0120431 0.0125817 0.0117104 0.0106344 0.00516889 0.00633136 0.00953084 0.00657841 0.0070626 0.0106344 0.00516889 0.00633136 0.0119203 0.00429212 0.00786969 0.0106344 0.00516889 0.00633136 0.012717 0.00497249 0.00564253 0.0132691 0.00322139 0.00440678 0.0127724 0.00169191 0.00554587 0.0132691 0.00322139 0.00440678 0.0118559 0.00265954 0.0028569 0.0132691 0.00322139 0.00440678 0.012717 0.00497249 0.00564253 0.0132691 0.00322139 0.00440678 0.0148598 0.00183155 0.00485025 0.0132691 0.00322139 0.00440678 0.0112204 0.00325932 0.00515858 0.00537116 0.00290926 0.0111914 0.00512251 0.00157736 0.0126485 0.00537116 0.00290926 0.0111914 0.00538342 0.0034238 0.0130372 0.00537116 0.00290926 0.0111914 0.00697578 0.00371731 0.0106163 0.00537116 0.00290926 0.0111914 0.00647566 0.00104766 0.0108102 0.0135756 0.00512942 0.00967011 0.0119348 0.00572724 0.0104921 0.0135756 0.00512942 0.00967011 0.012392 0.0035215 0.0102817 0.0135756 0.00512942 0.00967011 0.0140576 0.00533103 0.00758861 0.0135756 0.00512942 0.00967011 0.0137968 0.00708503 0.0105313 0.0135756 0.00512942 0.00967011 0.0134051 0.00505072 0.0118767 0.00886412 0.00308307 0.00375224 0.0102484 0.00405377 0.00280051 0.00886412 0.00308307 0.00375224 0.00714818 0.00220529 0.00322679 0.00886412 0.00308307 0.00375224 0.00859229 0.00485768 0.00319335 0.00886412 0.00308307 0.00375224 0.00966264 0.00154015 0.00253213 0.00886412 0.00308307 0.00375224 0.00899819 0.00313438 0.00595921 0.00952206 0.00691311 0.000898627 0.00892088 0.00514356 0.00129141 0.000394765 0.00965594 0.0100309 0.002086 0.00987322 0.0108939 0.000394765 0.00965594 0.0100309 0.00177003 0.0106641 0.00911158 0.000394765 0.00965594 0.0100309 -0.00020163452048289904 0.0101144 0.011814 0.000394765 0.00965594 0.0100309 0.000803853 0.00855083 0.0115832 0.000394765 0.00965594 0.0100309 -0.0016541345204828996 0.00929045 0.00956968 0.0007164 0.000291917 0.00791993 -0.0008062345204829 0.000729407 0.00675731 0.0007164 0.000291917 0.00791993 -0.0009766345204828995 -0.0006508345204828984 0.00818975 0.0007164 0.000291917 0.00791993 0.00255816 0.00114621 0.00710047 0.0007164 0.000291917 0.00791993 0.0018579299999999998 -0.0013850345204828975 0.00720806 0.00524774 0.0125483 0.00962598 0.00470948 0.0111967 0.008307 0.00524774 0.0125483 0.00962598 0.00357887 0.0134538 0.0101713 0.00524774 0.0125483 0.00962598 0.00462761 0.014216 0.00872348 0.00524774 0.0125483 0.00962598 0.00358582 0.0112819 0.0101736 0.0138968 0.00243653 0.0114075 0.0144285 0.00342394 0.0130015 0.0138968 0.00243653 0.0114075 0.015525478520482899 0.00109198 0.0119181 0.0138968 0.00243653 0.0114075 0.012392 0.0035215 0.0102817 0.0138968 0.00243653 0.0114075 0.0124797 0.00120012 0.0124975 0.0129113 0.0106478 0.0110132 0.0120467 0.0108003 0.0126983 0.0129113 0.0106478 0.0110132 0.0137165 0.00929045 0.00956968 0.0129113 0.0106478 0.0110132 0.0120431 0.0125817 0.0117104 0.0118976 0.0110956 0.00824709 0.0127241 0.0126985 0.00758516 0.0118976 0.0110956 0.00824709 0.0111879 0.00951807 0.00905958 0.0118976 0.0110956 0.00824709 0.013759 0.0108389 0.00784852 0.00982367 0.0150127 0.0133574 0.0103426 0.016772944520482898 0.0128859 0.00982367 0.0150127 0.0133574 0.0078991 0.0141693 0.0141394 0.00982367 0.0150127 0.0133574 0.0103195 0.0129423 0.0135931 0.00591345 0.0104097 0.000918365 0.00542242 0.0116958 0.00257056 0.00490533 0.00069221 0.00926079 0.00462761 -0.0011546345204829001 0.00872348 0.00490533 0.00069221 0.00926079 0.00647566 0.00104766 0.0108102 0.00490533 0.00069221 0.00926079 0.0041845 0.000270788 0.0112352 0.0123963 0.00678884 0.00680525 0.0112303 0.00798569 0.00783697 0.0123963 0.00678884 0.00680525 0.0126317 0.00700878 0.00871286 0.0123963 0.00678884 0.00680525 0.012717 0.00497249 0.00564253 0.00365581 0.0111931 0.00410831 0.00552444 0.0108269 0.00453722 0.00365581 0.0111931 0.00410831 0.002976 0.010311 0.00605346 0.00365581 0.0111931 0.00410831 0.0018216 0.0105733 0.00310661 0.0111058 0.015098 0.00812776 0.0121634 0.0143626 0.00679055 0.0111058 0.015098 0.00812776 0.0106021 0.0130877 0.00764289 0.0111058 0.015098 0.00812776 0.0114087 0.0138141 0.00980987 0.0111058 0.015098 0.00812776 0.0108315 0.016007704520482897 0.00626549 0.00737449 0.00408512 0.00181528 0.00719036 0.00578893 0.00085116 0.00737449 0.00408512 0.00181528 0.00562226 0.00477273 0.00132247 0.00737449 0.00408512 0.00181528 0.00892088 0.00514356 0.00129141 0.00737449 0.00408512 0.00181528 0.00859229 0.00485768 0.00319335 0.00737449 0.00408512 0.00181528 0.00670747 0.00583542 0.00290594 0.0018468 0.00559321 0.0090898 0.00106997 0.00493477 0.00746085 0.0018468 0.00559321 0.0090898 0.00247022 0.003927 0.0083815 0.0018468 0.00559321 0.0090898 0.00300831 0.00642562 0.010603 0.0018468 0.00559321 0.0090898 0.00352808 0.00641109 0.00817625 0.00106997 0.00493477 0.00746085 8.106850000000007e-05 0.00346276 0.00800281 0.00106997 0.00493477 0.00746085 0.00015027599999999997 0.00624099 0.00629367 0.00106997 0.00493477 0.00746085 0.00247022 0.003927 0.0083815 0.00702218 0.00933933 0.00230049 0.00801103 0.00791742 0.00315793 0.00702218 0.00933933 0.00230049 0.00616535 0.00772151 0.00208443 0.00702218 0.00933933 0.00230049 0.00723472 0.0109701 0.00343743 0.00702218 0.00933933 0.00230049 0.00487931 0.00937461 0.00280342 0.00702218 0.00933933 0.00230049 0.00676824 0.0091283 0.00445074 0.0142658 0.0148428 0.0112978 0.015525478520482899 0.0164626145204829 0.0119181 0.00841092 0.00959626 0.0058444 0.00873277 0.00988291 0.00393572 0.00841092 0.00959626 0.0058444 0.010236 0.00840283 0.00599713 0.00841092 0.00959626 0.0058444 0.00676824 0.0091283 0.00445074 0.00841092 0.00959626 0.0058444 0.00817881 0.00822097 0.00753351 0.0125201 0.000435398 0.0101814 0.0145161 0.00101532 0.00961945 0.00509977 0.0104938 0.0114683 0.00534896 0.0085551 0.0110848 0.00509977 0.0104938 0.0114683 0.0048199 0.0124239 0.0116554 0.00509977 0.0104938 0.0114683 0.00349408 0.00984074 0.0121777 0.00509977 0.0104938 0.0114683 0.0068171 0.0116391 0.0119993 0.00509977 0.0104938 0.0114683 0.00358582 0.0112819 0.0101736 0.0147244 0.0118431 0.011367 0.015169 0.0101144 0.011814 0.00512251 0.00157736 0.0126485 0.00538342 0.0034238 0.0130372 0.00512251 0.00157736 0.0126485 0.00581911 0.00172426 0.0144566 0.00512251 0.00157736 0.0126485 0.00703731 0.00147038 0.0130426 0.00512251 0.00157736 0.0126485 0.00332749 0.00282902 0.0123916 0.00512251 0.00157736 0.0126485 0.0041845 0.0002707879999999999 0.0112352 0.00251217 0.00823778 0.0121972 0.000803853 0.00855083 0.0115832 0.00251217 0.00823778 0.0121972 0.00349408 0.00984074 0.0121777 0.00251217 0.00823778 0.0121972 0.00151112 0.00661975 0.013202 0.000977121 0.0145399 0.0126192 0.00239349 0.0136902 0.0136603 0.000977121 0.0145399 0.0126192 0.000154844 0.0164626145204829 0.0119181 8.10685e-05 0.00346276 0.00800281 0.000518752 0.00218991 0.00672875 8.10685e-05 0.00346276 0.00800281 0.00139906 0.0022093 0.00850697 8.10685e-05 0.00346276 0.00800281 -0.0015889345204828998 0.00307043 0.00676854 0.0111815 0.00982975 0.000890611 0.00940419 0.00919532 0.00201588 0.0111815 0.00982975 0.000890611 0.0118046 0.0110655 0.00245696 0.01394 0.0142913 0.00637056 0.0145644 0.0161000415204829 0.00675731 0.01394 0.0142913 0.00637056 0.014394 0.0147198 0.00818975 0.01394 0.0142913 0.00637056 0.0147426 0.012606 0.00667052 0.01394 0.0142913 0.00637056 0.0121634 0.0143626 0.00679055 0.01394 0.0142913 0.00637056 0.0141476 0.0130014 0.00491582 0.01394 0.0142913 0.00637056 0.0138166 0.0150889 0.00444539 0.01394 0.0142913 0.00637056 0.0158488575204829 0.0143084 0.00535659 0.00707059 0.0141062 0.00170009 0.00794846 0.0153104 0.00326511 0.0126739 0.00729969 0.000948025 0.0123629 0.00535672 0.000884611 0.0126739 0.00729969 0.000948025 0.0121463 0.00672581 0.0027741 0.0126739 0.00729969 0.000948025 0.0141363 0.00826352 0.00175616 0.00599052 0.0152894 0.0138492 0.00581911 0.0170948945204829 0.0144566 0.00599052 0.0152894 0.0138492 0.00695371 0.0147786 0.0122093 0.00599052 0.0152894 0.0138492 0.0078991 0.0141693 0.0141394 0.00999666 0.00133732 0.0146069 0.0082099 0.000870013 0.0144201 0.00999666 0.00133732 0.0146069 0.0103426 0.00140231 0.0128859 0.00470948 0.0111967 0.008307 0.00358582 0.0112819 0.0101736 0.00470948 0.0111967 0.008307 0.00358932 0.0124559 0.00693932 0.00534896 0.0085551 0.0110848 0.00547909 0.00680481 0.011901 0.00534896 0.0085551 0.0110848 0.00453691 0.00942341 0.00954167 0.00534896 0.0085551 0.0110848 0.00527292 0.00713916 0.00961492 0.00892562 0.0125508 0.00432971 0.0105733 0.0125735 0.00526755 0.00892562 0.0125508 0.00432971 0.00756921 0.0122723 0.00560177 0.00356341 0.00181973 0.00533926 0.00492007 0.00044180100000000013 0.00580023 0.00356341 0.00181973 0.00533926 0.00161236 0.00169672 0.00526334 0.00356341 0.00181973 0.00533926 0.00255816 0.00114621 0.00710047 0.00356341 0.00181973 0.00533926 0.00232622 0.00341988 0.00624313 0.00356341 0.00181973 0.00533926 0.00547061 0.00220868 0.00452783 0.00651834 0.00687967 0.00795518 0.00527292 0.00713916 0.00961492 0.00651834 0.00687967 0.00795518 0.008276 0.00645263 0.00919447 0.00651834 0.00687967 0.00795518 0.00817881 0.00822097 0.00753351 0.00695671 0.00474392 0.00905735 0.00872367 0.00391884 0.00886091 0.00695671 0.00474392 0.00905735 0.00697578 0.00371731 0.0106163 0.00695671 0.00474392 0.00905735 0.00760515 0.0042274 0.00728987 0.00695671 0.00474392 0.00905735 0.008276 0.00645263 0.00919447 0.00801103 0.00791742 0.00315793 0.00676824 0.0091283 0.00445074 0.00801103 0.00791742 0.00315793 0.00940419 0.00919532 0.00201588 0.00538342 0.0034238 0.0130372 0.00521796 0.00515041 0.0138533 0.00538342 0.0034238 0.0130372 0.00729414 0.00333063 0.0124551 0.00538342 0.0034238 0.0130372 0.00332749 0.00282902 0.0123916 0.0048199 0.0124239 0.0116554 0.00337851 0.0136074 0.012037 0.0048199 0.0124239 0.0116554 0.0068171 0.0116391 0.0119993 0.0048199 0.0124239 0.0116554 0.00358582 0.0112819 0.0101736 0.0123629 0.00535672 0.000884611 0.0107403 0.0055451 0.00180551 0.0123629 0.00535672 0.000884611 0.0132851 0.00466757 0.0026714 0.0123128 0.0136301 0.00500719 0.0121634 0.0143626 0.00679055 0.0123128 0.0136301 0.00500719 0.0141476 0.0130014 0.00491582 0.0123128 0.0136301 0.00500719 0.0138166 0.0150889 0.00444539 0.0132691 0.0093747 0.00311564 0.0124689 0.00812599 0.00436228 0.0132691 0.0093747 0.00311564 0.0141363 0.00826352 0.00175616 0.0132691 0.0093747 0.00311564 0.0128722 0.0100815 0.00515816 0.00924009 0.00904139 0.0140747 0.0079913 0.00761103 0.0143987 0.00924009 0.00904139 0.0140747 0.0102956 0.00903363 0.0124232 0.00924009 0.00904139 0.0140747 0.00787271 0.0090787 0.0125727 0.00924009 0.00904139 0.0140747 0.0110828 0.010023 0.0142771 0.00240283 0.000843443 0.0102687 0.0041845 0.000270788 0.0112352 0.00719036 0.00578893 0.00085116 0.00562226 0.00477273 0.00132247 0.00719036 0.00578893 0.00085116 0.00892088 0.00514356 0.00129141 0.00719036 0.00578893 0.00085116 0.00670747 0.00583542 0.00290594 0.00873277 0.00988291 0.00393572 0.0106617 0.0102324 0.00420182 0.00873277 0.00988291 0.00393572 0.00962222 0.0113023 0.00289497 0.00873277 0.00988291 0.00393572 0.00723472 0.0109701 0.00343743 0.00873277 0.00988291 0.00393572 0.00676824 0.0091283 0.00445074 0.00873277 0.00988291 0.00393572 0.00940419 0.00919532 0.00201588 0.0105733 0.0125735 0.00526755 0.00921945 0.0119421 0.00641884 0.0105733 0.0125735 0.00526755 0.0106884 0.0107356 0.00604621 0.00210729 0.00779943 0.00900949 0.000519877 0.00761316 0.010058 0.00210729 0.00779943 0.00900949 0.00352808 0.00641109 0.00817625 0.010898 0.0143746 0.00316433 0.0108772 0.0129161 0.00181871 0.010898 0.0143746 0.00316433 0.011736 0.016035954520482898 0.00405254 0.010898 0.0143746 0.00316433 0.00959524 0.0147618 0.00155384 0.000150276 0.00624099 0.00629367 0.00143209 0.00602887 0.00484575 0.000150276 0.00624099 0.00629367 -0.0013130345204828988 0.00533103 0.00758861 0.000150276 0.00624099 0.00629367 0.000256757 0.00786836 0.00497188 0.0102484 0.00405377 0.00280051 0.0107403 0.0055451 0.00180551 0.0102484 0.00405377 0.00280051 0.00859229 0.00485768 0.00319335 0.0102484 0.00405377 0.00280051 0.0118559 0.00265954 0.0028569 0.0127241 0.0126985 0.00758516 0.0121634 0.0143626 0.00679055 0.0127241 0.0126985 0.00758516 0.0106021 0.0130877 0.00764289 0.0131443 0.012018 0.0144795 0.0125126 0.0140022 0.0137814 0.00921945 0.0119421 0.00641884 0.00857401 0.0138082 0.00644255 0.00921945 0.0119421 0.00641884 0.00756921 0.0122723 0.00560177 0.00921945 0.0119421 0.00641884 0.00874637 0.0122671 0.00818002 0.00921945 0.0119421 0.00641884 0.0106884 0.0107356 0.00604621 0.00921945 0.0119421 0.00641884 0.0106021 0.0130877 0.00764289 0.00857401 0.0138082 0.00644255 0.00687735 0.0143408 0.00513623 0.00581911 0.00172426 0.0144566 0.00703731 0.00147038 0.0130426 0.00878013 0.0126694 0.0120224 0.0068171 0.0116391 0.0119993 0.00878013 0.0126694 0.0120224 0.0103195 0.0129423 0.0135931 0.0151819 0.00983466 0.00397306 0.0159670455204829 0.0117735 0.00480197 0.0151819 0.00983466 0.00397306 0.015627391520482897 0.00786836 0.00497188 0.0121463 0.00672581 0.0027741 0.0103754 0.006324 0.00347663 0.00930259 0.0112453 0.0144407 0.0103195 0.0129423 0.0135931 0.00930259 0.0112453 0.0144407 0.0110828 0.010023 0.0142771 0.00785891 0.00232456 0.00962299 0.00872367 0.00391884 0.00886091 0.00785891 0.00232456 0.00962299 0.00697578 0.00371731 0.0106163 0.00785891 0.00232456 0.00962299 0.00625872 0.00230596 0.00867378 0.00785891 0.00232456 0.00962299 0.0097276 0.00238535 0.00987972 0.00785891 0.00232456 0.00962299 0.00864119 0.00172406 0.011622 0.00785891 0.00232456 0.00962299 0.00647566 0.00104766 0.0108102 0.0127724 0.00169191 0.00554587 0.011736 0.0006653200000000001 0.00405254 0.0127724 0.00169191 0.00554587 0.0148598 0.00183155 0.00485025 0.0127724 0.00169191 0.00554587 0.0137817 0.00307043 0.00676854 0.0127724 0.00169191 0.00554587 0.0112204 0.00325932 0.00515858 0.0144691 0.0152824 0.00250948 0.0136293 0.0151931 0.0008832639999999999 0.0144691 0.0152824 0.00250948 0.0138166 0.0150889 0.00444539 0.00458878 0.0127323 0.000889927 0.0034757 0.0142895 0.000851078 0.00458878 0.0127323 0.000889927 0.00389386 0.013466 0.00280387 0.00458878 0.0127323 0.000889927 0.00542242 0.0116958 0.00257056 0.00357887 0.0134538 0.0101713 0.00337851 0.0136074 0.012037 0.00357887 0.0134538 0.0101713 0.00462761 0.014216 0.00872348 0.00357887 0.0134538 0.0101713 0.00198955 0.0125949 0.00943874 0.00357887 0.0134538 0.0101713 0.00358582 0.0112819 0.0101736 0.0112303 0.00798569 0.00783697 0.0111879 0.00951807 0.00905958 0.0112303 0.00798569 0.00783697 0.00973482 0.00826854 0.00897179 0.0112303 0.00798569 0.00783697 0.0126317 0.00700878 0.00871286 0.0112303 0.00798569 0.00783697 0.0106172 0.0061586 0.00884653 0.0112303 0.00798569 0.00783697 0.010236 0.00840283 0.00599713 0.0082099 0.000870013 0.0144201 0.00703731 0.00147038 0.0130426 0.0082099 0.000870013 0.0144201 0.0078991 -0.0012013345204828993 0.0141394 0.0143522 0.0101641 0.0143856 0.0150834 0.00832007 0.0133538 0.00714818 0.00220529 0.00322679 0.00547061 0.00220868 0.00452783 0.00915807 0.00328766 0.000934924 0.00892088 0.00514356 0.00129141 0.00413295 0.0147811 0.00445143 0.00492007 0.0158124355204829 0.00580023 0.00413295 0.0147811 0.00445143 0.00248374 0.0151863 0.00540234 0.00413295 0.0147811 0.00445143 0.00389386 0.013466 0.00280387 0.00413295 0.0147811 0.00445143 0.0055355 0.015625665520482897 0.0029715 0.00521796 0.00515041 0.0138533 0.00308504 0.00529079 0.0142464 0.0145644 0.000729407 0.00675731 0.015889386520482898 0.00218991 0.00672875 0.0145644 0.000729407 0.00675731 0.014394 -0.000650834520482899 0.00818975 0.0145644 0.000729407 0.00675731 0.0148598 0.00183155 0.00485025 0.0149452 0.00631236 0.0144022 0.0136472 0.006821 0.0130219 0.0149452 0.00631236 0.0144022 0.0161492775204829 0.0044607 0.0142257 0.000518752 0.00218991 0.00672875 0.0016123599999999997 0.00169672 0.00526334 0.000518752 0.00218991 0.00672875 0.00139906 0.0022093 0.00850697 0.000518752 0.00218991 0.00672875 0.00232622 0.00341988 0.00624313 0.000518752 0.00218991 0.00672875 -0.0005108345204829005 0.00183155 0.00485025 0.00239349 0.0136902 0.0136603 0.00337851 0.0136074 0.012037 0.00239349 0.0136902 0.0136603 0.00184032 0.0120793 0.0144747 0.00239349 0.0136902 0.0136603 0.003511 0.015171 0.0131598 0.00258171 0.00802324 0.0144181 0.00452008 0.00844254 0.0144932 0.00258171 0.00802324 0.0144181 0.00151112 0.00661975 0.013202 0.0103888 0.0118671 0.00947094 0.00951329 0.0100961 0.00974049 0.0103888 0.0118671 0.00947094 0.0106021 0.0130877 0.00764289 0.0103888 0.0118671 0.00947094 0.0114087 0.0138141 0.00980987 0.00383011 0.00460069 0.00716519 0.00247022 0.003927 0.0083815 0.00383011 0.00460069 0.00716519 0.00352808 0.00641109 0.00817625 0.00383011 0.00460069 0.00716519 0.00541196 0.00333014 0.00665278 0.00383011 0.00460069 0.00716519 0.00232622 0.00341988 0.00624313 0.00337851 0.0136074 0.012037 0.003511 0.015171 0.0131598 0.0111879 0.00951807 0.00905958 0.00973482 0.00826854 0.00897179 0.0111879 0.00951807 0.00905958 0.00951329 0.0100961 0.00974049 0.0111879 0.00951807 0.00905958 0.0113986 0.00787863 0.0104791 0.00756921 0.0122723 0.00560177 0.0063218 0.0125101 0.00426012 0.00756921 0.0122723 0.00560177 0.00641682 0.0122244 0.00702925 0.00756921 0.0122723 0.00560177 0.00687735 0.0143408 0.00513623 0.00247022 0.003927 0.0083815 0.00386171 0.00270794 0.00802837 0.00247022 0.003927 0.0083815 0.00232622 0.00341988 0.00624313 0.00143209 0.00602887 0.00484575 0.00240649 0.00685607 0.00344709 0.00143209 0.00602887 0.00484575 0.0002658370000000001 0.00514675 0.0032108 0.00143209 0.00602887 0.00484575 0.00025675700000000004 0.00786836 0.00497188 0.00492007 0.000441801 0.00580023 0.00603778 0.00111112 0.00717034 0.00492007 0.000441801 0.00580023 0.00547061 0.00220868 0.00452783 0.00161236 0.00169672 0.00526334 0.00255816 0.00114621 0.00710047 0.00161236 0.00169672 0.00526334 0.00232622 0.00341988 0.00624313 0.00161236 0.00169672 0.00526334 0.00132069 0.000897655 0.00340791 0.00161236 0.00169672 0.00526334 -0.0005108345204829 0.00183155 0.00485025 0.00973482 0.00826854 0.00897179 0.00951329 0.0100961 0.00974049 0.00973482 0.00826854 0.00897179 0.009053 0.0079031 0.0109555 0.00973482 0.00826854 0.00897179 0.00817881 0.00822097 0.00753351 0.00547909 0.00680481 0.011901 0.00596783 0.00536559 0.010693 0.00547909 0.00680481 0.011901 0.00368541 0.00648051 0.0125803 0.0126317 0.00700878 0.00871286 0.0106172 0.0061586 0.00884653 0.0126317 0.00700878 0.00871286 0.0137968 0.00708503 0.0105313 0.0126317 0.00700878 0.00871286 0.0147465 0.00741987 0.00833856 0.00781705 0.00683899 0.0126454 0.0079913 0.00761103 0.0143987 0.00781705 0.00683899 0.0126454 0.00787271 0.0090787 0.0125727 0.00872367 0.00391884 0.00886091 0.00760515 0.0042274 0.00728987 0.00872367 0.00391884 0.00886091 0.00906508 0.00223346 0.00795407 0.00140595 0.0016411 0.0145374 0.00318155 0.0014035 0.0139873 0.00386171 0.00270794 0.00802837 0.00255816 0.00114621 0.00710047 0.00386171 0.00270794 0.00802837 0.00541196 0.00333014 0.00665278 0.00501401 0.00925255 0.00568857 0.00676824 0.0091283 0.00445074 0.00501401 0.00925255 0.00568857 0.00404456 0.00864856 0.00752236 0.0124689 0.00812599 0.00436228 0.0115477 0.00659241 0.00495397 0.0124689 0.00812599 0.00436228 0.0128722 0.0100815 0.00515816 0.0119348 0.00572724 0.0104921 0.0106172 0.0061586 0.00884653 0.0119348 0.00572724 0.0104921 0.0113986 0.00787863 0.0104791 0.0119348 0.00572724 0.0104921 0.0134051 0.00505072 0.0118767 0.0119348 0.00572724 0.0104921 0.00988032 0.00569896 0.0111818 0.00697578 0.00371731 0.0106163 0.00596783 0.00536559 0.010693 0.00697578 0.00371731 0.0106163 0.00729414 0.00333063 0.0124551 0.0066188 0.0145815 0.00723761 0.00603778 0.0164817545204829 0.00717034 0.0066188 0.0145815 0.00723761 0.00790977 0.0159251345204829 0.00657309 0.0066188 0.0145815 0.00723761 0.00687735 0.0143408 0.00513623 0.00562226 0.00477273 0.00132247 0.00572299 0.00380241 0.00301698 0.00562226 0.00477273 0.00132247 0.00358764 0.0043882 0.00196482 0.00562226 0.00477273 0.00132247 0.00670747 0.00583542 0.00290594 0.00596783 0.00536559 0.010693 0.00527292 0.00713916 0.00961492 0.00596783 0.00536559 0.010693 0.00429788 0.00460278 0.00953474 0.00729414 0.00333063 0.0124551 0.00703731 0.00147038 0.0130426 0.00236701 0.0149398 0.00212329 0.0034757 0.0142895 0.0008510779999999999 0.00236701 0.0149398 0.00212329 0.00125962 0.014085 0.00337117 0.00236701 0.0149398 0.00212329 0.00389386 0.013466 0.00280387 0.00236701 0.0149398 0.00212329 0.00150798 0.0166718945204829 0.00109445 0.00236701 0.0149398 0.00212329 0.00132069 0.016268289520482898 0.00340791 0.00269748 0.00373721 0.00383797 0.00358764 0.0043882 0.00196482 0.0144285 0.00342394 0.0130015 0.0134051 0.00505072 0.0118767 0.0144285 0.00342394 0.0130015 0.0132164 0.00464896 0.0142442 0.014394 0.0147198 0.00818975 0.0145161 0.0163859545204829 0.00961945 0.0136472 0.006821 0.0130219 0.0151635 0.00648948 0.0120217 0.0136472 0.006821 0.0130219 0.0150834 0.00832007 0.0133538 0.0136472 0.006821 0.0130219 0.0134051 0.00505072 0.0118767 0.0136472 0.006821 0.0130219 0.0119641 0.0066168 0.0141512 0.0108772 0.0129161 0.00181871 0.0118046 0.0110655 0.00245696 0.013759 0.0108389 0.00784852 0.0154549893204829 0.00995715 0.00799865 0.002086 0.00987322 0.0108939 0.00177003 0.0106641 0.00911158 0.002086 0.00987322 0.0108939 0.000803853 0.00855083 0.0115832 0.002086 0.00987322 0.0108939 0.00349408 0.00984074 0.0121777 0.002086 0.00987322 0.0108939 0.00358582 0.0112819 0.0101736 0.0106617 0.0102324 0.00420182 0.00962222 0.0113023 0.00289497 0.0106617 0.0102324 0.00420182 0.0106884 0.0107356 0.00604621 0.0106617 0.0102324 0.00420182 0.0118046 0.0110655 0.00245696 0.00760515 0.0042274 0.00728987 0.00899819 0.00313438 0.00595921 0.0147426 0.012606 0.00667052 0.0141476 0.0130014 0.00491582 0.0147426 0.012606 0.00667052 0.016632244520482897 0.0116434 0.00723613 0.000772106 0.00917672 0.000891831 0.00286447 0.009734 0.0011025 0.000772106 0.00917672 0.000891831 0.000727052 0.00813109 0.00273617 0.0128459 0.00868162 0.0144002 0.0110828 0.010023 0.0142771 0.0127752 0.0139847 0.00230137 0.0116912 0.0149773 0.00096492 0.00206314 0.0089518 0.00458818 0.0008854359999999999 0.00966532 0.00602013 0.00206314 0.0089518 0.00458818 0.002976 0.010311 0.00605346 0.00206314 0.0089518 0.00458818 0.0018216 0.0105733 0.00310661 0.00206314 0.0089518 0.00458818 0.00025675700000000004 0.00786836 0.00497188 0.00863629 0.00430558 0.0144603 0.0107363 0.00464063 0.0140857 0.00139906 0.0022093 0.00850697 0.00255816 0.00114621 0.00710047 0.000519877 0.00761316 0.010058 0.000803853 0.00855083 0.0115832 0.000519877 0.00761316 0.010058 -0.0015738345204828997 0.00708503 0.0105313 0.000519877 0.00761316 0.010058 -0.0006241345204829002 0.00741987 0.00833856 0.0066216 0.0078737 0.00612172 0.00488582 0.00666235 0.00631211 0.0066216 0.0078737 0.00612172 0.00676824 0.0091283 0.00445074 0.0066216 0.0078737 0.00612172 0.00817881 0.00822097 0.00753351 0.00177003 0.0106641 0.00911158 0.00198955 0.0125949 0.00943874 0.00177003 0.0106641 0.00911158 0.00358582 0.0112819 0.0101736 0.00177003 0.0106641 0.00911158 0.00126161 0.0116434 0.00723613 0.000885436 0.00966532 0.00602013 0.002976 0.010311 0.00605346 0.000885436 0.00966532 0.00602013 0.00025675699999999993 0.00786836 0.00497188 0.0063218 0.0125101 0.00426012 0.00552444 0.0108269 0.00453722 0.0063218 0.0125101 0.00426012 0.00723472 0.0109701 0.00343743 0.0063218 0.0125101 0.00426012 0.00542242 0.0116958 0.00257056 0.0063218 0.0125101 0.00426012 0.00687735 0.0143408 0.00513623 0.00892088 0.00514356 0.00129141 0.0107403 0.0055451 0.00180551 0.00892088 0.00514356 0.00129141 0.00859229 0.00485768 0.00319335 0.00625872 0.00230596 0.00867378 0.00603778 0.00111112 0.00717034 0.0121634 0.0143626 0.00679055 0.0106021 0.0130877 0.00764289 0.0121634 0.0143626 0.00679055 0.0108315 0.016007704520482897 0.00626549 0.00695371 0.0147786 0.0122093 0.00872676 0.0148175 0.0113207 0.00695371 0.0147786 0.0122093 0.00647566 0.0164182945204829 0.0108102 0.00695371 0.0147786 0.0122093 0.0078991 0.0141693 0.0141394 8.43548e-05 0.00995715 0.00799865 -0.0011663345204828998 0.00878106 0.00656703 8.43548e-05 0.00995715 0.00799865 0.00126161 0.0116434 0.00723613 0.015169 0.0101144 0.011814 0.0161744875204829 0.00855083 0.0115832 0.00603778 0.00111112 0.00717034 0.00708603 0.00226918 0.00604545 0.0141363 0.00826352 0.00175616 0.0160976865204829 0.00813109 0.00273617 0.0131778 0.00166347 0.000956286 0.0136293 -0.00017753452048290008 0.000883264 0.0107403 0.0055451 0.00180551 0.0103754 0.006324 0.00347663 0.00453691 0.00942341 0.00954167 0.00404456 0.00864856 0.00752236 0.00453691 0.00942341 0.00954167 0.00358582 0.0112819 0.0101736 0.00962222 0.0113023 0.00289497 0.0118046 0.0110655 0.00245696 0.0026326 0.00369939 0.0105278 0.00253931 0.00484977 0.0121283 0.0026326 0.00369939 0.0105278 0.00109812 0.00349856 0.0116007 0.0026326 0.00369939 0.0105278 0.00332749 0.00282902 0.0123916 0.0026326 0.00369939 0.0105278 0.00429788 0.00460278 0.00953474 0.0120467 0.0108003 0.0126983 0.0120431 0.0125817 0.0117104 0.0120467 0.0108003 0.0126983 0.0110828 0.010023 0.0142771 0.00874637 0.0122671 0.00818002 0.0106021 0.0130877 0.00764289 0.00874637 0.0122671 0.00818002 0.00760919 0.0117553 0.00983223 0.00874637 0.0122671 0.00818002 0.00757262 0.0105256 0.00773959 0.00641682 0.0122244 0.00702925 0.00757262 0.0105256 0.00773959 0.00552444 0.0108269 0.00453722 0.00676824 0.0091283 0.00445074 0.00552444 0.0108269 0.00453722 0.00542242 0.0116958 0.00257056 0.0103754 0.006324 0.00347663 0.0115477 0.00659241 0.00495397 0.00576113 0.00496984 0.00514114 0.00488582 0.00666235 0.00631211 0.00996983 0.00162457 0.00463433 0.011736 0.00066532 0.00405254 0.00996983 0.00162457 0.00463433 0.00966264 0.00154015 0.00253213 0.00996983 0.00162457 0.00463433 0.0108315 0.00063707 0.00626549 0.00996983 0.00162457 0.00463433 0.00899819 0.00313438 0.00595921 0.00996983 0.00162457 0.00463433 0.0112204 0.00325932 0.00515858 0.0116912 0.0149773 0.00096492 0.0136293 0.0151931 0.000883264 0.0116912 0.0149773 0.00096492 0.00959524 0.0147618 0.00155384 0.00953084 0.00657841 0.0070626 0.0106172 0.0061586 0.00884653 0.00953084 0.00657841 0.0070626 0.010236 0.00840283 0.00599713 0.00953084 0.00657841 0.0070626 0.00817881 0.00822097 0.00753351 0.00291999 0.00322739 0.0144818 0.00318155 0.0014035 0.0139873 0.00291999 0.00322739 0.0144818 0.00332749 0.00282902 0.0123916 0.00291999 0.00322739 0.0144818 0.00308504 0.00529079 0.0142464 0.00616535 0.00772151 0.00208443 0.00487931 0.00937461 0.00280342 0.00616535 0.00772151 0.00208443 0.00522698 0.0073251 0.0040587 0.00616535 0.00772151 0.00208443 0.00417548 0.00707696 0.00185079 0.00616535 0.00772151 0.00208443 0.00670747 0.00583542 0.00290594 0.00790977 0.0005545 0.00657309 0.00708603 0.00226918 0.00604545 0.00253931 0.00484977 0.0121283 0.00098502 0.0053282 0.0111163 0.00253931 0.00484977 0.0121283 0.00332749 0.00282902 0.0123916 0.00253931 0.00484977 0.0121283 0.00300831 0.00642562 0.010603 0.00253931 0.00484977 0.0121283 0.00308504 0.00529079 0.0142464 0.00708603 0.00226918 0.00604545 0.00541196 0.00333014 0.00665278 0.00708603 0.00226918 0.00604545 0.00547061 0.00220868 0.00452783 0.00708603 0.00226918 0.00604545 0.00899819 0.00313438 0.00595921 0.00723472 0.0109701 0.00343743 0.00676824 0.0091283 0.00445074 0.00723472 0.0109701 0.00343743 0.00542242 0.0116958 0.00257056 0.00859229 0.00485768 0.00319335 0.00670747 0.00583542 0.00290594 0.00109812 0.00349856 0.0116007 0.00098502 0.0053282 0.0111163 0.00572299 0.00380241 0.00301698 0.00547061 0.00220868 0.00452783 0.0151635 0.00648948 0.0120217 0.016355654520482897 0.0053282 0.0111163 0.0151635 0.00648948 0.0120217 0.0137968 0.00708503 0.0105313 0.0151635 0.00648948 0.0120217 0.0168817545204829 0.00661975 0.013202 0.00368541 0.00648051 0.0125803 0.00300831 0.00642562 0.010603 0.00368541 0.00648051 0.0125803 0.00308504 0.00529079 0.0142464 0.0034757 0.0142895 0.000851078 0.00389386 0.013466 0.00280387 0.0131829 0.00249219 0.0143918 0.0132164 0.00464896 0.0142442 0.00318155 0.0014035 0.0139873 0.003511 -0.00019963452048289893 0.0131598 0.00318155 0.0014035 0.0139873 0.00332749 0.00282902 0.0123916 0.00906508 0.00223346 0.00795407 0.00899819 0.00313438 0.00595921 0.000803853 0.00855083 0.0115832 -0.0002872345204828991 0.00832007 0.0133538 0.00248374 0.0151863 0.00540234 0.00255816 0.0165168445204829 0.00710047 0.00248374 0.0151863 0.00540234 0.00047822299999999984 0.0143084 0.00535659 0.00248374 0.0151863 0.00540234 0.00259572 0.0131113 0.00478786 0.0097276 0.00238535 0.00987972 0.00864119 0.00172406 0.011622 0.0097276 0.00238535 0.00987972 0.0114463 0.00207711 0.00861686 0.0115477 0.00659241 0.00495397 0.012717 0.00497249 0.00564253 0.00703731 0.00147038 0.0130426 0.00864119 0.00172406 0.011622 0.003511 0.015171 0.0131598 0.0041845 0.0156414225204829 0.0112352 0.00240649 0.00685607 0.00344709 0.000727052 0.00813109 0.00273617 0.0141476 0.0130014 0.00491582 0.0138166 0.0150889 0.00444539 0.0141476 0.0130014 0.00491582 0.0159670455204829 0.0117735 0.00480197 0.0141476 0.0130014 0.00491582 0.0149669 0.0129066 0.00285924 0.0141476 0.0130014 0.00491582 0.0158488575204829 0.0143084 0.00535659 0.0103426 0.00140231 0.0128859 0.00864119 0.00172406 0.011622 0.0103426 0.00140231 0.0128859 0.0124797 0.00120012 0.0124975 0.00198955 0.0125949 0.00943874 0.00358582 0.0112819 0.0101736 0.0102956 0.00903363 0.0124232 0.009053 0.0079031 0.0109555 0.0102956 0.00903363 0.0124232 0.0110828 0.010023 0.0142771 0.00125962 0.014085 0.00337117 -0.00040373452048289874 0.0129066 0.00285924 0.00125962 0.014085 0.00337117 0.00047822300000000006 0.0143084 0.00535659 0.00125962 0.014085 0.00337117 0.00259572 0.0131113 0.00478786 0.00125962 0.014085 0.00337117 0.00132069 0.016268289520482898 0.00340791 0.00349408 0.00984074 0.0121777 0.00423907 0.0107346 0.0139761 0.00286447 0.009734 0.0011025 0.0018216 0.0105733 0.00310661 0.00864119 0.00172406 0.011622 0.00647566 0.00104766 0.0108102 0.0142043 0.00878106 0.00656703 0.0128722 0.0100815 0.00515816 0.0142043 0.00878106 0.00656703 0.0147465 0.00741987 0.00833856 0.0142043 0.00878106 0.00656703 0.015627391520482897 0.00786836 0.00497188 0.0106021 0.0130877 0.00764289 0.0114087 0.0138141 0.00980987 0.00255816 0.00114621 0.00710047 0.00232622 0.00341988 0.00624313 0.0138166 0.0150889 0.00444539 0.011736 0.016035954520482898 0.00405254 0.0138166 0.0150889 0.00444539 0.0158488575204829 0.0143084 0.00535659 0.0138166 0.0150889 0.00444539 0.0148598 0.0172021845204829 0.00485025 0.000265837 0.00514675 0.0032108 -0.0020855345204828994 0.00466757 0.0026714 0.000596411 0.0117735 0.00480197 -0.00040373452048289896 0.0129066 0.00285924 0.000596411 0.0117735 0.00480197 0.00259572 0.0131113 0.00478786 0.000596411 0.0117735 0.00480197 0.0018216 0.0105733 0.00310661 0.00487931 0.00937461 0.00280342 0.00522698 0.0073251 0.0040587 0.00487931 0.00937461 0.00280342 0.00542242 0.0116958 0.00257056 0.011736 0.00066532 0.00405254 0.0118559 0.00265954 0.0028569 0.011736 0.00066532 0.00405254 0.0108315 0.00063707 0.00626549 0.00389386 0.013466 0.00280387 0.00259572 0.0131113 0.00478786 0.00389386 0.013466 0.00280387 0.00542242 0.0116958 0.00257056 0.0125126 0.0140022 0.0137814 0.0103195 0.0129423 0.0135931 0.00959524 0.0147618 0.00155384 0.00794846 0.0153104 0.00326511 0.00959524 0.0147618 0.00155384 0.00966264 0.016910784520482898 0.00253213 0.00959524 0.0147618 0.00155384 0.00776734 0.0163150735204829 0.00111534 0.0114087 0.0138141 0.00980987 0.0120431 0.0125817 0.0117104 0.0107363 0.00464063 0.0140857 0.0132164 0.00464896 0.0142442 0.0107363 0.00464063 0.0140857 0.0119641 0.0066168 0.0141512 0.00204686 0.00637336 0.00117652 0.00417548 0.00707696 0.00185079 0.0137165 0.00929045 0.00956968 0.0137968 0.00708503 0.0105313 0.0137165 0.00929045 0.00956968 0.0147465 0.00741987 0.00833856 0.00709482 0.0119501 0.0142682 0.0068171 0.0116391 0.0119993 0.00709482 0.0119501 0.0142682 0.0078991 0.0141693 0.0141394 0.00522698 0.0073251 0.0040587 0.00488582 0.00666235 0.00631211 0.00522698 0.0073251 0.0040587 0.00676824 0.0091283 0.00445074 0.00522698 0.0073251 0.0040587 0.00417548 0.00707696 0.0018507899999999997 0.00522698 0.0073251 0.0040587 0.00670747 0.00583542 0.00290594 0.0068171 0.0116391 0.0119993 0.00760919 0.0117553 0.00983223 0.0119203 0.00429212 0.00786969 0.0106172 0.0061586 0.00884653 0.0119203 0.00429212 0.00786969 0.0140576 0.00533103 0.00758861 0.0119203 0.00429212 0.00786969 0.0114463 0.00207711 0.00861686 0.0119203 0.00429212 0.00786969 0.012717 0.00497249 0.00564253 0.0119203 0.00429212 0.00786969 0.0137817 0.00307043 0.00676854 0.00527292 0.00713916 0.00961492 0.00352808 0.00641109 0.00817625 0.0106172 0.0061586 0.00884653 0.0113986 0.00787863 0.0104791 0.0106172 0.0061586 0.00884653 0.008276 0.00645263 0.00919447 0.0106172 0.0061586 0.00884653 0.00988032 0.00569896 0.0111818 0.00787271 0.0090787 0.0125727 0.009053 0.0079031 0.0109555 0.012392 0.0035215 0.0102817 0.0114463 0.00207711 0.00861686 0.012392 0.0035215 0.0102817 0.0134051 0.00505072 0.0118767 0.000478223 0.0143084 0.00535659 0.00185793 0.0139856 0.00720806 0.000478223 0.0143084 0.00535659 0.00259572 0.0131113 0.00478786 0.00300831 0.00642562 0.010603 0.00352808 0.00641109 0.00817625 0.00300831 0.00642562 0.010603 0.00429788 0.00460278 0.00953474 0.00488582 0.00666235 0.00631211 0.00352808 0.00641109 0.00817625 0.00488582 0.00666235 0.00631211 0.00404456 0.00864856 0.00752236 0.0140576 0.00533103 0.00758861 0.012717 0.00497249 0.00564253 0.0140576 0.00533103 0.00758861 0.0147465 0.00741987 0.00833856 0.0140576 0.00533103 0.00758861 0.0137817 0.00307043 0.00676854 0.00352808 0.00641109 0.00817625 0.00404456 0.00864856 0.00752236 0.00352808 0.00641109 0.00817625 0.00429788 0.00460278 0.00953474 0.00541196 0.00333014 0.00665278 0.00547061 0.00220868 0.00452783 0.00150798 0.00130126 0.00109445 0.00132069 0.000897655 0.00340791 0.00150798 0.00130126 0.00109445 -0.00018173452048290007 0.00300748 0.00131104 0.00404456 0.00864856 0.00752236 0.002976 0.010311 0.00605346 0.00647566 0.00104766 0.0108102 0.0041845 0.000270788 0.0112352 0.0137968 0.00708503 0.0105313 0.0134051 0.00505072 0.0118767 0.0137968 0.00708503 0.0105313 0.0147465 0.00741987 0.00833856 0.00730094 0.00931706 0.010022 0.009053 0.0079031 0.0109555 0.00730094 0.00931706 0.010022 0.00760919 0.0117553 0.00983223 0.009053 0.0079031 0.0109555 0.0113986 0.00787863 0.0104791 0.009053 0.0079031 0.0109555 0.008276 0.00645263 0.00919447 0.009053 0.0079031 0.0109555 0.00988032 0.00569896 0.0111818 0.00308504 0.00529079 0.0142464 0.00151112 0.00661975 0.013202 0.00308504 0.00529079 0.0142464 0.0007786429999999999 0.0044607 0.0142257 0.00358764 0.0043882 0.00196482 0.00390924 0.00208158 0.00278571 0.00151112 0.00661975 0.013202 0.000778643 0.0044607 0.0142257 0.00151112 0.00661975 0.013202 -0.00028723452048289846 0.00832007 0.0133538 0.00185793 0.0139856 0.00720806 0.00358932 0.0124559 0.00693932 0.00185793 0.0139856 0.00720806 0.00126161 0.0116434 0.00723613 0.00358932 0.0124559 0.00693932 0.002976 0.010311 0.00605346 0.00358932 0.0124559 0.00693932 0.00259572 0.0131113 0.00478786 0.00358932 0.0124559 0.00693932 0.0012616099999999998 0.0116434 0.00723613 0.0055355 0.000255031 0.0029715 0.00794846 -6.023452048289842e-05 0.00326511 0.0055355 0.000255031 0.0029715 0.00547061 0.00220868 0.00452783 0.0055355 0.000255031 0.0029715 0.00390924 0.00208158 0.00278571 0.0118559 0.00265954 0.0028569 0.00966264 0.00154015 0.00253213 0.0118559 0.00265954 0.0028569 0.0132851 0.00466757 0.0026714 0.0118559 0.00265954 0.0028569 0.0112204 0.00325932 0.00515858 0.002976 0.010311 0.00605346 0.00126161 0.0116434 0.00723613 0.00794846 0.0153104 0.00326511 0.00966264 0.016910784520482898 0.00253213 0.00794846 0.0153104 0.00326511 0.00776734 0.0163150735204829 0.0011153400000000003 0.00794846 0.0153104 0.00326511 0.00687735 0.0143408 0.00513623 0.00966264 0.00154015 0.00253213 0.00776734 0.000944439 0.00111534 0.008276 0.00645263 0.00919447 0.00817881 0.00822097 0.00753351 0.0134051 0.00505072 0.0118767 0.0132164 0.00464896 0.0142442 0.000727052 0.00813109 0.00273617 0.000256757 0.00786836 0.00497188 0.0132164 0.00464896 0.0142442 0.0119641 0.0066168 0.0141512 0.00547061 0.00220868 0.00452783 0.00390924 0.00208158 0.00278571 0.012717 0.00497249 0.00564253 0.0137817 0.00307043 0.00676854 0.012717 0.00497249 0.00564253 0.0112204 0.00325932 0.00515858 0.00760919 0.0117553 0.00983223 0.00757262 0.0105256 0.00773959 0.00757262 0.0105256 0.00773959 0.00817881 0.00822097 0.00753351 0.00899819 0.00313438 0.00595921 0.0112204 0.00325932 0.00515858 0.00140268 0.00676794 0.00759816 -0.0006241345204829 0.00741987 0.00833856 0.0123963 0.00678884 0.00680525 0.0115477 0.00659241 0.00495397 0.00200279 0.00132408 0.0126816 0.0007736119999999999 0.00264311 0.0131646 0.000890145 0.00223572 0.0102524 0.00240283 0.0008434430000000001 0.0102687 0.00872367 0.00391884 0.00886091 0.0097276 0.00238535 0.00987972 0.00614201 0.00943366 0.0120799 0.00608817 0.00820031 0.0133661 0.00904302 0.0137127 0.00310217 0.00893611 0.0127031 0.00164658 0.00785746 0.0103366 0.00103145 0.00772678 0.00808528 0.000953171 0.0134074 0.0094787 0.0127003 0.0143522 0.0101641 0.0143856 0.0079913 0.00761103 0.0143987 0.00787271 0.0090787 0.0125727 0.00857401 0.0138082 0.00644255 0.00874637 0.0122671 0.00818002 0.0127241 0.0126985 0.00758516 0.013759 0.0108389 0.00784852 0.0115477 0.00659241 0.00495397 0.010236 0.00840283 0.00599713 0.0065924 0.00527887 0.0125227 0.00450206 0.00480361 0.0119904 0.0119203 0.00429212 0.00786969 0.012392 0.0035215 0.0102817 0.000439146 0.0110944 0.0134521 0.00184032 0.0120793 0.0144747 1.52415e-05 0.00574302 0.00951558 -0.0013130345204828999 0.00533103 0.00758861 0.00952206 0.00691311 0.000898627 0.0107403 0.0055451 0.00180551 0.0110029 0.00961298 0.00729321 0.0111879 0.00951807 0.00905958 0.00098502 0.0053282 0.0111163 0.00151112 0.00661975 0.013202 0.00760515 0.0042274 0.00728987 0.00541196 0.00333014 0.00665278 0.0010147 0.000831218 0.00941065 0.0022856 -0.0008624345204828985 0.00925216 0.00106997 0.00493477 0.00746085 -0.0013130345204828992 0.00533103 0.00758861 0.00451682 0.000645025 0.0146578 0.00433361 0.00239023 0.0146814 0.013759 0.0108389 0.00784852 0.0142043 0.00878106 0.00656703 0.00248374 0.0151863 0.00540234 0.00185793 0.0139856 0.00720806 0.00251217 0.00823778 0.0121972 0.00258171 0.00802324 0.0144181 0.0143449 0.00874883 0.0113934 0.0150834 0.00832007 0.0133538 0.00562145 0.0141155 0.0106443 0.0048199 0.0124239 0.0116554 0.0125201 0.000435398 0.0101814 0.0114463 0.00207711 0.00861686 0.00199147 0.00806141 0.0063271 0.00404456 0.00864856 0.00752236 0.00604833 0.00253204 0.00140224 0.00714818 0.00220529 0.00322679 2.10957e-05 0.0124219 0.0128926 -0.001539934520482899 0.0113549 0.0128799 0.0151327 0.00115563 0.0017419 0.0166913245204829 0.000897655 0.00340791 0.011736 0.00066532 0.00405254 0.0112204 0.00325932 0.00515858 0.00441845 0.0127797 0.0136226 0.00337851 0.0136074 0.012037 0.0112451 0.00258122 0.0141094 0.0100439 0.00330211 0.0124968 0.00930259 0.0112453 0.0144407 0.00709482 0.0119501 0.0142682 0.00737449 0.00408512 0.00181528 0.00572299 0.00380241 0.00301698 0.0125201 0.000435398 0.0101814 0.0124797 0.00120012 0.0124975 0.00518597 0.00873135 0.000823127 0.00591345 0.0104097 0.000918365 0.00202257 0.0139033 0.0111178 0.00198955 0.0125949 0.00943874 0.0137511 0.0112117 0.00349255 0.0120602 0.0118554 0.00443186 0.0125126 0.0140022 0.0137814 0.0120431 0.0125817 0.0117104 0.0128927 0.0122358 0.00968693 0.0118976 0.0110956 0.00824709 0.00271385 0.0120951 0.000983228 0.00286447 0.009734 0.0011025 0.0151499 0.0117645 0.0146206 0.0172109545204829 0.0120793 0.0144747 0.0131778 0.00166347 0.000956286 0.0118559 0.00265954 0.0028569 0.0047149 0.001044 0.000983718 0.00604833 0.00253204 0.00140224 0.0028642 0.00860811 0.00289342 0.00417548 0.00707696 0.00185079 0.000840014 0.000597723 0.00628912 0.00248374 -0.00018433452048289905 0.00540234 0.00450206 0.00480361 0.0119904 0.00596783 0.00536559 0.010693 0.00402451 0.00421498 0.0051619 0.00383011 0.00460069 0.00716519 0.00200279 0.00132408 0.0126816 0.00140595 0.0016411 0.0145374 0.00892562 0.0125508 0.00432971 0.00921945 0.0119421 0.00641884 2.10957e-05 0.0124219 0.0128926 -0.0008335345204828979 0.0134171 0.0143886 0.0112303 0.00798569 0.00783697 0.0113986 0.00787863 0.0104791 0.0132691 0.0093747 0.00311564 0.0151819 0.00983466 0.00397306 0.0142049 0.0134024 0.000882122 0.016312321520482898 0.0129901 0.00100755 0.00983731 0.00711561 0.0129465 0.0119641 0.0066168 0.0141512 0.00717064 0.00382324 0.00437199 0.00899819 0.00313438 0.00595921 0.00240649 0.00685607 0.00344709 0.00204686 0.00637336 0.00117652 0.00772678 0.00808528 0.000953171 0.00940419 0.00919532 0.00201588 0.00604833 0.00253204 0.00140224 0.00776734 0.000944439 0.00111534 0.0137165 0.00929045 0.00956968 0.0113986 0.00787863 0.0104791 0.000394765 0.00965594 0.0100309 8.435480000000003e-05 0.00995715 0.00799865 0.00562145 0.0141155 0.0106443 0.00647566 0.0164182945204829 0.0108102 0.01394 0.0142913 0.00637056 0.0123128 0.0136301 0.00500719 0.00812884 0.00672759 0.00191333 0.00892088 0.00514356 0.00129141 0.0141238 0.00807977 0.00377993 0.0124689 0.00812599 0.00436228 0.0144644 0.0100909 0.00140118 0.0132691 0.0093747 0.00311564 0.00650561 0.0124136 0.000884147 0.00591345 0.0104097 0.000918365 0.00935738 0.00719085 0.0025238 0.00940419 0.00919532 0.00201588 0.00982367 0.0150127 0.0133574 0.0082099 0.016240647520482897 0.0144201 0.00271385 0.0120951 0.000983228 0.0034757 0.0142895 0.000851078 0.00154186 0.012482 0.00257877 -0.00040373452048290005 0.0129066 0.00285924 0.000969465 0.00402503 0.00960789 0.00109812 0.00349856 0.0116007 0.00433361 0.00239023 0.0146814 0.00519157 0.00363314 0.0146867 0.00983731 0.00711561 0.0129465 0.009053 0.0079031 0.0109555 0.00892562 0.0125508 0.00432971 0.00962222 0.0113023 0.00289497 0.00518597 0.00873135 0.000823127 0.00487931 0.00937461 0.00280342 0.0109612 0.0108004 0.01098 0.0120467 0.0108003 0.0126983 0.00365581 0.0111931 0.00410831 0.00389386 0.013466 0.00280387 0.0012251 0.0115874 0.0109257 0.00177003 0.0106641 0.00911158 0.0148598 0.00183155 0.00485025 0.0137817 0.00307043 0.00676854 0.0121463 0.00672581 0.0027741 0.0132851 0.00466757 0.0026714 0.0145644 0.000729407 0.00675731 0.0158488575204829 -0.0010622345204828981 0.00535659 0.0013163 0.00973301 0.0144238 -0.00028723452048289824 0.00832007 0.0133538 0.0139239 0.0132632 0.0116239 0.0124435 0.0146398 0.0116824 0.00951329 0.0100961 0.00974049 0.009053 0.0079031 0.0109555 0.00944696 0.00479737 0.00514464 0.00855338 0.00550281 0.00613339 0.0110664 0.00219539 0.0112643 0.010716 0.00023297200000000013 0.0115652 0.0112303 0.00798569 0.00783697 0.00953084 0.00657841 0.0070626 0.00623783 0.0100748 0.0135859 0.0068171 0.0116391 0.0119993 0.0144691 0.0152824 0.00250948 0.0166913245204829 0.016268289520482898 0.00340791 0.00924009 0.00904139 0.0140747 0.00930259 0.0112453 0.0144407 0.0112451 0.00258122 0.0141094 0.0125467 0.000691416 0.0145152 0.0106765 0.0141214 0.00590043 0.0123128 0.0136301 0.00500719 0.00211998 0.0109038 0.0130038 0.002086 0.00987322 0.0108939 0.0105733 0.0125735 0.00526755 0.0106021 0.0130877 0.00764289 0.0151889 0.00300748 0.00131104 0.0132851 0.00466757 0.0026714 0.010716 0.000232972 0.0115652 0.00982367 -0.0003579345204828985 0.0133574 0.000355866 0.00506505 0.00096501 0.000154724 0.0073296 0.000870085 0.0127752 0.0139847 0.00230137 0.0138166 0.0150889 0.00444539 0.00250635 0.00565612 0.0063415 0.00140268 0.00676794 0.00759816 0.00747248 0.00193563 0.00762142 0.00785891 0.00232456 0.00962299 0.00106997 0.00493477 0.00746085 0.00232622 0.00341988 0.00624313 0.0121463 0.00672581 0.0027741 0.0107403 0.0055451 0.00180551 0.00487931 0.00937461 0.00280342 0.00417548 0.00707696 0.00185079 0.0132691 0.00322139 0.00440678 0.0137817 0.00307043 0.00676854 0.00537116 0.00290926 0.0111914 0.00429788 0.00460278 0.00953474 0.0135203 0.00288739 0.00207765 0.0141921 0.0016198 0.00281419 0.00572299 0.00380241 0.00301698 0.00670747 0.00583542 0.00290594 0.0131829 0.00249219 0.0143918 0.0124797 0.00120012 0.0124975 0.00527292 0.00713916 0.00961492 0.00429788 0.00460278 0.00953474 0.0106344 0.00516889 0.00633136 0.0115477 0.00659241 0.00495397 0.00772678 0.00808528 0.000953171 0.00801103 0.00791742 0.00315793 0.00574114 0.00670103 0.000719644 0.00562226 0.00477273 0.00132247 0.0012251 0.0115874 0.0109257 0.00358582 0.0112819 0.0101736 0.0101335 0.00352324 0.00755119 0.00872367 0.00391884 0.00886091 0.00983731 0.00711561 0.0129465 0.00924009 0.00904139 0.0140747 0.000439146 0.0110944 0.0134521 0.0013163 0.00973301 0.0144238 0.0120908 0.00355286 0.0127108 0.0144285 0.00342394 0.0130015 0.00803572 0.00260863 0.00192811 0.00886412 0.00308307 0.00375224 0.0149452 0.00631236 0.0144022 0.0132164 0.00464896 0.0142442 0.000887498 0.00319027 0.00397745 0.000595232 0.00442376 0.00558026 0.00402451 0.00421498 0.0051619 0.00547061 0.00220868 0.00452783 0.00572299 0.00380241 0.00301698 0.00390924 0.00208158 0.00278571 0.0138771 0.00294134 0.00892731 0.0135756 0.00512942 0.00967011 0.00707004 0.0133918 0.0112428 0.00760919 0.0117553 0.00983223 0.000519877 0.00761316 0.010058 -0.0002071345204828995 0.00648948 0.0120217 0.0149452 0.00631236 0.0144022 0.0168817545204829 0.00661975 0.013202 0.00253931 0.00484977 0.0121283 0.00109812 0.00349856 0.0116007 0.0106344 0.00516889 0.00633136 0.0112204 0.00325932 0.00515858 0.00240649 0.00685607 0.00344709 0.00417548 0.00707696 0.00185079 0.0148179 0.00401886 0.0106743 0.012392 0.0035215 0.0102817 0.00355315 0.0144407 0.00649175 0.00492007 0.0158124355204829 0.00580023 0.00591345 0.0104097 0.000918365 0.00487931 0.00937461 0.00280342 0.0119734 0.000960034 0.00193928 0.0109118 0.00251323 0.000948249 0.0106435 0.00802451 0.0145352 0.0128459 0.00868162 0.0144002 0.0119734 0.000960034 0.00193928 0.011736 0.00066532 0.00405254 0.0142658 0.0148428 0.0112978 0.0125201 0.015806032520482897 0.0101814 0.0100237 0.00090997 0.00807165 0.0106653 0.000433149 0.0097738 0.0106765 0.0141214 0.00590043 0.00970284 0.0148041 0.0072549 0.0127233 0.00079723 0.00738357 0.0127724 0.00169191 0.00554587 0.00846184 0.00490389 0.0126128 0.00781705 0.00683899 0.0126454 0.0121463 0.00672581 0.0027741 0.0124689 0.00812599 0.00436228 0.0132174 0.0116445 0.00633496 0.0147426 0.012606 0.00667052 0.0138307 0.0113549 0.0128799 0.015169 0.0101144 0.011814 0.0138771 0.00294134 0.00892731 0.0114463 0.00207711 0.00861686 0.00519157 0.00363314 0.0146867 0.00581911 0.00172426 0.0144566 0.0110029 0.00961298 0.00729321 0.0118976 0.0110956 0.00824709 0.0125201 0.000435398 0.0101814 0.0114087 -0.0015565345204828999 0.00980987 0.00247022 0.003927 0.0083815 0.0026326 0.00369939 0.0105278 0.00790977 0.0005545 0.00657309 0.00687735 -0.001029834520482898 0.00513623 0.0100439 0.00330211 0.0124968 0.00864119 0.00172406 0.011622 0.00888094 0.000740739 0.0093095 0.00906508 0.00223346 0.00795407 0.0114463 0.00207711 0.00861686 0.0108315 0.00063707 0.00626549 0.00204686 0.00637336 0.00117652 0.000727052 0.00813109 0.00273617 0.0121463 0.00672581 0.0027741 0.0115477 0.00659241 0.00495397 0.0007164 0.000291917 0.00791993 0.00139906 0.0022093 0.00850697 0.00589282 0.0104346 0.00926257 0.00760919 0.0117553 0.00983223 0.00508388 0.0139401 0.00632774 0.00641682 0.0122244 0.00702925 0.00837038 0.00561283 0.0045936 0.00855338 0.00550281 0.00613339 0.00204686 0.00637336 0.00117652 0.00358764 0.0043882 0.00196482 0.000769681 0.0133036 0.0139116 0.000538242 0.0152463 0.0143884 0.0127724 0.00169191 0.00554587 0.0145644 0.000729407 0.00675731 0.00446207 0.000609924 0.00765116 0.00327322 0.000392376 0.00893675 0.010236 0.00840283 0.00599713 0.00817881 0.00822097 0.00753351 0.0120181 0.00811492 0.0125764 0.0106435 0.00802451 0.0145352 0.00983731 0.00711561 0.0129465 0.00988032 0.00569896 0.0111818 0.0066216 0.0078737 0.00612172 0.00522698 0.0073251 0.0040587 0.0144285 0.00342394 0.0130015 0.0161492775204829 0.0044607 0.0142257 0.014849 0.00153167 0.014381 0.0144285 0.00342394 0.0130015 0.014513 0.00303612 0.00319182 0.0141921 0.0016198 0.00281419 0.0151635 0.00648948 0.0120217 0.0134051 0.00505072 0.0118767 0.00781705 0.00683899 0.0126454 0.009053 0.0079031 0.0109555 0.00456288 0.00532131 0.0036275 0.00417548 0.00707696 0.00185079 0.0014993 0.0125015 0.0126506 0.00239349 0.0136902 0.0136603 0.00386171 0.00270794 0.00802837 0.00429788 0.00460278 0.00953474 0.00501401 0.00925255 0.00568857 0.00522698 0.0073251 0.0040587 0.0101335 0.00352324 0.00755119 0.0106344 0.00516889 0.00633136 0.0108315 0.00063707 0.00626549 0.0112204 0.00325932 0.00515858 0.000544785 0.0137134 0.00885746 0.00088105 0.0150072 0.0105034 0.00801103 0.00791742 0.00315793 0.00616535 0.00772151 0.00208443 0.00854676 0.00257448 0.0136897 0.0103426 0.00140231 0.0128859 0.00121268 0.0113235 0.00138436 0.00286447 0.009734 0.0011025 0.0141238 0.00807977 0.00377993 0.0138481 0.00660686 0.00474022 0.00999947 0.0108406 0.00787277 0.00951329 0.0100961 0.00974049 0.010716 0.000232972 0.0115652 0.0125201 0.000435398 0.0101814 0.00386171 0.00270794 0.00802837 0.00232622 0.00341988 0.00624313 0.00177003 0.0106641 0.00911158 8.435480000000008e-05 0.00995715 0.00799865 0.0065924 0.00527887 0.0125227 0.00729414 0.00333063 0.0124551 0.0120355 0.013347 0.00068661 0.0127752 0.0139847 0.00230137 0.00527292 0.00713916 0.00961492 0.00300831 0.00642562 0.010603 0.00614201 0.00943366 0.0120799 0.0068171 0.0116391 0.0119993 0.00688462 0.00627852 0.00651933 0.00855338 0.00550281 0.00613339 0.00211998 0.0109038 0.0130038 0.00423907 0.0107346 0.0139761 0.00524774 0.0125483 0.00962598 0.0048199 0.0124239 0.0116554 0.00968778 0.0110666 0.000939472 0.0118046 0.0110655 0.00245696 0.010898 0.0143746 0.00316433 0.0127752 0.0139847 0.00230137 0.00446207 0.000609924 0.00765116 0.00492007 0.000441801 0.00580023 0.00339048 0.0115744 0.0120943 0.00509977 0.0104938 0.0114683 0.00512251 0.00157736 0.0126485 0.00599052 -8.123452048289909e-05 0.0138492 0.0104494 0.0041918 0.00970165 0.0114463 0.00207711 0.00861686 0.0018468 0.00559321 0.0090898 0.00098502 0.0053282 0.0111163 0.00606834 0.00901907 0.00820549 0.00651834 0.00687967 0.00795518 0.0127233 0.00079723 0.00738357 0.014394 -0.0006508345204828987 0.00818975 0.0128927 0.0122358 0.00968693 0.0127241 0.0126985 0.00758516 0.00411156 0.0111401 0.00131896 0.00591345 0.0104097 0.000918365 0.00688462 0.00627852 0.00651933 0.00577495 0.00516388 0.00766243 0.00968778 0.0110666 0.000939472 0.0108772 0.0129161 0.00181871 0.00999947 0.0108406 0.00787277 0.0111879 0.00951807 0.00905958 0.0151499 0.0117645 0.0146206 0.015391730220482899 0.0124219 0.0128926 0.0127724 0.00169191 0.00554587 0.0108315 0.00063707 0.00626549 0.00650561 0.0124136 0.000884147 0.00763007 0.0127637 0.00294432 0.0104494 0.0041918 0.00970165 0.0119348 0.00572724 0.0104921 0.0137968 0.00708503 0.0105313 0.0113986 0.00787863 0.0104791 0.00872676 0.0148175 0.0113207 0.00864119 0.0170946945204829 0.011622 0.00915807 0.00328766 0.000934924 0.00966264 0.00154015 0.00253213 0.0106765 0.0141214 0.00590043 0.0090967 0.0152193 0.0051464 0.0141921 0.0016198 0.00281419 0.0151889 0.00300748 0.00131104 0.00512241 0.0142025 0.0125249 0.0048199 0.0124239 0.0116554 0.00512251 0.00157736 0.0126485 0.00647566 0.00104766 0.0108102 0.00872367 0.00391884 0.00886091 0.008276 0.00645263 0.00919447 0.00365581 0.0111931 0.00410831 0.00542242 0.0116958 0.00257056 0.00451682 0.000645025 0.0146578 0.00599052 -8.123452048289974e-05 0.0138492 0.00358557 0.00806951 0.00525681 0.00404456 0.00864856 0.00752236 0.00707059 0.0141062 0.00170009 0.00959524 0.0147618 0.00155384 0.00521796 0.00515041 0.0138533 0.00368541 0.00648051 0.0125803 0.00098502 0.0053282 0.0111163 0.00300831 0.00642562 0.010603 0.01394 0.0142913 0.00637056 0.0127241 0.0126985 0.00758516 0.0131443 0.012018 0.0144795 0.0143522 0.0101641 0.0143856 0.00717064 0.00382324 0.00437199 0.00708603 0.00226918 0.00604545 0.000544785 0.0137134 0.00885746 0.000449221 0.0133317 0.0111781 0.0124835 0.0087772 0.00175103 0.0111815 0.00982975 0.000890611 0.00695671 0.00474392 0.00905735 0.00596783 0.00536559 0.010693 0.000439146 0.0110944 0.0134521 -0.0015399345204828991 0.0113549 0.0128799 0.00714818 0.00220529 0.00322679 0.0055355 0.00025503099999999996 0.0029715 0.00672295 0.000346097 0.0087875 0.00757315 -0.0012311345204828999 0.00982918 0.000257004 0.0148446 0.000978732 -0.0017413345204828987 0.0151931 0.000883264 0.0014993 0.0125015 0.0126506 0.000769681 0.0133036 0.0139116 0.00714818 0.00220529 0.00322679 0.00776734 0.000944439 0.0011153400000000003 0.00985779 0.00815529 0.00388315 0.0106617 0.0102324 0.00420182 0.00921945 0.0119421 0.00641884 0.00757262 0.0105256 0.00773959 0.0102956 0.00903363 0.0124232 0.0113986 0.00787863 0.0104791 0.000890145 0.00223572 0.0102524 -0.0005527345204828992 0.00401886 0.0106743 0.00574114 0.00670103 0.000719644 0.00616535 0.00772151 0.00208443 0.00901365 0.00584643 0.0138838 0.00983731 0.00711561 0.0129465 0.0147206 0.0139046 0.0127193 0.015391730220482899 0.0124219 0.0128926 0.0103195 0.0129423 0.0135931 0.0120431 0.0125817 0.0117104 0.0108709 0.0145836 0.0146587 0.0103195 0.0129423 0.0135931 0.00251217 0.00823778 0.0121972 0.00300831 0.00642562 0.010603 0.000803853 0.00855083 0.0115832 0.00151112 0.00661975 0.013202 0.0127506 0.0149793 0.00864884 0.0125201 0.015806032520482897 0.0101814 0.00213613 0.00532787 0.00279534 0.00269748 0.00373721 0.00383797 0.0123963 0.00678884 0.00680525 0.0140576 0.00533103 0.00758861 0.014513 0.00303612 0.00319182 0.0156364715204829 0.00514675 0.0032108 2.10957e-05 0.0124219 0.0128926 -0.0006462345204828983 0.0118431 0.011367 0.00464623 0.00358161 0.000637897 0.00604833 0.00253204 0.00140224 0.0138481 0.00660686 0.00474022 0.0115477 0.00659241 0.00495397 0.000154844 0.00109198 0.0119181 -0.0008545345204828981 0.00101532 0.00961945 0.0100439 0.00330211 0.0124968 0.00846184 0.00490389 0.0126128 0.00857401 0.0138082 0.00644255 0.00756921 0.0122723 0.00560177 0.0138771 0.00294134 0.00892731 0.0119203 0.00429212 0.00786969 0.0109612 0.0108004 0.01098 0.0102956 0.00903363 0.0124232 0.00714818 0.00220529 0.00322679 0.00794846 -6.023452048289956e-05 0.00326511 0.000394765 0.00965594 0.0100309 0.000519877 0.00761316 0.010058 0.00365903 0.00848651 0.0109622 0.00349408 0.00984074 0.0121777 0.00247022 0.003927 0.0083815 0.00139906 0.0022093 0.00850697 0.0106884 0.0107356 0.00604621 0.010236 0.00840283 0.00599713 0.00604833 0.00253204 0.00140224 0.00572299 0.00380241 0.00301698 0.00751657 0.0133117 0.00783416 0.00857401 0.0138082 0.00644255 0.00801103 0.00791742 0.00315793 0.00873277 0.00988291 0.00393572 0.00456288 0.00532131 0.0036275 0.00670747 0.00583542 0.00290594 0.00614201 0.00943366 0.0120799 0.00730094 0.00931706 0.010022 0.00133145 0.00697416 0.0113659 0.00251217 0.00823778 0.0121972 0.00717064 0.00382324 0.00437199 0.00547061 0.00220868 0.00452783 0.000257004 0.0148446 0.000978732 -0.0011657345204828997 0.0134024 0.000882122 0.0108772 0.0129161 0.00181871 0.0116912 0.0149773 0.00096492 0.00881584 0.0110499 0.00511223 0.0106884 0.0107356 0.00604621 0.000518752 0.00218991 0.00672875 -0.0015889345204829009 0.00307043 0.00676854 0.00999947 0.0108406 0.00787277 0.00757262 0.0105256 0.00773959 0.000885436 0.00966532 0.00602013 8.435479999999997e-05 0.00995715 0.00799865 0.00450206 0.00480361 0.0119904 0.00521796 0.00515041 0.0138533 0.00864237 0.0106469 0.0113334 0.00730094 0.00931706 0.010022 0.00885009 0.00379943 0.0110525 0.0097276 0.00238535 0.00987972 0.00707004 0.0133918 0.0112428 0.00878013 0.0126694 0.0120224 0.0151499 0.0117645 0.0146206 0.0145371 0.0134171 0.0143886 0.00904302 0.0137127 0.00310217 0.010898 0.0143746 0.00316433 0.00355315 0.0144407 0.00649175 0.00259572 0.0131113 0.00478786 0.0108772 0.0129161 0.00181871 0.00962222 0.0113023 0.00289497 1.52415e-05 0.00574302 0.00951558 0.000519877 0.00761316 0.010058 0.0148072 0.0143992 0.00983163 0.0145161 0.0163859545204829 0.00961945 8.10685e-05 0.00346276 0.00800281 -0.001313034520482899 0.00533103 0.00758861 0.0138968 0.00243653 0.0114075 0.0145161 0.00101532 0.00961945 0.0108772 0.0129161 0.00181871 0.0127752 0.0139847 0.00230137 0.00109812 0.00349856 0.0116007 0.000154844 0.0010919799999999998 0.0119181 0.0128459 0.00868162 0.0144002 0.0150834 0.00832007 0.0133538 0.0145569 0.01125 0.00958401 0.0154549893204829 0.00995715 0.00799865 0.000439146 0.0110944 0.0134521 0.00100069 0.00971544 0.0128179 0.000595232 0.00442376 0.00558026 0.000265837 0.00514675 0.0032108 1.52415e-05 0.00574302 0.00951558 -0.0005527345204828997 0.00401886 0.0106743 0.0124435 0.0146398 0.0116824 0.0114087 0.0138141 0.00980987 0.00855338 0.00550281 0.00613339 0.00760515 0.0042274 0.00728987 0.00355315 0.0144407 0.00649175 0.00358932 0.0124559 0.00693932 0.008276 0.00645263 0.00919447 0.00988032 0.00569896 0.0111818 0.00360533 0.00803064 0.00957249 0.00352808 0.00641109 0.00817625 0.0147206 0.0139046 0.0127193 0.0142658 0.0148428 0.0112978 0.00815764 0.00155739 0.00468163 0.00966264 0.00154015 0.00253213 0.00809682 0.0118118 0.00060256 0.00968778 0.0110666 0.000939472 0.0109612 0.0108004 0.01098 0.00951329 0.0100961 0.00974049 0.00365581 0.0111931 0.00410831 0.00259572 0.0131113 0.00478786 0.00589282 0.0104346 0.00926257 0.00606834 0.00901907 0.00820549 0.00906508 0.00223346 0.00795407 0.0097276 0.00238535 0.00987972 0.0014993 0.0125015 0.0126506 0.000977121 0.0145399 0.0126192 0.0117349 0.0129254 0.00322802 0.0123128 0.0136301 0.00500719 0.0104494 0.0041918 0.00970165 0.0119203 0.00429212 0.00786969 0.0120908 0.00355286 0.0127108 0.0124797 0.0012001200000000003 0.0124975 0.0111058 0.015098 0.00812776 0.0114463 0.0174477445204829 0.00861686 0.000969465 0.00402503 0.00960789 0.00139906 0.0022093 0.00850697 0.0109111 0.00425955 0.000707616 0.00915807 0.00328766 0.000934924 0.0078991 0.0141693 0.0141394 0.0103195 0.0129423 0.0135931 0.00946706 0.00689528 0.0146936 0.00983731 0.00711561 0.0129465 0.00319117 0.000773919 0.00404224 0.00248374 -0.00018433452048289905 0.00540234 0.00625872 0.00230596 0.00867378 0.00541196 0.00333014 0.00665278 0.00365903 0.00848651 0.0109622 0.00300831 0.00642562 0.010603 0.00747248 0.00193563 0.00762142 0.00672295 0.00034609700000000007 0.0087875 0.000595232 0.00442376 0.00558026 0.00106997 0.00493477 0.00746085 0.00206314 0.0089518 0.00458818 0.000727052 0.00813109 0.00273617 0.0139297 0.00441449 0.000810209 0.015726500520482897 0.00506505 0.00096501 0.000885436 0.00966532 0.00602013 -0.0011663345204828996 0.00878106 0.00656703 0.0109612 0.0108004 0.01098 0.0111879 0.00951807 0.00905958 0.0106884 0.0107356 0.00604621 0.0128722 0.0100815 0.00515816 0.0138481 0.00660686 0.00474022 0.015520910520482899 0.00624099 0.00629367 0.000769681 0.0133036 0.0139116 0.000977121 0.0145399 0.0126192 0.00451682 0.000645025 0.0146578 0.003511 -0.00019963452048289915 0.0131598 0.01105 0.00419438 0.0114617 0.0119348 0.00572724 0.0104921 0.0108772 0.0129161 0.00181871 0.00959524 0.0147618 0.00155384 0.00983731 0.00711561 0.0129465 0.0102956 0.00903363 0.0124232 0.00357887 0.0134538 0.0101713 0.0041845 0.0156414225204829 0.0112352 0.0149452 0.00631236 0.0144022 0.0150834 0.00832007 0.0133538 0.00717064 0.00382324 0.00437199 0.00859229 0.00485768 0.00319335 0.000150276 0.00624099 0.00629367 -0.0006241345204828995 0.00741987 0.00833856 0.00446207 0.000609924 0.00765116 0.00255816 0.00114621 0.00710047 0.0138307 0.0113549 0.0128799 0.0129113 0.0106478 0.0110132 0.00470948 0.0111967 0.008307 0.00641682 0.0122244 0.00702925 0.0102279 0.0128672 0.00336011 0.0105733 0.0125735 0.00526755 0.0141259 0.00608338 0.000968971 0.0141363 0.00826352 0.00175616 0.00951329 0.0100961 0.00974049 0.00760919 0.0117553 0.00983223 0.00250635 0.00565612 0.0063415 0.00488582 0.00666235 0.00631211 0.00547909 0.00680481 0.011901 0.00527292 0.00713916 0.00961492 0.00450206 0.00480361 0.0119904 0.00300831 0.00642562 0.010603 0.0007164 0.000291917 0.00791993 -0.0008545345204828994 0.00101532 0.00961945 0.0151819 0.00983466 0.00397306 0.0128722 0.0100815 0.00515816 0.0143213 0.013037 0.0102118 0.0145569 0.01125 0.00958401 0.00154186 0.012482 0.00257877 0.000941687 0.0129901 0.00100755 0.00109812 0.00349856 0.0116007 0.00332749 0.00282902 0.0123916 0.0151327 0.00115563 0.0017419 0.0156276385204829 -0.0005260345204828993 0.000978732 0.0117349 0.0129254 0.00322802 0.0127752 0.0139847 0.00230137 0.00577495 0.00516388 0.00766243 0.00383011 0.00460069 0.00716519 0.0120181 0.00811492 0.0125764 0.0128459 0.00868162 0.0144002 0.00763007 0.0127637 0.00294432 0.00542242 0.0116958 0.00257056 0.0055355 0.000255031 0.0029715 0.00687735 -0.0010298345204828978 0.00513623 0.00885009 0.00379943 0.0110525 0.00785891 0.00232456 0.00962299 0.00441845 0.0127797 0.0136226 0.00239349 0.0136902 0.0136603 0.010716 0.000232972 0.0115652 0.00864119 0.00172406 0.011622 0.00389386 0.013466 0.00280387 0.0055355 0.015625665520482897 0.0029715 0.00985779 0.00815529 0.00388315 0.00873277 0.00988291 0.00393572 0.0143449 0.00874883 0.0113934 0.0134074 0.0094787 0.0127003 0.0120602 0.0118554 0.00443186 0.0106617 0.0102324 0.00420182 0.00670849 0.000866951 0.0051779 0.00492007 0.000441801 0.00580023 0.0147426 0.012606 0.00667052 0.0158488575204829 0.0143084 0.00535659 0.00198955 0.0125949 0.00943874 0.00185793 0.0139856 0.00720806 0.0026326 0.00369939 0.0105278 0.00098502 0.0053282 0.0111163 0.00490533 0.00069221 0.00926079 0.00625872 0.00230596 0.00867378 0.00440735 0.00171469 0.00676586 0.00603778 0.00111112 0.00717034 0.0022856 0.0145082 0.00925216 0.0007163999999999998 0.015662551520482897 0.00791993 0.00446207 0.000609924 0.00765116 0.00462761 -0.0011546345204828993 0.00872348 0.0147426 0.012606 0.00667052 0.0159670455204829 0.0117735 0.00480197 0.00161236 0.00169672 0.00526334 0.00248374 -0.0001843345204828998 0.00540234 0.0106765 0.0141214 0.00590043 0.0106021 0.0130877 0.00764289 0.010716 0.000232972 0.0115652 0.00872676 -0.000553134520482898 0.0113207 0.0120908 0.00355286 0.0127108 0.0131829 0.00249219 0.0143918 0.0127233 0.00079723 0.00738357 0.0111058 -0.0002726345204828983 0.00812776 0.00327322 0.000392376 0.00893675 0.00255816 0.00114621 0.00710047 0.00651834 0.00687967 0.00795518 0.00488582 0.00666235 0.00631211 0.014513 0.00303612 0.00319182 0.0132851 0.00466757 0.0026714 0.0014993 0.0125015 0.0126506 0.00184032 0.0120793 0.0144747 0.00604833 0.00253204 0.00140224 0.00390924 0.00208158 0.00278571 0.00358557 0.00806951 0.00525681 0.002976 0.010311 0.00605346 0.0145569 0.01125 0.00958401 0.0157653995204829 0.00965594 0.0100309 0.00906508 0.00223346 0.00795407 0.0114463 0.00207711 0.00861686 0.00983731 0.00711561 0.0129465 0.00781705 0.00683899 0.0126454 0.0106653 0.000433149 0.0097738 0.0097276 0.00238535 0.00987972 0.014849 0.00153167 0.014381 0.0161442465204829 0.00264311 0.0131646 0.0135756 0.00512942 0.00967011 0.0119203 0.00429212 0.00786969 0.0129534 0.00863682 0.0112829 0.0129113 0.0106478 0.0110132 0.0149452 0.00631236 0.0144022 0.0151635 0.00648948 0.0120217 0.0127241 0.0126985 0.00758516 0.0147426 0.012606 0.00667052 0.0102484 0.00405377 0.00280051 0.00915807 0.00328766 0.000934924 0.00455226 0.00648969 0.0147271 0.00452008 0.00844254 0.0144932 0.00331565 0.0101723 0.00853776 0.00194235 0.00933517 0.00774063 0.0013163 0.00973301 0.0144238 0.00258171 0.00802324 0.0144181 0.00140595 0.0016411 0.0145374 0.00291999 0.00322739 0.0144818 0.00379715 0.00221146 0.0103515 0.00386171 0.00270794 0.00802837 0.00413295 0.0147811 0.00445143 0.00259572 0.0131113 0.00478786 0.0127752 0.0139847 0.00230137 0.0136293 0.0151931 0.0008832639999999999 0.00576113 0.00496984 0.00514114 0.00522698 0.0073251 0.0040587 0.0013163 0.00973301 0.0144238 0.00211998 0.0109038 0.0130038 0.00088105 0.0150072 0.0105034 0.000977121 0.0145399 0.0126192 0.00702218 0.00933933 0.00230049 0.00940419 0.00919532 0.00201588 0.00327322 0.000392376 0.00893675 0.00462761 -0.0011546345204828995 0.00872348 0.0131996 0.00924544 0.000649426 0.0111815 0.00982975 0.000890611 0.0066188 0.0145815 0.00723761 0.00641682 0.0122244 0.00702925 0.00450206 0.00480361 0.0119904 0.00537116 0.00290926 0.0111914 0.00492007 0.000441801 0.00580023 0.00687735 -0.0010298345204828988 0.00513623 0.00537116 0.00290926 0.0111914 0.00332749 0.00282902 0.0123916 0.00253931 0.00484977 0.0121283 0.00368541 0.00648051 0.0125803 0.00294313 0.00540802 0.00424802 0.00402451 0.00421498 0.0051619 0.00291999 0.00322739 0.0144818 0.0007786429999999999 0.0044607 0.0142257 0.0126317 0.00700878 0.00871286 0.0140576 0.00533103 0.00758861 0.0145371 0.0134171 0.0143886 0.0159088765204829 0.0152463 0.0143884 0.0065924 0.00527887 0.0125227 0.00538342 0.0034238 0.0130372 0.00198955 0.0125949 0.00943874 0.00126161 0.0116434 0.00723613 0.0109111 0.00425955 0.000707616 0.0109118 0.00251323 0.000948249 0.00785891 0.00232456 0.00962299 0.00906508 0.00223346 0.00795407 0.0100439 0.00330211 0.0124968 0.00854676 0.00257448 0.0136897 0.0147206 0.0139046 0.0127193 0.0158198555204829 0.0133317 0.0111781 0.0131996 0.00924544 0.000649426 0.0141363 0.00826352 0.00175616 0.00456288 0.00532131 0.0036275 0.00572299 0.00380241 0.00301698 0.0151819 0.00983466 0.00397306 0.0160976865204829 0.00813109 0.00273617 0.0131996 0.00924544 0.000649426 0.0126739 0.00729969 0.000948025 0.00901365 0.00584643 0.0138838 0.0107363 0.00464063 0.0140857 0.0151635 0.00648948 0.0120217 0.0161744875204829 0.00855083 0.0115832 0.00286447 0.009734 0.0011025 0.00487931 0.00937461 0.00280342 0.014513 0.00303612 0.00319182 0.0162581325204829 0.00319027 0.00397745 0.00509822 0.0110078 0.00640293 0.002976 0.010311 0.00605346 0.0141238 0.00807977 0.00377993 0.0160976865204829 0.00813109 0.00273617 0.00213613 0.00532787 0.00279534 0.00294313 0.00540802 0.00424802 0.00210729 0.00779943 0.00900949 0.00404456 0.00864856 0.00752236 0.00901365 0.00584643 0.0138838 0.00781705 0.00683899 0.0126454 0.00747248 0.00193563 0.00762142 0.00790977 0.0005545000000000001 0.00657309 0.0144285 0.00342394 0.0130015 0.0131829 0.00249219 0.0143918 0.0109111 0.00425955 0.000707616 0.0123629 0.00535672 0.000884611 0.00803572 0.00260863 0.00192811 0.00604833 0.00253204 0.00140224 0.00944696 0.00479737 0.00514464 0.00859229 0.00485768 0.00319335 0.010716 0.000232972 0.0115652 0.0114087 -0.0015565345204828997 0.00980987 0.0127506 0.0149793 0.00864884 0.0121634 0.0143626 0.00679055 0.00337851 0.0136074 0.012037 0.0041845 0.0156414225204829 0.0112352 0.00489308 0.00282388 0.00927113 0.00537116 0.00290926 0.0111914 0.00194235 0.00933517 0.00774063 0.00126161 0.0116434 0.00723613 0.0102956 0.00903363 0.0124232 0.00787271 0.0090787 0.0125727 0.0138307 0.0113549 0.0128799 0.0120431 0.0125817 0.0117104 0.00973482 0.00826854 0.00897179 0.008276 0.00645263 0.00919447 0.00440958 0.0143626 0.0145282 0.00512241 0.0142025 0.0125249 0.00200279 0.00132408 0.0126816 0.00332749 0.00282902 0.0123916 0.0127233 0.00079723 0.00738357 0.0137817 0.00307043 0.00676854 0.01105 0.00419438 0.0114617 0.0110664 0.00219539 0.0112643 0.0151499 0.0117645 0.0146206 0.0131443 0.012018 0.0144795 0.0141921 0.0016198 0.00281419 0.0131778 0.00166347 0.000956286 0.0148179 0.00401886 0.0106743 0.016355654520482897 0.0053282 0.0111163 2.10957e-05 0.0124219 0.0128926 0.000769681 0.0133036 0.0139116 0.0109111 0.00425955 0.000707616 0.012526 0.00349482 0.000923494 0.00339048 0.0115744 0.0120943 0.00423907 0.0107346 0.0139761 0.00837038 0.00561283 0.0045936 0.00670747 0.00583542 0.00290594 0.00509977 0.0104938 0.0114683 0.00453691 0.00942341 0.00954167 0.00732712 0.00481976 0.00574086 0.00837038 0.00561283 0.0045936 0.0128459 0.00868162 0.0144002 0.0119641 0.0066168 0.0141512 8.43548e-05 0.00995715 0.00799865 -0.0016541345204828999 0.00929045 0.00956968 0.00368541 0.00648051 0.0125803 0.00151112 0.00661975 0.013202 0.013759 0.0108389 0.00784852 0.0147426 0.012606 0.00667052 0.00501008 0.00690803 0.0134989 0.00521796 0.00515041 0.0138533 0.00855338 0.00550281 0.00613339 0.0106344 0.00516889 0.00633136 0.00707059 0.0141062 0.00170009 0.0055355 0.015625665520482897 0.0029715 0.00552444 0.0108269 0.00453722 0.00723472 0.0109701 0.00343743 0.00349408 0.00984074 0.0121777 0.00358582 0.0112819 0.0101736 0.000772106 0.00917672 0.000891831 -0.0012343345204828997 0.00826352 0.00175616 0.00251217 0.00823778 0.0121972 0.00368541 0.00648051 0.0125803 0.0103888 0.0118671 0.00947094 0.00874637 0.0122671 0.00818002 0.0120908 0.00355286 0.0127108 0.0100439 0.00330211 0.0124968 0.00562145 0.0141155 0.0106443 0.00357887 0.0134538 0.0101713 0.0101335 0.00352324 0.00755119 0.0114463 0.00207711 0.00861686 0.0141238 0.00807977 0.00377993 0.0151819 0.00983466 0.00397306 0.00982367 0.0150127 0.0133574 0.00999666 0.016707954520482897 0.0146069 0.0138481 0.00660686 0.00474022 0.0124689 0.00812599 0.00436228 0.00383011 0.00460069 0.00716519 0.00386171 0.00270794 0.00802837 0.0047149 0.001044 0.000983718 0.0032663 0.00252057 0.000871886 0.00518597 0.00873135 0.000823127 0.00616535 0.00772151 0.00208443 0.00901365 0.00584643 0.0138838 0.0079913 0.00761103 0.0143987 0.00440958 0.0143626 0.0145282 0.00239349 0.0136902 0.0136603 0.00154186 0.012482 0.00257877 0.00125962 0.014085 0.00337117 0.0127506 0.0149793 0.00864884 0.0114087 0.0138141 0.00980987 0.00501008 0.00690803 0.0134989 0.00452008 0.00844254 0.0144932 0.014849 0.00153167 0.014381 0.015525478520482899 0.00109198 0.0119181 0.0090967 0.0152193 0.0051464 0.00996983 0.0169952045204829 0.00463433 0.00831433 0.000220829 0.0128202 0.00703731 0.00147038 0.0130426 0.0143213 0.013037 0.0102118 0.0142658 0.0148428 0.0112978 0.00801103 0.00791742 0.00315793 0.00670747 0.00583542 0.00290594 0.0109612 0.0108004 0.01098 0.00864237 0.0106469 0.0113334 0.0145644 0.000729407 0.00675731 0.0137817 0.00307043 0.00676854 0.00577495 0.00516388 0.00766243 0.00760515 0.0042274 0.00728987 0.0102484 0.00405377 0.00280051 0.0103754 0.006324 0.00347663 0.00672295 0.000346097 0.0087875 0.00888094 0.000740739 0.0093095 0.0110664 0.00219539 0.0112643 0.0120908 0.00355286 0.0127108 0.00841092 0.00959626 0.0058444 0.00757262 0.0105256 0.00773959 0.00520413 0.0128654 0.00795112 0.00508388 0.0139401 0.00632774 0.0125126 0.0140022 0.0137814 0.0124797 0.0165707545204829 0.0124975 0.00562145 0.0141155 0.0106443 0.00695371 0.0147786 0.0122093 0.00732712 0.00481976 0.00574086 0.00899819 0.00313438 0.00595921 0.00608817 0.00820031 0.0133661 0.00547909 0.00680481 0.011901 0.00886412 0.00308307 0.00375224 0.00996983 0.00162457 0.00463433 0.00688329 0.00340692 0.0143901 0.00538342 0.0034238 0.0130372 0.00450206 0.00480361 0.0119904 0.00429788 0.00460278 0.00953474 0.00202257 0.0139033 0.0111178 0.00357887 0.0134538 0.0101713 0.00132069 0.000897655 0.00340791 -0.0005108345204828991 0.00183155 0.00485025 0.0141921 0.0016198 0.00281419 0.0148598 0.00183155 0.00485025 0.00179259 0.00373121 0.000942048 0.00150798 0.0013012599999999998 0.00109445 0.000544785 0.0137134 0.00885746 0.0007164 0.015662551520482897 0.00791993 0.0141259 0.00608338 0.000968971 0.0132851 0.00466757 0.0026714 0.0109869 0.0080267 0.00127195 0.0121463 0.00672581 0.0027741 0.0138771 0.00294134 0.00892731 0.0148179 0.00401886 0.0106743 0.0106617 0.0102324 0.00420182 0.0128722 0.0100815 0.00515816 0.0119348 0.00572724 0.0104921 0.012392 0.0035215 0.0102817 0.00760515 0.0042274 0.00728987 0.00708603 0.00226918 0.00604545 0.00487931 0.00937461 0.00280342 0.00676824 0.0091283 0.00445074 0.0106344 0.00516889 0.00633136 0.00899819 0.00313438 0.00595921 0.0142049 0.0134024 0.000882122 0.0127752 0.0139847 0.00230137 0.00355315 0.0144407 0.00649175 0.00255816 0.0165168445204829 0.00710047 0.00356341 0.00181973 0.00533926 0.00248374 -0.0001843345204828996 0.00540234 0.00772678 0.00808528 0.000953171 0.00952206 0.00691311 0.000898627 0.00717064 0.00382324 0.00437199 0.00670747 0.00583542 0.00290594 0.00489308 0.00282388 0.00927113 0.00490533 0.00069221 0.00926079 0.0139239 0.0132632 0.0116239 0.0120431 0.0125817 0.0117104 0.0119348 0.00572724 0.0104921 0.0137968 0.00708503 0.0105313 0.00576113 0.00496984 0.00514114 0.00670747 0.00583542 0.00290594 0.000595232 0.00442376 0.00558026 0.00250635 0.00565612 0.0063415 0.0047149 0.001044 0.000983718 0.0055355 0.00025503099999999996 0.0029715 0.0117349 0.0129254 0.00322802 0.0118046 0.0110655 0.00245696 0.0137511 0.0112117 0.00349255 0.0141476 0.0130014 0.00491582 0.0132174 0.0116445 0.00633496 0.013759 0.0108389 0.00784852 0.0102484 0.00405377 0.00280051 0.00892088 0.00514356 0.00129141 0.00589282 0.0104346 0.00926257 0.00757262 0.0105256 0.00773959 0.00944696 0.00479737 0.00514464 0.0112204 0.00325932 0.00515858 0.0143522 0.0101641 0.0143856 0.0128459 0.00868162 0.0144002 0.014513 0.00303612 0.00319182 0.0148598 0.00183155 0.00485025 0.0113626 0.00895506 0.00296166 0.0111815 0.00982975 0.0008906109999999999 0.0102484 0.00405377 0.00280051 0.00966264 0.0015401499999999997 0.00253213 0.0143449 0.00874883 0.0113934 0.0137165 0.00929045 0.00956968 0.00700269 0.00639403 0.00492724 0.00488582 0.00666235 0.00631211 0.00888094 0.000740739 0.0093095 0.00864119 0.00172406 0.011622 0.00271385 0.0120951 0.000983228 0.00389386 0.013466 0.00280387 0.0120181 0.00811492 0.0125764 0.0136472 0.006821 0.0130219 0.00379715 0.00221146 0.0103515 0.00490533 0.00069221 0.00926079 0.0152694 0.0114629 0.000730223 0.016312321520482898 0.0129901 0.00100755 0.00210729 0.00779943 0.00900949 0.00300831 0.00642562 0.010603 0.00194235 0.00933517 0.00774063 0.0008854360000000001 0.00966532 0.00602013 0.000449221 0.0133317 0.0111781 -0.0011048345204828984 0.0148428 0.0112978 0.00603778 0.00111112 0.00717034 0.00541196 0.0033301400000000005 0.00665278 0.00638442 0.00655959 0.014431 0.00781705 0.00683899 0.0126454 0.00365903 0.00848651 0.0109622 0.00453691 0.00942341 0.00954167 0.00202257 0.0139033 0.0111178 0.000977121 0.0145399 0.0126192 0.000918659 0.00812926 0.0147495 0.00151112 0.00661975 0.013202 0.00888094 0.000740739 0.0093095 0.00872676 -0.000553134520482899 0.0113207 0.0134074 0.0094787 0.0127003 0.015169 0.0101144 0.011814 0.00450206 0.00480361 0.0119904 0.00332749 0.00282902 0.0123916 0.000941687 0.0129901 0.00100755 -0.0004037345204828993 0.0129066 0.00285924 0.0127724 0.00169191 0.00554587 0.0138166 -0.00028173452048289816 0.00444539 0.0127752 0.0139847 0.00230137 0.0149669 0.0129066 0.00285924 0.013759 0.0108389 0.00784852 0.0137165 0.00929045 0.00956968 0.00985779 0.00815529 0.00388315 0.00964616 0.00644989 0.00520181 0.00763007 0.0127637 0.00294432 0.00794846 0.0153104 0.00326511 0.00379715 0.00221146 0.0103515 0.00429788 0.00460278 0.00953474 0.000969465 0.00402503 0.00960789 0.00106997 0.00493477 0.00746085 0.00562145 0.0141155 0.0106443 0.00757315 0.0141395 0.00982918 0.00730094 0.00931706 0.010022 0.00757262 0.0105256 0.00773959 0.000595232 0.00442376 0.00558026 0.00015027599999999997 0.00624099 0.00629367 0.00815764 0.00155739 0.00468163 0.0090967 -0.00015133452048289977 0.0051464 0.00508388 0.0139401 0.00632774 0.00413295 0.0147811 0.00445143 0.0014993 0.0125015 0.0126506 0.0012251 0.0115874 0.0109257 0.00973482 0.00826854 0.00897179 0.0113986 0.00787863 0.0104791 0.00854676 0.00257448 0.0136897 0.00999666 0.00133732 0.0146069 0.0145569 0.01125 0.00958401 0.0129113 0.0106478 0.0110132 0.0148072 0.0143992 0.00983163 0.0158198555204829 0.0133317 0.0111781 0.00757315 0.0141395 0.00982918 0.00872676 0.0148175 0.0113207 0.0126317 0.00700878 0.00871286 0.0119348 0.00572724 0.0104921 0.0135756 0.00512942 0.00967011 0.0126317 0.00700878 0.00871286 0.00982367 0.0150127 0.0133574 0.00872676 0.0148175 0.0113207 0.00737449 0.00408512 0.00181528 0.00714818 0.00220529 0.00322679 0.0151635 0.00648948 0.0120217 0.0150834 0.00832007 0.0133538 0.0013163 0.00973301 0.0144238 -0.0010184345204828978 0.0101641 0.0143856 0.0102279 0.0128672 0.00336011 0.0117349 0.0129254 0.00322802 0.00202257 0.0139033 0.0111178 0.0022856 0.0145082 0.00925216 0.0106435 0.00802451 0.0145352 0.0102956 0.00903363 0.0124232 0.00537116 0.00290926 0.0111914 0.00729414 0.00333063 0.0124551 0.0118976 0.0110956 0.00824709 0.0106021 0.0130877 0.00764289 0.00606834 0.00901907 0.00820549 0.00817881 0.00822097 0.00753351 0.00672295 0.000346097 0.0087875 0.00625872 0.00230596 0.00867378 0.0018468 0.00559321 0.0090898 0.00210729 0.00779943 0.00900949 1.52415e-05 0.00574302 0.00951558 -0.0015738345204829001 0.00708503 0.0105313 0.0126317 0.00700878 0.00871286 0.0113986 0.00787863 0.0104791 0.000518752 0.00218991 0.00672875 0.00255816 0.00114621 0.00710047 0.00527292 0.00713916 0.00961492 0.00404456 0.00864856 0.00752236 0.00269748 0.00373721 0.00383797 0.00232622 0.00341988 0.00624313 0.00520413 0.0128654 0.00795112 0.00470948 0.0111967 0.008307 0.00878013 0.0126694 0.0120224 0.00872676 0.0148175 0.0113207 0.0136472 0.006821 0.0130219 0.0132164 0.00464896 0.0142442 0.00572299 0.00380241 0.00301698 0.00358764 0.0043882 0.00196482 0.0151819 0.00983466 0.00397306 0.0171922345204829 0.0105733 0.00310661 0.0141238 0.00807977 0.00377993 0.0141363 0.00826352 0.00175616 0.0148072 0.0143992 0.00983163 0.0143573 0.0127819 0.00851817 0.0110664 0.00219539 0.0112643 0.00864119 0.00172406 0.011622 0.00952206 0.00691311 0.000898627 0.00940419 0.00919532 0.00201588 0.0140915 0.00668328 0.00283329 0.0160976865204829 0.00813109 0.00273617 0.00255816 0.00114621 0.00710047 0.00185793 -0.0013850345204828984 0.00720806 0.0151819 0.00983466 0.00397306 0.016256070520482897 0.00966532 0.00602013 0.00562145 0.0141155 0.0106443 0.00462761 0.014216 0.00872348 0.00524774 0.0125483 0.00962598 0.00760919 0.0117553 0.00983223 0.00608817 0.00820031 0.0133661 0.00781705 0.00683899 0.0126454 0.00154186 0.012482 0.00257877 0.00121268 0.0113235 0.00138436 0.0131778 0.00166347 0.000956286 0.0151889 0.00300748 0.00131104 0.00606834 0.00901907 0.00820549 0.00453691 0.00942341 0.00954167 0.014561 0.00517853 0.00553652 0.0140576 0.00533103 0.00758861 0.00999621 0.0109642 0.0126444 0.0120467 0.0108003 0.0126983 0.00999947 0.0108406 0.00787277 0.0106021 0.0130877 0.00764289 0.0113626 0.00895506 0.00296166 0.0121463 0.00672581 0.0027741 0.00670849 0.000866951 0.0051779 0.00603778 0.00111112 0.00717034 0.01105 0.00419438 0.0114617 0.0104494 0.0041918 0.00970165 0.00358764 0.0043882 0.00196482 0.00417548 0.00707696 0.00185079 0.00552444 0.0108269 0.00453722 0.00487931 0.00937461 0.00280342 0.0143213 0.013037 0.0102118 0.0158198555204829 0.0133317 0.0111781 0.00538342 0.0034238 0.0130372 0.00581911 0.00172426 0.0144566 0.00501401 0.00925255 0.00568857 0.00552444 0.0108269 0.00453722 0.0139239 0.0132632 0.0116239 0.0158198555204829 0.0133317 0.0111781 0.00154186 0.012482 0.00257877 0.00271385 0.0120951 0.000983228 0.0137511 0.0112117 0.00349255 0.0151819 0.00983466 0.00397306 0.000727052 0.00813109 0.00273617 0.0018216 0.0105733 0.00310661 0.00953084 0.00657841 0.0070626 0.008276 0.00645263 0.00919447 0.0146976 0.0107951 0.00618344 0.0154549893204829 0.00995715 0.00799865 0.000265837 0.00514675 0.0032108 -0.00018173452048289888 0.00300748 0.00131104 0.00501401 0.00925255 0.00568857 0.0066216 0.0078737 0.00612172 0.0142658 0.0148428 0.0112978 0.0145161 0.0163859545204829 0.00961945 0.00577495 0.00516388 0.00766243 0.00429788 0.00460278 0.00953474 0.000885436 0.00966532 0.00602013 0.00126161 0.0116434 0.00723613 0.0128927 0.0122358 0.00968693 0.0129113 0.0106478 0.0110132 0.00501401 0.00925255 0.00568857 0.002976 0.010311 0.00605346 0.00538559 0.0145562 0.00093035 0.00389386 0.013466 0.00280387 0.00200279 0.00132408 0.0126816 0.0001548439999999999 0.00109198 0.0119181 0.0111879 0.00951807 0.00905958 0.0137165 0.00929045 0.00956968 0.0112451 0.00258122 0.0141094 0.0124797 0.00120012 0.0124975 0.0143449 0.00874883 0.0113934 0.0161744875204829 0.00855083 0.0115832 0.00900278 0.0131608 0.00991587 0.00874637 0.0122671 0.00818002 0.0012251 0.0115874 0.0109257 0.00039476500000000005 0.00965594 0.0100309 0.00732712 0.00481976 0.00574086 0.00688462 0.00627852 0.00651933 0.00885009 0.00379943 0.0110525 0.0104494 0.0041918 0.00970165 0.00365903 0.00848651 0.0109622 0.00435341 0.00823317 0.0126542 0.00248374 0.0151863 0.00540234 0.00132069 0.016268289520482898 0.00340791 0.011736 0.00066532 0.00405254 0.00966264 0.00154015 0.00253213 0.00706742 0.00700147 0.0108788 0.00534896 0.0085551 0.0110848 0.00185793 0.0139856 0.00720806 0.00259572 0.0131113 0.00478786 0.00832408 0.00779038 0.00508726 0.00817881 0.00822097 0.00753351 0.0012251 0.0115874 0.0109257 -0.00020163452048289877 0.0101144 0.011814 0.015169 0.0101144 0.011814 0.0150834 0.00832007 0.0133538 0.00534896 0.0085551 0.0110848 0.00730094 0.00931706 0.010022 0.0123128 0.0136301 0.00500719 0.0105733 0.0125735 0.00526755 0.00455226 0.00648969 0.0147271 0.00638442 0.00655959 0.014431 0.00269748 0.00373721 0.00383797 0.00390924 0.00208158 0.00278571 0.0132691 0.0093747 0.00311564 0.0118046 0.0110655 0.00245696 0.00383011 0.00460069 0.00716519 0.00429788 0.00460278 0.00953474 0.0131483 0.0128473 0.00355844 0.0123128 0.0136301 0.00500719 0.0132691 0.00322139 0.00440678 0.0132851 0.00466757 0.0026714 0.0123629 0.00535672 0.000884611 0.0121463 0.00672581 0.0027741 0.00815764 0.00155739 0.00468163 0.00790977 0.0005544999999999999 0.00657309 0.00383011 0.00460069 0.00716519 0.00488582 0.00666235 0.00631211 0.0068171 0.0116391 0.0119993 0.00787271 0.0090787 0.0125727 0.00512251 0.00157736 0.0126485 0.00318155 0.0014035 0.0139873 0.0118976 0.0110956 0.00824709 0.0103888 0.0118671 0.00947094 0.00638442 0.00655959 0.014431 0.0065924 0.00527887 0.0125227 0.00606834 0.00901907 0.00820549 0.00527292 0.00713916 0.00961492 0.00452008 0.00844254 0.0144932 0.00423907 0.0107346 0.0139761 0.00360533 0.00803064 0.00957249 0.00404456 0.00864856 0.00752236 0.0143573 0.0127819 0.00851817 0.013759 0.0108389 0.00784852 0.00706742 0.00700147 0.0108788 0.00730094 0.00931706 0.010022 0.00608817 0.00820031 0.0133661 0.0079913 0.00761103 0.0143987 0.00453691 0.00942341 0.00954167 0.00527292 0.00713916 0.00961492 0.0117285 0.0120384 0.00640567 0.0118976 0.0110956 0.00824709 0.0117285 0.0120384 0.00640567 0.0132174 0.0116445 0.00633496 0.0110664 0.00219539 0.0112643 0.0106653 0.0004331490000000001 0.0097738 0.00695371 0.0147786 0.0122093 0.00703731 0.0168410145204829 0.0130426 0.00973482 0.00826854 0.00897179 0.0106172 0.0061586 0.00884653 0.00604833 0.00253204 0.00140224 0.00562226 0.00477273 0.00132247 0.000596411 0.0117735 0.00480197 0.00126161 0.0116434 0.00723613 0.0144691 0.0152824 0.00250948 0.0127752 0.0139847 0.00230137 0.00714818 0.00220529 0.00322679 0.00572299 0.00380241 0.00301698 0.0141921 0.0016198 0.00281419 0.0144691 -8.823452048289872e-05 0.00250948 2.10957e-05 0.0124219 0.0128926 0.000449221 0.0133317 0.0111781 0.00900278 0.0131608 0.00991587 0.0103888 0.0118671 0.00947094 0.0152694 0.0114629 0.000730223 0.0136468 0.0117768 0.00161815 0.00857401 0.0138082 0.00644255 0.00790977 0.0159251345204829 0.00657309 0.0012251 0.0115874 0.0109257 0.00211998 0.0109038 0.0130038 0.00088105 0.0150072 0.0105034 -0.0011048345204828984 0.0148428 0.0112978 0.00625872 0.00230596 0.00867378 0.00647566 0.00104766 0.0108102 0.00603778 0.00111112 0.00717034 0.00790977 0.0005545 0.00657309 0.0007164 0.000291917 0.00791993 0.000518752 0.00218991 0.00672875 0.00688462 0.00627852 0.00651933 0.00488582 0.00666235 0.00631211 0.00464623 0.00358161 0.000637897 0.0032663 0.00252057 0.000871886 0.00999621 0.0109642 0.0126444 0.00878013 0.0126694 0.0120224 0.000885436 0.00966532 0.00602013 0.000596411 0.0117735 0.00480197 0.00199147 0.00806141 0.0063271 0.002976 0.010311 0.00605346 0.000887498 0.00319027 0.00397745 0.00132069 0.0008976550000000002 0.00340791 0.00251217 0.00823778 0.0121972 0.002086 0.00987322 0.0108939 0.00729414 0.00333063 0.0124551 0.00864119 0.00172406 0.011622 0.00688329 0.00340692 0.0143901 0.00703731 0.00147038 0.0130426 0.00757315 0.0141395 0.00982918 0.00760919 0.0117553 0.00983223 0.0100237 0.00090997 0.00807165 0.00970284 -0.0005665345204828981 0.0072549 0.000439146 0.0110944 0.0134521 -0.001018434520482898 0.0101641 0.0143856 0.00803572 0.00260863 0.00192811 0.00966264 0.00154015 0.00253213 0.0106617 0.0102324 0.00420182 0.010236 0.00840283 0.00599713 0.0144691 0.0152824 0.00250948 0.0149669 0.0129066 0.00285924 0.0120908 0.00355286 0.0127108 0.012392 0.0035215 0.0102817 0.000890145 0.00223572 0.0102524 0.0026326 0.00369939 0.0105278 0.0120602 0.0118554 0.00443186 0.0106884 0.0107356 0.00604621 0.0141194 0.00470703 0.00433182 0.0138481 0.00660686 0.00474022 0.00962222 0.0113023 0.00289497 0.00940419 0.00919532 0.00201588 0.0139297 0.00441449 0.000810209 0.0123629 0.00535672 0.000884611 0.00857401 0.0138082 0.00644255 0.0066188 0.0145815 0.00723761 0.0137511 0.0112117 0.00349255 0.0159670455204829 0.0117735 0.00480197 0.00295233 0.0096089 0.0147241 0.00452008 0.00844254 0.0144932 0.000887498 0.00319027 0.00397745 0.00161236 0.00169672 0.00526334 0.0136472 0.006821 0.0130219 0.0137968 0.00708503 0.0105313 0.00355315 0.0144407 0.00649175 0.00413295 0.0147811 0.00445143 0.0014993 0.0125015 0.0126506 0.00044922099999999987 0.0133317 0.0111781 0.00707059 0.0141062 0.00170009 0.00776734 0.0163150735204829 0.00111534 0.0103754 0.006324 0.00347663 0.00859229 0.00485768 0.00319335 0.00538559 0.0145562 0.00093035 0.0055355 0.015625665520482897 0.0029715 0.00878013 0.0126694 0.0120224 0.00760919 0.0117553 0.00983223 0.00339048 0.0115744 0.0120943 0.00337851 0.0136074 0.012037 0.00518597 0.00873135 0.000823127 0.00417548 0.00707696 0.0018507899999999997 0.00881584 0.0110499 0.00511223 0.00756921 0.0122723 0.00560177 0.00703731 0.00147038 0.0130426 0.00647566 0.00104766 0.0108102 0.00470948 0.0111967 0.008307 0.00453691 0.00942341 0.00954167 0.0117285 0.0120384 0.00640567 0.0120602 0.0118554 0.00443186 0.014561 0.00517853 0.00553652 0.0138481 0.00660686 0.00474022 0.00450206 0.00480361 0.0119904 0.00547909 0.00680481 0.011901 0.00885009 0.00379943 0.0110525 0.00729414 0.00333063 0.0124551 0.00730094 0.00931706 0.010022 0.00817881 0.00822097 0.00753351 0.00604833 0.00253204 0.00140224 0.00737449 0.00408512 0.00181528 0.0151499 0.0117645 0.0146206 0.0143522 0.0101641 0.0143856 0.000596411 0.0117735 0.00480197 0.000478223 0.0143084 0.00535659 0.00200279 0.00132408 0.0126816 0.00318155 0.0014035 0.0139873 0.0129113 0.0106478 0.0110132 0.0147244 0.0118431 0.011367 0.00651834 0.00687967 0.00795518 0.0066216 0.0078737 0.00612172 0.000439146 0.0110944 0.0134521 -0.0002016345204828986 0.0101144 0.011814 0.00253931 0.00484977 0.0121283 0.00151112 0.00661975 0.013202 0.00577495 0.00516388 0.00766243 0.00352808 0.00641109 0.00817625 0.00857401 0.0138082 0.00644255 0.0106021 0.0130877 0.00764289 0.0146976 0.0107951 0.00618344 0.016632244520482897 0.0116434 0.00723613 0.0134074 0.0094787 0.0127003 0.0129113 0.0106478 0.0110132 0.00365581 0.0111931 0.00410831 0.00487931 0.00937461 0.00280342 0.00885009 0.00379943 0.0110525 0.00872367 0.00391884 0.00886091 0.00787271 0.0090787 0.0125727 0.00730094 0.00931706 0.010022 0.000840014 0.000597723 0.00628912 -0.0005108345204828998 0.00183155 0.00485025 0.00356341 0.00181973 0.00533926 0.00390924 0.00208158 0.00278571 0.00591345 0.0104097 0.000918365 0.00702218 0.00933933 0.00230049 0.00951329 0.0100961 0.00974049 0.00730094 0.00931706 0.010022 0.0145644 0.000729407 0.00675731 0.0138166 -0.0002817345204828983 0.00444539 0.0113986 0.00787863 0.0104791 0.00988032 0.00569896 0.0111818 0.00247022 0.003927 0.0083815 0.00429788 0.00460278 0.00953474 0.00576113 0.00496984 0.00514114 0.00541196 0.00333014 0.00665278 0.0060172 0.0129855 0.0130881 0.0048199 0.0124239 0.0116554 0.00737449 0.00408512 0.00181528 0.00915807 0.00328766 0.000934924 0.00732712 0.00481976 0.00574086 0.00700269 0.00639403 0.00492724 0.0048199 0.0124239 0.0116554 0.00357887 0.0134538 0.0101713 0.0090967 0.0152193 0.0051464 0.00687735 0.0143408 0.00513623 0.00772678 0.00808528 0.000953171 0.00719036 0.00578893 0.00085116 0.00670849 0.000866951 0.0051779 0.00790977 0.0005545 0.00657309 0.000478223 0.0143084 0.00535659 0.00132069 0.016268289520482898 0.00340791 0.00441845 0.0127797 0.0136226 0.0048199 0.0124239 0.0116554 0.00344209 0.0149641 0.00780268 0.0022856 0.0145082 0.00925216 0.00088105 0.0150072 0.0105034 -0.0008545345204828982 0.0163859545204829 0.00961945 0.00599052 0.0152894 0.0138492 0.00703731 0.0168410145204829 0.0130426 0.00864237 0.0106469 0.0113334 0.00878013 0.0126694 0.0120224 0.00365903 0.00848651 0.0109622 0.002086 0.00987322 0.0108939 0.00893611 0.0127031 0.00164658 0.00707059 0.0141062 0.00170009</DataArray>
</Points><Lines>
<DataArray type="Int64" Name="connectivity" format="ascii">0 1 2 3 4 5 6 7 8 9 10 11 12 13 14 15 16 17 18 19 20 21 22 23 24 25 26 27 28 29 30 31 32 33 34 35 36 37 38 39 40 41 42 43 44 45 46 47 48 49 50 51 52 53 54 55 56 57 58 59 60 61 62 63 64 65 66 67 68 69 70 71 72 73 74 75 76 77 78 79 80 81 82 83 84 85 86 87 88 89 90 91 92 93 94 95 96 97 98 99 100 101 102 103 104 105 106 107 108 109 110 111 112 113 114 115 116 117 118 119 120 121 122 123 124 125 126 127 128 129 130 131 132 133 134 135 136 137 138 139 140 141 142 143 144 145 146 147 148 149 150 151 152 153 154 155 156 157 158 159 160 161 162 163 164 165 166 167 168 169 170 171 172 173 174 175 176 177 178 179 180 181 182 183 184 185 186 187 188 189 190 191 192 193 194 195 196 197 198 199 200 201 202 203 204 205 206 207 208 209 210 211 212 213 214 215 216 217 218 219 220 221 222 223 224 225 226 227 228 229 230 231 232 233 234 235 236 237 238 239 240 241 242 243 244 245 246 247 248 249 250 251 252 253 254 255 256 257 258 259 260 261 262 263 264 265 266 267 268 269 270 271 272 273 274 275 276 277 278 279 280 281 282 283 284 285 286 287 288 289 290 291 292 293 294 295 296 297 298 299 300 301 302 303 304 305 306 307 308 309 310 311 312 313 314 315 316 317 318 319 320 321 322 323 324 325 326 327 328 329 330 331 332 333 334 335 336 337 338 339 340 341 342 343 344 345 346 347 348 349 350 351 352 353 354 355 356 357 358 359 360 361 362 363 364 365 366 367 368 369 370 371 372 373 374 375 376 377 378 379 380 381 382 383 384 385 386 387 388 389 390 391 392 393 394 395 396 397 398 399 400 401 402 403 404 405 406 407 408 409 410 411 412 413 414 415 416 417 418 419 420 421 422 423 424 425 426 427 428 429 430 431 432 433 434 435 436 437 438 439 440 441 442 443 444 445 446 447 448 449 450 451 452 453 454 455 456 457 458 459 460 461 462 463 464 465 466 467 468 469 470 471 472 473 474 475 476 477 478 479 480 481 482 483 484 485 486 487 488 489 490 491 492 493 494 495 496 497 498 499 500 501 502 503 504 505 506 507 508 509 510 511 512 513 514 515 516 517 518 519 520 521 522 523 524 525 526 527 528 529 530 531 532 533 534 535 536 537 538 539 540 541 542 543 544 545 546 547 548 549 550 551 552 553 554 555 556 557 558 559 560 561 562 563 564 565 566 567 568 569 570 571 572 573 574 575 576 577 578 579 580 581 582 583 584 585 586 587 588 589 590 591 592 593 594 595 596 597 598 599 600 601 602 603 604 605 606 607 608 609 610 611 612 613 614 615 616 617 618 619 620 621 622 623 624 625 626 627 628 629 630 631 632 633 634 635 636 637 638 639 640 641 642 643 644 645 646 647 648 649 650 651 652 653 654 655 656 657 658 659 660 661 662 663 664 665 666 667 668 669 670 671 672 673 674 675 676 677 678 679 680 681 682 683 684 685 686 687 688 689 690 691 692 693 694 695 696 697 698 699 700 701 702 703 704 705 706 707 708 709 710 711 712 713 714 715 716 717 718 719 720 721 722 723 724 725 726 727 728 729 730 731 732 733 734 735 736 737 738 739 740 741 742 743 744 745 746 747 748 749 750 751 752 753 754 755 756 757 758 759 760 761 762 763 764 765 766 767 768 769 770 771 772 773 774 775 776 777 778 779 780 781 782 783 784 785 786 787 788 789 790 791 792 793 794 795 796 797 798 799 800 801 802 803 804 805 806 807 808 809 810 811 812 813 814 815 816 817 818 819 820 821 822 823 824 825 826 827 828 829 830 831 832 833 834 835 836 837 838 839 840 841 842 843 844 845 846 847 848 849 850 851 852 853 854 855 856 857 858 859 860 861 862 863 864 865 866 867 868 869 870 871 872 873 874 875 876 877 878 879 880 881 882 883 884 885 886 887 888 889 890 891 892 893 894 895 896 897 898 899 900 901 902 903 904 905 906 907 908 909 910 911 912 913 914 915 916 917 918 919 920 921 922 923 924 925 926 927 928 929 930 931 932 933 934 935 936 937 938 939 940 941 942 943 944 945 946 947 948 949 950 951 952 953 954 955 956 957 958 959 960 961 962 963 964 965 966 967 968 969 970 971 972 973 974 975 976 977 978 979 980 981 982 983 984 985 986 987 988 989 990 991 992 993 994 995 996 997 998 999 1000 1001 1002 1003 1004 1005 1006 1007 1008 1009 1010 1011 1012 1013 1014 1015 1016 1017 1018 1019 1020 1021 1022 1023 1024 1025 1026 1027 1028 1029 1030 1031 1032 1033 1034 1035 1036 1037 1038 1039 1040 1041 1042 1043 1044 1045 1046 1047 1048 1049 1050 1051 1052 1053 1054 1055 1056 1057 1058 1059 1060 1061 1062 1063 1064 1065 1066 1067 1068 1069 1070 1071 1072 1073 1074 1075 1076 1077 1078 1079 1080 1081 1082 1083 1084 1085 1086 1087 1088 1089 1090 1091 1092 1093 1094 1095 1096 1097 1098 1099 1100 1101 1102 1103 1104 1105 1106 1107 1108 1109 1110 1111 1112 1113 1114 1115 1116 1117 1118 1119 1120 1121 1122 1123 1124 1125 1126 1127 1128 1129 1130 1131 1132 1133 1134 1135 1136 1137 1138 1139 1140 1141 1142 1143 1144 1145 1146 1147 1148 1149 1150 1151 1152 1153 1154 1155 1156 1157 1158 1159 1160 1161 1162 1163 1164 1165 1166 1167 1168 1169 1170 1171 1172 1173 1174 1175 1176 1177 1178 1179 1180 1181 1182 1183 1184 1185 1186 1187 1188 1189 1190 1191 1192 1193 1194 1195 1196 1197 1198 1199 1200 1201 1202 1203 1204 1205 1206 1207 1208 1209 1210 1211 1212 1213 1214 1215 1216 1217 1218 1219 1220 1221 1222 1223 1224 1225 1226 1227 1228 1229 1230 1231 1232 1233 1234 1235 1236 1237 1238 1239 1240 1241 1242 1243 1244 1245 1246 1247 1248 1249 1250 1251 1252 1253 1254 1255 1256 1257 1258 1259 1260 1261 1262 1263 1264 1265 1266 1267 1268 1269 1270 1271 1272 1273 1274 1275 1276 1277 1278 1279 1280 1281 1282 1283 1284 1285 1286 1287 1288 1289 1290 1291 1292 1293 1294 1295 1296 1297 1298 1299 1300 1301 1302 1303 1304 1305 1306 1307 1308 1309 1310 1311 1312 1313 1314 1315 1316 1317 1318 1319 1320 1321 1322 1323 1324 1325 1326 1327 1328 1329 1330 1331 1332 1333 1334 1335 1336 1337 1338 1339 1340 1341 1342 1343 1344 1345 1346 1347 1348 1349 1350 1351 1352 1353 1354 1355 1356 1357 1358 1359 1360 1361 1362 1363 1364 1365 1366 1367 1368 1369 1370 1371 1372 1373 1374 1375 1376 1377 1378 1379 1380 1381 1382 1383 1384 1385 1386 1387 1388 1389 1390 1391 1392 1393 1394 1395 1396 1397 1398 1399 1400 1401 1402 1403 1404 1405 1406 1407 1408 1409 1410 1411 1412 1413 1414 1415 1416 1417 1418 1419 1420 1421 1422 1423 1424 1425 1426 1427 1428 1429 1430 1431 1432 1433 1434 1435 1436 1437 1438 1439 1440 1441 1442 1443 1444 1445 1446 1447 1448 1449 1450 1451 1452 1453 1454 1455 1456 1457 1458 1459 1460 1461 1462 1463 1464 1465 1466 1467 1468 1469 1470 1471 1472 1473 1474 1475 1476 1477 1478 1479 1480 1481 1482 1483 1484 1485 1486 1487 1488 1489 1490 1491 1492 1493 1494 1495 1496 1497 1498 1499 1500 1501 1502 1503 1504 1505 1506 1507 1508 1509 1510 1511 1512 1513 1514 1515 1516 1517 1518 1519 1520 1521 1522 1523 1524 1525 1526 1527 1528 1529 1530 1531 1532 1533 1534 1535 1536 1537 1538 1539 1540 1541 1542 1543 1544 1545 1546 1547 1548 1549 1550 1551 1552 1553 1554 1555 1556 1557 1558 1559 1560 1561 1562 1563 1564 1565 1566 1567 1568 1569 1570 1571 1572 1573 1574 1575 1576 1577 1578 1579 1580 1581 1582 1583 1584 1585 1586 1587 1588 1589 1590 1591 1592 1593 1594 1595 1596 1597 1598 1599 1600 1601 1602 1603 1604 1605 1606 1607 1608 1609 1610 1611 1612 1613 1614 1615 1616 1617 1618 1619 1620 1621 1622 1623 1624 1625 1626 1627 1628 1629 1630 1631 1632 1633 1634 1635 1636 1637 1638 1639 1640 1641 1642 1643 1644 1645 1646 1647 1648 1649 1650 1651 1652 1653 1654 1655 1656 1657 1658 1659 1660 1661 1662 1663 1664 1665 1666 1667 1668 1669 1670 1671 1672 1673 1674 1675 1676 1677 1678 1679 1680 1681 1682 1683 1684 1685 1686 1687 1688 1689 1690 1691 1692 1693 1694 1695 1696 1697 1698 1699 1700 1701 1702 1703 1704 1705 1706 1707 1708 1709 1710 1711 1712 1713 1714 1715 1716 1717 1718 1719 1720 1721 1722 1723 1724 1725 1726 1727 1728 1729 1730 1731 1732 1733 1734 1735 1736 1737 1738 1739 1740 1741 1742 1743 1744 1745 1746 1747 1748 1749 1750 1751 1752 1753 1754 1755 1756 1757 1758 1759 1760 1761 1762 1763 1764 1765 1766 1767 1768 1769 1770 1771 1772 1773 1774 1775 1776 1777 1778 1779 1780 1781 1782 1783 1784 1785 1786 1787 1788 1789 1790 1791 1792 1793 1794 1795 1796 1797 1798 1799 1800 1801 1802 1803 1804 1805 1806 1807 1808 1809 1810 1811 1812 1813 1814 1815 1816 1817 1818 1819 1820 1821 1822 1823 1824 1825 1826 1827 1828 1829 1830 1831 1832 1833 1834 1835 1836 1837 1838 1839 1840 1841 1842 1843 1844 1845 1846 1847 1848 1849 1850 1851 1852 1853 1854 1855 1856 1857 1858 1859 1860 1861 1862 1863 1864 1865 1866 1867 1868 1869 1870 1871 1872 1873 1874 1875 1876 1877 1878 1879 1880 1881 1882 1883 1884 1885 1886 1887 1888 1889 1890 1891 1892 1893 1894 1895 1896 1897 1898 1899 1900 1901 1902 1903 1904 1905 1906 1907 1908 1909 1910 1911 1912 1913 1914 1915 1916 1917 1918 1919 1920 1921 1922 1923 1924 1925 1926 1927 1928 1929 1930 1931 1932 1933 1934 1935 1936 1937 1938 1939 1940 1941 1942 1943 1944 1945 1946 1947 1948 1949 1950 1951 1952 1953 1954 1955 1956 1957 1958 1959 1960 1961 1962 1963 1964 1965 1966 1967 1968 1969 1970 1971 1972 1973 1974 1975 1976 1977 1978 1979 1980 1981 1982 1983 1984 1985 1986 1987 1988 1989 1990 1991 1992 1993 1994 1995 1996 1997 1998 1999 2000 2001 2002 2003 2004 2005 2006 2007 2008 2009 2010 2011 2012 2013 2014 2015 2016 2017 2018 2019 2020 2021 2022 2023 2024 2025 2026 2027 2028 2029 2030 2031 2032 2033 2034 2035 2036 2037 2038 2039 2040 2041 2042 2043 2044 2045 2046 2047 2048 2049 2050 2051 2052 2053 2054 2055 2056 2057 2058 2059 2060 2061 2062 2063 2064 2065 2066 2067 2068 2069 2070 2071 2072 2073 2074 2075 2076 2077 2078 2079 2080 2081 2082 2083 2084 2085 2086 2087 2088 2089 2090 2091 2092 2093 2094 2095 2096 2097 2098 2099 2100 2101 2102 2103 2104 2105 2106 2107 2108 2109 2110 2111 2112 2113 2114 2115 2116 2117 2118 2119 2120 2121 2122 2123 2124 2125 2126 2127 2128 2129 2130 2131 2132 2133 2134 2135 2136 2137 2138 2139 2140 2141 2142 2143 2144 2145 2146 2147 2148 2149 2150 2151 2152 2153 2154 2155 2156 2157 2158 2159 2160 2161 2162 2163 2164 2165 2166 2167 2168 2169 2170 2171 2172 2173 2174 2175 2176 2177 2178 2179 2180 2181 2182 2183 2184 2185 2186 2187 2188 2189 2190 2191 2192 2193 2194 2195 2196 2197 2198 2199 2200 2201 2202 2203 2204 2205 2206 2207 2208 2209 2210 2211 2212 2213 2214 2215 2216 2217 2218 2219 2220 2221 2222 2223 2224 2225 2226 2227 2228 2229 2230 2231 2232 2233 2234 2235 2236 2237 2238 2239 2240 2241 2242 2243 2244 2245 2246 2247 2248 2249 2250 2251 2252 2253 2254 2255 2256 2257 2258 2259 2260 2261 2262 2263 2264 2265 2266 2267 2268 2269 2270 2271 2272 2273 2274 2275 2276 2277 2278 2279 2280 2281 2282 2283 2284 2285 2286 2287 2288 2289 2290 2291 2292 2293 2294 2295 2296 2297 2298 2299 2300 2301 2302 2303 2304 2305 2306 2307 2308 2309 2310 2311 2312 2313 2314 2315 2316 2317 2318 2319 2320 2321 2322 2323 2324 2325 2326 2327 2328 2329 2330 2331 2332 2333 2334 2335 2336 2337 2338 2339 2340 2341 2342 2343 2344 2345 2346 2347 2348 2349 2350 2351 2352 2353 2354 2355 2356 2357 2358 2359 2360 2361 2362 2363 2364 2365 2366 2367 2368 2369 2370 2371 2372 2373 2374 2375 2376 2377 2378 2379 2380 2381 2382 2383 2384 2385 2386 2387 2388 2389 2390 2391 2392 2393 2394 2395 2396 2397 2398 2399 2400 2401 2402 2403 2404 2405 2406 2407 2408 2409 2410 2411 2412 2413 2414 2415 2416 2417 2418 2419 2420 2421 2422 2423 2424 2425 2426 2427 2428 2429 2430 2431 2432 2433 2434 2435 2436 2437 2438 2439 2440 2441 2442 2443 2444 2445 2446 2447 2448 2449 2450 2451 2452 2453 2454 2455 2456 2457 2458 2459 2460 2461 2462 2463 2464 2465 2466 2467 2468 2469 2470 2471 2472 2473 2474 2475 2476 2477 2478 2479 2480 2481 2482 2483 2484 2485 2486 2487 2488 2489 2490 2491 2492 2493 2494 2495 2496 2497 2498 2499 2500 2501 2502 2503 2504 2505 2506 2507 2508 2509 2510 2511 2512 2513 2514 2515 2516 2517 2518 2519 2520 2521 2522 2523 2524 2525 2526 2527 2528 2529 2530 2531 2532 2533 2534 2535 2536 2537 2538 2539 2540 2541 2542 2543 2544 2545 2546 2547 2548 2549 2550 2551 2552 2553 2554 2555 2556 2557 2558 2559 2560 2561 2562 2563 2564 2565 2566 2567 2568 2569 2570 2571 2572 2573 2574 2575 2576 2577 2578 2579 2580 2581 2582 2583 2584 2585 2586 2587 2588 2589 2590 2591 2592 2593 2594 2595 2596 2597 2598 2599 2600 2601 2602 2603 2604 2605 2606 2607 2608 2609 2610 2611 2612 2613 2614 2615 2616 2617 2618 2619 2620 2621 2622 2623 2624 2625 2626 2627 2628 2629 2630 2631 2632 2633 2634 2635 2636 2637 2638 2639 2640 2641 2642 2643 2644 2645 2646 2647 2648 2649 2650 2651 2652 2653 2654 2655 2656 2657 2658 2659 2660 2661 2662 2663 2664 2665 2666 2667 2668 2669 2670 2671 2672 2673 2674 2675 2676 2677 2678 2679 2680 2681 2682 2683 2684 2685 2686 2687 2688 2689 2690 2691 2692 2693 2694 2695 2696 2697 2698 2699 2700 2701 2702 2703 2704 2705 2706 2707 2708 2709 2710 2711 2712 2713 2714 2715 2716 2717 2718 2719 2720 2721 2722 2723 2724 2725 2726 2727 2728 2729 2730 2731 2732 2733 2734 2735 2736 2737 2738 2739 2740 2741 2742 2743 2744 2745 2746 2747 2748 2749 2750 2751 2752 2753 2754 2755 2756 2757 2758 2759 2760 2761 2762 2763 2764 2765 2766 2767 2768 2769 2770 2771 2772 2773 2774 2775 2776 2777 2778 2779 2780 2781 2782 2783 2784 2785 2786 2787 2788 2789 2790 2791 2792 2793 2794 2795 2796 2797 2798 2799 2800 2801 2802 2803 2804 2805 2806 2807 2808 2809 2810 2811 2812 2813 2814 2815 2816 2817 2818 2819 2820 2821 2822 2823 2824 2825 2826 2827 2828 2829 2830 2831 2832 2833 2834 2835 2836 2837 2838 2839 2840 2841 2842 2843 2844 2845 2846 2847 2848 2849 2850 2851 2852 2853 2854 2855 2856 2857 2858 2859 2860 2861 2862 2863 2864 2865 2866 2867 2868 2869 2870 2871 2872 2873 2874 2875 2876 2877 2878 2879 2880 2881 2882 2883 2884 2885 2886 2887 2888 2889 2890 2891 2892 2893 2894 2895 2896 2897 2898 2899 2900 2901 2902 2903 2904 2905 2906 2907 2908 2909 2910 2911 2912 2913 2914 2915 2916 2917 2918 2919 2920 2921 2922 2923 2924 2925 2926 2927 2928 2929 2930 2931 2932 2933 2934 2935 2936 2937 2938 2939 2940 2941 2942 2943 2944 2945 2946 2947 2948 2949 2950 2951 2952 2953 2954 2955 2956 2957 2958 2959 2960 2961 2962 2963 2964 2965 2966 2967 2968 2969 2970 2971 2972 2973 2974 2975 2976 2977 2978 2979 2980 2981 2982 2983 2984 2985 2986 2987 2988 2989 2990 2991 2992 2993 2994 2995 2996 2997 2998 2999 3000 3001 3002 3003 3004 3005 3006 3007 3008 3009 3010 3011 3012 3013 3014 3015 3016 3017 3018 3019 3020 3021 3022 3023 3024 3025 3026 3027 3028 3029 3030 3031 3032 3033 3034 3035 3036 3037 3038 3039 3040 3041 3042 3043 3044 3045 3046 3047 3048 3049 3050 3051 3052 3053 3054 3055 3056 3057 3058 3059 3060 3061 3062 3063 3064 3065 3066 3067 3068 3069 3070 3071 3072 3073 3074 3075 3076 3077 3078 3079 3080 3081 3082 3083 3084 3085 3086 3087 3088 3089 3090 3091 3092 3093 3094 3095 3096 3097 3098 3099 3100 3101 3102 3103 3104 3105 3106 3107 3108 3109 3110 3111 3112 3113 3114 3115 3116 3117 3118 3119 3120 3121 3122 3123 3124 3125 3126 3127 3128 3129 3130 3131 3132 3133 3134 3135 3136 3137 3138 3139 3140 3141 3142 3143 3144 3145 3146 3147 3148 3149 3150 3151 3152 3153 3154 3155 3156 3157 3158 3159 3160 3161 3162 3163 3164 3165 3166 3167 3168 3169 3170 3171 3172 3173 3174 3175 3176 3177 3178 3179 3180 3181 3182 3183 3184 3185 3186 3187 3188 3189 3190 3191 3192 3193 3194 3195 3196 3197 3198 3199 3200 3201 3202 3203 3204 3205 3206 3207 3208 3209 3210 3211 3212 3213 3214 3215 3216 3217 3218 3219 3220 3221 3222 3223 3224 3225 3226 3227 3228 3229 3230 3231 3232 3233 3234 3235 3236 3237 3238 3239 3240 3241 3242 3243 3244 3245 3246 3247 3248 3249 3250 3251 3252 3253 3254 3255 3256 3257 3258 3259 3260 3261 3262 3263 3264 3265 3266 3267 3268 3269 3270 3271 3272 3273 3274 3275 3276 3277 3278 3279 3280 3281 3282 3283 3284 3285 3286 3287 3288 3289 3290 3291 3292 3293 3294 3295 3296 3297 3298 3299 3300 3301 3302 3303 3304 3305 3306 3307 3308 3309 3310 3311 3312 3313 3314 3315 3316 3317 3318 3319 3320 3321 3322 3323 3324 3325 3326 3327 3328 3329 3330 3331 3332 3333 3334 3335 3336 3337 3338 3339 3340 3341 3342 3343 3344 3345 3346 3347 3348 3349 3350 3351 3352 3353 3354 3355 3356 3357 3358 3359 3360 3361 3362 3363 3364 3365 3366 3367 3368 3369 3370 3371 3372 3373 3374 3375 3376 3377 3378 3379 3380 3381 3382 3383 3384 3385 3386 3387 3388 3389 3390 3391 3392 3393 3394 3395 3396 3397 3398 3399 3400 3401 3402 3403 3404 3405 3406 3407 3408 3409 3410 3411 3412 3413 3414 3415 3416 3417 3418 3419 3420 3421 3422 3423 3424 3425 3426 3427 3428 3429 3430 3431 3432 3433 3434 3435 3436 3437 3438 3439 3440 3441 3442 3443 3444 3445 3446 3447 3448 3449 3450 3451 3452 3453 3454 3455 3456 3457 3458 3459 3460 3461 3462 3463 3464 3465 3466 3467 3468 3469 3470 3471 3472 3473 3474 3475 3476 3477 3478 3479 3480 3481 3482 3483 3484 3485 3486 3487 3488 3489 3490 3491 3492 3493 3494 3495 3496 3497 3498 3499 3500 3501 3502 3503 3504 3505 3506 3507 3508 3509 3510 3511 3512 3513 3514 3515 3516 3517 3518 3519 3520 3521 3522 3523 3524 3525 3526 3527 3528 3529 3530 3531 3532 3533 3534 3535 3536 3537 3538 3539 3540 3541 3542 3543 3544 3545 3546 3547 3548 3549 3550 3551 3552 3553 3554 3555 3556 3557 3558 3559 3560 3561 3562 3563 3564 3565 3566 3567 3568 3569 3570 3571 3572 3573 3574 3575 3576 3577 3578 3579 3580 3581 3582 3583 3584 3585 3586 3587 3588 3589 3590 3591 3592 3593 3594 3595 3596 3597 3598 3599 3600 3601 3602 3603 3604 3605 3606 3607 3608 3609 3610 3611 3612 3613 3614 3615 3616 3617 3618 3619 3620 3621 3622 3623 3624 3625 3626 3627 3628 3629 3630 3631 3632 3633 3634 3635 3636 3637 3638 3639 3640 3641 3642 3643 3644 3645 3646 3647 3648 3649 3650 3651 3652 3653 3654 3655 3656 3657 3658 3659 3660 3661 3662 3663 3664 3665 3666 3667 3668 3669 3670 3671 3672 3673 3674 3675 3676 3677 3678 3679 3680 3681 3682 3683 3684 3685 3686 3687 3688 3689 3690 3691 3692 3693 3694 3695 3696 3697 3698 3699 3700 3701 3702 3703 3704 3705 3706 3707 3708 3709 3710 3711 3712 3713 3714 3715 3716 3717 3718 3719 3720 3721 3722 3723 3724 3725 3726 3727 3728 3729 3730 3731 3732 3733 3734 3735 3736 3737 3738 3739 3740 3741 3742 3743 3744 3745 3746 3747 3748 3749 3750 3751 3752 3753 3754 3755 3756 3757 3758 3759 3760 3761 3762 3763 3764 3765 3766 3767 3768 3769 3770 3771 3772 3773 3774 3775 3776 3777 3778 3779 3780 3781 3782 3783 3784 3785 3786 3787 3788 3789 3790 3791 3792 3793 3794 3795 3796 3797 3798 3799 3800 3801 3802 3803 3804 3805 3806 3807 3808 3809 3810 3811 3812 3813 3814 3815 3816 3817 3818 3819 3820 3821 3822 3823 3824 3825 3826 3827 3828 3829 3830 3831 3832 3833 3834 3835 3836 3837 3838 3839 3840 3841 3842 3843 3844 3845 3846 3847 3848 3849 3850 3851 3852 3853 3854 3855 3856 3857 3858 3859 3860 3861 3862 3863 3864 3865 3866 3867 3868 3869 3870 3871 3872 3873 3874 3875 3876 3877 3878 3879 3880 3881 3882 3883 3884 3885 3886 3887 3888 3889 3890 3891 3892 3893 3894 3895 3896 3897 3898 3899 3900 3901 3902 3903 3904 3905 3906 3907 3908 3909 3910 3911 3912 3913 3914 3915 3916 3917 3918 3919 3920 3921 3922 3923 3924 3925 3926 3927 3928 3929 3930 3931 3932 3933 3934 3935 3936 3937 3938 3939 3940 3941 3942 3943 3944 3945 3946 3947 3948 3949 3950 3951 3952 3953 3954 3955 3956 3957 3958 3959 3960 3961 3962 3963 3964 3965 3966 3967 3968 3969 3970 3971 3972 3973 3974 3975 3976 3977 3978 3979 3980 3981 3982 3983 3984 3985 3986 3987 3988 3989 3990 3991 3992 3993 3994 3995 3996 3997 3998 3999 4000 4001 4002 4003 4004 4005 4006 4007 4008 4009 4010 4011 4012 4013 4014 4015 4016 4017 4018 4019 4020 4021 4022 4023 4024 4025 4026 4027 4028 4029 4030 4031 4032 4033 4034 4035 4036 4037 4038 4039 4040 4041 4042 4043 4044 4045 4046 4047 4048 4049 4050 4051 4052 4053 4054 4055 4056 4057 4058 4059 4060 4061 4062 4063 4064 4065 4066 4067 4068 4069 4070 4071 4072 4073 4074 4075 4076 4077 4078 4079 4080 4081 4082 4083 4084 4085 4086 4087 4088 4089 4090 4091 4092 4093 4094 4095 4096 4097 4098 4099 4100 4101 4102 4103 4104 4105 4106 4107 4108 4109 4110 4111 4112 4113 4114 4115 4116 4117 4118 4119 4120 4121 4122 4123 4124 4125 4126 4127 4128 4129 4130 4131 4132 4133 4134 4135 4136 4137 4138 4139 4140 4141 4142 4143 4144 4145 4146 4147 4148 4149 4150 4151 4152 4153 4154 4155 4156 4157 4158 4159 4160 4161 4162 4163 4164 4165 4166 4167 4168 4169 4170 4171 4172 4173 4174 4175 4176 4177 4178 4179 4180 4181 4182 4183 4184 4185 4186 4187 4188 4189 4190 4191 4192 4193 4194 4195 4196 4197 4198 4199 4200 4201 4202 4203 4204 4205 4206 4207 4208 4209 4210 4211 4212 4213 4214 4215 4216 4217 4218 4219 4220 4221 4222 4223 4224 4225 4226 4227 4228 4229 4230 4231 4232 4233 4234 4235 4236 4237 4238 4239 4240 4241 4242 4243 4244 4245 4246 4247 4248 4249 4250 4251 4252 4253</DataArray>
<DataArray type="Int64" Name="offsets" format="ascii">2 4 6 8 10 12 14 16 18 20 22 24 26 28 30 32 34 36 38 40 42 44 46 48 50 52 54 56 58 60 62 64 66 68 70 72 74 76 78 80 82 84 86 88 90 92 94 96 98 100 102 104 106 108 110 112 114 116 118 120 122 124 126 128 130 132 134 136 138 140 142 144 146 148 150 152 154 156 158 160 162 164 166 168 170 172 174 176 178 180 182 184 186 188 190 192 194 196 198 200 202 204 206 208 210 212 214 216 218 220 222 224 226 228 230 232 234 236 238 240 242 244 246 248 250 252 254 256 258 260 262 264 266 268 270 272 274 276 278 280 282 284 286 288 290 292 294 296 298 300 302 304 306 308 310 312 314 316 318 320 322 324 326 328 330 332 334 336 338 340 342 344 346 348 350 352 354 356 358 360 362 364 366 368 370 372 374 376 378 380 382 384 386 388 390 392 394 396 398 400 402 404 406 408 410 412 414 416 418 420 422 424 426 428 430 432 434 436 438 440 442 444 446 448 450 452 454 456 458 460 462 464 466 468 470 472 474 476 478 480 482 484 486 488 490 492 494 496 498 500 502 504 506 508 510 512 514 516 518 520 522 524 526 528 530 532 534 536 538 540 542 544 546 548 550 552 554 556 558 560 562 564 566 568 570 572 574 576 578 580 582 584 586 588 590 592 594 596 598 600 602 604 606 608 610 612 614 616 618 620 622 624 626 628 630 632 634 636 638 640 642 644 646 648 650 652 654 656 658 660 662 664 666 668 670 672 674 676 678 680 682 684 686 688 690 692 694 696 698 700 702 704 706 708 710 712 714 716 718 720 722 724 726 728 730 732 734 736 738 740 742 744 746 748 750 752 754 756 758 760 762 764 766 768 770 772 774 776 778 780 782 784 786 788 790 792 794 796 798 800 802 804 806 808 810 812 814 816 818 820 822 824 826 828 830 832 834 836 838 840 842 844 846 848 850 852 854 856 858 860 862 864 866 868 870 872 874 876 878 880 882 884 886 888 890 892 894 896 898 900 902 904 906 908 910 912 914 916 918 920 922 924 926 928 930 932 934 936 938 940 942 944 946 948 950 952 954 956 958 960 962 964 966 968 970 972 974 976 978 980 982 984 986 988 990 992 994 996 998 1000 1002 1004 1006 1008 1010 1012 1014 1016 1018 1020 1022 1024 1026 1028 1030 1032 1034 1036 1038 1040 1042 1044 1046 1048 1050 1052 1054 1056 1058 1060 1062 1064 1066 1068 1070 1072 1074 1076 1078 1080 1082 1084 1086 1088 1090 1092 1094 1096 1098 1100 1102 1104 1106 1108 1110 1112 1114 1116 1118 1120 1122 1124 1126 1128 1130 1132 1134 1136 1138 1140 1142 1144 1146 1148 1150 1152 1154 1156 1158 1160 1162 1164 1166 1168 1170 1172 1174 1176 1178 1180 1182 1184 1186 1188 1190 1192 1194 1196 1198 1200 1202 1204 1206 1208 1210 1212 1214 1216 1218 1220 1222 1224 1226 1228 1230 1232 1234 1236 1238 1240 1242 1244 1246 1248 1250 1252 1254 1256 1258 1260 1262 1264 1266 1268 1270 1272 1274 1276 1278 1280 1282 1284 1286 1288 1290 1292 1294 1296 1298 1300 1302 1304 1306 1308 1310 1312 1314 1316 1318 1320 1322 1324 1326 1328 1330 1332 1334 1336 1338 1340 1342 1344 1346 1348 1350 1352 1354 1356 1358 1360 1362 1364 1366 1368 1370 1372 1374 1376 1378 1380 1382 1384 1386 1388 1390 1392 1394 1396 1398 1400 1402 1404 1406 1408 1410 1412 1414 1416 1418 1420 1422 1424 1426 1428 1430 1432 1434 1436 1438 1440 1442 1444 1446 1448 1450 1452 1454 1456 1458 1460 1462 1464 1466 1468 1470 1472 1474 1476 1478 1480 1482 1484 1486 1488 1490 1492 1494 1496 1498 1500 1502 1504 1506 1508 1510 1512 1514 1516 1518 1520 1522 1524 1526 1528 1530 1532 1534 1536 1538 1540 1542 1544 1546 1548 1550 1552 1554 1556 1558 1560 1562 1564 1566 1568 1570 1572 1574 1576 1578 1580 1582 1584 1586 1588 1590 1592 1594 1596 1598 1600 1602 1604 1606 1608 1610 1612 1614 1616 1618 1620 1622 1624 1626 1628 1630 1632 1634 1636 1638 1640 1642 1644 1646 1648 1650 1652 1654 1656 1658 1660 1662 1664 1666 1668 1670 1672 1674 1676 1678 1680 1682 1684 1686 1688 1690 1692 1694 1696 1698 1700 1702 1704 1706 1708 1710 1712 1714 1716 1718 1720 1722 1724 1726 1728 1730 1732 1734 1736 1738 1740 1742 1744 1746 1748 1750 1752 1754 1756 1758 1760 1762 1764 1766 1768 1770 1772 1774 1776 1778 1780 1782 1784 1786 1788 1790 1792 1794 1796 1798 1800 1802 1804 1806 1808 1810 1812 1814 1816 1818 1820 1822 1824 1826 1828 1830 1832 1834 1836 1838 1840 1842 1844 1846 1848 1850 1852 1854 1856 1858 1860 1862 1864 1866 1868 1870 1872 1874 1876 1878 1880 1882 1884 1886 1888 1890 1892 1894 1896 1898 1900 1902 1904 1906 1908 1910 1912 1914 1916 1918 1920 1922 1924 1926 1928 1930 1932 1934 1936 1938 1940 1942 1944 1946 1948 1950 1952 1954 1956 1958 1960 1962 1964 1966 1968 1970 1972 1974 1976 1978 1980 1982 1984 1986 1988 1990 1992 1994 1996 1998 2000 2002 2004 2006 2008 2010 2012 2014 2016 2018 2020 2022 2024 2026 2028 2030 2032 2034 2036 2038 2040 2042 2044 2046 2048 2050 2052 2054 2056 2058 2060 2062 2064 2066 2068 2070 2072 2074 2076 2078 2080 2082 2084 2086 2088 2090 2092 2094 2096 2098 2100 2102 2104 2106 2108 2110 2112 2114 2116 2118 2120 2122 2124 2126 2128 2130 2132 2134 2136 2138 2140 2142 2144 2146 2148 2150 2152 2154 2156 2158 2160 2162 2164 2166 2168 2170 2172 2174 2176 2178 2180 2182 2184 2186 2188 2190 2192 2194 2196 2198 2200 2202 2204 2206 2208 2210 2212 2214 2216 2218 2220 2222 2224 2226 2228 2230 2232 2234 2236 2238 2240 2242 2244 2246 2248 2250 2252 2254 2256 2258 2260 2262 2264 2266 2268 2270 2272 2274 2276 2278 2280 2282 2284 2286 2288 2290 2292 2294 2296 2298 2300 2302 2304 2306 2308 2310 2312 2314 2316 2318 2320 2322 2324 2326 2328 2330 2332 2334 2336 2338 2340 2342 2344 2346 2348 2350 2352 2354 2356 2358 2360 2362 2364 2366 2368 2370 2372 2374 2376 2378 2380 2382 2384 2386 2388 2390 2392 2394 2396 2398 2400 2402 2404 2406 2408 2410 2412 2414 2416 2418 2420 2422 2424 2426 2428 2430 2432 2434 2436 2438 2440 2442 2444 2446 2448 2450 2452 2454 2456 2458 2460 2462 2464 2466 2468 2470 2472 2474 2476 2478 2480 2482 2484 2486 2488 2490 2492 2494 2496 2498 2500 2502 2504 2506 2508 2510 2512 2514 2516 2518 2520 2522 2524 2526 2528 2530 2532 2534 2536 2538 2540 2542 2544 2546 2548 2550 2552 2554 2556 2558 2560 2562 2564 2566 2568 2570 2572 2574 2576 2578 2580 2582 2584 2586 2588 2590 2592 2594 2596 2598 2600 2602 2604 2606 2608 2610 2612 2614 2616 2618 2620 2622 2624 2626 2628 2630 2632 2634 2636 2638 2640 2642 2644 2646 2648 2650 2652 2654 2656 2658 2660 2662 2664 2666 2668 2670 2672 2674 2676 2678 2680 2682 2684 2686 2688 2690 2692 2694 2696 2698 2700 2702 2704 2706 2708 2710 2712 2714 2716 2718 2720 2722 2724 2726 2728 2730 2732 2734 2736 2738 2740 2742 2744 2746 2748 2750 2752 2754 2756 2758 2760 2762 2764 2766 2768 2770 2772 2774 2776 2778 2780 2782 2784 2786 2788 2790 2792 2794 2796 2798 2800 2802 2804 2806 2808 2810 2812 2814 2816 2818 2820 2822 2824 2826 2828 2830 2832 2834 2836 2838 2840 2842 2844 2846 2848 2850 2852 2854 2856 2858 2860 2862 2864 2866 2868 2870 2872 2874 2876 2878 2880 2882 2884 2886 2888 2890 2892 2894 2896 2898 2900 2902 2904 2906 2908 2910 2912 2914 2916 2918 2920 2922 2924 2926 2928 2930 2932 2934 2936 2938 2940 2942 2944 2946 2948 2950 2952 2954 2956 2958 2960 2962 2964 2966 2968 2970 2972 2974 2976 2978 2980 2982 2984 2986 2988 2990 2992 2994 2996 2998 3000 3002 3004 3006 3008 3010 3012 3014 3016 3018 3020 3022 3024 3026 3028 3030 3032 3034 3036 3038 3040 3042 3044 3046 3048 3050 3052 3054 3056 3058 3060 3062 3064 3066 3068 3070 3072 3074 3076 3078 3080 3082 3084 3086 3088 3090 3092 3094 3096 3098 3100 3102 3104 3106 3108 3110 3112 3114 3116 3118 3120 3122 3124 3126 3128 3130 3132 3134 3136 3138 3140 3142 3144 3146 3148 3150 3152 3154 3156 3158 3160 3162 3164 3166 3168 3170 3172 3174 3176 3178 3180 3182 3184 3186 3188 3190 3192 3194 3196 3198 3200 3202 3204 3206 3208 3210 3212 3214 3216 3218 3220 3222 3224 3226 3228 3230 3232 3234 3236 3238 3240 3242 3244 3246 3248 3250 3252 3254 3256 3258 3260 3262 3264 3266 3268 3270 3272 3274 3276 3278 3280 3282 3284 3286 3288 3290 3292 3294 3296 3298 3300 3302 3304 3306 3308 3310 3312 3314 3316 3318 3320 3322 3324 3326 3328 3330 3332 3334 3336 3338 3340 3342 3344 3346 3348 3350 3352 3354 3356 3358 3360 3362 3364 3366 3368 3370 3372 3374 3376 3378 3380 3382 3384 3386 3388 3390 3392 3394 3396 3398 3400 3402 3404 3406 3408 3410 3412 3414 3416 3418 3420 3422 3424 3426 3428 3430 3432 3434 3436 3438 3440 3442 3444 3446 3448 3450 3452 3454 3456 3458 3460 3462 3464 3466 3468 3470 3472 3474 3476 3478 3480 3482 3484 3486 3488 3490 3492 3494 3496 3498 3500 3502 3504 3506 3508 3510 3512 3514 3516 3518 3520 3522 3524 3526 3528 3530 3532 3534 3536 3538 3540 3542 3544 3546 3548 3550 3552 3554 3556 3558 3560 3562 3564 3566 3568 3570 3572 3574 3576 3578 3580 3582 3584 3586 3588 3590 3592 3594 3596 3598 3600 3602 3604 3606 3608 3610 3612 3614 3616 3618 3620 3622 3624 3626 3628 3630 3632 3634 3636 3638 3640 3642 3644 3646 3648 3650 3652 3654 3656 3658 3660 3662 3664 3666 3668 3670 3672 3674 3676 3678 3680 3682 3684 3686 3688 3690 3692 3694 3696 3698 3700 3702 3704 3706 3708 3710 3712 3714 3716 3718 3720 3722 3724 3726 3728 3730 3732 3734 3736 3738 3740 3742 3744 3746 3748 3750 3752 3754 3756 3758 3760 3762 3764 3766 3768 3770 3772 3774 3776 3778 3780 3782 3784 3786 3788 3790 3792 3794 3796 3798 3800 3802 3804 3806 3808 3810 3812 3814 3816 3818 3820 3822 3824 3826 3828 3830 3832 3834 3836 3838 3840 3842 3844 3846 3848 3850 3852 3854 3856 3858 3860 3862 3864 3866 3868 3870 3872 3874 3876 3878 3880 3882 3884 3886 3888 3890 3892 3894 3896 3898 3900 3902 3904 3906 3908 3910 3912 3914 3916 3918 3920 3922 3924 3926 3928 3930 3932 3934 3936 3938 3940 3942 3944 3946 3948 3950 3952 3954 3956 3958 3960 3962 3964 3966 3968 3970 3972 3974 3976 3978 3980 3982 3984 3986 3988 3990 3992 3994 3996 3998 4000 4002 4004 4006 4008 4010 4012 4014 4016 4018 4020 4022 4024 4026 4028 4030 4032 4034 4036 4038 4040 4042 4044 4046 4048 4050 4052 4054 4056 4058 4060 4062 4064 4066 4068 4070 4072 4074 4076 4078 4080 4082 4084 4086 4088 4090 4092 4094 4096 4098 4100 4102 4104 4106 4108 4110 4112 4114 4116 4118 4120 4122 4124 4126 4128 4130 4132 4134 4136 4138 4140 4142 4144 4146 4148 4150 4152 4154 4156 4158 4160 4162 4164 4166 4168 4170 4172 4174 4176 4178 4180 4182 4184 4186 4188 4190 4192 4194 4196 4198 4200 4202 4204 4206 4208 4210 4212 4214 4216 4218 4220 4222 4224 4226 4228 4230 4232 4234 4236 4238 4240 4242 4244 4246 4248 4250 4252 4254</DataArray>
</Lines></Piece></PolyData></VTKFile>