<?xml version="1.0"?>
<VTKFile type="PolyData" version="0.1" byte_order="LittleEndian">
<PolyData>
<Piece NumberOfPoints="2650" NumberOfVerts="0" NumberOfLines="1325" NumberOfStrips="0" NumberOfPolys="0">
<CellData>
<DataArray type="Int32" Name="edge_kind" format="ascii">0 0 0 0 0 0 0 0 0 0 0 0 0 0 0 0 0 0 0 0 0 0 0 0 0 0 0 0 0 0 0 0 0 0 0 0 0 0 0 0 0 0 0 0 0 0 0 0 0 0 0 0 0 0 0 0 0 0 0 0 0 0 0 0 0 0 0 0 0 0 0 0 0 0 0 0 0 0 0 0 0 0 0 0 0 0 0 0 0 0 0 0 0 0 0 0 0 0 0 0 0 0 0 0 0 0 0 0 0 0 0 0 0 0 0 0 0 0 0 0 0 0 0 0 0 0 0 0 0 0 0 0 0 0 0 0 0 0 0 0 0 0 0 0 0 0 0 0 0 0 0 0 0 0 0 0 0 0 0 0 0 0 0 0 0 0 0 0 0 0 0 0 0 0 0 0 0 0 0 0 0 0 0 0 0 0 0 0 0 0 0 0 0 0 0 0 0 0 0 0 0 0 0 0 0 0 0 0 0 0 0 0 0 0 0 0 0 0 0 0 0 0 0 0 0 0 0 0 0 0 0 0 0 0 0 0 0 0 0 0 0 0 0 0 0 0 0 0 0 0 0 0 0 0 0 0 0 0 0 0 0 0 0 0 0 0 0 0 0 0 0 0 0 0 0 0 0 0 0 0 0 0 0 0 0 0 0 0 0 0 0 0 0 0 0 0 0 0 0 0 0 0 0 0 0 0 0 0 0 0 0 0 0 0 0 0 0 0 0 0 0 0 0 0 0 0 0 0 0 0 0 0 0 0 0 0 0 0 0 0 0 0 0 0 0 0 0 0 0 0 0 0 0 0 0 0 0 0 0 0 0 0 0 0 0 0 0 0 0 0 0 0 0 0 0 0 0 0 0 0 0 0 0 0 0 0 0 0 0 0 0 0 0 0 0 0 0 0 0 0 0 0 0 0 0 0 0 0 0 0 0 0 0 0 0 0 0 0 0 0 0 0 0 0 0 0 0 0 0 0 0 0 0 0 0 0 0 0 0 0 0 0 0 0 0 0 0 0 0 0 0 0 0 0 0 0 0 0 0 0 0 0 0 0 0 0 0 0 0 0 0 0 0 0 0 0 0 0 0 0 0 0 0 0 0 0 0 0 0 0 0 0 0 0 0 0 0 0 0 0 0 0 0 0 0 0 0 0 0 0 0 0 0 0 0 0 0 0 0 0 0 0 0 0 0 0 0 0 0 0 0 0 0 0 0 0 0 0 0 0 0 0 0 0 0 0 0 0 0 0 0 0 0 0 0 0 0 0 0 0 0 0 0 0 0 0 0 0 0 0 0 0 0 0 0 0 0 0 0 0 0 0 0 0 0 0 0 0 0 0 0 0 0 0 0 0 0 0 0 0 0 0 0 0 0 0 0 0 0 0 0 0 0 0 0 0 0 0 0 0 0 0 0 0 0 0 0 0 0 0 0 0 0 0 0 0 0 0 0 0 0 0 0 0 0 0 0 0 0 0 0 0 0 0 0 0 0 0 0 0 0 0 0 0 0 0 0 0 0 0 0 0 0 0 0 0 0 0 0 0 0 0 0 0 0 0 0 0 0 0 0 0 0 0 0 0 0 0 0 0 0 0 0 0 0 0 0 0 0 0 0 0 0 0 0 0 0 0 0 0 0 0 0 0 0 0 0 0 0 0 0 0 0 0 0 0 0 0 0 0 0 0 0 0 0 0 0 0 0 0 0 0 0 0 0 0 0 0 0 0 0 0 0 0 0 0 0 0 0 0 0 0 0 0 0 0 0 0 0 0 0 0 0 0 0 0 0 0 0 0 0 0 0 0 0 0 0 0 0 0 0 0 0 0 0 0 0 0 0 0 0 0 0 0 0 0 0 0 0 0 0 0 0 0 0 0 0 0 0 0 0 0 0 0 0 0 0 0 0 0 0 0 0 0 0 0 0 0 0 0 0 0 0 0 0 0 0 0 0 0 0 0 0 0 0 0 0 0 0 0 0 0 0 0 0 0 0 0 0 0 0 0 0 0 0 0 0 0 0 0 0 0 0 0 0 0 0 0 0 0 0 0 0 0 0 0 0 0 0 0 0 0 0 0 0 0 0 0 0 0 0 0 0 0 0 0 0 0 0 0 0 0 0 0 0 0 0 0 0 0 0 0 0 0 0 0 0 0 0 0 0 0 0 0 0 0 0 0 0 0 0 0 0 0 0 0 0 0 0 0 0 0 0 0 0 0 0 0 0 0 0 0 0 0 0 0 0 0 0 0 0 0 0 0 0 0 0 0 0 0 0 0 0 0 0 0 0 0 0 0 0 0 0 0 0 0 0 0 0 0 0 0 0 0 0 0 0 0 0 0 0 0 0 0 0 0 0 0 0 0 0 0 0 0 0 0 0 0 0 0 0 0 0 0 0 0 0 0 0 0 0 0 0 0 0 0 0 0 0 0 0 0 0 0 0 0 0 0 0 0 0 0 0 0 0 0 0 0 0 0 0 0 0 0 0 0 0 0 0 0 0 0 0 0 0 0 0 0 0 0 0 0 0 0 0 0 0 0 0 0 0 0 0 0 0 0 0 0 0 0 0 0 0 0 0 0 0 0 0 0 0 0 0 0 0 0 0 0 0 0 0 0 0 0 0 0 0 0 0 0 0 0 0 0 0 0 0 0 0 0 0 0 0 0 0 0 0 0 0 0 0 0 0 0 0 0 0 0 0 0 0 0 0 0 0 0 0 0 0 0 0 0 0 0 0 0 0 0 0 0 0 0 0 0 0 0 0 0 0 0 0 0 0 0 0 0 0 0 0 0 0 0 0 0 0 0 0 0 0 0 0 0 0 0 0 0 0 0 0 0 0 0 0 0 0 0 0 0 0 0 0 0 0 0 0 0 0 0 0 0 0 0 0 0 0 0 0 0 0 0 0 0 0 0 0 0 0 0 0 0 0 0 0 0 0 0 0 0 0 0 0 0 0 0 0 0 0 0 0 0 0 0 0 0 0 0 0 0 0 0 0 0 0 0 0</DataArray>
<DataArray type="Float64" Name="conductance" format="ascii">0.00010040218357290787 1.0751568433309628e-06 0.00011677907895053922 0.0002529100376338886 0.00024946113279873265 0.0001619788651472715 0.00024991645402902606 1.1991411026176557e-06 0.00013489030853995905 0.00022261714627608747 8.331451382540522e-05 0.00011601859176096025 0.0001706897894967924 0.0001677335427227847 0.00022188142848329173 0.00022001840295093105 0.0001405919470944784 0.00015299542165292032 6.344103682009331e-05 0.00010645678982260845 0.00018506803154756348 0.00012401413996999337 6.976631165936277e-05 0.00019290178113679144 0.001969272235775739 0.0009383351967985315 0.001369193156868129 0.0005128075319657228 9.191865889838293e-05 7.989804271015975e-05 0.00010796629769429568 0.00011857879910471542 0.0001065724526777066 4.42709486963964e-05 4.385014913005478e-05 2.9939365652787978e-05 0.00012810644071137956 0.00015677548684169885 0.00014824267988399454 0.0004391550711554245 0.0003109402261057333 0.0004401454999937545 0.00011631420504169532 0.00017699855798848882 0.0001286912245711213 8.206913783325485e-05 0.00016997418944023098 0.00013312642867693213 0.0001309974654629289 0.00013658763021300252 0.00010669958864295685 0.00018822036474870044 0.0001862535314603914 0.00016537956568816816 0.0001832576189337217 0.00019879419451687152 0.00021412848372756628 0.00016645117745666644 0.00022177965435371834 0.0001725424859263728 0.00010286264231003778 0.0001746127564829252 0.00013189412966908097 8.457509232385992e-05 0.0001451009768591622 0.00013499270956425003 0.0001754129092153623 0.00022047376836785217 8.739716394968615e-05 0.00017603200811149302 0.00018307728335851568 0.0001523664910678455 0.00043951484231631116 0.00016811813091363302 0.00011145102544306163 0.00024809901497989054 5.699359538955685e-05 0.00024366134468903675 0.00018407704091116684 0.0002693243376587829 7.835660931087378e-05 0.00014696415625607527 0.00024558392379929965 0.0002167850536693719 0.0003953658801195475 0.0003094908581609921 0.0001814494277765123 0.0002245822232672036 0.00039066921975188835 5.58310248833315e-05 0.0001542024372561173 0.00016808781251011621 5.04271251181061e-05 3.3475428282421965e-05 0.00018523842376265236 0.00018522945329130412 0.00018564368688034436 0.00017847364824341935 0.00013154014263125184 0.00016352138478253008 0.0002157060889937962 0.00021201187817476906 6.984234500219957e-05 0.00013837544231474333 0.00017321222687781098 0.0001715535822988668 6.616186591855206e-05 6.0753417061445755e-05 0.00016328209574856774 4.018563333355767e-05 0.0001710324899269922 0.00015701994312345614 0.00012886476845863022 0.00017481113988677938 0.00012728653985856725 0.00019346610616418386 0.00033719944144665776 5.102382743611987e-05 1.4525989757404682e-06 2.173110749970425e-06 0.0019141825598680245 0.00012701627818460426 0.002334098818336044 0.0018103126605678282 0.0004375220693966503 0.0002872780989371469 0.00020017335135005042 0.00012561546187845972 0.0001982080254935633 0.00019521598218065654 0.0001866101884743239 0.0002065200062493509 0.00022060185915213825 0.00019161619353102812 0.0004288980785902299 0.00023144484057554366 0.00011740780292163464 0.0001321578364442876 0.00013212800154252153 0.0001869895333793621 0.00022893801351526961 0.00018288418136354427 0.00019765092300746327 0.00021493044878725273 5.663454404832413e-05 0.00018568842983152399 0.0001114094184393304 0.00017456318534637833 0.00015531132300941538 5.784974860289507e-05 0.00031186235816251597 0.00014548184663721567 0.00018507162207318927 0.00010784008651740154 0.00016106105707322857 0.00016680193019833416 0.00011590763584013774 0.0001978906636596758 0.00010505821380140156 0.0002534274119634814 0.00010409853187537488 0.00012568569301230537 0.00011244238160817519 0.0004634161765555566 0.0001356582785640977 7.210944643278174e-05 0.00012286768849251794 9.673095044997184e-05 0.00020533075711149957 0.00018593428205338847 0.0002349939002740648 0.0002076713128149334 4.827512555091472e-05 2.6991104135786958e-05 5.1073072788502605e-05 0.00012012627051330392 0.00027649937290773614 0.00014270766489590616 0.00012039946034291308 9.948446518873204e-05 0.0012625522019194357 0.00031757506960842347 0.00029530267138676937 0.0016436227455707165 0.002268029810866475 0.002010860190213435 0.00019496445923379788 0.00010875642411569104 0.00020331004062884605 0.00018773322587156588 0.0020211208398299408 0.0006774117443869614 0.001857786790765392 0.00026056176187646635 0.00024074854224693208 0.0002892628592968059 9.396120554874235e-05 0.00015293573289794918 4.571970648242537e-05 0.0001682244348745196 0.00021067498299355761 0.000136753069864006 0.00014908508219696598 0.00019571367644437274 0.00021138518180324596 4.0557537752837626e-05 0.00021258867191685843 0.00010456210480698166 0.00026511916828783063 0.00015932786326156216 0.0002865161537251362 0.00022080669826073364 0.00023474175862578663 0.0002756632901990236 0.0002899002023233816 0.00029148020845356365 0.0001960829462353263 0.00015942992906326907 0.00015116428057035015 0.00011660303768474317 0.00019363979261046842 1.3153543620489778e-06 0.00014770489364893837 0.0002115782831148979 0.00019958259610292875 0.00010303205965860051 0.00016322945916121635 0.00019693125530134274 0.0002324770872795973 0.00019720563896714695 0.00013785155395233935 7.682575307226694e-05 0.00015206126501084535 0.0001476729225515185 0.00013503412857646514 4.565859432218542e-05 0.00022815088869174909 0.00019439806186104589 0.00026374172533951556 0.0003177419380790261 0.0018701270243720754 0.0002900425850986492 8.848354636219493e-05 0.00015500027546519848 0.00016463198920208606 0.00018314740305943973 0.00015601310135718026 0.00014528209230426484 0.00019323165347543122 0.0003776943788454685 0.0003430441961371536 0.0025454647716030305 0.0021752073977376126 0.0004612511668100588 0.00034833456005135404 6.384663561239103e-05 5.193078604171293e-05 5.9699287176286805e-05 0.00015672965537549694 0.00016149466728723635 9.364217208565121e-05 9.357074296744314e-05 0.00011964156242857798 0.0001233954638884327 0.0001914185364312275 0.00022338746988908334 0.00011053064168374942 0.00022861310056707218 0.00022405920502384976 0.00013369913551626461 0.00020251574580725646 0.00019209532017645613 0.00020298108592634696 0.0002607854330783777 0.001676978793428954 0.0013520620131606367 0.00019306832725617728 0.00012324710914510674 0.00017991020894735565 0.00024767275679878905 0.0002488977303656839 0.0002162797400171325 9.503248354145612e-05 0.00022303738790385534 0.00031346110852803304 0.0001567463091627359 2.2193929109270727e-06 0.0001525347241132984 0.0002429470488835733 0.00021222747117640887 0.00022316057939351553 0.00011738371499488591 0.00014688279228124745 0.00014401487939975672 0.00017155356251502435 8.306114037855384e-05 0.00020438381027855835 0.0002903403240044702 0.00011874442458606588 0.0002641778916067665 0.00041634401953996526 0.00018015489165171196 0.00010285164518572689 0.00010401298781722315 0.00022168137566041626 2.2831704043283047e-06 9.682458365518543e-08 9.682458365518543e-08 0.00015914308329179438 0.00013658055476296774 7.583392692725508e-05 0.0001616954167782198 0.00010765336298438979 0.0001521631418297353 0.00040288852408090824 0.00023643767183140319 0.0003245211142953988 0.00020076528446309768 0.00016720587184053016 0.00012359239981757535 0.000152595028318374 0.00016599228821218218 0.00013767573652545467 0.0001626685037604297 0.00014637456632888185 0.0003383899692160012 0.00016849806696886424 6.35089612934854e-05 0.0001645357392668662 0.0002653168496052833 0.00027872103544286696 0.0002848265336523075 0.0001987818999597443 0.0003539704564256352 0.00022586328891134453 0.0002145654206584781 0.00027262389891125185 0.00021727911027357168 0.00019922913437680887 0.0002808938696516066 0.0002127917788336792 0.0001855487992291575 0.00016319500513100403 0.00021766925257393934 0.00020482425506414506 0.0001243107602176716 0.00017351090482862417 0.00011715548837397125 2.0573176623738436e-05 0.0001768627840673583 0.00026751700583130597 0.00028679163712188937 8.51810994652843e-05 0.00028321930880652053 0.00011469733322296971 0.000245687406844003 0.00024710813203935206 0.00015840381500748288 0.00018049210702739216 0.0002873361379070616 0.00013751198753564158 0.0001952650622322997 0.00012384069069498933 0.00016760829116714963 0.00021827619078388933 0.00020221102400676697 0.00011827720486397369 0.0002487101755023585 0.0002480128621735218 0.00017589133662975149 0.00016349490236366326 0.0001660226247996982 0.0002462404534054356 0.00018944961317156586 0.00022696105809478652 0.00010380671333699536 0.0002812454803159582 0.00011025360342423727 0.00024213259105966252 0.00023439494796054935 0.00013728599929663859 8.746915867214434e-05 0.00020862785501798704 0.00022408399155634276 1.8498318173849418e-05 0.00016537961414228835 0.00019202838615737554 0.000241302302598735 0.00020812819118188393 0.0002076805957730932 0.0002288527705852203 0.00017909368459054762 0.00023873602583810222 0.00023864307467339624 0.0001860085839793153 0.0001589758352089292 0.00023221538053376988 0.00016100744468640528 0.00013236999346774545 0.00024509497693945545 0.00025102892968800966 0.00020812808352779603 0.0002529056543034176 0.000188210431964686 0.0002822335699553152 0.00021511911979163237 0.00025399143137286567 9.122847077447283e-05 0.0001982228618853034 0.0002124459308321483 9.221377619360592e-05 2.6546756862063687e-05 0.0002359020790522464 0.0002269904610420907 8.780212782188739e-05 0.00021884995819425914 0.00019907834926415803 0.0002306688437198788 0.0002388206977801087 0.00023253879034756784 0.00017360232555491703 0.0002840632138105809 0.00021378408994087952 0.0002445447438848843 0.00028582861798421015 0.0001921279549984373 0.0004559523361091224 0.00023854535986436736 0.00025820647223807 0.00041471904168984447 0.00017105623078601177 0.0001444721889370495 0.000227836790834992 0.00013022047391368264 0.0003105635865539765 0.00019273785640670462 0.0002304942608402766 0.000347439872353403 0.0002342945616092578 0.00024502404064400156 8.521143558139155e-05 0.00018772023770336925 0.00013580312862891298 0.0002456321772126327 0.00022875216752877843 0.00025970216247584436 0.00036108365590484503 0.00024046643715537356 0.00021920688269371882 0.00021247708760062272 0.00021500272782289397 0.00020887657547863253 8.257780518011714e-05 0.00018785285391817737 0.00011452985547936912 0.00019172782703200342 0.00014793497309936236 0.0002938212492712126 0.00016567499106613133 0.00018286145416098116 0.0003040503504058324 0.00017724514167305868 0.0001580661435940199 0.0001872617441113974 0.0002082816187166411 0.00014871001481162976 0.0013899586898657515 0.0003435465038740884 0.0010401643007214374 0.0007006587492517113 0.0012398958777290973 0.0027463898151527484 0.0028006051548704093 0.0028729921725216263 0.00016098102117347731 0.00021367034359190854 0.0002040346348671458 0.00021563293463713917 0.00020724117645696462 9.299785367638105e-05 0.00018354397544868584 0.0002588372824341536 0.00016470851357240334 0.00027403970429623994 0.00021832229174150488 0.0002462512031870498 0.00027274525781996304 0.00021168997678297678 0.00012158213535330807 0.00011238119950443094 0.00014783295739771528 0.0002646120007810561 0.0002237760026612544 0.00018140504762736507 0.0001407937894278227 0.00013077721192258698 0.00020397472151745916 0.0001459308172866467 0.00026250216268657354 0.00021023975592663417 9.336205877407026e-05 0.00023402530613902609 0.00021784056676749935 0.00017706258642273274 0.00018924890511610694 7.150409134523633e-05 3.8857063985758373e-05 7.429712593588734e-05 0.0026095670566338453 0.002310017284983694 0.0002874448020922925 0.002747703159501496 0.00016089686402795072 0.00018898032668039237 0.00025406424402893044 0.00015390129408410477 0.00017662353749453986 0.00020441840305233456 0.00018700674269158331 0.00022890151085304877 0.0001485328418158188 0.00020700044493665495 0.0002684026797782646 0.0001809125268636446 0.00014482664586054855 0.00013978092652003284 0.0001673228991021056 0.00020448977958119132 0.0001789687185375284 0.0001472988773410635 0.0004216993558546997 0.00022068141886300762 0.00024091891022458235 0.00020863294778709457 0.00018953574895780903 0.0001959311629153625 0.00021125982327629421 0.0002279118972507092 0.00023479270890841488 0.0001529937476055193 0.0001084619082438235 0.0002645958776802225 0.00026878203553546505 0.0002545694414932479 0.00017658882101381017 0.00018119856288423345 0.00020064682606599885 0.00012670349258278411 0.00032506901326212777 9.035023379238235e-05 0.000309550548347785 0.0002440684313832894 0.0002147831642330785 0.0002179068957938833 0.00016110601969641876 0.00017056467343733885 0.00016674219322636148 0.00010111512733286751 0.0001617396134482441 0.00019514127762155557 0.00023431128206523994 0.00020471885356813734 0.00021637597784956072 0.00024158054254833165 0.00026178391246889815 0.00022045456754679003 0.00026727078461205204 0.000313060381290617 0.00022095106671653013 0.00015037119337182726 0.0002750956509230247 0.0001516893545385205 0.00020546743313292731 0.00044634005363909744 0.00033153575727230426 0.0002769489092902576 0.002950709446925307 0.0008440240828761984 0.0004064895532559592 0.0028326284236097274 0.0023284491521127606 0.00025006789011794894 0.00021092759128593465 0.00018959083426407203 0.0002398948740033475 0.0002614010550804322 5.461558060476478e-05 0.0004242429084287222 0.0002196399238794793 0.00013619202379595426 0.00022919909161129033 0.00014902493359877605 0.0001503238612162703 0.0002323286447411578 0.0002098973858529169 0.00045073723125057516 0.00040075332113873594 0.0002519576818169421 0.0002861152889548719 0.00013648512055927187 0.00012640973979940873 0.0001936399667701674 0.00011693991441063076 0.0002285924327183587 0.0001430171856927143 0.00021259668932882908 0.00010435149199830187 0.00011543847305555397 0.00020833251475948226 0.0002141630238180898 0.0001954954916823368 0.0002117461313764905 8.917205955739365e-05 0.00020179776201918355 0.0001560828925930358 0.0002383857793777569 0.00024690949951707225 0.00019616111082635892 0.00022625478737986558 0.0001128765489801452 0.0002499572396572753 0.00027694604605095523 0.00025820738991218353 0.0018421507772333374 0.0002417223672046752 0.00029342179683965083 0.001375699226469707 0.0002527171683563457 0.00020227095724270145 0.0002817730169889861 0.00028614099811037446 0.00021708891120397625 0.00018833438492243625 0.00045389926103332675 0.00011760634546780817 0.00012390335131059137 0.0001837442191658084 0.0001922167315661958 0.00012759273671829045 0.00021133518588829455 1.0540925533894598e-07 9.044336722462603e-07 0.00013308801459635368 0.000298263646869043 0.00034086209070209524 0.002325536829618021 0.00038560541693840407 0.0009611038340617427 0.002955069797172119 1.0000000000000001e-07 1.0540925533894598e-07 0.0001516528082769853 0.00027240968715588383 0.0001886355880712854 0.00026923944313041415 0.0002471947355443989 0.00018894896879277924 0.0001484859059350157 0.00022161588581130247 0.00024302303281930062 0.00026828857727804036 0.0002748472267305394 6.613771523377666e-05 0.00020058935620987089 0.0002900498733397344 0.00019149631074498867 0.00017926022153057097 0.00012047386812881684 0.00015409999427710508 0.00022247861028611724 0.00022920736005625683 0.00011134739123605565 4.2286784070820444e-05 0.00019914335496479756 0.00021952974364707027 0.00017618896827829142 0.0002005754470398087 0.00022814036424028918 0.00021031341687625328 0.00022315292148711294 0.000183179442985954 1.6776217563238753e-05 0.00017236659765269144 0.00018266325279714125 0.000190320839484625 0.00026811520802862355 0.00023788510303534815 0.00018518808577192852 0.00044483277524305203 0.0001815177566891572 0.0005512055623954847 0.0030076300086730994 0.00018308394065010922 0.00018753950353201366 0.0001522477589626908 0.00023156311243997194 0.0002546376867842238 0.00021110922463018654 0.002191496193514177 0.00017160047423873647 0.0005123343072732957 0.00024638693778618385 0.00020102829263936826 0.000436443484851164 0.00026066388839681673 0.00020186652799908598 0.00021143970895051112 0.0003407107064810502 8.541928616396754e-05 0.00012469863482053473 0.00011226970624399665 0.00017297303546667323 0.0017165580781825364 0.0005256368073620405 0.0017304969450786778 0.000523430535005195 0.0002467938925755775 1.0000000000000001e-07 0.0001501535906870477 0.0004046559735726476 0.00021910376941605472 0.0002583734610287499 0.00043721909777554827 0.00020890456246162626 0.00013074109610897408 0.0024907872445575274 0.0003865086192808764 0.0009318095299083843 0.003058618333325289 0.0001773765078813635 0.00021872256711504928 0.000259479416600323 0.00015639443792617635 0.00023124147360479465 0.0002454033875950759 0.00027303055224642535 0.00020440115773724476 0.00017737092767252798 9.627262732603341e-05 0.00018029637484909744 0.00021516226110412386 2.046606037352055e-06 2.109949030133806e-06 1.0053009690511737e-06 0.0002557586905110825 0.0003027531193838205 0.00029321066569130635 0.00012623615439534715 0.0001439791931183595 0.0002483809040647357 0.00023151104620851366 0.00025503134054495396 0.0001417532179497647 0.00019306343803827215 0.00015342610684031775 0.00024504784801503273 2.6319333908993024e-06 0.0003316125503452218 0.0002761332144048188 5.728693680223402e-05 0.00010250899468358038 0.00020487597802397827 0.00022351912871346468 0.00023028821393915897 0.00021549426856204562 0.0003654501630357627 0.00017426760972734132 0.00019046629053794928 0.00017805112999739285 0.00012898442397770194 0.0002043836208864533 0.00044054965193054957 0.0002443365630407488 0.00011021916870860406 0.00012316843443008357 0.00019707594346966872 0.00010270332445035814 0.00018224938565297217 0.0001618772445673121 0.0002105399534650568 0.00026785528224596586 0.00019072133019082252 0.00022861551845080374 0.00014926130564383243 0.00022943127087827537 0.00030303290702686134 0.002646800621517023 0.00037061237650669494 0.002254112595488432 0.002847092579403156 0.00022900421555601912 0.00012228793723559453 0.00015287940814597218 6.488187800490637e-05 0.00024073021059193943 0.00022047014051429216 0.0001353317981242172 0.00014586782995631295 0.00020598148740345865 0.0004112098224330724 0.00011433508441784535 0.00027528228371796986 0.0002668714406477536 0.00028423361839709455 0.00013766521208230954 0.00024029062065310282 0.0001802753338574812 0.00021065993796202207 0.0001682924616489951 0.00010279065470130724 0.0001917231224687092 0.00010336516456370085 0.00010770377300101404 5.879023751686577e-05 0.00020628703321611176 0.00021362373116361733 0.0004943385337070984 0.0002608332375912736 0.0001491282650878615 0.00023652833921691466 0.0003091263143208079 0.00019855172663633657 7.60161549494122e-05 8.918318160494007e-05 0.00022879717341935932 8.139349907660904e-05 0.0002607826483945011 0.00018406202951761554 0.00021309520387160827 0.00023838122037835594 0.0005763464803356454 0.00017891393363929145 0.0002950726182304417 0.00032282740110889786 0.000252239131607291 0.0001660868841832814 0.0002504878566767424 0.0002467781761056419 0.00013540998069239187 0.00016236966733495806 0.00018163159751329456 0.00020790134573637565 0.00010955835094385576 0.0002148117353287929 0.0002334443340362034 8.597314407436019e-05 0.00018876209762811846 0.00026314059896764206 0.00021166203772510705 0.0002610173293109851 0.00023757142056626297 0.00020052696728488616 0.00018662322109599548 0.00018240973029673186 0.0002272548013863202 0.00011326513555249563 0.00021945555191351605 0.00024030151985382706 0.00013897203161586692 9.956331262880999e-05 0.00011004329037485393 0.00021430452175825386 0.0001380590664035124 0.00024752430687700135 0.00017164453750775305 9.670758218754463e-05 0.00019730278665001588 0.00024123793343443545 0.0002801876443592698 0.00024452286974565955 0.0001686765686570732 0.00021716818792305532 0.00022434092232575845 0.00019944136670959419 0.0018205937016788597 0.0003808610959058581 0.0004772809804832195 0.002541378348374035 9.47934635659433e-05 0.00022963967862021535 0.00017202802325292884 0.00027379021044173234 0.0002484828595478955 0.00021760494827677827 0.00018636898015089978 0.000214956928653975 0.00037224077979806594 0.0002551526114096887 0.00041256821316420155 0.002550435118227036 0.0004411944376590282 0.00018218943886602753 0.00013948507791120666 0.0004599671155033217 0.0002877819492065967 0.0002592762281681654 0.000406408585756256 0.0021304016101370395 0.00046346980207445583 0.0005817730975739797 0.002999091454646957 0.0004885881948315135 0.0002342192469106736 0.0002416529101934368 0.00010951804852273995 7.282331079683746e-05 0.0001955627658172782 0.00015928208746839517 3.938804018202825e-05 0.00017653975907181094 0.00012993553336850566 0.0004172620283900318 0.00014807290736640645 0.00021481726498909814 0.00021755666130087847 6.830734058435019e-05 0.0001466193760891895 0.00027432290310969095 0.0002655433311929648 0.0001230879227720631 0.0002271022697472062 0.00029346127529525693 0.0001186654018389918 0.00024232510197442033 0.00023430665601985724 0.00010546578744043626 0.00014960061800505257 0.0002684678183727918 0.00025997132853591907 0.0002152431146365388 0.00022793236895462084 0.00027004232251121734 0.0002473729653732089 0.0001776869092712671 0.00020065666874363413 0.00025326048541938394 8.745589500078454e-05 0.00010544530385952618 1.0540925533894598e-07 0.00026520760520251456 0.0002641220153980767 0.00023493753108871581 0.0003202507370041889 0.00020944846734546324 0.00023782206712668962 0.00010784696533401956 0.0004567006458832418 0.00036781348954957843 0.00048800192374161386 0.0017919807942617222 0.00015814846833461243 0.0005945911799947536 9.003925789886532e-05 0.0001269566129584548 0.00012253726367861105 0.00016692270100167092 0.0002751259880208617 0.00014770894395271447 0.00017012676908677917 0.00016670808777135545 0.0001483779253122893 8.131682777551954e-05 0.0001534608231340852 0.0003388629833014381 0.00024860539148601466 0.0002668751769874216 0.00019349649786211406 0.00013645829699423246 0.00012590617767635522 0.0002945424655955425 0.00022691186110150957 0.00017979721180442693 0.00012819723358816588 0.00023060279406198888 0.00020859285612628928 0.0003177539980910857 0.00045958266558047793 0.0005176386193693553 0.00024152548023404662 0.0002617392062100558 0.00027145400475703154 0.00018331649346236653 0.00023986919427245848 0.00024871911511731477 0.0002776004596295568 0.0001697977929196432 5.092680555100986e-05 0.00012949773870708976 0.00021547167377191184 0.0003304461261731983 0.00025477191396360824 0.00029230384447480237 0.00023356876969972556 0.00022182172425729642 0.00020827068908253562 0.0002581658754780362 0.000150406624627062 0.0002697602782652453 0.00023607499417735341 0.0002738102256741621 0.00019298217087150194 0.00012465822829714138 0.0002136843567238849 0.00022335149362023987 0.00016551644837002765 0.00024822068714382996 0.00010813456797418807 9.034634505880796e-05 0.00016684920117294983 0.00038704242308591313 0.00030409680404369676 0.00024729158085754724 0.00015331597200187578 0.0002119938880694662 0.00011810225358706254 0.00018871367556010278 7.775101993594563e-05 0.0004133122372040502 0.0027226839531568903 0.0028149496562657715 0.00038390376193310043 0.00017122838877346993 0.0019735297047064723 0.00020171160018057086 9.692419652773816e-05 0.0001897810969199603 9.80194448003879e-05 0.00017747218648753863 0.0004629419664823836 0.00031402479023950007 0.002293395021511658 0.0004447299999760617 0.0033011977997255094 0.000318028515997103 0.00019962949887659677 0.00022838661395522552 0.00027736800222953134 0.00028953285059418504 0.00015505844118299635 0.00012433733480096207 0.00017806331453989427 0.00030778573233319423 3.31643652913539e-05 0.00039470071990372664 0.00025743854902159893 0.0004248891119226817 0.00022201746318192201 0.000326497697311219 0.0002433171679668952 0.0002499170039173126 0.00026315665152826 0.00030252140974044154 0.00027278440910888336 0.00023051524394312962 0.00015317186157361965 0.00014475943955882413 0.00010919795027296254 0.00017693382927907452 0.00021477810300261677 0.00021891808313599456 0.00018203826558826173 0.00017558471835897268 0.00022844443468300472 0.00019941190937688237 0.00022297147887032675 0.0003148346448696645 0.00026938254571201163 0.000252228073226914 0.0001926355540017205 0.00018647096236447234 0.00016881306354546598 0.0003587489659874607 0.002250563075231243 0.0013061261305947014 0.00032262807123883584 2.2673940361825365e-06 1.0725764695367493e-06 1.5371176363404739e-06 0.0027055876856638883 0.0017673435981167946 0.0005267526349189603 0.00021582858555137106 0.00021741989574285635 0.00027143238770986513 0.0005298099330197815 0.0002589898047013344 0.0002917033358273813 0.00028215009894196503 0.000227183341460293 0.00019808085317003213 0.0002344341041712411 0.00014345963810118614 0.00026532871119281255 0.00022122970924107777 0.00014823590636106122 0.0002596203004404448 0.0003230437716089445 0.00029849319238855327 0.00029793344620139794 0.00018537710018254756 0.00022828978213620613 0.0002737338963109497 0.00022343801442318217 0.00025961892928347264 0.0001589965964059206 9.737543093709468e-05 0.00018577430813131358 0.00012223512523237533 0.00016921123364982792 0.0002815970739932833 0.00016096534869490295 9.338396362125589e-05 0.00011308420689362199 0.0002638045790611677 0.00025152466338516813 0.00024976632053583307 0.0002819665933713301 0.00022674942842759797 0.00015705188481608028 0.0002721154637898704 0.00019772954593031127 9.649547786621936e-05 0.0001992302607675927 0.001888114944119427 0.0003021395252741426 0.0004219582409057735 0.0004839988179946656 0.00021729859132349106 0.00026402866440303896 0.00023924162341395174 0.0002523994879761049 0.0002616748569727343 0.0004644697104953419 0.002689716156183082 0.00015569158426402283 0.00046641335188703784 0.00024160775514825121 0.00029709773617960227 0.00025820364578791623 9.620572704145993e-05 0.00026378361305033035 0.00020989355022065837 0.0001880260314546512 0.00020972171279480328 0.00015523160395948453 0.0002788663195338378 0.00015668954634326696 0.00024550639035194184 0.00019903639635016927 0.00040844588423153924 0.0006157502779794209 0.00013304027995683033 0.0001639864500803025 0.0001372896267702968 9.334900825491981e-05 0.00016028354094891915 0.00022400005293625892 0.00031828735644880233 7.345877789128174e-05 0.00011587013876775675 0.00015708397257314764 0.00027363099350618473 0.00029427188965657804 0.00027264707611527353 9.139604542628275e-05 7.927133655422213e-05 0.00011347768038570294 0.00028599556841772076 6.49525250557532e-05 0.0001515583677284362 0.0001705863238911322 0.0002657360907474717 0.00019723743941336847 0.00021210372983356194 0.00020886450304992063 0.0027560138741893293 0.00017052208851810695 0.00011785106128793212 0.00012260755213928153 0.00011286432525022206 0.00030436685387567414 0.00017253556563059255 0.00021869239440058244 0.00011186975947913293 0.00016481538448270776 0.0001693136035524746 6.917629332218471e-05 0.00046786493408411883 0.00043515953388411407 0.000405818577637657 0.00019719420501383223 0.00011662195790025085 0.0001581480212050101 0.0001714798222717752 0.0002697795526794303 0.00025519791216475565 0.0002740745900512439 0.0001875876186671171 0.0002642570427466127 0.00024114348280928507 0.00028263453556253294 0.00027555715717516135 0.00016825782689307132 0.00014214227459494086 0.00016683171199833585 0.00025545152033971827 0.00014925941400500538 0.0002875423260498493 0.00028237359305326203 0.000160984190585115 0.00021705035231039664 0.0001901703325653411 0.0001394902179354406 0.00028683205371660706 0.00010692042287514576 0.00013924885918344094 0.0002423814708588058 0.00024721175312952186 0.00048457236377237914 0.001738336241302234 0.00017342507968506562 0.0004811008140632523 0.0005163669716911027 0.0031631070388972345 0.00027807167090324 0.00016093585863353183 0.00025007389671324816 0.0002776919522233591 0.0002831050142390703 0.00025447684871786135 0.0002477045950911806 0.00026511206054063204 0.0005214706516973323 0.00011073616763530535 8.940148240765751e-05 0.00020185295615988993 0.00020328975281777543 0.00030851522629022705 0.00014065215671305302 0.00033917382551581403 0.00024228713074642822 9.396918168160579e-05 0.0003118179303938202 0.0002776949066689436 0.00030507933948550127 0.0002717253057256114 0.00017280046130270347 0.0005807497204278871 0.00012357610162595526 0.00018399632903951888 0.00023397197098425017 0.00231904376029445 0.00038515131807114155 0.0001955898289074976 0.00025033415021147803 0.0002295669582538725 0.0002827484065599779 6.835498467933829e-05 0.0002545730735207079 0.00031038273225205505 0.0001949969419677562 0.00030988740288869887 0.00046537766499206884 0.00024715837731695734 0.0002172849927026573 0.00021179514521890334 0.00031086726584632254 0.0003127053134568958 0.00022313331695593953 0.0002619592756130039 0.00026287636096685926 0.00017793006320856373 0.00025878369760174477 0.000292119318441374 6.194785895358963e-05 0.00021610136107355602 0.0005268476815689422 0.0030248683092680027 0.00023274363314587686 0.00028862766152762637 0.00021045378632948098 0.00026381305981878773 0.0002990553936210393 0.0001873896783300002 0.0002470342504686791 0.0003632328764992634 0.00020478441104768613 0.00023821647325727842 0.0002350153735515626 0.00010188356801893149 0.0002925057964672952 0.0003137057812289917 0.0005750569369177291 0.00021977805506728212 5.015202773170816e-05 0.0026716162292357137 0.00019884546996682342 0.0004943720851115649 0.00026511110651017004 0.0002934654436701319 0.00010742126887378368 0.00027635683992719914 0.0001710885775966267 0.00019090425711883785 0.00026892639814649375 0.00023353398267765362 0.0002023760729695227 0.0003069882103921457 0.00033234472980284244 0.0004276342030994987 0.002765626821636876 0.00022584504497268 0.00018491307350299076 0.0001294048784534626 0.00018485706523524017 0.0031686383121101265 0.0004991116650191896 0.000315832461798537 0.00029679196486078017 0.00029232771687970295 0.0002283995867823548 0.00039569948060358054 0.00021678311909284492 0.0002741272638993375 0.00021898928936462138</DataArray>
<DataArray type="Float64" Name="g_contact" format="ascii">0.00010040218357290787 1.0751568433309628e-06 0.00011677907895053922 0.0002529100376338886 0.00024946113279873265 0.0001619788651472715 0.00024991645402902606 1.1991411026176557e-06 0.00013489030853995905 0.00022261714627608747 8.331451382540522e-05 0.00011601859176096025 0.0001706897894967924 0.0001677335427227847 0.00022188142848329173 0.00022001840295093105 0.0001405919470944784 0.00015299542165292032 6.344103682009331e-05 0.00010645678982260845 0.00018506803154756348 0.00012401413996999337 6.976631165936277e-05 0.00019290178113679144 0.001969272235775739 0.0009383351967985315 0.001369193156868129 0.0005128075319657228 9.191865889838293e-05 7.989804271015975e-05 0.00010796629769429568 0.00011857879910471542 0.0001065724526777066 4.42709486963964e-05 4.385014913005478e-05 2.9939365652787978e-05 0.00012810644071137956 0.00015677548684169885 0.00014824267988399454 0.0004391550711554245 0.0003109402261057333 0.0004401454999937545 0.00011631420504169532 0.00017699855798848882 0.0001286912245711213 8.206913783325485e-05 0.00016997418944023098 0.00013312642867693213 0.0001309974654629289 0.00013658763021300252 0.00010669958864295685 0.00018822036474870044 0.0001862535314603914 0.00016537956568816816 0.0001832576189337217 0.00019879419451687152 0.00021412848372756628 0.00016645117745666644 0.00022177965435371834 0.0001725424859263728 0.00010286264231003778 0.0001746127564829252 0.00013189412966908097 8.457509232385992e-05 0.0001451009768591622 0.00013499270956425003 0.0001754129092153623 0.00022047376836785217 8.739716394968615e-05 0.00017603200811149302 0.00018307728335851568 0.0001523664910678455 0.00043951484231631116 0.00016811813091363302 0.00011145102544306163 0.00024809901497989054 5.699359538955685e-05 0.00024366134468903675 0.00018407704091116684 0.0002693243376587829 7.835660931087378e-05 0.00014696415625607527 0.00024558392379929965 0.0002167850536693719 0.0003953658801195475 0.0003094908581609921 0.0001814494277765123 0.0002245822232672036 0.00039066921975188835 5.58310248833315e-05 0.0001542024372561173 0.00016808781251011621 5.04271251181061e-05 3.3475428282421965e-05 0.00018523842376265236 0.00018522945329130412 0.00018564368688034436 0.00017847364824341935 0.00013154014263125184 0.00016352138478253008 0.0002157060889937962 0.00021201187817476906 6.984234500219957e-05 0.00013837544231474333 0.00017321222687781098 0.0001715535822988668 6.616186591855206e-05 6.0753417061445755e-05 0.00016328209574856774 4.018563333355767e-05 0.0001710324899269922 0.00015701994312345614 0.00012886476845863022 0.00017481113988677938 0.00012728653985856725 0.00019346610616418386 0.00033719944144665776 5.102382743611987e-05 1.4525989757404682e-06 2.173110749970425e-06 0.0019141825598680245 0.00012701627818460426 0.002334098818336044 0.0018103126605678282 0.0004375220693966503 0.0002872780989371469 0.00020017335135005042 0.00012561546187845972 0.0001982080254935633 0.00019521598218065654 0.0001866101884743239 0.0002065200062493509 0.00022060185915213825 0.00019161619353102812 0.0004288980785902299 0.00023144484057554366 0.00011740780292163464 0.0001321578364442876 0.00013212800154252153 0.0001869895333793621 0.00022893801351526961 0.00018288418136354427 0.00019765092300746327 0.00021493044878725273 5.663454404832413e-05 0.00018568842983152399 0.0001114094184393304 0.00017456318534637833 0.00015531132300941538 5.784974860289507e-05 0.00031186235816251597 0.00014548184663721567 0.00018507162207318927 0.00010784008651740154 0.00016106105707322857 0.00016680193019833416 0.00011590763584013774 0.0001978906636596758 0.00010505821380140156 0.0002534274119634814 0.00010409853187537488 0.00012568569301230537 0.00011244238160817519 0.0004634161765555566 0.0001356582785640977 7.210944643278174e-05 0.00012286768849251794 9.673095044997184e-05 0.00020533075711149957 0.00018593428205338847 0.0002349939002740648 0.0002076713128149334 4.827512555091472e-05 2.6991104135786958e-05 5.1073072788502605e-05 0.00012012627051330392 0.00027649937290773614 0.00014270766489590616 0.00012039946034291308 9.948446518873204e-05 0.0012625522019194357 0.00031757506960842347 0.00029530267138676937 0.0016436227455707165 0.002268029810866475 0.002010860190213435 0.00019496445923379788 0.00010875642411569104 0.00020331004062884605 0.00018773322587156588 0.0020211208398299408 0.0006774117443869614 0.001857786790765392 0.00026056176187646635 0.00024074854224693208 0.0002892628592968059 9.396120554874235e-05 0.00015293573289794918 4.571970648242537e-05 0.0001682244348745196 0.00021067498299355761 0.000136753069864006 0.00014908508219696598 0.00019571367644437274 0.00021138518180324596 4.0557537752837626e-05 0.00021258867191685843 0.00010456210480698166 0.00026511916828783063 0.00015932786326156216 0.0002865161537251362 0.00022080669826073364 0.00023474175862578663 0.0002756632901990236 0.0002899002023233816 0.00029148020845356365 0.0001960829462353263 0.00015942992906326907 0.00015116428057035015 0.00011660303768474317 0.00019363979261046842 1.3153543620489778e-06 0.00014770489364893837 0.0002115782831148979 0.00019958259610292875 0.00010303205965860051 0.00016322945916121635 0.00019693125530134274 0.0002324770872795973 0.00019720563896714695 0.00013785155395233935 7.682575307226694e-05 0.00015206126501084535 0.0001476729225515185 0.00013503412857646514 4.565859432218542e-05 0.00022815088869174909 0.00019439806186104589 0.00026374172533951556 0.0003177419380790261 0.0018701270243720754 0.0002900425850986492 8.848354636219493e-05 0.00015500027546519848 0.00016463198920208606 0.00018314740305943973 0.00015601310135718026 0.00014528209230426484 0.00019323165347543122 0.0003776943788454685 0.0003430441961371536 0.0025454647716030305 0.0021752073977376126 0.0004612511668100588 0.00034833456005135404 6.384663561239103e-05 5.193078604171293e-05 5.9699287176286805e-05 0.00015672965537549694 0.00016149466728723635 9.364217208565121e-05 9.357074296744314e-05 0.00011964156242857798 0.0001233954638884327 0.0001914185364312275 0.00022338746988908334 0.00011053064168374942 0.00022861310056707218 0.00022405920502384976 0.00013369913551626461 0.00020251574580725646 0.00019209532017645613 0.00020298108592634696 0.0002607854330783777 0.001676978793428954 0.0013520620131606367 0.00019306832725617728 0.00012324710914510674 0.00017991020894735565 0.00024767275679878905 0.0002488977303656839 0.0002162797400171325 9.503248354145612e-05 0.00022303738790385534 0.00031346110852803304 0.0001567463091627359 2.2193929109270727e-06 0.0001525347241132984 0.0002429470488835733 0.00021222747117640887 0.00022316057939351553 0.00011738371499488591 0.00014688279228124745 0.00014401487939975672 0.00017155356251502435 8.306114037855384e-05 0.00020438381027855835 0.0002903403240044702 0.00011874442458606588 0.0002641778916067665 0.00041634401953996526 0.00018015489165171196 0.00010285164518572689 0.00010401298781722315 0.00022168137566041626 2.2831704043283047e-06 9.682458365518543e-08 9.682458365518543e-08 0.00015914308329179438 0.00013658055476296774 7.583392692725508e-05 0.0001616954167782198 0.00010765336298438979 0.0001521631418297353 0.00040288852408090824 0.00023643767183140319 0.0003245211142953988 0.00020076528446309768 0.00016720587184053016 0.00012359239981757535 0.000152595028318374 0.00016599228821218218 0.00013767573652545467 0.0001626685037604297 0.00014637456632888185 0.0003383899692160012 0.00016849806696886424 6.35089612934854e-05 0.0001645357392668662 0.0002653168496052833 0.00027872103544286696 0.0002848265336523075 0.0001987818999597443 0.0003539704564256352 0.00022586328891134453 0.0002145654206584781 0.00027262389891125185 0.00021727911027357168 0.00019922913437680887 0.0002808938696516066 0.0002127917788336792 0.0001855487992291575 0.00016319500513100403 0.00021766925257393934 0.00020482425506414506 0.0001243107602176716 0.00017351090482862417 0.00011715548837397125 2.0573176623738436e-05 0.0001768627840673583 0.00026751700583130597 0.00028679163712188937 8.51810994652843e-05 0.00028321930880652053 0.00011469733322296971 0.000245687406844003 0.00024710813203935206 0.00015840381500748288 0.00018049210702739216 0.0002873361379070616 0.00013751198753564158 0.0001952650622322997 0.00012384069069498933 0.00016760829116714963 0.00021827619078388933 0.00020221102400676697 0.00011827720486397369 0.0002487101755023585 0.0002480128621735218 0.00017589133662975149 0.00016349490236366326 0.0001660226247996982 0.0002462404534054356 0.00018944961317156586 0.00022696105809478652 0.00010380671333699536 0.0002812454803159582 0.00011025360342423727 0.00024213259105966252 0.00023439494796054935 0.00013728599929663859 8.746915867214434e-05 0.00020862785501798704 0.00022408399155634276 1.8498318173849418e-05 0.00016537961414228835 0.00019202838615737554 0.000241302302598735 0.00020812819118188393 0.0002076805957730932 0.0002288527705852203 0.00017909368459054762 0.00023873602583810222 0.00023864307467339624 0.0001860085839793153 0.0001589758352089292 0.00023221538053376988 0.00016100744468640528 0.00013236999346774545 0.00024509497693945545 0.00025102892968800966 0.00020812808352779603 0.0002529056543034176 0.000188210431964686 0.0002822335699553152 0.00021511911979163237 0.00025399143137286567 9.122847077447283e-05 0.0001982228618853034 0.0002124459308321483 9.221377619360592e-05 2.6546756862063687e-05 0.0002359020790522464 0.0002269904610420907 8.780212782188739e-05 0.00021884995819425914 0.00019907834926415803 0.0002306688437198788 0.0002388206977801087 0.00023253879034756784 0.00017360232555491703 0.0002840632138105809 0.00021378408994087952 0.0002445447438848843 0.00028582861798421015 0.0001921279549984373 0.0004559523361091224 0.00023854535986436736 0.00025820647223807 0.00041471904168984447 0.00017105623078601177 0.0001444721889370495 0.000227836790834992 0.00013022047391368264 0.0003105635865539765 0.00019273785640670462 0.0002304942608402766 0.000347439872353403 0.0002342945616092578 0.00024502404064400156 8.521143558139155e-05 0.00018772023770336925 0.00013580312862891298 0.0002456321772126327 0.00022875216752877843 0.00025970216247584436 0.00036108365590484503 0.00024046643715537356 0.00021920688269371882 0.00021247708760062272 0.00021500272782289397 0.00020887657547863253 8.257780518011714e-05 0.00018785285391817737 0.00011452985547936912 0.00019172782703200342 0.00014793497309936236 0.0002938212492712126 0.00016567499106613133 0.00018286145416098116 0.0003040503504058324 0.00017724514167305868 0.0001580661435940199 0.0001872617441113974 0.0002082816187166411 0.00014871001481162976 0.0013899586898657515 0.0003435465038740884 0.0010401643007214374 0.0007006587492517113 0.0012398958777290973 0.0027463898151527484 0.0028006051548704093 0.0028729921725216263 0.00016098102117347731 0.00021367034359190854 0.0002040346348671458 0.00021563293463713917 0.00020724117645696462 9.299785367638105e-05 0.00018354397544868584 0.0002588372824341536 0.00016470851357240334 0.00027403970429623994 0.00021832229174150488 0.0002462512031870498 0.00027274525781996304 0.00021168997678297678 0.00012158213535330807 0.00011238119950443094 0.00014783295739771528 0.0002646120007810561 0.0002237760026612544 0.00018140504762736507 0.0001407937894278227 0.00013077721192258698 0.00020397472151745916 0.0001459308172866467 0.00026250216268657354 0.00021023975592663417 9.336205877407026e-05 0.00023402530613902609 0.00021784056676749935 0.00017706258642273274 0.00018924890511610694 7.150409134523633e-05 3.8857063985758373e-05 7.429712593588734e-05 0.0026095670566338453 0.002310017284983694 0.0002874448020922925 0.002747703159501496 0.00016089686402795072 0.00018898032668039237 0.00025406424402893044 0.00015390129408410477 0.00017662353749453986 0.00020441840305233456 0.00018700674269158331 0.00022890151085304877 0.0001485328418158188 0.00020700044493665495 0.0002684026797782646 0.0001809125268636446 0.00014482664586054855 0.00013978092652003284 0.0001673228991021056 0.00020448977958119132 0.0001789687185375284 0.0001472988773410635 0.0004216993558546997 0.00022068141886300762 0.00024091891022458235 0.00020863294778709457 0.00018953574895780903 0.0001959311629153625 0.00021125982327629421 0.0002279118972507092 0.00023479270890841488 0.0001529937476055193 0.0001084619082438235 0.0002645958776802225 0.00026878203553546505 0.0002545694414932479 0.00017658882101381017 0.00018119856288423345 0.00020064682606599885 0.00012670349258278411 0.00032506901326212777 9.035023379238235e-05 0.000309550548347785 0.0002440684313832894 0.0002147831642330785 0.0002179068957938833 0.00016110601969641876 0.00017056467343733885 0.00016674219322636148 0.00010111512733286751 0.0001617396134482441 0.00019514127762155557 0.00023431128206523994 0.00020471885356813734 0.00021637597784956072 0.00024158054254833165 0.00026178391246889815 0.00022045456754679003 0.00026727078461205204 0.000313060381290617 0.00022095106671653013 0.00015037119337182726 0.0002750956509230247 0.0001516893545385205 0.00020546743313292731 0.00044634005363909744 0.00033153575727230426 0.0002769489092902576 0.002950709446925307 0.0008440240828761984 0.0004064895532559592 0.0028326284236097274 0.0023284491521127606 0.00025006789011794894 0.00021092759128593465 0.00018959083426407203 0.0002398948740033475 0.0002614010550804322 5.461558060476478e-05 0.0004242429084287222 0.0002196399238794793 0.00013619202379595426 0.00022919909161129033 0.00014902493359877605 0.0001503238612162703 0.0002323286447411578 0.0002098973858529169 0.00045073723125057516 0.00040075332113873594 0.0002519576818169421 0.0002861152889548719 0.00013648512055927187 0.00012640973979940873 0.0001936399667701674 0.00011693991441063076 0.0002285924327183587 0.0001430171856927143 0.00021259668932882908 0.00010435149199830187 0.00011543847305555397 0.00020833251475948226 0.0002141630238180898 0.0001954954916823368 0.0002117461313764905 8.917205955739365e-05 0.00020179776201918355 0.0001560828925930358 0.0002383857793777569 0.00024690949951707225 0.00019616111082635892 0.00022625478737986558 0.0001128765489801452 0.0002499572396572753 0.00027694604605095523 0.00025820738991218353 0.0018421507772333374 0.0002417223672046752 0.00029342179683965083 0.001375699226469707 0.0002527171683563457 0.00020227095724270145 0.0002817730169889861 0.00028614099811037446 0.00021708891120397625 0.00018833438492243625 0.00045389926103332675 0.00011760634546780817 0.00012390335131059137 0.0001837442191658084 0.0001922167315661958 0.00012759273671829045 0.00021133518588829455 1.0540925533894598e-07 9.044336722462603e-07 0.00013308801459635368 0.000298263646869043 0.00034086209070209524 0.002325536829618021 0.00038560541693840407 0.0009611038340617427 0.002955069797172119 1.0000000000000001e-07 1.0540925533894598e-07 0.0001516528082769853 0.00027240968715588383 0.0001886355880712854 0.00026923944313041415 0.0002471947355443989 0.00018894896879277924 0.0001484859059350157 0.00022161588581130247 0.00024302303281930062 0.00026828857727804036 0.0002748472267305394 6.613771523377666e-05 0.00020058935620987089 0.0002900498733397344 0.00019149631074498867 0.00017926022153057097 0.00012047386812881684 0.00015409999427710508 0.00022247861028611724 0.00022920736005625683 0.00011134739123605565 4.2286784070820444e-05 0.00019914335496479756 0.00021952974364707027 0.00017618896827829142 0.0002005754470398087 0.00022814036424028918 0.00021031341687625328 0.00022315292148711294 0.000183179442985954 1.6776217563238753e-05 0.00017236659765269144 0.00018266325279714125 0.000190320839484625 0.00026811520802862355 0.00023788510303534815 0.00018518808577192852 0.00044483277524305203 0.0001815177566891572 0.0005512055623954847 0.0030076300086730994 0.00018308394065010922 0.00018753950353201366 0.0001522477589626908 0.00023156311243997194 0.0002546376867842238 0.00021110922463018654 0.002191496193514177 0.00017160047423873647 0.0005123343072732957 0.00024638693778618385 0.00020102829263936826 0.000436443484851164 0.00026066388839681673 0.00020186652799908598 0.00021143970895051112 0.0003407107064810502 8.541928616396754e-05 0.00012469863482053473 0.00011226970624399665 0.00017297303546667323 0.0017165580781825364 0.0005256368073620405 0.0017304969450786778 0.000523430535005195 0.0002467938925755775 1.0000000000000001e-07 0.0001501535906870477 0.0004046559735726476 0.00021910376941605472 0.0002583734610287499 0.00043721909777554827 0.00020890456246162626 0.00013074109610897408 0.0024907872445575274 0.0003865086192808764 0.0009318095299083843 0.003058618333325289 0.0001773765078813635 0.00021872256711504928 0.000259479416600323 0.00015639443792617635 0.00023124147360479465 0.0002454033875950759 0.00027303055224642535 0.00020440115773724476 0.00017737092767252798 9.627262732603341e-05 0.00018029637484909744 0.00021516226110412386 2.046606037352055e-06 2.109949030133806e-06 1.0053009690511737e-06 0.0002557586905110825 0.0003027531193838205 0.00029321066569130635 0.00012623615439534715 0.0001439791931183595 0.0002483809040647357 0.00023151104620851366 0.00025503134054495396 0.0001417532179497647 0.00019306343803827215 0.00015342610684031775 0.00024504784801503273 2.6319333908993024e-06 0.0003316125503452218 0.0002761332144048188 5.728693680223402e-05 0.00010250899468358038 0.00020487597802397827 0.00022351912871346468 0.00023028821393915897 0.00021549426856204562 0.0003654501630357627 0.00017426760972734132 0.00019046629053794928 0.00017805112999739285 0.00012898442397770194 0.0002043836208864533 0.00044054965193054957 0.0002443365630407488 0.00011021916870860406 0.00012316843443008357 0.00019707594346966872 0.00010270332445035814 0.00018224938565297217 0.0001618772445673121 0.0002105399534650568 0.00026785528224596586 0.00019072133019082252 0.00022861551845080374 0.00014926130564383243 0.00022943127087827537 0.00030303290702686134 0.002646800621517023 0.00037061237650669494 0.002254112595488432 0.002847092579403156 0.00022900421555601912 0.00012228793723559453 0.00015287940814597218 6.488187800490637e-05 0.00024073021059193943 0.00022047014051429216 0.0001353317981242172 0.00014586782995631295 0.00020598148740345865 0.0004112098224330724 0.00011433508441784535 0.00027528228371796986 0.0002668714406477536 0.00028423361839709455 0.00013766521208230954 0.00024029062065310282 0.0001802753338574812 0.00021065993796202207 0.0001682924616489951 0.00010279065470130724 0.0001917231224687092 0.00010336516456370085 0.00010770377300101404 5.879023751686577e-05 0.00020628703321611176 0.00021362373116361733 0.0004943385337070984 0.0002608332375912736 0.0001491282650878615 0.00023652833921691466 0.0003091263143208079 0.00019855172663633657 7.60161549494122e-05 8.918318160494007e-05 0.00022879717341935932 8.139349907660904e-05 0.0002607826483945011 0.00018406202951761554 0.00021309520387160827 0.00023838122037835594 0.0005763464803356454 0.00017891393363929145 0.0002950726182304417 0.00032282740110889786 0.000252239131607291 0.0001660868841832814 0.0002504878566767424 0.0002467781761056419 0.00013540998069239187 0.00016236966733495806 0.00018163159751329456 0.00020790134573637565 0.00010955835094385576 0.0002148117353287929 0.0002334443340362034 8.597314407436019e-05 0.00018876209762811846 0.00026314059896764206 0.00021166203772510705 0.0002610173293109851 0.00023757142056626297 0.00020052696728488616 0.00018662322109599548 0.00018240973029673186 0.0002272548013863202 0.00011326513555249563 0.00021945555191351605 0.00024030151985382706 0.00013897203161586692 9.956331262880999e-05 0.00011004329037485393 0.00021430452175825386 0.0001380590664035124 0.00024752430687700135 0.00017164453750775305 9.670758218754463e-05 0.00019730278665001588 0.00024123793343443545 0.0002801876443592698 0.00024452286974565955 0.0001686765686570732 0.00021716818792305532 0.00022434092232575845 0.00019944136670959419 0.0018205937016788597 0.0003808610959058581 0.0004772809804832195 0.002541378348374035 9.47934635659433e-05 0.00022963967862021535 0.00017202802325292884 0.00027379021044173234 0.0002484828595478955 0.00021760494827677827 0.00018636898015089978 0.000214956928653975 0.00037224077979806594 0.0002551526114096887 0.00041256821316420155 0.002550435118227036 0.0004411944376590282 0.00018218943886602753 0.00013948507791120666 0.0004599671155033217 0.0002877819492065967 0.0002592762281681654 0.000406408585756256 0.0021304016101370395 0.00046346980207445583 0.0005817730975739797 0.002999091454646957 0.0004885881948315135 0.0002342192469106736 0.0002416529101934368 0.00010951804852273995 7.282331079683746e-05 0.0001955627658172782 0.00015928208746839517 3.938804018202825e-05 0.00017653975907181094 0.00012993553336850566 0.0004172620283900318 0.00014807290736640645 0.00021481726498909814 0.00021755666130087847 6.830734058435019e-05 0.0001466193760891895 0.00027432290310969095 0.0002655433311929648 0.0001230879227720631 0.0002271022697472062 0.00029346127529525693 0.0001186654018389918 0.00024232510197442033 0.00023430665601985724 0.00010546578744043626 0.00014960061800505257 0.0002684678183727918 0.00025997132853591907 0.0002152431146365388 0.00022793236895462084 0.00027004232251121734 0.0002473729653732089 0.0001776869092712671 0.00020065666874363413 0.00025326048541938394 8.745589500078454e-05 0.00010544530385952618 1.0540925533894598e-07 0.00026520760520251456 0.0002641220153980767 0.00023493753108871581 0.0003202507370041889 0.00020944846734546324 0.00023782206712668962 0.00010784696533401956 0.0004567006458832418 0.00036781348954957843 0.00048800192374161386 0.0017919807942617222 0.00015814846833461243 0.0005945911799947536 9.003925789886532e-05 0.0001269566129584548 0.00012253726367861105 0.00016692270100167092 0.0002751259880208617 0.00014770894395271447 0.00017012676908677917 0.00016670808777135545 0.0001483779253122893 8.131682777551954e-05 0.0001534608231340852 0.0003388629833014381 0.00024860539148601466 0.0002668751769874216 0.00019349649786211406 0.00013645829699423246 0.00012590617767635522 0.0002945424655955425 0.00022691186110150957 0.00017979721180442693 0.00012819723358816588 0.00023060279406198888 0.00020859285612628928 0.0003177539980910857 0.00045958266558047793 0.0005176386193693553 0.00024152548023404662 0.0002617392062100558 0.00027145400475703154 0.00018331649346236653 0.00023986919427245848 0.00024871911511731477 0.0002776004596295568 0.0001697977929196432 5.092680555100986e-05 0.00012949773870708976 0.00021547167377191184 0.0003304461261731983 0.00025477191396360824 0.00029230384447480237 0.00023356876969972556 0.00022182172425729642 0.00020827068908253562 0.0002581658754780362 0.000150406624627062 0.0002697602782652453 0.00023607499417735341 0.0002738102256741621 0.00019298217087150194 0.00012465822829714138 0.0002136843567238849 0.00022335149362023987 0.00016551644837002765 0.00024822068714382996 0.00010813456797418807 9.034634505880796e-05 0.00016684920117294983 0.00038704242308591313 0.00030409680404369676 0.00024729158085754724 0.00015331597200187578 0.0002119938880694662 0.00011810225358706254 0.00018871367556010278 7.775101993594563e-05 0.0004133122372040502 0.0027226839531568903 0.0028149496562657715 0.00038390376193310043 0.00017122838877346993 0.0019735297047064723 0.00020171160018057086 9.692419652773816e-05 0.0001897810969199603 9.80194448003879e-05 0.00017747218648753863 0.0004629419664823836 0.00031402479023950007 0.002293395021511658 0.0004447299999760617 0.0033011977997255094 0.000318028515997103 0.00019962949887659677 0.00022838661395522552 0.00027736800222953134 0.00028953285059418504 0.00015505844118299635 0.00012433733480096207 0.00017806331453989427 0.00030778573233319423 3.31643652913539e-05 0.00039470071990372664 0.00025743854902159893 0.0004248891119226817 0.00022201746318192201 0.000326497697311219 0.0002433171679668952 0.0002499170039173126 0.00026315665152826 0.00030252140974044154 0.00027278440910888336 0.00023051524394312962 0.00015317186157361965 0.00014475943955882413 0.00010919795027296254 0.00017693382927907452 0.00021477810300261677 0.00021891808313599456 0.00018203826558826173 0.00017558471835897268 0.00022844443468300472 0.00019941190937688237 0.00022297147887032675 0.0003148346448696645 0.00026938254571201163 0.000252228073226914 0.0001926355540017205 0.00018647096236447234 0.00016881306354546598 0.0003587489659874607 0.002250563075231243 0.0013061261305947014 0.00032262807123883584 2.2673940361825365e-06 1.0725764695367493e-06 1.5371176363404739e-06 0.0027055876856638883 0.0017673435981167946 0.0005267526349189603 0.00021582858555137106 0.00021741989574285635 0.00027143238770986513 0.0005298099330197815 0.0002589898047013344 0.0002917033358273813 0.00028215009894196503 0.000227183341460293 0.00019808085317003213 0.0002344341041712411 0.00014345963810118614 0.00026532871119281255 0.00022122970924107777 0.00014823590636106122 0.0002596203004404448 0.0003230437716089445 0.00029849319238855327 0.00029793344620139794 0.00018537710018254756 0.00022828978213620613 0.0002737338963109497 0.00022343801442318217 0.00025961892928347264 0.0001589965964059206 9.737543093709468e-05 0.00018577430813131358 0.00012223512523237533 0.00016921123364982792 0.0002815970739932833 0.00016096534869490295 9.338396362125589e-05 0.00011308420689362199 0.0002638045790611677 0.00025152466338516813 0.00024976632053583307 0.0002819665933713301 0.00022674942842759797 0.00015705188481608028 0.0002721154637898704 0.00019772954593031127 9.649547786621936e-05 0.0001992302607675927 0.001888114944119427 0.0003021395252741426 0.0004219582409057735 0.0004839988179946656 0.00021729859132349106 0.00026402866440303896 0.00023924162341395174 0.0002523994879761049 0.0002616748569727343 0.0004644697104953419 0.002689716156183082 0.00015569158426402283 0.00046641335188703784 0.00024160775514825121 0.00029709773617960227 0.00025820364578791623 9.620572704145993e-05 0.00026378361305033035 0.00020989355022065837 0.0001880260314546512 0.00020972171279480328 0.00015523160395948453 0.0002788663195338378 0.00015668954634326696 0.00024550639035194184 0.00019903639635016927 0.00040844588423153924 0.0006157502779794209 0.00013304027995683033 0.0001639864500803025 0.0001372896267702968 9.334900825491981e-05 0.00016028354094891915 0.00022400005293625892 0.00031828735644880233 7.345877789128174e-05 0.00011587013876775675 0.00015708397257314764 0.00027363099350618473 0.00029427188965657804 0.00027264707611527353 9.139604542628275e-05 7.927133655422213e-05 0.00011347768038570294 0.00028599556841772076 6.49525250557532e-05 0.0001515583677284362 0.0001705863238911322 0.0002657360907474717 0.00019723743941336847 0.00021210372983356194 0.00020886450304992063 0.0027560138741893293 0.00017052208851810695 0.00011785106128793212 0.00012260755213928153 0.00011286432525022206 0.00030436685387567414 0.00017253556563059255 0.00021869239440058244 0.00011186975947913293 0.00016481538448270776 0.0001693136035524746 6.917629332218471e-05 0.00046786493408411883 0.00043515953388411407 0.000405818577637657 0.00019719420501383223 0.00011662195790025085 0.0001581480212050101 0.0001714798222717752 0.0002697795526794303 0.00025519791216475565 0.0002740745900512439 0.0001875876186671171 0.0002642570427466127 0.00024114348280928507 0.00028263453556253294 0.00027555715717516135 0.00016825782689307132 0.00014214227459494086 0.00016683171199833585 0.00025545152033971827 0.00014925941400500538 0.0002875423260498493 0.00028237359305326203 0.000160984190585115 0.00021705035231039664 0.0001901703325653411 0.0001394902179354406 0.00028683205371660706 0.00010692042287514576 0.00013924885918344094 0.0002423814708588058 0.00024721175312952186 0.00048457236377237914 0.001738336241302234 0.00017342507968506562 0.0004811008140632523 0.0005163669716911027 0.0031631070388972345 0.00027807167090324 0.00016093585863353183 0.00025007389671324816 0.0002776919522233591 0.0002831050142390703 0.00025447684871786135 0.0002477045950911806 0.00026511206054063204 0.0005214706516973323 0.00011073616763530535 8.940148240765751e-05 0.00020185295615988993 0.00020328975281777543 0.00030851522629022705 0.00014065215671305302 0.00033917382551581403 0.00024228713074642822 9.396918168160579e-05 0.0003118179303938202 0.0002776949066689436 0.00030507933948550127 0.0002717253057256114 0.00017280046130270347 0.0005807497204278871 0.00012357610162595526 0.00018399632903951888 0.00023397197098425017 0.00231904376029445 0.00038515131807114155 0.0001955898289074976 0.00025033415021147803 0.0002295669582538725 0.0002827484065599779 6.835498467933829e-05 0.0002545730735207079 0.00031038273225205505 0.0001949969419677562 0.00030988740288869887 0.00046537766499206884 0.00024715837731695734 0.0002172849927026573 0.00021179514521890334 0.00031086726584632254 0.0003127053134568958 0.00022313331695593953 0.0002619592756130039 0.00026287636096685926 0.00017793006320856373 0.00025878369760174477 0.000292119318441374 6.194785895358963e-05 0.00021610136107355602 0.0005268476815689422 0.0030248683092680027 0.00023274363314587686 0.00028862766152762637 0.00021045378632948098 0.00026381305981878773 0.0002990553936210393 0.0001873896783300002 0.0002470342504686791 0.0003632328764992634 0.00020478441104768613 0.00023821647325727842 0.0002350153735515626 0.00010188356801893149 0.0002925057964672952 0.0003137057812289917 0.0005750569369177291 0.00021977805506728212 5.015202773170816e-05 0.0026716162292357137 0.00019884546996682342 0.0004943720851115649 0.00026511110651017004 0.0002934654436701319 0.00010742126887378368 0.00027635683992719914 0.0001710885775966267 0.00019090425711883785 0.00026892639814649375 0.00023353398267765362 0.0002023760729695227 0.0003069882103921457 0.00033234472980284244 0.0004276342030994987 0.002765626821636876 0.00022584504497268 0.00018491307350299076 0.0001294048784534626 0.00018485706523524017 0.0031686383121101265 0.0004991116650191896 0.000315832461798537 0.00029679196486078017 0.00029232771687970295 0.0002283995867823548 0.00039569948060358054 0.00021678311909284492 0.0002741272638993375 0.00021898928936462138</DataArray>
<DataArray type="Float64" Name="g_gap" format="ascii">0.0 0.0 0.0 0.0 0.0 0.0 0.0 0.0 0.0 0.0 0.0 0.0 0.0 0.0 0.0 0.0 0.0 0.0 0.0 0.0 0.0 0.0 0.0 0.0 0.0 0.0 0.0 0.0 0.0 0.0 0.0 0.0 0.0 0.0 0.0 0.0 0.0 0.0 0.0 0.0 0.0 0.0 0.0 0.0 0.0 0.0 0.0 0.0 0.0 0.0 0.0 0.0 0.0 0.0 0.0 0.0 0.0 0.0 0.0 0.0 0.0 0.0 0.0 0.0 0.0 0.0 0.0 0.0 0.0 0.0 0.0 0.0 0.0 0.0 0.0 0.0 0.0 0.0 0.0 0.0 0.0 0.0 0.0 0.0 0.0 0.0 0.0 0.0 0.0 0.0 0.0 0.0 0.0 0.0 0.0 0.0 0.0 0.0 0.0 0.0 0.0 0.0 0.0 0.0 0.0 0.0 0.0 0.0 0.0 0.0 0.0 0.0 0.0 0.0 0.0 0.0 0.0 0.0 0.0 0.0 0.0 0.0 0.0 0.0 0.0 0.0 0.0 0.0 0.0 0.0 0.0 0.0 0.0 0.0 0.0 0.0 0.0 0.0 0.0 0.0 0.0 0.0 0.0 0.0 0.0 0.0 0.0 0.0 0.0 0.0 0.0 0.0 0.0 0.0 0.0 0.0 0.0 0.0 0.0 0.0 0.0 0.0 0.0 0.0 0.0 0.0 0.0 0.0 0.0 0.0 0.0 0.0 0.0 0.0 0.0 0.0 0.0 0.0 0.0 0.0 0.0 0.0 0.0 0.0 0.0 0.0 0.0 0.0 0.0 0.0 0.0 0.0 0.0 0.0 0.0 0.0 0.0 0.0 0.0 0.0 0.0 0.0 0.0 0.0 0.0 0.0 0.0 0.0 0.0 0.0 0.0 0.0 0.0 0.0 0.0 0.0 0.0 0.0 0.0 0.0 0.0 0.0 0.0 0.0 0.0 0.0 0.0 0.0 0.0 0.0 0.0 0.0 0.0 0.0 0.0 0.0 0.0 0.0 0.0 0.0 0.0 0.0 0.0 0.0 0.0 0.0 0.0 0.0 0.0 0.0 0.0 0.0 0.0 0.0 0.0 0.0 0.0 0.0 0.0 0.0 0.0 0.0 0.0 0.0 0.0 0.0 0.0 0.0 0.0 0.0 0.0 0.0 0.0 0.0 0.0 0.0 0.0 0.0 0.0 0.0 0.0 0.0 0.0 0.0 0.0 0.0 0.0 0.0 0.0 0.0 0.0 0.0 0.0 0.0 0.0 0.0 0.0 0.0 0.0 0.0 0.0 0.0 0.0 0.0 0.0 0.0 0.0 0.0 0.0 0.0 0.0 0.0 0.0 0.0 0.0 0.0 0.0 0.0 0.0 0.0 0.0 0.0 0.0 0.0 0.0 0.0 0.0 0.0 0.0 0.0 0.0 0.0 0.0 0.0 0.0 0.0 0.0 0.0 0.0 0.0 0.0 0.0 0.0 0.0 0.0 0.0 0.0 0.0 0.0 0.0 0.0 0.0 0.0 0.0 0.0 0.0 0.0 0.0 0.0 0.0 0.0 0.0 0.0 0.0 0.0 0.0 0.0 0.0 0.0 0.0 0.0 0.0 0.0 0.0 0.0 0.0 0.0 0.0 0.0 0.0 0.0 0.0 0.0 0.0 0.0 0.0 0.0 0.0 0.0 0.0 0.0 0.0 0.0 0.0 0.0 0.0 0.0 0.0 0.0 0.0 0.0 0.0 0.0 0.0 0.0 0.0 0.0 0.0 0.0 0.0 0.0 0.0 0.0 0.0 0.0 0.0 0.0 0.0 0.0 0.0 0.0 0.0 0.0 0.0 0.0 0.0 0.0 0.0 0.0 0.0 0.0 0.0 0.0 0.0 0.0 0.0 0.0 0.0 0.0 0.0 0.0 0.0 0.0 0.0 0.0 0.0 0.0 0.0 0.0 0.0 0.0 0.0 0.0 0.0 0.0 0.0 0.0 0.0 0.0 0.0 0.0 0.0 0.0 0.0 0.0 0.0 0.0 0.0 0.0 0.0 0.0 0.0 0.0 0.0 0.0 0.0 0.0 0.0 0.0 0.0 0.0 0.0 0.0 0.0 0.0 0.0 0.0 0.0 0.0 0.0 0.0 0.0 0.0 0.0 0.0 0.0 0.0 0.0 0.0 0.0 0.0 0.0 0.0 0.0 0.0 0.0 0.0 0.0 0.0 0.0 0.0 0.0 0.0 0.0 0.0 0.0 0.0 0.0 0.0 0.0 0.0 0.0 0.0 0.0 0.0 0.0 0.0 0.0 0.0 0.0 0.0 0.0 0.0 0.0 0.0 0.0 0.0 0.0 0.0 0.0 0.0 0.0 0.0 0.0 0.0 0.0 0.0 0.0 0.0 0.0 0.0 0.0 0.0 0.0 0.0 0.0 0.0 0.0 0.0 0.0 0.0 0.0 0.0 0.0 0.0 0.0 0.0 0.0 0.0 0.0 0.0 0.0 0.0 0.0 0.0 0.0 0.0 0.0 0.0 0.0 0.0 0.0 0.0 0.0 0.0 0.0 0.0 0.0 0.0 0.0 0.0 0.0 0.0 0.0 0.0 0.0 0.0 0.0 0.0 0.0 0.0 0.0 0.0 0.0 0.0 0.0 0.0 0.0 0.0 0.0 0.0 0.0 0.0 0.0 0.0 0.0 0.0 0.0 0.0 0.0 0.0 0.0 0.0 0.0 0.0 0.0 0.0 0.0 0.0 0.0 0.0 0.0 0.0 0.0 0.0 0.0 0.0 0.0 0.0 0.0 0.0 0.0 0.0 0.0 0.0 0.0 0.0 0.0 0.0 0.0 0.0 0.0 0.0 0.0 0.0 0.0 0.0 0.0 0.0 0.0 0.0 0.0 0.0 0.0 0.0 0.0 0.0 0.0 0.0 0.0 0.0 0.0 0.0 0.0 0.0 0.0 0.0 0.0 0.0 0.0 0.0 0.0 0.0 0.0 0.0 0.0 0.0 0.0 0.0 0.0 0.0 0.0 0.0 0.0 0.0 0.0 0.0 0.0 0.0 0.0 0.0 0.0 0.0 0.0 0.0 0.0 0.0 0.0 0.0 0.0 0.0 0.0 0.0 0.0 0.0 0.0 0.0 0.0 0.0 0.0 0.0 0.0 0.0 0.0 0.0 0.0 0.0 0.0 0.0 0.0 0.0 0.0 0.0 0.0 0.0 0.0 0.0 0.0 0.0 0.0 0.0 0.0 0.0 0.0 0.0 0.0 0.0 0.0 0.0 0.0 0.0 0.0 0.0 0.0 0.0 0.0 0.0 0.0 0.0 0.0 0.0 0.0 0.0 0.0 0.0 0.0 0.0 0.0 0.0 0.0 0.0 0.0 0.0 0.0 0.0 0.0 0.0 0.0 0.0 0.0 0.0 0.0 0.0 0.0 0.0 0.0 0.0 0.0 0.0 0.0 0.0 0.0 0.0 0.0 0.0 0.0 0.0 0.0 0.0 0.0 0.0 0.0 0.0 0.0 0.0 0.0 0.0 0.0 0.0 0.0 0.0 0.0 0.0 0.0 0.0 0.0 0.0 0.0 0.0 0.0 0.0 0.0 0.0 0.0 0.0 0.0 0.0 0.0 0.0 0.0 0.0 0.0 0.0 0.0 0.0 0.0 0.0 0.0 0.0 0.0 0.0 0.0 0.0 0.0 0.0 0.0 0.0 0.0 0.0 0.0 0.0 0.0 0.0 0.0 0.0 0.0 0.0 0.0 0.0 0.0 0.0 0.0 0.0 0.0 0.0 0.0 0.0 0.0 0.0 0.0 0.0 0.0 0.0 0.0 0.0 0.0 0.0 0.0 0.0 0.0 0.0 0.0 0.0 0.0 0.0 0.0 0.0 0.0 0.0 0.0 0.0 0.0 0.0 0.0 0.0 0.0 0.0 0.0 0.0 0.0 0.0 0.0 0.0 0.0 0.0 0.0 0.0 0.0 0.0 0.0 0.0 0.0 0.0 0.0 0.0 0.0 0.0 0.0 0.0 0.0 0.0 0.0 0.0 0.0 0.0 0.0 0.0 0.0 0.0 0.0 0.0 0.0 0.0 0.0 0.0 0.0 0.0 0.0 0.0 0.0 0.0 0.0 0.0 0.0 0.0 0.0 0.0 0.0 0.0 0.0 0.0 0.0 0.0 0.0 0.0 0.0 0.0 0.0 0.0 0.0 0.0 0.0 0.0 0.0 0.0 0.0 0.0 0.0 0.0 0.0 0.0 0.0 0.0 0.0 0.0 0.0 0.0 0.0 0.0 0.0 0.0 0.0 0.0 0.0 0.0 0.0 0.0 0.0 0.0 0.0 0.0 0.0 0.0 0.0 0.0 0.0 0.0 0.0 0.0 0.0 0.0 0.0 0.0 0.0 0.0 0.0 0.0 0.0 0.0 0.0 0.0 0.0 0.0 0.0 0.0 0.0 0.0 0.0 0.0 0.0 0.0 0.0 0.0 0.0 0.0 0.0 0.0 0.0 0.0 0.0 0.0 0.0 0.0 0.0 0.0 0.0 0.0 0.0 0.0 0.0 0.0 0.0 0.0 0.0 0.0 0.0 0.0 0.0 0.0 0.0 0.0 0.0 0.0 0.0 0.0 0.0 0.0 0.0 0.0 0.0 0.0 0.0 0.0 0.0 0.0 0.0 0.0 0.0 0.0 0.0 0.0 0.0 0.0 0.0 0.0 0.0 0.0 0.0 0.0 0.0 0.0 0.0 0.0 0.0 0.0 0.0 0.0 0.0 0.0 0.0 0.0 0.0 0.0 0.0 0.0 0.0 0.0 0.0 0.0 0.0 0.0 0.0 0.0 0.0 0.0 0.0 0.0 0.0 0.0 0.0 0.0 0.0 0.0 0.0 0.0 0.0 0.0 0.0 0.0 0.0 0.0 0.0 0.0 0.0 0.0 0.0 0.0 0.0 0.0 0.0 0.0 0.0 0.0 0.0 0.0 0.0 0.0 0.0 0.0 0.0 0.0 0.0 0.0 0.0 0.0 0.0 0.0 0.0 0.0 0.0 0.0 0.0 0.0 0.0 0.0 0.0 0.0 0.0 0.0 0.0 0.0 0.0 0.0 0.0 0.0 0.0 0.0 0.0 0.0 0.0 0.0 0.0 0.0 0.0 0.0 0.0 0.0 0.0 0.0 0.0 0.0 0.0 0.0 0.0 0.0 0.0 0.0 0.0 0.0 0.0 0.0 0.0 0.0 0.0 0.0 0.0 0.0 0.0 0.0 0.0 0.0 0.0 0.0 0.0 0.0 0.0 0.0 0.0 0.0 0.0 0.0 0.0 0.0 0.0 0.0 0.0 0.0 0.0 0.0 0.0 0.0 0.0 0.0 0.0 0.0 0.0 0.0 0.0 0.0 0.0 0.0 0.0 0.0 0.0 0.0 0.0 0.0 0.0 0.0 0.0 0.0 0.0 0.0 0.0 0.0 0.0 0.0 0.0 0.0 0.0 0.0 0.0 0.0 0.0 0.0 0.0 0.0 0.0 0.0 0.0 0.0 0.0 0.0 0.0 0.0 0.0 0.0 0.0 0.0 0.0 0.0 0.0 0.0 0.0 0.0 0.0 0.0 0.0 0.0 0.0 0.0 0.0 0.0 0.0 0.0 0.0 0.0 0.0 0.0 0.0 0.0 0.0 0.0 0.0 0.0 0.0 0.0 0.0 0.0 0.0 0.0 0.0 0.0 0.0 0.0 0.0 0.0 0.0 0.0 0.0 0.0 0.0 0.0 0.0 0.0 0.0 0.0 0.0 0.0 0.0 0.0 0.0 0.0 0.0 0.0</DataArray>
<DataArray type="Float64" Name="heat_i_to_j" format="ascii">3.7880180611123638e-06 1.221259021019791e-07 6.377309624409604e-06 -2.6538226303633502e-05 7.574438342821756e-06 5.556308764431212e-06 -1.3130747107279531e-05 0.0 1.0448199514187915e-05 -1.023413243435894e-05 -5.72422272399789e-07 4.854556049588934e-06 -5.2109841967637616e-06 7.147833398114726e-07 -3.8028164050350866e-06 -4.384103666652588e-06 -8.949473816791266e-06 1.7136393888361824e-05 -9.559675931975792e-07 -8.837104146983869e-06 1.2499102482000576e-05 3.906153072553276e-06 -5.795837072327981e-06 -1.0609418482210801e-05 1.34609944726117e-05 1.9659801163387598e-05 0.0001323755088325335 3.215168692923183e-05 1.3734103461985728e-06 -2.9100230349354793e-06 -2.6645173876839432e-06 1.1275698330488669e-05 -7.074568254074862e-06 -3.623361189165348e-06 2.4962006937752065e-06 1.1271604953902003e-06 3.5715188581329647e-06 7.034302966635986e-06 -1.060582182477445e-05 3.163827132836104e-05 1.2267187709329566e-05 5.737513160067115e-05 4.379117439930138e-07 -9.344402936676084e-06 -1.0721898460311904e-05 1.7783544696970153e-06 1.785003518331007e-05 -7.594386441520782e-07 9.029481630270952e-06 -1.8101257875690417e-06 -6.459917198579719e-06 1.2157366739815497e-05 -1.0232266740593993e-05 -1.7791453161790305e-05 1.5866353162554594e-05 -1.0417025811191296e-05 1.9866879801188685e-05 -8.245750439788108e-06 -9.233229578429756e-06 1.1600644886294199e-05 -2.7079745260740026e-06 -1.1195976488698248e-05 1.0426370165408515e-05 -1.0035625443299695e-05 2.809147586253993e-06 1.070405870637814e-05 -1.5480243764593333e-05 6.642473908680531e-06 -6.777703185843722e-06 -3.6675871279093642e-06 -2.4201480561360265e-06 -1.2780271543787387e-05 -3.3135796770436732e-06 1.8513999277095295e-05 6.663807449553475e-06 2.4196221560669266e-06 1.3647699086166027e-06 6.001170292356269e-07 1.5019333052407315e-05 -2.1216558680272883e-05 5.597108598689757e-06 -1.6072935341646618e-06 7.148618103862748e-06 2.0073786527215562e-05 -2.561511109699297e-05 1.29597439646003e-05 1.0213638015272298e-05 2.7855728002928262e-05 3.2869040500694934e-05 1.5998775382620175e-06 1.1342644591189992e-05 8.283232835762374e-06 -3.92839254716595e-06 1.9070685045187874e-06 3.7261642181381015e-06 -1.7048401754780405e-06 7.5228181696399905e-06 4.976284312355847e-06 -1.4013304188134598e-06 -1.0162899280965494e-05 -3.1362535781571266e-06 -1.0712996477506862e-06 -6.442503569722168e-06 -1.9594968717809947e-06 1.849861738740347e-06 3.5380338606757564e-06 2.6233088790896877e-06 2.923393308900337e-06 1.6687075270289484e-05 -3.3152451091202275e-06 1.236896593052161e-05 -1.1516087957178356e-05 2.4623671357637974e-06 3.863154705932306e-06 1.0169735967013153e-05 8.376869070800394e-06 -1.8089979968380355e-05 -4.319779775310158e-06 -7.811146263095987e-08 7.811146263109411e-08 0.00016075527279615692 1.522783617664959e-05 -0.00024399803241160703 7.991103839653721e-05 5.7437137665776705e-06 -1.7639828723747732e-05 5.0793983173304036e-06 3.0527337396036204e-06 -9.81102439946517e-07 -7.151029617045048e-06 -1.6263149026970824e-05 5.409068902837571e-06 1.0854080124106466e-05 -7.613726160682239e-06 2.466898280968901e-06 -1.1582873540927575e-05 -9.22354809423062e-06 -1.3927518377487388e-05 1.392751837749861e-05 1.0416683549684203e-06 -7.371800726138056e-06 6.330132371175558e-06 -4.290651850291459e-06 1.6135483152676793e-05 3.460112410014483e-06 -1.530494371236554e-05 7.065936305543993e-06 2.223803231322046e-06 1.4225310252452747e-05 -5.275133669321614e-06 1.452717532089079e-05 8.117376075709147e-06 -2.0686612852918412e-05 3.317195125642642e-06 1.4430929414778203e-05 -5.931031221339016e-06 -3.0251026364158304e-06 -2.851486677902881e-06 -5.013818847762093e-06 9.04854921504614e-06 -5.366746537442845e-06 4.750746567155969e-06 -9.5699372499724e-06 6.1512068529691365e-06 3.096317963689913e-06 1.186593852960417e-06 -1.0129440840756304e-05 5.84652902412507e-06 -2.86560905678946e-06 -5.025218608573831e-06 -2.634609347750624e-06 1.0525437013073824e-05 5.995398582093268e-07 1.317257019244665e-06 -1.9167968774540724e-06 -4.223563950136642e-06 8.97105111160231e-06 -4.747487161469698e-06 6.081514258520238e-06 6.2162304444827815e-06 -1.40324371407976e-05 -2.060011915914794e-05 1.886258308063007e-05 7.671417864841856e-06 -0.00017865696606075753 0.00018675552141500924 1.8018311958526403e-05 -8.375507656243537e-06 -9.64280430225669e-06 9.78464821219593e-06 0.0001933962071173297 8.649047681350855e-06 0.00017556693735216035 3.641654879047199e-06 2.967176693078217e-06 -6.608831572141768e-06 2.8479040403998357e-06 -1.1294044772868026e-05 2.8479118111288613e-06 5.598228921361383e-06 -2.0899858889768576e-05 3.011916204969283e-06 1.3290091441592105e-05 4.597851243195239e-06 2.1084826152898377e-06 1.4998016352622057e-06 1.2143184711325665e-06 -4.82260272169257e-06 -1.1939091842525198e-05 1.8916282600612806e-05 -6.3776508998958955e-06 1.5616646115582763e-05 -1.3794406659340644e-06 1.079410108812592e-05 1.0275063001569474e-05 -3.5306369539355134e-05 1.002577829482148e-05 9.553975952591938e-06 -3.8657803417538645e-06 -8.771007501399109e-06 -6.942966404299418e-06 0.0 1.1549925880745054e-05 5.959965264855216e-06 -7.348633175018666e-06 -3.0953216650575525e-06 -1.3678031640905445e-05 1.0349385130334608e-05 2.274262598496816e-06 7.696857820716999e-06 -2.120900019995136e-06 -1.1638990968477399e-06 8.298148091349242e-07 1.3123137194308454e-05 -1.0668152886584664e-05 5.545797889302944e-06 1.6384475359042515e-05 6.846059763476157e-06 -9.162153129415906e-06 -1.9614179882344262e-05 0.00017024389690617028 -9.48862411018019e-06 -6.774847515420272e-06 4.3021544543342034e-07 1.0250785142525654e-05 -2.0602130636313833e-05 1.229783238790014e-05 -5.756184361484705e-06 1.5433892956076607e-05 -8.756009247634497e-08 3.973311625000599e-06 -0.00013515305162049897 6.411926623851942e-05 4.214537687603824e-05 2.5002656973038493e-05 3.5404116863935737e-06 1.209038874242474e-06 -4.749450560640169e-06 -1.4973878930229156e-05 1.4973878930208307e-05 5.738179937397532e-07 -5.738179937376054e-07 4.140073748532392e-06 -1.0917776934379783e-05 -1.799433854717356e-05 -1.0314730709221473e-05 -1.632643938882425e-06 1.3765940540934618e-05 -1.4254196622036355e-05 9.694419278608844e-06 -6.959231871190972e-07 9.41688512974463e-06 3.7551342360996365e-07 -1.3958134441070743e-05 -0.00013783309039636552 -1.637295975140638e-05 1.9255595420380055e-05 2.054826708146745e-06 -1.886594555593522e-05 -2.3223827415698177e-05 2.0779350843163392e-05 -7.719809444027785e-06 2.6408837197272803e-07 -1.8826936737846334e-05 9.777849961129616e-06 9.477745459219846e-06 0.0 -1.1148164638188223e-07 -2.949315660252209e-07 -1.5231647262233906e-05 1.5638060474716836e-05 1.1505702135682521e-05 -3.4498765425304667e-06 1.0724147765046251e-05 2.6582821675690886e-06 -6.932693482804432e-06 1.1577602709917195e-05 1.943718550884865e-05 -7.849524097823771e-06 -1.889085280567443e-05 -2.5095080866448418e-05 1.2521240148109644e-05 -1.011838802152707e-05 6.568037542698619e-07 2.203542498570133e-05 1.4006065648895752e-08 -1.4006065648907146e-08 5.503840364735051e-21 -1.0554263558254954e-05 6.1310650969830225e-06 1.3206647238977837e-06 -3.9484063680379864e-06 7.050940105379677e-06 -1.7174295636818945e-05 1.1672770141265326e-06 -1.3355974815020665e-06 -2.536045249890613e-06 -4.225544743864595e-06 -8.439745459467974e-06 1.0101622701480757e-05 -4.571900276947595e-06 -6.117430032836635e-06 1.0768320889506011e-05 1.168710706264373e-05 -4.0672779428892455e-06 -7.770724495308237e-06 1.1437355439369905e-05 4.006469988199627e-07 7.700879017722258e-07 2.7595188272297213e-05 -1.4575632547765554e-05 -1.5784957134042393e-05 6.018657009697938e-06 -4.023343501890815e-06 -2.4230261418188767e-07 -1.412078619446911e-05 -1.7779270890062803e-05 -2.7491997847074804e-06 1.3609969587611406e-05 3.101288244450402e-05 1.4336859464361894e-05 -7.810970542052299e-07 -1.925759423561762e-06 -2.1435704552305353e-05 1.999741454432194e-05 -3.5840950790744438e-06 -8.37287595007297e-06 1.337377058618322e-05 1.947249874424291e-06 -1.6160949268308894e-06 -1.2554662187957263e-05 4.156668505289976e-05 8.218456881778007e-06 -3.56143848197929e-05 1.1147168456876976e-05 -1.2026027240480582e-05 -1.2770701377766942e-05 -7.060194286308145e-06 -1.3533832510968361e-05 3.424358695870105e-05 3.498119210009661e-06 -1.0707942566306966e-05 6.896800307705922e-06 -6.232102099924837e-06 6.545125148451554e-06 -8.578865298834519e-06 -2.0956846171267434e-05 -4.157386784137036e-06 1.6221168561327913e-05 1.747192969297079e-05 1.4512110378105503e-05 1.5139247698647955e-05 -7.210299764449298e-06 1.1047074754873794e-05 -9.867067694543947e-06 -1.0822217876927431e-05 8.969728205544821e-06 7.60114912422937e-07 -1.19370812647807e-05 2.2896523718383628e-05 -3.393241766777993e-06 3.420155866120849e-06 -1.2791357307828116e-05 3.6752621354121677e-06 -1.144951361295104e-06 1.0289542765028395e-05 -2.0685594018123436e-05 1.1798864338253271e-05 1.884915008387161e-05 -1.642012053305319e-05 -1.2271588095395671e-05 1.57523106952116e-06 -1.4391126737210692e-05 -1.4779611991108498e-05 1.5022286619803324e-05 -2.0440803089639864e-05 2.713059454134569e-05 1.8914818578162765e-06 -7.704996263899045e-06 -1.589856366534856e-05 1.6379599793645496e-05 1.476639955297288e-05 -1.0589277637407257e-05 -1.0457827551861e-05 -2.0682890588339064e-05 3.528560163876578e-06 7.05543626704368e-06 2.8300521103871465e-06 1.7813916253674356e-05 -1.9615818359271405e-05 4.212885223292715e-06 2.803861249671266e-06 2.4995123804118345e-05 -2.2780806649706875e-05 -4.788768218276105e-06 -6.66407723448295e-06 -3.197842480881416e-06 1.132049832080014e-05 -1.608081668476667e-05 -2.7503329679728376e-05 1.3207838000789653e-05 2.2253652523767782e-05 -1.4320333527576198e-05 2.024920255911697e-05 -2.8701888930165207e-05 1.8482368048266204e-05 -1.3071182391203195e-05 1.0516823775346067e-06 1.2883133325304839e-05 -1.4821767752714188e-05 -1.028046482607305e-05 1.1718748349090751e-05 -1.6572926034370408e-05 -2.089608134047794e-06 -2.265455765082855e-05 8.620155883942838e-06 -1.6248997082645304e-05 3.028339884932865e-05 -2.5875633898488634e-05 2.6813573843673028e-05 -8.088726606069464e-07 1.107236126456609e-05 1.3323005812273832e-05 -2.558447431968298e-05 1.9381987783568658e-05 2.6888078059503066e-05 -1.944498101707184e-05 -9.420498029050372e-06 5.894515621812767e-06 -1.9981090898389307e-05 1.2673428773373767e-05 1.8408082875035746e-05 8.565712875998966e-06 -2.7264435271529383e-05 -2.1132498116707323e-07 1.8910047376680456e-05 -7.005027276463387e-06 2.627757660729032e-06 -1.7402555654709646e-05 1.1575620891390765e-05 -3.500591793515455e-07 1.3688113958657916e-05 -6.90780305025669e-06 5.941405429381021e-06 -1.6591481276603285e-05 3.869764938787717e-06 0.00011288434398822232 -8.594213582331916e-06 -5.9409937913053605e-05 1.1057604224990663e-05 -8.388829899037999e-05 0.0002855910106122131 1.4689802722730601e-05 -0.00028636274820344117 -1.3882560274264154e-05 -6.85186372476626e-06 -8.358707753752679e-07 2.1570294774425994e-05 -1.4447269939228089e-05 -5.953126034458895e-06 5.39249646477465e-07 2.3463728292228613e-05 -3.6025819651111614e-06 1.6596543997191672e-05 1.8671538731971612e-05 -2.525259032682788e-05 -1.5029311250013886e-05 2.0322194268806906e-05 -6.986361645943458e-06 2.8050651405660097e-06 -1.9672921850719475e-06 2.4229384189417744e-06 1.1704550145309725e-05 -7.615518885633371e-06 1.223189787759031e-05 6.9836060593233264e-06 -2.6439301342537296e-06 -1.0220333438259681e-05 -1.2329872875164148e-06 -1.0951991503738805e-05 3.705050558124024e-06 -1.7456870659752638e-05 1.537649472776279e-05 -1.0480485517403665e-05 8.855810891324795e-06 6.291987376310891e-06 -8.002244732294388e-07 -5.491762903083012e-06 -9.788529417684184e-05 0.00017822756668105585 2.2557682571706822e-05 -8.48816431174678e-05 -9.804023068853812e-06 -9.933121733809167e-07 -1.7531697458487373e-05 1.089717075504949e-05 1.4869850631840129e-05 -2.219755771619349e-05 1.45725929767063e-06 2.7032285794787065e-05 1.1753364084703323e-05 -7.703406272021122e-06 -1.602125280754406e-05 -1.126028995074423e-05 2.559378066902747e-06 1.5508586493168283e-06 -1.2426204248155826e-05 -2.1535437480354148e-05 6.954085320490496e-06 -1.4309106687011811e-05 2.324644635424865e-05 2.3063814087660977e-05 -2.5720750703955855e-05 -1.4985188554077028e-06 4.14995841610693e-06 -1.4457665796577e-05 1.972053649871922e-05 -3.084853367055059e-05 -1.7691697361446784e-05 -1.1254494979227343e-06 -4.357124253522341e-06 3.543410804767316e-05 1.5759210033827373e-05 -2.8019046968578434e-05 -8.15901946450556e-06 5.916041702775914e-06 -5.801477534968918e-06 8.044455296684382e-06 3.2612725458744854e-05 3.122962763208214e-06 -2.842648453571853e-07 -2.693208596037057e-05 1.3029913336270983e-05 4.481674595037895e-06 -1.7022957039226115e-05 1.2177085185646176e-05 8.386283539979026e-06 9.462260695666404e-06 -1.8173126336477474e-05 8.231018679394157e-06 1.9250813269409977e-05 2.914118071486204e-06 2.470335503521849e-05 -1.6396380249198082e-05 1.741399226621301e-05 -2.3826471954067687e-05 1.4758609129280475e-05 9.09191916271344e-06 1.032449923519671e-05 -4.538596156809054e-06 -3.1870193811078896e-06 1.3017762418413216e-05 8.264293040428925e-08 1.2250555972159349e-06 -1.6842871372846195e-05 1.2669563788431854e-05 0.00023839871484668344 5.841677314918678e-05 1.343109830401535e-05 -0.00018466901899714938 -0.0002764818400898541 1.8167516879366877e-05 4.416672908528794e-07 -9.26094903955633e-06 7.812115903152338e-06 1.1853156607765562e-05 8.180796843977043e-06 1.1019478250362958e-05 -1.6763771825834915e-05 -1.6756836796169724e-05 -3.530906983859366e-05 5.273554620619358e-06 -1.9643799985394247e-06 3.199989521651246e-05 -6.2613153344132915e-06 -4.8311394594753484e-05 2.786610629122334e-05 1.9245315756592584e-05 -1.3138831277710155e-05 1.034432323076698e-05 -8.40977273286354e-06 1.5661692117709273e-05 -1.05619396490048e-05 -6.389863722788621e-06 4.944582741585904e-06 2.3303798473775346e-05 -2.385836321447371e-06 -7.768131025797966e-06 8.3665322074283e-06 4.73554231690829e-06 -1.2355242542572887e-05 -1.0738194772419941e-05 1.1689264674024492e-05 -3.66493156946304e-06 -4.2911656086231785e-06 -5.001217864566144e-06 5.001217864553866e-06 -1.3683549566902679e-06 -2.576622006491034e-05 7.352787152723197e-06 1.0137130147186688e-05 -3.4155582397171993e-05 2.3792321851568975e-05 0.00010547633338133917 4.629843678722282e-06 1.5833550837314502e-06 0.00011244345103449878 -2.0287283693361833e-05 -2.013692967723262e-05 2.5486507860715375e-05 1.8435824719853372e-05 -2.860822406957875e-05 -1.4272345923280678e-05 2.8874840963468728e-05 5.148368870845726e-07 1.4648649018242647e-06 2.1621433561353972e-05 -9.76339950180782e-07 -1.337565791992936e-06 2.0046105132057662e-05 9.062731483634908e-09 1.1306317061838296e-07 3.8096493176243033e-07 3.5682655798422716e-05 -4.502338724362612e-05 0.00013277188887568308 -1.717044057467537e-06 7.278401765718215e-05 0.00024104897507677914 2.5242170699357303e-09 -2.5242170698519816e-09 3.198192413665162e-06 3.233055193632568e-05 -7.269633431136423e-06 -3.548347126356731e-05 3.6294533966026857e-07 9.873331209896403e-06 -8.853751911233068e-06 -5.010296226929858e-06 -2.8504676658121357e-05 1.6399159931297677e-05 8.565626642185074e-06 -2.160187761615283e-06 2.024910873137454e-05 -3.336036737005859e-05 -2.0727230383854297e-05 1.2310526243570603e-07 -1.7883512646602488e-06 -5.217091717625031e-06 2.1220350525161885e-05 -2.148138891916288e-05 1.0116175723937611e-05 4.4267889897399714e-08 -1.529353653009449e-05 -1.8624911076197954e-05 -4.501033771772492e-06 1.458742439871603e-05 1.3734948682433674e-05 6.498946595492065e-06 2.9383067677773378e-06 -1.8111979044586467e-05 -3.9092513834318155e-07 -7.210786369192554e-06 8.782719193061785e-06 -5.584960465213599e-06 2.5649251975853846e-05 4.00318721275226e-06 1.3091271256365514e-05 -1.6949733272493083e-05 1.2087176701804203e-05 -2.299834481592906e-05 0.00024101404277628185 -3.154926065581525e-06 -1.0175124730299057e-05 1.2614533350797095e-05 2.7367149221657246e-07 -3.954790402374187e-06 -2.0725044607636245e-05 -0.00023327184666126452 -1.5031828962193284e-05 -4.015847957640114e-05 -5.546422134718089e-06 -1.2218264121340017e-05 -2.0528572007727175e-05 2.8426190569140372e-05 -1.5685844988904378e-05 -5.526501322066834e-06 -2.3405912352296336e-05 9.236459267187975e-06 -8.605884665380634e-06 1.1236785952447623e-05 -2.1405053857044647e-05 0.00013524222816034215 3.6445461604462662e-06 6.269371909649875e-05 1.5322029165844344e-05 -2.3459403885286774e-05 -5.382538678014726e-09 -3.123277038502913e-06 -2.3958886867312265e-05 -1.147210322707813e-05 3.618158489107752e-05 1.267849073671381e-05 5.433497547375306e-06 -1.2850760307101558e-05 0.000232335921994465 -1.1580267794023023e-06 5.7084142101363605e-05 -0.00032372267160403115 -1.7810927863708586e-05 -2.2002571520427145e-06 2.888535368213435e-06 6.035811073521483e-06 1.1997499653423625e-05 -2.4784801598947124e-05 2.6721874113180066e-05 1.6217548184230825e-05 2.1724505857775845e-05 -3.2229495195120397e-06 -1.0355648299940005e-05 -1.3961823118302061e-05 1.6185902516485017e-07 -1.0174035054115681e-08 -1.5168499011076813e-07 1.0085649688561576e-05 -2.9960537317422077e-05 3.199399272983848e-05 2.002424819790846e-06 7.407854181117355e-06 -1.8871101934215083e-05 -2.3954075600636684e-05 2.2986253460661872e-05 1.3897088480531681e-05 7.770164748035366e-06 -1.362483794331805e-05 -7.074593145268684e-06 0.0 1.5083716638512573e-05 -1.7075055077276248e-05 -5.907247436126283e-07 -3.979980600628556e-06 -2.0421029102703818e-05 1.0503610754718937e-05 -7.037634338056531e-06 -2.9772681703824115e-06 -1.9708400944708415e-05 -7.792311463925702e-06 -2.1470104994539097e-06 -1.2419208862925759e-05 5.095712304708705e-06 -4.112167304979097e-06 8.972131851555691e-06 -1.547421476946074e-05 -1.0744611108793775e-05 2.290623148955292e-06 -5.269287956184006e-06 -1.084281603163735e-05 -9.293538366494049e-07 1.8777951394694092e-05 9.082458515213169e-06 1.6378578632973877e-05 1.688943778971961e-05 1.1211777264625626e-05 -1.6104089815455832e-06 -2.732581723175221e-05 8.350111589268535e-07 0.0002622458150578623 3.6557615282629656e-06 5.133430205116235e-05 -0.00021629062649075267 -1.3709358322312541e-05 4.301888302833909e-06 -5.307081953694234e-06 -8.194237105868368e-06 -7.783659016536395e-06 -2.2822241149710382e-05 1.8426610887282806e-05 4.990613619098351e-06 1.4581898735698441e-07 -3.528182977354065e-05 -1.0908189422911028e-05 7.031914545768278e-06 -9.566094661910419e-06 -1.3145124788648497e-05 -2.479450482227913e-06 -2.3348230067573964e-05 1.755948359151988e-05 1.2324194754475299e-05 7.774849186329982e-06 -5.798339951172563e-06 -2.750001896551299e-05 2.4498285660569506e-06 -9.316413394714948e-06 6.539364092510812e-06 2.224030538304072e-05 -1.9463256080839168e-05 1.9284366795402283e-05 1.3738707348292033e-07 -8.539648670979124e-06 -1.8431710342683356e-05 7.54960514476573e-06 -6.164675789475329e-06 4.842386640895218e-06 1.192896132067854e-07 -6.4376472749371905e-06 -1.8621641289521305e-06 -2.5521414949821528e-05 -2.0388802459992622e-05 -7.150454470994819e-06 1.2958235192021556e-05 3.73634478120438e-05 2.3904697314217002e-05 -2.4300411618058815e-05 2.556632745324046e-05 5.281924547867706e-06 1.309644636641936e-05 9.464946247478232e-06 -1.2402970019826353e-06 -1.3921677126267486e-05 6.301230258980734e-06 -1.1412269417205608e-05 1.0638907054350093e-05 8.39380923007456e-06 9.677833874878743e-06 -2.0249304632049616e-05 1.4721429173222002e-05 4.1144904589471735e-06 1.5675818510097177e-07 1.1251583558450856e-05 -1.7452527145533376e-05 -6.239071702985069e-06 8.016937090154964e-06 -7.468523834083347e-06 -1.5884206219347245e-05 2.300983221951345e-05 2.9901196186781407e-06 2.95034534455527e-06 -2.265668178747856e-05 -1.1256027274407386e-05 -3.485366434700268e-06 2.0111522859976247e-06 3.4400365914009605e-05 4.5698245840464704e-07 -3.349699591781459e-05 1.0954805711652035e-05 1.4181667158926833e-06 1.7827004447576334e-05 -3.913298265912608e-06 -2.8237938817101056e-05 -1.4256938350597722e-07 -1.8196238534791173e-05 3.1231181895027725e-06 -1.2503518863478892e-06 -9.908840850823327e-06 1.0635401190033176e-05 -1.2943191734725454e-05 5.117863969444839e-05 0.00015628867733965515 9.1803762564083e-06 -2.8756250774391466e-06 -1.8994702422962594e-05 -1.5937768478511634e-05 1.7708892398415991e-06 -1.2955368490983808e-06 -1.9217349583020466e-05 4.5342967918282185e-06 -1.1948839380378461e-05 2.962179967668251e-05 -3.080147067064531e-05 -0.00021840394656610318 -3.719782496431888e-05 1.8996883134775238e-06 1.3292306617201278e-05 -4.625906454162225e-05 -1.1901060647352026e-05 -3.190226257449082e-06 -4.899340608512251e-06 4.0150133039243955e-05 1.3005311434915901e-05 1.17335677113736e-05 -0.00026751833562164165 -3.0642523224626734e-05 2.4968114700558932e-05 -6.2948292269364205e-06 -1.0456412844608598e-05 8.701892671329325e-06 2.555643663443098e-05 -8.66733506580826e-06 -4.437846150962035e-06 -1.5770671172940847e-05 -4.737918022229662e-06 1.5216845509175052e-05 7.828394851635834e-06 -8.433904698608165e-06 -1.100001905153809e-05 4.4169754559810935e-06 -1.0470608829335777e-05 6.532365671169205e-06 4.34173491968554e-06 1.3524141155081624e-05 6.408722627053833e-06 -1.431011726587931e-05 -4.2596387585170165e-07 2.227527130961368e-05 8.849459211851688e-06 -4.861599997011501e-07 -2.5218902774967336e-05 2.864570009455935e-05 -3.2870167671788355e-05 3.7367464767893125e-06 -2.941847595696633e-06 9.922676856956057e-07 -2.110339091366685e-07 -8.479530053579531e-06 1.2904127346962613e-05 -2.77853984238579e-05 -1.1202560779097495e-05 5.404220827934701e-06 -5.382538678019923e-09 -2.225798084025943e-05 -1.9536950656435644e-06 -1.6247066860179792e-05 -5.814444045739871e-06 -1.635037556362645e-05 2.1836931073958545e-05 -9.034291198404064e-06 -5.377130746854958e-05 -3.050947871811482e-05 -4.082312623004122e-05 0.00013544343102323767 -1.7183187851673705e-05 9.263291400839339e-06 1.1022810215890876e-05 -5.804736510171679e-06 -5.215549488655668e-06 -5.216079356122331e-07 -1.821917472914285e-05 8.687904090671041e-06 -9.547972582272346e-06 5.799840371063968e-06 -2.0407313191445478e-05 -3.5559513257317436e-06 -1.1868324277777686e-05 1.2303987305843923e-06 -1.221931166339832e-06 -2.651511240268451e-05 3.208396067294166e-06 -4.3835210656613434e-07 -4.383433650892868e-06 7.947652213855831e-06 -2.966491257916118e-05 2.1100896627636312e-05 5.3807588030569985e-06 2.410641757166393e-06 -2.1196000508156114e-06 -2.0551735947758193e-05 8.224142232609655e-06 3.934928157733102e-05 -1.9887538377322864e-05 1.5755444740671917e-05 7.90600847723867e-06 1.5412965692982188e-05 -3.5127205823531443e-07 -5.681953860938411e-06 2.858713654297113e-05 -1.6183326825414823e-06 -2.7599211755570405e-06 -1.0210207095437654e-05 -9.246612155761239e-07 2.3957758132533024e-05 -6.880712641816224e-07 -1.9069023115449245e-05 -1.0578678227169675e-06 1.5449597250436455e-05 -1.1886721013649914e-05 -2.3404138645287083e-05 1.2312219274902057e-06 -1.3613457106805446e-06 1.7226892006217778e-05 -1.875965643334974e-05 1.8432249732332245e-05 5.155655833106439e-06 -1.0762799757411617e-05 8.983517796596194e-06 3.582045497307897e-06 2.136215513341274e-05 -8.9313132604568e-06 -2.9647831579550256e-06 1.5383169097269693e-05 -9.49222076379299e-06 1.939812738629524e-05 -1.0685891725749334e-05 -9.941050012560296e-06 2.042044552091412e-05 -1.7752455819239044e-07 1.9757021082368016e-05 -4.1111788156911295e-08 1.0071361259413322e-05 0.00033545869472824115 -0.00019312996286004972 -2.299892295709664e-05 -5.725159827658686e-06 -0.00012949045438776185 1.9654391198475422e-07 6.5660683825602475e-06 5.284653448414602e-06 8.318768250473533e-06 1.1394836316710826e-05 -1.8813557133363912e-05 8.06185762507004e-07 0.00018254532322962337 1.3973067845994954e-05 -0.00017990847618009614 1.3974564754604341e-06 -1.8387663045327283e-05 -3.0148692831161355e-05 -4.8839991864739755e-06 4.044522556772711e-05 1.1356796812494705e-05 1.2838379498103156e-05 2.1134624196578108e-06 1.7959759247250515e-05 1.0790462834882305e-06 -2.8724054660330463e-05 5.783126582918596e-06 5.839162371373042e-06 -2.3661571720740112e-05 2.0224107290296013e-05 -2.367713462583915e-06 -2.283872996972033e-05 3.5219009068880914e-06 -3.1104308592456355e-06 3.7971039255819196e-07 7.465418311447919e-06 1.2513641838476131e-06 1.5154305675020683e-05 -3.4509531042403217e-06 5.342587013915692e-06 9.403885192546307e-06 -1.2357455519731058e-05 2.0407921539058174e-05 -5.534228316329428e-06 -2.4037350455931562e-05 2.663306155945789e-05 2.8294881453360057e-05 -2.220797225188537e-07 7.397641894824649e-06 -2.828188181132903e-05 5.20212368605218e-06 1.004398225817599e-05 -2.018857712903215e-05 -2.577729051073872e-05 0.00014034768244966205 -5.5586281679729115e-05 -2.2131420475137552e-05 -1.675074796264595e-07 1.2888566013400177e-07 3.862181949228541e-08 0.00023770573528943598 -0.0002040500155257487 -7.079857332480104e-05 -1.5649986203938065e-05 -1.109525866124656e-06 -2.131959064920137e-05 4.981964042011649e-05 7.587146405764374e-06 -5.399326857690709e-05 -3.207547774690973e-05 2.6054607839573838e-05 4.183160855034784e-06 -1.4867218469630213e-05 -1.6533928040664406e-05 2.896341530037675e-05 1.5049816472808275e-05 -2.0199031364967165e-06 1.9998251222910714e-05 -1.843455964996915e-05 6.211205457541412e-06 -3.243233550393988e-05 -9.16118276786568e-06 -3.157438545327568e-06 -1.0807924108850223e-05 3.008063074261432e-05 3.4501999542907064e-06 2.9768513206051532e-06 1.0909089826477769e-05 -1.7819121442612656e-05 1.3510512883736277e-05 -1.3394068250987677e-05 -3.1094920680896346e-05 1.8595937784531417e-05 -4.915938213612445e-06 -1.6719609284949086e-06 1.1918345962573002e-05 3.952261424832137e-06 -1.3752980288216283e-05 -2.1050932141566466e-05 1.1280211032022317e-05 -8.683598485492227e-06 2.3838562571999383e-05 -2.1217276176386858e-06 6.526784603565651e-06 -1.4848494896448682e-06 0.00015590720197880813 -2.695573882814596e-05 -7.453146649477709e-06 2.5955649847522247e-07 -1.3551716511833873e-05 -2.4248126058939626e-05 8.961271913529092e-06 -3.4428790224186816e-05 2.778535691261892e-05 -3.492904521175727e-05 0.00023270632313641523 9.636460244204527e-06 -3.8262995865382136e-05 -1.3965713476922285e-05 -1.1033050083369444e-05 -2.3788133678582997e-05 -9.712857116580938e-07 2.7849896219725014e-05 2.317794525722727e-05 2.534690592163886e-06 -3.677210863595401e-06 1.216529843207821e-05 -6.5138135201579785e-06 -3.168483975557573e-06 -3.762925203203494e-05 1.0767739052753924e-05 -2.5074373020646226e-05 -3.6947369133075523e-05 1.9284920599777752e-05 7.513815896202325e-06 9.726673714212188e-06 6.5260063021684436e-06 -8.164826101703959e-06 -2.5313788248694203e-06 -1.35270191724525e-05 4.978811356481775e-07 -1.6423072939231334e-05 -6.267386586373372e-06 3.815700086898126e-05 -3.713841126630401e-05 -2.304847259022359e-05 1.4355907726351174e-06 6.609540681563313e-07 -1.0924976261024303e-05 -2.0518571653722987e-05 -9.521801343561024e-06 -1.347671085418652e-05 -2.1648675607462973e-05 2.644992158308902e-05 -1.5978589384947692e-05 2.9843147023335892e-06 3.952030761928978e-07 -0.000282043125184526 1.790207299175753e-05 -2.6889855161366726e-06 -4.92577614897027e-07 -8.31752787979282e-07 -3.6494517521081016e-05 -7.541108372359668e-06 -3.874865839218642e-06 8.0509721121391e-06 -1.1104522892746286e-05 1.0083133957029903e-05 1.0213889357116022e-06 -7.54118591291862e-05 -7.303799918249957e-05 -2.1018336555006457e-05 9.816067509137661e-06 -2.3457158062744397e-06 -5.81059594199224e-06 3.092362544933467e-05 -1.878149887562786e-05 2.318483609586849e-05 7.255366394672639e-06 1.6836452144282826e-05 -7.666717956325384e-06 -1.537261018261069e-05 -1.6643338087190178e-05 -1.6626455848517062e-05 -1.6348083634118104e-05 -5.278286947732442e-07 -2.289773021744716e-05 -1.321313164549224e-06 -4.3979997231934674e-06 1.7248829751745192e-05 2.8898002452827872e-06 1.4882941884168076e-05 -2.6147925561579638e-05 4.703031113294115e-06 5.491175979870104e-06 2.390664042314979e-05 8.952778061445716e-06 7.543082164468798e-06 -1.4334754915811207e-05 -4.821639829483e-06 3.740495860462709e-05 0.00018370929540812418 -6.346924355997041e-06 1.614429888584438e-05 -7.727836495716482e-05 0.00012709800537742452 1.2272112529569819e-06 1.9431721813428324e-06 -2.2938297047622722e-05 -1.1768127450412488e-05 4.013267424433364e-05 -2.3872127595219026e-07 2.2650703362005207e-05 -5.458511906531222e-06 1.54995399007376e-05 -1.1840277235577086e-05 -1.84723392045503e-06 1.807174673100594e-05 -8.952193131852909e-06 1.7810907288235515e-05 -1.939970296786745e-06 -3.1649852119321915e-06 3.189048065255173e-05 -1.2502653502080983e-05 1.524124177818665e-05 -2.846901506516132e-05 3.593356584777877e-05 4.375156547955029e-07 -1.0671792993472054e-05 1.664889647188799e-05 -7.269101353750874e-06 1.8348132728709145e-05 -3.0292751599894224e-05 0.0002442703967036375 -5.974652275937102e-06 -1.9343309304729897e-05 1.1011118994861963e-05 -7.1154992082739326e-06 2.599453442858325e-05 -5.780131996861245e-06 1.363937005791438e-05 3.097028578347679e-05 -2.6577288513723918e-05 -8.942891058757092e-06 4.288212392918287e-06 -7.047471193804951e-06 6.8142795030277285e-06 -1.8777907638629203e-05 1.0396096998218265e-05 -1.0039464416735757e-05 -2.003860639580512e-05 7.354753141466645e-06 -3.7139655032489754e-05 1.8527711379840398e-05 -1.6708940997808076e-05 -2.7318111766743492e-05 8.829835398821296e-06 -1.4036523578898544e-05 3.743366841745846e-05 0.0004497326120520982 2.3597378867180156e-05 1.2449368760824362e-05 -1.0908651929282108e-05 -3.803849125646713e-05 3.020014517495311e-06 -3.5615287346986624e-06 -2.5769992815302565e-05 -5.0378614257545e-05 2.8771954969218808e-05 -8.798058900592487e-06 2.7185386045793966e-05 6.843321706087447e-06 2.404858351273629e-05 -4.3337706400175064e-05 4.681109234081644e-05 2.300813709233974e-06 8.224099691553343e-06 -0.0004464300408681109 -1.3240965493066526e-06 -5.933123679462563e-05 -1.7404967663471766e-05 4.1931223469728645e-05 8.025895231884636e-06 -3.03274571780091e-05 1.133637983413057e-06 -8.215138340701044e-06 3.158153181960997e-05 -2.2739869087875244e-05 2.567978628817397e-06 2.576399306294297e-05 -1.9434991233509143e-05 -2.0223056905137855e-05 -0.0002572656001648036 1.038624710031448e-05 -1.7878674089565848e-05 -1.1039722570988026e-05 4.923800164280678e-06 -0.00022476333243377571 -6.820163914123544e-05 4.069922363574334e-05 -2.7180364102527856e-05 -2.6997441003170443e-05 3.6211150054180015e-05 -3.8547879788924895e-05 1.2719103973505225e-05 -1.3297054315820698e-05 2.3527641434037304e-05</DataArray>
</CellData><Points>
<DataArray type="Float64" Name="Points" format="ascii" NumberOfComponents="3">0.00610135 0.00588391 0.000726457 0.0062957 0.00446283 0.00106237 0.00610135 0.00588391 0.000726457 0.00594983 0.00600315 0.0024658 0.00610135 0.00588391 0.000726457 0.00451755 0.00646184 0.00105769 0.0117176 0.00471581 0.0147385 0.0108501 0.00376661 0.0133897 0.0131593 0.00653798 0.0111459 0.0147473 0.00668341 0.0113261 0.0131593 0.00653798 0.0111459 0.0130463 0.00490796 0.0115728 0.0131593 0.00653798 0.0111459 0.0119113 0.00638915 0.0101489 0.00564264 0.00496125 0.00781939 0.00626991 0.00685862 0.00790011 0.0128613 0.0104839 0.0118079 0.0118628 0.0103961 0.0128577 0.0128613 0.0104839 0.0118079 0.013877 0.0114885 0.011014 0.0128613 0.0104839 0.0118079 0.0144521 0.00979825 0.0118808 0.0128613 0.0104839 0.0118079 0.0129252 0.0117915 0.0129213 0.0128613 0.0104839 0.0118079 0.011493 0.00984042 0.0110711 0.0128613 0.0104839 0.0118079 0.0128742 0.00880729 0.0119687 0.0107325 0.0109337 0.0120231 0.0102559 0.0122012 0.0118239 0.0107325 0.0109337 0.0120231 0.011493 0.00984042 0.0110711 0.0107325 0.0109337 0.0120231 0.00955435 0.0102671 0.0109883 0.0107325 0.0109337 0.0120231 0.0102538 0.0109147 0.0139134 0.015305 0.00018287 0.0146392 0.0169296745204829 -0.0004144345204828997 0.0144565 0.015305 0.00018287 0.0146392 0.0150813 0.00173109 0.0134322 0.000408094 0.0135494 0.0105787 0.000128037 0.0123656 0.011289 0.000408094 0.0135494 0.0105787 0.000465028 0.0150056 0.0106486 0.000408094 0.0135494 0.0105787 -0.00020723452048289814 0.0122635 0.00919075 0.000408094 0.0135494 0.0105787 0.00166517 0.0137483 0.00914031 0.00321948 0.00530743 0.00063973 0.00284525 0.00665236 0.000679316 0.00321948 0.00530743 0.00063973 0.00151079 0.00546937 0.000852264 0.00321948 0.00530743 0.00063973 0.00283745 0.0051993 0.00229915 0.00321948 0.00530743 0.00063973 0.00441068 0.0040851 0.00130074 0.0151601 0.0113209 0.00665277 0.0148524 0.012653 0.00609264 0.0151601 0.0113209 0.00665277 0.0152049 0.00971958 0.00598617 0.0151601 0.0113209 0.00665277 0.0138114 0.0114078 0.00558436 0.0151601 0.0113209 0.00665277 0.016211446520482897 0.0108388 0.00792202 0.0151601 0.0113209 0.00665277 0.0165217945204829 0.0113184 0.00522118 0.0133263 0.0106422 0.00707602 0.0138114 0.0114078 0.00558436 0.0133263 0.0106422 0.00707602 0.011839 0.0102578 0.00790487 0.0133263 0.0106422 0.00707602 0.0135048 0.012595 0.00745951 0.00350727 0.00257492 0.00679885 0.00420246 0.00130552 0.00695997 0.00350727 0.00257492 0.00679885 0.00199694 0.00197999 0.00727846 0.00350727 0.00257492 0.00679885 0.00388026 0.00363276 0.00552311 0.00929778 0.00416015 0.000599523 0.00794335 0.00458866 0.00136535 0.00929778 0.00416015 0.000599523 0.0098843 0.00569706 0.000949108 0.00929778 0.00416015 0.000599523 0.00944267 0.00325923 0.00223748 0.0122971 0.0117598 0.00403535 0.0110565 0.0129142 0.00375025 0.0122971 0.0117598 0.00403535 0.013318 0.010695 0.00323788 0.0122971 0.0117598 0.00403535 0.0126683 0.0127559 0.00269418 0.0122971 0.0117598 0.00403535 0.0134439 0.0129899 0.00445896 0.0122971 0.0117598 0.00403535 0.0118278 0.0125662 0.00573439 0.00324935 0.00513299 0.00402231 0.00231846 0.00373622 0.00434161 0.00324935 0.00513299 0.00402231 0.00516709 0.00510728 0.00444245 0.00324935 0.00513299 0.00402231 0.00192392 0.00655049 0.00445349 0.00324935 0.00513299 0.00402231 0.00396086 0.00677349 0.0031821 0.0141789 0.0152014 0.00722503 0.0157716085204829 0.0153954565204829 0.0076785 0.0141789 0.0152014 0.00722503 0.0127943 0.0156350145204829 0.00640004 0.0141789 0.0152014 0.00722503 0.0145478 0.014689 0.0053889 0.0141789 0.0152014 0.00722503 0.0138083 0.0169196945204829 0.00801792 0.00420246 0.00130552 0.00695997 0.0046906 6.855570000000011e-05 0.00597007 0.00420246 0.00130552 0.00695997 0.00345844 0.0013449 0.00842434 0.00420246 0.00130552 0.00695997 0.0029514 0.000977679 0.00587933 0.00420246 0.00130552 0.00695997 0.00544794 0.0022627 0.00650547 0.00420246 0.00130552 0.00695997 0.00510821 -4.2434520482898365e-05 0.00801478 0.00672953 0.00154997 0.00292604 0.00518822 0.00223584 0.00256459 0.00672953 0.00154997 0.00292604 0.0072999 0.00295929 0.00221396 0.00672953 0.00154997 0.00292604 0.00750013 0.0005707540000000001 0.00409625 0.00672953 0.00154997 0.00292604 0.00635389 0.00151574 0.00123427 0.00672953 0.00154997 0.00292604 0.00541924 0.000355925 0.00375051 0.00672953 0.00154997 0.00292604 0.00626679 0.00262626 0.00449877 0.0134272 0.00509974 0.014677 0.0145022 0.00547435 0.0131131 0.0102559 0.0122012 0.0118239 0.00940344 0.0130956 0.0124166 0.0102559 0.0122012 0.0118239 0.0104623 0.0124337 0.0103773 0.0102559 0.0122012 0.0118239 0.0115897 0.0136015 0.011833 0.000906484 0.00876343 0.00203325 0.000968955 0.0101625 0.00186428 0.000906484 0.00876343 0.00203325 -0.00033103452048289974 0.00923067 0.0009720829999999999 0.000906484 0.00876343 0.00203325 0.00172507 0.00708167 0.00216925 0.000906484 0.00876343 0.00203325 0.000153796 0.00926513 0.00374912 0.0118628 0.0103961 0.0128577 0.0122921 0.010764 0.0144832 0.0118628 0.0103961 0.0128577 0.0110781 0.00889696 0.012636 0.0118628 0.0103961 0.0128577 0.0102538 0.0109147 0.0139134 0.00902999 0.000306356 0.00366445 0.00750013 0.000570754 0.00409625 0.00902999 0.000306356 0.00366445 0.0087802 -0.0005194345204828997 0.00509543 0.00902999 0.000306356 0.00366445 0.0107233 -0.00027143452048289976 0.00321297 0.00902999 0.000306356 0.00366445 0.00958156 0.00149809 0.00515553 0.00788632 0.00726696 0.00880959 0.00694184 0.00867743 0.00889435 0.00788632 0.00726696 0.00880959 0.00935618 0.00664764 0.0090234 0.00788632 0.00726696 0.00880959 0.00740889 0.00753514 0.0106287 0.00788632 0.00726696 0.00880959 0.00626991 0.00685862 0.00790011 0.0110799 0.00823283 0.000663952 0.0121092 0.0095476 0.000869778 0.0110799 0.00823283 0.000663952 0.0116253 0.00662971 0.00100196 0.0110799 0.00823283 0.000663952 0.0118825 0.0082028 0.00217858 0.0110799 0.00823283 0.000663952 0.0101001 0.0075216 0.00177355 0.0059405 0.00306427 0.000684223 0.0062957 0.00446283 0.00106237 0.0059405 0.00306427 0.000684223 0.00635389 0.00151574 0.00123427 0.0059405 0.00306427 0.000684223 0.00441068 0.0040851 0.00130074 0.00746832 0.000537919 0.00200279 0.00810545 0.00011169499999999998 0.000721345 0.00746832 0.000537919 0.00200279 0.0068535 -0.0009425345204828995 0.00269821 0.00746832 0.000537919 0.00200279 0.00869291 -0.0005838345204828995 0.0021781 0.00746832 0.000537919 0.00200279 0.00635389 0.00151574 0.00123427 0.000128037 0.0123656 0.011289 0.000596073 0.0109432 0.0120274 0.000128037 0.0123656 0.011289 -0.0013448345204828986 0.0134363 0.0119348 0.000594973 0.010543 0.01466 0.00195329 0.0115643 0.0144736 0.000594973 0.010543 0.01466 -0.0011582345204828996 0.0100765 0.0139645 0.0103333 0.0153605 0.0146544 0.0117275 0.0145051 0.0145173 0.0103333 0.0153605 0.0146544 0.00877499 0.0158482355204829 0.0144539 0.0103333 0.0153605 0.0146544 0.0102073 0.0141663 0.0133971 0.0103333 0.0153605 0.0146544 0.0112908 0.016755134520482898 0.0144392 0.0062957 0.00446283 0.00106237 0.00794335 0.00458866 0.00136535 0.0062957 0.00446283 0.00106237 0.00441068 0.0040851 0.00130074 0.00474988 0.0135997 0.000701458 0.00600109 0.0135858 0.00150731 0.00474988 0.0135997 0.000701458 0.00335431 0.0126207 0.00105695 0.00474988 0.0135997 0.000701458 0.00396555 0.0144595 0.00225751 0.00452433 0.000908892 0.00177293 0.00476171 0.00195092 0.0007265419999999999 0.00452433 0.000908892 0.00177293 0.00518822 0.00223584 0.00256459 0.00452433 0.000908892 0.00177293 0.00310216 0.000601794 0.000908302 0.00452433 0.000908892 0.00177293 0.00396555 -0.0009111345204828987 0.00225751 0.00080875 0.00797313 0.0051201 0.00186534 0.00927531 0.00504287 0.00080875 0.00797313 0.0051201 0.000695039 0.00692591 0.00646992 0.00080875 0.00797313 0.0051201 -0.0010676345204828999 0.00766937 0.00539193 0.00080875 0.00797313 0.0051201 0.00192392 0.00655049 0.00445349 0.00080875 0.00797313 0.0051201 0.000153796 0.00926513 0.00374912 0.00281459 0.0128358 0.00575629 0.00137091 0.0138096 0.00592945 0.00281459 0.0128358 0.00575629 0.00405248 0.0128019 0.00732678 0.00174726 0.00828256 0.00362045 0.00302956 0.00824819 0.00418697 0.00174726 0.00828256 0.00362045 0.00186534 0.00927531 0.00504287 0.00174726 0.00828256 0.00362045 0.00172507 0.00708167 0.00216925 0.00174726 0.00828256 0.00362045 0.00192392 0.00655049 0.00445349 0.00174726 0.00828256 0.00362045 0.00015379599999999988 0.00926513 0.00374912 0.00174726 0.00828256 0.00362045 0.00294316 0.00920676 0.00239347 0.0069253 0.0121949 0.0140525 0.00554147 0.0129799 0.0145138 0.0069253 0.0121949 0.0140525 0.00568092 0.011088 0.0144541 0.0069253 0.0121949 0.0140525 0.00842112 0.0128424 0.014358 0.0069253 0.0121949 0.0140525 0.00750461 0.0106427 0.0139331 0.00496708 0.00232708 0.0121734 0.00425777 0.0021485 0.0106735 0.00496708 0.00232708 0.0121734 0.00346998 0.00229533 0.0128675 0.00496708 0.00232708 0.0121734 0.00666004 0.00283875 0.0128572 0.00608516 0.00257268 0.0147232 0.00472794 0.00312661 0.0139351 0.00608516 0.00257268 0.0147232 0.00625966 0.00416675 0.0144921 0.00608516 0.00257268 0.0147232 0.00547107 0.00101032 0.0138642 0.00608516 0.00257268 0.0147232 0.00666004 0.00283875 0.0128572 0.00987886 0.0124054 0.00710925 0.00893072 0.012727 0.00542107 0.00987886 0.0124054 0.00710925 0.00968696 0.0133506 0.00881869 0.0093316 0.0115426 0.00824901 0.00791563 0.0122754 0.00874058 0.0093316 0.0115426 0.00824901 0.00988712 0.0100631 0.00785927 0.0093316 0.0115426 0.00824901 0.00968696 0.0133506 0.00881869 0.000498389 0.00925524 0.00931856 -0.0007489345204828997 0.00851366 0.00851481 0.000498389 0.00925524 0.00931856 -5.2234520482899905e-05 0.0104658 0.010282 0.000498389 0.00925524 0.00931856 0.000192264 0.00763644 0.00988613 0.000498389 0.00925524 0.00931856 0.00206068 0.00955044 0.00880916 0.0073139 0.00927887 0.000676633 0.00643395 0.0101107 0.00150461 0.0073139 0.00927887 0.000676633 0.00884382 0.0086451 0.000953 0.0073139 0.00927887 0.000676633 0.00797139 0.00997282 0.00207478 0.00828365 0.00668188 0.0121186 0.00868841 0.00584054 0.0106477 0.00828365 0.00668188 0.0121186 0.00706197 0.00546606 0.013003 0.00828365 0.00668188 0.0121186 0.00943291 0.00563095 0.0133002 0.00828365 0.00668188 0.0121186 0.00740889 0.00753514 0.0106287 0.00828365 0.00668188 0.0121186 0.00768332 0.00836238 0.0129653 0.00600109 0.0135858 0.00150731 0.0068535 0.0144281 0.00269821 0.00600109 0.0135858 0.00150731 0.00561965 0.0151263 0.000940867 0.00600109 0.0135858 0.00150731 0.00763904 0.0136286 0.000988605 0.00600109 0.0135858 0.00150731 0.0054251 0.0117839 0.00120039 0.0113682 0.00191826 0.00963399 0.0126912 0.00292425 0.00917499 0.0113682 0.00191826 0.00963399 0.0124617 0.001157 0.0105201 0.0113682 0.00191826 0.00963399 0.00995957 0.00142228 0.0087712 0.0113682 0.00191826 0.00963399 0.0118933 0.0029406 0.0109044 0.0113682 0.00191826 0.00963399 0.0117384 0.000963079 0.00825171 0.0113682 0.00191826 0.00963399 0.0100375 0.0032072 0.00981489 0.00522192 0.0137534 0.00359735 0.00652012 0.0126529 0.00346458 0.00522192 0.0137534 0.00359735 0.00541924 0.0157265595204829 0.00375051 0.00522192 0.0137534 0.00359735 0.00396555 0.0144595 0.00225751 0.00522192 0.0137534 0.00359735 0.0036266 0.0143722 0.00459364 0.00340968 0.00929335 0.013039 0.0025465 0.00796451 0.0125732 0.00340968 0.00929335 0.013039 0.00245445 0.0104931 0.0123796 0.00340968 0.00929335 0.013039 0.00442288 0.00802972 0.0124874 0.00340968 0.00929335 0.013039 0.00494855 0.00964249 0.013519 0.00648051 0.00585378 0.0100765 0.0053855 0.00627592 0.0110007 0.00648051 0.00585378 0.0100765 0.00740889 0.00753514 0.0106287 0.00648051 0.00585378 0.0100765 0.00778648 0.00523067 0.00870393 0.00852074 0.00341972 0.00860685 0.00680914 0.0032933 0.008622 0.00852074 0.00341972 0.00860685 0.0100375 0.0032072 0.00981489 0.00852074 0.00341972 0.00860685 0.00778648 0.00523067 0.00870393 0.00476171 0.00195092 0.000726542 0.00333269 0.00227702 0.00161919 0.00476171 0.00195092 0.000726542 0.00635389 0.00151574 0.00123427 0.00314155 0.0052685 0.00818987 0.0041813 0.00662463 0.00807353 0.00314155 0.0052685 0.00818987 0.00171034 0.00539966 0.0073222 0.00314155 0.0052685 0.00818987 0.00218062 0.00496916 0.00954555 0.00314155 0.0052685 0.00818987 0.00227587 0.00664207 0.00864786 0.00314155 0.0052685 0.00818987 0.00413718 0.00502779 0.00692196 0.00314155 0.0052685 0.00818987 0.00429391 0.00529992 0.00971744 0.00605247 0.00440487 0.00969835 0.00605994 0.00440103 0.0114215 0.00605247 0.00440487 0.00969835 0.00680914 0.0032933 0.008622 0.00605247 0.00440487 0.00969835 0.00429391 0.00529992 0.00971744 0.00284525 0.00665236 0.000679316 0.00451755 0.00646184 0.00105769 0.00284525 0.00665236 0.000679316 0.00172507 0.00708167 0.00216925 0.0013122 0.00824075 0.00068703 -0.00012083452048289789 0.00729416 0.000961836 0.0013122 0.00824075 0.00068703 0.00172507 0.00708167 0.00216925 0.0151343 0.0153013 0.0129065 0.0136467 0.0147456 0.0138656 0.0151343 0.0153013 0.0129065 0.0150813 0.0171017245204829 0.0134322 0.0151343 0.0153013 0.0129065 0.0164022045204829 0.0140464 0.0125384 0.00602605 0.0100457 0.00836521 0.00694184 0.00867743 0.00889435 0.00602605 0.0100457 0.00836521 0.00645393 0.00899285 0.00710708 0.00602605 0.0100457 0.00836521 0.00484566 0.00912546 0.00926259 0.00602605 0.0100457 0.00836521 0.00468502 0.0112376 0.00910221 0.00344849 0.0126531 0.0037613 0.00374168 0.011515 0.00260825 0.00344849 0.0126531 0.0037613 0.00190065 0.0131454 0.00428428 0.00344849 0.0126531 0.0037613 0.00483438 0.0123782 0.00510901 0.00344849 0.0126531 0.0037613 0.0036266 0.0143722 0.00459364 0.0103372 0.00931924 0.00575066 0.00899395 0.0102211 0.00605196 0.0103372 0.00931924 0.00575066 0.0107688 0.0108787 0.00640708 0.0103372 0.00931924 0.00575066 0.0121512 0.00900841 0.0062369 0.0103372 0.00931924 0.00575066 0.01069 0.00753715 0.0049716 0.0053855 0.00627592 0.0110007 0.00516449 0.00727366 0.00964166 0.0053855 0.00627592 0.0110007 0.00606978 0.00716785 0.0122636 0.0053855 0.00627592 0.0110007 0.00429391 0.00529992 0.00971744 0.0101746 0.00693124 0.00660717 0.0101884 0.00826467 0.00755535 0.0101746 0.00693124 0.00660717 0.0117829 0.00696799 0.00680975 0.0101746 0.00693124 0.00660717 0.0101128 0.00539865 0.00695459 0.0101746 0.00693124 0.00660717 0.00838557 0.00678246 0.00691085 0.0101746 0.00693124 0.00660717 0.01069 0.00753715 0.0049716 0.0122815 0.00271734 0.0141222 0.0132265 0.00139494 0.014461 0.0122815 0.00271734 0.0141222 0.0112908 0.0013845 0.0144392 0.0122815 0.00271734 0.0141222 0.0129104 0.00408412 0.0133379 0.0122815 0.00271734 0.0141222 0.0119248 0.00199644 0.0126038 0.0122815 0.00271734 0.0141222 0.0108501 0.00376661 0.0133897 0.0135943 0.00696544 0.0146199 0.0149699 0.00803392 0.0144509 0.00643395 0.0101107 0.00150461 0.00511703 0.0101176 0.0025782 0.00643395 0.0101107 0.00150461 0.00797139 0.00997282 0.00207478 0.00643395 0.0101107 0.00150461 0.00500844 0.00961584 0.00081987 0.00643395 0.0101107 0.00150461 0.0054251 0.0117839 0.00120039 0.00940344 0.0130956 0.0124166 0.00935541 0.0138906 0.0109285 0.00940344 0.0130956 0.0124166 0.0102073 0.0141663 0.0133971 0.00940344 0.0130956 0.0124166 0.00835588 0.0143255 0.0125809 0.00940344 0.0130956 0.0124166 0.00863114 0.0116843 0.0128227 0.00988807 0.000111227 0.0113742 0.0107916 0.00115696 0.0109376 0.00988807 0.000111227 0.0113742 0.00935541 -0.0014800345204829 0.0109285 0.00988807 0.000111227 0.0113742 0.0082053 0.000245139 0.0112101 0.00988807 0.000111227 0.0113742 0.010712 0.000511695 0.0128052 0.00988807 0.000111227 0.0113742 0.0110583 -0.00039233452048289944 0.00988326 0.000140901 0.00620329 0.00511977 0.000278818 0.00483135 0.00618947 0.000140901 0.00620329 0.00511977 0.000695039 0.00692591 0.00646992 0.000140901 0.00620329 0.00511977 -0.0010676345204829 0.00766937 0.00539193 0.000140901 0.00620329 0.00511977 -0.0011165345204828994 0.00506974 0.00436986 0.000140901 0.00620329 0.00511977 0.00192392 0.00655049 0.00445349 0.00302956 0.00824819 0.00418697 0.00364667 0.00892887 0.00557959 0.00302956 0.00824819 0.00418697 0.00460004 0.00877497 0.00384889 0.000465028 0.0150056 0.0106486 -0.0001588345204828992 0.016068860520482897 0.00943239 0.000465028 0.0150056 0.0106486 -0.0012099345204828985 0.0152159 0.010789 0.000465028 0.0150056 0.0106486 0.00165236 0.0157764045204829 0.0115658 0.0148524 0.012653 0.00609264 0.0153437 0.0129269 0.00451838 0.0148524 0.012653 0.00609264 0.015561280520482898 0.0134963 0.00737844 0.0148524 0.012653 0.00609264 0.0138114 0.0114078 0.00558436 0.0148524 0.012653 0.00609264 0.0135048 0.012595 0.00745951 0.00586817 0.00880348 0.0125141 0.00657515 0.0102778 0.0122978 0.00586817 0.00880348 0.0125141 0.00606978 0.00716785 0.0122636 0.00586817 0.00880348 0.0125141 0.00552384 0.0085144 0.0109798 0.00586817 0.00880348 0.0125141 0.00442288 0.00802972 0.0124874 0.00586817 0.00880348 0.0125141 0.00494855 0.00964249 0.013519 0.00586817 0.00880348 0.0125141 0.00768332 0.00836238 0.0129653 0.00546388 0.00112024 0.0114318 0.00641148 -0.00015943452048289958 0.0121345 0.00546388 0.00112024 0.0114318 0.00618783 0.0025258 0.0106964 0.00546388 0.00112024 0.0114318 0.00472568 0.000455694 0.0100011 0.00842757 0.00333149 0.00503815 0.0082373 0.0022954 0.0037132 0.00842757 0.00333149 0.00503815 0.00765752 0.00446909 0.00641417 0.00187675 0.013273 0.0142171 0.00195329 0.0115643 0.0144736 0.00187675 0.013273 0.0142171 0.00155904 0.0149562 0.0144565 0.0104623 0.0124337 0.0103773 0.0119308 0.0116916 0.0108667 0.0104623 0.0124337 0.0103773 0.00968696 0.0133506 0.00881869 0.0147163 0.0117339 0.0147291 0.0152731 0.0122759 0.0132571 0.0147163 0.0117339 0.0147291 0.0142124 0.0100765 0.0139645 0.0107916 0.00115696 0.0109376 0.0124617 0.001157 0.0105201 0.0107916 0.00115696 0.0109376 0.00962816 0.00221139 0.0119869 0.0107916 0.00115696 0.0109376 0.0110583 -0.00039233452048289944 0.00988326 0.000293479 0.0107405 0.000715839 0.0009689549999999999 0.0101625 0.00186428 0.000293479 0.0107405 0.000715839 -6.834520482898096e-06 0.0123609 0.000860189 0.000293479 0.0107405 0.000715839 0.00177242 0.0114231 0.00105547 0.000293479 0.0107405 0.000715839 -0.0003310345204828983 0.00923067 0.000972083 0.0045566 0.00528538 0.014688 0.0050132 0.00480384 0.0131207 0.0045566 0.00528538 0.014688 0.00453828 0.00655686 0.0135834 0.0045566 0.00528538 0.014688 0.00310882 0.00440618 0.0144736 0.00471309 0.0109888 0.00386656 0.00374636 0.010294 0.00460437 0.00471309 0.0109888 0.00386656 0.00609824 0.010032 0.00419152 0.00471309 0.0109888 0.00386656 0.00374168 0.011515 0.00260825 0.00471309 0.0109888 0.00386656 0.00511703 0.0101176 0.0025782 0.00471309 0.0109888 0.00386656 0.00483438 0.0123782 0.00510901 0.00925327 0.0142087 0.0147229 0.00842112 0.0128424 0.014358 0.00925327 0.0142087 0.0147229 0.00877499 0.0158482355204829 0.0144539 0.00925327 0.0142087 0.0147229 0.0102073 0.0141663 0.0133971 0.00374636 0.010294 0.00460437 0.00364667 0.00892887 0.00557959 0.00374636 0.010294 0.00460437 0.00313805 0.010802 0.00638341 0.00139747 0.00121062 0.00088894 -9.943452048289834e-05 0.00034132 0.00114595 0.0131265 0.00325584 0.0119463 0.0130463 0.00490796 0.0115728 0.0131265 0.00325584 0.0119463 0.0136844 0.00174911 0.0118123 0.0131265 0.00325584 0.0119463 0.0118933 0.0029406 0.0109044 0.0131265 0.00325584 0.0119463 0.0129104 0.00408412 0.0133379 0.00810545 0.000111695 0.000721345 0.00869291 -0.0005838345204829001 0.0021781 0.000968955 0.0101625 0.00186428 0.00177242 0.0114231 0.00105547 0.000968955 0.0101625 0.00186428 -5.134520482899031e-06 0.011464 0.00295158 0.0142173 0.0126167 0.00213554 0.015622007520482898 0.0135367 0.00222076 0.0142173 0.0126167 0.00213554 0.0153638 0.0123609 0.0008601889999999999 0.0142173 0.0126167 0.00213554 0.0126683 0.0127559 0.00269418 0.0142173 0.0126167 0.00213554 0.0153655 0.011464 0.00295158 0.0142173 0.0126167 0.00213554 0.0137172 0.0109837 0.00115381 0.0142173 0.0126167 0.00213554 0.0137201 0.0140822 0.0011198 0.014288 0.00652945 0.00244207 0.0151211 0.0054567 0.00154519 0.014288 0.00652945 0.00244207 0.0130448 0.00694203 0.00348486 0.014288 0.00652945 0.00244207 0.0135644 0.0062868 0.0008947360000000001 0.014288 0.00652945 0.00244207 0.0133673 0.00507231 0.00238011 0.014288 0.00652945 0.00244207 0.0153282 0.00711132 0.00356177 0.00492239 0.0139001 0.0115477 0.00508361 0.0143228 0.0132382 0.00492239 0.0139001 0.0115477 0.00296119 0.0137777 0.0111752 0.00492239 0.0139001 0.0115477 0.00624945 0.0125239 0.0121352 0.00803512 0.0144171 0.00998421 0.00892358 0.0152892 0.00883999 0.00803512 0.0144171 0.00998421 0.00935541 0.0138906 0.0109285 0.00803512 0.0144171 0.00998421 0.00658093 0.0153419 0.0101982 0.00803512 0.0144171 0.00998421 0.00668748 0.0134064 0.0101069 0.00803512 0.0144171 0.00998421 0.0082053 0.0156157735204829 0.0112101 0.001757 0.00536204 0.014732 0.0016423 0.00543989 0.0130417 0.001757 0.00536204 0.014732 0.0029436 0.00645581 0.0144669 0.001757 0.00536204 0.014732 0.000530747 0.00637393 0.0144232 0.001757 0.00536204 0.014732 0.00310882 0.00440618 0.0144736 0.001757 0.00536204 0.014732 0.000838549 0.00378602 0.0141523 0.0152049 0.00971958 0.00598617 0.0136623 0.00963111 0.00480633 0.0152049 0.00971958 0.00598617 0.016903204520482898 0.00935515 0.00691444 0.0152049 0.00971958 0.00598617 0.0165217945204829 0.0113184 0.00522118 0.0068535 0.0144281 0.00269821 0.00869291 0.0147868 0.0021781 0.0068535 0.0144281 0.00269821 0.00652012 0.0126529 0.00346458 0.0068535 0.0144281 0.00269821 0.00541924 0.0157265595204829 0.00375051 0.00519731 0.00999398 0.00601404 0.00713619 0.0100705 0.00575846 0.00519731 0.00999398 0.00601404 0.00364667 0.00892887 0.00557959 0.00519731 0.00999398 0.00601404 0.00645393 0.00899285 0.00710708 0.00519731 0.00999398 0.00601404 0.00313805 0.010802 0.00638341 0.00177143 0.0121713 0.0127257 -9.753452048289878e-05 0.0122759 0.0132571 0.00177143 0.0121713 0.0127257 0.00195329 0.0115643 0.0144736 0.00177143 0.0121713 0.0127257 0.00245445 0.0104931 0.0123796 0.00177143 0.0121713 0.0127257 0.0005960729999999999 0.0109432 0.0120274 0.00177143 0.0121713 0.0127257 0.00380782 0.0126268 0.0133527 0.00177143 0.0121713 0.0127257 0.00103157 0.0140464 0.0125384 0.00554147 0.0129799 0.0145138 0.00568092 0.011088 0.0144541 0.00554147 0.0129799 0.0145138 0.00508361 0.0143228 0.0132382 0.00554147 0.0129799 0.0145138 0.00380782 0.0126268 0.0133527 0.00554147 0.0129799 0.0145138 0.00701097 0.0145405 0.0142098 0.0106244 0.00207117 0.000861108 0.00952712 0.00113039 0.00212589 0.0106244 0.00207117 0.000861108 0.0118802 0.00312691 0.00218472 0.0106244 0.00207117 0.000861108 0.00944267 0.00325923 0.00223748 0.0106244 0.00207117 0.000861108 0.0122995 0.0007091910000000001 0.00121681 0.00757862 0.0112868 0.00434556 0.00609824 0.010032 0.00419152 0.00757862 0.0112868 0.00434556 0.00861557 0.0116393 0.00278658 0.00757862 0.0112868 0.00434556 0.00713619 0.0100705 0.00575846 0.00757862 0.0112868 0.00434556 0.0083976 0.009551 0.00390556 0.00757862 0.0112868 0.00434556 0.00652012 0.0126529 0.00346458 0.00757862 0.0112868 0.00434556 0.00685716 0.01238 0.00582047 0.00757862 0.0112868 0.00434556 0.00893072 0.012727 0.00542107 0.00589441 0.0040254 0.00279359 0.00518822 0.00223584 0.00256459 0.00589441 0.0040254 0.00279359 0.0072999 0.00295929 0.00221396 0.00589441 0.0040254 0.00279359 0.00516709 0.00510728 0.00444245 0.00589441 0.0040254 0.00279359 0.00626679 0.00262626 0.00449877 0.00589441 0.0040254 0.00279359 0.00441068 0.0040851 0.00130074 0.0150142 0.00124446 0.00632415 0.0157716085204829 2.4822000000000082e-05 0.0076785 0.0150142 0.00124446 0.00632415 0.0141283 0.00273951 0.00560883 0.0150142 0.00124446 0.00632415 0.0165345745204829 0.00031730699999999996 0.00572811 0.0150142 0.00124446 0.00632415 0.015987061520482897 0.00293212 0.00623972 0.0150142 0.00124446 0.00632415 0.0145478 -0.0006816345204828979 0.0053889 0.0150142 0.00124446 0.00632415 0.0138083 0.00154906 0.00801792 0.0113087 0.0120931 0.00813124 0.0128353 0.0113142 0.00908673 0.0113087 0.0120931 0.00813124 0.011839 0.0102578 0.00790487 0.0113087 0.0120931 0.00813124 0.0107972 0.0107695 0.00949678 0.0113087 0.0120931 0.00813124 0.0117313 0.0142079 0.00769934 0.0113087 0.0120931 0.00813124 0.00968696 0.0133506 0.00881869 0.0106274 0.00304266 0.00410813 0.0117204 0.00154573 0.00361404 0.0106274 0.00304266 0.00410813 0.00944267 0.00325923 0.00223748 0.0106274 0.00304266 0.00410813 0.0118793 0.00476597 0.00391628 0.0106274 0.00304266 0.00410813 0.00958156 0.00149809 0.00515553 0.0106274 0.00304266 0.00410813 0.011978 0.00217816 0.00560597 0.00794335 0.00458866 0.00136535 0.0072999 0.00295929 0.00221396 0.00794335 0.00458866 0.00136535 0.00823655 0.0055953 0.00300341 0.00794335 0.00458866 0.00136535 0.00793311 0.00672138 0.00117914 0.00794335 0.00458866 0.00136535 0.00944267 0.00325923 0.00223748 0.0103379 0.00625973 0.0114528 0.0108581 0.00443733 0.0113705 0.0103379 0.00625973 0.0114528 0.0104442 0.00531781 0.00971621 0.0103379 0.00625973 0.0114528 0.0117088 0.00747845 0.0116189 0.0103379 0.00625973 0.0114528 0.00964017 0.00810693 0.0115189 0.0103379 0.00625973 0.0114528 0.00868841 0.00584054 0.0106477 0.0103379 0.00625973 0.0114528 0.00943291 0.00563095 0.0133002 0.013877 0.0114885 0.011014 0.0119308 0.0116916 0.0108667 0.013877 0.0114885 0.011014 0.0144521 0.00979825 0.0118808 0.013877 0.0114885 0.011014 0.0153184 0.0104658 0.010282 0.013877 0.0114885 0.011014 0.0140258 0.0134363 0.0119348 0.013877 0.0114885 0.011014 0.0134127 0.00952022 0.0100291 0.0136623 0.00963111 0.00480633 0.0138114 0.0114078 0.00558436 0.0136623 0.00963111 0.00480633 0.013318 0.010695 0.00323788 0.0136623 0.00963111 0.00480633 0.014303 0.00766937 0.00539193 0.0136623 0.00963111 0.00480633 0.0121512 0.00900841 0.0062369 0.0136623 0.00963111 0.00480633 0.015524430520482899 0.00926513 0.00374912 0.0136623 0.00963111 0.00480633 0.0117118 0.00939076 0.00392036 0.0132265 0.00139494 0.014461 0.0112908 0.0013845 0.0144392 0.0132265 0.00139494 0.014461 0.0136467 -0.000625034520482899 0.0138656 0.0132265 0.00139494 0.014461 0.0150813 0.00173109 0.0134322 0.0126107 0.00626454 0.00526051 0.0139952 0.00577683 0.00651482 0.0126107 0.00626454 0.00526051 0.0130448 0.00694203 0.00348486 0.0126107 0.00626454 0.00526051 0.0117829 0.00696799 0.00680975 0.0126107 0.00626454 0.00526051 0.014303 0.00766937 0.00539193 0.0126107 0.00626454 0.00526051 0.0142541 0.00506974 0.00436986 0.0126107 0.00626454 0.00526051 0.0118793 0.00476597 0.00391628 0.0130859 0.0153409 0.00921098 0.0124617 0.0165276345204829 0.0105201 0.0130859 0.0153409 0.00921098 0.0141607 0.0152159 0.010789 0.0130859 0.0153409 0.00921098 0.0145856 0.0142989 0.0087989 0.0130859 0.0153409 0.00921098 0.0117384 0.0163337135204829 0.00825171 0.0130859 0.0153409 0.00921098 0.0138083 0.0169196945204829 0.00801792 0.0130859 0.0153409 0.00921098 0.0110583 0.0149783 0.00988326 0.0130859 0.0153409 0.00921098 0.0129507 0.0132919 0.00979129 0.00518822 0.00223584 0.00256459 0.00352221 0.00144007 0.00328906 0.00518822 0.00223584 0.00256459 0.00406094 0.00343099 0.00356093 0.00518822 0.00223584 0.00256459 0.00635389 0.00151574 0.00123427 0.00518822 0.00223584 0.00256459 0.00541924 0.000355925 0.00375051 0.00518822 0.00223584 0.00256459 0.00626679 0.00262626 0.00449877 0.0072999 0.00295929 0.00221396 0.0082373 0.0022954 0.0037132 0.0072999 0.00295929 0.00221396 0.00822373 0.00194359 0.0009050239999999999 0.0072999 0.00295929 0.00221396 0.00635389 0.00151574 0.00123427 0.0072999 0.00295929 0.00221396 0.00944267 0.00325923 0.00223748 0.0128072 0.00774 0.00908349 0.0111433 0.00694793 0.00854193 0.0128072 0.00774 0.00908349 0.0112198 0.00840147 0.00987613 0.0128072 0.00774 0.00908349 0.0130113 0.00607976 0.00821247 0.0128072 0.00774 0.00908349 0.0134671 0.00774582 0.00731047 0.0128072 0.00774 0.00908349 0.0119113 0.00638915 0.0101489 0.0128072 0.00774 0.00908349 0.0134127 0.00952022 0.0100291 0.0146217 0.00851366 0.00851481 0.016401134520482898 0.00795787 0.00810562 0.0146217 0.00851366 0.00851481 0.015562898520482898 0.00763644 0.00988613 0.0146217 0.00851366 0.00851481 0.0134671 0.00774582 0.00731047 0.0146217 0.00851366 0.00851481 0.0134127 0.00952022 0.0100291 0.0050132 0.00480384 0.0131207 0.00453828 0.00655686 0.0135834 0.0050132 0.00480384 0.0131207 0.00472794 0.00312661 0.0139351 0.0050132 0.00480384 0.0131207 0.00625966 0.00416675 0.0144921 0.0050132 0.00480384 0.0131207 0.00706197 0.00546606 0.013003 0.0152731 0.0122759 0.0132571 0.0159667075204829 0.0109432 0.0120274 0.0152731 0.0122759 0.0132571 0.015424228720482899 0.0137889 0.0144911 0.0152731 0.0122759 0.0132571 0.0140258 0.0134363 0.0119348 0.0152731 0.0122759 0.0132571 0.0164022045204829 0.0140464 0.0125384 0.0113347 0.0137982 0.00177578 0.0121822 0.0125047 0.000840786 0.0113347 0.0137982 0.00177578 0.0126683 0.0127559 0.00269418 0.0113347 0.0137982 0.00177578 0.00963367 0.0126271 0.00116232 0.0113347 0.0137982 0.00177578 0.0107233 0.0150992 0.00321297 0.00609824 0.010032 0.00419152 0.00511703 0.0101176 0.0025782 0.00609824 0.010032 0.00419152 0.00713619 0.0100705 0.00575846 0.00609824 0.010032 0.00419152 0.00460004 0.00877497 0.00384889 0.00561965 0.0151263 0.000940867 0.00635389 0.0168863745204829 0.00123427 0.00561965 0.0151263 0.000940867 0.00396555 0.0144595 0.00225751 0.00694184 0.00867743 0.00889435 0.00645393 0.00899285 0.00710708 0.00694184 0.00867743 0.00889435 0.00686308 0.00974815 0.0104563 0.00694184 0.00867743 0.00889435 0.00740889 0.00753514 0.0106287 0.00694184 0.00867743 0.00889435 0.00626991 0.00685862 0.00790011 0.0147473 0.00668341 0.0113261 0.015247 0.00490539 0.0109523 0.0147473 0.00668341 0.0113261 0.0162363645204829 0.00705345 0.0124533 0.0147473 0.00668341 0.0113261 0.015562898520482898 0.00763644 0.00988613 0.0147473 0.00668341 0.0113261 0.014401 0.00800786 0.0126545 0.0147473 0.00668341 0.0113261 0.0145022 0.00547435 0.0131131 0.00841359 0.0084257 0.00547276 0.00835291 0.00891797 0.0073962 0.00841359 0.0084257 0.00547276 0.0083976 0.009551 0.00390556 0.00841359 0.0084257 0.00547276 0.00899395 0.0102211 0.00605196 0.00841359 0.0084257 0.00547276 0.00838557 0.00678246 0.00691085 0.00892358 0.0152892 0.00883999 0.00712809 0.0146305 0.00842869 0.00892358 0.0152892 0.00883999 0.00995957 0.0167929145204829 0.0087712 0.00892358 0.0152892 0.00883999 0.0084519 0.0152841 0.00695295 0.00892358 0.0152892 0.00883999 0.00805291 0.0170999145204829 0.00971092 0.00892358 0.0152892 0.00883999 0.00968696 0.0133506 0.00881869 0.00147678 0.00643161 0.0107234 0.00086573 0.00705345 0.0124533 0.00147678 0.00643161 0.0107234 0.00019226399999999993 0.00763644 0.00988613 0.00147678 0.00643161 0.0107234 0.00172261 0.00461265 0.0113195 0.00147678 0.00643161 0.0107234 0.0030558 0.00745159 0.0101217 0.00147678 0.00643161 0.0107234 0.00340192 0.0060966 0.0118143 0.0041813 0.00662463 0.00807353 0.00516449 0.00727366 0.00964166 0.0041813 0.00662463 0.00807353 0.00347126 0.00841221 0.00821453 0.0041813 0.00662463 0.00807353 0.00480573 0.0080748 0.00688147 0.0041813 0.00662463 0.00807353 0.00227587 0.00664207 0.00864786 0.0041813 0.00662463 0.00807353 0.00413718 0.00502779 0.00692196 0.0041813 0.00662463 0.00807353 0.00429391 0.00529992 0.00971744 0.0041813 0.00662463 0.00807353 0.00626991 0.00685862 0.00790011 0.0041813 0.00662463 0.00807353 0.00280207 0.00716806 0.0065841 0.00598505 0.0118139 0.00746799 0.00685716 0.01238 0.00582047 0.00598505 0.0118139 0.00746799 0.00778111 0.0112587 0.00713781 0.00598505 0.0118139 0.00746799 0.00405248 0.0128019 0.00732678 0.00598505 0.0118139 0.00746799 0.00468502 0.0112376 0.00910221 0.0127017 0.000110922 0.012105 0.0124617 0.001157 0.0105201 0.0127017 0.000110922 0.012105 0.0141607 -0.00015473452048289936 0.010789 0.0127017 0.000110922 0.012105 0.0136844 0.00174911 0.0118123 0.0127017 0.000110922 0.012105 0.0136467 -0.0006250345204828992 0.0138656 0.0127017 0.000110922 0.012105 0.0115897 -0.0017691345204828978 0.011833 0.0126912 0.00292425 0.00917499 0.0122507 0.00458231 0.00986678 0.0126912 0.00292425 0.00917499 0.0118933 0.0029406 0.0109044 0.0126912 0.00292425 0.00917499 0.0123696 0.00325544 0.00735387 0.0126912 0.00292425 0.00917499 0.0138083 0.00154906 0.00801792 0.0122507 0.00458231 0.00986678 0.0130463 0.00490796 0.0115728 0.0122507 0.00458231 0.00986678 0.0141025 0.00513138 0.00947694 0.0122507 0.00458231 0.00986678 0.0118933 0.0029406 0.0109044 0.0122507 0.00458231 0.00986678 0.0104442 0.00531781 0.00971621 0.0122507 0.00458231 0.00986678 0.0119113 0.00638915 0.0101489 0.000400974 2.4822e-05 0.0076785 0.0017111000000000001 0.000746206 0.00885008 0.000400974 2.4822e-05 0.0076785 0.000190646 -0.0018743345204829006 0.00737844 0.000400974 2.4822e-05 0.0076785 -0.0001588345204829 0.000698226 0.00943239 0.000400974 2.4822e-05 0.0076785 -0.0007850345204828986 -0.0010717345204829 0.0087989 0.00339026 0.000812728 0.014449 0.00250638 0.00251356 0.0144513 0.00339026 0.000812728 0.014449 0.00175772 0.00109608 0.0134069 0.00339026 0.000812728 0.014449 0.003325 -0.0010481345204828994 0.0144232 0.00339026 0.000812728 0.014449 0.00547107 0.00101032 0.0138642 0.0017011 0.00204408 0.00491553 0.00116394 0.00031730699999999996 0.00572811 0.0017011 0.00204408 0.00491553 0.00231846 0.00373622 0.00434161 0.0017011 0.00204408 0.00491553 0.0029514 0.000977679 0.00587933 0.0017011 0.00204408 0.00491553 0.00208631 0.000364545 0.00403015 0.0017011 0.00204408 0.00491553 0.0006164270000000001 0.00293212 0.00623972 0.00694745 0.0141291 0.00472719 0.00657905 0.0157835795204829 0.00576939 0.00694745 0.0141291 0.00472719 0.00750013 0.0159413885204829 0.00409625 0.00694745 0.0141291 0.00472719 0.00652012 0.0126529 0.00346458 0.00605994 0.00440103 0.0114215 0.0042629 0.00391804 0.011316 0.00605994 0.00440103 0.0114215 0.00706197 0.00546606 0.013003 0.00605994 0.00440103 0.0114215 0.00666004 0.00283875 0.0128572 0.00605994 0.00440103 0.0114215 0.00795508 0.00387068 0.0106491 0.00568092 0.011088 0.0144541 0.00750461 0.0106427 0.0139331 0.00568092 0.011088 0.0144541 0.00377298 0.0108092 0.0144163 0.00568092 0.011088 0.0144541 0.00494855 0.00964249 0.013519 0.0130463 0.00490796 0.0115728 0.0129104 0.00408412 0.0133379 0.0130463 0.00490796 0.0115728 0.0145022 0.00547435 0.0131131 0.00657905 0.000412945 0.00576939 0.00750013 0.000570754 0.00409625 0.00657905 0.000412945 0.00576939 0.0046906 6.85557e-05 0.00597007 0.00657905 0.000412945 0.00576939 0.0069451 0.00132918 0.00768603 0.00750013 0.000570754 0.00409625 0.0087802 -0.0005194345204828987 0.00509543 0.00750013 0.000570754 0.00409625 0.0082373 0.0022954 0.0037132 0.00750013 0.000570754 0.00409625 0.00541924 0.000355925 0.00375051 0.00842112 0.0128424 0.014358 0.00863114 0.0116843 0.0128227 0.00842112 0.0128424 0.014358 0.00701097 0.0145405 0.0142098 0.00374168 0.011515 0.00260825 0.00511703 0.0101176 0.0025782 0.00374168 0.011515 0.00260825 0.00335431 0.0126207 0.00105695 0.00374168 0.011515 0.00260825 0.00352002 0.0107148 0.00088111 0.00374168 0.011515 0.00260825 0.00204442 0.0108927 0.00330101 0.00374168 0.011515 0.00260825 0.0054251 0.0117839 0.00120039 0.00186534 0.00927531 0.00504287 0.00364667 0.00892887 0.00557959 0.00186534 0.00927531 0.00504287 0.00153257 0.00935515 0.00691444 0.00186534 0.00927531 0.00504287 0.00015379599999999988 0.00926513 0.00374912 0.00186534 0.00927531 0.00504287 0.00115116 0.0113184 0.00522118 0.00861557 0.0116393 0.00278658 0.00926036 0.0133802 0.00330743 0.00861557 0.0116393 0.00278658 0.00797139 0.00997282 0.00207478 0.00861557 0.0116393 0.00278658 0.0100473 0.0110032 0.00428757 0.00861557 0.0116393 0.00278658 0.00963367 0.0126271 0.00116232 0.00268976 0.0113526 0.00839514 0.00176425 0.0123739 0.00710227 0.00268976 0.0113526 0.00839514 0.00206068 0.00955044 0.00880916 0.00268976 0.0113526 0.00839514 0.000840812 0.0108388 0.00792202 0.00268976 0.0113526 0.00839514 0.00184993 0.0114558 0.0103433 0.00268976 0.0113526 0.00839514 0.00468502 0.0112376 0.00910221 0.00268976 0.0113526 0.00839514 0.00313805 0.010802 0.00638341 0.00952857 0.0104559 0.00103388 0.00884382 0.0086451 0.000953 0.00952857 0.0104559 0.00103388 0.00797139 0.00997282 0.00207478 0.00952857 0.0104559 0.00103388 0.00963367 0.0126271 0.00116232 0.00952857 0.0104559 0.00103388 0.0113171 0.011057 0.00220569 0.00609628 0.00765367 0.000908982 0.00480507 0.00823777 0.00200027 0.00609628 0.00765367 0.000908982 0.00451755 0.00646184 0.00105769 0.00609628 0.00765367 0.000908982 0.00793311 0.00672138 0.00117914 0.015247 0.00490539 0.0109523 0.0141025 0.00513138 0.00947694 0.015247 0.00490539 0.0109523 0.0149062 0.00337483 0.0120389 0.015247 0.00490539 0.0109523 0.0170932445204829 0.00461265 0.0113195 0.00641148 0.0152112 0.0121345 0.00658093 0.0153419 0.0101982 0.00641148 0.0152112 0.0121345 0.00508361 0.0143228 0.0132382 0.00641148 0.0152112 0.0121345 0.00775995 0.0163470085204829 0.0129544 0.00935541 0.0138906 0.0109285 0.00835588 0.0143255 0.0125809 0.00935541 0.0138906 0.0109285 0.00968696 0.0133506 0.00881869 0.0121092 0.0095476 0.000869778 0.0134331 0.00816312 0.00104772 0.0121092 0.0095476 0.000869778 0.0118825 0.0082028 0.00217858 0.0121092 0.0095476 0.000869778 0.0137172 0.0109837 0.00115381 0.0121092 0.0095476 0.000869778 0.0113171 0.011057 0.00220569 0.00791563 0.0122754 0.00874058 0.0080434 0.0134299 0.00725817 0.00791563 0.0122754 0.00874058 0.00659911 0.0115298 0.0098275 0.00791563 0.0122754 0.00874058 0.00778111 0.0112587 0.00713781 0.00791563 0.0122754 0.00874058 0.00796172 0.0104475 0.00906554 0.00791563 0.0122754 0.00874058 0.00968696 0.0133506 0.00881869 0.0101884 0.00826467 0.00755535 0.0111433 0.00694793 0.00854193 0.0101884 0.00826467 0.00755535 0.00835291 0.00891797 0.0073962 0.0101884 0.00826467 0.00755535 0.00988712 0.0100631 0.00785927 0.0101884 0.00826467 0.00755535 0.00914681 0.00874213 0.00944346 0.0025465 0.00796451 0.0125732 0.0008657299999999999 0.00705345 0.0124533 0.0025465 0.00796451 0.0125732 0.00442288 0.00802972 0.0124874 0.0025465 0.00796451 0.0125732 0.00340192 0.0060966 0.0118143 0.0025465 0.00796451 0.0125732 0.000820398 0.00911987 0.0129553 0.00453828 0.00655686 0.0135834 0.0029436 0.00645581 0.0144669 0.00453828 0.00655686 0.0135834 0.00386816 0.00824252 0.0143913 0.00453828 0.00655686 0.0135834 0.00612744 0.00723658 0.0143725 0.00453828 0.00655686 0.0135834 0.00442288 0.00802972 0.0124874 0.00453828 0.00655686 0.0135834 0.00340192 0.0060966 0.0118143 0.0124617 0.001157 0.0105201 0.0136844 0.00174911 0.0118123 0.0124617 0.001157 0.0105201 0.0118933 0.0029406 0.0109044 0.0124617 0.001157 0.0105201 0.0110583 -0.0003923345204828992 0.00988326 0.00086573 0.00705345 0.0124533 0.0016423 0.00543989 0.0130417 0.00086573 0.00705345 0.0124533 0.000820398 0.00911987 0.0129553 0.0010305 0.00795787 0.00810562 0.00019226399999999993 0.00763644 0.00988613 0.0010305 0.00795787 0.00810562 0.00227587 0.00664207 0.00864786 0.0010305 0.00795787 0.00810562 0.00153257 0.00935515 0.00691444 0.0010305 0.00795787 0.00810562 0.000695039 0.00692591 0.00646992 0.00730451 0.00456579 0.00429267 0.00823655 0.0055953 0.00300341 0.00730451 0.00456579 0.00429267 0.00516709 0.00510728 0.00444245 0.00730451 0.00456579 0.00429267 0.00626679 0.00262626 0.00449877 0.00730451 0.00456579 0.00429267 0.00765752 0.00446909 0.00641417 0.00171034 0.00539966 0.0073222 0.0002788179999999999 0.00483135 0.00618947 0.00171034 0.00539966 0.0073222 0.00268003 0.00510171 0.00574284 0.00171034 0.00539966 0.0073222 0.00227587 0.00664207 0.00864786 0.00171034 0.00539966 0.0073222 0.000929073 0.00409095 0.00841085 0.00171034 0.00539966 0.0073222 0.00280207 0.00716806 0.0065841 0.00199694 0.00197999 0.00727846 0.00345844 0.0013449 0.00842434 0.00199694 0.00197999 0.00727846 0.0029514 0.000977679 0.00587933 0.00199694 0.00197999 0.00727846 0.00046865800000000005 0.00222515 0.00842297 0.00199694 0.00197999 0.00727846 0.0006164270000000001 0.00293212 0.00623972 0.0017111 0.000746206 0.00885008 0.00345844 0.0013449 0.00842434 0.0017111 0.000746206 0.00885008 -0.0001588345204829001 0.000698226 0.00943239 0.0017111 0.000746206 0.00885008 0.00291447 0.00082531 0.0103307 0.0017111 0.000746206 0.00885008 0.00046865800000000005 0.00222515 0.00842297 0.0017111 0.000746206 0.00885008 0.00277645 -0.0005178345204828991 0.00735932 0.0119308 0.0116916 0.0108667 0.011493 0.00984042 0.0110711 0.0119308 0.0116916 0.0108667 0.0115897 0.0136015 0.011833 0.0119308 0.0116916 0.0108667 0.0129507 0.0132919 0.00979129 0.00712809 0.0146305 0.00842869 0.0080434 0.0134299 0.00725817 0.00712809 0.0146305 0.00842869 0.00658093 0.0153419 0.0101982 0.00712809 0.0146305 0.00842869 0.00510821 0.0153282 0.00801478 0.00712809 0.0146305 0.00842869 0.0069451 0.0166998145204829 0.00768603 0.00154253 0.00863755 0.0107422 0.00019226399999999993 0.00763644 0.00988613 0.00154253 0.00863755 0.0107422 0.0035559600000000004 0.00930857 0.0110189 0.0080434 0.0134299 0.00725817 0.0084519 0.0152841 0.00695295 0.0080434 0.0134299 0.00725817 0.00893072 0.012727 0.00542107 0.0111433 0.00694793 0.00854193 0.0112198 0.00840147 0.00987613 0.0111433 0.00694793 0.00854193 0.00935618 0.00664764 0.0090234 0.0111433 0.00694793 0.00854193 0.0117829 0.00696799 0.00680975 0.0111433 0.00694793 0.00854193 0.0119113 0.00638915 0.0101489 0.0152498 0.00729416 0.000961836 0.0151211 0.0054567 0.00154519 0.0152498 0.00729416 0.000961836 0.0135644 0.0062868 0.000894736 0.0152498 0.00729416 0.000961836 0.0150396 0.00923067 0.000972083 0.0152498 0.00729416 0.000961836 0.0170957045204829 0.00708167 0.00216925 0.0128353 0.0113142 0.00908673 0.011839 0.0102578 0.00790487 0.0128353 0.0113142 0.00908673 0.0135048 0.012595 0.00745951 0.0128353 0.0113142 0.00908673 0.0134127 0.00952022 0.0100291 0.0128353 0.0113142 0.00908673 0.0129507 0.0132919 0.00979129 0.0141283 0.00273951 0.00560883 0.015485688520482899 0.00323268 0.00436539 0.0141283 0.00273951 0.00560883 0.0135796 0.00112303 0.00471039 0.0141283 0.00273951 0.00560883 0.0128822 0.00413753 0.00570748 0.0141283 0.00273951 0.00560883 0.015987061520482897 0.00293212 0.00623972 0.0141283 0.00273951 0.00560883 0.011978 0.00217816 0.00560597 0.0121822 0.0125047 0.000840786 0.0126683 0.0127559 0.00269418 0.0121822 0.0125047 0.000840786 0.0137172 0.0109837 0.00115381 0.0121822 0.0125047 0.000840786 0.0137201 0.0140822 0.0011198 0.0121822 0.0125047 0.000840786 0.0113171 0.011057 0.00220569 0.00594983 0.00600315 0.0024658 0.00396086 0.00677349 0.0031821 0.00594983 0.00600315 0.0024658 0.00687357 0.00794686 0.00312245 0.0046906 6.85557e-05 0.00597007 0.0029514 0.000977679 0.00587933 0.0046906 6.85557e-05 0.00597007 0.00510821 -4.243452048289934e-05 0.00801478 0.0046906 6.85557e-05 0.00597007 0.0036266 -0.0009984345204828997 0.00459364 0.00151079 0.00546937 0.000852264 -0.0002495345204828988 0.0054567 0.00154519 0.00151079 0.00546937 0.000852264 0.00227013 0.00371971 0.000954007 0.00151079 0.00546937 0.000852264 0.00283745 0.0051993 0.00229915 0.00151079 0.00546937 0.000852264 0.00172507 0.00708167 0.00216925 0.0152712 0.00034132 0.00114595 0.0141213 0.0019768 0.00109104 0.0152712 0.00034132 0.00114595 0.0137201 -0.0012884345204828987 0.0011198 0.00190065 0.0131454 0.00428428 -2.6934520482899344e-05 0.0129269 0.00451838 0.00190065 0.0131454 0.00428428 0.00137091 0.0138096 0.00592945 0.00190065 0.0131454 0.00428428 0.0007068409999999999 0.0145357 0.00368238 0.00190065 0.0131454 0.00428428 0.00198555 0.0126486 0.00249904 0.00190065 0.0131454 0.00428428 0.0036266 0.0143722 0.00459364 0.00190065 0.0131454 0.00428428 0.00115116 0.0113184 0.00522118 0.0153437 0.0129269 0.00451838 0.0160774755204829 0.0145357 0.00368238 0.0153437 0.0129269 0.00451838 0.0134439 0.0129899 0.00445896 0.0153437 0.0129269 0.00451838 0.0153655 0.011464 0.00295158 0.0153437 0.0129269 0.00451838 0.0145478 0.014689 0.0053889 0.0153437 0.0129269 0.00451838 0.0165217945204829 0.0113184 0.00522118 0.00511703 0.0101176 0.0025782 0.00480507 0.00823777 0.00200027 0.00511703 0.0101176 0.0025782 0.00460004 0.00877497 0.00384889 0.00511703 0.0101176 0.0025782 0.00500844 0.00961584 0.0008198699999999999 0.00511703 0.0101176 0.0025782 0.0054251 0.0117839 0.00120039 0.00195329 0.0115643 0.0144736 0.00229801 0.00965966 0.0144497 0.00195329 0.0115643 0.0144736 0.00377298 0.0108092 0.0144163 0.000190646 0.0134963 0.00737844 0.00176425 0.0123739 0.00710227 0.000190646 0.0134963 0.00737844 -0.0007850345204828977 0.0142989 0.0087989 0.000190646 0.0134963 0.00737844 0.00137091 0.0138096 0.00592945 0.000190646 0.0134963 0.00737844 -0.00020723452048289787 0.0122635 0.00919075 0.000190646 0.0134963 0.00737844 -0.0018658345204828975 0.012595 0.00745951 0.0141025 0.00513138 0.00947694 0.0130113 0.00607976 0.00821247 0.0141025 0.00513138 0.00947694 0.0143209 0.00391868 0.00769893 0.00345844 0.0013449 0.00842434 0.00510821 -4.243452048289858e-05 0.00801478 0.00345844 0.0013449 0.00842434 0.00230327 0.00280122 0.00955862 0.00345844 0.0013449 0.00842434 0.00464868 0.00312059 0.00870708 0.00116394 0.000317307 0.00572811 0.0029514 0.000977679 0.00587933 0.00116394 0.000317307 0.00572811 0.00137091 -0.0015610345204828985 0.00592945 0.00116394 0.000317307 0.00572811 0.00208631 0.000364545 0.00403015 0.00116394 0.000317307 0.00572811 -0.0008228345204829 -0.0006816345204828979 0.0053889 0.00658093 0.0153419 0.0101982 0.00668748 0.0134064 0.0101069 0.00658093 0.0153419 0.0101982 0.0082053 0.0156157735204829 0.0112101 0.00658093 0.0153419 0.0101982 0.00472568 0.0158263285204829 0.0100011 0.00713619 0.0100705 0.00575846 0.00645393 0.00899285 0.00710708 0.00713619 0.0100705 0.00575846 0.00899395 0.0102211 0.00605196 0.00713619 0.0100705 0.00575846 0.00778111 0.0112587 0.00713781 0.0151211 0.0054567 0.00154519 0.0135644 0.0062868 0.000894736 0.0151211 0.0054567 0.00154519 0.0133673 0.00507231 0.00238011 0.0151211 0.0054567 0.00154519 0.0145597 0.00387892 0.000842363 0.0151211 0.0054567 0.00154519 0.0162896315204829 0.00482947 0.00315684 0.000278818 0.00483135 0.00618947 -0.0013754345204828999 0.00577683 0.00651482 0.000278818 0.00483135 0.00618947 0.000616427 0.00293212 0.00623972 0.000278818 0.00483135 0.00618947 -0.0010497345204829 0.00391868 0.00769893 0.00229801 0.00965966 0.0144497 0.00164417 0.00788354 0.0144702 0.00229801 0.00965966 0.0144497 0.00377298 0.0108092 0.0144163 0.00229801 0.00965966 0.0144497 0.000820398 0.00911987 0.0129553 0.00829289 0.00433326 0.0145069 0.00845796 0.00383956 0.0126755 0.00829289 0.00433326 0.0145069 0.00706197 0.00546606 0.013003 0.00829289 0.00433326 0.0145069 0.00943291 0.00563095 0.0133002 0.0108581 0.00443733 0.0113705 0.0118933 0.0029406 0.0109044 0.0108581 0.00443733 0.0113705 0.0104442 0.00531781 0.00971621 0.0108581 0.00443733 0.0113705 0.0100375 0.0032072 0.00981489 0.0108581 0.00443733 0.0113705 0.0108501 0.00376661 0.0133897 0.0117275 0.0145051 0.0145173 0.0102073 0.0141663 0.0133971 0.0117275 0.0145051 0.0145173 0.0114805 0.0126982 0.0139477 0.0117275 0.0145051 0.0145173 0.0136467 0.0147456 0.0138656 0.0139952 0.00577683 0.00651482 0.0130113 0.00607976 0.00821247 0.0139952 0.00577683 0.00651482 0.014303 0.00766937 0.00539193 0.0139952 0.00577683 0.00651482 0.0143209 0.00391868 0.00769893 0.00364667 0.00892887 0.00557959 0.00460004 0.00877497 0.00384889 0.00364667 0.00892887 0.00557959 0.00480573 0.0080748 0.00688147 0.00364667 0.00892887 0.00557959 0.00446454 0.00735028 0.00513411 0.00364667 0.00892887 0.00557959 0.00280207 0.00716806 0.0065841 0.00364667 0.00892887 0.00557959 0.00313805 0.010802 0.00638341 0.00877499 0.000477601 0.0144539 0.00775995 0.000976374 0.0129544 0.00877499 0.000477601 0.0144539 0.00925751 0.00240258 0.0142056 0.00877499 0.000477601 0.0144539 0.00701097 -0.0008301345204828989 0.0142098 0.00218062 0.00496916 0.00954555 0.00227587 0.00664207 0.00864786 0.00218062 0.00496916 0.00954555 0.0009290729999999999 0.00409095 0.00841085 0.00218062 0.00496916 0.00954555 0.00172261 0.00461265 0.0113195 0.00218062 0.00496916 0.00954555 0.00429391 0.00529992 0.00971744 0.00218062 0.00496916 0.00954555 0.00230327 0.00280122 0.00955862 0.00268003 0.00510171 0.00574284 0.00231846 0.00373622 0.00434161 0.00268003 0.00510171 0.00574284 0.00413718 0.00502779 0.00692196 0.00268003 0.00510171 0.00574284 0.00388026 0.00363276 0.00552311 0.00268003 0.00510171 0.00574284 0.00280207 0.00716806 0.0065841 0.00268003 0.00510171 0.00574284 0.00192392 0.00655049 0.00445349 0.0144521 0.00979825 0.0118808 0.0153184 0.0104658 0.010282 0.0144521 0.00979825 0.0118808 0.0159667075204829 0.0109432 0.0120274 0.0144521 0.00979825 0.0118808 0.0128742 0.00880729 0.0119687 0.0144521 0.00979825 0.0118808 0.014401 0.00800786 0.0126545 0.0144521 0.00979825 0.0118808 0.0161910325204829 0.00911987 0.0129553 0.0144521 0.00979825 0.0118808 0.0134127 0.00952022 0.0100291 0.0144521 0.00979825 0.0118808 0.0142124 0.0100765 0.0139645 0.0152118 0.000698226 0.00943239 0.0141607 -0.00015473452048289963 0.010789 0.0152118 0.000698226 0.00943239 0.0153801904104829 0.00123007 0.0112874 0.0152118 0.000698226 0.00943239 0.0145856 -0.001071734520482899 0.0087989 0.0152118 0.000698226 0.00943239 0.015839292520482898 0.00222515 0.00842297 0.0152118 0.000698226 0.00943239 0.0138083 0.00154906 0.00801792 0.00620654 0.00832739 0.00523734 0.00645393 0.00899285 0.00710708 0.00620654 0.00832739 0.00523734 0.00446454 0.00735028 0.00513411 0.00620654 0.00832739 0.00523734 0.00687357 0.00794686 0.00312245 0.000251373 0.0135367 0.00222076 -0.0012147345204828975 0.0141547 0.00320179 0.000251373 0.0135367 0.00222076 -6.834520482897988e-06 0.0123609 0.0008601889999999999 0.000251373 0.0135367 0.00222076 0.000706841 0.0145357 0.00368238 0.000251373 0.0135367 0.00222076 0.00198555 0.0126486 0.00249904 0.000251373 0.0135367 0.00222076 -5.1345204828976755e-06 0.011464 0.00295158 0.000251373 0.0135367 0.00222076 0.00192528 0.0142345 0.00108664 0.00432417 0.00184756 0.00495445 0.00352221 0.00144007 0.00328906 0.00432417 0.00184756 0.00495445 0.0029514 0.000977679 0.00587933 0.00432417 0.00184756 0.00495445 0.00544794 0.0022627 0.00650547 0.00432417 0.00184756 0.00495445 0.00388026 0.00363276 0.00552311 0.00432417 0.00184756 0.00495445 0.00541924 0.000355925 0.00375051 0.00432417 0.00184756 0.00495445 0.00626679 0.00262626 0.00449877 0.00754202 0.00647267 0.00484806 0.00585087 0.00644631 0.00591544 0.00472794 0.00312661 0.0139351 0.00625966 0.00416675 0.0144921 0.00472794 0.00312661 0.0139351 0.00346998 0.00229533 0.0128675 0.00472794 0.00312661 0.0139351 0.00547107 0.0010103200000000003 0.0138642 0.00472794 0.00312661 0.0139351 0.00666004 0.00283875 0.0128572 0.00750461 0.0106427 0.0139331 0.00657515 0.0102778 0.0122978 0.00750461 0.0106427 0.0139331 0.00647114 0.00915142 0.0144973 0.00750461 0.0106427 0.0139331 0.00863114 0.0116843 0.0128227 0.00797952 0.00679151 0.0144665 0.00612744 0.00723658 0.0143725 0.00797952 0.00679151 0.0144665 0.00706197 0.00546606 0.013003 0.00797952 0.00679151 0.0144665 0.00943291 0.00563095 0.0133002 0.00797952 0.00679151 0.0144665 0.00977266 0.00788281 0.013861 0.00797952 0.00679151 0.0144665 0.00768332 0.00836238 0.0129653 0.00425777 0.0021485 0.0106735 0.00618783 0.0025258 0.0106964 0.00425777 0.0021485 0.0106735 0.00291447 0.0008253100000000001 0.0103307 0.00425777 0.0021485 0.0106735 0.0042629 0.00391804 0.011316 0.00425777 0.0021485 0.0106735 0.00472568 0.000455694 0.0100011 0.00425777 0.0021485 0.0106735 0.00464868 0.00312059 0.00870708 0.00835291 0.00891797 0.0073962 0.00988712 0.0100631 0.00785927 0.00835291 0.00891797 0.0073962 0.00645393 0.00899285 0.00710708 0.00835291 0.00891797 0.0073962 0.00899395 0.0102211 0.00605196 0.00835291 0.00891797 0.0073962 0.00838557 0.00678246 0.00691085 0.00835291 0.00891797 0.0073962 0.00914681 0.00874213 0.00944346 0.0141607 0.0152159 0.010789 0.0153801904104829 0.0166007045204829 0.0112874 0.0141607 0.0152159 0.010789 0.0140258 0.0134363 0.0119348 0.0145543 0.00355354 0.00270893 0.015485688520482899 0.00323268 0.00436539 0.0145543 0.00355354 0.00270893 0.0135355 0.00197941 0.00298636 0.0145543 0.00355354 0.00270893 0.0133673 0.00507231 0.00238011 0.0145543 0.00355354 0.00270893 0.0145597 0.00387892 0.000842363 0.0145543 0.00355354 0.00270893 0.0162896315204829 0.00482947 0.00315684 0.00516449 0.00727366 0.00964166 0.00552384 0.0085144 0.0109798 0.00516449 0.00727366 0.00964166 0.00484566 0.00912546 0.00926259 0.00516449 0.00727366 0.00964166 0.00429391 0.00529992 0.00971744 0.00516449 0.00727366 0.00964166 0.00626991 0.00685862 0.00790011 0.00176425 0.0123739 0.00710227 0.00137091 0.0138096 0.00592945 0.00176425 0.0123739 0.00710227 0.000840812 0.0108388 0.00792202 0.00176425 0.0123739 0.00710227 0.00313805 0.010802 0.00638341 0.00176425 0.0123739 0.00710227 0.00115116 0.0113184 0.00522118 0.0102073 0.0141663 0.0133971 0.010712 0.0158823295204829 0.0128052 0.0102073 0.0141663 0.0133971 0.0115897 0.0136015 0.011833 0.000115054 0.00323268 0.00436539 0.000616427 0.00293212 0.00623972 0.000115054 0.00323268 0.00436539 -0.0011165345204828985 0.00506974 0.00436986 0.000115054 0.00323268 0.00436539 9.61791e-05 0.00120907 0.0035721 0.000115054 0.00323268 0.00436539 0.000918997 0.00482947 0.00315684 0.0122921 0.010764 0.0144832 0.0129252 0.0117915 0.0129213 0.0122921 0.010764 0.0144832 0.0112531 0.00911038 0.014552 0.0122921 0.010764 0.0144832 0.0102538 0.0109147 0.0139134 0.0122921 0.010764 0.0144832 0.0142124 0.0100765 0.0139645 0.00988712 0.0100631 0.00785927 0.011839 0.0102578 0.00790487 0.00988712 0.0100631 0.00785927 0.0107688 0.0108787 0.00640708 0.00988712 0.0100631 0.00785927 0.00914681 0.00874213 0.00944346 0.00227013 0.00371971 0.000954007 0.00333269 0.00227702 0.00161919 0.00227013 0.00371971 0.000954007 0.00441068 0.0040851 0.00130074 0.0083976 0.009551 0.00390556 0.0098926 0.00929801 0.00263399 0.0083976 0.009551 0.00390556 0.00797139 0.00997282 0.00207478 0.0083976 0.009551 0.00390556 0.0100473 0.0110032 0.00428757 0.0120699 0.0147357 0.00487253 0.012917 0.0154973805204829 0.00325698 0.0120699 0.0147357 0.00487253 0.010453 0.0142266 0.00592079 0.0120699 0.0147357 0.00487253 0.0127943 0.0156350145204829 0.00640004 0.0120699 0.0147357 0.00487253 0.0107233 0.0150992 0.00321297 0.00561507 0.00410671 0.00629114 0.00413718 0.00502779 0.00692196 0.00561507 0.00410671 0.00629114 0.00544794 0.0022627 0.00650547 0.00561507 0.00410671 0.00629114 0.00388026 0.00363276 0.00552311 0.00561507 0.00410671 0.00629114 0.00516709 0.00510728 0.00444245 0.00561507 0.00410671 0.00629114 0.00765752 0.00446909 0.00641417 0.00335431 0.0126207 0.00105695 0.00352002 0.0107148 0.00088111 0.00335431 0.0126207 0.00105695 0.00198555 0.0126486 0.00249904 0.00335431 0.0126207 0.00105695 0.00177242 0.0114231 0.00105547 0.00335431 0.0126207 0.00105695 0.00192528 0.0142345 0.00108664 0.00335431 0.0126207 0.00105695 0.0054251 0.0117839 0.00120039 0.00995957 0.00142228 0.0087712 0.0107394 0.00232397 0.00733828 0.00995957 0.00142228 0.0087712 0.00892212 0.00180469 0.00718658 0.00995957 0.00142228 0.0087712 0.0117384 0.000963079 0.00825171 0.00995957 0.00142228 0.0087712 0.00805291 0.00172928 0.00971092 0.00995957 0.00142228 0.0087712 0.0100375 0.0032072 0.00981489 0.00480507 0.00823777 0.00200027 0.00460004 0.00877497 0.00384889 0.00480507 0.00823777 0.00200027 0.00500844 0.00961584 0.0008198699999999999 0.00480507 0.00823777 0.00200027 0.00396086 0.00677349 0.0031821 0.00480507 0.00823777 0.00200027 0.00294316 0.00920676 0.00239347 0.00884382 0.0086451 0.000953 0.00797139 0.00997282 0.00207478 0.00884382 0.0086451 0.000953 0.0101001 0.0075216 0.00177355 0.00884382 0.0086451 0.000953 0.00793311 0.00672138 0.00117914 0.0135897 0.0087249 0.00292243 0.0134331 0.00816312 0.00104772 0.0135897 0.0087249 0.00292243 0.0130448 0.00694203 0.00348486 0.0135897 0.0087249 0.00292243 0.0118825 0.0082028 0.00217858 0.0135897 0.0087249 0.00292243 0.015524430520482899 0.00926513 0.00374912 0.0135897 0.0087249 0.00292243 0.0117118 0.00939076 0.00392036 0.00926036 0.0133802 0.00330743 0.0110565 0.0129142 0.00375025 0.00926036 0.0133802 0.00330743 0.00869291 0.0147868 0.0021781 0.00926036 0.0133802 0.00330743 0.00893072 0.012727 0.00542107 0.00508361 0.0143228 0.0132382 0.00547107 0.0163809545204829 0.0138642 0.00508361 0.0143228 0.0132382 0.00380782 0.0126268 0.0133527 0.00508361 0.0143228 0.0132382 0.00701097 0.0145405 0.0142098 0.00508361 0.0143228 0.0132382 0.00379222 0.0156943185204829 0.0122498 0.0134331 0.00816312 0.00104772 0.0135644 0.0062868 0.000894736 0.0134331 0.00816312 0.00104772 0.0118825 0.0082028 0.00217858 0.0134331 0.00816312 0.00104772 0.0150396 0.00923067 0.000972083 0.0110565 0.0129142 0.00375025 0.0126683 0.0127559 0.00269418 0.0110565 0.0129142 0.00375025 0.0118278 0.0125662 0.00573439 0.0110565 0.0129142 0.00375025 0.0100473 0.0110032 0.00428757 0.0149699 0.00803392 0.0144509 0.0159013815204829 0.00637393 0.0144232 0.0149699 0.00803392 0.0144509 0.014401 0.00800786 0.0126545 0.0149699 0.00803392 0.0144509 0.0161910325204829 0.00911987 0.0129553 0.0149699 0.00803392 0.0144509 0.0142124 0.0100765 0.0139645 0.0098843 0.00569706 0.000949108 0.0116253 0.00662971 0.00100196 0.0098843 0.00569706 0.000949108 0.0101301 0.00519092 0.00277241 0.0098843 0.00569706 0.000949108 0.00793311 0.00672138 0.00117914 0.00352221 0.00144007 0.00328906 0.00333269 0.00227702 0.00161919 0.00352221 0.00144007 0.00328906 0.00208631 0.000364545 0.00403015 0.00352221 0.00144007 0.00328906 0.00541924 0.000355925 0.00375051 0.0153184 0.0104658 0.010282 0.0159667075204829 0.0109432 0.0120274 0.0153184 0.0104658 0.010282 0.0172205645204829 0.0114558 0.0103433 0.0153184 0.0104658 0.010282 0.0151634 0.0122635 0.00919075 0.0153184 0.0104658 0.010282 0.0134127 0.00952022 0.0100291 0.00775995 0.000976374 0.0129544 0.0082053 0.000245139 0.0112101 0.00775995 0.000976374 0.0129544 0.00666004 0.00283875 0.0128572 0.00668748 0.0134064 0.0101069 0.00659911 0.0115298 0.0098275 0.00668748 0.0134064 0.0101069 0.00460212 0.0135841 0.00950264 0.00283745 0.0051993 0.00229915 0.00172507 0.00708167 0.00216925 0.00283745 0.0051993 0.00229915 0.00441068 0.0040851 0.00130074 0.00283745 0.0051993 0.00229915 0.00396086 0.00677349 0.0031821 0.00283745 0.0051993 0.00229915 0.000918997 0.00482947 0.00315684 0.00618783 0.0025258 0.0106964 0.00666004 0.00283875 0.0128572 0.00618783 0.0025258 0.0106964 0.00795508 0.00387068 0.0106491 0.0112908 0.0013845 0.0144392 0.010712 0.000511695 0.0128052 0.00155904 0.0149562 0.0144565 0.00175772 0.0164667145204829 0.0134069 0.00155904 0.0149562 0.0144565 0.003325 0.0143225 0.0144232 0.00155904 0.0149562 0.0144565 5.3594199999999976e-05 0.0137889 0.0144911 0.00155904 0.0149562 0.0144565 0.00103157 0.0140464 0.0125384 0.00347126 0.00841221 0.00821453 0.00206068 0.00955044 0.00880916 0.00347126 0.00841221 0.00821453 0.00480573 0.0080748 0.00688147 0.00347126 0.00841221 0.00821453 0.00484566 0.00912546 0.00926259 0.00347126 0.00841221 0.00821453 0.00280207 0.00716806 0.0065841 0.00625966 0.00416675 0.0144921 0.00706197 0.00546606 0.013003 0.00625966 0.00416675 0.0144921 0.00666004 0.00283875 0.0128572 0.00231846 0.00373622 0.00434161 0.00406094 0.00343099 0.00356093 0.00231846 0.00373622 0.00434161 0.00388026 0.00363276 0.00552311 0.00231846 0.00373622 0.00434161 0.000918997 0.00482947 0.00315684 0.00333269 0.00227702 0.00161919 0.00310216 0.0006017940000000001 0.000908302 0.00333269 0.00227702 0.00161919 0.00441068 0.0040851 0.00130074 0.00645393 0.00899285 0.00710708 0.00480573 0.0080748 0.00688147 0.00845796 0.00383956 0.0126755 0.00706197 0.00546606 0.013003 0.00845796 0.00383956 0.0126755 0.00943291 0.00563095 0.0133002 0.00845796 0.00383956 0.0126755 0.00666004 0.00283875 0.0128572 0.00845796 0.00383956 0.0126755 0.00795508 0.00387068 0.0106491 0.00845796 0.00383956 0.0126755 0.00962816 0.00221139 0.0119869 0.0112198 0.00840147 0.00987613 0.011493 0.00984042 0.0110711 0.0112198 0.00840147 0.00987613 0.00914681 0.00874213 0.00944346 0.0138114 0.0114078 0.00558436 0.0134439 0.0129899 0.00445896 0.0138114 0.0114078 0.00558436 0.0135048 0.012595 0.00745951 0.00460004 0.00877497 0.00384889 0.00446454 0.00735028 0.00513411 0.00460004 0.00877497 0.00384889 0.00396086 0.00677349 0.0031821 0.00460004 0.00877497 0.00384889 0.00294316 0.00920676 0.00239347 0.00657515 0.0102778 0.0122978 0.00686308 0.00974815 0.0104563 0.00657515 0.0102778 0.0122978 0.00785592 0.011269 0.0111828 0.00686308 0.00974815 0.0104563 0.00552384 0.0085144 0.0109798 0.00686308 0.00974815 0.0104563 0.00785592 0.011269 0.0111828 0.00686308 0.00974815 0.0104563 0.00659911 0.0115298 0.0098275 0.00686308 0.00974815 0.0104563 0.00796172 0.0104475 0.00906554 0.0129252 0.0117915 0.0129213 0.0114805 0.0126982 0.0139477 0.0129252 0.0117915 0.0129213 0.0140258 0.0134363 0.0119348 9.55589e-06 0.00123007 0.0112874 -0.0016862345204829003 0.00174911 0.0118123 9.55589e-06 0.00123007 0.0112874 0.00165236 0.00040576999999999996 0.0115658 9.55589e-06 0.00123007 0.0112874 -0.000289334520482899 0.00173109 0.0134322 9.55589e-06 0.00123007 0.0112874 0.00159002 0.00257608 0.0118737 0.012917 0.000126746 0.00325698 0.0141559 -0.0012159345204829004 0.00320179 0.012917 0.000126746 0.00325698 0.0135355 0.00197941 0.00298636 0.012917 0.000126746 0.00325698 0.0135796 0.00112303 0.00471039 0.012917 0.000126746 0.00325698 0.0117204 0.00154573 0.00361404 0.012917 0.000126746 0.00325698 0.0107233 -0.00027143452048289954 0.00321297 0.012917 0.000126746 0.00325698 0.0122995 0.0007091910000000001 0.00121681 0.0141559 0.0141547 0.00320179 0.0134439 0.0129899 0.00445896 0.0141559 0.0141547 0.00320179 0.0137201 0.0140822 0.0011198000000000002 0.0153638 0.0123609 0.000860189 0.0137172 0.0109837 0.00115381 0.0107394 0.00232397 0.00733828 0.00892212 0.00180469 0.00718658 0.0107394 0.00232397 0.00733828 0.0094671 0.00364807 0.00708157 0.0107394 0.00232397 0.00733828 0.0123696 0.00325544 0.00735387 0.0107394 0.00232397 0.00733828 0.0103474 0.00047177099999999995 0.0069295 0.0107394 0.00232397 0.00733828 0.0117384 0.0009630789999999999 0.00825171 0.0107394 0.00232397 0.00733828 0.011978 0.00217816 0.00560597 0.0098926 0.00929801 0.00263399 0.0101001 0.0075216 0.00177355 0.0098926 0.00929801 0.00263399 0.0117118 0.00939076 0.00392036 0.00925751 0.00240258 0.0142056 0.0108501 0.00376661 0.0133897 0.0141596 0.00335176 0.0145042 0.0129104 0.00408412 0.0133379 0.0141596 0.00335176 0.0145042 0.0162091835204829 0.00378602 0.0141523 0.0141596 0.00335176 0.0145042 0.0150813 0.00173109 0.0134322 0.0016423 0.00543989 0.0130417 0.00300635 0.00412115 0.0126468 0.0016423 0.00543989 0.0130417 0.00172261 0.00461265 0.0113195 0.0016423 0.00543989 0.0130417 0.000838549 0.00378602 0.0141523 0.0016423 0.00543989 0.0130417 0.00340192 0.0060966 0.0118143 0.0110781 0.00889696 0.012636 0.011493 0.00984042 0.0110711 0.0110781 0.00889696 0.012636 0.0128742 0.00880729 0.0119687 0.0110781 0.00889696 0.012636 0.0117088 0.00747845 0.0116189 0.0110781 0.00889696 0.012636 0.0112531 0.00911038 0.014552 0.0110781 0.00889696 0.012636 0.00964017 0.00810693 0.0115189 0.0110781 0.00889696 0.012636 0.00977266 0.00788281 0.013861 0.0141213 0.0019768 0.00109104 0.0135355 0.00197941 0.00298636 0.0141213 0.0019768 0.00109104 0.0145597 0.00387892 0.000842363 0.0141213 0.0019768 0.00109104 0.0122995 0.0007091910000000001 0.00121681 0.00245445 0.0104931 0.0123796 0.0005960729999999999 0.0109432 0.0120274 0.00245445 0.0104931 0.0123796 0.00355596 0.00930857 0.0110189 0.00245445 0.0104931 0.0123796 0.000820398 0.00911987 0.0129553 0.00245445 0.0104931 0.0123796 0.00403312 0.0115968 0.0113211 0.011493 0.00984042 0.0110711 0.0128742 0.00880729 0.0119687 0.011493 0.00984042 0.0110711 0.0107972 0.0107695 0.00949678 0.011493 0.00984042 0.0110711 0.00955435 0.0102671 0.0109883 0.011493 0.00984042 0.0110711 0.0134127 0.00952022 0.0100291 0.00164417 0.00788354 0.0144702 0.0029436 0.00645581 0.0144669 0.00164417 0.00788354 0.0144702 0.000530747 0.00637393 0.0144232 0.00164417 0.00788354 0.0144702 0.000820398 0.00911987 0.0129553 0.00892212 0.00180469 0.00718658 0.0094671 0.00364807 0.00708157 0.00892212 0.00180469 0.00718658 0.0084519 -8.653452048289841e-05 0.00695295 0.00892212 0.00180469 0.00718658 0.0103474 0.00047177099999999995 0.0069295 0.00892212 0.00180469 0.00718658 0.0069451 0.00132918 0.00768603 0.00892212 0.00180469 0.00718658 0.00958156 0.00149809 0.00515553 0.0087802 0.0148512 0.00509543 0.0084519 0.0152841 0.00695295 0.0087802 0.0148512 0.00509543 0.010453 0.0142266 0.00592079 0.0087802 0.0148512 0.00509543 0.00893072 0.012727 0.00542107 0.0087802 0.0148512 0.00509543 0.00958156 0.0168687245204829 0.00515553 0.00606978 0.00716785 0.0122636 0.00552384 0.0085144 0.0109798 0.00606978 0.00716785 0.0122636 0.00442288 0.00802972 0.0124874 0.00606978 0.00716785 0.0122636 0.00706197 0.00546606 0.013003 0.00606978 0.00716785 0.0122636 0.00740889 0.00753514 0.0106287 0.00606978 0.00716785 0.0122636 0.00768332 0.00836238 0.0129653 0.00935618 0.00664764 0.0090234 0.0104442 0.00531781 0.00971621 0.00935618 0.00664764 0.0090234 0.00868841 0.00584054 0.0106477 0.00935618 0.00664764 0.0090234 0.00914681 0.00874213 0.00944346 0.00935618 0.00664764 0.0090234 0.00778648 0.00523067 0.00870393 0.0029514 0.000977679 0.00587933 0.00277645 -0.0005178345204829003 0.00735932 0.0130448 0.00694203 0.00348486 0.0111561 0.00668828 0.00310923 0.00797139 0.00997282 0.00207478 0.00763803 0.011646 0.00104104 0.00869291 0.0147868 0.0021781 0.00763904 0.0136286 0.000988605 0.00869291 0.0147868 0.0021781 0.00952712 0.0165010245204829 0.00212589 0.0094671 0.00364807 0.00708157 0.0109188 0.00426286 0.00820171 0.0094671 0.00364807 0.00708157 0.0101128 0.00539865 0.00695459 0.0094671 0.00364807 0.00708157 0.00765752 0.00446909 0.00641417 0.0145856 0.0142989 0.0087989 0.0151634 0.0122635 0.00919075 0.0145856 0.0142989 0.0087989 0.0129507 0.0132919 0.00979129 0.00250638 0.00251356 0.0144513 0.00175772 0.00109608 0.0134069 0.00250638 0.00251356 0.0144513 0.00346998 0.00229533 0.0128675 0.00250638 0.00251356 0.0144513 0.00310882 0.00440618 0.0144736 0.00250638 0.00251356 0.0144513 0.0008385490000000001 0.00378602 0.0141523 0.0082053 0.000245139 0.0112101 0.00835588 -0.0010451345204828995 0.0125809 0.0082053 0.000245139 0.0112101 0.00805291 0.0017292800000000001 0.00971092 0.0135355 0.00197941 0.00298636 0.0135796 0.00112303 0.00471039 0.0135355 0.00197941 0.00298636 0.0117204 0.00154573 0.00361404 0.0135355 0.00197941 0.00298636 0.0118802 0.00312691 0.00218472 0.0135355 0.00197941 0.00298636 0.015466813620482899 0.00120907 0.0035721 0.0136844 0.00174911 0.0118123 0.0119248 0.00199644 0.0126038 0.0136844 0.00174911 0.0118123 0.0150813 0.00173109 0.0134322 0.00206068 0.00955044 0.00880916 0.00153257 0.00935515 0.00691444 0.00206068 0.00955044 0.00880916 0.000840812 0.0108388 0.00792202 0.0118933 0.0029406 0.0109044 0.0119248 0.00199644 0.0126038 0.0118933 0.0029406 0.0109044 0.0100375 0.0032072 0.00981489 0.00291447 0.00082531 0.0103307 0.00165236 0.00040577 0.0115658 0.00291447 0.00082531 0.0103307 0.00472568 0.000455694 0.0100011 0.00291447 0.00082531 0.0103307 0.00230327 0.00280122 0.00955862 0.00291447 0.00082531 0.0103307 0.00379222 0.00032368399999999997 0.0122498 0.0135644 0.0062868 0.000894736 0.0116253 0.00662971 0.00100196 0.0135644 0.0062868 0.000894736 0.0133673 0.00507231 0.00238011 0.0135644 0.0062868 0.000894736 0.0122306 0.0048128 0.000885464 0.00300635 0.00412115 0.0126468 0.00346998 0.00229533 0.0128675 0.00300635 0.00412115 0.0126468 0.00310882 0.00440618 0.0144736 0.00300635 0.00412115 0.0126468 0.0042629 0.00391804 0.011316 0.00300635 0.00412115 0.0126468 0.00172261 0.00461265 0.0113195 0.00300635 0.00412115 0.0126468 0.00159002 0.00257608 0.0118737 0.00300635 0.00412115 0.0126468 0.00340192 0.0060966 0.0118143 0.0116253 0.00662971 0.00100196 0.0122306 0.0048128 0.000885464 0.0116253 0.00662971 0.00100196 0.0118825 0.0082028 0.00217858 0.0116253 0.00662971 0.00100196 0.0101001 0.0075216 0.00177355 0.00406094 0.00343099 0.00356093 0.00388026 0.00363276 0.00552311 0.00406094 0.00343099 0.00356093 0.00516709 0.00510728 0.00444245 0.012031 0.00511796 0.00692809 0.0117829 0.00696799 0.00680975 0.012031 0.00511796 0.00692809 0.0123696 0.00325544 0.00735387 0.012031 0.00511796 0.00692809 0.0109188 0.00426286 0.00820171 0.012031 0.00511796 0.00692809 0.0130113 0.00607976 0.00821247 0.012031 0.00511796 0.00692809 0.0128822 0.00413753 0.00570748 0.012031 0.00511796 0.00692809 0.0101128 0.00539865 0.00695459 0.0111561 0.00668828 0.00310923 0.0118825 0.0082028 0.00217858 0.0111561 0.00668828 0.00310923 0.0101001 0.0075216 0.00177355 0.0111561 0.00668828 0.00310923 0.0101301 0.00519092 0.00277241 0.0111561 0.00668828 0.00310923 0.01069 0.00753715 0.0049716 0.0111561 0.00668828 0.00310923 0.0118793 0.00476597 0.00391628 0.00165236 0.00040577 0.0115658 0.00175772 0.00109608 0.0134069 0.00165236 0.00040577 0.0115658 0.00159002 0.00257608 0.0118737 0.00165236 0.00040577 0.0115658 0.00103157 -0.0013242345204828984 0.0125384 0.00165236 0.00040577 0.0115658 0.00379222 0.000323684 0.0122498 0.0104442 0.00531781 0.00971621 0.0109188 0.00426286 0.00820171 0.0104442 0.00531781 0.00971621 0.0119113 0.00638915 0.0101489 0.0104442 0.00531781 0.00971621 0.0100375 0.0032072 0.00981489 0.000596073 0.0109432 0.0120274 0.00184993 0.0114558 0.0103433 0.000596073 0.0109432 0.0120274 0.000820398 0.00911987 0.0129553 0.00175772 0.00109608 0.0134069 -0.0002893345204828977 0.00173109 0.0134322 0.00175772 0.00109608 0.0134069 0.00159002 0.00257608 0.0118737 0.0129104 0.00408412 0.0133379 0.0145022 0.00547435 0.0131131 0.0129104 0.00408412 0.0133379 0.0108501 0.00376661 0.0133897 0.00352002 0.0107148 0.00088111 0.00500844 0.00961584 0.00081987 0.00352002 0.0107148 0.00088111 0.00177242 0.0114231 0.00105547 0.00352002 0.0107148 0.00088111 0.0054251 0.0117839 0.00120039 0.00352002 0.0107148 0.00088111 0.00294316 0.00920676 0.00239347 0.0084519 0.0152841 0.00695295 0.0103474 0.015842405520482897 0.0069295 0.0084519 0.0152841 0.00695295 0.0069451 0.0166998145204829 0.00768603 0.010453 0.0142266 0.00592079 0.0103474 0.015842405520482897 0.0069295 0.010453 0.0142266 0.00592079 0.0118278 0.0125662 0.00573439 0.010453 0.0142266 0.00592079 0.0117313 0.0142079 0.00769934 0.010453 0.0142266 0.00592079 0.00893072 0.012727 0.00542107 0.0133673 0.00507231 0.00238011 0.0122306 0.0048128 0.0008854639999999999 0.0133673 0.00507231 0.00238011 0.0142541 0.00506974 0.00436986 0.0133673 0.00507231 0.00238011 0.0118793 0.00476597 0.00391628 0.0128742 0.00880729 0.0119687 0.0117088 0.00747845 0.0116189 0.0128742 0.00880729 0.0119687 0.014401 0.00800786 0.0126545 0.0128742 0.00880729 0.0119687 0.0134127 0.00952022 0.0100291 0.00899395 0.0102211 0.00605196 0.0107688 0.0108787 0.00640708 0.00899395 0.0102211 0.00605196 0.00778111 0.0112587 0.00713781 0.00899395 0.0102211 0.00605196 0.0100473 0.0110032 0.00428757 0.00480573 0.0080748 0.00688147 0.00446454 0.00735028 0.00513411 0.00480573 0.0080748 0.00688147 0.00626991 0.00685862 0.00790011 0.00480573 0.0080748 0.00688147 0.00280207 0.00716806 0.0065841 0.003325 0.0143225 0.0144232 0.00380782 0.0126268 0.0133527 0.00902144 0.00737443 0.00347096 0.00823655 0.0055953 0.00300341 0.00902144 0.00737443 0.00347096 0.01069 0.00753715 0.0049716 0.00902144 0.00737443 0.00347096 0.00687357 0.00794686 0.00312245 0.00227587 0.00664207 0.00864786 0.0030558 0.00745159 0.0101217 0.00227587 0.00664207 0.00864786 0.00280207 0.00716806 0.0065841 0.00386816 0.00824252 0.0143913 0.00442288 0.00802972 0.0124874 0.00386816 0.00824252 0.0143913 0.00494855 0.00964249 0.013519 0.0114805 0.0126982 0.0139477 0.0102538 0.0109147 0.0139134 0.000530747 0.00637393 0.0144232 -0.0008684345204828991 0.00547435 0.0131131 0.00446454 0.00735028 0.00513411 0.00585087 0.00644631 0.00591544 0.00446454 0.00735028 0.00513411 0.00280207 0.00716806 0.0065841 0.00446454 0.00735028 0.00513411 0.00396086 0.00677349 0.0031821 0.0117088 0.00747845 0.0116189 0.0119113 0.00638915 0.0101489 0.0122306 0.0048128 0.000885464 0.0118802 0.00312691 0.00218472 0.0117829 0.00696799 0.00680975 0.0134671 0.00774582 0.00731047 0.0117829 0.00696799 0.00680975 0.0121512 0.00900841 0.0062369 0.0117829 0.00696799 0.00680975 0.01069 0.00753715 0.0049716 0.00835588 0.0143255 0.0125809 0.00701097 0.0145405 0.0142098 0.0149062 0.00337483 0.0120389 0.0150813 0.00173109 0.0134322 0.0149062 0.00337483 0.0120389 0.0169606545204829 0.00257608 0.0118737 0.0123696 0.00325544 0.00735387 0.0109188 0.00426286 0.00820171 0.0123696 0.00325544 0.00735387 0.0128822 0.00413753 0.00570748 0.0123696 0.00325544 0.00735387 0.0143209 0.00391868 0.00769893 0.0123696 0.00325544 0.00735387 0.011978 0.00217816 0.00560597 0.00204442 0.0108927 0.00330101 0.00198555 0.0126486 0.00249904 0.00204442 0.0108927 0.00330101 -5.134520482898489e-06 0.011464 0.00295158 0.00204442 0.0108927 0.00330101 0.00294316 0.00920676 0.00239347 0.00204442 0.0108927 0.00330101 0.00115116 0.0113184 0.00522118 0.014401 0.00800786 0.0126545 0.0161910325204829 0.00911987 0.0129553 0.00612744 0.00723658 0.0143725 0.00647114 0.00915142 0.0144973 0.0103474 0.000471771 0.0069295 0.0117384 0.0009630789999999999 0.00825171 0.0103474 0.000471771 0.0069295 0.00958156 0.00149809 0.00515553 0.011839 0.0102578 0.00790487 0.0107972 0.0107695 0.00949678 0.011839 0.0102578 0.00790487 0.0107688 0.0108787 0.00640708 0.011839 0.0102578 0.00790487 0.0121512 0.00900841 0.0062369 0.0127943 0.00026438 0.00640004 0.0117313 -0.0011627345204828982 0.00769934 0.0127943 0.00026438 0.00640004 0.0145478 -0.0006816345204828983 0.0053889 0.0127943 0.00026438 0.00640004 0.011978 0.00217816 0.00560597 0.000706841 0.0145357 0.00368238 0.00208631 0.0157351795204829 0.00403015 0.000706841 0.0145357 0.00368238 9.617909999999998e-05 0.0165797045204829 0.0035721 0.00647114 0.00915142 0.0144973 0.00494855 0.00964249 0.013519 0.00647114 0.00915142 0.0144973 0.00768332 0.00836238 0.0129653 0.0135796 0.00112303 0.00471039 0.0145478 -0.0006816345204828992 0.0053889 0.0135796 0.00112303 0.00471039 0.015466813620482899 0.00120907 0.0035721 0.0135796 0.00112303 0.00471039 0.011978 0.00217816 0.00560597 0.000468658 0.00222515 0.00842297 0.000929073 0.00409095 0.00841085 0.000468658 0.00222515 0.00842297 0.00230327 0.00280122 0.00955862 0.000468658 0.00222515 0.00842297 -0.0015623345204828986 0.00154906 0.00801792 0.00552384 0.0085144 0.0109798 0.00442288 0.00802972 0.0124874 0.00552384 0.0085144 0.0109798 0.00484566 0.00912546 0.00926259 0.00552384 0.0085144 0.0109798 0.00740889 0.00753514 0.0106287 0.00552384 0.0085144 0.0109798 0.00355596 0.00930857 0.0110189 0.00198555 0.0126486 0.00249904 0.00177242 0.0114231 0.00105547 0.00198555 0.0126486 0.00249904 0.00192528 0.0142345 0.00108664 0.0082373 0.0022954 0.0037132 0.00626679 0.00262626 0.00449877 0.0082373 0.0022954 0.0037132 0.00944267 0.00325923 0.00223748 0.0082373 0.0022954 0.0037132 0.00958156 0.00149809 0.00515553 0.0109188 0.00426286 0.00820171 0.0101128 0.00539865 0.00695459 0.0109188 0.00426286 0.00820171 0.0100375 0.0032072 0.00981489 0.00442288 0.00802972 0.0124874 0.00494855 0.00964249 0.013519 0.00442288 0.00802972 0.0124874 0.00355596 0.00930857 0.0110189 0.00346998 0.00229533 0.0128675 0.00159002 0.00257608 0.0118737 0.00346998 0.00229533 0.0128675 0.00379222 0.00032368399999999986 0.0122498 0.00785592 0.011269 0.0111828 0.00659911 0.0115298 0.0098275 0.00785592 0.011269 0.0111828 0.00955435 0.0102671 0.0109883 0.00785592 0.011269 0.0111828 0.00863114 0.0116843 0.0128227 0.0153282 0.00711132 0.00356177 0.014303 0.00766937 0.00539193 0.0153282 0.00711132 0.00356177 0.017294554520482897 0.00655049 0.00445349 0.0153282 0.00711132 0.00356177 0.015524430520482899 0.00926513 0.00374912 0.000929073 0.00409095 0.00841085 0.00230327 0.00280122 0.00955862 0.000929073 0.00409095 0.00841085 -0.0010497345204829008 0.00391868 0.00769893 0.013318 0.010695 0.00323788 0.0153655 0.011464 0.00295158 0.013318 0.010695 0.00323788 0.0137172 0.0109837 0.00115381 0.013318 0.010695 0.00323788 0.0117118 0.00939076 0.00392036 0.0112531 0.00911038 0.014552 0.0102538 0.0109147 0.0139134 0.0112531 0.00911038 0.014552 0.00977266 0.00788281 0.013861 0.00451755 0.00646184 0.00105769 0.00396086 0.00677349 0.0031821 0.00822373 0.00194359 0.000905024 0.00635389 0.00151574 0.00123427 0.00822373 0.00194359 0.000905024 0.00952712 0.00113039 0.00212589 0.00822373 0.00194359 0.000905024 0.00944267 0.00325923 0.00223748 0.0130113 0.00607976 0.00821247 0.0134671 0.00774582 0.00731047 0.00659911 0.0115298 0.0098275 0.00796172 0.0104475 0.00906554 0.00659911 0.0115298 0.0098275 0.00468502 0.0112376 0.00910221 0.00500844 0.00961584 0.00081987 0.0054251 0.0117839 0.00120039 0.00964017 0.00810693 0.0115189 0.00914681 0.00874213 0.00944346 0.0118825 0.0082028 0.00217858 0.0101001 0.0075216 0.00177355 0.0118825 0.0082028 0.00217858 0.0117118 0.00939076 0.00392036 0.0134671 0.00774582 0.00731047 0.014303 0.00766937 0.00539193 0.0134671 0.00774582 0.00731047 0.0121512 0.00900841 0.0062369 0.00763904 0.0136286 0.000988605 0.00763803 0.011646 0.00104104 0.00763904 0.0136286 0.000988605 0.00963367 0.0126271 0.00116232 0.00413718 0.00502779 0.00692196 0.00388026 0.00363276 0.00552311 0.0107688 0.0108787 0.00640708 0.0118278 0.0125662 0.00573439 0.0107688 0.0108787 0.00640708 0.0100473 0.0110032 0.00428757 0.00955435 0.0102671 0.0109883 0.00914681 0.00874213 0.00944346 0.00544794 0.0022627 0.00650547 0.00626679 0.00262626 0.00449877 0.00544794 0.0022627 0.00650547 0.0069451 0.00132918 0.00768603 0.00680914 0.0032933 0.008622 0.0069451 0.0013291800000000001 0.00768603 0.00680914 0.0032933 0.008622 0.00464868 0.00312059 0.00870708 0.00680914 0.0032933 0.008622 0.00778648 0.00523067 0.00870393 0.0042629 0.00391804 0.011316 0.00429391 0.00529992 0.00971744 0.0126683 0.0127559 0.00269418 0.0134439 0.0129899 0.00445896 0.0126683 0.0127559 0.00269418 0.0113171 0.011057 0.00220569 0.00763803 0.011646 0.00104104 0.0054251 0.0117839 0.00120039 0.00763803 0.011646 0.00104104 0.00963367 0.0126271 0.00116232 0.00472568 0.000455694 0.0100011 0.00510821 -4.243452048289858e-05 0.00801478 0.0117384 0.000963079 0.00825171 0.0117313 -0.0011627345204828989 0.00769934 0.0117384 0.000963079 0.00825171 0.0138083 0.00154906 0.00801792 0.0117384 0.000963079 0.00825171 0.0110583 -0.00039233452048289955 0.00988326 0.00584758 0.0138834 0.00653193 0.00685716 0.01238 0.00582047 0.00584758 0.0138834 0.00653193 0.00510821 0.0153282 0.00801478 0.00584758 0.0138834 0.00653193 0.00405248 0.0128019 0.00732678 0.0128822 0.00413753 0.00570748 0.0142541 0.00506974 0.00436986 0.0128822 0.00413753 0.00570748 0.0118793 0.00476597 0.00391628 0.0128822 0.00413753 0.00570748 0.011978 0.00217816 0.00560597 0.00153257 0.00935515 0.00691444 0.000840812 0.0108388 0.00792202 0.00153257 0.00935515 0.00691444 0.00313805 0.010802 0.00638341 0.0101301 0.00519092 0.00277241 0.00823655 0.0055953 0.00300341 0.0101301 0.00519092 0.00277241 0.00946042 0.00518139 0.00486491 0.0101301 0.00519092 0.00277241 0.00944267 0.00325923 0.00223748 0.0101301 0.00519092 0.00277241 0.0118793 0.00476597 0.00391628 0.00172261 0.00461265 0.0113195 0.00159002 0.00257608 0.0118737 0.00484566 0.00912546 0.00926259 0.00355596 0.00930857 0.0110189 0.00484566 0.00912546 0.00926259 0.00468502 0.0112376 0.00910221 0.00377298 0.0108092 0.0144163 0.00494855 0.00964249 0.013519 0.00377298 0.0108092 0.0144163 0.00380782 0.0126268 0.0133527 5.35942e-05 0.0137889 0.0144911 -0.0017239345204828995 0.0147456 0.0138656 5.35942e-05 0.0137889 0.0144911 0.00103157 0.0140464 0.0125384 0.0101128 0.00539865 0.00695459 0.00838557 0.00678246 0.00691085 0.0101128 0.00539865 0.00695459 0.00946042 0.00518139 0.00486491 0.00208631 0.000364545 0.00403015 0.0036266 -0.0009984345204828984 0.00459364 0.00208631 0.000364545 0.00403015 9.617910000000009e-05 0.00120907 0.0035721 0.00863114 0.0116843 0.0128227 0.0102538 0.0109147 0.0139134 0.00310216 0.000601794 0.000908302 0.00192528 -0.0011361345204828977 0.00108664 0.00310216 0.000601794 0.000908302 0.00396555 -0.0009111345204828983 0.00225751 0.00823655 0.0055953 0.00300341 0.00793311 0.00672138 0.00117914 0.0119248 0.00199644 0.0126038 0.010712 0.0005116949999999999 0.0128052 0.0119248 0.00199644 0.0126038 0.0108501 0.00376661 0.0133897 0.0134439 0.0129899 0.00445896 0.0118278 0.0125662 0.00573439 0.0134439 0.0129899 0.00445896 0.0145478 0.014689 0.0053889 0.00685716 0.01238 0.00582047 0.00778111 0.0112587 0.00713781 0.00685716 0.01238 0.00582047 0.00483438 0.0123782 0.00510901 0.00685716 0.01238 0.00582047 0.00893072 0.012727 0.00542107 0.0030558 0.00745159 0.0101217 0.00355596 0.00930857 0.0110189 0.0030558 0.00745159 0.0101217 0.00340192 0.0060966 0.0118143 0.000695039 0.00692591 0.00646992 -0.001067634520482899 0.00766937 0.00539193 0.000695039 0.00692591 0.00646992 0.00280207 0.00716806 0.0065841 0.00585087 0.00644631 0.00591544 0.00516709 0.00510728 0.00444245 0.00585087 0.00644631 0.00591544 0.00626991 0.00685862 0.00790011 0.00796172 0.0104475 0.00906554 0.00914681 0.00874213 0.00944346 0.0150396 0.00923067 0.000972083 0.0137172 0.0109837 0.00115381 0.0117204 0.00154573 0.00361404 0.0118802 0.00312691 0.00218472 0.0117204 0.00154573 0.00361404 0.0107233 -0.0002714345204828995 0.00321297 0.0117204 0.00154573 0.00361404 0.011978 0.00217816 0.00560597 0.00952712 0.00113039 0.00212589 0.00944267 0.00325923 0.00223748 0.00952712 0.00113039 0.00212589 0.0107233 -0.00027143452048289927 0.00321297 0.00868841 0.00584054 0.0106477 0.00740889 0.00753514 0.0106287 0.00868841 0.00584054 0.0106477 0.00795508 0.00387068 0.0106491 0.00868841 0.00584054 0.0106477 0.00778648 0.00523067 0.00870393 0.00388026 0.00363276 0.00552311 0.00516709 0.00510728 0.00444245 0.000840812 0.0108388 0.00792202 -0.00020723452048289847 0.0122635 0.00919075 0.010712 0.000511695 0.0128052 0.00962816 0.00221139 0.0119869 0.00510821 0.0153282 0.00801478 0.00460212 0.0135841 0.00950264 0.00510821 0.0153282 0.00801478 0.00277645 0.0148528 0.00735932 0.00510821 0.0153282 0.00801478 0.0069451 0.0166998145204829 0.00768603 0.0118278 0.0125662 0.00573439 0.0135048 0.012595 0.00745951 0.0153655 0.011464 0.00295158 0.0137172 0.0109837 0.00115381 0.0153655 0.011464 0.00295158 0.015524430520482899 0.00926513 0.00374912 0.00460212 0.0135841 0.00950264 0.00405248 0.0128019 0.00732678 0.00460212 0.0135841 0.00950264 0.00296119 0.0137777 0.0111752 0.00460212 0.0135841 0.00950264 0.00468502 0.0112376 0.00910221 0.000838549 0.00378602 0.0141523 -0.0002893345204828978 0.0017310900000000002 0.0134322 0.00838557 0.00678246 0.00691085 0.00626991 0.00685862 0.00790011 0.00838557 0.00678246 0.00691085 0.00765752 0.00446909 0.00641417 0.00838557 0.00678246 0.00691085 0.00778648 0.00523067 0.00870393 0.00516709 0.00510728 0.00444245 0.00396086 0.00677349 0.0031821 0.00429391 0.00529992 0.00971744 0.00340192 0.0060966 0.0118143 0.00429391 0.00529992 0.00971744 0.00464868 0.00312059 0.00870708 0.00541924 0.000355925 0.00375051 0.00396555 -0.000911134520482899 0.00225751 0.00541924 0.000355925 0.00375051 0.0036266 -0.0009984345204828993 0.00459364 0.00277645 0.0148528 0.00735932 0.00405248 0.0128019 0.00732678 0.00277645 0.0148528 0.00735932 0.00166517 0.0137483 0.00914031 0.00184993 0.0114558 0.0103433 -0.00020723452048289825 0.0122635 0.00919075 0.00184993 0.0114558 0.0103433 0.00403312 0.0115968 0.0113211 0.0100473 0.0110032 0.00428757 0.00893072 0.012727 0.00542107 0.0100473 0.0110032 0.00428757 0.0113171 0.011057 0.00220569 0.0100473 0.0110032 0.00428757 0.0117118 0.00939076 0.00392036 0.00706197 0.00546606 0.013003 0.00943291 0.00563095 0.0133002 0.00547107 0.00101032 0.0138642 0.00666004 0.00283875 0.0128572 0.00547107 0.00101032 0.0138642 0.00701097 -0.0008301345204828998 0.0142098 0.00547107 0.00101032 0.0138642 0.00379222 0.0003236840000000001 0.0122498 0.00943291 0.00563095 0.0133002 0.00977266 0.00788281 0.013861 0.00943291 0.00563095 0.0133002 0.0108501 0.00376661 0.0133897 0.0151634 0.0122635 0.00919075 0.0135048 0.012595 0.00745951 0.0151634 0.0122635 0.00919075 0.0170358045204829 0.0137483 0.00914031 0.00405248 0.0128019 0.00732678 0.00483438 0.0123782 0.00510901 0.00405248 0.0128019 0.00732678 0.00468502 0.0112376 0.00910221 0.00405248 0.0128019 0.00732678 0.00313805 0.010802 0.00638341 0.0136467 0.0147456 0.0138656 0.0140258 0.0134363 0.0119348 0.00740889 0.00753514 0.0106287 0.00768332 0.00836238 0.0129653 0.00740889 0.00753514 0.0106287 0.00914681 0.00874213 0.00944346 0.00626991 0.00685862 0.00790011 0.00778648 0.00523067 0.00870393 0.00172507 0.00708167 0.00216925 0.00192392 0.00655049 0.00445349 0.00172507 0.00708167 0.00216925 0.00396086 0.00677349 0.0031821 0.00172507 0.00708167 0.00216925 0.00294316 0.00920676 0.00239347 0.0121512 0.00900841 0.0062369 0.01069 0.00753715 0.0049716 0.0121512 0.00900841 0.0062369 0.0117118 0.00939076 0.00392036 0.00355596 0.00930857 0.0110189 0.00403312 0.0115968 0.0113211 0.0140258 0.0134363 0.0119348 0.0115897 0.0136015 0.011833 0.0140258 0.0134363 0.0119348 0.0129507 0.0132919 0.00979129 0.00380782 0.0126268 0.0133527 0.00403312 0.0115968 0.0113211 0.00230327 0.00280122 0.00955862 0.00159002 0.00257608 0.0118737 0.0117313 0.0142079 0.00769934 0.0135048 0.012595 0.00745951 0.0117313 0.0142079 0.00769934 0.0110583 0.0149783 0.00988326 0.0117313 0.0142079 0.00769934 0.00968696 0.0133506 0.00881869 0.00192528 0.0142345 0.00108664 0.00396555 0.0144595 0.00225751 0.00805291 0.00172928 0.00971092 0.0069451 0.00132918 0.00768603 0.00805291 0.00172928 0.00971092 0.00795508 0.0038706799999999996 0.0106491 0.00805291 0.00172928 0.00971092 0.0100375 0.0032072 0.00981489 0.0135048 0.012595 0.00745951 0.0129507 0.0132919 0.00979129 0.00280207 0.00716806 0.0065841 0.00192392 0.00655049 0.00445349 0.0142541 0.00506974 0.00436986 0.0118793 0.00476597 0.00391628 0.0142541 0.00506974 0.00436986 0.0162896315204829 0.00482947 0.00315684 0.00483438 0.0123782 0.00510901 0.0036266 0.0143722 0.00459364 0.00396555 0.0144595 0.00225751 0.0036266 0.0143722 0.00459364 0.00946042 0.00518139 0.00486491 0.00765752 0.00446909 0.00641417 0.00103157 0.0140464 0.0125384 0.00296119 0.0137777 0.0111752 0.0137201 0.0140822 0.0011198 0.0122995 0.0160798255204829 0.00121681 0.0118802 0.00312691 0.00218472 0.00944267 0.00325923 0.00223748 0.0118802 0.00312691 0.00218472 0.0118793 0.00476597 0.00391628 0.00296119 0.0137777 0.0111752 0.00166517 0.0137483 0.00914031 0.00296119 0.0137777 0.0111752 0.00403312 0.0115968 0.0113211 0.00296119 0.0137777 0.0111752 0.00379222 0.0156943185204829 0.0122498 0.00977266 0.00788281 0.013861 0.00768332 0.00836238 0.0129653 0.00192392 0.00655049 0.00445349 0.00396086 0.00677349 0.0031821 0.00192392 0.00655049 0.00445349 0.000918997 0.00482947 0.00315684 0.000820398 0.00911987 0.0129553 -0.0011582345204828991 0.0100765 0.0139645 0.0115897 0.0136015 0.011833 0.0110583 0.0149783 0.00988326 0.0115897 0.0136015 0.011833 0.0129507 0.0132919 0.00979129 0.0143209 0.00391868 0.00769893 0.0138083 0.00154906 0.00801792 0.00795508 0.00387068 0.0106491 0.0100375 0.0032072 0.00981489 0.00795508 0.00387068 0.0106491 0.00778648 0.00523067 0.00870393 0.00468502 0.0112376 0.00910221 0.00403312 0.0115968 0.0113211 0.00313805 0.010802 0.00638341 0.00115116 0.0113184 0.00522118 0.01069 0.00753715 0.0049716 0.0117118 0.00939076 0.00392036 0.00765752 0.00446909 0.00641417 0.00778648 0.00523067 0.00870393 0.00962816 0.00221139 0.0119869 0.0100375 0.0032072 0.00981489 0.00962816 0.00221139 0.0119869 0.0108501 0.00376661 0.0133897 0.0110583 0.0149783 0.00988326 0.00968696 0.0133506 0.00881869 0.0113171 0.011057 0.00220569 0.0117118 0.00939076 0.00392036</DataArray>
</Points><Lines>
<DataArray type="Int64" Name="connectivity" format="ascii">0 1 2 3 4 5 6 7 8 9 10 11 12 13 14 15 16 17 18 19 20 21 22 23 24 25 26 27 28 29 30 31 32 33 34 35 36 37 38 39 40 41 42 43 44 45 46 47 48 49 50 51 52 53 54 55 56 57 58 59 60 61 62 63 64 65 66 67 68 69 70 71 72 73 74 75 76 77 78 79 80 81 82 83 84 85 86 87 88 89 90 91 92 93 94 95 96 97 98 99 100 101 102 103 104 105 106 107 108 109 110 111 112 113 114 115 116 117 118 119 120 121 122 123 124 125 126 127 128 129 130 131 132 133 134 135 136 137 138 139 140 141 142 143 144 145 146 147 148 149 150 151 152 153 154 155 156 157 158 159 160 161 162 163 164 165 166 167 168 169 170 171 172 173 174 175 176 177 178 179 180 181 182 183 184 185 186 187 188 189 190 191 192 193 194 195 196 197 198 199 200 201 202 203 204 205 206 207 208 209 210 211 212 213 214 215 216 217 218 219 220 221 222 223 224 225 226 227 228 229 230 231 232 233 234 235 236 237 238 239 240 241 242 243 244 245 246 247 248 249 250 251 252 253 254 255 256 257 258 259 260 261 262 263 264 265 266 267 268 269 270 271 272 273 274 275 276 277 278 279 280 281 282 283 284 285 286 287 288 289 290 291 292 293 294 295 296 297 298 299 300 301 302 303 304 305 306 307 308 309 310 311 312 313 314 315 316 317 318 319 320 321 322 323 324 325 326 327 328 329 330 331 332 333 334 335 336 337 338 339 340 341 342 343 344 345 346 347 348 349 350 351 352 353 354 355 356 357 358 359 360 361 362 363 364 365 366 367 368 369 370 371 372 373 374 375 376 377 378 379 380 381 382 383 384 385 386 387 388 389 390 391 392 393 394 395 396 397 398 399 400 401 402 403 404 405 406 407 408 409 410 411 412 413 414 415 416 417 418 419 420 421 422 423 424 425 426 427 428 429 430 431 432 433 434 435 436 437 438 439 440 441 442 443 444 445 446 447 448 449 450 451 452 453 454 455 456 457 458 459 460 461 462 463 464 465 466 467 468 469 470 471 472 473 474 475 476 477 478 479 480 481 482 483 484 485 486 487 488 489 490 491 492 493 494 495 496 497 498 499 500 501 502 503 504 505 506 507 508 509 510 511 512 513 514 515 516 517 518 519 520 521 522 523 524 525 526 527 528 529 530 531 532 533 534 535 536 537 538 539 540 541 542 543 544 545 546 547 548 549 550 551 552 553 554 555 556 557 558 559 560 561 562 563 564 565 566 567 568 569 570 571 572 573 574 575 576 577 578 579 580 581 582 583 584 585 586 587 588 589 590 591 592 593 594 595 596 597 598 599 600 601 602 603 604 605 606 607 608 609 610 611 612 613 614 615 616 617 618 619 620 621 622 623 624 625 626 627 628 629 630 631 632 633 634 635 636 637 638 639 640 641 642 643 644 645 646 647 648 649 650 651 652 653 654 655 656 657 658 659 660 661 662 663 664 665 666 667 668 669 670 671 672 673 674 675 676 677 678 679 680 681 682 683 684 685 686 687 688 689 690 691 692 693 694 695 696 697 698 699 700 701 702 703 704 705 706 707 708 709 710 711 712 713 714 715 716 717 718 719 720 721 722 723 724 725 726 727 728 729 730 731 732 733 734 735 736 737 738 739 740 741 742 743 744 745 746 747 748 749 750 751 752 753 754 755 756 757 758 759 760 761 762 763 764 765 766 767 768 769 770 771 772 773 774 775 776 777 778 779 780 781 782 783 784 785 786 787 788 789 790 791 792 793 794 795 796 797 798 799 800 801 802 803 804 805 806 807 808 809 810 811 812 813 814 815 816 817 818 819 820 821 822 823 824 825 826 827 828 829 830 831 832 833 834 835 836 837 838 839 840 841 842 843 844 845 846 847 848 849 850 851 852 853 854 855 856 857 858 859 860 861 862 863 864 865 866 867 868 869 870 871 872 873 874 875 876 877 878 879 880 881 882 883 884 885 886 887 888 889 890 891 892 893 894 895 896 897 898 899 900 901 902 903 904 905 906 907 908 909 910 911 912 913 914 915 916 917 918 919 920 921 922 923 924 925 926 927 928 929 930 931 932 933 934 935 936 937 938 939 940 941 942 943 944 945 946 947 948 949 950 951 952 953 954 955 956 957 958 959 960 961 962 963 964 965 966 967 968 969 970 971 972 973 974 975 976 977 978 979 980 981 982 983 984 985 986 987 988 989 990 991 992 993 994 995 996 997 998 999 1000 1001 1002 1003 1004 1005 1006 1007 1008 1009 1010 1011 1012 1013 1014 1015 1016 1017 1018 1019 1020 1021 1022 1023 1024 1025 1026 1027 1028 1029 1030 1031 1032 1033 1034 1035 1036 1037 1038 1039 1040 1041 1042 1043 1044 1045 1046 1047 1048 1049 1050 1051 1052 1053 1054 1055 1056 1057 1058 1059 1060 1061 1062 1063 1064 1065 1066 1067 1068 1069 1070 1071 1072 1073 1074 1075 1076 1077 1078 1079 1080 1081 1082 1083 1084 1085 1086 1087 1088 1089 1090 1091 1092 1093 1094 1095 1096 1097 1098 1099 1100 1101 1102 1103 1104 1105 1106 1107 1108 1109 1110 1111 1112 1113 1114 1115 1116 1117 1118 1119 1120 1121 1122 1123 1124 1125 1126 1127 1128 1129 1130 1131 1132 1133 1134 1135 1136 1137 1138 1139 1140 1141 1142 1143 1144 1145 1146 1147 1148 1149 1150 1151 1152 1153 1154 1155 1156 1157 1158 1159 1160 1161 1162 1163 1164 1165 1166 1167 1168 1169 1170 1171 1172 1173 1174 1175 1176 1177 1178 1179 1180 1181 1182 1183 1184 1185 1186 1187 1188 1189 1190 1191 1192 1193 1194 1195 1196 1197 1198 1199 1200 1201 1202 1203 1204 1205 1206 1207 1208 1209 1210 1211 1212 1213 1214 1215 1216 1217 1218 1219 1220 1221 1222 1223 1224 1225 1226 1227 1228 1229 1230 1231 1232 1233 1234 1235 1236 1237 1238 1239 1240 1241 1242 1243 1244 1245 1246 1247 1248 1249 1250 1251 1252 1253 1254 1255 1256 1257 1258 1259 1260 1261 1262 1263 1264 1265 1266 1267 1268 1269 1270 1271 1272 1273 1274 1275 1276 1277 1278 1279 1280 1281 1282 1283 1284 1285 1286 1287 1288 1289 1290 1291 1292 1293 1294 1295 1296 1297 1298 1299 1300 1301 1302 1303 1304 1305 1306 1307 1308 1309 1310 1311 1312 1313 1314 1315 1316 1317 1318 1319 1320 1321 1322 1323 1324 1325 1326 1327 1328 1329 1330 1331 1332 1333 1334 1335 1336 1337 1338 1339 1340 1341 1342 1343 1344 1345 1346 1347 1348 1349 1350 1351 1352 1353 1354 1355 1356 1357 1358 1359 1360 1361 1362 1363 1364 1365 1366 1367 1368 1369 1370 1371 1372 1373 1374 1375 1376 1377 1378 1379 1380 1381 1382 1383 1384 1385 1386 1387 1388 1389 1390 1391 1392 1393 1394 1395 1396 1397 1398 1399 1400 1401 1402 1403 1404 1405 1406 1407 1408 1409 1410 1411 1412 1413 1414 1415 1416 1417 1418 1419 1420 1421 1422 1423 1424 1425 1426 1427 1428 1429 1430 1431 1432 1433 1434 1435 1436 1437 1438 1439 1440 1441 1442 1443 1444 1445 1446 1447 1448 1449 1450 1451 1452 1453 1454 1455 1456 1457 1458 1459 1460 1461 1462 1463 1464 1465 1466 1467 1468 1469 1470 1471 1472 1473 1474 1475 1476 1477 1478 1479 1480 1481 1482 1483 1484 1485 1486 1487 1488 1489 1490 1491 1492 1493 1494 1495 1496 1497 1498 1499 1500 1501 1502 1503 1504 1505 1506 1507 1508 1509 1510 1511 1512 1513 1514 1515 1516 1517 1518 1519 1520 1521 1522 1523 1524 1525 1526 1527 1528 1529 1530 1531 1532 1533 1534 1535 1536 1537 1538 1539 1540 1541 1542 1543 1544 1545 1546 1547 1548 1549 1550 1551 1552 1553 1554 1555 1556 1557 1558 1559 1560 1561 1562 1563 1564 1565 1566 1567 1568 1569 1570 1571 1572 1573 1574 1575 1576 1577 1578 1579 1580 1581 1582 1583 1584 1585 1586 1587 1588 1589 1590 1591 1592 1593 1594 1595 1596 1597 1598 1599 1600 1601 1602 1603 1604 1605 1606 1607 1608 1609 1610 1611 1612 1613 1614 1615 1616 1617 1618 1619 1620 1621 1622 1623 1624 1625 1626 1627 1628 1629 1630 1631 1632 1633 1634 1635 1636 1637 1638 1639 1640 1641 1642 1643 1644 1645 1646 1647 1648 1649 1650 1651 1652 1653 1654 1655 1656 1657 1658 1659 1660 1661 1662 1663 1664 1665 1666 1667 1668 1669 1670 1671 1672 1673 1674 1675 1676 1677 1678 1679 1680 1681 1682 1683 1684 1685 1686 1687 1688 1689 1690 1691 1692 1693 1694 1695 1696 1697 1698 1699 1700 1701 1702 1703 1704 1705 1706 1707 1708 1709 1710 1711 1712 1713 1714 1715 1716 1717 1718 1719 1720 1721 1722 1723 1724 1725 1726 1727 1728 1729 1730 1731 1732 1733 1734 1735 1736 1737 1738 1739 1740 1741 1742 1743 1744 1745 1746 1747 1748 1749 1750 1751 1752 1753 1754 1755 1756 1757 1758 1759 1760 1761 1762 1763 1764 1765 1766 1767 1768 1769 1770 1771 1772 1773 1774 1775 1776 1777 1778 1779 1780 1781 1782 1783 1784 1785 1786 1787 1788 1789 1790 1791 1792 1793 1794 1795 1796 1797 1798 1799 1800 1801 1802 1803 1804 1805 1806 1807 1808 1809 1810 1811 1812 1813 1814 1815 1816 1817 1818 1819 1820 1821 1822 1823 1824 1825 1826 1827 1828 1829 1830 1831 1832 1833 1834 1835 1836 1837 1838 1839 1840 1841 1842 1843 1844 1845 1846 1847 1848 1849 1850 1851 1852 1853 1854 1855 1856 1857 1858 1859 1860 1861 1862 1863 1864 1865 1866 1867 1868 1869 1870 1871 1872 1873 1874 1875 1876 1877 1878 1879 1880 1881 1882 1883 1884 1885 1886 1887 1888 1889 1890 1891 1892 1893 1894 1895 1896 1897 1898 1899 1900 1901 1902 1903 1904 1905 1906 1907 1908 1909 1910 1911 1912 1913 1914 1915 1916 1917 1918 1919 1920 1921 1922 1923 1924 1925 1926 1927 1928 1929 1930 1931 1932 1933 1934 1935 1936 1937 1938 1939 1940 1941 1942 1943 1944 1945 1946 1947 1948 1949 1950 1951 1952 1953 1954 1955 1956 1957 1958 1959 1960 1961 1962 1963 1964 1965 1966 1967 1968 1969 1970 1971 1972 1973 1974 1975 1976 1977 1978 1979 1980 1981 1982 1983 1984 1985 1986 1987 1988 1989 1990 1991 1992 1993 1994 1995 1996 1997 1998 1999 2000 2001 2002 2003 2004 2005 2006 2007 2008 2009 2010 2011 2012 2013 2014 2015 2016 2017 2018 2019 2020 2021 2022 2023 2024 2025 2026 2027 2028 2029 2030 2031 2032 2033 2034 2035 2036 2037 2038 2039 2040 2041 2042 2043 2044 2045 2046 2047 2048 2049 2050 2051 2052 2053 2054 2055 2056 2057 2058 2059 2060 2061 2062 2063 2064 2065 2066 2067 2068 2069 2070 2071 2072 2073 2074 2075 2076 2077 2078 2079 2080 2081 2082 2083 2084 2085 2086 2087 2088 2089 2090 2091 2092 2093 2094 2095 2096 2097 2098 2099 2100 2101 2102 2103 2104 2105 2106 2107 2108 2109 2110 2111 2112 2113 2114 2115 2116 2117 2118 2119 2120 2121 2122 2123 2124 2125 2126 2127 2128 2129 2130 2131 2132 2133 2134 2135 2136 2137 2138 2139 2140 2141 2142 2143 2144 2145 2146 2147 2148 2149 2150 2151 2152 2153 2154 2155 2156 2157 2158 2159 2160 2161 2162 2163 2164 2165 2166 2167 2168 2169 2170 2171 2172 2173 2174 2175 2176 2177 2178 2179 2180 2181 2182 2183 2184 2185 2186 2187 2188 2189 2190 2191 2192 2193 2194 2195 2196 2197 2198 2199 2200 2201 2202 2203 2204 2205 2206 2207 2208 2209 2210 2211 2212 2213 2214 2215 2216 2217 2218 2219 2220 2221 2222 2223 2224 2225 2226 2227 2228 2229 2230 2231 2232 2233 2234 2235 2236 2237 2238 2239 2240 2241 2242 2243 2244 2245 2246 2247 2248 2249 2250 2251 2252 2253 2254 2255 2256 2257 2258 2259 2260 2261 2262 2263 2264 2265 2266 2267 2268 2269 2270 2271 2272 2273 2274 2275 2276 2277 2278 2279 2280 2281 2282 2283 2284 2285 2286 2287 2288 2289 2290 2291 2292 2293 2294 2295 2296 2297 2298 2299 2300 2301 2302 2303 2304 2305 2306 2307 2308 2309 2310 2311 2312 2313 2314 2315 2316 2317 2318 2319 2320 2321 2322 2323 2324 2325 2326 2327 2328 2329 2330 2331 2332 2333 2334 2335 2336 2337 2338 2339 2340 2341 2342 2343 2344 2345 2346 2347 2348 2349 2350 2351 2352 2353 2354 2355 2356 2357 2358 2359 2360 2361 2362 2363 2364 2365 2366 2367 2368 2369 2370 2371 2372 2373 2374 2375 2376 2377 2378 2379 2380 2381 2382 2383 2384 2385 2386 2387 2388 2389 2390 2391 2392 2393 2394 2395 2396 2397 2398 2399 2400 2401 2402 2403 2404 2405 2406 2407 2408 2409 2410 2411 2412 2413 2414 2415 2416 2417 2418 2419 2420 2421 2422 2423 2424 2425 2426 2427 2428 2429 2430 2431 2432 2433 2434 2435 2436 2437 2438 2439 2440 2441 2442 2443 2444 2445 2446 2447 2448 2449 2450 2451 2452 2453 2454 2455 2456 2457 2458 2459 2460 2461 2462 2463 2464 2465 2466 2467 2468 2469 2470 2471 2472 2473 2474 2475 2476 2477 2478 2479 2480 2481 2482 2483 2484 2485 2486 2487 2488 2489 2490 2491 2492 2493 2494 2495 2496 2497 2498 2499 2500 2501 2502 2503 2504 2505 2506 2507 2508 2509 2510 2511 2512 2513 2514 2515 2516 2517 2518 2519 2520 2521 2522 2523 2524 2525 2526 2527 2528 2529 2530 2531 2532 2533 2534 2535 2536 2537 2538 2539 2540 2541 2542 2543 2544 2545 2546 2547 2548 2549 2550 2551 2552 2553 2554 2555 2556 2557 2558 2559 2560 2561 2562 2563 2564 2565 2566 2567 2568 2569 2570 2571 2572 2573 2574 2575 2576 2577 2578 2579 2580 2581 2582 2583 2584 2585 2586 2587 2588 2589 2590 2591 2592 2593 2594 2595 2596 2597 2598 2599 2600 2601 2602 2603 2604 2605 2606 2607 2608 2609 2610 2611 2612 2613 2614 2615 2616 2617 2618 2619 2620 2621 2622 2623 2624 2625 2626 2627 2628 2629 2630 2631 2632 2633 2634 2635 2636 2637 2638 2639 2640 2641 2642 2643 2644 2645 2646 2647 2648 2649</DataArray>
<DataArray type="Int64" Name="offsets" format="ascii">2 4 6 8 10 12 14 16 18 20 22 24 26 28 30 32 34 36 38 40 42 44 46 48 50 52 54 56 58 60 62 64 66 68 70 72 74 76 78 80 82 84 86 88 90 92 94 96 98 100 102 104 106 108 110 112 114 116 118 120 122 124 126 128 130 132 134 136 138 140 142 144 146 148 150 152 154 156 158 160 162 164 166 168 170 172 174 176 178 180 182 184 186 188 190 192 194 196 198 200 202 204 206 208 210 212 214 216 218 220 222 224 226 228 230 232 234 236 238 240 242 244 246 248 250 252 254 256 258 260 262 264 266 268 270 272 274 276 278 280 282 284 286 288 290 292 294 296 298 300 302 304 306 308 310 312 314 316 318 320 322 324 326 328 330 332 334 336 338 340 342 344 346 348 350 352 354 356 358 360 362 364 366 368 370 372 374 376 378 380 382 384 386 388 390 392 394 396 398 400 402 404 406 408 410 412 414 416 418 420 422 424 426 428 430 432 434 436 438 440 442 444 446 448 450 452 454 456 458 460 462 464 466 468 470 472 474 476 478 480 482 484 486 488 490 492 494 496 498 500 502 504 506 508 510 512 514 516 518 520 522 524 526 528 530 532 534 536 538 540 542 544 546 548 550 552 554 556 558 560 562 564 566 568 570 572 574 576 578 580 582 584 586 588 590 592 594 596 598 600 602 604 606 608 610 612 614 616 618 620 622 624 626 628 630 632 634 636 638 640 642 644 646 648 650 652 654 656 658 660 662 664 666 668 670 672 674 676 678 680 682 684 686 688 690 692 694 696 698 700 702 704 706 708 710 712 714 716 718 720 722 724 726 728 730 732 734 736 738 740 742 744 746 748 750 752 754 756 758 760 762 764 766 768 770 772 774 776 778 780 782 784 786 788 790 792 794 796 798 800 802 804 806 808 810 812 814 816 818 820 822 824 826 828 830 832 834 836 838 840 842 844 846 848 850 852 854 856 858 860 862 864 866 868 870 872 874 876 878 880 882 884 886 888 890 892 894 896 898 900 902 904 906 908 910 912 914 916 918 920 922 924 926 928 930 932 934 936 938 940 942 944 946 948 950 952 954 956 958 960 962 964 966 968 970 972 974 976 978 980 982 984 986 988 990 992 994 996 998 1000 1002 1004 1006 1008 1010 1012 1014 1016 1018 1020 1022 1024 1026 1028 1030 1032 1034 1036 1038 1040 1042 1044 1046 1048 1050 1052 1054 1056 1058 1060 1062 1064 1066 1068 1070 1072 1074 1076 1078 1080 1082 1084 1086 1088 1090 1092 1094 1096 1098 1100 1102 1104 1106 1108 1110 1112 1114 1116 1118 1120 1122 1124 1126 1128 1130 1132 1134 1136 1138 1140 1142 1144 1146 1148 1150 1152 1154 1156 1158 1160 1162 1164 1166 1168 1170 1172 1174 1176 1178 1180 1182 1184 1186 1188 1190 1192 1194 1196 1198 1200 1202 1204 1206 1208 1210 1212 1214 1216 1218 1220 1222 1224 1226 1228 1230 1232 1234 1236 1238 1240 1242 1244 1246 1248 1250 1252 1254 1256 1258 1260 1262 1264 1266 1268 1270 1272 1274 1276 1278 1280 1282 1284 1286 1288 1290 1292 1294 1296 1298 1300 1302 1304 1306 1308 1310 1312 1314 1316 1318 1320 1322 1324 1326 1328 1330 1332 1334 1336 1338 1340 1342 1344 1346 1348 1350 1352 1354 1356 1358 1360 1362 1364 1366 1368 1370 1372 1374 1376 1378 1380 1382 1384 1386 1388 1390 1392 1394 1396 1398 1400 1402 1404 1406 1408 1410 1412 1414 1416 1418 1420 1422 1424 1426 1428 1430 1432 1434 1436 1438 1440 1442 1444 1446 1448 1450 1452 1454 1456 1458 1460 1462 1464 1466 1468 1470 1472 1474 1476 1478 1480 1482 1484 1486 1488 1490 1492 1494 1496 1498 1500 1502 1504 1506 1508 1510 1512 1514 1516 1518 1520 1522 1524 1526 1528 1530 1532 1534 1536 1538 1540 1542 1544 1546 1548 1550 1552 1554 1556 1558 1560 1562 1564 1566 1568 1570 1572 1574 1576 1578 1580 1582 1584 1586 1588 1590 1592 1594 1596 1598 1600 1602 1604 1606 1608 1610 1612 1614 1616 1618 1620 1622 1624 1626 1628 1630 1632 1634 1636 1638 1640 1642 1644 1646 1648 1650 1652 1654 1656 1658 1660 1662 1664 1666 1668 1670 1672 1674 1676 1678 1680 1682 1684 1686 1688 1690 1692 1694 1696 1698 1700 1702 1704 1706 1708 1710 1712 1714 1716 1718 1720 1722 1724 1726 1728 1730 1732 1734 1736 1738 1740 1742 1744 1746 1748 1750 1752 1754 1756 1758 1760 1762 1764 1766 1768 1770 1772 1774 1776 1778 1780 1782 1784 1786 1788 1790 1792 1794 1796 1798 1800 1802 1804 1806 1808 1810 1812 1814 1816 1818 1820 1822 1824 1826 1828 1830 1832 1834 1836 1838 1840 1842 1844 1846 1848 1850 1852 1854 1856 1858 1860 1862 1864 1866 1868 1870 1872 1874 1876 1878 1880 1882 1884 1886 1888 1890 1892 1894 1896 1898 1900 1902 1904 1906 1908 1910 1912 1914 1916 1918 1920 1922 1924 1926 1928 1930 1932 1934 1936 1938 1940 1942 1944 1946 1948 1950 1952 1954 1956 1958 1960 1962 1964 1966 1968 1970 1972 1974 1976 1978 1980 1982 1984 1986 1988 1990 1992 1994 1996 1998 2000 2002 2004 2006 2008 2010 2012 2014 2016 2018 2020 2022 2024 2026 2028 2030 2032 2034 2036 2038 2040 2042 2044 2046 2048 2050 2052 2054 2056 2058 2060 2062 2064 2066 2068 2070 2072 2074 2076 2078 2080 2082 2084 2086 2088 2090 2092 2094 2096 2098 2100 2102 2104 2106 2108 2110 2112 2114 2116 2118 2120 2122 2124 2126 2128 2130 2132 2134 2136 2138 2140 2142 2144 2146 2148 2150 2152 2154 2156 2158 2160 2162 2164 2166 2168 2170 2172 2174 2176 2178 2180 2182 2184 2186 2188 2190 2192 2194 2196 2198 2200 2202 2204 2206 2208 2210 2212 2214 2216 2218 2220 2222 2224 2226 2228 2230 2232 2234 2236 2238 2240 2242 2244 2246 2248 2250 2252 2254 2256 2258 2260 2262 2264 2266 2268 2270 2272 2274 2276 2278 2280 2282 2284 2286 2288 2290 2292 2294 2296 2298 2300 2302 2304 2306 2308 2310 2312 2314 2316 2318 2320 2322 2324 2326 2328 2330 2332 2334 2336 2338 2340 2342 2344 2346 2348 2350 2352 2354 2356 2358 2360 2362 2364 2366 2368 2370 2372 2374 2376 2378 2380 2382 2384 2386 2388 2390 2392 2394 2396 2398 2400 2402 2404 2406 2408 2410 2412 2414 2416 2418 2420 2422 2424 2426 2428 2430 2432 2434 2436 2438 2440 2442 2444 2446 2448 2450 2452 2454 2456 2458 2460 2462 2464 2466 2468 2470 2472 2474 2476 2478 2480 2482 2484 2486 2488 2490 2492 2494 2496 2498 2500 2502 2504 2506 2508 2510 2512 2514 2516 2518 2520 2522 2524 2526 2528 2530 2532 2534 2536 2538 2540 2542 2544 2546 2548 2550 2552 2554 2556 2558 2560 2562 2564 2566 2568 2570 2572 2574 2576 2578 2580 2582 2584 2586 2588 2590 2592 2594 2596 2598 2600 2602 2604 2606 2608 2610 2612 2614 2616 2618 2620 2622 2624 2626 2628 2630 2632 2634 2636 2638 2640 2642 2644 2646 2648 2650</DataArray>
</Lines></Piece></PolyData></VTKFile>