<?xml version="1.0"?>
<VTKFile type="PolyData" version="0.1" byte_order="LittleEndian">
<PolyData>
<Piece NumberOfPoints="2686" NumberOfVerts="0" NumberOfLines="1343" NumberOfStrips="0" NumberOfPolys="0">
<CellData>
<DataArray type="Int32" Name="edge_kind" format="ascii">0 0 0 0 0 0 0 0 0 0 0 0 0 0 0 0 0 0 0 0 0 0 0 0 0 0 0 0 0 0 0 0 0 0 0 0 0 0 0 0 0 0 0 0 0 0 0 0 0 0 0 0 0 0 0 0 0 0 0 0 0 0 0 0 0 0 0 0 0 0 0 0 0 0 0 0 0 0 0 0 0 0 0 0 0 0 0 0 0 0 0 0 0 0 0 0 0 0 0 0 0 0 0 0 0 0 0 0 0 0 0 0 0 0 0 0 0 0 0 0 0 0 0 0 0 0 0 0 0 0 0 0 0 0 0 0 0 0 0 0 0 0 0 0 0 0 0 0 0 0 0 0 0 0 0 0 0 0 0 0 0 0 0 0 0 0 0 0 0 0 0 0 0 0 0 0 0 0 0 0 0 0 0 0 0 0 0 0 0 0 0 0 0 0 0 0 0 0 0 0 0 0 0 0 0 0 0 0 0 0 0 0 0 0 0 0 0 0 0 0 0 0 0 0 0 0 0 0 0 0 0 0 0 0 0 0 0 0 0 0 0 0 0 0 0 0 0 0 0 0 0 0 0 0 0 0 0 0 0 0 0 0 0 0 0 0 0 0 0 0 0 0 0 0 0 0 0 0 0 0 0 0 0 0 0 0 0 0 0 0 0 0 0 0 0 0 0 0 0 0 0 0 0 0 0 0 0 0 0 0 0 0 0 0 0 0 0 0 0 0 0 0 0 0 0 0 0 0 0 0 0 0 0 0 0 0 0 0 0 0 0 0 0 0 0 0 0 0 0 0 0 0 0 0 0 0 0 0 0 0 0 0 0 0 0 0 0 0 0 0 0 0 0 0 0 0 0 0 0 0 0 0 0 0 0 0 0 0 0 0 0 0 0 0 0 0 0 0 0 0 0 0 0 0 0 0 0 0 0 0 0 0 0 0 0 0 0 0 0 0 0 0 0 0 0 0 0 0 0 0 0 0 0 0 0 0 0 0 0 0 0 0 0 0 0 0 0 0 0 0 0 0 0 0 0 0 0 0 0 0 0 0 0 0 0 0 0 0 0 0 0 0 0 0 0 0 0 0 0 0 0 0 0 0 0 0 0 0 0 0 0 0 0 0 0 0 0 0 0 0 0 0 0 0 0 0 0 0 0 0 0 0 0 0 0 0 0 0 0 0 0 0 0 0 0 0 0 0 0 0 0 0 0 0 0 0 0 0 0 0 0 0 0 0 0 0 0 0 0 0 0 0 0 0 0 0 0 0 0 0 0 0 0 0 0 0 0 0 0 0 0 0 0 0 0 0 0 0 0 0 0 0 0 0 0 0 0 0 0 0 0 0 0 0 0 0 0 0 0 0 0 0 0 0 0 0 0 0 0 0 0 0 0 0 0 0 0 0 0 0 0 0 0 0 0 0 0 0 0 0 0 0 0 0 0 0 0 0 0 0 0 0 0 0 0 0 0 0 0 0 0 0 0 0 0 0 0 0 0 0 0 0 0 0 0 0 0 0 0 0 0 0 0 0 0 0 0 0 0 0 0 0 0 0 0 0 0 0 0 0 0 0 0 0 0 0 0 0 0 0 0 0 0 0 0 0 0 0 0 0 0 0 0 0 0 0 0 0 0 0 0 0 0 0 0 0 0 0 0 0 0 0 0 0 0 0 0 0 0 0 0 0 0 0 0 0 0 0 0 0 0 0 0 0 0 0 0 0 0 0 0 0 0 0 0 0 0 0 0 0 0 0 0 0 0 0 0 0 0 0 0 0 0 0 0 0 0 0 0 0 0 0 0 0 0 0 0 0 0 0 0 0 0 0 0 0 0 0 0 0 0 0 0 0 0 0 0 0 0 0 0 0 0 0 0 0 0 0 0 0 0 0 0 0 0 0 0 0 0 0 0 0 0 0 0 0 0 0 0 0 0 0 0 0 0 0 0 0 0 0 0 0 0 0 0 0 0 0 0 0 0 0 0 0 0 0 0 0 0 0 0 0 0 0 0 0 0 0 0 0 0 0 0 0 0 0 0 0 0 0 0 0 0 0 0 0 0 0 0 0 0 0 0 0 0 0 0 0 0 0 0 0 0 0 0 0 0 0 0 0 0 0 0 0 0 0 0 0 0 0 0 0 0 0 0 0 0 0 0 0 0 0 0 0 0 0 0 0 0 0 0 0 0 0 0 0 0 0 0 0 0 0 0 0 0 0 0 0 0 0 0 0 0 0 0 0 0 0 0 0 0 0 0 0 0 0 0 0 0 0 0 0 0 0 0 0 0 0 0 0 0 0 0 0 0 0 0 0 0 0 0 0 0 0 0 0 0 0 0 0 0 0 0 0 0 0 0 0 0 0 0 0 0 0 0 0 0 0 0 0 0 0 0 0 0 0 0 0 0 0 0 0 0 0 0 0 0 0 0 0 0 0 0 0 0 0 0 0 0 0 0 0 0 0 0 0 0 0 0 0 0 0 0 0 0 0 0 0 0 0 0 0 0 0 0 0 0 0 0 0 0 0 0 0 0 0 0 0 0 0 0 0 0 0 0 0 0 0 0 0 0 0 0 0 0 0 0 0 0 0 0 0 0 0 0 0 0 0 0 0 0 0 0 0 0 0 0 0 0 0 0 0 0 0 0 0 0 0 0 0 0 0 0 0 0 0 0 0 0 0 0 0 0 0 0 0 0 0 0 0 0 0 0 0 0 0 0 0 0 0 0 0 0 0 0 0 0 0 0 0 0 0 0 0 0 0 0 0 0 0 0 0 0 0 0 0 0 0 0 0 0 0 0 0 0 0 0 0 0 0 0 0 0 0 0 0 0 0 0 0 0 0 0 0 0 0 0 0 0 0 0 0 0 0 0 0 0 0 0 0 0 0 0 0 0 0 0 0 0 0 0 0 0 0 0 0 0 0 0 0 0 0 0 0 0 0 0 0 0 0 0 0 0 0 0 0 0 0 0 0 0 0 0 0 0 0 0 0 0 0 0 0 0 0 0 0 0 0 0 0 0 0 0 0 0 0 0 0 0 0 0 0 0</DataArray>
<DataArray type="Float64" Name="conductance" format="ascii">1.2251028536521078e-06 0.00024909236797631 0.0002489502857656373 0.00021417414907937786 4.153958093064617e-05 7.6752169678403e-05 0.0001257334875965192 0.00011343991843008559 0.00013175430674350677 0.00012453195611582352 0.00019034068767981917 0.00011451279932924378 0.00021060719154498262 0.00014759330159056614 0.0001729745714425607 0.00015823820991066537 0.00017071454965851107 0.00021130967768811466 0.00022949541624317537 0.00013866949064592218 0.00023176126044837197 0.00010724664931525877 0.0002149837259087041 0.00023187217215962615 0.00024222652880034879 0.00022491590729053278 0.0001574138297045627 0.00022722973215501643 0.00019464657247405452 0.000141490537475876 0.00017850655255021285 2.2292785504166834e-05 2.3760914810253662e-05 1.2316924470549406e-05 0.0001775706540879637 0.00023709199960089474 0.00014793958152283703 0.00022102601357991728 9.332078993158548e-05 8.095582440754185e-05 9.427384808551797e-05 0.00021374284769766033 0.00020178630528164404 0.00018731718393032095 0.00017872808311913816 1.1801631921491135e-05 0.00018428838470083725 0.00017659813456572714 0.00015184762975861907 0.00019726788451938115 0.00022408343124603417 0.00017665917510057005 0.00019545559589273552 0.0001757036277308025 0.00015138519957292172 0.00013111966169480484 0.00021024113638410397 0.00012622116668817412 0.00014580563426279993 0.0001712720206139574 0.0001686910151020879 0.00019329314623660953 0.0001310260783491302 0.00017397382728062178 8.065847549201047e-05 0.00019431683127371302 0.00020829011472378074 0.00022334679791371478 0.0002574203552157907 0.0002362836413759006 0.0002575414067840439 0.00020039554896699648 0.00023681700994047976 0.00027151456268913437 0.00022262851451584768 0.00010231319944324348 0.0001386079429395928 0.0001972372509429356 0.0002042295738588252 0.0001544453323783898 0.00013189752687805587 4.9033240652382424e-05 0.0001277401380274032 7.792729831347596e-05 0.00015687090805388136 0.00015418731759310486 0.00010835569419098347 0.0001163717670920747 5.46645552060775e-05 0.0001397344360776027 0.00019609466045284276 0.00017664097473129174 0.00019394942696170512 0.00014582465411522736 0.00015237196150460992 0.00023117447705438285 0.00023094726731574193 0.00024347971466701367 4.053402996977261e-06 4.578072305121008e-05 0.00011246395935455027 1.6973968592842035e-05 0.0001169539926414978 4.822812885910476e-05 0.00021752153278462908 0.0002470833610867056 0.00029547129282948966 0.00027880803208114494 0.000104834487722566 0.0002892230937639326 0.00024584386363972574 0.00019314962564627225 0.00017832149796191828 0.00016315242060232487 0.0001169044280476939 0.00023878505098297106 0.0001782201794251769 0.0002256243146545724 2.5454393255963323e-05 9.682458365518543e-08 0.00023447129520132634 0.00023249136361529508 0.00021178031624604295 0.00024551816283717925 0.00013469042076570326 0.0001747642626930126 0.00013829159907349092 0.00010831028645626031 0.00014456434287935064 0.00012365806523905452 0.00015074765610626032 1.2189891924728888e-06 9.258200997725515e-08 0.00021573122489519216 8.74570462941719e-05 0.00014559007433025028 8.695363987458857e-05 0.00018075768889659293 8.954980681060068e-05 0.00013969340194959777 6.472083567332294e-05 0.0001997081823814231 0.00020060108518782466 0.00021528831011003225 9.022705951785956e-05 0.00013195800960908913 0.00015450531554145902 0.0001529424863504238 0.00016271646409757776 1.1464243510460918e-05 0.00021710005682144628 0.00015364569632474233 0.0002635187525324097 0.0002736894988011209 0.00022576003571301708 8.660254037844388e-08 9.258200997725515e-08 7.960559219788628e-05 9.917705531499833e-05 0.00012167217959025896 0.00016378028575782046 0.00016328253259716843 0.00018069707525783749 0.00020269316236199025 0.00019507144382923487 0.0001813179426476137 6.107230471607004e-05 0.00018748020011727688 0.00019975139420692025 0.00025051185964836554 0.00018905149467154432 6.095615420548958e-05 0.00017718909121479493 0.00014573861471295693 0.00019099373491643538 0.00023854690784454318 0.00018333359024108484 0.00010956535082875896 0.00014128169853969833 9.316520789461817e-05 0.00014842418925173836 7.426980740124627e-05 0.0001532013608825095 8.728353295204905e-05 0.0001665932179427417 0.00023782056928369784 0.000188081767370321 0.00019017720384392506 0.00020679486903451587 5.305948746408737e-05 0.00021452181642442098 0.0002449313074049336 0.0002481657822701559 0.00019858225493988194 0.00015077678903450677 0.00016305505494495842 0.0002089058705506946 0.0002474773763506706 0.00016204402455898345 0.0002053252759786299 0.00018440061659454494 0.0002327090949164258 0.00017906627129215763 4.332677794369691e-05 9.911202691216585e-05 0.00026085442290623453 0.00021398994082143398 0.00017963588638215865 0.0002072107835851885 0.00022034309934036342 0.00021410644546083558 0.00023933462129471764 0.00013309334369515614 0.0001123590450016485 0.0001691600685120629 0.00018821873933112622 0.00018224636825487785 0.00019577403493182136 0.00017808214061896066 0.00016123338405948858 0.00016628711359736444 0.00016282495619934166 9.085480710384069e-05 0.00013559184660546763 0.00017860432668773013 0.00014892794117081054 0.00024308687862164847 0.0002119178035398388 0.00020835828308069808 0.00025087166789268815 0.00021255098350299046 0.00029835550560092033 0.0002164743129835205 7.369595275240329e-05 0.00014924523550380298 0.00023957089269647166 0.000189353145811395 0.00015583694952984848 0.00012523476203198794 0.00017199561751514588 0.00017072132719117374 0.00025739898875566544 9.808104865652553e-05 8.051670754479874e-05 9.252945501498533e-05 0.0001087433883838454 0.0002530087036072609 0.00025428291466757165 0.0001909815283838615 2.414716753794879e-05 2.4223323616498387e-05 0.000100631516258557 0.00017753848062681426 0.00015441510936973322 0.0001866530460199588 0.00015606823321307703 0.0002501892254044687 0.00021868291561034803 0.00019463638757282164 3.553947763839113e-05 7.54763868796878e-05 6.69740597208958e-05 7.218756411165434e-05 6.66584359201543e-05 0.0001423940346158021 0.0001792255109880567 0.00019125555117219053 0.00013543010206382473 0.00013596323722045645 0.0001523181443379749 9.925173039269733e-05 0.00010187155258010083 0.00011954132460302514 0.00022512615522047905 0.0002211176970225751 0.00014096028236353005 0.00015246678905359295 0.00017075902129551687 0.0001631827253728512 0.00014766559170466877 8.144906357148912e-05 0.00012539673623550106 0.00013416551405768585 7.894805479600957e-05 0.0001004862559340706 0.00012959401388300235 8.403328508088761e-05 0.00010170714267605387 0.00014637105427052114 0.0001534716301862841 0.00020831064004387135 0.0002067114867823827 0.00020754397509982277 0.00014937582212791925 0.00017125729087566824 0.00017534385838754125 0.00013002496520161147 0.00010569762194430196 0.00018884478149055857 6.060307480808063e-05 0.00019702750714299303 0.0001571623140252954 0.0001680026320620823 9.073012958860579e-05 0.00011307581115114011 0.00010342000610255951 0.00011820147502695721 0.0001229200914061184 0.00021872511047939065 0.00018920191358511826 0.00010436200609426324 0.00015295167526764442 0.00013675181448175977 0.0001585601363771199 0.00017457785528677007 0.00019216887683963334 0.00011966257265834533 0.00016980786729673715 0.00016018374590935397 0.00010232441235628787 0.00017043473830277071 7.694559396330882e-05 9.385707677063498e-05 0.00010154608824997319 0.0002289362346688995 0.00015933154303120667 0.00020302377294886402 3.0185466843647443e-05 0.00015071009089357503 0.00020598321966311858 0.0001859907299422692 0.00016804850095826406 0.00014775464614509755 0.00026130342182374374 0.00017746114550635484 0.00016299852501181806 0.00011124929911143918 0.000145925863849524 0.00011386906074676582 6.942412387636535e-05 0.00014899685129331357 0.00022608083949674613 0.00016534911135702532 0.00021209612113791775 8.747578320673017e-05 0.00020848332878782656 0.00012225546910537904 0.00020008528807933553 0.0002028314350136743 0.00015103806699855675 0.0001416945800710356 0.00016279023639462803 0.00018688606119929478 0.00018776356924211197 0.00011689504591922187 0.00018066533502858836 0.0001732851342130748 0.00012094987809958744 0.00020092828007700403 0.00023517611346629802 0.00025550495567849314 0.00016709152950325997 0.00014878195535005103 8.307632516346339e-05 0.00016334628083025342 0.00017980864650914667 0.0001660543688396938 0.0002719223938859739 0.00026522061531204387 0.00014041123683212537 0.00022684181517270568 2.2629639526516166e-05 0.0002375124458028842 0.00023020490510308386 0.0001986353045996961 0.00023920513499575412 0.000304916748121922 0.00025016715461449604 0.00022320553052836113 0.00017202678446712763 0.00020531805061430944 0.00014981676676516575 0.00022618439707857902 0.000193431297296955 0.0002143512657456483 0.00016181634526541943 0.0002168206587458161 0.00020040020672445943 0.00010845584073609811 0.00010544738257280636 0.0002385221752395958 0.00010517910287041915 0.00023427304513429285 0.00013764801670631378 0.00016859393847484125 0.0002593013646334102 0.0001602062241025934 0.00030221354954563167 0.0002240675642777002 0.00022202040549121712 0.00013852359334437547 0.00022329261429603373 0.00017418466104710307 0.0001405203513688067 0.00017857545117723638 0.00019735212181694748 0.00017259867648198056 0.00014966728839334705 0.00021008571466000646 0.00015473867242526116 0.00022791340152227232 0.0001774736733118345 0.00018233393503083752 0.00010412250067108601 0.00020202366608293508 0.00019927199532263797 0.00021388611789590294 0.00023420677260667757 0.0001861175021221493 0.000319627394212244 0.00022467541893284235 0.00019244004781166396 0.00010042639316275752 0.0001679568108857072 0.00019429186227822064 0.00024210313295594646 9.879062819214393e-05 0.0001359110512560293 0.00028269079612289704 0.00016355526516272182 0.0002735376309618631 0.0001010406020167395 0.0002163743819731938 6.794653395233953e-05 0.00018701612881370918 0.00022808802385385985 0.0001805036990925351 0.00025147047606045446 0.00012889551058004435 0.00013737926376181 0.0002302633578331201 0.00024544403435254863 0.00029049270711214493 0.000140904125204004 0.00019509870364010058 0.000267224618883525 0.0002196579807341493 0.00030141254180792826 0.00026550560836642064 0.00023546501418449862 0.00012640256501111064 0.00010893102450389523 0.0001778141971272762 0.00019503931223456417 0.00019318542197444534 0.00017735317958773308 0.00023102248390523814 0.0002810195767963696 0.00024640901879829534 0.0002084333093141647 0.0002160050793262232 0.00015173510627388025 0.00027679733573239497 0.00016952457903702931 0.0002032715397001613 0.0002626940927294686 0.00024847546628809793 0.0001617292894291073 0.0002303367922235549 0.00024486637466982646 0.00027885863765547464 0.00013009702333917594 0.00017746458765850772 0.00019599026211900703 0.0002495600251208426 0.00022681239327474438 0.00023853036116893136 0.0001256579152104516 0.0002661117312377904 0.00024789167581120444 0.00024074217441441055 9.010906596994271e-05 0.00017702369859499568 2.9483766248587013e-05 0.00016436144864115886 0.000221402661483519 0.00019006682716182858 0.00017508824442435207 0.00013764783141341215 0.0001827280897245226 0.00021353650988627625 0.00020333277273391535 7.555413195905129e-05 8.013082070495657e-05 0.00017985242316134793 0.0001847619562240215 0.0002968951969472408 0.0002620331070418826 7.332826021359455e-05 0.0002479686466567474 0.00023848713269113118 0.00011578886883108604 0.0002477887660363071 0.00025614009591335996 0.00019632611740151107 0.00018315695666393464 0.00018276815548725465 0.00024360680593415372 0.00018886791823274243 0.00011308753840275436 0.00022490035907624304 7.334570073136978e-05 1.0000000000000001e-07 0.00016835684185104554 0.00012623440232846985 0.00014791116193460649 0.00015705396845583236 0.00013116998429402247 0.00015845250738962866 0.00021589796469443154 0.00015693333752171007 0.0001420159731685083 0.00022707369403036025 0.00024750529532685436 0.00014458716972828105 0.0001673167807850112 0.00020516977956495095 0.00012066320829761354 0.00013751880999245705 0.00016391756102938261 0.0002456174598915301 0.00019275817616666997 0.0001737915188415975 0.00020188860311914854 0.00015484239250911866 0.00020352358111695701 0.00025341674779652854 7.588410710999486e-05 0.00016414184525225127 0.00026725695215117605 0.0001476694990980508 0.00022890302979240295 0.00019988893523910535 0.00021872161601473218 0.00024252406201808295 0.00021830375862380582 0.00018659398625828246 0.0001337713668460249 0.00024743283178086176 0.0002709423545049906 0.00025949403242110755 0.00028543471903914083 9.580045918348347e-05 0.0002515217365819781 0.00022095448133203685 0.00017513254679098458 0.0002922568217692231 0.00029166780114778566 7.866401034544864e-05 0.00024008412129396855 0.0002068407371778417 0.00022695406071015074 0.00010260901766952465 8.250374407889338e-05 0.00021230470675405333 0.00019494227260259282 0.00020529890060778163 0.00022955642367901828 0.00015919842155603285 9.391584572760727e-05 0.00011604069873482096 9.227232362726549e-05 0.00021361577094010164 0.00013872911448155838 0.00019812019777228459 0.0002809298184509533 0.00014086647550374772 3.2671458066350746e-05 0.00021904981777898867 7.940294873138819e-05 0.0002488089678468062 0.00022277445806724214 0.0001591076286663734 0.0002954595246247735 0.0002755376078102285 0.0001558533398387556 8.987146984212694e-05 0.00017475082014127945 0.0001956716895019088 0.0001500230253814897 0.0001921593666854219 0.00022085073445087707 0.0002175777260459298 0.00018105057802630963 0.00023054457514849944 0.0001279886765131249 0.00021783569407522974 0.00020735294508074367 0.00021367516521564458 0.00025223455884919305 0.0002216988334329065 7.331525125446612e-05 0.00021791484051129412 0.0001657732572673586 0.0002324319230455686 0.00021353382448904807 0.0002528467853134583 0.0002481412913535945 0.00017748719063904192 0.00023822398958903292 0.00015188632216660825 0.00025581172947848797 0.00017472591861146164 0.0001525619391219126 0.00023427610237090137 0.00025244581130562816 0.00018597370540534753 0.00020756305713644279 0.0001872048948741877 0.00030557970615880954 0.00015409858807490605 0.00022702463130258916 0.00022328345836325668 0.00019709584743656458 0.00022478666576419487 0.00018591506600577437 0.000147744246770239 0.00018080440813063715 0.00015202715458489488 6.306472189300473e-05 0.00010097833803929908 0.0001200542086817003 0.00024222911065718876 0.00027326440776405863 0.0003057554383407767 0.00024459419425616757 0.00015014512627729246 0.00011665305625077035 0.00012772593266017454 0.00020288339692357883 0.00023837387179144966 0.00020372781400971798 0.00024018485705595713 0.00029692818401374875 0.00015112744975262377 0.00029514344622003785 0.00031363800832622955 0.00025567720770895626 0.0002789734171937805 0.00022465617797485686 0.0002642266629614352 0.00022774739612880878 0.00031379884719937197 0.00013535101622986524 0.0001244435138657948 0.00010708315258465626 0.00013435668786555038 0.00032153733463479784 0.00039580002644117425 0.000322820352591159 0.00018709505095984336 0.0003044445885869482 0.0003058068371909043 0.00016190034235631775 0.0003107943160039879 0.00015416037692380318 0.00018826640753709376 0.0001740085849050734 0.00022197099305337487 0.00018997099922757877 0.0002710603557725136 0.00014123872135753536 0.00014372415991071026 5.539607827329344e-05 0.00015955309351071834 0.00023752510230990915 0.00014456718374488437 0.00012650660188428682 0.00020816325226732872 0.00018550648177463787 0.00014042116548899398 0.0001524576356391959 0.000280912204139205 0.00023163801490540137 0.0002491721700444781 0.00015918457721509198 0.00026398602235088516 0.0002197687810065205 0.00021603863425434663 0.0001501070788863696 0.00011763119428629992 0.00014948432644896388 0.00021958571283318902 0.00019529799458246251 0.00014359311705413642 0.00022995434431265067 0.00021360199366223377 0.00014371348657618138 0.00024212855690754 0.0002460745133320642 0.00010099359094023526 4.922386532994271e-05 0.00021113953008321384 0.00017937807909115648 0.00021083794514273641 0.000164354445914181 0.0001301359331731329 0.0001343143292867872 0.0002036169056142838 0.00022675150684501883 0.00019489810931887664 0.0002451267372372026 0.0002549934093775784 0.00026590337214966536 0.00025484019057397836 0.00020153183319045954 0.00017234453276259603 0.0001893570679528777 5.728036955214379e-05 0.00016449854402639618 9.761044804737948e-05 0.00018474138087847433 0.00016102172757707722 0.00020987525018952648 0.00024919735305586893 0.0001846435864593619 0.0002801250033383733 0.00027290237803755053 0.00014548441047225778 0.00022479446633860212 0.00029626958254256995 0.0002176523950707067 0.00024261805088649177 0.0003054424380455014 0.0002322597848682118 0.0003066978269619628 0.0003037723224002713 0.0002841560842845328 2.3164900745645068e-05 0.00020359893733544135 0.00010896345242734248 0.0001241805270438518 0.0001560315305365374 0.0002170381103641941 0.00023065923250476666 0.0002734298896324224 0.00022626930675021775 0.000174202425482636 9.182232659906605e-05 0.00025524233572617975 0.00024399100834297512 0.00020260721030225211 9.368613011203834e-05 8.51705828370277e-05 0.0002665915438321757 0.0001528849567383438 0.00019923790290018176 0.000216630930127923 0.0001650041050852634 8.839668022674361e-05 0.00023815752383360658 8.35026987740131e-05 8.496981430780796e-05 0.00015652010763711675 0.00014933439720323283 0.00015534276016178773 0.0002421101239685345 0.00013062424430255087 0.00022849972690630192 0.00025245570889267965 0.00024092557725379204 0.0001634548876166145 0.00020862745270054965 0.00014640263764672512 0.00020130579283789826 0.00015822613164816866 0.00025673836449831397 0.00024004746966646331 0.000241264013646439 0.00010183092857215979 0.0001650445570874567 0.00011778916789015976 0.0001356017853200234 0.0002657766889582904 0.0002109699152060165 0.00012541474668925133 0.00018203322554588572 0.00018511970655886762 0.0001627272950170645 0.00012109612657831723 0.00020897803693168776 0.0001429887041427798 0.00022559798098841497 0.00019348236826860173 7.174708221158893e-05 0.00020467675485315493 0.00023833162152943203 0.0001701218136252022 0.0001869509429846794 0.0002998638311829077 0.00024029014798660536 0.00023775297314873004 0.00014030486535380554 0.00017295209297965504 3.346547202502962e-05 0.00024465288343388165 0.0002656781888342314 0.00014599505465219236 0.00021247020193896927 0.00021084651095388846 0.00017714734184762993 0.0001798835077166818 0.00015982554222384825 0.00025632503183809814 0.00013215591329017703 0.00014745416059786602 0.0001835059578637341 0.00023583486668305034 0.00013465721846095828 0.00011077630541693096 4.9665860369455225e-05 0.00022359681610178102 0.00015971996495753223 0.00020707751551947177 0.00021078554333686273 0.0002058823907850953 0.0002235033817452696 0.0002485433602370021 0.00010123436075357247 0.00019864750302409046 0.00021079700546338848 0.00019896796985027058 0.00022940605249539324 6.643093012113605e-05 0.0002450034890457665 0.0002350403576409738 0.0001682789633324131 9.282144907404249e-05 0.00024300347735254575 0.00013456384873732752 0.0001808008551933985 0.0001967195629495902 0.00015510924101347533 6.914243768179801e-05 0.00019737018471273089 0.00026764332961127434 0.0002599064473454625 0.0002498087917238693 0.0002975283786303797 0.0001297761751071985 0.00016468260171302078 0.0001646522254900947 5.131400263131153e-05 0.00021410254685308696 0.00019866577968739846 0.00020635398759216586 0.00030614598947071523 0.00030649074794710115 0.00026989945709061854 0.00010374638617825519 0.0001492000713232924 0.00018360626069260274 0.00027980742152578186 1.8654343572423317e-05 0.00016435011475785937 0.00020350722979587448 0.00024303709399686654 0.00014707855200592453 0.00018858787828457494 0.00015904846856578569 0.0001817769989624502 0.0002319440031843968 6.358043153756367e-05 0.00014275931533252808 0.0002520325548378352 0.00025668083220509587 0.00024462310442334147 0.0002827750094333277 0.00021810223803467318 0.00016851133766575152 0.00014515386195893015 0.00016098813022203082 0.0002459408844074988 0.0002809778024377474 0.00024505528879935215 0.00023370889304994972 0.00015422488478440645 0.00015712021477804733 0.0002707767696668338 0.00023723095796073388 0.00027552809258304446 0.00017131599114610885 0.0002979906044649293 0.00015463270414257574 0.00019579916103647962 0.00023387734534080986 0.000294142820474792 0.00014949482450205177 0.0003004589306556764 0.00022171171195677105 0.00022232638733133659 0.00012505170073544536 8.511759539562171e-05 0.00018854398400742448 0.0002090179820037261 0.00012400719685273434 0.00010019044136384058 0.0002680656657703557 0.00034883576494247034 0.00019666360544573337 0.0002102130446377195 0.00017941335838160056 0.00016127155507125442 0.0003396441348748255 0.0002280083295364818 0.00024463746280981616 7.781277063589323e-05 0.00014765236361893432 0.0002507498280260732 0.00013859767577146723 0.0002800616821952858 0.0002970165648342032 0.00017854736514423365 0.00020304945971317114 0.0001414694561848615 0.00025815417031344577 0.00015452662903728173 0.00021971729717350908 0.00021881048087451566 0.0001515382762279941 0.00020381491140228225 1.4266167965404315e-05 8.978698917350981e-05 0.00021948426529366398 0.00020650098298623321 7.003461223224244e-05 0.0002498005303318118 0.000262934624444243 0.0001820523089842409 0.00017076978532257317 0.00021195987482143823 0.0001768490367399094 0.00014439360529957987 0.00017079082071398916 0.00019204786068586618 0.00014141512035260545 0.00034838320914501935 0.00029093478731720814 0.0002825702647884318 0.0001909124584733334 0.00022506716760753258 0.00027761791745126537 0.00010413146680441992 0.00011823272072913404 0.0002038627346229408 0.0002152802556322988 0.00023927617116493465 0.00023873327826296102 1.790459253889733e-05 0.00021032030471384655 0.000230743170416609 8.79569029254504e-05 0.000323300386718475 0.00028154619446986564 0.00016525309527027718 0.0002291304060769247 0.00028940745345310416 0.0002654740964251523 0.00024252404561678006 0.000259656606658041 0.00019047534289958655 0.0002258699345353124 0.00017283146036271827 0.00011244740865147842 0.0002541561408175403 0.00027171149833372823 0.0001773585580716752 0.00020667648503445166 0.0001553965390107792 0.00024127060062248743 0.0001351925188843417 0.00013717352667062604 1.0540925533894598e-07 2.726707346744639e-06 0.0001626787342589687 0.00023299103456513956 0.00021650686830025715 0.0001278496198611654 0.00019341064536221425 0.0002639767167470547 0.00023746335904566417 0.0001079187190933127 0.00011641417865830159 0.0003003761850186969 0.00015867055498235057 0.00028777449835868215 7.6285749447587e-05 0.00028945230908862426 0.0003316130837276418 0.00020675507202839817 0.00021813710776776577 0.00024344891039674527 0.00024217370318484413 0.00016815581855392992 0.00015900689179952523 0.00020828354383085586 0.0001399887083897844 0.00022528382143787966 0.000200306295384532 0.00020326659408025907 0.0002554713913404124 0.00021677120896109234 0.0002756200702006816 8.81809189522908e-05 0.0002656651498038159 0.000218341681697462 0.00025348636640144616 0.00016377077869357638 0.0002671027556247783 0.00015464936014081507 0.0002063165191818231 0.00011795140328074125 4.187052296098546e-05 0.00012393053317847583 0.00013816240313592747 0.00013791775318474392 0.00023038771863028085 8.864427874370854e-05 7.618658264164132e-05 0.00020827453552903658 0.0002229518509973225 0.00023672733016288415 0.00019813739105231223 8.768243650513024e-05 0.00024317429889047704 5.525091903229607e-05 0.00015198305278894112 0.00012033950274020072 0.0001660078549259444 0.0002929976157254917 0.00029567954802776 0.0002658536379558188 0.0001877125126122854 0.00020192065796896077 0.00022592750125693546 0.00019887758182045954 0.00027629349147094103 0.0002870451672109107 0.00010470381386357602 0.00024149324981272765 0.0001626302015306142 0.0002294337651488288 0.00017720447262892597 0.00018773664017246366 0.00023385299597013015 4.786756162212162e-05 0.0002490264286228001 0.0002819954757352785 0.0003406477954782694 0.00021446964895964756 5.00929159794617e-05 0.00025904864766486434 0.0002693071211498284 0.00017100269137056495 0.00016548912040049171 0.00018160470944962286 0.00022233935829389098 0.00018758953514657164 0.00019537080301475045 6.839128008714918e-05 0.00015319103571618823 0.00016722079465871932 0.00025101312066031086 8.85111766926956e-05 0.00021865181758756665 0.00023502055254987576 0.00022308201475223604 0.0002405236832195773 0.0002363605095684801 0.00023362695789142624 0.00013490498226483347 0.0002582800554111285 0.00021429134661717368 0.00018225688516089312 0.00021702948088475298 7.66988341228864e-05 0.00010424021891213726 0.0002572674132401376 0.00014957035265018034 0.00021345806757692095 0.00017612051261862646 0.00018443854548085982 0.00020982103051881562 0.00012718025467976554 0.000309449548146207 0.0002503797110788798 0.00010909987044950549 0.00018240191599203307 0.00026493514095192157 0.00020591912353796213 0.00011336566875237791 0.00026388535286453663 0.00016854243494700537 0.0002770601414648739 0.0002863672281959549 0.0002663958870823363 0.00034390241268683267 0.0002158470649406393 0.00020323072049599508 0.00011102646633235105 0.00012911275975776928 0.00021708184140825415 0.00019711493872062288 9.166570511063058e-05 0.0002097762300411431 4.6749974345240946e-05 0.00013958527535099232 0.000229613920575887 0.00017507462475901004 0.0002034020190941432 0.00026811762718012815 0.00013170266406610848 8.198425714910058e-05 8.185449281543659e-05 0.00017123445906507123 0.0001496798244637674 0.0002460259508525411 0.00022446060504851121 0.00027893024079090917 0.0003059730393000469 0.00014802970785741162 0.00031245417029569534 0.0002632937831561104 0.00029374647494760306 0.00025775649357003455 0.00012127129465861234 0.0001788716672126643 0.0002028040489119819 0.00018520616897552976 0.00020645625843171008 0.00024185658369918912 0.0001219856312929617 0.00030727863051688997 0.0002846028129326772 0.00018326545662488902 0.0001562488354407619 0.00018292405086054922 0.00018484951057843753 0.00019603166483962367 9.044208234134589e-05 0.0001530213071479936 9.458457715642381e-05 9.010713895247986e-05 0.00017739648383765638 0.00025175468531138514 0.00019375525750948974 0.00017226112905197518 0.0002269729565598293 0.0002454698562926632 0.0001329147505791337 0.00019542055629401963 8.00645377488684e-05 0.00011567122653602812 0.00024176150376413298 0.00020921395531042872 0.00024829684950021877 0.0003440008155860926 0.0003678265510670416 0.0002896755745291972 0.0003162244822540811 0.00024059242115271636 0.00020544875283805183 0.00028178635700905835 0.00023276766359808486 0.00021799320586777217 8.660527449240113e-05 0.0002959295368352605 0.0002622524786627069 0.0002958582564403305 0.00010179277336922225 0.0002646258053533661 0.00015526414126592643 0.00018594366178068761 0.00025771240777094196 0.00011223255447480256 0.00019870132579068688 0.00021476470648477267 0.00021539011681658493 0.0003042910886465903 0.00014062557014623777 0.00012565211329563955 0.00028415073354841217 0.00026091162821895717 0.00011379347640049119 0.00020563806084939677 0.00019010944634778097 6.358492831372066e-05 0.00010194556564281725 0.00031365255722737246 0.00013478693725160726 0.00028813303291111214 0.00023180083451324545 0.00025165097366165853 0.0002441636485490736 0.00022797682191885807 0.0001481245062981907 0.00022955226346909485 0.00028083017058647255 0.0002993935148027943 0.0002974523972696077 0.0002544197563052968 0.0002233747324345325 0.00022101508343145928 0.0002881497589594561 0.00024188750369258448 0.00018274864391274565 0.00029576129352406623 0.00022534536240760968 0.00018299060440481627 0.0002147764059585071 0.00022716652170298645 0.00022980932855307435 0.00027570387803226324 0.0002266676872626536 0.0002957078242307714 0.00011733612360984582 0.00021692365133998303 0.000170012580141812 0.00013784449533309974 0.00018232936740670845 0.0002429301417364981 0.00019508175339266986 0.0001769459945257456 0.00010338349759386242 5.7792837251665945e-05 0.0002869645913178895 0.0002411590580190307 0.0002010872269734269 0.00019082794870856914 0.0002449292897173982 0.0002370726080613419 0.0002377288695491816 0.00032147983414652356 0.00035448667741417884 0.0003313099415761143 0.00021845108186166316 0.00019205453978147162 0.0003358637880380963 0.00029581824197612966 0.0002606899330513301 0.00015894977350685614 0.00015535634187561603 0.00024283682988261054 0.00023505343484011816 0.00021155199892857246 0.0002558959718999442 0.0003276138211148873 0.00026121164038920425 0.0002533142949400194 0.0003057435386998293 0.00018864976762471603 0.00019767961947516412 0.00029352927319408465 0.00019609502235389394 0.000303835819210612 9.626277465256725e-05 0.00032839419734675284 0.00031514587103580633 0.0002407168745474407 0.0001481585001674421 0.00034740710928434236 0.0002915910291191803 0.000281184740998591 0.00024455278843728506 0.00016188966826733556 0.00025519725021576296 0.0003444046116457366 0.00011963002297409935 0.00025861659317342653 0.0002678547466255057 0.0001555730187052104 0.0001002439327502709 0.0002786366448313648 4.4209463560368785e-05 0.0002679708885769871 7.273635441756298e-05 0.0003337893331756938 0.0002519970716491889 0.00020792870035739945 0.00032455188270787263 3.483533031104046e-05 0.00010656134296587122 0.00012434636676185863 0.00033556930893076316 0.0001290623296634783 0.00026198105119010895 0.00033180744297608804 0.00022286993986527645 0.0002650565570068977 0.000263204755797963 0.0002456620992085109 0.00030014682053665104 0.00023576376074597235 0.00015338785553183995 0.00016520351175148084 0.0001364460058209604 0.00023329896390907512 0.00019796218746157996 0.00014797911336915444 0.0002578571706509117 0.00023697423252998145 0.0002903194567470786 0.00034498768208020427 0.000174436669624376 0.00013836341985678428 2.241511271898475e-05 0.0001130307101178855 0.00032984625796397187 0.0002276480441707421 0.00024960769384387786 0.00016051842583756203 0.0001023441443978183 0.0001747907297774716 2.933363941704665e-05 0.00017201769771474173 0.00010085005177864715 0.00013303880553206004 0.00015415847517916853 0.00013116138957889402 0.000163914872136202 0.00027403277971271665 0.00029154876306977114 0.00019340842200052667 0.0002121088642001108 0.00023881257888443182 0.00035382161437750773 0.0003217401239091348 0.00031338452222908565 0.00017060625262492785 0.00033003846837133656 0.00021290198727721933 0.00025991050562508284 0.00029010719918072905</DataArray>
<DataArray type="Float64" Name="g_contact" format="ascii">1.2251028536521078e-06 0.00024909236797631 0.0002489502857656373 0.00021417414907937786 4.153958093064617e-05 7.6752169678403e-05 0.0001257334875965192 0.00011343991843008559 0.00013175430674350677 0.00012453195611582352 0.00019034068767981917 0.00011451279932924378 0.00021060719154498262 0.00014759330159056614 0.0001729745714425607 0.00015823820991066537 0.00017071454965851107 0.00021130967768811466 0.00022949541624317537 0.00013866949064592218 0.00023176126044837197 0.00010724664931525877 0.0002149837259087041 0.00023187217215962615 0.00024222652880034879 0.00022491590729053278 0.0001574138297045627 0.00022722973215501643 0.00019464657247405452 0.000141490537475876 0.00017850655255021285 2.2292785504166834e-05 2.3760914810253662e-05 1.2316924470549406e-05 0.0001775706540879637 0.00023709199960089474 0.00014793958152283703 0.00022102601357991728 9.332078993158548e-05 8.095582440754185e-05 9.427384808551797e-05 0.00021374284769766033 0.00020178630528164404 0.00018731718393032095 0.00017872808311913816 1.1801631921491135e-05 0.00018428838470083725 0.00017659813456572714 0.00015184762975861907 0.00019726788451938115 0.00022408343124603417 0.00017665917510057005 0.00019545559589273552 0.0001757036277308025 0.00015138519957292172 0.00013111966169480484 0.00021024113638410397 0.00012622116668817412 0.00014580563426279993 0.0001712720206139574 0.0001686910151020879 0.00019329314623660953 0.0001310260783491302 0.00017397382728062178 8.065847549201047e-05 0.00019431683127371302 0.00020829011472378074 0.00022334679791371478 0.0002574203552157907 0.0002362836413759006 0.0002575414067840439 0.00020039554896699648 0.00023681700994047976 0.00027151456268913437 0.00022262851451584768 0.00010231319944324348 0.0001386079429395928 0.0001972372509429356 0.0002042295738588252 0.0001544453323783898 0.00013189752687805587 4.9033240652382424e-05 0.0001277401380274032 7.792729831347596e-05 0.00015687090805388136 0.00015418731759310486 0.00010835569419098347 0.0001163717670920747 5.46645552060775e-05 0.0001397344360776027 0.00019609466045284276 0.00017664097473129174 0.00019394942696170512 0.00014582465411522736 0.00015237196150460992 0.00023117447705438285 0.00023094726731574193 0.00024347971466701367 4.053402996977261e-06 4.578072305121008e-05 0.00011246395935455027 1.6973968592842035e-05 0.0001169539926414978 4.822812885910476e-05 0.00021752153278462908 0.0002470833610867056 0.00029547129282948966 0.00027880803208114494 0.000104834487722566 0.0002892230937639326 0.00024584386363972574 0.00019314962564627225 0.00017832149796191828 0.00016315242060232487 0.0001169044280476939 0.00023878505098297106 0.0001782201794251769 0.0002256243146545724 2.5454393255963323e-05 9.682458365518543e-08 0.00023447129520132634 0.00023249136361529508 0.00021178031624604295 0.00024551816283717925 0.00013469042076570326 0.0001747642626930126 0.00013829159907349092 0.00010831028645626031 0.00014456434287935064 0.00012365806523905452 0.00015074765610626032 1.2189891924728888e-06 9.258200997725515e-08 0.00021573122489519216 8.74570462941719e-05 0.00014559007433025028 8.695363987458857e-05 0.00018075768889659293 8.954980681060068e-05 0.00013969340194959777 6.472083567332294e-05 0.0001997081823814231 0.00020060108518782466 0.00021528831011003225 9.022705951785956e-05 0.00013195800960908913 0.00015450531554145902 0.0001529424863504238 0.00016271646409757776 1.1464243510460918e-05 0.00021710005682144628 0.00015364569632474233 0.0002635187525324097 0.0002736894988011209 0.00022576003571301708 8.660254037844388e-08 9.258200997725515e-08 7.960559219788628e-05 9.917705531499833e-05 0.00012167217959025896 0.00016378028575782046 0.00016328253259716843 0.00018069707525783749 0.00020269316236199025 0.00019507144382923487 0.0001813179426476137 6.107230471607004e-05 0.00018748020011727688 0.00019975139420692025 0.00025051185964836554 0.00018905149467154432 6.095615420548958e-05 0.00017718909121479493 0.00014573861471295693 0.00019099373491643538 0.00023854690784454318 0.00018333359024108484 0.00010956535082875896 0.00014128169853969833 9.316520789461817e-05 0.00014842418925173836 7.426980740124627e-05 0.0001532013608825095 8.728353295204905e-05 0.0001665932179427417 0.00023782056928369784 0.000188081767370321 0.00019017720384392506 0.00020679486903451587 5.305948746408737e-05 0.00021452181642442098 0.0002449313074049336 0.0002481657822701559 0.00019858225493988194 0.00015077678903450677 0.00016305505494495842 0.0002089058705506946 0.0002474773763506706 0.00016204402455898345 0.0002053252759786299 0.00018440061659454494 0.0002327090949164258 0.00017906627129215763 4.332677794369691e-05 9.911202691216585e-05 0.00026085442290623453 0.00021398994082143398 0.00017963588638215865 0.0002072107835851885 0.00022034309934036342 0.00021410644546083558 0.00023933462129471764 0.00013309334369515614 0.0001123590450016485 0.0001691600685120629 0.00018821873933112622 0.00018224636825487785 0.00019577403493182136 0.00017808214061896066 0.00016123338405948858 0.00016628711359736444 0.00016282495619934166 9.085480710384069e-05 0.00013559184660546763 0.00017860432668773013 0.00014892794117081054 0.00024308687862164847 0.0002119178035398388 0.00020835828308069808 0.00025087166789268815 0.00021255098350299046 0.00029835550560092033 0.0002164743129835205 7.369595275240329e-05 0.00014924523550380298 0.00023957089269647166 0.000189353145811395 0.00015583694952984848 0.00012523476203198794 0.00017199561751514588 0.00017072132719117374 0.00025739898875566544 9.808104865652553e-05 8.051670754479874e-05 9.252945501498533e-05 0.0001087433883838454 0.0002530087036072609 0.00025428291466757165 0.0001909815283838615 2.414716753794879e-05 2.4223323616498387e-05 0.000100631516258557 0.00017753848062681426 0.00015441510936973322 0.0001866530460199588 0.00015606823321307703 0.0002501892254044687 0.00021868291561034803 0.00019463638757282164 3.553947763839113e-05 7.54763868796878e-05 6.69740597208958e-05 7.218756411165434e-05 6.66584359201543e-05 0.0001423940346158021 0.0001792255109880567 0.00019125555117219053 0.00013543010206382473 0.00013596323722045645 0.0001523181443379749 9.925173039269733e-05 0.00010187155258010083 0.00011954132460302514 0.00022512615522047905 0.0002211176970225751 0.00014096028236353005 0.00015246678905359295 0.00017075902129551687 0.0001631827253728512 0.00014766559170466877 8.144906357148912e-05 0.00012539673623550106 0.00013416551405768585 7.894805479600957e-05 0.0001004862559340706 0.00012959401388300235 8.403328508088761e-05 0.00010170714267605387 0.00014637105427052114 0.0001534716301862841 0.00020831064004387135 0.0002067114867823827 0.00020754397509982277 0.00014937582212791925 0.00017125729087566824 0.00017534385838754125 0.00013002496520161147 0.00010569762194430196 0.00018884478149055857 6.060307480808063e-05 0.00019702750714299303 0.0001571623140252954 0.0001680026320620823 9.073012958860579e-05 0.00011307581115114011 0.00010342000610255951 0.00011820147502695721 0.0001229200914061184 0.00021872511047939065 0.00018920191358511826 0.00010436200609426324 0.00015295167526764442 0.00013675181448175977 0.0001585601363771199 0.00017457785528677007 0.00019216887683963334 0.00011966257265834533 0.00016980786729673715 0.00016018374590935397 0.00010232441235628787 0.00017043473830277071 7.694559396330882e-05 9.385707677063498e-05 0.00010154608824997319 0.0002289362346688995 0.00015933154303120667 0.00020302377294886402 3.0185466843647443e-05 0.00015071009089357503 0.00020598321966311858 0.0001859907299422692 0.00016804850095826406 0.00014775464614509755 0.00026130342182374374 0.00017746114550635484 0.00016299852501181806 0.00011124929911143918 0.000145925863849524 0.00011386906074676582 6.942412387636535e-05 0.00014899685129331357 0.00022608083949674613 0.00016534911135702532 0.00021209612113791775 8.747578320673017e-05 0.00020848332878782656 0.00012225546910537904 0.00020008528807933553 0.0002028314350136743 0.00015103806699855675 0.0001416945800710356 0.00016279023639462803 0.00018688606119929478 0.00018776356924211197 0.00011689504591922187 0.00018066533502858836 0.0001732851342130748 0.00012094987809958744 0.00020092828007700403 0.00023517611346629802 0.00025550495567849314 0.00016709152950325997 0.00014878195535005103 8.307632516346339e-05 0.00016334628083025342 0.00017980864650914667 0.0001660543688396938 0.0002719223938859739 0.00026522061531204387 0.00014041123683212537 0.00022684181517270568 2.2629639526516166e-05 0.0002375124458028842 0.00023020490510308386 0.0001986353045996961 0.00023920513499575412 0.000304916748121922 0.00025016715461449604 0.00022320553052836113 0.00017202678446712763 0.00020531805061430944 0.00014981676676516575 0.00022618439707857902 0.000193431297296955 0.0002143512657456483 0.00016181634526541943 0.0002168206587458161 0.00020040020672445943 0.00010845584073609811 0.00010544738257280636 0.0002385221752395958 0.00010517910287041915 0.00023427304513429285 0.00013764801670631378 0.00016859393847484125 0.0002593013646334102 0.0001602062241025934 0.00030221354954563167 0.0002240675642777002 0.00022202040549121712 0.00013852359334437547 0.00022329261429603373 0.00017418466104710307 0.0001405203513688067 0.00017857545117723638 0.00019735212181694748 0.00017259867648198056 0.00014966728839334705 0.00021008571466000646 0.00015473867242526116 0.00022791340152227232 0.0001774736733118345 0.00018233393503083752 0.00010412250067108601 0.00020202366608293508 0.00019927199532263797 0.00021388611789590294 0.00023420677260667757 0.0001861175021221493 0.000319627394212244 0.00022467541893284235 0.00019244004781166396 0.00010042639316275752 0.0001679568108857072 0.00019429186227822064 0.00024210313295594646 9.879062819214393e-05 0.0001359110512560293 0.00028269079612289704 0.00016355526516272182 0.0002735376309618631 0.0001010406020167395 0.0002163743819731938 6.794653395233953e-05 0.00018701612881370918 0.00022808802385385985 0.0001805036990925351 0.00025147047606045446 0.00012889551058004435 0.00013737926376181 0.0002302633578331201 0.00024544403435254863 0.00029049270711214493 0.000140904125204004 0.00019509870364010058 0.000267224618883525 0.0002196579807341493 0.00030141254180792826 0.00026550560836642064 0.00023546501418449862 0.00012640256501111064 0.00010893102450389523 0.0001778141971272762 0.00019503931223456417 0.00019318542197444534 0.00017735317958773308 0.00023102248390523814 0.0002810195767963696 0.00024640901879829534 0.0002084333093141647 0.0002160050793262232 0.00015173510627388025 0.00027679733573239497 0.00016952457903702931 0.0002032715397001613 0.0002626940927294686 0.00024847546628809793 0.0001617292894291073 0.0002303367922235549 0.00024486637466982646 0.00027885863765547464 0.00013009702333917594 0.00017746458765850772 0.00019599026211900703 0.0002495600251208426 0.00022681239327474438 0.00023853036116893136 0.0001256579152104516 0.0002661117312377904 0.00024789167581120444 0.00024074217441441055 9.010906596994271e-05 0.00017702369859499568 2.9483766248587013e-05 0.00016436144864115886 0.000221402661483519 0.00019006682716182858 0.00017508824442435207 0.00013764783141341215 0.0001827280897245226 0.00021353650988627625 0.00020333277273391535 7.555413195905129e-05 8.013082070495657e-05 0.00017985242316134793 0.0001847619562240215 0.0002968951969472408 0.0002620331070418826 7.332826021359455e-05 0.0002479686466567474 0.00023848713269113118 0.00011578886883108604 0.0002477887660363071 0.00025614009591335996 0.00019632611740151107 0.00018315695666393464 0.00018276815548725465 0.00024360680593415372 0.00018886791823274243 0.00011308753840275436 0.00022490035907624304 7.334570073136978e-05 1.0000000000000001e-07 0.00016835684185104554 0.00012623440232846985 0.00014791116193460649 0.00015705396845583236 0.00013116998429402247 0.00015845250738962866 0.00021589796469443154 0.00015693333752171007 0.0001420159731685083 0.00022707369403036025 0.00024750529532685436 0.00014458716972828105 0.0001673167807850112 0.00020516977956495095 0.00012066320829761354 0.00013751880999245705 0.00016391756102938261 0.0002456174598915301 0.00019275817616666997 0.0001737915188415975 0.00020188860311914854 0.00015484239250911866 0.00020352358111695701 0.00025341674779652854 7.588410710999486e-05 0.00016414184525225127 0.00026725695215117605 0.0001476694990980508 0.00022890302979240295 0.00019988893523910535 0.00021872161601473218 0.00024252406201808295 0.00021830375862380582 0.00018659398625828246 0.0001337713668460249 0.00024743283178086176 0.0002709423545049906 0.00025949403242110755 0.00028543471903914083 9.580045918348347e-05 0.0002515217365819781 0.00022095448133203685 0.00017513254679098458 0.0002922568217692231 0.00029166780114778566 7.866401034544864e-05 0.00024008412129396855 0.0002068407371778417 0.00022695406071015074 0.00010260901766952465 8.250374407889338e-05 0.00021230470675405333 0.00019494227260259282 0.00020529890060778163 0.00022955642367901828 0.00015919842155603285 9.391584572760727e-05 0.00011604069873482096 9.227232362726549e-05 0.00021361577094010164 0.00013872911448155838 0.00019812019777228459 0.0002809298184509533 0.00014086647550374772 3.2671458066350746e-05 0.00021904981777898867 7.940294873138819e-05 0.0002488089678468062 0.00022277445806724214 0.0001591076286663734 0.0002954595246247735 0.0002755376078102285 0.0001558533398387556 8.987146984212694e-05 0.00017475082014127945 0.0001956716895019088 0.0001500230253814897 0.0001921593666854219 0.00022085073445087707 0.0002175777260459298 0.00018105057802630963 0.00023054457514849944 0.0001279886765131249 0.00021783569407522974 0.00020735294508074367 0.00021367516521564458 0.00025223455884919305 0.0002216988334329065 7.331525125446612e-05 0.00021791484051129412 0.0001657732572673586 0.0002324319230455686 0.00021353382448904807 0.0002528467853134583 0.0002481412913535945 0.00017748719063904192 0.00023822398958903292 0.00015188632216660825 0.00025581172947848797 0.00017472591861146164 0.0001525619391219126 0.00023427610237090137 0.00025244581130562816 0.00018597370540534753 0.00020756305713644279 0.0001872048948741877 0.00030557970615880954 0.00015409858807490605 0.00022702463130258916 0.00022328345836325668 0.00019709584743656458 0.00022478666576419487 0.00018591506600577437 0.000147744246770239 0.00018080440813063715 0.00015202715458489488 6.306472189300473e-05 0.00010097833803929908 0.0001200542086817003 0.00024222911065718876 0.00027326440776405863 0.0003057554383407767 0.00024459419425616757 0.00015014512627729246 0.00011665305625077035 0.00012772593266017454 0.00020288339692357883 0.00023837387179144966 0.00020372781400971798 0.00024018485705595713 0.00029692818401374875 0.00015112744975262377 0.00029514344622003785 0.00031363800832622955 0.00025567720770895626 0.0002789734171937805 0.00022465617797485686 0.0002642266629614352 0.00022774739612880878 0.00031379884719937197 0.00013535101622986524 0.0001244435138657948 0.00010708315258465626 0.00013435668786555038 0.00032153733463479784 0.00039580002644117425 0.000322820352591159 0.00018709505095984336 0.0003044445885869482 0.0003058068371909043 0.00016190034235631775 0.0003107943160039879 0.00015416037692380318 0.00018826640753709376 0.0001740085849050734 0.00022197099305337487 0.00018997099922757877 0.0002710603557725136 0.00014123872135753536 0.00014372415991071026 5.539607827329344e-05 0.00015955309351071834 0.00023752510230990915 0.00014456718374488437 0.00012650660188428682 0.00020816325226732872 0.00018550648177463787 0.00014042116548899398 0.0001524576356391959 0.000280912204139205 0.00023163801490540137 0.0002491721700444781 0.00015918457721509198 0.00026398602235088516 0.0002197687810065205 0.00021603863425434663 0.0001501070788863696 0.00011763119428629992 0.00014948432644896388 0.00021958571283318902 0.00019529799458246251 0.00014359311705413642 0.00022995434431265067 0.00021360199366223377 0.00014371348657618138 0.00024212855690754 0.0002460745133320642 0.00010099359094023526 4.922386532994271e-05 0.00021113953008321384 0.00017937807909115648 0.00021083794514273641 0.000164354445914181 0.0001301359331731329 0.0001343143292867872 0.0002036169056142838 0.00022675150684501883 0.00019489810931887664 0.0002451267372372026 0.0002549934093775784 0.00026590337214966536 0.00025484019057397836 0.00020153183319045954 0.00017234453276259603 0.0001893570679528777 5.728036955214379e-05 0.00016449854402639618 9.761044804737948e-05 0.00018474138087847433 0.00016102172757707722 0.00020987525018952648 0.00024919735305586893 0.0001846435864593619 0.0002801250033383733 0.00027290237803755053 0.00014548441047225778 0.00022479446633860212 0.00029626958254256995 0.0002176523950707067 0.00024261805088649177 0.0003054424380455014 0.0002322597848682118 0.0003066978269619628 0.0003037723224002713 0.0002841560842845328 2.3164900745645068e-05 0.00020359893733544135 0.00010896345242734248 0.0001241805270438518 0.0001560315305365374 0.0002170381103641941 0.00023065923250476666 0.0002734298896324224 0.00022626930675021775 0.000174202425482636 9.182232659906605e-05 0.00025524233572617975 0.00024399100834297512 0.00020260721030225211 9.368613011203834e-05 8.51705828370277e-05 0.0002665915438321757 0.0001528849567383438 0.00019923790290018176 0.000216630930127923 0.0001650041050852634 8.839668022674361e-05 0.00023815752383360658 8.35026987740131e-05 8.496981430780796e-05 0.00015652010763711675 0.00014933439720323283 0.00015534276016178773 0.0002421101239685345 0.00013062424430255087 0.00022849972690630192 0.00025245570889267965 0.00024092557725379204 0.0001634548876166145 0.00020862745270054965 0.00014640263764672512 0.00020130579283789826 0.00015822613164816866 0.00025673836449831397 0.00024004746966646331 0.000241264013646439 0.00010183092857215979 0.0001650445570874567 0.00011778916789015976 0.0001356017853200234 0.0002657766889582904 0.0002109699152060165 0.00012541474668925133 0.00018203322554588572 0.00018511970655886762 0.0001627272950170645 0.00012109612657831723 0.00020897803693168776 0.0001429887041427798 0.00022559798098841497 0.00019348236826860173 7.174708221158893e-05 0.00020467675485315493 0.00023833162152943203 0.0001701218136252022 0.0001869509429846794 0.0002998638311829077 0.00024029014798660536 0.00023775297314873004 0.00014030486535380554 0.00017295209297965504 3.346547202502962e-05 0.00024465288343388165 0.0002656781888342314 0.00014599505465219236 0.00021247020193896927 0.00021084651095388846 0.00017714734184762993 0.0001798835077166818 0.00015982554222384825 0.00025632503183809814 0.00013215591329017703 0.00014745416059786602 0.0001835059578637341 0.00023583486668305034 0.00013465721846095828 0.00011077630541693096 4.9665860369455225e-05 0.00022359681610178102 0.00015971996495753223 0.00020707751551947177 0.00021078554333686273 0.0002058823907850953 0.0002235033817452696 0.0002485433602370021 0.00010123436075357247 0.00019864750302409046 0.00021079700546338848 0.00019896796985027058 0.00022940605249539324 6.643093012113605e-05 0.0002450034890457665 0.0002350403576409738 0.0001682789633324131 9.282144907404249e-05 0.00024300347735254575 0.00013456384873732752 0.0001808008551933985 0.0001967195629495902 0.00015510924101347533 6.914243768179801e-05 0.00019737018471273089 0.00026764332961127434 0.0002599064473454625 0.0002498087917238693 0.0002975283786303797 0.0001297761751071985 0.00016468260171302078 0.0001646522254900947 5.131400263131153e-05 0.00021410254685308696 0.00019866577968739846 0.00020635398759216586 0.00030614598947071523 0.00030649074794710115 0.00026989945709061854 0.00010374638617825519 0.0001492000713232924 0.00018360626069260274 0.00027980742152578186 1.8654343572423317e-05 0.00016435011475785937 0.00020350722979587448 0.00024303709399686654 0.00014707855200592453 0.00018858787828457494 0.00015904846856578569 0.0001817769989624502 0.0002319440031843968 6.358043153756367e-05 0.00014275931533252808 0.0002520325548378352 0.00025668083220509587 0.00024462310442334147 0.0002827750094333277 0.00021810223803467318 0.00016851133766575152 0.00014515386195893015 0.00016098813022203082 0.0002459408844074988 0.0002809778024377474 0.00024505528879935215 0.00023370889304994972 0.00015422488478440645 0.00015712021477804733 0.0002707767696668338 0.00023723095796073388 0.00027552809258304446 0.00017131599114610885 0.0002979906044649293 0.00015463270414257574 0.00019579916103647962 0.00023387734534080986 0.000294142820474792 0.00014949482450205177 0.0003004589306556764 0.00022171171195677105 0.00022232638733133659 0.00012505170073544536 8.511759539562171e-05 0.00018854398400742448 0.0002090179820037261 0.00012400719685273434 0.00010019044136384058 0.0002680656657703557 0.00034883576494247034 0.00019666360544573337 0.0002102130446377195 0.00017941335838160056 0.00016127155507125442 0.0003396441348748255 0.0002280083295364818 0.00024463746280981616 7.781277063589323e-05 0.00014765236361893432 0.0002507498280260732 0.00013859767577146723 0.0002800616821952858 0.0002970165648342032 0.00017854736514423365 0.00020304945971317114 0.0001414694561848615 0.00025815417031344577 0.00015452662903728173 0.00021971729717350908 0.00021881048087451566 0.0001515382762279941 0.00020381491140228225 1.4266167965404315e-05 8.978698917350981e-05 0.00021948426529366398 0.00020650098298623321 7.003461223224244e-05 0.0002498005303318118 0.000262934624444243 0.0001820523089842409 0.00017076978532257317 0.00021195987482143823 0.0001768490367399094 0.00014439360529957987 0.00017079082071398916 0.00019204786068586618 0.00014141512035260545 0.00034838320914501935 0.00029093478731720814 0.0002825702647884318 0.0001909124584733334 0.00022506716760753258 0.00027761791745126537 0.00010413146680441992 0.00011823272072913404 0.0002038627346229408 0.0002152802556322988 0.00023927617116493465 0.00023873327826296102 1.790459253889733e-05 0.00021032030471384655 0.000230743170416609 8.79569029254504e-05 0.000323300386718475 0.00028154619446986564 0.00016525309527027718 0.0002291304060769247 0.00028940745345310416 0.0002654740964251523 0.00024252404561678006 0.000259656606658041 0.00019047534289958655 0.0002258699345353124 0.00017283146036271827 0.00011244740865147842 0.0002541561408175403 0.00027171149833372823 0.0001773585580716752 0.00020667648503445166 0.0001553965390107792 0.00024127060062248743 0.0001351925188843417 0.00013717352667062604 1.0540925533894598e-07 2.726707346744639e-06 0.0001626787342589687 0.00023299103456513956 0.00021650686830025715 0.0001278496198611654 0.00019341064536221425 0.0002639767167470547 0.00023746335904566417 0.0001079187190933127 0.00011641417865830159 0.0003003761850186969 0.00015867055498235057 0.00028777449835868215 7.6285749447587e-05 0.00028945230908862426 0.0003316130837276418 0.00020675507202839817 0.00021813710776776577 0.00024344891039674527 0.00024217370318484413 0.00016815581855392992 0.00015900689179952523 0.00020828354383085586 0.0001399887083897844 0.00022528382143787966 0.000200306295384532 0.00020326659408025907 0.0002554713913404124 0.00021677120896109234 0.0002756200702006816 8.81809189522908e-05 0.0002656651498038159 0.000218341681697462 0.00025348636640144616 0.00016377077869357638 0.0002671027556247783 0.00015464936014081507 0.0002063165191818231 0.00011795140328074125 4.187052296098546e-05 0.00012393053317847583 0.00013816240313592747 0.00013791775318474392 0.00023038771863028085 8.864427874370854e-05 7.618658264164132e-05 0.00020827453552903658 0.0002229518509973225 0.00023672733016288415 0.00019813739105231223 8.768243650513024e-05 0.00024317429889047704 5.525091903229607e-05 0.00015198305278894112 0.00012033950274020072 0.0001660078549259444 0.0002929976157254917 0.00029567954802776 0.0002658536379558188 0.0001877125126122854 0.00020192065796896077 0.00022592750125693546 0.00019887758182045954 0.00027629349147094103 0.0002870451672109107 0.00010470381386357602 0.00024149324981272765 0.0001626302015306142 0.0002294337651488288 0.00017720447262892597 0.00018773664017246366 0.00023385299597013015 4.786756162212162e-05 0.0002490264286228001 0.0002819954757352785 0.0003406477954782694 0.00021446964895964756 5.00929159794617e-05 0.00025904864766486434 0.0002693071211498284 0.00017100269137056495 0.00016548912040049171 0.00018160470944962286 0.00022233935829389098 0.00018758953514657164 0.00019537080301475045 6.839128008714918e-05 0.00015319103571618823 0.00016722079465871932 0.00025101312066031086 8.85111766926956e-05 0.00021865181758756665 0.00023502055254987576 0.00022308201475223604 0.0002405236832195773 0.0002363605095684801 0.00023362695789142624 0.00013490498226483347 0.0002582800554111285 0.00021429134661717368 0.00018225688516089312 0.00021702948088475298 7.66988341228864e-05 0.00010424021891213726 0.0002572674132401376 0.00014957035265018034 0.00021345806757692095 0.00017612051261862646 0.00018443854548085982 0.00020982103051881562 0.00012718025467976554 0.000309449548146207 0.0002503797110788798 0.00010909987044950549 0.00018240191599203307 0.00026493514095192157 0.00020591912353796213 0.00011336566875237791 0.00026388535286453663 0.00016854243494700537 0.0002770601414648739 0.0002863672281959549 0.0002663958870823363 0.00034390241268683267 0.0002158470649406393 0.00020323072049599508 0.00011102646633235105 0.00012911275975776928 0.00021708184140825415 0.00019711493872062288 9.166570511063058e-05 0.0002097762300411431 4.6749974345240946e-05 0.00013958527535099232 0.000229613920575887 0.00017507462475901004 0.0002034020190941432 0.00026811762718012815 0.00013170266406610848 8.198425714910058e-05 8.185449281543659e-05 0.00017123445906507123 0.0001496798244637674 0.0002460259508525411 0.00022446060504851121 0.00027893024079090917 0.0003059730393000469 0.00014802970785741162 0.00031245417029569534 0.0002632937831561104 0.00029374647494760306 0.00025775649357003455 0.00012127129465861234 0.0001788716672126643 0.0002028040489119819 0.00018520616897552976 0.00020645625843171008 0.00024185658369918912 0.0001219856312929617 0.00030727863051688997 0.0002846028129326772 0.00018326545662488902 0.0001562488354407619 0.00018292405086054922 0.00018484951057843753 0.00019603166483962367 9.044208234134589e-05 0.0001530213071479936 9.458457715642381e-05 9.010713895247986e-05 0.00017739648383765638 0.00025175468531138514 0.00019375525750948974 0.00017226112905197518 0.0002269729565598293 0.0002454698562926632 0.0001329147505791337 0.00019542055629401963 8.00645377488684e-05 0.00011567122653602812 0.00024176150376413298 0.00020921395531042872 0.00024829684950021877 0.0003440008155860926 0.0003678265510670416 0.0002896755745291972 0.0003162244822540811 0.00024059242115271636 0.00020544875283805183 0.00028178635700905835 0.00023276766359808486 0.00021799320586777217 8.660527449240113e-05 0.0002959295368352605 0.0002622524786627069 0.0002958582564403305 0.00010179277336922225 0.0002646258053533661 0.00015526414126592643 0.00018594366178068761 0.00025771240777094196 0.00011223255447480256 0.00019870132579068688 0.00021476470648477267 0.00021539011681658493 0.0003042910886465903 0.00014062557014623777 0.00012565211329563955 0.00028415073354841217 0.00026091162821895717 0.00011379347640049119 0.00020563806084939677 0.00019010944634778097 6.358492831372066e-05 0.00010194556564281725 0.00031365255722737246 0.00013478693725160726 0.00028813303291111214 0.00023180083451324545 0.00025165097366165853 0.0002441636485490736 0.00022797682191885807 0.0001481245062981907 0.00022955226346909485 0.00028083017058647255 0.0002993935148027943 0.0002974523972696077 0.0002544197563052968 0.0002233747324345325 0.00022101508343145928 0.0002881497589594561 0.00024188750369258448 0.00018274864391274565 0.00029576129352406623 0.00022534536240760968 0.00018299060440481627 0.0002147764059585071 0.00022716652170298645 0.00022980932855307435 0.00027570387803226324 0.0002266676872626536 0.0002957078242307714 0.00011733612360984582 0.00021692365133998303 0.000170012580141812 0.00013784449533309974 0.00018232936740670845 0.0002429301417364981 0.00019508175339266986 0.0001769459945257456 0.00010338349759386242 5.7792837251665945e-05 0.0002869645913178895 0.0002411590580190307 0.0002010872269734269 0.00019082794870856914 0.0002449292897173982 0.0002370726080613419 0.0002377288695491816 0.00032147983414652356 0.00035448667741417884 0.0003313099415761143 0.00021845108186166316 0.00019205453978147162 0.0003358637880380963 0.00029581824197612966 0.0002606899330513301 0.00015894977350685614 0.00015535634187561603 0.00024283682988261054 0.00023505343484011816 0.00021155199892857246 0.0002558959718999442 0.0003276138211148873 0.00026121164038920425 0.0002533142949400194 0.0003057435386998293 0.00018864976762471603 0.00019767961947516412 0.00029352927319408465 0.00019609502235389394 0.000303835819210612 9.626277465256725e-05 0.00032839419734675284 0.00031514587103580633 0.0002407168745474407 0.0001481585001674421 0.00034740710928434236 0.0002915910291191803 0.000281184740998591 0.00024455278843728506 0.00016188966826733556 0.00025519725021576296 0.0003444046116457366 0.00011963002297409935 0.00025861659317342653 0.0002678547466255057 0.0001555730187052104 0.0001002439327502709 0.0002786366448313648 4.4209463560368785e-05 0.0002679708885769871 7.273635441756298e-05 0.0003337893331756938 0.0002519970716491889 0.00020792870035739945 0.00032455188270787263 3.483533031104046e-05 0.00010656134296587122 0.00012434636676185863 0.00033556930893076316 0.0001290623296634783 0.00026198105119010895 0.00033180744297608804 0.00022286993986527645 0.0002650565570068977 0.000263204755797963 0.0002456620992085109 0.00030014682053665104 0.00023576376074597235 0.00015338785553183995 0.00016520351175148084 0.0001364460058209604 0.00023329896390907512 0.00019796218746157996 0.00014797911336915444 0.0002578571706509117 0.00023697423252998145 0.0002903194567470786 0.00034498768208020427 0.000174436669624376 0.00013836341985678428 2.241511271898475e-05 0.0001130307101178855 0.00032984625796397187 0.0002276480441707421 0.00024960769384387786 0.00016051842583756203 0.0001023441443978183 0.0001747907297774716 2.933363941704665e-05 0.00017201769771474173 0.00010085005177864715 0.00013303880553206004 0.00015415847517916853 0.00013116138957889402 0.000163914872136202 0.00027403277971271665 0.00029154876306977114 0.00019340842200052667 0.0002121088642001108 0.00023881257888443182 0.00035382161437750773 0.0003217401239091348 0.00031338452222908565 0.00017060625262492785 0.00033003846837133656 0.00021290198727721933 0.00025991050562508284 0.00029010719918072905</DataArray>
<DataArray type="Float64" Name="g_gap" format="ascii">0.0 0.0 0.0 0.0 0.0 0.0 0.0 0.0 0.0 0.0 0.0 0.0 0.0 0.0 0.0 0.0 0.0 0.0 0.0 0.0 0.0 0.0 0.0 0.0 0.0 0.0 0.0 0.0 0.0 0.0 0.0 0.0 0.0 0.0 0.0 0.0 0.0 0.0 0.0 0.0 0.0 0.0 0.0 0.0 0.0 0.0 0.0 0.0 0.0 0.0 0.0 0.0 0.0 0.0 0.0 0.0 0.0 0.0 0.0 0.0 0.0 0.0 0.0 0.0 0.0 0.0 0.0 0.0 0.0 0.0 0.0 0.0 0.0 0.0 0.0 0.0 0.0 0.0 0.0 0.0 0.0 0.0 0.0 0.0 0.0 0.0 0.0 0.0 0.0 0.0 0.0 0.0 0.0 0.0 0.0 0.0 0.0 0.0 0.0 0.0 0.0 0.0 0.0 0.0 0.0 0.0 0.0 0.0 0.0 0.0 0.0 0.0 0.0 0.0 0.0 0.0 0.0 0.0 0.0 0.0 0.0 0.0 0.0 0.0 0.0 0.0 0.0 0.0 0.0 0.0 0.0 0.0 0.0 0.0 0.0 0.0 0.0 0.0 0.0 0.0 0.0 0.0 0.0 0.0 0.0 0.0 0.0 0.0 0.0 0.0 0.0 0.0 0.0 0.0 0.0 0.0 0.0 0.0 0.0 0.0 0.0 0.0 0.0 0.0 0.0 0.0 0.0 0.0 0.0 0.0 0.0 0.0 0.0 0.0 0.0 0.0 0.0 0.0 0.0 0.0 0.0 0.0 0.0 0.0 0.0 0.0 0.0 0.0 0.0 0.0 0.0 0.0 0.0 0.0 0.0 0.0 0.0 0.0 0.0 0.0 0.0 0.0 0.0 0.0 0.0 0.0 0.0 0.0 0.0 0.0 0.0 0.0 0.0 0.0 0.0 0.0 0.0 0.0 0.0 0.0 0.0 0.0 0.0 0.0 0.0 0.0 0.0 0.0 0.0 0.0 0.0 0.0 0.0 0.0 0.0 0.0 0.0 0.0 0.0 0.0 0.0 0.0 0.0 0.0 0.0 0.0 0.0 0.0 0.0 0.0 0.0 0.0 0.0 0.0 0.0 0.0 0.0 0.0 0.0 0.0 0.0 0.0 0.0 0.0 0.0 0.0 0.0 0.0 0.0 0.0 0.0 0.0 0.0 0.0 0.0 0.0 0.0 0.0 0.0 0.0 0.0 0.0 0.0 0.0 0.0 0.0 0.0 0.0 0.0 0.0 0.0 0.0 0.0 0.0 0.0 0.0 0.0 0.0 0.0 0.0 0.0 0.0 0.0 0.0 0.0 0.0 0.0 0.0 0.0 0.0 0.0 0.0 0.0 0.0 0.0 0.0 0.0 0.0 0.0 0.0 0.0 0.0 0.0 0.0 0.0 0.0 0.0 0.0 0.0 0.0 0.0 0.0 0.0 0.0 0.0 0.0 0.0 0.0 0.0 0.0 0.0 0.0 0.0 0.0 0.0 0.0 0.0 0.0 0.0 0.0 0.0 0.0 0.0 0.0 0.0 0.0 0.0 0.0 0.0 0.0 0.0 0.0 0.0 0.0 0.0 0.0 0.0 0.0 0.0 0.0 0.0 0.0 0.0 0.0 0.0 0.0 0.0 0.0 0.0 0.0 0.0 0.0 0.0 0.0 0.0 0.0 0.0 0.0 0.0 0.0 0.0 0.0 0.0 0.0 0.0 0.0 0.0 0.0 0.0 0.0 0.0 0.0 0.0 0.0 0.0 0.0 0.0 0.0 0.0 0.0 0.0 0.0 0.0 0.0 0.0 0.0 0.0 0.0 0.0 0.0 0.0 0.0 0.0 0.0 0.0 0.0 0.0 0.0 0.0 0.0 0.0 0.0 0.0 0.0 0.0 0.0 0.0 0.0 0.0 0.0 0.0 0.0 0.0 0.0 0.0 0.0 0.0 0.0 0.0 0.0 0.0 0.0 0.0 0.0 0.0 0.0 0.0 0.0 0.0 0.0 0.0 0.0 0.0 0.0 0.0 0.0 0.0 0.0 0.0 0.0 0.0 0.0 0.0 0.0 0.0 0.0 0.0 0.0 0.0 0.0 0.0 0.0 0.0 0.0 0.0 0.0 0.0 0.0 0.0 0.0 0.0 0.0 0.0 0.0 0.0 0.0 0.0 0.0 0.0 0.0 0.0 0.0 0.0 0.0 0.0 0.0 0.0 0.0 0.0 0.0 0.0 0.0 0.0 0.0 0.0 0.0 0.0 0.0 0.0 0.0 0.0 0.0 0.0 0.0 0.0 0.0 0.0 0.0 0.0 0.0 0.0 0.0 0.0 0.0 0.0 0.0 0.0 0.0 0.0 0.0 0.0 0.0 0.0 0.0 0.0 0.0 0.0 0.0 0.0 0.0 0.0 0.0 0.0 0.0 0.0 0.0 0.0 0.0 0.0 0.0 0.0 0.0 0.0 0.0 0.0 0.0 0.0 0.0 0.0 0.0 0.0 0.0 0.0 0.0 0.0 0.0 0.0 0.0 0.0 0.0 0.0 0.0 0.0 0.0 0.0 0.0 0.0 0.0 0.0 0.0 0.0 0.0 0.0 0.0 0.0 0.0 0.0 0.0 0.0 0.0 0.0 0.0 0.0 0.0 0.0 0.0 0.0 0.0 0.0 0.0 0.0 0.0 0.0 0.0 0.0 0.0 0.0 0.0 0.0 0.0 0.0 0.0 0.0 0.0 0.0 0.0 0.0 0.0 0.0 0.0 0.0 0.0 0.0 0.0 0.0 0.0 0.0 0.0 0.0 0.0 0.0 0.0 0.0 0.0 0.0 0.0 0.0 0.0 0.0 0.0 0.0 0.0 0.0 0.0 0.0 0.0 0.0 0.0 0.0 0.0 0.0 0.0 0.0 0.0 0.0 0.0 0.0 0.0 0.0 0.0 0.0 0.0 0.0 0.0 0.0 0.0 0.0 0.0 0.0 0.0 0.0 0.0 0.0 0.0 0.0 0.0 0.0 0.0 0.0 0.0 0.0 0.0 0.0 0.0 0.0 0.0 0.0 0.0 0.0 0.0 0.0 0.0 0.0 0.0 0.0 0.0 0.0 0.0 0.0 0.0 0.0 0.0 0.0 0.0 0.0 0.0 0.0 0.0 0.0 0.0 0.0 0.0 0.0 0.0 0.0 0.0 0.0 0.0 0.0 0.0 0.0 0.0 0.0 0.0 0.0 0.0 0.0 0.0 0.0 0.0 0.0 0.0 0.0 0.0 0.0 0.0 0.0 0.0 0.0 0.0 0.0 0.0 0.0 0.0 0.0 0.0 0.0 0.0 0.0 0.0 0.0 0.0 0.0 0.0 0.0 0.0 0.0 0.0 0.0 0.0 0.0 0.0 0.0 0.0 0.0 0.0 0.0 0.0 0.0 0.0 0.0 0.0 0.0 0.0 0.0 0.0 0.0 0.0 0.0 0.0 0.0 0.0 0.0 0.0 0.0 0.0 0.0 0.0 0.0 0.0 0.0 0.0 0.0 0.0 0.0 0.0 0.0 0.0 0.0 0.0 0.0 0.0 0.0 0.0 0.0 0.0 0.0 0.0 0.0 0.0 0.0 0.0 0.0 0.0 0.0 0.0 0.0 0.0 0.0 0.0 0.0 0.0 0.0 0.0 0.0 0.0 0.0 0.0 0.0 0.0 0.0 0.0 0.0 0.0 0.0 0.0 0.0 0.0 0.0 0.0 0.0 0.0 0.0 0.0 0.0 0.0 0.0 0.0 0.0 0.0 0.0 0.0 0.0 0.0 0.0 0.0 0.0 0.0 0.0 0.0 0.0 0.0 0.0 0.0 0.0 0.0 0.0 0.0 0.0 0.0 0.0 0.0 0.0 0.0 0.0 0.0 0.0 0.0 0.0 0.0 0.0 0.0 0.0 0.0 0.0 0.0 0.0 0.0 0.0 0.0 0.0 0.0 0.0 0.0 0.0 0.0 0.0 0.0 0.0 0.0 0.0 0.0 0.0 0.0 0.0 0.0 0.0 0.0 0.0 0.0 0.0 0.0 0.0 0.0 0.0 0.0 0.0 0.0 0.0 0.0 0.0 0.0 0.0 0.0 0.0 0.0 0.0 0.0 0.0 0.0 0.0 0.0 0.0 0.0 0.0 0.0 0.0 0.0 0.0 0.0 0.0 0.0 0.0 0.0 0.0 0.0 0.0 0.0 0.0 0.0 0.0 0.0 0.0 0.0 0.0 0.0 0.0 0.0 0.0 0.0 0.0 0.0 0.0 0.0 0.0 0.0 0.0 0.0 0.0 0.0 0.0 0.0 0.0 0.0 0.0 0.0 0.0 0.0 0.0 0.0 0.0 0.0 0.0 0.0 0.0 0.0 0.0 0.0 0.0 0.0 0.0 0.0 0.0 0.0 0.0 0.0 0.0 0.0 0.0 0.0 0.0 0.0 0.0 0.0 0.0 0.0 0.0 0.0 0.0 0.0 0.0 0.0 0.0 0.0 0.0 0.0 0.0 0.0 0.0 0.0 0.0 0.0 0.0 0.0 0.0 0.0 0.0 0.0 0.0 0.0 0.0 0.0 0.0 0.0 0.0 0.0 0.0 0.0 0.0 0.0 0.0 0.0 0.0 0.0 0.0 0.0 0.0 0.0 0.0 0.0 0.0 0.0 0.0 0.0 0.0 0.0 0.0 0.0 0.0 0.0 0.0 0.0 0.0 0.0 0.0 0.0 0.0 0.0 0.0 0.0 0.0 0.0 0.0 0.0 0.0 0.0 0.0 0.0 0.0 0.0 0.0 0.0 0.0 0.0 0.0 0.0 0.0 0.0 0.0 0.0 0.0 0.0 0.0 0.0 0.0 0.0 0.0 0.0 0.0 0.0 0.0 0.0 0.0 0.0 0.0 0.0 0.0 0.0 0.0 0.0 0.0 0.0 0.0 0.0 0.0 0.0 0.0 0.0 0.0 0.0 0.0 0.0 0.0 0.0 0.0 0.0 0.0 0.0 0.0 0.0 0.0 0.0 0.0 0.0 0.0 0.0 0.0 0.0 0.0 0.0 0.0 0.0 0.0 0.0 0.0 0.0 0.0 0.0 0.0 0.0 0.0 0.0 0.0 0.0 0.0 0.0 0.0 0.0 0.0 0.0 0.0 0.0 0.0 0.0 0.0 0.0 0.0 0.0 0.0 0.0 0.0 0.0 0.0 0.0 0.0 0.0 0.0 0.0 0.0 0.0 0.0 0.0 0.0 0.0 0.0 0.0 0.0 0.0 0.0 0.0 0.0 0.0 0.0 0.0 0.0 0.0 0.0 0.0 0.0 0.0 0.0 0.0 0.0 0.0 0.0 0.0 0.0 0.0 0.0 0.0 0.0 0.0 0.0 0.0 0.0 0.0 0.0 0.0 0.0 0.0 0.0 0.0 0.0 0.0 0.0 0.0 0.0 0.0 0.0 0.0 0.0 0.0 0.0 0.0 0.0 0.0 0.0 0.0 0.0 0.0 0.0 0.0 0.0 0.0 0.0 0.0 0.0 0.0 0.0 0.0 0.0 0.0 0.0 0.0 0.0 0.0 0.0 0.0 0.0 0.0 0.0 0.0 0.0 0.0 0.0 0.0 0.0 0.0 0.0 0.0 0.0 0.0 0.0 0.0 0.0 0.0 0.0 0.0 0.0 0.0 0.0 0.0 0.0 0.0 0.0 0.0 0.0 0.0 0.0 0.0 0.0 0.0 0.0 0.0 0.0 0.0 0.0 0.0 0.0 0.0 0.0 0.0 0.0 0.0 0.0 0.0 0.0 0.0 0.0 0.0 0.0 0.0 0.0 0.0 0.0 0.0 0.0 0.0 0.0 0.0 0.0 0.0 0.0 0.0 0.0 0.0 0.0 0.0 0.0 0.0 0.0 0.0 0.0</DataArray>
<DataArray type="Float64" Name="heat_i_to_j" format="ascii">6.963903465771795e-20 1.1829471049686324e-05 -7.275678919062272e-06 -4.553792130619167e-06 -6.511985884680756e-07 4.964481682012073e-06 -1.1673110850734423e-05 -2.4400432053180938e-06 9.799870962496574e-06 -7.2825898964356826e-06 -2.1944252988964478e-06 6.759482065918057e-06 2.717533129383223e-06 1.1805169887068371e-05 -5.887388685128948e-06 8.24383842651668e-06 -4.167369685169078e-06 1.810919943802064e-06 -1.4543697886581638e-05 5.734899450534811e-06 1.8833155440129885e-05 -1.0675555592575097e-05 8.90421230816802e-06 1.550935872602213e-05 -2.5381959090917955e-05 9.733354925207542e-06 -8.716212233201248e-06 -4.875463516547148e-08 -3.829406681321504e-06 -2.973779958138411e-06 -9.588552013864752e-06 -2.771817720945645e-06 2.943691577465976e-06 -1.7187385651748475e-07 1.1007883079335972e-05 -8.20295073514854e-06 -1.026201517651603e-05 7.457082832308303e-06 4.131826633121981e-06 -2.100047485447639e-06 -2.0317791476717984e-06 -5.308288715914146e-06 -3.2445665893990563e-06 -1.0776885520423327e-05 -4.8396935898503744e-06 7.372168312824804e-07 4.1024767585615344e-06 2.8506702049248837e-06 -6.88352803565505e-06 -1.4507592419910017e-05 1.8540450250642958e-05 1.2368549692024584e-05 -1.1744600367100572e-05 -8.42475843368694e-06 1.0039789938221567e-05 1.0784388038006799e-06 -3.3174196332537695e-06 1.6738979977584024e-06 -1.0947753995405366e-05 1.6423554824457053e-05 -7.149698826820845e-06 -2.116854822763458e-06 1.4004989991665245e-05 1.3664010704306682e-05 -7.397318891462552e-06 -1.0873835590147012e-05 -7.280991391586444e-06 -1.831069000407193e-05 2.788607209651683e-06 1.1319443188475786e-05 4.202639605919338e-06 2.098170011555681e-05 -2.041841321591904e-05 -1.0495750225566998e-05 9.932463325903281e-06 3.342926617694697e-06 1.1483181351387329e-05 8.902789157447049e-06 -1.0198729800394517e-05 -1.3530167326137916e-05 -3.465828109258385e-06 -1.3298406629523025e-06 4.1575029433329515e-06 -7.22915533266445e-06 1.2964836419487619e-05 -5.0975152579346006e-06 1.9229356562299606e-06 3.2515964159086907e-06 -5.174532072135852e-06 8.287548675106159e-07 1.396329513965249e-05 1.1169428007789994e-05 -1.0833599034741442e-05 -4.119995900830308e-06 -7.18986073107402e-06 1.1598722749618171e-05 -1.907879381640736e-05 1.8012858415511836e-05 0.0 -9.523537050207023e-07 2.855813660523094e-06 1.099881848778185e-06 -7.232231513905189e-06 4.22888970962688e-06 1.8788938269750855e-05 -9.751391624447002e-06 -1.8135824583610057e-05 9.09827793829593e-06 7.739060527106623e-07 1.6975288611799565e-05 1.6362762211493886e-05 1.1627915808389087e-05 -1.626828843147768e-05 4.640372623072319e-06 1.0825530153224644e-05 -1.262435973225345e-05 -5.701522494874948e-07 9.365222154248085e-07 1.4324596131312856e-06 -5.503840364735051e-21 2.708596657954031e-07 2.7306095101286776e-05 -1.6333883045500424e-05 -1.1243071721565902e-05 -1.099687426140138e-05 8.344935427808118e-06 -4.399169133130512e-06 7.051107966712643e-06 -7.93932379515966e-06 3.794039257320616e-06 4.1452845378388354e-06 -6.929151325453454e-20 4.210142377690097e-20 -2.0445793381996258e-05 -5.590932655338723e-06 -4.3366932560230414e-06 -3.970940191493553e-07 -2.027778507985503e-05 -5.310540749514122e-06 -5.1254773783890805e-06 4.94153310906216e-06 -2.0577921097017892e-05 8.494769896488354e-06 1.2267095469849075e-05 1.9991596540637196e-08 -5.602780629808658e-07 1.0593275222909584e-05 -1.0693115010610304e-05 6.401262541464292e-07 7.144659023583306e-07 -1.0404112421207112e-05 -9.757767513466168e-06 1.7732264880420805e-05 -8.57111118421954e-06 1.0286260336182148e-05 9.845568954283849e-21 5.788945769323884e-20 7.944636500988052e-06 7.4057742347295256e-06 -1.1218584102610102e-05 -9.764357229638785e-06 -4.766127362725893e-06 1.4530484592359875e-05 1.3852245187465348e-05 -1.791737370384237e-07 -1.2075784874277139e-05 -1.5772949795644746e-06 -1.8458549777619513e-06 -2.1414122589287735e-06 -2.2008989877636016e-05 -1.707747359903654e-05 2.1129757603122397e-06 1.275130575023673e-06 -1.8580516412395092e-06 -1.0057929084230979e-05 2.5605347989161222e-05 1.7269687462547917e-05 -4.072382902987214e-06 4.74826767507912e-06 9.211376732203537e-06 -5.9029938477131334e-06 -4.9612237886943e-06 -1.088138614551936e-05 7.78595937462053e-06 1.2865809426364437e-05 2.0625134715092058e-05 2.3068003351836454e-06 -9.449254445064196e-06 1.832214808562943e-06 -1.879621429767092e-06 1.0071960873666553e-05 3.393430491212387e-06 -2.0747981261215698e-05 1.6457450476860592e-05 8.165620555681308e-06 -1.2175457062012483e-05 1.638946752347752e-05 -6.986015599442546e-07 1.1124392489182784e-05 -1.3263774073463583e-05 -1.3760273172128942e-06 1.0519143241823378e-05 2.1613766473065385e-06 8.047830318306636e-07 8.631280331372891e-07 1.6220691711249874e-05 1.2587581497002055e-05 -1.134654697086834e-06 -1.4918754909167257e-05 2.8790953038782055e-05 2.1506816052887625e-06 -2.2243731086525212e-05 -1.1048366698904335e-05 2.3504631413489994e-06 1.0559804036550545e-05 1.2099765411748165e-05 -1.8795460144923817e-05 -3.864109303328513e-06 1.7626622758507062e-05 2.6296565337486448e-06 1.0583725488435234e-05 5.240674338842262e-06 5.211604286226488e-06 -7.58722991559513e-06 -1.344877419791961e-05 5.616623805186755e-06 -8.89414495807577e-06 1.796688808008821e-05 -1.4689366927206295e-05 1.3078450514233675e-05 1.6943382834163144e-05 2.272782833204314e-05 5.348944762366492e-06 1.0808314691860973e-05 1.28160089893175e-05 -1.0603585592256359e-05 -2.4189306583357536e-06 -1.595075219294652e-05 2.9078775338870975e-06 -7.869484603319989e-06 1.6782167320360417e-05 -3.0131250255072887e-05 -5.502442040062111e-06 -4.1495685112908125e-06 -3.0594900692261205e-06 1.2711500620587417e-05 -2.4713827766509348e-05 2.9654547410387972e-05 -4.9407196438783615e-06 2.982693336170913e-06 -2.2682274338115343e-06 -1.7928049229139806e-06 -1.763920565306474e-05 1.1204834762006497e-05 8.22717581398897e-06 9.972278250421482e-06 -4.548007746898547e-06 -1.0476724456344638e-05 9.419372297333132e-06 -4.366918344594921e-06 -1.1843960407570826e-06 4.312860193800244e-06 -8.58017757260613e-07 -2.2704463957833955e-06 -7.84653414381537e-06 -1.4234787761151932e-06 9.27001291993692e-06 1.4255133582012124e-05 2.5375809867463304e-06 -1.2011163772841216e-05 -4.781550795946782e-06 -5.251518993598287e-06 -3.817310072095674e-06 -5.292552758030999e-06 1.4361381823700951e-05 9.659746995671443e-06 1.1657831575516657e-06 -2.8671344646657634e-06 -3.352415273746777e-06 -2.72184435826462e-08 6.24676818199924e-06 -1.7752818782769803e-06 9.05327592102452e-06 -7.277994042755589e-06 5.4345703894651326e-06 -7.2601732237268215e-06 -5.575528177583729e-06 8.038676788767298e-06 -7.93931745502091e-06 7.6108646891856455e-06 1.8799270282146712e-07 2.0046712582909657e-06 4.606219826015526e-06 -6.723074648790572e-06 8.72886869717801e-06 6.7412988179685665e-06 -6.252197718116313e-06 3.293130156575777e-06 -1.2511099953614337e-05 -1.914501361160715e-06 1.2879152131254796e-05 -9.149844870052462e-06 1.4740231039231757e-05 -9.758646243158457e-08 -4.529828648616304e-06 6.203726646370003e-06 3.507242247967677e-06 1.0197667518033284e-05 -2.068378169061038e-06 -5.556128185914103e-06 -9.230447065689928e-06 -8.48036649565258e-06 -7.32099529450468e-06 -6.167530189678703e-06 1.348852548418389e-05 1.2488360766095068e-05 1.349066320249161e-06 1.0952899410028684e-06 -8.408493938123318e-06 2.539734417955247e-06 -9.063957507136353e-06 -2.209079286515036e-06 4.875221684628716e-07 1.7215571180562166e-06 2.2865272027639363e-06 4.608215507739466e-06 1.2417497191601242e-05 4.036608150247973e-06 9.961028063060625e-06 -1.1290340671150456e-05 -2.7072955421533693e-06 -8.869990843264316e-07 -9.091373112087495e-07 -3.00559579880103e-05 6.34698327615454e-06 -9.387503841485782e-06 3.0405205653379872e-06 1.2505963879756533e-05 2.6503702993302618e-08 2.933624207085512e-06 -1.546609178980772e-05 2.9892077006091193e-06 2.8922472196000815e-07 2.5083338118788664e-05 2.8939156716082456e-06 1.64965085499505e-05 -2.33756258748581e-07 -1.6854898194074304e-05 5.921459027879417e-07 1.251548435038478e-05 -5.688513511132899e-06 5.60404980698446e-07 -1.765965894591275e-05 -1.0173510256074656e-05 3.7056906861182964e-06 7.1481738980590225e-06 -6.675973625985117e-07 1.305310543128887e-05 1.5279374159772115e-05 7.124668506516637e-07 -1.0452255365694628e-06 -2.6041410068610273e-06 1.7141683210066576e-05 7.7664671815754e-06 7.462654548969982e-06 -1.5481612732723415e-05 1.3684329848186921e-05 -2.0453951509439716e-05 1.478857984493365e-05 1.042409418193903e-06 2.622850792562463e-06 4.075785855131496e-06 3.0141489260811143e-06 7.3486184781448474e-06 -1.1429841507935808e-05 -1.0512541292864032e-05 1.4533431138304475e-06 2.1547847276527518e-05 -1.742013699105762e-05 1.047394071630206e-05 8.900356192209216e-06 -9.107174109872449e-06 2.062266230900015e-06 2.3147018198166255e-05 6.7875482960858354e-06 1.5502830076523876e-05 -2.1889751432162926e-05 4.594116432607507e-06 -5.374385780505251e-07 1.3976200422820938e-05 1.1414439616363226e-05 -4.290058607775468e-06 6.475809936503973e-06 1.1139038609567313e-05 1.7550645189127508e-06 2.7820967887755465e-05 -8.235116738295195e-06 1.8980287444454498e-05 9.935808591799822e-06 8.754049614469627e-06 4.757189911932121e-06 -2.1000172568173888e-05 1.1525541192032446e-05 -9.80063271140546e-06 -2.0434662299565285e-07 -1.1721390713344674e-06 1.655553032593514e-05 -6.708252583152826e-06 -1.1094171036884192e-05 -2.3894196151532067e-06 1.1506274971208419e-05 4.805943847575147e-06 -1.1031578901928046e-05 -8.269473048241959e-06 -1.050856130360784e-05 -9.685946967852823e-07 -2.789119200996477e-06 8.184509387247903e-07 1.407436569940663e-05 3.718727401717435e-05 1.551085037880123e-05 2.2965349013600922e-05 5.750022924778164e-07 -1.1776430614162014e-05 -2.2046644986475207e-06 -2.5070106571974606e-05 6.078015008146994e-06 -6.971061003394694e-06 -1.8364898895069787e-05 -9.0129204861112e-06 2.1852261569587306e-05 -4.67556723000059e-06 1.9883279043760737e-05 1.452620635677576e-06 3.3060440605664308e-06 -6.599992464622806e-06 -8.889875708106599e-06 1.5489868172744636e-05 1.0476923605369009e-05 9.568345740463872e-06 3.4451053412012237e-06 -2.4674770727828314e-05 1.5232449954422292e-05 8.604062897599082e-06 -1.3723107560568107e-05 -1.3593556770503962e-06 -4.013458431916072e-06 -2.917353921511609e-05 2.4326074426223e-05 2.3027607637676488e-05 -5.262472108801579e-06 2.419497638237786e-07 -7.921518487450391e-06 -2.1058598505001273e-05 1.537246189560808e-05 5.686136609420939e-06 -1.562701532447739e-06 2.0422159383898934e-05 9.350053763683537e-07 1.0603582321467078e-05 -1.1609107279491324e-05 4.5432430061858444e-06 -3.817320722478977e-06 -6.131634758143377e-06 1.174768506402066e-05 -2.088567047618455e-05 -3.1586813380909634e-07 -4.89925313532868e-07 1.506425229090464e-05 -3.506544323678644e-08 2.99122043340093e-05 -2.9371454001720457e-06 -2.63324308229178e-06 -2.71353328774404e-06 1.087802208642875e-05 -8.283550891288377e-06 -2.323371582745602e-05 -6.82925025529244e-06 3.294043586688908e-05 -3.479470536674058e-06 -7.680983954102943e-06 5.60886133642871e-06 -8.727380178551727e-06 -1.0025932155033542e-06 -3.1839531380166065e-06 2.8980698912098952e-05 -1.6734100607317375e-05 -6.264804407621428e-06 5.0547905261681945e-06 1.8633696493452284e-05 2.5672737868950664e-06 1.7676204470130197e-05 -2.901919918528157e-06 9.529549542714008e-07 -1.8294513292785796e-05 -2.4431204940205003e-07 -3.5238063874480185e-05 3.1983657545732824e-05 8.358459031040421e-06 -4.859740653045372e-06 -6.11167141937483e-06 8.169728396608494e-06 -2.6573794842307255e-05 2.562575443712309e-05 -5.642418458849561e-06 7.880108813079499e-06 6.3999697529378816e-06 1.6943346119984965e-05 1.973925313854207e-05 -1.1201764036829968e-05 -1.3932905150636826e-05 -6.912230791591519e-06 0.0 4.756520354967257e-06 -4.180099196380927e-06 -5.764211585950748e-07 -1.0342439199945428e-05 1.5837381783239784e-06 1.89623363337739e-05 -2.390464995666886e-05 -4.448500075485917e-06 1.7850974944770586e-05 -4.149975902845204e-06 4.508178975896019e-06 4.150718031580151e-06 -1.8989889313840444e-05 2.4054681911021475e-05 1.2003927704206444e-05 1.2462182759451965e-05 1.3145439324567094e-05 -1.1539186838101513e-05 4.857403919448008e-06 4.6467248819394034e-06 1.1642882654494697e-06 -1.0668417066823336e-05 -2.3349603447870874e-06 2.842929231054785e-05 7.971030384990573e-06 -1.2275703589658977e-05 1.2604368304588242e-05 -3.486773504220533e-06 1.6555832822152838e-05 1.0398048154500985e-05 6.694796296169846e-06 -7.319522317229004e-06 -1.938850563431965e-05 9.615183500983892e-06 1.2970218676215644e-05 -8.198121058836783e-06 -5.874307138357456e-06 -6.909871514837108e-06 1.661672291647017e-05 -9.937951501572073e-07 -1.1141294975186603e-05 -2.1117504150668194e-05 2.7754572358644287e-05 1.5709449090793807e-05 -1.0211427173405006e-05 4.436633305285735e-06 1.0501800789838306e-05 -1.2652849298154025e-05 1.0536608173030063e-05 -2.4138550931758478e-06 -1.0408337876815045e-05 1.045923532771833e-05 -1.8903227311298363e-05 -1.6855344626284772e-05 3.169930636282116e-05 -7.276801915753096e-06 -3.016104825730192e-06 3.794667088701512e-06 -4.449514342669438e-06 -9.13808978744094e-06 1.1191933519500232e-05 -2.0538437320655823e-06 2.520362133274869e-05 3.885436351205862e-06 2.233282967616557e-06 5.2670459722849775e-06 -4.461277164626133e-07 -1.5638636134060922e-06 1.2387955491042688e-05 -2.882195513274913e-06 -2.5767297197937886e-05 2.8855254038479367e-05 4.027691265441139e-06 -6.498439923259404e-06 1.6008208323445693e-05 4.926593377363426e-06 -1.3223378704110533e-05 -9.703109310094098e-06 2.8584057424956412e-06 -9.762540039917445e-06 -1.4027070497394765e-05 -2.681965090045923e-06 1.1177840693990329e-05 1.6008118498855646e-05 -1.4093012561072229e-05 1.5557349191281803e-05 1.805013226615327e-05 5.128874373337422e-06 3.7519195840796566e-06 1.1624293385160839e-05 4.616971994659127e-06 -2.543911834460292e-05 1.8932136815796012e-05 6.194266255041434e-06 -1.5954305557788168e-05 1.2486755120091345e-06 2.4519145622012147e-05 -1.536267403592213e-05 5.549158459677354e-06 -1.365024807794684e-05 3.832918716201604e-06 -1.3454220530838107e-05 9.089151721672053e-06 1.4182398170935168e-05 2.3892885642502057e-06 -7.828024611135746e-06 -4.47798318235701e-05 1.8379562634225425e-05 -5.952737419820431e-06 1.251072894910051e-05 -2.2987382461051943e-05 4.1278433057944444e-06 2.2909126170498532e-05 2.4229199262223946e-07 -2.300723860233166e-05 -1.4417956079403084e-07 -4.523010142094032e-07 -1.1872197500679133e-05 -1.1973743144434278e-06 1.3040350922014675e-05 1.8178028855476254e-05 1.108407667706973e-05 -2.5557372014107693e-05 -2.0703201193762e-05 9.027131326404722e-07 -7.27110489833293e-07 4.82089554796446e-06 -1.0882337801728625e-05 2.0057347210320524e-05 -1.3268794466702798e-05 -1.952109428090834e-05 -9.233689423282787e-06 -2.966554870406994e-05 3.8158375238253294e-05 -5.815451398463376e-06 -2.9242125016237995e-05 8.191714415112804e-06 -2.5817480418645745e-06 -8.710765196843073e-06 2.8485087682643565e-05 8.67949240542468e-06 1.182314090625143e-05 1.4862446746670733e-06 2.4577015214770156e-06 -1.6912521178902275e-05 -1.779649178314306e-05 -8.4178323737795e-06 -1.3901543785882594e-05 -2.926689853369506e-09 -1.1487731065613925e-05 -1.7834123796856956e-07 -6.7749676266482915e-06 -1.9488378920315393e-05 1.4062169150448826e-06 1.249548850451103e-05 3.886980237015055e-06 -7.062424798019761e-06 -3.2046658133648996e-05 5.258426964402158e-06 -1.3833475322814706e-05 3.564201213526466e-06 1.0953422339558876e-05 -5.039168362616334e-06 3.2340859195630846e-06 9.447211628136515e-06 1.461950830730956e-05 -7.187006243604802e-06 -2.991808982476785e-06 -6.399249603557297e-06 9.187856813201628e-06 8.090608059165053e-06 2.0642870966833076e-05 -1.2130540650599894e-05 -1.6602938375390075e-05 1.9375798376039036e-05 1.7985090919717584e-05 -1.233876146848779e-05 -3.299152500264948e-06 -1.132492717238097e-05 2.314122050874704e-05 -8.484575023675133e-06 1.79572791748851e-05 2.191165390812152e-06 -7.207317891899857e-08 9.469208220847401e-06 6.230366637004661e-06 -2.4567392846305898e-05 1.0106095450632149e-05 -1.238277462141174e-06 9.140174900591128e-06 1.1959998071291534e-05 -2.0863532089073465e-05 1.8149528199519623e-05 -9.024177380298611e-07 6.064400232089309e-06 2.0461147566064917e-05 -2.1044577600164113e-05 6.510434471053889e-06 2.060774951325141e-05 -2.693713847315743e-05 2.059157962138652e-05 -1.0183325792196452e-05 -2.0710884781551894e-05 -1.745217736849211e-05 1.7048808084367135e-05 5.965431314482643e-06 -6.3865353553803544e-06 -2.985586842765071e-06 1.856224426980761e-05 -1.1399201358202822e-05 2.173555788423918e-05 7.3216257322460115e-06 -3.282408832821981e-06 9.655351840961984e-06 -2.585328878712378e-05 -1.1352119715822976e-05 -1.2476914221802903e-05 2.902770458967948e-05 -2.2349948782401937e-05 5.799158414567892e-06 3.520759817730698e-05 -6.964288723117562e-07 -3.4838189750024715e-05 -3.2630203955353594e-05 3.2957224400528076e-05 1.6643504948308822e-06 1.671810462697541e-05 1.0974796266031119e-06 -6.356154797176425e-07 -1.1643977954697624e-05 2.6995327316708315e-05 7.477194104860914e-06 -3.191358286592398e-05 -2.504190631728603e-07 -4.4823493023102976e-06 2.17382980982456e-06 2.049924726999025e-05 -4.017622812371388e-06 2.9199516667896668e-05 1.8378804092225463e-06 1.573245394557437e-06 4.0998607629130134e-07 1.5628307371633327e-05 1.572920181882792e-05 -8.264262496116717e-06 -8.95391448397226e-07 3.4946053381566148e-06 -1.7357011879921207e-05 5.765949743126726e-06 6.276140686141295e-06 -1.9640963429992287e-05 7.598873000786027e-06 1.1080683911551439e-05 -1.4231007159491173e-05 -2.9231825025004725e-06 -2.537123138064022e-05 1.6108179352777444e-05 6.004874822242984e-06 -1.4522028337741278e-06 -1.218060505186757e-05 6.3669258239395e-06 -5.599794498105164e-06 1.2929515298310677e-05 1.7382393760173168e-06 1.8426762897752308e-05 -1.927916708886896e-05 4.16974043669904e-06 -7.919736034562015e-06 6.100367307704791e-06 4.400686194594568e-06 1.8010262153698457e-05 -2.198042100656071e-06 1.2087358318918471e-05 5.3679303495076495e-06 1.4157275950100573e-05 -4.595995837062098e-06 6.426939613895704e-06 -2.477484082337674e-05 1.073589446998839e-05 9.446723353804315e-06 4.055854255708169e-06 5.910839848749618e-06 2.0356138179892322e-05 -9.276601454623541e-06 -8.09002038189578e-06 5.712121886411388e-06 6.3748159153307255e-06 -3.558817860570176e-05 4.1621003695490555e-06 1.6240299947920817e-05 -1.0379000432037698e-05 4.549308047447246e-07 -8.944747656639271e-06 -1.7127635886505205e-05 1.7289809746786574e-05 7.913153556430397e-06 7.401916452282682e-06 -1.2579542211500653e-05 1.3994525035168487e-05 1.4020763636952976e-05 -6.448195389465538e-06 -7.09841991660058e-06 4.537884684797139e-06 -7.370694873058223e-06 -2.9623682200010797e-06 -9.36450902215049e-06 3.7216866122508687e-06 -1.8728511851074145e-06 8.70782626397608e-06 1.4575278551493681e-05 -2.7257504136694663e-06 -1.6550242012882424e-05 1.0801081182751302e-05 2.1459097196619018e-05 -2.0954778050994193e-05 -2.620271530129259e-07 -6.8383747541024e-06 1.290628690707416e-05 -2.486348604083566e-06 -1.0340349211398232e-05 3.693198400064488e-06 2.1649714207274574e-06 2.5239739239562207e-05 -6.2089414766788e-06 8.244789315719423e-06 3.0301290458971914e-05 4.638116988998598e-06 1.4818159625222136e-05 -1.9456276614242848e-05 -5.917295730228608e-07 8.403843628352833e-06 -1.4783175058730352e-05 -1.7260501769860563e-05 -1.8947237466749571e-06 2.374420362998283e-05 -3.115028989018719e-05 -7.5866791462121725e-06 2.3613652334556933e-07 -5.486893770002032e-06 3.393894321599966e-06 9.714401737078622e-06 -1.4888997562226495e-05 -1.2650253334733114e-05 3.1898038206462915e-05 -1.2494935605082643e-05 3.275849332384046e-06 -8.992682200445289e-06 2.035282902727088e-06 6.5321623088303235e-06 -2.4794451045468983e-06 1.0802736004035233e-06 3.3409075275714414e-06 2.2510316816490868e-05 7.879853167792372e-06 -1.3190699832875664e-05 5.92540621970745e-06 -9.295759998223776e-06 2.467015078072504e-05 -1.2925789735552804e-05 -1.3932578931465336e-06 2.2285494169293504e-07 1.0984801389911093e-05 5.501514826996499e-06 -2.50673048898277e-05 6.142334926532224e-06 3.7231497783865277e-06 1.9802451637171588e-05 6.497305130767621e-06 -9.769065364199525e-07 -2.313516016117818e-05 -1.2643065740034641e-05 1.1312148277771466e-06 1.2888047016642166e-05 6.860571579711805e-06 -1.2107339258395005e-05 -2.2664454591489423e-05 5.752686978094213e-06 -1.3000182057386225e-05 1.3687550666750462e-05 2.9004367598307397e-05 4.603231170307557e-06 2.2371259614179123e-05 5.987435140881143e-06 1.1179285933514985e-05 -1.015987263838144e-05 -2.629093364492643e-05 -7.69040557560297e-06 1.6929305092234672e-05 -1.2337745382124843e-06 9.077243508243998e-06 1.0774064777180841e-05 1.2489830558735118e-05 -1.046289824453935e-05 4.468580081522391e-06 -3.334349823568686e-06 -4.2828627427773294e-05 2.133556922107685e-05 -2.1212193109048405e-05 7.724758487125854e-06 -1.668303128418974e-05 -3.2638742349257066e-05 1.4228164215827399e-05 1.889117735008717e-05 9.44619183640636e-07 -1.3288778740456283e-06 1.7129516737498095e-05 4.221924869368653e-06 -1.8456649701550186e-05 3.159943075853248e-05 1.3025732196835651e-05 -6.88000748579569e-06 -2.4121775399782095e-06 3.400076996897445e-05 -1.644654748887651e-05 5.500826026737138e-06 1.6418414848381546e-05 -8.188874392447196e-06 1.0777629609568747e-05 -1.4203845758808357e-07 -2.0775679185989697e-06 3.43171868740471e-06 4.10363644364969e-06 -7.285996486336844e-06 1.3357912800370059e-05 2.5656305823850334e-05 1.8611730143620405e-05 -6.377936725903211e-07 -4.933585549021987e-06 9.250407398111646e-06 -1.2824125188004814e-05 1.6577560762958702e-05 6.277914437632637e-06 -1.1440461277363986e-05 -3.0954177754750096e-05 7.71647234988728e-06 2.612483307612833e-05 1.1434436507555297e-05 5.657194353635154e-06 2.8825729289821722e-05 1.1599252941678082e-06 -7.798258497225694e-06 -4.375547291091521e-06 6.725063332554867e-06 -2.340947509120508e-05 1.567735457735223e-05 8.922706425992761e-07 1.5032291248425277e-05 -8.264139148176799e-06 -5.777145841329381e-06 2.3951660378993312e-05 -1.9488342971699862e-05 -1.306279859730565e-05 1.900263182931605e-05 -2.2892239332861797e-05 -1.6763343146989083e-05 5.68715649835436e-06 6.971862166326183e-07 -7.590314926079087e-06 3.919144361431625e-06 -8.083421298797e-06 2.065554687841692e-07 -1.2923775518785628e-05 2.648806902602107e-05 -2.808326573456564e-06 1.6756842502159797e-05 -1.1481456543010598e-05 -1.755305322757932e-05 -3.594028398155475e-06 1.153866489915821e-05 -2.9678752267113457e-09 2.967875226587769e-09 7.62504067447051e-06 -1.5209278017647101e-05 -2.152237959455053e-06 -1.0210377143690442e-05 1.3325162093232581e-05 -2.0824612974421722e-05 5.5530961099453315e-06 1.4281264050819095e-05 7.015642764702079e-06 -1.9629317071909237e-05 -1.7769343897485198e-06 3.028277555425198e-05 -2.4495844787194893e-06 -2.865759295046759e-05 5.2310204906390486e-05 -7.652051449652935e-07 2.424721945879786e-05 2.3585820513095143e-05 3.02759522015901e-05 -1.1990424503467743e-05 -4.05342881134021e-06 1.1138811106185665e-06 8.6643225686965e-06 1.2397334913814423e-05 9.51268235559605e-06 1.1602649548282047e-05 -3.389113172461739e-05 -1.4581539495570379e-05 -2.6647914231576995e-06 -8.561900272082805e-06 1.423237978739304e-05 9.816116594457236e-06 2.5027760619085527e-05 1.3004662769201987e-05 -2.7373239037119255e-05 -8.121603364521485e-06 7.043799371101341e-06 -5.689679010313358e-07 3.5375295010581693e-06 -1.0501219381374295e-05 -1.6512793016247877e-05 -8.280656674494731e-07 -1.357973769897106e-05 9.569232408129589e-06 -1.4842061883113074e-06 -1.6643421072542688e-05 -2.0131488834585594e-05 2.0103657409892702e-05 -2.499100837078652e-06 -6.575368548028524e-07 -2.7395815001311208e-05 3.2437068609071306e-06 -1.2589732073651087e-05 2.346994933909881e-06 8.931080102676595e-06 2.177999343851786e-05 -1.0952030438483954e-05 -1.3528676465640102e-05 1.4581932478200088e-05 -1.3858138299297946e-06 1.428891884287976e-05 2.1055459953757137e-05 -2.168036999049167e-05 2.986730815651875e-05 -2.2195363346554595e-06 -2.110827809678134e-06 -1.702523988822549e-05 -2.2589332887392212e-05 -1.7117268953780917e-05 -9.979012161477903e-09 1.8893869089919602e-05 -3.735667336009745e-06 1.9253034844940898e-05 1.112804171160633e-05 -4.920118674991092e-05 -4.496999317863138e-06 3.5119518963900405e-06 2.99582508482654e-05 -2.2458681660734194e-05 -1.0826367573455064e-05 6.671147319667132e-06 1.7416373684681983e-06 2.2071737216707605e-05 5.174673956270563e-07 2.3873476581307438e-05 4.482738660159086e-08 -1.3692357197691214e-05 -1.2580445563949771e-05 -1.1869054856243474e-05 -5.142025863843011e-06 -1.795101081578905e-05 -2.2560277545913028e-05 2.3302336422307758e-05 8.118894663374432e-06 1.0578724362821574e-05 -2.4000114359072448e-05 1.0731911846028174e-06 2.2004417828124247e-05 6.634627232765751e-06 4.7489939282355284e-07 2.7871321904812794e-05 1.140269943761074e-06 -3.365952222233459e-06 -2.8553429657426864e-05 1.4770711766323915e-05 2.027152035952691e-06 7.738518654897258e-06 -1.3988084112336175e-05 -1.4082895068616989e-05 4.7879748265765115e-06 -2.7346944478467425e-05 2.2846434691915246e-05 2.889403215894148e-06 -1.484834713470255e-05 1.6459453705309307e-05 -2.148508071930053e-05 -8.534295480814858e-06 2.241314515991206e-05 1.2437858064952863e-05 -2.0612292792104782e-05 5.920648061362585e-07 -2.151126191857043e-05 2.5018696888341464e-05 5.683756319235632e-06 1.0043397309871154e-06 -1.1781846252620082e-05 6.793876646739233e-06 2.219282974398666e-05 -8.63865542038793e-06 -7.067050272170322e-06 2.7125833683538757e-05 -4.279349809946873e-06 -1.3715349862097016e-05 -2.148316420841285e-05 9.420993700766e-06 3.927847075523483e-06 2.957225988451564e-05 -2.359207348962658e-06 -7.229155332672775e-06 4.432678828910085e-06 1.6393713300595876e-05 -1.507369836663068e-05 1.584349768079885e-06 -1.0722255187629225e-05 -2.4986762720563107e-05 2.9841192789866016e-05 3.019715215390498e-06 -2.378169786667312e-05 8.256466782830394e-06 -2.5131663330121897e-05 2.7994166621434318e-05 3.8142148702787837e-06 1.1142271013083746e-05 -1.9743956059960462e-05 7.701844561209204e-06 -9.85072706534915e-06 2.3843059516264955e-06 -5.9073345962728826e-06 -3.477142090413499e-05 1.629931292940488e-05 2.3584567910132912e-06 1.554111394355297e-05 -1.4823854650071356e-05 1.0573514614972643e-05 -7.881685245259332e-06 -2.444550446049747e-06 -1.581086633012415e-05 1.219896799753831e-05 -6.6713556600569925e-06 -4.4905990558283265e-06 2.4993487011891246e-06 -1.5951199404312937e-05 7.211810302224913e-06 4.397493306961846e-07 2.697888804273281e-05 -1.6831847645039027e-05 4.472585217441216e-06 -1.156215350051744e-06 8.36535953462255e-06 4.8008661992241604e-06 2.3128119050789862e-05 -1.718327046944265e-05 -3.3918730591074505e-05 4.636811123168467e-05 -4.753101940869086e-06 3.5514263048648455e-05 2.485716104077065e-06 1.1220892058972219e-05 -1.5732069396697173e-06 -2.863451962887841e-05 1.7113276206710434e-05 7.418329149185878e-06 -3.952943160222387e-06 -3.3247269342849567e-05 2.7680070503188576e-05 5.712525184739715e-06 5.2609599291277604e-06 -1.9719085083439547e-06 1.4714322344718585e-05 3.420360581904351e-05 -6.399730361751652e-06 9.393535975663708e-06 -8.902769680166465e-06 -2.850428872391295e-05 -6.748832165151283e-06 4.104754349264237e-06 1.2067983054218305e-05 -1.010162058789699e-05 3.91162083933914e-06 -4.002042327719981e-06 -1.1970386682837779e-05 7.267417589511795e-06 -6.239130240595897e-06 1.5127359672167832e-05 1.0570819084229765e-05 -1.0312411080234605e-05 -7.274862227189787e-06 1.221633222509958e-05 -1.6290066138783938e-05 -5.070564154616289e-06 -1.3105629302077776e-06 1.0321197423586966e-05 -1.0883777270577493e-05 -2.9373956169955328e-05 2.1758416408489915e-05 -3.787743826934911e-05 3.031918363778536e-05 2.565612705230589e-05 -7.586067657848636e-06 -1.915347041113196e-05 -2.1983791659614317e-05 -2.054208846128432e-05 3.07388799107942e-05 1.7013567992331023e-05 -4.578137662334083e-07 -1.3813106633483683e-05 2.474944171168653e-05 -1.888504154704017e-05 1.9589752411255294e-05 -2.3263167858780346e-05 -3.324158213586749e-05 -6.822781141786853e-06 -4.238952731695667e-06 -5.194442742128454e-06 -1.5949582209701032e-05 6.066983583690703e-06 -1.4469105442158936e-05 -5.198770700416881e-06 5.457026050696457e-06 -1.4400433750753245e-05 6.2082727669249685e-06 -9.859279400405588e-06 2.764280751601978e-05 1.0619968533088141e-05 -5.557061956760349e-06 2.1076911190990048e-05 3.328264373000103e-05 -1.7132885818092232e-05 -3.616577837036465e-05 4.6499687692112135e-05 -3.311721033868141e-05 2.2356181840669323e-05 -7.269541888469059e-06 -7.2592085444400094e-06 1.5623958890351317e-05 8.481982634849651e-06 -1.1334152174369707e-05 -1.3229180081263583e-05 4.895814119014249e-07 -1.8311100735095302e-05 1.414300681911501e-05 -6.947764005540651e-06 -3.481758292693527e-05 2.7927774529441992e-05 2.9783649476892903e-05 -4.3641387869691185e-06 -4.558758534289487e-06 1.4598624179100394e-05 8.77234243181219e-06 -1.08432279441587e-05 3.2449006159314385e-05 3.063700298607953e-06 8.245575242088987e-06 2.1207506058736263e-05 8.606182901208378e-06 -9.00206273497571e-06 -5.3946370211714964e-05 6.347980577087902e-07 3.946268173895429e-05 5.729948954134489e-06 -2.1303552988866082e-05 -2.0683912922014675e-05 -4.788700398142897e-05 1.0256176978865004e-05 2.5348769843099522e-06 2.3064452992191746e-05 -1.6291587375560727e-05 -2.1550472137111466e-06 -2.5867304101897423e-05 4.893259220142747e-06 5.732414899494726e-06 9.724060705191218e-06 -4.383999595442947e-05 -2.3450262815523187e-05 1.964740084888394e-05 3.427481629372961e-05 -2.153243152610997e-06 -1.5447130937433482e-05 -5.396868837065412e-06 4.1840880135245486e-05 1.0781240386064228e-05 -3.0002477767679723e-05 2.2927572682351874e-05 -6.975764706844538e-06 -1.0907371380696536e-05 2.6730571049219192e-05 -2.7074739484682326e-05 4.308034579706664e-05 1.8774644590482573e-06 -1.0661578998464533e-05 5.9259659130423025e-06 1.3405014679087645e-05 -2.2516145384772044e-05 1.371920011559242e-05 1.6180179417109691e-06 -7.510296530707868e-07 -2.185001301711299e-05 5.833399429935883e-06 -2.9844726307446522e-05 5.010720072512511e-06 5.634828515928642e-06 2.5829986796058865e-06 4.282714260516336e-07 -1.3608435574219795e-05 1.933181758488803e-06 -2.404971506788452e-06 -2.0251282405854073e-05 5.091506626448558e-06 -2.527724258146665e-06 2.1474764752029365e-06 -7.741355581547899e-06 -7.20250288908784e-07 -2.890604596083529e-06 2.1507383236631068e-05 7.788873030023444e-06 -7.206381407964483e-06 -3.5390156309671713e-05 3.51757685637063e-05 -1.6474825990532863e-05 -2.266114646596732e-05 3.8261665490250714e-05 5.539114407657734e-05 -2.1613393704983775e-06 -3.704578360156284e-05 1.4198167206191782e-05 -1.7861589097310647e-05 -2.1710782196382698e-05 -1.0058017765378242e-05 -1.0513023845427414e-05</DataArray>
</CellData><Points>
<DataArray type="Float64" Name="Points" format="ascii" NumberOfComponents="3">0.0151327 0.00115563 0.0017419 0.0141921 0.0016198 0.00281419 0.0151327 0.00115563 0.0017419 0.0144691 -8.823452048289894e-05 0.00250948 0.0151327 0.00115563 0.0017419 0.0168786145204829 0.00130126 0.00109445 0.0151327 0.00115563 0.0017419 0.0151889 0.00300748 0.00131104 0.0143213 0.013037 0.0102118 0.0148072 0.0143992 0.00983163 0.0143213 0.013037 0.0102118 0.0139239 0.0132632 0.0116239 0.0143213 0.013037 0.0102118 0.0143573 0.0127819 0.00851817 0.0143213 0.013037 0.0102118 0.0128927 0.0122358 0.00968693 0.0143213 0.013037 0.0102118 0.0147244 0.0118431 0.011367 0.00944696 0.00479737 0.00514464 0.00837038 0.00561283 0.0045936 0.00944696 0.00479737 0.00514464 0.00964616 0.00644989 0.00520181 0.00944696 0.00479737 0.00514464 0.0106344 0.00516889 0.00633136 0.00944696 0.00479737 0.00514464 0.00899819 0.00313438 0.00595921 0.0109111 0.00425955 0.000707616 0.0107403 0.0055451 0.0018055099999999998 0.00670849 0.000866951 0.0051779 0.00815764 0.00155739 0.00468163 0.00670849 0.000866951 0.0051779 0.00708603 0.00226918 0.00604545 0.00670849 0.000866951 0.0051779 0.00547061 0.00220868 0.00452783 0.00670849 0.000866951 0.0051779 0.00687735 -0.001029834520482898 0.00513623 0.0148072 0.0143992 0.00983163 0.0159154195204829 0.0137134 0.00885746 0.0148072 0.0143992 0.00983163 0.0162516845204829 0.0150072 0.0105034 0.0148072 0.0143992 0.00983163 0.0142658 0.0148428 0.0112978 0.0148072 0.0143992 0.00983163 0.014394 0.0147198 0.00818975 0.0010147 0.000831218 0.00941065 0.000890145 0.00223572 0.0102524 0.0010147 0.000831218 0.00941065 0.00088105 -0.000363434520482899 0.0105034 0.0010147 0.000831218 0.00941065 0.0007164 0.00029191699999999994 0.00791993 0.0010147 0.000831218 0.00941065 0.00240283 0.000843443 0.0102687 0.0010147 0.000831218 0.00941065 0.00139906 0.0022093 0.00850697 0.0010147 0.000831218 0.00941065 -0.0008545345204828989 0.00101532 0.00961945 0.00451682 0.000645025 0.0146578 0.00440958 -0.0010080345204829 0.0145282 0.00451682 0.000645025 0.0146578 0.00581911 0.00172426 0.0144566 0.00451682 0.000645025 0.0146578 0.00318155 0.0014035 0.0139873 0.0147206 0.0139046 0.0127193 0.0139239 0.0132632 0.0116239 0.0147206 0.0139046 0.0127193 0.0145371 0.0134171 0.0143886 0.0147206 0.0139046 0.0127193 0.0163477555204829 0.0145399 0.0126192 0.00355315 0.0144407 0.00649175 0.00344209 0.0149641 0.00780268 0.00355315 0.0144407 0.00649175 0.00508388 0.0139401 0.00632774 0.00355315 0.0144407 0.00649175 0.00248374 0.0151863 0.00540234 0.00355315 0.0144407 0.00649175 0.00185793 0.0139856 0.00720806 0.00900278 0.0131608 0.00991587 0.00988317 0.0135683 0.0110293 0.00900278 0.0131608 0.00991587 0.00757315 0.0141395 0.00982918 0.00900278 0.0131608 0.00991587 0.00760919 0.0117553 0.00983223 0.00433361 0.00239023 0.0146814 0.00581911 0.00172426 0.0144566 0.00433361 0.00239023 0.0146814 0.00291999 0.00322739 0.0144818 0.00433361 0.00239023 0.0146814 0.00318155 0.0014035 0.0139873 0.0106765 0.0141214 0.00590043 0.0105733 0.0125735 0.00526755 0.0106765 0.0141214 0.00590043 0.0121634 0.0143626 0.00679055 0.0106765 0.0141214 0.00590043 0.0108315 0.016007704520482897 0.00626549 0.00881584 0.0110499 0.00511223 0.00841092 0.00959626 0.0058444 0.00881584 0.0110499 0.00511223 0.00892562 0.0125508 0.00432971 0.00881584 0.0110499 0.00511223 0.00873277 0.00988291 0.00393572 0.00881584 0.0110499 0.00511223 0.00921945 0.0119421 0.00641884 0.00440735 0.00171469 0.00676586 0.00446207 0.000609924 0.00765116 0.00440735 0.00171469 0.00676586 0.00356341 0.00181973 0.00533926 0.00440735 0.00171469 0.00676586 0.00492007 0.0004418009999999999 0.00580023 0.00440735 0.00171469 0.00676586 0.00386171 0.00270794 0.00802837 0.00440735 0.00171469 0.00676586 0.00255816 0.00114621 0.00710047 0.00440735 0.00171469 0.00676586 0.00541196 0.00333014 0.00665278 0.00732712 0.00481976 0.00574086 0.00855338 0.00550281 0.00613339 0.00732712 0.00481976 0.00574086 0.00717064 0.00382324 0.00437199 0.00732712 0.00481976 0.00574086 0.00760515 0.0042274 0.00728987 0.00732712 0.00481976 0.00574086 0.00576113 0.00496984 0.00514114 0.0129534 0.00863682 0.0112829 0.0143449 0.00874883 0.0113934 0.0129534 0.00863682 0.0112829 0.0134074 0.0094787 0.0127003 0.0129534 0.00863682 0.0112829 0.0120181 0.00811492 0.0125764 0.0129534 0.00863682 0.0112829 0.0137165 0.00929045 0.00956968 0.0129534 0.00863682 0.0112829 0.0137968 0.00708503 0.0105313 0.0129534 0.00863682 0.0112829 0.0113986 0.00787863 0.0104791 0.014561 0.00517853 0.00553652 0.0141194 0.00470703 0.00433182 0.014561 0.00517853 0.00553652 0.0159658665204829 0.00442376 0.00558026 0.014561 0.00517853 0.00553652 0.015520910520482899 0.00624099 0.00629367 0.014561 0.00517853 0.00553652 0.012717 0.00497249 0.00564253 0.00489308 0.00282388 0.00927113 0.00379715 0.00221146 0.0103515 0.00489308 0.00282388 0.00927113 0.00386171 0.00270794 0.00802837 0.00489308 0.00282388 0.00927113 0.00625872 0.00230596 0.00867378 0.00489308 0.00282388 0.00927113 0.00429788 0.00460278 0.00953474 0.00520413 0.0128654 0.00795112 0.0065052 0.0126342 0.00859981 0.00520413 0.0128654 0.00795112 0.00524774 0.0125483 0.00962598 0.00520413 0.0128654 0.00795112 0.00462761 0.014216 0.00872348 0.00520413 0.0128654 0.00795112 0.00641682 0.0122244 0.00702925 0.00520413 0.0128654 0.00795112 0.00358932 0.0124559 0.00693932 0.0131483 0.0128473 0.00355844 0.0117349 0.0129254 0.00322802 0.0131483 0.0128473 0.00355844 0.0137511 0.0112117 0.00349255 0.0131483 0.0128473 0.00355844 0.0120602 0.0118554 0.00443186 0.0131483 0.0128473 0.00355844 0.0127752 0.0139847 0.00230137 0.0131483 0.0128473 0.00355844 0.0141476 0.0130014 0.00491582 0.0131483 0.0128473 0.00355844 0.0149669 0.0129066 0.00285924 0.0101335 0.00352324 0.00755119 0.00906508 0.00223346 0.00795407 0.0101335 0.00352324 0.00755119 0.0119203 0.00429212 0.00786969 0.0101335 0.00352324 0.00755119 0.00899819 0.00313438 0.00595921 0.00344209 0.0149641 0.00780268 0.00446207 0.0159805585204829 0.00765116 0.00344209 0.0149641 0.00780268 0.00327322 0.0157630105204829 0.00893675 0.00344209 0.0149641 0.00780268 0.00462761 0.014216 0.00872348 0.00344209 0.0149641 0.00780268 0.00255816 0.0165168445204829 0.00710047 0.00344209 0.0149641 0.00780268 0.00185793 0.0139856 0.00720806 0.0065052 0.0126342 0.00859981 0.00751657 0.0133117 0.00783416 0.0065052 0.0126342 0.00859981 0.00524774 0.0125483 0.00962598 0.0065052 0.0126342 0.00859981 0.00641682 0.0122244 0.00702925 0.0065052 0.0126342 0.00859981 0.00760919 0.0117553 0.00983223 0.0151499 0.0117645 0.0146206 0.0158097805204829 0.0110944 0.0134521 0.00331565 0.0101723 0.00853776 0.00470948 0.0111967 0.008307 0.00331565 0.0101723 0.00853776 0.00177003 0.0106641 0.00911158 0.00331565 0.0101723 0.00853776 0.00453691 0.00942341 0.00954167 0.00331565 0.0101723 0.00853776 0.00404456 0.00864856 0.00752236 0.00331565 0.0101723 0.00853776 0.00358582 0.0112819 0.0101736 0.00614201 0.00943366 0.0120799 0.00623783 0.0100748 0.0135859 0.00614201 0.00943366 0.0120799 0.00509977 0.0104938 0.0114683 0.00614201 0.00943366 0.0120799 0.00534896 0.0085551 0.0110848 0.00614201 0.00943366 0.0120799 0.00787271 0.0090787 0.0125727 0.00809682 0.0118118 0.00060256 0.00650561 0.0124136 0.000884147 0.00809682 0.0118118 0.00060256 0.00785746 0.0103366 0.00103145 0.00809682 0.0118118 0.00060256 0.00893611 0.0127031 0.00164658 0.00901365 0.00584643 0.0138838 0.00946706 0.00689528 0.0146936 0.00901365 0.00584643 0.0138838 0.00846184 0.00490389 0.0126128 0.00901365 0.00584643 0.0138838 0.00863629 0.00430558 0.0144603 0.00360533 0.00803064 0.00957249 0.00365903 0.00848651 0.0109622 0.00360533 0.00803064 0.00957249 0.00210729 0.00779943 0.00900949 0.00360533 0.00803064 0.00957249 0.00453691 0.00942341 0.00954167 0.00360533 0.00803064 0.00957249 0.00527292 0.00713916 0.00961492 0.00360533 0.00803064 0.00957249 0.00300831 0.00642562 0.010603 0.00154186 0.012482 0.00257877 0.0018216 0.0105733 0.00310661 0.00803572 0.00260863 0.00192811 0.00737449 0.00408512 0.00181528 0.00803572 0.00260863 0.00192811 0.00714818 0.00220529 0.00322679 0.00803572 0.00260863 0.00192811 0.00915807 0.00328766 0.000934924 0.00803572 0.00260863 0.00192811 0.00776734 0.000944439 0.00111534 0.0117285 0.0120384 0.00640567 0.0105733 0.0125735 0.00526755 0.0117285 0.0120384 0.00640567 0.0127241 0.0126985 0.00758516 0.0117285 0.0120384 0.00640567 0.0106884 0.0107356 0.00604621 0.0117285 0.0120384 0.00640567 0.0106021 0.0130877 0.00764289 0.00589282 0.0104346 0.00926257 0.00470948 0.0111967 0.008307 0.00589282 0.0104346 0.00926257 0.00453691 0.00942341 0.00954167 0.00589282 0.0104346 0.00926257 0.00730094 0.00931706 0.010022 0.0014993 0.0125015 0.0126506 2.1095700000000077e-05 0.0124219 0.0128926 0.0014993 0.0125015 0.0126506 0.00211998 0.0109038 0.0130038 0.00455226 0.00648969 0.0147271 0.00501008 0.00690803 0.0134989 0.00455226 0.00648969 0.0147271 0.00521796 0.00515041 0.0138533 0.00455226 0.00648969 0.0147271 0.00308504 0.00529079 0.0142464 0.00519157 0.00363314 0.0146867 0.00688329 0.00340692 0.0143901 0.00519157 0.00363314 0.0146867 0.00538342 0.0034238 0.0130372 0.00519157 0.00363314 0.0146867 0.00521796 0.00515041 0.0138533 0.00935738 0.00719085 0.0025238 0.00812884 0.00672759 0.00191333 0.00935738 0.00719085 0.0025238 0.00985779 0.00815529 0.00388315 0.00935738 0.00719085 0.0025238 0.00952206 0.00691311 0.0008986269999999999 0.00935738 0.00719085 0.0025238 0.00801103 0.00791742 0.00315793 0.00935738 0.00719085 0.0025238 0.0103754 0.006324 0.00347663 0.00904302 0.0137127 0.00310217 0.0102279 0.0128672 0.00336011 0.00904302 0.0137127 0.00310217 0.00763007 0.0127637 0.00294432 0.00904302 0.0137127 0.00310217 0.00892562 0.0125508 0.00432971 0.00904302 0.0137127 0.00310217 0.00959524 0.0147618 0.00155384 0.00904302 0.0137127 0.00310217 0.00794846 0.0153104 0.00326511 0.0135203 0.00288739 0.00207765 0.014513 0.00303612 0.00319182 0.0135203 0.00288739 0.00207765 0.012526 0.00349482 0.000923494 0.0135203 0.00288739 0.00207765 0.0131778 0.00166347 0.000956286 0.0135203 0.00288739 0.00207765 0.0118559 0.00265954 0.0028569 0.0135203 0.00288739 0.00207765 0.0151889 0.00300748 0.00131104 0.0135203 0.00288739 0.00207765 0.0132851 0.00466757 0.0026714 0.000439146 0.0110944 0.0134521 2.1095700000000022e-05 0.0124219 0.0128926 0.000439146 0.0110944 0.0134521 0.00211998 0.0109038 0.0130038 0.00988317 0.0135683 0.0110293 0.00878013 0.0126694 0.0120224 0.00988317 0.0135683 0.0110293 0.00872676 0.0148175 0.0113207 0.00988317 0.0135683 0.0110293 0.0114087 0.0138141 0.00980987 0.0141238 0.00807977 0.00377993 0.0140915 0.00668328 0.00283329 0.0141238 0.00807977 0.00377993 0.0132691 0.0093747 0.00311564 0.0141238 0.00807977 0.00377993 0.015627391520482897 0.00786836 0.00497188 0.0102279 0.0128672 0.00336011 0.00892562 0.0125508 0.00432971 0.0102279 0.0128672 0.00336011 0.010898 0.0143746 0.00316433 0.0102279 0.0128672 0.00336011 0.0108772 0.0129161 0.00181871 0.0102279 0.0128672 0.00336011 0.00962222 0.0113023 0.00289497 0.00295233 0.0096089 0.0147241 0.0013163 0.00973301 0.0144238 0.00295233 0.0096089 0.0147241 0.00258171 0.00802324 0.0144181 0.00295233 0.0096089 0.0147241 0.00423907 0.0107346 0.0139761 0.00133145 0.00697416 0.0113659 0.000519877 0.00761316 0.010058 0.00133145 0.00697416 0.0113659 -0.00020713452048289884 0.00648948 0.0120217 0.00133145 0.00697416 0.0113659 0.000803853 0.00855083 0.0115832 0.00133145 0.00697416 0.0113659 0.00098502 0.0053282 0.0111163 0.00133145 0.00697416 0.0113659 0.00300831 0.00642562 0.010603 0.00133145 0.00697416 0.0113659 0.00151112 0.00661975 0.013202 0.00446207 0.000609924 0.00765116 0.00490533 0.00069221 0.00926079 0.00446207 0.000609924 0.00765116 0.00603778 0.00111112 0.00717034 0.00831433 0.000220829 0.0128202 0.00982367 -0.00035793452048289937 0.0133574 0.00831433 0.000220829 0.0128202 0.0082099 0.000870013 0.0144201 0.00831433 0.000220829 0.0128202 0.00695371 -0.0005920345204829003 0.0122093 0.00831433 0.000220829 0.0128202 0.00872676 -0.0005531345204828989 0.0113207 0.00831433 0.000220829 0.0128202 0.00864119 0.00172406 0.011622 0.00831433 0.000220829 0.0128202 0.0078991 -0.0012013345204829004 0.0141394 0.00464623 0.00358161 0.000637897 0.00562226 0.00477273 0.00132247 0.00464623 0.00358161 0.000637897 0.00358764 0.0043882 0.00196482 0.00751657 0.0133117 0.00783416 0.00827685 0.0147628 0.00814513 0.00751657 0.0133117 0.00783416 0.0066188 0.0145815 0.00723761 0.00751657 0.0133117 0.00783416 0.00874637 0.0122671 0.00818002 0.00751657 0.0133117 0.00783416 0.00641682 0.0122244 0.00702925 0.00837038 0.00561283 0.0045936 0.00964616 0.00644989 0.00520181 0.00837038 0.00561283 0.0045936 0.00700269 0.00639403 0.00492724 0.00837038 0.00561283 0.0045936 0.00859229 0.00485768 0.00319335 0.0131996 0.00924544 0.000649426 0.0124835 0.0087772 0.00175103 0.0131996 0.00924544 0.000649426 0.0144644 0.0100909 0.00140118 0.000778654 0.00867041 0.00876685 0.0019423500000000002 0.00933517 0.00774063 0.000778654 0.00867041 0.00876685 0.000394765 0.00965594 0.0100309 0.000778654 0.00867041 0.00876685 0.00210729 0.00779943 0.00900949 0.000778654 0.00867041 0.00876685 0.000519877 0.00761316 0.010058 0.000778654 0.00867041 0.00876685 8.435479999999997e-05 0.00995715 0.00799865 0.000778654 0.00867041 0.00876685 -0.0006241345204829001 0.00741987 0.00833856 0.0111335 0.00654266 0.000629808 0.0109869 0.0080267 0.00127195 0.0111335 0.00654266 0.000629808 0.00952206 0.00691311 0.000898627 0.0111335 0.00654266 0.000629808 0.0126739 0.00729969 0.000948025 0.0111335 0.00654266 0.000629808 0.0123629 0.00535672 0.000884611 0.0111335 0.00654266 0.000629808 0.0107403 0.0055451 0.0018055099999999998 0.0117349 0.0129254 0.00322802 0.0120602 0.0118554 0.00443186 0.0117349 0.0129254 0.00322802 0.010898 0.0143746 0.00316433 0.0117349 0.0129254 0.00322802 0.0108772 0.0129161 0.00181871 0.00100069 0.00971544 0.0128179 0.0013163 0.00973301 0.0144238 0.00100069 0.00971544 0.0128179 0.00211998 0.0109038 0.0130038 0.00100069 0.00971544 0.0128179 -0.0002016345204828992 0.0101144 0.011814 0.00100069 0.00971544 0.0128179 0.000803853 0.00855083 0.0115832 0.00100069 0.00971544 0.0128179 -0.0002872345204828991 0.00832007 0.0133538 0.00213613 0.00532787 0.00279534 0.00240649 0.00685607 0.00344709 0.00213613 0.00532787 0.00279534 0.0002658370000000001 0.00514675 0.0032108 0.00213613 0.00532787 0.00279534 0.00204686 0.00637336 0.00117652 0.00213613 0.00532787 0.00279534 0.00358764 0.0043882 0.00196482 0.0120355 0.013347 0.00068661 0.0108772 0.0129161 0.00181871 0.0120355 0.013347 0.00068661 0.0116912 0.0149773 0.00096492 0.0110029 0.00961298 0.00729321 0.012581 0.00928693 0.00778731 0.0110029 0.00961298 0.00729321 0.00999947 0.0108406 0.00787277 0.0110029 0.00961298 0.00729321 0.0112303 0.00798569 0.00783697 0.0110029 0.00961298 0.00729321 0.0106884 0.0107356 0.00604621 0.0110029 0.00961298 0.00729321 0.010236 0.00840283 0.00599713 0.0060172 0.0129855 0.0130881 0.00441845 0.0127797 0.0136226 0.0060172 0.0129855 0.0130881 0.00512241 0.0142025 0.0125249 0.0060172 0.0129855 0.0130881 0.00709482 0.0119501 0.0142682 0.0060172 0.0129855 0.0130881 0.0068171 0.0116391 0.0119993 0.00992413 0.0133021 0.00053523 0.00893611 0.0127031 0.00164658 0.00992413 0.0133021 0.00053523 0.0108772 0.0129161 0.00181871 0.00992413 0.0133021 0.00053523 0.00959524 0.0147618 0.00155384 0.00293915 0.00172612 0.00892091 0.00327322 0.00039237600000000005 0.00893675 0.00293915 0.00172612 0.00892091 0.00379715 0.00221146 0.0103515 0.00293915 0.00172612 0.00892091 0.00240283 0.000843443 0.0102687 0.00293915 0.00172612 0.00892091 0.00386171 0.00270794 0.00802837 0.00293915 0.00172612 0.00892091 0.00139906 0.0022093 0.00850697 0.00293915 0.00172612 0.00892091 0.00255816 0.00114621 0.00710047 0.0141194 0.00470703 0.00433182 0.0132691 0.00322139 0.00440678 0.0141194 0.00470703 0.00433182 0.0156364715204829 0.00514675 0.0032108 0.0141194 0.00470703 0.00433182 0.012717 0.00497249 0.00564253 0.0141194 0.00470703 0.00433182 0.0132851 0.00466757 0.0026714 0.00121268 0.0113235 0.00138436 -0.00010123452048289914 0.0114629 0.000730223 0.00121268 0.0113235 0.00138436 0.00271385 0.0120951 0.000983228 0.00121268 0.0113235 0.00138436 0.000941687 0.0129901 0.00100755 0.00121268 0.0113235 0.00138436 0.0018216 0.0105733 0.00310661 0.00688462 0.00627852 0.00651933 0.00700269 0.00639403 0.00492724 0.00688462 0.00627852 0.00651933 0.00651834 0.00687967 0.00795518 0.00688462 0.00627852 0.00651933 0.0066216 0.0078737 0.00612172 0.014513 0.00303612 0.00319182 0.0132691 0.00322139 0.00440678 0.014513 0.00303612 0.00319182 0.0151889 0.00300748 0.00131104 0.00707004 0.0133918 0.0112428 0.00562145 0.0141155 0.0106443 0.00707004 0.0133918 0.0112428 0.00757315 0.0141395 0.00982918 0.00707004 0.0133918 0.0112428 0.00695371 0.0147786 0.0122093 0.00707004 0.0133918 0.0112428 0.0068171 0.0116391 0.0119993 0.0100237 0.00090997 0.00807165 0.00888094 0.000740739 0.0093095 0.0100237 0.00090997 0.00807165 0.0111058 -0.00027263452048289843 0.00812776 0.0100237 0.00090997 0.00807165 0.00906508 0.00223346 0.00795407 0.0100237 0.00090997 0.00807165 0.0114463 0.00207711 0.00861686 0.0100237 0.00090997 0.00807165 0.0108315 0.00063707 0.00626549 0.00294313 0.00540802 0.00424802 0.00456288 0.00532131 0.0036275 0.00294313 0.00540802 0.00424802 0.00143209 0.00602887 0.00484575 0.00294313 0.00540802 0.00424802 0.00269748 0.00373721 0.00383797 0.00294313 0.00540802 0.00424802 0.00240649 0.00685607 0.00344709 0.00202257 0.0139033 0.0111178 0.00088105 0.0150072 0.0105034 0.00202257 0.0139033 0.0111178 0.0004492210000000001 0.0133317 0.0111781 0.00202257 0.0139033 0.0111178 0.00337851 0.0136074 0.012037 0.00319117 0.000773919 0.00404224 0.00356341 0.0018197300000000003 0.00533926 0.00319117 0.000773919 0.00404224 0.00413295 -0.0005895345204828987 0.00445143 0.00319117 0.000773919 0.00404224 0.00390924 0.00208158 0.00278571 0.00319117 0.000773919 0.00404224 0.00132069 0.000897655 0.00340791 0.00411156 0.0111401 0.00131896 0.00271385 0.0120951 0.000983228 0.00411156 0.0111401 0.00131896 0.00458878 0.0127323 0.000889927 0.00411156 0.0111401 0.00131896 0.00286447 0.009734 0.0011025 0.00411156 0.0111401 0.00131896 0.00542242 0.0116958 0.00257056 0.00365903 0.00848651 0.0109622 0.00251217 0.00823778 0.0121972 0.00365903 0.00848651 0.0109622 0.00534896 0.0085551 0.0110848 0.0139297 0.00441449 0.000810209 0.012526 0.00349482 0.000923494 0.0139297 0.00441449 0.000810209 0.0141259 0.00608338 0.000968971 0.0139297 0.00441449 0.000810209 0.0151889 0.00300748 0.00131104 0.0139297 0.00441449 0.000810209 0.0132851 0.00466757 0.0026714 0.0132174 0.0116445 0.00633496 0.0146976 0.0107951 0.00618344 0.0132174 0.0116445 0.00633496 0.0127241 0.0126985 0.00758516 0.0132174 0.0116445 0.00633496 0.0128722 0.0100815 0.00515816 0.0152694 0.0114629 0.000730223 0.0144644 0.0100909 0.00140118 0.00812884 0.00672759 0.00191333 0.00772678 0.00808528 0.000953171 0.00812884 0.00672759 0.00191333 0.00952206 0.00691311 0.0008986269999999999 0.00812884 0.00672759 0.00191333 0.00801103 0.00791742 0.00315793 0.00812884 0.00672759 0.00191333 0.00719036 0.00578893 0.0008511600000000001 0.00812884 0.00672759 0.00191333 0.00670747 0.00583542 0.00290594 0.0139239 0.0132632 0.0116239 0.0142658 0.0148428 0.0112978 0.0139239 0.0132632 0.0116239 0.0147244 0.0118431 0.011367 0.0143449 0.00874883 0.0113934 0.015169 0.0101144 0.011814 0.0143449 0.00874883 0.0113934 0.0137968 0.00708503 0.0105313 0.00970284 0.0148041 0.0072549 0.00827685 0.0147628 0.00814513 0.00970284 0.0148041 0.0072549 0.0111058 0.015098 0.00812776 0.00970284 0.0148041 0.0072549 0.00857401 0.0138082 0.00644255 0.00970284 0.0148041 0.0072549 0.0106021 0.0130877 0.00764289 0.00970284 0.0148041 0.0072549 0.0108315 0.016007704520482897 0.00626549 0.0124835 0.0087772 0.00175103 0.0109869 0.0080267 0.00127195 0.0124835 0.0087772 0.00175103 0.0113626 0.00895506 0.00296166 0.0124835 0.0087772 0.00175103 0.0126739 0.00729969 0.000948025 0.0124835 0.0087772 0.00175103 0.0132691 0.0093747 0.00311564 0.0124835 0.0087772 0.00175103 0.0141363 0.00826352 0.00175616 0.00855338 0.00550281 0.00613339 0.00964616 0.00644989 0.00520181 0.00855338 0.00550281 0.00613339 0.00953084 0.00657841 0.0070626 0.00574114 0.00670103 0.000719644 0.00719036 0.00578893 0.00085116 0.00574114 0.00670103 0.000719644 0.00417548 0.00707696 0.00185079 0.00946706 0.00689528 0.0146936 0.0106435 0.00802451 0.0145352 0.00946706 0.00689528 0.0146936 0.0079913 0.00761103 0.0143987 0.0108709 0.0145836 0.0146587 0.00982367 0.0150127 0.0133574 0.0108709 0.0145836 0.0146587 0.0125126 0.0140022 0.0137814 0.0119734 0.000960034 0.00193928 0.0131778 0.00166347 0.000956286 0.0119734 0.000960034 0.00193928 0.0116912 -0.0003933345204828987 0.00096492 0.0119734 0.000960034 0.00193928 0.0118559 0.00265954 0.0028569 0.000840014 0.000597723 0.00628912 0.0007164 0.000291917 0.00791993 0.000840014 0.000597723 0.00628912 -0.0008062345204828993 0.000729407 0.00675731 0.000840014 0.000597723 0.00628912 0.000518752 0.00218991 0.00672875 0.000840014 0.000597723 0.00628912 0.00161236 0.00169672 0.00526334 0.000840014 0.000597723 0.00628912 0.00255816 0.00114621 0.00710047 0.000840014 0.000597723 0.00628912 0.000478223 -0.0010622345204828981 0.00535659 0.0127506 0.0149793 0.00864884 0.0127233 0.016167864520482897 0.00738357 0.0127506 0.0149793 0.00864884 0.0111058 0.015098 0.00812776 0.0127506 0.0149793 0.00864884 0.014394 0.0147198 0.00818975 0.00327322 0.000392376 0.00893675 0.0022856 -0.0008624345204828983 0.00925216 0.00327322 0.000392376 0.00893675 0.00490533 0.00069221 0.00926079 0.00327322 0.000392376 0.00893675 0.00240283 0.000843443 0.0102687 0.01105 0.00419438 0.0114617 0.0120908 0.00355286 0.0127108 0.01105 0.00419438 0.0114617 0.0100439 0.00330211 0.0124968 0.01105 0.00419438 0.0114617 0.012392 0.0035215 0.0102817 0.01105 0.00419438 0.0114617 0.00988032 0.00569896 0.0111818 0.000918659 0.00812926 0.0147495 0.0013163 0.00973301 0.0144238 0.000918659 0.00812926 0.0147495 0.00258171 0.00802324 0.0144181 0.000918659 0.00812926 0.0147495 -0.00028723452048289944 0.00832007 0.0133538 0.000769681 0.0133036 0.0139116 -0.0008335345204828979 0.0134171 0.0143886 0.000769681 0.0133036 0.0139116 0.00239349 0.0136902 0.0136603 0.000769681 0.0133036 0.0139116 0.0018403199999999999 0.0120793 0.0144747 0.00339048 0.0115744 0.0120943 0.00211998 0.0109038 0.0130038 0.00339048 0.0115744 0.0120943 0.0048199 0.0124239 0.0116554 0.00339048 0.0115744 0.0120943 0.00349408 0.00984074 0.0121777 0.00339048 0.0115744 0.0120943 0.00358582 0.0112819 0.0101736 0.00954842 0.00167467 0.000636293 0.0109118 0.00251323 0.000948249 0.00954842 0.00167467 0.000636293 0.00915807 0.00328766 0.000934924 0.00954842 0.00167467 0.000636293 0.00966264 0.00154015 0.00253213 0.00954842 0.00167467 0.000636293 0.00776734 0.000944439 0.00111534 0.00747248 0.00193563 0.00762142 0.00625872 0.00230596 0.00867378 0.00747248 0.00193563 0.00762142 0.00603778 0.00111112 0.00717034 0.00747248 0.00193563 0.00762142 0.00708603 0.00226918 0.00604545 0.00747248 0.00193563 0.00762142 0.00906508 0.00223346 0.00795407 0.00501008 0.00690803 0.0134989 0.00638442 0.00655959 0.014431 0.00501008 0.00690803 0.0134989 0.00435341 0.00823317 0.0126542 0.00501008 0.00690803 0.0134989 0.00608817 0.00820031 0.0133661 0.00501008 0.00690803 0.0134989 0.00547909 0.00680481 0.011901 0.00501008 0.00690803 0.0134989 0.00368541 0.00648051 0.0125803 0.00968778 0.0110666 0.000939472 0.00785746 0.0103366 0.00103145 0.00968778 0.0110666 0.000939472 0.00893611 0.0127031 0.00164658 0.00968778 0.0110666 0.000939472 0.0111815 0.00982975 0.000890611 0.00968778 0.0110666 0.000939472 0.00962222 0.0113023 0.00289497 0.00968778 0.0110666 0.000939472 0.00940419 0.00919532 0.00201588 0.012526 0.00349482 0.000923494 0.0109118 0.00251323 0.000948249 0.012526 0.00349482 0.000923494 0.0123629 0.00535672 0.000884611 0.012526 0.00349482 0.000923494 0.0131778 0.00166347 0.000956286 0.012526 0.00349482 0.000923494 0.0118559 0.00265954 0.0028569 0.012526 0.00349482 0.000923494 0.0132851 0.00466757 0.0026714 0.0110664 0.00219539 0.0112643 0.0100439 0.00330211 0.0124968 0.0110664 0.00219539 0.0112643 0.0097276 0.00238535 0.00987972 0.0110664 0.00219539 0.0112643 0.0103426 0.00140231 0.0128859 0.0110664 0.00219539 0.0112643 0.012392 0.0035215 0.0102817 0.0110664 0.00219539 0.0112643 0.0124797 0.00120012 0.0124975 0.000355866 0.00506505 0.00096501 0.00179259 0.00373121 0.000942048 0.000355866 0.00506505 0.00096501 -0.0012447345204828987 0.00608338 0.000968971 0.000355866 0.00506505 0.00096501 0.000265837 0.00514675 0.0032108 0.000355866 0.00506505 0.00096501 0.00204686 0.00637336 0.00117652 0.000355866 0.00506505 0.00096501 -0.00018173452048289904 0.00300748 0.00131104 0.00815764 0.00155739 0.00468163 0.00886412 0.00308307 0.00375224 0.00815764 0.00155739 0.00468163 0.00714818 0.00220529 0.00322679 0.00815764 0.00155739 0.00468163 0.00996983 0.00162457 0.00463433 0.00815764 0.00155739 0.00468163 0.00708603 0.00226918 0.00604545 0.00815764 0.00155739 0.00468163 0.00794846 -6.023452048289956e-05 0.00326511 0.00815764 0.00155739 0.00468163 0.00899819 0.00313438 0.00595921 0.00379715 0.00221146 0.0103515 0.00537116 0.00290926 0.0111914 0.00379715 0.00221146 0.0103515 0.00240283 0.0008434430000000001 0.0102687 0.00379715 0.00221146 0.0103515 0.0026326 0.00369939 0.0105278 0.00379715 0.00221146 0.0103515 0.00332749 0.00282902 0.0123916 0.00379715 0.00221146 0.0103515 0.0041845 0.0002707880000000001 0.0112352 0.00562145 0.0141155 0.0106443 0.00512241 0.0142025 0.0125249 0.00562145 0.0141155 0.0106443 0.00524774 0.0125483 0.00962598 0.00562145 0.0141155 0.0106443 0.0041845 0.0156414225204829 0.0112352 0.0047149 0.001044 0.000983718 0.00538559 -0.0008144345204828989 0.00093035 0.0047149 0.001044 0.000983718 0.00390924 0.00208158 0.00278571 0.0144644 0.0100909 0.00140118 0.0136468 0.0117768 0.00161815 0.0144644 0.0100909 0.00140118 0.0161427405204829 0.00917672 0.000891831 0.0144644 0.0100909 0.00140118 0.0141363 0.00826352 0.00175616 0.00650561 0.0124136 0.000884147 0.00707059 0.0141062 0.00170009 0.00650561 0.0124136 0.000884147 0.00458878 0.0127323 0.000889927 0.00650561 0.0124136 0.000884147 0.00542242 0.0116958 0.00257056 0.00785746 0.0103366 0.00103145 0.00591345 0.0104097 0.000918365 0.00785746 0.0103366 0.00103145 0.00702218 0.00933933 0.00230049 0.00785746 0.0103366 0.00103145 0.00940419 0.00919532 0.00201588 0.0120908 0.00355286 0.0127108 0.0112451 0.00258122 0.0141094 0.0120908 0.00355286 0.0127108 0.0107363 0.00464063 0.0140857 0.0120908 0.00355286 0.0127108 0.0134051 0.00505072 0.0118767 0.0120908 0.00355286 0.0127108 0.0132164 0.00464896 0.0142442 0.0137511 0.0112117 0.00349255 0.0136468 0.0117768 0.00161815 0.0137511 0.0112117 0.00349255 0.0132691 0.0093747 0.00311564 0.0137511 0.0112117 0.00349255 0.0149669 0.0129066 0.00285924 0.0137511 0.0112117 0.00349255 0.0128722 0.0100815 0.00515816 0.0137511 0.0112117 0.00349255 0.0118046 0.0110655 0.00245696 0.00508388 0.0139401 0.00632774 0.00470819 0.0124864 0.00514439 0.00508388 0.0139401 0.00632774 0.00492007 0.0158124355204829 0.00580023 0.00508388 0.0139401 0.00632774 0.0066188 0.0145815 0.00723761 0.00508388 0.0139401 0.00632774 0.00358932 0.0124559 0.00693932 0.00508388 0.0139401 0.00632774 0.00687735 0.0143408 0.00513623 0.00638442 0.00655959 0.014431 0.00608817 0.00820031 0.0133661 0.00638442 0.00655959 0.014431 0.00521796 0.00515041 0.0138533 0.00638442 0.00655959 0.014431 0.0079913 0.00761103 0.0143987 0.0032663 0.00252057 0.000871886 0.00179259 0.00373121 0.000942048 0.0032663 0.00252057 0.000871886 0.00150798 0.00130126 0.00109445 0.0032663 0.00252057 0.000871886 0.00358764 0.0043882 0.00196482 0.0032663 0.00252057 0.000871886 0.00390924 0.00208158 0.00278571 0.00706742 0.00700147 0.0108788 0.00547909 0.00680481 0.011901 0.00706742 0.00700147 0.0108788 0.00781705 0.00683899 0.0126454 0.00706742 0.00700147 0.0108788 0.00596783 0.00536559 0.010693 0.00706742 0.00700147 0.0108788 0.00527292 0.00713916 0.00961492 0.00706742 0.00700147 0.0108788 0.009053 0.0079031 0.0109555 0.00706742 0.00700147 0.0108788 0.008276 0.00645263 0.00919447 0.00470819 0.0124864 0.00514439 0.00509822 0.0110078 0.00640293 0.00470819 0.0124864 0.00514439 0.00365581 0.0111931 0.00410831 0.00470819 0.0124864 0.00514439 0.0063218 0.0125101 0.00426012 0.00470819 0.0124864 0.00514439 0.00552444 0.0108269 0.00453722 0.00470819 0.0124864 0.00514439 0.00358932 0.0124559 0.00693932 0.00470819 0.0124864 0.00514439 0.00259572 0.0131113 0.00478786 0.00538559 0.0145562 0.00093035 0.00707059 0.0141062 0.00170009 0.00538559 0.0145562 0.00093035 0.00458878 0.0127323 0.000889927 0.00538559 0.0145562 0.00093035 0.0034757 0.0142895 0.000851078 0.000887498 0.00319027 0.00397745 0.00269748 0.00373721 0.00383797 0.000887498 0.00319027 0.00397745 0.000265837 0.00514675 0.0032108 0.000887498 0.00319027 0.00397745 -0.0005108345204829002 0.00183155 0.00485025 0.00456288 0.00532131 0.0036275 0.00402451 0.00421498 0.0051619 0.00456288 0.00532131 0.0036275 0.00576113 0.00496984 0.00514114 0.00456288 0.00532131 0.0036275 0.00522698 0.0073251 0.0040587 0.00456288 0.00532131 0.0036275 0.00358764 0.0043882 0.00196482 0.0112451 0.00258122 0.0141094 0.00999666 0.00133732 0.0146069 0.0112451 0.00258122 0.0141094 0.0131829 0.00249219 0.0143918 0.0112451 0.00258122 0.0141094 0.0103426 0.00140231 0.0128859 0.0112451 0.00258122 0.0141094 0.0107363 0.00464063 0.0140857 0.000890145 0.00223572 0.0102524 0.000969465 0.00402503 0.00960789 0.000890145 0.00223572 0.0102524 0.00139906 0.0022093 0.00850697 0.000890145 0.00223572 0.0102524 0.00109812 0.00349856 0.0116007 0.000890145 0.00223572 0.0102524 0.000154844 0.00109198 0.0119181 0.000890145 0.00223572 0.0102524 -0.0008545345204828989 0.00101532 0.00961945 0.0145371 0.0134171 0.0143886 0.0131443 0.012018 0.0144795 0.0145371 0.0134171 0.0143886 0.0125126 0.0140022 0.0137814 0.0138481 0.00660686 0.00474022 0.0140915 0.00668328 0.00283329 0.0138481 0.00660686 0.00474022 0.012717 0.00497249 0.00564253 0.0138481 0.00660686 0.00474022 0.015627391520482897 0.00786836 0.00497188 0.00623783 0.0100748 0.0135859 0.00608817 0.00820031 0.0133661 0.00623783 0.0100748 0.0135859 0.00779511 0.0100188 0.0145682 0.00623783 0.0100748 0.0135859 0.00423907 0.0107346 0.0139761 0.00623783 0.0100748 0.0135859 0.00709482 0.0119501 0.0142682 0.00623783 0.0100748 0.0135859 0.00787271 0.0090787 0.0125727 0.000544785 0.0137134 0.00885746 0.0022856 0.0145082 0.00925216 0.000544785 0.0137134 0.00885746 -0.0010133345204829001 0.0127819 0.00851817 0.000544785 0.0137134 0.00885746 -0.0009766345204828995 0.0147198 0.00818975 0.000544785 0.0137134 0.00885746 0.00198955 0.0125949 0.00943874 0.000544785 0.0137134 0.00885746 0.0018579299999999998 0.0139856 0.00720806 0.000154724 0.0073296 0.000870085 -0.0012447345204828991 0.00608338 0.000968971 0.000154724 0.0073296 0.000870085 0.000772106 0.00917672 0.000891831 0.000154724 0.0073296 0.000870085 -0.0012343345204829002 0.00826352 0.00175616 0.000154724 0.0073296 0.000870085 0.00204686 0.00637336 0.00117652 0.000154724 0.0073296 0.000870085 0.000727052 0.00813109 0.00273617 0.014849 0.00153167 0.014381 0.0159088765204829 -0.000124334520482899 0.0143884 0.014849 0.00153167 0.014381 0.016776584520482897 0.0016411 0.0145374 0.014849 0.00153167 0.014381 0.0131829 0.00249219 0.0143918 0.00435341 0.00823317 0.0126542 0.00608817 0.00820031 0.0133661 0.00435341 0.00823317 0.0126542 0.00251217 0.00823778 0.0121972 0.00435341 0.00823317 0.0126542 0.00534896 0.0085551 0.0110848 0.00435341 0.00823317 0.0126542 0.00547909 0.00680481 0.011901 0.00435341 0.00823317 0.0126542 0.00452008 0.00844254 0.0144932 0.00435341 0.00823317 0.0126542 0.00368541 0.00648051 0.0125803 0.00435341 0.00823317 0.0126542 0.00349408 0.00984074 0.0121777 0.00985779 0.00815529 0.00388315 0.00832408 0.00779038 0.00508726 0.00985779 0.00815529 0.00388315 0.0113626 0.00895506 0.00296166 0.00985779 0.00815529 0.00388315 0.00801103 0.00791742 0.00315793 0.00985779 0.00815529 0.00388315 0.0103754 0.006324 0.00347663 0.00985779 0.00815529 0.00388315 0.010236 0.00840283 0.00599713 0.00985779 0.00815529 0.00388315 0.00940419 0.00919532 0.00201588 0.0100439 0.00330211 0.0124968 0.00885009 0.00379943 0.0110525 0.0100439 0.00330211 0.0124968 0.0103426 0.00140231 0.0128859 0.0100439 0.00330211 0.0124968 0.0107363 0.00464063 0.0140857 0.0065924 0.00527887 0.0125227 0.00846184 0.00490389 0.0126128 0.0065924 0.00527887 0.0125227 0.00521796 0.00515041 0.0138533 0.0065924 0.00527887 0.0125227 0.00547909 0.00680481 0.011901 0.0065924 0.00527887 0.0125227 0.00781705 0.00683899 0.0126454 0.0065924 0.00527887 0.0125227 0.00596783 0.00536559 0.010693 0.0138307 0.0113549 0.0128799 0.0134074 0.0094787 0.0127003 0.0138307 0.0113549 0.0128799 0.0147244 0.0118431 0.011367 0.0138307 0.0113549 0.0128799 0.0131443 0.012018 0.0144795 0.0138307 0.0113549 0.0128799 0.0143522 0.0101641 0.0143856 0.0138307 0.0113549 0.0128799 0.0120467 0.0108003 0.0126983 0.00964616 0.00644989 0.00520181 0.00832408 0.00779038 0.00508726 0.00964616 0.00644989 0.00520181 0.0106344 0.00516889 0.00633136 0.00964616 0.00644989 0.00520181 0.0103754 0.006324 0.00347663 0.00964616 0.00644989 0.00520181 0.00953084 0.00657841 0.0070626 0.00964616 0.00644989 0.00520181 0.0115477 0.00659241 0.00495397 0.00964616 0.00644989 0.00520181 0.010236 0.00840283 0.00599713 0.00827685 0.0147628 0.00814513 0.00672295 0.015716731520482898 0.0087875 0.00827685 0.0147628 0.00814513 0.00888094 0.016111373520482898 0.0093095 0.00827685 0.0147628 0.00814513 0.00757315 0.0141395 0.00982918 0.00827685 0.0147628 0.00814513 0.00857401 0.0138082 0.00644255 0.00827685 0.0147628 0.00814513 0.0066188 0.0145815 0.00723761 0.00827685 0.0147628 0.00814513 0.00790977 0.0159251345204829 0.00657309 0.00983731 0.00711561 0.0129465 0.0106435 0.00802451 0.0145352 0.00450206 0.00480361 0.0119904 0.00538342 0.0034238 0.0130372 0.00450206 0.00480361 0.0119904 0.00253931 0.00484977 0.0121283 0.00450206 0.00480361 0.0119904 0.00368541 0.00648051 0.0125803 0.00846184 0.00490389 0.0126128 0.00885009 0.00379943 0.0110525 0.00846184 0.00490389 0.0126128 0.00729414 0.00333063 0.0124551 0.00846184 0.00490389 0.0126128 0.00863629 0.00430558 0.0144603 0.00846184 0.00490389 0.0126128 0.00988032 0.00569896 0.0111818 0.0134074 0.0094787 0.0127003 0.0120181 0.00811492 0.0125764 0.0134074 0.0094787 0.0127003 0.0128459 0.00868162 0.0144002 0.0134074 0.0094787 0.0127003 0.0120467 0.0108003 0.0126983 0.0134074 0.0094787 0.0127003 0.0150834 0.00832007 0.0133538 0.0120181 0.00811492 0.0125764 0.0102956 0.00903363 0.0124232 0.0120181 0.00811492 0.0125764 0.0113986 0.00787863 0.0104791 0.0120181 0.00811492 0.0125764 0.0119641 0.0066168 0.0141512 0.00772678 0.00808528 0.000953171 0.00702218 0.00933933 0.00230049 0.00772678 0.00808528 0.000953171 0.00616535 0.00772151 0.00208443 0.00608817 0.00820031 0.0133661 0.00452008 0.00844254 0.0144932 0.00608817 0.00820031 0.0133661 0.00787271 0.0090787 0.0125727 0.0012251 0.0115874 0.0109257 0.000449221 0.0133317 0.0111781 0.0012251 0.0115874 0.0109257 -0.0006462345204828986 0.0118431 0.011367 0.0012251 0.0115874 0.0109257 0.002086 0.00987322 0.0108939 0.0012251 0.0115874 0.0109257 0.00198955 0.0125949 0.00943874 0.0109118 0.00251323 0.000948249 0.00915807 0.00328766 0.000934924 0.0109118 0.00251323 0.000948249 0.0118559 0.00265954 0.0028569 0.0109118 0.00251323 0.000948249 0.00966264 0.00154015 0.00253213 0.00088105 0.0150072 0.0105034 0.0022856 0.0145082 0.00925216 0.00088105 0.0150072 0.0105034 0.000449221 0.0133317 0.0111781 0.00088105 0.0150072 0.0105034 0.00240283 0.0162140775204829 0.0102687 0.00088105 0.0150072 0.0105034 0.000154844 0.0164626145204829 0.0119181 0.00358557 0.00806951 0.00525681 0.00199147 0.00806141 0.0063271 0.00358557 0.00806951 0.00525681 0.00501401 0.00925255 0.00568857 0.00358557 0.00806951 0.00525681 0.00206314 0.0089518 0.00458818 0.00358557 0.00806951 0.00525681 0.00522698 0.0073251 0.0040587 0.00358557 0.00806951 0.00525681 0.00488582 0.00666235 0.00631211 0.0109869 0.0080267 0.00127195 0.0113626 0.00895506 0.00296166 0.0109869 0.0080267 0.00127195 0.00952206 0.00691311 0.000898627 0.0109869 0.0080267 0.00127195 0.0111815 0.00982975 0.000890611 0.0109869 0.0080267 0.00127195 0.0126739 0.00729969 0.000948025 0.0109869 0.0080267 0.00127195 0.00940419 0.00919532 0.00201588 0.0124435 0.0146398 0.0116824 0.010716 0.015603606520482899 0.0115652 0.0124435 0.0146398 0.0116824 0.0142658 0.0148428 0.0112978 0.0124435 0.0146398 0.0116824 0.0125201 0.015806032520482897 0.0101814 0.0124435 0.0146398 0.0116824 0.0125126 0.0140022 0.0137814 0.0124435 0.0146398 0.0116824 0.0124797 0.0165707545204829 0.0124975 0.0124435 0.0146398 0.0116824 0.0120431 0.0125817 0.0117104 0.00854676 0.00257448 0.0136897 0.00688329 0.00340692 0.0143901 0.00854676 0.00257448 0.0136897 0.0082099 0.000870013 0.0144201 0.00854676 0.00257448 0.0136897 0.00729414 0.00333063 0.0124551 0.00854676 0.00257448 0.0136897 0.00863629 0.00430558 0.0144603 0.00854676 0.00257448 0.0136897 0.00703731 0.00147038 0.0130426 0.00854676 0.00257448 0.0136897 0.00864119 0.00172406 0.011622 0.00672295 0.000346097 0.0087875 0.00490533 0.00069221 0.00926079 0.00672295 0.000346097 0.0087875 0.0066188 -0.0007891345204828985 0.00723761 0.00672295 0.000346097 0.0087875 0.00603778 0.00111112 0.00717034 0.00672295 0.000346097 0.0087875 0.00647566 0.00104766 0.0108102 0.00717064 0.00382324 0.00437199 0.00886412 0.00308307 0.00375224 0.00717064 0.00382324 0.00437199 0.00714818 0.00220529 0.00322679 0.00717064 0.00382324 0.00437199 0.00576113 0.00496984 0.00514114 0.00717064 0.00382324 0.00437199 0.00572299 0.00380241 0.00301698 0.00606834 0.00901907 0.00820549 0.00404456 0.00864856 0.00752236 0.00606834 0.00901907 0.00820549 0.00730094 0.00931706 0.010022 0.00606834 0.00901907 0.00820549 0.00757262 0.0105256 0.00773959 0.00893611 0.0127031 0.00164658 0.00763007 0.0127637 0.00294432 0.00893611 0.0127031 0.00164658 0.0108772 0.0129161 0.00181871 0.00893611 0.0127031 0.00164658 0.00962222 0.0113023 0.00289497 0.00893611 0.0127031 0.00164658 0.00959524 0.0147618 0.00155384 0.012581 0.00928693 0.00778731 0.0118976 0.0110956 0.00824709 0.012581 0.00928693 0.00778731 0.0112303 0.00798569 0.00783697 0.012581 0.00928693 0.00778731 0.0111879 0.00951807 0.00905958 0.012581 0.00928693 0.00778731 0.013759 0.0108389 0.00784852 0.012581 0.00928693 0.00778731 0.0142043 0.00878106 0.00656703 0.012581 0.00928693 0.00778731 0.0137165 0.00929045 0.00956968 0.00999947 0.0108406 0.00787277 0.0118976 0.0110956 0.00824709 0.00999947 0.0108406 0.00787277 0.00921945 0.0119421 0.00641884 0.00999947 0.0108406 0.00787277 0.0103888 0.0118671 0.00947094 0.00999947 0.0108406 0.00787277 0.00874637 0.0122671 0.00818002 0.00999947 0.0108406 0.00787277 0.0106884 0.0107356 0.00604621 0.00885009 0.00379943 0.0110525 0.00697578 0.00371731 0.0106163 0.00885009 0.00379943 0.0110525 0.00864119 0.00172406 0.011622 0.00885009 0.00379943 0.0110525 0.00988032 0.00569896 0.0111818 0.00402451 0.00421498 0.0051619 0.00269748 0.00373721 0.00383797 0.00402451 0.00421498 0.0051619 0.00576113 0.00496984 0.00514114 0.00402451 0.00421498 0.0051619 0.00541196 0.00333014 0.00665278 0.00402451 0.00421498 0.0051619 0.00232622 0.00341988 0.00624313 0.00763007 0.0127637 0.00294432 0.00707059 0.0141062 0.00170009 0.00763007 0.0127637 0.00294432 0.00892562 0.0125508 0.00432971 0.00763007 0.0127637 0.00294432 0.0063218 0.0125101 0.00426012 0.00763007 0.0127637 0.00294432 0.00723472 0.0109701 0.00343743 0.0022856 0.0145082 0.00925216 0.00240283 0.0162140775204829 0.0102687 0.0022856 0.0145082 0.00925216 0.00357887 0.0134538 0.0101713 0.0022856 0.0145082 0.00925216 0.00198955 0.0125949 0.00943874 0.0022856 0.0145082 0.00925216 0.00185793 0.0139856 0.00720806 0.00179259 0.00373121 0.000942048 0.00358764 0.0043882 0.00196482 0.00179259 0.00373121 0.000942048 -0.00018173452048289942 0.00300748 0.00131104 0.0145569 0.01125 0.00958401 0.0143573 0.0127819 0.00851817 0.0145569 0.01125 0.00958401 0.0128927 0.0122358 0.00968693 0.0145569 0.01125 0.00958401 0.0147244 0.0118431 0.011367 0.0145569 0.01125 0.00958401 0.013759 0.0108389 0.00784852 0.0145569 0.01125 0.00958401 0.0137165 0.00929045 0.00956968 0.0104494 0.0041918 0.00970165 0.00872367 0.00391884 0.00886091 0.0104494 0.0041918 0.00970165 0.0097276 0.00238535 0.00987972 0.0104494 0.0041918 0.00970165 0.0106172 0.0061586 0.00884653 0.0104494 0.0041918 0.00970165 0.012392 0.0035215 0.0102817 0.0104494 0.0041918 0.00970165 0.00988032 0.00569896 0.0111818 0.0125467 0.000691416 0.0145152 0.0131829 0.00249219 0.0143918 0.0125467 0.000691416 0.0145152 0.0125126 -0.0013684345204829 0.0137814 0.0125467 0.000691416 0.0145152 0.0124797 0.00120012 0.0124975 0.00509822 0.0110078 0.00640293 0.00470948 0.0111967 0.008307 0.00509822 0.0110078 0.00640293 0.00501401 0.00925255 0.00568857 0.00509822 0.0110078 0.00640293 0.00641682 0.0122244 0.00702925 0.00509822 0.0110078 0.00640293 0.00552444 0.0108269 0.00453722 0.00509822 0.0110078 0.00640293 0.00358932 0.0124559 0.00693932 0.0109612 0.0108004 0.01098 0.00999621 0.0109642 0.0126444 0.0109612 0.0108004 0.01098 0.0129113 0.0106478 0.0110132 0.0109612 0.0108004 0.01098 0.0103888 0.0118671 0.00947094 0.0109612 0.0108004 0.01098 0.0120431 0.0125817 0.0117104 0.00688329 0.00340692 0.0143901 0.00581911 0.00172426 0.0144566 0.00688329 0.00340692 0.0143901 0.00729414 0.00333063 0.0124551 0.00688329 0.00340692 0.0143901 0.00863629 0.00430558 0.0144603 0.0120602 0.0118554 0.00443186 0.0123128 0.0136301 0.00500719 0.0120602 0.0118554 0.00443186 0.0105733 0.0125735 0.00526755 0.0120602 0.0118554 0.00443186 0.0128722 0.0100815 0.00515816 0.0120602 0.0118554 0.00443186 0.0118046 0.0110655 0.00245696 0.000538242 0.0152463 0.0143884 0.000977121 0.0145399 0.0126192 0.000538242 0.0152463 0.0143884 0.00140595 0.0170117345204829 0.0145374 1.52415e-05 0.00574302 0.00951558 0.000969465 0.00402503 0.00960789 1.52415e-05 0.00574302 0.00951558 -0.0017950345204828997 0.00512942 0.00967011 1.52415e-05 0.00574302 0.00951558 0.0018468 0.00559321 0.0090898 1.52415e-05 0.00574302 0.00951558 0.00098502 0.0053282 0.0111163 1.52415e-05 0.00574302 0.00951558 -0.0006241345204829006 0.00741987 0.00833856 0.00440958 0.0143626 0.0145282 0.00441845 0.0127797 0.0136226 0.00440958 0.0143626 0.0145282 0.00599052 0.0152894 0.0138492 0.00440958 0.0143626 0.0145282 0.003511 0.015171 0.0131598 0.0106653 0.000433149 0.0097738 0.010716 0.000232972 0.0115652 0.0106653 0.000433149 0.0097738 0.00888094 0.000740739 0.0093095 0.0106653 0.000433149 0.0097738 0.0111058 -0.00027263452048289957 0.00812776 0.0106653 0.000433149 0.0097738 0.0125201 0.000435398 0.0101814 0.0106653 0.000433149 0.0097738 0.0114087 -0.0015565345204829005 0.00980987 0.0106653 0.000433149 0.0097738 0.0114463 0.00207711 0.00861686 0.010716 0.000232972 0.0115652 0.0103426 0.00140231 0.0128859 0.010716 0.000232972 0.0115652 0.0124797 0.00120012 0.0124975 0.000257004 0.0148446 0.000978732 -0.0009015345204828987 0.0152824 0.00250948 0.000257004 0.0148446 0.000978732 0.000941687 0.0129901 0.00100755 0.000257004 0.0148446 0.000978732 0.00150798 0.0166718945204829 0.00109445 0.0106435 0.00802451 0.0145352 0.00924009 0.00904139 0.0140747 0.0106435 0.00802451 0.0145352 0.0119641 0.0066168 0.0141512 0.0106435 0.00802451 0.0145352 0.0110828 0.010023 0.0142771 0.00441845 0.0127797 0.0136226 0.00512241 0.0142025 0.0125249 0.00441845 0.0127797 0.0136226 0.00423907 0.0107346 0.0139761 0.00779511 0.0100188 0.0145682 0.00924009 0.00904139 0.0140747 0.00779511 0.0100188 0.0145682 0.00930259 0.0112453 0.0144407 0.00779511 0.0100188 0.0145682 0.00709482 0.0119501 0.0142682 0.00779511 0.0100188 0.0145682 0.00787271 0.0090787 0.0125727 0.00700269 0.00639403 0.00492724 0.00832408 0.00779038 0.00508726 0.00700269 0.00639403 0.00492724 0.0066216 0.0078737 0.00612172 0.00700269 0.00639403 0.00492724 0.00576113 0.00496984 0.00514114 0.00700269 0.00639403 0.00492724 0.00522698 0.0073251 0.0040587 0.00700269 0.00639403 0.00492724 0.00670747 0.00583542 0.00290594 0.00832408 0.00779038 0.00508726 0.00841092 0.00959626 0.0058444 0.00832408 0.00779038 0.00508726 0.00801103 0.00791742 0.00315793 0.00832408 0.00779038 0.00508726 0.0066216 0.0078737 0.00612172 0.00832408 0.00779038 0.00508726 0.010236 0.00840283 0.00599713 0.00832408 0.00779038 0.00508726 0.00676824 0.0091283 0.00445074 0.0113626 0.00895506 0.00296166 0.0132691 0.0093747 0.00311564 0.0113626 0.00895506 0.00296166 0.0124689 0.00812599 0.00436228 0.0113626 0.00895506 0.00296166 0.0106617 0.0102324 0.00420182 0.0113626 0.00895506 0.00296166 0.00940419 0.00919532 0.00201588 0.0113626 0.00895506 0.00296166 0.0118046 0.0110655 0.00245696 0.000595232 0.00442376 0.00558026 0.00143209 0.00602887 0.00484575 0.000595232 0.00442376 0.00558026 0.00232622 0.00341988 0.00624313 0.00577495 0.00516388 0.00766243 0.00651834 0.00687967 0.00795518 0.00577495 0.00516388 0.00766243 0.00695671 0.00474392 0.00905735 0.00577495 0.00516388 0.00766243 0.00488582 0.00666235 0.00631211 0.00577495 0.00516388 0.00766243 0.00541196 0.00333014 0.00665278 0.00199147 0.00806141 0.0063271 0.00194235 0.00933517 0.00774063 0.00199147 0.00806141 0.0063271 0.00140268 0.00676794 0.00759816 0.00199147 0.00806141 0.0063271 0.00206314 0.0089518 0.00458818 0.00199147 0.00806141 0.0063271 0.0008854359999999999 0.00966532 0.00602013 0.00199147 0.00806141 0.0063271 0.00025675700000000004 0.00786836 0.00497188 0.00211998 0.0109038 0.0130038 0.00184032 0.0120793 0.0144747 0.00211998 0.0109038 0.0130038 0.00349408 0.00984074 0.0121777 0.0141259 0.00608338 0.000968971 0.0140915 0.00668328 0.00283329 0.0141259 0.00608338 0.000968971 0.0126739 0.00729969 0.000948025 0.0141259 0.00608338 0.000968971 0.0123629 0.00535672 0.000884611 0.00250635 0.00565612 0.0063415 0.00106997 0.00493477 0.00746085 0.00250635 0.00565612 0.0063415 0.00383011 0.00460069 0.00716519 0.00250635 0.00565612 0.0063415 0.00143209 0.00602887 0.00484575 0.00250635 0.00565612 0.0063415 0.00352808 0.00641109 0.00817625 0.00250635 0.00565612 0.0063415 0.00232622 0.00341988 0.00624313 0.00888094 0.000740739 0.0093095 0.00785891 0.00232456 0.00962299 0.00888094 0.000740739 0.0093095 0.0097276 0.00238535 0.00987972 0.00999621 0.0109642 0.0126444 0.00864237 0.0106469 0.0113334 0.00999621 0.0109642 0.0126444 0.00930259 0.0112453 0.0144407 0.00999621 0.0109642 0.0126444 0.0102956 0.00903363 0.0124232 0.00999621 0.0109642 0.0126444 0.0103195 0.0129423 0.0135931 0.00999621 0.0109642 0.0126444 0.0110828 0.010023 0.0142771 0.00864237 0.0106469 0.0113334 0.00951329 0.0100961 0.00974049 0.00864237 0.0106469 0.0113334 0.0068171 0.0116391 0.0119993 0.00864237 0.0106469 0.0113334 0.00787271 0.0090787 0.0125727 0.00864237 0.0106469 0.0113334 0.00760919 0.0117553 0.00983223 0.000969465 0.00402503 0.00960789 -0.0005527345204828982 0.00401886 0.0106743 0.000969465 0.00402503 0.00960789 0.0018468 0.00559321 0.0090898 0.000969465 0.00402503 0.00960789 8.106849999999996e-05 0.00346276 0.00800281 0.000969465 0.00402503 0.00960789 0.00247022 0.003927 0.0083815 0.000969465 0.00402503 0.00960789 0.0026326 0.00369939 0.0105278 0.000969465 0.00402503 0.00960789 0.00098502 0.0053282 0.0111163 0.0127233 0.00079723 0.00738357 0.0145644 0.000729407 0.00675731 0.0127233 0.00079723 0.00738357 0.0121634 -0.001008034520482899 0.00679055 0.0127233 0.00079723 0.00738357 0.0114463 0.00207711 0.00861686 0.0127233 0.00079723 0.00738357 0.0108315 0.00063707 0.00626549 0.0146976 0.0107951 0.00618344 0.013759 0.0108389 0.00784852 0.0146976 0.0107951 0.00618344 0.0147426 0.012606 0.00667052 0.0146976 0.0107951 0.00618344 0.016256070520482897 0.00966532 0.00602013 0.0146976 0.0107951 0.00618344 0.0142043 0.00878106 0.00656703 0.0146976 0.0107951 0.00618344 0.0159670455204829 0.0117735 0.00480197 0.0146976 0.0107951 0.00618344 0.0128722 0.0100815 0.00515816 0.0138771 0.00294134 0.00892731 0.015451703020482899 0.00346276 0.00800281 0.0138771 0.00294134 0.00892731 0.012392 0.0035215 0.0102817 0.0138771 0.00294134 0.00892731 0.0137817 0.00307043 0.00676854 0.0138771 0.00294134 0.00892731 0.0145161 0.00101532 0.00961945 0.000773612 0.00264311 0.0131646 0.00140595 0.0016411 0.0145374 0.000773612 0.00264311 0.0131646 -0.0009421345204828987 0.00342394 0.0130015 0.000773612 0.00264311 0.0131646 0.00109812 0.00349856 0.0116007 0.000773612 0.00264311 0.0131646 0.000154844 0.00109198 0.0119181 0.000773612 0.00264311 0.0131646 0.000778643 0.0044607 0.0142257 0.00194235 0.00933517 0.00774063 0.00210729 0.00779943 0.00900949 0.00194235 0.00933517 0.00774063 0.00177003 0.0106641 0.00911158 0.00194235 0.00933517 0.00774063 8.435480000000008e-05 0.00995715 0.00799865 0.00194235 0.00933517 0.00774063 0.00404456 0.00864856 0.00752236 0.00194235 0.00933517 0.00774063 0.002976 0.010311 0.00605346 0.0028642 0.00860811 0.00289342 0.00206314 0.0089518 0.00458818 0.0028642 0.00860811 0.00289342 0.00240649 0.00685607 0.00344709 0.0028642 0.00860811 0.00289342 0.00286447 0.009734 0.0011025 0.0028642 0.00860811 0.00289342 0.00487931 0.00937461 0.00280342 0.0028642 0.00860811 0.00289342 0.0007270519999999997 0.00813109 0.00273617 0.0028642 0.00860811 0.00289342 0.0018216 0.0105733 0.00310661 0.0142049 0.0134024 0.000882122 0.0136468 0.0117768 0.00161815 0.0142049 0.0134024 0.000882122 0.0136293 0.0151931 0.000883264 0.0142049 0.0134024 0.000882122 0.0149669 0.0129066 0.00285924 0.00271385 0.0120951 0.000983228 0.00458878 0.0127323 0.000889927 0.00271385 0.0120951 0.000983228 0.0009416870000000001 0.0129901 0.00100755 0.000449221 0.0133317 0.0111781 -0.0006462345204828985 0.0118431 0.011367 0.000449221 0.0133317 0.0111781 0.000977121 0.0145399 0.0126192 0.00512241 0.0142025 0.0125249 0.00599052 0.0152894 0.0138492 0.00512241 0.0142025 0.0125249 0.00337851 0.0136074 0.012037 0.00512241 0.0142025 0.0125249 0.00695371 0.0147786 0.0122093 0.00512241 0.0142025 0.0125249 0.003511 0.015171 0.0131598 0.00512241 0.0142025 0.0125249 0.0041845 0.0156414225204829 0.0112352 0.0090967 0.0152193 0.0051464 0.00857401 0.0138082 0.00644255 0.0090967 0.0152193 0.0051464 0.00790977 0.0159251345204829 0.00657309 0.0090967 0.0152193 0.0051464 0.00794846 0.0153104 0.00326511 0.0090967 0.0152193 0.0051464 0.0108315 0.016007704520482897 0.00626549 0.0143573 0.0127819 0.00851817 0.0128927 0.0122358 0.00968693 0.0143573 0.0127819 0.00851817 0.0127241 0.0126985 0.00758516 0.0143573 0.0127819 0.00851817 0.014394 0.0147198 0.00818975 0.0143573 0.0127819 0.00851817 0.0147426 0.012606 0.00667052 0.0136468 0.0117768 0.00161815 0.0149669 0.0129066 0.00285924 0.0136468 0.0117768 0.00161815 0.0118046 0.0110655 0.00245696 0.0140915 0.00668328 0.00283329 0.0121463 0.00672581 0.0027741 0.0140915 0.00668328 0.00283329 0.0141363 0.00826352 0.00175616 0.0140915 0.00668328 0.00283329 0.0156364715204829 0.00514675 0.0032108 0.0140915 0.00668328 0.00283329 0.0132851 0.00466757 0.0026714 0.00140268 0.00676794 0.00759816 0.0018468 0.00559321 0.0090898 0.00140268 0.00676794 0.00759816 0.00106997 0.00493477 0.00746085 0.00140268 0.00676794 0.00759816 0.00210729 0.00779943 0.00900949 0.00140268 0.00676794 0.00759816 0.00015027599999999997 0.00624099 0.00629367 0.00140268 0.00676794 0.00759816 0.00352808 0.00641109 0.00817625 0.0148179 0.00401886 0.0106743 0.0135756 0.00512942 0.00967011 0.0148179 0.00401886 0.0106743 0.0138968 0.00243653 0.0114075 0.0148179 0.00401886 0.0106743 0.0164687545204829 0.00349856 0.0116007 0.0148179 0.00401886 0.0106743 0.0134051 0.00505072 0.0118767 0.0128927 0.0122358 0.00968693 0.0114087 0.0138141 0.00980987 0.0128927 0.0122358 0.00968693 0.0120431 0.0125817 0.0117104 0.0106344 0.00516889 0.00633136 0.00953084 0.00657841 0.0070626 0.0106344 0.00516889 0.00633136 0.0119203 0.00429212 0.00786969 0.0106344 0.00516889 0.00633136 0.012717 0.00497249 0.00564253 0.0132691 0.00322139 0.00440678 0.0127724 0.00169191 0.00554587 0.0132691 0.00322139 0.00440678 0.0118559 0.00265954 0.0028569 0.0132691 0.00322139 0.00440678 0.012717 0.00497249 0.00564253 0.0132691 0.00322139 0.00440678 0.0148598 0.00183155 0.00485025 0.0132691 0.00322139 0.00440678 0.0112204 0.00325932 0.00515858 0.00537116 0.00290926 0.0111914 0.00512251 0.00157736 0.0126485 0.00537116 0.00290926 0.0111914 0.00538342 0.0034238 0.0130372 0.00537116 0.00290926 0.0111914 0.00697578 0.00371731 0.0106163 0.00537116 0.00290926 0.0111914 0.00647566 0.00104766 0.0108102 0.0135756 0.00512942 0.00967011 0.0119348 0.00572724 0.0104921 0.0135756 0.00512942 0.00967011 0.012392 0.0035215 0.0102817 0.0135756 0.00512942 0.00967011 0.0140576 0.00533103 0.00758861 0.0135756 0.00512942 0.00967011 0.0137968 0.00708503 0.0105313 0.0135756 0.00512942 0.00967011 0.0134051 0.00505072 0.0118767 0.00886412 0.00308307 0.00375224 0.0102484 0.00405377 0.00280051 0.00886412 0.00308307 0.00375224 0.00714818 0.00220529 0.00322679 0.00886412 0.00308307 0.00375224 0.00859229 0.00485768 0.00319335 0.00886412 0.00308307 0.00375224 0.00966264 0.00154015 0.00253213 0.00886412 0.00308307 0.00375224 0.00899819 0.00313438 0.00595921 0.00952206 0.00691311 0.000898627 0.00892088 0.00514356 0.00129141 0.000394765 0.00965594 0.0100309 0.002086 0.00987322 0.0108939 0.000394765 0.00965594 0.0100309 0.00177003 0.0106641 0.00911158 0.000394765 0.00965594 0.0100309 -0.00020163452048289904 0.0101144 0.011814 0.000394765 0.00965594 0.0100309 0.000803853 0.00855083 0.0115832 0.000394765 0.00965594 0.0100309 -0.0016541345204828996 0.00929045 0.00956968 0.0007164 0.000291917 0.00791993 -0.0008062345204829 0.000729407 0.00675731 0.0007164 0.000291917 0.00791993 -0.0009766345204828995 -0.0006508345204828984 0.00818975 0.0007164 0.000291917 0.00791993 0.00255816 0.00114621 0.00710047 0.0007164 0.000291917 0.00791993 0.0018579299999999998 -0.0013850345204828975 0.00720806 0.00524774 0.0125483 0.00962598 0.00470948 0.0111967 0.008307 0.00524774 0.0125483 0.00962598 0.00357887 0.0134538 0.0101713 0.00524774 0.0125483 0.00962598 0.00462761 0.014216 0.00872348 0.00524774 0.0125483 0.00962598 0.00358582 0.0112819 0.0101736 0.0138968 0.00243653 0.0114075 0.0144285 0.00342394 0.0130015 0.0138968 0.00243653 0.0114075 0.015525478520482899 0.00109198 0.0119181 0.0138968 0.00243653 0.0114075 0.012392 0.0035215 0.0102817 0.0138968 0.00243653 0.0114075 0.0124797 0.00120012 0.0124975 0.0129113 0.0106478 0.0110132 0.0120467 0.0108003 0.0126983 0.0129113 0.0106478 0.0110132 0.0137165 0.00929045 0.00956968 0.0129113 0.0106478 0.0110132 0.0120431 0.0125817 0.0117104 0.0118976 0.0110956 0.00824709 0.0127241 0.0126985 0.00758516 0.0118976 0.0110956 0.00824709 0.0111879 0.00951807 0.00905958 0.0118976 0.0110956 0.00824709 0.013759 0.0108389 0.00784852 0.00982367 0.0150127 0.0133574 0.0103426 0.016772944520482898 0.0128859 0.00982367 0.0150127 0.0133574 0.0078991 0.0141693 0.0141394 0.00982367 0.0150127 0.0133574 0.0103195 0.0129423 0.0135931 0.00591345 0.0104097 0.000918365 0.00542242 0.0116958 0.00257056 0.00490533 0.00069221 0.00926079 0.00462761 -0.0011546345204829001 0.00872348 0.00490533 0.00069221 0.00926079 0.00647566 0.00104766 0.0108102 0.00490533 0.00069221 0.00926079 0.0041845 0.000270788 0.0112352 0.0123963 0.00678884 0.00680525 0.0112303 0.00798569 0.00783697 0.0123963 0.00678884 0.00680525 0.0126317 0.00700878 0.00871286 0.0123963 0.00678884 0.00680525 0.012717 0.00497249 0.00564253 0.00365581 0.0111931 0.00410831 0.00552444 0.0108269 0.00453722 0.00365581 0.0111931 0.00410831 0.002976 0.010311 0.00605346 0.00365581 0.0111931 0.00410831 0.0018216 0.0105733 0.00310661 0.0111058 0.015098 0.00812776 0.0121634 0.0143626 0.00679055 0.0111058 0.015098 0.00812776 0.0106021 0.0130877 0.00764289 0.0111058 0.015098 0.00812776 0.0114087 0.0138141 0.00980987 0.0111058 0.015098 0.00812776 0.0108315 0.016007704520482897 0.00626549 0.00737449 0.00408512 0.00181528 0.00719036 0.00578893 0.00085116 0.00737449 0.00408512 0.00181528 0.00562226 0.00477273 0.00132247 0.00737449 0.00408512 0.00181528 0.00892088 0.00514356 0.00129141 0.00737449 0.00408512 0.00181528 0.00859229 0.00485768 0.00319335 0.00737449 0.00408512 0.00181528 0.00670747 0.00583542 0.00290594 0.0018468 0.00559321 0.0090898 0.00106997 0.00493477 0.00746085 0.0018468 0.00559321 0.0090898 0.00247022 0.003927 0.0083815 0.0018468 0.00559321 0.0090898 0.00300831 0.00642562 0.010603 0.0018468 0.00559321 0.0090898 0.00352808 0.00641109 0.00817625 0.00106997 0.00493477 0.00746085 8.106850000000007e-05 0.00346276 0.00800281 0.00106997 0.00493477 0.00746085 0.00015027599999999997 0.00624099 0.00629367 0.00106997 0.00493477 0.00746085 0.00247022 0.003927 0.0083815 0.00702218 0.00933933 0.00230049 0.00801103 0.00791742 0.00315793 0.00702218 0.00933933 0.00230049 0.00616535 0.00772151 0.00208443 0.00702218 0.00933933 0.00230049 0.00723472 0.0109701 0.00343743 0.00702218 0.00933933 0.00230049 0.00487931 0.00937461 0.00280342 0.00702218 0.00933933 0.00230049 0.00676824 0.0091283 0.00445074 0.0142658 0.0148428 0.0112978 0.015525478520482899 0.0164626145204829 0.0119181 0.00841092 0.00959626 0.0058444 0.00873277 0.00988291 0.00393572 0.00841092 0.00959626 0.0058444 0.010236 0.00840283 0.00599713 0.00841092 0.00959626 0.0058444 0.00676824 0.0091283 0.00445074 0.00841092 0.00959626 0.0058444 0.00817881 0.00822097 0.00753351 0.0125201 0.000435398 0.0101814 0.0145161 0.00101532 0.00961945 0.00509977 0.0104938 0.0114683 0.00534896 0.0085551 0.0110848 0.00509977 0.0104938 0.0114683 0.0048199 0.0124239 0.0116554 0.00509977 0.0104938 0.0114683 0.00349408 0.00984074 0.0121777 0.00509977 0.0104938 0.0114683 0.0068171 0.0116391 0.0119993 0.00509977 0.0104938 0.0114683 0.00358582 0.0112819 0.0101736 0.0147244 0.0118431 0.011367 0.015169 0.0101144 0.011814 0.00512251 0.00157736 0.0126485 0.00538342 0.0034238 0.0130372 0.00512251 0.00157736 0.0126485 0.00581911 0.00172426 0.0144566 0.00512251 0.00157736 0.0126485 0.00703731 0.00147038 0.0130426 0.00512251 0.00157736 0.0126485 0.00332749 0.00282902 0.0123916 0.00512251 0.00157736 0.0126485 0.0041845 0.0002707879999999999 0.0112352 0.00251217 0.00823778 0.0121972 0.000803853 0.00855083 0.0115832 0.00251217 0.00823778 0.0121972 0.00349408 0.00984074 0.0121777 0.00251217 0.00823778 0.0121972 0.00151112 0.00661975 0.013202 0.000977121 0.0145399 0.0126192 0.00239349 0.0136902 0.0136603 0.000977121 0.0145399 0.0126192 0.000154844 0.0164626145204829 0.0119181 8.10685e-05 0.00346276 0.00800281 0.000518752 0.00218991 0.00672875 8.10685e-05 0.00346276 0.00800281 0.00139906 0.0022093 0.00850697 8.10685e-05 0.00346276 0.00800281 -0.0015889345204828998 0.00307043 0.00676854 0.0111815 0.00982975 0.000890611 0.00940419 0.00919532 0.00201588 0.0111815 0.00982975 0.000890611 0.0118046 0.0110655 0.00245696 0.01394 0.0142913 0.00637056 0.0145644 0.0161000415204829 0.00675731 0.01394 0.0142913 0.00637056 0.014394 0.0147198 0.00818975 0.01394 0.0142913 0.00637056 0.0147426 0.012606 0.00667052 0.01394 0.0142913 0.00637056 0.0121634 0.0143626 0.00679055 0.01394 0.0142913 0.00637056 0.0141476 0.0130014 0.00491582 0.01394 0.0142913 0.00637056 0.0138166 0.0150889 0.00444539 0.01394 0.0142913 0.00637056 0.0158488575204829 0.0143084 0.00535659 0.00707059 0.0141062 0.00170009 0.00794846 0.0153104 0.00326511 0.0126739 0.00729969 0.000948025 0.0123629 0.00535672 0.000884611 0.0126739 0.00729969 0.000948025 0.0121463 0.00672581 0.0027741 0.0126739 0.00729969 0.000948025 0.0141363 0.00826352 0.00175616 0.00599052 0.0152894 0.0138492 0.00581911 0.0170948945204829 0.0144566 0.00599052 0.0152894 0.0138492 0.00695371 0.0147786 0.0122093 0.00599052 0.0152894 0.0138492 0.0078991 0.0141693 0.0141394 0.00999666 0.00133732 0.0146069 0.0082099 0.000870013 0.0144201 0.00999666 0.00133732 0.0146069 0.0103426 0.00140231 0.0128859 0.00470948 0.0111967 0.008307 0.00358582 0.0112819 0.0101736 0.00470948 0.0111967 0.008307 0.00358932 0.0124559 0.00693932 0.00534896 0.0085551 0.0110848 0.00547909 0.00680481 0.011901 0.00534896 0.0085551 0.0110848 0.00453691 0.00942341 0.00954167 0.00534896 0.0085551 0.0110848 0.00527292 0.00713916 0.00961492 0.00892562 0.0125508 0.00432971 0.0105733 0.0125735 0.00526755 0.00892562 0.0125508 0.00432971 0.00756921 0.0122723 0.00560177 0.00356341 0.00181973 0.00533926 0.00492007 0.00044180100000000013 0.00580023 0.00356341 0.00181973 0.00533926 0.00161236 0.00169672 0.00526334 0.00356341 0.00181973 0.00533926 0.00255816 0.00114621 0.00710047 0.00356341 0.00181973 0.00533926 0.00232622 0.00341988 0.00624313 0.00356341 0.00181973 0.00533926 0.00547061 0.00220868 0.00452783 0.00651834 0.00687967 0.00795518 0.00527292 0.00713916 0.00961492 0.00651834 0.00687967 0.00795518 0.008276 0.00645263 0.00919447 0.00651834 0.00687967 0.00795518 0.00817881 0.00822097 0.00753351 0.00695671 0.00474392 0.00905735 0.00872367 0.00391884 0.00886091 0.00695671 0.00474392 0.00905735 0.00697578 0.00371731 0.0106163 0.00695671 0.00474392 0.00905735 0.00760515 0.0042274 0.00728987 0.00695671 0.00474392 0.00905735 0.008276 0.00645263 0.00919447 0.00801103 0.00791742 0.00315793 0.00676824 0.0091283 0.00445074 0.00801103 0.00791742 0.00315793 0.00940419 0.00919532 0.00201588 0.00538342 0.0034238 0.0130372 0.00521796 0.00515041 0.0138533 0.00538342 0.0034238 0.0130372 0.00729414 0.00333063 0.0124551 0.00538342 0.0034238 0.0130372 0.00332749 0.00282902 0.0123916 0.0048199 0.0124239 0.0116554 0.00337851 0.0136074 0.012037 0.0048199 0.0124239 0.0116554 0.0068171 0.0116391 0.0119993 0.0048199 0.0124239 0.0116554 0.00358582 0.0112819 0.0101736 0.0123629 0.00535672 0.000884611 0.0107403 0.0055451 0.00180551 0.0123629 0.00535672 0.000884611 0.0132851 0.00466757 0.0026714 0.0123128 0.0136301 0.00500719 0.0121634 0.0143626 0.00679055 0.0123128 0.0136301 0.00500719 0.0141476 0.0130014 0.00491582 0.0123128 0.0136301 0.00500719 0.0138166 0.0150889 0.00444539 0.0132691 0.0093747 0.00311564 0.0124689 0.00812599 0.00436228 0.0132691 0.0093747 0.00311564 0.0141363 0.00826352 0.00175616 0.0132691 0.0093747 0.00311564 0.0128722 0.0100815 0.00515816 0.00924009 0.00904139 0.0140747 0.0079913 0.00761103 0.0143987 0.00924009 0.00904139 0.0140747 0.0102956 0.00903363 0.0124232 0.00924009 0.00904139 0.0140747 0.00787271 0.0090787 0.0125727 0.00924009 0.00904139 0.0140747 0.0110828 0.010023 0.0142771 0.00240283 0.000843443 0.0102687 0.0041845 0.000270788 0.0112352 0.00719036 0.00578893 0.00085116 0.00562226 0.00477273 0.00132247 0.00719036 0.00578893 0.00085116 0.00892088 0.00514356 0.00129141 0.00719036 0.00578893 0.00085116 0.00670747 0.00583542 0.00290594 0.00873277 0.00988291 0.00393572 0.0106617 0.0102324 0.00420182 0.00873277 0.00988291 0.00393572 0.00962222 0.0113023 0.00289497 0.00873277 0.00988291 0.00393572 0.00723472 0.0109701 0.00343743 0.00873277 0.00988291 0.00393572 0.00676824 0.0091283 0.00445074 0.00873277 0.00988291 0.00393572 0.00940419 0.00919532 0.00201588 0.0105733 0.0125735 0.00526755 0.00921945 0.0119421 0.00641884 0.0105733 0.0125735 0.00526755 0.0106884 0.0107356 0.00604621 0.00210729 0.00779943 0.00900949 0.000519877 0.00761316 0.010058 0.00210729 0.00779943 0.00900949 0.00352808 0.00641109 0.00817625 0.010898 0.0143746 0.00316433 0.0108772 0.0129161 0.00181871 0.010898 0.0143746 0.00316433 0.011736 0.016035954520482898 0.00405254 0.010898 0.0143746 0.00316433 0.00959524 0.0147618 0.00155384 0.000150276 0.00624099 0.00629367 0.00143209 0.00602887 0.00484575 0.000150276 0.00624099 0.00629367 -0.0013130345204828988 0.00533103 0.00758861 0.000150276 0.00624099 0.00629367 0.000256757 0.00786836 0.00497188 0.0102484 0.00405377 0.00280051 0.0107403 0.0055451 0.00180551 0.0102484 0.00405377 0.00280051 0.00859229 0.00485768 0.00319335 0.0102484 0.00405377 0.00280051 0.0118559 0.00265954 0.0028569 0.0127241 0.0126985 0.00758516 0.0121634 0.0143626 0.00679055 0.0127241 0.0126985 0.00758516 0.0106021 0.0130877 0.00764289 0.0131443 0.012018 0.0144795 0.0125126 0.0140022 0.0137814 0.00921945 0.0119421 0.00641884 0.00857401 0.0138082 0.00644255 0.00921945 0.0119421 0.00641884 0.00756921 0.0122723 0.00560177 0.00921945 0.0119421 0.00641884 0.00874637 0.0122671 0.00818002 0.00921945 0.0119421 0.00641884 0.0106884 0.0107356 0.00604621 0.00921945 0.0119421 0.00641884 0.0106021 0.0130877 0.00764289 0.00857401 0.0138082 0.00644255 0.00687735 0.0143408 0.00513623 0.00581911 0.00172426 0.0144566 0.00703731 0.00147038 0.0130426 0.00878013 0.0126694 0.0120224 0.0068171 0.0116391 0.0119993 0.00878013 0.0126694 0.0120224 0.0103195 0.0129423 0.0135931 0.0151819 0.00983466 0.00397306 0.0159670455204829 0.0117735 0.00480197 0.0151819 0.00983466 0.00397306 0.015627391520482897 0.00786836 0.00497188 0.0121463 0.00672581 0.0027741 0.0103754 0.006324 0.00347663 0.00930259 0.0112453 0.0144407 0.0103195 0.0129423 0.0135931 0.00930259 0.0112453 0.0144407 0.0110828 0.010023 0.0142771 0.00785891 0.00232456 0.00962299 0.00872367 0.00391884 0.00886091 0.00785891 0.00232456 0.00962299 0.00697578 0.00371731 0.0106163 0.00785891 0.00232456 0.00962299 0.00625872 0.00230596 0.00867378 0.00785891 0.00232456 0.00962299 0.0097276 0.00238535 0.00987972 0.00785891 0.00232456 0.00962299 0.00864119 0.00172406 0.011622 0.00785891 0.00232456 0.00962299 0.00647566 0.00104766 0.0108102 0.0127724 0.00169191 0.00554587 0.011736 0.0006653200000000001 0.00405254 0.0127724 0.00169191 0.00554587 0.0148598 0.00183155 0.00485025 0.0127724 0.00169191 0.00554587 0.0137817 0.00307043 0.00676854 0.0127724 0.00169191 0.00554587 0.0112204 0.00325932 0.00515858 0.0144691 0.0152824 0.00250948 0.0136293 0.0151931 0.0008832639999999999 0.0144691 0.0152824 0.00250948 0.0138166 0.0150889 0.00444539 0.00458878 0.0127323 0.000889927 0.0034757 0.0142895 0.000851078 0.00458878 0.0127323 0.000889927 0.00389386 0.013466 0.00280387 0.00458878 0.0127323 0.000889927 0.00542242 0.0116958 0.00257056 0.00357887 0.0134538 0.0101713 0.00337851 0.0136074 0.012037 0.00357887 0.0134538 0.0101713 0.00462761 0.014216 0.00872348 0.00357887 0.0134538 0.0101713 0.00198955 0.0125949 0.00943874 0.00357887 0.0134538 0.0101713 0.00358582 0.0112819 0.0101736 0.0112303 0.00798569 0.00783697 0.0111879 0.00951807 0.00905958 0.0112303 0.00798569 0.00783697 0.00973482 0.00826854 0.00897179 0.0112303 0.00798569 0.00783697 0.0126317 0.00700878 0.00871286 0.0112303 0.00798569 0.00783697 0.0106172 0.0061586 0.00884653 0.0112303 0.00798569 0.00783697 0.010236 0.00840283 0.00599713 0.0082099 0.000870013 0.0144201 0.00703731 0.00147038 0.0130426 0.0082099 0.000870013 0.0144201 0.0078991 -0.0012013345204828993 0.0141394 0.0143522 0.0101641 0.0143856 0.0150834 0.00832007 0.0133538 0.00714818 0.00220529 0.00322679 0.00547061 0.00220868 0.00452783 0.00915807 0.00328766 0.000934924 0.00892088 0.00514356 0.00129141 0.00413295 0.0147811 0.00445143 0.00492007 0.0158124355204829 0.00580023 0.00413295 0.0147811 0.00445143 0.00248374 0.0151863 0.00540234 0.00413295 0.0147811 0.00445143 0.00389386 0.013466 0.00280387 0.00413295 0.0147811 0.00445143 0.0055355 0.015625665520482897 0.0029715 0.00521796 0.00515041 0.0138533 0.00308504 0.00529079 0.0142464 0.0145644 0.000729407 0.00675731 0.015889386520482898 0.00218991 0.00672875 0.0145644 0.000729407 0.00675731 0.014394 -0.000650834520482899 0.00818975 0.0145644 0.000729407 0.00675731 0.0148598 0.00183155 0.00485025 0.0149452 0.00631236 0.0144022 0.0136472 0.006821 0.0130219 0.0149452 0.00631236 0.0144022 0.0161492775204829 0.0044607 0.0142257 0.000518752 0.00218991 0.00672875 0.0016123599999999997 0.00169672 0.00526334 0.000518752 0.00218991 0.00672875 0.00139906 0.0022093 0.00850697 0.000518752 0.00218991 0.00672875 0.00232622 0.00341988 0.00624313 0.000518752 0.00218991 0.00672875 -0.0005108345204829005 0.00183155 0.00485025 0.00239349 0.0136902 0.0136603 0.00337851 0.0136074 0.012037 0.00239349 0.0136902 0.0136603 0.00184032 0.0120793 0.0144747 0.00239349 0.0136902 0.0136603 0.003511 0.015171 0.0131598 0.00258171 0.00802324 0.0144181 0.00452008 0.00844254 0.0144932 0.00258171 0.00802324 0.0144181 0.00151112 0.00661975 0.013202 0.0103888 0.0118671 0.00947094 0.00951329 0.0100961 0.00974049 0.0103888 0.0118671 0.00947094 0.0106021 0.0130877 0.00764289 0.0103888 0.0118671 0.00947094 0.0114087 0.0138141 0.00980987 0.00383011 0.00460069 0.00716519 0.00247022 0.003927 0.0083815 0.00383011 0.00460069 0.00716519 0.00352808 0.00641109 0.00817625 0.00383011 0.00460069 0.00716519 0.00541196 0.00333014 0.00665278 0.00383011 0.00460069 0.00716519 0.00232622 0.00341988 0.00624313 0.00337851 0.0136074 0.012037 0.003511 0.015171 0.0131598 0.0111879 0.00951807 0.00905958 0.00973482 0.00826854 0.00897179 0.0111879 0.00951807 0.00905958 0.00951329 0.0100961 0.00974049 0.0111879 0.00951807 0.00905958 0.0113986 0.00787863 0.0104791 0.00756921 0.0122723 0.00560177 0.0063218 0.0125101 0.00426012 0.00756921 0.0122723 0.00560177 0.00641682 0.0122244 0.00702925 0.00756921 0.0122723 0.00560177 0.00687735 0.0143408 0.00513623 0.00247022 0.003927 0.0083815 0.00386171 0.00270794 0.00802837 0.00247022 0.003927 0.0083815 0.00232622 0.00341988 0.00624313 0.00143209 0.00602887 0.00484575 0.00240649 0.00685607 0.00344709 0.00143209 0.00602887 0.00484575 0.0002658370000000001 0.00514675 0.0032108 0.00143209 0.00602887 0.00484575 0.00025675700000000004 0.00786836 0.00497188 0.00492007 0.000441801 0.00580023 0.00603778 0.00111112 0.00717034 0.00492007 0.000441801 0.00580023 0.00547061 0.00220868 0.00452783 0.00161236 0.00169672 0.00526334 0.00255816 0.00114621 0.00710047 0.00161236 0.00169672 0.00526334 0.00232622 0.00341988 0.00624313 0.00161236 0.00169672 0.00526334 0.00132069 0.000897655 0.00340791 0.00161236 0.00169672 0.00526334 -0.0005108345204829 0.00183155 0.00485025 0.00973482 0.00826854 0.00897179 0.00951329 0.0100961 0.00974049 0.00973482 0.00826854 0.00897179 0.009053 0.0079031 0.0109555 0.00973482 0.00826854 0.00897179 0.00817881 0.00822097 0.00753351 0.00547909 0.00680481 0.011901 0.00596783 0.00536559 0.010693 0.00547909 0.00680481 0.011901 0.00368541 0.00648051 0.0125803 0.0126317 0.00700878 0.00871286 0.0106172 0.0061586 0.00884653 0.0126317 0.00700878 0.00871286 0.0137968 0.00708503 0.0105313 0.0126317 0.00700878 0.00871286 0.0147465 0.00741987 0.00833856 0.00781705 0.00683899 0.0126454 0.0079913 0.00761103 0.0143987 0.00781705 0.00683899 0.0126454 0.00787271 0.0090787 0.0125727 0.00872367 0.00391884 0.00886091 0.00760515 0.0042274 0.00728987 0.00872367 0.00391884 0.00886091 0.00906508 0.00223346 0.00795407 0.00140595 0.0016411 0.0145374 0.00318155 0.0014035 0.0139873 0.00386171 0.00270794 0.00802837 0.00255816 0.00114621 0.00710047 0.00386171 0.00270794 0.00802837 0.00541196 0.00333014 0.00665278 0.00501401 0.00925255 0.00568857 0.00676824 0.0091283 0.00445074 0.00501401 0.00925255 0.00568857 0.00404456 0.00864856 0.00752236 0.0124689 0.00812599 0.00436228 0.0115477 0.00659241 0.00495397 0.0124689 0.00812599 0.00436228 0.0128722 0.0100815 0.00515816 0.0119348 0.00572724 0.0104921 0.0106172 0.0061586 0.00884653 0.0119348 0.00572724 0.0104921 0.0113986 0.00787863 0.0104791 0.0119348 0.00572724 0.0104921 0.0134051 0.00505072 0.0118767 0.0119348 0.00572724 0.0104921 0.00988032 0.00569896 0.0111818 0.00697578 0.00371731 0.0106163 0.00596783 0.00536559 0.010693 0.00697578 0.00371731 0.0106163 0.00729414 0.00333063 0.0124551 0.0066188 0.0145815 0.00723761 0.00603778 0.0164817545204829 0.00717034 0.0066188 0.0145815 0.00723761 0.00790977 0.0159251345204829 0.00657309 0.0066188 0.0145815 0.00723761 0.00687735 0.0143408 0.00513623 0.00562226 0.00477273 0.00132247 0.00572299 0.00380241 0.00301698 0.00562226 0.00477273 0.00132247 0.00358764 0.0043882 0.00196482 0.00562226 0.00477273 0.00132247 0.00670747 0.00583542 0.00290594 0.00596783 0.00536559 0.010693 0.00527292 0.00713916 0.00961492 0.00596783 0.00536559 0.010693 0.00429788 0.00460278 0.00953474 0.00729414 0.00333063 0.0124551 0.00703731 0.00147038 0.0130426 0.00236701 0.0149398 0.00212329 0.0034757 0.0142895 0.0008510779999999999 0.00236701 0.0149398 0.00212329 0.00125962 0.014085 0.00337117 0.00236701 0.0149398 0.00212329 0.00389386 0.013466 0.00280387 0.00236701 0.0149398 0.00212329 0.00150798 0.0166718945204829 0.00109445 0.00236701 0.0149398 0.00212329 0.00132069 0.016268289520482898 0.00340791 0.00269748 0.00373721 0.00383797 0.00358764 0.0043882 0.00196482 0.0144285 0.00342394 0.0130015 0.0134051 0.00505072 0.0118767 0.0144285 0.00342394 0.0130015 0.0132164 0.00464896 0.0142442 0.014394 0.0147198 0.00818975 0.0145161 0.0163859545204829 0.00961945 0.0136472 0.006821 0.0130219 0.0151635 0.00648948 0.0120217 0.0136472 0.006821 0.0130219 0.0150834 0.00832007 0.0133538 0.0136472 0.006821 0.0130219 0.0134051 0.00505072 0.0118767 0.0136472 0.006821 0.0130219 0.0119641 0.0066168 0.0141512 0.0108772 0.0129161 0.00181871 0.0118046 0.0110655 0.00245696 0.013759 0.0108389 0.00784852 0.0154549893204829 0.00995715 0.00799865 0.002086 0.00987322 0.0108939 0.00177003 0.0106641 0.00911158 0.002086 0.00987322 0.0108939 0.000803853 0.00855083 0.0115832 0.002086 0.00987322 0.0108939 0.00349408 0.00984074 0.0121777 0.002086 0.00987322 0.0108939 0.00358582 0.0112819 0.0101736 0.0106617 0.0102324 0.00420182 0.00962222 0.0113023 0.00289497 0.0106617 0.0102324 0.00420182 0.0106884 0.0107356 0.00604621 0.0106617 0.0102324 0.00420182 0.0118046 0.0110655 0.00245696 0.00760515 0.0042274 0.00728987 0.00899819 0.00313438 0.00595921 0.0147426 0.012606 0.00667052 0.0141476 0.0130014 0.00491582 0.0147426 0.012606 0.00667052 0.016632244520482897 0.0116434 0.00723613 0.000772106 0.00917672 0.000891831 0.00286447 0.009734 0.0011025 0.000772106 0.00917672 0.000891831 0.000727052 0.00813109 0.00273617 0.0128459 0.00868162 0.0144002 0.0110828 0.010023 0.0142771 0.0127752 0.0139847 0.00230137 0.0116912 0.0149773 0.00096492 0.00206314 0.0089518 0.00458818 0.0008854359999999999 0.00966532 0.00602013 0.00206314 0.0089518 0.00458818 0.002976 0.010311 0.00605346 0.00206314 0.0089518 0.00458818 0.0018216 0.0105733 0.00310661 0.00206314 0.0089518 0.00458818 0.00025675700000000004 0.00786836 0.00497188 0.00863629 0.00430558 0.0144603 0.0107363 0.00464063 0.0140857 0.00139906 0.0022093 0.00850697 0.00255816 0.00114621 0.00710047 0.000519877 0.00761316 0.010058 0.000803853 0.00855083 0.0115832 0.000519877 0.00761316 0.010058 -0.0015738345204828997 0.00708503 0.0105313 0.000519877 0.00761316 0.010058 -0.0006241345204829002 0.00741987 0.00833856 0.0066216 0.0078737 0.00612172 0.00488582 0.00666235 0.00631211 0.0066216 0.0078737 0.00612172 0.00676824 0.0091283 0.00445074 0.0066216 0.0078737 0.00612172 0.00817881 0.00822097 0.00753351 0.00177003 0.0106641 0.00911158 0.00198955 0.0125949 0.00943874 0.00177003 0.0106641 0.00911158 0.00358582 0.0112819 0.0101736 0.00177003 0.0106641 0.00911158 0.00126161 0.0116434 0.00723613 0.000885436 0.00966532 0.00602013 0.002976 0.010311 0.00605346 0.000885436 0.00966532 0.00602013 0.00025675699999999993 0.00786836 0.00497188 0.0063218 0.0125101 0.00426012 0.00552444 0.0108269 0.00453722 0.0063218 0.0125101 0.00426012 0.00723472 0.0109701 0.00343743 0.0063218 0.0125101 0.00426012 0.00542242 0.0116958 0.00257056 0.0063218 0.0125101 0.00426012 0.00687735 0.0143408 0.00513623 0.00892088 0.00514356 0.00129141 0.0107403 0.0055451 0.00180551 0.00892088 0.00514356 0.00129141 0.00859229 0.00485768 0.00319335 0.00625872 0.00230596 0.00867378 0.00603778 0.00111112 0.00717034 0.0121634 0.0143626 0.00679055 0.0106021 0.0130877 0.00764289 0.0121634 0.0143626 0.00679055 0.0108315 0.016007704520482897 0.00626549 0.00695371 0.0147786 0.0122093 0.00872676 0.0148175 0.0113207 0.00695371 0.0147786 0.0122093 0.00647566 0.0164182945204829 0.0108102 0.00695371 0.0147786 0.0122093 0.0078991 0.0141693 0.0141394 8.43548e-05 0.00995715 0.00799865 -0.0011663345204828998 0.00878106 0.00656703 8.43548e-05 0.00995715 0.00799865 0.00126161 0.0116434 0.00723613 0.015169 0.0101144 0.011814 0.0161744875204829 0.00855083 0.0115832 0.00603778 0.00111112 0.00717034 0.00708603 0.00226918 0.00604545 0.0141363 0.00826352 0.00175616 0.0160976865204829 0.00813109 0.00273617 0.0131778 0.00166347 0.000956286 0.0136293 -0.00017753452048290008 0.000883264 0.0107403 0.0055451 0.00180551 0.0103754 0.006324 0.00347663 0.00453691 0.00942341 0.00954167 0.00404456 0.00864856 0.00752236 0.00453691 0.00942341 0.00954167 0.00358582 0.0112819 0.0101736 0.00962222 0.0113023 0.00289497 0.0118046 0.0110655 0.00245696 0.0026326 0.00369939 0.0105278 0.00253931 0.00484977 0.0121283 0.0026326 0.00369939 0.0105278 0.00109812 0.00349856 0.0116007 0.0026326 0.00369939 0.0105278 0.00332749 0.00282902 0.0123916 0.0026326 0.00369939 0.0105278 0.00429788 0.00460278 0.00953474 0.0120467 0.0108003 0.0126983 0.0120431 0.0125817 0.0117104 0.0120467 0.0108003 0.0126983 0.0110828 0.010023 0.0142771 0.00874637 0.0122671 0.00818002 0.0106021 0.0130877 0.00764289 0.00874637 0.0122671 0.00818002 0.00760919 0.0117553 0.00983223 0.00874637 0.0122671 0.00818002 0.00757262 0.0105256 0.00773959 0.00641682 0.0122244 0.00702925 0.00757262 0.0105256 0.00773959 0.00552444 0.0108269 0.00453722 0.00676824 0.0091283 0.00445074 0.00552444 0.0108269 0.00453722 0.00542242 0.0116958 0.00257056 0.0103754 0.006324 0.00347663 0.0115477 0.00659241 0.00495397 0.00576113 0.00496984 0.00514114 0.00488582 0.00666235 0.00631211 0.00996983 0.00162457 0.00463433 0.011736 0.00066532 0.00405254 0.00996983 0.00162457 0.00463433 0.00966264 0.00154015 0.00253213 0.00996983 0.00162457 0.00463433 0.0108315 0.00063707 0.00626549 0.00996983 0.00162457 0.00463433 0.00899819 0.00313438 0.00595921 0.00996983 0.00162457 0.00463433 0.0112204 0.00325932 0.00515858 0.0116912 0.0149773 0.00096492 0.0136293 0.0151931 0.000883264 0.0116912 0.0149773 0.00096492 0.00959524 0.0147618 0.00155384 0.00953084 0.00657841 0.0070626 0.0106172 0.0061586 0.00884653 0.00953084 0.00657841 0.0070626 0.010236 0.00840283 0.00599713 0.00953084 0.00657841 0.0070626 0.00817881 0.00822097 0.00753351 0.00291999 0.00322739 0.0144818 0.00318155 0.0014035 0.0139873 0.00291999 0.00322739 0.0144818 0.00332749 0.00282902 0.0123916 0.00291999 0.00322739 0.0144818 0.00308504 0.00529079 0.0142464 0.00616535 0.00772151 0.00208443 0.00487931 0.00937461 0.00280342 0.00616535 0.00772151 0.00208443 0.00522698 0.0073251 0.0040587 0.00616535 0.00772151 0.00208443 0.00417548 0.00707696 0.00185079 0.00616535 0.00772151 0.00208443 0.00670747 0.00583542 0.00290594 0.00790977 0.0005545 0.00657309 0.00708603 0.00226918 0.00604545 0.00253931 0.00484977 0.0121283 0.00098502 0.0053282 0.0111163 0.00253931 0.00484977 0.0121283 0.00332749 0.00282902 0.0123916 0.00253931 0.00484977 0.0121283 0.00300831 0.00642562 0.010603 0.00253931 0.00484977 0.0121283 0.00308504 0.00529079 0.0142464 0.00708603 0.00226918 0.00604545 0.00541196 0.00333014 0.00665278 0.00708603 0.00226918 0.00604545 0.00547061 0.00220868 0.00452783 0.00708603 0.00226918 0.00604545 0.00899819 0.00313438 0.00595921 0.00723472 0.0109701 0.00343743 0.00676824 0.0091283 0.00445074 0.00723472 0.0109701 0.00343743 0.00542242 0.0116958 0.00257056 0.00859229 0.00485768 0.00319335 0.00670747 0.00583542 0.00290594 0.00109812 0.00349856 0.0116007 0.00098502 0.0053282 0.0111163 0.00572299 0.00380241 0.00301698 0.00547061 0.00220868 0.00452783 0.0151635 0.00648948 0.0120217 0.016355654520482897 0.0053282 0.0111163 0.0151635 0.00648948 0.0120217 0.0137968 0.00708503 0.0105313 0.0151635 0.00648948 0.0120217 0.0168817545204829 0.00661975 0.013202 0.00368541 0.00648051 0.0125803 0.00300831 0.00642562 0.010603 0.00368541 0.00648051 0.0125803 0.00308504 0.00529079 0.0142464 0.0034757 0.0142895 0.000851078 0.00389386 0.013466 0.00280387 0.0131829 0.00249219 0.0143918 0.0132164 0.00464896 0.0142442 0.00318155 0.0014035 0.0139873 0.003511 -0.00019963452048289893 0.0131598 0.00318155 0.0014035 0.0139873 0.00332749 0.00282902 0.0123916 0.00906508 0.00223346 0.00795407 0.00899819 0.00313438 0.00595921 0.000803853 0.00855083 0.0115832 -0.0002872345204828991 0.00832007 0.0133538 0.00248374 0.0151863 0.00540234 0.00255816 0.0165168445204829 0.00710047 0.00248374 0.0151863 0.00540234 0.00047822299999999984 0.0143084 0.00535659 0.00248374 0.0151863 0.00540234 0.00259572 0.0131113 0.00478786 0.0097276 0.00238535 0.00987972 0.00864119 0.00172406 0.011622 0.0097276 0.00238535 0.00987972 0.0114463 0.00207711 0.00861686 0.0115477 0.00659241 0.00495397 0.012717 0.00497249 0.00564253 0.00703731 0.00147038 0.0130426 0.00864119 0.00172406 0.011622 0.003511 0.015171 0.0131598 0.0041845 0.0156414225204829 0.0112352 0.00240649 0.00685607 0.00344709 0.000727052 0.00813109 0.00273617 0.0141476 0.0130014 0.00491582 0.0138166 0.0150889 0.00444539 0.0141476 0.0130014 0.00491582 0.0159670455204829 0.0117735 0.00480197 0.0141476 0.0130014 0.00491582 0.0149669 0.0129066 0.00285924 0.0141476 0.0130014 0.00491582 0.0158488575204829 0.0143084 0.00535659 0.0103426 0.00140231 0.0128859 0.00864119 0.00172406 0.011622 0.0103426 0.00140231 0.0128859 0.0124797 0.00120012 0.0124975 0.00198955 0.0125949 0.00943874 0.00358582 0.0112819 0.0101736 0.0102956 0.00903363 0.0124232 0.009053 0.0079031 0.0109555 0.0102956 0.00903363 0.0124232 0.0110828 0.010023 0.0142771 0.00125962 0.014085 0.00337117 -0.00040373452048289874 0.0129066 0.00285924 0.00125962 0.014085 0.00337117 0.00047822300000000006 0.0143084 0.00535659 0.00125962 0.014085 0.00337117 0.00259572 0.0131113 0.00478786 0.00125962 0.014085 0.00337117 0.00132069 0.016268289520482898 0.00340791 0.00349408 0.00984074 0.0121777 0.00423907 0.0107346 0.0139761 0.00286447 0.009734 0.0011025 0.0018216 0.0105733 0.00310661 0.00864119 0.00172406 0.011622 0.00647566 0.00104766 0.0108102 0.0142043 0.00878106 0.00656703 0.0128722 0.0100815 0.00515816 0.0142043 0.00878106 0.00656703 0.0147465 0.00741987 0.00833856 0.0142043 0.00878106 0.00656703 0.015627391520482897 0.00786836 0.00497188 0.0106021 0.0130877 0.00764289 0.0114087 0.0138141 0.00980987 0.00255816 0.00114621 0.00710047 0.00232622 0.00341988 0.00624313 0.0138166 0.0150889 0.00444539 0.011736 0.016035954520482898 0.00405254 0.0138166 0.0150889 0.00444539 0.0158488575204829 0.0143084 0.00535659 0.0138166 0.0150889 0.00444539 0.0148598 0.0172021845204829 0.00485025 0.000265837 0.00514675 0.0032108 -0.0020855345204828994 0.00466757 0.0026714 0.000596411 0.0117735 0.00480197 -0.00040373452048289896 0.0129066 0.00285924 0.000596411 0.0117735 0.00480197 0.00259572 0.0131113 0.00478786 0.000596411 0.0117735 0.00480197 0.0018216 0.0105733 0.00310661 0.00487931 0.00937461 0.00280342 0.00522698 0.0073251 0.0040587 0.00487931 0.00937461 0.00280342 0.00542242 0.0116958 0.00257056 0.011736 0.00066532 0.00405254 0.0118559 0.00265954 0.0028569 0.011736 0.00066532 0.00405254 0.0108315 0.00063707 0.00626549 0.00389386 0.013466 0.00280387 0.00259572 0.0131113 0.00478786 0.00389386 0.013466 0.00280387 0.00542242 0.0116958 0.00257056 0.0125126 0.0140022 0.0137814 0.0103195 0.0129423 0.0135931 0.00959524 0.0147618 0.00155384 0.00794846 0.0153104 0.00326511 0.00959524 0.0147618 0.00155384 0.00966264 0.016910784520482898 0.00253213 0.00959524 0.0147618 0.00155384 0.00776734 0.0163150735204829 0.00111534 0.0114087 0.0138141 0.00980987 0.0120431 0.0125817 0.0117104 0.0107363 0.00464063 0.0140857 0.0132164 0.00464896 0.0142442 0.0107363 0.00464063 0.0140857 0.0119641 0.0066168 0.0141512 0.00204686 0.00637336 0.00117652 0.00417548 0.00707696 0.00185079 0.0137165 0.00929045 0.00956968 0.0137968 0.00708503 0.0105313 0.0137165 0.00929045 0.00956968 0.0147465 0.00741987 0.00833856 0.00709482 0.0119501 0.0142682 0.0068171 0.0116391 0.0119993 0.00709482 0.0119501 0.0142682 0.0078991 0.0141693 0.0141394 0.00522698 0.0073251 0.0040587 0.00488582 0.00666235 0.00631211 0.00522698 0.0073251 0.0040587 0.00676824 0.0091283 0.00445074 0.00522698 0.0073251 0.0040587 0.00417548 0.00707696 0.0018507899999999997 0.00522698 0.0073251 0.0040587 0.00670747 0.00583542 0.00290594 0.0068171 0.0116391 0.0119993 0.00760919 0.0117553 0.00983223 0.0119203 0.00429212 0.00786969 0.0106172 0.0061586 0.00884653 0.0119203 0.00429212 0.00786969 0.0140576 0.00533103 0.00758861 0.0119203 0.00429212 0.00786969 0.0114463 0.00207711 0.00861686 0.0119203 0.00429212 0.00786969 0.012717 0.00497249 0.00564253 0.0119203 0.00429212 0.00786969 0.0137817 0.00307043 0.00676854 0.00527292 0.00713916 0.00961492 0.00352808 0.00641109 0.00817625 0.0106172 0.0061586 0.00884653 0.0113986 0.00787863 0.0104791 0.0106172 0.0061586 0.00884653 0.008276 0.00645263 0.00919447 0.0106172 0.0061586 0.00884653 0.00988032 0.00569896 0.0111818 0.00787271 0.0090787 0.0125727 0.009053 0.0079031 0.0109555 0.012392 0.0035215 0.0102817 0.0114463 0.00207711 0.00861686 0.012392 0.0035215 0.0102817 0.0134051 0.00505072 0.0118767 0.000478223 0.0143084 0.00535659 0.00185793 0.0139856 0.00720806 0.000478223 0.0143084 0.00535659 0.00259572 0.0131113 0.00478786 0.00300831 0.00642562 0.010603 0.00352808 0.00641109 0.00817625 0.00300831 0.00642562 0.010603 0.00429788 0.00460278 0.00953474 0.00488582 0.00666235 0.00631211 0.00352808 0.00641109 0.00817625 0.00488582 0.00666235 0.00631211 0.00404456 0.00864856 0.00752236 0.0140576 0.00533103 0.00758861 0.012717 0.00497249 0.00564253 0.0140576 0.00533103 0.00758861 0.0147465 0.00741987 0.00833856 0.0140576 0.00533103 0.00758861 0.0137817 0.00307043 0.00676854 0.00352808 0.00641109 0.00817625 0.00404456 0.00864856 0.00752236 0.00352808 0.00641109 0.00817625 0.00429788 0.00460278 0.00953474 0.00541196 0.00333014 0.00665278 0.00547061 0.00220868 0.00452783 0.00150798 0.00130126 0.00109445 0.00132069 0.000897655 0.00340791 0.00150798 0.00130126 0.00109445 -0.00018173452048290007 0.00300748 0.00131104 0.00404456 0.00864856 0.00752236 0.002976 0.010311 0.00605346 0.00647566 0.00104766 0.0108102 0.0041845 0.000270788 0.0112352 0.0137968 0.00708503 0.0105313 0.0134051 0.00505072 0.0118767 0.0137968 0.00708503 0.0105313 0.0147465 0.00741987 0.00833856 0.00730094 0.00931706 0.010022 0.009053 0.0079031 0.0109555 0.00730094 0.00931706 0.010022 0.00760919 0.0117553 0.00983223 0.009053 0.0079031 0.0109555 0.0113986 0.00787863 0.0104791 0.009053 0.0079031 0.0109555 0.008276 0.00645263 0.00919447 0.009053 0.0079031 0.0109555 0.00988032 0.00569896 0.0111818 0.00308504 0.00529079 0.0142464 0.00151112 0.00661975 0.013202 0.00308504 0.00529079 0.0142464 0.0007786429999999999 0.0044607 0.0142257 0.00358764 0.0043882 0.00196482 0.00390924 0.00208158 0.00278571 0.00151112 0.00661975 0.013202 0.000778643 0.0044607 0.0142257 0.00151112 0.00661975 0.013202 -0.00028723452048289846 0.00832007 0.0133538 0.00185793 0.0139856 0.00720806 0.00358932 0.0124559 0.00693932 0.00185793 0.0139856 0.00720806 0.00126161 0.0116434 0.00723613 0.00358932 0.0124559 0.00693932 0.002976 0.010311 0.00605346 0.00358932 0.0124559 0.00693932 0.00259572 0.0131113 0.00478786 0.00358932 0.0124559 0.00693932 0.0012616099999999998 0.0116434 0.00723613 0.0055355 0.000255031 0.0029715 0.00794846 -6.023452048289842e-05 0.00326511 0.0055355 0.000255031 0.0029715 0.00547061 0.00220868 0.00452783 0.0055355 0.000255031 0.0029715 0.00390924 0.00208158 0.00278571 0.0118559 0.00265954 0.0028569 0.00966264 0.00154015 0.00253213 0.0118559 0.00265954 0.0028569 0.0132851 0.00466757 0.0026714 0.0118559 0.00265954 0.0028569 0.0112204 0.00325932 0.00515858 0.002976 0.010311 0.00605346 0.00126161 0.0116434 0.00723613 0.00794846 0.0153104 0.00326511 0.00966264 0.016910784520482898 0.00253213 0.00794846 0.0153104 0.00326511 0.00776734 0.0163150735204829 0.0011153400000000003 0.00794846 0.0153104 0.00326511 0.00687735 0.0143408 0.00513623 0.00966264 0.00154015 0.00253213 0.00776734 0.000944439 0.00111534 0.008276 0.00645263 0.00919447 0.00817881 0.00822097 0.00753351 0.0134051 0.00505072 0.0118767 0.0132164 0.00464896 0.0142442 0.000727052 0.00813109 0.00273617 0.000256757 0.00786836 0.00497188 0.0132164 0.00464896 0.0142442 0.0119641 0.0066168 0.0141512 0.00547061 0.00220868 0.00452783 0.00390924 0.00208158 0.00278571 0.012717 0.00497249 0.00564253 0.0137817 0.00307043 0.00676854 0.012717 0.00497249 0.00564253 0.0112204 0.00325932 0.00515858 0.00760919 0.0117553 0.00983223 0.00757262 0.0105256 0.00773959 0.00757262 0.0105256 0.00773959 0.00817881 0.00822097 0.00753351 0.00899819 0.00313438 0.00595921 0.0112204 0.00325932 0.00515858</DataArray>
</Points><Lines>
<DataArray type="Int64" Name="connectivity" format="ascii">0 1 2 3 4 5 6 7 8 9 10 11 12 13 14 15 16 17 18 19 20 21 22 23 24 25 26 27 28 29 30 31 32 33 34 35 36 37 38 39 40 41 42 43 44 45 46 47 48 49 50 51 52 53 54 55 56 57 58 59 60 61 62 63 64 65 66 67 68 69 70 71 72 73 74 75 76 77 78 79 80 81 82 83 84 85 86 87 88 89 90 91 92 93 94 95 96 97 98 99 100 101 102 103 104 105 106 107 108 109 110 111 112 113 114 115 116 117 118 119 120 121 122 123 124 125 126 127 128 129 130 131 132 133 134 135 136 137 138 139 140 141 142 143 144 145 146 147 148 149 150 151 152 153 154 155 156 157 158 159 160 161 162 163 164 165 166 167 168 169 170 171 172 173 174 175 176 177 178 179 180 181 182 183 184 185 186 187 188 189 190 191 192 193 194 195 196 197 198 199 200 201 202 203 204 205 206 207 208 209 210 211 212 213 214 215 216 217 218 219 220 221 222 223 224 225 226 227 228 229 230 231 232 233 234 235 236 237 238 239 240 241 242 243 244 245 246 247 248 249 250 251 252 253 254 255 256 257 258 259 260 261 262 263 264 265 266 267 268 269 270 271 272 273 274 275 276 277 278 279 280 281 282 283 284 285 286 287 288 289 290 291 292 293 294 295 296 297 298 299 300 301 302 303 304 305 306 307 308 309 310 311 312 313 314 315 316 317 318 319 320 321 322 323 324 325 326 327 328 329 330 331 332 333 334 335 336 337 338 339 340 341 342 343 344 345 346 347 348 349 350 351 352 353 354 355 356 357 358 359 360 361 362 363 364 365 366 367 368 369 370 371 372 373 374 375 376 377 378 379 380 381 382 383 384 385 386 387 388 389 390 391 392 393 394 395 396 397 398 399 400 401 402 403 404 405 406 407 408 409 410 411 412 413 414 415 416 417 418 419 420 421 422 423 424 425 426 427 428 429 430 431 432 433 434 435 436 437 438 439 440 441 442 443 444 445 446 447 448 449 450 451 452 453 454 455 456 457 458 459 460 461 462 463 464 465 466 467 468 469 470 471 472 473 474 475 476 477 478 479 480 481 482 483 484 485 486 487 488 489 490 491 492 493 494 495 496 497 498 499 500 501 502 503 504 505 506 507 508 509 510 511 512 513 514 515 516 517 518 519 520 521 522 523 524 525 526 527 528 529 530 531 532 533 534 535 536 537 538 539 540 541 542 543 544 545 546 547 548 549 550 551 552 553 554 555 556 557 558 559 560 561 562 563 564 565 566 567 568 569 570 571 572 573 574 575 576 577 578 579 580 581 582 583 584 585 586 587 588 589 590 591 592 593 594 595 596 597 598 599 600 601 602 603 604 605 606 607 608 609 610 611 612 613 614 615 616 617 618 619 620 621 622 623 624 625 626 627 628 629 630 631 632 633 634 635 636 637 638 639 640 641 642 643 644 645 646 647 648 649 650 651 652 653 654 655 656 657 658 659 660 661 662 663 664 665 666 667 668 669 670 671 672 673 674 675 676 677 678 679 680 681 682 683 684 685 686 687 688 689 690 691 692 693 694 695 696 697 698 699 700 701 702 703 704 705 706 707 708 709 710 711 712 713 714 715 716 717 718 719 720 721 722 723 724 725 726 727 728 729 730 731 732 733 734 735 736 737 738 739 740 741 742 743 744 745 746 747 748 749 750 751 752 753 754 755 756 757 758 759 760 761 762 763 764 765 766 767 768 769 770 771 772 773 774 775 776 777 778 779 780 781 782 783 784 785 786 787 788 789 790 791 792 793 794 795 796 797 798 799 800 801 802 803 804 805 806 807 808 809 810 811 812 813 814 815 816 817 818 819 820 821 822 823 824 825 826 827 828 829 830 831 832 833 834 835 836 837 838 839 840 841 842 843 844 845 846 847 848 849 850 851 852 853 854 855 856 857 858 859 860 861 862 863 864 865 866 867 868 869 870 871 872 873 874 875 876 877 878 879 880 881 882 883 884 885 886 887 888 889 890 891 892 893 894 895 896 897 898 899 900 901 902 903 904 905 906 907 908 909 910 911 912 913 914 915 916 917 918 919 920 921 922 923 924 925 926 927 928 929 930 931 932 933 934 935 936 937 938 939 940 941 942 943 944 945 946 947 948 949 950 951 952 953 954 955 956 957 958 959 960 961 962 963 964 965 966 967 968 969 970 971 972 973 974 975 976 977 978 979 980 981 982 983 984 985 986 987 988 989 990 991 992 993 994 995 996 997 998 999 1000 1001 1002 1003 1004 1005 1006 1007 1008 1009 1010 1011 1012 1013 1014 1015 1016 1017 1018 1019 1020 1021 1022 1023 1024 1025 1026 1027 1028 1029 1030 1031 1032 1033 1034 1035 1036 1037 1038 1039 1040 1041 1042 1043 1044 1045 1046 1047 1048 1049 1050 1051 1052 1053 1054 1055 1056 1057 1058 1059 1060 1061 1062 1063 1064 1065 1066 1067 1068 1069 1070 1071 1072 1073 1074 1075 1076 1077 1078 1079 1080 1081 1082 1083 1084 1085 1086 1087 1088 1089 1090 1091 1092 1093 1094 1095 1096 1097 1098 1099 1100 1101 1102 1103 1104 1105 1106 1107 1108 1109 1110 1111 1112 1113 1114 1115 1116 1117 1118 1119 1120 1121 1122 1123 1124 1125 1126 1127 1128 1129 1130 1131 1132 1133 1134 1135 1136 1137 1138 1139 1140 1141 1142 1143 1144 1145 1146 1147 1148 1149 1150 1151 1152 1153 1154 1155 1156 1157 1158 1159 1160 1161 1162 1163 1164 1165 1166 1167 1168 1169 1170 1171 1172 1173 1174 1175 1176 1177 1178 1179 1180 1181 1182 1183 1184 1185 1186 1187 1188 1189 1190 1191 1192 1193 1194 1195 1196 1197 1198 1199 1200 1201 1202 1203 1204 1205 1206 1207 1208 1209 1210 1211 1212 1213 1214 1215 1216 1217 1218 1219 1220 1221 1222 1223 1224 1225 1226 1227 1228 1229 1230 1231 1232 1233 1234 1235 1236 1237 1238 1239 1240 1241 1242 1243 1244 1245 1246 1247 1248 1249 1250 1251 1252 1253 1254 1255 1256 1257 1258 1259 1260 1261 1262 1263 1264 1265 1266 1267 1268 1269 1270 1271 1272 1273 1274 1275 1276 1277 1278 1279 1280 1281 1282 1283 1284 1285 1286 1287 1288 1289 1290 1291 1292 1293 1294 1295 1296 1297 1298 1299 1300 1301 1302 1303 1304 1305 1306 1307 1308 1309 1310 1311 1312 1313 1314 1315 1316 1317 1318 1319 1320 1321 1322 1323 1324 1325 1326 1327 1328 1329 1330 1331 1332 1333 1334 1335 1336 1337 1338 1339 1340 1341 1342 1343 1344 1345 1346 1347 1348 1349 1350 1351 1352 1353 1354 1355 1356 1357 1358 1359 1360 1361 1362 1363 1364 1365 1366 1367 1368 1369 1370 1371 1372 1373 1374 1375 1376 1377 1378 1379 1380 1381 1382 1383 1384 1385 1386 1387 1388 1389 1390 1391 1392 1393 1394 1395 1396 1397 1398 1399 1400 1401 1402 1403 1404 1405 1406 1407 1408 1409 1410 1411 1412 1413 1414 1415 1416 1417 1418 1419 1420 1421 1422 1423 1424 1425 1426 1427 1428 1429 1430 1431 1432 1433 1434 1435 1436 1437 1438 1439 1440 1441 1442 1443 1444 1445 1446 1447 1448 1449 1450 1451 1452 1453 1454 1455 1456 1457 1458 1459 1460 1461 1462 1463 1464 1465 1466 1467 1468 1469 1470 1471 1472 1473 1474 1475 1476 1477 1478 1479 1480 1481 1482 1483 1484 1485 1486 1487 1488 1489 1490 1491 1492 1493 1494 1495 1496 1497 1498 1499 1500 1501 1502 1503 1504 1505 1506 1507 1508 1509 1510 1511 1512 1513 1514 1515 1516 1517 1518 1519 1520 1521 1522 1523 1524 1525 1526 1527 1528 1529 1530 1531 1532 1533 1534 1535 1536 1537 1538 1539 1540 1541 1542 1543 1544 1545 1546 1547 1548 1549 1550 1551 1552 1553 1554 1555 1556 1557 1558 1559 1560 1561 1562 1563 1564 1565 1566 1567 1568 1569 1570 1571 1572 1573 1574 1575 1576 1577 1578 1579 1580 1581 1582 1583 1584 1585 1586 1587 1588 1589 1590 1591 1592 1593 1594 1595 1596 1597 1598 1599 1600 1601 1602 1603 1604 1605 1606 1607 1608 1609 1610 1611 1612 1613 1614 1615 1616 1617 1618 1619 1620 1621 1622 1623 1624 1625 1626 1627 1628 1629 1630 1631 1632 1633 1634 1635 1636 1637 1638 1639 1640 1641 1642 1643 1644 1645 1646 1647 1648 1649 1650 1651 1652 1653 1654 1655 1656 1657 1658 1659 1660 1661 1662 1663 1664 1665 1666 1667 1668 1669 1670 1671 1672 1673 1674 1675 1676 1677 1678 1679 1680 1681 1682 1683 1684 1685 1686 1687 1688 1689 1690 1691 1692 1693 1694 1695 1696 1697 1698 1699 1700 1701 1702 1703 1704 1705 1706 1707 1708 1709 1710 1711 1712 1713 1714 1715 1716 1717 1718 1719 1720 1721 1722 1723 1724 1725 1726 1727 1728 1729 1730 1731 1732 1733 1734 1735 1736 1737 1738 1739 1740 1741 1742 1743 1744 1745 1746 1747 1748 1749 1750 1751 1752 1753 1754 1755 1756 1757 1758 1759 1760 1761 1762 1763 1764 1765 1766 1767 1768 1769 1770 1771 1772 1773 1774 1775 1776 1777 1778 1779 1780 1781 1782 1783 1784 1785 1786 1787 1788 1789 1790 1791 1792 1793 1794 1795 1796 1797 1798 1799 1800 1801 1802 1803 1804 1805 1806 1807 1808 1809 1810 1811 1812 1813 1814 1815 1816 1817 1818 1819 1820 1821 1822 1823 1824 1825 1826 1827 1828 1829 1830 1831 1832 1833 1834 1835 1836 1837 1838 1839 1840 1841 1842 1843 1844 1845 1846 1847 1848 1849 1850 1851 1852 1853 1854 1855 1856 1857 1858 1859 1860 1861 1862 1863 1864 1865 1866 1867 1868 1869 1870 1871 1872 1873 1874 1875 1876 1877 1878 1879 1880 1881 1882 1883 1884 1885 1886 1887 1888 1889 1890 1891 1892 1893 1894 1895 1896 1897 1898 1899 1900 1901 1902 1903 1904 1905 1906 1907 1908 1909 1910 1911 1912 1913 1914 1915 1916 1917 1918 1919 1920 1921 1922 1923 1924 1925 1926 1927 1928 1929 1930 1931 1932 1933 1934 1935 1936 1937 1938 1939 1940 1941 1942 1943 1944 1945 1946 1947 1948 1949 1950 1951 1952 1953 1954 1955 1956 1957 1958 1959 1960 1961 1962 1963 1964 1965 1966 1967 1968 1969 1970 1971 1972 1973 1974 1975 1976 1977 1978 1979 1980 1981 1982 1983 1984 1985 1986 1987 1988 1989 1990 1991 1992 1993 1994 1995 1996 1997 1998 1999 2000 2001 2002 2003 2004 2005 2006 2007 2008 2009 2010 2011 2012 2013 2014 2015 2016 2017 2018 2019 2020 2021 2022 2023 2024 2025 2026 2027 2028 2029 2030 2031 2032 2033 2034 2035 2036 2037 2038 2039 2040 2041 2042 2043 2044 2045 2046 2047 2048 2049 2050 2051 2052 2053 2054 2055 2056 2057 2058 2059 2060 2061 2062 2063 2064 2065 2066 2067 2068 2069 2070 2071 2072 2073 2074 2075 2076 2077 2078 2079 2080 2081 2082 2083 2084 2085 2086 2087 2088 2089 2090 2091 2092 2093 2094 2095 2096 2097 2098 2099 2100 2101 2102 2103 2104 2105 2106 2107 2108 2109 2110 2111 2112 2113 2114 2115 2116 2117 2118 2119 2120 2121 2122 2123 2124 2125 2126 2127 2128 2129 2130 2131 2132 2133 2134 2135 2136 2137 2138 2139 2140 2141 2142 2143 2144 2145 2146 2147 2148 2149 2150 2151 2152 2153 2154 2155 2156 2157 2158 2159 2160 2161 2162 2163 2164 2165 2166 2167 2168 2169 2170 2171 2172 2173 2174 2175 2176 2177 2178 2179 2180 2181 2182 2183 2184 2185 2186 2187 2188 2189 2190 2191 2192 2193 2194 2195 2196 2197 2198 2199 2200 2201 2202 2203 2204 2205 2206 2207 2208 2209 2210 2211 2212 2213 2214 2215 2216 2217 2218 2219 2220 2221 2222 2223 2224 2225 2226 2227 2228 2229 2230 2231 2232 2233 2234 2235 2236 2237 2238 2239 2240 2241 2242 2243 2244 2245 2246 2247 2248 2249 2250 2251 2252 2253 2254 2255 2256 2257 2258 2259 2260 2261 2262 2263 2264 2265 2266 2267 2268 2269 2270 2271 2272 2273 2274 2275 2276 2277 2278 2279 2280 2281 2282 2283 2284 2285 2286 2287 2288 2289 2290 2291 2292 2293 2294 2295 2296 2297 2298 2299 2300 2301 2302 2303 2304 2305 2306 2307 2308 2309 2310 2311 2312 2313 2314 2315 2316 2317 2318 2319 2320 2321 2322 2323 2324 2325 2326 2327 2328 2329 2330 2331 2332 2333 2334 2335 2336 2337 2338 2339 2340 2341 2342 2343 2344 2345 2346 2347 2348 2349 2350 2351 2352 2353 2354 2355 2356 2357 2358 2359 2360 2361 2362 2363 2364 2365 2366 2367 2368 2369 2370 2371 2372 2373 2374 2375 2376 2377 2378 2379 2380 2381 2382 2383 2384 2385 2386 2387 2388 2389 2390 2391 2392 2393 2394 2395 2396 2397 2398 2399 2400 2401 2402 2403 2404 2405 2406 2407 2408 2409 2410 2411 2412 2413 2414 2415 2416 2417 2418 2419 2420 2421 2422 2423 2424 2425 2426 2427 2428 2429 2430 2431 2432 2433 2434 2435 2436 2437 2438 2439 2440 2441 2442 2443 2444 2445 2446 2447 2448 2449 2450 2451 2452 2453 2454 2455 2456 2457 2458 2459 2460 2461 2462 2463 2464 2465 2466 2467 2468 2469 2470 2471 2472 2473 2474 2475 2476 2477 2478 2479 2480 2481 2482 2483 2484 2485 2486 2487 2488 2489 2490 2491 2492 2493 2494 2495 2496 2497 2498 2499 2500 2501 2502 2503 2504 2505 2506 2507 2508 2509 2510 2511 2512 2513 2514 2515 2516 2517 2518 2519 2520 2521 2522 2523 2524 2525 2526 2527 2528 2529 2530 2531 2532 2533 2534 2535 2536 2537 2538 2539 2540 2541 2542 2543 2544 2545 2546 2547 2548 2549 2550 2551 2552 2553 2554 2555 2556 2557 2558 2559 2560 2561 2562 2563 2564 2565 2566 2567 2568 2569 2570 2571 2572 2573 2574 2575 2576 2577 2578 2579 2580 2581 2582 2583 2584 2585 2586 2587 2588 2589 2590 2591 2592 2593 2594 2595 2596 2597 2598 2599 2600 2601 2602 2603 2604 2605 2606 2607 2608 2609 2610 2611 2612 2613 2614 2615 2616 2617 2618 2619 2620 2621 2622 2623 2624 2625 2626 2627 2628 2629 2630 2631 2632 2633 2634 2635 2636 2637 2638 2639 2640 2641 2642 2643 2644 2645 2646 2647 2648 2649 2650 2651 2652 2653 2654 2655 2656 2657 2658 2659 2660 2661 2662 2663 2664 2665 2666 2667 2668 2669 2670 2671 2672 2673 2674 2675 2676 2677 2678 2679 2680 2681 2682 2683 2684 2685</DataArray>
<DataArray type="Int64" Name="offsets" format="ascii">2 4 6 8 10 12 14 16 18 20 22 24 26 28 30 32 34 36 38 40 42 44 46 48 50 52 54 56 58 60 62 64 66 68 70 72 74 76 78 80 82 84 86 88 90 92 94 96 98 100 102 104 106 108 110 112 114 116 118 120 122 124 126 128 130 132 134 136 138 140 142 144 146 148 150 152 154 156 158 160 162 164 166 168 170 172 174 176 178 180 182 184 186 188 190 192 194 196 198 200 202 204 206 208 210 212 214 216 218 220 222 224 226 228 230 232 234 236 238 240 242 244 246 248 250 252 254 256 258 260 262 264 266 268 270 272 274 276 278 280 282 284 286 288 290 292 294 296 298 300 302 304 306 308 310 312 314 316 318 320 322 324 326 328 330 332 334 336 338 340 342 344 346 348 350 352 354 356 358 360 362 364 366 368 370 372 374 376 378 380 382 384 386 388 390 392 394 396 398 400 402 404 406 408 410 412 414 416 418 420 422 424 426 428 430 432 434 436 438 440 442 444 446 448 450 452 454 456 458 460 462 464 466 468 470 472 474 476 478 480 482 484 486 488 490 492 494 496 498 500 502 504 506 508 510 512 514 516 518 520 522 524 526 528 530 532 534 536 538 540 542 544 546 548 550 552 554 556 558 560 562 564 566 568 570 572 574 576 578 580 582 584 586 588 590 592 594 596 598 600 602 604 606 608 610 612 614 616 618 620 622 624 626 628 630 632 634 636 638 640 642 644 646 648 650 652 654 656 658 660 662 664 666 668 670 672 674 676 678 680 682 684 686 688 690 692 694 696 698 700 702 704 706 708 710 712 714 716 718 720 722 724 726 728 730 732 734 736 738 740 742 744 746 748 750 752 754 756 758 760 762 764 766 768 770 772 774 776 778 780 782 784 786 788 790 792 794 796 798 800 802 804 806 808 810 812 814 816 818 820 822 824 826 828 830 832 834 836 838 840 842 844 846 848 850 852 854 856 858 860 862 864 866 868 870 872 874 876 878 880 882 884 886 888 890 892 894 896 898 900 902 904 906 908 910 912 914 916 918 920 922 924 926 928 930 932 934 936 938 940 942 944 946 948 950 952 954 956 958 960 962 964 966 968 970 972 974 976 978 980 982 984 986 988 990 992 994 996 998 1000 1002 1004 1006 1008 1010 1012 1014 1016 1018 1020 1022 1024 1026 1028 1030 1032 1034 1036 1038 1040 1042 1044 1046 1048 1050 1052 1054 1056 1058 1060 1062 1064 1066 1068 1070 1072 1074 1076 1078 1080 1082 1084 1086 1088 1090 1092 1094 1096 1098 1100 1102 1104 1106 1108 1110 1112 1114 1116 1118 1120 1122 1124 1126 1128 1130 1132 1134 1136 1138 1140 1142 1144 1146 1148 1150 1152 1154 1156 1158 1160 1162 1164 1166 1168 1170 1172 1174 1176 1178 1180 1182 1184 1186 1188 1190 1192 1194 1196 1198 1200 1202 1204 1206 1208 1210 1212 1214 1216 1218 1220 1222 1224 1226 1228 1230 1232 1234 1236 1238 1240 1242 1244 1246 1248 1250 1252 1254 1256 1258 1260 1262 1264 1266 1268 1270 1272 1274 1276 1278 1280 1282 1284 1286 1288 1290 1292 1294 1296 1298 1300 1302 1304 1306 1308 1310 1312 1314 1316 1318 1320 1322 1324 1326 1328 1330 1332 1334 1336 1338 1340 1342 1344 1346 1348 1350 1352 1354 1356 1358 1360 1362 1364 1366 1368 1370 1372 1374 1376 1378 1380 1382 1384 1386 1388 1390 1392 1394 1396 1398 1400 1402 1404 1406 1408 1410 1412 1414 1416 1418 1420 1422 1424 1426 1428 1430 1432 1434 1436 1438 1440 1442 1444 1446 1448 1450 1452 1454 1456 1458 1460 1462 1464 1466 1468 1470 1472 1474 1476 1478 1480 1482 1484 1486 1488 1490 1492 1494 1496 1498 1500 1502 1504 1506 1508 1510 1512 1514 1516 1518 1520 1522 1524 1526 1528 1530 1532 1534 1536 1538 1540 1542 1544 1546 1548 1550 1552 1554 1556 1558 1560 1562 1564 1566 1568 1570 1572 1574 1576 1578 1580 1582 1584 1586 1588 1590 1592 1594 1596 1598 1600 1602 1604 1606 1608 1610 1612 1614 1616 1618 1620 1622 1624 1626 1628 1630 1632 1634 1636 1638 1640 1642 1644 1646 1648 1650 1652 1654 1656 1658 1660 1662 1664 1666 1668 1670 1672 1674 1676 1678 1680 1682 1684 1686 1688 1690 1692 1694 1696 1698 1700 1702 1704 1706 1708 1710 1712 1714 1716 1718 1720 1722 1724 1726 1728 1730 1732 1734 1736 1738 1740 1742 1744 1746 1748 1750 1752 1754 1756 1758 1760 1762 1764 1766 1768 1770 1772 1774 1776 1778 1780 1782 1784 1786 1788 1790 1792 1794 1796 1798 1800 1802 1804 1806 1808 1810 1812 1814 1816 1818 1820 1822 1824 1826 1828 1830 1832 1834 1836 1838 1840 1842 1844 1846 1848 1850 1852 1854 1856 1858 1860 1862 1864 1866 1868 1870 1872 1874 1876 1878 1880 1882 1884 1886 1888 1890 1892 1894 1896 1898 1900 1902 1904 1906 1908 1910 1912 1914 1916 1918 1920 1922 1924 1926 1928 1930 1932 1934 1936 1938 1940 1942 1944 1946 1948 1950 1952 1954 1956 1958 1960 1962 1964 1966 1968 1970 1972 1974 1976 1978 1980 1982 1984 1986 1988 1990 1992 1994 1996 1998 2000 2002 2004 2006 2008 2010 2012 2014 2016 2018 2020 2022 2024 2026 2028 2030 2032 2034 2036 2038 2040 2042 2044 2046 2048 2050 2052 2054 2056 2058 2060 2062 2064 2066 2068 2070 2072 2074 2076 2078 2080 2082 2084 2086 2088 2090 2092 2094 2096 2098 2100 2102 2104 2106 2108 2110 2112 2114 2116 2118 2120 2122 2124 2126 2128 2130 2132 2134 2136 2138 2140 2142 2144 2146 2148 2150 2152 2154 2156 2158 2160 2162 2164 2166 2168 2170 2172 2174 2176 2178 2180 2182 2184 2186 2188 2190 2192 2194 2196 2198 2200 2202 2204 2206 2208 2210 2212 2214 2216 2218 2220 2222 2224 2226 2228 2230 2232 2234 2236 2238 2240 2242 2244 2246 2248 2250 2252 2254 2256 2258 2260 2262 2264 2266 2268 2270 2272 2274 2276 2278 2280 2282 2284 2286 2288 2290 2292 2294 2296 2298 2300 2302 2304 2306 2308 2310 2312 2314 2316 2318 2320 2322 2324 2326 2328 2330 2332 2334 2336 2338 2340 2342 2344 2346 2348 2350 2352 2354 2356 2358 2360 2362 2364 2366 2368 2370 2372 2374 2376 2378 2380 2382 2384 2386 2388 2390 2392 2394 2396 2398 2400 2402 2404 2406 2408 2410 2412 2414 2416 2418 2420 2422 2424 2426 2428 2430 2432 2434 2436 2438 2440 2442 2444 2446 2448 2450 2452 2454 2456 2458 2460 2462 2464 2466 2468 2470 2472 2474 2476 2478 2480 2482 2484 2486 2488 2490 2492 2494 2496 2498 2500 2502 2504 2506 2508 2510 2512 2514 2516 2518 2520 2522 2524 2526 2528 2530 2532 2534 2536 2538 2540 2542 2544 2546 2548 2550 2552 2554 2556 2558 2560 2562 2564 2566 2568 2570 2572 2574 2576 2578 2580 2582 2584 2586 2588 2590 2592 2594 2596 2598 2600 2602 2604 2606 2608 2610 2612 2614 2616 2618 2620 2622 2624 2626 2628 2630 2632 2634 2636 2638 2640 2642 2644 2646 2648 2650 2652 2654 2656 2658 2660 2662 2664 2666 2668 2670 2672 2674 2676 2678 2680 2682 2684 2686</DataArray>
</Lines></Piece></PolyData></VTKFile>