<?xml version="1.0"?>
<VTKFile type="PolyData" version="0.1" byte_order="LittleEndian">
<PolyData>
<Piece NumberOfPoints="3540" NumberOfVerts="0" NumberOfLines="1770" NumberOfStrips="0" NumberOfPolys="0">
<CellData>
<DataArray type="Int32" Name="edge_kind" format="ascii">0 0 0 0 0 0 0 0 0 0 0 0 0 0 0 0 0 0 0 0 0 0 0 0 0 0 0 0 0 0 0 0 0 0 0 0 0 0 0 0 0 0 0 0 0 0 0 0 0 0 0 0 0 0 0 0 0 0 0 0 0 0 0 0 0 0 0 0 0 0 0 0 0 0 0 0 0 0 0 0 0 0 0 0 0 0 0 0 0 0 0 0 0 0 0 0 0 0 0 0 0 0 0 0 0 0 0 0 0 0 0 0 0 0 0 0 0 0 0 0 0 0 0 0 0 0 0 0 0 0 0 0 0 0 0 0 0 0 0 0 0 0 0 0 0 0 0 0 0 0 0 0 0 0 0 0 0 0 0 0 0 0 0 0 0 0 0 0 0 0 0 0 0 0 0 0 0 0 0 0 0 0 0 0 0 0 0 0 0 0 0 0 0 0 0 0 0 0 0 0 0 0 0 0 0 0 0 0 0 0 0 0 0 0 0 0 0 0 0 0 0 0 0 0 0 0 0 0 0 0 0 0 0 0 0 0 0 0 0 0 0 0 0 0 0 0 0 0 0 0 0 0 0 0 0 0 0 0 0 0 0 0 0 0 0 0 0 0 0 0 0 0 0 0 0 0 0 0 0 0 0 0 0 0 0 0 0 0 0 0 0 0 0 0 0 0 0 0 0 0 0 0 0 0 0 0 0 0 0 0 0 0 0 0 0 0 0 0 0 0 0 0 0 0 0 0 0 0 0 0 0 0 0 0 0 0 0 0 0 0 0 0 0 0 0 0 0 0 0 0 0 0 0 0 0 0 0 0 0 0 0 0 0 0 0 0 0 0 0 0 0 0 0 0 0 0 0 0 0 0 0 0 0 0 0 0 0 0 0 0 0 0 0 0 0 0 0 0 0 0 0 0 0 0 0 0 0 0 0 0 0 0 0 0 0 0 0 0 0 0 0 0 0 0 0 0 0 0 0 0 0 0 0 0 0 0 0 0 0 0 0 0 0 0 0 0 0 0 0 0 0 0 0 0 0 0 0 0 0 0 0 0 0 0 0 0 0 0 0 0 0 0 0 0 0 0 0 0 0 0 0 0 0 0 0 0 0 0 0 0 0 0 0 0 0 0 0 0 0 0 0 0 0 0 0 0 0 0 0 0 0 0 0 0 0 0 0 0 0 0 0 0 0 0 0 0 0 0 0 0 0 0 0 0 0 0 0 0 0 0 0 0 0 0 0 0 0 0 0 0 0 0 0 0 0 0 0 0 0 0 0 0 0 0 0 0 0 0 0 0 0 0 0 0 0 0 0 0 0 0 0 0 0 0 0 0 0 0 0 0 0 0 0 0 0 0 0 0 0 0 0 0 0 0 0 0 0 0 0 0 0 0 0 0 0 0 0 0 0 0 0 0 0 0 0 0 0 0 0 0 0 0 0 0 0 0 0 0 0 0 0 0 0 0 0 0 0 0 0 0 0 0 0 0 0 0 0 0 0 0 0 0 0 0 0 0 0 0 0 0 0 0 0 0 0 0 0 0 0 0 0 0 0 0 0 0 0 0 0 0 0 0 0 0 0 0 0 0 0 0 0 0 0 0 0 0 0 0 0 0 0 0 0 0 0 0 0 0 0 0 0 0 0 0 0 0 0 0 0 0 0 0 0 0 0 0 0 0 0 0 0 0 0 0 0 0 0 0 0 0 0 0 0 0 0 0 0 0 0 0 0 0 0 0 0 0 0 0 0 0 0 0 0 0 0 0 0 0 0 0 0 0 0 0 0 0 0 0 0 0 0 0 0 0 0 0 0 0 0 0 0 0 0 0 0 0 0 0 0 0 0 0 0 0 0 0 0 0 0 0 0 0 0 0 0 0 0 0 0 0 0 0 0 0 0 0 0 0 0 0 0 0 0 0 0 0 0 0 0 0 0 0 0 0 0 0 0 0 0 0 0 0 0 0 0 0 0 0 0 0 0 0 0 0 0 0 0 0 0 0 0 0 0 0 0 0 0 0 0 0 0 0 0 0 0 0 0 0 0 0 0 0 0 0 0 0 0 0 0 0 0 0 0 0 0 0 0 0 0 0 0 0 0 0 0 0 0 0 0 0 0 0 0 0 0 0 0 0 0 0 0 0 0 0 0 0 0 0 0 0 0 0 0 0 0 0 0 0 0 0 0 0 0 0 0 0 0 0 0 0 0 0 0 0 0 0 0 0 0 0 0 0 0 0 0 0 0 0 0 0 0 0 0 0 0 0 0 0 0 0 0 0 0 0 0 0 0 0 0 0 0 0 0 0 0 0 0 0 0 0 0 0 0 0 0 0 0 0 0 0 0 0 0 0 0 0 0 0 0 0 0 0 0 0 0 0 0 0 0 0 0 0 0 0 0 0 0 0 0 0 0 0 0 0 0 0 0 0 0 0 0 0 0 0 0 0 0 0 0 0 0 0 0 0 0 0 0 0 0 0 0 0 0 0 0 0 0 0 0 0 0 0 0 0 0 0 0 0 0 0 0 0 0 0 0 0 0 0 0 0 0 0 0 0 0 0 0 0 0 0 0 0 0 0 0 0 0 0 0 0 0 0 0 0 0 0 0 0 0 0 0 0 0 0 0 0 0 0 0 0 0 0 0 0 0 0 0 0 0 0 0 0 0 0 0 0 0 0 0 0 0 0 0 0 0 0 0 0 0 0 0 0 0 0 0 0 0 0 0 0 0 0 0 0 0 0 0 0 0 0 0 0 0 0 0 0 0 0 0 0 0 0 0 0 0 0 0 0 0 0 0 0 0 0 0 0 0 0 0 0 0 0 0 0 0 0 0 0 0 0 0 0 0 0 0 0 0 0 0 0 0 0 0 0 0 0 0 0 0 0 0 0 0 0 0 0 0 0 0 0 0 0 0 0 0 0 0 0 0 0 0 0 0 0 0 0 0 0 0 0 0 0 0 0 0 0 0 0 0 0 0 0 0 0 0 0 0 0 0 0 0 0 0 0 0 0 0 0 0 0 0 0 0 0 0 0 0 0 0 0 0 0 0 1 1 1 1 1 1 1 1 1 1 1 1 1 1 1 1 1 1 1 1 1 1 1 1 1 1 1 1 1 1 1 1 1 1 1 1 1 1 1 1 1 1 1 1 1 1 1 1 1 1 1 1 1 1 1 1 1 1 1 1 1 1 1 1 1 1 1 1 1 1 1 1 1 1 1 1 1 1 1 1 1 1 1 1 1 1 1 1 1 1 1 1 1 1 1 1 1 1 1 1 1 1 1 1 1 1 1 1 1 1 1 1 1 1 1 1 1 1 1 1 1 1 1 1 1 1 1 1 1 1 1 1 1 1 1 1 1 1 1 1 1 1 1 1 1 1 1 1 1 1 1 1 1 1 1 1 1 1 1 1 1 1 1 1 1 1 1 1 1 1 1 1 1 1 1 1 1 1 1 1 1 1 1 1 1 1 1 1 1 1 1 1 1 1 1 1 1 1 1 1 1 1 1 1 1 1 1 1 1 1 1 1 1 1 1 1 1 1 1 1 1 1 1 1 1 1 1 1 1 1 1 1 1 1 1 1 1 1 1 1 1 1 1 1 1 1 1 1 1 1 1 1 1 1 1 1 1 1 1 1 1 1 1 1 1 1 1 1 1 1 1 1 1 1 1 1 1 1 1 1 1 1 1 1 1 1 1 1 1 1 1 1 1 1 1 1 1 1 1 1 1 1 1 1 1 1 1 1 1 1 1 1 1 1 1 1 1 1 1 1 1 1 1 1 1 1 1 1 1 1 1 1 1 1 1 1 1 1 1 1 1 1 1 1 1 1 1 1 1 1 1 1 1 1 1 1 1 1 1 1 1 1 1 1 1 1 1 1 1 1 1 1 1 1 1 1 1 1 1 1 1 1 1 1 1 1 1 1 1 1 1 1 1 1 1 1 1 1 1 1 1 1 1 1 1 1 1 1 1 1 1 1 1 1 1 1 1 1 1 1 1 1 1 1 1 1 1</DataArray>
<DataArray type="Float64" Name="conductance" format="ascii">1.2251028536521078e-06 0.00024909236797631 0.0002489502857656373 0.00021417414907937786 4.153958093064617e-05 7.6752169678403e-05 0.0001257334875965192 0.00011343991843008559 0.00013175430674350677 0.00012453195611582352 0.00019034068767981917 0.00011451279932924378 0.00021060719154498262 0.00014759330159056614 0.0001729745714425607 0.00015823820991066537 0.00017071454965851107 0.00021130967768811466 0.00022949541624317537 0.00013866949064592218 0.00023176126044837197 0.00010724664931525877 0.0002149837259087041 0.00023187217215962615 0.00024222652880034879 0.00022491590729053278 0.0001574138297045627 0.00022722973215501643 0.00019464657247405452 0.000141490537475876 0.00017850655255021285 2.2292785504166834e-05 2.3760914810253662e-05 1.2316924470549406e-05 0.0001775706540879637 0.00023709199960089474 0.00014793958152283703 0.00022102601357991728 9.332078993158548e-05 8.095582440754185e-05 9.427384808551797e-05 0.00021374284769766033 0.00020178630528164404 0.00018731718393032095 0.00017872808311913816 1.1801631921491135e-05 0.00018428838470083725 0.00017659813456572714 0.00015184762975861907 0.00019726788451938115 0.00022408343124603417 0.00017665917510057005 0.00019545559589273552 0.0001757036277308025 0.00015138519957292172 0.00013111966169480484 0.00021024113638410397 0.00012622116668817412 0.00014580563426279993 0.0001712720206139574 0.0001686910151020879 0.00019329314623660953 0.0001310260783491302 0.00017397382728062178 8.065847549201047e-05 0.00019431683127371302 0.00020829011472378074 0.00022334679791371478 0.0002574203552157907 0.0002362836413759006 0.0002575414067840439 0.00020039554896699648 0.00023681700994047976 0.00027151456268913437 0.00022262851451584768 0.00010231319944324348 0.0001386079429395928 0.0001972372509429356 0.0002042295738588252 0.0001544453323783898 0.00013189752687805587 4.9033240652382424e-05 0.0001277401380274032 7.792729831347596e-05 0.00015687090805388136 0.00015418731759310486 0.00010835569419098347 0.0001163717670920747 5.46645552060775e-05 0.0001397344360776027 0.00019609466045284276 0.00017664097473129174 0.00019394942696170512 0.00014582465411522736 0.00015237196150460992 0.00023117447705438285 0.00023094726731574193 0.00024347971466701367 4.053402996977261e-06 4.578072305121008e-05 0.00011246395935455027 1.6973968592842035e-05 0.0001169539926414978 4.822812885910476e-05 0.00021752153278462908 0.0002470833610867056 0.00029547129282948966 0.00027880803208114494 0.000104834487722566 0.0002892230937639326 0.00024584386363972574 0.00019314962564627225 0.00017832149796191828 0.00016315242060232487 0.0001169044280476939 0.00023878505098297106 0.0001782201794251769 0.0002256243146545724 2.5454393255963323e-05 9.682458365518543e-08 0.00023447129520132634 0.00023249136361529508 0.00021178031624604295 0.00024551816283717925 0.00013469042076570326 0.0001747642626930126 0.00013829159907349092 0.00010831028645626031 0.00014456434287935064 0.00012365806523905452 0.00015074765610626032 1.2189891924728888e-06 9.258200997725515e-08 0.00021573122489519216 8.74570462941719e-05 0.00014559007433025028 8.695363987458857e-05 0.00018075768889659293 8.954980681060068e-05 0.00013969340194959777 6.472083567332294e-05 0.0001997081823814231 0.00020060108518782466 0.00021528831011003225 9.022705951785956e-05 0.00013195800960908913 0.00015450531554145902 0.0001529424863504238 0.00016271646409757776 1.1464243510460918e-05 0.00021710005682144628 0.00015364569632474233 0.0002635187525324097 0.0002736894988011209 0.00022576003571301708 8.660254037844388e-08 9.258200997725515e-08 7.960559219788628e-05 9.917705531499833e-05 0.00012167217959025896 0.00016378028575782046 0.00016328253259716843 0.00018069707525783749 0.00020269316236199025 0.00019507144382923487 0.0001813179426476137 6.107230471607004e-05 0.00018748020011727688 0.00019975139420692025 0.00025051185964836554 0.00018905149467154432 6.095615420548958e-05 0.00017718909121479493 0.00014573861471295693 0.00019099373491643538 0.00023854690784454318 0.00018333359024108484 0.00010956535082875896 0.00014128169853969833 9.316520789461817e-05 0.00014842418925173836 7.426980740124627e-05 0.0001532013608825095 8.728353295204905e-05 0.0001665932179427417 0.00023782056928369784 0.000188081767370321 0.00019017720384392506 0.00020679486903451587 5.305948746408737e-05 0.00021452181642442098 0.0002449313074049336 0.0002481657822701559 0.00019858225493988194 0.00015077678903450677 0.00016305505494495842 0.0002089058705506946 0.0002474773763506706 0.00016204402455898345 0.0002053252759786299 0.00018440061659454494 0.0002327090949164258 0.00017906627129215763 4.332677794369691e-05 9.911202691216585e-05 0.00026085442290623453 0.00021398994082143398 0.00017963588638215865 0.0002072107835851885 0.00022034309934036342 0.00021410644546083558 0.00023933462129471764 0.00013309334369515614 0.0001123590450016485 0.0001691600685120629 0.00018821873933112622 0.00018224636825487785 0.00019577403493182136 0.00017808214061896066 0.00016123338405948858 0.00016628711359736444 0.00016282495619934166 9.085480710384069e-05 0.00013559184660546763 0.00017860432668773013 0.00014892794117081054 0.00024308687862164847 0.0002119178035398388 0.00020835828308069808 0.00025087166789268815 0.00021255098350299046 0.00029835550560092033 0.0002164743129835205 7.369595275240329e-05 0.00014924523550380298 0.00023957089269647166 0.000189353145811395 0.00015583694952984848 0.00012523476203198794 0.00017199561751514588 0.00017072132719117374 0.00025739898875566544 9.808104865652553e-05 8.051670754479874e-05 9.252945501498533e-05 0.0001087433883838454 0.0002530087036072609 0.00025428291466757165 0.0001909815283838615 2.414716753794879e-05 2.4223323616498387e-05 0.000100631516258557 0.00017753848062681426 0.00015441510936973322 0.0001866530460199588 0.00015606823321307703 0.0002501892254044687 0.00021868291561034803 0.00019463638757282164 3.553947763839113e-05 7.54763868796878e-05 6.69740597208958e-05 7.218756411165434e-05 6.66584359201543e-05 0.0001423940346158021 0.0001792255109880567 0.00019125555117219053 0.00013543010206382473 0.00013596323722045645 0.0001523181443379749 9.925173039269733e-05 0.00010187155258010083 0.00011954132460302514 0.00022512615522047905 0.0002211176970225751 0.00014096028236353005 0.00015246678905359295 0.00017075902129551687 0.0001631827253728512 0.00014766559170466877 8.144906357148912e-05 0.00012539673623550106 0.00013416551405768585 7.894805479600957e-05 0.0001004862559340706 0.00012959401388300235 8.403328508088761e-05 0.00010170714267605387 0.00014637105427052114 0.0001534716301862841 0.00020831064004387135 0.0002067114867823827 0.00020754397509982277 0.00014937582212791925 0.00017125729087566824 0.00017534385838754125 0.00013002496520161147 0.00010569762194430196 0.00018884478149055857 6.060307480808063e-05 0.00019702750714299303 0.0001571623140252954 0.0001680026320620823 9.073012958860579e-05 0.00011307581115114011 0.00010342000610255951 0.00011820147502695721 0.0001229200914061184 0.00021872511047939065 0.00018920191358511826 0.00010436200609426324 0.00015295167526764442 0.00013675181448175977 0.0001585601363771199 0.00017457785528677007 0.00019216887683963334 0.00011966257265834533 0.00016980786729673715 0.00016018374590935397 0.00010232441235628787 0.00017043473830277071 7.694559396330882e-05 9.385707677063498e-05 0.00010154608824997319 0.0002289362346688995 0.00015933154303120667 0.00020302377294886402 3.0185466843647443e-05 0.00015071009089357503 0.00020598321966311858 0.0001859907299422692 0.00016804850095826406 0.00014775464614509755 0.00026130342182374374 0.00017746114550635484 0.00016299852501181806 0.00011124929911143918 0.000145925863849524 0.00011386906074676582 6.942412387636535e-05 0.00014899685129331357 0.00022608083949674613 0.00016534911135702532 0.00021209612113791775 8.747578320673017e-05 0.00020848332878782656 0.00012225546910537904 0.00020008528807933553 0.0002028314350136743 0.00015103806699855675 0.0001416945800710356 0.00016279023639462803 0.00018688606119929478 0.00018776356924211197 0.00011689504591922187 0.00018066533502858836 0.0001732851342130748 0.00012094987809958744 0.00020092828007700403 0.00023517611346629802 0.00025550495567849314 0.00016709152950325997 0.00014878195535005103 8.307632516346339e-05 0.00016334628083025342 0.00017980864650914667 0.0001660543688396938 0.0002719223938859739 0.00026522061531204387 0.00014041123683212537 0.00022684181517270568 2.2629639526516166e-05 0.0002375124458028842 0.00023020490510308386 0.0001986353045996961 0.00023920513499575412 0.000304916748121922 0.00025016715461449604 0.00022320553052836113 0.00017202678446712763 0.00020531805061430944 0.00014981676676516575 0.00022618439707857902 0.000193431297296955 0.0002143512657456483 0.00016181634526541943 0.0002168206587458161 0.00020040020672445943 0.00010845584073609811 0.00010544738257280636 0.0002385221752395958 0.00010517910287041915 0.00023427304513429285 0.00013764801670631378 0.00016859393847484125 0.0002593013646334102 0.0001602062241025934 0.00030221354954563167 0.0002240675642777002 0.00022202040549121712 0.00013852359334437547 0.00022329261429603373 0.00017418466104710307 0.0001405203513688067 0.00017857545117723638 0.00019735212181694748 0.00017259867648198056 0.00014966728839334705 0.00021008571466000646 0.00015473867242526116 0.00022791340152227232 0.0001774736733118345 0.00018233393503083752 0.00010412250067108601 0.00020202366608293508 0.00019927199532263797 0.00021388611789590294 0.00023420677260667757 0.0001861175021221493 0.000319627394212244 0.00022467541893284235 0.00019244004781166396 0.00010042639316275752 0.0001679568108857072 0.00019429186227822064 0.00024210313295594646 9.879062819214393e-05 0.0001359110512560293 0.00028269079612289704 0.00016355526516272182 0.0002735376309618631 0.0001010406020167395 0.0002163743819731938 6.794653395233953e-05 0.00018701612881370918 0.00022808802385385985 0.0001805036990925351 0.00025147047606045446 0.00012889551058004435 0.00013737926376181 0.0002302633578331201 0.00024544403435254863 0.00029049270711214493 0.000140904125204004 0.00019509870364010058 0.000267224618883525 0.0002196579807341493 0.00030141254180792826 0.00026550560836642064 0.00023546501418449862 0.00012640256501111064 0.00010893102450389523 0.0001778141971272762 0.00019503931223456417 0.00019318542197444534 0.00017735317958773308 0.00023102248390523814 0.0002810195767963696 0.00024640901879829534 0.0002084333093141647 0.0002160050793262232 0.00015173510627388025 0.00027679733573239497 0.00016952457903702931 0.0002032715397001613 0.0002626940927294686 0.00024847546628809793 0.0001617292894291073 0.0002303367922235549 0.00024486637466982646 0.00027885863765547464 0.00013009702333917594 0.00017746458765850772 0.00019599026211900703 0.0002495600251208426 0.00022681239327474438 0.00023853036116893136 0.0001256579152104516 0.0002661117312377904 0.00024789167581120444 0.00024074217441441055 9.010906596994271e-05 0.00017702369859499568 2.9483766248587013e-05 0.00016436144864115886 0.000221402661483519 0.00019006682716182858 0.00017508824442435207 0.00013764783141341215 0.0001827280897245226 0.00021353650988627625 0.00020333277273391535 7.555413195905129e-05 8.013082070495657e-05 0.00017985242316134793 0.0001847619562240215 0.0002968951969472408 0.0002620331070418826 7.332826021359455e-05 0.0002479686466567474 0.00023848713269113118 0.00011578886883108604 0.0002477887660363071 0.00025614009591335996 0.00019632611740151107 0.00018315695666393464 0.00018276815548725465 0.00024360680593415372 0.00018886791823274243 0.00011308753840275436 0.00022490035907624304 7.334570073136978e-05 1.0000000000000001e-07 0.00016835684185104554 0.00012623440232846985 0.00014791116193460649 0.00015705396845583236 0.00013116998429402247 0.00015845250738962866 0.00021589796469443154 0.00015693333752171007 0.0001420159731685083 0.00022707369403036025 0.00024750529532685436 0.00014458716972828105 0.0001673167807850112 0.00020516977956495095 0.00012066320829761354 0.00013751880999245705 0.00016391756102938261 0.0002456174598915301 0.00019275817616666997 0.0001737915188415975 0.00020188860311914854 0.00015484239250911866 0.00020352358111695701 0.00025341674779652854 7.588410710999486e-05 0.00016414184525225127 0.00026725695215117605 0.0001476694990980508 0.00022890302979240295 0.00019988893523910535 0.00021872161601473218 0.00024252406201808295 0.00021830375862380582 0.00018659398625828246 0.0001337713668460249 0.00024743283178086176 0.0002709423545049906 0.00025949403242110755 0.00028543471903914083 9.580045918348347e-05 0.0002515217365819781 0.00022095448133203685 0.00017513254679098458 0.0002922568217692231 0.00029166780114778566 7.866401034544864e-05 0.00024008412129396855 0.0002068407371778417 0.00022695406071015074 0.00010260901766952465 8.250374407889338e-05 0.00021230470675405333 0.00019494227260259282 0.00020529890060778163 0.00022955642367901828 0.00015919842155603285 9.391584572760727e-05 0.00011604069873482096 9.227232362726549e-05 0.00021361577094010164 0.00013872911448155838 0.00019812019777228459 0.0002809298184509533 0.00014086647550374772 3.2671458066350746e-05 0.00021904981777898867 7.940294873138819e-05 0.0002488089678468062 0.00022277445806724214 0.0001591076286663734 0.0002954595246247735 0.0002755376078102285 0.0001558533398387556 8.987146984212694e-05 0.00017475082014127945 0.0001956716895019088 0.0001500230253814897 0.0001921593666854219 0.00022085073445087707 0.0002175777260459298 0.00018105057802630963 0.00023054457514849944 0.0001279886765131249 0.00021783569407522974 0.00020735294508074367 0.00021367516521564458 0.00025223455884919305 0.0002216988334329065 7.331525125446612e-05 0.00021791484051129412 0.0001657732572673586 0.0002324319230455686 0.00021353382448904807 0.0002528467853134583 0.0002481412913535945 0.00017748719063904192 0.00023822398958903292 0.00015188632216660825 0.00025581172947848797 0.00017472591861146164 0.0001525619391219126 0.00023427610237090137 0.00025244581130562816 0.00018597370540534753 0.00020756305713644279 0.0001872048948741877 0.00030557970615880954 0.00015409858807490605 0.00022702463130258916 0.00022328345836325668 0.00019709584743656458 0.00022478666576419487 0.00018591506600577437 0.000147744246770239 0.00018080440813063715 0.00015202715458489488 6.306472189300473e-05 0.00010097833803929908 0.0001200542086817003 0.00024222911065718876 0.00027326440776405863 0.0003057554383407767 0.00024459419425616757 0.00015014512627729246 0.00011665305625077035 0.00012772593266017454 0.00020288339692357883 0.00023837387179144966 0.00020372781400971798 0.00024018485705595713 0.00029692818401374875 0.00015112744975262377 0.00029514344622003785 0.00031363800832622955 0.00025567720770895626 0.0002789734171937805 0.00022465617797485686 0.0002642266629614352 0.00022774739612880878 0.00031379884719937197 0.00013535101622986524 0.0001244435138657948 0.00010708315258465626 0.00013435668786555038 0.00032153733463479784 0.00039580002644117425 0.000322820352591159 0.00018709505095984336 0.0003044445885869482 0.0003058068371909043 0.00016190034235631775 0.0003107943160039879 0.00015416037692380318 0.00018826640753709376 0.0001740085849050734 0.00022197099305337487 0.00018997099922757877 0.0002710603557725136 0.00014123872135753536 0.00014372415991071026 5.539607827329344e-05 0.00015955309351071834 0.00023752510230990915 0.00014456718374488437 0.00012650660188428682 0.00020816325226732872 0.00018550648177463787 0.00014042116548899398 0.0001524576356391959 0.000280912204139205 0.00023163801490540137 0.0002491721700444781 0.00015918457721509198 0.00026398602235088516 0.0002197687810065205 0.00021603863425434663 0.0001501070788863696 0.00011763119428629992 0.00014948432644896388 0.00021958571283318902 0.00019529799458246251 0.00014359311705413642 0.00022995434431265067 0.00021360199366223377 0.00014371348657618138 0.00024212855690754 0.0002460745133320642 0.00010099359094023526 4.922386532994271e-05 0.00021113953008321384 0.00017937807909115648 0.00021083794514273641 0.000164354445914181 0.0001301359331731329 0.0001343143292867872 0.0002036169056142838 0.00022675150684501883 0.00019489810931887664 0.0002451267372372026 0.0002549934093775784 0.00026590337214966536 0.00025484019057397836 0.00020153183319045954 0.00017234453276259603 0.0001893570679528777 5.728036955214379e-05 0.00016449854402639618 9.761044804737948e-05 0.00018474138087847433 0.00016102172757707722 0.00020987525018952648 0.00024919735305586893 0.0001846435864593619 0.0002801250033383733 0.00027290237803755053 0.00014548441047225778 0.00022479446633860212 0.00029626958254256995 0.0002176523950707067 0.00024261805088649177 0.0003054424380455014 0.0002322597848682118 0.0003066978269619628 0.0003037723224002713 0.0002841560842845328 2.3164900745645068e-05 0.00020359893733544135 0.00010896345242734248 0.0001241805270438518 0.0001560315305365374 0.0002170381103641941 0.00023065923250476666 0.0002734298896324224 0.00022626930675021775 0.000174202425482636 9.182232659906605e-05 0.00025524233572617975 0.00024399100834297512 0.00020260721030225211 9.368613011203834e-05 8.51705828370277e-05 0.0002665915438321757 0.0001528849567383438 0.00019923790290018176 0.000216630930127923 0.0001650041050852634 8.839668022674361e-05 0.00023815752383360658 8.35026987740131e-05 8.496981430780796e-05 0.00015652010763711675 0.00014933439720323283 0.00015534276016178773 0.0002421101239685345 0.00013062424430255087 0.00022849972690630192 0.00025245570889267965 0.00024092557725379204 0.0001634548876166145 0.00020862745270054965 0.00014640263764672512 0.00020130579283789826 0.00015822613164816866 0.00025673836449831397 0.00024004746966646331 0.000241264013646439 0.00010183092857215979 0.0001650445570874567 0.00011778916789015976 0.0001356017853200234 0.0002657766889582904 0.0002109699152060165 0.00012541474668925133 0.00018203322554588572 0.00018511970655886762 0.0001627272950170645 0.00012109612657831723 0.00020897803693168776 0.0001429887041427798 0.00022559798098841497 0.00019348236826860173 7.174708221158893e-05 0.00020467675485315493 0.00023833162152943203 0.0001701218136252022 0.0001869509429846794 0.0002998638311829077 0.00024029014798660536 0.00023775297314873004 0.00014030486535380554 0.00017295209297965504 3.346547202502962e-05 0.00024465288343388165 0.0002656781888342314 0.00014599505465219236 0.00021247020193896927 0.00021084651095388846 0.00017714734184762993 0.0001798835077166818 0.00015982554222384825 0.00025632503183809814 0.00013215591329017703 0.00014745416059786602 0.0001835059578637341 0.00023583486668305034 0.00013465721846095828 0.00011077630541693096 4.9665860369455225e-05 0.00022359681610178102 0.00015971996495753223 0.00020707751551947177 0.00021078554333686273 0.0002058823907850953 0.0002235033817452696 0.0002485433602370021 0.00010123436075357247 0.00019864750302409046 0.00021079700546338848 0.00019896796985027058 0.00022940605249539324 6.643093012113605e-05 0.0002450034890457665 0.0002350403576409738 0.0001682789633324131 9.282144907404249e-05 0.00024300347735254575 0.00013456384873732752 0.0001808008551933985 0.0001967195629495902 0.00015510924101347533 6.914243768179801e-05 0.00019737018471273089 0.00026764332961127434 0.0002599064473454625 0.0002498087917238693 0.0002975283786303797 0.0001297761751071985 0.00016468260171302078 0.0001646522254900947 5.131400263131153e-05 0.00021410254685308696 0.00019866577968739846 0.00020635398759216586 0.00030614598947071523 0.00030649074794710115 0.00026989945709061854 0.00010374638617825519 0.0001492000713232924 0.00018360626069260274 0.00027980742152578186 1.8654343572423317e-05 0.00016435011475785937 0.00020350722979587448 0.00024303709399686654 0.00014707855200592453 0.00018858787828457494 0.00015904846856578569 0.0001817769989624502 0.0002319440031843968 6.358043153756367e-05 0.00014275931533252808 0.0002520325548378352 0.00025668083220509587 0.00024462310442334147 0.0002827750094333277 0.00021810223803467318 0.00016851133766575152 0.00014515386195893015 0.00016098813022203082 0.0002459408844074988 0.0002809778024377474 0.00024505528879935215 0.00023370889304994972 0.00015422488478440645 0.00015712021477804733 0.0002707767696668338 0.00023723095796073388 0.00027552809258304446 0.00017131599114610885 0.0002979906044649293 0.00015463270414257574 0.00019579916103647962 0.00023387734534080986 0.000294142820474792 0.00014949482450205177 0.0003004589306556764 0.00022171171195677105 0.00022232638733133659 0.00012505170073544536 8.511759539562171e-05 0.00018854398400742448 0.0002090179820037261 0.00012400719685273434 0.00010019044136384058 0.0002680656657703557 0.00034883576494247034 0.00019666360544573337 0.0002102130446377195 0.00017941335838160056 0.00016127155507125442 0.0003396441348748255 0.0002280083295364818 0.00024463746280981616 7.781277063589323e-05 0.00014765236361893432 0.0002507498280260732 0.00013859767577146723 0.0002800616821952858 0.0002970165648342032 0.00017854736514423365 0.00020304945971317114 0.0001414694561848615 0.00025815417031344577 0.00015452662903728173 0.00021971729717350908 0.00021881048087451566 0.0001515382762279941 0.00020381491140228225 1.4266167965404315e-05 8.978698917350981e-05 0.00021948426529366398 0.00020650098298623321 7.003461223224244e-05 0.0002498005303318118 0.000262934624444243 0.0001820523089842409 0.00017076978532257317 0.00021195987482143823 0.0001768490367399094 0.00014439360529957987 0.00017079082071398916 0.00019204786068586618 0.00014141512035260545 0.00034838320914501935 0.00029093478731720814 0.0002825702647884318 0.0001909124584733334 0.00022506716760753258 0.00027761791745126537 0.00010413146680441992 0.00011823272072913404 0.0002038627346229408 0.0002152802556322988 0.00023927617116493465 0.00023873327826296102 1.790459253889733e-05 0.00021032030471384655 0.000230743170416609 8.79569029254504e-05 0.000323300386718475 0.00028154619446986564 0.00016525309527027718 0.0002291304060769247 0.00028940745345310416 0.0002654740964251523 0.00024252404561678006 0.000259656606658041 0.00019047534289958655 0.0002258699345353124 0.00017283146036271827 0.00011244740865147842 0.0002541561408175403 0.00027171149833372823 0.0001773585580716752 0.00020667648503445166 0.0001553965390107792 0.00024127060062248743 0.0001351925188843417 0.00013717352667062604 1.0540925533894598e-07 2.726707346744639e-06 0.0001626787342589687 0.00023299103456513956 0.00021650686830025715 0.0001278496198611654 0.00019341064536221425 0.0002639767167470547 0.00023746335904566417 0.0001079187190933127 0.00011641417865830159 0.0003003761850186969 0.00015867055498235057 0.00028777449835868215 7.6285749447587e-05 0.00028945230908862426 0.0003316130837276418 0.00020675507202839817 0.00021813710776776577 0.00024344891039674527 0.00024217370318484413 0.00016815581855392992 0.00015900689179952523 0.00020828354383085586 0.0001399887083897844 0.00022528382143787966 0.000200306295384532 0.00020326659408025907 0.0002554713913404124 0.00021677120896109234 0.0002756200702006816 8.81809189522908e-05 0.0002656651498038159 0.000218341681697462 0.00025348636640144616 0.00016377077869357638 0.0002671027556247783 0.00015464936014081507 0.0002063165191818231 0.00011795140328074125 4.187052296098546e-05 0.00012393053317847583 0.00013816240313592747 0.00013791775318474392 0.00023038771863028085 8.864427874370854e-05 7.618658264164132e-05 0.00020827453552903658 0.0002229518509973225 0.00023672733016288415 0.00019813739105231223 8.768243650513024e-05 0.00024317429889047704 5.525091903229607e-05 0.00015198305278894112 0.00012033950274020072 0.0001660078549259444 0.0002929976157254917 0.00029567954802776 0.0002658536379558188 0.0001877125126122854 0.00020192065796896077 0.00022592750125693546 0.00019887758182045954 0.00027629349147094103 0.0002870451672109107 0.00010470381386357602 0.00024149324981272765 0.0001626302015306142 0.0002294337651488288 0.00017720447262892597 0.00018773664017246366 0.00023385299597013015 4.786756162212162e-05 0.0002490264286228001 0.0002819954757352785 0.0003406477954782694 0.00021446964895964756 5.00929159794617e-05 0.00025904864766486434 0.0002693071211498284 0.00017100269137056495 0.00016548912040049171 0.00018160470944962286 0.00022233935829389098 0.00018758953514657164 0.00019537080301475045 6.839128008714918e-05 0.00015319103571618823 0.00016722079465871932 0.00025101312066031086 8.85111766926956e-05 0.00021865181758756665 0.00023502055254987576 0.00022308201475223604 0.0002405236832195773 0.0002363605095684801 0.00023362695789142624 0.00013490498226483347 0.0002582800554111285 0.00021429134661717368 0.00018225688516089312 0.00021702948088475298 7.66988341228864e-05 0.00010424021891213726 0.0002572674132401376 0.00014957035265018034 0.00021345806757692095 0.00017612051261862646 0.00018443854548085982 0.00020982103051881562 0.00012718025467976554 0.000309449548146207 0.0002503797110788798 0.00010909987044950549 0.00018240191599203307 0.00026493514095192157 0.00020591912353796213 0.00011336566875237791 0.00026388535286453663 0.00016854243494700537 0.0002770601414648739 0.0002863672281959549 0.0002663958870823363 0.00034390241268683267 0.0002158470649406393 0.00020323072049599508 0.00011102646633235105 0.00012911275975776928 0.00021708184140825415 0.00019711493872062288 9.166570511063058e-05 0.0002097762300411431 4.6749974345240946e-05 0.00013958527535099232 0.000229613920575887 0.00017507462475901004 0.0002034020190941432 0.00026811762718012815 0.00013170266406610848 8.198425714910058e-05 8.185449281543659e-05 0.00017123445906507123 0.0001496798244637674 0.0002460259508525411 0.00022446060504851121 0.00027893024079090917 0.0003059730393000469 0.00014802970785741162 0.00031245417029569534 0.0002632937831561104 0.00029374647494760306 0.00025775649357003455 0.00012127129465861234 0.0001788716672126643 0.0002028040489119819 0.00018520616897552976 0.00020645625843171008 0.00024185658369918912 0.0001219856312929617 0.00030727863051688997 0.0002846028129326772 0.00018326545662488902 0.0001562488354407619 0.00018292405086054922 0.00018484951057843753 0.00019603166483962367 9.044208234134589e-05 0.0001530213071479936 9.458457715642381e-05 9.010713895247986e-05 0.00017739648383765638 0.00025175468531138514 0.00019375525750948974 0.00017226112905197518 0.0002269729565598293 0.0002454698562926632 0.0001329147505791337 0.00019542055629401963 8.00645377488684e-05 0.00011567122653602812 0.00024176150376413298 0.00020921395531042872 0.00024829684950021877 0.0003440008155860926 0.0003678265510670416 0.0002896755745291972 0.0003162244822540811 0.00024059242115271636 0.00020544875283805183 0.00028178635700905835 0.00023276766359808486 0.00021799320586777217 8.660527449240113e-05 0.0002959295368352605 0.0002622524786627069 0.0002958582564403305 0.00010179277336922225 0.0002646258053533661 0.00015526414126592643 0.00018594366178068761 0.00025771240777094196 0.00011223255447480256 0.00019870132579068688 0.00021476470648477267 0.00021539011681658493 0.0003042910886465903 0.00014062557014623777 0.00012565211329563955 0.00028415073354841217 0.00026091162821895717 0.00011379347640049119 0.00020563806084939677 0.00019010944634778097 6.358492831372066e-05 0.00010194556564281725 0.00031365255722737246 0.00013478693725160726 0.00028813303291111214 0.00023180083451324545 0.00025165097366165853 0.0002441636485490736 0.00022797682191885807 0.0001481245062981907 0.00022955226346909485 0.00028083017058647255 0.0002993935148027943 0.0002974523972696077 0.0002544197563052968 0.0002233747324345325 0.00022101508343145928 0.0002881497589594561 0.00024188750369258448 0.00018274864391274565 0.00029576129352406623 0.00022534536240760968 0.00018299060440481627 0.0002147764059585071 0.00022716652170298645 0.00022980932855307435 0.00027570387803226324 0.0002266676872626536 0.0002957078242307714 0.00011733612360984582 0.00021692365133998303 0.000170012580141812 0.00013784449533309974 0.00018232936740670845 0.0002429301417364981 0.00019508175339266986 0.0001769459945257456 0.00010338349759386242 5.7792837251665945e-05 0.0002869645913178895 0.0002411590580190307 0.0002010872269734269 0.00019082794870856914 0.0002449292897173982 0.0002370726080613419 0.0002377288695491816 0.00032147983414652356 0.00035448667741417884 0.0003313099415761143 0.00021845108186166316 0.00019205453978147162 0.0003358637880380963 0.00029581824197612966 0.0002606899330513301 0.00015894977350685614 0.00015535634187561603 0.00024283682988261054 0.00023505343484011816 0.00021155199892857246 0.0002558959718999442 0.0003276138211148873 0.00026121164038920425 0.0002533142949400194 0.0003057435386998293 0.00018864976762471603 0.00019767961947516412 0.00029352927319408465 0.00019609502235389394 0.000303835819210612 9.626277465256725e-05 0.00032839419734675284 0.00031514587103580633 0.0002407168745474407 0.0001481585001674421 0.00034740710928434236 0.0002915910291191803 0.000281184740998591 0.00024455278843728506 0.00016188966826733556 0.00025519725021576296 0.0003444046116457366 0.00011963002297409935 0.00025861659317342653 0.0002678547466255057 0.0001555730187052104 0.0001002439327502709 0.0002786366448313648 4.4209463560368785e-05 0.0002679708885769871 7.273635441756298e-05 0.0003337893331756938 0.0002519970716491889 0.00020792870035739945 0.00032455188270787263 3.483533031104046e-05 0.00010656134296587122 0.00012434636676185863 0.00033556930893076316 0.0001290623296634783 0.00026198105119010895 0.00033180744297608804 0.00022286993986527645 0.0002650565570068977 0.000263204755797963 0.0002456620992085109 0.00030014682053665104 0.00023576376074597235 0.00015338785553183995 0.00016520351175148084 0.0001364460058209604 0.00023329896390907512 0.00019796218746157996 0.00014797911336915444 0.0002578571706509117 0.00023697423252998145 0.0002903194567470786 0.00034498768208020427 0.000174436669624376 0.00013836341985678428 2.241511271898475e-05 0.0001130307101178855 0.00032984625796397187 0.0002276480441707421 0.00024960769384387786 0.00016051842583756203 0.0001023441443978183 0.0001747907297774716 2.933363941704665e-05 0.00017201769771474173 0.00010085005177864715 0.00013303880553206004 0.00015415847517916853 0.00013116138957889402 0.000163914872136202 0.00027403277971271665 0.00029154876306977114 0.00019340842200052667 0.0002121088642001108 0.00023881257888443182 0.00035382161437750773 0.0003217401239091348 0.00031338452222908565 0.00017060625262492785 0.00033003846837133656 0.00021290198727721933 0.00025991050562508284 0.00029010719918072905 0.0014762706232671803 0.00017031845248502517 5.905763564395458e-05 0.00014095954613598498 8.250014701408142e-05 0.00020120913880676872 0.0002624853251313072 0.00015696456811911574 9.287618312760786e-05 5.578999792297164e-05 0.00013143208165501547 7.068434764195982e-05 0.00017751085599862322 0.00022905635281143723 5.304265781174356e-05 0.0010110413745145835 5.4575078737562604e-05 6.30675886585221e-05 4.557097949601516e-05 5.1919479125364345e-05 4.8997517273786066e-05 0.00011507210410352194 5.913460142211674e-05 0.00011949450586082562 0.00012781312009579779 4.7413515283271626e-05 8.363858957281182e-05 0.00020130027070365872 0.00017957813801290789 8.98784006234825e-05 7.506554044176312e-05 0.0001880517973247071 0.0004207352148849117 0.00021186534362556473 0.0001591443794372712 4.1305492241356235e-05 5.517102505722189e-05 5.3374545475149215e-05 8.985289158613103e-05 0.0003371845242062577 8.28867996825623e-05 0.00010239805118523288 5.425836035638654e-05 0.0010027590179665336 8.893688840080914e-05 0.00010884968348268497 0.0005871886862971272 0.00012156573430231504 0.0004988276402230241 0.0002817553378046413 0.0002974707675560852 7.182831617223834e-05 0.00023708076663112108 7.477202149263193e-05 0.0003744888316904535 8.520192022510601e-05 6.386431405239859e-05 0.000618902976935229 0.00045285354591764163 0.000167607776336323 3.892130794546804e-05 4.972202969568151e-05 9.132575151894694e-05 0.0007900320434123055 0.00013692726181447593 0.00010494572726310319 0.00011739720787293431 5.232229976494184e-05 5.3440217382740453e-05 0.0006692263411183032 6.034508061180218e-05 4.458057511459443e-05 4.977941901965557e-05 5.806949108518186e-05 0.00017949579564310446 0.0001780986363362555 0.00017457689014658412 0.00013287137424480882 6.260530845014532e-05 6.56371421012093e-05 5.1435797477659055e-05 5.283514543137892e-05 0.00017563663380781643 0.0001946739097376814 5.6840548166287886e-05 8.147156286952798e-05 7.084351451114957e-05 0.0001439014424077668 4.907717168693084e-05 7.146839089733165e-05 0.00024258233819921492 0.00030619498678636684 5.17799793088409e-05 6.792430855534913e-05 0.00010837951484619805 7.525085776655601e-05 0.00013431309374885557 0.0005898937126245742 8.678608906169374e-05 0.002436374753478827 0.00031704448168043615 9.026500625240711e-05 0.00014059335786378394 6.673125998775902e-05 5.589424269292593e-05 0.0002202760509218877 0.00011572644350027083 5.7494461328953976e-05 0.00011057359999825758 5.032101121492382e-05 0.00013844240638403362 0.00010125164516331021 0.00010241475270689097 7.814703313220138e-05 4.213814493091236e-05 5.083079958495148e-05 3.5658435945806536e-05 5.844878523440996e-05 0.00012055829601069726 0.0003565514360484325 0.00017924105002676275 5.2573235239600795e-05 0.0017238718297626322 9.525674691126499e-05 6.154131205471693e-05 8.420919298118166e-05 6.722765122098691e-05 8.229296997650674e-05 5.2097204053105555e-05 0.000686252699272249 0.00010951879448730599 0.000249450761433613 3.7110311897187685e-05 0.0008617131695798899 0.00022001601940275093 4.4162089893386024e-05 0.00012784273414632059 0.00021829555272856964 0.0008218941122955224 9.361433994552814e-05 0.0004700802043981725 4.296765501381891e-05 0.0007466061226787815 0.000392842133210645 5.854442652932353e-05 0.0001674240949825532 8.84218492136931e-05 7.049673685779801e-05 0.0002704141239815271 9.941583279546677e-05 0.00010155629065809436 0.00012536706698886843 4.098466001154398e-05 8.922099699978337e-05 0.0002707688674583316 0.0002482017741561839 5.2226130034134865e-05 0.0002956190326039533 0.00017624335828189273 0.0002152808489056739 0.00023524866045652836 0.0006031837176871316 0.0003621207946025449 7.588550124551156e-05 7.656495699329258e-05 5.090042083908809e-05 5.249733443339024e-05 0.00020060247084828948 0.0002071925082547795 6.189586766379253e-05 5.403404615352709e-05 0.00047070671289491946 0.0001713870589939317 0.00024051289647456398 0.0001948661213980837 0.00025576921817046925 0.0001852609561204744 8.766352810398966e-05 6.208340751470054e-05 5.1525340704876094e-05 4.8493554246865245e-05 0.0001361021513445008 0.00011684120065333885 5.314969196952142e-05 3.9712174470064815e-05 0.0010508077836932014 5.080123284257088e-05 4.137684514306206e-05 0.00017396738737127725 4.571677395171583e-05 0.00013338099972338245 0.0006139368406254258 0.00019326905867566812 0.0004286672244472133 6.882315281852743e-05 0.00013866086762767503 4.090343833499173e-05 0.00012678873576532802 5.134157506429858e-05 4.357716806748455e-05 0.000776530216725822 4.2715077999428165e-05 0.0032582287374832855 9.398817810331651e-05 9.782038076372493e-05 0.0001270206385896842 0.0003838391863855187 5.211690583929034e-05 3.632386854827447e-05 5.3279002076614796e-05 4.335061181726787e-05 0.00018925514865415741 6.669757017801731e-05 0.00010243878380659561 0.0002607104956532546 5.274427134175458e-05 0.00010314084798068275 6.845851632857378e-05 0.00011579604558847154 7.013814872608663e-05 4.513277571530477e-05 0.00015803663825560114 0.0001292006525646884 4.795907813581705e-05 8.347529950815658e-05 0.0001488477018365753 6.326365499520259e-05 4.1767029443632924e-05 0.0001953936137984348 0.00015838578546781013 0.0007972267268352565 4.778961141835789e-05 5.845064007575901e-05 7.355117073192473e-05 0.00017830205092945242 6.767127083623351e-05 0.00047238450154128854 0.00012929543707551248 0.0001636985310736444 0.0022413960795702446 0.000972220847418282 0.00018985554094337555 6.693644153060102e-05 6.257065186197361e-05 4.070106282301834e-05 0.0007058616576293521 3.696741108624616e-05 0.0001740649357849288 9.251351094674554e-05 8.714384821631228e-05 0.00011043356154252772 5.044408238127632e-05 9.872441376822938e-05 6.079185410009485e-05 0.0002756774776042764 0.00011758123490103916 0.00014092081290210365 0.00013513253066146274 0.0008255153445707833 4.822908371279694e-05 0.0005125017324950631 0.00012281932678114845 0.00020214807299457767 5.467903196596501e-05 6.332795168994554e-05 0.0001085099960421136 4.072468999968171e-05 7.098427167014569e-05 9.246940352903081e-05 9.897876696477827e-05 0.00011109648349361141 4.951250562634245e-05 0.00011238975513089378 6.134794606246705e-05 4.828418709928999e-05 0.00017712319837526652 0.00013348499738097635 8.940549276442668e-05 0.0003918808684772125 5.054751511083985e-05 7.100573165357787e-05 0.00024221050889124018 0.0003719765476429551 5.462842183142727e-05 0.0007635796887427546 4.93454751603328e-05 7.532571088521152e-05 4.757166995185709e-05 5.4928561063497325e-05 0.0006289528464824035 0.0005002564525484251 8.25121840284098e-05 5.565712592409686e-05 0.001767720160151999 0.00015974017347623992 0.00021273382915074914 0.0004612585630912338 0.00013972857677934378 7.071729249492022e-05 9.470508612830522e-05 0.0013809444853830261 6.302757672817378e-05 4.643684836582698e-05 5.7382954448411284e-05 0.00022261122809127108 0.0001701085657835419 4.7239914975516556e-05 7.894831938497966e-05 4.1980486203143414e-05 3.7020660753966164e-05 0.00011049099302413956 0.00010767105540318769 0.00021409940319806864 0.00013430241073271988 4.85875336062172e-05 6.968581774742145e-05 0.00010326054029528953 0.0018930537131945423 0.0012780172961786337 0.00029625374908631843 6.969970377261282e-05 0.001413316299396698 0.0005220627701916956 0.0003853633237570847 8.539946957484464e-05 0.00042319027912059235 0.00013606567926440597 0.00012085364207808967 0.00012446092789575352 0.0002458121890646408 0.00014553426271154946 7.822929234979041e-05 4.890137528977809e-05 3.0908590407648474e-05 4.6131311233378285e-05 0.00011003523137299697 6.358631097337773e-05 0.00013673720663798702 0.00010102798717513114 6.267631740321747e-05 8.735621056659839e-05 0.00011810971114015706 0.0004508811418777839 3.48554592951923e-05 0.00018105277421825137 5.8369006998813783e-05 4.98797480661509e-05 0.00019880663696592626 4.4946808626950724e-05 8.707791020936185e-05 0.00011491865318358845 0.00011743319717527934 0.0005144438823520758 6.86182878059192e-05 6.191923108682715e-05 7.114796341748277e-05 5.705356741996802e-05 7.691618263249098e-05 8.937792590824737e-05 0.00015170880605249723 6.408575260373429e-05 0.00015701307790730938 0.00010826521143401868 5.425442330828879e-05 7.10494423729097e-05 0.0008224939576545055 5.1963114797505524e-05 8.846245840995426e-05 7.66462561713219e-05 4.0772509014407876e-05 5.7329425063980886e-05 5.931245871085957e-05 0.00014003849589167477 0.00021383053618226702 0.00035492875928511407 5.595544167467049e-05 5.345329448288906e-05 0.0007801356297882809 3.509777578662481e-05 5.4651589844692616e-05 5.5494216782295085e-05 0.00018449389965491625 0.00016006287362474865 0.0008385256841224639 4.372181319387225e-05 5.9052082356131236e-05 5.99648466791205e-05 0.0011303780253072977 6.650124018652755e-05 0.00019154141707197522 4.54004591195678e-05 0.00019988878435311694 8.558223502980913e-05 8.014910956389707e-05 6.444382077803483e-05 0.00014823396496498414 3.904451274035804e-05 0.000107243783169066 9.815832841347479e-05 4.814430937326041e-05 0.00019479697983016835 5.495446244011805e-05 9.542998816289664e-05 0.0001260115473550305 0.00010255858525998268 0.0005443349135869069 9.061491563532785e-05 0.00014302042373763666 8.087732217467322e-05 7.184845600690337e-05 4.074323660539319e-05 8.049385470249254e-05 0.0001133157588420101 7.93757405586059e-05 0.000557338109776124 0.0009715333191802602 3.470151953210114e-05 5.63612311985835e-05 0.00013075884346863128 4.2176311602122595e-05 6.533118126873542e-05 5.8627630011652805e-05 0.00019909127335936862 4.33433292306442e-05 6.56077084495455e-05 0.00020365831079005104 5.708965281753764e-05</DataArray>
<DataArray type="Float64" Name="g_contact" format="ascii">1.2251028536521078e-06 0.00024909236797631 0.0002489502857656373 0.00021417414907937786 4.153958093064617e-05 7.6752169678403e-05 0.0001257334875965192 0.00011343991843008559 0.00013175430674350677 0.00012453195611582352 0.00019034068767981917 0.00011451279932924378 0.00021060719154498262 0.00014759330159056614 0.0001729745714425607 0.00015823820991066537 0.00017071454965851107 0.00021130967768811466 0.00022949541624317537 0.00013866949064592218 0.00023176126044837197 0.00010724664931525877 0.0002149837259087041 0.00023187217215962615 0.00024222652880034879 0.00022491590729053278 0.0001574138297045627 0.00022722973215501643 0.00019464657247405452 0.000141490537475876 0.00017850655255021285 2.2292785504166834e-05 2.3760914810253662e-05 1.2316924470549406e-05 0.0001775706540879637 0.00023709199960089474 0.00014793958152283703 0.00022102601357991728 9.332078993158548e-05 8.095582440754185e-05 9.427384808551797e-05 0.00021374284769766033 0.00020178630528164404 0.00018731718393032095 0.00017872808311913816 1.1801631921491135e-05 0.00018428838470083725 0.00017659813456572714 0.00015184762975861907 0.00019726788451938115 0.00022408343124603417 0.00017665917510057005 0.00019545559589273552 0.0001757036277308025 0.00015138519957292172 0.00013111966169480484 0.00021024113638410397 0.00012622116668817412 0.00014580563426279993 0.0001712720206139574 0.0001686910151020879 0.00019329314623660953 0.0001310260783491302 0.00017397382728062178 8.065847549201047e-05 0.00019431683127371302 0.00020829011472378074 0.00022334679791371478 0.0002574203552157907 0.0002362836413759006 0.0002575414067840439 0.00020039554896699648 0.00023681700994047976 0.00027151456268913437 0.00022262851451584768 0.00010231319944324348 0.0001386079429395928 0.0001972372509429356 0.0002042295738588252 0.0001544453323783898 0.00013189752687805587 4.9033240652382424e-05 0.0001277401380274032 7.792729831347596e-05 0.00015687090805388136 0.00015418731759310486 0.00010835569419098347 0.0001163717670920747 5.46645552060775e-05 0.0001397344360776027 0.00019609466045284276 0.00017664097473129174 0.00019394942696170512 0.00014582465411522736 0.00015237196150460992 0.00023117447705438285 0.00023094726731574193 0.00024347971466701367 4.053402996977261e-06 4.578072305121008e-05 0.00011246395935455027 1.6973968592842035e-05 0.0001169539926414978 4.822812885910476e-05 0.00021752153278462908 0.0002470833610867056 0.00029547129282948966 0.00027880803208114494 0.000104834487722566 0.0002892230937639326 0.00024584386363972574 0.00019314962564627225 0.00017832149796191828 0.00016315242060232487 0.0001169044280476939 0.00023878505098297106 0.0001782201794251769 0.0002256243146545724 2.5454393255963323e-05 9.682458365518543e-08 0.00023447129520132634 0.00023249136361529508 0.00021178031624604295 0.00024551816283717925 0.00013469042076570326 0.0001747642626930126 0.00013829159907349092 0.00010831028645626031 0.00014456434287935064 0.00012365806523905452 0.00015074765610626032 1.2189891924728888e-06 9.258200997725515e-08 0.00021573122489519216 8.74570462941719e-05 0.00014559007433025028 8.695363987458857e-05 0.00018075768889659293 8.954980681060068e-05 0.00013969340194959777 6.472083567332294e-05 0.0001997081823814231 0.00020060108518782466 0.00021528831011003225 9.022705951785956e-05 0.00013195800960908913 0.00015450531554145902 0.0001529424863504238 0.00016271646409757776 1.1464243510460918e-05 0.00021710005682144628 0.00015364569632474233 0.0002635187525324097 0.0002736894988011209 0.00022576003571301708 8.660254037844388e-08 9.258200997725515e-08 7.960559219788628e-05 9.917705531499833e-05 0.00012167217959025896 0.00016378028575782046 0.00016328253259716843 0.00018069707525783749 0.00020269316236199025 0.00019507144382923487 0.0001813179426476137 6.107230471607004e-05 0.00018748020011727688 0.00019975139420692025 0.00025051185964836554 0.00018905149467154432 6.095615420548958e-05 0.00017718909121479493 0.00014573861471295693 0.00019099373491643538 0.00023854690784454318 0.00018333359024108484 0.00010956535082875896 0.00014128169853969833 9.316520789461817e-05 0.00014842418925173836 7.426980740124627e-05 0.0001532013608825095 8.728353295204905e-05 0.0001665932179427417 0.00023782056928369784 0.000188081767370321 0.00019017720384392506 0.00020679486903451587 5.305948746408737e-05 0.00021452181642442098 0.0002449313074049336 0.0002481657822701559 0.00019858225493988194 0.00015077678903450677 0.00016305505494495842 0.0002089058705506946 0.0002474773763506706 0.00016204402455898345 0.0002053252759786299 0.00018440061659454494 0.0002327090949164258 0.00017906627129215763 4.332677794369691e-05 9.911202691216585e-05 0.00026085442290623453 0.00021398994082143398 0.00017963588638215865 0.0002072107835851885 0.00022034309934036342 0.00021410644546083558 0.00023933462129471764 0.00013309334369515614 0.0001123590450016485 0.0001691600685120629 0.00018821873933112622 0.00018224636825487785 0.00019577403493182136 0.00017808214061896066 0.00016123338405948858 0.00016628711359736444 0.00016282495619934166 9.085480710384069e-05 0.00013559184660546763 0.00017860432668773013 0.00014892794117081054 0.00024308687862164847 0.0002119178035398388 0.00020835828308069808 0.00025087166789268815 0.00021255098350299046 0.00029835550560092033 0.0002164743129835205 7.369595275240329e-05 0.00014924523550380298 0.00023957089269647166 0.000189353145811395 0.00015583694952984848 0.00012523476203198794 0.00017199561751514588 0.00017072132719117374 0.00025739898875566544 9.808104865652553e-05 8.051670754479874e-05 9.252945501498533e-05 0.0001087433883838454 0.0002530087036072609 0.00025428291466757165 0.0001909815283838615 2.414716753794879e-05 2.4223323616498387e-05 0.000100631516258557 0.00017753848062681426 0.00015441510936973322 0.0001866530460199588 0.00015606823321307703 0.0002501892254044687 0.00021868291561034803 0.00019463638757282164 3.553947763839113e-05 7.54763868796878e-05 6.69740597208958e-05 7.218756411165434e-05 6.66584359201543e-05 0.0001423940346158021 0.0001792255109880567 0.00019125555117219053 0.00013543010206382473 0.00013596323722045645 0.0001523181443379749 9.925173039269733e-05 0.00010187155258010083 0.00011954132460302514 0.00022512615522047905 0.0002211176970225751 0.00014096028236353005 0.00015246678905359295 0.00017075902129551687 0.0001631827253728512 0.00014766559170466877 8.144906357148912e-05 0.00012539673623550106 0.00013416551405768585 7.894805479600957e-05 0.0001004862559340706 0.00012959401388300235 8.403328508088761e-05 0.00010170714267605387 0.00014637105427052114 0.0001534716301862841 0.00020831064004387135 0.0002067114867823827 0.00020754397509982277 0.00014937582212791925 0.00017125729087566824 0.00017534385838754125 0.00013002496520161147 0.00010569762194430196 0.00018884478149055857 6.060307480808063e-05 0.00019702750714299303 0.0001571623140252954 0.0001680026320620823 9.073012958860579e-05 0.00011307581115114011 0.00010342000610255951 0.00011820147502695721 0.0001229200914061184 0.00021872511047939065 0.00018920191358511826 0.00010436200609426324 0.00015295167526764442 0.00013675181448175977 0.0001585601363771199 0.00017457785528677007 0.00019216887683963334 0.00011966257265834533 0.00016980786729673715 0.00016018374590935397 0.00010232441235628787 0.00017043473830277071 7.694559396330882e-05 9.385707677063498e-05 0.00010154608824997319 0.0002289362346688995 0.00015933154303120667 0.00020302377294886402 3.0185466843647443e-05 0.00015071009089357503 0.00020598321966311858 0.0001859907299422692 0.00016804850095826406 0.00014775464614509755 0.00026130342182374374 0.00017746114550635484 0.00016299852501181806 0.00011124929911143918 0.000145925863849524 0.00011386906074676582 6.942412387636535e-05 0.00014899685129331357 0.00022608083949674613 0.00016534911135702532 0.00021209612113791775 8.747578320673017e-05 0.00020848332878782656 0.00012225546910537904 0.00020008528807933553 0.0002028314350136743 0.00015103806699855675 0.0001416945800710356 0.00016279023639462803 0.00018688606119929478 0.00018776356924211197 0.00011689504591922187 0.00018066533502858836 0.0001732851342130748 0.00012094987809958744 0.00020092828007700403 0.00023517611346629802 0.00025550495567849314 0.00016709152950325997 0.00014878195535005103 8.307632516346339e-05 0.00016334628083025342 0.00017980864650914667 0.0001660543688396938 0.0002719223938859739 0.00026522061531204387 0.00014041123683212537 0.00022684181517270568 2.2629639526516166e-05 0.0002375124458028842 0.00023020490510308386 0.0001986353045996961 0.00023920513499575412 0.000304916748121922 0.00025016715461449604 0.00022320553052836113 0.00017202678446712763 0.00020531805061430944 0.00014981676676516575 0.00022618439707857902 0.000193431297296955 0.0002143512657456483 0.00016181634526541943 0.0002168206587458161 0.00020040020672445943 0.00010845584073609811 0.00010544738257280636 0.0002385221752395958 0.00010517910287041915 0.00023427304513429285 0.00013764801670631378 0.00016859393847484125 0.0002593013646334102 0.0001602062241025934 0.00030221354954563167 0.0002240675642777002 0.00022202040549121712 0.00013852359334437547 0.00022329261429603373 0.00017418466104710307 0.0001405203513688067 0.00017857545117723638 0.00019735212181694748 0.00017259867648198056 0.00014966728839334705 0.00021008571466000646 0.00015473867242526116 0.00022791340152227232 0.0001774736733118345 0.00018233393503083752 0.00010412250067108601 0.00020202366608293508 0.00019927199532263797 0.00021388611789590294 0.00023420677260667757 0.0001861175021221493 0.000319627394212244 0.00022467541893284235 0.00019244004781166396 0.00010042639316275752 0.0001679568108857072 0.00019429186227822064 0.00024210313295594646 9.879062819214393e-05 0.0001359110512560293 0.00028269079612289704 0.00016355526516272182 0.0002735376309618631 0.0001010406020167395 0.0002163743819731938 6.794653395233953e-05 0.00018701612881370918 0.00022808802385385985 0.0001805036990925351 0.00025147047606045446 0.00012889551058004435 0.00013737926376181 0.0002302633578331201 0.00024544403435254863 0.00029049270711214493 0.000140904125204004 0.00019509870364010058 0.000267224618883525 0.0002196579807341493 0.00030141254180792826 0.00026550560836642064 0.00023546501418449862 0.00012640256501111064 0.00010893102450389523 0.0001778141971272762 0.00019503931223456417 0.00019318542197444534 0.00017735317958773308 0.00023102248390523814 0.0002810195767963696 0.00024640901879829534 0.0002084333093141647 0.0002160050793262232 0.00015173510627388025 0.00027679733573239497 0.00016952457903702931 0.0002032715397001613 0.0002626940927294686 0.00024847546628809793 0.0001617292894291073 0.0002303367922235549 0.00024486637466982646 0.00027885863765547464 0.00013009702333917594 0.00017746458765850772 0.00019599026211900703 0.0002495600251208426 0.00022681239327474438 0.00023853036116893136 0.0001256579152104516 0.0002661117312377904 0.00024789167581120444 0.00024074217441441055 9.010906596994271e-05 0.00017702369859499568 2.9483766248587013e-05 0.00016436144864115886 0.000221402661483519 0.00019006682716182858 0.00017508824442435207 0.00013764783141341215 0.0001827280897245226 0.00021353650988627625 0.00020333277273391535 7.555413195905129e-05 8.013082070495657e-05 0.00017985242316134793 0.0001847619562240215 0.0002968951969472408 0.0002620331070418826 7.332826021359455e-05 0.0002479686466567474 0.00023848713269113118 0.00011578886883108604 0.0002477887660363071 0.00025614009591335996 0.00019632611740151107 0.00018315695666393464 0.00018276815548725465 0.00024360680593415372 0.00018886791823274243 0.00011308753840275436 0.00022490035907624304 7.334570073136978e-05 1.0000000000000001e-07 0.00016835684185104554 0.00012623440232846985 0.00014791116193460649 0.00015705396845583236 0.00013116998429402247 0.00015845250738962866 0.00021589796469443154 0.00015693333752171007 0.0001420159731685083 0.00022707369403036025 0.00024750529532685436 0.00014458716972828105 0.0001673167807850112 0.00020516977956495095 0.00012066320829761354 0.00013751880999245705 0.00016391756102938261 0.0002456174598915301 0.00019275817616666997 0.0001737915188415975 0.00020188860311914854 0.00015484239250911866 0.00020352358111695701 0.00025341674779652854 7.588410710999486e-05 0.00016414184525225127 0.00026725695215117605 0.0001476694990980508 0.00022890302979240295 0.00019988893523910535 0.00021872161601473218 0.00024252406201808295 0.00021830375862380582 0.00018659398625828246 0.0001337713668460249 0.00024743283178086176 0.0002709423545049906 0.00025949403242110755 0.00028543471903914083 9.580045918348347e-05 0.0002515217365819781 0.00022095448133203685 0.00017513254679098458 0.0002922568217692231 0.00029166780114778566 7.866401034544864e-05 0.00024008412129396855 0.0002068407371778417 0.00022695406071015074 0.00010260901766952465 8.250374407889338e-05 0.00021230470675405333 0.00019494227260259282 0.00020529890060778163 0.00022955642367901828 0.00015919842155603285 9.391584572760727e-05 0.00011604069873482096 9.227232362726549e-05 0.00021361577094010164 0.00013872911448155838 0.00019812019777228459 0.0002809298184509533 0.00014086647550374772 3.2671458066350746e-05 0.00021904981777898867 7.940294873138819e-05 0.0002488089678468062 0.00022277445806724214 0.0001591076286663734 0.0002954595246247735 0.0002755376078102285 0.0001558533398387556 8.987146984212694e-05 0.00017475082014127945 0.0001956716895019088 0.0001500230253814897 0.0001921593666854219 0.00022085073445087707 0.0002175777260459298 0.00018105057802630963 0.00023054457514849944 0.0001279886765131249 0.00021783569407522974 0.00020735294508074367 0.00021367516521564458 0.00025223455884919305 0.0002216988334329065 7.331525125446612e-05 0.00021791484051129412 0.0001657732572673586 0.0002324319230455686 0.00021353382448904807 0.0002528467853134583 0.0002481412913535945 0.00017748719063904192 0.00023822398958903292 0.00015188632216660825 0.00025581172947848797 0.00017472591861146164 0.0001525619391219126 0.00023427610237090137 0.00025244581130562816 0.00018597370540534753 0.00020756305713644279 0.0001872048948741877 0.00030557970615880954 0.00015409858807490605 0.00022702463130258916 0.00022328345836325668 0.00019709584743656458 0.00022478666576419487 0.00018591506600577437 0.000147744246770239 0.00018080440813063715 0.00015202715458489488 6.306472189300473e-05 0.00010097833803929908 0.0001200542086817003 0.00024222911065718876 0.00027326440776405863 0.0003057554383407767 0.00024459419425616757 0.00015014512627729246 0.00011665305625077035 0.00012772593266017454 0.00020288339692357883 0.00023837387179144966 0.00020372781400971798 0.00024018485705595713 0.00029692818401374875 0.00015112744975262377 0.00029514344622003785 0.00031363800832622955 0.00025567720770895626 0.0002789734171937805 0.00022465617797485686 0.0002642266629614352 0.00022774739612880878 0.00031379884719937197 0.00013535101622986524 0.0001244435138657948 0.00010708315258465626 0.00013435668786555038 0.00032153733463479784 0.00039580002644117425 0.000322820352591159 0.00018709505095984336 0.0003044445885869482 0.0003058068371909043 0.00016190034235631775 0.0003107943160039879 0.00015416037692380318 0.00018826640753709376 0.0001740085849050734 0.00022197099305337487 0.00018997099922757877 0.0002710603557725136 0.00014123872135753536 0.00014372415991071026 5.539607827329344e-05 0.00015955309351071834 0.00023752510230990915 0.00014456718374488437 0.00012650660188428682 0.00020816325226732872 0.00018550648177463787 0.00014042116548899398 0.0001524576356391959 0.000280912204139205 0.00023163801490540137 0.0002491721700444781 0.00015918457721509198 0.00026398602235088516 0.0002197687810065205 0.00021603863425434663 0.0001501070788863696 0.00011763119428629992 0.00014948432644896388 0.00021958571283318902 0.00019529799458246251 0.00014359311705413642 0.00022995434431265067 0.00021360199366223377 0.00014371348657618138 0.00024212855690754 0.0002460745133320642 0.00010099359094023526 4.922386532994271e-05 0.00021113953008321384 0.00017937807909115648 0.00021083794514273641 0.000164354445914181 0.0001301359331731329 0.0001343143292867872 0.0002036169056142838 0.00022675150684501883 0.00019489810931887664 0.0002451267372372026 0.0002549934093775784 0.00026590337214966536 0.00025484019057397836 0.00020153183319045954 0.00017234453276259603 0.0001893570679528777 5.728036955214379e-05 0.00016449854402639618 9.761044804737948e-05 0.00018474138087847433 0.00016102172757707722 0.00020987525018952648 0.00024919735305586893 0.0001846435864593619 0.0002801250033383733 0.00027290237803755053 0.00014548441047225778 0.00022479446633860212 0.00029626958254256995 0.0002176523950707067 0.00024261805088649177 0.0003054424380455014 0.0002322597848682118 0.0003066978269619628 0.0003037723224002713 0.0002841560842845328 2.3164900745645068e-05 0.00020359893733544135 0.00010896345242734248 0.0001241805270438518 0.0001560315305365374 0.0002170381103641941 0.00023065923250476666 0.0002734298896324224 0.00022626930675021775 0.000174202425482636 9.182232659906605e-05 0.00025524233572617975 0.00024399100834297512 0.00020260721030225211 9.368613011203834e-05 8.51705828370277e-05 0.0002665915438321757 0.0001528849567383438 0.00019923790290018176 0.000216630930127923 0.0001650041050852634 8.839668022674361e-05 0.00023815752383360658 8.35026987740131e-05 8.496981430780796e-05 0.00015652010763711675 0.00014933439720323283 0.00015534276016178773 0.0002421101239685345 0.00013062424430255087 0.00022849972690630192 0.00025245570889267965 0.00024092557725379204 0.0001634548876166145 0.00020862745270054965 0.00014640263764672512 0.00020130579283789826 0.00015822613164816866 0.00025673836449831397 0.00024004746966646331 0.000241264013646439 0.00010183092857215979 0.0001650445570874567 0.00011778916789015976 0.0001356017853200234 0.0002657766889582904 0.0002109699152060165 0.00012541474668925133 0.00018203322554588572 0.00018511970655886762 0.0001627272950170645 0.00012109612657831723 0.00020897803693168776 0.0001429887041427798 0.00022559798098841497 0.00019348236826860173 7.174708221158893e-05 0.00020467675485315493 0.00023833162152943203 0.0001701218136252022 0.0001869509429846794 0.0002998638311829077 0.00024029014798660536 0.00023775297314873004 0.00014030486535380554 0.00017295209297965504 3.346547202502962e-05 0.00024465288343388165 0.0002656781888342314 0.00014599505465219236 0.00021247020193896927 0.00021084651095388846 0.00017714734184762993 0.0001798835077166818 0.00015982554222384825 0.00025632503183809814 0.00013215591329017703 0.00014745416059786602 0.0001835059578637341 0.00023583486668305034 0.00013465721846095828 0.00011077630541693096 4.9665860369455225e-05 0.00022359681610178102 0.00015971996495753223 0.00020707751551947177 0.00021078554333686273 0.0002058823907850953 0.0002235033817452696 0.0002485433602370021 0.00010123436075357247 0.00019864750302409046 0.00021079700546338848 0.00019896796985027058 0.00022940605249539324 6.643093012113605e-05 0.0002450034890457665 0.0002350403576409738 0.0001682789633324131 9.282144907404249e-05 0.00024300347735254575 0.00013456384873732752 0.0001808008551933985 0.0001967195629495902 0.00015510924101347533 6.914243768179801e-05 0.00019737018471273089 0.00026764332961127434 0.0002599064473454625 0.0002498087917238693 0.0002975283786303797 0.0001297761751071985 0.00016468260171302078 0.0001646522254900947 5.131400263131153e-05 0.00021410254685308696 0.00019866577968739846 0.00020635398759216586 0.00030614598947071523 0.00030649074794710115 0.00026989945709061854 0.00010374638617825519 0.0001492000713232924 0.00018360626069260274 0.00027980742152578186 1.8654343572423317e-05 0.00016435011475785937 0.00020350722979587448 0.00024303709399686654 0.00014707855200592453 0.00018858787828457494 0.00015904846856578569 0.0001817769989624502 0.0002319440031843968 6.358043153756367e-05 0.00014275931533252808 0.0002520325548378352 0.00025668083220509587 0.00024462310442334147 0.0002827750094333277 0.00021810223803467318 0.00016851133766575152 0.00014515386195893015 0.00016098813022203082 0.0002459408844074988 0.0002809778024377474 0.00024505528879935215 0.00023370889304994972 0.00015422488478440645 0.00015712021477804733 0.0002707767696668338 0.00023723095796073388 0.00027552809258304446 0.00017131599114610885 0.0002979906044649293 0.00015463270414257574 0.00019579916103647962 0.00023387734534080986 0.000294142820474792 0.00014949482450205177 0.0003004589306556764 0.00022171171195677105 0.00022232638733133659 0.00012505170073544536 8.511759539562171e-05 0.00018854398400742448 0.0002090179820037261 0.00012400719685273434 0.00010019044136384058 0.0002680656657703557 0.00034883576494247034 0.00019666360544573337 0.0002102130446377195 0.00017941335838160056 0.00016127155507125442 0.0003396441348748255 0.0002280083295364818 0.00024463746280981616 7.781277063589323e-05 0.00014765236361893432 0.0002507498280260732 0.00013859767577146723 0.0002800616821952858 0.0002970165648342032 0.00017854736514423365 0.00020304945971317114 0.0001414694561848615 0.00025815417031344577 0.00015452662903728173 0.00021971729717350908 0.00021881048087451566 0.0001515382762279941 0.00020381491140228225 1.4266167965404315e-05 8.978698917350981e-05 0.00021948426529366398 0.00020650098298623321 7.003461223224244e-05 0.0002498005303318118 0.000262934624444243 0.0001820523089842409 0.00017076978532257317 0.00021195987482143823 0.0001768490367399094 0.00014439360529957987 0.00017079082071398916 0.00019204786068586618 0.00014141512035260545 0.00034838320914501935 0.00029093478731720814 0.0002825702647884318 0.0001909124584733334 0.00022506716760753258 0.00027761791745126537 0.00010413146680441992 0.00011823272072913404 0.0002038627346229408 0.0002152802556322988 0.00023927617116493465 0.00023873327826296102 1.790459253889733e-05 0.00021032030471384655 0.000230743170416609 8.79569029254504e-05 0.000323300386718475 0.00028154619446986564 0.00016525309527027718 0.0002291304060769247 0.00028940745345310416 0.0002654740964251523 0.00024252404561678006 0.000259656606658041 0.00019047534289958655 0.0002258699345353124 0.00017283146036271827 0.00011244740865147842 0.0002541561408175403 0.00027171149833372823 0.0001773585580716752 0.00020667648503445166 0.0001553965390107792 0.00024127060062248743 0.0001351925188843417 0.00013717352667062604 1.0540925533894598e-07 2.726707346744639e-06 0.0001626787342589687 0.00023299103456513956 0.00021650686830025715 0.0001278496198611654 0.00019341064536221425 0.0002639767167470547 0.00023746335904566417 0.0001079187190933127 0.00011641417865830159 0.0003003761850186969 0.00015867055498235057 0.00028777449835868215 7.6285749447587e-05 0.00028945230908862426 0.0003316130837276418 0.00020675507202839817 0.00021813710776776577 0.00024344891039674527 0.00024217370318484413 0.00016815581855392992 0.00015900689179952523 0.00020828354383085586 0.0001399887083897844 0.00022528382143787966 0.000200306295384532 0.00020326659408025907 0.0002554713913404124 0.00021677120896109234 0.0002756200702006816 8.81809189522908e-05 0.0002656651498038159 0.000218341681697462 0.00025348636640144616 0.00016377077869357638 0.0002671027556247783 0.00015464936014081507 0.0002063165191818231 0.00011795140328074125 4.187052296098546e-05 0.00012393053317847583 0.00013816240313592747 0.00013791775318474392 0.00023038771863028085 8.864427874370854e-05 7.618658264164132e-05 0.00020827453552903658 0.0002229518509973225 0.00023672733016288415 0.00019813739105231223 8.768243650513024e-05 0.00024317429889047704 5.525091903229607e-05 0.00015198305278894112 0.00012033950274020072 0.0001660078549259444 0.0002929976157254917 0.00029567954802776 0.0002658536379558188 0.0001877125126122854 0.00020192065796896077 0.00022592750125693546 0.00019887758182045954 0.00027629349147094103 0.0002870451672109107 0.00010470381386357602 0.00024149324981272765 0.0001626302015306142 0.0002294337651488288 0.00017720447262892597 0.00018773664017246366 0.00023385299597013015 4.786756162212162e-05 0.0002490264286228001 0.0002819954757352785 0.0003406477954782694 0.00021446964895964756 5.00929159794617e-05 0.00025904864766486434 0.0002693071211498284 0.00017100269137056495 0.00016548912040049171 0.00018160470944962286 0.00022233935829389098 0.00018758953514657164 0.00019537080301475045 6.839128008714918e-05 0.00015319103571618823 0.00016722079465871932 0.00025101312066031086 8.85111766926956e-05 0.00021865181758756665 0.00023502055254987576 0.00022308201475223604 0.0002405236832195773 0.0002363605095684801 0.00023362695789142624 0.00013490498226483347 0.0002582800554111285 0.00021429134661717368 0.00018225688516089312 0.00021702948088475298 7.66988341228864e-05 0.00010424021891213726 0.0002572674132401376 0.00014957035265018034 0.00021345806757692095 0.00017612051261862646 0.00018443854548085982 0.00020982103051881562 0.00012718025467976554 0.000309449548146207 0.0002503797110788798 0.00010909987044950549 0.00018240191599203307 0.00026493514095192157 0.00020591912353796213 0.00011336566875237791 0.00026388535286453663 0.00016854243494700537 0.0002770601414648739 0.0002863672281959549 0.0002663958870823363 0.00034390241268683267 0.0002158470649406393 0.00020323072049599508 0.00011102646633235105 0.00012911275975776928 0.00021708184140825415 0.00019711493872062288 9.166570511063058e-05 0.0002097762300411431 4.6749974345240946e-05 0.00013958527535099232 0.000229613920575887 0.00017507462475901004 0.0002034020190941432 0.00026811762718012815 0.00013170266406610848 8.198425714910058e-05 8.185449281543659e-05 0.00017123445906507123 0.0001496798244637674 0.0002460259508525411 0.00022446060504851121 0.00027893024079090917 0.0003059730393000469 0.00014802970785741162 0.00031245417029569534 0.0002632937831561104 0.00029374647494760306 0.00025775649357003455 0.00012127129465861234 0.0001788716672126643 0.0002028040489119819 0.00018520616897552976 0.00020645625843171008 0.00024185658369918912 0.0001219856312929617 0.00030727863051688997 0.0002846028129326772 0.00018326545662488902 0.0001562488354407619 0.00018292405086054922 0.00018484951057843753 0.00019603166483962367 9.044208234134589e-05 0.0001530213071479936 9.458457715642381e-05 9.010713895247986e-05 0.00017739648383765638 0.00025175468531138514 0.00019375525750948974 0.00017226112905197518 0.0002269729565598293 0.0002454698562926632 0.0001329147505791337 0.00019542055629401963 8.00645377488684e-05 0.00011567122653602812 0.00024176150376413298 0.00020921395531042872 0.00024829684950021877 0.0003440008155860926 0.0003678265510670416 0.0002896755745291972 0.0003162244822540811 0.00024059242115271636 0.00020544875283805183 0.00028178635700905835 0.00023276766359808486 0.00021799320586777217 8.660527449240113e-05 0.0002959295368352605 0.0002622524786627069 0.0002958582564403305 0.00010179277336922225 0.0002646258053533661 0.00015526414126592643 0.00018594366178068761 0.00025771240777094196 0.00011223255447480256 0.00019870132579068688 0.00021476470648477267 0.00021539011681658493 0.0003042910886465903 0.00014062557014623777 0.00012565211329563955 0.00028415073354841217 0.00026091162821895717 0.00011379347640049119 0.00020563806084939677 0.00019010944634778097 6.358492831372066e-05 0.00010194556564281725 0.00031365255722737246 0.00013478693725160726 0.00028813303291111214 0.00023180083451324545 0.00025165097366165853 0.0002441636485490736 0.00022797682191885807 0.0001481245062981907 0.00022955226346909485 0.00028083017058647255 0.0002993935148027943 0.0002974523972696077 0.0002544197563052968 0.0002233747324345325 0.00022101508343145928 0.0002881497589594561 0.00024188750369258448 0.00018274864391274565 0.00029576129352406623 0.00022534536240760968 0.00018299060440481627 0.0002147764059585071 0.00022716652170298645 0.00022980932855307435 0.00027570387803226324 0.0002266676872626536 0.0002957078242307714 0.00011733612360984582 0.00021692365133998303 0.000170012580141812 0.00013784449533309974 0.00018232936740670845 0.0002429301417364981 0.00019508175339266986 0.0001769459945257456 0.00010338349759386242 5.7792837251665945e-05 0.0002869645913178895 0.0002411590580190307 0.0002010872269734269 0.00019082794870856914 0.0002449292897173982 0.0002370726080613419 0.0002377288695491816 0.00032147983414652356 0.00035448667741417884 0.0003313099415761143 0.00021845108186166316 0.00019205453978147162 0.0003358637880380963 0.00029581824197612966 0.0002606899330513301 0.00015894977350685614 0.00015535634187561603 0.00024283682988261054 0.00023505343484011816 0.00021155199892857246 0.0002558959718999442 0.0003276138211148873 0.00026121164038920425 0.0002533142949400194 0.0003057435386998293 0.00018864976762471603 0.00019767961947516412 0.00029352927319408465 0.00019609502235389394 0.000303835819210612 9.626277465256725e-05 0.00032839419734675284 0.00031514587103580633 0.0002407168745474407 0.0001481585001674421 0.00034740710928434236 0.0002915910291191803 0.000281184740998591 0.00024455278843728506 0.00016188966826733556 0.00025519725021576296 0.0003444046116457366 0.00011963002297409935 0.00025861659317342653 0.0002678547466255057 0.0001555730187052104 0.0001002439327502709 0.0002786366448313648 4.4209463560368785e-05 0.0002679708885769871 7.273635441756298e-05 0.0003337893331756938 0.0002519970716491889 0.00020792870035739945 0.00032455188270787263 3.483533031104046e-05 0.00010656134296587122 0.00012434636676185863 0.00033556930893076316 0.0001290623296634783 0.00026198105119010895 0.00033180744297608804 0.00022286993986527645 0.0002650565570068977 0.000263204755797963 0.0002456620992085109 0.00030014682053665104 0.00023576376074597235 0.00015338785553183995 0.00016520351175148084 0.0001364460058209604 0.00023329896390907512 0.00019796218746157996 0.00014797911336915444 0.0002578571706509117 0.00023697423252998145 0.0002903194567470786 0.00034498768208020427 0.000174436669624376 0.00013836341985678428 2.241511271898475e-05 0.0001130307101178855 0.00032984625796397187 0.0002276480441707421 0.00024960769384387786 0.00016051842583756203 0.0001023441443978183 0.0001747907297774716 2.933363941704665e-05 0.00017201769771474173 0.00010085005177864715 0.00013303880553206004 0.00015415847517916853 0.00013116138957889402 0.000163914872136202 0.00027403277971271665 0.00029154876306977114 0.00019340842200052667 0.0002121088642001108 0.00023881257888443182 0.00035382161437750773 0.0003217401239091348 0.00031338452222908565 0.00017060625262492785 0.00033003846837133656 0.00021290198727721933 0.00025991050562508284 0.00029010719918072905 0.0 0.0 0.0 0.0 0.0 0.0 0.0 0.0 0.0 0.0 0.0 0.0 0.0 0.0 0.0 0.0 0.0 0.0 0.0 0.0 0.0 0.0 0.0 0.0 0.0 0.0 0.0 0.0 0.0 0.0 0.0 0.0 0.0 0.0 0.0 0.0 0.0 0.0 0.0 0.0 0.0 0.0 0.0 0.0 0.0 0.0 0.0 0.0 0.0 0.0 0.0 0.0 0.0 0.0 0.0 0.0 0.0 0.0 0.0 0.0 0.0 0.0 0.0 0.0 0.0 0.0 0.0 0.0 0.0 0.0 0.0 0.0 0.0 0.0 0.0 0.0 0.0 0.0 0.0 0.0 0.0 0.0 0.0 0.0 0.0 0.0 0.0 0.0 0.0 0.0 0.0 0.0 0.0 0.0 0.0 0.0 0.0 0.0 0.0 0.0 0.0 0.0 0.0 0.0 0.0 0.0 0.0 0.0 0.0 0.0 0.0 0.0 0.0 0.0 0.0 0.0 0.0 0.0 0.0 0.0 0.0 0.0 0.0 0.0 0.0 0.0 0.0 0.0 0.0 0.0 0.0 0.0 0.0 0.0 0.0 0.0 0.0 0.0 0.0 0.0 0.0 0.0 0.0 0.0 0.0 0.0 0.0 0.0 0.0 0.0 0.0 0.0 0.0 0.0 0.0 0.0 0.0 0.0 0.0 0.0 0.0 0.0 0.0 0.0 0.0 0.0 0.0 0.0 0.0 0.0 0.0 0.0 0.0 0.0 0.0 0.0 0.0 0.0 0.0 0.0 0.0 0.0 0.0 0.0 0.0 0.0 0.0 0.0 0.0 0.0 0.0 0.0 0.0 0.0 0.0 0.0 0.0 0.0 0.0 0.0 0.0 0.0 0.0 0.0 0.0 0.0 0.0 0.0 0.0 0.0 0.0 0.0 0.0 0.0 0.0 0.0 0.0 0.0 0.0 0.0 0.0 0.0 0.0 0.0 0.0 0.0 0.0 0.0 0.0 0.0 0.0 0.0 0.0 0.0 0.0 0.0 0.0 0.0 0.0 0.0 0.0 0.0 0.0 0.0 0.0 0.0 0.0 0.0 0.0 0.0 0.0 0.0 0.0 0.0 0.0 0.0 0.0 0.0 0.0 0.0 0.0 0.0 0.0 0.0 0.0 0.0 0.0 0.0 0.0 0.0 0.0 0.0 0.0 0.0 0.0 0.0 0.0 0.0 0.0 0.0 0.0 0.0 0.0 0.0 0.0 0.0 0.0 0.0 0.0 0.0 0.0 0.0 0.0 0.0 0.0 0.0 0.0 0.0 0.0 0.0 0.0 0.0 0.0 0.0 0.0 0.0 0.0 0.0 0.0 0.0 0.0 0.0 0.0 0.0 0.0 0.0 0.0 0.0 0.0 0.0 0.0 0.0 0.0 0.0 0.0 0.0 0.0 0.0 0.0 0.0 0.0 0.0 0.0 0.0 0.0 0.0 0.0 0.0 0.0 0.0 0.0 0.0 0.0 0.0 0.0 0.0 0.0 0.0 0.0 0.0 0.0 0.0 0.0 0.0 0.0 0.0 0.0 0.0 0.0 0.0 0.0 0.0 0.0 0.0 0.0 0.0 0.0 0.0 0.0 0.0 0.0 0.0 0.0 0.0 0.0 0.0 0.0 0.0 0.0 0.0 0.0 0.0 0.0 0.0 0.0 0.0 0.0 0.0 0.0 0.0 0.0 0.0 0.0 0.0 0.0 0.0 0.0 0.0 0.0 0.0 0.0 0.0 0.0 0.0 0.0 0.0 0.0 0.0 0.0 0.0 0.0 0.0 0.0 0.0 0.0 0.0 0.0 0.0 0.0 0.0 0.0 0.0 0.0 0.0 0.0 0.0 0.0</DataArray>
<DataArray type="Float64" Name="g_gap" format="ascii">0.0 0.0 0.0 0.0 0.0 0.0 0.0 0.0 0.0 0.0 0.0 0.0 0.0 0.0 0.0 0.0 0.0 0.0 0.0 0.0 0.0 0.0 0.0 0.0 0.0 0.0 0.0 0.0 0.0 0.0 0.0 0.0 0.0 0.0 0.0 0.0 0.0 0.0 0.0 0.0 0.0 0.0 0.0 0.0 0.0 0.0 0.0 0.0 0.0 0.0 0.0 0.0 0.0 0.0 0.0 0.0 0.0 0.0 0.0 0.0 0.0 0.0 0.0 0.0 0.0 0.0 0.0 0.0 0.0 0.0 0.0 0.0 0.0 0.0 0.0 0.0 0.0 0.0 0.0 0.0 0.0 0.0 0.0 0.0 0.0 0.0 0.0 0.0 0.0 0.0 0.0 0.0 0.0 0.0 0.0 0.0 0.0 0.0 0.0 0.0 0.0 0.0 0.0 0.0 0.0 0.0 0.0 0.0 0.0 0.0 0.0 0.0 0.0 0.0 0.0 0.0 0.0 0.0 0.0 0.0 0.0 0.0 0.0 0.0 0.0 0.0 0.0 0.0 0.0 0.0 0.0 0.0 0.0 0.0 0.0 0.0 0.0 0.0 0.0 0.0 0.0 0.0 0.0 0.0 0.0 0.0 0.0 0.0 0.0 0.0 0.0 0.0 0.0 0.0 0.0 0.0 0.0 0.0 0.0 0.0 0.0 0.0 0.0 0.0 0.0 0.0 0.0 0.0 0.0 0.0 0.0 0.0 0.0 0.0 0.0 0.0 0.0 0.0 0.0 0.0 0.0 0.0 0.0 0.0 0.0 0.0 0.0 0.0 0.0 0.0 0.0 0.0 0.0 0.0 0.0 0.0 0.0 0.0 0.0 0.0 0.0 0.0 0.0 0.0 0.0 0.0 0.0 0.0 0.0 0.0 0.0 0.0 0.0 0.0 0.0 0.0 0.0 0.0 0.0 0.0 0.0 0.0 0.0 0.0 0.0 0.0 0.0 0.0 0.0 0.0 0.0 0.0 0.0 0.0 0.0 0.0 0.0 0.0 0.0 0.0 0.0 0.0 0.0 0.0 0.0 0.0 0.0 0.0 0.0 0.0 0.0 0.0 0.0 0.0 0.0 0.0 0.0 0.0 0.0 0.0 0.0 0.0 0.0 0.0 0.0 0.0 0.0 0.0 0.0 0.0 0.0 0.0 0.0 0.0 0.0 0.0 0.0 0.0 0.0 0.0 0.0 0.0 0.0 0.0 0.0 0.0 0.0 0.0 0.0 0.0 0.0 0.0 0.0 0.0 0.0 0.0 0.0 0.0 0.0 0.0 0.0 0.0 0.0 0.0 0.0 0.0 0.0 0.0 0.0 0.0 0.0 0.0 0.0 0.0 0.0 0.0 0.0 0.0 0.0 0.0 0.0 0.0 0.0 0.0 0.0 0.0 0.0 0.0 0.0 0.0 0.0 0.0 0.0 0.0 0.0 0.0 0.0 0.0 0.0 0.0 0.0 0.0 0.0 0.0 0.0 0.0 0.0 0.0 0.0 0.0 0.0 0.0 0.0 0.0 0.0 0.0 0.0 0.0 0.0 0.0 0.0 0.0 0.0 0.0 0.0 0.0 0.0 0.0 0.0 0.0 0.0 0.0 0.0 0.0 0.0 0.0 0.0 0.0 0.0 0.0 0.0 0.0 0.0 0.0 0.0 0.0 0.0 0.0 0.0 0.0 0.0 0.0 0.0 0.0 0.0 0.0 0.0 0.0 0.0 0.0 0.0 0.0 0.0 0.0 0.0 0.0 0.0 0.0 0.0 0.0 0.0 0.0 0.0 0.0 0.0 0.0 0.0 0.0 0.0 0.0 0.0 0.0 0.0 0.0 0.0 0.0 0.0 0.0 0.0 0.0 0.0 0.0 0.0 0.0 0.0 0.0 0.0 0.0 0.0 0.0 0.0 0.0 0.0 0.0 0.0 0.0 0.0 0.0 0.0 0.0 0.0 0.0 0.0 0.0 0.0 0.0 0.0 0.0 0.0 0.0 0.0 0.0 0.0 0.0 0.0 0.0 0.0 0.0 0.0 0.0 0.0 0.0 0.0 0.0 0.0 0.0 0.0 0.0 0.0 0.0 0.0 0.0 0.0 0.0 0.0 0.0 0.0 0.0 0.0 0.0 0.0 0.0 0.0 0.0 0.0 0.0 0.0 0.0 0.0 0.0 0.0 0.0 0.0 0.0 0.0 0.0 0.0 0.0 0.0 0.0 0.0 0.0 0.0 0.0 0.0 0.0 0.0 0.0 0.0 0.0 0.0 0.0 0.0 0.0 0.0 0.0 0.0 0.0 0.0 0.0 0.0 0.0 0.0 0.0 0.0 0.0 0.0 0.0 0.0 0.0 0.0 0.0 0.0 0.0 0.0 0.0 0.0 0.0 0.0 0.0 0.0 0.0 0.0 0.0 0.0 0.0 0.0 0.0 0.0 0.0 0.0 0.0 0.0 0.0 0.0 0.0 0.0 0.0 0.0 0.0 0.0 0.0 0.0 0.0 0.0 0.0 0.0 0.0 0.0 0.0 0.0 0.0 0.0 0.0 0.0 0.0 0.0 0.0 0.0 0.0 0.0 0.0 0.0 0.0 0.0 0.0 0.0 0.0 0.0 0.0 0.0 0.0 0.0 0.0 0.0 0.0 0.0 0.0 0.0 0.0 0.0 0.0 0.0 0.0 0.0 0.0 0.0 0.0 0.0 0.0 0.0 0.0 0.0 0.0 0.0 0.0 0.0 0.0 0.0 0.0 0.0 0.0 0.0 0.0 0.0 0.0 0.0 0.0 0.0 0.0 0.0 0.0 0.0 0.0 0.0 0.0 0.0 0.0 0.0 0.0 0.0 0.0 0.0 0.0 0.0 0.0 0.0 0.0 0.0 0.0 0.0 0.0 0.0 0.0 0.0 0.0 0.0 0.0 0.0 0.0 0.0 0.0 0.0 0.0 0.0 0.0 0.0 0.0 0.0 0.0 0.0 0.0 0.0 0.0 0.0 0.0 0.0 0.0 0.0 0.0 0.0 0.0 0.0 0.0 0.0 0.0 0.0 0.0 0.0 0.0 0.0 0.0 0.0 0.0 0.0 0.0 0.0 0.0 0.0 0.0 0.0 0.0 0.0 0.0 0.0 0.0 0.0 0.0 0.0 0.0 0.0 0.0 0.0 0.0 0.0 0.0 0.0 0.0 0.0 0.0 0.0 0.0 0.0 0.0 0.0 0.0 0.0 0.0 0.0 0.0 0.0 0.0 0.0 0.0 0.0 0.0 0.0 0.0 0.0 0.0 0.0 0.0 0.0 0.0 0.0 0.0 0.0 0.0 0.0 0.0 0.0 0.0 0.0 0.0 0.0 0.0 0.0 0.0 0.0 0.0 0.0 0.0 0.0 0.0 0.0 0.0 0.0 0.0 0.0 0.0 0.0 0.0 0.0 0.0 0.0 0.0 0.0 0.0 0.0 0.0 0.0 0.0 0.0 0.0 0.0 0.0 0.0 0.0 0.0 0.0 0.0 0.0 0.0 0.0 0.0 0.0 0.0 0.0 0.0 0.0 0.0 0.0 0.0 0.0 0.0 0.0 0.0 0.0 0.0 0.0 0.0 0.0 0.0 0.0 0.0 0.0 0.0 0.0 0.0 0.0 0.0 0.0 0.0 0.0 0.0 0.0 0.0 0.0 0.0 0.0 0.0 0.0 0.0 0.0 0.0 0.0 0.0 0.0 0.0 0.0 0.0 0.0 0.0 0.0 0.0 0.0 0.0 0.0 0.0 0.0 0.0 0.0 0.0 0.0 0.0 0.0 0.0 0.0 0.0 0.0 0.0 0.0 0.0 0.0 0.0 0.0 0.0 0.0 0.0 0.0 0.0 0.0 0.0 0.0 0.0 0.0 0.0 0.0 0.0 0.0 0.0 0.0 0.0 0.0 0.0 0.0 0.0 0.0 0.0 0.0 0.0 0.0 0.0 0.0 0.0 0.0 0.0 0.0 0.0 0.0 0.0 0.0 0.0 0.0 0.0 0.0 0.0 0.0 0.0 0.0 0.0 0.0 0.0 0.0 0.0 0.0 0.0 0.0 0.0 0.0 0.0 0.0 0.0 0.0 0.0 0.0 0.0 0.0 0.0 0.0 0.0 0.0 0.0 0.0 0.0 0.0 0.0 0.0 0.0 0.0 0.0 0.0 0.0 0.0 0.0 0.0 0.0 0.0 0.0 0.0 0.0 0.0 0.0 0.0 0.0 0.0 0.0 0.0 0.0 0.0 0.0 0.0 0.0 0.0 0.0 0.0 0.0 0.0 0.0 0.0 0.0 0.0 0.0 0.0 0.0 0.0 0.0 0.0 0.0 0.0 0.0 0.0 0.0 0.0 0.0 0.0 0.0 0.0 0.0 0.0 0.0 0.0 0.0 0.0 0.0 0.0 0.0 0.0 0.0 0.0 0.0 0.0 0.0 0.0 0.0 0.0 0.0 0.0 0.0 0.0 0.0 0.0 0.0 0.0 0.0 0.0 0.0 0.0 0.0 0.0 0.0 0.0 0.0 0.0 0.0 0.0 0.0 0.0 0.0 0.0 0.0 0.0 0.0 0.0 0.0 0.0 0.0 0.0 0.0 0.0 0.0 0.0 0.0 0.0 0.0 0.0 0.0 0.0 0.0 0.0 0.0 0.0 0.0 0.0 0.0 0.0 0.0 0.0 0.0 0.0 0.0 0.0 0.0 0.0 0.0 0.0 0.0 0.0 0.0 0.0 0.0 0.0 0.0 0.0 0.0 0.0 0.0 0.0 0.0 0.0 0.0 0.0 0.0 0.0 0.0 0.0 0.0 0.0 0.0 0.0 0.0 0.0 0.0 0.0 0.0 0.0 0.0 0.0 0.0 0.0 0.0 0.0 0.0 0.0 0.0 0.0 0.0 0.0 0.0 0.0 0.0 0.0 0.0 0.0 0.0 0.0 0.0 0.0 0.0 0.0 0.0 0.0 0.0 0.0 0.0 0.0 0.0 0.0 0.0 0.0 0.0 0.0 0.0 0.0 0.0 0.0 0.0 0.0 0.0 0.0 0.0 0.0 0.0 0.0 0.0 0.0 0.0 0.0 0.0 0.0 0.0 0.0 0.0 0.0 0.0 0.0 0.0 0.0 0.0 0.0 0.0 0.0 0.0 0.0 0.0 0.0 0.0 0.0 0.0 0.0 0.0 0.0 0.0 0.0 0.0 0.0 0.0 0.0 0.0 0.0 0.0 0.0 0.0 0.0 0.0 0.0 0.0 0.0 0.0 0.0 0.0 0.0 0.0 0.0 0.0 0.0 0.0 0.0 0.0 0.0 0.0 0.0 0.0 0.0 0.0 0.0 0.0 0.0 0.0 0.0 0.0 0.0 0.0 0.0 0.0 0.0 0.0 0.0 0.0 0.0 0.0 0.0 0.0 0.0 0.0 0.0 0.0 0.0 0.0 0.0 0.0 0.0 0.0 0.0 0.0 0.0 0.0 0.0 0.0 0.0 0.0 0.0 0.0 0.0 0.0 0.0 0.0 0.0 0.0 0.0 0.0 0.0 0.0 0.0 0.0 0.0 0.0 0.0 0.0 0.0 0.0 0.0 0.0 0.0 0.0 0.0 0.0 0.0 0.0 0.0 0.0 0.0 0.0 0.0 0.0 0.0 0.0 0.0 0.0 0.0 0.0 0.0 0.0 0.0 0.0 0.0 0.0 0.0 0.0 0.0 0.0 0.0 0.0 0.0 0.0 0.0 0.0 0.0 0.0 0.0 0.0 0.0 0.0 0.0 0.0 0.0 0.0 0.0 0.0 0.0 0.0 0.0 0.0 0.0 0.0 0.0 0.0 0.0 0.0 0.0 0.0 0.0 0.0 0.0 0.0 0.0 0.0 0.0 0.0 0.0 0.0 0.0 0.0 0.0014762706232671803 0.00017031845248502517 5.905763564395458e-05 0.00014095954613598498 8.250014701408142e-05 0.00020120913880676872 0.0002624853251313072 0.00015696456811911574 9.287618312760786e-05 5.578999792297164e-05 0.00013143208165501547 7.068434764195982e-05 0.00017751085599862322 0.00022905635281143723 5.304265781174356e-05 0.0010110413745145835 5.4575078737562604e-05 6.30675886585221e-05 4.557097949601516e-05 5.1919479125364345e-05 4.8997517273786066e-05 0.00011507210410352194 5.913460142211674e-05 0.00011949450586082562 0.00012781312009579779 4.7413515283271626e-05 8.363858957281182e-05 0.00020130027070365872 0.00017957813801290789 8.98784006234825e-05 7.506554044176312e-05 0.0001880517973247071 0.0004207352148849117 0.00021186534362556473 0.0001591443794372712 4.1305492241356235e-05 5.517102505722189e-05 5.3374545475149215e-05 8.985289158613103e-05 0.0003371845242062577 8.28867996825623e-05 0.00010239805118523288 5.425836035638654e-05 0.0010027590179665336 8.893688840080914e-05 0.00010884968348268497 0.0005871886862971272 0.00012156573430231504 0.0004988276402230241 0.0002817553378046413 0.0002974707675560852 7.182831617223834e-05 0.00023708076663112108 7.477202149263193e-05 0.0003744888316904535 8.520192022510601e-05 6.386431405239859e-05 0.000618902976935229 0.00045285354591764163 0.000167607776336323 3.892130794546804e-05 4.972202969568151e-05 9.132575151894694e-05 0.0007900320434123055 0.00013692726181447593 0.00010494572726310319 0.00011739720787293431 5.232229976494184e-05 5.3440217382740453e-05 0.0006692263411183032 6.034508061180218e-05 4.458057511459443e-05 4.977941901965557e-05 5.806949108518186e-05 0.00017949579564310446 0.0001780986363362555 0.00017457689014658412 0.00013287137424480882 6.260530845014532e-05 6.56371421012093e-05 5.1435797477659055e-05 5.283514543137892e-05 0.00017563663380781643 0.0001946739097376814 5.6840548166287886e-05 8.147156286952798e-05 7.084351451114957e-05 0.0001439014424077668 4.907717168693084e-05 7.146839089733165e-05 0.00024258233819921492 0.00030619498678636684 5.17799793088409e-05 6.792430855534913e-05 0.00010837951484619805 7.525085776655601e-05 0.00013431309374885557 0.0005898937126245742 8.678608906169374e-05 0.002436374753478827 0.00031704448168043615 9.026500625240711e-05 0.00014059335786378394 6.673125998775902e-05 5.589424269292593e-05 0.0002202760509218877 0.00011572644350027083 5.7494461328953976e-05 0.00011057359999825758 5.032101121492382e-05 0.00013844240638403362 0.00010125164516331021 0.00010241475270689097 7.814703313220138e-05 4.213814493091236e-05 5.083079958495148e-05 3.5658435945806536e-05 5.844878523440996e-05 0.00012055829601069726 0.0003565514360484325 0.00017924105002676275 5.2573235239600795e-05 0.0017238718297626322 9.525674691126499e-05 6.154131205471693e-05 8.420919298118166e-05 6.722765122098691e-05 8.229296997650674e-05 5.2097204053105555e-05 0.000686252699272249 0.00010951879448730599 0.000249450761433613 3.7110311897187685e-05 0.0008617131695798899 0.00022001601940275093 4.4162089893386024e-05 0.00012784273414632059 0.00021829555272856964 0.0008218941122955224 9.361433994552814e-05 0.0004700802043981725 4.296765501381891e-05 0.0007466061226787815 0.000392842133210645 5.854442652932353e-05 0.0001674240949825532 8.84218492136931e-05 7.049673685779801e-05 0.0002704141239815271 9.941583279546677e-05 0.00010155629065809436 0.00012536706698886843 4.098466001154398e-05 8.922099699978337e-05 0.0002707688674583316 0.0002482017741561839 5.2226130034134865e-05 0.0002956190326039533 0.00017624335828189273 0.0002152808489056739 0.00023524866045652836 0.0006031837176871316 0.0003621207946025449 7.588550124551156e-05 7.656495699329258e-05 5.090042083908809e-05 5.249733443339024e-05 0.00020060247084828948 0.0002071925082547795 6.189586766379253e-05 5.403404615352709e-05 0.00047070671289491946 0.0001713870589939317 0.00024051289647456398 0.0001948661213980837 0.00025576921817046925 0.0001852609561204744 8.766352810398966e-05 6.208340751470054e-05 5.1525340704876094e-05 4.8493554246865245e-05 0.0001361021513445008 0.00011684120065333885 5.314969196952142e-05 3.9712174470064815e-05 0.0010508077836932014 5.080123284257088e-05 4.137684514306206e-05 0.00017396738737127725 4.571677395171583e-05 0.00013338099972338245 0.0006139368406254258 0.00019326905867566812 0.0004286672244472133 6.882315281852743e-05 0.00013866086762767503 4.090343833499173e-05 0.00012678873576532802 5.134157506429858e-05 4.357716806748455e-05 0.000776530216725822 4.2715077999428165e-05 0.0032582287374832855 9.398817810331651e-05 9.782038076372493e-05 0.0001270206385896842 0.0003838391863855187 5.211690583929034e-05 3.632386854827447e-05 5.3279002076614796e-05 4.335061181726787e-05 0.00018925514865415741 6.669757017801731e-05 0.00010243878380659561 0.0002607104956532546 5.274427134175458e-05 0.00010314084798068275 6.845851632857378e-05 0.00011579604558847154 7.013814872608663e-05 4.513277571530477e-05 0.00015803663825560114 0.0001292006525646884 4.795907813581705e-05 8.347529950815658e-05 0.0001488477018365753 6.326365499520259e-05 4.1767029443632924e-05 0.0001953936137984348 0.00015838578546781013 0.0007972267268352565 4.778961141835789e-05 5.845064007575901e-05 7.355117073192473e-05 0.00017830205092945242 6.767127083623351e-05 0.00047238450154128854 0.00012929543707551248 0.0001636985310736444 0.0022413960795702446 0.000972220847418282 0.00018985554094337555 6.693644153060102e-05 6.257065186197361e-05 4.070106282301834e-05 0.0007058616576293521 3.696741108624616e-05 0.0001740649357849288 9.251351094674554e-05 8.714384821631228e-05 0.00011043356154252772 5.044408238127632e-05 9.872441376822938e-05 6.079185410009485e-05 0.0002756774776042764 0.00011758123490103916 0.00014092081290210365 0.00013513253066146274 0.0008255153445707833 4.822908371279694e-05 0.0005125017324950631 0.00012281932678114845 0.00020214807299457767 5.467903196596501e-05 6.332795168994554e-05 0.0001085099960421136 4.072468999968171e-05 7.098427167014569e-05 9.246940352903081e-05 9.897876696477827e-05 0.00011109648349361141 4.951250562634245e-05 0.00011238975513089378 6.134794606246705e-05 4.828418709928999e-05 0.00017712319837526652 0.00013348499738097635 8.940549276442668e-05 0.0003918808684772125 5.054751511083985e-05 7.100573165357787e-05 0.00024221050889124018 0.0003719765476429551 5.462842183142727e-05 0.0007635796887427546 4.93454751603328e-05 7.532571088521152e-05 4.757166995185709e-05 5.4928561063497325e-05 0.0006289528464824035 0.0005002564525484251 8.25121840284098e-05 5.565712592409686e-05 0.001767720160151999 0.00015974017347623992 0.00021273382915074914 0.0004612585630912338 0.00013972857677934378 7.071729249492022e-05 9.470508612830522e-05 0.0013809444853830261 6.302757672817378e-05 4.643684836582698e-05 5.7382954448411284e-05 0.00022261122809127108 0.0001701085657835419 4.7239914975516556e-05 7.894831938497966e-05 4.1980486203143414e-05 3.7020660753966164e-05 0.00011049099302413956 0.00010767105540318769 0.00021409940319806864 0.00013430241073271988 4.85875336062172e-05 6.968581774742145e-05 0.00010326054029528953 0.0018930537131945423 0.0012780172961786337 0.00029625374908631843 6.969970377261282e-05 0.001413316299396698 0.0005220627701916956 0.0003853633237570847 8.539946957484464e-05 0.00042319027912059235 0.00013606567926440597 0.00012085364207808967 0.00012446092789575352 0.0002458121890646408 0.00014553426271154946 7.822929234979041e-05 4.890137528977809e-05 3.0908590407648474e-05 4.6131311233378285e-05 0.00011003523137299697 6.358631097337773e-05 0.00013673720663798702 0.00010102798717513114 6.267631740321747e-05 8.735621056659839e-05 0.00011810971114015706 0.0004508811418777839 3.48554592951923e-05 0.00018105277421825137 5.8369006998813783e-05 4.98797480661509e-05 0.00019880663696592626 4.4946808626950724e-05 8.707791020936185e-05 0.00011491865318358845 0.00011743319717527934 0.0005144438823520758 6.86182878059192e-05 6.191923108682715e-05 7.114796341748277e-05 5.705356741996802e-05 7.691618263249098e-05 8.937792590824737e-05 0.00015170880605249723 6.408575260373429e-05 0.00015701307790730938 0.00010826521143401868 5.425442330828879e-05 7.10494423729097e-05 0.0008224939576545055 5.1963114797505524e-05 8.846245840995426e-05 7.66462561713219e-05 4.0772509014407876e-05 5.7329425063980886e-05 5.931245871085957e-05 0.00014003849589167477 0.00021383053618226702 0.00035492875928511407 5.595544167467049e-05 5.345329448288906e-05 0.0007801356297882809 3.509777578662481e-05 5.4651589844692616e-05 5.5494216782295085e-05 0.00018449389965491625 0.00016006287362474865 0.0008385256841224639 4.372181319387225e-05 5.9052082356131236e-05 5.99648466791205e-05 0.0011303780253072977 6.650124018652755e-05 0.00019154141707197522 4.54004591195678e-05 0.00019988878435311694 8.558223502980913e-05 8.014910956389707e-05 6.444382077803483e-05 0.00014823396496498414 3.904451274035804e-05 0.000107243783169066 9.815832841347479e-05 4.814430937326041e-05 0.00019479697983016835 5.495446244011805e-05 9.542998816289664e-05 0.0001260115473550305 0.00010255858525998268 0.0005443349135869069 9.061491563532785e-05 0.00014302042373763666 8.087732217467322e-05 7.184845600690337e-05 4.074323660539319e-05 8.049385470249254e-05 0.0001133157588420101 7.93757405586059e-05 0.000557338109776124 0.0009715333191802602 3.470151953210114e-05 5.63612311985835e-05 0.00013075884346863128 4.2176311602122595e-05 6.533118126873542e-05 5.8627630011652805e-05 0.00019909127335936862 4.33433292306442e-05 6.56077084495455e-05 0.00020365831079005104 5.708965281753764e-05</DataArray>
<DataArray type="Float64" Name="heat_i_to_j" format="ascii">1.0721040492671653e-07 1.657319833515174e-05 -6.422668411219063e-06 -8.362279328277375e-06 -9.85976035935323e-07 4.96446245962312e-06 -1.2918329971661368e-05 -3.354884191109976e-06 8.411925621960774e-06 -6.078727080955335e-06 -2.870947544676314e-06 4.340449303683935e-06 3.029568346326581e-06 1.0444059460084685e-05 -5.865296575182954e-06 6.777708201974156e-06 -6.387791146417856e-06 -3.8280059872788994e-07 -1.663427147339796e-05 3.7391359025002487e-06 1.4720016274664411e-05 -9.418142814118587e-06 6.7464583393187235e-06 1.218609412321426e-05 -2.4855321993881524e-05 6.036117101681241e-06 -1.0074402460335112e-05 9.961054889880596e-06 -2.819111338451921e-06 -1.6445792574573636e-06 -1.322085435536285e-05 1.6957344255942576e-07 5.2894919039623614e-06 9.774747222452668e-07 1.1711415553465375e-05 -7.343288499618953e-06 -4.416818392609468e-06 2.076126121009503e-06 2.537571710600929e-06 1.5882219444940018e-06 -1.8442423483386797e-06 -4.946800021120457e-06 -2.744632847514375e-06 -1.603138105103148e-05 -1.1627720958310095e-05 2.676089828595159e-07 -3.928449170736361e-06 9.373258276279619e-06 -1.165950359837636e-05 -1.58602156001231e-05 1.5590742325423853e-05 9.014245011855114e-06 -9.963525130436552e-06 -8.426784264703268e-06 9.341309067128756e-06 2.5709016867107955e-06 -5.8197302253393665e-06 -1.1676965957515923e-06 -1.1682515324285513e-05 1.9410214112431688e-05 -4.044896449789154e-07 -2.8358041705789658e-06 1.0341489651348506e-05 1.578265589762257e-05 -4.366000971138475e-06 -9.037996245697949e-06 -9.884344161386512e-06 -1.870490900102391e-05 1.2192109864683433e-05 1.064474957189913e-05 1.3482243235763078e-06 2.1329061676329634e-05 -1.6309604342412244e-05 -7.535031943926739e-06 2.5155746100101853e-06 3.017194795029512e-06 1.2788666353570963e-05 1.0078593597135029e-05 -1.1698185844305162e-05 -1.567729891519026e-05 -8.086550551198979e-06 -1.0052901415066022e-06 3.8694211480755916e-06 -5.4825626428947264e-06 1.4516808119825824e-05 -1.055109706015185e-05 4.905153631696179e-06 1.4679008923094457e-06 -6.37305452399778e-06 -1.2143587691304376e-06 1.2170780753008528e-05 1.357788260321086e-05 -7.779190241011635e-06 -8.247904099259024e-06 -9.12978531887647e-06 1.4512033780021856e-05 -2.0039150797510356e-05 1.7674097131415728e-05 -5.232376130327934e-07 1.9807561248365407e-07 4.465448305800412e-06 1.300375172954317e-06 -5.4653061597274836e-06 5.543380890169486e-06 1.46973158619013e-05 -9.073420508273379e-06 -2.1555127866795256e-05 6.077521711406536e-06 1.4887859224804132e-06 7.163366303526102e-06 1.9370217480358896e-05 1.4537226151291121e-05 -1.1377183778662098e-05 1.1061328818789432e-05 1.2203399441217793e-05 -7.240554929688557e-06 -6.473823625830079e-07 3.8699994218671565e-06 1.093087290352152e-06 1.1333357625884067e-08 1.4145833350922834e-06 2.441191529649012e-05 -1.6673326915789217e-05 -1.3583936492190152e-05 -1.1808768140840617e-05 9.761081853138212e-06 -4.223789918740874e-06 5.324704135667588e-06 -6.4603495400743665e-06 3.4123379276327183e-06 1.0452498559240467e-05 -1.305609083164803e-07 1.3608547185136121e-09 -2.097011833481517e-05 -7.63349535631106e-06 -4.650875518239171e-06 -3.7192361245928922e-06 -1.8312923544666575e-05 -7.628491026431553e-06 -4.591271628164981e-06 5.749050004174214e-06 -1.9885584857309277e-05 6.7741130668905194e-06 1.4394966882328098e-05 7.083566234443936e-07 3.4401189590992203e-06 1.3338524196719031e-05 -7.031691217198872e-06 4.466292199119419e-06 8.840730205259327e-07 -1.222894297666208e-05 -1.0155243099349575e-05 1.6004927762426306e-05 -1.507312915432149e-05 1.674831057774502e-05 -1.0404686856661275e-08 1.538541044144872e-10 7.95843913401872e-06 1.3899584039033403e-06 -6.810825827300335e-06 -1.2334226681849666e-05 -9.49635407392528e-06 1.1930544676503967e-05 1.590729803170664e-05 6.597915665780855e-07 -9.99830584514234e-06 8.591296285635982e-07 -7.708348114225534e-06 -2.5849704397600908e-06 -1.8948762886772464e-05 -1.7199902375911006e-05 3.226990055595574e-06 1.5175568102694748e-06 -1.7623591443936868e-06 -1.2319546127743892e-05 2.451863465641831e-05 2.0017301421646786e-05 -3.6897397389722705e-06 3.794765356471772e-06 9.335528982412435e-06 -5.932238327497555e-06 -9.356494640536397e-06 -8.694862776640511e-06 8.286931699131545e-06 1.2837746448499524e-05 1.9053602185171006e-05 4.664569039840102e-06 -7.772987075417262e-06 4.290021179067608e-06 -1.4247335559805823e-06 7.235688608571364e-06 3.3165724540460675e-06 -2.219789520990266e-05 9.395393774802977e-06 1.6481926168823498e-06 -1.2566477738146782e-05 1.4945153389934853e-05 3.326763804765768e-06 9.75999610686704e-06 -1.0342383162930128e-05 -5.123052400401447e-06 1.0221725322393753e-05 3.3575336780858345e-06 6.302636127475031e-07 1.1742959925186662e-06 1.7975837617502786e-05 1.960162646924502e-05 3.7398837560867306e-06 -7.812977353119943e-06 1.967364308774511e-05 1.089869745137847e-05 -2.025407673681196e-05 -1.2648697797399605e-05 -1.7597189157223083e-07 6.511117671674602e-06 1.350936643896997e-05 -1.7300409053968548e-05 -6.199475928176821e-06 1.4928134845151418e-05 2.6575419656374864e-06 5.778748547470406e-06 3.2499327320320997e-06 2.422279010364641e-06 -1.1695165933650821e-05 -1.550902190467663e-05 2.3982937293320183e-06 -1.0383086256685307e-05 2.000178358194387e-05 -1.0134906743938128e-05 1.5575504132928317e-05 1.5227437739661378e-05 2.1767083002700413e-05 3.4068100856585798e-06 9.651637617980104e-06 1.2444941100955272e-05 -1.0622391000025249e-05 -1.4108400947687606e-06 -1.3470157709874123e-05 -3.6252828774552238e-06 -6.548666079163087e-06 1.5191339491523292e-05 -2.3722299535995323e-05 -4.767286746150288e-06 -3.9908381176622765e-06 -5.030664442619555e-06 1.355411074309749e-05 -2.2055199420880113e-05 2.337162675049425e-05 -4.784900753553469e-06 1.4556961414070912e-06 -3.202069482147308e-06 -3.1912099933385427e-06 -1.1160260286146155e-05 6.908383400459002e-06 7.443086879032862e-06 4.93038504773686e-06 -7.895631985163424e-06 -6.574081970595616e-07 5.4065405099911e-06 -5.197679514815478e-06 -2.6001430605242056e-06 4.928841335933409e-06 -1.1345337968393466e-06 -3.7082017494021986e-06 -7.428786449926624e-06 -1.9889823643517003e-06 9.757493675640782e-06 1.0848159432098749e-05 -1.461518572535639e-06 -1.6664981209823002e-05 -3.819820914733043e-06 -5.73056863512808e-06 -4.0161766467243715e-06 -5.991492129776041e-06 1.5738237411671134e-05 7.373732663815205e-06 -4.894841187122889e-07 4.924138606119562e-07 6.774786642278553e-07 6.111065894113554e-07 1.0865192635641872e-05 -3.7339525992913224e-06 6.586460081063997e-06 -1.0138904244551454e-05 4.322579997634502e-06 -6.156478772789427e-06 -5.605560889950723e-06 6.777341903771147e-06 -7.716736070626665e-06 9.436117607042907e-06 -5.187734257287453e-06 -1.7284711690338328e-07 1.0457654446870624e-05 -4.756222791160788e-06 9.195907095228737e-06 8.346400750742413e-06 -7.620637161618661e-06 2.7483109237383924e-06 -1.266998160808909e-05 -2.0371864542177145e-06 1.3197764418204771e-05 -9.900187557990725e-06 1.3921207375517468e-05 -2.83231540479228e-06 -1.994154639806966e-06 7.973022086070692e-06 -3.208165709836592e-06 5.9503919425016235e-06 4.2542080503527046e-06 -3.425018604453211e-06 -7.426326556784552e-06 -8.778456513818463e-06 -9.39592850741984e-06 -8.817638052665021e-06 1.014694552320575e-05 1.3919615930435063e-05 6.337278892197212e-07 2.8539271160960657e-07 -7.305671575943186e-06 3.280524318114532e-06 -1.081358927342866e-05 -1.0580305400783791e-05 -8.233580066455802e-06 -6.206441500196987e-06 2.7152528245789877e-06 6.122921065258779e-06 1.3734180879016727e-05 3.6027045858473267e-06 1.2271724984798344e-05 -1.1430406947353781e-05 4.111534075002921e-07 -5.413691977733438e-06 -5.969971940255328e-07 -3.215798969615462e-05 1.4929164841503166e-05 -2.193407706981614e-06 8.955967329201322e-06 1.585357772362923e-05 3.545599252264802e-07 1.4643379270632297e-06 -1.767247557589036e-05 2.455877498155856e-06 2.159211067481228e-06 2.4374086111512937e-05 3.1893868163414957e-06 1.430278612263662e-05 -2.0624211300179424e-06 -1.6701358005596917e-05 1.3811626095323796e-05 1.2126889364955713e-05 -6.489450216043892e-06 -2.0949172052853126e-06 -1.9459397437439165e-05 -1.0108785457123054e-05 -1.225976192043925e-07 9.570625267689194e-06 3.105251592224876e-07 1.593393001203347e-05 1.5440718964757153e-05 -1.1772756733484254e-07 2.4138074721649836e-07 -1.631915658878257e-06 1.7417017477104768e-05 1.0842701798169144e-05 9.913074393240184e-06 -1.62500248273858e-05 1.3286897176680373e-05 -2.0728776005941094e-05 1.391567189949035e-05 3.20273031181365e-07 3.4232460350022166e-06 4.490282502615497e-06 7.53420916798406e-06 3.4709576898504813e-06 -1.0520271128727882e-05 -1.4525046090844145e-05 -3.4115415358328526e-06 1.9198013410582606e-05 -2.2484116131941747e-05 1.1431572413370738e-05 1.2102826786946749e-05 -7.12825002078802e-06 -3.16777584377764e-07 2.1321717063092495e-05 8.567492266910304e-06 1.2543464587745512e-05 -1.737700401062051e-05 3.824691317096478e-06 -3.6385738582938976e-06 1.0054944784748586e-05 8.595704734487362e-06 -3.83473898826013e-06 1.2098068683062329e-06 1.0853132229316342e-05 2.0915060546929864e-06 3.0384408964260683e-05 1.7837247455225487e-07 2.533112805680629e-05 1.74539000389419e-05 1.0902910694102962e-05 1.145442629040569e-05 -1.7875014507769007e-05 1.403863461354871e-05 -1.1648410818696784e-05 5.5692580788640514e-08 -9.458725074409642e-06 1.8000209801391538e-05 -6.3872990296089426e-06 -1.0817388406474963e-05 -1.6635979885594663e-06 1.1713347950495447e-05 3.7601428792420257e-06 -1.0335792934274876e-05 -9.699958249426626e-06 -1.4216050322291602e-05 -3.20927974867153e-06 -3.7298704406074463e-06 2.014983999761275e-06 1.400794421551038e-05 4.019537477092437e-05 1.170280828729398e-05 1.790293569873966e-05 -1.9619680776415895e-06 -1.051509693388327e-05 2.414352528896155e-06 -1.9543031503305067e-05 5.626884403885816e-06 -7.5245312985003055e-06 -1.7176809117104666e-05 -8.140407945678501e-06 1.9880004584887225e-05 -3.4825290339590826e-06 1.571471215881571e-05 4.203176109138863e-07 7.192075908420179e-07 -1.2005060913488412e-05 -1.0697176970072864e-05 4.276367373125794e-06 1.585630119789069e-05 1.8563088773551195e-05 7.973860423623434e-06 -2.241824273836368e-05 1.4047255551430324e-05 6.237898564930151e-06 -1.3209370661420819e-05 8.97384531871242e-06 -4.489207082676e-06 -2.874894717210547e-05 2.0168017831633126e-05 1.8882689423551623e-05 1.5744303016325884e-06 -2.0360648602406354e-07 -1.3632931284109764e-05 -2.1335444970526505e-05 1.3507551565183642e-05 5.66540904170847e-06 -4.295792723903351e-06 2.3089495113405748e-05 5.941348810696189e-06 1.3203538745796181e-05 -9.886324903436832e-06 2.7221975631515076e-06 -1.8063782426889601e-06 -2.5997715778480555e-06 1.0629433508404019e-05 -2.956519816012328e-05 1.074326900905717e-06 -5.090849255317584e-07 8.862314790682346e-06 5.130955119846147e-06 3.114691522179727e-05 -1.1242343677180006e-06 -3.1638710437177877e-07 -2.4638326519506462e-06 8.218023176924208e-06 -7.592085513201012e-06 -2.1227798949734152e-05 -7.329064732713873e-06 3.33342992932191e-05 -1.992796863176205e-06 -3.796692056157552e-06 5.714229478820533e-06 -1.108652549851822e-05 -1.6233570572868839e-06 -3.610158946587635e-06 3.2716357975015065e-05 -2.114614338412893e-05 -1.2905220857668189e-05 2.660438138530742e-06 2.203985975937493e-05 3.3132943955030463e-06 1.671724973713772e-05 -2.40490499624805e-06 7.302634486758342e-07 -1.8606493169159452e-05 -3.830222215687101e-06 -2.4363628427105713e-05 3.456535268077099e-05 7.842906626323846e-06 -3.603555294004023e-06 -5.5970763363362576e-06 6.13528415780127e-06 -2.697141977033345e-05 2.4263938465179955e-05 -2.3901698958816755e-06 1.1151493600516972e-05 6.977147258288989e-06 1.3898645996631265e-05 2.7742354268939996e-05 -1.2700349382865956e-05 -1.4769901391421728e-05 -7.287420614502413e-06 1.788774779251412e-08 8.489034903519224e-06 -3.3822970777665306e-06 4.1235521731906533e-07 -1.0419258310238043e-05 -1.7380037756659017e-06 2.0852198228376215e-05 -1.5512348034412667e-05 1.8504963437823593e-06 1.8919075881139154e-05 1.4074654835247095e-06 9.863122208064949e-06 2.0553185161490133e-06 -2.3118705232760293e-05 2.4666173946226245e-05 7.706477568397926e-06 8.136942253156308e-06 1.513520539690965e-05 -6.674470506015089e-06 5.572313006981025e-06 8.420603129422555e-06 2.6980977697922603e-06 -9.18512385250454e-06 4.4687045303238173e-07 2.9792848206234056e-05 7.896285463832967e-06 -1.337852010927952e-05 1.0977038812349968e-05 -3.797765263847203e-06 1.3509676330159714e-05 1.0820325946959906e-05 -6.302875094110582e-07 -9.699009492333018e-06 -1.9367111659528164e-05 1.1024565696399334e-05 1.3457347005218342e-05 -6.229041717253687e-06 -6.254522310267198e-06 -7.623457555465683e-06 1.4834213445796586e-05 1.3915795388946718e-06 -6.7434496417893784e-06 -1.940827331153031e-05 2.3893367010888514e-05 1.9667797032525493e-05 1.292640757986039e-06 3.2113851182569473e-06 1.4301392143907213e-05 -1.6865867476175127e-05 1.4368165865507503e-05 -2.1968455322292786e-06 -8.03505998137574e-06 8.954742160485434e-06 -2.0244353675239114e-05 -2.0670018056640713e-05 3.346690889134395e-05 -5.844134899308662e-06 -4.17635704323549e-06 9.019388767045757e-06 -7.0048989984987944e-06 -1.4268580216360619e-05 1.3635350853307223e-05 -8.323084023034088e-06 2.3293905989669366e-05 1.3460915216209653e-06 2.5733873784184075e-06 2.381361229951183e-06 6.714825138639505e-07 -2.013024494899421e-06 7.579417669218338e-06 -1.3129566653263252e-06 -2.961427616721699e-05 3.046810569182667e-05 3.623372625126871e-06 -9.000986456265956e-06 1.1087984608167753e-05 -5.613490231695167e-07 -1.5934304784505407e-05 -6.118938952193292e-06 8.224922264433925e-06 -1.1985202589728157e-06 -1.888057396685791e-05 2.7910243697274525e-06 6.264284739528742e-06 1.5000984801113985e-05 -1.4236772213202764e-05 1.2876219186122867e-05 1.9836243460744228e-05 8.258334515128118e-06 4.0900994733369295e-06 1.5807747762344096e-05 5.6945325971662334e-06 -3.0329244247637263e-05 1.9795132735247448e-05 3.2356103774875893e-06 -1.7809723758010262e-05 2.479729794076101e-07 2.258763247712279e-05 -1.4541261563285573e-05 5.906986736770543e-06 -7.511233336532694e-06 1.194383950165508e-06 -1.317750244657753e-05 5.546827986337021e-06 1.481743564382471e-05 -2.8924457745426064e-07 -1.3438180823202424e-05 -4.3061433123445095e-05 1.8999210107699595e-05 -1.076916955860488e-05 1.3385228842306614e-05 -2.103589757912796e-05 3.5335854018277424e-06 1.9201075578300825e-05 1.895621683805984e-07 -2.2764497430330675e-05 2.2670824900348326e-06 1.4500220205308948e-06 -1.2356156505348232e-05 2.6993740220736956e-06 1.563877384805143e-05 2.3906978389956693e-05 1.6356637432479637e-05 -2.2862273157252577e-05 -2.115586281849116e-05 8.000870321401364e-07 6.046042914161001e-08 4.466893835948178e-06 -1.0784810026471516e-05 1.8285625701875557e-05 -1.8529040761411382e-05 -2.42523806332242e-05 -8.627992525456864e-06 -2.9271791987354836e-05 3.860949624563909e-05 -8.442709256892475e-06 -2.6829103732993495e-05 4.6589086476526144e-06 2.2220705456025416e-06 -8.388970311929685e-06 2.5203545483937932e-05 7.142536415600165e-06 1.3801889032642887e-05 -1.5471551103756574e-06 2.4957450893446654e-06 -1.7920357080037445e-05 -1.4273869881507626e-05 -9.152392461472657e-06 -1.1004406652113367e-05 1.1887361326572347e-05 -1.2808660086253291e-05 -8.263355136350041e-07 -5.848126717771222e-06 -1.9722082956285808e-05 -6.176145383591226e-07 1.0808968357334693e-05 9.917107273668345e-06 -1.0603446427147551e-05 -3.43991541798051e-05 1.052162862359516e-05 -1.7027567759784e-05 3.6227915088907652e-06 1.3458940823371695e-05 -1.1076254591861458e-05 2.295532641212405e-06 9.668132538937255e-06 1.6432716304826378e-05 -9.020996207778001e-06 -3.8067993522822524e-06 -1.1166958477102548e-05 2.975173869450514e-06 3.762067828335041e-06 3.0333965698135088e-05 -1.1279670243080895e-05 -2.1469226550665472e-05 1.5119443413039234e-05 1.871303647247644e-05 -1.4128624292747542e-05 -3.345345321761768e-07 -1.1404395408200227e-05 1.2861045360596436e-05 -1.7098080984574252e-05 1.882235552655174e-05 5.462146219764572e-07 -6.90488421788068e-08 -8.954922778321366e-07 -5.013915209600101e-07 -2.9976141602381448e-05 6.195087467613775e-06 -1.8695181854544523e-06 9.131734680966662e-06 1.184814707617531e-05 -1.9674634048894353e-05 1.8886825209477457e-05 -1.0676021501382005e-06 5.020217020461021e-06 2.1484921181577432e-05 -1.80387997133308e-05 1.0035790200033347e-05 2.093463734768536e-05 -2.305807404841793e-05 1.8397866730492007e-05 -1.1650431212624861e-05 -2.3279044570139505e-05 -1.2849522266769105e-05 1.1753863825449983e-05 5.114095349843848e-06 -5.122355135671627e-06 -2.042080783788254e-06 2.0158119898642683e-05 -1.0452430422416456e-05 2.2084339054069892e-05 3.572163765881839e-07 -9.220378130000371e-07 3.7107560129565736e-06 -2.1266509062030884e-05 -1.4351730466081493e-05 -1.5483296199082714e-05 2.6723994725466678e-05 -3.053511320276659e-05 1.9294414676446506e-05 3.248188525252977e-05 3.6021902095623388e-06 -3.675396661698132e-05 -3.5117698773062955e-05 2.9166555807440652e-05 2.0966927704355422e-06 1.6348433549632376e-05 2.909127923811926e-06 -7.623124647140403e-07 -1.189420638470813e-05 2.8778260498515426e-05 6.472662779264482e-06 -2.9349455144403638e-05 4.112176715235726e-06 -2.5464556618810715e-06 3.4186673973175236e-06 1.7249403154708392e-05 9.684964290149256e-08 2.077679406545135e-05 2.122583822504543e-06 -4.090664117841357e-07 5.2102692398974405e-06 1.4085876904988422e-05 1.6617229833124822e-05 -3.698727615050854e-06 -1.7586136233942008e-07 3.6522509814440372e-06 -1.3915878930039664e-05 7.2288946180824876e-06 8.456119533204222e-06 -1.6858218156947558e-05 1.1661191694279578e-05 1.1366374378151058e-05 -1.2183502077062409e-05 -1.1507559419990398e-06 -2.919263242756853e-05 8.827534502784656e-06 9.689587662406787e-06 -1.905886475581656e-06 -2.0222132308427066e-05 7.649941652922633e-06 -3.6923899478864844e-07 1.0026237992999045e-05 -1.0389429293635669e-05 1.744898725340704e-05 -2.053611565749935e-05 2.7601776831299987e-06 -7.863771987448192e-06 5.482905780704686e-06 3.689454771685687e-06 1.838400644210726e-05 -8.447183558288339e-07 1.2616032262288326e-05 7.598494127381765e-06 1.9563444479341163e-05 -3.9801690063173655e-06 1.1922285092577277e-05 -1.60212154300342e-05 1.6862822555489937e-05 1.5147021782534805e-05 1.3278000740997106e-05 4.385542972223293e-06 2.072902586269455e-05 -1.1316722580251704e-05 -5.466882649055082e-06 5.426910335402028e-06 6.604496433917082e-06 -3.575947761657273e-05 3.941166439453302e-06 1.639002625623738e-05 -1.1714647983545696e-05 -2.5967156761873254e-07 -8.129896532799908e-06 -2.3812370264964768e-05 1.7434003515740792e-05 8.980823717343736e-06 9.580053587071092e-06 -1.2101255882072182e-05 1.7744550941427745e-05 1.4102205775776072e-05 2.25528859643458e-06 -8.87272750554136e-06 5.954957921540753e-06 -7.408915985941745e-06 -1.3401387339946793e-05 -1.1607358496437533e-05 3.1497882523492707e-06 -2.044554651068618e-06 5.459094893102311e-06 1.852856497366823e-05 -3.128542544303946e-06 -1.5212359867130422e-05 1.1638311205479353e-05 1.653557302598142e-05 -1.6222713773398806e-05 1.3797544521011095e-06 -8.554857033927028e-06 5.389275479167377e-06 -3.3244857278499612e-06 -6.382357618018659e-06 4.522823832322174e-06 1.840064868121902e-06 2.4796350302472442e-05 -3.976016875644389e-06 9.617299168732115e-06 2.83751579631142e-05 9.927570742755618e-06 2.021439429502075e-05 -1.4178920313604522e-05 8.673773022702255e-07 7.914466080137905e-06 -1.3340085387035825e-05 -1.892232454289922e-05 -5.613603519559921e-06 2.6125138014288957e-05 -3.412419281346531e-05 -8.386740795568101e-06 -1.3757596506870561e-06 -5.983806926054572e-06 3.7714439444668157e-06 1.061523745885886e-05 -2.0628163895792943e-05 -5.951365220921668e-06 2.5284192070697062e-05 -1.111366619968811e-05 9.187272512036129e-06 -4.6324690391890545e-06 1.1188952015293747e-05 9.23063433564113e-06 -1.3145350560983579e-06 1.6858282395446886e-06 8.302179790907478e-06 2.4851505339584546e-05 5.46101433035426e-06 -1.9631478617238214e-05 1.8592200512814688e-06 -1.9265109542777453e-05 1.6466381675368378e-05 3.6554623952265335e-06 -2.3034923154897445e-06 2.7145497950920965e-06 9.323631039375322e-06 6.316789150249473e-06 -2.5124898177548553e-05 5.1240230547420716e-06 8.75720997184707e-06 2.0505104819467062e-05 5.2919162733260104e-06 -1.584585575461389e-06 -1.9700444712195977e-05 -1.1432591682547973e-05 4.3380162568903954e-06 1.251045407896842e-05 7.043427851637916e-06 -1.1656371333080153e-05 -1.8629166220914478e-05 9.62375811938099e-06 -1.9676964956806794e-05 1.2858109364649418e-05 2.8778164711443233e-05 4.534211521673764e-06 2.679432019761598e-05 4.185881007976986e-06 1.1630687987188534e-05 -1.0977544015088669e-05 -2.742754969838543e-05 -8.740007000927266e-06 1.557132233191896e-05 -3.374616487597536e-07 9.962661236011545e-06 5.9912625601473484e-06 1.2530799899493292e-05 -1.0474857990629719e-05 5.053710932564457e-06 -3.99339064840196e-06 -4.0486836843350656e-05 2.1753789021163957e-05 -2.2613213330664757e-05 5.502353923029804e-06 -1.6902853012339578e-05 -2.853859632041246e-05 1.8963605786218512e-05 2.4614236773494805e-05 2.3465867018822068e-07 -1.0461039511953667e-06 1.7698723906405878e-05 5.989414077137525e-06 -2.199205840065292e-05 3.407726085458946e-05 1.725051133972341e-05 -3.509338154958152e-06 -3.287722823034979e-06 1.886827589263834e-05 -1.918855835963553e-05 -1.9515171990173744e-06 1.571978455725651e-05 -8.515997786633523e-06 3.2864896077400534e-06 -9.105389857932137e-07 -4.488876241186163e-06 -1.2183526886485813e-06 1.1552984118887612e-06 -8.524856464167169e-06 1.4254419885198131e-05 3.4068497672082e-05 2.0145628615008098e-05 -3.9506265709098277e-07 -4.274809348171456e-06 1.0707374501691468e-05 -1.647241580552894e-05 1.775840485841885e-05 3.491600986743581e-06 -1.2209516123786987e-05 -2.9977482548167122e-05 7.96638051880181e-06 2.4738798307399477e-05 1.0742768070271e-05 6.365475965024979e-06 3.170530205427975e-05 1.2371169005303628e-06 -7.188210247729051e-06 -3.953985492956637e-06 2.6584659550059744e-06 -2.768189769255143e-05 1.508535882916208e-05 1.0229031913781689e-06 9.840429150922036e-06 -1.0518252438552282e-05 -5.147651670178586e-06 2.7988194715995833e-05 -1.6107026505709598e-05 -1.172212621570731e-05 1.5335184372009564e-05 -2.2513487336256913e-05 -1.790457812694439e-05 8.367844243644677e-06 -2.1779141002484473e-06 -1.0627095629010558e-05 -1.5113577451072703e-06 -1.2927862339482951e-05 -1.2329699230358078e-06 -1.1626293526750078e-05 2.6433496794457774e-05 -1.0745095956872785e-06 1.5220856425475324e-05 -9.548734087082605e-06 -2.0562658562693268e-05 -6.501739680585194e-07 1.0204512827948998e-05 1.4220246716811212e-08 3.6644495627094797e-07 8.718688155170704e-06 -1.806579327100816e-05 -2.0349081007987634e-06 -3.5818370728526513e-06 1.3212455096622649e-05 -2.04152530210022e-05 5.41451860957997e-06 1.4827816881527869e-05 9.7393212055566e-06 -2.295218899359574e-05 -4.968199175544582e-06 1.9157102795722546e-05 -2.2753487400738315e-06 -3.118094704680507e-05 4.561069225532997e-05 -4.838703369937724e-07 2.5622738061688178e-05 2.550672486633225e-05 2.716065959525144e-05 -1.1703640020450535e-05 -6.072410769214431e-06 -8.370640596626602e-07 5.8954107658581506e-06 1.4941334717709048e-05 7.617415406006017e-06 1.087752128251308e-05 -2.899485691399878e-05 -1.755372562632907e-05 -1.450135405767454e-06 -7.745508401784855e-06 1.519939399294987e-05 1.057217682083403e-05 2.3793900017133548e-05 1.7316199171066763e-05 -2.775625867815346e-05 -1.8461524358800827e-05 1.141710019767375e-05 -4.264270270913357e-07 4.502064263505701e-06 -1.2902780466692953e-05 -8.53740731525444e-06 6.562853891299193e-06 -1.0894747378123962e-05 9.694672312057179e-06 2.2936362768385336e-07 -2.0931117978768814e-05 -1.6874766123944136e-05 2.2242946119952384e-05 -3.4272744882928286e-06 -1.1461341737111279e-06 -2.8762321150618906e-05 3.1115088887403303e-06 -1.3672158827469779e-05 4.3587749847970355e-06 1.1758769915670316e-05 1.857961107377959e-05 -1.650745016043561e-05 -9.546577772893637e-06 1.0960622702255218e-05 4.888256367061923e-06 1.602988012256679e-05 1.655236017507214e-05 -2.272067034349996e-05 2.739355980018083e-05 -2.792210281708849e-06 -9.001585021509044e-06 -1.735943396690317e-05 -2.9648161517724683e-05 -1.7000860418340715e-05 -1.2873630231537053e-06 1.527299879517243e-05 -3.903190395125567e-06 1.934141111633615e-05 1.418417562672572e-05 -3.798318835802558e-05 -1.1411711063182046e-05 2.3414749352512094e-06 2.796600926523861e-05 -2.668586032289028e-05 -1.224789693123057e-05 8.321876802853466e-06 2.812100637088584e-06 1.9622909851011115e-05 -5.155358377339667e-06 2.4883605456230696e-05 1.5824177459832242e-06 -1.5462579141469884e-05 -8.332809141332987e-06 -2.0028671905041197e-05 -3.7261674297819807e-06 -1.954458175132173e-05 -1.878542604830128e-05 2.669660010077748e-05 1.465092512424523e-05 1.0265664757724401e-05 -1.9910539038387054e-05 -1.8070313652995616e-06 2.2674072273132666e-05 1.086435784292005e-05 -3.788314152440498e-06 1.843338360912793e-05 2.4278135955343657e-07 -3.511235021690843e-06 -2.7805440529393562e-05 1.1348794679281986e-05 6.525658331273749e-07 1.0203394355759291e-05 -7.943690381230277e-06 -1.8005464022016467e-05 7.647410848341064e-06 -2.98581140358631e-05 1.7112996425458042e-05 2.543565439321926e-06 -1.6157721998773425e-05 2.6359274169814967e-05 -2.2665677855903845e-05 -1.0586558178768067e-05 1.7750006459575653e-05 1.7876230548807533e-05 -1.5290043403756942e-05 -1.7444079459581555e-06 -1.8951337769875402e-05 2.9600776414802084e-05 7.735079958401521e-06 -2.4144750696547544e-06 -1.2629034195467325e-05 5.525876945041511e-06 2.1966431744108803e-05 -7.591434584725298e-06 -6.662031363292094e-06 2.7698067655993426e-05 -4.957898073353667e-06 -1.5458840933435032e-05 -2.0970339009440763e-05 2.3586291941257933e-06 4.499598529738312e-06 3.07911756107066e-05 8.572374068312119e-07 -7.870867661800195e-06 7.471654412777861e-06 1.484451739085237e-05 -1.4274080920530568e-05 4.387148993000767e-06 -8.121835903751473e-07 -2.2031770421855197e-05 3.045796497190457e-05 4.104269630703934e-06 -2.7499937791569188e-05 7.863518455129103e-06 -3.29083913683626e-05 2.5693938978935004e-05 4.979943988265146e-06 1.345745110046775e-05 -2.6778045137727872e-05 -8.498240832964978e-07 -1.5163727566458016e-05 2.658057593807746e-06 -5.049206529137153e-06 -3.34843612064777e-05 1.5814274141717927e-05 1.4464264725447895e-06 1.716228769914292e-05 -1.5635203825263513e-05 9.0763375512961e-06 -8.623912921872396e-06 -7.779072883727036e-06 -1.0791581444727781e-05 1.2760481668695182e-05 -7.217471833311637e-06 -1.3914973345915317e-05 -2.620687036625309e-06 -1.2904376978232446e-05 1.2612756324984036e-05 2.0146261634479444e-06 2.854218771294544e-05 -1.6393753316597002e-05 7.490637484901741e-06 -2.672064734464765e-06 9.76351861427114e-06 8.29860181524608e-06 2.3354431931900647e-05 -2.327406860068871e-05 -2.07619069851079e-05 4.911534657781545e-05 -6.847743524660715e-06 3.534190014079038e-05 -2.5318397293863017e-06 7.6167184446379825e-06 -5.815462473000362e-06 -2.7923018843050455e-05 2.1074264033453804e-05 4.096940372783242e-06 -5.678677381525005e-06 -3.446074483558913e-05 2.8476307176457064e-05 7.903264028394956e-06 7.249565887610017e-06 -6.553916698361577e-07 1.2766926962949998e-05 3.4318226189396456e-05 -3.7984284044823307e-06 9.315656893753846e-06 -1.5459292890551976e-05 -3.0384807918895036e-05 -5.967551903499735e-06 7.76438837168285e-06 1.5192649236495231e-05 3.172819779150903e-06 1.2998790423267879e-05 -3.38558028398413e-06 -1.1762120079829145e-05 5.175144357568976e-06 -6.96941182511495e-06 1.5157196750367093e-05 6.765540869647186e-06 -1.0816688981927679e-05 -2.964445542857447e-06 7.358330513128175e-06 -1.7006287403466114e-05 -5.839713082873614e-06 -1.622338260240001e-06 1.3132563523898701e-05 -1.4928272854330294e-05 -3.263064840827391e-05 1.4922897286104828e-05 -4.140226856521148e-05 3.0300801286614623e-05 2.6760723384175726e-05 -2.8250016475228012e-06 -1.1410075340078522e-05 -1.6711101667509274e-05 -2.9578556252645613e-05 2.7644847896691377e-05 1.2551676715448544e-05 -7.284379873007161e-06 -1.870138661844325e-05 2.603249188807343e-05 -1.6055588178898596e-05 1.12217471237548e-05 -1.7222296676533965e-05 -2.949626813196121e-05 -5.007832773740166e-06 -3.873082806300873e-06 2.0347203495667262e-06 -2.2188858493180274e-05 6.201083388115143e-06 -1.355375685384881e-05 -5.373927469687229e-06 6.046375472153429e-06 -1.0695213279546517e-05 6.572209417708266e-06 -2.0136773563137783e-05 3.009880267696856e-05 1.5592821375607462e-05 5.943362179822571e-06 2.2388314497877017e-05 3.427346089375418e-05 -1.2774848856666935e-05 -3.5971882691392484e-05 3.640128619576017e-05 -3.0377161662180876e-05 2.756395938057254e-05 -5.256303083345245e-06 -9.607415103872697e-06 1.5342591713337846e-05 4.300073792858978e-06 -8.597112873069324e-06 -2.6867057898430803e-05 -6.125333023137816e-06 -2.672798417210148e-05 1.389837631307536e-05 -7.093995134905488e-06 -3.233750759955654e-05 3.0154041873519947e-05 3.105041743645032e-05 -3.879649229748876e-06 -1.1800553343708517e-06 1.4514499613572344e-05 9.265481288171545e-06 -9.19567814931282e-06 3.17807598989568e-05 -2.0148560955331402e-07 -1.8154901495213784e-06 2.504923137849647e-05 1.8337393868950473e-06 -1.601902565350437e-05 -4.968837344160419e-05 -9.485753395981464e-07 4.155897070520493e-05 1.4437576359244833e-06 -1.776649119736293e-05 -1.8141909257405155e-05 -4.887743869326796e-05 8.281651472826788e-06 -6.050490276313826e-06 1.699242846385819e-05 -2.0246133072636304e-05 -8.32499252129439e-06 -2.592968256802412e-05 3.175512347293846e-06 7.400537084173841e-06 9.886517385900016e-06 -3.462814917875912e-05 -2.1169852750424903e-05 1.971002905766146e-05 2.5657800908316726e-05 -1.6465388997990623e-06 -1.2664782937420053e-05 -8.522007050607442e-06 3.6500861054302396e-05 7.447776183345811e-06 -2.7964775160769962e-05 1.6476211709482688e-05 -1.3294581019488378e-05 -1.3535411448292691e-05 1.3243217283349394e-05 -2.5013426107300065e-05 5.645052804841971e-05 -3.12276130985448e-06 -1.075107156982793e-05 2.173712268648709e-06 1.367741659335559e-05 -2.7001717533744973e-05 1.0704706066050568e-05 -2.6654665284345434e-06 -1.2618627730342873e-05 -2.2073758418073647e-05 4.400473077964445e-06 -3.139442885695425e-05 4.1374990456880944e-06 6.986383512182325e-06 2.571479622460609e-06 -8.460712520208438e-08 -6.325923770594209e-06 -1.8816462523453444e-06 -3.3884083780890275e-06 -1.7198591465027316e-05 1.1168619101829718e-06 6.02652918781681e-06 3.863293062546179e-06 3.563689338181794e-06 -1.3622288027244543e-06 1.789491365922163e-06 2.2397839276031474e-05 3.2118463706934864e-06 -6.8612433835552496e-06 -3.297117218045802e-05 3.8726323576805014e-05 -1.5174780981309604e-05 -2.415899858058752e-05 3.8364822273548595e-05 5.839658732852986e-05 -1.1052763025648412e-06 -3.478092037489789e-05 8.034148234134619e-06 -1.6272460727830093e-05 -2.6034808500179896e-05 -3.294374226180624e-06 -1.4576488949052439e-05 4.6450634612568256e-05 -1.9208343487165868e-05 2.404861083593584e-06 -6.405249628616047e-07 4.192451836227483e-06 9.853710801805612e-06 -1.4921600761270708e-05 2.0042288381387755e-05 -9.680329246633487e-06 1.4704495710015103e-06 1.937930498420117e-05 -8.962836089733856e-06 8.904148329156522e-06 1.575322754852638e-05 1.181572872693781e-06 3.968204516794923e-05 7.282940859429572e-06 4.162068896196008e-06 2.855400294777202e-06 5.725241251686563e-06 2.460454016726188e-06 -8.732944489795578e-06 -5.146718079585039e-06 -1.6385964134433081e-06 8.630191953764597e-06 7.355477364892109e-06 -9.72917447862463e-07 1.0224758663850405e-05 -2.3704008615398307e-05 -7.22858531001081e-06 2.2248639725477413e-06 7.306893730780481e-06 -1.0885856583938539e-05 -2.523797025992785e-05 1.6674019396699545e-05 6.045465475948887e-06 -5.631232740375445e-07 -9.19971082964889e-07 -1.1988133004909301e-05 1.953806623793728e-05 -4.149102880290492e-06 -1.2483434169660699e-05 -1.3259554054982555e-06 2.3928317919564162e-06 1.0387569748220407e-06 -2.4412734679805345e-06 3.395265064369746e-05 1.1718700581672907e-05 -1.6778900869793517e-06 -1.8777824274989084e-05 -1.916077021958918e-05 8.73346498499122e-06 1.7844260856204452e-05 -7.505890053751766e-06 3.665543646829435e-05 8.371766688679865e-07 -5.802236510024159e-06 1.5796569756617883e-06 -1.3684263604765734e-07 -1.335494918064349e-05 -3.4244084232394947e-06 6.803712999240492e-06 9.875852327839345e-06 2.7047456119008425e-05 -4.347278993619164e-06 -6.578125924475269e-06 -5.171021851463571e-06 8.634378108700944e-06 3.82000386963413e-06 -1.2007126267959446e-05 -8.419566656774524e-06 -2.9049286509263765e-06 1.9934191064728967e-06 1.6094507085458362e-06 1.9730646307142383e-05 -1.1956745543438089e-05 -8.743146643660425e-06 -9.80110748799426e-06 -3.3766170373896765e-06 8.744209622831991e-06 8.066621036893734e-06 3.4137941393030335e-06 -1.825581349848278e-05 -1.2464774913101882e-06 5.079035860875377e-06 -2.3092009529810136e-06 -4.5297967625070205e-06 -1.7740510481532644e-06 6.705397519615634e-06 -5.3169513045510056e-06 -8.845754225733532e-06 -1.0593559969662336e-05 4.698524598848568e-06 2.6227216082563638e-06 5.566907066367527e-06 4.760535065524644e-06 1.084269004380929e-05 -3.0372744136741562e-05 7.561968166702923e-06 -1.3726218588610852e-05 -5.0578178924325825e-06 -7.275794197520251e-06 -2.909114636782049e-06 6.636177342400996e-06 -3.07262228133396e-06 7.507204287310406e-06 1.3860119167849169e-05 -3.081648226861586e-06 2.505905841007085e-07 5.660469722551235e-06 3.5705082453443783e-06 3.9068759095561686e-07 1.4966726124962874e-05 -2.3338412174793083e-06 -4.17110369072798e-06 -6.2771866261965584e-06 2.6983007089722986e-06 2.8531652020103213e-06 4.705105707350573e-06 -3.362449213815195e-07 1.240801794414629e-05 5.355188665615247e-06 -1.9863980322728918e-05 -8.883657804747858e-06 -7.038409727335453e-06 -6.027194491627453e-06 7.851517018042475e-06 -4.312954372166177e-06 -2.9538886017661005e-06 3.589348818717846e-05 1.1906088567902357e-05 7.944789385035239e-07 -2.6849616823658596e-07 3.209247792716786e-05 -1.85172942163194e-05 1.7053614965237847e-06 -1.607533245818816e-05 -1.389427856920474e-05 2.398625337575397e-05 3.2452987630035918e-06 -1.4969931869690833e-05 3.1843848256598267e-06 -5.0573233538036564e-05 -1.3662982668830156e-05 -2.342401030418039e-06 -1.8935011686842522e-06 6.190670570996825e-06 -4.101518322322856e-08 -1.0445764292848868e-07 7.836472343093042e-06 -8.88665490631296e-06 -4.570939111373794e-06 2.0186261257657443e-06 1.1369840771735492e-06 7.54896418511938e-07 -6.49413906373328e-07 5.135874492676687e-06 1.9672779040906377e-05 -1.27624347161039e-05 -1.6652946591017446e-05 -1.5345693903341084e-05 6.5552750979495836e-06 6.607286074614545e-06 -8.926951990550545e-07 -6.343067986953367e-06 -2.506405886747239e-06 3.65714319163156e-06 -2.0093661386959318e-05 -2.0274347822827917e-06 6.703675071960135e-06 -4.1015473001221266e-06 -8.141901565278525e-06 4.424596687981429e-06 -1.673748366267428e-05 4.07212043335108e-06 -7.404486946806852e-06 1.8646271653134013e-05 -1.0999576320897338e-05 -2.864866668085204e-06 3.0573223686999814e-06 -3.6342750913340546e-06 -2.1698419834616384e-05 1.109816126495954e-05 -6.936300472615201e-06 -2.440108890561424e-06 4.449113483439427e-05 -7.47861316254323e-06 -4.5263117057380633e-07 3.1732338293690067e-06 -4.165784202006856e-06 -7.886346877515237e-06 8.07649279535602e-07 7.113459264504583e-06 -2.909967060024567e-05 -4.8134972274766084e-06 -4.356571749210016e-06 -3.6206025911613122e-06 -1.454185391853873e-05 7.518913331154446e-06 -1.3496388375031256e-06 -4.811452168191138e-05 -1.8954610005477168e-06 -2.9472303952944023e-05 -2.396536909436663e-06 1.187797040139694e-05 5.631836398383914e-07 3.592656449936243e-05 6.556897679782176e-07 1.6027356567442998e-06 -3.053864703969569e-06 -2.487784826135238e-06 3.28358385478955e-06 -5.293161476849394e-06 2.2504133481772546e-06 1.8712969569427074e-05 -2.3577010790149727e-06 5.134254540929519e-06 -6.994763930216372e-06 -1.0085860463946078e-05 -2.054590730372171e-07 3.306810858609508e-06 2.2587542903921723e-06 1.8035073485889837e-06 1.5841020023017922e-06 -9.02589520421881e-06 -6.041973821696587e-06 1.7824277664325183e-06 -3.2615330242883235e-07 3.646165276176204e-06 -1.5874336116390164e-05 -3.060013791667821e-05 6.365901665112545e-06 -3.461994363002718e-07 3.771863181352483e-06 5.274466992281589e-06 5.993438142309695e-06 5.7885520174663415e-06 -1.0065287018489997e-05 9.973380619237274e-06 3.607623562437375e-05 -1.800421160569442e-05 -5.819882829687776e-06 4.295923024897739e-06 7.853364750546028e-06 4.494233874851618e-06 1.5139271896874988e-06 3.4794008715488943e-06 -9.350633082285924e-06 7.405338735748187e-06 1.19380211471121e-06 -4.567260348973904e-06 1.466336853515105e-08 1.4619351883295677e-06 -8.54093909450128e-06 -4.998833065810598e-07 2.362414915127225e-06 1.4073873754344719e-05 1.7235468239390927e-06 -9.931808856709883e-07 6.30399492733947e-06 1.4399290041936852e-05 1.2186185169713927e-06 -1.0588927622990863e-05 1.3907060710040789e-06 -4.199852063387399e-06 -4.115377864827527e-06 -2.10590724519074e-06 6.263760045104378e-06 -2.9307848113452295e-06 3.3215221157661237e-06 -3.377542569254827e-06 3.2863849678528595e-06 1.4385216243970393e-05 1.0340735917534388e-06 3.836924099283404e-06 -3.216920393740587e-06 2.5663697067833527e-06 -2.1791754471099463e-07 4.046587333343181e-05 3.864401620207907e-06 -6.479669090856531e-06 1.0118176804870488e-05 -2.177527281264051e-05 -3.339737783591951e-06 4.451198962809139e-05 6.5659024273500776e-06 9.735619344425017e-06 -2.6507319067418423e-06 2.247384754008882e-06 -4.404897030685257e-06 3.581880002353973e-05 8.302598895414424e-06 -1.068647248613175e-06 1.1204978196836933e-05 -1.9890523464103623e-06 1.58780485613141e-05 -8.62336228460479e-07 1.054236978643507e-05 3.911542622568222e-07 1.2067890148212513e-05 -5.4489961095360306e-05 2.152394610566752e-06 -3.566309217519673e-06 -3.3067868189126837e-07 1.630971218656378e-05 -1.2186743541312577e-05 -2.1369665590730189e-07 -3.555141722662007e-06 -4.5347453555474995e-06 3.000012922205729e-06 -4.77434929420506e-06 4.609817589076559e-08 2.5645532877811358e-05 1.5959013620865074e-05 4.221463796956364e-06 -2.1706605054880147e-06 -1.4487233751695331e-05 -4.376594055048347e-06 8.912399312291935e-06 1.7484923298799728e-05 5.19021048133106e-06 3.0511328143557377e-05 2.563078852050925e-05 -6.719556758321558e-06 -4.670096307168183e-06 -6.436220629501892e-06 5.25128862127861e-06 1.0552157590240438e-05 3.7810427868958317e-06 1.4910300139085484e-06 3.0845780877991983e-06 -1.2869538546112071e-06 -5.932264653135008e-06 -2.346785633390341e-07 5.084302333427577e-07 6.221922746427245e-06 7.120298703194795e-06 -3.830304478802141e-06 -2.6780686072381293e-06 -4.8551760308133526e-06 -8.057624885833222e-06 5.232440954635326e-06 -2.6734163196228444e-05 -7.103609206546131e-07 -1.791516264899299e-06 5.4484879607977695e-06 1.6010859496467526e-06 -8.999503648611746e-06 3.965618430302989e-06 1.7327818539418143e-06 9.993921196190957e-06 5.822446125844772e-06 -3.852400097161108e-05 2.7432199103433184e-06 -5.274488492938782e-06 6.103334571241781e-06 -7.207145481388533e-06 6.388692686228084e-06 -5.636807840975407e-06 3.4778799428135032e-06 -1.0839817644646465e-06 -9.354490821254048e-06 -4.6541617567803215e-06 6.170215794707356e-06 6.739271127886439e-06 -5.1992879586275736e-05 5.5336931754879015e-06 3.5563371115154083e-06 -3.803786777698045e-06 -5.177001561050529e-06 -1.3739159038335487e-06 1.2328029550299415e-06 9.4677207073553e-07 -2.7388912794960076e-06 3.2949020069765395e-05 -4.195645822875697e-07 -1.6809111159797357e-06 -1.6364906741280216e-05 -2.281551306750734e-06 4.32042509472483e-06 2.0282765276255154e-06 -6.798500040546316e-06 7.701727149669508e-07 4.0698448842181815e-06 -1.6183471553972598e-06 -2.43816549728906e-06 -5.006311447915632e-06 -1.79163673212082e-05 -2.6055841538599363e-06 4.430764776360735e-06 -7.93800797154435e-06 -1.0972500077122332e-05 3.276428063527779e-07 5.6276235753974226e-06 -3.2402501568656543e-06 1.6036987386017763e-05 3.0275435699683367e-06 2.5557185968315255e-06 -1.2732846241673069e-05 3.4800320069776433e-06 -1.2600473462302583e-05 2.917636076941355e-06 1.0786678418572637e-06 -1.1600240735164888e-05 2.2606250812113976e-06 3.661902319461992e-05 -1.0598878996540884e-05 8.249091984800633e-06 1.2055253372820864e-06 -4.8702670688368924e-06 -5.2221432142036875e-06 -1.2703300808377785e-05 9.371807588017295e-06 5.666997383900465e-07 2.390691355503673e-05 3.578917916638549e-05 -1.88208431055246e-06 -4.777314807899523e-06 -6.155512547436245e-06 -4.9643462397695715e-06 1.6413320174080512e-06 4.25544446164922e-06 -1.4004097088513202e-05 3.2042053067123663e-06 -5.719870440643238e-07 -5.147610025307909e-06 3.2142468812982566e-06</DataArray>
</CellData><Points>
<DataArray type="Float64" Name="Points" format="ascii" NumberOfComponents="3">0.0151327 0.00115563 0.0017419 0.0141921 0.0016198 0.00281419 0.0151327 0.00115563 0.0017419 0.0144691 -8.823452048289894e-05 0.00250948 0.0151327 0.00115563 0.0017419 0.0168786145204829 0.00130126 0.00109445 0.0151327 0.00115563 0.0017419 0.0151889 0.00300748 0.00131104 0.0143213 0.013037 0.0102118 0.0148072 0.0143992 0.00983163 0.0143213 0.013037 0.0102118 0.0139239 0.0132632 0.0116239 0.0143213 0.013037 0.0102118 0.0143573 0.0127819 0.00851817 0.0143213 0.013037 0.0102118 0.0128927 0.0122358 0.00968693 0.0143213 0.013037 0.0102118 0.0147244 0.0118431 0.011367 0.00944696 0.00479737 0.00514464 0.00837038 0.00561283 0.0045936 0.00944696 0.00479737 0.00514464 0.00964616 0.00644989 0.00520181 0.00944696 0.00479737 0.00514464 0.0106344 0.00516889 0.00633136 0.00944696 0.00479737 0.00514464 0.00899819 0.00313438 0.00595921 0.0109111 0.00425955 0.000707616 0.0107403 0.0055451 0.0018055099999999998 0.00670849 0.000866951 0.0051779 0.00815764 0.00155739 0.00468163 0.00670849 0.000866951 0.0051779 0.00708603 0.00226918 0.00604545 0.00670849 0.000866951 0.0051779 0.00547061 0.00220868 0.00452783 0.00670849 0.000866951 0.0051779 0.00687735 -0.001029834520482898 0.00513623 0.0148072 0.0143992 0.00983163 0.0159154195204829 0.0137134 0.00885746 0.0148072 0.0143992 0.00983163 0.0162516845204829 0.0150072 0.0105034 0.0148072 0.0143992 0.00983163 0.0142658 0.0148428 0.0112978 0.0148072 0.0143992 0.00983163 0.014394 0.0147198 0.00818975 0.0010147 0.000831218 0.00941065 0.000890145 0.00223572 0.0102524 0.0010147 0.000831218 0.00941065 0.00088105 -0.000363434520482899 0.0105034 0.0010147 0.000831218 0.00941065 0.0007164 0.00029191699999999994 0.00791993 0.0010147 0.000831218 0.00941065 0.00240283 0.000843443 0.0102687 0.0010147 0.000831218 0.00941065 0.00139906 0.0022093 0.00850697 0.0010147 0.000831218 0.00941065 -0.0008545345204828989 0.00101532 0.00961945 0.00451682 0.000645025 0.0146578 0.00440958 -0.0010080345204829 0.0145282 0.00451682 0.000645025 0.0146578 0.00581911 0.00172426 0.0144566 0.00451682 0.000645025 0.0146578 0.00318155 0.0014035 0.0139873 0.0147206 0.0139046 0.0127193 0.0139239 0.0132632 0.0116239 0.0147206 0.0139046 0.0127193 0.0145371 0.0134171 0.0143886 0.0147206 0.0139046 0.0127193 0.0163477555204829 0.0145399 0.0126192 0.00355315 0.0144407 0.00649175 0.00344209 0.0149641 0.00780268 0.00355315 0.0144407 0.00649175 0.00508388 0.0139401 0.00632774 0.00355315 0.0144407 0.00649175 0.00248374 0.0151863 0.00540234 0.00355315 0.0144407 0.00649175 0.00185793 0.0139856 0.00720806 0.00900278 0.0131608 0.00991587 0.00988317 0.0135683 0.0110293 0.00900278 0.0131608 0.00991587 0.00757315 0.0141395 0.00982918 0.00900278 0.0131608 0.00991587 0.00760919 0.0117553 0.00983223 0.00433361 0.00239023 0.0146814 0.00581911 0.00172426 0.0144566 0.00433361 0.00239023 0.0146814 0.00291999 0.00322739 0.0144818 0.00433361 0.00239023 0.0146814 0.00318155 0.0014035 0.0139873 0.0106765 0.0141214 0.00590043 0.0105733 0.0125735 0.00526755 0.0106765 0.0141214 0.00590043 0.0121634 0.0143626 0.00679055 0.0106765 0.0141214 0.00590043 0.0108315 0.016007704520482897 0.00626549 0.00881584 0.0110499 0.00511223 0.00841092 0.00959626 0.0058444 0.00881584 0.0110499 0.00511223 0.00892562 0.0125508 0.00432971 0.00881584 0.0110499 0.00511223 0.00873277 0.00988291 0.00393572 0.00881584 0.0110499 0.00511223 0.00921945 0.0119421 0.00641884 0.00440735 0.00171469 0.00676586 0.00446207 0.000609924 0.00765116 0.00440735 0.00171469 0.00676586 0.00356341 0.00181973 0.00533926 0.00440735 0.00171469 0.00676586 0.00492007 0.0004418009999999999 0.00580023 0.00440735 0.00171469 0.00676586 0.00386171 0.00270794 0.00802837 0.00440735 0.00171469 0.00676586 0.00255816 0.00114621 0.00710047 0.00440735 0.00171469 0.00676586 0.00541196 0.00333014 0.00665278 0.00732712 0.00481976 0.00574086 0.00855338 0.00550281 0.00613339 0.00732712 0.00481976 0.00574086 0.00717064 0.00382324 0.00437199 0.00732712 0.00481976 0.00574086 0.00760515 0.0042274 0.00728987 0.00732712 0.00481976 0.00574086 0.00576113 0.00496984 0.00514114 0.0129534 0.00863682 0.0112829 0.0143449 0.00874883 0.0113934 0.0129534 0.00863682 0.0112829 0.0134074 0.0094787 0.0127003 0.0129534 0.00863682 0.0112829 0.0120181 0.00811492 0.0125764 0.0129534 0.00863682 0.0112829 0.0137165 0.00929045 0.00956968 0.0129534 0.00863682 0.0112829 0.0137968 0.00708503 0.0105313 0.0129534 0.00863682 0.0112829 0.0113986 0.00787863 0.0104791 0.014561 0.00517853 0.00553652 0.0141194 0.00470703 0.00433182 0.014561 0.00517853 0.00553652 0.0159658665204829 0.00442376 0.00558026 0.014561 0.00517853 0.00553652 0.015520910520482899 0.00624099 0.00629367 0.014561 0.00517853 0.00553652 0.012717 0.00497249 0.00564253 0.00489308 0.00282388 0.00927113 0.00379715 0.00221146 0.0103515 0.00489308 0.00282388 0.00927113 0.00386171 0.00270794 0.00802837 0.00489308 0.00282388 0.00927113 0.00625872 0.00230596 0.00867378 0.00489308 0.00282388 0.00927113 0.00429788 0.00460278 0.00953474 0.00520413 0.0128654 0.00795112 0.0065052 0.0126342 0.00859981 0.00520413 0.0128654 0.00795112 0.00524774 0.0125483 0.00962598 0.00520413 0.0128654 0.00795112 0.00462761 0.014216 0.00872348 0.00520413 0.0128654 0.00795112 0.00641682 0.0122244 0.00702925 0.00520413 0.0128654 0.00795112 0.00358932 0.0124559 0.00693932 0.0131483 0.0128473 0.00355844 0.0117349 0.0129254 0.00322802 0.0131483 0.0128473 0.00355844 0.0137511 0.0112117 0.00349255 0.0131483 0.0128473 0.00355844 0.0120602 0.0118554 0.00443186 0.0131483 0.0128473 0.00355844 0.0127752 0.0139847 0.00230137 0.0131483 0.0128473 0.00355844 0.0141476 0.0130014 0.00491582 0.0131483 0.0128473 0.00355844 0.0149669 0.0129066 0.00285924 0.0101335 0.00352324 0.00755119 0.00906508 0.00223346 0.00795407 0.0101335 0.00352324 0.00755119 0.0119203 0.00429212 0.00786969 0.0101335 0.00352324 0.00755119 0.00899819 0.00313438 0.00595921 0.00344209 0.0149641 0.00780268 0.00446207 0.0159805585204829 0.00765116 0.00344209 0.0149641 0.00780268 0.00327322 0.0157630105204829 0.00893675 0.00344209 0.0149641 0.00780268 0.00462761 0.014216 0.00872348 0.00344209 0.0149641 0.00780268 0.00255816 0.0165168445204829 0.00710047 0.00344209 0.0149641 0.00780268 0.00185793 0.0139856 0.00720806 0.0065052 0.0126342 0.00859981 0.00751657 0.0133117 0.00783416 0.0065052 0.0126342 0.00859981 0.00524774 0.0125483 0.00962598 0.0065052 0.0126342 0.00859981 0.00641682 0.0122244 0.00702925 0.0065052 0.0126342 0.00859981 0.00760919 0.0117553 0.00983223 0.0151499 0.0117645 0.0146206 0.0158097805204829 0.0110944 0.0134521 0.00331565 0.0101723 0.00853776 0.00470948 0.0111967 0.008307 0.00331565 0.0101723 0.00853776 0.00177003 0.0106641 0.00911158 0.00331565 0.0101723 0.00853776 0.00453691 0.00942341 0.00954167 0.00331565 0.0101723 0.00853776 0.00404456 0.00864856 0.00752236 0.00331565 0.0101723 0.00853776 0.00358582 0.0112819 0.0101736 0.00614201 0.00943366 0.0120799 0.00623783 0.0100748 0.0135859 0.00614201 0.00943366 0.0120799 0.00509977 0.0104938 0.0114683 0.00614201 0.00943366 0.0120799 0.00534896 0.0085551 0.0110848 0.00614201 0.00943366 0.0120799 0.00787271 0.0090787 0.0125727 0.00809682 0.0118118 0.00060256 0.00650561 0.0124136 0.000884147 0.00809682 0.0118118 0.00060256 0.00785746 0.0103366 0.00103145 0.00809682 0.0118118 0.00060256 0.00893611 0.0127031 0.00164658 0.00901365 0.00584643 0.0138838 0.00946706 0.00689528 0.0146936 0.00901365 0.00584643 0.0138838 0.00846184 0.00490389 0.0126128 0.00901365 0.00584643 0.0138838 0.00863629 0.00430558 0.0144603 0.00360533 0.00803064 0.00957249 0.00365903 0.00848651 0.0109622 0.00360533 0.00803064 0.00957249 0.00210729 0.00779943 0.00900949 0.00360533 0.00803064 0.00957249 0.00453691 0.00942341 0.00954167 0.00360533 0.00803064 0.00957249 0.00527292 0.00713916 0.00961492 0.00360533 0.00803064 0.00957249 0.00300831 0.00642562 0.010603 0.00154186 0.012482 0.00257877 0.0018216 0.0105733 0.00310661 0.00803572 0.00260863 0.00192811 0.00737449 0.00408512 0.00181528 0.00803572 0.00260863 0.00192811 0.00714818 0.00220529 0.00322679 0.00803572 0.00260863 0.00192811 0.00915807 0.00328766 0.000934924 0.00803572 0.00260863 0.00192811 0.00776734 0.000944439 0.00111534 0.0117285 0.0120384 0.00640567 0.0105733 0.0125735 0.00526755 0.0117285 0.0120384 0.00640567 0.0127241 0.0126985 0.00758516 0.0117285 0.0120384 0.00640567 0.0106884 0.0107356 0.00604621 0.0117285 0.0120384 0.00640567 0.0106021 0.0130877 0.00764289 0.00589282 0.0104346 0.00926257 0.00470948 0.0111967 0.008307 0.00589282 0.0104346 0.00926257 0.00453691 0.00942341 0.00954167 0.00589282 0.0104346 0.00926257 0.00730094 0.00931706 0.010022 0.0014993 0.0125015 0.0126506 2.1095700000000077e-05 0.0124219 0.0128926 0.0014993 0.0125015 0.0126506 0.00211998 0.0109038 0.0130038 0.00455226 0.00648969 0.0147271 0.00501008 0.00690803 0.0134989 0.00455226 0.00648969 0.0147271 0.00521796 0.00515041 0.0138533 0.00455226 0.00648969 0.0147271 0.00308504 0.00529079 0.0142464 0.00519157 0.00363314 0.0146867 0.00688329 0.00340692 0.0143901 0.00519157 0.00363314 0.0146867 0.00538342 0.0034238 0.0130372 0.00519157 0.00363314 0.0146867 0.00521796 0.00515041 0.0138533 0.00935738 0.00719085 0.0025238 0.00812884 0.00672759 0.00191333 0.00935738 0.00719085 0.0025238 0.00985779 0.00815529 0.00388315 0.00935738 0.00719085 0.0025238 0.00952206 0.00691311 0.0008986269999999999 0.00935738 0.00719085 0.0025238 0.00801103 0.00791742 0.00315793 0.00935738 0.00719085 0.0025238 0.0103754 0.006324 0.00347663 0.00904302 0.0137127 0.00310217 0.0102279 0.0128672 0.00336011 0.00904302 0.0137127 0.00310217 0.00763007 0.0127637 0.00294432 0.00904302 0.0137127 0.00310217 0.00892562 0.0125508 0.00432971 0.00904302 0.0137127 0.00310217 0.00959524 0.0147618 0.00155384 0.00904302 0.0137127 0.00310217 0.00794846 0.0153104 0.00326511 0.0135203 0.00288739 0.00207765 0.014513 0.00303612 0.00319182 0.0135203 0.00288739 0.00207765 0.012526 0.00349482 0.000923494 0.0135203 0.00288739 0.00207765 0.0131778 0.00166347 0.000956286 0.0135203 0.00288739 0.00207765 0.0118559 0.00265954 0.0028569 0.0135203 0.00288739 0.00207765 0.0151889 0.00300748 0.00131104 0.0135203 0.00288739 0.00207765 0.0132851 0.00466757 0.0026714 0.000439146 0.0110944 0.0134521 2.1095700000000022e-05 0.0124219 0.0128926 0.000439146 0.0110944 0.0134521 0.00211998 0.0109038 0.0130038 0.00988317 0.0135683 0.0110293 0.00878013 0.0126694 0.0120224 0.00988317 0.0135683 0.0110293 0.00872676 0.0148175 0.0113207 0.00988317 0.0135683 0.0110293 0.0114087 0.0138141 0.00980987 0.0141238 0.00807977 0.00377993 0.0140915 0.00668328 0.00283329 0.0141238 0.00807977 0.00377993 0.0132691 0.0093747 0.00311564 0.0141238 0.00807977 0.00377993 0.015627391520482897 0.00786836 0.00497188 0.0102279 0.0128672 0.00336011 0.00892562 0.0125508 0.00432971 0.0102279 0.0128672 0.00336011 0.010898 0.0143746 0.00316433 0.0102279 0.0128672 0.00336011 0.0108772 0.0129161 0.00181871 0.0102279 0.0128672 0.00336011 0.00962222 0.0113023 0.00289497 0.00295233 0.0096089 0.0147241 0.0013163 0.00973301 0.0144238 0.00295233 0.0096089 0.0147241 0.00258171 0.00802324 0.0144181 0.00295233 0.0096089 0.0147241 0.00423907 0.0107346 0.0139761 0.00133145 0.00697416 0.0113659 0.000519877 0.00761316 0.010058 0.00133145 0.00697416 0.0113659 -0.00020713452048289884 0.00648948 0.0120217 0.00133145 0.00697416 0.0113659 0.000803853 0.00855083 0.0115832 0.00133145 0.00697416 0.0113659 0.00098502 0.0053282 0.0111163 0.00133145 0.00697416 0.0113659 0.00300831 0.00642562 0.010603 0.00133145 0.00697416 0.0113659 0.00151112 0.00661975 0.013202 0.00446207 0.000609924 0.00765116 0.00490533 0.00069221 0.00926079 0.00446207 0.000609924 0.00765116 0.00603778 0.00111112 0.00717034 0.00831433 0.000220829 0.0128202 0.00982367 -0.00035793452048289937 0.0133574 0.00831433 0.000220829 0.0128202 0.0082099 0.000870013 0.0144201 0.00831433 0.000220829 0.0128202 0.00695371 -0.0005920345204829003 0.0122093 0.00831433 0.000220829 0.0128202 0.00872676 -0.0005531345204828989 0.0113207 0.00831433 0.000220829 0.0128202 0.00864119 0.00172406 0.011622 0.00831433 0.000220829 0.0128202 0.0078991 -0.0012013345204829004 0.0141394 0.00464623 0.00358161 0.000637897 0.00562226 0.00477273 0.00132247 0.00464623 0.00358161 0.000637897 0.00358764 0.0043882 0.00196482 0.00751657 0.0133117 0.00783416 0.00827685 0.0147628 0.00814513 0.00751657 0.0133117 0.00783416 0.0066188 0.0145815 0.00723761 0.00751657 0.0133117 0.00783416 0.00874637 0.0122671 0.00818002 0.00751657 0.0133117 0.00783416 0.00641682 0.0122244 0.00702925 0.00837038 0.00561283 0.0045936 0.00964616 0.00644989 0.00520181 0.00837038 0.00561283 0.0045936 0.00700269 0.00639403 0.00492724 0.00837038 0.00561283 0.0045936 0.00859229 0.00485768 0.00319335 0.0131996 0.00924544 0.000649426 0.0124835 0.0087772 0.00175103 0.0131996 0.00924544 0.000649426 0.0144644 0.0100909 0.00140118 0.000778654 0.00867041 0.00876685 0.0019423500000000002 0.00933517 0.00774063 0.000778654 0.00867041 0.00876685 0.000394765 0.00965594 0.0100309 0.000778654 0.00867041 0.00876685 0.00210729 0.00779943 0.00900949 0.000778654 0.00867041 0.00876685 0.000519877 0.00761316 0.010058 0.000778654 0.00867041 0.00876685 8.435479999999997e-05 0.00995715 0.00799865 0.000778654 0.00867041 0.00876685 -0.0006241345204829001 0.00741987 0.00833856 0.0111335 0.00654266 0.000629808 0.0109869 0.0080267 0.00127195 0.0111335 0.00654266 0.000629808 0.00952206 0.00691311 0.000898627 0.0111335 0.00654266 0.000629808 0.0126739 0.00729969 0.000948025 0.0111335 0.00654266 0.000629808 0.0123629 0.00535672 0.000884611 0.0111335 0.00654266 0.000629808 0.0107403 0.0055451 0.0018055099999999998 0.0117349 0.0129254 0.00322802 0.0120602 0.0118554 0.00443186 0.0117349 0.0129254 0.00322802 0.010898 0.0143746 0.00316433 0.0117349 0.0129254 0.00322802 0.0108772 0.0129161 0.00181871 0.00100069 0.00971544 0.0128179 0.0013163 0.00973301 0.0144238 0.00100069 0.00971544 0.0128179 0.00211998 0.0109038 0.0130038 0.00100069 0.00971544 0.0128179 -0.0002016345204828992 0.0101144 0.011814 0.00100069 0.00971544 0.0128179 0.000803853 0.00855083 0.0115832 0.00100069 0.00971544 0.0128179 -0.0002872345204828991 0.00832007 0.0133538 0.00213613 0.00532787 0.00279534 0.00240649 0.00685607 0.00344709 0.00213613 0.00532787 0.00279534 0.0002658370000000001 0.00514675 0.0032108 0.00213613 0.00532787 0.00279534 0.00204686 0.00637336 0.00117652 0.00213613 0.00532787 0.00279534 0.00358764 0.0043882 0.00196482 0.0120355 0.013347 0.00068661 0.0108772 0.0129161 0.00181871 0.0120355 0.013347 0.00068661 0.0116912 0.0149773 0.00096492 0.0110029 0.00961298 0.00729321 0.012581 0.00928693 0.00778731 0.0110029 0.00961298 0.00729321 0.00999947 0.0108406 0.00787277 0.0110029 0.00961298 0.00729321 0.0112303 0.00798569 0.00783697 0.0110029 0.00961298 0.00729321 0.0106884 0.0107356 0.00604621 0.0110029 0.00961298 0.00729321 0.010236 0.00840283 0.00599713 0.0060172 0.0129855 0.0130881 0.00441845 0.0127797 0.0136226 0.0060172 0.0129855 0.0130881 0.00512241 0.0142025 0.0125249 0.0060172 0.0129855 0.0130881 0.00709482 0.0119501 0.0142682 0.0060172 0.0129855 0.0130881 0.0068171 0.0116391 0.0119993 0.00992413 0.0133021 0.00053523 0.00893611 0.0127031 0.00164658 0.00992413 0.0133021 0.00053523 0.0108772 0.0129161 0.00181871 0.00992413 0.0133021 0.00053523 0.00959524 0.0147618 0.00155384 0.00293915 0.00172612 0.00892091 0.00327322 0.00039237600000000005 0.00893675 0.00293915 0.00172612 0.00892091 0.00379715 0.00221146 0.0103515 0.00293915 0.00172612 0.00892091 0.00240283 0.000843443 0.0102687 0.00293915 0.00172612 0.00892091 0.00386171 0.00270794 0.00802837 0.00293915 0.00172612 0.00892091 0.00139906 0.0022093 0.00850697 0.00293915 0.00172612 0.00892091 0.00255816 0.00114621 0.00710047 0.0141194 0.00470703 0.00433182 0.0132691 0.00322139 0.00440678 0.0141194 0.00470703 0.00433182 0.0156364715204829 0.00514675 0.0032108 0.0141194 0.00470703 0.00433182 0.012717 0.00497249 0.00564253 0.0141194 0.00470703 0.00433182 0.0132851 0.00466757 0.0026714 0.00121268 0.0113235 0.00138436 -0.00010123452048289914 0.0114629 0.000730223 0.00121268 0.0113235 0.00138436 0.00271385 0.0120951 0.000983228 0.00121268 0.0113235 0.00138436 0.000941687 0.0129901 0.00100755 0.00121268 0.0113235 0.00138436 0.0018216 0.0105733 0.00310661 0.00688462 0.00627852 0.00651933 0.00700269 0.00639403 0.00492724 0.00688462 0.00627852 0.00651933 0.00651834 0.00687967 0.00795518 0.00688462 0.00627852 0.00651933 0.0066216 0.0078737 0.00612172 0.014513 0.00303612 0.00319182 0.0132691 0.00322139 0.00440678 0.014513 0.00303612 0.00319182 0.0151889 0.00300748 0.00131104 0.00707004 0.0133918 0.0112428 0.00562145 0.0141155 0.0106443 0.00707004 0.0133918 0.0112428 0.00757315 0.0141395 0.00982918 0.00707004 0.0133918 0.0112428 0.00695371 0.0147786 0.0122093 0.00707004 0.0133918 0.0112428 0.0068171 0.0116391 0.0119993 0.0100237 0.00090997 0.00807165 0.00888094 0.000740739 0.0093095 0.0100237 0.00090997 0.00807165 0.0111058 -0.00027263452048289843 0.00812776 0.0100237 0.00090997 0.00807165 0.00906508 0.00223346 0.00795407 0.0100237 0.00090997 0.00807165 0.0114463 0.00207711 0.00861686 0.0100237 0.00090997 0.00807165 0.0108315 0.00063707 0.00626549 0.00294313 0.00540802 0.00424802 0.00456288 0.00532131 0.0036275 0.00294313 0.00540802 0.00424802 0.00143209 0.00602887 0.00484575 0.00294313 0.00540802 0.00424802 0.00269748 0.00373721 0.00383797 0.00294313 0.00540802 0.00424802 0.00240649 0.00685607 0.00344709 0.00202257 0.0139033 0.0111178 0.00088105 0.0150072 0.0105034 0.00202257 0.0139033 0.0111178 0.0004492210000000001 0.0133317 0.0111781 0.00202257 0.0139033 0.0111178 0.00337851 0.0136074 0.012037 0.00319117 0.000773919 0.00404224 0.00356341 0.0018197300000000003 0.00533926 0.00319117 0.000773919 0.00404224 0.00413295 -0.0005895345204828987 0.00445143 0.00319117 0.000773919 0.00404224 0.00390924 0.00208158 0.00278571 0.00319117 0.000773919 0.00404224 0.00132069 0.000897655 0.00340791 0.00411156 0.0111401 0.00131896 0.00271385 0.0120951 0.000983228 0.00411156 0.0111401 0.00131896 0.00458878 0.0127323 0.000889927 0.00411156 0.0111401 0.00131896 0.00286447 0.009734 0.0011025 0.00411156 0.0111401 0.00131896 0.00542242 0.0116958 0.00257056 0.00365903 0.00848651 0.0109622 0.00251217 0.00823778 0.0121972 0.00365903 0.00848651 0.0109622 0.00534896 0.0085551 0.0110848 0.0139297 0.00441449 0.000810209 0.012526 0.00349482 0.000923494 0.0139297 0.00441449 0.000810209 0.0141259 0.00608338 0.000968971 0.0139297 0.00441449 0.000810209 0.0151889 0.00300748 0.00131104 0.0139297 0.00441449 0.000810209 0.0132851 0.00466757 0.0026714 0.0132174 0.0116445 0.00633496 0.0146976 0.0107951 0.00618344 0.0132174 0.0116445 0.00633496 0.0127241 0.0126985 0.00758516 0.0132174 0.0116445 0.00633496 0.0128722 0.0100815 0.00515816 0.0152694 0.0114629 0.000730223 0.0144644 0.0100909 0.00140118 0.00812884 0.00672759 0.00191333 0.00772678 0.00808528 0.000953171 0.00812884 0.00672759 0.00191333 0.00952206 0.00691311 0.0008986269999999999 0.00812884 0.00672759 0.00191333 0.00801103 0.00791742 0.00315793 0.00812884 0.00672759 0.00191333 0.00719036 0.00578893 0.0008511600000000001 0.00812884 0.00672759 0.00191333 0.00670747 0.00583542 0.00290594 0.0139239 0.0132632 0.0116239 0.0142658 0.0148428 0.0112978 0.0139239 0.0132632 0.0116239 0.0147244 0.0118431 0.011367 0.0143449 0.00874883 0.0113934 0.015169 0.0101144 0.011814 0.0143449 0.00874883 0.0113934 0.0137968 0.00708503 0.0105313 0.00970284 0.0148041 0.0072549 0.00827685 0.0147628 0.00814513 0.00970284 0.0148041 0.0072549 0.0111058 0.015098 0.00812776 0.00970284 0.0148041 0.0072549 0.00857401 0.0138082 0.00644255 0.00970284 0.0148041 0.0072549 0.0106021 0.0130877 0.00764289 0.00970284 0.0148041 0.0072549 0.0108315 0.016007704520482897 0.00626549 0.0124835 0.0087772 0.00175103 0.0109869 0.0080267 0.00127195 0.0124835 0.0087772 0.00175103 0.0113626 0.00895506 0.00296166 0.0124835 0.0087772 0.00175103 0.0126739 0.00729969 0.000948025 0.0124835 0.0087772 0.00175103 0.0132691 0.0093747 0.00311564 0.0124835 0.0087772 0.00175103 0.0141363 0.00826352 0.00175616 0.00855338 0.00550281 0.00613339 0.00964616 0.00644989 0.00520181 0.00855338 0.00550281 0.00613339 0.00953084 0.00657841 0.0070626 0.00574114 0.00670103 0.000719644 0.00719036 0.00578893 0.00085116 0.00574114 0.00670103 0.000719644 0.00417548 0.00707696 0.00185079 0.00946706 0.00689528 0.0146936 0.0106435 0.00802451 0.0145352 0.00946706 0.00689528 0.0146936 0.0079913 0.00761103 0.0143987 0.0108709 0.0145836 0.0146587 0.00982367 0.0150127 0.0133574 0.0108709 0.0145836 0.0146587 0.0125126 0.0140022 0.0137814 0.0119734 0.000960034 0.00193928 0.0131778 0.00166347 0.000956286 0.0119734 0.000960034 0.00193928 0.0116912 -0.0003933345204828987 0.00096492 0.0119734 0.000960034 0.00193928 0.0118559 0.00265954 0.0028569 0.000840014 0.000597723 0.00628912 0.0007164 0.000291917 0.00791993 0.000840014 0.000597723 0.00628912 -0.0008062345204828993 0.000729407 0.00675731 0.000840014 0.000597723 0.00628912 0.000518752 0.00218991 0.00672875 0.000840014 0.000597723 0.00628912 0.00161236 0.00169672 0.00526334 0.000840014 0.000597723 0.00628912 0.00255816 0.00114621 0.00710047 0.000840014 0.000597723 0.00628912 0.000478223 -0.0010622345204828981 0.00535659 0.0127506 0.0149793 0.00864884 0.0127233 0.016167864520482897 0.00738357 0.0127506 0.0149793 0.00864884 0.0111058 0.015098 0.00812776 0.0127506 0.0149793 0.00864884 0.014394 0.0147198 0.00818975 0.00327322 0.000392376 0.00893675 0.0022856 -0.0008624345204828983 0.00925216 0.00327322 0.000392376 0.00893675 0.00490533 0.00069221 0.00926079 0.00327322 0.000392376 0.00893675 0.00240283 0.000843443 0.0102687 0.01105 0.00419438 0.0114617 0.0120908 0.00355286 0.0127108 0.01105 0.00419438 0.0114617 0.0100439 0.00330211 0.0124968 0.01105 0.00419438 0.0114617 0.012392 0.0035215 0.0102817 0.01105 0.00419438 0.0114617 0.00988032 0.00569896 0.0111818 0.000918659 0.00812926 0.0147495 0.0013163 0.00973301 0.0144238 0.000918659 0.00812926 0.0147495 0.00258171 0.00802324 0.0144181 0.000918659 0.00812926 0.0147495 -0.00028723452048289944 0.00832007 0.0133538 0.000769681 0.0133036 0.0139116 -0.0008335345204828979 0.0134171 0.0143886 0.000769681 0.0133036 0.0139116 0.00239349 0.0136902 0.0136603 0.000769681 0.0133036 0.0139116 0.0018403199999999999 0.0120793 0.0144747 0.00339048 0.0115744 0.0120943 0.00211998 0.0109038 0.0130038 0.00339048 0.0115744 0.0120943 0.0048199 0.0124239 0.0116554 0.00339048 0.0115744 0.0120943 0.00349408 0.00984074 0.0121777 0.00339048 0.0115744 0.0120943 0.00358582 0.0112819 0.0101736 0.00954842 0.00167467 0.000636293 0.0109118 0.00251323 0.000948249 0.00954842 0.00167467 0.000636293 0.00915807 0.00328766 0.000934924 0.00954842 0.00167467 0.000636293 0.00966264 0.00154015 0.00253213 0.00954842 0.00167467 0.000636293 0.00776734 0.000944439 0.00111534 0.00747248 0.00193563 0.00762142 0.00625872 0.00230596 0.00867378 0.00747248 0.00193563 0.00762142 0.00603778 0.00111112 0.00717034 0.00747248 0.00193563 0.00762142 0.00708603 0.00226918 0.00604545 0.00747248 0.00193563 0.00762142 0.00906508 0.00223346 0.00795407 0.00501008 0.00690803 0.0134989 0.00638442 0.00655959 0.014431 0.00501008 0.00690803 0.0134989 0.00435341 0.00823317 0.0126542 0.00501008 0.00690803 0.0134989 0.00608817 0.00820031 0.0133661 0.00501008 0.00690803 0.0134989 0.00547909 0.00680481 0.011901 0.00501008 0.00690803 0.0134989 0.00368541 0.00648051 0.0125803 0.00968778 0.0110666 0.000939472 0.00785746 0.0103366 0.00103145 0.00968778 0.0110666 0.000939472 0.00893611 0.0127031 0.00164658 0.00968778 0.0110666 0.000939472 0.0111815 0.00982975 0.000890611 0.00968778 0.0110666 0.000939472 0.00962222 0.0113023 0.00289497 0.00968778 0.0110666 0.000939472 0.00940419 0.00919532 0.00201588 0.012526 0.00349482 0.000923494 0.0109118 0.00251323 0.000948249 0.012526 0.00349482 0.000923494 0.0123629 0.00535672 0.000884611 0.012526 0.00349482 0.000923494 0.0131778 0.00166347 0.000956286 0.012526 0.00349482 0.000923494 0.0118559 0.00265954 0.0028569 0.012526 0.00349482 0.000923494 0.0132851 0.00466757 0.0026714 0.0110664 0.00219539 0.0112643 0.0100439 0.00330211 0.0124968 0.0110664 0.00219539 0.0112643 0.0097276 0.00238535 0.00987972 0.0110664 0.00219539 0.0112643 0.0103426 0.00140231 0.0128859 0.0110664 0.00219539 0.0112643 0.012392 0.0035215 0.0102817 0.0110664 0.00219539 0.0112643 0.0124797 0.00120012 0.0124975 0.000355866 0.00506505 0.00096501 0.00179259 0.00373121 0.000942048 0.000355866 0.00506505 0.00096501 -0.0012447345204828987 0.00608338 0.000968971 0.000355866 0.00506505 0.00096501 0.000265837 0.00514675 0.0032108 0.000355866 0.00506505 0.00096501 0.00204686 0.00637336 0.00117652 0.000355866 0.00506505 0.00096501 -0.00018173452048289904 0.00300748 0.00131104 0.00815764 0.00155739 0.00468163 0.00886412 0.00308307 0.00375224 0.00815764 0.00155739 0.00468163 0.00714818 0.00220529 0.00322679 0.00815764 0.00155739 0.00468163 0.00996983 0.00162457 0.00463433 0.00815764 0.00155739 0.00468163 0.00708603 0.00226918 0.00604545 0.00815764 0.00155739 0.00468163 0.00794846 -6.023452048289956e-05 0.00326511 0.00815764 0.00155739 0.00468163 0.00899819 0.00313438 0.00595921 0.00379715 0.00221146 0.0103515 0.00537116 0.00290926 0.0111914 0.00379715 0.00221146 0.0103515 0.00240283 0.0008434430000000001 0.0102687 0.00379715 0.00221146 0.0103515 0.0026326 0.00369939 0.0105278 0.00379715 0.00221146 0.0103515 0.00332749 0.00282902 0.0123916 0.00379715 0.00221146 0.0103515 0.0041845 0.0002707880000000001 0.0112352 0.00562145 0.0141155 0.0106443 0.00512241 0.0142025 0.0125249 0.00562145 0.0141155 0.0106443 0.00524774 0.0125483 0.00962598 0.00562145 0.0141155 0.0106443 0.0041845 0.0156414225204829 0.0112352 0.0047149 0.001044 0.000983718 0.00538559 -0.0008144345204828989 0.00093035 0.0047149 0.001044 0.000983718 0.00390924 0.00208158 0.00278571 0.0144644 0.0100909 0.00140118 0.0136468 0.0117768 0.00161815 0.0144644 0.0100909 0.00140118 0.0161427405204829 0.00917672 0.000891831 0.0144644 0.0100909 0.00140118 0.0141363 0.00826352 0.00175616 0.00650561 0.0124136 0.000884147 0.00707059 0.0141062 0.00170009 0.00650561 0.0124136 0.000884147 0.00458878 0.0127323 0.000889927 0.00650561 0.0124136 0.000884147 0.00542242 0.0116958 0.00257056 0.00785746 0.0103366 0.00103145 0.00591345 0.0104097 0.000918365 0.00785746 0.0103366 0.00103145 0.00702218 0.00933933 0.00230049 0.00785746 0.0103366 0.00103145 0.00940419 0.00919532 0.00201588 0.0120908 0.00355286 0.0127108 0.0112451 0.00258122 0.0141094 0.0120908 0.00355286 0.0127108 0.0107363 0.00464063 0.0140857 0.0120908 0.00355286 0.0127108 0.0134051 0.00505072 0.0118767 0.0120908 0.00355286 0.0127108 0.0132164 0.00464896 0.0142442 0.0137511 0.0112117 0.00349255 0.0136468 0.0117768 0.00161815 0.0137511 0.0112117 0.00349255 0.0132691 0.0093747 0.00311564 0.0137511 0.0112117 0.00349255 0.0149669 0.0129066 0.00285924 0.0137511 0.0112117 0.00349255 0.0128722 0.0100815 0.00515816 0.0137511 0.0112117 0.00349255 0.0118046 0.0110655 0.00245696 0.00508388 0.0139401 0.00632774 0.00470819 0.0124864 0.00514439 0.00508388 0.0139401 0.00632774 0.00492007 0.0158124355204829 0.00580023 0.00508388 0.0139401 0.00632774 0.0066188 0.0145815 0.00723761 0.00508388 0.0139401 0.00632774 0.00358932 0.0124559 0.00693932 0.00508388 0.0139401 0.00632774 0.00687735 0.0143408 0.00513623 0.00638442 0.00655959 0.014431 0.00608817 0.00820031 0.0133661 0.00638442 0.00655959 0.014431 0.00521796 0.00515041 0.0138533 0.00638442 0.00655959 0.014431 0.0079913 0.00761103 0.0143987 0.0032663 0.00252057 0.000871886 0.00179259 0.00373121 0.000942048 0.0032663 0.00252057 0.000871886 0.00150798 0.00130126 0.00109445 0.0032663 0.00252057 0.000871886 0.00358764 0.0043882 0.00196482 0.0032663 0.00252057 0.000871886 0.00390924 0.00208158 0.00278571 0.00706742 0.00700147 0.0108788 0.00547909 0.00680481 0.011901 0.00706742 0.00700147 0.0108788 0.00781705 0.00683899 0.0126454 0.00706742 0.00700147 0.0108788 0.00596783 0.00536559 0.010693 0.00706742 0.00700147 0.0108788 0.00527292 0.00713916 0.00961492 0.00706742 0.00700147 0.0108788 0.009053 0.0079031 0.0109555 0.00706742 0.00700147 0.0108788 0.008276 0.00645263 0.00919447 0.00470819 0.0124864 0.00514439 0.00509822 0.0110078 0.00640293 0.00470819 0.0124864 0.00514439 0.00365581 0.0111931 0.00410831 0.00470819 0.0124864 0.00514439 0.0063218 0.0125101 0.00426012 0.00470819 0.0124864 0.00514439 0.00552444 0.0108269 0.00453722 0.00470819 0.0124864 0.00514439 0.00358932 0.0124559 0.00693932 0.00470819 0.0124864 0.00514439 0.00259572 0.0131113 0.00478786 0.00538559 0.0145562 0.00093035 0.00707059 0.0141062 0.00170009 0.00538559 0.0145562 0.00093035 0.00458878 0.0127323 0.000889927 0.00538559 0.0145562 0.00093035 0.0034757 0.0142895 0.000851078 0.000887498 0.00319027 0.00397745 0.00269748 0.00373721 0.00383797 0.000887498 0.00319027 0.00397745 0.000265837 0.00514675 0.0032108 0.000887498 0.00319027 0.00397745 -0.0005108345204829002 0.00183155 0.00485025 0.00456288 0.00532131 0.0036275 0.00402451 0.00421498 0.0051619 0.00456288 0.00532131 0.0036275 0.00576113 0.00496984 0.00514114 0.00456288 0.00532131 0.0036275 0.00522698 0.0073251 0.0040587 0.00456288 0.00532131 0.0036275 0.00358764 0.0043882 0.00196482 0.0112451 0.00258122 0.0141094 0.00999666 0.00133732 0.0146069 0.0112451 0.00258122 0.0141094 0.0131829 0.00249219 0.0143918 0.0112451 0.00258122 0.0141094 0.0103426 0.00140231 0.0128859 0.0112451 0.00258122 0.0141094 0.0107363 0.00464063 0.0140857 0.000890145 0.00223572 0.0102524 0.000969465 0.00402503 0.00960789 0.000890145 0.00223572 0.0102524 0.00139906 0.0022093 0.00850697 0.000890145 0.00223572 0.0102524 0.00109812 0.00349856 0.0116007 0.000890145 0.00223572 0.0102524 0.000154844 0.00109198 0.0119181 0.000890145 0.00223572 0.0102524 -0.0008545345204828989 0.00101532 0.00961945 0.0145371 0.0134171 0.0143886 0.0131443 0.012018 0.0144795 0.0145371 0.0134171 0.0143886 0.0125126 0.0140022 0.0137814 0.0138481 0.00660686 0.00474022 0.0140915 0.00668328 0.00283329 0.0138481 0.00660686 0.00474022 0.012717 0.00497249 0.00564253 0.0138481 0.00660686 0.00474022 0.015627391520482897 0.00786836 0.00497188 0.00623783 0.0100748 0.0135859 0.00608817 0.00820031 0.0133661 0.00623783 0.0100748 0.0135859 0.00779511 0.0100188 0.0145682 0.00623783 0.0100748 0.0135859 0.00423907 0.0107346 0.0139761 0.00623783 0.0100748 0.0135859 0.00709482 0.0119501 0.0142682 0.00623783 0.0100748 0.0135859 0.00787271 0.0090787 0.0125727 0.000544785 0.0137134 0.00885746 0.0022856 0.0145082 0.00925216 0.000544785 0.0137134 0.00885746 -0.0010133345204829001 0.0127819 0.00851817 0.000544785 0.0137134 0.00885746 -0.0009766345204828995 0.0147198 0.00818975 0.000544785 0.0137134 0.00885746 0.00198955 0.0125949 0.00943874 0.000544785 0.0137134 0.00885746 0.0018579299999999998 0.0139856 0.00720806 0.000154724 0.0073296 0.000870085 -0.0012447345204828991 0.00608338 0.000968971 0.000154724 0.0073296 0.000870085 0.000772106 0.00917672 0.000891831 0.000154724 0.0073296 0.000870085 -0.0012343345204829002 0.00826352 0.00175616 0.000154724 0.0073296 0.000870085 0.00204686 0.00637336 0.00117652 0.000154724 0.0073296 0.000870085 0.000727052 0.00813109 0.00273617 0.014849 0.00153167 0.014381 0.0159088765204829 -0.000124334520482899 0.0143884 0.014849 0.00153167 0.014381 0.016776584520482897 0.0016411 0.0145374 0.014849 0.00153167 0.014381 0.0131829 0.00249219 0.0143918 0.00435341 0.00823317 0.0126542 0.00608817 0.00820031 0.0133661 0.00435341 0.00823317 0.0126542 0.00251217 0.00823778 0.0121972 0.00435341 0.00823317 0.0126542 0.00534896 0.0085551 0.0110848 0.00435341 0.00823317 0.0126542 0.00547909 0.00680481 0.011901 0.00435341 0.00823317 0.0126542 0.00452008 0.00844254 0.0144932 0.00435341 0.00823317 0.0126542 0.00368541 0.00648051 0.0125803 0.00435341 0.00823317 0.0126542 0.00349408 0.00984074 0.0121777 0.00985779 0.00815529 0.00388315 0.00832408 0.00779038 0.00508726 0.00985779 0.00815529 0.00388315 0.0113626 0.00895506 0.00296166 0.00985779 0.00815529 0.00388315 0.00801103 0.00791742 0.00315793 0.00985779 0.00815529 0.00388315 0.0103754 0.006324 0.00347663 0.00985779 0.00815529 0.00388315 0.010236 0.00840283 0.00599713 0.00985779 0.00815529 0.00388315 0.00940419 0.00919532 0.00201588 0.0100439 0.00330211 0.0124968 0.00885009 0.00379943 0.0110525 0.0100439 0.00330211 0.0124968 0.0103426 0.00140231 0.0128859 0.0100439 0.00330211 0.0124968 0.0107363 0.00464063 0.0140857 0.0065924 0.00527887 0.0125227 0.00846184 0.00490389 0.0126128 0.0065924 0.00527887 0.0125227 0.00521796 0.00515041 0.0138533 0.0065924 0.00527887 0.0125227 0.00547909 0.00680481 0.011901 0.0065924 0.00527887 0.0125227 0.00781705 0.00683899 0.0126454 0.0065924 0.00527887 0.0125227 0.00596783 0.00536559 0.010693 0.0138307 0.0113549 0.0128799 0.0134074 0.0094787 0.0127003 0.0138307 0.0113549 0.0128799 0.0147244 0.0118431 0.011367 0.0138307 0.0113549 0.0128799 0.0131443 0.012018 0.0144795 0.0138307 0.0113549 0.0128799 0.0143522 0.0101641 0.0143856 0.0138307 0.0113549 0.0128799 0.0120467 0.0108003 0.0126983 0.00964616 0.00644989 0.00520181 0.00832408 0.00779038 0.00508726 0.00964616 0.00644989 0.00520181 0.0106344 0.00516889 0.00633136 0.00964616 0.00644989 0.00520181 0.0103754 0.006324 0.00347663 0.00964616 0.00644989 0.00520181 0.00953084 0.00657841 0.0070626 0.00964616 0.00644989 0.00520181 0.0115477 0.00659241 0.00495397 0.00964616 0.00644989 0.00520181 0.010236 0.00840283 0.00599713 0.00827685 0.0147628 0.00814513 0.00672295 0.015716731520482898 0.0087875 0.00827685 0.0147628 0.00814513 0.00888094 0.016111373520482898 0.0093095 0.00827685 0.0147628 0.00814513 0.00757315 0.0141395 0.00982918 0.00827685 0.0147628 0.00814513 0.00857401 0.0138082 0.00644255 0.00827685 0.0147628 0.00814513 0.0066188 0.0145815 0.00723761 0.00827685 0.0147628 0.00814513 0.00790977 0.0159251345204829 0.00657309 0.00983731 0.00711561 0.0129465 0.0106435 0.00802451 0.0145352 0.00450206 0.00480361 0.0119904 0.00538342 0.0034238 0.0130372 0.00450206 0.00480361 0.0119904 0.00253931 0.00484977 0.0121283 0.00450206 0.00480361 0.0119904 0.00368541 0.00648051 0.0125803 0.00846184 0.00490389 0.0126128 0.00885009 0.00379943 0.0110525 0.00846184 0.00490389 0.0126128 0.00729414 0.00333063 0.0124551 0.00846184 0.00490389 0.0126128 0.00863629 0.00430558 0.0144603 0.00846184 0.00490389 0.0126128 0.00988032 0.00569896 0.0111818 0.0134074 0.0094787 0.0127003 0.0120181 0.00811492 0.0125764 0.0134074 0.0094787 0.0127003 0.0128459 0.00868162 0.0144002 0.0134074 0.0094787 0.0127003 0.0120467 0.0108003 0.0126983 0.0134074 0.0094787 0.0127003 0.0150834 0.00832007 0.0133538 0.0120181 0.00811492 0.0125764 0.0102956 0.00903363 0.0124232 0.0120181 0.00811492 0.0125764 0.0113986 0.00787863 0.0104791 0.0120181 0.00811492 0.0125764 0.0119641 0.0066168 0.0141512 0.00772678 0.00808528 0.000953171 0.00702218 0.00933933 0.00230049 0.00772678 0.00808528 0.000953171 0.00616535 0.00772151 0.00208443 0.00608817 0.00820031 0.0133661 0.00452008 0.00844254 0.0144932 0.00608817 0.00820031 0.0133661 0.00787271 0.0090787 0.0125727 0.0012251 0.0115874 0.0109257 0.000449221 0.0133317 0.0111781 0.0012251 0.0115874 0.0109257 -0.0006462345204828986 0.0118431 0.011367 0.0012251 0.0115874 0.0109257 0.002086 0.00987322 0.0108939 0.0012251 0.0115874 0.0109257 0.00198955 0.0125949 0.00943874 0.0109118 0.00251323 0.000948249 0.00915807 0.00328766 0.000934924 0.0109118 0.00251323 0.000948249 0.0118559 0.00265954 0.0028569 0.0109118 0.00251323 0.000948249 0.00966264 0.00154015 0.00253213 0.00088105 0.0150072 0.0105034 0.0022856 0.0145082 0.00925216 0.00088105 0.0150072 0.0105034 0.000449221 0.0133317 0.0111781 0.00088105 0.0150072 0.0105034 0.00240283 0.0162140775204829 0.0102687 0.00088105 0.0150072 0.0105034 0.000154844 0.0164626145204829 0.0119181 0.00358557 0.00806951 0.00525681 0.00199147 0.00806141 0.0063271 0.00358557 0.00806951 0.00525681 0.00501401 0.00925255 0.00568857 0.00358557 0.00806951 0.00525681 0.00206314 0.0089518 0.00458818 0.00358557 0.00806951 0.00525681 0.00522698 0.0073251 0.0040587 0.00358557 0.00806951 0.00525681 0.00488582 0.00666235 0.00631211 0.0109869 0.0080267 0.00127195 0.0113626 0.00895506 0.00296166 0.0109869 0.0080267 0.00127195 0.00952206 0.00691311 0.000898627 0.0109869 0.0080267 0.00127195 0.0111815 0.00982975 0.000890611 0.0109869 0.0080267 0.00127195 0.0126739 0.00729969 0.000948025 0.0109869 0.0080267 0.00127195 0.00940419 0.00919532 0.00201588 0.0124435 0.0146398 0.0116824 0.010716 0.015603606520482899 0.0115652 0.0124435 0.0146398 0.0116824 0.0142658 0.0148428 0.0112978 0.0124435 0.0146398 0.0116824 0.0125201 0.015806032520482897 0.0101814 0.0124435 0.0146398 0.0116824 0.0125126 0.0140022 0.0137814 0.0124435 0.0146398 0.0116824 0.0124797 0.0165707545204829 0.0124975 0.0124435 0.0146398 0.0116824 0.0120431 0.0125817 0.0117104 0.00854676 0.00257448 0.0136897 0.00688329 0.00340692 0.0143901 0.00854676 0.00257448 0.0136897 0.0082099 0.000870013 0.0144201 0.00854676 0.00257448 0.0136897 0.00729414 0.00333063 0.0124551 0.00854676 0.00257448 0.0136897 0.00863629 0.00430558 0.0144603 0.00854676 0.00257448 0.0136897 0.00703731 0.00147038 0.0130426 0.00854676 0.00257448 0.0136897 0.00864119 0.00172406 0.011622 0.00672295 0.000346097 0.0087875 0.00490533 0.00069221 0.00926079 0.00672295 0.000346097 0.0087875 0.0066188 -0.0007891345204828985 0.00723761 0.00672295 0.000346097 0.0087875 0.00603778 0.00111112 0.00717034 0.00672295 0.000346097 0.0087875 0.00647566 0.00104766 0.0108102 0.00717064 0.00382324 0.00437199 0.00886412 0.00308307 0.00375224 0.00717064 0.00382324 0.00437199 0.00714818 0.00220529 0.00322679 0.00717064 0.00382324 0.00437199 0.00576113 0.00496984 0.00514114 0.00717064 0.00382324 0.00437199 0.00572299 0.00380241 0.00301698 0.00606834 0.00901907 0.00820549 0.00404456 0.00864856 0.00752236 0.00606834 0.00901907 0.00820549 0.00730094 0.00931706 0.010022 0.00606834 0.00901907 0.00820549 0.00757262 0.0105256 0.00773959 0.00893611 0.0127031 0.00164658 0.00763007 0.0127637 0.00294432 0.00893611 0.0127031 0.00164658 0.0108772 0.0129161 0.00181871 0.00893611 0.0127031 0.00164658 0.00962222 0.0113023 0.00289497 0.00893611 0.0127031 0.00164658 0.00959524 0.0147618 0.00155384 0.012581 0.00928693 0.00778731 0.0118976 0.0110956 0.00824709 0.012581 0.00928693 0.00778731 0.0112303 0.00798569 0.00783697 0.012581 0.00928693 0.00778731 0.0111879 0.00951807 0.00905958 0.012581 0.00928693 0.00778731 0.013759 0.0108389 0.00784852 0.012581 0.00928693 0.00778731 0.0142043 0.00878106 0.00656703 0.012581 0.00928693 0.00778731 0.0137165 0.00929045 0.00956968 0.00999947 0.0108406 0.00787277 0.0118976 0.0110956 0.00824709 0.00999947 0.0108406 0.00787277 0.00921945 0.0119421 0.00641884 0.00999947 0.0108406 0.00787277 0.0103888 0.0118671 0.00947094 0.00999947 0.0108406 0.00787277 0.00874637 0.0122671 0.00818002 0.00999947 0.0108406 0.00787277 0.0106884 0.0107356 0.00604621 0.00885009 0.00379943 0.0110525 0.00697578 0.00371731 0.0106163 0.00885009 0.00379943 0.0110525 0.00864119 0.00172406 0.011622 0.00885009 0.00379943 0.0110525 0.00988032 0.00569896 0.0111818 0.00402451 0.00421498 0.0051619 0.00269748 0.00373721 0.00383797 0.00402451 0.00421498 0.0051619 0.00576113 0.00496984 0.00514114 0.00402451 0.00421498 0.0051619 0.00541196 0.00333014 0.00665278 0.00402451 0.00421498 0.0051619 0.00232622 0.00341988 0.00624313 0.00763007 0.0127637 0.00294432 0.00707059 0.0141062 0.00170009 0.00763007 0.0127637 0.00294432 0.00892562 0.0125508 0.00432971 0.00763007 0.0127637 0.00294432 0.0063218 0.0125101 0.00426012 0.00763007 0.0127637 0.00294432 0.00723472 0.0109701 0.00343743 0.0022856 0.0145082 0.00925216 0.00240283 0.0162140775204829 0.0102687 0.0022856 0.0145082 0.00925216 0.00357887 0.0134538 0.0101713 0.0022856 0.0145082 0.00925216 0.00198955 0.0125949 0.00943874 0.0022856 0.0145082 0.00925216 0.00185793 0.0139856 0.00720806 0.00179259 0.00373121 0.000942048 0.00358764 0.0043882 0.00196482 0.00179259 0.00373121 0.000942048 -0.00018173452048289942 0.00300748 0.00131104 0.0145569 0.01125 0.00958401 0.0143573 0.0127819 0.00851817 0.0145569 0.01125 0.00958401 0.0128927 0.0122358 0.00968693 0.0145569 0.01125 0.00958401 0.0147244 0.0118431 0.011367 0.0145569 0.01125 0.00958401 0.013759 0.0108389 0.00784852 0.0145569 0.01125 0.00958401 0.0137165 0.00929045 0.00956968 0.0104494 0.0041918 0.00970165 0.00872367 0.00391884 0.00886091 0.0104494 0.0041918 0.00970165 0.0097276 0.00238535 0.00987972 0.0104494 0.0041918 0.00970165 0.0106172 0.0061586 0.00884653 0.0104494 0.0041918 0.00970165 0.012392 0.0035215 0.0102817 0.0104494 0.0041918 0.00970165 0.00988032 0.00569896 0.0111818 0.0125467 0.000691416 0.0145152 0.0131829 0.00249219 0.0143918 0.0125467 0.000691416 0.0145152 0.0125126 -0.0013684345204829 0.0137814 0.0125467 0.000691416 0.0145152 0.0124797 0.00120012 0.0124975 0.00509822 0.0110078 0.00640293 0.00470948 0.0111967 0.008307 0.00509822 0.0110078 0.00640293 0.00501401 0.00925255 0.00568857 0.00509822 0.0110078 0.00640293 0.00641682 0.0122244 0.00702925 0.00509822 0.0110078 0.00640293 0.00552444 0.0108269 0.00453722 0.00509822 0.0110078 0.00640293 0.00358932 0.0124559 0.00693932 0.0109612 0.0108004 0.01098 0.00999621 0.0109642 0.0126444 0.0109612 0.0108004 0.01098 0.0129113 0.0106478 0.0110132 0.0109612 0.0108004 0.01098 0.0103888 0.0118671 0.00947094 0.0109612 0.0108004 0.01098 0.0120431 0.0125817 0.0117104 0.00688329 0.00340692 0.0143901 0.00581911 0.00172426 0.0144566 0.00688329 0.00340692 0.0143901 0.00729414 0.00333063 0.0124551 0.00688329 0.00340692 0.0143901 0.00863629 0.00430558 0.0144603 0.0120602 0.0118554 0.00443186 0.0123128 0.0136301 0.00500719 0.0120602 0.0118554 0.00443186 0.0105733 0.0125735 0.00526755 0.0120602 0.0118554 0.00443186 0.0128722 0.0100815 0.00515816 0.0120602 0.0118554 0.00443186 0.0118046 0.0110655 0.00245696 0.000538242 0.0152463 0.0143884 0.000977121 0.0145399 0.0126192 0.000538242 0.0152463 0.0143884 0.00140595 0.0170117345204829 0.0145374 1.52415e-05 0.00574302 0.00951558 0.000969465 0.00402503 0.00960789 1.52415e-05 0.00574302 0.00951558 -0.0017950345204828997 0.00512942 0.00967011 1.52415e-05 0.00574302 0.00951558 0.0018468 0.00559321 0.0090898 1.52415e-05 0.00574302 0.00951558 0.00098502 0.0053282 0.0111163 1.52415e-05 0.00574302 0.00951558 -0.0006241345204829006 0.00741987 0.00833856 0.00440958 0.0143626 0.0145282 0.00441845 0.0127797 0.0136226 0.00440958 0.0143626 0.0145282 0.00599052 0.0152894 0.0138492 0.00440958 0.0143626 0.0145282 0.003511 0.015171 0.0131598 0.0106653 0.000433149 0.0097738 0.010716 0.000232972 0.0115652 0.0106653 0.000433149 0.0097738 0.00888094 0.000740739 0.0093095 0.0106653 0.000433149 0.0097738 0.0111058 -0.00027263452048289957 0.00812776 0.0106653 0.000433149 0.0097738 0.0125201 0.000435398 0.0101814 0.0106653 0.000433149 0.0097738 0.0114087 -0.0015565345204829005 0.00980987 0.0106653 0.000433149 0.0097738 0.0114463 0.00207711 0.00861686 0.010716 0.000232972 0.0115652 0.0103426 0.00140231 0.0128859 0.010716 0.000232972 0.0115652 0.0124797 0.00120012 0.0124975 0.000257004 0.0148446 0.000978732 -0.0009015345204828987 0.0152824 0.00250948 0.000257004 0.0148446 0.000978732 0.000941687 0.0129901 0.00100755 0.000257004 0.0148446 0.000978732 0.00150798 0.0166718945204829 0.00109445 0.0106435 0.00802451 0.0145352 0.00924009 0.00904139 0.0140747 0.0106435 0.00802451 0.0145352 0.0119641 0.0066168 0.0141512 0.0106435 0.00802451 0.0145352 0.0110828 0.010023 0.0142771 0.00441845 0.0127797 0.0136226 0.00512241 0.0142025 0.0125249 0.00441845 0.0127797 0.0136226 0.00423907 0.0107346 0.0139761 0.00779511 0.0100188 0.0145682 0.00924009 0.00904139 0.0140747 0.00779511 0.0100188 0.0145682 0.00930259 0.0112453 0.0144407 0.00779511 0.0100188 0.0145682 0.00709482 0.0119501 0.0142682 0.00779511 0.0100188 0.0145682 0.00787271 0.0090787 0.0125727 0.00700269 0.00639403 0.00492724 0.00832408 0.00779038 0.00508726 0.00700269 0.00639403 0.00492724 0.0066216 0.0078737 0.00612172 0.00700269 0.00639403 0.00492724 0.00576113 0.00496984 0.00514114 0.00700269 0.00639403 0.00492724 0.00522698 0.0073251 0.0040587 0.00700269 0.00639403 0.00492724 0.00670747 0.00583542 0.00290594 0.00832408 0.00779038 0.00508726 0.00841092 0.00959626 0.0058444 0.00832408 0.00779038 0.00508726 0.00801103 0.00791742 0.00315793 0.00832408 0.00779038 0.00508726 0.0066216 0.0078737 0.00612172 0.00832408 0.00779038 0.00508726 0.010236 0.00840283 0.00599713 0.00832408 0.00779038 0.00508726 0.00676824 0.0091283 0.00445074 0.0113626 0.00895506 0.00296166 0.0132691 0.0093747 0.00311564 0.0113626 0.00895506 0.00296166 0.0124689 0.00812599 0.00436228 0.0113626 0.00895506 0.00296166 0.0106617 0.0102324 0.00420182 0.0113626 0.00895506 0.00296166 0.00940419 0.00919532 0.00201588 0.0113626 0.00895506 0.00296166 0.0118046 0.0110655 0.00245696 0.000595232 0.00442376 0.00558026 0.00143209 0.00602887 0.00484575 0.000595232 0.00442376 0.00558026 0.00232622 0.00341988 0.00624313 0.00577495 0.00516388 0.00766243 0.00651834 0.00687967 0.00795518 0.00577495 0.00516388 0.00766243 0.00695671 0.00474392 0.00905735 0.00577495 0.00516388 0.00766243 0.00488582 0.00666235 0.00631211 0.00577495 0.00516388 0.00766243 0.00541196 0.00333014 0.00665278 0.00199147 0.00806141 0.0063271 0.00194235 0.00933517 0.00774063 0.00199147 0.00806141 0.0063271 0.00140268 0.00676794 0.00759816 0.00199147 0.00806141 0.0063271 0.00206314 0.0089518 0.00458818 0.00199147 0.00806141 0.0063271 0.0008854359999999999 0.00966532 0.00602013 0.00199147 0.00806141 0.0063271 0.00025675700000000004 0.00786836 0.00497188 0.00211998 0.0109038 0.0130038 0.00184032 0.0120793 0.0144747 0.00211998 0.0109038 0.0130038 0.00349408 0.00984074 0.0121777 0.0141259 0.00608338 0.000968971 0.0140915 0.00668328 0.00283329 0.0141259 0.00608338 0.000968971 0.0126739 0.00729969 0.000948025 0.0141259 0.00608338 0.000968971 0.0123629 0.00535672 0.000884611 0.00250635 0.00565612 0.0063415 0.00106997 0.00493477 0.00746085 0.00250635 0.00565612 0.0063415 0.00383011 0.00460069 0.00716519 0.00250635 0.00565612 0.0063415 0.00143209 0.00602887 0.00484575 0.00250635 0.00565612 0.0063415 0.00352808 0.00641109 0.00817625 0.00250635 0.00565612 0.0063415 0.00232622 0.00341988 0.00624313 0.00888094 0.000740739 0.0093095 0.00785891 0.00232456 0.00962299 0.00888094 0.000740739 0.0093095 0.0097276 0.00238535 0.00987972 0.00999621 0.0109642 0.0126444 0.00864237 0.0106469 0.0113334 0.00999621 0.0109642 0.0126444 0.00930259 0.0112453 0.0144407 0.00999621 0.0109642 0.0126444 0.0102956 0.00903363 0.0124232 0.00999621 0.0109642 0.0126444 0.0103195 0.0129423 0.0135931 0.00999621 0.0109642 0.0126444 0.0110828 0.010023 0.0142771 0.00864237 0.0106469 0.0113334 0.00951329 0.0100961 0.00974049 0.00864237 0.0106469 0.0113334 0.0068171 0.0116391 0.0119993 0.00864237 0.0106469 0.0113334 0.00787271 0.0090787 0.0125727 0.00864237 0.0106469 0.0113334 0.00760919 0.0117553 0.00983223 0.000969465 0.00402503 0.00960789 -0.0005527345204828982 0.00401886 0.0106743 0.000969465 0.00402503 0.00960789 0.0018468 0.00559321 0.0090898 0.000969465 0.00402503 0.00960789 8.106849999999996e-05 0.00346276 0.00800281 0.000969465 0.00402503 0.00960789 0.00247022 0.003927 0.0083815 0.000969465 0.00402503 0.00960789 0.0026326 0.00369939 0.0105278 0.000969465 0.00402503 0.00960789 0.00098502 0.0053282 0.0111163 0.0127233 0.00079723 0.00738357 0.0145644 0.000729407 0.00675731 0.0127233 0.00079723 0.00738357 0.0121634 -0.001008034520482899 0.00679055 0.0127233 0.00079723 0.00738357 0.0114463 0.00207711 0.00861686 0.0127233 0.00079723 0.00738357 0.0108315 0.00063707 0.00626549 0.0146976 0.0107951 0.00618344 0.013759 0.0108389 0.00784852 0.0146976 0.0107951 0.00618344 0.0147426 0.012606 0.00667052 0.0146976 0.0107951 0.00618344 0.016256070520482897 0.00966532 0.00602013 0.0146976 0.0107951 0.00618344 0.0142043 0.00878106 0.00656703 0.0146976 0.0107951 0.00618344 0.0159670455204829 0.0117735 0.00480197 0.0146976 0.0107951 0.00618344 0.0128722 0.0100815 0.00515816 0.0138771 0.00294134 0.00892731 0.015451703020482899 0.00346276 0.00800281 0.0138771 0.00294134 0.00892731 0.012392 0.0035215 0.0102817 0.0138771 0.00294134 0.00892731 0.0137817 0.00307043 0.00676854 0.0138771 0.00294134 0.00892731 0.0145161 0.00101532 0.00961945 0.000773612 0.00264311 0.0131646 0.00140595 0.0016411 0.0145374 0.000773612 0.00264311 0.0131646 -0.0009421345204828987 0.00342394 0.0130015 0.000773612 0.00264311 0.0131646 0.00109812 0.00349856 0.0116007 0.000773612 0.00264311 0.0131646 0.000154844 0.00109198 0.0119181 0.000773612 0.00264311 0.0131646 0.000778643 0.0044607 0.0142257 0.00194235 0.00933517 0.00774063 0.00210729 0.00779943 0.00900949 0.00194235 0.00933517 0.00774063 0.00177003 0.0106641 0.00911158 0.00194235 0.00933517 0.00774063 8.435480000000008e-05 0.00995715 0.00799865 0.00194235 0.00933517 0.00774063 0.00404456 0.00864856 0.00752236 0.00194235 0.00933517 0.00774063 0.002976 0.010311 0.00605346 0.0028642 0.00860811 0.00289342 0.00206314 0.0089518 0.00458818 0.0028642 0.00860811 0.00289342 0.00240649 0.00685607 0.00344709 0.0028642 0.00860811 0.00289342 0.00286447 0.009734 0.0011025 0.0028642 0.00860811 0.00289342 0.00487931 0.00937461 0.00280342 0.0028642 0.00860811 0.00289342 0.0007270519999999997 0.00813109 0.00273617 0.0028642 0.00860811 0.00289342 0.0018216 0.0105733 0.00310661 0.0142049 0.0134024 0.000882122 0.0136468 0.0117768 0.00161815 0.0142049 0.0134024 0.000882122 0.0136293 0.0151931 0.000883264 0.0142049 0.0134024 0.000882122 0.0149669 0.0129066 0.00285924 0.00271385 0.0120951 0.000983228 0.00458878 0.0127323 0.000889927 0.00271385 0.0120951 0.000983228 0.0009416870000000001 0.0129901 0.00100755 0.000449221 0.0133317 0.0111781 -0.0006462345204828985 0.0118431 0.011367 0.000449221 0.0133317 0.0111781 0.000977121 0.0145399 0.0126192 0.00512241 0.0142025 0.0125249 0.00599052 0.0152894 0.0138492 0.00512241 0.0142025 0.0125249 0.00337851 0.0136074 0.012037 0.00512241 0.0142025 0.0125249 0.00695371 0.0147786 0.0122093 0.00512241 0.0142025 0.0125249 0.003511 0.015171 0.0131598 0.00512241 0.0142025 0.0125249 0.0041845 0.0156414225204829 0.0112352 0.0090967 0.0152193 0.0051464 0.00857401 0.0138082 0.00644255 0.0090967 0.0152193 0.0051464 0.00790977 0.0159251345204829 0.00657309 0.0090967 0.0152193 0.0051464 0.00794846 0.0153104 0.00326511 0.0090967 0.0152193 0.0051464 0.0108315 0.016007704520482897 0.00626549 0.0143573 0.0127819 0.00851817 0.0128927 0.0122358 0.00968693 0.0143573 0.0127819 0.00851817 0.0127241 0.0126985 0.00758516 0.0143573 0.0127819 0.00851817 0.014394 0.0147198 0.00818975 0.0143573 0.0127819 0.00851817 0.0147426 0.012606 0.00667052 0.0136468 0.0117768 0.00161815 0.0149669 0.0129066 0.00285924 0.0136468 0.0117768 0.00161815 0.0118046 0.0110655 0.00245696 0.0140915 0.00668328 0.00283329 0.0121463 0.00672581 0.0027741 0.0140915 0.00668328 0.00283329 0.0141363 0.00826352 0.00175616 0.0140915 0.00668328 0.00283329 0.0156364715204829 0.00514675 0.0032108 0.0140915 0.00668328 0.00283329 0.0132851 0.00466757 0.0026714 0.00140268 0.00676794 0.00759816 0.0018468 0.00559321 0.0090898 0.00140268 0.00676794 0.00759816 0.00106997 0.00493477 0.00746085 0.00140268 0.00676794 0.00759816 0.00210729 0.00779943 0.00900949 0.00140268 0.00676794 0.00759816 0.00015027599999999997 0.00624099 0.00629367 0.00140268 0.00676794 0.00759816 0.00352808 0.00641109 0.00817625 0.0148179 0.00401886 0.0106743 0.0135756 0.00512942 0.00967011 0.0148179 0.00401886 0.0106743 0.0138968 0.00243653 0.0114075 0.0148179 0.00401886 0.0106743 0.0164687545204829 0.00349856 0.0116007 0.0148179 0.00401886 0.0106743 0.0134051 0.00505072 0.0118767 0.0128927 0.0122358 0.00968693 0.0114087 0.0138141 0.00980987 0.0128927 0.0122358 0.00968693 0.0120431 0.0125817 0.0117104 0.0106344 0.00516889 0.00633136 0.00953084 0.00657841 0.0070626 0.0106344 0.00516889 0.00633136 0.0119203 0.00429212 0.00786969 0.0106344 0.00516889 0.00633136 0.012717 0.00497249 0.00564253 0.0132691 0.00322139 0.00440678 0.0127724 0.00169191 0.00554587 0.0132691 0.00322139 0.00440678 0.0118559 0.00265954 0.0028569 0.0132691 0.00322139 0.00440678 0.012717 0.00497249 0.00564253 0.0132691 0.00322139 0.00440678 0.0148598 0.00183155 0.00485025 0.0132691 0.00322139 0.00440678 0.0112204 0.00325932 0.00515858 0.00537116 0.00290926 0.0111914 0.00512251 0.00157736 0.0126485 0.00537116 0.00290926 0.0111914 0.00538342 0.0034238 0.0130372 0.00537116 0.00290926 0.0111914 0.00697578 0.00371731 0.0106163 0.00537116 0.00290926 0.0111914 0.00647566 0.00104766 0.0108102 0.0135756 0.00512942 0.00967011 0.0119348 0.00572724 0.0104921 0.0135756 0.00512942 0.00967011 0.012392 0.0035215 0.0102817 0.0135756 0.00512942 0.00967011 0.0140576 0.00533103 0.00758861 0.0135756 0.00512942 0.00967011 0.0137968 0.00708503 0.0105313 0.0135756 0.00512942 0.00967011 0.0134051 0.00505072 0.0118767 0.00886412 0.00308307 0.00375224 0.0102484 0.00405377 0.00280051 0.00886412 0.00308307 0.00375224 0.00714818 0.00220529 0.00322679 0.00886412 0.00308307 0.00375224 0.00859229 0.00485768 0.00319335 0.00886412 0.00308307 0.00375224 0.00966264 0.00154015 0.00253213 0.00886412 0.00308307 0.00375224 0.00899819 0.00313438 0.00595921 0.00952206 0.00691311 0.000898627 0.00892088 0.00514356 0.00129141 0.000394765 0.00965594 0.0100309 0.002086 0.00987322 0.0108939 0.000394765 0.00965594 0.0100309 0.00177003 0.0106641 0.00911158 0.000394765 0.00965594 0.0100309 -0.00020163452048289904 0.0101144 0.011814 0.000394765 0.00965594 0.0100309 0.000803853 0.00855083 0.0115832 0.000394765 0.00965594 0.0100309 -0.0016541345204828996 0.00929045 0.00956968 0.0007164 0.000291917 0.00791993 -0.0008062345204829 0.000729407 0.00675731 0.0007164 0.000291917 0.00791993 -0.0009766345204828995 -0.0006508345204828984 0.00818975 0.0007164 0.000291917 0.00791993 0.00255816 0.00114621 0.00710047 0.0007164 0.000291917 0.00791993 0.0018579299999999998 -0.0013850345204828975 0.00720806 0.00524774 0.0125483 0.00962598 0.00470948 0.0111967 0.008307 0.00524774 0.0125483 0.00962598 0.00357887 0.0134538 0.0101713 0.00524774 0.0125483 0.00962598 0.00462761 0.014216 0.00872348 0.00524774 0.0125483 0.00962598 0.00358582 0.0112819 0.0101736 0.0138968 0.00243653 0.0114075 0.0144285 0.00342394 0.0130015 0.0138968 0.00243653 0.0114075 0.015525478520482899 0.00109198 0.0119181 0.0138968 0.00243653 0.0114075 0.012392 0.0035215 0.0102817 0.0138968 0.00243653 0.0114075 0.0124797 0.00120012 0.0124975 0.0129113 0.0106478 0.0110132 0.0120467 0.0108003 0.0126983 0.0129113 0.0106478 0.0110132 0.0137165 0.00929045 0.00956968 0.0129113 0.0106478 0.0110132 0.0120431 0.0125817 0.0117104 0.0118976 0.0110956 0.00824709 0.0127241 0.0126985 0.00758516 0.0118976 0.0110956 0.00824709 0.0111879 0.00951807 0.00905958 0.0118976 0.0110956 0.00824709 0.013759 0.0108389 0.00784852 0.00982367 0.0150127 0.0133574 0.0103426 0.016772944520482898 0.0128859 0.00982367 0.0150127 0.0133574 0.0078991 0.0141693 0.0141394 0.00982367 0.0150127 0.0133574 0.0103195 0.0129423 0.0135931 0.00591345 0.0104097 0.000918365 0.00542242 0.0116958 0.00257056 0.00490533 0.00069221 0.00926079 0.00462761 -0.0011546345204829001 0.00872348 0.00490533 0.00069221 0.00926079 0.00647566 0.00104766 0.0108102 0.00490533 0.00069221 0.00926079 0.0041845 0.000270788 0.0112352 0.0123963 0.00678884 0.00680525 0.0112303 0.00798569 0.00783697 0.0123963 0.00678884 0.00680525 0.0126317 0.00700878 0.00871286 0.0123963 0.00678884 0.00680525 0.012717 0.00497249 0.00564253 0.00365581 0.0111931 0.00410831 0.00552444 0.0108269 0.00453722 0.00365581 0.0111931 0.00410831 0.002976 0.010311 0.00605346 0.00365581 0.0111931 0.00410831 0.0018216 0.0105733 0.00310661 0.0111058 0.015098 0.00812776 0.0121634 0.0143626 0.00679055 0.0111058 0.015098 0.00812776 0.0106021 0.0130877 0.00764289 0.0111058 0.015098 0.00812776 0.0114087 0.0138141 0.00980987 0.0111058 0.015098 0.00812776 0.0108315 0.016007704520482897 0.00626549 0.00737449 0.00408512 0.00181528 0.00719036 0.00578893 0.00085116 0.00737449 0.00408512 0.00181528 0.00562226 0.00477273 0.00132247 0.00737449 0.00408512 0.00181528 0.00892088 0.00514356 0.00129141 0.00737449 0.00408512 0.00181528 0.00859229 0.00485768 0.00319335 0.00737449 0.00408512 0.00181528 0.00670747 0.00583542 0.00290594 0.0018468 0.00559321 0.0090898 0.00106997 0.00493477 0.00746085 0.0018468 0.00559321 0.0090898 0.00247022 0.003927 0.0083815 0.0018468 0.00559321 0.0090898 0.00300831 0.00642562 0.010603 0.0018468 0.00559321 0.0090898 0.00352808 0.00641109 0.00817625 0.00106997 0.00493477 0.00746085 8.106850000000007e-05 0.00346276 0.00800281 0.00106997 0.00493477 0.00746085 0.00015027599999999997 0.00624099 0.00629367 0.00106997 0.00493477 0.00746085 0.00247022 0.003927 0.0083815 0.00702218 0.00933933 0.00230049 0.00801103 0.00791742 0.00315793 0.00702218 0.00933933 0.00230049 0.00616535 0.00772151 0.00208443 0.00702218 0.00933933 0.00230049 0.00723472 0.0109701 0.00343743 0.00702218 0.00933933 0.00230049 0.00487931 0.00937461 0.00280342 0.00702218 0.00933933 0.00230049 0.00676824 0.0091283 0.00445074 0.0142658 0.0148428 0.0112978 0.015525478520482899 0.0164626145204829 0.0119181 0.00841092 0.00959626 0.0058444 0.00873277 0.00988291 0.00393572 0.00841092 0.00959626 0.0058444 0.010236 0.00840283 0.00599713 0.00841092 0.00959626 0.0058444 0.00676824 0.0091283 0.00445074 0.00841092 0.00959626 0.0058444 0.00817881 0.00822097 0.00753351 0.0125201 0.000435398 0.0101814 0.0145161 0.00101532 0.00961945 0.00509977 0.0104938 0.0114683 0.00534896 0.0085551 0.0110848 0.00509977 0.0104938 0.0114683 0.0048199 0.0124239 0.0116554 0.00509977 0.0104938 0.0114683 0.00349408 0.00984074 0.0121777 0.00509977 0.0104938 0.0114683 0.0068171 0.0116391 0.0119993 0.00509977 0.0104938 0.0114683 0.00358582 0.0112819 0.0101736 0.0147244 0.0118431 0.011367 0.015169 0.0101144 0.011814 0.00512251 0.00157736 0.0126485 0.00538342 0.0034238 0.0130372 0.00512251 0.00157736 0.0126485 0.00581911 0.00172426 0.0144566 0.00512251 0.00157736 0.0126485 0.00703731 0.00147038 0.0130426 0.00512251 0.00157736 0.0126485 0.00332749 0.00282902 0.0123916 0.00512251 0.00157736 0.0126485 0.0041845 0.0002707879999999999 0.0112352 0.00251217 0.00823778 0.0121972 0.000803853 0.00855083 0.0115832 0.00251217 0.00823778 0.0121972 0.00349408 0.00984074 0.0121777 0.00251217 0.00823778 0.0121972 0.00151112 0.00661975 0.013202 0.000977121 0.0145399 0.0126192 0.00239349 0.0136902 0.0136603 0.000977121 0.0145399 0.0126192 0.000154844 0.0164626145204829 0.0119181 8.10685e-05 0.00346276 0.00800281 0.000518752 0.00218991 0.00672875 8.10685e-05 0.00346276 0.00800281 0.00139906 0.0022093 0.00850697 8.10685e-05 0.00346276 0.00800281 -0.0015889345204828998 0.00307043 0.00676854 0.0111815 0.00982975 0.000890611 0.00940419 0.00919532 0.00201588 0.0111815 0.00982975 0.000890611 0.0118046 0.0110655 0.00245696 0.01394 0.0142913 0.00637056 0.0145644 0.0161000415204829 0.00675731 0.01394 0.0142913 0.00637056 0.014394 0.0147198 0.00818975 0.01394 0.0142913 0.00637056 0.0147426 0.012606 0.00667052 0.01394 0.0142913 0.00637056 0.0121634 0.0143626 0.00679055 0.01394 0.0142913 0.00637056 0.0141476 0.0130014 0.00491582 0.01394 0.0142913 0.00637056 0.0138166 0.0150889 0.00444539 0.01394 0.0142913 0.00637056 0.0158488575204829 0.0143084 0.00535659 0.00707059 0.0141062 0.00170009 0.00794846 0.0153104 0.00326511 0.0126739 0.00729969 0.000948025 0.0123629 0.00535672 0.000884611 0.0126739 0.00729969 0.000948025 0.0121463 0.00672581 0.0027741 0.0126739 0.00729969 0.000948025 0.0141363 0.00826352 0.00175616 0.00599052 0.0152894 0.0138492 0.00581911 0.0170948945204829 0.0144566 0.00599052 0.0152894 0.0138492 0.00695371 0.0147786 0.0122093 0.00599052 0.0152894 0.0138492 0.0078991 0.0141693 0.0141394 0.00999666 0.00133732 0.0146069 0.0082099 0.000870013 0.0144201 0.00999666 0.00133732 0.0146069 0.0103426 0.00140231 0.0128859 0.00470948 0.0111967 0.008307 0.00358582 0.0112819 0.0101736 0.00470948 0.0111967 0.008307 0.00358932 0.0124559 0.00693932 0.00534896 0.0085551 0.0110848 0.00547909 0.00680481 0.011901 0.00534896 0.0085551 0.0110848 0.00453691 0.00942341 0.00954167 0.00534896 0.0085551 0.0110848 0.00527292 0.00713916 0.00961492 0.00892562 0.0125508 0.00432971 0.0105733 0.0125735 0.00526755 0.00892562 0.0125508 0.00432971 0.00756921 0.0122723 0.00560177 0.00356341 0.00181973 0.00533926 0.00492007 0.00044180100000000013 0.00580023 0.00356341 0.00181973 0.00533926 0.00161236 0.00169672 0.00526334 0.00356341 0.00181973 0.00533926 0.00255816 0.00114621 0.00710047 0.00356341 0.00181973 0.00533926 0.00232622 0.00341988 0.00624313 0.00356341 0.00181973 0.00533926 0.00547061 0.00220868 0.00452783 0.00651834 0.00687967 0.00795518 0.00527292 0.00713916 0.00961492 0.00651834 0.00687967 0.00795518 0.008276 0.00645263 0.00919447 0.00651834 0.00687967 0.00795518 0.00817881 0.00822097 0.00753351 0.00695671 0.00474392 0.00905735 0.00872367 0.00391884 0.00886091 0.00695671 0.00474392 0.00905735 0.00697578 0.00371731 0.0106163 0.00695671 0.00474392 0.00905735 0.00760515 0.0042274 0.00728987 0.00695671 0.00474392 0.00905735 0.008276 0.00645263 0.00919447 0.00801103 0.00791742 0.00315793 0.00676824 0.0091283 0.00445074 0.00801103 0.00791742 0.00315793 0.00940419 0.00919532 0.00201588 0.00538342 0.0034238 0.0130372 0.00521796 0.00515041 0.0138533 0.00538342 0.0034238 0.0130372 0.00729414 0.00333063 0.0124551 0.00538342 0.0034238 0.0130372 0.00332749 0.00282902 0.0123916 0.0048199 0.0124239 0.0116554 0.00337851 0.0136074 0.012037 0.0048199 0.0124239 0.0116554 0.0068171 0.0116391 0.0119993 0.0048199 0.0124239 0.0116554 0.00358582 0.0112819 0.0101736 0.0123629 0.00535672 0.000884611 0.0107403 0.0055451 0.00180551 0.0123629 0.00535672 0.000884611 0.0132851 0.00466757 0.0026714 0.0123128 0.0136301 0.00500719 0.0121634 0.0143626 0.00679055 0.0123128 0.0136301 0.00500719 0.0141476 0.0130014 0.00491582 0.0123128 0.0136301 0.00500719 0.0138166 0.0150889 0.00444539 0.0132691 0.0093747 0.00311564 0.0124689 0.00812599 0.00436228 0.0132691 0.0093747 0.00311564 0.0141363 0.00826352 0.00175616 0.0132691 0.0093747 0.00311564 0.0128722 0.0100815 0.00515816 0.00924009 0.00904139 0.0140747 0.0079913 0.00761103 0.0143987 0.00924009 0.00904139 0.0140747 0.0102956 0.00903363 0.0124232 0.00924009 0.00904139 0.0140747 0.00787271 0.0090787 0.0125727 0.00924009 0.00904139 0.0140747 0.0110828 0.010023 0.0142771 0.00240283 0.000843443 0.0102687 0.0041845 0.000270788 0.0112352 0.00719036 0.00578893 0.00085116 0.00562226 0.00477273 0.00132247 0.00719036 0.00578893 0.00085116 0.00892088 0.00514356 0.00129141 0.00719036 0.00578893 0.00085116 0.00670747 0.00583542 0.00290594 0.00873277 0.00988291 0.00393572 0.0106617 0.0102324 0.00420182 0.00873277 0.00988291 0.00393572 0.00962222 0.0113023 0.00289497 0.00873277 0.00988291 0.00393572 0.00723472 0.0109701 0.00343743 0.00873277 0.00988291 0.00393572 0.00676824 0.0091283 0.00445074 0.00873277 0.00988291 0.00393572 0.00940419 0.00919532 0.00201588 0.0105733 0.0125735 0.00526755 0.00921945 0.0119421 0.00641884 0.0105733 0.0125735 0.00526755 0.0106884 0.0107356 0.00604621 0.00210729 0.00779943 0.00900949 0.000519877 0.00761316 0.010058 0.00210729 0.00779943 0.00900949 0.00352808 0.00641109 0.00817625 0.010898 0.0143746 0.00316433 0.0108772 0.0129161 0.00181871 0.010898 0.0143746 0.00316433 0.011736 0.016035954520482898 0.00405254 0.010898 0.0143746 0.00316433 0.00959524 0.0147618 0.00155384 0.000150276 0.00624099 0.00629367 0.00143209 0.00602887 0.00484575 0.000150276 0.00624099 0.00629367 -0.0013130345204828988 0.00533103 0.00758861 0.000150276 0.00624099 0.00629367 0.000256757 0.00786836 0.00497188 0.0102484 0.00405377 0.00280051 0.0107403 0.0055451 0.00180551 0.0102484 0.00405377 0.00280051 0.00859229 0.00485768 0.00319335 0.0102484 0.00405377 0.00280051 0.0118559 0.00265954 0.0028569 0.0127241 0.0126985 0.00758516 0.0121634 0.0143626 0.00679055 0.0127241 0.0126985 0.00758516 0.0106021 0.0130877 0.00764289 0.0131443 0.012018 0.0144795 0.0125126 0.0140022 0.0137814 0.00921945 0.0119421 0.00641884 0.00857401 0.0138082 0.00644255 0.00921945 0.0119421 0.00641884 0.00756921 0.0122723 0.00560177 0.00921945 0.0119421 0.00641884 0.00874637 0.0122671 0.00818002 0.00921945 0.0119421 0.00641884 0.0106884 0.0107356 0.00604621 0.00921945 0.0119421 0.00641884 0.0106021 0.0130877 0.00764289 0.00857401 0.0138082 0.00644255 0.00687735 0.0143408 0.00513623 0.00581911 0.00172426 0.0144566 0.00703731 0.00147038 0.0130426 0.00878013 0.0126694 0.0120224 0.0068171 0.0116391 0.0119993 0.00878013 0.0126694 0.0120224 0.0103195 0.0129423 0.0135931 0.0151819 0.00983466 0.00397306 0.0159670455204829 0.0117735 0.00480197 0.0151819 0.00983466 0.00397306 0.015627391520482897 0.00786836 0.00497188 0.0121463 0.00672581 0.0027741 0.0103754 0.006324 0.00347663 0.00930259 0.0112453 0.0144407 0.0103195 0.0129423 0.0135931 0.00930259 0.0112453 0.0144407 0.0110828 0.010023 0.0142771 0.00785891 0.00232456 0.00962299 0.00872367 0.00391884 0.00886091 0.00785891 0.00232456 0.00962299 0.00697578 0.00371731 0.0106163 0.00785891 0.00232456 0.00962299 0.00625872 0.00230596 0.00867378 0.00785891 0.00232456 0.00962299 0.0097276 0.00238535 0.00987972 0.00785891 0.00232456 0.00962299 0.00864119 0.00172406 0.011622 0.00785891 0.00232456 0.00962299 0.00647566 0.00104766 0.0108102 0.0127724 0.00169191 0.00554587 0.011736 0.0006653200000000001 0.00405254 0.0127724 0.00169191 0.00554587 0.0148598 0.00183155 0.00485025 0.0127724 0.00169191 0.00554587 0.0137817 0.00307043 0.00676854 0.0127724 0.00169191 0.00554587 0.0112204 0.00325932 0.00515858 0.0144691 0.0152824 0.00250948 0.0136293 0.0151931 0.0008832639999999999 0.0144691 0.0152824 0.00250948 0.0138166 0.0150889 0.00444539 0.00458878 0.0127323 0.000889927 0.0034757 0.0142895 0.000851078 0.00458878 0.0127323 0.000889927 0.00389386 0.013466 0.00280387 0.00458878 0.0127323 0.000889927 0.00542242 0.0116958 0.00257056 0.00357887 0.0134538 0.0101713 0.00337851 0.0136074 0.012037 0.00357887 0.0134538 0.0101713 0.00462761 0.014216 0.00872348 0.00357887 0.0134538 0.0101713 0.00198955 0.0125949 0.00943874 0.00357887 0.0134538 0.0101713 0.00358582 0.0112819 0.0101736 0.0112303 0.00798569 0.00783697 0.0111879 0.00951807 0.00905958 0.0112303 0.00798569 0.00783697 0.00973482 0.00826854 0.00897179 0.0112303 0.00798569 0.00783697 0.0126317 0.00700878 0.00871286 0.0112303 0.00798569 0.00783697 0.0106172 0.0061586 0.00884653 0.0112303 0.00798569 0.00783697 0.010236 0.00840283 0.00599713 0.0082099 0.000870013 0.0144201 0.00703731 0.00147038 0.0130426 0.0082099 0.000870013 0.0144201 0.0078991 -0.0012013345204828993 0.0141394 0.0143522 0.0101641 0.0143856 0.0150834 0.00832007 0.0133538 0.00714818 0.00220529 0.00322679 0.00547061 0.00220868 0.00452783 0.00915807 0.00328766 0.000934924 0.00892088 0.00514356 0.00129141 0.00413295 0.0147811 0.00445143 0.00492007 0.0158124355204829 0.00580023 0.00413295 0.0147811 0.00445143 0.00248374 0.0151863 0.00540234 0.00413295 0.0147811 0.00445143 0.00389386 0.013466 0.00280387 0.00413295 0.0147811 0.00445143 0.0055355 0.015625665520482897 0.0029715 0.00521796 0.00515041 0.0138533 0.00308504 0.00529079 0.0142464 0.0145644 0.000729407 0.00675731 0.015889386520482898 0.00218991 0.00672875 0.0145644 0.000729407 0.00675731 0.014394 -0.000650834520482899 0.00818975 0.0145644 0.000729407 0.00675731 0.0148598 0.00183155 0.00485025 0.0149452 0.00631236 0.0144022 0.0136472 0.006821 0.0130219 0.0149452 0.00631236 0.0144022 0.0161492775204829 0.0044607 0.0142257 0.000518752 0.00218991 0.00672875 0.0016123599999999997 0.00169672 0.00526334 0.000518752 0.00218991 0.00672875 0.00139906 0.0022093 0.00850697 0.000518752 0.00218991 0.00672875 0.00232622 0.00341988 0.00624313 0.000518752 0.00218991 0.00672875 -0.0005108345204829005 0.00183155 0.00485025 0.00239349 0.0136902 0.0136603 0.00337851 0.0136074 0.012037 0.00239349 0.0136902 0.0136603 0.00184032 0.0120793 0.0144747 0.00239349 0.0136902 0.0136603 0.003511 0.015171 0.0131598 0.00258171 0.00802324 0.0144181 0.00452008 0.00844254 0.0144932 0.00258171 0.00802324 0.0144181 0.00151112 0.00661975 0.013202 0.0103888 0.0118671 0.00947094 0.00951329 0.0100961 0.00974049 0.0103888 0.0118671 0.00947094 0.0106021 0.0130877 0.00764289 0.0103888 0.0118671 0.00947094 0.0114087 0.0138141 0.00980987 0.00383011 0.00460069 0.00716519 0.00247022 0.003927 0.0083815 0.00383011 0.00460069 0.00716519 0.00352808 0.00641109 0.00817625 0.00383011 0.00460069 0.00716519 0.00541196 0.00333014 0.00665278 0.00383011 0.00460069 0.00716519 0.00232622 0.00341988 0.00624313 0.00337851 0.0136074 0.012037 0.003511 0.015171 0.0131598 0.0111879 0.00951807 0.00905958 0.00973482 0.00826854 0.00897179 0.0111879 0.00951807 0.00905958 0.00951329 0.0100961 0.00974049 0.0111879 0.00951807 0.00905958 0.0113986 0.00787863 0.0104791 0.00756921 0.0122723 0.00560177 0.0063218 0.0125101 0.00426012 0.00756921 0.0122723 0.00560177 0.00641682 0.0122244 0.00702925 0.00756921 0.0122723 0.00560177 0.00687735 0.0143408 0.00513623 0.00247022 0.003927 0.0083815 0.00386171 0.00270794 0.00802837 0.00247022 0.003927 0.0083815 0.00232622 0.00341988 0.00624313 0.00143209 0.00602887 0.00484575 0.00240649 0.00685607 0.00344709 0.00143209 0.00602887 0.00484575 0.0002658370000000001 0.00514675 0.0032108 0.00143209 0.00602887 0.00484575 0.00025675700000000004 0.00786836 0.00497188 0.00492007 0.000441801 0.00580023 0.00603778 0.00111112 0.00717034 0.00492007 0.000441801 0.00580023 0.00547061 0.00220868 0.00452783 0.00161236 0.00169672 0.00526334 0.00255816 0.00114621 0.00710047 0.00161236 0.00169672 0.00526334 0.00232622 0.00341988 0.00624313 0.00161236 0.00169672 0.00526334 0.00132069 0.000897655 0.00340791 0.00161236 0.00169672 0.00526334 -0.0005108345204829 0.00183155 0.00485025 0.00973482 0.00826854 0.00897179 0.00951329 0.0100961 0.00974049 0.00973482 0.00826854 0.00897179 0.009053 0.0079031 0.0109555 0.00973482 0.00826854 0.00897179 0.00817881 0.00822097 0.00753351 0.00547909 0.00680481 0.011901 0.00596783 0.00536559 0.010693 0.00547909 0.00680481 0.011901 0.00368541 0.00648051 0.0125803 0.0126317 0.00700878 0.00871286 0.0106172 0.0061586 0.00884653 0.0126317 0.00700878 0.00871286 0.0137968 0.00708503 0.0105313 0.0126317 0.00700878 0.00871286 0.0147465 0.00741987 0.00833856 0.00781705 0.00683899 0.0126454 0.0079913 0.00761103 0.0143987 0.00781705 0.00683899 0.0126454 0.00787271 0.0090787 0.0125727 0.00872367 0.00391884 0.00886091 0.00760515 0.0042274 0.00728987 0.00872367 0.00391884 0.00886091 0.00906508 0.00223346 0.00795407 0.00140595 0.0016411 0.0145374 0.00318155 0.0014035 0.0139873 0.00386171 0.00270794 0.00802837 0.00255816 0.00114621 0.00710047 0.00386171 0.00270794 0.00802837 0.00541196 0.00333014 0.00665278 0.00501401 0.00925255 0.00568857 0.00676824 0.0091283 0.00445074 0.00501401 0.00925255 0.00568857 0.00404456 0.00864856 0.00752236 0.0124689 0.00812599 0.00436228 0.0115477 0.00659241 0.00495397 0.0124689 0.00812599 0.00436228 0.0128722 0.0100815 0.00515816 0.0119348 0.00572724 0.0104921 0.0106172 0.0061586 0.00884653 0.0119348 0.00572724 0.0104921 0.0113986 0.00787863 0.0104791 0.0119348 0.00572724 0.0104921 0.0134051 0.00505072 0.0118767 0.0119348 0.00572724 0.0104921 0.00988032 0.00569896 0.0111818 0.00697578 0.00371731 0.0106163 0.00596783 0.00536559 0.010693 0.00697578 0.00371731 0.0106163 0.00729414 0.00333063 0.0124551 0.0066188 0.0145815 0.00723761 0.00603778 0.0164817545204829 0.00717034 0.0066188 0.0145815 0.00723761 0.00790977 0.0159251345204829 0.00657309 0.0066188 0.0145815 0.00723761 0.00687735 0.0143408 0.00513623 0.00562226 0.00477273 0.00132247 0.00572299 0.00380241 0.00301698 0.00562226 0.00477273 0.00132247 0.00358764 0.0043882 0.00196482 0.00562226 0.00477273 0.00132247 0.00670747 0.00583542 0.00290594 0.00596783 0.00536559 0.010693 0.00527292 0.00713916 0.00961492 0.00596783 0.00536559 0.010693 0.00429788 0.00460278 0.00953474 0.00729414 0.00333063 0.0124551 0.00703731 0.00147038 0.0130426 0.00236701 0.0149398 0.00212329 0.0034757 0.0142895 0.0008510779999999999 0.00236701 0.0149398 0.00212329 0.00125962 0.014085 0.00337117 0.00236701 0.0149398 0.00212329 0.00389386 0.013466 0.00280387 0.00236701 0.0149398 0.00212329 0.00150798 0.0166718945204829 0.00109445 0.00236701 0.0149398 0.00212329 0.00132069 0.016268289520482898 0.00340791 0.00269748 0.00373721 0.00383797 0.00358764 0.0043882 0.00196482 0.0144285 0.00342394 0.0130015 0.0134051 0.00505072 0.0118767 0.0144285 0.00342394 0.0130015 0.0132164 0.00464896 0.0142442 0.014394 0.0147198 0.00818975 0.0145161 0.0163859545204829 0.00961945 0.0136472 0.006821 0.0130219 0.0151635 0.00648948 0.0120217 0.0136472 0.006821 0.0130219 0.0150834 0.00832007 0.0133538 0.0136472 0.006821 0.0130219 0.0134051 0.00505072 0.0118767 0.0136472 0.006821 0.0130219 0.0119641 0.0066168 0.0141512 0.0108772 0.0129161 0.00181871 0.0118046 0.0110655 0.00245696 0.013759 0.0108389 0.00784852 0.0154549893204829 0.00995715 0.00799865 0.002086 0.00987322 0.0108939 0.00177003 0.0106641 0.00911158 0.002086 0.00987322 0.0108939 0.000803853 0.00855083 0.0115832 0.002086 0.00987322 0.0108939 0.00349408 0.00984074 0.0121777 0.002086 0.00987322 0.0108939 0.00358582 0.0112819 0.0101736 0.0106617 0.0102324 0.00420182 0.00962222 0.0113023 0.00289497 0.0106617 0.0102324 0.00420182 0.0106884 0.0107356 0.00604621 0.0106617 0.0102324 0.00420182 0.0118046 0.0110655 0.00245696 0.00760515 0.0042274 0.00728987 0.00899819 0.00313438 0.00595921 0.0147426 0.012606 0.00667052 0.0141476 0.0130014 0.00491582 0.0147426 0.012606 0.00667052 0.016632244520482897 0.0116434 0.00723613 0.000772106 0.00917672 0.000891831 0.00286447 0.009734 0.0011025 0.000772106 0.00917672 0.000891831 0.000727052 0.00813109 0.00273617 0.0128459 0.00868162 0.0144002 0.0110828 0.010023 0.0142771 0.0127752 0.0139847 0.00230137 0.0116912 0.0149773 0.00096492 0.00206314 0.0089518 0.00458818 0.0008854359999999999 0.00966532 0.00602013 0.00206314 0.0089518 0.00458818 0.002976 0.010311 0.00605346 0.00206314 0.0089518 0.00458818 0.0018216 0.0105733 0.00310661 0.00206314 0.0089518 0.00458818 0.00025675700000000004 0.00786836 0.00497188 0.00863629 0.00430558 0.0144603 0.0107363 0.00464063 0.0140857 0.00139906 0.0022093 0.00850697 0.00255816 0.00114621 0.00710047 0.000519877 0.00761316 0.010058 0.000803853 0.00855083 0.0115832 0.000519877 0.00761316 0.010058 -0.0015738345204828997 0.00708503 0.0105313 0.000519877 0.00761316 0.010058 -0.0006241345204829002 0.00741987 0.00833856 0.0066216 0.0078737 0.00612172 0.00488582 0.00666235 0.00631211 0.0066216 0.0078737 0.00612172 0.00676824 0.0091283 0.00445074 0.0066216 0.0078737 0.00612172 0.00817881 0.00822097 0.00753351 0.00177003 0.0106641 0.00911158 0.00198955 0.0125949 0.00943874 0.00177003 0.0106641 0.00911158 0.00358582 0.0112819 0.0101736 0.00177003 0.0106641 0.00911158 0.00126161 0.0116434 0.00723613 0.000885436 0.00966532 0.00602013 0.002976 0.010311 0.00605346 0.000885436 0.00966532 0.00602013 0.00025675699999999993 0.00786836 0.00497188 0.0063218 0.0125101 0.00426012 0.00552444 0.0108269 0.00453722 0.0063218 0.0125101 0.00426012 0.00723472 0.0109701 0.00343743 0.0063218 0.0125101 0.00426012 0.00542242 0.0116958 0.00257056 0.0063218 0.0125101 0.00426012 0.00687735 0.0143408 0.00513623 0.00892088 0.00514356 0.00129141 0.0107403 0.0055451 0.00180551 0.00892088 0.00514356 0.00129141 0.00859229 0.00485768 0.00319335 0.00625872 0.00230596 0.00867378 0.00603778 0.00111112 0.00717034 0.0121634 0.0143626 0.00679055 0.0106021 0.0130877 0.00764289 0.0121634 0.0143626 0.00679055 0.0108315 0.016007704520482897 0.00626549 0.00695371 0.0147786 0.0122093 0.00872676 0.0148175 0.0113207 0.00695371 0.0147786 0.0122093 0.00647566 0.0164182945204829 0.0108102 0.00695371 0.0147786 0.0122093 0.0078991 0.0141693 0.0141394 8.43548e-05 0.00995715 0.00799865 -0.0011663345204828998 0.00878106 0.00656703 8.43548e-05 0.00995715 0.00799865 0.00126161 0.0116434 0.00723613 0.015169 0.0101144 0.011814 0.0161744875204829 0.00855083 0.0115832 0.00603778 0.00111112 0.00717034 0.00708603 0.00226918 0.00604545 0.0141363 0.00826352 0.00175616 0.0160976865204829 0.00813109 0.00273617 0.0131778 0.00166347 0.000956286 0.0136293 -0.00017753452048290008 0.000883264 0.0107403 0.0055451 0.00180551 0.0103754 0.006324 0.00347663 0.00453691 0.00942341 0.00954167 0.00404456 0.00864856 0.00752236 0.00453691 0.00942341 0.00954167 0.00358582 0.0112819 0.0101736 0.00962222 0.0113023 0.00289497 0.0118046 0.0110655 0.00245696 0.0026326 0.00369939 0.0105278 0.00253931 0.00484977 0.0121283 0.0026326 0.00369939 0.0105278 0.00109812 0.00349856 0.0116007 0.0026326 0.00369939 0.0105278 0.00332749 0.00282902 0.0123916 0.0026326 0.00369939 0.0105278 0.00429788 0.00460278 0.00953474 0.0120467 0.0108003 0.0126983 0.0120431 0.0125817 0.0117104 0.0120467 0.0108003 0.0126983 0.0110828 0.010023 0.0142771 0.00874637 0.0122671 0.00818002 0.0106021 0.0130877 0.00764289 0.00874637 0.0122671 0.00818002 0.00760919 0.0117553 0.00983223 0.00874637 0.0122671 0.00818002 0.00757262 0.0105256 0.00773959 0.00641682 0.0122244 0.00702925 0.00757262 0.0105256 0.00773959 0.00552444 0.0108269 0.00453722 0.00676824 0.0091283 0.00445074 0.00552444 0.0108269 0.00453722 0.00542242 0.0116958 0.00257056 0.0103754 0.006324 0.00347663 0.0115477 0.00659241 0.00495397 0.00576113 0.00496984 0.00514114 0.00488582 0.00666235 0.00631211 0.00996983 0.00162457 0.00463433 0.011736 0.00066532 0.00405254 0.00996983 0.00162457 0.00463433 0.00966264 0.00154015 0.00253213 0.00996983 0.00162457 0.00463433 0.0108315 0.00063707 0.00626549 0.00996983 0.00162457 0.00463433 0.00899819 0.00313438 0.00595921 0.00996983 0.00162457 0.00463433 0.0112204 0.00325932 0.00515858 0.0116912 0.0149773 0.00096492 0.0136293 0.0151931 0.000883264 0.0116912 0.0149773 0.00096492 0.00959524 0.0147618 0.00155384 0.00953084 0.00657841 0.0070626 0.0106172 0.0061586 0.00884653 0.00953084 0.00657841 0.0070626 0.010236 0.00840283 0.00599713 0.00953084 0.00657841 0.0070626 0.00817881 0.00822097 0.00753351 0.00291999 0.00322739 0.0144818 0.00318155 0.0014035 0.0139873 0.00291999 0.00322739 0.0144818 0.00332749 0.00282902 0.0123916 0.00291999 0.00322739 0.0144818 0.00308504 0.00529079 0.0142464 0.00616535 0.00772151 0.00208443 0.00487931 0.00937461 0.00280342 0.00616535 0.00772151 0.00208443 0.00522698 0.0073251 0.0040587 0.00616535 0.00772151 0.00208443 0.00417548 0.00707696 0.00185079 0.00616535 0.00772151 0.00208443 0.00670747 0.00583542 0.00290594 0.00790977 0.0005545 0.00657309 0.00708603 0.00226918 0.00604545 0.00253931 0.00484977 0.0121283 0.00098502 0.0053282 0.0111163 0.00253931 0.00484977 0.0121283 0.00332749 0.00282902 0.0123916 0.00253931 0.00484977 0.0121283 0.00300831 0.00642562 0.010603 0.00253931 0.00484977 0.0121283 0.00308504 0.00529079 0.0142464 0.00708603 0.00226918 0.00604545 0.00541196 0.00333014 0.00665278 0.00708603 0.00226918 0.00604545 0.00547061 0.00220868 0.00452783 0.00708603 0.00226918 0.00604545 0.00899819 0.00313438 0.00595921 0.00723472 0.0109701 0.00343743 0.00676824 0.0091283 0.00445074 0.00723472 0.0109701 0.00343743 0.00542242 0.0116958 0.00257056 0.00859229 0.00485768 0.00319335 0.00670747 0.00583542 0.00290594 0.00109812 0.00349856 0.0116007 0.00098502 0.0053282 0.0111163 0.00572299 0.00380241 0.00301698 0.00547061 0.00220868 0.00452783 0.0151635 0.00648948 0.0120217 0.016355654520482897 0.0053282 0.0111163 0.0151635 0.00648948 0.0120217 0.0137968 0.00708503 0.0105313 0.0151635 0.00648948 0.0120217 0.0168817545204829 0.00661975 0.013202 0.00368541 0.00648051 0.0125803 0.00300831 0.00642562 0.010603 0.00368541 0.00648051 0.0125803 0.00308504 0.00529079 0.0142464 0.0034757 0.0142895 0.000851078 0.00389386 0.013466 0.00280387 0.0131829 0.00249219 0.0143918 0.0132164 0.00464896 0.0142442 0.00318155 0.0014035 0.0139873 0.003511 -0.00019963452048289893 0.0131598 0.00318155 0.0014035 0.0139873 0.00332749 0.00282902 0.0123916 0.00906508 0.00223346 0.00795407 0.00899819 0.00313438 0.00595921 0.000803853 0.00855083 0.0115832 -0.0002872345204828991 0.00832007 0.0133538 0.00248374 0.0151863 0.00540234 0.00255816 0.0165168445204829 0.00710047 0.00248374 0.0151863 0.00540234 0.00047822299999999984 0.0143084 0.00535659 0.00248374 0.0151863 0.00540234 0.00259572 0.0131113 0.00478786 0.0097276 0.00238535 0.00987972 0.00864119 0.00172406 0.011622 0.0097276 0.00238535 0.00987972 0.0114463 0.00207711 0.00861686 0.0115477 0.00659241 0.00495397 0.012717 0.00497249 0.00564253 0.00703731 0.00147038 0.0130426 0.00864119 0.00172406 0.011622 0.003511 0.015171 0.0131598 0.0041845 0.0156414225204829 0.0112352 0.00240649 0.00685607 0.00344709 0.000727052 0.00813109 0.00273617 0.0141476 0.0130014 0.00491582 0.0138166 0.0150889 0.00444539 0.0141476 0.0130014 0.00491582 0.0159670455204829 0.0117735 0.00480197 0.0141476 0.0130014 0.00491582 0.0149669 0.0129066 0.00285924 0.0141476 0.0130014 0.00491582 0.0158488575204829 0.0143084 0.00535659 0.0103426 0.00140231 0.0128859 0.00864119 0.00172406 0.011622 0.0103426 0.00140231 0.0128859 0.0124797 0.00120012 0.0124975 0.00198955 0.0125949 0.00943874 0.00358582 0.0112819 0.0101736 0.0102956 0.00903363 0.0124232 0.009053 0.0079031 0.0109555 0.0102956 0.00903363 0.0124232 0.0110828 0.010023 0.0142771 0.00125962 0.014085 0.00337117 -0.00040373452048289874 0.0129066 0.00285924 0.00125962 0.014085 0.00337117 0.00047822300000000006 0.0143084 0.00535659 0.00125962 0.014085 0.00337117 0.00259572 0.0131113 0.00478786 0.00125962 0.014085 0.00337117 0.00132069 0.016268289520482898 0.00340791 0.00349408 0.00984074 0.0121777 0.00423907 0.0107346 0.0139761 0.00286447 0.009734 0.0011025 0.0018216 0.0105733 0.00310661 0.00864119 0.00172406 0.011622 0.00647566 0.00104766 0.0108102 0.0142043 0.00878106 0.00656703 0.0128722 0.0100815 0.00515816 0.0142043 0.00878106 0.00656703 0.0147465 0.00741987 0.00833856 0.0142043 0.00878106 0.00656703 0.015627391520482897 0.00786836 0.00497188 0.0106021 0.0130877 0.00764289 0.0114087 0.0138141 0.00980987 0.00255816 0.00114621 0.00710047 0.00232622 0.00341988 0.00624313 0.0138166 0.0150889 0.00444539 0.011736 0.016035954520482898 0.00405254 0.0138166 0.0150889 0.00444539 0.0158488575204829 0.0143084 0.00535659 0.0138166 0.0150889 0.00444539 0.0148598 0.0172021845204829 0.00485025 0.000265837 0.00514675 0.0032108 -0.0020855345204828994 0.00466757 0.0026714 0.000596411 0.0117735 0.00480197 -0.00040373452048289896 0.0129066 0.00285924 0.000596411 0.0117735 0.00480197 0.00259572 0.0131113 0.00478786 0.000596411 0.0117735 0.00480197 0.0018216 0.0105733 0.00310661 0.00487931 0.00937461 0.00280342 0.00522698 0.0073251 0.0040587 0.00487931 0.00937461 0.00280342 0.00542242 0.0116958 0.00257056 0.011736 0.00066532 0.00405254 0.0118559 0.00265954 0.0028569 0.011736 0.00066532 0.00405254 0.0108315 0.00063707 0.00626549 0.00389386 0.013466 0.00280387 0.00259572 0.0131113 0.00478786 0.00389386 0.013466 0.00280387 0.00542242 0.0116958 0.00257056 0.0125126 0.0140022 0.0137814 0.0103195 0.0129423 0.0135931 0.00959524 0.0147618 0.00155384 0.00794846 0.0153104 0.00326511 0.00959524 0.0147618 0.00155384 0.00966264 0.016910784520482898 0.00253213 0.00959524 0.0147618 0.00155384 0.00776734 0.0163150735204829 0.00111534 0.0114087 0.0138141 0.00980987 0.0120431 0.0125817 0.0117104 0.0107363 0.00464063 0.0140857 0.0132164 0.00464896 0.0142442 0.0107363 0.00464063 0.0140857 0.0119641 0.0066168 0.0141512 0.00204686 0.00637336 0.00117652 0.00417548 0.00707696 0.00185079 0.0137165 0.00929045 0.00956968 0.0137968 0.00708503 0.0105313 0.0137165 0.00929045 0.00956968 0.0147465 0.00741987 0.00833856 0.00709482 0.0119501 0.0142682 0.0068171 0.0116391 0.0119993 0.00709482 0.0119501 0.0142682 0.0078991 0.0141693 0.0141394 0.00522698 0.0073251 0.0040587 0.00488582 0.00666235 0.00631211 0.00522698 0.0073251 0.0040587 0.00676824 0.0091283 0.00445074 0.00522698 0.0073251 0.0040587 0.00417548 0.00707696 0.0018507899999999997 0.00522698 0.0073251 0.0040587 0.00670747 0.00583542 0.00290594 0.0068171 0.0116391 0.0119993 0.00760919 0.0117553 0.00983223 0.0119203 0.00429212 0.00786969 0.0106172 0.0061586 0.00884653 0.0119203 0.00429212 0.00786969 0.0140576 0.00533103 0.00758861 0.0119203 0.00429212 0.00786969 0.0114463 0.00207711 0.00861686 0.0119203 0.00429212 0.00786969 0.012717 0.00497249 0.00564253 0.0119203 0.00429212 0.00786969 0.0137817 0.00307043 0.00676854 0.00527292 0.00713916 0.00961492 0.00352808 0.00641109 0.00817625 0.0106172 0.0061586 0.00884653 0.0113986 0.00787863 0.0104791 0.0106172 0.0061586 0.00884653 0.008276 0.00645263 0.00919447 0.0106172 0.0061586 0.00884653 0.00988032 0.00569896 0.0111818 0.00787271 0.0090787 0.0125727 0.009053 0.0079031 0.0109555 0.012392 0.0035215 0.0102817 0.0114463 0.00207711 0.00861686 0.012392 0.0035215 0.0102817 0.0134051 0.00505072 0.0118767 0.000478223 0.0143084 0.00535659 0.00185793 0.0139856 0.00720806 0.000478223 0.0143084 0.00535659 0.00259572 0.0131113 0.00478786 0.00300831 0.00642562 0.010603 0.00352808 0.00641109 0.00817625 0.00300831 0.00642562 0.010603 0.00429788 0.00460278 0.00953474 0.00488582 0.00666235 0.00631211 0.00352808 0.00641109 0.00817625 0.00488582 0.00666235 0.00631211 0.00404456 0.00864856 0.00752236 0.0140576 0.00533103 0.00758861 0.012717 0.00497249 0.00564253 0.0140576 0.00533103 0.00758861 0.0147465 0.00741987 0.00833856 0.0140576 0.00533103 0.00758861 0.0137817 0.00307043 0.00676854 0.00352808 0.00641109 0.00817625 0.00404456 0.00864856 0.00752236 0.00352808 0.00641109 0.00817625 0.00429788 0.00460278 0.00953474 0.00541196 0.00333014 0.00665278 0.00547061 0.00220868 0.00452783 0.00150798 0.00130126 0.00109445 0.00132069 0.000897655 0.00340791 0.00150798 0.00130126 0.00109445 -0.00018173452048290007 0.00300748 0.00131104 0.00404456 0.00864856 0.00752236 0.002976 0.010311 0.00605346 0.00647566 0.00104766 0.0108102 0.0041845 0.000270788 0.0112352 0.0137968 0.00708503 0.0105313 0.0134051 0.00505072 0.0118767 0.0137968 0.00708503 0.0105313 0.0147465 0.00741987 0.00833856 0.00730094 0.00931706 0.010022 0.009053 0.0079031 0.0109555 0.00730094 0.00931706 0.010022 0.00760919 0.0117553 0.00983223 0.009053 0.0079031 0.0109555 0.0113986 0.00787863 0.0104791 0.009053 0.0079031 0.0109555 0.008276 0.00645263 0.00919447 0.009053 0.0079031 0.0109555 0.00988032 0.00569896 0.0111818 0.00308504 0.00529079 0.0142464 0.00151112 0.00661975 0.013202 0.00308504 0.00529079 0.0142464 0.0007786429999999999 0.0044607 0.0142257 0.00358764 0.0043882 0.00196482 0.00390924 0.00208158 0.00278571 0.00151112 0.00661975 0.013202 0.000778643 0.0044607 0.0142257 0.00151112 0.00661975 0.013202 -0.00028723452048289846 0.00832007 0.0133538 0.00185793 0.0139856 0.00720806 0.00358932 0.0124559 0.00693932 0.00185793 0.0139856 0.00720806 0.00126161 0.0116434 0.00723613 0.00358932 0.0124559 0.00693932 0.002976 0.010311 0.00605346 0.00358932 0.0124559 0.00693932 0.00259572 0.0131113 0.00478786 0.00358932 0.0124559 0.00693932 0.0012616099999999998 0.0116434 0.00723613 0.0055355 0.000255031 0.0029715 0.00794846 -6.023452048289842e-05 0.00326511 0.0055355 0.000255031 0.0029715 0.00547061 0.00220868 0.00452783 0.0055355 0.000255031 0.0029715 0.00390924 0.00208158 0.00278571 0.0118559 0.00265954 0.0028569 0.00966264 0.00154015 0.00253213 0.0118559 0.00265954 0.0028569 0.0132851 0.00466757 0.0026714 0.0118559 0.00265954 0.0028569 0.0112204 0.00325932 0.00515858 0.002976 0.010311 0.00605346 0.00126161 0.0116434 0.00723613 0.00794846 0.0153104 0.00326511 0.00966264 0.016910784520482898 0.00253213 0.00794846 0.0153104 0.00326511 0.00776734 0.0163150735204829 0.0011153400000000003 0.00794846 0.0153104 0.00326511 0.00687735 0.0143408 0.00513623 0.00966264 0.00154015 0.00253213 0.00776734 0.000944439 0.00111534 0.008276 0.00645263 0.00919447 0.00817881 0.00822097 0.00753351 0.0134051 0.00505072 0.0118767 0.0132164 0.00464896 0.0142442 0.000727052 0.00813109 0.00273617 0.000256757 0.00786836 0.00497188 0.0132164 0.00464896 0.0142442 0.0119641 0.0066168 0.0141512 0.00547061 0.00220868 0.00452783 0.00390924 0.00208158 0.00278571 0.012717 0.00497249 0.00564253 0.0137817 0.00307043 0.00676854 0.012717 0.00497249 0.00564253 0.0112204 0.00325932 0.00515858 0.00760919 0.0117553 0.00983223 0.00757262 0.0105256 0.00773959 0.00757262 0.0105256 0.00773959 0.00817881 0.00822097 0.00753351 0.00899819 0.00313438 0.00595921 0.0112204 0.00325932 0.00515858 0.00140268 0.00676794 0.00759816 -0.0006241345204829 0.00741987 0.00833856 0.0123963 0.00678884 0.00680525 0.0115477 0.00659241 0.00495397 0.00200279 0.00132408 0.0126816 0.0007736119999999999 0.00264311 0.0131646 0.000890145 0.00223572 0.0102524 0.00240283 0.0008434430000000001 0.0102687 0.00872367 0.00391884 0.00886091 0.0097276 0.00238535 0.00987972 0.00614201 0.00943366 0.0120799 0.00608817 0.00820031 0.0133661 0.00904302 0.0137127 0.00310217 0.00893611 0.0127031 0.00164658 0.0134074 0.0094787 0.0127003 0.0143522 0.0101641 0.0143856 0.0079913 0.00761103 0.0143987 0.00787271 0.0090787 0.0125727 0.0127241 0.0126985 0.00758516 0.013759 0.0108389 0.00784852 0.0119203 0.00429212 0.00786969 0.012392 0.0035215 0.0102817 1.52415e-05 0.00574302 0.00951558 -0.0013130345204828999 0.00533103 0.00758861 0.00952206 0.00691311 0.000898627 0.0107403 0.0055451 0.00180551 0.0110029 0.00961298 0.00729321 0.0111879 0.00951807 0.00905958 0.00106997 0.00493477 0.00746085 -0.0013130345204828992 0.00533103 0.00758861 0.00248374 0.0151863 0.00540234 0.00185793 0.0139856 0.00720806 0.0143449 0.00874883 0.0113934 0.0150834 0.00832007 0.0133538 0.00562145 0.0141155 0.0106443 0.0048199 0.0124239 0.0116554 0.00199147 0.00806141 0.0063271 0.00404456 0.00864856 0.00752236 0.00604833 0.00253204 0.00140224 0.00714818 0.00220529 0.00322679 2.10957e-05 0.0124219 0.0128926 -0.001539934520482899 0.0113549 0.0128799 0.00441845 0.0127797 0.0136226 0.00337851 0.0136074 0.012037 0.0112451 0.00258122 0.0141094 0.0100439 0.00330211 0.0124968 0.00930259 0.0112453 0.0144407 0.00709482 0.0119501 0.0142682 0.00737449 0.00408512 0.00181528 0.00572299 0.00380241 0.00301698 0.0125201 0.000435398 0.0101814 0.0124797 0.00120012 0.0124975 0.00518597 0.00873135 0.000823127 0.00591345 0.0104097 0.000918365 0.0137511 0.0112117 0.00349255 0.0120602 0.0118554 0.00443186 0.0125126 0.0140022 0.0137814 0.0120431 0.0125817 0.0117104 0.0128927 0.0122358 0.00968693 0.0118976 0.0110956 0.00824709 0.00271385 0.0120951 0.000983228 0.00286447 0.009734 0.0011025 0.0047149 0.001044 0.000983718 0.00604833 0.00253204 0.00140224 0.0028642 0.00860811 0.00289342 0.00417548 0.00707696 0.00185079 0.00450206 0.00480361 0.0119904 0.00596783 0.00536559 0.010693 0.00402451 0.00421498 0.0051619 0.00383011 0.00460069 0.00716519 0.00892562 0.0125508 0.00432971 0.00921945 0.0119421 0.00641884 0.0132691 0.0093747 0.00311564 0.0151819 0.00983466 0.00397306 0.0142049 0.0134024 0.000882122 0.016312321520482898 0.0129901 0.00100755 0.00240649 0.00685607 0.00344709 0.00204686 0.00637336 0.00117652 0.00772678 0.00808528 0.000953171 0.00940419 0.00919532 0.00201588 0.00604833 0.00253204 0.00140224 0.00776734 0.000944439 0.00111534 0.000394765 0.00965594 0.0100309 8.435480000000003e-05 0.00995715 0.00799865 0.00812884 0.00672759 0.00191333 0.00892088 0.00514356 0.00129141 0.0141238 0.00807977 0.00377993 0.0124689 0.00812599 0.00436228 0.00650561 0.0124136 0.000884147 0.00591345 0.0104097 0.000918365 0.00935738 0.00719085 0.0025238 0.00940419 0.00919532 0.00201588 0.00154186 0.012482 0.00257877 -0.00040373452048290005 0.0129066 0.00285924 0.000969465 0.00402503 0.00960789 0.00109812 0.00349856 0.0116007 0.00433361 0.00239023 0.0146814 0.00519157 0.00363314 0.0146867 0.00983731 0.00711561 0.0129465 0.009053 0.0079031 0.0109555 0.00892562 0.0125508 0.00432971 0.00962222 0.0113023 0.00289497 0.00518597 0.00873135 0.000823127 0.00487931 0.00937461 0.00280342 0.0109612 0.0108004 0.01098 0.0120467 0.0108003 0.0126983 0.0012251 0.0115874 0.0109257 0.00177003 0.0106641 0.00911158 0.0148598 0.00183155 0.00485025 0.0137817 0.00307043 0.00676854 0.0121463 0.00672581 0.0027741 0.0132851 0.00466757 0.0026714 0.0013163 0.00973301 0.0144238 -0.00028723452048289824 0.00832007 0.0133538 0.00944696 0.00479737 0.00514464 0.00855338 0.00550281 0.00613339 0.0110664 0.00219539 0.0112643 0.010716 0.00023297200000000013 0.0115652 0.00623783 0.0100748 0.0135859 0.0068171 0.0116391 0.0119993 0.0106765 0.0141214 0.00590043 0.0123128 0.0136301 0.00500719 0.0105733 0.0125735 0.00526755 0.0106021 0.0130877 0.00764289 0.010716 0.000232972 0.0115652 0.00982367 -0.0003579345204828985 0.0133574 0.00250635 0.00565612 0.0063415 0.00140268 0.00676794 0.00759816 0.00106997 0.00493477 0.00746085 0.00232622 0.00341988 0.00624313 0.0121463 0.00672581 0.0027741 0.0107403 0.0055451 0.00180551 0.00487931 0.00937461 0.00280342 0.00417548 0.00707696 0.00185079 0.0132691 0.00322139 0.00440678 0.0137817 0.00307043 0.00676854 0.0135203 0.00288739 0.00207765 0.0141921 0.0016198 0.00281419 0.00572299 0.00380241 0.00301698 0.00670747 0.00583542 0.00290594 0.0131829 0.00249219 0.0143918 0.0124797 0.00120012 0.0124975 0.0106344 0.00516889 0.00633136 0.0115477 0.00659241 0.00495397 0.000439146 0.0110944 0.0134521 0.0013163 0.00973301 0.0144238 0.0149452 0.00631236 0.0144022 0.0132164 0.00464896 0.0142442 0.000887498 0.00319027 0.00397745 0.000595232 0.00442376 0.00558026 0.0149452 0.00631236 0.0144022 0.0168817545204829 0.00661975 0.013202 0.00253931 0.00484977 0.0121283 0.00109812 0.00349856 0.0116007 0.0106344 0.00516889 0.00633136 0.0112204 0.00325932 0.00515858 0.00240649 0.00685607 0.00344709 0.00417548 0.00707696 0.00185079 0.00591345 0.0104097 0.000918365 0.00487931 0.00937461 0.00280342 0.0119734 0.000960034 0.00193928 0.011736 0.00066532 0.00405254 0.0100237 0.00090997 0.00807165 0.0106653 0.000433149 0.0097738 0.0127233 0.00079723 0.00738357 0.0127724 0.00169191 0.00554587 0.00846184 0.00490389 0.0126128 0.00781705 0.00683899 0.0126454 0.0121463 0.00672581 0.0027741 0.0124689 0.00812599 0.00436228 0.0132174 0.0116445 0.00633496 0.0147426 0.012606 0.00667052 0.0138307 0.0113549 0.0128799 0.015169 0.0101144 0.011814 0.0125201 0.000435398 0.0101814 0.0114087 -0.0015565345204828999 0.00980987 0.00247022 0.003927 0.0083815 0.0026326 0.00369939 0.0105278 0.00790977 0.0005545 0.00657309 0.00687735 -0.001029834520482898 0.00513623 0.0100439 0.00330211 0.0124968 0.00864119 0.00172406 0.011622 0.00888094 0.000740739 0.0093095 0.00906508 0.00223346 0.00795407 0.00204686 0.00637336 0.00117652 0.000727052 0.00813109 0.00273617 0.0007164 0.000291917 0.00791993 0.00139906 0.0022093 0.00850697 0.00837038 0.00561283 0.0045936 0.00855338 0.00550281 0.00613339 0.00204686 0.00637336 0.00117652 0.00358764 0.0043882 0.00196482 0.010236 0.00840283 0.00599713 0.00817881 0.00822097 0.00753351 0.00983731 0.00711561 0.0129465 0.00988032 0.00569896 0.0111818 0.0144285 0.00342394 0.0130015 0.0161492775204829 0.0044607 0.0142257 0.014513 0.00303612 0.00319182 0.0141921 0.0016198 0.00281419 0.0151635 0.00648948 0.0120217 0.0134051 0.00505072 0.0118767 0.00781705 0.00683899 0.0126454 0.009053 0.0079031 0.0109555 0.0014993 0.0125015 0.0126506 0.00239349 0.0136902 0.0136603 0.000544785 0.0137134 0.00885746 0.00088105 0.0150072 0.0105034 0.00801103 0.00791742 0.00315793 0.00616535 0.00772151 0.00208443 0.0141238 0.00807977 0.00377993 0.0138481 0.00660686 0.00474022 0.00999947 0.0108406 0.00787277 0.00951329 0.0100961 0.00974049 0.00177003 0.0106641 0.00911158 8.435480000000008e-05 0.00995715 0.00799865 0.0065924 0.00527887 0.0125227 0.00729414 0.00333063 0.0124551 0.0120355 0.013347 0.00068661 0.0127752 0.0139847 0.00230137 0.00527292 0.00713916 0.00961492 0.00300831 0.00642562 0.010603 0.00211998 0.0109038 0.0130038 0.00423907 0.0107346 0.0139761 0.00524774 0.0125483 0.00962598 0.0048199 0.0124239 0.0116554 0.010898 0.0143746 0.00316433 0.0127752 0.0139847 0.00230137 0.00446207 0.000609924 0.00765116 0.00492007 0.000441801 0.00580023 0.0128927 0.0122358 0.00968693 0.0127241 0.0126985 0.00758516 0.00688462 0.00627852 0.00651933 0.00577495 0.00516388 0.00766243 0.00999947 0.0108406 0.00787277 0.0111879 0.00951807 0.00905958 0.0127724 0.00169191 0.00554587 0.0108315 0.00063707 0.00626549 0.0137968 0.00708503 0.0105313 0.0113986 0.00787863 0.0104791 0.00872676 0.0148175 0.0113207 0.00864119 0.0170946945204829 0.011622 0.00915807 0.00328766 0.000934924 0.00966264 0.00154015 0.00253213 0.00512241 0.0142025 0.0125249 0.0048199 0.0124239 0.0116554 0.00512251 0.00157736 0.0126485 0.00647566 0.00104766 0.0108102 0.00365581 0.0111931 0.00410831 0.00542242 0.0116958 0.00257056 0.00451682 0.000645025 0.0146578 0.00599052 -8.123452048289974e-05 0.0138492 0.00358557 0.00806951 0.00525681 0.00404456 0.00864856 0.00752236 0.00098502 0.0053282 0.0111163 0.00300831 0.00642562 0.010603 0.0124835 0.0087772 0.00175103 0.0111815 0.00982975 0.000890611 0.00695671 0.00474392 0.00905735 0.00596783 0.00536559 0.010693 0.00672295 0.000346097 0.0087875 0.00757315 -0.0012311345204828999 0.00982918 0.000257004 0.0148446 0.000978732 -0.0017413345204828987 0.0151931 0.000883264 0.0014993 0.0125015 0.0126506 0.000769681 0.0133036 0.0139116 0.00574114 0.00670103 0.000719644 0.00616535 0.00772151 0.00208443 0.00901365 0.00584643 0.0138838 0.00983731 0.00711561 0.0129465 0.0147206 0.0139046 0.0127193 0.015391730220482899 0.0124219 0.0128926 0.0103195 0.0129423 0.0135931 0.0120431 0.0125817 0.0117104 0.0108709 0.0145836 0.0146587 0.0103195 0.0129423 0.0135931 0.0127506 0.0149793 0.00864884 0.0125201 0.015806032520482897 0.0101814 0.0123963 0.00678884 0.00680525 0.0140576 0.00533103 0.00758861 2.10957e-05 0.0124219 0.0128926 -0.0006462345204828983 0.0118431 0.011367 0.00464623 0.00358161 0.000637897 0.00604833 0.00253204 0.00140224 0.000154844 0.00109198 0.0119181 -0.0008545345204828981 0.00101532 0.00961945 0.00857401 0.0138082 0.00644255 0.00756921 0.0122723 0.00560177 0.00714818 0.00220529 0.00322679 0.00794846 -6.023452048289956e-05 0.00326511 0.000394765 0.00965594 0.0100309 0.000519877 0.00761316 0.010058 0.00365903 0.00848651 0.0109622 0.00349408 0.00984074 0.0121777 0.0106884 0.0107356 0.00604621 0.010236 0.00840283 0.00599713 0.00247022 0.003927 0.0083815 0.00139906 0.0022093 0.00850697 0.00604833 0.00253204 0.00140224 0.00572299 0.00380241 0.00301698 0.00751657 0.0133117 0.00783416 0.00857401 0.0138082 0.00644255 0.00456288 0.00532131 0.0036275 0.00670747 0.00583542 0.00290594 0.00133145 0.00697416 0.0113659 0.00251217 0.00823778 0.0121972 0.00717064 0.00382324 0.00437199 0.00547061 0.00220868 0.00452783 0.000257004 0.0148446 0.000978732 -0.0011657345204828997 0.0134024 0.000882122 0.000518752 0.00218991 0.00672875 -0.0015889345204829009 0.00307043 0.00676854 0.000885436 0.00966532 0.00602013 8.435479999999997e-05 0.00995715 0.00799865 0.00450206 0.00480361 0.0119904 0.00521796 0.00515041 0.0138533 0.00864237 0.0106469 0.0113334 0.00730094 0.00931706 0.010022 0.00885009 0.00379943 0.0110525 0.0097276 0.00238535 0.00987972 0.0151499 0.0117645 0.0146206 0.0145371 0.0134171 0.0143886 1.52415e-05 0.00574302 0.00951558 0.000519877 0.00761316 0.010058 0.0148072 0.0143992 0.00983163 0.0145161 0.0163859545204829 0.00961945 8.10685e-05 0.00346276 0.00800281 -0.001313034520482899 0.00533103 0.00758861 0.0138968 0.00243653 0.0114075 0.0145161 0.00101532 0.00961945 0.000439146 0.0110944 0.0134521 0.00100069 0.00971544 0.0128179 1.52415e-05 0.00574302 0.00951558 -0.0005527345204828997 0.00401886 0.0106743 0.0124435 0.0146398 0.0116824 0.0114087 0.0138141 0.00980987 0.00355315 0.0144407 0.00649175 0.00358932 0.0124559 0.00693932 0.008276 0.00645263 0.00919447 0.00988032 0.00569896 0.0111818 0.00360533 0.00803064 0.00957249 0.00352808 0.00641109 0.00817625 0.0147206 0.0139046 0.0127193 0.0142658 0.0148428 0.0112978 0.00809682 0.0118118 0.00060256 0.00968778 0.0110666 0.000939472 0.0109612 0.0108004 0.01098 0.00951329 0.0100961 0.00974049 0.00365581 0.0111931 0.00410831 0.00259572 0.0131113 0.00478786 0.00589282 0.0104346 0.00926257 0.00606834 0.00901907 0.00820549 0.00906508 0.00223346 0.00795407 0.0097276 0.00238535 0.00987972 0.0104494 0.0041918 0.00970165 0.0119203 0.00429212 0.00786969 0.0120908 0.00355286 0.0127108 0.0124797 0.0012001200000000003 0.0124975 0.0111058 0.015098 0.00812776 0.0114463 0.0174477445204829 0.00861686 0.000969465 0.00402503 0.00960789 0.00139906 0.0022093 0.00850697 0.00946706 0.00689528 0.0146936 0.00983731 0.00711561 0.0129465 0.00319117 0.000773919 0.00404224 0.00248374 -0.00018433452048289905 0.00540234 0.00625872 0.00230596 0.00867378 0.00541196 0.00333014 0.00665278 0.00365903 0.00848651 0.0109622 0.00300831 0.00642562 0.010603 0.000595232 0.00442376 0.00558026 0.00106997 0.00493477 0.00746085 0.00206314 0.0089518 0.00458818 0.000727052 0.00813109 0.00273617 0.0139297 0.00441449 0.000810209 0.015726500520482897 0.00506505 0.00096501 0.000885436 0.00966532 0.00602013 -0.0011663345204828996 0.00878106 0.00656703 0.0106884 0.0107356 0.00604621 0.0128722 0.0100815 0.00515816 0.000769681 0.0133036 0.0139116 0.000977121 0.0145399 0.0126192 0.0108772 0.0129161 0.00181871 0.00959524 0.0147618 0.00155384 0.00983731 0.00711561 0.0129465 0.0102956 0.00903363 0.0124232 0.0149452 0.00631236 0.0144022 0.0150834 0.00832007 0.0133538 0.00717064 0.00382324 0.00437199 0.00859229 0.00485768 0.00319335 0.00446207 0.000609924 0.00765116 0.00255816 0.00114621 0.00710047 0.0138307 0.0113549 0.0128799 0.0129113 0.0106478 0.0110132 0.00547909 0.00680481 0.011901 0.00527292 0.00713916 0.00961492 0.0007164 0.000291917 0.00791993 -0.0008545345204828994 0.00101532 0.00961945 0.0143213 0.013037 0.0102118 0.0145569 0.01125 0.00958401 0.00154186 0.012482 0.00257877 0.000941687 0.0129901 0.00100755 0.0151327 0.00115563 0.0017419 0.0156276385204829 -0.0005260345204828993 0.000978732 0.0117349 0.0129254 0.00322802 0.0127752 0.0139847 0.00230137 0.00577495 0.00516388 0.00766243 0.00383011 0.00460069 0.00716519 0.0120181 0.00811492 0.0125764 0.0128459 0.00868162 0.0144002 0.00985779 0.00815529 0.00388315 0.00873277 0.00988291 0.00393572 0.0143449 0.00874883 0.0113934 0.0134074 0.0094787 0.0127003 0.0120602 0.0118554 0.00443186 0.0106617 0.0102324 0.00420182 0.00670849 0.000866951 0.0051779 0.00492007 0.000441801 0.00580023 0.0147426 0.012606 0.00667052 0.0158488575204829 0.0143084 0.00535659 0.00490533 0.00069221 0.00926079 0.00625872 0.00230596 0.00867378 0.00440735 0.00171469 0.00676586 0.00603778 0.00111112 0.00717034 0.0147426 0.012606 0.00667052 0.0159670455204829 0.0117735 0.00480197 0.00161236 0.00169672 0.00526334 0.00248374 -0.0001843345204828998 0.00540234 0.0106765 0.0141214 0.00590043 0.0106021 0.0130877 0.00764289 0.010716 0.000232972 0.0115652 0.00872676 -0.000553134520482898 0.0113207 0.0127233 0.00079723 0.00738357 0.0111058 -0.0002726345204828983 0.00812776 0.00327322 0.000392376 0.00893675 0.00255816 0.00114621 0.00710047 0.00651834 0.00687967 0.00795518 0.00488582 0.00666235 0.00631211 0.014513 0.00303612 0.00319182 0.0132851 0.00466757 0.0026714 0.0014993 0.0125015 0.0126506 0.00184032 0.0120793 0.0144747 0.0145569 0.01125 0.00958401 0.0157653995204829 0.00965594 0.0100309 0.00983731 0.00711561 0.0129465 0.00781705 0.00683899 0.0126454 0.0106653 0.000433149 0.0097738 0.0097276 0.00238535 0.00987972 0.014849 0.00153167 0.014381 0.0161442465204829 0.00264311 0.0131646 0.00331565 0.0101723 0.00853776 0.00194235 0.00933517 0.00774063 0.0013163 0.00973301 0.0144238 0.00258171 0.00802324 0.0144181 0.00140595 0.0016411 0.0145374 0.00291999 0.00322739 0.0144818 0.00413295 0.0147811 0.00445143 0.00259572 0.0131113 0.00478786 0.0127752 0.0139847 0.00230137 0.0136293 0.0151931 0.0008832639999999999 0.0013163 0.00973301 0.0144238 0.00211998 0.0109038 0.0130038 0.00088105 0.0150072 0.0105034 0.000977121 0.0145399 0.0126192 0.00702218 0.00933933 0.00230049 0.00940419 0.00919532 0.00201588 0.00537116 0.00290926 0.0111914 0.00332749 0.00282902 0.0123916 0.00253931 0.00484977 0.0121283 0.00368541 0.00648051 0.0125803 0.00294313 0.00540802 0.00424802 0.00402451 0.00421498 0.0051619 0.0109111 0.00425955 0.000707616 0.0109118 0.00251323 0.000948249 0.00785891 0.00232456 0.00962299 0.00906508 0.00223346 0.00795407 0.0100439 0.00330211 0.0124968 0.00854676 0.00257448 0.0136897 0.0131996 0.00924544 0.000649426 0.0141363 0.00826352 0.00175616 0.00456288 0.00532131 0.0036275 0.00572299 0.00380241 0.00301698 0.0151819 0.00983466 0.00397306 0.0160976865204829 0.00813109 0.00273617 0.00901365 0.00584643 0.0138838 0.0107363 0.00464063 0.0140857 0.00286447 0.009734 0.0011025 0.00487931 0.00937461 0.00280342 0.014513 0.00303612 0.00319182 0.0162581325204829 0.00319027 0.00397745 0.00509822 0.0110078 0.00640293 0.002976 0.010311 0.00605346 0.00213613 0.00532787 0.00279534 0.00294313 0.00540802 0.00424802 0.00747248 0.00193563 0.00762142 0.00790977 0.0005545000000000001 0.00657309 0.0144285 0.00342394 0.0130015 0.0131829 0.00249219 0.0143918 0.0109111 0.00425955 0.000707616 0.0123629 0.00535672 0.000884611 0.00337851 0.0136074 0.012037 0.0041845 0.0156414225204829 0.0112352 0.0102956 0.00903363 0.0124232 0.00787271 0.0090787 0.0125727 0.00973482 0.00826854 0.00897179 0.008276 0.00645263 0.00919447 0.00440958 0.0143626 0.0145282 0.00512241 0.0142025 0.0125249 0.00200279 0.00132408 0.0126816 0.00332749 0.00282902 0.0123916 0.0148179 0.00401886 0.0106743 0.016355654520482897 0.0053282 0.0111163 2.10957e-05 0.0124219 0.0128926 0.000769681 0.0133036 0.0139116 0.0109111 0.00425955 0.000707616 0.012526 0.00349482 0.000923494 0.0128459 0.00868162 0.0144002 0.0119641 0.0066168 0.0141512 8.43548e-05 0.00995715 0.00799865 -0.0016541345204828999 0.00929045 0.00956968 0.00368541 0.00648051 0.0125803 0.00151112 0.00661975 0.013202 0.00501008 0.00690803 0.0134989 0.00521796 0.00515041 0.0138533 0.00552444 0.0108269 0.00453722 0.00723472 0.0109701 0.00343743 0.00251217 0.00823778 0.0121972 0.00368541 0.00648051 0.0125803 0.0103888 0.0118671 0.00947094 0.00874637 0.0122671 0.00818002 0.0120908 0.00355286 0.0127108 0.0100439 0.00330211 0.0124968 0.00562145 0.0141155 0.0106443 0.00357887 0.0134538 0.0101713 0.00982367 0.0150127 0.0133574 0.00999666 0.016707954520482897 0.0146069 0.0138481 0.00660686 0.00474022 0.0124689 0.00812599 0.00436228 0.00383011 0.00460069 0.00716519 0.00386171 0.00270794 0.00802837 0.0047149 0.001044 0.000983718 0.0032663 0.00252057 0.000871886 0.00518597 0.00873135 0.000823127 0.00616535 0.00772151 0.00208443 0.00154186 0.012482 0.00257877 0.00125962 0.014085 0.00337117 0.0127506 0.0149793 0.00864884 0.0114087 0.0138141 0.00980987 0.00501008 0.00690803 0.0134989 0.00452008 0.00844254 0.0144932 0.0090967 0.0152193 0.0051464 0.00996983 0.0169952045204829 0.00463433 0.00831433 0.000220829 0.0128202 0.00703731 0.00147038 0.0130426 0.00577495 0.00516388 0.00766243 0.00760515 0.0042274 0.00728987 0.00841092 0.00959626 0.0058444 0.00757262 0.0105256 0.00773959 0.00562145 0.0141155 0.0106443 0.00695371 0.0147786 0.0122093 0.00608817 0.00820031 0.0133661 0.00547909 0.00680481 0.011901 0.00886412 0.00308307 0.00375224 0.00996983 0.00162457 0.00463433 0.00688329 0.00340692 0.0143901 0.00538342 0.0034238 0.0130372 0.00202257 0.0139033 0.0111178 0.00357887 0.0134538 0.0101713 0.00132069 0.000897655 0.00340791 -0.0005108345204828991 0.00183155 0.00485025 0.0141921 0.0016198 0.00281419 0.0148598 0.00183155 0.00485025 0.0141259 0.00608338 0.000968971 0.0132851 0.00466757 0.0026714 0.000544785 0.0137134 0.00885746 0.0007164 0.015662551520482897 0.00791993 0.0106617 0.0102324 0.00420182 0.0128722 0.0100815 0.00515816 0.0119348 0.00572724 0.0104921 0.012392 0.0035215 0.0102817 0.00487931 0.00937461 0.00280342 0.00676824 0.0091283 0.00445074 0.0142049 0.0134024 0.000882122 0.0127752 0.0139847 0.00230137 0.00772678 0.00808528 0.000953171 0.00952206 0.00691311 0.000898627 0.0139239 0.0132632 0.0116239 0.0120431 0.0125817 0.0117104 0.0119348 0.00572724 0.0104921 0.0137968 0.00708503 0.0105313 0.0047149 0.001044 0.000983718 0.0055355 0.00025503099999999996 0.0029715 0.0117349 0.0129254 0.00322802 0.0118046 0.0110655 0.00245696 0.0132174 0.0116445 0.00633496 0.013759 0.0108389 0.00784852 0.0143522 0.0101641 0.0143856 0.0128459 0.00868162 0.0144002 0.014513 0.00303612 0.00319182 0.0148598 0.00183155 0.00485025 0.0143449 0.00874883 0.0113934 0.0137165 0.00929045 0.00956968 0.0120181 0.00811492 0.0125764 0.0136472 0.006821 0.0130219 0.00379715 0.00221146 0.0103515 0.00490533 0.00069221 0.00926079 0.0152694 0.0114629 0.000730223 0.016312321520482898 0.0129901 0.00100755 0.00210729 0.00779943 0.00900949 0.00300831 0.00642562 0.010603 0.00194235 0.00933517 0.00774063 0.0008854360000000001 0.00966532 0.00602013 0.000449221 0.0133317 0.0111781 -0.0011048345204828984 0.0148428 0.0112978 0.00603778 0.00111112 0.00717034 0.00541196 0.0033301400000000005 0.00665278 0.00365903 0.00848651 0.0109622 0.00453691 0.00942341 0.00954167 0.00202257 0.0139033 0.0111178 0.000977121 0.0145399 0.0126192 0.0134074 0.0094787 0.0127003 0.015169 0.0101144 0.011814 0.00450206 0.00480361 0.0119904 0.00332749 0.00282902 0.0123916 0.000941687 0.0129901 0.00100755 -0.0004037345204828993 0.0129066 0.00285924 0.013759 0.0108389 0.00784852 0.0137165 0.00929045 0.00956968 0.00985779 0.00815529 0.00388315 0.00964616 0.00644989 0.00520181 0.00562145 0.0141155 0.0106443 0.00757315 0.0141395 0.00982918 0.00730094 0.00931706 0.010022 0.00757262 0.0105256 0.00773959 0.000595232 0.00442376 0.00558026 0.00015027599999999997 0.00624099 0.00629367 0.00815764 0.00155739 0.00468163 0.0090967 -0.00015133452048289977 0.0051464 0.00973482 0.00826854 0.00897179 0.0113986 0.00787863 0.0104791 0.00854676 0.00257448 0.0136897 0.00999666 0.00133732 0.0146069 0.00757315 0.0141395 0.00982918 0.00872676 0.0148175 0.0113207 0.0151635 0.00648948 0.0120217 0.0150834 0.00832007 0.0133538 0.0102279 0.0128672 0.00336011 0.0117349 0.0129254 0.00322802 0.00606834 0.00901907 0.00820549 0.00817881 0.00822097 0.00753351 0.00672295 0.000346097 0.0087875 0.00625872 0.00230596 0.00867378 1.52415e-05 0.00574302 0.00951558 -0.0015738345204829001 0.00708503 0.0105313 0.0126317 0.00700878 0.00871286 0.0113986 0.00787863 0.0104791 0.000518752 0.00218991 0.00672875 0.00255816 0.00114621 0.00710047 0.00520413 0.0128654 0.00795112 0.00470948 0.0111967 0.008307 0.0151819 0.00983466 0.00397306 0.0171922345204829 0.0105733 0.00310661 0.00255816 0.00114621 0.00710047 0.00185793 -0.0013850345204828984 0.00720806 0.00562145 0.0141155 0.0106443 0.00462761 0.014216 0.00872348 0.00154186 0.012482 0.00257877 0.00121268 0.0113235 0.00138436 0.0131778 0.00166347 0.000956286 0.0151889 0.00300748 0.00131104 0.00606834 0.00901907 0.00820549 0.00453691 0.00942341 0.00954167 0.014561 0.00517853 0.00553652 0.0140576 0.00533103 0.00758861 0.00999621 0.0109642 0.0126444 0.0120467 0.0108003 0.0126983 0.00999947 0.0108406 0.00787277 0.0106021 0.0130877 0.00764289 0.01105 0.00419438 0.0114617 0.0104494 0.0041918 0.00970165 0.00552444 0.0108269 0.00453722 0.00487931 0.00937461 0.00280342 0.0143213 0.013037 0.0102118 0.0158198555204829 0.0133317 0.0111781 0.00501401 0.00925255 0.00568857 0.00552444 0.0108269 0.00453722 0.0139239 0.0132632 0.0116239 0.0158198555204829 0.0133317 0.0111781 0.0137511 0.0112117 0.00349255 0.0151819 0.00983466 0.00397306 0.0146976 0.0107951 0.00618344 0.0154549893204829 0.00995715 0.00799865 0.00501401 0.00925255 0.00568857 0.0066216 0.0078737 0.00612172 0.0142658 0.0148428 0.0112978 0.0145161 0.0163859545204829 0.00961945 0.00577495 0.00516388 0.00766243 0.00429788 0.00460278 0.00953474 0.000885436 0.00966532 0.00602013 0.00126161 0.0116434 0.00723613 0.0128927 0.0122358 0.00968693 0.0129113 0.0106478 0.0110132 0.00501401 0.00925255 0.00568857 0.002976 0.010311 0.00605346 0.00200279 0.00132408 0.0126816 0.0001548439999999999 0.00109198 0.0119181 0.0143449 0.00874883 0.0113934 0.0161744875204829 0.00855083 0.0115832 0.00885009 0.00379943 0.0110525 0.0104494 0.0041918 0.00970165 0.00365903 0.00848651 0.0109622 0.00435341 0.00823317 0.0126542 0.00185793 0.0139856 0.00720806 0.00259572 0.0131113 0.00478786 0.015169 0.0101144 0.011814 0.0150834 0.00832007 0.0133538 0.00534896 0.0085551 0.0110848 0.00730094 0.00931706 0.010022 0.0123128 0.0136301 0.00500719 0.0105733 0.0125735 0.00526755 0.00455226 0.00648969 0.0147271 0.00638442 0.00655959 0.014431 0.00269748 0.00373721 0.00383797 0.00390924 0.00208158 0.00278571 0.0132691 0.0093747 0.00311564 0.0118046 0.0110655 0.00245696 0.00383011 0.00460069 0.00716519 0.00429788 0.00460278 0.00953474 0.0131483 0.0128473 0.00355844 0.0123128 0.0136301 0.00500719 0.0132691 0.00322139 0.00440678 0.0132851 0.00466757 0.0026714 0.00815764 0.00155739 0.00468163 0.00790977 0.0005544999999999999 0.00657309 0.0118976 0.0110956 0.00824709 0.0103888 0.0118671 0.00947094 0.00452008 0.00844254 0.0144932 0.00423907 0.0107346 0.0139761 0.00360533 0.00803064 0.00957249 0.00404456 0.00864856 0.00752236 0.0143573 0.0127819 0.00851817 0.013759 0.0108389 0.00784852 0.00453691 0.00942341 0.00954167 0.00527292 0.00713916 0.00961492 0.0117285 0.0120384 0.00640567 0.0132174 0.0116445 0.00633496 0.00973482 0.00826854 0.00897179 0.0106172 0.0061586 0.00884653 0.000596411 0.0117735 0.00480197 0.00126161 0.0116434 0.00723613 0.0144691 0.0152824 0.00250948 0.0127752 0.0139847 0.00230137 0.00714818 0.00220529 0.00322679 0.00572299 0.00380241 0.00301698 0.0141921 0.0016198 0.00281419 0.0144691 -8.823452048289872e-05 0.00250948 0.00900278 0.0131608 0.00991587 0.0103888 0.0118671 0.00947094 0.0152694 0.0114629 0.000730223 0.0136468 0.0117768 0.00161815 0.00088105 0.0150072 0.0105034 -0.0011048345204828984 0.0148428 0.0112978 0.00603778 0.00111112 0.00717034 0.00790977 0.0005545 0.00657309 0.00688462 0.00627852 0.00651933 0.00488582 0.00666235 0.00631211 0.00464623 0.00358161 0.000637897 0.0032663 0.00252057 0.000871886 0.00999621 0.0109642 0.0126444 0.00878013 0.0126694 0.0120224 0.000887498 0.00319027 0.00397745 0.00132069 0.0008976550000000002 0.00340791 0.00251217 0.00823778 0.0121972 0.002086 0.00987322 0.0108939 0.00729414 0.00333063 0.0124551 0.00864119 0.00172406 0.011622 0.00757315 0.0141395 0.00982918 0.00760919 0.0117553 0.00983223 0.00803572 0.00260863 0.00192811 0.00966264 0.00154015 0.00253213 0.0120908 0.00355286 0.0127108 0.012392 0.0035215 0.0102817 0.00962222 0.0113023 0.00289497 0.00940419 0.00919532 0.00201588 0.0139297 0.00441449 0.000810209 0.0123629 0.00535672 0.000884611 0.000887498 0.00319027 0.00397745 0.00161236 0.00169672 0.00526334 0.00707059 0.0141062 0.00170009 0.00776734 0.0163150735204829 0.00111534 0.00538559 0.0145562 0.00093035 0.0055355 0.015625665520482897 0.0029715 0.00518597 0.00873135 0.000823127 0.00417548 0.00707696 0.0018507899999999997 0.00881584 0.0110499 0.00511223 0.00756921 0.0122723 0.00560177 0.00703731 0.00147038 0.0130426 0.00647566 0.00104766 0.0108102 0.00470948 0.0111967 0.008307 0.00453691 0.00942341 0.00954167 0.014561 0.00517853 0.00553652 0.0138481 0.00660686 0.00474022 0.00885009 0.00379943 0.0110525 0.00729414 0.00333063 0.0124551 0.00604833 0.00253204 0.00140224 0.00737449 0.00408512 0.00181528 0.0151499 0.0117645 0.0146206 0.0143522 0.0101641 0.0143856 0.000596411 0.0117735 0.00480197 0.000478223 0.0143084 0.00535659 0.00200279 0.00132408 0.0126816 0.00318155 0.0014035 0.0139873 0.00651834 0.00687967 0.00795518 0.0066216 0.0078737 0.00612172 0.00253931 0.00484977 0.0121283 0.00151112 0.00661975 0.013202 0.0146976 0.0107951 0.00618344 0.016632244520482897 0.0116434 0.00723613 0.0134074 0.0094787 0.0127003 0.0129113 0.0106478 0.0110132 0.00885009 0.00379943 0.0110525 0.00872367 0.00391884 0.00886091 0.00787271 0.0090787 0.0125727 0.00730094 0.00931706 0.010022 0.00591345 0.0104097 0.000918365 0.00702218 0.00933933 0.00230049 0.00951329 0.0100961 0.00974049 0.00730094 0.00931706 0.010022 0.00247022 0.003927 0.0083815 0.00429788 0.00460278 0.00953474 0.00576113 0.00496984 0.00514114 0.00541196 0.00333014 0.00665278 0.0060172 0.0129855 0.0130881 0.0048199 0.0124239 0.0116554 0.00737449 0.00408512 0.00181528 0.00915807 0.00328766 0.000934924 0.00732712 0.00481976 0.00574086 0.00700269 0.00639403 0.00492724 0.0048199 0.0124239 0.0116554 0.00357887 0.0134538 0.0101713 0.0090967 0.0152193 0.0051464 0.00687735 0.0143408 0.00513623 0.00670849 0.000866951 0.0051779 0.00790977 0.0005545 0.00657309 0.00441845 0.0127797 0.0136226 0.0048199 0.0124239 0.0116554 0.00344209 0.0149641 0.00780268 0.0022856 0.0145082 0.00925216 0.00088105 0.0150072 0.0105034 -0.0008545345204828982 0.0163859545204829 0.00961945 0.00599052 0.0152894 0.0138492 0.00703731 0.0168410145204829 0.0130426 0.00864237 0.0106469 0.0113334 0.00878013 0.0126694 0.0120224</DataArray>
</Points><Lines>
<DataArray type="Int64" Name="connectivity" format="ascii">0 1 2 3 4 5 6 7 8 9 10 11 12 13 14 15 16 17 18 19 20 21 22 23 24 25 26 27 28 29 30 31 32 33 34 35 36 37 38 39 40 41 42 43 44 45 46 47 48 49 50 51 52 53 54 55 56 57 58 59 60 61 62 63 64 65 66 67 68 69 70 71 72 73 74 75 76 77 78 79 80 81 82 83 84 85 86 87 88 89 90 91 92 93 94 95 96 97 98 99 100 101 102 103 104 105 106 107 108 109 110 111 112 113 114 115 116 117 118 119 120 121 122 123 124 125 126 127 128 129 130 131 132 133 134 135 136 137 138 139 140 141 142 143 144 145 146 147 148 149 150 151 152 153 154 155 156 157 158 159 160 161 162 163 164 165 166 167 168 169 170 171 172 173 174 175 176 177 178 179 180 181 182 183 184 185 186 187 188 189 190 191 192 193 194 195 196 197 198 199 200 201 202 203 204 205 206 207 208 209 210 211 212 213 214 215 216 217 218 219 220 221 222 223 224 225 226 227 228 229 230 231 232 233 234 235 236 237 238 239 240 241 242 243 244 245 246 247 248 249 250 251 252 253 254 255 256 257 258 259 260 261 262 263 264 265 266 267 268 269 270 271 272 273 274 275 276 277 278 279 280 281 282 283 284 285 286 287 288 289 290 291 292 293 294 295 296 297 298 299 300 301 302 303 304 305 306 307 308 309 310 311 312 313 314 315 316 317 318 319 320 321 322 323 324 325 326 327 328 329 330 331 332 333 334 335 336 337 338 339 340 341 342 343 344 345 346 347 348 349 350 351 352 353 354 355 356 357 358 359 360 361 362 363 364 365 366 367 368 369 370 371 372 373 374 375 376 377 378 379 380 381 382 383 384 385 386 387 388 389 390 391 392 393 394 395 396 397 398 399 400 401 402 403 404 405 406 407 408 409 410 411 412 413 414 415 416 417 418 419 420 421 422 423 424 425 426 427 428 429 430 431 432 433 434 435 436 437 438 439 440 441 442 443 444 445 446 447 448 449 450 451 452 453 454 455 456 457 458 459 460 461 462 463 464 465 466 467 468 469 470 471 472 473 474 475 476 477 478 479 480 481 482 483 484 485 486 487 488 489 490 491 492 493 494 495 496 497 498 499 500 501 502 503 504 505 506 507 508 509 510 511 512 513 514 515 516 517 518 519 520 521 522 523 524 525 526 527 528 529 530 531 532 533 534 535 536 537 538 539 540 541 542 543 544 545 546 547 548 549 550 551 552 553 554 555 556 557 558 559 560 561 562 563 564 565 566 567 568 569 570 571 572 573 574 575 576 577 578 579 580 581 582 583 584 585 586 587 588 589 590 591 592 593 594 595 596 597 598 599 600 601 602 603 604 605 606 607 608 609 610 611 612 613 614 615 616 617 618 619 620 621 622 623 624 625 626 627 628 629 630 631 632 633 634 635 636 637 638 639 640 641 642 643 644 645 646 647 648 649 650 651 652 653 654 655 656 657 658 659 660 661 662 663 664 665 666 667 668 669 670 671 672 673 674 675 676 677 678 679 680 681 682 683 684 685 686 687 688 689 690 691 692 693 694 695 696 697 698 699 700 701 702 703 704 705 706 707 708 709 710 711 712 713 714 715 716 717 718 719 720 721 722 723 724 725 726 727 728 729 730 731 732 733 734 735 736 737 738 739 740 741 742 743 744 745 746 747 748 749 750 751 752 753 754 755 756 757 758 759 760 761 762 763 764 765 766 767 768 769 770 771 772 773 774 775 776 777 778 779 780 781 782 783 784 785 786 787 788 789 790 791 792 793 794 795 796 797 798 799 800 801 802 803 804 805 806 807 808 809 810 811 812 813 814 815 816 817 818 819 820 821 822 823 824 825 826 827 828 829 830 831 832 833 834 835 836 837 838 839 840 841 842 843 844 845 846 847 848 849 850 851 852 853 854 855 856 857 858 859 860 861 862 863 864 865 866 867 868 869 870 871 872 873 874 875 876 877 878 879 880 881 882 883 884 885 886 887 888 889 890 891 892 893 894 895 896 897 898 899 900 901 902 903 904 905 906 907 908 909 910 911 912 913 914 915 916 917 918 919 920 921 922 923 924 925 926 927 928 929 930 931 932 933 934 935 936 937 938 939 940 941 942 943 944 945 946 947 948 949 950 951 952 953 954 955 956 957 958 959 960 961 962 963 964 965 966 967 968 969 970 971 972 973 974 975 976 977 978 979 980 981 982 983 984 985 986 987 988 989 990 991 992 993 994 995 996 997 998 999 1000 1001 1002 1003 1004 1005 1006 1007 1008 1009 1010 1011 1012 1013 1014 1015 1016 1017 1018 1019 1020 1021 1022 1023 1024 1025 1026 1027 1028 1029 1030 1031 1032 1033 1034 1035 1036 1037 1038 1039 1040 1041 1042 1043 1044 1045 1046 1047 1048 1049 1050 1051 1052 1053 1054 1055 1056 1057 1058 1059 1060 1061 1062 1063 1064 1065 1066 1067 1068 1069 1070 1071 1072 1073 1074 1075 1076 1077 1078 1079 1080 1081 1082 1083 1084 1085 1086 1087 1088 1089 1090 1091 1092 1093 1094 1095 1096 1097 1098 1099 1100 1101 1102 1103 1104 1105 1106 1107 1108 1109 1110 1111 1112 1113 1114 1115 1116 1117 1118 1119 1120 1121 1122 1123 1124 1125 1126 1127 1128 1129 1130 1131 1132 1133 1134 1135 1136 1137 1138 1139 1140 1141 1142 1143 1144 1145 1146 1147 1148 1149 1150 1151 1152 1153 1154 1155 1156 1157 1158 1159 1160 1161 1162 1163 1164 1165 1166 1167 1168 1169 1170 1171 1172 1173 1174 1175 1176 1177 1178 1179 1180 1181 1182 1183 1184 1185 1186 1187 1188 1189 1190 1191 1192 1193 1194 1195 1196 1197 1198 1199 1200 1201 1202 1203 1204 1205 1206 1207 1208 1209 1210 1211 1212 1213 1214 1215 1216 1217 1218 1219 1220 1221 1222 1223 1224 1225 1226 1227 1228 1229 1230 1231 1232 1233 1234 1235 1236 1237 1238 1239 1240 1241 1242 1243 1244 1245 1246 1247 1248 1249 1250 1251 1252 1253 1254 1255 1256 1257 1258 1259 1260 1261 1262 1263 1264 1265 1266 1267 1268 1269 1270 1271 1272 1273 1274 1275 1276 1277 1278 1279 1280 1281 1282 1283 1284 1285 1286 1287 1288 1289 1290 1291 1292 1293 1294 1295 1296 1297 1298 1299 1300 1301 1302 1303 1304 1305 1306 1307 1308 1309 1310 1311 1312 1313 1314 1315 1316 1317 1318 1319 1320 1321 1322 1323 1324 1325 1326 1327 1328 1329 1330 1331 1332 1333 1334 1335 1336 1337 1338 1339 1340 1341 1342 1343 1344 1345 1346 1347 1348 1349 1350 1351 1352 1353 1354 1355 1356 1357 1358 1359 1360 1361 1362 1363 1364 1365 1366 1367 1368 1369 1370 1371 1372 1373 1374 1375 1376 1377 1378 1379 1380 1381 1382 1383 1384 1385 1386 1387 1388 1389 1390 1391 1392 1393 1394 1395 1396 1397 1398 1399 1400 1401 1402 1403 1404 1405 1406 1407 1408 1409 1410 1411 1412 1413 1414 1415 1416 1417 1418 1419 1420 1421 1422 1423 1424 1425 1426 1427 1428 1429 1430 1431 1432 1433 1434 1435 1436 1437 1438 1439 1440 1441 1442 1443 1444 1445 1446 1447 1448 1449 1450 1451 1452 1453 1454 1455 1456 1457 1458 1459 1460 1461 1462 1463 1464 1465 1466 1467 1468 1469 1470 1471 1472 1473 1474 1475 1476 1477 1478 1479 1480 1481 1482 1483 1484 1485 1486 1487 1488 1489 1490 1491 1492 1493 1494 1495 1496 1497 1498 1499 1500 1501 1502 1503 1504 1505 1506 1507 1508 1509 1510 1511 1512 1513 1514 1515 1516 1517 1518 1519 1520 1521 1522 1523 1524 1525 1526 1527 1528 1529 1530 1531 1532 1533 1534 1535 1536 1537 1538 1539 1540 1541 1542 1543 1544 1545 1546 1547 1548 1549 1550 1551 1552 1553 1554 1555 1556 1557 1558 1559 1560 1561 1562 1563 1564 1565 1566 1567 1568 1569 1570 1571 1572 1573 1574 1575 1576 1577 1578 1579 1580 1581 1582 1583 1584 1585 1586 1587 1588 1589 1590 1591 1592 1593 1594 1595 1596 1597 1598 1599 1600 1601 1602 1603 1604 1605 1606 1607 1608 1609 1610 1611 1612 1613 1614 1615 1616 1617 1618 1619 1620 1621 1622 1623 1624 1625 1626 1627 1628 1629 1630 1631 1632 1633 1634 1635 1636 1637 1638 1639 1640 1641 1642 1643 1644 1645 1646 1647 1648 1649 1650 1651 1652 1653 1654 1655 1656 1657 1658 1659 1660 1661 1662 1663 1664 1665 1666 1667 1668 1669 1670 1671 1672 1673 1674 1675 1676 1677 1678 1679 1680 1681 1682 1683 1684 1685 1686 1687 1688 1689 1690 1691 1692 1693 1694 1695 1696 1697 1698 1699 1700 1701 1702 1703 1704 1705 1706 1707 1708 1709 1710 1711 1712 1713 1714 1715 1716 1717 1718 1719 1720 1721 1722 1723 1724 1725 1726 1727 1728 1729 1730 1731 1732 1733 1734 1735 1736 1737 1738 1739 1740 1741 1742 1743 1744 1745 1746 1747 1748 1749 1750 1751 1752 1753 1754 1755 1756 1757 1758 1759 1760 1761 1762 1763 1764 1765 1766 1767 1768 1769 1770 1771 1772 1773 1774 1775 1776 1777 1778 1779 1780 1781 1782 1783 1784 1785 1786 1787 1788 1789 1790 1791 1792 1793 1794 1795 1796 1797 1798 1799 1800 1801 1802 1803 1804 1805 1806 1807 1808 1809 1810 1811 1812 1813 1814 1815 1816 1817 1818 1819 1820 1821 1822 1823 1824 1825 1826 1827 1828 1829 1830 1831 1832 1833 1834 1835 1836 1837 1838 1839 1840 1841 1842 1843 1844 1845 1846 1847 1848 1849 1850 1851 1852 1853 1854 1855 1856 1857 1858 1859 1860 1861 1862 1863 1864 1865 1866 1867 1868 1869 1870 1871 1872 1873 1874 1875 1876 1877 1878 1879 1880 1881 1882 1883 1884 1885 1886 1887 1888 1889 1890 1891 1892 1893 1894 1895 1896 1897 1898 1899 1900 1901 1902 1903 1904 1905 1906 1907 1908 1909 1910 1911 1912 1913 1914 1915 1916 1917 1918 1919 1920 1921 1922 1923 1924 1925 1926 1927 1928 1929 1930 1931 1932 1933 1934 1935 1936 1937 1938 1939 1940 1941 1942 1943 1944 1945 1946 1947 1948 1949 1950 1951 1952 1953 1954 1955 1956 1957 1958 1959 1960 1961 1962 1963 1964 1965 1966 1967 1968 1969 1970 1971 1972 1973 1974 1975 1976 1977 1978 1979 1980 1981 1982 1983 1984 1985 1986 1987 1988 1989 1990 1991 1992 1993 1994 1995 1996 1997 1998 1999 2000 2001 2002 2003 2004 2005 2006 2007 2008 2009 2010 2011 2012 2013 2014 2015 2016 2017 2018 2019 2020 2021 2022 2023 2024 2025 2026 2027 2028 2029 2030 2031 2032 2033 2034 2035 2036 2037 2038 2039 2040 2041 2042 2043 2044 2045 2046 2047 2048 2049 2050 2051 2052 2053 2054 2055 2056 2057 2058 2059 2060 2061 2062 2063 2064 2065 2066 2067 2068 2069 2070 2071 2072 2073 2074 2075 2076 2077 2078 2079 2080 2081 2082 2083 2084 2085 2086 2087 2088 2089 2090 2091 2092 2093 2094 2095 2096 2097 2098 2099 2100 2101 2102 2103 2104 2105 2106 2107 2108 2109 2110 2111 2112 2113 2114 2115 2116 2117 2118 2119 2120 2121 2122 2123 2124 2125 2126 2127 2128 2129 2130 2131 2132 2133 2134 2135 2136 2137 2138 2139 2140 2141 2142 2143 2144 2145 2146 2147 2148 2149 2150 2151 2152 2153 2154 2155 2156 2157 2158 2159 2160 2161 2162 2163 2164 2165 2166 2167 2168 2169 2170 2171 2172 2173 2174 2175 2176 2177 2178 2179 2180 2181 2182 2183 2184 2185 2186 2187 2188 2189 2190 2191 2192 2193 2194 2195 2196 2197 2198 2199 2200 2201 2202 2203 2204 2205 2206 2207 2208 2209 2210 2211 2212 2213 2214 2215 2216 2217 2218 2219 2220 2221 2222 2223 2224 2225 2226 2227 2228 2229 2230 2231 2232 2233 2234 2235 2236 2237 2238 2239 2240 2241 2242 2243 2244 2245 2246 2247 2248 2249 2250 2251 2252 2253 2254 2255 2256 2257 2258 2259 2260 2261 2262 2263 2264 2265 2266 2267 2268 2269 2270 2271 2272 2273 2274 2275 2276 2277 2278 2279 2280 2281 2282 2283 2284 2285 2286 2287 2288 2289 2290 2291 2292 2293 2294 2295 2296 2297 2298 2299 2300 2301 2302 2303 2304 2305 2306 2307 2308 2309 2310 2311 2312 2313 2314 2315 2316 2317 2318 2319 2320 2321 2322 2323 2324 2325 2326 2327 2328 2329 2330 2331 2332 2333 2334 2335 2336 2337 2338 2339 2340 2341 2342 2343 2344 2345 2346 2347 2348 2349 2350 2351 2352 2353 2354 2355 2356 2357 2358 2359 2360 2361 2362 2363 2364 2365 2366 2367 2368 2369 2370 2371 2372 2373 2374 2375 2376 2377 2378 2379 2380 2381 2382 2383 2384 2385 2386 2387 2388 2389 2390 2391 2392 2393 2394 2395 2396 2397 2398 2399 2400 2401 2402 2403 2404 2405 2406 2407 2408 2409 2410 2411 2412 2413 2414 2415 2416 2417 2418 2419 2420 2421 2422 2423 2424 2425 2426 2427 2428 2429 2430 2431 2432 2433 2434 2435 2436 2437 2438 2439 2440 2441 2442 2443 2444 2445 2446 2447 2448 2449 2450 2451 2452 2453 2454 2455 2456 2457 2458 2459 2460 2461 2462 2463 2464 2465 2466 2467 2468 2469 2470 2471 2472 2473 2474 2475 2476 2477 2478 2479 2480 2481 2482 2483 2484 2485 2486 2487 2488 2489 2490 2491 2492 2493 2494 2495 2496 2497 2498 2499 2500 2501 2502 2503 2504 2505 2506 2507 2508 2509 2510 2511 2512 2513 2514 2515 2516 2517 2518 2519 2520 2521 2522 2523 2524 2525 2526 2527 2528 2529 2530 2531 2532 2533 2534 2535 2536 2537 2538 2539 2540 2541 2542 2543 2544 2545 2546 2547 2548 2549 2550 2551 2552 2553 2554 2555 2556 2557 2558 2559 2560 2561 2562 2563 2564 2565 2566 2567 2568 2569 2570 2571 2572 2573 2574 2575 2576 2577 2578 2579 2580 2581 2582 2583 2584 2585 2586 2587 2588 2589 2590 2591 2592 2593 2594 2595 2596 2597 2598 2599 2600 2601 2602 2603 2604 2605 2606 2607 2608 2609 2610 2611 2612 2613 2614 2615 2616 2617 2618 2619 2620 2621 2622 2623 2624 2625 2626 2627 2628 2629 2630 2631 2632 2633 2634 2635 2636 2637 2638 2639 2640 2641 2642 2643 2644 2645 2646 2647 2648 2649 2650 2651 2652 2653 2654 2655 2656 2657 2658 2659 2660 2661 2662 2663 2664 2665 2666 2667 2668 2669 2670 2671 2672 2673 2674 2675 2676 2677 2678 2679 2680 2681 2682 2683 2684 2685 2686 2687 2688 2689 2690 2691 2692 2693 2694 2695 2696 2697 2698 2699 2700 2701 2702 2703 2704 2705 2706 2707 2708 2709 2710 2711 2712 2713 2714 2715 2716 2717 2718 2719 2720 2721 2722 2723 2724 2725 2726 2727 2728 2729 2730 2731 2732 2733 2734 2735 2736 2737 2738 2739 2740 2741 2742 2743 2744 2745 2746 2747 2748 2749 2750 2751 2752 2753 2754 2755 2756 2757 2758 2759 2760 2761 2762 2763 2764 2765 2766 2767 2768 2769 2770 2771 2772 2773 2774 2775 2776 2777 2778 2779 2780 2781 2782 2783 2784 2785 2786 2787 2788 2789 2790 2791 2792 2793 2794 2795 2796 2797 2798 2799 2800 2801 2802 2803 2804 2805 2806 2807 2808 2809 2810 2811 2812 2813 2814 2815 2816 2817 2818 2819 2820 2821 2822 2823 2824 2825 2826 2827 2828 2829 2830 2831 2832 2833 2834 2835 2836 2837 2838 2839 2840 2841 2842 2843 2844 2845 2846 2847 2848 2849 2850 2851 2852 2853 2854 2855 2856 2857 2858 2859 2860 2861 2862 2863 2864 2865 2866 2867 2868 2869 2870 2871 2872 2873 2874 2875 2876 2877 2878 2879 2880 2881 2882 2883 2884 2885 2886 2887 2888 2889 2890 2891 2892 2893 2894 2895 2896 2897 2898 2899 2900 2901 2902 2903 2904 2905 2906 2907 2908 2909 2910 2911 2912 2913 2914 2915 2916 2917 2918 2919 2920 2921 2922 2923 2924 2925 2926 2927 2928 2929 2930 2931 2932 2933 2934 2935 2936 2937 2938 2939 2940 2941 2942 2943 2944 2945 2946 2947 2948 2949 2950 2951 2952 2953 2954 2955 2956 2957 2958 2959 2960 2961 2962 2963 2964 2965 2966 2967 2968 2969 2970 2971 2972 2973 2974 2975 2976 2977 2978 2979 2980 2981 2982 2983 2984 2985 2986 2987 2988 2989 2990 2991 2992 2993 2994 2995 2996 2997 2998 2999 3000 3001 3002 3003 3004 3005 3006 3007 3008 3009 3010 3011 3012 3013 3014 3015 3016 3017 3018 3019 3020 3021 3022 3023 3024 3025 3026 3027 3028 3029 3030 3031 3032 3033 3034 3035 3036 3037 3038 3039 3040 3041 3042 3043 3044 3045 3046 3047 3048 3049 3050 3051 3052 3053 3054 3055 3056 3057 3058 3059 3060 3061 3062 3063 3064 3065 3066 3067 3068 3069 3070 3071 3072 3073 3074 3075 3076 3077 3078 3079 3080 3081 3082 3083 3084 3085 3086 3087 3088 3089 3090 3091 3092 3093 3094 3095 3096 3097 3098 3099 3100 3101 3102 3103 3104 3105 3106 3107 3108 3109 3110 3111 3112 3113 3114 3115 3116 3117 3118 3119 3120 3121 3122 3123 3124 3125 3126 3127 3128 3129 3130 3131 3132 3133 3134 3135 3136 3137 3138 3139 3140 3141 3142 3143 3144 3145 3146 3147 3148 3149 3150 3151 3152 3153 3154 3155 3156 3157 3158 3159 3160 3161 3162 3163 3164 3165 3166 3167 3168 3169 3170 3171 3172 3173 3174 3175 3176 3177 3178 3179 3180 3181 3182 3183 3184 3185 3186 3187 3188 3189 3190 3191 3192 3193 3194 3195 3196 3197 3198 3199 3200 3201 3202 3203 3204 3205 3206 3207 3208 3209 3210 3211 3212 3213 3214 3215 3216 3217 3218 3219 3220 3221 3222 3223 3224 3225 3226 3227 3228 3229 3230 3231 3232 3233 3234 3235 3236 3237 3238 3239 3240 3241 3242 3243 3244 3245 3246 3247 3248 3249 3250 3251 3252 3253 3254 3255 3256 3257 3258 3259 3260 3261 3262 3263 3264 3265 3266 3267 3268 3269 3270 3271 3272 3273 3274 3275 3276 3277 3278 3279 3280 3281 3282 3283 3284 3285 3286 3287 3288 3289 3290 3291 3292 3293 3294 3295 3296 3297 3298 3299 3300 3301 3302 3303 3304 3305 3306 3307 3308 3309 3310 3311 3312 3313 3314 3315 3316 3317 3318 3319 3320 3321 3322 3323 3324 3325 3326 3327 3328 3329 3330 3331 3332 3333 3334 3335 3336 3337 3338 3339 3340 3341 3342 3343 3344 3345 3346 3347 3348 3349 3350 3351 3352 3353 3354 3355 3356 3357 3358 3359 3360 3361 3362 3363 3364 3365 3366 3367 3368 3369 3370 3371 3372 3373 3374 3375 3376 3377 3378 3379 3380 3381 3382 3383 3384 3385 3386 3387 3388 3389 3390 3391 3392 3393 3394 3395 3396 3397 3398 3399 3400 3401 3402 3403 3404 3405 3406 3407 3408 3409 3410 3411 3412 3413 3414 3415 3416 3417 3418 3419 3420 3421 3422 3423 3424 3425 3426 3427 3428 3429 3430 3431 3432 3433 3434 3435 3436 3437 3438 3439 3440 3441 3442 3443 3444 3445 3446 3447 3448 3449 3450 3451 3452 3453 3454 3455 3456 3457 3458 3459 3460 3461 3462 3463 3464 3465 3466 3467 3468 3469 3470 3471 3472 3473 3474 3475 3476 3477 3478 3479 3480 3481 3482 3483 3484 3485 3486 3487 3488 3489 3490 3491 3492 3493 3494 3495 3496 3497 3498 3499 3500 3501 3502 3503 3504 3505 3506 3507 3508 3509 3510 3511 3512 3513 3514 3515 3516 3517 3518 3519 3520 3521 3522 3523 3524 3525 3526 3527 3528 3529 3530 3531 3532 3533 3534 3535 3536 3537 3538 3539</DataArray>
<DataArray type="Int64" Name="offsets" format="ascii">2 4 6 8 10 12 14 16 18 20 22 24 26 28 30 32 34 36 38 40 42 44 46 48 50 52 54 56 58 60 62 64 66 68 70 72 74 76 78 80 82 84 86 88 90 92 94 96 98 100 102 104 106 108 110 112 114 116 118 120 122 124 126 128 130 132 134 136 138 140 142 144 146 148 150 152 154 156 158 160 162 164 166 168 170 172 174 176 178 180 182 184 186 188 190 192 194 196 198 200 202 204 206 208 210 212 214 216 218 220 222 224 226 228 230 232 234 236 238 240 242 244 246 248 250 252 254 256 258 260 262 264 266 268 270 272 274 276 278 280 282 284 286 288 290 292 294 296 298 300 302 304 306 308 310 312 314 316 318 320 322 324 326 328 330 332 334 336 338 340 342 344 346 348 350 352 354 356 358 360 362 364 366 368 370 372 374 376 378 380 382 384 386 388 390 392 394 396 398 400 402 404 406 408 410 412 414 416 418 420 422 424 426 428 430 432 434 436 438 440 442 444 446 448 450 452 454 456 458 460 462 464 466 468 470 472 474 476 478 480 482 484 486 488 490 492 494 496 498 500 502 504 506 508 510 512 514 516 518 520 522 524 526 528 530 532 534 536 538 540 542 544 546 548 550 552 554 556 558 560 562 564 566 568 570 572 574 576 578 580 582 584 586 588 590 592 594 596 598 600 602 604 606 608 610 612 614 616 618 620 622 624 626 628 630 632 634 636 638 640 642 644 646 648 650 652 654 656 658 660 662 664 666 668 670 672 674 676 678 680 682 684 686 688 690 692 694 696 698 700 702 704 706 708 710 712 714 716 718 720 722 724 726 728 730 732 734 736 738 740 742 744 746 748 750 752 754 756 758 760 762 764 766 768 770 772 774 776 778 780 782 784 786 788 790 792 794 796 798 800 802 804 806 808 810 812 814 816 818 820 822 824 826 828 830 832 834 836 838 840 842 844 846 848 850 852 854 856 858 860 862 864 866 868 870 872 874 876 878 880 882 884 886 888 890 892 894 896 898 900 902 904 906 908 910 912 914 916 918 920 922 924 926 928 930 932 934 936 938 940 942 944 946 948 950 952 954 956 958 960 962 964 966 968 970 972 974 976 978 980 982 984 986 988 990 992 994 996 998 1000 1002 1004 1006 1008 1010 1012 1014 1016 1018 1020 1022 1024 1026 1028 1030 1032 1034 1036 1038 1040 1042 1044 1046 1048 1050 1052 1054 1056 1058 1060 1062 1064 1066 1068 1070 1072 1074 1076 1078 1080 1082 1084 1086 1088 1090 1092 1094 1096 1098 1100 1102 1104 1106 1108 1110 1112 1114 1116 1118 1120 1122 1124 1126 1128 1130 1132 1134 1136 1138 1140 1142 1144 1146 1148 1150 1152 1154 1156 1158 1160 1162 1164 1166 1168 1170 1172 1174 1176 1178 1180 1182 1184 1186 1188 1190 1192 1194 1196 1198 1200 1202 1204 1206 1208 1210 1212 1214 1216 1218 1220 1222 1224 1226 1228 1230 1232 1234 1236 1238 1240 1242 1244 1246 1248 1250 1252 1254 1256 1258 1260 1262 1264 1266 1268 1270 1272 1274 1276 1278 1280 1282 1284 1286 1288 1290 1292 1294 1296 1298 1300 1302 1304 1306 1308 1310 1312 1314 1316 1318 1320 1322 1324 1326 1328 1330 1332 1334 1336 1338 1340 1342 1344 1346 1348 1350 1352 1354 1356 1358 1360 1362 1364 1366 1368 1370 1372 1374 1376 1378 1380 1382 1384 1386 1388 1390 1392 1394 1396 1398 1400 1402 1404 1406 1408 1410 1412 1414 1416 1418 1420 1422 1424 1426 1428 1430 1432 1434 1436 1438 1440 1442 1444 1446 1448 1450 1452 1454 1456 1458 1460 1462 1464 1466 1468 1470 1472 1474 1476 1478 1480 1482 1484 1486 1488 1490 1492 1494 1496 1498 1500 1502 1504 1506 1508 1510 1512 1514 1516 1518 1520 1522 1524 1526 1528 1530 1532 1534 1536 1538 1540 1542 1544 1546 1548 1550 1552 1554 1556 1558 1560 1562 1564 1566 1568 1570 1572 1574 1576 1578 1580 1582 1584 1586 1588 1590 1592 1594 1596 1598 1600 1602 1604 1606 1608 1610 1612 1614 1616 1618 1620 1622 1624 1626 1628 1630 1632 1634 1636 1638 1640 1642 1644 1646 1648 1650 1652 1654 1656 1658 1660 1662 1664 1666 1668 1670 1672 1674 1676 1678 1680 1682 1684 1686 1688 1690 1692 1694 1696 1698 1700 1702 1704 1706 1708 1710 1712 1714 1716 1718 1720 1722 1724 1726 1728 1730 1732 1734 1736 1738 1740 1742 1744 1746 1748 1750 1752 1754 1756 1758 1760 1762 1764 1766 1768 1770 1772 1774 1776 1778 1780 1782 1784 1786 1788 1790 1792 1794 1796 1798 1800 1802 1804 1806 1808 1810 1812 1814 1816 1818 1820 1822 1824 1826 1828 1830 1832 1834 1836 1838 1840 1842 1844 1846 1848 1850 1852 1854 1856 1858 1860 1862 1864 1866 1868 1870 1872 1874 1876 1878 1880 1882 1884 1886 1888 1890 1892 1894 1896 1898 1900 1902 1904 1906 1908 1910 1912 1914 1916 1918 1920 1922 1924 1926 1928 1930 1932 1934 1936 1938 1940 1942 1944 1946 1948 1950 1952 1954 1956 1958 1960 1962 1964 1966 1968 1970 1972 1974 1976 1978 1980 1982 1984 1986 1988 1990 1992 1994 1996 1998 2000 2002 2004 2006 2008 2010 2012 2014 2016 2018 2020 2022 2024 2026 2028 2030 2032 2034 2036 2038 2040 2042 2044 2046 2048 2050 2052 2054 2056 2058 2060 2062 2064 2066 2068 2070 2072 2074 2076 2078 2080 2082 2084 2086 2088 2090 2092 2094 2096 2098 2100 2102 2104 2106 2108 2110 2112 2114 2116 2118 2120 2122 2124 2126 2128 2130 2132 2134 2136 2138 2140 2142 2144 2146 2148 2150 2152 2154 2156 2158 2160 2162 2164 2166 2168 2170 2172 2174 2176 2178 2180 2182 2184 2186 2188 2190 2192 2194 2196 2198 2200 2202 2204 2206 2208 2210 2212 2214 2216 2218 2220 2222 2224 2226 2228 2230 2232 2234 2236 2238 2240 2242 2244 2246 2248 2250 2252 2254 2256 2258 2260 2262 2264 2266 2268 2270 2272 2274 2276 2278 2280 2282 2284 2286 2288 2290 2292 2294 2296 2298 2300 2302 2304 2306 2308 2310 2312 2314 2316 2318 2320 2322 2324 2326 2328 2330 2332 2334 2336 2338 2340 2342 2344 2346 2348 2350 2352 2354 2356 2358 2360 2362 2364 2366 2368 2370 2372 2374 2376 2378 2380 2382 2384 2386 2388 2390 2392 2394 2396 2398 2400 2402 2404 2406 2408 2410 2412 2414 2416 2418 2420 2422 2424 2426 2428 2430 2432 2434 2436 2438 2440 2442 2444 2446 2448 2450 2452 2454 2456 2458 2460 2462 2464 2466 2468 2470 2472 2474 2476 2478 2480 2482 2484 2486 2488 2490 2492 2494 2496 2498 2500 2502 2504 2506 2508 2510 2512 2514 2516 2518 2520 2522 2524 2526 2528 2530 2532 2534 2536 2538 2540 2542 2544 2546 2548 2550 2552 2554 2556 2558 2560 2562 2564 2566 2568 2570 2572 2574 2576 2578 2580 2582 2584 2586 2588 2590 2592 2594 2596 2598 2600 2602 2604 2606 2608 2610 2612 2614 2616 2618 2620 2622 2624 2626 2628 2630 2632 2634 2636 2638 2640 2642 2644 2646 2648 2650 2652 2654 2656 2658 2660 2662 2664 2666 2668 2670 2672 2674 2676 2678 2680 2682 2684 2686 2688 2690 2692 2694 2696 2698 2700 2702 2704 2706 2708 2710 2712 2714 2716 2718 2720 2722 2724 2726 2728 2730 2732 2734 2736 2738 2740 2742 2744 2746 2748 2750 2752 2754 2756 2758 2760 2762 2764 2766 2768 2770 2772 2774 2776 2778 2780 2782 2784 2786 2788 2790 2792 2794 2796 2798 2800 2802 2804 2806 2808 2810 2812 2814 2816 2818 2820 2822 2824 2826 2828 2830 2832 2834 2836 2838 2840 2842 2844 2846 2848 2850 2852 2854 2856 2858 2860 2862 2864 2866 2868 2870 2872 2874 2876 2878 2880 2882 2884 2886 2888 2890 2892 2894 2896 2898 2900 2902 2904 2906 2908 2910 2912 2914 2916 2918 2920 2922 2924 2926 2928 2930 2932 2934 2936 2938 2940 2942 2944 2946 2948 2950 2952 2954 2956 2958 2960 2962 2964 2966 2968 2970 2972 2974 2976 2978 2980 2982 2984 2986 2988 2990 2992 2994 2996 2998 3000 3002 3004 3006 3008 3010 3012 3014 3016 3018 3020 3022 3024 3026 3028 3030 3032 3034 3036 3038 3040 3042 3044 3046 3048 3050 3052 3054 3056 3058 3060 3062 3064 3066 3068 3070 3072 3074 3076 3078 3080 3082 3084 3086 3088 3090 3092 3094 3096 3098 3100 3102 3104 3106 3108 3110 3112 3114 3116 3118 3120 3122 3124 3126 3128 3130 3132 3134 3136 3138 3140 3142 3144 3146 3148 3150 3152 3154 3156 3158 3160 3162 3164 3166 3168 3170 3172 3174 3176 3178 3180 3182 3184 3186 3188 3190 3192 3194 3196 3198 3200 3202 3204 3206 3208 3210 3212 3214 3216 3218 3220 3222 3224 3226 3228 3230 3232 3234 3236 3238 3240 3242 3244 3246 3248 3250 3252 3254 3256 3258 3260 3262 3264 3266 3268 3270 3272 3274 3276 3278 3280 3282 3284 3286 3288 3290 3292 3294 3296 3298 3300 3302 3304 3306 3308 3310 3312 3314 3316 3318 3320 3322 3324 3326 3328 3330 3332 3334 3336 3338 3340 3342 3344 3346 3348 3350 3352 3354 3356 3358 3360 3362 3364 3366 3368 3370 3372 3374 3376 3378 3380 3382 3384 3386 3388 3390 3392 3394 3396 3398 3400 3402 3404 3406 3408 3410 3412 3414 3416 3418 3420 3422 3424 3426 3428 3430 3432 3434 3436 3438 3440 3442 3444 3446 3448 3450 3452 3454 3456 3458 3460 3462 3464 3466 3468 3470 3472 3474 3476 3478 3480 3482 3484 3486 3488 3490 3492 3494 3496 3498 3500 3502 3504 3506 3508 3510 3512 3514 3516 3518 3520 3522 3524 3526 3528 3530 3532 3534 3536 3538 3540</DataArray>
</Lines></Piece></PolyData></VTKFile>