id_i,id_j,edge_kind,distance_m,surface_gap_m,overlap_m,contact_radius_m,g_contact_W_K,g_gap_W_K,g_total_W_K,T_i_K,T_j_K,heat_i_to_j_W
1,84,contact,0.001499995997661328,-4.002338672070768e-09,4.002338672070768e-09,1.2251028536521078e-06,1.2251028536521078e-06,0.0,1.2251028536521078e-06,300.89288860359505,300.80612068413956,1.0629962573038522e-07
1,280,contact,0.001605223648503894,-0.00014477635149610598,0.00014477635149610598,0.00024909236797631,0.00024909236797631,0.0,0.00024909236797631,300.89288860359505,300.8256886027962,1.6739007326991604e-05
1,439,contact,0.0018677840111300428,-0.00013221598886995725,0.00013221598886995725,0.0002489502857656373,0.0002489502857656373,0.0,0.0002489502857656373,300.89288860359505,300.918809438035,-6.452999141107825e-06
1,492,contact,0.0019021427922477322,-9.785720775226789e-05,9.785720775226789e-05,0.00021417414907937786,0.00021417414907937786,0.0,0.00021417414907937786,300.89288860359505,300.93242951084704,-8.468640164521488e-06
2,6,contact,0.0014953985685762835,-4.601431423716541e-06,4.601431423716541e-06,4.153958093064617e-05,4.153958093064617e-05,0.0,4.153958093064617e-05,300.3488787147444,300.3720834933327,-9.639167781467568e-07
2,81,contact,0.001484290945199087,-1.5709054800912975e-05,1.5709054800912975e-05,7.6752169678403e-05,7.6752169678403e-05,0.0,7.6752169678403e-05,300.3488787147444,300.283598955009,5.010363195777092e-06
2,204,contact,0.0017131125435592373,-3.688745644076278e-05,3.688745644076278e-05,0.0001257334875965192,0.0001257334875965192,0.0,0.0001257334875965192,300.3488787147444,300.45195679128994,-1.2960366058813905e-05
2,209,contact,0.0017199732314486763,-3.0026768551323765e-05,3.0026768551323765e-05,0.00011343991843008559,0.00011343991843008559,0.0,0.00011343991843008559,300.3488787147444,300.3787285262463,-3.3861601819278485e-06
2,236,contact,0.0017094952061939219,-4.050479380607818e-05,4.050479380607818e-05,0.00013175430674350677,0.00013175430674350677,0.0,0.00013175430674350677,300.3488787147444,300.28525439018705,8.382778774075974e-06
3,53,contact,0.001458644778415911,-4.135522158408905e-05,4.135522158408905e-05,0.00012453195611582352,0.00012453195611582352,0.0,0.00012453195611582352,300.6351055040802,300.68369612550106,-6.051085134426286e-06
3,135,contact,0.0016654643194316716,-8.453568056832842e-05,8.453568056832842e-05,0.00019034068767981917,0.00019034068767981917,0.0,0.00019034068767981917,300.6351055040802,300.6502458451841,-2.8818229374263068e-06
3,210,contact,0.0017194025771761542,-3.059742282384586e-05,3.059742282384586e-05,0.00011451279932924378,0.00011451279932924378,0.0,0.00011451279932924378,300.6351055040802,300.5976166712173,4.292951194715829e-06
3,494,contact,0.001905375169855008,-9.4624830144992e-05,9.4624830144992e-05,0.00021060719154498262,0.00021060719154498262,0.0,0.00021060719154498262,300.6351055040802,300.62079298340916,3.0143197824514335e-06
4,356,contact,0.0016991711737597245,-5.0828826240275574e-05,5.0828826240275574e-05,0.00014759330159056614,0.00014759330159056614,0.0,0.00014759330159056614,300.94594975056305,300.8754599096039,1.0403828355757704e-05
5,105,contact,0.0016801861944799458,-6.981380552005425e-05,6.981380552005425e-05,0.0001729745714425607,0.0001729745714425607,0.0,0.0001729745714425607,300.653408359305,300.68719623350364,-5.844443059466894e-06
5,374,contact,0.0016915748941566259,-5.842510584337418e-05,5.842510584337418e-05,0.00015823820991066537,0.00015823820991066537,0.0,0.00015823820991066537,300.653408359305,300.61073956751704,6.751833231575513e-06
5,475,contact,0.0019378272907411025,-6.217270925889759e-05,6.217270925889759e-05,0.00017071454965851107,0.00017071454965851107,0.0,0.00017071454965851107,300.653408359305,300.69084490649743,-6.390963294727342e-06
5,500,contact,0.001904742869579403,-9.525713042059713e-05,9.525713042059713e-05,0.00021130967768811466,0.00021130967768811466,0.0,0.00021130967768811466,300.653408359305,300.65540979541805,-4.2292281996449e-07
6,127,contact,0.001627107659154534,-0.0001228923408454661,0.0001228923408454661,0.00022949541624317537,0.00022949541624317537,0.0,0.00022949541624317537,300.3720834933327,300.4455865391803,-1.686861210193332e-05
6,146,contact,0.0017051318021826679,-4.486819781733217e-05,4.486819781733217e-05,0.00013866949064592218,0.00013866949064592218,0.0,0.00013866949064592218,300.3720834933327,300.34598923090095,3.6184780801905255e-06
6,232,contact,0.0016246690090292244,-0.0001253309909707756,0.0001253309909707756,0.00023176126044837197,0.00023176126044837197,0.0,0.00023176126044837197,300.3720834933327,300.30916805403785,1.458136151263533e-05
6,324,contact,0.0017231623644915165,-2.6837635508483552e-05,2.6837635508483552e-05,0.00010724664931525877,0.00010724664931525877,0.0,0.00010724664931525877,300.3720834933327,300.460400411611,-9.47169356319515e-06
7,123,contact,0.0016421579943869595,-0.00010784200561304055,0.00010784200561304055,0.0002149837259087041,0.0002149837259087041,0.0,0.0002149837259087041,300.398406812258,300.3672594238044,6.6961816220754715e-06
7,146,contact,0.0016245490234819456,-0.0001254509765180544,0.0001254509765180544,0.00023187217215962615,0.00023187217215962615,0.0,0.00023187217215962615,300.398406812258,300.34598923090095,1.2154178448606051e-05
7,217,contact,0.001613094720405779,-0.00013690527959422114,0.00013690527959422114,0.00024222652880034879,0.00024222652880034879,0.0,0.00024222652880034879,300.398406812258,300.50135145938674,-2.4935924532577687e-05
7,260,contact,0.0016319632808445784,-0.0001180367191554216,0.0001180367191554216,0.00022491590729053278,0.00022491590729053278,0.0,0.00022491590729053278,300.398406812258,300.37199110967134,5.941311713989323e-06
7,338,contact,0.0016921820678414002,-5.781793215859981e-05,5.781793215859981e-05,0.0001574138297045627,0.0001574138297045627,0.0,0.0001574138297045627,300.398406812258,300.46274358156927,-1.0127497248110146e-05
7,496,contact,0.0018898488508261536,-0.00011015114917384641,0.00011015114917384641,0.00022722973215501643,0.00022722973215501643,0.0,0.00022722973215501643,300.398406812258,300.3532025606024,1.0271749995958125e-05
8,171,contact,0.0016615963275895729,-8.840367241042717e-05,8.840367241042717e-05,0.00019464657247405452,0.00019464657247405452,0.0,0.00019464657247405452,300.0717090175243,300.08589317640747,-2.7608979100333277e-06
8,273,contact,0.001703287664877838,-4.671233512216198e-05,4.671233512216198e-05,0.000141490537475876,0.000141490537475876,0.0,0.000141490537475876,300.0717090175243,300.08298084771656,-1.594857312237235e-06
8,383,contact,0.001675649291625489,-7.435070837451111e-05,7.435070837451111e-05,0.00017850655255021285,0.00017850655255021285,0.0,0.00017850655255021285,300.0717090175243,300.1473380875664,-1.3500284565795964e-05
9,81,contact,0.001498674751238574,-1.325248761426109e-06,1.325248761426109e-06,2.2292785504166834e-05,2.2292785504166834e-05,0.0,2.2292785504166834e-05,300.29289925867363,300.283598955009,2.0732967471954933e-07
9,124,contact,0.0017486826441638864,-1.317355836113641e-06,1.317355836113641e-06,2.3760914810253662e-05,2.3760914810253662e-05,0.0,2.3760914810253662e-05,300.29289925867363,300.068957052946,5.321071672714044e-06
9,239,contact,0.0017496460178670359,-3.539821329641771e-07,3.539821329641771e-07,1.2316924470549406e-05,1.2316924470549406e-05,0.0,1.2316924470549406e-05,300.29289925867363,300.21306409519445,9.83323678666954e-07
10,23,contact,0.001415916434151394,-8.408356584860602e-05,8.408356584860602e-05,0.0001775706540879637,0.0001775706540879637,0.0,0.0001775706540879637,300.5678737014739,300.5019022541821,1.1714593046737276e-05
10,114,contact,0.0016188372286922484,-0.0001311627713077516,0.0001311627713077516,0.00023709199960089474,0.00023709199960089474,0.0,0.00023709199960089474,300.5678737014739,300.5987568573123,-7.3221491717146615e-06
10,386,contact,0.0016989323871773117,-5.106761282268834e-05,5.106761282268834e-05,0.00014793958152283703,0.00014793958152283703,0.0,0.00014793958152283703,300.5678737014739,300.59593376928063,-4.151194688830722e-06
10,452,contact,0.0018957813361514032,-0.00010421866384859686,0.00010421866384859686,0.00022102601357991728,0.00022102601357991728,0.0,0.00022102601357991728,300.5678737014739,300.55940878677296,1.8709663516421964e-06
11,42,contact,0.001476776613777453,-2.322338622254695e-05,2.322338622254695e-05,9.332078993158548e-05,9.332078993158548e-05,0.0,9.332078993158548e-05,300.35406682868575,300.3274262971194,2.4861154499671768e-06
11,271,contact,0.001734707693820489,-1.529230617951108e-05,1.529230617951108e-05,8.095582440754185e-05,8.095582440754185e-05,0.0,8.095582440754185e-05,300.35406682868575,300.3332682396176,1.683766924524613e-06
11,482,contact,0.0019810398753432506,-1.896012465674949e-05,1.896012465674949e-05,9.427384808551797e-05,9.427384808551797e-05,0.0,9.427384808551797e-05,300.35406682868575,300.37389259770663,-1.86905153685333e-06
12,273,contact,0.0016433993218022212,-0.00010660067819777885,0.00010660067819777885,0.00021374284769766033,0.00021374284769766033,0.0,0.00021374284769766033,300.06005210319347,300.08298084771656,-4.900855148496373e-06
12,370,contact,0.0016549920030018274,-9.500799699817264e-05,9.500799699817264e-05,0.00020178630528164404,0.00020178630528164404,0.0,0.00020178630528164404,300.06005210319347,300.0736169480284,-2.737199920962483e-06
12,383,contact,0.0016681286360769668,-8.187136392303327e-05,8.187136392303327e-05,0.00018731718393032095,0.00018731718393032095,0.0,0.00018731718393032095,300.06005210319347,300.1473380875664,-1.6350164789327804e-05
13,263,contact,0.001675464635377303,-7.453536462269698e-05,7.453536462269698e-05,0.00017872808311913816,0.00017872808311913816,0.0,0.00017872808311913816,300.5803555524975,300.64645093322264,-1.1813100700032175e-05
13,346,contact,0.0017496750167959759,-3.2498320402417e-07,3.2498320402417e-07,1.1801631921491135e-05,1.1801631921491135e-05,0.0,1.1801631921491135e-05,300.5803555524975,300.55848975514334,2.580520920437903e-07
13,489,contact,0.0019275472880306266,-7.245271196937341e-05,7.245271196937341e-05,0.00018428838470083725,0.00018428838470083725,0.0,0.00018428838470083725,300.5803555524975,300.60252289549027,-4.085183833245004e-06
14,233,contact,0.0016772305640251125,-7.276943597488757e-05,7.276943597488757e-05,0.00017659813456572714,0.00017659813456572714,0.0,0.00017659813456572714,300.65236678373896,300.59828332886093,9.551037242328952e-06
14,249,contact,0.0016961986937856085,-5.380130621439154e-05,5.380130621439154e-05,0.00015184762975861907,0.00015184762975861907,0.0,0.00015184762975861907,300.65236678373896,300.7300657184186,-1.179839906587178e-05
14,262,contact,0.001659199224053579,-9.080077594642109e-05,9.080077594642109e-05,0.00019726788451938115,0.00019726788451938115,0.0,0.00019726788451938115,300.65236678373896,300.7328596444397,-1.5878656349351808e-05
14,270,contact,0.0016328354369623424,-0.00011716456303765763,0.00011716456303765763,0.00022408343124603417,0.00022408343124603417,0.0,0.00022408343124603417,300.65236678373896,300.58304419199226,1.553404422146799e-05
15,49,contact,0.001416777428940763,-8.322257105923699e-05,8.322257105923699e-05,0.00017665917510057005,0.00017665917510057005,0.0,0.00017665917510057005,300.56146034953326,300.5105884255066,8.986992134324618e-06
15,250,contact,0.00166085992341317,-8.914007658683012e-05,8.914007658683012e-05,0.00019545559589273552,0.00019545559589273552,0.0,0.00019545559589273552,300.56146034953326,300.61213116315577,-9.903894070956049e-06
15,302,contact,0.0016779658821385497,-7.203411786145032e-05,7.203411786145032e-05,0.0001757036277308025,0.0001757036277308025,0.0,0.0001757036277308025,300.56146034953326,300.60932283231955,-8.409611857753521e-06
15,311,contact,0.0016965258831506222,-5.34741168493778e-05,5.34741168493778e-05,0.00015138519957292172,0.00015138519957292172,0.0,0.00015138519957292172,300.56146034953326,300.4998132852595,9.332453128167402e-06
15,405,contact,0.001963322953209685,-3.667704679031483e-05,3.667704679031483e-05,0.00013111966169480484,0.00013111966169480484,0.0,0.00013111966169480484,300.56146034953326,300.5416124098718,2.6024551337514167e-06
15,436,contact,0.0019057038177534306,-9.42961822465694e-05,9.42961822465694e-05,0.00021024113638410397,0.00021024113638410397,0.0,0.00021024113638410397,300.56146034953326,300.58976528245466,-5.950861262671162e-06
16,86,contact,0.0014575152455463365,-4.248475445366357e-05,4.248475445366357e-05,0.00012622116668817412,0.00012622116668817412,0.0,0.00012622116668817412,300.62286029905084,300.63274422344034,-1.247560467900211e-06
16,152,contact,0.0017003950063735195,-4.960499362648054e-05,4.960499362648054e-05,0.00014580563426279993,0.00014580563426279993,0.0,0.00014580563426279993,300.62286029905084,300.70309339588437,-1.1698437572680625e-05
16,330,contact,0.0016815537548945617,-6.844624510543833e-05,6.844624510543833e-05,0.0001712720206139574,0.0001712720206139574,0.0,0.0001712720206139574,300.62286029905084,300.50948700918434,1.941767243908764e-05
16,365,contact,0.00168360112998893,-6.639887001106998e-05,6.639887001106998e-05,0.0001686910151020879,0.0001686910151020879,0.0,0.0001686910151020879,300.62286029905084,300.6240050093064,-1.931023350104642e-07
17,82,contact,0.0014003673589812072,-9.963264101879284e-05,9.963264101879284e-05,0.00019329314623660953,0.00019329314623660953,0.0,0.00019329314623660953,300.3042502511621,300.3207010486766,-3.1798264096779986e-06
17,140,contact,0.001709941722515711,-4.005827748428895e-05,4.005827748428895e-05,0.0001310260783491302,0.0001310260783491302,0.0,0.0001310260783491302,300.3042502511621,300.2264034877425,1.0199956123040918e-05
17,141,contact,0.0016793772506497756,-7.062274935022445e-05,7.062274935022445e-05,0.00017397382728062178,0.00017397382728062178,0.0,0.00017397382728062178,300.3042502511621,300.21317409378946,1.584486767213047e-05
17,419,contact,0.001986120982040117,-1.3879017959883208e-05,1.3879017959883208e-05,8.065847549201047e-05,8.065847549201047e-05,0.0,8.065847549201047e-05,300.3042502511621,300.3553242790149,-4.119553223842676e-06
17,443,contact,0.0019194474007119859,-8.055259928801419e-05,8.055259928801419e-05,0.00019431683127371302,0.00019431683127371302,0.0,0.00019431683127371302,300.3042502511621,300.35022910142186,-8.934464488084627e-06
17,448,contact,0.0019074458199644891,-9.255418003551092e-05,9.255418003551092e-05,0.00020829011472378074,0.00020829011472378074,0.0,0.00020829011472378074,300.3042502511621,300.35135272497206,-9.810979673649872e-06
18,65,contact,0.0013669765542978407,-0.00013302344570215933,0.00013302344570215933,0.00022334679791371478,0.00022334679791371478,0.0,0.00022334679791371478,300.6268097611857,300.7107302306603,-1.8743368136568864e-05
18,183,contact,0.001595381108348011,-0.00015461889165198904,0.00015461889165198904,0.0002574203552157907,0.0002574203552157907,0.0,0.0002574203552157907,300.6268097611857,300.57822757775375,1.2506042916214067e-05
18,266,contact,0.0016197300952423379,-0.00013026990475766215,0.00013026990475766215,0.0002362836413759006,0.0002362836413759006,0.0,0.0002362836413759006,300.6268097611857,300.5806125058589,1.0915655710195864e-05
18,477,contact,0.0018585011707556174,-0.00014149882924438268,0.00014149882924438268,0.0002575414067840439,0.0002575414067840439,0.0,0.0002575414067840439,300.6268097611857,300.62220470390537,1.1859929303008383e-06
19,106,contact,0.0016562971225598376,-9.370287744016239e-05,9.370287744016239e-05,0.00020039554896699648,0.00020039554896699648,0.0,0.00020039554896699648,300.4311473857638,300.3247201441264,2.1327545512968162e-05
19,311,contact,0.0016191413088733184,-0.00013085869112668168,0.00013085869112668168,0.00023681700994047976,0.00023681700994047976,0.0,0.00023681700994047976,300.4311473857638,300.4998132852595,-1.6261253003451562e-05
19,345,contact,0.0015779862985780323,-0.00017201370142196776,0.00017201370142196776,0.00027151456268913437,0.00027151456268913437,0.0,0.00027151456268913437,300.4311473857638,300.45849654269364,-7.425694383727042e-06
19,456,contact,0.001894264628318863,-0.00010573537168113707,0.00010573537168113707,0.00022262851451584768,0.00022262851451584768,0.0,0.00022262851451584768,300.4311473857638,300.42054945369165,2.3594018741582355e-06
20,24,contact,0.0014720853579191656,-2.791464208083444e-05,2.791464208083444e-05,0.00010231319944324348,0.00010231319944324348,0.0,0.00010231319944324348,300.4759959626724,300.446498466424,3.0179832167428545e-06
20,218,contact,0.0017051716223594607,-4.4828377640539294e-05,4.4828377640539294e-05,0.0001386079429395928,0.0001386079429395928,0.0,0.0001386079429395928,300.4759959626724,300.38344415689255,1.2828415414491478e-05
20,349,contact,0.0016592274226277714,-9.077257737222862e-05,9.077257737222862e-05,0.0001972372509429356,0.0001972372509429356,0.0,0.0001972372509429356,300.4759959626724,300.4248476279469,1.0088356931566045e-05
20,362,contact,0.001652677322710033,-9.732267728996711e-05,9.732267728996711e-05,0.0002042295738588252,0.0002042295738588252,0.0,0.0002042295738588252,300.4759959626724,300.5334138356977,-1.172642773982865e-05
20,457,contact,0.0019491128305205946,-5.088716947940545e-05,5.088716947940545e-05,0.0001544453323783898,0.0001544453323783898,0.0,0.0001544453323783898,300.4759959626724,300.57779232908877,-1.5721973646085794e-05
21,57,contact,0.0014536081130758734,-4.63918869241266e-05,4.63918869241266e-05,0.00013189752687805587,0.00013189752687805587,0.0,0.00013189752687805587,300.76498433908034,300.8269577333094,-8.17413743105509e-06
21,113,contact,0.001744390063059293,-5.609936940707046e-06,5.609936940707046e-06,4.9033240652382424e-05,4.9033240652382424e-05,0.0,4.9033240652382424e-05,300.76498433908034,300.7854204188141,-1.0020472155772163e-06
21,168,contact,0.00171192573331906,-3.8074266680940055e-05,3.8074266680940055e-05,0.0001277401380274032,0.0001277401380274032,0.0,0.0001277401380274032,300.76498433908034,300.73451860338133,3.891697283297995e-06
21,335,contact,0.0017358304510809793,-1.4169548919020772e-05,1.4169548919020772e-05,7.792729831347596e-05,7.792729831347596e-05,0.0,7.792729831347596e-05,300.76498433908034,300.83207368581634,-5.228091536752296e-06
21,394,contact,0.0016925802091481517,-5.741979085184838e-05,5.741979085184838e-05,0.00015687090805388136,0.00015687090805388136,0.0,0.00015687090805388136,300.76498433908034,300.6719838992641,1.458906344338563e-05
21,423,contact,0.0019492827116660118,-5.071728833398823e-05,5.071728833398823e-05,0.00015418731759310486,0.00015418731759310486,0.0,0.00015418731759310486,300.76498433908034,300.8358828127949,-1.093164548349609e-05
22,384,contact,0.0017226044349182435,-2.7395565081756498e-05,2.7395565081756498e-05,0.00010835569419098347,0.00010835569419098347,0.0,0.00010835569419098347,300.50399642390926,300.45830087798095,4.951372600498087e-06
22,424,contact,0.0019711095718909183,-2.889042810908177e-05,2.889042810908177e-05,0.0001163717670920747,0.0001163717670920747,0.0,0.0001163717670920747,300.50399642390926,300.49168021173875,1.4332593741624212e-06
22,494,contact,0.001993625144328793,-6.37485567120703e-06,6.37485567120703e-06,5.46645552060775e-05,5.46645552060775e-05,0.0,5.46645552060775e-05,300.50399642390926,300.62079298340916,-6.384631974662374e-06
23,49,contact,0.0014479314329975317,-5.2068567002468364e-05,5.2068567002468364e-05,0.0001397344360776027,0.0001397344360776027,0.0,0.0001397344360776027,300.5019022541821,300.5105884255066,-1.213757251708207e-06
23,93,contact,0.0013974583577116915,-0.00010254164228830852,0.00010254164228830852,0.00019609466045284276,0.00019609466045284276,0.0,0.00019609466045284276,300.5019022541821,300.4397859288458,1.2180679725392696e-05
23,349,contact,0.0016771952541072847,-7.280474589271531e-05,7.280474589271531e-05,0.00017664097473129174,0.00017664097473129174,0.0,0.00017664097473129174,300.5019022541821,300.4248476279469,1.3611004285735304e-05
23,405,contact,0.0019197517221999493,-8.024827780005075e-05,8.024827780005075e-05,0.00019394942696170512,0.00019394942696170512,0.0,0.00019394942696170512,300.5019022541821,300.5416124098718,-7.701761940578215e-06
23,452,contact,0.0019546350298713052,-4.536497012869482e-05,4.536497012869482e-05,0.00014582465411522736,0.00014582465411522736,0.0,0.00014582465411522736,300.5019022541821,300.55940878677296,-8.385870224430853e-06
24,52,contact,0.0014380874275926338,-6.19125724073662e-05,6.19125724073662e-05,0.00015237196150460992,0.00015237196150460992,0.0,0.00015237196150460992,300.446498466424,300.5066391438927,-9.163752992125487e-06
24,218,contact,0.0016253028427034761,-0.0001246971572965239,0.0001246971572965239,0.00023117447705438285,0.00023117447705438285,0.0,0.00023117447705438285,300.446498466424,300.38344415689255,1.4576547031952077e-05
24,362,contact,0.0016255478393452463,-0.00012445216065475376,0.00012445216065475376,0.00023094726731574193,0.00023094726731574193,0.0,0.00023094726731574193,300.446498466424,300.5334138356977,-2.0072867021498982e-05
24,482,contact,0.0018735309408974285,-0.0001264690591025715,0.0001264690591025715,0.00024347971466701367,0.00024347971466701367,0.0,0.00024347971466701367,300.446498466424,300.37389259770663,1.7678056198450135e-05
25,41,contact,0.0014999561864643843,-4.381353561574465e-08,4.381353561574465e-08,4.053402996977261e-06,4.053402996977261e-06,0.0,4.053402996977261e-06,300.0024383371299,300.134350157954,-5.346917698650801e-07
26,247,contact,0.0017451096259261196,-4.890374073880394e-06,4.890374073880394e-06,4.578072305121008e-05,4.578072305121008e-05,0.0,4.578072305121008e-05,300.4746723371921,300.47005442578387,2.114113232546462e-07
26,341,contact,0.0017204876683080289,-2.9512331691971183e-05,2.9512331691971183e-05,0.00011246395935455027,0.00011246395935455027,0.0,0.00011246395935455027,300.4746723371921,300.43471176324084,4.494124364637664e-06
26,357,contact,0.0017493277302438215,-6.722697561785049e-07,6.722697561785049e-07,1.6973968592842035e-05,1.6973968592842035e-05,0.0,1.6973968592842035e-05,300.4746723371921,300.3977810793141,1.3051497962853442e-06
26,440,contact,0.0019708197623577867,-2.9180237642213377e-05,2.9180237642213377e-05,0.0001169539926414978,0.0001169539926414978,0.0,0.0001169539926414978,300.4746723371921,300.52119607069596,-5.441136385867209e-06
26,442,contact,0.001995037968185066,-4.962031814934216e-06,4.962031814934216e-06,4.822812885910476e-05,4.822812885910476e-05,0.0,4.822812885910476e-05,300.4746723371921,300.359181789966,5.5698929936289755e-06
27,126,contact,0.0016395968931417263,-0.00011040310685827377,0.00011040310685827377,0.00021752153278462908,0.00021752153278462908,0.0,0.00021752153278462908,300.21971392043923,300.152471619818,1.462664829909195e-05
27,235,contact,0.0016075495629062255,-0.0001424504370937745,0.0001424504370937745,0.0002470833610867056,0.0002470833610867056,0.0,0.0002470833610867056,300.21971392043923,300.2563350391049,-9.048469086667402e-06
27,248,contact,0.00154629233526523,-0.00020370766473477007,0.00020370766473477007,0.00029547129282948966,0.00029547129282948966,0.0,0.00029547129282948966,300.21971392043923,300.29290158732726,-2.162485455458079e-05
27,429,contact,0.0018341676399936837,-0.0001658323600063163,0.0001658323600063163,0.00027880803208114494,0.00027880803208114494,0.0,0.00027880803208114494,300.21971392043923,300.1981585281253,6.009816511783365e-06
28,110,contact,0.0017243560370958767,-2.5643962904123296e-05,2.5643962904123296e-05,0.000104834487722566,0.000104834487722566,0.0,0.000104834487722566,300.9513295072081,300.93697893662363,1.5044347157463387e-06
28,111,contact,0.0015548166714117787,-0.00019518332858822133,0.00019518332858822133,0.0002892230937639326,0.0002892230937639326,0.0,0.0002892230937639326,300.9513295072081,300.9272877167041,6.95344102918724e-06
28,154,contact,0.0016089751876582812,-0.00014102481234171886,0.00014102481234171886,0.00024584386363972574,0.00024584386363972574,0.0,0.00024584386363972574,300.9513295072081,300.8724330625807,1.93962067746351e-05
29,88,contact,0.001400515258967213,-9.948474103278694e-05,9.948474103278694e-05,0.00019314962564627225,0.00019314962564627225,0.0,0.00019314962564627225,300.15219206056486,300.07644211534273,1.463107356237969e-05
29,139,contact,0.0016758033678507744,-7.419663214922566e-05,7.419663214922566e-05,0.00017832149796191828,0.00017832149796191828,0.0,0.00017832149796191828,300.15219206056486,300.2152634546138,-1.1246985465357204e-05
29,337,contact,0.0016878896711870716,-6.211032881292848e-05,6.211032881292848e-05,0.00016315242060232487,0.00016315242060232487,0.0,0.00016315242060232487,300.15219206056486,300.0834261670888,1.1219321975497656e-05
30,75,contact,0.0014635556125409109,-3.644438745908918e-05,3.644438745908918e-05,0.0001169044280476939,0.0001169044280476939,0.0,0.0001169044280476939,300.3940329627177,300.28957477913576,1.2211624206546047e-05
30,264,contact,0.0016169572986631398,-0.00013304270133686021,0.00013304270133686021,0.00023878505098297106,0.00023878505098297106,0.0,0.00023878505098297106,300.3940329627177,300.4240351268594,-7.164068294176755e-06
30,357,contact,0.0016758876578398681,-7.411234216013192e-05,7.411234216013192e-05,0.0001782201794251769,0.0001782201794251769,0.0,0.0001782201794251769,300.3940329627177,300.3977810793141,-6.679900123165664e-07
30,425,contact,0.001891399826424863,-0.00010860017357513705,0.00010860017357513705,0.0002256243146545724,0.0002256243146545724,0.0,0.0002256243146545724,300.3940329627177,300.3768764679828,3.870922366431406e-06
30,432,contact,0.001998617757576471,-1.3822424235290266e-06,1.3822424235290266e-06,2.5454393255963323e-05,2.5454393255963323e-05,0.0,2.5454393255963323e-05,300.3940329627177,300.35143683180945,1.084258667320753e-06
31,473,contact,0.002000001305799573,-0.0,0.0,9.682458365518543e-08,9.682458365518543e-08,0.0,9.682458365518543e-08,300.8945995062408,300.77329896439176,1.1744874461682903e-08
32,228,contact,0.0016217208273620958,-0.0001282791726379042,0.0001282791726379042,0.00023447129520132634,0.00023447129520132634,0.0,0.00023447129520132634,300.8529154312391,300.8466732725563,1.4636070312138615e-06
32,286,contact,0.0016238781203033682,-0.00012612187969663182,0.00012612187969663182,0.00023249136361529508,0.00023249136361529508,0.0,0.00023249136361529508,300.8529154312391,300.7479912549453,2.4393964822762037e-05
32,287,contact,0.0016453478945183608,-0.00010465210548163927,0.00010465210548163927,0.00021178031624604295,0.00021178031624604295,0.0,0.00021178031624604295,300.8529154312391,300.93174669634965,-1.6694910255182207e-05
32,495,contact,0.0018714044409963869,-0.00012859555900361316,0.00012859555900361316,0.00024551816283717925,0.00024551816283717925,0.0,0.00024551816283717925,300.8529154312391,300.9084663095193,-1.363874957934666e-05
33,263,contact,0.0017076698112925683,-4.233018870743177e-05,4.233018870743177e-05,0.00013469042076570326,0.00013469042076570326,0.0,0.00013469042076570326,300.55838566408124,300.64645093322264,-1.1861548155499487e-05
33,268,contact,0.0016787340557991913,-7.126594420080873e-05,7.126594420080873e-05,0.0001747642626930126,0.0001747642626930126,0.0,0.0001747642626930126,300.55838566408124,300.50241601427535,9.781494581512196e-06
33,367,contact,0.0017053760117932927,-4.4623988206707365e-05,4.4623988206707365e-05,0.00013829159907349092,0.00013829159907349092,0.0,0.00013829159907349092,300.55838566408124,300.5888938775295,-4.219029622630978e-06
33,404,contact,0.0019749736146085608,-2.502638539143929e-05,2.502638539143929e-05,0.00010831028645626031,0.00010831028645626031,0.0,0.00010831028645626031,300.55838566408124,300.5094831256678,5.296647943995272e-06
34,247,contact,0.0017012360184583436,-4.876398154165639e-05,4.876398154165639e-05,0.00014456434287935064,0.00014456434287935064,0.0,0.00014456434287935064,300.425654564508,300.47005442578387,-6.418636769277461e-06
34,357,contact,0.001714320260103112,-3.567973989688795e-05,3.567973989688795e-05,0.00012365806523905452,0.00012365806523905452,0.0,0.00012365806523905452,300.425654564508,300.3977810793141,3.44678125055158e-06
34,444,contact,0.0019515203075807332,-4.8479692419266815e-05,4.8479692419266815e-05,0.00015074765610626032,0.00015074765610626032,0.0,0.00015074765610626032,300.425654564508,300.35575783735044,1.0536767788504562e-05
35,79,contact,0.0014999960375075964,-3.962492403641882e-09,3.962492403641882e-09,1.2189891924728888e-06,1.2189891924728888e-06,0.0,1.2189891924728888e-06,300.1471056892734,300.2547257254095,-1.311876609434446e-07
35,186,contact,0.0017500397688052696,-0.0,0.0,9.258200997725515e-08,9.258200997725515e-08,0.0,9.258200997725515e-08,300.1471056892734,300.13065896108736,1.522671153014442e-09
36,100,contact,0.0013758934362805867,-0.0001241065637194133,0.0001241065637194133,0.00021573122489519216,0.00021573122489519216,0.0,0.00021573122489519216,300.0609593064784,300.15826223043854,-2.0991278971799274e-05
36,289,contact,0.0017321529517914979,-1.7847048208502166e-05,1.7847048208502166e-05,8.74570462941719e-05,8.74570462941719e-05,0.0,8.74570462941719e-05,300.0609593064784,300.14892931513145,-7.693597119266802e-06
36,447,contact,0.001954780864547226,-4.5219135452773986e-05,4.5219135452773986e-05,0.00014559007433025028,0.00014559007433025028,0.0,0.00014559007433025028,300.0609593064784,300.09301326452714,-4.666738134891969e-06
37,167,contact,0.0017323578171959742,-1.7642182804025828e-05,1.7642182804025828e-05,8.695363987458857e-05,8.695363987458857e-05,0.0,8.695363987458857e-05,300.0630937210692,300.10675857637386,-3.7968181033370106e-06
37,254,contact,0.0016737622017777792,-7.623779822222079e-05,7.623779822222079e-05,0.00018075768889659293,0.00018075768889659293,0.0,0.00018075768889659293,300.0630937210692,300.16409753676476,-1.8257216294864826e-05
37,289,contact,0.001731288608233763,-1.8711391766237104e-05,1.8711391766237104e-05,8.954980681060068e-05,8.954980681060068e-05,0.0,8.954980681060068e-05,300.0630937210692,300.14892931513145,-7.686560865747267e-06
38,80,contact,0.0014479620092046617,-5.2037990795338355e-05,5.2037990795338355e-05,0.00013969340194959777,0.00013969340194959777,0.0,0.00013969340194959777,300.8261523480572,300.85875350361766,-4.554166327732201e-06
38,131,contact,0.001740226164669409,-9.77383533059097e-06,9.77383533059097e-06,6.472083567332294e-05,6.472083567332294e-05,0.0,6.472083567332294e-05,300.8261523480572,300.73724777776386,5.753978084561553e-06
38,215,contact,0.0016569388310764526,-9.306116892354743e-05,9.306116892354743e-05,0.0001997081823814231,0.0001997081823814231,0.0,0.0001997081823814231,300.8261523480572,300.92553952319884,-1.9848432099564625e-05
38,253,contact,0.0016561048107834233,-9.389518921657674e-05,9.389518921657674e-05,0.00020060108518782466,0.00020060108518782466,0.0,0.00020060108518782466,300.8261523480572,300.7925800558056,6.734638257906312e-06
38,364,contact,0.001641852201569922,-0.00010814779843007797,0.00010814779843007797,0.00021528831011003225,0.00021528831011003225,0.0,0.00021528831011003225,300.8261523480572,300.759165780948,1.4421424833002097e-05
39,45,contact,0.001478290873948695,-2.1709126051304992e-05,2.1709126051304992e-05,9.022705951785956e-05,9.022705951785956e-05,0.0,9.022705951785956e-05,300.8165729282408,300.80919169628794,6.659868547273586e-07
39,159,contact,0.0017093698619666843,-4.063013803331573e-05,4.063013803331573e-05,0.00013195800960908913,0.00013195800960908913,0.0,0.00013195800960908913,300.8165729282408,300.78972185445,3.5432142533000277e-06
39,249,contact,0.0016942989174286798,-5.570108257132024e-05,5.570108257132024e-05,0.00015450531554145902,0.00015450531554145902,0.0,0.00015450531554145902,300.8165729282408,300.7300657184186,1.3365823750194838e-05
39,413,contact,0.001950098337853761,-4.990166214623908e-05,4.990166214623908e-05,0.0001529424863504238,0.0001529424863504238,0.0,0.0001529424863504238,300.8165729282408,300.86190061176205,-6.932528618243027e-06
39,462,contact,0.0019435164849313743,-5.648351506862574e-05,5.648351506862574e-05,0.00016271646409757776,0.00016271646409757776,0.0,0.00016271646409757776,300.8165729282408,300.78835762805767,4.591093879253725e-06
40,68,contact,0.001499649522988621,-3.5047701137905403e-07,3.5047701137905403e-07,1.1464243510460918e-05,1.1464243510460918e-05,0.0,1.1464243510460918e-05,300.87705424661056,300.8025299434733,8.543647586128686e-07
40,102,contact,0.0016400243190989579,-0.00010997568090104215,0.00010997568090104215,0.00021710005682144628,0.00021710005682144628,0.0,0.00021710005682144628,300.87705424661056,300.93347839721787,-1.2249686302949515e-05
40,355,contact,0.0016949170000020652,-5.508299999793485e-05,5.508299999793485e-05,0.00015364569632474233,0.00015364569632474233,0.0,0.00015364569632474233,300.87705424661056,300.9431870362965,-1.0161018521191438e-05
40,460,contact,0.0018518567830693603,-0.0001481432169306398,0.0001481432169306398,0.0002635187525324097,0.0002635187525324097,0.0,0.0002635187525324097,300.87705424661056,300.8166933707061,1.5906222720104383e-05
40,492,contact,0.001840200657591448,-0.000159799342408552,0.000159799342408552,0.0002736894988011209,0.0002736894988011209,0.0,0.0002736894988011209,300.87705424661056,300.93242951084704,-1.515562831486415e-05
40,497,contact,0.0018912691333863622,-0.00010873086661363786,0.00010873086661363786,0.00022576003571301708,0.00022576003571301708,0.0,0.00022576003571301708,300.87705424661056,300.8018341930291,1.6981681982885667e-05
41,79,contact,0.0015000208509651075,-0.0,0.0,8.660254037844388e-08,8.660254037844388e-08,0.0,8.660254037844388e-08,300.134350157954,300.2547257254095,-1.042482994114646e-08
41,186,contact,0.0017500011958727344,-0.0,0.0,9.258200997725515e-08,9.258200997725515e-08,0.0,9.258200997725515e-08,300.134350157954,300.13065896108736,3.4173842513266567e-10
42,274,contact,0.001735213549278589,-1.4786450721411071e-05,1.4786450721411071e-05,7.960559219788628e-05,7.960559219788628e-05,0.0,7.960559219788628e-05,300.3274262971194,300.2272462378482,7.974892944705159e-06
42,392,contact,0.0017270491272977735,-2.2950872702226554e-05,2.2950872702226554e-05,9.917705531499833e-05,9.917705531499833e-05,0.0,9.917705531499833e-05,300.3274262971194,300.31480091234755,1.252148483892473e-06
42,414,contact,0.0019684178788560124,-3.158212114398769e-05,3.158212114398769e-05,0.00012167217959025896,0.00012167217959025896,0.0,0.00012167217959025896,300.3274262971194,300.38282865780144,-6.7409259786274965e-06
43,206,contact,0.001687410708659869,-6.25892913401311e-05,6.25892913401311e-05,0.00016378028575782046,0.00016378028575782046,0.0,0.00016378028575782046,300.72564517304136,300.8012120184492,-1.2376359534709873e-05
43,258,contact,0.0016877905672801942,-6.220943271980587e-05,6.220943271980587e-05,0.00016328253259716843,0.00016328253259716843,0.0,0.00016328253259716843,300.72564517304136,300.7846289822221,-9.631025745260172e-06
43,490,contact,0.0019303436095856287,-6.965639041437138e-05,6.965639041437138e-05,0.00018069707525783749,0.00018069707525783749,0.0,0.00018069707525783749,300.72564517304136,300.65961371485474,1.1931691369331447e-05
45,249,contact,0.0016541361245072904,-9.586387549270965e-05,9.586387549270965e-05,0.00020269316236199025,0.00020269316236199025,0.0,0.00020269316236199025,300.80919169628794,300.7300657184186,1.6038294679324e-05
45,265,contact,0.001661209974205548,-8.879002579445213e-05,8.879002579445213e-05,0.00019507144382923487,0.00019507144382923487,0.0,0.00019507144382923487,300.80919169628794,300.8049707733745,8.233815270124844e-07
45,326,contact,0.001673288875239419,-7.671112476058113e-05,7.671112476058113e-05,0.0001813179426476137,0.0001813179426476137,0.0,0.0001813179426476137,300.80919169628794,300.86343682175607,-9.83561454854268e-06
45,358,contact,0.0017412970717255575,-8.702928274442528e-06,8.702928274442528e-06,6.107230471607004e-05,6.107230471607004e-05,0.0,6.107230471607004e-05,300.80919169628794,300.79370371778236,9.458865427284491e-07
46,178,contact,0.0016679860739826336,-8.201392601736644e-05,8.201392601736644e-05,0.00018748020011727688,0.00018748020011727688,0.0,0.00018748020011727688,300.05272137971184,300.0947808045449,-7.885309384516222e-06
46,294,contact,0.0016568985545289136,-9.31014454710864e-05,9.31014454710864e-05,0.00019975139420692025,0.00019975139420692025,0.0,0.00019975139420692025,300.05272137971184,300.06574608388996,-2.6017028187125163e-06
46,415,contact,0.001866120124107771,-0.00013387987589222913,0.00013387987589222913,0.00025051185964836554,0.00025051185964836554,0.0,0.00025051185964836554,300.05272137971184,300.1281101185898,-1.8885773172863223e-05
48,339,contact,0.0016666055755123952,-8.339442448760488e-05,8.339442448760488e-05,0.00018905149467154432,0.00018905149467154432,0.0,0.00018905149467154432,300.287011796709,300.3782790695969,-1.7254214354048682e-05
48,379,contact,0.001741330143617112,-8.669856382887992e-06,8.669856382887992e-06,6.095615420548958e-05,6.095615420548958e-05,0.0,6.095615420548958e-05,300.287011796709,300.233382365075,3.269043904636193e-06
48,385,contact,0.0016767427272271086,-7.325727277289148e-05,7.325727277289148e-05,0.00017718909121479493,0.00017718909121479493,0.0,0.00017718909121479493,300.287011796709,300.2785565649615,1.4981748293533048e-06
48,390,contact,0.001700440597756946,-4.955940224305399e-05,4.955940224305399e-05,0.00014573861471295693,0.00014573861471295693,0.0,0.00014573861471295693,300.287011796709,300.2988575961276,-1.7263903974355898e-06
48,432,contact,0.0019221789722083636,-7.782102779163645e-05,7.782102779163645e-05,0.00019099373491643538,0.00019099373491643538,0.0,0.00019099373491643538,300.287011796709,300.35143683180945,-1.2304778075955792e-05
48,451,contact,0.0018786034618833217,-0.00012139653811667835,0.00012139653811667835,0.00023854690784454318,0.00023854690784454318,0.0,0.00023854690784454318,300.287011796709,300.18438842522005,2.448048794127325e-05
49,224,contact,0.001671573854275066,-7.8426145724934e-05,7.8426145724934e-05,0.00018333359024108484,0.00018333359024108484,0.0,0.00018333359024108484,300.5105884255066,300.40132796876674,2.0031111805504655e-05
49,351,contact,0.0017219893457614656,-2.8010654238534412e-05,2.8010654238534412e-05,0.00010956535082875896,0.00010956535082875896,0.0,0.00010956535082875896,300.5105884255066,300.54427659156005,-3.6910557324207984e-06
50,222,contact,0.0017034254572013882,-4.6574542798611795e-05,4.6574542798611795e-05,0.00014128169853969833,0.00014128169853969833,0.0,0.00014128169853969833,300.18739124420773,300.1604835616839,3.8015630907312625e-06
50,284,contact,0.001729747236088556,-2.0252763911443985e-05,2.0252763911443985e-05,9.316520789461817e-05,9.316520789461817e-05,0.0,9.316520789461817e-05,300.18739124420773,300.0870981767649,9.343824478697959e-06
50,347,contact,0.0016985972734382497,-5.1402726561750305e-05,5.1402726561750305e-05,0.00014842418925173836,0.00014842418925173836,0.0,0.00014842418925173836,300.18739124420773,300.2274802426978,-5.950177098805979e-06
50,392,contact,0.0017371293233200242,-1.2870676679975837e-05,1.2870676679975837e-05,7.426980740124627e-05,7.426980740124627e-05,0.0,7.426980740124627e-05,300.18739124420773,300.31480091234755,-9.46269151380107e-06
50,402,contact,0.0019499292651173272,-5.0070734882672876e-05,5.0070734882672876e-05,0.0001532013608825095,0.0001532013608825095,0.0,0.0001532013608825095,300.18739124420773,300.2437497091268,-8.63419352285094e-06
50,450,contact,0.0019837473810675383,-1.6252618932461726e-05,1.6252618932461726e-05,8.728353295204905e-05,8.728353295204905e-05,0.0,8.728353295204905e-05,300.18739124420773,300.0923199749641,8.298156261820977e-06
51,317,contact,0.0016852422993827918,-6.475770061720827e-05,6.475770061720827e-05,0.0001665932179427417,0.0001665932179427417,0.0,0.0001665932179427417,300.9321713064935,300.85509189440353,1.2840907297203148e-05
51,449,contact,0.0018793416038945662,-0.00012065839610543388,0.00012065839610543388,0.00023782056928369784,0.00023782056928369784,0.0,0.00023782056928369784,300.9321713064935,300.85234003173423,1.898551920989331e-05
52,136,contact,0.001667458913826665,-8.254108617333496e-05,8.254108617333496e-05,0.000188081767370321,0.000188081767370321,0.0,0.000188081767370321,300.5066391438927,300.4814917540215,4.729765531729944e-06
52,316,contact,0.001665609472655581,-8.439052734441894e-05,8.439052734441894e-05,0.00019017720384392506,0.00019017720384392506,0.0,0.00019017720384392506,300.5066391438927,300.54730792650844,-7.734275361597762e-06
52,361,contact,0.001650217058328994,-9.978294167100601e-05,9.978294167100601e-05,0.00020679486903451587,0.00020679486903451587,0.0,0.00020679486903451587,300.5066391438927,300.48579182279417,4.311119036290791e-06
52,362,contact,0.0017434309451767795,-6.569054823220505e-06,6.569054823220505e-06,5.305948746408737e-05,5.305948746408737e-05,0.0,5.305948746408737e-05,300.5066391438927,300.5334138356977,-1.4206514241808117e-06
53,135,contact,0.0016426209106485898,-0.00010737908935141028,0.00010737908935141028,0.00021452181642442098,0.00021452181642442098,0.0,0.00021452181642442098,300.68369612550106,300.6502458451841,7.175814893502426e-06
53,180,contact,0.0016100201941901232,-0.00013997980580987687,0.00013997980580987687,0.0002449313074049336,0.0002449313074049336,0.0,0.0002449313074049336,300.68369612550106,300.66997994602144,3.359521772542989e-06
53,376,contact,0.0016062987371905637,-0.0001437012628094363,0.0001437012628094363,0.0002481657822701559,0.0002481657822701559,0.0,0.0002481657822701559,300.68369612550106,300.77318476512323,-2.220801825612913e-05
54,85,contact,0.001394840234727978,-0.00010515976527202204,0.00010515976527202204,0.00019858225493988194,0.00019858225493988194,0.0,0.00019858225493988194,300.91180827480133,300.8668362511939,8.93064585717557e-06
54,109,contact,0.0016969548397397023,-5.30451602602977e-05,5.30451602602977e-05,0.00015077678903450677,0.00015077678903450677,0.0,0.00015077678903450677,300.91180827480133,300.9039167902966,1.189852694340158e-06
55,197,contact,0.0016879637811327587,-6.20362188672413e-05,6.20362188672413e-05,0.00016305505494495842,0.00016305505494495842,0.0,0.00016305505494495842,300.43813316361945,300.51504190114827,-1.2540358423507645e-05
55,216,contact,0.001648169453582065,-0.00010183054641793501,0.00010183054641793501,0.0002089058705506946,0.0002089058705506946,0.0,0.0002089058705506946,300.43813316361945,300.3662311764616,1.5020747221534244e-05
55,264,contact,0.0016070948791207067,-0.00014290512087929337,0.00014290512087929337,0.0002474773763506706,0.0002474773763506706,0.0,0.0002474773763506706,300.43813316361945,300.4240351268594,3.4889451490750797e-06
55,339,contact,0.001688730712911031,-6.1269287088969e-05,6.1269287088969e-05,0.00016204402455898345,0.00016204402455898345,0.0,0.00016204402455898345,300.43813316361945,300.3782790695969,9.698998281748862e-06
55,348,contact,0.0016516302391033654,-9.83697608966346e-05,9.83697608966346e-05,0.0002053252759786299,0.0002053252759786299,0.0,0.0002053252759786299,300.43813316361945,300.48810319878,-1.0260111259997048e-05
55,483,contact,0.0019274590135457102,-7.254098645428984e-05,7.254098645428984e-05,0.00018440061659454494,0.00018440061659454494,0.0,0.00018440061659454494,300.43813316361945,300.46746181267076,-5.408220968946261e-06
56,148,contact,0.0016236417800007486,-0.00012635821999925148,0.00012635821999925148,0.0002327090949164258,0.0002327090949164258,0.0,0.0002327090949164258,300.9444301194611,300.9006546807964,1.0186942711240791e-05
56,215,contact,0.0016751822977995547,-7.481770220044539e-05,7.481770220044539e-05,0.00017906627129215763,0.00017906627129215763,0.0,0.00017906627129215763,300.9444301194611,300.92553952319884,3.3826686351722603e-06
56,244,contact,0.0017456198440637077,-4.380155936292316e-06,4.380155936292316e-06,4.332677794369691e-05,4.332677794369691e-05,0.0,4.332677794369691e-05,300.9444301194611,300.93014162516437,6.190744195450598e-07
56,256,contact,0.0017270792142831783,-2.292078571682174e-05,2.292078571682174e-05,9.911202691216585e-05,9.911202691216585e-05,0.0,9.911202691216585e-05,300.9444301194611,300.93243640703037,1.1887211492133912e-06
56,356,contact,0.0015912282634505958,-0.0001587717365494042,0.0001587717365494042,0.00026085442290623453,0.00026085442290623453,0.0,0.00026085442290623453,300.9444301194611,300.8754599096039,1.799118429003252e-05
57,168,contact,0.0016431527121968915,-0.00010684728780310858,0.00010684728780310858,0.00021398994082143398,0.00021398994082143398,0.0,0.00021398994082143398,300.8269577333094,300.73451860338133,1.9781043942898015e-05
57,265,contact,0.0016747055460886245,-7.529445391137556e-05,7.529445391137556e-05,0.00017963588638215865,0.00017963588638215865,0.0,0.00017963588638215865,300.8269577333094,300.8049707733745,3.9496470367559805e-06
57,326,contact,0.0016498152793873618,-0.00010018472061263826,0.00010018472061263826,0.0002072107835851885,0.0002072107835851885,0.0,0.0002072107835851885,300.8269577333094,300.86343682175607,-7.558860501501705e-06
58,178,contact,0.001636714143337193,-0.00011328585666280696,0.00011328585666280696,0.00022034309934036342,0.00022034309934036342,0.0,0.00022034309934036342,300.18322227237974,300.0947808045449,1.948746713294298e-05
58,186,contact,0.0016430363366949613,-0.00010696366330503878,0.00010696366330503878,0.00021410644546083558,0.00021410644546083558,0.0,0.00021410644546083558,300.18322227237974,300.13065896108736,1.1254143742461648e-05
58,350,contact,0.0016163441911159996,-0.00013365580888400046,0.00013365580888400046,0.00023933462129471764,0.00023933462129471764,0.0,0.00023933462129471764,300.18322227237974,300.26815210216967,-2.0326648649397278e-05
58,385,contact,0.0017086677110161005,-4.133228898389957e-05,4.133228898389957e-05,0.00013309334369515614,0.00013309334369515614,0.0,0.00013309334369515614,300.18322227237974,300.2785565649615,-1.2688359768517924e-05
58,455,contact,0.0019730676160134774,-2.693238398652261e-05,2.693238398652261e-05,0.0001123590450016485,0.0001123590450016485,0.0,0.0001123590450016485,300.18322227237974,300.18531427857556,-2.35055818300273e-07
59,393,contact,0.0016832313661823198,-6.676863381768023e-05,6.676863381768023e-05,0.0001691600685120629,0.0001691600685120629,0.0,0.0001691600685120629,300.8204443264891,300.7820486794801,6.495010278606916e-06
59,407,contact,0.0019244239064844834,-7.557609351551667e-05,7.557609351551667e-05,0.00018821873933112622,0.00018821873933112622,0.0,0.00018821873933112622,300.8204443264891,300.74839673513566,1.3560706816391044e-05
59,418,contact,0.0019291440240168693,-7.085597598313078e-05,7.085597598313078e-05,0.00018224636825487785,0.00018224636825487785,0.0,0.00018224636825487785,300.8204443264891,300.91545041467225,-1.7314514533480022e-05
59,449,contact,0.0019182347247925632,-8.176527520743684e-05,8.176527520743684e-05,0.00019577403493182136,0.00019577403493182136,0.0,0.00019577403493182136,300.8204443264891,300.85234003173423,-6.244350912833131e-06
60,326,contact,0.001676002419449327,-7.399758055067298e-05,7.399758055067298e-05,0.00017808214061896066,0.00017808214061896066,0.0,0.00017808214061896066,300.94660035526294,300.86343682175607,1.4809940068341276e-05
60,368,contact,0.001689342190351026,-6.0657809648973935e-05,6.0657809648973935e-05,0.00016123338405948858,0.00016123338405948858,0.0,0.00016123338405948858,300.94660035526294,300.9300280011644,2.672016733144728e-06
61,155,contact,0.0016854800569867335,-6.451994301326651e-05,6.451994301326651e-05,0.00016628711359736444,0.00016628711359736444,0.0,0.00016628711359736444,300.50196356365194,300.4674832162851,5.73363743947067e-06
61,156,contact,0.0016881387451569258,-6.186125484307424e-05,6.186125484307424e-05,0.00016282495619934166,0.00016282495619934166,0.0,0.00016282495619934166,300.50196356365194,300.4824777984883,3.172768859284459e-06
61,283,contact,0.0017307392760609558,-1.926072393904424e-05,1.926072393904424e-05,9.085480710384069e-05,9.085480710384069e-05,0.0,9.085480710384069e-05,300.50196356365194,300.47591842981296,2.366325610933979e-06
61,367,contact,0.0017071013193129452,-4.289868068705488e-05,4.289868068705488e-05,0.00013559184660546763,0.00013559184660546763,0.0,0.00013559184660546763,300.50196356365194,300.5888938775295,-1.178704178464731e-05
61,428,contact,0.0019319477215753015,-6.805227842469853e-05,6.805227842469853e-05,0.00017860432668773013,0.00017860432668773013,0.0,0.00017860432668773013,300.50196356365194,300.5891252491056,-1.5567454143422174e-05
62,177,contact,0.0016982477594567884,-5.175224054321161e-05,5.175224054321161e-05,0.00014892794117081054,0.00014892794117081054,0.0,0.00014892794117081054,300.18358308378237,300.1676733863956,2.3693984764587515e-06
62,202,contact,0.001612120462031296,-0.00013787953796870413,0.00013787953796870413,0.00024308687862164847,0.00024308687862164847,0.0,0.00024308687862164847,300.18358308378237,300.2269629963651,-1.0545087544617346e-05
62,420,contact,0.001904193801691414,-9.580619830858606e-05,9.580619830858606e-05,0.0002119178035398388,0.0002119178035398388,0.0,0.0002119178035398388,300.18358308378237,300.08894509327524,2.0055475079693826e-05
62,422,contact,0.001907385228526216,-9.261477147378414e-05,9.261477147378414e-05,0.00020835828308069808,0.00020835828308069808,0.0,0.00020835828308069808,300.18358308378237,300.2317369985222,-1.0033266998804881e-05
63,154,contact,0.0016031479479137285,-0.00014685205208627154,0.00014685205208627154,0.00025087166789268815,0.00025087166789268815,0.0,0.00025087166789268815,300.9346536195939,300.8724330625807,1.5609374915122035e-05
63,326,contact,0.0016445848519611268,-0.00010541514803887324,0.00010541514803887324,0.00021255098350299046,0.00021255098350299046,0.0,0.00021255098350299046,300.9346536195939,300.86343682175607,1.5137200422368417e-05
63,413,contact,0.0018100991835255876,-0.0001899008164744124,0.0001899008164744124,0.00029835550560092033,0.00029835550560092033,0.0,0.00029835550560092033,300.9346536195939,300.86190061176205,2.17062604356634e-05
64,93,contact,0.0013750369915155008,-0.0001249630084844992,0.0001249630084844992,0.0002164743129835205,0.0002164743129835205,0.0,0.0002164743129835205,300.45540657928063,300.4397859288458,3.3814695712316538e-06
64,106,contact,0.001737327448611803,-1.2672551388197067e-05,1.2672551388197067e-05,7.369595275240329e-05,7.369595275240329e-05,0.0,7.369595275240329e-05,300.45540657928063,300.3247201441264,9.631061350507317e-06
64,260,contact,0.0016980270059186336,-5.197299408136644e-05,5.197299408136644e-05,0.00014924523550380298,0.00014924523550380298,0.0,0.00014924523550380298,300.45540657928063,300.37199110967134,1.2449361406499158e-05
64,311,contact,0.0016160801705361032,-0.0001339198294638968,0.0001339198294638968,0.00023957089269647166,0.00023957089269647166,0.0,0.00023957089269647166,300.45540657928063,300.4998132852595,-1.0638554193068158e-05
64,338,contact,0.0016663392343997667,-8.366076560023332e-05,8.366076560023332e-05,0.000189353145811395,0.000189353145811395,0.0,0.000189353145811395,300.45540657928063,300.46274358156927,-1.3892844641787336e-06
64,405,contact,0.0019481916696772938,-5.180833032270623e-05,5.180833032270623e-05,0.00015583694952984848,0.00015583694952984848,0.0,0.00015583694952984848,300.45540657928063,300.5416124098718,-1.3434053671012429e-05
65,211,contact,0.0017134045935505132,-3.659540644948686e-05,3.659540644948686e-05,0.00012523476203198794,0.00012523476203198794,0.0,0.00012523476203198794,300.7107302306603,300.7420955002433,-3.92802207229332e-06
65,407,contact,0.0019368906827852451,-6.310931721475489e-05,6.310931721475489e-05,0.00017199561751514588,0.00017199561751514588,0.0,0.00017199561751514588,300.7107302306603,300.74839673513566,-6.478473696873019e-06
65,477,contact,0.0019378223540097797,-6.217764599022037e-05,6.217764599022037e-05,0.00017072132719117374,0.00017072132719117374,0.0,0.00017072132719117374,300.7107302306603,300.62220470390537,1.511319541790276e-05
65,497,contact,0.0018586576225867965,-0.00014134237741320358,0.00014134237741320358,0.00025739898875566544,0.00025739898875566544,0.0,0.00025739898875566544,300.7107302306603,300.8018341930291,-2.345006778535741e-05
66,78,contact,0.0014743469543851634,-2.5653045614836608e-05,2.5653045614836608e-05,9.808104865652553e-05,9.808104865652553e-05,0.0,9.808104865652553e-05,300.8988496192659,300.9469414275579,-4.716894989066545e-06
66,200,contact,0.0017348731395476725,-1.5126860452327516e-05,1.5126860452327516e-05,8.051670754479874e-05,8.051670754479874e-05,0.0,8.051670754479874e-05,300.8988496192659,300.94765211493257,-3.929416271050197e-06
66,305,contact,0.0017300226998941363,-1.9977300105863786e-05,1.9977300105863786e-05,9.252945501498533e-05,9.252945501498533e-05,0.0,9.252945501498533e-05,300.8988496192659,300.9543835410334,-5.138523515992114e-06
66,473,contact,0.0019747730676966404,-2.5226932303359668e-05,2.5226932303359668e-05,0.0001087433883838454,0.0001087433883838454,0.0,0.0001087433883838454,300.8988496192659,300.77329896439176,1.3652803624823902e-05
67,180,contact,0.0016006353904309376,-0.00014936460956906246,0.00014936460956906246,0.0002530087036072609,0.0002530087036072609,0.0,0.0002530087036072609,300.58315879230963,300.66997994602144,-2.1966507546311768e-05
67,251,contact,0.0015991271317190505,-0.00015087286828094956,0.00015087286828094956,0.00025428291466757165,0.00025428291466757165,0.0,0.00025428291466757165,300.58315879230963,300.49155263665705,2.3293880260830477e-05
67,340,contact,0.0016648941302377168,-8.510586976228328e-05,8.510586976228328e-05,0.0001909815283838615,0.0001909815283838615,0.0,0.0001909815283838615,300.58315879230963,300.608376154148,-4.816050305701186e-06
68,211,contact,0.0017486394666997532,-1.3605333002467915e-06,1.3605333002467915e-06,2.414716753794879e-05,2.414716753794879e-05,0.0,2.414716753794879e-05,300.8025299434733,300.7420955002433,1.4593206257376612e-06
68,492,contact,0.0019987482252650035,-1.2517747349964983e-06,1.2517747349964983e-06,2.4223323616498387e-05,2.4223323616498387e-05,0.0,2.4223323616498387e-05,300.8025299434733,300.93242951084704,-3.1465992581372606e-06
69,107,contact,0.0017263710285161755,-2.3628971483824522e-05,2.3628971483824522e-05,0.000100631516258557,0.000100631516258557,0.0,0.000100631516258557,300.2714496582608,300.3035156961206,-3.226854010236605e-06
69,271,contact,0.0016764535384256854,-7.354646157431465e-05,7.354646157431465e-05,0.00017753848062681426,0.00017753848062681426,0.0,0.00017753848062681426,300.2714496582608,300.3332682396176,-1.0975177008594486e-05
69,347,contact,0.0016943639393294445,-5.563606067055557e-05,5.563606067055557e-05,0.00015441510936973322,0.00015441510936973322,0.0,0.00015441510936973322,300.2714496582608,300.2274802426978,6.789542113079188e-06
69,422,contact,0.0019256760328778052,-7.432396712219488e-05,7.432396712219488e-05,0.0001866530460199588,0.0001866530460199588,0.0,0.0001866530460199588,300.2714496582608,300.2317369985222,7.412488905763445e-06
70,189,contact,0.0016931663153574134,-5.6833684642586604e-05,5.6833684642586604e-05,0.00015606823321307703,0.00015606823321307703,0.0,0.00015606823321307703,300.455885179276,300.42457243143957,4.886925231875027e-06
70,227,contact,0.0016039458201468613,-0.00014605417985313874,0.00014605417985313874,0.0002501892254044687,0.0002501892254044687,0.0,0.0002501892254044687,300.455885179276,300.4876214262123,-7.940067038239021e-06
70,384,contact,0.001638414825647034,-0.00011158517435296608,0.00011158517435296608,0.00021868291561034803,0.00021868291561034803,0.0,0.00021868291561034803,300.455885179276,300.45830087798095,-5.282720360378996e-07
70,445,contact,0.001919182243482885,-8.081775651711497e-05,8.081775651711497e-05,0.00019463638757282164,0.00019463638757282164,0.0,0.00019463638757282164,300.455885179276,300.42831724448774,5.365723240025644e-06
70,489,contact,0.001997305483795606,-2.694516204394034e-06,2.694516204394034e-06,3.553947763839113e-05,3.553947763839113e-05,0.0,3.553947763839113e-05,300.455885179276,300.60252289549027,-5.21142783634237e-06
71,121,contact,0.001736707735055038,-1.3292264944962055e-05,1.3292264944962055e-05,7.54763868796878e-05,7.54763868796878e-05,0.0,7.54763868796878e-05,300.7262530150543,300.7618066448436,-2.6834595169558736e-06
71,301,contact,0.001739533775757171,-1.046622424282894e-05,1.046622424282894e-05,6.69740597208958e-05,6.69740597208958e-05,0.0,6.69740597208958e-05,300.7262530150543,300.651948758314,4.976457728440069e-06
71,322,contact,0.0017378408963711269,-1.2159103628873145e-05,1.2159103628873145e-05,7.218756411165434e-05,7.218756411165434e-05,0.0,7.218756411165434e-05,300.7262530150543,300.7420996242809,-1.1439281194995464e-06
71,393,contact,0.0017396321901482503,-1.0367809851749739e-05,1.0367809851749739e-05,6.66584359201543e-05,6.66584359201543e-05,0.0,6.66584359201543e-05,300.7262530150543,300.7820486794801,-3.719251721751604e-06
72,146,contact,0.0017026891907802788,-4.731080921972124e-05,4.731080921972124e-05,0.0001423940346158021,0.0001423940346158021,0.0,0.0001423940346158021,300.2940197621893,300.34598923090095,-7.400142326693128e-06
72,201,contact,0.0016750491711591633,-7.495082884083674e-05,7.495082884083674e-05,0.0001792255109880567,0.0001792255109880567,0.0,0.0001792255109880567,300.2940197621893,300.30499596282516,-1.9672151676705994e-06
72,297,contact,0.0016646497330069171,-8.53502669930829e-05,8.53502669930829e-05,0.00019125555117219053,0.00019125555117219053,0.0,0.00019125555117219053,300.2940197621893,300.24319042666883,9.721392580682053e-06
73,250,contact,0.0017072036040616247,-4.2796395938375295e-05,4.2796395938375295e-05,0.00013543010206382473,0.00013543010206382473,0.0,0.00013543010206382473,300.69148225212393,300.61213116315577,1.0746526077834493e-05
73,288,contact,0.0017068659956239124,-4.313400437608761e-05,4.313400437608761e-05,0.00013596323722045645,0.00013596323722045645,0.0,0.00013596323722045645,300.69148225212393,300.7028624455595,-1.5472879396951692e-06
73,478,contact,0.0019505049235315965,-4.9495076468403535e-05,4.9495076468403535e-05,0.0001523181443379749,0.0001523181443379749,0.0,0.0001523181443379749,300.69148225212393,300.80163946270807,-1.6778941901622847e-05
73,480,contact,0.0019789847338966514,-2.1015266103348654e-05,2.1015266103348654e-05,9.925173039269733e-05,9.925173039269733e-05,0.0,9.925173039269733e-05,300.69148225212393,300.7295044518698,-3.773769118112728e-06
74,200,contact,0.0017257851024748128,-2.421489752518725e-05,2.421489752518725e-05,0.00010187155258010083,0.00010187155258010083,0.0,0.00010187155258010083,300.8910143243313,300.94765211493257,-5.769779663256757e-06
74,281,contact,0.0017166563673283598,-3.334363267164025e-05,3.334363267164025e-05,0.00011954132460302514,0.00011954132460302514,0.0,0.00011954132460302514,300.8910143243313,300.92456765643885,-4.011009764981085e-06
74,401,contact,0.0018918788570360422,-0.00010812114296395781,0.00010812114296395781,0.00022512615522047905,0.00022512615522047905,0.0,0.00022512615522047905,300.8910143243313,300.9176588272055,-5.998374489830888e-06
74,468,contact,0.0018956948566686564,-0.0001043051433313436,0.0001043051433313436,0.0002211176970225751,0.0002211176970225751,0.0,0.0002211176970225751,300.8910143243313,300.8196533969583,1.577916391811458e-05
75,238,contact,0.0017036371305239858,-4.6362869476014286e-05,4.6362869476014286e-05,0.00014096028236353005,0.00014096028236353005,0.0,0.00014096028236353005,300.28957477913576,300.2375848206172,7.328519232844608e-06
75,248,contact,0.0016957590492166035,-5.424095078339656e-05,5.424095078339656e-05,0.00015246678905359295,0.00015246678905359295,0.0,0.00015246678905359295,300.28957477913576,300.29290158732726,-5.072277627555844e-07
76,102,contact,0.0016819631655077935,-6.803683449220651e-05,6.803683449220651e-05,0.00017075902129551687,0.00017075902129551687,0.0,0.00017075902129551687,300.9365312329606,300.93347839721787,5.212992436031003e-07
76,187,contact,0.0016878665956597402,-6.213340434025987e-05,6.213340434025987e-05,0.0001631827253728512,0.0001631827253728512,0.0,0.0001631827253728512,300.9365312329606,300.93223084668665,7.017487523374799e-07
76,492,contact,0.001953482395789888,-4.651760421011189e-05,4.651760421011189e-05,0.00014766559170466877,0.00014766559170466877,0.0,0.00014766559170466877,300.9365312329606,300.93242951084704,6.056832229049246e-07
76,497,contact,0.0019858475734257654,-1.4152426574234617e-05,1.4152426574234617e-05,8.144906357148912e-05,8.144906357148912e-05,0.0,8.144906357148912e-05,300.9365312329606,300.8018341930291,1.0970947768271787e-05
77,194,contact,0.0017133098699301298,-3.669013006987027e-05,3.669013006987027e-05,0.00012539673623550106,0.00012539673623550106,0.0,0.00012539673623550106,300.5513910139541,300.5815028060439,-3.77592045025908e-06
77,268,contact,0.0017079991012878195,-4.2000898712180566e-05,4.2000898712180566e-05,0.00013416551405768585,0.00013416551405768585,0.0,0.00013416551405768585,300.5513910139541,300.50241601427535,6.570756007876142e-06
77,437,contact,0.0019867033699070428,-1.3296630092957291e-05,1.3296630092957291e-05,7.894805479600957e-05,7.894805479600957e-05,0.0,7.894805479600957e-05,300.5513910139541,300.6805403617374,-1.0196089785665768e-05
78,109,contact,0.0017264391955261558,-2.3560804473844255e-05,2.3560804473844255e-05,0.0001004862559340706,0.0001004862559340706,0.0,0.0001004862559340706,300.9469414275579,300.9039167902966,4.323384711307814e-06
80,142,contact,0.0017108125803199485,-3.918741968005155e-05,3.918741968005155e-05,0.00012959401388300235,0.00012959401388300235,0.0,0.00012959401388300235,300.85875350361766,300.9060602770661,-6.130674655037213e-06
80,215,contact,0.0017335229496632,-1.6477050336800034e-05,1.6477050336800034e-05,8.403328508088761e-05,8.403328508088761e-05,0.0,8.403328508088761e-05,300.85875350361766,300.92553952319884,-5.612248622882427e-06
80,253,contact,0.0017258631999669033,-2.413680003309675e-05,2.413680003309675e-05,0.00010170714267605387,0.00010170714267605387,0.0,0.00010170714267605387,300.85875350361766,300.7925800558056,6.730312297986363e-06
80,261,contact,0.0017000095337673844,-4.999046623261564e-05,4.999046623261564e-05,0.00014637105427052114,0.00014637105427052114,0.0,0.00014637105427052114,300.85875350361766,300.9113433245408,-7.697627532414585e-06
80,488,contact,0.0019497524452863242,-5.0247554713675827e-05,5.0247554713675827e-05,0.0001534716301862841,0.0001534716301862841,0.0,0.0001534716301862841,300.85875350361766,300.7969079798731,9.491533348805246e-06
81,232,contact,0.0016487489135705296,-0.00010125108642947047,0.00010125108642947047,0.00020831064004387135,0.00020831064004387135,0.0,0.00020831064004387135,300.283598955009,300.30916805403785,-5.326315384049306e-06
81,236,contact,0.0016502975095418393,-9.970249045816075e-05,9.970249045816075e-05,0.0002067114867823827,0.0002067114867823827,0.0,0.0002067114867823827,300.283598955009,300.28525439018705,-3.421974669297873e-07
82,350,contact,0.0016494928295994497,-0.00010050717040055034,0.00010050717040055034,0.00020754397509982277,0.00020754397509982277,0.0,0.00020754397509982277,300.3207010486766,300.26815210216967,1.0906217245356472e-05
82,443,contact,0.0019523986426956976,-4.7601357304302445e-05,4.7601357304302445e-05,0.00014937582212791925,0.00014937582212791925,0.0,0.00014937582212791925,300.3207010486766,300.35022910142186,-4.410777154660263e-06
83,136,contact,0.0016815655274178291,-6.843447258217091e-05,6.843447258217091e-05,0.00017125729087566824,0.00017125729087566824,0.0,0.00017125729087566824,300.53540708313807,300.4814917540215,9.23339320117753e-06
83,227,contact,0.001678260573093463,-7.173942690653695e-05,7.173942690653695e-05,0.00017534385838754125,0.00017534385838754125,0.0,0.00017534385838754125,300.53540708313807,300.4876214262123,8.37892146095002e-06
83,272,contact,0.001710551519656746,-3.9448480343253975e-05,3.9448480343253975e-05,0.00013002496520161147,0.00013002496520161147,0.0,0.00013002496520161147,300.53540708313807,300.5944568539879,-7.677944399909749e-06
83,404,contact,0.001976166427126015,-2.3833572873985243e-05,2.3833572873985243e-05,0.00010569762194430196,0.00010569762194430196,0.0,0.00010569762194430196,300.53540708313807,300.5094831256678,2.7401006559896498e-06
83,489,contact,0.0019239203168080708,-7.607968319192919e-05,7.607968319192919e-05,0.00018884478149055857,0.00018884478149055857,0.0,0.00018884478149055857,300.53540708313807,300.60252289549027,-1.2674470918212372e-05
85,148,contact,0.0017414302904222145,-8.569709577785573e-06,8.569709577785573e-06,6.060307480808063e-05,6.060307480808063e-05,0.0,6.060307480808063e-05,300.8668362511939,300.9006546807964,-2.049500819091546e-06
85,182,contact,0.0016594203766677083,-9.057962333229174e-05,9.057962333229174e-05,0.00019702750714299303,0.00019702750714299303,0.0,0.00019702750714299303,300.8668362511939,300.80016755816087,1.3135566392777933e-05
85,244,contact,0.001692366683117167,-5.7633316882832984e-05,5.7633316882832984e-05,0.0001571623140252954,0.0001571623140252954,0.0,0.0001571623140252954,300.8668362511939,300.93014162516437,-9.949219063437213e-06
85,258,contact,0.0016841419364471628,-6.585806355283727e-05,6.585806355283727e-05,0.0001680026320620823,0.0001680026320620823,0.0,0.0001680026320620823,300.8668362511939,300.7846289822221,1.381103756189554e-05
85,352,contact,0.001730792101697948,-1.9207898302052136e-05,1.9207898302052136e-05,9.073012958860579e-05,9.073012958860579e-05,0.0,9.073012958860579e-05,300.8668362511939,300.9001843162337,-3.025674262593162e-06
86,135,contact,0.001720165675509194,-2.9834324490806037e-05,2.9834324490806037e-05,0.00011307581115114011,0.00011307581115114011,0.0,0.00011307581115114011,300.63274422344034,300.6502458451841,-1.9790100751346645e-06
86,369,contact,0.0017250433721214087,-2.4956627878591374e-05,2.4956627878591374e-05,0.00010342000610255951,0.00010342000610255951,0.0,0.00010342000610255951,300.63274422344034,300.5555958702514,7.978683157601727e-06
87,261,contact,0.0017173996263700538,-3.260037362994624e-05,3.260037362994624e-05,0.00011820147502695721,0.00011820147502695721,0.0,0.00011820147502695721,300.8819963165081,300.9113433245408,-3.4688596370915617e-06
87,476,contact,0.001967766722407918,-3.2233277592082134e-05,3.2233277592082134e-05,0.0001229200914061184,0.0001229200914061184,0.0,0.0001229200914061184,300.8819963165081,300.83562140664554,5.700408159255133e-06
88,176,contact,0.0016383717607734829,-0.00011162823922651719,0.00011162823922651719,0.00021872511047939065,0.00021872511047939065,0.0,0.00021872511047939065,300.07644211534273,300.0564173381998,4.379921592907646e-06
88,353,contact,0.0016664728170900354,-8.352718290996464e-05,8.352718290996464e-05,0.00018920191358511826,0.00018920191358511826,0.0,0.00018920191358511826,300.07644211534273,300.0941601835353,-3.3522924070621944e-06
89,222,contact,0.0017245866672626223,-2.5413332737377753e-05,2.5413332737377753e-05,0.00010436200609426324,0.00010436200609426324,0.0,0.00010436200609426324,300.0897144019637,300.1604835616839,-7.385611478006888e-06
89,412,contact,0.0019500923414033516,-4.990765859664843e-05,4.990765859664843e-05,0.00015295167526764442,0.00015295167526764442,0.0,0.00015295167526764442,300.0897144019637,300.1468719678003,-8.74234544892497e-06
90,355,contact,0.0017063641962172082,-4.363580378279183e-05,4.363580378279183e-05,0.00013675181448175977,0.00013675181448175977,0.0,0.00013675181448175977,300.87451411948297,300.9431870362965,-9.391145980002661e-06
90,368,contact,0.001691336927354828,-5.866307264517203e-05,5.866307264517203e-05,0.0001585601363771199,0.0001585601363771199,0.0,0.0001585601363771199,300.87451411948297,300.9300280011644,-8.80228865022711e-06
90,460,contact,0.001934981487879406,-6.5018512120594e-05,6.5018512120594e-05,0.00017457785528677007,0.00017457785528677007,0.0,0.00017457785528677007,300.87451411948297,300.8166933707061,1.009422231253975e-05
91,217,contact,0.0016638326198064523,-8.616738019354771e-05,8.616738019354771e-05,0.00019216887683963334,0.00019216887683963334,0.0,0.00019216887683963334,300.5739148351303,300.50135145938674,1.3944422416336909e-05
91,290,contact,0.0017165886936445012,-3.341130635549881e-05,3.341130635549881e-05,0.00011966257265834533,0.00011966257265834533,0.0,0.00011966257265834533,300.5739148351303,300.5687875941761,6.135388432199208e-07
91,292,contact,0.0016827190058096454,-6.728099419035468e-05,6.728099419035468e-05,0.00016980786729673715,0.00016980786729673715,0.0,0.00016980786729673715,300.5739148351303,300.57249978255305,2.402870602593157e-07
91,303,contact,0.001690129390941711,-5.987060905828911e-05,5.987060905828911e-05,0.00016018374590935397,0.00016018374590935397,0.0,0.00016018374590935397,300.5739148351303,300.61911632299154,-7.24054364628647e-06
91,405,contact,0.0019776633912233395,-2.2336608776660563e-05,2.2336608776660563e-05,0.00010232441235628787,0.00010232441235628787,0.0,0.00010232441235628787,300.5739148351303,300.5416124098718,3.3053266822625607e-06
91,431,contact,0.0019380309332899543,-6.196906671004573e-05,6.196906671004573e-05,0.00017043473830277071,0.00017043473830277071,0.0,0.00017043473830277071,300.5739148351303,300.63765202547074,-1.0863031355823146e-05
92,193,contact,0.0017361852096624785,-1.381479033752157e-05,1.381479033752157e-05,7.694559396330882e-05,7.694559396330882e-05,0.0,7.694559396330882e-05,300.39762353058825,300.53774518161043,-1.0781743665021452e-05
92,227,contact,0.001729445314660166,-2.055468533983403e-05,2.055468533983403e-05,9.385707677063498e-05,9.385707677063498e-05,0.0,9.385707677063498e-05,300.39762353058825,300.4876214262123,-8.44693939878088e-06
92,324,contact,0.0017259395812426336,-2.4060418757366466e-05,2.4060418757366466e-05,0.00010154608824997319,0.00010154608824997319,0.0,0.00010154608824997319,300.39762353058825,300.460400411611,-6.374746700392009e-06
93,160,contact,0.0016277058010631287,-0.00012229419893687132,0.00012229419893687132,0.0002289362346688995,0.0002289362346688995,0.0,0.0002289362346688995,300.4397859288458,300.427973057567,2.704394271204825e-06
93,224,contact,0.001690764738589021,-5.923526141097895e-05,5.923526141097895e-05,0.00015933154303120667,0.00015933154303120667,0.0,0.00015933154303120667,300.4397859288458,300.40132796876674,6.1275661212332795e-06
93,260,contact,0.0016538231444410856,-9.617685555891441e-05,9.617685555891441e-05,0.00020302377294886402,0.00020302377294886402,0.0,0.00020302377294886402,300.4397859288458,300.37199110967134,1.3763959975188998e-05
94,112,contact,0.0017478739543800058,-2.1260456199941914e-06,2.1260456199941914e-06,3.0185466843647443e-05,3.0185466843647443e-05,0.0,3.0185466843647443e-05,300.2886673917058,300.16950086000395,3.597097391559097e-06
94,132,contact,0.0016970017598399842,-5.299824016001585e-05,5.299824016001585e-05,0.00015071009089357503,0.00015071009089357503,0.0,0.00015071009089357503,300.2886673917058,300.2073562117352,1.2254415324034787e-05
94,430,contact,0.001909484614863393,-9.051538513660706e-05,9.051538513660706e-05,0.00020598321966311858,0.00020598321966311858,0.0,0.00020598321966311858,300.2886673917058,300.3443102264148,-1.1461490244537675e-05
94,471,contact,0.0019262025565344894,-7.379744346551064e-05,7.379744346551064e-05,0.0001859907299422692,0.0001859907299422692,0.0,0.0001859907299422692,300.2886673917058,300.28594897313775,5.056006537630866e-07
95,178,contact,0.0016841059697599208,-6.589403024007926e-05,6.589403024007926e-05,0.00016804850095826406,0.00016804850095826406,0.0,0.00016804850095826406,300.06177899605973,300.0947808045449,-5.5459044448416985e-06
95,294,contact,0.0016990599839325864,-5.0940016067413645e-05,5.0940016067413645e-05,0.00014775464614509755,0.00014775464614509755,0.0,0.00014775464614509755,300.06177899605973,300.06574608388996,-5.861556585826205e-07
95,455,contact,0.0018543371130521657,-0.00014566288694783437,0.00014566288694783437,0.00026130342182374374,0.00026130342182374374,0.0,0.00026130342182374374,300.06177899605973,300.18531427857556,-3.228019203734969e-05
96,124,contact,0.0016765175976163355,-7.348240238366451e-05,7.348240238366451e-05,0.00017746114550635484,0.00017746114550635484,0.0,0.00017746114550635484,300.1545903592091,300.068957052946,1.5196584622947153e-05
96,293,contact,0.001688006788635934,-6.1993211364066e-05,6.1993211364066e-05,0.00016299852501181806,0.00016299852501181806,0.0,0.00016299852501181806,300.1545903592091,300.16761524785466,-2.1230376376648886e-06
96,320,contact,0.0017211217180434983,-2.8878281956501743e-05,2.8878281956501743e-05,0.00011124929911143918,0.00011124929911143918,0.0,0.00011124929911143918,300.1545903592091,300.0733209897199,9.041160394905926e-06
97,186,contact,0.0017003131652727971,-4.96868347272029e-05,4.96868347272029e-05,0.000145925863849524,0.000145925863849524,0.0,0.000145925863849524,300.23996011507916,300.13065896108736,1.5949865316002364e-05
97,255,contact,0.0017197456196775152,-3.0254380322484835e-05,3.0254380322484835e-05,0.00011386906074676582,0.00011386906074676582,0.0,0.00011386906074676582,300.23996011507916,300.2365308172075,3.904909276670497e-07
97,400,contact,0.0017387540123893312,-1.1245987610668815e-05,1.1245987610668815e-05,6.942412387636535e-05,6.942412387636535e-05,0.0,6.942412387636535e-05,300.23996011507916,300.2194586259585,1.4232979203617829e-06
97,442,contact,0.0019526398683833135,-4.73601316166865e-05,4.73601316166865e-05,0.00014899685129331357,0.00014899685129331357,0.0,0.00014899685129331357,300.23996011507916,300.359181789966,-1.776365416405285e-05
98,145,contact,0.0016307373926957086,-0.00011926260730429146,0.00011926260730429146,0.00022608083949674613,0.00022608083949674613,0.0,0.00022608083949674613,300.94494346972186,300.9341867238391,2.4318941394272946e-06
98,287,contact,0.0016862058998713648,-6.379410012863525e-05,6.379410012863525e-05,0.00016534911135702532,0.00016534911135702532,0.0,0.00016534911135702532,300.94494346972186,300.93174669634965,2.1820747498757914e-06
98,465,contact,0.0019040325021829328,-9.596749781706727e-05,9.596749781706727e-05,0.00021209612113791775,0.00021209612113791775,0.0,0.00021209612113791775,300.94494346972186,300.83013118417756,2.4351240422925788e-05
98,495,contact,0.001983675706351721,-1.6324293648279156e-05,1.6324293648279156e-05,8.747578320673017e-05,8.747578320673017e-05,0.0,8.747578320673017e-05,300.94494346972186,300.9084663095193,3.1908681578743013e-06
99,345,contact,0.001648580970440943,-0.00010141902955905697,0.00010141902955905697,0.00020848332878782656,0.00020848332878782656,0.0,0.00020848332878782656,300.52726581769906,300.45849654269364,1.4337247371455964e-05
99,351,contact,0.0017151250673055887,-3.487493269441135e-05,3.487493269441135e-05,0.00012225546910537904,0.00012225546910537904,0.0,0.00012225546910537904,300.52726581769906,300.54427659156005,-2.0796601382206802e-06
99,374,contact,0.0016565870474864884,-9.341295251351161e-05,9.341295251351161e-05,0.00020008528807933553,0.00020008528807933553,0.0,0.00020008528807933553,300.52726581769906,300.61073956751704,-1.670186927939359e-05
99,384,contact,0.0016540052875973518,-9.599471240264823e-05,9.599471240264823e-05,0.0002028314350136743,0.0002028314350136743,0.0,0.0002028314350136743,300.52726581769906,300.45830087798095,1.3988257688656653e-05
100,115,contact,0.0016967708387404588,-5.322916125954122e-05,5.322916125954122e-05,0.00015103806699855675,0.00015103806699855675,0.0,0.00015103806699855675,300.15826223043854,300.07796114551866,1.2128520644185828e-05
100,130,contact,0.0017031528406164834,-4.684715938351662e-05,4.684715938351662e-05,0.0001416945800710356,0.0001416945800710356,0.0,0.0001416945800710356,300.15826223043854,300.20400429375,-6.48140245250279e-06
100,143,contact,0.0016881651241806893,-6.183487581931072e-05,6.183487581931072e-05,0.00016279023639462803,0.00016279023639462803,0.0,0.00016279023639462803,300.15826223043854,300.17126478013023,-2.11668813804335e-06
100,306,contact,0.0016685050669686314,-8.149493303136863e-05,8.149493303136863e-05,0.00018688606119929478,0.00018688606119929478,0.0,0.00018688606119929478,300.15826223043854,300.262537130994,-1.948752544676201e-05
100,380,contact,0.0016677379648194128,-8.226203518058722e-05,8.226203518058722e-05,0.00018776356924211197,0.00018776356924211197,0.0,0.00018776356924211197,300.15826223043854,300.2118959265496,-1.0070454213454726e-05
101,111,contact,0.001972671096479086,-2.7328903520913977e-05,2.7328903520913977e-05,0.00011689504591922187,0.00011689504591922187,0.0,0.00011689504591922187,300.92562896631875,300.9272877167041,-1.9389970246186278e-07
101,154,contact,0.0019347200734380159,-6.527992656198416e-05,6.527992656198416e-05,0.00018066533502858836,0.00018066533502858836,0.0,0.00018066533502858836,300.92562896631875,300.8724330625807,9.61065577098724e-06
101,241,contact,0.0019399445245215133,-6.005547547848671e-05,6.005547547848671e-05,0.0001732851342130748,0.0001732851342130748,0.0,0.0001732851342130748,300.92562896631875,300.9238316972367,3.1144001409708537e-07
101,358,contact,0.00197074225397539,-2.9257746024610124e-05,2.9257746024610124e-05,0.00012094987809958744,0.00012094987809958744,0.0,0.00012094987809958744,300.92562896631875,300.79370371778236,1.5956342728734198e-05
101,463,contact,0.002177330087277535,-7.266991272246535e-05,7.266991272246535e-05,0.00020092828007700403,0.00020092828007700403,0.0,0.00020092828007700403,300.92562896631875,300.84886073392516,1.5424908899395803e-05
102,145,contact,0.001889384391309774,-0.00011061560869022615,0.00011061560869022615,0.00023517611346629802,0.00023517611346629802,0.0,0.00023517611346629802,300.93347839721787,300.9341867238391,-1.6658150184704654e-07
102,256,contact,0.0018694344352474625,-0.0001305655647525375,0.0001305655647525375,0.00025550495567849314,0.00025550495567849314,0.0,0.00025550495567849314,300.93347839721787,300.93243640703037,2.662336566752526e-07
102,355,contact,0.0019441608415365224,-5.58391584634776e-05,5.58391584634776e-05,0.00016709152950325997,0.00016709152950325997,0.0,0.00016709152950325997,300.93347839721787,300.9431870362965,-1.6222313530401164e-06
102,460,contact,0.002210155073571988,-3.9844926428012246e-05,3.9844926428012246e-05,0.00014878195535005103,0.00014878195535005103,0.0,0.00014878195535005103,300.93347839721787,300.8166933707061,1.7375504600027736e-05
102,497,contact,0.0022375769835552024,-1.2423016444797902e-05,1.2423016444797902e-05,8.307632516346339e-05,8.307632516346339e-05,0.0,8.307632516346339e-05,300.93347839721787,300.8018341930291,1.0936516713071957e-05
103,132,contact,0.001946635985077848,-5.336401492215203e-05,5.336401492215203e-05,0.00016334628083025342,0.00016334628083025342,0.0,0.00016334628083025342,300.26810694096946,300.2073562117352,9.923405678141714e-06
103,387,contact,0.0019353377012810975,-6.466229871890253e-05,6.466229871890253e-05,0.00017980864650914667,0.00017980864650914667,0.0,0.00017980864650914667,300.26810694096946,300.35836981499506,-1.623004520856834e-05
103,395,contact,0.001944851893178502,-5.5148106821498134e-05,5.5148106821498134e-05,0.0001660543688396938,0.0001660543688396938,0.0,0.0001660543688396938,300.26810694096946,300.18811145380107,1.3283600131770733e-05
103,430,contact,0.0021169047810659786,-0.0001330952189340217,0.0001330952189340217,0.0002719223938859739,0.0002719223938859739,0.0,0.0002719223938859739,300.26810694096946,300.3443102264148,-2.0721379800270583e-05
103,458,contact,0.002123384445384302,-0.00012661555461569848,0.00012661555461569848,0.00026522061531204387,0.00026522061531204387,0.0,0.00026522061531204387,300.26810694096946,300.21568514636914,1.3903340619658576e-05
104,161,contact,0.0019605693691425456,-3.9430630857454404e-05,3.9430630857454404e-05,0.00014041123683212537,0.00014041123683212537,0.0,0.00014041123683212537,300.9473404683631,300.9451021332417,3.1428740284519456e-07
104,187,contact,0.001897085581778304,-0.00010291441822169595,0.00010291441822169595,0.00022684181517270568,0.00022684181517270568,0.0,0.00022684181517270568,300.9473404683631,300.93223084668665,3.427494007660723e-06
104,407,contact,0.00224907821894682,-9.217810531801131e-07,9.217810531801131e-07,2.2629639526516166e-05,2.2629639526516166e-05,0.0,2.2629639526516166e-05,300.9473404683631,300.74839673513566,4.502024968996634e-06
104,418,contact,0.002148458108559718,-0.0001015418914402824,0.0001015418914402824,0.0002375124458028842,0.0002375124458028842,0.0,0.0002375124458028842,300.9473404683631,300.91545041467225,7.574284648901125e-06
104,492,contact,0.0021546102629996645,-9.538973700033574e-05,9.538973700033574e-05,0.00023020490510308386,0.00023020490510308386,0.0,0.00023020490510308386,300.9473404683631,300.93242951084704,3.432575559981877e-06
105,214,contact,0.001921088031533172,-7.891196846682809e-05,7.891196846682809e-05,0.0001986353045996961,0.0001986353045996961,0.0,0.0001986353045996961,300.68719623350364,300.7400299524272,-1.0494641851520023e-05
105,286,contact,0.0018855618067833261,-0.00011443819321667391,0.00011443819321667391,0.00023920513499575412,0.00023920513499575412,0.0,0.00023920513499575412,300.68719623350364,300.7479912549453,-1.4542481311022827e-05
105,366,contact,0.0018140515534295048,-0.00018594844657049523,0.00018594844657049523,0.000304916748121922,0.000304916748121922,0.0,0.000304916748121922,300.68719623350364,300.6988364877888,-3.5493084839459368e-06
105,374,contact,0.0018748327895041737,-0.0001251672104958263,0.0001251672104958263,0.00025016715461449604,0.00025016715461449604,0.0,0.00025016715461449604,300.68719623350364,300.61073956751704,1.9126946581178074e-05
105,462,contact,0.0021603227240547954,-8.967727594520487e-05,8.967727594520487e-05,0.00022320553052836113,0.00022320553052836113,0.0,0.00022320553052836113,300.68719623350364,300.78835762805767,-2.2579782740420276e-05
105,494,contact,0.002196732213766621,-5.3267786233379254e-05,5.3267786233379254e-05,0.00017202678446712763,0.00017202678446712763,0.0,0.00017202678446712763,300.68719623350364,300.62079298340916,1.1423137591920114e-05
106,212,contact,0.0019156889961838798,-8.431100381612027e-05,8.431100381612027e-05,0.00020531805061430944,0.00020531805061430944,0.0,0.00020531805061430944,300.3247201441264,300.26557398685065,1.2143773713181042e-05
106,260,contact,0.001955109872792064,-4.4890127207936146e-05,4.4890127207936146e-05,0.00014981676676516575,0.00014981676676516575,0.0,0.00014981676676516575,300.3247201441264,300.37199110967134,-7.08198321981248e-06
106,359,contact,0.0018976812370363994,-0.00010231876296360061,0.00010231876296360061,0.00022618439707857902,0.00022618439707857902,0.0,0.00022618439707857902,300.3247201441264,300.32625228638983,-3.4654667409544007e-07
106,426,contact,0.002182651799806831,-6.73482001931694e-05,6.73482001931694e-05,0.000193431297296955,0.000193431297296955,0.0,0.000193431297296955,300.3247201441264,300.2148709550494,2.1248271150184656e-05
106,486,contact,0.0021672963627718295,-8.270363722817078e-05,8.270363722817078e-05,0.0002143512657456483,0.0002143512657456483,0.0,0.0002143512657456483,300.3247201441264,300.2847257087128,8.57285785368249e-06
107,202,contact,0.0019476309408098852,-5.236905919011486e-05,5.236905919011486e-05,0.00016181634526541943,0.00016181634526541943,0.0,0.00016181634526541943,300.3035156961206,300.2269629963651,1.2387478094635286e-05
107,218,contact,0.0019059776038820608,-9.402239611793926e-05,9.402239611793926e-05,0.0002168206587458161,0.0002168206587458161,0.0,0.0002168206587458161,300.3035156961206,300.38344415689255,-1.733014151711393e-05
107,486,contact,0.0021777115628606293,-7.228843713937092e-05,7.228843713937092e-05,0.00020040020672445943,0.00020040020672445943,0.0,0.00020040020672445943,300.3035156961206,300.2847257087128,3.7655173608702443e-06
108,119,contact,0.0019764746612204523,-2.3525338779547753e-05,2.3525338779547753e-05,0.00010845584073609811,0.00010845584073609811,0.0,0.00010845584073609811,300.89675843836505,300.9306017228133,-3.6705018681076886e-06
108,478,contact,0.00222998552911538,-2.0014470884620415e-05,2.0014470884620415e-05,0.00010544738257280636,0.00010544738257280636,0.0,0.00010544738257280636,300.89675843836505,300.80163946270807,1.0030047016035812e-05
109,205,contact,0.0018862143438379431,-0.00011378565616205691,0.00011378565616205691,0.0002385221752395958,0.0002385221752395958,0.0,0.0002385221752395958,300.9039167902966,300.8686160537387,8.420008471343531e-06
109,333,contact,0.0019778747126387476,-2.2125287361252424e-05,2.2125287361252424e-05,0.00010517910287041915,0.00010517910287041915,0.0,0.00010517910287041915,300.9039167902966,300.9398667939293,-3.7811891302763564e-06
109,352,contact,0.0018902322806470112,-0.00010976771935298883,0.00010976771935298883,0.00023427304513429285,0.00023427304513429285,0.0,0.00023427304513429285,300.9039167902966,300.9001843162337,8.744180645937697e-07
110,243,contact,0.0019621060469936368,-3.7893953006363276e-05,3.7893953006363276e-05,0.00013764801670631378,0.00013764801670631378,0.0,0.00013764801670631378,300.93697893662363,300.8582532805325,1.0836430424848388e-05
110,281,contact,0.001943152167819083,-5.684783218091712e-05,5.684783218091712e-05,0.00016859393847484125,0.00016859393847484125,0.0,0.00016859393847484125,300.93697893662363,300.92456765643885,2.09246660786659e-06
110,468,contact,0.0021289730441386525,-0.00012102695586134775,0.00012102695586134775,0.0002593013646334102,0.0002593013646334102,0.0,0.0002593013646334102,300.93697893662363,300.8196533969583,3.042267254157145e-05
111,223,contact,0.0019486679315175793,-5.133206848242076e-05,5.133206848242076e-05,0.0001602062241025934,0.0001602062241025934,0.0,0.0001602062241025934,300.9272877167041,300.9252562324559,3.254564207222352e-07
111,231,contact,0.0018173339409420601,-0.0001826660590579399,0.0001826660590579399,0.00030221354954563167,0.00030221354954563167,0.0,0.00030221354954563167,300.9272877167041,300.84302068734064,2.546663805359285e-05
111,463,contact,0.002159628707949586,-9.037129205041435e-05,9.037129205041435e-05,0.0002240675642777002,0.0002240675642777002,0.0,0.0002240675642777002,300.9272877167041,300.84886073392516,1.757294300492212e-05
112,122,contact,0.001901413879091031,-9.858612090896893e-05,9.858612090896893e-05,0.00022202040549121712,0.00022202040549121712,0.0,0.00022202040549121712,300.16950086000395,300.1203130513706,1.0920697218000445e-05
112,416,contact,0.002215460185356532,-3.453981464346823e-05,3.453981464346823e-05,0.00013852359334437547,0.00013852359334437547,0.0,0.00013852359334437547,300.16950086000395,300.0861823653622,1.1541577269816598e-05
112,470,contact,0.002160252735121517,-8.974726487848313e-05,8.974726487848313e-05,0.00022329261429603373,0.00022329261429603373,0.0,0.00022329261429603373,300.16950086000395,300.24954486385127,-1.787323487778982e-05
112,474,contact,0.0021953874669406307,-5.461253305936954e-05,5.461253305936954e-05,0.00017418466104710307,0.00017418466104710307,0.0,0.00017418466104710307,300.16950086000395,300.08892890604926,1.4034398489500217e-05
113,205,contact,0.0019605080617023742,-3.94919382976258e-05,3.94919382976258e-05,0.0001405203513688067,0.0001405203513688067,0.0,0.0001405203513688067,300.7854204188141,300.8686160537387,-1.1690679851956745e-05
113,258,contact,0.001936221616473693,-6.377838352630708e-05,6.377838352630708e-05,0.00017857545117723638,0.00017857545117723638,0.0,0.00017857545117723638,300.7854204188141,300.7846289822221,1.413311464963755e-07
113,423,contact,0.002179893852025828,-7.010614797417231e-05,7.010614797417231e-05,0.00019735212181694748,0.00019735212181694748,0.0,0.00019735212181694748,300.7854204188141,300.8358828127949,-9.958860524075303e-06
113,437,contact,0.0021963774543780038,-5.36225456219965e-05,5.36225456219965e-05,0.00017259867648198056,0.00017259867648198056,0.0,0.00017259867648198056,300.7854204188141,300.6805403617374,1.8102159040790297e-05
113,493,contact,0.002209679465012969,-4.032053498703118e-05,4.032053498703118e-05,0.00014966728839334705,0.00014966728839334705,0.0,0.00014966728839334705,300.7854204188141,300.827921503018,-6.361022026571634e-06
114,118,contact,0.0019117279849915887,-8.827201500841131e-05,8.827201500841131e-05,0.00021008571466000646,0.00021008571466000646,0.0,0.00021008571466000646,300.5987568573123,300.650183408447,-1.0803983747629052e-05
114,302,contact,0.0019521118865121355,-4.788811348786456e-05,4.788811348786456e-05,0.00015473867242526116,0.00015473867242526116,0.0,0.00015473867242526116,300.5987568573123,300.60932283231955,-1.634964945498668e-06
114,316,contact,0.001896110962813095,-0.00010388903718690505,0.00010388903718690505,0.00022791340152227232,0.00022791340152227232,0.0,0.00022791340152227232,300.5987568573123,300.54730792650844,1.1725900824194465e-05
114,457,contact,0.002193305571506168,-5.669442849383236e-05,5.669442849383236e-05,0.0001774736733118345,0.0001774736733118345,0.0,0.0001774736733118345,300.5987568573123,300.57779232908877,3.720651833082021e-06
114,500,contact,0.002190157805045107,-5.984219495489343e-05,5.984219495489343e-05,0.00018233393503083752,0.00018233393503083752,0.0,0.00018233393503083752,300.5987568573123,300.65540979541805,-1.0329753135878444e-05
115,143,contact,0.0019783170097079994,-2.168299029200061e-05,2.168299029200061e-05,0.00010412250067108601,0.00010412250067108601,0.0,0.00010412250067108601,300.07796114551866,300.17126478013023,-9.71500775745825e-06
115,289,contact,0.0019183728766848215,-8.162712331517851e-05,8.162712331517851e-05,0.00020202366608293508,0.00020202366608293508,0.0,0.00020202366608293508,300.07796114551866,300.14892931513145,-1.4337249800372858e-05
115,353,contact,0.0019205813437602691,-7.94186562397309e-05,7.94186562397309e-05,0.00019927199532263797,0.00019927199532263797,0.0,0.00019927199532263797,300.07796114551866,300.0941601835353,-3.2280146278797403e-06
116,161,contact,0.0019085054571428399,-9.149454285716017e-05,9.149454285716017e-05,0.00021388611789590294,0.00021388611789590294,0.0,0.00021388611789590294,300.92764621052504,300.9451021332417,-3.7335795441520797e-06
116,439,contact,0.0021512649377972955,-9.873506220270476e-05,9.873506220270476e-05,0.00023420677260667757,0.00023420677260667757,0.0,0.00023420677260667757,300.92764621052504,300.918809438035,2.0696319651522625e-06
116,449,contact,0.0021876484957268614,-6.235150427313886e-05,6.235150427313886e-05,0.0001861175021221493,0.0001861175021221493,0.0,0.0001861175021221493,300.92764621052504,300.85234003173423,1.4015797890909705e-05
116,478,contact,0.0020661089919643636,-0.00018389100803563665,0.00018389100803563665,0.000319627394212244,0.000319627394212244,0.0,0.000319627394212244,300.92764621052504,300.80163946270807,4.0275208457898475e-05
117,306,contact,0.0018990419122547036,-0.00010095808774529644,0.00010095808774529644,0.00022467541893284235,0.00022467541893284235,0.0,0.00022467541893284235,300.31436258555607,300.262537130994,1.1643905715113423e-05
117,308,contact,0.001925933655996489,-7.406634400351103e-05,7.406634400351103e-05,0.00019244004781166396,0.00019244004781166396,0.0,0.00019244004781166396,300.31436258555607,300.22164291667144,1.784297751323919e-05
117,318,contact,0.0019798290791126385,-2.0170920887361502e-05,2.0170920887361502e-05,0.00010042639316275752,0.00010042639316275752,0.0,0.00010042639316275752,300.31436258555607,300.33473055146396,-2.0454813521918405e-06
117,425,contact,0.0021992229174187853,-5.0777082581214984e-05,5.0777082581214984e-05,0.0001679568108857072,0.0001679568108857072,0.0,0.0001679568108857072,300.31436258555607,300.3768764679828,-1.0499632328479705e-05
117,446,contact,0.00218205121005443,-6.79487899455703e-05,6.79487899455703e-05,0.00019429186227822064,0.00019429186227822064,0.0,0.00019429186227822064,300.31436258555607,300.3015913563765,2.481345900882046e-06
117,466,contact,0.002144494931423248,-0.00010550506857675244,0.00010550506857675244,0.00024210313295594646,0.00024210313295594646,0.0,0.00024210313295594646,300.31436258555607,300.3945892030783,-1.9423115448586533e-05
118,165,contact,0.001980480823562803,-1.9519176437196844e-05,1.9519176437196844e-05,9.879062819214393e-05,9.879062819214393e-05,0.0,9.879062819214393e-05,300.650183408447,300.5934375038386,5.605963563597242e-06
118,226,contact,0.001963056372292962,-3.694362770703804e-05,3.694362770703804e-05,0.0001359110512560293,0.0001359110512560293,0.0,0.0001359110512560293,300.650183408447,300.705461545387,-7.512909702988721e-06
118,343,contact,0.0018401718275748054,-0.00015982817242519466,0.00015982817242519466,0.00028269079612289704,0.00028269079612289704,0.0,0.00028269079612289704,300.650183408447,300.7108301344305,-1.714427125053164e-05
118,363,contact,0.0019464993504751036,-5.3500649524896486e-05,5.3500649524896486e-05,0.00016355526516272182,0.00016355526516272182,0.0,0.00016355526516272182,300.650183408447,300.6995602202823,-8.075837552614921e-06
118,457,contact,0.002115318896005989,-0.0001346811039940111,0.0001346811039940111,0.0002735376309618631,0.0002735376309618631,0.0,0.0002735376309618631,300.650183408447,300.57779232908877,1.980168435042145e-05
118,467,contact,0.002231623434139371,-1.8376565860629256e-05,1.8376565860629256e-05,0.0001010406020167395,0.0001010406020167395,0.0,0.0001010406020167395,300.650183408447,300.68461128284844,-3.4786131556786542e-06
119,243,contact,0.001906364253651437,-9.363574634856315e-05,9.363574634856315e-05,0.0002163743819731938,0.0002163743819731938,0.0,0.0002163743819731938,300.9306017228133,300.8582532805325,1.565434948523721e-05
119,281,contact,0.001990766537047727,-9.233462952272856e-06,9.233462952272856e-06,6.794653395233953e-05,6.794653395233953e-05,0.0,6.794653395233953e-05,300.9306017228133,300.92456765643885,4.0999389578347644e-07
119,381,contact,0.0019300499351270683,-6.995006487293173e-05,6.995006487293173e-05,0.00018701612881370918,0.00018701612881370918,0.0,0.00018701612881370918,300.9306017228133,300.92687702828624,6.965779514680107e-07
120,322,contact,0.0018959517067488822,-0.00010404829325111786,0.00010404829325111786,0.00022808802385385985,0.00022808802385385985,0.0,0.00022808802385385985,300.68901061791144,300.7420996242809,-1.2108966551178658e-05
120,407,contact,0.002191353146305041,-5.8646853694959214e-05,5.8646853694959214e-05,0.0001805036990925351,0.0001805036990925351,0.0,0.0001805036990925351,300.68901061791144,300.74839673513566,-1.0719413833714872e-05
120,485,contact,0.0021361726794058714,-0.00011382732059412887,0.00011382732059412887,0.00025147047606045446,0.00025147047606045446,0.0,0.00025147047606045446,300.68901061791144,300.6735284972698,3.893296248181114e-06
121,158,contact,0.0019667718947046194,-3.322810529538065e-05,3.322810529538065e-05,0.00012889551058004435,0.00012889551058004435,0.0,0.00012889551058004435,300.7618066448436,300.6373729385833,1.603894610178563e-05
121,365,contact,0.001962253875776526,-3.7746124223473915e-05,3.7746124223473915e-05,0.00013737926376181,0.00013737926376181,0.0,0.00013737926376181,300.7618066448436,300.6240050093064,1.8931087235272014e-05
121,421,contact,0.00215456181487095,-9.543818512905032e-05,9.543818512905032e-05,0.0002302633578331201,0.0002302633578331201,0.0,0.0002302633578331201,300.7618066448436,300.72633388534217,8.168076714406224e-06
121,449,contact,0.002141563006801341,-0.00010843699319865912,0.00010843699319865912,0.00024544403435254863,0.00024544403435254863,0.0,0.00024544403435254863,300.7618066448436,300.85234003173423,-2.222087972203559e-05
122,246,contact,0.0018312279742293152,-0.00016877202577068482,0.00016877202577068482,0.00029049270711214493,0.00029049270711214493,0.0,0.00029049270711214493,300.1203130513706,300.0720996808133,1.4005632532184615e-05
122,382,contact,0.0019602920550009888,-3.970794499901127e-05,3.970794499901127e-05,0.000140904125204004,0.000140904125204004,0.0,0.000140904125204004,300.1203130513706,300.07626406175666,6.206684347672629e-06
122,395,contact,0.0019238729916759045,-7.612700832409559e-05,7.612700832409559e-05,0.00019509870364010058,0.00019509870364010058,0.0,0.00019509870364010058,300.1203130513706,300.18811145380107,-1.3227380423054385e-05
122,416,contact,0.002121463805512599,-0.00012853619448740129,0.00012853619448740129,0.000267224618883525,0.000267224618883525,0.0,0.000267224618883525,300.1203130513706,300.0861823653622,9.120559560823105e-06
123,192,contact,0.0019035007429995922,-9.649925700040782e-05,9.649925700040782e-05,0.0002196579807341493,0.0002196579807341493,0.0,0.0002196579807341493,300.3672594238044,300.3879199860253,-4.538257378271331e-06
123,338,contact,0.0018183009592817679,-0.00018169904071823218,0.00018169904071823218,0.00030141254180792826,0.00030141254180792826,0.0,0.00030141254180792826,300.3672594238044,300.46274358156927,-2.8780122694299354e-05
123,377,contact,0.0018590135438519538,-0.00014098645614804626,0.00014098645614804626,0.00026550560836642064,0.00026550560836642064,0.0,0.00026550560836642064,300.3672594238044,300.29163513723944,2.007867221170615e-05
123,417,contact,0.002150201208771169,-9.979879122883105e-05,9.979879122883105e-05,0.00023546501418449862,0.00023546501418449862,0.0,0.00023546501418449862,300.3672594238044,300.28725707370813,1.8837754500210315e-05
123,496,contact,0.0022212403048055018,-2.8759695194498485e-05,2.8759695194498485e-05,0.00012640256501111064,0.00012640256501111064,0.0,0.00012640256501111064,300.3672594238044,300.3532025606024,1.7768235647395788e-06
124,269,contact,0.0019762680638010636,-2.3731936198936442e-05,2.3731936198936442e-05,0.00010893102450389523,0.00010893102450389523,0.0,0.00010893102450389523,300.068957052946,300.071764841631,-3.05855298047952e-07
124,412,contact,0.002193087800339968,-5.6912199660032105e-05,5.6912199660032105e-05,0.0001778141971272762,0.0001778141971272762,0.0,0.0001778141971272762,300.068957052946,300.1468719678003,-1.3854378029050593e-05
125,206,contact,0.0019239193333661364,-7.608066663386363e-05,7.608066663386363e-05,0.00019503931223456417,0.00019503931223456417,0.0,0.00019503931223456417,300.6916526602474,300.8012120184492,-2.136838187252958e-05
125,477,contact,0.0021828229069258,-6.717709307420012e-05,6.717709307420012e-05,0.00019318542197444534,0.00019318542197444534,0.0,0.00019318542197444534,300.6916526602474,300.62220470390537,1.3416332751203724e-05
125,490,contact,0.0021933825294422186,-5.661747055778167e-05,5.661747055778167e-05,0.00017735317958773308,0.00017735317958773308,0.0,0.00017735317958773308,300.6916526602474,300.65961371485474,5.682208836030442e-06
126,143,contact,0.001893257223860508,-0.00010674277613949203,0.00010674277613949203,0.00023102248390523814,0.00023102248390523814,0.0,0.00023102248390523814,300.152471619818,300.17126478013023,-4.34164257575697e-06
126,179,contact,0.0018420559949143787,-0.0001579440050856213,0.0001579440050856213,0.0002810195767963696,0.0002810195767963696,0.0,0.0002810195767963696,300.152471619818,300.07016980751087,2.3128420464129706e-05
126,415,contact,0.0021407086718187507,-0.00010929132818124961,0.00010929132818124961,0.00024640901879829534,0.00024640901879829534,0.0,0.00024640901879829534,300.152471619818,300.1281101185898,6.002893614097544e-06
126,420,contact,0.0021718000000230226,-7.819999997697768e-05,7.819999997697768e-05,0.0002084333093141647,0.0002084333093141647,0.0,0.0002084333093141647,300.152471619818,300.08894509327524,1.3241044156544372e-05
126,429,contact,0.00216601525026949,-8.398474973051037e-05,8.398474973051037e-05,0.0002160050793262232,0.0002160050793262232,0.0,0.0002160050793262232,300.152471619818,300.1981585281253,-9.86860425308581e-06
127,160,contact,0.0019539529150481086,-4.6047084951891457e-05,4.6047084951891457e-05,0.00015173510627388025,0.00015173510627388025,0.0,0.00015173510627388025,300.4455865391803,300.427973057567,2.6725835044464723e-06
127,204,contact,0.0018467664698628957,-0.00015323353013710437,0.00015323353013710437,0.00027679733573239497,0.00027679733573239497,0.0,0.00027679733573239497,300.4455865391803,300.45195679128994,-1.7632688118979932e-06
127,324,contact,0.001942522834204636,-5.747716579536399e-05,5.747716579536399e-05,0.00016952457903702931,0.00016952457903702931,0.0,0.00016952457903702931,300.4455865391803,300.460400411611,-2.5113154877215204e-06
127,396,contact,0.0019173613622958515,-8.26386377041485e-05,8.26386377041485e-05,0.0002032715397001613,0.0002032715397001613,0.0,0.0002032715397001613,300.4455865391803,300.39343367578726,1.0601192841671118e-05
127,452,contact,0.0021257852645610747,-0.00012421473543892557,0.00012421473543892557,0.0002626940927294686,0.0002626940927294686,0.0,0.0002626940927294686,300.4455865391803,300.55940878677296,-2.9900432063787896e-05
128,187,contact,0.0018765198853058246,-0.0001234801146941754,0.0001234801146941754,0.00024847546628809793,0.00024847546628809793,0.0,0.00024847546628809793,300.93685890945864,300.93223084668665,1.14996005527962e-06
128,333,contact,0.0019476872738815121,-5.2312726118487925e-05,5.2312726118487925e-05,0.0001617292894291073,0.0001617292894291073,0.0,0.0001617292894291073,300.93685890945864,300.9398667939293,-4.864630181250518e-07
128,352,contact,0.0018938899242963258,-0.0001061100757036742,0.0001061100757036742,0.0002303367922235549,0.0002303367922235549,0.0,0.0002303367922235549,300.93685890945864,300.9001843162337,8.44750815953086e-06
128,418,contact,0.0021420728254009013,-0.00010792717459909892,0.00010792717459909892,0.00024486637466982646,0.00024486637466982646,0.0,0.00024486637466982646,300.93685890945864,300.91545041467225,5.242220505480047e-06
128,472,contact,0.002110028148368879,-0.0001399718516311211,0.0001399718516311211,0.00027885863765547464,0.00027885863765547464,0.0,0.00027885863765547464,300.93685890945864,300.8251048871559,3.116357441186767e-05
129,169,contact,0.001966149529036572,-3.385047096342818e-05,3.385047096342818e-05,0.00013009702333917594,0.00013009702333917594,0.0,0.00013009702333917594,300.06379957116656,300.0722787638122,-1.1031177235205772e-06
129,310,contact,0.0019370126402543917,-6.298735974560833e-05,6.298735974560833e-05,0.00017746458765850772,0.00017746458765850772,0.0,0.00017746458765850772,300.06379957116656,300.0656999002192,-3.372411117457539e-07
129,382,contact,0.0019231756343090459,-7.682436569095416e-05,7.682436569095416e-05,0.00019599026211900703,0.00019599026211900703,0.0,0.00019599026211900703,300.06379957116656,300.07626406175666,-2.4429187779345786e-06
130,143,contact,0.001875439587723369,-0.00012456041227663114,0.00012456041227663114,0.0002495600251208426,0.0002495600251208426,0.0,0.0002495600251208426,300.20400429375,300.17126478013023,8.170473841398434e-06
130,238,contact,0.0018971122765139654,-0.00010288772348603461,0.00010288772348603461,0.00022681239327474438,0.00022681239327474438,0.0,0.00022681239327474438,300.20400429375,300.2375848206172,-7.616479666172716e-06
130,248,contact,0.0018862065336012384,-0.00011379346639876168,0.00011379346639876168,0.00023853036116893136,0.00023853036116893136,0.0,0.00023853036116893136,300.20400429375,300.29290158732726,-2.120470354392129e-05
130,306,contact,0.001968420176689926,-3.157982331007409e-05,3.157982331007409e-05,0.0001256579152104516,0.0001256579152104516,0.0,0.0001256579152104516,300.20400429375,300.262537130994,-7.355114299433931e-06
130,354,contact,0.001858369092995252,-0.000141630907004748,0.000141630907004748,0.0002661117312377904,0.0002661117312377904,0.0,0.0002661117312377904,300.20400429375,300.07867396525523,3.335187069234776e-05
130,380,contact,0.0018770994341270255,-0.00012290056587297457,0.00012290056587297457,0.00024789167581120444,0.00024789167581120444,0.0,0.00024789167581120444,300.20400429375,300.2118959265496,-1.9562700795685385e-06
130,400,contact,0.0018840864109164431,-0.00011591358908355693,0.00011591358908355693,0.00024074217441441055,0.00024074217441441055,0.0,0.00024074217441441055,300.20400429375,300.2194586259585,-3.720509539995001e-06
131,181,contact,0.001983760712460049,-1.6239287539950974e-05,1.6239287539950974e-05,9.010906596994271e-05,9.010906596994271e-05,0.0,9.010906596994271e-05,300.73724777776386,300.673695301707,5.72665425755786e-06
131,182,contact,0.0019373252202714963,-6.267477972850375e-05,6.267477972850375e-05,0.00017702369859499568,0.00017702369859499568,0.0,0.00017702369859499568,300.73724777776386,300.80016755816087,-1.1138292240663629e-05
131,253,contact,0.0019982614150555974,-1.7385849444026373e-06,1.7385849444026373e-06,2.9483766248587013e-05,2.9483766248587013e-05,0.0,2.9483766248587013e-05,300.73724777776386,300.7925800558056,-1.6314039517850822e-06
131,364,contact,0.0019459706284011594,-5.40293715988406e-05,5.40293715988406e-05,0.00016436144864115886,0.00016436144864115886,0.0,0.00016436144864115886,300.73724777776386,300.759165780948,-3.6024747546715183e-06
131,428,contact,0.002161765550678426,-8.823444932157427e-05,8.823444932157427e-05,0.000221402661483519,0.000221402661483519,0.0,0.000221402661483519,300.73724777776386,300.5891252491056,3.279472207060191e-05
131,463,contact,0.0021849742821827443,-6.502571781725596e-05,6.502571781725596e-05,0.00019006682716182858,0.00019006682716182858,0.0,0.00019006682716182858,300.73724777776386,300.84886073392516,-2.121392044773232e-05
132,157,contact,0.0019386882133287967,-6.131178667120331e-05,6.131178667120331e-05,0.00017508824442435207,0.00017508824442435207,0.0,0.00017508824442435207,300.2073562117352,300.2814242248976,-1.2968438392602488e-05
132,395,contact,0.0019621061490143698,-3.789385098563027e-05,3.789385098563027e-05,0.00013764783141341215,0.00013764783141341215,0.0,0.00013764783141341215,300.2073562117352,300.18811145380107,2.648999195709319e-06
132,416,contact,0.0021898988014061285,-6.010119859387172e-05,6.010119859387172e-05,0.0001827280897245226,0.0001827280897245226,0.0,0.0001827280897245226,300.2073562117352,300.0861823653622,2.2141865472307956e-05
133,139,contact,0.0019088043178911765,-9.11956821088235e-05,9.11956821088235e-05,0.00021353650988627625,0.00021353650988627625,0.0,0.00021353650988627625,300.23105775591864,300.2152634546138,3.372659976724058e-06
133,289,contact,0.001917311567064676,-8.268843293532412e-05,8.268843293532412e-05,0.00020333277273391535,0.00020333277273391535,0.0,0.00020333277273391535,300.23105775591864,300.14892931513145,1.6699403585571952e-05
133,306,contact,0.0019885831462878286,-1.1416853712171472e-05,1.1416853712171472e-05,7.555413195905129e-05,7.555413195905129e-05,0.0,7.555413195905129e-05,300.23105775591864,300.262537130994,-2.3783968584335722e-06
133,308,contact,0.0019871581031463002,-1.2841896853699793e-05,1.2841896853699793e-05,8.013082070495657e-05,8.013082070495657e-05,0.0,8.013082070495657e-05,300.23105775591864,300.22164291667144,7.544187956833174e-07
133,318,contact,0.001935306211765983,-6.469378823401712e-05,6.469378823401712e-05,0.00017985242316134793,0.00017985242316134793,0.0,0.00017985242316134793,300.23105775591864,300.33473055146396,-1.864580349473709e-05
134,140,contact,0.0019317260390645456,-6.827396093545446e-05,6.827396093545446e-05,0.0001847619562240215,0.0001847619562240215,0.0,0.0001847619562240215,300.2041231879835,300.2264034877425,-4.116551768733743e-06
134,236,contact,0.0018237064840593183,-0.00017629351594068178,0.00017629351594068178,0.0002968951969472408,0.0002968951969472408,0.0,0.0002968951969472408,300.2041231879835,300.28525439018705,-2.4087464256789647e-05
134,269,contact,0.0018626773016279547,-0.00013732269837204536,0.00013732269837204536,0.0002620331070418826,0.0002620331070418826,0.0,0.0002620331070418826,300.2041231879835,300.071764841631,3.4682268737664796e-05
134,285,contact,0.0019892459325080948,-1.0754067491905266e-05,1.0754067491905266e-05,7.332826021359455e-05,7.332826021359455e-05,0.0,7.332826021359455e-05,300.2041231879835,300.0971298488581,7.845635412507321e-06
134,360,contact,0.0018770231005504423,-0.0001229768994495577,0.0001229768994495577,0.0002479686466567474,0.0002479686466567474,0.0,0.0002479686466567474,300.2041231879835,300.2188012199173,-3.639691714204837e-06
135,181,contact,0.0018862477750815256,-0.00011375222491847442,0.00011375222491847442,0.00023848713269113118,0.00023848713269113118,0.0,0.00023848713269113118,300.6502458451841,300.673695301707,-5.592393649321238e-06
135,210,contact,0.001973185875709635,-2.6814124290364897e-05,2.6814124290364897e-05,0.00011578886883108604,0.00011578886883108604,0.0,0.00011578886883108604,300.6502458451841,300.5976166712173,6.093872521130998e-06
135,364,contact,0.0018772014548524086,-0.00012279854514759148,0.00012279854514759148,0.0002477887660363071,0.0002477887660363071,0.0,0.0002477887660363071,300.6502458451841,300.759165780948,-2.698913647969951e-05
135,369,contact,0.0018687845025309895,-0.0001312154974690105,0.0001312154974690105,0.00025614009591335996,0.00025614009591335996,0.0,0.00025614009591335996,300.6502458451841,300.5555958702514,2.424365365745352e-05
135,388,contact,0.0019229121112520962,-7.708788874790382e-05,7.708788874790382e-05,0.00019632611740151107,0.00019632611740151107,0.0,0.00019632611740151107,300.6502458451841,300.6623846862012,-2.383171526648024e-06
135,428,contact,0.0021896163526060903,-6.038364739390997e-05,6.038364739390997e-05,0.00018315695666393464,0.00018315695666393464,0.0,0.00018315695666393464,300.6502458451841,300.5891252491056,1.1194662367217691e-05
136,151,contact,0.0019331916026795735,-6.680839732042657e-05,6.680839732042657e-05,0.00018276815548725465,0.00018276815548725465,0.0,0.00018276815548725465,300.4814917540215,300.4434190719298,6.9584738803516886e-06
136,189,contact,0.0018813114482051192,-0.00011868855179488088,0.00011868855179488088,0.00024360680593415372,0.00024360680593415372,0.0,0.00024360680593415372,300.4814917540215,300.42457243143957,1.3865934370113603e-05
136,271,contact,0.0019286578189248603,-7.134218107513975e-05,7.134218107513975e-05,0.00018886791823274243,0.00018886791823274243,0.0,0.00018886791823274243,300.4814917540215,300.3332682396176,2.799466659859924e-05
136,272,contact,0.001974422417316011,-2.5577582683988884e-05,2.5577582683988884e-05,0.00011308753840275436,0.00011308753840275436,0.0,0.00011308753840275436,300.4814917540215,300.5944568539879,-1.2774945080621499e-05
136,316,contact,0.001898839656974754,-0.00010116034302524611,0.00010116034302524611,0.00022490035907624304,0.00022490035907624304,0.0,0.00022490035907624304,300.4814917540215,300.54730792650844,-1.4802080825341584e-05
136,372,contact,0.0019892408163684487,-1.0759183631551313e-05,1.0759183631551313e-05,7.334570073136978e-05,7.334570073136978e-05,0.0,7.334570073136978e-05,300.4814917540215,300.580732611187,-7.27889020998625e-06
137,176,contact,0.0020000023040236733,-0.0,0.0,1.0000000000000001e-07,1.0000000000000001e-07,0.0,1.0000000000000001e-07,300.23610339156295,300.0564173381998,1.796860533631275e-08
138,254,contact,0.0019433119476038841,-5.6688052396115926e-05,5.6688052396115926e-05,0.00016835684185104554,0.00016835684185104554,0.0,0.00016835684185104554,300.215101023802,300.16409753676476,8.586786000979643e-06
138,373,contact,0.001968129751337548,-3.187024866245199e-05,3.187024866245199e-05,0.00012623440232846985,0.00012623440232846985,0.0,0.00012623440232846985,300.215101023802,300.241732667058,-3.361829569445692e-06
138,380,contact,0.0019562445763503093,-4.375542364969077e-05,4.375542364969077e-05,0.00014791116193460649,0.00014791116193460649,0.0,0.00014791116193460649,300.215101023802,300.2118959265496,4.740696587186956e-07
139,157,contact,0.0019506681019845489,-4.933189801545118e-05,4.933189801545118e-05,0.00015705396845583236,0.00015705396845583236,0.0,0.00015705396845583236,300.2152634546138,300.2814242248976,-1.0390811529161219e-05
139,319,contact,0.001965588870440612,-3.441112955938821e-05,3.441112955938821e-05,0.00013116998429402247,0.00013116998429402247,0.0,0.00013116998429402247,300.2152634546138,300.2292938497882,-1.8403667146595987e-06
139,337,contact,0.0019497856058038794,-5.0214394196120655e-05,5.0214394196120655e-05,0.00015845250738962866,0.00015845250738962866,0.0,0.00015845250738962866,300.2152634546138,300.0834261670888,2.088994877578398e-05
139,471,contact,0.002166098523913444,-8.39014760865564e-05,8.39014760865564e-05,0.00021589796469443154,0.00021589796469443154,0.0,0.00021589796469443154,300.2152634546138,300.28594897313775,-1.5260859582687147e-05
140,141,contact,0.001950743855148594,-4.925614485140595e-05,4.925614485140595e-05,0.00015693333752171007,0.00015693333752171007,0.0,0.00015693333752171007,300.2264034877425,300.21317409378946,2.0761329464423115e-06
140,334,contact,0.001959662926730003,-4.033707326999694e-05,4.033707326999694e-05,0.0001420159731685083,0.0001420159731685083,0.0,0.0001420159731685083,300.2264034877425,300.0915871451099,1.9146074097992332e-05
140,360,contact,0.0018968750749588127,-0.00010312492504118732,0.00010312492504118732,0.00022707369403036025,0.00022707369403036025,0.0,0.00022707369403036025,300.2264034877425,300.2188012199173,1.7262750380841106e-06
140,455,contact,0.0021397340318133,-0.0001102659681867001,0.0001102659681867001,0.00024750529532685436,0.00024750529532685436,0.0,0.00024750529532685436,300.2264034877425,300.18531427857556,1.016979684961415e-05
141,397,contact,0.0019581891006999305,-4.1810899300069506e-05,4.1810899300069506e-05,0.00014458716972828105,0.00014458716972828105,0.0,0.00014458716972828105,300.21317409378946,300.1989622946635,2.054843812371412e-06
141,448,contact,0.002199609170761933,-5.0390829238067085e-05,5.0390829238067085e-05,0.0001673167807850112,0.0001673167807850112,0.0,0.0001673167807850112,300.21317409378946,300.35135272497206,-2.3119603742751604e-05
141,479,contact,0.0021742296507958852,-7.577034920411502e-05,7.577034920411502e-05,0.00020516977956495095,0.00020516977956495095,0.0,0.00020516977956495095,300.21317409378946,300.0924776152135,2.4763269903693694e-05
142,231,contact,0.0019708807803266535,-2.9119219673346547e-05,2.9119219673346547e-05,0.00012066320829761354,0.00012066320829761354,0.0,0.00012066320829761354,300.9060602770661,300.84302068734064,7.606559146039637e-06
142,371,contact,0.001962177153796517,-3.782284620348301e-05,3.782284620348301e-05,0.00013751880999245705,0.00013751880999245705,0.0,0.00013751880999245705,300.9060602770661,300.84802827402615,7.980491999533236e-06
143,354,contact,0.0019462620663723573,-5.373793362764274e-05,5.373793362764274e-05,0.00016391756102938261,0.00016391756102938261,0.0,0.00016391756102938261,300.17126478013023,300.07867396525523,1.5177260548032331e-05
143,429,contact,0.002141409714113579,-0.0001085902858864213,0.0001085902858864213,0.0002456174598915301,0.0002456174598915301,0.0,0.0002456174598915301,300.17126478013023,300.1981585281253,-6.605574069513263e-06
144,201,contact,0.001925688571041798,-7.431142895820194e-05,7.431142895820194e-05,0.00019275817616666997,0.00019275817616666997,0.0,0.00019275817616666997,300.3340935529364,300.30499596282516,5.6087984006869315e-06
144,236,contact,0.0019395930159574614,-6.040698404253869e-05,6.040698404253869e-05,0.0001737915188415975,0.0001737915188415975,0.0,0.0001737915188415975,300.3340935529364,300.28525439018705,8.487832273160747e-06
144,328,contact,0.001918481983861198,-8.151801613880214e-05,8.151801613880214e-05,0.00020188860311914854,0.00020188860311914854,0.0,0.00020188860311914854,300.3340935529364,300.320795776963,2.6846694158608968e-06
144,396,contact,0.0019520476669641041,-4.795233303589593e-05,4.795233303589593e-05,0.00015484239250911866,0.00015484239250911866,0.0,0.00015484239250911866,300.3340935529364,300.39343367578726,-9.18836659401368e-06
145,287,contact,0.0019171563038586589,-8.284369614134117e-05,8.284369614134117e-05,0.00020352358111695701,0.00020352358111695701,0.0,0.00020352358111695701,300.9341867238391,300.93174669634965,4.966031326779119e-07
145,460,contact,0.0021344039134852154,-0.00011559608651478485,0.00011559608651478485,0.00025341674779652854,0.00025341674779652854,0.0,0.00025341674779652854,300.9341867238391,300.8166933707061,2.9774783438673876e-05
145,465,contact,0.002239634884118614,-1.0365115881386111e-05,1.0365115881386111e-05,7.588410710999486e-05,7.588410710999486e-05,0.0,7.588410710999486e-05,300.9341867238391,300.83013118417756,7.896161717064966e-06
146,160,contact,0.001946114909274372,-5.388509072562801e-05,5.388509072562801e-05,0.00016414184525225127,0.00016414184525225127,0.0,0.00016414184525225127,300.34598923090095,300.427973057567,-1.3456976589803323e-05
146,201,contact,0.001857147443053728,-0.00014285255694627204,0.00014285255694627204,0.00026725695215117605,0.00026725695215117605,0.0,0.00026725695215117605,300.34598923090095,300.30499596282516,1.0955735884653006e-05
146,260,contact,0.0019563874380722616,-4.3612561927738446e-05,4.3612561927738446e-05,0.0001476694990980508,0.0001476694990980508,0.0,0.0001476694990980508,300.34598923090095,300.37199110967134,-3.839684413631299e-06
146,417,contact,0.002155686125313345,-9.431387468665509e-05,9.431387468665509e-05,0.00022890302979240295,0.00022890302979240295,0.0,0.00022890302979240295,300.34598923090095,300.28725707370813,1.3443968727680497e-05
147,185,contact,0.0019200888271379535,-7.991117286204651e-05,7.991117286204651e-05,0.00019988893523910535,0.00019988893523910535,0.0,0.00019988893523910535,300.6377994499935,300.58335925492264,1.0881992626924897e-05
147,312,contact,0.0019043217093758081,-9.56782906241919e-05,9.56782906241919e-05,0.00021872161601473218,0.00021872161601473218,0.0,0.00021872161601473218,300.6377994499935,300.6416419193376,-8.40431104423991e-07
147,336,contact,0.0018823641586844981,-0.0001176358413155019,0.0001176358413155019,0.00024252406201808295,0.00024252406201808295,0.0,0.00024252406201808295,300.6377994499935,300.6777754076465,-9.695131633064686e-06
147,421,contact,0.0021642182441472947,-8.578175585270556e-05,8.578175585270556e-05,0.00021830375862380582,0.00021830375862380582,0.0,0.00021830375862380582,300.6377994499935,300.72633388534217,-1.932740000424947e-05
147,433,contact,0.0021873288317260393,-6.267116827396099e-05,6.267116827396099e-05,0.00018659398625828246,0.00018659398625828246,0.0,0.00018659398625828246,300.6377994499935,300.57840043558065,1.1083498879108927e-05
148,182,contact,0.0019642104428242925,-3.578955717570753e-05,3.578955717570753e-05,0.0001337713668460249,0.0001337713668460249,0.0,0.0001337713668460249,300.9006546807964,300.80016755816087,1.344229974537677e-05
148,215,contact,0.0018775539875138076,-0.00012244601248619243,0.00012244601248619243,0.00024743283178086176,0.00024743283178086176,0.0,0.00024743283178086176,300.9006546807964,300.92553952319884,-6.157327024060461e-06
148,241,contact,0.001853180481070584,-0.000146819518929416,0.000146819518929416,0.0002709423545049906,0.0002709423545049906,0.0,0.0002709423545049906,300.9006546807964,300.9238316972367,-6.279635404747373e-06
148,244,contact,0.0018653256942756664,-0.00013467430572433364,0.00013467430572433364,0.00025949403242110755,0.00025949403242110755,0.0,0.00025949403242110755,300.9006546807964,300.93014162516437,-7.651686097826229e-06
148,463,contact,0.0021033486381006844,-0.00014665136189931588,0.00014665136189931588,0.00028543471903914083,0.00028543471903914083,0.0,0.00028543471903914083,300.9006546807964,300.84886073392516,1.4783790673113241e-05
149,173,contact,0.0019816445440404675,-1.8355455959532564e-05,1.8355455959532564e-05,9.580045918348347e-05,9.580045918348347e-05,0.0,9.580045918348347e-05,300.28320769601396,300.26843841808534,1.414903607370447e-06
149,232,contact,0.001873473632053572,-0.00012652636794642795,0.00012652636794642795,0.0002515217365819781,0.0002515217365819781,0.0,0.0002515217365819781,300.28320769601396,300.30916805403785,-6.529594332459837e-06
149,234,contact,0.0019023582343585812,-9.764176564141885e-05,9.764176564141885e-05,0.00022095448133203685,0.00022095448133203685,0.0,0.00022095448133203685,300.28320769601396,300.37111131959847,-1.9422699556321834e-05
149,412,contact,0.0021947914638981068,-5.5208536101893513e-05,5.5208536101893513e-05,0.00017513254679098458,0.00017513254679098458,0.0,0.00017513254679098458,300.28320769601396,300.1468719678003,2.387682330066533e-05
149,458,contact,0.002096254710232835,-0.0001537452897671654,0.0001537452897671654,0.0002922568217692231,0.0002922568217692231,0.0,0.0002922568217692231,300.28320769601396,300.21568514636914,1.973392575694986e-05
149,464,contact,0.0020968738087925086,-0.00015312619120749164,0.00015312619120749164,0.00029166780114778566,0.00029166780114778566,0.0,0.00029166780114778566,300.28320769601396,300.2785361081707,1.3625517541047106e-06
150,167,contact,0.0019876239469527423,-1.23760530472577e-05,1.23760530472577e-05,7.866401034544864e-05,7.866401034544864e-05,0.0,7.866401034544864e-05,300.14702276067294,300.10675857637386,3.1673422102535713e-06
150,284,contact,0.001884719229405006,-0.000115280770594994,0.000115280770594994,0.00024008412129396855,0.00024008412129396855,0.0,0.00024008412129396855,300.14702276067294,300.0870981767649,1.4386941071462235e-05
150,319,contact,0.001914433818887454,-8.5566181112546e-05,8.5566181112546e-05,0.0002068407371778417,0.0002068407371778417,0.0,0.0002068407371778417,300.14702276067294,300.2292938497882,-1.7017012721019794e-05
150,337,contact,0.0018969837086543464,-0.0001030162913456536,0.0001030162913456536,0.00022695406071015074,0.00022695406071015074,0.0,0.00022695406071015074,300.14702276067294,300.0834261670888,1.4433505161249773e-05
150,389,contact,0.0019789427789857904,-2.1057221014209645e-05,2.1057221014209645e-05,0.00010260901766952465,0.00010260901766952465,0.0,0.00010260901766952465,300.14702276067294,300.1682589066301,-2.1790200757524015e-06
150,402,contact,0.0022377476379833363,-1.2252362016663965e-05,1.2252362016663965e-05,8.250374407889338e-05,8.250374407889338e-05,0.0,8.250374407889338e-05,300.14702276067294,300.2437497091268,-7.98033540076985e-06
151,224,contact,0.0019098534229801509,-9.014657701984915e-05,9.014657701984915e-05,0.00021230470675405333,0.00021230470675405333,0.0,0.00021230470675405333,300.4434190719298,300.40132796876674,8.936139313984943e-06
151,316,contact,0.0019239950207050728,-7.600497929492723e-05,7.600497929492723e-05,0.00019494227260259282,0.00019494227260259282,0.0,0.00019494227260259282,300.4434190719298,300.54730792650844,-2.0252329409643533e-05
151,351,contact,0.0019157047228184725,-8.429527718152759e-05,8.429527718152759e-05,0.00020529890060778163,0.00020529890060778163,0.0,0.00020529890060778163,300.4434190719298,300.54427659156005,-2.0705937898121616e-05
151,441,contact,0.0021551469270258586,-9.48530729741417e-05,9.48530729741417e-05,0.00022955642367901828,0.00022955642367901828,0.0,0.00022955642367901828,300.4434190719298,300.2975623368967,3.34823504636916e-05
152,214,contact,0.0019493117251481353,-5.06882748518647e-05,5.06882748518647e-05,0.00015919842155603285,0.00015919842155603285,0.0,0.00015919842155603285,300.70309339588437,300.7400299524272,-5.880241499337708e-06
152,286,contact,0.0019823596278425366,-1.7640372157463457e-05,1.7640372157463457e-05,9.391584572760727e-05,9.391584572760727e-05,0.0,9.391584572760727e-05,300.70309339588437,300.7479912549453,-4.216620405066961e-06
152,365,contact,0.001973069112474269,-2.6930887525730956e-05,2.6930887525730956e-05,0.00011604069873482096,0.00011604069873482096,0.0,0.00011604069873482096,300.70309339588437,300.6240050093064,9.177471640315021e-06
152,378,contact,0.0019829716365848504,-1.702836341514963e-05,1.702836341514963e-05,9.227232362726549e-05,9.227232362726549e-05,0.0,9.227232362726549e-05,300.70309339588437,300.7791489202337,-7.01781995640262e-06
153,440,contact,0.002167862944330199,-8.213705566980116e-05,8.213705566980116e-05,0.00021361577094010164,0.00021361577094010164,0.0,0.00021361577094010164,300.4541511598669,300.52119607069596,-1.4321850314358752e-05
153,444,contact,0.002215357619031293,-3.4642380968707195e-05,3.4642380968707195e-05,0.00013872911448155838,0.00013872911448155838,0.0,0.00013872911448155838,300.4541511598669,300.35575783735044,1.365001850360853e-05
153,487,contact,0.002179347097022408,-7.065290297759248e-05,7.065290297759248e-05,0.00019812019777228459,0.00019812019777228459,0.0,0.00019812019777228459,300.4541511598669,300.49692837935396,-8.475031184922758e-06
154,159,contact,0.001842156874210229,-0.00015784312578977114,0.00015784312578977114,0.0002809298184509533,0.0002809298184509533,0.0,0.0002809298184509533,300.8724330625807,300.78972185445,2.323604468400558e-05
154,326,contact,0.001960313272158304,-3.9686727841695916e-05,3.9686727841695916e-05,0.00014086647550374772,0.00014086647550374772,0.0,0.00014086647550374772,300.8724330625807,300.86343682175607,1.2672687377464642e-06
154,358,contact,0.0019978651516556374,-2.1348483443626304e-06,2.1348483443626304e-06,3.2671458066350746e-05,3.2671458066350746e-05,0.0,3.2671458066350746e-05,300.8724330625807,300.79370371778236,2.572202487169543e-06
154,413,contact,0.0021636309191957856,-8.636908080421465e-05,8.636908080421465e-05,0.00021904981777898867,0.00021904981777898867,0.0,0.00021904981777898867,300.8724330625807,300.86190061176205,2.307131432587055e-06
155,221,contact,0.001987390343465521,-1.2609656534478923e-05,1.2609656534478923e-05,7.940294873138819e-05,7.940294873138819e-05,0.0,7.940294873138819e-05,300.4674832162851,300.45918173956824,6.591617301418923e-07
155,283,contact,0.001876188195038014,-0.0001238118049619861,0.0001238118049619861,0.0002488089678468062,0.0002488089678468062,0.0,0.0002488089678468062,300.4674832162851,300.47591842981296,-2.0987567714415084e-06
155,298,contact,0.0019007430816656932,-9.925691833430686e-05,9.925691833430686e-05,0.00022277445806724214,0.00022277445806724214,0.0,0.00022277445806724214,300.4674832162851,300.4340517772404,7.447670715579489e-06
155,327,contact,0.001949369525000327,-5.0630474999673134e-05,5.0630474999673134e-05,0.0001591076286663734,0.0001591076286663734,0.0,0.0001591076286663734,300.4674832162851,300.47575601667825,-1.3162656529878415e-06
155,403,contact,0.0020928666047553054,-0.00015713339524469488,0.00015713339524469488,0.0002954595246247735,0.0002954595246247735,0.0,0.0002954595246247735,300.4674832162851,300.56855349956595,-2.986217785185884e-05
155,419,contact,0.0021133422480279903,-0.00013665775197200993,0.00013665775197200993,0.0002755376078102285,0.0002755376078102285,0.0,0.0002755376078102285,300.4674832162851,300.3553242790149,3.090400526996303e-05
156,221,contact,0.0019514194729222108,-4.858052707778929e-05,4.858052707778929e-05,0.0001558533398387556,0.0001558533398387556,0.0,0.0001558533398387556,300.4824777984883,300.45918173956824,3.6307685877684856e-06
156,270,contact,0.0019838462378168314,-1.6153762183168663e-05,1.6153762183168663e-05,8.987146984212694e-05,8.987146984212694e-05,0.0,8.987146984212694e-05,300.4824777984883,300.58304419199226,-9.038049600924588e-06
156,295,contact,0.0019389243017199004,-6.10756982800996e-05,6.10756982800996e-05,0.00017475082014127945,0.00017475082014127945,0.0,0.00017475082014127945,300.4824777984883,300.41929308808074,1.1041579964106935e-05
156,361,contact,0.0019234251798549372,-7.65748201450628e-05,7.65748201450628e-05,0.0001956716895019088,0.0001956716895019088,0.0,0.0001956716895019088,300.4824777984883,300.48579182279417,-6.484607349846268e-07
156,367,contact,0.00195498618371077,-4.501381628923022e-05,4.501381628923022e-05,0.0001500230253814897,0.0001500230253814897,0.0,0.0001500230253814897,300.4824777984883,300.5888938775295,-1.5964862126995978e-05
157,315,contact,0.0019261495555901152,-7.385044440988485e-05,7.385044440988485e-05,0.0001921593666854219,0.0001921593666854219,0.0,0.0001921593666854219,300.2814242248976,300.3130431087992,-6.075864705834208e-06
157,402,contact,0.002162204915566515,-8.779508443348526e-05,8.779508443348526e-05,0.00022085073445087707,0.00022085073445087707,0.0,0.00022085073445087707,300.2814242248976,300.2437497091268,8.320444478059842e-06
157,471,contact,0.0021647878796316284,-8.521212036837183e-05,8.521212036837183e-05,0.0002175777260459298,0.0002175777260459298,0.0,0.0002175777260459298,300.2814242248976,300.28594897313775,-9.84484433023858e-07
158,322,contact,0.0019344413763926784,-6.555862360732166e-05,6.555862360732166e-05,0.00018105057802630963,0.00018105057802630963,0.0,0.00018105057802630963,300.6373729385833,300.7420996242809,-1.8960826980327464e-05
158,365,contact,0.0018936983977391958,-0.00010630160226080421,0.00010630160226080421,0.00023054457514849944,0.00023054457514849944,0.0,0.00023054457514849944,300.6373729385833,300.6240050093064,3.0819035757604535e-06
158,436,contact,0.002220514017631954,-2.9485982368046386e-05,2.9485982368046386e-05,0.0001279886765131249,0.0001279886765131249,0.0,0.0001279886765131249,300.6373729385833,300.58976528245466,6.093240899799383e-06
158,469,contact,0.0021645856986961735,-8.541430130382674e-05,8.541430130382674e-05,0.00021783569407522974,0.00021783569407522974,0.0,0.00021783569407522974,300.6373729385833,300.5687132526918,1.495653033116919e-05
159,243,contact,0.0019140095123326842,-8.59904876673158e-05,8.59904876673158e-05,0.00020735294508074367,0.00020735294508074367,0.0,0.00020735294508074367,300.78972185445,300.8582532805325,-1.4210193028783973e-05
159,249,contact,0.001908685847540134,-9.131415245986602e-05,9.131415245986602e-05,0.00021367516521564458,0.00021367516521564458,0.0,0.00021367516521564458,300.78972185445,300.7300657184186,1.2747034722643923e-05
159,343,contact,0.001872755454644306,-0.00012724454535569408,0.00012724454535569408,0.00025223455884919305,0.00025223455884919305,0.0,0.00025223455884919305,300.78972185445,300.7108301344305,1.9899218195972314e-05
159,375,contact,0.0019016992545089768,-9.830074549102325e-05,9.830074549102325e-05,0.0002216988334329065,0.0002216988334329065,0.0,0.0002216988334329065,300.78972185445,300.752088823558,8.34319904730952e-06
160,260,contact,0.001989249747866989,-1.0750252133010993e-05,1.0750252133010993e-05,7.331525125446612e-05,7.331525125446612e-05,0.0,7.331525125446612e-05,300.427973057567,300.37199110967134,4.104330575683687e-06
160,282,contact,0.0019050262445698745,-9.49737554301255e-05,9.49737554301255e-05,0.00021791484051129412,0.00021791484051129412,0.0,0.00021791484051129412,300.427973057567,300.35517341482597,1.5864122537188037e-05
160,396,contact,0.0019450384543499403,-5.496154565005971e-05,5.496154565005971e-05,0.0001657732572673586,0.0001657732572673586,0.0,0.0001657732572673586,300.427973057567,300.39343367578726,5.7257058216255465e-06
160,452,contact,0.0021527557220688102,-9.724427793119002e-05,9.724427793119002e-05,0.0002324319230455686,0.0002324319230455686,0.0,0.0002324319230455686,300.427973057567,300.55940878677296,-3.054985929624146e-05
161,449,contact,0.002167925950438345,-8.207404956165525e-05,8.207404956165525e-05,0.00021353382448904807,0.00021353382448904807,0.0,0.00021353382448904807,300.9451021332417,300.85234003173423,1.9807846302526334e-05
161,492,contact,0.00213492330568197,-0.00011507669431803013,0.00011507669431803013,0.0002528467853134583,0.0002528467853134583,0.0,0.0002528467853134583,300.9451021332417,300.93242951084704,3.204231833974059e-06
162,204,contact,0.001876851799050741,-0.00012314820094925898,0.00012314820094925898,0.0002481412913535945,0.0002481412913535945,0.0,0.0002481412913535945,300.37977064262043,300.45195679128994,-1.7912364148696288e-05
162,209,contact,0.0019369965943181208,-6.300340568187921e-05,6.300340568187921e-05,0.00017748719063904192,0.00017748719063904192,0.0,0.00017748719063904192,300.37977064262043,300.3787285262463,1.8496230756703974e-07
162,236,contact,0.0018864986615685687,-0.00011350133843143133,0.00011350133843143133,0.00023822398958903292,0.00023822398958903292,0.0,0.00023822398958903292,300.37977064262043,300.28525439018705,2.2516038735683825e-05
162,327,contact,0.0019538610902774026,-4.613890972259742e-05,4.613890972259742e-05,0.00015188632216660825,0.00015188632216660825,0.0,0.00015188632216660825,300.37977064262043,300.47575601667825,-1.4578865447428186e-05
162,419,contact,0.002132208646310205,-0.00011779135368979524,0.00011779135368979524,0.00025581172947848797,0.00025581172947848797,0.0,0.00025581172947848797,300.37977064262043,300.3553242790149,6.253666553391699e-06
163,309,contact,0.0019389417067307618,-6.105829326923822e-05,6.105829326923822e-05,0.00017472591861146164,0.00017472591861146164,0.0,0.00017472591861146164,300.3660777598416,300.4086239434662,-7.433921017221665e-06
163,387,contact,0.0019534497094627237,-4.655029053727633e-05,4.655029053727633e-05,0.0001525619391219126,0.0001525619391219126,0.0,0.0001525619391219126,300.3660777598416,300.35836981499506,1.175939012429173e-06
163,427,contact,0.0021512064741442184,-9.87935258557819e-05,9.87935258557819e-05,0.00023427610237090137,0.00023427610237090137,0.0,0.00023427610237090137,300.3660777598416,300.42241379044685,-1.3198185673252817e-05
163,430,contact,0.002135288002237638,-0.0001147119977623623,0.0001147119977623623,0.00025244581130562816,0.00025244581130562816,0.0,0.00025244581130562816,300.3660777598416,300.3443102264148,5.495122636046461e-06
163,471,contact,0.0021877448056160493,-6.225519438395099e-05,6.225519438395099e-05,0.00018597370540534753,0.00018597370540534753,0.0,0.00018597370540534753,300.3660777598416,300.28594897313775,1.4901847372944904e-05
164,382,contact,0.0019138351546243476,-8.616484537565241e-05,8.616484537565241e-05,0.00020756305713644279,0.00020756305713644279,0.0,0.00020756305713644279,300.07477753801174,300.07626406175666,-3.0854741300062827e-07
164,412,contact,0.00218691778920326,-6.30822107967402e-05,6.30822107967402e-05,0.0001872048948741877,0.0001872048948741877,0.0,0.0001872048948741877,300.07477753801174,300.1468719678003,-1.3496430149577259e-05
164,458,contact,0.0020819178777310124,-0.00016808212226898786,0.00016808212226898786,0.00030557970615880954,0.00030557970615880954,0.0,0.00030557970615880954,300.07477753801174,300.21568514636914,-4.305850555739339e-05
165,247,contact,0.001952507250306641,-4.749274969335915e-05,4.749274969335915e-05,0.00015409858807490605,0.00015409858807490605,0.0,0.00015409858807490605,300.5934375038386,300.47005442578387,1.901315812056534e-05
165,312,contact,0.001896919633563847,-0.00010308036643615309,0.00010308036643615309,0.00022702463130258916,0.00022702463130258916,0.0,0.00022702463130258916,300.5934375038386,300.6416419193376,-1.0943589655820668e-05
165,362,contact,0.0019002889944426877,-9.971100555731236e-05,9.971100555731236e-05,0.00022328345836325668,0.00022328345836325668,0.0,0.00022328345836325668,300.5934375038386,300.5334138356977,1.3402292206148604e-05
165,363,contact,0.001922306453846525,-7.769354615347508e-05,7.769354615347508e-05,0.00019709584743656458,0.00019709584743656458,0.0,0.00019709584743656458,300.5934375038386,300.6995602202823,-2.0916346729748294e-05
165,457,contact,0.0021590477188103093,-9.095228118969094e-05,9.095228118969094e-05,0.00022478666576419487,0.00022478666576419487,0.0,0.00022478666576419487,300.5934375038386,300.57779232908877,3.5168266673072326e-06
166,190,contact,0.0019308711764641372,-6.912882353586288e-05,6.912882353586288e-05,0.00018591506600577437,0.00018591506600577437,0.0,0.00018591506600577437,300.293494569215,300.19043576770525,1.916018388516051e-05
166,220,contact,0.0019563432750925895,-4.3656724907410564e-05,4.3656724907410564e-05,0.000147744246770239,0.000147744246770239,0.0,0.000147744246770239,300.293494569215,300.2919768944936,2.2422770855735638e-07
166,295,contact,0.00193461953200106,-6.538046799894003e-05,6.538046799894003e-05,0.00018080440813063715,0.00018080440813063715,0.0,0.00018080440813063715,300.293494569215,300.41929308808074,-2.274492674723015e-05
166,464,contact,0.002208397939683877,-4.160206031612315e-05,4.160206031612315e-05,0.00015202715458489488,0.00015202715458489488,0.0,0.00015202715458489488,300.293494569215,300.2785361081707,2.2740922695298206e-06
167,273,contact,0.001992045681705116,-7.95431829488406e-06,7.95431829488406e-06,6.306472189300473e-05,6.306472189300473e-05,0.0,6.306472189300473e-05,300.10675857637386,300.08298084771656,1.4995358450204428e-06
167,319,contact,0.001979606750493642,-2.039324950635791e-05,2.039324950635791e-05,0.00010097833803929908,0.00010097833803929908,0.0,0.00010097833803929908,300.10675857637386,300.2292938497882,-1.2373408260568572e-05
167,337,contact,0.0019711739739556216,-2.8826026044378485e-05,2.8826026044378485e-05,0.0001200542086817003,0.0001200542086817003,0.0,0.0001200542086817003,300.10675857637386,300.0834261670888,2.8011539333538324e-06
168,257,contact,0.0018826501159004549,-0.00011734988409954519,0.00011734988409954519,0.00024222911065718876,0.00024222911065718876,0.0,0.00024222911065718876,300.73451860338133,300.6694790974593,1.5754461677072876e-05
168,263,contact,0.0018506531268987166,-0.0001493468731012834,0.0001493468731012834,0.00027326440776405863,0.00027326440776405863,0.0,0.00027326440776405863,300.73451860338133,300.64645093322264,2.406575972907585e-05
168,437,contact,0.0020817245014650714,-0.0001682754985349289,0.0001682754985349289,0.0003057554383407767,0.0003057554383407767,0.0,0.0003057554383407767,300.73451860338133,300.6805403617374,1.650414093469619e-05
168,493,contact,0.0021423126242451174,-0.00010768737575488291,0.00010768737575488291,0.00024459419425616757,0.00024459419425616757,0.0,0.00024459419425616757,300.73451860338133,300.827921503018,-2.2845806977818006e-05
169,239,contact,0.001954912882110352,-4.508711788964821e-05,4.508711788964821e-05,0.00015014512627729246,0.00015014512627729246,0.0,0.00015014512627729246,300.0722787638122,300.21306409519445,-2.1138231358375827e-05
169,310,contact,0.0019727841289347093,-2.7215871065290782e-05,2.7215871065290782e-05,0.00011665305625077035,0.00011665305625077035,0.0,0.00011665305625077035,300.0722787638122,300.0656999002192,7.674445447810963e-07
170,192,contact,0.001967372172252177,-3.262782774782289e-05,3.262782774782289e-05,0.00012772593266017454,0.00012772593266017454,0.0,0.00012772593266017454,300.38870505248826,300.3879199860253,1.0027334618452069e-07
170,213,contact,0.0019176766545054992,-8.232334549450088e-05,8.232334549450088e-05,0.00020288339692357883,0.00020288339692357883,0.0,0.00020288339692357883,300.38870505248826,300.36657997416853,4.488811046707453e-06
170,229,contact,0.001886355794494307,-0.00011364420550569296,0.00011364420550569296,0.00023837387179144966,0.00023837387179144966,0.0,0.00023837387179144966,300.38870505248826,300.4337365893086,-1.073434178457838e-05
170,390,contact,0.0019169899555976436,-8.301004440235647e-05,8.301004440235647e-05,0.00020372781400971798,0.00020372781400971798,0.0,0.00020372781400971798,300.38870505248826,300.2988575961276,1.830442587868757e-05
170,483,contact,0.0021461602219938172,-0.00010383977800618302,0.00010383977800618302,0.00024018485705595713,0.00024018485705595713,0.0,0.00024018485705595713,300.38870505248826,300.46746181267076,-1.891618118662414e-05
171,177,contact,0.0018236673070765948,-0.00017633269292340525,0.00017633269292340525,0.00029692818401374875,0.00029692818401374875,0.0,0.00029692818401374875,300.08589317640747,300.1676733863956,-2.4282849240045388e-05
171,245,contact,0.0019543209878625364,-4.5679012137463636e-05,4.5679012137463636e-05,0.00015112744975262377,0.00015112744975262377,0.0,0.00015112744975262377,300.08589317640747,300.1431400322182,-8.651571325029912e-06
171,391,contact,0.0018257806923067193,-0.00017421930769328077,0.00017421930769328077,0.00029514344622003785,0.00029514344622003785,0.0,0.00029514344622003785,300.08589317640747,300.1854245810049,-2.9376041760005896e-05
172,173,contact,0.001803262399466312,-0.0001967376005336881,0.0001967376005336881,0.00031363800832622955,0.00031363800832622955,0.0,0.00031363800832622955,300.3915103089498,300.26843841808534,3.86000227316787e-05
172,189,contact,0.0018692583309163026,-0.0001307416690836975,0.0001307416690836975,0.00025567720770895626,0.00025567720770895626,0.0,0.00025567720770895626,300.3915103089498,300.42457243143957,-8.453231159111458e-06
172,227,contact,0.0018443476649984498,-0.0001556523350015502,0.0001556523350015502,0.0002789734171937805,0.0002789734171937805,0.0,0.0002789734171937805,300.3915103089498,300.4876214262123,-2.6812446813022538e-05
172,234,contact,0.001899059203395459,-0.00010094079660454111,0.00010094079660454111,0.00022465617797485686,0.00022465617797485686,0.0,0.00022465617797485686,300.3915103089498,300.37111131959847,4.582758982223967e-06
172,414,contact,0.0021243316870444757,-0.00012566831295552456,0.00012566831295552456,0.0002642266629614352,0.0002642266629614352,0.0,0.0002642266629614352,300.3915103089498,300.38282865780144,2.2939237119314774e-06
172,445,contact,0.0021566360224017857,-9.336397759821457e-05,9.336397759821457e-05,0.00022774739612880878,0.00022774739612880878,0.0,0.00022774739612880878,300.3915103089498,300.42831724448774,-8.382683728243289e-06
173,395,contact,0.0018030605669926904,-0.00019693943300730962,0.00019693943300730962,0.00031379884719937197,0.00031379884719937197,0.0,0.00031379884719937197,300.26843841808534,300.18811145380107,2.5206508791428387e-05
173,458,contact,0.0022170241843299772,-3.2975815670023036e-05,3.2975815670023036e-05,0.00013535101622986524,0.00013535101622986524,0.0,0.00013535101622986524,300.26843841808534,300.21568514636914,7.140208936237732e-06
175,280,contact,0.0019690276237134675,-3.097237628653252e-05,3.097237628653252e-05,0.0001244435138657948,0.0001244435138657948,0.0,0.0001244435138657948,300.9376487056275,300.8256886027962,1.3932708609101446e-05
175,305,contact,0.0019770663968650625,-2.2933603134937548e-05,2.2933603134937548e-05,0.00010708315258465626,0.00010708315258465626,0.0,0.00010708315258465626,300.9376487056275,300.9543835410334,-1.7920189332474375e-06
175,439,contact,0.0022175069047664386,-3.249309523356168e-05,3.249309523356168e-05,0.00013435668786555038,0.00013435668786555038,0.0,0.00013435668786555038,300.9376487056275,300.918809438035,2.5311815955426507e-06
176,259,contact,0.0017932274848719001,-0.00020677251512809993,0.00020677251512809993,0.00032153733463479784,0.00032153733463479784,0.0,0.00032153733463479784,300.0564173381998,300.11219691818644,-1.7935217475946265e-05
176,479,contact,0.0019680162103244987,-0.0002819837896755016,0.0002819837896755016,0.00039580002644117425,0.00039580002644117425,0.0,0.00039580002644117425,300.0564173381998,300.0924776152135,-1.4272658595494294e-05
176,481,contact,0.002062416635915256,-0.0001875833640847444,0.0001875833640847444,0.000322820352591159,0.000322820352591159,0.0,0.000322820352591159,300.0564173381998,300.08481550329043,-9.167505667491729e-06
177,202,contact,0.0019299908838126673,-7.000911618733276e-05,7.000911618733276e-05,0.00018709505095984336,0.00018709505095984336,0.0,0.00018709505095984336,300.1676733863956,300.2269629963651,-1.1092792598629588e-05
177,415,contact,0.002083164286464223,-0.00016683571353577707,0.00016683571353577707,0.0003044445885869482,0.0003044445885869482,0.0,0.0003044445885869482,300.1676733863956,300.1281101185898,1.204482279029744e-05
179,259,contact,0.0018129643566545915,-0.00018703564334540852,0.00018703564334540852,0.0003058068371909043,0.0003058068371909043,0.0,0.0003058068371909043,300.07016980751087,300.11219691818644,-1.2852177791970077e-05
179,277,contact,0.0019475765582898142,-5.24234417101858e-05,5.24234417101858e-05,0.00016190034235631775,0.00016190034235631775,0.0,0.00016190034235631775,300.07016980751087,300.07530869328286,-8.319873658165679e-07
179,420,contact,0.0020761324076513043,-0.000173867592348696,0.000173867592348696,0.0003107943160039879,0.0003107943160039879,0.0,0.0003107943160039879,300.07016980751087,300.08894509327524,-5.835252096919041e-06
179,429,contact,0.00220722224073608,-4.277775926392032e-05,4.277775926392032e-05,0.00015416037692380318,0.00015416037692380318,0.0,0.00015416037692380318,300.07016980751087,300.1981585281253,-1.9730789411917324e-05
180,181,contact,0.001929111519586154,-7.088848041384615e-05,7.088848041384615e-05,0.00018826640753709376,0.00018826640753709376,0.0,0.00018826640753709376,300.66997994602144,300.673695301707,-6.994766676477102e-07
180,340,contact,0.0019394420247586678,-6.055797524133228e-05,6.055797524133228e-05,0.0001740085849050734,0.0001740085849050734,0.0,0.0001740085849050734,300.66997994602144,300.608376154148,1.071958864868357e-05
180,365,contact,0.0019014577564857972,-9.85422435142028e-05,9.85422435142028e-05,0.00022197099305337487,0.00022197099305337487,0.0,0.00022197099305337487,300.66997994602144,300.6240050093064,1.0205102358200522e-05
180,421,contact,0.0021850398350144557,-6.496016498554451e-05,6.496016498554451e-05,0.00018997099922757877,0.00018997099922757877,0.0,0.00018997099922757877,300.66997994602144,300.72633388534217,-1.0705614163169286e-05
180,488,contact,0.0021177473103512613,-0.00013225268964873896,0.00013225268964873896,0.0002710603557725136,0.0002710603557725136,0.0,0.0002710603557725136,300.66997994602144,300.7969079798731,-3.440515801333145e-05
181,233,contact,0.001960103247178577,-3.9896752821423024e-05,3.9896752821423024e-05,0.00014123872135753536,0.00014123872135753536,0.0,0.00014123872135753536,300.673695301707,300.59828332886093,1.0651090619832029e-05
181,253,contact,0.001958686731715921,-4.1313268284078834e-05,4.1313268284078834e-05,0.00014372415991071026,0.00014372415991071026,0.0,0.00014372415991071026,300.673695301707,300.7925800558056,-1.7086611409010865e-05
181,340,contact,0.0019938625490238783,-6.137450976121707e-06,6.137450976121707e-06,5.539607827329344e-05,5.539607827329344e-05,0.0,5.539607827329344e-05,300.673695301707,300.608376154148,3.6184246109244616e-06
181,428,contact,0.002204177058632088,-4.582294136791206e-05,4.582294136791206e-05,0.00015955309351071834,0.00015955309351071834,0.0,0.00015955309351071834,300.673695301707,300.5891252491056,1.3493413510918667e-05
181,438,contact,0.002148447286390801,-0.00010155271360919906,0.00010155271360919906,0.00023752510230990915,0.00023752510230990915,0.0,0.00023752510230990915,300.673695301707,300.72102307162527,-1.124153339192989e-05
182,258,contact,0.0019582006587681457,-4.179934123185432e-05,4.179934123185432e-05,0.00014456718374488437,0.00014456718374488437,0.0,0.00014456718374488437,300.80016755816087,300.7846289822221,2.246368162872951e-06
182,313,contact,0.001967992159359381,-3.2007840640618877e-05,3.2007840640618877e-05,0.00012650660188428682,0.00012650660188428682,0.0,0.00012650660188428682,300.80016755816087,300.7236418012677,9.681013461175121e-06
182,329,contact,0.001913336120810977,-8.666387918902308e-05,8.666387918902308e-05,0.00020816325226732872,0.00020816325226732872,0.0,0.00020816325226732872,300.80016755816087,300.7211798737327,1.6442333279633454e-05
182,463,contact,0.002188057221395273,-6.194277860472729e-05,6.194277860472729e-05,0.00018550648177463787,0.00018550648177463787,0.0,0.00018550648177463787,300.80016755816087,300.84886073392516,-9.03289972246921e-06
182,493,contact,0.002214507413308883,-3.549258669111738e-05,3.549258669111738e-05,0.00014042116548899398,0.00014042116548899398,0.0,0.00014042116548899398,300.80016755816087,300.827921503018,-3.897241283754718e-06
183,301,contact,0.0019535133386706124,-4.6486661329387616e-05,4.6486661329387616e-05,0.0001524576356391959,0.0001524576356391959,0.0,0.0001524576356391959,300.57822757775375,300.651948758314,-1.1239356884746814e-05
183,469,contact,0.0021079590004181767,-0.00014204099958182352,0.00014204099958182352,0.000280912204139205,0.000280912204139205,0.0,0.000280912204139205,300.57822757775375,300.5687132526918,2.672690024051262e-06
184,251,contact,0.0018926876601013702,-0.00010731233989862989,0.00010731233989862989,0.00023163801490540137,0.00023163801490540137,0.0,0.00023163801490540137,300.50752521568785,300.49155263665705,3.6998564996145285e-06
184,252,contact,0.0018758264593506514,-0.00012417354064934863,0.00012417354064934863,0.0002491721700444781,0.0002491721700444781,0.0,0.0002491721700444781,300.50752521568785,300.3844231677896,3.067360441173157e-05
184,433,contact,0.0022043884866783346,-4.5611513321665645e-05,4.5611513321665645e-05,0.00015918457721509198,0.00015918457721509198,0.0,0.00015918457721509198,300.50752521568785,300.57840043558065,-1.128224191366176e-05
184,436,contact,0.0021245604840060446,-0.00012543951599395566,0.00012543951599395566,0.00026398602235088516,0.00026398602235088516,0.0,0.00026398602235088516,300.50752521568785,300.58976528245466,-2.1710228103642668e-05
185,197,contact,0.001903403365789816,-9.659663421018394e-05,9.659663421018394e-05,0.0002197687810065205,0.0002197687810065205,0.0,0.0002197687810065205,300.58335925492264,300.51504190114827,1.5014021560585723e-05
185,207,contact,0.0019066546170190333,-9.33453829809667e-05,9.33453829809667e-05,0.00021603863425434663,0.00021603863425434663,0.0,0.00021603863425434663,300.58335925492264,300.49569456384035,1.8938960133748335e-05
185,336,contact,0.0019549357297364025,-4.506427026359757e-05,4.506427026359757e-05,0.0001501070788863696,0.0001501070788863696,0.0,0.0001501070788863696,300.58335925492264,300.6777754076465,-1.4172532885066781e-05
185,342,contact,0.0019723258042615576,-2.7674195738442483e-05,2.7674195738442483e-05,0.00011763119428629992,0.00011763119428629992,0.0,0.00011763119428629992,300.58335925492264,300.58630696642206,-3.46742824087826e-07
185,490,contact,0.0022097779850629795,-4.022201493702072e-05,4.022201493702072e-05,0.00014948432644896388,0.00014948432644896388,0.0,0.00014948432644896388,300.58335925492264,300.65961371485474,-1.1398846581679738e-05
186,320,contact,0.0019035642294390805,-9.643577056091951e-05,9.643577056091951e-05,0.00021958571283318902,0.00021958571283318902,0.0,0.00021958571283318902,300.13065896108736,300.0733209897199,1.2590599315135757e-05
186,400,contact,0.001923717386624137,-7.628261337586312e-05,7.628261337586312e-05,0.00019529799458246251,0.00019529799458246251,0.0,0.00019529799458246251,300.13065896108736,300.2194586259585,-1.7342396468929645e-05
187,206,contact,0.001958762033469354,-4.123796653064584e-05,4.123796653064584e-05,0.00014359311705413642,0.00014359311705413642,0.0,0.00014359311705413642,300.93223084668665,300.8012120184492,1.8813401939399178e-05
187,244,contact,0.0018942419990634778,-0.0001057580009365222,0.0001057580009365222,0.00022995434431265067,0.00022995434431265067,0.0,0.00022995434431265067,300.93223084668665,300.93014162516437,4.804255652804581e-07
187,256,contact,0.0019087483766070381,-9.125162339296191e-05,9.125162339296191e-05,0.00021360199366223377,0.00021360199366223377,0.0,0.00021360199366223377,300.93223084668665,300.93243640703037,-4.390809923555912e-08
188,230,contact,0.0019586928675522355,-4.130713244776454e-05,4.130713244776454e-05,0.00014371348657618138,0.00014371348657618138,0.0,0.00014371348657618138,300.52870200380323,300.53902079827424,-1.4829499306910606e-06
188,296,contact,0.0018827475238597444,-0.00011725247614025568,0.00011725247614025568,0.00024212855690754,0.00024212855690754,0.0,0.00024212855690754,300.52870200380323,300.53299382601193,-1.0391727178961684e-06
188,301,contact,0.0018788946677767756,-0.00012110533222322445,0.00012110533222322445,0.0002460745133320642,0.0002460745133320642,0.0,0.0002460745133320642,300.52870200380323,300.651948758314,-3.0327885135995057e-05
188,435,contact,0.002231640530260194,-1.8359469739806424e-05,1.8359469739806424e-05,0.00010099359094023526,0.00010099359094023526,0.0,0.00010099359094023526,300.52870200380323,300.4697842188363,5.9503186740541315e-06
188,469,contact,0.0022456386199475637,-4.361380052436605e-06,4.361380052436605e-06,4.922386532994271e-05,4.922386532994271e-05,0.0,4.922386532994271e-05,300.52870200380323,300.5687132526918,-1.969508326973352e-06
189,278,contact,0.0019108401976724793,-8.915980232752072e-05,8.915980232752072e-05,0.00021113953008321384,0.00021113953008321384,0.0,0.00021113953008321384,300.42457243143957,300.3812170712118,9.15403038508457e-06
189,387,contact,0.0019356470094831337,-6.435299051686639e-05,6.435299051686639e-05,0.00017937807909115648,0.00017937807909115648,0.0,0.00017937807909115648,300.42457243143957,300.35836981499506,1.1875298168625484e-05
190,191,contact,0.001911094721775977,-8.890527822402305e-05,8.890527822402305e-05,0.00021083794514273641,0.00021083794514273641,0.0,0.00021083794514273641,300.19043576770525,300.2835972437772,-1.96419741814723e-05
190,277,contact,0.0019459752322164852,-5.402476778351489e-05,5.402476778351489e-05,0.000164354445914181,0.000164354445914181,0.0,0.000164354445914181,300.19043576770525,300.07530869328286,1.8921646526412482e-05
190,397,contact,0.001966129277794316,-3.3870722205684226e-05,3.3870722205684226e-05,0.0001301359331731329,0.0001301359331731329,0.0,0.0001301359331731329,300.19043576770525,300.1989622946635,-1.1096075424357965e-06
190,453,contact,0.002217527389706833,-3.24726102931671e-05,3.24726102931671e-05,0.0001343143292867872,0.0001343143292867872,0.0,0.0001343143292867872,300.19043576770525,300.1528613952463,5.046776635195576e-06
190,481,contact,0.002175372280346515,-7.46277196534851e-05,7.46277196534851e-05,0.0002036169056142838,0.0002036169056142838,0.0,0.0002036169056142838,300.19043576770525,300.08481550329043,2.1506071410308978e-05
191,331,contact,0.0018971675082870268,-0.00010283249171297326,0.00010283249171297326,0.00022675150684501883,0.00022675150684501883,0.0,0.00022675150684501883,300.2835972437772,300.36270607782797,-1.7938047325764926e-05
191,422,contact,0.0021816265085710692,-6.837349142893101e-05,6.837349142893101e-05,0.00019489810931887664,0.00019489810931887664,0.0,0.00019489810931887664,300.2835972437772,300.2317369985222,1.010746374901272e-05
191,429,contact,0.0021418431888445984,-0.00010815681115540184,0.00010815681115540184,0.0002451267372372026,0.0002451267372372026,0.0,0.0002451267372372026,300.2835972437772,300.1981585281253,2.0943313601484827e-05
191,482,contact,0.002132961050113198,-0.00011703894988680233,0.00011703894988680233,0.0002549934093775784,0.0002549934093775784,0.0,0.0002549934093775784,300.2835972437772,300.37389259770663,-2.3024720149421607e-05
192,208,contact,0.0018585907933588732,-0.00014140920664112685,0.00014140920664112685,0.00026590337214966536,0.00026590337214966536,0.0,0.00026590337214966536,300.3879199860253,300.31878695925343,1.838270494554835e-05
192,229,contact,0.0018701129545364368,-0.00012988704546356322,0.00012988704546356322,0.00025484019057397836,0.00025484019057397836,0.0,0.00025484019057397836,300.3879199860253,300.4337365893086,-1.1675911912168324e-05
192,240,contact,0.0019187698404217856,-8.123015957821442e-05,8.123015957821442e-05,0.00020153183319045954,0.00020153183319045954,0.0,0.00020153183319045954,300.3879199860253,300.503946794332,-2.338309537729579e-05
192,300,contact,0.001940594724053685,-5.9405275946315065e-05,5.9405275946315065e-05,0.00017234453276259603,0.00017234453276259603,0.0,0.00017234453276259603,300.3879199860253,300.46202772835534,-1.2772064225964478e-05
192,359,contact,0.0019282878016325786,-7.171219836742148e-05,7.171219836742148e-05,0.0001893570679528777,0.0001893570679528777,0.0,0.0001893570679528777,300.3879199860253,300.32625228638983,1.1677214790367545e-05
192,390,contact,0.0019934379185279397,-6.562081472060322e-06,6.562081472060322e-06,5.728036955214379e-05,5.728036955214379e-05,0.0,5.728036955214379e-05,300.3879199860253,300.2988575961276,5.101526606535243e-06
193,290,contact,0.0019458804580263916,-5.4119541973608395e-05,5.4119541973608395e-05,0.00016449854402639618,0.00016449854402639618,0.0,0.00016449854402639618,300.53774518161043,300.5687875941761,-5.106431670121443e-06
193,346,contact,0.0019809444008639797,-1.9055599136020337e-05,1.9055599136020337e-05,9.761044804737948e-05,9.761044804737948e-05,0.0,9.761044804737948e-05,300.53774518161043,300.55848975514334,-2.0248871170990394e-06
193,445,contact,0.0021885671199440063,-6.143288005599394e-05,6.143288005599394e-05,0.00018474138087847433,0.00018474138087847433,0.0,0.00018474138087847433,300.53774518161043,300.42831724448774,2.021586821072842e-05
193,489,contact,0.0022033296058465686,-4.667039415343164e-05,4.667039415343164e-05,0.00016102172757707722,0.00016102172757707722,0.0,0.00016102172757707722,300.53774518161043,300.60252289549027,-1.0430619397424591e-05
194,327,contact,0.0019119047587157674,-8.809524128423267e-05,8.809524128423267e-05,0.00020987525018952648,0.00020987525018952648,0.0,0.00020987525018952648,300.5815028060439,300.47575601667825,2.219363387485273e-05
194,332,contact,0.0018758013584598973,-0.00012419864154010279,0.00012419864154010279,0.00024919735305586893,0.00024919735305586893,0.0,0.00024919735305586893,300.5815028060439,300.580262457751,3.090915114499631e-07
194,342,contact,0.0019318134919588483,-6.818650804115171e-05,6.818650804115171e-05,0.0001846435864593619,0.0001846435864593619,0.0,0.0001846435864593619,300.5815028060439,300.58630696642206,-8.870574021514982e-07
194,403,contact,0.0021087539685084177,-0.0001412460314915826,0.0001412460314915826,0.0002801250033383733,0.0002801250033383733,0.0,0.0002801250033383733,300.5815028060439,300.56855349956595,3.6274245203612593e-06
194,408,contact,0.00211594372571061,-0.00013405627428939026,0.00013405627428939026,0.00027290237803755053,0.00027290237803755053,0.0,0.00027290237803755053,300.5815028060439,300.65932291736584,-2.1237293438908487e-05
194,437,contact,0.0022119017153571716,-3.80982846428287e-05,3.80982846428287e-05,0.00014548441047225778,0.00014548441047225778,0.0,0.00014548441047225778,300.5815028060439,300.6805403617374,-1.440842040468834e-05
195,240,contact,0.0018989348958070862,-0.00010106510419291385,0.00010106510419291385,0.00022479446633860212,0.00022479446633860212,0.0,0.00022479446633860212,300.4344643895398,300.503946794332,-1.561926010518783e-05
195,430,contact,0.0020920038020280926,-0.00015799619797190762,0.00015799619797190762,0.00029626958254256995,0.00029626958254256995,0.0,0.00029626958254256995,300.4344643895398,300.3443102264148,2.670993627352476e-05
195,491,contact,0.0021647293828559733,-8.527061714402699e-05,8.527061714402699e-05,0.0002176523950707067,0.0002176523950707067,0.0,0.0002176523950707067,300.4344643895398,300.57600320746354,-3.0806262716576754e-05
195,496,contact,0.0021440456664912717,-0.00010595433350872856,0.00010595433350872856,0.00024261805088649177,0.00024261805088649177,0.0,0.00024261805088649177,300.4344643895398,300.3532025606024,1.9715586548260076e-05
196,310,contact,0.0018134098340816401,-0.00018659016591835993,0.00018659016591835993,0.0003054424380455014,0.0003054424380455014,0.0,0.0003054424380455014,300.1717912904637,300.0656999002192,3.240481289191707e-05
196,323,contact,0.001892110784665944,-0.00010788921533405604,0.00010788921533405604,0.0002322597848682118,0.0002322597848682118,0.0,0.0002322597848682118,300.1717912904637,300.1560550550446,3.6548946530818297e-06
196,377,contact,0.0018118728858736199,-0.00018812711412638018,0.00018812711412638018,0.0003066978269619628,0.0003066978269619628,0.0,0.0003066978269619628,300.1717912904637,300.29163513723944,-3.675584738087661e-05
196,417,contact,0.0020839002770583824,-0.00016609972294161788,0.00016609972294161788,0.0003037723224002713,0.0003037723224002713,0.0,0.0003037723224002713,300.1717912904637,300.28725707370813,-3.507530913392296e-05
196,454,contact,0.002104659575575347,-0.0001453404244246533,0.0001453404244246533,0.0002841560842845328,0.0002841560842845328,0.0,0.0002841560842845328,300.1717912904637,300.0692798655541,2.912924509674205e-05
197,264,contact,0.001998926774746889,-1.073225253111175e-06,1.073225253111175e-06,2.3164900745645068e-05,2.3164900745645068e-05,0.0,2.3164900745645068e-05,300.51504190114827,300.4240351268594,2.1081628935830293e-06
197,341,contact,0.001917094945431758,-8.290505456824194e-05,8.290505456824194e-05,0.00020359893733544135,0.00020359893733544135,0.0,0.00020359893733544135,300.51504190114827,300.43471176324084,1.6355130713961012e-05
197,348,contact,0.0019762539320702286,-2.3746067929771453e-05,2.3746067929771453e-05,0.00010896345242734248,0.00010896345242734248,0.0,0.00010896345242734248,300.51504190114827,300.48810319878,2.935334013960839e-06
197,440,contact,0.0022222425540656004,-2.7757445934399865e-05,2.7757445934399865e-05,0.0001241805270438518,0.0001241805270438518,0.0,0.0001241805270438518,300.51504190114827,300.52119607069596,-7.64228017950483e-07
197,461,contact,0.0022061774906611663,-4.3822509338833915e-05,4.3822509338833915e-05,0.0001560315305365374,0.0001560315305365374,0.0,0.0001560315305365374,300.51504190114827,300.59143378862404,-1.1919543123420769e-05
198,336,contact,0.0019057889172990799,-9.421108270092019e-05,9.421108270092019e-05,0.0002170381103641941,0.0002170381103641941,0.0,0.0002170381103641941,300.8103930236765,300.6777754076465,2.8783076784159335e-05
198,393,contact,0.001893592636920624,-0.00010640736307937601,0.00010640736307937601,0.00023065923250476666,0.00023065923250476666,0.0,0.00023065923250476666,300.8103930236765,300.7820486794801,6.537884678192145e-06
198,401,contact,0.0021154249718200826,-0.00013457502817991766,0.00013457502817991766,0.0002734298896324224,0.0002734298896324224,0.0,0.0002734298896324224,300.8103930236765,300.9176588272055,-2.9329676820268474e-05
198,409,contact,0.002157843961480997,-9.215603851900345e-05,9.215603851900345e-05,0.00022626930675021775,0.00022626930675021775,0.0,0.00022626930675021775,300.8103930236765,300.79140700229584,4.295953895748929e-06
198,472,contact,0.0021953763269207402,-5.4623673079260034e-05,5.4623673079260034e-05,0.000174202425482636,0.000174202425482636,0.0,0.000174202425482636,300.8103930236765,300.8251048871559,-2.5628423014744154e-06
198,473,contact,0.0022348235886082823,-1.5176411391717992e-05,1.5176411391717992e-05,9.182232659906605e-05,9.182232659906605e-05,0.0,9.182232659906605e-05,300.8103930236765,300.77329896439176,3.406062826529857e-06
199,205,contact,0.0018697027001060883,-0.0001302972998939117,0.0001302972998939117,0.00025524233572617975,0.00025524233572617975,0.0,0.00025524233572617975,300.9353151758542,300.8686160537387,1.7024439719644494e-05
199,399,contact,0.0018809367756955566,-0.00011906322430444349,0.00011906322430444349,0.00024399100834297512,0.00024399100834297512,0.0,0.00024399100834297512,300.9353151758542,300.9340070983692,3.1915914456099985e-07
199,423,contact,0.0021761105730003704,-7.388942699962982e-05,7.388942699962982e-05,0.00020260721030225211,0.00020260721030225211,0.0,0.00020260721030225211,300.9353151758542,300.8358828127949,2.0145713693204068e-05
200,281,contact,0.0019824458180492605,-1.755418195073955e-05,1.755418195073955e-05,9.368613011203834e-05,9.368613011203834e-05,0.0,9.368613011203834e-05,300.94765211493257,300.92456765643885,2.1626935820079543e-06
200,305,contact,0.001985491943638402,-1.4508056361597996e-05,1.4508056361597996e-05,8.51705828370277e-05,8.51705828370277e-05,0.0,8.51705828370277e-05,300.94765211493257,300.9543835410334,-5.733194843318825e-07
201,236,contact,0.0018578578975143544,-0.00014214210248564567,0.00014214210248564567,0.0002665915438321757,0.0002665915438321757,0.0,0.0002665915438321757,300.30499596282516,300.28525439018705,5.262936327269032e-06
201,239,contact,0.0019532523800062295,-4.6747619993770494e-05,4.6747619993770494e-05,0.0001528849567383438,0.0001528849567383438,0.0,0.0001528849567383438,300.30499596282516,300.21306409519445,1.405499960559559e-05
202,245,contact,0.0019206085160958755,-7.93914839041245e-05,7.93914839041245e-05,0.00019923790290018176,0.00019923790290018176,0.0,0.00019923790290018176,300.2269629963651,300.1431400322182,1.670071159150914e-05
202,297,contact,0.001906142080223822,-9.38579197761781e-05,9.38579197761781e-05,0.000216630930127923,0.000216630930127923,0.0,0.000216630930127923,300.2269629963651,300.24319042666883,-3.5153633202829236e-06
202,347,contact,0.0019455472906100228,-5.445270938997729e-05,5.445270938997729e-05,0.0001650041050852634,0.0001650041050852634,0.0,0.0001650041050852634,300.2269629963651,300.2274802426978,-8.534776823907793e-08
202,391,contact,0.0019843720538497817,-1.562794615021833e-05,1.562794615021833e-05,8.839668022674361e-05,8.839668022674361e-05,0.0,8.839668022674361e-05,300.2269629963651,300.1854245810049,3.6718580197219294e-06
202,486,contact,0.0021479057889146015,-0.00010209421108539878,0.00010209421108539878,0.00023815752383360658,0.00023815752383360658,0.0,0.00023815752383360658,300.2269629963651,300.2847257087128,-1.3756624542643511e-05
203,272,contact,0.001986054598594913,-1.3945401405087137e-05,1.3945401405087137e-05,8.35026987740131e-05,8.35026987740131e-05,0.0,8.35026987740131e-05,300.68112121299316,300.5944568539879,7.236707864461087e-06
203,372,contact,0.0019855602613129933,-1.4439738687006733e-05,1.4439738687006733e-05,8.496981430780796e-05,8.496981430780796e-05,0.0,8.496981430780796e-05,300.68112121299316,300.580732611187,8.530000854091035e-06
203,462,contact,0.002205902620629478,-4.4097379370522296e-05,4.4097379370522296e-05,0.00015652010763711675,0.00015652010763711675,0.0,0.00015652010763711675,300.68112121299316,300.78835762805767,-1.678465522851497e-05
203,489,contact,0.002209858628061505,-4.014137193849524e-05,4.014137193849524e-05,0.00014933439720323283,0.00014933439720323283,0.0,0.00014933439720323283,300.68112121299316,300.60252289549027,1.1737432365483068e-05
204,209,contact,0.0019517372537306346,-4.82627462693654e-05,4.82627462693654e-05,0.00015534276016178773,0.00015534276016178773,0.0,0.00015534276016178773,300.45195679128994,300.3787285262463,1.1375480813742235e-05
204,268,contact,0.0018827653757438818,-0.00011723462425611828,0.00011723462425611828,0.0002421101239685345,0.0002421101239685345,0.0,0.0002421101239685345,300.45195679128994,300.50241601427535,-1.2216688732353473e-05
204,324,contact,0.001965874613600775,-3.4125386399224984e-05,3.4125386399224984e-05,0.00013062424430255087,0.00013062424430255087,0.0,0.00013062424430255087,300.45195679128994,300.460400411611,-1.1029415236124188e-06
204,332,contact,0.001895575749607491,-0.00010442425039250912,0.00010442425039250912,0.00022849972690630192,0.00022849972690630192,0.0,0.00022849972690630192,300.45195679128994,300.580262457751,-2.931780974688647e-05
205,423,contact,0.0021352790070854905,-0.00011472099291450974,0.00011472099291450974,0.00025245570889267965,0.00025245570889267965,0.0,0.00025245570889267965,300.8686160537387,300.8358828127949,8.26369354682156e-06
205,493,contact,0.002145518759204869,-0.00010448124079513125,0.00010448124079513125,0.00024092557725379204,0.00024092557725379204,0.0,0.00024092557725379204,300.8686160537387,300.827921503018,9.80435812347552e-06
206,276,contact,0.0019465649994284799,-5.343500057152016e-05,5.343500057152016e-05,0.0001634548876166145,0.0001634548876166145,0.0,0.0001634548876166145,300.8012120184492,300.8127751509976,-1.8900505311975742e-06
206,352,contact,0.0019129491719593599,-8.705082804064015e-05,8.705082804064015e-05,0.00020862745270054965,0.00020862745270054965,0.0,0.00020862745270054965,300.8012120184492,300.9001843162337,-2.06483383747092e-05
206,407,contact,0.0022114192818421473,-3.858071815785293e-05,3.858071815785293e-05,0.00014640263764672512,0.00014640263764672512,0.0,0.00014640263764672512,300.8012120184492,300.74839673513566,7.732296785158532e-06
206,497,contact,0.0021770567599858296,-7.294324001417066e-05,7.294324001417066e-05,0.00020130579283789826,0.00020130579283789826,0.0,0.00020130579283789826,300.8012120184492,300.8018341930291,-1.2524734709370664e-07
207,229,contact,0.0019499289825273128,-5.00710174726872e-05,5.00710174726872e-05,0.00015822613164816866,0.00015822613164816866,0.0,0.00015822613164816866,300.49569456384035,300.4337365893086,9.803370634916945e-06
207,230,contact,0.0018681708243894618,-0.00013182917561053824,0.00013182917561053824,0.00025673836449831397,0.00025673836449831397,0.0,0.00025673836449831397,300.49569456384035,300.53902079827424,-1.1123506568427808e-05
207,264,contact,0.0018847544246134568,-0.00011524557538654325,0.00011524557538654325,0.00024004746966646331,0.00024004746966646331,0.0,0.00024004746966646331,300.49569456384035,300.4240351268594,1.7201666525000757e-05
207,266,contact,0.0018835833514384219,-0.00011641664856157819,0.00011641664856157819,0.000241264013646439,0.000241264013646439,0.0,0.000241264013646439,300.49569456384035,300.5806125058589,-2.0487643521987365e-05
207,435,contact,0.0022313348315750373,-1.8665168424962953e-05,1.8665168424962953e-05,0.00010183092857215979,0.00010183092857215979,0.0,0.00010183092857215979,300.49569456384035,300.4697842188363,2.6384744913859727e-06
208,213,contact,0.0019455205883516105,-5.447941164838949e-05,5.447941164838949e-05,0.0001650445570874567,0.0001650445570874567,0.0,0.0001650445570874567,300.31878695925343,300.36657997416853,-7.887976978537003e-06
208,219,contact,0.0019722514238554876,-2.774857614451249e-05,2.774857614451249e-05,0.00011778916789015976,0.00011778916789015976,0.0,0.00011778916789015976,300.31878695925343,300.2720710826185,5.502624236089937e-06
208,377,contact,0.0019632243116360446,-3.677568836395542e-05,3.677568836395542e-05,0.0001356017853200234,0.0001356017853200234,0.0,0.0001356017853200234,300.31878695925343,300.29163513723944,3.681835539788696e-06
208,470,contact,0.002122852952891463,-0.00012714704710853732,0.00012714704710853732,0.0002657766889582904,0.0002657766889582904,0.0,0.0002657766889582904,300.31878695925343,300.24954486385127,1.840293485252014e-05
209,414,contact,0.0021698850507803394,-8.011494921966083e-05,8.011494921966083e-05,0.0002109699152060165,0.0002109699152060165,0.0,0.0002109699152060165,300.3787285262463,300.38282865780144,-8.650044065261524e-07
209,464,contact,0.002221688054363168,-2.8311945636832342e-05,2.8311945636832342e-05,0.00012541474668925133,0.00012541474668925133,0.0,0.00012541474668925133,300.3787285262463,300.2785361081707,1.2565606733128783e-05
210,369,contact,0.0019337278095947214,-6.62721904052786e-05,6.62721904052786e-05,0.00018203322554588572,0.00018203322554588572,0.0,0.00018203322554588572,300.5976166712173,300.5555958702514,7.649181939839394e-06
210,424,contact,0.002188315249638406,-6.168475036159426e-05,6.168475036159426e-05,0.00018511970655886762,0.00018511970655886762,0.0,0.00018511970655886762,300.5976166712173,300.49168021173875,1.961092629255046e-05
210,477,contact,0.002202335689421573,-4.766431057842734e-05,4.766431057842734e-05,0.0001627272950170645,0.0001627272950170645,0.0,0.0001627272950170645,300.5976166712173,300.62220470390537,-4.00114404912348e-06
211,279,contact,0.0019706714562554564,-2.9328543744543654e-05,2.9328543744543654e-05,0.00012109612657831723,0.00012109612657831723,0.0,0.00012109612657831723,300.7420955002433,300.64176736842796,1.2149348149675454e-05
211,460,contact,0.002171390724144321,-7.860927585567933e-05,7.860927585567933e-05,0.00020897803693168776,0.00020897803693168776,0.0,0.00020897803693168776,300.7420955002433,300.8166933707061,-1.5589316528602383e-05
211,477,contact,0.0022131976148776237,-3.680238512237654e-05,3.680238512237654e-05,0.0001429887041427798,0.0001429887041427798,0.0,0.0001429887041427798,300.7420955002433,300.62220470390537,1.714302960700611e-05
211,485,contact,0.0021583899917531116,-9.161000824688863e-05,9.161000824688863e-05,0.00022559798098841497,0.00022559798098841497,0.0,0.00022559798098841497,300.7420955002433,300.6735284972698,1.5468577433250336e-05
211,499,contact,0.002182616231704512,-6.738376829548828e-05,6.738376829548828e-05,0.00019348236826860173,0.00019348236826860173,0.0,0.00019348236826860173,300.7420955002433,300.671544947736,1.3650287981773366e-05
212,237,contact,0.001989704712388247,-1.0295287611752999e-05,1.0295287611752999e-05,7.174708221158893e-05,7.174708221158893e-05,0.0,7.174708221158893e-05,300.26557398685065,300.2046729008009,4.3694752275856905e-06
212,254,contact,0.001916214852045563,-8.378514795443696e-05,8.378514795443696e-05,0.00020467675485315493,0.00020467675485315493,0.0,0.00020467675485315493,300.26557398685065,300.16409753676476,2.0769870497599622e-05
212,315,contact,0.0018863960763583032,-0.00011360392364169686,0.00011360392364169686,0.00023833162152943203,0.00023833162152943203,0.0,0.00023833162152943203,300.26557398685065,300.3130431087992,-1.131339280657678e-05
212,441,contact,0.00219790542335197,-5.2094576648030466e-05,5.2094576648030466e-05,0.0001701218136252022,0.0001701218136252022,0.0,0.0001701218136252022,300.26557398685065,300.2975623368967,-5.441916124711704e-06
213,314,contact,0.0019300986898342783,-6.99013101657217e-05,6.99013101657217e-05,0.0001869509429846794,0.0001869509429846794,0.0,0.0001869509429846794,300.36657997416853,300.3375275997608,5.431368791471043e-06
213,430,contact,0.0020881470289469558,-0.0001618529710530445,0.0001618529710530445,0.0002998638311829077,0.0002998638311829077,0.0,0.0002998638311829077,300.36657997416853,300.3443102264148,6.6778918809132695e-06
213,434,contact,0.002146069160605036,-0.00010393083939496447,0.00010393083939496447,0.00024029014798660536,0.00024029014798660536,0.0,0.00024029014798660536,300.36657997416853,300.5156351514539,-3.581649060807619e-05
213,443,contact,0.002148252342766091,-0.00010174765723390935,0.00010174765723390935,0.00023775297314873004,0.00023775297314873004,0.0,0.00023775297314873004,300.36657997416853,300.35022910142186,3.887468609097471e-06
213,470,contact,0.002214566180564491,-3.543381943550911e-05,3.543381943550911e-05,0.00014030486535380554,0.00014030486535380554,0.0,0.00014030486535380554,300.36657997416853,300.24954486385127,1.6420595394731034e-05
214,267,contact,0.0019401751470679135,-5.982485293208649e-05,5.982485293208649e-05,0.00017295209297965504,0.00017295209297965504,0.0,0.00017295209297965504,300.7400299524272,300.80796497589364,-1.174950449513905e-05
214,286,contact,0.001997760124364284,-2.2398756357160793e-06,2.2398756357160793e-06,3.346547202502962e-05,3.346547202502962e-05,0.0,3.346547202502962e-05,300.7400299524272,300.7479912549453,-2.6642874670171644e-07
214,376,contact,0.001880289933254975,-0.00011971006674502496,0.00011971006674502496,0.00024465288343388165,0.00024465288343388165,0.0,0.00024465288343388165,300.7400299524272,300.77318476512323,-8.111420525789481e-06
214,465,contact,0.0021229471799599727,-0.00012705282004002753,0.00012705282004002753,0.0002656781888342314,0.0002656781888342314,0.0,0.0002656781888342314,300.7400299524272,300.83013118417756,-2.3937932063163326e-05
214,494,contact,0.0022116337992307863,-3.8366200769213935e-05,3.8366200769213935e-05,0.00014599505465219236,0.00014599505465219236,0.0,0.00014599505465219236,300.7400299524272,300.62079298340916,1.7408007808353617e-05
215,344,contact,0.0019097128265760273,-9.028717342397276e-05,9.028717342397276e-05,0.00021247020193896927,0.00021247020193896927,0.0,0.00021247020193896927,300.92553952319884,300.883175760477,9.001037220402662e-06
216,328,contact,0.0019110874976371436,-8.891250236285641e-05,8.891250236285641e-05,0.00021084651095388846,0.00021084651095388846,0.0,0.00021084651095388846,300.3662311764616,300.320795776963,9.57989545807902e-06
216,341,contact,0.001937237638552638,-6.276236144736212e-05,6.276236144736212e-05,0.00017714734184762993,0.00017714734184762993,0.0,0.00017714734184762993,300.3662311764616,300.43471176324084,-1.2131153916106656e-05
216,350,contact,0.001935283847303085,-6.471615269691504e-05,6.471615269691504e-05,0.0001798835077166818,0.0001798835077166818,0.0,0.0001798835077166818,300.3662311764616,300.26815210216967,1.764280791724015e-05
216,385,contact,0.0019489115921057058,-5.108840789429421e-05,5.108840789429421e-05,0.00015982554222384825,0.00015982554222384825,0.0,0.00015982554222384825,300.3662311764616,300.2785565649615,1.4012642322271869e-05
216,419,contact,0.0021317354604957566,-0.00011826453950424367,0.00011826453950424367,0.00025632503183809814,0.00025632503183809814,0.0,0.00025632503183809814,300.3662311764616,300.3553242790149,2.7957108352844415e-06
217,290,contact,0.0019650696291648785,-3.493037083512158e-05,3.493037083512158e-05,0.00013215591329017703,0.00013215591329017703,0.0,0.00013215591329017703,300.50135145938674,300.5687875941761,-8.91208398184934e-06
217,324,contact,0.0019565145410447575,-4.3485458955242525e-05,4.3485458955242525e-05,0.00014745416059786602,0.00014745416059786602,0.0,0.00014745416059786602,300.50135145938674,300.460400411611,6.038402375378319e-06
217,405,contact,0.0021893860141713245,-6.06139858286758e-05,6.06139858286758e-05,0.0001835059578637341,0.0001835059578637341,0.0,0.0001835059578637341,300.50135145938674,300.5416124098718,-7.388124283263259e-06
217,452,contact,0.0021498874481818584,-0.00010011255181814182,0.00010011255181814182,0.00023583486668305034,0.00023583486668305034,0.0,0.00023583486668305034,300.50135145938674,300.55940878677296,-1.3691942064104067e-05
218,247,contact,0.0019637348670327156,-3.626513296728449e-05,3.626513296728449e-05,0.00013465721846095828,0.00013465721846095828,0.0,0.00013465721846095828,300.38344415689255,300.47005442578387,-1.166269789906084e-05
218,282,contact,0.0019754572203163497,-2.4542779683650335e-05,2.4542779683650335e-05,0.00011077630541693096,0.00011077630541693096,0.0,0.00011077630541693096,300.38344415689255,300.35517341482597,3.1317283575309138e-06
218,349,contact,0.0019950666046275236,-4.933395372476446e-06,4.933395372476446e-06,4.9665860369455225e-05,4.9665860369455225e-05,0.0,4.9665860369455225e-05,300.38344415689255,300.4248476279469,-2.0563390121969247e-06
218,442,contact,0.0021600080348924636,-8.999196510753663e-05,8.999196510753663e-05,0.00022359681610178102,0.00022359681610178102,0.0,0.00022359681610178102,300.38344415689255,300.359181789966,5.424987995872871e-06
219,323,contact,0.0019489790655879294,-5.102093441207065e-05,5.102093441207065e-05,0.00015971996495753223,0.00015971996495753223,0.0,0.00015971996495753223,300.2720710826185,300.1560550550446,1.8530075858614082e-05
219,417,contact,0.0021728140246193095,-7.718597538069073e-05,7.718597538069073e-05,0.00020707751551947177,0.00020707751551947177,0.0,0.00020707751551947177,300.2720710826185,300.28725707370813,-3.144677305545953e-06
219,430,contact,0.0021700250184963307,-7.997498150366959e-05,7.997498150366959e-05,0.00021078554333686273,0.00021078554333686273,0.0,0.00021078554333686273,300.2720710826185,300.3443102264148,-1.5226967175294895e-05
219,458,contact,0.002173702394096304,-7.629760590369605e-05,7.629760590369605e-05,0.0002058823907850953,0.0002058823907850953,0.0,0.0002058823907850953,300.2720710826185,300.21568514636914,1.1608871361670447e-05
220,360,contact,0.0019000924766968566,-9.990752330314343e-05,9.990752330314343e-05,0.0002235033817452696,0.0002235033817452696,0.0,0.0002235033817452696,300.2919768944936,300.2188012199173,1.6355010729295523e-05
220,419,contact,0.00213880715654778,-0.00011119284345222037,0.00011119284345222037,0.0002485433602370021,0.0002485433602370021,0.0,0.0002485433602370021,300.2919768944936,300.3553242790149,-1.574457181115122e-05
220,464,contact,0.0022315528875650682,-1.844711243493202e-05,1.844711243493202e-05,0.00010123436075357247,0.00010123436075357247,0.0,0.00010123436075357247,300.2919768944936,300.2785361081707,1.36066941142012e-06
221,268,contact,0.001921078339084588,-7.892166091541205e-05,7.892166091541205e-05,0.00019864750302409046,0.00019864750302409046,0.0,0.00019864750302409046,300.45918173956824,300.50241601427535,-8.58838071562648e-06
221,298,contact,0.0019111292449753364,-8.887075502466367e-05,8.887075502466367e-05,0.00021079700546338848,0.00021079700546338848,0.0,0.00021079700546338848,300.45918173956824,300.4340517772404,5.297320806110125e-06
221,327,contact,0.0019208234939473237,-7.917650605267636e-05,7.917650605267636e-05,0.00019896796985027058,0.00019896796985027058,0.0,0.00019896796985027058,300.45918173956824,300.47575601667825,-3.2977502683144826e-06
222,395,contact,0.0018947457261569618,-0.00010525427384303824,0.00010525427384303824,0.00022940605249539324,0.00022940605249539324,0.0,0.00022940605249539324,300.1604835616839,300.18811145380107,-6.3380056693645344e-06
222,450,contact,0.0022420564767418336,-7.94352325816667e-06,7.94352325816667e-06,6.643093012113605e-05,6.643093012113605e-05,0.0,6.643093012113605e-05,300.1604835616839,300.0923199749641,4.5281704661912765e-06
222,453,contact,0.002141951922639722,-0.00010804807736027825,0.00010804807736027825,0.0002450034890457665,0.0002450034890457665,0.0,0.0002450034890457665,300.1604835616839,300.1528613952463,1.867457371302845e-06
223,468,contact,0.002150560854504006,-9.943914549599437e-05,9.943914549599437e-05,0.0002350403576409738,0.0002350403576409738,0.0,0.0002350403576409738,300.9252562324559,300.8196533969583,2.4820928223261674e-05
224,349,contact,0.0019433643809995368,-5.6635619000463275e-05,5.6635619000463275e-05,0.0001682789633324131,0.0001682789633324131,0.0,0.0001682789633324131,300.40132796876674,300.4248476279469,-3.957863864772524e-06
224,441,contact,0.002234491521465231,-1.5508478534769117e-05,1.5508478534769117e-05,9.282144907404249e-05,9.282144907404249e-05,0.0,9.282144907404249e-05,300.40132796876674,300.2975623368967,9.631676314260095e-06
224,486,contact,0.0021437087579902277,-0.00010629124200977258,0.00010629124200977258,0.00024300347735254575,0.00024300347735254575,0.0,0.00024300347735254575,300.40132796876674,300.2847257087128,2.8334754660269273e-05
225,283,contact,0.0019637851412259953,-3.6214858774004724e-05,3.6214858774004724e-05,0.00013456384873732752,0.00013456384873732752,0.0,0.00013456384873732752,300.55046905608367,300.47591842981296,1.0031819196764418e-05
225,307,contact,0.0019346221015226716,-6.537789847732849e-05,6.537789847732849e-05,0.0001808008551933985,0.0001808008551933985,0.0,0.0001808008551933985,300.55046905608367,300.4384548451292,2.0252265134387093e-05
225,477,contact,0.0021803425443952603,-6.965745560474001e-05,6.965745560474001e-05,0.0001967195629495902,0.0001967195629495902,0.0,0.0001967195629495902,300.55046905608367,300.62220470390537,-1.4111805287389968e-05
226,363,contact,0.0019518822467044473,-4.811775329555275e-05,4.811775329555275e-05,0.00015510924101347533,0.00015510924101347533,0.0,0.00015510924101347533,300.705461545387,300.6995602202823,9.153500579596838e-07
226,461,contact,0.002241394781960554,-8.605218039446378e-06,8.605218039446378e-06,6.914243768179801e-05,6.914243768179801e-05,0.0,6.914243768179801e-05,300.705461545387,300.59143378862404,7.884157065976584e-06
226,473,contact,0.0021798810183356328,-7.01189816643675e-05,7.01189816643675e-05,0.00019737018471273089,0.00019737018471273089,0.0,0.00019737018471273089,300.705461545387,300.77329896439176,-1.3389083919407324e-05
227,346,contact,0.0018567340962291816,-0.00014326590377081844,0.00014326590377081844,0.00026764332961127434,0.00026764332961127434,0.0,0.00026764332961127434,300.4876214262123,300.55848975514334,-1.896743551909474e-05
227,404,contact,0.002128407549530869,-0.00012159245046913141,0.00012159245046913141,0.0002599064473454625,0.0002599064473454625,0.0,0.0002599064473454625,300.4876214262123,300.5094831256678,-5.681996638424111e-06
227,414,contact,0.002137672021639429,-0.00011232797836057112,0.00011232797836057112,0.0002498087917238693,0.0002498087917238693,0.0,0.0002498087917238693,300.4876214262123,300.38282865780144,2.617815485811266e-05
227,489,contact,0.0020906583550372396,-0.00015934164496276063,0.00015934164496276063,0.0002975283786303797,0.0002975283786303797,0.0,0.0002975283786303797,300.4876214262123,300.60252289549027,-3.418644785652622e-05
228,261,contact,0.0019663162887490915,-3.3683711250908493e-05,3.3683711250908493e-05,0.0001297761751071985,0.0001297761751071985,0.0,0.0001297761751071985,300.8466732725563,300.9113433245408,-8.392631990529312e-06
228,317,contact,0.0019457592813860612,-5.424071861393886e-05,5.424071861393886e-05,0.00016468260171302078,0.00016468260171302078,0.0,0.00016468260171302078,300.8466732725563,300.85509189440353,-1.3864005486393962e-06
228,344,contact,0.001945779289282318,-5.422071071768198e-05,5.422071071768198e-05,0.0001646522254900947,0.0001646522254900947,0.0,0.0001646522254900947,300.8466732725563,300.883175760477,-6.010215872068534e-06
228,376,contact,0.0019947337462679075,-5.266253732092493e-06,5.266253732092493e-06,5.131400263131153e-05,5.131400263131153e-05,0.0,5.131400263131153e-05,300.8466732725563,300.77318476512323,3.7709894637916653e-06
228,488,contact,0.0021674881789758393,-8.251182102416094e-05,8.251182102416094e-05,0.00021410254685308696,0.00021410254685308696,0.0,0.00021410254685308696,300.8466732725563,300.7969079798731,1.0654875908366446e-05
229,230,contact,0.0019210638159623962,-7.893618403760389e-05,7.893618403760389e-05,0.00019866577968739846,0.00019866577968739846,0.0,0.00019866577968739846,300.4337365893086,300.53902079827424,-2.0916369462933135e-05
229,300,contact,0.0019148360636096246,-8.516393639037547e-05,8.516393639037547e-05,0.00020635398759216586,0.00020635398759216586,0.0,0.00020635398759216586,300.4337365893086,300.46202772835534,-5.837989355822838e-06
229,432,contact,0.0020812943396357943,-0.00016870566036420592,0.00016870566036420592,0.00030614598947071523,0.00030614598947071523,0.0,0.00030614598947071523,300.4337365893086,300.35143683180945,2.5195740692770795e-05
229,435,contact,0.002080914158561088,-0.00016908584143891228,0.00016908584143891228,0.00030649074794710115,0.00030649074794710115,0.0,0.00030649074794710115,300.4337365893086,300.4697842188363,-1.1048264935673806e-05
230,240,contact,0.0018543085661243788,-0.0001456914338756213,0.0001456914338756213,0.00026989945709061854,0.00026989945709061854,0.0,0.00026989945709061854,300.53902079827424,300.503946794332,9.466454621997636e-06
230,266,contact,0.0019784733747099047,-2.152662529009532e-05,2.152662529009532e-05,0.00010374638617825519,0.00010374638617825519,0.0,0.00010374638617825519,300.53902079827424,300.5806125058589,-4.314989356889511e-06
230,300,contact,0.001955478677434249,-4.4521322565751077e-05,4.4521322565751077e-05,0.0001492000713232924,0.0001492000713232924,0.0,0.0001492000713232924,300.53902079827424,300.46202772835534,1.1487371523298968e-05
231,253,contact,0.00193257748206896,-6.742251793104e-05,6.742251793104e-05,0.00018360626069260274,0.00018360626069260274,0.0,0.00018360626069260274,300.84302068734064,300.7925800558056,9.261215743119357e-06
231,371,contact,0.0018434156137181869,-0.00015658438628181315,0.00015658438628181315,0.00027980742152578186,0.00027980742152578186,0.0,0.00027980742152578186,300.84302068734064,300.84802827402615,-1.4011599185388742e-06
231,375,contact,0.001999304030931764,-6.959690682360221e-07,6.959690682360221e-07,1.8654343572423317e-05,1.8654343572423317e-05,0.0,1.8654343572423317e-05,300.84302068734064,300.752088823558,1.6962742286824852e-06
231,409,contact,0.0022013802716023415,-4.8619728397658775e-05,4.8619728397658775e-05,0.00016435011475785937,0.00016435011475785937,0.0,0.00016435011475785937,300.84302068734064,300.79140700229584,8.482715060188766e-06
231,438,contact,0.0021754526533574567,-7.454734664254356e-05,7.454734664254356e-05,0.00020350722979587448,0.00020350722979587448,0.0,0.00020350722979587448,300.84302068734064,300.72102307162527,2.4827396815937075e-05
232,417,contact,0.002143679347694805,-0.00010632065230519513,0.00010632065230519513,0.00024303709399686654,0.00024303709399686654,0.0,0.00024303709399686654,300.30916805403785,300.28725707370813,5.325180985958017e-06
233,262,contact,0.001956735799079681,-4.32642009203189e-05,4.32642009203189e-05,0.00014707855200592453,0.00014707855200592453,0.0,0.00014707855200592453,300.59828332886093,300.7328596444397,-1.9793289629619833e-05
233,428,contact,0.0021859823018954205,-6.401769810457977e-05,6.401769810457977e-05,0.00018858787828457494,0.00018858787828457494,0.0,0.00018858787828457494,300.59828332886093,300.5891252491056,1.7271028302146899e-06
233,438,contact,0.002204466452364381,-4.553354763561909e-05,4.553354763561909e-05,0.00015904846856578569,0.00015904846856578569,0.0,0.00015904846856578569,300.59828332886093,300.72102307162527,-1.9521568118826463e-05
233,498,contact,0.00219052282076677,-5.947717923323031e-05,5.947717923323031e-05,0.0001817769989624502,0.0001817769989624502,0.0,0.0001817769989624502,300.59828332886093,300.50873190445725,1.6278389180913742e-05
234,496,contact,0.002153163562896234,-9.683643710376626e-05,9.683643710376626e-05,0.0002319440031843968,0.0002319440031843968,0.0,0.0002319440031843968,300.37111131959847,300.3532025606024,4.15382925360683e-06
235,248,contact,0.0019919150574509944,-8.08494254900564e-06,8.08494254900564e-06,6.358043153756367e-05,6.358043153756367e-05,0.0,6.358043153756367e-05,300.2563350391049,300.29290158732726,-2.3249169158172636e-06
235,255,contact,0.0019592395557715757,-4.076044422842437e-05,4.076044422842437e-05,0.00014275931533252808,0.00014275931533252808,0.0,0.00014275931533252808,300.2563350391049,300.2365308172075,2.8272371587666247e-06
235,400,contact,0.0018729591826038272,-0.0001270408173961728,0.0001270408173961728,0.0002520325548378352,0.0002520325548378352,0.0,0.0002520325548378352,300.2563350391049,300.2194586259585,9.294056618539619e-06
235,422,contact,0.0021314069106812992,-0.00011859308931870104,0.00011859308931870104,0.00025668083220509587,0.00025668083220509587,0.0,0.00025668083220509587,300.2563350391049,300.2317369985222,6.313845527382838e-06
235,442,contact,0.002142287166208117,-0.00010771283379188345,0.00010771283379188345,0.00024462310442334147,0.00024462310442334147,0.0,0.00024462310442334147,300.2563350391049,300.359181789966,-2.515869147549385e-05
236,350,contact,0.001840076588079963,-0.0001599234119200371,0.0001599234119200371,0.0002827750094333277,0.0002827750094333277,0.0,0.0002827750094333277,300.28525439018705,300.26815210216967,4.836099655447155e-06
237,254,contact,0.0019048628275285336,-9.513717247146649e-05,9.513717247146649e-05,0.00021810223803467318,0.00021810223803467318,0.0,0.00021810223803467318,300.2046729008009,300.16409753676476,8.849577705357679e-06
237,273,contact,0.0019432078581561982,-5.679214184380185e-05,5.679214184380185e-05,0.00016851133766575152,0.00016851133766575152,0.0,0.00016851133766575152,300.2046729008009,300.08298084771656,2.050649064853706e-05
237,389,contact,0.0019578607127168158,-4.2139287283184286e-05,4.2139287283184286e-05,0.00014515386195893015,0.00014515386195893015,0.0,0.00014515386195893015,300.2046729008009,300.1682589066301,5.285631883241645e-06
237,426,contact,0.0022033490794697063,-4.6650920530293995e-05,4.6650920530293995e-05,0.00016098813022203082,0.00016098813022203082,0.0,0.00016098813022203082,300.2046729008009,300.2148709550494,-1.641765685362822e-06
237,486,contact,0.0021411235464783435,-0.0001088764535216568,0.0001088764535216568,0.0002459408844074988,0.0002459408844074988,0.0,0.0002459408844074988,300.2046729008009,300.2847257087128,-1.9688258377155715e-05
238,385,contact,0.0018421029490745084,-0.00015789705092549163,0.00015789705092549163,0.0002809778024377474,0.0002809778024377474,0.0,0.0002809778024377474,300.2375848206172,300.2785565649615,-1.151215068789983e-05
238,400,contact,0.0018798958108629323,-0.00012010418913706777,0.00012010418913706777,0.00024505528879935215,0.00024505528879935215,0.0,0.00024505528879935215,300.2375848206172,300.2194586259585,4.4419198669189135e-06
238,451,contact,0.002151684275956861,-9.831572404313911e-05,9.831572404313911e-05,0.00023370889304994972,0.00023370889304994972,0.0,0.00023370889304994972,300.2375848206172,300.18438842522005,1.2432470682515662e-05
239,293,contact,0.0019524293698264731,-4.7570630173526893e-05,4.7570630173526893e-05,0.00015422488478440645,0.00015422488478440645,0.0,0.00015422488478440645,300.21306409519445,300.16761524785466,7.009343244564533e-06
239,417,contact,0.0022055638285945808,-4.44361714054195e-05,4.44361714054195e-05,0.00015712021477804733,0.00015712021477804733,0.0,0.00015712021477804733,300.21306409519445,300.28725707370813,-1.1657216719092296e-05
240,292,contact,0.001853359882017589,-0.00014664011798241113,0.00014664011798241113,0.0002707767696668338,0.0002707767696668338,0.0,0.0002707767696668338,300.503946794332,300.57249978255305,-1.8562556701498728e-05
240,338,contact,0.001887442945170065,-0.00011255705482993497,0.00011255705482993497,0.00023723095796073388,0.00023723095796073388,0.0,0.00023723095796073388,300.503946794332,300.46274358156927,9.774677634767743e-06
240,491,contact,0.002113351686355589,-0.0001366483136444113,0.0001366483136444113,0.00027552809258304446,0.00027552809258304446,0.0,0.00027552809258304446,300.503946794332,300.57600320746354,-1.9853566068503545e-05
241,463,contact,0.0021971714961197277,-5.2828503880272566e-05,5.2828503880272566e-05,0.00017131599114610885,0.00017131599114610885,0.0,0.00017131599114610885,300.9238316972367,300.84886073392516,1.284372488689798e-05
241,493,contact,0.002090162879371127,-0.00015983712062887312,0.00015983712062887312,0.0002979906044649293,0.0002979906044649293,0.0,0.0002979906044649293,300.9238316972367,300.827921503018,2.858033674958863e-05
242,290,contact,0.0019521774536191093,-4.782254638089072e-05,4.782254638089072e-05,0.00015463270414257574,0.00015463270414257574,0.0,0.00015463270414257574,300.59804887532476,300.5687875941761,4.5247510306918056e-06
242,324,contact,0.0019233253770748215,-7.667462292517855e-05,7.667462292517855e-05,0.00019579916103647962,0.00019579916103647962,0.0,0.00019579916103647962,300.59804887532476,300.460400411611,2.6951453713119958e-05
242,332,contact,0.0018906027746726712,-0.00010939722532732885,0.00010939722532732885,0.00023387734534080986,0.00023387734534080986,0.0,0.00023387734534080986,300.59804887532476,300.580262457751,4.159840125270711e-06
242,346,contact,0.0018269600023262686,-0.00017303999767373144,0.00017303999767373144,0.000294142820474792,0.000294142820474792,0.0,0.000294142820474792,300.59804887532476,300.55848975514334,1.1636031185664943e-05
242,394,contact,0.0019553025948942015,-4.4697405105798525e-05,4.4697405105798525e-05,0.00014949482450205177,0.00014949482450205177,0.0,0.00014949482450205177,300.59804887532476,300.6719838992641,-1.105290342836476e-05
242,406,contact,0.0020875039757806456,-0.00016249602421935464,0.00016249602421935464,0.0003004589306556764,0.0003004589306556764,0.0,0.0003004589306556764,300.59804887532476,300.68937147421946,-2.7438690408596403e-05
242,431,contact,0.0021615190502061563,-8.848094979384399e-05,8.848094979384399e-05,0.00022171171195677105,0.00022171171195677105,0.0,0.00022171171195677105,300.59804887532476,300.63765202547074,-8.78048221774601e-06
243,462,contact,0.002161027759493154,-8.89722405068463e-05,8.89722405068463e-05,0.00022232638733133659,0.00022232638733133659,0.0,0.00022232638733133659,300.8582532805325,300.78835762805767,1.5539647904894853e-05
244,256,contact,0.0019687241442863453,-3.127585571365476e-05,3.127585571365476e-05,0.00012505170073544536,0.00012505170073544536,0.0,0.00012505170073544536,300.93014162516437,300.93243640703037,-2.869663751599875e-07
244,276,contact,0.0019855099899081345,-1.4490010091865527e-05,1.4490010091865527e-05,8.511759539562171e-05,8.511759539562171e-05,0.0,8.511759539562171e-05,300.93014162516437,300.8127751509976,9.989952061138e-06
244,352,contact,0.0019289023321892162,-7.109766781078389e-05,7.109766781078389e-05,0.00018854398400742448,0.00018854398400742448,0.0,0.00018854398400742448,300.93014162516437,300.9001843162337,5.648270375925522e-06
245,273,contact,0.0019126229663981801,-8.737703360181992e-05,8.737703360181992e-05,0.0002090179820037261,0.0002090179820037261,0.0,0.0002090179820037261,300.1431400322182,300.08298084771656,1.2574351343520268e-05
245,347,contact,0.0019692444302574544,-3.075556974254561e-05,3.075556974254561e-05,0.00012400719685273434,0.00012400719685273434,0.0,0.00012400719685273434,300.1431400322182,300.2274802426978,-1.0458793083549547e-05
245,450,contact,0.002231931375826774,-1.8068624173226116e-05,1.8068624173226116e-05,0.00010019044136384058,0.00010019044136384058,0.0,0.00010019044136384058,300.1431400322182,300.0923199749641,5.091683966423926e-06
246,284,contact,0.001856281597670192,-0.00014371840232980807,0.00014371840232980807,0.0002680656657703557,0.0002680656657703557,0.0,0.0002680656657703557,300.0720996808133,300.0870981767649,-4.020581802820135e-06
246,395,contact,0.0017566272181940032,-0.00024337278180599684,0.00024337278180599684,0.00034883576494247034,0.00034883576494247034,0.0,0.00034883576494247034,300.0720996808133,300.18811145380107,-4.046905557251295e-05
247,442,contact,0.002180382167327553,-6.961783267244717e-05,6.961783267244717e-05,0.00019666360544573337,0.00019666360544573337,0.0,0.00019666360544573337,300.47005442578387,300.359181789966,2.1804612305216865e-05
247,457,contact,0.0021704588565554525,-7.954114344454772e-05,7.954114344454772e-05,0.0002102130446377195,0.0002102130446377195,0.0,0.0002102130446377195,300.47005442578387,300.57779232908877,-2.264791267660603e-05
248,306,contact,0.0019356216936684708,-6.437830633152929e-05,6.437830633152929e-05,0.00017941335838160056,0.00017941335838160056,0.0,0.00017941335838160056,300.29290158732726,300.262537130994,5.447789086179031e-06
248,357,contact,0.0019479829710497987,-5.20170289502013e-05,5.20170289502013e-05,0.00016127155507125442,0.00016127155507125442,0.0,0.00016127155507125442,300.29290158732726,300.3977810793141,-1.691407876779786e-05
248,425,contact,0.0020423553509612367,-0.0002076446490387636,0.0002076446490387636,0.0003396441348748255,0.0003396441348748255,0.0,0.0003396441348748255,300.29290158732726,300.3768764679828,-2.852157569146973e-05
249,263,contact,0.0018960244033239663,-0.00010397559667603374,0.00010397559667603374,0.0002280083295364818,0.0002280083295364818,0.0,0.0002280083295364818,300.7300657184186,300.64645093322264,1.9064867497079876e-05
249,299,contact,0.0018803050235799517,-0.00011969497642004838,0.00011969497642004838,0.00024463746280981616,0.00024463746280981616,0.0,0.00024463746280981616,300.7300657184186,300.628568008636,2.4830142202213405e-05
250,302,contact,0.001987890345451932,-1.2109654548068255e-05,1.2109654548068255e-05,7.781277063589323e-05,7.781277063589323e-05,0.0,7.781277063589323e-05,300.61213116315577,300.60932283231955,2.1852400322826044e-07
250,303,contact,0.001956397559035484,-4.3602440964515994e-05,4.3602440964515994e-05,0.00014765236361893432,0.00014765236361893432,0.0,0.00014765236361893432,300.61213116315577,300.61911632299154,-1.031375360008762e-06
250,405,contact,0.0021368241427408108,-0.0001131758572591895,0.0001131758572591895,0.0002507498280260732,0.0002507498280260732,0.0,0.0002507498280260732,300.61213116315577,300.5416124098718,1.7682565258570387e-05
250,469,contact,0.0022154232316873453,-3.4576768312654955e-05,3.4576768312654955e-05,0.00013859767577146723,0.00013859767577146723,0.0,0.00013859767577146723,300.61213116315577,300.5687132526918,6.0176214771602515e-06
250,475,contact,0.0021088178174987044,-0.00014118218250129587,0.00014118218250129587,0.0002800616821952858,0.0002800616821952858,0.0,0.0002800616821952858,300.61213116315577,300.69084490649743,-2.2044703372154965e-05
251,425,contact,0.0020912060883853615,-0.00015879391161463877,0.00015879391161463877,0.0002970165648342032,0.0002970165648342032,0.0,0.0002970165648342032,300.49155263665705,300.3768764679828,3.406072168796941e-05
251,466,contact,0.0021926175091200933,-5.7382490879906954e-05,5.7382490879906954e-05,0.00017854736514423365,0.00017854736514423365,0.0,0.00017854736514423365,300.49155263665705,300.3945892030783,1.7312565580826327e-05
251,498,contact,0.002175787650438341,-7.421234956165928e-05,7.421234956165928e-05,0.00020304945971317114,0.00020304945971317114,0.0,0.00020304945971317114,300.49155263665705,300.50873190445725,-3.488241045098908e-06
252,309,contact,0.001959972785933519,-4.002721406648089e-05,4.002721406648089e-05,0.0001414694561848615,0.0001414694561848615,0.0,0.0001414694561848615,300.3844231677896,300.4086239434662,-3.4236705742210313e-06
252,315,contact,0.0018667128486995529,-0.00013328715130044716,0.00013328715130044716,0.00025815417031344577,0.00025815417031344577,0.0,0.00025815417031344577,300.3844231677896,300.3130431087992,1.8427059905584106e-05
252,330,contact,0.0019522430418367487,-4.775695816325136e-05,4.775695816325136e-05,0.00015452662903728173,0.00015452662903728173,0.0,0.00015452662903728173,300.3844231677896,300.50948700918434,-1.932569382518593e-05
252,466,contact,0.0021631037567809825,-8.689624321901778e-05,8.689624321901778e-05,0.00021971729717350908,0.00021971729717350908,0.0,0.00021971729717350908,300.3844231677896,300.3945892030783,-2.233653796604818e-06
253,438,contact,0.002163819552227034,-8.618044777296621e-05,8.618044777296621e-05,0.00021881048087451566,0.00021881048087451566,0.0,0.00021881048087451566,300.7925800558056,300.72102307162527,1.5657418118431875e-05
253,463,contact,0.002208665071508127,-4.1334928491873306e-05,4.1334928491873306e-05,0.0001515382762279941,0.0001515382762279941,0.0,0.0001515382762279941,300.7925800558056,300.84886073392516,-8.52867694717905e-06
254,289,contact,0.0019169189637801597,-8.308103621984032e-05,8.308103621984032e-05,0.00020381491140228225,0.00020381491140228225,0.0,0.00020381491140228225,300.16409753676476,300.14892931513145,3.09150974832181e-06
254,319,contact,0.001999592952903166,-4.0704709683425655e-07,4.0704709683425655e-07,1.4266167965404315e-05,1.4266167965404315e-05,0.0,1.4266167965404315e-05,300.16409753676476,300.2292938497882,-9.301015523171975e-07
254,426,contact,0.002235488933835281,-1.451106616471914e-05,1.451106616471914e-05,8.978698917350981e-05,8.978698917350981e-05,0.0,8.978698917350981e-05,300.16409753676476,300.2148709550494,-4.5587923578233215e-06
255,297,contact,0.0019036533145770011,-9.634668542299893e-05,9.634668542299893e-05,0.00021948426529366398,0.00021948426529366398,0.0,0.00021948426529366398,300.2365308172075,300.24319042666883,-1.4616794897643654e-06
255,422,contact,0.002173243219246295,-7.675678075370505e-05,7.675678075370505e-05,0.00020650098298623321,0.00020650098298623321,0.0,0.00020650098298623321,300.2365308172075,300.2317369985222,9.89928270772277e-07
255,442,contact,0.0022411712755610633,-8.828724438937011e-06,8.828724438937011e-06,7.003461223224244e-05,7.003461223224244e-05,0.0,7.003461223224244e-05,300.2365308172075,300.359181789966,-8.589813317048358e-06
256,356,contact,0.0018751993900918912,-0.00012480060990810882,0.00012480060990810882,0.0002498005303318118,0.0002498005303318118,0.0,0.0002498005303318118,300.93243640703037,300.8754599096039,1.4232759273586289e-05
256,497,contact,0.002125557689883057,-0.0001244423101169432,0.0001244423101169432,0.000262934624444243,0.000262934624444243,0.0,0.000262934624444243,300.93243640703037,300.8018341930291,3.433984409001097e-05
257,346,contact,0.001933713913587013,-6.628608641298704e-05,6.628608641298704e-05,0.0001820523089842409,0.0001820523089842409,0.0,0.0001820523089842409,300.6694790974593,300.55848975514334,2.0205866041265507e-05
257,394,contact,0.0019416753608417646,-5.832463915823546e-05,5.832463915823546e-05,0.00017076978532257317,0.00017076978532257317,0.0,0.00017076978532257317,300.6694790974593,300.6719838992641,-4.2774446647711025e-07
257,406,contact,0.0021691314206382247,-8.086857936177557e-05,8.086857936177557e-05,0.00021195987482143823,0.00021195987482143823,0.0,0.00021195987482143823,300.6694790974593,300.68937147421946,-4.2163856879801605e-06
258,313,contact,0.0019374488364083324,-6.255116359166766e-05,6.255116359166766e-05,0.0001768490367399094,0.0001768490367399094,0.0,0.0001768490367399094,300.7846289822221,300.7236418012677,1.0785524205265485e-05
258,352,contact,0.0019583009734971783,-4.1699026502821715e-05,4.1699026502821715e-05,0.00014439360529957987,0.00014439360529957987,0.0,0.00014439360529957987,300.7846289822221,300.9001843162337,-1.6685451289534558e-05
258,437,contact,0.002197494892007716,-5.2505107992284385e-05,5.2505107992284385e-05,0.00017079082071398916,0.00017079082071398916,0.0,0.00017079082071398916,300.7846289822221,300.6805403617374,1.7777380919564462e-05
259,353,contact,0.0019262352384119643,-7.376476158803573e-05,7.376476158803573e-05,0.00019204786068586618,0.00019204786068586618,0.0,0.00019204786068586618,300.11219691818644,300.0941601835353,3.4639163035142226e-06
259,397,contact,0.0019600035274713163,-3.999647252868376e-05,3.999647252868376e-05,0.00014141512035260545,0.00014141512035260545,0.0,0.00014141512035260545,300.11219691818644,300.1989622946635,-1.2269936156940671e-05
259,429,contact,0.002031532451254472,-0.00021846754874552815,0.00021846754874552815,0.00034838320914501935,0.00034838320914501935,0.0,0.00034838320914501935,300.11219691818644,300.1981585281253,-2.9947581533773535e-05
259,481,contact,0.002097642509151644,-0.00015235749084835642,0.00015235749084835642,0.00029093478731720814,0.00029093478731720814,0.0,0.00029093478731720814,300.11219691818644,300.08481550329043,7.966206119215706e-06
260,486,contact,0.0021062772818233122,-0.00014372271817668803,0.00014372271817668803,0.0002825702647884318,0.0002825702647884318,0.0,0.0002825702647884318,300.37199110967134,300.2847257087128,2.4658607455720203e-05
261,317,contact,0.0019271048663993355,-7.289513360066451e-05,7.289513360066451e-05,0.0001909124584733334,0.0001909124584733334,0.0,0.0001909124584733334,300.9113433245408,300.85509189440353,1.0739098820143671e-05
261,344,contact,0.0018986895401302457,-0.00010131045986975433,0.00010131045986975433,0.00022506716760753258,0.00022506716760753258,0.0,0.00022506716760753258,300.9113433245408,300.883175760477,6.339593862238376e-06
261,488,contact,0.0021112709254380406,-0.00013872907456195967,0.00013872907456195967,0.00027761791745126537,0.00027761791745126537,0.0,0.00027761791745126537,300.9113433245408,300.7969079798731,3.17693020694639e-05
262,329,contact,0.00197831327524232,-2.1686724757680013e-05,2.1686724757680013e-05,0.00010413146680441992,0.00010413146680441992,0.0,0.00010413146680441992,300.7328596444397,300.7211798737327,1.2162316556611944e-06
262,358,contact,0.0019720420474979732,-2.79579525020268e-05,2.79579525020268e-05,0.00011823272072913404,0.00011823272072913404,0.0,0.00011823272072913404,300.7328596444397,300.79370371778236,-7.193760331544547e-06
262,375,contact,0.0019168799708641129,-8.312002913588717e-05,8.312002913588717e-05,0.0002038627346229408,0.0002038627346229408,0.0,0.0002038627346229408,300.7328596444397,300.752088823558,-3.920113039604813e-06
262,438,contact,0.002166577940762806,-8.342205923719424e-05,8.342205923719424e-05,0.0002152802556322988,0.0002152802556322988,0.0,0.0002152802556322988,300.7328596444397,300.72102307162527,2.5481804213041217e-06
262,463,contact,0.0021469444450427683,-0.00010305555495723198,0.00010305555495723198,0.00023927617116493465,0.00023927617116493465,0.0,0.00023927617116493465,300.7328596444397,300.84886073392516,-2.775629654303964e-05
263,270,contact,0.0018860128436996393,-0.00011398715630036075,0.00011398715630036075,0.00023873327826296102,0.00023873327826296102,0.0,0.00023873327826296102,300.64645093322264,300.58304419199226,1.513729919790004e-05
263,367,contact,0.001999358851132032,-6.411488679678758e-07,6.411488679678758e-07,1.790459253889733e-05,1.790459253889733e-05,0.0,1.790459253889733e-05,300.64645093322264,300.5888938775295,1.0305356299247689e-06
264,339,contact,0.0019115307388501495,-8.846926114985053e-05,8.846926114985053e-05,0.00021032030471384655,0.00021032030471384655,0.0,0.00021032030471384655,300.4240351268594,300.3782790695969,9.623427905954982e-06
264,435,contact,0.0021541636607509654,-9.583633924903487e-05,9.583633924903487e-05,0.000230743170416609,0.000230743170416609,0.0,0.000230743170416609,300.4240351268594,300.4697842188363,-1.0556290526434573e-05
265,326,contact,0.001984527166455526,-1.547283354447421e-05,1.547283354447421e-05,8.79569029254504e-05,8.79569029254504e-05,0.0,8.79569029254504e-05,300.8049707733745,300.86343682175607,-5.142492541930407e-06
265,410,contact,0.0020618583479058324,-0.0001881416520941679,0.0001881416520941679,0.000323300386718475,0.000323300386718475,0.0,0.000323300386718475,300.8049707733745,300.718109225417,2.808237204563793e-05
265,413,contact,0.002107317132683166,-0.00014268286731683412,0.00014268286731683412,0.00028154619446986564,0.00028154619446986564,0.0,0.00028154619446986564,300.8049707733745,300.86190061176205,-1.6028379349794127e-05
266,301,contact,0.0019453828290071854,-5.46171709928146e-05,5.46171709928146e-05,0.00016525309527027718,0.00016525309527027718,0.0,0.00016525309527027718,300.5806125058589,300.651948758314,-1.178853652319144e-05
266,434,contact,0.0021554986626198427,-9.450133738015754e-05,9.450133738015754e-05,0.0002291304060769247,0.0002291304060769247,0.0,0.0002291304060769247,300.5806125058589,300.5156351514539,1.4888287600612608e-05
266,490,contact,0.002099237986594421,-0.0001507620134055792,0.0001507620134055792,0.00028940745345310416,0.00028940745345310416,0.0,0.00028940745345310416,300.5806125058589,300.65961371485474,-2.2863538715208962e-05
267,356,contact,0.001859047008254498,-0.0001409529917455021,0.0001409529917455021,0.0002654740964251523,0.0002654740964251523,0.0,0.0002654740964251523,300.80796497589364,300.8754599096039,-1.7918156540000502e-05
267,376,contact,0.00188236417459534,-0.00011763582540466003,0.00011763582540466003,0.00024252404561678006,0.00024252404561678006,0.0,0.00024252404561678006,300.80796497589364,300.77318476512323,8.435037423443398e-06
267,460,contact,0.0021286412039138967,-0.00012135879608610352,0.00012135879608610352,0.000259656606658041,0.000259656606658041,0.0,0.000259656606658041,300.80796497589364,300.8166933707061,-2.2663853785763133e-06
268,346,contact,0.0019274382874945699,-7.256171250543016e-05,7.256171250543016e-05,0.00019047534289958655,0.00019047534289958655,0.0,0.00019047534289958655,300.50241601427535,300.55848975514334,-1.0680665019492383e-05
268,404,contact,0.002158168990811425,-9.183100918857537e-05,9.183100918857537e-05,0.0002258699345353124,0.0002258699345353124,0.0,0.0002258699345353124,300.50241601427535,300.5094831256678,-1.5962479875716775e-06
269,412,contact,0.0021962327153560025,-5.3767284643997746e-05,5.3767284643997746e-05,0.00017283146036271827,0.00017283146036271827,0.0,0.00017283146036271827,300.071764841631,300.1468719678003,-1.2980874299479673e-05
270,272,contact,0.001974711160575135,-2.5288839424865168e-05,2.5288839424865168e-05,0.00011244740865147842,0.00011244740865147842,0.0,0.00011244740865147842,300.58304419199226,300.5944568539879,-1.283324267222788e-06
270,299,contact,0.0018708093121694693,-0.00012919068783053076,0.00012919068783053076,0.0002541561408175403,0.0002541561408175403,0.0,0.0002541561408175403,300.58304419199226,300.628568008636,-1.1570157553464688e-05
270,361,contact,0.0018523457233464808,-0.0001476542766535192,0.0001476542766535192,0.00027171149833372823,0.00027171149833372823,0.0,0.00027171149833372823,300.58304419199226,300.48579182279417,2.642458695131747e-05
270,367,contact,0.0019370878837574725,-6.291211624252758e-05,6.291211624252758e-05,0.0001773585580716752,0.0001773585580716752,0.0,0.0001773585580716752,300.58304419199226,300.5888938775295,-1.0374917920530254e-06
270,404,contact,0.0021731126949608476,-7.688730503915267e-05,7.688730503915267e-05,0.00020667648503445166,0.00020667648503445166,0.0,0.00020667648503445166,300.58304419199226,300.5094831256678,1.5203342623319395e-05
272,500,contact,0.0022065334481942487,-4.346655180575152e-05,4.346655180575152e-05,0.0001553965390107792,0.0001553965390107792,0.0,0.0001553965390107792,300.5944568539879,300.65540979541805,-9.47187614077566e-06
273,389,contact,0.0018835769945505284,-0.00011642300544947165,0.00011642300544947165,0.00024127060062248743,0.00024127060062248743,0.0,0.00024127060062248743,300.08298084771656,300.1682589066301,-2.0575088493994273e-05
274,422,contact,0.0022171013691078727,-3.289863089212756e-05,3.289863089212756e-05,0.0001351925188843417,0.0001351925188843417,0.0,0.0001351925188843417,300.2272462378482,300.2317369985222,-6.0711724722515e-07
274,453,contact,0.0022161301624453377,-3.386983755466252e-05,3.386983755466252e-05,0.00013717352667062604,0.00013717352667062604,0.0,0.00013717352667062604,300.2272462378482,300.1528613952463,1.0203631190540288e-05
275,408,contact,0.002250032404663177,-0.0,0.0,1.0540925533894598e-07,1.0540925533894598e-07,0.0,1.0540925533894598e-07,300.79482015702644,300.65932291736584,1.428266313310596e-08
275,490,contact,0.0022499866171206816,-1.3382879318624141e-08,1.3382879318624141e-08,2.726707346744639e-06,2.726707346744639e-06,0.0,2.726707346744639e-06,300.79482015702644,300.65961371485474,3.6866839919676003e-07
276,364,contact,0.0019470712588397997,-5.2928741160200316e-05,5.2928741160200316e-05,0.0001626787342589687,0.0001626787342589687,0.0,0.0001626787342589687,300.8127751509976,300.759165780948,8.721104464084913e-06
277,453,contact,0.002152287320062079,-9.77126799379213e-05,9.77126799379213e-05,0.00023299103456513956,0.00023299103456513956,0.0,0.00023299103456513956,300.07530869328286,300.1528613952463,-1.8069084263784046e-05
277,481,contact,0.0021656245967618675,-8.43754032381328e-05,8.43754032381328e-05,0.00021650686830025715,0.00021650686830025715,0.0,0.00021650686830025715,300.07530869328286,300.08481550329043,-2.05828966226345e-06
278,309,contact,0.001967308949402711,-3.2691050597289e-05,3.2691050597289e-05,0.0001278496198611654,0.0001278496198611654,0.0,0.0001278496198611654,300.3812170712118,300.4086239434662,-3.503958199308941e-06
278,315,contact,0.0019251846445211436,-7.481535547885641e-05,7.481535547885641e-05,0.00019341064536221425,0.00019341064536221425,0.0,0.00019341064536221425,300.3812170712118,300.3130431087992,1.3185570067114997e-05
278,345,contact,0.0018606325860308906,-0.00013936741396910948,0.00013936741396910948,0.0002639767167470547,0.0002639767167470547,0.0,0.0002639767167470547,300.3812170712118,300.45849654269364,-2.039998115372872e-05
278,387,contact,0.0018872223062215,-0.00011277769377850003,0.00011277769377850003,0.00023746335904566417,0.00023746335904566417,0.0,0.00023746335904566417,300.3812170712118,300.35836981499506,5.4253862061995575e-06
278,402,contact,0.002229036390124666,-2.0963609875334407e-05,2.0963609875334407e-05,0.0001079187190933127,0.0001079187190933127,0.0,0.0001079187190933127,300.3812170712118,300.2437497091268,1.4835301633347256e-05
278,441,contact,0.0022256059302131637,-2.439406978683653e-05,2.439406978683653e-05,0.00011641417865830159,0.00011641417865830159,0.0,0.00011641417865830159,300.3812170712118,300.2975623368967,9.738597186167956e-06
279,410,contact,0.0020875934654525047,-0.0001624065345474956,0.0001624065345474956,0.0003003761850186969,0.0003003761850186969,0.0,0.0003003761850186969,300.64176736842796,300.718109225417,-2.2931275759604094e-05
279,485,contact,0.0022046825789668674,-4.531742103313285e-05,4.531742103313285e-05,0.00015867055498235057,0.00015867055498235057,0.0,0.00015867055498235057,300.64176736842796,300.6735284972698,-5.039555940197843e-06
279,491,contact,0.002100934508569936,-0.00014906549143006405,0.00014906549143006405,0.00028777449835868215,0.00028777449835868215,0.0,0.00028777449835868215,300.64176736842796,300.57600320746354,1.892524843151564e-05
279,499,contact,0.0022395248719761962,-1.0475128023804039e-05,1.0475128023804039e-05,7.6285749447587e-05,7.6285749447587e-05,0.0,7.6285749447587e-05,300.64176736842796,300.671544947736,-2.271604954247091e-06
280,399,contact,0.001832434721526527,-0.00016756527847347296,0.00016756527847347296,0.00028945230908862426,0.00028945230908862426,0.0,0.00028945230908862426,300.8256886027962,300.9340070983692,-3.1353038660603096e-05
280,406,contact,0.0020520589728611595,-0.00019794102713884074,0.00019794102713884074,0.0003316130837276418,0.0003316130837276418,0.0,0.0003316130837276418,300.8256886027962,300.68937147421946,4.520454337223798e-05
281,381,contact,0.0019145046803810638,-8.549531961893624e-05,8.549531961893624e-05,0.00020675507202839817,0.00020675507202839817,0.0,0.00020675507202839817,300.92456765643885,300.92687702828624,-4.774743426472211e-07
281,411,contact,0.0021643491639864857,-8.565083601351454e-05,8.565083601351454e-05,0.00021813710776776577,0.00021813710776776577,0.0,0.00021813710776776577,300.92456765643885,300.807012633121,2.5643112790124613e-05
281,468,contact,0.0021433187304479477,-0.00010668126955205252,0.00010668126955205252,0.00024344891039674527,0.00024344891039674527,0.0,0.00024344891039674527,300.92456765643885,300.8196533969583,2.5541262155621706e-05
282,297,contact,0.001882703794971478,-0.00011729620502852196,0.00011729620502852196,0.00024217370318484413,0.00024217370318484413,0.0,0.00024217370318484413,300.35517341482597,300.24319042666883,2.711933493571858e-05
282,349,contact,0.0019434472413729156,-5.655275862708441e-05,5.655275862708441e-05,0.00016815581855392992,0.00016815581855392992,0.0,0.00016815581855392992,300.35517341482597,300.4248476279469,-1.1716124339453904e-05
282,396,contact,0.0019494336167205082,-5.056638327949185e-05,5.056638327949185e-05,0.00015900689179952523,0.00015900689179952523,0.0,0.00015900689179952523,300.35517341482597,300.39343367578726,-6.08364517489416e-06
282,442,contact,0.002171912337664668,-7.80876623353321e-05,7.80876623353321e-05,0.00020828354383085586,0.00020828354383085586,0.0,0.00020828354383085586,300.35517341482597,300.359181789966,-8.348785791663492e-07
283,298,contact,0.00196080632304672,-3.919367695328019e-05,3.919367695328019e-05,0.0001399887083897844,0.0001399887083897844,0.0,0.0001399887083897844,300.47591842981296,300.4340517772404,5.86085861823331e-06
283,304,contact,0.0018984943995966912,-0.00010150560040330888,0.00010150560040330888,0.00022528382143787966,0.00022528382143787966,0.0,0.00022528382143787966,300.47591842981296,300.40942570394793,1.4979735380695818e-05
283,307,contact,0.0019197547760586493,-8.024522394135076e-05,8.024522394135076e-05,0.000200306295384532,0.000200306295384532,0.0,0.000200306295384532,300.47591842981296,300.4384548451292,7.504191859835039e-06
283,427,contact,0.0021756288451158204,-7.437115488417986e-05,7.437115488417986e-05,0.00020326659408025907,0.00020326659408025907,0.0,0.00020326659408025907,300.47591842981296,300.42241379044685,1.0875705811441833e-05
283,428,contact,0.002132521862771869,-0.00011747813722813106,0.00011747813722813106,0.0002554713913404124,0.0002554713913404124,0.0,0.0002554713913404124,300.47591842981296,300.5891252491056,-2.892110363391766e-05
284,389,contact,0.001906020485931093,-9.397951406890713e-05,9.397951406890713e-05,0.00021677120896109234,0.00021677120896109234,0.0,0.00021677120896109234,300.0870981767649,300.1682589066301,-1.7593309533041718e-05
284,450,contact,0.0021132604384246287,-0.00013673956157537158,0.00013673956157537158,0.0002756200702006816,0.0002756200702006816,0.0,0.0002756200702006816,300.0870981767649,300.0923199749641,-1.439232386225972e-06
285,455,contact,0.0022360034259589134,-1.399657404108686e-05,1.399657404108686e-05,8.81809189522908e-05,8.81809189522908e-05,0.0,8.81809189522908e-05,300.0971298488581,300.18531427857556,-7.776184049767903e-06
286,475,contact,0.002122959650723489,-0.00012704034927651106,0.00012704034927651106,0.0002656651498038159,0.0002656651498038159,0.0,0.0002656651498038159,300.7479912549453,300.69084490649743,1.5181793221145161e-05
287,344,contact,0.0019046538200670484,-9.534617993295163e-05,9.534617993295163e-05,0.000218341681697462,0.000218341681697462,0.0,0.000218341681697462,300.93174669634965,300.883175760477,1.0605059820053268e-05
288,302,contact,0.0018714893240971836,-0.00012851067590281644,0.00012851067590281644,0.00025348636640144616,0.00025348636640144616,0.0,0.00025348636640144616,300.7028624455595,300.60932283231955,2.3711016674792705e-05
288,386,contact,0.0019463582640921993,-5.364173590780073e-05,5.364173590780073e-05,0.00016377077869357638,0.00016377077869357638,0.0,0.00016377077869357638,300.7028624455595,300.59593376928063,1.751179257886377e-05
288,411,contact,0.00212158101228777,-0.00012841898771223008,0.00012841898771223008,0.0002671027556247783,0.0002671027556247783,0.0,0.0002671027556247783,300.7028624455595,300.807012633121,-2.7818802096518274e-05
288,459,contact,0.002206950435734466,-4.3049564265534336e-05,4.3049564265534336e-05,0.00015464936014081507,0.00015464936014081507,0.0,0.00015464936014081507,300.7028624455595,300.82310815454116,-1.8595921953691793e-05
289,447,contact,0.002173380289042854,-7.661971095714645e-05,7.661971095714645e-05,0.0002063165191818231,0.0002063165191818231,0.0,0.0002063165191818231,300.14892931513145,300.09301326452714,1.1536404927075902e-05
290,292,contact,0.001972174932928208,-2.7825067071792116e-05,2.7825067071792116e-05,0.00011795140328074125,0.00011795140328074125,0.0,0.00011795140328074125,300.5687875941761,300.57249978255305,-4.3785782830221414e-07
290,324,contact,0.0019964937186139472,-3.5062813860528216e-06,3.5062813860528216e-06,4.187052296098546e-05,4.187052296098546e-05,0.0,4.187052296098546e-05,300.5687875941761,300.460400411611,4.538228016270158e-06
290,485,contact,0.002222354201302978,-2.7645798697022335e-05,2.7645798697022335e-05,0.00012393053317847583,0.00012393053317847583,0.0,0.00012393053317847583,300.5687875941761,300.6735284972698,-1.2980595965993661e-05
291,325,contact,0.001961822300719411,-3.817769928058908e-05,3.817769928058908e-05,0.00013816240313592747,0.00013816240313592747,0.0,0.00013816240313592747,300.11829967148833,300.17877980997963,-8.356081275951756e-06
291,454,contact,0.00221576164804165,-3.423835195835029e-05,3.423835195835029e-05,0.00013791775318474392,0.00013791775318474392,0.0,0.00013791775318474392,300.11829967148833,300.0692798655541,6.7607014960000684e-06
292,303,contact,0.0018938429982086691,-0.00010615700179133093,0.00010615700179133093,0.00023038771863028085,0.00023038771863028085,0.0,0.00023038771863028085,300.57249978255305,300.61911632299154,-1.0739878402060494e-05
292,338,contact,0.0019842843836920154,-1.5715616307984594e-05,1.5715616307984594e-05,8.864427874370854e-05,8.864427874370854e-05,0.0,8.864427874370854e-05,300.57249978255305,300.46274358156927,9.72925927385683e-06
292,469,contact,0.0022395520883256993,-1.0447911674300956e-05,1.0447911674300956e-05,7.618658264164132e-05,7.618658264164132e-05,0.0,7.618658264164132e-05,300.57249978255305,300.5687132526918,2.8848277019982967e-07
292,485,contact,0.0021719190921302956,-7.808090786970466e-05,7.808090786970466e-05,0.00020827453552903658,0.00020827453552903658,0.0,0.00020827453552903658,300.57249978255305,300.6735284972698,-2.104170863272316e-05
293,297,contact,0.0019005849442737355,-9.941505572626458e-05,9.941505572626458e-05,0.0002229518509973225,0.0002229518509973225,0.0,0.0002229518509973225,300.16761524785466,300.24319042666883,-1.684962600607429e-05
293,320,contact,0.0018879203423079057,-0.00011207965769209432,0.00011207965769209432,0.00023672733016288415,0.00023672733016288415,0.0,0.00023672733016288415,300.16761524785466,300.0733209897199,2.2322027977933105e-05
293,391,contact,0.0019214831485339662,-7.85168514660338e-05,7.85168514660338e-05,0.00019813739105231223,0.00019813739105231223,0.0,0.00019813739105231223,300.16761524785466,300.1854245810049,-3.5286948067699277e-06
294,354,contact,0.0019846235806570476,-1.5376419342952394e-05,1.5376419342952394e-05,8.768243650513024e-05,8.768243650513024e-05,0.0,8.768243650513024e-05,300.06574608388996,300.07867396525523,-1.1335481369563e-06
294,451,contact,0.002143559268646425,-0.0001064407313535751,0.0001064407313535751,0.00024317429889047704,0.00024317429889047704,0.0,0.00024317429889047704,300.06574608388996,300.18438842522005,-2.8850768171668626e-05
295,331,contact,0.0019938946718921734,-6.105328107826671e-06,6.105328107826671e-06,5.525091903229607e-05,5.525091903229607e-05,0.0,5.525091903229607e-05,300.41929308808074,300.36270607782797,3.1264843217554854e-06
295,404,contact,0.0022084220729969174,-4.157792700308291e-05,4.157792700308291e-05,0.00015198305278894112,0.00015198305278894112,0.0,0.00015198305278894112,300.41929308808074,300.5094831256678,-1.3707357243635635e-05
295,414,contact,0.0022239331273444345,-2.60668726555658e-05,2.60668726555658e-05,0.00012033950274020072,0.00012033950274020072,0.0,0.00012033950274020072,300.41929308808074,300.38282865780144,4.388111407515121e-06
296,300,contact,0.0019448827842057732,-5.5117215794226815e-05,5.5117215794226815e-05,0.0001660078549259444,0.0001660078549259444,0.0,0.0001660078549259444,300.53299382601193,300.46202772835534,1.1780929644436299e-05
296,435,contact,0.002095474314922519,-0.00015452568507748126,0.00015452568507748126,0.0002929976157254917,0.0002929976157254917,0.0,0.0002929976157254917,300.53299382601193,300.4697842188363,1.8520264193402265e-05
296,436,contact,0.0020926324887805795,-0.0001573675112194208,0.0001573675112194208,0.00029567954802776,0.00029567954802776,0.0,0.00029567954802776,300.53299382601193,300.58976528245466,-1.6786158581864652e-05
296,469,contact,0.002122779317734182,-0.00012722068226581843,0.00012722068226581843,0.0002658536379558188,0.0002658536379558188,0.0,0.0002658536379558188,300.53299382601193,300.5687132526918,-9.496139528537313e-06
297,391,contact,0.0019295280252175652,-7.04719747824348e-05,7.04719747824348e-05,0.0001877125126122854,0.0001877125126122854,0.0,0.0001877125126122854,300.24319042666883,300.1854245810049,1.0843372032751095e-05
298,304,contact,0.001918456095770764,-8.154390422923609e-05,8.154390422923609e-05,0.00020192065796896077,0.00020192065796896077,0.0,0.00020192065796896077,300.4340517772404,300.40942570394793,4.972512922412488e-06
298,331,contact,0.0018979135283515949,-0.00010208647164840516,0.00010208647164840516,0.00022592750125693546,0.00022592750125693546,0.0,0.00022592750125693546,300.4340517772404,300.36270607782797,1.6118955593685785e-05
298,448,contact,0.002178805873408644,-7.119412659135644e-05,7.119412659135644e-05,0.00019887758182045954,0.00019887758182045954,0.0,0.00019887758182045954,300.4340517772404,300.35135272497206,1.6446987533976673e-05
299,343,contact,0.001847323813141594,-0.00015267618685840595,0.00015267618685840595,0.00027629349147094103,0.00027629349147094103,0.0,0.00027629349147094103,300.628568008636,300.7108301344305,-2.272848995158422e-05
299,362,contact,0.0018352101439617207,-0.00016478985603827936,0.00016478985603827936,0.0002870451672109107,0.0002870451672109107,0.0,0.0002870451672109107,300.628568008636,300.5334138356977,2.7313545481904794e-05
299,500,contact,0.002230266800452359,-1.9733199547641075e-05,1.9733199547641075e-05,0.00010470381386357602,0.00010470381386357602,0.0,0.00010470381386357602,300.628568008636,300.65540979541805,-2.810437446991357e-06
300,311,contact,0.001883362020589775,-0.00011663797941022496,0.00011663797941022496,0.00024149324981272765,0.00024149324981272765,0.0,0.00024149324981272765,300.46202772835534,300.4998132852595,-9.124956932771404e-06
300,469,contact,0.0022023925515902015,-4.760744840979873e-05,4.760744840979873e-05,0.0001626302015306142,0.0001626302015306142,0.0,0.0001626302015306142,300.46202772835534,300.5687132526918,-1.7350288323237042e-05
301,393,contact,0.0018947202948192642,-0.00010527970518073586,0.00010527970518073586,0.0002294337651488288,0.0002294337651488288,0.0,0.0002294337651488288,300.651948758314,300.7820486794801,-2.9849314758705613e-05
301,407,contact,0.002193477434784548,-5.652256521545239e-05,5.652256521545239e-05,0.00017720447262892597,0.00017720447262892597,0.0,0.00017720447262892597,300.651948758314,300.74839673513566,-1.7091012868807473e-05
301,490,contact,0.002186558917086159,-6.344108291384118e-05,6.344108291384118e-05,0.00018773664017246366,0.00018773664017246366,0.0,0.00018773664017246366,300.651948758314,300.65961371485474,-1.4389931880258222e-06
302,351,contact,0.0018906255525515886,-0.00010937444744841141,0.00010937444744841141,0.00023385299597013015,0.00023385299597013015,0.0,0.00023385299597013015,300.60932283231955,300.54427659156005,1.521125827820348e-05
302,475,contact,0.0022458756537798346,-4.124346220165699e-06,4.124346220165699e-06,4.786756162212162e-05,4.786756162212162e-05,0.0,4.786756162212162e-05,300.60932283231955,300.69084490649743,-3.902262909272986e-06
303,405,contact,0.0021383745081252725,-0.00011162549187472776,0.00011162549187472776,0.0002490264286228001,0.0002490264286228001,0.0,0.0002490264286228001,300.61911632299154,300.5416124098718,1.930052268850459e-05
303,469,contact,0.0021068613929967014,-0.00014313860700329887,0.00014313860700329887,0.0002819954757352785,0.0002819954757352785,0.0,0.0002819954757352785,300.61911632299154,300.5687132526918,1.4213437787696998e-05
303,480,contact,0.0020411263429844315,-0.00020887365701556873,0.00020887365701556873,0.0003406477954782694,0.0003406477954782694,0.0,0.0003406477954782694,300.61911632299154,300.7295044518698,-3.7603472749344146e-05
303,485,contact,0.0021672049854152262,-8.279501458477402e-05,8.279501458477402e-05,0.00021446964895964756,0.00021446964895964756,0.0,0.00021446964895964756,300.61911632299154,300.6735284972698,-1.166975991658548e-05
304,331,contact,0.0019949813995373492,-5.0186004626508185e-06,5.0186004626508185e-06,5.00929159794617e-05,5.00929159794617e-05,0.0,5.00929159794617e-05,300.40942570394793,300.36270607782797,2.3403223058193237e-06
304,446,contact,0.002129208836657409,-0.00012079116334259106,0.00012079116334259106,0.00025904864766486434,0.00025904864766486434,0.0,0.00025904864766486434,300.40942570394793,300.3015913563765,2.793434191020461e-05
304,498,contact,0.0021194526140963853,-0.000130547385903615,0.000130547385903615,0.0002693071211498284,0.0002693071211498284,0.0,0.0002693071211498284,300.40942570394793,300.50873190445725,-2.6743866971492035e-05
306,318,contact,0.0019415161590880467,-5.848384091195337e-05,5.848384091195337e-05,0.00017100269137056495,0.00017100269137056495,0.0,0.00017100269137056495,300.262537130994,300.33473055146396,-1.2345269199607209e-05
306,380,contact,0.0019452267020581432,-5.477329794185688e-05,5.477329794185688e-05,0.00016548912040049171,0.00016548912040049171,0.0,0.00016548912040049171,300.262537130994,300.2118959265496,8.380568379532836e-06
307,427,contact,0.0021906355131102928,-5.936448688970749e-05,5.936448688970749e-05,0.00018160470944962286,0.00018160470944962286,0.0,0.00018160470944962286,300.4384548451292,300.42241379044685,2.91313107484799e-06
307,443,contact,0.0021610173775562297,-8.898262244377061e-05,8.898262244377061e-05,0.00022233935829389098,0.00022233935829389098,0.0,0.00022233935829389098,300.4384548451292,300.35022910142186,1.9616055240885078e-05
307,483,contact,0.002186658299346288,-6.334170065371231e-05,6.334170065371231e-05,0.00018758953514657164,0.00018758953514657164,0.0,0.00018758953514657164,300.4384548451292,300.46746181267076,-5.441403557138693e-06
308,353,contact,0.0019236604986587432,-7.633950134125684e-05,7.633950134125684e-05,0.00019537080301475045,0.00019537080301475045,0.0,0.00019537080301475045,300.22164291667144,300.0941601835353,2.4906403943327123e-05
308,429,contact,0.0022415807390544743,-8.419260945525999e-06,8.419260945525999e-06,6.839128008714918e-05,6.839128008714918e-05,0.0,6.839128008714918e-05,300.22164291667144,300.1981585281253,1.606127394734316e-06
309,330,contact,0.0019530650131524031,-4.693498684759691e-05,4.693498684759691e-05,0.00015319103571618823,0.00015319103571618823,0.0,0.00015319103571618823,300.4086239434662,300.50948700918434,-1.5451317502874644e-05
309,384,contact,0.001944074411667413,-5.592558833258715e-05,5.592558833258715e-05,0.00016722079465871932,0.00016722079465871932,0.0,0.00016722079465871932,300.4086239434662,300.45830087798095,-8.30701646576801e-06
310,383,contact,0.0018739848265127445,-0.00012601517348725553,0.00012601517348725553,0.00025101312066031086,0.00025101312066031086,0.0,0.00025101312066031086,300.0656999002192,300.1473380875664,-2.0492256171074194e-05
311,405,contact,0.0022358983888808542,-1.4101611119146044e-05,1.4101611119146044e-05,8.85111766926956e-05,8.85111766926956e-05,0.0,8.85111766926956e-05,300.4998132852595,300.5416124098718,-3.69968970415773e-06
311,436,contact,0.0021639444887981765,-8.605551120182374e-05,8.605551120182374e-05,0.00021865181758756665,0.00021865181758756665,0.0,0.00021865181758756665,300.4998132852595,300.58976528245466,-1.9668167682352923e-05
312,438,contact,0.002150577611782472,-9.942238821752806e-05,9.942238821752806e-05,0.00023502055254987576,0.00023502055254987576,0.0,0.00023502055254987576,300.6416419193376,300.72102307162527,-1.8656202272696584e-05
312,440,contact,0.00216042194644935,-8.957805355065034e-05,8.957805355065034e-05,0.00022308201475223604,0.00022308201475223604,0.0,0.00022308201475223604,300.6416419193376,300.52119607069596,2.6869302583516107e-05
313,388,contact,0.001884296715620977,-0.00011570328437902314,0.00011570328437902314,0.0002405236832195773,0.0002405236832195773,0.0,0.0002405236832195773,300.7236418012677,300.6623846862012,1.4733786939199134e-05
313,437,contact,0.0021494406771297514,-0.00010055932287024883,0.00010055932287024883,0.0002363605095684801,0.0002363605095684801,0.0,0.0002363605095684801,300.7236418012677,300.6805403617374,1.018747821051427e-05
314,427,contact,0.002151753200183516,-9.824679981648406e-05,9.824679981648406e-05,0.00023362695789142624,0.00023362695789142624,0.0,0.00023362695789142624,300.3375275997608,300.42241379044685,-1.983170249697651e-05
314,448,contact,0.002217241162368225,-3.275883763177506e-05,3.275883763177506e-05,0.00013490498226483347,0.00013490498226483347,0.0,0.00013490498226483347,300.3375275997608,300.35135272497206,-1.8650782714354209e-06
314,470,contact,0.002129924543358284,-0.00012007545664171606,0.00012007545664171606,0.0002582800554111285,0.0002582800554111285,0.0,0.0002582800554111285,300.3375275997608,300.24954486385127,2.2724185905933566e-05
314,471,contact,0.0021673425937769972,-8.265740622300302e-05,8.265740622300302e-05,0.00021429134661717368,0.00021429134661717368,0.0,0.00021429134661717368,300.3375275997608,300.28594897313775,1.1052853355715794e-05
315,318,contact,0.001933564855622898,-6.643514437710196e-05,6.643514437710196e-05,0.00018225688516089312,0.00018225688516089312,0.0,0.00018225688516089312,300.3130431087992,300.33473055146396,-3.952685747183964e-06
315,319,contact,0.0019057964088537893,-9.420359114621071e-05,9.420359114621071e-05,0.00021702948088475298,0.00021702948088475298,0.0,0.00021702948088475298,300.3130431087992,300.2292938497882,1.817605820764628e-05
316,351,contact,0.00198823457768838,-1.1765422311620088e-05,1.1765422311620088e-05,7.66988341228864e-05,7.66988341228864e-05,0.0,7.66988341228864e-05,300.54730792650844,300.54427659156005,2.3249985637739868e-07
316,372,contact,0.0019782679535222994,-2.1732046477700596e-05,2.1732046477700596e-05,0.00010424021891213726,0.00010424021891213726,0.0,0.00010424021891213726,300.54730792650844,300.580732611187,-3.4841964479612557e-06
316,500,contact,0.002130864260552511,-0.00011913573944748916,0.00011913573944748916,0.0002572674132401376,0.0002572674132401376,0.0,0.0002572674132401376,300.54730792650844,300.65540979541805,-2.7811088180800862e-05
317,378,contact,0.0019552574192162014,-4.474258078379862e-05,4.474258078379862e-05,0.00014957035265018034,0.00014957035265018034,0.0,0.00014957035265018034,300.85509189440353,300.7791489202337,1.135881742788562e-05
317,449,contact,0.0021679841760953882,-8.201582390461202e-05,8.201582390461202e-05,0.00021345806757692095,0.00021345806757692095,0.0,0.00021345806757692095,300.85509189440353,300.85234003173423,5.874072876257384e-07
317,488,contact,0.0021941668170629143,-5.583318293708598e-05,5.583318293708598e-05,0.00017612051261862646,0.00017612051261862646,0.0,0.00017612051261862646,300.85509189440353,300.7969079798731,1.0247380853260443e-05
318,425,contact,0.002188768361293629,-6.123163870637134e-05,6.123163870637134e-05,0.00018443854548085982,0.00018443854548085982,0.0,0.00018443854548085982,300.33473055146396,300.3768764679828,-7.773331540694073e-06
318,456,contact,0.0021707552432736403,-7.924475672635998e-05,7.924475672635998e-05,0.00020982103051881562,0.00020982103051881562,0.0,0.00020982103051881562,300.33473055146396,300.42054945369165,-1.8006610503406573e-05
319,389,contact,0.00196765036563918,-3.234963436082004e-05,3.234963436082004e-05,0.00012718025467976554,0.00012718025467976554,0.0,0.00012718025467976554,300.2292938497882,300.1682589066301,7.762439615207467e-06
321,381,contact,0.0018084819543042166,-0.00019151804569578343,0.00019151804569578343,0.000309449548146207,0.000309449548146207,0.0,0.000309449548146207,300.83031414552283,300.92687702828624,-2.9881340438831687e-05
321,398,contact,0.0018746200005601134,-0.00012537999943988665,0.00012537999943988665,0.0002503797110788798,0.0002503797110788798,0.0,0.0002503797110788798,300.83031414552283,300.76332457637847,1.6772828967665624e-05
321,411,contact,0.0022285749928822223,-2.1425007117777985e-05,2.1425007117777985e-05,0.00010909987044950549,0.00010909987044950549,0.0,0.00010909987044950549,300.83031414552283,300.807012633121,2.5421919843155855e-06
321,439,contact,0.002190113173876384,-5.9886826123616444e-05,5.9886826123616444e-05,0.00018240191599203307,0.00018240191599203307,0.0,0.00018240191599203307,300.83031414552283,300.918809438035,-1.6141710910494098e-05
321,480,contact,0.002123656867959814,-0.0001263431320401862,0.0001263431320401862,0.00026493514095192157,0.00026493514095192157,0.0,0.00026493514095192157,300.83031414552283,300.7295044518698,2.6708030397290258e-05
322,449,contact,0.0021736751662104438,-7.63248337895565e-05,7.63248337895565e-05,0.00020591912353796213,0.00020591912353796213,0.0,0.00020591912353796213,300.7420996242809,300.85234003173423,-2.2700608081255135e-05
323,470,contact,0.0022268668052669873,-2.313319473301297e-05,2.313319473301297e-05,0.00011336566875237791,0.00011336566875237791,0.0,0.00011336566875237791,300.1560550550446,300.24954486385127,-1.0598534696901253e-05
323,474,contact,0.0021246561369784064,-0.00012534386302159384,0.00012534386302159384,0.00026388535286453663,0.00026388535286453663,0.0,0.00026388535286453663,300.1560550550446,300.08892890604926,1.7713607514069617e-05
324,496,contact,0.0021988682057198423,-5.113179428015797e-05,5.113179428015797e-05,0.00016854243494700537,0.00016854243494700537,0.0,0.00016854243494700537,300.460400411611,300.3532025606024,1.8067386830067322e-05
325,379,contact,0.0018464753560229281,-0.0001535246439770719,0.0001535246439770719,0.0002770601414648739,0.0002770601414648739,0.0,0.0002770601414648739,300.17877980997963,300.233382365075,-1.5128191639063259e-05
325,455,contact,0.002102388859107659,-0.00014761114089234138,0.00014761114089234138,0.0002863672281959549,0.0002863672281959549,0.0,0.0002863672281959549,300.17877980997963,300.18531427857556,-1.871257659550079e-06
325,470,contact,0.0021222598164221075,-0.0001277401835778928,0.0001277401835778928,0.0002663958870823363,0.0002663958870823363,0.0,0.0002663958870823363,300.17877980997963,300.24954486385127,-1.8851519300564677e-05
325,479,contact,0.002037116034986716,-0.0002128839650132842,0.0002128839650132842,0.00034390241268683267,0.00034390241268683267,0.0,0.00034390241268683267,300.17877980997963,300.0924776152135,2.9679533000237457e-05
326,493,contact,0.002166138080201721,-8.386191979827939e-05,8.386191979827939e-05,0.0002158470649406393,0.0002158470649406393,0.0,0.0002158470649406393,300.86343682175607,300.827921503018,7.665877310045403e-06
327,348,contact,0.0019173945484933575,-8.260545150664254e-05,8.260545150664254e-05,0.00020323072049599508,0.00020323072049599508,0.0,0.00020323072049599508,300.47575601667825,300.48810319878,-2.5093267146307956e-06
328,341,contact,0.0019753462475475027,-2.465375245249736e-05,2.465375245249736e-05,0.00011102646633235105,0.00011102646633235105,0.0,0.00011102646633235105,300.320795776963,300.43471176324084,-1.264768941519379e-05
328,385,contact,0.001966659790535465,-3.3340209464534885e-05,3.3340209464534885e-05,0.00012911275975776928,0.00012911275975776928,0.0,0.00012911275975776928,300.320795776963,300.2785565649615,5.453621231507763e-06
328,400,contact,0.0019057509482616032,-9.42490517383968e-05,9.42490517383968e-05,0.00021708184140825415,0.00021708184140825415,0.0,0.00021708184140825415,300.320795776963,300.2194586259585,2.199845534312019e-05
328,442,contact,0.0021800622616796974,-6.993773832030285e-05,6.993773832030285e-05,0.00019711493872062288,0.00019711493872062288,0.0,0.00019711493872062288,300.320795776963,300.359181789966,-7.566456600813723e-06
329,358,contact,0.001983194797013142,-1.680520298685817e-05,1.680520298685817e-05,9.166570511063058e-05,9.166570511063058e-05,0.0,9.166570511063058e-05,300.7211798737327,300.79370371778236,-6.647949302146375e-06
329,367,contact,0.0019119878666194509,-8.801213338054917e-05,8.801213338054917e-05,0.0002097762300411431,0.0002097762300411431,0.0,0.0002097762300411431,300.7211798737327,300.5888938775295,2.7750457570748998e-05
329,493,contact,0.002246065991817695,-3.934008182305236e-06,3.934008182305236e-06,4.6749974345240946e-05,4.6749974345240946e-05,0.0,4.6749974345240946e-05,300.7211798737327,300.827921503018,-4.99016843065678e-06
330,494,contact,0.002214928711629338,-3.507128837066222e-05,3.507128837066222e-05,0.00013958527535099232,0.00013958527535099232,0.0,0.00013958527535099232,300.50948700918434,300.62079298340916,-1.553667506038191e-05
332,394,contact,0.0018945548949555406,-0.00010544510504445948,0.00010544510504445948,0.000229613920575887,0.000229613920575887,0.0,0.000229613920575887,300.580262457751,300.6719838992641,-2.1060519786688594e-05
332,484,contact,0.0021948279763778855,-5.5172023622114715e-05,5.5172023622114715e-05,0.00017507462475901004,0.00017507462475901004,0.0,0.00017507462475901004,300.580262457751,300.5675842031852,2.21964066070644e-06
333,401,contact,0.0021755297135311667,-7.447028646883356e-05,7.447028646883356e-05,0.0002034020190941432,0.0002034020190941432,0.0,0.0002034020190941432,300.9398667939293,300.9176588272055,4.5171452715931195e-06
333,472,contact,0.0021206032883915363,-0.00012939671160846393,0.00012939671160846393,0.00026811762718012815,0.00026811762718012815,0.0,0.00026811762718012815,300.9398667939293,300.8251048871559,3.0769690134757525e-05
334,481,contact,0.002218777934900202,-3.12220650997984e-05,3.12220650997984e-05,0.00013170266406610848,0.00013170266406610848,0.0,0.00013170266406610848,300.0915871451099,300.08481550329043,8.918432677236933e-07
335,368,contact,0.0019865571631594203,-1.34428368405797e-05,1.34428368405797e-05,8.198425714910058e-05,8.198425714910058e-05,0.0,8.198425714910058e-05,300.83207368581634,300.9300280011644,-8.030711778357272e-06
336,342,contact,0.0019865996840118553,-1.3400315988144722e-05,1.3400315988144722e-05,8.185449281543659e-05,8.185449281543659e-05,0.0,8.185449281543659e-05,300.6777754076465,300.58630696642206,7.487102865044742e-06
336,461,contact,0.0021972217680516467,-5.2778231948353606e-05,5.2778231948353606e-05,0.00017123445906507123,0.00017123445906507123,0.0,0.00017123445906507123,300.6777754076465,300.59143378862404,1.4784660428111419e-05
336,473,contact,0.0022096727102672927,-4.03272897327076e-05,4.03272897327076e-05,0.0001496798244637674,0.0001496798244637674,0.0,0.0001496798244637674,300.6777754076465,300.77329896439176,-1.429794920578573e-05
336,490,contact,0.0021410482167127857,-0.00010895178328721453,0.00010895178328721453,0.0002460259508525411,0.0002460259508525411,0.0,0.0002460259508525411,300.6777754076465,300.65961371485474,4.468247738182105e-06
337,416,contact,0.0021593113862062615,-9.068861379373872e-05,9.068861379373872e-05,0.00022446060504851121,0.00022446060504851121,0.0,0.00022446060504851121,300.0834261670888,300.0861823653622,-6.186579320816517e-07
338,405,contact,0.002109956257390186,-0.0001400437426098142,0.0001400437426098142,0.00027893024079090917,0.00027893024079090917,0.0,0.00027893024079090917,300.46274358156927,300.5416124098718,-2.199890126931824e-05
339,385,contact,0.001812760998442984,-0.00018723900155701609,0.00018723900155701609,0.0003059730393000469,0.0003059730393000469,0.0,0.0003059730393000469,300.3782790695969,300.2785565649615,3.0512397829904723e-05
339,443,contact,0.002210556970064969,-3.944302993503113e-05,3.944302993503113e-05,0.00014802970785741162,0.00014802970785741162,0.0,0.00014802970785741162,300.3782790695969,300.35022910142186,4.152228594358747e-06
339,483,contact,0.0020742703046366918,-0.0001757296953633085,0.0001757296953633085,0.00031245417029569534,0.00031245417029569534,0.0,0.00031245417029569534,300.3782790695969,300.46746181267076,-2.7865519991842467e-05
340,433,contact,0.002125217490752418,-0.0001247825092475824,0.0001247825092475824,0.0002632937831561104,0.0002632937831561104,0.0,0.0002632937831561104,300.608376154148,300.57840043558065,7.892420344422294e-06
340,438,contact,0.0020946834152205432,-0.00015531658477945702,0.00015531658477945702,0.00029374647494760306,0.00029374647494760306,0.0,0.00029374647494760306,300.608376154148,300.72102307162527,-3.3089634922659764e-05
340,498,contact,0.0021304108620404656,-0.00011958913795953466,0.00011958913795953466,0.00025775649357003455,0.00025775649357003455,0.0,0.00025775649357003455,300.608376154148,300.50873190445725,2.5683952404705958e-05
341,396,contact,0.001970586546183648,-2.9413453816351954e-05,2.9413453816351954e-05,0.00012127129465861234,0.00012127129465861234,0.0,0.00012127129465861234,300.43471176324084,300.39343367578726,5.005847106526702e-06
341,442,contact,0.0021924088680034116,-5.759113199658864e-05,5.759113199658864e-05,0.0001788716672126643,0.0001788716672126643,0.0,0.0001788716672126643,300.43471176324084,300.359181789966,1.3510172244201115e-05
341,484,contact,0.002175966931940832,-7.403306805916837e-05,7.403306805916837e-05,0.0002028040489119819,0.0002028040489119819,0.0,0.0002028040489119819,300.43471176324084,300.5675842031852,-2.6947068809534132e-05
342,461,contact,0.002188257614952134,-6.174238504786647e-05,6.174238504786647e-05,0.00018520616897552976,0.00018520616897552976,0.0,0.00018520616897552976,300.58630696642206,300.59143378862404,-9.495190990487249e-07
342,490,contact,0.0021732764640378824,-7.67235359621179e-05,7.67235359621179e-05,0.00020645625843171008,0.00020645625843171008,0.0,0.00020645625843171008,300.58630696642206,300.65961371485474,-1.5134636999206825e-05
343,363,contact,0.0018830107858427143,-0.00011698921415728572,0.00011698921415728572,0.00024185658369918912,0.00024185658369918912,0.0,0.00024185658369918912,300.7108301344305,300.6995602202823,2.7257029344705144e-06
343,375,contact,0.0019702390115161152,-2.9760988483884792e-05,2.9760988483884792e-05,0.0001219856312929617,0.0001219856312929617,0.0,0.0001219856312929617,300.7108301344305,300.752088823558,-5.032967239533263e-06
343,468,contact,0.0020800437178097966,-0.00016995628219020368,0.00016995628219020368,0.00030727863051688997,0.00030727863051688997,0.0,0.00030727863051688997,300.7108301344305,300.8196533969583,-3.34390630779157e-05
343,500,contact,0.002104202229967454,-0.00014579777003254643,0.00014579777003254643,0.0002846028129326772,0.0002846028129326772,0.0,0.0002846028129326772,300.7108301344305,300.65540979541805,1.57727843766319e-05
344,356,contact,0.0019328275448161419,-6.717245518385816e-05,6.717245518385816e-05,0.00018326545662488902,0.00018326545662488902,0.0,0.00018326545662488902,300.883175760477,300.8754599096039,1.414048933512962e-06
344,376,contact,0.0019511726028468115,-4.8827397153188576e-05,4.8827397153188576e-05,0.0001562488354407619,0.0001562488354407619,0.0,0.0001562488354407619,300.883175760477,300.77318476512323,1.7185964932996657e-05
345,351,contact,0.0019330775832335344,-6.69224167664656e-05,6.69224167664656e-05,0.00018292405086054922,0.00018292405086054922,0.0,0.00018292405086054922,300.45849654269364,300.54427659156005,-1.5691234021659784e-05
346,404,contact,0.002188495185190042,-6.15048148099582e-05,6.15048148099582e-05,0.00018484951057843753,0.00018484951057843753,0.0,0.00018484951057843753,300.55848975514334,300.5094831256678,9.05885147364756e-06
346,489,contact,0.00218082885548437,-6.917114451563018e-05,6.917114451563018e-05,0.00019603166483962367,0.00019603166483962367,0.0,0.00019603166483962367,300.55848975514334,300.60252289549027,-8.631889810324678e-06
347,392,contact,0.0019836404594835225,-1.6359540516477575e-05,1.6359540516477575e-05,9.044208234134589e-05,9.044208234134589e-05,0.0,9.044208234134589e-05,300.2274802426978,300.31480091234755,-7.897463194562139e-06
347,441,contact,0.002207852063205695,-4.214793679430508e-05,4.214793679430508e-05,0.0001530213071479936,0.0001530213071479936,0.0,0.0001530213071479936,300.2274802426978,300.2975623368967,-1.0724053661981574e-05
347,450,contact,0.002233896763975453,-1.610323602454708e-05,1.610323602454708e-05,9.458457715642381e-05,9.458457715642381e-05,0.0,9.458457715642381e-05,300.2274802426978,300.0923199749641,1.2784076771944663e-05
348,403,contact,0.0022353852663176375,-1.4614733682362727e-05,1.4614733682362727e-05,9.010713895247986e-05,9.010713895247986e-05,0.0,9.010713895247986e-05,300.48810319878,300.56855349956595,-7.249146431690142e-06
348,484,contact,0.0021933548775396653,-5.6645122460334974e-05,5.6645122460334974e-05,0.00017739648383765638,0.00017739648383765638,0.0,0.00017739648383765638,300.48810319878,300.5675842031852,-1.4099650713374553e-05
350,385,contact,0.001873239156847531,-0.00012676084315246913,0.00012676084315246913,0.00025175468531138514,0.00025175468531138514,0.0,0.00025175468531138514,300.26815210216967,300.2785565649615,-2.619372255990072e-06
351,374,contact,0.0019249178003748627,-7.508219962513735e-05,7.508219962513735e-05,0.00019375525750948974,0.00019375525750948974,0.0,0.00019375525750948974,300.54427659156005,300.61073956751704,-1.2877551021394552e-05
352,472,contact,0.00219658698615193,-5.3413013848070245e-05,5.3413013848070245e-05,0.00017226112905197518,0.00017226112905197518,0.0,0.00017226112905197518,300.9001843162337,300.8251048871559,1.2933267221527417e-05
355,399,contact,0.0018969665539809797,-0.00010303344601902032,0.00010303344601902032,0.0002269729565598293,0.0002269729565598293,0.0,0.0002269729565598293,300.9431870362965,300.9340070983692,2.0835976523917386e-06
356,364,contact,0.0018794890993033186,-0.0001205109006966814,0.0001205109006966814,0.0002454698562926632,0.0002454698562926632,0.0,0.0002454698562926632,300.8754599096039,300.759165780948,2.8546703048832497e-05
357,440,contact,0.0022182006043412763,-3.179939565872399e-05,3.179939565872399e-05,0.0001329147505791337,0.0001329147505791337,0.0,0.0001329147505791337,300.3977810793141,300.52119607069596,-1.6403672797248288e-05
357,442,contact,0.002181259451119925,-6.874054888007537e-05,6.874054888007537e-05,0.00019542055629401963,0.00019542055629401963,0.0,0.00019542055629401963,300.3977810793141,300.359181789966,7.5430945969593064e-06
358,493,contact,0.0022384614056311083,-1.1538594368891951e-05,1.1538594368891951e-05,8.00645377488684e-05,8.00645377488684e-05,0.0,8.00645377488684e-05,300.79370371778236,300.827921503018,-2.7396311576804333e-06
359,373,contact,0.0019732403347033018,-2.6759665296698272e-05,2.6759665296698272e-05,0.00011567122653602812,0.00011567122653602812,0.0,0.00011567122653602812,300.32625228638983,300.241732667058,9.776488034472465e-06
359,377,contact,0.0018831027505954103,-0.00011689724940458978,0.00011689724940458978,0.00024176150376413298,0.00024176150376413298,0.0,0.00024176150376413298,300.32625228638983,300.29163513723944,8.36909403462614e-06
359,426,contact,0.002171213137626059,-7.878686237394131e-05,7.878686237394131e-05,0.00020921395531042872,0.00020921395531042872,0.0,0.00020921395531042872,300.32625228638983,300.2148709550494,2.3302528877477686e-05
359,456,contact,0.0021390276141508785,-0.00011097238584912173,0.00011097238584912173,0.00024829684950021877,0.00024829684950021877,0.0,0.00024829684950021877,300.32625228638983,300.42054945369165,-2.3413689557836406e-05
360,464,contact,0.002036994189976986,-0.00021300581002301443,0.00021300581002301443,0.0003440008155860926,0.0003440008155860926,0.0,0.0003440008155860926,300.2188012199173,300.2785361081707,-2.0548850278129098e-05
360,481,contact,0.0020064665309942253,-0.00024353346900577496,0.00024353346900577496,0.0003678265510670416,0.0003678265510670416,0.0,0.0003678265510670416,300.2188012199173,300.08481550329043,4.9283504039101305e-05
361,404,contact,0.0020989585107381234,-0.00015104148926187687,0.00015104148926187687,0.0002896755745291972,0.0002896755745291972,0.0,0.0002896755745291972,300.48579182279417,300.5094831256678,-6.862791771272119e-06
361,482,contact,0.0020700037382816493,-0.00017999626171835096,0.00017999626171835096,0.0003162244822540811,0.0003162244822540811,0.0,0.0003162244822540811,300.48579182279417,300.37389259770663,3.538527451794047e-05
361,487,contact,0.0021458075163909734,-0.00010419248360902687,0.00010419248360902687,0.00024059242115271636,0.00024059242115271636,0.0,0.00024059242115271636,300.48579182279417,300.49692837935396,-2.679371106024218e-06
362,487,contact,0.0021740234579231206,-7.597654207687965e-05,7.597654207687965e-05,0.00020544875283805183,0.00020544875283805183,0.0,0.00020544875283805183,300.5334138356977,300.49692837935396,7.495891502542823e-06
363,438,contact,0.0021070736082064146,-0.00014292639179358567,0.00014292639179358567,0.00028178635700905835,0.00028178635700905835,0.0,0.00028178635700905835,300.6995602202823,300.72102307162527,-6.047938690959736e-06
363,468,contact,0.00215247458660956,-9.752541339044015e-05,9.752541339044015e-05,0.00023276766359808486,0.00023276766359808486,0.0,0.00023276766359808486,300.6995602202823,300.8196533969583,-2.7953808148943055e-05
364,388,contact,0.0019049579243909823,-9.504207560901779e-05,9.504207560901779e-05,0.00021799320586777217,0.00021799320586777217,0.0,0.00021799320586777217,300.759165780948,300.6623846862012,2.109762111124806e-05
365,433,contact,0.002236499147574173,-1.3500852425827464e-05,1.3500852425827464e-05,8.660527449240113e-05,8.660527449240113e-05,0.0,8.660527449240113e-05,300.6240050093064,300.57840043558065,3.9495966256291e-06
366,410,contact,0.002092366276611243,-0.00015763372338875722,0.00015763372338875722,0.0002959295368352605,0.0002959295368352605,0.0,0.0002959295368352605,300.6988364877888,300.718109225417,-5.703372319852124e-06
366,465,contact,0.00212620254738348,-0.00012379745261652036,0.00012379745261652036,0.0002622524786627069,0.0002622524786627069,0.0,0.0002622524786627069,300.6988364877888,300.83013118417756,-3.4432359563217184e-05
366,489,contact,0.002092442205772958,-0.00015755779422704222,0.00015755779422704222,0.0002958582564403305,0.0002958582564403305,0.0,0.0002958582564403305,300.6988364877888,300.60252289549027,2.8495171488951766e-05
366,494,contact,0.002231348816321644,-1.8651183678356116e-05,1.8651183678356116e-05,0.00010179277336922225,0.00010179277336922225,0.0,0.00010179277336922225,300.6988364877888,300.62079298340916,7.94426475425763e-06
366,499,contact,0.0021239517296539486,-0.00012604827034605167,0.00012604827034605167,0.0002646258053533661,0.0002646258053533661,0.0,0.0002646258053533661,300.6988364877888,300.671544947736,7.222045765813542e-06
368,399,contact,0.001951786092873909,-4.8213907126091115e-05,4.8213907126091115e-05,0.00015526414126592643,0.00015526414126592643,0.0,0.00015526414126592643,300.9300280011644,300.9340070983692,-6.17811110519945e-07
368,413,contact,0.002187764918358461,-6.223508164153934e-05,6.223508164153934e-05,0.00018594366178068761,0.00018594366178068761,0.0,0.00018594366178068761,300.9300280011644,300.86190061176205,1.2667856253026315e-05
369,427,contact,0.002130451766785627,-0.0001195482332143733,0.0001195482332143733,0.00025771240777094196,0.00025771240777094196,0.0,0.00025771240777094196,300.5555958702514,300.42241379044685,3.4322674458373754e-05
369,428,contact,0.002227326936688909,-2.2673063311091143e-05,2.2673063311091143e-05,0.00011223255447480256,0.00011223255447480256,0.0,0.00011223255447480256,300.5555958702514,300.5891252491056,-3.7630878387616077e-06
369,498,contact,0.0021789320096322422,-7.106799036775803e-05,7.106799036775803e-05,0.00019870132579068688,0.00019870132579068688,0.0,0.00019870132579068688,300.5555958702514,300.50873190445725,9.311932135108876e-06
370,383,contact,0.001907752241697019,-9.224775830298112e-05,9.224775830298112e-05,0.00021476470648477267,0.00021476470648477267,0.0,0.00021476470648477267,300.0736169480284,300.1473380875664,-1.583269889460339e-05
370,426,contact,0.0021664927756399285,-8.350722436007178e-05,8.350722436007178e-05,0.00021539011681658493,0.00021539011681658493,0.0,0.00021539011681658493,300.0736169480284,300.2148709550494,-3.0424717073055623e-05
370,447,contact,0.0020833324800664916,-0.0001666675199335087,0.0001666675199335087,0.0003042910886465903,0.0003042910886465903,0.0,0.0003042910886465903,300.0736169480284,300.09301326452714,-5.902126263131789e-06
371,409,contact,0.0022144040082378823,-3.559599176211799e-05,3.559599176211799e-05,0.00014062557014623777,0.00014062557014623777,0.0,0.00014062557014623777,300.84802827402615,300.79140700229584,7.962398619479533e-06
371,421,contact,0.002221580783563812,-2.841921643618843e-05,2.841921643618843e-05,0.00012565211329563955,0.00012565211329563955,0.0,0.00012565211329563955,300.84802827402615,300.72633388534217,1.5291157114362698e-05
371,476,contact,0.002104665049123019,-0.00014533495087698132,0.00014533495087698132,0.00028415073354841217,0.00028415073354841217,0.0,0.00028415073354841217,300.84802827402615,300.83562140664554,3.525420467236788e-06
371,488,contact,0.002127465220068239,-0.0001225347799317612,0.0001225347799317612,0.00026091162821895717,0.00026091162821895717,0.0,0.00026091162821895717,300.84802827402615,300.7969079798731,1.333787918250836e-05
372,374,contact,0.0019741020894573818,-2.5897910542618287e-05,2.5897910542618287e-05,0.00011379347640049119,0.00011379347640049119,0.0,0.00011379347640049119,300.580732611187,300.61073956751704,-3.4145958769947226e-06
373,390,contact,0.0019154259758601996,-8.457402413980042e-05,8.457402413980042e-05,0.00020563806084939677,0.00020563806084939677,0.0,0.00020563806084939677,300.241732667058,300.2988575961276,-1.1747059640038062e-05
373,426,contact,0.0021849451171368126,-6.505488286318766e-05,6.505488286318766e-05,0.00019010944634778097,0.00019010944634778097,0.0,0.00019010944634778097,300.241732667058,300.2148709550494,5.106665197910489e-06
373,432,contact,0.0022427225224044105,-7.27747759558979e-06,7.27747759558979e-06,6.358492831372066e-05,6.358492831372066e-05,0.0,6.358492831372066e-05,300.241732667058,300.35143683180945,-6.975531451438372e-06
373,447,contact,0.002231292782962379,-1.8707217037621134e-05,1.8707217037621134e-05,0.00010194556564281725,0.00010194556564281725,0.0,0.00010194556564281725,300.241732667058,300.09301326452714,1.5161283613068724e-05
374,436,contact,0.002072919732020514,-0.0001770802679794863,0.0001770802679794863,0.00031365255722737246,0.00031365255722737246,0.0,0.00031365255722737246,300.61073956751704,300.58976528245466,6.578638145831288e-06
374,475,contact,0.0022172984667833966,-3.270153321660368e-05,3.270153321660368e-05,0.00013478693725160726,0.00013478693725160726,0.0,0.00013478693725160726,300.61073956751704,300.69084490649743,-1.0797153298668327e-05
374,494,contact,0.0021005628396217994,-0.00014943716037820083,0.00014943716037820083,0.00028813303291111214,0.00028813303291111214,0.0,0.00028813303291111214,300.61073956751704,300.62079298340916,-2.89672121211227e-06
375,438,contact,0.0021532830716141337,-9.671692838586661e-05,9.671692838586661e-05,0.00023180083451324545,0.00023180083451324545,0.0,0.00023180083451324545,300.752088823558,300.72102307162527,7.201067222784828e-06
375,468,contact,0.002136009217419251,-0.00011399078258074935,0.00011399078258074935,0.00025165097366165853,0.00025165097366165853,0.0,0.00025165097366165853,300.752088823558,300.8196533969583,-1.7002690681224694e-05
376,488,contact,0.0021426914029089683,-0.00010730859709103197,0.00010730859709103197,0.0002441636485490736,0.0002441636485490736,0.0,0.0002441636485490736,300.77318476512323,300.7969079798731,-5.792346668636644e-06
377,390,contact,0.0018960531373355546,-0.00010394686266444546,0.00010394686266444546,0.00022797682191885807,0.00022797682191885807,0.0,0.00022797682191885807,300.29163513723944,300.2988575961276,-1.6465532237667754e-06
378,475,contact,0.0022105064351410513,-3.949356485894893e-05,3.949356485894893e-05,0.0001481245062981907,0.0001481245062981907,0.0,0.0001481245062981907,300.7791489202337,300.69084490649743,1.3079988438832568e-05
379,390,contact,0.0018946115166724306,-0.00010538848332756947,0.00010538848332756947,0.00022955226346909485,0.00022955226346909485,0.0,0.00022955226346909485,300.233382365075,300.2988575961276,-1.5029987489293305e-05
379,443,contact,0.002108041947519071,-0.00014195805248092908,0.00014195805248092908,0.00028083017058647255,0.00028083017058647255,0.0,0.00028083017058647255,300.233382365075,300.35022910142186,-3.281408890076469e-05
379,451,contact,0.0020886543419292524,-0.00016134565807074787,0.00016134565807074787,0.0002993935148027943,0.0002993935148027943,0.0,0.0002993935148027943,300.233382365075,300.18438842522005,1.4668467857206643e-05
380,432,contact,0.0020907397284454145,-0.00015926027155458572,0.00015926027155458572,0.0002974523972696077,0.0002974523972696077,0.0,0.0002974523972696077,300.2118959265496,300.35143683180945,-4.1506776786721906e-05
380,447,contact,0.0021334870576827964,-0.00011651294231720391,0.00011651294231720391,0.0002544197563052968,0.0002544197563052968,0.0,0.0002544197563052968,300.2118959265496,300.09301326452714,3.0246097900671356e-05
381,411,contact,0.002160186712037642,-8.981328796235817e-05,8.981328796235817e-05,0.0002233747324345325,0.0002233747324345325,0.0,0.0002233747324345325,300.92687702828624,300.807012633121,2.677467719845875e-05
382,474,contact,0.0021620741992124134,-8.792580078758683e-05,8.792580078758683e-05,0.00022101508343145928,0.00022101508343145928,0.0,0.00022101508343145928,300.07626406175666,300.08892890604926,-2.799121617975689e-06
383,391,contact,0.0018339394328232147,-0.00016606056717678535,0.00016606056717678535,0.0002881497589594561,0.0002881497589594561,0.0,0.0002881497589594561,300.1473380875664,300.1854245810049,-1.0974613903906145e-05
383,426,contact,0.002144682784003266,-0.00010531721599673412,0.00010531721599673412,0.00024188750369258448,0.00024188750369258448,0.0,0.00024188750369258448,300.1473380875664,300.2148709550494,-1.63353567326536e-05
384,494,contact,0.0021898852796664947,-6.011472033350552e-05,6.011472033350552e-05,0.00018274864391274565,0.00018274864391274565,0.0,0.00018274864391274565,300.45830087798095,300.62079298340916,-2.969521191353301e-05
385,455,contact,0.0020925454630553483,-0.00015745453694465195,0.00015745453694465195,0.00029576129352406623,0.00029576129352406623,0.0,0.00029576129352406623,300.2785565649615,300.18531427857556,2.7577459232644127e-05
386,405,contact,0.0021585950417544898,-9.140495824551051e-05,9.140495824551051e-05,0.00022534536240760968,0.00022534536240760968,0.0,0.00022534536240760968,300.59593376928063,300.5416124098718,1.2241066422460338e-05
386,431,contact,0.0021897259896592083,-6.027401034079194e-05,6.027401034079194e-05,0.00018299060440481627,0.00018299060440481627,0.0,0.00018299060440481627,300.59593376928063,300.63765202547074,-7.634048914942941e-06
386,467,contact,0.002166967971798384,-8.30320282016162e-05,8.30320282016162e-05,0.0002147764059585071,0.0002147764059585071,0.0,0.0002147764059585071,300.59593376928063,300.68461128284844,-1.90458376534293e-05
387,402,contact,0.00215711166855126,-9.288833144874015e-05,9.288833144874015e-05,0.00022716652170298645,0.00022716652170298645,0.0,0.00022716652170298645,300.35836981499506,300.2437497091268,2.6037850767319554e-05
387,445,contact,0.0021549378105179735,-9.506218948202678e-05,9.506218948202678e-05,0.00022980932855307435,0.00022980932855307435,0.0,0.00022980932855307435,300.35836981499506,300.42831724448774,-1.6074571805727644e-05
388,477,contact,0.002113177268948348,-0.00013682273105165236,0.00013682273105165236,0.00027570387803226324,0.00027570387803226324,0.0,0.00027570387803226324,300.6623846862012,300.62220470390537,1.1077776938234554e-05
389,402,contact,0.0021575191671918,-9.248083280820026e-05,9.248083280820026e-05,0.0002266676872626536,0.0002266676872626536,0.0,0.0002266676872626536,300.1682589066301,300.2437497091268,-1.7111325611526036e-05
391,486,contact,0.002092602388839666,-0.00015739761116033424,0.00015739761116033424,0.0002957078242307714,0.0002957078242307714,0.0,0.0002957078242307714,300.1854245810049,300.2847257087128,-2.9364120418170297e-05
393,472,contact,0.0022252180213731872,-2.4781978626813028e-05,2.4781978626813028e-05,0.00011733612360984582,0.00011733612360984582,0.0,0.00011733612360984582,300.7820486794801,300.8251048871559,-5.0520485060142865e-06
394,406,contact,0.0021652994330807933,-8.470056691920694e-05,8.470056691920694e-05,0.00021692365133998303,0.00021692365133998303,0.0,0.00021692365133998303,300.6719838992641,300.68937147421946,-3.7717762472653034e-06
394,408,contact,0.0021979723006683434,-5.202769933165688e-05,5.202769933165688e-05,0.000170012580141812,0.000170012580141812,0.0,0.000170012580141812,300.6719838992641,300.65932291736584,2.152526199650286e-06
394,423,contact,0.0022157980111914537,-3.4201988808546524e-05,3.4201988808546524e-05,0.00013784449533309974,0.00013784449533309974,0.0,0.00013784449533309974,300.6719838992641,300.8358828127949,-2.2592563021300517e-05
394,431,contact,0.0021901608032059254,-5.983919679407486e-05,5.983919679407486e-05,0.00018232936740670845,0.00018232936740670845,0.0,0.00018232936740670845,300.6719838992641,300.63765202547074,6.259708830628216e-06
395,402,contact,0.002143772903224593,-0.0001062270967754071,0.0001062270967754071,0.0002429301417364981,0.0002429301417364981,0.0,0.0002429301417364981,300.18811145380107,300.2437497091268,-1.351620925225159e-05
395,458,contact,0.002181497597087835,-6.850240291216524e-05,6.850240291216524e-05,0.00019508175339266986,0.00019508175339266986,0.0,0.00019508175339266986,300.18811145380107,300.21568514636914,-5.379124293689324e-06
396,442,contact,0.002193642207038331,-5.635779296166935e-05,5.635779296166935e-05,0.0001769459945257456,0.0001769459945257456,0.0,0.0001769459945257456,300.39343367578726,300.359181789966,6.060734001028149e-06
397,446,contact,0.002230761334365468,-1.9238665634532283e-05,1.9238665634532283e-05,0.00010338349759386242,0.00010338349759386242,0.0,0.00010338349759386242,300.1989622946635,300.3015913563765,-1.0610151354666605e-05
397,481,contact,0.0022439879783323247,-6.012021667675584e-06,6.012021667675584e-06,5.7792837251665945e-05,5.7792837251665945e-05,0.0,5.7792837251665945e-05,300.1989622946635,300.08481550329043,6.596866936623087e-06
398,423,contact,0.0021017723819935622,-0.00014822761800643803,0.00014822761800643803,0.0002869645913178895,0.0002869645913178895,0.0,0.0002869645913178895,300.76332457637847,300.8358828127949,-2.0821644659994877e-05
398,431,contact,0.002145316155723673,-0.00010468384427632718,0.00010468384427632718,0.0002411590580190307,0.0002411590580190307,0.0,0.0002411590580190307,300.76332457637847,300.63765202547074,3.0307073995755107e-05
398,467,contact,0.0021772150688666478,-7.27849311333525e-05,7.27849311333525e-05,0.0002010872269734269,0.0002010872269734269,0.0,0.0002010872269734269,300.76332457637847,300.68461128284844,1.5828237921898957e-05
398,480,contact,0.0021844524491850237,-6.554755081497653e-05,6.554755081497653e-05,0.00019082794870856914,0.00019082794870856914,0.0,0.00019082794870856914,300.76332457637847,300.7295044518698,6.4538249850596805e-06
400,415,contact,0.0021420173574693557,-0.00010798264253064453,0.00010798264253064453,0.0002449292897173982,0.0002449292897173982,0.0,0.0002449292897173982,300.2194586259585,300.1281101185898,2.2373925026561928e-05
401,473,contact,0.0024100745256111895,-8.99254743888106e-05,8.99254743888106e-05,0.0002370726080613419,0.0002370726080613419,0.0,0.0002370726080613419,300.9176588272055,300.77329896439176,3.422376917663511e-05
402,441,contact,0.002409575975332589,-9.042402466741088e-05,9.042402466741088e-05,0.0002377288695491816,0.0002377288695491816,0.0,0.0002377288695491816,300.2437497091268,300.2975623368967,-1.2792815167209391e-05
403,437,contact,0.002334641145979398,-0.00016535885402060206,0.00016535885402060206,0.00032147983414652356,0.00032147983414652356,0.0,0.00032147983414652356,300.56855349956595,300.6805403617374,-3.6001517877476095e-05
403,483,contact,0.0022989427128573695,-0.00020105728714263056,0.00020105728714263056,0.00035448667741417884,0.00035448667741417884,0.0,0.00035448667741417884,300.56855349956595,300.46746181267076,3.5835656201669715e-05
403,490,contact,0.002324373956180531,-0.00017562604381946923,0.00017562604381946923,0.0003313099415761143,0.0003313099415761143,0.0,0.0003313099415761143,300.56855349956595,300.65961371485474,-3.0169154607238008e-05
404,414,contact,0.0024236465997335504,-7.635340026644968e-05,7.635340026644968e-05,0.00021845108186166316,0.00021845108186166316,0.0,0.00021845108186166316,300.5094831256678,300.38282865780144,2.766780552802564e-05
405,469,contact,0.0024409840859989235,-5.901591400107658e-05,5.901591400107658e-05,0.00019205453978147162,0.00019205453978147162,0.0,0.00019205453978147162,300.5416124098718,300.5687132526918,-5.204839895486022e-06
406,410,contact,0.0023195128254155212,-0.00018048717458447883,0.00018048717458447883,0.0003358637880380963,0.0003358637880380963,0.0,0.0003358637880380963,300.68937147421946,300.718109225417,-9.651969976897113e-06
406,431,contact,0.0023599865083426433,-0.00014001349165735678,0.00014001349165735678,0.00029581824197612966,0.00029581824197612966,0.0,0.00029581824197612966,300.68937147421946,300.63765202547074,1.5299556404818863e-05
406,485,contact,0.002391265214089109,-0.00010873478591089114,0.00010873478591089114,0.0002606899330513301,0.0002606899330513301,0.0,0.0002606899330513301,300.68937147421946,300.6735284972698,4.130104600343402e-06
407,497,contact,0.0024595759512033907,-4.042404879660939e-05,4.042404879660939e-05,0.00015894977350685614,0.00015894977350685614,0.0,0.00015894977350685614,300.74839673513566,300.8018341930291,-8.493871828944063e-06
408,423,contact,0.002461383051262443,-3.8616948737557263e-05,3.8616948737557263e-05,0.00015535634187561603,0.00015535634187561603,0.0,0.00015535634187561603,300.65932291736584,300.8358828127949,-2.7429699475803086e-05
408,467,contact,0.0024056484384841026,-9.435156151589748e-05,9.435156151589748e-05,0.00024283682988261054,0.00024283682988261054,0.0,0.00024283682988261054,300.65932291736584,300.68461128284844,-6.140946506706215e-06
408,473,contact,0.00241159981243178,-8.840018756822027e-05,8.840018756822027e-05,0.00023505343484011816,0.00023505343484011816,0.0,0.00023505343484011816,300.65932291736584,300.77329896439176,-2.6790461342940107e-05
409,421,contact,0.0024283932027989205,-7.160679720107956e-05,7.160679720107956e-05,0.00021155199892857246,0.00021155199892857246,0.0,0.00021155199892857246,300.79140700229584,300.72633388534217,1.3766347968061624e-05
409,468,contact,0.002395227602504613,-0.00010477239749538724,0.00010477239749538724,0.0002558959718999442,0.0002558959718999442,0.0,0.0002558959718999442,300.79140700229584,300.8196533969583,-7.228138614819665e-06
410,460,contact,0.0023282706947432043,-0.00017172930525679577,0.00017172930525679577,0.0003276138211148873,0.0003276138211148873,0.0,0.0003276138211148873,300.718109225417,300.8166933707061,-3.2297528539515003e-05
410,489,contact,0.0023908295662802897,-0.00010917043371971033,0.00010917043371971033,0.00026121164038920425,0.00026121164038920425,0.0,0.00026121164038920425,300.718109225417,300.60252289549027,3.019249484672471e-05
411,467,contact,0.0023973309887664654,-0.00010266901123353461,0.00010266901123353461,0.0002533142949400194,0.0002533142949400194,0.0,0.0002533142949400194,300.807012633121,300.68461128284844,3.1006011744005576e-05
411,468,contact,0.0023504334216692896,-0.00014956657833071043,0.00014956657833071043,0.0003057435386998293,0.0003057435386998293,0.0,0.0003057435386998293,300.807012633121,300.8196533969583,-3.864831867479591e-06
412,453,contact,0.002443058024280225,-5.6941975719774964e-05,5.6941975719774964e-05,0.00018864976762471603,0.00018864976762471603,0.0,0.00018864976762471603,300.1468719678003,300.1528613952463,-1.1299040958976786e-06
413,462,contact,0.002437476428870647,-6.25235711293531e-05,6.25235711293531e-05,0.00019767961947516412,0.00019767961947516412,0.0,0.00019767961947516412,300.86190061176205,300.78835762805767,1.4537949033751077e-05
413,465,contact,0.002362144905245044,-0.00013785509475495615,0.00013785509475495615,0.00029352927319408465,0.00029352927319408465,0.0,0.00029352927319408465,300.86190061176205,300.83013118417756,9.325256988668294e-06
413,495,contact,0.0024384747875328414,-6.152521246715866e-05,6.152521246715866e-05,0.00019609502235389394,0.00019609502235389394,0.0,0.00019609502235389394,300.86190061176205,300.9084663095193,-9.131301542637212e-06
414,464,contact,0.002352294071943386,-0.0001477059280566139,0.0001477059280566139,0.000303835819210612,0.000303835819210612,0.0,0.000303835819210612,300.38282865780144,300.2785361081707,3.168781225461123e-05
416,474,contact,0.0024851735651459025,-1.4826434854097511e-05,1.4826434854097511e-05,9.626277465256725e-05,9.626277465256725e-05,0.0,9.626277465256725e-05,300.0861823653622,300.08892890604926,-2.6438962723082577e-07
416,479,contact,0.002327451601838371,-0.0001725483981616289,0.0001725483981616289,0.00032839419734675284,0.00032839419734675284,0.0,0.00032839419734675284,300.0861823653622,300.0924776152135,-2.0673235220120957e-06
418,476,contact,0.0023410929279505327,-0.00015890707204946732,0.00015890707204946732,0.00031514587103580633,0.00031514587103580633,0.0,0.00031514587103580633,300.91545041467225,300.83562140664554,2.5157782268500814e-05
419,443,contact,0.0024072886180929788,-9.27113819070213e-05,9.27113819070213e-05,0.0002407168745474407,0.0002407168745474407,0.0,0.0002407168745474407,300.3553242790149,300.35022910142186,1.2264952254593807e-06
419,483,contact,0.0024648784941250146,-3.51215058749855e-05,3.51215058749855e-05,0.0001481585001674421,0.0001481585001674421,0.0,0.0001481585001674421,300.3553242790149,300.46746181267076,-1.661412879892954e-05
420,422,contact,0.0023068932806699152,-0.00019310671933008483,0.00019310671933008483,0.00034740710928434236,0.00034740710928434236,0.0,0.00034740710928434236,300.08894509327524,300.2317369985222,-4.96069230310473e-05
420,450,contact,0.002363959474779548,-0.00013604052522045223,0.00013604052522045223,0.0002915910291191803,0.0002915910291191803,0.0,0.0002915910291191803,300.08894509327524,300.0923199749641,-9.84085224804894e-07
421,433,contact,0.0023734962262872885,-0.00012650377371271155,0.00012650377371271155,0.000281184740998591,0.000281184740998591,0.0,0.000281184740998591,300.72633388534217,300.57840043558065,4.159662875622224e-05
421,438,contact,0.0024043102938680777,-9.56897061319224e-05,9.56897061319224e-05,0.00024455278843728506,0.00024455278843728506,0.0,0.00024455278843728506,300.72633388534217,300.72102307162527,1.298774303339694e-06
421,476,contact,0.0024580667764932673,-4.193322350673273e-05,4.193322350673273e-05,0.00016188966826733556,0.00016188966826733556,0.0,0.00016188966826733556,300.72633388534217,300.83562140664554,-1.7692520569562286e-05
421,488,contact,0.0023957989815717013,-0.00010420101842829876,0.00010420101842829876,0.00025519725021576296,0.00025519725021576296,0.0,0.00025519725021576296,300.72633388534217,300.7969079798731,-1.8010314860755976e-05
422,482,contact,0.002310216741563439,-0.000189783258436561,0.000189783258436561,0.0003444046116457366,0.0003444046116457366,0.0,0.0003444046116457366,300.2317369985222,300.37389259770663,-4.8959043930382095e-05
424,427,contact,0.0024771018521651464,-2.2898147834853663e-05,2.2898147834853663e-05,0.00011963002297409935,0.00011963002297409935,0.0,0.00011963002297409935,300.49168021173875,300.42241379044685,8.286343570483625e-06
424,434,contact,0.0023929879323765927,-0.00010701206762340739,0.00010701206762340739,0.00025861659317342653,0.00025861659317342653,0.0,0.00025861659317342653,300.49168021173875,300.5156351514539,-6.195144898811486e-06
424,445,contact,0.002385206135536298,-0.0001147938644637022,0.0001147938644637022,0.0002678547466255057,0.0002678547466255057,0.0,0.0002678547466255057,300.49168021173875,300.42831724448774,1.6972071538459407e-05
424,477,contact,0.0024612752573615173,-3.872474263848279e-05,3.872474263848279e-05,0.0001555730187052104,0.0001555730187052104,0.0,0.0001555730187052104,300.49168021173875,300.62220470390537,-2.0306089261324794e-05
424,491,contact,0.0024839218463148147,-1.6078153685185337e-05,1.6078153685185337e-05,0.0001002439327502709,0.0001002439327502709,0.0,0.0001002439327502709,300.49168021173875,300.57600320746354,-8.452868712737224e-06
425,435,contact,0.002375778592251392,-0.0001242214077486082,0.0001242214077486082,0.0002786366448313648,0.0002786366448313648,0.0,0.0002786366448313648,300.3768764679828,300.4697842188363,-2.588750397664727e-05
427,448,contact,0.002496872837330727,-3.127162669272921e-06,3.127162669272921e-06,4.4209463560368785e-05,4.4209463560368785e-05,0.0,4.4209463560368785e-05,300.42241379044685,300.35135272497206,3.141571584668879e-06
427,466,contact,0.002385106564600416,-0.00011489343539958403,0.00011489343539958403,0.0002679708885769871,0.0002679708885769871,0.0,0.0002679708885769871,300.42241379044685,300.3945892030783,7.456179401443853e-06
427,471,contact,0.0024915350763936683,-8.464923606331734e-06,8.464923606331734e-06,7.273635441756298e-05,7.273635441756298e-05,0.0,7.273635441756298e-05,300.42241379044685,300.28594897313775,9.925953317322978e-06
429,446,contact,0.002321735489693001,-0.00017826451030699894,0.00017826451030699894,0.0003337893331756938,0.0003337893331756938,0.0,0.0003337893331756938,300.1981585281253,300.3015913563765,-3.452477477043961e-05
430,445,contact,0.0023983959614083737,-0.00010160403859162635,0.00010160403859162635,0.0002519970716491889,0.0002519970716491889,0.0,0.0002519970716491889,300.3443102264148,300.42831724448774,-2.1169522552364552e-05
430,470,contact,0.0024308250489082925,-6.917495109170753e-05,6.917495109170753e-05,0.00020792870035739945,0.00020792870035739945,0.0,0.00020792870035739945,300.3443102264148,300.24954486385127,1.9704438676730717e-05
431,452,contact,0.0023314657206892405,-0.00016853427931075955,0.00016853427931075955,0.00032455188270787263,0.00032455188270787263,0.0,0.00032455188270787263,300.63765202547074,300.55940878677296,2.5393990428526064e-05
431,467,contact,0.002498058399619393,-1.9416003806068706e-06,1.9416003806068706e-06,3.483533031104046e-05,3.483533031104046e-05,0.0,3.483533031104046e-05,300.63765202547074,300.68461128284844,-1.6358412419131196e-06
432,435,contact,0.002481831488296496,-1.8168511703504052e-05,1.8168511703504052e-05,0.00010656134296587122,0.00010656134296587122,0.0,0.00010656134296587122,300.35143683180945,300.4697842188363,-1.2611256498083771e-05
432,456,contact,0.0024752607697170006,-2.473923028299945e-05,2.473923028299945e-05,0.00012434636676185863,0.00012434636676185863,0.0,0.00012434636676185863,300.35143683180945,300.42054945369165,-8.593903428437424e-06
433,435,contact,0.002319829182245968,-0.00018017081775403192,0.00018017081775403192,0.00033556930893076316,0.00033556930893076316,0.0,0.00033556930893076316,300.57840043558065,300.4697842188363,3.6448268791571365e-05
433,440,contact,0.002473348664098937,-2.6651335901062972e-05,2.6651335901062972e-05,0.0001290623296634783,0.0001290623296634783,0.0,0.0001290623296634783,300.57840043558065,300.52119607069596,7.382928598936853e-06
434,477,contact,0.002390185486107721,-0.00010981451389227917,0.00010981451389227917,0.00026198105119010895,0.00026198105119010895,0.0,0.00026198105119010895,300.5156351514539,300.62220470390537,-2.7919203376089466e-05
434,483,contact,0.002323846113257072,-0.00017615388674292786,0.00017615388674292786,0.00033180744297608804,0.00033180744297608804,0.0,0.00033180744297608804,300.5156351514539,300.46746181267076,1.598427236126054e-05
434,491,contact,0.002420526383847117,-7.94736161528831e-05,7.94736161528831e-05,0.00022286993986527645,0.00022286993986527645,0.0,0.00022286993986527645,300.5156351514539,300.57600320746354,-1.345422501264815e-05
435,440,contact,0.0023875920345402387,-0.00011240796545976131,0.00011240796545976131,0.0002650565570068977,0.0002650565570068977,0.0,0.0002650565570068977,300.4697842188363,300.52119607069596,-1.3627048443268743e-05
435,456,contact,0.0023891572104405355,-0.00011084278955946457,0.00011084278955946457,0.000263204755797963,0.000263204755797963,0.0,0.000263204755797963,300.4697842188363,300.42054945369165,1.2958824336670491e-05
436,475,contact,0.0024034402128199485,-9.655978718005158e-05,9.655978718005158e-05,0.0002456620992085109,0.0002456620992085109,0.0,0.0002456620992085109,300.58976528245466,300.69084490649743,-2.4831432629553465e-05
439,480,contact,0.002355859017794783,-0.00014414098220521697,0.00014414098220521697,0.00030014682053665104,0.00030014682053665104,0.0,0.00030014682053665104,300.918809438035,300.7295044518698,5.681928970922299e-05
439,492,contact,0.0024110647185902655,-8.893528140973455e-05,8.893528140973455e-05,0.00023576376074597235,0.00023576376074597235,0.0,0.00023576376074597235,300.918809438035,300.93242951084704,-3.2111195878018633e-06
440,461,contact,0.0024623554652405495,-3.764453475945057e-05,3.764453475945057e-05,0.00015338785553183995,0.00015338785553183995,0.0,0.00015338785553183995,300.52119607069596,300.59143378862404,-1.077361293043849e-05
441,486,contact,0.0024563324795279654,-4.3667520472034666e-05,4.3667520472034666e-05,0.00016520351175148084,0.00016520351175148084,0.0,0.00016520351175148084,300.2975623368967,300.2847257087128,2.120656055026786e-06
443,470,contact,0.0024702119799928104,-2.978802000718969e-05,2.978802000718969e-05,0.0001364460058209604,0.0001364460058209604,0.0,0.0001364460058209604,300.35022910142186,300.24954486385127,1.3737962065635693e-05
443,483,contact,0.0024129145495023234,-8.708545049767669e-05,8.708545049767669e-05,0.00023329896390907512,0.00023329896390907512,0.0,0.00023329896390907512,300.35022910142186,300.46746181267076,-2.735027007062082e-05
444,446,contact,0.002437297555736682,-6.270244426331796e-05,6.270244426331796e-05,0.00019796218746157996,0.00019796218746157996,0.0,0.00019796218746157996,300.35575783735044,300.3015913563765,1.0722915060698655e-05
444,482,contact,0.0024649634912103664,-3.5036508789633696e-05,3.5036508789633696e-05,0.00014797911336915444,0.00014797911336915444,0.0,0.00014797911336915444,300.35575783735044,300.37389259770663,-2.683565758671136e-06
446,448,contact,0.0023936154872702506,-0.00010638451272974945,0.00010638451272974945,0.0002578571706509117,0.0002578571706509117,0.0,0.0002578571706509117,300.3015913563765,300.35135272497206,-1.2831325713770414e-05
446,466,contact,0.002410149140986922,-8.985085901307794e-05,8.985085901307794e-05,0.00023697423252998145,0.00023697423252998145,0.0,0.00023697423252998145,300.3015913563765,300.3945892030783,-2.2038093349097974e-05
446,471,contact,0.00236514338085453,-0.00013485661914547017,0.00013485661914547017,0.0002903194567470786,0.0002903194567470786,0.0,0.0002903194567470786,300.3015913563765,300.28594897313775,4.541288204101124e-06
447,451,contact,0.0023095735987406847,-0.00019042640125931532,0.00019042640125931532,0.00034498768208020427,0.00034498768208020427,0.0,0.00034498768208020427,300.09301326452714,300.18438842522005,-3.152330488715163e-05
447,454,contact,0.00245131495726457,-4.868504273542991e-05,4.868504273542991e-05,0.000174436669624376,0.000174436669624376,0.0,0.000174436669624376,300.09301326452714,300.0692798655541,4.139975075722976e-06
449,478,contact,0.0024693689024728564,-3.063109752714363e-05,3.063109752714363e-05,0.00013836341985678428,0.00013836341985678428,0.0,0.00013836341985678428,300.85234003173423,300.80163946270807,7.015104119144747e-06
451,454,contact,0.0024991961003548724,-8.038996451276668e-07,8.038996451276668e-07,2.241511271898475e-05,2.241511271898475e-05,0.0,2.241511271898475e-05,300.18438842522005,300.0692798655541,2.5801713398320568e-06
451,455,contact,0.0024795584937123945,-2.0441506287605538e-05,2.0441506287605538e-05,0.0001130307101178855,0.0001130307101178855,0.0,0.0001130307101178855,300.18438842522005,300.18531427857556,-1.0464986223845894e-07
452,457,contact,0.002325922313771464,-0.00017407768622853615,0.00017407768622853615,0.00032984625796397187,0.00032984625796397187,0.0,0.00032984625796397187,300.55940878677296,300.57779232908877,-6.063742640989939e-06
452,484,contact,0.0024170821887763774,-8.291781122362262e-05,8.291781122362262e-05,0.0002276480441707421,0.0002276480441707421,0.0,0.0002276480441707421,300.55940878677296,300.5675842031852,-1.8611175565317288e-06
457,461,contact,0.0024003135986783056,-9.96864013216945e-05,9.96864013216945e-05,0.00024960769384387786,0.00024960769384387786,0.0,0.00024960769384387786,300.57779232908877,300.59143378862404,-3.4050132552655575e-06
457,467,contact,0.00245877413594661,-4.122586405339024e-05,4.122586405339024e-05,0.00016051842583756203,0.00016051842583756203,0.0,0.00016051842583756203,300.57779232908877,300.68461128284844,-1.7146410307117697e-05
457,484,contact,0.0024832410817719657,-1.675891822803437e-05,1.675891822803437e-05,0.0001023441443978183,0.0001023441443978183,0.0,0.0001023441443978183,300.57779232908877,300.5675842031852,1.0447419115036013e-06
459,462,contact,0.0024511171212541743,-4.8882878745825763e-05,4.8882878745825763e-05,0.0001747907297774716,0.0001747907297774716,0.0,0.0001747907297774716,300.82310815454116,300.78835762805767,6.074069884200955e-06
459,475,contact,0.002498623260157681,-1.3767398423189005e-06,1.3767398423189005e-06,2.933363941704665e-05,2.933363941704665e-05,0.0,2.933363941704665e-05,300.82310815454116,300.69084490649743,3.879762426242112e-06
459,478,contact,0.0024526558586766716,-4.734414132332842e-05,4.734414132332842e-05,0.00017201769771474173,0.00017201769771474173,0.0,0.00017201769771474173,300.82310815454116,300.80163946270807,3.692994942075873e-06
460,465,contact,0.0024837268272899908,-1.6273172710009297e-05,1.6273172710009297e-05,0.00010085005177864715,0.00010085005177864715,0.0,0.00010085005177864715,300.8166933707061,300.83013118417756,-1.355204184388062e-06
460,497,contact,0.0024716810819561644,-2.8318918043835663e-05,2.8318918043835663e-05,0.00013303880553206004,0.00013303880553206004,0.0,0.00013303880553206004,300.8166933707061,300.8018341930291,1.976847249338113e-06
460,499,contact,0.002461976263248694,-3.8023736751306107e-05,3.8023736751306107e-05,0.00015415847517916853,0.00015415847517916853,0.0,0.00015415847517916853,300.8166933707061,300.671544947736,2.237585955973526e-05
461,484,contact,0.002472474703813974,-2.7525296186026258e-05,2.7525296186026258e-05,0.00013116138957889402,0.00013116138957889402,0.0,0.00013116138957889402,300.59143378862404,300.5675842031852,3.1281447670368125e-06
462,465,contact,0.002457011063508116,-4.298893649188392e-05,4.298893649188392e-05,0.000163914872136202,0.000163914872136202,0.0,0.000163914872136202,300.78835762805767,300.83013118417756,-6.847307110066624e-06
462,495,contact,0.002379849657028675,-0.00012015034297132524,0.00012015034297132524,0.00027403277971271665,0.00027403277971271665,0.0,0.00027403277971271665,300.78835762805767,300.9084663095193,-3.291371584856759e-05
462,500,contact,0.0023639989100039784,-0.00013600108999602166,0.00013600108999602166,0.00029154876306977114,0.00029154876306977114,0.0,0.00029154876306977114,300.78835762805767,300.65540979541805,3.8760776158886885e-05
465,495,contact,0.002440149091678826,-5.98509083211741e-05,5.98509083211741e-05,0.00019340842200052667,0.00019340842200052667,0.0,0.00019340842200052667,300.83013118417756,300.9084663095193,-1.5150672979564497e-05
466,498,contact,0.0024280157275643824,-7.198427243561767e-05,7.198427243561767e-05,0.0002121088642001108,0.0002121088642001108,0.0,0.0002121088642001108,300.3945892030783,300.50873190445725,-2.4210678746225037e-05
470,474,contact,0.0024087496834665073,-9.125031653349274e-05,9.125031653349274e-05,0.00023881257888443182,0.00023881257888443182,0.0,0.00023881257888443182,300.24954486385127,300.08892890604926,3.835711109269068e-05
472,490,contact,0.002299696424318871,-0.00020030357568112927,0.00020030357568112927,0.00035382161437750773,0.00035382161437750773,0.0,0.00035382161437750773,300.8251048871559,300.65961371485474,5.855435374881245e-05
474,479,contact,0.0023343732682670954,-0.00016562673173290462,0.00016562673173290462,0.0003217401239091348,0.0003217401239091348,0.0,0.0003217401239091348,300.08892890604926,300.0924776152135,-1.141762126223094e-06
475,478,contact,0.0023428642259635964,-0.00015713577403640364,0.00015713577403640364,0.00031338452222908565,0.00031338452222908565,0.0,0.00031338452222908565,300.69084490649743,300.80163946270807,-3.4721299063653475e-05
477,491,contact,0.002453429610504447,-4.6570389495553116e-05,4.6570389495553116e-05,0.00017060625262492785,0.00017060625262492785,0.0,0.00017060625262492785,300.62220470390537,300.57600320746354,7.882264173603611e-06
477,499,contact,0.0023257193750321637,-0.00017428062496783634,0.00017428062496783634,0.00033003846837133656,0.00033003846837133656,0.0,0.00033003846837133656,300.62220470390537,300.671544947736,-1.628417850292394e-05
482,487,contact,0.0024274763901014572,-7.252360989854281e-05,7.252360989854281e-05,0.00021290198727721933,0.00021290198727721933,0.0,0.00021290198727721933,300.37389259770663,300.49692837935396,-2.6194562418922913e-05
487,498,contact,0.002391914446505142,-0.00010808555349485797,0.00010808555349485797,0.00025991050562508284,0.00025991050562508284,0.0,0.00025991050562508284,300.49692837935396,300.50873190445725,-3.067860177754281e-06
494,499,contact,0.0023653405007736206,-0.0001346594992263795,0.0001346594992263795,0.00029010719918072905,0.00029010719918072905,0.0,0.00029010719918072905,300.62079298340916,300.671544947736,-1.472351022377433e-05
207,483,fluid_gap,0.0022541477292627315,4.147729262731501e-06,0.0,0.0,0.0,0.0017630515606321413,0.0017630515606321413,300.49569456384035,300.46746181267076,4.977579601047146e-05
225,388,fluid_gap,0.0020459580502297696,4.5958050229769586e-05,0.0,0.0,0.0,0.0001739454866495964,0.0001739454866495964,300.55046905608367,300.6623846862012,-1.94672187444936e-05
44,196,fluid_gap,0.0018665496769665684,0.00011654967696656839,0.0,0.0,0.0,5.9560041411183956e-05,5.9560041411183956e-05,300.2131867396185,300.1717912904637,2.4655146658930778e-06
123,260,fluid_gap,0.0020559467026053956,5.59467026053956e-05,0.0,0.0,0.0,0.00014343483512879542,0.00014343483512879542,300.3672594238044,300.37199110967134,-6.786885822062608e-07
309,387,fluid_gap,0.0020970075920463426,9.700759204634259e-05,0.0,0.0,0.0,8.334192003688022e-05,8.334192003688022e-05,300.4086239434662,300.35836981499506,4.188275556563539e-06
27,143,fluid_gap,0.0017827959524578244,3.2795952457824375e-05,0.0,0.0,0.0,0.0002071627848552968,0.0002071627848552968,300.21971392043923,300.17126478013023,1.0036858830258131e-05
39,154,fluid_gap,0.001774672971620405,2.4672971620404898e-05,0.0,0.0,0.0,0.0002727095145633823,0.0002727095145633823,300.8165729282408,300.8724330625807,-1.5233590119270278e-05
140,285,fluid_gap,0.0020500381191577892,5.0038119157789183e-05,0.0,0.0,0.0,0.00016004000606058543,0.00016004000606058543,300.2264034877425,300.0971298488581,2.068895395053317e-05
353,429,fluid_gap,0.002345718401044764,9.571840104476387e-05,0.0,0.0,0.0,9.383645730629926e-05,9.383645730629926e-05,300.0941601835353,300.1981585281253,-9.758836222047658e-06
268,327,fluid_gap,0.002144408696960539,0.00014440869696053914,0.0,0.0,0.0,5.617367509695877e-05,5.617367509695877e-05,300.50241601427535,300.47575601667825,1.4975900431056225e-06
424,430,fluid_gap,0.0025756840478793194,7.568404787931934e-05,0.0,0.0,0.0,0.00013314602458434354,0.00013314602458434354,300.49168021173875,300.3443102264148,1.9621727688938628e-05
170,434,fluid_gap,0.0023763977629155195,0.00012639776291551949,0.0,0.0,0.0,7.123917957954126e-05,7.123917957954126e-05,300.38870505248826,300.5156351514539,-9.042396114263493e-06
215,356,fluid_gap,0.002044014880911829,4.401488091182893e-05,0.0,0.0,0.0,0.00018145423766270706,0.00018145423766270706,300.92553952319884,300.8754599096039,9.087158107316396e-06
61,298,fluid_gap,0.0017785656819471131,2.8565681947113073e-05,0.0,0.0,0.0,0.00023680372536388409,0.00023680372536388409,300.50196356365194,300.4340517772404,1.608176401836296e-05
230,434,fluid_gap,0.0024191021371248326,0.0001691021371248325,0.0,0.0,0.0,5.335448609743298e-05,5.335448609743298e-05,300.53902079827424,300.5156351514539,1.247729168154014e-06
386,452,fluid_gap,0.002256976598128566,6.976598128566108e-06,0.0,0.0,0.0,0.0011377923225025235,0.0011377923225025235,300.59593376928063,300.55940878677296,4.155784467676779e-05
82,455,fluid_gap,0.0021383137158985824,0.00013831371589858232,0.0,0.0,0.0,5.496682106089057e-05,5.496682106089057e-05,300.3207010486766,300.18531427857556,7.441780366155567e-06
107,255,fluid_gap,0.002127514082797103,0.00012751408279710295,0.0,0.0,0.0,6.355833323130245e-05,6.355833323130245e-05,300.3035156961206,300.2365308172075,4.257447255417495e-06
185,440,fluid_gap,0.0024471555198229637,0.0001971555198229636,0.0,0.0,0.0,4.58009553227634e-05,4.58009553227634e-05,300.58335925492264,300.52119607069596,2.8471332234867235e-06
174,286,fluid_gap,0.002155323244318587,0.0001553232443185868,0.0,0.0,0.0,5.225160810177909e-05,5.225160810177909e-05,300.85819530003744,300.7479912549453,5.7583385753848836e-06
79,134,fluid_gap,0.0018908901711259935,0.00014089017112599344,0.0,0.0,0.0,4.934283729761124e-05,4.934283729761124e-05,300.2547257254095,300.2041231879835,2.4968727710581994e-06
177,297,fluid_gap,0.0020689828065017842,6.898280650178418e-05,0.0,0.0,0.0,0.00011671639517808164,0.00011671639517808164,300.1676733863956,300.24319042666883,-8.814076715207309e-06
122,132,fluid_gap,0.0021361279437571135,0.00013612794375711347,0.0,0.0,0.0,5.9565838118313815e-05,5.9565838118313815e-05,300.1203130513706,300.2073562117352,-5.184798799584261e-06
277,420,fluid_gap,0.002323950873598665,7.395087359866512e-05,0.0,0.0,0.0,0.00012108881023812581,0.00012108881023812581,300.07530869328286,300.08894509327524,-1.6512154510083314e-06
228,378,fluid_gap,0.002061906904809235,6.190690480923494e-05,0.0,0.0,0.0,0.00012984490214712252,0.00012984490214712252,300.8466732725563,300.7791489202337,8.767692919876761e-06
234,458,fluid_gap,0.002439416140654152,0.00018941614065415215,0.0,0.0,0.0,4.766251473846691e-05,4.766251473846691e-05,300.37111131959847,300.21568514636914,7.408002272286444e-06
47,223,fluid_gap,0.0018317085329123723,8.170853291237221e-05,0.0,0.0,0.0,8.46498345632341e-05,8.46498345632341e-05,300.91378822851607,300.9252562324559,-9.707646362791231e-07
113,168,fluid_gap,0.0020385768997268666,3.8576899726866596e-05,0.0,0.0,0.0,0.0002063865779205681,0.0002063865779205681,300.7854204188141,300.73451860338133,1.0505451497115928e-05
412,464,fluid_gap,0.0025548564538932514,5.485645389325137e-05,0.0,0.0,0.0,0.0001827931315453671,0.0001827931315453671,300.1468719678003,300.2785361081707,-2.4067300530542724e-05
209,221,fluid_gap,0.0020888799093293988,8.887990932939871e-05,0.0,0.0,0.0,9.087838383768545e-05,9.087838383768545e-05,300.3787285262463,300.45918173956824,-7.311458001248228e-06
200,401,fluid_gap,0.002368903840256923,0.00011890384025692292,0.0,0.0,0.0,7.569158828377482e-05,7.569158828377482e-05,300.94765211493257,300.9176588272055,2.270239585912825e-06
108,174,fluid_gap,0.002041435590701798,4.143559070179806e-05,0.0,0.0,0.0,0.00019248326143807786,0.00019248326143807786,300.89675843836505,300.85819530003744,7.4227586365876e-06
198,476,fluid_gap,0.002269571077935212,1.9571077935211798e-05,0.0,0.0,0.0,0.00044118796977748515,0.00044118796977748515,300.8103930236765,300.83562140664554,-1.1130459062876436e-05
138,318,fluid_gap,0.002036553454564845,3.65534545648449e-05,0.0,0.0,0.0,0.00021750704413169873,0.00021750704413169873,300.215101023802,300.33473055146396,-2.602026495262655e-05
158,296,fluid_gap,0.0020493253495235944,4.932534952359433e-05,0.0,0.0,0.0,0.0001623066899019538,0.0001623066899019538,300.6373729385833,300.53299382601193,1.6941428256366333e-05
249,270,fluid_gap,0.0021957495111692505,0.00019574951116925043,0.0,0.0,0.0,4.1515431732417155e-05,4.1515431732417155e-05,300.7300657184186,300.58304419199226,6.1036621435480186e-06
258,275,fluid_gap,0.0021460512803751913,0.00014605128037519129,0.0,0.0,0.0,5.554620727200069e-05,5.554620727200069e-05,300.7846289822221,300.79482015702644,-5.660811080267004e-07
199,305,fluid_gap,0.0021510343879581418,0.00015103438795814172,0.0,0.0,0.0,5.37256143760208e-05,5.37256143760208e-05,300.9353151758542,300.9543835410334,-1.0244596343977724e-06
393,418,fluid_gap,0.00234900634437202,9.900634437201984e-05,0.0,0.0,0.0,9.075136349959166e-05,9.075136349959166e-05,300.7820486794801,300.91545041467225,-1.2106389361897938e-05
142,463,fluid_gap,0.002274916158538815,2.4916158538814933e-05,0.0,0.0,0.0,0.00035019511463389583,0.00035019511463389583,300.9060602770661,300.84886073392516,2.0031000567247643e-05
174,495,fluid_gap,0.0023574952651704306,0.00010749526517043052,0.0,0.0,0.0,8.365076665893088e-05,8.365076665893088e-05,300.85819530003744,300.9084663095193,-4.205208483878436e-06
216,348,fluid_gap,0.0020777685190761855,7.776851907618544e-05,0.0,0.0,0.0,0.0001036980381900183,0.0001036980381900183,300.3662311764616,300.48810319878,-1.2637889624665189e-05
80,344,fluid_gap,0.0018770356653244503,0.00012703566532445022,0.0,0.0,0.0,5.468213571787579e-05,5.468213571787579e-05,300.85875350361766,300.883175760477,-1.335461164119178e-06
43,313,fluid_gap,0.001754982000164105,4.982000164105004e-06,0.0,0.0,0.0,0.0011703884045358602,0.0011703884045358602,300.72564517304136,300.7236418012677,2.344723093842261e-06
110,223,fluid_gap,0.0020898419909466852,8.984199094668518e-05,0.0,0.0,0.0,8.991591679366993e-05,8.991591679366993e-05,300.93697893662363,300.9252562324559,1.0540576925405938e-06
38,463,fluid_gap,0.0020683505223728395,6.835052237283944e-05,0.0,0.0,0.0,0.00011041924171755293,0.00011041924171755293,300.8261523480572,300.84886073392516,-2.507442748172629e-06
31,423,fluid_gap,0.002011041177856159,1.1041177856158883e-05,0.0,0.0,0.0,0.0006359537401242151,0.0006359537401242151,300.8945995062408,300.8358828127949,3.734110080463934e-05
192,377,fluid_gap,0.002065191145154609,6.519114515460885e-05,0.0,0.0,0.0,0.00012340232035953406,0.00012340232035953406,300.3879199860253,300.29163513723944,1.1881773755639808e-05
12,37,fluid_gap,0.001510281006865941,1.0281006865940981e-05,0.0,0.0,0.0,0.0005430460017709687,0.0005430460017709687,300.06005210319347,300.0630937210692,-1.651738426334496e-06
137,446,fluid_gap,0.0022802113227067353,3.021132270673529e-05,0.0,0.0,0.0,0.00029078268151743565,0.00029078268151743565,300.23610339156295,300.3015913563765,-1.9042766015601222e-05
249,358,fluid_gap,0.002025458633890113,2.5458633890113047e-05,0.0,0.0,0.0,0.00030871362948129,0.00030871362948129,300.7300657184186,300.79370371778236,-1.9645917756519763e-05
47,409,fluid_gap,0.0021046102130914883,0.00010461021309148824,0.0,0.0,0.0,7.250844278186855e-05,7.250844278186855e-05,300.91378822851607,300.79140700229584,8.873672138964262e-06
166,360,fluid_gap,0.0020324529883862003,3.245298838620023e-05,0.0,0.0,0.0,0.0002441677498295764,0.0002441677498295764,300.293494569215,300.2188012199173,1.8237707025258318e-05
144,341,fluid_gap,0.0021072406054601367,0.00010724060546013665,0.0,0.0,0.0,7.546281605327552e-05,7.546281605327552e-05,300.3340935529364,300.43471176324084,-7.592933495814247e-06
485,491,fluid_gap,0.0025252643007218074,2.5264300721807367e-05,0.0,0.0,0.0,0.0003887473050325408,0.0003887473050325408,300.6735284972698,300.57600320746354,3.791269358469417e-05
276,497,fluid_gap,0.0023545200418768992,0.00010452004187689917,0.0,0.0,0.0,8.600936797351103e-05,8.600936797351103e-05,300.8127751509976,300.8018341930291,9.410248798954943e-07
178,455,fluid_gap,0.0023901092866185675,0.00014010928661856745,0.0,0.0,0.0,6.431690165724581e-05,6.431690165724581e-05,300.0947808045449,300.18531427857556,-5.822832545919964e-06
3,86,fluid_gap,0.001507898329629688,7.898329629688018e-06,0.0,0.0,0.0,0.0006884556910615237,0.0006884556910615237,300.6351055040802,300.63274422344034,1.6256370946856505e-06
103,173,fluid_gap,0.0020160370474582062,1.6037047458206197e-05,0.0,0.0,0.0,0.0004794340638758467,0.0004794340638758467,300.26810694096946,300.26843841808534,-1.589214207474466e-07
126,422,fluid_gap,0.0023021485145185575,5.214851451855744e-05,0.0,0.0,0.0,0.00017076135038923094,0.00017076135038923094,300.152471619818,300.2317369985222,-1.3535463106639327e-05
13,257,fluid_gap,0.001927882537293183,0.0001778825372931829,0.0,0.0,0.0,3.913888819971989e-05,3.913888819971989e-05,300.5803555524975,300.6694790974593,-3.488196462222911e-06
263,404,fluid_gap,0.002430528995013226,0.0001805289950132258,0.0,0.0,0.0,4.99959365153169e-05,4.99959365153169e-05,300.64645093322264,300.5094831256678,6.847833811152467e-06
173,222,fluid_gap,0.0020874396242404735,8.743962424047347e-05,0.0,0.0,0.0,9.235838538983071e-05,9.235838538983071e-05,300.26843841808534,300.1604835616839,9.970536232226211e-06
188,207,fluid_gap,0.002008338999496848,8.338999496847795e-06,0.0,0.0,0.0,0.0008746269771285955,0.0008746269771285955,300.52870200380323,300.49569456384035,2.8869197437493472e-05
230,469,fluid_gap,0.002314281264885493,6.42812648854929e-05,0.0,0.0,0.0,0.00013902475888434205,0.00013902475888434205,300.53902079827424,300.5687132526918,-4.127986316085144e-06
276,356,fluid_gap,0.0020758320481676744,7.583204816767435e-05,0.0,0.0,0.0,0.00010631163810064946,0.00010631163810064946,300.8127751509976,300.8754599096039,-6.6641193713775035e-06
409,476,fluid_gap,0.002584971200671296,8.497120067129608e-05,0.0,0.0,0.0,0.00011876274897223562,0.00011876274897223562,300.79140700229584,300.83562140664554,-5.251024204740624e-06
211,491,fluid_gap,0.0024214578210656488,0.0001714578210656487,0.0,0.0,0.0,5.262569162877053e-05,5.262569162877053e-05,300.7420955002433,300.57600320746354,8.74072178174267e-06
40,84,fluid_gap,0.001612634744664767,0.00011263474466476704,0.0,0.0,0.0,5.3910497995772966e-05,5.3910497995772966e-05,300.87705424661056,300.80612068413956,3.824063677425769e-06
378,488,fluid_gap,0.00226156149863319,1.1561498633189853e-05,0.0,0.0,0.0,0.0007225023363367463,0.0007225023363367463,300.7791489202337,300.7969079798731,-1.2830962080601732e-05
382,458,fluid_gap,0.002398396884358383,0.00014839688435838304,0.0,0.0,0.0,6.0749005237613265e-05,6.0749005237613265e-05,300.07626406175666,300.21568514636914,-8.469692199357225e-06
210,388,fluid_gap,0.0021812219723127673,0.00018122197231276727,0.0,0.0,0.0,4.4825224947700595e-05,4.4825224947700595e-05,300.5976166712173,300.6623846862012,-2.903240841071164e-06
41,178,fluid_gap,0.0018886457480999455,0.00013864574809994545,0.0,0.0,0.0,5.0135888297789465e-05,5.0135888297789465e-05,300.134350157954,300.0947808045449,1.9838446825340115e-06
291,474,fluid_gap,0.002404290539847463,0.00015429053984746303,0.0,0.0,0.0,5.844343202931292e-05,5.844343202931292e-05,300.11829967148833,300.08892890604926,1.7165283335871041e-06
120,183,fluid_gap,0.002043506029097051,4.350602909705117e-05,0.0,0.0,0.0,0.0001835288626069464,0.0001835288626069464,300.68901061791144,300.57822757775375,2.033188535627956e-05
291,451,fluid_gap,0.002298958908485045,4.8958908485044776e-05,0.0,0.0,0.0,0.00018166353880784514,0.00018166353880784514,300.11829967148833,300.18438842522005,-1.200591687830433e-05
373,377,fluid_gap,0.0020447882140211975,4.47882140211975e-05,0.0,0.0,0.0,0.0001783895937839386,0.0001783895937839386,300.241732667058,300.29163513723944,-8.902081384484073e-06
210,499,fluid_gap,0.002316304494944479,6.630449494447895e-05,0.0,0.0,0.0,0.0001348455570145394,0.0001348455570145394,300.5976166712173,300.671544947736,-9.968899626288986e-06
393,476,fluid_gap,0.0023929671335394475,0.00014296713353944743,0.0,0.0,0.0,6.304016678837148e-05,6.304016678837148e-05,300.7820486794801,300.83562140664554,-3.3772336558166857e-06
223,409,fluid_gap,0.0023862709822492912,0.0001362709822492912,0.0,0.0,0.0,6.611529954589056e-05,6.611529954589056e-05,300.9252562324559,300.79140700229584,8.849481946020596e-06
90,410,fluid_gap,0.002146877483555129,0.00014687748355512878,0.0,0.0,0.0,5.178362458589141e-05,5.178362458589141e-05,300.87451411948297,300.718109225417,8.09921231770913e-06
70,172,fluid_gap,0.001880511485883827,0.00013051148588382692,0.0,0.0,0.0,5.323689851839104e-05,5.323689851839104e-05,300.455885179276,300.3915103089498,3.427118438688479e-06
193,279,fluid_gap,0.0020445059066679172,4.45059066679172e-05,0.0,0.0,0.0,0.0001794962785587614,0.0001794962785587614,300.53774518161043,300.64176736842796,-1.8671595421291032e-05
139,308,fluid_gap,0.0020399580667503922,3.99580667503922e-05,0.0,0.0,0.0,0.0001994269150717483,0.0001994269150717483,300.2152634546138,300.22164291667144,-1.27223643796906e-06
276,313,fluid_gap,0.0021417027115825387,0.0001417027115825386,0.0,0.0,0.0,5.723886258887972e-05,5.723886258887972e-05,300.8127751509976,300.7236418012677,5.101891557275012e-06
77,332,fluid_gap,0.0018339350598099147,8.393505980991466e-05,0.0,0.0,0.0,8.243078469208115e-05,8.243078469208115e-05,300.5513910139541,300.580262457751,-2.3798957673719494e-06
134,350,fluid_gap,0.002113298358017627,0.00011329835801762679,0.0,0.0,0.0,7.146332669165547e-05,7.146332669165547e-05,300.2041231879835,300.26815210216967,-4.57571921219804e-06
234,414,fluid_gap,0.002311068944678491,6.106894467849109e-05,0.0,0.0,0.0,0.0001462198553138208,0.0001462198553138208,300.37111131959847,300.38282865780144,-1.713307496701451e-06
300,359,fluid_gap,0.002164434629759005,0.00016443462975900512,0.0,0.0,0.0,4.937382766372616e-05,4.937382766372616e-05,300.46202772835534,300.32625228638983,6.703753272571176e-06
372,500,fluid_gap,0.0023749891765635005,0.0001249891765635004,0.0,0.0,0.0,7.203564907653969e-05,7.203564907653969e-05,300.580732611187,300.65540979541805,-5.379419437293003e-06
132,402,fluid_gap,0.0022854129138079183,3.54129138079183e-05,0.0,0.0,0.0,0.00024924432464388293,0.00024924432464388293,300.2073562117352,300.2437497091268,-9.07087267879832e-06
189,384,fluid_gap,0.0020246762724793806,2.467627247938059e-05,0.0,0.0,0.0,0.0003181201985565823,0.0003181201985565823,300.42457243143957,300.45830087798095,-1.0729700110747134e-05
418,472,fluid_gap,0.002695183858712426,0.00019518385871242607,0.0,0.0,0.0,5.204391529036699e-05,5.204391529036699e-05,300.91545041467225,300.8251048871559,4.701934980925818e-06
217,338,fluid_gap,0.002118253574501646,0.00011825357450164593,0.0,0.0,0.0,6.849388736117697e-05,6.849388736117697e-05,300.50135145938674,300.46274358156927,2.644403634483819e-06
53,86,fluid_gap,0.0015545245718546876,5.452457185468754e-05,0.0,0.0,0.0,0.00011033143471205197,0.00011033143471205197,300.68369612550106,300.63274422344034,5.621596455666886e-06
418,449,fluid_gap,0.0026336818570206993,0.00013368185702069928,0.0,0.0,0.0,7.58095882402158e-05,7.58095882402158e-05,300.91545041467225,300.85234003173423,4.7843721442137005e-06
428,498,fluid_gap,0.0025740177272311087,7.401772723110867e-05,0.0,0.0,0.0,0.00013610351181011027,0.00013610351181011027,300.5891252491056,300.50873190445725,1.0941816532803842e-05
137,471,fluid_gap,0.0022633853345376247,1.3385334537624688e-05,0.0,0.0,0.0,0.0006309003163348817,0.0006309003163348817,300.23610339156295,300.28594897313775,-3.144759318343762e-05
323,454,fluid_gap,0.002352575655021381,0.00010257565502138082,0.0,0.0,0.0,8.762398952241279e-05,8.762398952241279e-05,300.1560550550446,300.0692798655541,7.603588294719323e-06
68,84,fluid_gap,0.0015005144348855827,5.144348855826934e-07,0.0,0.0,0.0,0.004045142998764862,0.004045142998764862,300.8025299434733,300.80612068413956,-1.45250594664798e-05
379,470,fluid_gap,0.0022766259898367143,2.6625989836714286e-05,0.0,0.0,0.0,0.0003285207937892277,0.0003285207937892277,300.233382365075,300.24954486385127,-5.309716927601605e-06
308,446,fluid_gap,0.0023485451889627327,9.854518896273263e-05,0.0,0.0,0.0,9.117178042394643e-05,9.117178042394643e-05,300.22164291667144,300.3015913563765,-7.289041590025863e-06
35,293,fluid_gap,0.0017977979686549872,4.77979686549872e-05,0.0,0.0,0.0,0.00014347448922516932,0.00014347448922516932,300.1471056892734,300.16761524785466,-2.9425984416769116e-06
127,146,fluid_gap,0.0021204035167451027,0.0001204035167451027,0.0,0.0,0.0,6.728092495444913e-05,6.728092495444913e-05,300.4455865391803,300.34598923090095,6.700999024006632e-06
253,371,fluid_gap,0.002144135639482727,0.00014413563948272685,0.0,0.0,0.0,5.6279359972817594e-05,5.6279359972817594e-05,300.7925800558056,300.84802827402615,-3.1205902330847404e-06
43,125,fluid_gap,0.001779784043697437,2.9784043697436875e-05,0.0,0.0,0.0,0.00022743157776192494,0.00022743157776192494,300.72564517304136,300.6916526602474,7.73097081681582e-06
156,331,fluid_gap,0.0020685814561674865,6.858145616748645e-05,0.0,0.0,0.0,0.000117389622885619,0.000117389622885619,300.4824777984883,300.36270607782797,1.4059957120675513e-05
341,348,fluid_gap,0.0021400683090254473,0.0001400683090254473,0.0,0.0,0.0,5.790202601677186e-05,5.790202601677186e-05,300.43471176324084,300.48810319878,-3.091472289660098e-06
133,319,fluid_gap,0.0020718706246288642,7.187062462886418e-05,0.0,0.0,0.0,0.00011209099607605186,0.00011209099607605186,300.23105775591864,300.2292938497882,1.977179951483092e-07
60,335,fluid_gap,0.0018871320138241525,0.00013713201382415242,0.0,0.0,0.0,5.068530772969833e-05,5.068530772969833e-05,300.94660035526294,300.83207368581634,5.804819484158589e-06
425,432,fluid_gap,0.0025717503514338246,7.175035143382451e-05,0.0,0.0,0.0,0.00014034538559520572,0.00014034538559520572,300.3768764679828,300.35143683180945,3.570335548151919e-06
186,415,fluid_gap,0.0023376352063784463,8.76352063784462e-05,0.0,0.0,0.0,0.0001023939863311188,0.0001023939863311188,300.13065896108736,300.1281101185898,2.609861438553947e-07
218,255,fluid_gap,0.002077755510641231,7.775551064123079e-05,0.0,0.0,0.0,0.0001037151665048973,0.0001037151665048973,300.38344415689255,300.2365308172075,1.5237141487226183e-05
265,335,fluid_gap,0.0021025227255846734,0.00010252272558467336,0.0,0.0,0.0,7.890191118135286e-05,7.890191118135286e-05,300.8049707733745,300.83207368581634,-2.1384715902403994e-06
49,302,fluid_gap,0.0019141502574325244,0.00016415025743252436,0.0,0.0,0.0,4.239329527452069e-05,4.239329527452069e-05,300.5105884255066,300.60932283231955,-4.1856768617749016e-06
209,268,fluid_gap,0.0021586927486096767,0.00015869274860967663,0.0,0.0,0.0,5.114910332777948e-05,5.114910332777948e-05,300.3787285262463,300.50241601427535,-6.326504105552749e-06
67,184,fluid_gap,0.0019443424205885134,0.00019434242058851336,0.0,0.0,0.0,3.584097917342897e-05,3.584097917342897e-05,300.58315879230963,300.50752521568785,2.7107814445132706e-06
156,298,fluid_gap,0.0021377486853931178,0.00013774868539311773,0.0,0.0,0.0,5.887004173185933e-05,5.887004173185933e-05,300.4824777984883,300.4340517772404,2.8508418917687712e-06
279,489,fluid_gap,0.0023232806933300154,7.328069333001536e-05,0.0,0.0,0.0,0.00012218130584819404,0.00012218130584819404,300.64176736842796,300.60252289549027,4.79494095085183e-06
443,448,fluid_gap,0.0025266359136211134,2.663591362111334e-05,0.0,0.0,0.0,0.0003694531783587006,0.0003694531783587006,300.35022910142186,300.35135272497206,-4.1512629189995936e-07
392,402,fluid_gap,0.002298634115951761,4.863411595176109e-05,0.0,0.0,0.0,0.00018285229698038967,0.00018285229698038967,300.31480091234755,300.2437497091268,1.2991875712134148e-05
287,465,fluid_gap,0.0024206298955924675,0.00017062989559246742,0.0,0.0,0.0,5.2879552708699744e-05,5.2879552708699744e-05,300.93174669634965,300.83013118417756,5.373382831925476e-06
202,255,fluid_gap,0.002002738253017603,2.738253017602922e-06,0.0,0.0,0.0,0.0021850155302144624,0.0021850155302144624,300.2269629963651,300.2365308172075,-2.0905837130936007e-05
237,441,fluid_gap,0.002343276318000077,9.327631800007678e-05,0.0,0.0,0.0,9.62671464361084e-05,9.62671464361084e-05,300.2046729008009,300.2975623368967,-8.942200947000793e-06
226,468,fluid_gap,0.002395473490690306,0.000145473490690306,0.0,0.0,0.0,6.196146529722302e-05,6.196146529722302e-05,300.705461545387,300.8196533969583,-7.075494448361989e-06
8,245,fluid_gap,0.0018311413219880245,8.114132198802442e-05,0.0,0.0,0.0,8.523436753332069e-05,8.523436753332069e-05,300.0717090175243,300.1431400322182,-6.088377359695472e-06
147,440,fluid_gap,0.0023829996905371177,0.00013299969053711769,0.0,0.0,0.0,6.772935126933415e-05,6.772935126933415e-05,300.6377994499935,300.52119607069596,7.897471235634767e-06
390,432,fluid_gap,0.002358285387840073,0.00010828538784007284,0.0,0.0,0.0,8.304597979422301e-05,8.304597979422301e-05,300.2988575961276,300.35143683180945,-4.366494144029182e-06
85,241,fluid_gap,0.0018823884716128593,0.00013238847161285922,0.0,0.0,0.0,5.248777156934721e-05,5.248777156934721e-05,300.8668362511939,300.9238316972367,-2.991563952389297e-06
252,318,fluid_gap,0.0020099025264425125,9.902526442512414e-06,0.0,0.0,0.0,0.0007491970730273385,0.0007491970730273385,300.3844231677896,300.33473055146396,3.722956270222117e-05
151,271,fluid_gap,0.0020725820928505583,7.258209285055826e-05,0.0,0.0,0.0,0.00011100718371686667,0.00011100718371686667,300.4434190719298,300.3332682396176,1.2227533679043056e-05
175,399,fluid_gap,0.002030744501770171,3.074450177017107e-05,0.0,0.0,0.0,0.00025730883913285135,0.00025730883913285135,300.9376487056275,300.9340070983692,9.370177362151908e-07
35,96,fluid_gap,0.0016630782588805014,0.00016307825888050133,0.0,0.0,0.0,3.733648635899871e-05,3.733648635899871e-05,300.1471056892734,300.1545903592091,-2.794512769561222e-07
87,371,fluid_gap,0.0017561248191105324,6.12481911053237e-06,0.0,0.0,0.0,0.0009826584393771327,0.0009826584393771327,300.8819963165081,300.84802827402615,3.3378983614004074e-05
29,137,fluid_gap,0.0017798216084765352,2.9821608476535187e-05,0.0,0.0,0.0,0.00022715438856249978,0.00022715438856249978,300.15219206056486,300.23610339156295,-1.9060827086337048e-05
9,79,fluid_gap,0.0016367186541508666,0.0001367186541508666,0.0,0.0,0.0,4.448275879743302e-05,4.448275879743302e-05,300.29289925867363,300.2547257254095,1.6980640726333786e-06
453,464,fluid_gap,0.0025778651264175946,7.786512641759459e-05,0.0,0.0,0.0,0.00012946376412437943,0.00012946376412437943,300.1528613952463,300.2785361081707,-1.627032139044644e-05
89,453,fluid_gap,0.0020330791942273175,3.3079194227317484e-05,0.0,0.0,0.0,0.00022470109011517802,0.00022470109011517802,300.0897144019637,300.1528613952463,-1.4189198228096214e-05
92,234,fluid_gap,0.001756518449667982,6.518449667981948e-06,0.0,0.0,0.0,0.0009312110790361043,0.0009312110790361043,300.39762353058825,300.37111131959847,2.4688464603424826e-05
225,434,fluid_gap,0.0023449478833654273,9.49478833654272e-05,0.0,0.0,0.0,9.45900189981758e-05,9.45900189981758e-05,300.55046905608367,300.5156351514539,3.294939700708665e-06
79,236,fluid_gap,0.0017628937640055777,1.2893764005577702e-05,0.0,0.0,0.0,0.0005039141031321266,0.0005039141031321266,300.2547257254095,300.28525439018705,-1.5383824731192734e-05
51,174,fluid_gap,0.0019109426512977825,0.0001609426512977825,0.0,0.0,0.0,4.323298137885915e-05,4.323298137885915e-05,300.9321713064935,300.85819530003744,3.1982033095973863e-06
417,496,fluid_gap,0.002511675451907002,1.167545190700189e-05,0.0,0.0,0.0,0.0008055078587396755,0.0008055078587396755,300.28725707370813,300.3532025606024,-5.311960794176731e-05
272,299,fluid_gap,0.0020187924257832946,1.8792425783294587e-05,0.0,0.0,0.0,0.0004126902376073388,0.0004126902376073388,300.5944568539879,300.628568008636,-1.4077340516803349e-05
286,462,fluid_gap,0.002403022649437427,0.00015302264943742685,0.0,0.0,0.0,5.892452923982202e-05,5.892452923982202e-05,300.7479912549453,300.78835762805767,-2.3785695327649936e-06
216,339,fluid_gap,0.002046787128878819,4.678712887881903e-05,0.0,0.0,0.0,0.00017092763451109687,0.00017092763451109687,300.3662311764616,300.3782790695969,-2.0593178744550364e-06
75,400,fluid_gap,0.0018271802443656187,7.718024436561871e-05,0.0,0.0,0.0,8.955284912206098e-05,8.955284912206098e-05,300.28957477913576,300.2194586259585,6.27910128650183e-06
367,428,fluid_gap,0.002376739463908486,0.0001267394639084859,0.0,0.0,0.0,7.104861593025366e-05,7.104861593025366e-05,300.5888938775295,300.5891252491056,-1.6438630250975737e-08
300,338,fluid_gap,0.002028206043896921,2.820604389692106e-05,0.0,0.0,0.0,0.0002796729652315067,0.0002796729652315067,300.46202772835534,300.46274358156927,-2.0020479101110708e-07
174,378,fluid_gap,0.002080161368764452,8.016136876445217e-05,0.0,0.0,0.0,0.00010064074847036122,0.00010064074847036122,300.85819530003744,300.7791489202337,7.955286827321059e-06
52,272,fluid_gap,0.0018169397336455602,6.693973364556012e-05,0.0,0.0,0.0,0.00010305109031668458,0.00010305109031668458,300.5066391438927,300.5944568539879,-9.049710774422843e-06
121,488,fluid_gap,0.002320393111910135,7.039311191013478e-05,0.0,0.0,0.0,0.0001271230776688157,0.0001271230776688157,300.7618066448436,300.7969079798731,-4.46218973923179e-06
48,238,fluid_gap,0.0019188264415522318,0.0001688264415522318,0.0,0.0,0.0,4.1225992631110994e-05,4.1225992631110994e-05,300.287011796709,300.2375848206172,2.037676152139004e-06
152,475,fluid_gap,0.0023497217069474415,9.972170694744144e-05,0.0,0.0,0.0,9.010681396718583e-05,9.010681396718583e-05,300.70309339588437,300.69084490649743,1.1036723545675233e-06
175,199,fluid_gap,0.0020281664699343268,2.8166469934326737e-05,0.0,0.0,0.0,0.00028005243410414145,0.00028005243410414145,300.9376487056275,300.9353151758542,6.535106930659167e-07
292,491,fluid_gap,0.00228456586316204,3.456586316203975e-05,0.0,0.0,0.0,0.00025518042593318047,0.00025518042593318047,300.57249978255305,300.57600320746354,-8.940054608840205e-07
342,348,fluid_gap,0.0021543995052667082,0.0001543995052667082,0.0,0.0,0.0,5.256220658691732e-05,5.256220658691732e-05,300.58630696642206,300.48810319878,5.1618067224164225e-06
138,289,fluid_gap,0.0020256306326672698,2.5630632667269712e-05,0.0,0.0,0.0,0.00030671974644344395,0.00030671974644344395,300.215101023802,300.14892931513145,2.029616970515686e-05
191,444,fluid_gap,0.002299495342569757,4.949534256975716e-05,0.0,0.0,0.0,0.00017973364766924406,0.00017973364766924406,300.2835972437772,300.35575783735044,-1.2969686700896976e-05
157,387,fluid_gap,0.0020359417906462844,3.594179064628439e-05,0.0,0.0,0.0,0.00022110841830984756,0.00022110841830984756,300.2814242248976,300.35836981499506,-1.7013317722368635e-05
25,124,fluid_gap,0.0017777611200608468,2.7761120060846743e-05,0.0,0.0,0.0,0.00024342805889298835,0.00024342805889298835,300.0024383371299,300.068957052946,-1.6192521871174903e-05
170,339,fluid_gap,0.0020115417131792842,1.1541713179284187e-05,0.0,0.0,0.0,0.0006512779221283112,0.0006512779221283112,300.38870505248826,300.3782790695969,6.790212473641245e-06
6,496,fluid_gap,0.0020191466234672603,1.914662346726029e-05,0.0,0.0,0.0,0.0003800950618633103,0.0003800950618633103,300.3720834933327,300.3532025606024,7.176549294148692e-06
240,434,fluid_gap,0.0023675974456439045,0.00011759744564390447,0.0,0.0,0.0,7.652535905048793e-05,7.652535905048793e-05,300.503946794332,300.5156351514539,-8.944557254635532e-07
219,496,fluid_gap,0.002366536109295609,0.00011653610929560879,0.0,0.0,0.0,7.721637345970569e-05,7.721637345970569e-05,300.2720710826185,300.3532025606024,-6.264678503346182e-06
41,58,fluid_gap,0.001618354715609653,0.0001183547156096529,0.0,0.0,0.0,5.132688426434191e-05,5.132688426434191e-05,300.134350157954,300.18322227237974,-2.5084533608847835e-06
170,208,fluid_gap,0.0021535915359797435,0.00015359153597974346,0.0,0.0,0.0,5.283692181183681e-05,5.283692181183681e-05,300.38870505248826,300.31878695925343,3.69425682548157e-06
149,414,fluid_gap,0.0022932422747934857,4.3242274793485686e-05,0.0,0.0,0.0,0.000205136651601532,0.000205136651601532,300.28320769601396,300.38282865780144,-2.0435910530407755e-05
10,457,fluid_gap,0.002034959020177065,3.4959020177065085e-05,0.0,0.0,0.0,0.00021295441464807242,0.00021295441464807242,300.5678737014739,300.57779232908877,-2.1122155378359375e-06
466,471,fluid_gap,0.0026629573147536555,0.00016295731475365546,0.0,0.0,0.0,6.227337974830544e-05,6.227337974830544e-05,300.3945892030783,300.28594897313775,6.7653942950300695e-06
30,435,fluid_gap,0.002139718650337002,0.00013971865033700175,0.0,0.0,0.0,5.441803254071971e-05,5.441803254071971e-05,300.3940329627177,300.4697842188363,-4.122234320463552e-06
9,232,fluid_gap,0.001762873940473339,1.2873940473339014e-05,0.0,0.0,0.0,0.000504634111805089,0.000504634111805089,300.29289925867363,300.30916805403785,-8.209789098765042e-06
28,101,fluid_gap,0.0017888505967084015,3.8850596708401436e-05,0.0,0.0,0.0,0.00017568779908693513,0.00017568779908693513,300.9513295072081,300.92562896631875,4.515271464188033e-06
166,331,fluid_gap,0.002031961342693311,3.196134269331085e-05,0.0,0.0,0.0,0.0002478097138012251,0.0002478097138012251,300.293494569215,300.36270607782797,-1.7151284141130155e-05
226,467,fluid_gap,0.0022945740891503153,4.45740891503153e-05,0.0,0.0,0.0,0.00019914193085541294,0.00019914193085541294,300.705461545387,300.68461128284844,4.152161540768123e-06
34,153,fluid_gap,0.001775373362901449,2.5373362901448884e-05,0.0,0.0,0.0,0.0002654672312424548,0.0002654672312424548,300.425654564508,300.4541511598669,-7.564912269760596e-06
384,387,fluid_gap,0.0020420899208898704,4.2089920889870364e-05,0.0,0.0,0.0,0.00018956035960728904,0.00018956035960728904,300.45830087798095,300.35836981499506,1.894296823554363e-05
163,424,fluid_gap,0.0023515289396475645,0.00010152893964756444,0.0,0.0,0.0,8.851854063416238e-05,8.851854063416238e-05,300.3660777598416,300.49168021173875,-1.1118145742010944e-05
112,458,fluid_gap,0.002394185792205776,0.00014418579220577582,0.0,0.0,0.0,6.251102103370596e-05,6.251102103370596e-05,300.16950086000395,300.21568514636914,-2.887026896401064e-06
227,445,fluid_gap,0.0024241407491190376,0.00017414074911903756,0.0,0.0,0.0,5.1819534608716576e-05,5.1819534608716576e-05,300.4876214262123,300.42831724448774,3.0731150973165268e-06
192,338,fluid_gap,0.0021664376619983773,0.0001664376619983773,0.0,0.0,0.0,4.878317579119459e-05,4.878317579119459e-05,300.3879199860253,300.46274358156927,-3.650132614751686e-06
88,137,fluid_gap,0.0017994412414413536,4.944124144135357e-05,0.0,0.0,0.0,0.00013880038293942977,0.00013880038293942977,300.07644211534273,300.23610339156295,-2.216104627996459e-05
73,386,fluid_gap,0.001807921188663342,5.792118866334195e-05,0.0,0.0,0.0,0.00011882420885979128,0.00011882420885979128,300.69148225212393,300.59593376928063,1.1353472881608301e-05
345,436,fluid_gap,0.0024187575674300232,0.00016875756743002317,0.0,0.0,0.0,5.346278370837088e-05,5.346278370837088e-05,300.45849654269364,300.58976528245466,-7.0179922415141665e-06
75,432,fluid_gap,0.0021908283252003104,0.00019082832520031035,0.0,0.0,0.0,3.991919381628804e-05,3.991919381628804e-05,300.28957477913576,300.35143683180945,-2.469483270554413e-06
183,230,fluid_gap,0.002005773201746399,5.773201746398816e-06,0.0,0.0,0.0,0.00120594974211071,0.00120594974211071,300.57822757775375,300.53902079827424,4.7281405602311256e-05
336,472,fluid_gap,0.0024266514145925445,0.00017665141459254443,0.0,0.0,0.0,5.108719303579021e-05,5.108719303579021e-05,300.6777754076465,300.8251048871559,-7.526649559558229e-06
76,104,fluid_gap,0.0019172072849873636,0.00016720728498736352,0.0,0.0,0.0,4.1622832379263933e-05,4.1622832379263933e-05,300.9365312329606,300.9473404683631,-4.4991099330704885e-07
342,403,fluid_gap,0.0023001690429885076,5.0169042988507584e-05,0.0,0.0,0.0,0.0001773672435579632,0.0001773672435579632,300.58630696642206,300.56855349956595,3.1488834798652814e-06
367,437,fluid_gap,0.002446520396910681,0.00019652039691068113,0.0,0.0,0.0,4.594822738471186e-05,4.594822738471186e-05,300.5888938775295,300.6805403617374,-4.21099349539658e-06
96,239,fluid_gap,0.0018004907118893993,5.049071188939925e-05,0.0,0.0,0.0,0.00013597138922916133,0.00013597138922916133,300.1545903592091,300.21306409519445,-7.950755115344615e-06
326,413,fluid_gap,0.0022627828107222316,1.2782810722231563e-05,0.0,0.0,0.0,0.0006584805010585731,0.0006584805010585731,300.86343682175607,300.86190061176205,1.01156432659007e-06
137,397,fluid_gap,0.0020402630552210674,4.026305522106732e-05,0.0,0.0,0.0,0.00019795288680328078,0.00019795288680328078,300.23610339156295,300.1989622946635,7.352187350288685e-06
291,455,fluid_gap,0.002269171929162707,1.9171929162706746e-05,0.0,0.0,0.0,0.0004499179050831398,0.0004499179050831398,300.11829967148833,300.18531427857556,-3.015107163065653e-05
152,376,fluid_gap,0.002116683038553482,0.00011668303855348183,0.0,0.0,0.0,6.940797076395506e-05,6.940797076395506e-05,300.70309339588437,300.77318476512323,-4.86489970693684e-06
49,405,fluid_gap,0.002053225617898822,5.322561789882201e-05,0.0,0.0,0.0,0.00014121797758788606,0.00014121797758788606,300.5105884255066,300.5416124098718,-4.381144328766511e-06
134,220,fluid_gap,0.0021976932588511967,0.00019769325885119664,0.0,0.0,0.0,4.11093005699336e-05,4.11093005699336e-05,300.2041231879835,300.2919768944936,-3.6116044271059654e-06
306,425,fluid_gap,0.002319581375550338,6.958137555033799e-05,0.0,0.0,0.0,0.00012858508409060123,0.00012858508409060123,300.262537130994,300.3768764679828,-1.4702333261567376e-05
217,496,fluid_gap,0.0024247712053828575,0.00017477120538285742,0.0,0.0,0.0,5.1633668271217584e-05,5.1633668271217584e-05,300.50135145938674,300.3532025606024,7.649471094575438e-06
2,162,fluid_gap,0.0019086635754108161,0.00015866357541081608,0.0,0.0,0.0,4.3850099247657356e-05,4.3850099247657356e-05,300.3488787147444,300.37977064262043,-1.3546141033158854e-06
31,305,fluid_gap,0.0017570160865310823,7.01608653108231e-06,0.0,0.0,0.0,0.0008734017030445926,0.0008734017030445926,300.8945995062408,300.9543835410334,-5.221547780272119e-05
1,175,fluid_gap,0.001911906141716371,0.00016190614171637092,0.0,0.0,0.0,4.29772846759192e-05,4.29772846759192e-05,300.89288860359505,300.9376487056275,-1.92366764717203e-06
57,335,fluid_gap,0.001750148794388637,1.487943886370642e-07,0.0,0.0,0.0,0.006094444486542493,0.006094444486542493,300.8269577333094,300.83207368581634,-3.117888854916574e-05
184,296,fluid_gap,0.002084906045676879,8.490604567687899e-05,0.0,0.0,0.0,9.508225917016991e-05,9.508225917016991e-05,300.50752521568785,300.53299382601193,-2.421613007538513e-06
141,334,fluid_gap,0.0020815014220509197,8.15014220509197e-05,0.0,0.0,0.0,9.900606191117655e-05,9.900606191117655e-05,300.21317409378946,300.0915871451099,1.2037844968561366e-05
131,262,fluid_gap,0.0020623056198585104,6.230561985851035e-05,0.0,0.0,0.0,0.00012902710561225783,0.00012902710561225783,300.73724777776386,300.7328596444397,5.661881418546815e-07
82,140,fluid_gap,0.0017662400960514965,1.624009605149645e-05,0.0,0.0,0.0,0.00040610351630798465,0.00040610351630798465,300.3207010486766,300.2264034877425,3.829457107459658e-05
168,329,fluid_gap,0.0021547272800983438,0.00015472728009834373,0.0,0.0,0.0,5.245157363677821e-05,5.245157363677821e-05,300.73451860338133,300.7211798737327,6.996373603865909e-07
5,302,fluid_gap,0.0019407455391678731,0.00019074553916787309,0.0,0.0,0.0,3.651330642884218e-05,3.651330642884218e-05,300.653408359305,300.60932283231955,1.609708355896398e-06
332,431,fluid_gap,0.0024183431325031147,0.00016834313250311465,0.0,0.0,0.0,5.359362364578669e-05,5.359362364578669e-05,300.580262457751,300.63765202547074,-3.0757148935652905e-06
224,345,fluid_gap,0.0021864204295377406,0.00018642042953774052,0.0,0.0,0.0,4.35819132390189e-05,4.35819132390189e-05,300.40132796876674,300.45849654269364,-2.4915158288806568e-06
15,351,fluid_gap,0.001784993781557796,3.4993781557796e-05,0.0,0.0,0.0,0.00019451314435406096,0.00019451314435406096,300.56146034953326,300.54427659156005,3.3424667951890486e-06
332,408,fluid_gap,0.0023840726048362368,0.0001340726048362367,0.0,0.0,0.0,6.719136068615834e-05,6.719136068615834e-05,300.580262457751,300.65932291736584,-5.312179857993012e-06
303,386,fluid_gap,0.0020777368008073477,7.773680080734764e-05,0.0,0.0,0.0,0.00010373981182343415,0.00010373981182343415,300.61911632299154,300.59593376928063,2.4049537595564866e-06
13,404,fluid_gap,0.0020273721665249327,2.7372166524932632e-05,0.0,0.0,0.0,0.00026989944833419105,0.00026989944833419105,300.5803555524975,300.5094831256678,1.9128428903436097e-05
173,392,fluid_gap,0.0021528630911290497,0.00015286309112904966,0.0,0.0,0.0,5.308707136581959e-05,5.308707136581959e-05,300.26843841808534,300.31480091234755,-2.461249041595441e-06
193,227,fluid_gap,0.002077194044447485,7.71940444474848e-05,0.0,0.0,0.0,0.00010445988511080526,0.00010445988511080526,300.53774518161043,300.4876214262123,5.235921730212524e-06
93,405,fluid_gap,0.002109857990850569,0.00010985799085056879,0.0,0.0,0.0,6.907604976755566e-05,6.907604976755566e-05,300.4397859288458,300.5416124098718,-7.033771071004731e-06
251,433,fluid_gap,0.0023263767015898346,7.637670158983458e-05,0.0,0.0,0.0,0.00011729256900197,0.00011729256900197,300.49155263665705,300.57840043558065,-1.018660144791555e-05
68,497,fluid_gap,0.0021071792730804856,0.00010717927308048552,0.0,0.0,0.0,7.078649980784981e-05,7.078649980784981e-05,300.8025299434733,300.8018341930291,4.9249738685272356e-08
35,320,fluid_gap,0.0019031259260490364,0.00015312592604903633,0.0,0.0,0.0,4.54256062394889e-05,4.54256062394889e-05,300.1471056892734,300.0733209897199,3.3517147084175483e-06
162,216,fluid_gap,0.0020496851091588186,4.9685109158818536e-05,0.0,0.0,0.0,0.00016115464748707787,0.00016115464748707787,300.37977064262043,300.3662311764616,2.181947895987528e-06
137,308,fluid_gap,0.0020612205854784195,6.12205854784195e-05,0.0,0.0,0.0,0.0001312771462455378,0.0001312771462455378,300.23610339156295,300.22164291667144,1.898329877112311e-06
172,387,fluid_gap,0.0021683148020527378,0.00016831480205273773,0.0,0.0,0.0,4.824233203656507e-05,4.824233203656507e-05,300.3915103089498,300.35836981499506,1.5987747132213595e-06
129,196,fluid_gap,0.0020958509924188452,9.585099241884521e-05,0.0,0.0,0.0,8.43371936139718e-05,8.43371936139718e-05,300.06379957116656,300.1717912904637,-9.107718539070333e-06
26,197,fluid_gap,0.0017950364240872662,4.503642408726621e-05,0.0,0.0,0.0,0.00015208096125642994,0.00015208096125642994,300.4746723371921,300.51504190114827,-6.139442091958185e-06
178,294,fluid_gap,0.002127112693535536,0.00012711269353553583,0.0,0.0,0.0,6.375746753827939e-05,6.375746753827939e-05,300.0947808045449,300.06574608388996,1.8511802596390699e-06
310,370,fluid_gap,0.0021935643244956372,0.0001935643244956372,0.0,0.0,0.0,4.19816989600096e-05,4.19816989600096e-05,300.0656999002192,300.0736169480284,-3.323711177778797e-07
288,467,fluid_gap,0.0022944483558799056,4.4448355879905506e-05,0.0,0.0,0.0,0.00019969285873294357,0.00019969285873294357,300.7028624455595,300.68461128284844,3.644626856973086e-06
335,399,fluid_gap,0.0020495711739864026,4.957117398640253e-05,0.0,0.0,0.0,0.0001615177235460204,0.0001615177235460204,300.83207368581634,300.9340070983692,-1.6464052748814164e-05
178,186,fluid_gap,0.0020082456937586105,8.245693758610496e-06,0.0,0.0,0.0,0.0008834535420045131,0.0008834535420045131,300.0947808045449,300.13065896108736,-3.169668447804689e-05
146,239,fluid_gap,0.0021689187552882206,0.00016891875528822053,0.0,0.0,0.0,4.807086119174104e-05,4.807086119174104e-05,300.34598923090095,300.21306409519445,6.389825747440523e-06
231,463,fluid_gap,0.002403271389647869,0.00015327138964786884,0.0,0.0,0.0,5.882952199423511e-05,5.882952199423511e-05,300.84302068734064,300.84886073392516,-3.4356714899160414e-07
212,426,fluid_gap,0.0023713931699530545,0.00012139316995305447,0.0,0.0,0.0,7.415211252271369e-05,7.415211252271369e-05,300.26557398685065,300.2148709550494,3.759736919370998e-06
373,380,fluid_gap,0.00204381069514767,4.3810695147669925e-05,0.0,0.0,0.0,0.0001822810575112935,0.0001822810575112935,300.241732667058,300.2118959265496,5.438672612563936e-06
71,158,fluid_gap,0.001851459910557072,0.00010145991055707194,0.0,0.0,0.0,6.833173667568532e-05,6.833173667568532e-05,300.7262530150543,300.6373729385833,6.0733299811282215e-06
4,145,fluid_gap,0.0017628211120499435,1.2821112049943425e-05,0.0,0.0,0.0,0.0005065629742889443,0.0005065629742889443,300.94594975056305,300.9341867238391,5.958713803919679e-06
278,384,fluid_gap,0.0020611742394324637,6.117423943246365e-05,0.0,0.0,0.0,0.00013137500311855122,0.00013137500311855122,300.3812170712118,300.45830087798095,-1.012688535468912e-05
132,150,fluid_gap,0.0020478974599574067,4.789745995740667e-05,0.0,0.0,0.0,0.0001670463231924219,0.0001670463231924219,300.2073562117352,300.14702276067294,1.0078481165460966e-05
54,352,fluid_gap,0.001751123617325744,1.1236173257439183e-06,0.0,0.0,0.0,0.003296857462559794,0.003296857462559794,300.91180827480133,300.9001843162337,3.832253454811492e-05
121,378,fluid_gap,0.0020064015282340673,6.4015282340672275e-06,0.0,0.0,0.0,0.0011035749160204138,0.0011035749160204138,300.7618066448436,300.7791489202337,-1.913850010722395e-05
275,472,fluid_gap,0.002295803251173361,4.580325117336105e-05,0.0,0.0,0.0,0.0001939120014708749,0.0001939120014708749,300.79482015702644,300.8251048871559,-5.8725726334045874e-06
29,416,fluid_gap,0.0021124015414925265,0.00011240154149252642,0.0,0.0,0.0,6.752670195078244e-05,6.752670195078244e-05,300.15219206056486,300.0861823653622,4.457417013810522e-06
401,409,fluid_gap,0.0026611783563113543,0.00016117835631135422,0.0,0.0,0.0,6.295646568624156e-05,6.295646568624156e-05,300.9176588272055,300.79140700229584,7.9483686827512e-06
68,120,fluid_gap,0.00192001672738729,0.00017001672738729,0.0,0.0,0.0,4.0939057453396494e-05,4.0939057453396494e-05,300.8025299434733,300.68901061791144,4.64737419124811e-06
165,461,fluid_gap,0.0022608576357877994,1.0857635787799328e-05,0.0,0.0,0.0,0.0007653896841484019,0.0007653896841484019,300.5934375038386,300.59143378862404,1.5336229551707813e-06
59,71,fluid_gap,0.0016637163835521967,0.00016371638355219668,0.0,0.0,0.0,3.719184177303654e-05,3.719184177303654e-05,300.8204443264891,300.7262530150543,3.503148351278883e-06
99,372,fluid_gap,0.0017882221366206158,3.822213662061573e-05,0.0,0.0,0.0,0.00017850286168041504,0.00017850286168041504,300.52726581769906,300.580732611187,-9.543975642470935e-06
323,382,fluid_gap,0.002086291329728426,8.629132972842605e-05,0.0,0.0,0.0,9.357333568804077e-05,9.357333568804077e-05,300.1560550550446,300.07626406175666,7.466309399813613e-06
4,256,fluid_gap,0.0018283414557803469,7.834145578034684e-05,0.0,0.0,0.0,8.824218763243751e-05,8.824218763243751e-05,300.94594975056305,300.93243640703037,1.1924469955522728e-06
297,486,fluid_gap,0.0023301825537780513,8.018255377805123e-05,0.0,0.0,0.0,0.00011179387304300659,0.00011179387304300659,300.24319042666883,300.2847257087128,-4.643390047630251e-06
397,429,fluid_gap,0.002427916289125307,0.000177916289125307,0.0,0.0,0.0,5.072602475012316e-05,5.072602475012316e-05,300.1989622946635,300.1981585281253,4.077188130921609e-08
304,466,fluid_gap,0.002339929764522858,8.992976452285788e-05,0.0,0.0,0.0,9.981013541598986e-05,9.981013541598986e-05,300.40942570394793,300.3945892030783,1.4808331608990898e-06
171,202,fluid_gap,0.002132362424378182,0.00013236242437818192,0.0,0.0,0.0,6.124769354950157e-05,6.124769354950157e-05,300.08589317640747,300.2269629963651,-8.640201101848644e-06
44,426,fluid_gap,0.0020257775034786024,2.577750347860239e-05,0.0,0.0,0.0,0.0002859725925997638,0.0002859725925997638,300.2131867396185,300.2148709550494,-4.816394532666276e-07
208,390,fluid_gap,0.0020674680652589513,6.746806525895124e-05,0.0,0.0,0.0,0.0001192985498924346,0.0001192985498924346,300.31878695925343,300.2988575961276,2.3775441211890704e-06
79,96,fluid_gap,0.001541471972296639,4.147197229663899e-05,0.0,0.0,0.0,0.00014423878485588684,0.00014423878485588684,300.2547257254095,300.1545903592091,1.4443403541843606e-05
4,102,fluid_gap,0.001799810349393514,4.981034939351386e-05,0.0,0.0,0.0,0.00013779207802286532,0.00013779207802286532,300.94594975056305,300.93347839721787,1.7184536931893233e-06
334,479,fluid_gap,0.002258993995653817,8.993995653817097e-06,0.0,0.0,0.0,0.0009081164756064452,0.0009081164756064452,300.0915871451099,300.0924776152135,-8.086505721388339e-07
348,419,fluid_gap,0.0024361792356748092,0.00018617923567480917,0.0,0.0,0.0,4.848674628706124e-05,4.848674628706124e-05,300.48810319878,300.3553242790149,6.438017794919847e-06
380,451,fluid_gap,0.002265708646693127,1.570864669312691e-05,0.0,0.0,0.0,0.000543174577633735,0.000543174577633735,300.2118959265496,300.18438842522005,1.4941375416423397e-05
100,289,fluid_gap,0.001805004575839075,5.500457583907498e-05,0.0,0.0,0.0,0.00012501234985008591,0.00012501234985008591,300.15826223043854,300.14892931513145,1.1667296734904098e-06
363,375,fluid_gap,0.0020384067215597577,3.8406721559757634e-05,0.0,0.0,0.0,0.0002072778596145591,0.0002072778596145591,300.6995602202823,300.752088823558,-1.0888016455524299e-05
238,380,fluid_gap,0.0021473834218648517,0.0001473834218648517,0.0,0.0,0.0,5.504753022054608e-05,5.504753022054608e-05,300.2375848206172,300.2118959265496,1.4141101725201396e-06
295,361,fluid_gap,0.002126981605773779,0.00012698160577377876,0.0,0.0,0.0,6.382277242068308e-05,6.382277242068308e-05,300.41929308808074,300.48579182279417,-4.244133611878892e-06
112,132,fluid_gap,0.0020732754695167747,7.327546951677467e-05,0.0,0.0,0.0,0.00010997090900231518,0.00010997090900231518,300.16950086000395,300.2073562117352,-4.162987440488208e-06
107,282,fluid_gap,0.002198569750178511,0.0001985697501785109,0.0,0.0,0.0,4.092875243882018e-05,4.092875243882018e-05,300.3035156961206,300.35517341482597,-2.1142859804463514e-06
222,246,fluid_gap,0.0021130697289293847,0.00011306972892938466,0.0,0.0,0.0,7.160656009264284e-05,7.160656009264284e-05,300.1604835616839,300.0720996808133,6.328865676781216e-06
125,313,fluid_gap,0.002086333444226977,8.633344422697689e-05,0.0,0.0,0.0,9.352821214865544e-05,9.352821214865544e-05,300.6916526602474,300.7236418012677,-2.991887167798933e-06
296,311,fluid_gap,0.0020805241731111897,8.052417311118967e-05,0.0,0.0,0.0,0.00010019287025693656,0.00010019287025693656,300.53299382601193,300.4998132852595,3.3244536146627857e-06
108,116,fluid_gap,0.002071522947283954,7.152294728395405e-05,0.0,0.0,0.0,0.00011262836392117632,0.00011262836392117632,300.89675843836505,300.92764621052504,-3.4788392435492384e-06
47,371,fluid_gap,0.0018894039451131147,0.0001394039451131147,0.0,0.0,0.0,4.9865148891362196e-05,4.9865148891362196e-05,300.91378822851607,300.84802827402615,3.2791299217290574e-06
31,398,fluid_gap,0.0018102945002402234,6.029450024022339e-05,0.0,0.0,0.0,0.00011422335773292853,0.00011422335773292853,300.8945995062408,300.76332457637847,1.499466327503151e-05
92,414,fluid_gap,0.002122822957973651,0.0001228229579736508,0.0,0.0,0.0,6.184339494421257e-05,6.184339494421257e-05,300.39762353058825,300.38282865780144,9.149651609039719e-07
100,354,fluid_gap,0.0018930011701264215,0.00014300117012642144,0.0,0.0,0.0,4.861949122950573e-05,4.861949122950573e-05,300.15826223043854,300.07867396525523,3.869540961051224e-06
203,366,fluid_gap,0.00204411559058474,4.411559058473992e-05,0.0,0.0,0.0,0.00018104918484866932,0.00018104918484866932,300.68112121299316,300.6988364877888,-3.207336061122317e-06
50,389,fluid_gap,0.0018004498165739029,5.044981657390283e-05,0.0,0.0,0.0,0.00013607946722110178,0.00013607946722110178,300.18739124420773,300.1682589066301,2.6035183042563122e-06
184,330,fluid_gap,0.0020893606160737304,8.936061607373036e-05,0.0,0.0,0.0,9.039492263608089e-05,9.039492263608089e-05,300.50752521568785,300.50948700918434,-1.7733617134329605e-07
233,487,fluid_gap,0.002271159365104087,2.1159365104087132e-05,0.0,0.0,0.0,0.00040956552986694397,0.00040956552986694397,300.59828332886093,300.49692837935396,4.151149359945938e-05
107,347,fluid_gap,0.0021595933222715792,0.0001595933222715792,0.0,0.0,0.0,5.086226988641737e-05,5.086226988641737e-05,300.3035156961206,300.2274802426978,3.867335752925342e-06
143,306,fluid_gap,0.002113034951532985,0.00011303495153298492,0.0,0.0,0.0,7.1628398044005e-05,7.1628398044005e-05,300.17126478013023,300.262537130994,-6.537692278083604e-06
214,366,fluid_gap,0.0020317233133967825,3.172331339678248e-05,0.0,0.0,0.0,0.000249612281014813,0.000249612281014813,300.7400299524272,300.6988364877888,1.0282394671296838e-05
167,254,fluid_gap,0.002019958752375899,1.9958752375899037e-05,0.0,0.0,0.0,0.00038972457677042833,0.00038972457677042833,300.10675857637386,300.16409753676476,-2.2346402070797357e-05
72,282,fluid_gap,0.001876161557542421,0.00012616155754242094,0.0,0.0,0.0,5.505802039004199e-05,5.505802039004199e-05,300.2940197621893,300.35517341482597,-3.366999053795667e-06
480,485,fluid_gap,0.0025113714611253975,1.1371461125397452e-05,0.0,0.0,0.0,0.0008253007482847998,0.0008253007482847998,300.7295044518698,300.6735284972698,4.619699721733675e-05
84,485,fluid_gap,0.002153184078545075,0.00015318407854507474,0.0,0.0,0.0,4.966551777190444e-05,4.966551777190444e-05,300.80612068413956,300.6735284972698,6.585259613396332e-06
187,497,fluid_gap,0.0023684862457149717,0.0001184862457149717,0.0,0.0,0.0,7.595612412176845e-05,7.595612412176845e-05,300.93223084668665,300.8018341930291,9.904424410276561e-06
127,217,fluid_gap,0.0021697017903218384,0.00016970179032183832,0.0,0.0,0.0,4.785035285179719e-05,4.785035285179719e-05,300.4455865391803,300.50135145938674,-2.66837110863127e-06
329,437,fluid_gap,0.0024132275598459426,0.00016322755984594256,0.0,0.0,0.0,5.526302722200948e-05,5.526302722200948e-05,300.7211798737327,300.6805403617374,2.245862457683581e-06
314,430,fluid_gap,0.0022624298768359648,1.242987683596473e-05,0.0,0.0,0.0,0.0006757852079526211,0.0006757852079526211,300.3375275997608,300.3443102264148,-4.5835987638390415e-06
409,438,fluid_gap,0.0025184098839148477,1.8409883914847613e-05,0.0,0.0,0.0,0.0005260297366516727,0.0005260297366516727,300.79140700229584,300.72102307162527,3.702404051515118e-05
199,335,fluid_gap,0.00209699314865452,9.699314865451976e-05,0.0,0.0,0.0,8.33542039569592e-05,8.33542039569592e-05,300.9353151758542,300.83207368581634,8.605612217437319e-06
142,215,fluid_gap,0.002144758223025617,0.0001447582230256171,0.0,0.0,0.0,5.603897145410387e-05,5.603897145410387e-05,300.9060602770661,300.92553952319884,-1.0915969179796565e-06
81,464,fluid_gap,0.00200233192553083,2.331925530829875e-06,0.0,0.0,0.0,0.0022982602769089653,0.0022982602769089653,300.283598955009,300.2785361081707,1.1635739776440152e-05
314,443,fluid_gap,0.0023048154642183387,5.4815464218338624e-05,0.0,0.0,0.0,0.00016260210745302044,0.00016260210745302044,300.3375275997608,300.35022910142186,-2.0652909379080007e-06
108,459,fluid_gap,0.0022906622890520117,4.066228905201161e-05,0.0,0.0,0.0,0.00021783997751636513,0.00021783997751636513,300.89675843836505,300.82310815454116,1.604397617227116e-05
57,493,fluid_gap,0.002014601604188778,1.4601604188777938e-05,0.0,0.0,0.0,0.0004908233794722962,0.0004908233794722962,300.8269577333094,300.827921503018,-4.730407053895622e-07
77,327,fluid_gap,0.0017981061686118535,4.8106168611853446e-05,0.0,0.0,0.0,0.00014257401515764187,0.00014257401515764187,300.5513910139541,300.47575601667825,1.0783585248058071e-05
285,334,fluid_gap,0.0021135041519713188,0.00011350415197131872,0.0,0.0,0.0,7.133488837487253e-05,7.133488837487253e-05,300.0971298488581,300.0915871451099,3.953881531752015e-07
68,485,fluid_gap,0.0020788576646321895,7.885766463218945e-05,0.0,0.0,0.0,9.589100969073971e-05,9.589100969073971e-05,300.8025299434733,300.6735284972698,1.2370078928020924e-05
82,419,fluid_gap,0.0020035452135651935,3.545213565193505e-06,0.0,0.0,0.0,0.001684768379590786,0.001684768379590786,300.3207010486766,300.3553242790149,-5.833212367325222e-05
141,325,fluid_gap,0.0021275963024972567,0.00012759630249725663,0.0,0.0,0.0,6.351769639339137e-05,6.351769639339137e-05,300.21317409378946,300.17877980997963,2.1846456767010103e-06
106,224,fluid_gap,0.0021738978308559033,0.0001738978308559033,0.0,0.0,0.0,4.670235679516871e-05,4.670235679516871e-05,300.3247201441264,300.40132796876674,-3.577765959655254e-06
78,305,fluid_gap,0.001870009465969453,0.00012000946596945304,0.0,0.0,0.0,5.785715664398908e-05,5.785715664398908e-05,300.9469414275579,300.9543835410334,-4.305795251154921e-07
264,432,fluid_gap,0.0022887693366960334,3.876933669603338e-05,0.0,0.0,0.0,0.000228208787582714,0.000228208787582714,300.4240351268594,300.35143683180945,1.656756889391961e-05
197,342,fluid_gap,0.002046017222775996,4.601722277599576e-05,0.0,0.0,0.0,0.00017372657118113827,0.00017372657118113827,300.51504190114827,300.58630696642206,-1.2380635435015902e-05
201,232,fluid_gap,0.0021709076122081684,0.00017090761220816836,0.0,0.0,0.0,4.75147132486629e-05,4.75147132486629e-05,300.30499596282516,300.30916805403785,-1.9823571761845945e-07
351,436,fluid_gap,0.002362957635337545,0.00011295763533754485,0.0,0.0,0.0,7.964110595563053e-05,7.964110595563053e-05,300.54427659156005,300.58976528245466,-3.622769651320963e-06
75,357,fluid_gap,0.0019147742387289424,0.00016477423872894234,0.0,0.0,0.0,4.22337251051889e-05,4.22337251051889e-05,300.28957477913576,300.3977810793141,-4.569955136380888e-06
72,239,fluid_gap,0.0019371177381875887,0.00018711773818758863,0.0,0.0,0.0,3.721745591592505e-05,3.721745591592505e-05,300.2940197621893,300.21306409519445,3.0129639675247382e-06
140,350,fluid_gap,0.002071925852920418,7.192585292041791e-05,0.0,0.0,0.0,0.00011200610719283794,0.00011200610719283794,300.2264034877425,300.26815210216967,-4.6760997826797425e-06
138,426,fluid_gap,0.0023322911038290224,8.229110382902238e-05,0.0,0.0,0.0,0.00010896376315291581,0.00010896376315291581,300.215101023802,300.2148709550494,2.506915706876694e-08
305,423,fluid_gap,0.0022903901793970643,4.039017939706422e-05,0.0,0.0,0.0,0.00021927211339930192,0.00021927211339930192,300.9543835410334,300.8358828127949,2.598390512020634e-05
327,419,fluid_gap,0.0023155766880196397,6.557668801963966e-05,0.0,0.0,0.0,0.00013631966954699283,0.00013631966954699283,300.47575601667825,300.3553242790149,1.6417214681238355e-05
131,135,fluid_gap,0.0021661118651860995,0.00016611186518609945,0.0,0.0,0.0,4.887828216289275e-05,4.887828216289275e-05,300.73724777776386,300.6502458451841,4.252505009350827e-06
107,271,fluid_gap,0.002115213820019149,0.0001152138200191488,0.0,0.0,0.0,7.028545226366004e-05,7.028545226366004e-05,300.3035156961206,300.3332682396176,-2.091170975681648e-06
444,487,fluid_gap,0.002596877810390777,9.687781039077704e-05,0.0,0.0,0.0,0.00010431553467944076,0.00010431553467944076,300.35575783735044,300.49692837935396,-1.4726280570083833e-05
183,266,fluid_gap,0.002002314796163681,2.314796163680778e-06,0.0,0.0,0.0,0.002464145756179315,0.002464145756179315,300.57822757775375,300.5806125058589,-5.876810469048377e-06
105,203,fluid_gap,0.0020043912600586525,4.391260058652421e-06,0.0,0.0,0.0,0.0015150708388152103,0.0015150708388152103,300.68719623350364,300.68112121299316,9.204086420631919e-06
304,448,fluid_gap,0.0022786349274510824,2.8634927451082334e-05,0.0,0.0,0.0,0.00030625052567959126,0.00030625052567959126,300.40942570394793,300.35135272497206,1.7784880339140667e-05
150,246,fluid_gap,0.0021151904679248146,0.0001151904679248146,0.0,0.0,0.0,7.029957831496956e-05,7.029957831496956e-05,300.14702276067294,300.0720996808133,5.267060920189785e-06
271,392,fluid_gap,0.0020037794146312614,3.7794146312613783e-06,0.0,0.0,0.0,0.0017090253785279424,0.0017090253785279424,300.3332682396176,300.31480091234755,3.156113097811246e-05
379,455,fluid_gap,0.002265384331211816,1.53843312118158e-05,0.0,0.0,0.0,0.0005539263088032199,0.0005539263088032199,300.233382365075,300.18531427857556,2.6626177725861462e-05
45,57,fluid_gap,0.0015138969608596217,1.389696085962169e-05,0.0,0.0,0.0,0.00041123191047007083,0.00041123191047007083,300.80919169628794,300.8269577333094,-7.305961345828536e-06
153,498,fluid_gap,0.0023542736356039836,0.0001042736356039835,0.0,0.0,0.0,8.621068378897227e-05,8.621068378897227e-05,300.4541511598669,300.50873190445725,-4.705443312844395e-06
151,345,fluid_gap,0.0020173013433964202,1.730134339642019e-05,0.0,0.0,0.0,0.00044631373350063365,0.00044631373350063365,300.4434190719298,300.45849654269364,-6.729282268363279e-06
170,443,fluid_gap,0.002314700965000398,6.470096500039795e-05,0.0,0.0,0.0,0.0001381366637509136,0.0001381366637509136,300.38870505248826,300.35022910142186,5.314939514956256e-06
307,448,fluid_gap,0.0023230967199193405,7.309671991934043e-05,0.0,0.0,0.0,0.00012248466761079406,0.00012248466761079406,300.4384548451292,300.35135272497206,1.0668674235639369e-05
292,405,fluid_gap,0.002320920170721949,7.092017072194887e-05,0.0,0.0,0.0,0.00012619147061619467,0.00012619147061619467,300.57249978255305,300.5416124098718,3.897722982119119e-06
20,247,fluid_gap,0.0017764821662206466,2.6482166220646603e-05,0.0,0.0,0.0,0.00025475661459103797,0.00025475661459103797,300.4759959626724,300.47005442578387,1.5136458231928532e-06
275,473,fluid_gap,0.0023103613432416165,6.036134324161643e-05,0.0,0.0,0.0,0.00014790602080912718,0.00014790602080912718,300.79482015702644,300.77329896439176,3.1831139656621653e-06
405,452,fluid_gap,0.0026285160230583907,0.00012851602305839066,0.0,0.0,0.0,7.883330481483129e-05,7.883330481483129e-05,300.5416124098718,300.55940878677296,-1.4029472048498704e-06
107,349,fluid_gap,0.002165032948479076,0.00016503294847907595,0.0,0.0,0.0,4.919590342854653e-05,4.919590342854653e-05,300.3035156961206,300.4248476279469,-5.969034000926573e-06
31,66,fluid_gap,0.0016962007459319195,0.00019620074593191942,0.0,0.0,0.0,3.1065327088646216e-05,3.1065327088646216e-05,300.8945995062408,300.8988496192659,-1.3203115128782046e-07
355,492,fluid_gap,0.0024447364869482355,0.00019473648694823546,0.0,0.0,0.0,4.636699192813591e-05,4.636699192813591e-05,300.9431870362965,300.93242951084704,4.987940956806683e-07
153,357,fluid_gap,0.0020722320509296258,7.223205092962573e-05,0.0,0.0,0.0,0.00011153778701600003,0.00011153778701600003,300.4541511598669,300.3977810793141,6.287394038775673e-06
18,434,fluid_gap,0.002118428941007935,0.00011842894100793505,0.0,0.0,0.0,6.411873058990228e-05,6.411873058990228e-05,300.6268097611857,300.5156351514539,7.128374849830203e-06
190,360,fluid_gap,0.0020577360520970616,5.7736052097061546e-05,0.0,0.0,0.0,0.0001390652011448706,0.0001390652011448706,300.19043576770525,300.2188012199173,-3.944647317430984e-06
156,404,fluid_gap,0.0023378336427770045,8.783364277700442e-05,0.0,0.0,0.0,0.00010216525886654132,0.00010216525886654132,300.4824777984883,300.5094831256678,-2.759006242074558e-06
94,163,fluid_gap,0.0018597050892278605,0.00010970508922786043,0.0,0.0,0.0,6.324247310428207e-05,6.324247310428207e-05,300.2886673917058,300.3660777598416,-4.895623124818296e-06
363,409,fluid_gap,0.0023518931525475387,0.00010189315254753866,0.0,0.0,0.0,8.820520982849036e-05,8.820520982849036e-05,300.6995602202823,300.79140700229584,-8.101364679575325e-06
2,201,fluid_gap,0.0018072776289131038,5.727762891310378e-05,0.0,0.0,0.0,0.00012013638438241041,0.00012013638438241041,300.3488787147444,300.30499596282516,5.271915152326249e-06
312,363,fluid_gap,0.0020161159515017985,1.61159515017985e-05,0.0,0.0,0.0,0.00047722388664604335,0.00047722388664604335,300.6416419193376,300.6995602202823,-2.7639996684774776e-05
81,201,fluid_gap,0.0019488656253445443,0.00019886562534454427,0.0,0.0,0.0,3.502985376265065e-05,3.502985376265065e-05,300.283598955009,300.30499596282516,-7.495340547589551e-07
113,275,fluid_gap,0.002043114696168572,4.311469616857192e-05,0.0,0.0,0.0,0.00018515691161333643,0.00018515691161333643,300.7854204188141,300.79482015702644,-1.7404264973676699e-06
194,348,fluid_gap,0.0021379396926437255,0.00013793969264372548,0.0,0.0,0.0,5.8789110180907945e-05,5.8789110180907945e-05,300.5815028060439,300.48810319878,5.490879802291225e-06
312,340,fluid_gap,0.002161756659085383,0.00016175665908538294,0.0,0.0,0.0,5.0186216313572865e-05,5.0186216313572865e-05,300.6416419193376,300.608376154148,1.66948288764093e-06
232,496,fluid_gap,0.002293650951340855,4.365095134085495e-05,0.0,0.0,0.0,0.00020325909835803153,0.00020325909835803153,300.30916805403785,300.3532025606024,-8.950414100955629e-06
184,456,fluid_gap,0.002449921168323586,0.0001999211683235858,0.0,0.0,0.0,4.5170512326277034e-05,4.5170512326277034e-05,300.50752521568785,300.42054945369165,3.928739729336697e-06
342,484,fluid_gap,0.002352225194294968,0.00010222519429496798,0.0,0.0,0.0,8.792148246712418e-05,8.792148246712418e-05,300.58630696642206,300.5675842031852,1.6461330996637375e-06
209,220,fluid_gap,0.002069077589869457,6.907758986945695e-05,0.0,0.0,0.0,0.00011655853054520523,0.00011655853054520523,300.3787285262463,300.2919768944936,1.0111642719492386e-05
312,461,fluid_gap,0.0023252840417247963,7.528404172479626e-05,0.0,0.0,0.0,0.00011897261740682572,0.00011897261740682572,300.6416419193376,300.59143378862404,5.97339272609421e-06
44,417,fluid_gap,0.0020128852622332953,1.2885262233295215e-05,0.0,0.0,0.0,0.0005514935162522913,0.0005514935162522913,300.2131867396185,300.28725707370813,-4.084930899707766e-05
82,385,fluid_gap,0.001850032036237957,0.00010003203623795698,0.0,0.0,0.0,6.92974613667124e-05,6.92974613667124e-05,300.3207010486766,300.2785565649615,2.9205057320675774e-06
157,163,fluid_gap,0.0021299160583224874,0.00012991605832248735,0.0,0.0,0.0,6.239220004021789e-05,6.239220004021789e-05,300.2814242248976,300.3660777598416,-5.281720286336492e-06
75,130,fluid_gap,0.0018464042731752984,9.640427317529838e-05,0.0,0.0,0.0,7.187840327497688e-05,7.187840327497688e-05,300.28957477913576,300.20400429375,6.150669856992068e-06
452,467,fluid_gap,0.002676957716158401,0.00017695771615840097,0.0,0.0,0.0,5.737416923848756e-05,5.737416923848756e-05,300.55940878677296,300.68461128284844,-7.183389198915311e-06
350,455,fluid_gap,0.0023659948328134625,0.00011599483281346241,0.0,0.0,0.0,7.757361493768626e-05,7.757361493768626e-05,300.26815210216967,300.18531427857556,6.426029429765046e-06
248,444,fluid_gap,0.0023495431049461515,9.954310494615149e-05,0.0,0.0,0.0,9.026687722873936e-05,9.026687722873936e-05,300.29290158732726,300.35575783735044,-5.67383740390077e-06
257,263,fluid_gap,0.002051840914788473,5.184091478847288e-05,0.0,0.0,0.0,0.00015457985411553328,0.00015457985411553328,300.6694790974593,300.64645093322264,3.5596902682541703e-06
36,115,fluid_gap,0.0018572483640052024,0.00010724836400520239,0.0,0.0,0.0,6.467777774141354e-05,6.467777774141354e-05,300.0609593064784,300.07796114551866,-1.0996411666394994e-06
322,478,fluid_gap,0.0023058022686475088,5.580226864750873e-05,0.0,0.0,0.0,0.00015977728225417565,0.00015977728225417565,300.7420996242809,300.80163946270807,-9.513113569743743e-06
258,493,fluid_gap,0.0023318285169368707,8.182851693687063e-05,0.0,0.0,0.0,0.00010957231212153352,0.00010957231212153352,300.7846289822221,300.827921503018,-4.743661601174956e-06
296,456,fluid_gap,0.0024152805931195653,0.00016528059311956525,0.0,0.0,0.0,5.458070566205257e-05,5.458070566205257e-05,300.53299382601193,300.42054945369165,6.13729318896762e-06
21,257,fluid_gap,0.0018465407259251004,9.654072592510041e-05,0.0,0.0,0.0,7.177785034505732e-05,7.177785034505732e-05,300.76498433908034,300.6694790974593,6.855160940242578e-06
211,497,fluid_gap,0.0022590343815002017,9.03438150020165e-06,0.0,0.0,0.0,0.000904461536586797,0.000904461536586797,300.7420955002433,300.8018341930291,-5.4031349870730984e-05
105,372,fluid_gap,0.0021551911331944553,0.0001551911331944553,0.0,0.0,0.0,5.229580407208049e-05,5.229580407208049e-05,300.68719623350364,300.580732611187,5.567600733475665e-06
221,295,fluid_gap,0.0020903345455931207,9.033454559312067e-05,0.0,0.0,0.0,8.9431012617297e-05,8.9431012617297e-05,300.45918173956824,300.41929308808074,3.5672824944657224e-06
354,415,fluid_gap,0.002366410377280323,0.00011641037728032304,0.0,0.0,0.0,7.729906266037973e-05,7.729906266037973e-05,300.07867396525523,300.1281101185898,-3.821368314296927e-06
30,440,fluid_gap,0.0021858136096657463,0.00018581360966574622,0.0,0.0,0.0,4.099076136276386e-05,4.099076136276386e-05,300.3940329627177,300.52119607069596,-5.212512613284903e-06
204,327,fluid_gap,0.0021404772861443777,0.0001404772861443777,0.0,0.0,0.0,5.773464505813228e-05,5.773464505813228e-05,300.45195679128994,300.47575601667825,-1.374039830452115e-06
357,425,fluid_gap,0.0024010152738164745,0.0001510152738164745,0.0,0.0,0.0,5.970263304809404e-05,5.970263304809404e-05,300.3977810793141,300.3768764679828,1.2480603393241514e-06
33,77,fluid_gap,0.0015417458688447988,4.1745868844798775e-05,0.0,0.0,0.0,0.00014331456676533336,0.00014331456676533336,300.55838566408124,300.5513910139541,1.0024352526441579e-06
304,427,fluid_gap,0.0022904434801147133,4.044348011471321e-05,0.0,0.0,0.0,0.00021899010616988383,0.00021899010616988383,300.40942570394793,300.42241379044685,-2.8442624413425203e-06
408,484,fluid_gap,0.0025267668323770997,2.6766832377099654e-05,0.0,0.0,0.0,0.00036771123135340215,0.00036771123135340215,300.65932291736584,300.5675842031852,3.3733355554134194e-05
280,335,fluid_gap,0.0021439758095883454,0.00014397580958834533,0.0,0.0,0.0,5.634140566296312e-05,5.634140566296312e-05,300.8256886027962,300.83207368581634,-3.5974455262830227e-07
286,378,fluid_gap,0.0021508089330761113,0.00015080893307611127,0.0,0.0,0.0,5.380540350177064e-05,5.380540350177064e-05,300.7479912549453,300.7791489202337,-1.6764507530149388e-06
84,280,fluid_gap,0.0017569744184993835,6.974418499383454e-06,0.0,0.0,0.0,0.0008779654125929577,0.0008779654125929577,300.80612068413956,300.8256886027962,-1.717995577698185e-05
11,295,fluid_gap,0.0019474788407836425,0.00019747884078364242,0.0,0.0,0.0,3.5274609627693455e-05,3.5274609627693455e-05,300.35406682868575,300.41929308808074,-2.300830837632943e-06
78,205,fluid_gap,0.0018761072270339456,0.00012610722703394555,0.0,0.0,0.0,5.508155430163177e-05,5.508155430163177e-05,300.9469414275579,300.8686160537387,4.314283331215379e-06
146,232,fluid_gap,0.0021451890473087897,0.0001451890473087897,0.0,0.0,0.0,5.587382262694552e-05,5.587382262694552e-05,300.34598923090095,300.30916805403785,2.057339904964236e-06
351,372,fluid_gap,0.002042273230251035,4.227323025103504e-05,0.0,0.0,0.0,0.0001887573645865758,0.0001887573645865758,300.54427659156005,300.580732611187,-6.881342188097574e-06
67,433,fluid_gap,0.0020458414008177666,4.584140081776659e-05,0.0,0.0,0.0,0.00016347999759692581,0.00016347999759692581,300.58315879230963,300.57840043558065,7.778961466197567e-07
51,116,fluid_gap,0.001756349492162935,6.349492162934867e-06,0.0,0.0,0.0,0.0009526186942968725,0.0009526186942968725,300.9321713064935,300.92764621052504,4.310691013043213e-06
190,274,fluid_gap,0.0021848207263755076,0.00018482072637550752,0.0,0.0,0.0,4.3957103487084854e-05,4.3957103487084854e-05,300.19043576770525,300.2272462378482,-1.6180816454814085e-06
120,480,fluid_gap,0.0024016899589016476,0.00015168995890164753,0.0,0.0,0.0,5.9438827383642626e-05,5.9438827383642626e-05,300.68901061791144,300.7295044518698,-2.4069060067523073e-06
238,328,fluid_gap,0.0021342154887686485,0.0001342154887686484,0.0,0.0,0.0,6.040832284612766e-05,6.040832284612766e-05,300.2375848206172,300.320795776963,-5.0266343152718065e-06
319,402,fluid_gap,0.00225602891767814,6.028917678139794e-06,0.0,0.0,0.0,0.0012911962447072513,0.0012911962447072513,300.2292938497882,300.2437497091268,-1.866535129204889e-05
271,482,fluid_gap,0.0023844743286728833,0.00013447432867288328,0.0,0.0,0.0,6.699211724669075e-05,6.699211724669075e-05,300.3332682396176,300.37389259770663,-2.721511760171117e-06
32,465,fluid_gap,0.0020379789884098416,3.797898840984153e-05,0.0,0.0,0.0,0.00019645538290038585,0.00019645538290038585,300.8529154312391,300.83013118417756,4.476087980576854e-06
112,430,fluid_gap,0.0024479035315142627,0.00019790353151426265,0.0,0.0,0.0,4.5628712779892134e-05,4.5628712779892134e-05,300.16950086000395,300.3443102264148,-7.976326371195187e-06
358,463,fluid_gap,0.0022934038086215866,4.340380862158659e-05,0.0,0.0,0.0,0.00020439039785335943,0.00020439039785335943,300.79370371778236,300.84886073392516,-1.1273564473831128e-05
76,256,fluid_gap,0.0018298074408264928,7.980744082649281e-05,0.0,0.0,0.0,8.664132357604298e-05,8.664132357604298e-05,300.9365312329606,300.93243640703037,3.5478113840811165e-07
120,303,fluid_gap,0.002099911810920639,9.991181092063907e-05,0.0,0.0,0.0,8.094335860999662e-05,8.094335860999662e-05,300.68901061791144,300.61911632299154,5.657478978493591e-06
243,495,fluid_gap,0.002388831378412993,0.00013883137841299285,0.0,0.0,0.0,6.490468887151597e-05,6.490468887151597e-05,300.8582532805325,300.9084663095193,-3.2590610236867362e-06
119,459,fluid_gap,0.002309225590994037,5.92255909940369e-05,0.0,0.0,0.0,0.00015069527688435844,0.00015069527688435844,300.9306017228133,300.82310815454116,1.619877303406108e-05
47,476,fluid_gap,0.002194125692336016,0.00019412569233601606,0.0,0.0,0.0,3.924461203160422e-05,3.924461203160422e-05,300.91378822851607,300.83562140664554,3.067626598052267e-06
14,299,fluid_gap,0.0018132836315645716,6.32836315645716e-05,0.0,0.0,0.0,0.0001089120738452289,0.0001089120738452289,300.65236678373896,300.628568008636,2.591973951436554e-06
389,441,fluid_gap,0.002340459929351493,9.045992935149288e-05,0.0,0.0,0.0,9.92315670340322e-05,9.92315670340322e-05,300.1682589066301,300.2975623368967,-1.2830982008229308e-05
247,357,fluid_gap,0.0021676595299769757,0.00016765952997697562,0.0,0.0,0.0,4.842976202085069e-05,4.842976202085069e-05,300.47005442578387,300.3977810793141,3.500180969982193e-06
18,125,fluid_gap,0.0017839413356105628,3.3941335610562784e-05,0.0,0.0,0.0,0.0002003719521781424,0.0002003719521781424,300.6268097611857,300.6916526602474,-1.2992698269886323e-05
157,319,fluid_gap,0.0021466347156654294,0.00014663471566542935,0.0,0.0,0.0,5.532669509686428e-05,5.532669509686428e-05,300.2814242248976,300.2292938497882,2.8842013689636983e-06
174,228,fluid_gap,0.0020835930201457287,8.35930201457287e-05,0.0,0.0,0.0,9.655809528093662e-05,9.655809528093662e-05,300.85819530003744,300.8466732725563,1.1125450273529992e-06
25,285,fluid_gap,0.00180356049247038,5.3560492470380036e-05,0.0,0.0,0.0,0.00012832112231759963,0.00012832112231759963,300.0024383371299,300.0971298488581,-1.2150921058916462e-05
408,431,fluid_gap,0.00259755457262095,9.755457262094992e-05,0.0,0.0,0.0,0.00010359921262543666,0.00010359921262543666,300.65932291736584,300.63765202547074,2.2450873372231636e-06
44,383,fluid_gap,0.0017608620513827878,1.086205138278772e-05,0.0,0.0,0.0,0.0005902236807167439,0.0005902236807167439,300.2131867396185,300.1473380875664,3.886543378440789e-05
251,340,fluid_gap,0.002088141240457647,8.814124045764676e-05,0.0,0.0,0.0,9.163144754771895e-05,9.163144754771895e-05,300.49155263665705,300.608376154148,-1.0704708015312643e-05
373,451,fluid_gap,0.002311457455048654,6.145745504865393e-05,0.0,0.0,0.0,0.0001453103092865471,0.0001453103092865471,300.241732667058,300.18438842522005,8.332709517273416e-06
194,484,fluid_gap,0.0023602157839347033,0.00011021578393470327,0.0,0.0,0.0,8.160453300135009e-05,8.160453300135009e-05,300.5815028060439,300.5675842031852,1.1358210863127293e-06
140,220,fluid_gap,0.0021116856844710574,0.00011168568447105735,0.0,0.0,0.0,7.248605657120006e-05,7.248605657120006e-05,300.2264034877425,300.2919768944936,-4.753157671324423e-06
157,309,fluid_gap,0.00219847844942815,0.00019847844942814984,0.0,0.0,0.0,4.0947485418847445e-05,4.0947485418847445e-05,300.2814242248976,300.4086239434662,-5.208508621368857e-06
429,444,fluid_gap,0.0026248441691841436,0.00012484416918414351,0.0,0.0,0.0,8.113348588464694e-05,8.113348588464694e-05,300.1981585281253,300.35575783735044,-1.2786581330447499e-05
223,231,fluid_gap,0.002070083009307839,7.008300930783909e-05,0.0,0.0,0.0,0.00011490989167270207,0.00011490989167270207,300.9252562324559,300.84302068734064,9.449677580842617e-06
331,444,fluid_gap,0.002362338613366002,0.00011233861336600189,0.0,0.0,0.0,8.007608211212641e-05,8.007608211212641e-05,300.36270607782797,300.35575783735044,5.563878750132668e-07
300,456,fluid_gap,0.0022642840328898667,1.4284032889866653e-05,0.0,0.0,0.0,0.0005938034925577615,0.0005938034925577615,300.46202772835534,300.42054945369165,2.4629944360568522e-05
365,436,fluid_gap,0.002257341637524103,7.341637524102855e-06,0.0,0.0,0.0,0.0010880012568451431,0.0010880012568451431,300.6240050093064,300.58976528245466,3.725286584874012e-05
62,255,fluid_gap,0.0019497566873843519,0.00019975668738435185,0.0,0.0,0.0,3.487437314900539e-05,3.487437314900539e-05,300.18358308378237,300.2365308172075,-1.8465190128619885e-06
228,287,fluid_gap,0.00214292481313181,0.00014292481313181015,0.0,0.0,0.0,5.675283310496893e-05,5.675283310496893e-05,300.8466732725563,300.93174669634965,-4.828157822212092e-06
16,180,fluid_gap,0.0018015433278719668,5.1543327871966804e-05,0.0,0.0,0.0,0.00013324743429004354,0.00013324743429004354,300.62286029905084,300.66997994602144,-6.278572063485088e-06
255,282,fluid_gap,0.0021916665533105173,0.00019166655331051725,0.0,0.0,0.0,4.2395219922624636e-05,4.2395219922624636e-05,300.2365308172075,300.35517341482597,-5.029879018226712e-06
203,500,fluid_gap,0.0023869185368168714,0.00013691853681687132,0.0,0.0,0.0,6.580487525343511e-05,6.580487525343511e-05,300.68112121299316,300.65540979541805,1.6919366261190837e-06
5,372,fluid_gap,0.0018674191821605025,0.00011741918216050251,0.0,0.0,0.0,5.9122715596116564e-05,5.9122715596116564e-05,300.653408359305,300.580732611187,4.296787586715612e-06
177,255,fluid_gap,0.0020390271166661816,3.902711666618156e-05,0.0,0.0,0.0,0.00020406518329696798,0.00020406518329696798,300.1676733863956,300.2365308172075,-1.4051404239983474e-05
23,160,fluid_gap,0.00190953036124069,0.00015953036124068988,0.0,0.0,0.0,4.36133300510227e-05,4.36133300510227e-05,300.5019022541821,300.427973057567,3.2242984523811857e-06
146,496,fluid_gap,0.0023863330148979375,0.00013633301489793747,0.0,0.0,0.0,6.60854355896531e-05,6.60854355896531e-05,300.34598923090095,300.3532025606024,-4.7669603537353257e-07
245,389,fluid_gap,0.0020381070836129733,3.8107083612973214e-05,0.0,0.0,0.0,0.00020886601977713825,0.00020886601977713825,300.1431400322182,300.1682589066301,-5.2464793197017055e-06
191,274,fluid_gap,0.0021410756800262806,0.00014107568002628057,0.0,0.0,0.0,5.74914784699433e-05,5.74914784699433e-05,300.2835972437772,300.2272462378482,3.239702644126891e-06
