<?xml version="1.0"?>
<VTKFile type="PolyData" version="0.1" byte_order="LittleEndian">
<PolyData>
<Piece NumberOfPoints="3540" NumberOfVerts="0" NumberOfLines="1770" NumberOfStrips="0" NumberOfPolys="0">
<CellData>
<DataArray type="Int32" Name="edge_kind" format="ascii">0 0 0 0 0 0 0 0 0 0 0 0 0 0 0 0 0 0 0 0 0 0 0 0 0 0 0 0 0 0 0 0 0 0 0 0 0 0 0 0 0 0 0 0 0 0 0 0 0 0 0 0 0 0 0 0 0 0 0 0 0 0 0 0 0 0 0 0 0 0 0 0 0 0 0 0 0 0 0 0 0 0 0 0 0 0 0 0 0 0 0 0 0 0 0 0 0 0 0 0 0 0 0 0 0 0 0 0 0 0 0 0 0 0 0 0 0 0 0 0 0 0 0 0 0 0 0 0 0 0 0 0 0 0 0 0 0 0 0 0 0 0 0 0 0 0 0 0 0 0 0 0 0 0 0 0 0 0 0 0 0 0 0 0 0 0 0 0 0 0 0 0 0 0 0 0 0 0 0 0 0 0 0 0 0 0 0 0 0 0 0 0 0 0 0 0 0 0 0 0 0 0 0 0 0 0 0 0 0 0 0 0 0 0 0 0 0 0 0 0 0 0 0 0 0 0 0 0 0 0 0 0 0 0 0 0 0 0 0 0 0 0 0 0 0 0 0 0 0 0 0 0 0 0 0 0 0 0 0 0 0 0 0 0 0 0 0 0 0 0 0 0 0 0 0 0 0 0 0 0 0 0 0 0 0 0 0 0 0 0 0 0 0 0 0 0 0 0 0 0 0 0 0 0 0 0 0 0 0 0 0 0 0 0 0 0 0 0 0 0 0 0 0 0 0 0 0 0 0 0 0 0 0 0 0 0 0 0 0 0 0 0 0 0 0 0 0 0 0 0 0 0 0 0 0 0 0 0 0 0 0 0 0 0 0 0 0 0 0 0 0 0 0 0 0 0 0 0 0 0 0 0 0 0 0 0 0 0 0 0 0 0 0 0 0 0 0 0 0 0 0 0 0 0 0 0 0 0 0 0 0 0 0 0 0 0 0 0 0 0 0 0 0 0 0 0 0 0 0 0 0 0 0 0 0 0 0 0 0 0 0 0 0 0 0 0 0 0 0 0 0 0 0 0 0 0 0 0 0 0 0 0 0 0 0 0 0 0 0 0 0 0 0 0 0 0 0 0 0 0 0 0 0 0 0 0 0 0 0 0 0 0 0 0 0 0 0 0 0 0 0 0 0 0 0 0 0 0 0 0 0 0 0 0 0 0 0 0 0 0 0 0 0 0 0 0 0 0 0 0 0 0 0 0 0 0 0 0 0 0 0 0 0 0 0 0 0 0 0 0 0 0 0 0 0 0 0 0 0 0 0 0 0 0 0 0 0 0 0 0 0 0 0 0 0 0 0 0 0 0 0 0 0 0 0 0 0 0 0 0 0 0 0 0 0 0 0 0 0 0 0 0 0 0 0 0 0 0 0 0 0 0 0 0 0 0 0 0 0 0 0 0 0 0 0 0 0 0 0 0 0 0 0 0 0 0 0 0 0 0 0 0 0 0 0 0 0 0 0 0 0 0 0 0 0 0 0 0 0 0 0 0 0 0 0 0 0 0 0 0 0 0 0 0 0 0 0 0 0 0 0 0 0 0 0 0 0 0 0 0 0 0 0 0 0 0 0 0 0 0 0 0 0 0 0 0 0 0 0 0 0 0 0 0 0 0 0 0 0 0 0 0 0 0 0 0 0 0 0 0 0 0 0 0 0 0 0 0 0 0 0 0 0 0 0 0 0 0 0 0 0 0 0 0 0 0 0 0 0 0 0 0 0 0 0 0 0 0 0 0 0 0 0 0 0 0 0 0 0 0 0 0 0 0 0 0 0 0 0 0 0 0 0 0 0 0 0 0 0 0 0 0 0 0 0 0 0 0 0 0 0 0 0 0 0 0 0 0 0 0 0 0 0 0 0 0 0 0 0 0 0 0 0 0 0 0 0 0 0 0 0 0 0 0 0 0 0 0 0 0 0 0 0 0 0 0 0 0 0 0 0 0 0 0 0 0 0 0 0 0 0 0 0 0 0 0 0 0 0 0 0 0 0 0 0 0 0 0 0 0 0 0 0 0 0 0 0 0 0 0 0 0 0 0 0 0 0 0 0 0 0 0 0 0 0 0 0 0 0 0 0 0 0 0 0 0 0 0 0 0 0 0 0 0 0 0 0 0 0 0 0 0 0 0 0 0 0 0 0 0 0 0 0 0 0 0 0 0 0 0 0 0 0 0 0 0 0 0 0 0 0 0 0 0 0 0 0 0 0 0 0 0 0 0 0 0 0 0 0 0 0 0 0 0 0 0 0 0 0 0 0 0 0 0 0 0 0 0 0 0 0 0 0 0 0 0 0 0 0 0 0 0 0 0 0 0 0 0 0 0 0 0 0 0 0 0 0 0 0 0 0 0 0 0 0 0 0 0 0 0 0 0 0 0 0 0 0 0 0 0 0 0 0 0 0 0 0 0 0 0 0 0 0 0 0 0 0 0 0 0 0 0 0 0 0 0 0 0 0 0 0 0 0 0 0 0 0 0 0 0 0 0 0 0 0 0 0 0 0 0 0 0 0 0 0 0 0 0 0 0 0 0 0 0 0 0 0 0 0 0 0 0 0 0 0 0 0 0 0 0 0 0 0 0 0 0 0 0 0 0 0 0 0 0 0 0 0 0 0 0 0 0 0 0 0 0 0 0 0 0 0 0 0 0 0 0 0 0 0 0 0 0 0 0 0 0 0 0 0 0 0 0 0 0 0 0 0 0 0 0 0 0 0 0 0 0 0 0 0 0 0 0 0 0 0 0 0 0 0 0 0 0 0 0 0 0 0 0 0 0 0 0 0 0 0 0 0 0 0 0 0 0 0 0 0 0 0 0 0 0 0 0 0 0 0 0 0 0 0 0 0 0 0 0 0 0 0 0 0 0 0 0 0 0 0 0 0 0 0 0 0 0 0 0 0 0 0 0 0 0 0 0 0 0 0 0 0 0 0 0 0 0 0 0 0 0 0 0 0 0 0 0 0 0 0 0 0 0 0 0 0 0 0 0 0 0 0 0 0 0 0 0 0 0 0 0 0 0 0 0 0 0 0 1 1 1 1 1 1 1 1 1 1 1 1 1 1 1 1 1 1 1 1 1 1 1 1 1 1 1 1 1 1 1 1 1 1 1 1 1 1 1 1 1 1 1 1 1 1 1 1 1 1 1 1 1 1 1 1 1 1 1 1 1 1 1 1 1 1 1 1 1 1 1 1 1 1 1 1 1 1 1 1 1 1 1 1 1 1 1 1 1 1 1 1 1 1 1 1 1 1 1 1 1 1 1 1 1 1 1 1 1 1 1 1 1 1 1 1 1 1 1 1 1 1 1 1 1 1 1 1 1 1 1 1 1 1 1 1 1 1 1 1 1 1 1 1 1 1 1 1 1 1 1 1 1 1 1 1 1 1 1 1 1 1 1 1 1 1 1 1 1 1 1 1 1 1 1 1 1 1 1 1 1 1 1 1 1 1 1 1 1 1 1 1 1 1 1 1 1 1 1 1 1 1 1 1 1 1 1 1 1 1 1 1 1 1 1 1 1 1 1 1 1 1 1 1 1 1 1 1 1 1 1 1 1 1 1 1 1 1 1 1 1 1 1 1 1 1 1 1 1 1 1 1 1 1 1 1 1 1 1 1 1 1 1 1 1 1 1 1 1 1 1 1 1 1 1 1 1 1 1 1 1 1 1 1 1 1 1 1 1 1 1 1 1 1 1 1 1 1 1 1 1 1 1 1 1 1 1 1 1 1 1 1 1 1 1 1 1 1 1 1 1 1 1 1 1 1 1 1 1 1 1 1 1 1 1 1 1 1 1 1 1 1 1 1 1 1 1 1 1 1 1 1 1 1 1 1 1 1 1 1 1 1 1 1 1 1 1 1 1 1 1 1 1 1 1 1 1 1 1 1 1 1 1 1 1 1 1 1 1 1 1 1 1 1 1 1 1 1 1 1 1 1 1 1 1 1 1 1 1 1 1 1 1 1 1 1 1 1 1 1 1 1 1 1 1 1 1</DataArray>
<DataArray type="Float64" Name="conductance" format="ascii">1.2251028536521078e-06 0.00024909236797631 0.0002489502857656373 0.00021417414907937786 4.153958093064617e-05 7.6752169678403e-05 0.0001257334875965192 0.00011343991843008559 0.00013175430674350677 0.00012453195611582352 0.00019034068767981917 0.00011451279932924378 0.00021060719154498262 0.00014759330159056614 0.0001729745714425607 0.00015823820991066537 0.00017071454965851107 0.00021130967768811466 0.00022949541624317537 0.00013866949064592218 0.00023176126044837197 0.00010724664931525877 0.0002149837259087041 0.00023187217215962615 0.00024222652880034879 0.00022491590729053278 0.0001574138297045627 0.00022722973215501643 0.00019464657247405452 0.000141490537475876 0.00017850655255021285 2.2292785504166834e-05 2.3760914810253662e-05 1.2316924470549406e-05 0.0001775706540879637 0.00023709199960089474 0.00014793958152283703 0.00022102601357991728 9.332078993158548e-05 8.095582440754185e-05 9.427384808551797e-05 0.00021374284769766033 0.00020178630528164404 0.00018731718393032095 0.00017872808311913816 1.1801631921491135e-05 0.00018428838470083725 0.00017659813456572714 0.00015184762975861907 0.00019726788451938115 0.00022408343124603417 0.00017665917510057005 0.00019545559589273552 0.0001757036277308025 0.00015138519957292172 0.00013111966169480484 0.00021024113638410397 0.00012622116668817412 0.00014580563426279993 0.0001712720206139574 0.0001686910151020879 0.00019329314623660953 0.0001310260783491302 0.00017397382728062178 8.065847549201047e-05 0.00019431683127371302 0.00020829011472378074 0.00022334679791371478 0.0002574203552157907 0.0002362836413759006 0.0002575414067840439 0.00020039554896699648 0.00023681700994047976 0.00027151456268913437 0.00022262851451584768 0.00010231319944324348 0.0001386079429395928 0.0001972372509429356 0.0002042295738588252 0.0001544453323783898 0.00013189752687805587 4.9033240652382424e-05 0.0001277401380274032 7.792729831347596e-05 0.00015687090805388136 0.00015418731759310486 0.00010835569419098347 0.0001163717670920747 5.46645552060775e-05 0.0001397344360776027 0.00019609466045284276 0.00017664097473129174 0.00019394942696170512 0.00014582465411522736 0.00015237196150460992 0.00023117447705438285 0.00023094726731574193 0.00024347971466701367 4.053402996977261e-06 4.578072305121008e-05 0.00011246395935455027 1.6973968592842035e-05 0.0001169539926414978 4.822812885910476e-05 0.00021752153278462908 0.0002470833610867056 0.00029547129282948966 0.00027880803208114494 0.000104834487722566 0.0002892230937639326 0.00024584386363972574 0.00019314962564627225 0.00017832149796191828 0.00016315242060232487 0.0001169044280476939 0.00023878505098297106 0.0001782201794251769 0.0002256243146545724 2.5454393255963323e-05 9.682458365518543e-08 0.00023447129520132634 0.00023249136361529508 0.00021178031624604295 0.00024551816283717925 0.00013469042076570326 0.0001747642626930126 0.00013829159907349092 0.00010831028645626031 0.00014456434287935064 0.00012365806523905452 0.00015074765610626032 1.2189891924728888e-06 9.258200997725515e-08 0.00021573122489519216 8.74570462941719e-05 0.00014559007433025028 8.695363987458857e-05 0.00018075768889659293 8.954980681060068e-05 0.00013969340194959777 6.472083567332294e-05 0.0001997081823814231 0.00020060108518782466 0.00021528831011003225 9.022705951785956e-05 0.00013195800960908913 0.00015450531554145902 0.0001529424863504238 0.00016271646409757776 1.1464243510460918e-05 0.00021710005682144628 0.00015364569632474233 0.0002635187525324097 0.0002736894988011209 0.00022576003571301708 8.660254037844388e-08 9.258200997725515e-08 7.960559219788628e-05 9.917705531499833e-05 0.00012167217959025896 0.00016378028575782046 0.00016328253259716843 0.00018069707525783749 0.00020269316236199025 0.00019507144382923487 0.0001813179426476137 6.107230471607004e-05 0.00018748020011727688 0.00019975139420692025 0.00025051185964836554 0.00018905149467154432 6.095615420548958e-05 0.00017718909121479493 0.00014573861471295693 0.00019099373491643538 0.00023854690784454318 0.00018333359024108484 0.00010956535082875896 0.00014128169853969833 9.316520789461817e-05 0.00014842418925173836 7.426980740124627e-05 0.0001532013608825095 8.728353295204905e-05 0.0001665932179427417 0.00023782056928369784 0.000188081767370321 0.00019017720384392506 0.00020679486903451587 5.305948746408737e-05 0.00021452181642442098 0.0002449313074049336 0.0002481657822701559 0.00019858225493988194 0.00015077678903450677 0.00016305505494495842 0.0002089058705506946 0.0002474773763506706 0.00016204402455898345 0.0002053252759786299 0.00018440061659454494 0.0002327090949164258 0.00017906627129215763 4.332677794369691e-05 9.911202691216585e-05 0.00026085442290623453 0.00021398994082143398 0.00017963588638215865 0.0002072107835851885 0.00022034309934036342 0.00021410644546083558 0.00023933462129471764 0.00013309334369515614 0.0001123590450016485 0.0001691600685120629 0.00018821873933112622 0.00018224636825487785 0.00019577403493182136 0.00017808214061896066 0.00016123338405948858 0.00016628711359736444 0.00016282495619934166 9.085480710384069e-05 0.00013559184660546763 0.00017860432668773013 0.00014892794117081054 0.00024308687862164847 0.0002119178035398388 0.00020835828308069808 0.00025087166789268815 0.00021255098350299046 0.00029835550560092033 0.0002164743129835205 7.369595275240329e-05 0.00014924523550380298 0.00023957089269647166 0.000189353145811395 0.00015583694952984848 0.00012523476203198794 0.00017199561751514588 0.00017072132719117374 0.00025739898875566544 9.808104865652553e-05 8.051670754479874e-05 9.252945501498533e-05 0.0001087433883838454 0.0002530087036072609 0.00025428291466757165 0.0001909815283838615 2.414716753794879e-05 2.4223323616498387e-05 0.000100631516258557 0.00017753848062681426 0.00015441510936973322 0.0001866530460199588 0.00015606823321307703 0.0002501892254044687 0.00021868291561034803 0.00019463638757282164 3.553947763839113e-05 7.54763868796878e-05 6.69740597208958e-05 7.218756411165434e-05 6.66584359201543e-05 0.0001423940346158021 0.0001792255109880567 0.00019125555117219053 0.00013543010206382473 0.00013596323722045645 0.0001523181443379749 9.925173039269733e-05 0.00010187155258010083 0.00011954132460302514 0.00022512615522047905 0.0002211176970225751 0.00014096028236353005 0.00015246678905359295 0.00017075902129551687 0.0001631827253728512 0.00014766559170466877 8.144906357148912e-05 0.00012539673623550106 0.00013416551405768585 7.894805479600957e-05 0.0001004862559340706 0.00012959401388300235 8.403328508088761e-05 0.00010170714267605387 0.00014637105427052114 0.0001534716301862841 0.00020831064004387135 0.0002067114867823827 0.00020754397509982277 0.00014937582212791925 0.00017125729087566824 0.00017534385838754125 0.00013002496520161147 0.00010569762194430196 0.00018884478149055857 6.060307480808063e-05 0.00019702750714299303 0.0001571623140252954 0.0001680026320620823 9.073012958860579e-05 0.00011307581115114011 0.00010342000610255951 0.00011820147502695721 0.0001229200914061184 0.00021872511047939065 0.00018920191358511826 0.00010436200609426324 0.00015295167526764442 0.00013675181448175977 0.0001585601363771199 0.00017457785528677007 0.00019216887683963334 0.00011966257265834533 0.00016980786729673715 0.00016018374590935397 0.00010232441235628787 0.00017043473830277071 7.694559396330882e-05 9.385707677063498e-05 0.00010154608824997319 0.0002289362346688995 0.00015933154303120667 0.00020302377294886402 3.0185466843647443e-05 0.00015071009089357503 0.00020598321966311858 0.0001859907299422692 0.00016804850095826406 0.00014775464614509755 0.00026130342182374374 0.00017746114550635484 0.00016299852501181806 0.00011124929911143918 0.000145925863849524 0.00011386906074676582 6.942412387636535e-05 0.00014899685129331357 0.00022608083949674613 0.00016534911135702532 0.00021209612113791775 8.747578320673017e-05 0.00020848332878782656 0.00012225546910537904 0.00020008528807933553 0.0002028314350136743 0.00015103806699855675 0.0001416945800710356 0.00016279023639462803 0.00018688606119929478 0.00018776356924211197 0.00011689504591922187 0.00018066533502858836 0.0001732851342130748 0.00012094987809958744 0.00020092828007700403 0.00023517611346629802 0.00025550495567849314 0.00016709152950325997 0.00014878195535005103 8.307632516346339e-05 0.00016334628083025342 0.00017980864650914667 0.0001660543688396938 0.0002719223938859739 0.00026522061531204387 0.00014041123683212537 0.00022684181517270568 2.2629639526516166e-05 0.0002375124458028842 0.00023020490510308386 0.0001986353045996961 0.00023920513499575412 0.000304916748121922 0.00025016715461449604 0.00022320553052836113 0.00017202678446712763 0.00020531805061430944 0.00014981676676516575 0.00022618439707857902 0.000193431297296955 0.0002143512657456483 0.00016181634526541943 0.0002168206587458161 0.00020040020672445943 0.00010845584073609811 0.00010544738257280636 0.0002385221752395958 0.00010517910287041915 0.00023427304513429285 0.00013764801670631378 0.00016859393847484125 0.0002593013646334102 0.0001602062241025934 0.00030221354954563167 0.0002240675642777002 0.00022202040549121712 0.00013852359334437547 0.00022329261429603373 0.00017418466104710307 0.0001405203513688067 0.00017857545117723638 0.00019735212181694748 0.00017259867648198056 0.00014966728839334705 0.00021008571466000646 0.00015473867242526116 0.00022791340152227232 0.0001774736733118345 0.00018233393503083752 0.00010412250067108601 0.00020202366608293508 0.00019927199532263797 0.00021388611789590294 0.00023420677260667757 0.0001861175021221493 0.000319627394212244 0.00022467541893284235 0.00019244004781166396 0.00010042639316275752 0.0001679568108857072 0.00019429186227822064 0.00024210313295594646 9.879062819214393e-05 0.0001359110512560293 0.00028269079612289704 0.00016355526516272182 0.0002735376309618631 0.0001010406020167395 0.0002163743819731938 6.794653395233953e-05 0.00018701612881370918 0.00022808802385385985 0.0001805036990925351 0.00025147047606045446 0.00012889551058004435 0.00013737926376181 0.0002302633578331201 0.00024544403435254863 0.00029049270711214493 0.000140904125204004 0.00019509870364010058 0.000267224618883525 0.0002196579807341493 0.00030141254180792826 0.00026550560836642064 0.00023546501418449862 0.00012640256501111064 0.00010893102450389523 0.0001778141971272762 0.00019503931223456417 0.00019318542197444534 0.00017735317958773308 0.00023102248390523814 0.0002810195767963696 0.00024640901879829534 0.0002084333093141647 0.0002160050793262232 0.00015173510627388025 0.00027679733573239497 0.00016952457903702931 0.0002032715397001613 0.0002626940927294686 0.00024847546628809793 0.0001617292894291073 0.0002303367922235549 0.00024486637466982646 0.00027885863765547464 0.00013009702333917594 0.00017746458765850772 0.00019599026211900703 0.0002495600251208426 0.00022681239327474438 0.00023853036116893136 0.0001256579152104516 0.0002661117312377904 0.00024789167581120444 0.00024074217441441055 9.010906596994271e-05 0.00017702369859499568 2.9483766248587013e-05 0.00016436144864115886 0.000221402661483519 0.00019006682716182858 0.00017508824442435207 0.00013764783141341215 0.0001827280897245226 0.00021353650988627625 0.00020333277273391535 7.555413195905129e-05 8.013082070495657e-05 0.00017985242316134793 0.0001847619562240215 0.0002968951969472408 0.0002620331070418826 7.332826021359455e-05 0.0002479686466567474 0.00023848713269113118 0.00011578886883108604 0.0002477887660363071 0.00025614009591335996 0.00019632611740151107 0.00018315695666393464 0.00018276815548725465 0.00024360680593415372 0.00018886791823274243 0.00011308753840275436 0.00022490035907624304 7.334570073136978e-05 1.0000000000000001e-07 0.00016835684185104554 0.00012623440232846985 0.00014791116193460649 0.00015705396845583236 0.00013116998429402247 0.00015845250738962866 0.00021589796469443154 0.00015693333752171007 0.0001420159731685083 0.00022707369403036025 0.00024750529532685436 0.00014458716972828105 0.0001673167807850112 0.00020516977956495095 0.00012066320829761354 0.00013751880999245705 0.00016391756102938261 0.0002456174598915301 0.00019275817616666997 0.0001737915188415975 0.00020188860311914854 0.00015484239250911866 0.00020352358111695701 0.00025341674779652854 7.588410710999486e-05 0.00016414184525225127 0.00026725695215117605 0.0001476694990980508 0.00022890302979240295 0.00019988893523910535 0.00021872161601473218 0.00024252406201808295 0.00021830375862380582 0.00018659398625828246 0.0001337713668460249 0.00024743283178086176 0.0002709423545049906 0.00025949403242110755 0.00028543471903914083 9.580045918348347e-05 0.0002515217365819781 0.00022095448133203685 0.00017513254679098458 0.0002922568217692231 0.00029166780114778566 7.866401034544864e-05 0.00024008412129396855 0.0002068407371778417 0.00022695406071015074 0.00010260901766952465 8.250374407889338e-05 0.00021230470675405333 0.00019494227260259282 0.00020529890060778163 0.00022955642367901828 0.00015919842155603285 9.391584572760727e-05 0.00011604069873482096 9.227232362726549e-05 0.00021361577094010164 0.00013872911448155838 0.00019812019777228459 0.0002809298184509533 0.00014086647550374772 3.2671458066350746e-05 0.00021904981777898867 7.940294873138819e-05 0.0002488089678468062 0.00022277445806724214 0.0001591076286663734 0.0002954595246247735 0.0002755376078102285 0.0001558533398387556 8.987146984212694e-05 0.00017475082014127945 0.0001956716895019088 0.0001500230253814897 0.0001921593666854219 0.00022085073445087707 0.0002175777260459298 0.00018105057802630963 0.00023054457514849944 0.0001279886765131249 0.00021783569407522974 0.00020735294508074367 0.00021367516521564458 0.00025223455884919305 0.0002216988334329065 7.331525125446612e-05 0.00021791484051129412 0.0001657732572673586 0.0002324319230455686 0.00021353382448904807 0.0002528467853134583 0.0002481412913535945 0.00017748719063904192 0.00023822398958903292 0.00015188632216660825 0.00025581172947848797 0.00017472591861146164 0.0001525619391219126 0.00023427610237090137 0.00025244581130562816 0.00018597370540534753 0.00020756305713644279 0.0001872048948741877 0.00030557970615880954 0.00015409858807490605 0.00022702463130258916 0.00022328345836325668 0.00019709584743656458 0.00022478666576419487 0.00018591506600577437 0.000147744246770239 0.00018080440813063715 0.00015202715458489488 6.306472189300473e-05 0.00010097833803929908 0.0001200542086817003 0.00024222911065718876 0.00027326440776405863 0.0003057554383407767 0.00024459419425616757 0.00015014512627729246 0.00011665305625077035 0.00012772593266017454 0.00020288339692357883 0.00023837387179144966 0.00020372781400971798 0.00024018485705595713 0.00029692818401374875 0.00015112744975262377 0.00029514344622003785 0.00031363800832622955 0.00025567720770895626 0.0002789734171937805 0.00022465617797485686 0.0002642266629614352 0.00022774739612880878 0.00031379884719937197 0.00013535101622986524 0.0001244435138657948 0.00010708315258465626 0.00013435668786555038 0.00032153733463479784 0.00039580002644117425 0.000322820352591159 0.00018709505095984336 0.0003044445885869482 0.0003058068371909043 0.00016190034235631775 0.0003107943160039879 0.00015416037692380318 0.00018826640753709376 0.0001740085849050734 0.00022197099305337487 0.00018997099922757877 0.0002710603557725136 0.00014123872135753536 0.00014372415991071026 5.539607827329344e-05 0.00015955309351071834 0.00023752510230990915 0.00014456718374488437 0.00012650660188428682 0.00020816325226732872 0.00018550648177463787 0.00014042116548899398 0.0001524576356391959 0.000280912204139205 0.00023163801490540137 0.0002491721700444781 0.00015918457721509198 0.00026398602235088516 0.0002197687810065205 0.00021603863425434663 0.0001501070788863696 0.00011763119428629992 0.00014948432644896388 0.00021958571283318902 0.00019529799458246251 0.00014359311705413642 0.00022995434431265067 0.00021360199366223377 0.00014371348657618138 0.00024212855690754 0.0002460745133320642 0.00010099359094023526 4.922386532994271e-05 0.00021113953008321384 0.00017937807909115648 0.00021083794514273641 0.000164354445914181 0.0001301359331731329 0.0001343143292867872 0.0002036169056142838 0.00022675150684501883 0.00019489810931887664 0.0002451267372372026 0.0002549934093775784 0.00026590337214966536 0.00025484019057397836 0.00020153183319045954 0.00017234453276259603 0.0001893570679528777 5.728036955214379e-05 0.00016449854402639618 9.761044804737948e-05 0.00018474138087847433 0.00016102172757707722 0.00020987525018952648 0.00024919735305586893 0.0001846435864593619 0.0002801250033383733 0.00027290237803755053 0.00014548441047225778 0.00022479446633860212 0.00029626958254256995 0.0002176523950707067 0.00024261805088649177 0.0003054424380455014 0.0002322597848682118 0.0003066978269619628 0.0003037723224002713 0.0002841560842845328 2.3164900745645068e-05 0.00020359893733544135 0.00010896345242734248 0.0001241805270438518 0.0001560315305365374 0.0002170381103641941 0.00023065923250476666 0.0002734298896324224 0.00022626930675021775 0.000174202425482636 9.182232659906605e-05 0.00025524233572617975 0.00024399100834297512 0.00020260721030225211 9.368613011203834e-05 8.51705828370277e-05 0.0002665915438321757 0.0001528849567383438 0.00019923790290018176 0.000216630930127923 0.0001650041050852634 8.839668022674361e-05 0.00023815752383360658 8.35026987740131e-05 8.496981430780796e-05 0.00015652010763711675 0.00014933439720323283 0.00015534276016178773 0.0002421101239685345 0.00013062424430255087 0.00022849972690630192 0.00025245570889267965 0.00024092557725379204 0.0001634548876166145 0.00020862745270054965 0.00014640263764672512 0.00020130579283789826 0.00015822613164816866 0.00025673836449831397 0.00024004746966646331 0.000241264013646439 0.00010183092857215979 0.0001650445570874567 0.00011778916789015976 0.0001356017853200234 0.0002657766889582904 0.0002109699152060165 0.00012541474668925133 0.00018203322554588572 0.00018511970655886762 0.0001627272950170645 0.00012109612657831723 0.00020897803693168776 0.0001429887041427798 0.00022559798098841497 0.00019348236826860173 7.174708221158893e-05 0.00020467675485315493 0.00023833162152943203 0.0001701218136252022 0.0001869509429846794 0.0002998638311829077 0.00024029014798660536 0.00023775297314873004 0.00014030486535380554 0.00017295209297965504 3.346547202502962e-05 0.00024465288343388165 0.0002656781888342314 0.00014599505465219236 0.00021247020193896927 0.00021084651095388846 0.00017714734184762993 0.0001798835077166818 0.00015982554222384825 0.00025632503183809814 0.00013215591329017703 0.00014745416059786602 0.0001835059578637341 0.00023583486668305034 0.00013465721846095828 0.00011077630541693096 4.9665860369455225e-05 0.00022359681610178102 0.00015971996495753223 0.00020707751551947177 0.00021078554333686273 0.0002058823907850953 0.0002235033817452696 0.0002485433602370021 0.00010123436075357247 0.00019864750302409046 0.00021079700546338848 0.00019896796985027058 0.00022940605249539324 6.643093012113605e-05 0.0002450034890457665 0.0002350403576409738 0.0001682789633324131 9.282144907404249e-05 0.00024300347735254575 0.00013456384873732752 0.0001808008551933985 0.0001967195629495902 0.00015510924101347533 6.914243768179801e-05 0.00019737018471273089 0.00026764332961127434 0.0002599064473454625 0.0002498087917238693 0.0002975283786303797 0.0001297761751071985 0.00016468260171302078 0.0001646522254900947 5.131400263131153e-05 0.00021410254685308696 0.00019866577968739846 0.00020635398759216586 0.00030614598947071523 0.00030649074794710115 0.00026989945709061854 0.00010374638617825519 0.0001492000713232924 0.00018360626069260274 0.00027980742152578186 1.8654343572423317e-05 0.00016435011475785937 0.00020350722979587448 0.00024303709399686654 0.00014707855200592453 0.00018858787828457494 0.00015904846856578569 0.0001817769989624502 0.0002319440031843968 6.358043153756367e-05 0.00014275931533252808 0.0002520325548378352 0.00025668083220509587 0.00024462310442334147 0.0002827750094333277 0.00021810223803467318 0.00016851133766575152 0.00014515386195893015 0.00016098813022203082 0.0002459408844074988 0.0002809778024377474 0.00024505528879935215 0.00023370889304994972 0.00015422488478440645 0.00015712021477804733 0.0002707767696668338 0.00023723095796073388 0.00027552809258304446 0.00017131599114610885 0.0002979906044649293 0.00015463270414257574 0.00019579916103647962 0.00023387734534080986 0.000294142820474792 0.00014949482450205177 0.0003004589306556764 0.00022171171195677105 0.00022232638733133659 0.00012505170073544536 8.511759539562171e-05 0.00018854398400742448 0.0002090179820037261 0.00012400719685273434 0.00010019044136384058 0.0002680656657703557 0.00034883576494247034 0.00019666360544573337 0.0002102130446377195 0.00017941335838160056 0.00016127155507125442 0.0003396441348748255 0.0002280083295364818 0.00024463746280981616 7.781277063589323e-05 0.00014765236361893432 0.0002507498280260732 0.00013859767577146723 0.0002800616821952858 0.0002970165648342032 0.00017854736514423365 0.00020304945971317114 0.0001414694561848615 0.00025815417031344577 0.00015452662903728173 0.00021971729717350908 0.00021881048087451566 0.0001515382762279941 0.00020381491140228225 1.4266167965404315e-05 8.978698917350981e-05 0.00021948426529366398 0.00020650098298623321 7.003461223224244e-05 0.0002498005303318118 0.000262934624444243 0.0001820523089842409 0.00017076978532257317 0.00021195987482143823 0.0001768490367399094 0.00014439360529957987 0.00017079082071398916 0.00019204786068586618 0.00014141512035260545 0.00034838320914501935 0.00029093478731720814 0.0002825702647884318 0.0001909124584733334 0.00022506716760753258 0.00027761791745126537 0.00010413146680441992 0.00011823272072913404 0.0002038627346229408 0.0002152802556322988 0.00023927617116493465 0.00023873327826296102 1.790459253889733e-05 0.00021032030471384655 0.000230743170416609 8.79569029254504e-05 0.000323300386718475 0.00028154619446986564 0.00016525309527027718 0.0002291304060769247 0.00028940745345310416 0.0002654740964251523 0.00024252404561678006 0.000259656606658041 0.00019047534289958655 0.0002258699345353124 0.00017283146036271827 0.00011244740865147842 0.0002541561408175403 0.00027171149833372823 0.0001773585580716752 0.00020667648503445166 0.0001553965390107792 0.00024127060062248743 0.0001351925188843417 0.00013717352667062604 1.0540925533894598e-07 2.726707346744639e-06 0.0001626787342589687 0.00023299103456513956 0.00021650686830025715 0.0001278496198611654 0.00019341064536221425 0.0002639767167470547 0.00023746335904566417 0.0001079187190933127 0.00011641417865830159 0.0003003761850186969 0.00015867055498235057 0.00028777449835868215 7.6285749447587e-05 0.00028945230908862426 0.0003316130837276418 0.00020675507202839817 0.00021813710776776577 0.00024344891039674527 0.00024217370318484413 0.00016815581855392992 0.00015900689179952523 0.00020828354383085586 0.0001399887083897844 0.00022528382143787966 0.000200306295384532 0.00020326659408025907 0.0002554713913404124 0.00021677120896109234 0.0002756200702006816 8.81809189522908e-05 0.0002656651498038159 0.000218341681697462 0.00025348636640144616 0.00016377077869357638 0.0002671027556247783 0.00015464936014081507 0.0002063165191818231 0.00011795140328074125 4.187052296098546e-05 0.00012393053317847583 0.00013816240313592747 0.00013791775318474392 0.00023038771863028085 8.864427874370854e-05 7.618658264164132e-05 0.00020827453552903658 0.0002229518509973225 0.00023672733016288415 0.00019813739105231223 8.768243650513024e-05 0.00024317429889047704 5.525091903229607e-05 0.00015198305278894112 0.00012033950274020072 0.0001660078549259444 0.0002929976157254917 0.00029567954802776 0.0002658536379558188 0.0001877125126122854 0.00020192065796896077 0.00022592750125693546 0.00019887758182045954 0.00027629349147094103 0.0002870451672109107 0.00010470381386357602 0.00024149324981272765 0.0001626302015306142 0.0002294337651488288 0.00017720447262892597 0.00018773664017246366 0.00023385299597013015 4.786756162212162e-05 0.0002490264286228001 0.0002819954757352785 0.0003406477954782694 0.00021446964895964756 5.00929159794617e-05 0.00025904864766486434 0.0002693071211498284 0.00017100269137056495 0.00016548912040049171 0.00018160470944962286 0.00022233935829389098 0.00018758953514657164 0.00019537080301475045 6.839128008714918e-05 0.00015319103571618823 0.00016722079465871932 0.00025101312066031086 8.85111766926956e-05 0.00021865181758756665 0.00023502055254987576 0.00022308201475223604 0.0002405236832195773 0.0002363605095684801 0.00023362695789142624 0.00013490498226483347 0.0002582800554111285 0.00021429134661717368 0.00018225688516089312 0.00021702948088475298 7.66988341228864e-05 0.00010424021891213726 0.0002572674132401376 0.00014957035265018034 0.00021345806757692095 0.00017612051261862646 0.00018443854548085982 0.00020982103051881562 0.00012718025467976554 0.000309449548146207 0.0002503797110788798 0.00010909987044950549 0.00018240191599203307 0.00026493514095192157 0.00020591912353796213 0.00011336566875237791 0.00026388535286453663 0.00016854243494700537 0.0002770601414648739 0.0002863672281959549 0.0002663958870823363 0.00034390241268683267 0.0002158470649406393 0.00020323072049599508 0.00011102646633235105 0.00012911275975776928 0.00021708184140825415 0.00019711493872062288 9.166570511063058e-05 0.0002097762300411431 4.6749974345240946e-05 0.00013958527535099232 0.000229613920575887 0.00017507462475901004 0.0002034020190941432 0.00026811762718012815 0.00013170266406610848 8.198425714910058e-05 8.185449281543659e-05 0.00017123445906507123 0.0001496798244637674 0.0002460259508525411 0.00022446060504851121 0.00027893024079090917 0.0003059730393000469 0.00014802970785741162 0.00031245417029569534 0.0002632937831561104 0.00029374647494760306 0.00025775649357003455 0.00012127129465861234 0.0001788716672126643 0.0002028040489119819 0.00018520616897552976 0.00020645625843171008 0.00024185658369918912 0.0001219856312929617 0.00030727863051688997 0.0002846028129326772 0.00018326545662488902 0.0001562488354407619 0.00018292405086054922 0.00018484951057843753 0.00019603166483962367 9.044208234134589e-05 0.0001530213071479936 9.458457715642381e-05 9.010713895247986e-05 0.00017739648383765638 0.00025175468531138514 0.00019375525750948974 0.00017226112905197518 0.0002269729565598293 0.0002454698562926632 0.0001329147505791337 0.00019542055629401963 8.00645377488684e-05 0.00011567122653602812 0.00024176150376413298 0.00020921395531042872 0.00024829684950021877 0.0003440008155860926 0.0003678265510670416 0.0002896755745291972 0.0003162244822540811 0.00024059242115271636 0.00020544875283805183 0.00028178635700905835 0.00023276766359808486 0.00021799320586777217 8.660527449240113e-05 0.0002959295368352605 0.0002622524786627069 0.0002958582564403305 0.00010179277336922225 0.0002646258053533661 0.00015526414126592643 0.00018594366178068761 0.00025771240777094196 0.00011223255447480256 0.00019870132579068688 0.00021476470648477267 0.00021539011681658493 0.0003042910886465903 0.00014062557014623777 0.00012565211329563955 0.00028415073354841217 0.00026091162821895717 0.00011379347640049119 0.00020563806084939677 0.00019010944634778097 6.358492831372066e-05 0.00010194556564281725 0.00031365255722737246 0.00013478693725160726 0.00028813303291111214 0.00023180083451324545 0.00025165097366165853 0.0002441636485490736 0.00022797682191885807 0.0001481245062981907 0.00022955226346909485 0.00028083017058647255 0.0002993935148027943 0.0002974523972696077 0.0002544197563052968 0.0002233747324345325 0.00022101508343145928 0.0002881497589594561 0.00024188750369258448 0.00018274864391274565 0.00029576129352406623 0.00022534536240760968 0.00018299060440481627 0.0002147764059585071 0.00022716652170298645 0.00022980932855307435 0.00027570387803226324 0.0002266676872626536 0.0002957078242307714 0.00011733612360984582 0.00021692365133998303 0.000170012580141812 0.00013784449533309974 0.00018232936740670845 0.0002429301417364981 0.00019508175339266986 0.0001769459945257456 0.00010338349759386242 5.7792837251665945e-05 0.0002869645913178895 0.0002411590580190307 0.0002010872269734269 0.00019082794870856914 0.0002449292897173982 0.0002370726080613419 0.0002377288695491816 0.00032147983414652356 0.00035448667741417884 0.0003313099415761143 0.00021845108186166316 0.00019205453978147162 0.0003358637880380963 0.00029581824197612966 0.0002606899330513301 0.00015894977350685614 0.00015535634187561603 0.00024283682988261054 0.00023505343484011816 0.00021155199892857246 0.0002558959718999442 0.0003276138211148873 0.00026121164038920425 0.0002533142949400194 0.0003057435386998293 0.00018864976762471603 0.00019767961947516412 0.00029352927319408465 0.00019609502235389394 0.000303835819210612 9.626277465256725e-05 0.00032839419734675284 0.00031514587103580633 0.0002407168745474407 0.0001481585001674421 0.00034740710928434236 0.0002915910291191803 0.000281184740998591 0.00024455278843728506 0.00016188966826733556 0.00025519725021576296 0.0003444046116457366 0.00011963002297409935 0.00025861659317342653 0.0002678547466255057 0.0001555730187052104 0.0001002439327502709 0.0002786366448313648 4.4209463560368785e-05 0.0002679708885769871 7.273635441756298e-05 0.0003337893331756938 0.0002519970716491889 0.00020792870035739945 0.00032455188270787263 3.483533031104046e-05 0.00010656134296587122 0.00012434636676185863 0.00033556930893076316 0.0001290623296634783 0.00026198105119010895 0.00033180744297608804 0.00022286993986527645 0.0002650565570068977 0.000263204755797963 0.0002456620992085109 0.00030014682053665104 0.00023576376074597235 0.00015338785553183995 0.00016520351175148084 0.0001364460058209604 0.00023329896390907512 0.00019796218746157996 0.00014797911336915444 0.0002578571706509117 0.00023697423252998145 0.0002903194567470786 0.00034498768208020427 0.000174436669624376 0.00013836341985678428 2.241511271898475e-05 0.0001130307101178855 0.00032984625796397187 0.0002276480441707421 0.00024960769384387786 0.00016051842583756203 0.0001023441443978183 0.0001747907297774716 2.933363941704665e-05 0.00017201769771474173 0.00010085005177864715 0.00013303880553206004 0.00015415847517916853 0.00013116138957889402 0.000163914872136202 0.00027403277971271665 0.00029154876306977114 0.00019340842200052667 0.0002121088642001108 0.00023881257888443182 0.00035382161437750773 0.0003217401239091348 0.00031338452222908565 0.00017060625262492785 0.00033003846837133656 0.00021290198727721933 0.00025991050562508284 0.00029010719918072905 0.0017630515606321413 0.0001739454866495964 5.9560041411183956e-05 0.00014343483512879542 8.334192003688022e-05 0.0002071627848552968 0.0002727095145633823 0.00016004000606058543 9.383645730629926e-05 5.617367509695877e-05 0.00013314602458434354 7.123917957954126e-05 0.00018145423766270706 0.00023680372536388409 5.335448609743298e-05 0.0011377923225025235 5.496682106089057e-05 6.355833323130245e-05 4.58009553227634e-05 5.225160810177909e-05 4.934283729761124e-05 0.00011671639517808164 5.9565838118313815e-05 0.00012108881023812581 0.00012984490214712252 4.766251473846691e-05 8.46498345632341e-05 0.0002063865779205681 0.0001827931315453671 9.087838383768545e-05 7.569158828377482e-05 0.00019248326143807786 0.00044118796977748515 0.00021750704413169873 0.0001623066899019538 4.1515431732417155e-05 5.554620727200069e-05 5.37256143760208e-05 9.075136349959166e-05 0.00035019511463389583 8.365076665893088e-05 0.0001036980381900183 5.468213571787579e-05 0.0011703884045358602 8.991591679366993e-05 0.00011041924171755293 0.0006359537401242151 0.00012340232035953406 0.0005430460017709687 0.00029078268151743565 0.00030871362948129 7.250844278186855e-05 0.0002441677498295764 7.546281605327552e-05 0.0003887473050325408 8.600936797351103e-05 6.431690165724581e-05 0.0006884556910615237 0.0004794340638758467 0.00017076135038923094 3.913888819971989e-05 4.99959365153169e-05 9.235838538983071e-05 0.0008746269771285955 0.00013902475888434205 0.00010631163810064946 0.00011876274897223562 5.262569162877053e-05 5.3910497995772966e-05 0.0007225023363367463 6.0749005237613265e-05 4.4825224947700595e-05 5.0135888297789465e-05 5.844343202931292e-05 0.0001835288626069464 0.00018166353880784514 0.0001783895937839386 0.0001348455570145394 6.304016678837148e-05 6.611529954589056e-05 5.178362458589141e-05 5.323689851839104e-05 0.0001794962785587614 0.0001994269150717483 5.723886258887972e-05 8.243078469208115e-05 7.146332669165547e-05 0.0001462198553138208 4.937382766372616e-05 7.203564907653969e-05 0.00024924432464388293 0.0003181201985565823 5.204391529036699e-05 6.849388736117697e-05 0.00011033143471205197 7.58095882402158e-05 0.00013610351181011027 0.0006309003163348817 8.762398952241279e-05 0.004045142998764862 0.0003285207937892277 9.117178042394643e-05 0.00014347448922516932 6.728092495444913e-05 5.6279359972817594e-05 0.00022743157776192494 0.000117389622885619 5.790202601677186e-05 0.00011209099607605186 5.068530772969833e-05 0.00014034538559520572 0.0001023939863311188 0.0001037151665048973 7.890191118135286e-05 4.239329527452069e-05 5.114910332777948e-05 3.584097917342897e-05 5.887004173185933e-05 0.00012218130584819404 0.0003694531783587006 0.00018285229698038967 5.2879552708699744e-05 0.0021850155302144624 9.62671464361084e-05 6.196146529722302e-05 8.523436753332069e-05 6.772935126933415e-05 8.304597979422301e-05 5.248777156934721e-05 0.0007491970730273385 0.00011100718371686667 0.00025730883913285135 3.733648635899871e-05 0.0009826584393771327 0.00022715438856249978 4.448275879743302e-05 0.00012946376412437943 0.00022470109011517802 0.0009312110790361043 9.45900189981758e-05 0.0005039141031321266 4.323298137885915e-05 0.0008055078587396755 0.0004126902376073388 5.892452923982202e-05 0.00017092763451109687 8.955284912206098e-05 7.104861593025366e-05 0.0002796729652315067 0.00010064074847036122 0.00010305109031668458 0.0001271230776688157 4.1225992631110994e-05 9.010681396718583e-05 0.00028005243410414145 0.00025518042593318047 5.256220658691732e-05 0.00030671974644344395 0.00017973364766924406 0.00022110841830984756 0.00024342805889298835 0.0006512779221283112 0.0003800950618633103 7.652535905048793e-05 7.721637345970569e-05 5.132688426434191e-05 5.283692181183681e-05 0.000205136651601532 0.00021295441464807242 6.227337974830544e-05 5.441803254071971e-05 0.000504634111805089 0.00017568779908693513 0.0002478097138012251 0.00019914193085541294 0.0002654672312424548 0.00018956035960728904 8.851854063416238e-05 6.251102103370596e-05 5.1819534608716576e-05 4.878317579119459e-05 0.00013880038293942977 0.00011882420885979128 5.346278370837088e-05 3.991919381628804e-05 0.00120594974211071 5.108719303579021e-05 4.1622832379263933e-05 0.0001773672435579632 4.594822738471186e-05 0.00013597138922916133 0.0006584805010585731 0.00019795288680328078 0.0004499179050831398 6.940797076395506e-05 0.00014121797758788606 4.11093005699336e-05 0.00012858508409060123 5.1633668271217584e-05 4.3850099247657356e-05 0.0008734017030445926 4.29772846759192e-05 0.006094444486542493 9.508225917016991e-05 9.900606191117655e-05 0.00012902710561225783 0.00040610351630798465 5.245157363677821e-05 3.651330642884218e-05 5.359362364578669e-05 4.35819132390189e-05 0.00019451314435406096 6.719136068615834e-05 0.00010373981182343415 0.00026989944833419105 5.308707136581959e-05 0.00010445988511080526 6.907604976755566e-05 0.00011729256900197 7.078649980784981e-05 4.54256062394889e-05 0.00016115464748707787 0.0001312771462455378 4.824233203656507e-05 8.43371936139718e-05 0.00015208096125642994 6.375746753827939e-05 4.19816989600096e-05 0.00019969285873294357 0.0001615177235460204 0.0008834535420045131 4.807086119174104e-05 5.882952199423511e-05 7.415211252271369e-05 0.0001822810575112935 6.833173667568532e-05 0.0005065629742889443 0.00013137500311855122 0.0001670463231924219 0.003296857462559794 0.0011035749160204138 0.0001939120014708749 6.752670195078244e-05 6.295646568624156e-05 4.0939057453396494e-05 0.0007653896841484019 3.719184177303654e-05 0.00017850286168041504 9.357333568804077e-05 8.824218763243751e-05 0.00011179387304300659 5.072602475012316e-05 9.981013541598986e-05 6.124769354950157e-05 0.0002859725925997638 0.0001192985498924346 0.00014423878485588684 0.00013779207802286532 0.0009081164756064452 4.848674628706124e-05 0.000543174577633735 0.00012501234985008591 0.0002072778596145591 5.504753022054608e-05 6.382277242068308e-05 0.00010997090900231518 4.092875243882018e-05 7.160656009264284e-05 9.352821214865544e-05 0.00010019287025693656 0.00011262836392117632 4.9865148891362196e-05 0.00011422335773292853 6.184339494421257e-05 4.861949122950573e-05 0.00018104918484866932 0.00013607946722110178 9.039492263608089e-05 0.00040956552986694397 5.086226988641737e-05 7.1628398044005e-05 0.000249612281014813 0.00038972457677042833 5.505802039004199e-05 0.0008253007482847998 4.966551777190444e-05 7.595612412176845e-05 4.785035285179719e-05 5.526302722200948e-05 0.0006757852079526211 0.0005260297366516727 8.33542039569592e-05 5.603897145410387e-05 0.0022982602769089653 0.00016260210745302044 0.00021783997751636513 0.0004908233794722962 0.00014257401515764187 7.133488837487253e-05 9.589100969073971e-05 0.001684768379590786 6.351769639339137e-05 4.670235679516871e-05 5.785715664398908e-05 0.000228208787582714 0.00017372657118113827 4.75147132486629e-05 7.964110595563053e-05 4.22337251051889e-05 3.721745591592505e-05 0.00011200610719283794 0.00010896376315291581 0.00021927211339930192 0.00013631966954699283 4.887828216289275e-05 7.028545226366004e-05 0.00010431553467944076 0.002464145756179315 0.0015150708388152103 0.00030625052567959126 7.029957831496956e-05 0.0017090253785279424 0.0005539263088032199 0.00041123191047007083 8.621068378897227e-05 0.00044631373350063365 0.0001381366637509136 0.00012248466761079406 0.00012619147061619467 0.00025475661459103797 0.00014790602080912718 7.883330481483129e-05 4.919590342854653e-05 3.1065327088646216e-05 4.636699192813591e-05 0.00011153778701600003 6.411873058990228e-05 0.0001390652011448706 0.00010216525886654132 6.324247310428207e-05 8.820520982849036e-05 0.00012013638438241041 0.00047722388664604335 3.502985376265065e-05 0.00018515691161333643 5.8789110180907945e-05 5.0186216313572865e-05 0.00020325909835803153 4.5170512326277034e-05 8.792148246712418e-05 0.00011655853054520523 0.00011897261740682572 0.0005514935162522913 6.92974613667124e-05 6.239220004021789e-05 7.187840327497688e-05 5.737416923848756e-05 7.757361493768626e-05 9.026687722873936e-05 0.00015457985411553328 6.467777774141354e-05 0.00015977728225417565 0.00010957231212153352 5.458070566205257e-05 7.177785034505732e-05 0.000904461536586797 5.229580407208049e-05 8.9431012617297e-05 7.729906266037973e-05 4.099076136276386e-05 5.773464505813228e-05 5.970263304809404e-05 0.00014331456676533336 0.00021899010616988383 0.00036771123135340215 5.634140566296312e-05 5.380540350177064e-05 0.0008779654125929577 3.5274609627693455e-05 5.508155430163177e-05 5.587382262694552e-05 0.0001887573645865758 0.00016347999759692581 0.0009526186942968725 4.3957103487084854e-05 5.9438827383642626e-05 6.040832284612766e-05 0.0012911962447072513 6.699211724669075e-05 0.00019645538290038585 4.5628712779892134e-05 0.00020439039785335943 8.664132357604298e-05 8.094335860999662e-05 6.490468887151597e-05 0.00015069527688435844 3.924461203160422e-05 0.0001089120738452289 9.92315670340322e-05 4.842976202085069e-05 0.0002003719521781424 5.532669509686428e-05 9.655809528093662e-05 0.00012832112231759963 0.00010359921262543666 0.0005902236807167439 9.163144754771895e-05 0.0001453103092865471 8.160453300135009e-05 7.248605657120006e-05 4.0947485418847445e-05 8.113348588464694e-05 0.00011490989167270207 8.007608211212641e-05 0.0005938034925577615 0.0010880012568451431 3.487437314900539e-05 5.675283310496893e-05 0.00013324743429004354 4.2395219922624636e-05 6.580487525343511e-05 5.9122715596116564e-05 0.00020406518329696798 4.36133300510227e-05 6.60854355896531e-05 0.00020886601977713825 5.74914784699433e-05</DataArray>
<DataArray type="Float64" Name="g_contact" format="ascii">1.2251028536521078e-06 0.00024909236797631 0.0002489502857656373 0.00021417414907937786 4.153958093064617e-05 7.6752169678403e-05 0.0001257334875965192 0.00011343991843008559 0.00013175430674350677 0.00012453195611582352 0.00019034068767981917 0.00011451279932924378 0.00021060719154498262 0.00014759330159056614 0.0001729745714425607 0.00015823820991066537 0.00017071454965851107 0.00021130967768811466 0.00022949541624317537 0.00013866949064592218 0.00023176126044837197 0.00010724664931525877 0.0002149837259087041 0.00023187217215962615 0.00024222652880034879 0.00022491590729053278 0.0001574138297045627 0.00022722973215501643 0.00019464657247405452 0.000141490537475876 0.00017850655255021285 2.2292785504166834e-05 2.3760914810253662e-05 1.2316924470549406e-05 0.0001775706540879637 0.00023709199960089474 0.00014793958152283703 0.00022102601357991728 9.332078993158548e-05 8.095582440754185e-05 9.427384808551797e-05 0.00021374284769766033 0.00020178630528164404 0.00018731718393032095 0.00017872808311913816 1.1801631921491135e-05 0.00018428838470083725 0.00017659813456572714 0.00015184762975861907 0.00019726788451938115 0.00022408343124603417 0.00017665917510057005 0.00019545559589273552 0.0001757036277308025 0.00015138519957292172 0.00013111966169480484 0.00021024113638410397 0.00012622116668817412 0.00014580563426279993 0.0001712720206139574 0.0001686910151020879 0.00019329314623660953 0.0001310260783491302 0.00017397382728062178 8.065847549201047e-05 0.00019431683127371302 0.00020829011472378074 0.00022334679791371478 0.0002574203552157907 0.0002362836413759006 0.0002575414067840439 0.00020039554896699648 0.00023681700994047976 0.00027151456268913437 0.00022262851451584768 0.00010231319944324348 0.0001386079429395928 0.0001972372509429356 0.0002042295738588252 0.0001544453323783898 0.00013189752687805587 4.9033240652382424e-05 0.0001277401380274032 7.792729831347596e-05 0.00015687090805388136 0.00015418731759310486 0.00010835569419098347 0.0001163717670920747 5.46645552060775e-05 0.0001397344360776027 0.00019609466045284276 0.00017664097473129174 0.00019394942696170512 0.00014582465411522736 0.00015237196150460992 0.00023117447705438285 0.00023094726731574193 0.00024347971466701367 4.053402996977261e-06 4.578072305121008e-05 0.00011246395935455027 1.6973968592842035e-05 0.0001169539926414978 4.822812885910476e-05 0.00021752153278462908 0.0002470833610867056 0.00029547129282948966 0.00027880803208114494 0.000104834487722566 0.0002892230937639326 0.00024584386363972574 0.00019314962564627225 0.00017832149796191828 0.00016315242060232487 0.0001169044280476939 0.00023878505098297106 0.0001782201794251769 0.0002256243146545724 2.5454393255963323e-05 9.682458365518543e-08 0.00023447129520132634 0.00023249136361529508 0.00021178031624604295 0.00024551816283717925 0.00013469042076570326 0.0001747642626930126 0.00013829159907349092 0.00010831028645626031 0.00014456434287935064 0.00012365806523905452 0.00015074765610626032 1.2189891924728888e-06 9.258200997725515e-08 0.00021573122489519216 8.74570462941719e-05 0.00014559007433025028 8.695363987458857e-05 0.00018075768889659293 8.954980681060068e-05 0.00013969340194959777 6.472083567332294e-05 0.0001997081823814231 0.00020060108518782466 0.00021528831011003225 9.022705951785956e-05 0.00013195800960908913 0.00015450531554145902 0.0001529424863504238 0.00016271646409757776 1.1464243510460918e-05 0.00021710005682144628 0.00015364569632474233 0.0002635187525324097 0.0002736894988011209 0.00022576003571301708 8.660254037844388e-08 9.258200997725515e-08 7.960559219788628e-05 9.917705531499833e-05 0.00012167217959025896 0.00016378028575782046 0.00016328253259716843 0.00018069707525783749 0.00020269316236199025 0.00019507144382923487 0.0001813179426476137 6.107230471607004e-05 0.00018748020011727688 0.00019975139420692025 0.00025051185964836554 0.00018905149467154432 6.095615420548958e-05 0.00017718909121479493 0.00014573861471295693 0.00019099373491643538 0.00023854690784454318 0.00018333359024108484 0.00010956535082875896 0.00014128169853969833 9.316520789461817e-05 0.00014842418925173836 7.426980740124627e-05 0.0001532013608825095 8.728353295204905e-05 0.0001665932179427417 0.00023782056928369784 0.000188081767370321 0.00019017720384392506 0.00020679486903451587 5.305948746408737e-05 0.00021452181642442098 0.0002449313074049336 0.0002481657822701559 0.00019858225493988194 0.00015077678903450677 0.00016305505494495842 0.0002089058705506946 0.0002474773763506706 0.00016204402455898345 0.0002053252759786299 0.00018440061659454494 0.0002327090949164258 0.00017906627129215763 4.332677794369691e-05 9.911202691216585e-05 0.00026085442290623453 0.00021398994082143398 0.00017963588638215865 0.0002072107835851885 0.00022034309934036342 0.00021410644546083558 0.00023933462129471764 0.00013309334369515614 0.0001123590450016485 0.0001691600685120629 0.00018821873933112622 0.00018224636825487785 0.00019577403493182136 0.00017808214061896066 0.00016123338405948858 0.00016628711359736444 0.00016282495619934166 9.085480710384069e-05 0.00013559184660546763 0.00017860432668773013 0.00014892794117081054 0.00024308687862164847 0.0002119178035398388 0.00020835828308069808 0.00025087166789268815 0.00021255098350299046 0.00029835550560092033 0.0002164743129835205 7.369595275240329e-05 0.00014924523550380298 0.00023957089269647166 0.000189353145811395 0.00015583694952984848 0.00012523476203198794 0.00017199561751514588 0.00017072132719117374 0.00025739898875566544 9.808104865652553e-05 8.051670754479874e-05 9.252945501498533e-05 0.0001087433883838454 0.0002530087036072609 0.00025428291466757165 0.0001909815283838615 2.414716753794879e-05 2.4223323616498387e-05 0.000100631516258557 0.00017753848062681426 0.00015441510936973322 0.0001866530460199588 0.00015606823321307703 0.0002501892254044687 0.00021868291561034803 0.00019463638757282164 3.553947763839113e-05 7.54763868796878e-05 6.69740597208958e-05 7.218756411165434e-05 6.66584359201543e-05 0.0001423940346158021 0.0001792255109880567 0.00019125555117219053 0.00013543010206382473 0.00013596323722045645 0.0001523181443379749 9.925173039269733e-05 0.00010187155258010083 0.00011954132460302514 0.00022512615522047905 0.0002211176970225751 0.00014096028236353005 0.00015246678905359295 0.00017075902129551687 0.0001631827253728512 0.00014766559170466877 8.144906357148912e-05 0.00012539673623550106 0.00013416551405768585 7.894805479600957e-05 0.0001004862559340706 0.00012959401388300235 8.403328508088761e-05 0.00010170714267605387 0.00014637105427052114 0.0001534716301862841 0.00020831064004387135 0.0002067114867823827 0.00020754397509982277 0.00014937582212791925 0.00017125729087566824 0.00017534385838754125 0.00013002496520161147 0.00010569762194430196 0.00018884478149055857 6.060307480808063e-05 0.00019702750714299303 0.0001571623140252954 0.0001680026320620823 9.073012958860579e-05 0.00011307581115114011 0.00010342000610255951 0.00011820147502695721 0.0001229200914061184 0.00021872511047939065 0.00018920191358511826 0.00010436200609426324 0.00015295167526764442 0.00013675181448175977 0.0001585601363771199 0.00017457785528677007 0.00019216887683963334 0.00011966257265834533 0.00016980786729673715 0.00016018374590935397 0.00010232441235628787 0.00017043473830277071 7.694559396330882e-05 9.385707677063498e-05 0.00010154608824997319 0.0002289362346688995 0.00015933154303120667 0.00020302377294886402 3.0185466843647443e-05 0.00015071009089357503 0.00020598321966311858 0.0001859907299422692 0.00016804850095826406 0.00014775464614509755 0.00026130342182374374 0.00017746114550635484 0.00016299852501181806 0.00011124929911143918 0.000145925863849524 0.00011386906074676582 6.942412387636535e-05 0.00014899685129331357 0.00022608083949674613 0.00016534911135702532 0.00021209612113791775 8.747578320673017e-05 0.00020848332878782656 0.00012225546910537904 0.00020008528807933553 0.0002028314350136743 0.00015103806699855675 0.0001416945800710356 0.00016279023639462803 0.00018688606119929478 0.00018776356924211197 0.00011689504591922187 0.00018066533502858836 0.0001732851342130748 0.00012094987809958744 0.00020092828007700403 0.00023517611346629802 0.00025550495567849314 0.00016709152950325997 0.00014878195535005103 8.307632516346339e-05 0.00016334628083025342 0.00017980864650914667 0.0001660543688396938 0.0002719223938859739 0.00026522061531204387 0.00014041123683212537 0.00022684181517270568 2.2629639526516166e-05 0.0002375124458028842 0.00023020490510308386 0.0001986353045996961 0.00023920513499575412 0.000304916748121922 0.00025016715461449604 0.00022320553052836113 0.00017202678446712763 0.00020531805061430944 0.00014981676676516575 0.00022618439707857902 0.000193431297296955 0.0002143512657456483 0.00016181634526541943 0.0002168206587458161 0.00020040020672445943 0.00010845584073609811 0.00010544738257280636 0.0002385221752395958 0.00010517910287041915 0.00023427304513429285 0.00013764801670631378 0.00016859393847484125 0.0002593013646334102 0.0001602062241025934 0.00030221354954563167 0.0002240675642777002 0.00022202040549121712 0.00013852359334437547 0.00022329261429603373 0.00017418466104710307 0.0001405203513688067 0.00017857545117723638 0.00019735212181694748 0.00017259867648198056 0.00014966728839334705 0.00021008571466000646 0.00015473867242526116 0.00022791340152227232 0.0001774736733118345 0.00018233393503083752 0.00010412250067108601 0.00020202366608293508 0.00019927199532263797 0.00021388611789590294 0.00023420677260667757 0.0001861175021221493 0.000319627394212244 0.00022467541893284235 0.00019244004781166396 0.00010042639316275752 0.0001679568108857072 0.00019429186227822064 0.00024210313295594646 9.879062819214393e-05 0.0001359110512560293 0.00028269079612289704 0.00016355526516272182 0.0002735376309618631 0.0001010406020167395 0.0002163743819731938 6.794653395233953e-05 0.00018701612881370918 0.00022808802385385985 0.0001805036990925351 0.00025147047606045446 0.00012889551058004435 0.00013737926376181 0.0002302633578331201 0.00024544403435254863 0.00029049270711214493 0.000140904125204004 0.00019509870364010058 0.000267224618883525 0.0002196579807341493 0.00030141254180792826 0.00026550560836642064 0.00023546501418449862 0.00012640256501111064 0.00010893102450389523 0.0001778141971272762 0.00019503931223456417 0.00019318542197444534 0.00017735317958773308 0.00023102248390523814 0.0002810195767963696 0.00024640901879829534 0.0002084333093141647 0.0002160050793262232 0.00015173510627388025 0.00027679733573239497 0.00016952457903702931 0.0002032715397001613 0.0002626940927294686 0.00024847546628809793 0.0001617292894291073 0.0002303367922235549 0.00024486637466982646 0.00027885863765547464 0.00013009702333917594 0.00017746458765850772 0.00019599026211900703 0.0002495600251208426 0.00022681239327474438 0.00023853036116893136 0.0001256579152104516 0.0002661117312377904 0.00024789167581120444 0.00024074217441441055 9.010906596994271e-05 0.00017702369859499568 2.9483766248587013e-05 0.00016436144864115886 0.000221402661483519 0.00019006682716182858 0.00017508824442435207 0.00013764783141341215 0.0001827280897245226 0.00021353650988627625 0.00020333277273391535 7.555413195905129e-05 8.013082070495657e-05 0.00017985242316134793 0.0001847619562240215 0.0002968951969472408 0.0002620331070418826 7.332826021359455e-05 0.0002479686466567474 0.00023848713269113118 0.00011578886883108604 0.0002477887660363071 0.00025614009591335996 0.00019632611740151107 0.00018315695666393464 0.00018276815548725465 0.00024360680593415372 0.00018886791823274243 0.00011308753840275436 0.00022490035907624304 7.334570073136978e-05 1.0000000000000001e-07 0.00016835684185104554 0.00012623440232846985 0.00014791116193460649 0.00015705396845583236 0.00013116998429402247 0.00015845250738962866 0.00021589796469443154 0.00015693333752171007 0.0001420159731685083 0.00022707369403036025 0.00024750529532685436 0.00014458716972828105 0.0001673167807850112 0.00020516977956495095 0.00012066320829761354 0.00013751880999245705 0.00016391756102938261 0.0002456174598915301 0.00019275817616666997 0.0001737915188415975 0.00020188860311914854 0.00015484239250911866 0.00020352358111695701 0.00025341674779652854 7.588410710999486e-05 0.00016414184525225127 0.00026725695215117605 0.0001476694990980508 0.00022890302979240295 0.00019988893523910535 0.00021872161601473218 0.00024252406201808295 0.00021830375862380582 0.00018659398625828246 0.0001337713668460249 0.00024743283178086176 0.0002709423545049906 0.00025949403242110755 0.00028543471903914083 9.580045918348347e-05 0.0002515217365819781 0.00022095448133203685 0.00017513254679098458 0.0002922568217692231 0.00029166780114778566 7.866401034544864e-05 0.00024008412129396855 0.0002068407371778417 0.00022695406071015074 0.00010260901766952465 8.250374407889338e-05 0.00021230470675405333 0.00019494227260259282 0.00020529890060778163 0.00022955642367901828 0.00015919842155603285 9.391584572760727e-05 0.00011604069873482096 9.227232362726549e-05 0.00021361577094010164 0.00013872911448155838 0.00019812019777228459 0.0002809298184509533 0.00014086647550374772 3.2671458066350746e-05 0.00021904981777898867 7.940294873138819e-05 0.0002488089678468062 0.00022277445806724214 0.0001591076286663734 0.0002954595246247735 0.0002755376078102285 0.0001558533398387556 8.987146984212694e-05 0.00017475082014127945 0.0001956716895019088 0.0001500230253814897 0.0001921593666854219 0.00022085073445087707 0.0002175777260459298 0.00018105057802630963 0.00023054457514849944 0.0001279886765131249 0.00021783569407522974 0.00020735294508074367 0.00021367516521564458 0.00025223455884919305 0.0002216988334329065 7.331525125446612e-05 0.00021791484051129412 0.0001657732572673586 0.0002324319230455686 0.00021353382448904807 0.0002528467853134583 0.0002481412913535945 0.00017748719063904192 0.00023822398958903292 0.00015188632216660825 0.00025581172947848797 0.00017472591861146164 0.0001525619391219126 0.00023427610237090137 0.00025244581130562816 0.00018597370540534753 0.00020756305713644279 0.0001872048948741877 0.00030557970615880954 0.00015409858807490605 0.00022702463130258916 0.00022328345836325668 0.00019709584743656458 0.00022478666576419487 0.00018591506600577437 0.000147744246770239 0.00018080440813063715 0.00015202715458489488 6.306472189300473e-05 0.00010097833803929908 0.0001200542086817003 0.00024222911065718876 0.00027326440776405863 0.0003057554383407767 0.00024459419425616757 0.00015014512627729246 0.00011665305625077035 0.00012772593266017454 0.00020288339692357883 0.00023837387179144966 0.00020372781400971798 0.00024018485705595713 0.00029692818401374875 0.00015112744975262377 0.00029514344622003785 0.00031363800832622955 0.00025567720770895626 0.0002789734171937805 0.00022465617797485686 0.0002642266629614352 0.00022774739612880878 0.00031379884719937197 0.00013535101622986524 0.0001244435138657948 0.00010708315258465626 0.00013435668786555038 0.00032153733463479784 0.00039580002644117425 0.000322820352591159 0.00018709505095984336 0.0003044445885869482 0.0003058068371909043 0.00016190034235631775 0.0003107943160039879 0.00015416037692380318 0.00018826640753709376 0.0001740085849050734 0.00022197099305337487 0.00018997099922757877 0.0002710603557725136 0.00014123872135753536 0.00014372415991071026 5.539607827329344e-05 0.00015955309351071834 0.00023752510230990915 0.00014456718374488437 0.00012650660188428682 0.00020816325226732872 0.00018550648177463787 0.00014042116548899398 0.0001524576356391959 0.000280912204139205 0.00023163801490540137 0.0002491721700444781 0.00015918457721509198 0.00026398602235088516 0.0002197687810065205 0.00021603863425434663 0.0001501070788863696 0.00011763119428629992 0.00014948432644896388 0.00021958571283318902 0.00019529799458246251 0.00014359311705413642 0.00022995434431265067 0.00021360199366223377 0.00014371348657618138 0.00024212855690754 0.0002460745133320642 0.00010099359094023526 4.922386532994271e-05 0.00021113953008321384 0.00017937807909115648 0.00021083794514273641 0.000164354445914181 0.0001301359331731329 0.0001343143292867872 0.0002036169056142838 0.00022675150684501883 0.00019489810931887664 0.0002451267372372026 0.0002549934093775784 0.00026590337214966536 0.00025484019057397836 0.00020153183319045954 0.00017234453276259603 0.0001893570679528777 5.728036955214379e-05 0.00016449854402639618 9.761044804737948e-05 0.00018474138087847433 0.00016102172757707722 0.00020987525018952648 0.00024919735305586893 0.0001846435864593619 0.0002801250033383733 0.00027290237803755053 0.00014548441047225778 0.00022479446633860212 0.00029626958254256995 0.0002176523950707067 0.00024261805088649177 0.0003054424380455014 0.0002322597848682118 0.0003066978269619628 0.0003037723224002713 0.0002841560842845328 2.3164900745645068e-05 0.00020359893733544135 0.00010896345242734248 0.0001241805270438518 0.0001560315305365374 0.0002170381103641941 0.00023065923250476666 0.0002734298896324224 0.00022626930675021775 0.000174202425482636 9.182232659906605e-05 0.00025524233572617975 0.00024399100834297512 0.00020260721030225211 9.368613011203834e-05 8.51705828370277e-05 0.0002665915438321757 0.0001528849567383438 0.00019923790290018176 0.000216630930127923 0.0001650041050852634 8.839668022674361e-05 0.00023815752383360658 8.35026987740131e-05 8.496981430780796e-05 0.00015652010763711675 0.00014933439720323283 0.00015534276016178773 0.0002421101239685345 0.00013062424430255087 0.00022849972690630192 0.00025245570889267965 0.00024092557725379204 0.0001634548876166145 0.00020862745270054965 0.00014640263764672512 0.00020130579283789826 0.00015822613164816866 0.00025673836449831397 0.00024004746966646331 0.000241264013646439 0.00010183092857215979 0.0001650445570874567 0.00011778916789015976 0.0001356017853200234 0.0002657766889582904 0.0002109699152060165 0.00012541474668925133 0.00018203322554588572 0.00018511970655886762 0.0001627272950170645 0.00012109612657831723 0.00020897803693168776 0.0001429887041427798 0.00022559798098841497 0.00019348236826860173 7.174708221158893e-05 0.00020467675485315493 0.00023833162152943203 0.0001701218136252022 0.0001869509429846794 0.0002998638311829077 0.00024029014798660536 0.00023775297314873004 0.00014030486535380554 0.00017295209297965504 3.346547202502962e-05 0.00024465288343388165 0.0002656781888342314 0.00014599505465219236 0.00021247020193896927 0.00021084651095388846 0.00017714734184762993 0.0001798835077166818 0.00015982554222384825 0.00025632503183809814 0.00013215591329017703 0.00014745416059786602 0.0001835059578637341 0.00023583486668305034 0.00013465721846095828 0.00011077630541693096 4.9665860369455225e-05 0.00022359681610178102 0.00015971996495753223 0.00020707751551947177 0.00021078554333686273 0.0002058823907850953 0.0002235033817452696 0.0002485433602370021 0.00010123436075357247 0.00019864750302409046 0.00021079700546338848 0.00019896796985027058 0.00022940605249539324 6.643093012113605e-05 0.0002450034890457665 0.0002350403576409738 0.0001682789633324131 9.282144907404249e-05 0.00024300347735254575 0.00013456384873732752 0.0001808008551933985 0.0001967195629495902 0.00015510924101347533 6.914243768179801e-05 0.00019737018471273089 0.00026764332961127434 0.0002599064473454625 0.0002498087917238693 0.0002975283786303797 0.0001297761751071985 0.00016468260171302078 0.0001646522254900947 5.131400263131153e-05 0.00021410254685308696 0.00019866577968739846 0.00020635398759216586 0.00030614598947071523 0.00030649074794710115 0.00026989945709061854 0.00010374638617825519 0.0001492000713232924 0.00018360626069260274 0.00027980742152578186 1.8654343572423317e-05 0.00016435011475785937 0.00020350722979587448 0.00024303709399686654 0.00014707855200592453 0.00018858787828457494 0.00015904846856578569 0.0001817769989624502 0.0002319440031843968 6.358043153756367e-05 0.00014275931533252808 0.0002520325548378352 0.00025668083220509587 0.00024462310442334147 0.0002827750094333277 0.00021810223803467318 0.00016851133766575152 0.00014515386195893015 0.00016098813022203082 0.0002459408844074988 0.0002809778024377474 0.00024505528879935215 0.00023370889304994972 0.00015422488478440645 0.00015712021477804733 0.0002707767696668338 0.00023723095796073388 0.00027552809258304446 0.00017131599114610885 0.0002979906044649293 0.00015463270414257574 0.00019579916103647962 0.00023387734534080986 0.000294142820474792 0.00014949482450205177 0.0003004589306556764 0.00022171171195677105 0.00022232638733133659 0.00012505170073544536 8.511759539562171e-05 0.00018854398400742448 0.0002090179820037261 0.00012400719685273434 0.00010019044136384058 0.0002680656657703557 0.00034883576494247034 0.00019666360544573337 0.0002102130446377195 0.00017941335838160056 0.00016127155507125442 0.0003396441348748255 0.0002280083295364818 0.00024463746280981616 7.781277063589323e-05 0.00014765236361893432 0.0002507498280260732 0.00013859767577146723 0.0002800616821952858 0.0002970165648342032 0.00017854736514423365 0.00020304945971317114 0.0001414694561848615 0.00025815417031344577 0.00015452662903728173 0.00021971729717350908 0.00021881048087451566 0.0001515382762279941 0.00020381491140228225 1.4266167965404315e-05 8.978698917350981e-05 0.00021948426529366398 0.00020650098298623321 7.003461223224244e-05 0.0002498005303318118 0.000262934624444243 0.0001820523089842409 0.00017076978532257317 0.00021195987482143823 0.0001768490367399094 0.00014439360529957987 0.00017079082071398916 0.00019204786068586618 0.00014141512035260545 0.00034838320914501935 0.00029093478731720814 0.0002825702647884318 0.0001909124584733334 0.00022506716760753258 0.00027761791745126537 0.00010413146680441992 0.00011823272072913404 0.0002038627346229408 0.0002152802556322988 0.00023927617116493465 0.00023873327826296102 1.790459253889733e-05 0.00021032030471384655 0.000230743170416609 8.79569029254504e-05 0.000323300386718475 0.00028154619446986564 0.00016525309527027718 0.0002291304060769247 0.00028940745345310416 0.0002654740964251523 0.00024252404561678006 0.000259656606658041 0.00019047534289958655 0.0002258699345353124 0.00017283146036271827 0.00011244740865147842 0.0002541561408175403 0.00027171149833372823 0.0001773585580716752 0.00020667648503445166 0.0001553965390107792 0.00024127060062248743 0.0001351925188843417 0.00013717352667062604 1.0540925533894598e-07 2.726707346744639e-06 0.0001626787342589687 0.00023299103456513956 0.00021650686830025715 0.0001278496198611654 0.00019341064536221425 0.0002639767167470547 0.00023746335904566417 0.0001079187190933127 0.00011641417865830159 0.0003003761850186969 0.00015867055498235057 0.00028777449835868215 7.6285749447587e-05 0.00028945230908862426 0.0003316130837276418 0.00020675507202839817 0.00021813710776776577 0.00024344891039674527 0.00024217370318484413 0.00016815581855392992 0.00015900689179952523 0.00020828354383085586 0.0001399887083897844 0.00022528382143787966 0.000200306295384532 0.00020326659408025907 0.0002554713913404124 0.00021677120896109234 0.0002756200702006816 8.81809189522908e-05 0.0002656651498038159 0.000218341681697462 0.00025348636640144616 0.00016377077869357638 0.0002671027556247783 0.00015464936014081507 0.0002063165191818231 0.00011795140328074125 4.187052296098546e-05 0.00012393053317847583 0.00013816240313592747 0.00013791775318474392 0.00023038771863028085 8.864427874370854e-05 7.618658264164132e-05 0.00020827453552903658 0.0002229518509973225 0.00023672733016288415 0.00019813739105231223 8.768243650513024e-05 0.00024317429889047704 5.525091903229607e-05 0.00015198305278894112 0.00012033950274020072 0.0001660078549259444 0.0002929976157254917 0.00029567954802776 0.0002658536379558188 0.0001877125126122854 0.00020192065796896077 0.00022592750125693546 0.00019887758182045954 0.00027629349147094103 0.0002870451672109107 0.00010470381386357602 0.00024149324981272765 0.0001626302015306142 0.0002294337651488288 0.00017720447262892597 0.00018773664017246366 0.00023385299597013015 4.786756162212162e-05 0.0002490264286228001 0.0002819954757352785 0.0003406477954782694 0.00021446964895964756 5.00929159794617e-05 0.00025904864766486434 0.0002693071211498284 0.00017100269137056495 0.00016548912040049171 0.00018160470944962286 0.00022233935829389098 0.00018758953514657164 0.00019537080301475045 6.839128008714918e-05 0.00015319103571618823 0.00016722079465871932 0.00025101312066031086 8.85111766926956e-05 0.00021865181758756665 0.00023502055254987576 0.00022308201475223604 0.0002405236832195773 0.0002363605095684801 0.00023362695789142624 0.00013490498226483347 0.0002582800554111285 0.00021429134661717368 0.00018225688516089312 0.00021702948088475298 7.66988341228864e-05 0.00010424021891213726 0.0002572674132401376 0.00014957035265018034 0.00021345806757692095 0.00017612051261862646 0.00018443854548085982 0.00020982103051881562 0.00012718025467976554 0.000309449548146207 0.0002503797110788798 0.00010909987044950549 0.00018240191599203307 0.00026493514095192157 0.00020591912353796213 0.00011336566875237791 0.00026388535286453663 0.00016854243494700537 0.0002770601414648739 0.0002863672281959549 0.0002663958870823363 0.00034390241268683267 0.0002158470649406393 0.00020323072049599508 0.00011102646633235105 0.00012911275975776928 0.00021708184140825415 0.00019711493872062288 9.166570511063058e-05 0.0002097762300411431 4.6749974345240946e-05 0.00013958527535099232 0.000229613920575887 0.00017507462475901004 0.0002034020190941432 0.00026811762718012815 0.00013170266406610848 8.198425714910058e-05 8.185449281543659e-05 0.00017123445906507123 0.0001496798244637674 0.0002460259508525411 0.00022446060504851121 0.00027893024079090917 0.0003059730393000469 0.00014802970785741162 0.00031245417029569534 0.0002632937831561104 0.00029374647494760306 0.00025775649357003455 0.00012127129465861234 0.0001788716672126643 0.0002028040489119819 0.00018520616897552976 0.00020645625843171008 0.00024185658369918912 0.0001219856312929617 0.00030727863051688997 0.0002846028129326772 0.00018326545662488902 0.0001562488354407619 0.00018292405086054922 0.00018484951057843753 0.00019603166483962367 9.044208234134589e-05 0.0001530213071479936 9.458457715642381e-05 9.010713895247986e-05 0.00017739648383765638 0.00025175468531138514 0.00019375525750948974 0.00017226112905197518 0.0002269729565598293 0.0002454698562926632 0.0001329147505791337 0.00019542055629401963 8.00645377488684e-05 0.00011567122653602812 0.00024176150376413298 0.00020921395531042872 0.00024829684950021877 0.0003440008155860926 0.0003678265510670416 0.0002896755745291972 0.0003162244822540811 0.00024059242115271636 0.00020544875283805183 0.00028178635700905835 0.00023276766359808486 0.00021799320586777217 8.660527449240113e-05 0.0002959295368352605 0.0002622524786627069 0.0002958582564403305 0.00010179277336922225 0.0002646258053533661 0.00015526414126592643 0.00018594366178068761 0.00025771240777094196 0.00011223255447480256 0.00019870132579068688 0.00021476470648477267 0.00021539011681658493 0.0003042910886465903 0.00014062557014623777 0.00012565211329563955 0.00028415073354841217 0.00026091162821895717 0.00011379347640049119 0.00020563806084939677 0.00019010944634778097 6.358492831372066e-05 0.00010194556564281725 0.00031365255722737246 0.00013478693725160726 0.00028813303291111214 0.00023180083451324545 0.00025165097366165853 0.0002441636485490736 0.00022797682191885807 0.0001481245062981907 0.00022955226346909485 0.00028083017058647255 0.0002993935148027943 0.0002974523972696077 0.0002544197563052968 0.0002233747324345325 0.00022101508343145928 0.0002881497589594561 0.00024188750369258448 0.00018274864391274565 0.00029576129352406623 0.00022534536240760968 0.00018299060440481627 0.0002147764059585071 0.00022716652170298645 0.00022980932855307435 0.00027570387803226324 0.0002266676872626536 0.0002957078242307714 0.00011733612360984582 0.00021692365133998303 0.000170012580141812 0.00013784449533309974 0.00018232936740670845 0.0002429301417364981 0.00019508175339266986 0.0001769459945257456 0.00010338349759386242 5.7792837251665945e-05 0.0002869645913178895 0.0002411590580190307 0.0002010872269734269 0.00019082794870856914 0.0002449292897173982 0.0002370726080613419 0.0002377288695491816 0.00032147983414652356 0.00035448667741417884 0.0003313099415761143 0.00021845108186166316 0.00019205453978147162 0.0003358637880380963 0.00029581824197612966 0.0002606899330513301 0.00015894977350685614 0.00015535634187561603 0.00024283682988261054 0.00023505343484011816 0.00021155199892857246 0.0002558959718999442 0.0003276138211148873 0.00026121164038920425 0.0002533142949400194 0.0003057435386998293 0.00018864976762471603 0.00019767961947516412 0.00029352927319408465 0.00019609502235389394 0.000303835819210612 9.626277465256725e-05 0.00032839419734675284 0.00031514587103580633 0.0002407168745474407 0.0001481585001674421 0.00034740710928434236 0.0002915910291191803 0.000281184740998591 0.00024455278843728506 0.00016188966826733556 0.00025519725021576296 0.0003444046116457366 0.00011963002297409935 0.00025861659317342653 0.0002678547466255057 0.0001555730187052104 0.0001002439327502709 0.0002786366448313648 4.4209463560368785e-05 0.0002679708885769871 7.273635441756298e-05 0.0003337893331756938 0.0002519970716491889 0.00020792870035739945 0.00032455188270787263 3.483533031104046e-05 0.00010656134296587122 0.00012434636676185863 0.00033556930893076316 0.0001290623296634783 0.00026198105119010895 0.00033180744297608804 0.00022286993986527645 0.0002650565570068977 0.000263204755797963 0.0002456620992085109 0.00030014682053665104 0.00023576376074597235 0.00015338785553183995 0.00016520351175148084 0.0001364460058209604 0.00023329896390907512 0.00019796218746157996 0.00014797911336915444 0.0002578571706509117 0.00023697423252998145 0.0002903194567470786 0.00034498768208020427 0.000174436669624376 0.00013836341985678428 2.241511271898475e-05 0.0001130307101178855 0.00032984625796397187 0.0002276480441707421 0.00024960769384387786 0.00016051842583756203 0.0001023441443978183 0.0001747907297774716 2.933363941704665e-05 0.00017201769771474173 0.00010085005177864715 0.00013303880553206004 0.00015415847517916853 0.00013116138957889402 0.000163914872136202 0.00027403277971271665 0.00029154876306977114 0.00019340842200052667 0.0002121088642001108 0.00023881257888443182 0.00035382161437750773 0.0003217401239091348 0.00031338452222908565 0.00017060625262492785 0.00033003846837133656 0.00021290198727721933 0.00025991050562508284 0.00029010719918072905 0.0 0.0 0.0 0.0 0.0 0.0 0.0 0.0 0.0 0.0 0.0 0.0 0.0 0.0 0.0 0.0 0.0 0.0 0.0 0.0 0.0 0.0 0.0 0.0 0.0 0.0 0.0 0.0 0.0 0.0 0.0 0.0 0.0 0.0 0.0 0.0 0.0 0.0 0.0 0.0 0.0 0.0 0.0 0.0 0.0 0.0 0.0 0.0 0.0 0.0 0.0 0.0 0.0 0.0 0.0 0.0 0.0 0.0 0.0 0.0 0.0 0.0 0.0 0.0 0.0 0.0 0.0 0.0 0.0 0.0 0.0 0.0 0.0 0.0 0.0 0.0 0.0 0.0 0.0 0.0 0.0 0.0 0.0 0.0 0.0 0.0 0.0 0.0 0.0 0.0 0.0 0.0 0.0 0.0 0.0 0.0 0.0 0.0 0.0 0.0 0.0 0.0 0.0 0.0 0.0 0.0 0.0 0.0 0.0 0.0 0.0 0.0 0.0 0.0 0.0 0.0 0.0 0.0 0.0 0.0 0.0 0.0 0.0 0.0 0.0 0.0 0.0 0.0 0.0 0.0 0.0 0.0 0.0 0.0 0.0 0.0 0.0 0.0 0.0 0.0 0.0 0.0 0.0 0.0 0.0 0.0 0.0 0.0 0.0 0.0 0.0 0.0 0.0 0.0 0.0 0.0 0.0 0.0 0.0 0.0 0.0 0.0 0.0 0.0 0.0 0.0 0.0 0.0 0.0 0.0 0.0 0.0 0.0 0.0 0.0 0.0 0.0 0.0 0.0 0.0 0.0 0.0 0.0 0.0 0.0 0.0 0.0 0.0 0.0 0.0 0.0 0.0 0.0 0.0 0.0 0.0 0.0 0.0 0.0 0.0 0.0 0.0 0.0 0.0 0.0 0.0 0.0 0.0 0.0 0.0 0.0 0.0 0.0 0.0 0.0 0.0 0.0 0.0 0.0 0.0 0.0 0.0 0.0 0.0 0.0 0.0 0.0 0.0 0.0 0.0 0.0 0.0 0.0 0.0 0.0 0.0 0.0 0.0 0.0 0.0 0.0 0.0 0.0 0.0 0.0 0.0 0.0 0.0 0.0 0.0 0.0 0.0 0.0 0.0 0.0 0.0 0.0 0.0 0.0 0.0 0.0 0.0 0.0 0.0 0.0 0.0 0.0 0.0 0.0 0.0 0.0 0.0 0.0 0.0 0.0 0.0 0.0 0.0 0.0 0.0 0.0 0.0 0.0 0.0 0.0 0.0 0.0 0.0 0.0 0.0 0.0 0.0 0.0 0.0 0.0 0.0 0.0 0.0 0.0 0.0 0.0 0.0 0.0 0.0 0.0 0.0 0.0 0.0 0.0 0.0 0.0 0.0 0.0 0.0 0.0 0.0 0.0 0.0 0.0 0.0 0.0 0.0 0.0 0.0 0.0 0.0 0.0 0.0 0.0 0.0 0.0 0.0 0.0 0.0 0.0 0.0 0.0 0.0 0.0 0.0 0.0 0.0 0.0 0.0 0.0 0.0 0.0 0.0 0.0 0.0 0.0 0.0 0.0 0.0 0.0 0.0 0.0 0.0 0.0 0.0 0.0 0.0 0.0 0.0 0.0 0.0 0.0 0.0 0.0 0.0 0.0 0.0 0.0 0.0 0.0 0.0 0.0 0.0 0.0 0.0 0.0 0.0 0.0 0.0 0.0 0.0 0.0 0.0 0.0 0.0 0.0 0.0 0.0 0.0 0.0 0.0 0.0 0.0 0.0 0.0 0.0 0.0 0.0 0.0 0.0 0.0 0.0 0.0 0.0 0.0 0.0 0.0 0.0 0.0 0.0 0.0 0.0 0.0 0.0 0.0 0.0 0.0 0.0 0.0 0.0 0.0 0.0</DataArray>
<DataArray type="Float64" Name="g_gap" format="ascii">0.0 0.0 0.0 0.0 0.0 0.0 0.0 0.0 0.0 0.0 0.0 0.0 0.0 0.0 0.0 0.0 0.0 0.0 0.0 0.0 0.0 0.0 0.0 0.0 0.0 0.0 0.0 0.0 0.0 0.0 0.0 0.0 0.0 0.0 0.0 0.0 0.0 0.0 0.0 0.0 0.0 0.0 0.0 0.0 0.0 0.0 0.0 0.0 0.0 0.0 0.0 0.0 0.0 0.0 0.0 0.0 0.0 0.0 0.0 0.0 0.0 0.0 0.0 0.0 0.0 0.0 0.0 0.0 0.0 0.0 0.0 0.0 0.0 0.0 0.0 0.0 0.0 0.0 0.0 0.0 0.0 0.0 0.0 0.0 0.0 0.0 0.0 0.0 0.0 0.0 0.0 0.0 0.0 0.0 0.0 0.0 0.0 0.0 0.0 0.0 0.0 0.0 0.0 0.0 0.0 0.0 0.0 0.0 0.0 0.0 0.0 0.0 0.0 0.0 0.0 0.0 0.0 0.0 0.0 0.0 0.0 0.0 0.0 0.0 0.0 0.0 0.0 0.0 0.0 0.0 0.0 0.0 0.0 0.0 0.0 0.0 0.0 0.0 0.0 0.0 0.0 0.0 0.0 0.0 0.0 0.0 0.0 0.0 0.0 0.0 0.0 0.0 0.0 0.0 0.0 0.0 0.0 0.0 0.0 0.0 0.0 0.0 0.0 0.0 0.0 0.0 0.0 0.0 0.0 0.0 0.0 0.0 0.0 0.0 0.0 0.0 0.0 0.0 0.0 0.0 0.0 0.0 0.0 0.0 0.0 0.0 0.0 0.0 0.0 0.0 0.0 0.0 0.0 0.0 0.0 0.0 0.0 0.0 0.0 0.0 0.0 0.0 0.0 0.0 0.0 0.0 0.0 0.0 0.0 0.0 0.0 0.0 0.0 0.0 0.0 0.0 0.0 0.0 0.0 0.0 0.0 0.0 0.0 0.0 0.0 0.0 0.0 0.0 0.0 0.0 0.0 0.0 0.0 0.0 0.0 0.0 0.0 0.0 0.0 0.0 0.0 0.0 0.0 0.0 0.0 0.0 0.0 0.0 0.0 0.0 0.0 0.0 0.0 0.0 0.0 0.0 0.0 0.0 0.0 0.0 0.0 0.0 0.0 0.0 0.0 0.0 0.0 0.0 0.0 0.0 0.0 0.0 0.0 0.0 0.0 0.0 0.0 0.0 0.0 0.0 0.0 0.0 0.0 0.0 0.0 0.0 0.0 0.0 0.0 0.0 0.0 0.0 0.0 0.0 0.0 0.0 0.0 0.0 0.0 0.0 0.0 0.0 0.0 0.0 0.0 0.0 0.0 0.0 0.0 0.0 0.0 0.0 0.0 0.0 0.0 0.0 0.0 0.0 0.0 0.0 0.0 0.0 0.0 0.0 0.0 0.0 0.0 0.0 0.0 0.0 0.0 0.0 0.0 0.0 0.0 0.0 0.0 0.0 0.0 0.0 0.0 0.0 0.0 0.0 0.0 0.0 0.0 0.0 0.0 0.0 0.0 0.0 0.0 0.0 0.0 0.0 0.0 0.0 0.0 0.0 0.0 0.0 0.0 0.0 0.0 0.0 0.0 0.0 0.0 0.0 0.0 0.0 0.0 0.0 0.0 0.0 0.0 0.0 0.0 0.0 0.0 0.0 0.0 0.0 0.0 0.0 0.0 0.0 0.0 0.0 0.0 0.0 0.0 0.0 0.0 0.0 0.0 0.0 0.0 0.0 0.0 0.0 0.0 0.0 0.0 0.0 0.0 0.0 0.0 0.0 0.0 0.0 0.0 0.0 0.0 0.0 0.0 0.0 0.0 0.0 0.0 0.0 0.0 0.0 0.0 0.0 0.0 0.0 0.0 0.0 0.0 0.0 0.0 0.0 0.0 0.0 0.0 0.0 0.0 0.0 0.0 0.0 0.0 0.0 0.0 0.0 0.0 0.0 0.0 0.0 0.0 0.0 0.0 0.0 0.0 0.0 0.0 0.0 0.0 0.0 0.0 0.0 0.0 0.0 0.0 0.0 0.0 0.0 0.0 0.0 0.0 0.0 0.0 0.0 0.0 0.0 0.0 0.0 0.0 0.0 0.0 0.0 0.0 0.0 0.0 0.0 0.0 0.0 0.0 0.0 0.0 0.0 0.0 0.0 0.0 0.0 0.0 0.0 0.0 0.0 0.0 0.0 0.0 0.0 0.0 0.0 0.0 0.0 0.0 0.0 0.0 0.0 0.0 0.0 0.0 0.0 0.0 0.0 0.0 0.0 0.0 0.0 0.0 0.0 0.0 0.0 0.0 0.0 0.0 0.0 0.0 0.0 0.0 0.0 0.0 0.0 0.0 0.0 0.0 0.0 0.0 0.0 0.0 0.0 0.0 0.0 0.0 0.0 0.0 0.0 0.0 0.0 0.0 0.0 0.0 0.0 0.0 0.0 0.0 0.0 0.0 0.0 0.0 0.0 0.0 0.0 0.0 0.0 0.0 0.0 0.0 0.0 0.0 0.0 0.0 0.0 0.0 0.0 0.0 0.0 0.0 0.0 0.0 0.0 0.0 0.0 0.0 0.0 0.0 0.0 0.0 0.0 0.0 0.0 0.0 0.0 0.0 0.0 0.0 0.0 0.0 0.0 0.0 0.0 0.0 0.0 0.0 0.0 0.0 0.0 0.0 0.0 0.0 0.0 0.0 0.0 0.0 0.0 0.0 0.0 0.0 0.0 0.0 0.0 0.0 0.0 0.0 0.0 0.0 0.0 0.0 0.0 0.0 0.0 0.0 0.0 0.0 0.0 0.0 0.0 0.0 0.0 0.0 0.0 0.0 0.0 0.0 0.0 0.0 0.0 0.0 0.0 0.0 0.0 0.0 0.0 0.0 0.0 0.0 0.0 0.0 0.0 0.0 0.0 0.0 0.0 0.0 0.0 0.0 0.0 0.0 0.0 0.0 0.0 0.0 0.0 0.0 0.0 0.0 0.0 0.0 0.0 0.0 0.0 0.0 0.0 0.0 0.0 0.0 0.0 0.0 0.0 0.0 0.0 0.0 0.0 0.0 0.0 0.0 0.0 0.0 0.0 0.0 0.0 0.0 0.0 0.0 0.0 0.0 0.0 0.0 0.0 0.0 0.0 0.0 0.0 0.0 0.0 0.0 0.0 0.0 0.0 0.0 0.0 0.0 0.0 0.0 0.0 0.0 0.0 0.0 0.0 0.0 0.0 0.0 0.0 0.0 0.0 0.0 0.0 0.0 0.0 0.0 0.0 0.0 0.0 0.0 0.0 0.0 0.0 0.0 0.0 0.0 0.0 0.0 0.0 0.0 0.0 0.0 0.0 0.0 0.0 0.0 0.0 0.0 0.0 0.0 0.0 0.0 0.0 0.0 0.0 0.0 0.0 0.0 0.0 0.0 0.0 0.0 0.0 0.0 0.0 0.0 0.0 0.0 0.0 0.0 0.0 0.0 0.0 0.0 0.0 0.0 0.0 0.0 0.0 0.0 0.0 0.0 0.0 0.0 0.0 0.0 0.0 0.0 0.0 0.0 0.0 0.0 0.0 0.0 0.0 0.0 0.0 0.0 0.0 0.0 0.0 0.0 0.0 0.0 0.0 0.0 0.0 0.0 0.0 0.0 0.0 0.0 0.0 0.0 0.0 0.0 0.0 0.0 0.0 0.0 0.0 0.0 0.0 0.0 0.0 0.0 0.0 0.0 0.0 0.0 0.0 0.0 0.0 0.0 0.0 0.0 0.0 0.0 0.0 0.0 0.0 0.0 0.0 0.0 0.0 0.0 0.0 0.0 0.0 0.0 0.0 0.0 0.0 0.0 0.0 0.0 0.0 0.0 0.0 0.0 0.0 0.0 0.0 0.0 0.0 0.0 0.0 0.0 0.0 0.0 0.0 0.0 0.0 0.0 0.0 0.0 0.0 0.0 0.0 0.0 0.0 0.0 0.0 0.0 0.0 0.0 0.0 0.0 0.0 0.0 0.0 0.0 0.0 0.0 0.0 0.0 0.0 0.0 0.0 0.0 0.0 0.0 0.0 0.0 0.0 0.0 0.0 0.0 0.0 0.0 0.0 0.0 0.0 0.0 0.0 0.0 0.0 0.0 0.0 0.0 0.0 0.0 0.0 0.0 0.0 0.0 0.0 0.0 0.0 0.0 0.0 0.0 0.0 0.0 0.0 0.0 0.0 0.0 0.0 0.0 0.0 0.0 0.0 0.0 0.0 0.0 0.0 0.0 0.0 0.0 0.0 0.0 0.0 0.0 0.0 0.0 0.0 0.0 0.0 0.0 0.0 0.0 0.0 0.0 0.0 0.0 0.0 0.0 0.0 0.0 0.0 0.0 0.0 0.0 0.0 0.0 0.0 0.0 0.0 0.0 0.0 0.0 0.0 0.0 0.0 0.0 0.0 0.0 0.0 0.0 0.0 0.0 0.0 0.0 0.0 0.0 0.0 0.0 0.0 0.0 0.0 0.0 0.0 0.0 0.0 0.0 0.0 0.0 0.0 0.0 0.0 0.0 0.0 0.0 0.0 0.0 0.0 0.0 0.0 0.0 0.0 0.0 0.0 0.0 0.0 0.0 0.0 0.0 0.0 0.0 0.0 0.0 0.0 0.0 0.0 0.0 0.0 0.0 0.0 0.0 0.0 0.0 0.0 0.0 0.0 0.0 0.0 0.0 0.0 0.0 0.0 0.0 0.0 0.0 0.0 0.0 0.0 0.0 0.0 0.0 0.0 0.0 0.0 0.0 0.0 0.0 0.0 0.0 0.0 0.0 0.0 0.0 0.0 0.0 0.0 0.0 0.0 0.0 0.0 0.0 0.0 0.0 0.0 0.0 0.0 0.0 0.0 0.0 0.0 0.0 0.0 0.0 0.0 0.0 0.0 0.0 0.0 0.0 0.0 0.0 0.0 0.0 0.0 0.0 0.0 0.0 0.0 0.0 0.0 0.0 0.0 0.0 0.0 0.0 0.0 0.0 0.0 0.0 0.0 0.0 0.0 0.0 0.0 0.0 0.0 0.0 0.0 0.0 0.0 0.0 0.0 0.0 0.0 0.0 0.0 0.0 0.0 0.0 0.0 0.0 0.0 0.0 0.0 0.0 0.0 0.0 0.0 0.0 0.0 0.0 0.0 0.0 0.0 0.0 0.0 0.0 0.0 0.0 0.0 0.0 0.0 0.0 0.0 0.0 0.0 0.0 0.0 0.0 0.0 0.0 0.0 0.0 0.0 0.0 0.0 0.0 0.0 0.0 0.0 0.0 0.0 0.0 0.0 0.0 0.0 0.0 0.0 0.0 0.0 0.0 0.0 0.0 0.0 0.0 0.0 0.0 0.0 0.0 0.0 0.0 0.0 0.0 0.0 0.0 0.0 0.0 0.0 0.0 0.0 0.0 0.0 0.0 0.0 0.0 0.0 0.0 0.0 0.0 0.0 0.0 0.0 0.0 0.0 0.0 0.0 0.0 0.0 0.0 0.0 0.0 0.0 0.0 0.0 0.0 0.0 0.0 0.0 0.0 0.0 0.0 0.0 0.0 0.0 0.0 0.0 0.0 0.0 0.0 0.0 0.0 0.0 0.0 0.0 0.0 0.0 0.0 0.0 0.0 0.0 0.0 0.0 0.0 0.0 0.0 0.0 0.0 0.0 0.0 0.0 0.0 0.0 0.0 0.0 0.0 0.0 0.0 0.0 0.0 0.0 0.0 0.0 0.0 0.0 0.0 0.0 0.0 0.0 0.0 0.0 0.0 0.0 0.0 0.0 0.0 0.0 0.0 0.0 0.0 0.0 0.0 0.0 0.0 0.0 0.0 0.0 0.0 0.0 0.0 0.0 0.0 0.0 0.0 0.0 0.0 0.0 0.0 0.0 0.0 0.0 0.0 0.0 0.0 0.0 0.0 0.0 0.0 0.0017630515606321413 0.0001739454866495964 5.9560041411183956e-05 0.00014343483512879542 8.334192003688022e-05 0.0002071627848552968 0.0002727095145633823 0.00016004000606058543 9.383645730629926e-05 5.617367509695877e-05 0.00013314602458434354 7.123917957954126e-05 0.00018145423766270706 0.00023680372536388409 5.335448609743298e-05 0.0011377923225025235 5.496682106089057e-05 6.355833323130245e-05 4.58009553227634e-05 5.225160810177909e-05 4.934283729761124e-05 0.00011671639517808164 5.9565838118313815e-05 0.00012108881023812581 0.00012984490214712252 4.766251473846691e-05 8.46498345632341e-05 0.0002063865779205681 0.0001827931315453671 9.087838383768545e-05 7.569158828377482e-05 0.00019248326143807786 0.00044118796977748515 0.00021750704413169873 0.0001623066899019538 4.1515431732417155e-05 5.554620727200069e-05 5.37256143760208e-05 9.075136349959166e-05 0.00035019511463389583 8.365076665893088e-05 0.0001036980381900183 5.468213571787579e-05 0.0011703884045358602 8.991591679366993e-05 0.00011041924171755293 0.0006359537401242151 0.00012340232035953406 0.0005430460017709687 0.00029078268151743565 0.00030871362948129 7.250844278186855e-05 0.0002441677498295764 7.546281605327552e-05 0.0003887473050325408 8.600936797351103e-05 6.431690165724581e-05 0.0006884556910615237 0.0004794340638758467 0.00017076135038923094 3.913888819971989e-05 4.99959365153169e-05 9.235838538983071e-05 0.0008746269771285955 0.00013902475888434205 0.00010631163810064946 0.00011876274897223562 5.262569162877053e-05 5.3910497995772966e-05 0.0007225023363367463 6.0749005237613265e-05 4.4825224947700595e-05 5.0135888297789465e-05 5.844343202931292e-05 0.0001835288626069464 0.00018166353880784514 0.0001783895937839386 0.0001348455570145394 6.304016678837148e-05 6.611529954589056e-05 5.178362458589141e-05 5.323689851839104e-05 0.0001794962785587614 0.0001994269150717483 5.723886258887972e-05 8.243078469208115e-05 7.146332669165547e-05 0.0001462198553138208 4.937382766372616e-05 7.203564907653969e-05 0.00024924432464388293 0.0003181201985565823 5.204391529036699e-05 6.849388736117697e-05 0.00011033143471205197 7.58095882402158e-05 0.00013610351181011027 0.0006309003163348817 8.762398952241279e-05 0.004045142998764862 0.0003285207937892277 9.117178042394643e-05 0.00014347448922516932 6.728092495444913e-05 5.6279359972817594e-05 0.00022743157776192494 0.000117389622885619 5.790202601677186e-05 0.00011209099607605186 5.068530772969833e-05 0.00014034538559520572 0.0001023939863311188 0.0001037151665048973 7.890191118135286e-05 4.239329527452069e-05 5.114910332777948e-05 3.584097917342897e-05 5.887004173185933e-05 0.00012218130584819404 0.0003694531783587006 0.00018285229698038967 5.2879552708699744e-05 0.0021850155302144624 9.62671464361084e-05 6.196146529722302e-05 8.523436753332069e-05 6.772935126933415e-05 8.304597979422301e-05 5.248777156934721e-05 0.0007491970730273385 0.00011100718371686667 0.00025730883913285135 3.733648635899871e-05 0.0009826584393771327 0.00022715438856249978 4.448275879743302e-05 0.00012946376412437943 0.00022470109011517802 0.0009312110790361043 9.45900189981758e-05 0.0005039141031321266 4.323298137885915e-05 0.0008055078587396755 0.0004126902376073388 5.892452923982202e-05 0.00017092763451109687 8.955284912206098e-05 7.104861593025366e-05 0.0002796729652315067 0.00010064074847036122 0.00010305109031668458 0.0001271230776688157 4.1225992631110994e-05 9.010681396718583e-05 0.00028005243410414145 0.00025518042593318047 5.256220658691732e-05 0.00030671974644344395 0.00017973364766924406 0.00022110841830984756 0.00024342805889298835 0.0006512779221283112 0.0003800950618633103 7.652535905048793e-05 7.721637345970569e-05 5.132688426434191e-05 5.283692181183681e-05 0.000205136651601532 0.00021295441464807242 6.227337974830544e-05 5.441803254071971e-05 0.000504634111805089 0.00017568779908693513 0.0002478097138012251 0.00019914193085541294 0.0002654672312424548 0.00018956035960728904 8.851854063416238e-05 6.251102103370596e-05 5.1819534608716576e-05 4.878317579119459e-05 0.00013880038293942977 0.00011882420885979128 5.346278370837088e-05 3.991919381628804e-05 0.00120594974211071 5.108719303579021e-05 4.1622832379263933e-05 0.0001773672435579632 4.594822738471186e-05 0.00013597138922916133 0.0006584805010585731 0.00019795288680328078 0.0004499179050831398 6.940797076395506e-05 0.00014121797758788606 4.11093005699336e-05 0.00012858508409060123 5.1633668271217584e-05 4.3850099247657356e-05 0.0008734017030445926 4.29772846759192e-05 0.006094444486542493 9.508225917016991e-05 9.900606191117655e-05 0.00012902710561225783 0.00040610351630798465 5.245157363677821e-05 3.651330642884218e-05 5.359362364578669e-05 4.35819132390189e-05 0.00019451314435406096 6.719136068615834e-05 0.00010373981182343415 0.00026989944833419105 5.308707136581959e-05 0.00010445988511080526 6.907604976755566e-05 0.00011729256900197 7.078649980784981e-05 4.54256062394889e-05 0.00016115464748707787 0.0001312771462455378 4.824233203656507e-05 8.43371936139718e-05 0.00015208096125642994 6.375746753827939e-05 4.19816989600096e-05 0.00019969285873294357 0.0001615177235460204 0.0008834535420045131 4.807086119174104e-05 5.882952199423511e-05 7.415211252271369e-05 0.0001822810575112935 6.833173667568532e-05 0.0005065629742889443 0.00013137500311855122 0.0001670463231924219 0.003296857462559794 0.0011035749160204138 0.0001939120014708749 6.752670195078244e-05 6.295646568624156e-05 4.0939057453396494e-05 0.0007653896841484019 3.719184177303654e-05 0.00017850286168041504 9.357333568804077e-05 8.824218763243751e-05 0.00011179387304300659 5.072602475012316e-05 9.981013541598986e-05 6.124769354950157e-05 0.0002859725925997638 0.0001192985498924346 0.00014423878485588684 0.00013779207802286532 0.0009081164756064452 4.848674628706124e-05 0.000543174577633735 0.00012501234985008591 0.0002072778596145591 5.504753022054608e-05 6.382277242068308e-05 0.00010997090900231518 4.092875243882018e-05 7.160656009264284e-05 9.352821214865544e-05 0.00010019287025693656 0.00011262836392117632 4.9865148891362196e-05 0.00011422335773292853 6.184339494421257e-05 4.861949122950573e-05 0.00018104918484866932 0.00013607946722110178 9.039492263608089e-05 0.00040956552986694397 5.086226988641737e-05 7.1628398044005e-05 0.000249612281014813 0.00038972457677042833 5.505802039004199e-05 0.0008253007482847998 4.966551777190444e-05 7.595612412176845e-05 4.785035285179719e-05 5.526302722200948e-05 0.0006757852079526211 0.0005260297366516727 8.33542039569592e-05 5.603897145410387e-05 0.0022982602769089653 0.00016260210745302044 0.00021783997751636513 0.0004908233794722962 0.00014257401515764187 7.133488837487253e-05 9.589100969073971e-05 0.001684768379590786 6.351769639339137e-05 4.670235679516871e-05 5.785715664398908e-05 0.000228208787582714 0.00017372657118113827 4.75147132486629e-05 7.964110595563053e-05 4.22337251051889e-05 3.721745591592505e-05 0.00011200610719283794 0.00010896376315291581 0.00021927211339930192 0.00013631966954699283 4.887828216289275e-05 7.028545226366004e-05 0.00010431553467944076 0.002464145756179315 0.0015150708388152103 0.00030625052567959126 7.029957831496956e-05 0.0017090253785279424 0.0005539263088032199 0.00041123191047007083 8.621068378897227e-05 0.00044631373350063365 0.0001381366637509136 0.00012248466761079406 0.00012619147061619467 0.00025475661459103797 0.00014790602080912718 7.883330481483129e-05 4.919590342854653e-05 3.1065327088646216e-05 4.636699192813591e-05 0.00011153778701600003 6.411873058990228e-05 0.0001390652011448706 0.00010216525886654132 6.324247310428207e-05 8.820520982849036e-05 0.00012013638438241041 0.00047722388664604335 3.502985376265065e-05 0.00018515691161333643 5.8789110180907945e-05 5.0186216313572865e-05 0.00020325909835803153 4.5170512326277034e-05 8.792148246712418e-05 0.00011655853054520523 0.00011897261740682572 0.0005514935162522913 6.92974613667124e-05 6.239220004021789e-05 7.187840327497688e-05 5.737416923848756e-05 7.757361493768626e-05 9.026687722873936e-05 0.00015457985411553328 6.467777774141354e-05 0.00015977728225417565 0.00010957231212153352 5.458070566205257e-05 7.177785034505732e-05 0.000904461536586797 5.229580407208049e-05 8.9431012617297e-05 7.729906266037973e-05 4.099076136276386e-05 5.773464505813228e-05 5.970263304809404e-05 0.00014331456676533336 0.00021899010616988383 0.00036771123135340215 5.634140566296312e-05 5.380540350177064e-05 0.0008779654125929577 3.5274609627693455e-05 5.508155430163177e-05 5.587382262694552e-05 0.0001887573645865758 0.00016347999759692581 0.0009526186942968725 4.3957103487084854e-05 5.9438827383642626e-05 6.040832284612766e-05 0.0012911962447072513 6.699211724669075e-05 0.00019645538290038585 4.5628712779892134e-05 0.00020439039785335943 8.664132357604298e-05 8.094335860999662e-05 6.490468887151597e-05 0.00015069527688435844 3.924461203160422e-05 0.0001089120738452289 9.92315670340322e-05 4.842976202085069e-05 0.0002003719521781424 5.532669509686428e-05 9.655809528093662e-05 0.00012832112231759963 0.00010359921262543666 0.0005902236807167439 9.163144754771895e-05 0.0001453103092865471 8.160453300135009e-05 7.248605657120006e-05 4.0947485418847445e-05 8.113348588464694e-05 0.00011490989167270207 8.007608211212641e-05 0.0005938034925577615 0.0010880012568451431 3.487437314900539e-05 5.675283310496893e-05 0.00013324743429004354 4.2395219922624636e-05 6.580487525343511e-05 5.9122715596116564e-05 0.00020406518329696798 4.36133300510227e-05 6.60854355896531e-05 0.00020886601977713825 5.74914784699433e-05</DataArray>
<DataArray type="Float64" Name="heat_i_to_j" format="ascii">1.0629962573038522e-07 1.6739007326991604e-05 -6.452999141107825e-06 -8.468640164521488e-06 -9.639167781467568e-07 5.010363195777092e-06 -1.2960366058813905e-05 -3.3861601819278485e-06 8.382778774075974e-06 -6.051085134426286e-06 -2.8818229374263068e-06 4.292951194715829e-06 3.0143197824514335e-06 1.0403828355757704e-05 -5.844443059466894e-06 6.751833231575513e-06 -6.390963294727342e-06 -4.2292281996449e-07 -1.686861210193332e-05 3.6184780801905255e-06 1.458136151263533e-05 -9.47169356319515e-06 6.6961816220754715e-06 1.2154178448606051e-05 -2.4935924532577687e-05 5.941311713989323e-06 -1.0127497248110146e-05 1.0271749995958125e-05 -2.7608979100333277e-06 -1.594857312237235e-06 -1.3500284565795964e-05 2.0732967471954933e-07 5.321071672714044e-06 9.83323678666954e-07 1.1714593046737276e-05 -7.3221491717146615e-06 -4.151194688830722e-06 1.8709663516421964e-06 2.4861154499671768e-06 1.683766924524613e-06 -1.86905153685333e-06 -4.900855148496373e-06 -2.737199920962483e-06 -1.6350164789327804e-05 -1.1813100700032175e-05 2.580520920437903e-07 -4.085183833245004e-06 9.551037242328952e-06 -1.179839906587178e-05 -1.5878656349351808e-05 1.553404422146799e-05 8.986992134324618e-06 -9.903894070956049e-06 -8.409611857753521e-06 9.332453128167402e-06 2.6024551337514167e-06 -5.950861262671162e-06 -1.247560467900211e-06 -1.1698437572680625e-05 1.941767243908764e-05 -1.931023350104642e-07 -3.1798264096779986e-06 1.0199956123040918e-05 1.584486767213047e-05 -4.119553223842676e-06 -8.934464488084627e-06 -9.810979673649872e-06 -1.8743368136568864e-05 1.2506042916214067e-05 1.0915655710195864e-05 1.1859929303008383e-06 2.1327545512968162e-05 -1.6261253003451562e-05 -7.425694383727042e-06 2.3594018741582355e-06 3.0179832167428545e-06 1.2828415414491478e-05 1.0088356931566045e-05 -1.172642773982865e-05 -1.5721973646085794e-05 -8.17413743105509e-06 -1.0020472155772163e-06 3.891697283297995e-06 -5.228091536752296e-06 1.458906344338563e-05 -1.093164548349609e-05 4.951372600498087e-06 1.4332593741624212e-06 -6.384631974662374e-06 -1.213757251708207e-06 1.2180679725392696e-05 1.3611004285735304e-05 -7.701761940578215e-06 -8.385870224430853e-06 -9.163752992125487e-06 1.4576547031952077e-05 -2.0072867021498982e-05 1.7678056198450135e-05 -5.346917698650801e-07 2.114113232546462e-07 4.494124364637664e-06 1.3051497962853442e-06 -5.441136385867209e-06 5.5698929936289755e-06 1.462664829909195e-05 -9.048469086667402e-06 -2.162485455458079e-05 6.009816511783365e-06 1.5044347157463387e-06 6.95344102918724e-06 1.93962067746351e-05 1.463107356237969e-05 -1.1246985465357204e-05 1.1219321975497656e-05 1.2211624206546047e-05 -7.164068294176755e-06 -6.679900123165664e-07 3.870922366431406e-06 1.084258667320753e-06 1.1744874461682903e-08 1.4636070312138615e-06 2.4393964822762037e-05 -1.6694910255182207e-05 -1.363874957934666e-05 -1.1861548155499487e-05 9.781494581512196e-06 -4.219029622630978e-06 5.296647943995272e-06 -6.418636769277461e-06 3.44678125055158e-06 1.0536767788504562e-05 -1.311876609434446e-07 1.522671153014442e-09 -2.0991278971799274e-05 -7.693597119266802e-06 -4.666738134891969e-06 -3.7968181033370106e-06 -1.8257216294864826e-05 -7.686560865747267e-06 -4.554166327732201e-06 5.753978084561553e-06 -1.9848432099564625e-05 6.734638257906312e-06 1.4421424833002097e-05 6.659868547273586e-07 3.5432142533000277e-06 1.3365823750194838e-05 -6.932528618243027e-06 4.591093879253725e-06 8.543647586128686e-07 -1.2249686302949515e-05 -1.0161018521191438e-05 1.5906222720104383e-05 -1.515562831486415e-05 1.6981681982885667e-05 -1.042482994114646e-08 3.4173842513266567e-10 7.974892944705159e-06 1.252148483892473e-06 -6.7409259786274965e-06 -1.2376359534709873e-05 -9.631025745260172e-06 1.1931691369331447e-05 1.6038294679324e-05 8.233815270124844e-07 -9.83561454854268e-06 9.458865427284491e-07 -7.885309384516222e-06 -2.6017028187125163e-06 -1.8885773172863223e-05 -1.7254214354048682e-05 3.269043904636193e-06 1.4981748293533048e-06 -1.7263903974355898e-06 -1.2304778075955792e-05 2.448048794127325e-05 2.0031111805504655e-05 -3.6910557324207984e-06 3.8015630907312625e-06 9.343824478697959e-06 -5.950177098805979e-06 -9.46269151380107e-06 -8.63419352285094e-06 8.298156261820977e-06 1.2840907297203148e-05 1.898551920989331e-05 4.729765531729944e-06 -7.734275361597762e-06 4.311119036290791e-06 -1.4206514241808117e-06 7.175814893502426e-06 3.359521772542989e-06 -2.220801825612913e-05 8.93064585717557e-06 1.189852694340158e-06 -1.2540358423507645e-05 1.5020747221534244e-05 3.4889451490750797e-06 9.698998281748862e-06 -1.0260111259997048e-05 -5.408220968946261e-06 1.0186942711240791e-05 3.3826686351722603e-06 6.190744195450598e-07 1.1887211492133912e-06 1.799118429003252e-05 1.9781043942898015e-05 3.9496470367559805e-06 -7.558860501501705e-06 1.948746713294298e-05 1.1254143742461648e-05 -2.0326648649397278e-05 -1.2688359768517924e-05 -2.35055818300273e-07 6.495010278606916e-06 1.3560706816391044e-05 -1.7314514533480022e-05 -6.244350912833131e-06 1.4809940068341276e-05 2.672016733144728e-06 5.73363743947067e-06 3.172768859284459e-06 2.366325610933979e-06 -1.178704178464731e-05 -1.5567454143422174e-05 2.3693984764587515e-06 -1.0545087544617346e-05 2.0055475079693826e-05 -1.0033266998804881e-05 1.5609374915122035e-05 1.5137200422368417e-05 2.17062604356634e-05 3.3814695712316538e-06 9.631061350507317e-06 1.2449361406499158e-05 -1.0638554193068158e-05 -1.3892844641787336e-06 -1.3434053671012429e-05 -3.92802207229332e-06 -6.478473696873019e-06 1.511319541790276e-05 -2.345006778535741e-05 -4.716894989066545e-06 -3.929416271050197e-06 -5.138523515992114e-06 1.3652803624823902e-05 -2.1966507546311768e-05 2.3293880260830477e-05 -4.816050305701186e-06 1.4593206257376612e-06 -3.1465992581372606e-06 -3.226854010236605e-06 -1.0975177008594486e-05 6.789542113079188e-06 7.412488905763445e-06 4.886925231875027e-06 -7.940067038239021e-06 -5.282720360378996e-07 5.365723240025644e-06 -5.21142783634237e-06 -2.6834595169558736e-06 4.976457728440069e-06 -1.1439281194995464e-06 -3.719251721751604e-06 -7.400142326693128e-06 -1.9672151676705994e-06 9.721392580682053e-06 1.0746526077834493e-05 -1.5472879396951692e-06 -1.6778941901622847e-05 -3.773769118112728e-06 -5.769779663256757e-06 -4.011009764981085e-06 -5.998374489830888e-06 1.577916391811458e-05 7.328519232844608e-06 -5.072277627555844e-07 5.212992436031003e-07 7.017487523374799e-07 6.056832229049246e-07 1.0970947768271787e-05 -3.77592045025908e-06 6.570756007876142e-06 -1.0196089785665768e-05 4.323384711307814e-06 -6.130674655037213e-06 -5.612248622882427e-06 6.730312297986363e-06 -7.697627532414585e-06 9.491533348805246e-06 -5.326315384049306e-06 -3.421974669297873e-07 1.0906217245356472e-05 -4.410777154660263e-06 9.23339320117753e-06 8.37892146095002e-06 -7.677944399909749e-06 2.7401006559896498e-06 -1.2674470918212372e-05 -2.049500819091546e-06 1.3135566392777933e-05 -9.949219063437213e-06 1.381103756189554e-05 -3.025674262593162e-06 -1.9790100751346645e-06 7.978683157601727e-06 -3.4688596370915617e-06 5.700408159255133e-06 4.379921592907646e-06 -3.3522924070621944e-06 -7.385611478006888e-06 -8.74234544892497e-06 -9.391145980002661e-06 -8.80228865022711e-06 1.009422231253975e-05 1.3944422416336909e-05 6.135388432199208e-07 2.402870602593157e-07 -7.24054364628647e-06 3.3053266822625607e-06 -1.0863031355823146e-05 -1.0781743665021452e-05 -8.44693939878088e-06 -6.374746700392009e-06 2.704394271204825e-06 6.1275661212332795e-06 1.3763959975188998e-05 3.597097391559097e-06 1.2254415324034787e-05 -1.1461490244537675e-05 5.056006537630866e-07 -5.5459044448416985e-06 -5.861556585826205e-07 -3.228019203734969e-05 1.5196584622947153e-05 -2.1230376376648886e-06 9.041160394905926e-06 1.5949865316002364e-05 3.904909276670497e-07 1.4232979203617829e-06 -1.776365416405285e-05 2.4318941394272946e-06 2.1820747498757914e-06 2.4351240422925788e-05 3.1908681578743013e-06 1.4337247371455964e-05 -2.0796601382206802e-06 -1.670186927939359e-05 1.3988257688656653e-05 1.2128520644185828e-05 -6.48140245250279e-06 -2.11668813804335e-06 -1.948752544676201e-05 -1.0070454213454726e-05 -1.9389970246186278e-07 9.61065577098724e-06 3.1144001409708537e-07 1.5956342728734198e-05 1.5424908899395803e-05 -1.6658150184704654e-07 2.662336566752526e-07 -1.6222313530401164e-06 1.7375504600027736e-05 1.0936516713071957e-05 9.923405678141714e-06 -1.623004520856834e-05 1.3283600131770733e-05 -2.0721379800270583e-05 1.3903340619658576e-05 3.1428740284519456e-07 3.427494007660723e-06 4.502024968996634e-06 7.574284648901125e-06 3.432575559981877e-06 -1.0494641851520023e-05 -1.4542481311022827e-05 -3.5493084839459368e-06 1.9126946581178074e-05 -2.2579782740420276e-05 1.1423137591920114e-05 1.2143773713181042e-05 -7.08198321981248e-06 -3.4654667409544007e-07 2.1248271150184656e-05 8.57285785368249e-06 1.2387478094635286e-05 -1.733014151711393e-05 3.7655173608702443e-06 -3.6705018681076886e-06 1.0030047016035812e-05 8.420008471343531e-06 -3.7811891302763564e-06 8.744180645937697e-07 1.0836430424848388e-05 2.09246660786659e-06 3.042267254157145e-05 3.254564207222352e-07 2.546663805359285e-05 1.757294300492212e-05 1.0920697218000445e-05 1.1541577269816598e-05 -1.787323487778982e-05 1.4034398489500217e-05 -1.1690679851956745e-05 1.413311464963755e-07 -9.958860524075303e-06 1.8102159040790297e-05 -6.361022026571634e-06 -1.0803983747629052e-05 -1.634964945498668e-06 1.1725900824194465e-05 3.720651833082021e-06 -1.0329753135878444e-05 -9.71500775745825e-06 -1.4337249800372858e-05 -3.2280146278797403e-06 -3.7335795441520797e-06 2.0696319651522625e-06 1.4015797890909705e-05 4.0275208457898475e-05 1.1643905715113423e-05 1.784297751323919e-05 -2.0454813521918405e-06 -1.0499632328479705e-05 2.481345900882046e-06 -1.9423115448586533e-05 5.605963563597242e-06 -7.512909702988721e-06 -1.714427125053164e-05 -8.075837552614921e-06 1.980168435042145e-05 -3.4786131556786542e-06 1.565434948523721e-05 4.0999389578347644e-07 6.965779514680107e-07 -1.2108966551178658e-05 -1.0719413833714872e-05 3.893296248181114e-06 1.603894610178563e-05 1.8931087235272014e-05 8.168076714406224e-06 -2.222087972203559e-05 1.4005632532184615e-05 6.206684347672629e-06 -1.3227380423054385e-05 9.120559560823105e-06 -4.538257378271331e-06 -2.8780122694299354e-05 2.007867221170615e-05 1.8837754500210315e-05 1.7768235647395788e-06 -3.05855298047952e-07 -1.3854378029050593e-05 -2.136838187252958e-05 1.3416332751203724e-05 5.682208836030442e-06 -4.34164257575697e-06 2.3128420464129706e-05 6.002893614097544e-06 1.3241044156544372e-05 -9.86860425308581e-06 2.6725835044464723e-06 -1.7632688118979932e-06 -2.5113154877215204e-06 1.0601192841671118e-05 -2.9900432063787896e-05 1.14996005527962e-06 -4.864630181250518e-07 8.44750815953086e-06 5.242220505480047e-06 3.116357441186767e-05 -1.1031177235205772e-06 -3.372411117457539e-07 -2.4429187779345786e-06 8.170473841398434e-06 -7.616479666172716e-06 -2.120470354392129e-05 -7.355114299433931e-06 3.335187069234776e-05 -1.9562700795685385e-06 -3.720509539995001e-06 5.72665425755786e-06 -1.1138292240663629e-05 -1.6314039517850822e-06 -3.6024747546715183e-06 3.279472207060191e-05 -2.121392044773232e-05 -1.2968438392602488e-05 2.648999195709319e-06 2.2141865472307956e-05 3.372659976724058e-06 1.6699403585571952e-05 -2.3783968584335722e-06 7.544187956833174e-07 -1.864580349473709e-05 -4.116551768733743e-06 -2.4087464256789647e-05 3.4682268737664796e-05 7.845635412507321e-06 -3.639691714204837e-06 -5.592393649321238e-06 6.093872521130998e-06 -2.698913647969951e-05 2.424365365745352e-05 -2.383171526648024e-06 1.1194662367217691e-05 6.9584738803516886e-06 1.3865934370113603e-05 2.799466659859924e-05 -1.2774945080621499e-05 -1.4802080825341584e-05 -7.27889020998625e-06 1.796860533631275e-08 8.586786000979643e-06 -3.361829569445692e-06 4.740696587186956e-07 -1.0390811529161219e-05 -1.8403667146595987e-06 2.088994877578398e-05 -1.5260859582687147e-05 2.0761329464423115e-06 1.9146074097992332e-05 1.7262750380841106e-06 1.016979684961415e-05 2.054843812371412e-06 -2.3119603742751604e-05 2.4763269903693694e-05 7.606559146039637e-06 7.980491999533236e-06 1.5177260548032331e-05 -6.605574069513263e-06 5.6087984006869315e-06 8.487832273160747e-06 2.6846694158608968e-06 -9.18836659401368e-06 4.966031326779119e-07 2.9774783438673876e-05 7.896161717064966e-06 -1.3456976589803323e-05 1.0955735884653006e-05 -3.839684413631299e-06 1.3443968727680497e-05 1.0881992626924897e-05 -8.40431104423991e-07 -9.695131633064686e-06 -1.932740000424947e-05 1.1083498879108927e-05 1.344229974537677e-05 -6.157327024060461e-06 -6.279635404747373e-06 -7.651686097826229e-06 1.4783790673113241e-05 1.414903607370447e-06 -6.529594332459837e-06 -1.9422699556321834e-05 2.387682330066533e-05 1.973392575694986e-05 1.3625517541047106e-06 3.1673422102535713e-06 1.4386941071462235e-05 -1.7017012721019794e-05 1.4433505161249773e-05 -2.1790200757524015e-06 -7.98033540076985e-06 8.936139313984943e-06 -2.0252329409643533e-05 -2.0705937898121616e-05 3.34823504636916e-05 -5.880241499337708e-06 -4.216620405066961e-06 9.177471640315021e-06 -7.01781995640262e-06 -1.4321850314358752e-05 1.365001850360853e-05 -8.475031184922758e-06 2.323604468400558e-05 1.2672687377464642e-06 2.572202487169543e-06 2.307131432587055e-06 6.591617301418923e-07 -2.0987567714415084e-06 7.447670715579489e-06 -1.3162656529878415e-06 -2.986217785185884e-05 3.090400526996303e-05 3.6307685877684856e-06 -9.038049600924588e-06 1.1041579964106935e-05 -6.484607349846268e-07 -1.5964862126995978e-05 -6.075864705834208e-06 8.320444478059842e-06 -9.84484433023858e-07 -1.8960826980327464e-05 3.0819035757604535e-06 6.093240899799383e-06 1.495653033116919e-05 -1.4210193028783973e-05 1.2747034722643923e-05 1.9899218195972314e-05 8.34319904730952e-06 4.104330575683687e-06 1.5864122537188037e-05 5.7257058216255465e-06 -3.054985929624146e-05 1.9807846302526334e-05 3.204231833974059e-06 -1.7912364148696288e-05 1.8496230756703974e-07 2.2516038735683825e-05 -1.4578865447428186e-05 6.253666553391699e-06 -7.433921017221665e-06 1.175939012429173e-06 -1.3198185673252817e-05 5.495122636046461e-06 1.4901847372944904e-05 -3.0854741300062827e-07 -1.3496430149577259e-05 -4.305850555739339e-05 1.901315812056534e-05 -1.0943589655820668e-05 1.3402292206148604e-05 -2.0916346729748294e-05 3.5168266673072326e-06 1.916018388516051e-05 2.2422770855735638e-07 -2.274492674723015e-05 2.2740922695298206e-06 1.4995358450204428e-06 -1.2373408260568572e-05 2.8011539333538324e-06 1.5754461677072876e-05 2.406575972907585e-05 1.650414093469619e-05 -2.2845806977818006e-05 -2.1138231358375827e-05 7.674445447810963e-07 1.0027334618452069e-07 4.488811046707453e-06 -1.073434178457838e-05 1.830442587868757e-05 -1.891618118662414e-05 -2.4282849240045388e-05 -8.651571325029912e-06 -2.9376041760005896e-05 3.86000227316787e-05 -8.453231159111458e-06 -2.6812446813022538e-05 4.582758982223967e-06 2.2939237119314774e-06 -8.382683728243289e-06 2.5206508791428387e-05 7.140208936237732e-06 1.3932708609101446e-05 -1.7920189332474375e-06 2.5311815955426507e-06 -1.7935217475946265e-05 -1.4272658595494294e-05 -9.167505667491729e-06 -1.1092792598629588e-05 1.204482279029744e-05 -1.2852177791970077e-05 -8.319873658165679e-07 -5.835252096919041e-06 -1.9730789411917324e-05 -6.994766676477102e-07 1.071958864868357e-05 1.0205102358200522e-05 -1.0705614163169286e-05 -3.440515801333145e-05 1.0651090619832029e-05 -1.7086611409010865e-05 3.6184246109244616e-06 1.3493413510918667e-05 -1.124153339192989e-05 2.246368162872951e-06 9.681013461175121e-06 1.6442333279633454e-05 -9.03289972246921e-06 -3.897241283754718e-06 -1.1239356884746814e-05 2.672690024051262e-06 3.6998564996145285e-06 3.067360441173157e-05 -1.128224191366176e-05 -2.1710228103642668e-05 1.5014021560585723e-05 1.8938960133748335e-05 -1.4172532885066781e-05 -3.46742824087826e-07 -1.1398846581679738e-05 1.2590599315135757e-05 -1.7342396468929645e-05 1.8813401939399178e-05 4.804255652804581e-07 -4.390809923555912e-08 -1.4829499306910606e-06 -1.0391727178961684e-06 -3.0327885135995057e-05 5.9503186740541315e-06 -1.969508326973352e-06 9.15403038508457e-06 1.1875298168625484e-05 -1.96419741814723e-05 1.8921646526412482e-05 -1.1096075424357965e-06 5.046776635195576e-06 2.1506071410308978e-05 -1.7938047325764926e-05 1.010746374901272e-05 2.0943313601484827e-05 -2.3024720149421607e-05 1.838270494554835e-05 -1.1675911912168324e-05 -2.338309537729579e-05 -1.2772064225964478e-05 1.1677214790367545e-05 5.101526606535243e-06 -5.106431670121443e-06 -2.0248871170990394e-06 2.021586821072842e-05 -1.0430619397424591e-05 2.219363387485273e-05 3.090915114499631e-07 -8.870574021514982e-07 3.6274245203612593e-06 -2.1237293438908487e-05 -1.440842040468834e-05 -1.561926010518783e-05 2.670993627352476e-05 -3.0806262716576754e-05 1.9715586548260076e-05 3.240481289191707e-05 3.6548946530818297e-06 -3.675584738087661e-05 -3.507530913392296e-05 2.912924509674205e-05 2.1081628935830293e-06 1.6355130713961012e-05 2.935334013960839e-06 -7.64228017950483e-07 -1.1919543123420769e-05 2.8783076784159335e-05 6.537884678192145e-06 -2.9329676820268474e-05 4.295953895748929e-06 -2.5628423014744154e-06 3.406062826529857e-06 1.7024439719644494e-05 3.1915914456099985e-07 2.0145713693204068e-05 2.1626935820079543e-06 -5.733194843318825e-07 5.262936327269032e-06 1.405499960559559e-05 1.670071159150914e-05 -3.5153633202829236e-06 -8.534776823907793e-08 3.6718580197219294e-06 -1.3756624542643511e-05 7.236707864461087e-06 8.530000854091035e-06 -1.678465522851497e-05 1.1737432365483068e-05 1.1375480813742235e-05 -1.2216688732353473e-05 -1.1029415236124188e-06 -2.931780974688647e-05 8.26369354682156e-06 9.80435812347552e-06 -1.8900505311975742e-06 -2.06483383747092e-05 7.732296785158532e-06 -1.2524734709370664e-07 9.803370634916945e-06 -1.1123506568427808e-05 1.7201666525000757e-05 -2.0487643521987365e-05 2.6384744913859727e-06 -7.887976978537003e-06 5.502624236089937e-06 3.681835539788696e-06 1.840293485252014e-05 -8.650044065261524e-07 1.2565606733128783e-05 7.649181939839394e-06 1.961092629255046e-05 -4.00114404912348e-06 1.2149348149675454e-05 -1.5589316528602383e-05 1.714302960700611e-05 1.5468577433250336e-05 1.3650287981773366e-05 4.3694752275856905e-06 2.0769870497599622e-05 -1.131339280657678e-05 -5.441916124711704e-06 5.431368791471043e-06 6.6778918809132695e-06 -3.581649060807619e-05 3.887468609097471e-06 1.6420595394731034e-05 -1.174950449513905e-05 -2.6642874670171644e-07 -8.111420525789481e-06 -2.3937932063163326e-05 1.7408007808353617e-05 9.001037220402662e-06 9.57989545807902e-06 -1.2131153916106656e-05 1.764280791724015e-05 1.4012642322271869e-05 2.7957108352844415e-06 -8.91208398184934e-06 6.038402375378319e-06 -7.388124283263259e-06 -1.3691942064104067e-05 -1.166269789906084e-05 3.1317283575309138e-06 -2.0563390121969247e-06 5.424987995872871e-06 1.8530075858614082e-05 -3.144677305545953e-06 -1.5226967175294895e-05 1.1608871361670447e-05 1.6355010729295523e-05 -1.574457181115122e-05 1.36066941142012e-06 -8.58838071562648e-06 5.297320806110125e-06 -3.2977502683144826e-06 -6.3380056693645344e-06 4.5281704661912765e-06 1.867457371302845e-06 2.4820928223261674e-05 -3.957863864772524e-06 9.631676314260095e-06 2.8334754660269273e-05 1.0031819196764418e-05 2.0252265134387093e-05 -1.4111805287389968e-05 9.153500579596838e-07 7.884157065976584e-06 -1.3389083919407324e-05 -1.896743551909474e-05 -5.681996638424111e-06 2.617815485811266e-05 -3.418644785652622e-05 -8.392631990529312e-06 -1.3864005486393962e-06 -6.010215872068534e-06 3.7709894637916653e-06 1.0654875908366446e-05 -2.0916369462933135e-05 -5.837989355822838e-06 2.5195740692770795e-05 -1.1048264935673806e-05 9.466454621997636e-06 -4.314989356889511e-06 1.1487371523298968e-05 9.261215743119357e-06 -1.4011599185388742e-06 1.6962742286824852e-06 8.482715060188766e-06 2.4827396815937075e-05 5.325180985958017e-06 -1.9793289629619833e-05 1.7271028302146899e-06 -1.9521568118826463e-05 1.6278389180913742e-05 4.15382925360683e-06 -2.3249169158172636e-06 2.8272371587666247e-06 9.294056618539619e-06 6.313845527382838e-06 -2.515869147549385e-05 4.836099655447155e-06 8.849577705357679e-06 2.050649064853706e-05 5.285631883241645e-06 -1.641765685362822e-06 -1.9688258377155715e-05 -1.151215068789983e-05 4.4419198669189135e-06 1.2432470682515662e-05 7.009343244564533e-06 -1.1657216719092296e-05 -1.8562556701498728e-05 9.774677634767743e-06 -1.9853566068503545e-05 1.284372488689798e-05 2.858033674958863e-05 4.5247510306918056e-06 2.6951453713119958e-05 4.159840125270711e-06 1.1636031185664943e-05 -1.105290342836476e-05 -2.7438690408596403e-05 -8.78048221774601e-06 1.5539647904894853e-05 -2.869663751599875e-07 9.989952061138e-06 5.648270375925522e-06 1.2574351343520268e-05 -1.0458793083549547e-05 5.091683966423926e-06 -4.020581802820135e-06 -4.046905557251295e-05 2.1804612305216865e-05 -2.264791267660603e-05 5.447789086179031e-06 -1.691407876779786e-05 -2.852157569146973e-05 1.9064867497079876e-05 2.4830142202213405e-05 2.1852400322826044e-07 -1.031375360008762e-06 1.7682565258570387e-05 6.0176214771602515e-06 -2.2044703372154965e-05 3.406072168796941e-05 1.7312565580826327e-05 -3.488241045098908e-06 -3.4236705742210313e-06 1.8427059905584106e-05 -1.932569382518593e-05 -2.233653796604818e-06 1.5657418118431875e-05 -8.52867694717905e-06 3.09150974832181e-06 -9.301015523171975e-07 -4.5587923578233215e-06 -1.4616794897643654e-06 9.89928270772277e-07 -8.589813317048358e-06 1.4232759273586289e-05 3.433984409001097e-05 2.0205866041265507e-05 -4.2774446647711025e-07 -4.2163856879801605e-06 1.0785524205265485e-05 -1.6685451289534558e-05 1.7777380919564462e-05 3.4639163035142226e-06 -1.2269936156940671e-05 -2.9947581533773535e-05 7.966206119215706e-06 2.4658607455720203e-05 1.0739098820143671e-05 6.339593862238376e-06 3.17693020694639e-05 1.2162316556611944e-06 -7.193760331544547e-06 -3.920113039604813e-06 2.5481804213041217e-06 -2.775629654303964e-05 1.513729919790004e-05 1.0305356299247689e-06 9.623427905954982e-06 -1.0556290526434573e-05 -5.142492541930407e-06 2.808237204563793e-05 -1.6028379349794127e-05 -1.178853652319144e-05 1.4888287600612608e-05 -2.2863538715208962e-05 -1.7918156540000502e-05 8.435037423443398e-06 -2.2663853785763133e-06 -1.0680665019492383e-05 -1.5962479875716775e-06 -1.2980874299479673e-05 -1.283324267222788e-06 -1.1570157553464688e-05 2.642458695131747e-05 -1.0374917920530254e-06 1.5203342623319395e-05 -9.47187614077566e-06 -2.0575088493994273e-05 -6.0711724722515e-07 1.0203631190540288e-05 1.428266313310596e-08 3.6866839919676003e-07 8.721104464084913e-06 -1.8069084263784046e-05 -2.05828966226345e-06 -3.503958199308941e-06 1.3185570067114997e-05 -2.039998115372872e-05 5.4253862061995575e-06 1.4835301633347256e-05 9.738597186167956e-06 -2.2931275759604094e-05 -5.039555940197843e-06 1.892524843151564e-05 -2.271604954247091e-06 -3.1353038660603096e-05 4.520454337223798e-05 -4.774743426472211e-07 2.5643112790124613e-05 2.5541262155621706e-05 2.711933493571858e-05 -1.1716124339453904e-05 -6.08364517489416e-06 -8.348785791663492e-07 5.86085861823331e-06 1.4979735380695818e-05 7.504191859835039e-06 1.0875705811441833e-05 -2.892110363391766e-05 -1.7593309533041718e-05 -1.439232386225972e-06 -7.776184049767903e-06 1.5181793221145161e-05 1.0605059820053268e-05 2.3711016674792705e-05 1.751179257886377e-05 -2.7818802096518274e-05 -1.8595921953691793e-05 1.1536404927075902e-05 -4.3785782830221414e-07 4.538228016270158e-06 -1.2980595965993661e-05 -8.356081275951756e-06 6.7607014960000684e-06 -1.0739878402060494e-05 9.72925927385683e-06 2.8848277019982967e-07 -2.104170863272316e-05 -1.684962600607429e-05 2.2322027977933105e-05 -3.5286948067699277e-06 -1.1335481369563e-06 -2.8850768171668626e-05 3.1264843217554854e-06 -1.3707357243635635e-05 4.388111407515121e-06 1.1780929644436299e-05 1.8520264193402265e-05 -1.6786158581864652e-05 -9.496139528537313e-06 1.0843372032751095e-05 4.972512922412488e-06 1.6118955593685785e-05 1.6446987533976673e-05 -2.272848995158422e-05 2.7313545481904794e-05 -2.810437446991357e-06 -9.124956932771404e-06 -1.7350288323237042e-05 -2.9849314758705613e-05 -1.7091012868807473e-05 -1.4389931880258222e-06 1.521125827820348e-05 -3.902262909272986e-06 1.930052268850459e-05 1.4213437787696998e-05 -3.7603472749344146e-05 -1.166975991658548e-05 2.3403223058193237e-06 2.793434191020461e-05 -2.6743866971492035e-05 -1.2345269199607209e-05 8.380568379532836e-06 2.91313107484799e-06 1.9616055240885078e-05 -5.441403557138693e-06 2.4906403943327123e-05 1.606127394734316e-06 -1.5451317502874644e-05 -8.30701646576801e-06 -2.0492256171074194e-05 -3.69968970415773e-06 -1.9668167682352923e-05 -1.8656202272696584e-05 2.6869302583516107e-05 1.4733786939199134e-05 1.018747821051427e-05 -1.983170249697651e-05 -1.8650782714354209e-06 2.2724185905933566e-05 1.1052853355715794e-05 -3.952685747183964e-06 1.817605820764628e-05 2.3249985637739868e-07 -3.4841964479612557e-06 -2.7811088180800862e-05 1.135881742788562e-05 5.874072876257384e-07 1.0247380853260443e-05 -7.773331540694073e-06 -1.8006610503406573e-05 7.762439615207467e-06 -2.9881340438831687e-05 1.6772828967665624e-05 2.5421919843155855e-06 -1.6141710910494098e-05 2.6708030397290258e-05 -2.2700608081255135e-05 -1.0598534696901253e-05 1.7713607514069617e-05 1.8067386830067322e-05 -1.5128191639063259e-05 -1.871257659550079e-06 -1.8851519300564677e-05 2.9679533000237457e-05 7.665877310045403e-06 -2.5093267146307956e-06 -1.264768941519379e-05 5.453621231507763e-06 2.199845534312019e-05 -7.566456600813723e-06 -6.647949302146375e-06 2.7750457570748998e-05 -4.99016843065678e-06 -1.553667506038191e-05 -2.1060519786688594e-05 2.21964066070644e-06 4.5171452715931195e-06 3.0769690134757525e-05 8.918432677236933e-07 -8.030711778357272e-06 7.487102865044742e-06 1.4784660428111419e-05 -1.429794920578573e-05 4.468247738182105e-06 -6.186579320816517e-07 -2.199890126931824e-05 3.0512397829904723e-05 4.152228594358747e-06 -2.7865519991842467e-05 7.892420344422294e-06 -3.3089634922659764e-05 2.5683952404705958e-05 5.005847106526702e-06 1.3510172244201115e-05 -2.6947068809534132e-05 -9.495190990487249e-07 -1.5134636999206825e-05 2.7257029344705144e-06 -5.032967239533263e-06 -3.34390630779157e-05 1.57727843766319e-05 1.414048933512962e-06 1.7185964932996657e-05 -1.5691234021659784e-05 9.05885147364756e-06 -8.631889810324678e-06 -7.897463194562139e-06 -1.0724053661981574e-05 1.2784076771944663e-05 -7.249146431690142e-06 -1.4099650713374553e-05 -2.619372255990072e-06 -1.2877551021394552e-05 1.2933267221527417e-05 2.0835976523917386e-06 2.8546703048832497e-05 -1.6403672797248288e-05 7.5430945969593064e-06 -2.7396311576804333e-06 9.776488034472465e-06 8.36909403462614e-06 2.3302528877477686e-05 -2.3413689557836406e-05 -2.0548850278129098e-05 4.9283504039101305e-05 -6.862791771272119e-06 3.538527451794047e-05 -2.679371106024218e-06 7.495891502542823e-06 -6.047938690959736e-06 -2.7953808148943055e-05 2.109762111124806e-05 3.9495966256291e-06 -5.703372319852124e-06 -3.4432359563217184e-05 2.8495171488951766e-05 7.94426475425763e-06 7.222045765813542e-06 -6.17811110519945e-07 1.2667856253026315e-05 3.4322674458373754e-05 -3.7630878387616077e-06 9.311932135108876e-06 -1.583269889460339e-05 -3.0424717073055623e-05 -5.902126263131789e-06 7.962398619479533e-06 1.5291157114362698e-05 3.525420467236788e-06 1.333787918250836e-05 -3.4145958769947226e-06 -1.1747059640038062e-05 5.106665197910489e-06 -6.975531451438372e-06 1.5161283613068724e-05 6.578638145831288e-06 -1.0797153298668327e-05 -2.89672121211227e-06 7.201067222784828e-06 -1.7002690681224694e-05 -5.792346668636644e-06 -1.6465532237667754e-06 1.3079988438832568e-05 -1.5029987489293305e-05 -3.281408890076469e-05 1.4668467857206643e-05 -4.1506776786721906e-05 3.0246097900671356e-05 2.677467719845875e-05 -2.799121617975689e-06 -1.0974613903906145e-05 -1.63353567326536e-05 -2.969521191353301e-05 2.7577459232644127e-05 1.2241066422460338e-05 -7.634048914942941e-06 -1.90458376534293e-05 2.6037850767319554e-05 -1.6074571805727644e-05 1.1077776938234554e-05 -1.7111325611526036e-05 -2.9364120418170297e-05 -5.0520485060142865e-06 -3.7717762472653034e-06 2.152526199650286e-06 -2.2592563021300517e-05 6.259708830628216e-06 -1.351620925225159e-05 -5.379124293689324e-06 6.060734001028149e-06 -1.0610151354666605e-05 6.596866936623087e-06 -2.0821644659994877e-05 3.0307073995755107e-05 1.5828237921898957e-05 6.4538249850596805e-06 2.2373925026561928e-05 3.422376917663511e-05 -1.2792815167209391e-05 -3.6001517877476095e-05 3.5835656201669715e-05 -3.0169154607238008e-05 2.766780552802564e-05 -5.204839895486022e-06 -9.651969976897113e-06 1.5299556404818863e-05 4.130104600343402e-06 -8.493871828944063e-06 -2.7429699475803086e-05 -6.140946506706215e-06 -2.6790461342940107e-05 1.3766347968061624e-05 -7.228138614819665e-06 -3.2297528539515003e-05 3.019249484672471e-05 3.1006011744005576e-05 -3.864831867479591e-06 -1.1299040958976786e-06 1.4537949033751077e-05 9.325256988668294e-06 -9.131301542637212e-06 3.168781225461123e-05 -2.6438962723082577e-07 -2.0673235220120957e-06 2.5157782268500814e-05 1.2264952254593807e-06 -1.661412879892954e-05 -4.96069230310473e-05 -9.84085224804894e-07 4.159662875622224e-05 1.298774303339694e-06 -1.7692520569562286e-05 -1.8010314860755976e-05 -4.8959043930382095e-05 8.286343570483625e-06 -6.195144898811486e-06 1.6972071538459407e-05 -2.0306089261324794e-05 -8.452868712737224e-06 -2.588750397664727e-05 3.141571584668879e-06 7.456179401443853e-06 9.925953317322978e-06 -3.452477477043961e-05 -2.1169522552364552e-05 1.9704438676730717e-05 2.5393990428526064e-05 -1.6358412419131196e-06 -1.2611256498083771e-05 -8.593903428437424e-06 3.6448268791571365e-05 7.382928598936853e-06 -2.7919203376089466e-05 1.598427236126054e-05 -1.345422501264815e-05 -1.3627048443268743e-05 1.2958824336670491e-05 -2.4831432629553465e-05 5.681928970922299e-05 -3.2111195878018633e-06 -1.077361293043849e-05 2.120656055026786e-06 1.3737962065635693e-05 -2.735027007062082e-05 1.0722915060698655e-05 -2.683565758671136e-06 -1.2831325713770414e-05 -2.2038093349097974e-05 4.541288204101124e-06 -3.152330488715163e-05 4.139975075722976e-06 7.015104119144747e-06 2.5801713398320568e-06 -1.0464986223845894e-07 -6.063742640989939e-06 -1.8611175565317288e-06 -3.4050132552655575e-06 -1.7146410307117697e-05 1.0447419115036013e-06 6.074069884200955e-06 3.879762426242112e-06 3.692994942075873e-06 -1.355204184388062e-06 1.976847249338113e-06 2.237585955973526e-05 3.1281447670368125e-06 -6.847307110066624e-06 -3.291371584856759e-05 3.8760776158886885e-05 -1.5150672979564497e-05 -2.4210678746225037e-05 3.835711109269068e-05 5.855435374881245e-05 -1.141762126223094e-06 -3.4721299063653475e-05 7.882264173603611e-06 -1.628417850292394e-05 -2.6194562418922913e-05 -3.067860177754281e-06 -1.472351022377433e-05 4.977579601047146e-05 -1.94672187444936e-05 2.4655146658930778e-06 -6.786885822062608e-07 4.188275556563539e-06 1.0036858830258131e-05 -1.5233590119270278e-05 2.068895395053317e-05 -9.758836222047658e-06 1.4975900431056225e-06 1.9621727688938628e-05 -9.042396114263493e-06 9.087158107316396e-06 1.608176401836296e-05 1.247729168154014e-06 4.155784467676779e-05 7.441780366155567e-06 4.257447255417495e-06 2.8471332234867235e-06 5.7583385753848836e-06 2.4968727710581994e-06 -8.814076715207309e-06 -5.184798799584261e-06 -1.6512154510083314e-06 8.767692919876761e-06 7.408002272286444e-06 -9.707646362791231e-07 1.0505451497115928e-05 -2.4067300530542724e-05 -7.311458001248228e-06 2.270239585912825e-06 7.4227586365876e-06 -1.1130459062876436e-05 -2.602026495262655e-05 1.6941428256366333e-05 6.1036621435480186e-06 -5.660811080267004e-07 -1.0244596343977724e-06 -1.2106389361897938e-05 2.0031000567247643e-05 -4.205208483878436e-06 -1.2637889624665189e-05 -1.335461164119178e-06 2.344723093842261e-06 1.0540576925405938e-06 -2.507442748172629e-06 3.734110080463934e-05 1.1881773755639808e-05 -1.651738426334496e-06 -1.9042766015601222e-05 -1.9645917756519763e-05 8.873672138964262e-06 1.8237707025258318e-05 -7.592933495814247e-06 3.791269358469417e-05 9.410248798954943e-07 -5.822832545919964e-06 1.6256370946856505e-06 -1.589214207474466e-07 -1.3535463106639327e-05 -3.488196462222911e-06 6.847833811152467e-06 9.970536232226211e-06 2.8869197437493472e-05 -4.127986316085144e-06 -6.6641193713775035e-06 -5.251024204740624e-06 8.74072178174267e-06 3.824063677425769e-06 -1.2830962080601732e-05 -8.469692199357225e-06 -2.903240841071164e-06 1.9838446825340115e-06 1.7165283335871041e-06 2.033188535627956e-05 -1.200591687830433e-05 -8.902081384484073e-06 -9.968899626288986e-06 -3.3772336558166857e-06 8.849481946020596e-06 8.09921231770913e-06 3.427118438688479e-06 -1.8671595421291032e-05 -1.27223643796906e-06 5.101891557275012e-06 -2.3798957673719494e-06 -4.57571921219804e-06 -1.713307496701451e-06 6.703753272571176e-06 -5.379419437293003e-06 -9.07087267879832e-06 -1.0729700110747134e-05 4.701934980925818e-06 2.644403634483819e-06 5.621596455666886e-06 4.7843721442137005e-06 1.0941816532803842e-05 -3.144759318343762e-05 7.603588294719323e-06 -1.45250594664798e-05 -5.309716927601605e-06 -7.289041590025863e-06 -2.9425984416769116e-06 6.700999024006632e-06 -3.1205902330847404e-06 7.73097081681582e-06 1.4059957120675513e-05 -3.091472289660098e-06 1.977179951483092e-07 5.804819484158589e-06 3.570335548151919e-06 2.609861438553947e-07 1.5237141487226183e-05 -2.1384715902403994e-06 -4.1856768617749016e-06 -6.326504105552749e-06 2.7107814445132706e-06 2.8508418917687712e-06 4.79494095085183e-06 -4.1512629189995936e-07 1.2991875712134148e-05 5.373382831925476e-06 -2.0905837130936007e-05 -8.942200947000793e-06 -7.075494448361989e-06 -6.088377359695472e-06 7.897471235634767e-06 -4.366494144029182e-06 -2.991563952389297e-06 3.722956270222117e-05 1.2227533679043056e-05 9.370177362151908e-07 -2.794512769561222e-07 3.3378983614004074e-05 -1.9060827086337048e-05 1.6980640726333786e-06 -1.627032139044644e-05 -1.4189198228096214e-05 2.4688464603424826e-05 3.294939700708665e-06 -1.5383824731192734e-05 3.1982033095973863e-06 -5.311960794176731e-05 -1.4077340516803349e-05 -2.3785695327649936e-06 -2.0593178744550364e-06 6.27910128650183e-06 -1.6438630250975737e-08 -2.0020479101110708e-07 7.955286827321059e-06 -9.049710774422843e-06 -4.46218973923179e-06 2.037676152139004e-06 1.1036723545675233e-06 6.535106930659167e-07 -8.940054608840205e-07 5.1618067224164225e-06 2.029616970515686e-05 -1.2969686700896976e-05 -1.7013317722368635e-05 -1.6192521871174903e-05 6.790212473641245e-06 7.176549294148692e-06 -8.944557254635532e-07 -6.264678503346182e-06 -2.5084533608847835e-06 3.69425682548157e-06 -2.0435910530407755e-05 -2.1122155378359375e-06 6.7653942950300695e-06 -4.122234320463552e-06 -8.209789098765042e-06 4.515271464188033e-06 -1.7151284141130155e-05 4.152161540768123e-06 -7.564912269760596e-06 1.894296823554363e-05 -1.1118145742010944e-05 -2.887026896401064e-06 3.0731150973165268e-06 -3.650132614751686e-06 -2.216104627996459e-05 1.1353472881608301e-05 -7.0179922415141665e-06 -2.469483270554413e-06 4.7281405602311256e-05 -7.526649559558229e-06 -4.4991099330704885e-07 3.1488834798652814e-06 -4.21099349539658e-06 -7.950755115344615e-06 1.01156432659007e-06 7.352187350288685e-06 -3.015107163065653e-05 -4.86489970693684e-06 -4.381144328766511e-06 -3.6116044271059654e-06 -1.4702333261567376e-05 7.649471094575438e-06 -1.3546141033158854e-06 -5.221547780272119e-05 -1.92366764717203e-06 -3.117888854916574e-05 -2.421613007538513e-06 1.2037844968561366e-05 5.661881418546815e-07 3.829457107459658e-05 6.996373603865909e-07 1.609708355896398e-06 -3.0757148935652905e-06 -2.4915158288806568e-06 3.3424667951890486e-06 -5.312179857993012e-06 2.4049537595564866e-06 1.9128428903436097e-05 -2.461249041595441e-06 5.235921730212524e-06 -7.033771071004731e-06 -1.018660144791555e-05 4.9249738685272356e-08 3.3517147084175483e-06 2.181947895987528e-06 1.898329877112311e-06 1.5987747132213595e-06 -9.107718539070333e-06 -6.139442091958185e-06 1.8511802596390699e-06 -3.323711177778797e-07 3.644626856973086e-06 -1.6464052748814164e-05 -3.169668447804689e-05 6.389825747440523e-06 -3.4356714899160414e-07 3.759736919370998e-06 5.438672612563936e-06 6.0733299811282215e-06 5.958713803919679e-06 -1.012688535468912e-05 1.0078481165460966e-05 3.832253454811492e-05 -1.913850010722395e-05 -5.8725726334045874e-06 4.457417013810522e-06 7.9483686827512e-06 4.64737419124811e-06 1.5336229551707813e-06 3.503148351278883e-06 -9.543975642470935e-06 7.466309399813613e-06 1.1924469955522728e-06 -4.643390047630251e-06 4.077188130921609e-08 1.4808331608990898e-06 -8.640201101848644e-06 -4.816394532666276e-07 2.3775441211890704e-06 1.4443403541843606e-05 1.7184536931893233e-06 -8.086505721388339e-07 6.438017794919847e-06 1.4941375416423397e-05 1.1667296734904098e-06 -1.0888016455524299e-05 1.4141101725201396e-06 -4.244133611878892e-06 -4.162987440488208e-06 -2.1142859804463514e-06 6.328865676781216e-06 -2.991887167798933e-06 3.3244536146627857e-06 -3.4788392435492384e-06 3.2791299217290574e-06 1.499466327503151e-05 9.149651609039719e-07 3.869540961051224e-06 -3.207336061122317e-06 2.6035183042563122e-06 -1.7733617134329605e-07 4.151149359945938e-05 3.867335752925342e-06 -6.537692278083604e-06 1.0282394671296838e-05 -2.2346402070797357e-05 -3.366999053795667e-06 4.619699721733675e-05 6.585259613396332e-06 9.904424410276561e-06 -2.66837110863127e-06 2.245862457683581e-06 -4.5835987638390415e-06 3.702404051515118e-05 8.605612217437319e-06 -1.0915969179796565e-06 1.1635739776440152e-05 -2.0652909379080007e-06 1.604397617227116e-05 -4.730407053895622e-07 1.0783585248058071e-05 3.953881531752015e-07 1.2370078928020924e-05 -5.833212367325222e-05 2.1846456767010103e-06 -3.577765959655254e-06 -4.305795251154921e-07 1.656756889391961e-05 -1.2380635435015902e-05 -1.9823571761845945e-07 -3.622769651320963e-06 -4.569955136380888e-06 3.0129639675247382e-06 -4.6760997826797425e-06 2.506915706876694e-08 2.598390512020634e-05 1.6417214681238355e-05 4.252505009350827e-06 -2.091170975681648e-06 -1.4726280570083833e-05 -5.876810469048377e-06 9.204086420631919e-06 1.7784880339140667e-05 5.267060920189785e-06 3.156113097811246e-05 2.6626177725861462e-05 -7.305961345828536e-06 -4.705443312844395e-06 -6.729282268363279e-06 5.314939514956256e-06 1.0668674235639369e-05 3.897722982119119e-06 1.5136458231928532e-06 3.1831139656621653e-06 -1.4029472048498704e-06 -5.969034000926573e-06 -1.3203115128782046e-07 4.987940956806683e-07 6.287394038775673e-06 7.128374849830203e-06 -3.944647317430984e-06 -2.759006242074558e-06 -4.895623124818296e-06 -8.101364679575325e-06 5.271915152326249e-06 -2.7639996684774776e-05 -7.495340547589551e-07 -1.7404264973676699e-06 5.490879802291225e-06 1.66948288764093e-06 -8.950414100955629e-06 3.928739729336697e-06 1.6461330996637375e-06 1.0111642719492386e-05 5.97339272609421e-06 -4.084930899707766e-05 2.9205057320675774e-06 -5.281720286336492e-06 6.150669856992068e-06 -7.183389198915311e-06 6.426029429765046e-06 -5.67383740390077e-06 3.5596902682541703e-06 -1.0996411666394994e-06 -9.513113569743743e-06 -4.743661601174956e-06 6.13729318896762e-06 6.855160940242578e-06 -5.4031349870730984e-05 5.567600733475665e-06 3.5672824944657224e-06 -3.821368314296927e-06 -5.212512613284903e-06 -1.374039830452115e-06 1.2480603393241514e-06 1.0024352526441579e-06 -2.8442624413425203e-06 3.3733355554134194e-05 -3.5974455262830227e-07 -1.6764507530149388e-06 -1.717995577698185e-05 -2.300830837632943e-06 4.314283331215379e-06 2.057339904964236e-06 -6.881342188097574e-06 7.778961466197567e-07 4.310691013043213e-06 -1.6180816454814085e-06 -2.4069060067523073e-06 -5.0266343152718065e-06 -1.866535129204889e-05 -2.721511760171117e-06 4.476087980576854e-06 -7.976326371195187e-06 -1.1273564473831128e-05 3.5478113840811165e-07 5.657478978493591e-06 -3.2590610236867362e-06 1.619877303406108e-05 3.067626598052267e-06 2.591973951436554e-06 -1.2830982008229308e-05 3.500180969982193e-06 -1.2992698269886323e-05 2.8842013689636983e-06 1.1125450273529992e-06 -1.2150921058916462e-05 2.2450873372231636e-06 3.886543378440789e-05 -1.0704708015312643e-05 8.332709517273416e-06 1.1358210863127293e-06 -4.753157671324423e-06 -5.208508621368857e-06 -1.2786581330447499e-05 9.449677580842617e-06 5.563878750132668e-07 2.4629944360568522e-05 3.725286584874012e-05 -1.8465190128619885e-06 -4.828157822212092e-06 -6.278572063485088e-06 -5.029879018226712e-06 1.6919366261190837e-06 4.296787586715612e-06 -1.4051404239983474e-05 3.2242984523811857e-06 -4.7669603537353257e-07 -5.2464793197017055e-06 3.239702644126891e-06</DataArray>
</CellData><Points>
<DataArray type="Float64" Name="Points" format="ascii" NumberOfComponents="3">0.0151327 0.00115563 0.0017419 0.0141921 0.0016198 0.00281419 0.0151327 0.00115563 0.0017419 0.0144691 -8.823452048289894e-05 0.00250948 0.0151327 0.00115563 0.0017419 0.0168786145204829 0.00130126 0.00109445 0.0151327 0.00115563 0.0017419 0.0151889 0.00300748 0.00131104 0.0143213 0.013037 0.0102118 0.0148072 0.0143992 0.00983163 0.0143213 0.013037 0.0102118 0.0139239 0.0132632 0.0116239 0.0143213 0.013037 0.0102118 0.0143573 0.0127819 0.00851817 0.0143213 0.013037 0.0102118 0.0128927 0.0122358 0.00968693 0.0143213 0.013037 0.0102118 0.0147244 0.0118431 0.011367 0.00944696 0.00479737 0.00514464 0.00837038 0.00561283 0.0045936 0.00944696 0.00479737 0.00514464 0.00964616 0.00644989 0.00520181 0.00944696 0.00479737 0.00514464 0.0106344 0.00516889 0.00633136 0.00944696 0.00479737 0.00514464 0.00899819 0.00313438 0.00595921 0.0109111 0.00425955 0.000707616 0.0107403 0.0055451 0.0018055099999999998 0.00670849 0.000866951 0.0051779 0.00815764 0.00155739 0.00468163 0.00670849 0.000866951 0.0051779 0.00708603 0.00226918 0.00604545 0.00670849 0.000866951 0.0051779 0.00547061 0.00220868 0.00452783 0.00670849 0.000866951 0.0051779 0.00687735 -0.001029834520482898 0.00513623 0.0148072 0.0143992 0.00983163 0.0159154195204829 0.0137134 0.00885746 0.0148072 0.0143992 0.00983163 0.0162516845204829 0.0150072 0.0105034 0.0148072 0.0143992 0.00983163 0.0142658 0.0148428 0.0112978 0.0148072 0.0143992 0.00983163 0.014394 0.0147198 0.00818975 0.0010147 0.000831218 0.00941065 0.000890145 0.00223572 0.0102524 0.0010147 0.000831218 0.00941065 0.00088105 -0.000363434520482899 0.0105034 0.0010147 0.000831218 0.00941065 0.0007164 0.00029191699999999994 0.00791993 0.0010147 0.000831218 0.00941065 0.00240283 0.000843443 0.0102687 0.0010147 0.000831218 0.00941065 0.00139906 0.0022093 0.00850697 0.0010147 0.000831218 0.00941065 -0.0008545345204828989 0.00101532 0.00961945 0.00451682 0.000645025 0.0146578 0.00440958 -0.0010080345204829 0.0145282 0.00451682 0.000645025 0.0146578 0.00581911 0.00172426 0.0144566 0.00451682 0.000645025 0.0146578 0.00318155 0.0014035 0.0139873 0.0147206 0.0139046 0.0127193 0.0139239 0.0132632 0.0116239 0.0147206 0.0139046 0.0127193 0.0145371 0.0134171 0.0143886 0.0147206 0.0139046 0.0127193 0.0163477555204829 0.0145399 0.0126192 0.00355315 0.0144407 0.00649175 0.00344209 0.0149641 0.00780268 0.00355315 0.0144407 0.00649175 0.00508388 0.0139401 0.00632774 0.00355315 0.0144407 0.00649175 0.00248374 0.0151863 0.00540234 0.00355315 0.0144407 0.00649175 0.00185793 0.0139856 0.00720806 0.00900278 0.0131608 0.00991587 0.00988317 0.0135683 0.0110293 0.00900278 0.0131608 0.00991587 0.00757315 0.0141395 0.00982918 0.00900278 0.0131608 0.00991587 0.00760919 0.0117553 0.00983223 0.00433361 0.00239023 0.0146814 0.00581911 0.00172426 0.0144566 0.00433361 0.00239023 0.0146814 0.00291999 0.00322739 0.0144818 0.00433361 0.00239023 0.0146814 0.00318155 0.0014035 0.0139873 0.0106765 0.0141214 0.00590043 0.0105733 0.0125735 0.00526755 0.0106765 0.0141214 0.00590043 0.0121634 0.0143626 0.00679055 0.0106765 0.0141214 0.00590043 0.0108315 0.016007704520482897 0.00626549 0.00881584 0.0110499 0.00511223 0.00841092 0.00959626 0.0058444 0.00881584 0.0110499 0.00511223 0.00892562 0.0125508 0.00432971 0.00881584 0.0110499 0.00511223 0.00873277 0.00988291 0.00393572 0.00881584 0.0110499 0.00511223 0.00921945 0.0119421 0.00641884 0.00440735 0.00171469 0.00676586 0.00446207 0.000609924 0.00765116 0.00440735 0.00171469 0.00676586 0.00356341 0.00181973 0.00533926 0.00440735 0.00171469 0.00676586 0.00492007 0.0004418009999999999 0.00580023 0.00440735 0.00171469 0.00676586 0.00386171 0.00270794 0.00802837 0.00440735 0.00171469 0.00676586 0.00255816 0.00114621 0.00710047 0.00440735 0.00171469 0.00676586 0.00541196 0.00333014 0.00665278 0.00732712 0.00481976 0.00574086 0.00855338 0.00550281 0.00613339 0.00732712 0.00481976 0.00574086 0.00717064 0.00382324 0.00437199 0.00732712 0.00481976 0.00574086 0.00760515 0.0042274 0.00728987 0.00732712 0.00481976 0.00574086 0.00576113 0.00496984 0.00514114 0.0129534 0.00863682 0.0112829 0.0143449 0.00874883 0.0113934 0.0129534 0.00863682 0.0112829 0.0134074 0.0094787 0.0127003 0.0129534 0.00863682 0.0112829 0.0120181 0.00811492 0.0125764 0.0129534 0.00863682 0.0112829 0.0137165 0.00929045 0.00956968 0.0129534 0.00863682 0.0112829 0.0137968 0.00708503 0.0105313 0.0129534 0.00863682 0.0112829 0.0113986 0.00787863 0.0104791 0.014561 0.00517853 0.00553652 0.0141194 0.00470703 0.00433182 0.014561 0.00517853 0.00553652 0.0159658665204829 0.00442376 0.00558026 0.014561 0.00517853 0.00553652 0.015520910520482899 0.00624099 0.00629367 0.014561 0.00517853 0.00553652 0.012717 0.00497249 0.00564253 0.00489308 0.00282388 0.00927113 0.00379715 0.00221146 0.0103515 0.00489308 0.00282388 0.00927113 0.00386171 0.00270794 0.00802837 0.00489308 0.00282388 0.00927113 0.00625872 0.00230596 0.00867378 0.00489308 0.00282388 0.00927113 0.00429788 0.00460278 0.00953474 0.00520413 0.0128654 0.00795112 0.0065052 0.0126342 0.00859981 0.00520413 0.0128654 0.00795112 0.00524774 0.0125483 0.00962598 0.00520413 0.0128654 0.00795112 0.00462761 0.014216 0.00872348 0.00520413 0.0128654 0.00795112 0.00641682 0.0122244 0.00702925 0.00520413 0.0128654 0.00795112 0.00358932 0.0124559 0.00693932 0.0131483 0.0128473 0.00355844 0.0117349 0.0129254 0.00322802 0.0131483 0.0128473 0.00355844 0.0137511 0.0112117 0.00349255 0.0131483 0.0128473 0.00355844 0.0120602 0.0118554 0.00443186 0.0131483 0.0128473 0.00355844 0.0127752 0.0139847 0.00230137 0.0131483 0.0128473 0.00355844 0.0141476 0.0130014 0.00491582 0.0131483 0.0128473 0.00355844 0.0149669 0.0129066 0.00285924 0.0101335 0.00352324 0.00755119 0.00906508 0.00223346 0.00795407 0.0101335 0.00352324 0.00755119 0.0119203 0.00429212 0.00786969 0.0101335 0.00352324 0.00755119 0.00899819 0.00313438 0.00595921 0.00344209 0.0149641 0.00780268 0.00446207 0.0159805585204829 0.00765116 0.00344209 0.0149641 0.00780268 0.00327322 0.0157630105204829 0.00893675 0.00344209 0.0149641 0.00780268 0.00462761 0.014216 0.00872348 0.00344209 0.0149641 0.00780268 0.00255816 0.0165168445204829 0.00710047 0.00344209 0.0149641 0.00780268 0.00185793 0.0139856 0.00720806 0.0065052 0.0126342 0.00859981 0.00751657 0.0133117 0.00783416 0.0065052 0.0126342 0.00859981 0.00524774 0.0125483 0.00962598 0.0065052 0.0126342 0.00859981 0.00641682 0.0122244 0.00702925 0.0065052 0.0126342 0.00859981 0.00760919 0.0117553 0.00983223 0.0151499 0.0117645 0.0146206 0.0158097805204829 0.0110944 0.0134521 0.00331565 0.0101723 0.00853776 0.00470948 0.0111967 0.008307 0.00331565 0.0101723 0.00853776 0.00177003 0.0106641 0.00911158 0.00331565 0.0101723 0.00853776 0.00453691 0.00942341 0.00954167 0.00331565 0.0101723 0.00853776 0.00404456 0.00864856 0.00752236 0.00331565 0.0101723 0.00853776 0.00358582 0.0112819 0.0101736 0.00614201 0.00943366 0.0120799 0.00623783 0.0100748 0.0135859 0.00614201 0.00943366 0.0120799 0.00509977 0.0104938 0.0114683 0.00614201 0.00943366 0.0120799 0.00534896 0.0085551 0.0110848 0.00614201 0.00943366 0.0120799 0.00787271 0.0090787 0.0125727 0.00809682 0.0118118 0.00060256 0.00650561 0.0124136 0.000884147 0.00809682 0.0118118 0.00060256 0.00785746 0.0103366 0.00103145 0.00809682 0.0118118 0.00060256 0.00893611 0.0127031 0.00164658 0.00901365 0.00584643 0.0138838 0.00946706 0.00689528 0.0146936 0.00901365 0.00584643 0.0138838 0.00846184 0.00490389 0.0126128 0.00901365 0.00584643 0.0138838 0.00863629 0.00430558 0.0144603 0.00360533 0.00803064 0.00957249 0.00365903 0.00848651 0.0109622 0.00360533 0.00803064 0.00957249 0.00210729 0.00779943 0.00900949 0.00360533 0.00803064 0.00957249 0.00453691 0.00942341 0.00954167 0.00360533 0.00803064 0.00957249 0.00527292 0.00713916 0.00961492 0.00360533 0.00803064 0.00957249 0.00300831 0.00642562 0.010603 0.00154186 0.012482 0.00257877 0.0018216 0.0105733 0.00310661 0.00803572 0.00260863 0.00192811 0.00737449 0.00408512 0.00181528 0.00803572 0.00260863 0.00192811 0.00714818 0.00220529 0.00322679 0.00803572 0.00260863 0.00192811 0.00915807 0.00328766 0.000934924 0.00803572 0.00260863 0.00192811 0.00776734 0.000944439 0.00111534 0.0117285 0.0120384 0.00640567 0.0105733 0.0125735 0.00526755 0.0117285 0.0120384 0.00640567 0.0127241 0.0126985 0.00758516 0.0117285 0.0120384 0.00640567 0.0106884 0.0107356 0.00604621 0.0117285 0.0120384 0.00640567 0.0106021 0.0130877 0.00764289 0.00589282 0.0104346 0.00926257 0.00470948 0.0111967 0.008307 0.00589282 0.0104346 0.00926257 0.00453691 0.00942341 0.00954167 0.00589282 0.0104346 0.00926257 0.00730094 0.00931706 0.010022 0.0014993 0.0125015 0.0126506 2.1095700000000077e-05 0.0124219 0.0128926 0.0014993 0.0125015 0.0126506 0.00211998 0.0109038 0.0130038 0.00455226 0.00648969 0.0147271 0.00501008 0.00690803 0.0134989 0.00455226 0.00648969 0.0147271 0.00521796 0.00515041 0.0138533 0.00455226 0.00648969 0.0147271 0.00308504 0.00529079 0.0142464 0.00519157 0.00363314 0.0146867 0.00688329 0.00340692 0.0143901 0.00519157 0.00363314 0.0146867 0.00538342 0.0034238 0.0130372 0.00519157 0.00363314 0.0146867 0.00521796 0.00515041 0.0138533 0.00935738 0.00719085 0.0025238 0.00812884 0.00672759 0.00191333 0.00935738 0.00719085 0.0025238 0.00985779 0.00815529 0.00388315 0.00935738 0.00719085 0.0025238 0.00952206 0.00691311 0.0008986269999999999 0.00935738 0.00719085 0.0025238 0.00801103 0.00791742 0.00315793 0.00935738 0.00719085 0.0025238 0.0103754 0.006324 0.00347663 0.00904302 0.0137127 0.00310217 0.0102279 0.0128672 0.00336011 0.00904302 0.0137127 0.00310217 0.00763007 0.0127637 0.00294432 0.00904302 0.0137127 0.00310217 0.00892562 0.0125508 0.00432971 0.00904302 0.0137127 0.00310217 0.00959524 0.0147618 0.00155384 0.00904302 0.0137127 0.00310217 0.00794846 0.0153104 0.00326511 0.0135203 0.00288739 0.00207765 0.014513 0.00303612 0.00319182 0.0135203 0.00288739 0.00207765 0.012526 0.00349482 0.000923494 0.0135203 0.00288739 0.00207765 0.0131778 0.00166347 0.000956286 0.0135203 0.00288739 0.00207765 0.0118559 0.00265954 0.0028569 0.0135203 0.00288739 0.00207765 0.0151889 0.00300748 0.00131104 0.0135203 0.00288739 0.00207765 0.0132851 0.00466757 0.0026714 0.000439146 0.0110944 0.0134521 2.1095700000000022e-05 0.0124219 0.0128926 0.000439146 0.0110944 0.0134521 0.00211998 0.0109038 0.0130038 0.00988317 0.0135683 0.0110293 0.00878013 0.0126694 0.0120224 0.00988317 0.0135683 0.0110293 0.00872676 0.0148175 0.0113207 0.00988317 0.0135683 0.0110293 0.0114087 0.0138141 0.00980987 0.0141238 0.00807977 0.00377993 0.0140915 0.00668328 0.00283329 0.0141238 0.00807977 0.00377993 0.0132691 0.0093747 0.00311564 0.0141238 0.00807977 0.00377993 0.015627391520482897 0.00786836 0.00497188 0.0102279 0.0128672 0.00336011 0.00892562 0.0125508 0.00432971 0.0102279 0.0128672 0.00336011 0.010898 0.0143746 0.00316433 0.0102279 0.0128672 0.00336011 0.0108772 0.0129161 0.00181871 0.0102279 0.0128672 0.00336011 0.00962222 0.0113023 0.00289497 0.00295233 0.0096089 0.0147241 0.0013163 0.00973301 0.0144238 0.00295233 0.0096089 0.0147241 0.00258171 0.00802324 0.0144181 0.00295233 0.0096089 0.0147241 0.00423907 0.0107346 0.0139761 0.00133145 0.00697416 0.0113659 0.000519877 0.00761316 0.010058 0.00133145 0.00697416 0.0113659 -0.00020713452048289884 0.00648948 0.0120217 0.00133145 0.00697416 0.0113659 0.000803853 0.00855083 0.0115832 0.00133145 0.00697416 0.0113659 0.00098502 0.0053282 0.0111163 0.00133145 0.00697416 0.0113659 0.00300831 0.00642562 0.010603 0.00133145 0.00697416 0.0113659 0.00151112 0.00661975 0.013202 0.00446207 0.000609924 0.00765116 0.00490533 0.00069221 0.00926079 0.00446207 0.000609924 0.00765116 0.00603778 0.00111112 0.00717034 0.00831433 0.000220829 0.0128202 0.00982367 -0.00035793452048289937 0.0133574 0.00831433 0.000220829 0.0128202 0.0082099 0.000870013 0.0144201 0.00831433 0.000220829 0.0128202 0.00695371 -0.0005920345204829003 0.0122093 0.00831433 0.000220829 0.0128202 0.00872676 -0.0005531345204828989 0.0113207 0.00831433 0.000220829 0.0128202 0.00864119 0.00172406 0.011622 0.00831433 0.000220829 0.0128202 0.0078991 -0.0012013345204829004 0.0141394 0.00464623 0.00358161 0.000637897 0.00562226 0.00477273 0.00132247 0.00464623 0.00358161 0.000637897 0.00358764 0.0043882 0.00196482 0.00751657 0.0133117 0.00783416 0.00827685 0.0147628 0.00814513 0.00751657 0.0133117 0.00783416 0.0066188 0.0145815 0.00723761 0.00751657 0.0133117 0.00783416 0.00874637 0.0122671 0.00818002 0.00751657 0.0133117 0.00783416 0.00641682 0.0122244 0.00702925 0.00837038 0.00561283 0.0045936 0.00964616 0.00644989 0.00520181 0.00837038 0.00561283 0.0045936 0.00700269 0.00639403 0.00492724 0.00837038 0.00561283 0.0045936 0.00859229 0.00485768 0.00319335 0.0131996 0.00924544 0.000649426 0.0124835 0.0087772 0.00175103 0.0131996 0.00924544 0.000649426 0.0144644 0.0100909 0.00140118 0.000778654 0.00867041 0.00876685 0.0019423500000000002 0.00933517 0.00774063 0.000778654 0.00867041 0.00876685 0.000394765 0.00965594 0.0100309 0.000778654 0.00867041 0.00876685 0.00210729 0.00779943 0.00900949 0.000778654 0.00867041 0.00876685 0.000519877 0.00761316 0.010058 0.000778654 0.00867041 0.00876685 8.435479999999997e-05 0.00995715 0.00799865 0.000778654 0.00867041 0.00876685 -0.0006241345204829001 0.00741987 0.00833856 0.0111335 0.00654266 0.000629808 0.0109869 0.0080267 0.00127195 0.0111335 0.00654266 0.000629808 0.00952206 0.00691311 0.000898627 0.0111335 0.00654266 0.000629808 0.0126739 0.00729969 0.000948025 0.0111335 0.00654266 0.000629808 0.0123629 0.00535672 0.000884611 0.0111335 0.00654266 0.000629808 0.0107403 0.0055451 0.0018055099999999998 0.0117349 0.0129254 0.00322802 0.0120602 0.0118554 0.00443186 0.0117349 0.0129254 0.00322802 0.010898 0.0143746 0.00316433 0.0117349 0.0129254 0.00322802 0.0108772 0.0129161 0.00181871 0.00100069 0.00971544 0.0128179 0.0013163 0.00973301 0.0144238 0.00100069 0.00971544 0.0128179 0.00211998 0.0109038 0.0130038 0.00100069 0.00971544 0.0128179 -0.0002016345204828992 0.0101144 0.011814 0.00100069 0.00971544 0.0128179 0.000803853 0.00855083 0.0115832 0.00100069 0.00971544 0.0128179 -0.0002872345204828991 0.00832007 0.0133538 0.00213613 0.00532787 0.00279534 0.00240649 0.00685607 0.00344709 0.00213613 0.00532787 0.00279534 0.0002658370000000001 0.00514675 0.0032108 0.00213613 0.00532787 0.00279534 0.00204686 0.00637336 0.00117652 0.00213613 0.00532787 0.00279534 0.00358764 0.0043882 0.00196482 0.0120355 0.013347 0.00068661 0.0108772 0.0129161 0.00181871 0.0120355 0.013347 0.00068661 0.0116912 0.0149773 0.00096492 0.0110029 0.00961298 0.00729321 0.012581 0.00928693 0.00778731 0.0110029 0.00961298 0.00729321 0.00999947 0.0108406 0.00787277 0.0110029 0.00961298 0.00729321 0.0112303 0.00798569 0.00783697 0.0110029 0.00961298 0.00729321 0.0106884 0.0107356 0.00604621 0.0110029 0.00961298 0.00729321 0.010236 0.00840283 0.00599713 0.0060172 0.0129855 0.0130881 0.00441845 0.0127797 0.0136226 0.0060172 0.0129855 0.0130881 0.00512241 0.0142025 0.0125249 0.0060172 0.0129855 0.0130881 0.00709482 0.0119501 0.0142682 0.0060172 0.0129855 0.0130881 0.0068171 0.0116391 0.0119993 0.00992413 0.0133021 0.00053523 0.00893611 0.0127031 0.00164658 0.00992413 0.0133021 0.00053523 0.0108772 0.0129161 0.00181871 0.00992413 0.0133021 0.00053523 0.00959524 0.0147618 0.00155384 0.00293915 0.00172612 0.00892091 0.00327322 0.00039237600000000005 0.00893675 0.00293915 0.00172612 0.00892091 0.00379715 0.00221146 0.0103515 0.00293915 0.00172612 0.00892091 0.00240283 0.000843443 0.0102687 0.00293915 0.00172612 0.00892091 0.00386171 0.00270794 0.00802837 0.00293915 0.00172612 0.00892091 0.00139906 0.0022093 0.00850697 0.00293915 0.00172612 0.00892091 0.00255816 0.00114621 0.00710047 0.0141194 0.00470703 0.00433182 0.0132691 0.00322139 0.00440678 0.0141194 0.00470703 0.00433182 0.0156364715204829 0.00514675 0.0032108 0.0141194 0.00470703 0.00433182 0.012717 0.00497249 0.00564253 0.0141194 0.00470703 0.00433182 0.0132851 0.00466757 0.0026714 0.00121268 0.0113235 0.00138436 -0.00010123452048289914 0.0114629 0.000730223 0.00121268 0.0113235 0.00138436 0.00271385 0.0120951 0.000983228 0.00121268 0.0113235 0.00138436 0.000941687 0.0129901 0.00100755 0.00121268 0.0113235 0.00138436 0.0018216 0.0105733 0.00310661 0.00688462 0.00627852 0.00651933 0.00700269 0.00639403 0.00492724 0.00688462 0.00627852 0.00651933 0.00651834 0.00687967 0.00795518 0.00688462 0.00627852 0.00651933 0.0066216 0.0078737 0.00612172 0.014513 0.00303612 0.00319182 0.0132691 0.00322139 0.00440678 0.014513 0.00303612 0.00319182 0.0151889 0.00300748 0.00131104 0.00707004 0.0133918 0.0112428 0.00562145 0.0141155 0.0106443 0.00707004 0.0133918 0.0112428 0.00757315 0.0141395 0.00982918 0.00707004 0.0133918 0.0112428 0.00695371 0.0147786 0.0122093 0.00707004 0.0133918 0.0112428 0.0068171 0.0116391 0.0119993 0.0100237 0.00090997 0.00807165 0.00888094 0.000740739 0.0093095 0.0100237 0.00090997 0.00807165 0.0111058 -0.00027263452048289843 0.00812776 0.0100237 0.00090997 0.00807165 0.00906508 0.00223346 0.00795407 0.0100237 0.00090997 0.00807165 0.0114463 0.00207711 0.00861686 0.0100237 0.00090997 0.00807165 0.0108315 0.00063707 0.00626549 0.00294313 0.00540802 0.00424802 0.00456288 0.00532131 0.0036275 0.00294313 0.00540802 0.00424802 0.00143209 0.00602887 0.00484575 0.00294313 0.00540802 0.00424802 0.00269748 0.00373721 0.00383797 0.00294313 0.00540802 0.00424802 0.00240649 0.00685607 0.00344709 0.00202257 0.0139033 0.0111178 0.00088105 0.0150072 0.0105034 0.00202257 0.0139033 0.0111178 0.0004492210000000001 0.0133317 0.0111781 0.00202257 0.0139033 0.0111178 0.00337851 0.0136074 0.012037 0.00319117 0.000773919 0.00404224 0.00356341 0.0018197300000000003 0.00533926 0.00319117 0.000773919 0.00404224 0.00413295 -0.0005895345204828987 0.00445143 0.00319117 0.000773919 0.00404224 0.00390924 0.00208158 0.00278571 0.00319117 0.000773919 0.00404224 0.00132069 0.000897655 0.00340791 0.00411156 0.0111401 0.00131896 0.00271385 0.0120951 0.000983228 0.00411156 0.0111401 0.00131896 0.00458878 0.0127323 0.000889927 0.00411156 0.0111401 0.00131896 0.00286447 0.009734 0.0011025 0.00411156 0.0111401 0.00131896 0.00542242 0.0116958 0.00257056 0.00365903 0.00848651 0.0109622 0.00251217 0.00823778 0.0121972 0.00365903 0.00848651 0.0109622 0.00534896 0.0085551 0.0110848 0.0139297 0.00441449 0.000810209 0.012526 0.00349482 0.000923494 0.0139297 0.00441449 0.000810209 0.0141259 0.00608338 0.000968971 0.0139297 0.00441449 0.000810209 0.0151889 0.00300748 0.00131104 0.0139297 0.00441449 0.000810209 0.0132851 0.00466757 0.0026714 0.0132174 0.0116445 0.00633496 0.0146976 0.0107951 0.00618344 0.0132174 0.0116445 0.00633496 0.0127241 0.0126985 0.00758516 0.0132174 0.0116445 0.00633496 0.0128722 0.0100815 0.00515816 0.0152694 0.0114629 0.000730223 0.0144644 0.0100909 0.00140118 0.00812884 0.00672759 0.00191333 0.00772678 0.00808528 0.000953171 0.00812884 0.00672759 0.00191333 0.00952206 0.00691311 0.0008986269999999999 0.00812884 0.00672759 0.00191333 0.00801103 0.00791742 0.00315793 0.00812884 0.00672759 0.00191333 0.00719036 0.00578893 0.0008511600000000001 0.00812884 0.00672759 0.00191333 0.00670747 0.00583542 0.00290594 0.0139239 0.0132632 0.0116239 0.0142658 0.0148428 0.0112978 0.0139239 0.0132632 0.0116239 0.0147244 0.0118431 0.011367 0.0143449 0.00874883 0.0113934 0.015169 0.0101144 0.011814 0.0143449 0.00874883 0.0113934 0.0137968 0.00708503 0.0105313 0.00970284 0.0148041 0.0072549 0.00827685 0.0147628 0.00814513 0.00970284 0.0148041 0.0072549 0.0111058 0.015098 0.00812776 0.00970284 0.0148041 0.0072549 0.00857401 0.0138082 0.00644255 0.00970284 0.0148041 0.0072549 0.0106021 0.0130877 0.00764289 0.00970284 0.0148041 0.0072549 0.0108315 0.016007704520482897 0.00626549 0.0124835 0.0087772 0.00175103 0.0109869 0.0080267 0.00127195 0.0124835 0.0087772 0.00175103 0.0113626 0.00895506 0.00296166 0.0124835 0.0087772 0.00175103 0.0126739 0.00729969 0.000948025 0.0124835 0.0087772 0.00175103 0.0132691 0.0093747 0.00311564 0.0124835 0.0087772 0.00175103 0.0141363 0.00826352 0.00175616 0.00855338 0.00550281 0.00613339 0.00964616 0.00644989 0.00520181 0.00855338 0.00550281 0.00613339 0.00953084 0.00657841 0.0070626 0.00574114 0.00670103 0.000719644 0.00719036 0.00578893 0.00085116 0.00574114 0.00670103 0.000719644 0.00417548 0.00707696 0.00185079 0.00946706 0.00689528 0.0146936 0.0106435 0.00802451 0.0145352 0.00946706 0.00689528 0.0146936 0.0079913 0.00761103 0.0143987 0.0108709 0.0145836 0.0146587 0.00982367 0.0150127 0.0133574 0.0108709 0.0145836 0.0146587 0.0125126 0.0140022 0.0137814 0.0119734 0.000960034 0.00193928 0.0131778 0.00166347 0.000956286 0.0119734 0.000960034 0.00193928 0.0116912 -0.0003933345204828987 0.00096492 0.0119734 0.000960034 0.00193928 0.0118559 0.00265954 0.0028569 0.000840014 0.000597723 0.00628912 0.0007164 0.000291917 0.00791993 0.000840014 0.000597723 0.00628912 -0.0008062345204828993 0.000729407 0.00675731 0.000840014 0.000597723 0.00628912 0.000518752 0.00218991 0.00672875 0.000840014 0.000597723 0.00628912 0.00161236 0.00169672 0.00526334 0.000840014 0.000597723 0.00628912 0.00255816 0.00114621 0.00710047 0.000840014 0.000597723 0.00628912 0.000478223 -0.0010622345204828981 0.00535659 0.0127506 0.0149793 0.00864884 0.0127233 0.016167864520482897 0.00738357 0.0127506 0.0149793 0.00864884 0.0111058 0.015098 0.00812776 0.0127506 0.0149793 0.00864884 0.014394 0.0147198 0.00818975 0.00327322 0.000392376 0.00893675 0.0022856 -0.0008624345204828983 0.00925216 0.00327322 0.000392376 0.00893675 0.00490533 0.00069221 0.00926079 0.00327322 0.000392376 0.00893675 0.00240283 0.000843443 0.0102687 0.01105 0.00419438 0.0114617 0.0120908 0.00355286 0.0127108 0.01105 0.00419438 0.0114617 0.0100439 0.00330211 0.0124968 0.01105 0.00419438 0.0114617 0.012392 0.0035215 0.0102817 0.01105 0.00419438 0.0114617 0.00988032 0.00569896 0.0111818 0.000918659 0.00812926 0.0147495 0.0013163 0.00973301 0.0144238 0.000918659 0.00812926 0.0147495 0.00258171 0.00802324 0.0144181 0.000918659 0.00812926 0.0147495 -0.00028723452048289944 0.00832007 0.0133538 0.000769681 0.0133036 0.0139116 -0.0008335345204828979 0.0134171 0.0143886 0.000769681 0.0133036 0.0139116 0.00239349 0.0136902 0.0136603 0.000769681 0.0133036 0.0139116 0.0018403199999999999 0.0120793 0.0144747 0.00339048 0.0115744 0.0120943 0.00211998 0.0109038 0.0130038 0.00339048 0.0115744 0.0120943 0.0048199 0.0124239 0.0116554 0.00339048 0.0115744 0.0120943 0.00349408 0.00984074 0.0121777 0.00339048 0.0115744 0.0120943 0.00358582 0.0112819 0.0101736 0.00954842 0.00167467 0.000636293 0.0109118 0.00251323 0.000948249 0.00954842 0.00167467 0.000636293 0.00915807 0.00328766 0.000934924 0.00954842 0.00167467 0.000636293 0.00966264 0.00154015 0.00253213 0.00954842 0.00167467 0.000636293 0.00776734 0.000944439 0.00111534 0.00747248 0.00193563 0.00762142 0.00625872 0.00230596 0.00867378 0.00747248 0.00193563 0.00762142 0.00603778 0.00111112 0.00717034 0.00747248 0.00193563 0.00762142 0.00708603 0.00226918 0.00604545 0.00747248 0.00193563 0.00762142 0.00906508 0.00223346 0.00795407 0.00501008 0.00690803 0.0134989 0.00638442 0.00655959 0.014431 0.00501008 0.00690803 0.0134989 0.00435341 0.00823317 0.0126542 0.00501008 0.00690803 0.0134989 0.00608817 0.00820031 0.0133661 0.00501008 0.00690803 0.0134989 0.00547909 0.00680481 0.011901 0.00501008 0.00690803 0.0134989 0.00368541 0.00648051 0.0125803 0.00968778 0.0110666 0.000939472 0.00785746 0.0103366 0.00103145 0.00968778 0.0110666 0.000939472 0.00893611 0.0127031 0.00164658 0.00968778 0.0110666 0.000939472 0.0111815 0.00982975 0.000890611 0.00968778 0.0110666 0.000939472 0.00962222 0.0113023 0.00289497 0.00968778 0.0110666 0.000939472 0.00940419 0.00919532 0.00201588 0.012526 0.00349482 0.000923494 0.0109118 0.00251323 0.000948249 0.012526 0.00349482 0.000923494 0.0123629 0.00535672 0.000884611 0.012526 0.00349482 0.000923494 0.0131778 0.00166347 0.000956286 0.012526 0.00349482 0.000923494 0.0118559 0.00265954 0.0028569 0.012526 0.00349482 0.000923494 0.0132851 0.00466757 0.0026714 0.0110664 0.00219539 0.0112643 0.0100439 0.00330211 0.0124968 0.0110664 0.00219539 0.0112643 0.0097276 0.00238535 0.00987972 0.0110664 0.00219539 0.0112643 0.0103426 0.00140231 0.0128859 0.0110664 0.00219539 0.0112643 0.012392 0.0035215 0.0102817 0.0110664 0.00219539 0.0112643 0.0124797 0.00120012 0.0124975 0.000355866 0.00506505 0.00096501 0.00179259 0.00373121 0.000942048 0.000355866 0.00506505 0.00096501 -0.0012447345204828987 0.00608338 0.000968971 0.000355866 0.00506505 0.00096501 0.000265837 0.00514675 0.0032108 0.000355866 0.00506505 0.00096501 0.00204686 0.00637336 0.00117652 0.000355866 0.00506505 0.00096501 -0.00018173452048289904 0.00300748 0.00131104 0.00815764 0.00155739 0.00468163 0.00886412 0.00308307 0.00375224 0.00815764 0.00155739 0.00468163 0.00714818 0.00220529 0.00322679 0.00815764 0.00155739 0.00468163 0.00996983 0.00162457 0.00463433 0.00815764 0.00155739 0.00468163 0.00708603 0.00226918 0.00604545 0.00815764 0.00155739 0.00468163 0.00794846 -6.023452048289956e-05 0.00326511 0.00815764 0.00155739 0.00468163 0.00899819 0.00313438 0.00595921 0.00379715 0.00221146 0.0103515 0.00537116 0.00290926 0.0111914 0.00379715 0.00221146 0.0103515 0.00240283 0.0008434430000000001 0.0102687 0.00379715 0.00221146 0.0103515 0.0026326 0.00369939 0.0105278 0.00379715 0.00221146 0.0103515 0.00332749 0.00282902 0.0123916 0.00379715 0.00221146 0.0103515 0.0041845 0.0002707880000000001 0.0112352 0.00562145 0.0141155 0.0106443 0.00512241 0.0142025 0.0125249 0.00562145 0.0141155 0.0106443 0.00524774 0.0125483 0.00962598 0.00562145 0.0141155 0.0106443 0.0041845 0.0156414225204829 0.0112352 0.0047149 0.001044 0.000983718 0.00538559 -0.0008144345204828989 0.00093035 0.0047149 0.001044 0.000983718 0.00390924 0.00208158 0.00278571 0.0144644 0.0100909 0.00140118 0.0136468 0.0117768 0.00161815 0.0144644 0.0100909 0.00140118 0.0161427405204829 0.00917672 0.000891831 0.0144644 0.0100909 0.00140118 0.0141363 0.00826352 0.00175616 0.00650561 0.0124136 0.000884147 0.00707059 0.0141062 0.00170009 0.00650561 0.0124136 0.000884147 0.00458878 0.0127323 0.000889927 0.00650561 0.0124136 0.000884147 0.00542242 0.0116958 0.00257056 0.00785746 0.0103366 0.00103145 0.00591345 0.0104097 0.000918365 0.00785746 0.0103366 0.00103145 0.00702218 0.00933933 0.00230049 0.00785746 0.0103366 0.00103145 0.00940419 0.00919532 0.00201588 0.0120908 0.00355286 0.0127108 0.0112451 0.00258122 0.0141094 0.0120908 0.00355286 0.0127108 0.0107363 0.00464063 0.0140857 0.0120908 0.00355286 0.0127108 0.0134051 0.00505072 0.0118767 0.0120908 0.00355286 0.0127108 0.0132164 0.00464896 0.0142442 0.0137511 0.0112117 0.00349255 0.0136468 0.0117768 0.00161815 0.0137511 0.0112117 0.00349255 0.0132691 0.0093747 0.00311564 0.0137511 0.0112117 0.00349255 0.0149669 0.0129066 0.00285924 0.0137511 0.0112117 0.00349255 0.0128722 0.0100815 0.00515816 0.0137511 0.0112117 0.00349255 0.0118046 0.0110655 0.00245696 0.00508388 0.0139401 0.00632774 0.00470819 0.0124864 0.00514439 0.00508388 0.0139401 0.00632774 0.00492007 0.0158124355204829 0.00580023 0.00508388 0.0139401 0.00632774 0.0066188 0.0145815 0.00723761 0.00508388 0.0139401 0.00632774 0.00358932 0.0124559 0.00693932 0.00508388 0.0139401 0.00632774 0.00687735 0.0143408 0.00513623 0.00638442 0.00655959 0.014431 0.00608817 0.00820031 0.0133661 0.00638442 0.00655959 0.014431 0.00521796 0.00515041 0.0138533 0.00638442 0.00655959 0.014431 0.0079913 0.00761103 0.0143987 0.0032663 0.00252057 0.000871886 0.00179259 0.00373121 0.000942048 0.0032663 0.00252057 0.000871886 0.00150798 0.00130126 0.00109445 0.0032663 0.00252057 0.000871886 0.00358764 0.0043882 0.00196482 0.0032663 0.00252057 0.000871886 0.00390924 0.00208158 0.00278571 0.00706742 0.00700147 0.0108788 0.00547909 0.00680481 0.011901 0.00706742 0.00700147 0.0108788 0.00781705 0.00683899 0.0126454 0.00706742 0.00700147 0.0108788 0.00596783 0.00536559 0.010693 0.00706742 0.00700147 0.0108788 0.00527292 0.00713916 0.00961492 0.00706742 0.00700147 0.0108788 0.009053 0.0079031 0.0109555 0.00706742 0.00700147 0.0108788 0.008276 0.00645263 0.00919447 0.00470819 0.0124864 0.00514439 0.00509822 0.0110078 0.00640293 0.00470819 0.0124864 0.00514439 0.00365581 0.0111931 0.00410831 0.00470819 0.0124864 0.00514439 0.0063218 0.0125101 0.00426012 0.00470819 0.0124864 0.00514439 0.00552444 0.0108269 0.00453722 0.00470819 0.0124864 0.00514439 0.00358932 0.0124559 0.00693932 0.00470819 0.0124864 0.00514439 0.00259572 0.0131113 0.00478786 0.00538559 0.0145562 0.00093035 0.00707059 0.0141062 0.00170009 0.00538559 0.0145562 0.00093035 0.00458878 0.0127323 0.000889927 0.00538559 0.0145562 0.00093035 0.0034757 0.0142895 0.000851078 0.000887498 0.00319027 0.00397745 0.00269748 0.00373721 0.00383797 0.000887498 0.00319027 0.00397745 0.000265837 0.00514675 0.0032108 0.000887498 0.00319027 0.00397745 -0.0005108345204829002 0.00183155 0.00485025 0.00456288 0.00532131 0.0036275 0.00402451 0.00421498 0.0051619 0.00456288 0.00532131 0.0036275 0.00576113 0.00496984 0.00514114 0.00456288 0.00532131 0.0036275 0.00522698 0.0073251 0.0040587 0.00456288 0.00532131 0.0036275 0.00358764 0.0043882 0.00196482 0.0112451 0.00258122 0.0141094 0.00999666 0.00133732 0.0146069 0.0112451 0.00258122 0.0141094 0.0131829 0.00249219 0.0143918 0.0112451 0.00258122 0.0141094 0.0103426 0.00140231 0.0128859 0.0112451 0.00258122 0.0141094 0.0107363 0.00464063 0.0140857 0.000890145 0.00223572 0.0102524 0.000969465 0.00402503 0.00960789 0.000890145 0.00223572 0.0102524 0.00139906 0.0022093 0.00850697 0.000890145 0.00223572 0.0102524 0.00109812 0.00349856 0.0116007 0.000890145 0.00223572 0.0102524 0.000154844 0.00109198 0.0119181 0.000890145 0.00223572 0.0102524 -0.0008545345204828989 0.00101532 0.00961945 0.0145371 0.0134171 0.0143886 0.0131443 0.012018 0.0144795 0.0145371 0.0134171 0.0143886 0.0125126 0.0140022 0.0137814 0.0138481 0.00660686 0.00474022 0.0140915 0.00668328 0.00283329 0.0138481 0.00660686 0.00474022 0.012717 0.00497249 0.00564253 0.0138481 0.00660686 0.00474022 0.015627391520482897 0.00786836 0.00497188 0.00623783 0.0100748 0.0135859 0.00608817 0.00820031 0.0133661 0.00623783 0.0100748 0.0135859 0.00779511 0.0100188 0.0145682 0.00623783 0.0100748 0.0135859 0.00423907 0.0107346 0.0139761 0.00623783 0.0100748 0.0135859 0.00709482 0.0119501 0.0142682 0.00623783 0.0100748 0.0135859 0.00787271 0.0090787 0.0125727 0.000544785 0.0137134 0.00885746 0.0022856 0.0145082 0.00925216 0.000544785 0.0137134 0.00885746 -0.0010133345204829001 0.0127819 0.00851817 0.000544785 0.0137134 0.00885746 -0.0009766345204828995 0.0147198 0.00818975 0.000544785 0.0137134 0.00885746 0.00198955 0.0125949 0.00943874 0.000544785 0.0137134 0.00885746 0.0018579299999999998 0.0139856 0.00720806 0.000154724 0.0073296 0.000870085 -0.0012447345204828991 0.00608338 0.000968971 0.000154724 0.0073296 0.000870085 0.000772106 0.00917672 0.000891831 0.000154724 0.0073296 0.000870085 -0.0012343345204829002 0.00826352 0.00175616 0.000154724 0.0073296 0.000870085 0.00204686 0.00637336 0.00117652 0.000154724 0.0073296 0.000870085 0.000727052 0.00813109 0.00273617 0.014849 0.00153167 0.014381 0.0159088765204829 -0.000124334520482899 0.0143884 0.014849 0.00153167 0.014381 0.016776584520482897 0.0016411 0.0145374 0.014849 0.00153167 0.014381 0.0131829 0.00249219 0.0143918 0.00435341 0.00823317 0.0126542 0.00608817 0.00820031 0.0133661 0.00435341 0.00823317 0.0126542 0.00251217 0.00823778 0.0121972 0.00435341 0.00823317 0.0126542 0.00534896 0.0085551 0.0110848 0.00435341 0.00823317 0.0126542 0.00547909 0.00680481 0.011901 0.00435341 0.00823317 0.0126542 0.00452008 0.00844254 0.0144932 0.00435341 0.00823317 0.0126542 0.00368541 0.00648051 0.0125803 0.00435341 0.00823317 0.0126542 0.00349408 0.00984074 0.0121777 0.00985779 0.00815529 0.00388315 0.00832408 0.00779038 0.00508726 0.00985779 0.00815529 0.00388315 0.0113626 0.00895506 0.00296166 0.00985779 0.00815529 0.00388315 0.00801103 0.00791742 0.00315793 0.00985779 0.00815529 0.00388315 0.0103754 0.006324 0.00347663 0.00985779 0.00815529 0.00388315 0.010236 0.00840283 0.00599713 0.00985779 0.00815529 0.00388315 0.00940419 0.00919532 0.00201588 0.0100439 0.00330211 0.0124968 0.00885009 0.00379943 0.0110525 0.0100439 0.00330211 0.0124968 0.0103426 0.00140231 0.0128859 0.0100439 0.00330211 0.0124968 0.0107363 0.00464063 0.0140857 0.0065924 0.00527887 0.0125227 0.00846184 0.00490389 0.0126128 0.0065924 0.00527887 0.0125227 0.00521796 0.00515041 0.0138533 0.0065924 0.00527887 0.0125227 0.00547909 0.00680481 0.011901 0.0065924 0.00527887 0.0125227 0.00781705 0.00683899 0.0126454 0.0065924 0.00527887 0.0125227 0.00596783 0.00536559 0.010693 0.0138307 0.0113549 0.0128799 0.0134074 0.0094787 0.0127003 0.0138307 0.0113549 0.0128799 0.0147244 0.0118431 0.011367 0.0138307 0.0113549 0.0128799 0.0131443 0.012018 0.0144795 0.0138307 0.0113549 0.0128799 0.0143522 0.0101641 0.0143856 0.0138307 0.0113549 0.0128799 0.0120467 0.0108003 0.0126983 0.00964616 0.00644989 0.00520181 0.00832408 0.00779038 0.00508726 0.00964616 0.00644989 0.00520181 0.0106344 0.00516889 0.00633136 0.00964616 0.00644989 0.00520181 0.0103754 0.006324 0.00347663 0.00964616 0.00644989 0.00520181 0.00953084 0.00657841 0.0070626 0.00964616 0.00644989 0.00520181 0.0115477 0.00659241 0.00495397 0.00964616 0.00644989 0.00520181 0.010236 0.00840283 0.00599713 0.00827685 0.0147628 0.00814513 0.00672295 0.015716731520482898 0.0087875 0.00827685 0.0147628 0.00814513 0.00888094 0.016111373520482898 0.0093095 0.00827685 0.0147628 0.00814513 0.00757315 0.0141395 0.00982918 0.00827685 0.0147628 0.00814513 0.00857401 0.0138082 0.00644255 0.00827685 0.0147628 0.00814513 0.0066188 0.0145815 0.00723761 0.00827685 0.0147628 0.00814513 0.00790977 0.0159251345204829 0.00657309 0.00983731 0.00711561 0.0129465 0.0106435 0.00802451 0.0145352 0.00450206 0.00480361 0.0119904 0.00538342 0.0034238 0.0130372 0.00450206 0.00480361 0.0119904 0.00253931 0.00484977 0.0121283 0.00450206 0.00480361 0.0119904 0.00368541 0.00648051 0.0125803 0.00846184 0.00490389 0.0126128 0.00885009 0.00379943 0.0110525 0.00846184 0.00490389 0.0126128 0.00729414 0.00333063 0.0124551 0.00846184 0.00490389 0.0126128 0.00863629 0.00430558 0.0144603 0.00846184 0.00490389 0.0126128 0.00988032 0.00569896 0.0111818 0.0134074 0.0094787 0.0127003 0.0120181 0.00811492 0.0125764 0.0134074 0.0094787 0.0127003 0.0128459 0.00868162 0.0144002 0.0134074 0.0094787 0.0127003 0.0120467 0.0108003 0.0126983 0.0134074 0.0094787 0.0127003 0.0150834 0.00832007 0.0133538 0.0120181 0.00811492 0.0125764 0.0102956 0.00903363 0.0124232 0.0120181 0.00811492 0.0125764 0.0113986 0.00787863 0.0104791 0.0120181 0.00811492 0.0125764 0.0119641 0.0066168 0.0141512 0.00772678 0.00808528 0.000953171 0.00702218 0.00933933 0.00230049 0.00772678 0.00808528 0.000953171 0.00616535 0.00772151 0.00208443 0.00608817 0.00820031 0.0133661 0.00452008 0.00844254 0.0144932 0.00608817 0.00820031 0.0133661 0.00787271 0.0090787 0.0125727 0.0012251 0.0115874 0.0109257 0.000449221 0.0133317 0.0111781 0.0012251 0.0115874 0.0109257 -0.0006462345204828986 0.0118431 0.011367 0.0012251 0.0115874 0.0109257 0.002086 0.00987322 0.0108939 0.0012251 0.0115874 0.0109257 0.00198955 0.0125949 0.00943874 0.0109118 0.00251323 0.000948249 0.00915807 0.00328766 0.000934924 0.0109118 0.00251323 0.000948249 0.0118559 0.00265954 0.0028569 0.0109118 0.00251323 0.000948249 0.00966264 0.00154015 0.00253213 0.00088105 0.0150072 0.0105034 0.0022856 0.0145082 0.00925216 0.00088105 0.0150072 0.0105034 0.000449221 0.0133317 0.0111781 0.00088105 0.0150072 0.0105034 0.00240283 0.0162140775204829 0.0102687 0.00088105 0.0150072 0.0105034 0.000154844 0.0164626145204829 0.0119181 0.00358557 0.00806951 0.00525681 0.00199147 0.00806141 0.0063271 0.00358557 0.00806951 0.00525681 0.00501401 0.00925255 0.00568857 0.00358557 0.00806951 0.00525681 0.00206314 0.0089518 0.00458818 0.00358557 0.00806951 0.00525681 0.00522698 0.0073251 0.0040587 0.00358557 0.00806951 0.00525681 0.00488582 0.00666235 0.00631211 0.0109869 0.0080267 0.00127195 0.0113626 0.00895506 0.00296166 0.0109869 0.0080267 0.00127195 0.00952206 0.00691311 0.000898627 0.0109869 0.0080267 0.00127195 0.0111815 0.00982975 0.000890611 0.0109869 0.0080267 0.00127195 0.0126739 0.00729969 0.000948025 0.0109869 0.0080267 0.00127195 0.00940419 0.00919532 0.00201588 0.0124435 0.0146398 0.0116824 0.010716 0.015603606520482899 0.0115652 0.0124435 0.0146398 0.0116824 0.0142658 0.0148428 0.0112978 0.0124435 0.0146398 0.0116824 0.0125201 0.015806032520482897 0.0101814 0.0124435 0.0146398 0.0116824 0.0125126 0.0140022 0.0137814 0.0124435 0.0146398 0.0116824 0.0124797 0.0165707545204829 0.0124975 0.0124435 0.0146398 0.0116824 0.0120431 0.0125817 0.0117104 0.00854676 0.00257448 0.0136897 0.00688329 0.00340692 0.0143901 0.00854676 0.00257448 0.0136897 0.0082099 0.000870013 0.0144201 0.00854676 0.00257448 0.0136897 0.00729414 0.00333063 0.0124551 0.00854676 0.00257448 0.0136897 0.00863629 0.00430558 0.0144603 0.00854676 0.00257448 0.0136897 0.00703731 0.00147038 0.0130426 0.00854676 0.00257448 0.0136897 0.00864119 0.00172406 0.011622 0.00672295 0.000346097 0.0087875 0.00490533 0.00069221 0.00926079 0.00672295 0.000346097 0.0087875 0.0066188 -0.0007891345204828985 0.00723761 0.00672295 0.000346097 0.0087875 0.00603778 0.00111112 0.00717034 0.00672295 0.000346097 0.0087875 0.00647566 0.00104766 0.0108102 0.00717064 0.00382324 0.00437199 0.00886412 0.00308307 0.00375224 0.00717064 0.00382324 0.00437199 0.00714818 0.00220529 0.00322679 0.00717064 0.00382324 0.00437199 0.00576113 0.00496984 0.00514114 0.00717064 0.00382324 0.00437199 0.00572299 0.00380241 0.00301698 0.00606834 0.00901907 0.00820549 0.00404456 0.00864856 0.00752236 0.00606834 0.00901907 0.00820549 0.00730094 0.00931706 0.010022 0.00606834 0.00901907 0.00820549 0.00757262 0.0105256 0.00773959 0.00893611 0.0127031 0.00164658 0.00763007 0.0127637 0.00294432 0.00893611 0.0127031 0.00164658 0.0108772 0.0129161 0.00181871 0.00893611 0.0127031 0.00164658 0.00962222 0.0113023 0.00289497 0.00893611 0.0127031 0.00164658 0.00959524 0.0147618 0.00155384 0.012581 0.00928693 0.00778731 0.0118976 0.0110956 0.00824709 0.012581 0.00928693 0.00778731 0.0112303 0.00798569 0.00783697 0.012581 0.00928693 0.00778731 0.0111879 0.00951807 0.00905958 0.012581 0.00928693 0.00778731 0.013759 0.0108389 0.00784852 0.012581 0.00928693 0.00778731 0.0142043 0.00878106 0.00656703 0.012581 0.00928693 0.00778731 0.0137165 0.00929045 0.00956968 0.00999947 0.0108406 0.00787277 0.0118976 0.0110956 0.00824709 0.00999947 0.0108406 0.00787277 0.00921945 0.0119421 0.00641884 0.00999947 0.0108406 0.00787277 0.0103888 0.0118671 0.00947094 0.00999947 0.0108406 0.00787277 0.00874637 0.0122671 0.00818002 0.00999947 0.0108406 0.00787277 0.0106884 0.0107356 0.00604621 0.00885009 0.00379943 0.0110525 0.00697578 0.00371731 0.0106163 0.00885009 0.00379943 0.0110525 0.00864119 0.00172406 0.011622 0.00885009 0.00379943 0.0110525 0.00988032 0.00569896 0.0111818 0.00402451 0.00421498 0.0051619 0.00269748 0.00373721 0.00383797 0.00402451 0.00421498 0.0051619 0.00576113 0.00496984 0.00514114 0.00402451 0.00421498 0.0051619 0.00541196 0.00333014 0.00665278 0.00402451 0.00421498 0.0051619 0.00232622 0.00341988 0.00624313 0.00763007 0.0127637 0.00294432 0.00707059 0.0141062 0.00170009 0.00763007 0.0127637 0.00294432 0.00892562 0.0125508 0.00432971 0.00763007 0.0127637 0.00294432 0.0063218 0.0125101 0.00426012 0.00763007 0.0127637 0.00294432 0.00723472 0.0109701 0.00343743 0.0022856 0.0145082 0.00925216 0.00240283 0.0162140775204829 0.0102687 0.0022856 0.0145082 0.00925216 0.00357887 0.0134538 0.0101713 0.0022856 0.0145082 0.00925216 0.00198955 0.0125949 0.00943874 0.0022856 0.0145082 0.00925216 0.00185793 0.0139856 0.00720806 0.00179259 0.00373121 0.000942048 0.00358764 0.0043882 0.00196482 0.00179259 0.00373121 0.000942048 -0.00018173452048289942 0.00300748 0.00131104 0.0145569 0.01125 0.00958401 0.0143573 0.0127819 0.00851817 0.0145569 0.01125 0.00958401 0.0128927 0.0122358 0.00968693 0.0145569 0.01125 0.00958401 0.0147244 0.0118431 0.011367 0.0145569 0.01125 0.00958401 0.013759 0.0108389 0.00784852 0.0145569 0.01125 0.00958401 0.0137165 0.00929045 0.00956968 0.0104494 0.0041918 0.00970165 0.00872367 0.00391884 0.00886091 0.0104494 0.0041918 0.00970165 0.0097276 0.00238535 0.00987972 0.0104494 0.0041918 0.00970165 0.0106172 0.0061586 0.00884653 0.0104494 0.0041918 0.00970165 0.012392 0.0035215 0.0102817 0.0104494 0.0041918 0.00970165 0.00988032 0.00569896 0.0111818 0.0125467 0.000691416 0.0145152 0.0131829 0.00249219 0.0143918 0.0125467 0.000691416 0.0145152 0.0125126 -0.0013684345204829 0.0137814 0.0125467 0.000691416 0.0145152 0.0124797 0.00120012 0.0124975 0.00509822 0.0110078 0.00640293 0.00470948 0.0111967 0.008307 0.00509822 0.0110078 0.00640293 0.00501401 0.00925255 0.00568857 0.00509822 0.0110078 0.00640293 0.00641682 0.0122244 0.00702925 0.00509822 0.0110078 0.00640293 0.00552444 0.0108269 0.00453722 0.00509822 0.0110078 0.00640293 0.00358932 0.0124559 0.00693932 0.0109612 0.0108004 0.01098 0.00999621 0.0109642 0.0126444 0.0109612 0.0108004 0.01098 0.0129113 0.0106478 0.0110132 0.0109612 0.0108004 0.01098 0.0103888 0.0118671 0.00947094 0.0109612 0.0108004 0.01098 0.0120431 0.0125817 0.0117104 0.00688329 0.00340692 0.0143901 0.00581911 0.00172426 0.0144566 0.00688329 0.00340692 0.0143901 0.00729414 0.00333063 0.0124551 0.00688329 0.00340692 0.0143901 0.00863629 0.00430558 0.0144603 0.0120602 0.0118554 0.00443186 0.0123128 0.0136301 0.00500719 0.0120602 0.0118554 0.00443186 0.0105733 0.0125735 0.00526755 0.0120602 0.0118554 0.00443186 0.0128722 0.0100815 0.00515816 0.0120602 0.0118554 0.00443186 0.0118046 0.0110655 0.00245696 0.000538242 0.0152463 0.0143884 0.000977121 0.0145399 0.0126192 0.000538242 0.0152463 0.0143884 0.00140595 0.0170117345204829 0.0145374 1.52415e-05 0.00574302 0.00951558 0.000969465 0.00402503 0.00960789 1.52415e-05 0.00574302 0.00951558 -0.0017950345204828997 0.00512942 0.00967011 1.52415e-05 0.00574302 0.00951558 0.0018468 0.00559321 0.0090898 1.52415e-05 0.00574302 0.00951558 0.00098502 0.0053282 0.0111163 1.52415e-05 0.00574302 0.00951558 -0.0006241345204829006 0.00741987 0.00833856 0.00440958 0.0143626 0.0145282 0.00441845 0.0127797 0.0136226 0.00440958 0.0143626 0.0145282 0.00599052 0.0152894 0.0138492 0.00440958 0.0143626 0.0145282 0.003511 0.015171 0.0131598 0.0106653 0.000433149 0.0097738 0.010716 0.000232972 0.0115652 0.0106653 0.000433149 0.0097738 0.00888094 0.000740739 0.0093095 0.0106653 0.000433149 0.0097738 0.0111058 -0.00027263452048289957 0.00812776 0.0106653 0.000433149 0.0097738 0.0125201 0.000435398 0.0101814 0.0106653 0.000433149 0.0097738 0.0114087 -0.0015565345204829005 0.00980987 0.0106653 0.000433149 0.0097738 0.0114463 0.00207711 0.00861686 0.010716 0.000232972 0.0115652 0.0103426 0.00140231 0.0128859 0.010716 0.000232972 0.0115652 0.0124797 0.00120012 0.0124975 0.000257004 0.0148446 0.000978732 -0.0009015345204828987 0.0152824 0.00250948 0.000257004 0.0148446 0.000978732 0.000941687 0.0129901 0.00100755 0.000257004 0.0148446 0.000978732 0.00150798 0.0166718945204829 0.00109445 0.0106435 0.00802451 0.0145352 0.00924009 0.00904139 0.0140747 0.0106435 0.00802451 0.0145352 0.0119641 0.0066168 0.0141512 0.0106435 0.00802451 0.0145352 0.0110828 0.010023 0.0142771 0.00441845 0.0127797 0.0136226 0.00512241 0.0142025 0.0125249 0.00441845 0.0127797 0.0136226 0.00423907 0.0107346 0.0139761 0.00779511 0.0100188 0.0145682 0.00924009 0.00904139 0.0140747 0.00779511 0.0100188 0.0145682 0.00930259 0.0112453 0.0144407 0.00779511 0.0100188 0.0145682 0.00709482 0.0119501 0.0142682 0.00779511 0.0100188 0.0145682 0.00787271 0.0090787 0.0125727 0.00700269 0.00639403 0.00492724 0.00832408 0.00779038 0.00508726 0.00700269 0.00639403 0.00492724 0.0066216 0.0078737 0.00612172 0.00700269 0.00639403 0.00492724 0.00576113 0.00496984 0.00514114 0.00700269 0.00639403 0.00492724 0.00522698 0.0073251 0.0040587 0.00700269 0.00639403 0.00492724 0.00670747 0.00583542 0.00290594 0.00832408 0.00779038 0.00508726 0.00841092 0.00959626 0.0058444 0.00832408 0.00779038 0.00508726 0.00801103 0.00791742 0.00315793 0.00832408 0.00779038 0.00508726 0.0066216 0.0078737 0.00612172 0.00832408 0.00779038 0.00508726 0.010236 0.00840283 0.00599713 0.00832408 0.00779038 0.00508726 0.00676824 0.0091283 0.00445074 0.0113626 0.00895506 0.00296166 0.0132691 0.0093747 0.00311564 0.0113626 0.00895506 0.00296166 0.0124689 0.00812599 0.00436228 0.0113626 0.00895506 0.00296166 0.0106617 0.0102324 0.00420182 0.0113626 0.00895506 0.00296166 0.00940419 0.00919532 0.00201588 0.0113626 0.00895506 0.00296166 0.0118046 0.0110655 0.00245696 0.000595232 0.00442376 0.00558026 0.00143209 0.00602887 0.00484575 0.000595232 0.00442376 0.00558026 0.00232622 0.00341988 0.00624313 0.00577495 0.00516388 0.00766243 0.00651834 0.00687967 0.00795518 0.00577495 0.00516388 0.00766243 0.00695671 0.00474392 0.00905735 0.00577495 0.00516388 0.00766243 0.00488582 0.00666235 0.00631211 0.00577495 0.00516388 0.00766243 0.00541196 0.00333014 0.00665278 0.00199147 0.00806141 0.0063271 0.00194235 0.00933517 0.00774063 0.00199147 0.00806141 0.0063271 0.00140268 0.00676794 0.00759816 0.00199147 0.00806141 0.0063271 0.00206314 0.0089518 0.00458818 0.00199147 0.00806141 0.0063271 0.0008854359999999999 0.00966532 0.00602013 0.00199147 0.00806141 0.0063271 0.00025675700000000004 0.00786836 0.00497188 0.00211998 0.0109038 0.0130038 0.00184032 0.0120793 0.0144747 0.00211998 0.0109038 0.0130038 0.00349408 0.00984074 0.0121777 0.0141259 0.00608338 0.000968971 0.0140915 0.00668328 0.00283329 0.0141259 0.00608338 0.000968971 0.0126739 0.00729969 0.000948025 0.0141259 0.00608338 0.000968971 0.0123629 0.00535672 0.000884611 0.00250635 0.00565612 0.0063415 0.00106997 0.00493477 0.00746085 0.00250635 0.00565612 0.0063415 0.00383011 0.00460069 0.00716519 0.00250635 0.00565612 0.0063415 0.00143209 0.00602887 0.00484575 0.00250635 0.00565612 0.0063415 0.00352808 0.00641109 0.00817625 0.00250635 0.00565612 0.0063415 0.00232622 0.00341988 0.00624313 0.00888094 0.000740739 0.0093095 0.00785891 0.00232456 0.00962299 0.00888094 0.000740739 0.0093095 0.0097276 0.00238535 0.00987972 0.00999621 0.0109642 0.0126444 0.00864237 0.0106469 0.0113334 0.00999621 0.0109642 0.0126444 0.00930259 0.0112453 0.0144407 0.00999621 0.0109642 0.0126444 0.0102956 0.00903363 0.0124232 0.00999621 0.0109642 0.0126444 0.0103195 0.0129423 0.0135931 0.00999621 0.0109642 0.0126444 0.0110828 0.010023 0.0142771 0.00864237 0.0106469 0.0113334 0.00951329 0.0100961 0.00974049 0.00864237 0.0106469 0.0113334 0.0068171 0.0116391 0.0119993 0.00864237 0.0106469 0.0113334 0.00787271 0.0090787 0.0125727 0.00864237 0.0106469 0.0113334 0.00760919 0.0117553 0.00983223 0.000969465 0.00402503 0.00960789 -0.0005527345204828982 0.00401886 0.0106743 0.000969465 0.00402503 0.00960789 0.0018468 0.00559321 0.0090898 0.000969465 0.00402503 0.00960789 8.106849999999996e-05 0.00346276 0.00800281 0.000969465 0.00402503 0.00960789 0.00247022 0.003927 0.0083815 0.000969465 0.00402503 0.00960789 0.0026326 0.00369939 0.0105278 0.000969465 0.00402503 0.00960789 0.00098502 0.0053282 0.0111163 0.0127233 0.00079723 0.00738357 0.0145644 0.000729407 0.00675731 0.0127233 0.00079723 0.00738357 0.0121634 -0.001008034520482899 0.00679055 0.0127233 0.00079723 0.00738357 0.0114463 0.00207711 0.00861686 0.0127233 0.00079723 0.00738357 0.0108315 0.00063707 0.00626549 0.0146976 0.0107951 0.00618344 0.013759 0.0108389 0.00784852 0.0146976 0.0107951 0.00618344 0.0147426 0.012606 0.00667052 0.0146976 0.0107951 0.00618344 0.016256070520482897 0.00966532 0.00602013 0.0146976 0.0107951 0.00618344 0.0142043 0.00878106 0.00656703 0.0146976 0.0107951 0.00618344 0.0159670455204829 0.0117735 0.00480197 0.0146976 0.0107951 0.00618344 0.0128722 0.0100815 0.00515816 0.0138771 0.00294134 0.00892731 0.015451703020482899 0.00346276 0.00800281 0.0138771 0.00294134 0.00892731 0.012392 0.0035215 0.0102817 0.0138771 0.00294134 0.00892731 0.0137817 0.00307043 0.00676854 0.0138771 0.00294134 0.00892731 0.0145161 0.00101532 0.00961945 0.000773612 0.00264311 0.0131646 0.00140595 0.0016411 0.0145374 0.000773612 0.00264311 0.0131646 -0.0009421345204828987 0.00342394 0.0130015 0.000773612 0.00264311 0.0131646 0.00109812 0.00349856 0.0116007 0.000773612 0.00264311 0.0131646 0.000154844 0.00109198 0.0119181 0.000773612 0.00264311 0.0131646 0.000778643 0.0044607 0.0142257 0.00194235 0.00933517 0.00774063 0.00210729 0.00779943 0.00900949 0.00194235 0.00933517 0.00774063 0.00177003 0.0106641 0.00911158 0.00194235 0.00933517 0.00774063 8.435480000000008e-05 0.00995715 0.00799865 0.00194235 0.00933517 0.00774063 0.00404456 0.00864856 0.00752236 0.00194235 0.00933517 0.00774063 0.002976 0.010311 0.00605346 0.0028642 0.00860811 0.00289342 0.00206314 0.0089518 0.00458818 0.0028642 0.00860811 0.00289342 0.00240649 0.00685607 0.00344709 0.0028642 0.00860811 0.00289342 0.00286447 0.009734 0.0011025 0.0028642 0.00860811 0.00289342 0.00487931 0.00937461 0.00280342 0.0028642 0.00860811 0.00289342 0.0007270519999999997 0.00813109 0.00273617 0.0028642 0.00860811 0.00289342 0.0018216 0.0105733 0.00310661 0.0142049 0.0134024 0.000882122 0.0136468 0.0117768 0.00161815 0.0142049 0.0134024 0.000882122 0.0136293 0.0151931 0.000883264 0.0142049 0.0134024 0.000882122 0.0149669 0.0129066 0.00285924 0.00271385 0.0120951 0.000983228 0.00458878 0.0127323 0.000889927 0.00271385 0.0120951 0.000983228 0.0009416870000000001 0.0129901 0.00100755 0.000449221 0.0133317 0.0111781 -0.0006462345204828985 0.0118431 0.011367 0.000449221 0.0133317 0.0111781 0.000977121 0.0145399 0.0126192 0.00512241 0.0142025 0.0125249 0.00599052 0.0152894 0.0138492 0.00512241 0.0142025 0.0125249 0.00337851 0.0136074 0.012037 0.00512241 0.0142025 0.0125249 0.00695371 0.0147786 0.0122093 0.00512241 0.0142025 0.0125249 0.003511 0.015171 0.0131598 0.00512241 0.0142025 0.0125249 0.0041845 0.0156414225204829 0.0112352 0.0090967 0.0152193 0.0051464 0.00857401 0.0138082 0.00644255 0.0090967 0.0152193 0.0051464 0.00790977 0.0159251345204829 0.00657309 0.0090967 0.0152193 0.0051464 0.00794846 0.0153104 0.00326511 0.0090967 0.0152193 0.0051464 0.0108315 0.016007704520482897 0.00626549 0.0143573 0.0127819 0.00851817 0.0128927 0.0122358 0.00968693 0.0143573 0.0127819 0.00851817 0.0127241 0.0126985 0.00758516 0.0143573 0.0127819 0.00851817 0.014394 0.0147198 0.00818975 0.0143573 0.0127819 0.00851817 0.0147426 0.012606 0.00667052 0.0136468 0.0117768 0.00161815 0.0149669 0.0129066 0.00285924 0.0136468 0.0117768 0.00161815 0.0118046 0.0110655 0.00245696 0.0140915 0.00668328 0.00283329 0.0121463 0.00672581 0.0027741 0.0140915 0.00668328 0.00283329 0.0141363 0.00826352 0.00175616 0.0140915 0.00668328 0.00283329 0.0156364715204829 0.00514675 0.0032108 0.0140915 0.00668328 0.00283329 0.0132851 0.00466757 0.0026714 0.00140268 0.00676794 0.00759816 0.0018468 0.00559321 0.0090898 0.00140268 0.00676794 0.00759816 0.00106997 0.00493477 0.00746085 0.00140268 0.00676794 0.00759816 0.00210729 0.00779943 0.00900949 0.00140268 0.00676794 0.00759816 0.00015027599999999997 0.00624099 0.00629367 0.00140268 0.00676794 0.00759816 0.00352808 0.00641109 0.00817625 0.0148179 0.00401886 0.0106743 0.0135756 0.00512942 0.00967011 0.0148179 0.00401886 0.0106743 0.0138968 0.00243653 0.0114075 0.0148179 0.00401886 0.0106743 0.0164687545204829 0.00349856 0.0116007 0.0148179 0.00401886 0.0106743 0.0134051 0.00505072 0.0118767 0.0128927 0.0122358 0.00968693 0.0114087 0.0138141 0.00980987 0.0128927 0.0122358 0.00968693 0.0120431 0.0125817 0.0117104 0.0106344 0.00516889 0.00633136 0.00953084 0.00657841 0.0070626 0.0106344 0.00516889 0.00633136 0.0119203 0.00429212 0.00786969 0.0106344 0.00516889 0.00633136 0.012717 0.00497249 0.00564253 0.0132691 0.00322139 0.00440678 0.0127724 0.00169191 0.00554587 0.0132691 0.00322139 0.00440678 0.0118559 0.00265954 0.0028569 0.0132691 0.00322139 0.00440678 0.012717 0.00497249 0.00564253 0.0132691 0.00322139 0.00440678 0.0148598 0.00183155 0.00485025 0.0132691 0.00322139 0.00440678 0.0112204 0.00325932 0.00515858 0.00537116 0.00290926 0.0111914 0.00512251 0.00157736 0.0126485 0.00537116 0.00290926 0.0111914 0.00538342 0.0034238 0.0130372 0.00537116 0.00290926 0.0111914 0.00697578 0.00371731 0.0106163 0.00537116 0.00290926 0.0111914 0.00647566 0.00104766 0.0108102 0.0135756 0.00512942 0.00967011 0.0119348 0.00572724 0.0104921 0.0135756 0.00512942 0.00967011 0.012392 0.0035215 0.0102817 0.0135756 0.00512942 0.00967011 0.0140576 0.00533103 0.00758861 0.0135756 0.00512942 0.00967011 0.0137968 0.00708503 0.0105313 0.0135756 0.00512942 0.00967011 0.0134051 0.00505072 0.0118767 0.00886412 0.00308307 0.00375224 0.0102484 0.00405377 0.00280051 0.00886412 0.00308307 0.00375224 0.00714818 0.00220529 0.00322679 0.00886412 0.00308307 0.00375224 0.00859229 0.00485768 0.00319335 0.00886412 0.00308307 0.00375224 0.00966264 0.00154015 0.00253213 0.00886412 0.00308307 0.00375224 0.00899819 0.00313438 0.00595921 0.00952206 0.00691311 0.000898627 0.00892088 0.00514356 0.00129141 0.000394765 0.00965594 0.0100309 0.002086 0.00987322 0.0108939 0.000394765 0.00965594 0.0100309 0.00177003 0.0106641 0.00911158 0.000394765 0.00965594 0.0100309 -0.00020163452048289904 0.0101144 0.011814 0.000394765 0.00965594 0.0100309 0.000803853 0.00855083 0.0115832 0.000394765 0.00965594 0.0100309 -0.0016541345204828996 0.00929045 0.00956968 0.0007164 0.000291917 0.00791993 -0.0008062345204829 0.000729407 0.00675731 0.0007164 0.000291917 0.00791993 -0.0009766345204828995 -0.0006508345204828984 0.00818975 0.0007164 0.000291917 0.00791993 0.00255816 0.00114621 0.00710047 0.0007164 0.000291917 0.00791993 0.0018579299999999998 -0.0013850345204828975 0.00720806 0.00524774 0.0125483 0.00962598 0.00470948 0.0111967 0.008307 0.00524774 0.0125483 0.00962598 0.00357887 0.0134538 0.0101713 0.00524774 0.0125483 0.00962598 0.00462761 0.014216 0.00872348 0.00524774 0.0125483 0.00962598 0.00358582 0.0112819 0.0101736 0.0138968 0.00243653 0.0114075 0.0144285 0.00342394 0.0130015 0.0138968 0.00243653 0.0114075 0.015525478520482899 0.00109198 0.0119181 0.0138968 0.00243653 0.0114075 0.012392 0.0035215 0.0102817 0.0138968 0.00243653 0.0114075 0.0124797 0.00120012 0.0124975 0.0129113 0.0106478 0.0110132 0.0120467 0.0108003 0.0126983 0.0129113 0.0106478 0.0110132 0.0137165 0.00929045 0.00956968 0.0129113 0.0106478 0.0110132 0.0120431 0.0125817 0.0117104 0.0118976 0.0110956 0.00824709 0.0127241 0.0126985 0.00758516 0.0118976 0.0110956 0.00824709 0.0111879 0.00951807 0.00905958 0.0118976 0.0110956 0.00824709 0.013759 0.0108389 0.00784852 0.00982367 0.0150127 0.0133574 0.0103426 0.016772944520482898 0.0128859 0.00982367 0.0150127 0.0133574 0.0078991 0.0141693 0.0141394 0.00982367 0.0150127 0.0133574 0.0103195 0.0129423 0.0135931 0.00591345 0.0104097 0.000918365 0.00542242 0.0116958 0.00257056 0.00490533 0.00069221 0.00926079 0.00462761 -0.0011546345204829001 0.00872348 0.00490533 0.00069221 0.00926079 0.00647566 0.00104766 0.0108102 0.00490533 0.00069221 0.00926079 0.0041845 0.000270788 0.0112352 0.0123963 0.00678884 0.00680525 0.0112303 0.00798569 0.00783697 0.0123963 0.00678884 0.00680525 0.0126317 0.00700878 0.00871286 0.0123963 0.00678884 0.00680525 0.012717 0.00497249 0.00564253 0.00365581 0.0111931 0.00410831 0.00552444 0.0108269 0.00453722 0.00365581 0.0111931 0.00410831 0.002976 0.010311 0.00605346 0.00365581 0.0111931 0.00410831 0.0018216 0.0105733 0.00310661 0.0111058 0.015098 0.00812776 0.0121634 0.0143626 0.00679055 0.0111058 0.015098 0.00812776 0.0106021 0.0130877 0.00764289 0.0111058 0.015098 0.00812776 0.0114087 0.0138141 0.00980987 0.0111058 0.015098 0.00812776 0.0108315 0.016007704520482897 0.00626549 0.00737449 0.00408512 0.00181528 0.00719036 0.00578893 0.00085116 0.00737449 0.00408512 0.00181528 0.00562226 0.00477273 0.00132247 0.00737449 0.00408512 0.00181528 0.00892088 0.00514356 0.00129141 0.00737449 0.00408512 0.00181528 0.00859229 0.00485768 0.00319335 0.00737449 0.00408512 0.00181528 0.00670747 0.00583542 0.00290594 0.0018468 0.00559321 0.0090898 0.00106997 0.00493477 0.00746085 0.0018468 0.00559321 0.0090898 0.00247022 0.003927 0.0083815 0.0018468 0.00559321 0.0090898 0.00300831 0.00642562 0.010603 0.0018468 0.00559321 0.0090898 0.00352808 0.00641109 0.00817625 0.00106997 0.00493477 0.00746085 8.106850000000007e-05 0.00346276 0.00800281 0.00106997 0.00493477 0.00746085 0.00015027599999999997 0.00624099 0.00629367 0.00106997 0.00493477 0.00746085 0.00247022 0.003927 0.0083815 0.00702218 0.00933933 0.00230049 0.00801103 0.00791742 0.00315793 0.00702218 0.00933933 0.00230049 0.00616535 0.00772151 0.00208443 0.00702218 0.00933933 0.00230049 0.00723472 0.0109701 0.00343743 0.00702218 0.00933933 0.00230049 0.00487931 0.00937461 0.00280342 0.00702218 0.00933933 0.00230049 0.00676824 0.0091283 0.00445074 0.0142658 0.0148428 0.0112978 0.015525478520482899 0.0164626145204829 0.0119181 0.00841092 0.00959626 0.0058444 0.00873277 0.00988291 0.00393572 0.00841092 0.00959626 0.0058444 0.010236 0.00840283 0.00599713 0.00841092 0.00959626 0.0058444 0.00676824 0.0091283 0.00445074 0.00841092 0.00959626 0.0058444 0.00817881 0.00822097 0.00753351 0.0125201 0.000435398 0.0101814 0.0145161 0.00101532 0.00961945 0.00509977 0.0104938 0.0114683 0.00534896 0.0085551 0.0110848 0.00509977 0.0104938 0.0114683 0.0048199 0.0124239 0.0116554 0.00509977 0.0104938 0.0114683 0.00349408 0.00984074 0.0121777 0.00509977 0.0104938 0.0114683 0.0068171 0.0116391 0.0119993 0.00509977 0.0104938 0.0114683 0.00358582 0.0112819 0.0101736 0.0147244 0.0118431 0.011367 0.015169 0.0101144 0.011814 0.00512251 0.00157736 0.0126485 0.00538342 0.0034238 0.0130372 0.00512251 0.00157736 0.0126485 0.00581911 0.00172426 0.0144566 0.00512251 0.00157736 0.0126485 0.00703731 0.00147038 0.0130426 0.00512251 0.00157736 0.0126485 0.00332749 0.00282902 0.0123916 0.00512251 0.00157736 0.0126485 0.0041845 0.0002707879999999999 0.0112352 0.00251217 0.00823778 0.0121972 0.000803853 0.00855083 0.0115832 0.00251217 0.00823778 0.0121972 0.00349408 0.00984074 0.0121777 0.00251217 0.00823778 0.0121972 0.00151112 0.00661975 0.013202 0.000977121 0.0145399 0.0126192 0.00239349 0.0136902 0.0136603 0.000977121 0.0145399 0.0126192 0.000154844 0.0164626145204829 0.0119181 8.10685e-05 0.00346276 0.00800281 0.000518752 0.00218991 0.00672875 8.10685e-05 0.00346276 0.00800281 0.00139906 0.0022093 0.00850697 8.10685e-05 0.00346276 0.00800281 -0.0015889345204828998 0.00307043 0.00676854 0.0111815 0.00982975 0.000890611 0.00940419 0.00919532 0.00201588 0.0111815 0.00982975 0.000890611 0.0118046 0.0110655 0.00245696 0.01394 0.0142913 0.00637056 0.0145644 0.0161000415204829 0.00675731 0.01394 0.0142913 0.00637056 0.014394 0.0147198 0.00818975 0.01394 0.0142913 0.00637056 0.0147426 0.012606 0.00667052 0.01394 0.0142913 0.00637056 0.0121634 0.0143626 0.00679055 0.01394 0.0142913 0.00637056 0.0141476 0.0130014 0.00491582 0.01394 0.0142913 0.00637056 0.0138166 0.0150889 0.00444539 0.01394 0.0142913 0.00637056 0.0158488575204829 0.0143084 0.00535659 0.00707059 0.0141062 0.00170009 0.00794846 0.0153104 0.00326511 0.0126739 0.00729969 0.000948025 0.0123629 0.00535672 0.000884611 0.0126739 0.00729969 0.000948025 0.0121463 0.00672581 0.0027741 0.0126739 0.00729969 0.000948025 0.0141363 0.00826352 0.00175616 0.00599052 0.0152894 0.0138492 0.00581911 0.0170948945204829 0.0144566 0.00599052 0.0152894 0.0138492 0.00695371 0.0147786 0.0122093 0.00599052 0.0152894 0.0138492 0.0078991 0.0141693 0.0141394 0.00999666 0.00133732 0.0146069 0.0082099 0.000870013 0.0144201 0.00999666 0.00133732 0.0146069 0.0103426 0.00140231 0.0128859 0.00470948 0.0111967 0.008307 0.00358582 0.0112819 0.0101736 0.00470948 0.0111967 0.008307 0.00358932 0.0124559 0.00693932 0.00534896 0.0085551 0.0110848 0.00547909 0.00680481 0.011901 0.00534896 0.0085551 0.0110848 0.00453691 0.00942341 0.00954167 0.00534896 0.0085551 0.0110848 0.00527292 0.00713916 0.00961492 0.00892562 0.0125508 0.00432971 0.0105733 0.0125735 0.00526755 0.00892562 0.0125508 0.00432971 0.00756921 0.0122723 0.00560177 0.00356341 0.00181973 0.00533926 0.00492007 0.00044180100000000013 0.00580023 0.00356341 0.00181973 0.00533926 0.00161236 0.00169672 0.00526334 0.00356341 0.00181973 0.00533926 0.00255816 0.00114621 0.00710047 0.00356341 0.00181973 0.00533926 0.00232622 0.00341988 0.00624313 0.00356341 0.00181973 0.00533926 0.00547061 0.00220868 0.00452783 0.00651834 0.00687967 0.00795518 0.00527292 0.00713916 0.00961492 0.00651834 0.00687967 0.00795518 0.008276 0.00645263 0.00919447 0.00651834 0.00687967 0.00795518 0.00817881 0.00822097 0.00753351 0.00695671 0.00474392 0.00905735 0.00872367 0.00391884 0.00886091 0.00695671 0.00474392 0.00905735 0.00697578 0.00371731 0.0106163 0.00695671 0.00474392 0.00905735 0.00760515 0.0042274 0.00728987 0.00695671 0.00474392 0.00905735 0.008276 0.00645263 0.00919447 0.00801103 0.00791742 0.00315793 0.00676824 0.0091283 0.00445074 0.00801103 0.00791742 0.00315793 0.00940419 0.00919532 0.00201588 0.00538342 0.0034238 0.0130372 0.00521796 0.00515041 0.0138533 0.00538342 0.0034238 0.0130372 0.00729414 0.00333063 0.0124551 0.00538342 0.0034238 0.0130372 0.00332749 0.00282902 0.0123916 0.0048199 0.0124239 0.0116554 0.00337851 0.0136074 0.012037 0.0048199 0.0124239 0.0116554 0.0068171 0.0116391 0.0119993 0.0048199 0.0124239 0.0116554 0.00358582 0.0112819 0.0101736 0.0123629 0.00535672 0.000884611 0.0107403 0.0055451 0.00180551 0.0123629 0.00535672 0.000884611 0.0132851 0.00466757 0.0026714 0.0123128 0.0136301 0.00500719 0.0121634 0.0143626 0.00679055 0.0123128 0.0136301 0.00500719 0.0141476 0.0130014 0.00491582 0.0123128 0.0136301 0.00500719 0.0138166 0.0150889 0.00444539 0.0132691 0.0093747 0.00311564 0.0124689 0.00812599 0.00436228 0.0132691 0.0093747 0.00311564 0.0141363 0.00826352 0.00175616 0.0132691 0.0093747 0.00311564 0.0128722 0.0100815 0.00515816 0.00924009 0.00904139 0.0140747 0.0079913 0.00761103 0.0143987 0.00924009 0.00904139 0.0140747 0.0102956 0.00903363 0.0124232 0.00924009 0.00904139 0.0140747 0.00787271 0.0090787 0.0125727 0.00924009 0.00904139 0.0140747 0.0110828 0.010023 0.0142771 0.00240283 0.000843443 0.0102687 0.0041845 0.000270788 0.0112352 0.00719036 0.00578893 0.00085116 0.00562226 0.00477273 0.00132247 0.00719036 0.00578893 0.00085116 0.00892088 0.00514356 0.00129141 0.00719036 0.00578893 0.00085116 0.00670747 0.00583542 0.00290594 0.00873277 0.00988291 0.00393572 0.0106617 0.0102324 0.00420182 0.00873277 0.00988291 0.00393572 0.00962222 0.0113023 0.00289497 0.00873277 0.00988291 0.00393572 0.00723472 0.0109701 0.00343743 0.00873277 0.00988291 0.00393572 0.00676824 0.0091283 0.00445074 0.00873277 0.00988291 0.00393572 0.00940419 0.00919532 0.00201588 0.0105733 0.0125735 0.00526755 0.00921945 0.0119421 0.00641884 0.0105733 0.0125735 0.00526755 0.0106884 0.0107356 0.00604621 0.00210729 0.00779943 0.00900949 0.000519877 0.00761316 0.010058 0.00210729 0.00779943 0.00900949 0.00352808 0.00641109 0.00817625 0.010898 0.0143746 0.00316433 0.0108772 0.0129161 0.00181871 0.010898 0.0143746 0.00316433 0.011736 0.016035954520482898 0.00405254 0.010898 0.0143746 0.00316433 0.00959524 0.0147618 0.00155384 0.000150276 0.00624099 0.00629367 0.00143209 0.00602887 0.00484575 0.000150276 0.00624099 0.00629367 -0.0013130345204828988 0.00533103 0.00758861 0.000150276 0.00624099 0.00629367 0.000256757 0.00786836 0.00497188 0.0102484 0.00405377 0.00280051 0.0107403 0.0055451 0.00180551 0.0102484 0.00405377 0.00280051 0.00859229 0.00485768 0.00319335 0.0102484 0.00405377 0.00280051 0.0118559 0.00265954 0.0028569 0.0127241 0.0126985 0.00758516 0.0121634 0.0143626 0.00679055 0.0127241 0.0126985 0.00758516 0.0106021 0.0130877 0.00764289 0.0131443 0.012018 0.0144795 0.0125126 0.0140022 0.0137814 0.00921945 0.0119421 0.00641884 0.00857401 0.0138082 0.00644255 0.00921945 0.0119421 0.00641884 0.00756921 0.0122723 0.00560177 0.00921945 0.0119421 0.00641884 0.00874637 0.0122671 0.00818002 0.00921945 0.0119421 0.00641884 0.0106884 0.0107356 0.00604621 0.00921945 0.0119421 0.00641884 0.0106021 0.0130877 0.00764289 0.00857401 0.0138082 0.00644255 0.00687735 0.0143408 0.00513623 0.00581911 0.00172426 0.0144566 0.00703731 0.00147038 0.0130426 0.00878013 0.0126694 0.0120224 0.0068171 0.0116391 0.0119993 0.00878013 0.0126694 0.0120224 0.0103195 0.0129423 0.0135931 0.0151819 0.00983466 0.00397306 0.0159670455204829 0.0117735 0.00480197 0.0151819 0.00983466 0.00397306 0.015627391520482897 0.00786836 0.00497188 0.0121463 0.00672581 0.0027741 0.0103754 0.006324 0.00347663 0.00930259 0.0112453 0.0144407 0.0103195 0.0129423 0.0135931 0.00930259 0.0112453 0.0144407 0.0110828 0.010023 0.0142771 0.00785891 0.00232456 0.00962299 0.00872367 0.00391884 0.00886091 0.00785891 0.00232456 0.00962299 0.00697578 0.00371731 0.0106163 0.00785891 0.00232456 0.00962299 0.00625872 0.00230596 0.00867378 0.00785891 0.00232456 0.00962299 0.0097276 0.00238535 0.00987972 0.00785891 0.00232456 0.00962299 0.00864119 0.00172406 0.011622 0.00785891 0.00232456 0.00962299 0.00647566 0.00104766 0.0108102 0.0127724 0.00169191 0.00554587 0.011736 0.0006653200000000001 0.00405254 0.0127724 0.00169191 0.00554587 0.0148598 0.00183155 0.00485025 0.0127724 0.00169191 0.00554587 0.0137817 0.00307043 0.00676854 0.0127724 0.00169191 0.00554587 0.0112204 0.00325932 0.00515858 0.0144691 0.0152824 0.00250948 0.0136293 0.0151931 0.0008832639999999999 0.0144691 0.0152824 0.00250948 0.0138166 0.0150889 0.00444539 0.00458878 0.0127323 0.000889927 0.0034757 0.0142895 0.000851078 0.00458878 0.0127323 0.000889927 0.00389386 0.013466 0.00280387 0.00458878 0.0127323 0.000889927 0.00542242 0.0116958 0.00257056 0.00357887 0.0134538 0.0101713 0.00337851 0.0136074 0.012037 0.00357887 0.0134538 0.0101713 0.00462761 0.014216 0.00872348 0.00357887 0.0134538 0.0101713 0.00198955 0.0125949 0.00943874 0.00357887 0.0134538 0.0101713 0.00358582 0.0112819 0.0101736 0.0112303 0.00798569 0.00783697 0.0111879 0.00951807 0.00905958 0.0112303 0.00798569 0.00783697 0.00973482 0.00826854 0.00897179 0.0112303 0.00798569 0.00783697 0.0126317 0.00700878 0.00871286 0.0112303 0.00798569 0.00783697 0.0106172 0.0061586 0.00884653 0.0112303 0.00798569 0.00783697 0.010236 0.00840283 0.00599713 0.0082099 0.000870013 0.0144201 0.00703731 0.00147038 0.0130426 0.0082099 0.000870013 0.0144201 0.0078991 -0.0012013345204828993 0.0141394 0.0143522 0.0101641 0.0143856 0.0150834 0.00832007 0.0133538 0.00714818 0.00220529 0.00322679 0.00547061 0.00220868 0.00452783 0.00915807 0.00328766 0.000934924 0.00892088 0.00514356 0.00129141 0.00413295 0.0147811 0.00445143 0.00492007 0.0158124355204829 0.00580023 0.00413295 0.0147811 0.00445143 0.00248374 0.0151863 0.00540234 0.00413295 0.0147811 0.00445143 0.00389386 0.013466 0.00280387 0.00413295 0.0147811 0.00445143 0.0055355 0.015625665520482897 0.0029715 0.00521796 0.00515041 0.0138533 0.00308504 0.00529079 0.0142464 0.0145644 0.000729407 0.00675731 0.015889386520482898 0.00218991 0.00672875 0.0145644 0.000729407 0.00675731 0.014394 -0.000650834520482899 0.00818975 0.0145644 0.000729407 0.00675731 0.0148598 0.00183155 0.00485025 0.0149452 0.00631236 0.0144022 0.0136472 0.006821 0.0130219 0.0149452 0.00631236 0.0144022 0.0161492775204829 0.0044607 0.0142257 0.000518752 0.00218991 0.00672875 0.0016123599999999997 0.00169672 0.00526334 0.000518752 0.00218991 0.00672875 0.00139906 0.0022093 0.00850697 0.000518752 0.00218991 0.00672875 0.00232622 0.00341988 0.00624313 0.000518752 0.00218991 0.00672875 -0.0005108345204829005 0.00183155 0.00485025 0.00239349 0.0136902 0.0136603 0.00337851 0.0136074 0.012037 0.00239349 0.0136902 0.0136603 0.00184032 0.0120793 0.0144747 0.00239349 0.0136902 0.0136603 0.003511 0.015171 0.0131598 0.00258171 0.00802324 0.0144181 0.00452008 0.00844254 0.0144932 0.00258171 0.00802324 0.0144181 0.00151112 0.00661975 0.013202 0.0103888 0.0118671 0.00947094 0.00951329 0.0100961 0.00974049 0.0103888 0.0118671 0.00947094 0.0106021 0.0130877 0.00764289 0.0103888 0.0118671 0.00947094 0.0114087 0.0138141 0.00980987 0.00383011 0.00460069 0.00716519 0.00247022 0.003927 0.0083815 0.00383011 0.00460069 0.00716519 0.00352808 0.00641109 0.00817625 0.00383011 0.00460069 0.00716519 0.00541196 0.00333014 0.00665278 0.00383011 0.00460069 0.00716519 0.00232622 0.00341988 0.00624313 0.00337851 0.0136074 0.012037 0.003511 0.015171 0.0131598 0.0111879 0.00951807 0.00905958 0.00973482 0.00826854 0.00897179 0.0111879 0.00951807 0.00905958 0.00951329 0.0100961 0.00974049 0.0111879 0.00951807 0.00905958 0.0113986 0.00787863 0.0104791 0.00756921 0.0122723 0.00560177 0.0063218 0.0125101 0.00426012 0.00756921 0.0122723 0.00560177 0.00641682 0.0122244 0.00702925 0.00756921 0.0122723 0.00560177 0.00687735 0.0143408 0.00513623 0.00247022 0.003927 0.0083815 0.00386171 0.00270794 0.00802837 0.00247022 0.003927 0.0083815 0.00232622 0.00341988 0.00624313 0.00143209 0.00602887 0.00484575 0.00240649 0.00685607 0.00344709 0.00143209 0.00602887 0.00484575 0.0002658370000000001 0.00514675 0.0032108 0.00143209 0.00602887 0.00484575 0.00025675700000000004 0.00786836 0.00497188 0.00492007 0.000441801 0.00580023 0.00603778 0.00111112 0.00717034 0.00492007 0.000441801 0.00580023 0.00547061 0.00220868 0.00452783 0.00161236 0.00169672 0.00526334 0.00255816 0.00114621 0.00710047 0.00161236 0.00169672 0.00526334 0.00232622 0.00341988 0.00624313 0.00161236 0.00169672 0.00526334 0.00132069 0.000897655 0.00340791 0.00161236 0.00169672 0.00526334 -0.0005108345204829 0.00183155 0.00485025 0.00973482 0.00826854 0.00897179 0.00951329 0.0100961 0.00974049 0.00973482 0.00826854 0.00897179 0.009053 0.0079031 0.0109555 0.00973482 0.00826854 0.00897179 0.00817881 0.00822097 0.00753351 0.00547909 0.00680481 0.011901 0.00596783 0.00536559 0.010693 0.00547909 0.00680481 0.011901 0.00368541 0.00648051 0.0125803 0.0126317 0.00700878 0.00871286 0.0106172 0.0061586 0.00884653 0.0126317 0.00700878 0.00871286 0.0137968 0.00708503 0.0105313 0.0126317 0.00700878 0.00871286 0.0147465 0.00741987 0.00833856 0.00781705 0.00683899 0.0126454 0.0079913 0.00761103 0.0143987 0.00781705 0.00683899 0.0126454 0.00787271 0.0090787 0.0125727 0.00872367 0.00391884 0.00886091 0.00760515 0.0042274 0.00728987 0.00872367 0.00391884 0.00886091 0.00906508 0.00223346 0.00795407 0.00140595 0.0016411 0.0145374 0.00318155 0.0014035 0.0139873 0.00386171 0.00270794 0.00802837 0.00255816 0.00114621 0.00710047 0.00386171 0.00270794 0.00802837 0.00541196 0.00333014 0.00665278 0.00501401 0.00925255 0.00568857 0.00676824 0.0091283 0.00445074 0.00501401 0.00925255 0.00568857 0.00404456 0.00864856 0.00752236 0.0124689 0.00812599 0.00436228 0.0115477 0.00659241 0.00495397 0.0124689 0.00812599 0.00436228 0.0128722 0.0100815 0.00515816 0.0119348 0.00572724 0.0104921 0.0106172 0.0061586 0.00884653 0.0119348 0.00572724 0.0104921 0.0113986 0.00787863 0.0104791 0.0119348 0.00572724 0.0104921 0.0134051 0.00505072 0.0118767 0.0119348 0.00572724 0.0104921 0.00988032 0.00569896 0.0111818 0.00697578 0.00371731 0.0106163 0.00596783 0.00536559 0.010693 0.00697578 0.00371731 0.0106163 0.00729414 0.00333063 0.0124551 0.0066188 0.0145815 0.00723761 0.00603778 0.0164817545204829 0.00717034 0.0066188 0.0145815 0.00723761 0.00790977 0.0159251345204829 0.00657309 0.0066188 0.0145815 0.00723761 0.00687735 0.0143408 0.00513623 0.00562226 0.00477273 0.00132247 0.00572299 0.00380241 0.00301698 0.00562226 0.00477273 0.00132247 0.00358764 0.0043882 0.00196482 0.00562226 0.00477273 0.00132247 0.00670747 0.00583542 0.00290594 0.00596783 0.00536559 0.010693 0.00527292 0.00713916 0.00961492 0.00596783 0.00536559 0.010693 0.00429788 0.00460278 0.00953474 0.00729414 0.00333063 0.0124551 0.00703731 0.00147038 0.0130426 0.00236701 0.0149398 0.00212329 0.0034757 0.0142895 0.0008510779999999999 0.00236701 0.0149398 0.00212329 0.00125962 0.014085 0.00337117 0.00236701 0.0149398 0.00212329 0.00389386 0.013466 0.00280387 0.00236701 0.0149398 0.00212329 0.00150798 0.0166718945204829 0.00109445 0.00236701 0.0149398 0.00212329 0.00132069 0.016268289520482898 0.00340791 0.00269748 0.00373721 0.00383797 0.00358764 0.0043882 0.00196482 0.0144285 0.00342394 0.0130015 0.0134051 0.00505072 0.0118767 0.0144285 0.00342394 0.0130015 0.0132164 0.00464896 0.0142442 0.014394 0.0147198 0.00818975 0.0145161 0.0163859545204829 0.00961945 0.0136472 0.006821 0.0130219 0.0151635 0.00648948 0.0120217 0.0136472 0.006821 0.0130219 0.0150834 0.00832007 0.0133538 0.0136472 0.006821 0.0130219 0.0134051 0.00505072 0.0118767 0.0136472 0.006821 0.0130219 0.0119641 0.0066168 0.0141512 0.0108772 0.0129161 0.00181871 0.0118046 0.0110655 0.00245696 0.013759 0.0108389 0.00784852 0.0154549893204829 0.00995715 0.00799865 0.002086 0.00987322 0.0108939 0.00177003 0.0106641 0.00911158 0.002086 0.00987322 0.0108939 0.000803853 0.00855083 0.0115832 0.002086 0.00987322 0.0108939 0.00349408 0.00984074 0.0121777 0.002086 0.00987322 0.0108939 0.00358582 0.0112819 0.0101736 0.0106617 0.0102324 0.00420182 0.00962222 0.0113023 0.00289497 0.0106617 0.0102324 0.00420182 0.0106884 0.0107356 0.00604621 0.0106617 0.0102324 0.00420182 0.0118046 0.0110655 0.00245696 0.00760515 0.0042274 0.00728987 0.00899819 0.00313438 0.00595921 0.0147426 0.012606 0.00667052 0.0141476 0.0130014 0.00491582 0.0147426 0.012606 0.00667052 0.016632244520482897 0.0116434 0.00723613 0.000772106 0.00917672 0.000891831 0.00286447 0.009734 0.0011025 0.000772106 0.00917672 0.000891831 0.000727052 0.00813109 0.00273617 0.0128459 0.00868162 0.0144002 0.0110828 0.010023 0.0142771 0.0127752 0.0139847 0.00230137 0.0116912 0.0149773 0.00096492 0.00206314 0.0089518 0.00458818 0.0008854359999999999 0.00966532 0.00602013 0.00206314 0.0089518 0.00458818 0.002976 0.010311 0.00605346 0.00206314 0.0089518 0.00458818 0.0018216 0.0105733 0.00310661 0.00206314 0.0089518 0.00458818 0.00025675700000000004 0.00786836 0.00497188 0.00863629 0.00430558 0.0144603 0.0107363 0.00464063 0.0140857 0.00139906 0.0022093 0.00850697 0.00255816 0.00114621 0.00710047 0.000519877 0.00761316 0.010058 0.000803853 0.00855083 0.0115832 0.000519877 0.00761316 0.010058 -0.0015738345204828997 0.00708503 0.0105313 0.000519877 0.00761316 0.010058 -0.0006241345204829002 0.00741987 0.00833856 0.0066216 0.0078737 0.00612172 0.00488582 0.00666235 0.00631211 0.0066216 0.0078737 0.00612172 0.00676824 0.0091283 0.00445074 0.0066216 0.0078737 0.00612172 0.00817881 0.00822097 0.00753351 0.00177003 0.0106641 0.00911158 0.00198955 0.0125949 0.00943874 0.00177003 0.0106641 0.00911158 0.00358582 0.0112819 0.0101736 0.00177003 0.0106641 0.00911158 0.00126161 0.0116434 0.00723613 0.000885436 0.00966532 0.00602013 0.002976 0.010311 0.00605346 0.000885436 0.00966532 0.00602013 0.00025675699999999993 0.00786836 0.00497188 0.0063218 0.0125101 0.00426012 0.00552444 0.0108269 0.00453722 0.0063218 0.0125101 0.00426012 0.00723472 0.0109701 0.00343743 0.0063218 0.0125101 0.00426012 0.00542242 0.0116958 0.00257056 0.0063218 0.0125101 0.00426012 0.00687735 0.0143408 0.00513623 0.00892088 0.00514356 0.00129141 0.0107403 0.0055451 0.00180551 0.00892088 0.00514356 0.00129141 0.00859229 0.00485768 0.00319335 0.00625872 0.00230596 0.00867378 0.00603778 0.00111112 0.00717034 0.0121634 0.0143626 0.00679055 0.0106021 0.0130877 0.00764289 0.0121634 0.0143626 0.00679055 0.0108315 0.016007704520482897 0.00626549 0.00695371 0.0147786 0.0122093 0.00872676 0.0148175 0.0113207 0.00695371 0.0147786 0.0122093 0.00647566 0.0164182945204829 0.0108102 0.00695371 0.0147786 0.0122093 0.0078991 0.0141693 0.0141394 8.43548e-05 0.00995715 0.00799865 -0.0011663345204828998 0.00878106 0.00656703 8.43548e-05 0.00995715 0.00799865 0.00126161 0.0116434 0.00723613 0.015169 0.0101144 0.011814 0.0161744875204829 0.00855083 0.0115832 0.00603778 0.00111112 0.00717034 0.00708603 0.00226918 0.00604545 0.0141363 0.00826352 0.00175616 0.0160976865204829 0.00813109 0.00273617 0.0131778 0.00166347 0.000956286 0.0136293 -0.00017753452048290008 0.000883264 0.0107403 0.0055451 0.00180551 0.0103754 0.006324 0.00347663 0.00453691 0.00942341 0.00954167 0.00404456 0.00864856 0.00752236 0.00453691 0.00942341 0.00954167 0.00358582 0.0112819 0.0101736 0.00962222 0.0113023 0.00289497 0.0118046 0.0110655 0.00245696 0.0026326 0.00369939 0.0105278 0.00253931 0.00484977 0.0121283 0.0026326 0.00369939 0.0105278 0.00109812 0.00349856 0.0116007 0.0026326 0.00369939 0.0105278 0.00332749 0.00282902 0.0123916 0.0026326 0.00369939 0.0105278 0.00429788 0.00460278 0.00953474 0.0120467 0.0108003 0.0126983 0.0120431 0.0125817 0.0117104 0.0120467 0.0108003 0.0126983 0.0110828 0.010023 0.0142771 0.00874637 0.0122671 0.00818002 0.0106021 0.0130877 0.00764289 0.00874637 0.0122671 0.00818002 0.00760919 0.0117553 0.00983223 0.00874637 0.0122671 0.00818002 0.00757262 0.0105256 0.00773959 0.00641682 0.0122244 0.00702925 0.00757262 0.0105256 0.00773959 0.00552444 0.0108269 0.00453722 0.00676824 0.0091283 0.00445074 0.00552444 0.0108269 0.00453722 0.00542242 0.0116958 0.00257056 0.0103754 0.006324 0.00347663 0.0115477 0.00659241 0.00495397 0.00576113 0.00496984 0.00514114 0.00488582 0.00666235 0.00631211 0.00996983 0.00162457 0.00463433 0.011736 0.00066532 0.00405254 0.00996983 0.00162457 0.00463433 0.00966264 0.00154015 0.00253213 0.00996983 0.00162457 0.00463433 0.0108315 0.00063707 0.00626549 0.00996983 0.00162457 0.00463433 0.00899819 0.00313438 0.00595921 0.00996983 0.00162457 0.00463433 0.0112204 0.00325932 0.00515858 0.0116912 0.0149773 0.00096492 0.0136293 0.0151931 0.000883264 0.0116912 0.0149773 0.00096492 0.00959524 0.0147618 0.00155384 0.00953084 0.00657841 0.0070626 0.0106172 0.0061586 0.00884653 0.00953084 0.00657841 0.0070626 0.010236 0.00840283 0.00599713 0.00953084 0.00657841 0.0070626 0.00817881 0.00822097 0.00753351 0.00291999 0.00322739 0.0144818 0.00318155 0.0014035 0.0139873 0.00291999 0.00322739 0.0144818 0.00332749 0.00282902 0.0123916 0.00291999 0.00322739 0.0144818 0.00308504 0.00529079 0.0142464 0.00616535 0.00772151 0.00208443 0.00487931 0.00937461 0.00280342 0.00616535 0.00772151 0.00208443 0.00522698 0.0073251 0.0040587 0.00616535 0.00772151 0.00208443 0.00417548 0.00707696 0.00185079 0.00616535 0.00772151 0.00208443 0.00670747 0.00583542 0.00290594 0.00790977 0.0005545 0.00657309 0.00708603 0.00226918 0.00604545 0.00253931 0.00484977 0.0121283 0.00098502 0.0053282 0.0111163 0.00253931 0.00484977 0.0121283 0.00332749 0.00282902 0.0123916 0.00253931 0.00484977 0.0121283 0.00300831 0.00642562 0.010603 0.00253931 0.00484977 0.0121283 0.00308504 0.00529079 0.0142464 0.00708603 0.00226918 0.00604545 0.00541196 0.00333014 0.00665278 0.00708603 0.00226918 0.00604545 0.00547061 0.00220868 0.00452783 0.00708603 0.00226918 0.00604545 0.00899819 0.00313438 0.00595921 0.00723472 0.0109701 0.00343743 0.00676824 0.0091283 0.00445074 0.00723472 0.0109701 0.00343743 0.00542242 0.0116958 0.00257056 0.00859229 0.00485768 0.00319335 0.00670747 0.00583542 0.00290594 0.00109812 0.00349856 0.0116007 0.00098502 0.0053282 0.0111163 0.00572299 0.00380241 0.00301698 0.00547061 0.00220868 0.00452783 0.0151635 0.00648948 0.0120217 0.016355654520482897 0.0053282 0.0111163 0.0151635 0.00648948 0.0120217 0.0137968 0.00708503 0.0105313 0.0151635 0.00648948 0.0120217 0.0168817545204829 0.00661975 0.013202 0.00368541 0.00648051 0.0125803 0.00300831 0.00642562 0.010603 0.00368541 0.00648051 0.0125803 0.00308504 0.00529079 0.0142464 0.0034757 0.0142895 0.000851078 0.00389386 0.013466 0.00280387 0.0131829 0.00249219 0.0143918 0.0132164 0.00464896 0.0142442 0.00318155 0.0014035 0.0139873 0.003511 -0.00019963452048289893 0.0131598 0.00318155 0.0014035 0.0139873 0.00332749 0.00282902 0.0123916 0.00906508 0.00223346 0.00795407 0.00899819 0.00313438 0.00595921 0.000803853 0.00855083 0.0115832 -0.0002872345204828991 0.00832007 0.0133538 0.00248374 0.0151863 0.00540234 0.00255816 0.0165168445204829 0.00710047 0.00248374 0.0151863 0.00540234 0.00047822299999999984 0.0143084 0.00535659 0.00248374 0.0151863 0.00540234 0.00259572 0.0131113 0.00478786 0.0097276 0.00238535 0.00987972 0.00864119 0.00172406 0.011622 0.0097276 0.00238535 0.00987972 0.0114463 0.00207711 0.00861686 0.0115477 0.00659241 0.00495397 0.012717 0.00497249 0.00564253 0.00703731 0.00147038 0.0130426 0.00864119 0.00172406 0.011622 0.003511 0.015171 0.0131598 0.0041845 0.0156414225204829 0.0112352 0.00240649 0.00685607 0.00344709 0.000727052 0.00813109 0.00273617 0.0141476 0.0130014 0.00491582 0.0138166 0.0150889 0.00444539 0.0141476 0.0130014 0.00491582 0.0159670455204829 0.0117735 0.00480197 0.0141476 0.0130014 0.00491582 0.0149669 0.0129066 0.00285924 0.0141476 0.0130014 0.00491582 0.0158488575204829 0.0143084 0.00535659 0.0103426 0.00140231 0.0128859 0.00864119 0.00172406 0.011622 0.0103426 0.00140231 0.0128859 0.0124797 0.00120012 0.0124975 0.00198955 0.0125949 0.00943874 0.00358582 0.0112819 0.0101736 0.0102956 0.00903363 0.0124232 0.009053 0.0079031 0.0109555 0.0102956 0.00903363 0.0124232 0.0110828 0.010023 0.0142771 0.00125962 0.014085 0.00337117 -0.00040373452048289874 0.0129066 0.00285924 0.00125962 0.014085 0.00337117 0.00047822300000000006 0.0143084 0.00535659 0.00125962 0.014085 0.00337117 0.00259572 0.0131113 0.00478786 0.00125962 0.014085 0.00337117 0.00132069 0.016268289520482898 0.00340791 0.00349408 0.00984074 0.0121777 0.00423907 0.0107346 0.0139761 0.00286447 0.009734 0.0011025 0.0018216 0.0105733 0.00310661 0.00864119 0.00172406 0.011622 0.00647566 0.00104766 0.0108102 0.0142043 0.00878106 0.00656703 0.0128722 0.0100815 0.00515816 0.0142043 0.00878106 0.00656703 0.0147465 0.00741987 0.00833856 0.0142043 0.00878106 0.00656703 0.015627391520482897 0.00786836 0.00497188 0.0106021 0.0130877 0.00764289 0.0114087 0.0138141 0.00980987 0.00255816 0.00114621 0.00710047 0.00232622 0.00341988 0.00624313 0.0138166 0.0150889 0.00444539 0.011736 0.016035954520482898 0.00405254 0.0138166 0.0150889 0.00444539 0.0158488575204829 0.0143084 0.00535659 0.0138166 0.0150889 0.00444539 0.0148598 0.0172021845204829 0.00485025 0.000265837 0.00514675 0.0032108 -0.0020855345204828994 0.00466757 0.0026714 0.000596411 0.0117735 0.00480197 -0.00040373452048289896 0.0129066 0.00285924 0.000596411 0.0117735 0.00480197 0.00259572 0.0131113 0.00478786 0.000596411 0.0117735 0.00480197 0.0018216 0.0105733 0.00310661 0.00487931 0.00937461 0.00280342 0.00522698 0.0073251 0.0040587 0.00487931 0.00937461 0.00280342 0.00542242 0.0116958 0.00257056 0.011736 0.00066532 0.00405254 0.0118559 0.00265954 0.0028569 0.011736 0.00066532 0.00405254 0.0108315 0.00063707 0.00626549 0.00389386 0.013466 0.00280387 0.00259572 0.0131113 0.00478786 0.00389386 0.013466 0.00280387 0.00542242 0.0116958 0.00257056 0.0125126 0.0140022 0.0137814 0.0103195 0.0129423 0.0135931 0.00959524 0.0147618 0.00155384 0.00794846 0.0153104 0.00326511 0.00959524 0.0147618 0.00155384 0.00966264 0.016910784520482898 0.00253213 0.00959524 0.0147618 0.00155384 0.00776734 0.0163150735204829 0.00111534 0.0114087 0.0138141 0.00980987 0.0120431 0.0125817 0.0117104 0.0107363 0.00464063 0.0140857 0.0132164 0.00464896 0.0142442 0.0107363 0.00464063 0.0140857 0.0119641 0.0066168 0.0141512 0.00204686 0.00637336 0.00117652 0.00417548 0.00707696 0.00185079 0.0137165 0.00929045 0.00956968 0.0137968 0.00708503 0.0105313 0.0137165 0.00929045 0.00956968 0.0147465 0.00741987 0.00833856 0.00709482 0.0119501 0.0142682 0.0068171 0.0116391 0.0119993 0.00709482 0.0119501 0.0142682 0.0078991 0.0141693 0.0141394 0.00522698 0.0073251 0.0040587 0.00488582 0.00666235 0.00631211 0.00522698 0.0073251 0.0040587 0.00676824 0.0091283 0.00445074 0.00522698 0.0073251 0.0040587 0.00417548 0.00707696 0.0018507899999999997 0.00522698 0.0073251 0.0040587 0.00670747 0.00583542 0.00290594 0.0068171 0.0116391 0.0119993 0.00760919 0.0117553 0.00983223 0.0119203 0.00429212 0.00786969 0.0106172 0.0061586 0.00884653 0.0119203 0.00429212 0.00786969 0.0140576 0.00533103 0.00758861 0.0119203 0.00429212 0.00786969 0.0114463 0.00207711 0.00861686 0.0119203 0.00429212 0.00786969 0.012717 0.00497249 0.00564253 0.0119203 0.00429212 0.00786969 0.0137817 0.00307043 0.00676854 0.00527292 0.00713916 0.00961492 0.00352808 0.00641109 0.00817625 0.0106172 0.0061586 0.00884653 0.0113986 0.00787863 0.0104791 0.0106172 0.0061586 0.00884653 0.008276 0.00645263 0.00919447 0.0106172 0.0061586 0.00884653 0.00988032 0.00569896 0.0111818 0.00787271 0.0090787 0.0125727 0.009053 0.0079031 0.0109555 0.012392 0.0035215 0.0102817 0.0114463 0.00207711 0.00861686 0.012392 0.0035215 0.0102817 0.0134051 0.00505072 0.0118767 0.000478223 0.0143084 0.00535659 0.00185793 0.0139856 0.00720806 0.000478223 0.0143084 0.00535659 0.00259572 0.0131113 0.00478786 0.00300831 0.00642562 0.010603 0.00352808 0.00641109 0.00817625 0.00300831 0.00642562 0.010603 0.00429788 0.00460278 0.00953474 0.00488582 0.00666235 0.00631211 0.00352808 0.00641109 0.00817625 0.00488582 0.00666235 0.00631211 0.00404456 0.00864856 0.00752236 0.0140576 0.00533103 0.00758861 0.012717 0.00497249 0.00564253 0.0140576 0.00533103 0.00758861 0.0147465 0.00741987 0.00833856 0.0140576 0.00533103 0.00758861 0.0137817 0.00307043 0.00676854 0.00352808 0.00641109 0.00817625 0.00404456 0.00864856 0.00752236 0.00352808 0.00641109 0.00817625 0.00429788 0.00460278 0.00953474 0.00541196 0.00333014 0.00665278 0.00547061 0.00220868 0.00452783 0.00150798 0.00130126 0.00109445 0.00132069 0.000897655 0.00340791 0.00150798 0.00130126 0.00109445 -0.00018173452048290007 0.00300748 0.00131104 0.00404456 0.00864856 0.00752236 0.002976 0.010311 0.00605346 0.00647566 0.00104766 0.0108102 0.0041845 0.000270788 0.0112352 0.0137968 0.00708503 0.0105313 0.0134051 0.00505072 0.0118767 0.0137968 0.00708503 0.0105313 0.0147465 0.00741987 0.00833856 0.00730094 0.00931706 0.010022 0.009053 0.0079031 0.0109555 0.00730094 0.00931706 0.010022 0.00760919 0.0117553 0.00983223 0.009053 0.0079031 0.0109555 0.0113986 0.00787863 0.0104791 0.009053 0.0079031 0.0109555 0.008276 0.00645263 0.00919447 0.009053 0.0079031 0.0109555 0.00988032 0.00569896 0.0111818 0.00308504 0.00529079 0.0142464 0.00151112 0.00661975 0.013202 0.00308504 0.00529079 0.0142464 0.0007786429999999999 0.0044607 0.0142257 0.00358764 0.0043882 0.00196482 0.00390924 0.00208158 0.00278571 0.00151112 0.00661975 0.013202 0.000778643 0.0044607 0.0142257 0.00151112 0.00661975 0.013202 -0.00028723452048289846 0.00832007 0.0133538 0.00185793 0.0139856 0.00720806 0.00358932 0.0124559 0.00693932 0.00185793 0.0139856 0.00720806 0.00126161 0.0116434 0.00723613 0.00358932 0.0124559 0.00693932 0.002976 0.010311 0.00605346 0.00358932 0.0124559 0.00693932 0.00259572 0.0131113 0.00478786 0.00358932 0.0124559 0.00693932 0.0012616099999999998 0.0116434 0.00723613 0.0055355 0.000255031 0.0029715 0.00794846 -6.023452048289842e-05 0.00326511 0.0055355 0.000255031 0.0029715 0.00547061 0.00220868 0.00452783 0.0055355 0.000255031 0.0029715 0.00390924 0.00208158 0.00278571 0.0118559 0.00265954 0.0028569 0.00966264 0.00154015 0.00253213 0.0118559 0.00265954 0.0028569 0.0132851 0.00466757 0.0026714 0.0118559 0.00265954 0.0028569 0.0112204 0.00325932 0.00515858 0.002976 0.010311 0.00605346 0.00126161 0.0116434 0.00723613 0.00794846 0.0153104 0.00326511 0.00966264 0.016910784520482898 0.00253213 0.00794846 0.0153104 0.00326511 0.00776734 0.0163150735204829 0.0011153400000000003 0.00794846 0.0153104 0.00326511 0.00687735 0.0143408 0.00513623 0.00966264 0.00154015 0.00253213 0.00776734 0.000944439 0.00111534 0.008276 0.00645263 0.00919447 0.00817881 0.00822097 0.00753351 0.0134051 0.00505072 0.0118767 0.0132164 0.00464896 0.0142442 0.000727052 0.00813109 0.00273617 0.000256757 0.00786836 0.00497188 0.0132164 0.00464896 0.0142442 0.0119641 0.0066168 0.0141512 0.00547061 0.00220868 0.00452783 0.00390924 0.00208158 0.00278571 0.012717 0.00497249 0.00564253 0.0137817 0.00307043 0.00676854 0.012717 0.00497249 0.00564253 0.0112204 0.00325932 0.00515858 0.00760919 0.0117553 0.00983223 0.00757262 0.0105256 0.00773959 0.00757262 0.0105256 0.00773959 0.00817881 0.00822097 0.00753351 0.00899819 0.00313438 0.00595921 0.0112204 0.00325932 0.00515858 0.00140268 0.00676794 0.00759816 -0.0006241345204829 0.00741987 0.00833856 0.0123963 0.00678884 0.00680525 0.0115477 0.00659241 0.00495397 0.00200279 0.00132408 0.0126816 0.0007736119999999999 0.00264311 0.0131646 0.000890145 0.00223572 0.0102524 0.00240283 0.0008434430000000001 0.0102687 0.00872367 0.00391884 0.00886091 0.0097276 0.00238535 0.00987972 0.00614201 0.00943366 0.0120799 0.00608817 0.00820031 0.0133661 0.00904302 0.0137127 0.00310217 0.00893611 0.0127031 0.00164658 0.0134074 0.0094787 0.0127003 0.0143522 0.0101641 0.0143856 0.0079913 0.00761103 0.0143987 0.00787271 0.0090787 0.0125727 0.0127241 0.0126985 0.00758516 0.013759 0.0108389 0.00784852 0.0119203 0.00429212 0.00786969 0.012392 0.0035215 0.0102817 1.52415e-05 0.00574302 0.00951558 -0.0013130345204828999 0.00533103 0.00758861 0.00952206 0.00691311 0.000898627 0.0107403 0.0055451 0.00180551 0.0110029 0.00961298 0.00729321 0.0111879 0.00951807 0.00905958 0.00106997 0.00493477 0.00746085 -0.0013130345204828992 0.00533103 0.00758861 0.00248374 0.0151863 0.00540234 0.00185793 0.0139856 0.00720806 0.0143449 0.00874883 0.0113934 0.0150834 0.00832007 0.0133538 0.00562145 0.0141155 0.0106443 0.0048199 0.0124239 0.0116554 0.00199147 0.00806141 0.0063271 0.00404456 0.00864856 0.00752236 0.00604833 0.00253204 0.00140224 0.00714818 0.00220529 0.00322679 2.10957e-05 0.0124219 0.0128926 -0.001539934520482899 0.0113549 0.0128799 0.00441845 0.0127797 0.0136226 0.00337851 0.0136074 0.012037 0.0112451 0.00258122 0.0141094 0.0100439 0.00330211 0.0124968 0.00930259 0.0112453 0.0144407 0.00709482 0.0119501 0.0142682 0.00737449 0.00408512 0.00181528 0.00572299 0.00380241 0.00301698 0.0125201 0.000435398 0.0101814 0.0124797 0.00120012 0.0124975 0.00518597 0.00873135 0.000823127 0.00591345 0.0104097 0.000918365 0.0137511 0.0112117 0.00349255 0.0120602 0.0118554 0.00443186 0.0125126 0.0140022 0.0137814 0.0120431 0.0125817 0.0117104 0.0128927 0.0122358 0.00968693 0.0118976 0.0110956 0.00824709 0.00271385 0.0120951 0.000983228 0.00286447 0.009734 0.0011025 0.0047149 0.001044 0.000983718 0.00604833 0.00253204 0.00140224 0.0028642 0.00860811 0.00289342 0.00417548 0.00707696 0.00185079 0.00450206 0.00480361 0.0119904 0.00596783 0.00536559 0.010693 0.00402451 0.00421498 0.0051619 0.00383011 0.00460069 0.00716519 0.00892562 0.0125508 0.00432971 0.00921945 0.0119421 0.00641884 0.0132691 0.0093747 0.00311564 0.0151819 0.00983466 0.00397306 0.0142049 0.0134024 0.000882122 0.016312321520482898 0.0129901 0.00100755 0.00240649 0.00685607 0.00344709 0.00204686 0.00637336 0.00117652 0.00772678 0.00808528 0.000953171 0.00940419 0.00919532 0.00201588 0.00604833 0.00253204 0.00140224 0.00776734 0.000944439 0.00111534 0.000394765 0.00965594 0.0100309 8.435480000000003e-05 0.00995715 0.00799865 0.00812884 0.00672759 0.00191333 0.00892088 0.00514356 0.00129141 0.0141238 0.00807977 0.00377993 0.0124689 0.00812599 0.00436228 0.00650561 0.0124136 0.000884147 0.00591345 0.0104097 0.000918365 0.00935738 0.00719085 0.0025238 0.00940419 0.00919532 0.00201588 0.00154186 0.012482 0.00257877 -0.00040373452048290005 0.0129066 0.00285924 0.000969465 0.00402503 0.00960789 0.00109812 0.00349856 0.0116007 0.00433361 0.00239023 0.0146814 0.00519157 0.00363314 0.0146867 0.00983731 0.00711561 0.0129465 0.009053 0.0079031 0.0109555 0.00892562 0.0125508 0.00432971 0.00962222 0.0113023 0.00289497 0.00518597 0.00873135 0.000823127 0.00487931 0.00937461 0.00280342 0.0109612 0.0108004 0.01098 0.0120467 0.0108003 0.0126983 0.0012251 0.0115874 0.0109257 0.00177003 0.0106641 0.00911158 0.0148598 0.00183155 0.00485025 0.0137817 0.00307043 0.00676854 0.0121463 0.00672581 0.0027741 0.0132851 0.00466757 0.0026714 0.0013163 0.00973301 0.0144238 -0.00028723452048289824 0.00832007 0.0133538 0.00944696 0.00479737 0.00514464 0.00855338 0.00550281 0.00613339 0.0110664 0.00219539 0.0112643 0.010716 0.00023297200000000013 0.0115652 0.00623783 0.0100748 0.0135859 0.0068171 0.0116391 0.0119993 0.0106765 0.0141214 0.00590043 0.0123128 0.0136301 0.00500719 0.0105733 0.0125735 0.00526755 0.0106021 0.0130877 0.00764289 0.010716 0.000232972 0.0115652 0.00982367 -0.0003579345204828985 0.0133574 0.00250635 0.00565612 0.0063415 0.00140268 0.00676794 0.00759816 0.00106997 0.00493477 0.00746085 0.00232622 0.00341988 0.00624313 0.0121463 0.00672581 0.0027741 0.0107403 0.0055451 0.00180551 0.00487931 0.00937461 0.00280342 0.00417548 0.00707696 0.00185079 0.0132691 0.00322139 0.00440678 0.0137817 0.00307043 0.00676854 0.0135203 0.00288739 0.00207765 0.0141921 0.0016198 0.00281419 0.00572299 0.00380241 0.00301698 0.00670747 0.00583542 0.00290594 0.0131829 0.00249219 0.0143918 0.0124797 0.00120012 0.0124975 0.0106344 0.00516889 0.00633136 0.0115477 0.00659241 0.00495397 0.000439146 0.0110944 0.0134521 0.0013163 0.00973301 0.0144238 0.0149452 0.00631236 0.0144022 0.0132164 0.00464896 0.0142442 0.000887498 0.00319027 0.00397745 0.000595232 0.00442376 0.00558026 0.0149452 0.00631236 0.0144022 0.0168817545204829 0.00661975 0.013202 0.00253931 0.00484977 0.0121283 0.00109812 0.00349856 0.0116007 0.0106344 0.00516889 0.00633136 0.0112204 0.00325932 0.00515858 0.00240649 0.00685607 0.00344709 0.00417548 0.00707696 0.00185079 0.00591345 0.0104097 0.000918365 0.00487931 0.00937461 0.00280342 0.0119734 0.000960034 0.00193928 0.011736 0.00066532 0.00405254 0.0100237 0.00090997 0.00807165 0.0106653 0.000433149 0.0097738 0.0127233 0.00079723 0.00738357 0.0127724 0.00169191 0.00554587 0.00846184 0.00490389 0.0126128 0.00781705 0.00683899 0.0126454 0.0121463 0.00672581 0.0027741 0.0124689 0.00812599 0.00436228 0.0132174 0.0116445 0.00633496 0.0147426 0.012606 0.00667052 0.0138307 0.0113549 0.0128799 0.015169 0.0101144 0.011814 0.0125201 0.000435398 0.0101814 0.0114087 -0.0015565345204828999 0.00980987 0.00247022 0.003927 0.0083815 0.0026326 0.00369939 0.0105278 0.00790977 0.0005545 0.00657309 0.00687735 -0.001029834520482898 0.00513623 0.0100439 0.00330211 0.0124968 0.00864119 0.00172406 0.011622 0.00888094 0.000740739 0.0093095 0.00906508 0.00223346 0.00795407 0.00204686 0.00637336 0.00117652 0.000727052 0.00813109 0.00273617 0.0007164 0.000291917 0.00791993 0.00139906 0.0022093 0.00850697 0.00837038 0.00561283 0.0045936 0.00855338 0.00550281 0.00613339 0.00204686 0.00637336 0.00117652 0.00358764 0.0043882 0.00196482 0.010236 0.00840283 0.00599713 0.00817881 0.00822097 0.00753351 0.00983731 0.00711561 0.0129465 0.00988032 0.00569896 0.0111818 0.0144285 0.00342394 0.0130015 0.0161492775204829 0.0044607 0.0142257 0.014513 0.00303612 0.00319182 0.0141921 0.0016198 0.00281419 0.0151635 0.00648948 0.0120217 0.0134051 0.00505072 0.0118767 0.00781705 0.00683899 0.0126454 0.009053 0.0079031 0.0109555 0.0014993 0.0125015 0.0126506 0.00239349 0.0136902 0.0136603 0.000544785 0.0137134 0.00885746 0.00088105 0.0150072 0.0105034 0.00801103 0.00791742 0.00315793 0.00616535 0.00772151 0.00208443 0.0141238 0.00807977 0.00377993 0.0138481 0.00660686 0.00474022 0.00999947 0.0108406 0.00787277 0.00951329 0.0100961 0.00974049 0.00177003 0.0106641 0.00911158 8.435480000000008e-05 0.00995715 0.00799865 0.0065924 0.00527887 0.0125227 0.00729414 0.00333063 0.0124551 0.0120355 0.013347 0.00068661 0.0127752 0.0139847 0.00230137 0.00527292 0.00713916 0.00961492 0.00300831 0.00642562 0.010603 0.00211998 0.0109038 0.0130038 0.00423907 0.0107346 0.0139761 0.00524774 0.0125483 0.00962598 0.0048199 0.0124239 0.0116554 0.010898 0.0143746 0.00316433 0.0127752 0.0139847 0.00230137 0.00446207 0.000609924 0.00765116 0.00492007 0.000441801 0.00580023 0.0128927 0.0122358 0.00968693 0.0127241 0.0126985 0.00758516 0.00688462 0.00627852 0.00651933 0.00577495 0.00516388 0.00766243 0.00999947 0.0108406 0.00787277 0.0111879 0.00951807 0.00905958 0.0127724 0.00169191 0.00554587 0.0108315 0.00063707 0.00626549 0.0137968 0.00708503 0.0105313 0.0113986 0.00787863 0.0104791 0.00872676 0.0148175 0.0113207 0.00864119 0.0170946945204829 0.011622 0.00915807 0.00328766 0.000934924 0.00966264 0.00154015 0.00253213 0.00512241 0.0142025 0.0125249 0.0048199 0.0124239 0.0116554 0.00512251 0.00157736 0.0126485 0.00647566 0.00104766 0.0108102 0.00365581 0.0111931 0.00410831 0.00542242 0.0116958 0.00257056 0.00451682 0.000645025 0.0146578 0.00599052 -8.123452048289974e-05 0.0138492 0.00358557 0.00806951 0.00525681 0.00404456 0.00864856 0.00752236 0.00098502 0.0053282 0.0111163 0.00300831 0.00642562 0.010603 0.0124835 0.0087772 0.00175103 0.0111815 0.00982975 0.000890611 0.00695671 0.00474392 0.00905735 0.00596783 0.00536559 0.010693 0.00672295 0.000346097 0.0087875 0.00757315 -0.0012311345204828999 0.00982918 0.000257004 0.0148446 0.000978732 -0.0017413345204828987 0.0151931 0.000883264 0.0014993 0.0125015 0.0126506 0.000769681 0.0133036 0.0139116 0.00574114 0.00670103 0.000719644 0.00616535 0.00772151 0.00208443 0.00901365 0.00584643 0.0138838 0.00983731 0.00711561 0.0129465 0.0147206 0.0139046 0.0127193 0.015391730220482899 0.0124219 0.0128926 0.0103195 0.0129423 0.0135931 0.0120431 0.0125817 0.0117104 0.0108709 0.0145836 0.0146587 0.0103195 0.0129423 0.0135931 0.0127506 0.0149793 0.00864884 0.0125201 0.015806032520482897 0.0101814 0.0123963 0.00678884 0.00680525 0.0140576 0.00533103 0.00758861 2.10957e-05 0.0124219 0.0128926 -0.0006462345204828983 0.0118431 0.011367 0.00464623 0.00358161 0.000637897 0.00604833 0.00253204 0.00140224 0.000154844 0.00109198 0.0119181 -0.0008545345204828981 0.00101532 0.00961945 0.00857401 0.0138082 0.00644255 0.00756921 0.0122723 0.00560177 0.00714818 0.00220529 0.00322679 0.00794846 -6.023452048289956e-05 0.00326511 0.000394765 0.00965594 0.0100309 0.000519877 0.00761316 0.010058 0.00365903 0.00848651 0.0109622 0.00349408 0.00984074 0.0121777 0.0106884 0.0107356 0.00604621 0.010236 0.00840283 0.00599713 0.00247022 0.003927 0.0083815 0.00139906 0.0022093 0.00850697 0.00604833 0.00253204 0.00140224 0.00572299 0.00380241 0.00301698 0.00751657 0.0133117 0.00783416 0.00857401 0.0138082 0.00644255 0.00456288 0.00532131 0.0036275 0.00670747 0.00583542 0.00290594 0.00133145 0.00697416 0.0113659 0.00251217 0.00823778 0.0121972 0.00717064 0.00382324 0.00437199 0.00547061 0.00220868 0.00452783 0.000257004 0.0148446 0.000978732 -0.0011657345204828997 0.0134024 0.000882122 0.000518752 0.00218991 0.00672875 -0.0015889345204829009 0.00307043 0.00676854 0.000885436 0.00966532 0.00602013 8.435479999999997e-05 0.00995715 0.00799865 0.00450206 0.00480361 0.0119904 0.00521796 0.00515041 0.0138533 0.00864237 0.0106469 0.0113334 0.00730094 0.00931706 0.010022 0.00885009 0.00379943 0.0110525 0.0097276 0.00238535 0.00987972 0.0151499 0.0117645 0.0146206 0.0145371 0.0134171 0.0143886 1.52415e-05 0.00574302 0.00951558 0.000519877 0.00761316 0.010058 0.0148072 0.0143992 0.00983163 0.0145161 0.0163859545204829 0.00961945 8.10685e-05 0.00346276 0.00800281 -0.001313034520482899 0.00533103 0.00758861 0.0138968 0.00243653 0.0114075 0.0145161 0.00101532 0.00961945 0.000439146 0.0110944 0.0134521 0.00100069 0.00971544 0.0128179 1.52415e-05 0.00574302 0.00951558 -0.0005527345204828997 0.00401886 0.0106743 0.0124435 0.0146398 0.0116824 0.0114087 0.0138141 0.00980987 0.00355315 0.0144407 0.00649175 0.00358932 0.0124559 0.00693932 0.008276 0.00645263 0.00919447 0.00988032 0.00569896 0.0111818 0.00360533 0.00803064 0.00957249 0.00352808 0.00641109 0.00817625 0.0147206 0.0139046 0.0127193 0.0142658 0.0148428 0.0112978 0.00809682 0.0118118 0.00060256 0.00968778 0.0110666 0.000939472 0.0109612 0.0108004 0.01098 0.00951329 0.0100961 0.00974049 0.00365581 0.0111931 0.00410831 0.00259572 0.0131113 0.00478786 0.00589282 0.0104346 0.00926257 0.00606834 0.00901907 0.00820549 0.00906508 0.00223346 0.00795407 0.0097276 0.00238535 0.00987972 0.0104494 0.0041918 0.00970165 0.0119203 0.00429212 0.00786969 0.0120908 0.00355286 0.0127108 0.0124797 0.0012001200000000003 0.0124975 0.0111058 0.015098 0.00812776 0.0114463 0.0174477445204829 0.00861686 0.000969465 0.00402503 0.00960789 0.00139906 0.0022093 0.00850697 0.00946706 0.00689528 0.0146936 0.00983731 0.00711561 0.0129465 0.00319117 0.000773919 0.00404224 0.00248374 -0.00018433452048289905 0.00540234 0.00625872 0.00230596 0.00867378 0.00541196 0.00333014 0.00665278 0.00365903 0.00848651 0.0109622 0.00300831 0.00642562 0.010603 0.000595232 0.00442376 0.00558026 0.00106997 0.00493477 0.00746085 0.00206314 0.0089518 0.00458818 0.000727052 0.00813109 0.00273617 0.0139297 0.00441449 0.000810209 0.015726500520482897 0.00506505 0.00096501 0.000885436 0.00966532 0.00602013 -0.0011663345204828996 0.00878106 0.00656703 0.0106884 0.0107356 0.00604621 0.0128722 0.0100815 0.00515816 0.000769681 0.0133036 0.0139116 0.000977121 0.0145399 0.0126192 0.0108772 0.0129161 0.00181871 0.00959524 0.0147618 0.00155384 0.00983731 0.00711561 0.0129465 0.0102956 0.00903363 0.0124232 0.0149452 0.00631236 0.0144022 0.0150834 0.00832007 0.0133538 0.00717064 0.00382324 0.00437199 0.00859229 0.00485768 0.00319335 0.00446207 0.000609924 0.00765116 0.00255816 0.00114621 0.00710047 0.0138307 0.0113549 0.0128799 0.0129113 0.0106478 0.0110132 0.00547909 0.00680481 0.011901 0.00527292 0.00713916 0.00961492 0.0007164 0.000291917 0.00791993 -0.0008545345204828994 0.00101532 0.00961945 0.0143213 0.013037 0.0102118 0.0145569 0.01125 0.00958401 0.00154186 0.012482 0.00257877 0.000941687 0.0129901 0.00100755 0.0151327 0.00115563 0.0017419 0.0156276385204829 -0.0005260345204828993 0.000978732 0.0117349 0.0129254 0.00322802 0.0127752 0.0139847 0.00230137 0.00577495 0.00516388 0.00766243 0.00383011 0.00460069 0.00716519 0.0120181 0.00811492 0.0125764 0.0128459 0.00868162 0.0144002 0.00985779 0.00815529 0.00388315 0.00873277 0.00988291 0.00393572 0.0143449 0.00874883 0.0113934 0.0134074 0.0094787 0.0127003 0.0120602 0.0118554 0.00443186 0.0106617 0.0102324 0.00420182 0.00670849 0.000866951 0.0051779 0.00492007 0.000441801 0.00580023 0.0147426 0.012606 0.00667052 0.0158488575204829 0.0143084 0.00535659 0.00490533 0.00069221 0.00926079 0.00625872 0.00230596 0.00867378 0.00440735 0.00171469 0.00676586 0.00603778 0.00111112 0.00717034 0.0147426 0.012606 0.00667052 0.0159670455204829 0.0117735 0.00480197 0.00161236 0.00169672 0.00526334 0.00248374 -0.0001843345204828998 0.00540234 0.0106765 0.0141214 0.00590043 0.0106021 0.0130877 0.00764289 0.010716 0.000232972 0.0115652 0.00872676 -0.000553134520482898 0.0113207 0.0127233 0.00079723 0.00738357 0.0111058 -0.0002726345204828983 0.00812776 0.00327322 0.000392376 0.00893675 0.00255816 0.00114621 0.00710047 0.00651834 0.00687967 0.00795518 0.00488582 0.00666235 0.00631211 0.014513 0.00303612 0.00319182 0.0132851 0.00466757 0.0026714 0.0014993 0.0125015 0.0126506 0.00184032 0.0120793 0.0144747 0.0145569 0.01125 0.00958401 0.0157653995204829 0.00965594 0.0100309 0.00983731 0.00711561 0.0129465 0.00781705 0.00683899 0.0126454 0.0106653 0.000433149 0.0097738 0.0097276 0.00238535 0.00987972 0.014849 0.00153167 0.014381 0.0161442465204829 0.00264311 0.0131646 0.00331565 0.0101723 0.00853776 0.00194235 0.00933517 0.00774063 0.0013163 0.00973301 0.0144238 0.00258171 0.00802324 0.0144181 0.00140595 0.0016411 0.0145374 0.00291999 0.00322739 0.0144818 0.00413295 0.0147811 0.00445143 0.00259572 0.0131113 0.00478786 0.0127752 0.0139847 0.00230137 0.0136293 0.0151931 0.0008832639999999999 0.0013163 0.00973301 0.0144238 0.00211998 0.0109038 0.0130038 0.00088105 0.0150072 0.0105034 0.000977121 0.0145399 0.0126192 0.00702218 0.00933933 0.00230049 0.00940419 0.00919532 0.00201588 0.00537116 0.00290926 0.0111914 0.00332749 0.00282902 0.0123916 0.00253931 0.00484977 0.0121283 0.00368541 0.00648051 0.0125803 0.00294313 0.00540802 0.00424802 0.00402451 0.00421498 0.0051619 0.0109111 0.00425955 0.000707616 0.0109118 0.00251323 0.000948249 0.00785891 0.00232456 0.00962299 0.00906508 0.00223346 0.00795407 0.0100439 0.00330211 0.0124968 0.00854676 0.00257448 0.0136897 0.0131996 0.00924544 0.000649426 0.0141363 0.00826352 0.00175616 0.00456288 0.00532131 0.0036275 0.00572299 0.00380241 0.00301698 0.0151819 0.00983466 0.00397306 0.0160976865204829 0.00813109 0.00273617 0.00901365 0.00584643 0.0138838 0.0107363 0.00464063 0.0140857 0.00286447 0.009734 0.0011025 0.00487931 0.00937461 0.00280342 0.014513 0.00303612 0.00319182 0.0162581325204829 0.00319027 0.00397745 0.00509822 0.0110078 0.00640293 0.002976 0.010311 0.00605346 0.00213613 0.00532787 0.00279534 0.00294313 0.00540802 0.00424802 0.00747248 0.00193563 0.00762142 0.00790977 0.0005545000000000001 0.00657309 0.0144285 0.00342394 0.0130015 0.0131829 0.00249219 0.0143918 0.0109111 0.00425955 0.000707616 0.0123629 0.00535672 0.000884611 0.00337851 0.0136074 0.012037 0.0041845 0.0156414225204829 0.0112352 0.0102956 0.00903363 0.0124232 0.00787271 0.0090787 0.0125727 0.00973482 0.00826854 0.00897179 0.008276 0.00645263 0.00919447 0.00440958 0.0143626 0.0145282 0.00512241 0.0142025 0.0125249 0.00200279 0.00132408 0.0126816 0.00332749 0.00282902 0.0123916 0.0148179 0.00401886 0.0106743 0.016355654520482897 0.0053282 0.0111163 2.10957e-05 0.0124219 0.0128926 0.000769681 0.0133036 0.0139116 0.0109111 0.00425955 0.000707616 0.012526 0.00349482 0.000923494 0.0128459 0.00868162 0.0144002 0.0119641 0.0066168 0.0141512 8.43548e-05 0.00995715 0.00799865 -0.0016541345204828999 0.00929045 0.00956968 0.00368541 0.00648051 0.0125803 0.00151112 0.00661975 0.013202 0.00501008 0.00690803 0.0134989 0.00521796 0.00515041 0.0138533 0.00552444 0.0108269 0.00453722 0.00723472 0.0109701 0.00343743 0.00251217 0.00823778 0.0121972 0.00368541 0.00648051 0.0125803 0.0103888 0.0118671 0.00947094 0.00874637 0.0122671 0.00818002 0.0120908 0.00355286 0.0127108 0.0100439 0.00330211 0.0124968 0.00562145 0.0141155 0.0106443 0.00357887 0.0134538 0.0101713 0.00982367 0.0150127 0.0133574 0.00999666 0.016707954520482897 0.0146069 0.0138481 0.00660686 0.00474022 0.0124689 0.00812599 0.00436228 0.00383011 0.00460069 0.00716519 0.00386171 0.00270794 0.00802837 0.0047149 0.001044 0.000983718 0.0032663 0.00252057 0.000871886 0.00518597 0.00873135 0.000823127 0.00616535 0.00772151 0.00208443 0.00154186 0.012482 0.00257877 0.00125962 0.014085 0.00337117 0.0127506 0.0149793 0.00864884 0.0114087 0.0138141 0.00980987 0.00501008 0.00690803 0.0134989 0.00452008 0.00844254 0.0144932 0.0090967 0.0152193 0.0051464 0.00996983 0.0169952045204829 0.00463433 0.00831433 0.000220829 0.0128202 0.00703731 0.00147038 0.0130426 0.00577495 0.00516388 0.00766243 0.00760515 0.0042274 0.00728987 0.00841092 0.00959626 0.0058444 0.00757262 0.0105256 0.00773959 0.00562145 0.0141155 0.0106443 0.00695371 0.0147786 0.0122093 0.00608817 0.00820031 0.0133661 0.00547909 0.00680481 0.011901 0.00886412 0.00308307 0.00375224 0.00996983 0.00162457 0.00463433 0.00688329 0.00340692 0.0143901 0.00538342 0.0034238 0.0130372 0.00202257 0.0139033 0.0111178 0.00357887 0.0134538 0.0101713 0.00132069 0.000897655 0.00340791 -0.0005108345204828991 0.00183155 0.00485025 0.0141921 0.0016198 0.00281419 0.0148598 0.00183155 0.00485025 0.0141259 0.00608338 0.000968971 0.0132851 0.00466757 0.0026714 0.000544785 0.0137134 0.00885746 0.0007164 0.015662551520482897 0.00791993 0.0106617 0.0102324 0.00420182 0.0128722 0.0100815 0.00515816 0.0119348 0.00572724 0.0104921 0.012392 0.0035215 0.0102817 0.00487931 0.00937461 0.00280342 0.00676824 0.0091283 0.00445074 0.0142049 0.0134024 0.000882122 0.0127752 0.0139847 0.00230137 0.00772678 0.00808528 0.000953171 0.00952206 0.00691311 0.000898627 0.0139239 0.0132632 0.0116239 0.0120431 0.0125817 0.0117104 0.0119348 0.00572724 0.0104921 0.0137968 0.00708503 0.0105313 0.0047149 0.001044 0.000983718 0.0055355 0.00025503099999999996 0.0029715 0.0117349 0.0129254 0.00322802 0.0118046 0.0110655 0.00245696 0.0132174 0.0116445 0.00633496 0.013759 0.0108389 0.00784852 0.0143522 0.0101641 0.0143856 0.0128459 0.00868162 0.0144002 0.014513 0.00303612 0.00319182 0.0148598 0.00183155 0.00485025 0.0143449 0.00874883 0.0113934 0.0137165 0.00929045 0.00956968 0.0120181 0.00811492 0.0125764 0.0136472 0.006821 0.0130219 0.00379715 0.00221146 0.0103515 0.00490533 0.00069221 0.00926079 0.0152694 0.0114629 0.000730223 0.016312321520482898 0.0129901 0.00100755 0.00210729 0.00779943 0.00900949 0.00300831 0.00642562 0.010603 0.00194235 0.00933517 0.00774063 0.0008854360000000001 0.00966532 0.00602013 0.000449221 0.0133317 0.0111781 -0.0011048345204828984 0.0148428 0.0112978 0.00603778 0.00111112 0.00717034 0.00541196 0.0033301400000000005 0.00665278 0.00365903 0.00848651 0.0109622 0.00453691 0.00942341 0.00954167 0.00202257 0.0139033 0.0111178 0.000977121 0.0145399 0.0126192 0.0134074 0.0094787 0.0127003 0.015169 0.0101144 0.011814 0.00450206 0.00480361 0.0119904 0.00332749 0.00282902 0.0123916 0.000941687 0.0129901 0.00100755 -0.0004037345204828993 0.0129066 0.00285924 0.013759 0.0108389 0.00784852 0.0137165 0.00929045 0.00956968 0.00985779 0.00815529 0.00388315 0.00964616 0.00644989 0.00520181 0.00562145 0.0141155 0.0106443 0.00757315 0.0141395 0.00982918 0.00730094 0.00931706 0.010022 0.00757262 0.0105256 0.00773959 0.000595232 0.00442376 0.00558026 0.00015027599999999997 0.00624099 0.00629367 0.00815764 0.00155739 0.00468163 0.0090967 -0.00015133452048289977 0.0051464 0.00973482 0.00826854 0.00897179 0.0113986 0.00787863 0.0104791 0.00854676 0.00257448 0.0136897 0.00999666 0.00133732 0.0146069 0.00757315 0.0141395 0.00982918 0.00872676 0.0148175 0.0113207 0.0151635 0.00648948 0.0120217 0.0150834 0.00832007 0.0133538 0.0102279 0.0128672 0.00336011 0.0117349 0.0129254 0.00322802 0.00606834 0.00901907 0.00820549 0.00817881 0.00822097 0.00753351 0.00672295 0.000346097 0.0087875 0.00625872 0.00230596 0.00867378 1.52415e-05 0.00574302 0.00951558 -0.0015738345204829001 0.00708503 0.0105313 0.0126317 0.00700878 0.00871286 0.0113986 0.00787863 0.0104791 0.000518752 0.00218991 0.00672875 0.00255816 0.00114621 0.00710047 0.00520413 0.0128654 0.00795112 0.00470948 0.0111967 0.008307 0.0151819 0.00983466 0.00397306 0.0171922345204829 0.0105733 0.00310661 0.00255816 0.00114621 0.00710047 0.00185793 -0.0013850345204828984 0.00720806 0.00562145 0.0141155 0.0106443 0.00462761 0.014216 0.00872348 0.00154186 0.012482 0.00257877 0.00121268 0.0113235 0.00138436 0.0131778 0.00166347 0.000956286 0.0151889 0.00300748 0.00131104 0.00606834 0.00901907 0.00820549 0.00453691 0.00942341 0.00954167 0.014561 0.00517853 0.00553652 0.0140576 0.00533103 0.00758861 0.00999621 0.0109642 0.0126444 0.0120467 0.0108003 0.0126983 0.00999947 0.0108406 0.00787277 0.0106021 0.0130877 0.00764289 0.01105 0.00419438 0.0114617 0.0104494 0.0041918 0.00970165 0.00552444 0.0108269 0.00453722 0.00487931 0.00937461 0.00280342 0.0143213 0.013037 0.0102118 0.0158198555204829 0.0133317 0.0111781 0.00501401 0.00925255 0.00568857 0.00552444 0.0108269 0.00453722 0.0139239 0.0132632 0.0116239 0.0158198555204829 0.0133317 0.0111781 0.0137511 0.0112117 0.00349255 0.0151819 0.00983466 0.00397306 0.0146976 0.0107951 0.00618344 0.0154549893204829 0.00995715 0.00799865 0.00501401 0.00925255 0.00568857 0.0066216 0.0078737 0.00612172 0.0142658 0.0148428 0.0112978 0.0145161 0.0163859545204829 0.00961945 0.00577495 0.00516388 0.00766243 0.00429788 0.00460278 0.00953474 0.000885436 0.00966532 0.00602013 0.00126161 0.0116434 0.00723613 0.0128927 0.0122358 0.00968693 0.0129113 0.0106478 0.0110132 0.00501401 0.00925255 0.00568857 0.002976 0.010311 0.00605346 0.00200279 0.00132408 0.0126816 0.0001548439999999999 0.00109198 0.0119181 0.0143449 0.00874883 0.0113934 0.0161744875204829 0.00855083 0.0115832 0.00885009 0.00379943 0.0110525 0.0104494 0.0041918 0.00970165 0.00365903 0.00848651 0.0109622 0.00435341 0.00823317 0.0126542 0.00185793 0.0139856 0.00720806 0.00259572 0.0131113 0.00478786 0.015169 0.0101144 0.011814 0.0150834 0.00832007 0.0133538 0.00534896 0.0085551 0.0110848 0.00730094 0.00931706 0.010022 0.0123128 0.0136301 0.00500719 0.0105733 0.0125735 0.00526755 0.00455226 0.00648969 0.0147271 0.00638442 0.00655959 0.014431 0.00269748 0.00373721 0.00383797 0.00390924 0.00208158 0.00278571 0.0132691 0.0093747 0.00311564 0.0118046 0.0110655 0.00245696 0.00383011 0.00460069 0.00716519 0.00429788 0.00460278 0.00953474 0.0131483 0.0128473 0.00355844 0.0123128 0.0136301 0.00500719 0.0132691 0.00322139 0.00440678 0.0132851 0.00466757 0.0026714 0.00815764 0.00155739 0.00468163 0.00790977 0.0005544999999999999 0.00657309 0.0118976 0.0110956 0.00824709 0.0103888 0.0118671 0.00947094 0.00452008 0.00844254 0.0144932 0.00423907 0.0107346 0.0139761 0.00360533 0.00803064 0.00957249 0.00404456 0.00864856 0.00752236 0.0143573 0.0127819 0.00851817 0.013759 0.0108389 0.00784852 0.00453691 0.00942341 0.00954167 0.00527292 0.00713916 0.00961492 0.0117285 0.0120384 0.00640567 0.0132174 0.0116445 0.00633496 0.00973482 0.00826854 0.00897179 0.0106172 0.0061586 0.00884653 0.000596411 0.0117735 0.00480197 0.00126161 0.0116434 0.00723613 0.0144691 0.0152824 0.00250948 0.0127752 0.0139847 0.00230137 0.00714818 0.00220529 0.00322679 0.00572299 0.00380241 0.00301698 0.0141921 0.0016198 0.00281419 0.0144691 -8.823452048289872e-05 0.00250948 0.00900278 0.0131608 0.00991587 0.0103888 0.0118671 0.00947094 0.0152694 0.0114629 0.000730223 0.0136468 0.0117768 0.00161815 0.00088105 0.0150072 0.0105034 -0.0011048345204828984 0.0148428 0.0112978 0.00603778 0.00111112 0.00717034 0.00790977 0.0005545 0.00657309 0.00688462 0.00627852 0.00651933 0.00488582 0.00666235 0.00631211 0.00464623 0.00358161 0.000637897 0.0032663 0.00252057 0.000871886 0.00999621 0.0109642 0.0126444 0.00878013 0.0126694 0.0120224 0.000887498 0.00319027 0.00397745 0.00132069 0.0008976550000000002 0.00340791 0.00251217 0.00823778 0.0121972 0.002086 0.00987322 0.0108939 0.00729414 0.00333063 0.0124551 0.00864119 0.00172406 0.011622 0.00757315 0.0141395 0.00982918 0.00760919 0.0117553 0.00983223 0.00803572 0.00260863 0.00192811 0.00966264 0.00154015 0.00253213 0.0120908 0.00355286 0.0127108 0.012392 0.0035215 0.0102817 0.00962222 0.0113023 0.00289497 0.00940419 0.00919532 0.00201588 0.0139297 0.00441449 0.000810209 0.0123629 0.00535672 0.000884611 0.000887498 0.00319027 0.00397745 0.00161236 0.00169672 0.00526334 0.00707059 0.0141062 0.00170009 0.00776734 0.0163150735204829 0.00111534 0.00538559 0.0145562 0.00093035 0.0055355 0.015625665520482897 0.0029715 0.00518597 0.00873135 0.000823127 0.00417548 0.00707696 0.0018507899999999997 0.00881584 0.0110499 0.00511223 0.00756921 0.0122723 0.00560177 0.00703731 0.00147038 0.0130426 0.00647566 0.00104766 0.0108102 0.00470948 0.0111967 0.008307 0.00453691 0.00942341 0.00954167 0.014561 0.00517853 0.00553652 0.0138481 0.00660686 0.00474022 0.00885009 0.00379943 0.0110525 0.00729414 0.00333063 0.0124551 0.00604833 0.00253204 0.00140224 0.00737449 0.00408512 0.00181528 0.0151499 0.0117645 0.0146206 0.0143522 0.0101641 0.0143856 0.000596411 0.0117735 0.00480197 0.000478223 0.0143084 0.00535659 0.00200279 0.00132408 0.0126816 0.00318155 0.0014035 0.0139873 0.00651834 0.00687967 0.00795518 0.0066216 0.0078737 0.00612172 0.00253931 0.00484977 0.0121283 0.00151112 0.00661975 0.013202 0.0146976 0.0107951 0.00618344 0.016632244520482897 0.0116434 0.00723613 0.0134074 0.0094787 0.0127003 0.0129113 0.0106478 0.0110132 0.00885009 0.00379943 0.0110525 0.00872367 0.00391884 0.00886091 0.00787271 0.0090787 0.0125727 0.00730094 0.00931706 0.010022 0.00591345 0.0104097 0.000918365 0.00702218 0.00933933 0.00230049 0.00951329 0.0100961 0.00974049 0.00730094 0.00931706 0.010022 0.00247022 0.003927 0.0083815 0.00429788 0.00460278 0.00953474 0.00576113 0.00496984 0.00514114 0.00541196 0.00333014 0.00665278 0.0060172 0.0129855 0.0130881 0.0048199 0.0124239 0.0116554 0.00737449 0.00408512 0.00181528 0.00915807 0.00328766 0.000934924 0.00732712 0.00481976 0.00574086 0.00700269 0.00639403 0.00492724 0.0048199 0.0124239 0.0116554 0.00357887 0.0134538 0.0101713 0.0090967 0.0152193 0.0051464 0.00687735 0.0143408 0.00513623 0.00670849 0.000866951 0.0051779 0.00790977 0.0005545 0.00657309 0.00441845 0.0127797 0.0136226 0.0048199 0.0124239 0.0116554 0.00344209 0.0149641 0.00780268 0.0022856 0.0145082 0.00925216 0.00088105 0.0150072 0.0105034 -0.0008545345204828982 0.0163859545204829 0.00961945 0.00599052 0.0152894 0.0138492 0.00703731 0.0168410145204829 0.0130426 0.00864237 0.0106469 0.0113334 0.00878013 0.0126694 0.0120224</DataArray>
</Points><Lines>
<DataArray type="Int64" Name="connectivity" format="ascii">0 1 2 3 4 5 6 7 8 9 10 11 12 13 14 15 16 17 18 19 20 21 22 23 24 25 26 27 28 29 30 31 32 33 34 35 36 37 38 39 40 41 42 43 44 45 46 47 48 49 50 51 52 53 54 55 56 57 58 59 60 61 62 63 64 65 66 67 68 69 70 71 72 73 74 75 76 77 78 79 80 81 82 83 84 85 86 87 88 89 90 91 92 93 94 95 96 97 98 99 100 101 102 103 104 105 106 107 108 109 110 111 112 113 114 115 116 117 118 119 120 121 122 123 124 125 126 127 128 129 130 131 132 133 134 135 136 137 138 139 140 141 142 143 144 145 146 147 148 149 150 151 152 153 154 155 156 157 158 159 160 161 162 163 164 165 166 167 168 169 170 171 172 173 174 175 176 177 178 179 180 181 182 183 184 185 186 187 188 189 190 191 192 193 194 195 196 197 198 199 200 201 202 203 204 205 206 207 208 209 210 211 212 213 214 215 216 217 218 219 220 221 222 223 224 225 226 227 228 229 230 231 232 233 234 235 236 237 238 239 240 241 242 243 244 245 246 247 248 249 250 251 252 253 254 255 256 257 258 259 260 261 262 263 264 265 266 267 268 269 270 271 272 273 274 275 276 277 278 279 280 281 282 283 284 285 286 287 288 289 290 291 292 293 294 295 296 297 298 299 300 301 302 303 304 305 306 307 308 309 310 311 312 313 314 315 316 317 318 319 320 321 322 323 324 325 326 327 328 329 330 331 332 333 334 335 336 337 338 339 340 341 342 343 344 345 346 347 348 349 350 351 352 353 354 355 356 357 358 359 360 361 362 363 364 365 366 367 368 369 370 371 372 373 374 375 376 377 378 379 380 381 382 383 384 385 386 387 388 389 390 391 392 393 394 395 396 397 398 399 400 401 402 403 404 405 406 407 408 409 410 411 412 413 414 415 416 417 418 419 420 421 422 423 424 425 426 427 428 429 430 431 432 433 434 435 436 437 438 439 440 441 442 443 444 445 446 447 448 449 450 451 452 453 454 455 456 457 458 459 460 461 462 463 464 465 466 467 468 469 470 471 472 473 474 475 476 477 478 479 480 481 482 483 484 485 486 487 488 489 490 491 492 493 494 495 496 497 498 499 500 501 502 503 504 505 506 507 508 509 510 511 512 513 514 515 516 517 518 519 520 521 522 523 524 525 526 527 528 529 530 531 532 533 534 535 536 537 538 539 540 541 542 543 544 545 546 547 548 549 550 551 552 553 554 555 556 557 558 559 560 561 562 563 564 565 566 567 568 569 570 571 572 573 574 575 576 577 578 579 580 581 582 583 584 585 586 587 588 589 590 591 592 593 594 595 596 597 598 599 600 601 602 603 604 605 606 607 608 609 610 611 612 613 614 615 616 617 618 619 620 621 622 623 624 625 626 627 628 629 630 631 632 633 634 635 636 637 638 639 640 641 642 643 644 645 646 647 648 649 650 651 652 653 654 655 656 657 658 659 660 661 662 663 664 665 666 667 668 669 670 671 672 673 674 675 676 677 678 679 680 681 682 683 684 685 686 687 688 689 690 691 692 693 694 695 696 697 698 699 700 701 702 703 704 705 706 707 708 709 710 711 712 713 714 715 716 717 718 719 720 721 722 723 724 725 726 727 728 729 730 731 732 733 734 735 736 737 738 739 740 741 742 743 744 745 746 747 748 749 750 751 752 753 754 755 756 757 758 759 760 761 762 763 764 765 766 767 768 769 770 771 772 773 774 775 776 777 778 779 780 781 782 783 784 785 786 787 788 789 790 791 792 793 794 795 796 797 798 799 800 801 802 803 804 805 806 807 808 809 810 811 812 813 814 815 816 817 818 819 820 821 822 823 824 825 826 827 828 829 830 831 832 833 834 835 836 837 838 839 840 841 842 843 844 845 846 847 848 849 850 851 852 853 854 855 856 857 858 859 860 861 862 863 864 865 866 867 868 869 870 871 872 873 874 875 876 877 878 879 880 881 882 883 884 885 886 887 888 889 890 891 892 893 894 895 896 897 898 899 900 901 902 903 904 905 906 907 908 909 910 911 912 913 914 915 916 917 918 919 920 921 922 923 924 925 926 927 928 929 930 931 932 933 934 935 936 937 938 939 940 941 942 943 944 945 946 947 948 949 950 951 952 953 954 955 956 957 958 959 960 961 962 963 964 965 966 967 968 969 970 971 972 973 974 975 976 977 978 979 980 981 982 983 984 985 986 987 988 989 990 991 992 993 994 995 996 997 998 999 1000 1001 1002 1003 1004 1005 1006 1007 1008 1009 1010 1011 1012 1013 1014 1015 1016 1017 1018 1019 1020 1021 1022 1023 1024 1025 1026 1027 1028 1029 1030 1031 1032 1033 1034 1035 1036 1037 1038 1039 1040 1041 1042 1043 1044 1045 1046 1047 1048 1049 1050 1051 1052 1053 1054 1055 1056 1057 1058 1059 1060 1061 1062 1063 1064 1065 1066 1067 1068 1069 1070 1071 1072 1073 1074 1075 1076 1077 1078 1079 1080 1081 1082 1083 1084 1085 1086 1087 1088 1089 1090 1091 1092 1093 1094 1095 1096 1097 1098 1099 1100 1101 1102 1103 1104 1105 1106 1107 1108 1109 1110 1111 1112 1113 1114 1115 1116 1117 1118 1119 1120 1121 1122 1123 1124 1125 1126 1127 1128 1129 1130 1131 1132 1133 1134 1135 1136 1137 1138 1139 1140 1141 1142 1143 1144 1145 1146 1147 1148 1149 1150 1151 1152 1153 1154 1155 1156 1157 1158 1159 1160 1161 1162 1163 1164 1165 1166 1167 1168 1169 1170 1171 1172 1173 1174 1175 1176 1177 1178 1179 1180 1181 1182 1183 1184 1185 1186 1187 1188 1189 1190 1191 1192 1193 1194 1195 1196 1197 1198 1199 1200 1201 1202 1203 1204 1205 1206 1207 1208 1209 1210 1211 1212 1213 1214 1215 1216 1217 1218 1219 1220 1221 1222 1223 1224 1225 1226 1227 1228 1229 1230 1231 1232 1233 1234 1235 1236 1237 1238 1239 1240 1241 1242 1243 1244 1245 1246 1247 1248 1249 1250 1251 1252 1253 1254 1255 1256 1257 1258 1259 1260 1261 1262 1263 1264 1265 1266 1267 1268 1269 1270 1271 1272 1273 1274 1275 1276 1277 1278 1279 1280 1281 1282 1283 1284 1285 1286 1287 1288 1289 1290 1291 1292 1293 1294 1295 1296 1297 1298 1299 1300 1301 1302 1303 1304 1305 1306 1307 1308 1309 1310 1311 1312 1313 1314 1315 1316 1317 1318 1319 1320 1321 1322 1323 1324 1325 1326 1327 1328 1329 1330 1331 1332 1333 1334 1335 1336 1337 1338 1339 1340 1341 1342 1343 1344 1345 1346 1347 1348 1349 1350 1351 1352 1353 1354 1355 1356 1357 1358 1359 1360 1361 1362 1363 1364 1365 1366 1367 1368 1369 1370 1371 1372 1373 1374 1375 1376 1377 1378 1379 1380 1381 1382 1383 1384 1385 1386 1387 1388 1389 1390 1391 1392 1393 1394 1395 1396 1397 1398 1399 1400 1401 1402 1403 1404 1405 1406 1407 1408 1409 1410 1411 1412 1413 1414 1415 1416 1417 1418 1419 1420 1421 1422 1423 1424 1425 1426 1427 1428 1429 1430 1431 1432 1433 1434 1435 1436 1437 1438 1439 1440 1441 1442 1443 1444 1445 1446 1447 1448 1449 1450 1451 1452 1453 1454 1455 1456 1457 1458 1459 1460 1461 1462 1463 1464 1465 1466 1467 1468 1469 1470 1471 1472 1473 1474 1475 1476 1477 1478 1479 1480 1481 1482 1483 1484 1485 1486 1487 1488 1489 1490 1491 1492 1493 1494 1495 1496 1497 1498 1499 1500 1501 1502 1503 1504 1505 1506 1507 1508 1509 1510 1511 1512 1513 1514 1515 1516 1517 1518 1519 1520 1521 1522 1523 1524 1525 1526 1527 1528 1529 1530 1531 1532 1533 1534 1535 1536 1537 1538 1539 1540 1541 1542 1543 1544 1545 1546 1547 1548 1549 1550 1551 1552 1553 1554 1555 1556 1557 1558 1559 1560 1561 1562 1563 1564 1565 1566 1567 1568 1569 1570 1571 1572 1573 1574 1575 1576 1577 1578 1579 1580 1581 1582 1583 1584 1585 1586 1587 1588 1589 1590 1591 1592 1593 1594 1595 1596 1597 1598 1599 1600 1601 1602 1603 1604 1605 1606 1607 1608 1609 1610 1611 1612 1613 1614 1615 1616 1617 1618 1619 1620 1621 1622 1623 1624 1625 1626 1627 1628 1629 1630 1631 1632 1633 1634 1635 1636 1637 1638 1639 1640 1641 1642 1643 1644 1645 1646 1647 1648 1649 1650 1651 1652 1653 1654 1655 1656 1657 1658 1659 1660 1661 1662 1663 1664 1665 1666 1667 1668 1669 1670 1671 1672 1673 1674 1675 1676 1677 1678 1679 1680 1681 1682 1683 1684 1685 1686 1687 1688 1689 1690 1691 1692 1693 1694 1695 1696 1697 1698 1699 1700 1701 1702 1703 1704 1705 1706 1707 1708 1709 1710 1711 1712 1713 1714 1715 1716 1717 1718 1719 1720 1721 1722 1723 1724 1725 1726 1727 1728 1729 1730 1731 1732 1733 1734 1735 1736 1737 1738 1739 1740 1741 1742 1743 1744 1745 1746 1747 1748 1749 1750 1751 1752 1753 1754 1755 1756 1757 1758 1759 1760 1761 1762 1763 1764 1765 1766 1767 1768 1769 1770 1771 1772 1773 1774 1775 1776 1777 1778 1779 1780 1781 1782 1783 1784 1785 1786 1787 1788 1789 1790 1791 1792 1793 1794 1795 1796 1797 1798 1799 1800 1801 1802 1803 1804 1805 1806 1807 1808 1809 1810 1811 1812 1813 1814 1815 1816 1817 1818 1819 1820 1821 1822 1823 1824 1825 1826 1827 1828 1829 1830 1831 1832 1833 1834 1835 1836 1837 1838 1839 1840 1841 1842 1843 1844 1845 1846 1847 1848 1849 1850 1851 1852 1853 1854 1855 1856 1857 1858 1859 1860 1861 1862 1863 1864 1865 1866 1867 1868 1869 1870 1871 1872 1873 1874 1875 1876 1877 1878 1879 1880 1881 1882 1883 1884 1885 1886 1887 1888 1889 1890 1891 1892 1893 1894 1895 1896 1897 1898 1899 1900 1901 1902 1903 1904 1905 1906 1907 1908 1909 1910 1911 1912 1913 1914 1915 1916 1917 1918 1919 1920 1921 1922 1923 1924 1925 1926 1927 1928 1929 1930 1931 1932 1933 1934 1935 1936 1937 1938 1939 1940 1941 1942 1943 1944 1945 1946 1947 1948 1949 1950 1951 1952 1953 1954 1955 1956 1957 1958 1959 1960 1961 1962 1963 1964 1965 1966 1967 1968 1969 1970 1971 1972 1973 1974 1975 1976 1977 1978 1979 1980 1981 1982 1983 1984 1985 1986 1987 1988 1989 1990 1991 1992 1993 1994 1995 1996 1997 1998 1999 2000 2001 2002 2003 2004 2005 2006 2007 2008 2009 2010 2011 2012 2013 2014 2015 2016 2017 2018 2019 2020 2021 2022 2023 2024 2025 2026 2027 2028 2029 2030 2031 2032 2033 2034 2035 2036 2037 2038 2039 2040 2041 2042 2043 2044 2045 2046 2047 2048 2049 2050 2051 2052 2053 2054 2055 2056 2057 2058 2059 2060 2061 2062 2063 2064 2065 2066 2067 2068 2069 2070 2071 2072 2073 2074 2075 2076 2077 2078 2079 2080 2081 2082 2083 2084 2085 2086 2087 2088 2089 2090 2091 2092 2093 2094 2095 2096 2097 2098 2099 2100 2101 2102 2103 2104 2105 2106 2107 2108 2109 2110 2111 2112 2113 2114 2115 2116 2117 2118 2119 2120 2121 2122 2123 2124 2125 2126 2127 2128 2129 2130 2131 2132 2133 2134 2135 2136 2137 2138 2139 2140 2141 2142 2143 2144 2145 2146 2147 2148 2149 2150 2151 2152 2153 2154 2155 2156 2157 2158 2159 2160 2161 2162 2163 2164 2165 2166 2167 2168 2169 2170 2171 2172 2173 2174 2175 2176 2177 2178 2179 2180 2181 2182 2183 2184 2185 2186 2187 2188 2189 2190 2191 2192 2193 2194 2195 2196 2197 2198 2199 2200 2201 2202 2203 2204 2205 2206 2207 2208 2209 2210 2211 2212 2213 2214 2215 2216 2217 2218 2219 2220 2221 2222 2223 2224 2225 2226 2227 2228 2229 2230 2231 2232 2233 2234 2235 2236 2237 2238 2239 2240 2241 2242 2243 2244 2245 2246 2247 2248 2249 2250 2251 2252 2253 2254 2255 2256 2257 2258 2259 2260 2261 2262 2263 2264 2265 2266 2267 2268 2269 2270 2271 2272 2273 2274 2275 2276 2277 2278 2279 2280 2281 2282 2283 2284 2285 2286 2287 2288 2289 2290 2291 2292 2293 2294 2295 2296 2297 2298 2299 2300 2301 2302 2303 2304 2305 2306 2307 2308 2309 2310 2311 2312 2313 2314 2315 2316 2317 2318 2319 2320 2321 2322 2323 2324 2325 2326 2327 2328 2329 2330 2331 2332 2333 2334 2335 2336 2337 2338 2339 2340 2341 2342 2343 2344 2345 2346 2347 2348 2349 2350 2351 2352 2353 2354 2355 2356 2357 2358 2359 2360 2361 2362 2363 2364 2365 2366 2367 2368 2369 2370 2371 2372 2373 2374 2375 2376 2377 2378 2379 2380 2381 2382 2383 2384 2385 2386 2387 2388 2389 2390 2391 2392 2393 2394 2395 2396 2397 2398 2399 2400 2401 2402 2403 2404 2405 2406 2407 2408 2409 2410 2411 2412 2413 2414 2415 2416 2417 2418 2419 2420 2421 2422 2423 2424 2425 2426 2427 2428 2429 2430 2431 2432 2433 2434 2435 2436 2437 2438 2439 2440 2441 2442 2443 2444 2445 2446 2447 2448 2449 2450 2451 2452 2453 2454 2455 2456 2457 2458 2459 2460 2461 2462 2463 2464 2465 2466 2467 2468 2469 2470 2471 2472 2473 2474 2475 2476 2477 2478 2479 2480 2481 2482 2483 2484 2485 2486 2487 2488 2489 2490 2491 2492 2493 2494 2495 2496 2497 2498 2499 2500 2501 2502 2503 2504 2505 2506 2507 2508 2509 2510 2511 2512 2513 2514 2515 2516 2517 2518 2519 2520 2521 2522 2523 2524 2525 2526 2527 2528 2529 2530 2531 2532 2533 2534 2535 2536 2537 2538 2539 2540 2541 2542 2543 2544 2545 2546 2547 2548 2549 2550 2551 2552 2553 2554 2555 2556 2557 2558 2559 2560 2561 2562 2563 2564 2565 2566 2567 2568 2569 2570 2571 2572 2573 2574 2575 2576 2577 2578 2579 2580 2581 2582 2583 2584 2585 2586 2587 2588 2589 2590 2591 2592 2593 2594 2595 2596 2597 2598 2599 2600 2601 2602 2603 2604 2605 2606 2607 2608 2609 2610 2611 2612 2613 2614 2615 2616 2617 2618 2619 2620 2621 2622 2623 2624 2625 2626 2627 2628 2629 2630 2631 2632 2633 2634 2635 2636 2637 2638 2639 2640 2641 2642 2643 2644 2645 2646 2647 2648 2649 2650 2651 2652 2653 2654 2655 2656 2657 2658 2659 2660 2661 2662 2663 2664 2665 2666 2667 2668 2669 2670 2671 2672 2673 2674 2675 2676 2677 2678 2679 2680 2681 2682 2683 2684 2685 2686 2687 2688 2689 2690 2691 2692 2693 2694 2695 2696 2697 2698 2699 2700 2701 2702 2703 2704 2705 2706 2707 2708 2709 2710 2711 2712 2713 2714 2715 2716 2717 2718 2719 2720 2721 2722 2723 2724 2725 2726 2727 2728 2729 2730 2731 2732 2733 2734 2735 2736 2737 2738 2739 2740 2741 2742 2743 2744 2745 2746 2747 2748 2749 2750 2751 2752 2753 2754 2755 2756 2757 2758 2759 2760 2761 2762 2763 2764 2765 2766 2767 2768 2769 2770 2771 2772 2773 2774 2775 2776 2777 2778 2779 2780 2781 2782 2783 2784 2785 2786 2787 2788 2789 2790 2791 2792 2793 2794 2795 2796 2797 2798 2799 2800 2801 2802 2803 2804 2805 2806 2807 2808 2809 2810 2811 2812 2813 2814 2815 2816 2817 2818 2819 2820 2821 2822 2823 2824 2825 2826 2827 2828 2829 2830 2831 2832 2833 2834 2835 2836 2837 2838 2839 2840 2841 2842 2843 2844 2845 2846 2847 2848 2849 2850 2851 2852 2853 2854 2855 2856 2857 2858 2859 2860 2861 2862 2863 2864 2865 2866 2867 2868 2869 2870 2871 2872 2873 2874 2875 2876 2877 2878 2879 2880 2881 2882 2883 2884 2885 2886 2887 2888 2889 2890 2891 2892 2893 2894 2895 2896 2897 2898 2899 2900 2901 2902 2903 2904 2905 2906 2907 2908 2909 2910 2911 2912 2913 2914 2915 2916 2917 2918 2919 2920 2921 2922 2923 2924 2925 2926 2927 2928 2929 2930 2931 2932 2933 2934 2935 2936 2937 2938 2939 2940 2941 2942 2943 2944 2945 2946 2947 2948 2949 2950 2951 2952 2953 2954 2955 2956 2957 2958 2959 2960 2961 2962 2963 2964 2965 2966 2967 2968 2969 2970 2971 2972 2973 2974 2975 2976 2977 2978 2979 2980 2981 2982 2983 2984 2985 2986 2987 2988 2989 2990 2991 2992 2993 2994 2995 2996 2997 2998 2999 3000 3001 3002 3003 3004 3005 3006 3007 3008 3009 3010 3011 3012 3013 3014 3015 3016 3017 3018 3019 3020 3021 3022 3023 3024 3025 3026 3027 3028 3029 3030 3031 3032 3033 3034 3035 3036 3037 3038 3039 3040 3041 3042 3043 3044 3045 3046 3047 3048 3049 3050 3051 3052 3053 3054 3055 3056 3057 3058 3059 3060 3061 3062 3063 3064 3065 3066 3067 3068 3069 3070 3071 3072 3073 3074 3075 3076 3077 3078 3079 3080 3081 3082 3083 3084 3085 3086 3087 3088 3089 3090 3091 3092 3093 3094 3095 3096 3097 3098 3099 3100 3101 3102 3103 3104 3105 3106 3107 3108 3109 3110 3111 3112 3113 3114 3115 3116 3117 3118 3119 3120 3121 3122 3123 3124 3125 3126 3127 3128 3129 3130 3131 3132 3133 3134 3135 3136 3137 3138 3139 3140 3141 3142 3143 3144 3145 3146 3147 3148 3149 3150 3151 3152 3153 3154 3155 3156 3157 3158 3159 3160 3161 3162 3163 3164 3165 3166 3167 3168 3169 3170 3171 3172 3173 3174 3175 3176 3177 3178 3179 3180 3181 3182 3183 3184 3185 3186 3187 3188 3189 3190 3191 3192 3193 3194 3195 3196 3197 3198 3199 3200 3201 3202 3203 3204 3205 3206 3207 3208 3209 3210 3211 3212 3213 3214 3215 3216 3217 3218 3219 3220 3221 3222 3223 3224 3225 3226 3227 3228 3229 3230 3231 3232 3233 3234 3235 3236 3237 3238 3239 3240 3241 3242 3243 3244 3245 3246 3247 3248 3249 3250 3251 3252 3253 3254 3255 3256 3257 3258 3259 3260 3261 3262 3263 3264 3265 3266 3267 3268 3269 3270 3271 3272 3273 3274 3275 3276 3277 3278 3279 3280 3281 3282 3283 3284 3285 3286 3287 3288 3289 3290 3291 3292 3293 3294 3295 3296 3297 3298 3299 3300 3301 3302 3303 3304 3305 3306 3307 3308 3309 3310 3311 3312 3313 3314 3315 3316 3317 3318 3319 3320 3321 3322 3323 3324 3325 3326 3327 3328 3329 3330 3331 3332 3333 3334 3335 3336 3337 3338 3339 3340 3341 3342 3343 3344 3345 3346 3347 3348 3349 3350 3351 3352 3353 3354 3355 3356 3357 3358 3359 3360 3361 3362 3363 3364 3365 3366 3367 3368 3369 3370 3371 3372 3373 3374 3375 3376 3377 3378 3379 3380 3381 3382 3383 3384 3385 3386 3387 3388 3389 3390 3391 3392 3393 3394 3395 3396 3397 3398 3399 3400 3401 3402 3403 3404 3405 3406 3407 3408 3409 3410 3411 3412 3413 3414 3415 3416 3417 3418 3419 3420 3421 3422 3423 3424 3425 3426 3427 3428 3429 3430 3431 3432 3433 3434 3435 3436 3437 3438 3439 3440 3441 3442 3443 3444 3445 3446 3447 3448 3449 3450 3451 3452 3453 3454 3455 3456 3457 3458 3459 3460 3461 3462 3463 3464 3465 3466 3467 3468 3469 3470 3471 3472 3473 3474 3475 3476 3477 3478 3479 3480 3481 3482 3483 3484 3485 3486 3487 3488 3489 3490 3491 3492 3493 3494 3495 3496 3497 3498 3499 3500 3501 3502 3503 3504 3505 3506 3507 3508 3509 3510 3511 3512 3513 3514 3515 3516 3517 3518 3519 3520 3521 3522 3523 3524 3525 3526 3527 3528 3529 3530 3531 3532 3533 3534 3535 3536 3537 3538 3539</DataArray>
<DataArray type="Int64" Name="offsets" format="ascii">2 4 6 8 10 12 14 16 18 20 22 24 26 28 30 32 34 36 38 40 42 44 46 48 50 52 54 56 58 60 62 64 66 68 70 72 74 76 78 80 82 84 86 88 90 92 94 96 98 100 102 104 106 108 110 112 114 116 118 120 122 124 126 128 130 132 134 136 138 140 142 144 146 148 150 152 154 156 158 160 162 164 166 168 170 172 174 176 178 180 182 184 186 188 190 192 194 196 198 200 202 204 206 208 210 212 214 216 218 220 222 224 226 228 230 232 234 236 238 240 242 244 246 248 250 252 254 256 258 260 262 264 266 268 270 272 274 276 278 280 282 284 286 288 290 292 294 296 298 300 302 304 306 308 310 312 314 316 318 320 322 324 326 328 330 332 334 336 338 340 342 344 346 348 350 352 354 356 358 360 362 364 366 368 370 372 374 376 378 380 382 384 386 388 390 392 394 396 398 400 402 404 406 408 410 412 414 416 418 420 422 424 426 428 430 432 434 436 438 440 442 444 446 448 450 452 454 456 458 460 462 464 466 468 470 472 474 476 478 480 482 484 486 488 490 492 494 496 498 500 502 504 506 508 510 512 514 516 518 520 522 524 526 528 530 532 534 536 538 540 542 544 546 548 550 552 554 556 558 560 562 564 566 568 570 572 574 576 578 580 582 584 586 588 590 592 594 596 598 600 602 604 606 608 610 612 614 616 618 620 622 624 626 628 630 632 634 636 638 640 642 644 646 648 650 652 654 656 658 660 662 664 666 668 670 672 674 676 678 680 682 684 686 688 690 692 694 696 698 700 702 704 706 708 710 712 714 716 718 720 722 724 726 728 730 732 734 736 738 740 742 744 746 748 750 752 754 756 758 760 762 764 766 768 770 772 774 776 778 780 782 784 786 788 790 792 794 796 798 800 802 804 806 808 810 812 814 816 818 820 822 824 826 828 830 832 834 836 838 840 842 844 846 848 850 852 854 856 858 860 862 864 866 868 870 872 874 876 878 880 882 884 886 888 890 892 894 896 898 900 902 904 906 908 910 912 914 916 918 920 922 924 926 928 930 932 934 936 938 940 942 944 946 948 950 952 954 956 958 960 962 964 966 968 970 972 974 976 978 980 982 984 986 988 990 992 994 996 998 1000 1002 1004 1006 1008 1010 1012 1014 1016 1018 1020 1022 1024 1026 1028 1030 1032 1034 1036 1038 1040 1042 1044 1046 1048 1050 1052 1054 1056 1058 1060 1062 1064 1066 1068 1070 1072 1074 1076 1078 1080 1082 1084 1086 1088 1090 1092 1094 1096 1098 1100 1102 1104 1106 1108 1110 1112 1114 1116 1118 1120 1122 1124 1126 1128 1130 1132 1134 1136 1138 1140 1142 1144 1146 1148 1150 1152 1154 1156 1158 1160 1162 1164 1166 1168 1170 1172 1174 1176 1178 1180 1182 1184 1186 1188 1190 1192 1194 1196 1198 1200 1202 1204 1206 1208 1210 1212 1214 1216 1218 1220 1222 1224 1226 1228 1230 1232 1234 1236 1238 1240 1242 1244 1246 1248 1250 1252 1254 1256 1258 1260 1262 1264 1266 1268 1270 1272 1274 1276 1278 1280 1282 1284 1286 1288 1290 1292 1294 1296 1298 1300 1302 1304 1306 1308 1310 1312 1314 1316 1318 1320 1322 1324 1326 1328 1330 1332 1334 1336 1338 1340 1342 1344 1346 1348 1350 1352 1354 1356 1358 1360 1362 1364 1366 1368 1370 1372 1374 1376 1378 1380 1382 1384 1386 1388 1390 1392 1394 1396 1398 1400 1402 1404 1406 1408 1410 1412 1414 1416 1418 1420 1422 1424 1426 1428 1430 1432 1434 1436 1438 1440 1442 1444 1446 1448 1450 1452 1454 1456 1458 1460 1462 1464 1466 1468 1470 1472 1474 1476 1478 1480 1482 1484 1486 1488 1490 1492 1494 1496 1498 1500 1502 1504 1506 1508 1510 1512 1514 1516 1518 1520 1522 1524 1526 1528 1530 1532 1534 1536 1538 1540 1542 1544 1546 1548 1550 1552 1554 1556 1558 1560 1562 1564 1566 1568 1570 1572 1574 1576 1578 1580 1582 1584 1586 1588 1590 1592 1594 1596 1598 1600 1602 1604 1606 1608 1610 1612 1614 1616 1618 1620 1622 1624 1626 1628 1630 1632 1634 1636 1638 1640 1642 1644 1646 1648 1650 1652 1654 1656 1658 1660 1662 1664 1666 1668 1670 1672 1674 1676 1678 1680 1682 1684 1686 1688 1690 1692 1694 1696 1698 1700 1702 1704 1706 1708 1710 1712 1714 1716 1718 1720 1722 1724 1726 1728 1730 1732 1734 1736 1738 1740 1742 1744 1746 1748 1750 1752 1754 1756 1758 1760 1762 1764 1766 1768 1770 1772 1774 1776 1778 1780 1782 1784 1786 1788 1790 1792 1794 1796 1798 1800 1802 1804 1806 1808 1810 1812 1814 1816 1818 1820 1822 1824 1826 1828 1830 1832 1834 1836 1838 1840 1842 1844 1846 1848 1850 1852 1854 1856 1858 1860 1862 1864 1866 1868 1870 1872 1874 1876 1878 1880 1882 1884 1886 1888 1890 1892 1894 1896 1898 1900 1902 1904 1906 1908 1910 1912 1914 1916 1918 1920 1922 1924 1926 1928 1930 1932 1934 1936 1938 1940 1942 1944 1946 1948 1950 1952 1954 1956 1958 1960 1962 1964 1966 1968 1970 1972 1974 1976 1978 1980 1982 1984 1986 1988 1990 1992 1994 1996 1998 2000 2002 2004 2006 2008 2010 2012 2014 2016 2018 2020 2022 2024 2026 2028 2030 2032 2034 2036 2038 2040 2042 2044 2046 2048 2050 2052 2054 2056 2058 2060 2062 2064 2066 2068 2070 2072 2074 2076 2078 2080 2082 2084 2086 2088 2090 2092 2094 2096 2098 2100 2102 2104 2106 2108 2110 2112 2114 2116 2118 2120 2122 2124 2126 2128 2130 2132 2134 2136 2138 2140 2142 2144 2146 2148 2150 2152 2154 2156 2158 2160 2162 2164 2166 2168 2170 2172 2174 2176 2178 2180 2182 2184 2186 2188 2190 2192 2194 2196 2198 2200 2202 2204 2206 2208 2210 2212 2214 2216 2218 2220 2222 2224 2226 2228 2230 2232 2234 2236 2238 2240 2242 2244 2246 2248 2250 2252 2254 2256 2258 2260 2262 2264 2266 2268 2270 2272 2274 2276 2278 2280 2282 2284 2286 2288 2290 2292 2294 2296 2298 2300 2302 2304 2306 2308 2310 2312 2314 2316 2318 2320 2322 2324 2326 2328 2330 2332 2334 2336 2338 2340 2342 2344 2346 2348 2350 2352 2354 2356 2358 2360 2362 2364 2366 2368 2370 2372 2374 2376 2378 2380 2382 2384 2386 2388 2390 2392 2394 2396 2398 2400 2402 2404 2406 2408 2410 2412 2414 2416 2418 2420 2422 2424 2426 2428 2430 2432 2434 2436 2438 2440 2442 2444 2446 2448 2450 2452 2454 2456 2458 2460 2462 2464 2466 2468 2470 2472 2474 2476 2478 2480 2482 2484 2486 2488 2490 2492 2494 2496 2498 2500 2502 2504 2506 2508 2510 2512 2514 2516 2518 2520 2522 2524 2526 2528 2530 2532 2534 2536 2538 2540 2542 2544 2546 2548 2550 2552 2554 2556 2558 2560 2562 2564 2566 2568 2570 2572 2574 2576 2578 2580 2582 2584 2586 2588 2590 2592 2594 2596 2598 2600 2602 2604 2606 2608 2610 2612 2614 2616 2618 2620 2622 2624 2626 2628 2630 2632 2634 2636 2638 2640 2642 2644 2646 2648 2650 2652 2654 2656 2658 2660 2662 2664 2666 2668 2670 2672 2674 2676 2678 2680 2682 2684 2686 2688 2690 2692 2694 2696 2698 2700 2702 2704 2706 2708 2710 2712 2714 2716 2718 2720 2722 2724 2726 2728 2730 2732 2734 2736 2738 2740 2742 2744 2746 2748 2750 2752 2754 2756 2758 2760 2762 2764 2766 2768 2770 2772 2774 2776 2778 2780 2782 2784 2786 2788 2790 2792 2794 2796 2798 2800 2802 2804 2806 2808 2810 2812 2814 2816 2818 2820 2822 2824 2826 2828 2830 2832 2834 2836 2838 2840 2842 2844 2846 2848 2850 2852 2854 2856 2858 2860 2862 2864 2866 2868 2870 2872 2874 2876 2878 2880 2882 2884 2886 2888 2890 2892 2894 2896 2898 2900 2902 2904 2906 2908 2910 2912 2914 2916 2918 2920 2922 2924 2926 2928 2930 2932 2934 2936 2938 2940 2942 2944 2946 2948 2950 2952 2954 2956 2958 2960 2962 2964 2966 2968 2970 2972 2974 2976 2978 2980 2982 2984 2986 2988 2990 2992 2994 2996 2998 3000 3002 3004 3006 3008 3010 3012 3014 3016 3018 3020 3022 3024 3026 3028 3030 3032 3034 3036 3038 3040 3042 3044 3046 3048 3050 3052 3054 3056 3058 3060 3062 3064 3066 3068 3070 3072 3074 3076 3078 3080 3082 3084 3086 3088 3090 3092 3094 3096 3098 3100 3102 3104 3106 3108 3110 3112 3114 3116 3118 3120 3122 3124 3126 3128 3130 3132 3134 3136 3138 3140 3142 3144 3146 3148 3150 3152 3154 3156 3158 3160 3162 3164 3166 3168 3170 3172 3174 3176 3178 3180 3182 3184 3186 3188 3190 3192 3194 3196 3198 3200 3202 3204 3206 3208 3210 3212 3214 3216 3218 3220 3222 3224 3226 3228 3230 3232 3234 3236 3238 3240 3242 3244 3246 3248 3250 3252 3254 3256 3258 3260 3262 3264 3266 3268 3270 3272 3274 3276 3278 3280 3282 3284 3286 3288 3290 3292 3294 3296 3298 3300 3302 3304 3306 3308 3310 3312 3314 3316 3318 3320 3322 3324 3326 3328 3330 3332 3334 3336 3338 3340 3342 3344 3346 3348 3350 3352 3354 3356 3358 3360 3362 3364 3366 3368 3370 3372 3374 3376 3378 3380 3382 3384 3386 3388 3390 3392 3394 3396 3398 3400 3402 3404 3406 3408 3410 3412 3414 3416 3418 3420 3422 3424 3426 3428 3430 3432 3434 3436 3438 3440 3442 3444 3446 3448 3450 3452 3454 3456 3458 3460 3462 3464 3466 3468 3470 3472 3474 3476 3478 3480 3482 3484 3486 3488 3490 3492 3494 3496 3498 3500 3502 3504 3506 3508 3510 3512 3514 3516 3518 3520 3522 3524 3526 3528 3530 3532 3534 3536 3538 3540</DataArray>
</Lines></Piece></PolyData></VTKFile>