id_i,id_j,edge_kind,distance_m,surface_gap_m,overlap_m,contact_radius_m,g_contact_W_K,g_gap_W_K,g_total_W_K,T_i_K,T_j_K,heat_i_to_j_W
1,156,contact,0.0016889485227501763,-6.105147724982376e-05,6.105147724982376e-05,0.00016175573814042283,0.00016175573814042283,0.0,0.00016175573814042283,300.2857695095188,300.32179365082027,-5.827111567096098e-06
1,164,contact,0.001598167720610074,-0.0001518322793899261,0.0001518322793899261,0.0002550901348178657,0.0002550901348178657,0.0,0.0002550901348178657,300.2857695095188,300.18299691165,2.621627584593622e-05
1,320,contact,0.0016082307026356643,-0.00014176929736433577,0.00014176929736433577,0.000246491927451998,0.000246491927451998,0.0,0.000246491927451998,300.2857695095188,300.3733781975203,-2.1594834367036298e-05
1,420,contact,0.0018847549300903814,-0.0001152450699096186,0.0001152450699096186,0.0002324244533609442,0.0002324244533609442,0.0,0.0002324244533609442,300.2857695095188,300.2805821461811,1.2056700881521528e-06
2,54,contact,0.0014483399956156692,-5.166000438433082e-05,5.166000438433082e-05,0.00013918513442219343,0.00013918513442219343,0.0,0.00013918513442219343,300.18348700942454,300.13190089670206,7.180020033596143e-06
2,256,contact,0.0016965178390161418,-5.3482160983858284e-05,5.3482160983858284e-05,0.00015139658561519564,0.00015139658561519564,0.0,0.00015139658561519564,300.18348700942454,300.2153579864409,-4.82515710049632e-06
2,272,contact,0.001655801300307498,-9.419869969250205e-05,9.419869969250205e-05,0.00020092503899909187,0.00020092503899909187,0.0,0.00020092503899909187,300.18348700942454,300.157889355809,5.143209550986506e-06
2,308,contact,0.0017124211254536657,-3.7578874546334356e-05,3.7578874546334356e-05,0.00012690639049484076,0.00012690639049484076,0.0,0.00012690639049484076,300.18348700942454,300.22847867547034,-5.709729940222138e-06
2,458,contact,0.0018930534451250974,-0.00010694655487490266,0.00010694655487490266,0.00022389997230372902,0.00022389997230372902,0.0,0.00022389997230372902,300.18348700942454,300.19134767134994,-1.7600019873873852e-06
2,500,contact,0.0019474190388563016,-5.258096114369847e-05,5.258096114369847e-05,0.00015699466722187943,0.00015699466722187943,0.0,0.00015699466722187943,300.18348700942454,300.1836675286545,-2.8340556434264686e-08
3,63,contact,0.0014987756484877914,-1.2243515122086369e-06,1.2243515122086369e-06,2.1427361411948014e-05,2.1427361411948014e-05,0.0,2.1427361411948014e-05,300.8558286514552,300.8466048203163,1.9764236341622626e-07
3,269,contact,0.0017480301683895508,-1.969831610449226e-06,1.969831610449226e-06,2.905535316142935e-05,2.905535316142935e-05,0.0,2.905535316142935e-05,300.8558286514552,300.7769913589102,2.2906453771864073e-06
3,309,contact,0.001747976782459081,-2.023217540918958e-06,2.023217540918958e-06,2.944644684545846e-05,2.944644684545846e-05,0.0,2.944644684545846e-05,300.8558286514552,300.9403307903267,-2.4882877406063286e-06
5,198,contact,0.001670304748032525,-7.969525196747495e-05,7.969525196747495e-05,0.0001848110061280461,0.0001848110061280461,0.0,0.0001848110061280461,300.77714236915125,300.77383050817525,6.120683591304245e-07
5,348,contact,0.0016647187836404582,-8.528121635954181e-05,8.528121635954181e-05,0.0001911781701071488,0.0001911781701071488,0.0,0.0001911781701071488,300.77714236915125,300.83551760143126,-1.1160070086872788e-05
5,499,contact,0.0019107887733865302,-8.921122661346981e-05,8.921122661346981e-05,0.00020449391794149764,0.00020449391794149764,0.0,0.00020449391794149764,300.77714236915125,300.7255613645234,1.0548001727707337e-05
6,86,contact,0.001499996356266559,-3.6437334410572425e-09,3.6437334410572425e-09,1.168931152975429e-06,1.168931152975429e-06,0.0,1.168931152975429e-06,300.1571909433184,300.1571909433184,0.0
7,131,contact,0.0016563124221595398,-9.368757784046023e-05,9.368757784046023e-05,0.0002003791882269288,0.0002003791882269288,0.0,0.0002003791882269288,300.5665262726003,300.50565225543943,1.2197886142807294e-05
7,403,contact,0.0019990974144598354,-9.025855401646396e-07,9.025855401646396e-07,2.056907805304299e-05,2.056907805304299e-05,0.0,2.056907805304299e-05,300.5665262726003,300.51516343959287,1.0564861211552644e-06
7,476,contact,0.0019090986038442326,-9.090139615576748e-05,9.090139615576748e-05,0.00020642196939283378,0.00020642196939283378,0.0,0.00020642196939283378,300.5665262726003,300.6307363579072,-1.3254372263934423e-05
8,316,contact,0.0016720536229140502,-7.794637708594988e-05,7.794637708594988e-05,0.00018277196223625988,0.00018277196223625988,0.0,0.00018277196223625988,300.6108783114872,300.6195465058676,-1.5843028959493865e-06
8,456,contact,0.0019882193607346243,-1.1780639265375741e-05,1.1780639265375741e-05,7.431133598344789e-05,7.431133598344789e-05,0.0,7.431133598344789e-05,300.6108783114872,300.5777459110981,2.462112937256212e-06
8,479,contact,0.0019867886787980236,-1.3211321201976427e-05,1.3211321201976427e-05,7.869438870355655e-05,7.869438870355655e-05,0.0,7.869438870355655e-05,300.6108783114872,300.71062946356835,-7.8498559354997e-06
8,485,contact,0.0019265732425215497,-7.342675747845032e-05,7.342675747845032e-05,0.00018552302436092288,0.00018552302436092288,0.0,0.00018552302436092288,300.6108783114872,300.5732978229296,6.972045894173906e-06
9,165,contact,0.0016492770729552996,-0.00010072292704470047,0.00010072292704470047,0.0002077666208355978,0.0002077666208355978,0.0,0.0002077666208355978,300.8316891649998,300.94641481903545,-2.3836161462147238e-05
9,190,contact,0.001681540841787674,-6.845915821232593e-05,6.845915821232593e-05,0.00017128817598962857,0.00017128817598962857,0.0,0.00017128817598962857,300.8316891649998,300.78299729019716,8.340342420455136e-06
9,414,contact,0.0019200701679365786,-7.992983206342149e-05,7.992983206342149e-05,0.00019356422391477414,0.00019356422391477414,0.0,0.00019356422391477414,300.8316891649998,300.74990619217317,1.5830257664624272e-05
9,441,contact,0.0019603931464887347,-3.9606853511265326e-05,3.9606853511265326e-05,0.00013625605521739437,0.00013625605521739437,0.0,0.00013625605521739437,300.8316891649998,300.8341436513146,-3.3443862284410666e-07
10,21,contact,0.0013835692103035542,-0.00011643078969644587,0.00011643078969644587,0.00020895345447292132,0.00020895345447292132,0.0,0.00020895345447292132,300.78246146996867,300.7824404775971,4.386428555076416e-09
10,117,contact,0.001690553020168252,-5.9446979831747964e-05,5.9446979831747964e-05,0.00015961603011837227,0.00015961603011837227,0.0,0.00015961603011837227,300.78246146996867,300.7121461246569,1.1223456275067116e-05
10,430,contact,0.0019049470482929449,-9.505295170705516e-05,9.505295170705516e-05,0.00021108309054181036,0.00021108309054181036,0.0,0.00021108309054181036,300.78246146996867,300.838939069691,-1.1921466295769266e-05
10,437,contact,0.001952558278016295,-4.744172198370509e-05,4.744172198370509e-05,0.00014912513932889305,0.00014912513932889305,0.0,0.00014912513932889305,300.78246146996867,300.77781018451,6.936235920859286e-07
11,43,contact,0.0014852591604161216,-1.4740839583878397e-05,1.4740839583878397e-05,7.434927601499828e-05,7.434927601499828e-05,0.0,7.434927601499828e-05,300.3278979019079,300.2955556116824,2.4046258629307967e-06
11,55,contact,0.0014718831506950556,-2.811684930494442e-05,2.811684930494442e-05,0.00010268309738878233,0.00010268309738878233,0.0,0.00010268309738878233,300.3278979019079,300.2638104764402,6.580695350693702e-06
11,128,contact,0.0017317909657057328,-1.820903429426723e-05,1.820903429426723e-05,8.833952592356516e-05,8.833952592356516e-05,0.0,8.833952592356516e-05,300.3278979019079,300.40916610174565,-7.179194246331021e-06
11,205,contact,0.0017284306616986399,-2.156933830136016e-05,2.156933830136016e-05,9.614573380631276e-05,9.614573380631276e-05,0.0,9.614573380631276e-05,300.3278979019079,300.3466832072542,-1.8061269672996418e-06
12,271,contact,0.0017083295888896846,-4.167041111031544e-05,4.167041111031544e-05,0.00013363662528927695,0.00013363662528927695,0.0,0.00013363662528927695,300.96150588728284,300.9413408712301,2.6947846941889482e-06
12,309,contact,0.001665649529709356,-8.435047029064406e-05,8.435047029064406e-05,0.0001901320634536247,0.0001901320634536247,0.0,0.0001901320634536247,300.96150588728284,300.9403307903267,4.026064878101879e-06
12,355,contact,0.0017030846093805787,-4.691539061942138e-05,4.691539061942138e-05,0.0001417977291064706,0.0001417977291064706,0.0,0.0001417977291064706,300.96150588728284,300.9442735643088,2.4435042649499417e-06
12,369,contact,0.001690536082894713,-5.9463917105286946e-05,5.9463917105286946e-05,0.00015963876691538878,0.00015963876691538878,0.0,0.00015963876691538878,300.96150588728284,300.9167256675016,7.148659068073519e-06
13,217,contact,0.0016626688944284727,-8.733110557152739e-05,8.733110557152739e-05,0.00019346218409165068,0.00019346218409165068,0.0,0.00019346218409165068,300.15541510932184,300.1758300022796,-3.949509779608236e-06
13,283,contact,0.0016335988998833217,-0.00011640110011667832,0.00011640110011667832,0.0002233521563905097,0.0002233521563905097,0.0,0.0002233521563905097,300.15541510932184,300.0633342372027,2.056646135012882e-05
13,347,contact,0.001626664697256321,-0.0001233353027436791,0.0001233353027436791,0.00022990864901118485,0.00022990864901118485,0.0,0.00022990864901118485,300.15541510932184,300.2276914314256,-1.6616951570379464e-05
14,284,contact,0.0016528638906472637,-9.713610935273634e-05,9.713610935273634e-05,0.00020403372552392585,0.00020403372552392585,0.0,0.00020403372552392585,300.96019065615405,300.85862963145075,2.0721874238241963e-05
14,384,contact,0.0016827930209517737,-6.720697904822638e-05,6.720697904822638e-05,0.00016971443963513668,0.00016971443963513668,0.0,0.00016971443963513668,300.96019065615405,300.9561769279513,6.811876327823086e-07
14,406,contact,0.00194455647883547,-5.544352116453001e-05,5.544352116453001e-05,0.00016121150872649707,0.00016121150872649707,0.0,0.00016121150872649707,300.96019065615405,300.97286692618684,-2.0435606170096697e-06
15,38,contact,0.0014752069279192663,-2.4793072080733693e-05,2.4793072080733693e-05,9.642303682354718e-05,9.642303682354718e-05,0.0,9.642303682354718e-05,300.9074484502991,300.95692218925876,-4.7704081535047015e-06
15,103,contact,0.0017326356377729854,-1.7364362227014624e-05,1.7364362227014624e-05,8.626627107892986e-05,8.626627107892986e-05,0.0,8.626627107892986e-05,300.9074484502991,300.81844970117635,7.677590217510178e-06
15,165,contact,0.0017230155980477947,-2.6984401952205323e-05,2.6984401952205323e-05,0.00010753949829621802,0.00010753949829621802,0.0,0.00010753949829621802,300.9074484502991,300.94641481903545,-4.190423744331387e-06
15,329,contact,0.0016967450600915272,-5.325493990847286e-05,5.325493990847286e-05,0.00015107463610765308,0.00015107463610765308,0.0,0.00015107463610765308,300.9074484502991,300.9398377542957,-4.893202315063631e-06
15,360,contact,0.0017001877433184404,-4.981225668155968e-05,4.981225668155968e-05,0.00014610992439387105,0.00014610992439387105,0.0,0.00014610992439387105,300.9074484502991,300.8651758666876,6.176443995412858e-06
16,142,contact,0.0017225335026059732,-2.746649739402687e-05,2.746649739402687e-05,0.00010849588022598606,0.00010849588022598606,0.0,0.00010849588022598606,300.82216063233,300.8050699251647,1.8542713175863118e-06
16,147,contact,0.0016960305942939236,-5.396940570607644e-05,5.396940570607644e-05,0.0001520846649159743,0.0001520846649159743,0.0,0.0001520846649159743,300.82216063233,300.915814342119,-1.4243293071399421e-05
16,284,contact,0.0016603699522788745,-8.96300477211255e-05,8.96300477211255e-05,0.00019599203451867134,0.00019599203451867134,0.0,0.00019599203451867134,300.82216063233,300.85862963145075,-7.1476333345367936e-06
16,463,contact,0.001932889808964805,-6.711019103519504e-05,6.711019103519504e-05,0.00017736375629690435,0.00017736375629690435,0.0,0.00017736375629690435,300.82216063233,300.71188828590726,1.9558317577209327e-05
16,471,contact,0.001936703576079727,-6.329642392027303e-05,6.329642392027303e-05,0.00017225039539178996,0.00017225039539178996,0.0,0.00017225039539178996,300.82216063233,300.8222863939505,-2.16624888554222e-08
17,169,contact,0.001640064069781726,-0.00010993593021827396,0.00010993593021827396,0.0002170608178943739,0.0002170608178943739,0.0,0.0002170608178943739,300.65039801482556,300.7623212938615,-2.4294158488957155e-05
17,448,contact,0.0018472868101082733,-0.00015271318989172676,0.00015271318989172676,0.00026755243927452225,0.00026755243927452225,0.0,0.00026755243927452225,300.65039801482556,300.54152085382356,2.9130350007369706e-05
17,457,contact,0.0018993826529164683,-0.00010061734708353173,0.00010061734708353173,0.00021717362050996318,0.00021717362050996318,0.0,0.00021717362050996318,300.65039801482556,300.73823574868993,-1.907603868071711e-05
17,492,contact,0.0019021279019670293,-9.787209803297078e-05,9.787209803297078e-05,0.00021419044318772733,0.00021419044318772733,0.0,0.00021419044318772733,300.65039801482556,300.583915836861,1.4239847162308217e-05
18,214,contact,0.0016416314064978163,-0.00010836859350218378,0.00010836859350218378,0.00021550796488646848,0.00021550796488646848,0.0,0.00021550796488646848,300.811727366849,300.8285559769692,-3.6266995188660007e-06
18,356,contact,0.001697950097441029,-5.204990255897111e-05,5.204990255897111e-05,0.00014935561956853818,0.00014935561956853818,0.0,0.00014935561956853818,300.811727366849,300.7459523991106,9.823861058674495e-06
18,369,contact,0.0017317084879967526,-1.829151200324745e-05,1.829151200324745e-05,8.853936655501434e-05,8.853936655501434e-05,0.0,8.853936655501434e-05,300.811727366849,300.9167256675016,-9.296483029133825e-06
18,479,contact,0.001982388337864204,-1.761166213579612e-05,1.761166213579612e-05,9.085959842611254e-05,9.085959842611254e-05,0.0,9.085959842611254e-05,300.811727366849,300.71062946356835,9.185714893804049e-06
18,490,contact,0.0019032466312593331,-9.67533687406669e-05,9.67533687406669e-05,0.0002129627704487045,0.0002129627704487045,0.0,0.0002129627704487045,300.811727366849,300.8403069791053,-6.086393404450172e-06
19,194,contact,0.0017375346852653044,-1.2465314734695686e-05,1.2465314734695686e-05,7.309088686998543e-05,7.309088686998543e-05,0.0,7.309088686998543e-05,300.08947970952084,300.1699654083254,-5.8827711059772705e-06
19,323,contact,0.001719646350183666,-3.0353649816334096e-05,3.0353649816334096e-05,0.00011405571912071391,0.00011405571912071391,0.0,0.00011405571912071391,300.08947970952084,300.06971895090453,2.2538275343545863e-06
19,395,contact,0.0017189483828492346,-3.1051617150765426e-05,3.1051617150765426e-05,0.00011535959397361197,0.00011535959397361197,0.0,0.00011535959397361197,300.08947970952084,300.05802204356854,3.6289435716151575e-06
20,73,contact,0.0015000092646713884,-0.0,0.0,8.660254037844388e-08,8.660254037844388e-08,0.0,8.660254037844388e-08,300.0809829340999,300.0809829340999,0.0
21,116,contact,0.0016400678229836678,-0.00010993217701633223,0.00010993217701633223,0.0002170571126451669,0.0002170571126451669,0.0,0.0002170571126451669,300.7824404775971,300.7560252517938,5.733612642735497e-06
21,117,contact,0.0016257016377244624,-0.0001242983622755376,0.0001242983622755376,0.00023080452051360716,0.00023080452051360716,0.0,0.00023080452051360716,300.7824404775971,300.7121461246569,1.622425442517924e-05
21,360,contact,0.0015857138585823104,-0.00016428614141768966,0.00016428614141768966,0.00026534571095434536,0.00026534571095434536,0.0,0.00026534571095434536,300.7824404775971,300.8651758666876,-2.1953480639299765e-05
22,253,contact,0.0017469580529954768,-3.0419470045232617e-06,3.0419470045232617e-06,3.610666937515993e-05,3.610666937515993e-05,0.0,3.610666937515993e-05,300.330647541182,300.4378467262899,-3.870605533977584e-06
22,259,contact,0.0017134902129324506,-3.650978706754948e-05,3.650978706754948e-05,0.00012508817530197788,0.00012508817530197788,0.0,0.00012508817530197788,300.330647541182,300.3457787328706,-1.8927331584744688e-06
22,299,contact,0.0017013052556810722,-4.869474431892784e-05,4.869474431892784e-05,0.00014446167705202428,0.00014446167705202428,0.0,0.00014446167705202428,300.330647541182,300.38407070745484,-7.717600193207128e-06
22,375,contact,0.001706490652261173,-4.350934773882705e-05,4.350934773882705e-05,0.00013655351814083797,0.00013655351814083797,0.0,0.00013655351814083797,300.330647541182,300.23192479079665,1.3480938885655284e-05
23,304,contact,0.0016386527457640312,-0.00011134725423596879,0.00011134725423596879,0.00021844965510482088,0.00021844965510482088,0.0,0.00021844965510482088,300.3280000544337,300.313065218902,3.262509670941862e-06
23,343,contact,0.0016624141231654645,-8.758587683453558e-05,8.758587683453558e-05,0.00019374417244825225,0.00019374417244825225,0.0,0.00019374417244825225,300.3280000544337,300.28336747117464,8.647302907751318e-06
23,407,contact,0.001956303319273369,-4.3696680726631066e-05,4.3696680726631066e-05,0.00014311819971830387,0.00014311819971830387,0.0,0.00014311819971830387,300.3280000544337,300.26443135202214,9.097838247568794e-06
23,468,contact,0.0018406029362684395,-0.00015939706373156053,0.00015939706373156053,0.00027334478890984735,0.00027334478890984735,0.0,0.00027334478890984735,300.3280000544337,300.38154098731525,-1.4635134996546424e-05
23,496,contact,0.0019930655916953663,-6.9344083046337e-06,6.9344083046337e-06,5.7013190515853843e-05,5.7013190515853843e-05,0.0,5.7013190515853843e-05,300.3280000544337,300.4397727121646,-6.372515829675693e-06
24,42,contact,0.0014888571472441536,-1.1142852755846415e-05,1.1142852755846415e-05,6.464185782789976e-05,6.464185782789976e-05,0.0,6.464185782789976e-05,300.19126709544156,300.20512292581304,-8.956666169609048e-07
24,218,contact,0.0017249868209641493,-2.501317903585076e-05,2.501317903585076e-05,0.00010353711350287619,0.00010353711350287619,0.0,0.00010353711350287619,300.19126709544156,300.2647343550005,-7.6065879916976344e-06
24,382,contact,0.0017263498373446793,-2.3650162655320696e-05,2.3650162655320696e-05,0.00010067663082929146,0.00010067663082929146,0.0,0.00010067663082929146,300.19126709544156,300.21660555646844,-2.550990886585261e-06
24,469,contact,0.0019713556748846717,-2.86443251153283e-05,2.86443251153283e-05,0.00011587505079960112,0.00011587505079960112,0.0,0.00011587505079960112,300.19126709544156,300.0958777478729,1.1053245495257126e-05
25,26,contact,0.001431993513253465,-6.800648674653502e-05,6.800648674653502e-05,0.00015969481059179924,0.00015969481059179924,0.0,0.00015969481059179924,300.4658627512243,300.52714464409496,-9.78640027469042e-06
25,62,contact,0.0014881827958957196,-1.1817204104280473e-05,1.1817204104280473e-05,6.656914855325384e-05,6.656914855325384e-05,0.0,6.656914855325384e-05,300.4658627512243,300.5030666496341,-2.4766318400030705e-06
25,151,contact,0.0016958437874108562,-5.4156212589143854e-05,5.4156212589143854e-05,0.00015234764650413004,0.00015234764650413004,0.0,0.00015234764650413004,300.4658627512243,300.52069550996356,-8.353641745258154e-06
25,480,contact,0.0019130601392794737,-8.693986072052639e-05,8.693986072052639e-05,0.00020187387080240657,0.00020187387080240657,0.0,0.00020187387080240657,300.4658627512243,300.3360153333231,2.6212800865413597e-05
25,481,contact,0.0019909825017061307,-9.017498293869327e-06,9.017498293869327e-06,6.501501615204941e-05,6.501501615204941e-05,0.0,6.501501615204941e-05,300.4658627512243,300.47253130992067,-4.335564513566813e-07
25,497,contact,0.001952014618515958,-4.798538148404201e-05,4.798538148404201e-05,0.00014997715682944752,0.00014997715682944752,0.0,0.00014997715682944752,300.4658627512243,300.5002851303603,-5.162570554123122e-06
26,67,contact,0.0014395605982382256,-6.043940176177448e-05,6.043940176177448e-05,0.0001505482502743404,0.0001505482502743404,0.0,0.0001505482502743404,300.52714464409496,300.58388038370117,-8.541466325735615e-06
26,210,contact,0.0016886490650220966,-6.135093497790342e-05,6.135093497790342e-05,0.000162151959123758,0.000162151959123758,0.0,0.000162151959123758,300.52714464409496,300.5534398179948,-4.263813963356595e-06
26,497,contact,0.001973050287777785,-2.694971222221487e-05,2.694971222221487e-05,0.00011239518496876643,0.00011239518496876643,0.0,0.00011239518496876643,300.52714464409496,300.5002851303603,3.018880014380242e-06
27,60,contact,0.0014169510690210862,-8.304893097891381e-05,8.304893097891381e-05,0.00017647478323288198,0.00017647478323288198,0.0,0.00017647478323288198,300.1734308361524,300.1845434808347,-1.9611015614477977e-06
27,126,contact,0.0017137840767436257,-3.621592325637438e-05,3.621592325637438e-05,0.0001245837468011682,0.0001245837468011682,0.0,0.0001245837468011682,300.1734308361524,300.26670891348743,-1.1620932368805245e-05
27,221,contact,0.0016757033187590226,-7.429668124097743e-05,7.429668124097743e-05,0.00017844168464112233,0.00017844168464112233,0.0,0.00017844168464112233,300.1734308361524,300.18785957434125,-2.5746883496598387e-06
27,270,contact,0.0017276568753661708,-2.234312463382927e-05,2.234312463382927e-05,9.785512170075558e-05,9.785512170075558e-05,0.0,9.785512170075558e-05,300.1734308361524,300.0651742293609,1.059346343249721e-05
27,401,contact,0.0019285656450585234,-7.14343549414766e-05,7.14343549414766e-05,0.0001829886714494019,0.0001829886714494019,0.0,0.0001829886714494019,300.1734308361524,300.1430286325438,5.563258847474977e-06
28,138,contact,0.0016156590560201742,-0.00013434094397982588,0.00013434094397982588,0.00023994726561698559,0.00023994726561698559,0.0,0.00023994726561698559,300.85567530217367,300.78837749124375,1.614792571464203e-05
28,163,contact,0.0016859700422489712,-6.402995775102883e-05,6.402995775102883e-05,0.00016565449123017052,0.00016565449123017052,0.0,0.00016565449123017052,300.85567530217367,300.95435711064147,-1.6347084775406883e-05
28,271,contact,0.0016711116952020295,-7.888830479797055e-05,7.888830479797055e-05,0.00018387298193275846,0.00018387298193275846,0.0,0.00018387298193275846,300.85567530217367,300.9413408712301,-1.575158363137783e-05
28,310,contact,0.0016362864645898653,-0.00011371353541013473,0.00011371353541013473,0.0002207586290921131,0.0002207586290921131,0.0,0.0002207586290921131,300.85567530217367,300.783421081545,1.5950742692106238e-05
29,105,contact,0.0016741122098369032,-7.58877901630968e-05,7.58877901630968e-05,0.000180342281901187,0.000180342281901187,0.0,0.000180342281901187,300.95541916363686,300.8544469285914,1.8209563276758866e-05
29,383,contact,0.001659302624739984,-9.069737526001603e-05,9.069737526001603e-05,0.00019715553170749232,0.00019715553170749232,0.0,0.00019715553170749232,300.95541916363686,300.9276213916487,5.480484516609697e-06
29,384,contact,0.0016863396853077973,-6.366031469220274e-05,6.366031469220274e-05,0.00016517563988356163,0.00016517563988356163,0.0,0.00016517563988356163,300.95541916363686,300.9561769279513,-1.251642055143507e-07
30,84,contact,0.0014643038767277782,-3.569612327222185e-05,3.569612327222185e-05,0.00011569808221004872,0.00011569808221004872,0.0,0.00011569808221004872,300.515938430737,300.49950246524463,1.9016096867352855e-06
30,154,contact,0.0016528364023399287,-9.716359766007133e-05,9.716359766007133e-05,0.0002040625929814582,0.0002040625929814582,0.0,0.0002040625929814582,300.515938430737,300.4938291801812,4.511670997290493e-06
30,223,contact,0.0017314178952812054,-1.8582104718794677e-05,1.8582104718794677e-05,8.923989671216411e-05,8.923989671216411e-05,0.0,8.923989671216411e-05,300.515938430737,300.5696403778207,-4.792356210992334e-06
30,387,contact,0.0016674800466572304,-8.251995334276961e-05,8.251995334276961e-05,0.00018805768872810918,0.00018805768872810918,0.0,0.00018805768872810918,300.515938430737,300.5245577245505,-1.620924473039834e-06
31,156,contact,0.0016978280479777689,-5.2171952022231176e-05,5.2171952022231176e-05,0.0001495306256575142,0.0001495306256575142,0.0,0.0001495306256575142,300.23245875615544,300.32179365082027,-1.3358302692280193e-05
31,217,contact,0.001684280574755881,-6.57194252441191e-05,6.57194252441191e-05,0.00016782570709448932,0.00016782570709448932,0.0,0.00016782570709448932,300.23245875615544,300.1758300022796,9.503760661090543e-06
31,453,contact,0.0019413739881331466,-5.862601186685341e-05,5.862601186685341e-05,0.0001657737707316436,0.0001657737707316436,0.0,0.0001657737707316436,300.23245875615544,300.20920693523016,3.854542031160876e-06
32,325,contact,0.0016340168906437285,-0.00011598310935627149,0.00011598310935627149,0.000222950772295082,0.000222950772295082,0.0,0.000222950772295082,300.14145248010925,300.05586397306934,1.9082023744132197e-05
32,326,contact,0.0016303231047482573,-0.00011967689525174273,0.00011967689525174273,0.00022647317272699784,0.00022647317272699784,0.0,0.00022647317272699784,300.14145248010925,300.20024153696465,-1.3314144227670988e-05
32,330,contact,0.0016785338032342394,-7.146619676576065e-05,7.146619676576065e-05,0.00017500962842789209,0.00017500962842789209,0.0,0.00017500962842789209,300.14145248010925,300.1583708368693,-2.960875330190819e-06
32,389,contact,0.001603229921130778,-0.00014677007886922198,0.00014677007886922198,0.000250801639493293,0.000250801639493293,0.0,0.000250801639493293,300.14145248010925,300.15264460864546,-2.8070041863008006e-06
33,222,contact,0.0016938883311080444,-5.611166889195568e-05,5.611166889195568e-05,0.00015507371826506395,0.00015507371826506395,0.0,0.00015507371826506395,300.371157147169,300.4490176357876,-1.2074115476016183e-05
33,328,contact,0.0016777306065766078,-7.22693934233922e-05,7.22693934233922e-05,0.00017599033263635192,0.00017599033263635192,0.0,0.00017599033263635192,300.371157147169,300.41756792642093,-8.167848478456714e-06
33,442,contact,0.00191181482004508,-8.818517995492006e-05,8.818517995492006e-05,0.00020331454228330245,0.00020331454228330245,0.0,0.00020331454228330245,300.371157147169,300.35976386383913,2.31642018531862e-06
33,446,contact,0.001926820219403201,-7.317978059679904e-05,7.317978059679904e-05,0.00018521075064571588,0.00018521075064571588,0.0,0.00018521075064571588,300.371157147169,300.2743725722637,1.7925543769139724e-05
34,447,contact,0.0019195724894423755,-8.042751055762449e-05,8.042751055762449e-05,0.00019416589704138694,0.00019416589704138694,0.0,0.00019416589704138694,300.9557707827677,300.8888918144989,1.298561486711043e-05
34,483,contact,0.0019523850673442208,-4.761493265577929e-05,4.761493265577929e-05,0.00014939712072994092,0.00014939712072994092,0.0,0.00014939712072994092,300.9557707827677,300.92106675323924,5.184682089273892e-06
35,142,contact,0.0017116906614806308,-3.830933851936926e-05,3.830933851936926e-05,0.00012813386725168542,0.00012813386725168542,0.0,0.00012813386725168542,300.8325211067481,300.8050699251647,3.5174260569149756e-06
35,228,contact,0.0017163036874341322,-3.369631256586788e-05,3.369631256586788e-05,0.00012017186365345,0.00012017186365345,0.0,0.00012017186365345,300.8325211067481,300.8222555872099,1.2336266142791174e-06
35,249,contact,0.0017326702748232277,-1.732972517677232e-05,1.732972517677232e-05,8.618018957834547e-05,8.618018957834547e-05,0.0,8.618018957834547e-05,300.8325211067481,300.93356910346733,-8.708335513774138e-06
35,263,contact,0.0017377275148883385,-1.2272485111661582e-05,1.2272485111661582e-05,7.252335124927965e-05,7.252335124927965e-05,0.0,7.252335124927965e-05,300.8325211067481,300.7779554699651,3.957282842555916e-06
36,389,contact,0.0016948186247985368,-5.518137520146328e-05,5.518137520146328e-05,0.0001537828364955827,0.0001537828364955827,0.0,0.0001537828364955827,300.0447362340213,300.15264460864546,-1.6594455931333368e-05
37,115,contact,0.001750027167207412,-0.0,0.0,9.258200997725515e-08,9.258200997725515e-08,0.0,9.258200997725515e-08,300.5595507474215,300.57606418289447,-1.5288470477175467e-09
37,131,contact,0.001749974501535862,-2.5498464138089608e-08,2.5498464138089608e-08,3.3057394334760268e-06,3.3057394334760268e-06,0.0,3.3057394334760268e-06,300.5595507474215,300.50565225543943,1.7817437035001282e-07
37,173,contact,0.0017499910814118454,-8.918588154669185e-09,8.918588154669185e-09,1.9550580723566226e-06,1.9550580723566226e-06,0.0,1.9550580723566226e-06,300.5595507474215,300.6499038299208,-1.7664552330254336e-07
38,291,contact,0.001705209190934063,-4.479080906593714e-05,4.479080906593714e-05,0.00013854985033647194,0.00013854985033647194,0.0,0.00013854985033647194,300.95692218925876,300.88009144035357,1.0644888762053812e-05
39,80,contact,0.0014309305755696186,-6.906942443038141e-05,6.906942443038141e-05,0.0001609379823453526,0.0001609379823453526,0.0,0.0001609379823453526,300.6662996920824,300.72869823749045,-1.0042295999253182e-05
39,316,contact,0.0016475213960977868,-0.0001024786039022132,0.0001024786039022132,0.00020956956284817958,0.00020956956284817958,0.0,0.00020956956284817958,300.6662996920824,300.6195465058676,9.798044796795325e-06
39,393,contact,0.0017156405247603593,-3.435947523964069e-05,3.435947523964069e-05,0.00012134862746820599,0.00012134862746820599,0.0,0.00012134862746820599,300.6662996920824,300.7426123762127,-9.260439477626719e-06
39,484,contact,0.0018956526085493616,-0.00010434739145063847,0.00010434739145063847,0.00022116247363078298,0.00022116247363078298,0.0,0.00022116247363078298,300.6662996920824,300.62332363685897,9.504690680110976e-06
40,120,contact,0.0016573866606622008,-9.261333933779925e-05,9.261333933779925e-05,0.00019922708436548254,0.00019922708436548254,0.0,0.00019922708436548254,300.6519688359057,300.6780207935425,-5.190255561994658e-06
40,349,contact,0.0016918145899607322,-5.8185410039267825e-05,5.8185410039267825e-05,0.00015791328095680665,0.00015791328095680665,0.0,0.00015791328095680665,300.6519688359057,300.62070785202144,4.936524531097833e-06
40,428,contact,0.0019390030830878013,-6.099691691219874e-05,6.099691691219874e-05,0.0001690925923942062,0.0001690925923942062,0.0,0.0001690925923942062,300.6519688359057,300.57350191394846,1.3268175250939371e-05
40,450,contact,0.0019297850952293993,-7.021490477060075e-05,7.021490477060075e-05,0.0001814200557028332,0.0001814200557028332,0.0,0.0001814200557028332,300.6519688359057,300.72370536012625,-1.3014444220023226e-05
41,108,contact,0.0016683701433322902,-8.16298566677098e-05,8.16298566677098e-05,0.00018704070221788985,0.00018704070221788985,0.0,0.00018704070221788985,300.6622733808908,300.721150262879,-1.101237335147765e-05
41,202,contact,0.001583947320961571,-0.00016605267903842908,0.00016605267903842908,0.00026676850240163745,0.00026676850240163745,0.0,0.00026676850240163745,300.6622733808908,300.5716356371502,2.4179295158732077e-05
41,239,contact,0.0017015254062458201,-4.8474593754179894e-05,4.8474593754179894e-05,0.0001441347490879577,0.0001441347490879577,0.0,0.0001441347490879577,300.6622733808908,300.6176211721795,6.435934898824031e-06
41,307,contact,0.0016049642265483681,-0.0001450357734516319,0.0001450357734516319,0.00024931543999946726,0.00024931543999946726,0.0,0.00024931543999946726,300.6622733808908,300.69511569541737,-8.188096096797717e-06
41,499,contact,0.0019306015426545171,-6.939845734548291e-05,6.939845734548291e-05,0.0001803622102345586,0.0001803622102345586,0.0,0.0001803622102345586,300.6622733808908,300.7255613645234,-1.1414760609267853e-05
42,65,contact,0.001488437768971213,-1.156223102878693e-05,1.156223102878693e-05,6.584707006234293e-05,6.584707006234293e-05,0.0,6.584707006234293e-05,300.20512292581304,300.2365763142591,-2.071113472704407e-06
42,292,contact,0.0017418077742678733,-8.192225732126749e-06,8.192225732126749e-06,5.9253302736616954e-05,5.9253302736616954e-05,0.0,5.9253302736616954e-05,300.20512292581304,300.2000996773458,2.9764406215057305e-07
42,353,contact,0.001740908456094117,-9.09154390588314e-06,9.09154390588314e-06,6.242095769582683e-05,6.242095769582683e-05,0.0,6.242095769582683e-05,300.20512292581304,300.19106029643325,8.778027936081899e-07
43,126,contact,0.0017330164096741839,-1.6983590325816153e-05,1.6983590325816153e-05,8.531518955149149e-05,8.531518955149149e-05,0.0,8.531518955149149e-05,300.2955556116824,300.26670891348743,2.4610615244383804e-06
43,442,contact,0.0019914857195131985,-8.514280486801584e-06,8.514280486801584e-06,6.317490782097147e-05,6.317490782097147e-05,0.0,6.317490782097147e-05,300.2955556116824,300.35976386383913,-4.056350411347222e-06
43,498,contact,0.001986701050179417,-1.3298949820582991e-05,1.3298949820582991e-05,7.895494112719151e-05,7.895494112719151e-05,0.0,7.895494112719151e-05,300.2955556116824,300.2448948842759,3.999914749842734e-06
44,71,contact,0.0014657616116203892,-3.423838837961083e-05,3.423838837961083e-05,0.00011331105701719519,0.00011331105701719519,0.0,0.00011331105701719519,300.0585065999161,300.0515665778307,7.863812382147628e-07
44,345,contact,0.0017131720253377928,-3.682797466220719e-05,3.682797466220719e-05,0.00012563207278547348,0.00012563207278547348,0.0,0.00012563207278547348,300.0585065999161,300.1184539545727,-7.53131042351817e-06
44,372,contact,0.0016890120486248751,-6.0987951375124924e-05,6.0987951375124924e-05,0.0001616715604133334,0.0001616715604133334,0.0,0.0001616715604133334,300.0585065999161,300.0897960109839,-5.05860791174594e-06
44,431,contact,0.0018046159995664494,-0.0001953840004335506,0.0001953840004335506,0.0003026322028522854,0.0003026322028522854,0.0,0.0003026322028522854,300.0585065999161,300.1602464913364,-3.078976745848459e-05
45,216,contact,0.0016670455014186026,-8.29544985813974e-05,8.29544985813974e-05,0.00018855218896490178,0.00018855218896490178,0.0,0.00018855218896490178,300.84374200703957,300.8397508263449,7.52545856528954e-07
45,346,contact,0.0017087026840047392,-4.129731599526081e-05,4.129731599526081e-05,0.00013303702384018755,0.00013303702384018755,0.0,0.00013303702384018755,300.84374200703957,300.7742412384343,9.246175409852051e-06
45,418,contact,0.0019632336082086614,-3.6766391791338664e-05,3.6766391791338664e-05,0.00013127926779270976,0.00013127926779270976,0.0,0.00013127926779270976,300.84374200703957,300.935143167177,-1.1999077378245065e-05
45,440,contact,0.0019216093798948846,-7.839062010511549e-05,7.839062010511549e-05,0.0001916914269712469,0.0001916914269712469,0.0,0.0001916914269712469,300.84374200703957,300.7574629009018,1.653896497334665e-05
45,474,contact,0.0019468176491135476,-5.3182350886452415e-05,5.3182350886452415e-05,0.0001578899204446711,0.0001578899204446711,0.0,0.0001578899204446711,300.84374200703957,300.93582267197706,-1.4538608861473992e-05
46,95,contact,0.0014203654137228219,-7.963458627717815e-05,7.963458627717815e-05,0.00017280905605303735,0.00017280905605303735,0.0,0.00017280905605303735,300.678680534881,300.6920016036836,-2.302001325396785e-06
46,293,contact,0.0016745344046928394,-7.546559530716059e-05,7.546559530716059e-05,0.00017983992323392241,0.00017983992323392241,0.0,0.00017983992323392241,300.678680534881,300.7225153464876,-7.883249154312235e-06
46,380,contact,0.001725178705931648,-2.4821294068352092e-05,2.4821294068352092e-05,0.00010313921396765238,0.00010313921396765238,0.0,0.00010313921396765238,300.678680534881,300.677521633426,1.195281851317115e-07
46,436,contact,0.001952097202754002,-4.790279724599801e-05,4.790279724599801e-05,0.00014984804372784305,0.00014984804372784305,0.0,0.00014984804372784305,300.678680534881,300.6115076706636,1.0065722294566645e-05
47,243,contact,0.0016370446284692433,-0.00011295537153075677,0.00011295537153075677,0.000220021464729587,0.000220021464729587,0.0,0.000220021464729587,300.35932799523937,300.2701719133287,1.9616251731540418e-05
47,455,contact,0.001909548400867185,-9.045159913281505e-05,9.045159913281505e-05,0.00020591062889881875,0.00020591062889881875,0.0,0.00020591062889881875,300.35932799523937,300.4739231258442,-2.3596355411579083e-05
47,493,contact,0.001916345645440806,-8.365435455919413e-05,8.365435455919413e-05,0.00019802267218584405,0.00019802267218584405,0.0,0.00019802267218584405,300.35932799523937,300.3392287629844,3.980103680009024e-06
48,144,contact,0.0017440934902789162,-5.906509721083884e-06,5.906509721083884e-06,5.031263567967743e-05,5.031263567967743e-05,0.0,5.031263567967743e-05,300.2878652861667,300.22217562513106,3.3050199836087912e-06
48,234,contact,0.001723654969365536,-2.6345030634464034e-05,2.6345030634464034e-05,0.00010625783460418483,0.00010625783460418483,0.0,0.00010625783460418483,300.2878652861667,300.3017410980213,-1.4744137210422391e-06
48,274,contact,0.0017051505677500277,-4.484943224997238e-05,4.484943224997238e-05,0.00013864048921577045,0.00013864048921577045,0.0,0.00013864048921577045,300.2878652861667,300.2434454823018,6.158383338699964e-06
48,408,contact,0.001982074078339112,-1.7925921660888033e-05,1.7925921660888033e-05,9.166665576173959e-05,9.166665576173959e-05,0.0,9.166665576173959e-05,300.2878652861667,300.333774669537,-4.208359641635189e-06
48,461,contact,0.0019545213614703323,-4.547863852966778e-05,4.547863852966778e-05,0.00014600723204958641,0.00014600723204958641,0.0,0.00014600723204958641,300.2878652861667,300.25778126165585,4.392485147744074e-06
48,493,contact,0.0019459836639103213,-5.4016336089678704e-05,5.4016336089678704e-05,0.00015912308928008184,0.00015912308928008184,0.0,0.00015912308928008184,300.2878652861667,300.3392287629844,-8.17311510739805e-06
49,124,contact,0.0015691501613612382,-0.0001808498386387618,0.0001808498386387618,0.0002784009225960404,0.0002784009225960404,0.0,0.0002784009225960404,300.04644555371493,300.14413438619147,-2.7196661088797513e-05
49,140,contact,0.001656367685750963,-9.363231424903713e-05,9.363231424903713e-05,0.00020032008056647434,0.00020032008056647434,0.0,0.00020032008056647434,300.04644555371493,300.0488609417092,-4.838507176154848e-07
49,152,contact,0.001584431002631543,-0.00016556899736845697,0.00016556899736845697,0.00026637969466409916,0.00026637969466409916,0.0,0.00026637969466409916,300.04644555371493,300.0488142579609,-6.309747137864656e-07
49,301,contact,0.0016946240346755379,-5.537596532446216e-05,5.537596532446216e-05,0.0001540537457111207,0.0001540537457111207,0.0,0.0001540537457111207,300.04644555371493,300.06039078376017,-2.148314923272117e-06
50,60,contact,0.0015000000385333332,-0.0,0.0,8.660254037844388e-08,8.660254037844388e-08,0.0,8.660254037844388e-08,300.20841058878375,300.1845434808347,2.0669521798750316e-09
50,258,contact,0.0017500004103428088,-0.0,0.0,9.258200997725515e-08,9.258200997725515e-08,0.0,9.258200997725515e-08,300.20841058878375,300.2307362239733,-2.0669521798657705e-09
52,76,contact,0.0014514852821851134,-4.8514717814886676e-05,4.8514717814886676e-05,0.00013488150051279272,0.00013488150051279272,0.0,0.00013488150051279272,300.2401557415319,300.1990437565038,5.545246229652814e-06
52,89,contact,0.0014396023414818412,-6.039765851815885e-05,6.039765851815885e-05,0.00015049625226001332,0.00015049625226001332,0.0,0.00015049625226001332,300.2401557415319,300.26315748212375,-3.4616757545285585e-06
52,204,contact,0.0016511333199235203,-9.88666800764797e-05,9.88666800764797e-05,0.0002058432275264146,0.0002058432275264146,0.0,0.0002058432275264146,300.2401557415319,300.16800602038023,1.4851531466991573e-05
52,358,contact,0.0016501241519272045,-9.98758480727955e-05,9.98758480727955e-05,0.00020689111843755141,0.00020689111843755141,0.0,0.00020689111843755141,300.2401557415319,300.32201088384073,-1.6935101942137775e-05
53,60,contact,0.0014802322571137276,-1.9767742886272425e-05,1.9767742886272425e-05,8.609822055276265e-05,8.609822055276265e-05,0.0,8.609822055276265e-05,300.18053763644946,300.1845434808347,-3.4489607337984565e-07
53,352,contact,0.0016828501371482837,-6.714986285171636e-05,6.714986285171636e-05,0.00016964230796218135,0.00016964230796218135,0.0,0.00016964230796218135,300.18053763644946,300.08982522903773,1.5388662154131417e-05
53,407,contact,0.0019314017550991305,-6.859824490086956e-05,6.859824490086956e-05,0.000179319344459215,0.000179319344459215,0.0,0.000179319344459215,300.18053763644946,300.26443135202214,-1.504376608074177e-05
54,112,contact,0.0016943163724641263,-5.568362753587369e-05,5.568362753587369e-05,0.00015448110499698248,0.00015448110499698248,0.0,0.00015448110499698248,300.13190089670206,300.06690699551865,1.0040329672878408e-05
54,140,contact,0.0017262891315188186,-2.3710868481181422e-05,2.3710868481181422e-05,0.00010080575766120296,0.00010080575766120296,0.0,0.00010080575766120296,300.13190089670206,300.0488609417092,8.370905579205587e-06
54,256,contact,0.001707742498856313,-4.225750114368707e-05,4.225750114368707e-05,0.00013457472880525802,0.00013457472880525802,0.0,0.00013457472880525802,300.13190089670206,300.2153579864409,-1.1231215218478985e-05
55,126,contact,0.0016911742562196247,-5.882574378037538e-05,5.882574378037538e-05,0.00015877982569814184,0.00015877982569814184,0.0,0.00015877982569814184,300.2638104764402,300.26670891348743,-4.602133291571376e-07
55,390,contact,0.0017311734634345574,-1.8826536565442684e-05,1.8826536565442684e-05,8.982491675979447e-05,8.982491675979447e-05,0.0,8.982491675979447e-05,300.2638104764402,300.2282699498431,3.1924248431853098e-06
55,466,contact,0.0019308570046484533,-6.914299535154675e-05,6.914299535154675e-05,0.00018002993937408726,0.00018002993937408726,0.0,0.00018002993937408726,300.2638104764402,300.1976790851338,1.1905630367612535e-05
55,477,contact,0.0019672865884003783,-3.271341159962176e-05,3.271341159962176e-05,0.00012383219164386415,0.00012383219164386415,0.0,0.00012383219164386415,300.2638104764402,300.32887551666977,-8.057146531023795e-06
56,112,contact,0.0017174382122510255,-3.256178774897452e-05,3.256178774897452e-05,0.00011813150254025236,0.00011813150254025236,0.0,0.00011813150254025236,300.03405639332345,300.06690699551865,-3.880690996670692e-06
56,140,contact,0.0016674546932675552,-8.254530673244484e-05,8.254530673244484e-05,0.00018808657588512435,0.00018808657588512435,0.0,0.00018808657588512435,300.03405639332345,300.0488609417092,-2.7845368134048633e-06
56,226,contact,0.0016579328451116475,-9.206715488835251e-05,9.206715488835251e-05,0.00019863874771808298,0.00019863874771808298,0.0,0.00019863874771808298,300.03405639332345,300.0616965055038,-5.490397270289279e-06
57,167,contact,0.0017422861940565332,-7.713805943466816e-06,7.713805943466816e-06,5.749710282191921e-05,5.749710282191921e-05,0.0,5.749710282191921e-05,300.5867969257649,300.6266120346877,-2.2892534116015005e-06
57,175,contact,0.001734453013517518,-1.5546986482482036e-05,1.5546986482482036e-05,8.162716586270783e-05,8.162716586270783e-05,0.0,8.162716586270783e-05,300.5867969257649,300.5886803722974,-1.5374040250447046e-07
57,275,contact,0.0017319030639732693,-1.809693602673073e-05,1.809693602673073e-05,8.806718870125095e-05,8.806718870125095e-05,0.0,8.806718870125095e-05,300.5867969257649,300.50228797798667,7.442465450927249e-06
57,421,contact,0.001979874578679164,-2.0125421320836036e-05,2.0125421320836036e-05,9.712770585235652e-05,9.712770585235652e-05,0.0,9.712770585235652e-05,300.5867969257649,300.638270103196,-4.999471636818752e-06
58,288,contact,0.0017499958292807446,-4.170719255418634e-09,4.170719255418634e-09,1.3369559115637018e-06,1.3369559115637018e-06,0.0,1.3369559115637018e-06,300.82835152082424,300.8285171147594,-2.213917905189711e-10
58,313,contact,0.0017500297140620217,-0.0,0.0,9.258200997725515e-08,9.258200997725515e-08,0.0,9.258200997725515e-08,300.82835152082424,300.8259602161791,2.2139179051406572e-10
59,447,contact,0.0019252940690512711,-7.470593094872891e-05,7.470593094872891e-05,0.00018713205265858833,0.00018713205265858833,0.0,0.00018713205265858833,300.9568971520734,300.8888918144989,1.2725978412057283e-05
59,474,contact,0.0019471853064242056,-5.281469357579444e-05,5.281469357579444e-05,0.00015734321597594744,0.00015734321597594744,0.0,0.00015734321597594744,300.9568971520734,300.93582267197706,3.315926473377841e-06
60,300,contact,0.0016858876121497548,-6.411238785024526e-05,6.411238785024526e-05,0.00016576108605491553,0.00016576108605491553,0.0,0.00016576108605491553,300.1845434808347,300.27112776211237,-1.4352304499872605e-05
60,352,contact,0.0017122457102004952,-3.775428979950479e-05,3.775428979950479e-05,0.00012720224020854932,0.00012720224020854932,0.0,0.00012720224020854932,300.1845434808347,300.08982522903773,1.2048373817211051e-05
61,92,contact,0.001420410725987381,-7.958927401261894e-05,7.958927401261894e-05,0.0001727598846802466,0.0001727598846802466,0.0,0.0001727598846802466,300.83303035333296,300.8299404076473,5.33818660320183e-07
61,142,contact,0.0016853427782501692,-6.465722174983082e-05,6.465722174983082e-05,0.00016646392369755266,0.00016646392369755266,0.0,0.00016646392369755266,300.83303035333296,300.8050699251647,4.654402581156302e-06
61,145,contact,0.0017035453187482278,-4.645468125177225e-05,4.645468125177225e-05,0.00014109978422344378,0.00014109978422344378,0.0,0.00014109978422344378,300.83303035333296,300.94836861092324,-1.627420325869663e-05
61,220,contact,0.0017119206258468884,-3.8079374153111595e-05,3.8079374153111595e-05,0.00012774870558993922,0.00012774870558993922,0.0,0.00012774870558993922,300.83303035333296,300.7462507498447,1.1085982017232505e-05
62,151,contact,0.0016817350527654471,-6.82649472345529e-05,6.82649472345529e-05,0.00017104504072806533,0.00017104504072806533,0.0,0.00017104504072806533,300.5030666496341,300.52069550996356,-3.0153291330429783e-06
62,158,contact,0.0015949856973966874,-0.0001550143026033126,0.0001550143026033126,0.0002577492989625877,0.0002577492989625877,0.0,0.0002577492989625877,300.5030666496341,300.4659441432144,9.568300005406126e-06
62,273,contact,0.0016473641515159904,-0.00010263584848400962,0.00010263584848400962,0.00020973028443082008,0.00020973028443082008,0.0,0.00020973028443082008,300.5030666496341,300.595271661759,-1.9338183418903994e-05
62,373,contact,0.0017312554418687039,-1.874455813129618e-05,1.874455813129618e-05,8.96291362017385e-05,8.96291362017385e-05,0.0,8.96291362017385e-05,300.5030666496341,300.3950097388592,9.685047573383122e-06
62,497,contact,0.0018927953449065754,-0.00010720465509342467,0.00010720465509342467,0.000224169984777273,0.000224169984777273,0.0,0.000224169984777273,300.5030666496341,300.5002851303603,6.235331332677504e-07
63,224,contact,0.0016506722841315292,-9.93277158684708e-05,9.93277158684708e-05,0.0002063226140937718,0.0002063226140937718,0.0,0.0002063226140937718,300.8466048203163,300.8339038267994,2.6205021839922027e-06
63,241,contact,0.0016594470848375975,-9.05529151624025e-05,9.05529151624025e-05,0.00019699845738598617,0.00019699845738598617,0.0,0.00019699845738598617,300.8466048203163,300.94369858402916,-1.912732167323062e-05
63,336,contact,0.0016761273614197697,-7.387263858023036e-05,7.387263858023036e-05,0.00017793173479924864,0.00017793173479924864,0.0,0.00017793173479924864,300.8466048203163,300.758054040159,1.5755993931221318e-05
63,444,contact,0.0019559518660999817,-4.4048133900018334e-05,4.4048133900018334e-05,0.00014369259815882513,0.00014369259815882513,0.0,0.00014369259815882513,300.8466048203163,300.84000414684,9.484679214115797e-07
64,166,contact,0.0017099412242483657,-4.0058775751634305e-05,4.0058775751634305e-05,0.0001310268932345586,0.0001310268932345586,0.0,0.0001310268932345586,300.3410511491091,300.2819424621309,7.74482761792276e-06
64,211,contact,0.0017076130433267573,-4.238695667324274e-05,4.238695667324274e-05,0.00013478070549691778,0.00013478070549691778,0.0,0.00013478070549691778,300.3410511491091,300.3995175860186,-7.880147614553179e-06
64,493,contact,0.0019882374393507436,-1.1762560649256418e-05,1.1762560649256418e-05,7.425429485449947e-05,7.425429485449947e-05,0.0,7.425429485449947e-05,300.3410511491091,300.3392287629844,1.353199966401766e-07
65,124,contact,0.001619199040297393,-0.00013080095970260702,0.00013080095970260702,0.000236764765449296,0.000236764765449296,0.0,0.000236764765449296,300.2365763142591,300.14413438619147,2.18869914166095e-05
65,425,contact,0.001910776327176992,-8.922367282300806e-05,8.922367282300806e-05,0.00020450818231988917,0.00020450818231988917,0.0,0.00020450818231988917,300.2365763142591,300.2269768002313,1.963179164979205e-06
65,480,contact,0.0018550366960251767,-0.0001449633039748233,0.0001449633039748233,0.0002606751786001084,0.0002606751786001084,0.0,0.0002606751786001084,300.2365763142591,300.3360153333231,-2.592128405432605e-05
67,261,contact,0.0016759200694543878,-7.407993054561225e-05,7.407993054561225e-05,0.00017818120457109175,0.00017818120457109175,0.0,0.00017818120457109175,300.58388038370117,300.5158679385538,1.2118539402181956e-05
67,426,contact,0.0019214294061713525,-7.857059382864752e-05,7.857059382864752e-05,0.000191911348953569,0.000191911348953569,0.0,0.000191911348953569,300.58388038370117,300.69153428661286,-2.0660005727899544e-05
68,172,contact,0.0016917655958199403,-5.8234404180059754e-05,5.8234404180059754e-05,0.0001579797512070904,0.0001579797512070904,0.0,0.0001579797512070904,300.4436753678078,300.4175778689583,4.122876375377296e-06
68,387,contact,0.0016544704813323211,-9.552951866767891e-05,9.552951866767891e-05,0.0002023393740381444,0.0002023393740381444,0.0,0.0002023393740381444,300.4436753678078,300.5245577245505,-1.6365685434043166e-05
68,468,contact,0.0018954474440880701,-0.00010455255591192993,0.00010455255591192993,0.00022137978811020024,0.00022137978811020024,0.0,0.00022137978811020024,300.4436753678078,300.38154098731525,1.3755295987805925e-05
68,495,contact,0.0019764648752001648,-2.3535124799835272e-05,2.3535124799835272e-05,0.000105033755288111,0.000105033755288111,0.0,0.000105033755288111,300.4436753678078,300.4580753759287,-1.5124869291116062e-06
69,271,contact,0.0017075099844185396,-4.2490015581460447e-05,4.2490015581460447e-05,0.00013494445775121246,0.00013494445775121246,0.0,0.00013494445775121246,300.95065142010446,300.9413408712301,1.2564069692138406e-06
69,490,contact,0.0018434998986590699,-0.00015650010134093018,0.00015650010134093018,0.0002708494461939345,0.0002708494461939345,0.0,0.0002708494461939345,300.95065142010446,300.8403069791053,2.9886730735197034e-05
70,264,contact,0.0015955819549747364,-0.0001544180450252636,0.0001544180450252636,0.00025725310912345527,0.00025725310912345527,0.0,0.00025725310912345527,300.95843388336806,300.8826108437722,1.9505712679218676e-05
70,486,contact,0.0018262314520457147,-0.0001737685479542854,0.0001737685479542854,0.0002854014836218818,0.0002854014836218818,0.0,0.0002854014836218818,300.95843388336806,300.9269023055021,8.999159103884555e-06
71,98,contact,0.0014723159103942345,-2.7684089605765558e-05,2.7684089605765558e-05,0.00010188981108119735,0.00010188981108119735,0.0,0.00010188981108119735,300.0515665778307,300.0660440684971,-1.47510878892579e-06
71,127,contact,0.0017001059084657043,-4.989409153429575e-05,4.989409153429575e-05,0.00014622989463897848,0.00014622989463897848,0.0,0.00014622989463897848,300.0515665778307,300.06148674610006,-1.450625160825349e-06
71,372,contact,0.0016910304663429344,-5.8969533657065665e-05,5.8969533657065665e-05,0.00015897376287173795,0.00015897376287173795,0.0,0.00015897376287173795,300.0515665778307,300.0897960109839,-6.0774768408118155e-06
71,385,contact,0.0017455819087055183,-4.418091294481697e-06,4.418091294481697e-06,4.3513994273509447e-05,4.3513994273509447e-05,0.0,4.3513994273509447e-05,300.0515665778307,300.18544304634355,-5.82549988422469e-06
72,233,contact,0.0017154216760027253,-3.457832399727471e-05,3.457832399727471e-05,0.00012173447216428769,0.00012173447216428769,0.0,0.00012173447216428769,300.63571567486883,300.55131306920214,1.0274706650125781e-05
72,413,contact,0.0019664593673147687,-3.3540632685231334e-05,3.3540632685231334e-05,0.00012538808384851484,0.00012538808384851484,0.0,0.00012538808384851484,300.63571567486883,300.7176589212665,-1.0274706650128905e-05
73,112,contact,0.0017499609921652532,-3.900783474681223e-08,3.900783474681223e-08,4.088721494907611e-06,4.088721494907611e-06,0.0,4.088721494907611e-06,300.0809829340999,300.06690699551865,5.7552592638127625e-08
73,469,contact,0.001999968149346384,-3.185065361585235e-08,3.185065361585235e-08,3.863935025648178e-06,3.863935025648178e-06,0.0,3.863935025648178e-06,300.0809829340999,300.0958777478729,-5.755259263810135e-08
74,120,contact,0.0017499702384642661,-2.9761535733910036e-08,2.9761535733910036e-08,3.571406429680252e-06,3.571406429680252e-06,0.0,3.571406429680252e-06,300.6294110774351,300.6780207935425,-1.73605052650773e-07
74,398,contact,0.0017499954015726118,-4.598427388218321e-09,4.598427388218321e-09,1.4038356723458442e-06,1.4038356723458442e-06,0.0,1.4038356723458442e-06,300.6294110774351,300.48338972613743,2.049899818758423e-07
74,465,contact,0.0019999891553795987,-1.084462040133738e-08,1.084462040133738e-08,2.254643167582599e-06,2.254643167582599e-06,0.0,2.254643167582599e-06,300.6294110774351,300.6433312088672,-3.138492922520706e-08
75,485,contact,0.0019999978218738146,-2.178126185491125e-09,2.178126185491125e-09,1.0104437883667576e-06,1.0104437883667576e-06,0.0,1.0104437883667576e-06,300.5732978229296,300.5732978229296,0.0
76,314,contact,0.001697443777095429,-5.255622290457093e-05,5.255622290457093e-05,0.0001500802969431044,0.0001500802969431044,0.0,0.0001500802969431044,300.1990437565038,300.16667816761145,4.8574371916997265e-06
76,333,contact,0.001729532884287136,-2.0467115712864128e-05,2.0467115712864128e-05,9.365693257735335e-05,9.365693257735335e-05,0.0,9.365693257735335e-05,300.1990437565038,300.2467188604733,-4.465103998093394e-06
76,401,contact,0.001981946818739464,-1.8053181260536174e-05,1.8053181260536174e-05,9.199146001600547e-05,9.199146001600547e-05,0.0,9.199146001600547e-05,300.1990437565038,300.1430286325438,5.152913036056129e-06
77,119,contact,0.0017047768210864474,-4.5223178913552644e-05,4.5223178913552644e-05,0.00013921696157983968,0.00013921696157983968,0.0,0.00013921696157983968,300.9438320142931,300.93665543208976,9.991019688753461e-07
77,136,contact,0.0017207084622730255,-2.9291537726974575e-05,2.9291537726974575e-05,0.00011204247484192497,0.00011204247484192497,0.0,0.00011204247484192497,300.9438320142931,300.8956539921641,5.3979848323199005e-06
77,348,contact,0.001711035068668378,-3.896493133162212e-05,3.896493133162212e-05,0.0001292256022813626,0.0001292256022813626,0.0,0.0001292256022813626,300.9438320142931,300.83551760143126,1.3996995237822159e-05
77,406,contact,0.0019464558243140154,-5.354417568598463e-05,5.354417568598463e-05,0.00015842611007282006,0.00015842611007282006,0.0,0.00015842611007282006,300.9438320142931,300.97286692618684,-4.5998881476331775e-06
78,151,contact,0.0017499965538251773,-3.4461748227212347e-09,3.4461748227212347e-09,1.2152909391913235e-06,1.2152909391913235e-06,0.0,1.2152909391913235e-06,300.52069550996356,300.52069550996356,0.0
80,138,contact,0.001683931255544596,-6.606874445540408e-05,6.606874445540408e-05,0.00016827113892516795,0.00016827113892516795,0.0,0.00016827113892516795,300.72869823749045,300.78837749124375,-1.0042295999272225e-05
81,119,contact,0.0015607784345627032,-0.00018922156543729686,0.00018922156543729686,0.0002847717623220118,0.0002847717623220118,0.0,0.0002847717623220118,300.94582896457746,300.93665543208976,2.612363013238733e-06
81,187,contact,0.0016425607583164163,-0.00010743924168358371,0.00010743924168358371,0.0002145818941405925,0.0002145818941405925,0.0,0.0002145818941405925,300.94582896457746,300.86740768526045,1.6827786656773057e-05
81,264,contact,0.001510882985317194,-0.00023911701468280603,0.00023911701468280603,0.000320122977273337,0.000320122977273337,0.0,0.000320122977273337,300.94582896457746,300.8826108437722,2.0237573049796227e-05
82,97,contact,0.0013909933527159642,-0.00010900664728403587,0.00010900664728403587,0.00020218183086398602,0.00020218183086398602,0.0,0.00020218183086398602,300.7256501381472,300.75347012101474,-5.624695070761325e-06
82,169,contact,0.0016975479510231834,-5.245204897681667e-05,5.245204897681667e-05,0.00014993148288966148,0.00014993148288966148,0.0,0.00014993148288966148,300.7256501381472,300.7623212938615,-5.498160755516593e-06
82,306,contact,0.0017081003152332713,-4.189968476672875e-05,4.189968476672875e-05,0.00013400376023518692,0.00013400376023518692,0.0,0.00013400376023518692,300.7256501381472,300.61701183964277,1.4557940505148336e-05
82,391,contact,0.0016647443702863226,-8.525562971367748e-05,8.525562971367748e-05,0.00019114948867351826,0.00019114948867351826,0.0,0.00019114948867351826,300.7256501381472,300.75592815863047,-5.787628133419849e-06
82,463,contact,0.0019376580695262004,-6.234193047379962e-05,6.234193047379962e-05,0.00017094671658032386,0.00017094671658032386,0.0,0.00017094671658032386,300.7256501381472,300.71188828590726,2.352543454483383e-06
83,114,contact,0.0016739118404289247,-7.60881595710753e-05,7.60881595710753e-05,0.0001805802072341998,0.0001805802072341998,0.0,0.0001805802072341998,300.69681439941684,300.6872357562452,1.7297133689616608e-06
83,414,contact,0.001920780668602222,-7.921933139777809e-05,7.921933139777809e-05,0.000192702002046446,0.000192702002046446,0.0,0.000192702002046446,300.69681439941684,300.74990619217317,-1.02308947563805e-05
83,465,contact,0.0019461007564501897,-5.389924354981036e-05,5.389924354981036e-05,0.00015895052819658577,0.00015895052819658577,0.0,0.00015895052819658577,300.69681439941684,300.6433312088672,8.501181387501948e-06
84,160,contact,0.0016580622700743182,-9.19377299256818e-05,9.19377299256818e-05,0.00019849907872295937,0.00019849907872295937,0.0,0.00019849907872295937,300.49950246524463,300.4762549523537,4.6146098914474725e-06
84,172,contact,0.0016388591049263503,-0.00011114089507364977,0.00011114089507364977,0.00021824713554688714,0.00021824713554688714,0.0,0.00021824713554688714,300.49950246524463,300.4175778689583,1.787980847032928e-05
84,223,contact,0.0016531614988560554,-9.683850114394462e-05,9.683850114394462e-05,0.00020372092375594674,0.00020372092375594674,0.0,0.00020372092375594674,300.49950246524463,300.5696403778207,-1.4288560340308405e-05
84,416,contact,0.0019307438748180869,-6.925612518191319e-05,6.925612518191319e-05,0.00018017715914904922,0.00018017715914904922,0.0,0.00018017715914904922,300.49950246524463,300.5631387984581,-1.1465813737067224e-05
84,422,contact,0.0019526493557984247,-4.735064420157537e-05,4.735064420157537e-05,0.00014898192665383427,0.00014898192665383427,0.0,0.00014898192665383427,300.49950246524463,300.46485688427924,5.161565402265052e-06
85,98,contact,0.0014169498509121622,-8.305014908783787e-05,8.305014908783787e-05,0.00017647607743810265,0.00017647607743810265,0.0,0.00017647607743810265,300.0453569050436,300.0660440684971,-3.6507894595923922e-06
85,110,contact,0.0017072231283578596,-4.277687164214042e-05,4.277687164214042e-05,0.00013539920601498648,0.00013539920601498648,0.0,0.00013539920601498648,300.0453569050436,300.1278803092793,-1.1173603411167693e-05
85,372,contact,0.0016234917339179786,-0.00012650826608202144,0.00012650826608202144,0.000232847220985921,0.000232847220985921,0.0,0.000232847220985921,300.0453569050436,300.0897960109839,-1.0347522321294217e-05
86,144,contact,0.0017410445660266409,-8.955433973359146e-06,8.955433973359146e-06,6.195194211192765e-05,6.195194211192765e-05,0.0,6.195194211192765e-05,300.1571909433184,300.22217562513106,-4.025927245818219e-06
86,344,contact,0.0015919735585684205,-0.00015802644143157957,0.00015802644143157957,0.00026024146048697015,0.00026024146048697015,0.0,0.00026024146048697015,300.1571909433184,300.1888923274245,-8.250014499229834e-06
86,381,contact,0.0016313614889107194,-0.00011863851108928061,0.00011863851108928061,0.0002254885278259634,0.0002254885278259634,0.0,0.0002254885278259634,300.1571909433184,300.07305584809603,1.8971498760194727e-05
86,411,contact,0.0018335186964395906,-0.00016648130356040946,0.00016648130356040946,0.0002793530222566814,0.0002793530222566814,0.0,0.0002793530222566814,300.1571909433184,300.1811590284355,-6.695557015160578e-06
87,97,contact,0.001428426920280296,-7.157307971970405e-05,7.157307971970405e-05,0.0001638288890729868,0.0001638288890729868,0.0,0.0001638288890729868,300.7276758557263,300.75347012101474,-4.225845826656626e-06
87,120,contact,0.0017057274573616672,-4.427254263833285e-05,4.427254263833285e-05,0.0001377459503760448,0.0001377459503760448,0.0,0.0001377459503760448,300.7276758557263,300.6780207935425,6.839783731493401e-06
87,429,contact,0.0018888998469651587,-0.00011110015303484135,0.00011110015303484135,0.00022820647829341277,0.00022820647829341277,0.0,0.00022820647829341277,300.7276758557263,300.82528855403524,-2.227585011779637e-05
87,465,contact,0.0018840701760786407,-0.00011592982392135938,0.00011592982392135938,0.000233113931293557,0.000233113931293557,0.0,0.000233113931293557,300.7276758557263,300.6433312088672,1.966191221289349e-05
88,117,contact,0.0017106342548891035,-3.936574511089657e-05,3.936574511089657e-05,0.00012988854306271848,0.00012988854306271848,0.0,0.00012988854306271848,300.6142222906343,300.7121461246569,-1.2719184132310295e-05
88,173,contact,0.0016795220887592052,-7.047791124079484e-05,7.047791124079484e-05,0.00017379533682811455,0.00017379533682811455,0.0,0.00017379533682811455,300.6142222906343,300.6499038299208,-6.201285138840434e-06
88,365,contact,0.00169377947602396,-5.622052397604013e-05,5.622052397604013e-05,0.00015522406474334375,0.00015522406474334375,0.0,0.00015522406474334375,300.6142222906343,300.5300371500796,1.306755970789384e-05
88,416,contact,0.0019314282564146168,-6.857174358538328e-05,6.857174358538328e-05,0.00017928470321153562,0.00017928470321153562,0.0,0.00017928470321153562,300.6142222906343,300.5631387984581,9.15848873381699e-06
88,476,contact,0.001914523693663779,-8.547630633622106e-05,8.547630633622106e-05,0.00020016747636692535,0.00020016747636692535,0.0,0.00020016747636692535,300.6142222906343,300.6307363579072,-3.3055791705716378e-06
89,319,contact,0.001713315211395732,-3.668478860426798e-05,3.668478860426798e-05,0.00012538760807580623,0.00012538760807580623,0.0,0.00012538760807580623,300.26315748212375,300.25146998144726,1.4654677542090923e-06
89,367,contact,0.0017108373161992929,-3.916268380070717e-05,3.916268380070717e-05,0.0001295531062659642,0.0001295531062659642,0.0,0.0001295531062659642,300.26315748212375,300.2062875221344,7.367679969840367e-06
89,475,contact,0.0019393304160199212,-6.066958398007888e-05,6.066958398007888e-05,0.00016863827409773256,0.00016863827409773256,0.0,0.00016863827409773256,300.26315748212375,300.3360639652124,-1.22948234786093e-05
90,150,contact,0.0017460929885318248,-3.907011468175193e-06,3.907011468175193e-06,4.091984220840541e-05,4.091984220840541e-05,0.0,4.091984220840541e-05,300.5136213364415,300.47976433741695,1.3854230577335714e-06
90,278,contact,0.00170355062002865,-4.644937997135001e-05,4.644937997135001e-05,0.00014109173303414546,0.00014109173303414546,0.0,0.00014109173303414546,300.5136213364415,300.4977286850101,2.242321732961869e-06
90,485,contact,0.0019542931702536334,-4.5706829746366626e-05,4.5706829746366626e-05,0.00014637307280920681,0.00014637307280920681,0.0,0.00014637307280920681,300.5136213364415,300.5732978229296,-8.735030701722531e-06
90,488,contact,0.0019925241351110403,-7.475864888959773e-06,7.475864888959773e-06,5.919722684974266e-05,5.919722684974266e-05,0.0,5.919722684974266e-05,300.5136213364415,300.4273455734903,5.107285911055317e-06
91,209,contact,0.0017128464641058755,-3.715353589412449e-05,3.715353589412449e-05,0.00012618614802990374,0.00012618614802990374,0.0,0.00012618614802990374,300.0463409850316,300.06752243075357,-2.6728050453627783e-06
91,352,contact,0.001683173472046182,-6.682652795381811e-05,6.682652795381811e-05,0.00016923339077036875,0.00016923339077036875,0.0,0.00016923339077036875,300.0463409850316,300.08982522903773,-7.358986058247116e-06
91,400,contact,0.0016774779017918538,-7.252209820814625e-05,7.252209820814625e-05,0.00017629775730865858,0.00017629775730865858,0.0,0.00017629775730865858,300.0463409850316,300.0570142631293,-1.8816749917608568e-06
91,459,contact,0.001987110691657614,-1.2889308342386215e-05,1.2889308342386215e-05,7.77294235505033e-05,7.77294235505033e-05,0.0,7.77294235505033e-05,300.0463409850316,300.0794181790498,-2.5710712237054117e-06
92,96,contact,0.0014516522367288938,-4.8347763271106275e-05,4.8347763271106275e-05,0.00013464921546991966,0.00013464921546991966,0.0,0.00013464921546991966,300.8299404076473,300.77743368277936,7.069989310364844e-06
92,185,contact,0.0017223428754170873,-2.765712458291272e-05,2.765712458291272e-05,0.00010887172907911805,0.00010887172907911805,0.0,0.00010887172907911805,300.8299404076473,300.9027419747117,-7.92603248597089e-06
92,440,contact,0.0019272533866879042,-7.274661331209582e-05,7.274661331209582e-05,0.00018466178540793143,0.00018466178540793143,0.0,0.00018466178540793143,300.8299404076473,300.7574629009018,1.3383825797536783e-05
92,464,contact,0.0019345013238558405,-6.549867614415953e-05,6.549867614415953e-05,0.0001752213013379788,0.0001752213013379788,0.0,0.0001752213013379788,300.8299404076473,300.7841184154324,8.02898910580046e-06
92,483,contact,0.001897002408433105,-0.00010299759156689493,0.00010299759156689493,0.00021972737891983785,0.00021972737891983785,0.0,0.00021972737891983785,300.8299404076473,300.92106675323924,-2.0022953067458344e-05
93,156,contact,0.0017227080826419773,-2.7291917358022695e-05,2.7291917358022695e-05,0.00010815052478181119,0.00010815052478181119,0.0,0.00010815052478181119,300.3042058888963,300.32179365082027,-1.9021256818126003e-06
93,230,contact,0.0017312344633815492,-1.876553661845086e-05,1.876553661845086e-05,8.96792776313399e-05,8.96792776313399e-05,0.0,8.96792776313399e-05,300.3042058888963,300.356776558844,-4.714499705502636e-06
93,390,contact,0.0017322844294745596,-1.7715570525440438e-05,1.7715570525440438e-05,8.713430649317123e-05,8.713430649317123e-05,0.0,8.713430649317123e-05,300.3042058888963,300.2282699498431,6.616625387311623e-06
94,149,contact,0.0016737488683996177,-7.625113160038234e-05,7.625113160038234e-05,0.00018077349473903483,0.00018077349473903483,0.0,0.00018077349473903483,300.955492130724,300.93214019418645,4.221411176817325e-06
94,291,contact,0.0017493573549806386,-6.426450193614073e-07,6.426450193614073e-07,1.6595761326677112e-05,1.6595761326677112e-05,0.0,1.6595761326677112e-05,300.955492130724,300.88009144035357,1.2513318612543276e-06
94,360,contact,0.001632027539136518,-0.00011797246086348197,0.00011797246086348197,0.00022485467770173119,0.00022485467770173119,0.0,0.00022485467770173119,300.955492130724,300.8651758666876,2.030803444112986e-05
95,198,contact,0.0016951308329742573,-5.486916702574277e-05,5.486916702574277e-05,0.00015334717896572762,0.00015334717896572762,0.0,0.00015334717896572762,300.6920016036836,300.77383050817525,-1.2548231661651751e-05
95,307,contact,0.0016454101237381512,-0.00010458987626184887,0.00010458987626184887,0.00021171734148068625,0.00021171734148068625,0.0,0.00021171734148068625,300.6920016036836,300.69511569541737,-6.593072230024524e-07
95,338,contact,0.001678968602565277,-7.103139743472298e-05,7.103139743472298e-05,0.00017447643815720257,0.00017447643815720257,0.0,0.00017447643815720257,300.6920016036836,300.739152181528,-8.226664879350734e-06
95,487,contact,0.0018967914006816887,-0.00010320859931831137,0.00010320859931831137,0.00021995233786086123,0.00021995233786086123,0.0,0.00021995233786086123,300.6920016036836,300.6050182025314,1.9132202438508376e-05
96,155,contact,0.001694303755726437,-5.569624427356301e-05,5.569624427356301e-05,0.0001544986050887973,0.0001544986050887973,0.0,0.0001544986050887973,300.77743368277936,300.8360239185493,-9.052109698279647e-06
96,440,contact,0.0018781275973958741,-0.0001218724026041259,0.0001218724026041259,0.0002390139927298902,0.0002390139927298902,0.0,0.0002390139927298902,300.77743368277936,300.7574629009018,4.773296314486733e-06
96,450,contact,0.001888160000738523,-0.00011183999926147703,0.00011183999926147703,0.00022896506208113358,0.00022896506208113358,0.0,0.00022896506208113358,300.77743368277936,300.72370536012625,1.2301908731785524e-05
96,464,contact,0.0019566316324745436,-4.3368367525456475e-05,4.3368367525456475e-05,0.00014257952965821469,0.00014257952965821469,0.0,0.00014257952965821469,300.77743368277936,300.7841184154324,-9.531060375576066e-07
97,105,contact,0.0016741190825326614,-7.58809174673386e-05,7.58809174673386e-05,0.00018033411546429027,0.00018033411546429027,0.0,0.00018033411546429027,300.75347012101474,300.8544469285914,-1.8209563276746895e-05
97,120,contact,0.0017010053827663206,-4.8994617233679436e-05,4.8994617233679436e-05,0.00014490580768260577,0.00014490580768260577,0.0,0.00014490580768260577,300.75347012101474,300.6780207935425,1.0933045736476716e-05
97,457,contact,0.0018787751166799373,-0.00012122488332006278,0.00012122488332006278,0.00023837819542961439,0.00023837819542961439,0.0,0.00023837819542961439,300.75347012101474,300.73823574868993,3.6315421832916115e-06
97,464,contact,0.0019125401293044807,-8.745987069551939e-05,8.745987069551939e-05,0.00020247670085351725,0.00020247670085351725,0.0,0.00020247670085351725,300.75347012101474,300.7841184154324,-6.2055655404691845e-06
98,110,contact,0.001705783553092244,-4.4216446907755945e-05,4.4216446907755945e-05,0.0001376586568930908,0.0001376586568930908,0.0,0.0001376586568930908,300.0660440684971,300.1278803092793,-8.512293853397245e-06
98,197,contact,0.0016508071510627769,-9.919284893722315e-05,9.919284893722315e-05,0.00020618249434201642,0.00020618249434201642,0.0,0.00020618249434201642,300.0660440684971,300.1217732891989,-1.1490389732041068e-05
98,409,contact,0.001972933425131218,-2.7066574868781987e-05,2.7066574868781987e-05,0.00011263861225060239,0.00011263861225060239,0.0,0.00011263861225060239,300.0660440684971,300.1417637542581,-8.528960324169272e-06
99,167,contact,0.0016945319991372254,-5.546800086277462e-05,5.546800086277462e-05,0.00015418171217677066,0.00015418171217677066,0.0,0.00015418171217677066,300.60277983010235,300.6266120346877,-3.6744901079158107e-06
99,303,contact,0.0016808213654341737,-6.917863456582635e-05,6.917863456582635e-05,0.0001721859060506899,0.0001721859060506899,0.0,0.0001721859060506899,300.60277983010235,300.5065003525108,1.6577969083190783e-05
99,305,contact,0.001681568656493097,-6.843134350690313e-05,6.843134350690313e-05,0.00017125337557495217,0.00017125337557495217,0.0,0.00017125337557495217,300.60277983010235,300.6461680556252,-7.430380080994813e-06
99,421,contact,0.0019492651211161604,-5.07348788838396e-05,5.07348788838396e-05,0.00015421405408327677,0.00015421405408327677,0.0,0.00015421405408327677,300.60277983010235,300.638270103196,-5.473098894297715e-06
101,137,contact,0.001971515976501331,-2.8484023498669218e-05,2.8484023498669218e-05,0.00011933990007258515,0.00011933990007258515,0.0,0.00011933990007258515,300.05107562733644,300.13201383666626,-9.659157813474154e-06
101,325,contact,0.0019746116056359414,-2.5388394364058656e-05,2.5388394364058656e-05,0.00011266852791276422,0.00011266852791276422,0.0,0.00011266852791276422,300.05107562733644,300.05586397306934,-5.394958648621698e-07
101,415,contact,0.002219976155189157,-3.002384481084336e-05,3.002384481084336e-05,0.00012915074054685812,0.00012915074054685812,0.0,0.00012915074054685812,300.05107562733644,300.08527433687004,-4.416788662011085e-06
101,458,contact,0.0022488763670108674,-1.123632989132907e-06,1.123632989132907e-06,2.498480637343987e-05,2.498480637343987e-05,0.0,2.498480637343987e-05,300.05107562733644,300.19134767134994,-3.5046698592839307e-06
102,231,contact,0.0019261579037295983,-7.384209627040177e-05,7.384209627040177e-05,0.00019214850542015902,0.00019214850542015902,0.0,0.00019214850542015902,300.09190050864936,300.06277514430957,5.5963952277084084e-06
102,301,contact,0.0019306052060429142,-6.93947939570858e-05,6.93947939570858e-05,0.0001862723730952685,0.0001862723730952685,0.0,0.0001862723730952685,300.09190050864936,300.06039078376017,5.869391230688511e-06
102,317,contact,0.0018963430927350674,-0.0001036569072649326,0.0001036569072649326,0.00022765863399499327,0.00022765863399499327,0.0,0.00022765863399499327,300.09190050864936,300.0707332355984,4.8189124681748755e-06
102,382,contact,0.001969033402459186,-3.096659754081403e-05,3.096659754081403e-05,0.00012443190415004914,0.00012443190415004914,0.0,0.00012443190415004914,300.09190050864936,300.21660555646844,-1.551728655725071e-05
102,469,contact,0.0021829858262480766,-6.701417375192366e-05,6.701417375192366e-05,0.00019295102106194328,0.00019295102106194328,0.0,0.00019295102106194328,300.09190050864936,300.0958777478729,-7.674123691933352e-07
103,116,contact,0.0019925255070711136,-7.474492928886446e-06,7.474492928886446e-06,6.113302270003688e-05,6.113302270003688e-05,0.0,6.113302270003688e-05,300.81844970117635,300.7560252517938,3.816195281140562e-06
103,186,contact,0.0018711145652527536,-0.00012888543474724647,0.00012888543474724647,0.0002538557018733738,0.0002538557018733738,0.0,0.0002538557018733738,300.81844970117635,300.8163495885657,5.331255607928685e-07
103,248,contact,0.0019749318780482375,-2.5068121951762543e-05,2.5068121951762543e-05,0.00011195562056404882,0.00011195562056404882,0.0,0.00011195562056404882,300.81844970117635,300.7948785543698,2.6389223681331596e-06
103,360,contact,0.0018739002897561598,-0.00012609971024384026,0.00012609971024384026,0.0002510973021000428,0.0002510973021000428,0.0,0.0002510973021000428,300.81844970117635,300.8651758666876,-1.1732814097353736e-05
103,414,contact,0.0021908800371953276,-5.911996280467263e-05,5.911996280467263e-05,0.0001812303059103904,0.0001812303059103904,0.0,0.0001812303059103904,300.81844970117635,300.74990619217317,1.2422161104817438e-05
104,164,contact,0.0018568485461663267,-0.00014315145383367333,0.00014315145383367333,0.00026753640297506556,0.00026753640297506556,0.0,0.00026753640297506556,300.0674266123044,300.18299691165,-3.0919262177663605e-05
104,209,contact,0.001903031203028474,-9.696879697152611e-05,9.696879697152611e-05,0.0002201917311929834,0.0002201917311929834,0.0,0.0002201917311929834,300.0674266123044,300.06752243075357,-2.1098430199388753e-08
104,268,contact,0.0019082956134991252,-9.170438650087489e-05,9.170438650087489e-05,0.00021413125239076486,0.00021413125239076486,0.0,0.00021413125239076486,300.0674266123044,300.1283708725489,-1.3050070772176795e-05
104,283,contact,0.0019230836498966967,-7.691635010330334e-05,7.691635010330334e-05,0.00019610755990438427,0.00019610755990438427,0.0,0.00019610755990438427,300.0674266123044,300.0633342372027,8.025456954118314e-07
106,198,contact,0.0018846690130630373,-0.00011533098693696279,0.00011533098693696279,0.00024013640596228094,0.00024013640596228094,0.0,0.00024013640596228094,300.77764557738516,300.77383050817525,9.161370085643288e-07
106,263,contact,0.0019457024437719147,-5.429755622808532e-05,5.429755622808532e-05,0.00016476886269572495,0.00016476886269572495,0.0,0.00016476886269572495,300.77764557738516,300.7779554699651,-5.106064795372858e-08
106,293,contact,0.0019378015125136006,-6.219848748639941e-05,6.219848748639941e-05,0.00017634977670300493,0.00017634977670300493,0.0,0.00017634977670300493,300.77764557738516,300.7225153464876,9.722203908364929e-06
106,380,contact,0.0018578376645982829,-0.00014216233540171718,0.00014216233540171718,0.00026661051686094193,0.00026661051686094193,0.0,0.00026661051686094193,300.77764557738516,300.677521633426,2.6694096449104233e-05
106,402,contact,0.002178298566312708,-7.170143368729221e-05,7.170143368729221e-05,0.00019958489378275464,0.00019958489378275464,0.0,0.00019958489378275464,300.77764557738516,300.9204402777988,-2.849966511479206e-05
106,471,contact,0.002180342708130995,-6.96572918690054e-05,6.96572918690054e-05,0.0001967193317464778,0.0001967193317464778,0.0,0.0001967193317464778,300.77764557738516,300.8222863939505,-8.781711603349562e-06
107,190,contact,0.0019392948560237044,-6.07051439762956e-05,6.07051439762956e-05,0.00017421989550033543,0.00017421989550033543,0.0,0.00017421989550033543,300.7514548702301,300.78299729019716,-5.495317110492635e-06
107,356,contact,0.0018554201866154208,-0.00014457981338457924,0.00014457981338457924,0.00026886782383224965,0.00026886782383224965,0.0,0.00026886782383224965,300.7514548702301,300.7459523991106,1.4794374355956413e-06
107,414,contact,0.002143943513668212,-0.00010605648633178841,0.00010605648633178841,0.00024273497931762307,0.00024273497931762307,0.0,0.00024273497931762307,300.7514548702301,300.74990619217317,3.759183361128033e-07
107,434,contact,0.002158714298674097,-9.128570132590315e-05,9.128570132590315e-05,0.00022519830930624378,0.00022519830930624378,0.0,0.00022519830930624378,300.7514548702301,300.645948812743,2.37597857676634e-05
107,441,contact,0.002143431783332514,-0.00010656821666748606,0.00010656821666748606,0.00024331988166869972,0.00024331988166869972,0.0,0.00024331988166869972,300.7514548702301,300.8341436513146,-2.0119824428816324e-05
108,289,contact,0.0019760835840877283,-2.3916415912271765e-05,2.3916415912271765e-05,0.00010935359141855324,0.00010935359141855324,0.0,0.00010935359141855324,300.721150262879,300.76793820177693,-5.116429153559523e-06
108,305,contact,0.001899483695023729,-0.00010051630497627095,0.00010051630497627095,0.0002241833010911729,0.0002241833010911729,0.0,0.0002241833010911729,300.721150262879,300.6461680556252,1.6809758745261815e-05
108,348,contact,0.0019027110935147251,-9.728890648527493e-05,9.728890648527493e-05,0.00022055487580789835,0.00022055487580789835,0.0,0.00022055487580789835,300.721150262879,300.83551760143126,-2.5224274150872713e-05
108,379,contact,0.0019829864033424436,-1.7013596657556446e-05,1.7013596657556446e-05,9.223230631822139e-05,9.223230631822139e-05,0.0,9.223230631822139e-05,300.721150262879,300.69384344048365,2.5185712077461193e-06
109,126,contact,0.0019234870924963341,-7.65129075036659e-05,7.65129075036659e-05,0.0001955925707991818,0.0001955925707991818,0.0,0.0001955925707991818,300.3376622939768,300.26670891348743,1.3877954096805792e-05
109,172,contact,0.0019496400304671632,-5.0359969532836864e-05,5.0359969532836864e-05,0.0001586820240809224,0.0001586820240809224,0.0,0.0001586820240809224,300.3376622939768,300.4175778689583,-1.268116519365492e-05
109,189,contact,0.001992210703113503,-7.789296886496957e-06,7.789296886496957e-06,6.240711853024844e-05,6.240711853024844e-05,0.0,6.240711853024844e-05,300.3376622939768,300.40718483579326,-4.338701507664486e-06
109,358,contact,0.0019194044148641528,-8.059558513584726e-05,8.059558513584726e-05,0.00020074310092235706,0.00020074310092235706,0.0,0.00020074310092235706,300.3376622939768,300.32201088384073,3.14191260452e-06
110,385,contact,0.0018498309355181623,-0.00015016906448183775,0.00015016906448183775,0.000274015569340355,0.000274015569340355,0.0,0.000274015569340355,300.1278803092793,300.18544304634355,-1.5773086169448272e-05
110,409,contact,0.0021070264236596574,-0.00014297357634034287,0.00014297357634034287,0.00028183286648920816,0.00028183286648920816,0.0,0.00028183286648920816,300.1278803092793,300.1417637542581,-3.912811095112994e-06
111,125,contact,0.0018756177756675267,-0.0001243822243324733,0.0001243822243324733,0.0002493814591468994,0.0002493814591468994,0.0,0.0002493814591468994,300.4248380839399,300.3575795422316,1.6773033271315153e-05
111,200,contact,0.0019725450014638456,-2.7454998536154476e-05,2.7454998536154476e-05,0.00011716441126928107,0.00011716441126928107,0.0,0.00011716441126928107,300.4248380839399,300.43660777092686,-1.3789884466499392e-06
111,233,contact,0.0018290146126261544,-0.0001709853873738457,0.0001709853873738457,0.0002923913365456009,0.0002923913365456009,0.0,0.0002923913365456009,300.4248380839399,300.55131306920214,-3.69801899804099e-05
111,250,contact,0.001871987602149116,-0.000128012397850884,0.000128012397850884,0.0002529944642189667,0.0002529944642189667,0.0,0.0002529944642189667,300.4248380839399,300.34384220228935,2.0491509682124082e-05
111,303,contact,0.0018974043881049708,-0.00010259561189502925,0.00010259561189502925,0.00022649018951715022,0.00022649018951715022,0.0,0.00022649018951715022,300.4248380839399,300.5065003525108,-1.8495702685019206e-05
111,475,contact,0.002162343599893412,-8.765640010658824e-05,8.765640010658824e-05,0.00022067623356223861,0.00022067623356223861,0.0,0.00022067623356223861,300.4248380839399,300.3360639652124,1.9590338158588496e-05
112,140,contact,0.0019385012776885126,-6.149872231148742e-05,6.149872231148742e-05,0.00017535495760241201,0.00017535495760241201,0.0,0.00017535495760241201,300.06690699551865,300.0488609417092,3.1644650006430984e-06
112,208,contact,0.0019249276122493538,-7.507238775064629e-05,7.507238775064629e-05,0.0001937425969561757,0.0001937425969561757,0.0,0.0001937425969561757,300.06690699551865,300.1709419707324,-2.015600627217782e-05
112,272,contact,0.0019372435139651395,-6.275648603486055e-05,6.275648603486055e-05,0.00017713904995068217,0.00017713904995068217,0.0,0.00017713904995068217,300.06690699551865,300.157889355809,-1.611652886410404e-05
113,119,contact,0.0019382889289734384,-6.171107102656169e-05,6.171107102656169e-05,0.00017565743796742807,0.00017565743796742807,0.0,0.00017565743796742807,300.95016973449606,300.93665543208976,2.3738877366064237e-06
113,176,contact,0.0018863789533484518,-0.00011362104665154824,0.00011362104665154824,0.00023834958218082558,0.00023834958218082558,0.0,0.00023834958218082558,300.95016973449606,300.82701241999985,2.9354494452684485e-05
114,116,contact,0.0019419184719594103,-5.8081528040589744e-05,5.8081528040589744e-05,0.0001704135089137445,0.0001704135089137445,0.0,0.0001704135089137445,300.6872357562452,300.7560252517938,-1.17226593128482e-05
114,117,contact,0.001979911788388563,-2.0088211611436844e-05,2.0088211611436844e-05,0.00010022028639810616,0.00010022028639810616,0.0,0.00010022028639810616,300.6872357562452,300.7121461246569,-2.496524256505361e-06
114,248,contact,0.0019182873564719128,-8.171264352808722e-05,8.171264352808722e-05,0.000202129467827043,0.000202129467827043,0.0,0.000202129467827043,300.6872357562452,300.7948785543698,-2.175778150034523e-05
114,416,contact,0.0021781551930833984,-7.184480691660184e-05,7.184480691660184e-05,0.00019978433777534803,0.00019978433777534803,0.0,0.00019978433777534803,300.6872357562452,300.5631387984581,2.4792628531423118e-05
114,421,contact,0.0021247971185503803,-0.00012520288144961993,0.00012520288144961993,0.0002637369074682191,0.0002637369074682191,0.0,0.0002637369074682191,300.6872357562452,300.638270103196,1.2914049907345008e-05
115,131,contact,0.0019331753749728359,-6.682462502716419e-05,6.682462502716419e-05,0.00018279035125952928,0.00018279035125952928,0.0,0.00018279035125952928,300.57606418289447,300.50565225543943,1.2870620952367396e-05
115,206,contact,0.0019407092732926284,-5.9290726707371616e-05,5.9290726707371616e-05,0.00017217828943768087,0.00017217828943768087,0.0,0.00017217828943768087,300.57606418289447,300.68647085921583,-1.9009632671511626e-05
115,219,contact,0.0019792915366820016,-2.0708463317998475e-05,2.0708463317998475e-05,0.00010175574509087552,0.00010175574509087552,0.0,0.00010175574509087552,300.57606418289447,300.64180345319915,-6.6893484315827024e-06
115,222,contact,0.0019454802719637123,-5.4519728036287775e-05,5.4519728036287775e-05,0.00016510561473839674,0.00016510561473839674,0.0,0.00016510561473839674,300.57606418289447,300.4490176357876,2.0976098260473096e-05
115,339,contact,0.0019513823559725559,-4.861764402744415e-05,4.861764402744415e-05,0.00015591286673562923,0.00015591286673562923,0.0,0.00015591286673562923,300.57606418289447,300.631255629607,-8.605056676234616e-06
115,428,contact,0.002193042341223717,-5.6957658776283365e-05,5.6957658776283365e-05,0.0001778851982729363,0.0001778851982729363,0.0,0.0001778851982729363,300.57606418289447,300.57350191394846,4.5578971948919606e-07
116,414,contact,0.002132885508271834,-0.00011711449172816619,0.00011711449172816619,0.00025507568781765126,0.00025507568781765126,0.0,0.00025507568781765126,300.7560252517938,300.74990619217317,1.5608233415294634e-06
116,437,contact,0.002197127113545323,-5.287288645467727e-05,5.287288645467727e-05,0.00017138793950612172,0.00017138793950612172,0.0,0.00017138793950612172,300.7560252517938,300.77781018451,-3.733674730504388e-06
117,421,contact,0.002184881576470451,-6.51184235295494e-05,6.51184235295494e-05,0.00019020226591936486,0.00019020226591936486,0.0,0.00019020226591936486,300.7121461246569,300.638270103196,1.4051386678966246e-05
117,444,contact,0.0021848017256721488,-6.519827432785149e-05,6.519827432785149e-05,0.00019031884697914982,0.00019031884697914982,0.0,0.00019031884697914982,300.7121461246569,300.84000414684,-2.433379135892039e-05
117,476,contact,0.0021123296205848175,-0.00013767037941518276,0.00013767037941518276,0.0002765565839381626,0.0002765565839381626,0.0,0.0002765565839381626,300.7121461246569,300.6307363579072,2.2514406991495967e-05
118,235,contact,0.0018514077275954101,-0.0001485922724045899,0.0001485922724045899,0.0002725731758671329,0.0002725731758671329,0.0,0.0002725731758671329,300.3610940777332,300.262937163498,2.6754941846399684e-05
118,240,contact,0.0019738884035578105,-2.6111596442189577e-05,2.6111596442189577e-05,0.00011426197189395424,0.00011426197189395424,0.0,0.00011426197189395424,300.3610940777332,300.30595772355076,6.299988551927125e-06
118,279,contact,0.0019249474492567323,-7.505255074326776e-05,7.505255074326776e-05,0.00019371699814841722,0.00019371699814841722,0.0,0.00019371699814841722,300.3610940777332,300.43167504358945,-1.3672732832091726e-05
118,290,contact,0.001960166676816031,-3.983332318396914e-05,3.983332318396914e-05,0.00014112640288756946,0.00014112640288756946,0.0,0.00014112640288756946,300.3610940777332,300.4724306722516,-1.5712533094138492e-05
118,377,contact,0.00190563651316299,-9.436348683701003e-05,9.436348683701003e-05,0.00021721358939648554,0.00021721358939648554,0.0,0.00021721358939648554,300.3610940777332,300.37798834517855,-3.6696644720321518e-06
119,187,contact,0.0019659264828637423,-3.407351713625778e-05,3.407351713625778e-05,0.00013052493466050418,0.00013052493466050418,0.0,0.00013052493466050418,300.93665543208976,300.86740768526045,9.038557630284014e-06
119,348,contact,0.0018067686539017234,-0.00019323134609827665,0.00019323134609827665,0.00031083061794028326,0.00031083061794028326,0.0,0.00031083061794028326,300.93665543208976,300.83551760143126,3.143673440072177e-05
120,306,contact,0.0019172602455065932,-8.273975449340685e-05,8.273975449340685e-05,0.0002033958633962437,0.0002033958633962437,0.0,0.0002033958633962437,300.6780207935425,300.61701183964277,1.2408968853334332e-05
121,127,contact,0.001957676997390706,-4.232300260929422e-05,4.232300260929422e-05,0.00014546993264811497,0.00014546993264811497,0.0,0.00014546993264811497,300.19211206011573,300.06148674610006,1.9002055631998982e-05
121,218,contact,0.0019674433425499204,-3.255665745007961e-05,3.255665745007961e-05,0.00012758655385674387,0.00012758655385674387,0.0,0.00012758655385674387,300.19211206011573,300.2647343550005,-9.265628337513764e-06
121,382,contact,0.00197345833333871,-2.6541666661290125e-05,2.6541666661290125e-05,0.00011519910299409915,0.00011519910299409915,0.0,0.00011519910299409915,300.19211206011573,300.21660555646844,-2.8216288090207824e-06
121,431,contact,0.0022341747591896207,-1.5825240810379577e-05,1.5825240810379577e-05,9.376460126407448e-05,9.376460126407448e-05,0.0,9.376460126407448e-05,300.19211206011573,300.1602464913364,2.9878623506462453e-06
121,446,contact,0.002223914840499969,-2.608515950003115e-05,2.608515950003115e-05,0.00012038170657452519,0.00012038170657452519,0.0,0.00012038170657452519,300.19211206011573,300.2743725722637,-9.902660836066879e-06
122,349,contact,0.001976164692958297,-2.383530704170309e-05,2.383530704170309e-05,0.00010916800593970536,0.00010916800593970536,0.0,0.00010916800593970536,300.73565082955014,300.62070785202144,1.254809565358043e-05
122,413,contact,0.002179200665098944,-7.07993349010564e-05,7.07993349010564e-05,0.00019832539886237524,0.00019832539886237524,0.0,0.00019832539886237524,300.73565082955014,300.7176589212665,3.5682523866497065e-06
122,429,contact,0.0021699214461707323,-8.007855382926796e-05,8.007855382926796e-05,0.0002109219890402715,0.0002109219890402715,0.0,0.0002109219890402715,300.73565082955014,300.82528855403524,-1.890656714144135e-05
122,450,contact,0.00215179294719543,-9.820705280457007e-05,9.820705280457007e-05,0.0002335796947089295,0.0002335796947089295,0.0,0.0002335796947089295,300.73565082955014,300.72370536012625,2.7902191011876662e-06
123,134,contact,0.0019977052515333755,-2.294748466624523e-06,2.294748466624523e-06,3.3872912973528887e-05,3.3872912973528887e-05,0.0,3.3872912973528887e-05,300.50438156269695,300.423448107848,2.741451872745377e-06
123,261,contact,0.0018753558580392384,-0.00012464414196076165,0.00012464414196076165,0.00024964388832971824,0.00024964388832971824,0.0,0.00024964388832971824,300.50438156269695,300.5158679385538,-2.867503531723564e-06
123,318,contact,0.00189572404408005,-0.00010427595591995,0.00010427595591995,0.000228337421286952,0.000228337421286952,0.0,0.000228337421286952,300.50438156269695,300.51031364520094,-1.3545164218222986e-06
123,359,contact,0.0019052466427759427,-9.475335722405735e-05,9.475335722405735e-05,0.00021766184463986487,0.00021766184463986487,0.0,0.00021766184463986487,300.50438156269695,300.4549001151345,1.0770223151898129e-05
123,448,contact,0.002137382868193951,-0.00011261713180604933,0.00011261713180604933,0.0002501301125925924,0.0002501301125925924,0.0,0.0002501301125925924,300.50438156269695,300.54152085382356,-9.289655071107297e-06
124,208,contact,0.0019021922316369599,-9.780776836304018e-05,9.780776836304018e-05,0.0002211422261385647,0.0002211422261385647,0.0,0.0002211422261385647,300.14413438619147,300.1709419707324,-5.928288922773366e-06
124,425,contact,0.00221615652822629,-3.3843471773710356e-05,3.3843471773710356e-05,0.00013712012530322606,0.00013712012530322606,0.0,0.00013712012530322606,300.14413438619147,300.2269768002313,-1.1359362193561436e-05
124,469,contact,0.0021391015061469143,-0.00011089849385308593,0.00011089849385308593,0.0002482141703505775,0.0002482141703505775,0.0,0.0002482141703505775,300.14413438619147,300.0958777478729,1.1977981444146414e-05
125,238,contact,0.0019305457757069632,-6.945422429303688e-05,6.945422429303688e-05,0.00018635211870681386,0.00018635211870681386,0.0,0.00018635211870681386,300.3575795422316,300.31081034607496,8.715538794000239e-06
125,255,contact,0.001938858321944412,-6.114167805558804e-05,6.114167805558804e-05,0.0001748451858868125,0.0001748451858868125,0.0,0.0001748451858868125,300.3575795422316,300.3490634558832,1.4889967006105256e-06
125,358,contact,0.0018851475379351949,-0.00011485246206480518,0.00011485246206480518,0.00023963770786836238,0.00023963770786836238,0.0,0.00023963770786836238,300.3575795422316,300.32201088384073,8.523591768734571e-06
125,439,contact,0.0022371656301079144,-1.2834369892085907e-05,1.2834369892085907e-05,8.44405441455897e-05,8.44405441455897e-05,0.0,8.44405441455897e-05,300.3575795422316,300.4116183704988,-4.563068063873264e-06
125,475,contact,0.0022235532050301834,-2.644679496981682e-05,2.644679496981682e-05,0.00012121329907283463,0.00012121329907283463,0.0,0.00012121329907283463,300.3575795422316,300.3360639652124,2.6079740719478827e-06
126,221,contact,0.001922944739663624,-7.705526033637607e-05,7.705526033637607e-05,0.00019628456426369354,0.00019628456426369354,0.0,0.00019628456426369354,300.26670891348743,300.18785957434125,1.5476908176789785e-05
126,230,contact,0.0019185142154281786,-8.148578457182142e-05,8.148578457182142e-05,0.000201848686609328,0.000201848686609328,0.0,0.000201848686609328,300.26670891348743,300.356776558844,-1.818003592121541e-05
126,390,contact,0.0019344112080423856,-6.558879195761439e-05,6.558879195761439e-05,0.00018109223058653621,0.00018109223058653621,0.0,0.00018109223058653621,300.26670891348743,300.2282699498431,6.960997667790648e-06
127,317,contact,0.0019455613442459186,-5.443865575408143e-05,5.443865575408143e-05,0.0001649828108532544,0.0001649828108532544,0.0,0.0001649828108532544,300.06148674610006,300.0707332355984,-1.5255118279655825e-06
128,154,contact,0.0019529571954346576,-4.704280456534248e-05,4.704280456534248e-05,0.0001533668878300373,0.0001533668878300373,0.0,0.0001533668878300373,300.40916610174565,300.4938291801812,-1.2984512853769077e-05
128,373,contact,0.0019567618879669547,-4.32381120330453e-05,4.32381120330453e-05,0.0001470342001594277,0.0001470342001594277,0.0,0.0001470342001594277,300.40916610174565,300.3950097388592,2.081469494178338e-06
128,422,contact,0.002193772744611437,-5.6227255388563435e-05,5.6227255388563435e-05,0.0001767409519742311,0.0001767409519742311,0.0,0.0001767409519742311,300.40916610174565,300.46485688427924,-9.842841921176293e-06
128,477,contact,0.0021986085195186515,-5.139148048134874e-05,5.139148048134874e-05,0.0001689698863396617,0.0001689698863396617,0.0,0.0001689698863396617,300.40916610174565,300.32887551666977,1.3566691034417422e-05
129,250,contact,0.001859767749317103,-0.00014023225068289708,0.00014023225068289708,0.00026479449643345787,0.00026479449643345787,0.0,0.00026479449643345787,300.3529271298628,300.34384220228935,2.4056388219434617e-06
129,337,contact,0.0018582764887927733,-0.0001417235112072268,0.0001417235112072268,0.00026619871450405877,0.00026619871450405877,0.0,0.00026619871450405877,300.3529271298628,300.40631224753207,-1.4211049697210043e-05
129,420,contact,0.0022020688473796636,-4.7931152620336696e-05,4.7931152620336696e-05,0.00016318216239040735,0.00016318216239040735,0.0,0.00016318216239040735,300.3529271298628,300.2805821461811,1.1805410875281267e-05
130,318,contact,0.0018993088426319726,-0.00010069115736802744,0.00010069115736802744,0.0002243782045654473,0.0002243782045654473,0.0,0.0002243782045654473,300.46625828711564,300.51031364520094,-9.885062148667932e-06
130,335,contact,0.001914943451514953,-8.505654848504711e-05,8.505654848504711e-05,0.0002062238449901552,0.0002062238449901552,0.0,0.0002062238449901552,300.46625828711564,300.459010612743,1.4946432763644373e-06
130,388,contact,0.001957753883416089,-4.224611658391105e-05,4.224611658391105e-05,0.00014533773870525,0.00014533773870525,0.0,0.00014533773870525,300.46625828711564,300.44370872237295,3.2773027484901472e-06
130,398,contact,0.0019429687889927626,-5.703121100723743e-05,5.703121100723743e-05,0.0001688656433488432,0.0001688656433488432,0.0,0.0001688656433488432,300.46625828711564,300.48338972613743,-2.892911471907027e-06
130,428,contact,0.0021732791846702537,-7.67208153297466e-05,7.67208153297466e-05,0.00020645259790855758,0.00020645259790855758,0.0,0.00020645259790855758,300.46625828711564,300.57350191394846,-2.2140725368772837e-05
130,493,contact,0.0021486218767610074,-0.00010137812323899285,0.00010137812323899285,0.00023732083679529333,0.00023732083679529333,0.0,0.00023732083679529333,300.46625828711564,300.3392287629844,3.014675296452831e-05
131,160,contact,0.0019280786558644332,-7.19213441355668e-05,7.19213441355668e-05,0.00018963299308871173,0.00018963299308871173,0.0,0.00018963299308871173,300.50565225543943,300.4762549523537,5.574698572880341e-06
131,222,contact,0.0019678323303999588,-3.216766960004126e-05,3.216766960004126e-05,0.0001268220595954057,0.0001268220595954057,0.0,0.0001268220595954057,300.50565225543943,300.4490176357876,7.182519108649451e-06
131,328,contact,0.0019267810953245308,-7.32189046754692e-05,7.32189046754692e-05,0.00019133596718268786,0.00019133596718268786,0.0,0.00019133596718268786,300.50565225543943,300.41756792642093,1.6853700286392764e-05
131,473,contact,0.0021938603525520953,-5.613964744790494e-05,5.613964744790494e-05,0.00017660320786048553,0.00017660320786048553,0.0,0.00017660320786048553,300.50565225543943,300.53036435753125,-4.364236502392238e-06
132,178,contact,0.0019610664052244625,-3.8933594775537525e-05,3.8933594775537525e-05,0.00013952346536611238,0.00013952346536611238,0.0,0.00013952346536611238,300.6793412858372,300.75892965348066,-1.1104444856446704e-05
132,212,contact,0.0019145769830957438,-8.542301690425626e-05,8.542301690425626e-05,0.00020666762797334306,0.00020666762797334306,0.0,0.00020666762797334306,300.6793412858372,300.5809028822748,2.034403136572338e-05
132,220,contact,0.0018980818589829046,-0.00010191814101709546,0.00010191814101709546,0.0002257411582068005,0.0002257411582068005,0.0,0.0002257411582068005,300.6793412858372,300.7462507498447,-1.5104219900048047e-05
132,245,contact,0.0019548113813358057,-4.518861866419435e-05,4.518861866419435e-05,0.00015031403571222874,0.00015031403571222874,0.0,0.00015031403571222874,300.6793412858372,300.62888833644075,7.583786437366499e-06
132,273,contact,0.0019306504928132385,-6.934950718676157e-05,6.934950718676157e-05,0.00018621158286578413,0.00018621158286578413,0.0,0.00018621158286578413,300.6793412858372,300.595271661759,1.5654737770535076e-05
132,368,contact,0.0019334463025644129,-6.655369743558716e-05,6.655369743558716e-05,0.0001824194307572348,0.0001824194307572348,0.0,0.0001824194307572348,300.6793412858372,300.68005343565034,-1.2990996352422607e-07
132,440,contact,0.002162298879387399,-8.770112061260143e-05,8.770112061260143e-05,0.00022073251863914063,0.00022073251863914063,0.0,0.00022073251863914063,300.6793412858372,300.7574629009018,-1.724398085337042e-05
133,216,contact,0.0019331386108150652,-6.68613891849348e-05,6.68613891849348e-05,0.00018284062620891288,0.00018284062620891288,0.0,0.00018284062620891288,300.93578903683397,300.8397508263449,1.755968654579971e-05
133,280,contact,0.0019618424167809714,-3.815758321902866e-05,3.815758321902866e-05,0.000138125999035353,0.000138125999035353,0.0,0.000138125999035353,300.93578903683397,300.93644057288293,-8.999406767055453e-08
133,291,contact,0.0019486858271175987,-5.1314172882401324e-05,5.1314172882401324e-05,0.0001601782957869157,0.0001601782957869157,0.0,0.0001601782957869157,300.93578903683397,300.88009144035357,8.921546083657726e-06
133,474,contact,0.002234604808489411,-1.539519151058915e-05,1.539519151058915e-05,9.248180454851391e-05,9.248180454851391e-05,0.0,9.248180454851391e-05,300.93578903683397,300.93582267197706,-3.1106387298949624e-09
134,234,contact,0.0019969680489431985,-3.0319510568015823e-06,3.0319510568015823e-06,3.893553041119115e-05,3.893553041119115e-05,0.0,3.893553041119115e-05,300.423448107848,300.3017410980213,4.7387269823629e-06
134,398,contact,0.0019969846800864544,-3.0153199135456166e-06,3.0153199135456166e-06,3.882859715174897e-05,3.882859715174897e-05,0.0,3.882859715174897e-05,300.423448107848,300.48338972613743,-2.3274489491841386e-06
134,439,contact,0.0022485978075613925,-1.4021924386077578e-06,1.4021924386077578e-06,2.791049621963988e-05,2.791049621963988e-05,0.0,2.791049621963988e-05,300.423448107848,300.4116183704988,3.3017383956465053e-07
135,146,contact,0.0019237401145165115,-7.625988548348858e-05,7.625988548348858e-05,0.00019526889855208456,0.00019526889855208456,0.0,0.00019526889855208456,300.52319705308827,300.5378354953718,-2.858432501219773e-06
135,189,contact,0.0019185885326458093,-8.14114673541907e-05,8.14114673541907e-05,0.00020175661990897684,0.00020175661990897684,0.0,0.00020175661990897684,300.52319705308827,300.40718483579326,2.34062328295866e-05
135,359,contact,0.001889536158796651,-0.00011046384120334905,0.00011046384120334905,0.00023501472422313144,0.00023501472422313144,0.0,0.00023501472422313144,300.52319705308827,300.4549001151345,1.6050786038494145e-05
135,387,contact,0.0018998999684193903,-0.00010010003158060976,0.00010010003158060976,0.00022371860850252238,0.00022371860850252238,0.0,0.00022371860850252238,300.52319705308827,300.5245577245505,-3.0440752616074307e-07
135,465,contact,0.002085709120970611,-0.0001642908790293893,0.0001642908790293893,0.0003021137378072751,0.0003021137378072751,0.0,0.0003021137378072751,300.52319705308827,300.6433312088672,-3.6294178840697604e-05
136,224,contact,0.0019231296372839769,-7.687036271602317e-05,7.687036271602317e-05,0.00019604892592924754,0.00019604892592924754,0.0,0.00019604892592924754,300.8956539921641,300.8339038267994,1.2106053595700009e-05
136,229,contact,0.001885287389210462,-0.00011471261078953797,0.00011471261078953797,0.00023949176477442599,0.00023949176477442599,0.0,0.00023949176477442599,300.8956539921641,300.9388270433683,-1.033959022358528e-05
136,241,contact,0.001912867018539449,-8.713298146055103e-05,8.713298146055103e-05,0.00020872587460656506,0.00020872587460656506,0.0,0.00020872587460656506,300.8956539921641,300.94369858402916,-1.002814945714808e-05
136,348,contact,0.001896810442321794,-0.00010318955767820597,0.00010318955767820597,0.00022714484110167017,0.00022714484110167017,0.0,0.00022714484110167017,300.8956539921641,300.83551760143126,1.3659670917441274e-05
137,140,contact,0.0018841149414247538,-0.00011588505857524625,0.00011588505857524625,0.0002407125449319647,0.0002407125449319647,0.0,0.0002407125449319647,300.13201383666626,300.0488609417092,2.001594496356904e-05
137,256,contact,0.0019438100956883618,-5.618990431163827e-05,5.618990431163827e-05,0.00016761548900927722,0.00016761548900927722,0.0,0.00016761548900927722,300.13201383666626,300.2153579864409,-1.3969770420537404e-05
137,326,contact,0.0018940251544548692,-0.00010597484554513087,0.00010597484554513087,0.00023018997105122855,0.00023018997105122855,0.0,0.00023018997105122855,300.13201383666626,300.20024153696465,-1.5705332356579157e-05
138,366,contact,0.001969249070204173,-3.07509297958271e-05,3.07509297958271e-05,0.00012399784231152393,0.00012399784231152393,0.0,0.00012399784231152393,300.78837749124375,300.7915112660319,-3.8858131201778594e-07
138,392,contact,0.00187454755450482,-0.0001254524454951801,0.0001254524454951801,0.0002504520368206057,0.0002504520368206057,0.0,0.0002504520368206057,300.78837749124375,300.852113449134,-1.59628004723206e-05
138,452,contact,0.0021620522947190706,-8.794770528092969e-05,8.794770528092969e-05,0.0002210426118810198,0.0002210426118810198,0.0,0.0002210426118810198,300.78837749124375,300.66194498422,2.7946971579198313e-05
138,490,contact,0.0022298820928694867,-2.0117907130513552e-05,2.0117907130513552e-05,0.00010571951131417288,0.00010571951131417288,0.0,0.00010571951131417288,300.78837749124375,300.8403069791053,-5.489960079520562e-06
139,196,contact,0.001984060924766662,-1.5939075233338193e-05,1.5939075233338193e-05,8.927226678352632e-05,8.927226678352632e-05,0.0,8.927226678352632e-05,300.5245316798525,300.56091329794685,-3.247869516536721e-06
139,202,contact,0.0019494777541341675,-5.052224586583258e-05,5.052224586583258e-05,0.00015893748120854404,0.00015893748120854404,0.0,0.00015893748120854404,300.5245316798525,300.5716356371502,-7.486584327856991e-06
139,210,contact,0.0019181595518529297,-8.184044814707036e-05,8.184044814707036e-05,0.0002022874787858487,0.0002022874787858487,0.0,0.0002022874787858487,300.5245316798525,300.5534398179948,-5.847754381198665e-06
139,253,contact,0.0018607337150280544,-0.00013926628497194565,0.00013926628497194565,0.00026388092482400625,0.00026388092482400625,0.0,0.00026388092482400625,300.5245316798525,300.4378467262899,2.287450571442761e-05
139,322,contact,0.001955206226768333,-4.4793773231667066e-05,4.4793773231667066e-05,0.00014965589402303383,0.00014965589402303383,0.0,0.00014965589402303383,300.5245316798525,300.47222840855966,7.827492825657516e-06
139,324,contact,0.0019036330616978153,-9.636693830218472e-05,9.636693830218472e-05,0.00021950733279572316,0.00021950733279572316,0.0,0.00021950733279572316,300.5245316798525,300.49008023087566,7.562345675850669e-06
139,334,contact,0.0018321010221843666,-0.00016789897781563346,0.00016789897781563346,0.00028974038190734947,0.00028974038190734947,0.0,0.00028974038190734947,300.5245316798525,300.56640509501426,-1.2132419300737431e-05
139,492,contact,0.0022034507927997187,-4.654920720028157e-05,4.654920720028157e-05,0.00016081253267958656,0.00016081253267958656,0.0,0.00016081253267958656,300.5245316798525,300.583915836861,-9.549716689585118e-06
141,151,contact,0.0018987743017273022,-0.00010122569827269784,0.00010122569827269784,0.00022497299646035058,0.00022497299646035058,0.0,0.00022497299646035058,300.57481306692665,300.52069550996356,1.217498895110058e-05
141,290,contact,0.0018868706424394863,-0.00011312935756051376,0.00011312935756051376,0.00023783330040231306,0.00023783330040231306,0.0,0.00023783330040231306,300.57481306692665,300.4724306722516,2.4349942828655213e-05
141,361,contact,0.0019304243596422006,-6.957564035779944e-05,6.957564035779944e-05,0.00018651493285766618,0.00018651493285766618,0.0,0.00018651493285766618,300.57481306692665,300.6060015267486,-5.817113489629922e-06
141,380,contact,0.0018716964342008024,-0.0001283035657991976,0.0001283035657991976,0.0002532820224563891,0.0002532820224563891,0.0,0.0002532820224563891,300.57481306692665,300.677521633426,-2.6014233446554234e-05
141,445,contact,0.0021751175917637195,-7.488240823628079e-05,7.488240823628079e-05,0.00020396406033672913,0.00020396406033672913,0.0,0.00020396406033672913,300.57481306692665,300.51980243914403,1.1220191004215993e-05
141,452,contact,0.0021899567160562775,-6.0043283943722776e-05,6.0043283943722776e-05,0.00018264002838571527,0.00018264002838571527,0.0,0.00018264002838571527,300.57481306692665,300.66194498422,-1.5913775847756322e-05
142,147,contact,0.001901416176953641,-9.858382304635911e-05,9.858382304635911e-05,0.00022201781803084984,0.00022201781803084984,0.0,0.00022201781803084984,300.8050699251647,300.915814342119,-2.458723381129962e-05
142,220,contact,0.001946230776398318,-5.3769223601682044e-05,5.3769223601682044e-05,0.00016396527620457028,0.00016396527620457028,0.0,0.00016396527620457028,300.8050699251647,300.7462507498447,9.644302327463605e-06
142,391,contact,0.0018910360200694225,-0.00010896397993057755,0.00010896397993057755,0.0002334137741550159,0.0002334137741550159,0.0,0.0002334137741550159,300.8050699251647,300.75592815863047,1.1470365195393573e-05
142,426,contact,0.0022127389961312653,-3.7261003868735e-05,3.7261003868735e-05,0.0001438768838446704,0.0001438768838446704,0.0,0.0001438768838446704,300.8050699251647,300.69153428661286,1.6335153880149158e-05
142,471,contact,0.002201140824299981,-4.885917570001926e-05,4.885917570001926e-05,0.00016475432164289561,0.00016475432164289561,0.0,0.00016475432164289561,300.8050699251647,300.8222863939505,-2.8364876358936147e-06
143,303,contact,0.0019535382784578352,-4.6461721542164804e-05,4.6461721542164804e-05,0.00015241673389455109,0.00015241673389455109,0.0,0.00015241673389455109,300.5166623967045,300.5065003525108,1.5488655856945606e-06
143,305,contact,0.0018606085556075462,-0.00013939144439245382,0.00013939144439245382,0.0002639994738559661,0.0002639994738559661,0.0,0.0002639994738559661,300.5166623967045,300.6461680556252,-3.4189425816440445e-05
143,324,contact,0.0018721837581017517,-0.0001278162418982484,0.0001278162418982484,0.00025280055567408115,0.00025280055567408115,0.0,0.00025280055567408115,300.5166623967045,300.49008023087566,6.7199862925445565e-06
143,454,contact,0.002146333454194852,-0.00010366654580514813,0.00010366654580514813,0.0002399844275100043,0.0002399844275100043,0.0,0.0002399844275100043,300.5166623967045,300.408652997065,2.5920573938174272e-05
144,274,contact,0.0019571643127041195,-4.2835687295880547e-05,4.2835687295880547e-05,0.0001463483640084175,0.0001463483640084175,0.0,0.0001463483640084175,300.22217562513106,300.2434454823018,-3.112808799632056e-06
144,382,contact,0.0019530256827804385,-4.6974317219561574e-05,4.6974317219561574e-05,0.00015325520744751477,0.00015325520744751477,0.0,0.00015325520744751477,300.22217562513106,300.21660555646844,8.53642028386882e-07
144,411,contact,0.0022110802381877363,-3.8919761812263986e-05,3.8919761812263986e-05,0.00014704451671416455,0.00014704451671416455,0.0,0.00014704451671416455,300.22217562513106,300.1811590284355,6.0312656383578336e-06
144,461,contact,0.0022213378332014,-2.866216679860015e-05,2.866216679860015e-05,0.00012618805806898807,0.00012618805806898807,0.0,0.00012618805806898807,300.22217562513106,300.25778126165585,-4.493006129373776e-06
145,249,contact,0.001973985271459998,-2.6014728540002183e-05,2.6014728540002183e-05,0.00011404983239795265,0.00011404983239795265,0.0,0.00011404983239795265,300.94836861092324,300.93356910346733,1.6878813449181999e-06
146,387,contact,0.001986223112391959,-1.3776887608040952e-05,1.3776887608040952e-05,8.299664935417861e-05,8.299664935417861e-05,0.0,8.299664935417861e-05,300.5378354953718,300.5245577245505,1.1020104890585618e-06
146,448,contact,0.002067086045548177,-0.0001829139544518234,0.0001829139544518234,0.00031877713780060563,0.00031877713780060563,0.0,0.00031877713780060563,300.5378354953718,300.54152085382356,-1.1748080190263467e-06
146,484,contact,0.0020765675063912567,-0.00017343249360874356,0.00017343249360874356,0.0003104051954110802,0.0003104051954110802,0.0,0.0003104051954110802,300.5378354953718,300.62332363685897,-2.6535963263661207e-05
146,495,contact,0.0020903973316333904,-0.0001596026683666099,0.0001596026683666099,0.00029777197499523196,0.00029777197499523196,0.0,0.00029777197499523196,300.5378354953718,300.4580753759287,2.3750328292429907e-05
147,384,contact,0.0019765457424365373,-2.3454257563462755e-05,2.3454257563462755e-05,0.00010829186849312084,0.00010829186849312084,0.0,0.00010829186849312084,300.915814342119,300.9561769279513,-4.370939836990465e-06
147,471,contact,0.002156448188986,-9.355181101400019e-05,9.355181101400019e-05,0.0002279763767172187,0.0002279763767172187,0.0,0.0002279763767172187,300.915814342119,300.8222863939505,2.132216274525372e-05
148,201,contact,0.0018980822628115982,-0.00010191773718840188,0.00010191773718840188,0.00022574071098098575,0.00022574071098098575,0.0,0.00022574071098098575,300.2999349498011,300.261764451737,8.616635371492534e-06
148,237,contact,0.001971188714050483,-2.8811285949517217e-05,2.8811285949517217e-05,0.00012002351009180914,0.00012002351009180914,0.0,0.00012002351009180914,300.2999349498011,300.24417759121167,6.692193891354695e-06
148,320,contact,0.0019074166343250765,-9.258336567492353e-05,9.258336567492353e-05,0.00021515502047933198,0.00021515502047933198,0.0,0.00021515502047933198,300.2999349498011,300.3733781975203,-1.580168346708949e-05
148,394,contact,0.0019575108418856844,-4.248915811431563e-05,4.248915811431563e-05,0.00014575520250460297,0.00014575520250460297,0.0,0.00014575520250460297,300.2999349498011,300.35296324218956,-7.72914949554933e-06
148,417,contact,0.0022046318995469515,-4.5368100453048715e-05,4.5368100453048715e-05,0.0001587592524916067,0.0001587592524916067,0.0,0.0001587592524916067,300.2999349498011,300.2481458189582,8.222003699809724e-06
149,277,contact,0.0019259846366209683,-7.40153633790317e-05,7.40153633790317e-05,0.00019237380718152835,0.00019237380718152835,0.0,0.00019237380718152835,300.93214019418645,300.94343921776965,-2.17363618413517e-06
149,291,contact,0.001967293381094329,-3.270661890567104e-05,3.270661890567104e-05,0.00012788005885530206,0.00012788005885530206,0.0,0.00012788005885530206,300.93214019418645,300.88009144035357,6.655997703493566e-06
149,350,contact,0.001970367303850732,-2.9632696149267928e-05,2.9632696149267928e-05,0.00012172242223450026,0.00012172242223450026,0.0,0.00012172242223450026,300.93214019418645,300.9420294506201,-1.2037442472040093e-06
149,430,contact,0.0021449013899359107,-0.00010509861006408961,0.00010509861006408961,0.00024163633150309165,0.00024163633150309165,0.0,0.00024163633150309165,300.93214019418645,300.838939069691,2.252077781504713e-05
149,474,contact,0.0022300278327946404,-1.9972167205359846e-05,1.9972167205359846e-05,0.00010533588394949812,0.00010533588394949812,0.0,0.00010533588394949812,300.93214019418645,300.93582267197706,-3.878970531992506e-07
150,154,contact,0.0018942544457912728,-0.00010574555420872728,0.00010574555420872728,0.00022994081217644603,0.00022994081217644603,0.0,0.00022994081217644603,300.47976433741695,300.4938291801812,-3.2340813683437703e-06
150,158,contact,0.001884568290113149,-0.00011543170988685095,0.00011543170988685095,0.00024024124321903072,0.00024024124321903072,0.0,0.00024024124321903072,300.47976433741695,300.4659441432144,3.320180636746062e-06
150,278,contact,0.0018208609567454618,-0.00017913904325453822,0.00017913904325453822,0.0002992816760633185,0.0002992816760633185,0.0,0.0002992816760633185,300.47976433741695,300.4977286850101,-5.3764000570576935e-06
150,495,contact,0.002079473563813688,-0.00017052643618631217,0.00017052643618631217,0.0003077936142813812,0.0003077936142813812,0.0,0.0003077936142813812,300.47976433741695,300.4580753759287,6.675723846487465e-06
151,177,contact,0.001912540362789764,-8.745963721023598e-05,8.745963721023598e-05,0.00020911675830769276,0.00020911675830769276,0.0,0.00020911675830769276,300.52069550996356,300.57286236027295,-1.0908962627822424e-05
151,481,contact,0.002143510458523587,-0.00010648954147641316,0.00010648954147641316,0.0002432300482584031,0.0002432300482584031,0.0,0.0002432300482584031,300.52069550996356,300.47253130992067,1.1714980700759653e-05
152,325,contact,0.0019835432019641723,-1.645679803582772e-05,1.645679803582772e-05,9.071052319281297e-05,9.071052319281297e-05,0.0,9.071052319281297e-05,300.0488142579609,300.05586397306934,-6.394833458478669e-07
152,389,contact,0.0018268725605970243,-0.00017312743940297573,0.00017312743940297573,0.0002942171301972199,0.0002942171301972199,0.0,0.0002942171301972199,300.0488142579609,300.15264460864546,-3.0548667805786614e-05
153,224,contact,0.0018904665837300588,-0.00010953341626994124,0.00010953341626994124,0.00023402287951174906,0.00023402287951174906,0.0,0.00023402287951174906,300.71987515325344,300.8339038267994,-2.6685318530137345e-05
153,305,contact,0.0018611461195994262,-0.00013885388040057382,0.00013885388040057382,0.00026348992428608517,0.00026348992428608517,0.0,0.00026348992428608517,300.71987515325344,300.6461680556252,1.9421077573413072e-05
153,336,contact,0.0018836079741018298,-0.00011639202589817021,0.00011639202589817021,0.0002412384980658873,0.0002412384980658873,0.0,0.0002412384980658873,300.71987515325344,300.758054040159,-9.210217334920148e-06
153,374,contact,0.0018785525812859214,-0.0001214474187140786,0.0001214474187140786,0.00024642181185325154,0.00024642181185325154,0.0,0.00024642181185325154,300.71987515325344,300.7718766925055,-1.2814313521647232e-05
153,405,contact,0.0021326778196157524,-0.0001173221803842479,0.0001173221803842479,0.00025530176086811454,0.00025530176086811454,0.0,0.00025530176086811454,300.71987515325344,300.60673111327753,2.8885872637581443e-05
153,413,contact,0.0021905112525846568,-5.9488747415343494e-05,5.9488747415343494e-05,0.00018179467571861194,0.00018179467571861194,0.0,0.00018179467571861194,300.71987515325344,300.7176589212665,4.0289917538468553e-07
154,212,contact,0.0019211554536007751,-7.884454639922492e-05,7.884454639922492e-05,0.0001985504298650911,0.0001985504298650911,0.0,0.0001985504298650911,300.4938291801812,300.5809028822748,-1.728852098063293e-05
154,422,contact,0.0021831927259406128,-6.680727405938749e-05,6.680727405938749e-05,0.0001926529321220294,0.0001926529321220294,0.0,0.0001926529321220294,300.4938291801812,300.46485688427924,5.58159775581799e-06
155,447,contact,0.0021926312070204607,-5.736879297953959e-05,5.736879297953959e-05,0.0001785260531555542,0.0001785260531555542,0.0,0.0001785260531555542,300.8360239185493,300.8888918144989,-9.438296802518667e-06
155,450,contact,0.0022293528376863096,-2.064716231369064e-05,2.064716231369064e-05,0.00010710110050708225,0.00010710110050708225,0.0,0.00010710110050708225,300.8360239185493,300.72370536012625,1.2029441214478255e-05
155,483,contact,0.002216259943838561,-3.37400561614392e-05,3.37400561614392e-05,0.00013691046579879858,0.00013691046579879858,0.0,0.00013691046579879858,300.8360239185493,300.92106675323924,-1.1643254110250384e-05
156,170,contact,0.0019016271045870167,-9.837289541298334e-05,9.837289541298334e-05,0.00022178017879533705,0.00022178017879533705,0.0,0.00022178017879533705,300.32179365082027,300.3601497766019,-8.506628433740589e-06
156,420,contact,0.002181834726096365,-6.816527390363526e-05,6.816527390363526e-05,0.00019460112181878783,0.00019460112181878783,0.0,0.00019460112181878783,300.32179365082027,300.2805821461811,8.019805034627177e-06
156,470,contact,0.002187371148685106,-6.262885131489435e-05,6.262885131489435e-05,0.0001865309794271515,0.0001865309794271515,0.0,0.0001865309794271515,300.32179365082027,300.38479367088155,-1.1751455445960983e-05
156,488,contact,0.0022373481444111464,-1.2651855588853914e-05,1.2651855588853914e-05,8.383799055603848e-05,8.383799055603848e-05,0.0,8.383799055603848e-05,300.32179365082027,300.4273455734903,-8.84926109598178e-06
157,162,contact,0.0018473923548883702,-0.00015260764511162983,0.00015260764511162983,0.0002762314655426042,0.0002762314655426042,0.0,0.0002762314655426042,300.1762314985519,300.15664137078636,5.411409702837906e-06
157,285,contact,0.0018581289002649946,-0.00014187109973500542,0.00014187109973500542,0.0002663372859129993,0.0002663372859129993,0.0,0.0002663372859129993,300.1762314985519,300.1452732968893,8.245323407564067e-06
157,319,contact,0.001841914144144617,-0.00015808585585538296,0.00015808585585538296,0.00028114574143616594,0.00028114574143616594,0.0,0.00028114574143616594,300.1762314985519,300.25146998144726,-2.1152979058151727e-05
157,415,contact,0.002126854384413752,-0.00012314561558624806,0.00012314561558624806,0.00026156114176469124,0.00026156114176469124,0.0,0.00026156114176469124,300.1762314985519,300.08527433687004,2.3790859061178358e-05
157,443,contact,0.0021108545713999344,-0.00013914542860006584,0.00013914542860006584,0.0002780341991355119,0.0002780341991355119,0.0,0.0002780341991355119,300.1762314985519,300.2715910648112,-2.6513220634823418e-05
157,467,contact,0.0020908217460127968,-0.0001591782539872035,0.0001591782539872035,0.0002973757947887221,0.0002973757947887221,0.0,0.0002973757947887221,300.1762314985519,300.14186889170776,1.0218607521284569e-05
158,177,contact,0.001967050895554052,-3.294910444594798e-05,3.294910444594798e-05,0.00012835323222643827,0.00012835323222643827,0.0,0.00012835323222643827,300.4659441432144,300.57286236027295,-1.3723298743350876e-05
158,278,contact,0.0018577856441204408,-0.0001422143558795592,0.0001422143558795592,0.00026665929186844324,0.00026665929186844324,0.0,0.00026665929186844324,300.4659441432144,300.4977286850101,-8.475643407597165e-06
158,373,contact,0.0018205553317875295,-0.00017944466821247056,0.00017944466821247056,0.0002995368660219227,0.0002995368660219227,0.0,0.0002995368660219227,300.4659441432144,300.3950097388592,2.1247469173696762e-05
158,470,contact,0.0021976448183680638,-5.235518163193651e-05,5.235518163193651e-05,0.00017054680301237693,0.00017054680301237693,0.0,0.00017054680301237693,300.4659441432144,300.38479367088155,1.3839953619314525e-05
159,251,contact,0.0019003548502845458,-9.964514971545421e-05,9.964514971545421e-05,0.0002232097104915624,0.0002232097104915624,0.0,0.0002232097104915624,300.0678185549985,300.0559543930354,2.648196157009332e-06
159,352,contact,0.0019469785444375086,-5.302145556249148e-05,5.302145556249148e-05,0.00016282115274510785,0.00016282115274510785,0.0,0.00016282115274510785,300.0678185549985,300.08982522903773,-3.583152035153694e-06
159,389,contact,0.0018948953620738537,-0.00010510463792614633,0.00010510463792614633,0.00022924292565545653,0.00022924292565545653,0.0,0.00022924292565545653,300.0678185549985,300.15264460864546,-1.9445772709836696e-05
159,396,contact,0.0019915109431032515,-8.489056896748576e-06,8.489056896748576e-06,6.515004565135997e-05,6.515004565135997e-05,0.0,6.515004565135997e-05,300.0678185549985,300.05063434032076,1.1195523707375822e-06
160,422,contact,0.0021766601892273204,-7.333981077267985e-05,7.333981077267985e-05,0.00020185227102550882,0.00020185227102550882,0.0,0.00020185227102550882,300.4762549523537,300.46485688427924,2.300725926135179e-06
160,435,contact,0.0021686852636793558,-8.131473632064451e-05,8.131473632064451e-05,0.00021254376846068475,0.00021254376846068475,0.0,0.00021254376846068475,300.4762549523537,300.43913985556554,7.888582538140789e-06
161,213,contact,0.001989944004237305,-1.005599576269509e-05,1.005599576269509e-05,7.090837666557841e-05,7.090837666557841e-05,0.0,7.090837666557841e-05,300.3102678337229,300.2616299059123,3.448836505427437e-06
161,243,contact,0.0019041351160041136,-9.586488399588645e-05,9.586488399588645e-05,0.00021893478937332737,0.00021893478937332737,0.0,0.00021893478937332737,300.3102678337229,300.2701719133287,8.778391886235618e-06
161,371,contact,0.0018921694084040154,-0.0001078305915959846,0.0001078305915959846,0.00023219667482113584,0.00023219667482113584,0.0,0.00023219667482113584,300.3102678337229,300.4266083683809,-2.7013885294509112e-05
161,423,contact,0.0021630418511901237,-8.695814880987657e-05,8.695814880987657e-05,0.0002197955474347778,0.0002197955474347778,0.0,0.0002197955474347778,300.3102678337229,300.2742156843673,7.924101903817127e-06
161,491,contact,0.002081429040347039,-0.0001685709596529611,0.0001685709596529611,0.00030602374604029334,0.00030602374604029334,0.0,0.00030602374604029334,300.3102678337229,300.2878429236046,6.8625549990113825e-06
162,171,contact,0.001909847212868086,-9.015278713191415e-05,9.015278713191415e-05,0.00021231201936291094,0.00021231201936291094,0.0,0.00021231201936291094,300.15664137078636,300.06116577441117,2.0270616666295868e-05
162,415,contact,0.002172987086800103,-7.701291319989721e-05,7.701291319989721e-05,0.0002068452362944834,0.0002068452362944834,0.0,0.0002068452362944834,300.15664137078636,300.08527433687004,1.4761930994057056e-05
162,419,contact,0.0020767068305372343,-0.000173293169462766,0.000173293169462766,0.00031028049090277976,0.00031028049090277976,0.0,0.00031028049090277976,300.15664137078636,300.2521070504731,-2.962113795757353e-05
163,232,contact,0.0019951663963191143,-4.833603680885756e-06,4.833603680885756e-06,4.9160978839348575e-05,4.9160978839348575e-05,0.0,4.9160978839348575e-05,300.95435711064147,300.8773504225026,3.785724166082398e-06
164,217,contact,0.0019219378210805888,-7.806217891941124e-05,7.806217891941124e-05,0.00019756287469994364,0.00019756287469994364,0.0,0.00019756287469994364,300.18299691165,300.1758300022796,1.4159152179240652e-06
164,235,contact,0.0019153090476474023,-8.469095235259772e-05,8.469095235259772e-05,0.00020578016468138726,0.00020578016468138726,0.0,0.00020578016468138726,300.18299691165,300.262937163498,-1.6450118189959023e-05
164,237,contact,0.0018981314551421353,-0.00010186854485786474,0.00010186854485786474,0.00022568622560744013,0.00022568622560744013,0.0,0.00022568622560744013,300.18299691165,300.24417759121167,-1.3807636650375429e-05
164,283,contact,0.0019186147211204241,-8.138527887957591e-05,8.138527887957591e-05,0.00020172416672225457,0.00020172416672225457,0.0,0.00020172416672225457,300.18299691165,300.0633342372027,2.4138853290634736e-05
165,246,contact,0.001976980079616383,-2.3019920383616967e-05,2.3019920383616967e-05,0.00010728448253036636,0.00010728448253036636,0.0,0.00010728448253036636,300.94641481903545,300.9354083007243,1.1808286214725944e-06
166,218,contact,0.0019191364676854014,-8.086353231459868e-05,8.086353231459868e-05,0.0002010765181648502,0.0002010765181648502,0.0,0.0002010765181648502,300.2819424621309,300.2647343550005,3.4601462659972696e-06
166,234,contact,0.0019181841836747589,-8.181581632524118e-05,8.181581632524118e-05,0.00020225703489031127,0.00020225703489031127,0.0,0.00020225703489031127,300.2819424621309,300.3017410980213,-4.0044133900586645e-06
166,382,contact,0.001967809547796738,-3.21904522032619e-05,3.21904522032619e-05,0.00012686696221487668,0.00012686696221487668,0.0,0.00012686696221487668,300.2819424621309,300.21660555646844,8.289094741920216e-06
167,175,contact,0.0018739947263799856,-0.00012600527362001445,0.00012600527362001445,0.00025100326055652587,0.00025100326055652587,0.0,0.00025100326055652587,300.6266120346877,300.5886803722974,9.52097093829272e-06
167,294,contact,0.0019761752058205773,-2.3824794179422727e-05,2.3824794179422727e-05,0.00010914392832270315,0.00010914392832270315,0.0,0.00010914392832270315,300.6266120346877,300.67641765160863,-5.435980683286528e-06
167,362,contact,0.0019350772319987636,-6.492276800123642e-05,6.492276800123642e-05,0.0001801704304280206,0.0001801704304280206,0.0,0.0001801704304280206,300.6266120346877,300.7384349139437,-2.0147176287255954e-05
167,421,contact,0.0020742099307688223,-0.00017579006923117797,0.00017579006923117797,0.0003125078392182773,0.0003125078392182773,0.0,0.0003125078392182773,300.6266120346877,300.638270103196,-3.643237798995278e-06
167,424,contact,0.0021268651011759065,-0.00012313489882409372,0.00012313489882409372,0.0002615497603220016,0.0002615497603220016,0.0,0.0002615497603220016,300.6266120346877,300.5740725856174,1.3741680311789402e-05
168,233,contact,0.0018751877545995224,-0.00012481224540047769,0.00012481224540047769,0.00024981217484389915,0.00024981217484389915,0.0,0.00024981217484389915,300.5326051273946,300.55131306920214,-4.6734716297896775e-06
168,439,contact,0.002182867477160556,-6.713252283944418e-05,6.713252283944418e-05,0.00019312132461722975,0.00019312132461722975,0.0,0.00019312132461722975,300.5326051273946,300.4116183704988,2.3365122752865755e-05
168,455,contact,0.0021303722920327796,-0.00011962770796722063,0.00011962770796722063,0.0002577980561594036,0.0002577980561594036,0.0,0.0002577980561594036,300.5326051273946,300.4739231258442,1.5128105931245829e-05
168,465,contact,0.00208207567527145,-0.00016792432472855032,0.00016792432472855032,0.0003054362315048123,0.0003054362315048123,0.0,0.0003054362315048123,300.5326051273946,300.6433312088672,-3.3819757054283286e-05
169,284,contact,0.0018722577776067591,-0.0001277422223932409,0.0001277422223932409,0.0002527273455655728,0.0002527273455655728,0.0,0.0002527273455655728,300.7623212938615,300.85862963145075,-2.4339750514771287e-05
169,412,contact,0.002243885409442514,-6.114590557486366e-06,6.114590557486366e-06,5.82837434810007e-05,5.82837434810007e-05,0.0,5.82837434810007e-05,300.7623212938615,300.82576013149344,-3.697452939274212e-06
169,441,contact,0.002185458554836719,-6.454144516328123e-05,6.454144516328123e-05,0.00018935775247938788,0.00018935775247938788,0.0,0.00018935775247938788,300.7623212938615,300.8341436513146,-1.3600120185095791e-05
169,457,contact,0.0021812441031963847,-6.875589680361551e-05,6.875589680361551e-05,0.0001954423711646302,0.0001954423711646302,0.0,0.0001954423711646302,300.7623212938615,300.73823574868993,4.707336059119507e-06
169,463,contact,0.0022139458310077974,-3.605416899220282e-05,3.605416899220282e-05,0.00014152771419251114,0.00014152771419251114,0.0,0.00014152771419251114,300.7623212938615,300.71188828590726,7.137668335612281e-06
170,230,contact,0.001977769203446145,-2.2230796553855247e-05,2.2230796553855247e-05,0.00010542958919073727,0.00010542958919073727,0.0,0.00010542958919073727,300.3601497766019,300.356776558844,3.5563696246447133e-07
170,300,contact,0.0019991307287418702,-8.692712581298036e-07,8.692712581298036e-07,2.0847916660062267e-05,2.0847916660062267e-05,0.0,2.0847916660062267e-05,300.3601497766019,300.27112776211237,1.8559235389879743e-06
170,343,contact,0.0019424508810005985,-5.7549118999401534e-05,5.7549118999401534e-05,0.0001696306561317876,0.0001696306561317876,0.0,0.0001696306561317876,300.3601497766019,300.28336747117464,1.3024632848932315e-05
170,468,contact,0.0022096075613103785,-4.039243868962173e-05,4.039243868962173e-05,0.00014980067995992713,0.00014980067995992713,0.0,0.00014980067995992713,300.3601497766019,300.38154098731525,-3.2044179100296726e-06
170,495,contact,0.0021708203809159337,-7.917961908406653e-05,7.917961908406653e-05,0.00020973477839625419,0.00020973477839625419,0.0,0.00020973477839625419,300.3601497766019,300.4580753759287,-2.053840387412673e-05
171,268,contact,0.0019052981276692631,-9.470187233073693e-05,9.470187233073693e-05,0.0002176027025690822,0.0002176027025690822,0.0,0.0002176027025690822,300.06116577441117,300.1283708725489,-1.4624010981188197e-05
172,189,contact,0.001877259250396706,-0.00012274074960329402,0.00012274074960329402,0.00024773044786954835,0.00024773044786954835,0.0,0.00024773044786954835,300.4175778689583,300.40718483579326,2.574670760696044e-06
172,255,contact,0.0019019158783776433,-9.808412162235674e-05,9.808412162235674e-05,0.00022145442152094946,0.00022145442152094946,0.0,0.00022145442152094946,300.4175778689583,300.3490634558832,1.5172819713392043e-05
172,387,contact,0.001900638223124011,-9.936177687598895e-05,9.936177687598895e-05,0.0002228921004387425,0.0002228921004387425,0.0,0.0002228921004387425,300.4175778689583,300.5245577245505,-2.384496471758211e-05
172,442,contact,0.002121968019086292,-0.00012803198091370814,0.00012803198091370814,0.000266699978037857,0.000266699978037857,0.0,0.000266699978037857,300.4175778689583,300.35976386383913,1.5418993895559285e-05
173,183,contact,0.0018842876733459132,-0.00011571232665408683,0.00011571232665408683,0.00024053308156476817,0.00024053308156476817,0.0,0.00024053308156476817,300.6499038299208,300.6937568173205,-1.0548094195071434e-05
173,223,contact,0.0018849364011297573,-0.00011506359887024278,0.00011506359887024278,0.0002398578734065684,0.0002398578734065684,0.0,0.0002398578734065684,300.6499038299208,300.5696403778207,1.9251820932999526e-05
173,416,contact,0.0022088071473512485,-4.119285264875174e-05,4.119285264875174e-05,0.00015127761942268728,0.00015127761942268728,0.0,0.00015127761942268728,300.6499038299208,300.5631387984581,1.3125607408808154e-05
173,437,contact,0.0021624592599732368,-8.754074002676349e-05,8.754074002676349e-05,0.00022053059755805553,0.00022053059755805553,0.0,0.00022053059755805553,300.6499038299208,300.77781018451,-2.8207264809025696e-05
174,205,contact,0.001954829942731592,-4.517005726840809e-05,4.517005726840809e-05,0.00015028316151253953,0.00015028316151253953,0.0,0.00015028316151253953,300.30066251442213,300.3466832072542,-6.916135213803532e-06
174,218,contact,0.0018296437835819295,-0.0001703562164180705,0.0001703562164180705,0.00029185288795733244,0.00029185288795733244,0.0,0.00029185288795733244,300.30066251442213,300.2647343550005,1.0485737086198264e-05
174,353,contact,0.0018752508581253865,-0.00012474914187461357,0.00012474914187461357,0.00024974901588856516,0.00024974901588856516,0.0,0.00024974901588856516,300.30066251442213,300.19106029643325,2.737304608192656e-05
174,373,contact,0.001851279372326067,-0.00014872062767393298,0.00014872062767393298,0.0002726908759694143,0.0002726908759694143,0.0,0.0002726908759694143,300.30066251442213,300.3950097388592,-2.5727627277024343e-05
174,477,contact,0.0021884984632619692,-6.150153673803102e-05,6.150153673803102e-05,0.00018484458447576234,0.00018484458447576234,0.0,0.00018484458447576234,300.30066251442213,300.32887551666977,-5.215020677278663e-06
175,424,contact,0.0021660266032761466,-8.397339672385363e-05,8.397339672385363e-05,0.0002159904791161119,0.0002159904791161119,0.0,0.0002159904791161119,300.5886803722974,300.5740725856174,3.1551428438428174e-06
175,456,contact,0.0021253323915331455,-0.00012466760846685477,0.00012466760846685477,0.0002631725336762672,0.0002631725336762672,0.0,0.0002631725336762672,300.5886803722974,300.5777459110981,2.877649858211592e-06
175,485,contact,0.00216542127774251,-8.457872225749044e-05,8.457872225749044e-05,0.00021676756914247835,0.00021676756914247835,0.0,0.00021676756914247835,300.5886803722974,300.5732978229296,3.3344378336752374e-06
176,198,contact,0.0018452588573151458,-0.0001547411426848543,0.0001547411426848543,0.00027815566027393214,0.00027815566027393214,0.0,0.00027815566027393214,300.82701241999985,300.77383050817525,1.4792849798200223e-05
176,203,contact,0.0019349608782608515,-6.503912173914852e-05,6.503912173914852e-05,0.00018033180770339507,0.00018033180770339507,0.0,0.00018033180770339507,300.82701241999985,300.75608729409964,1.2790056165174502e-05
176,264,contact,0.0019041906431867578,-9.580935681324223e-05,9.580935681324223e-05,0.0002188713741141612,0.0002188713741141612,0.0,0.0002188713741141612,300.82701241999985,300.8826108437722,-1.2168903409642378e-05
176,427,contact,0.002110166941286875,-0.0001398330587131253,0.0001398330587131253,0.00027872034841109635,0.00027872034841109635,0.0,0.00027872034841109635,300.82701241999985,300.77699636635174,1.3940491898948628e-05
177,212,contact,0.001924479763546502,-7.552023645349798e-05,7.552023645349798e-05,0.0001943196290310091,0.0001943196290310091,0.0,0.0001943196290310091,300.57286236027295,300.5809028822748,-1.5624312526177504e-06
177,273,contact,0.0018671066592190174,-0.00013289334078098267,0.00013289334078098267,0.00025777251674779324,0.00025777251674779324,0.0,0.00025777251674779324,300.57286236027295,300.595271661759,-5.776502042619178e-06
177,278,contact,0.001868295844613481,-0.00013170415538651904,0.00013170415538651904,0.0002566165966831832,0.0002566165966831832,0.0,0.0002566165966831832,300.57286236027295,300.4977286850101,1.9280548042255053e-05
177,316,contact,0.0019383839958584058,-6.16160041415942e-05,6.16160041415942e-05,0.00017552208428228368,0.00017552208428228368,0.0,0.00017552208428228368,300.57286236027295,300.6195465058676,-8.194098537713689e-06
177,368,contact,0.001965314519001984,-3.468548099801617e-05,3.468548099801617e-05,0.00013169183915113375,0.00013169183915113375,0.0,0.00013169183915113375,300.57286236027295,300.68005343565034,-1.4116189857035819e-05
177,452,contact,0.002203852937788726,-4.614706221127418e-05,4.614706221127418e-05,0.00016011638512045297,0.00016011638512045297,0.0,0.00016011638512045297,300.57286236027295,300.66194498422,-1.4263587723444053e-05
178,216,contact,0.001966216909753347,-3.3783090246652936e-05,3.3783090246652936e-05,0.00012996747717535518,0.00012996747717535518,0.0,0.00012996747717535518,300.75892965348066,300.8397508263449,-1.0504123939521384e-05
178,228,contact,0.001979751308371837,-2.0248691628163215e-05,2.0248691628163215e-05,0.0001006198082590183,0.0001006198082590183,0.0,0.0001006198082590183,300.75892965348066,300.8222555872099,-6.37184330965858e-06
178,245,contact,0.0019871151415808796,-1.2884858419120408e-05,1.2884858419120408e-05,8.026474449943888e-05,8.026474449943888e-05,0.0,8.026474449943888e-05,300.75892965348066,300.62888833644075,1.0437733086578989e-05
178,392,contact,0.0019901564096824155,-9.843590317584576e-06,9.843590317584576e-06,7.015550697409497e-05,7.015550697409497e-05,0.0,7.015550697409497e-05,300.75892965348066,300.852113449134,-6.537356425828939e-06
178,393,contact,0.001973700358058437,-2.6299641941562868e-05,2.6299641941562868e-05,0.00011467266880465211,0.00011467266880465211,0.0,0.00011467266880465211,300.75892965348066,300.7426123762127,1.8711457319406804e-06
179,273,contact,0.0018475776437541136,-0.00015242235624588645,0.00015242235624588645,0.0002760637211278281,0.0002760637211278281,0.0,0.0002760637211278281,300.6050926042964,300.595271661759,2.7112059418500033e-06
179,286,contact,0.0018602086690745207,-0.0001397913309254793,0.0001397913309254793,0.0002643778838381525,0.0002643778838381525,0.0,0.0002643778838381525,300.6050926042964,300.7027495456812,-2.5818335505419473e-05
179,306,contact,0.001899730605533322,-0.00010026939446667812,0.00010026939446667812,0.00022390778734411866,0.00022390778734411866,0.0,0.00022390778734411866,300.6050926042964,300.61701183964277,-2.668809613245623e-06
179,342,contact,0.0019493012971062216,-5.06987028937784e-05,5.06987028937784e-05,0.00015921479657019695,0.00015921479657019695,0.0,0.00015921479657019695,300.6050926042964,300.5633822856398,6.640899899781575e-06
179,497,contact,0.0021900006267807316,-5.9999373219268674e-05,5.9999373219268674e-05,0.00018257323221605056,0.00018257323221605056,0.0,0.00018257323221605056,300.6050926042964,300.5002851303603,1.9135039276911675e-05
180,299,contact,0.0019911289479589214,-8.871052041078617e-06,8.871052041078617e-06,6.659974489845519e-05,6.659974489845519e-05,0.0,6.659974489845519e-05,300.3657587360563,300.38407070745484,-1.2195726237300406e-06
180,354,contact,0.0019170894647094583,-8.291053529054177e-05,8.291053529054177e-05,0.0002036056670264138,0.0002036056670264138,0.0,0.0002036056670264138,300.3657587360563,300.47723982062416,-2.269818058426641e-05
180,419,contact,0.0021921234540052716,-5.7876545994728704e-05,5.7876545994728704e-05,0.0001793143515275288,0.0001793143515275288,0.0,0.0001793143515275288,300.3657587360563,300.2521070504731,2.0379378300360814e-05
180,420,contact,0.0021992958162102712,-5.0704183789729036e-05,5.0704183789729036e-05,0.00016783620287141242,0.00016783620287141242,0.0,0.00016783620287141242,300.3657587360563,300.2805821461811,1.4295715418194515e-05
180,488,contact,0.0021950830346253417,-5.491696537465859e-05,5.491696537465859e-05,0.00017466947417377673,0.00017466947417377673,0.0,0.00017466947417377673,300.3657587360563,300.4273455734903,-1.0757340510621341e-05
181,251,contact,0.001959383357487759,-4.061664251224116e-05,4.061664251224116e-05,0.00014250726738002025,0.00014250726738002025,0.0,0.00014250726738002025,300.05869027321836,300.0559543930354,3.8988280875388756e-07
181,295,contact,0.0019549881601176006,-4.501183988239949e-05,4.501183988239949e-05,0.0001500197318395142,0.0001500197318395142,0.0,0.0001500197318395142,300.05869027321836,300.150354657359,-1.375146632801342e-05
181,370,contact,0.001958315691225498,-4.1684308774502226e-05,4.1684308774502226e-05,0.00014436812109067262,0.00014436812109067262,0.0,0.00014436812109067262,300.05869027321836,300.1640745246972,-1.521412637854481e-05
182,224,contact,0.0019748494111605066,-2.5150588839493483e-05,2.5150588839493483e-05,0.0001121396202051119,0.0001121396202051119,0.0,0.0001121396202051119,300.9378396631443,300.8339038267994,1.165532521341485e-05
182,449,contact,0.0022399187488435822,-1.0081251156418038e-05,1.0081251156418038e-05,7.483779183606976e-05,7.483779183606976e-05,0.0,7.483779183606976e-05,300.9378396631443,300.9181410895592,1.4741977494305015e-06
182,472,contact,0.002227556962541026,-2.244303745897432e-05,2.244303745897432e-05,0.00011166178461709548,0.00011166178461709548,0.0,0.00011166178461709548,300.9378396631443,300.9341421260087,4.1287359525154066e-07
183,247,contact,0.001889287476193075,-0.00011071252380692514,0.00011071252380692514,0.0002352791148900866,0.0002352791148900866,0.0,0.0002352791148900866,300.6937568173205,300.6397841352551,1.2698644864582915e-05
183,430,contact,0.002171304461401026,-7.869553859897417e-05,7.869553859897417e-05,0.00020909266765263855,0.00020909266765263855,0.0,0.00020909266765263855,300.6937568173205,300.838939069691,-3.035654444396417e-05
183,476,contact,0.0022270900151767545,-2.2909984823245733e-05,2.2909984823245733e-05,0.0001128174159704415,0.0001128174159704415,0.0,0.0001128174159704415,300.6937568173205,300.6307363579072,7.109805384276403e-06
184,418,contact,0.0021719660681799335,-7.803393182006678e-05,7.803393182006678e-05,0.00020821187368755303,0.00020821187368755303,0.0,0.00020821187368755303,300.95760537159026,300.935143167177,4.676897668040385e-06
184,483,contact,0.0021714651180495628,-7.853488195043749e-05,7.853488195043749e-05,0.00020887912766110757,0.00020887912766110757,0.0,0.00020887912766110757,300.95760537159026,300.92106675323924,7.632154727102525e-06
185,384,contact,0.001971427935728061,-2.8572064271939045e-05,2.8572064271939045e-05,0.00011952419058905826,0.00011952419058905826,0.0,0.00011952419058905826,300.9027419747117,300.9561769279513,-6.386769535122525e-06
185,483,contact,0.0022372995043893878,-1.2700495610612483e-05,1.2700495610612483e-05,8.399899341530655e-05,8.399899341530655e-05,0.0,8.399899341530655e-05,300.9027419747117,300.92106675323924,-1.5392629508708133e-06
186,246,contact,0.0019623669160215677,-3.7633083978432305e-05,3.7633083978432305e-05,0.0001371734011724436,0.0001371734011724436,0.0,0.0001371734011724436,300.8163495885657,300.9354083007243,-1.6331688486008744e-05
186,414,contact,0.002220564288463633,-2.9435711536367117e-05,2.9435711536367117e-05,0.0001278795256315862,0.0001278795256315862,0.0,0.0001278795256315862,300.8163495885657,300.74990619217317,8.496750012026245e-06
186,429,contact,0.002110523709139511,-0.00013947629086048926,0.00013947629086048926,0.0002783645599853318,0.0002783645599853318,0.0,0.0002783645599853318,300.8163495885657,300.82528855403524,-2.4882911896564045e-06
186,441,contact,0.002139189427657121,-0.00011081057234287907,0.00011081057234287907,0.00024811575741854296,0.00024811575741854296,0.0,0.00024811575741854296,300.8163495885657,300.8341436513146,-4.414987356501183e-06
186,457,contact,0.002181202767167693,-6.879723283230747e-05,6.879723283230747e-05,0.00019550111229053784,0.00019550111229053784,0.0,0.00019550111229053784,300.8163495885657,300.73823574868993,1.5271342580995036e-05
187,244,contact,0.0019335143318837847,-6.648566811621537e-05,6.648566811621537e-05,0.00018232617491218227,0.00018232617491218227,0.0,0.00018232617491218227,300.86740768526045,300.8706342274278,-5.882830915639801e-07
187,374,contact,0.0018823609518110926,-0.0001176390481889074,0.0001176390481889074,0.00024252736772260096,0.00024252736772260096,0.0,0.00024252736772260096,300.86740768526045,300.7718766925055,2.316888020878713e-05
187,427,contact,0.002146081671069394,-0.00010391832893060643,0.00010391832893060643,0.00024027568533134603,0.00024027568533134603,0.0,0.00024027568533134603,300.86740768526045,300.77699636635174,2.1723641612500463e-05
187,472,contact,0.002112597351805419,-0.00013740264819458135,0.00013740264819458135,0.0002762875396259216,0.0002762875396259216,0.0,0.0002762875396259216,300.86740768526045,300.9341421260087,-1.8437894442641595e-05
188,308,contact,0.001824628485363528,-0.000175371514636472,0.000175371514636472,0.0002961178098632975,0.0002961178098632975,0.0,0.0002961178098632975,300.2799868118205,300.22847867547034,1.5252476526146768e-05
188,347,contact,0.0018666830167438724,-0.00013331698325612764,0.00013331698325612764,0.0002581830583676315,0.0002581830583676315,0.0,0.0002581830583676315,300.2799868118205,300.2276914314256,1.3501781248845362e-05
188,377,contact,0.0018081772564104434,-0.0001918227435895566,0.0001918227435895566,0.00030969561152005093,0.00030969561152005093,0.0,0.00030969561152005093,300.2799868118205,300.37798834517855,-3.0350644803226494e-05
188,410,contact,0.002066750738139459,-0.0001832492618605414,0.0001832492618605414,0.0003190691860366315,0.0003190691860366315,0.0,0.0003190691860366315,300.2799868118205,300.3640945522259,-2.68361882705269e-05
188,500,contact,0.0020931522050725297,-0.00015684779492747053,0.00015684779492747053,0.0002951908939120493,0.0002951908939120493,0.0,0.0002951908939120493,300.2799868118205,300.1836675286545,2.8432575298738364e-05
189,358,contact,0.0019161769517975114,-8.382304820248867e-05,8.382304820248867e-05,0.0002047230424286537,0.0002047230424286537,0.0,0.0002047230424286537,300.40718483579326,300.32201088384073,1.7437070579393244e-05
189,359,contact,0.0019986897157387882,-1.310284261211818e-06,1.310284261211818e-06,2.559574438468061e-05,2.559574438468061e-05,0.0,2.559574438468061e-05,300.40718483579326,300.4549001151345,-1.221308093261467e-06
189,439,contact,0.0021341626568047714,-0.00011583734319522889,0.00011583734319522889,0.0002536810587192212,0.0002536810587192212,0.0,0.0002536810587192212,300.40718483579326,300.4116183704988,-1.1247037779664121e-06
189,468,contact,0.0021325263915131275,-0.00011747360848687275,0.00011747360848687275,0.00025546646712639294,0.00025546646712639294,0.0,0.00025546646712639294,300.40718483579326,300.38154098731525,6.5511433742022374e-06
190,393,contact,0.0018730703317547902,-0.00012692966824520984,0.00012692966824520984,0.0002519222779402507,0.0002519222779402507,0.0,0.0002519222779402507,300.78299729019716,300.7426123762127,1.0173859525381126e-05
190,414,contact,0.0022003770546885825,-4.962294531141772e-05,4.962294531141772e-05,0.0001660370529453821,0.0001660370529453821,0.0,0.0001660370529453821,300.78299729019716,300.74990619217317,5.494348394629691e-06
190,490,contact,0.0021598827237375644,-9.01172762624359e-05,9.01172762624359e-05,0.00022375243792891077,0.00022375243792891077,0.0,0.00022375243792891077,300.78299729019716,300.8403069791053,-1.2823182610148832e-05
191,215,contact,0.0019010978933237499,-9.890210667625019e-05,9.890210667625019e-05,0.00022237592796461828,0.00022237592796461828,0.0,0.00022237592796461828,300.1766314595004,300.28135125982794,-2.328716277410398e-05
191,227,contact,0.0019183722944204548,-8.162770557954523e-05,8.162770557954523e-05,0.00020202438662144878,0.00020202438662144878,0.0,0.00020202438662144878,300.1766314595004,300.19282267401485,-3.2710201809351536e-06
191,265,contact,0.0019238003924523977,-7.619960754760239e-05,7.619960754760239e-05,0.00019519171031014918,0.00019519171031014918,0.0,0.00019519171031014918,300.1766314595004,300.0808396274378,1.8697771534044664e-05
191,276,contact,0.0019490500639192973,-5.0949936080702755e-05,5.0949936080702755e-05,0.00015960879687646097,0.00015960879687646097,0.0,0.00015960879687646097,300.1766314595004,300.2698220434066,-1.4874036977477753e-05
191,415,contact,0.00210402203476628,-0.00014597796523372047,0.00014597796523372047,0.0002847786325802713,0.0002847786325802713,0.0,0.0002847786325802713,300.1766314595004,300.08527433687004,2.6016556459144984e-05
191,458,contact,0.0021604663696526273,-8.953363034737297e-05,8.953363034737297e-05,0.00022302669290589532,0.00022302669290589532,0.0,0.00022302669290589532,300.1766314595004,300.19134767134994,-3.282108060903592e-06
192,277,contact,0.0019737188198578346,-2.6281180142165468e-05,2.6281180142165468e-05,0.00011463241282936836,0.00011463241282936836,0.0,0.00011463241282936836,300.9404656987389,300.94343921776965,-3.408616610917482e-07
192,309,contact,0.0019423475232161727,-5.765247678382731e-05,5.765247678382731e-05,0.00016978291548890796,0.00016978291548890796,0.0,0.00016978291548890796,300.9404656987389,300.9403307903267,2.2905143543636057e-08
192,444,contact,0.002200501302788981,-4.94986972110192e-05,4.94986972110192e-05,0.00016582905724975947,0.00016582905724975947,0.0,0.00016582905724975947,300.9404656987389,300.84000414684,1.6659444441240464e-05
193,275,contact,0.0020000058798413565,-0.0,0.0,1.0000000000000001e-07,1.0000000000000001e-07,0.0,1.0000000000000001e-07,300.50228797798667,300.50228797798667,0.0
194,201,contact,0.0019466584714325213,-5.3341528567478784e-05,5.3341528567478784e-05,0.0001633118620423495,0.0001633118620423495,0.0,0.0001633118620423495,300.1699654083254,300.261764451737,-1.4991872713252197e-05
194,237,contact,0.001989749560723661,-1.0250439276339104e-05,1.0250439276339104e-05,7.159063931946377e-05,7.159063931946377e-05,0.0,7.159063931946377e-05,300.1699654083254,300.24417759121167,-5.312897618119056e-06
194,266,contact,0.0018645622659487675,-0.00013543773405123253,0.00013543773405123253,0.0002602284900344623,0.0002602284900344623,0.0,0.0002602284900344623,300.1699654083254,300.15008496403425,5.173457999106738e-06
194,372,contact,0.0019471255502406608,-5.287444975933921e-05,5.287444975933921e-05,0.0001625952793892541,0.0001625952793892541,0.0,0.0001625952793892541,300.1699654083254,300.0897960109839,1.3035165559215071e-05
194,500,contact,0.0021125320698394145,-0.00013746793016058577,0.00013746793016058577,0.00027635316591534924,0.00027635316591534924,0.0,0.00027635316591534924,300.1699654083254,300.1836675286545,-3.7866243326919696e-06
195,361,contact,0.0019200676761249858,-7.993232387501427e-05,7.993232387501427e-05,0.00019991538694534529,0.00019991538694534529,0.0,0.00019991538694534529,300.5839749567395,300.6060015267486,-4.403450266454316e-06
195,403,contact,0.0021592283389442633,-9.077166105573697e-05,9.077166105573697e-05,0.0002245633553955777,0.0002245633553955777,0.0,0.0002245633553955777,300.5839749567395,300.51516343959287,1.5452545180307095e-05
195,456,contact,0.0021031159987266517,-0.00014688400127334852,0.00014688400127334852,0.000285661028020341,0.000285661028020341,0.0,0.000285661028020341,300.5839749567395,300.5777459110981,1.7793955815133494e-06
195,476,contact,0.002114528298131761,-0.00013547170186823916,0.00013547170186823916,0.00027433930923851616,0.00027433930923851616,0.0,0.00027433930923851616,300.5839749567395,300.6307363579072,-1.2828490495375859e-05
196,297,contact,0.0019840389645619373,-1.596103543806274e-05,1.596103543806274e-05,8.933374345134861e-05,8.933374345134861e-05,0.0,8.933374345134861e-05,300.56091329794685,300.59726987935795,-3.2478695165471374e-06
197,227,contact,0.001942091885055904,-5.7908114944096086e-05,5.7908114944096086e-05,0.00017015891828537242,0.00017015891828537242,0.0,0.00017015891828537242,300.1217732891989,300.19282267401485,-1.2089686465118402e-05
197,317,contact,0.0019344721845110599,-6.552781548894017e-05,6.552781548894017e-05,0.000181008032265063,0.000181008032265063,0.0,0.000181008032265063,300.1217732891989,300.0707332355984,9.238659668930253e-06
197,411,contact,0.002211904681490592,-3.809531850940823e-05,3.809531850940823e-05,0.00014547874703392289,0.00014547874703392289,0.0,0.00014547874703392289,300.1217732891989,300.1811590284355,-8.639362935820183e-06
198,307,contact,0.0019299669126697486,-7.003308733025148e-05,7.003308733025148e-05,0.00018712707891998354,0.00018712707891998354,0.0,0.00018712707891998354,300.77383050817525,300.69511569541737,1.4729672979115591e-05
198,471,contact,0.0021579654650851115,-9.203453491488881e-05,9.203453491488881e-05,0.0002261200945845774,0.0002261200945845774,0.0,0.0002261200945845774,300.77383050817525,300.8222863939505,-1.0956849474676839e-05
199,239,contact,0.0019570627859371295,-4.2937214062870564e-05,4.2937214062870564e-05,0.00014652169474666638,0.00014652169474666638,0.0,0.00014652169474666638,300.50100001033786,300.6176211721795,-1.7087530276361695e-05
199,297,contact,0.0019719189811957284,-2.808101880427162e-05,2.808101880427162e-05,0.00011849265547761098,0.00011849265547761098,0.0,0.00011849265547761098,300.50100001033786,300.59726987935795,-1.140727242267237e-05
199,302,contact,0.0019660664674420346,-3.393353255796549e-05,3.393353255796549e-05,0.0001302565402541567,0.0001302565402541567,0.0,0.0001302565402541567,300.50100001033786,300.3906777788269,1.437019218973619e-05
199,311,contact,0.0019798814712249833,-2.0118528775016787e-05,2.0118528775016787e-05,0.0001002958842002422,0.0001002958842002422,0.0,0.0001002958842002422,300.50100001033786,300.5262487641289,-2.5323460864286867e-06
199,489,contact,0.0022055113200344268,-4.448867996557351e-05,4.448867996557351e-05,0.0001572130189081283,0.0001572130189081283,0.0,0.0001572130189081283,300.50100001033786,300.3950485012874,1.6656956595691854e-05
200,255,contact,0.0019154551666463106,-8.454483335368942e-05,8.454483335368942e-05,0.00020560256972334932,0.00020560256972334932,0.0,0.00020560256972334932,300.43660777092686,300.3490634558832,1.7999336137646578e-05
200,365,contact,0.0019060751901485954,-9.392480985140469e-05,9.392480985140469e-05,0.00021670810996753754,0.00021670810996753754,0.0,0.00021670810996753754,300.43660777092686,300.5300371500796,-2.0246904171627244e-05
200,416,contact,0.002220734155070791,-2.926584492920917e-05,2.926584492920917e-05,0.00012751001034604908,0.00012751001034604908,0.0,0.00012751001034604908,300.43660777092686,300.5631387984581,-1.613397262960683e-05
200,475,contact,0.0021985257414003597,-5.147425859964054e-05,5.147425859964054e-05,0.00016910591454214022,0.00016910591454214022,0.0,0.00016910591454214022,300.43660777092686,300.3360639652124,1.700255221688721e-05
201,237,contact,0.0019154427817087089,-8.455721829129115e-05,8.455721829129115e-05,0.00020561762848949887,0.00020561762848949887,0.0,0.00020561762848949887,300.261764451737,300.24417759121167,3.6161685537962617e-06
201,240,contact,0.0019354990164037794,-6.450098359622063e-05,6.450098359622063e-05,0.0001795842192346263,0.0001795842192346263,0.0,0.0001795842192346263,300.261764451737,300.30595772355076,-7.936414214096567e-06
201,266,contact,0.0018531480927330129,-0.00014685190726698716,0.00014685190726698716,0.0002709722377541537,0.0002709722377541537,0.0,0.0002709722377541537,300.261764451737,300.15008496403425,3.0262040694054015e-05
201,321,contact,0.0018837526456517597,-0.0001162473543482403,0.0001162473543482403,0.00024108852559613897,0.00024108852559613897,0.0,0.00024108852559613897,300.261764451737,300.2327283344628,7.000274702670614e-06
201,378,contact,0.0018516993977425165,-0.00014830060225748355,0.00014830060225748355,0.0002723055290087621,0.0002723055290087621,0.0,0.0002723055290087621,300.261764451737,300.28594963844057,-6.585760059489149e-06
201,438,contact,0.0021173585515448256,-0.00013264144845517465,0.00013264144845517465,0.00027145845646471973,0.00027145845646471973,0.0,0.00027145845646471973,300.261764451737,300.38234108598533,-3.273154701876082e-05
202,324,contact,0.0019209557299638637,-7.904427003613637e-05,7.904427003613637e-05,0.0001988017480256856,0.0001988017480256856,0.0,0.0001988017480256856,300.5716356371502,300.49008023087566,1.621335732832759e-05
202,334,contact,0.0019107955871262101,-8.920441287378991e-05,8.920441287378991e-05,0.00021119234464557412,0.00021119234464557412,0.0,0.00021119234464557412,300.5716356371502,300.56640509501426,1.1046504574612774e-06
202,424,contact,0.0021314906976247867,-0.00011850930237521356,0.00011850930237521356,0.000256590142678091,0.000256590142678091,0.0,0.000256590142678091,300.5716356371502,300.5740725856174,-6.25296954888715e-07
203,307,contact,0.0019405529392675688,-5.944706073243125e-05,5.944706073243125e-05,0.00017240513439632714,0.00017240513439632714,0.0,0.00017240513439632714,300.75608729409964,300.69511569541737,1.0511816665176043e-05
203,348,contact,0.001982609620611432,-1.7390379388568245e-05,1.7390379388568245e-05,9.324800102031208e-05,9.324800102031208e-05,0.0,9.324800102031208e-05,300.75608729409964,300.83551760143126,-7.406717379102607e-06
203,374,contact,0.0019345880198304694,-6.541198016953064e-05,6.541198016953064e-05,0.00018084797506404465,0.00018084797506404465,0.0,0.00018084797506404465,300.75608729409964,300.7718766925055,-2.8554807291762077e-06
203,482,contact,0.0022170446144586273,-3.295538554137301e-05,3.295538554137301e-05,0.00013530908145052573,0.00013530908145052573,0.0,0.00013530908145052573,300.75608729409964,300.66340735367123,1.254043760825775e-05
204,258,contact,0.0019206488827760784,-7.935111722392162e-05,7.935111722392162e-05,0.00019918724510359796,0.00019918724510359796,0.0,0.00019918724510359796,300.16800602038023,300.2307362239733,-1.2495056438487127e-05
204,262,contact,0.0018915480916444638,-0.00010845190835553627,0.00010845190835553627,0.00023286466923466112,0.00023286466923466112,0.0,0.00023286466923466112,300.16800602038023,300.0789073788123,2.0747925697976806e-05
204,298,contact,0.001974675246377515,-2.532475362248491e-05,2.532475362248491e-05,0.00011252722697748512,0.00011252722697748512,0.0,0.00011252722697748512,300.16800602038023,300.0791133642427,1.0002844093821129e-05
204,367,contact,0.0019485277294560496,-5.147227054395041e-05,5.147227054395041e-05,0.00016042485864720346,0.00016042485864720346,0.0,0.00016042485864720346,300.16800602038023,300.2062875221344,-6.141304507715429e-06
204,381,contact,0.0019247879638206906,-7.52120361793094e-05,7.52120361793094e-05,0.00019392271163959804,0.00019392271163959804,0.0,0.00019392271163959804,300.16800602038023,300.07305584809603,1.8412994879999092e-05
204,461,contact,0.0021951189041427787,-5.488109585722158e-05,5.488109585722158e-05,0.00017461242137504547,0.00017461242137504547,0.0,0.00017461242137504547,300.16800602038023,300.25778126165585,-1.5675872258664523e-05
205,218,contact,0.0019704043219095912,-2.9595678090408792e-05,2.9595678090408792e-05,0.00012164636881224361,0.00012164636881224361,0.0,0.00012164636881224361,300.3466832072542,300.2647343550005,9.968780304997456e-06
205,222,contact,0.0019423771323512332,-5.7622867648766864e-05,5.7622867648766864e-05,0.00016973931137006368,0.00016973931137006368,0.0,0.00016973931137006368,300.3466832072542,300.4490176357876,-1.737017542870285e-05
205,422,contact,0.0022322936189937016,-1.7706381006298705e-05,1.7706381006298705e-05,9.918103819194783e-05,9.918103819194783e-05,0.0,9.918103819194783e-05,300.3466832072542,300.46485688427924,-1.1720587974302089e-05
205,446,contact,0.0022127684150683277,-3.7231584931672525e-05,3.7231584931672525e-05,0.00014382007457559317,0.00014382007457559317,0.0,0.00014382007457559317,300.3466832072542,300.2743725722637,1.0399720916944386e-05
206,339,contact,0.0018792689579517356,-0.0001207310420482644,0.0001207310420482644,0.00024569395805377917,0.00024569395805377917,0.0,0.00024569395805377917,300.68647085921583,300.631255629607,1.3566048307446073e-05
206,346,contact,0.001841020690871235,-0.00015897930912876497,0.00015897930912876497,0.0002819390972610618,0.0002819390972610618,0.0,0.0002819390972610618,300.68647085921583,300.7742412384343,-2.4745901483112196e-05
206,432,contact,0.00212102503193722,-0.00012897496806278013,0.00012897496806278013,0.0002676803318043331,0.0002676803318043331,0.0,0.0002676803318043331,300.68647085921583,300.687368764447,-2.403515702084777e-07
206,450,contact,0.0021752175803295575,-7.478241967044273e-05,7.478241967044273e-05,0.00020382784085056074,0.00020382784085056074,0.0,0.00020382784085056074,300.68647085921583,300.72370536012625,-7.589427925718155e-06
207,253,contact,0.0018796237665554246,-0.00012037623344457547,0.00012037623344457547,0.00024533266542042,0.00024533266542042,0.0,0.00024533266542042,300.34266418176975,300.4378467262899,-2.335138734862079e-05
207,256,contact,0.0018751949095760687,-0.00012480509042393133,0.00012480509042393133,0.00024980501438515135,0.00024980501438515135,0.0,0.00024980501438515135,300.34266418176975,300.2153579864409,3.180172595544379e-05
207,259,contact,0.0019756004041556587,-2.439959584434135e-05,2.439959584434135e-05,0.00011045269540473277,0.00011045269540473277,0.0,0.00011045269540473277,300.34266418176975,300.3457787328706,-3.4401056406469876e-07
207,404,contact,0.002194179450842615,-5.582054915738519e-05,5.582054915738519e-05,0.00017610058545770746,0.00017610058545770746,0.0,0.00017610058545770746,300.34266418176975,300.3951358342474,-9.240288721249928e-06
207,480,contact,0.0021976428946714702,-5.2357105328530024e-05,5.2357105328530024e-05,0.00017054993620072755,0.00017054993620072755,0.0,0.00017054993620072755,300.34266418176975,300.3360153333231,1.1339606783884084e-06
208,287,contact,0.001977365849229728,-2.2634150770272244e-05,2.2634150770272244e-05,0.00010638174366467266,0.00010638174366467266,0.0,0.00010638174366467266,300.1709419707324,300.20037677222945,-3.131325507682368e-06
208,308,contact,0.0018240472253754833,-0.0001759527746245167,0.0001759527746245167,0.0002966081376366103,0.0002966081376366103,0.0,0.0002966081376366103,300.1709419707324,300.22847867547034,-1.7065854838076817e-05
208,353,contact,0.0018287418127226167,-0.00017125818727738336,0.00017125818727738336,0.0002926244925475167,0.0002926244925475167,0.0,0.0002926244925475167,300.1709419707324,300.19106029643325,-5.88711484912506e-06
209,251,contact,0.0019045037351761742,-9.549626482382588e-05,9.549626482382588e-05,0.00021851346048221593,0.00021851346048221593,0.0,0.00021851346048221593,300.06752243075357,300.0559543930354,2.527771952787761e-06
209,370,contact,0.0019487840288754414,-5.121597112455866e-05,5.121597112455866e-05,0.0001600249529363447,0.0001600249529363447,0.0,0.0001600249529363447,300.06752243075357,300.1640745246972,-1.5450744289232466e-05
209,400,contact,0.001950965747879752,-4.9034252120247956e-05,4.9034252120247956e-05,0.0001565794560602507,0.0001565794560602507,0.0,0.0001565794560602507,300.06752243075357,300.0570142631293,1.6453631707975395e-06
209,453,contact,0.0021839684779089647,-6.603152209103558e-05,6.603152209103558e-05,0.0001915311435236166,0.0001915311435236166,0.0,0.0001915311435236166,300.06752243075357,300.20920693523016,-2.7136995161977573e-05
210,487,contact,0.0021808210323178744,-6.917896768212587e-05,6.917896768212587e-05,0.000196042749989392,0.000196042749989392,0.0,0.000196042749989392,300.5534398179948,300.6050182025314,-1.0111568344573236e-05
211,222,contact,0.0019688236492603726,-3.117635073962739e-05,3.117635073962739e-05,0.00012485261458941777,0.00012485261458941777,0.0,0.00012485261458941777,300.3995175860186,300.4490176357876,-6.180210635965251e-06
211,328,contact,0.0019447399831597025,-5.5260016840297504e-05,5.5260016840297504e-05,0.00016622276745424723,0.00016622276745424723,0.0,0.00016622276745424723,300.3995175860186,300.41756792642093,-3.000377535168127e-06
211,335,contact,0.0019289749537373946,-7.102504626260546e-05,7.102504626260546e-05,0.0001884476668237172,0.0001884476668237172,0.0,0.0001884476668237172,300.3995175860186,300.459010612743,-1.1211322078493616e-05
211,388,contact,0.0019306791954128487,-6.932080458715135e-05,6.932080458715135e-05,0.00018617304394991148,0.00018617304394991148,0.0,0.00018617304394991148,300.3995175860186,300.44370872237295,-8.227198370696196e-06
211,491,contact,0.002187922074046514,-6.207792595348642e-05,6.207792595348642e-05,0.00018570874142276067,0.00018570874142276067,0.0,0.00018570874142276067,300.3995175860186,300.2878429236046,2.0738961005710983e-05
212,245,contact,0.001943848967075375,-5.615103292462499e-05,5.615103292462499e-05,0.00016755750195772344,0.00016755750195772344,0.0,0.00016755750195772344,300.5809028822748,300.62888833644075,-8.040322830351614e-06
212,273,contact,0.0019668311447096822,-3.316885529031782e-05,3.316885529031782e-05,0.00012878054063079138,0.00012878054063079138,0.0,0.00012878054063079138,300.5809028822748,300.595271661759,-1.8504191901781855e-06
212,316,contact,0.001919951365764248,-8.004863423575212e-05,8.004863423575212e-05,0.00020006078355808783,0.00020006078355808783,0.0,0.00020006078355808783,300.5809028822748,300.6195465058676,-7.731073615500275e-06
212,451,contact,0.0021370153042502994,-0.00011298469574970091,0.00011298469574970091,0.00025053797200524415,0.00025053797200524415,0.0,0.00025053797200524415,300.5809028822748,300.5046074823581,1.9114894768463258e-05
213,382,contact,0.001965922262627198,-3.407773737280212e-05,3.407773737280212e-05,0.00013053301761010912,0.00013053301761010912,0.0,0.00013053301761010912,300.2616299059123,300.21660555646844,5.877164198837725e-06
213,411,contact,0.002196429548153093,-5.357045184690729e-05,5.357045184690729e-05,0.00017251481715252958,0.00017251481715252958,0.0,0.00017251481715252958,300.2616299059123,300.1811590284355,1.3882418714011107e-05
213,491,contact,0.002216036576864199,-3.396342313580127e-05,3.396342313580127e-05,0.00013736290768900637,0.00013736290768900637,0.0,0.00013736290768900637,300.2616299059123,300.2878429236046,-3.6006963295215235e-06
213,493,contact,0.0022017100918861002,-4.828990811390002e-05,4.828990811390002e-05,0.00016379171752547335,0.00016379171752547335,0.0,0.00016379171752547335,300.2616299059123,300.3392287629844,-1.2710050077858295e-05
214,269,contact,0.001916299518264303,-8.370048173569704e-05,8.370048173569704e-05,0.00020457331416352554,0.00020457331416352554,0.0,0.00020457331416352554,300.8285559769692,300.7769913589102,1.0548744809903903e-05
214,271,contact,0.0019383216675157393,-6.167833248426073e-05,6.167833248426073e-05,0.0001756108374848499,0.0001756108374848499,0.0,0.0001756108374848499,300.8285559769692,300.9413408712301,-1.980624973680149e-05
214,310,contact,0.0018477045855330877,-0.0001522954144669124,0.0001522954144669124,0.0002759487402280652,0.0002759487402280652,0.0,0.0002759487402280652,300.8285559769692,300.783421081545,1.2454917532636797e-05
214,355,contact,0.00194321137892922,-5.678862107077998e-05,5.678862107077998e-05,0.0001685061142374068,0.0001685061142374068,0.0,0.0001685061142374068,300.8285559769692,300.9442735643088,-1.9499120991521812e-05
214,478,contact,0.0020855000293694558,-0.0001644999706305445,0.0001644999706305445,0.0003023059254671081,0.0003023059254671081,0.0,0.0003023059254671081,300.8285559769692,300.8247909022432,1.138204399497613e-06
214,479,contact,0.0022327725637198248,-1.7227436280175482e-05,1.7227436280175482e-05,9.783045504049761e-05,9.783045504049761e-05,0.0,9.783045504049761e-05,300.8285559769692,300.71062946356835,1.1536804467344107e-05
215,276,contact,0.0019611253654223874,-3.887463457761262e-05,3.887463457761262e-05,0.00013941777967248765,0.00013941777967248765,0.0,0.00013941777967248765,300.28135125982794,300.2698220434066,1.6073777548303782e-06
215,375,contact,0.0018753303960867506,-0.00012466960391324948,0.00012466960391324948,0.0002496693853010912,0.0002496693853010912,0.0,0.0002496693853010912,300.28135125982794,300.23192479079665,1.2340276140645318e-05
215,410,contact,0.0021212167003868314,-0.00012878329961316885,0.00012878329961316885,0.0002674813592811125,0.0002674813592811125,0.0,0.0002674813592811125,300.28135125982794,300.3640945522259,-2.2132288321994427e-05
215,423,contact,0.002137972043783546,-0.00011202795621645433,0.00011202795621645433,0.00024947495556385164,0.00024947495556385164,0.0,0.00024947495556385164,300.28135125982794,300.2742156843673,1.78014737097208e-06
215,443,contact,0.0021320503132601764,-0.00011794968673982387,0.00011794968673982387,0.0002559836005378989,0.0002559836005378989,0.0,0.0002559836005378989,300.28135125982794,300.2715910648112,2.4984498623332057e-06
215,458,contact,0.0022186104386304503,-3.138956136954996e-05,3.138956136954996e-05,0.00013205546261062256,0.00013205546261062256,0.0,0.00013205546261062256,300.28135125982794,300.19134767134994,1.1885465513078147e-05
215,489,contact,0.0021138763087749494,-0.00013612369122505087,0.00013612369122505087,0.0002749986780019243,0.0002749986780019243,0.0,0.0002749986780019243,300.28135125982794,300.3950485012874,-3.126659109382164e-05
216,280,contact,0.0019956849448951102,-4.3150551048897964e-06,4.3150551048897964e-06,4.644919323782598e-05,4.644919323782598e-05,0.0,4.644919323782598e-05,300.8397508263449,300.93644057288293,-4.491160721060179e-06
216,392,contact,0.0018823716663294739,-0.00011762833367052615,0.00011762833367052615,0.00024251632282232691,0.00024251632282232691,0.0,0.00024251632282232691,300.8397508263449,300.852113449134,-2.9981378192412204e-06
216,393,contact,0.0018274066865916852,-0.0001725933134083149,0.0001725933134083149,0.00029376292602055395,0.00029376292602055395,0.0,0.00029376292602055395,300.8397508263449,300.7426123762127,2.85356753399386e-05
216,418,contact,0.002082500244753887,-0.00016749975524611325,0.00016749975524611325,0.0003050498640897485,0.0003050498640897485,0.0,0.0003050498640897485,300.8397508263449,300.935143167177,-2.90994206060239e-05
216,437,contact,0.002131970498881258,-0.00011802950111874239,0.00011802950111874239,0.0002560701955831018,0.0002560701955831018,0.0,0.0002560701955831018,300.8397508263449,300.77781018451,1.5861152269218836e-05
217,235,contact,0.0018586098150230451,-0.0001413901849769549,0.0001413901849769549,0.0002658854875476987,0.0002658854875476987,0.0,0.0002658854875476987,300.1758300022796,300.262937163498,-2.3160530029449806e-05
217,287,contact,0.0018755084910764865,-0.00012449150892351359,0.00012449150892351359,0.0002494909907426655,0.0002494909907426655,0.0,0.0002494909907426655,300.1758300022796,300.20037677222945,-6.124197954316945e-06
217,400,contact,0.001823844700132114,-0.00017615529986788605,0.00017615529986788605,0.0002967787895620963,0.0002967787895620963,0.0,0.0002967787895620963,300.1758300022796,300.0570142631293,3.526199124595384e-05
217,494,contact,0.0021111338369227094,-0.0001388661630772909,0.0001388661630772909,0.0002777550510364712,0.0002777550510364712,0.0,0.0002777550510364712,300.1758300022796,300.17225525959356,9.929028372075386e-07
218,446,contact,0.0020864835402188055,-0.00016351645978119472,0.00016351645978119472,0.0003014008587516288,0.0003014008587516288,0.0,0.0003014008587516288,300.2647343550005,300.2743725722637,-2.904966959968112e-06
218,466,contact,0.0022103879711037155,-3.961202889628474e-05,3.961202889628474e-05,0.00014834649547649647,0.00014834649547649647,0.0,0.00014834649547649647,300.2647343550005,300.1976790851338,9.947414287951374e-06
219,245,contact,0.0019728153298268956,-2.7184670173104487e-05,2.7184670173104487e-05,0.00011658617021993751,0.00011658617021993751,0.0,0.00011658617021993751,300.64180345319915,300.62888833644075,1.5057240008043438e-06
219,339,contact,0.001984235819805701,-1.576418019429886e-05,1.576418019429886e-05,8.878113593072253e-05,8.878113593072253e-05,0.0,8.878113593072253e-05,300.64180345319915,300.631255629607,9.364477601090459e-07
219,440,contact,0.00223877990731559,-1.1220092684410213e-05,1.1220092684410213e-05,7.895178797641217e-05,7.895178797641217e-05,0.0,7.895178797641217e-05,300.64180345319915,300.7574629009018,-9.131520192491151e-06
220,228,contact,0.001848630335437564,-0.00015136966456243605,0.00015136966456243605,0.0002751087644572925,0.0002751087644572925,0.0,0.0002751087644572925,300.7462507498447,300.8222555872099,-2.0909596900314826e-05
220,368,contact,0.0019211866754430707,-7.881332455692935e-05,7.881332455692935e-05,0.00019851111374042684,0.00019851111374042684,0.0,0.00019851111374042684,300.7462507498447,300.68005343565034,1.3140902567349162e-05
220,426,contact,0.002085293056143429,-0.00016470694385657117,0.00016470694385657117,0.0003024960457561306,0.0003024960457561306,0.0,0.0003024960457561306,300.7462507498447,300.69153428661286,1.655151376539271e-05
220,440,contact,0.0021073156387214514,-0.00014268436127854887,0.00014268436127854887,0.0002815476684314644,0.0002815476684314644,0.0,0.0002815476684314644,300.7462507498447,300.7574629009018,-3.156754988234306e-06
221,242,contact,0.0019081568486369242,-9.184315136307581e-05,9.184315136307581e-05,0.00021429320026901904,0.00021429320026901904,0.0,0.00021429320026901904,300.18785957434125,300.076416011529,2.3881597724422604e-05
221,466,contact,0.002197357170625658,-5.264282937434209e-05,5.264282937434209e-05,0.00017101466697064008,0.00017101466697064008,0.0,0.00017101466697064008,300.18785957434125,300.1976790851338,-1.6792803680055539e-06
221,498,contact,0.0022021414100061787,-4.785858999382161e-05,4.785858999382161e-05,0.00016305859545612158,0.00016305859545612158,0.0,0.00016305859545612158,300.18785957434125,300.2448948842759,-9.30009752934591e-06
222,328,contact,0.0019860743983327995,-1.3925601667200572e-05,1.3925601667200572e-05,8.344339898158683e-05,8.344339898158683e-05,0.0,8.344339898158683e-05,300.4490176357876,300.41756792642093,2.6242706465367072e-06
222,335,contact,0.001959509549009904,-4.049045099009619e-05,4.049045099009619e-05,0.00014228571781822692,0.00014228571781822692,0.0,0.00014228571781822692,300.4490176357876,300.459010612743,-1.421857899240424e-06
222,422,contact,0.00218480595737951,-6.519404262049023e-05,6.519404262049023e-05,0.0001903126705370376,0.0001903126705370376,0.0,0.0001903126705370376,300.4490176357876,300.46485688427924,-3.014409679747362e-06
222,451,contact,0.002231380164503799,-1.8619835496201404e-05,1.8619835496201404e-05,0.0001017071927321034,0.0001017071927321034,0.0,0.0001017071927321034,300.4490176357876,300.5046074823581,-5.6538872390951914e-06
223,245,contact,0.0019248220535675493,-7.51779464324507e-05,7.51779464324507e-05,0.00019387875906407424,0.00019387875906407424,0.0,0.00019387875906407424,300.5696403778207,300.62888833644075,-1.1486920694337337e-05
223,422,contact,0.0021379336860155424,-0.00011206631398445787,0.00011206631398445787,0.0002495176613482477,0.0002495176613482477,0.0,0.0002495176613482477,300.5696403778207,300.46485688427924,2.61453322563611e-05
223,484,contact,0.0021189062198455127,-0.00013109378015448755,0.00013109378015448755,0.000269870112949923,0.000269870112949923,0.0,0.000269870112949923,300.5696403778207,300.62332363685897,-1.448750718018062e-05
224,348,contact,0.001929289674528167,-7.071032547183295e-05,7.071032547183295e-05,0.00018802968578369872,0.00018802968578369872,0.0,0.00018802968578369872,300.8339038267994,300.83551760143126,-3.034375369496364e-07
225,312,contact,0.0019890774797377796,-1.0922520262220473e-05,1.0922520262220473e-05,7.390033918129359e-05,7.390033918129359e-05,0.0,7.390033918129359e-05,300.50502180570527,300.4411441484505,4.720580537232438e-06
225,403,contact,0.002222624272093689,-2.7375727906311237e-05,2.7375727906311237e-05,0.00012332371112534874,0.00012332371112534874,0.0,0.00012332371112534874,300.50502180570527,300.51516343959287,-1.250703927893338e-06
225,436,contact,0.002167801160162065,-8.219883983793521e-05,8.219883983793521e-05,0.00021369609760635833,0.00021369609760635833,0.0,0.00021369609760635833,300.50502180570527,300.6115076706636,-2.2755613791838856e-05
225,438,contact,0.002157580666116565,-9.241933388343506e-05,9.241933388343506e-05,0.00022659230873903498,0.00022659230873903498,0.0,0.00022659230873903498,300.50502180570527,300.38234108598533,2.7798507519107155e-05
225,445,contact,0.0021747843283875293,-7.521567161247094e-05,7.521567161247094e-05,0.00020441742643216728,0.00020441742643216728,0.0,0.00020441742643216728,300.50502180570527,300.51980243914403,-3.0214190485887616e-06
225,473,contact,0.002165485685683468,-8.451431431653238e-05,8.451431431653238e-05,0.00021668501757739962,0.00021668501757739962,0.0,0.00021668501757739962,300.50502180570527,300.53036435753125,-5.4913512878699355e-06
226,409,contact,0.002213741814123769,-3.625818587623146e-05,3.625818587623146e-05,0.00014192757518504415,0.00014192757518504415,0.0,0.00014192757518504415,300.0616965055038,300.1417637542581,-1.1363750467434088e-05
226,500,contact,0.002094290117820357,-0.0001557098821796431,0.0001557098821796431,0.00029411815669863313,0.00029411815669863313,0.0,0.00029411815669863313,300.0616965055038,300.1836675286545,-3.5873892499732106e-05
227,243,contact,0.0019766957100170986,-2.330428998290144e-05,2.330428998290144e-05,0.00010794510174829944,0.00010794510174829944,0.0,0.00010794510174829944,300.19282267401485,300.2701719133287,-8.349471507885227e-06
227,265,contact,0.0019694073143968964,-3.059268560310366e-05,3.059268560310366e-05,0.0001236783845364736,0.0001236783845364736,0.0,0.0001236783845364736,300.19282267401485,300.0808396274378,1.3849882296122464e-05
227,276,contact,0.001952362051294666,-4.763794870533402e-05,4.763794870533402e-05,0.00015433397018371235,0.00015433397018371235,0.0,0.00015433397018371235,300.19282267401485,300.2698220434066,-1.1883618379867692e-05
227,285,contact,0.0018466650137622868,-0.00015333498623771322,0.00015333498623771322,0.00027688895449052604,0.00027688895449052604,0.0,0.00027688895449052604,300.19282267401485,300.1452732968893,1.316589731897283e-05
227,411,contact,0.0021108646593280206,-0.00013913534067197964,0.00013913534067197964,0.00027802412032849444,0.00027802412032849444,0.0,0.00027802412032849444,300.19282267401485,300.1811590284355,3.2427748020212406e-06
227,423,contact,0.002074897361316941,-0.00017510263868305946,0.00017510263868305946,0.00031189620663421157,0.00031189620663421157,0.0,0.00031189620663421157,300.19282267401485,300.2742156843673,-2.5386171175461565e-05
228,249,contact,0.0018931053458790931,-0.00010689465412090692,0.00010689465412090692,0.00023118677959704673,0.00023118677959704673,0.0,0.00023118677959704673,300.8222555872099,300.93356910346733,-2.5734213349180934e-05
228,263,contact,0.0019443975544882791,-5.560244551172091e-05,5.560244551172091e-05,0.00016673698676616553,0.00016673698676616553,0.0,0.00016673698676616553,300.8222555872099,300.7779554699651,7.386468062786148e-06
228,392,contact,0.001866984656337593,-0.00013301534366240713,0.00013301534366240713,0.0002578908137782414,0.0002578908137782414,0.0,0.0002578908137782414,300.8222555872099,300.852113449134,-7.700068309280825e-06
229,340,contact,0.0019148557747624233,-8.514422523757674e-05,8.514422523757674e-05,0.00020633010594382095,0.00020633010594382095,0.0,0.00020633010594382095,300.9388270433683,300.93505072530263,7.791681065654288e-07
229,478,contact,0.002162438857691935,-8.75611423080654e-05,8.75611423080654e-05,0.00022055629453732742,0.00022055629453732742,0.0,0.00022055629453732742,300.9388270433683,300.8247909022432,2.515138872988732e-05
230,468,contact,0.0022281443663506187,-2.185563364938154e-05,2.185563364938154e-05,0.00011019082853895262,0.00011019082853895262,0.0,0.00011019082853895262,300.356776558844,300.38154098731525,-2.7288128915415263e-06
230,495,contact,0.002181160696257844,-6.883930374215622e-05,6.883930374215622e-05,0.0001955608796117752,0.0001955608796117752,0.0,0.0001955608796117752,300.356776558844,300.4580753759287,-1.9810085772712824e-05
231,431,contact,0.0021330943250601926,-0.00011690567493980765,0.00011690567493980765,0.00025484818458992804,0.00025484818458992804,0.0,0.00025484818458992804,300.06277514430957,300.1602464913364,-2.4840395839325e-05
231,469,contact,0.002138104815601892,-0.0001118951843981082,0.0001118951843981082,0.00024932707701387415,0.00024932707701387415,0.0,0.00024932707701387415,300.06277514430957,300.0958777478729,-8.253375387999093e-06
232,249,contact,0.0018943627865105452,-0.00010563721348945485,0.00010563721348945485,0.0002298229900265146,0.0002298229900265146,0.0,0.0002298229900265146,300.8773504225026,300.93356910346733,-1.2920345354658355e-05
232,263,contact,0.001971085140753691,-2.8914859246309196e-05,2.8914859246309196e-05,0.0001202390519887553,0.0001202390519887553,0.0,0.0001202390519887553,300.8773504225026,300.7779554699651,1.1951154865579075e-05
232,364,contact,0.0019681174985912296,-3.188250140877041e-05,3.188250140877041e-05,0.00012625866585856674,0.00012625866585856674,0.0,0.00012625866585856674,300.8773504225026,300.94939037050847,-9.095667723739361e-06
232,366,contact,0.0018883217073899252,-0.00011167829261007488,0.00011167829261007488,0.00023630308145480762,0.00023630308145480762,0.0,0.00023630308145480762,300.8773504225026,300.7915112660319,2.028405718351734e-05
232,402,contact,0.00220987512959443,-4.0124870405570424e-05,4.0124870405570424e-05,0.0001493036994510228,0.0001493036994510228,0.0,0.0001493036994510228,300.8773504225026,300.9204402777988,-6.433474804525844e-06
233,416,contact,0.0021135396407261954,-0.00013646035927380486,0.00013646035927380486,0.0002753385383626298,0.0002753385383626298,0.0,0.0002753385383626298,300.55131306920214,300.5631387984581,-3.2560790084122612e-06
233,421,contact,0.0020617293892506846,-0.00018827061074931564,0.00018827061074931564,0.00032341116825122134,0.00032341116825122134,0.0,0.00032341116825122134,300.55131306920214,300.638270103196,-2.812287595162294e-05
234,274,contact,0.0019240538275806646,-7.594617241933545e-05,7.594617241933545e-05,0.00019486684225303115,0.00019486684225303115,0.0,0.00019486684225303115,300.3017410980213,300.2434454823018,1.1359882552452627e-05
234,292,contact,0.0019488103187329444,-5.118968126705567e-05,5.118968126705567e-05,0.00015998387616734328,0.00015998387616734328,0.0,0.00015998387616734328,300.3017410980213,300.2000996773458,1.62609884588207e-05
234,404,contact,0.0021500559097381642,-9.994409026183601e-05,9.994409026183601e-05,0.00023563636092485576,0.00023563636092485576,0.0,0.00023563636092485576,300.3017410980213,300.3951358342474,-2.2007195773858887e-05
234,493,contact,0.0021982917977957338,-5.170820220426649e-05,5.170820220426649e-05,0.00016948976075967028,0.00016948976075967028,0.0,0.00016948976075967028,300.3017410980213,300.3392287629844,-6.353775366038438e-06
235,287,contact,0.0019569783003395807,-4.30216996604193e-05,4.30216996604193e-05,0.000146665775933616,0.000146665775933616,0.0,0.000146665775933616,300.262937163498,300.20037677222945,9.175468328114253e-06
235,347,contact,0.0019429614328905236,-5.703856710947649e-05,5.703856710947649e-05,0.0001688765334637653,0.0001688765334637653,0.0,0.0001688765334637653,300.262937163498,300.2276914314256,5.952177051776679e-06
235,376,contact,0.0019767867230685255,-2.3213276931474507e-05,2.3213276931474507e-05,0.00010773411003826621,0.00010773411003826621,0.0,0.00010773411003826621,300.262937163498,300.2659102682379,-3.2030479320456026e-07
235,470,contact,0.002157236937009935,-9.276306299006547e-05,9.276306299006547e-05,0.00022701329255019585,0.00022701329255019585,0.0,0.00022701329255019585,300.262937163498,300.38479367088155,-2.7663046959804825e-05
236,354,contact,0.0019919524821892715,-8.047517810728499e-06,8.047517810728499e-06,6.343310575215634e-05,6.343310575215634e-05,0.0,6.343310575215634e-05,300.5238553018333,300.47723982062416,2.956964749226425e-06
236,434,contact,0.002185921011038596,-6.407898896140405e-05,6.407898896140405e-05,0.0001886781341647493,0.0001886781341647493,0.0,0.0001886781341647493,300.5238553018333,300.645948812743,-2.3036375832061616e-05
236,485,contact,0.00217193370833458,-7.806629166542045e-05,7.806629166542045e-05,0.00020825504084258007,0.00020825504084258007,0.0,0.00020825504084258007,300.5238553018333,300.5732978229296,-1.0296654250269225e-05
236,495,contact,0.002176389903050462,-7.361009694953824e-05,7.361009694953824e-05,0.00020222388163938258,0.00020222388163938258,0.0,0.00020222388163938258,300.5238553018333,300.4580753759287,1.3302271950383525e-05
236,496,contact,0.0021757800957127997,-7.421990428720061e-05,7.421990428720061e-05,0.0002030597945422872,0.0002030597945422872,0.0,0.0002030597945422872,300.5238553018333,300.4397727121646,1.7073793382708957e-05
237,240,contact,0.001959309011488488,-4.069098851151214e-05,4.069098851151214e-05,0.00014263763267720084,0.00014263763267720084,0.0,0.00014263763267720084,300.24417759121167,300.30595772355076,-8.812171823332683e-06
238,243,contact,0.0019504377870766159,-4.9562212923384176e-05,4.9562212923384176e-05,0.00015742015900669168,0.00015742015900669168,0.0,0.00015742015900669168,300.31081034607496,300.2701719133287,6.397308544701739e-06
238,367,contact,0.001894321366848824,-0.00010567863315117613,0.00010567863315117613,0.00022986804165779127,0.00022986804165779127,0.0,0.00022986804165779127,300.31081034607496,300.2062875221344,2.402645684775771e-05
238,454,contact,0.0021613936645914363,-8.860633540856396e-05,8.860633540856396e-05,0.00022186874924974594,0.00022186874924974594,0.0,0.00022186874924974594,300.31081034607496,300.408652997065,-2.1708226598444042e-05
239,297,contact,0.0019966097257351017,-3.3902742648983693e-06,3.3902742648983693e-06,4.117204309296764e-05,4.117204309296764e-05,0.0,4.117204309296764e-05,300.6176211721795,300.59726987935795,8.379043050462363e-07
239,305,contact,0.0019709681425438452,-2.90318574561548e-05,2.90318574561548e-05,0.00012048206807686113,0.00012048206807686113,0.0,0.00012048206807686113,300.6176211721795,300.6461680556252,-3.439387554686954e-06
239,482,contact,0.0021943573873915794,-5.564261260842087e-05,5.564261260842087e-05,0.0001758196876354688,0.0001758196876354688,0.0,0.0001758196876354688,300.6176211721795,300.66340735367123,-8.050112127897744e-06
240,347,contact,0.0019575106986680817,-4.248930133191834e-05,4.248930133191834e-05,0.000145755448151893,0.000145755448151893,0.0,0.000145755448151893,300.30595772355076,300.2276914314256,1.1407738483886143e-05
240,377,contact,0.0019533104630344855,-4.668953696551452e-05,4.668953696551452e-05,0.00015278994889310376,0.00015278994889310376,0.0,0.00015278994889310376,300.30595772355076,300.37798834517855,-1.1005554997248385e-05
240,433,contact,0.0022470888913436416,-2.9111086563586228e-06,2.9111086563586228e-06,4.0215452090781e-05,4.0215452090781e-05,0.0,4.0215452090781e-05,300.30595772355076,300.3129155679417,-2.798128577577846e-07
240,438,contact,0.0022155249832263245,-3.447501677367572e-05,3.447501677367572e-05,0.00013839359485354267,0.00013839359485354267,0.0,0.00013839359485354267,300.30595772355076,300.38234108598533,-1.05709681143211e-05
241,281,contact,0.0019150270245678,-8.497297543220007e-05,8.497297543220007e-05,0.00020612250657339688,0.00020612250657339688,0.0,0.00020612250657339688,300.94369858402916,300.9397653021197,8.107379262335192e-07
241,309,contact,0.0019330292028430414,-6.697079715695868e-05,6.697079715695868e-05,0.00018299015978592766,0.00018299015978592766,0.0,0.00018299015978592766,300.94369858402916,300.9403307903267,6.162731077403519e-07
241,449,contact,0.0022228402544573456,-2.7159745542654646e-05,2.7159745542654646e-05,0.00012283626306468714,0.00012283626306468714,0.0,0.00012283626306468714,300.94369858402916,300.9181410895592,3.139387113988602e-06
242,431,contact,0.0021871772946160536,-6.28227053839467e-05,6.28227053839467e-05,0.00018681943954278822,0.00018681943954278822,0.0,0.00018681943954278822,300.076416011529,300.1602464913364,-1.5661163254227446e-05
242,462,contact,0.002211073433172808,-3.892656682719228e-05,3.892656682719228e-05,0.0001470573713200099,0.0001470573713200099,0.0,0.0001470573713200099,300.076416011529,300.13097624899694,-8.023485100634806e-06
243,276,contact,0.0018856243848247218,-0.00011437561517527823,0.00011437561517527823,0.00023913972398503582,0.00023913972398503582,0.0,0.00023913972398503582,300.2701719133287,300.2698220434066,8.366779660263147e-08
243,367,contact,0.001955324698781071,-4.4675301218929236e-05,4.4675301218929236e-05,0.0001494578556298217,0.0001494578556298217,0.0,0.0001494578556298217,300.2701719133287,300.2062875221344,9.54802411611354e-06
243,411,contact,0.0022044852415019703,-4.551475849802998e-05,4.551475849802998e-05,0.00015901564999505548,0.00015901564999505548,0.0,0.00015901564999505548,300.2701719133287,300.1811590284355,1.4154441749223991e-05
243,461,contact,0.0021672717534808503,-8.272824651914994e-05,8.272824651914994e-05,0.0002143831545506393,0.0002143831545506393,0.0,0.0002143831545506393,300.2701719133287,300.25778126165585,2.6563469925596987e-06
244,264,contact,0.001951997082067491,-4.800291793250898e-05,4.800291793250898e-05,0.00015492404257007525,0.00015492404257007525,0.0,0.00015492404257007525,300.8706342274278,300.8826108437722,-1.8554658203916407e-06
244,427,contact,0.0022128674083414933,-3.713259165850696e-05,3.713259165850696e-05,0.00014362874916972376,0.00014362874916972376,0.0,0.00014362874916972376,300.8706342274278,300.77699636635174,1.3449088861281009e-05
244,483,contact,0.002144977690697406,-0.00010502230930259414,0.00010502230930259414,0.00024154860254269758,0.00024154860254269758,0.0,0.00024154860254269758,300.8706342274278,300.92106675323924,-1.2181906132456464e-05
246,329,contact,0.001985506134840434,-1.4493865159565921e-05,1.4493865159565921e-05,8.512891741225752e-05,8.512891741225752e-05,0.0,8.512891741225752e-05,300.9354083007243,300.9398377542957,-3.770745872603089e-07
246,441,contact,0.0021764426049900787,-7.355739500992161e-05,7.355739500992161e-05,0.00020215147649709723,0.00020215147649709723,0.0,0.00020215147649709723,300.9354083007243,300.8341436513146,2.0470798395131724e-05
247,403,contact,0.002086033259202738,-0.00016396674079726227,0.00016396674079726227,0.0003018155625150181,0.0003018155625150181,0.0,0.0003018155625150181,300.6397841352551,300.51516343959287,3.7612465362317466e-05
247,432,contact,0.002095431011796858,-0.00015456898820314247,0.00015456898820314247,0.000293038666583195,0.000293038666583195,0.0,0.000293038666583195,300.6397841352551,300.687368764447,-1.39441362882426e-05
247,460,contact,0.0021897126907884515,-6.028730921154874e-05,6.028730921154874e-05,0.0001830107908347798,0.0001830107908347798,0.0,0.0001830107908347798,300.6397841352551,300.7087236863656,-1.2616681768522733e-05
247,476,contact,0.00219035492256392,-5.9645077436080215e-05,5.9645077436080215e-05,0.00018203338740779306,0.00018203338740779306,0.0,0.00018203338740779306,300.6397841352551,300.6307363579072,1.6469975591527402e-06
248,336,contact,0.001892760797486044,-0.00010723920251395598,0.00010723920251395598,0.00023155906645384885,0.00023155906645384885,0.0,0.00023155906645384885,300.7948785543698,300.758054040159,8.527050133274151e-06
248,360,contact,0.0018464718080707322,-0.00015352819192926783,0.00015352819192926783,0.00027706334287421337,0.00027706334287421337,0.0,0.00027706334287421337,300.7948785543698,300.8651758666876,-1.9476808345839857e-05
248,413,contact,0.0021435810594656783,-0.00010641894053432192,0.00010641894053432192,0.0002431494059836027,0.0002431494059836027,0.0,0.0002431494059836027,300.7948785543698,300.7176589212665,1.877590791934193e-05
248,449,contact,0.0021639864298326826,-8.601357016731767e-05,8.601357016731767e-05,0.0002185985287224526,0.0002185985287224526,0.0,0.0002185985287224526,300.7948785543698,300.9181410895592,-2.6945008838998666e-05
249,418,contact,0.0022326847907028886,-1.7315209297111712e-05,1.7315209297111712e-05,9.807935929958769e-05,9.807935929958769e-05,0.0,9.807935929958769e-05,300.93356910346733,300.935143167177,-1.5438316013961452e-07
250,319,contact,0.001913722445732401,-8.62775542675991e-05,8.62775542675991e-05,0.0002076987653641676,0.0002076987653641676,0.0,0.0002076987653641676,300.34384220228935,300.25146998144726,1.9185596222849168e-05
250,443,contact,0.002128752292423898,-0.00012124770757610242,0.00012124770757610242,0.00025953773818518014,0.00025953773818518014,0.0,0.00025953773818518014,300.34384220228935,300.2715910648112,1.875189680238124e-05
250,454,contact,0.0021429724720667784,-0.00010702752793322187,0.00010702752793322187,0.00024384367480145721,0.00024384367480145721,0.0,0.00024384367480145721,300.34384220228935,300.408652997065,-1.5803702364901748e-05
250,475,contact,0.00223266329745441,-1.7336702545590454e-05,1.7336702545590454e-05,9.814021303327663e-05,9.814021303327663e-05,0.0,9.814021303327663e-05,300.34384220228935,300.3360639652124,7.63357843753648e-07
251,330,contact,0.0019363690366508133,-6.363096334918673e-05,6.363096334918673e-05,0.00017836894817930998,0.00017836894817930998,0.0,0.00017836894817930998,300.0559543930354,300.1583708368693,-1.826791336292369e-05
251,352,contact,0.0019287010718356534,-7.129892816434662e-05,7.129892816434662e-05,0.00018881065669652575,0.00018881065669652575,0.0,0.00018881065669652575,300.0559543930354,300.08982522903773,-6.395174788461404e-06
252,384,contact,0.0019819916175345753,-1.8008382465424695e-05,1.8008382465424695e-05,9.489041696985186e-05,9.489041696985186e-05,0.0,9.489041696985186e-05,300.9500998985237,300.9561769279513,-5.766518563190862e-07
252,441,contact,0.002213820384488543,-3.617961551145724e-05,3.617961551145724e-05,0.00014177371545972132,0.00014177371545972132,0.0,0.00014177371545972132,300.9500998985237,300.8341436513146,1.6439547997601815e-05
253,322,contact,0.0019210813521816307,-7.891864781836935e-05,7.891864781836935e-05,0.0001986437109731508,0.0001986437109731508,0.0,0.0001986437109731508,300.4378467262899,300.47222840855966,-6.829704955569234e-06
253,481,contact,0.0021768449720868956,-7.315502791310465e-05,7.315502791310465e-05,0.00020159782284029514,0.00020159782284029514,0.0,0.00020159782284029514,300.4378467262899,300.47253130992067,-6.992336546089822e-06
253,489,contact,0.002161785785525476,-8.821421447452417e-05,8.821421447452417e-05,0.0002213772728404865,0.0002213772728404865,0.0,0.0002213772728404865,300.4378467262899,300.3950485012874,9.474554333457456e-06
255,327,contact,0.0019838784344818282,-1.6121565518171805e-05,1.6121565518171805e-05,8.978186208297254e-05,8.978186208297254e-05,0.0,8.978186208297254e-05,300.3490634558832,300.2951713695862,4.838531859278121e-06
255,333,contact,0.0018837825573340477,-0.00011621744266595234,0.00011621744266595234,0.00024105750627801694,0.00024105750627801694,0.0,0.00024105750627801694,300.3490634558832,300.2467188604733,2.467093295053698e-05
255,358,contact,0.0019236438528285325,-7.635614717146758e-05,7.635614717146758e-05,0.0001953921021580294,0.0001953921021580294,0.0,0.0001953921021580294,300.3490634558832,300.32201088384073,5.2858589201586464e-06
255,442,contact,0.0022445071035753043,-5.492896424695928e-06,5.492896424695928e-06,5.524137149665159e-05,5.524137149665159e-05,0.0,5.524137149665159e-05,300.3490634558832,300.35976386383913,-5.911052110596647e-07
255,475,contact,0.002247776040657617,-2.223959342383293e-06,2.223959342383293e-06,3.515014890424674e-05,3.515014890424674e-05,0.0,3.515014890424674e-05,300.3490634558832,300.3360639652124,4.569340327572596e-07
256,308,contact,0.0019479201892274756,-5.2079810772524436e-05,5.2079810772524436e-05,0.00016136884887196234,0.00016136884887196234,0.0,0.00016136884887196234,300.2153579864409,300.22847867547034,-2.1172704850892176e-06
256,458,contact,0.002202683463051374,-4.7316536948626125e-05,4.7316536948626125e-05,0.00016213255370670925,0.00016213255370670925,0.0,0.00016213255370670925,300.2153579864409,300.19134767134994,3.892853700998081e-06
257,294,contact,0.0018210206626779397,-0.00017897933732206038,0.00017897933732206038,0.0002991482386059296,0.0002991482386059296,0.0,0.0002991482386059296,300.6840420628065,300.67641765160863,2.2808291802491554e-06
257,310,contact,0.0018363055234083465,-0.00016369447659165355,0.00016369447659165355,0.00028608956341647066,0.00028608956341647066,0.0,0.00028608956341647066,300.6840420628065,300.783421081545,-2.8431300083651537e-05
257,456,contact,0.0020788145134186453,-0.00017118548658135498,0.00017118548658135498,0.00030838782093453815,0.00030838782093453815,0.0,0.00030838782093453815,300.6840420628065,300.5777459110981,3.278043859908687e-05
257,479,contact,0.0021380707571546837,-0.00011192924284531653,0.00011192924284531653,0.00024936501898189834,0.00024936501898189834,0.0,0.00024936501898189834,300.6840420628065,300.71062946356835,-6.6299676956592985e-06
258,344,contact,0.0019119443035036353,-8.805569649636478e-05,8.805569649636478e-05,0.00020982813979107377,0.00020982813979107377,0.0,0.00020982813979107377,300.2307362239733,300.1888923274245,8.78002697443546e-06
258,358,contact,0.0018973482704290215,-0.00010265172957097854,0.00010265172957097854,0.00022655212377174766,0.00022655212377174766,0.0,0.00022655212377174766,300.2307362239733,300.32201088384073,-2.0678468039515074e-05
258,401,contact,0.0021187794852933614,-0.0001312205147066389,0.0001312205147066389,0.0002700005295330598,0.0002700005295330598,0.0,0.0002700005295330598,300.2307362239733,300.1430286325438,2.368109613002827e-05
258,408,contact,0.002189468262501195,-6.053173749880547e-05,6.053173749880547e-05,0.00018338141414792265,0.00018338141414792265,0.0,0.00018338141414792265,300.2307362239733,300.333774669537,-1.8895335859074626e-05
258,461,contact,0.0021786524891831646,-7.13475108168357e-05,7.13475108168357e-05,0.00019909170251256872,0.00019909170251256872,0.0,0.00019909170251256872,300.2307362239733,300.25778126165585,-5.3844425967392925e-06
259,304,contact,0.0019046406871921573,-9.535931280784272e-05,9.535931280784272e-05,0.00021835671824773647,0.00021835671824773647,0.0,0.00021835671824773647,300.3457787328706,300.313065218902,7.14321555253234e-06
259,322,contact,0.0019241354084367345,-7.586459156326553e-05,7.586459156326553e-05,0.00019476215182019519,0.00019476215182019519,0.0,0.00019476215182019519,300.3457787328706,300.47222840855966,-2.4627610934167032e-05
259,404,contact,0.0021875675448771864,-6.243245512281385e-05,6.243245512281385e-05,0.0001862382809479623,0.0001862382809479623,0.0,0.0001862382809479623,300.3457787328706,300.3951358342474,-9.192181712992006e-06
259,425,contact,0.002173823331575037,-7.617666842496323e-05,7.617666842496323e-05,0.00020571915649059472,0.00020571915649059472,0.0,0.00020571915649059472,300.3457787328706,300.2269768002313,2.4439833372012252e-05
260,277,contact,0.001954564965696714,-4.5435034303285826e-05,4.5435034303285826e-05,0.00015072331323203757,0.00015072331323203757,0.0,0.00015072331323203757,300.89103483382735,300.94343921776965,-7.898562375667688e-06
260,288,contact,0.0019468495129824493,-5.315048701755071e-05,5.315048701755071e-05,0.0001630191507424062,0.0001630191507424062,0.0,0.0001630191507424062,300.89103483382735,300.8285171147594,1.0191585468810376e-05
260,313,contact,0.0019496863826267041,-5.0313617373295896e-05,5.0313617373295896e-05,0.0001586089804728848,0.0001586089804728848,0.0,0.0001586089804728848,300.89103483382735,300.8259602161791,1.0321418759849467e-05
260,355,contact,0.0019542726401656457,-4.5727359834354334e-05,4.5727359834354334e-05,0.0001512074069520973,0.0001512074069520973,0.0,0.0001512074069520973,300.89103483382735,300.9442735643088,-8.05009038552001e-06
260,486,contact,0.00222085063255051,-2.914936744949012e-05,2.914936744949012e-05,0.00012725601371838782,0.00012725601371838782,0.0,0.00012725601371838782,300.89103483382735,300.9269023055021,-4.564351467485706e-06
261,306,contact,0.0019490132645520908,-5.098673544790921e-05,5.098673544790921e-05,0.00015966642641443006,0.00015966642641443006,0.0,0.00015966642641443006,300.5158679385538,300.61701183964277,-1.6149285240488876e-05
261,318,contact,0.0019400467074274267,-5.995329257257333e-05,5.995329257257333e-05,0.00017313765126709634,0.00017313765126709634,0.0,0.00017313765126709634,300.5158679385538,300.51031364520094,9.616573055648281e-07
261,322,contact,0.001909704312216947,-9.029568778305295e-05,9.029568778305295e-05,0.00021248022000065436,0.00021248022000065436,0.0,0.00021248022000065436,300.5158679385538,300.47222840855966,9.27253693388264e-06
261,404,contact,0.002186759460137305,-6.324053986269534e-05,6.324053986269534e-05,0.00018743967898247416,0.00018743967898247416,0.0,0.00018743967898247416,300.5158679385538,300.3951358342474,2.2629986874069914e-05
261,492,contact,0.002198502160585703,-5.149783941429736e-05,5.149783941429736e-05,0.00016914464456707092,0.00016914464456707092,0.0,0.00016914464456707092,300.5158679385538,300.583915836861,-1.150993757270981e-05
261,497,contact,0.002128647294151851,-0.00012135270584814938,0.00012135270584814938,0.00025965009130681725,0.00025965009130681725,0.0,0.00025965009130681725,300.5158679385538,300.5002851303603,4.046077570266245e-06
262,285,contact,0.0019132357225391764,-8.676427746082366e-05,8.676427746082366e-05,0.00020828379372964147,0.00020828379372964147,0.0,0.00020828379372964147,300.0789073788123,300.1452732968893,-1.3822945191427502e-05
262,298,contact,0.0019540031136362087,-4.599688636379136e-05,4.599688636379136e-05,0.00015165237611688016,0.00015165237611688016,0.0,0.00015165237611688016,300.0789073788123,300.0791133642427,-3.1238179965308736e-08
262,411,contact,0.0022381561322045596,-1.1843867795440638e-05,1.1843867795440638e-05,8.11167464400698e-05,8.11167464400698e-05,0.0,8.11167464400698e-05,300.0789073788123,300.1811590284355,-8.294321135565018e-06
262,467,contact,0.0021638071128453206,-8.61928871546797e-05,8.61928871546797e-05,0.00021882627197883576,0.00021882627197883576,0.0,0.00021882627197883576,300.0789073788123,300.14186889170776,-1.3777633145063027e-05
263,366,contact,0.001975604655415653,-2.439534458434714e-05,2.439534458434714e-05,0.00011044307263098746,0.00011044307263098746,0.0,0.00011044307263098746,300.7779554699651,300.7915112660319,-1.4971437695745112e-06
263,368,contact,0.001978216497631137,-2.1783502368863134e-05,2.1783502368863134e-05,0.00010436355295040298,0.00010436355295040298,0.0,0.00010436355295040298,300.7779554699651,300.68005343565034,1.0217404142160286e-05
263,380,contact,0.001958176773251078,-4.1823226748922016e-05,4.1823226748922016e-05,0.0001446084830653479,0.0001446084830653479,0.0,0.0001446084830653479,300.7779554699651,300.677521633426,1.4523584750349792e-05
264,427,contact,0.0021261427921238025,-0.0001238572078761978,0.0001238572078761978,0.00026231576378712166,0.00026231576378712166,0.0,0.00026231576378712166,300.8826108437722,300.77699636635174,2.7704342311533056e-05
264,447,contact,0.002070143435247906,-0.00017985656475209442,0.00017985656475209442,0.00031610174588439646,0.00031610174588439646,0.0,0.00031610174588439646,300.8826108437722,300.8888918144989,-1.9854258125472075e-06
265,285,contact,0.0018094787631231417,-0.00019052123687685833,0.00019052123687685833,0.00030864318952218787,0.00030864318952218787,0.0,0.00030864318952218787,300.0808396274378,300.1452732968893,-1.9887013252125957e-05
265,409,contact,0.0020844389676841104,-0.00016556103231588981,0.00016556103231588981,0.000303279328815212,0.000303279328815212,0.0,0.000303279328815212,300.0808396274378,300.1417637542581,-1.8477028290708056e-05
266,321,contact,0.001976729295477759,-2.3270704522241042e-05,2.3270704522241042e-05,0.0001078672900425357,0.0001078672900425357,0.0,0.0001078672900425357,300.15008496403425,300.2327283344628,-8.914516408111332e-06
266,345,contact,0.0019698348424169974,-3.0165157583002603e-05,3.0165157583002603e-05,0.00012281115092491115,0.00012281115092491115,0.0,0.00012281115092491115,300.15008496403425,300.1184539545727,3.8846406768878225e-06
266,351,contact,0.001776644925386048,-0.00022335507461395212,0.00022335507461395212,0.0003341818925480195,0.0003341818925480195,0.0,0.0003341818925480195,300.15008496403425,300.1157151704021,1.148576268247738e-05
266,372,contact,0.0018622035349552953,-0.0001377964650447047,0.0001377964650447047,0.0002624847281697592,0.0002624847281697592,0.0,0.0002624847281697592,300.15008496403425,300.0897960109839,1.58249294530632e-05
266,395,contact,0.001959166065549319,-4.0833934450681e-05,4.0833934450681e-05,0.00014288795339475089,0.00014288795339475089,0.0,0.00014288795339475089,300.15008496403425,300.05802204356854,1.3154682288888675e-05
267,434,contact,0.0021861347336566425,-6.386526634335771e-05,6.386526634335771e-05,0.0001883632223234876,0.0001883632223234876,0.0,0.0001883632223234876,300.5856540244879,300.645948812743,-1.1357320605038857e-05
267,484,contact,0.002127941921904825,-0.00012205807809517527,0.00012205807809517527,0.00026040361630785483,0.00026040361630785483,0.0,0.00026040361630785483,300.5856540244879,300.62332363685897,-9.809303286343245e-06
267,485,contact,0.0021302059079347235,-0.00011979409206527673,0.00011979409206527673,0.00025797727297108595,0.00025797727297108595,0.0,0.00025797727297108595,300.5856540244879,300.5732978229296,3.187619182292541e-06
267,495,contact,0.0022142523248491796,-3.57476751508207e-05,3.57476751508207e-05,0.00014092487192910174,0.00014092487192910174,0.0,0.00014092487192910174,300.5856540244879,300.4580753759287,1.797900470909625e-05
268,331,contact,0.0019829029010266746,-1.70970989733254e-05,1.70970989733254e-05,9.245836623401206e-05,9.245836623401206e-05,0.0,9.245836623401206e-05,300.1283708725489,300.08448884769535,4.057260324997767e-06
268,370,contact,0.0019663504518777917,-3.364954812220839e-05,3.364954812220839e-05,0.00012971034677736467,0.00012971034677736467,0.0,0.00012971034677736467,300.1283708725489,300.1640745246972,-4.6311331013743455e-06
268,417,contact,0.002157852021061686,-9.214797893831441e-05,9.214797893831441e-05,0.00022625941225150588,0.00022625941225150588,0.0,0.00022625941225150588,300.1283708725489,300.2481458189582,-2.710020897703204e-05
269,294,contact,0.0019080436921884159,-9.195630781158419e-05,9.195630781158419e-05,0.00021442517087737645,0.00021442517087737645,0.0,0.00021442517087737645,300.7769913589102,300.67641765160863,2.1565534373912105e-05
269,310,contact,0.0019936685145479915,-6.331485452008498e-06,6.331485452008498e-06,5.6264933359991185e-05,5.6264933359991185e-05,0.0,5.6264933359991185e-05,300.7769913589102,300.783421081545,-3.617679155689881e-07
269,362,contact,0.0019517309807962778,-4.826901920372225e-05,4.826901920372225e-05,0.0001553528551455078,0.0001553528551455078,0.0,0.0001553528551455078,300.7769913589102,300.7384349139437,5.989853809806817e-06
269,444,contact,0.002156593968321345,-9.340603167865523e-05,9.340603167865523e-05,0.00022779868265965702,0.00022779868265965702,0.0,0.00022779868265965702,300.7769913589102,300.84000414684,-1.4354230081115954e-05
270,352,contact,0.0018956466697409623,-0.00010435333025903774,0.00010435333025903774,0.00022842212049081163,0.00022842212049081163,0.0,0.00022842212049081163,300.0651742293609,300.08982522903773,-5.630833618404598e-06
270,401,contact,0.0020686613018326607,-0.00018133869816733955,0.00018133869816733955,0.00031740151418050534,0.00031740151418050534,0.0,0.00031740151418050534,300.0651742293609,300.1430286325438,-2.4711105455880134e-05
270,459,contact,0.0021090599126150967,-0.00014094008738490356,0.00014094008738490356,0.0002798214583393644,0.0002798214583393644,0.0,0.0002798214583393644,300.0651742293609,300.0794181790498,-3.985762774469597e-06
271,355,contact,0.001991655621697937,-8.344378302062826e-06,8.344378302062826e-06,6.459248525201219e-05,6.459248525201219e-05,0.0,6.459248525201219e-05,300.9413408712301,300.9442735643088,-1.8942993443217905e-07
271,364,contact,0.001972095146538321,-2.790485346167897e-05,2.790485346167897e-05,0.00011812039083426487,0.00011812039083426487,0.0,0.00011812039083426487,300.9413408712301,300.94939037050847,-9.508100007779922e-07
272,287,contact,0.001902625480776498,-9.737451922350198e-05,9.737451922350198e-05,0.00022065189691401022,0.00022065189691401022,0.0,0.00022065189691401022,300.157889355809,300.20037677222945,-9.374929028146107e-06
272,308,contact,0.001956384715642606,-4.3615284357393855e-05,4.3615284357393855e-05,0.00014767410801727203,0.00014767410801727203,0.0,0.00014767410801727203,300.157889355809,300.22847867547034,-1.0424214816534085e-05
272,323,contact,0.001928704037663632,-7.129596233636801e-05,7.129596233636801e-05,0.00018880672966868528,0.00018880672966868528,0.0,0.00018880672966868528,300.157889355809,300.06971895090453,1.6647165803577592e-05
272,347,contact,0.0019748894749327104,-2.5110525067289623e-05,2.5110525067289623e-05,0.00011205026788742993,0.00011205026788742993,0.0,0.00011205026788742993,300.157889355809,300.2276914314256,-7.821341271941086e-06
273,368,contact,0.0019881732583203094,-1.1826741679690691e-05,1.1826741679690691e-05,7.689844497677015e-05,7.689844497677015e-05,0.0,7.689844497677015e-05,300.595271661759,300.68005343565034,-6.5195865746158955e-06
273,426,contact,0.0021721335962596776,-7.786640374032264e-05,7.786640374032264e-05,0.00020798825252659855,0.00020798825252659855,0.0,0.00020798825252659855,300.595271661759,300.69153428661286,-2.00214951269787e-05
273,497,contact,0.002185777631828087,-6.422236817191316e-05,6.422236817191316e-05,0.00018888910352066537,0.00018888910352066537,0.0,0.00018888910352066537,300.595271661759,300.5002851303603,1.794192076244128e-05
274,292,contact,0.0019748791548822513,-2.512084511774879e-05,2.512084511774879e-05,0.00011207329101473908,0.00011207329101473908,0.0,0.00011207329101473908,300.2434454823018,300.2000996773458,4.85790701310241e-06
274,344,contact,0.0019283622293843035,-7.163777061569652e-05,7.163777061569652e-05,0.0001892587786810648,0.0001892587786810648,0.0,0.0001892587786810648,300.2434454823018,300.1888923274245,1.0324663465273524e-05
274,389,contact,0.0019280004652284185,-7.199953477158151e-05,7.199953477158151e-05,0.0001897360466168481,0.0001897360466168481,0.0,0.0001897360466168481,300.2434454823018,300.15264460864546,1.7228198796911534e-05
274,408,contact,0.0021513204443308767,-9.867955566912352e-05,9.867955566912352e-05,0.00023414093057758033,0.00023414093057758033,0.0,0.00023414093057758033,300.2434454823018,300.333774669537,-2.1149759957559227e-05
274,425,contact,0.0021843788879539264,-6.562111204607389e-05,6.562111204607389e-05,0.00019093499773202905,0.00019093499773202905,0.0,0.00019093499773202905,300.2434454823018,300.2269768002313,3.1444477737850474e-06
275,337,contact,0.0019578452565511915,-4.215474344880857e-05,4.215474344880857e-05,0.00014518047983253218,0.00014518047983253218,0.0,0.00014518047983253218,300.50228797798667,300.40631224753207,1.3933802599676222e-05
275,365,contact,0.0019480232384907527,-5.197676150924739e-05,5.197676150924739e-05,0.00016120912118929156,0.00016120912118929156,0.0,0.00016120912118929156,300.50228797798667,300.5300371500796,-4.473419646828534e-06
275,403,contact,0.0022057866214119635,-4.4213378588036766e-05,4.4213378588036766e-05,0.00015672583738638907,0.00015672583738638907,0.0,0.00015672583738638907,300.50228797798667,300.51516343959287,-2.0179175019679465e-06
276,423,contact,0.0022214424458896678,-2.8557554110332506e-05,2.8557554110332506e-05,0.000125957563643767,0.000125957563643767,0.0,0.000125957563643767,300.2698220434066,300.2742156843673,-5.534123109352244e-07
276,443,contact,0.002146821731602557,-0.00010317826839744337,0.00010317826839744337,0.0002394185878765512,0.0002394185878765512,0.0,0.0002394185878765512,300.2698220434066,300.2715910648112,-4.235366066225605e-07
276,454,contact,0.002195804744991001,-5.41952550089991e-05,5.41952550089991e-05,0.00017351793856832065,0.00017351793856832065,0.0,0.00017351793856832065,300.2698220434066,300.408652997065,-2.4089660888286835e-05
277,281,contact,0.001932281162164554,-6.771883783544602e-05,6.771883783544602e-05,0.0001840092903027535,0.0001840092903027535,0.0,0.0001840092903027535,300.94343921776965,300.9397653021197,6.760346113751702e-07
277,350,contact,0.0019391341105617211,-6.0865889438278895e-05,6.0865889438278895e-05,0.00017445040762101833,0.00017445040762101833,0.0,0.00017445040762101833,300.94343921776965,300.9420294506201,2.459344538878381e-07
277,444,contact,0.0021946709752145082,-5.532902478549203e-05,5.532902478549203e-05,0.00017532354976742607,0.00017532354976742607,0.0,0.00017532354976742607,300.94343921776965,300.84000414684,1.813460380583405e-05
278,290,contact,0.001898845631034814,-0.0001011543689651861,0.0001011543689651861,0.00022489371819282334,0.00022489371819282334,0.0,0.00022489371819282334,300.4977286850101,300.4724306722516,5.6893641521416244e-06
278,456,contact,0.002015343759535826,-0.00023465624046417437,0.00023465624046417437,0.00036106035234521725,0.00036106035234521725,0.0,0.00036106035234521725,300.4977286850101,300.5777459110981,-2.889104784501622e-05
278,470,contact,0.002115488577941275,-0.00013451142205872513,0.00013451142205872513,0.000273365264454727,0.000273365264454727,0.0,0.000273365264454727,300.4977286850101,300.38479367088155,3.087251000344628e-05
279,290,contact,0.0018931293706717454,-0.00010687062932825467,0.00010687062932825467,0.00023116079828579787,0.00023116079828579787,0.0,0.00023116079828579787,300.43167504358945,300.4724306722516,-9.421103656186396e-06
279,357,contact,0.0018995674211514583,-0.00010043257884854171,0.00010043257884854171,0.00022408991370490296,0.00022408991370490296,0.0,0.00022408991370490296,300.43167504358945,300.4569160374002,-5.656252124881202e-06
279,377,contact,0.0019114767929273937,-8.852320707260631e-05,8.852320707260631e-05,0.00021038441847319195,0.00021038441847319195,0.0,0.00021038441847319195,300.43167504358945,300.37798834517855,1.1294844824922768e-05
279,403,contact,0.0021889142041889185,-6.108579581108175e-05,6.108579581108175e-05,0.00018421876459356347,0.00018421876459356347,0.0,0.00018421876459356347,300.43167504358945,300.51516343959287,-1.5380129169647795e-05
279,438,contact,0.002081050180125409,-0.00016894981987459123,0.00016894981987459123,0.0003063674444869095,0.0003063674444869095,0.0,0.0003063674444869095,300.43167504358945,300.38234108598533,1.5114318517599599e-05
279,445,contact,0.0022285316347317127,-2.1468365268287586e-05,2.1468365268287586e-05,0.00010921020828426757,0.00010921020828426757,0.0,0.00010921020828426757,300.43167504358945,300.51980243914403,-9.62441122406565e-06
280,392,contact,0.001974207947552891,-2.5792052447108898e-05,2.5792052447108898e-05,0.0001135606719932321,0.0001135606719932321,0.0,0.0001135606719932321,300.93644057288293,300.852113449134,9.57624484018708e-06
280,490,contact,0.002164126275978599,-8.587372402140119e-05,8.587372402140119e-05,0.000218420750974659,0.000218420750974659,0.0,0.000218420750974659,300.93644057288293,300.8403069791053,2.099757174679804e-05
281,360,contact,0.001806610234428278,-0.0001933897655717221,0.0001933897655717221,0.00031095800807482197,0.00031095800807482197,0.0,0.00031095800807482197,300.9397653021197,300.8651758666876,2.3194182265400945e-05
281,444,contact,0.0021509618325718845,-9.903816742811572e-05,9.903816742811572e-05,0.0002345659909849059,0.0002345659909849059,0.0,0.0002345659909849059,300.9397653021197,300.84000414684,2.3400574249990495e-05
281,449,contact,0.0021446880604509833,-0.000105311939549017,0.000105311939549017,0.0002418814442713356,0.0002418814442713356,0.0,0.0002418814442713356,300.9397653021197,300.9181410895592,5.230495765373538e-06
282,371,contact,0.0019968107697275667,-3.189230272433296e-06,3.189230272433296e-06,3.9932632472911775e-05,3.9932632472911775e-05,0.0,3.9932632472911775e-05,300.38479071455396,300.4266083683809,-1.6698890011517526e-06
282,388,contact,0.0019787315447275817,-2.1268455272418357e-05,2.1268455272418357e-05,0.00010312239153650956,0.00010312239153650956,0.0,0.00010312239153650956,300.38479071455396,300.44370872237295,-6.07576587086085e-06
282,433,contact,0.002229095908300045,-2.090409169995533e-05,2.090409169995533e-05,0.00010776541317952138,0.00010776541317952138,0.0,0.00010776541317952138,300.38479071455396,300.3129155679417,7.745654872011605e-06
283,323,contact,0.0019850871489433403,-1.4912851056659779e-05,1.4912851056659779e-05,8.635059657193973e-05,8.635059657193973e-05,0.0,8.635059657193973e-05,300.0633342372027,300.06971895090453,-5.513238370944247e-07
283,395,contact,0.0019822950936982113,-1.7704906301788722e-05,1.7704906301788722e-05,9.408747605762608e-05,9.408747605762608e-05,0.0,9.408747605762608e-05,300.0633342372027,300.05802204356854,4.998108913669408e-07
284,340,contact,0.0018999815805341375,-0.00010001841946586255,0.00010001841946586255,0.00022362739039064798,0.00022362739039064798,0.0,0.00022362739039064798,300.85862963145075,300.93505072530263,-1.7089849788894098e-05
284,463,contact,0.002246656525963355,-3.343474036645276e-06,3.343474036645276e-06,4.3098556540956705e-05,4.3098556540956705e-05,0.0,4.3098556540956705e-05,300.85862963145075,300.71188828590726,6.324340177802143e-06
285,367,contact,0.001905548763716112,-9.445123628388803e-05,9.445123628388803e-05,0.000217314560354211,0.000217314560354211,0.0,0.000217314560354211,300.1452732968893,300.2062875221344,-1.3259279534495382e-05
285,467,contact,0.002106707792647096,-0.0001432922073529041,0.0001432922073529041,0.00028214673817488037,0.00028214673817488037,0.0,0.00028214673817488037,300.1452732968893,300.14186889170776,9.605418173935558e-07
286,339,contact,0.0018952499323308253,-0.00010475006766917476,0.00010475006766917476,0.0002288559237480808,0.0002288559237480808,0.0,0.0002288559237480808,300.7027495456812,300.631255629607,1.636180620552633e-05
286,391,contact,0.0019293467407389474,-7.065325926105268e-05,7.065325926105268e-05,0.00018795379653129208,0.00018795379653129208,0.0,0.00018795379653129208,300.7027495456812,300.75592815863047,-9.99512219808826e-06
286,440,contact,0.0021897982118450994,-6.02017881549009e-05,6.02017881549009e-05,0.0001828809390391296,0.0001828809390391296,0.0,0.0001828809390391296,300.7027495456812,300.7574629009018,-1.0006029780735034e-05
286,464,contact,0.0021162667318889647,-0.00013373326811103557,0.00013373326811103557,0.00027257340307096443,0.00027257340307096443,0.0,0.00027257340307096443,300.7027495456812,300.7841184154324,-2.2178989732123203e-05
287,308,contact,0.0019097865885223926,-9.021341147760742e-05,9.021341147760742e-05,0.0002123833932745301,0.0002123833932745301,0.0,0.0002123833932745301,300.20037677222945,300.22847867547034,-5.968377567773773e-06
287,347,contact,0.0019738342125163394,-2.6165787483660614e-05,2.6165787483660614e-05,0.00011438047797517856,0.00011438047797517856,0.0,0.00011438047797517856,300.20037677222945,300.2276914314256,-3.124263774588065e-06
287,376,contact,0.0019906579136808006,-9.342086319199475e-06,9.342086319199475e-06,6.834503024799783e-05,6.834503024799783e-05,0.0,6.834503024799783e-05,300.20037677222945,300.2659102682379,-4.4788887669559365e-06
287,494,contact,0.0022114289834629553,-3.8571016537045e-05,3.8571016537045e-05,0.00014638422907055444,0.00014638422907055444,0.0,0.00014638422907055444,300.20037677222945,300.17225525959356,4.116545947502844e-06
288,430,contact,0.002146712176166148,-0.00010328782383385235,0.00010328782383385235,0.00023954566235300567,0.00023954566235300567,0.0,0.00023954566235300567,300.8285171147594,300.838939069691,-2.496534097100218e-06
288,444,contact,0.002148511409837053,-0.00010148859016294743,0.00010148859016294743,0.00023745010021165784,0.00023745010021165784,0.0,0.00023745010021165784,300.8285171147594,300.84000414684,-2.727596918671781e-06
288,460,contact,0.0022201927801206805,-2.9807219879319797e-05,2.9807219879319797e-05,0.00012868397957641078,0.00012868397957641078,0.0,0.00012868397957641078,300.8285171147594,300.7087236863656,1.5415495092814846e-05
289,348,contact,0.0019014809450112824,-9.851905498871761e-05,9.851905498871761e-05,0.0002219448748999598,0.0002219448748999598,0.0,0.0002219448748999598,300.76793820177693,300.83551760143126,-1.4998901402095723e-05
289,379,contact,0.0019258879143138103,-7.411208568618979e-05,7.411208568618979e-05,0.0001924994619293646,0.0001924994619293646,0.0,0.0001924994619293646,300.76793820177693,300.69384344048365,1.4263201680741383e-05
289,478,contact,0.0020887456973025706,-0.00016125430269742962,0.00016125430269742962,0.0002993087431412491,0.0002993087431412491,0.0,0.0002993087431412491,300.76793820177693,300.8247909022432,-1.701651032074385e-05
289,499,contact,0.002089963296561012,-0.00016003670343898817,0.00016003670343898817,0.0002981765914493067,0.0002981765914493067,0.0,0.0002981765914493067,300.76793820177693,300.7255613645234,1.2635780888658923e-05
290,357,contact,0.0018937979360533676,-0.0001062020639466324,0.0001062020639466324,0.0002304366116165489,0.0002304366116165489,0.0,0.0002304366116165489,300.4724306722516,300.4569160374002,3.5751398856245153e-06
290,445,contact,0.0021673369174403873,-8.266308255961297e-05,8.266308255961297e-05,0.00021429870451157782,0.00021429870451157782,0.0,0.00021429870451157782,300.4724306722516,300.51980243914403,-1.0151708275468121e-05
290,470,contact,0.0022191005589878073,-3.089944101219294e-05,3.089944101219294e-05,0.00013102044160315202,0.00013102044160315202,0.0,0.00013102044160315202,300.4724306722516,300.38479367088155,1.1482238620282526e-05
291,360,contact,0.001890851782512856,-0.00010914821748714406,0.00010914821748714406,0.0002336110201672259,0.0002336110201672259,0.0,0.0002336110201672259,300.88009144035357,300.8651758666876,3.484442380487508e-06
291,437,contact,0.0021509814983455807,-9.901850165441959e-05,9.901850165441959e-05,0.0002345427012228259,0.0002345427012228259,0.0,0.0002345427012228259,300.88009144035357,300.77781018451,2.398932203001926e-05
292,301,contact,0.0019368431867603524,-6.315681323964769e-05,6.315681323964769e-05,0.00017770314184004695,0.00017770314184004695,0.0,0.00017770314184004695,300.2000996773458,300.06039078376017,2.482670933316404e-05
292,382,contact,0.001990203065644308,-9.79693435569206e-06,9.79693435569206e-06,6.99890504139471e-05,6.99890504139471e-05,0.0,6.99890504139471e-05,300.2000996773458,300.21660555646844,-1.1552308060404714e-06
292,425,contact,0.002237330002056022,-1.2669997943978197e-05,1.2669997943978197e-05,8.389807951708164e-05,8.389807951708164e-05,0.0,8.389807951708164e-05,300.2000996773458,300.2269768002313,-2.254938993036399e-06
293,313,contact,0.0018799476781548993,-0.00012005232184510075,0.00012005232184510075,0.0002450023692182391,0.0002450023692182391,0.0,0.0002450023692182391,300.7225153464876,300.8259602161791,-2.5344238157886204e-05
293,361,contact,0.0019136216943272772,-8.637830567272283e-05,8.637830567272283e-05,0.00020782000104985424,0.00020782000104985424,0.0,0.00020782000104985424,300.7225153464876,300.6060015267486,2.421390214048107e-05
293,460,contact,0.002166565653217091,-8.34343467829091e-05,8.34343467829091e-05,0.00021529610976372504,0.00021529610976372504,0.0,0.00021529610976372504,300.7225153464876,300.7087236863656,2.9692907714552774e-06
294,362,contact,0.0019954682362543384,-4.5317637456616586e-06,4.5317637456616586e-06,4.760128015958005e-05,4.760128015958005e-05,0.0,4.760128015958005e-05,300.67641765160863,300.7384349139437,-2.9521010791420973e-06
294,421,contact,0.002091941704015673,-0.0001580582959843273,0.0001580582959843273,0.00029632779895875005,0.00029632779895875005,0.0,0.00029632779895875005,300.67641765160863,300.638270103196,1.1304179056781057e-05
294,476,contact,0.0021627339521540787,-8.726604784592158e-05,8.726604784592158e-05,0.00022018432662698463,0.00022018432662698463,0.0,0.00022018432662698463,300.67641765160863,300.6307363579072,1.0058304893096809e-05
295,325,contact,0.0019211854523780358,-7.881454762196424e-05,7.881454762196424e-05,0.00019851265403238687,0.00019851265403238687,0.0,0.00019851265403238687,300.150354657359,300.05586397306934,1.875759651967818e-05
295,326,contact,0.001963566973804561,-3.6433026195438825e-05,3.6433026195438825e-05,0.0001349685633683615,0.0001349685633683615,0.0,0.0001349685633683615,300.150354657359,300.20024153696465,-6.733160471305169e-06
295,330,contact,0.001971768177474219,-2.8231822525781082e-05,2.8231822525781082e-05,0.00011881040048283038,0.00011881040048283038,0.0,0.00011881040048283038,300.150354657359,300.1583708368693,-9.524054979634797e-07
295,375,contact,0.0019410943153257028,-5.890568467429723e-05,5.890568467429723e-05,0.0001716183042019371,0.0001716183042019371,0.0,0.0001716183042019371,300.150354657359,300.23192479079665,-1.399892797409544e-05
295,415,contact,0.0021873022550392977,-6.269774496070251e-05,6.269774496070251e-05,0.0001866335461103486,0.0001866335461103486,0.0,0.0001866335461103486,300.150354657359,300.08527433687004,1.2146170994852552e-05
295,419,contact,0.0021582653920451957,-9.173460795480455e-05,9.173460795480455e-05,0.00022575134791624727,0.00022575134791624727,0.0,0.00022575134791624727,300.150354657359,300.2521070504731,-2.297073989921451e-05
296,338,contact,0.001925324690954749,-7.467530904525094e-05,7.467530904525094e-05,0.00019322953843195267,0.00019322953843195267,0.0,0.00019322953843195267,300.8386539925539,300.739152181528,1.9226689017667535e-05
296,447,contact,0.002181058207866081,-6.89417921339191e-05,6.89417921339191e-05,0.0001957064016069864,0.0001957064016069864,0.0,0.0001957064016069864,300.8386539925539,300.8888918144989,-9.831863357431951e-06
296,460,contact,0.002242854593436677,-7.14540656332344e-06,7.14540656332344e-06,6.300531971950834e-05,6.300531971950834e-05,0.0,6.300531971950834e-05,300.8386539925539,300.7087236863656,8.186300482645631e-06
296,486,contact,0.002178558089218646,-7.14419107813542e-05,7.14419107813542e-05,0.0001992233681928043,0.0001992233681928043,0.0,0.0001992233681928043,300.8386539925539,300.9269023055021,-1.7581126142877824e-05
297,307,contact,0.0019256817370739117,-7.431826292608832e-05,7.431826292608832e-05,0.00019276703935850692,0.00019276703935850692,0.0,0.00019276703935850692,300.59726987935795,300.69511569541737,-1.8861448275391187e-05
297,311,contact,0.0019763825399198407,-2.3617460080159382e-05,2.3617460080159382e-05,0.00010866798074906744,0.00010866798074906744,0.0,0.00010866798074906744,300.59726987935795,300.5262487641289,7.717721182485518e-06
297,436,contact,0.0021865325483285177,-6.346745167148254e-05,6.346745167148254e-05,0.00018777565170448977,0.00018777565170448977,0.0,0.00018777565170448977,300.59726987935795,300.6115076706636,-2.6735105412556074e-06
298,401,contact,0.0021075676245433253,-0.00014243237545667493,0.00014243237545667493,0.0002812989468091385,0.0002812989468091385,0.0,0.0002812989468091385,300.0791133642427,300.1430286325438,-1.797929765812749e-05
298,467,contact,0.002135863620856912,-0.00011413637914308838,0.00011413637914308838,0.0002518116350050926,0.0002518116350050926,0.0,0.0002518116350050926,300.0791133642427,300.14186889170776,-1.580257197658671e-05
299,304,contact,0.0018549922615741555,-0.0001450077384258445,0.0001450077384258445,0.00026926542520888615,0.00026926542520888615,0.0,0.00026926542520888615,300.38407070745484,300.313065218902,1.9119323067341916e-05
299,324,contact,0.0018805733387719818,-0.00011942666122801825,0.00011942666122801825,0.00024436311222033723,0.00024436311222033723,0.0,0.00024436311222033723,300.38407070745484,300.49008023087566,-2.590481706810713e-05
299,354,contact,0.0018924694390927428,-0.00010753056090725727,0.00010753056090725727,0.00023187341471938658,0.00023187341471938658,0.0,0.00023187341471938658,300.38407070745484,300.47723982062416,-2.160344041694817e-05
299,419,contact,0.0022033364723981663,-4.666352760183392e-05,4.666352760183392e-05,0.00016100988168748787,0.00016100988168748787,0.0,0.00016100988168748787,300.38407070745484,300.2521070504731,2.1247452797675753e-05
299,489,contact,0.002201837871551504,-4.816212844849623e-05,4.816212844849623e-05,0.00016357486979038787,0.00016357486979038787,0.0,0.00016357486979038787,300.38407070745484,300.3950485012874,-1.7956911967500903e-06
300,343,contact,0.0019450981682424154,-5.490183175758468e-05,5.490183175758468e-05,0.00016568317922707886,0.00016568317922707886,0.0,0.00016568317922707886,300.27112776211237,300.28336747117464,-2.0279139102515857e-06
300,407,contact,0.002210457499206895,-3.9542500793105385e-05,3.9542500793105385e-05,0.00014821624740955243,0.00014821624740955243,0.0,0.00014821624740955243,300.27112776211237,300.26443135202214,9.925167746890944e-07
300,453,contact,0.0022139434156725865,-3.6056584327413734e-05,3.6056584327413734e-05,0.00014153245471428832,0.00014153245471428832,0.0,0.00014153245471428832,300.27112776211237,300.20920693523016,8.763806626578366e-06
300,468,contact,0.0021896053631191175,-6.039463688088274e-05,6.039463688088274e-05,0.00018317362267787044,0.00018317362267787044,0.0,0.00018317362267787044,300.27112776211237,300.38154098731525,-2.0224790451958382e-05
302,312,contact,0.0019884854066600545,-1.1514593339945547e-05,1.1514593339945547e-05,7.587685200357731e-05,7.587685200357731e-05,0.0,7.587685200357731e-05,300.3906777788269,300.4411441484505,-3.829229259089299e-06
302,371,contact,0.0019005267893139513,-9.947321068604878e-05,9.947321068604878e-05,0.0002230170516866914,0.0002230170516866914,0.0,0.0002230170516866914,300.3906777788269,300.4266083683809,-8.01313414770382e-06
302,410,contact,0.0021644125379418773,-8.558746205812292e-05,8.558746205812292e-05,0.00021805639186295482,0.00021805639186295482,0.0,0.00021805639186295482,300.3906777788269,300.3640945522259,5.7966424766935904e-06
302,423,contact,0.0021735063037405704,-7.649369625942985e-05,7.649369625942985e-05,0.00020614678731890407,0.00020614678731890407,0.0,0.00020614678731890407,300.3906777788269,300.2742156843673,2.4008286617281576e-05
302,454,contact,0.0021985443267553105,-5.145567324468976e-05,5.145567324468976e-05,0.00016907538299805434,0.00016907538299805434,0.0,0.00016907538299805434,300.3906777788269,300.408652997065,-3.039166908083879e-06
302,489,contact,0.0022211636203575825,-2.883637964241773e-05,2.883637964241773e-05,0.00012657097183973225,0.00012657097183973225,0.0,0.00012657097183973225,300.3906777788269,300.3950485012874,-5.532065894699385e-07
303,405,contact,0.0021351217072103873,-0.00011487829278961298,0.00011487829278961298,0.0002526287271313522,0.0002526287271313522,0.0,0.0002526287271313522,300.5065003525108,300.60673111327753,-2.532116951191087e-05
303,454,contact,0.002167907859766185,-8.20921402338152e-05,8.20921402338152e-05,0.00021355735663830872,0.00021355735663830872,0.0,0.00021355735663830872,300.5065003525108,300.408652997065,2.0896022583046606e-05
303,455,contact,0.0022220938512135355,-2.790614878646477e-05,2.790614878646477e-05,0.00012451271418004037,0.00012451271418004037,0.0,0.00012451271418004037,300.5065003525108,300.4739231258442,4.056278912717199e-06
304,326,contact,0.001844653426824671,-0.00015534657317532903,0.00015534657317532903,0.00027869927625967115,0.00027869927625967115,0.0,0.00027869927625967115,300.313065218902,300.20024153696465,3.144387850089271e-05
304,407,contact,0.0021161535978751634,-0.00013384640212483687,0.00013384640212483687,0.0002726886728332808,0.0002726886728332808,0.0,0.0002726886728332808,300.313065218902,300.26443135202214,1.3261904614221664e-05
304,419,contact,0.002049437295478933,-0.0002005627045210674,0.0002005627045210674,0.0003338019244011729,0.0003338019244011729,0.0,0.0003338019244011729,300.313065218902,300.2521070504731,2.0347953929536606e-05
304,496,contact,0.002108477247778595,-0.00014152275222140522,0.00014152275222140522,0.00028039927110125307,0.00028039927110125307,0.0,0.00028039927110125307,300.313065218902,300.4397727121646,-3.5528688753896055e-05
305,379,contact,0.0019314193862804638,-6.858061371953629e-05,6.858061371953629e-05,0.00018517642090657262,0.00018517642090657262,0.0,0.00018517642090657262,300.6461680556252,300.69384344048365,-8.828357133431324e-06
306,492,contact,0.0021408785118497494,-0.00010912148815025091,0.00010912148815025091,0.000246217483076165,0.000246217483076165,0.0,0.000246217483076165,300.61701183964277,300.583915836861,8.148814504803465e-06
307,499,contact,0.0022381781026093533,-1.1821897390647002e-05,1.1821897390647002e-05,8.104147563181255e-05,8.104147563181255e-05,0.0,8.104147563181255e-05,300.69511569541737,300.7255613645234,-2.46736195095052e-06
308,347,contact,0.0019866421587694146,-1.335784123058549e-05,1.335784123058549e-05,8.172466344557649e-05,8.172466344557649e-05,0.0,8.172466344557649e-05,300.22847867547034,300.2276914314256,6.433725460393822e-08
308,376,contact,0.0019900041198449817,-9.995880155018368e-06,9.995880155018368e-06,7.069611076649963e-05,7.069611076649963e-05,0.0,7.069611076649963e-05,300.22847867547034,300.2659102682379,-2.646268028463005e-06
308,480,contact,0.0021643980489734326,-8.560195102656765e-05,8.560195102656765e-05,0.00021807484829572678,0.00021807484829572678,0.0,0.00021807484829572678,300.22847867547034,300.3360153333231,-2.3451040347464376e-05
309,478,contact,0.0021633121088312705,-8.668789116872975e-05,8.668789116872975e-05,0.00021945372983429376,0.00021945372983429376,0.0,0.00021945372983429376,300.9403307903267,300.8247909022432,2.5355659384561753e-05
310,313,contact,0.0017648573620267448,-0.0002351426379732552,0.0002351426379732552,0.00034288674367293295,0.00034288674367293295,0.0,0.00034288674367293295,300.783421081545,300.8259602161791,-1.4586105353359855e-05
310,479,contact,0.0021815132152476187,-6.848678475238155e-05,6.848678475238155e-05,0.0001950595133576496,0.0001950595133576496,0.0,0.0001950595133576496,300.783421081545,300.71062946356835,1.419869757903815e-05
311,312,contact,0.0019910060367562933,-8.993963243706694e-06,8.993963243706694e-06,6.705953788875485e-05,6.705953788875485e-05,0.0,6.705953788875485e-05,300.5262487641289,300.4411441484505,5.707076199593831e-06
311,473,contact,0.0022210764836222982,-2.8923516377702026e-05,2.8923516377702026e-05,0.00012676206139785855,0.00012676206139785855,0.0,0.00012676206139785855,300.5262487641289,300.53036435753125,-5.217011035550624e-07
312,410,contact,0.002236798822625763,-1.3201177374237271e-05,1.3201177374237271e-05,8.563870287511259e-05,8.563870287511259e-05,0.0,8.563870287511259e-05,300.4411441484505,300.3640945522259,6.5984274777293435e-06
313,366,contact,0.001897338259378121,-0.00010266174062187913,0.00010266174062187913,0.00022656317068521875,0.00022656317068521875,0.0,0.00022656317068521875,300.8259602161791,300.7915112660319,7.80486337213498e-06
313,486,contact,0.002002721617624376,-0.0002472783823756243,0.0002472783823756243,0.0003706438709834132,0.0003706438709834132,0.0,0.0003706438709834132,300.8259602161791,300.9269023055021,-3.741356673182441e-05
314,321,contact,0.001905461052239064,-9.453894776093605e-05,9.453894776093605e-05,0.0002174154407590869,0.0002174154407590869,0.0,0.0002174154407590869,300.16667816761145,300.2327283344628,-1.4360326138201597e-05
314,363,contact,0.0019510916667599195,-4.890833324008056e-05,4.890833324008056e-05,0.00015637828052527078,0.00015637828052527078,0.0,0.00015637828052527078,300.16667816761145,300.0747773665387,1.4371289250654419e-05
314,467,contact,0.0021813095888479467,-6.869041115205353e-05,6.869041115205353e-05,0.00019534927573174832,0.00019534927573174832,0.0,0.00019534927573174832,300.16667816761145,300.14186889170776,4.846474079215387e-06
316,452,contact,0.0021904554751466646,-5.954452485333562e-05,5.954452485333562e-05,0.00018187988229924291,0.00018187988229924291,0.0,0.00018187988229924291,300.6195465058676,300.66194498422,-7.711430252395668e-06
317,411,contact,0.002090374378628179,-0.00015962562137182123,0.00015962562137182123,0.0002977933860281704,0.0002977933860281704,0.0,0.0002977933860281704,300.0707332355984,300.1811590284355,-3.2884070753798476e-05
318,342,contact,0.0019249821444626447,-7.501785553735529e-05,7.501785553735529e-05,0.00019367221733815524,0.00019367221733815524,0.0,0.00019367221733815524,300.51031364520094,300.5633822856398,-1.0277921264919234e-05
319,417,contact,0.0021589713446222487,-9.102865537775158e-05,9.102865537775158e-05,0.000224881024566018,0.000224881024566018,0.0,0.000224881024566018,300.25146998144726,300.2481458189582,7.475410663584646e-07
319,467,contact,0.002184145851906415,-6.585414809358531e-05,6.585414809358531e-05,0.0001912737248807834,0.0001912737248807834,0.0,0.0001912737248807834,300.25146998144726,300.14186889170776,2.0963808685466985e-05
319,475,contact,0.0021258866954990815,-0.00012411330450091875,0.00012411330450091875,0.00026258681580354287,0.00026258681580354287,0.0,0.00026258681580354287,300.25146998144726,300.3360639652124,-2.2213264833029942e-05
320,337,contact,0.0019307482617886768,-6.925173821132322e-05,6.925173821132322e-05,0.000186080275971586,0.000186080275971586,0.0,0.000186080275971586,300.3733781975203,300.40631224753207,-6.128377115050497e-06
320,357,contact,0.0018927082680117388,-0.00010729173198826126,0.00010729173198826126,0.00023161577233455114,0.00023161577233455114,0.0,0.00023161577233455114,300.3733781975203,300.4569160374002,-1.9348681302945275e-05
320,470,contact,0.002145608335764009,-0.00010439166423599142,0.00010439166423599142,0.00024082227683500386,0.00024082227683500386,0.0,0.00024082227683500386,300.3733781975203,300.38479367088155,-2.749100286003029e-06
320,488,contact,0.002198026425250616,-5.197357474938423e-05,5.197357474938423e-05,0.00016992412481487833,0.00016992412481487833,0.0,0.00016992412481487833,300.3733781975203,300.4273455734903,-9.170359130255955e-06
321,327,contact,0.0019133132682339284,-8.668673176607166e-05,8.668673176607166e-05,0.00020819069595694192,0.00020819069595694192,0.0,0.00020819069595694192,300.2327283344628,300.2951713695862,-1.3000058940006124e-05
321,417,contact,0.0021688034053136307,-8.119659468636955e-05,8.119659468636955e-05,0.0002123893106307502,0.0002123893106307502,0.0,0.0002123893106307502,300.2327283344628,300.2481458189582,-3.2745089036385764e-06
322,404,contact,0.0022378161452183687,-1.2183854781631573e-05,1.2183854781631573e-05,8.227276713480312e-05,8.227276713480312e-05,0.0,8.227276713480312e-05,300.47222840855966,300.3951358342474,6.342619414213932e-06
322,492,contact,0.0021703614217913115,-7.963857820868876e-05,7.963857820868876e-05,0.00021034175657815222,0.00021034175657815222,0.0,0.00021034175657815222,300.47222840855966,300.583915836861,-2.3492529856605712e-05
322,496,contact,0.0022366735133030145,-1.3326486696985801e-05,1.3326486696985801e-05,8.604419632112131e-05,8.604419632112131e-05,0.0,8.604419632112131e-05,300.47222840855966,300.4397727121646,2.792624312355363e-06
323,500,contact,0.0022241707178406963,-2.582928215930395e-05,2.582928215930395e-05,0.00011978982093489123,0.00011978982093489123,0.0,0.00011978982093489123,300.06971895090453,300.1836675286545,-1.3649879724453936e-05
324,354,contact,0.0019889930834972756,-1.1006916502724444e-05,1.1006916502724444e-05,7.4185296732993e-05,7.4185296732993e-05,0.0,7.4185296732993e-05,300.49008023087566,300.47723982062416,9.525696446808319e-07
324,424,contact,0.0021570902339262494,-9.290976607375084e-05,9.290976607375084e-05,0.0002271927303142408,0.0002271927303142408,0.0,0.0002271927303142408,300.49008023087566,300.5740725856174,-1.908245239929461e-05
324,489,contact,0.0021471082024034573,-0.00010289179759654299,0.00010289179759654299,0.00023908598824660807,0.00023908598824660807,0.0,0.00023908598824660807,300.49008023087566,300.3950485012874,2.2720754983389455e-05
326,330,contact,0.0019628100291663475,-3.718997083365259e-05,3.718997083365259e-05,0.00013636343137669386,0.00013636343137669386,0.0,0.00013636343137669386,300.20024153696465,300.1583708368693,5.709632339143723e-06
326,375,contact,0.0019070164376913375,-9.298356230866256e-05,9.298356230866256e-05,0.00021561952869425183,0.00021561952869425183,0.0,0.00021561952869425183,300.20024153696465,300.23192479079665,-6.8315282587561865e-06
326,425,contact,0.0022244241389694146,-2.557586103058571e-05,2.557586103058571e-05,0.00011920072014739981,0.00011920072014739981,0.0,0.00011920072014739981,300.20024153696465,300.2269768002313,-3.186862634712648e-06
327,333,contact,0.0019347344662476262,-6.52655337523738e-05,6.52655337523738e-05,0.00018064541753442544,0.00018064541753442544,0.0,0.00018064541753442544,300.2951713695862,300.2467188604733,8.752723739291416e-06
327,386,contact,0.0019268531008097105,-7.314689919028956e-05,7.314689919028956e-05,0.00019124186151348973,0.00019124186151348973,0.0,0.00019124186151348973,300.2951713695862,300.311679710075,-3.1570857655708093e-06
327,442,contact,0.0021636920857412063,-8.630791425879398e-05,8.630791425879398e-05,0.00021897223854837295,0.00021897223854837295,0.0,0.00021897223854837295,300.2951713695862,300.35976386383913,-1.414396305998182e-05
327,475,contact,0.002159914775841862,-9.00852241581384e-05,9.00852241581384e-05,0.00022371264326032477,0.00022371264326032477,0.0,0.00022371264326032477,300.2951713695862,300.3360639652124,-9.148190657310478e-06
327,498,contact,0.0021852584567358955,-6.474154326410481e-05,6.474154326410481e-05,0.00018965105861980784,0.00018965105861980784,0.0,0.00018965105861980784,300.2951713695862,300.2448948842759,9.534988662790823e-06
328,438,contact,0.002149838572381656,-0.00010016142761834447,0.00010016142761834447,0.00023589242795339345,0.00023589242795339345,0.0,0.00023589242795339345,300.41756792642093,300.38234108598533,8.309744919480038e-06
329,429,contact,0.0021692719842050694,-8.072801579493086e-05,8.072801579493086e-05,0.00021177558325701876,0.00021177558325701876,0.0,0.00021177558325701876,300.9398377542957,300.82528855403524,2.4258723696783023e-05
329,449,contact,0.0022335887677892166,-1.6411232210783618e-05,1.6411232210783618e-05,9.548482197822397e-05,9.548482197822397e-05,0.0,9.548482197822397e-05,300.9398377542957,300.9181410895592,2.0717021698868453e-06
330,370,contact,0.001964588514931308,-3.5411485068692194e-05,3.5411485068692194e-05,0.00013306292697196352,0.00013306292697196352,0.0,0.00013306292697196352,300.1583708368693,300.1640745246972,-7.589493969095327e-07
330,419,contact,0.0021994228341089854,-5.05771658910149e-05,5.05771658910149e-05,0.0001676258497219575,0.0001676258497219575,0.0,0.0001676258497219575,300.1583708368693,300.2521070504731,-1.571261245505429e-05
331,363,contact,0.0019764988284590506,-2.3501171540949405e-05,2.3501171540949405e-05,0.00010840011886743806,0.00010840011886743806,0.0,0.00010840011886743806,300.08448884769535,300.0747773665387,1.0527257117620428e-06
331,395,contact,0.001974226024446035,-2.577397555396507e-05,2.577397555396507e-05,0.0001135208693456077,0.0001135208693456077,0.0,0.0001135208693456077,300.08448884769535,300.05802204356854,3.0045346132756553e-06
332,426,contact,0.002100046239514741,-0.00014995376048525938,0.00014995376048525938,0.00028863063717151196,0.00028863063717151196,0.0,0.00028863063717151196,300.7054252219558,300.69153428661286,4.009349518941801e-06
332,471,contact,0.0021582089161385656,-9.179108386143464e-05,9.179108386143464e-05,0.00022582082851164528,0.00022582082851164528,0.0,0.00022582082851164528,300.7054252219558,300.8222863939505,-2.6389686680681705e-05
332,487,contact,0.0021085246649256905,-0.00014147533507430973,0.00014147533507430973,0.00028035229332861985,0.00028035229332861985,0.0,0.00028035229332861985,300.7054252219558,300.6050182025314,2.8149338161916466e-05
332,499,contact,0.002102252146960492,-0.0001477478530395081,0.0001477478530395081,0.00028649980903572086,0.00028649980903572086,0.0,0.00028649980903572086,300.7054252219558,300.7255613645234,-5.769001000331761e-06
333,401,contact,0.002113707989922212,-0.0001362920100777881,0.0001362920100777881,0.0002751686453369078,0.0002751686453369078,0.0,0.0002751686453369078,300.2467188604733,300.1430286325438,2.853229955404097e-05
333,498,contact,0.002151696416486535,-9.830358351346508e-05,9.830358351346508e-05,0.00023369446281828126,0.00023369446281828126,0.0,0.00023369446281828126,300.2467188604733,300.2448948842759,4.2625313765472396e-07
334,354,contact,0.001887581062550693,-0.00011241893744930696,0.00011241893744930696,0.0002370853616836212,0.0002370853616836212,0.0,0.0002370853616836212,300.56640509501426,300.47723982062416,2.1139781328395638e-05
334,434,contact,0.0020361325138850864,-0.0002138674861149139,0.0002138674861149139,0.00034469590955484383,0.00034469590955484383,0.0,0.00034469590955484383,300.56640509501426,300.645948812743,-2.7418394131871888e-05
334,492,contact,0.002117597467383723,-0.00013240253261627725,0.00013240253261627725,0.000271213868680417,0.000271213868680417,0.0,0.000271213868680417,300.56640509501426,300.583915836861,-4.7491560397247354e-06
335,451,contact,0.0021425865341917934,-0.00010741346580820689,0.00010741346580820689,0.000244282925459857,0.000244282925459857,0.0,0.000244282925459857,300.459010612743,300.5046074823581,-1.1138536701390816e-05
336,421,contact,0.0021150319607277806,-0.00013496803927221966,0.00013496803927221966,0.00027382885903447435,0.00027382885903447435,0.0,0.00027382885903447435,300.758054040159,300.638270103196,3.280029878922488e-05
336,444,contact,0.002165769946277767,-8.423005372223307e-05,8.423005372223307e-05,0.0002163203048493818,0.0002163203048493818,0.0,0.0002163203048493818,300.758054040159,300.84000414684,-1.7727472059674626e-05
337,357,contact,0.0018797402547692597,-0.00012025974523074035,0.00012025974523074035,0.0002452139323435155,0.0002452139323435155,0.0,0.0002452139323435155,300.40631224753207,300.4569160374002,-1.2408754305053615e-05
337,394,contact,0.0019541265344905382,-4.58734655094618e-05,4.58734655094618e-05,0.00015144877931079834,0.00015144877931079834,0.0,0.00015144877931079834,300.40631224753207,300.35296324218956,8.079641736568579e-06
337,488,contact,0.002232456132357365,-1.7543867642635328e-05,1.7543867642635328e-05,9.872483545084998e-05,9.872483545084998e-05,0.0,9.872483545084998e-05,300.40631224753207,300.4273455734903,-2.076511644210199e-06
338,427,contact,0.0022044200762332037,-4.557992376679658e-05,4.557992376679658e-05,0.00015912944375709527,0.00015912944375709527,0.0,0.00015912944375709527,300.739152181528,300.77699636635174,-6.022124080437943e-06
338,436,contact,0.002217989168616476,-3.2010831383524375e-05,3.2010831383524375e-05,0.00013335589680651207,0.00013335589680651207,0.0,0.00013335589680651207,300.739152181528,300.6115076706636,1.7022148218750604e-05
339,342,contact,0.0019340558301145286,-6.594416988547143e-05,6.594416988547143e-05,0.00018158217132399238,0.00018158217132399238,0.0,0.00018158217132399238,300.631255629607,300.5633822856398,1.2324589172577947e-05
339,428,contact,0.0021967378922395355,-5.3262107760464715e-05,5.3262107760464715e-05,0.00017201761499022373,0.00017201761499022373,0.0,0.00017201761499022373,300.631255629607,300.57350191394846,9.934656424402292e-06
340,412,contact,0.0022202176170837396,-2.9782382916260664e-05,2.9782382916260664e-05,0.00012863035523083763,0.00012863035523083763,0.0,0.00012863035523083763,300.93505072530263,300.82576013149344,1.4058087905065514e-05
341,369,contact,0.001943476168484965,-5.652383151503494e-05,5.652383151503494e-05,0.00016811280664338893,0.00016811280664338893,0.0,0.00016811280664338893,300.9295017552011,300.9167256675016,2.1478239610814032e-06
341,412,contact,0.002208469198772987,-4.153080122701325e-05,4.153080122701325e-05,0.00015189689709912014,0.00015189689709912014,0.0,0.00015189689709912014,300.9295017552011,300.82576013149344,1.5758030741218484e-05
341,441,contact,0.002151181914471437,-9.881808552856305e-05,9.881808552856305e-05,0.00023430522060926694,0.00023430522060926694,0.0,0.00023430522060926694,300.9295017552011,300.8341436513146,2.2342901568007025e-05
342,428,contact,0.002220683744633846,-2.9316255366154155e-05,2.9316255366154155e-05,0.00012761978113424386,0.00012761978113424386,0.0,0.00012761978113424386,300.5633822856398,300.57350191394846,-1.2914647499090162e-06
342,451,contact,0.0021981119899131614,-5.188801008683885e-05,5.188801008683885e-05,0.00016978419322912844,0.00016978419322912844,0.0,0.00016978419322912844,300.5633822856398,300.5046074823581,9.979032557387847e-06
343,419,contact,0.0021336663817476255,-0.00011633361825237479,0.00011633361825237479,0.00025422389328697253,0.00025422389328697253,0.0,0.00025422389328697253,300.28336747117464,300.2521070504731,7.947145856531209e-06
343,453,contact,0.0022052218077327278,-4.477819226727251e-05,4.477819226727251e-05,0.0001577237251710029,0.0001577237251710029,0.0,0.0001577237251710029,300.28336747117464,300.20920693523016,1.1696875989842412e-05
344,389,contact,0.0018206495953502421,-0.00017935040464975792,0.00017935040464975792,0.00029945818126222393,0.00029945818126222393,0.0,0.00029945818126222393,300.1888923274245,300.15264460864546,1.0854675940483654e-05
345,351,contact,0.001946048961999672,-5.3951038000328144e-05,5.3951038000328144e-05,0.00016424225704782575,0.00016424225704782575,0.0,0.00016424225704782575,300.1184539545727,300.1157151704021,4.4982409374903246e-07
345,372,contact,0.001989822096972489,-1.0177903027510943e-05,1.0177903027510943e-05,7.133688746893484e-05,7.133688746893484e-05,0.0,7.133688746893484e-05,300.1184539545727,300.0897960109839,2.04436849688714e-06
345,431,contact,0.0022111372291198747,-3.886277088012554e-05,3.886277088012554e-05,0.00014693681726080912,0.00014693681726080912,0.0,0.00014693681726080912,300.1184539545727,300.1602464913364,-6.140862337312551e-06
346,430,contact,0.0020882388914404697,-0.00016176110855953057,0.00016176110855953057,0.00029977872261565286,0.00029977872261565286,0.0,0.00029977872261565286,300.7742412384343,300.838939069691,-1.9395033210134898e-05
346,437,contact,0.002123295204093156,-0.0001267047959068444,0.0001267047959068444,0.0002653140653670291,0.0002653140653670291,0.0,0.0002653140653670291,300.7742412384343,300.77781018451,-9.468915924166136e-07
346,440,contact,0.002100079897628898,-0.00014992010237110205,0.00014992010237110205,0.00028859824282507915,0.00028859824282507915,0.0,0.00028859824282507915,300.7742412384343,300.7574629009018,4.842198729393309e-06
347,500,contact,0.002239493151809131,-1.0506848190869073e-05,1.0506848190869073e-05,7.640116415223102e-05,7.640116415223102e-05,0.0,7.640116415223102e-05,300.2276914314256,300.1836675286545,3.3634774222389612e-06
349,398,contact,0.0019646975692174614,-3.5302430782538623e-05,3.5302430782538623e-05,0.00013285787666250472,0.00013285787666250472,0.0,0.00013285787666250472,300.62070785202144,300.48338972613743,1.8243794632223793e-05
349,405,contact,0.002202455315338634,-4.754468466136629e-05,4.754468466136629e-05,0.00016252296361055887,0.00016252296361055887,0.0,0.00016252296361055887,300.62070785202144,300.60673111327753,2.2715410022702015e-06
349,465,contact,0.002217696562503667,-3.230343749633345e-05,3.230343749633345e-05,0.00013396400324202653,0.00013396400324202653,0.0,0.00013396400324202653,300.62070785202144,300.6433312088672,-3.0307154498322692e-06
350,430,contact,0.0022272291411583587,-2.277085884164155e-05,2.277085884164155e-05,0.00011247433989246305,0.00011247433989246305,0.0,0.00011247433989246305,300.9420294506201,300.838939069691,1.1595022544266648e-05
350,447,contact,0.0021674156451463125,-8.25843548536878e-05,8.25843548536878e-05,0.00021419663195516793,0.00021419663195516793,0.0,0.00021419663195516793,300.9420294506201,300.8888918144989,1.1381902687224816e-05
350,486,contact,0.0021834431400485337,-6.655685995146654e-05,6.655685995146654e-05,0.00019229153207141054,0.00019229153207141054,0.0,0.00019229153207141054,300.9420294506201,300.9269023055021,2.9088219106096724e-06
351,363,contact,0.0017629781563025678,-0.00023702184369743225,0.00023702184369743225,0.0003442541529868828,0.0003442541529868828,0.0,0.0003442541529868828,300.1157151704021,300.0747773665387,1.4093008994142898e-05
351,462,contact,0.002214027357554554,-3.5972642445446235e-05,3.5972642445446235e-05,0.00014136761071257179,0.00014136761071257179,0.0,0.00014136761071257179,300.1157151704021,300.13097624899694,-2.1574222178502677e-06
352,396,contact,0.0019739948718271788,-2.6005128172821267e-05,2.6005128172821267e-05,0.00011402878621826435,0.00011402878621826435,0.0,0.00011402878621826435,300.08982522903773,300.05063434032076,4.468889471211548e-06
353,466,contact,0.0021554986412660993,-9.450135873390096e-05,9.450135873390096e-05,0.00022913043196434472,0.00022913043196434472,0.0,0.00022913043196434472,300.19106029643325,300.1976790851338,-1.5165659140409492e-06
353,469,contact,0.0021619139737972934,-8.808602620270691e-05,8.808602620270691e-05,0.00022121636744085204,0.00022121636744085204,0.0,0.00022121636744085204,300.19106029643325,300.0958777478729,2.1055937636278886e-05
353,494,contact,0.002209396362584132,-4.0603637415868084e-05,4.0603637415868084e-05,0.00015019179851825777,0.00015019179851825777,0.0,0.00015019179851825777,300.19106029643325,300.17225525959356,2.824362304155791e-06
354,424,contact,0.002151773803191219,-9.822619680878138e-05,9.822619680878138e-05,0.0002336024600431508,0.0002336024600431508,0.0,0.0002336024600431508,300.47723982062416,300.5740725856174,-2.2620372115197295e-05
354,496,contact,0.002235454335968417,-1.4545664031583114e-05,1.4545664031583114e-05,8.989396232223062e-05,8.989396232223062e-05,0.0,8.989396232223062e-05,300.47723982062416,300.4397727121646,3.3680668361871663e-06
356,434,contact,0.0020719113188068642,-0.00017808868119313604,0.00017808868119313604,0.0003145443628781303,0.0003145443628781303,0.0,0.0003145443628781303,300.7459523991106,300.645948812743,3.1455564359531204e-05
356,479,contact,0.0021172041693941555,-0.00013279583060584474,0.00013279583060584474,0.00027161638655959534,0.00027161638655959534,0.0,0.00027161638655959534,300.7459523991106,300.71062946356835,9.594288114660722e-06
356,490,contact,0.002071096079857233,-0.00017890392014276732,0.00017890392014276732,0.00031526348780977134,0.00031526348780977134,0.0,0.00031526348780977134,300.7459523991106,300.8403069791053,-2.9746553979964257e-05
357,456,contact,0.002108828413029377,-0.0001411715869706234,0.0001411715869706234,0.00028005117287403764,0.00028005117287403764,0.0,0.00028005117287403764,300.4569160374002,300.5777459110981,-3.383854784730688e-05
358,408,contact,0.002114707291281704,-0.00013529270871829625,0.00013529270871829625,0.0002741580127492338,0.0002741580127492338,0.0,0.0002741580127492338,300.32201088384073,300.333774669537,-3.2251361088906737e-06
359,408,contact,0.002134784442841946,-0.00011521555715805418,0.00011521555715805418,0.00025299929419977767,0.00025299929419977767,0.0,0.00025299929419977767,300.4549001151345,300.333774669537,3.064465224580094e-05
359,439,contact,0.00223869707028441,-1.1302929715590465e-05,1.1302929715590465e-05,7.924269933281083e-05,7.924269933281083e-05,0.0,7.924269933281083e-05,300.4549001151345,300.4116183704988,3.429762276765649e-06
359,448,contact,0.002170935817637178,-7.906418236282211e-05,7.906418236282211e-05,0.00020958183546558465,0.00020958183546558465,0.0,0.00020958183546558465,300.4549001151345,300.54152085382356,-1.815413340384171e-05
359,468,contact,0.0022186626077211466,-3.13373922788537e-05,3.13373922788537e-05,0.00013194567964560624,0.00013194567964560624,0.0,0.00013194567964560624,300.4549001151345,300.38154098731525,9.679419978317295e-06
361,436,contact,0.0022209329007649007,-2.9067099235099546e-05,2.9067099235099546e-05,0.00012707630960940043,0.00012707630960940043,0.0,0.00012707630960940043,300.6060015267486,300.6115076706636,-6.997004488963906e-07
361,445,contact,0.002197701357031933,-5.2298642968067344e-05,5.2298642968067344e-05,0.0001704546908973945,0.0001704546908973945,0.0,0.0001704546908973945,300.6060015267486,300.51980243914403,1.469303883327917e-05
362,478,contact,0.0021793424876783364,-7.065751232166384e-05,7.065751232166384e-05,0.00019812666027578285,0.00019812666027578285,0.0,0.00019812666027578285,300.7384349139437,300.8247909022432,-1.710942355659209e-05
363,462,contact,0.002219280037219278,-3.071996278072213e-05,3.071996278072213e-05,0.00013063937380931553,0.00013063937380931553,0.0,0.00013063937380931553,300.0747773665387,300.13097624899694,-7.341786813130586e-06
363,467,contact,0.0020378824387338934,-0.0002121175612661069,0.0002121175612661069,0.0003432828128413679,0.0003432828128413679,0.0,0.0003432828128413679,300.0747773665387,300.14186889170776,-2.3031367477857768e-05
364,392,contact,0.0019931271544387226,-6.872845561277461e-06,6.872845561277461e-06,5.862100972039573e-05,5.862100972039573e-05,0.0,5.862100972039573e-05,300.94939037050847,300.852113449134,5.702471353463965e-06
365,416,contact,0.0022187618665378242,-3.1238133462176045e-05,3.1238133462176045e-05,0.000131736549940014,0.000131736549940014,0.0,0.000131736549940014,300.5300371500796,300.5631387984581,-4.360696954715442e-06
365,421,contact,0.002131963792703807,-0.00011803620729619341,0.00011803620729619341,0.0002560774701532867,0.0002560774701532867,0.0,0.0002560774701532867,300.5300371500796,300.638270103196,-2.7716020821277723e-05
365,435,contact,0.002159123786284612,-9.087621371538842e-05,9.087621371538842e-05,0.00022469264651393914,0.00022469264651393914,0.0,0.00022469264651393914,300.5300371500796,300.43913985556554,2.0423953665315772e-05
366,452,contact,0.002176379794291428,-7.362020570857207e-05,7.362020570857207e-05,0.00020223776670676535,0.00020223776670676535,0.0,0.00020223776670676535,300.7915112660319,300.66194498422,2.6203195474136003e-05
367,411,contact,0.0021501149917465857,-9.988500825341452e-05,9.988500825341452e-05,0.00023556670234117758,0.00023556670234117758,0.0,0.00023556670234117758,300.2062875221344,300.1811590284355,5.919436395451147e-06
367,467,contact,0.002144140312129783,-0.0001058596878702172,0.0001058596878702172,0.0002425096651799186,0.0002425096651799186,0.0,0.0002425096651799186,300.2062875221344,300.14186889170776,1.5622140496114373e-05
368,426,contact,0.0022226959245699803,-2.730407543002e-05,2.730407543002e-05,0.0001231622133385705,0.0001231622133385705,0.0,0.0001231622133385705,300.68005343565034,300.69153428661286,-1.4140070155551705e-06
368,452,contact,0.0021618813615460033,-8.811863845399701e-05,8.811863845399701e-05,0.00022125731432228281,0.00022125731432228281,0.0,0.00022125731432228281,300.68005343565034,300.66194498422,4.00662733001489e-06
370,419,contact,0.0021995776187713864,-5.0422381228613835e-05,5.0422381228613835e-05,0.00016736915491181932,0.00016736915491181932,0.0,0.00016736915491181932,300.1640745246972,300.2521070504731,-1.4733929443870285e-05
370,420,contact,0.00218971907061157,-6.028092938843016e-05,6.028092938843016e-05,0.0001830011071436305,0.0001830011071436305,0.0,0.0001830011071436305,300.1640745246972,300.2805821461811,-2.132102372222299e-05
371,388,contact,0.0019145029152236887,-8.549708477631132e-05,8.549708477631132e-05,0.00020675720637539012,0.00020675720637539012,0.0,0.00020675720637539012,300.4266083683809,300.44370872237295,-3.53562141942045e-06
371,399,contact,0.0019091886319586137,-9.081136804138632e-05,9.081136804138632e-05,0.0002130860953246203,0.0002130860953246203,0.0,0.0002130860953246203,300.4266083683809,300.54841157673377,-2.5954570065918745e-05
371,454,contact,0.0021710717670810112,-7.892823291898903e-05,7.892823291898903e-05,0.00020940157183824395,0.00020940157183824395,0.0,0.00020940157183824395,300.4266083683809,300.408652997065,3.7598829764901672e-06
371,455,contact,0.0021533007134773557,-9.669928652264459e-05,9.669928652264459e-05,0.00023177969247954763,0.00023177969247954763,0.0,0.00023177969247954763,300.4266083683809,300.4739231258442,-1.0966599934577594e-05
372,385,contact,0.001947870838146102,-5.212916185389806e-05,5.212916185389806e-05,0.000161445287719862,0.000161445287719862,0.0,0.000161445287719862,300.0897960109839,300.18544304634355,-1.544176314319236e-05
373,477,contact,0.002236834527474037,-1.3165472525963114e-05,1.3165472525963114e-05,8.552281218080262e-05,8.552281218080262e-05,0.0,8.552281218080262e-05,300.3950097388592,300.32887551666977,5.655984663029131e-06
373,480,contact,0.0021231525104193523,-0.00012684748958064797,0.00012684748958064797,0.0002654634203516643,0.0002654634203516643,0.0,0.0002654634203516643,300.3950097388592,300.3360153333231,1.5660856675229337e-05
373,497,contact,0.0022180284287853487,-3.197157121465153e-05,3.197157121465153e-05,0.0001332740935371152,0.0001332740935371152,0.0,0.0001332740935371152,300.3950097388592,300.5002851303603,-1.4030482374073403e-05
374,413,contact,0.002215564543324343,-3.443545667565712e-05,3.443545667565712e-05,0.000138314168703911,0.000138314168703911,0.0,0.000138314168703911,300.7718766925055,300.7176589212665,7.499085957900511e-06
375,458,contact,0.002222770275986642,-2.722972401335809e-05,2.722972401335809e-05,0.0001229944082138111,0.0001229944082138111,0.0,0.0001229944082138111,300.23192479079665,300.19134767134994,4.990758793369134e-06
376,480,contact,0.002229697151857175,-2.0302848142825323e-05,2.0302848142825323e-05,0.00010620433173532708,0.00010620433173532708,0.0,0.00010620433173532708,300.2659102682379,300.3360153333231,-7.445461588630864e-06
377,433,contact,0.0021682808907980524,-8.17191092019479e-05,8.17191092019479e-05,0.00021307159621168016,0.00021307159621168016,0.0,0.00021307159621168016,300.37798834517855,300.3129155679417,1.3865160515788726e-05
377,445,contact,0.0020472420406244113,-0.00020275795937558898,0.00020275795937558898,0.0003356237637060524,0.0003356237637060524,0.0,0.0003356237637060524,300.37798834517855,300.51980243914403,-4.7596179963257854e-05
378,385,contact,0.001879466096235843,-0.00012053390376415697,0.00012053390376415697,0.0002454932827636603,0.0002454932827636603,0.0,0.0002454932827636603,300.28594963844057,300.18544304634355,2.4673693233285503e-05
378,386,contact,0.0019013030485695854,-9.86969514304146e-05,9.86969514304146e-05,0.00022214516811132153,0.00022214516811132153,0.0,0.00022214516811132153,300.28594963844057,300.311679710075,-5.7158110887462495e-06
378,438,contact,0.0020991968118782953,-0.00015080318812170498,0.00015080318812170498,0.0002894469708884561,0.0002894469708884561,0.0,0.0002894469708884561,300.28594963844057,300.38234108598533,-2.790021251138456e-05
378,446,contact,0.0021443656713925887,-0.00010563432860741153,0.00010563432860741153,0.0002422513944546628,0.0002422513944546628,0.0,0.0002422513944546628,300.28594963844057,300.2743725722637,2.8045604250404917e-06
378,491,contact,0.0021492193142860047,-0.00010078068571399553,0.00010078068571399553,0.00023662051863925206,0.00023662051863925206,0.0,0.00023662051863925206,300.28594963844057,300.2878429236046,-4.479901174481638e-07
379,424,contact,0.0021673425138403943,-8.265748615960593e-05,8.265748615960593e-05,0.0002142914502359474,0.0002142914502359474,0.0,0.0002142914502359474,300.69384344048365,300.5740725856174,2.5665870185290113e-05
379,478,contact,0.002217066656214918,-3.293334378508218e-05,3.293334378508218e-05,0.0001352638240728963,0.0001352638240728963,0.0,0.0001352638240728963,300.69384344048365,300.8247909022432,-1.7712454430235675e-05
380,452,contact,0.0021551578829867653,-9.484211701323497e-05,9.484211701323497e-05,0.0002295431658911952,0.0002295431658911952,0.0,0.0002295431658911952,300.677521633426,300.66194498422,3.575513372727595e-06
380,487,contact,0.0022027454612369543,-4.725453876304594e-05,4.725453876304594e-05,0.00016202629889936238,0.00016202629889936238,0.0,0.00016202629889936238,300.677521633426,300.6050182025314,1.1747462565355312e-05
381,396,contact,0.0019672017007414363,-3.279829925856379e-05,3.279829925856379e-05,0.00012805916456576583,0.00012805916456576583,0.0,0.00012805916456576583,300.07305584809603,300.05063434032076,2.871279554006847e-06
381,401,contact,0.0021803691951135253,-6.963080488647496e-05,6.963080488647496e-05,0.00019668192721367686,0.00019668192721367686,0.0,0.00019668192721367686,300.07305584809603,300.1430286325438,-1.376238209769473e-05
382,493,contact,0.0022440918839735603,-5.908116026439973e-06,5.908116026439973e-06,5.729124436906167e-05,5.729124436906167e-05,0.0,5.729124436906167e-05,300.21660555646844,300.3392287629844,-7.0252360898250415e-06
383,429,contact,0.002151823733533672,-9.817626646632834e-05,9.817626646632834e-05,0.00023354308009245595,0.00023354308009245595,0.0,0.00023354308009245595,300.9276213916487,300.82528855403524,2.389912609084858e-05
383,483,contact,0.002185291388772903,-6.470861122709727e-05,6.470861122709727e-05,0.00018960281764651728,0.00018960281764651728,0.0,0.00018960281764651728,300.9276213916487,300.92106675323924,1.2427779110866754e-06
385,431,contact,0.0020941109501633587,-0.00015588904983664153,0.00015588904983664153,0.00029428732165525425,0.00029428732165525425,0.0,0.00029428732165525425,300.18544304634355,300.1602464913364,7.415026687991045e-06
385,491,contact,0.0021828261726486607,-6.717382735133958e-05,6.717382735133958e-05,0.00019318072619432415,0.00019318072619432415,0.0,0.00019318072619432415,300.18544304634355,300.2878429236046,-1.978168265150199e-05
386,435,contact,0.002160778597033949,-8.922140296605116e-05,8.922140296605116e-05,0.0002226374768367865,0.0002226374768367865,0.0,0.0002226374768367865,300.311679710075,300.43913985556554,-2.8377405189264668e-05
386,446,contact,0.002172095442947792,-7.790455705220835e-05,7.790455705220835e-05,0.00020803920177084193,0.00020803920177084193,0.0,0.00020803920177084193,300.311679710075,300.2743725722637,7.76134717061698e-06
386,498,contact,0.0021943472085696253,-5.5652791430375013e-05,5.5652791430375013e-05,0.00017583576843554743,0.00017583576843554743,0.0,0.00017583576843554743,300.311679710075,300.2448948842759,1.1743161164222112e-05
387,416,contact,0.0020798996730178017,-0.00017010032698219855,0.00017010032698219855,0.0003074088184434158,0.0003074088184434158,0.0,0.0003074088184434158,300.5245577245505,300.5631387984581,-1.1860162344215809e-05
387,484,contact,0.002092947582525659,-0.0001570524174743411,0.0001570524174743411,0.00029538338315027233,0.00029538338315027233,0.0,0.00029538338315027233,300.5245577245505,300.62332363685897,-2.9173809317597643e-05
388,428,contact,0.002227344796820523,-2.265520317947748e-05,2.265520317947748e-05,0.00011218834158948335,0.00011218834158948335,0.0,0.00011218834158948335,300.44370872237295,300.57350191394846,-1.456128291246321e-05
389,407,contact,0.002132452624062021,-0.00011754737593797906,0.00011754737593797906,0.0002555466645122211,0.0002555466645122211,0.0,0.0002555466645122211,300.15264460864546,300.26443135202214,-2.8566729406595034e-05
389,425,contact,0.002197071856311372,-5.29281436886281e-05,5.29281436886281e-05,0.00017147747453079678,0.00017147747453079678,0.0,0.00017147747453079678,300.15264460864546,300.2269768002313,-1.2746296489476545e-05
390,453,contact,0.002210560379654896,-3.943962034510433e-05,3.943962034510433e-05,0.00014802330962292604,0.00014802330962292604,0.0,0.00014802330962292604,300.2282699498431,300.20920693523016,2.821770514395382e-06
390,459,contact,0.002192368697482245,-5.7631302517755466e-05,5.7631302517755466e-05,0.0001789340389295506,0.0001789340389295506,0.0,0.0001789340389295506,300.2282699498431,300.0794181790498,2.6634648549855783e-05
390,477,contact,0.0021789949313387584,-7.100506866124191e-05,7.100506866124191e-05,0.0001986133438804065,0.0001986133438804065,0.0,0.0001986133438804065,300.2282699498431,300.32887551666977,-1.9981608040431953e-05
390,494,contact,0.0022194685504868055,-3.053144951319477e-05,3.053144951319477e-05,0.00013023792226620983,0.00013023792226620983,0.0,0.00013023792226620983,300.2282699498431,300.17225525959356,7.295236874483617e-06
391,464,contact,0.0022078779478268266,-4.2122052173173673e-05,4.2122052173173673e-05,0.0001529743118834257,0.0001529743118834257,0.0,0.0001529743118834257,300.75592815863047,300.7841184154324,-4.312385136088683e-06
392,418,contact,0.002132857061502247,-0.00011714293849775324,0.00011714293849775324,0.0002551066645082593,0.0002551066645082593,0.0,0.0002551066645082593,300.852113449134,300.935143167177,-2.1181434425012994e-05
392,490,contact,0.002112613607548716,-0.00013738639245128434,0.00013738639245128434,0.0002762711957190739,0.0002762711957190739,0.0,0.0002762711957190739,300.852113449134,300.8403069791053,3.2617875920391775e-06
393,437,contact,0.0021648322105188656,-8.516778948113469e-05,8.516778948113469e-05,0.00021752112219421447,0.00021752112219421447,0.0,0.00021752112219421447,300.7426123762127,300.77781018451,-7.656266759595752e-06
393,484,contact,0.0020578327131474993,-0.00019216728685250099,0.00019216728685250099,0.00032674088175027165,0.00032674088175027165,0.0,0.00032674088175027165,300.7426123762127,300.62332363685897,3.8976507879322264e-05
394,417,contact,0.0022156269301486656,-3.4373069851334655e-05,3.4373069851334655e-05,0.00013818881979888294,0.00013818881979888294,0.0,0.00013818881979888294,300.35296324218956,300.2481458189582,1.4484596010698693e-05
394,435,contact,0.002176876897070664,-7.312310292933609e-05,7.312310292933609e-05,0.00020155382921654798,0.00020155382921654798,0.0,0.00020155382921654798,300.35296324218956,300.43913985556554,-1.7369226414843345e-05
394,475,contact,0.0021840343636490697,-6.596563635093058e-05,6.596563635093058e-05,0.00019143556553189638,0.00019143556553189638,0.0,0.00019143556553189638,300.35296324218956,300.3360639652124,3.2351226451993556e-06
396,401,contact,0.0022457390389802644,-4.260961019735866e-06,4.260961019735866e-06,4.8653885420590264e-05,4.8653885420590264e-05,0.0,4.8653885420590264e-05,300.05063434032076,300.1430286325438,-4.495341307336715e-06
397,404,contact,0.0021627101560398017,-8.728984396019854e-05,8.728984396019854e-05,0.00022021434502698923,0.00022021434502698923,0.0,0.00022021434502698923,300.38855985451494,300.3951358342474,-1.4481250696976233e-06
397,408,contact,0.002177882915775088,-7.211708422491222e-05,7.211708422491222e-05,0.0002001625509220391,0.0002001625509220391,0.0,0.0002001625509220391,300.38855985451494,300.333774669537,1.0965942377924056e-05
397,496,contact,0.002187828805145641,-6.21711948543594e-05,6.21711948543594e-05,0.00018584819799198035,0.00018584819799198035,0.0,0.00018584819799198035,300.38855985451494,300.4397727121646,-9.517817308208993e-06
398,439,contact,0.002199631741197377,-5.036825880262328e-05,5.036825880262328e-05,0.00016727930535920268,0.00016727930535920268,0.0,0.00016727930535920268,300.48338972613743,300.4116183704988,1.2005862515920944e-05
398,455,contact,0.002219978942897297,-3.0021057102703076e-05,3.0021057102703076e-05,0.0001291447445971274,0.0001291447445971274,0.0,0.0001291447445971274,300.48338972613743,300.4739231258442,1.222561677075031e-06
399,405,contact,0.0022011248088846264,-4.8875191115373834e-05,4.8875191115373834e-05,0.0001647813216143913,0.0001647813216143913,0.0,0.0001647813216143913,300.54841157673377,300.60673111327753,-9.609970307620092e-06
399,428,contact,0.00217160583936986,-7.839416063014013e-05,7.839416063014013e-05,0.00020869190559575846,0.00020869190559575846,0.0,0.00020869190559575846,300.54841157673377,300.57350191394846,-5.236150285374295e-06
399,455,contact,0.0022194193439698676,-3.0580656030132665e-05,3.0580656030132665e-05,0.00013034283006776285,0.00013034283006776285,0.0,0.00013034283006776285,300.54841157673377,300.4739231258442,9.70903549631264e-06
399,482,contact,0.0021910117868236124,-5.8988213176387836e-05,5.8988213176387836e-05,0.00018102825619896383,0.00018102825619896383,0.0,0.00018102825619896383,300.54841157673377,300.66340735367123,-2.0817484969233826e-05
400,459,contact,0.0022137182730645744,-3.6281726935425904e-05,3.6281726935425904e-05,0.00014197364179355793,0.00014197364179355793,0.0,0.00014197364179355793,300.0570142631293,300.0794181790498,-3.1807655336709483e-06
401,462,contact,0.002456754949712208,-4.3245050287792075e-05,4.3245050287792075e-05,0.00016440242221412083,0.00016440242221412083,0.0,0.00016440242221412083,300.1430286325438,300.13097624899694,1.9814410485572185e-06
402,471,contact,0.00237290093971493,-0.00012709906028507021,0.00012709906028507021,0.0002818455475578227,0.0002818455475578227,0.0,0.0002818455475578227,300.9204402777988,300.8222863939505,2.766423513814636e-05
403,435,contact,0.0024158561965481307,-8.414380345186934e-05,8.414380345186934e-05,0.00022932482891614318,0.00022932482891614318,0.0,0.00022932482891614318,300.51516343959287,300.43913985556554,1.7434095400658418e-05
403,438,contact,0.002336345091911723,-0.00016365490808827694,0.00016365490808827694,0.0003198191951011901,0.0003198191951011901,0.0,0.0003198191951011901,300.51516343959287,300.38234108598533,4.2479138222208145e-05
403,476,contact,0.002428447048321211,-7.155295167878906e-05,7.155295167878906e-05,0.0002114724445388646,0.0002114724445388646,0.0,0.0002114724445388646,300.51516343959287,300.6307363579072,-2.4440487558424447e-05
404,480,contact,0.0024126944843887717,-8.730551561122839e-05,8.730551561122839e-05,0.0002335935514028967,0.0002335935514028967,0.0,0.0002335935514028967,300.3951358342474,300.3360153333231,1.3810167771634055e-05
404,497,contact,0.00239663961083013,-0.0001033603891698702,0.0001033603891698702,0.00025416577903244347,0.00025416577903244347,0.0,0.00025416577903244347,300.3951358342474,300.5002851303603,-2.6725352761240726e-05
405,413,contact,0.002380714011900842,-0.00011928598809915784,0.00011928598809915784,0.00027304531228712506,0.00027304531228712506,0.0,0.00027304531228712506,300.60673111327753,300.7176589212665,-3.0288317973671213e-05
405,455,contact,0.002371925737222817,-0.00012807426277718298,0.00012807426277718298,0.00028292475012932215,0.00028292475012932215,0.0,0.00028292475012932215,300.60673111327753,300.4739231258442,3.757466665975942e-05
405,482,contact,0.0024390695972664983,-6.093040273350177e-05,6.093040273350177e-05,0.00019514482239720992,0.00019514482239720992,0.0,0.00019514482239720992,300.60673111327753,300.66340735367123,-1.1060074865769989e-05
407,408,contact,0.0023634429903215347,-0.00013655700967846532,0.00013655700967846532,0.00029214402449655,0.00029214402449655,0.0,0.00029214402449655,300.26443135202214,300.333774669537,-2.02582358507262e-05
408,439,contact,0.0024229072225943776,-7.709277740562247e-05,7.709277740562247e-05,0.00021950623198103977,0.00021950623198103977,0.0,0.00021950623198103977,300.333774669537,300.4116183704988,-1.7087177481585178e-05
408,468,contact,0.0024427042322188747,-5.729576778112531e-05,5.729576778112531e-05,0.00018923491977751707,0.00018923491977751707,0.0,0.00018923491977751707,300.333774669537,300.38154098731525,-9.039055312838082e-06
409,423,contact,0.0024612102104452607,-3.878978955473931e-05,3.878978955473931e-05,0.00015570362382331398,0.00015570362382331398,0.0,0.00015570362382331398,300.1417637542581,300.2742156843673,-2.062324550039447e-05
409,458,contact,0.0024180325908473616,-8.196740915263848e-05,8.196740915263848e-05,0.00022633963576978525,0.00022633963576978525,0.0,0.00022633963576978525,300.1417637542581,300.19134767134994,-1.1222805734612114e-05
409,500,contact,0.002400751634384533,-9.924836561546685e-05,9.924836561546685e-05,0.0002490586848709894,0.0002490586848709894,0.0,0.0002490586848709894,300.1417637542581,300.1836675286545,-1.0436498942302202e-05
410,481,contact,0.0023822043804845963,-0.00011779561951540379,0.00011779561951540379,0.00027133422599651407,0.00027133422599651407,0.0,0.00027133422599651407,300.3640945522259,300.47253130992067,-2.9422603718687323e-05
410,489,contact,0.0024146118758094446,-8.538812419055545e-05,8.538812419055545e-05,0.0002310142368320558,0.0002310142368320558,0.0,0.0002310142368320558,300.3640945522259,300.3950485012874,-7.150802919390154e-06
411,461,contact,0.002451915948708332,-4.808405129166785e-05,4.808405129166785e-05,0.00017335666141597329,0.00017335666141597329,0.0,0.00017335666141597329,300.1811590284355,300.25778126165585,-1.3282974541315667e-05
412,434,contact,0.0024626407492161742,-3.735925078382583e-05,3.735925078382583e-05,0.0001528055356977984,0.0001528055356977984,0.0,0.0001528055356977984,300.82576013149344,300.645948812743,2.747616488619267e-05
412,441,contact,0.0024452623256820526,-5.4737674317947415e-05,5.4737674317947415e-05,0.0001849622838546203,0.0001849622838546203,0.0,0.0001849622838546203,300.82576013149344,300.8341436513146,-1.5506349728633263e-06
412,478,contact,0.002436468004673979,-6.353199532602117e-05,6.353199532602117e-05,0.000199267400943464,0.000199267400943464,0.0,0.000199267400943464,300.82576013149344,300.8247909022432,1.9313579361470487e-07
413,429,contact,0.002382729657016098,-0.00011727034298390218,0.00011727034298390218,0.00027072858062077387,0.00027072858062077387,0.0,0.00027072858062077387,300.7176589212665,300.82528855403524,-2.913841771221847e-05
413,465,contact,0.0023974044104362957,-0.00010259558956370431,0.00010259558956370431,0.0002532237024397898,0.0002532237024397898,0.0,0.0002532237024397898,300.7176589212665,300.6433312088672,1.8821538527625845e-05
414,457,contact,0.002430975513060549,-6.9024486939451e-05,6.9024486939451e-05,0.00020770244181799325,0.00020770244181799325,0.0,0.00020770244181799325,300.74990619217317,300.73823574868993,2.4239796085678303e-06
414,484,contact,0.002400758561746683,-9.924143825331723e-05,9.924143825331723e-05,0.00024904999278924555,0.00024904999278924555,0.0,0.00024904999278924555,300.74990619217317,300.62332363685897,3.152538448824599e-05
417,420,contact,0.002427164809608116,-7.283519039188394e-05,7.283519039188394e-05,0.00021335883856762875,0.00021335883856762875,0.0,0.00021335883856762875,300.2481458189582,300.2805821461811,-6.9205771036676525e-06
418,474,contact,0.002467521780268616,-3.247821973138398e-05,3.247821973138398e-05,0.0001424741637354471,0.0001424741637354471,0.0,0.0001424741637354471,300.935143167177,300.93582267197706,-9.681187814496368e-08
419,420,contact,0.002400946601821873,-9.905339817812718e-05,9.905339817812718e-05,0.00024881393421858326,0.00024881393421858326,0.0,0.00024881393421858326,300.2521070504731,300.2805821461811,-7.0850005903484505e-06
419,443,contact,0.0023466753159523367,-0.00015332468404766339,0.00015332468404766339,0.00030956086239993197,0.00030956086239993197,0.0,0.00030956086239993197,300.2521070504731,300.2715910648112,-6.0314882815162114e-06
421,476,contact,0.0024649400813001525,-3.505991869984758e-05,3.505991869984758e-05,0.0001480285417999,0.0001480285417999,0.0,0.0001480285417999,300.638270103196,300.6307363579072,1.115209329394511e-06
422,442,contact,0.002403869411974161,-9.613058802583922e-05,9.613058802583922e-05,0.0002451155187175009,0.0002451155187175009,0.0,0.0002451155187175009,300.46485688427924,300.35976386383913,2.575993021876609e-05
422,451,contact,0.0023741453403909366,-0.00012585465960906345,0.00012585465960906345,0.000280462407918895,0.000280462407918895,0.0,0.000280462407918895,300.46485688427924,300.5046074823581,-1.1148548453411517e-05
423,433,contact,0.0023235885651293775,-0.0001764114348706226,0.0001764114348706226,0.0003320499161182534,0.0003320499161182534,0.0,0.0003320499161182534,300.2742156843673,300.3129155679417,-1.2850293094664115e-05
424,485,contact,0.0023533323093010046,-0.00014666769069899546,0.00014666769069899546,0.00030276609236648707,0.00030276609236648707,0.0,0.00030276609236648707,300.5740725856174,300.5732978229296,2.3457187149571256e-07
426,463,contact,0.0023955900026089603,-0.00010440999739103974,0.00010440999739103974,0.0002554530257589443,0.0002554530257589443,0.0,0.0002554530257589443,300.69153428661286,300.71188828590726,-5.1994907060499435e-06
427,432,contact,0.002332279666420817,-0.00016772033357918305,0.00016772033357918305,0.0003237672134219112,0.0003237672134219112,0.0,0.0003237672134219112,300.77699636635174,300.687368764447,2.9018478914385314e-05
427,450,contact,0.002383341262786342,-0.00011665873721365813,0.00011665873721365813,0.00027002168571901093,0.00027002168571901093,0.0,0.00027002168571901093,300.77699636635174,300.72370536012625,1.4389727334669862e-05
427,482,contact,0.002406986991988117,-9.301300801188312e-05,9.301300801188312e-05,0.0002411081292852378,0.0002411081292852378,0.0,0.0002411081292852378,300.77699636635174,300.66340735367123,2.73872343547541e-05
428,450,contact,0.0024363930938168794,-6.360690618312063e-05,6.360690618312063e-05,0.00019938484487154584,0.00019938484487154584,0.0,0.00019938484487154584,300.57350191394846,300.72370536012625,-2.994829081532903e-05
428,473,contact,0.002407407306763688,-9.259269323631195e-05,9.259269323631195e-05,0.00024056274290233507,0.00024056274290233507,0.0,0.00024056274290233507,300.57350191394846,300.53036435753125,1.0377288893827586e-05
429,464,contact,0.0023551155567793397,-0.00014488444322066033,0.00014488444322066033,0.0003009198847083933,0.0003009198847083933,0.0,0.0003009198847083933,300.82528855403524,300.7841184154324,1.238891336180281e-05
429,472,contact,0.002314740273551819,-0.00018525972644818124,0.00018525972644818124,0.00034027537235320645,0.00034027537235320645,0.0,0.00034027537235320645,300.82528855403524,300.9341421260087,-3.704018973523917e-05
430,447,contact,0.002339158909095318,-0.0001608410909046819,0.0001608410909046819,0.00031705785247400223,0.00031705785247400223,0.0,0.00031705785247400223,300.838939069691,300.8888918144989,-1.5837909993978023e-05
430,474,contact,0.002465551828708222,-3.444817129177793e-05,3.444817129177793e-05,0.000146731411283887,0.000146731411283887,0.0,0.000146731411283887,300.838939069691,300.93582267197706,-1.4215867693703951e-05
431,446,contact,0.0023905097752312163,-0.00010949022476878373,0.00010949022476878373,0.00026159394197972134,0.00026159394197972134,0.0,0.00026159394197972134,300.1602464913364,300.2743725722637,-2.9854691392467047e-05
431,466,contact,0.0023461442725680793,-0.00015385572743192074,0.00015385572743192074,0.0003100964844124333,0.0003100964844124333,0.0,0.0003100964844124333,300.1602464913364,300.1976790851338,-1.1607715739013926e-05
431,498,contact,0.002354038456886379,-0.00014596154311362092,0.00014596154311362092,0.00030203636278768335,0.00030203636278768335,0.0,0.00030203636278768335,300.1602464913364,300.2448948842759,-2.5566892719260374e-05
432,436,contact,0.0023916903554599203,-0.00010830964454007974,0.00010830964454007974,0.0002601797990574015,0.0002601797990574015,0.0,0.0002601797990574015,300.687368764447,300.6115076706636,1.9737524136832858e-05
432,450,contact,0.0024934024108635177,-6.597589136482333e-06,6.597589136482333e-06,6.421443148001435e-05,6.421443148001435e-05,0.0,6.421443148001435e-05,300.687368764447,300.72370536012625,-2.333333833461861e-06
432,460,contact,0.0024768229802309256,-2.317701976907449e-05,2.317701976907449e-05,0.00012035629337791838,0.00012035629337791838,0.0,0.00012035629337791838,300.687368764447,300.7087236863656,-2.5701992474976415e-06
433,438,contact,0.0023319620235544153,-0.00016803797644558477,0.00016803797644558477,0.0003240736571807256,0.0003240736571807256,0.0,0.0003240736571807256,300.3129155679417,300.38234108598533,-2.249898153407486e-05
433,500,contact,0.00240807657062644,-9.192342937355998e-05,9.192342937355998e-05,0.00023969176739820452,0.00023969176739820452,0.0,0.00023969176739820452,300.3129155679417,300.1836675286545,3.0979690969495944e-05
434,448,contact,0.002436037791742977,-6.396220825702304e-05,6.396220825702304e-05,0.00019994094168188616,0.00019994094168188616,0.0,0.00019994094168188616,300.645948812743,300.54152085382356,2.0879424444265387e-05
436,445,contact,0.0024185054610233975,-8.14945389766026e-05,8.14945389766026e-05,0.0002256858144863709,0.0002256858144863709,0.0,0.0002256858144863709,300.6115076706636,300.51980243914403,2.0696569868161557e-05
439,455,contact,0.0024018493024010024,-9.815069759899764e-05,9.815069759899764e-05,0.0002476775847737811,0.0002476775847737811,0.0,0.0002476775847737811,300.4116183704988,300.4739231258442,-1.5431491323868606e-05
439,461,contact,0.0024316860323290103,-6.831396767098975e-05,6.831396767098975e-05,0.00020663066034441402,0.00020663066034441402,0.0,0.00020663066034441402,300.4116183704988,300.25778126165585,3.1787463385691315e-05
441,457,contact,0.0024356547925557925,-6.434520744420759e-05,6.434520744420759e-05,0.00020053866124174097,0.00020053866124174097,0.0,0.00020053866124174097,300.8341436513146,300.73823574868993,1.9233242394855395e-05
442,498,contact,0.0024259974988051812,-7.400250119481882e-05,7.400250119481882e-05,0.0002150617661202515,0.0002150617661202515,0.0,0.0002150617661202515,300.35976386383913,300.2448948842759,2.470392561730468e-05
443,489,contact,0.0024855859852151506,-1.441401478484948e-05,1.441401478484948e-05,9.491448382902856e-05,9.491448382902856e-05,0.0,9.491448382902856e-05,300.2715910648112,300.3950485012874,-1.171789885799371e-05
445,481,contact,0.002495470624731937,-4.52937526806323e-06,4.52937526806323e-06,5.3205822449610894e-05,5.3205822449610894e-05,0.0,5.3205822449610894e-05,300.51980243914403,300.47253130992067,2.515099308450768e-06
445,487,contact,0.0023476090510985864,-0.00015239094890141369,0.00015239094890141369,0.0003086168223920782,0.0003086168223920782,0.0,0.0003086168223920782,300.51980243914403,300.6050182025314,-2.6299018114333286e-05
446,491,contact,0.002374596679085593,-0.0001254033209144071,0.0001254033209144071,0.0002799590605276143,0.0002799590605276143,0.0,0.0002799590605276143,300.2743725722637,300.2878429236046,-3.7711469063790518e-06
448,492,contact,0.002458917181190061,-4.108281880993913e-05,4.108281880993913e-05,0.00016023970093647817,0.00016023970093647817,0.0,0.00016023970093647817,300.54152085382356,300.583915836861,-6.793359403130959e-06
448,496,contact,0.0023772309679961686,-0.00012276903200383145,0.00012276903200383145,0.00027700296930248717,0.00027700296930248717,0.0,0.00027700296930248717,300.54152085382356,300.4397727121646,2.8184537360541724e-05
449,472,contact,0.002370843815674917,-0.00012915618432508304,0.00012915618432508304,0.0002841172560813174,0.0002841172560813174,0.0,0.0002841172560813174,300.9181410895592,300.9341421260087,-4.5461705704877025e-06
450,464,contact,0.0024432847129044477,-5.6715287095552343e-05,5.6715287095552343e-05,0.00018827388144594093,0.00018827388144594093,0.0,0.00018827388144594093,300.72370536012625,300.7841184154324,-1.1374200412493048e-05
451,497,contact,0.002386157510936778,-0.00011384248906322206,0.00011384248906322206,0.00026674248942475175,0.00026674248942475175,0.0,0.00026674248942475175,300.5046074823581,300.5002851303603,1.1529549320669999e-06
452,456,contact,0.0023716943205438603,-0.0001283056794561398,0.0001283056794561398,0.00028318024235473666,0.00028318024235473666,0.0,0.00028318024235473666,300.66194498422,300.5777459110981,2.3843513932706225e-05
454,455,contact,0.0023823881238263845,-0.00011761187617361554,0.00011761187617361554,0.0002711225232408951,0.0002711225232408951,0.0,0.0002711225232408951,300.408652997065,300.4739231258442,-1.769620200686443e-05
454,489,contact,0.0023859674687861402,-0.00011403253121385981,0.00011403253121385981,0.0002669650389258159,0.0002669650389258159,0.0,0.0002669650389258159,300.408652997065,300.3950485012874,3.631924744832913e-06
456,485,contact,0.002416931999788161,-8.306800021183917e-05,8.306800021183917e-05,0.00022785412028839742,0.00022785412028839742,0.0,0.00022785412028839742,300.5777459110981,300.5732978229296,1.0135152165959777e-06
457,465,contact,0.002378139327289299,-0.00012186067271070106,0.00012186067271070106,0.0002759763041353155,0.0002759763041353155,0.0,0.0002759763041353155,300.73823574868993,300.6433312088672,2.619140414593749e-05
458,500,contact,0.0024729018048438574,-2.7098195156142688e-05,2.7098195156142688e-05,0.00013013981701458314,0.00013013981701458314,0.0,0.00013013981701458314,300.19134767134994,300.1836675286545,9.9949236503161e-07
459,494,contact,0.002407859594432367,-9.214040556763297e-05,9.214040556763297e-05,0.0002399744850599134,0.0002399744850599134,0.0,0.0002399744850599134,300.0794181790498,300.17225525959356,-2.2278530597950982e-05
460,476,contact,0.0024659060486969075,-3.409395130309252e-05,3.409395130309252e-05,0.00014597506487216516,0.00014597506487216516,0.0,0.00014597506487216516,300.7087236863656,300.6307363579072,1.1384205330920537e-05
462,498,contact,0.0024702215217068707,-2.977847829312933e-05,2.977847829312933e-05,0.00013642415084289816,0.00013642415084289816,0.0,0.00013642415084289816,300.13097624899694,300.2448948842759,-1.5541253083110556e-05
463,492,contact,0.0023890052519825065,-0.00011099474801749354,0.00011099474801749354,0.0002633851125461222,0.0002633851125461222,0.0,0.0002633851125461222,300.71188828590726,300.583915836861,3.37060378948468e-05
463,499,contact,0.0023931951903052116,-0.00010680480969478849,0.00010680480969478849,0.00025836603116362414,0.00025836603116362414,0.0,0.00025836603116362414,300.71188828590726,300.7255613645234,-3.532659055839415e-06
464,483,contact,0.0024483463937035135,-5.165360629648657e-05,5.165360629648657e-05,0.00017967610841540426,0.00017967610841540426,0.0,0.00017967610841540426,300.7841184154324,300.92106675323924,-2.460634439109672e-05
466,494,contact,0.0023769865288848393,-0.0001230134711151607,0.0001230134711151607,0.0002772785953638965,0.0002772785953638965,0.0,0.0002772785953638965,300.1976790851338,300.17225525959356,7.049482634579593e-06
468,495,contact,0.0023924109339325465,-0.00010758906606745354,0.00010758906606745354,0.00025931287336373885,0.00025931287336373885,0.0,0.00025931287336373885,300.38154098731525,300.4580753759287,-1.9846352222484163e-05
470,477,contact,0.0023992609758215137,-0.00010073902417848633,0.00010073902417848633,0.0002509220797609369,0.0002509220797609369,0.0,0.0002509220797609369,300.38479367088155,300.32887551666977,1.4031099551212946e-05
479,485,contact,0.002423466117650502,-7.653388234949788e-05,7.653388234949788e-05,0.00021870911382115783,0.00021870911382115783,0.0,0.00021870911382115783,300.71062946356835,300.5732978229296,3.0035681423709566e-05
481,487,contact,0.0024533664415451683,-4.6633558454831775e-05,4.6633558454831775e-05,0.0001707219201926626,0.0001707219201926626,0.0,0.0001707219201926626,300.47253130992067,300.6050182025314,-2.261841670686751e-05
485,488,contact,0.002450212053088466,-4.9787946911533914e-05,4.9787946911533914e-05,0.00017640143655795067,0.00017640143655795067,0.0,0.00017640143655795067,300.5732978229296,300.4273455734903,2.57461864699551e-05
