<?xml version="1.0"?>
<VTKFile type="PolyData" version="0.1" byte_order="LittleEndian">
<PolyData>
<Piece NumberOfPoints="2664" NumberOfVerts="0" NumberOfLines="1332" NumberOfStrips="0" NumberOfPolys="0">
<CellData>
<DataArray type="Int32" Name="edge_kind" format="ascii">0 0 0 0 0 0 0 0 0 0 0 0 0 0 0 0 0 0 0 0 0 0 0 0 0 0 0 0 0 0 0 0 0 0 0 0 0 0 0 0 0 0 0 0 0 0 0 0 0 0 0 0 0 0 0 0 0 0 0 0 0 0 0 0 0 0 0 0 0 0 0 0 0 0 0 0 0 0 0 0 0 0 0 0 0 0 0 0 0 0 0 0 0 0 0 0 0 0 0 0 0 0 0 0 0 0 0 0 0 0 0 0 0 0 0 0 0 0 0 0 0 0 0 0 0 0 0 0 0 0 0 0 0 0 0 0 0 0 0 0 0 0 0 0 0 0 0 0 0 0 0 0 0 0 0 0 0 0 0 0 0 0 0 0 0 0 0 0 0 0 0 0 0 0 0 0 0 0 0 0 0 0 0 0 0 0 0 0 0 0 0 0 0 0 0 0 0 0 0 0 0 0 0 0 0 0 0 0 0 0 0 0 0 0 0 0 0 0 0 0 0 0 0 0 0 0 0 0 0 0 0 0 0 0 0 0 0 0 0 0 0 0 0 0 0 0 0 0 0 0 0 0 0 0 0 0 0 0 0 0 0 0 0 0 0 0 0 0 0 0 0 0 0 0 0 0 0 0 0 0 0 0 0 0 0 0 0 0 0 0 0 0 0 0 0 0 0 0 0 0 0 0 0 0 0 0 0 0 0 0 0 0 0 0 0 0 0 0 0 0 0 0 0 0 0 0 0 0 0 0 0 0 0 0 0 0 0 0 0 0 0 0 0 0 0 0 0 0 0 0 0 0 0 0 0 0 0 0 0 0 0 0 0 0 0 0 0 0 0 0 0 0 0 0 0 0 0 0 0 0 0 0 0 0 0 0 0 0 0 0 0 0 0 0 0 0 0 0 0 0 0 0 0 0 0 0 0 0 0 0 0 0 0 0 0 0 0 0 0 0 0 0 0 0 0 0 0 0 0 0 0 0 0 0 0 0 0 0 0 0 0 0 0 0 0 0 0 0 0 0 0 0 0 0 0 0 0 0 0 0 0 0 0 0 0 0 0 0 0 0 0 0 0 0 0 0 0 0 0 0 0 0 0 0 0 0 0 0 0 0 0 0 0 0 0 0 0 0 0 0 0 0 0 0 0 0 0 0 0 0 0 0 0 0 0 0 0 0 0 0 0 0 0 0 0 0 0 0 0 0 0 0 0 0 0 0 0 0 0 0 0 0 0 0 0 0 0 0 0 0 0 0 0 0 0 0 0 0 0 0 0 0 0 0 0 0 0 0 0 0 0 0 0 0 0 0 0 0 0 0 0 0 0 0 0 0 0 0 0 0 0 0 0 0 0 0 0 0 0 0 0 0 0 0 0 0 0 0 0 0 0 0 0 0 0 0 0 0 0 0 0 0 0 0 0 0 0 0 0 0 0 0 0 0 0 0 0 0 0 0 0 0 0 0 0 0 0 0 0 0 0 0 0 0 0 0 0 0 0 0 0 0 0 0 0 0 0 0 0 0 0 0 0 0 0 0 0 0 0 0 0 0 0 0 0 0 0 0 0 0 0 0 0 0 0 0 0 0 0 0 0 0 0 0 0 0 0 0 0 0 0 0 0 0 0 0 0 0 0 0 0 0 0 0 0 0 0 0 0 0 0 0 0 0 0 0 0 0 0 0 0 0 0 0 0 0 0 0 0 0 0 0 0 0 0 0 0 0 0 0 0 0 0 0 0 0 0 0 0 0 0 0 0 0 0 0 0 0 0 0 0 0 0 0 0 0 0 0 0 0 0 0 0 0 0 0 0 0 0 0 0 0 0 0 0 0 0 0 0 0 0 0 0 0 0 0 0 0 0 0 0 0 0 0 0 0 0 0 0 0 0 0 0 0 0 0 0 0 0 0 0 0 0 0 0 0 0 0 0 0 0 0 0 0 0 0 0 0 0 0 0 0 0 0 0 0 0 0 0 0 0 0 0 0 0 0 0 0 0 0 0 0 0 0 0 0 0 0 0 0 0 0 0 0 0 0 0 0 0 0 0 0 0 0 0 0 0 0 0 0 0 0 0 0 0 0 0 0 0 0 0 0 0 0 0 0 0 0 0 0 0 0 0 0 0 0 0 0 0 0 0 0 0 0 0 0 0 0 0 0 0 0 0 0 0 0 0 0 0 0 0 0 0 0 0 0 0 0 0 0 0 0 0 0 0 0 0 0 0 0 0 0 0 0 0 0 0 0 0 0 0 0 0 0 0 0 0 0 0 0 0 0 0 0 0 0 0 0 0 0 0 0 0 0 0 0 0 0 0 0 0 0 0 0 0 0 0 0 0 0 0 0 0 0 0 0 0 0 0 0 0 0 0 0 0 0 0 0 0 0 0 0 0 0 0 0 0 0 0 0 0 0 0 0 0 0 0 0 0 0 0 0 0 0 0 0 0 0 0 0 0 0 0 0 0 0 0 0 0 0 0 0 0 0 0 0 0 0 0 0 0 0 0 0 0 0 0 0 0 0 0 0 0 0 0 0 0 0 0 0 0 0 0 0 0 0 0 0 0 0 0 0 0 0 0 0 0 0 0 0 0 0 0 0 0 0 0 0 0 0 0 0 0 0 0 0 0 0 0 0 0 0 0 0 0 0 0 0 0 0 0 0 0 0 0 0 0 0 0 0 0 0 0 0 0 0 0 0 0 0 0 0 0 0 0 0 0 0 0 0 0 0 0 0 0 0 0 0 0 0 0 0 0 0 0 0 0 0 0 0 0 0 0 0 0 0 0 0 0 0 0 0 0 0 0 0 0 0 0 0 0 0 0 0 0 0 0 0 0 0 0 0 0 0 0 0 0 0 0 0 0 0 0 0 0 0 0 0 0 0 0 0 0 0 0 0 0 0 0 0 0 0 0 0 0 0 0 0 0 0 0 0 0 0 0 0 0 0 0 0 0 0 0 0 0 0 0 0 0 0 0 0 0 0 0 0 0 0 0 0 0 0 0 0 0 0 0 0 0 0 0 0</DataArray>
<DataArray type="Float64" Name="conductance" format="ascii">0.00016175573814042283 0.0002550901348178657 0.000246491927451998 0.0002324244533609442 0.00013918513442219343 0.00015139658561519564 0.00020092503899909187 0.00012690639049484076 0.00022389997230372902 0.00015699466722187943 2.1427361411948014e-05 2.905535316142935e-05 2.944644684545846e-05 0.0001848110061280461 0.0001911781701071488 0.00020449391794149764 1.168931152975429e-06 0.0002003791882269288 2.056907805304299e-05 0.00020642196939283378 0.00018277196223625988 7.431133598344789e-05 7.869438870355655e-05 0.00018552302436092288 0.0002077666208355978 0.00017128817598962857 0.00019356422391477414 0.00013625605521739437 0.00020895345447292132 0.00015961603011837227 0.00021108309054181036 0.00014912513932889305 7.434927601499828e-05 0.00010268309738878233 8.833952592356516e-05 9.614573380631276e-05 0.00013363662528927695 0.0001901320634536247 0.0001417977291064706 0.00015963876691538878 0.00019346218409165068 0.0002233521563905097 0.00022990864901118485 0.00020403372552392585 0.00016971443963513668 0.00016121150872649707 9.642303682354718e-05 8.626627107892986e-05 0.00010753949829621802 0.00015107463610765308 0.00014610992439387105 0.00010849588022598606 0.0001520846649159743 0.00019599203451867134 0.00017736375629690435 0.00017225039539178996 0.0002170608178943739 0.00026755243927452225 0.00021717362050996318 0.00021419044318772733 0.00021550796488646848 0.00014935561956853818 8.853936655501434e-05 9.085959842611254e-05 0.0002129627704487045 7.309088686998543e-05 0.00011405571912071391 0.00011535959397361197 8.660254037844388e-08 0.0002170571126451669 0.00023080452051360716 0.00026534571095434536 3.610666937515993e-05 0.00012508817530197788 0.00014446167705202428 0.00013655351814083797 0.00021844965510482088 0.00019374417244825225 0.00014311819971830387 0.00027334478890984735 5.7013190515853843e-05 6.464185782789976e-05 0.00010353711350287619 0.00010067663082929146 0.00011587505079960112 0.00015969481059179924 6.656914855325384e-05 0.00015234764650413004 0.00020187387080240657 6.501501615204941e-05 0.00014997715682944752 0.0001505482502743404 0.000162151959123758 0.00011239518496876643 0.00017647478323288198 0.0001245837468011682 0.00017844168464112233 9.785512170075558e-05 0.0001829886714494019 0.00023994726561698559 0.00016565449123017052 0.00018387298193275846 0.0002207586290921131 0.000180342281901187 0.00019715553170749232 0.00016517563988356163 0.00011569808221004872 0.0002040625929814582 8.923989671216411e-05 0.00018805768872810918 0.0001495306256575142 0.00016782570709448932 0.0001657737707316436 0.000222950772295082 0.00022647317272699784 0.00017500962842789209 0.000250801639493293 0.00015507371826506395 0.00017599033263635192 0.00020331454228330245 0.00018521075064571588 0.00019416589704138694 0.00014939712072994092 0.00012813386725168542 0.00012017186365345 8.618018957834547e-05 7.252335124927965e-05 0.0001537828364955827 9.258200997725515e-08 3.3057394334760268e-06 1.9550580723566226e-06 0.00013854985033647194 0.0001609379823453526 0.00020956956284817958 0.00012134862746820599 0.00022116247363078298 0.00019922708436548254 0.00015791328095680665 0.0001690925923942062 0.0001814200557028332 0.00018704070221788985 0.00026676850240163745 0.0001441347490879577 0.00024931543999946726 0.0001803622102345586 6.584707006234293e-05 5.9253302736616954e-05 6.242095769582683e-05 8.531518955149149e-05 6.317490782097147e-05 7.895494112719151e-05 0.00011331105701719519 0.00012563207278547348 0.0001616715604133334 0.0003026322028522854 0.00018855218896490178 0.00013303702384018755 0.00013127926779270976 0.0001916914269712469 0.0001578899204446711 0.00017280905605303735 0.00017983992323392241 0.00010313921396765238 0.00014984804372784305 0.000220021464729587 0.00020591062889881875 0.00019802267218584405 5.031263567967743e-05 0.00010625783460418483 0.00013864048921577045 9.166665576173959e-05 0.00014600723204958641 0.00015912308928008184 0.0002784009225960404 0.00020032008056647434 0.00026637969466409916 0.0001540537457111207 8.660254037844388e-08 9.258200997725515e-08 0.00013488150051279272 0.00015049625226001332 0.0002058432275264146 0.00020689111843755141 8.609822055276265e-05 0.00016964230796218135 0.000179319344459215 0.00015448110499698248 0.00010080575766120296 0.00013457472880525802 0.00015877982569814184 8.982491675979447e-05 0.00018002993937408726 0.00012383219164386415 0.00011813150254025236 0.00018808657588512435 0.00019863874771808298 5.749710282191921e-05 8.162716586270783e-05 8.806718870125095e-05 9.712770585235652e-05 1.3369559115637018e-06 9.258200997725515e-08 0.00018713205265858833 0.00015734321597594744 0.00016576108605491553 0.00012720224020854932 0.0001727598846802466 0.00016646392369755266 0.00014109978422344378 0.00012774870558993922 0.00017104504072806533 0.0002577492989625877 0.00020973028443082008 8.96291362017385e-05 0.000224169984777273 0.0002063226140937718 0.00019699845738598617 0.00017793173479924864 0.00014369259815882513 0.0001310268932345586 0.00013478070549691778 7.425429485449947e-05 0.000236764765449296 0.00020450818231988917 0.0002606751786001084 0.00017818120457109175 0.000191911348953569 0.0001579797512070904 0.0002023393740381444 0.00022137978811020024 0.000105033755288111 0.00013494445775121246 0.0002708494461939345 0.00025725310912345527 0.0002854014836218818 0.00010188981108119735 0.00014622989463897848 0.00015897376287173795 4.3513994273509447e-05 0.00012173447216428769 0.00012538808384851484 4.088721494907611e-06 3.863935025648178e-06 3.571406429680252e-06 1.4038356723458442e-06 2.254643167582599e-06 1.0104437883667576e-06 0.0001500802969431044 9.365693257735335e-05 9.199146001600547e-05 0.00013921696157983968 0.00011204247484192497 0.0001292256022813626 0.00015842611007282006 1.2152909391913235e-06 0.00016827113892516795 0.0002847717623220118 0.0002145818941405925 0.000320122977273337 0.00020218183086398602 0.00014993148288966148 0.00013400376023518692 0.00019114948867351826 0.00017094671658032386 0.0001805802072341998 0.000192702002046446 0.00015895052819658577 0.00019849907872295937 0.00021824713554688714 0.00020372092375594674 0.00018017715914904922 0.00014898192665383427 0.00017647607743810265 0.00013539920601498648 0.000232847220985921 6.195194211192765e-05 0.00026024146048697015 0.0002254885278259634 0.0002793530222566814 0.0001638288890729868 0.0001377459503760448 0.00022820647829341277 0.000233113931293557 0.00012988854306271848 0.00017379533682811455 0.00015522406474334375 0.00017928470321153562 0.00020016747636692535 0.00012538760807580623 0.0001295531062659642 0.00016863827409773256 4.091984220840541e-05 0.00014109173303414546 0.00014637307280920681 5.919722684974266e-05 0.00012618614802990374 0.00016923339077036875 0.00017629775730865858 7.77294235505033e-05 0.00013464921546991966 0.00010887172907911805 0.00018466178540793143 0.0001752213013379788 0.00021972737891983785 0.00010815052478181119 8.96792776313399e-05 8.713430649317123e-05 0.00018077349473903483 1.6595761326677112e-05 0.00022485467770173119 0.00015334717896572762 0.00021171734148068625 0.00017447643815720257 0.00021995233786086123 0.0001544986050887973 0.0002390139927298902 0.00022896506208113358 0.00014257952965821469 0.00018033411546429027 0.00014490580768260577 0.00023837819542961439 0.00020247670085351725 0.0001376586568930908 0.00020618249434201642 0.00011263861225060239 0.00015418171217677066 0.0001721859060506899 0.00017125337557495217 0.00015421405408327677 0.00011933990007258515 0.00011266852791276422 0.00012915074054685812 2.498480637343987e-05 0.00019214850542015902 0.0001862723730952685 0.00022765863399499327 0.00012443190415004914 0.00019295102106194328 6.113302270003688e-05 0.0002538557018733738 0.00011195562056404882 0.0002510973021000428 0.0001812303059103904 0.00026753640297506556 0.0002201917311929834 0.00021413125239076486 0.00019610755990438427 0.00024013640596228094 0.00016476886269572495 0.00017634977670300493 0.00026661051686094193 0.00019958489378275464 0.0001967193317464778 0.00017421989550033543 0.00026886782383224965 0.00024273497931762307 0.00022519830930624378 0.00024331988166869972 0.00010935359141855324 0.0002241833010911729 0.00022055487580789835 9.223230631822139e-05 0.0001955925707991818 0.0001586820240809224 6.240711853024844e-05 0.00020074310092235706 0.000274015569340355 0.00028183286648920816 0.0002493814591468994 0.00011716441126928107 0.0002923913365456009 0.0002529944642189667 0.00022649018951715022 0.00022067623356223861 0.00017535495760241201 0.0001937425969561757 0.00017713904995068217 0.00017565743796742807 0.00023834958218082558 0.0001704135089137445 0.00010022028639810616 0.000202129467827043 0.00019978433777534803 0.0002637369074682191 0.00018279035125952928 0.00017217828943768087 0.00010175574509087552 0.00016510561473839674 0.00015591286673562923 0.0001778851982729363 0.00025507568781765126 0.00017138793950612172 0.00019020226591936486 0.00019031884697914982 0.0002765565839381626 0.0002725731758671329 0.00011426197189395424 0.00019371699814841722 0.00014112640288756946 0.00021721358939648554 0.00013052493466050418 0.00031083061794028326 0.0002033958633962437 0.00014546993264811497 0.00012758655385674387 0.00011519910299409915 9.376460126407448e-05 0.00012038170657452519 0.00010916800593970536 0.00019832539886237524 0.0002109219890402715 0.0002335796947089295 3.3872912973528887e-05 0.00024964388832971824 0.000228337421286952 0.00021766184463986487 0.0002501301125925924 0.0002211422261385647 0.00013712012530322606 0.0002482141703505775 0.00018635211870681386 0.0001748451858868125 0.00023963770786836238 8.44405441455897e-05 0.00012121329907283463 0.00019628456426369354 0.000201848686609328 0.00018109223058653621 0.0001649828108532544 0.0001533668878300373 0.0001470342001594277 0.0001767409519742311 0.0001689698863396617 0.00026479449643345787 0.00026619871450405877 0.00016318216239040735 0.0002243782045654473 0.0002062238449901552 0.00014533773870525 0.0001688656433488432 0.00020645259790855758 0.00023732083679529333 0.00018963299308871173 0.0001268220595954057 0.00019133596718268786 0.00017660320786048553 0.00013952346536611238 0.00020666762797334306 0.0002257411582068005 0.00015031403571222874 0.00018621158286578413 0.0001824194307572348 0.00022073251863914063 0.00018284062620891288 0.000138125999035353 0.0001601782957869157 9.248180454851391e-05 3.893553041119115e-05 3.882859715174897e-05 2.791049621963988e-05 0.00019526889855208456 0.00020175661990897684 0.00023501472422313144 0.00022371860850252238 0.0003021137378072751 0.00019604892592924754 0.00023949176477442599 0.00020872587460656506 0.00022714484110167017 0.0002407125449319647 0.00016761548900927722 0.00023018997105122855 0.00012399784231152393 0.0002504520368206057 0.0002210426118810198 0.00010571951131417288 8.927226678352632e-05 0.00015893748120854404 0.0002022874787858487 0.00026388092482400625 0.00014965589402303383 0.00021950733279572316 0.00028974038190734947 0.00016081253267958656 0.00022497299646035058 0.00023783330040231306 0.00018651493285766618 0.0002532820224563891 0.00020396406033672913 0.00018264002838571527 0.00022201781803084984 0.00016396527620457028 0.0002334137741550159 0.0001438768838446704 0.00016475432164289561 0.00015241673389455109 0.0002639994738559661 0.00025280055567408115 0.0002399844275100043 0.0001463483640084175 0.00015325520744751477 0.00014704451671416455 0.00012618805806898807 0.00011404983239795265 8.299664935417861e-05 0.00031877713780060563 0.0003104051954110802 0.00029777197499523196 0.00010829186849312084 0.0002279763767172187 0.00022574071098098575 0.00012002351009180914 0.00021515502047933198 0.00014575520250460297 0.0001587592524916067 0.00019237380718152835 0.00012788005885530206 0.00012172242223450026 0.00024163633150309165 0.00010533588394949812 0.00022994081217644603 0.00024024124321903072 0.0002992816760633185 0.0003077936142813812 0.00020911675830769276 0.0002432300482584031 9.071052319281297e-05 0.0002942171301972199 0.00023402287951174906 0.00026348992428608517 0.0002412384980658873 0.00024642181185325154 0.00025530176086811454 0.00018179467571861194 0.0001985504298650911 0.0001926529321220294 0.0001785260531555542 0.00010710110050708225 0.00013691046579879858 0.00022178017879533705 0.00019460112181878783 0.0001865309794271515 8.383799055603848e-05 0.0002762314655426042 0.0002663372859129993 0.00028114574143616594 0.00026156114176469124 0.0002780341991355119 0.0002973757947887221 0.00012835323222643827 0.00026665929186844324 0.0002995368660219227 0.00017054680301237693 0.0002232097104915624 0.00016282115274510785 0.00022924292565545653 6.515004565135997e-05 0.00020185227102550882 0.00021254376846068475 7.090837666557841e-05 0.00021893478937332737 0.00023219667482113584 0.0002197955474347778 0.00030602374604029334 0.00021231201936291094 0.0002068452362944834 0.00031028049090277976 4.9160978839348575e-05 0.00019756287469994364 0.00020578016468138726 0.00022568622560744013 0.00020172416672225457 0.00010728448253036636 0.0002010765181648502 0.00020225703489031127 0.00012686696221487668 0.00025100326055652587 0.00010914392832270315 0.0001801704304280206 0.0003125078392182773 0.0002615497603220016 0.00024981217484389915 0.00019312132461722975 0.0002577980561594036 0.0003054362315048123 0.0002527273455655728 5.82837434810007e-05 0.00018935775247938788 0.0001954423711646302 0.00014152771419251114 0.00010542958919073727 2.0847916660062267e-05 0.0001696306561317876 0.00014980067995992713 0.00020973477839625419 0.0002176027025690822 0.00024773044786954835 0.00022145442152094946 0.0002228921004387425 0.000266699978037857 0.00024053308156476817 0.0002398578734065684 0.00015127761942268728 0.00022053059755805553 0.00015028316151253953 0.00029185288795733244 0.00024974901588856516 0.0002726908759694143 0.00018484458447576234 0.0002159904791161119 0.0002631725336762672 0.00021676756914247835 0.00027815566027393214 0.00018033180770339507 0.0002188713741141612 0.00027872034841109635 0.0001943196290310091 0.00025777251674779324 0.0002566165966831832 0.00017552208428228368 0.00013169183915113375 0.00016011638512045297 0.00012996747717535518 0.0001006198082590183 8.026474449943888e-05 7.015550697409497e-05 0.00011467266880465211 0.0002760637211278281 0.0002643778838381525 0.00022390778734411866 0.00015921479657019695 0.00018257323221605056 6.659974489845519e-05 0.0002036056670264138 0.0001793143515275288 0.00016783620287141242 0.00017466947417377673 0.00014250726738002025 0.0001500197318395142 0.00014436812109067262 0.0001121396202051119 7.483779183606976e-05 0.00011166178461709548 0.0002352791148900866 0.00020909266765263855 0.0001128174159704415 0.00020821187368755303 0.00020887912766110757 0.00011952419058905826 8.399899341530655e-05 0.0001371734011724436 0.0001278795256315862 0.0002783645599853318 0.00024811575741854296 0.00019550111229053784 0.00018232617491218227 0.00024252736772260096 0.00024027568533134603 0.0002762875396259216 0.0002961178098632975 0.0002581830583676315 0.00030969561152005093 0.0003190691860366315 0.0002951908939120493 0.0002047230424286537 2.559574438468061e-05 0.0002536810587192212 0.00025546646712639294 0.0002519222779402507 0.0001660370529453821 0.00022375243792891077 0.00022237592796461828 0.00020202438662144878 0.00019519171031014918 0.00015960879687646097 0.0002847786325802713 0.00022302669290589532 0.00011463241282936836 0.00016978291548890796 0.00016582905724975947 1.0000000000000001e-07 0.0001633118620423495 7.159063931946377e-05 0.0002602284900344623 0.0001625952793892541 0.00027635316591534924 0.00019991538694534529 0.0002245633553955777 0.000285661028020341 0.00027433930923851616 8.933374345134861e-05 0.00017015891828537242 0.000181008032265063 0.00014547874703392289 0.00018712707891998354 0.0002261200945845774 0.00014652169474666638 0.00011849265547761098 0.0001302565402541567 0.0001002958842002422 0.0001572130189081283 0.00020560256972334932 0.00021670810996753754 0.00012751001034604908 0.00016910591454214022 0.00020561762848949887 0.0001795842192346263 0.0002709722377541537 0.00024108852559613897 0.0002723055290087621 0.00027145845646471973 0.0001988017480256856 0.00021119234464557412 0.000256590142678091 0.00017240513439632714 9.324800102031208e-05 0.00018084797506404465 0.00013530908145052573 0.00019918724510359796 0.00023286466923466112 0.00011252722697748512 0.00016042485864720346 0.00019392271163959804 0.00017461242137504547 0.00012164636881224361 0.00016973931137006368 9.918103819194783e-05 0.00014382007457559317 0.00024569395805377917 0.0002819390972610618 0.0002676803318043331 0.00020382784085056074 0.00024533266542042 0.00024980501438515135 0.00011045269540473277 0.00017610058545770746 0.00017054993620072755 0.00010638174366467266 0.0002966081376366103 0.0002926244925475167 0.00021851346048221593 0.0001600249529363447 0.0001565794560602507 0.0001915311435236166 0.000196042749989392 0.00012485261458941777 0.00016622276745424723 0.0001884476668237172 0.00018617304394991148 0.00018570874142276067 0.00016755750195772344 0.00012878054063079138 0.00020006078355808783 0.00025053797200524415 0.00013053301761010912 0.00017251481715252958 0.00013736290768900637 0.00016379171752547335 0.00020457331416352554 0.0001756108374848499 0.0002759487402280652 0.0001685061142374068 0.0003023059254671081 9.783045504049761e-05 0.00013941777967248765 0.0002496693853010912 0.0002674813592811125 0.00024947495556385164 0.0002559836005378989 0.00013205546261062256 0.0002749986780019243 4.644919323782598e-05 0.00024251632282232691 0.00029376292602055395 0.0003050498640897485 0.0002560701955831018 0.0002658854875476987 0.0002494909907426655 0.0002967787895620963 0.0002777550510364712 0.0003014008587516288 0.00014834649547649647 0.00011658617021993751 8.878113593072253e-05 7.895178797641217e-05 0.0002751087644572925 0.00019851111374042684 0.0003024960457561306 0.0002815476684314644 0.00021429320026901904 0.00017101466697064008 0.00016305859545612158 8.344339898158683e-05 0.00014228571781822692 0.0001903126705370376 0.0001017071927321034 0.00019387875906407424 0.0002495176613482477 0.000269870112949923 0.00018802968578369872 7.390033918129359e-05 0.00012332371112534874 0.00021369609760635833 0.00022659230873903498 0.00020441742643216728 0.00021668501757739962 0.00014192757518504415 0.00029411815669863313 0.00010794510174829944 0.0001236783845364736 0.00015433397018371235 0.00027688895449052604 0.00027802412032849444 0.00031189620663421157 0.00023118677959704673 0.00016673698676616553 0.0002578908137782414 0.00020633010594382095 0.00022055629453732742 0.00011019082853895262 0.0001955608796117752 0.00025484818458992804 0.00024932707701387415 0.0002298229900265146 0.0001202390519887553 0.00012625866585856674 0.00023630308145480762 0.0001493036994510228 0.0002753385383626298 0.00032341116825122134 0.00019486684225303115 0.00015998387616734328 0.00023563636092485576 0.00016948976075967028 0.000146665775933616 0.0001688765334637653 0.00010773411003826621 0.00022701329255019585 6.343310575215634e-05 0.0001886781341647493 0.00020825504084258007 0.00020222388163938258 0.0002030597945422872 0.00014263763267720084 0.00015742015900669168 0.00022986804165779127 0.00022186874924974594 4.117204309296764e-05 0.00012048206807686113 0.0001758196876354688 0.000145755448151893 0.00015278994889310376 4.0215452090781e-05 0.00013839359485354267 0.00020612250657339688 0.00018299015978592766 0.00012283626306468714 0.00018681943954278822 0.0001470573713200099 0.00023913972398503582 0.0001494578556298217 0.00015901564999505548 0.0002143831545506393 0.00015492404257007525 0.00014362874916972376 0.00024154860254269758 8.512891741225752e-05 0.00020215147649709723 0.0003018155625150181 0.000293038666583195 0.0001830107908347798 0.00018203338740779306 0.00023155906645384885 0.00027706334287421337 0.0002431494059836027 0.0002185985287224526 9.807935929958769e-05 0.0002076987653641676 0.00025953773818518014 0.00024384367480145721 9.814021303327663e-05 0.00017836894817930998 0.00018881065669652575 9.489041696985186e-05 0.00014177371545972132 0.0001986437109731508 0.00020159782284029514 0.0002213772728404865 8.978186208297254e-05 0.00024105750627801694 0.0001953921021580294 5.524137149665159e-05 3.515014890424674e-05 0.00016136884887196234 0.00016213255370670925 0.0002991482386059296 0.00028608956341647066 0.00030838782093453815 0.00024936501898189834 0.00020982813979107377 0.00022655212377174766 0.0002700005295330598 0.00018338141414792265 0.00019909170251256872 0.00021835671824773647 0.00019476215182019519 0.0001862382809479623 0.00020571915649059472 0.00015072331323203757 0.0001630191507424062 0.0001586089804728848 0.0001512074069520973 0.00012725601371838782 0.00015966642641443006 0.00017313765126709634 0.00021248022000065436 0.00018743967898247416 0.00016914464456707092 0.00025965009130681725 0.00020828379372964147 0.00015165237611688016 8.11167464400698e-05 0.00021882627197883576 0.00011044307263098746 0.00010436355295040298 0.0001446084830653479 0.00026231576378712166 0.00031610174588439646 0.00030864318952218787 0.000303279328815212 0.0001078672900425357 0.00012281115092491115 0.0003341818925480195 0.0002624847281697592 0.00014288795339475089 0.0001883632223234876 0.00026040361630785483 0.00025797727297108595 0.00014092487192910174 9.245836623401206e-05 0.00012971034677736467 0.00022625941225150588 0.00021442517087737645 5.6264933359991185e-05 0.0001553528551455078 0.00022779868265965702 0.00022842212049081163 0.00031740151418050534 0.0002798214583393644 6.459248525201219e-05 0.00011812039083426487 0.00022065189691401022 0.00014767410801727203 0.00018880672966868528 0.00011205026788742993 7.689844497677015e-05 0.00020798825252659855 0.00018888910352066537 0.00011207329101473908 0.0001892587786810648 0.0001897360466168481 0.00023414093057758033 0.00019093499773202905 0.00014518047983253218 0.00016120912118929156 0.00015672583738638907 0.000125957563643767 0.0002394185878765512 0.00017351793856832065 0.0001840092903027535 0.00017445040762101833 0.00017532354976742607 0.00022489371819282334 0.00036106035234521725 0.000273365264454727 0.00023116079828579787 0.00022408991370490296 0.00021038441847319195 0.00018421876459356347 0.0003063674444869095 0.00010921020828426757 0.0001135606719932321 0.000218420750974659 0.00031095800807482197 0.0002345659909849059 0.0002418814442713356 3.9932632472911775e-05 0.00010312239153650956 0.00010776541317952138 8.635059657193973e-05 9.408747605762608e-05 0.00022362739039064798 4.3098556540956705e-05 0.000217314560354211 0.00028214673817488037 0.0002288559237480808 0.00018795379653129208 0.0001828809390391296 0.00027257340307096443 0.0002123833932745301 0.00011438047797517856 6.834503024799783e-05 0.00014638422907055444 0.00023954566235300567 0.00023745010021165784 0.00012868397957641078 0.0002219448748999598 0.0001924994619293646 0.0002993087431412491 0.0002981765914493067 0.0002304366116165489 0.00021429870451157782 0.00013102044160315202 0.0002336110201672259 0.0002345427012228259 0.00017770314184004695 6.99890504139471e-05 8.389807951708164e-05 0.0002450023692182391 0.00020782000104985424 0.00021529610976372504 4.760128015958005e-05 0.00029632779895875005 0.00022018432662698463 0.00019851265403238687 0.0001349685633683615 0.00011881040048283038 0.0001716183042019371 0.0001866335461103486 0.00022575134791624727 0.00019322953843195267 0.0001957064016069864 6.300531971950834e-05 0.0001992233681928043 0.00019276703935850692 0.00010866798074906744 0.00018777565170448977 0.0002812989468091385 0.0002518116350050926 0.00026926542520888615 0.00024436311222033723 0.00023187341471938658 0.00016100988168748787 0.00016357486979038787 0.00016568317922707886 0.00014821624740955243 0.00014153245471428832 0.00018317362267787044 7.587685200357731e-05 0.0002230170516866914 0.00021805639186295482 0.00020614678731890407 0.00016907538299805434 0.00012657097183973225 0.0002526287271313522 0.00021355735663830872 0.00012451271418004037 0.00027869927625967115 0.0002726886728332808 0.0003338019244011729 0.00028039927110125307 0.00018517642090657262 0.000246217483076165 8.104147563181255e-05 8.172466344557649e-05 7.069611076649963e-05 0.00021807484829572678 0.00021945372983429376 0.00034288674367293295 0.0001950595133576496 6.705953788875485e-05 0.00012676206139785855 8.563870287511259e-05 0.00022656317068521875 0.0003706438709834132 0.0002174154407590869 0.00015637828052527078 0.00019534927573174832 0.00018187988229924291 0.0002977933860281704 0.00019367221733815524 0.000224881024566018 0.0001912737248807834 0.00026258681580354287 0.000186080275971586 0.00023161577233455114 0.00024082227683500386 0.00016992412481487833 0.00020819069595694192 0.0002123893106307502 8.227276713480312e-05 0.00021034175657815222 8.604419632112131e-05 0.00011978982093489123 7.4185296732993e-05 0.0002271927303142408 0.00023908598824660807 0.00013636343137669386 0.00021561952869425183 0.00011920072014739981 0.00018064541753442544 0.00019124186151348973 0.00021897223854837295 0.00022371264326032477 0.00018965105861980784 0.00023589242795339345 0.00021177558325701876 9.548482197822397e-05 0.00013306292697196352 0.0001676258497219575 0.00010840011886743806 0.0001135208693456077 0.00028863063717151196 0.00022582082851164528 0.00028035229332861985 0.00028649980903572086 0.0002751686453369078 0.00023369446281828126 0.0002370853616836212 0.00034469590955484383 0.000271213868680417 0.000244282925459857 0.00027382885903447435 0.0002163203048493818 0.0002452139323435155 0.00015144877931079834 9.872483545084998e-05 0.00015912944375709527 0.00013335589680651207 0.00018158217132399238 0.00017201761499022373 0.00012863035523083763 0.00016811280664338893 0.00015189689709912014 0.00023430522060926694 0.00012761978113424386 0.00016978419322912844 0.00025422389328697253 0.0001577237251710029 0.00029945818126222393 0.00016424225704782575 7.133688746893484e-05 0.00014693681726080912 0.00029977872261565286 0.0002653140653670291 0.00028859824282507915 7.640116415223102e-05 0.00013285787666250472 0.00016252296361055887 0.00013396400324202653 0.00011247433989246305 0.00021419663195516793 0.00019229153207141054 0.0003442541529868828 0.00014136761071257179 0.00011402878621826435 0.00022913043196434472 0.00022121636744085204 0.00015019179851825777 0.0002336024600431508 8.989396232223062e-05 0.0003145443628781303 0.00027161638655959534 0.00031526348780977134 0.00028005117287403764 0.0002741580127492338 0.00025299929419977767 7.924269933281083e-05 0.00020958183546558465 0.00013194567964560624 0.00012707630960940043 0.0001704546908973945 0.00019812666027578285 0.00013063937380931553 0.0003432828128413679 5.862100972039573e-05 0.000131736549940014 0.0002560774701532867 0.00022469264651393914 0.00020223776670676535 0.00023556670234117758 0.0002425096651799186 0.0001231622133385705 0.00022125731432228281 0.00016736915491181932 0.0001830011071436305 0.00020675720637539012 0.0002130860953246203 0.00020940157183824395 0.00023177969247954763 0.000161445287719862 8.552281218080262e-05 0.0002654634203516643 0.0001332740935371152 0.000138314168703911 0.0001229944082138111 0.00010620433173532708 0.00021307159621168016 0.0003356237637060524 0.0002454932827636603 0.00022214516811132153 0.0002894469708884561 0.0002422513944546628 0.00023662051863925206 0.0002142914502359474 0.0001352638240728963 0.0002295431658911952 0.00016202629889936238 0.00012805916456576583 0.00019668192721367686 5.729124436906167e-05 0.00023354308009245595 0.00018960281764651728 0.00029428732165525425 0.00019318072619432415 0.0002226374768367865 0.00020803920177084193 0.00017583576843554743 0.0003074088184434158 0.00029538338315027233 0.00011218834158948335 0.0002555466645122211 0.00017147747453079678 0.00014802330962292604 0.0001789340389295506 0.0001986133438804065 0.00013023792226620983 0.0001529743118834257 0.0002551066645082593 0.0002762711957190739 0.00021752112219421447 0.00032674088175027165 0.00013818881979888294 0.00020155382921654798 0.00019143556553189638 4.8653885420590264e-05 0.00022021434502698923 0.0002001625509220391 0.00018584819799198035 0.00016727930535920268 0.0001291447445971274 0.0001647813216143913 0.00020869190559575846 0.00013034283006776285 0.00018102825619896383 0.00014197364179355793 0.00016440242221412083 0.0002818455475578227 0.00022932482891614318 0.0003198191951011901 0.0002114724445388646 0.0002335935514028967 0.00025416577903244347 0.00027304531228712506 0.00028292475012932215 0.00019514482239720992 0.00029214402449655 0.00021950623198103977 0.00018923491977751707 0.00015570362382331398 0.00022633963576978525 0.0002490586848709894 0.00027133422599651407 0.0002310142368320558 0.00017335666141597329 0.0001528055356977984 0.0001849622838546203 0.000199267400943464 0.00027072858062077387 0.0002532237024397898 0.00020770244181799325 0.00024904999278924555 0.00021335883856762875 0.0001424741637354471 0.00024881393421858326 0.00030956086239993197 0.0001480285417999 0.0002451155187175009 0.000280462407918895 0.0003320499161182534 0.00030276609236648707 0.0002554530257589443 0.0003237672134219112 0.00027002168571901093 0.0002411081292852378 0.00019938484487154584 0.00024056274290233507 0.0003009198847083933 0.00034027537235320645 0.00031705785247400223 0.000146731411283887 0.00026159394197972134 0.0003100964844124333 0.00030203636278768335 0.0002601797990574015 6.421443148001435e-05 0.00012035629337791838 0.0003240736571807256 0.00023969176739820452 0.00019994094168188616 0.0002256858144863709 0.0002476775847737811 0.00020663066034441402 0.00020053866124174097 0.0002150617661202515 9.491448382902856e-05 5.3205822449610894e-05 0.0003086168223920782 0.0002799590605276143 0.00016023970093647817 0.00027700296930248717 0.0002841172560813174 0.00018827388144594093 0.00026674248942475175 0.00028318024235473666 0.0002711225232408951 0.0002669650389258159 0.00022785412028839742 0.0002759763041353155 0.00013013981701458314 0.0002399744850599134 0.00014597506487216516 0.00013642415084289816 0.0002633851125461222 0.00025836603116362414 0.00017967610841540426 0.0002772785953638965 0.00025931287336373885 0.0002509220797609369 0.00021870911382115783 0.0001707219201926626 0.00017640143655795067</DataArray>
<DataArray type="Float64" Name="g_contact" format="ascii">0.00016175573814042283 0.0002550901348178657 0.000246491927451998 0.0002324244533609442 0.00013918513442219343 0.00015139658561519564 0.00020092503899909187 0.00012690639049484076 0.00022389997230372902 0.00015699466722187943 2.1427361411948014e-05 2.905535316142935e-05 2.944644684545846e-05 0.0001848110061280461 0.0001911781701071488 0.00020449391794149764 1.168931152975429e-06 0.0002003791882269288 2.056907805304299e-05 0.00020642196939283378 0.00018277196223625988 7.431133598344789e-05 7.869438870355655e-05 0.00018552302436092288 0.0002077666208355978 0.00017128817598962857 0.00019356422391477414 0.00013625605521739437 0.00020895345447292132 0.00015961603011837227 0.00021108309054181036 0.00014912513932889305 7.434927601499828e-05 0.00010268309738878233 8.833952592356516e-05 9.614573380631276e-05 0.00013363662528927695 0.0001901320634536247 0.0001417977291064706 0.00015963876691538878 0.00019346218409165068 0.0002233521563905097 0.00022990864901118485 0.00020403372552392585 0.00016971443963513668 0.00016121150872649707 9.642303682354718e-05 8.626627107892986e-05 0.00010753949829621802 0.00015107463610765308 0.00014610992439387105 0.00010849588022598606 0.0001520846649159743 0.00019599203451867134 0.00017736375629690435 0.00017225039539178996 0.0002170608178943739 0.00026755243927452225 0.00021717362050996318 0.00021419044318772733 0.00021550796488646848 0.00014935561956853818 8.853936655501434e-05 9.085959842611254e-05 0.0002129627704487045 7.309088686998543e-05 0.00011405571912071391 0.00011535959397361197 8.660254037844388e-08 0.0002170571126451669 0.00023080452051360716 0.00026534571095434536 3.610666937515993e-05 0.00012508817530197788 0.00014446167705202428 0.00013655351814083797 0.00021844965510482088 0.00019374417244825225 0.00014311819971830387 0.00027334478890984735 5.7013190515853843e-05 6.464185782789976e-05 0.00010353711350287619 0.00010067663082929146 0.00011587505079960112 0.00015969481059179924 6.656914855325384e-05 0.00015234764650413004 0.00020187387080240657 6.501501615204941e-05 0.00014997715682944752 0.0001505482502743404 0.000162151959123758 0.00011239518496876643 0.00017647478323288198 0.0001245837468011682 0.00017844168464112233 9.785512170075558e-05 0.0001829886714494019 0.00023994726561698559 0.00016565449123017052 0.00018387298193275846 0.0002207586290921131 0.000180342281901187 0.00019715553170749232 0.00016517563988356163 0.00011569808221004872 0.0002040625929814582 8.923989671216411e-05 0.00018805768872810918 0.0001495306256575142 0.00016782570709448932 0.0001657737707316436 0.000222950772295082 0.00022647317272699784 0.00017500962842789209 0.000250801639493293 0.00015507371826506395 0.00017599033263635192 0.00020331454228330245 0.00018521075064571588 0.00019416589704138694 0.00014939712072994092 0.00012813386725168542 0.00012017186365345 8.618018957834547e-05 7.252335124927965e-05 0.0001537828364955827 9.258200997725515e-08 3.3057394334760268e-06 1.9550580723566226e-06 0.00013854985033647194 0.0001609379823453526 0.00020956956284817958 0.00012134862746820599 0.00022116247363078298 0.00019922708436548254 0.00015791328095680665 0.0001690925923942062 0.0001814200557028332 0.00018704070221788985 0.00026676850240163745 0.0001441347490879577 0.00024931543999946726 0.0001803622102345586 6.584707006234293e-05 5.9253302736616954e-05 6.242095769582683e-05 8.531518955149149e-05 6.317490782097147e-05 7.895494112719151e-05 0.00011331105701719519 0.00012563207278547348 0.0001616715604133334 0.0003026322028522854 0.00018855218896490178 0.00013303702384018755 0.00013127926779270976 0.0001916914269712469 0.0001578899204446711 0.00017280905605303735 0.00017983992323392241 0.00010313921396765238 0.00014984804372784305 0.000220021464729587 0.00020591062889881875 0.00019802267218584405 5.031263567967743e-05 0.00010625783460418483 0.00013864048921577045 9.166665576173959e-05 0.00014600723204958641 0.00015912308928008184 0.0002784009225960404 0.00020032008056647434 0.00026637969466409916 0.0001540537457111207 8.660254037844388e-08 9.258200997725515e-08 0.00013488150051279272 0.00015049625226001332 0.0002058432275264146 0.00020689111843755141 8.609822055276265e-05 0.00016964230796218135 0.000179319344459215 0.00015448110499698248 0.00010080575766120296 0.00013457472880525802 0.00015877982569814184 8.982491675979447e-05 0.00018002993937408726 0.00012383219164386415 0.00011813150254025236 0.00018808657588512435 0.00019863874771808298 5.749710282191921e-05 8.162716586270783e-05 8.806718870125095e-05 9.712770585235652e-05 1.3369559115637018e-06 9.258200997725515e-08 0.00018713205265858833 0.00015734321597594744 0.00016576108605491553 0.00012720224020854932 0.0001727598846802466 0.00016646392369755266 0.00014109978422344378 0.00012774870558993922 0.00017104504072806533 0.0002577492989625877 0.00020973028443082008 8.96291362017385e-05 0.000224169984777273 0.0002063226140937718 0.00019699845738598617 0.00017793173479924864 0.00014369259815882513 0.0001310268932345586 0.00013478070549691778 7.425429485449947e-05 0.000236764765449296 0.00020450818231988917 0.0002606751786001084 0.00017818120457109175 0.000191911348953569 0.0001579797512070904 0.0002023393740381444 0.00022137978811020024 0.000105033755288111 0.00013494445775121246 0.0002708494461939345 0.00025725310912345527 0.0002854014836218818 0.00010188981108119735 0.00014622989463897848 0.00015897376287173795 4.3513994273509447e-05 0.00012173447216428769 0.00012538808384851484 4.088721494907611e-06 3.863935025648178e-06 3.571406429680252e-06 1.4038356723458442e-06 2.254643167582599e-06 1.0104437883667576e-06 0.0001500802969431044 9.365693257735335e-05 9.199146001600547e-05 0.00013921696157983968 0.00011204247484192497 0.0001292256022813626 0.00015842611007282006 1.2152909391913235e-06 0.00016827113892516795 0.0002847717623220118 0.0002145818941405925 0.000320122977273337 0.00020218183086398602 0.00014993148288966148 0.00013400376023518692 0.00019114948867351826 0.00017094671658032386 0.0001805802072341998 0.000192702002046446 0.00015895052819658577 0.00019849907872295937 0.00021824713554688714 0.00020372092375594674 0.00018017715914904922 0.00014898192665383427 0.00017647607743810265 0.00013539920601498648 0.000232847220985921 6.195194211192765e-05 0.00026024146048697015 0.0002254885278259634 0.0002793530222566814 0.0001638288890729868 0.0001377459503760448 0.00022820647829341277 0.000233113931293557 0.00012988854306271848 0.00017379533682811455 0.00015522406474334375 0.00017928470321153562 0.00020016747636692535 0.00012538760807580623 0.0001295531062659642 0.00016863827409773256 4.091984220840541e-05 0.00014109173303414546 0.00014637307280920681 5.919722684974266e-05 0.00012618614802990374 0.00016923339077036875 0.00017629775730865858 7.77294235505033e-05 0.00013464921546991966 0.00010887172907911805 0.00018466178540793143 0.0001752213013379788 0.00021972737891983785 0.00010815052478181119 8.96792776313399e-05 8.713430649317123e-05 0.00018077349473903483 1.6595761326677112e-05 0.00022485467770173119 0.00015334717896572762 0.00021171734148068625 0.00017447643815720257 0.00021995233786086123 0.0001544986050887973 0.0002390139927298902 0.00022896506208113358 0.00014257952965821469 0.00018033411546429027 0.00014490580768260577 0.00023837819542961439 0.00020247670085351725 0.0001376586568930908 0.00020618249434201642 0.00011263861225060239 0.00015418171217677066 0.0001721859060506899 0.00017125337557495217 0.00015421405408327677 0.00011933990007258515 0.00011266852791276422 0.00012915074054685812 2.498480637343987e-05 0.00019214850542015902 0.0001862723730952685 0.00022765863399499327 0.00012443190415004914 0.00019295102106194328 6.113302270003688e-05 0.0002538557018733738 0.00011195562056404882 0.0002510973021000428 0.0001812303059103904 0.00026753640297506556 0.0002201917311929834 0.00021413125239076486 0.00019610755990438427 0.00024013640596228094 0.00016476886269572495 0.00017634977670300493 0.00026661051686094193 0.00019958489378275464 0.0001967193317464778 0.00017421989550033543 0.00026886782383224965 0.00024273497931762307 0.00022519830930624378 0.00024331988166869972 0.00010935359141855324 0.0002241833010911729 0.00022055487580789835 9.223230631822139e-05 0.0001955925707991818 0.0001586820240809224 6.240711853024844e-05 0.00020074310092235706 0.000274015569340355 0.00028183286648920816 0.0002493814591468994 0.00011716441126928107 0.0002923913365456009 0.0002529944642189667 0.00022649018951715022 0.00022067623356223861 0.00017535495760241201 0.0001937425969561757 0.00017713904995068217 0.00017565743796742807 0.00023834958218082558 0.0001704135089137445 0.00010022028639810616 0.000202129467827043 0.00019978433777534803 0.0002637369074682191 0.00018279035125952928 0.00017217828943768087 0.00010175574509087552 0.00016510561473839674 0.00015591286673562923 0.0001778851982729363 0.00025507568781765126 0.00017138793950612172 0.00019020226591936486 0.00019031884697914982 0.0002765565839381626 0.0002725731758671329 0.00011426197189395424 0.00019371699814841722 0.00014112640288756946 0.00021721358939648554 0.00013052493466050418 0.00031083061794028326 0.0002033958633962437 0.00014546993264811497 0.00012758655385674387 0.00011519910299409915 9.376460126407448e-05 0.00012038170657452519 0.00010916800593970536 0.00019832539886237524 0.0002109219890402715 0.0002335796947089295 3.3872912973528887e-05 0.00024964388832971824 0.000228337421286952 0.00021766184463986487 0.0002501301125925924 0.0002211422261385647 0.00013712012530322606 0.0002482141703505775 0.00018635211870681386 0.0001748451858868125 0.00023963770786836238 8.44405441455897e-05 0.00012121329907283463 0.00019628456426369354 0.000201848686609328 0.00018109223058653621 0.0001649828108532544 0.0001533668878300373 0.0001470342001594277 0.0001767409519742311 0.0001689698863396617 0.00026479449643345787 0.00026619871450405877 0.00016318216239040735 0.0002243782045654473 0.0002062238449901552 0.00014533773870525 0.0001688656433488432 0.00020645259790855758 0.00023732083679529333 0.00018963299308871173 0.0001268220595954057 0.00019133596718268786 0.00017660320786048553 0.00013952346536611238 0.00020666762797334306 0.0002257411582068005 0.00015031403571222874 0.00018621158286578413 0.0001824194307572348 0.00022073251863914063 0.00018284062620891288 0.000138125999035353 0.0001601782957869157 9.248180454851391e-05 3.893553041119115e-05 3.882859715174897e-05 2.791049621963988e-05 0.00019526889855208456 0.00020175661990897684 0.00023501472422313144 0.00022371860850252238 0.0003021137378072751 0.00019604892592924754 0.00023949176477442599 0.00020872587460656506 0.00022714484110167017 0.0002407125449319647 0.00016761548900927722 0.00023018997105122855 0.00012399784231152393 0.0002504520368206057 0.0002210426118810198 0.00010571951131417288 8.927226678352632e-05 0.00015893748120854404 0.0002022874787858487 0.00026388092482400625 0.00014965589402303383 0.00021950733279572316 0.00028974038190734947 0.00016081253267958656 0.00022497299646035058 0.00023783330040231306 0.00018651493285766618 0.0002532820224563891 0.00020396406033672913 0.00018264002838571527 0.00022201781803084984 0.00016396527620457028 0.0002334137741550159 0.0001438768838446704 0.00016475432164289561 0.00015241673389455109 0.0002639994738559661 0.00025280055567408115 0.0002399844275100043 0.0001463483640084175 0.00015325520744751477 0.00014704451671416455 0.00012618805806898807 0.00011404983239795265 8.299664935417861e-05 0.00031877713780060563 0.0003104051954110802 0.00029777197499523196 0.00010829186849312084 0.0002279763767172187 0.00022574071098098575 0.00012002351009180914 0.00021515502047933198 0.00014575520250460297 0.0001587592524916067 0.00019237380718152835 0.00012788005885530206 0.00012172242223450026 0.00024163633150309165 0.00010533588394949812 0.00022994081217644603 0.00024024124321903072 0.0002992816760633185 0.0003077936142813812 0.00020911675830769276 0.0002432300482584031 9.071052319281297e-05 0.0002942171301972199 0.00023402287951174906 0.00026348992428608517 0.0002412384980658873 0.00024642181185325154 0.00025530176086811454 0.00018179467571861194 0.0001985504298650911 0.0001926529321220294 0.0001785260531555542 0.00010710110050708225 0.00013691046579879858 0.00022178017879533705 0.00019460112181878783 0.0001865309794271515 8.383799055603848e-05 0.0002762314655426042 0.0002663372859129993 0.00028114574143616594 0.00026156114176469124 0.0002780341991355119 0.0002973757947887221 0.00012835323222643827 0.00026665929186844324 0.0002995368660219227 0.00017054680301237693 0.0002232097104915624 0.00016282115274510785 0.00022924292565545653 6.515004565135997e-05 0.00020185227102550882 0.00021254376846068475 7.090837666557841e-05 0.00021893478937332737 0.00023219667482113584 0.0002197955474347778 0.00030602374604029334 0.00021231201936291094 0.0002068452362944834 0.00031028049090277976 4.9160978839348575e-05 0.00019756287469994364 0.00020578016468138726 0.00022568622560744013 0.00020172416672225457 0.00010728448253036636 0.0002010765181648502 0.00020225703489031127 0.00012686696221487668 0.00025100326055652587 0.00010914392832270315 0.0001801704304280206 0.0003125078392182773 0.0002615497603220016 0.00024981217484389915 0.00019312132461722975 0.0002577980561594036 0.0003054362315048123 0.0002527273455655728 5.82837434810007e-05 0.00018935775247938788 0.0001954423711646302 0.00014152771419251114 0.00010542958919073727 2.0847916660062267e-05 0.0001696306561317876 0.00014980067995992713 0.00020973477839625419 0.0002176027025690822 0.00024773044786954835 0.00022145442152094946 0.0002228921004387425 0.000266699978037857 0.00024053308156476817 0.0002398578734065684 0.00015127761942268728 0.00022053059755805553 0.00015028316151253953 0.00029185288795733244 0.00024974901588856516 0.0002726908759694143 0.00018484458447576234 0.0002159904791161119 0.0002631725336762672 0.00021676756914247835 0.00027815566027393214 0.00018033180770339507 0.0002188713741141612 0.00027872034841109635 0.0001943196290310091 0.00025777251674779324 0.0002566165966831832 0.00017552208428228368 0.00013169183915113375 0.00016011638512045297 0.00012996747717535518 0.0001006198082590183 8.026474449943888e-05 7.015550697409497e-05 0.00011467266880465211 0.0002760637211278281 0.0002643778838381525 0.00022390778734411866 0.00015921479657019695 0.00018257323221605056 6.659974489845519e-05 0.0002036056670264138 0.0001793143515275288 0.00016783620287141242 0.00017466947417377673 0.00014250726738002025 0.0001500197318395142 0.00014436812109067262 0.0001121396202051119 7.483779183606976e-05 0.00011166178461709548 0.0002352791148900866 0.00020909266765263855 0.0001128174159704415 0.00020821187368755303 0.00020887912766110757 0.00011952419058905826 8.399899341530655e-05 0.0001371734011724436 0.0001278795256315862 0.0002783645599853318 0.00024811575741854296 0.00019550111229053784 0.00018232617491218227 0.00024252736772260096 0.00024027568533134603 0.0002762875396259216 0.0002961178098632975 0.0002581830583676315 0.00030969561152005093 0.0003190691860366315 0.0002951908939120493 0.0002047230424286537 2.559574438468061e-05 0.0002536810587192212 0.00025546646712639294 0.0002519222779402507 0.0001660370529453821 0.00022375243792891077 0.00022237592796461828 0.00020202438662144878 0.00019519171031014918 0.00015960879687646097 0.0002847786325802713 0.00022302669290589532 0.00011463241282936836 0.00016978291548890796 0.00016582905724975947 1.0000000000000001e-07 0.0001633118620423495 7.159063931946377e-05 0.0002602284900344623 0.0001625952793892541 0.00027635316591534924 0.00019991538694534529 0.0002245633553955777 0.000285661028020341 0.00027433930923851616 8.933374345134861e-05 0.00017015891828537242 0.000181008032265063 0.00014547874703392289 0.00018712707891998354 0.0002261200945845774 0.00014652169474666638 0.00011849265547761098 0.0001302565402541567 0.0001002958842002422 0.0001572130189081283 0.00020560256972334932 0.00021670810996753754 0.00012751001034604908 0.00016910591454214022 0.00020561762848949887 0.0001795842192346263 0.0002709722377541537 0.00024108852559613897 0.0002723055290087621 0.00027145845646471973 0.0001988017480256856 0.00021119234464557412 0.000256590142678091 0.00017240513439632714 9.324800102031208e-05 0.00018084797506404465 0.00013530908145052573 0.00019918724510359796 0.00023286466923466112 0.00011252722697748512 0.00016042485864720346 0.00019392271163959804 0.00017461242137504547 0.00012164636881224361 0.00016973931137006368 9.918103819194783e-05 0.00014382007457559317 0.00024569395805377917 0.0002819390972610618 0.0002676803318043331 0.00020382784085056074 0.00024533266542042 0.00024980501438515135 0.00011045269540473277 0.00017610058545770746 0.00017054993620072755 0.00010638174366467266 0.0002966081376366103 0.0002926244925475167 0.00021851346048221593 0.0001600249529363447 0.0001565794560602507 0.0001915311435236166 0.000196042749989392 0.00012485261458941777 0.00016622276745424723 0.0001884476668237172 0.00018617304394991148 0.00018570874142276067 0.00016755750195772344 0.00012878054063079138 0.00020006078355808783 0.00025053797200524415 0.00013053301761010912 0.00017251481715252958 0.00013736290768900637 0.00016379171752547335 0.00020457331416352554 0.0001756108374848499 0.0002759487402280652 0.0001685061142374068 0.0003023059254671081 9.783045504049761e-05 0.00013941777967248765 0.0002496693853010912 0.0002674813592811125 0.00024947495556385164 0.0002559836005378989 0.00013205546261062256 0.0002749986780019243 4.644919323782598e-05 0.00024251632282232691 0.00029376292602055395 0.0003050498640897485 0.0002560701955831018 0.0002658854875476987 0.0002494909907426655 0.0002967787895620963 0.0002777550510364712 0.0003014008587516288 0.00014834649547649647 0.00011658617021993751 8.878113593072253e-05 7.895178797641217e-05 0.0002751087644572925 0.00019851111374042684 0.0003024960457561306 0.0002815476684314644 0.00021429320026901904 0.00017101466697064008 0.00016305859545612158 8.344339898158683e-05 0.00014228571781822692 0.0001903126705370376 0.0001017071927321034 0.00019387875906407424 0.0002495176613482477 0.000269870112949923 0.00018802968578369872 7.390033918129359e-05 0.00012332371112534874 0.00021369609760635833 0.00022659230873903498 0.00020441742643216728 0.00021668501757739962 0.00014192757518504415 0.00029411815669863313 0.00010794510174829944 0.0001236783845364736 0.00015433397018371235 0.00027688895449052604 0.00027802412032849444 0.00031189620663421157 0.00023118677959704673 0.00016673698676616553 0.0002578908137782414 0.00020633010594382095 0.00022055629453732742 0.00011019082853895262 0.0001955608796117752 0.00025484818458992804 0.00024932707701387415 0.0002298229900265146 0.0001202390519887553 0.00012625866585856674 0.00023630308145480762 0.0001493036994510228 0.0002753385383626298 0.00032341116825122134 0.00019486684225303115 0.00015998387616734328 0.00023563636092485576 0.00016948976075967028 0.000146665775933616 0.0001688765334637653 0.00010773411003826621 0.00022701329255019585 6.343310575215634e-05 0.0001886781341647493 0.00020825504084258007 0.00020222388163938258 0.0002030597945422872 0.00014263763267720084 0.00015742015900669168 0.00022986804165779127 0.00022186874924974594 4.117204309296764e-05 0.00012048206807686113 0.0001758196876354688 0.000145755448151893 0.00015278994889310376 4.0215452090781e-05 0.00013839359485354267 0.00020612250657339688 0.00018299015978592766 0.00012283626306468714 0.00018681943954278822 0.0001470573713200099 0.00023913972398503582 0.0001494578556298217 0.00015901564999505548 0.0002143831545506393 0.00015492404257007525 0.00014362874916972376 0.00024154860254269758 8.512891741225752e-05 0.00020215147649709723 0.0003018155625150181 0.000293038666583195 0.0001830107908347798 0.00018203338740779306 0.00023155906645384885 0.00027706334287421337 0.0002431494059836027 0.0002185985287224526 9.807935929958769e-05 0.0002076987653641676 0.00025953773818518014 0.00024384367480145721 9.814021303327663e-05 0.00017836894817930998 0.00018881065669652575 9.489041696985186e-05 0.00014177371545972132 0.0001986437109731508 0.00020159782284029514 0.0002213772728404865 8.978186208297254e-05 0.00024105750627801694 0.0001953921021580294 5.524137149665159e-05 3.515014890424674e-05 0.00016136884887196234 0.00016213255370670925 0.0002991482386059296 0.00028608956341647066 0.00030838782093453815 0.00024936501898189834 0.00020982813979107377 0.00022655212377174766 0.0002700005295330598 0.00018338141414792265 0.00019909170251256872 0.00021835671824773647 0.00019476215182019519 0.0001862382809479623 0.00020571915649059472 0.00015072331323203757 0.0001630191507424062 0.0001586089804728848 0.0001512074069520973 0.00012725601371838782 0.00015966642641443006 0.00017313765126709634 0.00021248022000065436 0.00018743967898247416 0.00016914464456707092 0.00025965009130681725 0.00020828379372964147 0.00015165237611688016 8.11167464400698e-05 0.00021882627197883576 0.00011044307263098746 0.00010436355295040298 0.0001446084830653479 0.00026231576378712166 0.00031610174588439646 0.00030864318952218787 0.000303279328815212 0.0001078672900425357 0.00012281115092491115 0.0003341818925480195 0.0002624847281697592 0.00014288795339475089 0.0001883632223234876 0.00026040361630785483 0.00025797727297108595 0.00014092487192910174 9.245836623401206e-05 0.00012971034677736467 0.00022625941225150588 0.00021442517087737645 5.6264933359991185e-05 0.0001553528551455078 0.00022779868265965702 0.00022842212049081163 0.00031740151418050534 0.0002798214583393644 6.459248525201219e-05 0.00011812039083426487 0.00022065189691401022 0.00014767410801727203 0.00018880672966868528 0.00011205026788742993 7.689844497677015e-05 0.00020798825252659855 0.00018888910352066537 0.00011207329101473908 0.0001892587786810648 0.0001897360466168481 0.00023414093057758033 0.00019093499773202905 0.00014518047983253218 0.00016120912118929156 0.00015672583738638907 0.000125957563643767 0.0002394185878765512 0.00017351793856832065 0.0001840092903027535 0.00017445040762101833 0.00017532354976742607 0.00022489371819282334 0.00036106035234521725 0.000273365264454727 0.00023116079828579787 0.00022408991370490296 0.00021038441847319195 0.00018421876459356347 0.0003063674444869095 0.00010921020828426757 0.0001135606719932321 0.000218420750974659 0.00031095800807482197 0.0002345659909849059 0.0002418814442713356 3.9932632472911775e-05 0.00010312239153650956 0.00010776541317952138 8.635059657193973e-05 9.408747605762608e-05 0.00022362739039064798 4.3098556540956705e-05 0.000217314560354211 0.00028214673817488037 0.0002288559237480808 0.00018795379653129208 0.0001828809390391296 0.00027257340307096443 0.0002123833932745301 0.00011438047797517856 6.834503024799783e-05 0.00014638422907055444 0.00023954566235300567 0.00023745010021165784 0.00012868397957641078 0.0002219448748999598 0.0001924994619293646 0.0002993087431412491 0.0002981765914493067 0.0002304366116165489 0.00021429870451157782 0.00013102044160315202 0.0002336110201672259 0.0002345427012228259 0.00017770314184004695 6.99890504139471e-05 8.389807951708164e-05 0.0002450023692182391 0.00020782000104985424 0.00021529610976372504 4.760128015958005e-05 0.00029632779895875005 0.00022018432662698463 0.00019851265403238687 0.0001349685633683615 0.00011881040048283038 0.0001716183042019371 0.0001866335461103486 0.00022575134791624727 0.00019322953843195267 0.0001957064016069864 6.300531971950834e-05 0.0001992233681928043 0.00019276703935850692 0.00010866798074906744 0.00018777565170448977 0.0002812989468091385 0.0002518116350050926 0.00026926542520888615 0.00024436311222033723 0.00023187341471938658 0.00016100988168748787 0.00016357486979038787 0.00016568317922707886 0.00014821624740955243 0.00014153245471428832 0.00018317362267787044 7.587685200357731e-05 0.0002230170516866914 0.00021805639186295482 0.00020614678731890407 0.00016907538299805434 0.00012657097183973225 0.0002526287271313522 0.00021355735663830872 0.00012451271418004037 0.00027869927625967115 0.0002726886728332808 0.0003338019244011729 0.00028039927110125307 0.00018517642090657262 0.000246217483076165 8.104147563181255e-05 8.172466344557649e-05 7.069611076649963e-05 0.00021807484829572678 0.00021945372983429376 0.00034288674367293295 0.0001950595133576496 6.705953788875485e-05 0.00012676206139785855 8.563870287511259e-05 0.00022656317068521875 0.0003706438709834132 0.0002174154407590869 0.00015637828052527078 0.00019534927573174832 0.00018187988229924291 0.0002977933860281704 0.00019367221733815524 0.000224881024566018 0.0001912737248807834 0.00026258681580354287 0.000186080275971586 0.00023161577233455114 0.00024082227683500386 0.00016992412481487833 0.00020819069595694192 0.0002123893106307502 8.227276713480312e-05 0.00021034175657815222 8.604419632112131e-05 0.00011978982093489123 7.4185296732993e-05 0.0002271927303142408 0.00023908598824660807 0.00013636343137669386 0.00021561952869425183 0.00011920072014739981 0.00018064541753442544 0.00019124186151348973 0.00021897223854837295 0.00022371264326032477 0.00018965105861980784 0.00023589242795339345 0.00021177558325701876 9.548482197822397e-05 0.00013306292697196352 0.0001676258497219575 0.00010840011886743806 0.0001135208693456077 0.00028863063717151196 0.00022582082851164528 0.00028035229332861985 0.00028649980903572086 0.0002751686453369078 0.00023369446281828126 0.0002370853616836212 0.00034469590955484383 0.000271213868680417 0.000244282925459857 0.00027382885903447435 0.0002163203048493818 0.0002452139323435155 0.00015144877931079834 9.872483545084998e-05 0.00015912944375709527 0.00013335589680651207 0.00018158217132399238 0.00017201761499022373 0.00012863035523083763 0.00016811280664338893 0.00015189689709912014 0.00023430522060926694 0.00012761978113424386 0.00016978419322912844 0.00025422389328697253 0.0001577237251710029 0.00029945818126222393 0.00016424225704782575 7.133688746893484e-05 0.00014693681726080912 0.00029977872261565286 0.0002653140653670291 0.00028859824282507915 7.640116415223102e-05 0.00013285787666250472 0.00016252296361055887 0.00013396400324202653 0.00011247433989246305 0.00021419663195516793 0.00019229153207141054 0.0003442541529868828 0.00014136761071257179 0.00011402878621826435 0.00022913043196434472 0.00022121636744085204 0.00015019179851825777 0.0002336024600431508 8.989396232223062e-05 0.0003145443628781303 0.00027161638655959534 0.00031526348780977134 0.00028005117287403764 0.0002741580127492338 0.00025299929419977767 7.924269933281083e-05 0.00020958183546558465 0.00013194567964560624 0.00012707630960940043 0.0001704546908973945 0.00019812666027578285 0.00013063937380931553 0.0003432828128413679 5.862100972039573e-05 0.000131736549940014 0.0002560774701532867 0.00022469264651393914 0.00020223776670676535 0.00023556670234117758 0.0002425096651799186 0.0001231622133385705 0.00022125731432228281 0.00016736915491181932 0.0001830011071436305 0.00020675720637539012 0.0002130860953246203 0.00020940157183824395 0.00023177969247954763 0.000161445287719862 8.552281218080262e-05 0.0002654634203516643 0.0001332740935371152 0.000138314168703911 0.0001229944082138111 0.00010620433173532708 0.00021307159621168016 0.0003356237637060524 0.0002454932827636603 0.00022214516811132153 0.0002894469708884561 0.0002422513944546628 0.00023662051863925206 0.0002142914502359474 0.0001352638240728963 0.0002295431658911952 0.00016202629889936238 0.00012805916456576583 0.00019668192721367686 5.729124436906167e-05 0.00023354308009245595 0.00018960281764651728 0.00029428732165525425 0.00019318072619432415 0.0002226374768367865 0.00020803920177084193 0.00017583576843554743 0.0003074088184434158 0.00029538338315027233 0.00011218834158948335 0.0002555466645122211 0.00017147747453079678 0.00014802330962292604 0.0001789340389295506 0.0001986133438804065 0.00013023792226620983 0.0001529743118834257 0.0002551066645082593 0.0002762711957190739 0.00021752112219421447 0.00032674088175027165 0.00013818881979888294 0.00020155382921654798 0.00019143556553189638 4.8653885420590264e-05 0.00022021434502698923 0.0002001625509220391 0.00018584819799198035 0.00016727930535920268 0.0001291447445971274 0.0001647813216143913 0.00020869190559575846 0.00013034283006776285 0.00018102825619896383 0.00014197364179355793 0.00016440242221412083 0.0002818455475578227 0.00022932482891614318 0.0003198191951011901 0.0002114724445388646 0.0002335935514028967 0.00025416577903244347 0.00027304531228712506 0.00028292475012932215 0.00019514482239720992 0.00029214402449655 0.00021950623198103977 0.00018923491977751707 0.00015570362382331398 0.00022633963576978525 0.0002490586848709894 0.00027133422599651407 0.0002310142368320558 0.00017335666141597329 0.0001528055356977984 0.0001849622838546203 0.000199267400943464 0.00027072858062077387 0.0002532237024397898 0.00020770244181799325 0.00024904999278924555 0.00021335883856762875 0.0001424741637354471 0.00024881393421858326 0.00030956086239993197 0.0001480285417999 0.0002451155187175009 0.000280462407918895 0.0003320499161182534 0.00030276609236648707 0.0002554530257589443 0.0003237672134219112 0.00027002168571901093 0.0002411081292852378 0.00019938484487154584 0.00024056274290233507 0.0003009198847083933 0.00034027537235320645 0.00031705785247400223 0.000146731411283887 0.00026159394197972134 0.0003100964844124333 0.00030203636278768335 0.0002601797990574015 6.421443148001435e-05 0.00012035629337791838 0.0003240736571807256 0.00023969176739820452 0.00019994094168188616 0.0002256858144863709 0.0002476775847737811 0.00020663066034441402 0.00020053866124174097 0.0002150617661202515 9.491448382902856e-05 5.3205822449610894e-05 0.0003086168223920782 0.0002799590605276143 0.00016023970093647817 0.00027700296930248717 0.0002841172560813174 0.00018827388144594093 0.00026674248942475175 0.00028318024235473666 0.0002711225232408951 0.0002669650389258159 0.00022785412028839742 0.0002759763041353155 0.00013013981701458314 0.0002399744850599134 0.00014597506487216516 0.00013642415084289816 0.0002633851125461222 0.00025836603116362414 0.00017967610841540426 0.0002772785953638965 0.00025931287336373885 0.0002509220797609369 0.00021870911382115783 0.0001707219201926626 0.00017640143655795067</DataArray>
<DataArray type="Float64" Name="g_gap" format="ascii">0.0 0.0 0.0 0.0 0.0 0.0 0.0 0.0 0.0 0.0 0.0 0.0 0.0 0.0 0.0 0.0 0.0 0.0 0.0 0.0 0.0 0.0 0.0 0.0 0.0 0.0 0.0 0.0 0.0 0.0 0.0 0.0 0.0 0.0 0.0 0.0 0.0 0.0 0.0 0.0 0.0 0.0 0.0 0.0 0.0 0.0 0.0 0.0 0.0 0.0 0.0 0.0 0.0 0.0 0.0 0.0 0.0 0.0 0.0 0.0 0.0 0.0 0.0 0.0 0.0 0.0 0.0 0.0 0.0 0.0 0.0 0.0 0.0 0.0 0.0 0.0 0.0 0.0 0.0 0.0 0.0 0.0 0.0 0.0 0.0 0.0 0.0 0.0 0.0 0.0 0.0 0.0 0.0 0.0 0.0 0.0 0.0 0.0 0.0 0.0 0.0 0.0 0.0 0.0 0.0 0.0 0.0 0.0 0.0 0.0 0.0 0.0 0.0 0.0 0.0 0.0 0.0 0.0 0.0 0.0 0.0 0.0 0.0 0.0 0.0 0.0 0.0 0.0 0.0 0.0 0.0 0.0 0.0 0.0 0.0 0.0 0.0 0.0 0.0 0.0 0.0 0.0 0.0 0.0 0.0 0.0 0.0 0.0 0.0 0.0 0.0 0.0 0.0 0.0 0.0 0.0 0.0 0.0 0.0 0.0 0.0 0.0 0.0 0.0 0.0 0.0 0.0 0.0 0.0 0.0 0.0 0.0 0.0 0.0 0.0 0.0 0.0 0.0 0.0 0.0 0.0 0.0 0.0 0.0 0.0 0.0 0.0 0.0 0.0 0.0 0.0 0.0 0.0 0.0 0.0 0.0 0.0 0.0 0.0 0.0 0.0 0.0 0.0 0.0 0.0 0.0 0.0 0.0 0.0 0.0 0.0 0.0 0.0 0.0 0.0 0.0 0.0 0.0 0.0 0.0 0.0 0.0 0.0 0.0 0.0 0.0 0.0 0.0 0.0 0.0 0.0 0.0 0.0 0.0 0.0 0.0 0.0 0.0 0.0 0.0 0.0 0.0 0.0 0.0 0.0 0.0 0.0 0.0 0.0 0.0 0.0 0.0 0.0 0.0 0.0 0.0 0.0 0.0 0.0 0.0 0.0 0.0 0.0 0.0 0.0 0.0 0.0 0.0 0.0 0.0 0.0 0.0 0.0 0.0 0.0 0.0 0.0 0.0 0.0 0.0 0.0 0.0 0.0 0.0 0.0 0.0 0.0 0.0 0.0 0.0 0.0 0.0 0.0 0.0 0.0 0.0 0.0 0.0 0.0 0.0 0.0 0.0 0.0 0.0 0.0 0.0 0.0 0.0 0.0 0.0 0.0 0.0 0.0 0.0 0.0 0.0 0.0 0.0 0.0 0.0 0.0 0.0 0.0 0.0 0.0 0.0 0.0 0.0 0.0 0.0 0.0 0.0 0.0 0.0 0.0 0.0 0.0 0.0 0.0 0.0 0.0 0.0 0.0 0.0 0.0 0.0 0.0 0.0 0.0 0.0 0.0 0.0 0.0 0.0 0.0 0.0 0.0 0.0 0.0 0.0 0.0 0.0 0.0 0.0 0.0 0.0 0.0 0.0 0.0 0.0 0.0 0.0 0.0 0.0 0.0 0.0 0.0 0.0 0.0 0.0 0.0 0.0 0.0 0.0 0.0 0.0 0.0 0.0 0.0 0.0 0.0 0.0 0.0 0.0 0.0 0.0 0.0 0.0 0.0 0.0 0.0 0.0 0.0 0.0 0.0 0.0 0.0 0.0 0.0 0.0 0.0 0.0 0.0 0.0 0.0 0.0 0.0 0.0 0.0 0.0 0.0 0.0 0.0 0.0 0.0 0.0 0.0 0.0 0.0 0.0 0.0 0.0 0.0 0.0 0.0 0.0 0.0 0.0 0.0 0.0 0.0 0.0 0.0 0.0 0.0 0.0 0.0 0.0 0.0 0.0 0.0 0.0 0.0 0.0 0.0 0.0 0.0 0.0 0.0 0.0 0.0 0.0 0.0 0.0 0.0 0.0 0.0 0.0 0.0 0.0 0.0 0.0 0.0 0.0 0.0 0.0 0.0 0.0 0.0 0.0 0.0 0.0 0.0 0.0 0.0 0.0 0.0 0.0 0.0 0.0 0.0 0.0 0.0 0.0 0.0 0.0 0.0 0.0 0.0 0.0 0.0 0.0 0.0 0.0 0.0 0.0 0.0 0.0 0.0 0.0 0.0 0.0 0.0 0.0 0.0 0.0 0.0 0.0 0.0 0.0 0.0 0.0 0.0 0.0 0.0 0.0 0.0 0.0 0.0 0.0 0.0 0.0 0.0 0.0 0.0 0.0 0.0 0.0 0.0 0.0 0.0 0.0 0.0 0.0 0.0 0.0 0.0 0.0 0.0 0.0 0.0 0.0 0.0 0.0 0.0 0.0 0.0 0.0 0.0 0.0 0.0 0.0 0.0 0.0 0.0 0.0 0.0 0.0 0.0 0.0 0.0 0.0 0.0 0.0 0.0 0.0 0.0 0.0 0.0 0.0 0.0 0.0 0.0 0.0 0.0 0.0 0.0 0.0 0.0 0.0 0.0 0.0 0.0 0.0 0.0 0.0 0.0 0.0 0.0 0.0 0.0 0.0 0.0 0.0 0.0 0.0 0.0 0.0 0.0 0.0 0.0 0.0 0.0 0.0 0.0 0.0 0.0 0.0 0.0 0.0 0.0 0.0 0.0 0.0 0.0 0.0 0.0 0.0 0.0 0.0 0.0 0.0 0.0 0.0 0.0 0.0 0.0 0.0 0.0 0.0 0.0 0.0 0.0 0.0 0.0 0.0 0.0 0.0 0.0 0.0 0.0 0.0 0.0 0.0 0.0 0.0 0.0 0.0 0.0 0.0 0.0 0.0 0.0 0.0 0.0 0.0 0.0 0.0 0.0 0.0 0.0 0.0 0.0 0.0 0.0 0.0 0.0 0.0 0.0 0.0 0.0 0.0 0.0 0.0 0.0 0.0 0.0 0.0 0.0 0.0 0.0 0.0 0.0 0.0 0.0 0.0 0.0 0.0 0.0 0.0 0.0 0.0 0.0 0.0 0.0 0.0 0.0 0.0 0.0 0.0 0.0 0.0 0.0 0.0 0.0 0.0 0.0 0.0 0.0 0.0 0.0 0.0 0.0 0.0 0.0 0.0 0.0 0.0 0.0 0.0 0.0 0.0 0.0 0.0 0.0 0.0 0.0 0.0 0.0 0.0 0.0 0.0 0.0 0.0 0.0 0.0 0.0 0.0 0.0 0.0 0.0 0.0 0.0 0.0 0.0 0.0 0.0 0.0 0.0 0.0 0.0 0.0 0.0 0.0 0.0 0.0 0.0 0.0 0.0 0.0 0.0 0.0 0.0 0.0 0.0 0.0 0.0 0.0 0.0 0.0 0.0 0.0 0.0 0.0 0.0 0.0 0.0 0.0 0.0 0.0 0.0 0.0 0.0 0.0 0.0 0.0 0.0 0.0 0.0 0.0 0.0 0.0 0.0 0.0 0.0 0.0 0.0 0.0 0.0 0.0 0.0 0.0 0.0 0.0 0.0 0.0 0.0 0.0 0.0 0.0 0.0 0.0 0.0 0.0 0.0 0.0 0.0 0.0 0.0 0.0 0.0 0.0 0.0 0.0 0.0 0.0 0.0 0.0 0.0 0.0 0.0 0.0 0.0 0.0 0.0 0.0 0.0 0.0 0.0 0.0 0.0 0.0 0.0 0.0 0.0 0.0 0.0 0.0 0.0 0.0 0.0 0.0 0.0 0.0 0.0 0.0 0.0 0.0 0.0 0.0 0.0 0.0 0.0 0.0 0.0 0.0 0.0 0.0 0.0 0.0 0.0 0.0 0.0 0.0 0.0 0.0 0.0 0.0 0.0 0.0 0.0 0.0 0.0 0.0 0.0 0.0 0.0 0.0 0.0 0.0 0.0 0.0 0.0 0.0 0.0 0.0 0.0 0.0 0.0 0.0 0.0 0.0 0.0 0.0 0.0 0.0 0.0 0.0 0.0 0.0 0.0 0.0 0.0 0.0 0.0 0.0 0.0 0.0 0.0 0.0 0.0 0.0 0.0 0.0 0.0 0.0 0.0 0.0 0.0 0.0 0.0 0.0 0.0 0.0 0.0 0.0 0.0 0.0 0.0 0.0 0.0 0.0 0.0 0.0 0.0 0.0 0.0 0.0 0.0 0.0 0.0 0.0 0.0 0.0 0.0 0.0 0.0 0.0 0.0 0.0 0.0 0.0 0.0 0.0 0.0 0.0 0.0 0.0 0.0 0.0 0.0 0.0 0.0 0.0 0.0 0.0 0.0 0.0 0.0 0.0 0.0 0.0 0.0 0.0 0.0 0.0 0.0 0.0 0.0 0.0 0.0 0.0 0.0 0.0 0.0 0.0 0.0 0.0 0.0 0.0 0.0 0.0 0.0 0.0 0.0 0.0 0.0 0.0 0.0 0.0 0.0 0.0 0.0 0.0 0.0 0.0 0.0 0.0 0.0 0.0 0.0 0.0 0.0 0.0 0.0 0.0 0.0 0.0 0.0 0.0 0.0 0.0 0.0 0.0 0.0 0.0 0.0 0.0 0.0 0.0 0.0 0.0 0.0 0.0 0.0 0.0 0.0 0.0 0.0 0.0 0.0 0.0 0.0 0.0 0.0 0.0 0.0 0.0 0.0 0.0 0.0 0.0 0.0 0.0 0.0 0.0 0.0 0.0 0.0 0.0 0.0 0.0 0.0 0.0 0.0 0.0 0.0 0.0 0.0 0.0 0.0 0.0 0.0 0.0 0.0 0.0 0.0 0.0 0.0 0.0 0.0 0.0 0.0 0.0 0.0 0.0 0.0 0.0 0.0 0.0 0.0 0.0 0.0 0.0 0.0 0.0 0.0 0.0 0.0 0.0 0.0 0.0 0.0 0.0 0.0 0.0 0.0 0.0 0.0 0.0 0.0 0.0 0.0 0.0 0.0 0.0 0.0 0.0 0.0 0.0 0.0 0.0 0.0 0.0 0.0 0.0 0.0 0.0 0.0 0.0 0.0 0.0 0.0 0.0 0.0 0.0 0.0 0.0 0.0 0.0 0.0 0.0 0.0 0.0 0.0 0.0 0.0 0.0 0.0 0.0 0.0 0.0 0.0 0.0 0.0 0.0 0.0 0.0 0.0 0.0 0.0 0.0 0.0 0.0 0.0 0.0 0.0 0.0 0.0 0.0 0.0 0.0 0.0 0.0 0.0 0.0 0.0 0.0 0.0 0.0 0.0 0.0 0.0 0.0 0.0 0.0 0.0 0.0 0.0 0.0 0.0 0.0 0.0 0.0 0.0 0.0 0.0 0.0 0.0 0.0 0.0 0.0 0.0 0.0 0.0 0.0 0.0 0.0 0.0 0.0 0.0 0.0 0.0 0.0 0.0 0.0 0.0 0.0 0.0 0.0 0.0 0.0 0.0 0.0 0.0 0.0 0.0 0.0 0.0 0.0 0.0 0.0 0.0 0.0 0.0 0.0 0.0 0.0 0.0 0.0 0.0 0.0 0.0 0.0 0.0 0.0 0.0 0.0 0.0 0.0 0.0 0.0 0.0 0.0 0.0 0.0 0.0 0.0 0.0 0.0 0.0 0.0 0.0 0.0 0.0 0.0 0.0 0.0 0.0 0.0 0.0 0.0 0.0 0.0 0.0 0.0 0.0 0.0 0.0 0.0 0.0 0.0 0.0 0.0 0.0 0.0 0.0 0.0 0.0 0.0 0.0 0.0 0.0 0.0 0.0 0.0 0.0 0.0 0.0 0.0 0.0 0.0 0.0 0.0 0.0 0.0 0.0 0.0 0.0 0.0 0.0 0.0</DataArray>
<DataArray type="Float64" Name="heat_i_to_j" format="ascii">-5.827111567096098e-06 2.621627584593622e-05 -2.1594834367036298e-05 1.2056700881521528e-06 7.180020033596143e-06 -4.82515710049632e-06 5.143209550986506e-06 -5.709729940222138e-06 -1.7600019873873852e-06 -2.8340556434264686e-08 1.9764236341622626e-07 2.2906453771864073e-06 -2.4882877406063286e-06 6.120683591304245e-07 -1.1160070086872788e-05 1.0548001727707337e-05 0.0 1.2197886142807294e-05 1.0564861211552644e-06 -1.3254372263934423e-05 -1.5843028959493865e-06 2.462112937256212e-06 -7.8498559354997e-06 6.972045894173906e-06 -2.3836161462147238e-05 8.340342420455136e-06 1.5830257664624272e-05 -3.3443862284410666e-07 4.386428555076416e-09 1.1223456275067116e-05 -1.1921466295769266e-05 6.936235920859286e-07 2.4046258629307967e-06 6.580695350693702e-06 -7.179194246331021e-06 -1.8061269672996418e-06 2.6947846941889482e-06 4.026064878101879e-06 2.4435042649499417e-06 7.148659068073519e-06 -3.949509779608236e-06 2.056646135012882e-05 -1.6616951570379464e-05 2.0721874238241963e-05 6.811876327823086e-07 -2.0435606170096697e-06 -4.7704081535047015e-06 7.677590217510178e-06 -4.190423744331387e-06 -4.893202315063631e-06 6.176443995412858e-06 1.8542713175863118e-06 -1.4243293071399421e-05 -7.1476333345367936e-06 1.9558317577209327e-05 -2.16624888554222e-08 -2.4294158488957155e-05 2.9130350007369706e-05 -1.907603868071711e-05 1.4239847162308217e-05 -3.6266995188660007e-06 9.823861058674495e-06 -9.296483029133825e-06 9.185714893804049e-06 -6.086393404450172e-06 -5.8827711059772705e-06 2.2538275343545863e-06 3.6289435716151575e-06 0.0 5.733612642735497e-06 1.622425442517924e-05 -2.1953480639299765e-05 -3.870605533977584e-06 -1.8927331584744688e-06 -7.717600193207128e-06 1.3480938885655284e-05 3.262509670941862e-06 8.647302907751318e-06 9.097838247568794e-06 -1.4635134996546424e-05 -6.372515829675693e-06 -8.956666169609048e-07 -7.6065879916976344e-06 -2.550990886585261e-06 1.1053245495257126e-05 -9.78640027469042e-06 -2.4766318400030705e-06 -8.353641745258154e-06 2.6212800865413597e-05 -4.335564513566813e-07 -5.162570554123122e-06 -8.541466325735615e-06 -4.263813963356595e-06 3.018880014380242e-06 -1.9611015614477977e-06 -1.1620932368805245e-05 -2.5746883496598387e-06 1.059346343249721e-05 5.563258847474977e-06 1.614792571464203e-05 -1.6347084775406883e-05 -1.575158363137783e-05 1.5950742692106238e-05 1.8209563276758866e-05 5.480484516609697e-06 -1.251642055143507e-07 1.9016096867352855e-06 4.511670997290493e-06 -4.792356210992334e-06 -1.620924473039834e-06 -1.3358302692280193e-05 9.503760661090543e-06 3.854542031160876e-06 1.9082023744132197e-05 -1.3314144227670988e-05 -2.960875330190819e-06 -2.8070041863008006e-06 -1.2074115476016183e-05 -8.167848478456714e-06 2.31642018531862e-06 1.7925543769139724e-05 1.298561486711043e-05 5.184682089273892e-06 3.5174260569149756e-06 1.2336266142791174e-06 -8.708335513774138e-06 3.957282842555916e-06 -1.6594455931333368e-05 -1.5288470477175467e-09 1.7817437035001282e-07 -1.7664552330254336e-07 1.0644888762053812e-05 -1.0042295999253182e-05 9.798044796795325e-06 -9.260439477626719e-06 9.504690680110976e-06 -5.190255561994658e-06 4.936524531097833e-06 1.3268175250939371e-05 -1.3014444220023226e-05 -1.101237335147765e-05 2.4179295158732077e-05 6.435934898824031e-06 -8.188096096797717e-06 -1.1414760609267853e-05 -2.071113472704407e-06 2.9764406215057305e-07 8.778027936081899e-07 2.4610615244383804e-06 -4.056350411347222e-06 3.999914749842734e-06 7.863812382147628e-07 -7.53131042351817e-06 -5.05860791174594e-06 -3.078976745848459e-05 7.52545856528954e-07 9.246175409852051e-06 -1.1999077378245065e-05 1.653896497334665e-05 -1.4538608861473992e-05 -2.302001325396785e-06 -7.883249154312235e-06 1.195281851317115e-07 1.0065722294566645e-05 1.9616251731540418e-05 -2.3596355411579083e-05 3.980103680009024e-06 3.3050199836087912e-06 -1.4744137210422391e-06 6.158383338699964e-06 -4.208359641635189e-06 4.392485147744074e-06 -8.17311510739805e-06 -2.7196661088797513e-05 -4.838507176154848e-07 -6.309747137864656e-07 -2.148314923272117e-06 2.0669521798750316e-09 -2.0669521798657705e-09 5.545246229652814e-06 -3.4616757545285585e-06 1.4851531466991573e-05 -1.6935101942137775e-05 -3.4489607337984565e-07 1.5388662154131417e-05 -1.504376608074177e-05 1.0040329672878408e-05 8.370905579205587e-06 -1.1231215218478985e-05 -4.602133291571376e-07 3.1924248431853098e-06 1.1905630367612535e-05 -8.057146531023795e-06 -3.880690996670692e-06 -2.7845368134048633e-06 -5.490397270289279e-06 -2.2892534116015005e-06 -1.5374040250447046e-07 7.442465450927249e-06 -4.999471636818752e-06 -2.213917905189711e-10 2.2139179051406572e-10 1.2725978412057283e-05 3.315926473377841e-06 -1.4352304499872605e-05 1.2048373817211051e-05 5.33818660320183e-07 4.654402581156302e-06 -1.627420325869663e-05 1.1085982017232505e-05 -3.0153291330429783e-06 9.568300005406126e-06 -1.9338183418903994e-05 9.685047573383122e-06 6.235331332677504e-07 2.6205021839922027e-06 -1.912732167323062e-05 1.5755993931221318e-05 9.484679214115797e-07 7.74482761792276e-06 -7.880147614553179e-06 1.353199966401766e-07 2.18869914166095e-05 1.963179164979205e-06 -2.592128405432605e-05 1.2118539402181956e-05 -2.0660005727899544e-05 4.122876375377296e-06 -1.6365685434043166e-05 1.3755295987805925e-05 -1.5124869291116062e-06 1.2564069692138406e-06 2.9886730735197034e-05 1.9505712679218676e-05 8.999159103884555e-06 -1.47510878892579e-06 -1.450625160825349e-06 -6.0774768408118155e-06 -5.82549988422469e-06 1.0274706650125781e-05 -1.0274706650128905e-05 5.7552592638127625e-08 -5.755259263810135e-08 -1.73605052650773e-07 2.049899818758423e-07 -3.138492922520706e-08 0.0 4.8574371916997265e-06 -4.465103998093394e-06 5.152913036056129e-06 9.991019688753461e-07 5.3979848323199005e-06 1.3996995237822159e-05 -4.5998881476331775e-06 0.0 -1.0042295999272225e-05 2.612363013238733e-06 1.6827786656773057e-05 2.0237573049796227e-05 -5.624695070761325e-06 -5.498160755516593e-06 1.4557940505148336e-05 -5.787628133419849e-06 2.352543454483383e-06 1.7297133689616608e-06 -1.02308947563805e-05 8.501181387501948e-06 4.6146098914474725e-06 1.787980847032928e-05 -1.4288560340308405e-05 -1.1465813737067224e-05 5.161565402265052e-06 -3.6507894595923922e-06 -1.1173603411167693e-05 -1.0347522321294217e-05 -4.025927245818219e-06 -8.250014499229834e-06 1.8971498760194727e-05 -6.695557015160578e-06 -4.225845826656626e-06 6.839783731493401e-06 -2.227585011779637e-05 1.966191221289349e-05 -1.2719184132310295e-05 -6.201285138840434e-06 1.306755970789384e-05 9.15848873381699e-06 -3.3055791705716378e-06 1.4654677542090923e-06 7.367679969840367e-06 -1.22948234786093e-05 1.3854230577335714e-06 2.242321732961869e-06 -8.735030701722531e-06 5.107285911055317e-06 -2.6728050453627783e-06 -7.358986058247116e-06 -1.8816749917608568e-06 -2.5710712237054117e-06 7.069989310364844e-06 -7.92603248597089e-06 1.3383825797536783e-05 8.02898910580046e-06 -2.0022953067458344e-05 -1.9021256818126003e-06 -4.714499705502636e-06 6.616625387311623e-06 4.221411176817325e-06 1.2513318612543276e-06 2.030803444112986e-05 -1.2548231661651751e-05 -6.593072230024524e-07 -8.226664879350734e-06 1.9132202438508376e-05 -9.052109698279647e-06 4.773296314486733e-06 1.2301908731785524e-05 -9.531060375576066e-07 -1.8209563276746895e-05 1.0933045736476716e-05 3.6315421832916115e-06 -6.2055655404691845e-06 -8.512293853397245e-06 -1.1490389732041068e-05 -8.528960324169272e-06 -3.6744901079158107e-06 1.6577969083190783e-05 -7.430380080994813e-06 -5.473098894297715e-06 -9.659157813474154e-06 -5.394958648621698e-07 -4.416788662011085e-06 -3.5046698592839307e-06 5.5963952277084084e-06 5.869391230688511e-06 4.8189124681748755e-06 -1.551728655725071e-05 -7.674123691933352e-07 3.816195281140562e-06 5.331255607928685e-07 2.6389223681331596e-06 -1.1732814097353736e-05 1.2422161104817438e-05 -3.0919262177663605e-05 -2.1098430199388753e-08 -1.3050070772176795e-05 8.025456954118314e-07 9.161370085643288e-07 -5.106064795372858e-08 9.722203908364929e-06 2.6694096449104233e-05 -2.849966511479206e-05 -8.781711603349562e-06 -5.495317110492635e-06 1.4794374355956413e-06 3.759183361128033e-07 2.37597857676634e-05 -2.0119824428816324e-05 -5.116429153559523e-06 1.6809758745261815e-05 -2.5224274150872713e-05 2.5185712077461193e-06 1.3877954096805792e-05 -1.268116519365492e-05 -4.338701507664486e-06 3.14191260452e-06 -1.5773086169448272e-05 -3.912811095112994e-06 1.6773033271315153e-05 -1.3789884466499392e-06 -3.69801899804099e-05 2.0491509682124082e-05 -1.8495702685019206e-05 1.9590338158588496e-05 3.1644650006430984e-06 -2.015600627217782e-05 -1.611652886410404e-05 2.3738877366064237e-06 2.9354494452684485e-05 -1.17226593128482e-05 -2.496524256505361e-06 -2.175778150034523e-05 2.4792628531423118e-05 1.2914049907345008e-05 1.2870620952367396e-05 -1.9009632671511626e-05 -6.6893484315827024e-06 2.0976098260473096e-05 -8.605056676234616e-06 4.5578971948919606e-07 1.5608233415294634e-06 -3.733674730504388e-06 1.4051386678966246e-05 -2.433379135892039e-05 2.2514406991495967e-05 2.6754941846399684e-05 6.299988551927125e-06 -1.3672732832091726e-05 -1.5712533094138492e-05 -3.6696644720321518e-06 9.038557630284014e-06 3.143673440072177e-05 1.2408968853334332e-05 1.9002055631998982e-05 -9.265628337513764e-06 -2.8216288090207824e-06 2.9878623506462453e-06 -9.902660836066879e-06 1.254809565358043e-05 3.5682523866497065e-06 -1.890656714144135e-05 2.7902191011876662e-06 2.741451872745377e-06 -2.867503531723564e-06 -1.3545164218222986e-06 1.0770223151898129e-05 -9.289655071107297e-06 -5.928288922773366e-06 -1.1359362193561436e-05 1.1977981444146414e-05 8.715538794000239e-06 1.4889967006105256e-06 8.523591768734571e-06 -4.563068063873264e-06 2.6079740719478827e-06 1.5476908176789785e-05 -1.818003592121541e-05 6.960997667790648e-06 -1.5255118279655825e-06 -1.2984512853769077e-05 2.081469494178338e-06 -9.842841921176293e-06 1.3566691034417422e-05 2.4056388219434617e-06 -1.4211049697210043e-05 1.1805410875281267e-05 -9.885062148667932e-06 1.4946432763644373e-06 3.2773027484901472e-06 -2.892911471907027e-06 -2.2140725368772837e-05 3.014675296452831e-05 5.574698572880341e-06 7.182519108649451e-06 1.6853700286392764e-05 -4.364236502392238e-06 -1.1104444856446704e-05 2.034403136572338e-05 -1.5104219900048047e-05 7.583786437366499e-06 1.5654737770535076e-05 -1.2990996352422607e-07 -1.724398085337042e-05 1.755968654579971e-05 -8.999406767055453e-08 8.921546083657726e-06 -3.1106387298949624e-09 4.7387269823629e-06 -2.3274489491841386e-06 3.3017383956465053e-07 -2.858432501219773e-06 2.34062328295866e-05 1.6050786038494145e-05 -3.0440752616074307e-07 -3.6294178840697604e-05 1.2106053595700009e-05 -1.033959022358528e-05 -1.002814945714808e-05 1.3659670917441274e-05 2.001594496356904e-05 -1.3969770420537404e-05 -1.5705332356579157e-05 -3.8858131201778594e-07 -1.59628004723206e-05 2.7946971579198313e-05 -5.489960079520562e-06 -3.247869516536721e-06 -7.486584327856991e-06 -5.847754381198665e-06 2.287450571442761e-05 7.827492825657516e-06 7.562345675850669e-06 -1.2132419300737431e-05 -9.549716689585118e-06 1.217498895110058e-05 2.4349942828655213e-05 -5.817113489629922e-06 -2.6014233446554234e-05 1.1220191004215993e-05 -1.5913775847756322e-05 -2.458723381129962e-05 9.644302327463605e-06 1.1470365195393573e-05 1.6335153880149158e-05 -2.8364876358936147e-06 1.5488655856945606e-06 -3.4189425816440445e-05 6.7199862925445565e-06 2.5920573938174272e-05 -3.112808799632056e-06 8.53642028386882e-07 6.0312656383578336e-06 -4.493006129373776e-06 1.6878813449181999e-06 1.1020104890585618e-06 -1.1748080190263467e-06 -2.6535963263661207e-05 2.3750328292429907e-05 -4.370939836990465e-06 2.132216274525372e-05 8.616635371492534e-06 6.692193891354695e-06 -1.580168346708949e-05 -7.72914949554933e-06 8.222003699809724e-06 -2.17363618413517e-06 6.655997703493566e-06 -1.2037442472040093e-06 2.252077781504713e-05 -3.878970531992506e-07 -3.2340813683437703e-06 3.320180636746062e-06 -5.3764000570576935e-06 6.675723846487465e-06 -1.0908962627822424e-05 1.1714980700759653e-05 -6.394833458478669e-07 -3.0548667805786614e-05 -2.6685318530137345e-05 1.9421077573413072e-05 -9.210217334920148e-06 -1.2814313521647232e-05 2.8885872637581443e-05 4.0289917538468553e-07 -1.728852098063293e-05 5.58159775581799e-06 -9.438296802518667e-06 1.2029441214478255e-05 -1.1643254110250384e-05 -8.506628433740589e-06 8.019805034627177e-06 -1.1751455445960983e-05 -8.84926109598178e-06 5.411409702837906e-06 8.245323407564067e-06 -2.1152979058151727e-05 2.3790859061178358e-05 -2.6513220634823418e-05 1.0218607521284569e-05 -1.3723298743350876e-05 -8.475643407597165e-06 2.1247469173696762e-05 1.3839953619314525e-05 2.648196157009332e-06 -3.583152035153694e-06 -1.9445772709836696e-05 1.1195523707375822e-06 2.300725926135179e-06 7.888582538140789e-06 3.448836505427437e-06 8.778391886235618e-06 -2.7013885294509112e-05 7.924101903817127e-06 6.8625549990113825e-06 2.0270616666295868e-05 1.4761930994057056e-05 -2.962113795757353e-05 3.785724166082398e-06 1.4159152179240652e-06 -1.6450118189959023e-05 -1.3807636650375429e-05 2.4138853290634736e-05 1.1808286214725944e-06 3.4601462659972696e-06 -4.0044133900586645e-06 8.289094741920216e-06 9.52097093829272e-06 -5.435980683286528e-06 -2.0147176287255954e-05 -3.643237798995278e-06 1.3741680311789402e-05 -4.6734716297896775e-06 2.3365122752865755e-05 1.5128105931245829e-05 -3.3819757054283286e-05 -2.4339750514771287e-05 -3.697452939274212e-06 -1.3600120185095791e-05 4.707336059119507e-06 7.137668335612281e-06 3.5563696246447133e-07 1.8559235389879743e-06 1.3024632848932315e-05 -3.2044179100296726e-06 -2.053840387412673e-05 -1.4624010981188197e-05 2.574670760696044e-06 1.5172819713392043e-05 -2.384496471758211e-05 1.5418993895559285e-05 -1.0548094195071434e-05 1.9251820932999526e-05 1.3125607408808154e-05 -2.8207264809025696e-05 -6.916135213803532e-06 1.0485737086198264e-05 2.737304608192656e-05 -2.5727627277024343e-05 -5.215020677278663e-06 3.1551428438428174e-06 2.877649858211592e-06 3.3344378336752374e-06 1.4792849798200223e-05 1.2790056165174502e-05 -1.2168903409642378e-05 1.3940491898948628e-05 -1.5624312526177504e-06 -5.776502042619178e-06 1.9280548042255053e-05 -8.194098537713689e-06 -1.4116189857035819e-05 -1.4263587723444053e-05 -1.0504123939521384e-05 -6.37184330965858e-06 1.0437733086578989e-05 -6.537356425828939e-06 1.8711457319406804e-06 2.7112059418500033e-06 -2.5818335505419473e-05 -2.668809613245623e-06 6.640899899781575e-06 1.9135039276911675e-05 -1.2195726237300406e-06 -2.269818058426641e-05 2.0379378300360814e-05 1.4295715418194515e-05 -1.0757340510621341e-05 3.8988280875388756e-07 -1.375146632801342e-05 -1.521412637854481e-05 1.165532521341485e-05 1.4741977494305015e-06 4.1287359525154066e-07 1.2698644864582915e-05 -3.035654444396417e-05 7.109805384276403e-06 4.676897668040385e-06 7.632154727102525e-06 -6.386769535122525e-06 -1.5392629508708133e-06 -1.6331688486008744e-05 8.496750012026245e-06 -2.4882911896564045e-06 -4.414987356501183e-06 1.5271342580995036e-05 -5.882830915639801e-07 2.316888020878713e-05 2.1723641612500463e-05 -1.8437894442641595e-05 1.5252476526146768e-05 1.3501781248845362e-05 -3.0350644803226494e-05 -2.68361882705269e-05 2.8432575298738364e-05 1.7437070579393244e-05 -1.221308093261467e-06 -1.1247037779664121e-06 6.5511433742022374e-06 1.0173859525381126e-05 5.494348394629691e-06 -1.2823182610148832e-05 -2.328716277410398e-05 -3.2710201809351536e-06 1.8697771534044664e-05 -1.4874036977477753e-05 2.6016556459144984e-05 -3.282108060903592e-06 -3.408616610917482e-07 2.2905143543636057e-08 1.6659444441240464e-05 0.0 -1.4991872713252197e-05 -5.312897618119056e-06 5.173457999106738e-06 1.3035165559215071e-05 -3.7866243326919696e-06 -4.403450266454316e-06 1.5452545180307095e-05 1.7793955815133494e-06 -1.2828490495375859e-05 -3.2478695165471374e-06 -1.2089686465118402e-05 9.238659668930253e-06 -8.639362935820183e-06 1.4729672979115591e-05 -1.0956849474676839e-05 -1.7087530276361695e-05 -1.140727242267237e-05 1.437019218973619e-05 -2.5323460864286867e-06 1.6656956595691854e-05 1.7999336137646578e-05 -2.0246904171627244e-05 -1.613397262960683e-05 1.700255221688721e-05 3.6161685537962617e-06 -7.936414214096567e-06 3.0262040694054015e-05 7.000274702670614e-06 -6.585760059489149e-06 -3.273154701876082e-05 1.621335732832759e-05 1.1046504574612774e-06 -6.25296954888715e-07 1.0511816665176043e-05 -7.406717379102607e-06 -2.8554807291762077e-06 1.254043760825775e-05 -1.2495056438487127e-05 2.0747925697976806e-05 1.0002844093821129e-05 -6.141304507715429e-06 1.8412994879999092e-05 -1.5675872258664523e-05 9.968780304997456e-06 -1.737017542870285e-05 -1.1720587974302089e-05 1.0399720916944386e-05 1.3566048307446073e-05 -2.4745901483112196e-05 -2.403515702084777e-07 -7.589427925718155e-06 -2.335138734862079e-05 3.180172595544379e-05 -3.4401056406469876e-07 -9.240288721249928e-06 1.1339606783884084e-06 -3.131325507682368e-06 -1.7065854838076817e-05 -5.88711484912506e-06 2.527771952787761e-06 -1.5450744289232466e-05 1.6453631707975395e-06 -2.7136995161977573e-05 -1.0111568344573236e-05 -6.180210635965251e-06 -3.000377535168127e-06 -1.1211322078493616e-05 -8.227198370696196e-06 2.0738961005710983e-05 -8.040322830351614e-06 -1.8504191901781855e-06 -7.731073615500275e-06 1.9114894768463258e-05 5.877164198837725e-06 1.3882418714011107e-05 -3.6006963295215235e-06 -1.2710050077858295e-05 1.0548744809903903e-05 -1.980624973680149e-05 1.2454917532636797e-05 -1.9499120991521812e-05 1.138204399497613e-06 1.1536804467344107e-05 1.6073777548303782e-06 1.2340276140645318e-05 -2.2132288321994427e-05 1.78014737097208e-06 2.4984498623332057e-06 1.1885465513078147e-05 -3.126659109382164e-05 -4.491160721060179e-06 -2.9981378192412204e-06 2.85356753399386e-05 -2.90994206060239e-05 1.5861152269218836e-05 -2.3160530029449806e-05 -6.124197954316945e-06 3.526199124595384e-05 9.929028372075386e-07 -2.904966959968112e-06 9.947414287951374e-06 1.5057240008043438e-06 9.364477601090459e-07 -9.131520192491151e-06 -2.0909596900314826e-05 1.3140902567349162e-05 1.655151376539271e-05 -3.156754988234306e-06 2.3881597724422604e-05 -1.6792803680055539e-06 -9.30009752934591e-06 2.6242706465367072e-06 -1.421857899240424e-06 -3.014409679747362e-06 -5.6538872390951914e-06 -1.1486920694337337e-05 2.61453322563611e-05 -1.448750718018062e-05 -3.034375369496364e-07 4.720580537232438e-06 -1.250703927893338e-06 -2.2755613791838856e-05 2.7798507519107155e-05 -3.0214190485887616e-06 -5.4913512878699355e-06 -1.1363750467434088e-05 -3.5873892499732106e-05 -8.349471507885227e-06 1.3849882296122464e-05 -1.1883618379867692e-05 1.316589731897283e-05 3.2427748020212406e-06 -2.5386171175461565e-05 -2.5734213349180934e-05 7.386468062786148e-06 -7.700068309280825e-06 7.791681065654288e-07 2.515138872988732e-05 -2.7288128915415263e-06 -1.9810085772712824e-05 -2.4840395839325e-05 -8.253375387999093e-06 -1.2920345354658355e-05 1.1951154865579075e-05 -9.095667723739361e-06 2.028405718351734e-05 -6.433474804525844e-06 -3.2560790084122612e-06 -2.812287595162294e-05 1.1359882552452627e-05 1.62609884588207e-05 -2.2007195773858887e-05 -6.353775366038438e-06 9.175468328114253e-06 5.952177051776679e-06 -3.2030479320456026e-07 -2.7663046959804825e-05 2.956964749226425e-06 -2.3036375832061616e-05 -1.0296654250269225e-05 1.3302271950383525e-05 1.7073793382708957e-05 -8.812171823332683e-06 6.397308544701739e-06 2.402645684775771e-05 -2.1708226598444042e-05 8.379043050462363e-07 -3.439387554686954e-06 -8.050112127897744e-06 1.1407738483886143e-05 -1.1005554997248385e-05 -2.798128577577846e-07 -1.05709681143211e-05 8.107379262335192e-07 6.162731077403519e-07 3.139387113988602e-06 -1.5661163254227446e-05 -8.023485100634806e-06 8.366779660263147e-08 9.54802411611354e-06 1.4154441749223991e-05 2.6563469925596987e-06 -1.8554658203916407e-06 1.3449088861281009e-05 -1.2181906132456464e-05 -3.770745872603089e-07 2.0470798395131724e-05 3.7612465362317466e-05 -1.39441362882426e-05 -1.2616681768522733e-05 1.6469975591527402e-06 8.527050133274151e-06 -1.9476808345839857e-05 1.877590791934193e-05 -2.6945008838998666e-05 -1.5438316013961452e-07 1.9185596222849168e-05 1.875189680238124e-05 -1.5803702364901748e-05 7.63357843753648e-07 -1.826791336292369e-05 -6.395174788461404e-06 -5.766518563190862e-07 1.6439547997601815e-05 -6.829704955569234e-06 -6.992336546089822e-06 9.474554333457456e-06 4.838531859278121e-06 2.467093295053698e-05 5.2858589201586464e-06 -5.911052110596647e-07 4.569340327572596e-07 -2.1172704850892176e-06 3.892853700998081e-06 2.2808291802491554e-06 -2.8431300083651537e-05 3.278043859908687e-05 -6.6299676956592985e-06 8.78002697443546e-06 -2.0678468039515074e-05 2.368109613002827e-05 -1.8895335859074626e-05 -5.3844425967392925e-06 7.14321555253234e-06 -2.4627610934167032e-05 -9.192181712992006e-06 2.4439833372012252e-05 -7.898562375667688e-06 1.0191585468810376e-05 1.0321418759849467e-05 -8.05009038552001e-06 -4.564351467485706e-06 -1.6149285240488876e-05 9.616573055648281e-07 9.27253693388264e-06 2.2629986874069914e-05 -1.150993757270981e-05 4.046077570266245e-06 -1.3822945191427502e-05 -3.1238179965308736e-08 -8.294321135565018e-06 -1.3777633145063027e-05 -1.4971437695745112e-06 1.0217404142160286e-05 1.4523584750349792e-05 2.7704342311533056e-05 -1.9854258125472075e-06 -1.9887013252125957e-05 -1.8477028290708056e-05 -8.914516408111332e-06 3.8846406768878225e-06 1.148576268247738e-05 1.58249294530632e-05 1.3154682288888675e-05 -1.1357320605038857e-05 -9.809303286343245e-06 3.187619182292541e-06 1.797900470909625e-05 4.057260324997767e-06 -4.6311331013743455e-06 -2.710020897703204e-05 2.1565534373912105e-05 -3.617679155689881e-07 5.989853809806817e-06 -1.4354230081115954e-05 -5.630833618404598e-06 -2.4711105455880134e-05 -3.985762774469597e-06 -1.8942993443217905e-07 -9.508100007779922e-07 -9.374929028146107e-06 -1.0424214816534085e-05 1.6647165803577592e-05 -7.821341271941086e-06 -6.5195865746158955e-06 -2.00214951269787e-05 1.794192076244128e-05 4.85790701310241e-06 1.0324663465273524e-05 1.7228198796911534e-05 -2.1149759957559227e-05 3.1444477737850474e-06 1.3933802599676222e-05 -4.473419646828534e-06 -2.0179175019679465e-06 -5.534123109352244e-07 -4.235366066225605e-07 -2.4089660888286835e-05 6.760346113751702e-07 2.459344538878381e-07 1.813460380583405e-05 5.6893641521416244e-06 -2.889104784501622e-05 3.087251000344628e-05 -9.421103656186396e-06 -5.656252124881202e-06 1.1294844824922768e-05 -1.5380129169647795e-05 1.5114318517599599e-05 -9.62441122406565e-06 9.57624484018708e-06 2.099757174679804e-05 2.3194182265400945e-05 2.3400574249990495e-05 5.230495765373538e-06 -1.6698890011517526e-06 -6.07576587086085e-06 7.745654872011605e-06 -5.513238370944247e-07 4.998108913669408e-07 -1.7089849788894098e-05 6.324340177802143e-06 -1.3259279534495382e-05 9.605418173935558e-07 1.636180620552633e-05 -9.99512219808826e-06 -1.0006029780735034e-05 -2.2178989732123203e-05 -5.968377567773773e-06 -3.124263774588065e-06 -4.4788887669559365e-06 4.116545947502844e-06 -2.496534097100218e-06 -2.727596918671781e-06 1.5415495092814846e-05 -1.4998901402095723e-05 1.4263201680741383e-05 -1.701651032074385e-05 1.2635780888658923e-05 3.5751398856245153e-06 -1.0151708275468121e-05 1.1482238620282526e-05 3.484442380487508e-06 2.398932203001926e-05 2.482670933316404e-05 -1.1552308060404714e-06 -2.254938993036399e-06 -2.5344238157886204e-05 2.421390214048107e-05 2.9692907714552774e-06 -2.9521010791420973e-06 1.1304179056781057e-05 1.0058304893096809e-05 1.875759651967818e-05 -6.733160471305169e-06 -9.524054979634797e-07 -1.399892797409544e-05 1.2146170994852552e-05 -2.297073989921451e-05 1.9226689017667535e-05 -9.831863357431951e-06 8.186300482645631e-06 -1.7581126142877824e-05 -1.8861448275391187e-05 7.717721182485518e-06 -2.6735105412556074e-06 -1.797929765812749e-05 -1.580257197658671e-05 1.9119323067341916e-05 -2.590481706810713e-05 -2.160344041694817e-05 2.1247452797675753e-05 -1.7956911967500903e-06 -2.0279139102515857e-06 9.925167746890944e-07 8.763806626578366e-06 -2.0224790451958382e-05 -3.829229259089299e-06 -8.01313414770382e-06 5.7966424766935904e-06 2.4008286617281576e-05 -3.039166908083879e-06 -5.532065894699385e-07 -2.532116951191087e-05 2.0896022583046606e-05 4.056278912717199e-06 3.144387850089271e-05 1.3261904614221664e-05 2.0347953929536606e-05 -3.5528688753896055e-05 -8.828357133431324e-06 8.148814504803465e-06 -2.46736195095052e-06 6.433725460393822e-08 -2.646268028463005e-06 -2.3451040347464376e-05 2.5355659384561753e-05 -1.4586105353359855e-05 1.419869757903815e-05 5.707076199593831e-06 -5.217011035550624e-07 6.5984274777293435e-06 7.80486337213498e-06 -3.741356673182441e-05 -1.4360326138201597e-05 1.4371289250654419e-05 4.846474079215387e-06 -7.711430252395668e-06 -3.2884070753798476e-05 -1.0277921264919234e-05 7.475410663584646e-07 2.0963808685466985e-05 -2.2213264833029942e-05 -6.128377115050497e-06 -1.9348681302945275e-05 -2.749100286003029e-06 -9.170359130255955e-06 -1.3000058940006124e-05 -3.2745089036385764e-06 6.342619414213932e-06 -2.3492529856605712e-05 2.792624312355363e-06 -1.3649879724453936e-05 9.525696446808319e-07 -1.908245239929461e-05 2.2720754983389455e-05 5.709632339143723e-06 -6.8315282587561865e-06 -3.186862634712648e-06 8.752723739291416e-06 -3.1570857655708093e-06 -1.414396305998182e-05 -9.148190657310478e-06 9.534988662790823e-06 8.309744919480038e-06 2.4258723696783023e-05 2.0717021698868453e-06 -7.589493969095327e-07 -1.571261245505429e-05 1.0527257117620428e-06 3.0045346132756553e-06 4.009349518941801e-06 -2.6389686680681705e-05 2.8149338161916466e-05 -5.769001000331761e-06 2.853229955404097e-05 4.2625313765472396e-07 2.1139781328395638e-05 -2.7418394131871888e-05 -4.7491560397247354e-06 -1.1138536701390816e-05 3.280029878922488e-05 -1.7727472059674626e-05 -1.2408754305053615e-05 8.079641736568579e-06 -2.076511644210199e-06 -6.022124080437943e-06 1.7022148218750604e-05 1.2324589172577947e-05 9.934656424402292e-06 1.4058087905065514e-05 2.1478239610814032e-06 1.5758030741218484e-05 2.2342901568007025e-05 -1.2914647499090162e-06 9.979032557387847e-06 7.947145856531209e-06 1.1696875989842412e-05 1.0854675940483654e-05 4.4982409374903246e-07 2.04436849688714e-06 -6.140862337312551e-06 -1.9395033210134898e-05 -9.468915924166136e-07 4.842198729393309e-06 3.3634774222389612e-06 1.8243794632223793e-05 2.2715410022702015e-06 -3.0307154498322692e-06 1.1595022544266648e-05 1.1381902687224816e-05 2.9088219106096724e-06 1.4093008994142898e-05 -2.1574222178502677e-06 4.468889471211548e-06 -1.5165659140409492e-06 2.1055937636278886e-05 2.824362304155791e-06 -2.2620372115197295e-05 3.3680668361871663e-06 3.1455564359531204e-05 9.594288114660722e-06 -2.9746553979964257e-05 -3.383854784730688e-05 -3.2251361088906737e-06 3.064465224580094e-05 3.429762276765649e-06 -1.815413340384171e-05 9.679419978317295e-06 -6.997004488963906e-07 1.469303883327917e-05 -1.710942355659209e-05 -7.341786813130586e-06 -2.3031367477857768e-05 5.702471353463965e-06 -4.360696954715442e-06 -2.7716020821277723e-05 2.0423953665315772e-05 2.6203195474136003e-05 5.919436395451147e-06 1.5622140496114373e-05 -1.4140070155551705e-06 4.00662733001489e-06 -1.4733929443870285e-05 -2.132102372222299e-05 -3.53562141942045e-06 -2.5954570065918745e-05 3.7598829764901672e-06 -1.0966599934577594e-05 -1.544176314319236e-05 5.655984663029131e-06 1.5660856675229337e-05 -1.4030482374073403e-05 7.499085957900511e-06 4.990758793369134e-06 -7.445461588630864e-06 1.3865160515788726e-05 -4.7596179963257854e-05 2.4673693233285503e-05 -5.7158110887462495e-06 -2.790021251138456e-05 2.8045604250404917e-06 -4.479901174481638e-07 2.5665870185290113e-05 -1.7712454430235675e-05 3.575513372727595e-06 1.1747462565355312e-05 2.871279554006847e-06 -1.376238209769473e-05 -7.0252360898250415e-06 2.389912609084858e-05 1.2427779110866754e-06 7.415026687991045e-06 -1.978168265150199e-05 -2.8377405189264668e-05 7.76134717061698e-06 1.1743161164222112e-05 -1.1860162344215809e-05 -2.9173809317597643e-05 -1.456128291246321e-05 -2.8566729406595034e-05 -1.2746296489476545e-05 2.821770514395382e-06 2.6634648549855783e-05 -1.9981608040431953e-05 7.295236874483617e-06 -4.312385136088683e-06 -2.1181434425012994e-05 3.2617875920391775e-06 -7.656266759595752e-06 3.8976507879322264e-05 1.4484596010698693e-05 -1.7369226414843345e-05 3.2351226451993556e-06 -4.495341307336715e-06 -1.4481250696976233e-06 1.0965942377924056e-05 -9.517817308208993e-06 1.2005862515920944e-05 1.222561677075031e-06 -9.609970307620092e-06 -5.236150285374295e-06 9.70903549631264e-06 -2.0817484969233826e-05 -3.1807655336709483e-06 1.9814410485572185e-06 2.766423513814636e-05 1.7434095400658418e-05 4.2479138222208145e-05 -2.4440487558424447e-05 1.3810167771634055e-05 -2.6725352761240726e-05 -3.0288317973671213e-05 3.757466665975942e-05 -1.1060074865769989e-05 -2.02582358507262e-05 -1.7087177481585178e-05 -9.039055312838082e-06 -2.062324550039447e-05 -1.1222805734612114e-05 -1.0436498942302202e-05 -2.9422603718687323e-05 -7.150802919390154e-06 -1.3282974541315667e-05 2.747616488619267e-05 -1.5506349728633263e-06 1.9313579361470487e-07 -2.913841771221847e-05 1.8821538527625845e-05 2.4239796085678303e-06 3.152538448824599e-05 -6.9205771036676525e-06 -9.681187814496368e-08 -7.0850005903484505e-06 -6.0314882815162114e-06 1.115209329394511e-06 2.575993021876609e-05 -1.1148548453411517e-05 -1.2850293094664115e-05 2.3457187149571256e-07 -5.1994907060499435e-06 2.9018478914385314e-05 1.4389727334669862e-05 2.73872343547541e-05 -2.994829081532903e-05 1.0377288893827586e-05 1.238891336180281e-05 -3.704018973523917e-05 -1.5837909993978023e-05 -1.4215867693703951e-05 -2.9854691392467047e-05 -1.1607715739013926e-05 -2.5566892719260374e-05 1.9737524136832858e-05 -2.333333833461861e-06 -2.5701992474976415e-06 -2.249898153407486e-05 3.0979690969495944e-05 2.0879424444265387e-05 2.0696569868161557e-05 -1.5431491323868606e-05 3.1787463385691315e-05 1.9233242394855395e-05 2.470392561730468e-05 -1.171789885799371e-05 2.515099308450768e-06 -2.6299018114333286e-05 -3.7711469063790518e-06 -6.793359403130959e-06 2.8184537360541724e-05 -4.5461705704877025e-06 -1.1374200412493048e-05 1.1529549320669999e-06 2.3843513932706225e-05 -1.769620200686443e-05 3.631924744832913e-06 1.0135152165959777e-06 2.619140414593749e-05 9.9949236503161e-07 -2.2278530597950982e-05 1.1384205330920537e-05 -1.5541253083110556e-05 3.37060378948468e-05 -3.532659055839415e-06 -2.460634439109672e-05 7.049482634579593e-06 -1.9846352222484163e-05 1.4031099551212946e-05 3.0035681423709566e-05 -2.261841670686751e-05 2.57461864699551e-05</DataArray>
</CellData><Points>
<DataArray type="Float64" Name="Points" format="ascii" NumberOfComponents="3">0.00642808 0.00850785 0.0115569 0.00576489 0.00726877 0.0106202 0.00642808 0.00850785 0.0115569 0.00724534 0.00889501 0.0128746 0.00642808 0.00850785 0.0115569 0.00678456 0.0090854 0.0100989 0.00642808 0.00850785 0.0115569 0.00471875 0.00913109 0.0110649 0.0120993 0.00865447 0.0127393 0.0124763 0.00736174 0.0132726 0.0120993 0.00865447 0.0127393 0.0132016 0.00778606 0.0117859 0.0120993 0.00865447 0.0127393 0.0108569 0.00800966 0.0136238 0.0120993 0.00865447 0.0127393 0.0112751 0.007498 0.0117824 0.0120993 0.00865447 0.0127393 0.0136924 0.00967478 0.0128075 0.0120993 0.00865447 0.0127393 0.0113447 0.0104497 0.0127523 0.0038046 0.0107001 0.00256378 0.00320212 0.0120724 0.00255199 0.0038046 0.0107001 0.00256378 0.00547346 0.0105125 0.00304888 0.0038046 0.0107001 0.00256378 0.0036057 0.0100285 0.000962276 0.0143451 0.0094767 0.00275256 0.0126963 0.00955662 0.00300749 0.0143451 0.0094767 0.00275256 0.0154837355204829 0.0105971 0.00228405 0.0143451 0.0094767 0.00275256 0.0149617 0.00820167 0.00403522 0.0151944 0.00208165 0.0146206 0.016078813520482897 0.00126421 0.0137264 0.007736 0.0137346 0.00683211 0.00903643 0.0146671 0.00725954 0.007736 0.0137346 0.00683211 0.00862737 0.012094 0.00754645 0.007736 0.0137346 0.00683211 0.00713026 0.0123607 0.00565307 0.00651416 0.00667835 0.00581867 0.00765947 0.00548718 0.0060739 0.00651416 0.00667835 0.00581867 0.00696398 0.00848199 0.00652405 0.00651416 0.00667835 0.00581867 0.00582758 0.00764958 0.00422724 0.00651416 0.00667835 0.00581867 0.00481886 0.00737393 0.00641349 0.00398258 0.00278295 0.00234325 0.0034855 0.00210203 0.000925726 0.00398258 0.00278295 0.00234325 0.00510559 0.00374798 0.00314021 0.00398258 0.00278295 0.00234325 0.00381303 0.00231532 0.00419777 0.00398258 0.00278295 0.00234325 0.0025344 0.00410395 0.00231367 0.00675508 0.0147449 0.00334001 0.00538414 0.0145883 0.0032387 0.00675508 0.0147449 0.00334001 0.00602244 0.0136649 0.00441463 0.00675508 0.0147449 0.00334001 0.00848536 0.0144564 0.00259723 0.00675508 0.0147449 0.00334001 0.00718199 0.0166450145204829 0.00348071 0.0082447 0.00308038 0.0102432 0.00747626 0.00212588 0.0110825 0.0082447 0.00308038 0.0102432 0.00776602 0.00353625 0.0115583 0.0082447 0.00308038 0.0102432 0.00849873 0.0039622 0.00877454 0.0082447 0.00308038 0.0102432 0.00941113 0.00185581 0.00988635 0.00471972 0.00882049 0.000690137 0.00595218 0.00766262 0.000932561 0.00471972 0.00882049 0.000690137 0.0036057 0.0100285 0.000962276 0.00471972 0.00882049 0.000690137 0.00619018 0.00963994 0.00094849 0.00471972 0.00882049 0.000690137 0.00394017 0.00738058 0.0011107 0.00888319 0.0084004 0.013332 0.00785714 0.0071001 0.0131874 0.00888319 0.0084004 0.013332 0.0081805 0.00930076 0.0145 0.00888319 0.0084004 0.013332 0.00988211 0.00886937 0.0121369 0.0146381 0.00632593 0.000671169 0.0154715845204829 0.00615217 0.00208788 0.0146381 0.00632593 0.000671169 0.014226 0.00472482 0.000984877 0.0146381 0.00632593 0.000671169 0.0147025 0.00818492 0.00123801 0.00343829 0.00039352 0.00114378 0.00476023 0.000881586 0.000707315 0.00343829 0.00039352 0.00114378 0.00349233 0.000608479 0.00286218 0.00343829 0.00039352 0.00114378 0.0034855 0.00210203 0.000925726 0.00343829 0.00039352 0.00114378 0.00178944 0.000732597 0.000931026 0.00343829 0.00039352 0.00114378 0.00448001 -0.0006893345204828992 0.00193932 0.0138119 0.00618114 0.00212578 0.0124094 0.00534538 0.00267498 0.0138119 0.00618114 0.00212578 0.0126742 0.00594535 0.0008902390000000001 0.0138119 0.00618114 0.00212578 0.0154715845204829 0.00615217 0.00208788 0.0138119 0.00618114 0.00212578 0.0142849 0.00590684 0.00397972 0.0138119 0.00618114 0.00212578 0.0124304 0.0075211 0.00234208 0.00114487 0.00491132 0.00496572 0.000828803 0.00498506 0.00335809 0.00114487 0.00491132 0.00496572 0.00189843 0.00440958 0.00657596 0.00114487 0.00491132 0.00496572 0.00153948 0.00316581 0.00432922 0.00114487 0.00491132 0.00496572 -2.003452048289934e-05 0.00587782 0.00611766 0.0047474 0.00718742 0.00263053 0.00522462 0.00873684 0.00237263 0.0047474 0.00718742 0.00263053 0.0044679 0.00606557 0.00387406 0.0047474 0.00718742 0.00263053 0.00394017 0.00738058 0.0011107 0.0047474 0.00718742 0.00263053 0.00582758 0.00764958 0.00422724 0.0047474 0.00718742 0.00263053 0.00581236 0.00563355 0.00235906 0.00906804 0.0109464 0.0142583 0.00973389 0.011808 0.0129043 0.00906804 0.0109464 0.0142583 0.0101396 0.00961159 0.0144233 0.00906804 0.0109464 0.0142583 0.00736227 0.0111036 0.0144012 0.0093147 0.00643334 0.0146206 0.0103195 0.00534655 0.0143771 0.00538414 0.0145883 0.0032387 0.00513577 0.016025990520482897 0.00398782 0.00538414 0.0145883 0.0032387 0.00602244 0.0136649 0.00441463 0.00538414 0.0145883 0.0032387 0.00448001 0.0146813 0.00193932 1.95902e-05 0.00795921 0.0102128 -0.0009440345204829005 0.0079746 0.00875573 1.95902e-05 0.00795921 0.0102128 -3.033452048290057e-05 0.0062501 0.010101 1.95902e-05 0.00795921 0.0102128 0.00145257 0.00825758 0.00934563 1.95902e-05 0.00795921 0.0102128 2.60976e-05 0.00873801 0.0117312 0.00304871 0.00577446 0.0100454 0.00178307 0.00675792 0.0103862 0.00304871 0.00577446 0.0100454 0.00377408 0.00683166 0.0111036 0.00304871 0.00577446 0.0100454 0.0020278 0.00498529 0.0115158 0.00304871 0.00577446 0.0100454 0.00355988 0.00416661 0.00930964 0.00304871 0.00577446 0.0100454 0.00170255 0.0056747 0.00857904 0.0117395 0.00256314 0.0125983 0.0121289 0.00392921 0.0121523 0.0117395 0.00256314 0.0125983 0.0105215 0.00201599 0.0115062 0.0117395 0.00256314 0.0125983 0.0130697 0.00150111 0.0123103 0.0117395 0.00256314 0.0125983 0.0115183 0.00376227 0.0141473 0.0116455 0.0062419 0.00848989 0.0125226 0.00613472 0.00736303 0.0116455 0.0062419 0.00848989 0.01049 0.00556438 0.00784145 0.0116455 0.0062419 0.00848989 0.0104842 0.00724447 0.00776731 0.0116455 0.0062419 0.00848989 0.011654 0.00590038 0.0103722 0.0116455 0.0062419 0.00848989 0.0122638 0.0081329 0.00856628 0.0116455 0.0062419 0.00848989 0.0119457 0.00436912 0.00802844 0.0125226 0.00613472 0.00736303 0.0132544 0.00572846 0.00619181 0.0125226 0.00613472 0.00736303 0.0136205 0.0073143 0.00685831 0.0125226 0.00613472 0.00736303 0.0119457 0.00436912 0.00802844 0.00519271 0.00279148 0.0127897 0.00441645 0.0039621 0.0126031 0.00519271 0.00279148 0.0127897 0.00612427 0.00316257 0.0113999 0.00519271 0.00279148 0.0127897 0.0068158 0.0024706 0.0130554 0.00519271 0.00279148 0.0127897 0.00497608 0.00301259 0.0144894 0.00519271 0.00279148 0.0127897 0.00412599 0.00137665 0.0135511 0.00712106 0.00778574 0.00212049 0.00773052 0.00657398 0.0029983 0.00712106 0.00778574 0.00212049 0.00797877 0.00864595 0.0009513590000000001 0.00712106 0.00778574 0.00212049 0.00595218 0.00766262 0.0009325610000000002 0.00712106 0.00778574 0.00212049 0.00690513 0.00912511 0.00303531 0.0147217 0.00314671 0.000656865 0.0152 0.00324794 0.002258 0.0147217 0.00314671 0.000656865 0.0146052 0.00152366 0.000981552 0.0147217 0.00314671 0.000656865 0.014226 0.00472482 0.000984877 0.0060996 0.0026863 0.0076389 0.00626333 0.00123138 0.00766311 0.0060996 0.0026863 0.0076389 0.00728531 0.00377232 0.00725612 0.0060996 0.0026863 0.0076389 0.00691204 0.00192774 0.00631137 0.0060996 0.0026863 0.0076389 0.0046864 0.00198534 0.00709852 0.00687267 0.00686366 0.0118414 0.00576489 0.00726877 0.0106202 0.00687267 0.00686366 0.0118414 0.00785714 0.0071001 0.0131874 0.00687267 0.00686366 0.0118414 0.0052169 0.00630149 0.0126848 0.00104496 0.00610336 0.0132362 0.000723907 0.00711535 0.0144783 0.00104496 0.00610336 0.0132362 0.000743884 0.00697877 0.0118942 0.00104496 0.00610336 0.0132362 0.00248377 0.00684551 0.0127929 0.00104496 0.00610336 0.0132362 0.000808613 0.00451802 0.0132018 0.00872168 0.000245843 0.00957164 0.00983209 0.000706351 0.00837825 0.00872168 0.000245843 0.00957164 0.00953731 -0.0011318345204829007 0.00907011 0.00872168 0.000245843 0.00957164 0.00688078 0.000682455 0.0098464 0.00872168 0.000245843 0.00957164 0.00968499 0.000123742 0.0112359 0.0113902 0.0148176 0.000693742 0.010259 0.0134597 0.00144291 0.0113902 0.0148176 0.000693742 0.012492 0.0163635835204829 0.00114957 0.0109401 0.00598879 0.00207743 0.0124094 0.00534538 0.00267498 0.0109401 0.00598879 0.00207743 0.00950729 0.00531824 0.0027431 0.0109401 0.00598879 0.00207743 0.00976117 0.00555904 0.0008826139999999999 0.0109401 0.00598879 0.00207743 0.0102437 0.00703721 0.00327557 0.000591021 0.00369357 0.0146665 0.000808613 0.00451802 0.0132018 0.00884155 0.000201353 0.00577441 0.0103971 0.000461611 0.00653278 0.00884155 0.000201353 0.00577441 0.00903643 -0.0007035345204828981 0.00725954 0.00884155 0.000201353 0.00577441 0.0071332 0.000289692 0.00540535 0.00476023 0.000881586 0.000707315 0.0059249 0.000529775 0.0019021 0.00663215 0.00466229 0.00508471 0.00743566 0.00555285 0.00430443 0.00663215 0.00466229 0.00508471 0.00765947 0.00548718 0.0060739 0.00663215 0.00466229 0.00508471 0.00669537 0.00331126 0.00402918 0.00663215 0.00466229 0.00508471 0.00543986 0.0033053 0.00565962 0.0137217 0.000933779 0.0052833 0.0145774 0.002348 0.00540449 0.0137217 0.000933779 0.0052833 0.0151459 0.00022372699999999995 0.00585751 0.0137217 0.000933779 0.0052833 0.0125685 0.000175611 0.0066453 0.0137217 0.000933779 0.0052833 0.0125441 -0.00017903452048289876 0.00423498 0.0152175 0.00973284 0.00518296 0.015983513520482898 0.0107583 0.00411286 0.0152175 0.00973284 0.00518296 0.0163428555204829 0.00881564 0.00581637 0.0152175 0.00973284 0.00518296 0.015059 0.0112615 0.00591321 0.0152175 0.00973284 0.00518296 0.0137886 0.0100446 0.00452193 0.0152175 0.00973284 0.00518296 0.0149617 0.00820167 0.00403522 0.0121289 0.00392921 0.0121523 0.0126913 0.00525232 0.0117669 0.0121289 0.00392921 0.0121523 0.0137409 0.00336556 0.0124953 0.0121289 0.00392921 0.0121523 0.0104415 0.00430726 0.0123536 0.00747626 0.00212588 0.0110825 0.00612427 0.00316257 0.0113999 0.00747626 0.00212588 0.0110825 0.00688078 0.000682455 0.0098464 0.00747626 0.00212588 0.0110825 0.00734542 0.000502808 0.0122207 0.00959909 0.0146924 0.0147973 0.0109032 0.0140394 0.0146512 0.00959909 0.0146924 0.0147973 0.00801187 0.0143065 0.0142808 0.00959909 0.0146924 0.0147973 0.00955411 0.0130539 0.0143898 0.00959909 0.0146924 0.0147973 0.00928815 0.015956502520482897 0.0135475 0.00880302 0.00231363 0.00266004 0.00735115 0.00306813 0.00234091 0.00880302 0.00231363 0.00266004 0.00926058 0.000847095 0.00340809 0.00880302 0.00231363 0.00266004 0.00896488 0.00348371 0.00109192 0.00880302 0.00231363 0.00266004 0.0105076 0.00253317 0.00351957 0.00880302 0.00231363 0.00266004 0.00827436 0.0011181 0.00121736 0.0108399 0.00979099 0.00501462 0.0121974 0.00963872 0.00462546 0.0108399 0.00979099 0.00501462 0.00951325 0.00989527 0.00399816 0.0108399 0.00979099 0.00501462 0.0102341 0.00818274 0.00486369 0.0108399 0.00979099 0.00501462 0.0110383 0.0114554 0.00601515 0.0152443 0.0149189 0.00987744 0.0152293 0.0140733 0.0112791 0.0152443 0.0149189 0.00987744 0.0158941635204829 0.0143598 0.00817114 0.0152443 0.0149189 0.00987744 0.0139369 0.016241898520482898 0.0103387 7.34972e-05 0.00202894 0.0107569 -0.00035633452048289933 0.00165537 0.0124054 7.34972e-05 0.00202894 0.0107569 -0.001306034520482899 0.00305028 0.0105996 7.34972e-05 0.00202894 0.0107569 0.00019657400000000003 0.00341294 0.0117453 7.34972e-05 0.00202894 0.0107569 0.00184386 0.00287322 0.0104712 7.34972e-05 0.00202894 0.0107569 0.00112582 0.00046080199999999996 0.0112606 7.34972e-05 0.00202894 0.0107569 -0.0014337345204828986 0.0008712640000000001 0.0103387 0.0136284 0.00513488 0.014764 0.01291 0.00518871 0.01337 0.0136284 0.00513488 0.014764 0.0135822 0.0067614 0.0144544 0.0136284 0.00513488 0.014764 0.0151685 0.00536127 0.0144686 0.0136284 0.00513488 0.014764 0.0138264 0.00348605 0.0144265 0.00342795 0.00320626 0.0117655 0.00441645 0.0039621 0.0126031 0.00342795 0.00320626 0.0117655 0.00249126 0.00181977 0.0122781 0.00313421 0.0152634 0.0115823 0.00407759 0.0149831 0.0126492 0.00313421 0.0152634 0.0115823 0.00298775 0.0138353 0.0114749 0.00313421 0.0152634 0.0115823 0.00235943 0.0154284015204829 0.013031 0.00313421 0.0152634 0.0115823 0.00315879 0.0165931245204829 0.0106055 0.0030031 0.00418865 0.0129802 0.00441645 0.0039621 0.0126031 0.0030031 0.00418865 0.0129802 0.00412831 0.00467065 0.014135 0.0030031 0.00418865 0.0129802 0.0020278 0.00498529 0.0115158 0.0124763 0.00736174 0.0132726 0.0116673 0.00645984 0.014457 0.0124763 0.00736174 0.0132726 0.0135822 0.0067614 0.0144544 0.0124763 0.00736174 0.0132726 0.0132016 0.00778606 0.0117859 0.00776602 0.00353625 0.0115583 0.00612427 0.00316257 0.0113999 0.00776602 0.00353625 0.0115583 0.00677204 0.00487074 0.0120359 0.00776602 0.00353625 0.0115583 0.00897892 0.00281207 0.0128746 0.00776602 0.00353625 0.0115583 0.00841102 0.00514422 0.0106263 0.0124548 0.00797211 0.0146631 0.0116673 0.00645984 0.014457 0.0124548 0.00797211 0.0146631 0.0135822 0.0067614 0.0144544 0.0124548 0.00797211 0.0146631 0.0121495 0.00959194 0.0144851 0.0050941 0.0111239 0.00699144 0.00385908 0.0108002 0.0058059 0.0050941 0.0111239 0.00699144 0.00511724 0.00951737 0.0063381 0.0050941 0.0111239 0.00699144 0.00647781 0.0117068 0.00785461 0.0050941 0.0111239 0.00699144 0.00469688 0.012697 0.00585677 0.00716683 0.0110802 0.003366 0.00721568 0.0127384 0.0028088 0.00716683 0.0110802 0.003366 0.00832534 0.0100535 0.0025497 0.00950464 0.0150695 0.000703828 0.010259 0.0134597 0.00144291 0.00950464 0.0150695 0.000703828 0.00827436 0.016488734520482898 0.00121736 0.00441645 0.0039621 0.0126031 0.00422143 0.00494412 0.0112467 0.00441645 0.0039621 0.0126031 0.00412831 0.00467065 0.014135 0.0118346 0.00377227 0.00248707 0.0120489 0.0023727 0.00237373 0.0118346 0.00377227 0.00248707 0.0124094 0.00534538 0.00267498 0.0118346 0.00377227 0.00248707 0.0113198 0.00435086 0.0009697429999999999 0.0118346 0.00377227 0.00248707 0.0109243 0.00459243 0.00368263 0.01049 0.00556438 0.00784145 0.0104842 0.00724447 0.00776731 0.01049 0.00556438 0.00784145 0.00907702 0.00590861 0.00849641 0.01049 0.00556438 0.00784145 0.0108148 0.00508339 0.00629971 0.01049 0.00556438 0.00784145 0.0101984 0.00474927 0.00934072 0.01049 0.00556438 0.00784145 0.0119457 0.00436912 0.00802844 0.00320212 0.0120724 0.00255199 0.00157798 0.0117964 0.00265549 0.00320212 0.0120724 0.00255199 0.00305434 0.0118805 0.000910314 0.00320212 0.0120724 0.00255199 0.00344688 0.0124205 0.0041732 0.00320212 0.0120724 0.00255199 0.00507167 0.0126107 0.00275389 0.0119568 0.000804158 0.0105054 0.0122499 0.00246253 0.0108017 0.0119568 0.000804158 0.0105054 0.0112442 -0.000247534520482898 0.00936431 0.0119568 0.000804158 0.0105054 0.0139369 0.000871264 0.0103387 0.0126913 0.00525232 0.0117669 0.01291 0.00518871 0.01337 0.0126913 0.00525232 0.0117669 0.0145916 0.00535797 0.0119365 0.0126913 0.00525232 0.0117669 0.011654 0.00590038 0.0103722 0.0132544 0.00572846 0.00619181 0.0139359 0.00478882 0.00740067 0.0132544 0.00572846 0.00619181 0.0120184 0.00601219 0.00474831 0.00476754 0.003067 0.0083478 0.0051907 0.0015143 0.00886946 0.00476754 0.003067 0.0083478 0.0046864 0.00198534 0.00709852 0.00476754 0.003067 0.0083478 0.00355988 0.00416661 0.00930964 0.00476754 0.003067 0.0083478 0.00531052 0.00490225 0.0078544 0.0054026 0.00607702 0.000617244 0.00595218 0.00766262 0.000932561 0.0054026 0.00607702 0.000617244 0.00581236 0.00563355 0.00235906 0.0109845 0.0115551 0.000593239 0.0121004 0.0125843 0.00108456 0.0109845 0.0115551 0.000593239 0.0093063 0.0111171 0.00116501 0.0109032 0.0140394 0.0146512 0.0121834 0.0133123 0.0146625 0.0109032 0.0140394 0.0146512 0.0119344 0.0153665 0.0143947 0.0109032 0.0140394 0.0146512 0.00955411 0.0130539 0.0143898 0.0109032 0.0140394 0.0146512 0.010313 0.014209 0.0130172 0.00263439 0.0140451 0.00553218 0.0036402 0.0141124 0.00692016 0.00263439 0.0140451 0.00553218 0.00145271 0.0146741 0.00409171 0.0103195 0.00534655 0.0143771 0.0116673 0.00645984 0.014457 0.0103195 0.00534655 0.0143771 0.0115183 0.00376227 0.0141473 0.000451424 0.00223555 0.00662947 -0.000793234520482899 0.002348 0.00540449 0.000451424 0.00223555 0.00662947 -0.00024923452048289965 0.00100641 0.00765941 0.000451424 0.00223555 0.00662947 0.00176818 0.00115621 0.00558012 0.00388685 0.00795318 0.00474142 0.00481886 0.00737393 0.00641349 0.00407759 0.0149831 0.0126492 0.00503467 0.0135817 0.0126119 0.00407759 0.0149831 0.0126492 0.00522488 0.0160332035204829 0.0118927 0.00407759 0.0149831 0.0126492 0.00412599 0.0167472845204829 0.0135511 0.000105943 0.00989516 0.000723643 -0.0008593345204829003 0.0112857 0.000925885 0.000105943 0.00989516 0.000723643 0.00160235 0.0106514 0.00111056 0.000105943 0.00989516 0.000723643 0.000113101 0.0105971 0.00228405 0.000105943 0.00989516 0.000723643 -0.0006681345204828995 0.00818492 0.00123801 0.0102795 0.00804677 0.00930903 0.0104842 0.00724447 0.00776731 0.00743566 0.00555285 0.00430443 0.00773052 0.00657398 0.0029983 0.0135132 0.012432 0.000571171 0.0145113 0.0112857 0.000925885 0.0135132 0.012432 0.000571171 0.0143459 0.0130042 0.00186624 0.0135132 0.012432 0.000571171 0.0121004 0.0125843 0.00108456 0.014937 0.00408346 0.00404732 0.015149 0.00272339 0.003847 0.014937 0.00408346 0.00404732 0.016199437520482897 0.00498506 0.00335809 0.014937 0.00408346 0.00404732 0.0141364 0.00420809 0.00555102 0.014937 0.00408346 0.00404732 0.0135226 0.00390524 0.00318762 0.014937 0.00408346 0.00404732 0.0142849 0.00590684 0.00397972 0.0033397 0.000505694 0.00463436 0.00426811 -0.0008763345204828985 0.00480766 0.0033397 0.000505694 0.00463436 0.00381303 0.00231532 0.00419777 0.0033397 0.000505694 0.00463436 0.00176818 0.00115621 0.00558012 0.00626333 0.00123138 0.00766311 0.00727229 -8.273452048289972e-05 0.00772848 0.00626333 0.00123138 0.00766311 0.0051907 0.0015143 0.00886946 0.00626333 0.00123138 0.00766311 0.00691204 0.00192774 0.00631137 0.00626333 0.00123138 0.00766311 0.00523691 6.615339999999992e-05 0.00651573 0.00626333 0.00123138 0.00766311 0.00803 0.00191715 0.00813368 0.0110366 0.0124823 0.0147233 0.0121834 0.0133123 0.0146625 0.0110366 0.0124823 0.0147233 0.0115632 0.0128513 0.0131418 0.0110366 0.0124823 0.0147233 0.00955411 0.0130539 0.0143898 0.000708179 0.00126421 0.0137264 -0.00035633452048289944 0.00165537 0.0124054 0.000708179 0.00126421 0.0137264 0.00114172 0.00272986 0.0132811 0.000708179 0.00126421 0.0137264 0.00215448 0.00130828 0.0144798 0.000708179 0.00126421 0.0137264 -2.343452048289888e-05 -0.000353234520482899 0.0132677 0.000336763 0.0015382 0.00441614 -0.00022163452048290023 0.00272339 0.003847 0.000336763 0.0015382 0.00441614 -0.0007932345204828987 0.002348 0.00540449 0.000336763 0.0015382 0.00441614 0.000463604 0.000912022 0.00263857 0.000336763 0.0015382 0.00441614 0.0017681799999999998 0.00115621 0.00558012 0.00658132 0.0141706 0.00595027 0.00602244 0.0136649 0.00441463 0.00658132 0.0141706 0.00595027 0.0071332 0.0156603265204829 0.00540535 0.00658132 0.0141706 0.00595027 0.00594435 0.0135187 0.00737792 0.00658132 0.0141706 0.00595027 0.00523691 0.015436787920482899 0.00651573 0.00658132 0.0141706 0.00595027 0.00713026 0.0123607 0.00565307 0.00298775 0.0138353 0.0114749 0.00318581 0.0121342 0.0115247 0.00298775 0.0138353 0.0114749 0.0014984 0.013833 0.0123168 0.00298775 0.0138353 0.0114749 0.0044427 0.0133303 0.0102963 0.00632399 0.00685793 0.00754821 0.00729476 0.00549434 0.00804527 0.00632399 0.00685793 0.00754821 0.00801185 0.0070882 0.00753446 0.00632399 0.00685793 0.00754821 0.00481886 0.00737393 0.00641349 0.00632399 0.00685793 0.00754821 0.00538035 0.00823318 0.00863834 0.0051708 0.00588628 0.0146532 0.0049364 0.00756964 0.0144406 0.0051708 0.00588628 0.0146532 0.00412831 0.00467065 0.014135 0.0051708 0.00588628 0.0146532 0.00665553 0.00664819 0.0144829 0.0051708 0.00588628 0.0146532 0.00647195 0.0044645 0.0141693 0.0120489 0.0023727 0.00237373 0.0117894 0.00120062 0.00318993 0.0120489 0.0023727 0.00237373 0.0130514 0.00315822 0.00121424 0.0120489 0.0023727 0.00237373 0.0105076 0.00253317 0.00351957 0.0120489 0.0023727 0.00237373 0.0136803 0.00170308 0.00316899 0.0120489 0.0023727 0.00237373 0.012492 0.000992949 0.00114957 0.00648743 0.00570669 0.0105456 0.00576489 0.00726877 0.0106202 0.00648743 0.00570669 0.0105456 0.00570029 0.00429995 0.0099142 0.00648743 0.00570669 0.0105456 0.00677204 0.00487074 0.0120359 0.00545978 0.014784 0.00063816 0.00709037 0.0146145 0.000975623 0.00545978 0.014784 0.00063816 0.0059249 0.015900409520482897 0.0019021 0.00545978 0.014784 0.00063816 0.00448001 0.0146813 0.00193932 0.0121974 0.00963872 0.00462546 0.0126963 0.00955662 0.00300749 0.0121974 0.00963872 0.00462546 0.0137886 0.0100446 0.00452193 0.0121974 0.00963872 0.00462546 0.0120023 0.011198 0.00403426 0.0121974 0.00963872 0.00462546 0.0119684 0.00855953 0.00616842 0.0117894 0.00120062 0.00318993 0.01118 -0.00020783452048289816 0.00247191 0.0117894 0.00120062 0.00318993 0.0105076 0.00253317 0.00351957 0.0117894 0.00120062 0.00318993 0.0125441 -0.0001790345204828992 0.00423498 0.0117894 0.00120062 0.00318993 0.0136803 0.00170308 0.00316899 0.015149 0.00272339 0.003847 0.0152 0.00324794 0.002258 0.015149 0.00272339 0.003847 0.0145774 0.002348 0.00540449 0.015149 0.00272339 0.003847 0.016910114520482897 0.00316581 0.00432922 0.015149 0.00272339 0.003847 0.0136803 0.00170308 0.00316899 0.0121834 0.0133123 0.0146625 0.0115632 0.0128513 0.0131418 0.0121834 0.0133123 0.0146625 0.0135592 0.0139428 0.0140031 0.0121834 0.0133123 0.0146625 0.0129791 0.0116038 0.0140791 0.00288108 0.0121096 0.00625359 0.00385908 0.0108002 0.0058059 0.00288108 0.0121096 0.00625359 0.00185408 0.0127452 0.00742254 0.00288108 0.0121096 0.00625359 0.00163981 0.0111401 0.00566453 0.00288108 0.0121096 0.00625359 0.00469688 0.012697 0.00585677 0.0149719 0.00873799 0.0144021 0.0146434 0.00736965 0.0130213 0.0149719 0.00873799 0.0144021 0.016094541520482897 0.00711535 0.0144783 0.0149719 0.00873799 0.0144021 0.016580514520482897 0.0102617 0.0142644 0.0149719 0.00873799 0.0144021 0.0136924 0.00967478 0.0128075 0.0127055 0.00193101 0.014197 0.0108048 0.00177202 0.0144656 0.0127055 0.00193101 0.014197 0.0138264 0.00348605 0.0144265 0.0127055 0.00193101 0.014197 0.0138295 0.000428952 0.0144737 0.0127055 0.00193101 0.014197 0.0130697 0.00150111 0.0123103 0.0127055 0.00193101 0.014197 0.0115183 0.00376227 0.0141473 0.00349233 0.000608479 0.00286218 0.00513577 0.000655356 0.00398782 0.00349233 0.000608479 0.00286218 0.00226883 0.00200538 0.00263243 0.00349233 0.000608479 0.00286218 0.00330325 -0.0013260345204828988 0.00321184 0.00349233 0.000608479 0.00286218 0.00448001 -0.0006893345204828999 0.00193932 0.00349233 0.000608479 0.00286218 0.00381303 0.00231532 0.00419777 0.00630069 0.00889598 0.0144732 0.00724534 0.00889501 0.0128746 0.00630069 0.00889598 0.0144732 0.0049364 0.00756964 0.0144406 0.00630069 0.00889598 0.0144732 0.00503906 0.00972852 0.0133084 0.00630069 0.00889598 0.0144732 0.0081805 0.00930076 0.0145 0.0109769 0.0088394 0.00329251 0.0126963 0.00955662 0.00300749 0.0109769 0.0088394 0.00329251 0.0102437 0.00703721 0.00327557 0.0109769 0.0088394 0.00329251 0.00951325 0.00989527 0.00399816 0.0109769 0.0088394 0.00329251 0.0102341 0.00818274 0.00486369 0.0109769 0.0088394 0.00329251 0.0107826 0.00871986 0.00112619 0.0109769 0.0088394 0.00329251 0.0124304 0.0075211 0.00234208 0.00359955 0.00444787 0.00414164 0.00510559 0.00374798 0.00314021 0.00359955 0.00444787 0.00414164 0.0044679 0.00606557 0.00387406 0.00359955 0.00444787 0.00414164 0.00381303 0.00231532 0.00419777 0.00359955 0.00444787 0.00414164 0.00291337 0.00617532 0.00523942 0.00359955 0.00444787 0.00414164 0.0025344 0.00410395 0.00231367 0.000612879 0.0107583 0.00411286 0.00114143 0.00918656 0.00303807 0.000612879 0.0107583 0.00411286 0.00163981 0.0111401 0.00566453 0.000612879 0.0107583 0.00411286 0.000113101 0.0105971 0.00228405 0.000612879 0.0107583 0.00411286 0.00228035 0.00975156 0.00448468 0.00459402 0.00248742 0.01045 0.00612427 0.00316257 0.0113999 0.00459402 0.00248742 0.01045 0.0051907 0.0015143 0.00886946 0.00459402 0.00248742 0.01045 0.00340058 0.00207828 0.00890818 0.00459402 0.00248742 0.01045 0.00315879 0.00122249 0.0106055 0.0115632 0.0128513 0.0131418 0.010313 0.014209 0.0130172 0.0115632 0.0128513 0.0131418 0.0129791 0.0116038 0.0140791 0.00314374 0.0135208 0.00857812 0.00291804 0.0148848 0.0098456 0.00314374 0.0135208 0.00857812 0.00481986 0.0145587 0.0085124 0.00314374 0.0135208 0.00857812 0.0036402 0.0141124 0.00692016 0.00314374 0.0135208 0.00857812 0.00271373 0.0120634 0.00967147 0.00314374 0.0135208 0.00857812 0.00185408 0.0127452 0.00742254 0.00314374 0.0135208 0.00857812 0.0044427 0.0133303 0.0102963 0.0116673 0.00645984 0.014457 0.0135822 0.0067614 0.0144544 0.0116673 0.00645984 0.014457 0.0112957 0.00589602 0.0126544 0.0116673 0.00645984 0.014457 0.0108569 0.00800966 0.0136238 0.0131763 0.00988071 0.000898644 0.0145113 0.0112857 0.000925885 0.0131763 0.00988071 0.000898644 0.0128122 0.0112068 0.0021899 0.00426811 0.0144943 0.00480766 0.00513577 0.016025990520482897 0.00398782 0.00426811 0.0144943 0.00480766 0.00602244 0.0136649 0.00441463 0.00426811 0.0144943 0.00480766 0.00330325 0.0140446 0.00321184 0.00426811 0.0144943 0.00480766 0.00523691 0.015436787920482899 0.00651573 0.00426811 0.0144943 0.00480766 0.00469688 0.012697 0.00585677 0.0103971 0.000461611 0.00653278 0.00903643 -0.0007035345204828992 0.00725954 0.0103971 0.000461611 0.00653278 0.0104228 0.00010174899999999999 0.0046259 0.0103971 0.000461611 0.00653278 0.00951605 0.00182187 0.00539654 0.0103971 0.000461611 0.00653278 0.00983209 0.000706351 0.00837825 0.0103971 0.000461611 0.00653278 0.011473 0.00151206 0.00528904 0.0103971 0.000461611 0.00653278 0.0125685 0.000175611 0.0066453 0.00513577 0.000655356 0.00398782 0.00381303 0.00231532 0.00419777 0.00513577 0.000655356 0.00398782 0.00718199 0.00127438 0.00348071 0.00602244 0.0136649 0.00441463 0.00469688 0.012697 0.00585677 0.00602244 0.0136649 0.00441463 0.00507167 0.0126107 0.00275389 0.00602244 0.0136649 0.00441463 0.00713026 0.0123607 0.00565307 0.00895987 0.00900926 0.010238 0.0082748 0.00793143 0.0115784 0.00895987 0.00900926 0.010238 0.00956266 0.0105886 0.0112571 0.00895987 0.00900926 0.010238 0.00885139 0.0103862 0.00889722 0.00895987 0.00900926 0.010238 0.00887705 0.00858119 0.00832694 0.00895987 0.00900926 0.010238 0.0105315 0.00993773 0.00969085 0.0145113 0.0112857 0.000925885 0.0143459 0.0130042 0.00186624 0.0145113 0.0112857 0.000925885 0.015483735520482898 0.0105971 0.00228405 0.0145774 0.002348 0.00540449 0.0141364 0.00420809 0.00555102 0.0113308 0.000629478 0.0126435 0.0119344 -4.134520482898464e-06 0.0143947 0.0113308 0.000629478 0.0126435 0.0105215 0.00201599 0.0115062 0.0113308 0.000629478 0.0126435 0.0130697 0.00150111 0.0123103 0.0113308 0.000629478 0.0126435 0.00928815 0.000585868 0.0135475 0.0113308 0.000629478 0.0126435 0.00968499 0.00012374200000000004 0.0112359 0.0146804 0.0150619 0.00401224 0.0151459 0.015594361520482899 0.00585751 0.0146804 0.0150619 0.00401224 0.016823344520482897 0.0146741 0.00409171 0.0146804 0.0150619 0.00401224 0.0158342385204829 0.0162826565204829 0.00263857 0.0146804 0.0150619 0.00401224 0.0125441 0.0151916 0.00423498 0.000169673 0.00386857 0.00771047 -0.00020253452048289922 0.00243641 0.00905256 0.000169673 0.00386857 0.00771047 -0.0014347345204829003 0.00478882 0.00740067 0.000169673 0.00386857 0.00771047 -0.0013986345204828996 0.00284911 0.00740244 0.000169673 0.00386857 0.00771047 0.00182052 0.00317139 0.00835747 0.000169673 0.00386857 0.00771047 0.00189843 0.00440958 0.00657596 0.01291 0.00518871 0.01337 0.0112957 0.00589602 0.0126544 0.01291 0.00518871 0.01337 0.0145916 0.00535797 0.0119365 0.01291 0.00518871 0.01337 0.0115183 0.00376227 0.0141473 0.00291804 0.0148848 0.0098456 0.00156243 0.0136422 0.0104332 0.00291804 0.0148848 0.0098456 0.00471216 0.015556649520482899 0.0101438 0.00291804 0.0148848 0.0098456 0.00315879 0.0165931245204829 0.0106055 0.00291804 0.0148848 0.0098456 0.00154428 0.016396204520482897 0.00893272 0.00291804 0.0148848 0.0098456 0.0044427 0.0133303 0.0102963 0.00612427 0.00316257 0.0113999 0.0068158 0.0024706 0.0130554 0.00612427 0.00316257 0.0113999 0.00570029 0.00429995 0.0099142 0.00612427 0.00316257 0.0113999 0.00677204 0.00487074 0.0120359 0.0119344 0.0153665 0.0143947 0.0138295 0.015799586520482897 0.0144737 0.00849873 0.0039622 0.00877454 0.00728531 0.00377232 0.00725612 0.00849873 0.0039622 0.00877454 0.0101984 0.00474927 0.00934072 0.00849873 0.0039622 0.00877454 0.00803 0.0019171500000000003 0.00813368 0.00849873 0.0039622 0.00877454 0.00841102 0.00514422 0.0106263 0.00414308 0.0108907 0.00987264 0.00271373 0.0120634 0.00967147 0.00414308 0.0108907 0.00987264 0.00575756 0.0103835 0.00910492 0.00414308 0.0108907 0.00987264 0.00471875 0.00913109 0.0110649 0.0133251 0.0013226 0.00832908 0.013972 0.00284911 0.00740244 0.0133251 0.0013226 0.00832908 0.0115077 0.00159732 0.00886629 0.0133251 0.0013226 0.00832908 0.0130235 -0.0005775345204828994 0.00869147 0.0133251 0.0013226 0.00832908 0.0151214 0.00100641 0.00765941 0.0133251 0.0013226 0.00832908 0.0125685 0.000175611 0.0066453 0.0133251 0.0013226 0.00832908 0.0139369 0.000871264 0.0103387 0.00903643 0.0146671 0.00725954 0.00727229 0.0152879 0.00772848 0.00903643 0.0146671 0.00725954 0.00983209 0.0160769855204829 0.00837825 0.00903643 0.0146671 0.00725954 0.00953731 0.0142388 0.00907011 0.00903643 0.0146671 0.00725954 0.0110317 0.0137621 0.00714598 0.00990198 0.00386862 0.0051087 0.00856074 0.00385222 0.00367811 0.00990198 0.00386862 0.0051087 0.00904781 0.00434845 0.00675362 0.00990198 0.00386862 0.0051087 0.0109243 0.00459243 0.00368263 0.00990198 0.00386862 0.0051087 0.00810737 0.00319921 0.00549928 0.00990198 0.00386862 0.0051087 0.0108148 0.00508339 0.00629971 0.00990198 0.00386862 0.0051087 0.00981007 0.0057611 0.00472362 0.00990198 0.00386862 0.0051087 0.0105076 0.00253317 0.00351957 0.00632861 0.00218587 0.000957778 0.00735115 0.00306813 0.00234091 0.00632861 0.00218587 0.000957778 0.00644745 0.00414381 0.000923519 0.00632861 0.00218587 0.000957778 0.0059249 0.0005297750000000001 0.0019021 0.00632861 0.00218587 0.000957778 0.00827436 0.0011181 0.00121736 0.0151681 0.00243641 0.00905256 0.0140646 0.00305028 0.0105996 0.0151681 0.00243641 0.00905256 0.0151214 0.00100641 0.00765941 0.0151681 0.00243641 0.00905256 0.0169149145204829 0.00102557 0.00893272 0.002795 0.00216464 0.00708972 0.00383769 0.00376969 0.00689636 0.002795 0.00216464 0.00708972 0.00340058 0.00207828 0.00890818 0.002795 0.00216464 0.00708972 0.00182052 0.00317139 0.00835747 0.002795 0.00216464 0.00708972 0.0046864 0.00198534 0.00709852 0.002795 0.00216464 0.00708972 0.00176818 0.00115621 0.00558012 0.00160235 0.0106514 0.00111056 0.00157798 0.0117964 0.00265549 0.00160235 0.0106514 0.00111056 0.0019295 0.00880535 0.000912114 0.00160235 0.0106514 0.00111056 0.00305434 0.0118805 0.000910314 0.00160235 0.0106514 0.00111056 0.000113101 0.0105971 0.00228405 0.0146434 0.00736965 0.0130213 0.0135822 0.0067614 0.0144544 0.0146434 0.00736965 0.0130213 0.0132016 0.00778606 0.0117859 0.0146434 0.00736965 0.0130213 0.0161145185204829 0.00697877 0.0118942 0.00773052 0.00657398 0.0029983 0.0087166 0.00827627 0.0030866 0.00773052 0.00657398 0.0029983 0.00778184 0.00489267 0.00217096 0.00773052 0.00657398 0.0029983 0.00828353 0.00727223 0.00496835 0.00773052 0.00657398 0.0029983 0.00581236 0.00563355 0.00235906 7.4763e-05 0.00778924 0.00720976 -0.0010598345204828991 0.0093607 0.00678585 7.4763e-05 0.00778924 0.00720976 0.000972221 0.00881564 0.00581637 7.4763e-05 0.00778924 0.00720976 -0.0017501345204828987 0.0073143 0.00685831 7.4763e-05 0.00778924 0.00720976 -0.0009440345204828999 0.0079746 0.00875573 7.4763e-05 0.00778924 0.00720976 -0.0004424345204828986 0.00619856 0.00822222 7.4763e-05 0.00778924 0.00720976 0.00136078 0.00911386 0.00767383 7.4763e-05 0.00778924 0.00720976 0.00163158 0.00715132 0.00648452 7.4763e-05 0.00778924 0.00720976 -2.003452048289873e-05 0.00587782 0.00611766 0.00943146 0.00825565 0.00655298 0.0104842 0.00724447 0.00776731 0.00943146 0.00825565 0.00655298 0.00887705 0.00858119 0.00832694 0.00943146 0.00825565 0.00655298 0.00931009 0.0100658 0.00589331 0.00943146 0.00825565 0.00655298 0.0102341 0.00818274 0.00486369 0.00943146 0.00825565 0.00655298 0.0105831 0.00973625 0.0076542 0.00943146 0.00825565 0.00655298 0.00828353 0.00727223 0.00496835 0.0124094 0.00534538 0.00267498 0.0126742 0.00594535 0.0008902390000000001 0.0124094 0.00534538 0.00267498 0.0109243 0.00459243 0.00368263 0.0124094 0.00534538 0.00267498 0.0135226 0.00390524 0.00318762 0.0124094 0.00534538 0.00267498 0.0120184 0.00601219 0.00474831 0.0124094 0.00534538 0.00267498 0.0124304 0.0075211 0.00234208 0.00108485 0.0109495 0.00743019 0.00185408 0.0127452 0.00742254 0.00108485 0.0109495 0.00743019 0.00163981 0.0111401 0.00566453 0.00108485 0.0109495 0.00743019 0.00136078 0.00911386 0.00767383 0.00108485 0.0109495 0.00743019 0.000643536 0.0121825 0.00913069 0.0150143 0.00165537 0.0124054 0.015567208520482899 0.00341294 0.0117453 0.0150143 0.00165537 0.0124054 0.0130697 0.00150111 0.0123103 0.0150143 0.00165537 0.0124054 0.0153472 -0.00035323452048289876 0.0132677 0.0150143 0.00165537 0.0124054 0.0164964545204829 0.00046080199999999996 0.0112606 0.0113198 0.00435086 0.000969743 0.00976117 0.00555904 0.000882614 0.00383769 0.00376969 0.00689636 0.0046864 0.00198534 0.00709852 0.00383769 0.00376969 0.00689636 0.00189843 0.00440958 0.00657596 0.00383769 0.00376969 0.00689636 0.00543986 0.0033053 0.00565962 0.00383769 0.00376969 0.00689636 0.00531052 0.00490225 0.0078544 0.0126742 0.00594535 0.000890239 0.014226 0.00472482 0.000984877 0.0126742 0.00594535 0.000890239 0.0124304 0.0075211 0.00234208 0.00710293 0.010668 0.0111149 0.00832651 0.0120425 0.01158 0.00710293 0.010668 0.0111149 0.00825001 0.0104969 0.0127088 0.00710293 0.010668 0.0111149 0.00678456 0.0090854 0.0100989 0.00710293 0.010668 0.0111149 0.00618524 0.0120356 0.0100569 0.00710293 0.010668 0.0111149 0.00516618 0.0113635 0.0119059 0.00709037 0.0146145 0.000975623 0.00626685 0.012874 0.000932133 0.00709037 0.0146145 0.000975623 0.0059249 0.015900409520482897 0.0019021 0.00709037 0.0146145 0.000975623 0.00820256 0.0129883 0.000946395 0.00709037 0.0146145 0.000975623 0.00848536 0.0144564 0.00259723 0.00709037 0.0146145 0.000975623 0.00827436 0.016488734520482898 0.00121736 0.00729476 0.00549434 0.00804527 0.00728531 0.00377232 0.00725612 0.00729476 0.00549434 0.00804527 0.00907702 0.00590861 0.00849641 0.00729476 0.00549434 0.00804527 0.00801185 0.0070882 0.00753446 0.00729476 0.00549434 0.00804527 0.00531052 0.00490225 0.0078544 0.0104842 0.00724447 0.00776731 0.0093738 0.00623714 0.00657983 0.0104842 0.00724447 0.00776731 0.0122638 0.0081329 0.00856628 0.0151685 0.00536127 0.0144686 0.016094541520482897 0.00711535 0.0144783 0.0151685 0.00536127 0.0144686 0.0161792475204829 0.00451802 0.0132018 0.00157987 0.01251 0.0044061 0.00157798 0.0117964 0.00265549 0.00157987 0.01251 0.0044061 0.00163981 0.0111401 0.00566453 0.00157987 0.01251 0.0044061 0.00344688 0.0124205 0.0041732 0.00157987 0.01251 0.0044061 0.00012185400000000002 0.0130619 0.00335798 0.00157987 0.01251 0.0044061 0.000514979 0.013522 0.00595212 0.00157987 0.01251 0.0044061 0.00145271 0.0146741 0.00409171 0.00728531 0.00377232 0.00725612 0.00904781 0.00434845 0.00675362 0.00728531 0.00377232 0.00725612 0.00803 0.00191715 0.00813368 0.01118 0.0151628 0.00247191 0.010259 0.0134597 0.00144291 0.01118 0.0151628 0.00247191 0.0125441 0.0151916 0.00423498 0.01118 0.0151628 0.00247191 0.012492 0.0163635835204829 0.00114957 0.00576489 0.00726877 0.0106202 0.00474007 0.00600619 0.00963439 0.00576489 0.00726877 0.0106202 0.00471875 0.00913109 0.0110649 0.00576489 0.00726877 0.0106202 0.00771188 0.00720945 0.00962506 0.00576489 0.00726877 0.0106202 0.00538035 0.00823318 0.00863834 0.00191343 0.0115388 0.012716 0.00275783 0.00989707 0.0127836 0.00191343 0.0115388 0.012716 0.00105243 0.0127564 0.0138245 0.00191343 0.0115388 0.012716 0.00318581 0.0121342 0.0115247 0.00191343 0.0115388 0.012716 0.00120988 0.0102617 0.0142644 0.00191343 0.0115388 0.012716 0.00164589 0.0106312 0.0108291 0.00191343 0.0115388 0.012716 0.00311149 0.0130622 0.0135005 0.00907702 0.00590861 0.00849641 0.0093738 0.00623714 0.00657983 0.00907702 0.00590861 0.00849641 0.00801185 0.0070882 0.00753446 0.00907702 0.00590861 0.00849641 0.0101984 0.00474927 0.00934072 0.00907702 0.00590861 0.00849641 0.00771188 0.00720945 0.00962506 0.00221881 0.0049519 0.0143908 0.00340822 0.00643307 0.0144436 0.00221881 0.0049519 0.0143908 0.00412831 0.00467065 0.014135 0.00221881 0.0049519 0.0143908 0.0008086130000000001 0.00451802 0.0132018 0.00221881 0.0049519 0.0143908 0.00295663 0.00310211 0.014387 0.00727229 0.0152879 0.00772848 0.00803 0.0172877845204829 0.00813368 0.00727229 0.0152879 0.00772848 0.00735919 0.0135396 0.00900875 0.0135199 0.013753 0.0105038 0.0135002 0.0149674 0.0120801 0.0135199 0.013753 0.0105038 0.0152293 0.0140733 0.0112791 0.0135199 0.013753 0.0105038 0.0141554 0.0132524 0.00879329 0.0135199 0.013753 0.0105038 0.0135119 0.0119519 0.0117016 0.0135199 0.013753 0.0105038 0.0116199 0.0141183 0.0112712 0.00275783 0.00989707 0.0127836 0.00361209 0.0102634 0.014452 0.00275783 0.00989707 0.0127836 0.00120988 0.0102617 0.0142644 0.00275783 0.00989707 0.0127836 0.00242373 0.00847047 0.0113119 0.00797877 0.00864595 0.000951359 0.00922304 0.00722764 0.00160011 0.00724534 0.00889501 0.0128746 0.00785714 0.0071001 0.0131874 0.00724534 0.00889501 0.0128746 0.0082748 0.00793143 0.0115784 0.00724534 0.00889501 0.0128746 0.00825001 0.0104969 0.0127088 0.00724534 0.00889501 0.0128746 0.0081805 0.00930076 0.0145 0.0034855 0.00210203 0.000925726 0.00160414 0.00270943 0.000925566 0.0122499 0.00246253 0.0108017 0.0105215 0.00201599 0.0115062 0.0122499 0.00246253 0.0108017 0.0140646 0.00305028 0.0105996 0.0122499 0.00246253 0.0108017 0.0130697 0.00150111 0.0123103 0.00385908 0.0108002 0.0058059 0.00511724 0.00951737 0.0063381 0.00385908 0.0108002 0.0058059 0.00557679 0.0110766 0.0048687 0.00385908 0.0108002 0.0058059 0.00431948 0.00961847 0.00434437 0.00385908 0.0108002 0.0058059 0.00469688 0.012697 0.00585677 0.00385908 0.0108002 0.0058059 0.00303804 0.00891027 0.00633279 0.00218061 0.0152605 0.00718053 0.0036402 0.0141124 0.00692016 0.00218061 0.0152605 0.00718053 0.00154428 0.016396204520482897 0.00893272 0.00218061 0.0152605 0.00718053 0.000523529 0.0143598 0.00817114 0.00218061 0.0152605 0.00718053 0.00176818 0.0165268445204829 0.00558012 0.000828803 0.00498506 0.00335809 0.00010095000000000004 0.00615217 0.00208788 0.000828803 0.00498506 0.00335809 0.0024157 0.0064872 0.00284784 0.000828803 0.00498506 0.00335809 0.0025344 0.00410395 0.00231367 0.000828803 0.00498506 0.00335809 0.00153948 0.00316581 0.00432922 0.000828803 0.00498506 0.00335809 -0.001085734520482899 0.00590684 0.00397972 0.00474007 0.00600619 0.00963439 0.00570029 0.00429995 0.0099142 0.00474007 0.00600619 0.00963439 0.00422143 0.00494412 0.0112467 0.00474007 0.00600619 0.00963439 0.00377408 0.00683166 0.0111036 0.00474007 0.00600619 0.00963439 0.00355988 0.00416661 0.00930964 0.00474007 0.00600619 0.00963439 0.00531052 0.00490225 0.0078544 0.00361209 0.0102634 0.014452 0.00503906 0.00972852 0.0133084 0.0051907 0.0015143 0.00886946 0.00340058 0.00207828 0.00890818 0.0051907 0.0015143 0.00886946 0.00471216 0.00018601499999999988 0.0101438 0.0051907 0.0015143 0.00886946 0.0046864 0.00198534 0.00709852 0.0051907 0.0015143 0.00886946 0.00688078 0.000682455 0.0098464 0.0071332 0.000289692 0.00540535 0.00803015 -0.0012096345204828985 0.00469963 0.0071332 0.000289692 0.00540535 0.00691204 0.00192774 0.00631137 0.0071332 0.000289692 0.00540535 0.00523691 6.61534e-05 0.00651573 0.0071332 0.000289692 0.00540535 0.00718199 0.00127438 0.00348071 0.00990878 0.00355141 0.0107222 0.00941113 0.00185581 0.00988635 0.00990878 0.00355141 0.0107222 0.0105215 0.00201599 0.0115062 0.00990878 0.00355141 0.0107222 0.0104415 0.00430726 0.0123536 0.00990878 0.00355141 0.0107222 0.0101984 0.00474927 0.00934072 0.00990878 0.00355141 0.0107222 0.00841102 0.00514422 0.0106263 0.00511724 0.00951737 0.0063381 0.00303804 0.00891027 0.00633279 0.00511724 0.00951737 0.0063381 0.00696398 0.00848199 0.00652405 0.00511724 0.00951737 0.0063381 0.00481886 0.00737393 0.00641349 0.0128122 0.0112068 0.0021899 0.0126963 0.00955662 0.00300749 0.0128122 0.0112068 0.0021899 0.0142295 0.0115992 0.00344742 0.0128122 0.0112068 0.0021899 0.0121004 0.0125843 0.00108456 0.0128122 0.0112068 0.0021899 0.0125849 0.0131023 0.00308891 0.0093738 0.00623714 0.00657983 0.00904781 0.00434845 0.00675362 0.0093738 0.00623714 0.00657983 0.0108148 0.00508339 0.00629971 0.0093738 0.00623714 0.00657983 0.00801185 0.0070882 0.00753446 0.0093738 0.00623714 0.00657983 0.00765947 0.00548718 0.0060739 0.0093738 0.00623714 0.00657983 0.00981007 0.0057611 0.00472362 0.0093738 0.00623714 0.00657983 0.00828353 0.00727223 0.00496835 0.00856074 0.00385222 0.00367811 0.00735115 0.00306813 0.00234091 0.00856074 0.00385222 0.00367811 0.00950729 0.00531824 0.0027431 0.00856074 0.00385222 0.00367811 0.00810737 0.00319921 0.00549928 0.00856074 0.00385222 0.00367811 0.00778184 0.00489267 0.00217096 0.00856074 0.00385222 0.00367811 0.00669537 0.00331126 0.00402918 0.0122758 0.00402915 0.00589032 0.0108148 0.00508339 0.00629971 0.0122758 0.00402915 0.00589032 0.0124649 0.00288382 0.00443676 0.0122758 0.00402915 0.00589032 0.0141364 0.00420809 0.00555102 0.0122758 0.00402915 0.00589032 0.012188 0.00235102 0.00687822 0.0122758 0.00402915 0.00589032 0.0119457 0.00436912 0.00802844 0.00337737 0.00876701 0.00936048 0.00145257 0.00825758 0.00934563 0.00337737 0.00876701 0.00936048 0.0026358 0.00762499 0.008011 0.00337737 0.00876701 0.00936048 0.00242373 0.00847047 0.0113119 0.00337737 0.00876701 0.00936048 0.00471875 0.00913109 0.0110649 0.00337737 0.00876701 0.00936048 0.00538035 0.00823318 0.00863834 0.00277602 0.00828761 0.0144299 0.00340822 0.00643307 0.0144436 0.00277602 0.00828761 0.0144299 0.00129943 0.00838052 0.013152 0.00277602 0.00828761 0.0144299 0.00394746 0.00815388 0.0128663 0.000762585 0.012471 0.000988134 0.00157798 0.0117964 0.00265549 0.000762585 0.012471 0.000988134 0.00239954 0.0139779 0.00124672 0.000762585 0.012471 0.000988134 0.00011765799999999998 0.0146009 0.00108614 0.00803015 0.014161 0.00469963 0.00916124 0.0131605 0.00583499 0.00803015 0.014161 0.00469963 0.00848536 0.0144564 0.00259723 0.00803015 0.014161 0.00469963 0.00713026 0.0123607 0.00565307 0.010837 0.00238834 0.000978925 0.00896488 0.00348371 0.00109192 0.010837 0.00238834 0.000978925 0.012492 0.000992949 0.00114957 0.0130514 0.00315822 0.00121424 0.014226 0.00472482 0.000984877 0.0130514 0.00315822 0.00121424 0.012492 0.000992949 0.00114957 0.00226883 0.00200538 0.00263243 0.00160414 0.00270943 0.0009255660000000001 0.00226883 0.00200538 0.00263243 0.00381303 0.00231532 0.00419777 0.00226883 0.00200538 0.00263243 0.00046360400000000006 0.000912022 0.00263857 0.00226883 0.00200538 0.00263243 0.0025344 0.00410395 0.00231367 0.00226883 0.00200538 0.00263243 0.00153948 0.00316581 0.00432922 0.0143459 0.0130042 0.00186624 0.0130288 0.0142907 0.00127578 0.0143459 0.0130042 0.00186624 0.015492488520482899 0.0130619 0.00335798 0.0143459 0.0130042 0.00186624 0.0125849 0.0131023 0.00308891 0.0143459 0.0130042 0.00186624 0.015488292520482899 0.0146009 0.00108614 0.0113945 0.00918114 0.0110881 0.0112751 0.007498 0.0117824 0.0113945 0.00918114 0.0110881 0.00988211 0.00886937 0.0121369 0.0113945 0.00918114 0.0110881 0.0105315 0.00993773 0.00969085 0.0113945 0.00918114 0.0110881 0.013205 0.0096047 0.0101858 0.0113945 0.00918114 0.0110881 0.0113447 0.0104497 0.0127523 0.00340058 0.00207828 0.00890818 0.00315879 0.00122249 0.0106055 0.00340058 0.00207828 0.00890818 0.00182052 0.00317139 0.00835747 0.00340058 0.00207828 0.00890818 0.00154428 0.00102557 0.00893272 0.00340058 0.00207828 0.00890818 0.00355988 0.00416661 0.00930964 0.00510559 0.00374798 0.00314021 0.00669537 0.00331126 0.00402918 0.00510559 0.00374798 0.00314021 0.00381303 0.00231532 0.00419777 0.00510559 0.00374798 0.00314021 0.00581236 0.00563355 0.00235906 0.015285 0.0111339 0.0128545 0.014913 0.0104445 0.0111223 0.015285 0.0111339 0.0128545 0.0148463 0.013001 0.0128949 0.015285 0.0111339 0.0128545 0.0149747 0.011962 0.014563 0.015285 0.0111339 0.0128545 0.0156773655204829 0.0122418 0.0112997 0.015285 0.0111339 0.0128545 0.016580514520482897 0.0102617 0.0142644 0.015285 0.0111339 0.0128545 0.0136924 0.00967478 0.0128075 0.00506782 0.011307 0.000981164 0.00626685 0.012874 0.000932133 0.00506782 0.011307 0.000981164 0.0036057 0.0100285 0.000962276 0.00506782 0.011307 0.000981164 0.00507167 0.0126107 0.00275389 0.00458494 0.0121472 0.00832696 0.00647781 0.0117068 0.00785461 0.00973389 0.011808 0.0129043 0.00832651 0.0120425 0.01158 0.00973389 0.011808 0.0129043 0.00825001 0.0104969 0.0127088 0.00973389 0.011808 0.0129043 0.00809245 0.0125786 0.0133384 0.00973389 0.011808 0.0129043 0.00955411 0.0130539 0.0143898 0.00973389 0.011808 0.0129043 0.0113447 0.0104497 0.0127523 0.00756106 0.0104983 0.00655701 0.00931009 0.0100658 0.00589331 0.00756106 0.0104983 0.00655701 0.00862737 0.012094 0.00754645 0.00756106 0.0104983 0.00655701 0.00696398 0.00848199 0.00652405 0.00756106 0.0104983 0.00655701 0.00713026 0.0123607 0.00565307 0.0143108 0.0093607 0.00678585 0.0131264 0.0108219 0.00615458 0.0135592 0.0139428 0.0140031 0.0148463 0.013001 0.0128949 0.0135592 0.0139428 0.0140031 0.0138295 0.015799586520482897 0.0144737 0.0135592 0.0139428 0.0140031 0.0153472 0.0150174 0.0132677 0.0126963 0.00955662 0.00300749 0.0137886 0.0100446 0.00452193 0.0126963 0.00955662 0.00300749 0.0124304 0.0075211 0.00234208 0.0142843 0.0111854 0.0077088 0.015059 0.0112615 0.00591321 0.0142843 0.0111854 0.0077088 0.0131264 0.0108219 0.00615458 0.0142843 0.0111854 0.0077088 0.0139652 0.011549 0.00961442 0.0142843 0.0111854 0.0077088 0.0127891 0.0124106 0.00728079 0.0142843 0.0111854 0.0077088 0.0153591 0.00988822 0.00913232 0.00481986 0.0145587 0.0085124 0.00471216 0.015556649520482899 0.0101438 0.00481986 0.0145587 0.0085124 0.00594435 0.0135187 0.00737792 0.00481986 0.0145587 0.0085124 0.00523691 0.015436787920482899 0.00651573 0.00481986 0.0145587 0.0085124 0.0044427 0.0133303 0.0102963 0.00832651 0.0120425 0.01158 0.00825001 0.0104969 0.0127088 0.00832651 0.0120425 0.01158 0.00956266 0.0105886 0.0112571 0.00832651 0.0120425 0.01158 0.00809245 0.0125786 0.0133384 0.00832651 0.0120425 0.01158 0.00669621 0.012899 0.0119763 0.00832651 0.0120425 0.01158 0.00961837 0.0133659 0.0114878 0.00832651 0.0120425 0.01158 0.00938518 0.0122062 0.00975363 0.000972221 0.00881564 0.00581637 0.00136078 0.00911386 0.00767383 0.000972221 0.00881564 0.00581637 0.00163158 0.00715132 0.00648452 0.000972221 0.00881564 0.00581637 0.00303804 0.00891027 0.00633279 0.0142295 0.0115992 0.00344742 0.0137886 0.0100446 0.00452193 0.0142295 0.0115992 0.00344742 0.015483735520482898 0.0105971 0.00228405 0.0142295 0.0115992 0.00344742 0.015492488520482899 0.0130619 0.00335798 0.0142295 0.0115992 0.00344742 0.0136709 0.012812 0.00521727 0.00235943 5.7767e-05 0.013031 0.00249126 0.00181977 0.0122781 0.00235943 5.7767e-05 0.013031 0.00174303 -0.0009626345204828987 0.0144996 0.00235943 5.7767e-05 0.013031 0.00363212 -0.0004659345204828995 0.0144471 0.00235943 5.7767e-05 0.013031 0.0014984 -0.0015376345204828996 0.0123168 0.00235943 5.7767e-05 0.013031 0.00215448 0.00130828 0.0144798 0.00235943 5.7767e-05 0.013031 0.00112582 0.000460802 0.0112606 0.00941113 0.00185581 0.00988635 0.0105215 0.00201599 0.0115062 0.00941113 0.00185581 0.00988635 0.00983209 0.000706351 0.00837825 0.00941113 0.00185581 0.00988635 0.00803 0.00191715 0.00813368 0.00941113 0.00185581 0.00988635 0.00968499 0.00012374200000000004 0.0112359 0.0104228 0.000101749 0.0046259 0.011473 0.00151206 0.00528904 0.0104228 0.000101749 0.0046259 0.00926058 0.000847095 0.00340809 0.0104228 0.000101749 0.0046259 0.010859 -0.0019739345204829 0.00462973 0.0104228 0.000101749 0.0046259 0.0125441 -0.00017903452048289957 0.00423498 0.0135229 0.00702473 0.0101026 0.0144266 0.0079746 0.00875573 0.0135229 0.00702473 0.0101026 0.0132016 0.00778606 0.0117859 0.0135229 0.00702473 0.0101026 0.0153403 0.0062501 0.010101 0.0135229 0.00702473 0.0101026 0.0136999 0.00490313 0.00957165 0.0135229 0.00702473 0.0101026 0.011654 0.00590038 0.0103722 0.0112957 0.00589602 0.0126544 0.00963464 0.00696761 0.0126039 0.0112957 0.00589602 0.0126544 0.0112751 0.007498 0.0117824 0.0112957 0.00589602 0.0126544 0.0104415 0.00430726 0.0123536 0.0049364 0.00756964 0.0144406 0.00340822 0.00643307 0.0144436 0.0049364 0.00756964 0.0144406 0.00394746 0.00815388 0.0128663 0.0049364 0.00756964 0.0144406 0.00665553 0.00664819 0.0144829 0.0049364 0.00756964 0.0144406 0.0052169 0.00630149 0.0126848 0.0136205 0.0073143 0.00685831 0.0119684 0.00855953 0.00616842 0.0112442 0.0151231 0.00936431 0.00983209 0.016076985520482902 0.00837825 0.0112442 0.0151231 0.00936431 0.00953731 0.0142388 0.00907011 0.0112442 0.0151231 0.00936431 0.0115077 0.0169679545204829 0.00886629 0.0112442 0.0151231 0.00936431 0.0130235 0.0147931 0.00869147 0.0112442 0.0151231 0.00936431 0.0116199 0.0141183 0.0112712 0.00904781 0.00434845 0.00675362 0.00810737 0.00319921 0.00549928 0.00904781 0.00434845 0.00675362 0.0108148 0.00508339 0.00629971 0.00904781 0.00434845 0.00675362 0.00765947 0.00548718 0.0060739 0.00904781 0.00434845 0.00675362 0.0101882 0.00279413 0.00767581 0.0135002 0.0149674 0.0120801 0.0130697 0.0168717445204829 0.0123103 0.0135002 0.0149674 0.0120801 0.0153472 0.0150174 0.0132677 0.0135002 0.0149674 0.0120801 0.0116199 0.0141183 0.0112712 0.0135002 0.0149674 0.0120801 0.0139369 0.016241898520482898 0.0103387 0.00522462 0.00873684 0.00237263 0.00547346 0.0105125 0.00304888 0.00522462 0.00873684 0.00237263 0.00595218 0.00766262 0.0009325610000000002 0.00522462 0.00873684 0.00237263 0.00690513 0.00912511 0.00303531 0.00522462 0.00873684 0.00237263 0.00619018 0.00963994 0.00094849 0.00522462 0.00873684 0.00237263 0.00316401 0.00880036 0.00268753 0.00522462 0.00873684 0.00237263 0.00582758 0.00764958 0.00422724 0.014913 0.0104445 0.0111223 0.0156773655204829 0.0122418 0.0112997 0.014913 0.0104445 0.0111223 0.0153967321204829 0.00873801 0.0117312 0.014913 0.0104445 0.0111223 0.013205 0.0096047 0.0101858 0.014913 0.0104445 0.0111223 0.0135119 0.0119519 0.0117016 0.014913 0.0104445 0.0111223 0.017016524520482898 0.0106312 0.0108291 0.014913 0.0104445 0.0111223 0.0136924 0.00967478 0.0128075 0.014913 0.0104445 0.0111223 0.0153591 0.00988822 0.00913232 0.00735115 0.00306813 0.00234091 0.00644745 0.00414381 0.000923519 0.00735115 0.00306813 0.00234091 0.00778184 0.00489267 0.00217096 0.00735115 0.00306813 0.00234091 0.00669537 0.00331126 0.00402918 0.00735115 0.00306813 0.00234091 0.00896488 0.00348371 0.00109192 0.00735115 0.00306813 0.00234091 0.00718199 0.00127438 0.00348071 0.00785714 0.0071001 0.0131874 0.0082748 0.00793143 0.0115784 0.00785714 0.0071001 0.0131874 0.00963464 0.00696761 0.0126039 0.00785714 0.0071001 0.0131874 0.00665553 0.00664819 0.0144829 0.00785714 0.0071001 0.0131874 0.00860279 0.00512653 0.0132643 0.0105215 0.00201599 0.0115062 0.00968499 0.00012374200000000004 0.0112359 0.0105215 0.00201599 0.0115062 0.00897892 0.00281207 0.0128746 0.00951605 0.00182187 0.00539654 0.00810737 0.00319921 0.00549928 0.00951605 0.00182187 0.00539654 0.011473 0.00151206 0.00528904 0.00951605 0.00182187 0.00539654 0.0105076 0.00253317 0.00351957 0.0109243 0.00459243 0.00368263 0.00950729 0.00531824 0.0027431 0.0109243 0.00459243 0.00368263 0.00981007 0.0057611 0.00472362 0.0109243 0.00459243 0.00368263 0.0120184 0.00601219 0.00474831 0.0109243 0.00459243 0.00368263 0.0105076 0.00253317 0.00351957 0.0068158 0.0024706 0.0130554 0.00746183 0.00136169 0.0144675 0.0068158 0.0024706 0.0130554 0.00897892 0.00281207 0.0128746 0.0068158 0.0024706 0.0130554 0.00734542 0.000502808 0.0122207 0.00983209 0.000706351 0.00837825 0.00953731 -0.0011318345204829007 0.00907011 0.00983209 0.000706351 0.00837825 0.0115077 0.00159732 0.00886629 0.00983209 0.000706351 0.00837825 0.00803 0.00191715 0.00813368 0.00983209 0.000706351 0.00837825 0.0101882 0.00279413 0.00767581 0.00691204 0.00192774 0.00631137 0.00810737 0.00319921 0.00549928 0.00691204 0.00192774 0.00631137 0.00803 0.00191715 0.00813368 0.00691204 0.00192774 0.00631137 0.00543986 0.0033053 0.00565962 0.00157798 0.0117964 0.00265549 0.000113101 0.0105971 0.00228405 0.0107588 0.0118515 0.00812805 0.0124525 0.010881 0.00851007 0.0107588 0.0118515 0.00812805 0.00862737 0.012094 0.00754645 0.0107588 0.0118515 0.00812805 0.0110383 0.0114554 0.00601515 0.0107588 0.0118515 0.00812805 0.00938518 0.0122062 0.00975363 0.0107588 0.0118515 0.00812805 0.0105831 0.00973625 0.0076542 0.0107588 0.0118515 0.00812805 0.0110317 0.0137621 0.00714598 0.0121495 0.00959194 0.0144851 0.0129791 0.0116038 0.0140791 0.0121495 0.00959194 0.0144851 0.0113447 0.0104497 0.0127523 0.0148463 0.013001 0.0128949 0.0152293 0.0140733 0.0112791 0.0148463 0.013001 0.0128949 0.0149747 0.011962 0.014563 0.0148463 0.013001 0.0128949 0.0156773655204829 0.0122418 0.0112997 0.0148463 0.013001 0.0128949 0.0164230645204829 0.0127564 0.0138245 0.0148463 0.013001 0.0128949 0.0153472 0.0150174 0.0132677 0.0148463 0.013001 0.0128949 0.0135119 0.0119519 0.0117016 0.00950729 0.00531824 0.0027431 0.00976117 0.00555904 0.0008826139999999999 0.00950729 0.00531824 0.0027431 0.0102437 0.00703721 0.00327557 0.00950729 0.00531824 0.0027431 0.00778184 0.00489267 0.00217096 0.0019295 0.00880535 0.000912114 0.00137881 0.00697169 0.000945343 0.0019295 0.00880535 0.000912114 0.00316401 0.00880036 0.00268753 0.00570029 0.00429995 0.0099142 0.00355988 0.00416661 0.00930964 0.00570029 0.00429995 0.0099142 0.00531052 0.00490225 0.0078544 0.0108048 0.00177202 0.0144656 0.00928815 0.000585868 0.0135475 0.0108048 0.00177202 0.0144656 0.0115183 0.00376227 0.0141473 0.00922304 0.00722764 0.00160011 0.00976117 0.00555904 0.000882614 0.00922304 0.00722764 0.00160011 0.0102437 0.00703721 0.00327557 0.00922304 0.00722764 0.00160011 0.00751908 0.00646591 0.000975791 0.00922304 0.00722764 0.00160011 0.0087166 0.00827627 0.0030866 0.00922304 0.00722764 0.00160011 0.0107826 0.00871986 0.00112619 0.0036402 0.0141124 0.00692016 0.00523691 0.015436787920482899 0.00651573 0.0036402 0.0141124 0.00692016 0.00469688 0.012697 0.00585677 0.0140646 0.00305028 0.0105996 0.015567208520482899 0.00341294 0.0117453 0.0140646 0.00305028 0.0105996 0.0137409 0.00336556 0.0124953 0.0140646 0.00305028 0.0105996 0.0136999 0.00490313 0.00957165 0.0140646 0.00305028 0.0105996 0.0139369 0.0008712640000000001 0.0103387 0.0082748 0.00793143 0.0115784 0.00963464 0.00696761 0.0126039 0.0082748 0.00793143 0.0115784 0.00988211 0.00886937 0.0121369 0.0082748 0.00793143 0.0115784 0.00973717 0.00701289 0.0106164 0.0082748 0.00793143 0.0115784 0.00771188 0.00720945 0.00962506 0.00347083 0.00594539 0.00734052 0.0026358 0.00762499 0.008011 0.00347083 0.00594539 0.00734052 0.00291337 0.00617532 0.00523942 0.00347083 0.00594539 0.00734052 0.00481886 0.00737393 0.00641349 0.00347083 0.00594539 0.00734052 0.00531052 0.00490225 0.0078544 0.00347083 0.00594539 0.00734052 0.00170255 0.0056747 0.00857904 0.00825001 0.0104969 0.0127088 0.00956266 0.0105886 0.0112571 0.00156243 0.0136422 0.0104332 -0.00014133452048289974 0.0140733 0.0112791 0.00156243 0.0136422 0.0104332 0.0014984 0.013833 0.0123168 0.00156243 0.0136422 0.0104332 0.000643536 0.0121825 0.00913069 0.015059 0.0112615 0.00591321 0.0131264 0.0108219 0.00615458 0.015059 0.0112615 0.00591321 0.0170104445204829 0.0111401 0.00566453 0.015059 0.0112615 0.00591321 0.0136709 0.012812 0.00521727 0.00956266 0.0105886 0.0112571 0.00988211 0.00886937 0.0121369 0.00956266 0.0105886 0.0112571 0.0105315 0.00993773 0.00969085 0.00956266 0.0105886 0.0112571 0.011457 0.0116409 0.0106625 0.00956266 0.0105886 0.0112571 0.00938518 0.0122062 0.00975363 0.00305434 0.0118805 0.000910314 0.00437708 0.0132627 0.000825399 0.00305434 0.0118805 0.000910314 0.0036057 0.0100285 0.000962276 0.00305434 0.0118805 0.000910314 0.00239954 0.0139779 0.00124672 0.00746183 0.00136169 0.0144675 0.00928815 0.000585868 0.0135475 0.00746183 0.00136169 0.0144675 0.00592822 -0.00019283452048289964 0.0141206 0.0152293 0.0140733 0.0112791 0.0156773655204829 0.0122418 0.0112997 0.0152293 0.0140733 0.0112791 0.016869034520482898 0.013833 0.0123168 0.0152293 0.0140733 0.0112791 0.0153472 0.0150174 0.0132677 0.0152293 0.0140733 0.0112791 0.0164964545204829 0.015831436520482897 0.0112606 0.0130288 0.0142907 0.00127578 0.0121004 0.0125843 0.00108456 0.0130288 0.0142907 0.00127578 0.0125849 0.0131023 0.00308891 0.0130288 0.0142907 0.00127578 0.012492 0.0163635835204829 0.00114957 0.00160414 0.00270943 0.000925566 0.00178944 0.0007325970000000002 0.000931026 0.00160414 0.00270943 0.000925566 0.0025344 0.00410395 0.00231367 0.00916124 0.0131605 0.00583499 0.00862737 0.012094 0.00754645 0.00916124 0.0131605 0.00583499 0.010859 0.0133967 0.00462973 0.00916124 0.0131605 0.00583499 0.00892523 0.0119805 0.00400558 0.00916124 0.0131605 0.00583499 0.00713026 0.0123607 0.00565307 0.00330325 0.0140446 0.00321184 0.00344688 0.0124205 0.0041732 0.00330325 0.0140446 0.00321184 0.00448001 0.0146813 0.00193932 0.00330325 0.0140446 0.00321184 0.00145271 0.0146741 0.00409171 0.00330325 0.0140446 0.00321184 0.00239954 0.0139779 0.0012467200000000002 0.00976117 0.00555904 0.000882614 0.00896488 0.00348371 0.00109192 0.00271373 0.0120634 0.00967147 0.00318581 0.0121342 0.0115247 0.00271373 0.0120634 0.00967147 0.00164589 0.0106312 0.0108291 0.00271373 0.0120634 0.00967147 0.0006435360000000001 0.0121825 0.00913069 0.00271373 0.0120634 0.00967147 0.0044427 0.0133303 0.0102963 0.00340822 0.00643307 0.0144436 0.00248377 0.00684551 0.0127929 0.00340822 0.00643307 0.0144436 0.00412831 0.00467065 0.014135 0.000830039 0.00455496 0.000974736 -0.001144634520482898 0.00472482 0.000984877 0.000830039 0.00455496 0.000974736 0.0025344 0.00410395 0.00231367 0.0144266 0.0079746 0.00875573 0.0149282 0.00619856 0.00822222 0.0144266 0.0079746 0.00875573 0.0122638 0.0081329 0.00856628 0.0144266 0.0079746 0.00875573 0.0153591 0.00988822 0.00913232 0.00471216 0.000186015 0.0101438 0.00607853 -0.0008844345204828992 0.0111045 0.00471216 0.000186015 0.0101438 0.00522488 0.000662569 0.0118927 0.00471216 0.000186015 0.0101438 0.00315879 0.0012224899999999997 0.0106055 0.00471216 0.000186015 0.0101438 0.00688078 0.000682455 0.0098464 0.00471216 0.000186015 0.0101438 0.0044427 -0.002040334520482899 0.0102963 0.0132016 0.00778606 0.0117859 0.0112751 0.007498 0.0117824 0.0132016 0.00778606 0.0117859 0.0136924 0.00967478 0.0128075 0.00659062 0.00956595 0.00478995 0.00557679 0.0110766 0.0048687 0.00659062 0.00956595 0.00478995 0.00690513 0.00912511 0.00303531 0.00659062 0.00956595 0.00478995 0.00696398 0.00848199 0.00652405 0.00659062 0.00956595 0.00478995 0.00582758 0.00764958 0.00422724 0.00249126 0.00181977 0.0122781 0.00114172 0.00272986 0.0132811 0.00249126 0.00181977 0.0122781 0.00315879 0.00122249 0.0106055 0.00249126 0.00181977 0.0122781 0.00412599 0.00137665 0.0135511 0.00249126 0.00181977 0.0122781 0.00184386 0.00287322 0.0104712 0.00249126 0.00181977 0.0122781 0.00112582 0.00046080199999999996 0.0112606 0.0153403 0.0062501 0.010101 0.0171537045204829 0.00675792 0.0103862 0.0153403 0.0062501 0.010101 0.0149282 0.00619856 0.00822222 0.0153403 0.0062501 0.010101 0.0136999 0.00490313 0.00957165 0.0153403 0.0062501 0.010101 0.0145916 0.00535797 0.0119365 0.00712619 0.0112387 0.00157061 0.00626685 0.012874 0.000932133 0.00712619 0.0112387 0.00157061 0.00721568 0.0127384 0.0028088 0.00712619 0.0112387 0.00157061 0.00832534 0.0100535 0.0025497 0.00712619 0.0112387 0.00157061 0.00619018 0.00963994 0.00094849 0.00712619 0.0112387 0.00157061 0.0093063 0.0111171 0.00116501 0.0139359 0.00478882 0.00740067 0.0141364 0.00420809 0.00555102 0.0139359 0.00478882 0.00740067 0.013972 0.00284911 0.00740244 0.0139359 0.00478882 0.00740067 0.0149282 0.00619856 0.00822222 0.0139359 0.00478882 0.00740067 0.0136999 0.00490313 0.00957165 0.0139359 0.00478882 0.00740067 0.0153506 0.00587782 0.00611766 0.0139359 0.00478882 0.00740067 0.0119457 0.00436912 0.00802844 0.00174303 0.014408 0.0144996 0.00105243 0.0127564 0.0138245 0.00174303 0.014408 0.0144996 0.00363212 0.0149047 0.0144471 0.00174303 0.014408 0.0144996 -2.3434520482898662e-05 0.0150174 0.0132677 0.00174303 0.014408 0.0144996 0.00311149 0.0130622 0.0135005 0.0102437 0.00703721 0.00327557 0.0087166 0.00827627 0.0030866 0.0102437 0.00703721 0.00327557 0.00981007 0.0057611 0.00472362 0.0102437 0.00703721 0.00327557 0.0102341 0.00818274 0.00486369 0.0121004 0.0125843 0.00108456 0.0125849 0.0131023 0.00308891 0.0121004 0.0125843 0.00108456 0.010259 0.0134597 0.00144291 0.0149747 0.011962 0.014563 0.0164230645204829 0.0127564 0.0138245 0.0149747 0.011962 0.014563 0.0129791 0.0116038 0.0140791 0.00809245 0.0125786 0.0133384 0.00669621 0.012899 0.0119763 0.00809245 0.0125786 0.0133384 0.00801187 0.0143065 0.0142808 0.00809245 0.0125786 0.0133384 0.00654092 0.013051 0.0140637 0.00809245 0.0125786 0.0133384 0.00955411 0.0130539 0.0143898 0.00809245 0.0125786 0.0133384 0.00736227 0.0111036 0.0144012 0.00488023 0.00535711 0.00573052 0.00291337 0.00617532 0.00523942 0.00488023 0.00535711 0.00573052 0.00543986 0.0033053 0.00565962 0.00488023 0.00535711 0.00573052 0.00481886 0.00737393 0.00641349 0.00488023 0.00535711 0.00573052 0.00531052 0.00490225 0.0078544 0.00503906 0.00972852 0.0133084 0.00541111 0.0113932 0.0143195 0.00503906 0.00972852 0.0133084 0.00394746 0.00815388 0.0128663 0.00503906 0.00972852 0.0133084 0.00516618 0.0113635 0.0119059 0.00547346 0.0105125 0.00304888 0.00557679 0.0110766 0.0048687 0.00547346 0.0105125 0.00304888 0.00690513 0.00912511 0.00303531 0.00547346 0.0105125 0.00304888 0.00431948 0.00961847 0.00434437 0.00547346 0.0105125 0.00304888 0.00507167 0.0126107 0.00275389 0.00497608 0.00301259 0.0144894 0.00412831 0.00467065 0.014135 0.00497608 0.00301259 0.0144894 0.00412599 0.00137665 0.0135511 0.00497608 0.00301259 0.0144894 0.00647195 0.0044645 0.0141693 0.00595218 0.00766262 0.000932561 0.00619018 0.00963994 0.00094849 0.00595218 0.00766262 0.000932561 0.00751908 0.00646591 0.000975791 0.0108569 0.00800966 0.0136238 0.00963464 0.00696761 0.0126039 0.0108569 0.00800966 0.0136238 0.0112751 0.007498 0.0117824 0.0108569 0.00800966 0.0136238 0.0101396 0.00961159 0.0144233 0.0108569 0.00800966 0.0136238 0.00988211 0.00886937 0.0121369 0.0108148 0.00508339 0.00629971 0.00981007 0.0057611 0.00472362 0.0108148 0.00508339 0.00629971 0.0120184 0.00601219 0.00474831 0.0108148 0.00508339 0.00629971 0.0119457 0.00436912 0.00802844 0.000196574 0.00341294 0.0117453 -0.0016297345204828986 0.00336556 0.0124953 0.000196574 0.00341294 0.0117453 0.00114172 0.00272986 0.0132811 0.000196574 0.00341294 0.0117453 0.000808613 0.00451802 0.0132018 0.000196574 0.00341294 0.0117453 0.00184386 0.00287322 0.0104712 0.000196574 0.00341294 0.0117453 -0.0007790345204828991 0.00535797 0.0119365 0.00647781 0.0117068 0.00785461 0.00575756 0.0103835 0.00910492 0.00647781 0.0117068 0.00785461 0.00594435 0.0135187 0.00737792 0.00647781 0.0117068 0.00785461 0.00862737 0.012094 0.00754645 0.000306731 0.0122418 0.0112997 -0.0018587345204828982 0.0119519 0.0117016 0.000306731 0.0122418 0.0112997 0.00164589 0.0106312 0.0108291 0.000306731 0.0122418 0.0112997 0.000643536 0.0121825 0.00913069 0.00626685 0.012874 0.000932133 0.00437708 0.0132627 0.000825399 0.00626685 0.012874 0.000932133 0.00820256 0.0129883 0.000946395 0.00626685 0.012874 0.000932133 0.00507167 0.0126107 0.00275389 0.00801185 0.0070882 0.00753446 0.00887705 0.00858119 0.00832694 0.00801185 0.0070882 0.00753446 0.00696398 0.00848199 0.00652405 0.00801185 0.0070882 0.00753446 0.00771188 0.00720945 0.00962506 0.00885139 0.0103862 0.00889722 0.00887705 0.00858119 0.00832694 0.00885139 0.0103862 0.00889722 0.00724754 0.00954615 0.00832247 0.00885139 0.0103862 0.00889722 0.0105315 0.00993773 0.00969085 0.00885139 0.0103862 0.00889722 0.00862737 0.012094 0.00754645 0.00885139 0.0103862 0.00889722 0.00938518 0.0122062 0.00975363 0.00885139 0.0103862 0.00889722 0.0105831 0.00973625 0.0076542 0.00644745 0.00414381 0.000923519 0.00778184 0.00489267 0.00217096 0.00644745 0.00414381 0.000923519 0.00581236 0.00563355 0.00235906 0.00437708 0.0132627 0.000825399 0.00448001 0.0146813 0.00193932 0.00437708 0.0132627 0.000825399 0.00507167 0.0126107 0.00275389 0.00437708 0.0132627 0.000825399 0.00239954 0.0139779 0.00124672 0.0121924 0.0130429 0.00909328 0.0141554 0.0132524 0.00879329 0.0121924 0.0130429 0.00909328 0.0130235 0.0147931 0.00869147 0.0121924 0.0130429 0.00909328 0.011457 0.0116409 0.0106625 0.0081805 0.00930076 0.0145 0.0101396 0.00961159 0.0144233 0.0081805 0.00930076 0.0145 0.00736227 0.0111036 0.0144012 0.00010095 0.00615217 0.00208788 0.00137881 0.00697169 0.000945343 0.00010095 0.00615217 0.00208788 -0.0010857345204829001 0.00590684 0.00397972 0.00105243 0.0127564 0.0138245 0.0014984 0.013833 0.0123168 0.00105243 0.0127564 0.0138245 0.00311149 0.0130622 0.0135005 0.0124649 0.00288382 0.00443676 0.011473 0.00151206 0.00528904 0.0124649 0.00288382 0.00443676 0.0135226 0.00390524 0.00318762 0.0124649 0.00288382 0.00443676 0.0105076 0.00253317 0.00351957 0.0124649 0.00288382 0.00443676 0.0136803 0.00170308 0.00316899 0.00963464 0.00696761 0.0126039 0.0112751 0.007498 0.0117824 0.00963464 0.00696761 0.0126039 0.00988211 0.00886937 0.0121369 0.00963464 0.00696761 0.0126039 0.00973717 0.00701289 0.0106164 0.00963464 0.00696761 0.0126039 0.00860279 0.00512653 0.0132643 0.00721568 0.0127384 0.0028088 0.00848536 0.0144564 0.00259723 0.00721568 0.0127384 0.0028088 0.00507167 0.0126107 0.00275389 0.00721568 0.0127384 0.0028088 0.00892523 0.0119805 0.00400558 0.00114143 0.00918656 0.00303807 0.000113101 0.0105971 0.00228405 0.00114143 0.00918656 0.00303807 0.00228035 0.00975156 0.00448468 0.00114143 0.00918656 0.00303807 0.00316401 0.00880036 0.00268753 0.00114143 0.00918656 0.00303807 -0.00040893452048290017 0.00820167 0.00403522 0.00887705 0.00858119 0.00832694 0.00724754 0.00954615 0.00832247 0.00887705 0.00858119 0.00832694 0.0105831 0.00973625 0.0076542 0.00887705 0.00858119 0.00832694 0.00771188 0.00720945 0.00962506 0.0059249 0.000529775 0.0019021 0.00448001 -0.0006893345204828993 0.00193932 0.0059249 0.000529775 0.0019021 0.00718199 0.00127438 0.00348071 0.0137409 0.00336556 0.0124953 0.0138264 0.00348605 0.0144265 0.0137409 0.00336556 0.0124953 0.0130697 0.00150111 0.0123103 0.0137409 0.00336556 0.0124953 0.0145916 0.00535797 0.0119365 0.00951325 0.00989527 0.00399816 0.00832534 0.0100535 0.0025497 0.00951325 0.00989527 0.00399816 0.00931009 0.0100658 0.00589331 0.00951325 0.00989527 0.00399816 0.00892523 0.0119805 0.00400558 0.00557679 0.0110766 0.0048687 0.00431948 0.00961847 0.00434437 0.00557679 0.0110766 0.0048687 0.00469688 0.012697 0.00585677 0.00557679 0.0110766 0.0048687 0.00713026 0.0123607 0.00565307 0.00129943 0.00838052 0.013152 0.000723907 0.00711535 0.0144783 0.00129943 0.00838052 0.013152 0.000743884 0.00697877 0.0118942 0.00129943 0.00838052 0.013152 0.00248377 0.00684551 0.0127929 0.00129943 0.00838052 0.013152 2.6097600000000087e-05 0.00873801 0.0117312 0.00129943 0.00838052 0.013152 0.00120988 0.0102617 0.0142644 0.00129943 0.00838052 0.013152 0.00242373 0.00847047 0.0113119 0.0107286 0.0117364 0.0026946 0.0120023 0.011198 0.00403426 0.0107286 0.0117364 0.0026946 0.010259 0.0134597 0.00144291 0.0107286 0.0117364 0.0026946 0.00892523 0.0119805 0.00400558 0.0107286 0.0117364 0.0026946 0.0093063 0.0111171 0.00116501 0.0131264 0.0108219 0.00615458 0.0137886 0.0100446 0.00452193 0.0131264 0.0108219 0.00615458 0.0127891 0.0124106 0.00728079 0.0131264 0.0108219 0.00615458 0.0110383 0.0114554 0.00601515 0.00363212 0.0149047 0.0144471 0.00412599 0.0167472845204829 0.0135511 0.00363212 0.0149047 0.0144471 0.00311149 0.0130622 0.0135005 0.00145257 0.00825758 0.00934563 0.00178307 0.00675792 0.0103862 0.00145257 0.00825758 0.00934563 0.00136078 0.00911386 0.00767383 0.00145257 0.00825758 0.00934563 0.0026358 0.00762499 0.008011 0.00145257 0.00825758 0.00934563 0.00242373 0.00847047 0.0113119 0.00145257 0.00825758 0.00934563 -1.1534520482898861e-05 0.00988822 0.00913232 0.00422143 0.00494412 0.0112467 0.00377408 0.00683166 0.0111036 0.00422143 0.00494412 0.0112467 0.0020278 0.00498529 0.0115158 0.00422143 0.00494412 0.0112467 0.0052169 0.00630149 0.0126848 0.00422143 0.00494412 0.0112467 0.00355988 0.00416661 0.00930964 0.0139652 0.011549 0.00961442 0.0124525 0.010881 0.00851007 0.0139652 0.011549 0.00961442 0.0141554 0.0132524 0.00879329 0.0139652 0.011549 0.00961442 0.013205 0.0096047 0.0101858 0.0139652 0.011549 0.00961442 0.0135119 0.0119519 0.0117016 0.0139652 0.011549 0.00961442 0.0160141705204829 0.0121825 0.00913069 0.0139652 0.011549 0.00961442 0.0153591 0.00988822 0.00913232 0.00185408 0.0127452 0.00742254 0.000514979 0.013522 0.00595212 0.00185408 0.0127452 0.00742254 0.0006435359999999999 0.0121825 0.00913069 0.00185408 0.0127452 0.00742254 0.000523529 0.0143598 0.00817114 0.00178307 0.00675792 0.0103862 0.000743884 0.00697877 0.0118942 0.00178307 0.00675792 0.0103862 0.0020278 0.00498529 0.0115158 0.00178307 0.00675792 0.0103862 0.00242373 0.00847047 0.0113119 0.00178307 0.00675792 0.0103862 0.00170255 0.0056747 0.00857904 0.00163981 0.0111401 0.00566453 0.00228035 0.00975156 0.00448468 0.0141364 0.00420809 0.00555102 0.0153506 0.00587782 0.00611766 0.0137886 0.0100446 0.00452193 0.0149617 0.00820167 0.00403522 0.0112751 0.007498 0.0117824 0.00988211 0.00886937 0.0121369 0.0112751 0.007498 0.0117824 0.00973717 0.00701289 0.0106164 0.0112751 0.007498 0.0117824 0.011654 0.00590038 0.0103722 0.0036057 0.0100285 0.000962276 0.00316401 0.00880036 0.00268753 0.00690513 0.00912511 0.00303531 0.00832534 0.0100535 0.0025497 0.00690513 0.00912511 0.00303531 0.00582758 0.00764958 0.00422724 0.0127891 0.0124106 0.00728079 0.0124525 0.010881 0.00851007 0.0127891 0.0124106 0.00728079 0.0110317 0.0137621 0.00714598 0.0124525 0.010881 0.00851007 0.013205 0.0096047 0.0101858 0.00832534 0.0100535 0.0025497 0.0087166 0.00827627 0.0030866 0.00832534 0.0100535 0.0025497 0.0093063 0.0111171 0.00116501 0.00503467 0.0135817 0.0126119 0.00669621 0.012899 0.0119763 0.00503467 0.0135817 0.0126119 0.00485628 0.0132784 0.014531 0.00503467 0.0135817 0.0126119 0.00311149 0.0130622 0.0135005 0.00765947 0.00548718 0.0060739 0.00828353 0.00727223 0.00496835 0.0138295 0.000428952 0.0144737 0.0153472 -0.00035323452048289876 0.0132677 0.013972 0.00284911 0.00740244 0.012188 0.00235102 0.00687822 0.00318581 0.0121342 0.0115247 0.00516618 0.0113635 0.0119059 0.00318581 0.0121342 0.0115247 0.00311149 0.0130622 0.0135005 0.00318581 0.0121342 0.0115247 0.0044427 0.0133303 0.0102963 0.00678456 0.0090854 0.0100989 0.00575756 0.0103835 0.00910492 0.00678456 0.0090854 0.0100989 0.00724754 0.00954615 0.00832247 0.00678456 0.0090854 0.0100989 0.00771188 0.00720945 0.00962506 0.00678456 0.0090854 0.0100989 0.00538035 0.00823318 0.00863834 0.00669621 0.012899 0.0119763 0.00607853 0.0144862 0.0111045 0.00669621 0.012899 0.0119763 0.00516618 0.0113635 0.0119059 0.0149282 0.00619856 0.00822222 0.0136999 0.00490313 0.00957165 0.0149282 0.00619856 0.00822222 0.0153506 0.00587782 0.00611766 0.0149282 0.00619856 0.00822222 0.017073184520482898 0.0056747 0.00857904 0.0101396 0.00961159 0.0144233 0.0113447 0.0104497 0.0127523 0.00136078 0.00911386 0.00767383 0.0026358 0.00762499 0.008011 0.00136078 0.00911386 0.00767383 0.00303804 0.00891027 0.00633279 0.00136078 0.00911386 0.00767383 -1.1534520482899295e-05 0.00988822 0.00913232 0.000743884 0.00697877 0.0118942 0.00248377 0.00684551 0.0127929 0.000743884 0.00697877 0.0118942 2.609759999999998e-05 0.00873801 0.0117312 0.000743884 0.00697877 0.0118942 -0.0007790345204828997 0.00535797 0.0119365 0.00607853 0.0144862 0.0111045 0.00522488 0.0160332035204829 0.0118927 0.00607853 0.0144862 0.0111045 0.00797642 0.0141781 0.0109786 0.00607853 0.0144862 0.0111045 0.00688078 0.0160530895204829 0.0098464 0.00607853 0.0144862 0.0111045 0.0044427 0.0133303 0.0102963 0.00607853 0.0144862 0.0111045 0.00734542 0.0158734425204829 0.0122207 0.00953731 0.0142388 0.00907011 0.00938518 0.0122062 0.00975363 0.00178944 0.000732597 0.000931026 0.00046360400000000006 0.000912022 0.00263857 0.00178944 0.000732597 0.000931026 0.00239954 -0.0013927345204828993 0.00124672 0.00248377 0.00684551 0.0127929 0.00394746 0.00815388 0.0128663 0.00248377 0.00684551 0.0127929 0.00242373 0.00847047 0.0113119 0.00541111 0.0113932 0.0143195 0.00485628 0.0132784 0.014531 0.00541111 0.0113932 0.0143195 0.00736227 0.0111036 0.0144012 0.012919 0.00787954 0.00441347 0.0120184 0.00601219 0.00474831 0.012919 0.00787954 0.00441347 0.0124304 0.0075211 0.00234208 0.012919 0.00787954 0.00441347 0.0119684 0.00855953 0.00616842 0.012919 0.00787954 0.00441347 0.0149617 0.00820167 0.00403522 0.00522488 0.000662569 0.0118927 0.00412599 0.00137665 0.0135511 0.00522488 0.000662569 0.0118927 0.00734542 0.000502808 0.0122207 0.00163158 0.00715132 0.00648452 0.0026358 0.00762499 0.008011 0.00163158 0.00715132 0.00648452 0.00291337 0.00617532 0.00523942 0.00163158 0.00715132 0.00648452 -2.0034520482898905e-05 0.00587782 0.00611766 0.0115077 0.00159732 0.00886629 0.0101882 0.00279413 0.00767581 0.00344688 0.0124205 0.0041732 0.00469688 0.012697 0.00585677 0.00344688 0.0124205 0.0041732 0.00507167 0.0126107 0.00275389 0.00575756 0.0103835 0.00910492 0.00724754 0.00954615 0.00832247 0.00575756 0.0103835 0.00910492 0.00618524 0.0120356 0.0100569 0.00575756 0.0103835 0.00910492 0.00538035 0.00823318 0.00863834 0.0120023 0.011198 0.00403426 0.0125849 0.0131023 0.00308891 0.0120023 0.011198 0.00403426 0.0110383 0.0114554 0.00601515 0.011473 0.00151206 0.00528904 0.012188 0.00235102 0.00687822 0.011473 0.00151206 0.00528904 0.0125685 0.000175611 0.0066453 0.00137881 0.00697169 0.000945343 0.0024157 0.0064872 0.00284784 0.00308473 0.00564611 0.000918513 0.00394017 0.00738058 0.0011107 0.00308473 0.00564611 0.000918513 0.0024157 0.0064872 0.00284784 0.00308473 0.00564611 0.000918513 0.0025344 0.00410395 0.00231367 0.012188 0.00235102 0.00687822 0.0125685 0.000175611 0.0066453 0.012188 0.00235102 0.00687822 0.0101882 0.00279413 0.00767581 0.00377408 0.00683166 0.0111036 0.00242373 0.00847047 0.0113119 0.00377408 0.00683166 0.0111036 0.0052169 0.00630149 0.0126848 0.00114172 0.00272986 0.0132811 0.000808613 0.00451802 0.0132018 0.00801187 0.0143065 0.0142808 0.00654092 0.013051 0.0140637 0.00801187 0.0143065 0.0142808 0.00955411 0.0130539 0.0143898 0.00801187 0.0143065 0.0142808 0.00928815 0.015956502520482897 0.0135475 0.00926058 0.000847095 0.00340809 0.00848536 -0.0009142345204829006 0.00259723 0.00926058 0.000847095 0.00340809 0.00718199 0.00127438 0.00348071 0.00926058 0.000847095 0.00340809 0.0105076 0.00253317 0.00351957 0.00988211 0.00886937 0.0121369 0.0113447 0.0104497 0.0127523 0.0151459 0.000223727 0.00585751 0.0151214 0.00100641 0.00765941 0.0151459 0.000223727 0.00585751 0.0158856135204829 -0.0018486345204828999 0.00595212 0.0151459 0.000223727 0.00585751 0.0171388145204829 0.00115621 0.00558012 0.00820256 0.0129883 0.000946395 0.00848536 0.0144564 0.00259723 0.00820256 0.0129883 0.000946395 0.010259 0.0134597 0.00144291 0.00820256 0.0129883 0.000946395 0.0093063 0.0111171 0.00116501 0.00654092 0.013051 0.0140637 0.00485628 0.0132784 0.014531 0.00654092 0.013051 0.0140637 0.00592822 0.0151778 0.0141206 0.00412831 0.00467065 0.014135 0.00295663 0.00310211 0.014387 0.0104415 0.00430726 0.0123536 0.00897892 0.00281207 0.0128746 0.0104415 0.00430726 0.0123536 0.0115183 0.00376227 0.0141473 0.0104415 0.00430726 0.0123536 0.00860279 0.00512653 0.0132643 0.0026358 0.00762499 0.008011 0.00303804 0.00891027 0.00633279 0.0026358 0.00762499 0.008011 0.00170255 0.0056747 0.00857904 0.0044679 0.00606557 0.00387406 0.00291337 0.00617532 0.00523942 0.0044679 0.00606557 0.00387406 0.00582758 0.00764958 0.00422724 0.0044679 0.00606557 0.00387406 0.00581236 0.00563355 0.00235906 0.00724754 0.00954615 0.00832247 0.00696398 0.00848199 0.00652405 0.00315879 0.00122249 0.0106055 0.00184386 0.00287322 0.0104712 0.00182052 0.00317139 0.00835747 0.00184386 0.00287322 0.0104712 0.00182052 0.00317139 0.00835747 0.00154428 0.00102557 0.00893272 0.00182052 0.00317139 0.00835747 0.00189843 0.00440958 0.00657596 0.00182052 0.00317139 0.00835747 0.00355988 0.00416661 0.00930964 0.00931009 0.0100658 0.00589331 0.0110383 0.0114554 0.00601515 0.00931009 0.0100658 0.00589331 0.0105831 0.00973625 0.0076542 0.00431948 0.00961847 0.00434437 0.00316401 0.00880036 0.00268753 0.00485628 0.0132784 0.014531 0.00592822 0.0151778 0.0141206 0.00485628 0.0132784 0.014531 0.00311149 0.0130622 0.0135005 0.00751908 0.00646591 0.000975791 0.00778184 0.00489267 0.00217096 0.00594435 0.0135187 0.00737792 0.00523691 0.015436787920482899 0.00651573 0.00594435 0.0135187 0.00737792 0.00469688 0.012697 0.00585677 0.00594435 0.0135187 0.00737792 0.00735919 0.0135396 0.00900875 0.0087166 0.00827627 0.0030866 0.00828353 0.00727223 0.00496835 0.0014984 0.013833 0.0123168 -2.343452048289953e-05 0.0150174 0.0132677 0.0014984 0.013833 0.0123168 0.00311149 0.0130622 0.0135005 0.00981007 0.0057611 0.00472362 0.0120184 0.00601219 0.00474831 0.00981007 0.0057611 0.00472362 0.00828353 0.00727223 0.00496835 0.00394746 0.00815388 0.0128663 0.00242373 0.00847047 0.0113119 0.00394746 0.00815388 0.0128663 0.00471875 0.00913109 0.0110649 0.0141554 0.0132524 0.00879329 0.0130235 0.0147931 0.00869147 0.0141554 0.0132524 0.00879329 0.0140254 0.0139836 0.00703447 0.0141554 0.0132524 0.00879329 0.0160141705204829 0.0121825 0.00913069 0.0141554 0.0132524 0.00879329 0.0158941635204829 0.0143598 0.00817114 0.00955411 0.0130539 0.0143898 0.010313 0.014209 0.0130172 0.0101984 0.00474927 0.00934072 0.00841102 0.00514422 0.0106263 0.0101984 0.00474927 0.00934072 0.011654 0.00590038 0.0103722 0.0101984 0.00474927 0.00934072 0.0119457 0.00436912 0.00802844 0.000121854 0.0130619 0.00335798 0.00145271 0.0146741 0.00409171 2.60976e-05 0.00873801 0.0117312 -0.001678234520482899 0.00967478 0.0128075 0.00973717 0.00701289 0.0106164 0.011654 0.00590038 0.0103722 0.0105315 0.00993773 0.00969085 0.011457 0.0116409 0.0106625 0.0105315 0.00993773 0.00969085 0.0105831 0.00973625 0.0076542 0.00961837 0.0133659 0.0114878 0.010313 0.014209 0.0130172 0.00961837 0.0133659 0.0114878 0.00797642 0.0141781 0.0109786 0.00961837 0.0133659 0.0114878 0.00938518 0.0122062 0.00975363 0.00961837 0.0133659 0.0114878 0.00968499 0.015494376520482899 0.0112359 0.00961837 0.0133659 0.0114878 0.0116199 0.0141183 0.0112712 0.00228035 0.00975156 0.00448468 0.00303804 0.00891027 0.00633279 0.00228035 0.00975156 0.00448468 0.00316401 0.00880036 0.00268753 0.0102341 0.00818274 0.00486369 0.00828353 0.00727223 0.00496835 0.0102341 0.00818274 0.00486369 0.0119684 0.00855953 0.00616842 0.00215448 0.00130828 0.0144798 0.00295663 0.00310211 0.014387 0.00215448 0.00130828 0.0144798 0.00412599 0.00137665 0.0135511 0.0130697 0.00150111 0.0123103 0.0139369 0.000871264 0.0103387 0.0146052 0.00152366 0.000981552 0.0158342385204829 0.000912022 0.00263857 0.0146052 0.00152366 0.000981552 0.012492 0.000992949 0.00114957 0.010313 0.014209 0.0130172 0.00928815 0.015956502520482897 0.0135475 0.010313 0.014209 0.0130172 0.0116199 0.0141183 0.0112712 0.00797642 0.0141781 0.0109786 0.00735919 0.0135396 0.00900875 0.00797642 0.0141781 0.0109786 0.00968499 0.015494376520482899 0.0112359 0.00797642 0.0141781 0.0109786 0.00734542 0.0158734425204829 0.0122207 0.0046864 0.00198534 0.00709852 0.00523691 6.615339999999992e-05 0.00651573 0.0046864 0.00198534 0.00709852 0.00543986 0.0033053 0.00565962 0.0130235 0.0147931 0.00869147 0.0125685 0.015546245520482898 0.0066453 0.000808613 0.00451802 0.0132018 0.0020278 0.00498529 0.0115158 0.000808613 0.00451802 0.0132018 -0.0007790345204828991 0.00535797 0.0119365 0.00677204 0.00487074 0.0120359 0.0052169 0.00630149 0.0126848 0.00677204 0.00487074 0.0120359 0.00647195 0.0044645 0.0141693 0.00677204 0.00487074 0.0120359 0.00841102 0.00514422 0.0106263 0.00677204 0.00487074 0.0120359 0.00860279 0.00512653 0.0132643 0.0135226 0.00390524 0.00318762 0.0136803 0.00170308 0.00316899 0.00778184 0.00489267 0.00217096 0.00896488 0.00348371 0.00109192 0.00778184 0.00489267 0.00217096 0.00581236 0.00563355 0.00235906 0.00669537 0.00331126 0.00402918 0.00718199 0.0012743800000000003 0.00348071 0.00669537 0.00331126 0.00402918 0.00543986 0.0033053 0.00565962 0.00618524 0.0120356 0.0100569 0.00516618 0.0113635 0.0119059 0.00618524 0.0120356 0.0100569 0.00735919 0.0135396 0.00900875 0.00618524 0.0120356 0.0100569 0.0044427 0.0133303 0.0102963 0.00295663 0.00310211 0.014387 0.00412599 0.00137665 0.0135511 0.000399955 0.00428455 0.00965483 -0.0016707345204829004 0.00490313 0.00957165 0.000399955 0.00428455 0.00965483 0.00184386 0.00287322 0.0104712 0.000399955 0.00428455 0.00965483 0.00170255 0.0056747 0.00857904 0.0151214 0.00100641 0.00765941 0.0169149145204829 0.00102557 0.00893272 0.0151214 0.00100641 0.00765941 0.0158941635204829 -0.0010108345204828978 0.00817114 0.0140254 0.0139836 0.00703447 0.0158856135204829 0.013522 0.00595212 0.0140254 0.0139836 0.00703447 0.0125685 0.0155462455204829 0.0066453 0.0140254 0.0139836 0.00703447 0.0158941635204829 0.0143598 0.00817114 0.0140254 0.0139836 0.00703447 0.0136709 0.012812 0.00521727 0.00665553 0.00664819 0.0144829 0.00647195 0.0044645 0.0141693 0.00412599 0.00137665 0.0135511 0.00592822 -0.0001928345204828992 0.0141206 0.0107826 0.00871986 0.00112619 0.0124304 0.0075211 0.00234208 0.00862737 0.012094 0.00754645 0.00735919 0.0135396 0.00900875 0.00862737 0.012094 0.00754645 0.00938518 0.0122062 0.00975363 0.00862737 0.012094 0.00754645 0.00713026 0.0123607 0.00565307 0.0136999 0.00490313 0.00957165 0.011654 0.00590038 0.0103722 0.0136999 0.00490313 0.00957165 0.0119457 0.00436912 0.00802844 0.000514979 0.013522 0.00595212 0.00145271 0.0146741 0.00409171 0.000514979 0.013522 0.00595212 0.000523529 0.0143598 0.00817114 0.000514979 0.013522 0.00595212 -0.0016997345204828999 0.012812 0.00521727 0.0020278 0.00498529 0.0115158 0.00184386 0.00287322 0.0104712 0.00184386 0.00287322 0.0104712 0.00154428 0.00102557 0.00893272 0.00184386 0.00287322 0.0104712 0.00355988 0.00416661 0.00930964 0.0129791 0.0116038 0.0140791 0.0135119 0.0119519 0.0117016 0.0129791 0.0116038 0.0140791 0.0136924 0.00967478 0.0128075 0.0129791 0.0116038 0.0140791 0.0113447 0.0104497 0.0127523 0.013205 0.0096047 0.0101858 0.0122638 0.0081329 0.00856628 0.013205 0.0096047 0.0101858 0.0153591 0.00988822 0.00913232 0.0153472 0.0150174 0.0132677 0.0164964545204829 0.015831436520482897 0.0112606 0.0024157 0.0064872 0.00284784 0.00291337 0.00617532 0.00523942 0.0024157 0.0064872 0.00284784 0.0025344 0.00410395 0.00231367 0.0024157 0.0064872 0.00284784 0.00316401 0.00880036 0.00268753 0.00145271 0.0146741 0.00409171 0.00046360400000000006 0.0162826565204829 0.00263857 0.00145271 0.0146741 0.00409171 0.00176818 0.0165268445204829 0.00558012 0.00381303 0.00231532 0.00419777 0.0015394799999999998 0.00316581 0.00432922 0.00381303 0.00231532 0.00419777 0.00543986 0.0033053 0.00565962 0.00516618 0.0113635 0.0119059 0.00471875 0.00913109 0.0110649 0.00896488 0.00348371 0.00109192 0.00827436 0.0011181 0.00121736 0.00242373 0.00847047 0.0113119 0.00471875 0.00913109 0.0110649 0.00242373 0.00847047 0.0113119 0.00164589 0.0106312 0.0108291 0.00469688 0.012697 0.00585677 0.00713026 0.0123607 0.00565307 0.00803 0.00191715 0.00813368 0.00688078 0.000682455 0.0098464 0.00803 0.00191715 0.00813368 0.0101882 0.00279413 0.00767581 0.0135119 0.0119519 0.0117016 0.011457 0.0116409 0.0106625 0.00303804 0.00891027 0.00633279 0.00481886 0.00737393 0.00641349 0.0120184 0.00601219 0.00474831 0.0142849 0.00590684 0.00397972 0.0125849 0.0131023 0.00308891 0.010859 0.0133967 0.00462973 0.0125849 0.0131023 0.00308891 0.0125441 0.0151916 0.00423498 0.0125849 0.0131023 0.00308891 0.0136709 0.012812 0.00521727 0.0125685 0.000175611 0.0066453 0.0125441 -0.00017903452048289876 0.00423498 0.0125685 0.000175611 0.0066453 0.0110317 -0.001608534520482899 0.00714598 0.000463604 0.000912022 0.00263857 -0.0016903345204828991 0.00170308 0.00316899 0.000463604 0.000912022 0.00263857 0.00011765800000000003 -0.0007697345204828994 0.00108614 0.00848536 0.0144564 0.00259723 0.010259 0.0134597 0.00144291 0.00848536 0.0144564 0.00259723 0.00827436 0.016488734520482898 0.00121736 0.00928815 0.000585868 0.0135475 0.00968499 0.00012374200000000004 0.0112359 0.00928815 0.000585868 0.0135475 0.00897892 0.00281207 0.0128746 0.00928815 0.000585868 0.0135475 0.00734542 0.000502808 0.0122207 0.010859 0.0133967 0.00462973 0.0110383 0.0114554 0.00601515 0.010859 0.0133967 0.00462973 0.0125441 0.0151916 0.00423498 0.010859 0.0133967 0.00462973 0.00892523 0.0119805 0.00400558 0.011457 0.0116409 0.0106625 0.00938518 0.0122062 0.00975363 0.011457 0.0116409 0.0106625 0.0113447 0.0104497 0.0127523 0.00291337 0.00617532 0.00523942 0.00189843 0.00440958 0.00657596 0.0110383 0.0114554 0.00601515 0.0105831 0.00973625 0.0076542 0.00154428 0.00102557 0.00893272 0.000523529 -0.0010108345204828985 0.00817114 0.00154428 0.00102557 0.00893272 0.00112582 0.00046080199999999996 0.0112606 0.0025344 0.00410395 0.00231367 0.00153948 0.00316581 0.00432922 0.00688078 0.000682455 0.0098464 0.00734542 0.000502808 0.0122207 0.00164589 0.0106312 0.0108291 -1.1534520482899295e-05 0.00988822 0.00913232 0.0105831 0.00973625 0.0076542 0.0122638 0.0081329 0.00856628 0.0105831 0.00973625 0.0076542 0.0119684 0.00855953 0.00616842 0.00968499 0.000123742 0.0112359 0.0116199 -0.0012523345204828984 0.0112712 0.00189843 0.00440958 0.00657596 -2.0034520482898038e-05 0.00587782 0.00611766 0.00189843 0.00440958 0.00657596 0.00170255 0.0056747 0.00857904 0.00239954 0.0139779 0.00124672 0.00011765800000000009 0.0146009 0.00108614 0.0125441 0.0151916 0.00423498 0.0136803 0.017073714520482897 0.00316899 0.0101882 0.00279413 0.00767581 0.0119457 0.00436912 0.00802844 0.00828353 0.00727223 0.00496835 0.00696398 0.00848199 0.00652405 0.000643536 0.0121825 0.00913069 0.000523529 0.0143598 0.00817114 0.000643536 0.0121825 0.00913069 -1.1534520482898753e-05 0.00988822 0.00913232 0.00696398 0.00848199 0.00652405 0.00481886 0.00737393 0.00641349 0.00153948 0.00316581 0.00432922 0.00176818 0.00115621 0.00558012 0.0136924 0.00967478 0.0128075 0.0113447 0.0104497 0.0127523 0.00647195 0.0044645 0.0141693 0.00860279 0.00512653 0.0132643 0.00892523 0.0119805 0.00400558 0.00713026 0.0123607 0.00565307 0.00592822 0.0151778 0.0141206 0.00734542 0.0158734425204829 0.0122207 0.0142849 0.00590684 0.00397972 0.0153506 0.00587782 0.00611766 0.0142849 0.00590684 0.00397972 0.0149617 0.00820167 0.00403522 0.0136803 0.00170308 0.00316899 0.012492 0.000992949 0.00114957 0.00897892 0.00281207 0.0128746 0.00860279 0.00512653 0.0132643 0.00355988 0.00416661 0.00930964 0.00531052 0.00490225 0.0078544 0.00771188 0.00720945 0.00962506 0.00841102 0.00514422 0.0106263 0.00582758 0.00764958 0.00422724 0.00481886 0.00737393 0.00641349 0.0122638 0.0081329 0.00856628 0.0119684 0.00855953 0.00616842 0.00481886 0.00737393 0.00641349 0.00538035 0.00823318 0.00863834</DataArray>
</Points><Lines>
<DataArray type="Int64" Name="connectivity" format="ascii">0 1 2 3 4 5 6 7 8 9 10 11 12 13 14 15 16 17 18 19 20 21 22 23 24 25 26 27 28 29 30 31 32 33 34 35 36 37 38 39 40 41 42 43 44 45 46 47 48 49 50 51 52 53 54 55 56 57 58 59 60 61 62 63 64 65 66 67 68 69 70 71 72 73 74 75 76 77 78 79 80 81 82 83 84 85 86 87 88 89 90 91 92 93 94 95 96 97 98 99 100 101 102 103 104 105 106 107 108 109 110 111 112 113 114 115 116 117 118 119 120 121 122 123 124 125 126 127 128 129 130 131 132 133 134 135 136 137 138 139 140 141 142 143 144 145 146 147 148 149 150 151 152 153 154 155 156 157 158 159 160 161 162 163 164 165 166 167 168 169 170 171 172 173 174 175 176 177 178 179 180 181 182 183 184 185 186 187 188 189 190 191 192 193 194 195 196 197 198 199 200 201 202 203 204 205 206 207 208 209 210 211 212 213 214 215 216 217 218 219 220 221 222 223 224 225 226 227 228 229 230 231 232 233 234 235 236 237 238 239 240 241 242 243 244 245 246 247 248 249 250 251 252 253 254 255 256 257 258 259 260 261 262 263 264 265 266 267 268 269 270 271 272 273 274 275 276 277 278 279 280 281 282 283 284 285 286 287 288 289 290 291 292 293 294 295 296 297 298 299 300 301 302 303 304 305 306 307 308 309 310 311 312 313 314 315 316 317 318 319 320 321 322 323 324 325 326 327 328 329 330 331 332 333 334 335 336 337 338 339 340 341 342 343 344 345 346 347 348 349 350 351 352 353 354 355 356 357 358 359 360 361 362 363 364 365 366 367 368 369 370 371 372 373 374 375 376 377 378 379 380 381 382 383 384 385 386 387 388 389 390 391 392 393 394 395 396 397 398 399 400 401 402 403 404 405 406 407 408 409 410 411 412 413 414 415 416 417 418 419 420 421 422 423 424 425 426 427 428 429 430 431 432 433 434 435 436 437 438 439 440 441 442 443 444 445 446 447 448 449 450 451 452 453 454 455 456 457 458 459 460 461 462 463 464 465 466 467 468 469 470 471 472 473 474 475 476 477 478 479 480 481 482 483 484 485 486 487 488 489 490 491 492 493 494 495 496 497 498 499 500 501 502 503 504 505 506 507 508 509 510 511 512 513 514 515 516 517 518 519 520 521 522 523 524 525 526 527 528 529 530 531 532 533 534 535 536 537 538 539 540 541 542 543 544 545 546 547 548 549 550 551 552 553 554 555 556 557 558 559 560 561 562 563 564 565 566 567 568 569 570 571 572 573 574 575 576 577 578 579 580 581 582 583 584 585 586 587 588 589 590 591 592 593 594 595 596 597 598 599 600 601 602 603 604 605 606 607 608 609 610 611 612 613 614 615 616 617 618 619 620 621 622 623 624 625 626 627 628 629 630 631 632 633 634 635 636 637 638 639 640 641 642 643 644 645 646 647 648 649 650 651 652 653 654 655 656 657 658 659 660 661 662 663 664 665 666 667 668 669 670 671 672 673 674 675 676 677 678 679 680 681 682 683 684 685 686 687 688 689 690 691 692 693 694 695 696 697 698 699 700 701 702 703 704 705 706 707 708 709 710 711 712 713 714 715 716 717 718 719 720 721 722 723 724 725 726 727 728 729 730 731 732 733 734 735 736 737 738 739 740 741 742 743 744 745 746 747 748 749 750 751 752 753 754 755 756 757 758 759 760 761 762 763 764 765 766 767 768 769 770 771 772 773 774 775 776 777 778 779 780 781 782 783 784 785 786 787 788 789 790 791 792 793 794 795 796 797 798 799 800 801 802 803 804 805 806 807 808 809 810 811 812 813 814 815 816 817 818 819 820 821 822 823 824 825 826 827 828 829 830 831 832 833 834 835 836 837 838 839 840 841 842 843 844 845 846 847 848 849 850 851 852 853 854 855 856 857 858 859 860 861 862 863 864 865 866 867 868 869 870 871 872 873 874 875 876 877 878 879 880 881 882 883 884 885 886 887 888 889 890 891 892 893 894 895 896 897 898 899 900 901 902 903 904 905 906 907 908 909 910 911 912 913 914 915 916 917 918 919 920 921 922 923 924 925 926 927 928 929 930 931 932 933 934 935 936 937 938 939 940 941 942 943 944 945 946 947 948 949 950 951 952 953 954 955 956 957 958 959 960 961 962 963 964 965 966 967 968 969 970 971 972 973 974 975 976 977 978 979 980 981 982 983 984 985 986 987 988 989 990 991 992 993 994 995 996 997 998 999 1000 1001 1002 1003 1004 1005 1006 1007 1008 1009 1010 1011 1012 1013 1014 1015 1016 1017 1018 1019 1020 1021 1022 1023 1024 1025 1026 1027 1028 1029 1030 1031 1032 1033 1034 1035 1036 1037 1038 1039 1040 1041 1042 1043 1044 1045 1046 1047 1048 1049 1050 1051 1052 1053 1054 1055 1056 1057 1058 1059 1060 1061 1062 1063 1064 1065 1066 1067 1068 1069 1070 1071 1072 1073 1074 1075 1076 1077 1078 1079 1080 1081 1082 1083 1084 1085 1086 1087 1088 1089 1090 1091 1092 1093 1094 1095 1096 1097 1098 1099 1100 1101 1102 1103 1104 1105 1106 1107 1108 1109 1110 1111 1112 1113 1114 1115 1116 1117 1118 1119 1120 1121 1122 1123 1124 1125 1126 1127 1128 1129 1130 1131 1132 1133 1134 1135 1136 1137 1138 1139 1140 1141 1142 1143 1144 1145 1146 1147 1148 1149 1150 1151 1152 1153 1154 1155 1156 1157 1158 1159 1160 1161 1162 1163 1164 1165 1166 1167 1168 1169 1170 1171 1172 1173 1174 1175 1176 1177 1178 1179 1180 1181 1182 1183 1184 1185 1186 1187 1188 1189 1190 1191 1192 1193 1194 1195 1196 1197 1198 1199 1200 1201 1202 1203 1204 1205 1206 1207 1208 1209 1210 1211 1212 1213 1214 1215 1216 1217 1218 1219 1220 1221 1222 1223 1224 1225 1226 1227 1228 1229 1230 1231 1232 1233 1234 1235 1236 1237 1238 1239 1240 1241 1242 1243 1244 1245 1246 1247 1248 1249 1250 1251 1252 1253 1254 1255 1256 1257 1258 1259 1260 1261 1262 1263 1264 1265 1266 1267 1268 1269 1270 1271 1272 1273 1274 1275 1276 1277 1278 1279 1280 1281 1282 1283 1284 1285 1286 1287 1288 1289 1290 1291 1292 1293 1294 1295 1296 1297 1298 1299 1300 1301 1302 1303 1304 1305 1306 1307 1308 1309 1310 1311 1312 1313 1314 1315 1316 1317 1318 1319 1320 1321 1322 1323 1324 1325 1326 1327 1328 1329 1330 1331 1332 1333 1334 1335 1336 1337 1338 1339 1340 1341 1342 1343 1344 1345 1346 1347 1348 1349 1350 1351 1352 1353 1354 1355 1356 1357 1358 1359 1360 1361 1362 1363 1364 1365 1366 1367 1368 1369 1370 1371 1372 1373 1374 1375 1376 1377 1378 1379 1380 1381 1382 1383 1384 1385 1386 1387 1388 1389 1390 1391 1392 1393 1394 1395 1396 1397 1398 1399 1400 1401 1402 1403 1404 1405 1406 1407 1408 1409 1410 1411 1412 1413 1414 1415 1416 1417 1418 1419 1420 1421 1422 1423 1424 1425 1426 1427 1428 1429 1430 1431 1432 1433 1434 1435 1436 1437 1438 1439 1440 1441 1442 1443 1444 1445 1446 1447 1448 1449 1450 1451 1452 1453 1454 1455 1456 1457 1458 1459 1460 1461 1462 1463 1464 1465 1466 1467 1468 1469 1470 1471 1472 1473 1474 1475 1476 1477 1478 1479 1480 1481 1482 1483 1484 1485 1486 1487 1488 1489 1490 1491 1492 1493 1494 1495 1496 1497 1498 1499 1500 1501 1502 1503 1504 1505 1506 1507 1508 1509 1510 1511 1512 1513 1514 1515 1516 1517 1518 1519 1520 1521 1522 1523 1524 1525 1526 1527 1528 1529 1530 1531 1532 1533 1534 1535 1536 1537 1538 1539 1540 1541 1542 1543 1544 1545 1546 1547 1548 1549 1550 1551 1552 1553 1554 1555 1556 1557 1558 1559 1560 1561 1562 1563 1564 1565 1566 1567 1568 1569 1570 1571 1572 1573 1574 1575 1576 1577 1578 1579 1580 1581 1582 1583 1584 1585 1586 1587 1588 1589 1590 1591 1592 1593 1594 1595 1596 1597 1598 1599 1600 1601 1602 1603 1604 1605 1606 1607 1608 1609 1610 1611 1612 1613 1614 1615 1616 1617 1618 1619 1620 1621 1622 1623 1624 1625 1626 1627 1628 1629 1630 1631 1632 1633 1634 1635 1636 1637 1638 1639 1640 1641 1642 1643 1644 1645 1646 1647 1648 1649 1650 1651 1652 1653 1654 1655 1656 1657 1658 1659 1660 1661 1662 1663 1664 1665 1666 1667 1668 1669 1670 1671 1672 1673 1674 1675 1676 1677 1678 1679 1680 1681 1682 1683 1684 1685 1686 1687 1688 1689 1690 1691 1692 1693 1694 1695 1696 1697 1698 1699 1700 1701 1702 1703 1704 1705 1706 1707 1708 1709 1710 1711 1712 1713 1714 1715 1716 1717 1718 1719 1720 1721 1722 1723 1724 1725 1726 1727 1728 1729 1730 1731 1732 1733 1734 1735 1736 1737 1738 1739 1740 1741 1742 1743 1744 1745 1746 1747 1748 1749 1750 1751 1752 1753 1754 1755 1756 1757 1758 1759 1760 1761 1762 1763 1764 1765 1766 1767 1768 1769 1770 1771 1772 1773 1774 1775 1776 1777 1778 1779 1780 1781 1782 1783 1784 1785 1786 1787 1788 1789 1790 1791 1792 1793 1794 1795 1796 1797 1798 1799 1800 1801 1802 1803 1804 1805 1806 1807 1808 1809 1810 1811 1812 1813 1814 1815 1816 1817 1818 1819 1820 1821 1822 1823 1824 1825 1826 1827 1828 1829 1830 1831 1832 1833 1834 1835 1836 1837 1838 1839 1840 1841 1842 1843 1844 1845 1846 1847 1848 1849 1850 1851 1852 1853 1854 1855 1856 1857 1858 1859 1860 1861 1862 1863 1864 1865 1866 1867 1868 1869 1870 1871 1872 1873 1874 1875 1876 1877 1878 1879 1880 1881 1882 1883 1884 1885 1886 1887 1888 1889 1890 1891 1892 1893 1894 1895 1896 1897 1898 1899 1900 1901 1902 1903 1904 1905 1906 1907 1908 1909 1910 1911 1912 1913 1914 1915 1916 1917 1918 1919 1920 1921 1922 1923 1924 1925 1926 1927 1928 1929 1930 1931 1932 1933 1934 1935 1936 1937 1938 1939 1940 1941 1942 1943 1944 1945 1946 1947 1948 1949 1950 1951 1952 1953 1954 1955 1956 1957 1958 1959 1960 1961 1962 1963 1964 1965 1966 1967 1968 1969 1970 1971 1972 1973 1974 1975 1976 1977 1978 1979 1980 1981 1982 1983 1984 1985 1986 1987 1988 1989 1990 1991 1992 1993 1994 1995 1996 1997 1998 1999 2000 2001 2002 2003 2004 2005 2006 2007 2008 2009 2010 2011 2012 2013 2014 2015 2016 2017 2018 2019 2020 2021 2022 2023 2024 2025 2026 2027 2028 2029 2030 2031 2032 2033 2034 2035 2036 2037 2038 2039 2040 2041 2042 2043 2044 2045 2046 2047 2048 2049 2050 2051 2052 2053 2054 2055 2056 2057 2058 2059 2060 2061 2062 2063 2064 2065 2066 2067 2068 2069 2070 2071 2072 2073 2074 2075 2076 2077 2078 2079 2080 2081 2082 2083 2084 2085 2086 2087 2088 2089 2090 2091 2092 2093 2094 2095 2096 2097 2098 2099 2100 2101 2102 2103 2104 2105 2106 2107 2108 2109 2110 2111 2112 2113 2114 2115 2116 2117 2118 2119 2120 2121 2122 2123 2124 2125 2126 2127 2128 2129 2130 2131 2132 2133 2134 2135 2136 2137 2138 2139 2140 2141 2142 2143 2144 2145 2146 2147 2148 2149 2150 2151 2152 2153 2154 2155 2156 2157 2158 2159 2160 2161 2162 2163 2164 2165 2166 2167 2168 2169 2170 2171 2172 2173 2174 2175 2176 2177 2178 2179 2180 2181 2182 2183 2184 2185 2186 2187 2188 2189 2190 2191 2192 2193 2194 2195 2196 2197 2198 2199 2200 2201 2202 2203 2204 2205 2206 2207 2208 2209 2210 2211 2212 2213 2214 2215 2216 2217 2218 2219 2220 2221 2222 2223 2224 2225 2226 2227 2228 2229 2230 2231 2232 2233 2234 2235 2236 2237 2238 2239 2240 2241 2242 2243 2244 2245 2246 2247 2248 2249 2250 2251 2252 2253 2254 2255 2256 2257 2258 2259 2260 2261 2262 2263 2264 2265 2266 2267 2268 2269 2270 2271 2272 2273 2274 2275 2276 2277 2278 2279 2280 2281 2282 2283 2284 2285 2286 2287 2288 2289 2290 2291 2292 2293 2294 2295 2296 2297 2298 2299 2300 2301 2302 2303 2304 2305 2306 2307 2308 2309 2310 2311 2312 2313 2314 2315 2316 2317 2318 2319 2320 2321 2322 2323 2324 2325 2326 2327 2328 2329 2330 2331 2332 2333 2334 2335 2336 2337 2338 2339 2340 2341 2342 2343 2344 2345 2346 2347 2348 2349 2350 2351 2352 2353 2354 2355 2356 2357 2358 2359 2360 2361 2362 2363 2364 2365 2366 2367 2368 2369 2370 2371 2372 2373 2374 2375 2376 2377 2378 2379 2380 2381 2382 2383 2384 2385 2386 2387 2388 2389 2390 2391 2392 2393 2394 2395 2396 2397 2398 2399 2400 2401 2402 2403 2404 2405 2406 2407 2408 2409 2410 2411 2412 2413 2414 2415 2416 2417 2418 2419 2420 2421 2422 2423 2424 2425 2426 2427 2428 2429 2430 2431 2432 2433 2434 2435 2436 2437 2438 2439 2440 2441 2442 2443 2444 2445 2446 2447 2448 2449 2450 2451 2452 2453 2454 2455 2456 2457 2458 2459 2460 2461 2462 2463 2464 2465 2466 2467 2468 2469 2470 2471 2472 2473 2474 2475 2476 2477 2478 2479 2480 2481 2482 2483 2484 2485 2486 2487 2488 2489 2490 2491 2492 2493 2494 2495 2496 2497 2498 2499 2500 2501 2502 2503 2504 2505 2506 2507 2508 2509 2510 2511 2512 2513 2514 2515 2516 2517 2518 2519 2520 2521 2522 2523 2524 2525 2526 2527 2528 2529 2530 2531 2532 2533 2534 2535 2536 2537 2538 2539 2540 2541 2542 2543 2544 2545 2546 2547 2548 2549 2550 2551 2552 2553 2554 2555 2556 2557 2558 2559 2560 2561 2562 2563 2564 2565 2566 2567 2568 2569 2570 2571 2572 2573 2574 2575 2576 2577 2578 2579 2580 2581 2582 2583 2584 2585 2586 2587 2588 2589 2590 2591 2592 2593 2594 2595 2596 2597 2598 2599 2600 2601 2602 2603 2604 2605 2606 2607 2608 2609 2610 2611 2612 2613 2614 2615 2616 2617 2618 2619 2620 2621 2622 2623 2624 2625 2626 2627 2628 2629 2630 2631 2632 2633 2634 2635 2636 2637 2638 2639 2640 2641 2642 2643 2644 2645 2646 2647 2648 2649 2650 2651 2652 2653 2654 2655 2656 2657 2658 2659 2660 2661 2662 2663</DataArray>
<DataArray type="Int64" Name="offsets" format="ascii">2 4 6 8 10 12 14 16 18 20 22 24 26 28 30 32 34 36 38 40 42 44 46 48 50 52 54 56 58 60 62 64 66 68 70 72 74 76 78 80 82 84 86 88 90 92 94 96 98 100 102 104 106 108 110 112 114 116 118 120 122 124 126 128 130 132 134 136 138 140 142 144 146 148 150 152 154 156 158 160 162 164 166 168 170 172 174 176 178 180 182 184 186 188 190 192 194 196 198 200 202 204 206 208 210 212 214 216 218 220 222 224 226 228 230 232 234 236 238 240 242 244 246 248 250 252 254 256 258 260 262 264 266 268 270 272 274 276 278 280 282 284 286 288 290 292 294 296 298 300 302 304 306 308 310 312 314 316 318 320 322 324 326 328 330 332 334 336 338 340 342 344 346 348 350 352 354 356 358 360 362 364 366 368 370 372 374 376 378 380 382 384 386 388 390 392 394 396 398 400 402 404 406 408 410 412 414 416 418 420 422 424 426 428 430 432 434 436 438 440 442 444 446 448 450 452 454 456 458 460 462 464 466 468 470 472 474 476 478 480 482 484 486 488 490 492 494 496 498 500 502 504 506 508 510 512 514 516 518 520 522 524 526 528 530 532 534 536 538 540 542 544 546 548 550 552 554 556 558 560 562 564 566 568 570 572 574 576 578 580 582 584 586 588 590 592 594 596 598 600 602 604 606 608 610 612 614 616 618 620 622 624 626 628 630 632 634 636 638 640 642 644 646 648 650 652 654 656 658 660 662 664 666 668 670 672 674 676 678 680 682 684 686 688 690 692 694 696 698 700 702 704 706 708 710 712 714 716 718 720 722 724 726 728 730 732 734 736 738 740 742 744 746 748 750 752 754 756 758 760 762 764 766 768 770 772 774 776 778 780 782 784 786 788 790 792 794 796 798 800 802 804 806 808 810 812 814 816 818 820 822 824 826 828 830 832 834 836 838 840 842 844 846 848 850 852 854 856 858 860 862 864 866 868 870 872 874 876 878 880 882 884 886 888 890 892 894 896 898 900 902 904 906 908 910 912 914 916 918 920 922 924 926 928 930 932 934 936 938 940 942 944 946 948 950 952 954 956 958 960 962 964 966 968 970 972 974 976 978 980 982 984 986 988 990 992 994 996 998 1000 1002 1004 1006 1008 1010 1012 1014 1016 1018 1020 1022 1024 1026 1028 1030 1032 1034 1036 1038 1040 1042 1044 1046 1048 1050 1052 1054 1056 1058 1060 1062 1064 1066 1068 1070 1072 1074 1076 1078 1080 1082 1084 1086 1088 1090 1092 1094 1096 1098 1100 1102 1104 1106 1108 1110 1112 1114 1116 1118 1120 1122 1124 1126 1128 1130 1132 1134 1136 1138 1140 1142 1144 1146 1148 1150 1152 1154 1156 1158 1160 1162 1164 1166 1168 1170 1172 1174 1176 1178 1180 1182 1184 1186 1188 1190 1192 1194 1196 1198 1200 1202 1204 1206 1208 1210 1212 1214 1216 1218 1220 1222 1224 1226 1228 1230 1232 1234 1236 1238 1240 1242 1244 1246 1248 1250 1252 1254 1256 1258 1260 1262 1264 1266 1268 1270 1272 1274 1276 1278 1280 1282 1284 1286 1288 1290 1292 1294 1296 1298 1300 1302 1304 1306 1308 1310 1312 1314 1316 1318 1320 1322 1324 1326 1328 1330 1332 1334 1336 1338 1340 1342 1344 1346 1348 1350 1352 1354 1356 1358 1360 1362 1364 1366 1368 1370 1372 1374 1376 1378 1380 1382 1384 1386 1388 1390 1392 1394 1396 1398 1400 1402 1404 1406 1408 1410 1412 1414 1416 1418 1420 1422 1424 1426 1428 1430 1432 1434 1436 1438 1440 1442 1444 1446 1448 1450 1452 1454 1456 1458 1460 1462 1464 1466 1468 1470 1472 1474 1476 1478 1480 1482 1484 1486 1488 1490 1492 1494 1496 1498 1500 1502 1504 1506 1508 1510 1512 1514 1516 1518 1520 1522 1524 1526 1528 1530 1532 1534 1536 1538 1540 1542 1544 1546 1548 1550 1552 1554 1556 1558 1560 1562 1564 1566 1568 1570 1572 1574 1576 1578 1580 1582 1584 1586 1588 1590 1592 1594 1596 1598 1600 1602 1604 1606 1608 1610 1612 1614 1616 1618 1620 1622 1624 1626 1628 1630 1632 1634 1636 1638 1640 1642 1644 1646 1648 1650 1652 1654 1656 1658 1660 1662 1664 1666 1668 1670 1672 1674 1676 1678 1680 1682 1684 1686 1688 1690 1692 1694 1696 1698 1700 1702 1704 1706 1708 1710 1712 1714 1716 1718 1720 1722 1724 1726 1728 1730 1732 1734 1736 1738 1740 1742 1744 1746 1748 1750 1752 1754 1756 1758 1760 1762 1764 1766 1768 1770 1772 1774 1776 1778 1780 1782 1784 1786 1788 1790 1792 1794 1796 1798 1800 1802 1804 1806 1808 1810 1812 1814 1816 1818 1820 1822 1824 1826 1828 1830 1832 1834 1836 1838 1840 1842 1844 1846 1848 1850 1852 1854 1856 1858 1860 1862 1864 1866 1868 1870 1872 1874 1876 1878 1880 1882 1884 1886 1888 1890 1892 1894 1896 1898 1900 1902 1904 1906 1908 1910 1912 1914 1916 1918 1920 1922 1924 1926 1928 1930 1932 1934 1936 1938 1940 1942 1944 1946 1948 1950 1952 1954 1956 1958 1960 1962 1964 1966 1968 1970 1972 1974 1976 1978 1980 1982 1984 1986 1988 1990 1992 1994 1996 1998 2000 2002 2004 2006 2008 2010 2012 2014 2016 2018 2020 2022 2024 2026 2028 2030 2032 2034 2036 2038 2040 2042 2044 2046 2048 2050 2052 2054 2056 2058 2060 2062 2064 2066 2068 2070 2072 2074 2076 2078 2080 2082 2084 2086 2088 2090 2092 2094 2096 2098 2100 2102 2104 2106 2108 2110 2112 2114 2116 2118 2120 2122 2124 2126 2128 2130 2132 2134 2136 2138 2140 2142 2144 2146 2148 2150 2152 2154 2156 2158 2160 2162 2164 2166 2168 2170 2172 2174 2176 2178 2180 2182 2184 2186 2188 2190 2192 2194 2196 2198 2200 2202 2204 2206 2208 2210 2212 2214 2216 2218 2220 2222 2224 2226 2228 2230 2232 2234 2236 2238 2240 2242 2244 2246 2248 2250 2252 2254 2256 2258 2260 2262 2264 2266 2268 2270 2272 2274 2276 2278 2280 2282 2284 2286 2288 2290 2292 2294 2296 2298 2300 2302 2304 2306 2308 2310 2312 2314 2316 2318 2320 2322 2324 2326 2328 2330 2332 2334 2336 2338 2340 2342 2344 2346 2348 2350 2352 2354 2356 2358 2360 2362 2364 2366 2368 2370 2372 2374 2376 2378 2380 2382 2384 2386 2388 2390 2392 2394 2396 2398 2400 2402 2404 2406 2408 2410 2412 2414 2416 2418 2420 2422 2424 2426 2428 2430 2432 2434 2436 2438 2440 2442 2444 2446 2448 2450 2452 2454 2456 2458 2460 2462 2464 2466 2468 2470 2472 2474 2476 2478 2480 2482 2484 2486 2488 2490 2492 2494 2496 2498 2500 2502 2504 2506 2508 2510 2512 2514 2516 2518 2520 2522 2524 2526 2528 2530 2532 2534 2536 2538 2540 2542 2544 2546 2548 2550 2552 2554 2556 2558 2560 2562 2564 2566 2568 2570 2572 2574 2576 2578 2580 2582 2584 2586 2588 2590 2592 2594 2596 2598 2600 2602 2604 2606 2608 2610 2612 2614 2616 2618 2620 2622 2624 2626 2628 2630 2632 2634 2636 2638 2640 2642 2644 2646 2648 2650 2652 2654 2656 2658 2660 2662 2664</DataArray>
</Lines></Piece></PolyData></VTKFile>