id_i,id_j,edge_kind,distance_m,surface_gap_m,overlap_m,contact_radius_m,g_contact_W_K,g_gap_W_K,g_total_W_K,T_i_K,T_j_K,heat_i_to_j_W
1,35,contact,0.0014999378024451555,-6.219755484455393e-08,6.219755484455393e-08,4.8295013269185175e-06,4.8295013269185175e-06,0.0,4.8295013269185175e-06,300.9378611006358,300.9057647697404,1.5500927264854628e-07
1,146,contact,0.0017221589411270956,-2.78410588729044e-05,2.78410588729044e-05,0.00010923315602005595,0.00010923315602005595,0.0,0.00010923315602005595,300.9378611006358,300.8818879857108,6.114119995530564e-06
1,252,contact,0.0016718590405126865,-7.814095948731358e-05,7.814095948731358e-05,0.00018299995256125097,0.00018299995256125097,0.0,0.00018299995256125097,300.9378611006358,300.8235625931399,2.0916621449572013e-05
2,14,contact,0.0014986809604115212,-1.3190395884788222e-06,1.3190395884788222e-06,2.2240500122064663e-05,2.2240500122064663e-05,0.0,2.2240500122064663e-05,300.65379742212525,300.73545240046434,-1.8160475557176807e-06
2,18,contact,0.0014250624047037381,-7.49375952962619e-05,7.49375952962619e-05,0.00016763531321323146,0.00016763531321323146,0.0,0.00016763531321323146,300.65379742212525,300.69446386915547,-6.817132585180037e-06
2,25,contact,0.0014687792833846752,-3.1220716615324795e-05,3.1220716615324795e-05,0.00010820244327531056,0.00010820244327531056,0.0,0.00010820244327531056,300.65379742212525,300.66576217256596,-1.294615230864302e-06
2,32,contact,0.0014500673191269427,-4.99326808730573e-05,4.99326808730573e-05,0.0001368384278168837,0.0001368384278168837,0.0,0.0001368384278168837,300.65379742212525,300.7406187794164,-1.188049803265182e-05
2,50,contact,0.0014648271629444888,-3.517283705551126e-05,3.517283705551126e-05,0.00011484691504701692,0.00011484691504701692,0.0,0.00011484691504701692,300.65379742212525,300.57386072697545,9.180482837008059e-06
2,62,contact,0.0014279484015187669,-7.205159848123316e-05,7.205159848123316e-05,0.0001643756351484685,0.0001643756351484685,0.0,0.0001643756351484685,300.65379742212525,300.57697453681084,1.262781056749471e-05
3,22,contact,0.0014973954377518316,-2.604562248168397e-06,2.604562248168397e-06,3.125237339888202e-05,3.125237339888202e-05,0.0,3.125237339888202e-05,300.5550259572491,300.65531298453965,-3.1342076239485306e-06
3,34,contact,0.0014908111312637827,-9.18886873621733e-06,9.18886873621733e-06,5.870115651400319e-05,5.870115651400319e-05,0.0,5.870115651400319e-05,300.5550259572491,300.548666548743,3.7330463405388407e-07
3,98,contact,0.0014907517392577477,-9.248260742252337e-06,9.248260742252337e-06,5.889055763316074e-05,5.889055763316074e-05,0.0,5.889055763316074e-05,300.5550259572491,300.50814402743123,2.7609029898923236e-06
4,26,contact,0.0014495073055697232,-5.049269443027681e-05,5.049269443027681e-05,0.00013760363516765757,0.00013760363516765757,0.0,0.00013760363516765757,300.6227994137721,300.6252196396704,-3.330318815298026e-07
4,109,contact,0.0016847452905706549,-6.525470942934518e-05,6.525470942934518e-05,0.00016723128906143112,0.00016723128906143112,0.0,0.00016723128906143112,300.6227994137721,300.7015042526428,-1.3161911659718076e-05
4,299,contact,0.0016904076451850299,-5.959235481497018e-05,5.959235481497018e-05,0.00015981107794826746,0.00015981107794826746,0.0,0.00015981107794826746,300.6227994137721,300.5383563093607,1.3494943541280351e-05
5,7,contact,0.001410323088050114,-8.967691194988595e-05,8.967691194988595e-05,0.00018338168387602738,0.00018338168387602738,0.0,0.00018338168387602738,300.81449302205226,300.81136964748566,5.727696873984109e-07
5,235,contact,0.0016757685532826044,-7.423144671739562e-05,7.423144671739562e-05,0.00017836332909148707,0.00017836332909148707,0.0,0.00017836332909148707,300.81449302205226,300.85434678621306,-7.10845005254655e-06
5,258,contact,0.0016573540429588494,-9.264595704115068e-05,9.264595704115068e-05,0.00019926216439779314,0.00019926216439779314,0.0,0.00019926216439779314,300.81449302205226,300.77672449247694,7.525838949299675e-06
5,392,contact,0.0016647136052777398,-8.528639472226026e-05,8.528639472226026e-05,0.00019118397428609393,0.00019118397428609393,0.0,0.00019118397428609393,300.81449302205226,300.9171223670667,-1.962108605824386e-05
5,409,contact,0.0019342305152220283,-6.57694847779717e-05,6.57694847779717e-05,0.0001755831597553542,0.0001755831597553542,0.0,0.0001755831597553542,300.81449302205226,300.70838417026954,1.86309274740228e-05
6,16,contact,0.0014926930633254781,-7.306936674521909e-06,7.306936674521909e-06,5.2345976473323296e-05,5.2345976473323296e-05,0.0,5.2345976473323296e-05,300.83498312906613,300.78191563242217,2.7778699308229942e-06
6,32,contact,0.0014728477382608158,-2.7152261739184268e-05,2.7152261739184268e-05,0.00010090638310926668,0.00010090638310926668,0.0,0.00010090638310926668,300.83498312906613,300.7406187794164,9.521965217610317e-06
6,131,contact,0.0017268116910364028,-2.318830896359727e-05,2.318830896359727e-05,9.968874910783334e-05,9.968874910783334e-05,0.0,9.968874910783334e-05,300.83498312906613,300.8499892697997,-1.4959433986676663e-06
6,253,contact,0.0017459037855165444,-4.09621448345561e-06,4.09621448345561e-06,4.189893188268105e-05,4.189893188268105e-05,0.0,4.189893188268105e-05,300.83498312906613,300.769706414844,2.735024602718532e-06
6,371,contact,0.0017107422985315466,-3.9257701468453426e-05,3.9257701468453426e-05,0.00012971017385219154,0.00012971017385219154,0.0,0.00012971017385219154,300.83498312906613,300.9393613435924,-1.3538916352583042e-05
7,132,contact,0.001654112714086921,-9.588728591307903e-05,9.588728591307903e-05,0.00020271791017471865,0.00020271791017471865,0.0,0.00020271791017471865,300.81136964748566,300.82953777244114,-3.6830043227680437e-06
7,286,contact,0.00165950041217229,-9.049958782771008e-05,9.049958782771008e-05,0.00019694044186110472,0.00019694044186110472,0.0,0.00019694044186110472,300.81136964748566,300.715252695411,1.8929315011930252e-05
7,392,contact,0.0017050775374020386,-4.492246259796143e-05,4.492246259796143e-05,0.00013875332057487812,0.00013875332057487812,0.0,0.00013875332057487812,300.81136964748566,300.9171223670667,-1.4673541001696305e-05
9,39,contact,0.0014786276530959377,-2.1372346904062305e-05,2.1372346904062305e-05,8.95244664269124e-05,8.95244664269124e-05,0.0,8.95244664269124e-05,300.72927447560414,300.76103611492715,-2.8434438132363516e-06
9,109,contact,0.0016218186704129408,-0.00012818132958705925,0.00012818132958705925,0.00023438185837925066,0.00023438185837925066,0.0,0.00023438185837925066,300.72927447560414,300.7015042526428,6.508836465287587e-06
9,290,contact,0.001624542458232471,-0.0001254575417675291,0.0001254575417675291,0.00023187823938517735,0.00023187823938517735,0.0,0.00023187823938517735,300.72927447560414,300.74607812129176,-3.896399777296867e-06
9,373,contact,0.001741360732530741,-8.639267469258936e-06,8.639267469258936e-06,6.084852669630525e-05,6.084852669630525e-05,0.0,6.084852669630525e-05,300.72927447560414,300.72547804637645,2.3100712521179408e-07
10,19,contact,0.0014512545736706567,-4.874542632934335e-05,4.874542632934335e-05,0.00013520183014110334,0.00013520183014110334,0.0,0.00013520183014110334,300.75887368870326,300.8392612504979,-1.0868545475214102e-05
10,40,contact,0.0014372303654251115,-6.276963457488858e-05,6.276963457488858e-05,0.00015342298708336772,0.00015342298708336772,0.0,0.00015342298708336772,300.75887368870326,300.72827174275153,4.695041958478213e-06
10,286,contact,0.001703264264287841,-4.673573571215895e-05,4.673573571215895e-05,0.0001415259729501857,0.0001415259729501857,0.0,0.0001415259729501857,300.75887368870326,300.715252695411,6.1735035167433535e-06
11,19,contact,0.0014515301413821897,-4.84698586178103e-05,4.84698586178103e-05,0.0001348191269133533,0.0001348191269133533,0.0,0.0001348191269133533,300.9543413702163,300.8392612504979,1.5515001265520708e-05
12,36,contact,0.0014659243663900266,-3.407563360997346e-05,3.407563360997346e-05,0.00011304141985900588,0.00011304141985900588,0.0,0.00011304141985900588,300.5588374955246,300.54247681540267,1.8494345108408806e-06
12,50,contact,0.001423137692389602,-7.686230761039812e-05,7.686230761039812e-05,0.00016977445436195426,0.00016977445436195426,0.0,0.00016977445436195426,300.5588374955246,300.57386072697545,-2.5505609223245467e-06
12,62,contact,0.001483841482301934,-1.6158517698066114e-05,1.6158517698066114e-05,7.784243146751515e-05,7.784243146751515e-05,0.0,7.784243146751515e-05,300.5588374955246,300.57697453681084,-1.4118313933485674e-06
12,234,contact,0.0016933784731465076,-5.6621526853492445e-05,5.6621526853492445e-05,0.00015577666273064382,0.00015577666273064382,0.0,0.00015577666273064382,300.5588374955246,300.55963395465176,-1.2406974483236607e-07
12,243,contact,0.0016876654854857931,-6.233451451420689e-05,6.233451451420689e-05,0.00016344660270149422,0.00016344660270149422,0.0,0.00016344660270149422,300.5588374955246,300.6069774576407,-7.868313262059181e-06
12,305,contact,0.0017058488198547952,-4.415118014520483e-05,4.415118014520483e-05,0.0001375570221687898,0.0001375570221687898,0.0,0.0001375570221687898,300.5588374955246,300.4853745733675,1.0105340811747083e-05
13,26,contact,0.0014428261417786968,-5.717385822130326e-05,5.717385822130326e-05,0.00014642471387367887,0.00014642471387367887,0.0,0.00014642471387367887,300.62207230999326,300.6252196396704,-4.6084684743837766e-07
13,273,contact,0.001668468350014468,-8.153164998553212e-05,8.153164998553212e-05,0.00018692815654171841,0.00018692815654171841,0.0,0.00018692815654171841,300.62207230999326,300.69813053179024,-1.4217423190351378e-05
13,285,contact,0.0016870556756076543,-6.294432439234578e-05,6.294432439234578e-05,0.00016424414456926934,0.00016424414456926934,0.0,0.00016424414456926934,300.62207230999326,300.6174281282763,7.627796533278702e-07
13,330,contact,0.0016932469254659823,-5.675307453401773e-05,5.675307453401773e-05,0.00015595751417890944,0.00015595751417890944,0.0,0.00015595751417890944,300.62207230999326,300.53284614825463,1.391549038448089e-05
14,16,contact,0.0014936288356549629,-6.371164345037169e-06,6.371164345037169e-06,4.8879306760519205e-05,4.8879306760519205e-05,0.0,4.8879306760519205e-05,300.73545240046434,300.78191563242217,-2.2710905679519307e-06
14,25,contact,0.0014598814567628432,-4.0118543237156875e-05,4.0118543237156875e-05,0.0001226558344064147,0.0001226558344064147,0.0,0.0001226558344064147,300.73545240046434,300.66576217256596,8.547913052848643e-06
14,32,contact,0.0014399598887121822,-6.0040111287817857e-05,6.0040111287817857e-05,0.00015005013073280443,0.00015005013073280443,0.0,0.00015005013073280443,300.73545240046434,300.7406187794164,-7.752158371752709e-07
14,40,contact,0.001425863504161601,-7.413649583839902e-05,7.413649583839902e-05,0.00016673687636332773,0.00016673687636332773,0.0,0.00016673687636332773,300.73545240046434,300.72827174275153,1.1972804372679473e-06
14,167,contact,0.0017209414877909126,-2.905851220908742e-05,2.905851220908742e-05,0.00011159591430517917,0.00011159591430517917,0.0,0.00011159591430517917,300.73545240046434,300.8117538913721,-8.51493464070214e-06
15,21,contact,0.0013435494292730731,-0.0001564505707269269,0.0001564505707269269,0.00024221677072943894,0.00024221677072943894,0.0,0.00024221677072943894,300.62797479248997,300.6400348788432,-2.921155171201062e-06
15,43,contact,0.001385225730702401,-0.00011477426929759897,0.00011477426929759897,0.0002074616855870009,0.0002074616855870009,0.0,0.0002074616855870009,300.62797479248997,300.64865772833656,-4.290916733622166e-06
15,45,contact,0.001388983149897795,-0.00011101685010220502,0.00011101685010220502,0.00020403754259529515,0.00020403754259529515,0.0,0.00020403754259529515,300.62797479248997,300.6328537902978,-9.954987230416037e-07
15,79,contact,0.0014460268917623898,-5.397310823761019e-05,5.397310823761019e-05,0.0001422670572870045,0.0001422670572870045,0.0,0.0001422670572870045,300.62797479248997,300.54572822352264,1.1700977338933402e-05
15,113,contact,0.0016695603258990075,-8.043967410099255e-05,8.043967410099255e-05,0.00018567214665447942,0.00018567214665447942,0.0,0.00018567214665447942,300.62797479248997,300.60293789271236,4.6486549272807175e-06
15,118,contact,0.0017275579237064677,-2.2442076293532377e-05,2.2442076293532377e-05,9.807156926055667e-05,9.807156926055667e-05,0.0,9.807156926055667e-05,300.62797479248997,300.7109964235273,-8.142061638404282e-06
16,17,contact,0.0014958129681547755,-4.187031845224488e-06,4.187031845224488e-06,3.962495352627159e-05,3.962495352627159e-05,0.0,3.962495352627159e-05,300.78191563242217,300.7772686958925,1.8413464402872678e-07
16,37,contact,0.0014999631978485338,-3.680215146626038e-08,3.680215146626038e-08,3.714943714223359e-06,3.714943714223359e-06,0.0,3.714943714223359e-06,300.78191563242217,300.87535074874256,-3.4710619806217165e-07
16,246,contact,0.0017457898831474536,-4.2101168525464534e-06,4.2101168525464534e-06,4.247747395912897e-05,4.247747395912897e-05,0.0,4.247747395912897e-05,300.78191563242217,300.7661484303155,6.697509168933202e-07
17,39,contact,0.0014987949598594195,-1.205040140580529e-06,1.205040140580529e-06,2.125770572563508e-05,2.125770572563508e-05,0.0,2.125770572563508e-05,300.7772686958925,300.76103611492715,3.4506742932837196e-07
17,40,contact,0.0014861556745173095,-1.3844325482690548e-05,1.3844325482690548e-05,7.205291150265168e-05,7.205291150265168e-05,0.0,7.205291150265168e-05,300.7772686958925,300.72827174275153,3.5303731285639287e-06
17,252,contact,0.0017351649376644283,-1.4835062335571752e-05,1.4835062335571752e-05,7.973633963320727e-05,7.973633963320727e-05,0.0,7.973633963320727e-05,300.7772686958925,300.8235625931399,-3.6913059138664837e-06
18,253,contact,0.0016815662130469323,-6.843378695306772e-05,6.843378695306772e-05,0.0001712564329799877,0.0001712564329799877,0.0,0.0001712564329799877,300.69446386915547,300.769706414844,-1.2885769982950517e-05
18,255,contact,0.0016875079098232397,-6.24920901767603e-05,6.24920901767603e-05,0.00016365306095966767,0.00016365306095966767,0.0,0.00016365306095966767,300.69446386915547,300.6656922011214,4.708571542695294e-06
18,289,contact,0.0017360663687272836,-1.3933631272716436e-05,1.3933631272716436e-05,7.727584525410004e-05,7.727584525410004e-05,0.0,7.727584525410004e-05,300.69446386915547,300.676863727085,1.360065855088425e-06
19,121,contact,0.001715822104881506,-3.417789511849412e-05,3.417789511849412e-05,0.00012102755610396121,0.00012102755610396121,0.0,0.00012102755610396121,300.8392612504979,300.80906770246276,3.654251328799219e-06
19,132,contact,0.0017257039395516254,-2.4296060448374644e-05,2.4296060448374644e-05,0.00010204213509633021,0.00010204213509633021,0.0,0.00010204213509633021,300.8392612504979,300.82953777244114,9.92204461472259e-07
20,34,contact,0.0014069057132942491,-9.309428670575088e-05,9.309428670575088e-05,0.00018684313611866125,0.00018684313611866125,0.0,0.00018684313611866125,300.508172583006,300.548666548743,-7.566019552177268e-06
20,105,contact,0.0016561871120739956,-9.38128879260044e-05,9.38128879260044e-05,0.00020051315018436826,0.00020051315018436826,0.0,0.00020051315018436826,300.508172583006,300.4335165501708,1.4969516324055088e-05
20,278,contact,0.0016099147592962804,-0.00014008524070371962,0.00014008524070371962,0.0002450235330129854,0.0002450235330129854,0.0,0.0002450235330129854,300.508172583006,300.575204761693,-1.6424461247443123e-05
20,299,contact,0.001724696536930482,-2.5303463069518018e-05,2.5303463069518018e-05,0.00010413616718272149,0.00010413616718272149,0.0,0.00010413616718272149,300.508172583006,300.5383563093607,-3.143217573872777e-06
20,347,contact,0.001633231138112422,-0.00011676886188757797,0.00011676886188757797,0.0002237047115101046,0.0002237047115101046,0.0,0.0002237047115101046,300.508172583006,300.4537965174894,1.216418204944071e-05
21,273,contact,0.00157889372438426,-0.00017110627561573995,0.00017110627561573995,0.0002707974537882036,0.0002707974537882036,0.0,0.0002707974537882036,300.6400348788432,300.69813053179024,-1.5732154894219234e-05
21,274,contact,0.0015532874135201122,-0.0001967125864798878,0.0001967125864798878,0.00029035391198615904,0.00029035391198615904,0.0,0.00029035391198615904,300.6400348788432,300.7158852751755,-2.202345930077549e-05
21,278,contact,0.0016287782467235988,-0.00012122175327640124,0.00012122175327640124,0.00022793020856306108,0.00022793020856306108,0.0,0.00022793020856306108,300.6400348788432,300.575204761693,1.4776742123217915e-05
21,359,contact,0.0016240947227301743,-0.00012590527726982575,0.00012590527726982575,0.00023229163683656593,0.00023229163683656593,0.0,0.00023229163683656593,300.6400348788432,300.5536877456716,2.0057716900579185e-05
22,24,contact,0.001470527419737558,-2.947258026244205e-05,2.947258026244205e-05,0.00010512952771897993,0.00010512952771897993,0.0,0.00010512952771897993,300.65531298453965,300.6609420609418,-5.917821436529528e-07
22,40,contact,0.0014555200611808827,-4.447993881911733e-05,4.447993881911733e-05,0.00012915098550599216,0.00012915098550599216,0.0,0.00012915098550599216,300.65531298453965,300.72827174275153,-9.42269552435802e-06
22,42,contact,0.0015000074293482683,-0.0,0.0,8.660254037844388e-08,8.660254037844388e-08,0.0,8.660254037844388e-08,300.65531298453965,300.65531298453965,0.0
22,43,contact,0.0013914554544432964,-0.00010854454555670368,0.00010854454555670368,0.00020175283042317866,0.00020175283042317866,0.0,0.00020175283042317866,300.65531298453965,300.64865772833656,1.3427167761646765e-06
22,52,contact,0.0014217504130824084,-7.824958691759164e-05,7.824958691759164e-05,0.0001712997229831294,0.0001712997229831294,0.0,0.0001712997229831294,300.65531298453965,300.6782764054227,-3.933627636013001e-06
22,243,contact,0.0016604115268812126,-8.958847311878746e-05,8.958847311878746e-05,0.00019594657411664987,0.00019594657411664987,0.0,0.00019594657411664987,300.65531298453965,300.6069774576407,9.471180903970175e-06
23,26,contact,0.0014373392277399234,-6.26607722600766e-05,6.26607722600766e-05,0.00015328988746009546,0.00015328988746009546,0.0,0.00015328988746009546,300.6774602867015,300.6252196396704,8.00796290424181e-06
23,43,contact,0.001433100035238294,-6.689996476170611e-05,6.689996476170611e-05,0.00015839029890002667,0.00015839029890002667,0.0,0.00015839029890002667,300.6774602867015,300.64865772833656,4.562045828506736e-06
23,48,contact,0.001438688363475565,-6.131163652443503e-05,6.131163652443503e-05,0.00015163068191056562,0.00015163068191056562,0.0,0.00015163068191056562,300.6774602867015,300.7603591339162,-1.2570008732768033e-05
24,51,contact,0.0014428380738669188,-5.7161926133081267e-05,5.7161926133081267e-05,0.00014640943378042782,0.00014640943378042782,0.0,0.00014640943378042782,300.6609420609418,300.7002344860487,-5.752781711762201e-06
24,243,contact,0.0016783598054648475,-7.164019453515251e-05,7.164019453515251e-05,0.00017522254568138587,0.00017522254568138587,0.0,0.00017522254568138587,300.6609420609418,300.6069774576407,9.455815167104294e-06
24,286,contact,0.0017142791369552397,-3.5720863044760376e-05,3.5720863044760376e-05,0.00012372930657244185,0.00012372930657244185,0.0,0.00012372930657244185,300.6609420609418,300.715252695411,-6.719817142380388e-06
24,422,contact,0.001958415720193238,-4.1584279806761854e-05,4.1584279806761854e-05,0.0001396160132628762,0.0001396160132628762,0.0,0.0001396160132628762,300.6609420609418,300.6435729820896,2.4250015433924285e-06
25,52,contact,0.0014377089987546161,-6.229100124538391e-05,6.229100124538391e-05,0.00015283692442279441,0.00015283692442279441,0.0,0.00015283692442279441,300.66576217256596,300.6782764054227,-1.9126368613355727e-06
25,109,contact,0.0016850208775264475,-6.497912247355252e-05,6.497912247355252e-05,0.00016687778565707367,0.00016687778565707367,0.0,0.00016687778565707367,300.66576217256596,300.7015042526428,-5.964559177999125e-06
25,125,contact,0.0016939379720934291,-5.6062027906570886e-05,5.6062027906570886e-05,0.00015500510762078254,0.00015500510762078254,0.0,0.00015500510762078254,300.66576217256596,300.56814929971597,1.5130493861286924e-05
26,52,contact,0.0014594011417701444,-4.059885822985565e-05,4.059885822985565e-05,0.00012338789177304178,0.00012338789177304178,0.0,0.00012338789177304178,300.6252196396704,300.6782764054227,-6.546562470476203e-06
26,299,contact,0.0016914426359176359,-5.855736408236418e-05,5.855736408236418e-05,0.00015841721237970348,0.00015841721237970348,0.0,0.00015841721237970348,300.6252196396704,300.5383563093607,1.376064664567286e-05
28,43,contact,0.0014217919086139154,-7.820809138608465e-05,7.820809138608465e-05,0.00017125429708413667,0.00017125429708413667,0.0,0.00017125429708413667,300.71124850958444,300.64865772833656,1.0718940246552173e-05
28,45,contact,0.001483790577844461,-1.6209422155538927e-05,1.6209422155538927e-05,7.796494922929853e-05,7.796494922929853e-05,0.0,7.796494922929853e-05,300.71124850958444,300.6328537902978,6.1120403090265e-06
28,51,contact,0.0014115802187973593,-8.841978120264072e-05,8.841978120264072e-05,0.00018209178441376832,0.00018209178441376832,0.0,0.00018209178441376832,300.71124850958444,300.7002344860487,2.005563199194882e-06
28,121,contact,0.00166347709894065,-8.652290105935008e-05,8.652290105935008e-05,0.00019256490674873767,0.00019256490674873767,0.0,0.00019256490674873767,300.71124850958444,300.80906770246276,-1.8836543754850276e-05
29,167,contact,0.0017459379510913323,-4.062048908667687e-06,4.062048908667687e-06,4.172383136427817e-05,4.172383136427817e-05,0.0,4.172383136427817e-05,300.9447877688034,300.8117538913721,5.55068306767851e-06
30,31,contact,0.001459109951648607,-4.089004835139301e-05,4.089004835139301e-05,0.0001238295931180119,0.0001238295931180119,0.0,0.0001238295931180119,300.55066505445484,300.58695435711843,-4.493689583368761e-06
30,78,contact,0.0014519844151880562,-4.801558481194387e-05,4.801558481194387e-05,0.00013418585731916368,0.00013418585731916368,0.0,0.00013418585731916368,300.55066505445484,300.4794842433774,9.551458159101602e-06
30,79,contact,0.001423993634044759,-7.600636595524093e-05,7.600636595524093e-05,0.00016882650038786963,0.00016882650038786963,0.0,0.00016882650038786963,300.55066505445484,300.54572822352264,8.334678892890457e-07
30,98,contact,0.001470519669402623,-2.948033059737708e-05,2.948033059737708e-05,0.00010514334964236399,0.00010514334964236399,0.0,0.00010514334964236399,300.55066505445484,300.50814402743123,4.470803211495909e-06
30,113,contact,0.0016405473771506868,-0.00010945262284931326,0.00010945262284931326,0.00021658316401655038,0.00021658316401655038,0.0,0.00021658316401655038,300.55066505445484,300.60293789271236,-1.132141670193958e-05
30,117,contact,0.0016626715998435792,-8.732840015642082e-05,8.732840015642082e-05,0.00019345918745279232,0.00019345918745279232,0.0,0.00019345918745279232,300.55066505445484,300.54570598769754,9.59377025390308e-07
31,45,contact,0.0014110997840691495,-8.89002159308505e-05,8.89002159308505e-05,0.00018258581810772965,0.00018258581810772965,0.0,0.00018258581810772965,300.58695435711843,300.6328537902978,-8.380585557739272e-06
31,55,contact,0.0014086724723653828,-9.132752763461719e-05,9.132752763461719e-05,0.00018506167313352986,0.00018506167313352986,0.0,0.00018506167313352986,300.58695435711843,300.54962681710157,6.907897009479067e-06
31,117,contact,0.0017179456877028012,-3.2054312297198845e-05,3.2054312297198845e-05,0.00011720734794834843,0.00011720734794834843,0.0,0.00011720734794834843,300.58695435711843,300.54570598769754,4.834611987015625e-06
31,422,contact,0.001958932312740795,-4.106768725920494e-05,4.106768725920494e-05,0.00013874609328825196,0.00013874609328825196,0.0,0.00013874609328825196,300.58695435711843,300.6435729820896,-7.855613022103766e-06
32,41,contact,0.0014999959094944223,-4.090505577704698e-09,4.090505577704698e-09,1.2385231494159735e-06,1.2385231494159735e-06,0.0,1.2385231494159735e-06,300.7406187794164,300.7057168191848,4.322688570689455e-08
32,116,contact,0.0016636216691603895,-8.63783308396105e-05,8.63783308396105e-05,0.0001924039621357818,0.0001924039621357818,0.0,0.0001924039621357818,300.7406187794164,300.73240978894376,1.5794422920760555e-06
32,253,contact,0.001687609287459926,-6.23907125400741e-05,6.23907125400741e-05,0.00016352026419648696,0.00016352026419648696,0.0,0.00016352026419648696,300.7406187794164,300.769706414844,-4.756417829967736e-06
33,158,contact,0.00170321067955905,-4.678932044095002e-05,4.678932044095002e-05,0.0001416070828146117,0.0001416070828146117,0.0,0.0001416070828146117,300.83482074168614,300.94111833602165,-1.5052492244061338e-05
33,167,contact,0.0017316368861860158,-1.8363113813984252e-05,1.8363113813984252e-05,8.871249021574677e-05,8.871249021574677e-05,0.0,8.871249021574677e-05,300.83482074168614,300.8117538913721,2.0463177327909197e-06
33,252,contact,0.0017110476789674797,-3.895232103252031e-05,3.895232103252031e-05,0.00012920468981844326,0.00012920468981844326,0.0,0.00012920468981844326,300.83482074168614,300.8235625931399,1.4546055908459745e-06
33,290,contact,0.0017104638627577023,-3.9536137242297776e-05,3.9536137242297776e-05,0.00013016934669163712,0.00013016934669163712,0.0,0.00013016934669163712,300.83482074168614,300.74607812129176,1.1551568920440999e-05
34,62,contact,0.0014556329691924402,-4.436703080755986e-05,4.436703080755986e-05,0.00012898696272428057,0.00012898696272428057,0.0,0.00012898696272428057,300.548666548743,300.57697453681084,-3.6513614017091605e-06
34,125,contact,0.0016729070274823998,-7.709297251760026e-05,7.709297251760026e-05,0.0001817686589175533,0.0001817686589175533,0.0,0.0001817686589175533,300.548666548743,300.56814929971597,-3.5413535163864237e-06
35,37,contact,0.0014999307314006202,-6.926859937982782e-08,6.926859937982782e-08,5.096638575319564e-06,5.096638575319564e-06,0.0,5.096638575319564e-06,300.9057647697404,300.87535074874256,1.5500927264823544e-07
36,50,contact,0.0014705238117745665,-2.947618822543357e-05,2.947618822543357e-05,0.00010513596237509594,0.00010513596237509594,0.0,0.00010513596237509594,300.54247681540267,300.57386072697545,-3.299577746300056e-06
36,229,contact,0.0017104157948101386,-3.958420518986147e-05,3.958420518986147e-05,0.0001302484524556184,0.0001302484524556184,0.0,0.0001302484524556184,300.54247681540267,300.50060445274175,5.453810437244047e-06
36,305,contact,0.0016736681633274856,-7.633183667251449e-05,7.633183667251449e-05,0.00018086913580879545,0.00018086913580879545,0.0,0.00018086913580879545,300.54247681540267,300.4853745733675,1.0328033169646053e-05
36,333,contact,0.0016482300813122014,-0.00010176991868779861,0.00010176991868779861,0.0002088436722470374,0.0002088436722470374,0.0,0.0002088436722470374,300.54247681540267,300.5780548245816,-7.430242088170383e-06
36,404,contact,0.0019390001466260904,-6.099985337390968e-05,6.099985337390968e-05,0.00016909666250112732,0.00016909666250112732,0.0,0.00016909666250112732,300.54247681540267,300.5614162149996,-3.2025892616186546e-06
37,44,contact,0.0014999131496643396,-8.685033566044505e-08,8.685033566044505e-08,5.706914742018396e-06,5.706914742018396e-06,0.0,5.706914742018396e-06,300.87535074874256,300.96125745310394,-4.902622375581624e-07
37,167,contact,0.0017499487115341412,-5.128846585888275e-08,5.128846585888275e-08,4.688365502216985e-06,4.688365502216985e-06,0.0,4.688365502216985e-06,300.87535074874256,300.8117538913721,2.9816531214499305e-07
38,55,contact,0.0014154701088684282,-8.452989113157182e-05,8.452989113157182e-05,0.00017804131311114125,0.00017804131311114125,0.0,0.00017804131311114125,300.5073101569663,300.54962681710157,-7.534113736961438e-06
38,65,contact,0.0014788184005820324,-2.1181599417967626e-05,2.1181599417967626e-05,8.912406959816108e-05,8.912406959816108e-05,0.0,8.912406959816108e-05,300.5073101569663,300.52480757360644,-1.5594409784238428e-06
38,103,contact,0.0016595656225350049,-9.043437746499516e-05,9.043437746499516e-05,0.00019686947539458924,0.00019686947539458924,0.0,0.00019686947539458924,300.5073101569663,300.4423079897072,1.2796942567806628e-05
38,199,contact,0.0017001527480494222,-4.9847251950577804e-05,4.9847251950577804e-05,0.00014616123965955906,0.00014616123965955906,0.0,0.00014616123965955906,300.5073101569663,300.4600046247658,6.914235229177711e-06
38,234,contact,0.001675310770775381,-7.468922922461907e-05,7.468922922461907e-05,0.00017891246370136955,0.00017891246370136955,0.0,0.00017891246370136955,300.5073101569663,300.55963395465176,-9.361379554117711e-06
38,266,contact,0.001701946340392995,-4.8053659607005025e-05,4.8053659607005025e-05,0.00014350758009895956,0.00014350758009895956,0.0,0.00014350758009895956,300.5073101569663,300.5465158549191,-5.626314839298389e-06
38,336,contact,0.0017077805758035798,-4.22194241964202e-05,4.22194241964202e-05,0.00013451408454627696,0.00013451408454627696,0.0,0.00013451408454627696,300.5073101569663,300.4748223225022,4.370071311832172e-06
39,52,contact,0.001440204074914385,-5.9795925085614956e-05,5.9795925085614956e-05,0.00014974468907812927,0.00014974468907812927,0.0,0.00014974468907812927,300.76103611492715,300.6782764054227,1.239282696793925e-05
39,167,contact,0.001723909484253741,-2.609051574625895e-05,2.609051574625895e-05,0.00010574331943692494,0.00010574331943692494,0.0,0.00010574331943692494,300.76103611492715,300.8117538913721,-5.36306603575094e-06
39,252,contact,0.0016958167732983422,-5.4183226701657846e-05,5.4183226701657846e-05,0.00015238563866762207,0.00015238563866762207,0.0,0.00015238563866762207,300.76103611492715,300.8235625931399,-9.52813731608861e-06
41,50,contact,0.0014999997133999731,-2.8660002691395514e-10,2.8660002691395514e-10,3.2783381474877353e-07,3.2783381474877353e-07,0.0,3.2783381474877353e-07,300.7057168191848,300.57386072697545,4.3226885706846884e-08
43,45,contact,0.0014633165940766202,-3.668340592337979e-05,3.668340592337979e-05,0.00011728715710284491,0.00011728715710284491,0.0,0.00011728715710284491,300.64865772833656,300.6328537902978,1.8535989635937452e-06
43,278,contact,0.0017025087832078871,-4.749121679211289e-05,4.749121679211289e-05,0.00014266526776055634,0.00014266526776055634,0.0,0.00014266526776055634,300.64865772833656,300.575204761693,1.0479187154012402e-05
44,371,contact,0.001749874886649043,-1.2511335095700092e-07,1.2511335095700092e-07,7.322568371343513e-06,7.322568371343513e-06,0.0,7.322568371343513e-06,300.96125745310394,300.9393613435924,1.603357589647106e-07
45,79,contact,0.0014963138916016245,-3.686108398375486e-06,3.686108398375486e-06,3.717916956295295e-05,3.717916956295295e-05,0.0,3.717916956295295e-05,300.6328537902978,300.54572822352264,3.2392562204024678e-06
45,161,contact,0.0016662825537499474,-8.371744625005261e-05,8.371744625005261e-05,0.0001894172788732243,0.0001894172788732243,0.0,0.0001894172788732243,300.6328537902978,300.65740118774823,-4.649701228477956e-06
46,48,contact,0.0014541511393593172,-4.584886064068288e-05,4.584886064068288e-05,0.00013112331120077804,0.00013112331120077804,0.0,0.00013112331120077804,300.72905263397695,300.7603591339162,-4.105011934143025e-06
46,118,contact,0.0016992989502088794,-5.0701049791120664e-05,5.0701049791120664e-05,0.00014740767055703617,0.00014740767055703617,0.0,0.00014740767055703617,300.72905263397695,300.7109964235273,2.6616239214674117e-06
46,274,contact,0.0017219620902331155,-2.803790976688451e-05,2.803790976688451e-05,0.00010961864368322801,0.00010961864368322801,0.0,0.00010961864368322801,300.72905263397695,300.7158852751755,1.4433880127073148e-06
47,146,contact,0.001663146750320007,-8.685324967999306e-05,8.685324967999306e-05,0.00019293216759116557,0.00019293216759116557,0.0,0.00019293216759116557,300.9549331910696,300.8818879857108,1.4092769802008723e-05
47,257,contact,0.001694972196438632,-5.502780356136808e-05,5.502780356136808e-05,0.0001535686959749397,0.0001535686959749397,0.0,0.0001535686959749397,300.9549331910696,300.93900818474424,2.445582454776153e-06
48,237,contact,0.001698657784546375,-5.1342215453625004e-05,5.1342215453625004e-05,0.00014833680131033614,0.00014833680131033614,0.0,0.00014833680131033614,300.7603591339162,300.8178613805888,-8.529699339569042e-06
48,252,contact,0.0017112464464827974,-3.8753553517202654e-05,3.8753553517202654e-05,0.0001288746126787074,0.0001288746126787074,0.0,0.0001288746126787074,300.7603591339162,300.8235625931399,-8.14532132740888e-06
49,235,contact,0.0017470065808834862,-2.9934191165138097e-06,2.9934191165138097e-06,3.581750838734245e-05,3.581750838734245e-05,0.0,3.581750838734245e-05,300.8560913249022,300.85434678621306,6.24850291302492e-08
49,246,contact,0.0017472551241315617,-2.7448758684383776e-06,2.7448758684383776e-06,3.429832899993637e-05,3.429832899993637e-05,0.0,3.429832899993637e-05,300.8560913249022,300.7661484303155,3.0848909897402125e-06
49,284,contact,0.001744014801851362,-5.985198148638141e-06,5.985198148638141e-06,5.064666742091643e-05,5.064666742091643e-05,0.0,5.064666742091643e-05,300.8560913249022,300.86063346402244,-2.3004420940266865e-07
49,392,contact,0.0017446685312485577,-5.331468751442305e-06,5.331468751442305e-06,4.780078638672756e-05,4.780078638672756e-05,0.0,4.780078638672756e-05,300.8560913249022,300.9171223670667,-2.9173318094660368e-06
50,163,contact,0.0016401204477110819,-0.00010987955228891817,0.00010987955228891817,0.00021700515361449516,0.00021700515361449516,0.0,0.00021700515361449516,300.57386072697545,300.61979217606984,-9.967361166462842e-06
50,229,contact,0.0016726145189194068,-7.738548108059324e-05,7.738548108059324e-05,0.00018211316859962956,0.00018211316859962956,0.0,0.00018211316859962956,300.57386072697545,300.50060445274175,1.3340932220502418e-05
51,132,contact,0.0016811628931736506,-6.88371068263494e-05,6.88371068263494e-05,0.0001717603481927438,0.0001717603481927438,0.0,0.0001717603481927438,300.7002344860487,300.82953777244114,-2.2209177493229533e-05
51,161,contact,0.0016719929982838813,-7.800700171611873e-05,7.800700171611873e-05,0.00018284302601972787,0.00018284302601972787,0.0,0.00018284302601972787,300.7002344860487,300.65740118774823,7.831769875665307e-06
51,422,contact,0.0019249130429450576,-7.508695705494249e-05,7.508695705494249e-05,0.00018760866483055706,0.00018760866483055706,0.0,0.00018760866483055706,300.7002344860487,300.6435729820896,1.063018910505913e-05
53,60,contact,0.0014047503541910927,-9.524964580890738e-05,9.524964580890738e-05,0.00018899369613386652,0.00018899369613386652,0.0,0.00018899369613386652,300.49959448147837,300.45937736848606,7.600780832249825e-06
53,62,contact,0.0014527380773559976,-4.726192264400248e-05,4.726192264400248e-05,0.0001331285881826324,0.0001331285881826324,0.0,0.0001331285881826324,300.49959448147837,300.57697453681084,-1.030149751990558e-05
53,305,contact,0.0016658331136701538,-8.416688632984621e-05,8.416688632984621e-05,0.0001899250449856238,0.0001899250449856238,0.0,0.0001899250449856238,300.49959448147837,300.4853745733675,2.7007166876492303e-06
54,69,contact,0.00145551273687316,-4.4487263126839934e-05,4.4487263126839934e-05,0.00012916161841880494,0.00012916161841880494,0.0,0.00012916161841880494,300.36621289293504,300.4259316004461,-7.713364912010464e-06
54,89,contact,0.0013598747093022947,-0.00014012529069770533,0.00014012529069770533,0.00022923128933816932,0.00022923128933816932,0.0,0.00022923128933816932,300.36621289293504,300.3229151718642,9.925192426467236e-06
54,96,contact,0.00144267132823107,-5.732867176893013e-05,5.732867176893013e-05,0.00014662282193897647,0.00014662282193897647,0.0,0.00014662282193897647,300.36621289293504,300.39135425801067,-3.6862978947863498e-06
54,99,contact,0.0013681283414577732,-0.0001318716585422268,0.0001318716585422268,0.0002223777685681171,0.0002223777685681171,0.0,0.0002223777685681171,300.36621289293504,300.4388823926386,-1.6160081187043407e-05
54,193,contact,0.001668626610419479,-8.137338958052109e-05,8.137338958052109e-05,0.00018674664607489828,0.00018674664607489828,0.0,0.00018674664607489828,300.36621289293504,300.355105203285,2.074323787784369e-06
54,205,contact,0.001649933898736552,-0.00010006610126344793,0.00010006610126344793,0.00020708807780760608,0.00020708807780760608,0.0,0.00020708807780760608,300.36621289293504,300.2910746814825,1.5560227779610874e-05
55,199,contact,0.0016840279096262038,-6.59720903737962e-05,6.59720903737962e-05,0.00016814800925774061,0.00016814800925774061,0.0,0.00016814800925774061,300.54962681710157,300.4600046247658,1.50697932265712e-05
55,422,contact,0.0019404503603802907,-5.95496396197093e-05,5.95496396197093e-05,0.00016707451502769277,0.00016707451502769277,0.0,0.00016707451502769277,300.54962681710157,300.6435729820896,-1.569600995408839e-05
56,68,contact,0.0014253346629125381,-7.466533708746191e-05,7.466533708746191e-05,0.00016733051547102284,0.00016733051547102284,0.0,0.00016733051547102284,300.145832491214,300.12274757075664,3.862811639733595e-06
56,73,contact,0.001371088206972842,-0.00012891179302715805,0.00012891179302715805,0.00021986796580035088,0.00021986796580035088,0.0,0.00021986796580035088,300.145832491214,300.2378324163757,-2.0227836399087808e-05
56,80,contact,0.0014359066357183528,-6.409336428164726e-05,6.409336428164726e-05,0.00015503229213817914,0.00015503229213817914,0.0,0.00015503229213817914,300.145832491214,300.05477348754664,1.4117086058366544e-05
56,93,contact,0.0014952464585144478,-4.753541485552279e-06,4.753541485552279e-06,4.222058807124913e-05,4.222058807124913e-05,0.0,4.222058807124913e-05,300.145832491214,300.077747777096,2.87457666872308e-06
56,198,contact,0.0017387638034247206,-1.1236196575279463e-05,1.1236196575279463e-05,6.939389611469378e-05,6.939389611469378e-05,0.0,6.939389611469378e-05,300.145832491214,300.1963449890808,-3.505259029462758e-06
56,355,contact,0.001624673565520163,-0.00012532643447983713,0.00012532643447983713,0.00023175704749324742,0.00023175704749324742,0.0,0.00023175704749324742,300.145832491214,300.06400813087663,1.8963372164807884e-05
56,363,contact,0.0016916514439446447,-5.834855605535536e-05,5.834855605535536e-05,0.00015813451243711386,0.00015813451243711386,0.0,0.00015813451243711386,300.145832491214,300.24754811834174,-1.608475110308359e-05
57,63,contact,0.0014799551318198806,-2.004486818011947e-05,2.004486818011947e-05,8.669962841641712e-05,8.669962841641712e-05,0.0,8.669962841641712e-05,300.35157465843406,300.34952386893383,1.7780268763032406e-07
57,77,contact,0.0014490669071164383,-5.0933092883561704e-05,5.0933092883561704e-05,0.0001382024233916889,0.0001382024233916889,0.0,0.0001382024233916889,300.35157465843406,300.3041553112712,6.553468693560763e-06
57,106,contact,0.0016411541636299747,-0.00010884583637002531,0.00010884583637002531,0.00021598197977413231,0.00021598197977413231,0.0,0.00021598197977413231,300.35157465843406,300.42421676728185,-1.5689386483913217e-05
57,199,contact,0.0017399274230266036,-1.0072576973396436e-05,1.0072576973396436e-05,6.570250149639804e-05,6.570250149639804e-05,0.0,6.570250149639804e-05,300.35157465843406,300.4600046247658,-7.124120025166533e-06
57,339,contact,0.001700854459216308,-4.914554078369214e-05,4.914554078369214e-05,0.00014512882078202919,0.00014512882078202919,0.0,0.00014512882078202919,300.35157465843406,300.3568476402306,-7.652616301406633e-07
57,349,contact,0.001639907539253357,-0.0001100924607466431,0.0001100924607466431,0.00021721529222670476,0.00021721529222670476,0.0,0.00021721529222670476,300.35157465843406,300.2740133754082,1.684749675794609e-05
58,64,contact,0.0014820850201321103,-1.7914979867889686e-05,1.7914979867889686e-05,8.196412294692497e-05,8.196412294692497e-05,0.0,8.196412294692497e-05,300.27637077722375,300.3545146027147,-6.4049901200824835e-06
58,73,contact,0.0014043991912914215,-9.560080870857856e-05,9.560080870857856e-05,0.00018934176313142582,0.00018934176313142582,0.0,0.00018934176313142582,300.27637077722375,300.2378324163757,7.29692119116777e-06
58,102,contact,0.0016435393762243727,-0.00010646062377562735,0.00010646062377562735,0.0002136023914148107,0.0002136023914148107,0.0,0.0002136023914148107,300.27637077722375,300.2701679714603,1.3249341445546338e-06
58,190,contact,0.0017056405754144093,-4.435942458559075e-05,4.435942458559075e-05,0.00013788104280593899,0.00013788104280593899,0.0,0.00013788104280593899,300.27637077722375,300.2924488773779,-2.2168652155959762e-06
59,89,contact,0.0014696634522910338,-3.0336547708966237e-05,3.0336547708966237e-05,0.00010665929584833354,0.00010665929584833354,0.0,0.00010665929584833354,300.3231754171369,300.3229151718642,2.77575775308979e-08
59,205,contact,0.0016087940123583253,-0.00014120598764167476,0.00014120598764167476,0.0002460017313890942,0.0002460017313890942,0.0,0.0002460017313890942,300.3231754171369,300.2910746814825,7.896836549848506e-06
59,323,contact,0.0016594370022573908,-9.056299774260921e-05,9.056299774260921e-05,0.00019700942444020564,0.00019700942444020564,0.0,0.00019700942444020564,300.3231754171369,300.3960607667391,-1.4359100775250308e-05
59,327,contact,0.0016266449776853585,-0.00012335502231464158,0.00012335502231464158,0.0002299270278476334,0.0002299270278476334,0.0,0.0002299270278476334,300.3231754171369,300.2880431027737,8.077868622935079e-06
59,478,contact,0.0019296913377752829,-7.030866222471717e-05,7.030866222471717e-05,0.0001815411397392783,0.0001815411397392783,0.0,0.0001815411397392783,300.3231754171369,300.3322277012496,-1.6433619750681737e-06
60,65,contact,0.0014310807158577751,-6.891928414222491e-05,6.891928414222491e-05,0.0001607629669834889,0.0001607629669834889,0.0,0.0001607629669834889,300.45937736848606,300.52480757360644,-1.0518753905490324e-05
60,76,contact,0.0013681666349169602,-0.0001318333650830398,0.0001318333650830398,0.00022234547871755774,0.00022234547871755774,0.0,0.00022234547871755774,300.45937736848606,300.44014396255335,4.276460849477409e-06
60,103,contact,0.0016385785759920086,-0.00011142142400799148,0.00011142142400799148,0.0002185223989905103,0.0002185223989905103,0.0,0.0002185223989905103,300.45937736848606,300.4423079897072,3.730041600030325e-06
60,105,contact,0.0016524054587479435,-9.759454125205652e-05,9.759454125205652e-05,0.00020451462530872232,0.00020451462530872232,0.0,0.00020451462530872232,300.45937736848606,300.4335165501708,5.288915567923567e-06
60,106,contact,0.0017060762091712076,-4.392379082879239e-05,4.392379082879239e-05,0.0001372023388421938,0.0001372023388421938,0.0,0.0001372023388421938,300.45937736848606,300.42421676728185,4.824116720315427e-06
61,66,contact,0.0014234077640648166,-7.659223593518339e-05,7.659223593518339e-05,0.00016947592299702567,0.00016947592299702567,0.0,0.00016947592299702567,300.2054367125034,300.2534047446436,-8.129426521312114e-06
61,92,contact,0.0014235567162919785,-7.644328370802153e-05,7.644328370802153e-05,0.00016931104922747386,0.00016931104922747386,0.0,0.00016931104922747386,300.2054367125034,300.21061512755864,-8.767628863381581e-07
61,182,contact,0.001663941655227129,-8.605834477287103e-05,8.605834477287103e-05,0.0001920472539762073,0.0001920472539762073,0.0,0.0001920472539762073,300.2054367125034,300.1253694531037,1.537669730111264e-05
61,461,contact,0.0019723905132604963,-2.760948673950379e-05,2.760948673950379e-05,0.00011376267801499049,0.00011376267801499049,0.0,0.00011376267801499049,300.2054367125034,300.26143493621464,-6.370507893473451e-06
62,125,contact,0.0016858415801610776,-6.415841983892245e-05,6.415841983892245e-05,0.00016582058269482857,0.00016582058269482857,0.0,0.00016582058269482857,300.57697453681084,300.56814929971597,1.4634059574910351e-06
62,243,contact,0.001704269349633443,-4.573065036655695e-05,4.573065036655695e-05,0.00013999589335796903,0.00013999589335796903,0.0,0.00013999589335796903,300.57697453681084,300.6069774576407,-4.200285704926409e-06
63,64,contact,0.0014759847867102155,-2.401521328978455e-05,2.401521328978455e-05,9.489839294566166e-05,9.489839294566166e-05,0.0,9.489839294566166e-05,300.34952386893383,300.3545146027147,-4.7361261542301993e-07
63,88,contact,0.0014787926120318556,-2.1207387968144456e-05,2.1207387968144456e-05,8.917830727286861e-05,8.917830727286861e-05,0.0,8.917830727286861e-05,300.34952386893383,300.3139612055424,3.1714181233626487e-06
63,89,contact,0.0014807232750922773,-1.9276724907722753e-05,1.9276724907722753e-05,8.502218440146097e-05,8.502218440146097e-05,0.0,8.502218440146097e-05,300.34952386893383,300.3229151718642,2.26232954893458e-06
63,103,contact,0.0017223633512705742,-2.76366487294258e-05,2.76366487294258e-05,0.00010883142021905609,0.00010883142021905609,0.0,0.00010883142021905609,300.34952386893383,300.4423079897072,-1.0097827637544209e-05
63,303,contact,0.00174142394189353,-8.576058106470096e-06,8.576058106470096e-06,6.0625518341713745e-05,6.0625518341713745e-05,0.0,6.0625518341713745e-05,300.34952386893383,300.261846346107,5.31549526829358e-06
64,105,contact,0.001732311066581288,-1.7688933418711977e-05,1.7688933418711977e-05,8.706877434053081e-05,8.706877434053081e-05,0.0,8.706877434053081e-05,300.3545146027147,300.4335165501708,-6.878602735518194e-06
65,98,contact,0.0014791653243975134,-2.0834675602486672e-05,2.0834675602486672e-05,8.839119498531799e-05,8.839119498531799e-05,0.0,8.839119498531799e-05,300.52480757360644,300.50814402743123,1.4729107591197818e-06
65,243,contact,0.0016865398785086579,-6.346012149134215e-05,6.346012149134215e-05,0.00016491572067229041,0.00016491572067229041,0.0,0.00016491572067229041,300.52480757360644,300.6069774576407,-1.3551105643070488e-05
66,311,contact,0.0017444014291727696,-5.598570827230424e-06,5.598570827230424e-06,4.898354312812077e-05,4.898354312812077e-05,0.0,4.898354312812077e-05,300.2534047446436,300.1236159411317,6.357515454373745e-06
66,455,contact,0.00199877830799216,-1.2216920078399543e-06,1.2216920078399543e-06,2.3930485341400383e-05,2.3930485341400383e-05,0.0,2.3930485341400383e-05,300.2534047446436,300.17355507779087,1.910841282135145e-06
66,461,contact,0.0019723856802359926,-2.7614319764007397e-05,2.7614319764007397e-05,0.00011377263462440547,0.00011377263462440547,0.0,0.00011377263462440547,300.2534047446436,300.26143493621464,-9.136160515756759e-07
66,463,contact,0.0019720831368885035,-2.7916863111496562e-05,2.7916863111496562e-05,0.00011439418509484654,0.00011439418509484654,0.0,0.00011439418509484654,300.2534047446436,300.34336624171397,-1.029107214727653e-05
66,497,contact,0.0019255489449505037,-7.445105504949633e-05,7.445105504949633e-05,0.00018681255861009827,0.00018681255861009827,0.0,0.00018681255861009827,300.2534047446436,300.28120317049667,-5.193095058943932e-06
67,101,contact,0.0016826278495555697,-6.737215044443036e-05,6.737215044443036e-05,0.00016992286121031132,0.00016992286121031132,0.0,0.00016992286121031132,300.1745475475133,300.19379154855454,-3.2699957180575643e-06
67,303,contact,0.0016503803910917012,-9.961960890829879e-05,9.961960890829879e-05,0.00020662555046159375,0.00020662555046159375,0.0,0.00020662555046159375,300.1745475475133,300.261846346107,-1.8038162314054696e-05
67,309,contact,0.0016671408241984236,-8.285917580157644e-05,8.285917580157644e-05,0.00018844382543222994,0.00018844382543222994,0.0,0.00018844382543222994,300.1745475475133,300.19490690317724,-3.8365948646431875e-06
67,355,contact,0.0016292638862075107,-0.0001207361137924893,0.0001207361137924893,0.0002274731825253467,0.0002274731825253467,0.0,0.0002274731825253467,300.1745475475133,300.06400813087663,2.5144752896844894e-05
68,80,contact,0.001424169418713939,-7.583058128606099e-05,7.583058128606099e-05,0.00016863115958289817,0.00016863115958289817,0.0,0.00016863115958289817,300.12274757075664,300.05477348754664,1.1462548473287342e-05
68,90,contact,0.001400203757493887,-9.979624250611293e-05,9.979624250611293e-05,0.00019345177936579532,0.00019345177936579532,0.0,0.00019345177936579532,300.12274757075664,300.11963405192466,6.02315758135609e-07
68,101,contact,0.0017216565931683359,-2.8343406831664178e-05,2.8343406831664178e-05,0.00011021422030041089,0.00011021422030041089,0.0,0.00011021422030041089,300.12274757075664,300.19379154855454,-7.830056620035147e-06
68,182,contact,0.0017030293186260771,-4.697068137392291e-05,4.697068137392291e-05,0.0001418812602756105,0.0001418812602756105,0.0,0.0001418812602756105,300.12274757075664,300.1253694531037,-3.719959716948484e-07
69,96,contact,0.0013992471670509108,-0.00010075283294908922,0.00010075283294908922,0.0001943767279174862,0.0001943767279174862,0.0,0.0001943767279174862,300.4259316004461,300.39135425801067,6.7210306826861355e-06
69,99,contact,0.0014924563782905008,-7.54362170949925e-06,7.54362170949925e-06,5.318701101831366e-05,5.318701101831366e-05,0.0,5.318701101831366e-05,300.4259316004461,300.4388823926386,-6.888139270382968e-07
69,103,contact,0.001668106969771424,-8.189303022857614e-05,8.189303022857614e-05,0.00018734196794926666,0.00018734196794926666,0.0,0.00018734196794926666,300.4259316004461,300.4423079897072,-3.0679849920772052e-06
69,305,contact,0.0016480561223756922,-0.00010194387762430782,0.00010194387762430782,0.00020902208798966794,0.00020902208798966794,0.0,0.00020902208798966794,300.4259316004461,300.4853745733675,-1.2424894316338958e-05
69,323,contact,0.0017420160854885926,-7.983914511407392e-06,7.983914511407392e-06,5.8495107895840525e-05,5.8495107895840525e-05,0.0,5.8495107895840525e-05,300.4259316004461,300.3960607667391,1.747297640631815e-06
70,211,contact,0.0016620977559999293,-8.790224400007074e-05,8.790224400007074e-05,0.00019409376673593773,0.00019409376673593773,0.0,0.00019409376673593773,300.31111386703435,300.35698183556036,-8.90268678373888e-06
70,471,contact,0.001928678450701412,-7.132154929858801e-05,7.132154929858801e-05,0.00018284413097967658,0.00018284413097967658,0.0,0.00018284413097967658,300.31111386703435,300.23634518441133,1.3671014798700698e-05
70,500,contact,0.0019456671385211291,-5.433286147887091e-05,5.433286147887091e-05,0.000159588623711782,0.000159588623711782,0.0,0.000159588623711782,300.31111386703435,300.3409927387488,-4.768328014971389e-06
71,96,contact,0.0014635777259851982,-3.642227401480188e-05,3.642227401480188e-05,0.00011686895548241502,0.00011686895548241502,0.0,0.00011686895548241502,300.4621330206943,300.39135425801067,8.271840065173655e-06
71,99,contact,0.001420741135675321,-7.925886432467912e-05,7.925886432467912e-05,0.00017240091102356354,0.00017240091102356354,0.0,0.00017240091102356354,300.4621330206943,300.4388823926386,4.008429458668858e-06
71,105,contact,0.0017370777176338426,-1.292228236615743e-05,1.292228236615743e-05,7.44185528888292e-05,7.44185528888292e-05,0.0,7.44185528888292e-05,300.4621330206943,300.4335165501708,2.129596325144882e-06
71,125,contact,0.0016697844644144937,-8.02155355855063e-05,8.02155355855063e-05,0.00018541328614611927,0.00018541328614611927,0.0,0.00018541328614611927,300.4621330206943,300.56814929971597,-1.96568266783924e-05
71,213,contact,0.0017068886854156601,-4.311131458433989e-05,4.311131458433989e-05,0.00013592747212761225,0.00013592747212761225,0.0,0.00013592747212761225,300.4621330206943,300.433064840569,3.951164243783108e-06
71,219,contact,0.0017429305379159552,-7.069462084044811e-06,7.069462084044811e-06,5.504334169171266e-05,5.504334169171266e-05,0.0,5.504334169171266e-05,300.4621330206943,300.4385916341105,1.2957965856296533e-06
72,228,contact,0.0016774681129598493,-7.253188704015078e-05,7.253188704015078e-05,0.00017630965499875183,0.00017630965499875183,0.0,0.00017630965499875183,300.05186925975613,300.06634409875653,-2.5520538703229485e-06
72,300,contact,0.0016663515000671376,-8.364849993286244e-05,8.364849993286244e-05,0.00018933926458630787,0.00018933926458630787,0.0,0.00018933926458630787,300.05186925975613,300.1263517343767,-1.4102456969231794e-05
73,190,contact,0.0016405650724674098,-0.00010943492753259028,0.00010943492753259028,0.00021656565569880412,0.00021656565569880412,0.0,0.00021656565569880412,300.2378324163757,300.2924488773779,-1.1828049688898305e-05
73,198,contact,0.0017168580660613733,-3.3141933938626725e-05,3.3141933938626725e-05,0.00011917921787668003,0.00011917921787668003,0.0,0.00011917921787668003,300.2378324163757,300.1963449890808,4.944439136721381e-06
73,303,contact,0.0016599248587210206,-9.007514127897941e-05,9.007514127897941e-05,0.00019647806996381416,0.00019647806996381416,0.0,0.00019647806996381416,300.2378324163757,300.261846346107,-4.718210565857367e-06
73,363,contact,0.001706334355892772,-4.366564410722808e-05,4.366564410722808e-05,0.00013679856532334804,0.00013679856532334804,0.0,0.00013679856532334804,300.2378324163757,300.24754811834174,-1.3290940900660392e-06
74,93,contact,0.0014878158568183092,-1.2184143181690832e-05,1.2184143181690832e-05,6.759477563491177e-05,6.759477563491177e-05,0.0,6.759477563491177e-05,300.0490131545293,300.077747777096,-1.942310365352031e-06
74,182,contact,0.0017009021328988926,-4.9097867101107395e-05,4.9097867101107395e-05,0.00014505841252175533,0.00014505841252175533,0.0,0.00014505841252175533,300.0490131545293,300.1253694531037,-1.107612345724111e-05
74,224,contact,0.0017296228231900733,-2.037717680992675e-05,2.037717680992675e-05,9.345092709910851e-05,9.345092709910851e-05,0.0,9.345092709910851e-05,300.0490131545293,300.0887955964155,-3.7177060765307445e-06
75,81,contact,0.0014714220715348807,-2.8577928465119357e-05,2.8577928465119357e-05,0.00010352160728282651,0.00010352160728282651,0.0,0.00010352160728282651,300.137249983167,300.20068101763945,-6.566482640199781e-06
75,104,contact,0.0016515084851432041,-9.84915148567959e-05,9.84915148567959e-05,0.0002054523040132213,0.0002054523040132213,0.0,0.0002054523040132213,300.137249983167,300.13950097346054,-4.62471142117669e-07
75,334,contact,0.0016961411574512302,-5.3858842548769846e-05,5.3858842548769846e-05,0.00015192880270814332,0.00015192880270814332,0.0,0.00015192880270814332,300.137249983167,300.1657164733766,-4.3248797748490815e-06
75,354,contact,0.0016786304297849478,-7.13695702150522e-05,7.13695702150522e-05,0.00017489127669381856,0.00017489127669381856,0.0,0.00017489127669381856,300.137249983167,300.072330601413,1.1353833557132106e-05
76,105,contact,0.001627069799424721,-0.00012293020057527909,0.00012293020057527909,0.00022953076411479052,0.00022953076411479052,0.0,0.00022953076411479052,300.44014396255335,300.4335165501708,1.5211950282720146e-06
76,106,contact,0.0016965147965756142,-5.348520342438588e-05,5.348520342438588e-05,0.00015140089180392074,0.00015140089180392074,0.0,0.00015140089180392074,300.44014396255335,300.42421676728185,2.411391568040541e-06
76,434,contact,0.0018231062940487043,-0.0001768937059512957,0.0001768937059512957,0.00028795646314099264,0.00028795646314099264,0.0,0.00028795646314099264,300.44014396255335,300.4389497742047,3.4387425320921623e-07
77,88,contact,0.0014645095141036127,-3.549048589638736e-05,3.549048589638736e-05,0.00011536434549350706,0.00011536434549350706,0.0,0.00011536434549350706,300.3041553112712,300.3139612055424,-1.1312505745766763e-06
77,188,contact,0.0017404725540981674,-9.527445901832661e-06,9.527445901832661e-06,6.389985211865068e-05,6.389985211865068e-05,0.0,6.389985211865068e-05,300.3041553112712,300.23877735145237,4.177641964241557e-06
77,191,contact,0.0016942682506958572,-5.5731749304142875e-05,5.5731749304142875e-05,0.0001545478418356634,0.0001545478418356634,0.0,0.0001545478418356634,300.3041553112712,300.2679902803043,5.5892274858563455e-06
77,214,contact,0.001748901837190698,-1.0981628093020054e-06,1.0981628093020054e-06,2.169426661555015e-05,2.169426661555015e-05,0.0,2.169426661555015e-05,300.3041553112712,300.40013229075845,-2.0821501819518357e-06
78,106,contact,0.0016991771126839603,-5.082288731603972e-05,5.082288731603972e-05,0.00014758467881578993,0.00014758467881578993,0.0,0.00014758467881578993,300.4794842433774,300.42421676728185,8.156632708519169e-06
78,117,contact,0.001716454951742271,-3.3545048257729035e-05,3.3545048257729035e-05,0.00011990183173460047,0.00011990183173460047,0.0,0.00011990183173460047,300.4794842433774,300.54570598769754,-7.940108444647536e-06
78,214,contact,0.0017177088105089292,-3.2291189491070885e-05,3.2291189491070885e-05,0.00011763962432131,0.00011763962432131,0.0,0.00011763962432131,300.4794842433774,300.40013229075845,9.334933895253985e-06
79,98,contact,0.0014292495986705748,-7.075040132942527e-05,7.075040132942527e-05,0.00016288462327222443,0.00016288462327222443,0.0,0.00016288462327222443,300.54572822352264,300.50814402743123,6.1218876213396785e-06
79,278,contact,0.0016508417483817159,-9.915825161828417e-05,9.915825161828417e-05,0.0002061465341709465,0.0002061465341709465,0.0,0.0002061465341709465,300.54572822352264,300.575204761693,-6.0764861831737795e-06
79,434,contact,0.0019537134225366837,-4.62865774633163e-05,4.62865774633163e-05,0.00014729844936702325,0.00014729844936702325,0.0,0.00014729844936702325,300.54572822352264,300.4389497742047,1.5728300010352487e-05
80,355,contact,0.0016772080318195476,-7.279196818045248e-05,7.279196818045248e-05,0.00017662547322405816,0.00017662547322405816,0.0,0.00017662547322405816,300.05477348754664,300.06400813087663,-1.6310732482147818e-06
81,102,contact,0.0017111022933185504,-3.889770668144966e-05,3.889770668144966e-05,0.00012911408025703967,0.00012911408025703967,0.0,0.00012911408025703967,300.20068101763945,300.2701679714603,-8.971744132441436e-06
81,104,contact,0.0017410487957837373,-8.951204216262705e-06,8.951204216262705e-06,6.193731006750536e-05,6.193731006750536e-05,0.0,6.193731006750536e-05,300.20068101763945,300.13950097346054,3.7893273662529137e-06
81,334,contact,0.0017233319735326668,-2.666802646733319e-05,2.666802646733319e-05,0.00010690722239533516,0.00010690722239533516,0.0,0.00010690722239533516,300.20068101763945,300.1657164733766,3.7379623094583723e-06
81,471,contact,0.0019559973853765763,-4.400261462342379e-05,4.400261462342379e-05,0.0001436183331080329,0.0001436183331080329,0.0,0.0001436183331080329,300.20068101763945,300.23634518441133,-5.1220281834643635e-06
82,90,contact,0.0014225171649227993,-7.748283507720078e-05,7.748283507720078e-05,0.00017045839126880873,0.00017045839126880873,0.0,0.00017045839126880873,300.17686085879086,300.11963405192466,9.754789435862753e-06
82,92,contact,0.001413254374767685,-8.674562523231497e-05,8.674562523231497e-05,0.0001803596669494544,0.0001803596669494544,0.0,0.0001803596669494544,300.17686085879086,300.21061512755864,-6.087908673079108e-06
82,101,contact,0.0016405486663308713,-0.00010945133366912878,0.00010945133366912878,0.00021658188850784966,0.00021658188850784966,0.0,0.00021658188850784966,300.17686085879086,300.19379154855454,-3.666880762758972e-06
83,95,contact,0.0013868083305922272,-0.00011319166940777282,0.00011319166940777282,0.0002060263964348132,0.0002060263964348132,0.0,0.0002060263964348132,300.2822117425834,300.3763302905186,-1.939090526876269e-05
83,102,contact,0.0016815642572319386,-6.84357427680614e-05,6.84357427680614e-05,0.0001712588801886048,0.0001712588801886048,0.0,0.0001712588801886048,300.2822117425834,300.2701679714603,2.062602755790543e-06
83,346,contact,0.001640102289797805,-0.00010989771020219509,0.00010989771020219509,0.00021702308323789802,0.00021702308323789802,0.0,0.00021702308323789802,300.2822117425834,300.2576183966494,5.337323761737716e-06
83,471,contact,0.0018541939038299094,-0.00014580609617009061,0.00014580609617009061,0.00026143184117419585,0.00026143184117419585,0.0,0.00026143184117419585,300.2822117425834,300.23634518441133,1.1990978751246363e-05
84,91,contact,0.0014989198372828342,-1.0801627171657877e-06,1.0801627171657877e-06,2.0126127768082223e-05,2.0126127768082223e-05,0.0,2.0126127768082223e-05,300.38449054188345,300.3317219929986,1.0620265569926218e-06
84,95,contact,0.0014436205942005686,-5.637940579943145e-05,5.637940579943145e-05,0.00014540384167822663,0.00014540384167822663,0.0,0.00014540384167822663,300.38449054188345,300.3763302905186,1.1865318975121512e-06
84,105,contact,0.00170920502740309,-4.079497259690994e-05,4.079497259690994e-05,0.00013222541240015087,0.00013222541240015087,0.0,0.00013222541240015087,300.38449054188345,300.4335165501708,-6.482484164127002e-06
84,211,contact,0.0016947257423842947,-5.5274257615705365e-05,5.5274257615705365e-05,0.00015391220727930586,0.00015391220727930586,0.0,0.00015391220727930586,300.38449054188345,300.35698183556036,4.233925709584962e-06
86,96,contact,0.0014026934402427357,-9.730655975726432e-05,9.730655975726432e-05,0.0001910234538190903,0.0001910234538190903,0.0,0.0001910234538190903,300.3988034331966,300.39135425801067,1.4229671721162543e-06
86,189,contact,0.0016422891796818236,-0.00010771082031817646,0.00010771082031817646,0.0002148529267577273,0.0002148529267577273,0.0,0.0002148529267577273,300.3988034331966,300.36376428992844,7.528262482242399e-06
86,193,contact,0.0016387560468843435,-0.00011124395311565651,0.00011124395311565651,0.00021834829952786428,0.00021834829952786428,0.0,0.00021834829952786428,300.3988034331966,300.355105203285,9.54143419356892e-06
86,213,contact,0.0016031985198658328,-0.00014680148013416724,0.00014680148013416724,0.0002508284673985396,0.0002508284673985396,0.0,0.0002508284673985396,300.3988034331966,300.433064840569,-8.593736302139158e-06
86,219,contact,0.0016055743031389113,-0.0001444256968610887,0.0001444256968610887,0.0002487905288112489,0.0002487905288112489,0.0,0.0002487905288112489,300.3988034331966,300.4385916341105,-9.898927545818366e-06
87,97,contact,0.0014877243309833982,-1.2275669016601843e-05,1.2275669016601843e-05,6.78481825933878e-05,6.78481825933878e-05,0.0,6.78481825933878e-05,300.20830365491065,300.1923439796208,1.0828349631988119e-06
87,101,contact,0.0016794634632822465,-7.053653671775352e-05,7.053653671775352e-05,0.00017386760568780101,0.00017386760568780101,0.0,0.00017386760568780101,300.20830365491065,300.19379154855454,2.523185185623178e-06
87,104,contact,0.0017279766454729646,-2.202335452703547e-05,2.202335452703547e-05,9.715235721065459e-05,9.715235721065459e-05,0.0,9.715235721065459e-05,300.20830365491065,300.13950097346054,6.6843426852918285e-06
87,191,contact,0.0016806439882961536,-6.935601170384646e-05,6.935601170384646e-05,0.00017240651094414675,0.00017240651094414675,0.0,0.00017240651094414675,300.20830365491065,300.2679902803043,-1.0290362834145044e-05
88,211,contact,0.0016853309120169844,-6.466908798301568e-05,6.466908798301568e-05,0.00016647919816389204,0.00016647919816389204,0.0,0.00016647919816389204,300.3139612055424,300.35698183556036,-7.162039989896013e-06
88,303,contact,0.0016772492137425497,-7.275078625745032e-05,7.275078625745032e-05,0.0001765755033860873,0.0001765755033860873,0.0,0.0001765755033860873,300.3139612055424,300.261846346107,9.202207538699477e-06
89,303,contact,0.001619566350601297,-0.0001304336493987031,0.0001304336493987031,0.00023643209481072371,0.00023643209481072371,0.0,0.00023643209481072371,300.3229151718642,300.261846346107,1.4438630401410094e-05
89,323,contact,0.0017478441604562452,-2.155839543754824e-06,2.155839543754824e-06,3.0396237152611203e-05,3.0396237152611203e-05,0.0,3.0396237152611203e-05,300.3229151718642,300.3960607667391,-2.223350848485035e-06
90,182,contact,0.0016939020146986069,-5.609798530139317e-05,5.609798530139317e-05,0.00015505480869872133,0.00015505480869872133,0.0,0.00015505480869872133,300.11963405192466,300.1253694531037,-8.893015326261633e-07
90,354,contact,0.0016181079208754897,-0.00013189207912451032,0.00013189207912451032,0.00023775024031038808,0.00023775024031038808,0.0,0.00023775024031038808,300.11963405192466,300.072330601413,1.1246406726658418e-05
91,190,contact,0.0017464921266641883,-3.5078733358116874e-06,3.5078733358116874e-06,3.877337084619336e-05,3.877337084619336e-05,0.0,3.877337084619336e-05,300.3317219929986,300.2924488773779,1.5227510762463577e-06
91,463,contact,0.0019966602156601407,-3.3397843398593266e-06,3.3397843398593266e-06,3.956670202719781e-05,3.956670202719781e-05,0.0,3.956670202719781e-05,300.3317219929986,300.34336624171397,-4.6072451925108353e-07
92,102,contact,0.0017058335453671919,-4.4166454632808176e-05,4.4166454632808176e-05,0.00013758081463967928,0.00013758081463967928,0.0,0.00013758081463967928,300.21061512755864,300.2701679714603,-8.19332877809951e-06
92,334,contact,0.0016585899160732884,-9.14100839267116e-05,9.14100839267116e-05,0.00019792864940251822,0.00019792864940251822,0.0,0.00019792864940251822,300.21061512755864,300.1657164733766,8.886729982238032e-06
92,346,contact,0.0016880616497332078,-6.193835026679223e-05,6.193835026679223e-05,0.00016292638600667685,0.00016292638600667685,0.0,0.00016292638600667685,300.21061512755864,300.2576183966494,-7.658072763453181e-06
93,355,contact,0.0017392574926674894,-1.0742507332510637e-05,1.0742507332510637e-05,6.785227862005174e-05,6.785227862005174e-05,0.0,6.785227862005174e-05,300.077747777096,300.06400813087663,9.322663034191227e-07
94,184,contact,0.0016465443305602196,-0.00010345566943978043,0.00010345566943978043,0.00021056624621629218,0.00021056624621629218,0.0,0.00021056624621629218,300.1775954532704,300.2363177557928,-1.2364934811324783e-05
94,198,contact,0.0016983169328779598,-5.16830671220402e-05,5.16830671220402e-05,0.00014882837736616562,0.00014882837736616562,0.0,0.00014882837736616562,300.1775954532704,300.1963449890808,-2.790462991030673e-06
94,205,contact,0.0016662929447429106,-8.370705525708941e-05,8.370705525708941e-05,0.00018940552329073805,0.00018940552329073805,0.0,0.00018940552329073805,300.1775954532704,300.2910746814825,-2.149359260214184e-05
94,224,contact,0.00173949499171455,-1.050500828545008e-05,1.050500828545008e-05,6.709803579874774e-05,6.709803579874774e-05,0.0,6.709803579874774e-05,300.1775954532704,300.0887955964155,5.958295974174098e-06
94,457,contact,0.0018507043091009975,-0.00014929569089900253,0.00014929569089900253,0.00026454178329501644,0.00026454178329501644,0.0,0.00026454178329501644,300.1775954532704,300.061580908997,3.0690694430247036e-05
95,296,contact,0.001655464584761631,-9.453541523836905e-05,9.453541523836905e-05,0.00020128382438561976,0.00020128382438561976,0.0,0.00020128382438561976,300.3763302905186,300.3472572661406,5.851929533253126e-06
95,328,contact,0.0016543895302497532,-9.561046975024683e-05,9.561046975024683e-05,0.00020242508640790706,0.00020242508640790706,0.0,0.00020242508640790706,300.3763302905186,300.4300055975948,-1.0865228672874539e-05
95,347,contact,0.0016501005093629909,-9.989949063700918e-05,9.989949063700918e-05,0.00020691560457312318,0.00020691560457312318,0.0,0.00020691560457312318,300.3763302905186,300.4537965174894,-1.602897118767045e-05
95,463,contact,0.001984188580301782,-1.5811419698218143e-05,1.5811419698218143e-05,8.609066722670788e-05,8.609066722670788e-05,0.0,8.609066722670788e-05,300.3763302905186,300.34336624171397,2.8378969560830875e-06
96,105,contact,0.0016067487411228925,-0.00014325125887710752,0.00014325125887710752,0.00024777690905654934,0.00024777690905654934,0.0,0.00024777690905654934,300.39135425801067,300.4335165501708,-1.0446842430175784e-05
96,190,contact,0.0016218766616793025,-0.00012812333832069758,0.00012812333832069758,0.00023432883334630807,0.00023432883334630807,0.0,0.00023432883334630807,300.39135425801067,300.2924488773779,2.317638245534328e-05
97,101,contact,0.0016864384022252335,-6.356159777476649e-05,6.356159777476649e-05,0.00016504752273395143,0.00016504752273395143,0.0,0.00016504752273395143,300.1923439796208,300.19379154855454,-2.389176665053777e-07
97,181,contact,0.0017250840165165867,-2.4915983483413335e-05,2.4915983483413335e-05,0.00010333575681122469,0.00010333575681122469,0.0,0.00010333575681122469,300.1923439796208,300.1739899140254,1.896631258859457e-06
97,308,contact,0.0016860729859647238,-6.392701403527628e-05,6.392701403527628e-05,0.0001655212727398026,0.0001655212727398026,0.0,0.0001655212727398026,300.1923439796208,300.17020145522685,3.6650588193550793e-06
97,349,contact,0.001743711066547437,-6.288933452562985e-06,6.288933452562985e-06,5.191586649527835e-05,5.191586649527835e-05,0.0,5.191586649527835e-05,300.1923439796208,300.2740133754082,-4.23993744844875e-06
98,106,contact,0.0016771804071417005,-7.281959285829957e-05,7.281959285829957e-05,0.00017665898488124302,0.00017665898488124302,0.0,0.00017665898488124302,300.50814402743123,300.42421676728185,1.4826504581853532e-05
99,219,contact,0.0017143531837401536,-3.564681625984646e-05,3.564681625984646e-05,0.0001236009990594964,0.0001236009990594964,0.0,0.0001236009990594964,300.4388823926386,300.4385916341105,3.593804456289556e-08
99,229,contact,0.0016484487841604304,-0.0001015512158395696,0.0001015512158395696,0.00020861914975747032,0.00020861914975747032,0.0,0.00020861914975747032,300.4388823926386,300.50060445274175,-1.2876403699995775e-05
101,303,contact,0.0019327136184132396,-6.72863815867604e-05,6.72863815867604e-05,0.00018342080250991218,0.00018342080250991218,0.0,0.00018342080250991218,300.19379154855454,300.261846346107,-1.2482665581722415e-05
102,211,contact,0.0019496273346719373,-5.037266532806274e-05,5.037266532806274e-05,0.00015870202476348994,0.00015870202476348994,0.0,0.00015870202476348994,300.2701679714603,300.35698183556036,-1.3777536010222849e-05
103,199,contact,0.0018666383751546525,-0.00013336162484534758,0.00013336162484534758,0.00025822628143292033,0.00025822628143292033,0.0,0.00025822628143292033,300.4423079897072,300.4600046247658,-4.569736265057349e-06
103,305,contact,0.0019573055757596968,-4.269442424030328e-05,4.269442424030328e-05,0.0001461068517221271,0.0001461068517221271,0.0,0.0001461068517221271,300.4423079897072,300.4853745733675,-6.292322953030681e-06
103,323,contact,0.0018864938435523729,-0.00011350615644762719,0.00011350615644762719,0.00023822904571821967,0.00023822904571821967,0.0,0.00023822904571821967,300.4423079897072,300.3960607667391,1.1017431794816265e-05
103,339,contact,0.0019971856815719467,-2.8143184280533112e-06,2.8143184280533112e-06,3.751212089480753e-05,3.751212089480753e-05,0.0,3.751212089480753e-05,300.4423079897072,300.3568476402306,3.205798961278386e-06
104,181,contact,0.001972193904407222,-2.7806095592778062e-05,2.7806095592778062e-05,0.0001179111860528467,0.0001179111860528467,0.0,0.0001179111860528467,300.13950097346054,300.1739899140254,-4.0666318877099655e-06
104,225,contact,0.0019116351908219829,-8.836480917801719e-05,8.836480917801719e-05,0.00021019610983319503,0.00021019610983319503,0.0,0.00021019610983319503,300.13950097346054,300.0632118470219,1.6035677599980487e-05
104,495,contact,0.0022449875979425812,-5.012402057419027e-06,5.012402057419027e-06,5.2769951768759816e-05,5.2769951768759816e-05,0.0,5.2769951768759816e-05,300.13950097346054,300.17660251964764,-1.9578468028398127e-06
105,213,contact,0.0018994277724356879,-0.00010057222756431217,0.00010057222756431217,0.00022424565499058413,0.00022424565499058413,0.0,0.00022424565499058413,300.4335165501708,300.433064840569,1.0129391552226465e-07
106,196,contact,0.0019503930106632352,-4.9606989336764854e-05,4.9606989336764854e-05,0.00015749125267259267,0.00015749125267259267,0.0,0.00015749125267259267,300.42421676728185,300.38761427188933,5.764572850309959e-06
106,199,contact,0.0019091780209818045,-9.082197901819555e-05,9.082197901819555e-05,0.0002130985441271192,0.0002130985441271192,0.0,0.0002130985441271192,300.42421676728185,300.4600046247658,-7.62634032726228e-06
106,211,contact,0.0019115808127306568,-8.841918726934322e-05,8.841918726934322e-05,0.00021026077531168671,0.00021026077531168671,0.0,0.00021026077531168671,300.42421676728185,300.35698183556036,1.4136868871788101e-05
106,214,contact,0.0019824804008738654,-1.7519599126134683e-05,1.7519599126134683e-05,9.35938008794778e-05,9.35938008794778e-05,0.0,9.35938008794778e-05,300.42421676728185,300.40013229075845,2.254157700017439e-06
107,113,contact,0.001975620608967767,-2.4379391032233223e-05,2.4379391032233223e-05,0.00011040695411121806,0.00011040695411121806,0.0,0.00011040695411121806,300.6242141074489,300.60293789271236,2.3490420640766078e-06
107,124,contact,0.001970599502029776,-2.9400497970224256e-05,2.9400497970224256e-05,0.00012124458332277004,0.00012124458332277004,0.0,0.00012124458332277004,300.6242141074489,300.6776900741149,-6.4836712961997155e-06
107,137,contact,0.0019810644165448033,-1.893558345519679e-05,1.893558345519679e-05,9.730257821660429e-05,9.730257821660429e-05,0.0,9.730257821660429e-05,300.6242141074489,300.5489741520214,7.3210416479973236e-06
107,161,contact,0.001981562761458744,-1.8437238541256246e-05,1.8437238541256246e-05,9.601364106536177e-05,9.601364106536177e-05,0.0,9.601364106536177e-05,300.6242141074489,300.65740118774823,-3.186412415868375e-06
108,116,contact,0.0018495069449180233,-0.00015049305508197676,0.00015049305508197676,0.0002743110051401299,0.0002743110051401299,0.0,0.0002743110051401299,300.7866088839795,300.73240978894376,1.4867408236943604e-05
108,164,contact,0.001876942318719464,-0.0001230576812805361,0.0001230576812805361,0.00024805007688018975,0.00024805007688018975,0.0,0.00024805007688018975,300.7866088839795,300.72974706720726,1.4104578021905058e-05
108,170,contact,0.0017977332230495158,-0.0002022667769504842,0.0002022667769504842,0.00031801476141091645,0.00031801476141091645,0.0,0.00031801476141091645,300.7866088839795,300.9285449864342,-4.513777575772007e-05
108,407,contact,0.0021115659461603373,-0.00013843405383966298,0.00013843405383966298,0.0002773225697427125,0.0002773225697427125,0.0,0.0002773225697427125,300.7866088839795,300.7185157451242,1.8883764249204037e-05
108,414,contact,0.0021867028574146657,-6.329714258533452e-05,6.329714258533452e-05,0.00018752354309279338,0.00018752354309279338,0.0,0.00018752354309279338,300.7866088839795,300.80110292939645,-2.7179747503322014e-06
109,116,contact,0.0018655738894238422,-0.0001344261105761578,0.0001344261105761578,0.00025925480764699214,0.00025925480764699214,0.0,0.00025925480764699214,300.7015042526428,300.73240978894376,-8.012408868933394e-06
109,129,contact,0.0018941438903631366,-0.00010585610963686348,0.00010585610963686348,0.00023006098065172142,0.00023006098065172142,0.0,0.00023006098065172142,300.7015042526428,300.8093200296553,-2.4804203389220852e-05
109,147,contact,0.0019187976945994076,-8.120230540059246e-05,8.120230540059246e-05,0.0002014972771535542,0.0002014972771535542,0.0,0.0002014972771535542,300.7015042526428,300.6971964809309,8.680042705398857e-07
109,163,contact,0.001888065244026276,-0.00011193475597372411,0.00011193475597372411,0.00023657425470000333,0.00023657425470000333,0.0,0.00023657425470000333,300.7015042526428,300.61979217606984,1.9330973615236558e-05
112,122,contact,0.0019242637964166972,-7.573620358330285e-05,7.573620358330285e-05,0.000194597281048969,0.000194597281048969,0.0,0.000194597281048969,300.64961232558494,300.6301935604911,3.7788388885938228e-06
112,127,contact,0.0018832688261902497,-0.00011673117380975036,0.00011673117380975036,0.00024158970777927438,0.00024158970777927438,0.0,0.00024158970777927438,300.64961232558494,300.6995150484723,-1.205598423974228e-05
112,128,contact,0.001998077559305444,-1.922440694556056e-06,1.922440694556056e-06,3.1003553784655524e-05,3.1003553784655524e-05,0.0,3.1003553784655524e-05,300.64961232558494,300.72553040485764,-2.3537302539587896e-06
112,137,contact,0.00190178937687642,-9.821062312358013e-05,9.821062312358013e-05,0.00022159718310887905,0.00022159718310887905,0.0,0.00022159718310887905,300.64961232558494,300.5489741520214,2.2301135774902628e-05
112,159,contact,0.0019075162155274066,-9.248378447259341e-05,9.248378447259341e-05,0.0002150392806821505,0.0002150392806821505,0.0,0.0002150392806821505,300.64961232558494,300.64980255645037,-4.09071084651845e-08
112,172,contact,0.0019730038393525745,-2.6996160647425535e-05,2.6996160647425535e-05,0.00011618123912109375,0.00011618123912109375,0.0,0.00011618123912109375,300.64961232558494,300.7497089775847,-1.1629353061205402e-05
113,118,contact,0.0019473230583354686,-5.267694166453149e-05,5.267694166453149e-05,0.00016229131471605542,0.00016229131471605542,0.0,0.00016229131471605542,300.60293789271236,300.7109964235273,-1.7536961032244916e-05
113,161,contact,0.0019483191909905012,-5.1680809009498844e-05,5.1680809009498844e-05,0.00016074950856767627,0.00016074950856767627,0.0,0.00016074950856767627,300.60293789271236,300.65740118774823,-8.754947911992981e-06
113,232,contact,0.0018883474977554901,-0.00011165250224450993,0.00011165250224450993,0.00023627579461776225,0.00023627579461776225,0.0,0.00023627579461776225,300.60293789271236,300.50207837579615,2.383066250414264e-05
113,420,contact,0.002112067564556175,-0.00013793243544382543,0.00013793243544382543,0.00027681967199266245,0.00027681967199266245,0.0,0.00027681967199266245,300.60293789271236,300.60966600295455,-1.8624732703743381e-06
114,123,contact,0.0018833210704763009,-0.00011667892952369916,0.00011667892952369916,0.00024153563869923954,0.00024153563869923954,0.0,0.00024153563869923954,300.63642118950116,300.55595405809316,1.9435679978926836e-05
114,147,contact,0.0019702321652282505,-2.9767834771749543e-05,2.9767834771749543e-05,0.00012199966141704973,0.00012199966141704973,0.0,0.00012199966141704973,300.63642118950116,300.6971964809309,-7.414564976953666e-06
114,150,contact,0.0018746899795432843,-0.00012531002045671575,0.00012531002045671575,0.0002503098284693549,0.0002503098284693549,0.0,0.0002503098284693549,300.63642118950116,300.6471161325759,-2.67704936652392e-06
114,154,contact,0.001865128505626355,-0.00013487149437364505,0.00013487149437364505,0.0002596839370982012,0.0002596839370982012,0.0,0.0002596839370982012,300.63642118950116,300.7431963203897,-2.772778637331086e-05
114,388,contact,0.0019763957932559966,-2.3604206744003414e-05,2.3604206744003414e-05,0.00010863748603498567,0.00010863748603498567,0.0,0.00010863748603498567,300.63642118950116,300.7029400663383,-7.226443553454264e-06
114,400,contact,0.0019121589175327446,-8.784108246725542e-05,8.784108246725542e-05,0.00020957228164437136,0.00020957228164437136,0.0,0.00020957228164437136,300.63642118950116,300.7050524202939,-1.4383203629294361e-05
114,406,contact,0.002116328347067155,-0.00013367165293284508,0.00013367165293284508,0.0002725106042104346,0.0002725106042104346,0.0,0.0002725106042104346,300.63642118950116,300.58318822693684,1.450654679231507e-05
114,464,contact,0.00216210943393252,-8.78905660674804e-05,8.78905660674804e-05,0.00022097079503796726,0.00022097079503796726,0.0,0.00022097079503796726,300.63642118950116,300.52108096490724,2.5486821128376627e-05
115,119,contact,0.0019830436311135463,-1.6956368886453764e-05,1.6956368886453764e-05,9.207705709473388e-05,9.207705709473388e-05,0.0,9.207705709473388e-05,300.5696840168195,300.5304899731683,3.6088721950457033e-06
115,141,contact,0.0019230807162987206,-7.691928370127943e-05,7.691928370127943e-05,0.00019611129965058034,0.00019611129965058034,0.0,0.00019611129965058034,300.5696840168195,300.606516712118,-7.223307744617098e-06
115,163,contact,0.0018955832430151936,-0.0001044167569848064,0.0001044167569848064,0.00022849152827272,0.00022849152827272,0.0,0.00022849152827272,300.5696840168195,300.61979217606984,-1.1449289886040345e-05
115,171,contact,0.0019369549400282916,-6.304505997170844e-05,6.304505997170844e-05,0.00017754585319250412,0.00017754585319250412,0.0,0.00017754585319250412,300.5696840168195,300.4848398756317,1.506372543557852e-05
116,131,contact,0.0019263514409110297,-7.364855908897038e-05,7.364855908897038e-05,0.00019189653343529994,0.00019189653343529994,0.0,0.00019189653343529994,300.73240978894376,300.8499892697997,-2.2563094779382053e-05
116,152,contact,0.0019981529089636756,-1.8470910363244455e-06,1.8470910363244455e-06,3.0389891710274698e-05,3.0389891710274698e-05,0.0,3.0389891710274698e-05,300.73240978894376,300.66029779467806,2.1914756967464796e-06
116,163,contact,0.0018691465718343226,-0.0001308534281656774,0.0001308534281656774,0.0002557864618834208,0.0002557864618834208,0.0,0.0002557864618834208,300.73240978894376,300.61979217606984,2.8806060742776503e-05
117,137,contact,0.0019820733754581346,-1.7926624541865412e-05,1.7926624541865412e-05,9.467477103712851e-05,9.467477103712851e-05,0.0,9.467477103712851e-05,300.54570598769754,300.5489741520214,-3.0941270907279067e-07
117,161,contact,0.0019592439618893813,-4.075603811061869e-05,4.075603811061869e-05,0.0001427515991339829,0.0001427515991339829,0.0,0.0001427515991339829,300.54570598769754,300.65740118774823,-1.594466842282611e-05
117,197,contact,0.001929786653518985,-7.021334648101506e-05,7.021334648101506e-05,0.00018736774866691313,0.00018736774866691313,0.0,0.00018736774866691313,300.54570598769754,300.44329028603414,1.918939944881415e-05
117,487,contact,0.0021261708426652827,-0.00012382915733471752,0.00012382915733471752,0.0002622860581446625,0.0002622860581446625,0.0,0.0002622860581446625,300.54570598769754,300.56507963563394,-5.081437749118373e-06
118,121,contact,0.001967342072498069,-3.26579275019309e-05,3.26579275019309e-05,0.00012778483380654156,0.00012778483380654156,0.0,0.00012778483380654156,300.7109964235273,300.80906770246276,-1.2532022079959625e-05
118,161,contact,0.0019449035442040041,-5.509645579599592e-05,5.509645579599592e-05,0.0001659765884032985,0.0001659765884032985,0.0,0.0001659765884032985,300.7109964235273,300.65740118774823,8.895554389282887e-06
118,162,contact,0.0019448757011135632,-5.5124298886436796e-05,5.5124298886436796e-05,0.00016601852138607427,0.00016601852138607427,0.0,0.00016601852138607427,300.7109964235273,300.80774624726956,-1.6062262682050533e-05
118,382,contact,0.0019544352444476193,-4.556475555238075e-05,4.556475555238075e-05,0.00015093832441162973,0.00015093832441162973,0.0,0.00015093832441162973,300.7109964235273,300.73298334029914,-3.318668376516917e-06
119,126,contact,0.0018001203028964485,-0.00019987969710355156,0.00019987969710355156,0.0003161326439198834,0.0003161326439198834,0.0,0.0003161326439198834,300.5304899731683,300.59804447403013,-2.135618296613882e-05
119,153,contact,0.0019001000880216807,-9.989991197831933e-05,9.989991197831933e-05,0.0002234948679257751,0.0002234948679257751,0.0,0.0002234948679257751,300.5304899731683,300.46768137901313,1.4037398455313711e-05
119,163,contact,0.0018540612732323605,-0.00014593872676763953,0.00014593872676763953,0.0002701284201705177,0.0002701284201705177,0.0,0.0002701284201705177,300.5304899731683,300.61979217606984,-2.4123062987538822e-05
119,219,contact,0.0018411519130696406,-0.00015884808693035946,0.00015884808693035946,0.0002818227163753478,0.0002818227163753478,0.0,0.0002818227163753478,300.5304899731683,300.4385916341105,2.58990395436577e-05
119,229,contact,0.001812453045626286,-0.00018754695437371398,0.00018754695437371398,0.0003062245535336071,0.0003062245535336071,0.0,0.0003062245535336071,300.5304899731683,300.50060445274175,9.151680149738685e-06
120,138,contact,0.0019775426983718964,-2.2457301628103603e-05,2.2457301628103603e-05,0.00010596532835815591,0.00010596532835815591,0.0,0.00010596532835815591,300.9509642250718,300.9308950649887,2.126635138077711e-06
120,160,contact,0.001992674127849308,-7.325872150692244e-06,7.325872150692244e-06,6.0522194898616507e-05,6.0522194898616507e-05,0.0,6.0522194898616507e-05,300.9509642250718,300.9385947240808,7.486293497750372e-07
120,166,contact,0.0019297569467632443,-7.024305323675571e-05,7.024305323675571e-05,0.00018740738144048077,0.00018740738144048077,0.0,0.00018740738144048077,300.9509642250718,300.8446886601452,1.9916825334000213e-05
121,136,contact,0.0019267998926130823,-7.320010738691776e-05,7.320010738691776e-05,0.00019131140502714125,0.00019131140502714125,0.0,0.00019131140502714125,300.80906770246276,300.86929432408823,-1.1522039603207585e-05
121,146,contact,0.00190111258943283,-9.888741056717008e-05,9.888741056717008e-05,0.00022235940565576496,0.00022235940565576496,0.0,0.00022235940565576496,300.80906770246276,300.8818879857108,-1.619227490272382e-05
122,134,contact,0.0018697351681989623,-0.00013026483180103771,0.00013026483180103771,0.00025521053250310586,0.00025521053250310586,0.0,0.00025521053250310586,300.6301935604911,300.65030764923324,-5.133327298701785e-06
122,159,contact,0.0018473955265995426,-0.00015260447340045748,0.00015260447340045748,0.0002762285950082445,0.0002762285950082445,0.0,0.0002762285950082445,300.6301935604911,300.64980255645037,-5.416565403356529e-06
122,415,contact,0.0021024978554481334,-0.00014750214455186688,0.00014750214455186688,0.00028626148162501407,0.00028626148162501407,0.0,0.00028626148162501407,300.6301935604911,300.67085272101895,-1.1639151534336306e-05
122,487,contact,0.00211689279145166,-0.00013310720854834042,0.00013310720854834042,0.00027193464140032336,0.00027193464140032336,0.0,0.00027193464140032336,300.6301935604911,300.56507963563394,1.7706731806195042e-05
122,496,contact,0.0022099090538583253,-4.0090946141674993e-05,4.0090946141674993e-05,0.00014924057041061626,0.00014924057041061626,0.0,0.00014924057041061626,300.6301935604911,300.57483896558364,8.26115131883522e-06
123,171,contact,0.0018697307117871277,-0.00013026928821287232,0.00013026928821287232,0.0002552148978928075,0.0002552148978928075,0.0,0.0002552148978928075,300.55595405809316,300.4848398756317,1.814939881563853e-05
123,285,contact,0.0019298857871387113,-7.011421286128874e-05,7.011421286128874e-05,0.0001872354304896495,0.0001872354304896495,0.0,0.0001872354304896495,300.55595405809316,300.6174281282763,-1.1510123994688108e-05
123,406,contact,0.0021825535241775853,-6.744647582241498e-05,6.744647582241498e-05,0.000193572374955173,0.000193572374955173,0.0,0.000193572374955173,300.55595405809316,300.58318822693684,-5.271782743000696e-06
123,443,contact,0.002145165592535924,-0.0001048344074640762,0.0001048344074640762,0.0002413324211125441,0.0002413324211125441,0.0,0.0002413324211125441,300.55595405809316,300.48108559318604,1.8068187901016385e-05
124,141,contact,0.0019660951880567734,-3.3904811943226594e-05,3.3904811943226594e-05,0.0001302014054133568,0.0001302014054133568,0.0,0.0001302014054133568,300.6776900741149,300.606516712118,9.266871759989741e-06
124,148,contact,0.0019229630413505096,-7.703695864949046e-05,7.703695864949046e-05,0.00019626125273406676,0.00019626125273406676,0.0,0.00019626125273406676,300.6776900741149,300.7740947908574,-1.8920510477363876e-05
124,150,contact,0.0018793008423613282,-0.0001206991576386718,0.0001206991576386718,0.00024566151269447134,0.00024566151269447134,0.0,0.00024566151269447134,300.6776900741149,300.6471161325759,7.51084072750047e-06
124,151,contact,0.0019052644966513182,-9.473550334868183e-05,9.473550334868183e-05,0.00021764133723707203,0.00021764133723707203,0.0,0.00021764133723707203,300.6776900741149,300.76118248399695,-1.8171399735879288e-05
124,159,contact,0.0018441868571270103,-0.00015581314287298979,0.00015581314287298979,0.0002791174867981132,0.0002791174867981132,0.0,0.0002791174867981132,300.6776900741149,300.64980255645037,7.78389384355606e-06
124,168,contact,0.001984560837616222,-1.5439162383778203e-05,1.5439162383778203e-05,8.786114722611526e-05,8.786114722611526e-05,0.0,8.786114722611526e-05,300.6776900741149,300.5720577691518,9.280975498195123e-06
124,397,contact,0.0019270115745371123,-7.298842546288775e-05,7.298842546288775e-05,0.00019103458517096813,0.00019103458517096813,0.0,0.00019103458517096813,300.6776900741149,300.6946207409333,-3.2343429123283734e-06
125,163,contact,0.0018530664614362863,-0.00014693353856371372,0.00014693353856371372,0.0002710475406305264,0.0002710475406305264,0.0,0.0002710475406305264,300.56814929971597,300.61979217606984,-1.3997674626802016e-05
125,299,contact,0.001876834369463645,-0.00012316563053635507,0.00012316563053635507,0.00024815885087616266,0.00024815885087616266,0.0,0.00024815885087616266,300.56814929971597,300.5383563093607,7.393394250722739e-06
126,134,contact,0.001914164242744075,-8.58357572559251e-05,8.58357572559251e-05,0.00020716630669093505,0.00020716630669093505,0.0,0.00020716630669093505,300.59804447403013,300.65030764923324,-1.0827168982769321e-05
126,144,contact,0.001922363516013556,-7.763648398644409e-05,7.763648398644409e-05,0.0001970234554392498,0.0001970234554392498,0.0,0.0001970234554392498,300.59804447403013,300.469443294336,2.5337448796906886e-05
126,152,contact,0.001967008525909332,-3.299147409066821e-05,3.299147409066821e-05,0.00012843573118620106,0.00012843573118620106,0.0,0.00012843573118620106,300.59804447403013,300.66029779467806,-7.995550756185418e-06
126,159,contact,0.0018354003728069798,-0.00016459962719302026,0.00016459962719302026,0.0002868794408745774,0.0002868794408745774,0.0,0.0002868794408745774,300.59804447403013,300.64980255645037,-1.4848329745457452e-05
126,165,contact,0.0019126132119171404,-8.738678808285967e-05,8.738678808285967e-05,0.00020902964871383637,0.00020902964871383637,0.0,0.00020902964871383637,300.59804447403013,300.66034464225424,-1.3022582278699134e-05
127,128,contact,0.0019736804709222823,-2.6319529077717743e-05,2.6319529077717743e-05,0.00011471601692378825,0.00011471601692378825,0.0,0.00011471601692378825,300.6995150484723,300.72553040485764,-2.984378063381087e-06
127,139,contact,0.0018465396802939283,-0.00015346031970607174,0.00015346031970607174,0.00027700209358962595,0.00027700209358962595,0.0,0.00027700209358962595,300.6995150484723,300.81536511684214,-3.209071148095425e-05
127,161,contact,0.0018960446265845116,-0.0001039553734154884,0.0001039553734154884,0.000227986154640461,0.000227986154640461,0.0,0.000227986154640461,300.6995150484723,300.65740118774823,9.601377163538655e-06
127,422,contact,0.0021464491964842984,-0.00010355080351570189,0.00010355080351570189,0.0002398504204194563,0.0002398504204194563,0.0,0.0002398504204194563,300.6995150484723,300.6435729820896,1.3417728141016524e-05
128,148,contact,0.0019742132606433383,-2.5786739356661696e-05,2.5786739356661696e-05,0.00011354897480087986,0.00011354897480087986,0.0,0.00011354897480087986,300.72553040485764,300.7740947908574,-5.514436242109471e-06
128,161,contact,0.001983399136255736,-1.6600863744263908e-05,1.6600863744263908e-05,9.110670596686039e-05,9.110670596686039e-05,0.0,9.110670596686039e-05,300.72553040485764,300.65740118774823,6.207028550938632e-06
128,162,contact,0.0019892389533688504,-1.0761046631149653e-05,1.0761046631149653e-05,7.335205052058754e-05,7.335205052058754e-05,0.0,7.335205052058754e-05,300.72553040485764,300.80774624726956,-6.030700626192303e-06
129,138,contact,0.0019383188830842566,-6.168111691574342e-05,6.168111691574342e-05,0.00017561480136330115,0.00017561480136330115,0.0,0.00017561480136330115,300.8093200296553,300.9308950649887,-2.135037568081514e-05
129,167,contact,0.001969916900658502,-3.0083099341497894e-05,3.0083099341497894e-05,0.00012264399565714153,0.00012264399565714153,0.0,0.00012264399565714153,300.8093200296553,300.8117538913721,-2.984985258299918e-07
129,373,contact,0.0019319604560394084,-6.803954396059162e-05,6.803954396059162e-05,0.00018444449566277604,0.00018444449566277604,0.0,0.00018444449566277604,300.8093200296553,300.72547804637645,1.5464192321230775e-05
129,429,contact,0.0021533122449147973,-9.668775508520295e-05,9.668775508520295e-05,0.00023176587214639564,0.00023176587214639564,0.0,0.00023176587214639564,300.8093200296553,300.88965766233366,-1.8619521503881314e-05
130,170,contact,0.0019290199715758301,-7.098002842416992e-05,7.098002842416992e-05,0.00018838793542072952,0.00018838793542072952,0.0,0.00018838793542072952,300.9254017869514,300.9285449864342,-5.921408611788074e-07
130,414,contact,0.002190665285634481,-5.933471436551929e-05,5.933471436551929e-05,0.00018155916447005994,0.00018155916447005994,0.0,0.00018155916447005994,300.9254017869514,300.80110292939645,2.2567596722259268e-05
130,419,contact,0.0021846331221154727,-6.536687788452752e-05,6.536687788452752e-05,0.00019056477155568612,0.00019056477155568612,0.0,0.00019056477155568612,300.9254017869514,300.9317922596814,-1.2177989759260825e-06
130,423,contact,0.0021258762747074426,-0.00012412372529255764,0.00012412372529255764,0.00026259783921908425,0.00026259783921908425,0.0,0.00026259783921908425,300.9254017869514,300.85831932212324,1.761571031336528e-05
131,138,contact,0.0019391758197700893,-6.082418022991076e-05,6.082418022991076e-05,0.0001743906250775981,0.0001743906250775981,0.0,0.0001743906250775981,300.8499892697997,300.9308950649887,-1.4109212195406816e-05
131,167,contact,0.001961935263177662,-3.806473682233793e-05,3.806473682233793e-05,0.0001379578501252066,0.0001379578501252066,0.0,0.0001379578501252066,300.8499892697997,300.8117538913721,5.274870606595482e-06
131,170,contact,0.0019248772117659869,-7.512278823401317e-05,7.512278823401317e-05,0.00019380762141104406,0.00019380762141104406,0.0,0.00019380762141104406,300.8499892697997,300.9285449864342,-1.5224696589166388e-05
132,136,contact,0.001939956282605812,-6.004371739418797e-05,6.004371739418797e-05,0.00017326816989018492,0.00017326816989018492,0.0,0.00017326816989018492,300.82953777244114,300.86929432408823,-6.888544945035501e-06
132,139,contact,0.00195474037924046,-4.5259620759539876e-05,4.5259620759539876e-05,0.0001504320789584786,0.0001504320789584786,0.0,0.0001504320789584786,300.82953777244114,300.81536511684214,2.132022046119732e-06
132,157,contact,0.0019256774916630187,-7.432250833698138e-05,7.432250833698138e-05,0.00019277254516266232,0.00019277254516266232,0.0,0.00019277254516266232,300.82953777244114,300.9340311505755,-2.0143454455603178e-05
133,136,contact,0.0019790427293946387,-2.0957270605361303e-05,2.0957270605361303e-05,0.00010236520552746744,0.00010236520552746744,0.0,0.00010236520552746744,300.94252407766083,300.86929432408823,7.496178775185478e-06
133,428,contact,0.0021337082557371803,-0.00011629174426281991,0.00011629174426281991,0.00025417813554760274,0.00025417813554760274,0.0,0.00025417813554760274,300.94252407766083,300.8304539800038,2.8485768473096714e-05
134,152,contact,0.0019359796429198324,-6.402035708016765e-05,6.402035708016765e-05,0.00017891388582243645,0.00017891388582243645,0.0,0.00017891388582243645,300.65030764923324,300.66029779467806,-1.7873757414635661e-06
134,159,contact,0.0019424956084635047,-5.750439153649539e-05,5.750439153649539e-05,0.00016956472442181982,0.00016956472442181982,0.0,0.00016956472442181982,300.65030764923324,300.64980255645037,8.56459185353717e-08
134,164,contact,0.0019125572666197478,-8.744273338025222e-05,8.744273338025222e-05,0.0002090965487283951,0.0002090965487283951,0.0,0.0002090965487283951,300.65030764923324,300.72974706720726,-1.661050813135902e-05
134,395,contact,0.0018903303375074417,-0.00010966966249255838,0.00010966966249255838,0.00023416838225148842,0.00023416838225148842,0.0,0.00023416838225148842,300.65030764923324,300.5780756022356,1.691446159215772e-05
134,407,contact,0.0021679486658138375,-8.205133418616277e-05,8.205133418616277e-05,0.0002135042729030691,0.0002135042729030691,0.0,0.0002135042729030691,300.65030764923324,300.7185157451242,-1.4562719919300593e-05
135,138,contact,0.0019773873947671466,-2.2612605232853397e-05,2.2612605232853397e-05,0.00010633109900883513,0.00010633109900883513,0.0,0.00010633109900883513,300.9440698615676,300.9308950649887,1.4008905994501975e-06
135,169,contact,0.0019021701613759477,-9.782983862405238e-05,9.782983862405238e-05,0.00022116717503288365,0.00022116717503288365,0.0,0.00022116717503288365,300.9440698615676,300.85861590322065,1.8899610562968615e-05
135,429,contact,0.0021722030182165296,-7.77969817834707e-05,7.77969817834707e-05,0.00020789551566895688,0.00020789551566895688,0.0,0.00020789551566895688,300.9440698615676,300.88965766233366,1.1312052218418404e-05
136,156,contact,0.0019367260613646425,-6.327393863535757e-05,6.327393863535757e-05,0.00017786784228094403,0.00017786784228094403,0.0,0.00017786784228094403,300.86929432408823,300.94295127436715,-1.3101202815105676e-05
136,157,contact,0.0019449446005436763,-5.505539945632374e-05,5.505539945632374e-05,0.0001659147363200806,0.0001659147363200806,0.0,0.0001659147363200806,300.86929432408823,300.9340311505755,-1.0740793496832972e-05
136,162,contact,0.0019117659533792303,-8.823404662076971e-05,8.823404662076971e-05,0.00021004052778067584,0.00021004052778067584,0.0,0.00021004052778067584,300.86929432408823,300.80774624726956,1.2927590538878426e-05
137,168,contact,0.001918566084996813,-8.143391500318705e-05,8.143391500318705e-05,0.00020178443324893406,0.00020178443324893406,0.0,0.00020178443324893406,300.5489741520214,300.5720577691518,-4.657914599992404e-06
137,178,contact,0.0019962793183820734,-3.720681617926623e-06,3.720681617926623e-06,4.3131668284026666e-05,4.3131668284026666e-05,0.0,4.3131668284026666e-05,300.5489741520214,300.4531489916109,4.1330990320905006e-06
137,195,contact,0.0019303864744915711,-6.961352550842893e-05,6.961352550842893e-05,0.00018656570626515064,0.00018656570626515064,0.0,0.00018656570626515064,300.5489741520214,300.44927207856534,1.8600987750429363e-05
137,232,contact,0.0018851762296931288,-0.00011482377030687125,0.00011482377030687125,0.00023960777356637583,0.00023960777356637583,0.0,0.00023960777356637583,300.5489741520214,300.50207837579615,1.1236592531000513e-05
138,429,contact,0.00224114272487073,-8.857275129270197e-06,8.857275129270197e-06,7.014776122692804e-05,7.014776122692804e-05,0.0,7.014776122692804e-05,300.9308950649887,300.88965766233366,2.892711475064602e-06
139,142,contact,0.0018689091605396445,-0.00013109083946035555,0.00013109083946035555,0.00025601839724945116,0.00025601839724945116,0.0,0.00025601839724945116,300.81536511684214,300.85315886914873,-9.675895891574354e-06
139,157,contact,0.0019995792655866386,-4.207344133613962e-07,4.207344133613962e-07,1.4504041046573816e-05,1.4504041046573816e-05,0.0,1.4504041046573816e-05,300.81536511684214,300.9340311505755,-1.72113702410259e-06
139,398,contact,0.0018912443020445563,-0.00010875569795544375,0.00010875569795544375,0.0002331905850966584,0.0002331905850966584,0.0,0.0002331905850966584,300.81536511684214,300.89496377007004,-1.856165651911775e-05
140,142,contact,0.0018505124977402881,-0.00014948750225971192,0.00014948750225971192,0.0002733930341648374,0.0002733930341648374,0.0,0.0002733930341648374,300.9358797857499,300.85315886914873,2.2615322378484076e-05
140,156,contact,0.0019050988197794362,-9.490118022056383e-05,9.490118022056383e-05,0.00021783156362263463,0.00021783156362263463,0.0,0.00021783156362263463,300.9358797857499,300.94295127436715,-1.540393422639786e-06
140,166,contact,0.0018495941599886174,-0.00015040584001138266,0.00015040584001138266,0.0002742315080469262,0.0002742315080469262,0.0,0.0002742315080469262,300.9358797857499,300.8446886601452,2.500747989506435e-05
141,150,contact,0.0018700365562737,-0.00012996344372630014,0.00012996344372630014,0.00025491512678370044,0.00025491512678370044,0.0,0.00025491512678370044,300.606516712118,300.6471161325759,-1.0349406413372574e-05
141,159,contact,0.0018827762216737285,-0.00011722377832627156,0.00011722377832627156,0.00024209892433287632,0.00024209892433287632,0.0,0.00024209892433287632,300.606516712118,300.64980255645037,-1.0479456351711471e-05
141,165,contact,0.0019421490772337738,-5.785092276622619e-05,5.785092276622619e-05,0.00017007486993413545,0.00017007486993413545,0.0,0.00017007486993413545,300.606516712118,300.66034464225424,-9.154778216748995e-06
141,187,contact,0.0018662418317302823,-0.0001337581682697177,0.0001337581682697177,0.00025860990726354405,0.00025860990726354405,0.0,0.00025860990726354405,300.606516712118,300.4826730228483,3.2027204997206286e-05
142,143,contact,0.0019144754633269657,-8.552453667303437e-05,8.552453667303437e-05,0.0002067903971090466,0.0002067903971090466,0.0,0.0002067903971090466,300.85315886914873,300.7698424881618,1.7229027509969804e-05
142,380,contact,0.0018886509739091022,-0.00011134902609089784,0.00011134902609089784,0.0002359544723997596,0.0002359544723997596,0.0,0.0002359544723997596,300.85315886914873,300.92351340684235,-1.6600467822426553e-05
142,389,contact,0.0018876392321211573,-0.0001123607678788427,0.0001123607678788427,0.00023702401553307072,0.00023702401553307072,0.0,0.00023702401553307072,300.85315886914873,300.8012195465801,1.231086679928044e-05
143,389,contact,0.001981973640685831,-1.802635931416911e-05,1.802635931416911e-05,9.493776728512502e-05,9.493776728512502e-05,0.0,9.493776728512502e-05,300.7698424881618,300.8012195465801,-2.978867870207028e-06
143,407,contact,0.002152159622797528,-9.784037720247246e-05,9.784037720247246e-05,0.00023314322875109348,0.00023314322875109348,0.0,0.00023314322875109348,300.7698424881618,300.7185157451242,1.1966482593071818e-05
143,415,contact,0.002204785537537835,-4.521446246216537e-05,4.521446246216537e-05,0.00015849020730730997,0.00015849020730730997,0.0,0.00015849020730730997,300.7698424881618,300.67085272101895,1.5688908715777725e-05
143,423,contact,0.0022372463672506774,-1.2753632749322886e-05,1.2753632749322886e-05,8.417453015848443e-05,8.417453015848443e-05,0.0,8.417453015848443e-05,300.7698424881618,300.85831932212324,-7.447495928611788e-06
144,145,contact,0.0019187254192562313,-8.127458074376872e-05,8.127458074376872e-05,0.00020158693006215546,0.00020158693006215546,0.0,0.00020158693006215546,300.469443294336,300.4274606133317,8.463159779435432e-06
144,153,contact,0.001974637150389914,-2.536284961008597e-05,2.536284961008597e-05,0.00011261183243799466,0.00011261183243799466,0.0,0.00011261183243799466,300.469443294336,300.46768137901313,1.9841251310617868e-07
144,155,contact,0.001898688471577157,-0.000101311528422843,0.000101311528422843,0.0002250683545312879,0.0002250683545312879,0.0,0.0002250683545312879,300.469443294336,300.50819416571176,-8.721594857200947e-06
144,173,contact,0.0019626030442756364,-3.739695572436367e-05,3.739695572436367e-05,0.00013674237771145356,0.00013674237771145356,0.0,0.00013674237771145356,300.469443294336,300.38940580149074,1.0944517077720975e-05
144,195,contact,0.001951097110345868,-4.890288965413202e-05,4.890288965413202e-05,0.0001563695776903743,0.0001563695776903743,0.0,0.0001563695776903743,300.469443294336,300.44927207856534,3.154164491555e-06
144,231,contact,0.0019582593538139937,-4.174064618600636e-05,4.174064618600636e-05,0.00014446564675729375,0.00014446564675729375,0.0,0.00014446564675729375,300.469443294336,300.39123238367347,1.1298789792335814e-05
145,171,contact,0.0018972846116753269,-0.00010271538832467317,0.00010271538832467317,0.00022662236024350416,0.00022662236024350416,0.0,0.00022662236024350416,300.4274606133317,300.4848398756317,-1.3003423851457825e-05
145,187,contact,0.0019359204321717357,-6.407956782826432e-05,6.407956782826432e-05,0.00017899660307986898,0.00017899660307986898,0.0,0.00017899660307986898,300.4274606133317,300.4826730228483,-9.882833751330999e-06
145,189,contact,0.001919884931682105,-8.011506831789514e-05,8.011506831789514e-05,0.00020014378371297864,0.00020014378371297864,0.0,0.00020014378371297864,300.4274606133317,300.36376428992844,1.2748423174529017e-05
145,209,contact,0.0019108094238044783,-8.919057619552169e-05,8.919057619552169e-05,0.0002111759647728899,0.0002111759647728899,0.0,0.0002111759647728899,300.4274606133317,300.3946540531007,6.927957007660253e-06
145,219,contact,0.0019605789930783202,-3.9421006921679796e-05,3.9421006921679796e-05,0.00014039410052007136,0.00014039410052007136,0.0,0.00014039410052007136,300.4274606133317,300.4385916341105,-1.5627296501105694e-06
145,226,contact,0.0019566576623926838,-4.334233760731627e-05,4.334233760731627e-05,0.00014721130664340336,0.00014721130664340336,0.0,0.00014721130664340336,300.4274606133317,300.37766770312317,7.330079373372343e-06
145,231,contact,0.0019468532523279724,-5.31467476720276e-05,5.31467476720276e-05,0.00016301341612276517,0.00016301341612276517,0.0,0.00016301341612276517,300.4274606133317,300.39123238367347,5.9056874766643355e-06
146,254,contact,0.0019490960186968717,-5.090398130312831e-05,5.090398130312831e-05,0.000159536800305021,0.000159536800305021,0.0,0.000159536800305021,300.8818879857108,300.8985198123604,-2.6533884069027922e-06
146,428,contact,0.002219747350201144,-3.025264979885636e-05,3.025264979885636e-05,0.0001296419209439266,0.0001296419209439266,0.0,0.0001296419209439266,300.8818879857108,300.8304539800038,6.668003301695639e-06
147,154,contact,0.0019042274260707415,-9.577257392925855e-05,9.577257392925855e-05,0.0002188293558109361,0.0002188293558109361,0.0,0.0002188293558109361,300.6971964809309,300.7431963203897,-1.0066115236169741e-05
147,165,contact,0.0019169148880688468,-8.308511193115325e-05,8.308511193115325e-05,0.00020381991062105937,0.00020381991062105937,0.0,0.00020381991062105937,300.6971964809309,300.66034464225424,7.511138465303084e-06
147,373,contact,0.0019601605221256767,-3.983947787432329e-05,3.983947787432329e-05,0.00014113730526392248,0.00014113730526392248,0.0,0.00014113730526392248,300.6971964809309,300.72547804637645,-3.9915839356266425e-06
148,151,contact,0.001956443099147021,-4.355690085297917e-05,4.355690085297917e-05,0.00014757523649477775,0.00014757523649477775,0.0,0.00014757523649477775,300.7740947908574,300.76118248399695,1.9055367386271918e-06
148,162,contact,0.0019387464788620508,-6.125352113794925e-05,6.125352113794925e-05,0.00017500503012477848,0.00017500503012477848,0.0,0.00017500503012477848,300.7740947908574,300.80774624726956,-5.88917414315e-06
148,169,contact,0.0019004607296653094,-9.953927033469066e-05,9.953927033469066e-05,0.00022309109163600715,0.00022309109163600715,0.0,0.00022309109163600715,300.7740947908574,300.85861590322065,-1.8855907223403472e-05
148,397,contact,0.0019096652926625646,-9.033470733743544e-05,9.033470733743544e-05,0.00021252612467345685,0.00021252612467345685,0.0,0.00021252612467345685,300.7740947908574,300.6946207409333,1.6890311842474145e-05
148,417,contact,0.002167319351387792,-8.268064861220812e-05,8.268064861220812e-05,0.00021432147273068314,0.00021432147273068314,0.0,0.00021432147273068314,300.7740947908574,300.8603470627286,-1.848571393379434e-05
149,156,contact,0.001964215133358869,-3.57848666411309e-05,3.57848666411309e-05,0.0001337626006048232,0.0001337626006048232,0.0,0.0001337626006048232,300.9298429586947,300.94295127436715,-1.7534023938983493e-06
149,162,contact,0.0019163648126233692,-8.36351873766308e-05,8.36351873766308e-05,0.00020449350524727038,0.00020449350524727038,0.0,0.00020449350524727038,300.9298429586947,300.80774624726956,2.496798449848626e-05
149,417,contact,0.0021703890385829446,-7.96109614170557e-05,7.96109614170557e-05,0.00021030528262115596,0.00021030528262115596,0.0,0.00021030528262115596,300.9298429586947,300.8603470627286,1.4615354042160985e-05
150,168,contact,0.0018356869804244946,-0.0001643130195755054,0.0001643130195755054,0.000286629568934806,0.000286629568934806,0.0,0.000286629568934806,300.6471161325759,300.5720577691518,2.1513946353199244e-05
150,397,contact,0.0019371099082137815,-6.289009178621851e-05,6.289009178621851e-05,0.00017732751025463945,0.00017732751025463945,0.0,0.00017732751025463945,300.6471161325759,300.6946207409333,-8.42387392564452e-06
150,400,contact,0.0017937375790510715,-0.00020626242094892852,0.00020626242094892852,0.0003211404840166749,0.0003211404840166749,0.0,0.0003211404840166749,300.6471161325759,300.7050524202939,-1.8605687479890238e-05
151,159,contact,0.001915339056511927,-8.466094348807312e-05,8.466094348807312e-05,0.0002057437040204063,0.0002057437040204063,0.0,0.0002057437040204063,300.76118248399695,300.64980255645037,2.2915718846957738e-05
151,166,contact,0.0018826175080987639,-0.00011738249190123618,0.00011738249190123618,0.00024226276220380648,0.00024226276220380648,0.0,0.00024226276220380648,300.76118248399695,300.8446886601452,-2.0230436894755587e-05
151,169,contact,0.0019195305481288908,-8.046945187110922e-05,8.046945187110922e-05,0.00020058595647640592,0.00020058595647640592,0.0,0.00020058595647640592,300.76118248399695,300.85861590322065,-1.9543775587753542e-05
151,172,contact,0.0019946641222521647,-5.335877747835328e-06,5.335877747835328e-06,5.165209457435065e-05,5.165209457435065e-05,0.0,5.165209457435065e-05,300.76118248399695,300.7497089775847,5.926306383046563e-07
152,163,contact,0.0018415704622413989,-0.00015842953775860118,0.00015842953775860118,0.000281451183829986,0.000281451183829986,0.0,0.000281451183829986,300.66029779467806,300.61979217606984,1.140035430904999e-05
152,164,contact,0.0019180439831505429,-8.195601684945716e-05,8.195601684945716e-05,0.00020243025570484412,0.00020243025570484412,0.0,0.00020243025570484412,300.66029779467806,300.72974706720726,-1.4058633996600951e-05
152,165,contact,0.0019794371479286733,-2.05628520713267e-05,2.05628520713267e-05,0.0001013973670055754,0.0001013973670055754,0.0,0.0001013973670055754,300.66029779467806,300.66034464225424,-4.750220875887707e-09
152,404,contact,0.0022292035059913217,-2.079649400867859e-05,2.079649400867859e-05,0.00010748770991420004,0.00010748770991420004,0.0,0.00010748770991420004,300.66029779467806,300.5614162149996,1.0628554552334867e-05
152,407,contact,0.0021214686664959258,-0.0001285313335040745,0.0001285313335040745,0.0002672195658838486,0.0002672195658838486,0.0,0.0002672195658838486,300.66029779467806,300.7185157451242,-1.5556975444863627e-05
153,179,contact,0.0019085715937580123,-9.14284062419877e-05,9.14284062419877e-05,0.00021380880038247689,0.00021380880038247689,0.0,0.00021380880038247689,300.46768137901313,300.3928623361786,1.5996969794213807e-05
153,209,contact,0.0019715653256486333,-2.8434674351366773e-05,2.8434674351366773e-05,0.00011923647586071716,0.00011923647586071716,0.0,0.00011923647586071716,300.46768137901313,300.3946540531007,8.707520983332421e-06
153,223,contact,0.001915952757533442,-8.404724246655797e-05,8.404724246655797e-05,0.0002049966371267563,0.0002049966371267563,0.0,0.0002049966371267563,300.46768137901313,300.39677123209975,1.4536341655406533e-05
153,395,contact,0.0018973895096213113,-0.00010261049037868877,0.00010261049037868877,0.00022650661180050437,0.00022650661180050437,0.0,0.00022650661180050437,300.46768137901313,300.5780756022356,-2.5005021464464038e-05
154,373,contact,0.001920074681802768,-7.992531819723202e-05,7.992531819723202e-05,0.0001999066259497569,0.0001999066259497569,0.0,0.0001999066259497569,300.7431963203897,300.72547804637645,3.5420003756416642e-06
154,388,contact,0.001957722551359104,-4.227744864089599e-05,4.227744864089599e-05,0.00014539162396936075,0.00014539162396936075,0.0,0.00014539162396936075,300.7431963203897,300.7029400663383,5.852922151460302e-06
154,411,contact,0.002087809789492328,-0.00016219021050767205,0.00016219021050767205,0.00030017606917318084,0.00030017606917318084,0.0,0.00030017606917318084,300.7431963203897,300.82621322326156,-2.4919687579007124e-05
154,429,contact,0.002208386595888501,-4.161340411149928e-05,4.161340411149928e-05,0.0001520478800895357,0.0001520478800895357,0.0,0.0001520478800895357,300.7431963203897,300.88965766233366,-2.2269136557647947e-05
155,195,contact,0.0018872590790084962,-0.00011274092099150383,0.00011274092099150383,0.00023742464171975055,0.00023742464171975055,0.0,0.00023742464171975055,300.50819416571176,300.44927207856534,1.3989555430117158e-05
155,206,contact,0.0019775669075912435,-2.2433092408756516e-05,2.2433092408756516e-05,0.00010590819705942623,0.00010590819705942623,0.0,0.00010590819705942623,300.50819416571176,300.4650143638105,4.57309496874567e-06
155,487,contact,0.0022043050614876337,-4.569493851236655e-05,4.569493851236655e-05,0.00015933008802895563,0.00015933008802895563,0.0,0.00015933008802895563,300.50819416571176,300.56507963563394,-9.063566930269257e-06
155,496,contact,0.0021154545390825587,-0.0001345454609174416,0.0001345454609174416,0.0002733998505622627,0.0002733998505622627,0.0,0.0002733998505622627,300.50819416571176,300.57483896558364,-1.8220678325724134e-05
156,157,contact,0.001941124944737202,-5.8875055262798143e-05,5.8875055262798143e-05,0.00017157367989117407,0.00017157367989117407,0.0,0.00017157367989117407,300.94295127436715,300.9340311505755,1.5304584640189027e-06
156,169,contact,0.0018930740997406825,-0.00010692590025931752,0.00010692590025931752,0.00023122056597469604,0.00023122056597469604,0.0,0.00023122056597469604,300.94295127436715,300.85861590322065,1.950007224817845e-05
157,398,contact,0.001933160427905558,-6.683957209444209e-05,6.683957209444209e-05,0.00018281079302716525,0.00018281079302716525,0.0,0.00018281079302716525,300.9340311505755,300.89496377007004,7.1419388116967105e-06
158,429,contact,0.0021998035693588645,-5.019643064113578e-05,5.019643064113578e-05,0.00016699373015697955,0.00016699373015697955,0.0,0.00016699373015697955,300.94111833602165,300.88965766233366,8.593609855547598e-06
160,166,contact,0.0019210381483669187,-7.896185163308134e-05,7.896185163308134e-05,0.0001986980770328205,0.0001986980770328205,0.0,0.0001986980770328205,300.9385947240808,300.8446886601452,1.8658954325725957e-05
160,423,contact,0.0022166097151274785,-3.3390284872521735e-05,3.3390284872521735e-05,0.00013619896571748287,0.00013619896571748287,0.0,0.00013619896571748287,300.9385947240808,300.85831932212324,1.0933426719177412e-05
162,382,contact,0.0019202761349608037,-7.972386503919638e-05,7.972386503919638e-05,0.00019965453293025479,0.00019965453293025479,0.0,0.00019965453293025479,300.80774624726956,300.73298334029914,1.4926753271687358e-05
162,428,contact,0.002162264559163127,-8.773544083687333e-05,8.773544083687333e-05,0.00022077570422499108,0.00022077570422499108,0.0,0.00022077570422499108,300.80774624726956,300.8304539800038,-5.01331568575942e-06
164,165,contact,0.0019106286132841198,-8.937138671588022e-05,8.937138671588022e-05,0.00021138990836352644,0.00021138990836352644,0.0,0.00021138990836352644,300.72974706720726,300.66034464225424,1.467097225102365e-05
164,166,contact,0.0018419066997543607,-0.00015809330024563932,0.00015809330024563932,0.0002811523610479195,0.0002811523610479195,0.0,0.0002811523610479195,300.72974706720726,300.8446886601452,-3.231610023711433e-05
164,407,contact,0.0022333385945046487,-1.6661405495351552e-05,1.6661405495351552e-05,9.620985597279739e-05,9.620985597279739e-05,0.0,9.620985597279739e-05,300.72974706720726,300.7185157451242,1.0805638799955782e-06
166,172,contact,0.0019729947123091848,-2.7005287690815265e-05,2.7005287690815265e-05,0.0001162008771283919,0.0001162008771283919,0.0,0.0001162008771283919,300.8446886601452,300.7497089775847,1.1036722422907054e-05
167,252,contact,0.0019854714969749624,-1.452850302503762e-05,1.452850302503762e-05,8.523057850630143e-05,8.523057850630143e-05,0.0,8.523057850630143e-05,300.8117538913721,300.8235625931399,-1.006462483077195e-06
168,178,contact,0.001862844392239995,-0.000137155607760005,0.000137155607760005,0.00026187364105614467,0.00026187364105614467,0.0,0.00026187364105614467,300.5720577691518,300.4531489916109,3.113907452817674e-05
168,385,contact,0.0019341333069879134,-6.586669301208666e-05,6.586669301208666e-05,0.0001814754708109152,0.0001814754708109152,0.0,0.0001814754708109152,300.5720577691518,300.59962109357474,-5.00206727676749e-06
170,371,contact,0.0019239893567026302,-7.601064329736985e-05,7.601064329736985e-05,0.0001949495361591941,0.0001949495361591941,0.0,0.0001949495361591941,300.9285449864342,300.9393613435924,-2.10864381092432e-06
171,219,contact,0.0019425546184341895,-5.744538156581057e-05,5.744538156581057e-05,0.00016947769995756163,0.00016947769995756163,0.0,0.00016947769995756163,300.4848398756317,300.4385916341105,7.838045600094437e-06
171,442,contact,0.002216862141000201,-3.3137858999799166e-05,3.3137858999799166e-05,0.00013568316648190036,0.00013568316648190036,0.0,0.00013568316648190036,300.4848398756317,300.39365940630375,1.2371654799718478e-05
173,179,contact,0.0018615984309189777,-0.00013840156908102234,0.00013840156908102234,0.0002630604199428549,0.0002630604199428549,0.0,0.0002630604199428549,300.38940580149074,300.3928623361786,-9.092774665383301e-07
173,195,contact,0.0019264853534351103,-7.351464656488974e-05,7.351464656488974e-05,0.00019172199478005873,0.00019172199478005873,0.0,0.00019172199478005873,300.38940580149074,300.44927207856534,-1.1477682060798888e-05
173,222,contact,0.0019040153494654399,-9.598465053456016e-05,9.598465053456016e-05,0.0002190715072009139,0.0002190715072009139,0.0,0.0002190715072009139,300.38940580149074,300.28073463202253,2.3806756884686577e-05
173,231,contact,0.0018645898710976628,-0.00013541012890233724,0.00013541012890233724,0.000260201968576659,0.000260201968576659,0.0,0.000260201968576659,300.38940580149074,300.39123238367347,-4.7528027971337264e-07
174,186,contact,0.0019869483141239483,-1.3051685876051735e-05,1.3051685876051735e-05,8.078268959390909e-05,8.078268959390909e-05,0.0,8.078268959390909e-05,300.22594884841254,300.36687698242497,-1.1384553704974684e-05
174,207,contact,0.0018486907610522642,-0.0001513092389477358,0.0001513092389477358,0.0002750538483167758,0.0002750538483167758,0.0,0.0002750538483167758,300.22594884841254,300.2550218891325,-7.996651732288782e-06
174,218,contact,0.0018918855901190216,-0.00010811440988097842,0.00010811440988097842,0.00023250205362639102,0.00023250205362639102,0.0,0.00023250205362639102,300.22594884841254,300.13354420091775,2.14842703071611e-05
174,465,contact,0.0021492711983600397,-0.00010072880163996059,0.00010072880163996059,0.00023655960212076293,0.00023655960212076293,0.0,0.00023655960212076293,300.22594884841254,300.28628394103544,-1.4272845504790879e-05
174,495,contact,0.002140521633363293,-0.0001094783666367072,0.0001094783666367072,0.00024661977779199027,0.00024661977779199027,0.0,0.00024661977779199027,300.22594884841254,300.17660251964764,1.2169780634849609e-05
175,210,contact,0.0019363985008256956,-6.360149917430447e-05,6.360149917430447e-05,0.00017832764672689493,0.00017832764672689493,0.0,0.00017832764672689493,300.1888901701573,300.064994818322,2.2093966533189987e-05
175,227,contact,0.001970100508425902,-2.9899491574098165e-05,2.9899491574098165e-05,0.000122269153047893,0.000122269153047893,0.0,0.000122269153047893,300.1888901701573,300.2533656316077,-7.883360063912422e-06
175,233,contact,0.0019403924827982606,-5.9607517201739485e-05,5.9607517201739485e-05,0.00017263765116819026,0.00017263765116819026,0.0,0.00017263765116819026,300.1888901701573,300.27120481225967,-1.4210606469299344e-05
176,204,contact,0.0018302586982445956,-0.00016974130175540446,0.00016974130175540446,0.000291325678369934,0.000291325678369934,0.0,0.000291325678369934,300.0655749800152,300.13123360597035,-1.9128043747226467e-05
176,210,contact,0.0018512859698598698,-0.00014871403014013029,0.00014871403014013029,0.00027268482735580494,0.00027268482735580494,0.0,0.00027268482735580494,300.0655749800152,300.064994818322,1.582012911391174e-07
176,212,contact,0.0019381107740529175,-6.188922594708253e-05,6.188922594708253e-05,0.00017591080971202783,0.00017591080971202783,0.0,0.00017591080971202783,300.0655749800152,300.1755041308037,-1.933772592616112e-05
176,217,contact,0.0018673943671597597,-0.00013260563284024033,0.00013260563284024033,0.0002574933327682877,0.0002574933327682877,0.0,0.0002574933327682877,300.0655749800152,300.0657267169139,-3.907123975409357e-08
176,431,contact,0.0021919462673434765,-5.805373265652374e-05,5.805373265652374e-05,0.00017958862352072513,0.00017958862352072513,0.0,0.00017958862352072513,300.0655749800152,300.0789844761128,-2.4081929462760554e-06
177,221,contact,0.0019615738822101494,-3.8426117789850615e-05,3.8426117789850615e-05,0.00013861117882380667,0.00013861117882380667,0.0,0.00013861117882380667,300.18921678886164,300.1509987280145,5.297450466384427e-06
177,432,contact,0.002202932573754905,-4.706742624509524e-05,4.706742624509524e-05,0.00016170519514277832,0.00016170519514277832,0.0,0.00016170519514277832,300.18921678886164,300.3130787889928,-2.0029128901985478e-05
177,484,contact,0.0022154004010925417,-3.4599598907458524e-05,3.4599598907458524e-05,0.00013864342535090698,0.00013864342535090698,0.0,0.00013864342535090698,300.18921678886164,300.0829609141362,1.4731678435591074e-05
178,186,contact,0.0018959111988170756,-0.00010408880118292448,0.00010408880118292448,0.00022813241898393625,0.00022813241898393625,0.0,0.00022813241898393625,300.4531489916109,300.36687698242497,1.9681442146184787e-05
178,187,contact,0.001932126552816869,-6.7873447183131e-05,6.7873447183131e-05,0.00018421922698666797,0.00018421922698666797,0.0,0.00018421922698666797,300.4531489916109,300.4826730228483,-5.438894212089403e-06
178,195,contact,0.0019156417978578356,-8.435820214216442e-05,8.435820214216442e-05,0.00020537551234527015,0.00020537551234527015,0.0,0.00020537551234527015,300.4531489916109,300.44927207856534,7.962230030439349e-07
178,203,contact,0.001905282587386974,-9.471741261302602e-05,9.471741261302602e-05,0.00021762055579956828,0.00021762055579956828,0.0,0.00021762055579956828,300.4531489916109,300.3573492068941,2.0848002395537298e-05
178,231,contact,0.0019469918491098006,-5.300815089019943e-05,5.300815089019943e-05,0.0001628007231098797,0.0001628007231098797,0.0,0.0001628007231098797,300.4531489916109,300.39123238367347,1.0080068544720515e-05
178,232,contact,0.0019044512222685045,-9.554877773149551e-05,9.554877773149551e-05,0.00021857353194233687,0.00021857353194233687,0.0,0.00021857353194233687,300.4531489916109,300.50207837579615,-1.0694668317138285e-05
179,486,contact,0.002102898476475561,-0.00014710152352443925,0.00014710152352443925,0.0002858724691618423,0.0002858724691618423,0.0,0.0002858724691618423,300.3928623361786,300.34008463298835,1.5087692327690114e-05
180,183,contact,0.0019052555034955287,-9.474449650447134e-05,9.474449650447134e-05,0.00021765166723973348,0.00021765166723973348,0.0,0.00021765166723973348,300.29014719446945,300.1855972455543,2.2755470691217456e-05
180,200,contact,0.0019176520857809433,-8.234791421905677e-05,8.234791421905677e-05,0.0002029136691046919,0.0002029136691046919,0.0,0.0002029136691046919,300.29014719446945,300.22691225561647,1.2831233458270232e-05
180,201,contact,0.001978822292703414,-2.1177707296586145e-05,2.1177707296586145e-05,0.00010290215570284752,0.00010290215570284752,0.0,0.00010290215570284752,300.29014719446945,300.3036655929179,-1.3910723419974235e-06
180,203,contact,0.0018753940264648386,-0.0001246059735351614,0.0001246059735351614,0.00024960566253108264,0.00024960566253108264,0.0,0.00024960566253108264,300.29014719446945,300.3573492068941,-1.677400283468251e-05
180,231,contact,0.0019405937060600802,-5.940629393991984e-05,5.940629393991984e-05,0.0001723460094401954,0.0001723460094401954,0.0,0.0001723460094401954,300.29014719446945,300.39123238367347,-1.7421628972818877e-05
181,188,contact,0.0019023491240768608,-9.765087592313927e-05,9.765087592313927e-05,0.00022096478896324102,0.00022096478896324102,0.0,0.00022096478896324102,300.1739899140254,300.23877735145237,-1.4315742438516889e-05
181,191,contact,0.0018431451832259444,-0.00015685481677405562,0.00015685481677405562,0.00028004893927138487,0.00028004893927138487,0.0,0.00028004893927138487,300.1739899140254,300.2679902803043,-2.6324702867517142e-05
181,221,contact,0.001896713857841817,-0.00010328614215818297,0.00010328614215818297,0.0002272511189831449,0.0002272511189831449,0.0,0.0002272511189831449,300.1739899140254,300.1509987280145,5.224772747732758e-06
181,225,contact,0.001819867257982297,-0.0001801327420177031,0.0001801327420177031,0.00030011059796157075,0.00030011059796157075,0.0,0.00030011059796157075,300.1739899140254,300.0632118470219,3.324567192945837e-05
182,198,contact,0.0019372754572594994,-6.272454274050066e-05,6.272454274050066e-05,0.00017709396198134573,0.00017709396198134573,0.0,0.00017709396198134573,300.1253694531037,300.1963449890808,-1.2569338869931322e-05
182,230,contact,0.001911756603493237,-8.824339650676297e-05,8.824339650676297e-05,0.00021005165615481703,0.00021005165615481703,0.0,0.00021005165615481703,300.1253694531037,300.0510609925317,1.560861520946621e-05
183,192,contact,0.0019910887350643117,-8.911264935688307e-06,8.911264935688307e-06,6.675052410164397e-05,6.675052410164397e-05,0.0,6.675052410164397e-05,300.1855972455543,300.15347368083985,2.1442647807009393e-06
183,194,contact,0.0019022256095426748,-9.777439045732523e-05,9.777439045732523e-05,0.00022110448939056533,0.00022110448939056533,0.0,0.00022110448939056533,300.1855972455543,300.1797987163236,1.282080844764425e-06
183,204,contact,0.0018508798632272166,-0.0001491201367727834,0.0001491201367727834,0.0002730568958777487,0.0002730568958777487,0.0,0.0002730568958777487,300.1855972455543,300.13123360597035,1.4844366673403473e-05
183,208,contact,0.0019138159795811082,-8.618402041889184e-05,8.618402041889184e-05,0.00020758615129494047,0.00020758615129494047,0.0,0.00020758615129494047,300.1855972455543,300.1973898581528,-2.4479830630403173e-06
183,216,contact,0.00194807140002619,-5.192859997381013e-05,5.192859997381013e-05,0.00016113441589835818,0.00016113441589835818,0.0,0.00016113441589835818,300.1855972455543,300.2547494344227,-1.114279756140729e-05
183,456,contact,0.0022005508745766367,-4.9449125423363556e-05,4.9449125423363556e-05,0.0001657459994881116,0.0001657459994881116,0.0,0.0001657459994881116,300.1855972455543,300.076541587664,1.807553901685812e-05
184,202,contact,0.001763494800474331,-0.00023650519952566913,0.00023650519952566913,0.0003438787573590939,0.0003438787573590939,0.0,0.0003438787573590939,300.2363177557928,300.15373409302043,2.8398767332328094e-05
184,205,contact,0.001806087343292124,-0.0001939126567078761,0.0001939126567078761,0.0003113781115523987,0.0003113781115523987,0.0,0.0003113781115523987,300.2363177557928,300.2910746814825,-1.7050108115665595e-05
184,233,contact,0.0017625152147995769,-0.00023748478520042317,0.00023748478520042317,0.00034459018064972714,0.00034459018064972714,0.0,0.00034459018064972714,300.2363177557928,300.27120481225967,-1.202173709025159e-05
184,468,contact,0.0022136016828914803,-3.6398317108519984e-05,3.6398317108519984e-05,0.00014220157271461909,0.00014220157271461909,0.0,0.00014220157271461909,300.2363177557928,300.3185380626049,-1.1691856937755675e-05
185,217,contact,0.0018955701088590737,-0.00010442989114092631,0.00010442989114092631,0.0002285058983275118,0.0002285058983275118,0.0,0.0002285058983275118,300.0645225855112,300.0657267169139,-2.7515112787544676e-07
185,218,contact,0.001895452788359552,-0.00010454721164044798,0.00010454721164044798,0.00022863421839310053,0.00022863421839310053,0.0,0.00022863421839310053,300.0645225855112,300.13354420091775,-1.57807030907037e-05
185,221,contact,0.0018829919984960112,-0.00011700800150398882,0.00011700800150398882,0.0002418760028444211,0.0002418760028444211,0.0,0.0002418760028444211,300.0645225855112,300.1509987280145,-2.0916503690096106e-05
185,225,contact,0.0019622279475031046,-3.777205249689544e-05,3.777205249689544e-05,0.00013742643940831663,0.00013742643940831663,0.0,0.00013742643940831663,300.0645225855112,300.0632118470219,1.801301235850722e-07
185,228,contact,0.001880774807386573,-0.00011922519261342709,0.00011922519261342709,0.0002441569091930711,0.0002441569091930711,0.0,0.0002441569091930711,300.0645225855112,300.06634409875653,-4.4473504403105235e-07
186,197,contact,0.0019530592110839858,-4.69407889160142e-05,4.69407889160142e-05,0.00015320050410493792,0.00015320050410493792,0.0,0.00015320050410493792,300.36687698242497,300.44329028603414,-1.1706556633248837e-05
186,215,contact,0.001980866523443717,-1.9133476556282888e-05,1.9133476556282888e-05,9.780970441700274e-05,9.780970441700274e-05,0.0,9.780970441700274e-05,300.36687698242497,300.3868316386585,-1.9517590279465545e-06
186,465,contact,0.0021677426090982296,-8.225739090177066e-05,8.225739090177066e-05,0.00021377219300223243,0.00021377219300223243,0.0,0.00021377219300223243,300.36687698242497,300.28628394103544,1.7228551198560355e-05
186,500,contact,0.0021899782064164273,-6.0021793583572933e-05,6.0021793583572933e-05,0.0001826073407061248,0.0001826073407061248,0.0,0.0001826073407061248,300.36687698242497,300.3409927387488,4.726652903892853e-06
187,226,contact,0.0018791715877215691,-0.00012082841227843092,0.00012082841227843092,0.0002457930148299895,0.0002457930148299895,0.0,0.0002457930148299895,300.4826730228483,300.37766770312317,2.5809574108428454e-05
187,464,contact,0.0021488643688236816,-0.0001011356311763187,0.0001011356311763187,0.000237036836303182,0.000237036836303182,0.0,0.000237036836303182,300.4826730228483,300.52108096490724,-9.104097074566755e-06
188,207,contact,0.001826910576727089,-0.00017308942327291105,0.00017308942327291105,0.0002941848256393513,0.0002941848256393513,0.0,0.0002941848256393513,300.23877735145237,300.2550218891325,-4.778896485014681e-06
188,221,contact,0.0019171109122467387,-8.288908775326131e-05,8.288908775326131e-05,0.0002035793306714379,0.0002035793306714379,0.0,0.0002035793306714379,300.23877735145237,300.1509987280145,1.786991340674473e-05
188,308,contact,0.0019337479375009041,-6.62520624990959e-05,6.62520624990959e-05,0.0001820055802703531,0.0001820055802703531,0.0,0.0001820055802703531,300.23877735145237,300.17020145522685,1.2481195785086187e-05
188,349,contact,0.0017872932976624174,-0.00021270670233758263,0.00021270670233758263,0.00032611861518286767,0.00032611861518286767,0.0,0.00032611861518286767,300.23877735145237,300.2740133754082,-1.1491123337017097e-05
188,493,contact,0.0021455909179244766,-0.00010440908207552365,0.00010440908207552365,0.00024084236669970078,0.00024084236669970078,0.0,0.00024084236669970078,300.23877735145237,300.3393376896336,-2.421918984369536e-05
189,193,contact,0.001976969258966866,-2.3030741033134e-05,2.3030741033134e-05,0.00010730969442024797,0.00010730969442024797,0.0,0.00010730969442024797,300.36376428992844,300.355105203285,9.292039416653008e-07
189,219,contact,0.001964909657058054,-3.509034294194588e-05,3.509034294194588e-05,0.000132458187632826,0.000132458187632826,0.0,0.000132458187632826,300.36376428992844,300.4385916341105,-9.91149439573073e-06
189,233,contact,0.0018349966437299016,-0.00016500335627009843,0.00016500335627009843,0.00028723105357020365,0.00028723105357020365,0.0,0.00028723105357020365,300.36376428992844,300.27120481225967,2.6585956288709034e-05
189,442,contact,0.002103046184704463,-0.00014695381529553726,0.00014695381529553726,0.0002857289073536675,0.0002857289073536675,0.0,0.0002857289073536675,300.36376428992844,300.39365940630375,-8.541898937129345e-06
189,461,contact,0.0022283795710336244,-2.1620428966375848e-05,2.1620428966375848e-05,0.00010959630206245263,0.00010959630206245263,0.0,0.00010959630206245263,300.36376428992844,300.26143493621464,1.1214918759473053e-05
190,193,contact,0.0019330322441697661,-6.696775583023393e-05,6.696775583023393e-05,0.0001829860046974002,0.0001829860046974002,0.0,0.0001829860046974002,300.2924488773779,300.355105203285,-1.146523074675568e-05
190,198,contact,0.0019580371145614165,-4.196288543858355e-05,4.196288543858355e-05,0.00014484972460896076,0.00014484972460896076,0.0,0.00014484972460896076,300.2924488773779,300.1963449890808,1.3920621753690558e-05
190,205,contact,0.0018889663270688548,-0.00011103367293114523,0.00011103367293114523,0.00023562011048629237,0.00023562011048629237,0.0,0.00023562011048629237,300.2924488773779,300.2910746814825,3.2378818871266817e-07
190,461,contact,0.0021339449449552343,-0.00011605505504476595,0.00011605505504476595,0.0002539193387287103,0.0002539193387287103,0.0,0.0002539193387287103,300.2924488773779,300.26143493621464,7.875039431551282e-06
191,196,contact,0.0018580728741586,-0.00014192712584140004,0.00014192712584140004,0.0002663898701540658,0.0002663898701540658,0.0,0.0002663898701540658,300.2679902803043,300.38761427188933,-3.1866619585654744e-05
191,495,contact,0.00217919444204596,-7.080555795404035e-05,7.080555795404035e-05,0.00019833411478002963,0.00019833411478002963,0.0,0.00019833411478002963,300.2679902803043,300.17660251964764,1.8125310611561977e-05
191,500,contact,0.0021490950097073414,-0.00010090499029265882,0.00010090499029265882,0.00023676639951725838,0.00023676639951725838,0.0,0.00023676639951725838,300.2679902803043,300.3409927387488,-1.7284529241820723e-05
192,194,contact,0.0019129853446641966,-8.701465533580348e-05,8.701465533580348e-05,0.0002085841021456375,0.0002085841021456375,0.0,0.0002085841021456375,300.15347368083985,300.1797987163236,-5.4909838903302465e-06
192,218,contact,0.0018953357438986906,-0.0001046642561013094,0.0001046642561013094,0.0002287621648145836,0.0002287621648145836,0.0,0.0002287621648145836,300.15347368083985,300.13354420091775,4.5591109706079e-06
192,220,contact,0.0019591577286170716,-4.084227138292842e-05,4.084227138292842e-05,0.00014290253913581876,0.00014290253913581876,0.0,0.00014290253913581876,300.15347368083985,300.06656676442003,1.2419219024856778e-05
192,433,contact,0.0022400405790074427,-9.959420992557578e-06,9.959420992557578e-06,7.438421648798882e-05,7.438421648798882e-05,0.0,7.438421648798882e-05,300.15347368083985,300.0783921923408,5.584877694753914e-06
192,435,contact,0.0021156233559875455,-0.00013437664401245476,0.00013437664401245476,0.00027322827657113094,0.00027322827657113094,0.0,0.00027322827657113094,300.15347368083985,300.0722868139463,2.2182547721541155e-05
192,465,contact,0.0021094590064990593,-0.000140540993500941,0.000140540993500941,0.0002794249983855149,0.0002794249983855149,0.0,0.0002794249983855149,300.15347368083985,300.28628394103544,-3.7110506740730705e-05
193,205,contact,0.001905258345999303,-9.47416540006971e-05,9.47416540006971e-05,0.00021764840224625714,0.00021764840224625714,0.0,0.00021764840224625714,300.355105203285,300.2910746814825,1.3936140765313023e-05
193,219,contact,0.0019461774020114405,-5.382259798855952e-05,5.382259798855952e-05,0.00016404663664421702,0.00016404663664421702,0.0,0.00016404663664421702,300.355105203285,300.4385916341105,-1.3695668182349042e-05
193,223,contact,0.0018728515587467143,-0.00012714844125328575,0.00012714844125328575,0.0002521392881457447,0.0002521392881457447,0.0,0.0002521392881457447,300.355105203285,300.39677123209975,-1.0505642845210007e-05
193,233,contact,0.0019634318086961928,-3.6568191303807274e-05,3.6568191303807274e-05,0.0001352186956448835,0.0001352186956448835,0.0,0.0001352186956448835,300.355105203285,300.27120481225967,1.1344901438541921e-05
194,216,contact,0.0018891921112475579,-0.00011080788875244218,0.00011080788875244218,0.00023538042479403655,0.00023538042479403655,0.0,0.00023538042479403655,300.1797987163236,300.2547494344227,-1.7641931864784982e-05
194,435,contact,0.002101928826697041,-0.00014807117330295928,0.00014807117330295928,0.0002868131150175816,0.0002868131150175816,0.0,0.0002868131150175816,300.1797987163236,300.0722868139463,3.083582362230684e-05
194,480,contact,0.0020555122470080306,-0.0001944877529919697,0.0001944877529919697,0.00032870769942641346,0.00032870769942641346,0.0,0.00032870769942641346,300.1797987163236,300.23274178651474,-1.7402794803098706e-05
195,197,contact,0.0019642402011210347,-3.5759798878965375e-05,3.5759798878965375e-05,0.0001337157411806205,0.0001337157411806205,0.0,0.0001337157411806205,300.44927207856534,300.44329028603414,7.998598218983474e-07
195,206,contact,0.0019294091997551993,-7.05908002448007e-05,7.05908002448007e-05,0.00018787070054268802,0.00018787070054268802,0.0,0.00018787070054268802,300.44927207856534,300.4650143638105,-2.9575141571497525e-06
195,215,contact,0.0018924694159748005,-0.00010753058402519951,0.00010753058402519951,0.00023187343964456075,0.00023187343964456075,0.0,0.00023187343964456075,300.44927207856534,300.3868316386585,1.4478279574114447e-05
195,231,contact,0.0019035954684753795,-9.640453152462056e-05,9.640453152462056e-05,0.00021955014407262473,0.00021955014407262473,0.0,0.00021955014407262473,300.44927207856534,300.39123238367347,1.2742623375442263e-05
196,197,contact,0.0018716661446714807,-0.0001283338553285194,0.0001283338553285194,0.00025331191773041335,0.00025331191773041335,0.0,0.00025331191773041335,300.38761427188933,300.44329028603414,-1.4103397914606947e-05
196,214,contact,0.0018667220179836629,-0.00013327798201633718,0.00013327798201633718,0.00025814529050162546,0.00025814529050162546,0.0,0.00025814529050162546,300.38761427188933,300.40013229075845,-3.2314676174727986e-06
196,434,contact,0.002068588984067158,-0.0001814110159328421,0.0001814110159328421,0.0003174647976397821,0.0003174647976397821,0.0,0.0003174647976397821,300.38761427188933,300.4389497742047,-1.6297214854275806e-05
196,500,contact,0.002203043768298987,-4.695623170101332e-05,4.695623170101332e-05,0.00016151407180011235,0.00016151407180011235,0.0,0.00016151407180011235,300.38761427188933,300.3409927387488,7.53003365108987e-06
197,206,contact,0.0019470085640797786,-5.299143592022142e-05,5.299143592022142e-05,0.0001627750532486803,0.0001627750532486803,0.0,0.0001627750532486803,300.44329028603414,300.4650143638105,-3.5361379168246554e-06
197,215,contact,0.001924591914796484,-7.540808520351602e-05,7.540808520351602e-05,0.00019417528833957738,0.00019417528833957738,0.0,0.00019417528833957738,300.44329028603414,300.3868316386585,1.096287413342369e-05
197,232,contact,0.001898441877593307,-0.00010155812240669315,0.00010155812240669315,0.00022534209816043379,0.00022534209816043379,0.0,0.00022534209816043379,300.44329028603414,300.50207837579615,-1.3247431493813874e-05
199,336,contact,0.001988277491681904,-1.1722508318095983e-05,1.1722508318095983e-05,7.655882809348633e-05,7.655882809348633e-05,0.0,7.655882809348633e-05,300.4600046247658,300.4748223225022,-1.1344255737393706e-06
199,339,contact,0.0019805625347855084,-1.9437465214491682e-05,1.9437465214491682e-05,9.858363255249748e-05,9.858363255249748e-05,0.0,9.858363255249748e-05,300.4600046247658,300.3568476402306,1.01695902586408e-05
199,447,contact,0.002089755739262606,-0.00016024426073739427,0.00016024426073739427,0.00029836988671538616,0.00029836988671538616,0.0,0.00029836988671538616,300.4600046247658,300.4813584313335,-6.371332846539275e-06
200,204,contact,0.001973177859798755,-2.682214020124484e-05,2.682214020124484e-05,0.00011580617470852934,0.00011580617470852934,0.0,0.00011580617470852934,300.22691225561647,300.13123360597035,1.1080178416794477e-05
200,207,contact,0.0019176576189716447,-8.234238102835536e-05,8.234238102835536e-05,0.00020290685181673307,0.00020290685181673307,0.0,0.00020290685181673307,300.22691225561647,300.2550218891325,-5.703637242455722e-06
200,212,contact,0.001973358122693394,-2.6641877306605825e-05,2.6641877306605825e-05,0.000115416370820187,0.000115416370820187,0.0,0.000115416370820187,300.22691225561647,300.1755041308037,5.933339196562376e-06
200,218,contact,0.0019809446894095747,-1.9055310590425367e-05,1.9055310590425367e-05,9.76097090212479e-05,9.76097090212479e-05,0.0,9.76097090212479e-05,300.22691225561647,300.13354420091775,9.113628651021509e-06
200,222,contact,0.0019875540636923564,-1.2445936307643648e-05,1.2445936307643648e-05,7.88857918374521e-05,7.88857918374521e-05,0.0,7.88857918374521e-05,300.22691225561647,300.28073463202253,-4.24582078136547e-06
200,227,contact,0.0019679935351519834,-3.200646484801664e-05,3.200646484801664e-05,0.00012650388303925031,0.00012650388303925031,0.0,0.00012650388303925031,300.22691225561647,300.2533656316077,-3.3464547823907076e-06
201,216,contact,0.0019161674139020319,-8.383258609796817e-05,8.383258609796817e-05,0.00020473468941286936,0.00020473468941286936,0.0,0.00020473468941286936,300.3036655929179,300.2547494344227,1.0014834516788971e-05
201,226,contact,0.00199339450932323,-6.605490676769854e-06,6.605490676769854e-06,5.746951660128112e-05,5.746951660128112e-05,0.0,5.746951660128112e-05,300.3036655929179,300.37766770312317,-4.252865500970013e-06
201,227,contact,0.0019897218528226496,-1.0278147177350452e-05,1.0278147177350452e-05,7.168733213528891e-05,7.168733213528891e-05,0.0,7.168733213528891e-05,300.3036655929179,300.2533656316077,3.605870032836631e-06
201,231,contact,0.001909819278177912,-9.018072182208803e-05,9.018072182208803e-05,0.0002123449102546233,0.0002123449102546233,0.0,0.0002123449102546233,300.3036655929179,300.39123238367347,-1.8594362324271645e-05
201,233,contact,0.0018834693775583397,-0.00011653062244166039,0.00011653062244166039,0.00024138208554246564,0.00024138208554246564,0.0,0.00024138208554246564,300.3036655929179,300.27120481225967,7.835450933626089e-06
202,210,contact,0.0018189564685280404,-0.00018104353147195963,0.00018104353147195963,0.00030086835283223097,0.00030086835283223097,0.0,0.00030086835283223097,300.15373409302043,300.064994818322,2.6698839410038064e-05
202,431,contact,0.0021654020126667005,-8.459798733329981e-05,8.459798733329981e-05,0.00021679225505500245,0.00021679225505500245,0.0,0.00021679225505500245,300.15373409302043,300.0789844761128,1.6205138013904485e-05
202,441,contact,0.0020549364969502733,-0.00019506350304972697,0.00019506350304972697,0.0003291938833049665,0.0003291938833049665,0.0,0.0003291938833049665,300.15373409302043,300.1977969107922,-1.4505210091644735e-05
203,449,contact,0.002211098425398562,-3.8901574601438085e-05,3.8901574601438085e-05,0.00014701015573656068,0.00014701015573656068,0.0,0.00014701015573656068,300.3573492068941,300.47279415262835,-1.697157945138725e-05
203,451,contact,0.002160607422693905,-8.939257730609506e-05,8.939257730609506e-05,0.00022285094334067914,0.00022285094334067914,0.0,0.00022285094334067914,300.3573492068941,300.35779624173523,-9.96221360457018e-08
203,465,contact,0.0021471322796930785,-0.00010286772030692172,0.00010286772030692172,0.0002390580128417481,0.0002390580128417481,0.0,0.0002390580128417481,300.3573492068941,300.28628394103544,1.6988721238249514e-05
203,482,contact,0.0021998814150085448,-5.011858499145549e-05,5.011858499145549e-05,0.00016686419127118432,0.00016686419127118432,0.0,0.00016686419127118432,300.3573492068941,300.33243984869944,4.156479910241339e-06
204,218,contact,0.0019051521484910326,-9.48478515089674e-05,9.48478515089674e-05,0.00021777035095366793,0.00021777035095366793,0.0,0.00021777035095366793,300.13123360597035,300.13354420091775,-5.031790726077086e-07
204,220,contact,0.0019745156013564443,-2.5484398643555763e-05,2.5484398643555763e-05,0.00011288135063764024,0.00011288135063764024,0.0,0.00011288135063764024,300.13123360597035,300.06656676442003,7.299680415670393e-06
205,363,contact,0.0019135433010256133,-8.645669897438678e-05,8.645669897438678e-05,0.00020791428399028622,0.00020791428399028622,0.0,0.00020791428399028622,300.2910746814825,300.24754811834174,9.04979420996591e-06
205,478,contact,0.0021463246838847472,-0.00010367531611525302,0.00010367531611525302,0.00023999457877586992,0.00023999457877586992,0.0,0.00023999457877586992,300.2910746814825,300.3322277012496,-9.876501644369048e-06
206,214,contact,0.001945792543275454,-5.4207456724546113e-05,5.4207456724546113e-05,0.000164632100036029,0.000164632100036029,0.0,0.000164632100036029,300.4650143638105,300.40013229075845,1.0681671941249537e-05
206,215,contact,0.0019733900776329042,-2.6609922367095817e-05,2.6609922367095817e-05,0.00011534713339978549,0.00011534713339978549,0.0,0.00011534713339978549,300.4650143638105,300.3868316386585,9.018153227663714e-06
206,487,contact,0.0021659703638092554,-8.402963619074484e-05,8.402963619074484e-05,0.00021606279461554797,0.00021606279461554797,0.0,0.00021606279461554797,300.4650143638105,300.56507963563394,-2.1620382274136716e-05
207,215,contact,0.0018783524550254151,-0.00012164754497458489,0.00012164754497458489,0.00024662476049110003,0.00024662476049110003,0.0,0.00024662476049110003,300.2550218891325,300.3868316386585,-3.250754790725193e-05
207,221,contact,0.0019210015747000303,-7.899842529996977e-05,7.899842529996977e-05,0.00019874408833971612,0.00019874408833971612,0.0,0.00019874408833971612,300.2550218891325,300.1509987280145,2.0673988322610997e-05
207,222,contact,0.0018664004614497936,-0.00013359953855020647,0.00013359953855020647,0.0002584565133153027,0.0002584565133153027,0.0,0.0002584565133153027,300.2550218891325,300.28073463202253,-6.645625875135246e-06
208,216,contact,0.0019672161625251053,-3.278383747489476e-05,3.278383747489476e-05,0.00012803092883146392,0.00012803092883146392,0.0,0.00012803092883146392,300.1973898581528,300.2547494344227,-7.343799827214858e-06
208,233,contact,0.0018833523940038417,-0.0001166476059961583,0.0001166476059961583,0.00024150321529553008,0.00024150321529553008,0.0,0.00024150321529553008,300.1973898581528,300.27120481225967,-1.782654875369992e-05
208,455,contact,0.002151026196539689,-9.897380346031133e-05,9.897380346031133e-05,0.0002344897574881249,0.0002344897574881249,0.0,0.0002344897574881249,300.1973898581528,300.17355507779087,5.58901186685348e-06
208,456,contact,0.0021489833554730014,-0.00010101664452699883,0.00010101664452699883,0.00023689735766900167,0.00023689735766900167,0.0,0.00023689735766900167,300.1973898581528,300.076541587664,2.8628635957667164e-05
208,461,contact,0.0021920117144075676,-5.798828559243265e-05,5.798828559243265e-05,0.00017948736506511576,0.00017948736506511576,0.0,0.00017948736506511576,300.1973898581528,300.26143493621464,-1.1495282306708955e-05
209,223,contact,0.0019853612583608043,-1.463874163919578e-05,1.463874163919578e-05,8.555332149950631e-05,8.555332149950631e-05,0.0,8.555332149950631e-05,300.3946540531007,300.39677123209975,-1.8113169557958512e-07
209,468,contact,0.0021722773689839886,-7.77226310160117e-05,7.77226310160117e-05,0.00020779614879333022,0.00020779614879333022,0.0,0.00020779614879333022,300.3946540531007,300.3185380626049,1.5816609686615622e-05
210,224,contact,0.0019822755636893677,-1.7724436310632367e-05,1.7724436310632367e-05,9.413935497610011e-05,9.413935497610011e-05,0.0,9.413935497610011e-05,300.064994818322,300.0887955964155,-2.2405898976475697e-06
210,431,contact,0.0021734187627562708,-7.658123724372948e-05,7.658123724372948e-05,0.00020626471293479147,0.00020626471293479147,0.0,0.00020626471293479147,300.064994818322,300.0789844761128,-2.8855727482698518e-06
211,434,contact,0.002214744856275773,-3.525514372422706e-05,3.525514372422706e-05,0.0001399506733027888,0.0001399506733027888,0.0,0.0001399506733027888,300.35698183556036,300.4389497742047,-1.1471468202513048e-05
212,217,contact,0.001906083557979556,-9.3916442020444e-05,9.3916442020444e-05,0.00021669845640941238,0.00021669845640941238,0.0,0.00021669845640941238,300.1755041308037,300.0657267169139,2.3788596138534153e-05
212,222,contact,0.001918724246498177,-8.127575350182301e-05,8.127575350182301e-05,0.000201588384464263,0.000201588384464263,0.0,0.000201588384464263,300.1755041308037,300.28073463202253,-2.1213246737070867e-05
212,454,contact,0.0021427594323805924,-0.00010724056761940784,0.00010724056761940784,0.00024408624115646756,0.00024408624115646756,0.0,0.00024408624115646756,300.1755041308037,300.2409717133079,-1.597973613105054e-05
213,299,contact,0.0019143396558604752,-8.566034413952481e-05,8.566034413952481e-05,0.0002069545169107512,0.0002069545169107512,0.0,0.0002069545169107512,300.433064840569,300.5383563093607,-2.179054505861668e-05
213,347,contact,0.0019425109271764731,-5.748907282352692e-05,5.748907282352692e-05,0.00016954213756987805,0.00016954213756987805,0.0,0.00016954213756987805,300.433064840569,300.4537965174894,-3.514892820498484e-06
213,443,contact,0.0022366139306997084,-1.3386069300291847e-05,1.3386069300291847e-05,8.623633321766878e-05,8.623633321766878e-05,0.0,8.623633321766878e-05,300.433064840569,300.48108559318604,-4.1411336240470654e-06
213,463,contact,0.002111233539758214,-0.00013876646024178632,0.00013876646024178632,0.00027765532213898495,0.00027765532213898495,0.0,0.00027765532213898495,300.433064840569,300.34336624171397,2.4905293360506924e-05
214,493,contact,0.0021099613279773636,-0.00014003867202263664,0.00014003867202263664,0.00027892519110829365,0.00027892519110829365,0.0,0.00027892519110829365,300.40013229075845,300.3393376896336,1.6957145737094556e-05
216,226,contact,0.0018768856041059079,-0.00012311439589409215,0.00012311439589409215,0.000248107230743173,0.000248107230743173,0.0,0.000248107230743173,300.2547494344227,300.37766770312317,-3.0496911255016253e-05
216,451,contact,0.0022280680002414645,-2.1931999758535714e-05,2.1931999758535714e-05,0.0001103831704124212,0.0001103831704124212,0.0,0.0001103831704124212,300.2547494344227,300.35779624173523,-1.1374633292034209e-05
216,455,contact,0.0021822023361961654,-6.77976638038349e-05,6.77976638038349e-05,0.00019407567797101284,0.00019407567797101284,0.0,0.00019407567797101284,300.2547494344227,300.17355507779087,1.5757849810744647e-05
217,221,contact,0.0019114868677550482,-8.851313224495188e-05,8.851313224495188e-05,0.00021037244620547612,0.00021037244620547612,0.0,0.00021037244620547612,300.0657267169139,300.1509987280145,-1.793888156809061e-05
217,484,contact,0.0021234224762312383,-0.00012657752376876198,0.00012657752376876198,0.00026518078086128547,0.00026518078086128547,0.0,0.00026518078086128547,300.0657267169139,300.0829609141362,-4.5701778769290356e-06
218,220,contact,0.0019344151759381966,-6.558482406180343e-05,6.558482406180343e-05,0.00018108675277584972,0.00018108675277584972,0.0,0.00018108675277584972,300.13354420091775,300.06656676442003,1.2128726484623323e-05
218,228,contact,0.0019798545518295027,-2.01454481704973e-05,2.01454481704973e-05,0.00010036296172019163,0.00010036296172019163,0.0,0.00010036296172019163,300.13354420091775,300.06634409875653,6.744401280799809e-06
220,456,contact,0.002204494836124593,-4.5505163875407106e-05,4.5505163875407106e-05,0.0001589988886673375,0.0001589988886673375,0.0,0.0001589988886673375,300.06656676442003,300.076541587664,-1.585985810443585e-06
221,308,contact,0.0019877679243122367,-1.223207568776339e-05,1.223207568776339e-05,7.820510113721288e-05,7.820510113721288e-05,0.0,7.820510113721288e-05,300.1509987280145,300.17020145522685,-1.5017512237528928e-06
221,484,contact,0.0021966578720237708,-5.33421279762295e-05,5.33421279762295e-05,0.00017214678487369355,0.00017214678487369355,0.0,0.00017214678487369355,300.1509987280145,300.0829609141362,1.1712490908980173e-05
222,432,contact,0.002131526546551745,-0.00011847345344825509,0.00011847345344825509,0.0002565513306319626,0.0002565513306319626,0.0,0.0002565513306319626,300.28073463202253,300.3130787889928,-8.297936508894981e-06
223,229,contact,0.001937860224216392,-6.213977578360804e-05,6.213977578360804e-05,0.00017626652515949823,0.00017626652515949823,0.0,0.00017626652515949823,300.39677123209975,300.50060445274175,-1.830232099868523e-05
223,459,contact,0.0021588494120768137,-9.115058792318661e-05,9.115058792318661e-05,0.00022503158781131473,0.00022503158781131473,0.0,0.00022503158781131473,300.39677123209975,300.41766578239253,-4.70193382898775e-06
223,468,contact,0.002150656474335219,-9.934352566478124e-05,9.934352566478124e-05,0.000234927324063305,0.000234927324063305,0.0,0.000234927324063305,300.39677123209975,300.3185380626049,1.8379109162419675e-05
223,478,contact,0.0022189674801332618,-3.103251986673848e-05,3.103251986673848e-05,0.00013130228031094782,0.00013130228031094782,0.0,0.00013130228031094782,300.39677123209975,300.3322277012496,8.474712779942147e-06
226,231,contact,0.0018641028915003597,-0.00013589710849964032,0.00013589710849964032,0.00026066943482084767,0.00026066943482084767,0.0,0.00026066943482084767,300.37766770312317,300.39123238367347,-3.5358976125728045e-06
226,442,contact,0.0021631111328131052,-8.688886718689502e-05,8.688886718689502e-05,0.00021970797182079748,0.00021970797182079748,0.0,0.00021970797182079748,300.37766770312317,300.39365940630375,-3.5135046717673958e-06
226,451,contact,0.0021151361466818165,-0.00013486385331818373,0.00013486385331818373,0.0002737231501984195,0.0002737231501984195,0.0,0.0002737231501984195,300.37766770312317,300.35779624173523,5.439279010152113e-06
227,468,contact,0.002225367746171406,-2.463225382859412e-05,2.463225382859412e-05,0.00011698113292463049,0.00011698113292463049,0.0,0.00011698113292463049,300.2533656316077,300.3185380626049,-7.623944813500728e-06
228,433,contact,0.0021805842911706026,-6.941570882939771e-05,6.941570882939771e-05,0.0001963779078282451,0.0001963779078282451,0.0,0.0001963779078282451,300.06634409875653,300.0783921923408,-2.3659794113977043e-06
228,495,contact,0.0021852883107119168,-6.471168928808349e-05,6.471168928808349e-05,0.00018960732710889553,0.00018960732710889553,0.0,0.00018960732710889553,300.06634409875653,300.17660251964764,-2.090580447641172e-05
229,305,contact,0.001843760582450986,-0.0001562394175490141,0.0001562394175490141,0.0002794990317952945,0.0002794990317952945,0.0,0.0002794990317952945,300.50060445274175,300.4853745733675,4.256736539464861e-06
229,404,contact,0.0021298839607133526,-0.00012011603928664769,0.00012011603928664769,0.00025832369797799525,0.00025832369797799525,0.0,0.00025832369797799525,300.50060445274175,300.5614162149996,-1.5709119307008075e-05
229,488,contact,0.0021480349128795402,-0.00010196508712046002,0.00010196508712046002,0.00023800687095644485,0.00023800687095644485,0.0,0.00023800687095644485,300.50060445274175,300.46606729487155,8.220080876416074e-06
230,456,contact,0.0021825005124856225,-6.749948751437777e-05,6.749948751437777e-05,0.00019364843217998287,0.00019364843217998287,0.0,0.00019364843217998287,300.0510609925317,300.076541587664,-4.934277298384314e-06
232,473,contact,0.0021286080760205715,-0.00012139192397942877,0.00012139192397942877,0.0002596920440952116,0.0002596920440952116,0.0,0.0002596920440952116,300.50207837579615,300.45923857582113,1.112515522414117e-05
233,461,contact,0.0021950239834908412,-5.497601650915904e-05,5.497601650915904e-05,0.00017476335827048314,0.00017476335827048314,0.0,0.00017476335827048314,300.27120481225967,300.26143493621464,1.7074163475152826e-06
234,243,contact,0.0019660254749865273,-3.3974525013472784e-05,3.3974525013472784e-05,0.0001303351928940775,0.0001303351928940775,0.0,0.0001303351928940775,300.55963395465176,300.6069774576407,-6.17052459434633e-06
234,255,contact,0.0019062242272104295,-9.377577278957055e-05,9.377577278957055e-05,0.00021653610875506485,0.00021653610875506485,0.0,0.00021653610875506485,300.55963395465176,300.6656922011214,-2.2965439991916105e-05
234,297,contact,0.0019318565895360168,-6.814341046398322e-05,6.814341046398322e-05,0.0001845852248474715,0.0001845852248474715,0.0,0.0001845852248474715,300.55963395465176,300.52042179346927,7.2379855886253015e-06
234,305,contact,0.0019441210876784394,-5.587891232156062e-05,5.587891232156062e-05,0.00016715099808490617,0.00016715099808490617,0.0,0.00016715099808490617,300.55963395465176,300.4853745733675,1.241252969883237e-05
235,241,contact,0.0019450127367706361,-5.498726322936392e-05,5.498726322936392e-05,0.00016581203700178693,0.00016581203700178693,0.0,0.00016581203700178693,300.85434678621306,300.7776027408648,1.272508648695544e-05
235,258,contact,0.001971361114813824,-2.8638885186176195e-05,2.8638885186176195e-05,0.00011966387338327344,0.00011966387338327344,0.0,0.00011966387338327344,300.85434678621306,300.77672449247694,9.28858432935744e-06
235,275,contact,0.0019791756173743154,-2.0824382625684625e-05,2.0824382625684625e-05,0.00010204014559398822,0.00010204014559398822,0.0,0.00010204014559398822,300.85434678621306,300.89281610319506,-3.92541470574482e-06
235,283,contact,0.001911529004195594,-8.847099580440595e-05,8.847099580440595e-05,0.00021032236662372117,0.00021032236662372117,0.0,0.00021032236662372117,300.85434678621306,300.9295774065525,-1.5822682112358627e-05
235,392,contact,0.001955996071421908,-4.400392857809195e-05,4.400392857809195e-05,0.0001483305912111388,0.0001483305912111388,0.0,0.0001483305912111388,300.85434678621306,300.9171223670667,-9.311539021647166e-06
236,289,contact,0.001892197557893995,-0.00010780244210600496,0.00010780244210600496,0.00023216636503378883,0.00023216636503378883,0.0,0.00023216636503378883,300.6688840033266,300.676863727085,-1.8526234589638767e-06
236,333,contact,0.001884032312939457,-0.00011596768706054303,0.00011596768706054303,0.00024079834619505076,0.00024079834619505076,0.0,0.00024079834619505076,300.6688840033266,300.5780548245816,2.1871516028043055e-05
236,381,contact,0.0018650352570393942,-0.0001349647429606058,0.0001349647429606058,0.0002597736928180044,0.0002597736928180044,0.0,0.0002597736928180044,300.6688840033266,300.65039955686075,4.801772918126415e-06
236,414,contact,0.0021865674606560844,-6.343253934391587e-05,6.343253934391587e-05,0.00018772399856041,0.00018772399856041,0.0,0.00018772399856041,300.6688840033266,300.80110292939645,-2.482066548719883e-05
237,254,contact,0.0019657728368506875,-3.422716314931259e-05,3.422716314931259e-05,0.0001308188884475644,0.0001308188884475644,0.0,0.0001308188884475644,300.8178613805888,300.8985198123604,-1.055164638828575e-05
237,257,contact,0.0019042155353845844,-9.57844646154156e-05,9.57844646154156e-05,0.00021884293981691027,0.00021884293981691027,0.0,0.00021884293981691027,300.8178613805888,300.93900818474424,-2.6512122770800843e-05
237,273,contact,0.0019351929399933226,-6.480706000667742e-05,6.480706000667742e-05,0.00018000980529776347,0.00018000980529776347,0.0,0.00018000980529776347,300.8178613805888,300.69813053179024,2.1552726780363623e-05
237,277,contact,0.0019305263668751072,-6.947363312489281e-05,6.947363312489281e-05,0.00018637815473506117,0.00018637815473506117,0.0,0.00018637815473506117,300.8178613805888,300.8592574102904,-7.715315629144984e-06
237,290,contact,0.0019161658695165196,-8.383413048348044e-05,8.383413048348044e-05,0.00020473657524179751,0.00020473657524179751,0.0,0.00020473657524179751,300.8178613805888,300.74607812129176,1.4696658668168935e-05
238,244,contact,0.0019440706172359074,-5.592938276409269e-05,5.592938276409269e-05,0.00016722646734906036,0.00016722646734906036,0.0,0.00016722646734906036,300.6729932619793,300.6722028051404,1.3218530476105948e-07
238,256,contact,0.0019600804482724677,-3.991955172753239e-05,3.991955172753239e-05,0.00014127907086248194,0.00014127907086248194,0.0,0.00014127907086248194,300.6729932619793,300.67542381355304,-3.433860680230798e-07
238,259,contact,0.0019079978286413218,-9.200217135867821e-05,9.200217135867821e-05,0.00021447863688334816,0.00021447863688334816,0.0,0.00021447863688334816,300.6729932619793,300.56395369211043,2.3386658311818692e-05
238,261,contact,0.0019092051717927016,-9.079482820729848e-05,9.079482820729848e-05,0.00021306668933376057,0.00021306668933376057,0.0,0.00021306668933376057,300.6729932619793,300.63137140610047,8.868231036026235e-06
238,264,contact,0.0019464611001764206,-5.353889982357947e-05,5.353889982357947e-05,0.00016361372164885724,0.00016361372164885724,0.0,0.00016361372164885724,300.6729932619793,300.7489551999153,-1.2428415369373185e-05
238,282,contact,0.0019058824998934218,-9.411750010657823e-05,9.411750010657823e-05,0.00021693028846449524,0.00021693028846449524,0.0,0.00021693028846449524,300.6729932619793,300.763415274295,-1.9615273215193953e-05
239,240,contact,0.0019235906404492617,-7.64093595507383e-05,7.64093595507383e-05,0.0001954601743971624,0.0001954601743971624,0.0,0.0001954601743971624,300.9526646047305,300.9363548962418,3.187898465563723e-06
239,262,contact,0.0019342680348379843,-6.573196516201571e-05,6.573196516201571e-05,0.0001812897751695,0.0001812897751695,0.0,0.0001812897751695,300.9526646047305,300.9594968175883,-1.2386103328958988e-06
239,270,contact,0.0019174909696394915,-8.250903036050852e-05,8.250903036050852e-05,0.00020311207541713088,0.00020311207541713088,0.0,0.00020311207541713088,300.9526646047305,300.9348267062818,3.623092574996285e-06
239,283,contact,0.0019512377626819358,-4.8762237318064226e-05,4.8762237318064226e-05,0.00015614454412188764,0.00015614454412188764,0.0,0.00015614454412188764,300.9526646047305,300.9295774065525,3.6049400345583423e-06
239,408,contact,0.00219174680082463,-5.825319917537007e-05,5.825319917537007e-05,0.00017989688277110627,0.00017989688277110627,0.0,0.00017989688277110627,300.9526646047305,300.8762926677671,1.3739073390911751e-05
240,271,contact,0.0018949591470448649,-0.00010504085295513516,0.00010504085295513516,0.00022917335464134477,0.00022917335464134477,0.0,0.00022917335464134477,300.9363548962418,300.8412532399515,2.179476560399538e-05
240,275,contact,0.0018896847205229763,-0.00011031527947702371,0.00011031527947702371,0.0002348566365647602,0.0002348566365647602,0.0,0.0002348566365647602,300.9363548962418,300.89281610319506,1.0225374495052186e-05
240,403,contact,0.0022052207209279527,-4.477927907204759e-05,4.477927907204759e-05,0.00015772563920380433,0.00015772563920380433,0.0,0.00015772563920380433,300.9363548962418,300.91785973204406,2.9171615952708705e-06
241,244,contact,0.001986571020250723,-1.3428979749277158e-05,1.3428979749277158e-05,8.194199091209938e-05,8.194199091209938e-05,0.0,8.194199091209938e-05,300.7776027408648,300.6722028051404,8.636680575264024e-06
241,255,contact,0.0019506270660927462,-4.937293390725383e-05,4.937293390725383e-05,0.00015711927620004783,0.00015711927620004783,0.0,0.00015711927620004783,300.7776027408648,300.6656922011214,1.7583303003640554e-05
241,258,contact,0.0019626301243993987,-3.736987560060134e-05,3.736987560060134e-05,0.0001366928593610532,0.0001366928593610532,0.0,0.0001366928593610532,300.7776027408648,300.77672449247694,1.2005028336238787e-07
241,260,contact,0.0019436554012993144,-5.6344598700685655e-05,5.6344598700685655e-05,0.000167846058489149,0.000167846058489149,0.0,0.000167846058489149,300.7776027408648,300.7787711950907,-1.9612043634786823e-07
241,284,contact,0.0019477626113312684,-5.223738866873165e-05,5.223738866873165e-05,0.00016161279136988452,0.00016161279136988452,0.0,0.00016161279136988452,300.7776027408648,300.86063346402244,-1.3418826938969961e-05
242,244,contact,0.001915375674404371,-8.462432559562896e-05,8.462432559562896e-05,0.00020569920466014077,0.00020569920466014077,0.0,0.00020569920466014077,300.6139178077696,300.6722028051404,-1.198917760278715e-05
242,248,contact,0.0018850920211491006,-0.00011490797885089945,0.00011490797885089945,0.00023969561828587882,0.00023969561828587882,0.0,0.00023969561828587882,300.6139178077696,300.65727929790614,-1.0393559188073342e-05
242,289,contact,0.0019644331340363816,-3.556686596361842e-05,3.556686596361842e-05,0.00013335453866220381,0.00013335453866220381,0.0,0.00013335453866220381,300.6139178077696,300.676863727085,-8.394124030971081e-06
242,293,contact,0.0019086148494654438,-9.138515053455621e-05,9.138515053455621e-05,0.00021375821684154766,0.00021375821684154766,0.0,0.00021375821684154766,300.6139178077696,300.55453975241085,1.269254723300799e-05
242,319,contact,0.0019144492384234166,-8.555076157658347e-05,8.555076157658347e-05,0.00020682209937115457,0.00020682209937115457,0.0,0.00020682209937115457,300.6139178077696,300.56823272056454,9.448685645707314e-06
242,333,contact,0.0018840355116079945,-0.00011596448839200552,0.00011596448839200552,0.00024079502527253914,0.00024079502527253914,0.0,0.00024079502527253914,300.6139178077696,300.5780548245816,8.635627943102296e-06
243,255,contact,0.0019040078007602804,-9.59921992397196e-05,9.59921992397196e-05,0.0002190801214621258,0.0002190801214621258,0.0,0.0002190801214621258,300.6069774576407,300.6656922011214,-1.2863233133361397e-05
244,258,contact,0.0018958897789956037,-0.00010411022100439635,0.00010411022100439635,0.0002281558907900433,0.0002281558907900433,0.0,0.0002281558907900433,300.6722028051404,300.77672449247694,-2.3847238681150674e-05
244,265,contact,0.001943841040028736,-5.61589599712641e-05,5.61589599712641e-05,0.00016756932889294525,0.00016756932889294525,0.0,0.00016756932889294525,300.6722028051404,300.67208497636625,1.974448860638145e-08
244,319,contact,0.001921431143132639,-7.856885686736113e-05,7.856885686736113e-05,0.0001982029980441279,0.0001982029980441279,0.0,0.0001982029980441279,300.6722028051404,300.56823272056454,2.060718246983479e-05
245,248,contact,0.0018884101466577652,-0.00011158985334223481,0.00011158985334223481,0.00023620949741938278,0.00023620949741938278,0.0,0.00023620949741938278,300.70393948756583,300.65727929790614,1.1021579949008427e-05
245,261,contact,0.001917200450370279,-8.279954962972101e-05,8.279954962972101e-05,0.00020346934613071452,0.00020346934613071452,0.0,0.00020346934613071452,300.70393948756583,300.63137140610047,1.4765380085717806e-05
245,269,contact,0.0018543079625563817,-0.0001456920374436183,0.0001456920374436183,0.0002699000161574822,0.0002699000161574822,0.0,0.0002699000161574822,300.70393948756583,300.8511497741896,-3.9732058738300565e-05
245,276,contact,0.0019725040343178007,-2.7495965682199346e-05,2.7495965682199346e-05,0.00011725179248565743,0.00011725179248565743,0.0,0.00011725179248565743,300.70393948756583,300.79164677723634,-1.0283836927925432e-05
245,279,contact,0.0018782034063434126,-0.0001217965936565874,0.0001217965936565874,0.00024677580276091435,0.00024677580276091435,0.0,0.00024677580276091435,300.70393948756583,300.7196453833456,-3.875835039133093e-06
245,281,contact,0.0018855553404501285,-0.00011444465954987154,0.00011444465954987154,0.00023921189304659533,0.00023921189304659533,0.0,0.00023921189304659533,300.70393948756583,300.59506805787544,2.60433407949289e-05
245,369,contact,0.0018935138883039652,-0.00010648611169603484,0.00010648611169603484,0.00023074456840414993,0.00023074456840414993,0.0,0.00023074456840414993,300.70393948756583,300.69500567001194,2.0614298756750475e-06
246,253,contact,0.0019883016206252513,-1.169837937474872e-05,1.169837937474872e-05,7.647999534109792e-05,7.647999534109792e-05,0.0,7.647999534109792e-05,300.7661484303155,300.769706414844,-2.7211464016109287e-07
246,286,contact,0.0019874807600578173,-1.2519239942182774e-05,1.2519239942182774e-05,7.911776014961108e-05,7.911776014961108e-05,0.0,7.911776014961108e-05,300.7661484303155,300.715252695411,4.026756546815832e-06
247,256,contact,0.001956139809343903,-4.386019065609698e-05,4.386019065609698e-05,0.00014808813365036543,0.00014808813365036543,0.0,0.00014808813365036543,300.76109547341196,300.67542381355304,1.2686956215235997e-05
247,264,contact,0.0019187336606470422,-8.126633935295782e-05,8.126633935295782e-05,0.00020157670916174546,0.00020157670916174546,0.0,0.00020157670916174546,300.76109547341196,300.7489551999153,2.4471963797764354e-06
247,271,contact,0.0019737001725946128,-2.6299827405387288e-05,2.6299827405387288e-05,0.00011467307313704314,0.00011467307313704314,0.0,0.00011467307313704314,300.76109547341196,300.8412532399515,-9.191937424894276e-06
247,272,contact,0.00194244021707233,-5.755978292766996e-05,5.755978292766996e-05,0.00016964637179684976,0.00016964637179684976,0.0,0.00016964637179684976,300.76109547341196,300.7961225424096,-5.942215170126786e-06
248,261,contact,0.0019639160548506136,-3.6083945149386395e-05,3.6083945149386395e-05,0.00013432041011958383,0.00013432041011958383,0.0,0.00013432041011958383,300.65727929790614,300.63137140610047,3.479958652671801e-06
248,282,contact,0.0018831901987053778,-0.00011680980129462229,0.00011680980129462229,0.00024167105877061728,0.00024167105877061728,0.0,0.00024167105877061728,300.65727929790614,300.763415274295,-2.5649993787554955e-05
248,313,contact,0.0019647385739838268,-3.5261426016173266e-05,3.5261426016173266e-05,0.00013278069516344096,0.00013278069516344096,0.0,0.00013278069516344096,300.65727929790614,300.54123496555275,1.5408447119661413e-05
248,391,contact,0.0018500131003319953,-0.00014998689966800476,0.00014998689966800476,0.0002738493195792211,0.0002738493195792211,0.0,0.0002738493195792211,300.65727929790614,300.63029508342095,7.389608776150793e-06
249,263,contact,0.0018476109209690232,-0.0001523890790309768,0.0001523890790309768,0.000276033584035509,0.000276033584035509,0.0,0.000276033584035509,300.60559968315647,300.6025607860576,8.388376577137319e-07
249,280,contact,0.0018380370266673088,-0.00016196297333269122,0.00016196297333269122,0.0002845724629445822,0.0002845724629445822,0.0,0.0002845724629445822,300.60559968315647,300.5850627137635,5.8442559615813584e-06
249,315,contact,0.0018535440674826151,-0.0001464559325173849,0.0001464559325173849,0.0002706066633671323,0.0002706066633671323,0.0,0.0002706066633671323,300.60559968315647,300.51035080389767,2.577498140568386e-05
249,378,contact,0.001828871013026615,-0.00017112898697338496,0.00017112898697338496,0.00029251409109082673,0.00029251409109082673,0.0,0.00029251409109082673,300.60559968315647,300.7005934206843,-2.778700679227363e-05
249,399,contact,0.0019804347154400077,-1.9565284559992357e-05,1.9565284559992357e-05,9.89072407864873e-05,9.89072407864873e-05,0.0,9.89072407864873e-05,300.60559968315647,300.6528264402233,-4.671068232773269e-06
250,264,contact,0.0019205724504949041,-7.942754950509591e-05,7.942754950509591e-05,0.00019928315220446498,0.00019928315220446498,0.0,0.00019928315220446498,300.68437611473837,300.7489551999153,-1.2869523660542193e-05
250,274,contact,0.0019513557743527957,-4.8644225647204295e-05,4.8644225647204295e-05,0.00015595548346756567,0.00015595548346756567,0.0,0.00015595548346756567,300.68437611473837,300.7158852751755,-4.91402634962666e-06
250,280,contact,0.001913232280513791,-8.676771948620907e-05,8.676771948620907e-05,0.00020828792510153951,0.00020828792510153951,0.0,0.00020828792510153951,300.68437611473837,300.5850627137635,2.068578222383764e-05
250,378,contact,0.001935947380934978,-6.405261906502211e-05,6.405261906502211e-05,0.00017895896047002245,0.00017895896047002245,0.0,0.00017895896047002245,300.68437611473837,300.7005934206843,-2.902232213707801e-06
251,266,contact,0.001972617437640659,-2.7382562359341226e-05,2.7382562359341226e-05,0.00011700974822496891,0.00011700974822496891,0.0,0.00011700974822496891,300.5892010870008,300.5465158549191,4.994588258801816e-06
251,288,contact,0.0019782912636272755,-2.1708736372724573e-05,2.1708736372724573e-05,0.00010418429913553331,0.00010418429913553331,0.0,0.00010418429913553331,300.5892010870008,300.55491451403736,3.572122573953663e-06
251,368,contact,0.0019429795627656503,-5.702043723434971e-05,5.702043723434971e-05,0.00016884969238104895,0.00016884969238104895,0.0,0.00016884969238104895,300.5892010870008,300.6635244497144,-1.2549476930913964e-05
251,409,contact,0.002231720771492034,-1.8279228507966407e-05,1.8279228507966407e-05,0.00010077264980573957,0.00010077264980573957,0.0,0.00010077264980573957,300.5892010870008,300.70838417026954,-1.2010395113010193e-05
251,422,contact,0.0022255589832463627,-2.4441016753637586e-05,2.4441016753637586e-05,0.00011652614573952822,0.00011652614573952822,0.0,0.00011652614573952822,300.5892010870008,300.6435729820896,-6.335747371254244e-06
251,445,contact,0.00222781142666619,-2.2188573333810357e-05,2.2188573333810357e-05,0.00011102695702148284,0.00011102695702148284,0.0,0.00011102695702148284,300.5892010870008,300.5525322586745,4.0712284266121106e-06
251,447,contact,0.0021984079783113155,-5.1592021688684746e-05,5.1592021688684746e-05,0.00016929924474578002,0.00016929924474578002,0.0,0.00016929924474578002,300.5892010870008,300.4813584313335,1.8257680155852766e-05
253,260,contact,0.00197912502538319,-2.0874974616810153e-05,2.0874974616810153e-05,0.00010216402159471345,0.00010216402159471345,0.0,0.00010216402159471345,300.769706414844,300.7787711950907,-9.260944048769703e-07
253,284,contact,0.0019385591315425948,-6.144086845740523e-05,6.144086845740523e-05,0.0001752724571308984,0.0001752724571308984,0.0,0.0001752724571308984,300.769706414844,300.86063346402244,-1.5937007329168417e-05
253,289,contact,0.001990219718482143,-9.780281517857235e-06,9.780281517857235e-06,6.992954138937719e-05,6.992954138937719e-05,0.0,6.992954138937719e-05,300.769706414844,300.676863727085,6.492446576344205e-06
253,414,contact,0.002207776810907055,-4.222318909294538e-05,4.222318909294538e-05,0.00015315785083977427,0.00015315785083977427,0.0,0.00015315785083977427,300.769706414844,300.80110292939645,-4.808622692713682e-06
254,262,contact,0.001978369947689512,-2.1630052310487886e-05,2.1630052310487886e-05,0.00010399531794866509,0.00010399531794866509,0.0,0.00010399531794866509,300.8985198123604,300.9594968175883,-6.341323046229659e-06
254,267,contact,0.0019520434711412045,-4.7956528858795556e-05,4.7956528858795556e-05,0.00015484916670553244,0.00015484916670553244,0.0,0.00015484916670553244,300.8985198123604,300.9428449572417,-6.8637117489666966e-06
255,265,contact,0.001862457066729217,-0.00013754293327078297,0.00013754293327078297,0.00026224314411513503,0.00026224314411513503,0.0,0.00026224314411513503,300.6656922011214,300.67208497636625,-1.6764614798377493e-06
255,286,contact,0.001933386950218709,-6.661304978129094e-05,6.661304978129094e-05,0.00018250075312350214,0.00018250075312350214,0.0,0.00018250075312350214,300.6656922011214,300.715252695411,-9.044827533026479e-06
255,289,contact,0.001872966281214005,-0.00012703371878599505,0.00012703371878599505,0.0002520255133771133,0.0002520255133771133,0.0,0.0002520255133771133,300.6656922011214,300.676863727085,-2.8155095661866972e-06
256,259,contact,0.0019332185566045032,-6.678144339549688e-05,6.678144339549688e-05,0.00018273128275626054,0.00018273128275626054,0.0,0.00018273128275626054,300.67542381355304,300.56395369211043,2.036907828020385e-05
256,263,contact,0.0019391822745693605,-6.0817725430639506e-05,6.0817725430639506e-05,0.00017438137146874306,0.00017438137146874306,0.0,0.00017438137146874306,300.67542381355304,300.6025607860576,1.270595466401779e-05
256,272,contact,0.001928353082814452,-7.164691718554808e-05,7.164691718554808e-05,0.00018927086039000838,0.00018927086039000838,0.0,0.00018927086039000838,300.67542381355304,300.7961225424096,-2.284475225866009e-05
256,368,contact,0.0019369187221019379,-6.308127789806219e-05,6.308127789806219e-05,0.000177596843859994,0.000177596843859994,0.0,0.000177596843859994,300.67542381355304,300.6635244497144,2.11328946168874e-06
257,277,contact,0.0019205898425223432,-7.941015747765681e-05,7.941015747765681e-05,0.0001992613327738937,0.0001992613327738937,0.0,0.0001992613327738937,300.93900818474424,300.8592574102904,1.589124560741995e-05
258,265,contact,0.0019132727343481382,-8.672726565186182e-05,8.672726565186182e-05,0.00020823936425645108,0.00020823936425645108,0.0,0.00020823936425645108,300.77672449247694,300.67208497636625,2.1790066310993656e-05
258,271,contact,0.00195827451865156,-4.172548134844011e-05,4.172548134844011e-05,0.0001444394013911026,0.0001444394013911026,0.0,0.0001444394013911026,300.77672449247694,300.8412532399515,-9.320493657746365e-06
258,272,contact,0.0018645435674716749,-0.00013545643252832517,0.00013545643252832517,0.0002602464529329124,0.0002602464529329124,0.0,0.0002602464529329124,300.77672449247694,300.7961225424096,-5.048273688786943e-06
258,275,contact,0.0019695093273475505,-3.049067265244957e-05,3.049067265244957e-05,0.0001234720062452408,0.0001234720062452408,0.0,0.0001234720062452408,300.77672449247694,300.89281610319506,-1.4334064083607175e-05
259,280,contact,0.0018973479269232614,-0.00010265207307673862,0.00010265207307673862,0.00022655250282962956,0.00022655250282962956,0.0,0.00022655250282962956,300.56395369211043,300.5850627137635,-4.782301687782531e-06
259,288,contact,0.0018947713022156528,-0.00010522869778434719,0.00010522869778434719,0.00022937817876200344,0.00022937817876200344,0.0,0.00022937817876200344,300.56395369211043,300.55491451403736,2.073390203905539e-06
259,293,contact,0.0018931355532026757,-0.00010686444679732432,0.00010686444679732432,0.0002311541117926786,0.0002311541117926786,0.0,0.0002311541117926786,300.56395369211043,300.55453975241085,2.1760708697272357e-06
259,319,contact,0.0019573172421710294,-4.2682757828970633e-05,4.2682757828970633e-05,0.00014608688823602656,0.00014608688823602656,0.0,0.00014608688823602656,300.56395369211043,300.56823272056454,-6.251099515339057e-07
259,320,contact,0.0019762254475135174,-2.3774552486482622e-05,2.3774552486482622e-05,0.0001090287863054584,0.0001090287863054584,0.0,0.0001090287863054584,300.56395369211043,300.4794046537968,9.2182790306298e-06
259,335,contact,0.001954675069186692,-4.5324930813308174e-05,4.5324930813308174e-05,0.00015054057727620845,0.00015054057727620845,0.0,0.00015054057727620845,300.56395369211043,300.44942031172843,1.7241921200101765e-05
259,498,contact,0.0021559141321956677,-9.408586780433256e-05,9.408586780433256e-05,0.0002286261720756452,0.0002286261720756452,0.0,0.0002286261720756452,300.56395369211043,300.4832390181985,1.845348692681794e-05
260,282,contact,0.0019378591402111761,-6.214085978882393e-05,6.214085978882393e-05,0.00017626806260469298,0.00017626806260469298,0.0,0.00017626806260469298,300.7787711950907,300.763415274295,2.7067584081664394e-06
260,289,contact,0.0019130972789955043,-8.690272100449572e-05,8.690272100449572e-05,0.00020844989926178392,0.00020844989926178392,0.0,0.00020844989926178392,300.7787711950907,300.676863727085,2.1242601439815832e-05
260,408,contact,0.002174274729605253,-7.57252703947474e-05,7.57252703947474e-05,0.00020510873863331265,0.00020510873863331265,0.0,0.00020510873863331265,300.7787711950907,300.8762926677671,-2.0002506250311768e-05
260,414,contact,0.002157256408403971,-9.274359159602927e-05,9.274359159602927e-05,0.0002269894657321119,0.0002269894657321119,0.0,0.0002269894657321119,300.7787711950907,300.80110292939645,-5.069068438930813e-06
261,280,contact,0.001915444532243103,-8.455546775689706e-05,8.455546775689706e-05,0.00020561550009288827,0.00020561550009288827,0.0,0.00020561550009288827,300.63137140610047,300.5850627137635,9.521784933518491e-06
261,281,contact,0.0019153469474223206,-8.465305257767948e-05,8.465305257767948e-05,0.00020573411552010458,0.00020573411552010458,0.0,0.00020573411552010458,300.63137140610047,300.59506805787544,7.468837237495524e-06
261,293,contact,0.0019652812874751536,-3.4718712524846405e-05,3.4718712524846405e-05,0.00013175490982283433,0.00013175490982283433,0.0,0.00013175490982283433,300.63137140610047,300.55453975241085,1.0122947603415598e-05
262,267,contact,0.0019410088862279842,-5.899111377201589e-05,5.899111377201589e-05,0.00017174270548121672,0.00017174270548121672,0.0,0.00017174270548121672,300.9594968175883,300.9428449572417,2.859835547220273e-06
263,430,contact,0.0020025569636670476,-0.0002474430363329527,0.0002474430363329527,0.00037076724979197805,0.00037076724979197805,0.0,0.00037076724979197805,300.6025607860576,300.71374958271355,-4.12251643438016e-05
263,445,contact,0.0020851907427878818,-0.0001648092572121185,0.0001648092572121185,0.0003025899840562753,0.0003025899840562753,0.0,0.0003025899840562753,300.6025607860576,300.5525322586745,1.5138131303217087e-05
263,498,contact,0.0020514264967385495,-0.0001985735032614508,0.0001985735032614508,0.00033214245877789887,0.00033214245877789887,0.0,0.00033214245877789887,300.6025607860576,300.4832390181985,3.963182536244894e-05
264,277,contact,0.0018907341250424393,-0.00010926587495756071,0.00010926587495756071,0.00023373689798313906,0.00023373689798313906,0.0,0.00023373689798313906,300.7489551999153,300.8592574102904,-2.5781696493758534e-05
264,279,contact,0.0019367663340733687,-6.323366592663133e-05,6.323366592663133e-05,0.0001778112284511742,0.0001778112284511742,0.0,0.0001778112284511742,300.7489551999153,300.7196453833456,5.21161448993826e-06
264,282,contact,0.0019502480303028125,-4.975196969718757e-05,4.975196969718757e-05,0.0001577212251049103,0.0001577212251049103,0.0,0.0001577212251049103,300.7489551999153,300.763415274295,-2.280660646276421e-06
265,266,contact,0.0019384714149556087,-6.152858504439133e-05,6.152858504439133e-05,0.00017539752712679752,0.00017539752712679752,0.0,0.00017539752712679752,300.67208497636625,300.5465158549191,2.2024513385313327e-05
265,409,contact,0.002151238278053131,-9.87617219468692e-05,9.87617219468692e-05,0.0002342383899018609,0.0002342383899018609,0.0,0.0002342383899018609,300.67208497636625,300.70838417026954,-8.502664734641979e-06
265,422,contact,0.0021532129156506684,-9.678708434933186e-05,9.678708434933186e-05,0.00023188489044415007,0.00023188489044415007,0.0,0.00023188489044415007,300.67208497636625,300.6435729820896,6.611500669183229e-06
266,288,contact,0.0019417630680646906,-5.823693193530944e-05,5.823693193530944e-05,0.0001706413372183151,0.0001706413372183151,0.0,0.0001706413372183151,300.5465158549191,300.55491451403736,-1.4331584227800922e-06
266,319,contact,0.001926809220888253,-7.319077911174701e-05,7.319077911174701e-05,0.00019129921472884698,0.00019129921472884698,0.0,0.00019129921472884698,300.5465158549191,300.56823272056454,-4.154419344342733e-06
266,336,contact,0.001932967821511781,-6.703217848821907e-05,6.703217848821907e-05,0.00018307399936667558,0.00018307399936667558,0.0,0.00018307399936667558,300.5465158549191,300.4748223225022,1.3125221708291758e-05
266,447,contact,0.0021686108121477554,-8.13891878522449e-05,8.13891878522449e-05,0.00021264104842073504,0.00021264104842073504,0.0,0.00021264104842073504,300.5465158549191,300.4813584313335,1.385514286363961e-05
267,403,contact,0.0022144559271807594,-3.5544072819240855e-05,3.5544072819240855e-05,0.00014052297720230838,0.00014052297720230838,0.0,0.00014052297720230838,300.9428449572417,300.91785973204406,3.5109982308384056e-06
267,425,contact,0.002191177425139508,-5.882257486049215e-05,5.882257486049215e-05,0.00018077391475494734,0.00018077391475494734,0.0,0.00018077391475494734,300.9428449572417,300.9139872314905,5.216724054960395e-06
268,273,contact,0.0019771972991585846,-2.2802700841415436e-05,2.2802700841415436e-05,0.00010677710625741699,0.00010677710625741699,0.0,0.00010677710625741699,300.57355546017266,300.69813053179024,-1.330176565913619e-05
268,280,contact,0.0019810562637643586,-1.894373623564146e-05,1.894373623564146e-05,9.732352294189072e-05,9.732352294189072e-05,0.0,9.732352294189072e-05,300.57355546017266,300.5850627137635,-1.119926458844438e-06
268,330,contact,0.0018882933515743789,-0.00011170664842562118,0.00011170664842562118,0.00023633307896443653,0.00023633307896443653,0.0,0.00023633307896443653,300.57355546017266,300.53284614825463,9.620957028109709e-06
268,359,contact,0.001883225058589653,-0.00011677494141034707,0.00011677494141034707,0.00024163499478588267,0.00024163499478588267,0.0,0.00024163499478588267,300.57355546017266,300.5536877456716,4.800735089871188e-06
269,270,contact,0.0018871637580888418,-0.00011283624191115826,0.00011283624191115826,0.00023752499017067475,0.00023752499017067475,0.0,0.00023752499017067475,300.8511497741896,300.9348267062818,-1.987536247271275e-05
269,276,contact,0.0019775506687313986,-2.2449331268601432e-05,2.2449331268601432e-05,0.00010594652252103754,0.00010594652252103754,0.0,0.00010594652252103754,300.8511497741896,300.79164677723634,6.304135606777377e-06
269,372,contact,0.0019450747620531196,-5.4925237946880454e-05,5.4925237946880454e-05,0.00016571849315462722,0.00016571849315462722,0.0,0.00016571849315462722,300.8511497741896,300.92925044248807,-1.2942725064792687e-05
269,402,contact,0.0021565997622414786,-9.340023775852163e-05,9.340023775852163e-05,0.0002277916174422502,0.0002277916174422502,0.0,0.0002277916174422502,300.8511497741896,300.8409317356434,2.3275835275292076e-06
269,405,contact,0.0021695826113333418,-8.041738866665848e-05,8.041738866665848e-05,0.00021136775306804131,0.00021136775306804131,0.0,0.00021136775306804131,300.8511497741896,300.92469784436355,-1.5545690335159738e-05
270,277,contact,0.0018914451781228024,-0.00010855482187719766,0.00010855482187719766,0.00023297512944217636,0.00023297512944217636,0.0,0.00023297512944217636,300.9348267062818,300.8592574102904,1.7605766515447257e-05
270,372,contact,0.0019397888769131558,-6.021112308684422e-05,6.021112308684422e-05,0.00017350954309035027,0.00017350954309035027,0.0,0.00017350954309035027,300.9348267062818,300.92925044248807,9.675349830009696e-07
270,408,contact,0.0021944687957325803,-5.5531204267419976e-05,5.5531204267419976e-05,0.00017564358524425406,0.00017564358524425406,0.0,0.00017564358524425406,300.9348267062818,300.8762926677671,1.0281128383551013e-05
271,282,contact,0.0018838993603958784,-0.00011610063960412168,0.00011610063960412168,0.00024093633972910943,0.00024093633972910943,0.0,0.00024093633972910943,300.8412532399515,300.763415274295,1.875399453723708e-05
271,283,contact,0.001938631610538991,-6.136838946100903e-05,6.136838946100903e-05,0.00017516904615400664,0.00017516904615400664,0.0,0.00017516904615400664,300.8412532399515,300.9295774065525,-1.5471660015836914e-05
272,287,contact,0.001960603826102815,-3.939617389718498e-05,3.939617389718498e-05,0.00014034987334726203,0.00014034987334726203,0.0,0.00014034987334726203,300.7961225424096,300.80877486538196,-1.7757519267210109e-06
272,403,contact,0.0021107921736213163,-0.00013920782637868393,0.00013920782637868393,0.00027809653237947983,0.00027809653237947983,0.0,0.00027809653237947983,300.7961225424096,300.91785973204406,-3.3854690298970096e-05
272,413,contact,0.0021491959350159393,-0.00010080406498406101,0.00010080406498406101,0.00023664796285723303,0.00023664796285723303,0.0,0.00023664796285723303,300.7961225424096,300.7885365860948,1.795201108224423e-06
273,274,contact,0.001887760615358844,-0.00011223938464115604,0.00011223938464115604,0.00023689595252046418,0.00023689595252046418,0.0,0.00023689595252046418,300.69813053179024,300.7158852751755,-4.206026846002754e-06
273,279,contact,0.001887188942263069,-0.00011281105773693111,0.00011281105773693111,0.00023749848182349622,0.00023749848182349622,0.0,0.00023749848182349622,300.69813053179024,300.7196453833456,-5.109744581057425e-06
273,290,contact,0.001866605676220877,-0.0001333943237791231,0.0001333943237791231,0.0002582579367406964,0.0002582579367406964,0.0,0.0002582579367406964,300.69813053179024,300.74607812129176,-1.2382845536352032e-05
274,378,contact,0.0017949208484468054,-0.00020507915155319463,0.00020507915155319463,0.0003202180128859045,0.0003202180128859045,0.0,0.0003202180128859045,300.7158852751755,300.7005934206843,4.896727258506474e-06
274,428,contact,0.0020858602910370097,-0.00016413970896299052,0.00016413970896299052,0.0003019747128513601,0.0003019747128513601,0.0,0.0003019747128513601,300.7158852751755,300.8304539800038,-3.459685174229126e-05
275,390,contact,0.0018741627183263955,-0.00012583728167360453,0.00012583728167360453,0.00025083588426858363,0.00025083588426858363,0.0,0.00025083588426858363,300.89281610319506,300.92484542913365,-8.034104294334126e-06
276,290,contact,0.001945074389965587,-5.4925610034413114e-05,5.4925610034413114e-05,0.00016571905447837482,0.00016571905447837482,0.0,0.00016571905447837482,300.79164677723634,300.74607812129176,7.551594576985847e-06
276,388,contact,0.001967450338153419,-3.254966184658122e-05,3.254966184658122e-05,0.00012757284555613946,0.00012757284555613946,0.0,0.00012757284555613946,300.79164677723634,300.7029400663383,1.1316567529192076e-05
276,405,contact,0.002196920482174992,-5.307951782500828e-05,5.307951782500828e-05,0.0001717225116689524,0.0001717225116689524,0.0,0.0001717225116689524,300.79164677723634,300.92469784436355,-2.2847863427319276e-05
278,359,contact,0.0019672128707895337,-3.278712921046638e-05,3.278712921046638e-05,0.00012803735628805053,0.00012803735628805053,0.0,0.00012803735628805053,300.575204761693,300.5536877456716,2.754981846586602e-06
279,290,contact,0.0019592299296152054,-4.077007038479465e-05,4.077007038479465e-05,0.00014277617165478742,0.00014277617165478742,0.0,0.00014277617165478742,300.7196453833456,300.74607812129176,-3.7739651303058074e-06
280,314,contact,0.0018212115532523943,-0.00017878844674760574,0.00017878844674760574,0.00029898866763441534,0.00029898866763441534,0.0,0.00029898866763441534,300.5850627137635,300.48422412609796,3.0149594972250347e-05
281,285,contact,0.0019256991113099683,-7.430088869003174e-05,7.430088869003174e-05,0.00019274450535622506,0.00019274450535622506,0.0,0.00019274450535622506,300.59506805787544,300.6174281282763,-4.309780709142283e-06
281,324,contact,0.0018977611501187393,-0.00010223884988126079,0.00010223884988126079,0.0002260960524658279,0.0002260960524658279,0.0,0.0002260960524658279,300.59506805787544,300.51409732624535,1.830716278683301e-05
281,330,contact,0.0018689962611252058,-0.00013100373887479423,0.00013100373887479423,0.00025593333006350915,0.00025593333006350915,0.0,0.00025593333006350915,300.59506805787544,300.53284614825463,1.5924660532162748e-05
281,406,contact,0.0020856106621323163,-0.00016438933786768395,0.00016438933786768395,0.00030220425199935734,0.00030220425199935734,0.0,0.00030220425199935734,300.59506805787544,300.58318822693684,3.5901354226773995e-06
282,408,contact,0.002153872851423686,-9.612714857631412e-05,9.612714857631412e-05,0.000231092993038053,0.000231092993038053,0.0,0.000231092993038053,300.763415274295,300.8762926677671,-2.608517470378934e-05
283,284,contact,0.001916327127810124,-8.367287218987601e-05,8.367287218987601e-05,0.00020453957097573566,0.00020453957097573566,0.0,0.00020453957097573566,300.9295774065525,300.86063346402244,1.4101764426470292e-05
284,371,contact,0.0019226348076196093,-7.736519238039073e-05,7.736519238039073e-05,0.00019667891648622474,0.00019667891648622474,0.0,0.00019667891648622474,300.86063346402244,300.9393613435924,-1.5484114051076447e-05
285,290,contact,0.001988428376105109,-1.1571623894891195e-05,1.1571623894891195e-05,7.606452489462876e-05,7.606452489462876e-05,0.0,7.606452489462876e-05,300.6174281282763,300.74607812129176,-9.785700596419176e-06
285,299,contact,0.0019378835144559128,-6.211648554408722e-05,6.211648554408722e-05,0.00017623348936012022,0.00017623348936012022,0.0,0.00017623348936012022,300.6174281282763,300.5383563093607,1.393510255754166e-05
285,373,contact,0.0019368055709595635,-6.319442904043657e-05,6.319442904043657e-05,0.00017775605339964736,0.00017775605339964736,0.0,0.00017775605339964736,300.6174281282763,300.72547804637645,-1.9206527011640307e-05
286,422,contact,0.0021874231945602117,-6.25768054397886e-05,6.25768054397886e-05,0.00018645345776089448,0.00018645345776089448,0.0,0.00018645345776089448,300.715252695411,300.6435729820896,1.336493040007967e-05
287,378,contact,0.0017253526321885622,-0.0002746473678114378,0.0002746473678114378,0.0003705721035179509,0.0003705721035179509,0.0,0.0003705721035179509,300.80877486538196,300.7005934206843,4.00890255232241e-05
287,403,contact,0.0019848808683535645,-0.0002651191316464358,0.0002651191316464358,0.0003837817172172772,0.0003837817172172772,0.0,0.0003837817172172772,300.80877486538196,300.91785973204406,-4.1864777449998975e-05
288,319,contact,0.0019206156752458313,-7.93843247541687e-05,7.93843247541687e-05,0.00019922891952998278,0.00019922891952998278,0.0,0.00019922891952998278,300.55491451403736,300.56823272056454,-2.6533718964860343e-06
288,320,contact,0.001986280333613562,-1.3719666386437929e-05,1.3719666386437929e-05,8.282410997541093e-05,8.282410997541093e-05,0.0,8.282410997541093e-05,300.55491451403736,300.4794046537968,6.254036968793076e-06
288,445,contact,0.0021313254424281418,-0.00011867455757185851,0.00011867455757185851,0.0002567689813083808,0.0002567689813083808,0.0,0.0002567689813083808,300.55491451403736,300.5525322586745,6.116892827417715e-07
289,333,contact,0.001947342568347952,-5.26574316520481e-05,5.26574316520481e-05,0.00016226125793307548,0.00016226125793307548,0.0,0.00016226125793307548,300.676863727085,300.5780548245816,1.603285681518484e-05
290,373,contact,0.0019260594644506695,-7.394053554933056e-05,7.394053554933056e-05,0.00019227653984473842,0.00019227653984473842,0.0,0.00019227653984473842,300.74607812129176,300.72547804637645,3.960911125257755e-06
291,302,contact,0.0018707131500580196,-0.00012928684994198045,0.00012928684994198045,0.0002542507128229737,0.0002542507128229737,0.0,0.0002542507128229737,300.3197640553011,300.3785382914491,-1.4943391436253978e-05
291,306,contact,0.001981430765002906,-1.856923499709423e-05,1.856923499709423e-05,9.635672004871854e-05,9.635672004871854e-05,0.0,9.635672004871854e-05,300.3197640553011,300.3728684962668,-5.116969751474007e-06
291,321,contact,0.00197386004562127,-2.6139954378730235e-05,2.6139954378730235e-05,0.00011432400093315977,0.00011432400093315977,0.0,0.00011432400093315977,300.3197640553011,300.2155486302948,1.1914324345671748e-05
291,331,contact,0.0018855290139639844,-0.00011447098603601562,0.00011447098603601562,0.00023923940523669552,0.00023923940523669552,0.0,0.00023923940523669552,300.3197640553011,300.4054913602552,-2.0509349449764894e-05
291,462,contact,0.0022107658927394374,-3.9234107260562815e-05,3.9234107260562815e-05,0.00014763714388956538,0.00014763714388956538,0.0,0.00014763714388956538,300.3197640553011,300.26827392744127,7.601855415734707e-06
291,471,contact,0.002135344795343365,-0.00011465520465663535,0.00011465520465663535,0.0002523833114933572,0.0002523833114933572,0.0,0.0002523833114933572,300.3197640553011,300.23634518441133,2.105353087619766e-05
292,309,contact,0.0019428685309257363,-5.7131469074263785e-05,5.7131469074263785e-05,0.00016901400692585184,0.00016901400692585184,0.0,0.00016901400692585184,300.0641161556538,300.19490690317724,-2.2105468307767893e-05
292,310,contact,0.0019376227093012718,-6.237729069872829e-05,6.237729069872829e-05,0.00017660307287633515,0.00017660307287633515,0.0,0.00017660307287633515,300.0641161556538,300.06112422073994,5.283848996295645e-07
292,484,contact,0.002217352821531239,-3.264717846876127e-05,3.264717846876127e-05,0.0001346748728290992,0.0001346748728290992,0.0,0.0001346748728290992,300.0641161556538,300.0829609141362,-2.537915452116386e-06
293,313,contact,0.0019450219751200757,-5.497802487992431e-05,5.497802487992431e-05,0.0001657981074679749,0.0001657981074679749,0.0,0.0001657981074679749,300.55453975241085,300.54123496555275,2.2059084813378e-06
293,362,contact,0.0019334757958660888,-6.652420413391126e-05,6.652420413391126e-05,0.00018237900665086327,0.00018237900665086327,0.0,0.00018237900665086327,300.55453975241085,300.4296040065527,2.2785657224789432e-05
294,312,contact,0.0019280404864929573,-7.195951350704279e-05,7.195951350704279e-05,0.00018968330647034122,0.00018968330647034122,0.0,0.00018968330647034122,300.23637359203406,300.18108278269574,1.048774353271312e-05
294,322,contact,0.001952318113038095,-4.768188696190512e-05,4.768188696190512e-05,0.00015440512776767668,0.00015440512776767668,0.0,0.00015440512776767668,300.23637359203406,300.25835392612635,-3.3938762938963854e-06
294,325,contact,0.001829100716636457,-0.0001708992833635431,0.0001708992833635431,0.0002923177067537503,0.0002923177067537503,0.0,0.0002923177067537503,300.23637359203406,300.1932029314545,1.261954849966225e-05
294,326,contact,0.0019453715234114023,-5.462847658859772e-05,5.462847658859772e-05,0.0001652701978406841,0.0001652701978406841,0.0,0.0001652701978406841,300.23637359203406,300.2852746188488,-8.08188237628579e-06
294,345,contact,0.0018593364318756302,-0.0001406635681243699,0.0001406635681243699,0.00026520140282846347,0.00026520140282846347,0.0,0.00026520140282846347,300.23637359203406,300.29408489969967,-1.53051197519857e-05
294,439,contact,0.0020807511787605142,-0.00016924882123948602,0.00016924882123948602,0.0003066384237352285,0.0003066384237352285,0.0,0.0003066384237352285,300.23637359203406,300.16489039938534,2.1919493517363218e-05
294,481,contact,0.0021373901967154754,-0.0001126098032845249,0.0001126098032845249,0.00025012197389421035,0.00025012197389421035,0.0,0.00025012197389421035,300.23637359203406,300.3093216295199,-1.824590712766815e-05
295,298,contact,0.0018997749783592802,-0.00010022502164071983,0.00010022502164071983,0.00022385823822312171,0.00022385823822312171,0.0,0.00022385823822312171,300.336848841082,300.2760282854443,1.3615182432804677e-05
295,301,contact,0.0019922448837429592,-7.755116257040801e-06,7.755116257040801e-06,6.227004198264524e-05,6.227004198264524e-05,0.0,6.227004198264524e-05,300.336848841082,300.3842633948917,-2.9525062563211864e-06
295,337,contact,0.0018461535423956474,-0.00015384645760435265,0.00015384645760435265,0.0002773503719164197,0.0002773503719164197,0.0,0.0002773503719164197,300.336848841082,300.2772885574224,1.6519066824423743e-05
295,338,contact,0.0019323199139893996,-6.768008601060042e-05,6.768008601060042e-05,0.00018395663349088614,0.00018395663349088614,0.0,0.00018395663349088614,300.336848841082,300.3526690469945,-2.9102318207995634e-06
295,360,contact,0.001934272138867745,-6.572786113225515e-05,6.572786113225515e-05,0.00018128411559242464,0.00018128411559242464,0.0,0.00018128411559242464,300.336848841082,300.360068830563,-4.209415257137407e-06
295,362,contact,0.0019064365145737218,-9.356348542627823e-05,9.356348542627823e-05,0.00021629087524243626,0.00021629087524243626,0.0,0.00021629087524243626,300.336848841082,300.4296040065527,-2.006209592292521e-05
296,302,contact,0.0018542171837732492,-0.0001457828162267508,0.0001457828162267508,0.00026998408863000684,0.00026998408863000684,0.0,0.00026998408863000684,300.3472572661406,300.3785382914491,-8.445379109324215e-06
296,304,contact,0.0019823028339282576,-1.7697166071742407e-05,1.7697166071742407e-05,9.406690723028584e-05,9.406690723028584e-05,0.0,9.406690723028584e-05,300.3472572661406,300.3698350126141,-2.1238187829891287e-06
296,463,contact,0.002139484894314517,-0.0001105151056854832,0.0001105151056854832,0.0002477847471826697,0.0002477847471826697,0.0,0.0002477847471826697,300.3472572661406,300.34336624171397,9.641365038391485e-07
296,497,contact,0.0021514349589982964,-9.856504100170388e-05,9.856504100170388e-05,0.00023400503437331793,0.00023400503437331793,0.0,0.00023400503437331793,300.3472572661406,300.28120317049667,1.5456990921660725e-05
297,319,contact,0.0019066080056477264,-9.339199435227366e-05,9.339199435227366e-05,0.0002160925662213692,0.0002160925662213692,0.0,0.0002160925662213692,300.52042179346927,300.56823272056454,-1.033158592943969e-05
297,333,contact,0.0019121703222516554,-8.782967774834463e-05,8.782967774834463e-05,0.00020955867644688997,0.00020955867644688997,0.0,0.00020955867644688997,300.52042179346927,300.5780548245816,-1.2077501719525581e-05
297,336,contact,0.0019158562212493924,-8.414377875060768e-05,8.414377875060768e-05,0.0002051143324473057,0.0002051143324473057,0.0,0.0002051143324473057,300.52042179346927,300.4748223225022,9.353105047365041e-06
297,343,contact,0.0018991964553726395,-0.00010080354462736058,0.00010080354462736058,0.0002245033904280296,0.0002245033904280296,0.0,0.0002245033904280296,300.52042179346927,300.43002686379134,2.0293968190198014e-05
298,302,contact,0.0018875485105554239,-0.00011245148944457619,0.00011245148944457619,0.00023711968438383199,0.00023711968438383199,0.0,0.00023711968438383199,300.2760282854443,300.3785382914491,-2.430714027004771e-05
298,321,contact,0.0018957201688012922,-0.00010427983119870783,0.00010427983119870783,0.00022834166417750817,0.00022834166417750817,0.0,0.00022834166417750817,300.2760282854443,300.2155486302948,1.3810025105716995e-05
298,356,contact,0.001939536945768242,-6.046305423175794e-05,6.046305423175794e-05,0.00017387215739122515,0.00017387215739122515,0.0,0.00017387215739122515,300.2760282854443,300.1872362017189,1.543847115659167e-05
298,366,contact,0.0019542334345978227,-4.576656540217737e-05,4.576656540217737e-05,0.00015127221390952368,0.00015127221390952368,0.0,0.00015127221390952368,300.2760282854443,300.21159534823204,9.74691306078973e-06
298,497,contact,0.00217260005534843,-7.73999446515702e-05,7.73999446515702e-05,0.00020736433939053342,0.00020736433939053342,0.0,0.00020736433939053342,300.2760282854443,300.28120317049667,-1.0730866203094744e-06
299,347,contact,0.0019682104121765023,-3.1789587823497726e-05,3.1789587823497726e-05,0.0001260745569563854,0.0001260745569563854,0.0,0.0001260745569563854,300.5383563093607,300.4537965174894,1.0660838296498268e-05
299,443,contact,0.0021574042158575665,-9.259578414243371e-05,9.259578414243371e-05,0.00022680851461387438,0.00022680851461387438,0.0,0.00022680851461387438,300.5383563093607,300.48108559318604,1.2989486066453055e-05
300,334,contact,0.0019348075174807442,-6.519248251925583e-05,6.519248251925583e-05,0.00018054429168386333,0.00018054429168386333,0.0,0.00018054429168386333,300.1263517343767,300.1657164733766,-7.107078920055874e-06
300,351,contact,0.0019323183186266183,-6.768168137338175e-05,6.768168137338175e-05,0.00018395880160158382,0.00018395880160158382,0.0,0.00018395880160158382,300.1263517343767,300.0609947396967,1.2022994417619466e-05
300,471,contact,0.002223489499075722,-2.6510500924278174e-05,2.6510500924278174e-05,0.0001213592026549426,0.0001213592026549426,0.0,0.0001213592026549426,300.1263517343767,300.23634518441133,-1.33487173934663e-05
300,495,contact,0.002227086043931846,-2.2913956068154172e-05,2.2913956068154172e-05,0.00011282719350147368,0.00011282719350147368,0.0,0.00011282719350147368,300.1263517343767,300.17660251964764,-5.669655073362941e-06
301,320,contact,0.0019184310481484596,-8.156895185154047e-05,8.156895185154047e-05,0.0002019516673012883,0.0002019516673012883,0.0,0.0002019516673012883,300.3842633948917,300.4794046537968,-1.9213935865023095e-05
301,343,contact,0.0019404796949465863,-5.952030505341371e-05,5.952030505341371e-05,0.00017251131130075747,0.00017251131130075747,0.0,0.00017251131130075747,300.3842633948917,300.43002686379134,-7.894716029545264e-06
301,345,contact,0.001919051483024883,-8.094851697511697e-05,8.094851697511697e-05,0.00020118215250751863,0.00020118215250751863,0.0,0.00020118215250751863,300.3842633948917,300.29408489969967,1.814230377262534e-05
301,353,contact,0.0019036733775782025,-9.632662242179757e-05,9.632662242179757e-05,0.00021946141166706,0.00021946141166706,0.0,0.00021946141166706,300.3842633948917,300.3568606646353,6.013841865606988e-06
302,304,contact,0.0018902690387878653,-0.00010973096121213478,0.00010973096121213478,0.0002342338161027724,0.0002342338161027724,0.0,0.0002342338161027724,300.3785382914491,300.3698350126141,2.0386022141318945e-06
302,314,contact,0.0018315275017591196,-0.00016847249824088043,0.00016847249824088043,0.0002902348172091698,0.0002902348172091698,0.0,0.0002902348172091698,300.3785382914491,300.48422412609796,-3.0673708900908254e-05
302,335,contact,0.001921734300287114,-7.826569971288604e-05,7.826569971288604e-05,0.00019782024632590827,0.00019782024632590827,0.0,0.00019782024632590827,300.3785382914491,300.44942031172843,-1.4021898711734623e-05
302,360,contact,0.0018412239197066725,-0.00015877608029332755,0.00015877608029332755,0.00028175883330725193,0.00028175883330725193,0.0,0.00028175883330725193,300.3785382914491,300.360068830563,5.203933751076084e-06
302,362,contact,0.0019195341011818464,-8.046589881815364e-05,8.046589881815364e-05,0.00020058152808540675,0.00020058152808540675,0.0,0.00020058152808540675,300.3785382914491,300.4296040065527,-1.0242839168257826e-05
303,327,contact,0.0019211165197272654,-7.888348027273464e-05,7.888348027273464e-05,0.00019859944646541017,0.00019859944646541017,0.0,0.00019859944646541017,300.261846346107,300.2880431027737,-5.202661373197001e-06
303,349,contact,0.0018623419103107788,-0.00013765808968922125,0.00013765808968922125,0.00026235290134589824,0.00026235290134589824,0.0,0.00026235290134589824,300.261846346107,300.2740133754082,-3.1920554379218585e-06
303,363,contact,0.001956362671515688,-4.363732848431225e-05,4.363732848431225e-05,0.0001477114221790452,0.0001477114221790452,0.0,0.0001477114221790452,300.261846346107,300.24754811834174,2.1120115578474033e-06
304,362,contact,0.0019228899925372738,-7.711000746272621e-05,7.711000746272621e-05,0.0001963542811638267,0.0001963542811638267,0.0,0.0001963542811638267,300.3698350126141,300.4296040065527,-1.1735897840705353e-05
304,479,contact,0.0021306953260144916,-0.00011930467398550866,0.00011930467398550866,0.0002574497512843889,0.0002574497512843889,0.0,0.0002574497512843889,300.3698350126141,300.38100095090954,-2.87466803702006e-06
304,497,contact,0.0022016556056295455,-4.834439437045477e-05,4.834439437045477e-05,0.0001638840958497037,0.0001638840958497037,0.0,0.0001638840958497037,300.3698350126141,300.28120317049667,1.4525349308907453e-05
305,323,contact,0.0018885225688090154,-0.00011147743119098463,0.00011147743119098463,0.00023609048179774701,0.00023609048179774701,0.0,0.00023609048179774701,300.4853745733675,300.3960607667391,2.1086139638092347e-05
306,331,contact,0.0019192227156325553,-8.077728436744471e-05,8.077728436744471e-05,0.000200969256812385,0.000200969256812385,0.0,0.000200969256812385,300.3728684962668,300.4054913602552,-6.556192730844701e-06
306,360,contact,0.001898121202189154,-0.00010187879781084594,0.00010187879781084594,0.00022569758285241552,0.00022569758285241552,0.0,0.00022569758285241552,300.3728684962668,300.360068830563,2.888853610659175e-06
306,462,contact,0.002175055738090405,-7.49442619095951e-05,7.49442619095951e-05,0.00020404828120051922,0.00020404828120051922,0.0,0.00020404828120051922,300.3728684962668,300.26827392744127,2.1342341991756515e-05
306,494,contact,0.0022215749966879345,-2.842500331206579e-05,2.842500331206579e-05,0.00012566490562883185,0.00012566490562883185,0.0,0.00012566490562883185,300.3728684962668,300.35830313402175,1.8303548719722991e-06
306,498,contact,0.0021604172233531654,-8.95827766468349e-05,8.95827766468349e-05,0.00022308789579051933,0.00022308789579051933,0.0,0.00022308789579051933,300.3728684962668,300.4832390181985,-2.4622327495047325e-05
307,320,contact,0.001992471036903673,-7.528963096327217e-06,7.528963096327217e-06,6.135537098057193e-05,6.135537098057193e-05,0.0,6.135537098057193e-05,300.37245886559936,300.4794046537968,-6.561698509663346e-06
307,326,contact,0.0019789760361611265,-2.102396383887352e-05,2.102396383887352e-05,0.00010252795677002814,0.00010252795677002814,0.0,0.00010252795677002814,300.37245886559936,300.2852746188488,8.938822681868168e-06
307,329,contact,0.0018538806878005925,-0.0001461193121994075,0.0001461193121994075,0.0002702954977422002,0.0002702954977422002,0.0,0.0002702954977422002,300.37245886559936,300.4731422146481,-2.7214255945476114e-05
307,345,contact,0.0018563526604877642,-0.00014364733951223582,0.00014364733951223582,0.00026799938387264607,0.00026799938387264607,0.0,0.00026799938387264607,300.37245886559936,300.29408489969967,2.100417457277175e-05
307,481,contact,0.0022433660940129516,-6.63390598704865e-06,6.63390598704865e-06,6.070834642895603e-05,6.070834642895603e-05,0.0,6.070834642895603e-05,300.37245886559936,300.3093216295199,3.832957200478382e-06
308,309,contact,0.0019451491987117595,-5.485080128824057e-05,5.485080128824057e-05,0.0001656061612504809,0.0001656061612504809,0.0,0.0001656061612504809,300.17020145522685,300.19490690317724,-4.09137439703862e-06
308,484,contact,0.0021669797774344847,-8.302022256551555e-05,8.302022256551555e-05,0.00021476113677695708,0.00021476113677695708,0.0,0.00021476113677695708,300.17020145522685,300.0829609141362,1.8735877777661977e-05
309,326,contact,0.001960780590356376,-3.92194096436242e-05,3.92194096436242e-05,0.00014003465578853007,0.00014003465578853007,0.0,0.00014003465578853007,300.19490690317724,300.2852746188488,-1.265461195846289e-05
309,348,contact,0.0019173918140161356,-8.260818598386445e-05,8.260818598386445e-05,0.00020323408422784852,0.00020323408422784852,0.0,0.00020323408422784852,300.19490690317724,300.2031017251266,-1.6654671342883952e-06
309,349,contact,0.0019210878279477487,-7.891217205225134e-05,7.891217205225134e-05,0.0001986355608296905,0.0001986355608296905,0.0,0.0001986355608296905,300.19490690317724,300.2740133754082,-1.57133584768497e-05
310,325,contact,0.0018298800256027704,-0.0001701199743972296,0.0001701199743972296,0.00029165045379463204,0.00029165045379463204,0.0,0.00029165045379463204,300.06112422073994,300.1932029314545,-3.852081591650902e-05
310,341,contact,0.001883259742680228,-0.00011674025731977199,0.00011674025731977199,0.00024159910732427385,0.00024159910732427385,0.0,0.00024159910732427385,300.06112422073994,300.0945950568278,-8.086524120227003e-06
310,344,contact,0.0019030362509684356,-9.696374903156446e-05,9.696374903156446e-05,0.0002201859998178409,0.0002201859998178409,0.0,0.0002201859998178409,300.06112422073994,300.05736276052704,8.282208777523474e-07
310,352,contact,0.0019434286150844331,-5.657138491556692e-05,5.657138491556692e-05,0.00016818350828123267,0.00016818350828123267,0.0,0.00016818350828123267,300.06112422073994,300.0681267553388,-1.1777108357007645e-06
310,365,contact,0.0019160605461206067,-8.393945387939338e-05,8.393945387939338e-05,0.0002048651433008961,0.0002048651433008961,0.0,0.0002048651433008961,300.06112422073994,300.0531411558295,1.635451736856369e-06
311,354,contact,0.0019424006203921996,-5.7599379607800464e-05,5.7599379607800464e-05,0.000169704713558287,0.000169704713558287,0.0,0.000169704713558287,300.1236159411317,300.072330601413,8.703363886697102e-06
311,356,contact,0.001943242846584029,-5.675715341597106e-05,5.675715341597106e-05,0.0001684594215471059,0.0001684594215471059,0.0,0.0001684594215471059,300.1236159411317,300.1872362017189,-1.0717432297203042e-05
311,358,contact,0.0019547427962778125,-4.525720372218749e-05,4.525720372218749e-05,0.00015042806207983187,0.00015042806207983187,0.0,0.00015042806207983187,300.1236159411317,300.06796419803845,8.371583864878014e-06
312,316,contact,0.0019476706529852528,-5.232934701474728e-05,5.232934701474728e-05,0.00016175497985339938,0.00016175497985339938,0.0,0.00016175497985339938,300.18108278269574,300.06054439130185,1.949768507148035e-05
312,340,contact,0.001984620645124907,-1.5379354875093114e-05,1.5379354875093114e-05,8.769080588948055e-05,8.769080588948055e-05,0.0,8.769080588948055e-05,300.18108278269574,300.16624890744765,1.300794474968747e-06
312,352,contact,0.001998028739413174,-1.9712605868259063e-06,1.9712605868259063e-06,3.139474945612647e-05,3.139474945612647e-05,0.0,3.139474945612647e-05,300.18108278269574,300.0681267553388,3.546226178429728e-06
312,462,contact,0.0022045364012680765,-4.5463598731923776e-05,4.5463598731923776e-05,0.00015892625601538835,0.00015892625601538835,0.0,0.00015892625601538835,300.18108278269574,300.26827392744127,-1.385696219210317e-05
313,324,contact,0.0019659429001118002,-3.4057099888199806e-05,3.4057099888199806e-05,0.0001304934862132969,0.0001304934862132969,0.0,0.0001304934862132969,300.54123496555275,300.51409732624535,3.5412851608213486e-06
313,474,contact,0.0022141154667270624,-3.588453327293788e-05,3.588453327293788e-05,0.00014119437601511903,0.00014119437601511903,0.0,0.00014119437601511903,300.54123496555275,300.4395494711104,1.4357419937574453e-05
313,490,contact,0.002212399427974071,-3.7600572025929275e-05,3.7600572025929275e-05,0.00014453098865320135,0.00014453098865320135,0.0,0.00014453098865320135,300.54123496555275,300.5432023602274,-2.8434949739626833e-07
314,324,contact,0.00192027681173835,-7.972318826165005e-05,7.972318826165005e-05,0.00019965368549271768,0.00019965368549271768,0.0,0.00019965368549271768,300.48422412609796,300.51409732624535,-5.9642945068884605e-06
314,328,contact,0.0018915142452807488,-0.00010848575471925125,0.00010848575471925125,0.0002329010033461119,0.0002329010033461119,0.0,0.0002329010033461119,300.48422412609796,300.4300055975948,1.2627549688334904e-05
314,330,contact,0.0018414303422339923,-0.0001585696577660078,0.0001585696577660078,0.0002815756184100532,0.0002815756184100532,0.0,0.0002815756184100532,300.48422412609796,300.53284614825463,-1.3690775957113977e-05
314,335,contact,0.001930167408957057,-6.983259104294303e-05,6.983259104294303e-05,0.00018685902579611058,0.00018685902579611058,0.0,0.00018685902579611058,300.48422412609796,300.44942031172843,6.5034068470780865e-06
315,331,contact,0.0018805728187443324,-0.00011942718125566767,0.00011942718125566767,0.000244363644243234,0.000244363644243234,0.0,0.000244363644243234,300.51035080389767,300.4054913602552,2.5623835781788e-05
315,359,contact,0.0019306189949858054,-6.938100501419466e-05,6.938100501419466e-05,0.0001862538657507471,0.0001862538657507471,0.0,0.0001862538657507471,300.51035080389767,300.5536877456716,-8.071672935209502e-06
315,473,contact,0.0022034130483639075,-4.658695163609278e-05,4.658695163609278e-05,0.00016087771690892846,0.00016087771690892846,0.0,0.00016087771690892846,300.51035080389767,300.45923857582113,8.222818559081139e-06
316,351,contact,0.0019416653515258494,-5.8334648474150626e-05,5.8334648474150626e-05,0.00017078443792417186,0.00017078443792417186,0.0,0.00017078443792417186,300.06054439130185,300.0609947396967,-7.691249748445865e-08
316,467,contact,0.002227211163663939,-2.2788836336061317e-05,2.2788836336061317e-05,0.00011251873013478768,0.00011251873013478768,0.0,0.00011251873013478768,300.06054439130185,300.06563068148,-5.723029119431167e-07
316,475,contact,0.0022061756481935218,-4.3824351806478513e-05,4.3824351806478513e-05,0.00015603481058632489,0.00015603481058632489,0.0,0.00015603481058632489,300.06054439130185,300.0729664436887,-1.9382725912760145e-06
317,327,contact,0.0019881122678982004,-1.1887732101799678e-05,1.1887732101799678e-05,7.709647236352542e-05,7.709647236352542e-05,0.0,7.709647236352542e-05,300.25280248572074,300.2880431027737,-2.7169272586984657e-06
317,348,contact,0.00189579887910084,-0.00010420112089915999,0.00010420112089915999,0.00022825547189405995,0.00022825547189405995,0.0,0.00022825547189405995,300.25280248572074,300.2031017251266,1.1344470562907952e-05
317,363,contact,0.0019228337887777472,-7.716621122225284e-05,7.716621122225284e-05,0.00019642582725071166,0.00019642582725071166,0.0,0.00019642582725071166,300.25280248572074,300.24754811834174,1.0320934590983523e-06
317,364,contact,0.001896242030991824,-0.00010375796900817611,0.00010375796900817611,0.00022776958643350094,0.00022776958643350094,0.0,0.00022776958643350094,300.25280248572074,300.2108493979931,9.555637441328433e-06
317,478,contact,0.002144646522906377,-0.00010535347709362316,0.00010535347709362316,0.00024192914147836203,0.00024192914147836203,0.0,0.00024192914147836203,300.25280248572074,300.3322277012496,-1.9215274204637242e-05
318,332,contact,0.0019742397394440225,-2.5760260555977507e-05,2.5760260555977507e-05,0.0001134906616334082,0.0001134906616334082,0.0,0.0001134906616334082,300.06335449480065,300.0542399199376,1.0344191317177876e-06
318,341,contact,0.0019755228219385367,-2.4477178061463323e-05,2.4477178061463323e-05,0.00011062815659103998,0.00011062815659103998,0.0,0.00011062815659103998,300.06335449480065,300.0945950568278,-3.4560857879332783e-06
318,342,contact,0.0019450255889319303,-5.4974411068069726e-05,5.4974411068069726e-05,0.00016579265826337081,0.00016579265826337081,0.0,0.00016579265826337081,300.06335449480065,300.1603189660933,-1.6075997452713264e-05
318,357,contact,0.0019742035292492003,-2.579647075079969e-05,2.579647075079969e-05,0.00011357039832368225,0.00011357039832368225,0.0,0.00011357039832368225,300.06335449480065,300.06095436897886,2.725832456080553e-07
318,492,contact,0.0021651690355258637,-8.483096447413655e-05,8.483096447413655e-05,0.00021709056542545217,0.00021709056542545217,0.0,0.00021709056542545217,300.06335449480065,300.1302172641016,-1.451527639345259e-05
319,320,contact,0.0019617059820727484,-3.829401792725161e-05,3.829401792725161e-05,0.00013837271755525295,0.00013837271755525295,0.0,0.00013837271755525295,300.56823272056454,300.4794046537968,1.2291380993832516e-05
320,329,contact,0.001975503647807313,-2.449635219268706e-05,2.449635219268706e-05,0.00011067147824233455,0.00011067147824233455,0.0,0.00011067147824233455,300.4794046537968,300.4731422146481,6.930733979907773e-07
320,335,contact,0.00199058774107046,-9.41225892954001e-06,9.41225892954001e-06,6.860123515484255e-05,6.860123515484255e-05,0.0,6.860123515484255e-05,300.4794046537968,300.44942031172843,2.056962901194809e-06
320,498,contact,0.0021789170115222374,-7.108298847776284e-05,7.108298847776284e-05,0.00019872229153850026,0.00019872229153850026,0.0,0.00019872229153850026,300.4794046537968,300.4832390181985,-7.619736805018214e-07
321,334,contact,0.0018769698705360185,-0.00012303012946398152,0.00012303012946398152,0.0002480223069241772,0.0002480223069241772,0.0,0.0002480223069241772,300.2155486302948,300.1657164733766,1.2359486517852423e-05
321,340,contact,0.0018605935565028711,-0.0001394064434971289,0.0001394064434971289,0.00026401367719980807,0.00026401367719980807,0.0,0.00026401367719980807,300.2155486302948,300.16624890744765,1.3015801113804329e-05
321,356,contact,0.0019115487314740375,-8.845126852596256e-05,8.845126852596256e-05,0.0002102989164569834,0.0002102989164569834,0.0,0.0002102989164569834,300.2155486302948,300.1872362017189,5.954073051771852e-06
321,471,contact,0.0021192496926270856,-0.00013075030737291467,0.00013075030737291467,0.0002695163439415489,0.0002695163439415489,0.0,0.0002695163439415489,300.2155486302948,300.23634518441133,-5.605011232073393e-06
322,326,contact,0.00190226088917899,-9.773911082101004e-05,9.773911082101004e-05,0.00022106459556090166,0.00022106459556090166,0.0,0.00022106459556090166,300.25835392612635,300.2852746188488,-5.951212048909022e-06
322,349,contact,0.0019260106366140062,-7.398936338599382e-05,7.398936338599382e-05,0.00019234001583913035,0.00019234001583913035,0.0,0.00019234001583913035,300.25835392612635,300.2740133754082,-3.011938722898695e-06
322,439,contact,0.0021291383572522456,-0.00012086164274775464,0.00012086164274775464,0.0002591242116863762,0.0002591242116863762,0.0,0.0002591242116863762,300.25835392612635,300.16489039938534,2.421866268819132e-05
322,493,contact,0.002154543441477031,-9.545655852296947e-05,9.545655852296947e-05,0.0002302855214763831,0.0002302855214763831,0.0,0.0002302855214763831,300.25835392612635,300.3393376896336,-1.8649388210393313e-05
323,339,contact,0.0019145142213692224,-8.548577863077764e-05,8.548577863077764e-05,0.00020674353512356515,0.00020674353512356515,0.0,0.00020674353512356515,300.3960607667391,300.3568476402306,8.107060397606027e-06
323,353,contact,0.0018907616282054789,-0.00010923837179452117,0.00010923837179452117,0.00023370747933530196,0.00023370747933530196,0.0,0.00023370747933530196,300.3960607667391,300.3568606646353,9.161357052363537e-06
324,362,contact,0.0019293172568553873,-7.068274314461277e-05,7.068274314461277e-05,0.00018799300937084437,0.00018799300937084437,0.0,0.00018799300937084437,300.51409732624535,300.4296040065527,1.5884153440749644e-05
325,345,contact,0.001919362972160295,-8.063702783970509e-05,8.063702783970509e-05,0.00020079470590593902,0.00020079470590593902,0.0,0.00020079470590593902,300.1932029314545,300.29408489969967,-2.0256565145002357e-05
325,348,contact,0.0019292288749912488,-7.077112500875125e-05,7.077112500875125e-05,0.00018811050609781376,0.00018811050609781376,0.0,0.00018811050609781376,300.1932029314545,300.2031017251266,-1.8620670874179465e-06
325,366,contact,0.001915405658887954,-8.459434111204606e-05,8.459434111204606e-05,0.00020566275928330592,0.00020566275928330592,0.0,0.00020566275928330592,300.1932029314545,300.21159534823204,-3.7826351843583595e-06
326,327,contact,0.001850582888412844,-0.00014941711158715596,0.00014941711158715596,0.0002733286589320227,0.0002733286589320227,0.0,0.0002733286589320227,300.2852746188488,300.2880431027737,-7.567059984706413e-07
326,339,contact,0.0019170914154915148,-8.290858450848526e-05,8.290858450848526e-05,0.00020360327171792361,0.00020360327171792361,0.0,0.00020360327171792361,300.2852746188488,300.3568476402306,-1.4572501320076128e-05
326,345,contact,0.0018491431409168948,-0.0001508568590831052,0.0001508568590831052,0.0002746423666180304,0.0002746423666180304,0.0,0.0002746423666180304,300.2852746188488,300.29408489969967,-2.419676383451503e-06
327,339,contact,0.0019483430475665728,-5.165695243342723e-05,5.165695243342723e-05,0.00016071240218699245,0.00016071240218699245,0.0,0.00016071240218699245,300.2880431027737,300.3568476402306,-1.1057742496065363e-05
327,348,contact,0.0019026401493251988,-9.73598506748012e-05,9.73598506748012e-05,0.00022063527672926784,0.00022063527672926784,0.0,0.00022063527672926784,300.2880431027737,300.2031017251266,1.8741064362935892e-05
327,353,contact,0.001923014675710639,-7.698532428936111e-05,7.698532428936111e-05,0.0001961954692256693,0.0001961954692256693,0.0,0.0001961954692256693,300.2880431027737,300.3568606646353,-1.3501693840398962e-05
327,363,contact,0.0019667677659472153,-3.323223405278476e-05,3.323223405278476e-05,0.0001289035182855471,0.0001289035182855471,0.0,0.0001289035182855471,300.2880431027737,300.24754811834174,5.219945966199788e-06
328,331,contact,0.0019297814851169039,-7.021851488309616e-05,7.021851488309616e-05,0.00018737464460686262,0.00018737464460686262,0.0,0.00018737464460686262,300.4300055975948,300.4054913602552,4.5933465093135654e-06
328,347,contact,0.0019992965061741094,-7.034938258906713e-07,7.034938258906713e-07,1.8754917033816376e-05,1.8754917033816376e-05,0.0,1.8754917033816376e-05,300.4300055975948,300.4537965174894,-4.461967287818197e-07
328,434,contact,0.0021220305876447684,-0.0001279694123552319,0.0001279694123552319,0.0002666348026329812,0.0002666348026329812,0.0,0.0002666348026329812,300.4300055975948,300.4389497742047,-2.3848287650880174e-06
329,445,contact,0.002104301742800894,-0.0001456982571991063,0.0001456982571991063,0.00028450566992895893,0.00028450566992895893,0.0,0.00028450566992895893,300.4731422146481,300.5525322586745,-2.2586917661423616e-05
329,447,contact,0.002113083038693253,-0.00013691696130674726,0.00013691696130674726,0.0002757988007656097,0.0002757988007656097,0.0,0.0002757988007656097,300.4731422146481,300.4813584313335,-2.2660227086669772e-06
329,498,contact,0.002200861387830001,-4.9138612169999374e-05,4.9138612169999374e-05,0.0001652247831995339,0.0001652247831995339,0.0,0.0001652247831995339,300.4731422146481,300.4832390181985,-1.6682421776272867e-06
330,347,contact,0.001962338003352124,-3.766199664787624e-05,3.766199664787624e-05,0.00013722608470672813,0.00013722608470672813,0.0,0.00013722608470672813,300.53284614825463,300.4537965174894,1.0847671327422561e-05
330,443,contact,0.0021003877405374465,-0.0001496122594625538,0.0001496122594625538,0.00028830178966430473,0.00028830178966430473,0.0,0.00028830178966430473,300.53284614825463,300.48108559318604,1.4922660660294347e-05
331,473,contact,0.002161985645831522,-8.801435416847837e-05,8.801435416847837e-05,0.00022112635172437595,0.00022112635172437595,0.0,0.00022112635172437595,300.4054913602552,300.45923857582113,-1.1884925693435527e-05
331,500,contact,0.002152170697314923,-9.782930268507732e-05,9.782930268507732e-05,0.00023313003367824732,0.00023313003367824732,0.0,0.00023313003367824732,300.4054913602552,300.3409927387488,1.5036565803988092e-05
332,356,contact,0.0019090598594334331,-9.094014056656692e-05,9.094014056656692e-05,0.0002132371221979969,0.0002132371221979969,0.0,0.0002132371221979969,300.0542399199376,300.1872362017189,-2.8359744390087948e-05
332,367,contact,0.0019484075287269852,-5.15924712730148e-05,5.15924712730148e-05,0.00016061206566291152,0.00016061206566291152,0.0,0.00016061206566291152,300.0542399199376,300.0559071642076,-2.677795461755015e-07
333,488,contact,0.002145118765593179,-0.00010488123440682146,0.00010488123440682146,0.0002413863137135868,0.0002413863137135868,0.0,0.0002413863137135868,300.5780548245816,300.46606729487155,2.7032256978602993e-05
334,346,contact,0.0018553682230220496,-0.0001446317769779504,0.0001446317769779504,0.0002689161365351198,0.0002689161365351198,0.0,0.0002689161365351198,300.1657164733766,300.2576183966494,-2.4713910146657044e-05
334,350,contact,0.001858943891380264,-0.00014105610861973612,0.00014105610861973612,0.00026557118501424067,0.00026557118501424067,0.0,0.00026557118501424067,300.1657164733766,300.05106372199185,3.0448467050395768e-05
334,354,contact,0.0018716083348286308,-0.0001283916651713692,0.0001283916651713692,0.0002533689653167582,0.0002533689653167582,0.0,0.0002533689653167582,300.1657164733766,300.072330601413,2.3661081754625438e-05
334,471,contact,0.00215942512678722,-9.057487321278025e-05,9.057487321278025e-05,0.00022431980297579646,0.00022431980297579646,0.0,0.00022431980297579646,300.1657164733766,300.23634518441133,-1.5843418543741685e-05
335,360,contact,0.0019333899850780241,-6.661001492197591e-05,6.661001492197591e-05,0.00018249659575177821,0.00018249659575177821,0.0,0.00018249659575177821,300.44942031172843,300.360068830563,1.6306341138066196e-05
335,362,contact,0.0019460514579270512,-5.394854207294887e-05,5.394854207294887e-05,0.0001642384578485637,0.0001642384578485637,0.0,0.0001642384578485637,300.44942031172843,300.4296040065527,3.2545994023149907e-06
335,498,contact,0.0021547250066542138,-9.52749933457865e-05,9.52749933457865e-05,0.00023006640749742295,0.00023006640749742295,0.0,0.00023006640749742295,300.44942031172843,300.4832390181985,-7.780548303779296e-06
336,339,contact,0.0019049853193691426,-9.501468063085748e-05,9.501468063085748e-05,0.0002179617863650157,0.0002179617863650157,0.0,0.0002179617863650157,300.4748223225022,300.3568476402306,2.571397249375251e-05
337,345,contact,0.00194973510508479,-5.026489491521003e-05,5.026489491521003e-05,0.00015853216537222033,0.00015853216537222033,0.0,0.00015853216537222033,300.2772885574224,300.29408489969967,-2.6627605115447647e-06
337,348,contact,0.001826243727326668,-0.000173756272673332,0.000173756272673332,0.00029475097342785144,0.00029475097342785144,0.0,0.00029475097342785144,300.2772885574224,300.2031017251266,2.186664103472247e-05
337,353,contact,0.0019304044420794305,-6.959555792056954e-05,6.959555792056954e-05,0.00018654162795549086,0.00018654162795549086,0.0,0.00018654162795549086,300.2772885574224,300.3568606646353,-1.4843510419337357e-05
337,364,contact,0.0019330183581383813,-6.698164186161879e-05,6.698164186161879e-05,0.00018300497515316187,0.00018300497515316187,0.0,0.00018300497515316187,300.2772885574224,300.2108493979931,1.215869672055745e-05
338,343,contact,0.00195820664805837,-4.179335194162996e-05,4.179335194162996e-05,0.00014455682609553578,0.00014455682609553578,0.0,0.00014455682609553578,300.3526690469945,300.43002686379134,-1.1182600469832281e-05
338,353,contact,0.0018913098879083767,-0.00010869011209162335,0.00010869011209162335,0.00023312026090799504,0.00023312026090799504,0.0,0.00023312026090799504,300.3526690469945,300.3568606646353,-9.771509980497224e-07
338,448,contact,0.002144005406732921,-0.00010599459326707944,0.00010599459326707944,0.00024266414063140327,0.00024266414063140327,0.0,0.00024266414063140327,300.3526690469945,300.32542068754117,6.612199730356479e-06
338,450,contact,0.0021861534653587343,-6.384653464126594e-05,6.384653464126594e-05,0.00018833559680242479,0.00018833559680242479,0.0,0.00018833559680242479,300.3526690469945,300.2450762944716,2.0263545258019544e-05
338,474,contact,0.0021759121014415994,-7.408789855840089e-05,7.408789855840089e-05,0.00020287913555502954,0.00020287913555502954,0.0,0.00020287913555502954,300.3526690469945,300.4395494711104,-1.7626225341291834e-05
339,349,contact,0.0018738826317291066,-0.0001261173682708934,0.0001261173682708934,0.00025111488234560433,0.00025111488234560433,0.0,0.00025111488234560433,300.3568476402306,300.2740133754082,2.0800916665074674e-05
340,351,contact,0.001900782868820108,-9.9217131179892e-05,9.9217131179892e-05,0.0002227298040001517,0.0002227298040001517,0.0,0.0002227298040001517,300.16624890744765,300.0609947396967,2.3443240153369663e-05
340,365,contact,0.0018342044827117834,-0.00016579551728821665,0.00016579551728821665,0.0002879197086760619,0.0002879197086760619,0.0,0.0002879197086760619,300.16624890744765,300.0531411558295,3.2565950894900645e-05
340,366,contact,0.0018723225656921403,-0.00012767743430785973,0.00012767743430785973,0.0002526632485224748,0.0002526632485224748,0.0,0.0002526632485224748,300.16624890744765,300.21159534823204,-1.1457379037514837e-05
340,462,contact,0.002091916955545798,-0.0001580830444542023,0.0001580830444542023,0.0002963509972746303,0.0002963509972746303,0.0,0.0002963509972746303,300.16624890744765,300.26827392744127,-3.023521642207296e-05
341,342,contact,0.0019207346213363273,-7.92653786636727e-05,7.92653786636727e-05,0.00019907960551456886,0.00019907960551456886,0.0,0.00019907960551456886,300.0945950568278,300.1603189660933,-1.3084289929451141e-05
341,357,contact,0.0019324895127529147,-6.751048724708535e-05,6.751048724708535e-05,0.00018372600149010667,0.00018372600149010667,0.0,0.00018372600149010667,300.0945950568278,300.06095436897886,6.180669065865935e-06
341,361,contact,0.0019030442611773376,-9.695573882266247e-05,9.695573882266247e-05,0.00022017690480913578,0.00022017690480913578,0.0,0.00022017690480913578,300.0945950568278,300.1156644285159,-4.638989044559014e-06
342,356,contact,0.0019742122774666355,-2.5787722533364508e-05,2.5787722533364508e-05,0.00011355113943365894,0.00011355113943365894,0.0,0.00011355113943365894,300.1603189660933,300.1872362017189,-3.0564827756915606e-06
342,357,contact,0.00196349591058907,-3.6504089410930186e-05,3.6504089410930186e-05,0.0001351001284435551,0.0001351001284435551,0.0,0.0001351001284435551,300.1603189660933,300.06095436897886,1.3424169832905486e-05
342,364,contact,0.001997720867113322,-2.27913288667822e-06,2.27913288667822e-06,3.3757465001672e-05,3.3757465001672e-05,0.0,3.3757465001672e-05,300.1603189660933,300.2108493979931,-1.7057792863769177e-06
342,366,contact,0.00186748188842623,-0.00013251811157377006,0.00013251811157377006,0.000257408344439113,0.000257408344439113,0.0,0.000257408344439113,300.1603189660933,300.21159534823204,-1.3198968635156218e-05
342,450,contact,0.002098082463965609,-0.00015191753603439146,0.00015191753603439146,0.0002905144249950723,0.0002905144249950723,0.0,0.0002905144249950723,300.1603189660933,300.2450762944716,-2.4623226517928568e-05
343,353,contact,0.0019252265684848615,-7.477343151513849e-05,7.477343151513849e-05,0.0001933564474166022,0.0001933564474166022,0.0,0.0001933564474166022,300.43002686379134,300.3568606646353,1.4147156339789156e-05
343,362,contact,0.0018483930836810667,-0.00015160691631893337,0.00015160691631893337,0.0002753242781874978,0.0002753242781874978,0.0,0.0002753242781874978,300.43002686379134,300.4296040065527,1.1642286399892406e-07
343,474,contact,0.0021740078908090476,-7.599210919095271e-05,7.599210919095271e-05,0.00020546979933658906,0.00020546979933658906,0.0,0.00020546979933658906,300.43002686379134,300.4395494711104,-1.956608215010483e-06
343,488,contact,0.0020795564185902725,-0.0001704435814097278,0.0001704435814097278,0.00030771883036460396,0.00030771883036460396,0.0,0.00030771883036460396,300.43002686379134,300.46606729487155,-1.1090319297838219e-05
344,348,contact,0.0017791936957228679,-0.00022080630427713218,0.00022080630427713218,0.00033226969789399406,0.00033226969789399406,0.0,0.00033226969789399406,300.05736276052704,300.2031017251266,-4.842464173887898e-05
344,355,contact,0.0019005364462276217,-9.946355377237837e-05,9.946355377237837e-05,0.00022300622611530198,0.00022300622611530198,0.0,0.00022300622611530198,300.05736276052704,300.06400813087663,-1.4819589628001717e-06
345,360,contact,0.0018127534052098755,-0.00018724659479012456,0.00018724659479012456,0.00030597924340559815,0.00030597924340559815,0.0,0.00030597924340559815,300.29408489969967,300.360068830563,-2.0189713242496242e-05
345,366,contact,0.001897305567482476,-0.00010269443251752415,0.00010269443251752415,0.00022659924152291876,0.00022659924152291876,0.0,0.00022659924152291876,300.29408489969967,300.21159534823204,1.869206979613104e-05
346,463,contact,0.0021400116091741194,-0.00010998839082588087,0.00010998839082588087,0.0002471935710529985,0.0002471935710529985,0.0,0.0002471935710529985,300.2576183966494,300.34336624171397,-2.1196316031614874e-05
346,497,contact,0.0021396967516916963,-0.000110303248308304,0.000110303248308304,0.00024754713166082583,0.00024754713166082583,0.0,0.00024754713166082583,300.2576183966494,300.28120317049667,-5.838343116765863e-06
347,443,contact,0.002142320758896762,-0.00010767924110323835,0.00010767924110323835,0.00024458495581885283,0.00024458495581885283,0.0,0.00024458495581885283,300.4537965174894,300.48108559318604,-6.674497373593879e-06
347,463,contact,0.002188831304372267,-6.116869562773327e-05,6.116869562773327e-05,0.00018434372428177218,0.00018434372428177218,0.0,0.00018434372428177218,300.4537965174894,300.34336624171397,2.0357128309910858e-05
350,351,contact,0.0019938761757190442,-6.123824280955797e-06,6.123824280955797e-06,5.533454744079777e-05,5.533454744079777e-05,0.0,5.533454744079777e-05,300.05106372199185,300.0609947396967,-5.495283703240777e-07
350,357,contact,0.001913400793142933,-8.659920685706699e-05,8.659920685706699e-05,0.00020808556756424386,0.00020808556756424386,0.0,0.00020808556756424386,300.05106372199185,300.06095436897886,-2.0581008918681056e-06
352,365,contact,0.0019673891374125765,-3.2610862587423555e-05,3.2610862587423555e-05,0.00012769272216423214,0.00012769272216423214,0.0,0.00012769272216423214,300.0681267553388,300.0531411558295,1.913551994607569e-06
352,467,contact,0.002190198722223865,-5.980127777613538e-05,5.980127777613538e-05,0.00018227158883888896,0.00018227158883888896,0.0,0.00018227158883888896,300.0681267553388,300.06563068148,4.5496334810670277e-07
355,457,contact,0.002187532417502653,-6.246758249734731e-05,6.246758249734731e-05,0.00018629066669730474,0.00018629066669730474,0.0,0.00018629066669730474,300.06400813087663,300.061580908997,4.521687821835554e-07
356,497,contact,0.0021623026884550647,-8.769731154493554e-05,8.769731154493554e-05,0.00022072772511869755,0.00022072772511869755,0.0,0.00022072772511869755,300.1872362017189,300.28120317049667,-2.0741115254612342e-05
358,455,contact,0.002201687760105869,-4.831223989413148e-05,4.831223989413148e-05,0.00016382958607808753,0.00016382958607808753,0.0,0.00016382958607808753,300.06796419803845,300.17355507779087,-1.7298910123458862e-05
359,420,contact,0.002069718232811474,-0.00018028176718852627,0.00018028176718852627,0.0003164751764782809,0.0003164751764782809,0.0,0.0003164751764782809,300.5536877456716,300.60966600295455,-1.771572885257107e-05
359,434,contact,0.002060204744533902,-0.00018979525546609834,0.00018979525546609834,0.00032471804475926014,0.00032471804475926014,0.0,0.00032471804475926014,300.5536877456716,300.4389497742047,3.725748975438294e-05
361,364,contact,0.0019505903442035182,-4.940965579648183e-05,4.940965579648183e-05,0.00015717769529497789,0.00015717769529497789,0.0,0.00015717769529497789,300.1156644285159,300.2108493979931,-1.4960954129149464e-05
361,457,contact,0.002145322321704877,-0.00010467767829512326,0.00010467767829512326,0.00024115195566180452,0.00024115195566180452,0.0,0.00024115195566180452,300.1156644285159,300.061580908997,1.3042346501065804e-05
361,492,contact,0.0021871019967985026,-6.28980032014977e-05,6.28980032014977e-05,0.00018693136470893042,0.00018693136470893042,0.0,0.00018693136470893042,300.1156644285159,300.1302172641016,-2.7203814164149963e-06
364,450,contact,0.0021226083628639557,-0.00012739163713604458,0.00012739163713604458,0.0002660322005740038,0.0002660322005740038,0.0,0.0002660322005740038,300.2108493979931,300.2450762944716,-9.105456588982802e-06
364,492,contact,0.002194542954261775,-5.545704573822535e-05,5.545704573822535e-05,0.0001755262654264872,0.0001755262654264872,0.0,0.0001755262654264872,300.2108493979931,300.1302172641016,1.4153057335348186e-05
367,453,contact,0.0022401374797096727,-9.862520290327553e-06,9.862520290327553e-06,7.402146944684942e-05,7.402146944684942e-05,0.0,7.402146944684942e-05,300.0559071642076,300.08178733015626,-1.915687913047344e-06
367,469,contact,0.002071529617480765,-0.00017847038251923505,0.00017847038251923505,0.00031488126732259915,0.00031488126732259915,0.0,0.00031488126732259915,300.0559071642076,300.1856890208262,-4.086587548754223e-05
368,409,contact,0.0022114123539322106,-3.858764606778963e-05,3.858764606778963e-05,0.0001464157817612979,0.0001464157817612979,0.0,0.0001464157817612979,300.6635244497144,300.70838417026954,-6.5681710546780536e-06
368,413,contact,0.0021998157426360286,-5.0184257363971706e-05,5.0184257363971706e-05,0.00016697347987026047,0.00016697347987026047,0.0,0.00016697347987026047,300.6635244497144,300.7885365860948,-2.08737114374519e-05
368,445,contact,0.0022077451632389004,-4.2254836761099895e-05,4.2254836761099895e-05,0.00015321523851015006,0.00015321523851015006,0.0,0.00015321523851015006,300.6635244497144,300.5525322586745,1.700569502293995e-05
369,388,contact,0.0019491505305901855,-5.084946940981457e-05,5.084946940981457e-05,0.0001594513552934163,0.0001594513552934163,0.0,0.0001594513552934163,300.69500567001194,300.7029400663383,-1.2651502476690728e-06
369,391,contact,0.0019482592033402539,-5.174079665974619e-05,5.174079665974619e-05,0.0001608427751870537,0.0001608427751870537,0.0,0.0001608427751870537,300.69500567001194,300.63029508342095,1.0408230331277091e-05
369,402,contact,0.0022228626431023573,-2.7137356897642944e-05,2.7137356897642944e-05,0.00012278562370073874,0.00012278562370073874,0.0,0.00012278562370073874,300.69500567001194,300.8409317356434,-1.791762298275163e-05
369,418,contact,0.0021438258203501513,-0.00010617417964984893,0.00010617417964984893,0.00024286962626278978,0.00024286962626278978,0.0,0.00024286962626278978,300.69500567001194,300.65038925197075,1.0835972774847476e-05
370,379,contact,0.0018487104624034564,-0.00015128953759654365,0.00015128953759654365,0.00027503594092094915,0.00027503594092094915,0.0,0.00027503594092094915,300.7581081492127,300.6518324814899,2.922962826914191e-05
370,384,contact,0.0019659337166852797,-3.406628331472034e-05,3.406628331472034e-05,0.00013051107867671685,0.00013051107867671685,0.0,0.00013051107867671685,300.7581081492127,300.76552791093894,-9.683611064139368e-07
370,402,contact,0.0021430560111438987,-0.00010694398885610157,0.00010694398885610157,0.0002437484915692375,0.0002437484915692375,0.0,0.0002437484915692375,300.7581081492127,300.8409317356434,-2.0188124258828586e-05
370,411,contact,0.0020810403404307194,-0.0001689596595692809,0.0001689596595692809,0.0003063763658288436,0.0003063763658288436,0.0,0.0003063763658288436,300.7581081492127,300.82621322326156,-2.0865785081589254e-05
370,418,contact,0.002069593241871456,-0.00018040675812854446,0.00018040675812854446,0.0003165848649858048,0.0003165848649858048,0.0,0.0003165848649858048,300.7581081492127,300.65038925197075,3.410217253976767e-05
370,421,contact,0.0020692925975076596,-0.00018070740249234067,0.00018070740249234067,0.0003168485464455119,0.0003168485464455119,0.0,0.0003168485464455119,300.7581081492127,300.82536277480926,-2.1309530362003083e-05
372,402,contact,0.002166135473186292,-8.386452681370844e-05,8.386452681370844e-05,0.00021585041993332692,0.00021585041993332692,0.0,0.00021585041993332692,300.92925044248807,300.8409317356434,1.9063629960394447e-05
372,408,contact,0.002178379398538281,-7.162060146171908e-05,7.162060146171908e-05,0.0001994723615799652,0.0001994723615799652,0.0,0.0001994723615799652,300.92925044248807,300.8762926677671,1.056361238761649e-05
372,419,contact,0.002231168788230958,-1.8831211769042375e-05,1.8831211769042375e-05,0.00010228286423509391,0.00010228286423509391,0.0,0.00010228286423509391,300.92925044248807,300.9317922596814,-2.5998434289605175e-07
374,411,contact,0.0020358979687403298,-0.0002141020312596705,0.0002141020312596705,0.0003448848690824797,0.0003448848690824797,0.0,0.0003448848690824797,300.93038600661487,300.82621322326156,3.5927616748762436e-05
374,417,contact,0.002112713787951647,-0.0001372862120483532,0.0001372862120483532,0.0002761704506362704,0.0002761704506362704,0.0,0.0002761704506362704,300.93038600661487,300.8603470627286,1.9342686695164753e-05
374,429,contact,0.0021541550110335595,-9.584498896644074e-05,9.584498896644074e-05,0.00023075358305445025,0.00023075358305445025,0.0,0.00023075358305445025,300.93038600661487,300.88965766233366,9.39821137476348e-06
375,377,contact,0.001967951586208614,-3.204841379138594e-05,3.204841379138594e-05,0.00012658675639928913,0.00012658675639928913,0.0,0.00012658675639928913,300.9450666725263,300.9335593361189,1.456676390610644e-06
375,405,contact,0.0022279589470284226,-2.2041052971577633e-05,2.2041052971577633e-05,0.00011065726107515151,0.00011065726107515151,0.0,0.00011065726107515151,300.9450666725263,300.92469784436355,2.2539587358013434e-06
375,411,contact,0.0021401287798877905,-0.00010987122011220981,0.00010987122011220981,0.00024706186822131307,0.00024706186822131307,0.0,0.00024706186822131307,300.9450666725263,300.82621322326156,2.936415521989562e-05
376,384,contact,0.001888972657239908,-0.0001110273427600921,0.0001110273427600921,0.00023561339388932466,0.00023561339388932466,0.0,0.00023561339388932466,300.750693075405,300.76552791093894,-3.4952859479363875e-06
376,396,contact,0.0019989121262326674,-1.0878737673326692e-06,1.0878737673326692e-06,2.332245449489257e-05,2.332245449489257e-05,0.0,2.332245449489257e-05,300.750693075405,300.7930664365321,-9.882507866822166e-07
376,397,contact,0.0019104310731350657,-8.956892686493435e-05,8.956892686493435e-05,0.0002116234000115941,0.0002116234000115941,0.0,0.0002116234000115941,300.750693075405,300.6946207409333,1.1866218067490067e-05
376,400,contact,0.0019248185370055026,-7.518146299449746e-05,7.518146299449746e-05,0.0001938832934970126,0.0001938832934970126,0.0,0.0001938832934970126,300.750693075405,300.7050524202939,8.84896053030687e-06
376,401,contact,0.0021955458514456034,-5.445414855439687e-05,5.445414855439687e-05,0.00017393189688048223,0.00017393189688048223,0.0,0.00017393189688048223,300.750693075405,300.6586959401292,1.6001236246098332e-05
376,411,contact,0.0022412261165040887,-8.773883495911527e-06,8.773883495911527e-06,6.981675815984904e-05,6.981675815984904e-05,0.0,6.981675815984904e-05,300.750693075405,300.82621322326156,-5.272571899095873e-06
376,417,contact,0.0021411888778199834,-0.00010881112218001686,0.00010881112218001686,0.0002458670848921073,0.0002458670848921073,0.0,0.0002458670848921073,300.750693075405,300.8603470627286,-2.6960306210038373e-05
377,402,contact,0.0021766049468934408,-7.339505310655949e-05,7.339505310655949e-05,0.00020192827811786086,0.00020192827811786086,0.0,0.00020192827811786086,300.9335593361189,300.8409317356434,1.8704131870208793e-05
377,419,contact,0.0022176100149397322,-3.238998506026802e-05,3.238998506026802e-05,0.00013414334178256238,0.00013414334178256238,0.0,0.00013414334178256238,300.9335593361189,300.9317922596814,2.370415385099209e-07
377,421,contact,0.0020536388005589,-0.00019636119944110028,0.00019636119944110028,0.0003302870800456108,0.0003302870800456108,0.0,0.0003302870800456108,300.9335593361189,300.82536277480926,3.573592630593223e-05
378,399,contact,0.001820842615974555,-0.000179157384025445,0.000179157384025445,0.0002992969963309397,0.0002992969963309397,0.0,0.0002992969963309397,300.7005934206843,300.6528264402233,1.4296513775777754e-05
379,388,contact,0.001985765905966763,-1.4234094033237048e-05,1.4234094033237048e-05,8.436259251954342e-05,8.436259251954342e-05,0.0,8.436259251954342e-05,300.6518324814899,300.7029400663383,-4.311568355219584e-06
379,400,contact,0.0018829896839335043,-0.00011701031606649575,0.00011701031606649575,0.0002418783951353404,0.0002418783951353404,0.0,0.0002418783951353404,300.6518324814899,300.7050524202939,-1.2872753387107016e-05
379,406,contact,0.0021417022578547194,-0.00010829774214528081,0.00010829774214528081,0.00024528638833603016,0.00024528638833603016,0.0,0.00024528638833603016,300.6518324814899,300.58318822693684,1.683750127934362e-05
379,410,contact,0.0021049401400752466,-0.0001450598599247537,0.0001450598599247537,0.0002838816849839165,0.0002838816849839165,0.0,0.0002838816849839165,300.6518324814899,300.5478115106995,2.9529648461649918e-05
379,418,contact,0.0022481072274693667,-1.8927725306335137e-06,1.8927725306335137e-06,3.2427462046796026e-05,3.2427462046796026e-05,0.0,3.2427462046796026e-05,300.6518324814899,300.65038925197075,4.680027045764244e-08
380,389,contact,0.0018746294060493665,-0.00012537059395063355,0.00012537059395063355,0.00025037031967730674,0.00025037031967730674,0.0,0.00025037031967730674,300.92351340684235,300.8012195465801,3.0618752888426933e-05
380,390,contact,0.0018808821119679453,-0.00011911788803205476,0.00011911788803205476,0.00024404701189735428,0.00024404701189735428,0.0,0.00024404701189735428,300.92351340684235,300.92484542913365,-3.2507605997438985e-07
380,423,contact,0.0021774220059568154,-7.257799404318489e-05,7.257799404318489e-05,0.00020080116484166467,0.00020080116484166467,0.0,0.00020080116484166467,300.92351340684235,300.85831932212324,1.3091048152383443e-05
381,391,contact,0.0018538037785051568,-0.0001461962214948432,0.0001461962214948432,0.0002703666228428014,0.0002703666228428014,0.0,0.0002703666228428014,300.65039955686075,300.63029508342095,5.4355785879518055e-06
381,393,contact,0.0019726076731068445,-2.7392326893155555e-05,2.7392326893155555e-05,0.0001170306090156664,0.0001170306090156664,0.0,0.0001170306090156664,300.65039955686075,300.5319604243998,1.3861003803190415e-05
381,404,contact,0.0021104834731564778,-0.00013951652684352249,0.00013951652684352249,0.0002784047082571247,0.0002784047082571247,0.0,0.0002784047082571247,300.65039955686075,300.5614162149996,2.477338133059396e-05
381,407,contact,0.0021073721523249575,-0.00014262784767504278,0.00014262784767504278,0.00028149190601649905,0.00028149190601649905,0.0,0.00028149190601649905,300.65039955686075,300.7185157451242,-1.9174155664855974e-05
381,412,contact,0.0021682374256063374,-8.176257439366282e-05,8.176257439366282e-05,0.00021312825350226045,0.00021312825350226045,0.0,0.00021312825350226045,300.65039955686075,300.6242306385919,5.577335846686718e-06
381,427,contact,0.0020514271746518323,-0.000198572825348168,0.000198572825348168,0.0003321418918241687,0.0003321418918241687,0.0,0.0003321418918241687,300.65039955686075,300.72768993069593,-2.5671370985414876e-05
382,396,contact,0.0019326043975940867,-6.739560240591339e-05,6.739560240591339e-05,0.0001835696086038119,0.0001835696086038119,0.0,0.0001835696086038119,300.73298334029914,300.7930664365321,-1.1029430459191902e-05
382,397,contact,0.0019017281881488724,-9.827181185112759e-05,9.827181185112759e-05,0.00022166620384164067,0.00022166620384164067,0.0,0.00022166620384164067,300.73298334029914,300.6946207409333,8.503691770920303e-06
382,420,contact,0.002162408022345838,-8.75919776541622e-05,8.75919776541622e-05,0.00022059512643725357,0.00022059512643725357,0.0,0.00022059512643725357,300.73298334029914,300.60966600295455,2.720320362343483e-05
382,428,contact,0.0022176380378163526,-3.236196218364771e-05,3.236196218364771e-05,0.00013408530075964436,0.00013408530075964436,0.0,0.00013408530075964436,300.73298334029914,300.8304539800038,-1.3069380040037168e-05
383,387,contact,0.0018849807850224894,-0.00011501921497751068,0.00011501921497751068,0.00023981160832777746,0.00023981160832777746,0.0,0.00023981160832777746,300.94641575819605,300.92767532717795,4.494172903206881e-06
383,421,contact,0.002015872975524252,-0.00023412702447574846,0.00023412702447574846,0.0003606529760769951,0.0003606529760769951,0.0,0.0003606529760769951,300.94641575819605,300.82536277480926,4.365811872144468e-05
384,401,contact,0.0020376730478661184,-0.00021232695213388181,0.00021232695213388181,0.0003434522060668072,0.0003434522060668072,0.0,0.0003434522060668072,300.76552791093894,300.6586959401292,3.669167605307843e-05
384,421,contact,0.0020352672416417464,-0.00021473275835825383,0.00021473275835825383,0.0003453924968288926,0.0003453924968288926,0.0,0.0003453924968288926,300.76552791093894,300.82536277480926,-2.066651302958722e-05
384,424,contact,0.002134179273163339,-0.00011582072683666116,0.00011582072683666116,0.0002536628633493471,0.0002536628633493471,0.0,0.0002536628633493471,300.76552791093894,300.84629972675555,-2.0488810077965846e-05
385,397,contact,0.001854744040292352,-0.00014525595970764794,0.00014525595970764794,0.00026949578819310694,0.00026949578819310694,0.0,0.00026949578819310694,300.59962109357474,300.6946207409333,-2.5602004842966926e-05
385,401,contact,0.0021732608784957234,-7.673912150427684e-05,7.673912150427684e-05,0.00020647722702553373,0.00020647722702553373,0.0,0.00020647722702553373,300.59962109357474,300.6586959401292,-1.2197610503519254e-05
385,420,contact,0.0021626808401752373,-8.7319159824763e-05,8.7319159824763e-05,0.00022025132087479194,0.00022025132087479194,0.0,0.00022025132087479194,300.59962109357474,300.60966600295455,-2.2124045589717806e-06
385,449,contact,0.0021128384082319215,-0.00013716159176807878,0.00013716159176807878,0.00027604507660090465,0.00027604507660090465,0.0,0.00027604507660090465,300.59962109357474,300.47279415262835,3.5009952628603784e-05
386,410,contact,0.0021257183891804673,-0.00012428161081953293,0.00012428161081953293,0.000262764798525573,0.000262764798525573,0.0,0.000262764798525573,300.55687653953765,300.5478115106995,2.3819704762890113e-06
386,418,contact,0.002097086463739633,-0.00015291353626036746,0.00015291353626036746,0.0002914652030501978,0.0002914652030501978,0.0,0.0002914652030501978,300.55687653953765,300.65038925197075,-2.7255701717087112e-05
386,438,contact,0.0020664806315085563,-0.000183519368491444,0.000183519368491444,0.00031930425101690845,0.00031930425101690845,0.0,0.00031930425101690845,300.55687653953765,300.48698975333195,2.2315147925389845e-05
386,490,contact,0.0022455302144927815,-4.469785507218733e-06,4.469785507218733e-06,4.983185899278767e-05,4.983185899278767e-05,0.0,4.983185899278767e-05,300.55687653953765,300.5432023602274,6.814097752315432e-07
386,491,contact,0.0022224469599970214,-2.7553040002978833e-05,2.7553040002978833e-05,0.0001237224492406263,0.0001237224492406263,0.0,0.0001237224492406263,300.55687653953765,300.5417040825433,1.8771735403425276e-06
387,390,contact,0.0019026747513332374,-9.732524866676263e-05,9.732524866676263e-05,0.00022059606599706468,0.00022059606599706468,0.0,0.00022059606599706468,300.92767532717795,300.92484542913365,6.242643757446825e-07
387,403,contact,0.0021849579784211483,-6.504202157885195e-05,6.504202157885195e-05,0.0001900906531965618,0.0001900906531965618,0.0,0.0001900906531965618,300.92767532717795,300.91785973204406,1.865852890513525e-06
387,413,contact,0.0021169417380327215,-0.00013305826196727873,0.00013305826196727873,0.0002718846384930347,0.0002718846384930347,0.0,0.0002718846384930347,300.92767532717795,300.7885365860948,3.7829686319774334e-05
387,424,contact,0.002087285848230903,-0.0001627141517690973,0.0001627141517690973,0.0003006605244837304,0.0003006605244837304,0.0,0.0003006605244837304,300.92767532717795,300.84629972675555,2.4466430703178657e-05
388,406,contact,0.002247607010800598,-2.392989199402444e-06,2.392989199402444e-06,3.646146519426323e-05,3.646146519426323e-05,0.0,3.646146519426323e-05,300.7029400663383,300.58318822693684,4.366327524284276e-06
389,413,contact,0.002141333687704932,-0.00010866631229506816,0.00010866631229506816,0.00024570342589646583,0.00024570342589646583,0.0,0.00024570342589646583,300.8012195465801,300.7885365860948,3.1162468417564524e-06
389,415,contact,0.0021567044717481576,-9.329552825184263e-05,9.329552825184263e-05,0.00022766389487312533,0.00022766389487312533,0.0,0.00022766389487312533,300.8012195465801,300.67085272101895,2.9679819269500888e-05
389,416,contact,0.0021221135789820495,-0.00012788642101795077,0.00012788642101795077,0.0002665483289698874,0.0002665483289698874,0.0,0.0002665483289698874,300.8012195465801,300.7322637452175,1.8380053625985763e-05
389,423,contact,0.0021804327443193474,-6.956725568065284e-05,6.956725568065284e-05,0.00019659215492521685,0.00019659215492521685,0.0,0.00019659215492521685,300.8012195465801,300.85831932212324,-1.1225367919768584e-05
390,398,contact,0.001903338999309776,-9.666100069022398e-05,9.666100069022398e-05,0.00021984198949498248,0.00021984198949498248,0.0,0.00021984198949498248,300.92484542913365,300.89496377007004,6.569243377956838e-06
390,413,contact,0.002128744590907044,-0.00012125540909295636,0.00012125540909295636,0.0002595459808256594,0.0002595459808256594,0.0,0.0002595459808256594,300.92484542913365,300.7885365860948,3.537841236173584e-05
391,490,contact,0.002121904177855353,-0.00012809582214464744,0.00012809582214464744,0.00026676646272707377,0.00026676646272707377,0.0,0.00026676646272707377,300.63029508342095,300.5432023602274,2.323341769561521e-05
392,398,contact,0.0019041672614848774,-9.583273851512266e-05,9.583273851512266e-05,0.00021889807961140574,0.00021889807961140574,0.0,0.00021889807961140574,300.9171223670667,300.89496377007004,4.850474329458403e-06
393,459,contact,0.0022235265752853055,-2.6473424714694785e-05,2.6473424714694785e-05,0.00012127430962421694,0.00012127430962421694,0.0,0.00012127430962421694,300.5319604243998,300.41766578239253,1.3861003803179947e-05
394,415,contact,0.002209184242156366,-4.0815757843634237e-05,4.0815757843634237e-05,0.00015058360144531424,0.00015058360144531424,0.0,0.00015058360144531424,300.6270949044746,300.67085272101895,-6.5892096066347486e-06
394,416,contact,0.00209866621035838,-0.00015133378964162034,0.00015133378964162034,0.000289955733826179,0.000289955733826179,0.0,0.000289955733826179,300.6270949044746,300.7322637452175,-3.0494308393261824e-05
394,445,contact,0.0020686791045495664,-0.00018132089545043386,0.00018132089545043386,0.0003173859335348632,0.0003173859335348632,0.0,0.0003173859335348632,300.6270949044746,300.5525322586745,2.3665134944089527e-05
394,496,contact,0.0021313134336113913,-0.00011868656638860898,0.00011868656638860898,0.0002567819723559366,0.0002567819723559366,0.0,0.0002567819723559366,300.6270949044746,300.57483896558364,1.3418383055726137e-05
395,404,contact,0.0021770112040981784,-7.298879590182184e-05,7.298879590182184e-05,0.00020136864467083175,0.00020136864467083175,0.0,0.00020136864467083175,300.5780756022356,300.5614162149996,3.354678228752076e-06
395,412,contact,0.0021283743242758806,-0.00012162567572411966,0.00012162567572411966,0.00025994195476439187,0.00025994195476439187,0.0,0.00025994195476439187,300.5780756022356,300.6242306385919,-1.1997630372680945e-05
395,496,contact,0.002197570007298061,-5.242999270193942e-05,5.242999270193942e-05,0.00017066860790227264,0.00017066860790227264,0.0,0.00017066860790227264,300.5780756022356,300.57483896558364,5.523922716710616e-07
396,399,contact,0.001973443818126069,-2.655618187393091e-05,2.655618187393091e-05,0.00011523059896123709,0.00011523059896123709,0.0,0.00011523059896123709,300.7930664365321,300.6528264402233,1.6159938772987175e-05
396,424,contact,0.0021875801724736852,-6.241982752631502e-05,6.241982752631502e-05,0.00018621944570603764,0.00018621944570603764,0.0,0.00018621944570603764,300.7930664365321,300.84629972675555,-9.913073798516065e-06
396,425,contact,0.0022089334432028505,-4.106655679714981e-05,4.106655679714981e-05,0.00015104553543946389,0.00015104553543946389,0.0,0.00015104553543946389,300.7930664365321,300.9139872314905,-1.8264546220258416e-05
399,401,contact,0.0020393007859803324,-0.00021069921401966783,0.00021069921401966783,0.0003421331888312145,0.0003421331888312145,0.0,0.0003421331888312145,300.6528264402233,300.6586959401292,-2.008150719644732e-06
399,420,contact,0.0020412705083315275,-0.0002087294916684728,0.0002087294916684728,0.0003405302170214959,0.0003405302170214959,0.0,0.0003405302170214959,300.6528264402233,300.60966600295455,1.4697433069866304e-05
399,430,contact,0.0021756839333873833,-7.431606661261695e-05,7.431606661261695e-05,0.00020319129822331489,0.00020319129822331489,0.0,0.00020319129822331489,300.6528264402233,300.71374958271355,-1.2379052414438547e-05
399,436,contact,0.002140080072917834,-0.00010991992708216623,0.00010991992708216623,0.00024711662460619486,0.00024711662460619486,0.0,0.00024711662460619486,300.6528264402233,300.5497368386201,2.5475154380177064e-05
400,411,contact,0.0020820231714608747,-0.00016797682853912557,0.00016797682853912557,0.0003054839771567638,0.0003054839771567638,0.0,0.0003054839771567638,300.7050524202939,300.82621322326156,-3.701268396606946e-05
401,410,contact,0.0022795633965520673,-0.00022043660344793275,0.00022043660344793275,0.0003711776894628205,0.0003711776894628205,0.0,0.0003711776894628205,300.6586959401292,300.5478115106995,4.115782631311502e-05
401,430,contact,0.0023948843746828363,-0.00010511562531716374,0.00010511562531716374,0.00025631477878426624,0.00025631477878426624,0.0,0.00025631477878426624,300.6586959401292,300.71374958271355,-1.411106222028056e-05
401,436,contact,0.002482360982693694,-1.7639017306305977e-05,1.7639017306305977e-05,0.00010499707527565344,0.00010499707527565344,0.0,0.00010499707527565344,300.6586959401292,300.5497368386201,1.144038698311558e-05
402,421,contact,0.002473870478743783,-2.612952125621718e-05,2.612952125621718e-05,0.0001277926084917893,0.0001277926084917893,0.0,0.0001277926084917893,300.8409317356434,300.82536277480926,1.989598116498225e-06
403,424,contact,0.0024042104143181405,-9.578958568185955e-05,9.578958568185955e-05,0.00024468038550558605,0.00024468038550558605,0.0,0.00024468038550558605,300.91785973204406,300.84629972675555,1.750932968077634e-05
404,488,contact,0.0024306915004059107,-6.930849959408932e-05,6.930849959408932e-05,0.00020812931616258633,0.00020812931616258633,0.0,0.00020812931616258633,300.5614162149996,300.46606729487155,1.9844905543094274e-05
405,429,contact,0.0024015458517588207,-9.84541482411793e-05,9.84541482411793e-05,0.00024806015933788537,0.00024806015933788537,0.0,0.00024806015933788537,300.92469784436355,300.88965766233366,8.692073137562639e-06
406,443,contact,0.002413350393560786,-8.664960643921422e-05,8.664960643921422e-05,0.0002327144259054623,0.0002327144259054623,0.0,0.0002327144259054623,300.58318822693684,300.48108559318604,2.376075579675387e-05
406,490,contact,0.002394494197132247,-0.00010550580286775284,0.00010550580286775284,0.00025679004418463253,0.00025679004418463253,0.0,0.00025679004418463253,300.58318822693684,300.5432023602274,1.026797247908247e-05
407,414,contact,0.0024484658076276314,-5.1534192372368684e-05,5.1534192372368684e-05,0.00017946829868455995,0.00017946829868455995,0.0,0.00017946829868455995,300.7185157451242,300.80110292939645,-1.4821781454490087e-05
407,427,contact,0.002377232687059275,-0.00012276731294072517,0.00012276731294072517,0.00027700102994023906,0.00027700102994023906,0.0,0.00027700102994023906,300.7185157451242,300.72768993069593,-2.5412588522341203e-06
408,419,contact,0.002431257061686403,-6.874293831359707e-05,6.874293831359707e-05,0.00020727840323101239,0.00020727840323101239,0.0,0.00020727840323101239,300.8762926677671,300.9317922596814,-1.1503866791974429e-05
409,413,contact,0.0023661456553183287,-0.00013385434468167132,0.00013385434468167132,0.0002892385960172753,0.0002892385960172753,0.0,0.0002892385960172753,300.70838417026954,300.7885365860948,-2.3183172220685004e-05
409,415,contact,0.0023793610443575432,-0.00012063895564245683,0.00012063895564245683,0.00027458941581301986,0.00027458941581301986,0.0,0.00027458941581301986,300.70838417026954,300.67085272101895,1.0305738724336497e-05
409,422,contact,0.002492534402372547,-7.4655976274530696e-06,7.4655976274530696e-06,6.830811457768519e-05,6.830811457768519e-05,0.0,6.830811457768519e-05,300.70838417026954,300.6435729820896,4.4271300681106375e-06
410,449,contact,0.0023963096692205706,-0.00010369033077942949,0.00010369033077942949,0.00025457112314075105,0.00025457112314075105,0.0,0.00025457112314075105,300.5478115106995,300.47279415262835,1.9097253099221025e-05
410,464,contact,0.0024538578272793234,-4.614217272067662e-05,4.614217272067662e-05,0.00016982007522793908,0.00016982007522793908,0.0,0.00016982007522793908,300.5478115106995,300.52108096490724,4.539383297323348e-06
410,491,contact,0.00235846616598585,-0.00014153383401414995,0.00014153383401414995,0.0002974199829514549,0.0002974199829514549,0.0,0.0002974199829514549,300.5478115106995,300.5417040825433,1.816471178098044e-06
410,499,contact,0.00222071737904669,-0.0002792826209533101,0.0002792826209533101,0.0004177937746015596,0.0004177937746015596,0.0,0.0004177937746015596,300.5478115106995,300.43384059832346,4.761633767636628e-05
411,426,contact,0.00240201198841721,-9.798801158279009e-05,9.798801158279009e-05,0.0002474722352896256,0.0002474722352896256,0.0,0.0002474722352896256,300.82621322326156,300.9182597372085,-2.2778956557059898e-05
412,416,contact,0.0024001415400763363,-9.98584599236638e-05,9.98584599236638e-05,0.0002498230122552562,0.0002498230122552562,0.0,0.0002498230122552562,300.6242306385919,300.7322637452175,-2.6989156120503707e-05
412,418,contact,0.002410587541824606,-8.941245817539398e-05,8.941245817539398e-05,0.0002363954025771678,0.0002363954025771678,0.0,0.0002363954025771678,300.6242306385919,300.65038925197075,-6.183775940558052e-06
412,427,contact,0.002466924618001126,-3.307538199887397e-05,3.307538199887397e-05,0.00014377800161810648,0.00014377800161810648,0.0,0.00014377800161810648,300.6242306385919,300.72768993069593,-1.4875170267544032e-05
412,438,contact,0.002423941528502698,-7.605847149730208e-05,7.605847149730208e-05,0.0002180287703167034,0.0002180287703167034,0.0,0.0002180287703167034,300.6242306385919,300.48698975333195,2.992246145039785e-05
412,496,contact,0.0024101369724741973,-8.986302752580274e-05,8.986302752580274e-05,0.0002369902787112305,0.0002369902787112305,0.0,0.0002369902787112305,300.6242306385919,300.57483896558364,1.170534635223786e-05
413,416,contact,0.0024515361038336763,-4.846389616632377e-05,4.846389616632377e-05,0.00017404003879553794,0.00017404003879553794,0.0,0.00017404003879553794,300.7885365860948,300.7322637452175,9.793727409417662e-06
413,430,contact,0.0023315119221011937,-0.0001684880778988064,0.0001684880778988064,0.00032450739388610855,0.00032450739388610855,0.0,0.00032450739388610855,300.7885365860948,300.71374958271355,2.426893556379515e-05
414,419,contact,0.0024175311536772377,-8.246884632276234e-05,8.246884632276234e-05,0.00022703089867180296,0.00022703089867180296,0.0,0.00022703089867180296,300.80110292939645,300.9317922596814,-2.967051610140865e-05
415,487,contact,0.0024329273929947033,-6.707260700529677e-05,6.707260700529677e-05,0.00020474466874209567,0.00020474466874209567,0.0,0.00020474466874209567,300.67085272101895,300.56507963563394,2.165647532898333e-05
415,496,contact,0.002456728994339628,-4.327100566037202e-05,4.327100566037202e-05,0.0001644517513975832,0.0001644517513975832,0.0,0.0001644517513975832,300.67085272101895,300.57483896558364,1.578963023959566e-05
416,421,contact,0.0023348947464286265,-0.00016510525357137356,0.00016510525357137356,0.00032123322288036844,0.00032123322288036844,0.0,0.00032123322288036844,300.7322637452175,300.82536277480926,-2.9906501322798915e-05
416,427,contact,0.0024727575298237395,-2.7242470176260577e-05,2.7242470176260577e-05,0.000130485799457883,0.000130485799457883,0.0,0.000130485799457883,300.7322637452175,300.72768993069593,5.968178444183128e-07
417,425,contact,0.002426611669468355,-7.338833053164521e-05,7.338833053164521e-05,0.00021416747321261988,0.00021416747321261988,0.0,0.00021416747321261988,300.8603470627286,300.9139872314905,-1.1487979406444169e-05
418,427,contact,0.0024198028789345623,-8.019712106543779e-05,8.019712106543779e-05,0.00022388211332283474,0.00022388211332283474,0.0,0.00022388211332283474,300.65038925197075,300.72768993069593,-1.7306239314282834e-05
418,490,contact,0.00238407431742385,-0.00011592568257614991,0.00011592568257614991,0.0002691719740427924,0.0002691719740427924,0.0,0.0002691719740427924,300.65038925197075,300.5432023602274,2.8851707242073342e-05
420,473,contact,0.0024714049167653984,-2.8595083234601686e-05,2.8595083234601686e-05,0.00013368592678971879,0.00013368592678971879,0.0,0.00013368592678971879,300.60966600295455,300.45923857582113,2.0110030010924476e-05
421,426,contact,0.0023615292201664586,-0.0001384707798335414,0.0001384707798335414,0.00029418401961351227,0.00029418401961351227,0.0,0.00029418401961351227,300.82536277480926,300.9182597372085,-2.732880180848457e-05
421,427,contact,0.0022725041914152767,-0.00022749580858472335,0.00022749580858472335,0.00037707410460737303,0.00037707410460737303,0.0,0.00037707410460737303,300.82536277480926,300.72768993069593,3.682990023849065e-05
422,487,contact,0.0023855957067809522,-0.00011440429321904781,0.00011440429321904781,0.00026739985651062884,0.00026739985651062884,0.0,0.00026739985651062884,300.6435729820896,300.56507963563394,2.0989109579286026e-05
423,427,contact,0.0024505394582622015,-4.9460541737798586e-05,4.9460541737798586e-05,0.0001758204726023796,0.0001758204726023796,0.0,0.0001758204726023796,300.85831932212324,300.72768993069593,2.29673213365101e-05
424,425,contact,0.0024573253736735806,-4.267462632641947e-05,4.267462632641947e-05,0.00016331454758842574,0.00016331454758842574,0.0,0.00016331454758842574,300.84629972675555,300.9139872314905,-1.1054354213182153e-05
424,426,contact,0.0023660877653206356,-0.0001339122346793644,0.0001339122346793644,0.0002893011349348681,0.0002893011349348681,0.0,0.0002893011349348681,300.84629972675555,300.9182597372085,-2.0818112693956556e-05
424,430,contact,0.00232810389503991,-0.00017189610496009004,0.00017189610496009004,0.0003277728872253718,0.0003277728872253718,0.0,0.0003277728872253718,300.84629972675555,300.71374958271355,4.344634341478519e-05
425,428,contact,0.0024295703211896953,-7.042967881030473e-05,7.042967881030473e-05,0.00020980598003021855,0.00020980598003021855,0.0,0.00020980598003021855,300.9139872314905,300.8304539800038,1.7525775693277615e-05
431,454,contact,0.002342862147530025,-0.00015713785246997515,0.00015713785246997515,0.00031338659478946207,0.00031338659478946207,0.0,0.00031338659478946207,300.0789844761128,300.2409717133079,-5.076462866392274e-05
431,476,contact,0.0023895297292418996,-0.0001104702707581005,0.0001104702707581005,0.00026276209624641984,0.00026276209624641984,0.0,0.00026276209624641984,300.0789844761128,300.0657300919177,3.4827497755544224e-06
432,454,contact,0.002408208288865397,-9.179171113460295e-05,9.179171113460295e-05,0.00023951997716083485,0.00023951997716083485,0.0,0.00023951997716083485,300.3130787889928,300.2409717133079,1.727108512118802e-05
432,472,contact,0.0023873077659256423,-0.00011269223407435773,0.00011269223407435773,0.0002653914962776192,0.0002653914962776192,0.0,0.0002653914962776192,300.3130787889928,300.4305678959611,-3.118060989462896e-05
432,481,contact,0.002341864923101765,-0.00015813507689823496,0.00015813507689823496,0.00031437942531501145,0.00031437942531501145,0.0,0.00031437942531501145,300.3130787889928,300.3093216295199,1.1811736359107855e-06
432,486,contact,0.0023262812486224975,-0.00017371875137750254,0.00017371875137750254,0.00032950602363377075,0.00032950602363377075,0.0,0.00032950602363377075,300.3130787889928,300.34008463298835,-8.898588269844059e-06
432,493,contact,0.002395832355624935,-0.00010416764437506509,0.00010416764437506509,0.0002551563789804513,0.0002551563789804513,0.0,0.0002551563789804513,300.3130787889928,300.3393376896336,-6.700126003517053e-06
433,435,contact,0.002370328192803689,-0.00012967180719631113,0.00012967180719631113,0.0002846838237373077,0.0002846838237373077,0.0,0.0002846838237373077,300.0783921923408,300.0722868139463,1.7381024667158474e-06
433,437,contact,0.0023522266603265758,-0.00014777333967342429,0.00014777333967342429,0.0003039051452277342,0.0003039051452277342,0.0,0.0003039051452277342,300.0783921923408,300.16953213121553,-2.7697896359772457e-05
433,475,contact,0.002464123245781347,-3.5876754218653033e-05,3.5876754218653033e-05,0.00014974301782272903,0.00014974301782272903,0.0,0.00014974301782272903,300.0783921923408,300.0729664436887,8.12467977113207e-07
433,495,contact,0.002398990163257692,-0.00010100983674230825,0.00010100983674230825,0.00025125912513567075,0.00025125912513567075,0.0,0.00025125912513567075,300.0783921923408,300.17660251964764,-2.467624091840566e-05
434,500,contact,0.0024104364324248413,-8.956356757515872e-05,8.956356757515872e-05,0.0002365950754653913,0.0002365950754653913,0.0,0.0002365950754653913,300.4389497742047,300.3409927387488,2.3176152196045968e-05
435,456,contact,0.002450277848918362,-4.972215108163796e-05,4.972215108163796e-05,0.00017628483890007028,0.00017628483890007028,0.0,0.00017628483890007028,300.0722868139463,300.076541587664,-7.500520993843052e-07
435,485,contact,0.0024590973958141618,-4.090260418583829e-05,4.090260418583829e-05,0.00015988785950205516,0.00015988785950205516,0.0,0.00015988785950205516,300.0722868139463,300.1439888627411,-1.1464287103713253e-05
436,473,contact,0.0024371415784890287,-6.285842151097136e-05,6.285842151097136e-05,0.00019820825776025857,0.00019820825776025857,0.0,0.00019820825776025857,300.5497368386201,300.45923857582113,1.7937502999714635e-05
436,491,contact,0.002441370569905356,-5.8629430094644074e-05,5.8629430094644074e-05,0.00019142464263817378,0.00019142464263817378,0.0,0.00019142464263817378,300.5497368386201,300.5417040825433,1.5376674614067303e-06
436,498,contact,0.002389943272614493,-0.00011005672738550716,0.00011005672738550716,0.00026226981262803,0.00026226981262803,0.0,0.00026226981262803,300.5497368386201,300.4832390181985,1.7440370902146123e-05
437,462,contact,0.0023432754031633245,-0.00015672459683667558,0.00015672459683667558,0.00031297423699551093,0.00031297423699551093,0.0,0.00031297423699551093,300.16953213121553,300.26827392744127,-3.090363833331664e-05
437,471,contact,0.002369085800628217,-0.00013091419937178318,0.00013091419937178318,0.0002860443577618067,0.0002860443577618067,0.0,0.0002860443577618067,300.16953213121553,300.23634518441133,-1.911149689149842e-05
437,475,contact,0.0024105237098614135,-8.947629013858656e-05,8.947629013858656e-05,0.00023647976940240913,0.00023647976940240913,0.0,0.00023647976940240913,300.16953213121553,300.0729664436887,2.2835831518530728e-05
437,495,contact,0.0024913923191636923,-8.60768083630779e-06,8.60768083630779e-06,7.334712347933196e-05,7.334712347933196e-05,0.0,7.334712347933196e-05,300.16953213121553,300.17660251964764,-5.185926533769548e-07
438,472,contact,0.0024297198918599642,-7.028010814003581e-05,7.028010814003581e-05,0.00020958308039420163,0.00020958308039420163,0.0,0.00020958308039420163,300.48698975333195,300.4305678959611,1.1825066669351022e-05
438,477,contact,0.0023308214973480927,-0.00016917850265190737,0.00016917850265190737,0.00032517159186718956,0.00032517159186718956,0.0,0.00032517159186718956,300.48698975333195,300.34471231698734,4.626458046296079e-05
438,486,contact,0.0024287501863304102,-7.124981366958983e-05,7.124981366958983e-05,0.00021102401176997286,0.00021102401176997286,0.0,0.00021102401176997286,300.48698975333195,300.34008463298835,3.100050784445793e-05
438,491,contact,0.002462165375924208,-3.783462407579196e-05,3.783462407579196e-05,0.0001537746404559932,0.0001537746404559932,0.0,0.0001537746404559932,300.48698975333195,300.5417040825433,-8.413676302261872e-06
438,496,contact,0.002332324777927668,-0.00016767522207233225,0.00016767522207233225,0.00032372366888321226,0.00032372366888321226,0.0,0.00032372366888321226,300.48698975333195,300.57483896558364,-2.843886929861492e-05
439,467,contact,0.0023249121381247943,-0.00017508786187520574,0.00017508786187520574,0.0003308019251334605,0.0003308019251334605,0.0,0.0003308019251334605,300.16489039938534,300.06563068148,3.2835305771290855e-05
439,476,contact,0.0023812407984074176,-0.00011875920159258244,0.00011875920159258244,0.0002724417387174073,0.0002724417387174073,0.0,0.0002724417387174073,300.16489039938534,300.0657300919177,2.7015406578233203e-05
439,481,contact,0.0023950632016713053,-0.00010493679832869474,0.00010493679832869474,0.0002560966593992085,0.0002560966593992085,0.0,0.0002560966593992085,300.16489039938534,300.3093216295199,-3.69883555503785e-05
439,484,contact,0.0023708635802522316,-0.0001291364197477684,0.0001291364197477684,0.0002840955162306425,0.0002840955162306425,0.0,0.0002840955162306425,300.16489039938534,300.0829609141362,2.3275799406363506e-05
440,441,contact,0.0023979389595233645,-0.00010206104047663558,0.00010206104047663558,0.0002525631610070979,0.0002525631610070979,0.0,0.0002525631610070979,300.2367868534552,300.1977969107922,9.847423166458403e-06
440,460,contact,0.0023428354146204982,-0.00015716458537950182,0.00015716458537950182,0.00031341325093586683,0.00031341325093586683,0.0,0.00031341325093586683,300.2367868534552,300.12427953199074,3.526128537426842e-05
440,470,contact,0.002382716865869716,-0.00011728313413028385,0.00011728313413028385,0.00027074334494392915,0.00027074334494392915,0.0,0.00027074334494392915,300.2367868534552,300.19831158148975,1.0416923829557939e-05
440,477,contact,0.002405790076482153,-9.420992351784688e-05,9.420992351784688e-05,0.00024265449140424807,0.00024265449140424807,0.0,0.00024265449140424807,300.2367868534552,300.34471231698734,-2.618859846295583e-05
440,486,contact,0.0023709463131838314,-0.00012905368681616868,0.00012905368681616868,0.000284004496901203,0.000284004496901203,0.0,0.000284004496901203,300.2367868534552,300.34008463298835,-2.933703390731974e-05
441,448,contact,0.002344043947881524,-0.00015595605211847626,0.00015595605211847626,0.0003122059137397107,0.0003122059137397107,0.0,0.0003122059137397107,300.1977969107922,300.32542068754117,-3.984489783482692e-05
441,458,contact,0.002335114688489625,-0.00016488531151037525,0.00016488531151037525,0.0003210191889809463,0.0003210191889809463,0.0,0.0003210191889809463,300.1977969107922,300.0881862952358,3.518711090961514e-05
442,443,contact,0.0024106290131415908,-8.93709868584093e-05,8.93709868584093e-05,0.00023634057372043805,0.00023634057372043805,0.0,0.00023634057372043805,300.39365940630375,300.48108559318604,-2.0662355165948944e-05
442,451,contact,0.00239877086427612,-0.00010122913572388004,0.00010122913572388004,0.00025153172727794207,0.00025153172727794207,0.0,0.00025153172727794207,300.39365940630375,300.35779624173523,9.020723729574187e-06
442,463,contact,0.002409549571600469,-9.045042839953086e-05,9.045042839953086e-05,0.0002377635753215929,0.0002377635753215929,0.0,0.0002377635753215929,300.39365940630375,300.34336624171397,1.1957882627105525e-05
443,463,contact,0.0024944121315853157,-5.587868414684387e-06,5.587868414684387e-06,5.909668145655678e-05,5.909668145655678e-05,0.0,5.909668145655678e-05,300.48108559318604,300.34336624171397,8.138756644348599e-06
443,479,contact,0.0023550492719474044,-0.00014495072805259567,0.00014495072805259567,0.000300988712467548,0.000300988712467548,0.0,0.000300988712467548,300.48108559318604,300.38100095090954,3.0124347616578668e-05
444,446,contact,0.0024886114100035788,-1.1388589996421273e-05,1.1388589996421273e-05,8.436746261304352e-05,8.436746261304352e-05,0.0,8.436746261304352e-05,300.31203348896156,300.3201424005148,-6.841282922989542e-07
444,477,contact,0.0023350252731180457,-0.0001649747268819544,0.0001649747268819544,0.00032110621965515006,0.00032110621965515006,0.0,0.00032110621965515006,300.31203348896156,300.34471231698734,-1.0493374930119035e-05
444,480,contact,0.002422413504007934,-7.758649599206614e-05,7.758649599206614e-05,0.00022020799257756594,0.00022020799257756594,0.0,0.00022020799257756594,300.31203348896156,300.23274178651474,1.7460666623872746e-05
444,482,contact,0.0023483139597592134,-0.00015168604024078667,0.00015168604024078667,0.0003079022168651789,0.0003079022168651789,0.0,0.0003079022168651789,300.31203348896156,300.33243984869944,-6.2831634014404435e-06
445,472,contact,0.0023703183625833893,-0.0001296816374166108,0.0001296816374166108,0.0002846946142542597,0.0002846946142542597,0.0,0.0002846946142542597,300.5525322586745,300.4305678959611,3.472259719546181e-05
445,491,contact,0.002361799663921562,-0.00013820033607843786,0.00013820033607843786,0.0002938965975458438,0.0002938965975458438,0.0,0.0002938965975458438,300.5525322586745,300.5417040825433,3.182364122590556e-06
446,481,contact,0.0024878285994014942,-1.2171400598505813e-05,1.2171400598505813e-05,8.721883611964867e-05,8.721883611964867e-05,0.0,8.721883611964867e-05,300.3201424005148,300.3093216295199,9.437750520909375e-07
446,486,contact,0.00248933822129497,-1.0661778705030062e-05,1.0661778705030062e-05,8.163094811800112e-05,8.163094811800112e-05,0.0,8.163094811800112e-05,300.3201424005148,300.34008463298835,-1.6279033444069347e-06
447,472,contact,0.002430834034181884,-6.916596581811596e-05,6.916596581811596e-05,0.0002079151957802086,0.0002079151957802086,0.0,0.0002079151957802086,300.4813584313335,300.4305678959611,1.0560124105737081e-05
447,487,contact,0.002325428264591152,-0.00017457173540884807,0.00017457173540884807,0.0003303139939974237,0.0003303139939974237,0.0,0.0003303139939974237,300.4813584313335,300.56507963563394,-2.7654285374754474e-05
447,493,contact,0.0023694374882165603,-0.0001305625117834397,0.0001305625117834397,0.00028565988494125283,0.00028565988494125283,0.0,0.00028565988494125283,300.4813584313335,300.3393376896336,4.0569628733255235e-05
448,474,contact,0.002396128456510628,-0.00010387154348937217,0.00010387154348937217,0.0002547934745649064,0.0002547934745649064,0.0,0.0002547934745649064,300.32542068754117,300.4395494711104,-2.907926931347347e-05
448,477,contact,0.0024783340248037597,-2.1665975196240306e-05,2.1665975196240306e-05,0.00011636681012062757,0.00011636681012062757,0.0,0.00011636681012062757,300.32542068754117,300.34471231698734,-2.244905380680259e-06
448,478,contact,0.0023717420728295055,-0.00012825792717049457,0.00012825792717049457,0.00028312754101563327,0.00028312754101563327,0.0,0.00028312754101563327,300.32542068754117,300.3322277012496,-1.927253052934081e-06
448,489,contact,0.0023573143621714934,-0.00014268563782850662,0.00014268563782850662,0.00029862773421572325,0.00029862773421572325,0.0,0.00029862773421572325,300.32542068754117,300.32535796850885,1.8729642512240734e-08
449,464,contact,0.002438027704949228,-6.197229505077199e-05,6.197229505077199e-05,0.00019680621028497167,0.00019680621028497167,0.0,0.00019680621028497167,300.47279415262835,300.52108096490724,-9.503144531349911e-06
449,473,contact,0.0024137004802791905,-8.629951972080954e-05,8.629951972080954e-05,0.00023224383700220328,0.00023224383700220328,0.0,0.00023224383700220328,300.47279415262835,300.45923857582113,3.1481991704870485e-06
449,482,contact,0.0023463761144582084,-0.00015362388554179167,0.00015362388554179167,0.0003098627574646876,0.0003098627574646876,0.0,0.0003098627574646876,300.47279415262835,300.33243984869944,4.3490571637450786e-05
450,469,contact,0.002337880239554627,-0.00016211976044537297,0.00016211976044537297,0.00031831564567007714,0.00031831564567007714,0.0,0.00031831564567007714,300.2450762944716,300.1856890208262,1.890389835501165e-05
450,489,contact,0.0023306237139658547,-0.00016937628603414532,0.00016937628603414532,0.0003253616123198015,0.0003253616123198015,0.0,0.0003253616123198015,300.2450762944716,300.32535796850885,-2.6120574904502324e-05
450,497,contact,0.0024521364029352045,-4.786359706479559e-05,4.786359706479559e-05,0.00017295880482212303,0.00017295880482212303,0.0,0.00017295880482212303,300.2450762944716,300.28120317049667,-6.248461299257213e-06
451,464,contact,0.0024921750388164957,-7.824961183504342e-06,7.824961183504342e-06,6.993283019934352e-05,6.993283019934352e-05,0.0,6.993283019934352e-05,300.35779624173523,300.52108096490724,-1.141896281973513e-05
451,480,contact,0.002352453494651913,-0.00014754650534808686,0.00014754650534808686,0.0003036718061370767,0.0003036718061370767,0.0,0.0003036718061370767,300.35779624173523,300.23274178651474,3.797551228229524e-05
451,482,contact,0.0024194205272544075,-8.057947274559257e-05,8.057947274559257e-05,0.00022441517432204836,0.00022441517432204836,0.0,0.00022441517432204836,300.35779624173523,300.33243984869944,5.6903593633058e-06
451,499,contact,0.0022630977824654413,-0.00023690221753455872,0.00023690221753455872,0.00038479070409652466,0.00038479070409652466,0.0,0.00038479070409652466,300.35779624173523,300.43384059832346,-2.9261161514151042e-05
452,465,contact,0.002451688426860152,-4.831157313984818e-05,4.831157313984818e-05,0.00017376631783060006,0.00017376631783060006,0.0,0.00017376631783060006,300.2052776169481,300.28628394103544,-1.407617065765186e-05
452,475,contact,0.002353108065962972,-0.00014689193403702797,0.00014689193403702797,0.00030299745671068343,0.00030299745671068343,0.0,0.00030299745671068343,300.2052776169481,300.0729664436887,4.00899489919992e-05
452,482,contact,0.002355465934799313,-0.00014453406520068685,0.00014453406520068685,0.00030055580305565435,0.00030055580305565435,0.0,0.00030055580305565435,300.2052776169481,300.33243984869944,-3.821934668237806e-05
452,485,contact,0.0024365437491660176,-6.345625083398242e-05,6.345625083398242e-05,0.0001991485796365091,0.0001991485796365091,0.0,0.0001991485796365091,300.2052776169481,300.1439888627411,1.2205568348014857e-05
453,455,contact,0.002422830915623293,-7.71690843767072e-05,7.71690843767072e-05,0.00021961483951555278,0.00021961483951555278,0.0,0.00021961483951555278,300.08178733015626,300.17355507779087,-2.015355916947768e-05
453,469,contact,0.0023902422565296607,-0.00010975774347033937,0.00010975774347033937,0.00026191332472587587,0.00026191332472587587,0.0,0.00026191332472587587,300.08178733015626,300.1856890208262,-2.7213237248004298e-05
453,485,contact,0.002375346520236573,-0.00012465347976342708,0.00012465347976342708,0.00027912080691367655,0.00027912080691367655,0.0,0.00027912080691367655,300.08178733015626,300.1439888627411,-1.7361741966342978e-05
454,468,contact,0.0023675246185913255,-0.00013247538140867456,0.00013247538140867456,0.0002877448755067961,0.0002877448755067961,0.0,0.0002877448755067961,300.2409717133079,300.3185380626049,-2.231931952198225e-05
454,486,contact,0.0023799047596394143,-0.00012009524036058579,0.00012009524036058579,0.00027396993489316694,0.00027396993489316694,0.0,0.00027396993489316694,300.2409717133079,300.34008463298835,-2.7153960151928676e-05
455,456,contact,0.0024832580390487012,-1.6741960951298807e-05,1.6741960951298807e-05,0.00010229235354884428,0.00010229235354884428,0.0,0.00010229235354884428,300.17355507779087,300.076541587664,9.923738231065032e-06
455,461,contact,0.0024076199186125707,-9.238008138742933e-05,9.238008138742933e-05,0.00024028639342905651,0.00024028639342905651,0.0,0.00024028639342905651,300.17355507779087,300.26143493621464,-2.1116334235705145e-05
455,469,contact,0.0024020539929402087,-9.794600705979135e-05,9.794600705979135e-05,0.0002474191876398627,0.0002474191876398627,0.0,0.0002474191876398627,300.17355507779087,300.1856890208262,-3.002170328671531e-06
458,460,contact,0.0024345462319701385,-6.545376802986154e-05,6.545376802986154e-05,0.00020225875758212168,0.00020225875758212168,0.0,0.00020225875758212168,300.0881862952358,300.12427953199074,-7.300173223170866e-06
458,470,contact,0.002416613809051831,-8.338619094816913e-05,8.338619094816913e-05,0.0002282900990901833,0.0002282900990901833,0.0,0.0002282900990901833,300.0881862952358,300.19831158148975,-2.5140512511248315e-05
458,492,contact,0.0024067357416218344,-9.326425837816567e-05,9.326425837816567e-05,0.0002414335550132863,0.0002414335550132863,0.0,0.0002414335550132863,300.0881862952358,300.1302172641016,-1.0147686233919964e-05
459,486,contact,0.0023517732575229276,-0.00014822674247707245,0.00014822674247707245,0.00030437101381072785,0.00030437101381072785,0.0,0.00030437101381072785,300.41766578239253,300.34008463298835,2.3613453096752364e-05
459,488,contact,0.002357307469317483,-0.00014269253068251685,0.00014269253068251685,0.00029863494717894795,0.00029863494717894795,0.0,0.00029863494717894795,300.41766578239253,300.46606729487155,-1.4454383122552606e-05
460,467,contact,0.0023019289932576102,-0.00019807100674238982,0.00019807100674238982,0.00035184425420062445,0.00035184425420062445,0.0,0.00035184425420062445,300.12427953199074,300.06563068148,2.0635261067673618e-05
460,476,contact,0.002414858790902688,-8.51412090973119e-05,8.51412090973119e-05,0.00023067998544698225,0.00023067998544698225,0.0,0.00023067998544698225,300.12427953199074,300.0657300919177,1.3506183983973824e-05
460,485,contact,0.0023426741941635853,-0.00015732580583641478,0.00015732580583641478,0.0003135739604108722,0.0003135739604108722,0.0,0.0003135739604108722,300.12427953199074,300.1439888627411,-6.1803329004334965e-06
461,463,contact,0.0024130613976440798,-8.69386023559203e-05,8.69386023559203e-05,0.00023310218032538904,0.00023310218032538904,0.0,0.00023310218032538904,300.26143493621464,300.34336624171397,-1.9098365948798075e-05
462,483,contact,0.0024046853984963025,-9.531460150369753e-05,9.531460150369753e-05,0.0002440729930570176,0.0002440729930570176,0.0,0.0002440729930570176,300.26827392744127,300.35138261951784,-2.0284587224181076e-05
462,494,contact,0.0023689364456922434,-0.00013106355430775665,0.00013106355430775665,0.000286207479710695,0.000286207479710695,0.0,0.000286207479710695,300.26827392744127,300.35830313402175,-2.5767032315753263e-05
463,497,contact,0.002364133211771283,-0.00013586678822871722,0.00013586678822871722,0.00029140477457129674,0.00029140477457129674,0.0,0.00029140477457129674,300.34336624171397,300.28120317049667,1.811461575473639e-05
465,482,contact,0.0023658936528085962,-0.00013410634719140382,0.00013410634719140382,0.00028951073727001455,0.00028951073727001455,0.0,0.00028951073727001455,300.28628394103544,300.33243984869944,-1.3362630857171778e-05
465,500,contact,0.002329107819621836,-0.00017089218037816397,0.00017089218037816397,0.0003268143398572842,0.0003268143398572842,0.0,0.0003268143398572842,300.28628394103544,300.3409927387488,-1.7879619609082096e-05
467,475,contact,0.0023738550508613614,-0.0001261449491386387,0.0001261449491386387,0.0002807856713075815,0.0002807856713075815,0.0,0.0002807856713075815,300.06563068148,300.0729664436887,-2.059776916321875e-06
467,476,contact,0.002448565006284293,-5.1434993715706884e-05,5.1434993715706884e-05,0.00017929548536512794,0.00017929548536512794,0.0,0.00017929548536512794,300.06563068148,300.0657300919177,-1.7823842680072156e-08
468,478,contact,0.0024068363393918075,-9.316366060819255e-05,9.316366060819255e-05,0.00024130331095971382,0.00024130331095971382,0.0,0.00024130331095971382,300.3185380626049,300.3322277012496,-3.303355130816536e-06
468,486,contact,0.0024410430959131606,-5.8956904086839446e-05,5.8956904086839446e-05,0.0001919584982601048,0.0001919584982601048,0.0,0.0001919584982601048,300.3185380626049,300.34008463298835,-4.136047293465373e-06
469,470,contact,0.0023835655396904857,-0.00011643446030951436,0.00011643446030951436,0.000269762001945134,0.000269762001945134,0.0,0.000269762001945134,300.1856890208262,300.19831158148975,-3.405087234271634e-06
469,480,contact,0.002332313845883524,-0.00016768615411647588,0.00016768615411647588,0.0003237342217356661,0.0003237342217356661,0.0,0.0003237342217356661,300.1856890208262,300.23274178651474,-1.5232590480688138e-05
469,497,contact,0.002302710903543908,-0.00019728909645609204,0.00019728909645609204,0.0003511490926729806,0.0003511490926729806,0.0,0.0003511490926729806,300.1856890208262,300.28120317049667,-3.3539706994214744e-05
470,489,contact,0.0024025192819205426,-9.748071807945749e-05,9.748071807945749e-05,0.00024683081006969315,0.00024683081006969315,0.0,0.00024683081006969315,300.19831158148975,300.32535796850885,-3.135896262435381e-05
470,492,contact,0.0024396000258444005,-6.0399974155599546e-05,6.0399974155599546e-05,0.0001942935507093576,0.0001942935507093576,0.0,0.0001942935507093576,300.19831158148975,300.1302172641016,1.323028670847531e-05
471,495,contact,0.0023486030160876498,-0.0001513969839123503,0.0001513969839123503,0.00030760870427414585,0.00030760870427414585,0.0,0.00030760870427414585,300.23634518441133,300.17660251964764,1.8377363697843164e-05
471,500,contact,0.0023623657022444683,-0.0001376342977555318,0.0001376342977555318,0.00029329411193750103,0.00029329411193750103,0.0,0.00029329411193750103,300.23634518441133,300.3409927387488,-3.069251151584124e-05
472,481,contact,0.0024268366242703697,-7.316337572963036e-05,7.316337572963036e-05,0.00021383898108394308,0.00021383898108394308,0.0,0.00021383898108394308,300.4305678959611,300.3093216295199,2.592717807601335e-05
473,483,contact,0.002424381992673596,-7.561800732640419e-05,7.561800732640419e-05,0.0002173965376426281,0.0002173965376426281,0.0,0.0002173965376426281,300.45923857582113,300.35138261951784,2.3447511464471315e-05
473,500,contact,0.002427265967130519,-7.273403286948109e-05,7.273403286948109e-05,0.00021321062483709783,0.00021321062483709783,0.0,0.00021321062483709783,300.45923857582113,300.3409927387488,2.5211268806575546e-05
474,488,contact,0.0024903302740399715,-9.669725960028547e-06,9.669725960028547e-06,7.77404574531038e-05,7.77404574531038e-05,0.0,7.77404574531038e-05,300.4395494711104,300.46606729487155,-2.061507749851764e-06
474,490,contact,0.0023451779673406446,-0.00015482203265935546,0.00015482203265935546,0.0003110687551203064,0.0003110687551203064,0.0,0.0003110687551203064,300.4395494711104,300.5432023602274,-3.224317518223974e-05
477,486,contact,0.0023425096832457287,-0.0001574903167542714,0.0001574903167542714,0.0003137378650584268,0.0003137378650584268,0.0,0.0003137378650584268,300.34471231698734,300.34008463298835,1.4518796980081816e-06
477,489,contact,0.00235202882699171,-0.0001479711730082902,0.0001479711730082902,0.00030410850552094296,0.00030410850552094296,0.0,0.00030410850552094296,300.34471231698734,300.32535796850885,5.885821991124165e-06
478,488,contact,0.0024324954743976572,-6.750452560234281e-05,6.750452560234281e-05,0.00020540284443372312,0.00020540284443372312,0.0,0.00020540284443372312,300.3322277012496,300.46606729487155,-2.749103322779771e-05
479,489,contact,0.0023294922918524552,-0.0001705077081475448,0.0001705077081475448,0.0003264465003522254,0.0003264465003522254,0.0,0.0003264465003522254,300.38100095090954,300.32535796850885,1.8164456873863795e-05
479,497,contact,0.0024032800824914276,-9.671991750857247e-05,9.671991750857247e-05,0.0002458657122147328,0.0002458657122147328,0.0,0.0002458657122147328,300.38100095090954,300.28120317049667,2.4536852358660016e-05
479,499,contact,0.0023631802661244444,-0.00013681973387555564,0.00013681973387555564,0.0002924249197182454,0.0002924249197182454,0.0,0.0002924249197182454,300.38100095090954,300.43384059832346,-1.5451629652955526e-05
480,485,contact,0.0023944022724680164,-0.00010559772753198369,0.00010559772753198369,0.0002569018873178821,0.0002569018873178821,0.0,0.0002569018873178821,300.23274178651474,300.1439888627411,2.2800793622431944e-05
481,493,contact,0.0023875322091453377,-0.00011246779085466235,0.00011246779085466235,0.0002651270813858214,0.0002651270813858214,0.0,0.0002651270813858214,300.3093216295199,300.3393376896336,-7.958070412652904e-06
481,494,contact,0.0023420223934884866,-0.00015797760651151344,0.00015797760651151344,0.0003142228573316968,0.0003142228573316968,0.0,0.0003142228573316968,300.3093216295199,300.35830313402175,-1.5391108300977658e-05
482,483,contact,0.0024085899344637304,-9.141006553626966e-05,9.141006553626966e-05,0.00023902152823578157,0.00023902152823578157,0.0,0.00023902152823578157,300.33243984869944,300.35138261951784,-4.527730030033766e-06
483,494,contact,0.0024377721310154562,-6.222786898454381e-05,6.222786898454381e-05,0.00019721160745589972,0.00019721160745589972,0.0,0.00019721160745589972,300.35138261951784,300.35830313402175,-1.3648057897394839e-06
487,496,contact,0.0023419450004056462,-0.00015805499959435382,0.00015805499959435382,0.0003142998166503938,0.0003142998166503938,0.0,0.0003142998166503938,300.56507963563394,300.57483896558364,-3.0673556138220597e-06
489,499,contact,0.0023482368690147097,-0.0001517631309852904,0.0001517631309852904,0.00030798044883694565,0.00030798044883694565,0.0,0.00030798044883694565,300.32535796850885,300.43384059832346,-3.341052902131355e-05
490,499,contact,0.0023754947995102,-0.00012450520048980012,0.00012450520048980012,0.0002789547459824354,0.0002789547459824354,0.0,0.0002789547459824354,300.5432023602274,300.43384059832346,3.0506982512101383e-05
494,498,contact,0.002330263090115792,-0.0001697369098842081,0.0001697369098842081,0.0003257077964643003,0.0003257077964643003,0.0,0.0003257077964643003,300.35830313402175,300.4832390181985,-4.0692591534528374e-05
495,500,contact,0.002498486689503269,-1.5133104967310525e-06,1.5133104967310525e-06,3.075417143180593e-05,3.075417143180593e-05,0.0,3.075417143180593e-05,300.17660251964764,300.3409927387488,-5.05568497994936e-06
