id_i,id_j,edge_kind,distance_m,surface_gap_m,overlap_m,contact_radius_m,g_contact_W_K,g_gap_W_K,g_total_W_K,T_i_K,T_j_K,heat_i_to_j_W
1,12,contact,0.001466734995797128,-3.326500420287198e-05,3.326500420287198e-05,0.00011168874865480852,0.00011168874865480852,0.0,0.00011168874865480852,300.9516485177698,300.88859965474614,7.041848615220204e-06
1,60,contact,0.0014743911620923398,-2.5608837907660238e-05,2.5608837907660238e-05,9.799650103637675e-05,9.799650103637675e-05,0.0,9.799650103637675e-05,300.9516485177698,300.893097762017,5.737769196807579e-06
2,20,contact,0.0014578287192602564,-4.2171280739743654e-05,4.2171280739743654e-05,0.00012575464316439322,0.00012575464316439322,0.0,0.00012575464316439322,300.84074902845447,300.7865405862987,6.816963299794585e-06
2,26,contact,0.0014999843663851967,-1.563361480333078e-08,1.563361480333078e-08,2.421281799223098e-06,2.421281799223098e-06,0.0,2.421281799223098e-06,300.84074902845447,300.8495373612021,-2.1279030127416067e-08
2,28,contact,0.0014999951105003643,-4.889499635686231e-09,4.889499635686231e-09,1.3540909730820661e-06,1.3540909730820661e-06,0.0,1.3540909730820661e-06,300.84074902845447,300.8884920140469,-6.46483458187042e-08
2,63,contact,0.0014560191554028401,-4.398084459715989e-05,4.398084459715989e-05,0.0001284243618786364,0.0001284243618786364,0.0,0.0001284243618786364,300.84074902845447,300.8426055602355,-2.384239092843556e-07
2,314,contact,0.0016950523457993855,-5.494765420061454e-05,5.494765420061454e-05,0.0001534568169140955,0.0001534568169140955,0.0,0.0001534568169140955,300.84074902845447,300.84595681072165,-7.991696899027558e-07
2,316,contact,0.0017220093182221754,-2.7990681777824607e-05,2.7990681777824607e-05,0.00010952628212539009,0.00010952628212539009,0.0,0.00010952628212539009,300.84074902845447,300.9325178351606,-1.0051096213604181e-05
2,317,contact,0.0016947050528336779,-5.5294947166322156e-05,5.5294947166322156e-05,0.0001539410098052249,0.0001539410098052249,0.0,0.0001539410098052249,300.84074902845447,300.81244173142915,4.357653888934436e-06
3,62,contact,0.0014122040243888273,-8.779597561117268e-05,8.779597561117268e-05,0.00018144831455318,0.00018144831455318,0.0,0.00018144831455318,300.54389811956605,300.5983001944593,-9.87116479757292e-06
3,111,contact,0.0017049003776467414,-4.5099622353258605e-05,4.5099622353258605e-05,0.0001390266506104782,0.0001390266506104782,0.0,0.0001390266506104782,300.54389811956605,300.51975851468404,3.356048413806098e-06
3,114,contact,0.0016645212280112262,-8.547877198877385e-05,8.547877198877385e-05,0.0001913994760279145,0.0001913994760279145,0.0,0.0001913994760279145,300.54389811956605,300.57251017785364,-5.476332964325332e-06
3,147,contact,0.0016898033700123623,-6.0196629987637786e-05,6.0196629987637786e-05,0.00016061928809762426,0.00016061928809762426,0.0,0.00016061928809762426,300.54389811956605,300.50948551926524,5.527327361904416e-06
3,183,contact,0.0016626584245120824,-8.734157548791763e-05,8.734157548791763e-05,0.0001934737806022721,0.0001934737806022721,0.0,0.0001934737806022721,300.54389811956605,300.55418680901784,-1.9905916456793184e-06
3,222,contact,0.0017216054154770776,-2.8394584522922414e-05,2.8394584522922414e-05,0.00011031367844778378,0.00011031367844778378,0.0,0.00011031367844778378,300.54389811956605,300.4672556419429,8.454713631958842e-06
4,22,contact,0.0014217523713699234,-7.824762863007663e-05,7.824762863007663e-05,0.00017129757948166908,0.00017129757948166908,0.0,0.00017129757948166908,300.9497472360392,300.8444620373125,1.8035099697126157e-05
4,31,contact,0.0014999897115860496,-1.0288413950431882e-08,1.0288413950431882e-08,1.9642187330875233e-06,1.9642187330875233e-06,0.0,1.9642187330875233e-06,300.9497472360392,300.8953708347643,1.0680714602194682e-07
4,53,contact,0.0014719925522012668,-2.800744779873324e-05,2.800744779873324e-05,0.00010248313482971217,0.00010248313482971217,0.0,0.00010248313482971217,300.9497472360392,300.9187597730871,3.1756923437461647e-06
5,43,contact,0.0014434919370055381,-5.6508062994461896e-05,5.6508062994461896e-05,0.00014556965213574982,0.00014556965213574982,0.0,0.00014556965213574982,300.5293127313538,300.5614213719616,-4.6740436438316725e-06
5,76,contact,0.0014668805397168511,-3.311946028314891e-05,3.311946028314891e-05,0.00011144414567926321,0.00011144414567926321,0.0,0.00011144414567926321,300.5293127313538,300.49144302215313,4.220357388990048e-06
5,82,contact,0.0014781474040162577,-2.185259598374233e-05,2.185259598374233e-05,9.052471206197441e-05,9.052471206197441e-05,0.0,9.052471206197441e-05,300.5293127313538,300.4840566226117,4.096796212922232e-06
5,177,contact,0.0016796104523966269,-7.038954760337315e-05,7.038954760337315e-05,0.00017368635229307513,0.00017368635229307513,0.0,0.00017368635229307513,300.5293127313538,300.6153754361608,-1.4947917266399591e-05
5,216,contact,0.0016719452991351127,-7.805470086488732e-05,7.805470086488732e-05,0.00018289891923240083,0.00018289891923240083,0.0,0.00018289891923240083,300.5293127313538,300.46750368756216,1.130480730827923e-05
6,58,contact,0.001499995795794108,-4.204205892059318e-09,4.204205892059318e-09,1.2556182578802542e-06,1.2556182578802542e-06,0.0,1.2556182578802542e-06,nan,nan,nan
7,15,contact,0.0014638022878790693,-3.6197712120930765e-05,3.6197712120930765e-05,0.00011650812008331882,0.00011650812008331882,0.0,0.00011650812008331882,300.6421802136686,300.5948354132572,5.516053691651545e-06
7,47,contact,0.0014631250052541654,-3.687499474583464e-05,3.687499474583464e-05,0.00011759303988624493,0.00011759303988624493,0.0,0.00011759303988624493,300.6421802136686,300.7102197951544,-8.000981219500445e-06
7,49,contact,0.001480225613952143,-1.9774386047857057e-05,1.9774386047857057e-05,8.611268645180218e-05,8.611268645180218e-05,0.0,8.611268645180218e-05,300.6421802136686,300.57649779685494,5.656089364472339e-06
7,50,contact,0.0014753489936282869,-2.4651006371713153e-05,2.4651006371713153e-05,9.614638521230235e-05,9.614638521230235e-05,0.0,9.614638521230235e-05,300.6421802136686,300.6835859820086,-3.981014952827518e-06
7,70,contact,0.0014672221946930872,-3.2777805306912844e-05,3.2777805306912844e-05,0.00011086783568777879,0.00011086783568777879,0.0,0.00011086783568777879,300.6421802136686,300.6348755421992,8.098531162225037e-07
8,18,contact,0.0013997645379491507,-0.00010023546205084936,0.00010023546205084936,0.00019387701841391234,0.00019387701841391234,0.0,0.00019387701841391234,300.66296501465433,300.6159409778244,9.116880054377255e-06
8,36,contact,0.001459142172134025,-4.085782786597504e-05,4.085782786597504e-05,0.00012378079596504717,0.00012378079596504717,0.0,0.00012378079596504717,300.66296501465433,300.66406673463024,-1.3637177554832265e-07
8,51,contact,0.00144381893757493,-5.618106242507009e-05,5.618106242507009e-05,0.00014514785017147612,0.00014514785017147612,0.0,0.00014514785017147612,300.66296501465433,300.658055111399,7.126619020623266e-07
8,159,contact,0.0017030387905447137,-4.6961209455286326e-05,4.6961209455286326e-05,0.0001418669539522652,0.0001418669539522652,0.0,0.0001418669539522652,300.66296501465433,300.74395652521844,-1.1490018899722131e-05
8,186,contact,0.0016544382408603233,-9.556175913967677e-05,9.556175913967677e-05,0.00020237351514289128,0.00020237351514289128,0.0,0.00020237351514289128,300.66296501465433,300.6540861417565,1.7968487188367989e-06
9,11,contact,0.0014935800289693222,-6.41997103067787e-06,6.41997103067787e-06,4.9066170999011135e-05,4.9066170999011135e-05,0.0,4.9066170999011135e-05,300.6660457669308,300.7320952914595,-3.240797264928272e-06
9,57,contact,0.0014562771533248745,-4.372284667512557e-05,4.372284667512557e-05,0.00012804713000755656,0.00012804713000755656,0.0,0.00012804713000755656,300.6660457669308,300.7072947610331,-5.281815310500472e-06
9,66,contact,0.0013733541447696583,-0.00012664585523034172,0.00012664585523034172,0.0002179270421755367,0.0002179270421755367,0.0,0.0002179270421755367,300.6660457669308,300.59190418633074,1.615745536238627e-05
9,289,contact,0.0016308625389754529,-0.00011913746102454716,0.00011913746102454716,0.00022596219123486802,0.00022596219123486802,0.0,0.00022596219123486802,300.6660457669308,300.690862370474,-5.607614115635042e-06
9,434,contact,0.0019342421074693462,-6.575789253065382e-05,6.575789253065382e-05,0.0001755676853061063,0.0001755676853061063,0.0,0.0001755676853061063,300.6660457669308,300.67759247421805,-2.027228671332467e-06
10,19,contact,0.0014853440425032847,-1.4655957496715298e-05,1.4655957496715298e-05,7.41349044733197e-05,7.41349044733197e-05,0.0,7.41349044733197e-05,300.79075123527264,300.7524519157239,2.839316396139101e-06
10,22,contact,0.001462166409988959,-3.783359001104103e-05,3.783359001104103e-05,0.00011911169654631063,0.00011911169654631063,0.0,0.00011911169654631063,300.79075123527264,300.8444620373125,-6.397584753830661e-06
10,23,contact,0.0014867526822239133,-1.324731777608678e-05,1.324731777608678e-05,7.048222588732952e-05,7.048222588732952e-05,0.0,7.048222588732952e-05,300.79075123527264,300.8420116220714,-3.6129461614240423e-06
10,24,contact,0.0014658588509471164,-3.414114905288365e-05,3.414114905288365e-05,0.00011315003709602295,0.00011315003709602295,0.0,0.00011315003709602295,300.79075123527264,300.78483598258424,6.693110611243933e-07
10,35,contact,0.0014801369106268517,-1.9863089373148377e-05,1.9863089373148377e-05,8.630561114394962e-05,8.630561114394962e-05,0.0,8.630561114394962e-05,300.79075123527264,300.7712865195861,1.6799141830687125e-06
10,48,contact,0.0014735612157626844,-2.643878423731565e-05,2.643878423731565e-05,9.957180368454399e-05,9.957180368454399e-05,0.0,9.957180368454399e-05,300.79075123527264,300.7423239787957,4.8219892749030544e-06
11,64,contact,0.0014935819186773786,-6.418081322621385e-06,6.418081322621385e-06,4.905894919362847e-05,4.905894919362847e-05,0.0,4.905894919362847e-05,300.7320952914595,300.7981545389198,-3.2407972649249894e-06
12,13,contact,0.0014652996200234952,-3.4700379976504827e-05,3.4700379976504827e-05,0.00011407297002879038,0.00011407297002879038,0.0,0.00011407297002879038,300.88859965474614,300.96090752068744,-8.248373024367442e-06
12,288,contact,0.0017292167935298002,-2.078320647019979e-05,2.078320647019979e-05,9.437737275019094e-05,9.437737275019094e-05,0.0,9.437737275019094e-05,300.88859965474614,300.8562974529587,3.0485969387455834e-06
12,300,contact,0.0017206162116230337,-2.938378837696637e-05,2.938378837696637e-05,0.00011221876920353839,0.00011221876920353839,0.0,0.00011221876920353839,300.88859965474614,300.7795125137292,1.2241624700857331e-05
13,52,contact,0.0014626846085455335,-3.73153914544665e-05,3.73153914544665e-05,0.00011829316039156675,0.00011829316039156675,0.0,0.00011829316039156675,300.96090752068744,300.95072404417755,1.2046356201286744e-06
13,67,contact,0.0014958831827870118,-4.116817212988224e-06,4.116817212988224e-06,3.929130253466515e-05,3.929130253466515e-05,0.0,3.929130253466515e-05,300.96090752068744,300.9463881242216,5.704859991607521e-07
13,187,contact,0.0017409278654211956,-9.072134578804424e-06,9.072134578804424e-06,6.235429156546057e-05,6.235429156546057e-05,0.0,6.235429156546057e-05,300.96090752068744,300.94663375415615,8.900306000293265e-07
14,24,contact,0.0014736996841283505,-2.6300315871649518e-05,2.6300315871649518e-05,9.931071670201846e-05,9.931071670201846e-05,0.0,9.931071670201846e-05,300.84006837926887,300.78483598258424,5.485168899920814e-06
14,33,contact,0.0014566081277749342,-4.3391872225065874e-05,4.3391872225065874e-05,0.00012756156193932287,0.00012756156193932287,0.0,0.00012756156193932287,300.84006837926887,300.86067305163647,-2.6283641904586506e-06
14,52,contact,0.0014382100137007115,-6.178998629928858e-05,6.178998629928858e-05,0.00015222103948611446,0.00015222103948611446,0.0,0.00015222103948611446,300.84006837926887,300.95072404417755,-1.6844120337425964e-05
14,159,contact,0.0016934950697595785,-5.650493024042156e-05,5.650493024042156e-05,0.00015561619027102026,0.00015561619027102026,0.0,0.00015561619027102026,300.84006837926887,300.74395652521844,1.4956560567212934e-05
14,182,contact,0.0017307677624580366,-1.9232237541963416e-05,1.9232237541963416e-05,9.078759561737672e-05,9.078759561737672e-05,0.0,9.078759561737672e-05,300.84006837926887,300.8507443414713,-9.692449392590562e-07
15,25,contact,0.001422845091392594,-7.715490860740596e-05,7.715490860740596e-05,0.00017009729782620662,0.00017009729782620662,0.0,0.00017009729782620662,300.5948354132572,300.64089235962257,-7.834162122873274e-06
15,49,contact,0.0014394732616481625,-6.052673835183755e-05,6.052673835183755e-05,0.00015065698417909167,0.00015065698417909167,0.0,0.00015065698417909167,300.5948354132572,300.57649779685494,2.7626899842001716e-06
15,68,contact,0.0013965328788825562,-0.00010346712111744386,0.00010346712111744386,0.0001969775886212476,0.0001969775886212476,0.0,0.0001969775886212476,300.5948354132572,300.6320500802948,-7.330455374403983e-06
15,114,contact,0.0016556981072949257,-9.430189270507434e-05,9.430189270507434e-05,0.00020103506379137766,0.00020103506379137766,0.0,0.00020103506379137766,300.5948354132572,300.57251017785364,4.4881551235143764e-06
15,115,contact,0.0017027244731605883,-4.7275526839411774e-05,4.7275526839411774e-05,0.0001423409290191462,0.0001423409290191462,0.0,0.0001423409290191462,300.5948354132572,300.50048569828976,1.3429826081158466e-05
16,39,contact,0.0015000020604652514,-0.0,0.0,8.660254037844388e-08,8.660254037844388e-08,0.0,8.660254037844388e-08,300.9356120783677,300.7691024677048,1.4420155280832712e-08
16,144,contact,0.0017499953341986371,-4.6658013628901596e-09,4.6658013628901596e-09,1.4140824429729526e-06,1.4140824429729526e-06,0.0,1.4140824429729526e-06,300.9356120783677,300.94580961342115,-1.4420155280705307e-08
17,19,contact,0.0014658992879799078,-3.410071202009221e-05,3.410071202009221e-05,0.00011308300936716612,0.00011308300936716612,0.0,0.00011308300936716612,300.80751882250746,300.7524519157239,6.227131535626815e-06
17,23,contact,0.0014742291920186632,-2.577080798133683e-05,2.577080798133683e-05,9.830591535101696e-05,9.830591535101696e-05,0.0,9.830591535101696e-05,300.80751882250746,300.8420116220714,-3.3908462341546077e-06
17,37,contact,0.001432637868339379,-6.736213166062105e-05,6.736213166062105e-05,0.0001589364633201988,0.0001589364633201988,0.0,0.0001589364633201988,300.80751882250746,300.81318181163465,-9.000554636960337e-07
17,56,contact,0.001478715040702569,-2.128495929743109e-05,2.128495929743109e-05,8.934125439312265e-05,8.934125439312265e-05,0.0,8.934125439312265e-05,300.80751882250746,300.751714850991,4.985596815399357e-06
17,60,contact,0.0014446095562469466,-5.53904437530534e-05,5.53904437530534e-05,0.00014412292117284823,0.00014412292117284823,0.0,0.00014412292117284823,300.80751882250746,300.893097762017,-1.2333886752992243e-05
17,300,contact,0.0016628654763690299,-8.713452363097018e-05,8.713452363097018e-05,0.00019324432015046597,0.00019324432015046597,0.0,0.00019324432015046597,300.80751882250746,300.7795125137292,5.412060099784254e-06
18,51,contact,0.0014651698338417976,-3.483016615820245e-05,3.483016615820245e-05,0.00011428609849551221,0.00011428609849551221,0.0,0.00011428609849551221,300.6159409778244,300.658055111399,-4.813060017761521e-06
18,121,contact,0.0016874766116601438,-6.252338833985624e-05,6.252338833985624e-05,0.0001636940373377674,0.0001636940373377674,0.0,0.0001636940373377674,300.6159409778244,300.50995798378835,1.7348784182901615e-05
18,266,contact,0.0016619460012595826,-8.805399874041745e-05,8.805399874041745e-05,0.00019426123656459998,0.00019426123656459998,0.0,0.00019426123656459998,300.6159409778244,300.58509452439773,5.992270186292927e-06
18,307,contact,0.0017208894049880138,-2.911059501198624e-05,2.911059501198624e-05,0.00011169587857594051,0.00011169587857594051,0.0,0.00011169587857594051,300.6159409778244,300.70019757186355,-9.411114297022012e-06
19,45,contact,0.0014723451144687514,-2.7654885531248593e-05,2.7654885531248593e-05,0.00010183605488341653,0.00010183605488341653,0.0,0.00010183605488341653,300.7524519157239,300.7007561975523,5.264487992957888e-06
19,47,contact,0.0014404883746146646,-5.951162538533547e-05,5.951162538533547e-05,0.00014938828441179986,0.00014938828441179986,0.0,0.00014938828441179986,300.7524519157239,300.7102197951544,6.308984038951148e-06
19,57,contact,0.0014680408903705643,-3.195910962943576e-05,3.195910962943576e-05,0.00010947449982090995,0.00010947449982090995,0.0,0.00010947449982090995,300.7524519157239,300.7072947610331,4.943556923110624e-06
19,59,contact,0.0014642313512898163,-3.57686487101837e-05,3.57686487101837e-05,0.00011581555709972166,0.00011581555709972166,0.0,0.00011581555709972166,300.7524519157239,300.7874842406561,-4.057288228523217e-06
19,300,contact,0.001713310256491801,-3.668974350819914e-05,3.668974350819914e-05,0.0001253960756532205,0.0001253960756532205,0.0,0.0001253960756532205,300.7524519157239,300.7795125137292,-3.393292794691206e-06
20,29,contact,0.0014556326108603093,-4.436738913969076e-05,4.436738913969076e-05,0.00012898748360745717,0.00012898748360745717,0.0,0.00012898748360745717,300.7865405862987,300.7077383526076,1.0164501826466333e-05
20,35,contact,0.0014791525141445018,-2.0847485855498248e-05,2.0847485855498248e-05,8.841836458458075e-05,8.841836458458075e-05,0.0,8.841836458458075e-05,300.7865405862987,300.7712865195861,1.3487396319922224e-06
20,314,contact,0.0017354227934713775,-1.4577206528622539e-05,1.4577206528622539e-05,7.904033291018274e-05,7.904033291018274e-05,0.0,7.904033291018274e-05,300.7865405862987,300.84595681072165,-4.696278158654705e-06
21,40,contact,0.001443762768116701,-5.623723188329902e-05,5.623723188329902e-05,0.0001452203909794941,0.0001452203909794941,0.0,0.0001452203909794941,300.7418522959224,300.7102486960781,4.5894871257470564e-06
21,41,contact,0.0014399040294755757,-6.009597052442431e-05,6.009597052442431e-05,0.00015011991522332778,0.00015011991522332778,0.0,0.00015011991522332778,300.7418522959224,300.68586610331016,8.404642488626072e-06
21,48,contact,0.0014507084355927624,-4.929156440723766e-05,4.929156440723766e-05,0.00013595711328471977,0.00013595711328471977,0.0,0.00013595711328471977,300.7418522959224,300.7423239787957,-6.412864183925966e-08
21,317,contact,0.001671712129046146,-7.828787095385398e-05,7.828787095385398e-05,0.00018317189930365643,0.00018317189930365643,0.0,0.00018317189930365643,300.7418522959224,300.81244173142915,-1.2930000972543835e-05
22,23,contact,0.0014955550650511,-4.444934948900133e-06,4.444934948900133e-06,4.082708176979528e-05,4.082708176979528e-05,0.0,4.082708176979528e-05,300.8444620373125,300.8420116220714,1.0004330341717338e-07
22,37,contact,0.0014324082425761168,-6.759175742388325e-05,6.759175742388325e-05,0.00015920712620343417,0.00015920712620343417,0.0,0.00015920712620343417,300.8444620373125,300.81318181163465,4.980034837164862e-06
22,44,contact,0.001464351672174413,-3.564832782558709e-05,3.564832782558709e-05,0.00011562059909287428,0.00011562059909287428,0.0,0.00011562059909287428,300.8444620373125,300.78980903479373,6.319012893443646e-06
22,63,contact,0.0014560165634360076,-4.3983436563992465e-05,4.3983436563992465e-05,0.00012842814610317,0.00012842814610317,0.0,0.00012842814610317,300.8444620373125,300.8426055602355,2.384239092837655e-07
23,53,contact,0.0014784224124383394,-2.157758756166062e-05,2.157758756166062e-05,8.995329530163269e-05,8.995329530163269e-05,0.0,8.995329530163269e-05,300.8420116220714,300.9187597730871,-6.903749092168902e-06
24,39,contact,0.0014677228246845514,-3.227717531544862e-05,3.227717531544862e-05,0.00011001791101131321,0.00011001791101131321,0.0,0.00011001791101131321,300.78483598258424,300.7691024677048,1.7309684399033043e-06
24,159,contact,0.0017226787310755305,-2.732126892446957e-05,2.732126892446957e-05,0.0001082086653339006,0.0001082086653339006,0.0,0.0001082086653339006,300.78483598258424,300.74395652521844,4.423511521127767e-06
25,29,contact,0.0014470990765666322,-5.290092343336779e-05,5.290092343336779e-05,0.00014084688952019112,0.00014084688952019112,0.0,0.00014084688952019112,300.64089235962257,300.7077383526076,-9.415050188826992e-06
25,36,contact,0.0014588425461645957,-4.115745383540437e-05,4.115745383540437e-05,0.00012423383270380352,0.00012423383270380352,0.0,0.00012423383270380352,300.64089235962257,300.66406673463024,-2.879041427718115e-06
25,50,contact,0.0014620318281419185,-3.796817185808157e-05,3.796817185808157e-05,0.00011932336085939161,0.00011932336085939161,0.0,0.00011932336085939161,300.64089235962257,300.6835859820086,-5.094346510362291e-06
25,55,contact,0.0013732674953191024,-0.0001267325046808976,0.0001267325046808976,0.0002180015808551319,0.0002180015808551319,0.0,0.0002180015808551319,300.64089235962257,300.6565604204265,-3.4156620241915807e-06
25,114,contact,0.001666060441400611,-8.393955859938907e-05,8.393955859938907e-05,0.0001896683857225429,0.0001896683857225429,0.0,0.0001896683857225429,300.64089235962257,300.57251017785364,1.29699380282975e-05
26,31,contact,0.0014999855188247654,-1.4481175234642985e-08,1.4481175234642985e-08,2.330330601651002e-06,2.330330601651002e-06,0.0,2.330330601651002e-06,300.8495373612021,300.8953708347643,-1.0680714602195091e-07
26,46,contact,0.0014999800107001425,-1.998929985750318e-08,1.998929985750318e-08,2.7378801008378167e-06,2.7378801008378167e-06,0.0,2.7378801008378167e-06,300.8495373612021,300.81829855134043,8.552811589417911e-08
27,32,contact,0.0014138160617987049,-8.618393820129517e-05,8.618393820129517e-05,0.00017977479474466293,0.00017977479474466293,0.0,0.00017977479474466293,300.54227331453797,300.54831814031337,-1.0867073130406208e-06
27,49,contact,0.001476458243263249,-2.3541756736750923e-05,2.3541756736750923e-05,9.395828210584523e-05,9.395828210584523e-05,0.0,9.395828210584523e-05,300.54227331453797,300.57649779685494,-3.215673564464583e-06
27,114,contact,0.0016419110959488641,-0.00010808890405113593,0.00010808890405113593,0.0002152296820188038,0.0002152296820188038,0.0,0.0002152296820188038,300.54227331453797,300.57251017785364,-6.5078704766795974e-06
27,125,contact,0.0016881688829616544,-6.183111703834563e-05,6.183111703834563e-05,0.00016278528852230778,0.00016278528852230778,0.0,0.00016278528852230778,300.54227331453797,300.4758652782077,1.0810251354218767e-05
28,440,contact,0.0019999926584427746,-7.341557225429979e-09,7.341557225429979e-09,1.8550889330218922e-06,1.8550889330218922e-06,0.0,1.8550889330218922e-06,300.8884920140469,300.92334120357515,-6.464834581862973e-08
29,35,contact,0.0014987704436303785,-1.2295563696215414e-06,1.2295563696215414e-06,2.1472858184416858e-05,2.1472858184416858e-05,0.0,2.1472858184416858e-05,300.7077383526076,300.7712865195861,-1.364560777409723e-06
29,39,contact,0.0014449329753659862,-5.50670246340138e-05,5.50670246340138e-05,0.00014370154570412657,0.00014370154570412657,0.0,0.00014370154570412657,300.7077383526076,300.7691024677048,-8.818118190234393e-06
29,41,contact,0.0014388319175289376,-6.116808247106243e-05,6.116808247106243e-05,0.00015145306509492773,0.00015145306509492773,0.0,0.00015145306509492773,300.7077383526076,300.68586610331016,3.312619196614124e-06
29,55,contact,0.0014675714288919632,-3.2428571108036874e-05,3.2428571108036874e-05,0.0001102756281574212,0.0001102756281574212,0.0,0.0001102756281574212,300.7077383526076,300.6565604204265,5.643678619066097e-06
29,196,contact,0.0016775554651363993,-7.244453486360074e-05,7.244453486360074e-05,0.0001762034556945068,0.0001762034556945068,0.0,0.0001762034556945068,300.7077383526076,300.69652499256443,1.975832789548578e-06
30,150,contact,0.0017494001455892038,-5.998544107962359e-07,5.998544107962359e-07,1.6033728879141475e-05,1.6033728879141475e-05,0.0,1.6033728879141475e-05,300.6370428207691,300.56757825953775,1.1137759414923194e-06
30,196,contact,0.0016943461425603093,-5.565385743969077e-05,5.565385743969077e-05,0.00015443980441725154,0.00015443980441725154,0.0,0.00015443980441725154,300.6370428207691,300.69652499256443,-9.186414978380965e-06
30,410,contact,0.0019459559116280097,-5.4044088371990335e-05,5.4044088371990335e-05,0.00015916396082144496,0.00015916396082144496,0.0,0.00015916396082144496,300.6370428207691,300.5863238075249,8.072639036909747e-06
32,66,contact,0.0014444566289092931,-5.55433710907069e-05,5.55433710907069e-05,0.00014432173834532028,0.00014432173834532028,0.0,0.00014432173834532028,300.54831814031337,300.59190418633074,-6.290413928825552e-06
32,70,contact,0.0014211337694601442,-7.886623053985579e-05,7.886623053985579e-05,0.0001719733597172711,0.0001719733597172711,0.0,0.0001719733597172711,300.54831814031337,300.6348755421992,-1.4885567210706142e-05
32,109,contact,0.0016664252181841225,-8.357478181587755e-05,8.357478181587755e-05,0.00018925581532776238,0.00018925581532776238,0.0,0.00018925581532776238,300.54831814031337,300.45104508242304,1.8409491880459753e-05
32,124,contact,0.0016361247356787936,-0.00011387526432120646,0.00011387526432120646,0.00022091556013347833,0.00022091556013347833,0.0,0.00022091556013347833,300.54831814031337,300.5033281301721,9.938993290764705e-06
32,189,contact,0.001662096904575663,-8.790309542433712e-05,8.790309542433712e-05,0.00019409470673323052,0.00019409470673323052,0.0,0.00019409470673323052,300.54831814031337,300.59087062143834,-8.259211344722683e-06
33,59,contact,0.001469751711854761,-3.0248288145239086e-05,3.0248288145239086e-05,0.00010650402834853082,0.00010650402834853082,0.0,0.00010650402834853082,300.86067305163647,300.7874842406561,7.794903199446983e-06
33,187,contact,0.001711651732298659,-3.834826770134103e-05,3.834826770134103e-05,0.00012819895425471807,0.00012819895425471807,0.0,0.00012819895425471807,300.86067305163647,300.94663375415615,-1.1020072170024542e-05
33,288,contact,0.0017065923368340776,-4.340766316592243e-05,4.340766316592243e-05,0.00013639385695098864,0.00013639385695098864,0.0,0.00013639385695098864,300.86067305163647,300.8562974529587,5.968047801304599e-07
34,60,contact,0.0015000075048478927,-0.0,0.0,8.660254037844388e-08,8.660254037844388e-08,0.0,8.660254037844388e-08,300.893097762017,300.893097762017,0.0
35,39,contact,0.0014816422953601183,-1.8357704639881695e-05,1.8357704639881695e-05,8.29707131459989e-05,8.29707131459989e-05,0.0,8.29707131459989e-05,300.7712865195861,300.7691024677048,1.81212342141744e-07
35,48,contact,0.0014930095064667206,-6.99049353327947e-06,6.99049353327947e-06,5.119995190407703e-05,5.119995190407703e-05,0.0,5.119995190407703e-05,300.7712865195861,300.7423239787957,1.4828806954892104e-06
36,45,contact,0.0014737444025678267,-2.625559743217338e-05,2.625559743217338e-05,9.92262517535809e-05,9.92262517535809e-05,0.0,9.92262517535809e-05,300.66406673463024,300.7007561975523,-3.640557884610354e-06
36,50,contact,0.0014672371220767284,-3.2762877923271606e-05,3.2762877923271606e-05,0.00011084258757908376,0.00011084258757908376,0.0,0.00011084258757908376,300.66406673463024,300.6835859820086,-2.1635638870131124e-06
36,114,contact,0.0017351417306087707,-1.4858269391229348e-05,1.4858269391229348e-05,7.979868256492892e-05,7.979868256492892e-05,0.0,7.979868256492892e-05,300.66406673463024,300.57251017785364,7.3060926109534155e-06
36,196,contact,0.001704803958591427,-4.5196041408573136e-05,4.5196041408573136e-05,0.00013917518468550933,0.00013917518468550933,0.0,0.00013917518468550933,300.66406673463024,300.69652499256443,-4.517384042561486e-06
37,38,contact,0.0014542376979022377,-4.576230209776236e-05,4.576230209776236e-05,0.0001309994781923229,0.0001309994781923229,0.0,0.0001309994781923229,300.81318181163465,300.85586203741593,-5.5910873064785194e-06
37,56,contact,0.0014531295615326251,-4.687043846737489e-05,4.687043846737489e-05,0.0001325760703342258,0.0001325760703342258,0.0,0.0001325760703342258,300.81318181163465,300.751714850991,8.149048097524482e-06
37,184,contact,0.0016845827917024438,-6.541720829755619e-05,6.541720829755619e-05,0.00016743938130929164,0.00016743938130929164,0.0,0.00016743938130929164,300.81318181163465,300.80409184384746,1.522018582408533e-06
38,65,contact,0.0014321994132190533,-6.780058678094677e-05,6.780058678094677e-05,0.00015945287718587909,0.00015945287718587909,0.0,0.00015945287718587909,300.85586203741593,300.94247820849625,-1.3811197689581771e-05
38,184,contact,0.0016911735681768441,-5.8826431823155896e-05,5.8826431823155896e-05,0.00015878075426262991,0.00015878075426262991,0.0,0.00015878075426262991,300.85586203741593,300.80409184384746,8.220110383124444e-06
39,46,contact,0.0014055681246030024,-9.443187539699758e-05,9.443187539699758e-05,0.00018818064000814243,0.00018818064000814243,0.0,0.00018818064000814243,300.7691024677048,300.81829855134043,-9.257750504450675e-06
39,178,contact,0.0016699065478046964,-8.00934521953036e-05,8.00934521953036e-05,0.00018527213829002645,0.00018527213829002645,0.0,0.00018527213829002645,300.7691024677048,300.7732689044187,-7.719246390426015e-07
39,196,contact,0.0017456376284237804,-4.362371576219605e-06,4.362371576219605e-06,4.3238730536173596e-05,4.3238730536173596e-05,0.0,4.3238730536173596e-05,300.7691024677048,300.69652499256443,3.1381578905893962e-06
40,44,contact,0.0014874676545726967,-1.2532345427303292e-05,1.2532345427303292e-05,6.855384405880341e-05,6.855384405880341e-05,0.0,6.855384405880341e-05,300.7102486960781,300.78980903479373,-5.454167053576426e-06
40,47,contact,0.001440732531561636,-5.9267468438364054e-05,5.9267468438364054e-05,0.00014908152355133254,0.00014908152355133254,0.0,0.00014908152355133254,300.7102486960781,300.7102197951544,4.3085937407462646e-09
40,48,contact,0.0014871587864448096,-1.284121355519044e-05,1.284121355519044e-05,6.939348012022754e-05,6.939348012022754e-05,0.0,6.939348012022754e-05,300.7102486960781,300.7423239787957,-2.2258154936134265e-06
40,173,contact,0.0017241276589046416,-2.5872341095358473e-05,2.5872341095358473e-05,0.00010530026677898333,0.00010530026677898333,0.0,0.00010530026677898333,300.7102486960781,300.68762561656496,2.382216308097141e-06
40,177,contact,0.0017220497202171605,-2.7950279782839585e-05,2.7950279782839585e-05,0.00010944720798404443,0.00010944720798404443,0.0,0.00010944720798404443,300.7102486960781,300.6153754361608,1.0383613410296916e-05
40,194,contact,0.0016973003044246468,-5.2699695575353193e-05,5.2699695575353193e-05,0.0001502850086269702,0.0001502850086269702,0.0,0.0001502850086269702,300.7102486960781,300.71358015703896,-5.006686392419097e-07
41,55,contact,0.0014539342098595798,-4.606579014042019e-05,4.606579014042019e-05,0.00013143314385138008,0.00013143314385138008,0.0,0.00013143314385138008,300.68586610331016,300.6565604204265,3.8517380341109795e-06
41,68,contact,0.0014430359558929918,-5.696404410700825e-05,5.696404410700825e-05,0.0001461557954380465,0.0001461557954380465,0.0,0.0001461557954380465,300.68586610331016,300.6320500802948,7.865523651123933e-06
42,55,contact,0.0014383205861350945,-6.167941386490548e-05,6.167941386490548e-05,0.00015208477964391952,0.00015208477964391952,0.0,0.00015208477964391952,300.54567261736594,300.6565604204265,-1.6864347093664187e-05
42,111,contact,0.0016833024065211809,-6.669759347881915e-05,6.669759347881915e-05,0.000169070053290031,0.000169070053290031,0.0,0.000169070053290031,300.54567261736594,300.51975851468404,4.381298721391357e-06
42,115,contact,0.001699808582223304,-5.0191417776696045e-05,5.0191417776696045e-05,0.00014666495020482576,0.00014666495020482576,0.0,0.00014666495020482576,300.54567261736594,300.50048569828976,6.627337236216356e-06
42,381,contact,0.0016930803810215273,-5.6919618978472754e-05,5.6919618978472754e-05,0.000156186178707802,0.000156186178707802,0.0,0.000156186178707802,300.54567261736594,300.5081807523076,5.855711136086633e-06
43,49,contact,0.0014497082160214174,-5.0291783978582624e-05,5.0291783978582624e-05,0.0001373295998391042,0.0001373295998391042,0.0,0.0001373295998391042,300.5614213719616,300.57649779685494,-2.0704393976043345e-06
43,68,contact,0.001475175260638545,-2.4824739361454986e-05,2.4824739361454986e-05,9.648459597544896e-05,9.648459597544896e-05,0.0,9.648459597544896e-05,300.5614213719616,300.6320500802948,-6.814582387794164e-06
43,115,contact,0.0016508120030154863,-9.918799698451376e-05,9.918799698451376e-05,0.00020617745164006564,0.00020617745164006564,0.0,0.00020617745164006564,300.5614213719616,300.50048569828976,1.2563561911632592e-05
43,177,contact,0.0016678042986513735,-8.21957013486265e-05,8.21957013486265e-05,0.00018768785029780525,0.00018768785029780525,0.0,0.00018768785029780525,300.5614213719616,300.6153754361608,-1.012652232437025e-05
43,283,contact,0.001695351877988756,-5.464812201124401e-05,5.464812201124401e-05,0.00015303798129583576,0.00015303798129583576,0.0,0.00015303798129583576,300.5614213719616,300.54982987984135,1.7739385542912122e-06
44,48,contact,0.0014717110947804937,-2.8288905219506352e-05,2.8288905219506352e-05,0.00010299679343219808,0.00010299679343219808,0.0,0.00010299679343219808,300.78980903479373,300.7423239787957,4.890808503746299e-06
44,54,contact,0.0014676165745180177,-3.238342548198231e-05,3.238342548198231e-05,0.00011019884099092588,0.00011019884099092588,0.0,0.00011019884099092588,300.78980903479373,300.812584091953,-2.509784902453102e-06
44,184,contact,0.001723706417084998,-2.6293582915002008e-05,2.6293582915002008e-05,0.00010615403144555424,0.00010615403144555424,0.0,0.00010615403144555424,300.78980903479373,300.80409184384746,-1.5161777614199739e-06
45,50,contact,0.0014507600245733266,-4.923997542667343e-05,4.923997542667343e-05,0.00013588594770984428,0.00013588594770984428,0.0,0.00013588594770984428,300.7007561975523,300.6835859820086,2.3331910115418835e-06
45,51,contact,0.0014503016139755204,-4.969838602447967e-05,4.969838602447967e-05,0.00013651701270969813,0.00013651701270969813,0.0,0.00013651701270969813,300.7007561975523,300.658055111399,5.829424721111932e-06
45,159,contact,0.0016965455804369063,-5.3454419563093774e-05,5.3454419563093774e-05,0.0001513573155008096,0.0001513573155008096,0.0,0.0001513573155008096,300.7007561975523,300.74395652521844,-6.538685624298292e-06
46,314,contact,0.0016370918553642612,-0.00011290814463573882,0.00011290814463573882,0.00021997546418609524,0.00021997546418609524,0.0,0.00021997546418609524,300.81829855134043,300.84595681072165,-6.084138445961587e-06
46,405,contact,0.001947000709527349,-5.299929047265111e-05,5.299929047265111e-05,0.0001576179476108454,0.0001576179476108454,0.0,0.0001576179476108454,300.81829855134043,300.7138759808396,1.6458871246591897e-05
46,417,contact,0.001914277818129072,-8.572218187092814e-05,8.572218187092814e-05,0.00020045516394445308,0.00020045516394445308,0.0,0.00020045516394445308,300.81829855134043,300.9158114056095,-1.954695518919224e-05
47,56,contact,0.0014814125383903023,-1.8587461609697762e-05,1.8587461609697762e-05,8.348831117968946e-05,8.348831117968946e-05,0.0,8.348831117968946e-05,300.7102197951544,300.751714850991,-3.464352134105138e-06
47,173,contact,0.0017355724012843717,-1.4427598715628306e-05,1.4427598715628306e-05,7.863368611741492e-05,7.863368611741492e-05,0.0,7.863368611741492e-05,300.7102197951544,300.68762561656496,1.7766635472819962e-06
48,50,contact,0.0014386986637235754,-6.130133627642461e-05,6.130133627642461e-05,0.00015161794453051798,0.00015161794453051798,0.0,0.00015161794453051798,300.7423239787957,300.6835859820086,8.905734338700508e-06
49,125,contact,0.0017429343346494724,-7.065665350527604e-06,7.065665350527604e-06,5.502855888612075e-05,5.502855888612075e-05,0.0,5.502855888612075e-05,300.57649779685494,300.4758652782077,5.537662478237013e-06
49,189,contact,0.0016846687022972796,-6.53312977027204e-05,6.53312977027204e-05,0.00016732939845370918,0.00016732939845370918,0.0,0.00016732939845370918,300.57649779685494,300.59087062143834,-2.4049960916216834e-06
51,70,contact,0.001421449839635574,-7.85501603644261e-05,7.85501603644261e-05,0.00017162840713780394,0.00017162840713780394,0.0,0.00017162840713780394,300.658055111399,300.6348755421992,3.978272539899282e-06
51,307,contact,0.0017433532262281213,-6.6467737718787275e-06,6.6467737718787275e-06,5.337243980562598e-05,5.337243980562598e-05,0.0,5.337243980562598e-05,300.658055111399,300.70019757186355,-2.2492459344057457e-06
52,53,contact,0.0014637252731537433,-3.627472684625678e-05,3.627472684625678e-05,0.00011663199632753567,0.00011663199632753567,0.0,0.00011663199632753567,300.95072404417755,300.9187597730871,3.7280567484314364e-06
52,144,contact,0.001675598079695725,-7.440192030427504e-05,7.440192030427504e-05,0.00017856801861828653,0.00017856801861828653,0.0,0.00017856801861828653,300.95072404417755,300.94580961342115,8.775601628072284e-07
52,187,contact,0.0017373474908710692,-1.2652509128930787e-05,1.2652509128930787e-05,7.363765281701277e-05,7.363765281701277e-05,0.0,7.363765281701277e-05,300.95072404417755,300.94663375415615,3.011993565163803e-07
54,194,contact,0.001727106803703812,-2.289319629618803e-05,2.289319629618803e-05,9.905235908964228e-05,9.905235908964228e-05,0.0,9.905235908964228e-05,300.812584091953,300.71358015703896,9.806573312392813e-06
54,317,contact,0.0017313481976771747,-1.865180232282532e-05,1.865180232282532e-05,8.940710020420713e-05,8.940710020420713e-05,0.0,8.940710020420713e-05,300.812584091953,300.81244173142915,1.2728041621235897e-08
54,440,contact,0.001973565125173223,-2.6434874826777085e-05,2.6434874826777085e-05,0.00011131642994208788,0.00011131642994208788,0.0,0.00011131642994208788,300.812584091953,300.92334120357515,-1.2329086256474988e-05
55,269,contact,0.001652828822836775,-9.717117716322513e-05,9.717117716322513e-05,0.00020407055204710642,0.00020407055204710642,0.0,0.00020407055204710642,300.6565604204265,300.6348491245501,4.43063613515512e-06
55,405,contact,0.0018496613671696773,-0.00015033863283032273,0.00015033863283032273,0.0002654641861705902,0.0002654641861705902,0.0,0.0002654641861705902,300.6565604204265,300.7138759808396,-1.521522859997157e-05
56,57,contact,0.00145774718909007,-4.2252810909930135e-05,4.2252810909930135e-05,0.00012587614583877202,0.00012587614583877202,0.0,0.00012587614583877202,300.751714850991,300.7072947610331,5.59142972171148e-06
56,64,contact,0.0013906349125848959,-0.00010936508741510417,0.00010936508741510417,0.00020251396934696644,0.00020251396934696644,0.0,0.00020251396934696644,300.751714850991,300.7981545389198,-9.404685537694891e-06
56,138,contact,0.001746896369536556,-3.103630463443998e-06,3.103630463443998e-06,3.6470910894519746e-05,3.6470910894519746e-05,0.0,3.6470910894519746e-05,300.751714850991,300.7392755963126,4.536709489695736e-07
56,173,contact,0.0016535533176768144,-9.644668232318561e-05,9.644668232318561e-05,0.00020330836781653233,0.00020330836781653233,0.0,0.00020330836781653233,300.751714850991,300.68762561656496,1.302987764576831e-05
57,70,contact,0.0014481577601905121,-5.184223980948788e-05,5.184223980948788e-05,0.00013943041249511512,0.00013943041249511512,0.0,0.00013943041249511512,300.7072947610331,300.6348755421992,1.0097441554582753e-05
57,300,contact,0.0017395010572575113,-1.0498942742488736e-05,1.0498942742488736e-05,6.70786619547381e-05,6.70786619547381e-05,0.0,6.70786619547381e-05,300.7072947610331,300.7795125137292,-4.84427022023098e-06
59,159,contact,0.0017327958128123462,-1.720418718765388e-05,1.720418718765388e-05,8.586747393759229e-05,8.586747393759229e-05,0.0,8.586747393759229e-05,300.7874842406561,300.74395652521844,3.7376149709076037e-06
60,65,contact,0.0014551600293180812,-4.483997068191882e-05,4.483997068191882e-05,0.00012967262242169532,0.00012967262242169532,0.0,0.00012967262242169532,300.893097762017,300.94247820849625,-6.40329199131636e-06
60,179,contact,0.0017038521426755312,-4.614785732446887e-05,4.614785732446887e-05,0.00014063304426434808,0.00014063304426434808,0.0,0.00014063304426434808,300.893097762017,300.8944688876003,-1.9282556484283692e-07
61,183,contact,0.0016201194876446618,-0.00012988051235533825,0.00012988051235533825,0.00023593023698482648,0.00023593023698482648,0.0,0.00023593023698482648,300.6407499338708,300.55418680901784,2.0422858560702183e-05
61,261,contact,0.0016201238534815782,-0.00012987614651842187,0.00012987614651842187,0.0002359262716416979,0.0002359262716416979,0.0,0.0002359262716416979,300.6407499338708,300.727314513638,-2.0422858560715624e-05
62,111,contact,0.0016108748700628492,-0.0001391251299371508,0.0001391251299371508,0.00024418242296969357,0.00024418242296969357,0.0,0.00024418242296969357,300.5983001944593,300.51975851468404,1.9178497671628332e-05
62,114,contact,0.001746053920988696,-3.946079011304124e-06,3.946079011304124e-06,4.1123919063366745e-05,4.1123919063366745e-05,0.0,4.1123919063366745e-05,300.5983001944593,300.57251017785364,1.0605865555332308e-06
62,150,contact,0.0017167491301196753,-3.325086988032475e-05,3.325086988032475e-05,0.00011937492536480793,0.00011937492536480793,0.0,0.00011937492536480793,300.5983001944593,300.56757825953775,3.667428688320153e-06
62,186,contact,0.0016441366210692466,-0.0001058633789307534,0.0001058633789307534,0.0002130023932770509,0.0002130023932770509,0.0,0.0002130023932770509,300.5983001944593,300.6540861417565,-1.1882540285539162e-05
62,196,contact,0.0016340609208805527,-0.00011593907911944734,0.00011593907911944734,0.0002229084492913569,0.0002229084492913569,0.0,0.0002229084492913569,300.5983001944593,300.69652499256443,-2.1895137427575612e-05
64,138,contact,0.001652412300305223,-9.758769969477705e-05,9.758769969477705e-05,0.00020450745675693627,0.00020450745675693627,0.0,0.00020450745675693627,300.7981545389198,300.7392755963126,1.2041182809131967e-05
64,179,contact,0.001664835624198377,-8.51643758016231e-05,8.51643758016231e-05,0.00019104716224193336,0.00019104716224193336,0.0,0.00019104716224193336,300.7981545389198,300.8944688876003,-1.8400582998588445e-05
64,274,contact,0.0016329921317168065,-0.00011700786828319353,0.00011700786828319353,0.00022393353760485676,0.00022393353760485676,0.0,0.00022393353760485676,300.7981545389198,300.8262257366529,-6.286082613174905e-06
65,179,contact,0.0016917310353082135,-5.8268964691786515e-05,5.8268964691786515e-05,0.00015802662256511426,0.00015802662256511426,0.0,0.00015802662256511426,300.94247820849625,300.8944688876003,7.586750832835148e-06
66,69,contact,0.0014110092520603827,-8.89907479396173e-05,8.89907479396173e-05,0.00018267876307156365,0.00018267876307156365,0.0,0.00018267876307156365,300.59190418633074,300.5931559585499,-2.2867220064667054e-07
66,124,contact,0.0017207307887929476,-2.926921120705245e-05,2.926921120705245e-05,0.00011199976633978008,0.00011199976633978008,0.0,0.00011199976633978008,300.59190418633074,300.5033281301721,9.920497593064153e-06
66,189,contact,0.0016829422442258676,-6.705775577413244e-05,6.705775577413244e-05,0.00016952592187896782,0.00016952592187896782,0.0,0.00016952592187896782,300.59190418633074,300.59087062143834,1.7521604120509835e-07
67,187,contact,0.0016736679665169552,-7.633203348304481e-05,7.633203348304481e-05,0.0001808693689810152,0.0001808693689810152,0.0,0.0001808693689810152,300.9463881242216,300.94663375415615,-4.442693126818293e-08
67,288,contact,0.0016873951958306546,-6.260480416934544e-05,6.260480416934544e-05,0.0001638005810682334,0.0001638005810682334,0.0,0.0001638005810682334,300.9463881242216,300.8562974529587,1.4756904301687806e-05
67,301,contact,0.0016789411826838982,-7.105881731610188e-05,7.105881731610188e-05,0.00017451011102442732,0.00017451011102442732,0.0,0.00017451011102442732,300.9463881242216,300.94367867529405,4.7282623315876026e-07
68,269,contact,0.0016992289253070045,-5.0771074692995515e-05,5.0771074692995515e-05,0.00014750943024526868,0.00014750943024526868,0.0,0.00014750943024526868,300.6320500802948,300.6348491245501,-4.128854233323442e-07
68,282,contact,0.001646058639720955,-0.00010394136027904507,0.00010394136027904507,0.00021105993760647208,0.00021105993760647208,0.0,0.00021105993760647208,300.6320500802948,300.6598461118593,-5.866628687709176e-06
69,171,contact,0.001665792586878691,-8.420741312130907e-05,8.420741312130907e-05,0.0001899707644289086,0.0001899707644289086,0.0,0.0001899707644289086,300.5931559585499,300.6112621339015,-3.439643972425517e-06
69,486,contact,0.001993334869634302,-6.665130365698154e-06,6.665130365698154e-06,5.58952579287457e-05,5.58952579287457e-05,0.0,5.58952579287457e-05,300.5931559585499,300.5357097298218,3.2109717717914735e-06
71,72,contact,0.0013747955814956637,-0.0001252044185043363,0.0001252044185043363,0.0002166833102459119,0.0002166833102459119,0.0,0.0002166833102459119,300.3137086081442,300.3685893134472,-1.189173289368264e-05
71,93,contact,0.001432886398846748,-6.711360115325212e-05,6.711360115325212e-05,0.00015864299679616982,0.00015864299679616982,0.0,0.00015864299679616982,300.3137086081442,300.25790810418493,8.852359170838293e-06
71,103,contact,0.0016594046766837793,-9.059532331622076e-05,9.059532331622076e-05,0.00019704458159392046,0.00019704458159392046,0.0,0.00019704458159392046,300.3137086081442,300.34601740917066,-6.366274180054405e-06
71,116,contact,0.0017094432884714257,-4.055671152857431e-05,4.055671152857431e-05,0.00013183871888773957,0.00013183871888773957,0.0,0.00013183871888773957,300.3137086081442,300.2915997090005,2.914808939129646e-06
71,130,contact,0.0016150019372743805,-0.0001349980627256195,0.0001349980627256195,0.0002405333918538008,0.0002405333918538008,0.0,0.0002405333918538008,300.3137086081442,300.3565017649417,-1.0293183152627572e-05
71,259,contact,0.0016509431607420653,-9.905683925793478e-05,9.905683925793478e-05,0.0002060410908303086,0.0002060410908303086,0.0,0.0002060410908303086,300.3137086081442,300.232249021376,1.6784022116312868e-05
72,77,contact,0.0014825996169229238,-1.7400383077076234e-05,1.7400383077076234e-05,8.077836129746374e-05,8.077836129746374e-05,0.0,8.077836129746374e-05,300.3685893134472,300.41178781947133,-3.489504527126366e-06
72,94,contact,0.0013821454129359903,-0.00011785458706400974,0.00011785458706400974,0.0002102271869882762,0.0002102271869882762,0.0,0.0002102271869882762,300.3685893134472,300.3721096898564,-7.400788296457711e-07
72,103,contact,0.001693511592903928,-5.648840709607207e-05,5.648840709607207e-05,0.0001555934360019343,0.0001555934360019343,0.0,0.0001555934360019343,300.3685893134472,300.34601740917066,3.5120401434967904e-06
72,215,contact,0.0016383993492213671,-0.00011160065077863292,0.00011160065077863292,0.00021869808031553412,0.00021869808031553412,0.0,0.00021869808031553412,300.3685893134472,300.35546452236576,2.870366614056052e-06
72,222,contact,0.001702722457243105,-4.7277542756895066e-05,4.7277542756895066e-05,0.00014234396382941327,0.00014234396382941327,0.0,0.00014234396382941327,300.3685893134472,300.4672556419429,-1.4044556294574399e-05
73,79,contact,0.0014834678245583886,-1.6532175441611417e-05,1.6532175441611417e-05,7.873732145942153e-05,7.873732145942153e-05,0.0,7.873732145942153e-05,300.1354991612402,300.20236104142356,-5.264525353378003e-06
73,83,contact,0.0014590587488171956,-4.094125118280444e-05,4.094125118280444e-05,0.00012390709904420999,0.00012390709904420999,0.0,0.00012390709904420999,300.1354991612402,300.0710605740832,7.984398401129529e-06
73,122,contact,0.0017128814285291322,-3.711857147086785e-05,3.711857147086785e-05,0.00012612675846861564,0.00012612675846861564,0.0,0.00012612675846861564,300.1354991612402,300.07409875069646,7.744234750524166e-06
73,128,contact,0.0017176198134919143,-3.238018650808571e-05,3.238018650808571e-05,0.00011780162473064447,0.00011780162473064447,0.0,0.00011780162473064447,300.1354991612402,300.21002214878587,-8.778929012660684e-06
73,220,contact,0.0017107566430383957,-3.9243356961604376e-05,3.9243356961604376e-05,0.00012968647406330893,0.00012968647406330893,0.0,0.00012968647406330893,300.1354991612402,300.1484934137079,-1.6851787856252742e-06
75,79,contact,0.0014729522499388771,-2.70477500611229e-05,2.70477500611229e-05,0.0001007119966683269,0.0001007119966683269,0.0,0.0001007119966683269,300.3043610262822,300.20236104142356,1.0272622135253834e-05
75,90,contact,0.0014280268101474838,-7.197318985251622e-05,7.197318985251622e-05,0.00016428617164780966,0.00016428617164780966,0.0,0.00016428617164780966,300.3043610262822,300.3237650628175,-3.187814876892662e-06
75,103,contact,0.0017216168877250244,-2.8383112274975655e-05,2.8383112274975655e-05,0.00011029139120978376,0.00011029139120978376,0.0,0.00011029139120978376,300.3043610262822,300.34601740917066,-4.594340421534333e-06
75,116,contact,0.0016499008209586424,-0.00010009917904135767,0.00010009917904135767,0.00020712230242197932,0.00020712230242197932,0.0,0.00020712230242197932,300.3043610262822,300.2915997090005,2.6431534173291327e-06
75,123,contact,0.0016940260080943268,-5.5973991905673226e-05,5.5973991905673226e-05,0.00015488335505747528,0.00015488335505747528,0.0,0.00015488335505747528,300.3043610262822,300.33750610021366,-5.133620254131116e-06
76,82,contact,0.001459120814805957,-4.0879185194043e-05,4.0879185194043e-05,0.0001238131432755268,0.0001238131432755268,0.0,0.0001238131432755268,300.49144302215313,300.4840566226117,9.145333447117703e-07
76,102,contact,0.0016465572192608433,-0.00010344278073915673,0.00010344278073915673,0.0002105531294395347,0.0002105531294395347,0.0,0.0002105531294395347,300.49144302215313,300.45067832946285,8.583133616581165e-06
76,216,contact,0.0016203018354306706,-0.00012969816456932944,0.00012969816456932944,0.00023576455983156111,0.00023576455983156111,0.0,0.00023576455983156111,300.49144302215313,300.46750368756216,5.644046682502281e-06
76,283,contact,0.001638828372039001,-0.00011117162796099914,0.00011117162796099914,0.00021827730851340635,0.00021827730851340635,0.0,0.00021827730851340635,300.49144302215313,300.54982987984135,-1.2744526148739862e-05
76,368,contact,0.0017012652402844171,-4.873475971558291e-05,4.873475971558291e-05,0.0001445210212820013,0.0001445210212820013,0.0,0.0001445210212820013,300.49144302215313,300.4788277646792,1.8231698938711646e-06
77,98,contact,0.0014483191086541124,-5.1680891345887636e-05,5.1680891345887636e-05,0.00013921326896064134,0.00013921326896064134,0.0,0.00013921326896064134,300.41178781947133,300.4097286660584,2.866614779033993e-07
77,110,contact,0.0016804673264601128,-6.953267353988725e-05,6.953267353988725e-05,0.00017262594599706108,0.00017262594599706108,0.0,0.00017262594599706108,300.41178781947133,300.4424237582731,-5.288557917162823e-06
77,130,contact,0.0016621810224521276,-8.781897754787243e-05,8.781897754787243e-05,0.00019400181613421535,0.00019400181613421535,0.0,0.00019400181613421535,300.41178781947133,300.3565017649417,1.0725594985643716e-05
77,222,contact,0.0016856252079569761,-6.43747920430239e-05,6.43747920430239e-05,0.00016609995963234726,0.00016609995963234726,0.0,0.00016609995963234726,300.41178781947133,300.4672556419429,-9.213203073426721e-06
78,81,contact,0.0014593798847455724,-4.062011525442764e-05,4.062011525442764e-05,0.00012342018967904063,0.00012342018967904063,0.0,0.00012342018967904063,300.1223327574214,300.0658095200307,6.976108680034441e-06
78,220,contact,0.0017403940156470316,-9.60598435296848e-06,9.60598435296848e-06,6.416268726437891e-05,6.416268726437891e-05,0.0,6.416268726437891e-05,300.1223327574214,300.1484934137079,-1.678538007941137e-06
78,239,contact,0.0017126588548219408,-3.7341145178059225e-05,3.7341145178059225e-05,0.00012650433958348603,0.00012650433958348603,0.0,0.00012650433958348603,300.1223327574214,300.164209349873,-5.2975706720911766e-06
79,99,contact,0.0014828606551190173,-1.7139344880982713e-05,1.7139344880982713e-05,8.017015860261546e-05,8.017015860261546e-05,0.0,8.017015860261546e-05,300.20236104142356,300.1548399536968,3.809773140022351e-06
79,105,contact,0.0017452141690348505,-4.785830965149543e-06,4.785830965149543e-06,4.528874488916113e-05,4.528874488916113e-05,0.0,4.528874488916113e-05,300.20236104142356,300.23665927668947,-1.5533240271061282e-06
79,120,contact,0.001734888750813723,-1.5111249186277025e-05,1.5111249186277025e-05,8.04751492776595e-05,8.04751492776595e-05,0.0,8.04751492776595e-05,300.20236104142356,300.1613002385293,3.3043742423765074e-06
79,128,contact,0.001737854528549499,-1.2145471450501115e-05,1.2145471450501115e-05,7.214708622123809e-05,7.214708622123809e-05,0.0,7.214708622123809e-05,300.20236104142356,300.21002214878587,-5.527265734187306e-07
80,92,contact,0.0014502656134653396,-4.973438653466046e-05,4.973438653466046e-05,0.0001365664488463315,0.0001365664488463315,0.0,0.0001365664488463315,300.4126561761615,300.4865255997735,-1.0088084861015568e-05
80,97,contact,0.0013912970330594396,-0.00010870296694056041,0.00010870296694056041,0.00020190000644554261,0.00020190000644554261,0.0,0.00020190000644554261,300.4126561761615,300.33816679314856,1.5039406910432472e-05
80,134,contact,0.0016874609355478425,-6.25390644521575e-05,6.25390644521575e-05,0.0001637145570613126,0.0001637145570613126,0.0,0.0001637145570613126,300.4126561761615,300.3739590832146,6.3352774313628944e-06
80,218,contact,0.001656471209137061,-9.3528790862939e-05,9.3528790862939e-05,0.00020020930925580892,0.00020020930925580892,0.0,0.00020020930925580892,300.4126561761615,300.44795745774684,-7.067645202050078e-06
80,255,contact,0.0017233180308347037,-2.668196916529638e-05,2.668196916529638e-05,0.00010693516560173213,0.00010693516560173213,0.0,0.00010693516560173213,300.4126561761615,300.4521095613507,-4.218954278759595e-06
81,206,contact,0.0017168803757979176,-3.311962420208246e-05,3.311962420208246e-05,0.00011913909794032914,0.00011913909794032914,0.0,0.00011913909794032914,300.0658095200307,300.06003067104086,6.884868557839307e-07
81,480,contact,0.0019380461149570206,-6.195388504297945e-05,6.195388504297945e-05,0.0001704138598057582,0.0001704138598057582,0.0,0.0001704138598057582,300.0658095200307,300.1330647346091,-1.1461220708366426e-05
81,492,contact,0.0019610386626529204,-3.896133734707964e-05,3.896133734707964e-05,0.00013514113689563065,0.00013514113689563065,0.0,0.00013514113689563065,300.0658095200307,300.1575760346562,-1.2401431115436379e-05
82,92,contact,0.0014560631328345624,-4.393686716543761e-05,4.393686716543761e-05,0.0001283601386219223,0.0001283601386219223,0.0,0.0001283601386219223,300.4840566226117,300.4865255997735,-3.169182507371727e-07
82,126,contact,0.0017256647299808841,-2.4335270019115902e-05,2.4335270019115902e-05,0.00010212444093733859,0.00010212444093733859,0.0,0.00010212444093733859,300.4840566226117,300.4318825518459,5.328247808385487e-06
83,104,contact,0.0017186379192837564,-3.136208071624364e-05,3.136208071624364e-05,0.0001159348598805941,0.0001159348598805941,0.0,0.0001159348598805941,300.0710605740832,300.0620119936185,1.0490459082941285e-06
83,120,contact,0.001715502954733684,-3.4497045266315956e-05,3.4497045266315956e-05,0.00012159131536124719,0.00012159131536124719,0.0,0.00012159131536124719,300.0710605740832,300.1613002385293,-1.097235949775567e-05
83,480,contact,0.001980580519898143,-1.9419480101856828e-05,1.9419480101856828e-05,9.54090210501365e-05,9.54090210501365e-05,0.0,9.54090210501365e-05,300.0710605740832,300.1330647346091,-5.9157562568091e-06
84,101,contact,0.0016869998480142203,-6.300015198577977e-05,6.300015198577977e-05,0.00016431696545628744,0.00016431696545628744,0.0,0.00016431696545628744,300.1009641685984,300.0635485917341,6.148014051139067e-06
84,104,contact,0.0017373703187288543,-1.262968127114573e-05,1.262968127114573e-05,7.357119371586097e-05,7.357119371586097e-05,0.0,7.357119371586097e-05,300.1009641685984,300.0620119936185,2.8657580111001396e-06
84,119,contact,0.0016858494704154335,-6.415052958456654e-05,6.415052958456654e-05,0.00016581038600664124,0.00016581038600664124,0.0,0.00016581038600664124,300.1009641685984,300.1311002570816,-4.996876464125571e-06
84,240,contact,0.00173773104518392,-1.2268954816080108e-05,1.2268954816080108e-05,7.251291948753518e-05,7.251291948753518e-05,0.0,7.251291948753518e-05,300.1009641685984,300.1563597536401,-4.0168955980943e-06
85,88,contact,0.001490914385871973,-9.085614128027117e-06,9.085614128027117e-06,5.837041457802205e-05,5.837041457802205e-05,0.0,5.837041457802205e-05,300.32770163550845,300.2542758548622,4.285893257035493e-06
85,123,contact,0.0017180398269539623,-3.196017304603772e-05,3.196017304603772e-05,0.00011703511020087283,0.00011703511020087283,0.0,0.00011703511020087283,300.32770163550845,300.33750610021366,-1.147466607235056e-06
85,132,contact,0.0016569539999649959,-9.304600003500418e-05,9.304600003500418e-05,0.00019969190558923245,0.00019969190558923245,0.0,0.00019969190558923245,300.32770163550845,300.39015841067766,-1.2472112450497756e-05
85,360,contact,0.0016652342447835986,-8.476575521640145e-05,8.476575521640145e-05,0.00019059952992342137,0.00019059952992342137,0.0,0.00019059952992342137,300.32770163550845,300.2819600997904,8.71831520583317e-06
85,367,contact,0.0017353501504019293,-1.4649849598070757e-05,1.4649849598070757e-05,7.923703029898176e-05,7.923703029898176e-05,0.0,7.923703029898176e-05,300.32770163550845,300.31993543588527,6.153705948496022e-07
86,99,contact,0.0014921669019248487,-7.833098075151358e-06,7.833098075151358e-06,5.419789459178059e-05,5.419789459178059e-05,0.0,5.419789459178059e-05,300.2094237286781,300.1548399536968,2.9583256828562147e-06
86,106,contact,0.0016345708836572367,-0.00011542911634276334,0.00011542911634276334,0.00022241767306074335,0.00022241767306074335,0.0,0.00022241767306074335,300.2094237286781,300.2187273779017,-2.0692960112920958e-06
86,118,contact,0.0016651433423582492,-8.485665764175086e-05,8.485665764175086e-05,0.000190701701590001,0.000190701701590001,0.0,0.000190701701590001,300.2094237286781,300.2872402456975,-1.4839742207409576e-05
86,119,contact,0.0016181561370275737,-0.00013184386297242635,0.00013184386297242635,0.0002377067788315437,0.0002377067788315437,0.0,0.0002377067788315437,300.2094237286781,300.1311002570816,1.8618020140105756e-05
86,374,contact,0.0017403102629703698,-9.68973702963026e-06,9.68973702963026e-06,6.444179110848885e-05,6.444179110848885e-05,0.0,6.444179110848885e-05,300.2094237286781,300.2818504493514,-4.667307604302973e-06
87,91,contact,0.0014896810084033898,-1.0318991596610207e-05,1.0318991596610207e-05,6.220628464012963e-05,6.220628464012963e-05,0.0,6.220628464012963e-05,300.1516298952283,300.15893591080453,-4.544800845186306e-07
87,238,contact,0.0016242126407893756,-0.0001257873592106244,0.0001257873592106244,0.00023218283363143956,0.00023218283363143956,0.0,0.00023218283363143956,300.1516298952283,300.1783887617286,-6.2129494488054725e-06
87,327,contact,0.0016728549624099604,-7.714503759003962e-05,7.714503759003962e-05,0.00018183002768288806,0.00018183002768288806,0.0,0.00018183002768288806,300.1516298952283,300.19572338984733,-8.01752134720904e-06
87,329,contact,0.0016324540257939123,-0.0001175459742060877,0.0001175459742060877,0.00022444786942255277,0.00022444786942255277,0.0,0.00022444786942255277,300.1516298952283,300.0837024517522,1.524616996354297e-05
87,468,contact,0.0019392575395550224,-6.074246044497763e-05,6.074246044497763e-05,0.0001687395280708799,0.0001687395280708799,0.0,0.0001687395280708799,300.1516298952283,300.1549558443371,-5.612190830040936e-07
88,112,contact,0.0016427689148812135,-0.00010723108511878653,0.00010723108511878653,0.0002143739241060414,0.0002143739241060414,0.0,0.0002143739241060414,300.2542758548622,300.2291186047202,5.393058432658114e-06
88,360,contact,0.00167341045174219,-7.658954825780998e-05,7.658954825780998e-05,0.00018117420376667862,0.00018117420376667862,0.0,0.00018117420376667862,300.2542758548622,300.2819600997904,-5.015671031747579e-06
88,380,contact,0.0016857789856991924,-6.422101430080766e-05,6.422101430080766e-05,0.0001659014522034189,0.0001659014522034189,0.0,0.0001659014522034189,300.2542758548622,300.2307166526721,3.90850585609861e-06
89,102,contact,0.0016590585044536546,-9.094149554634548e-05,9.094149554634548e-05,0.00019742068448549025,0.00019742068448549025,0.0,0.00019742068448549025,300.37005974892827,300.45067832946285,-1.591577535138467e-05
89,118,contact,0.0016340567736770955,-0.00011594322632290451,0.00011594322632290451,0.00022291243603349644,0.00022291243603349644,0.0,0.00022291243603349644,300.37005974892827,300.2872402456975,1.8461497216257277e-05
89,134,contact,0.0016538443134406582,-9.615568655934183e-05,9.615568655934183e-05,0.00020300142845311122,0.00020300142845311122,0.0,0.00020300142845311122,300.37005974892827,300.3739590832146,-7.915704301355582e-07
89,346,contact,0.0016713919731170183,-7.860802688298171e-05,7.860802688298171e-05,0.00018354605519711048,0.00018354605519711048,0.0,0.00018354605519711048,300.37005974892827,300.37961675865466,-1.7541514347598628e-06
90,97,contact,0.0013896030796238183,-0.00011039692037618175,0.00011039692037618175,0.0002034670615629669,0.0002034670615629669,0.0,0.0002034670615629669,300.3237650628175,300.33816679314856,-2.9302777518886265e-06
90,105,contact,0.001616418265332337,-0.0001335817346676631,0.0001335817346676631,0.00023926829053923945,0.00023926829053923945,0.0,0.00023926829053923945,300.3237650628175,300.23665927668947,2.0841652542924703e-05
90,118,contact,0.001729316323695582,-2.068367630441814e-05,2.068367630441814e-05,9.415111630720843e-05,9.415111630720843e-05,0.0,9.415111630720843e-05,300.3237650628175,300.2872402456975,3.438852304762975e-06
90,126,contact,0.0016298110078165502,-0.00012018899218344979,0.00012018899218344979,0.00022695719437510972,0.00022695719437510972,0.0,0.00022695719437510972,300.3237650628175,300.4318825518459,-2.4538041972771004e-05
91,113,contact,0.0016856908258040678,-6.430917419593223e-05,6.430917419593223e-05,0.00016601528440297154,0.00016601528440297154,0.0,0.00016601528440297154,300.15893591080453,300.21170799500266,-8.760972566689275e-06
91,205,contact,0.0016414342366406277,-0.00010856576335937238,0.00010856576335937238,0.00021570392740252522,0.00021570392740252522,0.0,0.00021570392740252522,300.15893591080453,300.1291190107733,6.431622439702932e-06
91,209,contact,0.001682442916098196,-6.755708390180411e-05,6.755708390180411e-05,0.0001701559166115479,0.0001701559166115479,0.0,0.0001701559166115479,300.15893591080453,300.2380602720362,-1.3463478211676919e-05
91,329,contact,0.0016530133601262865,-9.698663987371355e-05,9.698663987371355e-05,0.00020387668528554237,0.00020387668528554237,0.0,0.00020387668528554237,300.15893591080453,300.0837024517522,1.5338348254159923e-05
92,125,contact,0.0017126004279165636,-3.739957208343642e-05,3.739957208343642e-05,0.000126603270241169,0.000126603270241169,0.0,0.000126603270241169,300.4865255997735,300.4758652782077,1.3496315720465956e-06
92,169,contact,0.001688390713697515,-6.160928630248499e-05,6.160928630248499e-05,0.00016249301475424147,0.00016249301475424147,0.0,0.00016249301475424147,300.4865255997735,300.5588649227999,-1.1754634683844949e-05
93,95,contact,0.0014022569878592154,-9.774301214078465e-05,9.774301214078465e-05,0.00019145137647140134,0.00019145137647140134,0.0,0.00019145137647140134,300.25790810418493,300.17735439274065,1.5422118935887742e-05
93,116,contact,0.0016612777866750643,-8.872221332493569e-05,8.872221332493569e-05,0.00019499693769566413,0.00019499693769566413,0.0,0.00019499693769566413,300.25790810418493,300.2915997090005,-6.569759765083659e-06
94,103,contact,0.00173749473938772,-1.2505260612280132e-05,1.2505260612280132e-05,7.320790534677873e-05,7.320790534677873e-05,0.0,7.320790534677873e-05,300.3721096898564,300.34601740917066,1.91016121472465e-06
94,132,contact,0.001644983495844259,-0.00010501650415574112,0.00010501650415574112,0.00021214870541580813,0.00021214870541580813,0.0,0.00021214870541580813,300.3721096898564,300.39015841067766,-3.829012756637663e-06
94,215,contact,0.001748053482897191,-1.946517102808989e-06,1.946517102808989e-06,2.8882894859926464e-05,2.8882894859926464e-05,0.0,2.8882894859926464e-05,300.3721096898564,300.35546452236576,4.807606225583431e-07
94,348,contact,0.001716459368281405,-3.354063171859506e-05,3.354063171859506e-05,0.0001198939383406286,0.0001198939383406286,0.0,0.0001198939383406286,300.3721096898564,300.3662877767607,6.980120897205155e-07
95,101,contact,0.001556062766503974,-0.00019393723349602605,0.00019393723349602605,0.0002882983822580047,0.0002882983822580047,0.0,0.0002882983822580047,300.17735439274065,300.0635485917341,3.281002832176455e-05
95,112,contact,0.0015691299878913792,-0.00018087001210862082,0.00018087001210862082,0.00027841644972077925,0.00027841644972077925,0.0,0.00027841644972077925,300.17735439274065,300.2291186047202,-1.4412008121942816e-05
95,205,contact,0.0016368260380492487,-0.00011317396195075131,0.00011317396195075131,0.0002202342538078988,0.0002202342538078988,0.0,0.0002202342538078988,300.17735439274065,300.1291190107733,1.062308335471718e-05
95,259,contact,0.0016068042766563073,-0.0001431957233436927,0.0001431957233436927,0.00024772887542376935,0.00024772887542376935,0.0,0.00024772887542376935,300.17735439274065,300.232249021376,-1.3598984618637841e-05
96,103,contact,0.0017027157723178586,-4.7284227682141454e-05,4.7284227682141454e-05,0.0001423540270123471,0.0001423540270123471,0.0,0.0001423540270123471,300.4416757984421,300.34601740917066,1.3617356930301433e-05
96,109,contact,0.001661183319474404,-8.881668052559597e-05,8.881668052559597e-05,0.00019510072181780068,0.00019510072181780068,0.0,0.00019510072181780068,300.4416757984421,300.45104508242304,-1.8279540676010879e-06
96,110,contact,0.0016683381661401864,-8.166183385981368e-05,8.166183385981368e-05,0.00018707733373410848,0.00018707733373410848,0.0,0.00018707733373410848,300.4416757984421,300.4424237582731,-1.3992633092686388e-07
96,121,contact,0.0016820835804144812,-6.791641958551879e-05,6.791641958551879e-05,0.00017060784555588977,0.00017060784555588977,0.0,0.00017060784555588977,300.4416757984421,300.50995798378835,-1.1649476531776256e-05
97,123,contact,0.0017133982701345299,-3.660172986547018e-05,3.660172986547018e-05,0.0001252455813856524,0.0001252455813856524,0.0,0.0001252455813856524,300.33816679314856,300.33750610021366,8.274887074900024e-08
97,129,contact,0.0016378395034007457,-0.00011216049659925438,0.00011216049659925438,0.00021924594467588972,0.00021924594467588972,0.0,0.00021924594467588972,300.33816679314856,300.2833134169294,1.2026380287834122e-05
98,244,contact,0.0017437848089142194,-6.215191085780615e-06,6.215191085780615e-06,5.161059312270501e-05,5.161059312270501e-05,0.0,5.161059312270501e-05,300.4097286660584,300.4484433410628,-1.99808733952836e-06
98,246,contact,0.0016921764816354118,-5.7823518364588265e-05,5.7823518364588265e-05,0.00015742143396163633,0.00015742143396163633,0.0,0.00015742143396163633,300.4097286660584,300.3538408458432,8.797940799269847e-06
98,471,contact,0.001955208965206378,-4.4791034793622165e-05,4.4791034793622165e-05,0.00014489926693917534,0.00014489926693917534,0.0,0.00014489926693917534,300.4097286660584,300.4546784585552,-6.513191981849422e-06
99,105,contact,0.0017444548796973804,-5.545120302619675e-06,5.545120302619675e-06,4.874915516902982e-05,4.874915516902982e-05,0.0,4.874915516902982e-05,300.1548399536968,300.23665927668947,-3.988622872394045e-06
99,108,contact,0.0017427876527276636,-7.2123472723364685e-06,7.2123472723364685e-06,5.559681622052189e-05,5.559681622052189e-05,0.0,5.559681622052189e-05,300.1548399536968,300.16397290797704,-5.077631806685291e-07
99,119,contact,0.0017183396194582724,-3.1660380541727665e-05,3.1660380541727665e-05,0.00011648491111677634,0.00011648491111677634,0.0,0.00011648491111677634,300.1548399536968,300.1311002570816,2.765316450163515e-06
99,122,contact,0.0017241453165554223,-2.5854683444577692e-05,2.5854683444577692e-05,0.00010526432738161929,0.00010526432738161929,0.0,0.00010526432738161929,300.1548399536968,300.07409875069646,8.499168425813928e-06
100,107,contact,0.0017376778556766504,-1.2322144323349653e-05,1.2322144323349653e-05,7.26699318543872e-05,7.26699318543872e-05,0.0,7.26699318543872e-05,300.18823093057256,300.0763725578076,8.12874032617306e-06
100,112,contact,0.00171610011438727,-3.3899885612730064e-05,3.3899885612730064e-05,0.00012053432044631828,0.00012053432044631828,0.0,0.00012053432044631828,300.18823093057256,300.2291186047202,-4.928368018018056e-06
100,113,contact,0.0016910460247432652,-5.895397525673479e-05,5.895397525673479e-05,0.00015895278983315606,0.00015895278983315606,0.0,0.00015895278983315606,300.18823093057256,300.21170799500266,-3.7317448882566027e-06
100,120,contact,0.001707923262942454,-4.207673705754612e-05,4.207673705754612e-05,0.00013428658648717266,0.00013428658648717266,0.0,0.00013428658648717266,300.18823093057256,300.1613002385293,3.6164307062273826e-06
100,380,contact,0.0016844911058313725,-6.550889416862752e-05,6.550889416862752e-05,0.00016755667804651422,0.00016755667804651422,0.0,0.00016755667804651422,300.18823093057256,300.2307166526721,-7.118766459401878e-06
100,480,contact,0.0019885943082992063,-1.1405691700793787e-05,1.1405691700793787e-05,7.311920393950611e-05,7.311920393950611e-05,0.0,7.311920393950611e-05,300.18823093057256,300.1330647346091,4.033708333219409e-06
101,104,contact,0.00195854916537727,-4.1450834622730037e-05,4.1450834622730037e-05,0.00014396324986386288,0.00014396324986386288,0.0,0.00014396324986386288,300.0635485917341,300.0620119936185,2.2121365845536509e-07
101,205,contact,0.0019007284369146474,-9.92715630853526e-05,9.92715630853526e-05,0.00022279089196526033,0.00022279089196526033,0.0,0.00022279089196526033,300.0635485917341,300.1291190107733,-1.4608492144280227e-05
102,115,contact,0.001962226644758449,-3.777335524155108e-05,3.777335524155108e-05,0.00013742880928239006,0.00013742880928239006,0.0,0.00013742880928239006,300.45067832946285,300.50048569828976,-6.844967391372272e-06
102,117,contact,0.001906115278937766,-9.388472106223403e-05,9.388472106223403e-05,0.0002166618575825404,0.0002166618575825404,0.0,0.0002166618575825404,300.45067832946285,300.4056000644031,9.76674064444825e-06
102,283,contact,0.0019716734782666227,-2.832652173337738e-05,2.832652173337738e-05,0.00011900949906074175,0.00011900949906074175,0.0,0.00011900949906074175,300.45067832946285,300.54982987984135,-1.1799976341642147e-05
102,324,contact,0.0019221944680754865,-7.780553192451357e-05,7.780553192451357e-05,0.0001972378411011862,0.0001972378411011862,0.0,0.0001972378411011862,300.45067832946285,300.42252145713513,5.553600710079892e-06
102,368,contact,0.001959453387274114,-4.05466127258859e-05,4.05466127258859e-05,0.00014238436137070304,0.00014238436137070304,0.0,0.00014238436137070304,300.45067832946285,300.4788277646792,-4.00803935622383e-06
103,110,contact,0.0018835080359000333,-0.00011649196409996678,0.00011649196409996678,0.00024134204368485694,0.00024134204368485694,0.0,0.00024134204368485694,300.34601740917066,300.4424237582731,-2.326690531657807e-05
103,112,contact,0.0018761237425340572,-0.00012387625746594286,0.00012387625746594286,0.0002488737204547146,0.0002488737204547146,0.0,0.0002488737204547146,300.34601740917066,300.2291186047202,2.909304038028992e-05
103,123,contact,0.0018598845956671617,-0.00014011540433283838,0.00014011540433283838,0.00026468415548804426,0.00026468415548804426,0.0,0.00026468415548804426,300.34601740917066,300.33750610021366,2.252808623380645e-06
104,119,contact,0.0019216964623217684,-7.830353767823164e-05,7.830353767823164e-05,0.0001978680591685172,0.0001978680591685172,0.0,0.0001978680591685172,300.0620119936185,300.1311002570816,-1.3670360602761337e-05
104,120,contact,0.0019698918777689292,-3.0108122231070795e-05,3.0108122231070795e-05,0.0001226949922186533,0.0001226949922186533,0.0,0.0001226949922186533,300.0620119936185,300.1613002385293,-1.2182170436732024e-05
105,108,contact,0.0018580246449926335,-0.00014197535500736652,0.00014197535500736652,0.0002664351281338166,0.0002664351281338166,0.0,0.0002664351281338166,300.23665927668947,300.16397290797704,1.936620196147681e-05
105,118,contact,0.0019592039869549068,-4.079601304509328e-05,4.079601304509328e-05,0.00014282158983342343,0.00014282158983342343,0.0,0.00014282158983342343,300.23665927668947,300.2872402456975,-7.224054409041122e-06
105,128,contact,0.0019502921670867678,-4.970783291323227e-05,4.970783291323227e-05,0.00015765124946100535,0.00015765124946100535,0.0,0.00015765124946100535,300.23665927668947,300.21002214878587,4.199376496054828e-06
105,219,contact,0.0019250600792962277,-7.493992070377233e-05,7.493992070377233e-05,0.00019357158973332364,0.00019357158973332364,0.0,0.00019357158973332364,300.23665927668947,300.24204135991,-1.0418184050740109e-06
106,108,contact,0.0018898689741884227,-0.00011013102581157734,0.00011013102581157734,0.00023466042040742337,0.00023466042040742337,0.0,0.00023466042040742337,300.2187273779017,300.16397290797704,1.2848706931706344e-05
106,355,contact,0.001899831482237306,-0.00010016851776269414,0.00010016851776269414,0.000223795127027706,0.000223795127027706,0.0,0.000223795127027706,300.2187273779017,300.283611526807,-1.4520756346350933e-05
106,358,contact,0.0018849870519449198,-0.00011501294805508024,0.00011501294805508024,0.00023980507506627153,0.00023980507506627153,0.0,0.00023980507506627153,300.2187273779017,300.2203839174744,-3.972465965832661e-07
107,341,contact,0.0019830267778653014,-1.6973222134698644e-05,1.6973222134698644e-05,9.21228042742367e-05,9.21228042742367e-05,0.0,9.21228042742367e-05,300.0763725578076,300.1421660375781,-6.061079859417903e-06
107,480,contact,0.0022286854166007814,-2.1314583399218833e-05,2.1314583399218833e-05,0.00010881835884531727,0.00010881835884531727,0.0,0.00010881835884531727,300.0763725578076,300.1330647346091,-6.169149638908338e-06
108,122,contact,0.0018213294126269409,-0.00017867058737305918,0.00017867058737305918,0.00029889010302539226,0.00029889010302539226,0.0,0.00029889010302539226,300.16397290797704,300.07409875069646,2.6862496128911708e-05
108,229,contact,0.0019697973403880915,-3.0202659611908503e-05,3.0202659611908503e-05,0.0001228874680590102,0.0001228874680590102,0.0,0.0001228874680590102,300.16397290797704,300.15517825782,1.0807522902620244e-06
108,363,contact,0.001940908445367787,-5.9091554632213035e-05,5.9091554632213035e-05,0.00017188885163414908,0.00017188885163414908,0.0,0.00017188885163414908,300.16397290797704,300.06873217227655,1.637082068834802e-05
108,375,contact,0.0018574823299294127,-0.00014251767007058733,0.00014251767007058733,0.00026694350532517863,0.00026694350532517863,0.0,0.00026694350532517863,300.16397290797704,300.21119984230427,-1.2606923395072076e-05
109,125,contact,0.0019170022649960536,-8.29977350039464e-05,8.29977350039464e-05,0.0002037127082485852,0.0002037127082485852,0.0,0.0002037127082485852,300.45104508242304,300.4758652782077,-5.0561893025582035e-06
109,127,contact,0.0018807779599144608,-0.00011922204008553926,0.00011922204008553926,0.0002441536811984813,0.0002441536811984813,0.0,0.0002441536811984813,300.45104508242304,300.3816233427659,1.6949573292487508e-05
109,132,contact,0.0019234942746470553,-7.650572535294474e-05,7.650572535294474e-05,0.00019558339059458084,0.00019558339059458084,0.0,0.00019558339059458084,300.45104508242304,300.39015841067766,1.1908421701980552e-05
109,334,contact,0.001865811008261287,-0.000134188991738713,0.000134188991738713,0.0002590260524915525,0.0002590260524915525,0.0,0.0002590260524915525,300.45104508242304,300.47891976070065,-7.220267878721986e-06
110,111,contact,0.0018619937816491223,-0.00013800621835087772,0.00013800621835087772,0.0002626844288789095,0.0002626844288789095,0.0,0.0002626844288789095,300.4424237582731,300.51975851468404,-2.0314636320299606e-05
110,115,contact,0.0018979762629969849,-0.00010202373700301517,0.00010202373700301517,0.0002258580715881272,0.0002258580715881272,0.0,0.0002258580715881272,300.4424237582731,300.50048569828976,-1.3113757804830846e-05
110,117,contact,0.001977538326531246,-2.246167346875395e-05,2.246167346875395e-05,0.0001059756421748742,0.0001059756421748742,0.0,0.0001059756421748742,300.4424237582731,300.4056000644031,3.902414605126271e-06
110,126,contact,0.0019632633100274658,-3.673668997253429e-05,3.673668997253429e-05,0.00013552986750627017,0.00013552986750627017,0.0,0.00013552986750627017,300.4424237582731,300.4318825518459,1.4286483104354601e-06
110,222,contact,0.0019988398936883365,-1.1601063116635155e-06,1.1601063116635155e-06,2.4084292720189185e-05,2.4084292720189185e-05,0.0,2.4084292720189185e-05,300.4424237582731,300.4672556419429,-5.980583550979468e-07
111,150,contact,0.0019383452139692847,-6.16547860307153e-05,6.16547860307153e-05,0.00017557731349852022,0.00017557731349852022,0.0,0.00017557731349852022,300.51975851468404,300.56757825953775,-8.39606233359938e-06
111,471,contact,0.0021544124928947563,-9.558750710524392e-05,9.558750710524392e-05,0.00023044342172000572,0.00023044342172000572,0.0,0.00023044342172000572,300.51975851468404,300.4546784585552,1.4997270820065303e-05
112,113,contact,0.0018925956754679539,-0.00010740432453204616,0.00010740432453204616,0.00023173726991147341,0.00023173726991147341,0.0,0.00023173726991147341,300.2291186047202,300.21170799500266,4.034687163441094e-06
112,120,contact,0.0019463160552438546,-5.3683944756145394e-05,5.3683944756145394e-05,0.00016383519883734598,0.00016383519883734598,0.0,0.00016383519883734598,300.2291186047202,300.1613002385293,1.1111035509713352e-05
113,209,contact,0.0018780294836846945,-0.0001219705163153055,0.0001219705163153055,0.0002469519349137657,0.0002469519349137657,0.0,0.0002469519349137657,300.21170799500266,300.2380602720362,-6.507745802815918e-06
113,327,contact,0.0018736694235624916,-0.00012633057643750842,0.00012633057643750842,0.0002513270542913242,0.0002513270542913242,0.0,0.0002513270542913242,300.21170799500266,300.19572338984733,4.017363727697625e-06
113,341,contact,0.0019062001915443984,-9.37998084556016e-05,9.37998084556016e-05,0.0002165638571595011,0.0002165638571595011,0.0,0.0002165638571595011,300.21170799500266,300.1421660375781,1.5060274534288015e-05
113,371,contact,0.001822736021041171,-0.00017726397895882914,0.00017726397895882914,0.00029771125185221767,0.00029771125185221767,0.0,0.00029771125185221767,300.21170799500266,300.28233993323136,-2.102792275081497e-05
114,121,contact,0.0019020841986620888,-9.791580133791124e-05,9.791580133791124e-05,0.00022126432308204507,0.00022126432308204507,0.0,0.00022126432308204507,300.57251017785364,300.50995798378835,1.3840568877153158e-05
115,126,contact,0.0019121467319220035,-8.785326807799658e-05,8.785326807799658e-05,0.0002095868174265698,0.0002095868174265698,0.0,0.0002095868174265698,300.50048569828976,300.4318825518459,1.4378315128621077e-05
115,381,contact,0.0019005051286960528,-9.949487130394728e-05,9.949487130394728e-05,0.00022304133171224932,0.00022304133171224932,0.0,0.00022304133171224932,300.50048569828976,300.5081807523076,-1.7163150957408853e-06
116,117,contact,0.0019522550737288416,-4.774492627115847e-05,4.774492627115847e-05,0.00015450716208506075,0.00015450716208506075,0.0,0.00015450716208506075,300.2915997090005,300.4056000644031,-1.761387138994331e-05
116,118,contact,0.001907493481011141,-9.250651898885906e-05,9.250651898885906e-05,0.00021506570971317006,0.00021506570971317006,0.0,0.00021506570971317006,300.2915997090005,300.2872402456975,9.375710692260116e-07
116,130,contact,0.001964795349164895,-3.5204650835105045e-05,3.5204650835105045e-05,0.00013267375557190098,0.00013267375557190098,0.0,0.00013267375557190098,300.2915997090005,300.3565017649417,-8.610799506058987e-06
116,133,contact,0.00189473189515034,-0.00010526810484966015,0.00010526810484966015,0.00022942112462637364,0.00022942112462637364,0.0,0.00022942112462637364,300.2915997090005,300.18578860526,2.4275302418104997e-05
117,130,contact,0.0018717116448855045,-0.0001282883551144956,0.0001282883551144956,0.00025326700842637955,0.00025326700842637955,0.0,0.00025326700842637955,300.4056000644031,300.3565017649417,1.2434979423405561e-05
117,324,contact,0.001927764721873497,-7.223527812650309e-05,7.223527812650309e-05,0.00019004641291866454,0.00019004641291866454,0.0,0.00019004641291866454,300.4056000644031,300.42252145713513,-3.2158499903156587e-06
117,381,contact,0.0019670644940621537,-3.29355059378463e-05,3.29355059378463e-05,0.00012832674299974713,0.00012832674299974713,0.0,0.00012832674299974713,300.4056000644031,300.5081807523076,-1.3163845573464328e-05
118,374,contact,0.0019587421759894785,-4.125782401052155e-05,4.125782401052155e-05,0.00014362768537180002,0.00014362768537180002,0.0,0.00014362768537180002,300.2872402456975,300.2818504493514,7.741239738148728e-07
119,133,contact,0.001954049279317182,-4.595072068281801e-05,4.595072068281801e-05,0.00015157625256420943,0.00015157625256420943,0.0,0.00015157625256420943,300.1311002570816,300.18578860526,-8.289454875806758e-06
119,351,contact,0.001912718351587604,-8.728164841239608e-05,8.728164841239608e-05,0.00020890386355019392,0.00020890386355019392,0.0,0.00020890386355019392,300.1311002570816,300.07841786905794,1.1005554399189e-05
120,128,contact,0.001940996206719633,-5.900379328036714e-05,5.900379328036714e-05,0.00017176116161747267,0.00017176116161747267,0.0,0.00017176116161747267,300.1613002385293,300.21002214878587,-8.368531901891505e-06
120,480,contact,0.0022262131855911734,-2.3786814408826868e-05,2.3786814408826868e-05,0.00011495606505875496,0.00011495606505875496,0.0,0.00011495606505875496,300.1613002385293,300.1330647346091,3.24584242561727e-06
121,222,contact,0.001933122493713215,-6.687750628678497e-05,6.687750628678497e-05,0.0001828626619717445,0.0001828626619717445,0.0,0.0001828626619717445,300.50995798378835,300.4672556419429,7.808663902282175e-06
121,362,contact,0.0018808253912088705,-0.00011917460879112959,0.00011917460879112959,0.00024410510931884404,0.00024410510931884404,0.0,0.00024410510931884404,300.50995798378835,300.46189994576235,1.1731212625985746e-05
122,220,contact,0.0018790342260054757,-0.00012096577399452429,0.00012096577399452429,0.0002459326879397331,0.0002459326879397331,0.0,0.0002459326879397331,300.07409875069646,300.1484934137079,-1.8296079442775674e-05
123,126,contact,0.0019970900815937174,-2.9099184062826057e-06,2.9099184062826057e-06,3.814392747399385e-05,3.814392747399385e-05,0.0,3.814392747399385e-05,300.33750610021366,300.4318825518459,-3.5998885263126303e-06
123,127,contact,0.001862524529690817,-0.00013747547030918306,0.00013747547030918306,0.0002621788228568271,0.0002621788228568271,0.0,0.0002621788228568271,300.33750610021366,300.3816233427659,-1.1566606720040887e-05
123,360,contact,0.0019183821983640283,-8.161780163597177e-05,8.161780163597177e-05,0.00020201213037336616,0.00020201213037336616,0.0,0.00020201213037336616,300.33750610021366,300.2819600997904,1.1220965879220356e-05
124,218,contact,0.0019477637686588177,-5.2236231341182314e-05,5.2236231341182314e-05,0.00016161100108158218,0.00016161100108158218,0.0,0.00016161100108158218,300.5033281301721,300.44795745774684,8.948509801210403e-06
124,230,contact,0.0018768465540901305,-0.00012315344590986955,0.00012315344590986955,0.0002481465755454521,0.0002481465755454521,0.0,0.0002481465755454521,300.5033281301721,300.439626126406,1.58074340899508e-05
124,340,contact,0.0018721453289474832,-0.00012785467105251688,0.00012785467105251688,0.00025283855624935535,0.00025283855624935535,0.0,0.00025283855624935535,300.5033281301721,300.50727365611107,-9.97581082047386e-07
124,486,contact,0.0022239052076471243,-2.6094792352875963e-05,2.6094792352875963e-05,0.00012040393208989841,0.00012040393208989841,0.0,0.00012040393208989841,300.5033281301721,300.5357097298218,-3.898871925182578e-06
125,126,contact,0.0019493010303696045,-5.069896963039557e-05,5.069896963039557e-05,0.00015921521540103442,0.00015921521540103442,0.0,0.00015921521540103442,300.4758652782077,300.4318825518459,7.00271925162394e-06
125,218,contact,0.0019183555993089495,-8.164440069105051e-05,8.164440069105051e-05,0.00020204504533772973,0.00020204504533772973,0.0,0.00020204504533772973,300.4758652782077,300.44795745774684,5.638636850296175e-06
127,218,contact,0.001871455278252729,-0.00012854472174727107,0.00012854472174727107,0.00025351994176718237,0.00025351994176718237,0.0,0.00025351994176718237,300.3816233427659,300.44795745774684,-1.6817020967140027e-05
127,230,contact,0.001931478365708506,-6.85216342914941e-05,6.85216342914941e-05,0.0001850967777832641,0.0001850967777832641,0.0,0.0001850967777832641,300.3816233427659,300.439626126406,-1.073612835423552e-05
127,330,contact,0.0019246002124856988,-7.539978751430125e-05,7.539978751430125e-05,0.00019416460480002688,0.00019416460480002688,0.0,0.00019416460480002688,300.3816233427659,300.31402757387366,1.3124705753119774e-05
127,360,contact,0.001975407378820885,-2.459262117911502e-05,2.459262117911502e-05,0.00011088873066979129,0.00011088873066979129,0.0,0.00011088873066979129,300.3816233427659,300.2819600997904,1.1051530507989246e-05
127,367,contact,0.0019596701874039927,-4.032981259600738e-05,4.032981259600738e-05,0.00014200319115429658,0.00014200319115429658,0.0,0.00014200319115429658,300.3816233427659,300.31993543588527,8.759879632681351e-06
128,129,contact,0.0019466473747702742,-5.335262522972585e-05,5.335262522972585e-05,0.00016332884807915263,0.00016332884807915263,0.0,0.00016332884807915263,300.21002214878587,300.2833134169294,-1.197057840014157e-05
128,220,contact,0.0018829915555838273,-0.00011700844441617274,0.00011700844441617274,0.00024187646063246083,0.00024187646063246083,0.0,0.00024187646063246083,300.21002214878587,300.1484934137079,1.4882352667848518e-05
128,360,contact,0.0018958958941091672,-0.00010410410589083282,0.00010410410589083282,0.00022814919010466904,0.00022814919010466904,0.0,0.00022814919010466904,300.21002214878587,300.2819600997904,-1.6412585259475806e-05
129,219,contact,0.0018826931251268758,-0.00011730687487312421,0.00011730687487312421,0.00024218471759498392,0.00024218471759498392,0.0,0.00024218471759498392,300.2833134169294,300.24204135991,9.995461473807048e-06
129,227,contact,0.0018601901839596941,-0.00013980981604030593,0.00013980981604030593,0.0002643953630836838,0.0002643953630836838,0.0,0.0002643953630836838,300.2833134169294,300.2460820573118,9.8437988441889e-06
129,254,contact,0.001787903441464331,-0.00021209655853566905,0.00021209655853566905,0.0003256505477775748,0.0003256505477775748,0.0,0.0003256505477775748,300.2833134169294,300.32448619180127,-1.340793669055106e-05
129,330,contact,0.001901827965143009,-9.81720348569911e-05,9.81720348569911e-05,0.00022155364458409512,0.00022155364458409512,0.0,0.00022155364458409512,300.2833134169294,300.31402757387366,-6.804833411331046e-06
129,360,contact,0.0017987313085060812,-0.00020126869149391887,0.00020126869149391887,0.0003172291691300777,0.0003172291691300777,0.0,0.0003172291691300777,300.2833134169294,300.2819600997904,4.2931167156752525e-07
130,131,contact,0.0018890115071115896,-0.00011098849288841044,0.00011098849288841044,0.00023557216822919728,0.00023557216822919728,0.0,0.00023557216822919728,300.3565017649417,300.3654692650037,-2.1124934332005866e-06
130,203,contact,0.001834663928249939,-0.00016533607175006106,0.00016533607175006106,0.00028752049644335017,0.00028752049644335017,0.0,0.00028752049644335017,300.3565017649417,300.2779339990398,2.2589843056553513e-05
130,241,contact,0.001971282699969125,-2.8717300030874863e-05,2.8717300030874863e-05,0.00011982758453476993,0.00011982758453476993,0.0,0.00011982758453476993,300.3565017649417,300.3449724988925,1.3815241021337158e-06
130,471,contact,0.0021921379722957663,-5.7862027704233977e-05,5.7862027704233977e-05,0.00017929185967800282,0.00017929185967800282,0.0,0.00017929185967800282,300.3565017649417,300.4546784585552,-1.7602281974998654e-05
131,241,contact,0.0018485553413269066,-0.00015144465867309343,0.00015144465867309343,0.00027517690552905546,0.00027517690552905546,0.0,0.00027517690552905546,300.3654692650037,300.3449724988925,5.6402366718310845e-06
131,322,contact,0.001999310963457161,-6.890365428389653e-07,6.890365428389653e-07,1.8561203393624094e-05,1.8561203393624094e-05,0.0,1.8561203393624094e-05,300.3654692650037,300.44146128738373,-1.4105033836886636e-06
131,324,contact,0.0018786294299036204,-0.0001213705700963796,0.0001213705700963796,0.0002463438350115338,0.0002463438350115338,0.0,0.0002463438350115338,300.3654692650037,300.42252145713513,-1.4054455805472956e-05
131,354,contact,0.0018572311412691734,-0.0001427688587308266,0.0001427688587308266,0.00026717864691141264,0.00026717864691141264,0.0,0.00026717864691141264,300.3654692650037,300.35156089370946,3.716019823135285e-06
131,374,contact,0.001961588314555325,-3.841168544467489e-05,3.841168544467489e-05,0.0001385851461100267,0.0001385851461100267,0.0,0.0001385851461100267,300.3654692650037,300.2818504493514,1.1588325784721493e-05
131,471,contact,0.002236962959689096,-1.3037040310904385e-05,1.3037040310904385e-05,8.510464248632185e-05,8.510464248632185e-05,0.0,8.510464248632185e-05,300.3654692650037,300.4546784585552,-7.5921165236920255e-06
132,334,contact,0.0019244764550414746,-7.552354495852544e-05,7.552354495852544e-05,0.00019432388550886563,0.00019432388550886563,0.0,0.00019432388550886563,300.39015841067766,300.47891976070065,-1.7248450419480205e-05
132,348,contact,0.0019979015171927264,-2.0984828072736182e-06,2.0984828072736182e-06,3.239199598105694e-05,3.239199598105694e-05,0.0,3.239199598105694e-05,300.39015841067766,300.3662877767607,7.732174779028846e-07
132,362,contact,0.0019313477783081952,-6.865222169180488e-05,6.865222169180488e-05,0.00018527307102194436,0.00018527307102194436,0.0,0.00018527307102194436,300.39015841067766,300.46189994576235,-1.3291774524970513e-05
132,371,contact,0.0018993278667099583,-0.00010067213329004177,0.00010067213329004177,0.0002243570071226234,0.0002243570071226234,0.0,0.0002243570071226234,300.39015841067766,300.28233993323136,2.4189830912370194e-05
132,378,contact,0.001994851717477709,-5.14828252229111e-06,5.14828252229111e-06,5.073599571453738e-05,5.073599571453738e-05,0.0,5.073599571453738e-05,300.39015841067766,300.3668125980584,1.184473049002889e-06
133,240,contact,0.001969860685037396,-3.013931496260395e-05,3.013931496260395e-05,0.0001227585332321219,0.0001227585332321219,0.0,0.0001227585332321219,300.18578860526,300.1563597536401,3.6126426595591377e-06
133,351,contact,0.001969282800945562,-3.071719905443785e-05,3.071719905443785e-05,0.00012392981694176315,0.00012392981694176315,0.0,0.00012392981694176315,300.18578860526,300.07841786905794,1.330643568241975e-05
133,445,contact,0.0021546746036698898,-9.53253963301105e-05,9.53253963301105e-05,0.00023012725504973993,0.00023012725504973993,0.0,0.00023012725504973993,300.18578860526,300.1898438867585,-9.332307997157036e-07
134,216,contact,0.0019240188862638538,-7.598111373614629e-05,7.598111373614629e-05,0.00019491166426890193,0.00019491166426890193,0.0,0.00019491166426890193,300.3739590832146,300.46750368756216,-1.8232934516763738e-05
134,454,contact,0.0021604551025420555,-8.954489745794476e-05,8.954489745794476e-05,0.00022304072555121802,0.00022304072555121802,0.0,0.00022304072555121802,300.3739590832146,300.26735684069035,2.377664151798852e-05
135,136,contact,0.0019069670727361815,-9.303292726381852e-05,9.303292726381852e-05,0.0002156767572825344,0.0002156767572825344,0.0,0.0002156767572825344,300.5727769907817,300.626692961634,-1.1628421759164051e-05
135,141,contact,0.0019574560266836147,-4.254397331638531e-05,4.254397331638531e-05,0.00014584919148967764,0.00014584919148967764,0.0,0.00014584919148967764,300.5727769907817,300.6257410187558,-7.724760658058984e-06
135,153,contact,0.0019442206863676769,-5.577931363232318e-05,5.577931363232318e-05,0.0001670019665038756,0.0001670019665038756,0.0,0.0001670019665038756,300.5727769907817,300.59623372035804,-3.917319967002876e-06
135,185,contact,0.0019919812067637583,-8.01879323624171e-06,8.01879323624171e-06,6.331979641566178e-05,6.331979641566178e-05,0.0,6.331979641566178e-05,300.5727769907817,300.67960986695914,-6.764635970056607e-06
135,226,contact,0.001970512367203007,-2.9487632796993107e-05,2.9487632796993107e-05,0.0001214241178617187,0.0001214241178617187,0.0,0.0001214241178617187,300.5727769907817,300.51960060387034,6.456895871781929e-06
135,256,contact,0.0019137059034762891,-8.62940965237109e-05,8.62940965237109e-05,0.00020771867576569865,0.00020771867576569865,0.0,0.00020771867576569865,300.5727769907817,300.4592665305617,2.357824248244726e-05
136,156,contact,0.0019654676321934172,-3.453236780658281e-05,3.453236780658281e-05,0.00013140085198845328,0.00013140085198845328,0.0,0.00013140085198845328,300.626692961634,300.57260293913856,7.10747503997223e-06
136,162,contact,0.0018661246928595105,-0.00013387530714048957,0.00013387530714048957,0.0002587231214450011,0.0002587231214450011,0.0,0.0002587231214450011,300.626692961634,300.64831848119,-5.595021922408405e-06
136,167,contact,0.0019284994907440346,-7.150050925596547e-05,7.150050925596547e-05,0.00018907737735642183,0.00018907737735642183,0.0,0.00018907737735642183,300.626692961634,300.6410964907822,-2.7233815160259225e-06
136,171,contact,0.0018716482600371254,-0.00012835173996287468,0.00012835173996287468,0.00025332956791783575,0.00025332956791783575,0.0,0.00025332956791783575,300.626692961634,300.6112621339015,3.909084922081958e-06
136,185,contact,0.001970173810606567,-2.9826189393432952e-05,2.9826189393432952e-05,0.00012211918234543038,0.00012211918234543038,0.0,0.00012211918234543038,300.626692961634,300.67960986695914,-6.4621692105593505e-06
136,195,contact,0.0019080280640755786,-9.197193592442145e-05,9.197193592442145e-05,0.00021444339104344234,0.00021444339104344234,0.0,0.00021444339104344234,300.626692961634,300.75932512807526,-2.8442091533106994e-05
136,226,contact,0.0019261575737721977,-7.384242622780236e-05,7.384242622780236e-05,0.00019214893471966268,0.00019214893471966268,0.0,0.00019214893471966268,300.626692961634,300.51960060387034,2.0577682460899187e-05
137,152,contact,0.0018763094740473923,-0.00012369052595260772,0.00012369052595260772,0.00024868707842649136,0.00024868707842649136,0.0,0.00024868707842649136,300.76253673991437,300.69737885343636,1.6203924424660027e-05
137,167,contact,0.0018909606508333268,-0.00010903934916667323,0.00010903934916667323,0.0002334944851240316,0.0002334944851240316,0.0,0.0002334944851240316,300.76253673991437,300.6410964907822,2.8355628444445336e-05
137,175,contact,0.0019413377074841978,-5.8662292515802286e-05,5.8662292515802286e-05,0.000171263382711837,0.000171263382711837,0.0,0.000171263382711837,300.76253673991437,300.85927687829695,-1.656804334341288e-05
137,184,contact,0.0019079000974107632,-9.209990258923686e-05,9.209990258923686e-05,0.00021459252385537205,0.00021459252385537205,0.0,0.00021459252385537205,300.76253673991437,300.80409184384746,-8.91741463207454e-06
137,194,contact,0.0019471841281707286,-5.281587182927143e-05,5.281587182927143e-05,0.00016250518734685276,0.00016250518734685276,0.0,0.00016250518734685276,300.76253673991437,300.71358015703896,7.955698672029457e-06
137,195,contact,0.0018824823669028083,-0.00011751763309719178,0.00011751763309719178,0.00024240217933961712,0.00024240217933961712,0.0,0.00024240217933961712,300.76253673991437,300.75932512807526,7.785017089921857e-07
137,198,contact,0.0018858469477929538,-0.00011415305220704628,0.00011415305220704628,0.0002389069402581749,0.0002389069402581749,0.0,0.0002389069402581749,300.76253673991437,300.8789347618573,-2.7808295274488757e-05
138,142,contact,0.0019530952697961255,-4.6904730203874536e-05,4.6904730203874536e-05,0.0001531416504479995,0.0001531416504479995,0.0,0.0001531416504479995,300.7392755963126,300.8458578249675,-1.6322178404633213e-05
138,171,contact,0.0019321412120235932,-6.785878797640685e-05,6.785878797640685e-05,0.00018419933221432543,0.00018419933221432543,0.0,0.00018419933221432543,300.7392755963126,300.6112621339015,2.357999429056905e-05
138,173,contact,0.001935810925142226,-6.418907485777415e-05,6.418907485777415e-05,0.00017914948347368204,0.00017914948347368204,0.0,0.00017914948347368204,300.7392755963126,300.68762561656496,9.253067193217866e-06
138,195,contact,0.0019197554997967849,-8.024450020321515e-05,8.024450020321515e-05,0.00020030539209319248,0.00020030539209319248,0.0,0.00020030539209319248,300.7392755963126,300.75932512807526,-4.016029321002905e-06
139,149,contact,0.0018864193877555437,-0.00011358061224445637,0.00011358061224445637,0.0002383071675846704,0.0002383071675846704,0.0,0.0002383071675846704,300.81525314843606,300.72473820163134,2.1570360597109232e-05
139,193,contact,0.0018523627832072631,-0.00014763721679273692,0.00014763721679273692,0.0002716958012122537,0.0002716958012122537,0.0,0.0002716958012122537,300.81525314843606,300.84909248832327,-9.194006563148901e-06
139,200,contact,0.001860535651848682,-0.00013946434815131806,0.00013946434815131806,0.0002640685026194132,0.0002640685026194132,0.0,0.0002640685026194132,300.81525314843606,300.93356517779904,-3.124248043574689e-05
139,435,contact,0.002169521075642272,-8.04789243577281e-05,8.04789243577281e-05,0.00021144860730700298,0.00021144860730700298,0.0,0.00021144860730700298,300.81525314843606,300.79210678580336,4.894266142907548e-06
139,436,contact,0.0021974005176856127,-5.259948231438761e-05,5.259948231438761e-05,0.00017094424418243577,0.00017094424418243577,0.0,0.00017094424418243577,300.81525314843606,300.73351971350485,1.3971860258749834e-05
140,143,contact,0.0019294060682241054,-7.05939317758946e-05,7.05939317758946e-05,0.00018787486763254766,0.00018787486763254766,0.0,0.00018787486763254766,300.6467830596279,300.74609382209445,-1.865799635288669e-05
140,150,contact,0.0019251062756377895,-7.489372436221054e-05,7.489372436221054e-05,0.00019351191741364478,0.00019351191741364478,0.0,0.00019351191741364478,300.6467830596279,300.56757825953775,1.5327072733812697e-05
140,157,contact,0.001907266243501415,-9.273375649858514e-05,9.273375649858514e-05,0.0002153296966265744,0.0002153296966265744,0.0,0.0002153296966265744,300.6467830596279,300.5853921188087,1.321929266221711e-05
140,186,contact,0.0019759113340790096,-2.408866592099046e-05,2.408866592099046e-05,0.00010974667630728154,0.00010974667630728154,0.0,0.00010974667630728154,300.6467830596279,300.6540861417565,-8.014889904130765e-07
140,196,contact,0.0019332556863964141,-6.67443136035859e-05,6.67443136035859e-05,0.00018268047734170434,0.00018268047734170434,0.0,0.00018268047734170434,300.6467830596279,300.69652499256443,-9.086880052741235e-06
141,157,contact,0.0018550864216256885,-0.00014491357837431154,0.00014491357837431154,0.00026917798793206656,0.00026917798793206656,0.0,0.00026917798793206656,300.6257410187558,300.5853921188087,1.0861035703018719e-05
141,161,contact,0.001960223527866145,-3.977647213385506e-05,3.977647213385506e-05,0.0001410256574773808,0.0001410256574773808,0.0,0.0001410256574773808,300.6257410187558,300.65532267533143,-4.171772567852275e-06
141,176,contact,0.0019205243489734776,-7.947565102652248e-05,7.947565102652248e-05,0.0001993434862574176,0.0001993434862574176,0.0,0.0001993434862574176,300.6257410187558,300.7218427029242,-1.9157244757347192e-05
141,180,contact,0.0018839201403987374,-0.00011607985960126262,0.00011607985960126262,0.00024091477704912852,0.00024091477704912852,0.0,0.00024091477704912852,300.6257410187558,300.6465454511252,-5.0120951859082875e-06
141,199,contact,0.0019057823458097209,-9.421765419027916e-05,9.421765419027916e-05,0.00021704567974308907,0.00021704567974308907,0.0,0.00021704567974308907,300.6257410187558,300.51538900604197,2.39514276104856e-05
141,415,contact,0.002180184191691152,-6.981580830884822e-05,6.981580830884822e-05,0.00019694303788553264,0.00019694303788553264,0.0,0.00019694303788553264,300.6257410187558,300.5844278199081,8.136346885827388e-06
141,430,contact,0.002147476778756874,-0.00010252322124312645,0.00010252322124312645,0.00023865738022334497,0.00023865738022334497,0.0,0.00023865738022334497,300.6257410187558,300.71931641259187,-2.233245834628907e-05
142,188,contact,0.001914080346455969,-8.591965354403102e-05,8.591965354403102e-05,0.00020726752464391403,0.00020726752464391403,0.0,0.00020726752464391403,300.8458578249675,300.94932036357085,-2.1444424269695222e-05
142,192,contact,0.0019694086501140387,-3.05913498859613e-05,3.05913498859613e-05,0.00012367568452602415,0.00012367568452602415,0.0,0.00012367568452602415,300.8458578249675,300.9328870438471,-1.0763398218698839e-05
142,195,contact,0.0019325970083025588,-6.740299169744122e-05,6.740299169744122e-05,0.00018357967166524896,0.00018357967166524896,0.0,0.00018357967166524896,300.8458578249675,300.75932512807526,1.5885644083782336e-05
143,145,contact,0.001973059244447565,-2.694075555243489e-05,2.694075555243489e-05,0.00011606195662755924,0.00011606195662755924,0.0,0.00011606195662755924,300.74609382209445,300.7448297382777,1.467120411132284e-07
143,149,contact,0.0018157797678408029,-0.00018422023215919716,0.00018422023215919716,0.0003034964844600322,0.0003034964844600322,0.0,0.0003034964844600322,300.74609382209445,300.72473820163134,6.481355734017153e-06
143,158,contact,0.0018338524337579616,-0.00016614756624203845,0.00016614756624203845,0.0002882252298481506,0.0002882252298481506,0.0,0.0002882252298481506,300.74609382209445,300.85213042572735,-3.056242445441026e-05
143,176,contact,0.001905324999416111,-9.467500058388907e-05,9.467500058388907e-05,0.0002175718278912611,0.0002175718278912611,0.0,0.0002175718278912611,300.74609382209445,300.7218427029242,5.276360326275874e-06
144,158,contact,0.001905119340783288,-9.488065921671213e-05,9.488065921671213e-05,0.00021780801089114253,0.00021780801089114253,0.0,0.00021780801089114253,300.94580961342115,300.85213042572735,2.0404077533483394e-05
144,417,contact,0.0021970926445386866,-5.2907355461313636e-05,5.2907355461313636e-05,0.00017144379620238627,0.00017144379620238627,0.0,0.00017144379620238627,300.94580961342115,300.9158114056095,5.143006626501251e-06
145,149,contact,0.001878447300032662,-0.00012155269996733803,0.00012155269996733803,0.00024652859871355495,0.00024652859871355495,0.0,0.00024652859871355495,300.7448297382777,300.72473820163134,4.95313837542963e-06
145,159,contact,0.0019522383739802116,-4.776162601978842e-05,4.776162601978842e-05,0.00015453418071706404,0.00015453418071706404,0.0,0.00015453418071706404,300.7448297382777,300.74395652521844,1.349412647049268e-07
145,178,contact,0.0019127898771849079,-8.721012281509219e-05,8.721012281509219e-05,0.00020881824969946016,0.00020881824969946016,0.0,0.00020881824969946016,300.7448297382777,300.7732689044187,-5.938616896481371e-06
145,182,contact,0.0018811792012589411,-0.00011882079874105892,0.00011882079874105892,0.00024374248577244275,0.00024374248577244275,0.0,0.00024374248577244275,300.7448297382777,300.8507443414713,-2.5815888662005696e-05
145,186,contact,0.001859336794355915,-0.00014066320564408495,0.00014066320564408495,0.0002652010611254082,0.0002652010611254082,0.0,0.0002652010611254082,300.7448297382777,300.6540861417565,2.4065298087752548e-05
145,436,contact,0.0021437501722740455,-0.00010624982772595472,0.00010624982772595472,0.0002429561319867742,0.0002429561319867742,0.0,0.0002429561319867742,300.7448297382777,300.73351971350485,2.7478398714871834e-06
146,148,contact,0.0019411146171465507,-5.8885382853449304e-05,5.8885382853449304e-05,0.00017158872756310262,0.00017158872756310262,0.0,0.00017158872756310262,300.74361710810837,300.8213051713707,-1.3330395922022399e-05
146,151,contact,0.0019014553133061003,-9.854468669389977e-05,9.854468669389977e-05,0.0002219737447243477,0.0002219737447243477,0.0,0.0002219737447243477,300.74361710810837,300.6238456521835,2.658611858273202e-05
146,195,contact,0.001900995182161175,-9.900481783882507e-05,9.900481783882507e-05,0.0002224913681907964,0.0002224913681907964,0.0,0.0002224913681907964,300.74361710810837,300.75932512807526,-3.494898854002588e-06
146,435,contact,0.002177063174530313,-7.29368254696874e-05,7.29368254696874e-05,0.00020129694134355538,0.00020129694134355538,0.0,0.00020129694134355538,300.74361710810837,300.79210678580336,-9.760823806735932e-06
147,150,contact,0.00195254731445873,-4.7452685541270146e-05,4.7452685541270146e-05,0.00015403357676375327,0.00015403357676375327,0.0,0.00015403357676375327,300.50948551926524,300.56757825953775,-8.94823256818303e-06
147,165,contact,0.0019275619990028856,-7.243800099711447e-05,7.243800099711447e-05,0.00019031290155572018,0.00019031290155572018,0.0,0.00019031290155572018,300.50948551926524,300.57636953710335,-1.2728891502474508e-05
147,183,contact,0.001912661620292394,-8.733837970760602e-05,8.733837970760602e-05,0.0002089717441516987,0.0002089717441516987,0.0,0.0002089717441516987,300.50948551926524,300.55418680901784,-9.34130648543026e-06
147,222,contact,0.0019353522945876759,-6.464770541232418e-05,6.464770541232418e-05,0.00017978835531302378,0.00017978835531302378,0.0,0.00017978835531302378,300.50948551926524,300.4672556419429,7.592440188849471e-06
147,228,contact,0.00193135752987374,-6.864247012626002e-05,6.864247012626002e-05,0.00018525991218590711,0.00018525991218590711,0.0,0.00018525991218590711,300.50948551926524,300.4438567372259,1.2158382397481467e-05
147,244,contact,0.0019465613150887382,-5.3438684911261873e-05,5.3438684911261873e-05,0.00016346052262130735,0.00016346052262130735,0.0,0.00016346052262130735,300.50948551926524,300.4484433410628,9.977986350916424e-06
147,476,contact,0.002226576249761055,-2.3423750238945468e-05,2.3423750238945468e-05,0.00011407538988402331,0.00011407538988402331,0.0,0.00011407538988402331,300.50948551926524,300.4497272402207,6.816948980806276e-06
148,191,contact,0.0019191048884490394,-8.089511155096062e-05,8.089511155096062e-05,0.00020111577704267836,0.00020111577704267836,0.0,0.00020111577704267836,300.8213051713707,300.9376038191547,-2.3389492918090363e-05
148,195,contact,0.00194732018551136,-5.267981448864008e-05,5.267981448864008e-05,0.00016229574006830876,0.00016229574006830876,0.0,0.00016229574006830876,300.8213051713707,300.75932512807526,1.0059096996096125e-05
149,162,contact,0.001829149629992035,-0.00017085037000796497,0.00017085037000796497,0.0002922758714023149,0.0002922758714023149,0.0,0.0002922758714023149,300.72473820163134,300.64831848119,2.233564038430873e-05
149,435,contact,0.0021550551322961553,-9.494486770384499e-05,9.494486770384499e-05,0.00022966747424125675,0.00022966747424125675,0.0,0.00022966747424125675,300.72473820163134,300.79210678580336,-1.5472372569996363e-05
149,436,contact,0.002111679549700901,-0.00013832045029909916,0.00013832045029909916,0.00027720875637434443,0.00027720875637434443,0.0,0.00027720875637434443,300.72473820163134,300.73351971350485,-2.4343119855416787e-06
149,439,contact,0.002109090499812656,-0.00014090950018734406,0.00014090950018734406,0.0002797910928883112,0.0002797910928883112,0.0,0.0002797910928883112,300.72473820163134,300.62260521883076,2.8575898877718278e-05
150,386,contact,0.0019223389382988633,-7.766106170113674e-05,7.766106170113674e-05,0.00019705463925157501,0.00019705463925157501,0.0,0.00019705463925157501,300.56757825953775,300.5535517820472,2.7639824618754966e-06
151,163,contact,0.0019094743020004223,-9.052569799957778e-05,9.052569799957778e-05,0.00021275067332393778,0.00021275067332393778,0.0,0.00021275067332393778,300.6238456521835,300.52339897077803,2.137009910216627e-05
151,404,contact,0.0021604063534790595,-8.959364652094074e-05,8.959364652094074e-05,0.0002231014299980825,0.0002231014299980825,0.0,0.0002231014299980825,300.6238456521835,300.69086630186285,-1.4952402782866623e-05
151,439,contact,0.002142040730845239,-0.00010795926915476133,0.00010795926915476133,0.0002449027802060344,0.0002449027802060344,0.0,0.0002449027802060344,300.6238456521835,300.62260521883076,3.0378557674491565e-07
151,486,contact,0.0021585617616598327,-9.143823834016759e-05,9.143823834016759e-05,0.00022538638224190276,0.00022538638224190276,0.0,0.00022538638224190276,300.6238456521835,300.5357097298218,1.9864636686653823e-05
152,153,contact,0.0019211958322877965,-7.880416771220353e-05,7.880416771220353e-05,0.00019849958150107463,0.00019849958150107463,0.0,0.00019849958150107463,300.69737885343636,300.59623372035804,2.0077266586916792e-05
152,382,contact,0.0019375341763437366,-6.246582365626347e-05,6.246582365626347e-05,0.00017672835603867233,0.00017672835603867233,0.0,0.00017672835603867233,300.69737885343636,300.72409725247314,-4.721898737755587e-06
152,400,contact,0.0018706350639822824,-0.00012936493601771763,0.00012936493601771763,0.00025432748181991425,0.00025432748181991425,0.0,0.00025432748181991425,300.69737885343636,300.6940423812257,8.485565754999358e-07
153,164,contact,0.0017823772858741214,-0.00021762271412587865,0.00021762271412587865,0.00032986566517741634,0.00032986566517741634,0.0,0.00032986566517741634,300.59623372035804,300.4957890762326,3.3133239347949056e-05
153,167,contact,0.001909417973886283,-9.058202611371695e-05,9.058202611371695e-05,0.0002128168533196055,0.0002128168533196055,0.0,0.0002128168533196055,300.59623372035804,300.6410964907822,-9.547553632872662e-06
153,180,contact,0.0017927444700514355,-0.00020725552994856457,0.00020725552994856457,0.00032191266668815986,0.00032191266668815986,0.0,0.00032191266668815986,300.59623372035804,300.6465454511252,-1.6195983416945032e-05
153,190,contact,0.0019830489632381753,-1.695103676182478e-05,1.695103676182478e-05,9.206257861320413e-05,9.206257861320413e-05,0.0,9.206257861320413e-05,300.59623372035804,300.622233347546,-2.3935927219053118e-06
153,449,contact,0.002142406752929985,-0.00010759324707001507,0.00010759324707001507,0.00024448727195911115,0.00024448727195911115,0.0,0.00024448727195911115,300.59623372035804,300.5505714780902,1.11638370435997e-05
155,158,contact,0.0019062212900154893,-9.377870998451073e-05,9.377870998451073e-05,0.00021653949984299715,0.00021653949984299715,0.0,0.00021653949984299715,300.79408107020004,300.85213042572735,-1.2569978412093434e-05
155,178,contact,0.0019520364898185278,-4.79635101814722e-05,4.79635101814722e-05,0.00015486043746139972,0.00015486043746139972,0.0,0.00015486043746139972,300.79408107020004,300.7732689044187,3.2229810974125413e-06
155,196,contact,0.0018394999025695656,-0.00016050009743043443,0.00016050009743043443,0.00028328439546720046,0.00028328439546720046,0.0,0.00028328439546720046,300.79408107020004,300.69652499256443,2.7636114477152764e-05
155,405,contact,0.0021711462229720138,-7.885377702798648e-05,7.885377702798648e-05,0.00020930278045080275,0.00020930278045080275,0.0,0.00020930278045080275,300.79408107020004,300.7138759808396,1.6787148209446726e-05
155,417,contact,0.0021250720062197985,-0.00012492799378020173,0.00012492799378020173,0.00026344722619340855,0.00026344722619340855,0.0,0.00026344722619340855,300.79408107020004,300.9158114056095,-3.206951920720979e-05
155,423,contact,0.0021306012055676473,-0.00011939879443235296,0.00011939879443235296,0.00025755128338552193,0.00025755128338552193,0.0,0.00025755128338552193,300.79408107020004,300.80575542928386,-3.006746164743033e-06
156,157,contact,0.0019475463105148498,-5.245368948515023e-05,5.245368948515023e-05,0.00016194704301892985,0.00016194704301892985,0.0,0.00016194704301892985,300.57260293913856,300.5853921188087,-2.0711698302209835e-06
156,162,contact,0.0019022306065511626,-9.776939344883747e-05,9.776939344883747e-05,0.00022109883926519998,0.00022109883926519998,0.0,0.00022109883926519998,300.57260293913856,300.64831848119,-1.6740618461912145e-05
156,163,contact,0.0018912275621934015,-0.00010877243780659852,0.00010877243780659852,0.00023320853094022795,0.00023320853094022795,0.0,0.00023320853094022795,300.57260293913856,300.52339897077803,1.1474785177788627e-05
156,165,contact,0.0019740466160909167,-2.5953383909083343e-05,2.5953383909083343e-05,0.00011391528411298315,0.00011391528411298315,0.0,0.00011391528411298315,300.57260293913856,300.57636953710335,-4.2907307729776126e-07
156,226,contact,0.0019172103493878797,-8.278965061212038e-05,8.278965061212038e-05,0.0002034571829797616,0.0002034571829797616,0.0,0.0002034571829797616,300.57260293913856,300.51960060387034,1.078370582502047e-05
156,232,contact,0.0019115800754349785,-8.84199245650215e-05,8.84199245650215e-05,0.00021026165195420384,0.00021026165195420384,0.0,0.00021026165195420384,300.57260293913856,300.49665362921473,1.5969227369365972e-05
156,439,contact,0.002148403069212107,-0.00010159693078789318,0.00010159693078789318,0.00023757680721528212,0.00023757680721528212,0.0,0.00023757680721528212,300.57260293913856,300.62260521883076,-1.1879381962756979e-05
157,165,contact,0.0018944948435136997,-0.00010550515648630036,0.00010550515648630036,0.00022967929432830939,0.00022967929432830939,0.0,0.00022967929432830939,300.5853921188087,300.57636953710335,2.0723001991113345e-06
157,232,contact,0.0018990469657172784,-0.00010095303428272161,0.00010095303428272161,0.00022466979579231563,0.00022466979579231563,0.0,0.00022466979579231563,300.5853921188087,300.49665362921473,1.9936858336000956e-05
158,160,contact,0.0018805529858645293,-0.00011944701413547074,0.00011944701413547074,0.00024438393373488236,0.00024438393373488236,0.0,0.00024438393373488236,300.85213042572735,300.9449998033575,-2.2695783828770176e-05
158,174,contact,0.0019367801087436338,-6.321989125636623e-05,6.321989125636623e-05,0.00017779186041037736,0.00017779186041037736,0.0,0.00017779186041037736,300.85213042572735,300.9324127753781,-1.4273548302524769e-05
158,178,contact,0.0019347799568670586,-6.52200431329414e-05,6.52200431329414e-05,0.00018058245088178057,0.00018058245088178057,0.0,0.00018058245088178057,300.85213042572735,300.7732689044187,1.4241006798177187e-05
159,178,contact,0.0019054295101475153,-9.457048985248473e-05,9.457048985248473e-05,0.00021745170711273427,0.00021745170711273427,0.0,0.00021745170711273427,300.74395652521844,300.7732689044187,-6.374026896639216e-06
159,261,contact,0.0019053912491404491,-9.46087508595509e-05,9.46087508595509e-05,0.00021749569060047018,0.00021749569060047018,0.0,0.00021749569060047018,300.74395652521844,300.727314513638,3.619565801663553e-06
159,307,contact,0.0019335146266837497,-6.648537331625033e-05,6.648537331625033e-05,0.0001823257706911592,0.0001823257706911592,0.0,0.0001823257706911592,300.74395652521844,300.70019757186355,7.978384895067287e-06
160,168,contact,0.0019011083035545351,-9.889169644546492e-05,9.889169644546492e-05,0.00022236422424196854,0.00022236422424196854,0.0,0.00022236422424196854,300.9449998033575,300.90127610683214,9.72258585885649e-06
160,174,contact,0.0018301485082170244,-0.0001698514917829756,0.0001698514917829756,0.0002914202221732181,0.0002914202221732181,0.0,0.0002914202221732181,300.9449998033575,300.9324127753781,3.668114490259341e-06
160,191,contact,0.0019052924701276185,-9.470752987238151e-05,9.470752987238151e-05,0.0002176092023242371,0.0002176092023242371,0.0,0.0002176092023242371,300.9449998033575,300.9376038191547,1.6094342227836228e-06
160,200,contact,0.0018543646167903437,-0.00014563538320965636,0.00014563538320965636,0.00026984753399804894,0.00026984753399804894,0.0,0.00026984753399804894,300.9449998033575,300.93356517779904,3.0856055091466707e-06
161,386,contact,0.0019485003398767985,-5.149966012320153e-05,5.149966012320153e-05,0.00016046753584946947,0.00016046753584946947,0.0,0.00016046753584946947,300.65532267533143,300.5535517820472,1.633092446652353e-05
161,405,contact,0.002181356821146598,-6.864317885340232e-05,6.864317885340232e-05,0.00019528210200374556,0.00019528210200374556,0.0,0.00019528210200374556,300.65532267533143,300.7138759808396,-1.1434412578900102e-05
161,430,contact,0.0022138550334879657,-3.6144966512034575e-05,3.6144966512034575e-05,0.00014170581128214297,0.00014170581128214297,0.0,0.00014170581128214297,300.65532267533143,300.71931641259187,-9.06828445546585e-06
163,217,contact,0.00199841197787143,-1.5880221285700935e-06,1.5880221285700935e-06,2.8178201934918535e-05,2.8178201934918535e-05,0.0,2.8178201934918535e-05,300.52339897077803,300.4200771542454,2.9114230105389823e-06
163,226,contact,0.0018819294718453185,-0.00011807052815468152,0.00011807052815468152,0.00024297173514081994,0.00024297173514081994,0.0,0.00024297173514081994,300.52339897077803,300.51960060387034,9.228957982624186e-07
163,242,contact,0.00195935669077889,-4.064330922111002e-05,4.064330922111002e-05,0.0001425540410179768,0.0001425540410179768,0.0,0.0001425540410179768,300.52339897077803,300.4858041541137,5.359293036833423e-06
163,247,contact,0.0018460571643467596,-0.0001539428356532404,0.0001539428356532404,0.00027743723222851724,0.00027743723222851724,0.0,0.00027743723222851724,300.52339897077803,300.4381498776968,2.365127243445187e-05
164,169,contact,0.0019156703091607378,-8.432969083926227e-05,8.432969083926227e-05,0.00020534080310457328,0.00020534080310457328,0.0,0.00020534080310457328,300.4957890762326,300.5588649227999,-1.2952044990630457e-05
164,208,contact,0.0018496061689721958,-0.00015039383102780426,0.00015039383102780426,0.00027422055997664024,0.00027422055997664024,0.0,0.00027422055997664024,300.4957890762326,300.4167516960052,2.1673674665049444e-05
164,216,contact,0.001929051983332746,-7.09480166672541e-05,7.09480166672541e-05,0.000188345449463551,0.000188345449463551,0.0,0.000188345449463551,300.4957890762326,300.46750368756216,5.327424242385288e-06
164,255,contact,0.0017896140214303186,-0.00021038597856968145,0.00021038597856968145,0.0003243346871440684,0.0003243346871440684,0.0,0.0003243346871440684,300.4957890762326,300.4521095613507,1.416678179382162e-05
164,256,contact,0.0019637440215313205,-3.625597846867957e-05,3.625597846867957e-05,0.00013464022145829896,0.00013464022145829896,0.0,0.00013464022145829896,300.4957890762326,300.4592665305617,4.9174036373496434e-06
165,439,contact,0.0021465235725004273,-0.00010347642749957298,0.00010347642749957298,0.0002397642679100233,0.0002397642679100233,0.0,0.0002397642679100233,300.57636953710335,300.62260521883076,-1.1085664380693272e-05
166,175,contact,0.0019412074828054828,-5.879251719451725e-05,5.879251719451725e-05,0.000171453371495747,0.000171453371495747,0.0,0.000171453371495747,300.94743951370367,300.85927687829695,1.5115781080432116e-05
166,192,contact,0.0019758908201477137,-2.41091798522863e-05,2.41091798522863e-05,0.0001097933965507177,0.0001097933965507177,0.0,0.0001097933965507177,300.94743951370367,300.9328870438471,1.5977650937576564e-06
166,198,contact,0.0019398075787304266,-6.0192421269573406e-05,6.0192421269573406e-05,0.00017348259461625164,0.00017348259461625164,0.0,0.00017348259461625164,300.94743951370367,300.8789347618573,1.1884382093851793e-05
167,169,contact,0.0019290624522290613,-7.093754777093872e-05,7.093754777093872e-05,0.00018833155307985266,0.00018833155307985266,0.0,0.00018833155307985266,300.6410964907822,300.5588649227999,1.5486798910301646e-05
167,171,contact,0.0019449949671143112,-5.500503288568886e-05,5.500503288568886e-05,0.00016583882670485954,0.00016583882670485954,0.0,0.00016583882670485954,300.6410964907822,300.6112621339015,4.947694740591443e-06
167,185,contact,0.001974487943898366,-2.551205610163386e-05,2.551205610163386e-05,0.00011294258740978503,0.00011294258740978503,0.0,0.00011294258740978503,300.6410964907822,300.67960986695914,-4.349800355308004e-06
168,175,contact,0.0019483069303885352,-5.169306961146482e-05,5.169306961146482e-05,0.00016076857530541351,0.00016076857530541351,0.0,0.00016076857530541351,300.90127610683214,300.85927687829695,6.752156135528894e-06
168,191,contact,0.001996213373897941,-3.7866261020590673e-06,3.7866261020590673e-06,4.351221726170173e-05,4.351221726170173e-05,0.0,4.351221726170173e-05,300.90127610683214,300.9376038191547,-1.5806993111985952e-06
168,197,contact,0.001958725961945672,-4.1274038054327916e-05,4.1274038054327916e-05,0.0001436559049505587,0.0001436559049505587,0.0,0.0001436559049505587,300.90127610683214,300.81461500117143,1.2449379557705258e-05
168,419,contact,0.002144921884661537,-0.00010507811533846338,0.00010507811533846338,0.0002416127702411252,0.0002416127702411252,0.0,0.0002416127702411252,300.90127610683214,300.93396581323844,-7.898250523195652e-06
169,171,contact,0.0019180417969637679,-8.195820303623217e-05,8.195820303623217e-05,0.0002024329556127561,0.0002024329556127561,0.0,0.0002024329556127561,300.5588649227999,300.6112621339015,-1.0606922309163709e-05
169,177,contact,0.0019133492070973351,-8.665079290266493e-05,8.665079290266493e-05,0.00020814753529968224,0.00020814753529968224,0.0,0.00020814753529968224,300.5588649227999,300.6153754361608,-1.1762524074586259e-05
169,189,contact,0.001927584129785261,-7.241587021473896e-05,7.241587021473896e-05,0.00019028382776097784,0.00019028382776097784,0.0,0.00019028382776097784,300.5588649227999,300.59087062143834,-6.090166847087239e-06
169,255,contact,0.0019350396041683479,-6.496039583165215e-05,6.496039583165215e-05,0.00018022263430497867,0.00018022263430497867,0.0,0.00018022263430497867,300.5588649227999,300.4521095613507,1.923973246655292e-05
170,193,contact,0.0018962813376301685,-0.00010371866236983155,0.00010371866236983155,0.0002277264393629246,0.0002277264393629246,0.0,0.0002277264393629246,300.9310211242629,300.84909248832327,1.8657316544390713e-05
170,411,contact,0.0022144574389958366,-3.554256100416365e-05,3.554256100416365e-05,0.00014051998870102204,0.00014051998870102204,0.0,0.00014051998870102204,300.9310211242629,300.9261237660312,6.881767233815955e-07
170,438,contact,0.0020720008227614194,-0.00017799917723858088,0.00017799917723858088,0.00031446531096324695,0.00031446531096324695,0.0,0.00031446531096324695,300.9310211242629,300.8125891369612,3.7242751714816906e-05
171,486,contact,0.002143352864275969,-0.00010664713572403105,0.00010664713572403105,0.00024340996022261048,0.00024340996022261048,0.0,0.00024340996022261048,300.6112621339015,300.5357097298218,1.8390207671762692e-05
173,177,contact,0.0018888747988418917,-0.0001111252011581083,0.0001111252011581083,0.00023571720467342673,0.00023571720467342673,0.0,0.00023571720467342673,300.68762561656496,300.6153754361608,1.703061056202472e-05
173,189,contact,0.001966749753781604,-3.3250246218396225e-05,3.3250246218396225e-05,0.0001289384469783862,0.0001289384469783862,0.0,0.0001289384469783862,300.68762561656496,300.59087062143834,1.2475438809027251e-05
173,194,contact,0.0019721230973243024,-2.7876902675697673e-05,2.7876902675697673e-05,0.00011806121860225244,0.00011806121860225244,0.0,0.00011806121860225244,300.68762561656496,300.71358015703896,-3.064224676622372e-06
174,197,contact,0.001730641906497413,-0.0002693580935025871,0.0002693580935025871,0.00036698643946513,0.00036698643946513,0.0,0.00036698643946513,300.9324127753781,300.81461500117143,4.323018573302634e-05
174,417,contact,0.0021574500213429114,-9.254997865708889e-05,9.254997865708889e-05,0.00022675240860792157,0.00022675240860792157,0.0,0.00022675240860792157,300.9324127753781,300.9158114056095,3.7644005812291023e-06
175,191,contact,0.001930178899353373,-6.982110064662696e-05,6.982110064662696e-05,0.00018684365208193046,0.00018684365208193046,0.0,0.00018684365208193046,300.85927687829695,300.9376038191547,-1.4634891686262e-05
175,195,contact,0.0019204441123865078,-7.955588761349229e-05,7.955588761349229e-05,0.00019944408691847986,0.00019944408691847986,0.0,0.00019944408691847986,300.85927687829695,300.75932512807526,1.9934785558869282e-05
176,185,contact,0.0019470525737380585,-5.294742626194156e-05,5.294742626194156e-05,0.00016270744645212394,0.00016270744645212394,0.0,0.00016270744645212394,300.7218427029242,300.67960986695914,6.871596896309676e-06
176,197,contact,0.0018959132037094943,-0.00010408679629050573,0.00010408679629050573,0.000228130221902432,0.000228130221902432,0.0,0.000228130221902432,300.7218427029242,300.81461500117143,-2.1164164985535053e-05
176,430,contact,0.002202199411792674,-4.780058820732635e-05,4.780058820732635e-05,0.0001629597568033394,0.0001629597568033394,0.0,0.0001629597568033394,300.7218427029242,300.71931641259187,4.1168365817521043e-07
177,189,contact,0.0019439103834539286,-5.608961654607141e-05,5.608961654607141e-05,0.00016746584210828103,0.00016746584210828103,0.0,0.00016746584210828103,300.6153754361608,300.59087062143834,4.103719433199783e-06
177,194,contact,0.001998015208175353,-1.9847918246470968e-06,1.9847918246470968e-06,3.1502315983488396e-05,3.1502315983488396e-05,0.0,3.1502315983488396e-05,300.6153754361608,300.71358015703896,-3.093676148174909e-06
177,282,contact,0.0018899264721676343,-0.00011007352783236573,0.00011007352783236573,0.000234599155830073,0.000234599155830073,0.0,0.000234599155830073,300.6153754361608,300.6598461118593,-1.0432782978062356e-05
178,182,contact,0.001935993125256647,-6.400687474335297e-05,6.400687474335297e-05,0.00017889504568790183,0.00017889504568790183,0.0,0.00017889504568790183,300.7732689044187,300.8507443414713,-1.3859971851207107e-05
178,196,contact,0.0018870300823240738,-0.00011296991767592622,0.00011296991767592622,0.00023766564505195764,0.00023766564505195764,0.0,0.00023766564505195764,300.7732689044187,300.69652499256443,1.8239391314661328e-05
179,188,contact,0.0019900502701361597,-9.949729863840354e-06,9.949729863840354e-06,7.053272241959881e-05,7.053272241959881e-05,0.0,7.053272241959881e-05,300.8944688876003,300.94932036357085,-3.868823928937183e-06
179,294,contact,0.0019711887162398955,-2.8811283760104504e-05,2.8811283760104504e-05,0.00012002350553142602,0.00012002350553142602,0.0,0.00012002350553142602,300.8944688876003,300.8952340679494,-9.183962786343563e-08
179,424,contact,0.002149586638764174,-0.00010041336123582613,0.00010041336123582613,0.0002361889088983013,0.0002361889088983013,0.0,0.0002361889088983013,300.8944688876003,300.9243009157281,-7.045994173735112e-06
180,382,contact,0.0018937506760922892,-0.00010624932390771087,0.00010624932390771087,0.00023048787810610658,0.00023048787810610658,0.0,0.00023048787810610658,300.6465454511252,300.72409725247314,-1.7874750135998855e-05
180,415,contact,0.00215761989805897,-9.238010194103025e-05,9.238010194103025e-05,0.00022654420949591255,0.00022654420949591255,0.0,0.00022654420949591255,300.6465454511252,300.5844278199081,1.4072389659828218e-05
180,425,contact,0.002151825741968899,-9.817425803110118e-05,9.817425803110118e-05,0.00023354069123328994,0.00023354069123328994,0.0,0.00023354069123328994,300.6465454511252,300.61146725328945,8.192186569774575e-06
180,430,contact,0.0020272769758718215,-0.0002227230241281788,0.0002227230241281788,0.00035175988032256294,0.00035175988032256294,0.0,0.00035175988032256294,300.6465454511252,300.71931641259187,-2.5597904696479948e-05
181,188,contact,0.001959158648380471,-4.084135161952886e-05,4.084135161952886e-05,0.00014290093005213237,0.00014290093005213237,0.0,0.00014290093005213237,300.94890040235356,300.94932036357085,-6.001284853652528e-08
181,191,contact,0.0019293696120608926,-7.06303879391074e-05,7.06303879391074e-05,0.00018792337260051955,0.00018792337260051955,0.0,0.00018792337260051955,300.94890040235356,300.9376038191547,2.122892013596739e-06
181,411,contact,0.0021902586384922305,-5.9741361507769774e-05,5.9741361507769774e-05,0.00018218025491829328,0.00018218025491829328,0.0,0.00018218025491829328,300.94890040235356,300.9261237660312,4.149453411389215e-06
182,187,contact,0.0018676824203876315,-0.00013231757961236859,0.00013231757961236859,0.00025721351015486004,0.00025721351015486004,0.0,0.00025721351015486004,300.8507443414713,300.94663375415615,-2.4664052423363132e-05
182,200,contact,0.001925533394479127,-7.446660552087305e-05,7.446660552087305e-05,0.00019295932929101026,0.00019295932929101026,0.0,0.00019295932929101026,300.8507443414713,300.93356517779904,-1.5981053029124218e-05
183,186,contact,0.0018935248352857695,-0.00010647516471423051,0.00010647516471423051,0.00023073270760149125,0.00023073270760149125,0.0,0.00023073270760149125,300.55418680901784,300.6540861417565,-2.3050043530379552e-05
183,476,contact,0.002079590059741196,-0.00017040994025880425,0.00017040994025880425,0.00030768846100019583,0.00030768846100019583,0.0,0.00030768846100019583,300.55418680901784,300.4497272402207,3.2141003959940295e-05
184,192,contact,0.0019897400963955064,-1.0259903604493623e-05,1.0259903604493623e-05,7.162368185346807e-05,7.162368185346807e-05,0.0,7.162368185346807e-05,300.80409184384746,300.9328870438471,-9.224786429026239e-06
184,194,contact,0.0019822230583110465,-1.777694168895354e-05,1.777694168895354e-05,9.427868711684933e-05,9.427868711684933e-05,0.0,9.427868711684933e-05,300.80409184384746,300.71358015703896,8.533323001036587e-06
185,195,contact,0.001963932080317443,-3.6067919682556977e-05,3.6067919682556977e-05,0.00013429057986798064,0.00013429057986798064,0.0,0.00013429057986798064,300.67960986695914,300.75932512807526,-1.0705008639611369e-05
186,196,contact,0.0018917802446891127,-0.0001082197553108873,0.0001082197553108873,0.0002326152997019836,0.0002326152997019836,0.0,0.0002326152997019836,300.6540861417565,300.69652499256443,-9.87192599969019e-06
188,424,contact,0.0021497309729295692,-0.00010026902707043102,0.00010026902707043102,0.0002360190988863578,0.0002360190988863578,0.0,0.0002360190988863578,300.94932036357085,300.9243009157281,5.905067534477125e-06
190,194,contact,0.0019629660188092914,-3.703398119070866e-05,3.703398119070866e-05,0.0001360771494239732,0.0001360771494239732,0.0,0.0001360771494239732,300.622233347546,300.71358015703896,-1.2430213444776903e-05
190,449,contact,0.0022146921507514325,-3.530784924856778e-05,3.530784924856778e-05,0.00014005524554532,0.00014005524554532,0.0,0.00014005524554532,300.622233347546,300.5505714780902,1.0036620722868052e-05
193,302,contact,0.0018384377779393066,-0.00016156222206069348,0.00016156222206069348,0.0002842201805473122,0.0002842201805473122,0.0,0.0002842201805473122,300.84909248832327,300.83985972171547,2.62413859221867e-06
193,438,contact,0.0021868149982103486,-6.318500178965165e-05,6.318500178965165e-05,0.00018735735579909505,0.00018735735579909505,0.0,0.00018735735579909505,300.84909248832327,300.8125891369612,6.839171389000369e-06
194,282,contact,0.001964023631858843,-3.5976368141156945e-05,3.5976368141156945e-05,0.00013412003605195786,0.00013412003605195786,0.0,0.00013412003605195786,300.71358015703896,300.6598461118593,7.206812076716326e-06
196,405,contact,0.002173873887084759,-7.61261129152411e-05,7.61261129152411e-05,0.0002056508812354368,0.0002056508812354368,0.0,0.0002056508812354368,300.69652499256443,300.7138759808396,-3.5682460290912703e-06
197,423,contact,0.0020812932822646597,-0.00016870671773534058,0.00016870671773534058,0.0003061469488618357,0.0003061469488618357,0.0,0.0003061469488618357,300.81461500117143,300.80575542928386,2.7123309016014887e-06
197,430,contact,0.0020495354229922453,-0.00020046457700775497,0.00020046457700775497,0.00033372025627575075,0.00033372025627575075,0.0,0.00033372025627575075,300.81461500117143,300.71931641259187,3.180306940349042e-05
198,437,contact,0.0021478428822425547,-0.00010215711775744558,0.00010215711775744558,0.00023823088445810712,0.00023823088445810712,0.0,0.00023823088445810712,300.8789347618573,300.9200886359675,-9.804123828149008e-06
198,440,contact,0.0022158135894970953,-3.418641050290496e-05,3.418641050290496e-05,0.00013781309908492606,0.00013781309908492606,0.0,0.00013781309908492606,300.8789347618573,300.92334120357515,-6.119789352471579e-06
199,204,contact,0.00184680342551664,-0.00015319657448335995,0.00015319657448335995,0.0002767639558209847,0.0002767639558209847,0.0,0.0002767639558209847,300.51538900604197,300.40946856145547,2.9314961246077718e-05
199,232,contact,0.001880442462959183,-0.00011955753704081694,0.00011955753704081694,0.0002444969703706131,0.0002444969703706131,0.0,0.0002444969703706131,300.51538900604197,300.49665362921473,4.580742873011324e-06
199,244,contact,0.001913236402747972,-8.676359725202812e-05,8.676359725202812e-05,0.00020828297728334416,0.00020828297728334416,0.0,0.00020828297728334416,300.51538900604197,300.4484433410628,1.3943642418078346e-05
199,386,contact,0.0019919172955973853,-8.082704402614764e-06,8.082704402614764e-06,6.357163047545172e-05,6.357163047545172e-05,0.0,6.357163047545172e-05,300.51538900604197,300.5535517820472,-2.42606989412054e-06
199,415,contact,0.0020760517220194696,-0.00017394827798053068,0.00017394827798053068,0.00031086642181394556,0.00031086642181394556,0.0,0.00031086642181394556,300.51538900604197,300.5844278199081,-2.1461849032846978e-05
201,207,contact,0.0019712876293428105,-2.8712370657189585e-05,2.8712370657189585e-05,0.00011981729978844789,0.00011981729978844789,0.0,0.00011981729978844789,300.1707089225338,300.2754505653728,-1.254986082037867e-05
201,210,contact,0.0019512570214095342,-4.874297859046588e-05,4.874297859046588e-05,0.00015611370630163433,0.00015611370630163433,0.0,0.00015611370630163433,300.1707089225338,300.0754166593092,1.4876428393857695e-05
201,221,contact,0.0018723864400545104,-0.00012761355994548966,0.00012761355994548966,0.0002526000395343295,0.0002526000395343295,0.0,0.0002526000395343295,300.1707089225338,300.0960970524129,1.884696134225989e-05
201,233,contact,0.0018914482625755312,-0.00010855173742446884,0.00010855173742446884,0.00023297181956673306,0.00023297181956673306,0.0,0.00023297181956673306,300.1707089225338,300.2593428763662,-2.064921349973123e-05
201,235,contact,0.001974077562432641,-2.592243756735892e-05,2.592243756735892e-05,0.00011384734860188646,0.00011384734860188646,0.0,0.00011384734860188646,300.1707089225338,300.09422970508786,8.706956129365322e-06
201,249,contact,0.0018852578609039137,-0.00011474213909608635,0.00011474213909608635,0.00023952258671791933,0.00023952258671791933,0.0,0.00023952258671791933,300.1707089225338,300.1742995789154,-8.600433045404373e-07
201,260,contact,0.0019785344095314583,-2.146559046854171e-05,2.146559046854171e-05,0.00010359920479555262,0.00010359920479555262,0.0,0.00010359920479555262,300.1707089225338,300.25151290416136,-8.37122824093197e-06
202,233,contact,0.001874902252492113,-0.00012509774750788698,0.00012509774750788698,0.00025009772840620424,0.00025009772840620424,0.0,0.00025009772840620424,300.24803535230274,300.2593428763662,-2.827986082168429e-06
202,243,contact,0.001867698834501966,-0.00013230116549803415,0.00013230116549803415,0.00025719755587683385,0.00025719755587683385,0.0,0.00025719755587683385,300.24803535230274,300.22302023573275,6.433826841775259e-06
202,249,contact,0.0019344013184703942,-6.55986815296058e-05,6.55986815296058e-05,0.00018110588274488187,0.00018110588274488187,0.0,0.00018110588274488187,300.24803535230274,300.1742995789154,1.335398232919095e-05
202,260,contact,0.001998786272641475,-1.2137273585248812e-06,1.2137273585248812e-06,2.4634603290137242e-05,2.4634603290137242e-05,0.0,2.4634603290137242e-05,300.24803535230274,300.25151290416136,-8.566811045805638e-08
202,495,contact,0.002187062252817693,-6.293774718230723e-05,6.293774718230723e-05,0.00018699041446363447,0.00018699041446363447,0.0,0.00018699041446363447,300.24803535230274,300.3382761008818,-1.687415497830502e-05
203,225,contact,0.001843040924667708,-0.00015695907533229197,0.00015695907533229197,0.00028014199554180733,0.00028014199554180733,0.0,0.00028014199554180733,300.2779339990398,300.2917756289032,-3.877621811485905e-06
203,237,contact,0.0018258764276094912,-0.0001741235723905089,0.0001741235723905089,0.0002950623428959623,0.0002950623428959623,0.0,0.0002950623428959623,300.2779339990398,300.1745089824082,3.0516827721375e-05
203,241,contact,0.0018804176378932427,-0.00011958236210675736,0.00011958236210675736,0.00024452235287060914,0.00024452235287060914,0.0,0.00024452235287060914,300.2779339990398,300.3449724988925,-1.6392411716894672e-05
203,259,contact,0.0018540083360835016,-0.00014599166391649843,0.00014599166391649843,0.0002701774083047086,0.0002701774083047086,0.0,0.0002701774083047086,300.2779339990398,300.232249021376,1.2343048863670756e-05
204,214,contact,0.0018960661044647147,-0.00010393389553528531,0.00010393389553528531,0.0002279626016864228,0.0002279626016864228,0.0,0.0002279626016864228,300.40946856145547,300.403056888341,1.4616216843408863e-06
204,223,contact,0.0017961038685443556,-0.0002038961314556444,0.0002038961314556444,0.0003192930718443828,0.0003192930718443828,0.0,0.0003192930718443828,300.40946856145547,300.3201423879193,2.852122834446647e-05
204,232,contact,0.0018142750031348606,-0.00018572499686513944,0.00018572499686513944,0.00030473348754701986,0.00030473348754701986,0.0,0.00030473348754701986,300.40946856145547,300.49665362921473,-2.6568209760303975e-05
204,234,contact,0.0018126052555644877,-0.00018739474443551238,0.00018739474443551238,0.00030610026497498527,0.00030610026497498527,0.0,0.00030610026497498527,300.40946856145547,300.317269334453,2.8222207815948442e-05
204,256,contact,0.0019960193015349315,-3.980698465068551e-06,3.980698465068551e-06,4.46133302112079e-05,4.46133302112079e-05,0.0,4.46133302112079e-05,300.40946856145547,300.4592665305617,-2.221653239584077e-06
204,462,contact,0.0020841024463543055,-0.00016589755364569475,0.00016589755364569475,0.00030358739694022463,0.00030358739694022463,0.0,0.00030358739694022463,300.40946856145547,300.409798725355,-1.002335988274406e-07
205,238,contact,0.00192623209387575,-7.376790612425004e-05,7.376790612425004e-05,0.0001920519540700511,0.0001920519540700511,0.0,0.0001920519540700511,300.1291190107733,300.1783887617286,-9.462351947513618e-06
205,240,contact,0.001992597121974234,-7.402878025765912e-06,7.402878025765912e-06,6.083945276613651e-05,6.083945276613651e-05,0.0,6.083945276613651e-05,300.1291190107733,300.1563597536401,-1.6573118889596893e-06
205,245,contact,0.0019177950318223205,-8.220496817767952e-05,8.220496817767952e-05,0.0002027374757878764,0.0002027374757878764,0.0,0.0002027374757878764,300.1291190107733,300.06590417322815,1.2816016596246549e-05
205,248,contact,0.0018865309034455451,-0.00011346909655445491,0.00011346909655445491,0.00023819015151182774,0.00023819015151182774,0.0,0.00023819015151182774,300.1291190107733,300.0711475413705,1.380823308041314e-05
205,259,contact,0.001967934504429708,-3.2065495570292226e-05,3.2065495570292226e-05,0.00012662048722519636,0.00012662048722519636,0.0,0.00012662048722519636,300.1291190107733,300.232249021376,-1.3058372190051432e-05
206,221,contact,0.0018094620103776696,-0.00019053798962233044,0.00019053798962233044,0.0003086567588943505,0.0003086567588943505,0.0,0.0003086567588943505,300.06003067104086,300.0960970524129,-1.1132132379345176e-05
206,492,contact,0.002076936504262542,-0.00017306349573745824,0.00017306349573745824,0.0003100748079428739,0.0003100748079428739,0.0,0.0003100748079428739,300.06003067104086,300.1575760346562,-3.024635988873962e-05
207,231,contact,0.0019888966260969915,-1.1103373903008536e-05,1.1103373903008536e-05,7.450964334570572e-05,7.450964334570572e-05,0.0,7.450964334570572e-05,300.2754505653728,300.3508499763238,-5.6179832184337445e-06
207,233,contact,0.00186744833599219,-0.00013255166400780996,0.00013255166400780996,0.00025744092915444696,0.00025744092915444696,0.0,0.00025744092915444696,300.2754505653728,300.2593428763662,4.1467784243943425e-06
207,251,contact,0.001995671010612721,-4.328989387279193e-06,4.328989387279193e-06,4.652413022980222e-05,4.652413022980222e-05,0.0,4.652413022980222e-05,300.2754505653728,300.37130795693656,-4.459681768601254e-06
207,252,contact,0.0019238409334518794,-7.615906654812065e-05,7.615906654812065e-05,0.0001951397788101143,0.0001951397788101143,0.0,0.0001951397788101143,300.2754505653728,300.26012791327764,2.990058940634796e-06
207,260,contact,0.0018841036161793224,-0.0001158963838206776,0.0001158963838206776,0.0002407243068540001,0.0002407243068540001,0.0,0.0002407243068540001,300.2754505653728,300.25151290416136,5.76237690283179e-06
207,500,contact,0.002097616460380457,-0.00015238353961954335,0.00015238353961954335,0.0002909596570159812,0.0002909596570159812,0.0,0.0002909596570159812,300.2754505653728,300.3282806046259,-1.5371410101217253e-05
208,213,contact,0.0019966779902127435,-3.322009787256556e-06,3.322009787256556e-06,4.075542778119594e-05,4.075542778119594e-05,0.0,4.075542778119594e-05,300.4167516960052,300.3073020244844,4.4606681833412745e-06
208,216,contact,0.0018942801886468643,-0.00010571981135313571,0.00010571981135313571,0.00022991282190553848,0.00022991282190553848,0.0,0.00022991282190553848,300.4167516960052,300.46750368756216,-1.1668533596191045e-05
208,256,contact,0.001962019040835231,-3.7980959164768836e-05,3.7980959164768836e-05,0.00013780594900941113,0.00013780594900941113,0.0,0.00013780594900941113,300.4167516960052,300.4592665305617,-5.858797123040394e-06
208,462,contact,0.002152832707155853,-9.716729284414737e-05,9.716729284414737e-05,0.00023233990048603285,0.00023233990048603285,0.0,0.00023233990048603285,300.4167516960052,300.409798725355,1.6154525089407615e-06
208,495,contact,0.0021550991723120307,-9.490082768796957e-05,9.490082768796957e-05,0.0002296142026288269,0.0002296142026288269,0.0,0.0002296142026288269,300.4167516960052,300.3382761008818,1.8019111200080612e-05
208,496,contact,0.0020914179482112135,-0.0001585820517887868,0.0001585820517887868,0.0002968183617680337,0.0002968183617680337,0.0,0.0002968183617680337,300.4167516960052,300.3658593812506,1.5105773492045178e-05
209,215,contact,0.0018762838220535837,-0.00012371617794641634,0.00012371617794641634,0.00024871286451088166,0.00024871286451088166,0.0,0.00024871286451088166,300.2380602720362,300.35546452236576,-2.9199947405220206e-05
209,238,contact,0.001884689431588815,-0.00011531056841118507,0.00011531056841118507,0.00024011514780536555,0.00024011514780536555,0.0,0.00024011514780536555,300.2380602720362,300.1783887617286,1.4328033517270767e-05
209,259,contact,0.0019026941499400267,-9.730585005997337e-05,9.730585005997337e-05,0.00022057408059422278,0.00022057408059422278,0.0,0.00022057408059422278,300.2380602720362,300.232249021376,1.2818112714765148e-06
209,470,contact,0.002216063398558216,-3.393660144178443e-05,3.393660144178443e-05,0.0001373086576573306,0.0001373086576573306,0.0,0.0001373086576573306,300.2380602720362,300.28453309834504,-6.381121398009537e-06
210,221,contact,0.0018976795772996042,-0.00010232042270039588,0.00010232042270039588,0.00022618623156637528,0.00022618623156637528,0.0,0.00022618623156637528,300.0754166593092,300.0960970524129,-4.677620183437827e-06
210,245,contact,0.0018778114592258718,-0.00012218854077412824,0.00012218854077412824,0.000247172551848024,0.000247172551848024,0.0,0.000247172551848024,300.0754166593092,300.06590417322815,2.351225459075461e-06
210,452,contact,0.0022319000451289394,-1.8099954871060846e-05,1.8099954871060846e-05,0.00010027726803180616,0.00010027726803180616,0.0,0.00010027726803180616,300.0754166593092,300.0801858422565,-4.782406367005018e-07
210,468,contact,0.002223888272922226,-2.6111727077774392e-05,2.6111727077774392e-05,0.00012044299499434576,0.00012044299499434576,0.0,0.00012044299499434576,300.0754166593092,300.1549558443371,-9.579937664169397e-06
211,235,contact,0.0018910051190041766,-0.00010899488099582345,0.00010899488099582345,0.00023344686868302973,0.00023344686868302973,0.0,0.00023344686868302973,300.06413795681755,300.09422970508786,-7.0248244069014886e-06
211,249,contact,0.0018505751464071916,-0.0001494248535928084,0.0001494248535928084,0.00027333574006412737,0.00027333574006412737,0.0,0.00027333574006412737,300.06413795681755,300.1742995789154,-3.0111108502780152e-05
211,258,contact,0.0018822510316373845,-0.00011774896836261556,0.00011774896836261556,0.00024264064824614152,0.00024264064824614152,0.0,0.00024264064824614152,300.06413795681755,300.09847460810477,-8.331467326932628e-06
211,448,contact,0.002233402866143947,-1.6597133856053117e-05,1.6597133856053117e-05,9.602411113897129e-05,9.602411113897129e-05,0.0,9.602411113897129e-05,300.06413795681755,300.0740788602559,-9.5456641658575e-07
212,226,contact,0.0019889130686131067,-1.1086931386893387e-05,1.1086931386893387e-05,7.44544538187387e-05,7.44544538187387e-05,0.0,7.44544538187387e-05,300.3906121334812,300.51960060387034,-9.603766111736295e-06
212,251,contact,0.0019663555510130923,-3.364444898690776e-05,3.364444898690776e-05,0.00012970051847796863,0.00012970051847796863,0.0,0.00012970051847796863,300.3906121334812,300.37130795693656,2.503761706633304e-06
212,495,contact,0.0022168725393445603,-3.312746065543999e-05,3.312746065543999e-05,0.0001356618767693333,0.0001356618767693333,0.0,0.0001356618767693333,300.3906121334812,300.3382761008818,7.100004405101277e-06
213,234,contact,0.0018286362351216821,-0.00017136376487831791,0.00017136376487831791,0.000292714677526015,0.000292714677526015,0.0,0.000292714677526015,300.3073020244844,300.317269334453,-2.9175779232610266e-06
213,243,contact,0.0018292858441479275,-0.00017071415585207255,0.00017071415585207255,0.000292159336537507,0.000292159336537507,0.0,0.000292159336537507,300.3073020244844,300.22302023573275,2.4623711483873154e-05
213,447,contact,0.0021930526956277156,-5.6947304372284655e-05,5.6947304372284655e-05,0.00017786902855172938,0.00017786902855172938,0.0,0.00017786902855172938,300.3073020244844,300.21853714211693,1.578852339620806e-05
213,454,contact,0.0021512625112942393,-9.873748870576097e-05,9.873748870576097e-05,0.00023420965051015603,0.00023420965051015603,0.0,0.00023420965051015603,300.3073020244844,300.26735684069035,9.355547535964157e-06
213,462,contact,0.0021993095031395656,-5.0690496860434676e-05,5.0690496860434676e-05,0.00016781354875183924,0.00016781354875183924,0.0,0.00016781354875183924,300.3073020244844,300.409798725355,-1.7200335108456356e-05
213,463,contact,0.002240996224985665,-9.00377501433531e-06,9.00377501433531e-06,7.072550622078489e-05,7.072550622078489e-05,0.0,7.072550622078489e-05,300.3073020244844,300.34154714325336,-2.4220033605269385e-06
213,495,contact,0.0022335029175042506,-1.649708249574968e-05,1.649708249574968e-05,9.573424586307685e-05,9.573424586307685e-05,0.0,9.573424586307685e-05,300.3073020244844,300.3382761008818,-2.965279845210334e-06
213,496,contact,0.002044162693207173,-0.0002058373067928272,0.0002058373067928272,0.00033816277046615944,0.00033816277046615944,0.0,0.00033816277046615944,300.3073020244844,300.3658593812506,-1.980191799522903e-05
214,241,contact,0.0018770546513088005,-0.00012294534869119957,0.00012294534869119957,0.00024793683539482345,0.00024793683539482345,0.0,0.00024793683539482345,300.403056888341,300.3449724988925,1.4401259705696974e-05
214,244,contact,0.0019461098640621499,-5.3890135937850183e-05,5.3890135937850183e-05,0.00016414952929851823,0.00016414952929851823,0.0,0.00016414952929851823,300.403056888341,300.4484433410628,-7.450164850812954e-06
214,471,contact,0.0022296449854387395,-2.035501456126073e-05,2.035501456126073e-05,0.00010634068564252644,0.00010634068564252644,0.0,0.00010634068564252644,300.403056888341,300.4546784585552,-5.489473170521305e-06
215,246,contact,0.0018398120946273165,-0.0001601879053726835,0.0001601879053726835,0.00028300875019395027,0.00028300875019395027,0.0,0.00028300875019395027,300.35546452236576,300.3538408458432,4.5951466337176513e-07
215,470,contact,0.0022449857289661345,-5.0142710338657234e-06,5.0142710338657234e-06,5.277978902880725e-05,5.277978902880725e-05,0.0,5.277978902880725e-05,300.35546452236576,300.28453309834504,3.7437455953268795e-06
215,476,contact,0.002067046098620515,-0.0001829539013794854,0.0001829539013794854,0.00031881194507410844,0.00031881194507410844,0.0,0.00031881194507410844,300.35546452236576,300.4497272402207,-3.0052080427298095e-05
216,346,contact,0.0019630705376526844,-3.6929462347315596e-05,3.6929462347315596e-05,0.00013588499245191794,0.00013588499245191794,0.0,0.00013588499245191794,300.46750368756216,300.37961675865466,1.1942514671217095e-05
216,449,contact,0.002150118063967651,-9.98819360323493e-05,9.98819360323493e-05,0.0002355630795825532,0.0002355630795825532,0.0,0.0002355630795825532,300.46750368756216,300.5505714780902,-1.9567704550905462e-05
217,247,contact,0.00192074882084462,-7.925117915538e-05,7.925117915538e-05,0.00019906177327073623,0.00019906177327073623,0.0,0.00019906177327073623,300.4200771542454,300.4381498776968,-3.5975883780638096e-06
217,251,contact,0.0019798570236256962,-2.0142976374303793e-05,2.0142976374303793e-05,0.0001003568043888998,0.0001003568043888998,0.0,0.0001003568043888998,300.4200771542454,300.37130795693656,4.894320794527226e-06
217,394,contact,0.0018913844243873814,-0.00010861557561261861,0.00010861557561261861,0.00023304031369338077,0.00023304031369338077,0.0,0.00023304031369338077,300.4200771542454,300.56603378247036,-3.4013778427170766e-05
217,460,contact,0.0021342189223832017,-0.00011578107761679854,0.00011578107761679854,0.0002536194410888515,0.0002536194410888515,0.0,0.0002536194410888515,300.4200771542454,300.36579870936015,1.3766068854970604e-05
217,500,contact,0.002147902415212349,-0.00010209758478765124,0.00010209758478765124,0.00023816145875767562,0.00023816145875767562,0.0,0.00023816145875767562,300.4200771542454,300.3282806046259,2.1862400166305415e-05
218,230,contact,0.0018962563340698428,-0.00010374366593015726,0.00010374366593015726,0.0002277538868275987,0.0002277538868275987,0.0,0.0002277538868275987,300.44795745774684,300.439626126406,1.8974930953283808e-06
218,242,contact,0.0018576312308152007,-0.00014236876918479933,0.00014236876918479933,0.00026680401907092717,0.00026680401907092717,0.0,0.00026680401907092717,300.44795745774684,300.4858041541137,-1.0097650699230389e-05
218,255,contact,0.0018603009673974801,-0.00013969903260251993,0.00013969903260251993,0.00026429059064079444,0.00026429059064079444,0.0,0.00026429059064079444,300.44795745774684,300.4521095613507,-1.0973619138690063e-06
219,220,contact,0.0019101945821564889,-8.980541784351119e-05,8.980541784351119e-05,0.0002119025930038507,0.0002119025930038507,0.0,0.0002119025930038507,300.24204135991,300.1484934137079,1.982305237040535e-05
219,236,contact,0.0019147213426762657,-8.527865732373434e-05,8.527865732373434e-05,0.0002064929264208999,0.0002064929264208999,0.0,0.0002064929264208999,300.24204135991,300.1928812749556,1.0151209805332926e-05
219,254,contact,0.0019312565811408903,-6.874341885910974e-05,6.874341885910974e-05,0.00018539608795644762,0.00018539608795644762,0.0,0.00018539608795644762,300.24204135991,300.32448619180127,-1.5284949304870293e-05
219,454,contact,0.0021576007537540388,-9.239924624596151e-05,9.239924624596151e-05,0.00022656768211969184,0.00022656768211969184,0.0,0.00022656768211969184,300.24204135991,300.26735684069035,-5.735669802152666e-06
220,239,contact,0.00197641367190677,-2.358632809323002e-05,2.358632809323002e-05,0.00010859633532774027,0.00010859633532774027,0.0,0.00010859633532774027,300.1484934137079,300.164209349873,-1.7066930737708259e-06
220,253,contact,0.0018913325017299305,-0.00010866749827006953,0.00010866749827006953,0.00023309600840648207,0.00023309600840648207,0.0,0.00023309600840648207,300.1484934137079,300.0852048916242,1.4752301875661514e-05
221,235,contact,0.0019142299251657306,-8.577007483426941e-05,8.577007483426941e-05,0.0002070870286066578,0.0002070870286066578,0.0,0.0002070870286066578,300.0960970524129,300.09422970508786,3.8670340892328875e-07
221,452,contact,0.0022000513840950537,-4.994861590494658e-05,4.994861590494658e-05,0.00016658100449422095,0.00016658100449422095,0.0,0.00016658100449422095,300.0960970524129,300.0801858422565,2.6505053705699613e-06
223,224,contact,0.0018894796829021484,-0.00011052031709785168,0.00011052031709785168,0.00023507479352096822,0.00023507479352096822,0.0,0.00023507479352096822,300.3201423879193,300.2441365468401,1.7867057398085776e-05
223,225,contact,0.0019479713071808829,-5.202869281911715e-05,5.202869281911715e-05,0.00016128963515848926,0.00016128963515848926,0.0,0.00016128963515848926,300.3201423879193,300.2917756289032,4.575264212332381e-06
223,233,contact,0.00187689452684481,-0.00012310547315519003,0.00012310547315519003,0.00024809823977125475,0.00024809823977125475,0.0,0.00024809823977125475,300.3201423879193,300.2593428763662,1.508425179527963e-05
223,246,contact,0.0018571728870786363,-0.00014282711292136377,0.00014282711292136377,0.00026723315000329187,0.00026723315000329187,0.0,0.00026723315000329187,300.3201423879193,300.3538408458432,-9.005345061254554e-06
224,237,contact,0.0018335985290133707,-0.0001664014709866293,0.0001664014709866293,0.00028844537696644517,0.00028844537696644517,0.0,0.00028844537696644517,300.2441365468401,300.1745089824082,2.0083749069805875e-05
224,238,contact,0.0018706609928311436,-0.00012933900716885645,0.00012933900716885645,0.0002543019928833202,0.0002543019928833202,0.0,0.0002543019928833202,300.2441365468401,300.1783887617286,1.671979278150728e-05
224,246,contact,0.0018602891656406542,-0.00013971083435934586,0.00013971083435934586,0.0002643017540230729,0.0002643017540230729,0.0,0.0002643017540230729,300.2441365468401,300.3538408458432,-2.8995038650394347e-05
224,249,contact,0.0018733816762475292,-0.0001266183237524708,0.0001266183237524708,0.00025161311944379094,0.00025161311944379094,0.0,0.00025161311944379094,300.2441365468401,300.1742995789154,1.7571897352026373e-05
224,250,contact,0.0018507606838540742,-0.00014923931614592586,0.00014923931614592586,0.0002731659899639099,0.0002731659899639099,0.0,0.0002731659899639099,300.2441365468401,300.2769927509037,-8.975197509487233e-06
224,259,contact,0.0019697548817621167,-3.0245118237883385e-05,3.0245118237883385e-05,0.00012297381476941217,0.00012297381476941217,0.0,0.00012297381476941217,300.2441365468401,300.232249021376,1.4618543544876466e-06
225,234,contact,0.0019034069483166232,-9.659305168337683e-05,9.659305168337683e-05,0.00021976470563238404,0.00021976470563238404,0.0,0.00021976470563238404,300.2917756289032,300.317269334453,-5.6026166956224486e-06
225,241,contact,0.0019488714536623514,-5.1128546337648626e-05,5.1128546337648626e-05,0.00015988831467253733,0.00015988831467253733,0.0,0.00015988831467253733,300.2917756289032,300.3449724988925,-8.50555788843984e-06
225,484,contact,0.0021484912000983383,-0.00010150879990166199,0.00010150879990166199,0.0002374737411234041,0.0002374737411234041,0.0,0.0002374737411234041,300.2917756289032,300.22942845352776,1.4805816984888485e-05
226,232,contact,0.001831386263189717,-0.0001686137368102831,0.0001686137368102831,0.0002903564506001917,0.0002903564506001917,0.0,0.0002903564506001917,300.51960060387034,300.49665362921473,6.6628021130156425e-06
226,242,contact,0.0018433544177124499,-0.00015664558228755017,0.00015664558228755017,0.0002798620930811729,0.0002798620930811729,0.0,0.0002798620930811729,300.51960060387034,300.4858041541137,9.458345167612828e-06
226,256,contact,0.0019069154570929459,-9.308454290705417e-05,9.308454290705417e-05,0.00021573657884913048,0.00021573657884913048,0.0,0.00021573657884913048,300.51960060387034,300.4592665305617,1.3016266563638283e-05
227,231,contact,0.001997408727952294,-2.5912720477061155e-06,2.5912720477061155e-06,3.5994944420752446e-05,3.5994944420752446e-05,0.0,3.5994944420752446e-05,300.2460820573118,300.3508499763238,-3.77111542191399e-06
227,239,contact,0.0019504038161621809,-4.959618383781916e-05,4.959618383781916e-05,0.0001574740992001846,0.0001574740992001846,0.0,0.0001574740992001846,300.2460820573118,300.164209349873,1.2892830853010552e-05
227,330,contact,0.0019160606751614112,-8.393932483858886e-05,8.393932483858886e-05,0.00020486498583041082,0.00020486498583041082,0.0,0.00020486498583041082,300.2460820573118,300.31402757387366,-1.3919657287683184e-05
227,474,contact,0.0020759845691179887,-0.00017401543088201151,0.00017401543088201151,0.0003109264211656759,0.0003109264211656759,0.0,0.0003109264211656759,300.2460820573118,300.1989913641313,1.46417407008261e-05
228,232,contact,0.001812262024791118,-0.00018773797520888207,0.00018773797520888207,0.000306380462178059,0.000306380462178059,0.0,0.000306380462178059,300.4438567372259,300.49665362921473,-1.6175936169112653e-05
228,244,contact,0.001971367978841088,-2.8632021158912085e-05,2.8632021158912085e-05,0.00011964953229936189,0.00011964953229936189,0.0,0.00011964953229936189,300.4438567372259,300.4484433410628,-5.4878500392906e-07
228,246,contact,0.0019732372333807206,-2.6762766619279395e-05,2.6762766619279395e-05,0.00011567792922437581,0.00011567792922437581,0.0,0.00011567792922437581,300.4438567372259,300.3538408458432,1.0412851912434432e-05
228,257,contact,0.0018150420132052036,-0.0001849579867947964,0.0001849579867947964,0.0003041035899120532,0.0003041035899120532,0.0,0.0003041035899120532,300.4438567372259,300.383120026872,1.8470251658058905e-05
229,236,contact,0.00198963071196642,-1.036928803358015e-05,1.036928803358015e-05,7.20044721999271e-05,7.20044721999271e-05,0.0,7.20044721999271e-05,300.15517825782,300.1928812749556,-2.714785849192541e-06
229,253,contact,0.0019264091567732962,-7.359084322670385e-05,7.359084322670385e-05,0.00019182132731620832,0.00019182132731620832,0.0,0.00019182132731620832,300.15517825782,300.0852048916242,1.3422383980466223e-05
229,454,contact,0.0021875036005684647,-6.249639943153558e-05,6.249639943153558e-05,0.0001863336306371146,0.0001863336306371146,0.0,0.0001863336306371146,300.15517825782,300.26735684069035,-2.0902642625957318e-05
229,467,contact,0.002198087337891741,-5.191266210825916e-05,5.191266210825916e-05,0.0001698245207204241,0.0001698245207204241,0.0,0.0001698245207204241,300.15517825782,300.0887815046478,1.1275796784865886e-05
230,247,contact,0.0018542116500701855,-0.0001457883499298145,0.0001457883499298145,0.0002699892126824834,0.0002699892126824834,0.0,0.0002699892126824834,300.439626126406,300.4381498776968,3.985712267192836e-07
230,330,contact,0.001936176334402423,-6.382366559757702e-05,6.382366559757702e-05,0.00017863883340077125,0.00017863883340077125,0.0,0.00017863883340077125,300.439626126406,300.31402757387366,2.2436778901199842e-05
230,479,contact,0.002178847592060246,-7.115240793975413e-05,7.115240793975413e-05,0.00019881930369580723,0.00019881930369580723,0.0,0.00019881930369580723,300.439626126406,300.4645526326533,-4.955870615659643e-06
230,486,contact,0.002226789866826234,-2.3210133173766356e-05,2.3210133173766356e-05,0.00011355403308500406,0.00011355403308500406,0.0,0.00011355403308500406,300.439626126406,300.5357097298218,-1.0910680681206497e-05
231,247,contact,0.001951530076825874,-4.8469923174126106e-05,4.8469923174126106e-05,0.00015567582210177357,0.00015567582210177357,0.0,0.00015567582210177357,300.3508499763238,300.4381498776968,-1.359048391564567e-05
231,254,contact,0.001949207509630517,-5.079249036948311e-05,5.079249036948311e-05,0.0001593619941665564,0.0001593619941665564,0.0,0.0001593619941665564,300.3508499763238,300.32448619180127,4.2013852752855765e-06
232,244,contact,0.0019832991741288056,-1.6700825871194484e-05,1.6700825871194484e-05,9.138059386761087e-05,9.138059386761087e-05,0.0,9.138059386761087e-05,300.49665362921473,300.4484433410628,4.405484761853789e-06
233,250,contact,0.0018842445692903037,-0.00011575543070969636,0.00011575543070969636,0.00024057787794152683,0.00024057787794152683,0.0,0.00024057787794152683,300.2593428763662,300.2769927509037,-4.246169362161824e-06
234,243,contact,0.001974746486412876,-2.525351358712404e-05,2.525351358712404e-05,0.00011236884262802576,0.00011236884262802576,0.0,0.00011236884262802576,300.317269334453,300.22302023573275,1.0590662141927964e-05
234,462,contact,0.0022185530999730427,-3.1446900026957554e-05,3.1446900026957554e-05,0.00013217601906161504,0.00013217601906161504,0.0,0.00013217601906161504,300.317269334453,300.409798725355,-1.223016653562631e-05
234,484,contact,0.002081708712956739,-0.00016829128704326122,0.00016829128704326122,0.0003057697818105616,0.0003057697818105616,0.0,0.0003057697818105616,300.317269334453,300.22942845352776,2.6859086994554425e-05
234,495,contact,0.002125820558772541,-0.00012417944122745939,0.00012417944122745939,0.000262656769301116,0.000262656769301116,0.0,0.000262656769301116,300.317269334453,300.3382761008818,-5.517569403651124e-06
235,253,contact,0.0018948993765369186,-0.00010510062346308141,0.00010510062346308141,0.0002292385476562367,0.0002292385476562367,0.0,0.0002292385476562367,300.09422970508786,300.0852048916242,2.068835131279732e-06
236,239,contact,0.0019507621226843629,-4.9237877315637174e-05,4.9237877315637174e-05,0.0001569042340340712,0.0001569042340340712,0.0,0.0001569042340340712,300.1928812749556,300.164209349873,4.498746443370688e-06
236,243,contact,0.0018834883519151372,-0.00011651164808486282,0.00011651164808486282,0.00024136243295598303,0.00024136243295598303,0.0,0.00024136243295598303,300.1928812749556,300.22302023573275,-7.274412899938151e-06
236,253,contact,0.0019124552762613824,-8.75447237386176e-05,8.75447237386176e-05,0.00020921845489657167,0.00020921845489657167,0.0,0.00020921845489657167,300.1928812749556,300.0852048916242,2.252788654944834e-05
236,260,contact,0.0019117548076309377,-8.824519236906234e-05,8.824519236906234e-05,0.00021005379354948857,0.00021005379354948857,0.0,0.00021005379354948857,300.1928812749556,300.25151290416136,-1.2315796136657537e-05
237,240,contact,0.0019708125566356366,-2.9187443364363415e-05,2.9187443364363415e-05,0.0001208044770783836,0.0001208044770783836,0.0,0.0001208044770783836,300.1745089824082,300.1563597536401,2.192508090705712e-06
237,248,contact,0.0018230650104974313,-0.00017693498950256876,0.00017693498950256876,0.0002974348579963088,0.0002974348579963088,0.0,0.0002974348579963088,300.1745089824082,300.0711475413705,3.0743295537339555e-05
237,249,contact,0.0019065188743099292,-9.348112569007084e-05,9.348112569007084e-05,0.00021619565870996442,0.00021619565870996442,0.0,0.00021619565870996442,300.1745089824082,300.1742995789154,4.5272126065896004e-08
237,258,contact,0.001882795717782469,-0.00011720428221753112,0.00011720428221753112,0.00024207879111720127,0.00024207879111720127,0.0,0.00024207879111720127,300.1745089824082,300.09847460810477,1.8406309414731202e-05
237,489,contact,0.002181705641373281,-6.829435862671946e-05,6.829435862671946e-05,0.00019478529294630404,0.00019478529294630404,0.0,0.00019478529294630404,300.1745089824082,300.1785483447537,-7.868083777862082e-07
238,245,contact,0.0018612055477297503,-0.0001387944522702497,0.0001387944522702497,0.00026343353267024465,0.00026343353267024465,0.0,0.00026343353267024465,300.1783887617286,300.06590417322815,2.9632212519639914e-05
238,250,contact,0.001918463226752079,-8.15367732479211e-05,8.15367732479211e-05,0.0002019118288361545,0.0002019118288361545,0.0,0.0002019118288361545,300.1783887617286,300.2769927509037,-1.9909311784874027e-05
238,468,contact,0.0021453693560599305,-0.00010463064394006976,0.00010463064394006976,0.00024109777170737388,0.00024109777170737388,0.0,0.00024109777170737388,300.1783887617286,300.1549558443371,5.649624167697739e-06
239,253,contact,0.001965427301428369,-3.457269857163117e-05,3.457269857163117e-05,0.00013147756191006732,0.00013147756191006732,0.0,0.00013147756191006732,300.164209349873,300.0852048916242,1.0387313550576542e-05
240,248,contact,0.0019921329534372473,-7.867046562752729e-06,7.867046562752729e-06,6.271780673282799e-05,6.271780673282799e-05,0.0,6.271780673282799e-05,300.1563597536401,300.0711475413705,5.344323060401234e-06
240,259,contact,0.001990561390895794,-9.438609104205943e-06,9.438609104205943e-06,6.869719464507245e-05,6.869719464507245e-05,0.0,6.869719464507245e-05,300.1563597536401,300.232249021376,-5.213379797123384e-06
241,464,contact,0.0021096485490242215,-0.0001403514509757788,0.0001403514509757788,0.000279236509647068,0.000279236509647068,0.0,0.000279236509647068,300.3449724988925,300.2595222011179,2.386084289888971e-05
241,471,contact,0.002138242832316688,-0.0001117571676833122,0.0001117571676833122,0.0002491732637736599,0.0002491732637736599,0.0,0.0002491732637736599,300.3449724988925,300.4546784585552,-2.7335792024570557e-05
242,247,contact,0.0019481174468229578,-5.188255317704221e-05,5.188255317704221e-05,0.00016106295846196638,0.00016106295846196638,0.0,0.00016106295846196638,300.4858041541137,300.4381498776968,7.675338743069033e-06
242,255,contact,0.0019040982379068569,-9.590176209314316e-05,9.590176209314316e-05,0.00021897689614790776,0.00021897689614790776,0.0,0.00021897689614790776,300.4858041541137,300.4521095613507,7.3783373402029115e-06
242,486,contact,0.002172823495638797,-7.717650436120339e-05,7.717650436120339e-05,0.0002070648105213054,0.0002070648105213054,0.0,0.0002070648105213054,300.4858041541137,300.5357097298218,-1.0333688577959297e-05
243,448,contact,0.002102166852107606,-0.00014783314789239407,0.00014783314789239407,0.0002865824952904235,0.0002865824952904235,0.0,0.0002865824952904235,300.22302023573275,300.0740788602559,4.2683991036144145e-05
243,454,contact,0.0022036424652152617,-4.635753478473854e-05,4.635753478473854e-05,0.00016048110789598072,0.00016048110789598072,0.0,0.00016048110789598072,300.22302023573275,300.26735684069035,-7.115187483943211e-06
243,484,contact,0.002187404169329482,-6.25958306705184e-05,6.25958306705184e-05,0.0001864817993360782,0.0001864817993360782,0.0,0.0001864817993360782,300.22302023573275,300.22942845352776,-1.1950159849514365e-06
244,246,contact,0.0019249149697584044,-7.50850302415956e-05,7.50850302415956e-05,0.00019375890978429302,0.00019375890978429302,0.0,0.00019375890978429302,300.4484433410628,300.3538408458432,1.8330076336621522e-05
245,248,contact,0.001956018465378076,-4.3981534621924216e-05,4.3981534621924216e-05,0.00014829284308746026,0.00014829284308746026,0.0,0.00014829284308746026,300.06590417322815,300.0711475413705,-7.775539691867938e-07
247,486,contact,0.0021775920939000495,-7.240790609995074e-05,7.240790609995074e-05,0.00020056573610657588,0.00020056573610657588,0.0,0.00020056573610657588,300.4381498776968,300.5357097298218,-1.956716355590258e-05
247,500,contact,0.0020765646535806782,-0.00017343534641932204,0.00017343534641932204,0.00031040774834555383,0.00031040774834555383,0.0,0.00031040774834555383,300.4381498776968,300.3282806046259,3.410427366630055e-05
248,258,contact,0.001887546302584389,-0.00011245369741561114,0.00011245369741561114,0.0002371220122801879,0.0002371220122801879,0.0,0.0002371220122801879,300.0711475413705,300.09847460810477,-6.479849053739027e-06
250,252,contact,0.001977249425496187,-2.2750574503813212e-05,2.2750574503813212e-05,0.00010665499168771524,0.00010665499168771524,0.0,0.00010665499168771524,300.2769927509037,300.26012791327764,1.7987191168189766e-06
250,257,contact,0.001803827544306829,-0.00019617245569317101,0.00019617245569317101,0.0003131872089447229,0.0003131872089447229,0.0,0.0003131872089447229,300.2769927509037,300.383120026872,-3.3237705353428694e-05
250,470,contact,0.0021593990823192,-9.060091768080042e-05,9.060091768080042e-05,0.00022435205182034826,0.00022435205182034826,0.0,0.00022435205182034826,300.2769927509037,300.28453309834504,-1.6916924199081779e-06
251,257,contact,0.001972406543312002,-2.7593456687997984e-05,2.7593456687997984e-05,0.00011745947532659506,0.00011745947532659506,0.0,0.00011745947532659506,300.37130795693656,300.383120026872,-1.3874395371384084e-06
251,500,contact,0.0022318061663995463,-1.819383360045397e-05,1.819383360045397e-05,0.00010053698490399212,0.00010053698490399212,0.0,0.00010053698490399212,300.37130795693656,300.3282806046259,4.3258402697169274e-06
252,460,contact,0.0021674940011143563,-8.250599888564398e-05,8.250599888564398e-05,0.0002140949930464979,0.0002140949930464979,0.0,0.0002140949930464979,300.26012791327764,300.36579870936015,-2.262358835250213e-05
252,468,contact,0.002200324986895346,-4.967501310465441e-05,4.967501310465441e-05,0.00016612413883173566,0.00016612413883173566,0.0,0.00016612413883173566,300.26012791327764,300.1549558443371,1.7471619381897956e-05
252,490,contact,0.0021767132774367886,-7.328672256321162e-05,7.328672256321162e-05,0.00020177920078256553,0.00020177920078256553,0.0,0.00020177920078256553,300.26012791327764,300.2108624439454,9.940747028034663e-06
254,255,contact,0.0018455257507008676,-0.00015447424929913248,0.00015447424929913248,0.0002779156790279495,0.0002779156790279495,0.0,0.0002779156790279495,300.32448619180127,300.4521095613507,-3.546853540816748e-05
254,260,contact,0.0019153782862400845,-8.462171375991554e-05,8.462171375991554e-05,0.00020569603029703263,0.00020569603029703263,0.0,0.00020569603029703263,300.32448619180127,300.25151290416136,1.5010315585253246e-05
254,495,contact,0.0020960191763435758,-0.0001539808236564245,0.0001539808236564245,0.00029248060111971007,0.00029248060111971007,0.0,0.00029248060111971007,300.32448619180127,300.3382761008818,-4.033280897255151e-06
256,462,contact,0.002135514243127402,-0.00011448575687259812,0.00011448575687259812,0.00025219674514663054,0.00025219674514663054,0.0,0.00025219674514663054,300.4592665305617,300.409798725355,1.2475619462674461e-05
256,495,contact,0.0021960016196943028,-5.3998380305697504e-05,5.3998380305697504e-05,0.00017320248315146048,0.00017320248315146048,0.0,0.00017320248315146048,300.4592665305617,300.3382761008818,2.0955842858124466e-05
257,460,contact,0.002040401135531051,-0.0002095988644689492,0.0002095988644689492,0.00034123864610249036,0.00034123864610249036,0.0,0.00034123864610249036,300.383120026872,300.36579870936015,5.910702936457649e-06
257,476,contact,0.0020524571533895642,-0.00019754284661043604,0.00019754284661043604,0.00033127937740627124,0.00033127937740627124,0.0,0.00033127937740627124,300.383120026872,300.4497272402207,-2.2065596168915744e-05
258,443,contact,0.002054818836394099,-0.0001951811636059014,0.0001951811636059014,0.00032929315173725723,0.00032929315173725723,0.0,0.00032929315173725723,300.09847460810477,300.0875573053455,3.5949930340643705e-06
261,302,contact,0.0018546453078033555,-0.0001453546921966445,0.0001453546921966445,0.00026958736264580776,0.00026958736264580776,0.0,0.00026958736264580776,300.727314513638,300.83985972171547,-3.034076582402324e-05
261,305,contact,0.0019023335780427146,-9.766642195728546e-05,9.766642195728546e-05,0.00022098237707709347,0.00022098237707709347,0.0,0.00022098237707709347,300.727314513638,300.67870528195203,1.0741783565860523e-05
261,307,contact,0.001957105687279305,-4.289431272069518e-05,4.289431272069518e-05,0.0001464484768112922,0.0001464484768112922,0.0,0.0001464484768112922,300.727314513638,300.70019757186355,3.971234818651028e-06
261,436,contact,0.002185398930280899,-6.460106971910122e-05,6.460106971910122e-05,0.00018944519834843652,0.00018944519834843652,0.0,0.00018944519834843652,300.727314513638,300.73351971350485,-1.1755453195626687e-06
262,273,contact,0.0018962776057054505,-0.00010372239429454959,0.00010372239429454959,0.00022773053626440787,0.00022773053626440787,0.0,0.00022773053626440787,300.5603860640608,300.55429390998347,1.3873695150404608e-06
262,283,contact,0.0019256182840064646,-7.43817159935354e-05,7.43817159935354e-05,0.00019284931422426085,0.00019284931422426085,0.0,0.00019284931422426085,300.5603860640608,300.54982987984135,2.0357528875492657e-06
262,297,contact,0.001929859974687283,-7.014002531271699e-05,7.014002531271699e-05,0.00018726989255178872,0.00018726989255178872,0.0,0.00018726989255178872,300.5603860640608,300.57066886656935,-1.925659320903173e-06
262,319,contact,0.0018567562457684095,-0.00014324375423159052,0.00014324375423159052,0.00026762263939322334,0.00026762263939322334,0.0,0.00026762263939322334,300.5603860640608,300.55753578618845,7.627988872075285e-07
262,368,contact,0.001943173905573045,-5.6826094426955026e-05,5.6826094426955026e-05,0.0001685617015026768,0.0001685617015026768,0.0,0.0001685617015026768,300.5603860640608,300.4788277646792,1.3747605715434054e-05
262,406,contact,0.00214179284955385,-0.00010820715044615025,0.00010820715044615025,0.00024518377511816437,0.00024518377511816437,0.0,0.00024518377511816437,300.5603860640608,300.62567532586706,-1.6007867684332693e-05
263,272,contact,0.001949527787055112,-5.047221294488804e-05,5.047221294488804e-05,0.00015885876265552372,0.00015885876265552372,0.0,0.00015885876265552372,300.6917129080429,300.67106768381325,3.2796747758708564e-06
263,276,contact,0.0019716284511540195,-2.8371548845980508e-05,2.8371548845980508e-05,0.00011910404872627233,0.00011910404872627233,0.0,0.00011910404872627233,300.6917129080429,300.81075853691266,-1.4178816381551472e-05
263,406,contact,0.0022009685465721675,-4.903145342783277e-05,4.903145342783277e-05,0.00016504452838187633,0.00016504452838187633,0.0,0.00016504452838187633,300.6917129080429,300.62567532586706,1.089914160569291e-05
264,279,contact,0.0019211447942863974,-7.885520571360269e-05,7.885520571360269e-05,0.0001985638508309137,0.0001985638508309137,0.0,0.0001985638508309137,300.87424917380906,300.92945395766264,-1.0961674466255636e-05
264,395,contact,0.0019525399979879105,-4.7460002012089534e-05,4.7460002012089534e-05,0.00015404545110468134,0.00015404545110468134,0.0,0.00015404545110468134,300.87424917380906,300.9320586984998,-8.905294309134372e-06
264,422,contact,0.0021914285890062895,-5.8571410993710736e-05,5.8571410993710736e-05,0.0001803875626928967,0.0001803875626928967,0.0,0.0001803875626928967,300.87424917380906,300.76411425941257,1.9866968775374858e-05
265,285,contact,0.001900234795860764,-9.976520413923604e-05,9.976520413923604e-05,0.0002233441337255537,0.0002233441337255537,0.0,0.0002233441337255537,300.73026927583305,300.652749585601,1.7313568061554012e-05
265,287,contact,0.0018244457904799478,-0.0001755542095200522,0.0001755542095200522,0.00029627201143548156,0.00029627201143548156,0.0,0.00029627201143548156,300.73026927583305,300.62610893893367,3.08597925249777e-05
265,298,contact,0.0019194578614285848,-8.054213857141526e-05,8.054213857141526e-05,0.0002006765289855982,0.0002006765289855982,0.0,0.0002006765289855982,300.73026927583305,300.7709966296502,-8.173023998793342e-06
265,308,contact,0.0019178428369916042,-8.215716300839586e-05,8.215716300839586e-05,0.00020267851761890783,0.00020267851761890783,0.0,0.00020267851761890783,300.73026927583305,300.75735523789103,-5.4897426381936334e-06
265,309,contact,0.0019958189295875505,-4.181070412449545e-06,4.181070412449545e-06,4.572237096022878e-05,4.572237096022878e-05,0.0,4.572237096022878e-05,300.73026927583305,300.852532062097,-5.590144468191285e-06
265,313,contact,0.0018444512720589832,-0.00015554872794101685,0.00015554872794101685,0.00027888055502402534,0.00027888055502402534,0.0,0.00027888055502402534,300.73026927583305,300.8339711975347,-2.8920449481215947e-05
266,284,contact,0.001919642405501608,-8.0357594498392e-05,8.0357594498392e-05,0.00020044649472913216,0.00020044649472913216,0.0,0.00020044649472913216,300.58509452439773,300.56281705996423,4.465439657148072e-06
266,305,contact,0.001930082092684143,-6.991790731585706e-05,6.991790731585706e-05,0.00018697313619322036,0.00018697313619322036,0.0,0.00018697313619322036,300.58509452439773,300.67870528195203,-1.7502696921351025e-05
266,485,contact,0.0021681313494574072,-8.186865054259302e-05,8.186865054259302e-05,0.0002132664615798131,0.0002132664615798131,0.0,0.0002132664615798131,300.58509452439773,300.495865644669,1.9029527450481353e-05
267,268,contact,0.0018829847664014702,-0.00011701523359852989,0.00011701523359852989,0.00024188347773104502,0.00024188347773104502,0.0,0.00024188347773104502,300.59162773510167,300.65696823365386,-1.5804787026483745e-05
267,273,contact,0.0019258499041721817,-7.415009582781838e-05,7.415009582781838e-05,0.00019254881955989547,0.00019254881955989547,0.0,0.00019254881955989547,300.59162773510167,300.55429390998347,7.1885839561642676e-06
267,293,contact,0.0019162067686447613,-8.379323135523876e-05,8.379323135523876e-05,0.00020468662798927385,0.00020468662798927385,0.0,0.00020468662798927385,300.59162773510167,300.6193455829556,-5.6734728123388784e-06
267,311,contact,0.0019080504478917737,-9.194955210822635e-05,9.194955210822635e-05,0.00021441729420481264,0.00021441729420481264,0.0,0.00021441729420481264,300.59162773510167,300.5249835031816,1.4289675882658455e-05
268,272,contact,0.001902188871458353,-9.781112854164711e-05,9.781112854164711e-05,0.0002211460247683045,0.0002211460247683045,0.0,0.0002211460247683045,300.65696823365386,300.67106768381325,-3.1180373541684425e-06
268,281,contact,0.0019074725577580404,-9.252744224195965e-05,9.252744224195965e-05,0.0002150900302686757,0.0002150900302686757,0.0,0.0002150900302686757,300.65696823365386,300.7603936216393,-2.2245769832340658e-05
268,315,contact,0.0019819874470086837,-1.8012552991316343e-05,1.8012552991316343e-05,9.490140407632636e-05,9.490140407632636e-05,0.0,9.490140407632636e-05,300.65696823365386,300.6809317995089,-2.2741760463216217e-06
268,319,contact,0.0019513726210029696,-4.862737899703046e-05,4.862737899703046e-05,0.0001559284755858122,0.0001559284755858122,0.0,0.0001559284755858122,300.65696823365386,300.55753578618845,1.5504349957046736e-05
268,403,contact,0.0022305151658305314,-1.948483416946891e-05,1.948483416946891e-05,0.0001040428174932185,0.0001040428174932185,0.0,0.0001040428174932185,300.65696823365386,300.69225326186825,-3.671153750752746e-06
269,272,contact,0.0019382480652898899,-6.175193471011017e-05,6.175193471011017e-05,0.00017571558654557395,0.00017571558654557395,0.0,0.00017571558654557395,300.6348491245501,300.67106768381325,-6.364165384759621e-06
269,283,contact,0.0018810414464333312,-0.0001189585535666688,0.0001189585535666688,0.00024388373620094967,0.00024388373620094967,0.0,0.00024388373620094967,300.6348491245501,300.54982987984135,2.0734811048551932e-05
269,297,contact,0.001930138471250185,-6.986152874981504e-05,6.986152874981504e-05,0.000186897737746896,0.000186897737746896,0.0,0.000186897737746896,300.6348491245501,300.57066886656935,1.1995145024614675e-05
269,320,contact,0.001916436620319076,-8.356337968092411e-05,8.356337968092411e-05,0.0002044056991388989,0.0002044056991388989,0.0,0.0002044056991388989,300.6348491245501,300.7441809096752,-2.234803997660141e-05
270,296,contact,0.0019665814547086525,-3.341854529134757e-05,3.341854529134757e-05,0.00012926435179767771,0.00012926435179767771,0.0,0.00012926435179767771,300.81086703902247,300.89415030147825,-1.0765556936942212e-05
270,308,contact,0.0019181003300140478,-8.189966998595221e-05,8.189966998595221e-05,0.0002023606557435909,0.0002023606557435909,0.0,0.0002023606557435909,300.81086703902247,300.75735523789103,1.0828683166977872e-05
270,314,contact,0.0019016685208784413,-9.833147912155873e-05,9.833147912155873e-05,0.0002217334876846061,0.0002217334876846061,0.0,0.0002217334876846061,300.81086703902247,300.84595681072165,-7.780577460915038e-06
270,320,contact,0.0019511714704248825,-4.882852957511759e-05,4.882852957511759e-05,0.0001562506473188473,0.0001562506473188473,0.0,0.0001562506473188473,300.81086703902247,300.7441809096752,1.0419750877697864e-05
270,408,contact,0.0022082898175058456,-4.1710182494154695e-05,4.1710182494154695e-05,0.00015222458279746975,0.00015222458279746975,0.0,0.00015222458279746975,300.81086703902247,300.92360749011675,-1.7161868132225683e-05
270,412,contact,0.0021549472968845408,-9.50527031154595e-05,9.50527031154595e-05,0.00022979786179676777,0.00022979786179676777,0.0,0.00022979786179676777,300.81086703902247,300.74794404934664,1.4459568485364933e-05
271,276,contact,0.0018780776869991298,-0.00012192231300087023,0.00012192231300087023,0.0002469031318157692,0.0002469031318157692,0.0,0.0002469031318157692,300.94269452131493,300.81075853691266,3.257540774811832e-05
271,280,contact,0.001893853081958577,-0.00010614691804142293,0.00010614691804142293,0.0002303767762182453,0.0002303767762182453,0.0,0.0002303767762182453,300.94269452131493,300.93715774248,1.275545258626243e-06
271,312,contact,0.0019208485412796085,-7.91514587203915e-05,7.91514587203915e-05,0.00019893649579751763,0.00019893649579751763,0.0,0.00019893649579751763,300.94269452131493,300.94425688895285,-3.1081194303453255e-07
271,316,contact,0.0019208893951177925,-7.911060488220755e-05,7.911060488220755e-05,0.00019888514887015513,0.00019888514887015513,0.0,0.00019888514887015513,300.94269452131493,300.9325178351606,2.0239917408132254e-06
272,287,contact,0.0019832726419481512,-1.672735805184882e-05,1.672735805184882e-05,9.145315208304419e-05,9.145315208304419e-05,0.0,9.145315208304419e-05,300.67106768381325,300.62610893893367,4.11161893293498e-06
272,292,contact,0.0019510801434333752,-4.891985656662484e-05,4.891985656662484e-05,0.00015639670163821365,0.00015639670163821365,0.0,0.00015639670163821365,300.67106768381325,300.6635618788489,1.1738831395645462e-06
272,297,contact,0.001953544760633859,-4.645523936614099e-05,4.645523936614099e-05,0.00015240610120028167,0.00015240610120028167,0.0,0.00015240610120028167,300.67106768381325,300.57066886656935,1.530139230126232e-05
272,308,contact,0.0019462670503556287,-5.37329496443713e-05,5.37329496443713e-05,0.00016390995949662623,0.00016390995949662623,0.0,0.00016390995949662623,300.67106768381325,300.75735523789103,-1.4143389493952683e-05
272,320,contact,0.0019401661822380058,-5.983381776199421e-05,5.983381776199421e-05,0.0001729650510392117,0.0001729650510392117,0.0,0.0001729650510392117,300.67106768381325,300.7441809096752,-1.2646032842855248e-05
273,306,contact,0.0019019583412104488,-9.804165878955122e-05,9.804165878955122e-05,0.00022140648001983955,0.00022140648001983955,0.0,0.00022140648001983955,300.55429390998347,300.4758697891285,1.73636085471444e-05
273,403,contact,0.002204945031355658,-4.5054968644342355e-05,4.5054968644342355e-05,0.00015821042360017167,0.00015821042360017167,0.0,0.00015821042360017167,300.55429390998347,300.69225326186825,-2.182660750129526e-05
273,406,contact,0.0022241988062895813,-2.580119371041901e-05,2.580119371041901e-05,0.00011972466957894826,0.00011972466957894826,0.0,0.00011972466957894826,300.55429390998347,300.62567532586706,-8.546116430740665e-06
273,442,contact,0.0021461527957953048,-0.00010384720420469548,0.00010384720420469548,0.00024019344542437212,0.00024019344542437212,0.0,0.00024019344542437212,300.55429390998347,300.46442855658967,2.15850688559367e-05
274,286,contact,0.0019026917706035252,-9.730822939647485e-05,9.730822939647485e-05,0.00022057677733215123,0.00022057677733215123,0.0,0.00022057677733215123,300.8262257366529,300.8283093252859,-4.5959126595597116e-07
274,294,contact,0.001922785588902221,-7.721441109777901e-05,7.721441109777901e-05,0.0001964871638272829,0.0001964871638272829,0.0,0.0001964871638272829,300.8262257366529,300.8952340679494,-1.35592512969059e-05
274,300,contact,0.001945195100124664,-5.4804899875336016e-05,5.4804899875336016e-05,0.00016553685371441615,0.00016553685371441615,0.0,0.00016553685371441615,300.8262257366529,300.7795125137292,7.732759949649355e-06
275,276,contact,0.0019248623769246467,-7.513762307535332e-05,7.513762307535332e-05,0.00019382675650610434,0.00019382675650610434,0.0,0.00019382675650610434,300.8495424999127,300.81075853691266,7.517369752745553e-06
275,312,contact,0.001907816406330546,-9.218359366945411e-05,9.218359366945411e-05,0.00021469000171113478,0.00021469000171113478,0.0,0.00021469000171113478,300.8495424999127,300.94425688895285,-2.0334232345104814e-05
275,316,contact,0.0019502513962266505,-4.9748603773349526e-05,4.9748603773349526e-05,0.00015771588977232055,0.00015771588977232055,0.0,0.00015771588977232055,300.8495424999127,300.9325178351606,-1.3086528827780526e-05
275,320,contact,0.0018791132733020643,-0.00012088672669793572,0.00012088672669793572,0.00024585232020253107,0.00024585232020253107,0.0,0.00024585232020253107,300.8495424999127,300.7441809096752,2.5903391420108994e-05
276,281,contact,0.0018859091399640658,-0.00011409086003593425,0.00011409086003593425,0.00023884185147910557,0.00023884185147910557,0.0,0.00023884185147910557,300.81075853691266,300.7603936216393,1.2029249613474895e-05
276,317,contact,0.0019338855464065081,-6.61144535934919e-05,6.61144535934919e-05,0.0001818164645920329,0.0001818164645920329,0.0,0.0001818164645920329,300.81075853691266,300.81244173142915,-3.0603247620856786e-07
276,389,contact,0.001915966986902436,-8.403301309756412e-05,8.403301309756412e-05,0.00020497928321852932,0.00020497928321852932,0.0,0.00020497928321852932,300.81075853691266,300.84452023871984,-6.920449436673407e-06
276,416,contact,0.0021268392282210702,-0.00012316077177893002,0.00012316077177893002,0.0002615772371371302,0.0002615772371371302,0.0,0.0002615772371371302,300.81075853691266,300.73005123359394,2.1111193418898595e-05
277,308,contact,0.001958631070854335,-4.136892914566488e-05,4.136892914566488e-05,0.00014382094622422854,0.00014382094622422854,0.0,0.00014382094622422854,300.77208099296035,300.75735523789103,2.1178720279360006e-06
277,310,contact,0.0018569444975938291,-0.00014305550240617092,0.00014305550240617092,0.00026744672591580827,0.00026744672591580827,0.0,0.00026744672591580827,300.77208099296035,300.74175574255037,8.110388934728139e-06
277,401,contact,0.0021301984293450225,-0.00011980157065497781,0.00011980157065497781,0.00025798532543858837,0.00025798532543858837,0.0,0.00025798532543858837,300.77208099296035,300.654945378803,3.021926953883242e-05
277,408,contact,0.0020633784170956135,-0.00018662158290438675,0.00018662158290438675,0.0003219917035718525,0.0003219917035718525,0.0,0.0003219917035718525,300.77208099296035,300.92360749011675,-4.879027495566359e-05
277,412,contact,0.002092787616394415,-0.00015721238360558512,0.00015721238360558512,0.0002955337766046615,0.0002955337766046615,0.0,0.0002955337766046615,300.77208099296035,300.74794404934664,7.133282101854071e-06
277,422,contact,0.00220851447126656,-4.1485528733440236e-05,4.1485528733440236e-05,0.00015181408354636387,0.00015181408354636387,0.0,0.00015181408354636387,300.77208099296035,300.76411425941257,1.2094623524157073e-06
278,311,contact,0.0019495338423582182,-5.0466157641781886e-05,5.0466157641781886e-05,0.00015884923298804734,0.00015884923298804734,0.0,0.00015884923298804734,300.55325889920675,300.5249835031816,4.491524971028545e-06
278,340,contact,0.001869431498638022,-0.00013056850136197794,0.00013056850136197794,0.00025550782900136146,0.00025550782900136146,0.0,0.00025550782900136146,300.55325889920675,300.50727365611107,1.1749589629478511e-05
278,434,contact,0.0020851707154091723,-0.00016482928459082792,0.00016482928459082792,0.000302608368642842,0.000302608368642842,0.0,0.000302608368642842,300.55325889920675,300.67759247421805,-3.762438030169948e-05
278,479,contact,0.00218895520150596,-6.10447984940401e-05,6.10447984940401e-05,0.0001841569356313614,0.0001841569356313614,0.0,0.0001841569356313614,300.55325889920675,300.4645526326533,1.633587421978366e-05
278,486,contact,0.002101100460614266,-0.00014889953938573407,0.00014889953938573407,0.00028761426655402164,0.00028761426655402164,0.0,0.00028761426655402164,300.55325889920675,300.5357097298218,5.0473914812845235e-06
279,301,contact,0.0019033480004980697,-9.665199950193034e-05,9.665199950193034e-05,0.00021983175328183408,0.00021983175328183408,0.0,0.00021983175328183408,300.92945395766264,300.94367867529405,-3.1270446168512634e-06
279,302,contact,0.0018547490770584028,-0.00014525092294159726,0.00014525092294159726,0.00026949111575485867,0.00026949111575485867,0.0,0.00026949111575485867,300.92945395766264,300.83985972171547,2.4144850610608162e-05
279,309,contact,0.00190341759802966,-9.658240197034005e-05,9.658240197034005e-05,0.0002197525903946755,0.0002197525903946755,0.0,0.0002197525903946755,300.92945395766264,300.852532062097,1.690378580861963e-05
280,389,contact,0.001976603561946603,-2.3396438053397122e-05,2.3396438053397122e-05,0.00010815830539860802,0.00010815830539860802,0.0,0.00010815830539860802,300.93715774248,300.84452023871984,1.0019515423055953e-05
280,399,contact,0.0018376495003400402,-0.0001623504996599598,0.0001623504996599598,0.00028491270563100535,0.00028491270563100535,0.0,0.00028491270563100535,300.93715774248,300.8521374518846,2.4223361027076393e-05
280,420,contact,0.0021644373268126754,-8.556267318732486e-05,8.556267318732486e-05,0.00021802481151786992,0.00021802481151786992,0.0,0.00021802481151786992,300.93715774248,300.923140347466,3.0561399058944525e-06
281,304,contact,0.0019723064921558214,-2.7693507844178678e-05,2.7693507844178678e-05,0.00011767223088770493,0.00011767223088770493,0.0,0.00011767223088770493,300.7603936216393,300.80854767710616,-5.66639513307484e-06
281,313,contact,0.0018673967846175592,-0.00013260321538244085,0.00013260321538244085,0.0002574909856504115,0.0002574909856504115,0.0,0.0002574909856504115,300.7603936216393,300.8339711975347,-1.8945562539074288e-05
281,403,contact,0.0021696634098403375,-8.033659015966275e-05,8.033659015966275e-05,0.00021126154164350505,0.00021126154164350505,0.0,0.00021126154164350505,300.7603936216393,300.69225326186825,1.4395437453378084e-05
282,406,contact,0.002155507685836448,-9.449231416355222e-05,9.449231416355222e-05,0.00022911946685269313,0.00022911946685269313,0.0,0.00022911946685269313,300.6598461118593,300.62567532586706,7.82919226847416e-06
282,416,contact,0.0021454250635713195,-0.00010457493642868076,0.00010457493642868076,0.00024103358045057257,0.00024103358045057257,0.0,0.00024103358045057257,300.6598461118593,300.73005123359394,-1.6921791857673246e-05
284,285,contact,0.0019089794891512062,-9.102051084879386e-05,9.102051084879386e-05,0.0002133313278081701,0.0002133313278081701,0.0,0.0002133313278081701,300.56281705996423,300.652749585601,-1.9185425107231175e-05
284,293,contact,0.0018643368637936654,-0.00013566313620633468,0.00013566313620633468,0.00026044494255632485,0.00026044494255632485,0.0,0.00026044494255632485,300.56281705996423,300.6193455829556,-1.4722567923277868e-05
284,334,contact,0.0018593421704392679,-0.00014065782956073215,0.00014065782956073215,0.0002651959931453831,0.0002651959931453831,0.0,0.0002651959931453831,300.56281705996423,300.47891976070065,2.224922760042135e-05
284,376,contact,0.0018843115890159994,-0.0001156884109840006,0.0001156884109840006,0.00024050822333550323,0.00024050822333550323,0.0,0.00024050822333550323,300.56281705996423,300.48712507064334,1.820454587229651e-05
284,433,contact,0.0021809798354409434,-6.902016455905685e-05,6.902016455905685e-05,0.00019581760867231195,0.00019581760867231195,0.0,0.00019581760867231195,300.56281705996423,300.57344092979565,-2.0803407852345924e-06
285,293,contact,0.0019345384761487684,-6.546152385123166e-05,6.546152385123166e-05,0.00018091645012440364,0.00018091645012440364,0.0,0.00018091645012440364,300.652749585601,300.6193455829556,6.043333578551534e-06
285,298,contact,0.001978409540615896,-2.1590459384104258e-05,2.1590459384104258e-05,0.000103900094764404,0.000103900094764404,0.0,0.000103900094764404,300.652749585601,300.7709966296502,-1.2285879082323831e-05
285,305,contact,0.001920023903106417,-7.997609689358305e-05,7.997609689358305e-05,0.0001999701188847762,0.0001999701188847762,0.0,0.0001999701188847762,300.652749585601,300.67870528195203,-5.190363685056153e-06
285,433,contact,0.0022238397011925116,-2.6160298807488633e-05,2.6160298807488633e-05,0.0001205549639686964,0.0001205549639686964,0.0,0.0001205549639686964,300.652749585601,300.57344092979565,9.561052143017862e-06
286,298,contact,0.001912810219154007,-8.7189780845993e-05,8.7189780845993e-05,0.0002087938946018214,0.0002087938946018214,0.0,0.0002087938946018214,300.8283093252859,300.7709966296502,1.1966540931903964e-05
286,304,contact,0.0019427952324679002,-5.720476753209988e-05,5.720476753209988e-05,0.00016912239285810126,0.00016912239285810126,0.0,0.00016912239285810126,300.8283093252859,300.80854767710616,3.3421372269748696e-06
286,418,contact,0.0021836589224968265,-6.634107750317373e-05,6.634107750317373e-05,0.0001919795670597,0.0001919795670597,0.0,0.0001919795670597,300.8283093252859,300.8145683762067,2.6379814552127465e-06
286,420,contact,0.0021821886616422517,-6.781133835774859e-05,6.781133835774859e-05,0.00019409524918015064,0.00019409524918015064,0.0,0.00019409524918015064,300.8283093252859,300.923140347466,-1.8406250880060866e-05
287,319,contact,0.0018235775138995326,-0.00017642248610046747,0.00017642248610046747,0.0002970037761548391,0.0002970037761548391,0.0,0.0002970037761548391,300.62610893893367,300.55753578618845,2.0366485308171794e-05
287,401,contact,0.002162363877675541,-8.763612232445947e-05,8.763612232445947e-05,0.0002206507072834794,0.0002206507072834794,0.0,0.0002206507072834794,300.62610893893367,300.654945378803,-6.3627808527068396e-06
287,407,contact,0.0021965627944586516,-5.343720554134863e-05,5.343720554134863e-05,0.00017230013468323333,0.00017230013468323333,0.0,0.00017230013468323333,300.62610893893367,300.58512405431753,7.061701139337131e-06
287,433,contact,0.00212451739762234,-0.00012548260237766045,0.00012548260237766045,0.0002640313558585003,0.0002640313558585003,0.0,0.0002640313558585003,300.62610893893367,300.57344092979565,1.3906005863078556e-05
288,298,contact,0.001932427263521191,-6.757273647880905e-05,6.757273647880905e-05,0.0001838106858683807,0.0001838106858683807,0.0,0.0001838106858683807,300.8562974529587,300.7709966296502,1.5679202837473055e-05
288,300,contact,0.0019117251760466488,-8.827482395335124e-05,8.827482395335124e-05,0.00021008905725114678,0.00021008905725114678,0.0,0.00021008905725114678,300.8562974529587,300.7795125137292,1.613167549381774e-05
288,301,contact,0.0019244756518930035,-7.552434810699656e-05,7.552434810699656e-05,0.00019432491876622071,0.00019432491876622071,0.0,0.00019432491876622071,300.8562974529587,300.94367867529405,-1.6980348932010446e-05
288,302,contact,0.0019055689485557854,-9.443105144421463e-05,9.443105144421463e-05,0.0002172913383503984,0.0002172913383503984,0.0,0.0002172913383503984,300.8562974529587,300.83985972171547,3.5717766212854603e-06
289,290,contact,0.0019273817328487308,-7.26182671512692e-05,7.26182671512692e-05,0.00019054955674478646,0.00019054955674478646,0.0,0.00019054955674478646,300.690862370474,300.61693960902574,1.4085949427318993e-05
289,293,contact,0.0018716003692562154,-0.00012839963074378464,0.00012839963074378464,0.00025337682485162747,0.00025337682485162747,0.0,0.00025337682485162747,300.690862370474,300.6193455829556,1.812069654500558e-05
289,298,contact,0.0018565172777273043,-0.00014348272227269576,0.00014348272227269576,0.0002678457786420161,0.0002678457786420161,0.0,0.0002678457786420161,300.690862370474,300.7709966296502,-2.146362304494797e-05
289,300,contact,0.0019082285961837103,-9.177140381628969e-05,9.177140381628969e-05,0.00021420948136846054,0.00021420948136846054,0.0,0.00021420948136846054,300.690862370474,300.7795125137292,-1.898970120992871e-05
289,434,contact,0.002178806990855316,-7.119300914468435e-05,7.119300914468435e-05,0.00019887602104589396,0.00019887602104589396,0.0,0.00019887602104589396,300.690862370474,300.67759247421805,2.6390641670777225e-06
290,307,contact,0.0019386661306382798,-6.13338693617202e-05,6.13338693617202e-05,0.00017511977238695835,0.00017511977238695835,0.0,0.00017511977238695835,300.61693960902574,300.70019757186355,-1.4580115501560847e-05
290,334,contact,0.0019137253781368424,-8.627462186315766e-05,8.627462186315766e-05,0.00020769523569783404,0.00020769523569783404,0.0,0.00020769523569783404,300.61693960902574,300.47891976070065,2.8666064928858147e-05
291,309,contact,0.0019040463802848923,-9.595361971510776e-05,9.595361971510776e-05,0.00021903609259104739,0.00021903609259104739,0.0,0.00021903609259104739,300.9353237047602,300.852532062097,1.8134357908143782e-05
291,312,contact,0.001909743933474852,-9.025606652514795e-05,9.025606652514795e-05,0.000212433597301778,0.000212433597301778,0.0,0.000212433597301778,300.9353237047602,300.94425688895285,-1.8977084534023893e-06
291,313,contact,0.0018257066658518835,-0.00017429333414811657,0.00017429333414811657,0.0002952061433541963,0.0002952061433541963,0.0,0.0002952061433541963,300.9353237047602,300.8339711975347,2.9919882777317953e-05
291,408,contact,0.002113561063635494,-0.00013643893636450634,0.00013643893636450634,0.0002753169248182763,0.0002753169248182763,0.0,0.0002753169248182763,300.9353237047602,300.92360749011675,3.2256721861473354e-06
292,405,contact,0.0022377288115184996,-1.2271188481500703e-05,1.2271188481500703e-05,8.256710564242311e-05,8.256710564242311e-05,0.0,8.256710564242311e-05,300.6635618788489,300.7138759808396,-4.154289774369234e-06
292,407,contact,0.002221562506570545,-2.843749342945536e-05,2.843749342945536e-05,0.0001256925115542232,0.0001256925115542232,0.0,0.0001256925115542232,300.6635618788489,300.58512405431753,9.85904716619651e-06
292,410,contact,0.00220525105185328,-4.474894814672026e-05,4.474894814672026e-05,0.00015767221298687326,0.00015767221298687326,0.0,0.00015767221298687326,300.6635618788489,300.5863238075249,1.21782976324959e-05
292,412,contact,0.0021794201105462168,-7.05798894537835e-05,7.05798894537835e-05,0.00019801780146377342,0.00019801780146377342,0.0,0.00019801780146377342,300.6635618788489,300.74794404934664,-1.6709171884705185e-05
293,311,contact,0.0018899220119623983,-0.0001100779880376017,0.0001100779880376017,0.00023460390878841052,0.00023460390878841052,0.0,0.00023460390878841052,300.6193455829556,300.5249835031816,2.213771275638112e-05
293,315,contact,0.0019822747100238145,-1.7725289976185544e-05,1.7725289976185544e-05,9.414162197504764e-05,9.414162197504764e-05,0.0,9.414162197504764e-05,300.6193455829556,300.6809317995089,-5.797826317637691e-06
293,434,contact,0.0021661450634710504,-8.385493652894984e-05,8.385493652894984e-05,0.00021583807784868864,0.00021583807784868864,0.0,0.00021583807784868864,300.6193455829556,300.67759247421805,-1.2571897050750146e-05
294,318,contact,0.00189150345379119,-0.00010849654620880998,0.00010849654620880998,0.00023291258683120797,0.00023291258683120797,0.0,0.00023291258683120797,300.8952340679494,300.95787560633954,-1.4590002749536975e-05
294,418,contact,0.002231925051004178,-1.807494899582233e-05,1.807494899582233e-05,0.0001002079753862556,0.0001002079753862556,0.0,0.0001002079753862556,300.8952340679494,300.8145683762067,8.08334565266725e-06
294,424,contact,0.0021412542560144514,-0.00010874574398554888,0.00010874574398554888,0.0002457932102687009,0.0002457932102687009,0.0,0.0002457932102687009,300.8952340679494,300.9243009157281,-7.144433827923775e-06
295,310,contact,0.0018631335946079335,-0.00013686640539206651,0.00013686640539206651,0.0002615974057517262,0.0002615974057517262,0.0,0.0002615974057517262,300.6864573868574,300.74175574255037,-1.446590639161687e-05
295,413,contact,0.002117258019727402,-0.00013274198027259836,0.00013274198027259836,0.0002715613090922342,0.0002715613090922342,0.0,0.0002715613090922342,300.6864573868574,300.58331180867606,2.801034823800025e-05
295,432,contact,0.0022064927905841897,-4.350720941581057e-05,4.350720941581057e-05,0.0001554691991928708,0.0001554691991928708,0.0,0.0001554691991928708,300.6864573868574,300.687666192432,-1.8793203466390875e-07
295,436,contact,0.002105018799197461,-0.00014498120080253928,0.00014498120080253928,0.0002838047067209532,0.0002838047067209532,0.0,0.0002838047067209532,300.6864573868574,300.73351971350485,-1.3356509811784972e-05
296,314,contact,0.001980987867722566,-1.9012132277433907e-05,1.9012132277433907e-05,9.749905711706628e-05,9.749905711706628e-05,0.0,9.749905711706628e-05,300.89415030147825,300.84595681072165,4.698819907948826e-06
296,388,contact,0.0019818987305983944,-1.8101269401605592e-05,1.8101269401605592e-05,9.513482380707285e-05,9.513482380707285e-05,0.0,9.513482380707285e-05,300.89415030147825,300.9143836419946,-1.9248952850533624e-06
296,408,contact,0.002126519160662325,-0.00012348083933767535,0.00012348083933767535,0.0002619169072410342,0.0002619169072410342,0.0,0.0002619169072410342,300.89415030147825,300.92360749011675,-7.715335744212407e-06
296,417,contact,0.0021198704871309942,-0.00013012951286900604,0.00013012951286900604,0.0002688757590712009,0.0002688757590712009,0.0,0.0002688757590712009,300.89415030147825,300.9158114056095,-5.82414581560378e-06
297,319,contact,0.0019395448612754495,-6.045513872455057e-05,6.045513872455057e-05,0.00017386077580143052,0.00017386077580143052,0.0,0.00017386077580143052,300.57066886656935,300.55753578618845,2.2833275436852025e-06
297,328,contact,0.0019491185733300066,-5.088142666999341e-05,5.088142666999341e-05,0.00015950145245419148,0.00015950145245419148,0.0,0.00015950145245419148,300.57066886656935,300.4830859370353,1.3969604470874221e-05
297,381,contact,0.00188001599378835,-0.00011998400621164996,0.00011998400621164996,0.00024493265014249323,0.00024493265014249323,0.0,0.00024493265014249323,300.57066886656935,300.5081807523076,1.5305379428531356e-05
297,407,contact,0.002181683716055102,-6.83162839448981e-05,6.83162839448981e-05,0.00019481655751115958,0.00019481655751115958,0.0,0.00019481655751115958,300.57066886656935,300.58512405431753,-2.8161099152785236e-06
297,410,contact,0.0021665222953849332,-8.347770461506702e-05,8.347770461506702e-05,0.0002153520433242418,0.0002153520433242418,0.0,0.0002153520433242418,300.57066886656935,300.5863238075249,-3.37132352289336e-06
298,309,contact,0.0018497394196210447,-0.00015026058037895533,0.00015026058037895533,0.00027409905178507577,0.00027409905178507577,0.0,0.00027409905178507577,300.7709966296502,300.852532062097,-2.2348784720553694e-05
298,315,contact,0.0019839349497652384,-1.6065050234761666e-05,1.6065050234761666e-05,8.962435560371318e-05,8.962435560371318e-05,0.0,8.962435560371318e-05,300.7709966296502,300.6809317995089,8.072002363969475e-06
299,319,contact,0.0018955962823871547,-0.00010440371761284532,0.00010440371761284532,0.00022847726102704982,0.00022847726102704982,0.0,0.00022847726102704982,300.4461339275457,300.55753578618845,-2.545279153601822e-05
299,328,contact,0.0019502748142249087,-4.9725185775091304e-05,4.9725185775091304e-05,0.00015767876485927218,0.00015767876485927218,0.0,0.00015767876485927218,300.4461339275457,300.4830859370353,-5.8265472153876166e-06
299,339,contact,0.0019409531340555343,-5.9046865944465754e-05,5.9046865944465754e-05,0.0001718238428514299,0.0001718238428514299,0.0,0.0001718238428514299,300.4461339275457,300.34580716554615,1.7238529787604184e-05
299,361,contact,0.0019260209990807464,-7.397900091925366e-05,7.397900091925366e-05,0.00019232654642463383,0.00019232654642463383,0.0,0.00019232654642463383,300.4461339275457,300.38682509345506,1.1406663233125025e-05
299,376,contact,0.0018781665348152705,-0.0001218334651847295,0.0001218334651847295,0.000246813153199672,0.000246813153199672,0.0,0.000246813153199672,300.4461339275457,300.48712507064334,-1.0117153281188037e-05
299,379,contact,0.0018720515955763608,-0.00012794840442363923,0.00012794840442363923,0.0002529312203185277,0.0002529312203185277,0.0,0.0002529312203185277,300.4461339275457,300.39571983079696,1.2751299011914814e-05
300,307,contact,0.001935071336617852,-6.492866338214795e-05,6.492866338214795e-05,0.00018017861052598328,0.00018017861052598328,0.0,0.00018017861052598328,300.7795125137292,300.70019757186355,1.429085601929628e-05
301,309,contact,0.001847585572120815,-0.000152414427879185,0.000152414427879185,0.0002760565412005166,0.0002760565412005166,0.0,0.0002760565412005166,300.94367867529405,300.852532062097,2.516161878132014e-05
301,318,contact,0.0018791085348443823,-0.00012089146515561772,0.00012089146515561772,0.0002458571385536911,0.0002458571385536911,0.0,0.0002458571385536911,300.94367867529405,300.95787560633954,-3.4904168430881574e-06
303,399,contact,0.0019987089017163046,-1.2910982836954708e-06,1.2910982836954708e-06,2.5407659117827747e-05,2.5407659117827747e-05,0.0,2.5407659117827747e-05,300.94368949680603,300.8521374518846,2.3261231489044285e-06
303,418,contact,0.0020984646762335552,-0.00015153532376644503,0.00015153532376644503,0.00029014873941025205,0.00029014873941025205,0.0,0.00029014873941025205,300.94368949680603,300.8145683762067,3.746433037313657e-05
304,399,contact,0.0019867887289040063,-1.3211271095993696e-05,1.3211271095993696e-05,8.127506104578973e-05,8.127506104578973e-05,0.0,8.127506104578973e-05,300.80854767710616,300.8521374518846,-3.5427616060875862e-06
304,403,contact,0.002152767727136395,-9.723227286360546e-05,9.723227286360546e-05,0.0002324175754298063,0.0002324175754298063,0.0,0.0002324175754298063,300.80854767710616,300.69225326186825,2.702886602562375e-05
304,420,contact,0.002158683968833789,-9.131603116621125e-05,9.131603116621125e-05,0.00022523571747321274,0.00022523571747321274,0.0,0.00022523571747321274,300.80854767710616,300.923140347466,-2.5810362325673247e-05
305,310,contact,0.0019281408466146868,-7.18591533853132e-05,7.18591533853132e-05,0.0001895509870527099,0.0001895509870527099,0.0,0.0001895509870527099,300.67870528195203,300.74175574255037,-1.1951277040542072e-05
306,311,contact,0.0018969964270920498,-0.0001030035729079502,0.0001030035729079502,0.00022694005035245565,0.00022694005035245565,0.0,0.00022694005035245565,300.4758697891285,300.5249835031816,-1.1145868740201671e-05
306,357,contact,0.0019195008531646964,-8.049914683530362e-05,8.049914683530362e-05,0.00020062296333583503,0.00020062296333583503,0.0,0.00020062296333583503,300.4758697891285,300.3789810233066,1.9438111313144553e-05
306,361,contact,0.001979243254302007,-2.0756745697993184e-05,2.0756745697993184e-05,0.00010187429925646896,0.00010187429925646896,0.0,0.00010187429925646896,300.4758697891285,300.38682509345506,9.071365974239776e-06
308,313,contact,0.0019847665175531356,-1.523348244686449e-05,1.523348244686449e-05,8.727394355380215e-05,8.727394355380215e-05,0.0,8.727394355380215e-05,300.75735523789103,300.8339711975347,-6.686576937262481e-06
309,310,contact,0.0018691734601218798,-0.0001308265398781202,0.0001308265398781202,0.0002557601805188996,0.0002557601805188996,0.0,0.0002557601805188996,300.852532062097,300.74175574255037,2.8332171484465516e-05
309,313,contact,0.0019103969308235395,-8.960306917646052e-05,8.960306917646052e-05,0.0002116637299780722,0.0002116637299780722,0.0,0.0002116637299780722,300.852532062097,300.8339711975347,3.928661824871956e-06
310,401,contact,0.002225993393264229,-2.400660673577146e-05,2.400660673577146e-05,0.00011548594608044417,0.00011548594608044417,0.0,0.00011548594608044417,300.74175574255037,300.654945378803,1.0025376986951472e-05
311,340,contact,0.0018717084892151343,-0.0001282915107848658,0.0001282915107848658,0.0002532701233711408,0.0002532701233711408,0.0,0.0002532701233711408,300.5249835031816,300.50727365611107,4.485375152438329e-06
311,353,contact,0.0018939656286479968,-0.00010603437135200326,0.00010603437135200326,0.0002302546105423334,0.0002302546105423334,0.0,0.0002302546105423334,300.5249835031816,300.4441230911873,1.86184826720421e-05
311,421,contact,0.00216041123946345,-8.958876053655022e-05,8.958876053655022e-05,0.00022309534650327603,0.00022309534650327603,0.0,0.00022309534650327603,300.5249835031816,300.5642156555384,-8.752510624113427e-06
311,479,contact,0.0021327752881398453,-0.000117224711860155,0.000117224711860155,0.000255195689466551,0.000255195689466551,0.0,0.000255195689466551,300.5249835031816,300.4645526326533,1.542169766953529e-05
312,408,contact,0.002227777035895648,-2.222296410435247e-05,2.222296410435247e-05,0.00011111296580095729,0.00011111296580095729,0.0,0.00011111296580095729,300.94425688895285,300.92360749011675,2.29441594668579e-06
313,420,contact,0.002152959364711745,-9.704063528825522e-05,9.704063528825522e-05,0.00023218842358961543,0.00023218842358961543,0.0,0.00023218842358961543,300.8339711975347,300.923140347466,-2.0704044355376543e-05
314,316,contact,0.001881811776816162,-0.00011818822318383814,0.00011818822318383814,0.00024309280448404693,0.00024309280448404693,0.0,0.00024309280448404693,300.84595681072165,300.9325178351606,-2.1042362189873046e-05
314,320,contact,0.001992138234786934,-7.861765213066155e-06,7.861765213066155e-06,6.269675116410002e-05,6.269675116410002e-05,0.0,6.269675116410002e-05,300.84595681072165,300.7441809096752,6.381018342410554e-06
317,416,contact,0.0022006083371876976,-4.939166281230263e-05,4.939166281230263e-05,0.0001656496684980126,0.0001656496684980126,0.0,0.0001656496684980126,300.81244173142915,300.73005123359394,1.364795865378812e-05
317,440,contact,0.002175817095920519,-7.418290407948131e-05,7.418290407948131e-05,0.0002030091734099736,0.0002030091734099736,0.0,0.0002030091734099736,300.81244173142915,300.92334120357515,-2.2513610171962286e-05
318,420,contact,0.0022295820113563893,-2.0417988643610992e-05,2.0417988643610992e-05,0.00010650505633174572,0.00010650505633174572,0.0,0.00010650505633174572,300.95787560633954,300.923140347466,3.699480703022529e-06
319,328,contact,0.0019345873814847455,-6.541261851525457e-05,6.541261851525457e-05,0.0001808488574960519,0.0001808488574960519,0.0,0.0001808488574960519,300.55753578618845,300.4830859370353,1.3464170160101389e-05
320,405,contact,0.0021334896202466046,-0.00011651037975339562,0.00011651037975339562,0.0002544169584597034,0.0002544169584597034,0.0,0.0002544169584597034,300.7441809096752,300.7138759808396,7.710087820695996e-06
321,330,contact,0.0019091151340970133,-9.088486590298674e-05,9.088486590298674e-05,0.0002131723081253599,0.0002131723081253599,0.0,0.0002131723081253599,300.26246822768843,300.31402757387366,-1.0991024831739748e-05
321,345,contact,0.0019728750113476535,-2.712498865234652e-05,2.712498865234652e-05,0.0001164581226285795,0.0001164581226285795,0.0,0.0001164581226285795,300.26246822768843,300.3009501072785,-4.481527452276442e-06
321,364,contact,0.0018489016529821165,-0.0001510983470178835,0.0001510983470178835,0.00027486209907686754,0.00027486209907686754,0.0,0.00027486209907686754,300.26246822768843,300.2936218751744,-8.562956941889225e-06
321,367,contact,0.001972309654953569,-2.7690345046431017e-05,2.7690345046431017e-05,0.0001176655111883491,0.0001176655111883491,0.0,0.0001176655111883491,300.26246822768843,300.31993543588527,-6.761908429048481e-06
321,380,contact,0.0019076522838123086,-9.23477161876914e-05,9.23477161876914e-05,0.00021488103241990833,0.00021488103241990833,0.0,0.00021488103241990833,300.26246822768843,300.2307166526721,6.822811220473163e-06
321,492,contact,0.0021559650826486034,-9.403491735139689e-05,9.403491735139689e-05,0.0002285642595656111,0.0002285642595656111,0.0,0.0002285642595656111,300.26246822768843,300.1575760346562,2.3974606434627586e-05
322,328,contact,0.0019517318846091535,-4.826811539084658e-05,4.826811539084658e-05,0.00015535140068703368,0.00015535140068703368,0.0,0.00015535140068703368,300.44146128738373,300.4830859370353,-6.4664476264779614e-06
322,354,contact,0.0019571805754962923,-4.281942450370772e-05,4.281942450370772e-05,0.00014632058041114335,0.00014632058041114335,0.0,0.00014632058041114335,300.44146128738373,300.35156089370946,1.315427778160949e-05
322,450,contact,0.0021864993669641493,-6.350063303585092e-05,6.350063303585092e-05,0.0001878247307048825,0.0001878247307048825,0.0,0.0001878247307048825,300.44146128738373,300.4760583669631,-6.498187155173306e-06
322,471,contact,0.0022236175632965763,-2.6382436703423998e-05,2.6382436703423998e-05,0.00012106572297591089,0.00012106572297591089,0.0,0.00012106572297591089,300.44146128738373,300.4546784585552,-1.6001463835676848e-06
323,330,contact,0.0019142486137023503,-8.57513862976497e-05,8.57513862976497e-05,0.00020706446616651746,0.00020706446616651746,0.0,0.00020706446616651746,300.3243565196598,300.31402757387366,2.1387576452645463e-06
323,446,contact,0.0021042720380216994,-0.00014572796197830085,0.00014572796197830085,0.00028453467078167085,0.00028453467078167085,0.0,0.00028453467078167085,300.3243565196598,300.1947399372496,3.6880411603921586e-05
323,479,contact,0.0021155218969559266,-0.00013447810304407365,0.00013447810304407365,0.0002733314055257968,0.0002733314055257968,0.0,0.0002733314055257968,300.3243565196598,300.4645526326533,-3.832000061377269e-05
323,500,contact,0.0021928574554297233,-5.714254457027694e-05,5.714254457027694e-05,0.00017817367396615668,0.00017817367396615668,0.0,0.00017817367396615668,300.3243565196598,300.3282806046259,-6.991686353681628e-07
324,328,contact,0.0019017784665149604,-9.822153348503968e-05,9.822153348503968e-05,0.0002216094915442925,0.0002216094915442925,0.0,0.0002216094915442925,300.42252145713513,300.4830859370353,-1.3421663596320137e-05
324,352,contact,0.0018768438691857132,-0.00012315613081428684,0.00012315613081428684,0.0002481492804888691,0.0002481492804888691,0.0,0.0002481492804888691,300.42252145713513,300.3361564900755,2.143140443529389e-05
324,381,contact,0.0018939333884009756,-0.00010606661159902439,0.00010606661159902439,0.00023028961287802844,0.00023028961287802844,0.0,0.00023028961287802844,300.42252145713513,300.5081807523076,-1.972644592467763e-05
325,332,contact,0.001842239750521088,-0.00015776024947891198,0.00015776024947891198,0.00028085605697484255,0.00028085605697484255,0.0,0.00028085605697484255,300.21730007196396,300.1605516997377,1.5938124063205885e-05
325,335,contact,0.001864825384962356,-0.00013517461503764414,0.00013517461503764414,0.0002599755902365106,0.0002599755902365106,0.0,0.0002599755902365106,300.21730007196396,300.2763812657583,-1.535966822855788e-05
325,341,contact,0.0019069578758063859,-9.304212419361415e-05,9.304212419361415e-05,0.0002156874175671986,0.0002156874175671986,0.0,0.0002156874175671986,300.21730007196396,300.1421660375781,1.620546584809617e-05
325,345,contact,0.001962663549465369,-3.7336450534631097e-05,3.7336450534631097e-05,0.00013663171398806188,0.00013663171398806188,0.0,0.00013663171398806188,300.21730007196396,300.3009501072785,-1.142924770018474e-05
325,349,contact,0.0018542591412475228,-0.00014574085875247722,0.00014574085875247722,0.0002699452340313468,0.0002699452340313468,0.0,0.0002699452340313468,300.21730007196396,300.16581387661006,1.389845305419286e-05
325,371,contact,0.0018881606441493591,-0.00011183935585064092,0.00011183935585064092,0.00023647341906717645,0.00023647341906717645,0.0,0.00023647341906717645,300.21730007196396,300.28233993323136,-1.538019836955546e-05
325,380,contact,0.001833342333444704,-0.00016665766655529594,0.00016665766655529594,0.00028866734016450143,0.00028866734016450143,0.0,0.00028866734016450143,300.21730007196396,300.2307166526721,-3.8729286671125806e-06
326,338,contact,0.0019859675641671487,-1.403243583285134e-05,1.403243583285134e-05,8.376286716932313e-05,8.376286716932313e-05,0.0,8.376286716932313e-05,300.4117073475769,300.47483039145544,-5.2873671397209765e-06
326,354,contact,0.0019349758168008208,-6.502418319917925e-05,6.502418319917925e-05,0.00018031109671783825,0.00018031109671783825,0.0,0.00018031109671783825,300.4117073475769,300.35156089370946,1.084507306052811e-05
326,473,contact,0.00218818362082457,-6.181637917543033e-05,6.181637917543033e-05,0.00018531711436140774,0.00018531711436140774,0.0,0.00018531711436140774,300.4117073475769,300.4416975939713,-5.557705920796126e-06
327,329,contact,0.0018902644288493079,-0.00010973557115069219,0.00010973557115069219,0.00023423873628276366,0.00023423873628276366,0.0,0.00023423873628276366,300.19572338984733,300.0837024517522,2.6239642976619146e-05
327,365,contact,0.0018944433128757498,-0.00010555668712425022,0.00010555668712425022,0.00022973537725419024,0.00022973537725419024,0.0,0.00022973537725419024,300.19572338984733,300.14656005961086,1.1294556218947215e-05
327,373,contact,0.0019204553089042097,-7.954469109579037e-05,7.954469109579037e-05,0.000199430051767268,0.000199430051767268,0.0,0.000199430051767268,300.19572338984733,300.2823788163859,-1.728169620050457e-05
327,470,contact,0.0021157635696461693,-0.00013423643035383095,0.00013423643035383095,0.00027308569102209876,0.00027308569102209876,0.0,0.00027308569102209876,300.19572338984733,300.28453309834504,-2.425266061456725e-05
328,338,contact,0.001913274083371226,-8.672591662877414e-05,8.672591662877414e-05,0.00020823774469194356,0.00020823774469194356,0.0,0.00020823774469194356,300.4830859370353,300.47483039145544,1.7191161927509591e-06
329,341,contact,0.001906260367810296,-9.373963218970403e-05,9.373963218970403e-05,0.00021649437889897284,0.00021649437889897284,0.0,0.00021649437889897284,300.0837024517522,300.1421660375781,-1.2657037701586057e-05
330,360,contact,0.0019303390895902197,-6.966091040978037e-05,6.966091040978037e-05,0.000186629191727581,0.000186629191727581,0.0,0.000186629191727581,300.31402757387366,300.2819600997904,5.9847267689018616e-06
331,344,contact,0.0019989915757951562,-1.0084242048438198e-06,1.0084242048438198e-06,2.245466772014028e-05,2.245466772014028e-05,0.0,2.245466772014028e-05,300.1837648341515,300.23596594907605,-1.1721586902521054e-06
331,349,contact,0.0019331313992845894,-6.686860071541067e-05,6.686860071541067e-05,0.00018285048634801422,0.00018285048634801422,0.0,0.00018285048634801422,300.1837648341515,300.16581387661006,3.282341316860441e-06
331,350,contact,0.0018502353560831122,-0.00014976464391688784,0.00014976464391688784,0.0002736463446831401,0.0002736463446831401,0.0,0.0002736463446831401,300.1837648341515,300.14424702888084,1.0813902962209176e-05
331,364,contact,0.0018237208305001069,-0.00017627916949989318,0.00017627916949989318,0.00029688311631001615,0.00029688311631001615,0.0,0.00029688311631001615,300.1837648341515,300.2936218751744,-3.2614700687477566e-05
331,366,contact,0.0019483789396572745,-5.1621060342725567e-05,5.1621060342725567e-05,0.0001606565596898016,0.0001606565596898016,0.0,0.0001606565596898016,300.1837648341515,300.2494223346406,-1.0548308146414092e-05
331,478,contact,0.0020631659691842533,-0.00018683403081574696,0.00018683403081574696,0.00032217492730894827,0.00032217492730894827,0.0,0.00032217492730894827,300.1837648341515,300.0899061236125,3.0238923245212537e-05
332,333,contact,0.001830398757101851,-0.000169601242898149,0.000169601242898149,0.00029120546260170754,0.00029120546260170754,0.0,0.00029120546260170754,300.1605516997377,300.0806454709734,2.326913031206203e-05
332,335,contact,0.001931660617085724,-6.833938291427597e-05,6.833938291427597e-05,0.00018485045701089836,0.00018485045701089836,0.0,0.00018485045701089836,300.1605516997377,300.2763812657583,-2.141114821427814e-05
332,337,contact,0.001976153081114922,-2.3846918885077947e-05,2.3846918885077947e-05,0.00010919459438332546,0.00010919459438332546,0.0,0.00010919459438332546,300.1605516997377,300.1690916541928,-9.325168627769755e-07
332,342,contact,0.0019144684641173905,-8.553153588260957e-05,8.553153588260957e-05,0.00020679885865571113,0.00020679885865571113,0.0,0.00020679885865571113,300.1605516997377,300.19874733431857,-7.898813636952242e-06
332,343,contact,0.0019517937434319235,-4.8206256568076537e-05,4.8206256568076537e-05,0.0001552518221601224,0.0001552518221601224,0.0,0.0001552518221601224,300.1605516997377,300.08863637841495,1.1164984676589627e-05
332,344,contact,0.0019643013202917726,-3.569867970822744e-05,3.569867970822744e-05,0.0001336014216021436,0.0001336014216021436,0.0,0.0001336014216021436,300.1605516997377,300.23596594907605,-1.0075450920660334e-05
332,350,contact,0.001956110532894295,-4.388946710570489e-05,4.388946710570489e-05,0.0001481375494358282,0.0001481375494358282,0.0,0.0001481375494358282,300.1605516997377,300.14424702888084,2.415333985094279e-06
332,372,contact,0.0018981155901577759,-0.00010188440984222418,0.00010188440984222418,0.00022570379908435766,0.00022570379908435766,0.0,0.00022570379908435766,300.1605516997377,300.0745690764818,1.9406604724099233e-05
333,337,contact,0.0018462068708571104,-0.00015379312914288968,0.00015379312914288968,0.0002773022981719496,0.0002773022981719496,0.0,0.0002773022981719496,300.0806454709734,300.1690916541928,-2.4526329871273958e-05
333,343,contact,0.0019720731707773926,-2.7926829222607412e-05,2.7926829222607412e-05,0.00011816689304244107,0.00011816689304244107,0.0,0.00011816689304244107,300.0806454709734,300.08863637841495,-9.442607049546232e-07
333,350,contact,0.0019177528805609963,-8.224711943900375e-05,8.224711943900375e-05,0.00020278944676560928,0.00020278944676560928,0.0,0.00020278944676560928,300.0806454709734,300.14424702888084,-1.2897724741476216e-05
333,457,contact,0.0020268028941167414,-0.00022319710588325882,0.00022319710588325882,0.0003521340542426506,0.0003521340542426506,0.0,0.0003521340542426506,300.0806454709734,300.10888685650946,-9.94475358623362e-06
334,340,contact,0.0018293287132230157,-0.00017067128677698438,0.00017067128677698438,0.00029212265127595327,0.00029212265127595327,0.0,0.00029212265127595327,300.47891976070065,300.50727365611107,-8.282815101292615e-06
334,362,contact,0.0018017244167577346,-0.0001982755832422654,0.0001982755832422654,0.0003148615435729373,0.0003148615435729373,0.0,0.0003148615435729373,300.47891976070065,300.46189994576235,5.35888520279701e-06
334,378,contact,0.0018627266994879635,-0.00013727330051203652,0.00013727330051203652,0.00026198597339555844,0.00026198597339555844,0.0,0.00026198597339555844,300.47891976070065,300.3668125980584,2.937050412944308e-05
335,336,contact,0.001851333739497015,-0.00014866626050298506,0.00014866626050298506,0.0002726410281881517,0.0002726410281881517,0.0,0.0002726410281881517,300.2763812657583,300.38486817236947,-2.9577981763423133e-05
335,342,contact,0.0019432602133785375,-5.673978662146251e-05,5.673978662146251e-05,0.00016843364661115444,0.00016843364661115444,0.0,0.00016843364661115444,300.2763812657583,300.19874733431857,1.307616617315248e-05
335,344,contact,0.0019012829597143091,-9.871704028569092e-05,9.871704028569092e-05,0.00022216777476233014,0.00022216777476233014,0.0,0.00022216777476233014,300.2763812657583,300.23596594907605,8.9789809736087e-06
335,373,contact,0.0019366553719234606,-6.334462807653946e-05,6.334462807653946e-05,0.00017796717123747777,0.00017796717123747777,0.0,0.00017796717123747777,300.2763812657583,300.2823788163859,-1.0673671195521532e-06
335,466,contact,0.0021119197416805398,-0.0001380802583194605,0.0001380802583194605,0.0002769679667794139,0.0002769679667794139,0.0,0.0002769679667794139,300.2763812657583,300.3781281032509,-2.8180614706564318e-05
336,339,contact,0.0019346682062048788,-6.533179379512128e-05,6.533179379512128e-05,0.0001807370933083761,0.0001807370933083761,0.0,0.0001807370933083761,300.38486817236947,300.34580716554615,7.059772834945007e-06
336,353,contact,0.0018977654383511148,-0.00010223456164888526,0.00010223456164888526,0.0002260913108114565,0.0002260913108114565,0.0,0.0002260913108114565,300.38486817236947,300.4441230911873,-1.3397022267549215e-05
336,361,contact,0.001812462625656044,-0.000187537374343956,0.000187537374343956,0.0003062167323514148,0.0003062167323514148,0.0,0.0003062167323514148,300.38486817236947,300.38682509345506,-5.992419803000009e-07
336,376,contact,0.0018768108948426312,-0.00012318910515736882,0.00012318910515736882,0.00024818249853421256,0.00024818249853421256,0.0,0.00024818249853421256,300.38486817236947,300.48712507064334,-2.5378372505970087e-05
336,377,contact,0.0019957078611109393,-4.292138889060767e-06,4.292138889060767e-06,4.6325688818736236e-05,4.6325688818736236e-05,0.0,4.6325688818736236e-05,300.38486817236947,300.3675294395006,8.032287433955403e-07
336,466,contact,0.002101850199062721,-0.00014814980093727937,0.00014814980093727937,0.00028688925557635513,0.00028688925557635513,0.0,0.00028688925557635513,300.38486817236947,300.3781281032509,1.933653411957992e-06
337,347,contact,0.0018576596687499035,-0.0001423403312500965,0.0001423403312500965,0.0002667773709013721,0.0002667773709013721,0.0,0.0002667773709013721,300.1690916541928,300.2717187985219,-2.7378599747222955e-05
337,350,contact,0.0019155269919528671,-8.44730080471329e-05,8.44730080471329e-05,0.00020551521603902337,0.00020551521603902337,0.0,0.00020551521603902337,300.1690916541928,300.14424702888084,5.1059485383983e-06
337,358,contact,0.0018809022589172464,-0.00011909774108275362,0.00011909774108275362,0.00024402637263496094,0.00024402637263496094,0.0,0.00024402637263496094,300.1690916541928,300.2203839174744,-1.2516664952845209e-05
337,457,contact,0.0022067668090670575,-4.3233190932942794e-05,4.3233190932942794e-05,0.00015497883535241333,0.00015497883535241333,0.0,0.00015497883535241333,300.1690916541928,300.10888685650946,9.330469427593972e-06
338,376,contact,0.0019047497103294178,-9.525028967058229e-05,9.525028967058229e-05,0.0002182318602663029,0.0002182318602663029,0.0,0.0002182318602663029,300.47483039145544,300.48712507064334,-2.6830907105534824e-06
338,407,contact,0.002151834188709716,-9.81658112902844e-05,9.81658112902844e-05,0.00023353064430163287,0.00023353064430163287,0.0,0.00023353064430163287,300.47483039145544,300.58512405431753,-2.5756950150571183e-05
338,466,contact,0.0022003690039854667,-4.96309960145336e-05,4.96309960145336e-05,0.000166050521118212,0.000166050521118212,0.0,0.000166050521118212,300.47483039145544,300.3781281032509,1.605746534968737e-05
338,473,contact,0.0021226102839496616,-0.0001273897160503387,0.0001273897160503387,0.0002660301946629562,0.0002660301946629562,0.0,0.0002660301946629562,300.47483039145544,300.4416975939713,8.814324564434838e-06
339,344,contact,0.0019321793021352851,-6.782069786471492e-05,6.782069786471492e-05,0.00018414762809321617,0.00018414762809321617,0.0,0.00018414762809321617,300.34580716554615,300.23596594907605,2.022699947984274e-05
339,347,contact,0.001895394717466522,-0.00010460528253347797,0.00010460528253347797,0.00022869770717420625,0.00022869770717420625,0.0,0.00022869770717420625,300.34580716554615,300.2717187985219,1.6943839666732486e-05
339,352,contact,0.0019487108522302636,-5.1289147769736487e-05,5.1289147769736487e-05,0.00016013923280966549,0.00016013923280966549,0.0,0.00016013923280966549,300.34580716554615,300.3361564900755,1.5454517659653422e-06
339,361,contact,0.00194517929674876,-5.482070325124014e-05,5.482070325124014e-05,0.00016556071884846378,0.00016556071884846378,0.0,0.00016556071884846378,300.34580716554615,300.38682509345506,-6.790957630273717e-06
339,379,contact,0.001953299722853613,-4.670027714638722e-05,4.670027714638722e-05,0.00015280752132402911,0.00015280752132402911,0.0,0.00015280752132402911,300.34580716554615,300.39571983079696,-7.627030659653083e-06
340,353,contact,0.0019757441830611576,-2.4255816938842465e-05,2.4255816938842465e-05,0.00011012678361516436,0.00011012678361516436,0.0,0.00011012678361516436,300.50727365611107,300.4441230911873,6.9545685985358255e-06
341,343,contact,0.0018901085382591121,-0.00010989146174088791,0.00010989146174088791,0.0002344050572629438,0.0002344050572629438,0.0,0.0002344050572629438,300.1421660375781,300.08863637841495,1.2547622821399875e-05
342,343,contact,0.0018877005573978102,-0.00011229944260218987,0.00011229944260218987,0.00023695932414888202,0.00023695932414888202,0.0,0.00023695932414888202,300.19874733431857,300.08863637841495,2.609181769230956e-05
342,365,contact,0.0019438914106711318,-5.6108589328868284e-05,5.6108589328868284e-05,0.0001674941630757148,0.0001674941630757148,0.0,0.0001674941630757148,300.19874733431857,300.14656005961086,8.741063900369543e-06
342,373,contact,0.00198271200704994,-1.7287992950060227e-05,1.7287992950060227e-05,9.297309543642243e-05,9.297309543642243e-05,0.0,9.297309543642243e-05,300.19874733431857,300.2823788163859,-7.775477763736856e-06
342,458,contact,0.002128082999043495,-0.0001219170009565053,0.0001219170009565053,0.0002602530829751273,0.0002602530829751273,0.0,0.0002602530829751273,300.19874733431857,300.2828195421964,-2.1880051292736935e-05
343,365,contact,0.0019111560451833863,-8.88439548166137e-05,8.88439548166137e-05,0.00021076521868730347,0.00021076521868730347,0.0,0.00021076521868730347,300.08863637841495,300.14656005961086,-1.2208297334430944e-05
343,457,contact,0.0021892998561412265,-6.0700143858773755e-05,6.0700143858773755e-05,0.0001836363312195144,0.0001836363312195144,0.0,0.0001836363312195144,300.08863637841495,300.10888685650946,-3.7187235027170557e-06
344,350,contact,0.0019029844974670714,-9.701550253292867e-05,9.701550253292867e-05,0.0002202447530963322,0.0002202447530963322,0.0,0.0002202447530963322,300.23596594907605,300.14424702888084,2.0200610932655244e-05
344,366,contact,0.0019444687592244825,-5.553124077551752e-05,5.553124077551752e-05,0.00016663019050507853,0.00016663019050507853,0.0,0.00016663019050507853,300.23596594907605,300.2494223346406,-2.2422400901311587e-06
345,364,contact,0.0018970305600068756,-0.00010296943999312446,0.00010296943999312446,0.00022690244599069936,0.00022690244599069936,0.0,0.00022690244599069936,300.3009501072785,300.2936218751744,1.6627937892079972e-06
345,367,contact,0.001962104626826792,-3.7895373173208076e-05,3.7895373173208076e-05,0.00013765059602705699,0.00013765059602705699,0.0,0.00013765059602705699,300.3009501072785,300.31993543588527,-2.6133417984939996e-06
345,378,contact,0.0018968117922978024,-0.0001031882077021976,0.0001031882077021976,0.00022714335528713756,0.00022714335528713756,0.0,0.00022714335528713756,300.3009501072785,300.3668125980584,-1.496022714331937e-05
346,355,contact,0.0019523083629386002,-4.769163706139982e-05,4.769163706139982e-05,0.0001544209135146529,0.0001544209135146529,0.0,0.0001544209135146529,300.37961675865466,300.283611526807,1.4825215604098837e-05
346,442,contact,0.002235423493613682,-1.457650638631838e-05,1.457650638631838e-05,8.998921659571335e-05,8.998921659571335e-05,0.0,8.998921659571335e-05,300.37961675865466,300.46442855658967,-7.632147254244913e-06
346,496,contact,0.002164674199273415,-8.532580072658511e-05,8.532580072658511e-05,0.00021772281145043256,0.00021772281145043256,0.0,0.00021772281145043256,300.37961675865466,300.3658593812506,2.9952948866031766e-06
347,352,contact,0.0019383635192089218,-6.163648079107829e-05,6.163648079107829e-05,0.0001755512472058776,0.0001755512472058776,0.0,0.0001755512472058776,300.2717187985219,300.3361564900755,-1.1312117119305869e-05
347,354,contact,0.0018657346629411154,-0.00013426533705888466,0.00013426533705888466,0.00025909972699607835,0.00025909972699607835,0.0,0.00025909972699607835,300.2717187985219,300.35156089370946,-2.0687065065898663e-05
347,358,contact,0.001972310974187388,-2.7689025812612043e-05,2.7689025812612043e-05,0.00011766270822272459,0.00011766270822272459,0.0,0.00011766270822272459,300.2717187985219,300.2203839174744,6.040201130336355e-06
347,374,contact,0.001955954951423984,-4.4045048576015974e-05,4.4045048576015974e-05,0.000148399879676528,0.000148399879676528,0.0,0.000148399879676528,300.2717187985219,300.2818504493514,-1.5035357640255527e-06
347,445,contact,0.0021721451469227386,-7.785485307726164e-05,7.785485307726164e-05,0.00020797282551822545,0.00020797282551822545,0.0,0.00020797282551822545,300.2717187985219,300.1898438867585,1.7027756738479325e-05
348,362,contact,0.0019738166189970626,-2.618338100293747e-05,2.618338100293747e-05,0.00011441892545146862,0.00011441892545146862,0.0,0.00011441892545146862,300.3662877767607,300.46189994576235,-1.0939841637251897e-05
348,373,contact,0.0019589742976889282,-4.10257023110718e-05,4.10257023110718e-05,0.00014322308178340494,0.00014322308178340494,0.0,0.00014322308178340494,300.3662877767607,300.2823788163859,1.201769989412037e-05
348,470,contact,0.002234618961105831,-1.538103889416921e-05,1.538103889416921e-05,9.243928606318735e-05,9.243928606318735e-05,0.0,9.243928606318735e-05,300.3662877767607,300.28453309834504,7.5573441050707025e-06
348,476,contact,0.0022367310256256544,-1.3268974374345838e-05,1.3268974374345838e-05,8.585832766943538e-05,8.585832766943538e-05,0.0,8.585832766943538e-05,300.3662877767607,300.4497272402207,-7.163972794307775e-06
349,372,contact,0.0018523833930641901,-0.00014761660693580992,0.00014761660693580992,0.00027167683645814374,0.00027167683645814374,0.0,0.00027167683645814374,300.16581387661006,300.0745690764818,2.4789098642102806e-05
349,380,contact,0.0019513196707218502,-4.868032927814983e-05,4.868032927814983e-05,0.00015601334763113995,0.00015601334763113995,0.0,0.00015601334763113995,300.16581387661006,300.2307166526721,-1.0125699363988846e-05
349,492,contact,0.0020819074922051647,-0.0001680925077948356,0.0001680925077948356,0.0003055891466539452,0.0003055891466539452,0.0,0.0003055891466539452,300.16581387661006,300.1575760346562,2.517395092953611e-06
350,358,contact,0.0019804982420845506,-1.9501757915449478e-05,1.9501757915449478e-05,9.874653896580244e-05,9.874653896580244e-05,0.0,9.874653896580244e-05,300.14424702888084,300.2203839174744,-7.518254236239594e-06
350,370,contact,0.001889336059678108,-0.00011066394032189196,0.00011066394032189196,0.0002352274859810094,0.0002352274859810094,0.0,0.0002352274859810094,300.14424702888084,300.0672373291093,1.811479807341766e-05
350,372,contact,0.0019067984489452476,-9.32015510547524e-05,9.32015510547524e-05,0.00021587212772235373,0.00021587212772235373,0.0,0.00021587212772235373,300.14424702888084,300.0745690764818,1.5041527839719194e-05
351,445,contact,0.002194349093831698,-5.565090616830226e-05,5.565090616830226e-05,0.00017583279015445684,0.00017583279015445684,0.0,0.00017583279015445684,300.07841786905794,300.1898438867585,-1.959234758809294e-05
352,355,contact,0.0018558346639719822,-0.00014416533602801783,0.00014416533602801783,0.00026848215585771975,0.00026848215585771975,0.0,0.00026848215585771975,300.3361564900755,300.283611526807,1.41073850177846e-05
352,379,contact,0.0019966364883223,-3.363511677699927e-06,3.363511677699927e-06,4.100921651104741e-05,4.100921651104741e-05,0.0,4.100921651104741e-05,300.3361564900755,300.39571983079696,-2.4426459357679573e-06
353,361,contact,0.0019594547115970814,-4.054528840291864e-05,4.054528840291864e-05,0.0001423820360911422,0.0001423820360911422,0.0,0.0001423820360911422,300.4441230911873,300.38682509345506,8.158205581061234e-06
353,378,contact,0.0019945982460134667,-5.401753986533295e-06,5.401753986533295e-06,5.196996241355815e-05,5.196996241355815e-05,0.0,5.196996241355815e-05,300.4441230911873,300.3668125980584,4.017823422082125e-06
354,356,contact,0.0019745657116530717,-2.5434288346928326e-05,2.5434288346928326e-05,0.000112770316012079,0.000112770316012079,0.0,0.000112770316012079,300.35156089370946,300.266691010513,9.570803547973159e-06
354,377,contact,0.0019492985380643983,-5.070146193560175e-05,5.070146193560175e-05,0.00015921912877478282,0.00015921912877478282,0.0,0.00015921912877478282,300.35156089370946,300.3675294395006,-2.5424979486609114e-06
355,358,contact,0.0019667054436544387,-3.329455634556132e-05,3.329455634556132e-05,0.000129024331708328,0.000129024331708328,0.0,0.000129024331708328,300.283611526807,300.2203839174744,8.157900039655772e-06
355,359,contact,0.0019412337995718095,-5.8766200428190564e-05,5.8766200428190564e-05,0.0001714149941343968,0.0001714149941343968,0.0,0.0001714149941343968,300.283611526807,300.1701388232487,1.9450922814865215e-05
355,375,contact,0.0018652886877102974,-0.0001347113122897026,0.0001347113122897026,0.00025952968258920075,0.00025952968258920075,0.0,0.00025952968258920075,300.283611526807,300.21119984230427,1.8792981494749043e-05
355,379,contact,0.0018861532435356359,-0.00011384675646436415,0.00011384675646436415,0.00023858620712895805,0.00023858620712895805,0.0,0.00023858620712895805,300.283611526807,300.39571983079696,-2.674749503662044e-05
355,459,contact,0.0021195654417828203,-0.00013043455821717996,0.00013043455821717996,0.00026919071947968204,0.00026919071947968204,0.0,0.00026919071947968204,300.283611526807,300.30308643681605,-5.242465037131086e-06
356,445,contact,0.002203996022327627,-4.600397767237337e-05,4.600397767237337e-05,0.00015986796231121718,0.00015986796231121718,0.0,0.00015986796231121718,300.266691010513,300.1898438867585,1.2285393084105994e-05
356,458,contact,0.0021990092754486422,-5.099072455135804e-05,5.099072455135804e-05,0.00016830977483886674,0.00016830977483886674,0.0,0.00016830977483886674,300.266691010513,300.2828195421964,-2.714589536118115e-06
357,361,contact,0.0017971036867137078,-0.00020289631328629224,0.00020289631328629224,0.0003185092724602317,0.0003185092724602317,0.0,0.0003185092724602317,300.3789810233066,300.38682509345506,-2.498409076110153e-06
357,364,contact,0.0018251852652265202,-0.00017481473477347982,0.00017481473477347982,0.00029564736999800945,0.00029564736999800945,0.0,0.00029564736999800945,300.3789810233066,300.2936218751744,2.523620765056338e-05
357,456,contact,0.001996834065965421,-0.00025316593403457936,0.00025316593403457936,0.00037503032028133655,0.00037503032028133655,0.0,0.00037503032028133655,300.3789810233066,300.4427455087631,-2.3913615403321425e-05
357,459,contact,0.0021172078438594535,-0.00013279215614054674,0.00013279215614054674,0.0002716126287161212,0.0002716126287161212,0.0,0.0002716126287161212,300.3789810233066,300.30308643681605,2.0613928142024754e-05
358,366,contact,0.0019078221202460143,-9.217787975398573e-05,9.217787975398573e-05,0.0002146833479266449,0.0002146833479266449,0.0,0.0002146833479266449,300.2203839174744,300.2494223346406,-6.234064615728498e-06
359,363,contact,0.001987571547894564,-1.242845210543608e-05,1.242845210543608e-05,7.883036250530654e-05,7.883036250530654e-05,0.0,7.883036250530654e-05,300.1701388232487,300.06873217227655,7.993923056582688e-06
359,370,contact,0.0018799509718607026,-0.00012004902813929743,0.00012004902813929743,0.00024499900830339847,0.00024499900830339847,0.0,0.00024499900830339847,300.1701388232487,300.0672373291093,2.5210764017095043e-05
359,375,contact,0.0018380523026562652,-0.0001619476973437348,0.0001619476973437348,0.00028455904250588736,0.00028455904250588736,0.0,0.00028455904250588736,300.1701388232487,300.21119984230427,-1.1684284266770644e-05
359,499,contact,0.0021098263615994556,-0.00014017363840054461,0.00014017363840054461,0.00027905956990552773,0.00027905956990552773,0.0,0.00027905956990552773,300.1701388232487,300.17755473087254,-2.0694799919711463e-06
360,380,contact,0.0018055886097406023,-0.00019441139025939773,0.00019441139025939773,0.00031177827879712674,0.00031177827879712674,0.0,0.00031177827879712674,300.2819600997904,300.2307166526721,1.5976593742187094e-05
361,364,contact,0.0019046153496178702,-9.538465038212989e-05,9.538465038212989e-05,0.00021838572570354717,0.00021838572570354717,0.0,0.00021838572570354717,300.38682509345506,300.2936218751744,2.0354252462131958e-05
361,379,contact,0.0019347480468009251,-6.52519531990749e-05,6.52519531990749e-05,0.00018062662206756082,0.00018062662206756082,0.0,0.00018062662206756082,300.38682509345506,300.39571983079696,-1.606626360246423e-06
362,476,contact,0.0021243982451915537,-0.00012560175480844657,0.00012560175480844657,0.0002641566820494216,0.0002641566820494216,0.0,0.0002641566820494216,300.46189994576235,300.4497272402207,3.215501507452871e-06
362,485,contact,0.002082636399343735,-0.0001673636006562654,0.0001673636006562654,0.00030492585679533585,0.00030492585679533585,0.0,0.00030492585679533585,300.46189994576235,300.495865644669,-1.0357019840755652e-05
363,370,contact,0.0019561726544965294,-4.382734550347064e-05,4.382734550347064e-05,0.0001480326746084638,0.0001480326746084638,0.0,0.0001480326746084638,300.06873217227655,300.0672373291093,2.212856321725293e-07
363,467,contact,0.002217076145850656,-3.2923854149344376e-05,3.2923854149344376e-05,0.00013524433475369346,0.00013524433475369346,0.0,0.00013524433475369346,300.06873217227655,300.0887815046478,-2.7115586188026133e-06
364,366,contact,0.0019622103995494467,-3.7789600450553306e-05,3.7789600450553306e-05,0.0001374583581499381,0.0001374583581499381,0.0,0.0001374583581499381,300.2936218751744,300.2494223346406,6.0755962727553195e-06
365,483,contact,0.002207403838402685,-4.259616159731517e-05,4.259616159731517e-05,0.00015383281256198448,0.00015383281256198448,0.0,0.00015383281256198448,300.14656005961086,300.1962791586293,-7.648428840053226e-06
365,487,contact,0.0021317539230961183,-0.00011824607690388194,0.00011824607690388194,0.0002563050232566679,0.0002563050232566679,0.0,0.0002563050232566679,300.14656005961086,300.0861798476734,1.5475751624872286e-05
366,459,contact,0.0021451958829906423,-0.00010480411700935794,0.00010480411700935794,0.0002412975537581003,0.0002412975537581003,0.0,0.0002412975537581003,300.2494223346406,300.30308643681605,-1.294901657955993e-05
368,379,contact,0.0019757938692586347,-2.4206130741365357e-05,2.4206130741365357e-05,0.0001100139326207489,0.0001100139326207489,0.0,0.0001100139326207489,300.4788277646792,300.39571983079696,9.143030638367965e-06
368,442,contact,0.0021991699714437717,-5.0830028556228535e-05,5.0830028556228535e-05,0.00016804435353043047,0.00016804435353043047,0.0,0.00016804435353043047,300.4788277646792,300.46442855658967,2.419705614752619e-06
371,378,contact,0.0018530890283518602,-0.00014691097164813986,0.00014691097164813986,0.0002710267252948866,0.0002710267252948866,0.0,0.0002710267252948866,300.28233993323136,300.3668125980584,-2.2894349725006995e-05
371,380,contact,0.0019144616696596451,-8.553833034035492e-05,8.553833034035492e-05,0.00020680707234081106,0.00020680707234081106,0.0,0.00020680707234081106,300.28233993323136,300.2307166526721,1.067605951709374e-05
373,466,contact,0.002210928420935423,-3.9071579064577436e-05,3.9071579064577436e-05,0.0001473310314009039,0.0001473310314009039,0.0,0.0001473310314009039,300.2823788163859,300.3781281032509,-1.4106841189719484e-05
374,445,contact,0.0022418484241580653,-8.151575841934978e-06,8.151575841934978e-06,6.729526911692553e-05,6.729526911692553e-05,0.0,6.729526911692553e-05,300.2818504493514,300.1898438867585,6.191606390210537e-06
375,447,contact,0.002219024282201527,-3.0975717798473364e-05,3.0975717798473364e-05,0.00013118205712010685,0.00013118205712010685,0.0,0.00013118205712010685,300.21119984230427,300.21853714211693,-9.625220831319119e-07
375,454,contact,0.002102722076856568,-0.00014727792314343227,0.00014727792314343227,0.00028604382253951565,0.00028604382253951565,0.0,0.00028604382253951565,300.21119984230427,300.26735684069035,-1.6063362480701547e-05
375,467,contact,0.0022340389394099646,-1.5961060590035693e-05,1.5961060590035693e-05,9.416610793355092e-05,9.416610793355092e-05,0.0,9.416610793355092e-05,300.21119984230427,300.0887815046478,1.1527658396806335e-05
376,433,contact,0.0021536116664106365,-9.63883335893638e-05,9.63883335893638e-05,0.0002314067289780339,0.0002314067289780339,0.0,0.0002314067289780339,300.48712507064334,300.57344092979565,-1.9974070625364154e-05
377,466,contact,0.0022015265543254294,-4.8473445674570865e-05,4.8473445674570865e-05,0.00016410268748996237,0.00016410268748996237,0.0,0.00016410268748996237,300.3675294395006,300.3781281032509,-1.7392692052314738e-06
378,466,contact,0.0020985941872834774,-0.00015140581271652284,0.00015140581271652284,0.00029002472377035073,0.00029002472377035073,0.0,0.00029002472377035073,300.3668125980584,300.3781281032509,-3.28177626777653e-06
379,442,contact,0.0021458242859330305,-0.0001041757140669698,0.0001041757140669698,0.0002405730589735104,0.0002405730589735104,0.0,0.0002405730589735104,300.39571983079696,300.46442855658967,-1.6529468342122758e-05
380,480,contact,0.002200053710054599,-4.994628994540139e-05,4.994628994540139e-05,0.00016657712585633217,0.00016657712585633217,0.0,0.00016657712585633217,300.2307166526721,300.1330647346091,1.6266575845289146e-05
381,410,contact,0.0021967098821874496,-5.329011781255062e-05,5.329011781255062e-05,0.0001720628402850905,0.0001720628402850905,0.0,0.0001720628402850905,300.5081807523076,300.5863238075249,-1.3445516029235338e-05
382,385,contact,0.001890468848751547,-0.00010953115124845295,0.00010953115124845295,0.00023402045984107132,0.00023402045984107132,0.0,0.00023402045984107132,300.72409725247314,300.84918819448524,-2.9273839771622875e-05
382,390,contact,0.0019451870951145036,-5.48129048854964e-05,5.48129048854964e-05,0.00016554894274125763,0.00016554894274125763,0.0,0.00016554894274125763,300.72409725247314,300.7935935958795,-1.1505046175303367e-05
382,392,contact,0.0019552727111070713,-4.4727288892928724e-05,4.4727288892928724e-05,0.00014954479077007116,0.00014954479077007116,0.0,0.00014954479077007116,300.72409725247314,300.7474632699008,-3.49426618734533e-06
382,400,contact,0.001981954940229469,-1.8045059770530926e-05,1.8045059770530926e-05,9.498699850645595e-05,9.498699850645595e-05,0.0,9.498699850645595e-05,300.72409725247314,300.6940423812257,2.854822010292667e-06
382,425,contact,0.0022035732226998945,-4.642677730010581e-05,4.642677730010581e-05,0.00016060091548809533,0.00016060091548809533,0.0,0.00016060091548809533,300.72409725247314,300.61146725328945,1.8088480980324986e-05
382,430,contact,0.002207664047018929,-4.233595298107134e-05,4.233595298107134e-05,0.00015336223093830164,0.00015336223093830164,0.0,0.00015336223093830164,300.72409725247314,300.71931641259187,7.332002699515445e-07
383,395,contact,0.001957358273453278,-4.264172654672204e-05,4.264172654672204e-05,0.00014601665409589762,0.00014601665409589762,0.0,0.00014601665409589762,300.926054388616,300.9320586984998,-8.767292393862799e-07
383,402,contact,0.0020630100556575095,-0.00018698994434249074,0.00018698994434249074,0.00032230932721920237,0.00032230932721920237,0.0,0.00032230932721920237,300.926054388616,300.8638076201667,2.0062714060467577e-05
383,428,contact,0.002013689273806662,-0.0002363107261933381,0.0002363107261933381,0.00036233097683482257,0.00036233097683482257,0.0,0.00036233097683482257,300.926054388616,300.7968074241984,4.683017887037622e-05
384,404,contact,0.002188442528946099,-6.155747105390146e-05,6.155747105390146e-05,0.00018492862144607377,0.00018492862144607377,0.0,0.00018492862144607377,300.80896350296774,300.69086630186285,2.1839552596966672e-05
384,411,contact,0.002223144520291022,-2.6855479708978378e-05,2.6855479708978378e-05,0.00012214626866766104,0.00012214626866766104,0.0,0.00012214626866766104,300.80896350296774,300.9261237660312,-1.4310688969322477e-05
384,427,contact,0.0022014851675176013,-4.8514832482398924e-05,4.8514832482398924e-05,0.00016417272828470582,0.00016417272828470582,0.0,0.00016417272828470582,300.80896350296774,300.8523306688405,-7.119705939309732e-06
384,438,contact,0.002227076231317645,-2.2923768682355395e-05,2.2923768682355395e-05,0.00011285134933067038,0.00011285134933067038,0.0,0.00011285134933067038,300.80896350296774,300.8125891369612,-4.0915768834170285e-07
385,390,contact,0.0019384201720731235,-6.157982792687655e-05,6.157982792687655e-05,0.00017547055013146303,0.00017547055013146303,0.0,0.00017547055013146303,300.84918819448524,300.7935935958795,9.755214801688976e-06
385,402,contact,0.0020842028384492712,-0.00016579716155072904,0.00016579716155072904,0.00030349552582344515,0.00030349552582344515,0.0,0.00030349552582344515,300.84918819448524,300.8638076201667,-4.436930284435665e-06
385,419,contact,0.002154341465320667,-9.565853467933313e-05,9.565853467933313e-05,0.00023052902285267097,0.00023052902285267097,0.0,0.00023052902285267097,300.84918819448524,300.93396581323844,-1.9543701610953237e-05
385,437,contact,0.002168912000082068,-8.10879999179324e-05,8.10879999179324e-05,0.00021224723518410265,0.00021224723518410265,0.0,0.00021224723518410265,300.84918819448524,300.9200886359675,-1.5048422677940165e-05
386,410,contact,0.0022051199659819582,-4.4880034018042036e-05,4.4880034018042036e-05,0.00015790298360780132,0.00015790298360780132,0.0,0.00015790298360780132,300.5535517820472,300.5863238075249,-5.174800601799355e-06
386,415,contact,0.002163775071720718,-8.62249282792822e-05,8.62249282792822e-05,0.00021886694116045612,0.00021886694116045612,0.0,0.00021886694116045612,300.5535517820472,300.5844278199081,-6.7577439617772665e-06
386,450,contact,0.0021810158136519775,-6.898418634802275e-05,6.898418634802275e-05,0.0001957665649980194,0.0001957665649980194,0.0,0.0001957665649980194,300.5535517820472,300.4760583669631,1.5170619680972833e-05
386,471,contact,0.0022167864313581147,-3.321356864188557e-05,3.321356864188557e-05,0.00013583807484952558,0.00013583807484952558,0.0,0.00013583807484952558,300.5535517820472,300.4546784585552,1.343076191712772e-05
387,396,contact,0.0019961548122327598,-3.845187767240275e-06,3.845187767240275e-06,4.384739312228422e-05,4.384739312228422e-05,0.0,4.384739312228422e-05,300.6526814249758,300.5709870854436,3.5820838213333613e-06
387,401,contact,0.0021991430662290463,-5.0856933770953953e-05,5.0856933770953953e-05,0.00016808882204053432,0.00016808882204053432,0.0,0.00016808882204053432,300.6526814249758,300.654945378803,-3.8054533196753827e-07
387,413,contact,0.002105417998901881,-0.0001445820010981193,0.0001445820010981193,0.0002834137151645975,0.0002834137151645975,0.0,0.0002834137151645975,300.6526814249758,300.58331180867606,1.96603006750555e-05
387,414,contact,0.0021539627875151414,-9.60372124848589e-05,9.60372124848589e-05,0.00023098486300195676,0.00023098486300195676,0.0,0.00023098486300195676,300.6526814249758,300.60394758160203,1.1256780135251816e-05
387,422,contact,0.002152204809236333,-9.779519076366736e-05,9.779519076366736e-05,0.00023308938529107402,0.00023308938529107402,0.0,0.00023308938529107402,300.6526814249758,300.76411425941257,-2.5973810880105246e-05
387,426,contact,0.002133581369364664,-0.00011641863063533613,0.00011641863063533613,0.0002543167651171098,0.0002543167651171098,0.0,0.0002543167651171098,300.6526814249758,300.66802390589993,-3.901850117492838e-06
387,432,contact,0.0022235240196813704,-2.6475980318629855e-05,2.6475980318629855e-05,0.00012128016307209668,0.00012128016307209668,0.0,0.00012128016307209668,300.6526814249758,300.687666192432,-4.2429583021266225e-06
388,395,contact,0.0019713301099765095,-2.86698900234905e-05,2.86698900234905e-05,0.00011972863071022424,0.00011972863071022424,0.0,0.00011972863071022424,300.9143836419946,300.9320586984998,-2.1162103130931404e-06
388,423,contact,0.0021706554799175294,-7.934452008247087e-05,7.934452008247087e-05,0.00020995306364686856,0.00020995306364686856,0.0,0.00020995306364686856,300.9143836419946,300.80575542928386,2.280682605710676e-05
388,428,contact,0.0021856677963258734,-6.433220367412689e-05,6.433220367412689e-05,0.0001890505571329868,0.0001890505571329868,0.0,0.0001890505571329868,300.9143836419946,300.7968074241984,2.2227849479966105e-05
389,390,contact,0.001947481880737277,-5.251811926272306e-05,5.251811926272306e-05,0.00016204647367765068,0.00016204647367765068,0.0,0.00016204647367765068,300.84452023871984,300.7935935958795,8.252482888520231e-06
389,398,contact,0.001942787044789006,-5.721295521099413e-05,5.721295521099413e-05,0.00016913449561073302,0.00016913449561073302,0.0,0.00016913449561073302,300.84452023871984,300.87230011629686,-4.698535582116842e-06
389,399,contact,0.001992867628067655,-7.132371932345137e-06,7.132371932345137e-06,5.971755157550055e-05,5.971755157550055e-05,0.0,5.971755157550055e-05,300.84452023871984,300.8521374518846,-4.5488132002666823e-07
390,392,contact,0.0019700399743660013,-2.9960025633998712e-05,2.9960025633998712e-05,0.00012239286260644187,0.00012239286260644187,0.0,0.00012239286260644187,300.7935935958795,300.7474632699008,5.646022649502469e-06
390,400,contact,0.0018665992509641696,-0.00013340074903583042,0.00013340074903583042,0.00025826415647146086,0.00025826415647146086,0.0,0.00025826415647146086,300.7935935958795,300.6940423812257,2.571051047826944e-05
390,416,contact,0.0021423827536647135,-0.00010761724633528676,0.00010761724633528676,0.00024451453755382175,0.00024451453755382175,0.0,0.00024451453755382175,300.7935935958795,300.73005123359394,1.5537031329327574e-05
390,437,contact,0.0020664760068774086,-0.00018352399312259165,0.00018352399312259165,0.0003193082741755925,0.0003193082741755925,0.0,0.0003193082741755925,300.7935935958795,300.9200886359675,-4.039091294227247e-05
391,409,contact,0.0022500243482460364,-0.0,0.0,1.0540925533894598e-07,1.0540925533894598e-07,0.0,1.0540925533894598e-07,300.6814569439502,300.75896630629836,-8.170204166916783e-09
391,414,contact,0.0022500183843693388,-0.0,0.0,1.0540925533894598e-07,1.0540925533894598e-07,0.0,1.0540925533894598e-07,300.6814569439502,300.60394758160203,8.170204166916783e-09
392,409,contact,0.002202350686811708,-4.764931318829244e-05,4.764931318829244e-05,0.00016270169224738405,0.00016270169224738405,0.0,0.00016270169224738405,300.7474632699008,300.75896630629836,-1.8715634878702938e-06
392,431,contact,0.002185549266340159,-6.44507336598414e-05,6.44507336598414e-05,0.00018922463672671255,0.00018922463672671255,0.0,0.00018922463672671255,300.7474632699008,300.7262011339567,4.023319950053376e-06
393,404,contact,0.0021369762294653634,-0.00011302377053463682,0.00011302377053463682,0.0002505812914611819,0.0002505812914611819,0.0,0.0002505812914611819,300.70478436300397,300.69086630186285,3.487605735375548e-06
393,409,contact,0.0021667642186680124,-8.32357813319879e-05,8.32357813319879e-05,0.00021503976548534757,0.00021503976548534757,0.0,0.00021503976548534757,300.70478436300397,300.75896630629836,-1.1651272379567164e-05
393,418,contact,0.0021667684406968825,-8.323155930311773e-05,8.323155930311773e-05,0.000215034311607238,0.000215034311607238,0.0,0.000215034311607238,300.70478436300397,300.8145683762067,-2.3607329704528378e-05
393,421,contact,0.0021830907137588207,-6.690928624117961e-05,6.690928624117961e-05,0.0001927999628878186,0.0001927999628878186,0.0,0.0001927999628878186,300.70478436300397,300.5642156555384,2.7101641582546185e-05
393,434,contact,0.0021969228618683905,-5.307713813160978e-05,5.307713813160978e-05,0.00017171866224148567,0.00017171866224148567,0.0,0.00017171866224148567,300.70478436300397,300.67759247421805,4.669354766137695e-06
394,397,contact,0.0018861211195466746,-0.00011387888045332546,0.00011387888045332546,0.00023861986553232054,0.00023861986553232054,0.0,0.00023861986553232054,300.56603378247036,300.5577431632081,1.9783064535388343e-06
394,404,contact,0.0021268337801530236,-0.00012316621984697664,0.00012316621984697664,0.00026158302256217773,0.00026158302256217773,0.0,0.00026158302256217773,300.56603378247036,300.69086630186285,-3.2654067736741396e-05
394,439,contact,0.0021640300447959954,-8.596995520400484e-05,8.596995520400484e-05,0.00021854309923776395,0.00021854309923776395,0.0,0.00021854309923776395,300.56603378247036,300.62260521883076,-1.2363297030533785e-05
394,494,contact,0.0021469065582833354,-0.00010309344171666483,0.00010309344171666483,0.00023932015019015014,0.00023932015019015014,0.0,0.00023932015019015014,300.56603378247036,300.52832162208836,9.025279886615292e-06
395,408,contact,0.002226087153884079,-2.3912846115921316e-05,2.3912846115921316e-05,0.00011526020349125354,0.00011526020349125354,0.0,0.00011526020349125354,300.9320586984998,300.92360749011675,9.740879979790099e-07
396,407,contact,0.002194891527703704,-5.510847229629615e-05,5.510847229629615e-05,0.00017497376358296333,0.00017497376358296333,0.0,0.00017497376358296333,300.5709870854436,300.58512405431753,-2.4735986495238077e-06
396,426,contact,0.0021971100842925464,-5.288991570745385e-05,5.288991570745385e-05,0.00017141553752253916,0.00017141553752253916,0.0,0.00017141553752253916,300.5709870854436,300.66802390589993,-1.6633618737996522e-05
396,481,contact,0.002181237971519843,-6.876202848015746e-05,6.876202848015746e-05,0.0001954510857821486,0.0001954510857821486,0.0,0.0001954510857821486,300.5709870854436,300.45490023374845,2.2689301208852686e-05
397,413,contact,0.002133505273862711,-0.00011649472613728916,0.00011649472613728916,0.00025439986693882914,0.00025439986693882914,0.0,0.00025439986693882914,300.5577431632081,300.58331180867606,-6.5046600048541615e-06
397,432,contact,0.002052611918410297,-0.00019738808158970347,0.00019738808158970347,0.0003311495814999817,0.0003311495814999817,0.0,0.0003311495814999817,300.5577431632081,300.687666192432,-4.30239567547054e-05
397,472,contact,0.0020766323463964446,-0.00017336765360355562,0.00017336765360355562,0.0003103471654664925,0.0003103471654664925,0.0,0.0003103471654664925,300.5577431632081,300.43446909494224,3.825775766183171e-05
397,491,contact,0.002039393898294293,-0.00021060610170570713,0.00021060610170570713,0.0003420575826326672,0.0003420575826326672,0.0,0.0003420575826326672,300.5577431632081,300.5154571343184,1.4464256821142953e-05
397,498,contact,0.002131203390692687,-0.00011879660930731338,0.00011879660930731338,0.00025690098536564776,0.00025690098536564776,0.0,0.00025690098536564776,300.5577431632081,300.56247296705845,-1.2150912697418459e-06
398,399,contact,0.0019355532684997333,-6.444673150026673e-05,6.444673150026673e-05,0.0001795086787599234,0.0001795086787599234,0.0,0.0001795086787599234,300.87230011629686,300.8521374518846,3.6193732489285658e-06
398,402,contact,0.002126427685038925,-0.0001235723149610752,0.0001235723149610752,0.000262013904381974,0.000262013904381974,0.0,0.000262013904381974,300.87230011629686,300.8638076201667,2.225152069008189e-06
398,437,contact,0.0021623889712537843,-8.761102874621594e-05,8.761102874621594e-05,0.00022061911464761556,0.00022061911464761556,0.0,0.00022061911464761556,300.87230011629686,300.9200886359675,-1.0543060900055095e-05
399,409,contact,0.0021075488422572794,-0.00014245115774272083,0.00014245115774272083,0.0002813174933758819,0.0002813174933758819,0.0,0.0002813174933758819,300.8521374518846,300.75896630629836,2.621067313127236e-05
399,427,contact,0.002174930055886855,-7.506994411314539e-05,7.506994411314539e-05,0.00020421930493296416,0.00020421930493296416,0.0,0.00020421930493296416,300.8521374518846,300.8523306688405,-3.945863244527777e-08
400,416,contact,0.0021555579623150937,-9.444203768490655e-05,9.444203768490655e-05,0.0002290585050021871,0.0002290585050021871,0.0,0.0002290585050021871,300.6940423812257,300.73005123359394,-8.248133890313678e-06
400,425,contact,0.00214065311110885,-0.0001093468888911501,0.0001093468888911501,0.0002464716446291429,0.0002464716446291429,0.0,0.0002464716446291429,300.6940423812257,300.61146725328945,2.0352427587909935e-05
400,441,contact,0.0020959654235220577,-0.00015403457647794258,0.00015403457647794258,0.00029253164736480755,0.00029253164736480755,0.0,0.00029253164736480755,300.6940423812257,300.63487067955714,1.7309595366482985e-05
401,407,contact,0.0024371978824453307,-6.280211755466938e-05,6.280211755466938e-05,0.00019811946767460376,0.00019811946767460376,0.0,0.00019811946767460376,300.654945378803,300.58512405431753,1.3832963639397921e-05
401,412,contact,0.0024290386617192893,-7.096133828071076e-05,7.096133828071076e-05,0.0002105963827453934,0.0002105963827453934,0.0,0.0002105963827453934,300.654945378803,300.74794404934664,-1.9585183616620375e-05
401,413,contact,0.0023895896769544514,-0.00011041032304554867,0.00011041032304554867,0.00026269079143256607,0.00026269079143256607,0.0,0.00026269079143256607,300.654945378803,300.58331180867606,1.881747922978835e-05
401,433,contact,0.0023994107116781815,-0.00010058928832181856,0.00010058928832181856,0.000250735528398224,0.000250735528398224,0.0,0.000250735528398224,300.654945378803,300.57344092979565,2.0436061088665175e-05
402,427,contact,0.002314426002813658,-0.00018557399718634226,0.00018557399718634226,0.0003405638680797831,0.0003405638680797831,0.0,0.0003405638680797831,300.8638076201667,300.8523306688405,3.908634937409861e-06
402,429,contact,0.0023073176141355134,-0.00019268238586448664,0.00019268238586448664,0.00034702520249299497,0.00034702520249299497,0.0,0.00034702520249299497,300.8638076201667,300.9307152907183,-2.3218647921498836e-05
402,431,contact,0.002383314803818413,-0.00011668519618158709,0.00011668519618158709,0.00027005230532897126,0.00027005230532897126,0.0,0.00027005230532897126,300.8638076201667,300.7262011339567,3.7160948829234633e-05
403,441,contact,0.002376745495293932,-0.0001232545047060679,0.0001232545047060679,0.0002775501133872808,0.0002775501133872808,0.0,0.0002775501133872808,300.69225326186825,300.63487067955714,1.592654222690258e-05
404,435,contact,0.002422515449880597,-7.748455011940322e-05,7.748455011940322e-05,0.00022006327232100092,0.00022006327232100092,0.0,0.00022006327232100092,300.69086630186285,300.79210678580336,-2.2279312187308344e-05
405,410,contact,0.002372804711180421,-0.00012719528881957902,0.00012719528881957902,0.0002819522220381263,0.0002819522220381263,0.0,0.0002819522220381263,300.7138759808396,300.5863238075249,3.596361869187513e-05
405,423,contact,0.0023364021490445233,-0.0001635978509554768,0.0001635978509554768,0.0003197634388843931,0.0003197634388843931,0.0,0.0003197634388843931,300.7138759808396,300.80575542928386,-2.937968839734242e-05
406,416,contact,0.0024072796484621395,-9.272035153786058e-05,9.272035153786058e-05,0.00024072851869099944,0.00024072851869099944,0.0,0.00024072851869099944,300.62567532586706,300.73005123359394,-2.5126257654119302e-05
406,449,contact,0.0023943334418998533,-0.00010566655810014675,0.00010566655810014675,0.00025698560039930584,0.00025698560039930584,0.0,0.00025698560039930584,300.62567532586706,300.5505714780902,1.9300607413234143e-05
407,410,contact,0.0024046076446064962,-9.539235539350382e-05,9.539235539350382e-05,0.00024417252531957784,0.00024417252531957784,0.0,0.00024417252531957784,300.58512405431753,300.5863238075249,-2.929467703977189e-07
409,418,contact,0.0024162720942186946,-8.372790578130545e-05,8.372790578130545e-05,0.0002287573848279349,0.0002287573848279349,0.0,0.0002287573848279349,300.75896630629836,300.8145683762067,-1.271938410325003e-05
409,427,contact,0.0024676554209411006,-3.234457905889948e-05,3.234457905889948e-05,0.00014218073678178833,0.00014218073678178833,0.0,0.00014218073678178833,300.75896630629836,300.8523306688405,-1.3274613855406446e-05
409,441,contact,0.0023446047672049126,-0.00015539523279508747,0.00015539523279508747,0.00031164406058343174,0.00031164406058343174,0.0,0.00031164406058343174,300.75896630629836,300.63487067955714,3.867366501828063e-05
410,471,contact,0.0023937140512018144,-0.00010628594879818565,0.00010628594879818565,0.00025773769223547035,0.00025773769223547035,0.0,0.00025773769223547035,300.5863238075249,300.4546784585552,3.392996843698319e-05
411,424,contact,0.002390230372683771,-0.00010976962731622892,0.00010976962731622892,0.0002619275034673585,0.0002619275034673585,0.0,0.0002619275034673585,300.9261237660312,300.9243009157281,4.774546290818997e-07
411,429,contact,0.002373957538057494,-0.0001260424619425062,0.0001260424619425062,0.0002806715851561507,0.0002806715851561507,0.0,0.0002806715851561507,300.9261237660312,300.9307152907183,-1.288710512212081e-06
411,435,contact,0.00236783240462422,-0.00013216759537578024,0.00013216759537578024,0.0002874104157991889,0.0002874104157991889,0.0,0.0002874104157991889,300.9261237660312,300.79210678580336,3.851787601143547e-05
412,422,contact,0.0024005476513912403,-9.945234860875979e-05,9.945234860875979e-05,0.0002493144959292878,0.0002493144959292878,0.0,0.0002493144959292878,300.74794404934664,300.76411425941257,-4.031467771656207e-06
412,423,contact,0.0023269801792237086,-0.0001730198207762915,0.0001730198207762915,0.00032884249723109417,0.00032884249723109417,0.0,0.00032884249723109417,300.74794404934664,300.80575542928386,-1.9010838546931134e-05
412,426,contact,0.0023822138535404404,-0.00011778614645955969,0.00011778614645955969,0.0002713233155061039,0.0002713233155061039,0.0,0.0002713233155061039,300.74794404934664,300.66802390589993,2.1684198295685757e-05
412,428,contact,0.0023806875201294263,-0.00011931247987057372,0.00011931247987057372,0.0002730756304013754,0.0002730756304013754,0.0,0.0002730756304013754,300.74794404934664,300.7968074241984,-1.3343396891179971e-05
413,433,contact,0.002368127847453597,-0.00013187215254640292,0.00013187215254640292,0.00028708900247397467,0.00028708900247397467,0.0,0.00028708900247397467,300.58331180867606,300.57344092979565,2.8338207713171977e-06
413,473,contact,0.0023634134783401747,-0.00013658652165982532,0.00013658652165982532,0.0002921755911047171,0.0002921755911047171,0.0,0.0002921755911047171,300.58331180867606,300.4416975939713,4.1376216890193405e-05
413,485,contact,0.0024725061594378455,-2.7493840562154565e-05,2.7493840562154565e-05,0.0001310864232151698,0.0001310864232151698,0.0,0.0001310864232151698,300.58331180867606,300.495865644669,1.1463004863574748e-05
413,498,contact,0.002431543743817906,-6.845625618209393e-05,6.845625618209393e-05,0.00020684573989765586,0.00020684573989765586,0.0,0.00020684573989765586,300.58331180867606,300.56247296705845,4.3104256130032635e-06
414,425,contact,0.002423301550158378,-7.66984498416219e-05,7.66984498416219e-05,0.0002189441279208321,0.0002189441279208321,0.0,0.0002189441279208321,300.60394758160203,300.61146725328945,-1.646387959852892e-06
414,426,contact,0.0023609087033809664,-0.00013909129661903363,0.00013909129661903363,0.00029484243315183793,0.00029484243315183793,0.0,0.00029484243315183793,300.60394758160203,300.66802390589993,-1.8892419363419233e-05
414,431,contact,0.002401981423242071,-9.801857675792924e-05,9.801857675792924e-05,0.00024751082900290603,0.00024751082900290603,0.0,0.00024751082900290603,300.60394758160203,300.7262011339567,-3.025907809185305e-05
414,453,contact,0.0023820985390407327,-0.0001179014609592674,0.0001179014609592674,0.00027145609792292774,0.00027145609792292774,0.0,0.00027145609792292774,300.60394758160203,300.4834577110683,3.270771009432547e-05
414,491,contact,0.002323926057106809,-0.00017607394289319116,0.00017607394289319116,0.0003317321424104762,0.0003317321424104762,0.0,0.0003317321424104762,300.60394758160203,300.5154571343184,2.935512566025601e-05
415,425,contact,0.002411096271346294,-8.890372865370593e-05,8.890372865370593e-05,0.00023572193450878984,0.00023572193450878984,0.0,0.00023572193450878984,300.5844278199081,300.61146725328945,-6.373787544669329e-06
415,426,contact,0.0023281821794266873,-0.00017181782057331275,0.00017181782057331275,0.00032769824207389404,0.00032769824207389404,0.0,0.00032769824207389404,300.5844278199081,300.66802390589993,-2.7394290423775712e-05
415,453,contact,0.002379083291522178,-0.00012091670847782197,0.00012091670847782197,0.00027490533424915335,0.00027490533424915335,0.0,0.00027490533424915335,300.5844278199081,300.4834577110683,2.775722151978339e-05
417,423,contact,0.002398299468423771,-0.00010170053157622892,0.00010170053157622892,0.00025211670360200867,0.00025211670360200867,0.0,0.00025211670360200867,300.9158114056095,300.80575542928386,2.7746949962913872e-05
418,424,contact,0.0024178469788222754,-8.215302117772468e-05,8.215302117772468e-05,0.00022659575952801484,0.00022659575952801484,0.0,0.00022659575952801484,300.8145683762067,300.9243009157281,-2.4864928137793402e-05
418,427,contact,0.0024247164732397056,-7.528352676029445e-05,7.528352676029445e-05,0.0002169152005397133,0.0002169152005397133,0.0,0.0002169152005397133,300.8145683762067,300.8523306688405,-8.19121527950636e-06
418,434,contact,0.002327965267309631,-0.00017203473269036904,0.00017203473269036904,0.0003279050288292033,0.0003279050288292033,0.0,0.0003279050288292033,300.8145683762067,300.67759247421805,4.491508709049399e-05
421,441,contact,0.0024333073521444026,-6.669264785559743e-05,6.669264785559743e-05,0.00020416391676725935,0.00020416391676725935,0.0,0.00020416391676725935,300.5642156555384,300.63487067955714,-1.4425206442946622e-05
421,456,contact,0.0024286897942923883,-7.131020570761175e-05,7.131020570761175e-05,0.00021111342583373836,0.00021111342583373836,0.0,0.00021111342583373836,300.5642156555384,300.4427455087631,2.564397882226546e-05
421,494,contact,0.0024368609275459284,-6.313907245407164e-05,6.313907245407164e-05,0.00019865024612064988,0.00019865024612064988,0.0,0.00019865024612064988,300.5642156555384,300.52832162208836,7.130358579117861e-06
422,431,contact,0.0024707651438572622,-2.923485614273781e-05,2.923485614273781e-05,0.0001351731670458717,0.0001351731670458717,0.0,0.0001351731670458717,300.76411425941257,300.7262011339567,5.124837240477796e-06
422,438,contact,0.0023655171337363,-0.0001344828662637001,0.0001344828662637001,0.00028991686983480724,0.00028991686983480724,0.0,0.00028991686983480724,300.76411425941257,300.8125891369612,-1.4053684764527957e-05
423,428,contact,0.0024302074760398536,-6.979252396014648e-05,6.979252396014648e-05,0.00020885479998097135,0.00020885479998097135,0.0,0.00020885479998097135,300.80575542928386,300.7968074241984,1.8688338123549225e-06
424,427,contact,0.002311295186297068,-0.0001887048137029319,0.0001887048137029319,0.0003434246766968449,0.0003434246766968449,0.0,0.0003434246766968449,300.9243009157281,300.8523306688405,2.471635876916202e-05
425,441,contact,0.0024856533284229316,-1.4346671577068412e-05,1.4346671577068412e-05,9.469250094737047e-05,9.469250094737047e-05,0.0,9.469250094737047e-05,300.61146725328945,300.63487067955714,-2.2161289640250856e-06
425,449,contact,0.002363418550553414,-0.00013658144944658605,0.00013658144944658605,0.0002921701660062442,0.0002921701660062442,0.0,0.0002921701660062442,300.61146725328945,300.5505714780902,1.779192874904148e-05
425,477,contact,0.0024443528829324137,-5.564711706758634e-05,5.564711706758634e-05,0.00018649248823274751,0.00018649248823274751,0.0,0.00018649248823274751,300.61146725328945,300.4879388470422,2.3037119848477215e-05
426,428,contact,0.0023915228415593275,-0.00010847715844067253,0.00010847715844067253,0.0002603809210088564,0.0002603809210088564,0.0,0.0002603809210088564,300.66802390589993,300.7968074241984,-3.353277110531451e-05
426,431,contact,0.0024363321941188562,-6.366780588114383e-05,6.366780588114383e-05,0.0001994802713947294,0.0001994802713947294,0.0,0.0001994802713947294,300.66802390589993,300.7262011339567,-1.1605209241756229e-05
428,430,contact,0.0023458751903074463,-0.00015412480969255373,0.00015412480969255373,0.00031036753383343127,0.00031036753383343127,0.0,0.00031036753383343127,300.7968074241984,300.71931641259187,2.4050694166575186e-05
429,438,contact,0.002295761342670445,-0.00020423865732955519,0.00020423865732955519,0.0003572802273159991,0.0003572802273159991,0.0,0.0003572802273159991,300.9307152907183,300.8125891369612,4.220413906629742e-05
431,432,contact,0.002478712793467609,-2.1287206532391058e-05,2.1287206532391058e-05,0.00011534515196896839,0.00011534515196896839,0.0,0.00011534515196896839,300.7262011339567,300.687666192432,4.444818686280429e-06
432,438,contact,0.0023103403185678086,-0.0001896596814321915,0.0001896596814321915,0.0003442924641857845,0.0003442924641857845,0.0,0.0003442924641857845,300.687666192432,300.8125891369612,-4.301002840530338e-05
433,485,contact,0.002338023312052299,-0.00016197668794770085,0.00016197668794770085,0.00031817515611265603,0.00031817515611265603,0.0,0.00031817515611265603,300.57344092979565,300.495865644669,2.4682528455662102e-05
435,438,contact,0.0024358782005102836,-6.41217994897165e-05,6.41217994897165e-05,0.00020019022124237942,0.00020019022124237942,0.0,0.00020019022124237942,300.79210678580336,300.8125891369612,-4.100366409854591e-06
436,438,contact,0.0023437040866932917,-0.00015629591330670834,0.00015629591330670834,0.00031254590993435303,0.00031254590993435303,0.0,0.00031254590993435303,300.73351971350485,300.8125891369612,-2.4712824902152794e-05
436,439,contact,0.0024221470771662477,-7.785292283375234e-05,7.785292283375234e-05,0.000220585758314301,0.000220585758314301,0.0,0.000220585758314301,300.73351971350485,300.62260521883076,2.446615791573191e-05
437,440,contact,0.002488160105821168,-1.183989417883214e-05,1.183989417883214e-05,8.602286824891441e-05,8.602286824891441e-05,0.0,8.602286824891441e-05,300.9200886359675,300.92334120357515,-2.797951947844435e-07
439,498,contact,0.0023563538265674636,-0.00014364617343253644,0.00014364617343253644,0.0002996312039747117,0.0002996312039747117,0.0,0.0002996312039747117,300.62260521883076,300.56247296705845,1.8017498996245332e-05
441,477,contact,0.0022736174055456213,-0.00022638259445437875,0.00022638259445437875,0.00037615039749279373,0.00037615039749279373,0.0,0.00037615039749279373,300.63487067955714,300.4879388470422,5.5268467204843627e-05
442,449,contact,0.0023934509504479084,-0.00010654904955209165,0.00010654904955209165,0.00025805649763192807,0.00025805649763192807,0.0,0.00025805649763192807,300.46442855658967,300.5505714780902,-2.222974061821113e-05
442,477,contact,0.002419503909606264,-8.049609039373611e-05,8.049609039373611e-05,0.00022429903364946775,0.00022429903364946775,0.0,0.00022429903364946775,300.46442855658967,300.4879388470422,-5.273335429318683e-06
442,496,contact,0.0023768504534362263,-0.00012314954656377376,0.00012314954656377376,0.00027743191345329864,0.00027743191345329864,0.0,0.00027743191345329864,300.46442855658967,300.3658593812506,2.7346234921838495e-05
443,461,contact,0.0023206238589870616,-0.0001793761410129385,0.0001793761410129385,0.00033482844582425573,0.00033482844582425573,0.0,0.00033482844582425573,300.0875573053455,300.13969702817053,-1.745786235920825e-05
443,469,contact,0.0024636591051523347,-3.634089484766531e-05,3.634089484766531e-05,0.00015070852424395515,0.00015070852424395515,0.0,0.00015070852424395515,300.0875573053455,300.13735004986165,-7.504191044083669e-06
443,484,contact,0.0022916318121591873,-0.0002083681878408128,0.0002083681878408128,0.00036087410187004,0.00036087410187004,0.0,0.00036087410187004,300.0875573053455,300.22942845352776,-5.119762318153974e-05
443,488,contact,0.002422174062469501,-7.78259375304991e-05,7.78259375304991e-05,0.00022054752539206132,0.00022054752539206132,0.0,0.00022054752539206132,300.0875573053455,300.08354354588715,8.852247160602343e-07
443,489,contact,0.0024948283335933146,-5.171666406685472e-06,5.171666406685472e-06,5.685324532670426e-05,5.685324532670426e-05,0.0,5.685324532670426e-05,300.0875573053455,300.1785483447537,-5.17313588600672e-06
444,446,contact,0.0023960594350099077,-0.00010394056499009232,0.00010394056499009232,0.0002548781142405281,0.0002548781142405281,0.0,0.0002548781142405281,300.1121685864185,300.1947399372496,-2.104563019013173e-05
444,452,contact,0.002397996260757351,-0.00010200373924264912,0.00010200373924264912,0.00025249225141904,0.00025249225141904,0.0,0.00025249225141904,300.1121685864185,300.0801858422565,8.075395080010141e-06
444,465,contact,0.0024045596145656277,-9.544038543437237e-05,9.544038543437237e-05,0.0002442339880042963,0.0002442339880042963,0.0,0.0002442339880042963,300.1121685864185,300.09095843125044,5.180240782879078e-06
444,475,contact,0.0024199447493692904,-8.005525063070965e-05,8.005525063070965e-05,0.0002236839995265498,0.0002236839995265498,0.0,0.0002236839995265498,300.1121685864185,300.0773426965752,7.789994327211858e-06
445,461,contact,0.002390370701304005,-0.000109629298695995,0.000109629298695995,0.0002617600269044089,0.0002617600269044089,0.0,0.0002617600269044089,300.1898438867585,300.13969702817053,1.3126443053164739e-05
445,489,contact,0.0024569540459688077,-4.304595403119239e-05,4.304595403119239e-05,0.0001640235387665296,0.0001640235387665296,0.0,0.0001640235387665296,300.1898438867585,300.1785483447537,1.8527347719136746e-06
446,474,contact,0.0023980589835387272,-0.00010194101646127281,0.00010194101646127281,0.0002524146098947038,0.0002524146098947038,0.0,0.0002524146098947038,300.1947399372496,300.1989913641313,-1.0731222578387599e-06
446,478,contact,0.00233681539795081,-0.00016318460204919026,0.00016318460204919026,0.0003193593215811054,0.0003193593215811054,0.0,0.0003193593215811054,300.1947399372496,300.0899061236125,3.34796556019134e-05
446,482,contact,0.002403217040572906,-9.678295942709388e-05,9.678295942709388e-05,0.0002459458266406114,0.0002459458266406114,0.0,0.0002459458266406114,300.1947399372496,300.3022041853286,-2.6430383328100794e-05
446,492,contact,0.0024533698482903056,-4.663015170969448e-05,4.663015170969448e-05,0.00017071568416100218,0.00017071568416100218,0.0,0.00017071568416100218,300.1947399372496,300.1575760346562,6.344461057328549e-06
446,499,contact,0.0024330953817925023,-6.690461820749779e-05,6.690461820749779e-05,0.0002044881081620301,0.0002044881081620301,0.0,0.0002044881081620301,300.1947399372496,300.17755473087254,3.5141703404199404e-06
447,467,contact,0.0024435506616806634,-5.6449338319336604e-05,5.6449338319336604e-05,0.00018783193671360944,0.00018783193671360944,0.0,0.00018783193671360944,300.21853714211693,300.0887815046478,2.437225268533855e-05
447,469,contact,0.0024274600024099266,-7.253999759007342e-05,7.253999759007342e-05,0.00021292603996175735,0.00021292603996175735,0.0,0.00021292603996175735,300.21853714211693,300.13735004986165,1.728684604992601e-05
447,496,contact,0.0024138948394865915,-8.61051605134085e-05,8.61051605134085e-05,0.00023198216595436883,0.00023198216595436883,0.0,0.00023198216595436883,300.21853714211693,300.3658593812506,-3.41761321274701e-05
447,499,contact,0.0024486339547184276,-5.13660452815725e-05,5.13660452815725e-05,0.000179175272571253,0.000179175272571253,0.0,0.000179175272571253,300.21853714211693,300.17755473087254,7.343034705339997e-06
448,469,contact,0.0023855699615815094,-0.00011443003841849061,0.00011443003841849061,0.00026742994224947334,0.00026742994224947334,0.0,0.00026742994224947334,300.0740788602559,300.13735004986165,-1.692061058232312e-05
449,477,contact,0.002389018086913534,-0.00011098191308646626,0.00011098191308646626,0.0002633698837738313,0.0002633698837738313,0.0,0.0002633698837738313,300.5505714780902,300.4879388470422,1.649554875956578e-05
450,471,contact,0.0024501181654506573,-4.988183454934271e-05,4.988183454934271e-05,0.00017656768275462866,0.00017656768275462866,0.0,0.00017656768275462866,300.4760583669631,300.4546784585552,3.7750008850956224e-06
450,481,contact,0.0024142760737952077,-8.572392620479234e-05,8.572392620479234e-05,0.000231468040726998,0.000231468040726998,0.0,0.000231468040726998,300.4760583669631,300.45490023374845,4.897431640640324e-06
451,456,contact,0.0024860107953506563,-1.3989204649343754e-05,1.3989204649343754e-05,9.350536297902835e-05,9.350536297902835e-05,0.0,9.350536297902835e-05,300.34897050940833,300.4427455087631,-8.768465353025365e-06
451,459,contact,0.002373067694799285,-0.00012693230520071513,0.00012693230520071513,0.00028166059495507526,0.00028166059495507526,0.0,0.00028166059495507526,300.34897050940833,300.30308643681605,1.2923735185305386e-05
451,463,contact,0.00239489544648613,-0.00010510455351387012,0.00010510455351387012,0.0002563012796420822,0.0002563012796420822,0.0,0.0002563012796420822,300.34897050940833,300.34154714325336,1.9026182447697578e-06
451,477,contact,0.0023476028922498793,-0.00015239710775012075,0.00015239710775012075,0.00030862305867161884,0.00030862305867161884,0.0,0.00030862305867161884,300.34897050940833,300.4879388470422,-4.288883341907066e-05
451,482,contact,0.0023393392785143424,-0.00016066072148565765,0.00016066072148565765,0.00031688002608011763,0.00031688002608011763,0.0,0.00031688002608011763,300.34897050940833,300.3022041853286,1.4819313994054957e-05
451,493,contact,0.0023677045149257964,-0.00013229548507420362,0.00013229548507420362,0.00028754943604774685,0.00028754943604774685,0.0,0.00028754943604774685,300.34897050940833,300.33915684105136,2.8219148016061044e-06
451,496,contact,0.0023199754483830205,-0.0001800245516169795,0.0001800245516169795,0.0003354330704635609,0.0003354330704635609,0.0,0.0003354330704635609,300.34897050940833,300.3658593812506,-5.6650861387084275e-06
451,497,contact,0.002405617388530436,-9.438261146956384e-05,9.438261146956384e-05,0.00024287678392237783,0.00024287678392237783,0.0,0.00024287678392237783,300.34897050940833,300.2466354805768,2.4854802685206493e-05
452,468,contact,0.002362029731751987,-0.00013797026824801306,0.00013797026824801306,0.00029365186472251145,0.00029365186472251145,0.0,0.00029365186472251145,300.0801858422565,300.1549558443371,-2.1956350536269466e-05
452,474,contact,0.00230670716274159,-0.00019329283725841003,0.00019329283725841003,0.00034757448595445876,0.00034757448595445876,0.0,0.00034757448595445876,300.0801858422565,300.1989913641313,-4.129376819417659e-05
452,475,contact,0.0023982018332837107,-0.00010179816671628938,0.00010179816671628938,0.00025223769384784836,0.00025223769384784836,0.0,0.00025223769384784836,300.0801858422565,300.0773426965752,7.17148509927342e-07
453,462,contact,0.0022677193526757233,-0.00023228064732427672,0.00023228064732427672,0.000381018903176303,0.000381018903176303,0.0,0.000381018903176303,300.4834577110683,300.409798725355,2.8065465945552876e-05
453,463,contact,0.002460143449252502,-3.985655074749796e-05,3.985655074749796e-05,0.000157830111883589,0.000157830111883589,0.0,0.000157830111883589,300.4834577110683,300.34154714325336,2.239776079569439e-05
453,477,contact,0.002318583444648909,-0.00018141655535109085,0.00018141655535109085,0.0003367274076971338,0.0003367274076971338,0.0,0.0003367274076971338,300.4834577110683,300.4879388470422,-1.508921300026386e-06
453,481,contact,0.0022400569556375125,-0.00025994304436248753,0.00025994304436248753,0.000403068732012984,0.000403068732012984,0.0,0.000403068732012984,300.4834577110683,300.45490023374845,1.1510626172801681e-05
454,495,contact,0.0024114421618608222,-8.855783813917781e-05,8.855783813917781e-05,0.00023526293553593632,0.00023526293553593632,0.0,0.00023526293553593632,300.26735684069035,300.3382761008818,-1.668467333867293e-05
455,458,contact,0.002411753006204844,-8.824699379515613e-05,8.824699379515613e-05,0.0002348496777131546,0.0002348496777131546,0.0,0.0002348496777131546,300.2076981859315,300.2828195421964,-1.764222630818715e-05
455,461,contact,0.0023670116940986996,-0.0001329883059013005,0.0001329883059013005,0.00028830138950118296,0.00028830138950118296,0.0,0.00028830138950118296,300.2076981859315,300.13969702817053,1.9604828270182255e-05
455,464,contact,0.0023637552583971114,-0.00013624474160288868,0.00013624474160288868,0.00029180980706927146,0.00029180980706927146,0.0,0.00029180980706927146,300.2076981859315,300.2595222011179,-1.5122755873085293e-05
455,487,contact,0.0024451651989180613,-5.4834801081938764e-05,5.4834801081938764e-05,0.00018512631005940708,0.00018512631005940708,0.0,0.00018512631005940708,300.2076981859315,300.0861798476734,2.2496241566275354e-05
455,488,contact,0.0023793146029896933,-0.00012068539701030672,0.00012068539701030672,0.00027464226392061677,0.00027464226392061677,0.0,0.00027464226392061677,300.2076981859315,300.08354354588715,3.409811141803414e-05
455,493,contact,0.002325335257548899,-0.0001746647424511012,0.0001746647424511012,0.00033040197340805677,0.00033040197340805677,0.0,0.00033040197340805677,300.2076981859315,300.33915684105136,-4.343419907316531e-05
456,477,contact,0.0023534101844132484,-0.0001465898155867517,0.0001465898155867517,0.00030268570290273013,0.00030268570290273013,0.0,0.00030268570290273013,300.4427455087631,300.4879388470422,-1.3679377363527586e-05
456,479,contact,0.0024596821760951145,-4.0317823904885506e-05,4.0317823904885506e-05,0.0001587407948214744,0.0001587407948214744,0.0,0.0001587407948214744,300.4427455087631,300.4645526326533,-3.4616801791004658e-06
456,482,contact,0.0023825112794276545,-0.00011748872057234551,0.00011748872057234551,0.00027098053501629216,0.00027098053501629216,0.0,0.00027098053501629216,300.4427455087631,300.3022041853286,3.808396301617601e-05
456,491,contact,0.0022630596816036485,-0.00023694031839635154,0.00023694031839635154,0.0003848216456980035,0.0003848216456980035,0.0,0.0003848216456980035,300.4427455087631,300.5154571343184,-2.7981007407573014e-05
457,461,contact,0.002308883924018395,-0.00019111607598160498,0.00019111607598160498,0.0003456118451218116,0.0003456118451218116,0.0,0.0003456118451218116,300.10888685650946,300.13969702817053,-1.0648360276303393e-05
457,487,contact,0.0023762357161534924,-0.00012376428384650766,0.00012376428384650766,0.00027812349308188134,0.00027812349308188134,0.0,0.00027812349308188134,300.10888685650946,300.0861798476734,6.315352614923534e-06
458,466,contact,0.00238255095777739,-0.0001174490422226099,0.0001174490422226099,0.000270934773311089,0.000270934773311089,0.0,0.000270934773311089,300.2828195421964,300.3781281032509,-2.582240338390173e-05
458,473,contact,0.00238908954689274,-0.00011091045310726013,0.00011091045310726013,0.0002632850796988648,0.0002632850796988648,0.0,0.0002632850796988648,300.2828195421964,300.4416975939713,-4.1830220523948946e-05
458,483,contact,0.002361997027034792,-0.00013800297296520788,0.00013800297296520788,0.00029368666653979193,0.00029368666653979193,0.0,0.00029368666653979193,300.2828195421964,300.1962791586293,2.5415756770904192e-05
459,496,contact,0.0023791082621436115,-0.00012089173785638854,0.00012089173785638854,0.0002748769473059588,0.0002748769473059588,0.0,0.0002748769473059588,300.30308643681605,300.3658593812506,-1.725483533956956e-05
459,499,contact,0.002392086589339943,-0.00010791341066005702,0.00010791341066005702,0.0002597034494621426,0.0002597034494621426,0.0,0.0002597034494621426,300.30308643681605,300.17755473087254,3.260101705039469e-05
460,470,contact,0.0023664061040623375,-0.0001335938959376626,0.0001335938959376626,0.00028895706421722784,0.00028895706421722784,0.0,0.00028895706421722784,300.36579870936015,300.28453309834504,2.34822723807461e-05
460,472,contact,0.0022630016100082637,-0.00023699838999173637,0.00023699838999173637,0.0003848688006903589,0.0003848688006903589,0.0,0.0003848688006903589,300.36579870936015,300.43446909494224,-2.6429088941925474e-05
461,488,contact,0.0024368209166863285,-6.317908331367151e-05,6.317908331367151e-05,0.00019871317789981794,0.00019871317789981794,0.0,0.00019871317789981794,300.13969702817053,300.08354354588715,1.1158436914671127e-05
461,489,contact,0.0024547534539338164,-4.524654606618368e-05,4.524654606618368e-05,0.00016816388224397295,0.00016816388224397295,0.0,0.00016816388224397295,300.13969702817053,300.1785483447537,-6.533388226919039e-06
462,463,contact,0.002445246418543537,-5.4753581456463106e-05,5.4753581456463106e-05,0.00018498915754792074,0.00018498915754792074,0.0,0.00018498915754792074,300.409798725355,300.34154714325336,1.26258026742974e-05
463,464,contact,0.0024991392394982715,-8.607605017285289e-07,8.607605017285289e-07,2.319429484981879e-05,2.319429484981879e-05,0.0,2.319429484981879e-05,300.34154714325336,300.2595222011179,1.9025106929298838e-06
463,484,contact,0.0023685283501786512,-0.00013147164982134883,0.00013147164982134883,0.0002866527187004216,0.0002866527187004216,0.0,0.0002866527187004216,300.34154714325336,300.22942845352776,3.213912722697377e-05
463,493,contact,0.0024400880069374545,-5.9911993062545556e-05,5.9911993062545556e-05,0.00019350709460919249,0.00019350709460919249,0.0,0.00019350709460919249,300.34154714325336,300.33915684105136,4.625404343474015e-07
464,489,contact,0.0024723711769068985,-2.7628823093101516e-05,2.7628823093101516e-05,0.00013140781724535434,0.00013140781724535434,0.0,0.00013140781724535434,300.2595222011179,300.1785483447537,1.0640597718752204e-05
465,469,contact,0.0023485399749844575,-0.00015146002501554255,0.00015146002501554255,0.00030767274113043246,0.00030767274113043246,0.0,0.00030767274113043246,300.09095843125044,300.13735004986165,-1.42734364635886e-05
465,488,contact,0.0023698640150860966,-0.00013013598491390345,0.00013013598491390345,0.0002851929006325186,0.0002851929006325186,0.0,0.0002851929006325186,300.09095843125044,300.08354354588715,2.114672664614042e-06
465,497,contact,0.0023014591675717387,-0.0001985408324282614,0.0001985408324282614,0.00035226129544368534,0.00035226129544368534,0.0,0.00035226129544368534,300.09095843125044,300.2466354805768,-5.4838999066553044e-05
465,499,contact,0.002365330134590096,-0.00013466986540990392,0.00013466986540990392,0.00029011836529456377,0.00029011836529456377,0.0,0.00029011836529456377,300.09095843125044,300.17755473087254,-2.512317688692233e-05
466,473,contact,0.002289305710581051,-0.00021069428941894886,0.00021069428941894886,0.0003628828059950527,0.0003628828059950527,0.0,0.0003628828059950527,300.3781281032509,300.4416975939713,-2.3068275168294116e-05
466,485,contact,0.0023812786310929692,-0.00011872136890703081,0.00011872136890703081,0.0002723983398754373,0.0002723983398754373,0.0,0.0002723983398754373,300.3781281032509,300.495865644669,-3.207151082330057e-05
468,483,contact,0.002424504529102887,-7.549547089711305e-05,7.549547089711305e-05,0.00021722032434994578,0.00021722032434994578,0.0,0.00021722032434994578,300.1549558443371,300.1962791586293,-8.97626373376326e-06
469,484,contact,0.0024134844393324767,-8.651556066752338e-05,8.651556066752338e-05,0.00023253435319797828,0.00023253435319797828,0.0,0.00023253435319797828,300.13735004986165,300.22942845352776,-2.1411392040000668e-05
470,483,contact,0.0024987589884209716,-1.2410115790284504e-06,1.2410115790284504e-06,2.7850174809016576e-05,2.7850174809016576e-05,0.0,2.7850174809016576e-05,300.28453309834504,300.1962791586293,2.4578876486678138e-06
472,473,contact,0.002407382274608668,-9.26177253913322e-05,9.26177253913322e-05,0.00024059525841043215,0.00024059525841043215,0.0,0.00024059525841043215,300.43446909494224,300.4416975939713,-1.739142591814827e-06
472,481,contact,0.0024054441814351053,-9.455581856489476e-05,9.455581856489476e-05,0.00024309954052416312,0.00024309954052416312,0.0,0.00024309954052416312,300.43446909494224,300.45490023374845,-4.966800456173202e-06
472,491,contact,0.002413628302970447,-8.637169702955302e-05,8.637169702955302e-05,0.0002323409362197515,0.0002323409362197515,0.0,0.0002323409362197515,300.43446909494224,300.5154571343184,-1.8816836891260496e-05
472,493,contact,0.00225428175532696,-0.0002457182446730399,0.0002457182446730399,0.0003918850634059047,0.0003918850634059047,0.0,0.0003918850634059047,300.43446909494224,300.33915684105136,3.735144865938778e-05
473,481,contact,0.0022466516365694075,-0.0002533483634305925,0.0002533483634305925,0.0003979230166051222,0.0003979230166051222,0.0,0.0003979230166051222,300.4416975939713,300.45490023374845,-5.253634247273632e-06
473,485,contact,0.0023469886021456323,-0.0001530113978543677,0.0001530113978543677,0.00030924443998070494,0.00030924443998070494,0.0,0.00030924443998070494,300.4416975939713,300.495865644669,-1.6751168502851462e-05
474,490,contact,0.0023982663232291323,-0.00010173367677086776,0.00010173367677086776,0.0002521577839008591,0.0002521577839008591,0.0,0.0002521577839008591,300.1989913641313,300.2108624439454,-2.9933851784371395e-06
474,492,contact,0.002410204749178387,-8.97952508216132e-05,8.97952508216132e-05,0.00023690089017035847,0.00023690089017035847,0.0,0.00023690089017035847,300.1989913641313,300.1575760346562,9.81132841935331e-06
474,500,contact,0.002385786442852889,-0.00011421355714711116,0.00011421355714711116,0.00026717685756244775,0.00026717685756244775,0.0,0.00026717685756244775,300.1989913641313,300.3282806046259,-3.454309299197906e-05
475,483,contact,0.0024747828955284145,-2.5217104471585584e-05,2.5217104471585584e-05,0.00012554158790911078,0.00012554158790911078,0.0,0.00012554158790911078,300.0773426965752,300.1962791586293,-1.4931472306560908e-05
475,487,contact,0.002387713569505355,-0.00011228643049464521,0.00011228643049464521,0.0002649132293018853,0.0002649132293018853,0.0,0.0002649132293018853,300.0773426965752,300.0861798476734,-2.341078235250612e-06
475,490,contact,0.0024341224702138543,-6.587752978614572e-05,6.587752978614572e-05,0.00020291243460256712,0.00020291243460256712,0.0,0.00020291243460256712,300.0773426965752,300.2108624439454,-2.7092817006407193e-05
476,485,contact,0.0022800098581731453,-0.00021999014182685472,0.00021999014182685472,0.0003708016162879879,0.0003708016162879879,0.0,0.0003708016162879879,300.4497272402207,300.495865644669,-1.710819494237844e-05
477,496,contact,0.002393807340159186,-0.00010619265984081411,0.00010619265984081411,0.00025762455706028654,0.00025762455706028654,0.0,0.00025762455706028654,300.4879388470422,300.3658593812506,3.145066830072107e-05
478,499,contact,0.0023731026601476806,-0.0001268973398523194,0.0001268973398523194,0.0002816217985307594,0.0002816217985307594,0.0,0.0002816217985307594,300.0899061236125,300.17755473087254,-2.468375841529545e-05
479,494,contact,0.0024117075938222695,-8.829240617773057e-05,8.829240617773057e-05,0.00023491009740128586,0.00023491009740128586,0.0,0.00023491009740128586,300.4645526326533,300.52832162208836,-1.4979979519371863e-05
481,493,contact,0.002400406857680589,-9.959314231941085e-05,9.959314231941085e-05,0.0002494909095530973,0.0002494909095530973,0.0,0.0002494909095530973,300.45490023374845,300.33915684105136,2.8876924318756777e-05
482,490,contact,0.0024233350263634617,-7.66649736365383e-05,7.66649736365383e-05,0.00021889634195855454,0.00021889634195855454,0.0,0.00021889634195855454,300.3022041853286,300.2108624439454,1.999437305690448e-05
482,497,contact,0.0023647303398062116,-0.00013526966019378845,0.00013526966019378845,0.0002907637144162211,0.0002907637144162211,0.0,0.0002907637144162211,300.3022041853286,300.2466354805768,1.615736299893352e-05
482,500,contact,0.002279569895982566,-0.00022043010401743418,0.00022043010401743418,0.0003711722174555854,0.0003711722174555854,0.0,0.0003711722174555854,300.3022041853286,300.3282806046259,-9.678842373874105e-06
483,490,contact,0.0023979766512624767,-0.00010202334873752337,0.00010202334873752337,0.0002525165201743286,0.0002525165201743286,0.0,0.0002525165201743286,300.1962791586293,300.2108624439454,-3.68252046073625e-06
485,498,contact,0.002339243304302128,-0.0001607566956978719,0.0001607566956978719,0.00031697465957260674,0.00031697465957260674,0.0,0.00031697465957260674,300.495865644669,300.56247296705845,-2.1112833339445993e-05
486,494,contact,0.0024047313468817115,-9.526865311828853e-05,9.526865311828853e-05,0.0002440141557347244,0.0002440141557347244,0.0,0.0002440141557347244,300.5357097298218,300.52832162208836,1.802802871054421e-06
487,488,contact,0.002364773031392232,-0.00013522696860776822,0.00013522696860776822,0.00029071782776406255,0.00029071782776406255,0.0,0.00029071782776406255,300.0861798476734,300.08354354588715,7.664199286301719e-07
490,497,contact,0.0024816252033697584,-1.837479663024163e-05,1.837479663024163e-05,0.00010716458320686466,0.00010716458320686466,0.0,0.00010716458320686466,300.2108624439454,300.2466354805768,-3.833602560646071e-06
491,494,contact,0.0024142332289983927,-8.576677100160732e-05,8.576677100160732e-05,0.0002315258773355682,0.0002315258773355682,0.0,0.0002315258773355682,300.5154571343184,300.52832162208836,-2.978461817409378e-06
493,497,contact,0.0023728824602158444,-0.00012711753978415568,0.00012711753978415568,0.0002818660362035435,0.0002818660362035435,0.0,0.0002818660362035435,300.33915684105136,300.2466354805768,2.6078629141124445e-05
497,499,contact,0.0024762401510354374,-2.3759848964562645e-05,2.3759848964562645e-05,0.00012186018875273275,0.00012186018875273275,0.0,0.00012186018875273275,300.2466354805768,300.17755473087254,8.418193198140874e-06
