id_i,id_j,edge_kind,distance_m,surface_gap_m,overlap_m,contact_radius_m,g_contact_W_K,g_gap_W_K,g_total_W_K,T_i_K,T_j_K,heat_i_to_j_W
1,72,contact,0.0014507838743244982,-4.9216125675501836e-05,4.9216125675501836e-05,0.00013585303503533953,0.00013585303503533953,0.0,0.00013585303503533953,300.18488401801227,300.14931757818476,4.831808795968371e-06
1,94,contact,0.0013977053341611514,-0.00010229466583884864,0.00010229466583884864,0.00019585836640176552,0.00019585836640176552,0.0,0.00019585836640176552,300.18488401801227,300.16048543571304,4.778666471645672e-06
1,178,contact,0.0016842270892346838,-6.577291076531621e-05,6.577291076531621e-05,0.00016789398538361242,0.00016789398538361242,0.0,0.00016789398538361242,300.18488401801227,300.1909528742278,-1.0189244567414866e-06
1,282,contact,0.0016379330984200788,-0.00011206690157992126,0.00011206690157992126,0.00021915444806273163,0.00021915444806273163,0.0,0.00021915444806273163,300.18488401801227,300.20084191349866,-3.497243777563563e-06
1,478,contact,0.0019949739872990825,-5.026012700917563e-06,5.026012700917563e-06,4.8538061905633474e-05,4.8538061905633474e-05,0.0,4.8538061905633474e-05,300.18488401801227,300.28983890976747,-5.094307033312899e-06
2,62,contact,0.0014690244143988887,-3.0975585601111365e-05,3.0975585601111365e-05,0.00010777682775261463,0.00010777682775261463,0.0,0.00010777682775261463,300.5647637822019,300.49959796549024,7.02336500309204e-06
2,219,contact,0.0016546151353713646,-9.53848646286354e-05,9.53848646286354e-05,0.00020218612142772462,0.00020218612142772462,0.0,0.00020218612142772462,300.5647637822019,300.6123882933823,-9.629015200456767e-06
2,356,contact,0.0016756592693325217,-7.434073066747834e-05,7.434073066747834e-05,0.00017849457454837387,0.00017849457454837387,0.0,0.00017849457454837387,300.5647637822019,300.6122506728947,-8.476152350830544e-06
2,426,contact,0.0019817100141292115,-1.8289985870788544e-05,1.8289985870788544e-05,9.259282303144304e-05,9.259282303144304e-05,0.0,9.259282303144304e-05,300.5647637822019,300.5347396012645,2.7800236722009712e-06
2,477,contact,0.0019141829614746865,-8.581703852531355e-05,8.581703852531355e-05,0.00020056604101577298,0.00020056604101577298,0.0,0.00020056604101577298,300.5647637822019,300.5233720349553,8.301778875980292e-06
3,104,contact,0.0017050775989717556,-4.492240102824444e-05,4.492240102824444e-05,0.00013875322548875514,0.00013875322548875514,0.0,0.00013875322548875514,300.0516396514849,300.04996090571314,2.329313906066893e-07
3,246,contact,0.0017147452431483816,-3.525475685161846e-05,3.525475685161846e-05,0.0001229194106227185,0.0001229194106227185,0.0,0.0001229194106227185,300.0516396514849,300.14341597569484,-1.1281091681006022e-05
3,366,contact,0.001722004083183312,-2.799591681668795e-05,2.799591681668795e-05,0.0001095365238826522,0.0001095365238826522,0.0,0.0001095365238826522,300.0516396514849,300.05744732700646,-6.361525884707722e-07
4,30,contact,0.0014888766800511054,-1.112331994889467e-05,1.112331994889467e-05,6.458517616942375e-05,6.458517616942375e-05,0.0,6.458517616942375e-05,300.35535986055925,300.4254272358368,-4.525313776031259e-06
4,70,contact,0.0014878756193311322,-1.2124380668867814e-05,1.2124380668867814e-05,6.742879763739993e-05,6.742879763739993e-05,0.0,6.742879763739993e-05,300.35535986055925,300.3693673501868,-9.44508183503714e-07
4,440,contact,0.0019906335176323245,-9.366482367675552e-06,9.366482367675552e-06,6.626113951516314e-05,6.626113951516314e-05,0.0,6.626113951516314e-05,300.35535986055925,300.2728103903939,5.469821959529787e-06
5,77,contact,0.001486830110794438,-1.3169889205561988e-05,1.3169889205561988e-05,7.027594504583873e-05,7.027594504583873e-05,0.0,7.027594504583873e-05,300.908553084647,300.947272745247,-2.72106074051975e-06
5,257,contact,0.0016510268634931423,-9.897313650685771e-05,9.897313650685771e-05,0.00020595402036119377,0.00020595402036119377,0.0,0.00020595402036119377,300.908553084647,300.9451553613247,-7.5383860361417114e-06
5,258,contact,0.0016720125629315701,-7.798743706842991e-05,7.798743706842991e-05,0.00018282009549018782,0.00018282009549018782,0.0,0.00018282009549018782,300.908553084647,300.94258868490954,-6.2223916900636554e-06
5,347,contact,0.001671676428017396,-7.832357198260401e-05,7.832357198260401e-05,0.00018321365979479182,0.00018321365979479182,0.0,0.00018321365979479182,300.908553084647,300.81751642140875,1.6679160247384302e-05
5,483,contact,0.0018891134230638446,-0.00011088657693615546,0.00011088657693615546,0.0002279870236193781,0.0002279870236193781,0.0,0.0002279870236193781,300.908553084647,300.9094185803121,-1.9732178064065416e-07
6,126,contact,0.0017265885821758453,-2.3411417824154707e-05,2.3411417824154707e-05,0.00010016718415619254,0.00010016718415619254,0.0,0.00010016718415619254,300.03719495320945,300.13261471398704,-9.557928749948513e-06
6,315,contact,0.0017227386191758737,-2.7261380824126352e-05,2.7261380824126352e-05,0.00010809000381453218,0.00010809000381453218,0.0,0.00010809000381453218,300.03719495320945,300.0587455055385,-2.329399283454931e-06
6,398,contact,0.0017096721767929665,-4.0327823207033514e-05,4.0327823207033514e-05,0.00013146616600104516,0.00013146616600104516,0.0,0.00013146616600104516,300.03719495320945,300.0451062574423,-1.0400688355585891e-06
7,55,contact,0.0014158601897163142,-8.413981028368585e-05,8.413981028368585e-05,0.0001776300336552977,0.0001776300336552977,0.0,0.0001776300336552977,300.03657733721354,300.0559711158929,-3.4449175595127646e-06
7,316,contact,0.0016861083872634047,-6.389161273659535e-05,6.389161273659535e-05,0.00016547543547081286,0.00016547543547081286,0.0,0.00016547543547081286,300.03657733721354,300.0652753887608,-4.7488225769500846e-06
7,357,contact,0.0017066749178739342,-4.3325082126065804e-05,4.3325082126065804e-05,0.00013626405373297275,0.00013626405373297275,0.0,0.00013626405373297275,300.03657733721354,300.06008954243845,-3.203868396146993e-06
8,43,contact,0.001477784991608725,-2.2215008391274996e-05,2.2215008391274996e-05,9.127227479759735e-05,9.127227479759735e-05,0.0,9.127227479759735e-05,300.5462972363261,300.6089618728646,-5.719543926233528e-06
8,99,contact,0.0014647053981603267,-3.529460183967332e-05,3.529460183967332e-05,0.00011504553746181333,0.00011504553746181333,0.0,0.00011504553746181333,300.5462972363261,300.44361194717754,1.1813484279517016e-05
8,182,contact,0.0017374261996412968,-1.2573800358703239e-05,1.2573800358703239e-05,7.340825282147361e-05,7.340825282147361e-05,0.0,7.340825282147361e-05,300.5462972363261,300.52545354761617,1.5300987705507122e-06
8,489,contact,0.00197270530358693,-2.7294696413070196e-05,2.7294696413070196e-05,0.00011311228467158929,0.00011311228467158929,0.0,0.00011311228467158929,300.5462972363261,300.6136996333864,-7.624039123829603e-06
9,14,contact,0.0014598409269506044,-4.015907304939564e-05,4.015907304939564e-05,0.0001227177753771774,0.0001227177753771774,0.0,0.0001227177753771774,300.5032854219507,300.497461411762,7.147095741299905e-07
9,29,contact,0.0014640700351417622,-3.5929964858237877e-05,3.5929964858237877e-05,0.00011607642664141244,0.00011607642664141244,0.0,0.00011607642664141244,300.5032854219507,300.45688262690777,5.386270634756309e-06
9,174,contact,0.0016574768448759697,-9.252315512403033e-05,9.252315512403033e-05,0.00019913005992928733,0.00019913005992928733,0.0,0.00019913005992928733,300.5032854219507,300.5097800786857,-1.2932813848636496e-06
9,182,contact,0.0016402528266703277,-0.00010974717332967233,0.00010974717332967233,0.00021687439419067862,0.00021687439419067862,0.0,0.00021687439419067862,300.5032854219507,300.52545354761617,-4.8076988240423615e-06
10,128,contact,0.0016557078435823157,-9.42921564176843e-05,9.42921564176843e-05,0.00020102468549660152,0.00020102468549660152,0.0,0.00020102468549660152,300.02830600402575,300.05870772467364,-6.111496331797118e-06
10,212,contact,0.0016569115379222869,-9.308846207771318e-05,9.308846207771318e-05,0.00019973746562966795,0.00019973746562966795,0.0,0.00019973746562966795,300.02830600402575,300.0535553485091,-5.043240075918832e-06
11,137,contact,0.001695782372593842,-5.421762740615813e-05,5.421762740615813e-05,0.00015243400549487185,0.00015243400549487185,0.0,0.00015243400549487185,300.530327979655,300.4944479882327,5.469330809621517e-06
11,153,contact,0.0016616612495632189,-8.833875043678116e-05,8.833875043678116e-05,0.00019457508697905344,0.00019457508697905344,0.0,0.00019457508697905344,300.530327979655,300.454054244353,1.484096868060036e-05
11,437,contact,0.00198544527663192,-1.4554723368080235e-05,1.4554723368080235e-05,8.259858702658061e-05,8.259858702658061e-05,0.0,8.259858702658061e-05,300.530327979655,300.641163719066,-9.154875467396197e-06
11,457,contact,0.0019136351787370552,-8.636482126294482e-05,8.636482126294482e-05,0.00020120514398743733,0.00020120514398743733,0.0,0.00020120514398743733,300.530327979655,300.58577101556233,-1.115542402283515e-05
12,28,contact,0.001482488698101944,-1.7511301898056036e-05,1.7511301898056036e-05,8.103541331893738e-05,8.103541331893738e-05,0.0,8.103541331893738e-05,300.5321615952878,300.58567710925684,-4.336651793457008e-06
12,52,contact,0.0014532879179639535,-4.6712082036046544e-05,4.6712082036046544e-05,0.0001323519201353628,0.0001323519201353628,0.0,0.0001323519201353628,300.5321615952878,300.54472277705247,-1.6624965257248816e-06
12,138,contact,0.001670879784095792,-7.912021590420794e-05,7.912021590420794e-05,0.00018414305297497993,0.00018414305297497993,0.0,0.00018414305297497993,300.5321615952878,300.44066506852613,1.684844977449892e-05
12,313,contact,0.0016915845188461619,-5.8415481153838156e-05,5.8415481153838156e-05,0.00015822517564783356,0.00015822517564783356,0.0,0.00015822517564783356,300.5321615952878,300.5604709126441,-4.479246711175827e-06
12,379,contact,0.0016741619052230274,-7.583809477697268e-05,7.583809477697268e-05,0.0001802832233423359,0.0001802832233423359,0.0,0.0001802832233423359,300.5321615952878,300.5674951922029,-6.370054744134659e-06
13,219,contact,0.0017252035266889529,-2.4796473311047146e-05,2.4796473311047146e-05,0.00010308763257757342,0.00010308763257757342,0.0,0.00010308763257757342,300.56255851594096,300.6123882933823,-5.136833788295719e-06
13,352,contact,0.0017295505070682384,-2.0449492931761673e-05,2.0449492931761673e-05,9.361660322467607e-05,9.361660322467607e-05,0.0,9.361660322467607e-05,300.56255851594096,300.51352746991324,4.590119981668029e-06
13,426,contact,0.0019730224112259847,-2.6977588774015297e-05,2.6977588774015297e-05,0.00011245330025312583,0.00011245330025312583,0.0,0.00011245330025312583,300.56255851594096,300.5347396012645,3.1283287648279234e-06
13,444,contact,0.001969000893672728,-3.0999106327271944e-05,3.0999106327271944e-05,0.00012054389694592059,0.00012054389694592059,0.0,0.00012054389694592059,300.56255851594096,300.58397490468906,-2.5816149582039675e-06
14,136,contact,0.001694746930989993,-5.5253069010007027e-05,5.5253069010007027e-05,0.0001538827044166252,0.0001538827044166252,0.0,0.0001538827044166252,300.497461411762,300.44570207954945,7.964866019666495e-06
14,144,contact,0.0015805328381593333,-0.0001694671618406667,0.0001694671618406667,0.0002694972794779198,0.0002694972794779198,0.0,0.0002694972794779198,300.497461411762,300.5892649467795,-2.4740802933673434e-05
14,173,contact,0.0016924007674602374,-5.7599232539762594e-05,5.7599232539762594e-05,0.00015711583425671635,0.00015711583425671635,0.0,0.00015711583425671635,300.497461411762,300.4192013788353,1.229589036223988e-05
14,174,contact,0.0016096040735845566,-0.00014039592641544346,0.00014039592641544346,0.0002452950932030149,0.0002452950932030149,0.0,0.0002452950932030149,300.497461411762,300.5097800786857,-3.021708551186946e-06
14,292,contact,0.0017041820699385376,-4.581793006146239e-05,4.581793006146239e-05,0.00014012942496359119,0.00014012942496359119,0.0,0.00014012942496359119,300.497461411762,300.5773202499446,-1.1190573072786534e-05
14,373,contact,0.001654326716734031,-9.567328326596895e-05,9.567328326596895e-05,0.00020249156941812483,0.00020249156941812483,0.0,0.00020249156941812483,300.497461411762,300.4016201981953,1.940703775005884e-05
15,141,contact,0.0016974728750269472,-5.252712497305287e-05,5.252712497305287e-05,0.00015003874495759828,0.00015003874495759828,0.0,0.00015003874495759828,300.82756132493984,300.7397673123788,1.3172503459453379e-05
15,190,contact,0.0017396225819620332,-1.0377418037966872e-05,1.0377418037966872e-05,6.668931603648649e-05,6.668931603648649e-05,0.0,6.668931603648649e-05,300.82756132493984,300.83169924302024,-2.7595492659707846e-07
15,278,contact,0.001738981596398712,-1.1018403601288033e-05,1.1018403601288033e-05,6.871806874454917e-05,6.871806874454917e-05,0.0,6.871806874454917e-05,300.82756132493984,300.7702892439466,3.9356267988370905e-06
15,307,contact,0.001696834053797575,-5.316594620242499e-05,5.316594620242499e-05,0.00015094835380130846,0.00015094835380130846,0.0,0.00015094835380130846,300.82756132493984,300.93907082410186,-1.6832175331716113e-05
16,31,contact,0.0014999975053729252,-2.494627074790118e-09,2.494627074790118e-09,9.672048144246876e-07,9.672048144246876e-07,0.0,9.672048144246876e-07,300.0616751166782,300.0616751166782,0.0
16,350,contact,0.0017060521278346107,-4.39478721653893e-05,4.39478721653893e-05,0.00013723994446441392,0.00013723994446441392,0.0,0.00013723994446441392,300.0616751166782,300.05336126574144,1.1409924408461697e-06
16,427,contact,0.0019546881644471486,-4.5311835552851436e-05,4.5311835552851436e-05,0.00014573922915742045,0.00014573922915742045,0.0,0.00014573922915742045,300.0616751166782,300.146956150994,-1.2428792202934046e-05
17,101,contact,0.0017188420231917568,-3.1157976808243205e-05,3.1157976808243205e-05,0.00011555699300390362,0.00011555699300390362,0.0,0.00011555699300390362,300.1339207353021,300.0699374842771,7.393712091067068e-06
17,115,contact,0.0016621811123941925,-8.781888760580757e-05,8.781888760580757e-05,0.0001940017167882147,0.0001940017167882147,0.0,0.0001940017167882147,300.1339207353021,300.22505922879907,-1.7681024203898274e-05
17,119,contact,0.0016911394252396813,-5.8860574760318755e-05,5.8860574760318755e-05,0.0001588268258562299,0.0001588268258562299,0.0,0.0001588268258562299,300.1339207353021,300.19968488855164,-1.044511171574356e-05
17,241,contact,0.0016839083760406923,-6.609162395930773e-05,6.609162395930773e-05,0.00016830027242059403,0.00016830027242059403,0.0,0.00016830027242059403,300.1339207353021,300.0536356337208,1.3512004467456782e-05
17,427,contact,0.0019135812597093837,-8.641874029061635e-05,8.641874029061635e-05,0.00020126794208523725,0.00020126794208523725,0.0,0.00020126794208523725,300.1339207353021,300.146956150994,-2.6236112905319823e-06
17,480,contact,0.0019222927988212415,-7.770720117875854e-05,7.770720117875854e-05,0.0001908540032395,0.0001908540032395,0.0,0.0001908540032395,300.1339207353021,300.0823418819137,9.844030651686012e-06
18,144,contact,0.0015901290061501301,-0.0001598709938498699,0.0001598709938498699,0.0002617558790578978,0.0002617558790578978,0.0,0.0002617558790578978,300.66525038480563,300.5892649467795,1.988963512612727e-05
18,228,contact,0.0016131029675718162,-0.0001368970324281838,0.0001368970324281838,0.00024221923283450453,0.00024221923283450453,0.0,0.00024221923283450453,300.66525038480563,300.70134677246153,-8.743239326109612e-06
18,310,contact,0.0016587345630027725,-9.126543699722756e-05,9.126543699722756e-05,0.00019777198667429502,0.00019777198667429502,0.0,0.00019777198667429502,300.66525038480563,300.74873512507287,-1.6510942939639188e-05
18,367,contact,0.001732444421095234,-1.7555578904765966e-05,1.7555578904765966e-05,8.673995348519611e-05,8.673995348519611e-05,0.0,8.673995348519611e-05,300.66525038480563,300.64705791018145,1.578014402682518e-06
18,489,contact,0.001988490084083901,-1.1509915916098866e-05,1.1509915916098866e-05,7.345252266376794e-05,7.345252266376794e-05,0.0,7.345252266376794e-05,300.66525038480563,300.6136996333864,3.786532736957195e-06
19,124,contact,0.0017034624185757663,-4.653758142423377e-05,4.653758142423377e-05,0.00014122562711223145,0.00014122562711223145,0.0,0.00014122562711223145,300.7379929415968,300.847928604151,-1.5525732886210546e-05
19,168,contact,0.0017340251894364174,-1.5974810563582596e-05,1.5974810563582596e-05,8.274265758599092e-05,8.274265758599092e-05,0.0,8.274265758599092e-05,300.7379929415968,300.74894851530007,-9.064932835866395e-07
19,232,contact,0.001712870349880574,-3.712965011942607e-05,3.712965011942607e-05,0.0001261455793678072,0.0001261455793678072,0.0,0.0001261455793678072,300.7379929415968,300.692363068625,5.756006762507338e-06
19,308,contact,0.0017163959089324362,-3.3604091067563875e-05,3.3604091067563875e-05,0.00012000730525543114,0.00012000730525543114,0.0,0.00012000730525543114,300.7379929415968,300.64902986235296,1.0676219407280277e-05
20,126,contact,0.0017232631819893338,-2.6736818010666226e-05,2.6736818010666226e-05,0.00010704501992286014,0.00010704501992286014,0.0,0.00010704501992286014,300.2563203934456,300.13261471398704,1.3242076922213246e-05
20,252,contact,0.00167747376852814,-7.252623147185997e-05,7.252623147185997e-05,0.0001763027811204268,0.0001763027811204268,0.0,0.0001763027811204268,300.2563203934456,300.23863636831726,3.117742811531009e-06
20,456,contact,0.0019230023294317662,-7.699767056823384e-05,7.699767056823384e-05,0.00018998067817243842,0.00018998067817243842,0.0,0.00018998067817243842,300.2563203934456,300.34858652903824,-1.752878301223952e-05
20,493,contact,0.0019495799261379351,-5.0420073862064924e-05,5.0420073862064924e-05,0.00015373486794752496,0.00015373486794752496,0.0,0.00015373486794752496,300.2563203934456,300.24871663189134,1.1689632784493302e-06
21,72,contact,0.0014387112496953654,-6.128875030463467e-05,6.128875030463467e-05,0.00015160237915098166,0.00015160237915098166,0.0,0.00015160237915098166,300.1616325859823,300.14931757818476,1.8669844813720453e-06
21,184,contact,0.0016943588757993395,-5.5641124200660544e-05,5.5641124200660544e-05,0.00015442213599739312,0.00015442213599739312,0.0,0.00015442213599739312,300.1616325859823,300.1754213586266,-2.1292917245092635e-06
21,202,contact,0.0016846797054633261,-6.532029453667392e-05,6.532029453667392e-05,0.0001673153069634958,0.0001673153069634958,0.0,0.0001673153069634958,300.1616325859823,300.1748420306525,-2.2101422898063315e-06
21,252,contact,0.0017034303772094713,-4.656962279052878e-05,4.656962279052878e-05,0.00014127423603534184,0.00014127423603534184,0.0,0.00014127423603534184,300.1616325859823,300.23863636831726,-1.087865052120057e-05
21,271,contact,0.0017251917603559336,-2.4808239644066388e-05,2.4808239644066388e-05,0.00010311208806245697,0.00010311208806245697,0.0,0.00010311208806245697,300.1616325859823,300.1835493718155,-2.259885550877314e-06
21,315,contact,0.001696282505952354,-5.371749404764611e-05,5.371749404764611e-05,0.00015172930884729192,0.00015172930884729192,0.0,0.00015172930884729192,300.1616325859823,300.0587455055385,1.5610985605052425e-05
22,246,contact,0.0017006109649086243,-4.938903509137571e-05,4.938903509137571e-05,0.00014548790095700502,0.00014548790095700502,0.0,0.00014548790095700502,300.144516078291,300.14341597569484,1.6005161755604632e-07
22,328,contact,0.0016927619713518127,-5.7238028648187375e-05,5.7238028648187375e-05,0.00015662242402148555,0.00015662242402148555,0.0,0.00015662242402148555,300.144516078291,300.17959350429595,-5.493911489326747e-06
22,357,contact,0.001729131180363422,-2.0868819636578068e-05,2.0868819636578068e-05,9.457155938361038e-05,9.457155938361038e-05,0.0,9.457155938361038e-05,300.144516078291,300.06008954243845,7.984349148934001e-06
22,441,contact,0.0019335606872878338,-6.643931271216623e-05,6.643931271216623e-05,0.0001764750062581892,0.0001764750062581892,0.0,0.0001764750062581892,300.144516078291,300.15953514151926,-2.650489277195339e-06
23,121,contact,0.0016119585549883094,-0.00013804144501169068,0.00013804144501169068,0.00024322956088996373,0.00024322956088996373,0.0,0.00024322956088996373,300.89022516906607,300.831550387567,1.4271441339332018e-05
23,405,contact,0.0018414539805544966,-0.00015854601944550344,0.00015854601944550344,0.00027261409834247334,0.00027261409834247334,0.0,0.00027261409834247334,300.89022516906607,300.9243004786739,-9.289409804478863e-06
23,446,contact,0.0019425570752232741,-5.7442924776725897e-05,5.7442924776725897e-05,0.00016409256835423798,0.00016409256835423798,0.0,0.00016409256835423798,300.89022516906607,300.9205862730751,-4.982031534914493e-06
24,130,contact,0.0017123742788698066,-3.7625721130193435e-05,3.7625721130193435e-05,0.00012698546789218515,0.00012698546789218515,0.0,0.00012698546789218515,300.4474008363317,300.46665202711847,-2.4446214695367886e-06
24,146,contact,0.0017291438074087426,-2.085619259125748e-05,2.085619259125748e-05,9.454294396408472e-05,9.454294396408472e-05,0.0,9.454294396408472e-05,300.4474008363317,300.44073901978845,6.298277481495272e-07
24,182,contact,0.001744838633398515,-5.1613666014851175e-06,5.1613666014851175e-06,4.7032055640587684e-05,4.7032055640587684e-05,0.0,4.7032055640587684e-05,300.4474008363317,300.52545354761617,-3.6709794600286243e-06
24,373,contact,0.0017164966067254542,-3.350339327454579e-05,3.350339327454579e-05,0.00011982736381003497,0.00011982736381003497,0.0,0.00011982736381003497,300.4474008363317,300.4016201981953,5.4857731814284505e-06
25,76,contact,0.001437808299357045,-6.219170064295496e-05,6.219170064295496e-05,0.00015271505407492777,0.00015271505407492777,0.0,0.00015271505407492777,300.6290007722896,300.6060331549387,3.5075009257150315e-06
25,92,contact,0.0014617013069365438,-3.829869306345621e-05,3.829869306345621e-05,0.00011984160337210146,0.00011984160337210146,0.0,0.00011984160337210146,300.6290007722896,300.5757657036505,6.379775981331556e-06
25,232,contact,0.0016633244926050963,-8.667550739490369e-05,8.667550739490369e-05,0.0001927346518568659,0.0001927346518568659,0.0,0.0001927346518568659,300.6290007722896,300.692363068625,-1.2212110125057354e-05
25,238,contact,0.0017389801661031106,-1.101983389688939e-05,1.101983389688939e-05,6.872252873555905e-05,6.872252873555905e-05,0.0,6.872252873555905e-05,300.6290007722896,300.537916069158,6.259571128333169e-06
25,308,contact,0.0016599495337509514,-9.005046624904864e-05,9.005046624904864e-05,0.00019645115668755423,0.00019645115668755423,0.0,0.00019645115668755423,300.6290007722896,300.64902986235296,-3.9347379103463495e-06
26,28,contact,0.0014270709062972312,-7.292909370276886e-05,7.292909370276886e-05,0.0001653735472756702,0.0001653735472756702,0.0,0.0001653735472756702,300.6867356141145,300.58567710925684,1.6712403430691738e-05
26,285,contact,0.0017037317623675389,-4.626823763246115e-05,4.626823763246115e-05,0.00014081635096687531,0.00014081635096687531,0.0,0.00014081635096687531,300.6867356141145,300.7219799227125,-4.962974929114214e-06
26,302,contact,0.0016924247748127544,-5.757522518724562e-05,5.757522518724562e-05,0.00015708308791470693,0.00015708308791470693,0.0,0.00015708308791470693,300.6867356141145,300.6183947825121,1.073518885876822e-05
26,415,contact,0.001925273460083008,-7.472653991699198e-05,7.472653991699198e-05,0.00018715786274183083,0.00018715786274183083,0.0,0.00018715786274183083,300.6867356141145,300.7445512733997,-1.0820655224819346e-05
26,482,contact,0.001956462667060121,-4.353733293987897e-05,4.353733293987897e-05,0.000142857008282997,0.000142857008282997,0.0,0.000142857008282997,300.6867356141145,300.7683834259778,-1.1663962135638755e-05
27,221,contact,0.0016870344394824901,-6.29655605175099e-05,6.29655605175099e-05,0.00016427184853708184,0.00016427184853708184,0.0,0.00016427184853708184,300.3012423866498,300.35106097700555,-8.1837919292516e-06
27,271,contact,0.001645612940517909,-0.00010438705948209097,0.00010438705948209097,0.00021151196468902276,0.00021151196468902276,0.0,0.00021151196468902276,300.3012423866498,300.1835493718155,2.4893480797774475e-05
27,384,contact,0.0016553992282528096,-9.460077174719048e-05,9.460077174719048e-05,0.00020135339056408526,0.00020135339056408526,0.0,0.00020135339056408526,300.3012423866498,300.35609373602,-1.1044505172707046e-05
27,468,contact,0.0019050867613838482,-9.491323861615187e-05,9.491323861615187e-05,0.00021092790379966607,0.00021092790379966607,0.0,0.00021092790379966607,300.3012423866498,300.32810077567166,-5.665183695818555e-06
28,52,contact,0.001420541496225999,-7.945850377400095e-05,7.945850377400095e-05,0.00017261789859470065,0.00017261789859470065,0.0,0.00017261789859470065,300.58567710925684,300.54472277705247,7.069450763466695e-06
28,156,contact,0.0016553096684306537,-9.469033156934634e-05,9.469033156934634e-05,0.00020144867999710744,0.00020144867999710744,0.0,0.00020144867999710744,300.58567710925684,300.5586319523931,5.448211150511372e-06
28,302,contact,0.0017130180114639786,-3.6981988536021436e-05,3.6981988536021436e-05,0.00012589449415401335,0.00012589449415401335,0.0,0.00012589449415401335,300.58567710925684,300.6183947825121,-4.118974924367624e-06
28,379,contact,0.0016383592508665487,-0.00011164074913345133,0.00011164074913345133,0.00021873736613324142,0.00021873736613324142,0.0,0.00021873736613324142,300.58567710925684,300.5674951922029,3.977064647631247e-06
29,99,contact,0.0014858557645343639,-1.4144235465636144e-05,1.4144235465636144e-05,7.282917203712778e-05,7.282917203712778e-05,0.0,7.282917203712778e-05,300.45688262690777,300.44361194717754,9.664926171222698e-07
29,187,contact,0.0017139230154823175,-3.607698451768256e-05,3.607698451768256e-05,0.0001243445406654129,0.0001243445406654129,0.0,0.0001243445406654129,300.45688262690777,300.42133801840316,4.4197780176374454e-06
30,99,contact,0.0014723642394801624,-2.7635760519837673e-05,2.7635760519837673e-05,0.00010180083592455971,0.00010180083592455971,0.0,0.00010180083592455971,300.4254272358368,300.44361194717754,-1.8512188155324192e-06
30,138,contact,0.0017228553344093517,-2.7144665590648348e-05,2.7144665590648348e-05,0.00010785837060830218,0.00010785837060830218,0.0,0.00010785837060830218,300.4254272358368,300.44066506852613,-1.6435278054707447e-06
30,182,contact,0.0016576521043029499,-9.234789569705017e-05,9.234789569705017e-05,0.00019894137222923258,0.00019894137222923258,0.0,0.00019894137222923258,300.4254272358368,300.52545354761617,-1.989937172441198e-05
30,369,contact,0.0016631410809068482,-8.685891909315183e-05,8.685891909315183e-05,0.000192938464386763,0.000192938464386763,0.0,0.000192938464386763,300.4254272358368,300.34047640198304,1.639028343212367e-05
30,373,contact,0.001724709854845156,-2.5290145154843952e-05,2.5290145154843952e-05,0.0001041087586987294,0.0001041087586987294,0.0,0.0001041087586987294,300.4254272358368,300.4016201981953,2.478521137152369e-06
32,322,contact,0.0016612493893655527,-8.875061063444737e-05,8.875061063444737e-05,0.00019502814152370866,0.00019502814152370866,0.0,0.00019502814152370866,300.45365143358106,300.5513605995381,-1.905603704643351e-05
32,330,contact,0.0016807330177824205,-6.926698221757953e-05,6.926698221757953e-05,0.00017229581980367312,0.00017229581980367312,0.0,0.00017229581980367312,300.45365143358106,300.3444791814003,1.880992268929905e-05
32,409,contact,0.0018451312614824991,-0.0001548687385175009,0.0001548687385175009,0.00026943407575894803,0.00026943407575894803,0.0,0.00026943407575894803,300.45365143358106,300.54403699801105,-2.4352951014146228e-05
32,438,contact,0.0018805581314227796,-0.00011944186857722043,0.00011944186857722043,0.0002366186296460447,0.0002366186296460447,0.0,0.0002366186296460447,300.45365143358106,300.37789786136017,1.7924706449699662e-05
32,442,contact,0.0019396456569693347,-6.035434303066538e-05,6.035434303066538e-05,0.0001681995787617329,0.0001681995787617329,0.0,0.0001681995787617329,300.45365143358106,300.4139702466789,6.674358921708503e-06
33,101,contact,0.0017078513227388977,-4.214867726110233e-05,4.214867726110233e-05,0.00013440133491221995,0.00013440133491221995,0.0,0.00013440133491221995,300.16426857217,300.0699374842771,1.2678224136527294e-05
33,115,contact,0.0017499507632657754,-4.92367342246839e-08,4.92367342246839e-08,4.593632280109557e-06,4.593632280109557e-06,0.0,4.593632280109557e-06,300.16426857217,300.22505922879907,-2.792499226204015e-07
33,214,contact,0.0017078930241452473,-4.210697585475278e-05,4.210697585475278e-05,0.00013433483090730434,0.00013433483090730434,0.0,0.00013433483090730434,300.16426857217,300.25656759938556,-1.2398974213912863e-05
35,136,contact,0.001720639418646451,-2.9360581353549044e-05,2.9360581353549044e-05,0.00011217444581712076,0.00011217444581712076,0.0,0.00011217444581712076,300.3790292725965,300.44570207954945,-7.47898517102077e-06
35,187,contact,0.0017380250275815944,-1.1974972418405663e-05,1.1974972418405663e-05,7.16388933224095e-05,7.16388933224095e-05,0.0,7.16388933224095e-05,300.3790292725965,300.42133801840316,-3.030951727449608e-06
35,373,contact,0.0017247172360129064,-2.5282763987093592e-05,2.5282763987093592e-05,0.00010409356502773343,0.00010409356502773343,0.0,0.00010409356502773343,300.3790292725965,300.4016201981953,-2.351569982857449e-06
35,402,contact,0.0019987621708447453,-1.237829155254725e-06,1.237829155254725e-06,2.4088013959761238e-05,2.4088013959761238e-05,0.0,2.4088013959761238e-05,300.3790292725965,300.28143115605803,2.3509447936245788e-06
35,484,contact,0.001959005385418835,-4.0994614581164966e-05,4.0994614581164966e-05,0.00013862260127742905,0.00013862260127742905,0.0,0.00013862260127742905,300.3790292725965,300.30320785537543,1.0510562087723216e-05
36,424,contact,0.0018700217041277877,-0.00012997829587221236,0.00012997829587221236,0.0002468346130308704,0.0002468346130308704,0.0,0.0002468346130308704,300.5653141512703,300.45196985197595,2.7977296255573594e-05
36,472,contact,0.0018700249523468933,-0.00012997504765310678,0.00012997504765310678,0.0002468315287547233,0.0002468315287547233,0.0,0.0002468315287547233,300.5653141512703,300.67865986685496,-2.797729625556249e-05
37,121,contact,0.0016787020809542119,-7.129791904578815e-05,7.129791904578815e-05,0.0001748034639806188,0.0001748034639806188,0.0,0.0001748034639806188,300.8588175176576,300.831550387567,4.766388792645763e-06
37,217,contact,0.0016654674820049775,-8.453251799502254e-05,8.453251799502254e-05,0.00019033712721869793,0.00019033712721869793,0.0,0.00019033712721869793,300.8588175176576,300.8170295235912,7.953806742829914e-06
37,475,contact,0.0019213608313900857,-7.863916860991436e-05,7.863916860991436e-05,0.00019199507880645627,0.00019199507880645627,0.0,0.00019199507880645627,300.8588175176576,300.92507023420904,-1.2720195535436714e-05
39,61,contact,0.001442610928143829,-5.738907185617111e-05,5.738907185617111e-05,0.00014670004071595945,0.00014670004071595945,0.0,0.00014670004071595945,300.4319683019328,300.51241465865866,-1.180148380713605e-05
39,81,contact,0.001421161400756437,-7.88385992435631e-05,7.88385992435631e-05,0.0001719432310861238,0.0001719432310861238,0.0,0.0001719432310861238,300.4319683019328,300.427375689077,7.896686935518671e-07
39,254,contact,0.0017247266653299008,-2.5273334670099278e-05,2.5273334670099278e-05,0.00010407415214321115,0.00010407415214321115,0.0,0.00010407415214321115,300.4319683019328,300.3575704944582,7.742888734233997e-06
39,277,contact,0.0016829416794410907,-6.705832055890933e-05,6.705832055890933e-05,0.00016952663578191057,0.00016952663578191057,0.0,0.00016952663578191057,300.4319683019328,300.39493496869795,6.278136395091308e-06
39,417,contact,0.0019510099852127886,-4.8990014787211444e-05,4.8990014787211444e-05,0.0001515390030041948,0.0001515390030041948,0.0,0.0001515390030041948,300.4319683019328,300.4518259620474,-3.009210015764179e-06
40,145,contact,0.0017025792914281558,-4.742070857184427e-05,4.742070857184427e-05,0.0001425593238497738,0.0001425593238497738,0.0,0.0001425593238497738,300.4695923223769,300.5115103972515,-5.975812411209412e-06
40,171,contact,0.001682024038205161,-6.797596179483893e-05,6.797596179483893e-05,0.00017068261497566462,0.00017068261497566462,0.0,0.00017068261497566462,300.4695923223769,300.40106226318727,1.1696889706924954e-05
40,173,contact,0.0016375513660645874,-0.00011244863393541265,0.00011244863393541265,0.00021952738254396744,0.00021952738254396744,0.0,0.00021952738254396744,300.4695923223769,300.4192013788353,1.1062191939614652e-05
40,204,contact,0.0016512119624082192,-9.878803759178086e-05,9.878803759178086e-05,0.00020576134329965265,0.00020576134329965265,0.0,0.00020576134329965265,300.4695923223769,300.5511590003845,-1.6783269235326127e-05
41,194,contact,0.0017214868962614855,-2.85131037385145e-05,2.85131037385145e-05,0.00011054366378142394,0.00011054366378142394,0.0,0.00011054366378142394,300.7305208025381,300.8044610447336,-8.173625273180088e-06
41,198,contact,0.0016325719528706834,-0.00011742804712931666,0.00011742804712931666,0.00022433525338779074,0.00022433525338779074,0.0,0.00022433525338779074,300.7305208025381,300.7598197431915,-6.572785275475402e-06
41,374,contact,0.0016353390180938016,-0.00011466098190619843,0.00011466098190619843,0.00022167638759448916,0.00022167638759448916,0.0,0.00022167638759448916,300.7305208025381,300.663998559422,1.4746410548655607e-05
42,83,contact,0.0014769149642413404,-2.308503575865965e-05,2.308503575865965e-05,9.304240113785418e-05,9.304240113785418e-05,0.0,9.304240113785418e-05,300.46877964267134,300.4745493035307,-5.368231001057052e-07
42,230,contact,0.0017310635515197016,-1.8936448480298467e-05,1.8936448480298467e-05,9.008674029662064e-05,9.008674029662064e-05,0.0,9.008674029662064e-05,300.46877964267134,300.49715498231745,-2.55624185352823e-06
42,238,contact,0.0017293283658692455,-2.0671634130754518e-05,2.0671634130754518e-05,9.412370461431788e-05,9.412370461431788e-05,0.0,9.412370461431788e-05,300.46877964267134,300.537916069158,-6.50737658471768e-06
42,284,contact,0.0017233169599931404,-2.668304000685959e-05,2.668304000685959e-05,0.0001069373114229472,0.0001069373114229472,0.0,0.0001069373114229472,300.46877964267134,300.37900329229745,9.600441538347393e-06
43,166,contact,0.0017276045577622788,-2.2395442237721193e-05,2.2395442237721193e-05,9.796962117569447e-05,9.796962117569447e-05,0.0,9.796962117569447e-05,300.6089618728646,300.72957323526686,-1.1816249484033594e-05
43,182,contact,0.0017328952307580521,-1.710476924194791e-05,1.710476924194791e-05,8.561901301350212e-05,8.561901301350212e-05,0.0,8.561901301350212e-05,300.6089618728646,300.52545354761617,7.149900386181181e-06
43,228,contact,0.0017047735746195155,-4.5226425380484516e-05,4.5226425380484516e-05,0.00013922195852125255,0.00013922195852125255,0.0,0.00013922195852125255,300.6089618728646,300.70134677246153,-1.2862006659674778e-05
43,313,contact,0.0017056666775601523,-4.433332243984774e-05,4.433332243984774e-05,0.000137840470585976,0.000137840470585976,0.0,0.000137840470585976,300.6089618728646,300.5604709126441,6.684016775956339e-06
43,379,contact,0.001714360529303184,-3.563947069681601e-05,3.563947069681601e-05,0.00012358826348025126,0.00012358826348025126,0.0,0.00012358826348025126,300.6089618728646,300.5674951922029,5.124795055269524e-06
44,50,contact,0.0014150189130693622,-8.498108693063785e-05,8.498108693063785e-05,0.00017851584691278585,0.00017851584691278585,0.0,0.00017851584691278585,300.9444480156601,300.91005863629147,6.139049182796676e-06
44,78,contact,0.0013862559624052116,-0.00011374403759478843,0.00011374403759478843,0.00020652848253460262,0.00020652848253460262,0.0,0.00020652848253460262,300.9444480156601,300.851151063879,1.926847787645434e-05
44,123,contact,0.0017470072357924644,-2.992764207535633e-06,2.992764207535633e-06,3.581359004345956e-05,3.581359004345956e-05,0.0,3.581359004345956e-05,300.9444480156601,300.93336382153075,3.9696478451076623e-07
44,483,contact,0.0019129664200356476,-8.70335799643524e-05,8.70335799643524e-05,0.00020198264927535282,0.00020198264927535282,0.0,0.00020198264927535282,300.9444480156601,300.9094185803121,7.07533815421036e-06
45,157,contact,0.0016998154963701205,-5.0184503629879546e-05,5.0184503629879546e-05,0.00014665484790079569,0.00014665484790079569,0.0,0.00014665484790079569,300.4288346414533,300.374520419439,7.965443968354875e-06
45,337,contact,0.0016487503897800906,-0.00010124961021990941,0.00010124961021990941,0.00020830912148594668,0.00020830912148594668,0.0,0.00020830912148594668,300.4288346414533,300.43052280029485,-3.516588852111449e-07
45,464,contact,0.0018847237932652088,-0.00011527620673479127,0.00011527620673479127,0.00023245584937130193,0.00023245584937130193,0.0,0.00023245584937130193,300.4288346414533,300.56032351927,-3.056535877576205e-05
45,465,contact,0.0018792977863287133,-0.0001207022136712867,0.0001207022136712867,0.00023786374809629072,0.00023786374809629072,0.0,0.00023786374809629072,300.4288346414533,300.33234421835886,2.2951573692643058e-05
46,73,contact,0.001489462939082406,-1.0537060917594019e-05,1.0537060917594019e-05,6.286014511674117e-05,6.286014511674117e-05,0.0,6.286014511674117e-05,300.33398587425864,300.3336603081723,2.0465131433687927e-08
46,193,contact,0.001731481368972459,-1.851863102754112e-05,1.851863102754112e-05,8.908735126077372e-05,8.908735126077372e-05,0.0,8.908735126077372e-05,300.33398587425864,300.3187774100971,1.3548817888978009e-06
46,456,contact,0.001981070524842566,-1.8929475157434227e-05,1.8929475157434227e-05,9.419761929076176e-05,9.419761929076176e-05,0.0,9.419761929076176e-05,300.33398587425864,300.34858652903824,-1.3753469203245222e-06
47,112,contact,0.0017234144866227047,-2.6585513377295296e-05,2.6585513377295296e-05,0.00010674170434938853,0.00010674170434938853,0.0,0.00010674170434938853,300.5274705026558,300.59659999313834,-7.378999634914011e-06
47,269,contact,0.00172447874553443,-2.5521254465570064e-05,2.5521254465570064e-05,0.00010458336619771001,0.00010458336619771001,0.0,0.00010458336619771001,300.5274705026558,300.54507329703887,-1.8409594910701684e-06
47,409,contact,0.0019599124246506526,-4.008757534934744e-05,4.008757534934744e-05,0.0001370804542777949,0.0001370804542777949,0.0,0.0001370804542777949,300.5274705026558,300.54403699801105,-2.2709427090924553e-06
47,442,contact,0.0019781338025017417,-2.186619749825836e-05,2.186619749825836e-05,0.00010124119753000062,0.00010124119753000062,0.0,0.00010124119753000062,300.5274705026558,300.4139702466789,1.1490901835060297e-05
48,93,contact,0.0014464213341900069,-5.3578665809993166e-05,5.3578665809993166e-05,0.0001417462510218434,0.0001417462510218434,0.0,0.0001417462510218434,300.54182512077045,300.5269504962502,2.1084222611024586e-06
48,215,contact,0.001689247306968403,-6.0752693031597025e-05,6.0752693031597025e-05,0.0001613594386520758,0.0001613594386520758,0.0,0.0001613594386520758,300.54182512077045,300.4914552474838,8.127654478506304e-06
48,356,contact,0.001700707217894956,-4.9292782105043965e-05,4.9292782105043965e-05,0.00014534606305304193,0.00014534606305304193,0.0,0.00014534606305304193,300.54182512077045,300.6122506728947,-1.0236076739592215e-05
49,352,contact,0.0016919501515411139,-5.804984845888617e-05,5.804984845888617e-05,0.000157729218860615,0.000157729218860615,0.0,0.000157729218860615,300.544050793045,300.51352746991324,4.814419914604902e-06
49,426,contact,0.001976711426637687,-2.3288573362313138e-05,2.3288573362313138e-05,0.00010448214566893371,0.00010448214566893371,0.0,0.00010448214566893371,300.544050793045,300.5347396012645,9.728532959628083e-07
49,453,contact,0.001971547244196801,-2.8452755803199097e-05,2.8452755803199097e-05,0.00011548692256160251,0.00011548692256160251,0.0,0.00011548692256160251,300.544050793045,300.4531452295813,1.0498403768151977e-05
49,492,contact,0.001941613008531824,-5.838699146817612e-05,5.838699146817612e-05,0.00016543549271757726,0.00016543549271757726,0.0,0.00016543549271757726,300.544050793045,300.64249204474504,-1.6285676978728464e-05
50,148,contact,0.00170526818460587,-4.473181539412993e-05,4.473181539412993e-05,0.00013845857873767044,0.00013845857873767044,0.0,0.00013845857873767044,300.91005863629147,300.94421730973824,-4.729561377003736e-06
50,372,contact,0.0016908765094175273,-5.912349058247277e-05,5.912349058247277e-05,0.00015918115096034377,0.00015918115096034377,0.0,0.00015918115096034377,300.91005863629147,300.8249545055279,1.3546973486424396e-05
50,397,contact,0.0016449016148390157,-0.00010509838516098435,0.00010509838516098435,0.0002122313951068345,0.0002122313951068345,0.0,0.0002122313951068345,300.91005863629147,300.92332962990724,-2.8165214895301744e-06
50,483,contact,0.0019006018239494562,-9.939817605054383e-05,9.939817605054383e-05,0.00021585387423831987,0.00021585387423831987,0.0,0.00021585387423831987,300.91005863629147,300.9094185803121,1.3815856287742363e-07
51,68,contact,0.0014282062652152163,-7.17937347847837e-05,7.17937347847837e-05,0.00016408123154186126,0.00016408123154186126,0.0,0.00016408123154186126,300.0886373694854,300.0425184086154,7.567255896978816e-06
51,387,contact,0.0016877190901628148,-6.228090983718525e-05,6.228090983718525e-05,0.00016337630948718,0.00016337630948718,0.0,0.00016337630948718,300.0886373694854,300.05839348981783,4.941133444663603e-06
51,396,contact,0.0016902175099081178,-5.97824900918822e-05,5.97824900918822e-05,0.0001600658214055556,0.0001600658214055556,0.0,0.0001600658214055556,300.0886373694854,300.05915921466436,4.718445064951416e-06
51,466,contact,0.001925293193107221,-7.470680689277906e-05,7.470680689277906e-05,0.0001871331497383352,0.0001871331497383352,0.0,0.0001871331497383352,300.0886373694854,300.18069393151444,-1.7226834406574628e-05
52,208,contact,0.001658251847096815,-9.174815290318513e-05,9.174815290318513e-05,0.00019829431902731835,0.00019829431902731835,0.0,0.00019829431902731835,300.54472277705247,300.60633049650943,-1.2216460776543641e-05
52,231,contact,0.0017184951316777113,-3.150486832228876e-05,3.150486832228876e-05,0.00011619847857798329,0.00011619847857798329,0.0,0.00011619847857798329,300.54472277705247,300.5523734407228,-8.889954786061775e-07
52,417,contact,0.0019152805721616864,-8.471942783831363e-05,8.471942783831363e-05,0.00019927928090799986,0.00019927928090799986,0.0,0.00019927928090799986,300.54472277705247,300.4518259620474,1.851241049285512e-05
53,68,contact,0.0013793145015550295,-0.00012068549844497056,0.00012068549844497056,0.0002127370722673036,0.0002127370722673036,0.0,0.0002127370722673036,300.07589123694765,300.0425184086154,7.099637792678566e-06
53,147,contact,0.001634554883660992,-0.00011544511633900813,0.00011544511633900813,0.00022243308753646225,0.00022243308753646225,0.0,0.00022243308753646225,300.07589123694765,300.1078093201398,-7.099637792669894e-06
54,183,contact,0.0016524564735266086,-9.754352647339142e-05,9.754352647339142e-05,0.00020446116621157263,0.00020446116621157263,0.0,0.00020446116621157263,300.443242812125,300.4301258172727,2.6819160646888664e-06
54,380,contact,0.0016960781436301806,-5.392185636981942e-05,5.392185636981942e-05,0.0001520176536315335,0.0001520176536315335,0.0,0.0001520176536315335,300.443242812125,300.45396451649,-1.629888340495617e-06
54,383,contact,0.0017263314847676269,-2.366851523237317e-05,2.366851523237317e-05,0.00010071568589501234,0.00010071568589501234,0.0,0.00010071568589501234,300.443242812125,300.41363106470857,2.9823674515950836e-06
54,424,contact,0.0019676890642397575,-3.2310935760242535e-05,3.2310935760242535e-05,0.00012306807521698585,0.00012306807521698585,0.0,0.00012306807521698585,300.443242812125,300.45196985197595,-1.0740199967987331e-06
54,456,contact,0.0019429276164849778,-5.707238351502228e-05,5.707238351502228e-05,0.00016356246443688323,0.00016356246443688323,0.0,0.00016356246443688323,300.443242812125,300.34858652903824,1.548221493610397e-05
54,476,contact,0.0018971052216469183,-0.00010289477835308172,0.00010289477835308172,0.00021961768451790728,0.00021961768451790728,0.0,0.00021961768451790728,300.443242812125,300.5272187002944,-1.8442590115096386e-05
55,295,contact,0.0016804806056368094,-6.951939436319063e-05,6.951939436319063e-05,0.00017260946137350968,0.00017260946137350968,0.0,0.00017260946137350968,300.0559711158929,300.16647262189406,-1.9073605431826213e-05
55,458,contact,0.0018302301304480818,-0.00016976986955191827,0.00016976986955191827,0.0002820986110431274,0.0002820986110431274,0.0,0.0002820986110431274,300.0559711158929,300.12306998967665,-1.892849909696173e-05
56,88,contact,0.0013811302541382547,-0.00011886974586174538,0.00011886974586174538,0.00021113065788310923,0.00021113065788310923,0.0,0.00021113065788310923,300.827083703416,300.83249987009367,-1.1435188338593951e-06
56,317,contact,0.001599404763216616,-0.00015059523678338403,0.00015059523678338403,0.00025404884523317055,0.00025404884523317055,0.0,0.00025404884523317055,300.827083703416,300.7172211303319,2.791045982636421e-05
56,439,contact,0.0018929183258504117,-0.00010708167414958834,0.00010708167414958834,0.0002240413684068626,0.0002240413684068626,0.0,0.0002240413684068626,300.827083703416,300.9192968604168,-2.06595618795759e-05
56,462,contact,0.0018969339118166456,-0.00010306608818335446,0.00010306608818335446,0.00021980042956269992,0.00021980042956269992,0.0,0.00021980042956269992,300.827083703416,300.8943913739819,-1.4794254903242322e-05
56,490,contact,0.0019493320171189682,-5.066798288103189e-05,5.066798288103189e-05,0.00015411235179401973,0.00015411235179401973,0.0,0.00015411235179401973,300.827083703416,300.77071654212625,8.686875790317203e-06
57,254,contact,0.0017221505366546792,-2.7849463345320808e-05,2.7849463345320808e-05,0.00010924964206280849,0.00010924964206280849,0.0,0.00010924964206280849,300.3604110211793,300.3575704944582,3.103265275517186e-07
57,325,contact,0.0017174003843018083,-3.2599615698191775e-05,3.2599615698191775e-05,0.00011820010097564898,0.00011820010097564898,0.0,0.00011820010097564898,300.3604110211793,300.2809904001165,9.38752542917278e-06
57,459,contact,0.001967949268451806,-3.205073154819403e-05,3.205073154819403e-05,0.00012257153182209952,0.00012257153182209952,0.0,0.00012257153182209952,300.3604110211793,300.4395309588398,-9.697851956715725e-06
58,82,contact,0.0014486968526575866,-5.130314734241338e-05,5.130314734241338e-05,0.00013870356972120443,0.00013870356972120443,0.0,0.00013870356972120443,300.0406514513062,300.11874435493996,-1.0831764503898452e-05
58,241,contact,0.0017059252376349923,-4.407476236500778e-05,4.407476236500778e-05,0.00013743792733709868,0.00013743792733709868,0.0,0.00013743792733709868,300.0406514513062,300.0536356337208,-1.7845191192272592e-06
58,398,contact,0.0017094323291958649,-4.0567670804135146e-05,4.0567670804135146e-05,0.0001318565304804568,0.0001318565304804568,0.0,0.0001318565304804568,300.0406514513062,300.0451062574423,-5.873952810686172e-07
59,116,contact,0.0016692917064635526,-8.07082935364474e-05,8.07082935364474e-05,0.00018598190411563554,0.00018598190411563554,0.0,0.00018598190411563554,300.4128314065244,300.4959245584465,-1.545382261344716e-05
59,420,contact,0.0019216502731121462,-7.834972688785385e-05,7.834972688785385e-05,0.00019164142161516516,0.00019164142161516516,0.0,0.00019164142161516516,300.4128314065244,300.3321921455379,1.545382261345218e-05
60,125,contact,0.0017221006449682317,-2.7899355031768373e-05,2.7899355031768373e-05,0.0001093474574107073,0.0001093474574107073,0.0,0.0001093474574107073,300.44280691147594,300.52577536716745,-9.072389675159984e-06
60,265,contact,0.0017334572452183535,-1.6542754781646504e-05,1.6542754781646504e-05,8.42006653731256e-05,8.42006653731256e-05,0.0,8.42006653731256e-05,300.44280691147594,300.3592021361998,7.039577706619494e-06
60,270,contact,0.0017092849165952415,-4.0715083404758556e-05,4.0715083404758556e-05,0.0001320958797963897,0.0001320958797963897,0.0,0.0001320958797963897,300.44280691147594,300.50168342077745,-7.777344295523637e-06
60,449,contact,0.001959396862506419,-4.0603137493580924e-05,4.0603137493580924e-05,0.0001379591269185046,0.0001379591269185046,0.0,0.0001379591269185046,300.44280691147594,300.3716977613735,9.810156264046161e-06
61,156,contact,0.001630823192010709,-0.00011917680798929106,0.00011917680798929106,0.00022599950188563096,0.00022599950188563096,0.0,0.00022599950188563096,300.51241465865866,300.5586319523931,-1.044508536248931e-05
61,231,contact,0.0017377766462062956,-1.222335379370441e-05,1.222335379370441e-05,7.237803670521804e-05,7.237803670521804e-05,0.0,7.237803670521804e-05,300.51241465865866,300.5523734407228,-2.8921381949356797e-06
61,281,contact,0.001656777825569862,-9.32221744301381e-05,9.32221744301381e-05,0.00019988086569269002,0.00019988086569269002,0.0,0.00019988086569269002,300.51241465865866,300.5851836130777,-1.4545121604825304e-05
61,459,contact,0.0018961476058577305,-0.00010385239414226958,0.00010385239414226958,0.00022063728097080254,0.00022063728097080254,0.0,0.00022063728097080254,300.51241465865866,300.4395309588398,1.608086135512853e-05
62,267,contact,0.001708413661600735,-4.158633839926513e-05,4.158633839926513e-05,0.00013350174701788704,0.00013350174701788704,0.0,0.00013350174701788704,300.49959796549024,300.495915870182,4.915661563377002e-07
62,346,contact,0.0017398893795779944,-1.0110620422005678e-05,1.0110620422005678e-05,6.582646153335627e-05,6.582646153335627e-05,0.0,6.582646153335627e-05,300.49959796549024,300.54888487726674,-3.2443830021540535e-06
62,408,contact,0.001953834166581186,-4.616583341881392e-05,4.616583341881392e-05,0.00014710620114417007,0.00014710620114417007,0.0,0.00014710620114417007,300.49959796549024,300.4331413391015,9.776181848905282e-06
63,114,contact,0.0016849041413979603,-6.509585860203977e-05,6.509585860203977e-05,0.00016702761782160427,0.00016702761782160427,0.0,0.00016702761782160427,300.35973806495065,300.3252159255501,5.766150706181686e-06
63,339,contact,0.00167412460913159,-7.587539086841011e-05,7.587539086841011e-05,0.00018032754825009418,0.00018032754825009418,0.0,0.00018032754825009418,300.35973806495065,300.3787807239744,-3.4339160139134507e-06
63,390,contact,0.0016920992781157963,-5.7900721884203725e-05,5.7900721884203725e-05,0.00015752649013175583,0.00015752649013175583,0.0,0.00015752649013175583,300.35973806495065,300.2915337301302,1.0743989476036617e-05
63,408,contact,0.0019322993919162741,-6.770060808372592e-05,6.770060808372592e-05,0.00017814224664364857,0.00017814224664364857,0.0,0.00017814224664364857,300.35973806495065,300.4331413391015,-1.307622416823182e-05
64,131,contact,0.001578074279638319,-0.00017192572036168097,0.00017192572036168097,0.0002714451170744789,0.0002714451170744789,0.0,0.0002714451170744789,300.8181913408917,300.70883355793706,2.9684636197129377e-05
64,217,contact,0.001637099815344196,-0.00011290018465580408,0.00011290018465580408,0.00021996770995742995,0.00021996770995742995,0.0,0.00021996770995742995,300.8181913408917,300.8170295235912,2.5556229097969354e-07
64,475,contact,0.0018325889296337025,-0.00016741107036629755,0.00016741107036629755,0.0002801320032309803,0.0002801320032309803,0.0,0.0002801320032309803,300.8181913408917,300.92507023420904,-2.994019848809772e-05
65,143,contact,0.0016069305841451274,-0.00014306941585487268,0.00014306941585487268,0.0002476195952217889,0.0002476195952217889,0.0,0.0002476195952217889,300.93834731987533,300.9091311172482,7.2345042684501385e-06
65,190,contact,0.0016586864634490148,-9.131353655098527e-05,9.131353655098527e-05,0.00019782409561922712,0.00019782409561922712,0.0,0.00019782409561922712,300.93834731987533,300.83169924302024,2.1097559353388916e-05
65,353,contact,0.0017425339263271167,-7.4660736728833586e-06,7.4660736728833586e-06,5.656629614715068e-05,5.656629614715068e-05,0.0,5.656629614715068e-05,300.93834731987533,300.9302825163055,4.56196067099217e-07
65,403,contact,0.0019068133697467615,-9.318663025323858e-05,9.318663025323858e-05,0.0002090005572509451,0.0002090005572509451,0.0,0.0002090005572509451,300.93834731987533,300.89800371181457,8.431836566213857e-06
66,223,contact,0.0016631673711325634,-8.683262886743665e-05,8.683262886743665e-05,0.00019290926312733143,0.00019290926312733143,0.0,0.00019290926312733143,300.44157694637653,300.53087708424005,-1.7226823792420297e-05
66,291,contact,0.0016514156688880641,-9.858433111193591e-05,9.858433111193591e-05,0.00020554908810160435,0.00020554908810160435,0.0,0.00020554908810160435,300.44157694637653,300.4470065792994,-1.1160560960221988e-06
66,417,contact,0.0018826506329109485,-0.00011734936708905153,0.00011734936708905153,0.00023453681123225176,0.00023453681123225176,0.0,0.00023453681123225176,300.44157694637653,300.4518259620474,-2.4037714537141596e-06
66,494,contact,0.001891830999878162,-0.00010816900012183806,0.00010816900012183806,0.00022517597297916044,0.00022517597297916044,0.0,0.00022517597297916044,300.44157694637653,300.34944166627685,2.0746651342153567e-05
67,120,contact,0.0016283546981875371,-0.00012164530181246291,0.00012164530181246291,0.00022832805516793115,0.00022832805516793115,0.0,0.00022832805516793115,300.7126046868988,300.68072859658884,7.278205706837999e-06
67,228,contact,0.0016395896091156742,-0.0001104103908843258,0.0001104103908843258,0.00021752870833622248,0.00021752870833622248,0.0,0.00021752870833622248,300.7126046868988,300.70134677246153,2.448919586104362e-06
67,334,contact,0.001715644266886195,-3.435573311380514e-05,3.435573311380514e-05,0.00012134201918627447,0.00012134201918627447,0.0,0.00012134201918627447,300.7126046868988,300.7011449932126,1.3905423711421244e-06
67,347,contact,0.0017057095848233047,-4.429041517669532e-05,4.429041517669532e-05,0.00013777375114403323,0.00013777375114403323,0.0,0.00013777375114403323,300.7126046868988,300.81751642140875,-1.4454083202459454e-05
67,367,contact,0.0017321588412953612,-1.7841158704638834e-05,1.7841158704638834e-05,8.74426147448522e-05,8.74426147448522e-05,0.0,8.74426147448522e-05,300.7126046868988,300.64705791018145,5.731581544264985e-06
67,486,contact,0.001996278829669065,-3.721170330935053e-06,3.721170330935053e-06,4.176480088095484e-05,4.176480088095484e-05,0.0,4.176480088095484e-05,300.7126046868988,300.76995360166393,-2.3951660059032647e-06
68,224,contact,0.0016185838027513435,-0.0001314161972486565,0.0001314161972486565,0.00023732093753455754,0.00023732093753455754,0.0,0.00023732093753455754,300.0425184086154,300.06369021054104,-5.024511882283658e-06
68,454,contact,0.001849504387261625,-0.00015049561273837507,0.00015049561273837507,0.0002656027456016095,0.0002656027456016095,0.0,0.0002656027456016095,300.0425184086154,300.0786856007819,-9.606105540120208e-06
69,206,contact,0.001744119662118686,-5.8803378813140645e-06,5.8803378813140645e-06,5.020104387637229e-05,5.020104387637229e-05,0.0,5.020104387637229e-05,300.1580609744793,300.2251281479809,-3.3668421196173126e-06
69,387,contact,0.0017326846368479743,-1.7315363152025764e-05,1.7315363152025764e-05,8.614447122303762e-05,8.614447122303762e-05,0.0,8.614447122303762e-05,300.1580609744793,300.05839348981783,8.585802764294708e-06
69,425,contact,0.0019815776775532886,-1.8422322446711402e-05,1.8422322446711402e-05,9.292719541068679e-05,9.292719541068679e-05,0.0,9.292719541068679e-05,300.1580609744793,300.21422279687823,-5.218960644683403e-06
70,133,contact,0.001713996565245077,-3.600343475492298e-05,3.600343475492298e-05,0.0001242177260554852,0.0001242177260554852,0.0,0.0001242177260554852,300.3693673501868,300.3618501513482,9.33769346034161e-07
70,146,contact,0.001703163142567382,-4.683685743261793e-05,4.683685743261793e-05,0.00014167899950131424,0.00014167899950131424,0.0,0.00014167899950131424,300.3693673501868,300.44073901978845,-1.011186674190161e-05
70,365,contact,0.0017257836666569753,-2.4216333343024705e-05,2.4216333343024705e-05,0.00010187457276269686,0.00010187457276269686,0.0,0.00010187457276269686,300.3693673501868,300.2885465036391,8.23358921236448e-06
71,225,contact,0.0017193503600197375,-3.0649639980262575e-05,3.0649639980262575e-05,0.00011461047068894317,0.00011461047068894317,0.0,0.00011461047068894317,300.30857402261984,300.2629642270383,5.227360139625252e-06
71,255,contact,0.001678862162060961,-7.11378379390391e-05,7.11378379390391e-05,0.00017460711563683983,0.00017460711563683983,0.0,0.00017460711563683983,300.30857402261984,300.2666901475326,7.31322262067859e-06
71,289,contact,0.0016793121539785266,-7.068784602147341e-05,7.068784602147341e-05,0.00017405398918743584,0.00017405398918743584,0.0,0.00017405398918743584,300.30857402261984,300.3001177017925,1.4718563738489562e-06
71,428,contact,0.0019212786563900612,-7.872134360993881e-05,7.872134360993881e-05,0.00019209536646457357,0.00019209536646457357,0.0,0.00019209536646457357,300.30857402261984,300.383372820667,-1.436850252197513e-05
71,433,contact,0.001921366709194265,-7.8633290805735e-05,7.8633290805735e-05,0.00019198790343453485,0.00019198790343453485,0.0,0.00019198790343453485,300.30857402261984,300.29355534950366,2.8834035639428367e-06
71,443,contact,0.0019297861170865555,-7.021388291344457e-05,7.021388291344457e-05,0.00018141873556961295,0.00018141873556961295,0.0,0.00018141873556961295,300.30857402261984,300.32250499930876,-2.5273401761546195e-06
72,237,contact,0.001710946390159551,-3.905360984044902e-05,3.905360984044902e-05,0.00012937256803585695,0.00012937256803585695,0.0,0.00012937256803585695,300.14931757818476,300.05277448384834,1.249002804043135e-05
72,282,contact,0.0017205222500450256,-2.94777499549744e-05,2.94777499549744e-05,0.00011239804895670896,0.00011239804895670896,0.0,0.00011239804895670896,300.14931757818476,300.20084191349866,-5.791234763073607e-06
73,89,contact,0.0014707138702344522,-2.9286129765547812e-05,2.9286129765547812e-05,0.00010479646302275869,0.00010479646302275869,0.0,0.00010479646302275869,300.3336603081723,300.27618921305407,6.022767494433666e-06
73,179,contact,0.001682730278981156,-6.726972101884403e-05,6.726972101884403e-05,0.00016979364074265986,0.00016979364074265986,0.0,0.00016979364074265986,300.3336603081723,300.3425083084661,-1.5023341831805085e-06
73,193,contact,0.0016863871589915917,-6.361284100840831e-05,6.361284100840831e-05,0.00016511403982236248,0.00016511403982236248,0.0,0.00016511403982236248,300.3336603081723,300.3187774100971,2.4573754254607424e-06
73,438,contact,0.001947232875441455,-5.2767124558545124e-05,5.2767124558545124e-05,0.0001572723422500537,0.0001572723422500537,0.0,0.0001572723422500537,300.3336603081723,300.37789786136017,-6.957343605269816e-06
74,131,contact,0.001749996054777267,-3.945222733139214e-09,3.945222733139214e-09,1.3003114022317689e-06,1.3003114022317689e-06,0.0,1.3003114022317689e-06,300.84226863398374,300.70883355793706,1.735071508411618e-07
74,382,contact,0.0017499926578717407,-7.342128259318556e-09,7.342128259318556e-09,1.7738732753076839e-06,1.7738732753076839e-06,0.0,1.7738732753076839e-06,300.84226863398374,300.94008123043943,-1.7350715084121532e-07
75,341,contact,0.0016813124812181696,-6.868751878183043e-05,6.868751878183043e-05,0.00017157362282517642,0.00017157362282517642,0.0,0.00017157362282517642,300.7204031297948,300.7688945440279,-8.31984761588405e-06
75,361,contact,0.001741585218586791,-8.414781413209086e-06,8.414781413209086e-06,6.005276755800121e-05,6.005276755800121e-05,0.0,6.005276755800121e-05,300.7204031297948,300.6806636144106,2.386467880235733e-06
75,498,contact,0.0019328012041076549,-6.719879589234517e-05,6.719879589234517e-05,0.00017748080339725984,0.00017748080339725984,0.0,0.00017748080339725984,300.7204031297948,300.6869720227564,5.933379735641901e-06
76,92,contact,0.0014725491659703588,-2.7450834029641184e-05,2.7450834029641184e-05,0.00010145966075793593,0.00010145966075793593,0.0,0.00010145966075793593,300.6060331549387,300.5757657036505,3.0709253397063173e-06
76,204,contact,0.0016764045598243878,-7.359544017561219e-05,7.359544017561219e-05,0.00017759758706808272,0.00017759758706808272,0.0,0.00017759758706808272,300.6060331549387,300.5511590003845,9.745517441231768e-06
76,245,contact,0.0017050590291541236,-4.494097084587639e-05,4.494097084587639e-05,0.0001387819011139571,0.0001387819011139571,0.0,0.0001387819011139571,300.6060331549387,300.6731092057819,-9.308941855233523e-06
77,257,contact,0.0016917870419130773,-5.821295808692271e-05,5.821295808692271e-05,0.00015795065877887676,0.00015795065877887676,0.0,0.00015795065877887676,300.947272745247,300.9451553613247,3.3444218541906564e-07
77,258,contact,0.0016972401670034794,-5.27598329965206e-05,5.27598329965206e-05,0.0001503707318546692,0.0001503707318546692,0.0,0.0001503707318546692,300.947272745247,300.94258868490954,7.043455809964317e-07
77,347,contact,0.001739241613858753,-1.075838614124705e-05,1.075838614124705e-05,6.79024073039926e-05,6.79024073039926e-05,0.0,6.79024073039926e-05,300.947272745247,300.81751642140875,8.810766751533675e-06
77,421,contact,0.001956995843657733,-4.3004156342266956e-05,4.3004156342266956e-05,0.0001419795699579261,0.0001419795699579261,0.0,0.0001419795699579261,300.947272745247,300.92808677758995,2.724015437174866e-06
78,123,contact,0.0016533998211240059,-9.660017887599417e-05,9.660017887599417e-05,0.00020347008787814576,0.00020347008787814576,0.0,0.00020347008787814576,300.851151063879,300.93336382153075,-1.672783702410545e-05
78,486,contact,0.0019164165260715112,-8.358347392848882e-05,8.358347392848882e-05,0.00019793876175216196,0.00019793876175216196,0.0,0.00019793876175216196,300.851151063879,300.76995360166393,1.6072125128269475e-05
78,491,contact,0.0019310967406372993,-6.890325936270074e-05,6.890325936270074e-05,0.00017971756404499246,0.00017971756404499246,0.0,0.00017971756404499246,300.851151063879,300.74028716541625,1.99241897722574e-05
79,335,contact,0.0016603349551521226,-8.966504484787742e-05,8.966504484787742e-05,0.00019603029450413024,0.00019603029450413024,0.0,0.00019603029450413024,300.2407832436136,300.1471866152104,1.8347774630471095e-05
79,496,contact,0.0019129114393771605,-8.708856062283952e-05,8.708856062283952e-05,0.00020204643721668546,0.00020204643721668546,0.0,0.00020204643721668546,300.2407832436136,300.3315929351044,-1.8347774630471982e-05
80,343,contact,0.001694330493875435,-5.5669506124564946e-05,5.5669506124564946e-05,0.0001544615154906577,0.0001544615154906577,0.0,0.0001544615154906577,300.26744908843557,300.25205652639374,2.3775584602642514e-06
80,463,contact,0.001956618267677424,-4.3381732322576166e-05,4.3381732322576166e-05,0.00014260149727898222,0.00014260149727898222,0.0,0.00014260149727898222,300.26744908843557,300.20030126399166,9.57538030472741e-06
80,494,contact,0.0019546623477656594,-4.533765223434065e-05,4.533765223434065e-05,0.00014578074113149233,0.00014578074113149233,0.0,0.00014578074113149233,300.26744908843557,300.34944166627685,-1.195293876498289e-05
81,383,contact,0.0016566901856714183,-9.330981432858175e-05,9.330981432858175e-05,0.00019997479947867188,0.00019997479947867188,0.0,0.00019997479947867188,300.427375689077,300.41363106470857,2.7485785019860663e-06
81,459,contact,0.0019445937958864322,-5.5406204113567876e-05,5.5406204113567876e-05,0.0001611572467443985,0.0001611572467443985,0.0,0.0001611572467443985,300.427375689077,300.4395309588398,-1.9589098084060693e-06
82,140,contact,0.0015091322704123727,-0.00024086772958762737,0.00024086772958762737,0.0003212927434072018,0.0003212927434072018,0.0,0.0003212927434072018,300.11874435493996,300.14696101622826,-9.065808515108883e-06
82,162,contact,0.0016867917935833097,-6.320820641669031e-05,6.320820641669031e-05,0.00016458806554984083,0.00016458806554984083,0.0,0.00016458806554984083,300.11874435493996,300.15580529462954,-6.099788370967549e-06
82,418,contact,0.0017723697305020753,-0.00022763026949792478,0.00022763026949792478,0.000326652244485098,0.000326652244485098,0.0,0.000326652244485098,300.11874435493996,300.07574231808707,1.4046711855429758e-05
82,447,contact,0.0019275952564010955,-7.240474359890454e-05,7.240474359890454e-05,0.00018422736919900502,0.00018422736919900502,0.0,0.00018422736919900502,300.11874435493996,300.1714665943947,-9.712879473026362e-06
83,183,contact,0.0016667293960628403,-8.32706039371597e-05,8.32706039371597e-05,0.0001889110946645383,0.0001889110946645383,0.0,0.0001889110946645383,300.4745493035307,300.4301258172727,8.392089417810703e-06
83,238,contact,0.0017036263813993958,-4.637361860060428e-05,4.637361860060428e-05,0.00014097662207503608,0.00014097662207503608,0.0,0.00014097662207503608,300.4745493035307,300.537916069158,-8.933232569954322e-06
83,423,contact,0.0019896790547472712,-1.0320945252728815e-05,1.0320945252728815e-05,6.955532393150528e-05,6.955532393150528e-05,0.0,6.955532393150528e-05,300.4745493035307,300.5653979436133,-6.31900658968084e-06
83,459,contact,0.0019304401357203484,-6.95598642796516e-05,6.95598642796516e-05,0.000180571831637957,0.000180571831637957,0.0,0.000180571831637957,300.4745493035307,300.4395309588398,6.323326641767191e-06
84,185,contact,0.001677422897602152,-7.257710239784811e-05,7.257710239784811e-05,0.0001763646009158885,0.0001763646009158885,0.0,0.0001763646009158885,300.64388479081134,300.6222548310874,3.814759214541651e-06
84,259,contact,0.001702232061688711,-4.776793831128912e-05,4.776793831128912e-05,0.0001430803045914463,0.0001430803045914463,0.0,0.0001430803045914463,300.64388479081134,300.63432068328115,1.3684354185657234e-06
84,280,contact,0.0017279279190984792,-2.2072080901520876e-05,2.2072080901520876e-05,9.725977196924197e-05,9.725977196924197e-05,0.0,9.725977196924197e-05,300.64388479081134,300.73237375661915,-8.606416636261873e-06
84,317,contact,0.0016988438180421416,-5.1156181957858404e-05,5.1156181957858404e-05,0.00014806781548310665,0.00014806781548310665,0.0,0.00014806781548310665,300.64388479081134,300.7172211303319,-1.0858751588335485e-05
84,409,contact,0.001956352614663317,-4.364738533668309e-05,4.364738533668309e-05,0.00014303744921023373,0.00014303744921023373,0.0,0.00014303744921023373,300.64388479081134,300.54403699801105,1.4281973591425405e-05
85,178,contact,0.0017033996069331467,-4.660039306685331e-05,4.660039306685331e-05,0.0001413209008910268,0.0001413209008910268,0.0,0.0001413209008910268,300.1717177104545,300.1909528742278,-2.7183306732235393e-06
85,236,contact,0.0017171887876701263,-3.281121232987373e-05,3.281121232987373e-05,0.00011858308539321472,0.00011858308539321472,0.0,0.00011858308539321472,300.1717177104545,300.1143653689411,6.801017611186915e-06
85,272,contact,0.00170963515827208,-4.0364841727919985e-05,4.0364841727919985e-05,0.00013152649118483423,0.00013152649118483423,0.0,0.00013152649118483423,300.1717177104545,300.1403179292672,4.129903043537622e-06
85,414,contact,0.0019773650580760254,-2.263494192397469e-05,2.263494192397469e-05,0.00010300548056711902,0.00010300548056711902,0.0,0.00010300548056711902,300.1717177104545,300.26984044910387,-1.0107179849138274e-05
85,470,contact,0.0019854842722368754,-1.4515727763124604e-05,1.4515727763124604e-05,8.248786207051713e-05,8.248786207051713e-05,0.0,8.248786207051713e-05,300.1717177104545,300.14874960557154,1.89458986760822e-06
86,165,contact,0.0016085455913576086,-0.00014145440864239147,0.00014145440864239147,0.0002462180293755848,0.0002462180293755848,0.0,0.0002462180293755848,300.59331411103176,300.66571145133435,-1.7825530461336477e-05
86,267,contact,0.0016046902247474433,-0.00014530977525255675,0.00014530977525255675,0.000249550832427747,0.000249550832427747,0.0,0.000249550832427747,300.59331411103176,300.495915870182,2.4305812081058407e-05
86,326,contact,0.001601920956882705,-0.00014807904311729507,0.00014807904311729507,0.0002519175401798559,0.0002519175401798559,0.0,0.0002519175401798559,300.59331411103176,300.57830594772656,3.780819582462762e-06
86,333,contact,0.0016301065379075686,-0.00011989346209243142,0.00011989346209243142,0.00022667799259153446,0.00022667799259153446,0.0,0.00022667799259153446,300.59331411103176,300.6385814132736,-1.0261101202211225e-05
87,114,contact,0.001706364091658049,-4.363590834195112e-05,4.363590834195112e-05,0.00013675197832251608,0.00013675197832251608,0.0,0.00013675197832251608,300.3585578813661,300.3252159255501,4.5595784189817084e-06
87,312,contact,0.0017070270174853706,-4.2972982514629396e-05,4.2972982514629396e-05,0.0001357092204172942,0.0001357092204172942,0.0,0.0001357092204172942,300.3585578813661,300.3079157300529,6.87260687496686e-06
87,408,contact,0.0019376341655224813,-6.236583447751876e-05,6.236583447751876e-05,0.0001709794868144624,0.0001709794868144624,0.0,0.0001709794868144624,300.3585578813661,300.4331413391015,-1.2752241328446892e-05
87,494,contact,0.0019552684109932664,-4.473158900673369e-05,4.473158900673369e-05,0.00014480308127559445,0.00014480308127559445,0.0,0.00014480308127559445,300.3585578813661,300.34944166627685,1.3200560344944814e-06
88,280,contact,0.0016493712714595221,-0.0001006287285404779,0.0001006287285404779,0.00020766944393896543,0.00020766944393896543,0.0,0.00020766944393896543,300.83249987009367,300.73237375661915,2.079313430902257e-05
88,376,contact,0.0016176511799404518,-0.00013234882005954828,0.00013234882005954828,0.0002381615478675421,0.0002381615478675421,0.0,0.0002381615478675421,300.83249987009367,300.8075562313771,5.940615606192513e-06
88,439,contact,0.0019686886951449873,-3.1311304855012774e-05,3.1311304855012774e-05,0.00012114938774416996,0.00012114938774416996,0.0,0.00012114938774416996,300.83249987009367,300.9192968604168,-1.0515402235684683e-05
88,446,contact,0.0019171230436707657,-8.287695632923429e-05,8.287695632923429e-05,0.00019710041420384832,0.00019710041420384832,0.0,0.00019710041420384832,300.83249987009367,300.9205862730751,-1.7361866513370126e-05
89,119,contact,0.0016799746754043643,-7.002532459563578e-05,7.002532459563578e-05,0.0001732364089853216,0.0001732364089853216,0.0,0.0001732364089853216,300.27618921305407,300.19968488855164,1.3253334448647523e-05
89,179,contact,0.0016976855187283658,-5.231448127163423e-05,5.231448127163423e-05,0.00014973473870000083,0.00014973473870000083,0.0,0.00014973473870000083,300.27618921305407,300.3425083084661,-9.930272422342376e-06
89,364,contact,0.0017217856628802546,-2.821433711974546e-05,2.821433711974546e-05,0.00010996298816240488,0.00010996298816240488,0.0,0.00010996298816240488,300.27618921305407,300.2516381753528,2.6997054681181764e-06
90,164,contact,0.001695123521310468,-5.487647868953195e-05,5.487647868953195e-05,0.00015335739586646045,0.00015335739586646045,0.0,0.00015335739586646045,300.72256985356864,300.6627030269674,9.18102062635679e-06
90,192,contact,0.0017241672018687751,-2.5832798131224894e-05,2.5832798131224894e-05,0.00010521976619959,0.00010521976619959,0.0,0.00010521976619959,300.72256985356864,300.63564998896976,9.145687831194502e-06
90,301,contact,0.0017094178124145082,-4.058218758549179e-05,4.058218758549179e-05,0.00013188012021554996,0.00013188012021554996,0.0,0.00013188012021554996,300.72256985356864,300.72658608038694,-5.296604756095211e-07
90,407,contact,0.001942085014230839,-5.7914985769161017e-05,5.7914985769161017e-05,0.0001647654380605782,0.0001647654380605782,0.0,0.0001647654380605782,300.72256985356864,300.8305843024206,-1.7797047981967574e-05
91,191,contact,0.0017053316892616515,-4.466831073834856e-05,4.466831073834856e-05,0.0001383602607145799,0.0001383602607145799,0.0,0.0001383602607145799,300.04565446166254,300.1385947758957,-1.2859246108193151e-05
91,316,contact,0.0017019731901825013,-4.802680981749871e-05,4.802680981749871e-05,0.00014346748235476124,0.00014346748235476124,0.0,0.00014346748235476124,300.04565446166254,300.0652753887608,-2.8149650122576423e-06
91,378,contact,0.0017112034417333315,-3.879655826666858e-05,3.879655826666858e-05,0.0001289460988165242,0.0001289460988165242,0.0,0.0001289460988165242,300.04565446166254,300.0641623913989,-2.386525336673785e-06
92,137,contact,0.001688106940480964,-6.189305951903611e-05,6.189305951903611e-05,0.00016286680735106757,0.00016286680735106757,0.0,0.00016286680735106757,300.5757657036505,300.4944479882327,1.32439566911815e-05
92,238,contact,0.0016949172256484968,-5.508277435150319e-05,5.508277435150319e-05,0.00015364538162112576,0.00015364538162112576,0.0,0.00015364538162112576,300.5757657036505,300.537916069158,5.81542153582723e-06
92,361,contact,0.0016754462034335809,-7.455379656641915e-05,7.455379656641915e-05,0.00017875018069891263,0.00017875018069891263,0.0,0.00017875018069891263,300.5757657036505,300.6806636144106,-1.875052050330399e-05
92,362,contact,0.0016943956354110452,-5.560436458895484e-05,5.560436458895484e-05,0.00015437111765707643,0.00015437111765707643,0.0,0.00015437111765707643,300.5757657036505,300.51654579427856,9.14184359730046e-06
93,108,contact,0.001667357923062712,-8.26420769372881e-05,8.26420769372881e-05,0.00018819679320626978,0.00018819679320626978,0.0,0.00018819679320626978,300.5269504962502,300.48916148345734,7.111771026048996e-06
93,270,contact,0.0016996395819702482,-5.036041802975182e-05,5.036041802975182e-05,0.00014691166154688016,0.00014691166154688016,0.0,0.00014691166154688016,300.5269504962502,300.50168342077745,3.712028040132807e-06
93,385,contact,0.0017302149168239185,-1.9785083176081502e-05,1.9785083176081502e-05,9.208323061870595e-05,9.208323061870595e-05,0.0,9.208323061870595e-05,300.5269504962502,300.60619335494266,-7.296938431862673e-06
93,426,contact,0.0019292535675229428,-7.074643247705721e-05,7.074643247705721e-05,0.00018210543710614618,0.00018210543710614618,0.0,0.00018210543710614618,300.5269504962502,300.5347396012645,-1.4184383732941642e-06
94,178,contact,0.001734755864970343,-1.5244135029657139e-05,1.5244135029657139e-05,8.082821739340733e-05,8.082821739340733e-05,0.0,8.082821739340733e-05,300.16048543571304,300.1909528742278,-2.4626287436891635e-06
94,202,contact,0.0017128141873646431,-3.718581263535692e-05,3.718581263535692e-05,0.00012624094757139774,0.00012624094757139774,0.0,0.00012624094757139774,300.16048543571304,300.1748420306525,-1.8123901490539998e-06
94,296,contact,0.0016617871784464454,-8.821282155355463e-05,8.821282155355463e-05,0.00019443635192916835,0.00019443635192916835,0.0,0.00019443635192916835,300.16048543571304,300.2152919383341,-1.0656376431630219e-05
94,350,contact,0.001671008962640535,-7.899103735946496e-05,7.899103735946496e-05,0.00018399266758619751,0.00018399266758619751,0.0,0.00018399266758619751,300.16048543571304,300.05336126574144,1.9710061796031616e-05
95,194,contact,0.0017295727577641814,-2.042724223581859e-05,2.042724223581859e-05,9.356565815928084e-05,9.356565815928084e-05,0.0,9.356565815928084e-05,300.77605723137907,300.8044610447336,-2.657621490751249e-06
95,301,contact,0.0017052149024096637,-4.47850975903363e-05,4.47850975903363e-05,0.00013854101650053412,0.00013854101650053412,0.0,0.00013854101650053412,300.77605723137907,300.72658608038694,6.853783545901521e-06
95,403,contact,0.0019423795364672447,-5.7620463532755345e-05,5.7620463532755345e-05,0.0001643459530410745,0.0001643459530410745,0.0,0.0001643459530410745,300.77605723137907,300.89800371181457,-2.004141054717651e-05
95,472,contact,0.0019435371992190093,-5.646280078099074e-05,5.646280078099074e-05,0.00016268662473015232,0.00016268662473015232,0.0,0.00016268662473015232,300.77605723137907,300.67865986685496,1.5845248492040233e-05
96,211,contact,0.001713072883563336,-3.69271164366641e-05,3.69271164366641e-05,0.00012580106137980162,0.00012580106137980162,0.0,0.00012580106137980162,300.6115923871488,300.6774538157212,-8.285437618400225e-06
96,239,contact,0.0016843334308859397,-6.566656911406038e-05,6.566656911406038e-05,0.00016775820496952543,0.00016775820496952543,0.0,0.00016775820496952543,300.6115923871488,300.5309895476479,1.3521787670117403e-05
96,437,contact,0.0019331079831452769,-6.689201685472317e-05,6.689201685472317e-05,0.0001770752182002086,0.0001770752182002086,0.0,0.0001770752182002086,300.6115923871488,300.641163719066,-5.236350051713418e-06
97,234,contact,0.001679947889787061,-7.005211021293895e-05,7.005211021293895e-05,0.00017326953843189636,0.00017326953843189636,0.0,0.00017326953843189636,300.2082480333686,300.27811906845085,-1.2106521998461682e-05
97,345,contact,0.0016799668602088542,-7.003313979114583e-05,7.003313979114583e-05,0.00017324607576402396,0.00017324607576402396,0.0,0.00017324607576402396,300.2082480333686,300.1376135180605,1.2237152590619788e-05
97,359,contact,0.0017200770447860754,-2.9922955213924603e-05,2.9922955213924603e-05,0.00011324364734107845,0.00011324364734107845,0.0,0.00011324364734107845,300.2082480333686,300.21409424222475,-6.62046013988763e-07
97,436,contact,0.001949196075950288,-5.0803924049712054e-05,5.0803924049712054e-05,0.00015431895346425378,0.00015431895346425378,0.0,0.00015431895346425378,300.2082480333686,300.25630669420013,-7.416362244417305e-06
97,470,contact,0.001961933832141136,-3.806616785886419e-05,3.806616785886419e-05,0.00013357962488284877,0.00013357962488284877,0.0,0.00013357962488284877,300.2082480333686,300.14874960557154,7.947777666249536e-06
98,137,contact,0.001713066453760624,-3.693354623937606e-05,3.693354623937606e-05,0.0001258120132341038,0.0001258120132341038,0.0,0.0001258120132341038,300.5389008241946,300.4944479882327,5.592700786334505e-06
98,204,contact,0.0017418998059877029,-8.100194012297147e-06,8.100194012297147e-06,5.8919535975395464e-05,5.8919535975395464e-05,0.0,5.8919535975395464e-05,300.5389008241946,300.5511590003845,-7.222460530103632e-07
98,238,contact,0.0017260155550573703,-2.398444494262973e-05,2.398444494262973e-05,0.00010138563918304997,0.00010138563918304997,0.0,0.00010138563918304997,300.5389008241946,300.537916069158,9.984001882993471e-08
98,292,contact,0.0017109483547436501,-3.905164525634989e-05,3.905164525634989e-05,0.00012936931396424162,0.00012936931396424162,0.0,0.00012936931396424162,300.5389008241946,300.5773202499446,-4.970294752173011e-06
99,286,contact,0.0016554576364558532,-9.45423635441468e-05,9.45423635441468e-05,0.00020129122137995572,0.00020129122137995572,0.0,0.00020129122137995572,300.44361194717754,300.48707252089,-8.748231964458655e-06
99,291,contact,0.0016544434592300223,-9.555654076997774e-05,9.555654076997774e-05,0.00020236798953177676,0.00020236798953177676,0.0,0.00020236798953177676,300.44361194717754,300.4470065792994,-6.869648776995119e-07
99,369,contact,0.0016590329100111296,-9.096708998887048e-05,9.096708998887048e-05,0.000197448463426576,0.000197448463426576,0.0,0.000197448463426576,300.44361194717754,300.34047640198304,2.0363954923317125e-05
100,132,contact,0.0016971786921535401,-5.28213078464599e-05,5.28213078464599e-05,0.00015045831104584594,0.00015045831104584594,0.0,0.00015045831104584594,300.78616093560055,300.7315444110959,8.217510032161915e-06
100,168,contact,0.0015929484862982853,-0.0001570515137017147,0.0001570515137017147,0.0002594374521661226,0.0002594374521661226,0.0,0.0002594374521661226,300.78616093560055,300.74894851530007,9.654295511690736e-06
100,389,contact,0.001585555801540898,-0.00016444419845910194,0.00016444419845910194,0.00026547332267838294,0.00026547332267838294,0.0,0.00026547332267838294,300.78616093560055,300.82122532267994,-9.308659345645937e-06
100,451,contact,0.001845396726424971,-0.00015460327357502907,0.00015460327357502907,0.0002692030543814369,0.0002692030543814369,0.0,0.0002692030543814369,300.78616093560055,300.8100363551483,-6.427335866900147e-06
100,481,contact,0.0019923471089647008,-7.652891035299283e-06,7.652891035299283e-06,5.9894011994493567e-05,5.9894011994493567e-05,0.0,5.9894011994493567e-05,300.78616093560055,300.82182076636116,-2.135810331297451e-06
101,103,contact,0.001956163312952424,-4.383668704757617e-05,4.383668704757617e-05,0.0001480484499202477,0.0001480484499202477,0.0,0.0001480484499202477,300.0699374842771,300.0602783765794,1.4300159222573091e-06
101,427,contact,0.0021908740205074683,-5.912597949253194e-05,5.912597949253194e-05,0.0001812395276553654,0.0001812395276553654,0.0,0.0001812395276553654,300.0699374842771,300.146956150994,-1.3958826776421344e-05
101,480,contact,0.0022158452007888974,-3.4154799211102895e-05,3.4154799211102895e-05,0.00013774936824033975,0.00013774936824033975,0.0,0.00013774936824033975,300.0699374842771,300.0823418819137,-1.7086979378437597e-06
102,288,contact,0.0019887714009407913,-1.1228599059208769e-05,1.1228599059208769e-05,7.492862957244303e-05,7.492862957244303e-05,0.0,7.492862957244303e-05,300.40901426182216,300.3511723775168,4.3340131228906444e-06
102,401,contact,0.0022318482622929363,-1.8151737707063943e-05,1.8151737707063943e-05,0.00010042060907078106,0.00010042060907078106,0.0,0.00010042060907078106,300.40901426182216,300.52844361075773,-1.1993167961036643e-05
102,465,contact,0.002232036838069659,-1.7963161930341278e-05,1.7963161930341278e-05,9.989761962001474e-05,9.989761962001474e-05,0.0,9.989761962001474e-05,300.40901426182216,300.33234421835886,7.659154838147682e-06
103,191,contact,0.0019841051032604097,-1.5894896739590374e-05,1.5894896739590374e-05,8.914846252064691e-05,8.914846252064691e-05,0.0,8.914846252064691e-05,300.0602783765794,300.1385947758957,-6.9817865892005615e-06
103,240,contact,0.0018911751354552012,-0.0001088248645447988,0.0001088248645447988,0.0002332647257353743,0.0002332647257353743,0.0,0.0002332647257353743,300.0602783765794,300.1824745679909,-2.850406107550851e-05
104,202,contact,0.001915492975711476,-8.450702428852404e-05,8.450702428852404e-05,0.00020555659109904994,0.00020555659109904994,0.0,0.00020555659109904994,300.04996090571314,300.1748420306525,-2.567013833514729e-05
104,237,contact,0.001950741110450078,-4.9258889549921945e-05,4.9258889549921945e-05,0.00015693770985636618,0.00015693770985636618,0.0,0.00015693770985636618,300.04996090571314,300.05277448384834,-4.415565090407737e-07
104,350,contact,0.0019981088405380495,-1.8911594619505472e-06,1.8911594619505472e-06,3.075028017718332e-05,3.075028017718332e-05,0.0,3.075028017718332e-05,300.04996090571314,300.05336126574144,-1.045620235737835e-07
105,115,contact,0.0019833259164595204,-1.6674083540479598e-05,1.6674083540479598e-05,9.130740260373087e-05,9.130740260373087e-05,0.0,9.130740260373087e-05,300.2080600081998,300.22505922879907,-1.5521546792049665e-06
105,158,contact,0.0019793597911698622,-2.06402088301378e-05,2.06402088301378e-05,0.0001015879147097178,0.0001015879147097178,0.0,0.0001015879147097178,300.2080600081998,300.26222460342467,-5.502468279988175e-06
105,162,contact,0.001982197510340482,-1.780248965951815e-05,1.780248965951815e-05,9.434640867441153e-05,9.434640867441153e-05,0.0,9.434640867441153e-05,300.2080600081998,300.15580529462954,4.930044561665766e-06
105,364,contact,0.001973546827516388,-2.6453172483612095e-05,2.6453172483612095e-05,0.0001150068964967147,0.0001150068964967147,0.0,0.0001150068964967147,300.2080600081998,300.2516381753528,-5.011789759280071e-06
105,480,contact,0.0021712784982355453,-7.872150176445498e-05,7.872150176445498e-05,0.00020912715664618843,0.00020912715664618843,0.0,0.00020912715664618843,300.2080600081998,300.0823418819137,2.629107428910499e-05
105,484,contact,0.0021770499557887957,-7.295004421120459e-05,7.295004421120459e-05,0.00020131518159234317,0.00020131518159234317,0.0,0.00020131518159234317,300.2080600081998,300.30320785537543,-1.9154706132278528e-05
107,276,contact,0.001863744547206242,-0.00013625545279375806,0.00013625545279375806,0.0002610128854996991,0.0002610128854996991,0.0,0.0002610128854996991,300.93245441550476,300.8980587862304,8.977702445474138e-06
107,451,contact,0.002026649973740162,-0.00022335002625983825,0.00022335002625983825,0.0003522546634498007,0.0003522546634498007,0.0,0.0003522546634498007,300.93245441550476,300.8100363551483,4.3122332651034375e-05
107,452,contact,0.002016599390087432,-0.0002334006099125683,0.0002334006099125683,0.0003600930511784175,0.0003600930511784175,0.0,0.0003600930511784175,300.93245441550476,300.9324533253705,3.9254977770478706e-10
107,471,contact,0.0021420657614230707,-0.00010793423857692955,0.00010793423857692955,0.0002448743879544612,0.0002448743879544612,0.0,0.0002448743879544612,300.93245441550476,300.9239222047212,2.0893198935288345e-06
108,239,contact,0.0018703359812343877,-0.00012966401876561237,0.00012966401876561237,0.00025462130583045516,0.00025462130583045516,0.0,0.00025462130583045516,300.48916148345734,300.5309895476479,-1.065031632455895e-05
108,256,contact,0.001956979694963645,-4.3020305036355067e-05,4.3020305036355067e-05,0.00014666339869980353,0.00014666339869980353,0.0,0.00014666339869980353,300.48916148345734,300.5744260369827,-1.2505189208648952e-05
108,270,contact,0.0019796791270809515,-2.0320872919048563e-05,2.0320872919048563e-05,0.0001007989903695681,0.0001007989903695681,0.0,0.0001007989903695681,300.48916148345734,300.50168342077745,-1.2621986393387276e-06
108,363,contact,0.0018781124724041429,-0.00012188752759585719,0.00012188752759585719,0.00024686790759012925,0.00024686790759012925,0.0,0.00024686790759012925,300.48916148345734,300.36144348436005,3.152947519874487e-05
109,196,contact,0.0019752018026773874,-2.4798197322612597e-05,2.4798197322612597e-05,0.00011135124005284494,0.00011135124005284494,0.0,0.00011135124005284494,300.83847799970096,300.83789467739933,6.495366163614524e-08
109,198,contact,0.00198039718796508,-1.960281203491985e-05,1.960281203491985e-05,9.900205057199535e-05,9.900205057199535e-05,0.0,9.900205057199535e-05,300.83847799970096,300.7598197431915,7.787328688855576e-06
109,278,contact,0.0019950062277847664,-4.993772215233609e-06,4.993772215233609e-06,4.996885137379891e-05,4.996885137379891e-05,0.0,4.996885137379891e-05,300.83847799970096,300.7702892439466,3.4073138016540513e-06
109,469,contact,0.002228417868264388,-2.158213173561246e-05,2.158213173561246e-05,0.00010949919262922155,0.00010949919262922155,0.0,0.00010949919262922155,300.83847799970096,300.94130611999833,-1.125959615214297e-05
110,111,contact,0.001962068116299738,-3.7931883700262e-05,3.7931883700262e-05,0.0001377168902136953,0.0001377168902136953,0.0,0.0001377168902136953,300.8065580021937,300.74074020391174,9.064222500103169e-06
110,199,contact,0.001961321185553248,-3.867881444675212e-05,3.867881444675212e-05,0.00013906619727085392,0.00013906619727085392,0.0,0.00013906619727085392,300.8065580021937,300.72282696032397,1.1644157586349401e-05
110,205,contact,0.0018361372649396354,-0.00016386273506036465,0.00016386273506036465,0.0002862365586891065,0.0002862365586891065,0.0,0.0002862365586891065,300.8065580021937,300.75575158939796,1.4542652757989899e-05
110,405,contact,0.0021327780211264366,-0.00011722197887356362,0.00011722197887356362,0.0002551927146225461,0.0002551927146225461,0.0,0.0002551927146225461,300.8065580021937,300.9243004786739,-3.00470221993642e-05
110,471,contact,0.0020960667821660643,-0.00015393321783393598,0.00015393321783393598,0.0002924353849180818,0.0002924353849180818,0.0,0.0002924353849180818,300.8065580021937,300.9239222047212,-3.432144574172821e-05
110,498,contact,0.0021432867841938465,-0.0001067132158061538,0.0001067132158061538,0.00024348535868160052,0.00024348535868160052,0.0,0.00024348535868160052,300.8065580021937,300.6869720227564,2.9117435096585818e-05
111,120,contact,0.0018626559722342711,-0.00013734402776572892,0.00013734402776572892,0.0002620534561551602,0.0002620534561551602,0.0,0.0002620534561551602,300.74074020391174,300.68072859658884,1.5726249108393837e-05
111,199,contact,0.0018806267981978785,-0.00011937320180212155,0.00011937320180212155,0.00024430841348807613,0.00024430841348807613,0.0,0.00024430841348807613,300.74074020391174,300.72282696032397,4.3763561213536554e-06
111,209,contact,0.001997754062341008,-2.2459376589922288e-06,2.2459376589922288e-06,3.3510727080982806e-05,3.3510727080982806e-05,0.0,3.3510727080982806e-05,300.74074020391174,300.85093420275103,-3.6926810210656776e-06
111,460,contact,0.0022067282615899947,-4.327173841000556e-05,4.327173841000556e-05,0.00015504791089281182,0.00015504791089281182,0.0,0.00015504791089281182,300.74074020391174,300.61577289497995,1.9375920179770143e-05
111,499,contact,0.0021411733375418253,-0.00010882666245817492,0.00010882666245817492,0.00024588464149110305,0.00024588464149110305,0.0,0.00024588464149110305,300.74074020391174,300.84941564507074,-2.6721621888266615e-05
112,269,contact,0.0019158843996131393,-8.411560038686073e-05,8.411560038686073e-05,0.0002050799848679299,0.0002050799848679299,0.0,0.0002050799848679299,300.59659999313834,300.54507329703887,1.056709405637419e-05
112,275,contact,0.0018892004364304445,-0.00011079956356955557,0.00011079956356955557,0.0002353715823645195,0.0002353715823645195,0.0,0.0002353715823645195,300.59659999313834,300.52842908184346,1.6045495262708418e-05
112,412,contact,0.002154956296895359,-9.50437031046413e-05,9.50437031046413e-05,0.0002297869823996918,0.0002297869823996918,0.0,0.0002297869823996918,300.59659999313834,300.66137463993743,-1.4884370623969706e-05
112,472,contact,0.0021524099031971114,-9.759009680288889e-05,9.759009680288889e-05,0.0002328448420000954,0.0002328448420000954,0.0,0.0002328448420000954,300.59659999313834,300.67865986685496,-1.910721833009335e-05
113,129,contact,0.0019279609587048083,-7.203904129519175e-05,7.203904129519175e-05,0.0001897880940617611,0.0001897880940617611,0.0,0.0001897880940617611,300.3886186138054,300.47461941631684,-1.6321928396424542e-05
113,226,contact,0.0019194554215753146,-8.054457842468542e-05,8.054457842468542e-05,0.0002006795684974998,0.0002006795684974998,0.0,0.0002006795684974998,300.3886186138054,300.3335175397002,1.105765977518222e-05
113,277,contact,0.0019130680138635136,-8.693198613648643e-05,8.693198613648643e-05,0.0002084849948275492,0.0002084849948275492,0.0,0.0002084849948275492,300.3886186138054,300.39493496869795,-1.316865217098734e-06
113,300,contact,0.0019759736348506775,-2.402636514932258e-05,2.402636514932258e-05,0.0001096046649311118,0.0001096046649311118,0.0,0.0001096046649311118,300.3886186138054,300.3769376421351,1.280288985996341e-06
113,453,contact,0.0021280983254201393,-0.00012190167457986094,0.00012190167457986094,0.0002602367240501755,0.0002602367240501755,0.0,0.0002602367240501755,300.3886186138054,300.4531452295813,-1.679219510356191e-05
113,478,contact,0.002159957401447149,-9.00425985528512e-05,9.00425985528512e-05,0.00022365970996738574,0.00022365970996738574,0.0,0.00022365970996738574,300.3886186138054,300.28983890976747,2.209303995579252e-05
114,312,contact,0.0019034422266580617,-9.655777334193838e-05,9.655777334193838e-05,0.00021972457002112711,0.00021972457002112711,0.0,0.00021972457002112711,300.3252159255501,300.3079157300529,3.801278016897335e-06
114,351,contact,0.00198363535562865,-1.6364644371350164e-05,1.6364644371350164e-05,9.045618931656961e-05,9.045618931656961e-05,0.0,9.045618931656961e-05,300.3252159255501,300.36343247625075,-3.4569235452058642e-06
114,408,contact,0.0021723984782953615,-7.760152170463875e-05,7.760152170463875e-05,0.00020763418914662653,0.00020763418914662653,0.0,0.00020763418914662653,300.3252159255501,300.4331413391015,-2.2409005731062057e-05
114,461,contact,0.0021344808207383837,-0.00011551917926161653,0.00011551917926161653,0.00025333243339929686,0.00025333243339929686,0.0,0.00025333243339929686,300.3252159255501,300.1973587066782,3.239038038448376e-05
115,193,contact,0.0019133028233723085,-8.669717662769159e-05,8.669717662769159e-05,0.000208203238000387,0.000208203238000387,0.0,0.000208203238000387,300.22505922879907,300.3187774100971,-1.9512428805754175e-05
116,408,contact,0.0021317793562529224,-0.00011822064374707782,0.00011822064374707782,0.0002562774578753333,0.0002562774578753333,0.0,0.0002562774578753333,300.4959245584465,300.4331413391015,1.608992385097162e-05
116,409,contact,0.0021667353007702624,-8.326469922973791e-05,8.326469922973791e-05,0.00021507711695748408,0.00021507711695748408,0.0,0.00021507711695748408,300.4959245584465,300.54403699801105,-1.0347884791331123e-05
116,444,contact,0.002145693223995985,-0.00010430677600401514,0.00010430677600401514,0.00024072434212418054,0.00024072434212418054,0.0,0.00024072434212418054,300.4959245584465,300.58397490468906,-2.119586167304163e-05
117,200,contact,0.0018773368037006573,-0.00012266319629934274,0.00012266319629934274,0.00024765217170392707,0.00024765217170392707,0.0,0.00024765217170392707,300.0669840159403,300.05151388311316,3.831211991191206e-06
117,316,contact,0.001964852358066631,-3.5147641933369004e-05,3.5147641933369004e-05,0.00013256628895267643,0.00013256628895267643,0.0,0.00013256628895267643,300.0669840159403,300.0652753887608,2.2650636438765924e-07
117,357,contact,0.001944956754300722,-5.504324569927804e-05,5.504324569927804e-05,0.0001658964220519509,0.0001658964220519509,0.0,0.0001658964220519509,300.0669840159403,300.06008954243845,1.1437684858903944e-06
117,441,contact,0.0021387644448372513,-0.000111235555162749,0.000111235555162749,0.00024859109124417887,0.00024859109124417887,0.0,0.00024859109124417887,300.0669840159403,300.15953514151926,-2.300738530354826e-05
118,305,contact,0.0018707470145372408,-0.0001292529854627592,0.0001292529854627592,0.0002542174123292494,0.0002542174123292494,0.0,0.0002542174123292494,300.2352562537452,300.165251287713,1.779648131491033e-05
118,430,contact,0.002223084812349721,-2.691518765027918e-05,2.691518765027918e-05,0.0001222819775270783,0.0001222819775270783,0.0,0.0001222819775270783,300.2352562537452,300.2958150381378,-7.4052479121610404e-06
118,449,contact,0.0020949899990214747,-0.00015501000097852555,0.00015501000097852555,0.00029345641449846,0.00029345641449846,0.0,0.00029345641449846,300.2352562537452,300.3716977613735,-4.00396356173709e-05
118,466,contact,0.002177811336351899,-7.218866364810126e-05,7.218866364810126e-05,0.000200261861416082,0.000200261861416082,0.0,0.000200261861416082,300.2352562537452,300.18069393151444,1.0926752213117151e-05
118,467,contact,0.002120159320923784,-0.00012984067907621626,0.00012984067907621626,0.00026857719671985914,0.00026857719671985914,0.0,0.00026857719671985914,300.2352562537452,300.1655494795656,1.872165000154708e-05
119,162,contact,0.0019612774848297224,-3.872251517027768e-05,3.872251517027768e-05,0.0001391447361028754,0.0001391447361028754,0.0,0.0001391447361028754,300.19968488855164,300.15580529462954,6.105614516591871e-06
119,282,contact,0.0019154959113503742,-8.450408864962584e-05,8.450408864962584e-05,0.00020555302071439602,0.00020555302071439602,0.0,0.00020555302071439602,300.19968488855164,300.20084191349866,-2.3782997290180018e-07
119,427,contact,0.0022183534502617686,-3.164654973823169e-05,3.164654973823169e-05,0.00013259493399538243,0.00013259493399538243,0.0,0.00013259493399538243,300.19968488855164,300.146956150994,6.9915634761137e-06
119,493,contact,0.0021743607510254586,-7.563924897454168e-05,7.563924897454168e-05,0.0002049922071344579,0.0002049922071344579,0.0,0.0002049922071344579,300.19968488855164,300.24871663189134,-1.0051125286854688e-05
120,165,contact,0.0019190399839554366,-8.09600160445634e-05,8.09600160445634e-05,0.00020119644137578998,0.00020119644137578998,0.0,0.00020119644137578998,300.68072859658884,300.66571145133435,3.0213961848266408e-06
120,263,contact,0.0018862176582250512,-0.00011378234177494883,0.00011378234177494883,0.0002385187013369694,0.0002385187013369694,0.0,0.0002385187013369694,300.68072859658884,300.661637085301,4.553682478939087e-06
120,334,contact,0.0018921604762810159,-0.00010783952371898418,0.00010783952371898418,0.00023220629160186873,0.00023220629160186873,0.0,0.00023220629160186873,300.68072859658884,300.7011449932126,-4.7408157478792245e-06
120,367,contact,0.0018793073010515047,-0.00012069269894849537,0.00012069269894849537,0.00024565493985313563,0.00024565493985313563,0.0,0.00024565493985313563,300.68072859658884,300.64705791018145,8.271370444221267e-06
120,460,contact,0.0021895987613715887,-6.040123862841159e-05,6.040123862841159e-05,0.00018318363377346485,0.00018318363377346485,0.0,0.00018318363377346485,300.68072859658884,300.61577289497995,1.1898821455019653e-05
121,139,contact,0.001866033538114736,-0.0001339664618852641,0.0001339664618852641,0.0002588111878235407,0.0002588111878235407,0.0,0.0002588111878235407,300.831550387567,300.92270356576336,-2.3591462322888314e-05
121,354,contact,0.0017905573833306764,-0.00020944261666932368,0.00020944261666932368,0.0003236067186179265,0.0003236067186179265,0.0,0.0003236067186179265,300.831550387567,300.7802048302027,1.661576733426964e-05
121,376,contact,0.0018266683014712866,-0.00017333169852871348,0.00017333169852871348,0.0002943906405855267,0.0002943906405855267,0.0,0.0002943906405855267,300.831550387567,300.8075562313771,7.063655011062266e-06
121,406,contact,0.002039404390428736,-0.00021059560957126418,0.00021059560957126418,0.0003420490620845561,0.0003420490620845561,0.0,0.0003420490620845561,300.831550387567,300.77614935827006,1.8949870109539094e-05
122,134,contact,0.0019036776815472198,-9.632231845278024e-05,9.632231845278024e-05,0.0002194565087355354,0.0002194565087355354,0.0,0.0002194565087355354,300.218553394702,300.3267013259766,-2.3733767424500837e-05
122,355,contact,0.0019139876206297677,-8.601237937023239e-05,8.601237937023239e-05,0.000207379337652323,0.000207379337652323,0.0,0.000207379337652323,300.218553394702,300.1181138548672,2.0829085245041006e-05
122,430,contact,0.0021837154929252043,-6.6284507074796e-05,6.6284507074796e-05,0.00019189769710099296,0.00019189769710099296,0.0,0.00019189769710099296,300.218553394702,300.2958150381378,-1.4826331449568878e-05
122,461,contact,0.0020767209616592186,-0.00017327903834078165,0.00017327903834078165,0.00031026783979578893,0.00031026783979578893,0.0,0.00031026783979578893,300.218553394702,300.1973587066782,6.576030068289306e-06
122,466,contact,0.002093735088345467,-0.00015626491165453326,0.00015626491165453326,0.00029464188400170474,0.00029464188400170474,0.0,0.00029464188400170474,300.218553394702,300.18069393151444,1.115498356087127e-05
123,209,contact,0.0019988635938475137,-1.1364061524863148e-06,1.1364061524863148e-06,2.3837010639825567e-05,2.3837010639825567e-05,0.0,2.3837010639825567e-05,300.93336382153075,300.85093420275103,1.9648756998887867e-06
123,258,contact,0.0019040606825826045,-9.59393174173955e-05,9.59393174173955e-05,0.000219019767849155,0.000219019767849155,0.0,0.000219019767849155,300.93336382153075,300.94258868490954,-2.020427435662836e-06
123,499,contact,0.002129806416731107,-0.00012019358326889346,0.00012019358326889346,0.0002584070682608412,0.0002584070682608412,0.0,0.0002584070682608412,300.93336382153075,300.84941564507074,2.1692802164875538e-05
124,175,contact,0.0019671763565323767,-3.2823643467623335e-05,3.2823643467623335e-05,0.00012810863254992486,0.00012810863254992486,0.0,0.00012810863254992486,300.847928604151,300.90997605569333,-7.948814170298856e-06
124,198,contact,0.0019047751081164414,-9.522489188355863e-05,9.522489188355863e-05,0.00021820276336879723,0.00021820276336879723,0.0,0.00021820276336879723,300.847928604151,300.7598197431915,1.9225596938638724e-05
124,201,contact,0.001997826724042903,-2.1732759570968624e-06,2.1732759570968624e-06,3.296419236912124e-05,3.296419236912124e-05,0.0,3.296419236912124e-05,300.847928604151,300.71187070651234,4.4850387110982175e-06
124,394,contact,0.001914810004151848,-8.518999584815204e-05,8.518999584815204e-05,0.0002063855564812519,0.0002063855564812519,0.0,0.0002063855564812519,300.847928604151,300.92066466533345,-1.5011672463398021e-05
124,450,contact,0.0021753451639222685,-7.465483607773174e-05,7.465483607773174e-05,0.0002036538949592499,0.0002036538949592499,0.0,0.0002036538949592499,300.847928604151,300.9278479295608,-1.627588190222818e-05
125,215,contact,0.0019341675040182005,-6.583249598179951e-05,6.583249598179951e-05,0.00018142835498041577,0.00018142835498041577,0.0,0.00018142835498041577,300.52577536716745,300.4914552474838,6.226642856931539e-06
125,230,contact,0.0019210172217083332,-7.89827782916668e-05,7.89827782916668e-05,0.00019872440500812527,0.00019872440500812527,0.0,0.00019872440500812527,300.52577536716745,300.49715498231745,5.687568950419981e-06
125,270,contact,0.001924085365283984,-7.591463471601613e-05,7.591463471601613e-05,0.0001948263774698079,0.0001948263774698079,0.0,0.0001948263774698079,300.52577536716745,300.50168342077745,4.6937466413607765e-06
125,362,contact,0.001964258785649183,-3.57412143508172e-05,3.57412143508172e-05,0.00013368099032924838,0.00013368099032924838,0.0,0.00013368099032924838,300.52577536716745,300.51654579427856,1.23381844410393e-06
125,385,contact,0.00197413512670739,-2.586487329261011e-05,2.586487329261011e-05,0.00011372087163887311,0.00011372087163887311,0.0,0.00011372087163887311,300.52577536716745,300.60619335494266,-9.145203665240698e-06
125,460,contact,0.0021798325801996817,-7.016741980031852e-05,7.016741980031852e-05,0.00019743834452574263,0.00019743834452574263,0.0,0.00019743834452574263,300.52577536716745,300.61577289497995,-1.776896290270944e-05
126,252,contact,0.001999761875349162,-2.381246508378898e-07,2.381246508378898e-07,1.0911568421585638e-05,1.0911568421585638e-05,0.0,1.0911568421585638e-05,300.13261471398704,300.23863636831726,-1.1568625353939008e-06
126,282,contact,0.0019329420554170787,-6.705794458292135e-05,6.705794458292135e-05,0.00018310918134124425,0.00018310918134124425,0.0,0.00018310918134124425,300.13261471398704,300.20084191349866,-1.249302664777944e-05
126,315,contact,0.001958654270691996,-4.13457293080041e-05,4.13457293080041e-05,0.00014378061292817627,0.00014378061292817627,0.0,0.00014378061292817627,300.13261471398704,300.0587455055385,1.0620960067246523e-05
126,324,contact,0.0019409009068213658,-5.909909317863425e-05,5.909909317863425e-05,0.0001718998155592877,0.0001718998155592877,0.0,0.0001718998155592877,300.13261471398704,300.0551933413243,1.3308719681072032e-05
126,349,contact,0.0019166149753145519,-8.338502468544819e-05,8.338502468544819e-05,0.00020418744413583343,0.00020418744413583343,0.0,0.00020418744413583343,300.13261471398704,300.16491661394366,-6.59564239287395e-06
127,175,contact,0.0019348414305053539,-6.515856949464616e-05,6.515856949464616e-05,0.0001804973261500654,0.0001804973261500654,0.0,0.0001804973261500654,300.89778465340555,300.90997605569333,-2.2005155149646482e-06
127,194,contact,0.001977484451746714,-2.2515548253285948e-05,2.2515548253285948e-05,0.00010610265843343876,0.00010610265843343876,0.0,0.00010610265843343876,300.89778465340555,300.8044610447336,9.901882974694495e-06
127,227,contact,0.0018988313556608976,-0.00010116864433910248,0.00010116864433910248,0.0002249095866555075,0.0002249095866555075,0.0,0.0002249095866555075,300.89778465340555,300.93641034656287,-8.687288682294034e-06
127,358,contact,0.0019124684810474645,-8.753151895253553e-05,8.753151895253553e-05,0.00020920267559538467,0.00020920267559538467,0.0,0.00020920267559538467,300.89778465340555,300.8740279975719,4.969955963601477e-06
127,497,contact,0.002193883830766799,-5.611616923320139e-05,5.611616923320139e-05,0.00017656627530194085,0.00017656627530194085,0.0,0.00017656627530194085,300.89778465340555,300.92034861548836,-3.984034741016569e-06
128,170,contact,0.0019521764666392235,-4.782353336077656e-05,4.782353336077656e-05,0.00015463429981859872,0.00015463429981859872,0.0,0.00015463429981859872,300.05870772467364,300.0590538312572,-5.3519949209784146e-08
128,272,contact,0.0019323717971446376,-6.762820285536241e-05,6.762820285536241e-05,0.0001838861099367791,0.0001838861099367791,0.0,0.0001838861099367791,300.05870772467364,300.1403179292672,-1.500698305385691e-05
128,348,contact,0.001939377934699681,-6.062206530031895e-05,6.062206530031895e-05,0.00017410063943064505,0.00017410063943064505,0.0,0.00017410063943064505,300.05870772467364,300.0692459701528,-1.834715276397786e-06
128,381,contact,0.0018815284455994804,-0.00011847155440051962,0.00011847155440051962,0.00024338401180081613,0.00024338401180081613,0.0,0.00024338401180081613,300.05870772467364,300.1712196779975,-2.7383610575507294e-05
129,293,contact,0.0020000052357968365,-0.0,0.0,1.0000000000000001e-07,1.0000000000000001e-07,0.0,1.0000000000000001e-07,300.47461941631684,300.4629964068912,1.162300942564798e-09
129,297,contact,0.0018953162515027413,-0.0001046837484972587,0.0001046837484972587,0.00022878346585500744,0.00022878346585500744,0.0,0.00022878346585500744,300.47461941631684,300.58269317363795,-2.4725488767896102e-05
129,383,contact,0.0019001343177431646,-9.986568225683543e-05,9.986568225683543e-05,0.00022345657548709035,0.00022345657548709035,0.0,0.00022345657548709035,300.47461941631684,300.41363106470857,1.362824819498731e-05
129,453,contact,0.0021806663042085923,-6.933369579140798e-05,6.933369579140798e-05,0.000196261865588085,0.000196261865588085,0.0,0.000196261865588085,300.47461941631684,300.4531452295813,4.214563950702316e-06
129,476,contact,0.002192017768165191,-5.798223183480942e-05,5.798223183480942e-05,0.000179477995919663,0.000179477995919663,0.0,0.000179477995919663,300.47461941631684,300.5272187002944,-9.440414075098595e-06
130,133,contact,0.0019644028699290165,-3.559713007098356e-05,3.559713007098356e-05,0.0001334112627760182,0.0001334112627760182,0.0,0.0001334112627760182,300.46665202711847,300.3618501513482,1.3981750587804352e-05
130,138,contact,0.001906933803986071,-9.306619601392899e-05,9.306619601392899e-05,0.00021571531704300576,0.00021571531704300576,0.0,0.00021571531704300576,300.46665202711847,300.44066506852613,5.6057850117303285e-06
130,182,contact,0.0019463096571020978,-5.369034289790225e-05,5.369034289790225e-05,0.0001638449616221113,0.0001638449616221113,0.0,0.0001638449616221113,300.46665202711847,300.52545354761617,-9.63433286926671e-06
130,477,contact,0.0021640014976120146,-8.59985023879857e-05,8.59985023879857e-05,0.00021857938093768856,0.00021857938093768856,0.0,0.00021857938093768856,300.46665202711847,300.5233720349553,-1.2397824199752078e-05
131,192,contact,0.001901327779349246,-9.867222065075413e-05,9.867222065075413e-05,0.00022211733459002488,0.00022211733459002488,0.0,0.00022211733459002488,300.70883355793706,300.63564998896976,1.625533927480079e-05
131,301,contact,0.0019316476012210565,-6.83523987789435e-05,6.83523987789435e-05,0.00018486805940851913,0.00018486805940851913,0.0,0.00018486805940851913,300.70883355793706,300.72658608038694,-3.2818743749158987e-06
131,404,contact,0.0022164871083315595,-3.351289166844077e-05,3.351289166844077e-05,0.00013644879313916178,0.00013644879313916178,0.0,0.00013644879313916178,300.70883355793706,300.77638560163325,-9.217394836429873e-06
131,472,contact,0.002122198723823949,-0.00012780127617605108,0.00012780127617605108,0.00026645958227598993,0.00026645958227598993,0.0,0.00026645958227598993,300.70883355793706,300.67865986685496,8.040069121460536e-06
131,487,contact,0.0021935046775423115,-5.6495322457688745e-05,5.6495322457688745e-05,0.00017716176295767526,0.00017716176295767526,0.0,0.00017716176295767526,300.70883355793706,300.60688151218363,1.806200416281769e-05
132,389,contact,0.001926844192481582,-7.315580751841811e-05,7.315580751841811e-05,0.00019125350652787794,0.00019125350652787794,0.0,0.00019125350652787794,300.7315444110959,300.82122532267994,-1.715178880906148e-05
132,416,contact,0.0022095096609881567,-4.049033901184357e-05,4.049033901184357e-05,0.00014998210821413844,0.00014998210821413844,0.0,0.00014998210821413844,300.7315444110959,300.69165932664794,5.982049051806071e-06
132,437,contact,0.002167176497519295,-8.282350248070515e-05,8.282350248070515e-05,0.00021450654286926793,0.00021450654286926793,0.0,0.00021450654286926793,300.7315444110959,300.641163719066,1.9387249789465028e-05
133,216,contact,0.0018832282843848532,-0.00011677171561514689,0.00011677171561514689,0.00024163165729592108,0.00024163165729592108,0.0,0.00024163165729592108,300.3618501513482,300.42115024576793,-1.4328780092439495e-05
133,331,contact,0.001928584676621693,-7.141532337830701e-05,7.141532337830701e-05,0.00018896471016873362,0.00018896471016873362,0.0,0.00018896471016873362,300.3618501513482,300.39082391946306,-5.475019694316476e-06
133,365,contact,0.001937883578056603,-6.211642194339697e-05,6.211642194339697e-05,0.0001762333991379003,0.0001762333991379003,0.0,0.0001762333991379003,300.3618501513482,300.2885465036391,1.2918551004983696e-05
133,440,contact,0.002121131032279712,-0.00012886896772028832,0.00012886896772028832,0.0002675703103031346,0.0002675703103031346,0.0,0.0002675703103031346,300.3618501513482,300.2728103903939,2.3824396467868516e-05
133,449,contact,0.002173989765040306,-7.601023495969412e-05,7.601023495969412e-05,0.0002054943023807258,0.0002054943023807258,0.0,0.0002054943023807258,300.3618501513482,300.3716977613735,-2.023627752267239e-06
134,159,contact,0.0019403744479014869,-5.962555209851317e-05,5.962555209851317e-05,0.00017266376588403424,0.00017266376588403424,0.0,0.00017266376588403424,300.3267013259766,300.3675158020916,-7.047181148595419e-06
134,216,contact,0.0019355945178327002,-6.440548216729981e-05,6.440548216729981e-05,0.00017945122201771128,0.00017945122201771128,0.0,0.00017945122201771128,300.3267013259766,300.42115024576793,-1.6948974074804907e-05
134,288,contact,0.001937107130178659,-6.289286982134098e-05,6.289286982134098e-05,0.0001773314267428943,0.0001773314267428943,0.0,0.0001773314267428943,300.3267013259766,300.3511723775168,-4.339486483515601e-06
134,351,contact,0.0019546150416889876,-4.538495831101245e-05,4.538495831101245e-05,0.00015064023086647945,0.00015064023086647945,0.0,0.00015064023086647945,300.3267013259766,300.36343247625075,-5.5331889572871775e-06
134,365,contact,0.0019325336733648404,-6.746632663515964e-05,6.746632663515964e-05,0.0001836659013469289,0.0001836659013469289,0.0,0.0001836659013469289,300.3267013259766,300.2885465036391,7.007739835349507e-06
134,430,contact,0.0022315461635894675,-1.845383641053272e-05,1.845383641053272e-05,0.00010125280904342775,0.00010125280904342775,0.0,0.00010125280904342775,300.3267013259766,300.2958150381378,3.127323404604934e-06
135,155,contact,0.001987345640722821,-1.2654359277179152e-05,1.2654359277179152e-05,7.954357069298295e-05,7.954357069298295e-05,0.0,7.954357069298295e-05,300.7130158102939,300.8262089308656,-9.003784988157262e-06
135,264,contact,0.00190689610060433,-9.310389939567012e-05,9.310389939567012e-05,0.00021575900838165498,0.00021575900838165498,0.0,0.00021575900838165498,300.7130158102939,300.62692579081465,1.8574697234395886e-05
135,437,contact,0.002240976542246706,-9.023457753294401e-06,9.023457753294401e-06,7.0802768908875e-05,7.0802768908875e-05,0.0,7.0802768908875e-05,300.7130158102939,300.641163719066,5.087327010826123e-06
135,481,contact,0.0021648323380807116,-8.516766191928862e-05,8.516766191928862e-05,0.00021752095929573802,0.00021752095929573802,0.0,0.00021752095929573802,300.7130158102939,300.82182076636116,-2.366735841988415e-05
135,485,contact,0.0022152609934046144,-3.4739006595385907e-05,3.4739006595385907e-05,0.0001389224535794978,0.0001389224535794978,0.0,0.0001389224535794978,300.7130158102939,300.6481658243435,9.009119162823946e-06
136,174,contact,0.0019091853587328805,-9.081464126711953e-05,9.081464126711953e-05,0.00021308993555200999,0.00021308993555200999,0.0,0.00021308993555200999,300.44570207954945,300.5097800786857,-1.3654376706247229e-05
136,268,contact,0.0018857401422783583,-0.00011425985772164178,0.00011425985772164178,0.00023901867889522963,0.00023901867889522963,0.0,0.00023901867889522963,300.44570207954945,300.3865424455823,1.4140257554758233e-05
137,204,contact,0.0019612651978506116,-3.873480214938848e-05,3.873480214938848e-05,0.0001391668102483284,0.0001391668102483284,0.0,0.0001391668102483284,300.4944479882327,300.5511590003845,-7.892290667115433e-06
137,299,contact,0.001956607336922767,-4.339266307723305e-05,4.339266307723305e-05,0.00014729674653099614,0.00014729674653099614,0.0,0.00014729674653099614,300.4944479882327,300.4024296479008,1.3554002152069363e-05
137,428,contact,0.002199285793456593,-5.071420654340726e-05,5.071420654340726e-05,0.00016785279023829724,0.00016785279023829724,0.0,0.00016785279023829724,300.4944479882327,300.383372820667,1.8644276802094154e-05
138,182,contact,0.0019871794376576913,-1.2820562342308762e-05,1.2820562342308762e-05,8.006423153415251e-05,8.006423153415251e-05,0.0,8.006423153415251e-05,300.44066506852613,300.52545354761617,-6.788524421293341e-06
138,468,contact,0.002141790550940964,-0.00010820944905903622,0.00010820944905903622,0.0002451863792879887,0.0002451863792879887,0.0,0.0002451863792879887,300.44066506852613,300.32810077567166,2.7599231402100838e-05
139,329,contact,0.001911895353110364,-8.810464688963613e-05,8.810464688963613e-05,0.0002098864536953685,0.0002098864536953685,0.0,0.0002098864536953685,300.92270356576336,300.8911613650474,6.620280650014632e-06
139,354,contact,0.001962860908620119,-3.713909137988093e-05,3.713909137988093e-05,0.0001362701203123431,0.0001362701203123431,0.0,0.0001362701203123431,300.92270356576336,300.7802048302027,1.9418319839206592e-05
139,439,contact,0.00223220617231227,-1.779382768773031e-05,1.779382768773031e-05,9.942564974148692e-05,9.942564974148692e-05,0.0,9.942564974148692e-05,300.92270356576336,300.9192968604168,3.387138925584504e-07
139,446,contact,0.002185667930388557,-6.433206961144319e-05,6.433206961144319e-05,0.00018905036015047418,0.00018905036015047418,0.0,0.00018905036015047418,300.92270356576336,300.9205862730751,4.0027494525574017e-07
140,218,contact,0.001748185219963834,-0.00025181478003616603,0.00025181478003616603,0.000354834313473321,0.000354834313473321,0.0,0.000354834313473321,300.14696101622826,300.18549867182867,-1.3674482567841901e-05
140,398,contact,0.001873071762213076,-0.00012692823778692394,0.00012692823778692394,0.0002519208583929921,0.0002519208583929921,0.0,0.0002519208583929921,300.14696101622826,300.0451062574423,2.5659338264774155e-05
140,447,contact,0.0021533415386556774,-9.665846134432289e-05,9.665846134432289e-05,0.00023173076013186184,0.00023173076013186184,0.0,0.00023173076013186184,300.14696101622826,300.1714665943947,-5.678696255980015e-06
140,479,contact,0.002141891545176833,-0.0001081084548231674,0.0001081084548231674,0.00024507193368384196,0.00024507193368384196,0.0,0.00024507193368384196,300.14696101622826,300.0964554973656,1.2377485169382351e-05
140,493,contact,0.002116135755947619,-0.0001338642440523812,0.0001338642440523812,0.00027270684713359347,0.00027270684713359347,0.0,0.00027270684713359347,300.14696101622826,300.24871663189134,-2.774945312561634e-05
141,190,contact,0.001982364498294902,-1.7635501705097825e-05,1.7635501705097825e-05,9.390287989486218e-05,9.390287989486218e-05,0.0,9.390287989486218e-05,300.7397673123788,300.83169924302024,-8.632673041528286e-06
141,412,contact,0.0022167986878178086,-3.320131218219162e-05,3.320131218219162e-05,0.00013581300907700595,0.00013581300907700595,0.0,0.00013581300907700595,300.7397673123788,300.66137463993743,1.0646744733846338e-05
141,472,contact,0.002189980749093471,-6.001925090652919e-05,6.001925090652919e-05,0.00018260347280762518,0.00018260347280762518,0.0,0.00018260347280762518,300.7397673123788,300.67865986685496,1.1158431767051708e-05
142,147,contact,0.0018852388783652853,-0.00011476112163471479,0.00011476112163471479,0.000239542398788518,0.000239542398788518,0.0,0.000239542398788518,300.0536431081865,300.1078093201398,-1.297510434457093e-05
142,244,contact,0.001910624435152026,-8.9375564847974e-05,8.9375564847974e-05,0.00021139484956825936,0.00021139484956825936,0.0,0.00021139484956825936,300.0536431081865,300.06341253958243,-2.0652074803057354e-06
142,454,contact,0.0022376666598267043,-1.2333340173296004e-05,1.2333340173296004e-05,8.277593642980497e-05,8.277593642980497e-05,0.0,8.277593642980497e-05,300.0536431081865,300.0786856007819,-2.0729157751198126e-06
142,479,contact,0.0021872443000725814,-6.275569992741882e-05,6.275569992741882e-05,0.00018671978400120032,0.00018671978400120032,0.0,0.00018671978400120032,300.0536431081865,300.0964554973656,-7.99392006008977e-06
143,155,contact,0.0018957428177165806,-0.00010425718228341944,0.00010425718228341944,0.00022831686565321827,0.00022831686565321827,0.0,0.00022831686565321827,300.9091311172482,300.8262089308656,1.8932533687981524e-05
143,261,contact,0.0019872354567340533,-1.276454326594673e-05,1.276454326594673e-05,7.98891208674458e-05,7.98891208674458e-05,0.0,7.98891208674458e-05,300.9091311172482,300.93870891337923,-2.3629441301050372e-06
143,276,contact,0.001921743378040887,-7.825662195911297e-05,7.825662195911297e-05,0.00019780877376789053,0.00019780877376789053,0.0,0.00019780877376789053,300.9091311172482,300.8980587862304,2.1902042213776253e-06
143,481,contact,0.002163269742705241,-8.673025729475942e-05,8.673025729475942e-05,0.0002195073490224561,0.0002195073490224561,0.0,0.0002195073490224561,300.9091311172482,300.82182076636116,1.9165263665433982e-05
144,292,contact,0.001932733712905117,-6.72662870948831e-05,6.72662870948831e-05,0.00018339341195212425,0.00018339341195212425,0.0,0.00018339341195212425,300.5892649467795,300.5773202499446,2.190578707289097e-06
144,326,contact,0.0018444281577768224,-0.00015557184222317767,0.00015557184222317767,0.0002789012748475504,0.0002789012748475504,0.0,0.0002789012748475504,300.5892649467795,300.57830594772656,3.056478806919661e-06
144,370,contact,0.001912493870055536,-8.750612994446404e-05,8.750612994446404e-05,0.00020917233319019994,0.00020917233319019994,0.0,0.00020917233319019994,300.5892649467795,300.61598093754674,-5.588246122269216e-06
144,489,contact,0.0021886791683341806,-6.132083166581967e-05,6.132083166581967e-05,0.00018457282764056346,0.00018457282764056346,0.0,0.00018457282764056346,300.5892649467795,300.6136996333864,-4.509979199540403e-06
145,326,contact,0.001921544625685284,-7.8455374314716e-05,7.8455374314716e-05,0.00019805980702140957,0.00019805980702140957,0.0,0.00019805980702140957,300.5115103972515,300.57830594772656,-1.3229513836974309e-05
145,337,contact,0.0019296832211272393,-7.031677887276073e-05,7.031677887276073e-05,0.00018750570507688658,0.00018750570507688658,0.0,0.00018750570507688658,300.5115103972515,300.43052280029485,1.5185636469844e-05
145,464,contact,0.002202471114316826,-4.752888568317418e-05,4.752888568317418e-05,0.00016249595838251584,0.00016249595838251584,0.0,0.00016249595838251584,300.5115103972515,300.56032351927,-7.93193504403671e-06
146,159,contact,0.0019452789278147236,-5.47210721852764e-05,5.47210721852764e-05,0.00016541020552746495,0.00016541020552746495,0.0,0.00016541020552746495,300.44073901978845,300.3675158020916,1.211186748862053e-05
146,173,contact,0.0019376228651107519,-6.237713488924817e-05,6.237713488924817e-05,0.00017660285231168858,0.00017660285231168858,0.0,0.00017660285231168858,300.44073901978845,300.4192013788353,3.8036088243948594e-06
146,326,contact,0.001931831399320344,-6.816860067965593e-05,6.816860067965593e-05,0.00018461933901904202,0.00018461933901904202,0.0,0.00018461933901904202,300.44073901978845,300.57830594772656,-2.539751530681405e-05
147,340,contact,0.0019447724285633018,-5.522757143669823e-05,5.522757143669823e-05,0.00016617396221535165,0.00016617396221535165,0.0,0.00016617396221535165,300.1078093201398,300.14702120952023,-6.5159950243000476e-06
147,355,contact,0.0018923391215371521,-0.00010766087846284791,0.00010766087846284791,0.00023201387723889265,0.00023201387723889265,0.0,0.00023201387723889265,300.1078093201398,300.1181138548672,-2.3907950552526094e-06
147,378,contact,0.0019375676600573198,-6.24323399426802e-05,6.24323399426802e-05,0.00017668098361549864,0.00017668098361549864,0.0,0.00017668098361549864,300.1078093201398,300.0641623913989,7.711582301734972e-06
147,392,contact,0.0018748718801560812,-0.00012512811984391882,0.00012512811984391882,0.0002501280870313436,0.0002501280870313436,0.0,0.0002501280870313436,300.1078093201398,300.18328878581474,-1.8879534359425598e-05
148,261,contact,0.0019572643272179665,-4.273567278203355e-05,4.273567278203355e-05,0.00014617741409334335,0.00014617741409334335,0.0,0.00014617741409334335,300.94421730973824,300.93870891337923,8.052031355605414e-07
148,372,contact,0.0019208480657274798,-7.91519342725202e-05,7.91519342725202e-05,0.00019893709341462719,0.00019893709341462719,0.0,0.00019893709341462719,300.94421730973824,300.8249545055279,2.372579562208211e-05
149,186,contact,0.001955915266339521,-4.408473366047895e-05,4.408473366047895e-05,0.00014846671960489822,0.00014846671960489822,0.0,0.00014846671960489822,300.883351223531,300.8886013026711,-7.794620275921375e-07
149,210,contact,0.001983586635188895,-1.6413364811105214e-05,1.6413364811105214e-05,9.059074127940784e-05,9.059074127940784e-05,0.0,9.059074127940784e-05,300.883351223531,300.8217822511818,5.577578844927293e-06
149,220,contact,0.0019617677099238845,-3.8232290076115494e-05,3.8232290076115494e-05,0.0001382611479702731,0.0001382611479702731,0.0,0.0001382611479702731,300.883351223531,300.8156306284554,9.363127216386273e-06
149,323,contact,0.0019415436357918927,-5.845636420810738e-05,5.845636420810738e-05,0.00017096251666389825,0.00017096251666389825,0.0,0.00017096251666389825,300.883351223531,300.9306548328426,-8.087144095196594e-06
149,394,contact,0.0019470015410882444,-5.2998458911755666e-05,5.2998458911755666e-05,0.00016278583923633479,0.00016278583923633479,0.0,0.00016278583923633479,300.883351223531,300.92066466533345,-6.074099938606207e-06
150,272,contact,0.0019230196931908949,-7.698030680910518e-05,7.698030680910518e-05,0.00019618907565038528,0.00019618907565038528,0.0,0.00019618907565038528,300.0540358668344,300.1403179292672,-1.692759807390283e-05
150,274,contact,0.001910844553175377,-8.915544682462314e-05,8.915544682462314e-05,0.00021113437288208562,0.00021113437288208562,0.0,0.00021113437288208562,300.0540358668344,300.1073487625048,-1.1256184793895355e-05
150,366,contact,0.001984540463910978,-1.5459536089021918e-05,1.5459536089021918e-05,8.79190994295947e-05,8.79190994295947e-05,0.0,8.79190994295947e-05,300.0540358668344,300.05744732700646,-2.9993250606747067e-07
151,269,contact,0.001854355519688714,-0.00014564448031128608,0.00014564448031128608,0.000269855961867888,0.000269855961867888,0.0,0.000269855961867888,300.58446662738925,300.54507329703887,1.0630525052880888e-05
151,401,contact,0.0021272388821427647,-0.00012276111785723557,0.00012276111785723557,0.00026115248616813424,0.00026115248616813424,0.0,0.00026115248616813424,300.58446662738925,300.52844361075773,1.4630550075958525e-05
151,409,contact,0.0021914845703084472,-5.851542969155304e-05,5.851542969155304e-05,0.00018030133679721512,0.00018030133679721512,0.0,0.00018030133679721512,300.58446662738925,300.54403699801105,7.2895162231045894e-06
151,434,contact,0.002137542507203073,-0.00011245749279692723,0.00011245749279692723,0.0002499527653121321,0.0002499527653121321,0.0,0.0002499527653121321,300.58446662738925,300.72080677377244,-3.407859661153937e-05
151,464,contact,0.0022427899903691385,-7.210009630861762e-06,7.210009630861762e-06,6.328950075671566e-05,6.328950075671566e-05,0.0,6.328950075671566e-05,300.58446662738925,300.56032351927,1.5280052595816742e-06
152,207,contact,0.001928952718575549,-7.10472814244511e-05,7.10472814244511e-05,0.0001884771623094574,0.0001884771623094574,0.0,0.0001884771623094574,300.6106474708906,300.5072642238087,1.9485381040338158e-05
152,211,contact,0.0019264943065059905,-7.350569349400958e-05,7.350569349400958e-05,0.0001917103198761214,0.0001917103198761214,0.0,0.0001917103198761214,300.6106474708906,300.6774538157212,-1.2807465737225261e-05
152,239,contact,0.0018763212567681471,-0.0001236787432318529,0.0001236787432318529,0.00024867523321779844,0.00024867523321779844,0.0,0.00024867523321779844,300.6106474708906,300.5309895476479,1.9808952640032564e-05
152,472,contact,0.0020934927439807383,-0.00015650725601926195,0.00015650725601926195,0.00029487026904429794,0.00029487026904429794,0.0,0.00029487026904429794,300.6106474708906,300.67865986685496,-2.0054833496349625e-05
152,485,contact,0.0021825529978215883,-6.744700217841196e-05,6.744700217841196e-05,0.0001935731302784155,0.0001935731302784155,0.0,0.0001935731302784155,300.6106474708906,300.6481658243435,-7.262545120763533e-06
152,487,contact,0.002162458933274803,-8.754106672519742e-05,8.754106672519742e-05,0.00022053100906322225,0.00022053100906322225,0.0,0.00022053100906322225,300.6106474708906,300.60688151218363,8.305106737434789e-07
153,157,contact,0.0018824854534364931,-0.0001175145465635069,0.0001175145465635069,0.00024239899604114174,0.00024239899604114174,0.0,0.00024239899604114174,300.454054244353,300.374520419439,1.9278919310464217e-05
153,171,contact,0.0019717000553583193,-2.829994464168071e-05,2.829994464168071e-05,0.00011895365618946042,0.00011895365618946042,0.0,0.00011895365618946042,300.454054244353,300.40106226318727,6.303589908388564e-06
153,204,contact,0.0018697343404879745,-0.00013026565951202557,0.00013026565951202557,0.0002552113433137579,0.0002552113433137579,0.0,0.0002552113433137579,300.454054244353,300.5511590003845,-2.4782235228942608e-05
153,249,contact,0.0019193415068976122,-8.065849310238786e-05,8.065849310238786e-05,0.00020082142951187735,0.00020082142951187735,0.0,0.00020082142951187735,300.454054244353,300.42465720028247,5.9035564136713734e-06
153,428,contact,0.002226143577355243,-2.385642264475735e-05,2.385642264475735e-05,0.00011512414228117534,0.00011512414228117534,0.0,0.00011512414228117534,300.454054244353,300.383372820667,8.137138277067658e-06
154,404,contact,0.002211994152478708,-3.8005847521292106e-05,3.8005847521292106e-05,0.000145307810299554,0.000145307810299554,0.0,0.000145307810299554,300.759294223523,300.77638560163325,-2.4835107282023456e-06
154,437,contact,0.002154884353045425,-9.51156469545752e-05,9.51156469545752e-05,0.00022987393520335252,0.00022987393520335252,0.0,0.00022987393520335252,300.759294223523,300.641163719066,2.7155123927084398e-05
154,451,contact,0.0021705141050451624,-7.94858949548379e-05,7.94858949548379e-05,0.00021014002600757786,0.00021014002600757786,0.0,0.00021014002600757786,300.759294223523,300.8100363551483,-1.0662952859426186e-05
154,481,contact,0.002219690269271819,-3.0309730728181154e-05,3.0309730728181154e-05,0.00012976416798729135,0.00012976416798729135,0.0,0.00012976416798729135,300.759294223523,300.82182076636116,-8.11370480851514e-06
154,495,contact,0.0021450914272356783,-0.00010490857276432199,0.00010490857276432199,0.00024141777155922746,0.00024141777155922746,0.0,0.00024141777155922746,300.759294223523,300.78371229139304,-5.894955530968121e-06
155,161,contact,0.001915382985906474,-8.461701409352598e-05,8.461701409352598e-05,0.00020569031831071434,0.00020569031831071434,0.0,0.00020569031831071434,300.8262089308656,300.7989538933881,5.606097334320808e-06
155,261,contact,0.0018656438452151044,-0.0001343561547848956,0.0001343561547848956,0.00025918734033985496,0.00025918734033985496,0.0,0.00025918734033985496,300.8262089308656,300.93870891337923,-2.915857125598315e-05
155,372,contact,0.0019267363230862705,-7.326367691372956e-05,7.326367691372956e-05,0.0001913944577485586,0.0001913944577485586,0.0,0.0001913944577485586,300.8262089308656,300.8249545055279,2.4009005729897613e-07
155,434,contact,0.0020854887938802262,-0.00016451120611977402,0.00016451120611977402,0.0003023162491679625,0.0003023162491679625,0.0,0.0003023162491679625,300.8262089308656,300.72080677377244,3.1864784786622805e-05
155,481,contact,0.002072922624436329,-0.00017707737556367118,0.00017707737556367118,0.0003136499956282402,0.0003136499956282402,0.0,0.0003136499956282402,300.8262089308656,300.82182076636116,1.37634777764054e-06
156,164,contact,0.0019057435769011524,-9.425642309884765e-05,9.425642309884765e-05,0.00021709033039134614,0.00021709033039134614,0.0,0.00021709033039134614,300.5586319523931,300.6627030269674,-2.2592823963512555e-05
156,223,contact,0.0019650709962746892,-3.492900372531081e-05,3.492900372531081e-05,0.00013215332709642767,0.00013215332709642767,0.0,0.00013215332709642767,300.5586319523931,300.53087708424005,3.6678981695505516e-06
156,231,contact,0.0019599164392646935,-4.00835607353065e-05,4.00835607353065e-05,0.00014156899507891283,0.00014156899507891283,0.0,0.00014156899507891283,300.5586319523931,300.5523734407228,8.860112078534855e-07
156,302,contact,0.0019560958850731226,-4.390411492687747e-05,4.390411492687747e-05,0.00014816226734036818,0.00014816226734036818,0.0,0.00014816226734036818,300.5586319523931,300.6183947825121,-8.854596413105962e-06
156,417,contact,0.0021743452654994786,-7.565473450052169e-05,7.565473450052169e-05,0.00020501318995578158,0.00020501318995578158,0.0,0.00020501318995578158,300.5586319523931,300.4518259620474,2.1896636787162404e-05
157,249,contact,0.0019529169396827904,-4.7083060317209624e-05,4.7083060317209624e-05,0.00015343249381602586,0.00015343249381602586,0.0,0.00015343249381602586,300.374520419439,300.42465720028247,-7.692611316717349e-06
157,436,contact,0.0021692906662547557,-8.070933374524454e-05,8.070933374524454e-05,0.00021175107732278027,0.00021175107732278027,0.0,0.00021175107732278027,300.374520419439,300.25630669420013,2.503188367367376e-05
157,465,contact,0.002150721657072342,-9.927834292765845e-05,9.927834292765845e-05,0.000234850239428897,0.000234850239428897,0.0,0.000234850239428897,300.374520419439,300.33234421835886,9.905090921878566e-06
158,193,contact,0.0019852965830760095,-1.4703416923990582e-05,1.4703416923990582e-05,8.574210437116231e-05,8.574210437116231e-05,0.0,8.574210437116231e-05,300.26222460342467,300.3187774100971,-4.8489566521882975e-06
158,229,contact,0.0019669381880387166,-3.306181196128339e-05,3.306181196128339e-05,0.00012857257087202424,0.00012857257087202424,0.0,0.00012857257087202424,300.26222460342467,300.25156061646,1.3710962197955563e-06
158,240,contact,0.0018961714095593666,-0.00010382859044063349,0.00010382859044063349,0.00022784708736412837,0.00022784708736412837,0.0,0.00022784708736412837,300.26222460342467,300.1824745679909,1.817081329077506e-05
158,321,contact,0.0018853590878132474,-0.00011464091218675262,0.00011464091218675262,0.00023941690853692083,0.00023941690853692083,0.0,0.00023941690853692083,300.26222460342467,300.21299034229577,1.1787514593581167e-05
158,438,contact,0.0021123921464775417,-0.00013760785352245853,0.00013760785352245853,0.0002764937748168609,0.0002764937748168609,0.0,0.0002764937748168609,300.26222460342467,300.37789786136017,-3.198293573195025e-05
159,197,contact,0.00196819660618547,-3.1803393814529984e-05,3.1803393814529984e-05,0.00012610193062465377,0.00012610193062465377,0.0,0.00012610193062465377,300.3675158020916,300.3004630483719,8.455481697750956e-06
159,337,contact,0.001953580235311568,-4.641976468843217e-05,4.641976468843217e-05,0.00015234789904759461,0.00015234789904759461,0.0,0.00015234789904759461,300.3675158020916,300.43052280029485,-9.598983801562797e-06
159,422,contact,0.002223486927328335,-2.651307267166527e-05,2.651307267166527e-05,0.00012136508895721132,0.00012136508895721132,0.0,0.00012136508895721132,300.3675158020916,300.31636280169306,6.208188443795683e-06
160,184,contact,0.0019857134297022816,-1.4286570297718411e-05,1.4286570297718411e-05,8.451795755257699e-05,8.451795755257699e-05,0.0,8.451795755257699e-05,300.21360647111146,300.1754213586266,3.2273277161376523e-06
160,325,contact,0.001927815274578974,-7.218472542102608e-05,7.218472542102608e-05,0.0001899799008066723,0.0001899799008066723,0.0,0.0001899799008066723,300.21360647111146,300.2809904001165,-1.2801592148337208e-05
160,467,contact,0.0021785552728585977,-7.144472714140258e-05,7.144472714140258e-05,0.00019922729501390361,0.00019922729501390361,0.0,0.00019922729501390361,300.21360647111146,300.1655494795656,9.574264432191166e-06
161,280,contact,0.0019162475176761485,-8.375248232385152e-05,8.375248232385152e-05,0.00020463685191559648,0.00020463685191559648,0.0,0.00020463685191559648,300.7989538933881,300.73237375661915,1.3624749588507424e-05
161,318,contact,0.0019729688575595918,-2.703114244040827e-05,2.703114244040827e-05,0.00011625648893805513,0.00011625648893805513,0.0,0.00011625648893805513,300.7989538933881,300.9378884448627,-1.615204314662277e-05
161,372,contact,0.001987306730829441,-1.2693269170558925e-05,1.2693269170558925e-05,7.966576796390946e-05,7.966576796390946e-05,0.0,7.966576796390946e-05,300.7989538933881,300.8249545055279,-2.0713587336486298e-06
161,491,contact,0.0021955380134263216,-5.446198657367866e-05,5.446198657367866e-05,0.00017394441413163934,0.00017394441413163934,0.0,0.00017394441413163934,300.7989538933881,300.74028716541625,1.0204749626084404e-05
162,241,contact,0.0019706704520035816,-2.9329547996418456e-05,2.9329547996418456e-05,0.00012109819981407333,0.00012109819981407333,0.0,0.00012109819981407333,300.15580529462954,300.0536356337208,1.2372562011666493e-05
162,364,contact,0.0019876347195599098,-1.236528044009028e-05,1.236528044009028e-05,7.86297667556323e-05,7.86297667556323e-05,0.0,7.86297667556323e-05,300.15580529462954,300.2516381753528,-7.535317058790633e-06
162,480,contact,0.002180265157016458,-6.973484298354246e-05,6.973484298354246e-05,0.00019682880743250304,0.00019682880743250304,0.0,0.00019682880743250304,300.15580529462954,300.0823418819137,1.4459715914783102e-05
162,493,contact,0.0022069958962580784,-4.300410374192187e-05,4.300410374192187e-05,0.00015456768338016893,0.00015456768338016893,0.0,0.00015456768338016893,300.15580529462954,300.24871663189134,-1.4361090160309411e-05
163,213,contact,0.001915545922837664,-8.445407716233607e-05,8.445407716233607e-05,0.0002054921861803218,0.0002054921861803218,0.0,0.0002054921861803218,300.15194226179744,300.0683409842709,1.717940928639948e-05
163,214,contact,0.0019908696594704537,-9.13034052954639e-06,9.13034052954639e-06,6.756604372592194e-05,6.756604372592194e-05,0.0,6.756604372592194e-05,300.15194226179744,300.25656759938556,-7.069120134318117e-06
163,359,contact,0.0019270095171794036,-7.299048282059643e-05,7.299048282059643e-05,0.00019103727754105537,0.00019103727754105537,0.0,0.00019103727754105537,300.15194226179744,300.21409424222475,-1.187334513461675e-05
163,427,contact,0.0021447005414124273,-0.00010529945858757297,0.00010529945858757297,0.00024186711065235454,0.00024186711065235454,0.0,0.00024186711065235454,300.15194226179744,300.146956150994,1.2059762134179241e-06
163,470,contact,0.002195197172829813,-5.480282717018744e-05,5.480282717018744e-05,0.0001744878651784948,0.0001744878651784948,0.0,0.0001744878651784948,300.15194226179744,300.14874960557154,5.570797691071543e-07
164,285,contact,0.0019143051265668167,-8.569487343318329e-05,8.569487343318329e-05,0.0002069962239186784,0.0002069962239186784,0.0,0.0002069962239186784,300.6627030269674,300.7219799227125,-1.2270093584853928e-05
164,297,contact,0.0018890634034092132,-0.00011093659659078682,0.00011093659659078682,0.000235517087056106,0.000235517087056106,0.0,0.000235517087056106,300.6627030269674,300.58269317363795,1.8843687591936725e-05
164,342,contact,0.0019783816256720202,-2.1618374327979795e-05,2.1618374327979795e-05,0.00010396724082127936,0.00010396724082127936,0.0,0.00010396724082127936,300.6627030269674,300.68120954907806,-1.92407204104433e-06
164,448,contact,0.0021534142894714895,-9.658571052851075e-05,9.658571052851075e-05,0.00023164353664929842,0.00023164353664929842,0.0,0.00023164353664929842,300.6627030269674,300.7406733669322,-1.806132530319275e-05
165,263,contact,0.0019501021575104682,-4.989784248953183e-05,4.989784248953183e-05,0.0001579522752123752,0.0001579522752123752,0.0,0.0001579522752123752,300.66571145133435,300.661637085301,6.435553850179652e-07
165,367,contact,0.0019284993282176683,-7.150067178233175e-05,7.150067178233175e-05,0.00018907759225028723,0.00018907759225028723,0.0,0.00018907759225028723,300.66571145133435,300.64705791018145,3.5269666481321194e-06
165,416,contact,0.0022080481978969573,-4.195180210304298e-05,4.195180210304298e-05,0.00015266485097727232,0.00015266485097727232,0.0,0.00015266485097727232,300.66571145133435,300.69165932664794,-3.9613285179261955e-06
165,477,contact,0.0021982988377218073,-5.170116227819297e-05,5.170116227819297e-05,0.00016947822259018834,0.00016947822259018834,0.0,0.00016947822259018834,300.66571145133435,300.5233720349553,2.412343129244766e-05
165,486,contact,0.0021257313516707607,-0.00012426864832923955,0.00012426864832923955,0.0002627510950703891,0.0002627510950703891,0.0,0.0002627510950703891,300.66571145133435,300.76995360166393,-2.7389739151589983e-05
165,491,contact,0.0022053385236321427,-4.466147636785758e-05,4.466147636785758e-05,0.00015751803488958473,0.00015751803488958473,0.0,0.00015751803488958473,300.66571145133435,300.74028716541625,-1.1747019932668788e-05
166,196,contact,0.0019130477856365742,-8.695221436342583e-05,8.695221436342583e-05,0.00020850924963107252,0.00020850924963107252,0.0,0.00020850924963107252,300.72957323526686,300.83789467739933,-2.2586022617998695e-05
166,228,contact,0.0019599541197946446,-4.004588020535549e-05,4.004588020535549e-05,0.00014150243850435138,0.00014150243850435138,0.0,0.00014150243850435138,300.72957323526686,300.70134677246153,3.994113317305333e-06
166,388,contact,0.0018979955820309482,-0.00010200441796905189,0.00010200441796905189,0.00022583668653371167,0.00022583668653371167,0.0,0.00022583668653371167,300.72957323526686,300.650895350528,1.776835279290358e-05
166,415,contact,0.0021964046080260066,-5.359539197399366e-05,5.359539197399366e-05,0.00017255497026550642,0.00017255497026550642,0.0,0.00017255497026550642,300.72957323526686,300.7445512733997,-2.5845349246450957e-06
166,482,contact,0.002165514401529819,-8.448559847018143e-05,8.448559847018143e-05,0.00021664820238013801,0.00021664820238013801,0.0,0.00021664820238013801,300.72957323526686,300.7683834259778,-8.408158051553978e-06
167,243,contact,0.0019629544279223606,-3.7045572077639474e-05,3.7045572077639474e-05,0.00013609844245552458,0.00013609844245552458,0.0,0.00013609844245552458,300.26543490589387,300.2022766179265,8.595744620518309e-06
167,321,contact,0.0019145262815903042,-8.547371840969585e-05,8.547371840969585e-05,0.00020672895105632383,0.00020672895105632383,0.0,0.00020672895105632383,300.26543490589387,300.21299034229577,1.0841809621242086e-05
167,369,contact,0.0019437653938940273,-5.623460610597276e-05,5.623460610597276e-05,0.0001676821488799162,0.0001676821488799162,0.0,0.0001676821488799162,300.26543490589387,300.34047640198304,-1.2583119319395908e-05
167,420,contact,0.0021896771566831483,-6.032284331685192e-05,6.032284331685192e-05,0.00018306471733128807,0.00018306471733128807,0.0,0.00018306471733128807,300.26543490589387,300.3321921455379,-1.222089520524684e-05
167,425,contact,0.0022062899641486955,-4.3710035851304754e-05,4.3710035851304754e-05,0.0001558311690603804,0.0001558311690603804,0.0,0.0001558311690603804,300.26543490589387,300.21422279687823,7.980442817954361e-06
167,463,contact,0.0021991864910118467,-5.081350898815352e-05,5.081350898815352e-05,0.00016801704442002556,0.00016801704442002556,0.0,0.00016801704442002556,300.26543490589387,300.20030126399166,1.0943562004721198e-05
167,468,contact,0.0021657495088987975,-8.42504911012028e-05,8.42504911012028e-05,0.00021634654697858506,0.00021634654697858506,0.0,0.00021634654697858506,300.26543490589387,300.32810077567166,-1.3557544539834198e-05
168,232,contact,0.0018834641894923305,-0.00011653581050766952,0.00011653581050766952,0.00024138745877496363,0.00024138745877496363,0.0,0.00024138745877496363,300.74894851530007,300.692363068625,1.365901717653845e-05
168,341,contact,0.0018787463000096635,-0.00012125369999033651,0.00012125369999033651,0.00024622520178724244,0.00024622520178724244,0.0,0.00024622520178724244,300.74894851530007,300.7688945440279,-4.911214948360556e-06
169,251,contact,0.0019447720481588584,-5.5227951841141636e-05,5.5227951841141636e-05,0.0001661745345128754,0.0001661745345128754,0.0,0.0001661745345128754,300.5755611309228,300.59354746272425,-2.988870314702874e-06
169,259,contact,0.0019648044642816176,-3.5195535718382433e-05,3.5195535718382433e-05,0.00013265657865025473,0.00013265657865025473,0.0,0.00013265657865025473,300.5755611309228,300.63432068328115,-7.79484117888151e-06
169,286,contact,0.0019514536032916592,-4.854639670834088e-05,4.854639670834088e-05,0.00015579858264493435,0.00015579858264493435,0.0,0.00015579858264493435,300.5755611309228,300.48707252089,1.3786400023323527e-05
169,322,contact,0.001944275192198882,-5.572480780111815e-05,5.572480780111815e-05,0.00016692035196631678,0.00016692035196631678,0.0,0.00016692035196631678,300.5755611309228,300.5513605995381,4.039561216502502e-06
169,379,contact,0.001896489416980149,-0.00010351058301985095,0.00010351058301985095,0.00022749789341865447,0.00022749789341865447,0.0,0.00022749789341865447,300.5755611309228,300.5674951922029,1.834984067216819e-06
169,388,contact,0.0019722284112394283,-2.7771588760571765e-05,2.7771588760571765e-05,0.00011783800057827646,0.00011783800057827646,0.0,0.00011783800057827646,300.5755611309228,300.650895350528,-8.877233813404446e-06
170,305,contact,0.001901855353700694,-9.814464629930605e-05,9.814464629930605e-05,0.00022152273731979076,0.00022152273731979076,0.0,0.00022152273731979076,300.0590538312572,300.165251287713,-2.3525151250485575e-05
170,386,contact,0.0019430648830134315,-5.693511698656858e-05,5.693511698656858e-05,0.00016872331935237727,0.00016872331935237727,0.0,0.00016872331935237727,300.0590538312572,300.0526349840314,1.0830092103531856e-06
170,395,contact,0.0018988689807619703,-0.00010113101923802975,0.00010113101923802975,0.00022486776029261038,0.00022486776029261038,0.0,0.00022486776029261038,300.0590538312572,300.09581346815486,-8.266057218348786e-06
171,422,contact,0.0021938454828451352,-5.615451715486504e-05,5.615451715486504e-05,0.00017662659475550397,0.00017662659475550397,0.0,0.00017662659475550397,300.40106226318727,300.31636280169306,1.4960177461347328e-05
171,428,contact,0.0021968286475963477,-5.317135240365256e-05,5.317135240365256e-05,0.0001718709987876123,0.0001718709987876123,0.0,0.0001718709987876123,300.40106226318727,300.383372820667,3.0403021539588396e-06
172,197,contact,0.0019878546790447226,-1.214532095527741e-05,1.214532095527741e-05,7.792727685245203e-05,7.792727685245203e-05,0.0,7.792727685245203e-05,300.21115323578965,300.3004630483719,-6.959670490738189e-06
172,422,contact,0.002145523268575757,-0.00010447673142424327,0.00010447673142424327,0.0002409203780692369,0.0002409203780692369,0.0,0.0002409203780692369,300.21115323578965,300.31636280169306,-2.5347128393949355e-05
172,454,contact,0.002142936657999952,-0.0001070633420000482,0.0001070633420000482,0.00024388446946140547,0.00024388446946140547,0.0,0.00024388446946140547,300.21115323578965,300.0786856007819,3.2306798884670384e-05
173,373,contact,0.0019217622152076991,-7.82377847923009e-05,7.82377847923009e-05,0.00019778496504069883,0.00019778496504069883,0.0,0.00019778496504069883,300.4192013788353,300.4016201981953,3.47729319825251e-06
173,455,contact,0.002174620856057442,-7.537914394255838e-05,7.537914394255838e-05,0.000204639444365719,0.000204639444365719,0.0,0.000204639444365719,300.4192013788353,300.30346417088185,2.3684397928029546e-05
174,187,contact,0.0018233085889393498,-0.00017669141106065023,0.00017669141106065023,0.00029723005489069426,0.00029723005489069426,0.0,0.00029723005489069426,300.5097800786857,300.42133801840316,2.6287638432427165e-05
174,292,contact,0.0018996691980973943,-0.00010033080190260577,0.00010033080190260577,0.00022397634015963134,0.00022397634015963134,0.0,0.00022397634015963134,300.5097800786857,300.5773202499446,-1.5127400372319485e-05
174,360,contact,0.0019230732984990462,-7.692670150095384e-05,7.692670150095384e-05,0.00019612075553208775,0.00019612075553208775,0.0,0.00019612075553208775,300.5097800786857,300.5438010997924,-6.672228363418328e-06
174,489,contact,0.002165938722702007,-8.406127729799345e-05,8.406127729799345e-05,0.00021610346968523286,0.00021610346968523286,0.0,0.00021610346968523286,300.5097800786857,300.6136996333864,-2.24573763389585e-05
175,394,contact,0.0019219312961966143,-7.806870380338573e-05,7.806870380338573e-05,0.00019757113124566772,0.00019757113124566772,0.0,0.00019757113124566772,300.90997605569333,300.92066466533345,-2.1117606980404045e-06
175,469,contact,0.0021843276308511966,-6.567236914880367e-05,6.567236914880367e-05,0.0001910095534969734,0.0001910095534969734,0.0,0.0001910095534969734,300.90997605569333,300.94130611999833,-5.984341593928679e-06
175,497,contact,0.0021794698657471735,-7.053013425282681e-05,7.053013425282681e-05,0.00019794799296339713,0.00019794799296339713,0.0,0.00019794799296339713,300.90997605569333,300.92034861548836,-2.0532273933190454e-06
176,212,contact,0.001941589190766162,-5.8410809233837985e-05,5.8410809233837985e-05,0.00017089588823877242,0.00017089588823877242,0.0,0.00017089588823877242,300.0726906379091,300.0535553485091,3.270142278713707e-06
176,218,contact,0.0018903813356304583,-0.00010961866436954171,0.00010961866436954171,0.0002341139299246648,0.0002341139299246648,0.0,0.0002341139299246648,300.0726906379091,300.18549867182867,-2.64099321479872e-05
176,398,contact,0.001985591720621336,-1.4408279378663909e-05,1.4408279378663909e-05,8.487720359043384e-05,8.487720359043384e-05,0.0,8.487720359043384e-05,300.0726906379091,300.0451062574423,2.3412850767970512e-06
176,435,contact,0.002140289190950607,-0.0001097108090493933,0.0001097108090493933,0.0002468814482132774,0.0002468814482132774,0.0,0.0002468814482132774,300.0726906379091,300.07941717714095,-1.660657747025806e-06
177,257,contact,0.0018973119630772374,-0.00010268803692276268,0.00010268803692276268,0.00022659218534932165,0.00022659218534932165,0.0,0.00022659218534932165,300.90885682512794,300.9451553613247,-8.224964641800533e-06
177,419,contact,0.0021463550465382008,-0.00010364495346179949,0.00010364495346179949,0.00023995943344865548,0.00023995943344865548,0.0,0.00023995943344865548,300.90885682512794,300.8268229145443,1.968481070722271e-05
177,450,contact,0.0021926876303523034,-5.73123696476969e-05,5.73123696476969e-05,0.0001784382396232142,0.0001784382396232142,0.0,0.0001784382396232142,300.90885682512794,300.9278479295608,-3.3887392435021207e-06
177,469,contact,0.002138640270382094,-0.00011135972961790613,0.00011135972961790613,0.0002487298061238184,0.0002487298061238184,0.0,0.0002487298061238184,300.90885682512794,300.94130611999833,-8.071106821966513e-06
178,411,contact,0.0022307113044945986,-1.9288695505401653e-05,1.9288695505401653e-05,0.00010351783395843134,0.00010351783395843134,0.0,0.00010351783395843134,300.1909528742278,300.3173163019428,-1.3080868328623182e-05
178,470,contact,0.0022021500507458614,-4.784994925413882e-05,4.784994925413882e-05,0.00016304387489626292,0.00016304387489626292,0.0,0.00016304387489626292,300.1909528742278,300.14874960557154,6.880984455000956e-06
179,183,contact,0.0018631759975107018,-0.00013682400248929828,0.00013682400248929828,0.0002615568795590151,0.0002615568795590151,0.0,0.0002615568795590151,300.3425083084661,300.4301258172727,-2.291696219818935e-05
179,187,contact,0.0019172213511225039,-8.277864887749615e-05,8.277864887749615e-05,0.00020344366404178842,0.00020344366404178842,0.0,0.00020344366404178842,300.3425083084661,300.42133801840316,-1.6037405024945612e-05
179,364,contact,0.0018638615895500397,-0.00013613841044996032,0.00013613841044996032,0.00026090075742507947,0.00026090075742507947,0.0,0.00026090075742507947,300.3425083084661,300.2516381753528,2.370808655657746e-05
179,484,contact,0.0022330502016300485,-1.694979836995179e-05,1.694979836995179e-05,9.703893368114272e-05,9.703893368114272e-05,0.0,9.703893368114272e-05,300.3425083084661,300.30320785537543,3.8136740611048807e-06
180,249,contact,0.0019206789691408608,-7.932103085913928e-05,7.932103085913928e-05,0.00019914948011373176,0.00019914948011373176,0.0,0.00019914948011373176,300.4664864829286,300.42465720028247,8.330279892505087e-06
180,270,contact,0.001994507846412242,-5.4921535877581334e-06,5.4921535877581334e-06,5.2403022755171926e-05,5.2403022755171926e-05,0.0,5.2403022755171926e-05,300.4664864829286,300.50168342077745,-1.8444259350065038e-06
180,399,contact,0.0019954405220151275,-4.559477984872502e-06,4.559477984872502e-06,4.774661236607527e-05,4.774661236607527e-05,0.0,4.774661236607527e-05,300.4664864829286,300.3852823009794,3.877224598032878e-06
180,428,contact,0.0022011935177534935,-4.880648224650681e-05,4.880648224650681e-05,0.0001646654558769703,0.0001646654558769703,0.0,0.0001646654558769703,300.4664864829286,300.383372820667,1.368594908591255e-05
180,457,contact,0.002176835689940791,-7.316431005920934e-05,7.316431005920934e-05,0.0002016106121259071,0.0002016106121259071,0.0,0.0002016106121259071,300.4664864829286,300.58577101556233,-2.4049027641441456e-05
181,335,contact,0.001924672707059567,-7.532729294043301e-05,7.532729294043301e-05,0.000194071240708706,0.000194071240708706,0.0,0.000194071240708706,300.0545254823337,300.1471866152104,-1.7982861022852587e-05
181,470,contact,0.0022319914946522536,-1.8008505347746635e-05,1.8008505347746635e-05,0.00010002362317569073,0.00010002362317569073,0.0,0.00010002362317569073,300.0545254823337,300.14874960557154,-9.424638196801199e-06
182,313,contact,0.0019423439431854787,-5.76560568145213e-05,5.76560568145213e-05,0.0001697881868896086,0.0001697881868896086,0.0,0.0001697881868896086,300.52545354761617,300.5604709126441,-5.945534917747963e-06
182,367,contact,0.0018768492714877243,-0.00012315072851227572,0.00012315072851227572,0.00024814383783631995,0.00024814383783631995,0.0,0.00024814383783631995,300.52545354761617,300.64705791018145,-3.0175373224587583e-05
183,268,contact,0.0018741392570991102,-0.00012586074290088988,0.00012586074290088988,0.00025085926622400246,0.00025085926622400246,0.0,0.00025085926622400246,300.4301258172727,300.3865424455823,1.0933292641829545e-05
183,380,contact,0.0018914171975003289,-0.00010858280249967118,0.00010858280249967118,0.00023300515283966488,0.00023300515283966488,0.0,0.00023300515283966488,300.4301258172727,300.45396451649,-5.554539754617632e-06
183,423,contact,0.0021246127965349353,-0.00012538720346506492,0.00012538720346506492,0.00026393097105226513,0.00026393097105226513,0.0,0.00026393097105226513,300.4301258172727,300.5653979436133,-3.570250366137053e-05
183,456,contact,0.002157534456271787,-9.24655437282134e-05,9.24655437282134e-05,0.00022664894995493386,0.00022664894995493386,0.0,0.00022664894995493386,300.4301258172727,300.34858652903824,1.8480794058414585e-05
184,252,contact,0.0019185195151470325,-8.148048485296755e-05,8.148048485296755e-05,0.00020184212252769186,0.00020184212252769186,0.0,0.00020184212252769186,300.1754213586266,300.23863636831726,-1.2759451731575427e-05
184,271,contact,0.0018997676831654972,-0.00010023231683450287,0.00010023231683450287,0.00022386638518824445,0.00022386638518824445,0.0,0.00022386638518824445,300.1754213586266,300.1835493718155,-1.8195889313665625e-06
184,325,contact,0.0019392203227070416,-6.0779677292958434e-05,6.0779677292958434e-05,0.00017432681562651003,0.00017432681562651003,0.0,0.00017432681562651003,300.1754213586266,300.2809904001165,-1.840351483167726e-05
184,435,contact,0.002144707572141246,-0.00010529242785875439,0.00010529242785875439,0.00024185903591733668,0.00024185903591733668,0.0,0.00024185903591733668,300.1754213586266,300.07941717714095,2.321947877814638e-05
184,445,contact,0.0022266531476635514,-2.334685233644886e-05,2.334685233644886e-05,0.00011388798672489284,0.00011388798672489284,0.0,0.00011388798672489284,300.1754213586266,300.080054735505,1.086111270807134e-05
185,264,contact,0.0019429137234833662,-5.708627651663384e-05,5.708627651663384e-05,0.0001689471463455862,0.0001689471463455862,0.0,0.0001689471463455862,300.6222548310874,300.62692579081465,-7.891453166163824e-07
185,280,contact,0.001931137185028552,-6.886281497144801e-05,6.886281497144801e-05,0.0001855570195000017,0.0001855570195000017,0.0,0.0001855570195000017,300.6222548310874,300.73237375661915,-2.0433339612216942e-05
185,333,contact,0.0019005606682684453,-9.943933173155476e-05,9.943933173155476e-05,0.00022297907046576676,0.00022297907046576676,0.0,0.00022297907046576676,300.6222548310874,300.6385814132736,-3.640486119760827e-06
185,346,contact,0.0019380706399726505,-6.192936002734958e-05,6.192936002734958e-05,0.00017596783800932143,0.00017596783800932143,0.0,0.00017596783800932143,300.6222548310874,300.54888487726674,1.291075214866268e-05
185,401,contact,0.002199153640494452,-5.0846359505548385e-05,5.0846359505548385e-05,0.00016807134646655995,0.00016807134646655995,0.0,0.00016807134646655995,300.6222548310874,300.52844361075773,1.576697811447632e-05
186,341,contact,0.0019272030671934905,-7.279693280650952e-05,7.279693280650952e-05,0.0001907838211255209,0.0001907838211255209,0.0,0.0001907838211255209,300.8886013026711,300.7688945440279,2.2838112828498247e-05
186,393,contact,0.0019107422817766393,-8.92577182233607e-05,8.92577182233607e-05,0.0002112554356973575,0.0002112554356973575,0.0,0.0002112554356973575,300.8886013026711,300.93081636810905,-8.918162042091242e-06
186,394,contact,0.0019249638485176804,-7.503615148231964e-05,7.503615148231964e-05,0.0001936958330505843,0.0001936958330505843,0.0,0.0001936958330505843,300.8886013026711,300.92066466533345,-6.210539741290817e-06
186,471,contact,0.0021460297681765743,-0.00010397023182342601,0.00010397023182342601,0.0002403356817076968,0.0002403356817076968,0.0,0.0002403356817076968,300.8886013026711,300.9239222047212,-8.4888730727422e-06
187,286,contact,0.0018889435488918134,-0.00011105645110818661,0.00011105645110818661,0.00023564427757552975,0.00023564427757552975,0.0,0.00023564427757552975,300.42133801840316,300.48707252089,-1.5489959350303425e-05
187,380,contact,0.001869319070811615,-0.00013068092918838508,0.00013068092918838508,0.0002556178096185642,0.0002556178096185642,0.0,0.0002556178096185642,300.42133801840316,300.45396451649,-8.339913976475459e-06
187,438,contact,0.002161187908304134,-8.881209169586636e-05,8.881209169586636e-05,0.00022212620498749798,0.00022212620498749798,0.0,0.00022212620498749798,300.42133801840316,300.37789786136017,9.64919722802121e-06
187,484,contact,0.002164008705573986,-8.599129442601406e-05,8.599129442601406e-05,0.00021857022063351993,0.00021857022063351993,0.0,0.00021857022063351993,300.42133801840316,300.30320785537543,2.5819735796444394e-05
188,236,contact,0.001992734672780097,-7.265327219902872e-06,7.265327219902872e-06,6.0271582109244785e-05,6.0271582109244785e-05,0.0,6.0271582109244785e-05,300.0651055747817,300.1143653689411,-2.968965728363454e-06
188,272,contact,0.0019023022626281038,-9.769773737189629e-05,9.769773737189629e-05,0.00022101780173992353,0.00022101780173992353,0.0,0.00022101780173992353,300.0651055747817,300.1403179292672,-1.662326925207559e-05
188,470,contact,0.0021776819688145467,-7.231803118545356e-05,7.231803118545356e-05,0.00020044122328482893,0.00020044122328482893,0.0,0.00020044122328482893,300.0651055747817,300.14874960557154,-1.6765711851992553e-05
189,325,contact,0.0019384207212315905,-6.157927876840959e-05,6.157927876840959e-05,0.00017546976772140778,0.00017546976772140778,0.0,0.00017546976772140778,300.21188889740665,300.2809904001165,-1.2125224629693644e-05
189,336,contact,0.0019305753179816641,-6.942468201833591e-05,6.942468201833591e-05,0.00018631248216146966,0.00018631248216146966,0.0,0.00018631248216146966,300.21188889740665,300.179516113583,6.031453708657604e-06
189,435,contact,0.0021863003115994836,-6.369968840051667e-05,6.369968840051667e-05,0.00018811888735069857,0.00018811888735069857,0.0,0.00018811888735069857,300.21188889740665,300.07941717714095,2.4920432621816174e-05
189,443,contact,0.0021978586294163693,-5.214137058363096e-05,5.214137058363096e-05,0.00017019820240536386,0.00017019820240536386,0.0,0.00017019820240536386,300.21188889740665,300.32250499930876,-1.8826661700827695e-05
190,434,contact,0.0022079578541493953,-4.204214585060498e-05,4.204214585060498e-05,0.00015282914543626993,0.00015282914543626993,0.0,0.00015282914543626993,300.83169924302024,300.72080677377244,1.6947601310459313e-05
190,462,contact,0.002157787052352479,-9.221294764752115e-05,9.221294764752115e-05,0.00022633916002259523,0.00022633916002259523,0.0,0.00022633916002259523,300.83169924302024,300.8943913739819,-1.4189684261883318e-05
190,495,contact,0.0021804746809123924,-6.952531908760787e-05,6.952531908760787e-05,0.00019653289106633844,0.00019653289106633844,0.0,0.00019653289106633844,300.83169924302024,300.78371229139304,9.431014336753105e-06
191,229,contact,0.0019444068660133876,-5.5593133986612435e-05,5.5593133986612435e-05,0.00016672302478453962,0.00016672302478453962,0.0,0.00016672302478453962,300.1385947758957,300.25156061646,-1.8834006636208127e-05
191,316,contact,0.0019190578538699652,-8.09421461300348e-05,8.09421461300348e-05,0.00020117423558949443,0.00020117423558949443,0.0,0.00020117423558949443,300.1385947758957,300.0652753887608,1.4749971660745466e-05
191,340,contact,0.0019760647770252875,-2.393522297471258e-05,2.393522297471258e-05,0.0001093965789563654,0.0001093965789563654,0.0,0.0001093965789563654,300.1385947758957,300.14702120952023,-9.218230113286175e-07
191,359,contact,0.001922780397341309,-7.721960265869108e-05,7.721960265869108e-05,0.0001964937691870802,0.0001964937691870802,0.0,0.0001964937691870802,300.1385947758957,300.21409424222475,-1.4835174710610661e-05
192,297,contact,0.0019310008349040148,-6.89991650959852e-05,6.89991650959852e-05,0.00018574063246363894,0.00018574063246363894,0.0,0.00018574063246363894,300.63564998896976,300.58269317363795,9.836232372990699e-06
192,301,contact,0.001897875214180321,-0.00010212478581967895,0.00010212478581967895,0.0002259698938129579,0.0002259698938129579,0.0,0.0002259698938129579,300.63564998896976,300.72658608038694,-2.0548818921304934e-05
192,476,contact,0.0021162008110763015,-0.00013379918892369872,0.00013379918892369872,0.0002726405742647051,0.0002726405742647051,0.0,0.0002726405742647051,300.63564998896976,300.5272187002944,2.9562768812716648e-05
192,487,contact,0.002156667393201407,-9.333260679859337e-05,9.333260679859337e-05,0.00022770913073796747,0.00022770913073796747,0.0,0.00022770913073796747,300.63564998896976,300.60688151218363,6.550844841624258e-06
193,229,contact,0.0018989352956920353,-0.0001010647043079647,0.0001010647043079647,0.0002247940216153053,0.0002247940216153053,0.0,0.0002247940216153053,300.3187774100971,300.25156061646,1.510993336177002e-05
193,319,contact,0.0018823644766752803,-0.00011763552332471976,0.00011763552332471976,0.00024252373422483804,0.00024252373422483804,0.0,0.00024252373422483804,300.3187774100971,300.3529629047173,-8.290793811614833e-06
193,438,contact,0.0021826517774781633,-6.734822252183695e-05,6.734822252183695e-05,0.00019343132936212352,0.00019343132936212352,0.0,0.00019343132936212352,300.3187774100971,300.37789786136017,-1.1435747480306944e-05
193,442,contact,0.0021995765066541786,-5.042349334582162e-05,5.042349334582162e-05,0.00016737100065061984,0.00016737100065061984,0.0,0.00016737100065061984,300.3187774100971,300.4139702466789,-1.5932520313469508e-05
194,227,contact,0.0019861934013788787,-1.380659862112131e-05,1.380659862112131e-05,8.30860957715589e-05,8.30860957715589e-05,0.0,8.30860957715589e-05,300.8044610447336,300.93641034656287,-1.0963152328775555e-05
194,248,contact,0.0019876947305106983,-1.2305269489301749e-05,1.2305269489301749e-05,7.843873242633944e-05,7.843873242633944e-05,0.0,7.843873242633944e-05,300.8044610447336,300.6765422445547,1.003378853953253e-05
195,271,contact,0.0019624418692027537,-3.7558130797246334e-05,3.7558130797246334e-05,0.00013703673010774582,0.00013703673010774582,0.0,0.00013703673010774582,300.1118915081074,300.1835493718155,-9.819759329062193e-06
195,273,contact,0.0019639899846995144,-3.601001530048565e-05,3.601001530048565e-05,0.0001341827397627684,0.0001341827397627684,0.0,0.0001341827397627684,300.1118915081074,300.0589369302202,7.10559034388434e-06
195,311,contact,0.001988034959403221,-1.1965040596779043e-05,1.1965040596779043e-05,7.73467536383365e-05,7.73467536383365e-05,0.0,7.73467536383365e-05,300.1118915081074,300.0768005849916,2.7141689851820014e-06
196,257,contact,0.0019850696328028395,-1.4930367197160503e-05,1.4930367197160503e-05,8.640129396357587e-05,8.640129396357587e-05,0.0,8.640129396357587e-05,300.83789467739933,300.9451553613247,-9.267461882568077e-06
196,310,contact,0.0018219334961792663,-0.00017806650382073378,0.00017806650382073378,0.0002983844029274434,0.0002983844029274434,0.0,0.0002983844029274434,300.83789467739933,300.74873512507287,2.6603819786210143e-05
196,347,contact,0.001972290563306787,-2.7709436693213168e-05,2.7709436693213168e-05,0.00011770606758619788,0.00011770606758619788,0.0,0.00011770606758619788,300.83789467739933,300.81751642140875,2.3986443769159296e-06
196,421,contact,0.002193733968333043,-5.626603166695738e-05,5.626603166695738e-05,0.00017680188483622846,0.00017680188483622846,0.0,0.00017680188483622846,300.83789467739933,300.92808677758995,-1.594613331103963e-05
196,500,contact,0.002119613623753159,-0.0001303863762468411,0.0001303863762468411,0.00026914099593463924,0.00026914099593463924,0.0,0.00026914099593463924,300.83789467739933,300.935649899841,-2.630993792576129e-05
197,365,contact,0.0019421769926811511,-5.78230073188489e-05,5.78230073188489e-05,0.00017003383092615556,0.00017003383092615556,0.0,0.00017003383092615556,300.3004630483719,300.2885465036391,2.026215752320661e-06
197,455,contact,0.0021937762859963643,-5.622371400363594e-05,5.622371400363594e-05,0.00017673538601164915,0.00017673538601164915,0.0,0.00017673538601164915,300.3004630483719,300.30346417088185,-5.304045452630057e-07
198,232,contact,0.0019504312816656729,-4.9568718334327185e-05,4.9568718334327185e-05,0.00015743048995402255,0.00015743048995402255,0.0,0.00015743048995402255,300.7598197431915,300.692363068625,1.0619737327668735e-05
198,375,contact,0.0019231669099690743,-7.683309003092575e-05,7.683309003092575e-05,0.00019600139034063732,0.00019600139034063732,0.0,0.00019600139034063732,300.7598197431915,300.63174631776354,2.5102569449564625e-05
198,419,contact,0.00215636210609443,-9.363789390557037e-05,9.363789390557037e-05,0.00022808124028459974,0.00022808124028459974,0.0,0.00022808124028459974,300.7598197431915,300.8268229145443,-1.5282166425156717e-05
199,385,contact,0.0018878965672938757,-0.0001121034327061243,0.0001121034327061243,0.00023675243684714663,0.00023675243684714663,0.0,0.00023675243684714663,300.72282696032397,300.60619335494266,2.7613290292293555e-05
199,406,contact,0.002138350130567957,-0.00011164986943204341,0.00011164986943204341,0.0002490536192068369,0.0002490536192068369,0.0,0.0002490536192068369,300.72282696032397,300.77614935827006,-1.3280136193260908e-05
199,488,contact,0.002178261053799566,-7.173894620043442e-05,7.173894620043442e-05,0.0001996370960301528,0.0001996370960301528,0.0,0.0001996370960301528,300.72282696032397,300.71437482571514,1.6873596085629474e-06
200,224,contact,0.0019669933543446454,-3.300664565535462e-05,3.300664565535462e-05,0.0001284652592247309,0.0001284652592247309,0.0,0.0001284652592247309,300.05151388311316,300.06369021054104,-1.5642350594278757e-06
200,274,contact,0.0019720551222828777,-2.7944877717122306e-05,2.7944877717122306e-05,0.00011820507120492401,0.00011820507120492401,0.0,0.00011820507120492401,300.05151388311316,300.1073487625048,-6.599965894205405e-06
200,355,contact,0.001908692789756644,-9.130721024335603e-05,9.130721024335603e-05,0.00021366704266610238,0.00021366704266610238,0.0,0.00021366704266610238,300.05151388311316,300.1181138548672,-1.4230219006332622e-05
200,386,contact,0.0018789237792736784,-0.00012107622072632168,0.00012107622072632168,0.00024604493565842975,0.00024604493565842975,0.0,0.00024604493565842975,300.05151388311316,300.0526349840314,-2.7584120329155905e-07
201,375,contact,0.001998035518202817,-1.964481797183011e-06,1.964481797183011e-06,3.134072268776688e-05,3.134072268776688e-05,0.0,3.134072268776688e-05,300.71187070651234,300.63174631776354,2.511156248302966e-06
201,391,contact,0.0019980378690605443,-1.9621309394557765e-06,1.9621309394557765e-06,3.132196465306556e-05,3.132196465306556e-05,0.0,3.132196465306556e-05,300.71187070651234,300.6488515924606,1.9738824627970317e-06
202,271,contact,0.001877902878212822,-0.00012209712178717805,0.00012209712178717805,0.00024708006980246107,0.00024708006980246107,0.0,0.00024708006980246107,300.1748420306525,300.1835493718155,-2.15141046235213e-06
202,328,contact,0.0019075538917681985,-9.24461082318015e-05,9.24461082318015e-05,0.000214995474640516,0.000214995474640516,0.0,0.000214995474640516,300.1748420306525,300.17959350429595,-1.02154533121896e-06
202,478,contact,0.0021542721949651573,-9.572780503484292e-05,9.572780503484292e-05,0.0002306124756127605,0.0002306124756127605,0.0,0.0002306124756127605,300.1748420306525,300.28983890976747,-2.6519714980447617e-05
203,259,contact,0.001961862494714861,-3.813750528513897e-05,3.813750528513897e-05,0.000138089654364726,0.000138089654364726,0.0,0.000138089654364726,300.6655898589939,300.63432068328115,4.317949666441708e-06
203,379,contact,0.0018417041572684795,-0.00015829584273152056,0.00015829584273152056,0.0002813324036895862,0.0002813324036895862,0.0,0.0002813324036895862,300.6655898589939,300.5674951922029,2.7597208397436772e-05
203,388,contact,0.001945063371893405,-5.493662810659495e-05,5.493662810659495e-05,0.00016573567525821794,0.00016573567525821794,0.0,0.00016573567525821794,300.6655898589939,300.650895350528,2.435404283180157e-06
203,444,contact,0.0021346023567655943,-0.000115397643234406,0.000115397643234406,0.00025319913466852965,0.00025319913466852965,0.0,0.00025319913466852965,300.6655898589939,300.58397490468906,2.0664835805993396e-05
203,482,contact,0.002100832044786065,-0.00014916795521393526,0.00014916795521393526,0.0002878733857618033,0.0002878733857618033,0.0,0.0002878733857618033,300.6655898589939,300.7683834259778,-2.9591532162189537e-05
203,490,contact,0.0021447239062297,-0.00010527609377030019,0.00010527609377030019,0.00024184027530847272,0.00024184027530847272,0.0,0.00024184027530847272,300.6655898589939,300.77071654212625,-2.5423865990998628e-05
204,370,contact,0.0018642662003855563,-0.00013573379961444375,0.00013573379961444375,0.00026051276323286326,0.00026051276323286326,0.0,0.00026051276323286326,300.5511590003845,300.61598093754674,-1.6886941968248547e-05
204,437,contact,0.0021267932292068263,-0.00012320677079317392,0.00012320677079317392,0.00026162608049697133,0.00026162608049697133,0.0,0.00026162608049697133,300.5511590003845,300.641163719066,-2.35475817748842e-05
205,220,contact,0.0019115034510301056,-8.849654896989447e-05,8.849654896989447e-05,0.0002103527382397178,0.0002103527382397178,0.0,0.0002103527382397178,300.75575158939796,300.8156306284554,-1.2595719828891491e-05
205,334,contact,0.0018099264596109974,-0.00019007354038900266,0.00019007354038900266,0.00030828034350976926,0.00030828034350976926,0.0,0.00030828034350976926,300.75575158939796,300.7011449932126,1.6834140229919404e-05
205,498,contact,0.0022095996691708667,-4.040033082913352e-05,4.040033082913352e-05,0.0001498153137646733,0.0001498153137646733,0.0,0.0001498153137646733,300.75575158939796,300.6869720227564,1.03042323570067e-05
206,365,contact,0.0019330831746202746,-6.691682537972548e-05,6.691682537972548e-05,0.0001829164090229817,0.0001829164090229817,0.0,0.0001829164090229817,300.2251281479809,300.2885465036391,-1.1600257883140273e-05
206,377,contact,0.0018901828372408845,-0.00010981716275911555,0.00010981716275911555,0.0002343258017793981,0.0002343258017793981,0.0,0.0002343258017793981,300.2251281479809,300.1644424482648,1.4220225242516334e-05
206,402,contact,0.0021571908098496993,-9.280919015030101e-05,9.280919015030101e-05,0.0002270697276050061,0.0002270697276050061,0.0,0.0002270697276050061,300.2251281479809,300.28143115605803,-1.278470870741472e-05
206,440,contact,0.0022293290312407027,-2.0670968759297585e-05,2.0670968759297585e-05,0.00010716282719741534,0.00010716282719741534,0.0,0.00010716282719741534,300.2251281479809,300.2728103903939,-5.109763904086912e-06
206,466,contact,0.002120732148038738,-0.00012926785196126214,0.00012926785196126214,0.00026798409152748657,0.00026798409152748657,0.0,0.00026798409152748657,300.2251281479809,300.18069393151444,1.1907663132502751e-05
207,239,contact,0.001981730817770163,-1.8269182229837134e-05,1.8269182229837134e-05,9.557505487792601e-05,9.557505487792601e-05,0.0,9.557505487792601e-05,300.5072642238087,300.5309895476479,-2.2675491279268865e-06
207,249,contact,0.001873250805658442,-0.00012674919434155804,0.00012674919434155804,0.00025174311742484444,0.00025174311742484444,0.0,0.00025174311742484444,300.5072642238087,300.42465720028247,2.0795749623682216e-05
207,269,contact,0.0018781352741748926,-0.00012186472582510744,0.00012186472582510744,0.00024684481544596745,0.00024684481544596745,0.0,0.00024684481544596745,300.5072642238087,300.54507329703887,-9.33297370368299e-06
207,474,contact,0.0022366378952570756,-1.3362104742924673e-05,1.3362104742924673e-05,8.615910586726768e-05,8.615910586726768e-05,0.0,8.615910586726768e-05,300.5072642238087,300.38783222477923,1.0290154248319775e-05
208,294,contact,0.0019638553054133093,-3.614469458669079e-05,3.614469458669079e-05,0.00013443343071329168,0.00013443343071329168,0.0,0.00013443343071329168,300.60633049650943,300.605980478882,4.7054070468799704e-08
208,313,contact,0.0019408950038835178,-5.9104996116482195e-05,5.9104996116482195e-05,0.00017190840019685221,0.00017190840019685221,0.0,0.00017190840019685221,300.60633049650943,300.5604709126441,7.883647695978508e-06
208,334,contact,0.001917108628664531,-8.289137133546897e-05,8.289137133546897e-05,0.00020358213494247102,0.00020358213494247102,0.0,0.00020358213494247102,300.60633049650943,300.7011449932126,-1.9302537662329148e-05
208,371,contact,0.0019517549793455127,-4.824502065448738e-05,4.824502065448738e-05,0.0001553142309231311,0.0001553142309231311,0.0,0.0001553142309231311,300.60633049650943,300.53860935718933,1.0518056670739414e-05
208,432,contact,0.0021866443187907813,-6.335568120921899e-05,6.335568120921899e-05,0.00018761023605280263,0.00018761023605280263,0.0,0.00018761023605280263,300.60633049650943,300.6582454393118,-9.739774673825626e-06
208,460,contact,0.0021968265230782333,-5.3173476921766945e-05,5.3173476921766945e-05,0.00017187443239787803,0.00017187443239787803,0.0,0.00017187443239787803,300.60633049650943,300.61577289497995,-1.6229068775962238e-06
209,287,contact,0.001997639427649545,-2.360572350455087e-06,2.360572350455087e-06,3.435529326359394e-05,3.435529326359394e-05,0.0,3.435529326359394e-05,300.85093420275103,300.9012264621686,-1.72780532117951e-06
210,341,contact,0.001844698077355751,-0.00015530192264424903,0.00015530192264424903,0.0002786592207735544,0.0002786592207735544,0.0,0.0002786592207735544,300.8217822511818,300.7688945440279,1.4737647264005715e-05
210,344,contact,0.0019589858734814806,-4.101412651851943e-05,4.101412651851943e-05,0.00014320287447973842,0.00014320287447973842,0.0,0.00014320287447973842,300.8217822511818,300.72493667180794,1.3868565346990774e-05
210,394,contact,0.001942778772197185,-5.722122780281512e-05,5.722122780281512e-05,0.00016914672299931665,0.00016914672299931665,0.0,0.00016914672299931665,300.8217822511818,300.92066466533345,-1.672563631601458e-05
210,473,contact,0.0021676879882722966,-8.231201172770363e-05,8.231201172770363e-05,0.00021384315608473373,0.00021384315608473373,0.0,0.00021384315608473373,300.8217822511818,300.71176513297945,2.3526407779734728e-05
210,497,contact,0.002085144205013168,-0.00016485579498683222,0.00016485579498683222,0.0003026327027445354,0.0003026327027445354,0.0,0.0003026327027445354,300.8217822511818,300.92034861548836,-2.9829405229802122e-05
211,404,contact,0.0022159542523030565,-3.4045747696943764e-05,3.4045747696943764e-05,0.00013752928515803413,0.00013752928515803413,0.0,0.00013752928515803413,300.6774538157212,300.77638560163325,-1.360601779589099e-05
211,488,contact,0.002175983635646188,-7.401636435381241e-05,7.401636435381241e-05,0.0002027811687972645,0.0002027811687972645,0.0,0.0002027811687972645,300.6774538157212,300.71437482571514,-7.486885559745081e-06
212,244,contact,0.00198036239946127,-1.9637600538730156e-05,1.9637600538730156e-05,9.90898595688029e-05,9.90898595688029e-05,0.0,9.90898595688029e-05,300.0535553485091,300.06341253958243,-9.76747679196998e-07
212,298,contact,0.0019445565750062415,-5.5443424993758574e-05,5.5443424993758574e-05,0.0001664983858686903,0.0001664983858686903,0.0,0.0001664983858686903,300.0535553485091,300.1670205973116,-1.889178077780058e-05
212,479,contact,0.002157489674135197,-9.25103258648031e-05,9.25103258648031e-05,0.00022670382767047884,0.00022670382767047884,0.0,0.00022670382767047884,300.0535553485091,300.0964554973656,-9.725627953392995e-06
213,345,contact,0.0018759243086009629,-0.00012407569139903716,0.00012407569139903716,0.0002490739763594715,0.0002490739763594715,0.0,0.0002490739763594715,300.0683409842709,300.1376135180605,-1.7253985443475247e-05
213,470,contact,0.002229368858242171,-2.063114175782912e-05,2.063114175782912e-05,0.00010705954147583567,0.00010705954147583567,0.0,0.00010705954147583567,300.0683409842709,300.14874960557154,-8.608510127151542e-06
214,229,contact,0.001928839741010123,-7.116025898987709e-05,7.116025898987709e-05,0.00018862695855825738,0.00018862695855825738,0.0,0.00018862695855825738,300.25656759938556,300.25156061646,9.444519608050915e-07
214,234,contact,0.001949093237815985,-5.090676218401499e-05,5.090676218401499e-05,0.0001595411579875472,0.0001595411579875472,0.0,0.0001595411579875472,300.25656759938556,300.27811906845085,-3.438346331008643e-06
214,319,contact,0.0019448911748640334,-5.510882513596661e-05,5.510882513596661e-05,0.00016599521850939957,0.00016599521850939957,0.0,0.00016599521850939957,300.25656759938556,300.3529629047173,-1.6001159771820057e-05
214,327,contact,0.0019644978909708712,-3.55021090291288e-05,3.55021090291288e-05,0.00013323308340860537,0.00013323308340860537,0.0,0.00013323308340860537,300.25656759938556,300.27880632659725,-2.9629341974958072e-06
214,359,contact,0.0019956100790735646,-4.389920926435413e-06,4.389920926435413e-06,4.6850405155320765e-05,4.6850405155320765e-05,0.0,4.6850405155320765e-05,300.25656759938556,300.21409424222475,1.9898939912908645e-06
215,331,contact,0.0019299588868678,-7.004111313220008e-05,7.004111313220008e-05,0.0001871378010079739,0.0001871378010079739,0.0,0.0001871378010079739,300.4914552474838,300.39082391946306,1.883192543831859e-05
215,371,contact,0.0019341774633678261,-6.582253663217391e-05,6.582253663217391e-05,0.0001814146309317056,0.0001814146309317056,0.0,0.0001814146309317056,300.4914552474838,300.53860935718933,-8.554445409136872e-06
215,449,contact,0.002149824190067644,-0.00010017580993235608,0.00010017580993235608,0.00023590936340085747,0.00023590936340085747,0.0,0.00023590936340085747,300.4914552474838,300.3716977613735,2.8251912310768405e-05
215,460,contact,0.002200732297327415,-4.9267702672585456e-05,4.9267702672585456e-05,0.00016544166926507403,0.00016544166926507403,0.0,0.00016544166926507403,300.4914552474838,300.61577289497995,-2.0567319120866368e-05
215,477,contact,0.0022270007717106882,-2.2999228289312043e-05,2.2999228289312043e-05,0.00011303693666062347,0.00011303693666062347,0.0,0.00011303693666062347,300.4914552474838,300.5233720349553,-3.6077758838219403e-06
216,267,contact,0.0018468687957526916,-0.00015313120424730845,0.00015313120424730845,0.00027670490079442794,0.00027670490079442794,0.0,0.00027670490079442794,300.42115024576793,300.495915870182,-2.068801468632476e-05
216,331,contact,0.0019260891461305276,-7.391085386947247e-05,7.391085386947247e-05,0.00019223794353544319,0.00019223794353544319,0.0,0.00019223794353544319,300.42115024576793,300.39082391946306,5.829870603833682e-06
216,477,contact,0.002203557966400885,-4.644203359911508e-05,4.644203359911508e-05,0.0001606273008466685,0.0001606273008466685,0.0,0.0001606273008466685,300.42115024576793,300.5233720349553,-1.6419610084881807e-05
217,329,contact,0.0019365485828101493,-6.345141718985077e-05,6.345141718985077e-05,0.00017811712044305393,0.00017811712044305393,0.0,0.00017811712044305393,300.8170295235912,300.8911613650474,-1.320415013332319e-05
217,338,contact,0.0018755227034430797,-0.0001244772965569203,0.0001244772965569203,0.00024947674897364715,0.00024947674897364715,0.0,0.00024947674897364715,300.8170295235912,300.9333367801328,-2.9015956244035983e-05
217,342,contact,0.0018894698732821859,-0.00011053012671781415,0.00011053012671781415,0.0002350852257350663,0.0002350852257350663,0.0,0.0002350852257350663,300.8170295235912,300.68120954907806,3.1929269367752495e-05
217,407,contact,0.0021334412011686198,-0.0001165587988313805,0.0001165587988313805,0.00025446981793457517,0.00025446981793457517,0.0,0.00025446981793457517,300.8170295235912,300.8305843024206,-3.4492821008649583e-06
217,448,contact,0.002101258150060784,-0.0001487418499392162,0.0001487418499392162,0.0002874619297878283,0.0002874619297878283,0.0,0.0002874619297878283,300.8170295235912,300.7406733669322,2.1949488144382754e-05
218,255,contact,0.0018419090813881127,-0.00015809091861188735,0.00015809091861188735,0.00028115024329696686,0.00028115024329696686,0.0,0.00028115024329696686,300.18549867182867,300.2666901475326,-2.282700314779621e-05
218,298,contact,0.0018518717522549985,-0.00014812824774500157,0.00014812824774500157,0.00027214724667448095,0.00027214724667448095,0.0,0.00027214724667448095,300.18549867182867,300.1670205973116,5.028757103668381e-06
218,349,contact,0.001952197996438885,-4.7802003561114945e-05,4.7802003561114945e-05,0.0001545994882933235,0.0001545994882933235,0.0,0.0001545994882933235,300.18549867182867,300.16491661394366,3.1819756170458005e-06
218,433,contact,0.002150008314890898,-9.999168510910206e-05,9.999168510910206e-05,0.0002356924609989114,0.0002356924609989114,0.0,0.0002356924609989114,300.18549867182867,300.29355534950366,-2.546814428858563e-05
219,303,contact,0.0019140108883702828,-8.598911162971726e-05,8.598911162971726e-05,0.00020735128602171398,0.00020735128602171398,0.0,0.00020735128602171398,300.6123882933823,300.6955342129792,-1.724041335587856e-05
219,320,contact,0.00185489175730014,-0.00014510824269986012,0.00014510824269986012,0.0002693587224315004,0.0002693587224315004,0.0,0.0002693587224315004,300.6123882933823,300.71886353761704,-2.8680035757648815e-05
219,333,contact,0.0019117378694053259,-8.826213059467416e-05,8.826213059467416e-05,0.00021007395197248296,0.00021007395197248296,0.0,0.00021007395197248296,300.6123882933823,300.6385814132736,-5.502492210049154e-06
219,346,contact,0.0018749645688103977,-0.00012503543118960237,0.00012503543118960237,0.00025003542867921974,0.00025003542867921974,0.0,0.00025003542867921974,300.6123882933823,300.54888487726674,1.5878103871050385e-05
219,426,contact,0.002121099969850549,-0.00012890003014945145,0.00012890003014945145,0.000267602555781529,0.000267602555781529,0.0,0.000267602555781529,300.6123882933823,300.5347396012645,2.0778988463817626e-05
220,323,contact,0.0019072285424311377,-9.277145756886231e-05,9.277145756886231e-05,0.00021537346351032004,0.00021537346351032004,0.0,0.00021537346351032004,300.8156306284554,300.9306548328426,-2.477316128639568e-05
220,344,contact,0.0018871796021841698,-0.00011282039781583021,0.00011282039781583021,0.00023750831334484927,0.00023750831334484927,0.0,0.00023750831334484927,300.8156306284554,300.72493667180794,2.1540568673904845e-05
221,253,contact,0.001960138317976565,-3.98616820234351e-05,3.98616820234351e-05,0.00014117663054386,0.00014117663054386,0.0,0.00014117663054386,300.35106097700555,300.41750555040215,-9.380420990057463e-06
221,254,contact,0.001932373961452598,-6.762603854740213e-05,6.762603854740213e-05,0.00018388316745613522,0.00018388316745613522,0.0,0.00018388316745613522,300.35106097700555,300.3575704944582,-1.1969906878001803e-06
221,325,contact,0.001877509264957167,-0.00012249073504283308,0.00012249073504283308,0.00024747801421826657,0.00024747801421826657,0.0,0.00024747801421826657,300.35106097700555,300.2809904001165,1.7340927223634343e-05
221,384,contact,0.0019435043228405754,-5.649567715942461e-05,5.649567715942461e-05,0.00016807093317915595,0.00016807093317915595,0.0,0.00016807093317915595,300.35106097700555,300.35609373602,-8.458605040252221e-07
221,417,contact,0.0022147482588321405,-3.525174116785976e-05,3.525174116785976e-05,0.00013994391965645015,0.00013994391965645015,0.0,0.00013994391965645015,300.35106097700555,300.4518259620474,-1.4101446970879894e-05
222,235,contact,0.001990927477960963,-9.072522039037158e-06,9.072522039037158e-06,6.735177072296303e-05,6.735177072296303e-05,0.0,6.735177072296303e-05,300.2630188213989,300.260846306409,1.4632273148963521e-07
222,288,contact,0.001857303149542368,-0.00014269685045763193,0.00014269685045763193,0.00026711126001877187,0.00026711126001877187,0.0,0.00026711126001877187,300.2630188213989,300.3511723775168,-2.3546807449788344e-05
222,340,contact,0.0018472576294604926,-0.00015274237053950748,0.00015274237053950748,0.00027635337028839317,0.00027635337028839317,0.0,0.00027635337028839317,300.2630188213989,300.14702120952023,3.20563309880672e-05
222,392,contact,0.0018769741773663274,-0.00012302582263367268,0.00012302582263367268,0.0002480179657138497,0.0002480179657138497,0.0,0.0002480179657138497,300.2630188213989,300.18328878581474,1.9774481231869858e-05
222,422,contact,0.002179471778046231,-7.052822195376942e-05,7.052822195376942e-05,0.0001979453094414513,0.0001979453094414513,0.0,0.0001979453094414513,300.2630188213989,300.31636280169306,-1.0559190686171541e-05
222,465,contact,0.0021303832125699825,-0.0001196167874300178,0.0001196167874300178,0.00025778628899624266,0.00025778628899624266,0.0,0.00025778628899624266,300.2630188213989,300.33234421835886,-1.787113681550524e-05
223,302,contact,0.00197556118447392,-2.443881552608015e-05,2.443881552608015e-05,0.00011054143007506315,0.00011054143007506315,0.0,0.00011054143007506315,300.53087708424005,300.6183947825121,-9.674331523870489e-06
223,304,contact,0.0019474894805531521,-5.251051944684792e-05,5.251051944684792e-05,0.0001620347485060657,0.0001620347485060657,0.0,0.0001620347485060657,300.53087708424005,300.4851162286395,7.414848728652612e-06
223,444,contact,0.0021684858181257676,-8.151418187423267e-05,8.151418187423267e-05,0.0002128042682767334,0.0002128042682767334,0.0,0.0002128042682767334,300.53087708424005,300.58397490468906,-1.1299442827741185e-05
224,355,contact,0.0019274852416682733,-7.251475833172671e-05,7.251475833172671e-05,0.00019041370529944359,0.00019041370529944359,0.0,0.00019041370529944359,300.06369021054104,300.1181138548672,-1.0363007772043902e-05
224,466,contact,0.002146271045698562,-0.0001037289543014382,0.0001037289543014382,0.00024005665338442991,0.00024005665338442991,0.0,0.00024005665338442991,300.06369021054104,300.18069393151444,-2.808752169040016e-05
225,298,contact,0.0019391522714320298,-6.084772856797022e-05,6.084772856797022e-05,0.00017442437984406054,0.00017442437984406054,0.0,0.00017442437984406054,300.2629642270383,300.1670205973116,1.6734908115071113e-05
225,335,contact,0.0019793959402807713,-2.0604059719228716e-05,2.0604059719228716e-05,0.00010149891555880958,0.00010149891555880958,0.0,0.00010149891555880958,300.2629642270383,300.1471866152104,1.175130204652299e-05
225,428,contact,0.002214176486235911,-3.582351376408936e-05,3.582351376408936e-05,0.0001410742786306588,0.0001410742786306588,0.0,0.0001410742786306588,300.2629642270383,300.383372820667,-1.6986555487096394e-05
225,433,contact,0.002126452725573744,-0.00012354727442625635,0.00012354727442625635,0.0002619873559568353,0.0002619873559568353,0.0,0.0002619873559568353,300.2629642270383,300.29355534950366,-8.014487290449519e-06
225,436,contact,0.0021267354264458936,-0.00012326457355410665,0.00012326457355410665,0.00026168744456158067,0.00026168744456158067,0.0,0.00026168744456158067,300.2629642270383,300.25630669420013,1.7421927555070688e-06
226,254,contact,0.001876744722065309,-0.00012325527793469095,0.00012325527793469095,0.00024824914696196937,0.00024824914696196937,0.0,0.00024824914696196937,300.3335175397002,300.3575704944582,-5.971125500579071e-06
226,282,contact,0.0018650472019764012,-0.00013495279802359884,0.00013495279802359884,0.00025976219704144677,0.00025976219704144677,0.0,0.00025976219704144677,300.3335175397002,300.20084191349866,3.446411215596346e-05
226,383,contact,0.0018691212450774835,-0.0001308787549225165,0.0001308787549225165,0.0002558112144947095,0.0002558112144947095,0.0,0.0002558112144947095,300.3335175397002,300.41363106470857,-2.0493938129840228e-05
226,456,contact,0.0021485483702723576,-0.00010145162972764266,0.00010145162972764266,0.00023740685861060762,0.00023740685861060762,0.0,0.00023740685861060762,300.3335175397002,300.34858652903824,-3.577481421179186e-06
226,478,contact,0.0022084511148993085,-4.1548885100691716e-05,4.1548885100691716e-05,0.00015192996394664462,0.00015192996394664462,0.0,0.00015192996394664462,300.3335175397002,300.28983890976747,6.63609267092037e-06
227,307,contact,0.0018579766810258949,-0.00014202331897410518,0.00014202331897410518,0.00026648012962893235,0.00026648012962893235,0.0,0.00026648012962893235,300.93641034656287,300.93907082410186,-7.08964399466401e-07
227,403,contact,0.002132917475175858,-0.00011708252482414217,0.00011708252482414217,0.000255040873438991,0.000255040873438991,0.0,0.000255040873438991,300.93641034656287,300.89800371181457,9.795261672058359e-06
227,469,contact,0.0021496729623831172,-0.00010032703761688301,0.00010032703761688301,0.0002360873633223315,0.0002360873633223315,0.0,0.0002360873633223315,300.93641034656287,300.94130611999833,-1.155830241802311e-06
228,310,contact,0.0018652867727909832,-0.00013471322720901686,0.00013471322720901686,0.0002595315271879477,0.0002595315271879477,0.0,0.0002595315271879477,300.70134677246153,300.74873512507287,-1.229877152414086e-05
228,367,contact,0.0019168805076793395,-8.311949232066057e-05,8.311949232066057e-05,0.00020386207631712744,0.00020386207631712744,0.0,0.00020386207631712744,300.70134677246153,300.64705791018145,1.106744018531348e-05
228,415,contact,0.0020628578000556454,-0.00018714219994435486,0.00018714219994435486,0.0003224405198761082,0.0003224405198761082,0.0,0.0003224405198761082,300.70134677246153,300.7445512733997,-1.3930881743483417e-05
229,235,contact,0.0019002307828524404,-9.976921714755969e-05,9.976921714755969e-05,0.0002233486256366487,0.0002233486256366487,0.0,0.0002233486256366487,300.25156061646,300.260846306409,-2.07394608820263e-06
229,240,contact,0.0019279489556780292,-7.205104432197085e-05,7.205104432197085e-05,0.00018980390449352044,0.00018980390449352044,0.0,0.00018980390449352044,300.25156061646,300.1824745679909,1.3112801745464337e-05
229,359,contact,0.0019800370312193665,-1.996296878063351e-05,1.996296878063351e-05,9.990737905838965e-05,9.990737905838965e-05,0.0,9.990737905838965e-05,300.25156061646,300.21409424222475,3.7431672526632863e-06
229,465,contact,0.0021776981889141565,-7.230181108584376e-05,7.230181108584376e-05,0.00020041874369796045,0.00020041874369796045,0.0,0.00020041874369796045,300.25156061646,300.33234421835886,-1.6190548003968168e-05
230,231,contact,0.0019531080397407617,-4.6891960259238304e-05,4.6891960259238304e-05,0.00015312080240652853,0.00015312080240652853,0.0,0.00015312080240652853,300.49715498231745,300.5523734407228,-8.455094658680768e-06
230,279,contact,0.0019115486225832704,-8.845137741672962e-05,8.845137741672962e-05,0.00021029904590455186,0.00021029904590455186,0.0,0.00021029904590455186,300.49715498231745,300.3824364277574,2.412520257152914e-05
230,294,contact,0.0019072383268223193,-9.276167317768071e-05,9.276167317768071e-05,0.00021536210574017045,0.00021536210574017045,0.0,0.00021536210574017045,300.49715498231745,300.605980478882,-2.3436888098354833e-05
230,362,contact,0.0019736432514768213,-2.635674852317872e-05,2.635674852317872e-05,0.00011479710040584369,0.00011479710040584369,0.0,0.00011479710040584369,300.49715498231745,300.51654579427856,-2.226008987649504e-06
230,459,contact,0.002156630402595678,-9.336959740432246e-05,9.336959740432246e-05,0.00022775425036200076,0.00022775425036200076,0.0,0.00022775425036200076,300.49715498231745,300.4395309588398,1.3124116269999501e-05
231,260,contact,0.0019247101767538935,-7.528982324610657e-05,7.528982324610657e-05,0.00019402296674119095,0.00019402296674119095,0.0,0.00019402296674119095,300.5523734407228,300.60632402587987,-1.0467652589594852e-05
231,294,contact,0.0019077945065965572,-9.220549340344282e-05,9.220549340344282e-05,0.00021471550177321015,0.00021471550177321015,0.0,0.00021471550177321015,300.5523734407228,300.605980478882,-1.1510262096919046e-05
231,417,contact,0.0021322660886718605,-0.00011773391132813976,0.00011773391132813976,0.00025574934704830274,0.00025574934704830274,0.0,0.00025574934704830274,300.5523734407228,300.4518259620474,2.5714952018592694e-05
231,432,contact,0.0022134463531109133,-3.6553646889086935e-05,3.6553646889086935e-05,0.0001425046722218198,0.0001425046722218198,0.0,0.0001425046722218198,300.5523734407228,300.6582454393118,-1.508725445639574e-05
232,292,contact,0.0018720536273034488,-0.00012794637269655123,0.00012794637269655123,0.00025292921212915603,0.00025292921212915603,0.0,0.00025292921212915603,300.692363068625,300.5773202499446,2.9097689489956485e-05
232,370,contact,0.001929240798319381,-7.075920168061914e-05,7.075920168061914e-05,0.00018809465925514625,0.00018809465925514625,0.0,0.00018809465925514625,300.692363068625,300.61598093754674,1.4367070918350233e-05
232,419,contact,0.0021845371694938034,-6.546283050619687e-05,6.546283050619687e-05,0.00019070458612762667,0.00019070458612762667,0.0,0.00019070458612762667,300.692363068625,300.8268229145443,-2.5642109266826347e-05
233,319,contact,0.0019486325712981397,-5.136742870186033e-05,5.136742870186033e-05,0.00016026139382561904,0.00016026139382561904,0.0,0.00016026139382561904,300.3714190903704,300.3529629047173,2.9578140374736916e-06
233,327,contact,0.001964926572289407,-3.507342771059312e-05,3.507342771059312e-05,0.00013242625817902037,0.00013242625817902037,0.0,0.00013242625817902037,300.3714190903704,300.27880632659725,1.2264361766097254e-05
233,368,contact,0.0019509624145533917,-4.903758544660833e-05,4.903758544660833e-05,0.00015658477807023314,0.00015658477807023314,0.0,0.00015658477807023314,300.3714190903704,300.40316053596587,-4.970227214193117e-06
233,383,contact,0.0019020643471585924,-9.793565284140762e-05,9.793565284140762e-05,0.0002212867515706799,0.0002212867515706799,0.0,0.0002212867515706799,300.3714190903704,300.41363106470857,-9.340950678676017e-06
233,411,contact,0.002162801467980823,-8.719853201917711e-05,8.719853201917711e-05,0.00022009913425441465,0.00022009913425441465,0.0,0.00022009913425441465,300.3714190903704,300.3173163019428,1.1907976893664321e-05
233,453,contact,0.002217542744774045,-3.2457255225955446e-05,3.2457255225955446e-05,0.00013428256945286732,0.00013428256945286732,0.0,0.00013428256945286732,300.3714190903704,300.4531452295813,-1.0974395964702426e-05
233,474,contact,0.0022272655790228518,-2.273442097714849e-05,2.273442097714849e-05,0.00011238431330125038,0.00011238431330125038,0.0,0.00011238431330125038,300.3714190903704,300.38783222477923,-1.844578839656569e-06
234,327,contact,0.0019705778273818573,-2.9422172618142738e-05,2.9422172618142738e-05,0.00012128926708110396,0.00012128926708110396,0.0,0.00012128926708110396,300.27811906845085,300.27880632659725,-8.335703687231001e-08
234,411,contact,0.0022014081211124852,-4.859187888751502e-05,4.859187888751502e-05,0.00016430303792334966,0.00016430303792334966,0.0,0.00016430303792334966,300.27811906845085,300.3173163019428,-6.440224540920136e-06
234,470,contact,0.002216993517739734,-3.3006482260266364e-05,3.3006482260266364e-05,0.00013541393794228447,0.00013541393794228447,0.0,0.00013541393794228447,300.27811906845085,300.14874960557154,1.7518428417965628e-05
234,474,contact,0.0021979419853353725,-5.205801466462781e-05,5.205801466462781e-05,0.00017006210412119028,0.00017006210412119028,0.0,0.00017006210412119028,300.27811906845085,300.38783222477923,-1.8658050214981797e-05
234,496,contact,0.002210895632453056,-3.9104367546944144e-05,3.9104367546944144e-05,0.00014739283780832496,0.00014739283780832496,0.0,0.00014739283780832496,300.27811906845085,300.3315929351044,-7.881664954654508e-06
235,330,contact,0.0019216395424386952,-7.836045756130479e-05,7.836045756130479e-05,0.00019793996256605787,0.00019793996256605787,0.0,0.00019793996256605787,300.260846306409,300.3444791814003,-1.655428814506594e-05
235,441,contact,0.0020778838450933694,-0.00017211615490663086,0.00017211615490663086,0.0003092249764479567,0.0003092249764479567,0.0,0.0003092249764479567,300.260846306409,300.15953514151926,3.132794257694821e-05
235,465,contact,0.0021517833341905034,-9.821666580949687e-05,9.821666580949687e-05,0.00023359112641239044,0.00023359112641239044,0.0,0.00023359112641239044,300.260846306409,300.33234421835886,-1.6701277788498904e-05
236,247,contact,0.0019763456628080016,-2.3654337191998404e-05,2.3654337191998404e-05,0.00010875278661257008,0.00010875278661257008,0.0,0.00010875278661257008,300.1143653689411,300.21685908863924,-1.1146477627460985e-05
236,350,contact,0.0019689344748223584,-3.106552517764165e-05,3.106552517764165e-05,0.0001246305042468369,0.0001246305042468369,0.0,0.0001246305042468369,300.1143653689411,300.05336126574144,7.602972142898482e-06
236,366,contact,0.0019664169772456706,-3.358302275432946e-05,3.358302275432946e-05,0.00012958206425722941,0.00012958206425722941,0.0,0.00012958206425722941,300.1143653689411,300.05744732700646,7.375557367369768e-06
237,315,contact,0.001968063243394379,-3.193675660562124e-05,3.193675660562124e-05,0.00012636604885336337,0.00012636604885336337,0.0,0.00012636604885336337,300.05277448384834,300.0587455055385,-7.545344186065696e-07
237,324,contact,0.001958638616488504,-4.136138351149617e-05,4.136138351149617e-05,0.0001438078292574785,0.0001438078292574785,0.0,0.0001438078292574785,300.05277448384834,300.0551933413243,-3.478506429009099e-07
237,350,contact,0.0019791976687534726,-2.080233124652749e-05,2.080233124652749e-05,0.00010198610504997112,0.00010198610504997112,0.0,0.00010198610504997112,300.05277448384834,300.05336126574144,-5.98435997916403e-08
238,423,contact,0.0022245813363642158,-2.541866363578449e-05,2.541866363578449e-05,0.00011883383271466947,0.00011883383271466947,0.0,0.00011883383271466947,300.537916069158,300.5653979436133,-3.2657764717072005e-06
239,368,contact,0.0019489989074650607,-5.10010925349393e-05,5.10010925349393e-05,0.00015968890464734752,0.00015968890464734752,0.0,0.00015968890464734752,300.5309895476479,300.40316053596587,2.041287485765547e-05
240,295,contact,0.001939655928596639,-6.0344071403361024e-05,6.0344071403361024e-05,0.00017370099510849243,0.00017370099510849243,0.0,0.00017370099510849243,300.1824745679909,300.16647262189406,2.7795539606903483e-06
241,324,contact,0.001970810142657074,-2.918985734292603e-05,2.918985734292603e-05,0.0001208094726065097,0.0001208094726065097,0.0,0.0001208094726065097,300.0536356337208,300.0551933413243,-1.8818583405691473e-07
243,321,contact,0.001958902926742416,-4.109707325758395e-05,4.109707325758395e-05,0.00014334760768423021,0.00014334760768423021,0.0,0.00014334760768423021,300.2022766179265,300.21299034229577,-1.5357867577247933e-06
243,377,contact,0.0018708925677601053,-0.00012910743223989475,0.00012910743223989475,0.0002540742334829476,0.0002540742334829476,0.0,0.0002540742334829476,300.2022766179265,300.1644424482648,9.61268765625118e-06
243,418,contact,0.002241596878209817,-8.403121790183116e-06,8.403121790183116e-06,6.832569790749434e-05,6.832569790749434e-05,0.0,6.832569790749434e-05,300.2022766179265,300.07574231808707,8.645544345764542e-06
243,458,contact,0.0021509615636733266,-9.903843632667365e-05,9.903843632667365e-05,0.00023456630941978582,0.00023456630941978582,0.0,0.00023456630941978582,300.2022766179265,300.12306998967665,1.8579206470148832e-05
243,484,contact,0.0021239810150987695,-0.00012601898490123076,0.00012601898490123076,0.00026459506262844443,0.00026459506262844443,0.0,0.00026459506262844443,300.2022766179265,300.30320785537543,-2.6705907093970483e-05
244,335,contact,0.001925984081969526,-7.40159180304741e-05,7.40159180304741e-05,0.0001923745279792443,0.0001923745279792443,0.0,0.0001923745279792443,300.06341253958243,300.1471866152104,-1.6115998255825787e-05
244,345,contact,0.001906127834170626,-9.387216582937394e-05,9.387216582937394e-05,0.00021664736996946667,0.00021664736996946667,0.0,0.00021664736996946667,300.06341253958243,300.1376135180605,-1.6075446836435912e-05
244,479,contact,0.0021961796662386245,-5.382033376137574e-05,5.382033376137574e-05,0.00017291670082148375,0.00017291670082148375,0.0,0.00017291670082148375,300.06341253958243,300.0964554973656,-5.713679245246275e-06
245,361,contact,0.0018588238942137578,-0.0001411761057862422,0.0001411761057862422,0.00026568412239560176,0.00026568412239560176,0.0,0.00026568412239560176,300.6731092057819,300.6806636144106,-2.007086426739479e-06
245,437,contact,0.002120492216279041,-0.00012950778372095928,0.00012950778372095928,0.0002682326764841791,0.0002682326764841791,0.0,0.0002682326764841791,300.6731092057819,300.641163719066,8.568823403387523e-06
245,451,contact,0.0021368527927538667,-0.00011314720724613352,0.00011314720724613352,0.00025071808786201544,0.00025071808786201544,0.0,0.00025071808786201544,300.6731092057819,300.8100363551483,-3.4330113065551115e-05
245,457,contact,0.0021695916962645293,-8.040830373547093e-05,8.040830373547093e-05,0.0002113558133883225,0.0002113558133883225,0.0,0.0002113558133883225,300.6731092057819,300.58577101556233,1.8459434233718014e-05
246,247,contact,0.0019611517740603357,-3.8848225939664294e-05,3.8848225939664294e-05,0.00013937041640833304,0.00013937041640833304,0.0,0.00013937041640833304,300.14341597569484,300.21685908863924,-1.0235797233385723e-05
246,296,contact,0.0019011412830455296,-9.885871695447046e-05,9.885871695447046e-05,0.00022232714291609836,0.00022232714291609836,0.0,0.00022232714291609836,300.14341597569484,300.2152919383341,-1.5979977417926412e-05
246,328,contact,0.0019179580318751499,-8.204196812485018e-05,8.204196812485018e-05,0.00020253637713365245,0.00020253637713365245,0.0,0.00020253637713365245,300.14341597569484,300.17959350429595,-7.327265576518972e-06
246,357,contact,0.0018944877267934755,-0.00010551227320652456,0.00010551227320652456,0.0002296870405644652,0.0002296870405644652,0.0,0.0002296870405644652,300.14341597569484,300.06008954243845,1.913900185545232e-05
246,366,contact,0.0019365592054982471,-6.344079450175291e-05,6.344079450175291e-05,0.00017810221012350312,0.00017810221012350312,0.0,0.00017810221012350312,300.14341597569484,300.05744732700646,1.531120633273127e-05
246,461,contact,0.0021605029941196563,-8.949700588034397e-05,8.949700588034397e-05,0.00022298107278962787,0.00022298107278962787,0.0,0.00022298107278962787,300.14341597569484,300.1973587066782,-1.202820802386998e-05
247,390,contact,0.001939672299358837,-6.0327700641163136e-05,6.0327700641163136e-05,0.00017367743181133686,0.00017367743181133686,0.0,0.00017367743181133686,300.21685908863924,300.2915337301302,-1.2969299955581892e-05
247,414,contact,0.002134051252453886,-0.00011594874754611425,0.00011594874754611425,0.00025380301585866224,0.00025380301585866224,0.0,0.00025380301585866224,300.21685908863924,300.26984044910387,-1.3446829070217448e-05
247,461,contact,0.002130053514374699,-0.00011994648562530137,0.00011994648562530137,0.0002581413110265398,0.0002581413110265398,0.0,0.0002581413110265398,300.21685908863924,300.1973587066782,5.033854164944243e-06
248,374,contact,0.001862360557679419,-0.00013763944232058093,0.00013763944232058093,0.00026233513138786894,0.00026233513138786894,0.0,0.00026233513138786894,300.6765422445547,300.663998559422,3.290649287374415e-06
248,391,contact,0.0018625122737850612,-0.00013748772621493882,0.00013748772621493882,0.00026219050918648717,0.00026219050918648717,0.0,0.00026219050918648717,300.6765422445547,300.6488515924606,7.260226172263838e-06
248,472,contact,0.0021426745776537614,-0.00010732542234623884,0.00010732542234623884,0.0002441827893951565,0.0002441827893951565,0.0,0.0002441827893951565,300.6765422445547,300.67865986685496,-5.170869201631788e-07
249,368,contact,0.001925683554922771,-7.431644507722903e-05,7.431644507722903e-05,0.00019276468177188092,0.00019276468177188092,0.0,0.00019276468177188092,300.42465720028247,300.40316053596587,4.143797656146501e-06
249,496,contact,0.0021382037894223265,-0.00011179621057767373,0.00011179621057767373,0.00024921678490118877,0.00024921678490118877,0.0,0.00024921678490118877,300.42465720028247,300.3315929351044,2.3193176956863564e-05
250,287,contact,0.0019261640856635242,-7.383591433647585e-05,7.383591433647585e-05,0.00019214046207979705,0.00019214046207979705,0.0,0.00019214046207979705,300.8885013309984,300.9012264621686,-2.445012583070927e-06
250,323,contact,0.0019261112352260466,-7.38887647739534e-05,7.38887647739534e-05,0.0001922092151458319,0.0001922092151458319,0.0,0.0001922092151458319,300.8885013309984,300.9306548328426,-8.102291505124252e-06
250,410,contact,0.0021761762129937907,-7.382378700620954e-05,7.382378700620954e-05,0.00020251719680918395,0.00020251719680918395,0.0,0.00020251719680918395,300.8885013309984,300.8364203015632,1.0547304088156244e-05
251,286,contact,0.001902123214331816,-9.787678566818394e-05,9.787678566818394e-05,0.00022122023604112705,0.00022122023604112705,0.0,0.00022122023604112705,300.59354746272425,300.48707252089,2.3554411765031792e-05
251,322,contact,0.0019780258772068684,-2.197412279313169e-05,2.197412279313169e-05,0.00010481918429641517,0.00010481918429641517,0.0,0.00010481918429641517,300.59354746272425,300.5513605995381,4.4219925871962614e-06
251,374,contact,0.0019128907207940557,-8.710927920594432e-05,8.710927920594432e-05,0.00020869748346104261,0.00020869748346104261,0.0,0.00020869748346104261,300.59354746272425,300.663998559422,-1.4702966587891472e-05
251,388,contact,0.0019220996459080885,-7.79003540919115e-05,7.79003540919115e-05,0.0001973579921005373,0.0001973579921005373,0.0,0.0001973579921005373,300.59354746272425,300.650895350528,-1.1318063988156503e-05
251,489,contact,0.002141650067121143,-0.00010834993287885727,0.00010834993287885727,0.00024534548529557397,0.00024534548529557397,0.0,0.00024534548529557397,300.59354746272425,300.6136996333864,-4.944244090859332e-06
252,254,contact,0.0019335608185159316,-6.643918148406839e-05,6.643918148406839e-05,0.0001822624227372011,0.0001822624227372011,0.0,0.0001822624227372011,300.23863636831726,300.3575704944582,-2.1677221976574873e-05
253,279,contact,0.001949184124832746,-5.081587516725405e-05,5.081587516725405e-05,0.00015939867497450228,0.00015939867497450228,0.0,0.00015939867497450228,300.41750555040215,300.3824364277574,5.589971682092513e-06
253,371,contact,0.00195273182298543,-4.7268177014569935e-05,4.7268177014569935e-05,0.00015373382356295237,0.00015373382356295237,0.0,0.00015373382356295237,300.41750555040215,300.53860935718933,-1.8617751265421507e-05
253,417,contact,0.0021033258928658677,-0.00014667410713413258,0.00014667410713413258,0.00028545685326248184,0.00028545685326248184,0.0,0.00028545685326248184,300.41750555040215,300.4518259620474,-9.796996710923191e-06
253,449,contact,0.0020949492730135484,-0.00015505072698645183,0.00015505072698645183,0.00029349496208666174,0.00029349496208666174,0.0,0.00029349496208666174,300.41750555040215,300.3716977613735,1.3444355304231276e-05
254,277,contact,0.0019029226490059961,-9.707735099400393e-05,9.707735099400393e-05,0.0002203149461498288,0.0002203149461498288,0.0,0.0002203149461498288,300.3575704944582,300.39493496869795,-8.23195213005381e-06
254,384,contact,0.0019242126649619592,-7.578733503804083e-05,7.578733503804083e-05,0.0001946629587749565,0.0001946629587749565,0.0,0.0001946629587749565,300.3575704944582,300.35609373602,2.87470166970633e-07
254,417,contact,0.0022165569266093775,-3.344307339062276e-05,3.344307339062276e-05,0.0001363065853765424,0.0001363065853765424,0.0,0.0001363065853765424,300.3575704944582,300.4518259620474,-1.284764094015609e-05
255,266,contact,0.0019608692986785212,-3.913070132147882e-05,3.913070132147882e-05,0.00013987619762039361,0.00013987619762039361,0.0,0.00013987619762039361,300.2666901475326,300.33783749603816,-9.951820579733e-06
255,325,contact,0.0018487347757047234,-0.00015126522429527662,0.00015126522429527662,0.0002750138399201726,0.0002750138399201726,0.0,0.0002750138399201726,300.2666901475326,300.2809904001165,-3.932767374924998e-06
255,349,contact,0.001945445625248878,-5.455437475112212e-05,5.455437475112212e-05,0.00016515806784883706,0.00016515806784883706,0.0,0.00016515806784883706,300.2666901475326,300.16491661394366,1.6808720165695672e-05
255,433,contact,0.0021598292586220797,-9.017074137792052e-05,9.017074137792052e-05,0.0002238188024297042,0.0002238188024297042,0.0,0.0002238188024297042,300.2666901475326,300.29355534950366,-6.012937332198608e-06
255,443,contact,0.002160800169497402,-8.919983050259843e-05,8.919983050259843e-05,0.00022261055992547267,0.00022261055992547267,0.0,0.00022261055992547267,300.2666901475326,300.32250499930876,-1.2424975406051915e-05
256,457,contact,0.0022184049379002017,-3.159506209979854e-05,3.159506209979854e-05,0.00013248702682778363,0.00013248702682778363,0.0,0.00013248702682778363,300.5744260369827,300.58577101556233,-1.5030624814418376e-06
256,492,contact,0.0022029710553250585,-4.7028944674941744e-05,4.7028944674941744e-05,0.00016163907784344338,0.00016163907784344338,0.0,0.00016163907784344338,300.5744260369827,300.64249204474504,-1.1002126727191604e-05
257,421,contact,0.002186816850068208,-6.318314993179232e-05,6.318314993179232e-05,0.0001873546101970988,0.0001873546101970988,0.0,0.0001873546101970988,300.9451553613247,300.92808677758995,3.1978778522362087e-06
257,500,contact,0.0021381342200984484,-0.00011186577990155181,0.00011186577990155181,0.00024929431501913984,0.00024929431501913984,0.0,0.00024929431501913984,300.9451553613247,300.935649899841,2.369657509515827e-06
258,287,contact,0.0019270740545278661,-7.29259454721339e-05,7.29259454721339e-05,0.00019095280237814514,0.00019095280237814514,0.0,0.00019095280237814514,300.94258868490954,300.9012264621686,7.898232344969466e-06
259,317,contact,0.0019422697853699415,-5.7730214630058495e-05,5.7730214630058495e-05,0.00016989734346077706,0.00016989734346077706,0.0,0.00016989734346077706,300.63432068328115,300.7172211303319,-1.4084565725632736e-05
259,388,contact,0.0019495935457114026,-5.040645428859743e-05,5.040645428859743e-05,0.0001587552428875932,0.0001587552428875932,0.0,0.0001587552428875932,300.63432068328115,300.650895350528,-2.6313153245558487e-06
259,409,contact,0.002187614809357671,-6.238519064232905e-05,6.238519064232905e-05,0.00018616777176981618,0.00018616777176981618,0.0,0.00018616777176981618,300.63432068328115,300.54403699801105,1.6807912513900837e-05
259,412,contact,0.002238091727620332,-1.1908272379668444e-05,1.1908272379668444e-05,8.133699574974219e-05,8.133699574974219e-05,0.0,8.133699574974219e-05,300.63432068328115,300.66137463993743,-2.2004875575662754e-06
260,308,contact,0.0019241138444749046,-7.588615552509546e-05,7.588615552509546e-05,0.0001947898297205163,0.0001947898297205163,0.0,0.0001947898297205163,300.60632402587987,300.64902986235296,-8.318662614665352e-06
260,423,contact,0.00223412909271152,-1.5870907288480316e-05,1.5870907288480316e-05,9.38997908188426e-05,9.38997908188426e-05,0.0,9.38997908188426e-05,300.60632402587987,300.5653979436133,3.842950563867941e-06
260,432,contact,0.0022260274362639826,-2.3972563736017645e-05,2.3972563736017645e-05,0.00011540403357099026,0.00011540403357099026,0.0,0.00011540403357099026,300.60632402587987,300.6582454393118,-5.991940538754651e-06
261,318,contact,0.0019270662031256219,-7.293379687437818e-05,7.293379687437818e-05,0.00019096308134607877,0.00019096308134607877,0.0,0.00019096308134607877,300.93870891337923,300.9378884448627,1.566791960598709e-07
261,462,contact,0.0021218896691696768,-0.0001281103308303235,0.0001281103308303235,0.0002667815698597757,0.0002667815698597757,0.0,0.0002667815698597757,300.93870891337923,300.8943913739819,1.182310273274875e-05
262,311,contact,0.0019620819327543382,-3.7918067245661796e-05,3.7918067245661796e-05,0.00013769180666557796,0.00013769180666557796,0.0,0.00013769180666557796,300.1506014645256,300.0768005849916,1.0161776436547788e-05
262,377,contact,0.0019412973086057688,-5.870269139423125e-05,5.870269139423125e-05,0.00017132234441868821,0.00017132234441868821,0.0,0.00017132234441868821,300.1506014645256,300.1644424482648,-2.371269783263188e-06
262,425,contact,0.0021808122601505663,-6.918773984943396e-05,6.918773984943396e-05,0.00019605517909426808,0.00019605517909426808,0.0,0.00019605517909426808,300.1506014645256,300.21422279687823,-1.2473291708609827e-05
262,458,contact,0.002197925872931115,-5.2074127068885406e-05,5.2074127068885406e-05,0.0001700884199286513,0.0001700884199286513,0.0,0.0001700884199286513,300.1506014645256,300.12306998967665,4.682785055364389e-06
263,303,contact,0.001888452983608541,-0.00011154701639145897,0.00011154701639145897,0.00023616415518814342,0.00023616415518814342,0.0,0.00023616415518814342,300.661637085301,300.6955342129792,-8.005286521437243e-06
263,333,contact,0.0019467436403736115,-5.325635962638857e-05,5.325635962638857e-05,0.00016318143219494762,0.00016318143219494762,0.0,0.00016318143219494762,300.661637085301,300.6385814132736,3.7622575816475797e-06
263,356,contact,0.0019269225178506783,-7.307748214932172e-05,7.307748214932172e-05,0.00019115109488219225,0.00019115109488219225,0.0,0.00019115109488219225,300.661637085301,300.6122506728947,9.440266803768987e-06
264,401,contact,0.002175993913456561,-7.400608654343924e-05,7.400608654343924e-05,0.00020276708935163248,0.00020276708935163248,0.0,0.00020276708935163248,300.62692579081465,300.52844361075773,1.996894500314492e-05
264,416,contact,0.002185887150929801,-6.411284907019942e-05,6.411284907019942e-05,0.0001887279774793449,0.0001887279774793449,0.0,0.0001887279774793449,300.62692579081465,300.69165932664794,-1.221702929290237e-05
264,464,contact,0.0022091482069340664,-4.085179306593384e-05,4.085179306593384e-05,0.0001506500600470689,0.0001506500600470689,0.0,0.0001506500600470689,300.62692579081465,300.56032351927,1.0033636207471027e-05
265,399,contact,0.0019394427415110765,-6.0557258488923554e-05,6.0557258488923554e-05,0.00017400755513615428,0.00017400755513615428,0.0,0.00017400755513615428,300.3592021361998,300.3852823009794,-4.538145710838829e-06
265,414,contact,0.002236106000394435,-1.3893999605565054e-05,1.3893999605565054e-05,8.785720613449055e-05,8.785720613449055e-05,0.0,8.785720613449055e-05,300.3592021361998,300.26984044910387,7.851068163715518e-06
265,429,contact,0.0022076901880698756,-4.230981193012462e-05,4.230981193012462e-05,0.0001533148755740664,0.0001533148755740664,0.0,0.0001533148755740664,300.3592021361998,300.3855187910542,-4.034734664525474e-06
265,430,contact,0.002201641836834501,-4.835816316549942e-05,4.835816316549942e-05,0.00016390743181154182,0.00016390743181154182,0.0,0.00016390743181154182,300.3592021361998,300.2958150381378,1.0389616453334883e-05
265,449,contact,0.0021703690095004587,-7.963099049954157e-05,7.963099049954157e-05,0.00021033173599438573,0.00021033173599438573,0.0,0.00021033173599438573,300.3592021361998,300.3716977613735,-2.628226535119249e-06
266,284,contact,0.001925974187937107,-7.402581206289297e-05,7.402581206289297e-05,0.0001923873853230676,0.0001923873853230676,0.0,0.0001923873853230676,300.33783749603816,300.37900329229745,-7.919779907067423e-06
266,459,contact,0.0021508146800689274,-9.918531993107285e-05,9.918531993107285e-05,0.00023474018726511806,0.00023474018726511806,0.0,0.00023474018726511806,300.33783749603816,300.4395309588398,-2.3871542501690637e-05
266,493,contact,0.0021419065987339407,-0.00010809340126605952,0.00010809340126605952,0.0002450548705744395,0.0002450548705744395,0.0,0.0002450548705744395,300.33783749603816,300.24871663189134,2.1839501828981445e-05
267,314,contact,0.0019055398123891296,-9.44601876108704e-05,9.44601876108704e-05,0.00021732485777157477,0.00021732485777157477,0.0,0.00021732485777157477,300.495915870182,300.43588615251366,1.3045949854337265e-05
267,401,contact,0.002114134867221106,-0.00013586513277889442,0.00013586513277889442,0.0002747373824611569,0.0002747373824611569,0.0,0.0002747373824611569,300.495915870182,300.52844361075773,-8.936586303155665e-06
268,299,contact,0.00195830747710874,-4.1692522891260096e-05,4.1692522891260096e-05,0.00014438234464653234,0.00014438234464653234,0.0,0.00014438234464653234,300.3865424455823,300.4024296479008,-2.29383152062436e-06
268,433,contact,0.0020940829410508064,-0.00015591705894919382,0.00015591705894919382,0.00029431375826676485,0.00029431375826676485,0.0,0.00029431375826676485,300.3865424455823,300.29355534950366,2.7367381717210257e-05
269,442,contact,0.0020611530583632067,-0.0001888469416367936,0.0001888469416367936,0.00032390580046673514,0.00032390580046673514,0.0,0.00032390580046673514,300.54507329703887,300.4139702466789,4.2465038470476175e-05
269,464,contact,0.002136322964418067,-0.0001136770355819332,0.0001136770355819332,0.0002513044143198236,0.0002513044143198236,0.0,0.0002513044143198236,300.54507329703887,300.56032351927,-3.832448166045167e-06
269,485,contact,0.0021113816947439887,-0.00013861830525601151,0.00013861830525601151,0.00027750706222846486,0.00027750706222846486,0.0,0.00027750706222846486,300.54507329703887,300.6481658243435,-2.8608904390014292e-05
270,306,contact,0.001911985924922043,-8.801407507795706e-05,8.801407507795706e-05,0.00020977854403865647,0.00020977854403865647,0.0,0.00020977854403865647,300.50168342077745,300.4365913875031,1.3654911968812716e-05
270,385,contact,0.0018768124361800253,-0.00012318756381997473,0.00012318756381997473,0.00024818094590436907,0.00024818094590436907,0.0,0.00024818094590436907,300.50168342077745,300.60619335494266,-2.593737431752456e-05
270,399,contact,0.0018696597900420284,-0.00013034020995797164,0.00013034020995797164,0.00025528436101529176,0.00025528436101529176,0.0,0.00025528436101529176,300.50168342077745,300.3852823009794,2.97153854891147e-05
270,457,contact,0.0021490747328559794,-0.00010092526714402085,0.00010092526714402085,0.00023679018741871327,0.00023679018741871327,0.0,0.00023679018741871327,300.50168342077745,300.58577101556233,-1.991111732869956e-05
271,332,contact,0.0019575370188070515,-4.246298119294856e-05,4.246298119294856e-05,0.00014571029681005485,0.00014571029681005485,0.0,0.00014571029681005485,300.1835493718155,300.2758385074301,-1.3447477342743607e-05
271,425,contact,0.0021656048439177445,-8.439515608225576e-05,8.439515608225576e-05,0.00021653220966746592,0.00021653220966746592,0.0,0.00021653220966746592,300.1835493718155,300.21422279687823,-6.641784506902373e-06
271,445,contact,0.0021093315552563104,-0.00014066844474368984,0.00014066844474368984,0.0002795516695867091,0.0002795516695867091,0.0,0.0002795516695867091,300.1835493718155,300.080054735505,2.8932098373877668e-05
272,381,contact,0.00188373988108762,-0.00011626011891238013,0.00011626011891238013,0.00024110176161983983,0.00024110176161983983,0.0,0.00024110176161983983,300.1403179292672,300.1712196779975,-7.450466056005779e-06
272,414,contact,0.002103291057390774,-0.00014670894260922608,0.00014670894260922608,0.00028549074961587936,0.00028549074961587936,0.0,0.00028549074961587936,300.1403179292672,300.26984044910387,-3.6977481280304294e-05
273,328,contact,0.001901281415256564,-9.871858474343599e-05,9.871858474343599e-05,0.00022216951269631483,0.00022216951269631483,0.0,0.00022216951269631483,300.0589369302202,300.17959350429595,-2.680621226601045e-05
273,357,contact,0.0019844618909145304,-1.553810908546966e-05,1.553810908546966e-05,8.81422404000195e-05,8.81422404000195e-05,0.0,8.81422404000195e-05,300.0589369302202,300.06008954243845,-1.0159382322638077e-07
274,305,contact,0.0019421381410445553,-5.786185895544473e-05,5.786185895544473e-05,0.0001700909447258212,0.0001700909447258212,0.0,0.0001700909447258212,300.1073487625048,300.165251287713,-9.848695214672044e-06
274,366,contact,0.0019765304313619867,-2.3469568638013333e-05,2.3469568638013333e-05,0.00010832720950438383,0.00010832720950438383,0.0,0.00010832720950438383,300.1073487625048,300.05744732700646,5.405683257796806e-06
274,386,contact,0.0019761653529246984,-2.3834647075301682e-05,2.3834647075301682e-05,0.00010916649457434658,0.00010916649457434658,0.0,0.00010916649457434658,300.1073487625048,300.0526349840314,5.972911400858322e-06
274,461,contact,0.00216650313235407,-8.349686764593011e-05,8.349686764593011e-05,0.00021537675987019441,0.00021537675987019441,0.0,0.00021537675987019441,300.1073487625048,300.1973587066782,-1.938605013216458e-05
275,360,contact,0.0019356243274199676,-6.437567258003245e-05,6.437567258003245e-05,0.0001794096883950703,0.0001794096883950703,0.0,0.0001794096883950703,300.52842908184346,300.5438010997924,-2.7578889502242366e-06
275,380,contact,0.0019212935310618203,-7.870646893817974e-05,7.870646893817974e-05,0.0001983764967658464,0.0001983764967658464,0.0,0.0001983764967658464,300.52842908184346,300.45396451649,1.477201960801485e-05
275,424,contact,0.0022449960055037563,-5.003994496243988e-06,5.003994496243988e-06,5.2725676310103136e-05,5.2725676310103136e-05,0.0,5.2725676310103136e-05,300.52842908184346,300.45196985197595,4.031364604914089e-06
276,353,contact,0.001938023176779885,-6.197682322011495e-05,6.197682322011495e-05,0.00017603525672449106,0.00017603525672449106,0.0,0.00017603525672449106,300.8980587862304,300.9302825163055,-5.672512596388907e-06
276,481,contact,0.002162171576239962,-8.782842376003821e-05,8.782842376003821e-05,0.00022089266342632745,0.00022089266342632745,0.0,0.00022089266342632745,300.8980587862304,300.82182076636116,1.6840419263271302e-05
277,304,contact,0.0018360459387184126,-0.00016395406128158745,0.00016395406128158745,0.00028631631221569216,0.00028631631221569216,0.0,0.00028631631221569216,300.39493496869795,300.4851162286395,-2.5820365777436033e-05
277,384,contact,0.0018564077855094234,-0.00014359221449057667,0.00014359221449057667,0.0002679479562252497,0.0002679479562252497,0.0,0.0002679479562252497,300.39493496869795,300.35609373602,1.0407428913326897e-05
277,478,contact,0.002225973063089488,-2.402693691051219e-05,2.402693691051219e-05,0.00011553483580123306,0.00011553483580123306,0.0,0.00011553483580123306,300.39493496869795,300.28983890976747,1.21422559118903e-05
278,374,contact,0.00199045491900721,-9.545080992789858e-06,9.545080992789858e-06,6.908357616970136e-05,6.908357616970136e-05,0.0,6.908357616970136e-05,300.7702892439466,300.663998559422,7.342940600484541e-06
279,325,contact,0.0019180527547750092,-8.194724522499089e-05,8.194724522499089e-05,0.00020241942251793786,0.00020241942251793786,0.0,0.00020241942251793786,300.3824364277574,300.2809904001165,2.0534646331813415e-05
279,443,contact,0.0022077624655972385,-4.2237534402761717e-05,4.2237534402761717e-05,0.0001531838662863135,0.0001531838662863135,0.0,0.0001531838662863135,300.3824364277574,300.32250499930876,9.180527921823532e-06
280,317,contact,0.0019144444227242536,-8.555557727574648e-05,8.555557727574648e-05,0.0002068279203537889,0.0002068279203537889,0.0,0.0002068279203537889,300.73237375661915,300.7172211303319,3.1339861828922993e-06
280,320,contact,0.001944816952789448,-5.518304721055197e-05,5.518304721055197e-05,0.00016610696434910845,0.00016610696434910845,0.0,0.00016610696434910845,300.73237375661915,300.71886353761704,2.2441414661328564e-06
281,473,contact,0.0021757291914436413,-7.4270808556359e-05,7.4270808556359e-05,0.00020312941763587158,0.00020312941763587158,0.0,0.00020312941763587158,300.5851836130777,300.71176513297945,-2.5712430421111364e-05
281,476,contact,0.0021831903519620092,-6.680964803799103e-05,6.680964803799103e-05,0.00019265635502681253,0.00019265635502681253,0.0,0.00019265635502681253,300.5851836130777,300.5272187002944,1.1167308816275908e-05
282,427,contact,0.0021539939333662726,-9.600606663372766e-05,9.600606663372766e-05,0.00023094740458685448,0.00023094740458685448,0.0,0.00023094740458685448,300.20084191349866,300.146956150994,1.2444776994632312e-05
284,306,contact,0.0019107915579413674,-8.920844205863266e-05,8.920844205863266e-05,0.0002111971141595366,0.0002111971141595366,0.0,0.0002111971141595366,300.37900329229745,300.4365913875031,-1.2162439517373893e-05
284,428,contact,0.0022366514930136075,-1.3348506986392804e-05,1.3348506986392804e-05,8.611525541193424e-05,8.611525541193424e-05,0.0,8.611525541193424e-05,300.37900329229745,300.383372820667,-3.7628305157115435e-07
284,433,contact,0.00220015393722803,-4.984606277197044e-05,4.984606277197044e-05,0.0001664099068431298,0.0001664099068431298,0.0,0.0001664099068431298,300.37900329229745,300.29355534950366,1.421938420025197e-05
285,410,contact,0.002130542322977885,-0.00011945767702211535,0.00011945767702211535,0.0002576147824240632,0.0002576147824240632,0.0,0.0002576147824240632,300.7219799227125,300.8364203015632,-2.948153329815096e-05
285,432,contact,0.0021194602101714485,-0.00013053978982855178,0.00013053978982855178,0.0002692992860374987,0.0002692992860374987,0.0,0.0002692992860374987,300.7219799227125,300.6582454393118,1.7163650875764193e-05
285,448,contact,0.0022018485726543503,-4.8151427345649936e-05,4.8151427345649936e-05,0.00016355669649942652,0.00016355669649942652,0.0,0.00016355669649942652,300.7219799227125,300.7406733669322,-3.0574379827715916e-06
285,482,contact,0.002247115007937957,-2.8849920620430645e-06,2.8849920620430645e-06,4.0034652087931304e-05,4.0034652087931304e-05,0.0,4.0034652087931304e-05,300.7219799227125,300.7683834259778,-1.8577481088878727e-06
286,322,contact,0.0019261603262449361,-7.383967375506392e-05,7.383967375506392e-05,0.00019214535351533214,0.00019214535351533214,0.0,0.00019214535351533214,300.48707252089,300.5513605995381,-1.235265559865603e-05
286,438,contact,0.0021521446813121104,-9.785531868788987e-05,9.785531868788987e-05,0.00023316103005801932,0.00023316103005801932,0.0,0.00023316103005801932,300.48707252089,300.37789786136017,2.5455276072214767e-05
287,290,contact,0.001993462649010511,-6.537350989489245e-06,6.537350989489245e-06,5.717233154896363e-05,5.717233154896363e-05,0.0,5.717233154896363e-05,300.9012264621686,300.9193760175523,-1.0376523978616064e-06
287,347,contact,0.0019935248737493485,-6.47512625065157e-06,6.47512625065157e-06,5.689958809451774e-05,5.689958809451774e-05,0.0,5.689958809451774e-05,300.9012264621686,300.81751642140875,4.76306683861099e-06
288,314,contact,0.001865767400749621,-0.0001342325992503791,0.0001342325992503791,0.00025906813703191977,0.00025906813703191977,0.0,0.00025906813703191977,300.3511723775168,300.43588615251366,-2.194663986938426e-05
288,351,contact,0.0019656964610185773,-3.430353898142271e-05,3.430353898142271e-05,0.0001309647643097614,0.0001309647643097614,0.0,0.0001309647643097614,300.3511723775168,300.36343247625075,-1.6056409411094605e-06
289,381,contact,0.0018622508837962731,-0.00013774911620372692,0.00013774911620372692,0.0002624396275371985,0.0002624396275371985,0.0,0.0002624396275371985,300.3001177017925,300.1712196779975,3.382794935503775e-05
289,399,contact,0.00196019387681423,-3.980612318577005e-05,3.980612318577005e-05,0.00014107821090758496,0.00014107821090758496,0.0,0.00014107821090758496,300.3001177017925,300.3852823009794,-1.20148692859489e-05
289,428,contact,0.002214636113270079,-3.536388672992132e-05,3.536388672992132e-05,0.00014016634310291888,0.00014016634310291888,0.0,0.00014016634310291888,300.3001177017925,300.383372820667,-1.1669565557236078e-05
289,443,contact,0.002246631609454475,-3.368390545525294e-06,3.368390545525294e-06,4.3258849740225244e-05,4.3258849740225244e-05,0.0,4.3258849740225244e-05,300.3001177017925,300.32250499930876,-9.68448739346253e-07
289,496,contact,0.0021421852956735564,-0.00010781470432644387,0.00010781470432644387,0.00024473875451006016,0.00024473875451006016,0.0,0.00024473875451006016,300.3001177017925,300.3315929351044,-7.703209398677077e-06
290,323,contact,0.0019925094981364582,-7.490501863541797e-06,7.490501863541797e-06,6.11984553054315e-05,6.11984553054315e-05,0.0,6.11984553054315e-05,300.9193760175523,300.9306548328426,-6.902460734431676e-07
290,405,contact,0.002241041598565274,-8.958401434726055e-06,8.958401434726055e-06,7.054707425513066e-05,7.054707425513066e-05,0.0,7.054707425513066e-05,300.9193760175523,300.9243004786739,-3.4740632441329974e-07
291,379,contact,0.0018574792747874257,-0.00014252072521257438,0.00014252072521257438,0.00026694636653509107,0.00026694636653509107,0.0,0.00026694636653509107,300.4470065792994,300.5674951922029,-3.21639974234425e-05
291,468,contact,0.0021326460072924897,-0.00011735399270751054,0.00011735399270751054,0.0002553363715088073,0.0002553363715088073,0.0,0.0002553363715088073,300.4470065792994,300.32810077567166,3.0360976449645946e-05
293,424,contact,0.0022500021027921273,-0.0,0.0,1.0540925533894598e-07,1.0540925533894598e-07,0.0,1.0540925533894598e-07,300.4629964068912,300.45196985197595,1.1623009425702113e-09
294,432,contact,0.0021624001921244813,-8.759980787551892e-05,8.759980787551892e-05,0.0002206049861876287,0.0002206049861876287,0.0,0.0002206049861876287,300.605980478882,300.6582454393118,-1.15299108737245e-05
294,498,contact,0.002100129050153824,-0.0001498709498461764,0.0001498709498461764,0.0002885509293061302,0.0002885509293061302,0.0,0.0002885509293061302,300.605980478882,300.6869720227564,-2.3370185250897553e-05
295,321,contact,0.001959208658378844,-4.0791341621155934e-05,4.0791341621155934e-05,0.00014281341257241201,0.00014281341257241201,0.0,0.00014281341257241201,300.16647262189406,300.21299034229577,-6.643354395657452e-06
295,343,contact,0.0019336951943850131,-6.630480561498693e-05,6.630480561498693e-05,0.00018207801297107093,0.00018207801297107093,0.0,0.00018207801297107093,300.16647262189406,300.25205652639374,-1.558294727360864e-05
295,441,contact,0.002068759787053125,-0.00018124021294687546,0.00018124021294687546,0.00031731531194177914,0.00031731531194177914,0.0,0.00031731531194177914,300.16647262189406,300.15953514151926,2.201368749220238e-06
295,458,contact,0.00211578986536665,-0.0001342101346333501,0.0001342101346333501,0.000273058942185413,0.000273058942185413,0.0,0.000273058942185413,300.16647262189406,300.12306998967665,1.1851476841347871e-05
295,463,contact,0.0021462760327759767,-0.00010372396722402354,0.00010372396722402354,0.00024005088259693744,0.00024005088259693744,0.0,0.00024005088259693744,300.16647262189406,300.20030126399166,-8.12059539258558e-06
296,328,contact,0.001919973009955623,-8.002699004437696e-05,8.002699004437696e-05,0.00020003373471039448,0.00020003373471039448,0.0,0.00020003373471039448,300.2152919383341,300.17959350429595,7.140891083958725e-06
296,390,contact,0.0018776201220960533,-0.00012237987790394674,0.00012237987790394674,0.0002473660020131574,0.0002473660020131574,0.0,0.0002473660020131574,300.2152919383341,300.2915337301302,-1.885962722292613e-05
296,478,contact,0.0021779205534694333,-7.207944653056693e-05,7.207944653056693e-05,0.0002001103119817319,0.0002001103119817319,0.0,0.0002001103119817319,300.2152919383341,300.28983890976747,-1.4917617710829364e-05
297,304,contact,0.0018763275376475004,-0.00012367246235249962,0.00012367246235249962,0.0002486689187981679,0.0002486689187981679,0.0,0.0002486689187981679,300.58269317363795,300.4851162286395,2.4264353412386077e-05
297,342,contact,0.0019149978979644017,-8.500210203559832e-05,8.500210203559832e-05,0.000206157830357712,0.000206157830357712,0.0,0.000206157830357712,300.58269317363795,300.68120954907806,-2.0309922215439446e-05
298,335,contact,0.0019186639765732838,-8.133602342671629e-05,8.133602342671629e-05,0.00020166311440954728,0.00020166311440954728,0.0,0.00020166311440954728,300.1670205973116,300.1471866152104,3.999782601672041e-06
298,381,contact,0.0018557016606663903,-0.00014429833933360977,0.00014429833933360977,0.00026860597474145074,0.00026860597474145074,0.0,0.00026860597474145074,300.1670205973116,300.1712196779975,-1.1278981606562038e-06
299,455,contact,0.00222669790310675,-2.3302096893250152e-05,2.3302096893250152e-05,0.00011377877387781508,0.00011377877387781508,0.0,0.00011377877387781508,300.4024296479008,300.30346417088185,1.1260170631450869e-05
300,304,contact,0.0019665968692462116,-3.340313075378843e-05,3.340313075378843e-05,0.00012923453631631993,0.00012923453631631993,0.0,0.00012923453631631993,300.3769376421351,300.4851162286395,-1.398040946625578e-05
300,312,contact,0.001961306416176729,-3.869358382327121e-05,3.869358382327121e-05,0.00013909274571894685,0.00013909274571894685,0.0,0.00013909274571894685,300.3769376421351,300.3079157300529,9.60044726628189e-06
300,478,contact,0.002242398133382728,-7.601866617272177e-06,7.601866617272177e-06,6.498660809595986e-05,6.498660809595986e-05,0.0,6.498660809595986e-05,300.3769376421351,300.28983890976747,5.6602511860295305e-06
301,358,contact,0.0018525857705650234,-0.00014741422943497667,0.00014741422943497667,0.0002714905425930862,0.0002714905425930862,0.0,0.0002714905425930862,300.72658608038694,300.8740279975719,-4.0029086097506693e-05
301,391,contact,0.0019349305756279737,-6.50694243720263e-05,6.50694243720263e-05,0.00018037381236203095,0.00018037381236203095,0.0,0.00018037381236203095,300.72658608038694,300.6488515924606,1.4021265939288491e-05
301,472,contact,0.002193364095978814,-5.663590402118623e-05,5.663590402118623e-05,0.00017738204847977498,0.00017738204847977498,0.0,0.00017738204847977498,300.72658608038694,300.67865986685496,8.501249932181725e-06
302,444,contact,0.0021776372986710667,-7.236270132893359e-05,7.236270132893359e-05,0.0002005031190238607,0.0002005031190238607,0.0,0.0002005031190238607,300.6183947825121,300.58397490468906,6.9012928599398685e-06
302,448,contact,0.0022073877666599494,-4.261223334005087e-05,4.261223334005087e-05,0.00015386183076609652,0.00015386183076609652,0.0,0.00015386183076609652,300.6183947825121,300.7406733669322,-1.881400686236129e-05
303,356,contact,0.0019699507090534013,-3.004929094659872e-05,3.004929094659872e-05,0.00012257506056820595,0.00012257506056820595,0.0,0.00012257506056820595,300.6955342129792,300.6122506728947,1.0208484970198457e-05
303,376,contact,0.0018703442470572095,-0.00012965575294279059,0.00012965575294279059,0.00025461318990067125,0.00025461318990067125,0.0,0.00025461318990067125,300.6955342129792,300.8075562313771,-2.8522283443388717e-05
303,492,contact,0.0021740343243380486,-7.596567566195162e-05,7.596567566195162e-05,0.0002054340603345236,0.0002054340603345236,0.0,0.0002054340603345236,300.6955342129792,300.64249204474504,1.089666798929557e-05
303,499,contact,0.002225837990106199,-2.416200989380137e-05,2.416200989380137e-05,0.00011585913356265725,0.00011585913356265725,0.0,0.00011585913356265725,300.6955342129792,300.84941564507074,-1.7828569393503158e-05
304,352,contact,0.0018365707097315917,-0.00016342929026840836,0.00016342929026840836,0.0002858577358306124,0.0002858577358306124,0.0,0.0002858577358306124,300.4851162286395,300.51352746991324,-8.12157310264166e-06
305,336,contact,0.001850702234180311,-0.00014929776581968897,0.00014929776581968897,0.00027321947754478356,0.00027321947754478356,0.0,0.00027321947754478356,300.165251287713,300.179516113583,-3.897428271480542e-06
305,386,contact,0.0018125983306844344,-0.00018740166931556566,0.00018740166931556566,0.0003061059206513047,0.0003061059206513047,0.0,0.0003061059206513047,300.165251287713,300.0526349840314,3.447251731880034e-05
305,430,contact,0.002060026552765766,-0.00018997344723423442,0.00018997344723423442,0.0003248704418980267,0.0003248704418980267,0.0,0.0003248704418980267,300.165251287713,300.2958150381378,-4.24163032963725e-05
305,466,contact,0.002144639453531585,-0.00010536054646841531,0.00010536054646841531,0.00024193725824456512,0.00024193725824456512,0.0,0.00024193725824456512,300.165251287713,300.18069393151444,-3.736150901373598e-06
306,362,contact,0.001979221058244884,-2.0778941755116107e-05,2.0778941755116107e-05,0.00010192875392919337,0.00010192875392919337,0.0,0.00010192875392919337,300.4365913875031,300.51654579427856,-8.149653053771609e-06
306,399,contact,0.0019880689104253913,-1.1931089574608762e-05,1.1931089574608762e-05,7.723693926680667e-05,7.723693926680667e-05,0.0,7.723693926680667e-05,300.4365913875031,300.3852823009794,3.962956799666485e-06
306,428,contact,0.002229501801456998,-2.0498198543002222e-05,2.0498198543002222e-05,0.00010671404818225985,0.00010671404818225985,0.0,0.00010671404818225985,300.4365913875031,300.383372820667,5.679168705539249e-06
307,462,contact,0.0021220843506997915,-0.0001279156493002088,0.0001279156493002088,0.00026657878687402553,0.00026657878687402553,0.0,0.00026657878687402553,300.93907082410186,300.8943913739819,1.1910593611184426e-05
307,500,contact,0.0021194401227033993,-0.00013055987729660096,0.00013055987729660096,0.00026932000513288704,0.00026932000513288704,0.0,0.00026932000513288704,300.93907082410186,300.935649899841,9.213233394954811e-07
308,344,contact,0.0018993321690794363,-0.00010066783092056372,0.00010066783092056372,0.00022435221296051853,0.00022435221296051853,0.0,0.00022435221296051853,300.64902986235296,300.72493667180794,-1.702986067999662e-05
308,361,contact,0.0018978559291210697,-0.0001021440708789303,0.0001021440708789303,0.00022599122867816165,0.00022599122867816165,0.0,0.00022599122867816165,300.64902986235296,300.6806636144106,-7.148950495207283e-06
308,423,contact,0.0021185356774432664,-0.0001314643225567339,0.0001314643225567339,0.0002702512437598411,0.0002702512437598411,0.0,0.0002702512437598411,300.64902986235296,300.5653979436133,2.2601630057421535e-05
309,329,contact,0.0019157065155895575,-8.429348441044257e-05,8.429348441044257e-05,0.00020529671747307915,0.00020529671747307915,0.0,0.00020529671747307915,300.92323138333296,300.8911613650474,6.583869483322489e-06
309,407,contact,0.002152470545256312,-9.75294547436883e-05,9.75294547436883e-05,0.00023277248637491537,0.00023277248637491537,0.0,0.00023277248637491537,300.92323138333296,300.8305843024206,2.1565691379344035e-05
309,410,contact,0.0020913422150657217,-0.00015865778493427858,0.00015865778493427858,0.0002968892282525201,0.0002968892282525201,0.0,0.0002968892282525201,300.92323138333296,300.8364203015632,2.5773275070396743e-05
310,347,contact,0.0019844213242073876,-1.557867579261244e-05,1.557867579261244e-05,8.825722574557973e-05,8.825722574557973e-05,0.0,8.825722574557973e-05,300.74873512507287,300.81751642140875,-6.070446397789831e-06
310,419,contact,0.002037658148586264,-0.0002123418514137364,0.0002123418514137364,0.00034346425611678075,0.00034346425611678075,0.0,0.00034346425611678075,300.74873512507287,300.8268229145443,-2.682036452261658e-05
310,486,contact,0.0021474669092211873,-0.00010253309077881299,0.00010253309077881299,0.0002386688672836314,0.0002386688672836314,0.0,0.0002386688672836314,300.74873512507287,300.76995360166393,-5.064189773472358e-06
310,489,contact,0.0021238442596857245,-0.00012615574031427578,0.00012615574031427578,0.00026473859257165335,0.00026473859257165335,0.0,0.00026473859257165335,300.74873512507287,300.6136996333864,3.5749106016303734e-05
311,458,contact,0.0021175335999886755,-0.00013246640001132477,0.00013246640001132477,0.000271279273905575,0.000271279273905575,0.0,0.000271279273905575,300.0768005849916,300.12306998967665,-1.2551930507007076e-05
311,463,contact,0.0020917627838251637,-0.00015823721617483659,0.00015823721617483659,0.0002964954713677359,0.0002964954713677359,0.0,0.0002964954713677359,300.0768005849916,300.20030126399166,-3.661739203436235e-05
312,328,contact,0.0019022796025085571,-9.77203974914429e-05,9.77203974914429e-05,0.00022104343180859605,0.00022104343180859605,0.0,0.00022104343180859605,300.3079157300529,300.17959350429595,2.8364785158635968e-05
312,494,contact,0.0021816750506454857,-6.832494935451452e-05,6.832494935451452e-05,0.00019482891263093502,0.00019482891263093502,0.0,0.00019482891263093502,300.3079157300529,300.34944166627685,-8.090453000490611e-06
313,371,contact,0.0019281754056361157,-7.182459436388434e-05,7.182459436388434e-05,0.0001895054014584866,0.0001895054014584866,0.0,0.0001895054014584866,300.5604709126441,300.53860935718933,4.142882842967129e-06
314,351,contact,0.0019724624012585797,-2.753759874142038e-05,2.753759874142038e-05,0.00011734052740085239,0.00011734052740085239,0.0,0.00011734052740085239,300.43588615251366,300.36343247625075,8.501752584820479e-06
314,401,contact,0.002180565496333463,-6.943450366653746e-05,6.943450366653746e-05,0.00019640449144351938,0.00019640449144351938,0.0,0.00019640449144351938,300.43588615251366,300.52844361075773,-1.8178700515731964e-05
314,408,contact,0.0021060343326706715,-0.00014396566732932875,0.00014396566732932875,0.0002828089925976038,0.0002828089925976038,0.0,0.0002828089925976038,300.43588615251366,300.4331413391015,7.762579159625344e-07
315,435,contact,0.002192748510431599,-5.725148956840136e-05,5.725148956840136e-05,0.00017834344140886234,0.00017834344140886234,0.0,0.00017834344140886234,300.0587455055385,300.07941717714095,-3.6866570532510197e-06
316,340,contact,0.0018643412971073724,-0.00013565870289262765,0.00013565870289262765,0.00026044068700246096,0.00026044068700246096,0.0,0.00026044068700246096,300.0652753887608,300.14702120952023,-2.1289937718160414e-05
316,441,contact,0.002166835130253337,-8.31648697466633e-05,8.31648697466633e-05,0.00021494814587433162,0.00021494814587433162,0.0,0.00021494814587433162,300.0652753887608,300.15953514151926,-2.0260959085997997e-05
317,412,contact,0.002076975546732017,-0.0001730244532679834,0.0001730244532679834,0.0003100398301186329,0.0003100398301186329,0.0,0.0003100398301186329,300.7172211303319,300.66137463993743,1.731463639461969e-05
317,434,contact,0.002165490959343862,-8.450904065613815e-05,8.450904065613815e-05,0.00021667825694145654,0.00021667825694145654,0.0,0.00021667825694145654,300.7172211303319,300.72080677377244,-7.769309707107652e-07
317,490,contact,0.002181489746281448,-6.851025371855217e-05,6.851025371855217e-05,0.00019509293187058908,0.00019509293187058908,0.0,0.00019509293187058908,300.7172211303319,300.77071654212625,-1.0436576728585883e-05
318,397,contact,0.001904346132482223,-9.565386751777703e-05,9.565386751777703e-05,0.00021869369848920777,0.00021869369848920777,0.0,0.00021869369848920777,300.9378884448627,300.92332962990724,3.1839210882335367e-06
318,446,contact,0.0021358500396998974,-0.00011414996030010291,0.00011414996030010291,0.0002518266161690783,0.0002518266161690783,0.0,0.0002518266161690783,300.9378884448627,300.9205862730751,4.357147373648761e-06
318,462,contact,0.0021686806985354024,-8.131930146459791e-05,8.131930146459791e-05,0.00021254973465651374,0.00021254973465651374,0.0,0.00021254973465651374,300.9378884448627,300.8943913739819,9.245290874059477e-06
319,327,contact,0.0019400903002502223,-5.990969974977779e-05,5.990969974977779e-05,0.00017307469449601493,0.00017307469449601493,0.0,0.00017307469449601493,300.3529629047173,300.27880632659725,1.2834627102995664e-05
319,383,contact,0.0018733657877213418,-0.00012663421227865823,0.00012663421227865823,0.00025162890561167473,0.00025162890561167473,0.0,0.00025162890561167473,300.3529629047173,300.41363106470857,-1.5265862704079876e-05
319,424,contact,0.0021843857422444886,-6.561425775551168e-05,6.561425775551168e-05,0.0001909250256507216,0.0001909250256507216,0.0,0.0001909250256507216,300.3529629047173,300.45196985197595,-1.8902903944958982e-05
320,376,contact,0.001890905984177955,-0.00010909401582204496,0.00010909401582204496,0.0002335530087817806,0.0002335530087817806,0.0,0.0002335530087817806,300.71886353761704,300.8075562313771,-2.07144454846179e-05
320,400,contact,0.0019312956631494828,-6.870433685051726e-05,6.870433685051726e-05,0.0001853433797718673,0.0001853433797718673,0.0,0.0001853433797718673,300.71886353761704,300.67369169443066,8.372302086688652e-06
320,490,contact,0.0021170226004282523,-0.00013297739957174792,0.00013297739957174792,0.0002718020108376969,0.0002718020108376969,0.0,0.0002718020108376969,300.71886353761704,300.77071654212625,-1.4093750893579998e-05
321,458,contact,0.0021404348483427386,-0.00010956515165726167,0.00010956515165726167,0.0002467175078880271,0.0002467175078880271,0.0,0.0002467175078880271,300.21299034229577,300.12306998967665,2.2184925306601234e-05
321,463,contact,0.002171731237038552,-7.826876296144819e-05,7.826876296144819e-05,0.00020852492918040623,0.00020852492918040623,0.0,0.00020852492918040623,300.21299034229577,300.20030126399166,2.645989154728387e-06
321,484,contact,0.002226168756159335,-2.3831243840665307e-05,2.3831243840665307e-05,0.00011506337345776338,0.00011506337345776338,0.0,0.00011506337345776338,300.21299034229577,300.30320785537543,-1.0380731399916142e-05
322,412,contact,0.0021716870900351866,-7.831290996481366e-05,7.831290996481366e-05,0.00020858372947733545,0.00020858372947733545,0.0,0.00020858372947733545,300.5513605995381,300.66137463993743,-2.2947138841363556e-05
324,427,contact,0.0021456540049883026,-0.00010434599501169765,0.00010434599501169765,0.0002407695936548486,0.0002407695936548486,0.0,0.0002407695936548486,300.0551933413243,300.146956150994,-2.2093694396805017e-05
326,370,contact,0.0019366371945720754,-6.336280542792463e-05,6.336280542792463e-05,0.00017799270410318033,0.00017799270410318033,0.0,0.00017799270410318033,300.57830594772656,300.61598093754674,-6.705873315152765e-06
326,416,contact,0.0021618561102210295,-8.814388977897072e-05,8.814388977897072e-05,0.00022128901385966664,0.00022128901385966664,0.0,0.00022128901385966664,300.57830594772656,300.69165932664794,-2.5083857439172046e-05
327,411,contact,0.00216415623516626,-8.584376483374012e-05,8.584376483374012e-05,0.00021838264689115974,0.00021838264689115974,0.0,0.00021838264689115974,300.27880632659725,300.3173163019428,-8.409910347677133e-06
327,427,contact,0.0021539172900963857,-9.608270990361456e-05,9.608270990361456e-05,0.00023103957080938725,0.00023103957080938725,0.0,0.00023103957080938725,300.27880632659725,300.146956150994,3.0462607982513365e-05
328,463,contact,0.0021389591024541066,-0.0001110408975458937,0.0001110408975458937,0.00024837348394201925,0.00024837348394201925,0.0,0.00024837348394201925,300.17959350429595,300.20030126399166,-5.143258420257768e-06
330,343,contact,0.0019094869977669393,-9.05130022330607e-05,9.05130022330607e-05,0.0002127357542034962,0.0002127357542034962,0.0,0.0002127357542034962,300.3444791814003,300.25205652639374,1.96616032183067e-05
330,438,contact,0.0022442685201097424,-5.731479890257879e-06,5.731479890257879e-06,5.642832174172568e-05,5.642832174172568e-05,0.0,5.642832174172568e-05,300.3444791814003,300.37789786136017,-1.8857600249598508e-06
330,442,contact,0.0021602137822224914,-8.978621777750882e-05,8.978621777750882e-05,0.00022334106675355524,0.00022334106675355524,0.0,0.00022334106675355524,300.3444791814003,300.4139702466789,-1.5520208649166155e-05
331,429,contact,0.002130600678893162,-0.00011939932110683824,0.00011939932110683824,0.0002575518514211569,0.0002575518514211569,0.0,0.0002575518514211569,300.39082391946306,300.3855187910542,1.3663456437262084e-06
331,430,contact,0.002212959954472742,-3.704004552725808e-05,3.704004552725808e-05,0.00014344965343526954,0.00014344965343526954,0.0,0.00014344965343526954,300.39082391946306,300.2958150381378,1.362899109938271e-05
331,449,contact,0.0021635542894968005,-8.644571050319978e-05,8.644571050319978e-05,0.0002191469706019225,0.0002191469706019225,0.0,0.0002191469706019225,300.39082391946306,300.3716977613735,4.191439604574902e-06
332,384,contact,0.0018390136559851852,-0.0001609863440148148,0.0001609863440148148,0.0002837131861711884,0.0002837131861711884,0.0,0.0002837131861711884,300.2758385074301,300.35609373602,-2.2769466610143148e-05
332,463,contact,0.002069085136637865,-0.00018091486336213516,0.00018091486336213516,0.00031703037302979097,0.00031703037302979097,0.0,0.00031703037302979097,300.2758385074301,300.20030126399166,2.3947600464923948e-05
332,468,contact,0.0021453364841907668,-0.0001046635158092335,0.0001046635158092335,0.00024113564164551947,0.00024113564164551947,0.0,0.00024113564164551947,300.2758385074301,300.32810077567166,-1.2602295586282973e-05
332,494,contact,0.002248639787182464,-1.3602128175363264e-06,1.3602128175363264e-06,2.7489521413079956e-05,2.7489521413079956e-05,0.0,2.7489521413079956e-05,300.2758385074301,300.34944166627685,-2.0233156111884824e-06
333,491,contact,0.002207424853658443,-4.257514634155735e-05,4.257514634155735e-05,0.00015379486037785196,0.00015379486037785196,0.0,0.00015379486037785196,300.6385814132736,300.74028716541625,-1.564182195040537e-05
334,415,contact,0.002073176152694218,-0.0001768238473057824,0.0001768238473057824,0.0003134253830267017,0.0003134253830267017,0.0,0.0003134253830267017,300.7011449932126,300.7445512733997,-1.3604629993397042e-05
334,460,contact,0.0022350285163728893,-1.4971483627110923e-05,1.4971483627110923e-05,9.120027907824906e-05,9.120027907824906e-05,0.0,9.120027907824906e-05,300.7011449932126,300.61577289497995,7.7859591843137e-06
336,381,contact,0.0018676737247442345,-0.00013232627525576555,0.00013232627525576555,0.00025722196179152893,0.00025722196179152893,0.0,0.00025722196179152893,300.179516113583,300.1712196779975,2.1340254371847807e-06
337,401,contact,0.0021806336027173382,-6.936639728266202e-05,6.936639728266202e-05,0.0001963081439453205,0.0001963081439453205,0.0,0.0001963081439453205,300.43052280029485,300.52844361075773,-1.9222652555589696e-05
337,422,contact,0.002167382144662081,-8.261785533791909e-05,8.261785533791909e-05,0.00021424007216453732,0.00021424007216453732,0.0,0.00021424007216453732,300.43052280029485,300.31636280169306,2.4457646338751454e-05
338,358,contact,0.0019341493112259977,-6.585068877400235e-05,6.585068877400235e-05,0.0001814534220867746,0.0001814534220867746,0.0,0.0001814534220867746,300.9333367801328,300.8740279975719,1.076178155547399e-05
338,382,contact,0.0019540628614386243,-4.5937138561375716e-05,4.5937138561375716e-05,0.0001515538494419982,0.0001515538494419982,0.0,0.0001515538494419982,300.9333367801328,300.94008123043943,-1.0221474063438881e-06
339,363,contact,0.001921987072381081,-7.80129276189191e-05,7.80129276189191e-05,0.00019750054128902925,0.00019750054128902925,0.0,0.00019750054128902925,300.3787807239744,300.36144348436005,3.4241142082887584e-06
339,390,contact,0.0019192148133286172,-8.078518667138288e-05,8.078518667138288e-05,0.00020097908681176616,0.00020097908681176616,0.0,0.00020097908681176616,300.3787807239744,300.2915337301302,1.7534821149877e-05
339,429,contact,0.0020967484460468785,-0.00015325155395312174,0.00015325155395312174,0.00029178716934810336,0.00029178716934810336,0.0,0.00029178716934810336,300.3787807239744,300.3855187910542,-1.9660815200991765e-06
339,453,contact,0.0020862902415771404,-0.00016370975842285983,0.00016370975842285983,0.00030157895448866735,0.00030157895448866735,0.0,0.00030157895448866735,300.3787807239744,300.4531452295813,-2.2426769852002373e-05
340,355,contact,0.00190933065879119,-9.066934120880994e-05,9.066934120880994e-05,0.00021291939931440012,0.00021291939931440012,0.0,0.00021291939931440012,300.14702120952023,300.1181138548672,6.154936588491256e-06
340,441,contact,0.0021581793640937253,-9.182063590627496e-05,9.182063590627496e-05,0.00022585717697778607,0.00022585717697778607,0.0,0.00022585717697778607,300.14702120952023,300.15953514151926,-2.826361354191533e-06
341,344,contact,0.0019510661881904474,-4.893381180955266e-05,4.893381180955266e-05,0.00015641900749198076,0.00015641900749198076,0.0,0.00015641900749198076,300.7688945440279,300.72493667180794,6.8758467441036595e-06
341,361,contact,0.0019215998387541564,-7.840016124584367e-05,7.840016124584367e-05,0.00019799010233575274,0.00019799010233575274,0.0,0.00019799010233575274,300.7688945440279,300.6806636144106,1.7468850784104276e-05
342,448,contact,0.002238081885632342,-1.1918114367658224e-05,1.1918114367658224e-05,8.13706006411346e-05,8.13706006411346e-05,0.0,8.13706006411346e-05,300.68120954907806,300.7406733669322,-4.838606575205023e-06
342,487,contact,0.002181177503750898,-6.882249624910221e-05,6.882249624910221e-05,0.00019553700452443808,0.00019553700452443808,0.0,0.00019553700452443808,300.68120954907806,300.60688151218363,1.4533881686518438e-05
343,420,contact,0.0022369804120308105,-1.3019587969189794e-05,1.3019587969189794e-05,8.504765974045178e-05,8.504765974045178e-05,0.0,8.504765974045178e-05,300.25205652639374,300.3321921455379,-6.815346870060404e-06
343,441,contact,0.0022129632995739005,-3.703670042609977e-05,3.703670042609977e-05,0.00014344317579155356,0.00014344317579155356,0.0,0.00014344317579155356,300.25205652639374,300.15953514151926,1.3271561275029091e-05
344,361,contact,0.0019519725622047053,-4.8027437795294774e-05,4.8027437795294774e-05,0.00015496360507437668,0.00015496360507437668,0.0,0.00015496360507437668,300.72493667180794,300.6806636144106,6.860712581955609e-06
344,432,contact,0.0021515192836691,-9.848071633090016e-05,9.848071633090016e-05,0.00023390491459719762,0.00023390491459719762,0.0,0.00023390491459719762,300.72493667180794,300.6582454393118,1.559940704138487e-05
344,473,contact,0.002168948092509361,-8.105190749063945e-05,8.105190749063945e-05,0.00021219999409707743,0.00021219999409707743,0.0,0.00021219999409707743,300.72493667180794,300.71176513297945,2.7950004616544585e-06
345,378,contact,0.0019443634999659922,-5.563650003400787e-05,5.563650003400787e-05,0.00016678803919047654,0.00016678803919047654,0.0,0.00016678803919047654,300.1376135180605,300.0641623913989,1.2250769392221195e-05
345,392,contact,0.0019913251328951783,-8.67486710482172e-06,8.67486710482172e-06,6.585919489646727e-05,6.585919489646727e-05,0.0,6.585919489646727e-05,300.1376135180605,300.18328878581474,-3.0081363609744257e-06
345,436,contact,0.002132427297260096,-0.00011757270273990428,0.00011757270273990428,0.0002555741931197978,0.0002555741931197978,0.0,0.0002555741931197978,300.1376135180605,300.25630669420013,-3.0334912720711847e-05
346,408,contact,0.002170508551650038,-7.94914483499623e-05,7.94914483499623e-05,0.00021014736674528913,0.00021014736674528913,0.0,0.00021014736674528913,300.54888487726674,300.4331413391015,2.4323199763209664e-05
346,409,contact,0.0021357662040176585,-0.00011423379598234171,0.00011423379598234171,0.00025191907428813296,0.00025191907428813296,0.0,0.00025191907428813296,300.54888487726674,300.54403699801105,1.2212732543545913e-06
347,415,contact,0.0021665984572257365,-8.340154277426378e-05,8.340154277426378e-05,0.00021525378145376806,0.00021525378145376806,0.0,0.00021525378145376806,300.81751642140875,300.7445512733997,1.5706024023287305e-05
347,421,contact,0.002232108935761524,-1.789106423847643e-05,1.789106423847643e-05,9.969694143998053e-05,9.969694143998053e-05,0.0,9.969694143998053e-05,300.81751642140875,300.92808677758995,-1.1023526325194812e-05
347,486,contact,0.002205901752836921,-4.409824716307929e-05,4.409824716307929e-05,0.00015652164770954438,0.00015652164770954438,0.0,0.00015652164770954438,300.81751642140875,300.76995360166393,7.444610916172201e-06
348,435,contact,0.0021914313957776548,-5.8568604222345496e-05,5.8568604222345496e-05,0.00018038324050991713,0.00018038324050991713,0.0,0.00018038324050991713,300.0692459701528,300.07941717714095,-1.834715276421673e-06
349,435,contact,0.0022058190657667284,-4.418093423327191e-05,4.418093423327191e-05,0.00015666832309988143,0.00015666832309988143,0.0,0.00015666832309988143,300.16491661394366,300.07941717714095,1.3395053389864307e-05
351,408,contact,0.0021977751781745098,-5.222482182549049e-05,5.222482182549049e-05,0.0001703343473966724,0.0001703343473966724,0.0,0.0001703343473966724,300.36343247625075,300.4331413391015,-1.1873813661445933e-05
351,429,contact,0.0022291884164646106,-2.0811583535389633e-05,2.0811583535389633e-05,0.00010752669832648187,0.00010752669832648187,0.0,0.00010752669832648187,300.36343247625075,300.3855187910542,-2.3748685090153083e-06
351,430,contact,0.002191837611434753,-5.816238856524731e-05,5.816238856524731e-05,0.00017975660792250188,0.00017975660792250188,0.0,0.00017975660792250188,300.36343247625075,300.2958150381378,1.2154681311595617e-05
352,408,contact,0.0021328193328081025,-0.0001171806671918978,0.0001171806671918978,0.0002551477428122096,0.0002551477428122096,0.0,0.0002551477428122096,300.51352746991324,300.4331413391015,2.0510339830024047e-05
352,426,contact,0.0021406727562380944,-0.00010932724376190583,0.00010932724376190583,0.0002464495032364708,0.0002464495032364708,0.0,0.0002464495032364708,300.51352746991324,300.5347396012645,-5.227719234105422e-06
352,444,contact,0.002178915202577649,-7.108479742235115e-05,7.108479742235115e-05,0.00019872482009937364,0.00019872482009937364,0.0,0.00019872482009937364,300.51352746991324,300.58397490468906,-1.3999653802286205e-05
353,382,contact,0.001982469653173284,-1.7530346826716194e-05,1.7530346826716194e-05,9.362250484449824e-05,9.362250484449824e-05,0.0,9.362250484449824e-05,300.9302825163055,300.94008123043943,-9.173801614729424e-07
353,403,contact,0.002217672089803179,-3.232791019682109e-05,3.232791019682109e-05,0.00013401473840344967,0.00013401473840344967,0.0,0.00013401473840344967,300.9302825163055,300.89800371181457,4.3258355398298225e-06
353,495,contact,0.002046204658849158,-0.00020379534115084206,0.00020379534115084206,0.000336481253523417,0.000336481253523417,0.0,0.000336481253523417,300.9302825163055,300.78371229139304,4.931813300775575e-05
354,400,contact,0.0019254565655189423,-7.454343448105773e-05,7.454343448105773e-05,0.00019305884398423416,0.00019305884398423416,0.0,0.00019305884398423416,300.7802048302027,300.67369169443066,2.056330286128726e-05
354,448,contact,0.0020482239871278058,-0.0002017760128721945,0.0002017760128721945,0.00033481007292044984,0.00033481007292044984,0.0,0.00033481007292044984,300.7802048302027,300.7406733669322,1.323553210025516e-05
354,490,contact,0.0021501035976538426,-9.989640234615762e-05,9.989640234615762e-05,0.00023558013775235997,0.00023558013775235997,0.0,0.00023558013775235997,300.7802048302027,300.77071654212625,2.2352522120852046e-06
356,385,contact,0.00189703675994958,-0.00010296324005042005,0.00010296324005042005,0.00022689561482146372,0.00022689561482146372,0.0,0.00022689561482146372,300.6122506728947,300.60619335494266,1.3743788808911616e-06
356,460,contact,0.002222183528739244,-2.7816471260756065e-05,2.7816471260756065e-05,0.0001243124898989015,0.0001243124898989015,0.0,0.0001243124898989015,300.6122506728947,300.61577289497995,-4.378561973980815e-07
357,441,contact,0.002229387907206818,-2.061209279318214e-05,2.061209279318214e-05,0.0001070101054241092,0.0001070101054241092,0.0,0.0001070101054241092,300.06008954243845,300.15953514151926,-1.0641684041601088e-05
358,382,contact,0.0019249313504859015,-7.50686495140985e-05,7.50686495140985e-05,0.0001937377731807849,0.0001937377731807849,0.0,0.0001937377731807849,300.8740279975719,300.94008123043943,-1.279700624715016e-05
358,497,contact,0.002139045389537118,-0.00011095461046288242,0.00011095461046288242,0.00024827696279992813,0.00024827696279992813,0.0,0.00024827696279992813,300.8740279975719,300.92034861548836,-1.1500342331319233e-05
359,392,contact,0.001998946271539083,-1.0537284609170132e-06,1.0537284609170132e-06,2.2953523268956047e-05,2.2953523268956047e-05,0.0,2.2953523268956047e-05,300.21409424222475,300.18328878581474,7.070937605179192e-07
359,465,contact,0.0021857289363047747,-6.42710636952256e-05,6.42710636952256e-05,0.00018896070093367973,0.00018896070093367973,0.0,0.00018896070093367973,300.21409424222475,300.33234421835886,-2.2344598375692164e-05
360,374,contact,0.001986321170908673,-1.3678829091326884e-05,1.3678829091326884e-05,8.270075299332795e-05,8.270075299332795e-05,0.0,8.270075299332795e-05,300.5438010997924,300.663998559422,-9.940420419252564e-06
360,375,contact,0.0019359396076840821,-6.406039231591793e-05,6.406039231591793e-05,0.0001789698191259045,0.0001789698191259045,0.0,0.0001789698191259045,300.5438010997924,300.63174631776354,-1.5739539753283047e-05
360,380,contact,0.0019345632269843235,-6.543677301567652e-05,6.543677301567652e-05,0.00018088224486620643,0.00018088224486620643,0.0,0.00018088224486620643,300.5438010997924,300.45396451649,1.6249842858853244e-05
361,498,contact,0.0021858922094650513,-6.410779053494901e-05,6.410779053494901e-05,0.00018872053196746449,0.00018872053196746449,0.0,0.00018872053196746449,300.6806636144106,300.6869720227564,-1.1905261788824321e-06
363,399,contact,0.0018539485943520658,-0.0001460514056479342,0.0001460514056479342,0.00027023268274575357,0.00027023268274575357,0.0,0.00027023268274575357,300.36144348436005,300.3852823009794,-6.442027368526071e-06
363,411,contact,0.002141065336252026,-0.00010893466374797432,0.00010893466374797432,0.0002460066211258622,0.0002460066211258622,0.0,0.0002460066211258622,300.36144348436005,300.3173163019428,1.0855579046270209e-05
363,414,contact,0.0021313693960691086,-0.00011863060393089162,0.00011863060393089162,0.0002567214269840318,0.0002567214269840318,0.0,0.0002567214269840318,300.36144348436005,300.26984044910387,2.351646192703632e-05
363,496,contact,0.0021503483716365586,-9.965162836344165e-05,9.965162836344165e-05,0.00023529134229178,0.00023529134229178,0.0,0.00023529134229178,300.36144348436005,300.3315929351044,7.023575802503455e-06
364,447,contact,0.0021035763974716964,-0.00014642360252830385,0.00014642360252830385,0.0002852129833108193,0.0002852129833108193,0.0,0.0002852129833108193,300.2516381753528,300.1714665943947,2.2865975781806934e-05
364,484,contact,0.002189246822631015,-6.0753177368985146e-05,6.0753177368985146e-05,0.0001837165349253892,0.0001837165349253892,0.0,0.0001837165349253892,300.2516381753528,300.30320785537543,-9.4742029209675e-06
364,493,contact,0.0022036306362228685,-4.636936377713178e-05,4.636936377713178e-05,0.00016050158146872605,0.00016050158146872605,0.0,0.00016050158146872605,300.2516381753528,300.24871663189134,4.689123458953016e-07
365,466,contact,0.0021965465448574055,-5.34534551425948e-05,5.34534551425948e-05,0.0001723263298747705,0.0001723263298747705,0.0,0.0001723263298747705,300.2885465036391,300.18069393151444,1.858583792179846e-05
368,411,contact,0.00221664350875372,-3.335649124628021e-05,3.335649124628021e-05,0.00013613002617244744,0.00013613002617244744,0.0,0.00013613002617244744,300.40316053596587,300.3173163019428,1.1685977824312417e-05
368,453,contact,0.002089319797469981,-0.00016068020253001908,0.00016068020253001908,0.00029877546616705985,0.00029877546616705985,0.0,0.00029877546616705985,300.40316053596587,300.4531452295813,-1.4934200136171543e-05
368,474,contact,0.002167565488768448,-8.243451123155247e-05,8.243451123155247e-05,0.00021400222121322905,0.00021400222121322905,0.0,0.00021400222121322905,300.40316053596587,300.38783222477923,3.280292641387648e-06
368,496,contact,0.0021156222189701065,-0.00013437778102989373,0.00013437778102989373,0.00027322943251850706,0.00027322943251850706,0.0,0.00027322943251850706,300.40316053596587,300.3315929351044,1.95543749700829e-05
369,402,contact,0.002122806034568396,-0.0001271939654316043,0.0001271939654316043,0.00026582572134514944,0.00026582572134514944,0.0,0.00026582572134514944,300.34047640198304,300.28143115605803,1.5695745090016447e-05
369,468,contact,0.0021742762378264453,-7.572376217355493e-05,7.572376217355493e-05,0.0002051066960464384,0.0002051066960464384,0.0,0.0002051066960464384,300.34047640198304,300.32810077567166,2.5383238242329115e-06
369,484,contact,0.0022043196920818907,-4.568030791810961e-05,4.568030791810961e-05,0.00015930457885256856,0.00015930457885256856,0.0,0.00015930457885256856,300.34047640198304,300.30320785537543,5.937050121772055e-06
370,416,contact,0.0021810279920028543,-6.897200799714596e-05,6.897200799714596e-05,0.00019574928408716248,0.00019574928408716248,0.0,0.00019574928408716248,300.61598093754674,300.69165932664794,-1.4813990487429458e-05
371,460,contact,0.002202679410649675,-4.7320589350325053e-05,4.7320589350325053e-05,0.00016213949643975134,0.00016213949643975134,0.0,0.00016213949643975134,300.53860935718933,300.61577289497995,-1.2511257160881663e-05
372,416,contact,0.002138127760565303,-0.00011187223943469717,0.00011187223943469717,0.00024930151249117466,0.00024930151249117466,0.0,0.00024930151249117466,300.8249545055279,300.69165932664794,3.323068970255618e-05
372,491,contact,0.00224877271959618,-1.2272804038203008e-06,1.2272804038203008e-06,2.6111730056946318e-05,2.6111730056946318e-05,0.0,2.6111730056946318e-05,300.8249545055279,300.74028716541625,2.2108107296350794e-06
373,402,contact,0.0021488088044774945,-0.00010119119552250578,0.00010119119552250578,0.00023710194188541887,0.00023710194188541887,0.0,0.00023710194188541887,300.4016201981953,300.28143115605803,2.8497055284095046e-05
374,412,contact,0.0021081430033454526,-0.00014185699665454762,0.00014185699665454762,0.00028073019535821184,0.00028073019535821184,0.0,0.00028073019535821184,300.663998559422,300.66137463993743,7.366134295055826e-07
375,423,contact,0.002192347303325822,-5.7652696674178466e-05,5.7652696674178466e-05,0.00017896724820508123,0.00017896724820508123,0.0,0.00017896724820508123,300.63174631776354,300.5653979436133,1.1874185944554242e-05
376,446,contact,0.0021446296870322396,-0.00010537031296776068,0.00010537031296776068,0.00024194847129061807,0.00024194847129061807,0.0,0.00024194847129061807,300.8075562313771,300.9205862730751,-2.734744579875535e-05
376,499,contact,0.002168903462789434,-8.109653721056608e-05,8.109653721056608e-05,0.00021225840803993566,0.00021225840803993566,0.0,0.00021225840803993566,300.8075562313771,300.84941564507074,-8.885012512100855e-06
377,396,contact,0.0017858508414758494,-0.0002141491585241507,0.0002141491585241507,0.0003272225225470816,0.0003272225225470816,0.0,0.0003272225225470816,300.1644424482648,300.05915921466436,3.445104528065614e-05
377,402,contact,0.0021139525723393136,-0.00013604742766068663,0.00013604742766068663,0.0002749216329355277,0.0002749216329355277,0.0,0.0002749216329355277,300.1644424482648,300.28143115605803,-3.216272658152705e-05
377,418,contact,0.0021464785934408944,-0.00010352140655910591,0.00010352140655910591,0.00023981637252872584,0.00023981637252872584,0.0,0.00023981637252872584,300.1644424482648,300.07574231808707,2.1271743462055188e-05
377,447,contact,0.0020893540179682335,-0.00016064598203176673,0.00016064598203176673,0.0002987436489624942,0.0002987436489624942,0.0,0.0002987436489624942,300.1644424482648,300.1714665943947,-2.0984190456859023e-06
378,392,contact,0.001949332719701795,-5.066728029820512e-05,5.066728029820512e-05,0.00015916544898030653,0.00015916544898030653,0.0,0.00015916544898030653,300.0641623913989,300.18328878581474,-1.896080605260283e-05
380,424,contact,0.002131833578341246,-0.0001181664216587542,0.0001181664216587542,0.0002562186801008881,0.0002562186801008881,0.0,0.0002562186801008881,300.45396451649,300.45196985197595,5.110703090286947e-07
380,438,contact,0.0021801315016530547,-6.986849834694558e-05,6.986849834694558e-05,0.0001970173403915751,0.0001970173403915751,0.0,0.0001970173403915751,300.45396451649,300.37789786136017,1.4986450086157789e-05
382,403,contact,0.0021591687121420124,-9.083128785798786e-05,9.083128785798786e-05,0.00022463709975819007,0.00022463709975819007,0.0,0.00022463709975819007,300.94008123043943,300.89800371181457,9.452171748910845e-06
382,475,contact,0.002154554173552617,-9.544582644738318e-05,9.544582644738318e-05,0.00023027257573891665,0.00023027257573891665,0.0,0.00023027257573891665,300.94008123043943,300.92507023420904,3.4566207663784435e-06
383,424,contact,0.0021863573336072663,-6.3642666392734e-05,6.3642666392734e-05,0.00018803466936938046,0.00018803466936938046,0.0,0.00018803466936938046,300.41363106470857,300.45196985197595,-7.209021187844424e-06
383,456,contact,0.0022088373124791246,-4.1162687520875704e-05,4.1162687520875704e-05,0.0001512222197093398,0.0001512222197093398,0.0,0.0001512222197093398,300.41363106470857,300.34858652903824,9.836179064029789e-06
383,476,contact,0.0021377232786541846,-0.00011227672134581567,0.00011227672134581567,0.00024975178938944746,0.00024975178938944746,0.0,0.00024975178938944746,300.41363106470857,300.5272187002944,-2.8368715240073992e-05
384,417,contact,0.002137200120461349,-0.00011279987953865134,0.00011279987953865134,0.000250332977739041,0.000250332977739041,0.0,0.000250332977739041,300.35609373602,300.4518259620474,-2.396493320702448e-05
385,457,contact,0.00223860032645401,-1.1399673545990294e-05,1.1399673545990294e-05,7.958110309611577e-05,7.958110309611577e-05,0.0,7.958110309611577e-05,300.60619335494266,300.58577101556233,1.6252322956900484e-06
385,460,contact,0.002226015638220002,-2.3984361779998218e-05,2.3984361779998218e-05,0.00011543242799721551,0.00011543242799721551,0.0,0.00011543242799721551,300.60619335494266,300.61577289497995,-1.1057895656013314e-06
385,498,contact,0.002196615652543703,-5.338434745629731e-05,5.338434745629731e-05,0.00017221489717516908,0.00017221489717516908,0.0,0.00017221489717516908,300.60619335494266,300.6869720227564,-1.391128997148653e-05
387,396,contact,0.0018730673676352375,-0.0001269326323647625,0.0001269326323647625,0.000251925219425093,0.000251925219425093,0.0,0.000251925219425093,300.05839348981783,300.05915921466436,-1.929053999814928e-07
387,467,contact,0.0021275980907463103,-0.00012240190925368998,0.00012240190925368998,0.00026077012999286257,0.00026077012999286257,0.0,0.00026077012999286257,300.05839348981783,300.1655494795656,-2.7943081376035335e-05
388,412,contact,0.0021372393040095853,-0.00011276069599041498,0.00011276069599041498,0.00025028949459732843,0.00025028949459732843,0.0,0.00025028949459732843,300.650895350528,300.66137463993743,-2.622856050025786e-06
389,419,contact,0.002112060666647622,-0.00013793933335237837,0.00013793933335237837,0.0002768265936891605,0.0002768265936891605,0.0,0.0002768265936891605,300.82122532267994,300.8268229145443,-1.5495622886803235e-06
389,481,contact,0.002094261507596413,-0.0001557384924035874,0.0001557384924035874,0.0002941451761777841,0.0002941451761777841,0.0,0.0002941451761777841,300.82122532267994,300.82182076636116,-1.7514688651650265e-07
389,483,contact,0.0021084038272826205,-0.0001415961727173798,0.0001415961727173798,0.0002804719957474263,0.0002804719957474263,0.0,0.0002804719957474263,300.82122532267994,300.9094185803121,-2.4735738979557735e-05
390,411,contact,0.0021349413052353457,-0.00011505869476465458,0.00011505869476465458,0.0002528270102095003,0.0002528270102095003,0.0,0.0002528270102095003,300.2915337301302,300.3173163019428,-6.518530546894628e-06
390,414,contact,0.0022162968136962163,-3.370318630378398e-05,3.370318630378398e-05,0.00013683564006131992,0.00013683564006131992,0.0,0.00013683564006131992,300.2915337301302,300.26984044910387,2.9684139942679758e-06
391,423,contact,0.0021887873319717476,-6.121266802825267e-05,6.121266802825267e-05,0.0001844099720554008,0.0001844099720554008,0.0,0.0001844099720554008,300.6488515924606,300.5653979436133,1.5389685051851147e-05
391,473,contact,0.0021356324184887256,-0.00011436758151127466,0.00011436758151127466,0.0002520665493159326,0.0002520665493159326,0.0,0.0002520665493159326,300.6488515924606,300.71176513297945,-1.5858399063841596e-05
391,476,contact,0.0021815222452452785,-6.847775475472178e-05,6.847775475472178e-05,0.0001950466536138381,0.0001950466536138381,0.0,0.0001950466536138381,300.6488515924606,300.5272187002944,2.372408858638814e-05
392,436,contact,0.0021099562709686664,-0.00014004372903133385,0.00014004372903133385,0.000278930227268531,0.000278930227268531,0.0,0.000278930227268531,300.18328878581474,300.25630669420013,-2.0366901780611133e-05
393,450,contact,0.002072690882907773,-0.00017730911709222747,0.00017730911709222747,0.00031385516572335955,0.00031385516572335955,0.0,0.00031385516572335955,300.93081636810905,300.9278479295608,9.316597724965068e-07
393,451,contact,0.002096431458857885,-0.00015356854114211525,0.00015356854114211525,0.0002920887813492056,0.0002920887813492056,0.0,0.0002920887813492056,300.93081636810905,300.8100363551483,3.527848679703859e-05
394,450,contact,0.0022123124457001995,-3.768755429980073e-05,3.768755429980073e-05,0.00014469806552458108,0.00014469806552458108,0.0,0.00014469806552458108,300.92066466533345,300.9278479295608,-1.0394044378516135e-06
395,435,contact,0.002135742089391881,-0.00011425791060811928,0.00011425791060811928,0.0002519456628015468,0.0002519456628015468,0.0,0.0002519456628015468,300.09581346815486,300.07941717714095,4.130974406985297e-06
395,467,contact,0.0021931155301077965,-5.688446989220381e-05,5.688446989220381e-05,0.0001777708729613672,0.0001777708729613672,0.0,0.0001777708729613672,300.09581346815486,300.1655494795656,-1.2397031625328536e-05
396,454,contact,0.0022205744260663718,-2.942557393362851e-05,2.942557393362851e-05,0.00012785750300329686,0.00012785750300329686,0.0,0.00012785750300329686,300.05915921466436,300.0786856007819,-2.496594971667882e-06
397,446,contact,0.0022177161545742547,-3.228384542574561e-05,3.228384542574561e-05,0.0001339233724223288,0.0001339233724223288,0.0,0.0001339233724223288,300.92332962990724,300.9205862730751,3.673995987163004e-07
399,443,contact,0.0021531674751630444,-9.683252483695583e-05,9.683252483695583e-05,0.00023193931777868565,0.00023193931777868565,0.0,0.00023193931777868565,300.3852823009794,300.32250499930876,1.4560524521470684e-05
400,444,contact,0.002146527765379241,-0.0001034722346207593,0.0001034722346207593,0.00023975941022055992,0.00023975941022055992,0.0,0.00023975941022055992,300.67369169443066,300.58397490468906,2.1510444595328268e-05
400,492,contact,0.0021480505836688293,-0.00010194941633117098,0.00010194941633117098,0.00023798858087821845,0.00023798858087821845,0.0,0.00023798858087821845,300.67369169443066,300.64249204474504,7.425160352577823e-06
401,409,contact,0.0024545235853419703,-4.5476414658029724e-05,4.5476414658029724e-05,0.00016859050732846313,0.00016859050732846313,0.0,0.00016859050732846313,300.52844361075773,300.54403699801105,-2.628897068006117e-06
401,464,contact,0.002455179706946113,-4.482029305388725e-05,4.482029305388725e-05,0.0001673698992013783,0.0001673698992013783,0.0,0.0001673698992013783,300.52844361075773,300.56032351927,-5.33573707424955e-06
402,447,contact,0.0024900357794417336,-9.964220558266422e-06,9.964220558266422e-06,7.891538410802113e-05,7.891538410802113e-05,0.0,7.891538410802113e-05,300.28143115605803,300.1714665943947,8.677895621932056e-06
402,455,contact,0.002471657211669936,-2.83427883300642e-05,2.83427883300642e-05,0.00013309486356088323,0.00013309486356088323,0.0,0.00013309486356088323,300.28143115605803,300.30346417088185,-2.9324811018111114e-06
402,484,contact,0.0024419175871638246,-5.80824128361755e-05,5.80824128361755e-05,0.0001905295463244735,0.0001905295463244735,0.0,0.0001905295463244735,300.28143115605803,300.30320785537543,-4.14910464138861e-06
403,495,contact,0.0024824683260086123,-1.7531673991387758e-05,1.7531673991387758e-05,0.00010467710468205236,0.00010467710468205236,0.0,0.00010467710468205236,300.89800371181457,300.78371229139304,1.1963694979724227e-05
404,406,contact,0.0024904374921888724,-9.562507811127635e-06,9.562507811127635e-06,7.730826205493674e-05,7.730826205493674e-05,0.0,7.730826205493674e-05,300.77638560163325,300.77614935827006,1.8263563830245218e-08
404,475,contact,0.0024535812828598118,-4.641871714018827e-05,4.641871714018827e-05,0.000170328207331075,0.000170328207331075,0.0,0.000170328207331075,300.77638560163325,300.92507023420904,-2.532518692431451e-05
405,452,contact,0.00245879149764676,-4.120850235324021e-05,4.120850235324021e-05,0.00016048462222523107,0.00016048462222523107,0.0,0.00016048462222523107,300.9243004786739,300.9324533253705,-1.3084065221623444e-06
405,471,contact,0.0024612997482021566,-3.8700251797843446e-05,3.8700251797843446e-05,0.00015552381609789593,0.00015552381609789593,0.0,0.00015552381609789593,300.9243004786739,300.9239222047212,5.88306086573888e-08
405,499,contact,0.0024165142660865883,-8.348573391341171e-05,8.348573391341171e-05,0.0002284263200594063,0.0002284263200594063,0.0,0.0002284263200594063,300.9243004786739,300.84941564507074,1.7105666968231776e-05
406,452,contact,0.002264058486899134,-0.00023594151310086598,0.00023594151310086598,0.0003840096947839224,0.0003840096947839224,0.0,0.0003840096947839224,300.77614935827006,300.9324533253705,-6.002223869975145e-05
406,488,contact,0.0023300443352005126,-0.00016995566479948744,0.00016995566479948744,0.00032591761305532363,0.00032591761305532363,0.0,0.00032591761305532363,300.77614935827006,300.71437482571514,2.013340819790818e-05
406,492,contact,0.0023139529792975486,-0.00018604702070245142,0.00018604702070245142,0.00034099763626604826,0.00034099763626604826,0.0,0.00034099763626604826,300.77614935827006,300.64249204474504,4.557682798170212e-05
407,473,contact,0.0024300989312577375,-6.990106874226257e-05,6.990106874226257e-05,0.00020901714753558884,0.00020901714753558884,0.0,0.00020901714753558884,300.8305843024206,300.71176513297945,2.4835243869140555e-05
407,497,contact,0.002380654066953029,-0.00011934593304697115,0.00011934593304697115,0.00027311391058376536,0.00027311391058376536,0.0,0.00027311391058376536,300.8305843024206,300.92034861548836,-2.4515882572797656e-05
408,429,contact,0.002408881946318665,-9.111805368133526e-05,9.111805368133526e-05,0.00023863944257149642,0.00023863944257149642,0.0,0.00023863944257149642,300.4331413391015,300.3855187910542,1.1364618319838701e-05
410,415,contact,0.0024478871625138276,-5.211283748617242e-05,5.211283748617242e-05,0.00018047305457839893,0.00018047305457839893,0.0,0.00018047305457839893,300.8364203015632,300.7445512733997,1.6579884133815956e-05
410,421,contact,0.002379969678985077,-0.00012003032101492311,0.00012003032101492311,0.0002738958755336176,0.0002738958755336176,0.0,0.0002738958755336176,300.8364203015632,300.92808677758995,-2.5107069708434516e-05
410,482,contact,0.002418385748986295,-8.161425101370487e-05,8.161425101370487e-05,0.00022585151512346678,0.00022585151512346678,0.0,0.00022585151512346678,300.8364203015632,300.7683834259778,1.536623143522758e-05
412,434,contact,0.0024117626030143928,-8.823739698560727e-05,8.823739698560727e-05,0.00023483690748262834,0.00023483690748262834,0.0,0.00023483690748262834,300.66137463993743,300.72080677377244,-1.3956858514905735e-05
413,431,contact,0.0024143608917746007,-8.563910822539933e-05,8.563910822539933e-05,0.00023135350146663997,0.00023135350146663997,0.0,0.00023135350146663997,300.92589148018186,300.87985770773616,1.0650074441030366e-05
413,439,contact,0.0024178111247311735,-8.218887526882657e-05,8.218887526882657e-05,0.00022664520079414125,0.00022664520079414125,0.0,0.00022664520079414125,300.92589148018186,300.9192968604168,1.4946389208115103e-06
413,482,contact,0.002309167000110646,-0.0001908329998893542,0.0001908329998893542,0.00034535579469707235,0.00034535579469707235,0.0,0.00034535579469707235,300.92589148018186,300.7683834259778,5.439631923083695e-05
414,429,contact,0.0024384527844721546,-6.154721552784547e-05,6.154721552784547e-05,0.00019613008363049108,0.00019613008363049108,0.0,0.00019613008363049108,300.26984044910387,300.3855187910542,-2.268800288095725e-05
414,430,contact,0.0024708238032890967,-2.9176196710903324e-05,2.9176196710903324e-05,0.00013503748718157702,0.00013503748718157702,0.0,0.00013503748718157702,300.26984044910387,300.2958150381378,-3.5075432337149465e-06
415,482,contact,0.002288988130703172,-0.0002110118692968282,0.0002110118692968282,0.000363156189965857,0.000363156189965857,0.0,0.000363156189965857,300.7445512733997,300.7683834259778,-8.654793728951001e-06
416,486,contact,0.0024629600766963313,-3.703992330366876e-05,3.703992330366876e-05,0.0001521510830220836,0.0001521510830220836,0.0,0.0001521510830220836,300.69165932664794,300.76995360166393,-1.191255873811202e-05
416,491,contact,0.0024834148347990513,-1.658516520094879e-05,1.658516520094879e-05,0.00010181222053659862,0.00010181222053659862,0.0,0.00010181222053659862,300.69165932664794,300.74028716541625,-4.950908244897486e-06
418,458,contact,0.0023132237721413813,-0.00018677622785861873,0.00018677622785861873,0.0003416652490547388,0.0003416652490547388,0.0,0.0003416652490547388,300.07574231808707,300.12306998967665,-1.6170220700836427e-05
419,450,contact,0.0023796867352027656,-0.00012031326479723442,0.00012031326479723442,0.0002742185086719558,0.0002742185086719558,0.0,0.0002742185086719558,300.8268229145443,300.9278479295608,-2.770292895638364e-05
419,483,contact,0.002387448837587938,-0.0001125511624120619,0.0001125511624120619,0.00026522533157211564,0.00026522533157211564,0.0,0.00026522533157211564,300.8268229145443,300.9094185803121,-2.1906462839676263e-05
420,438,contact,0.0024454615149087913,-5.4538485091208764e-05,5.4538485091208764e-05,0.0001846254402351027,0.0001846254402351027,0.0,0.0001846254402351027,300.3321921455379,300.37789786136017,-8.438437904951485e-06
420,484,contact,0.002455088733732449,-4.4911266267550886e-05,4.4911266267550886e-05,0.0001675396711743798,0.0001675396711743798,0.0,0.0001675396711743798,300.3321921455379,300.30320785537543,4.85601844303819e-06
421,500,contact,0.00248624075735763,-1.3759242642370079e-05,1.3759242642370079e-05,9.273363279566535e-05,9.273363279566535e-05,0.0,9.273363279566535e-05,300.92808677758995,300.935649899841,-7.013558016168906e-07
422,436,contact,0.0024580906685881215,-4.190933141187854e-05,4.190933141187854e-05,0.00016184354214000658,0.00016184354214000658,0.0,0.00016184354214000658,300.31636280169306,300.25630669420013,9.719693163796135e-06
423,476,contact,0.0024221587696309265,-7.784123036907358e-05,7.784123036907358e-05,0.00022056919318134838,0.00022056919318134838,0.0,0.00022056919318134838,300.5653979436133,300.5272187002944,8.421164895122712e-06
424,442,contact,0.0023561613814951214,-0.0001438386185048787,0.0001438386185048787,0.00029983184715028056,0.00029983184715028056,0.0,0.00029983184715028056,300.45196985197595,300.4139702466789,1.1393491847194735e-05
424,474,contact,0.002456585099268699,-4.341490073130104e-05,4.341490073130104e-05,0.0001647249615482218,0.0001647249615482218,0.0,0.0001647249615482218,300.45196985197595,300.38783222477923,1.0565068173773011e-05
424,476,contact,0.0024219143843796174,-7.808561562038267e-05,7.808561562038267e-05,0.00022091516417561553,0.00022091516417561553,0.0,0.00022091516417561553,300.45196985197595,300.5272187002944,-1.6623611680293703e-05
425,440,contact,0.002436578790538077,-6.34212094619232e-05,6.34212094619232e-05,0.0001990935858175798,0.0001990935858175798,0.0,0.0001990935858175798,300.21422279687823,300.2728103903939,-1.1664414077454276e-05
425,463,contact,0.002436714817766031,-6.328518223396896e-05,6.328518223396896e-05,0.00019887996102229758,0.00019887996102229758,0.0,0.00019887996102229758,300.21422279687823,300.20030126399166,2.7687139178517304e-06
425,467,contact,0.002473134719339001,-2.6865280660999264e-05,2.6865280660999264e-05,0.00012957932093171558,0.00012957932093171558,0.0,0.00012957932093171558,300.21422279687823,300.1655494795656,6.307055404866859e-06
425,468,contact,0.0024766229495827574,-2.3377050417242636e-05,2.3377050417242636e-05,0.00012087454864766465,0.00012087454864766465,0.0,0.00012087454864766465,300.21422279687823,300.32810077567166,-1.3764949287563625e-05
426,429,contact,0.0023400015341020607,-0.00015999846589793932,0.00015999846589793932,0.0003162262499954931,0.0003162262499954931,0.0,0.0003162262499954931,300.5347396012645,300.3855187910542,4.7187537234090765e-05
426,492,contact,0.002405596226821949,-9.440377317805095e-05,9.440377317805095e-05,0.00024290401033388032,0.00024290401033388032,0.0,0.00024290401033388032,300.5347396012645,300.64249204474504,-2.6173500644696843e-05
428,496,contact,0.0024800223720361884,-1.9977627963811608e-05,1.9977627963811608e-05,0.00011174084963603175,0.00011174084963603175,0.0,0.00011174084963603175,300.383372820667,300.3315929351044,5.785928406816151e-06
429,430,contact,0.0023344476675650713,-0.00016555233243492878,0.00016555233243492878,0.0003216678531837313,0.0003216678531837313,0.0,0.0003216678531837313,300.3855187910542,300.2958150381378,2.885481362314897e-05
431,462,contact,0.0023791035267445807,-0.00012089647325541934,0.00012089647325541934,0.000274882330797447,0.000274882330797447,0.0,0.000274882330797447,300.87985770773616,300.8943913739819,-3.995048052653268e-06
431,490,contact,0.002374629186818951,-0.00012537081318104906,0.00012537081318104906,0.0002799227719178196,0.0002799227719178196,0.0,0.0002799227719178196,300.87985770773616,300.77071654212625,3.0551097607868544e-05
431,500,contact,0.002369954979002766,-0.00013004502099723397,0.00013004502099723397,0.00028509320953553285,0.00028509320953553285,0.0,0.00028509320953553285,300.87985770773616,300.935649899841,-1.5905975114189536e-05
432,473,contact,0.002448672333326776,-5.132766667322389e-05,5.132766667322389e-05,0.000179108323845557,0.000179108323845557,0.0,0.000179108323845557,300.6582454393118,300.71176513297945,-9.585822625535865e-06
433,455,contact,0.0024067519685252153,-9.324803147478479e-05,9.324803147478479e-05,0.00024141255077510053,0.00024141255077510053,0.0,0.00024141255077510053,300.29355534950366,300.30346417088185,-2.392113844083626e-06
433,493,contact,0.002456812179878633,-4.318782012136717e-05,4.318782012136717e-05,0.00016429360174959488,0.00016429360174959488,0.0,0.00016429360174959488,300.29355534950366,300.24871663189134,7.366714414361367e-06
435,445,contact,0.002488056488506641,-1.1943511493358889e-05,1.1943511493358889e-05,8.639846458907303e-05,8.639846458907303e-05,0.0,8.639846458907303e-05,300.07941717714095,300.080054735505,-5.508406373718379e-08
436,496,contact,0.0023679990137033427,-0.00013200098629665737,0.00013200098629665737,0.00028722920540121065,0.00028722920540121065,0.0,0.00028722920540121065,300.25630669420013,300.3315929351044,-2.1624407152583477e-05
437,464,contact,0.002366586325448536,-0.00013341367455146393,0.00013341367455146393,0.00028876209341716747,0.00028876209341716747,0.0,0.00028876209341716747,300.641163719066,300.56032351927,2.334358532535516e-05
437,485,contact,0.0024616631972306856,-3.833680276931449e-05,3.833680276931449e-05,0.00015479180123902415,0.00015479180123902415,0.0,0.00015479180123902415,300.641163719066,300.6481658243435,-1.0838684883662718e-06
438,442,contact,0.002334194181366241,-0.00016580581863375908,0.00016580581863375908,0.0003219140205801845,0.0003219140205801845,0.0,0.0003219140205801845,300.37789786136017,300.4139702466789,-1.1612206589870753e-05
438,484,contact,0.0023972488647614376,-0.00010275113523856242,0.00010275113523856242,0.0002534155865847669,0.0002534155865847669,0.0,0.0002534155865847669,300.37789786136017,300.30320785537543,1.8927611678641335e-05
439,446,contact,0.0024418777592049934,-5.8122240795006625e-05,5.8122240795006625e-05,0.00019059485957622033,0.00019059485957622033,0.0,0.00019059485957622033,300.9192968604168,300.9205862730751,-2.457554245462381e-07
439,490,contact,0.002494786993537524,-5.2130064624759595e-06,5.2130064624759595e-06,5.7080023117089523e-05,5.7080023117089523e-05,0.0,5.7080023117089523e-05,300.9192968604168,300.77071654212625,8.480968002769435e-06
440,467,contact,0.0023953728796369043,-0.00010462712036309572,0.00010462712036309572,0.0002557184980147796,0.0002557184980147796,0.0,0.0002557184980147796,300.2728103903939,300.1655494795656,2.7428599012710543e-05
440,468,contact,0.002383669910641992,-0.00011633008935800796,0.00011633008935800796,0.00026964106854994284,0.00026964106854994284,0.0,0.00026964106854994284,300.2728103903939,300.32810077567166,-1.4908558566836402e-05
441,461,contact,0.0023228378429585436,-0.00017716215704145647,0.00017716215704145647,0.00033275568838249826,0.00033275568838249826,0.0,0.00033275568838249826,300.15953514151926,300.1973587066782,-1.2586006461540265e-05
442,465,contact,0.0023721373615159815,-0.00012786263848401855,0.00012786263848401855,0.00028269090726889607,0.00028269090726889607,0.0,0.00028269090726889607,300.4139702466789,300.33234421835886,2.307493600255011e-05
442,474,contact,0.0024189210725031936,-8.107892749680641e-05,8.107892749680641e-05,0.00022510959483217058,0.00022510959483217058,0.0,0.00022510959483217058,300.4139702466789,300.38783222477923,5.8839195195489314e-06
443,449,contact,0.0024199048782338516,-8.009512176614846e-05,8.009512176614846e-05,0.00022373969496681357,0.00022373969496681357,0.0,0.00022373969496681357,300.32250499930876,300.3716977613735,-1.1006373578945107e-05
445,467,contact,0.0023608125952730773,-0.0001391874047269228,0.0001391874047269228,0.00029494427940600365,0.00029494427940600365,0.0,0.00029494427940600365,300.080054735505,300.1655494795656,-2.5216185679957646e-05
446,499,contact,0.002432328346790375,-6.76716532096249e-05,6.76716532096249e-05,0.000205656955282372,0.000205656955282372,0.0,0.000205656955282372,300.9205862730751,300.84941564507074,1.4636734660915387e-05
447,454,contact,0.0023483912562645946,-0.00015160874373540542,0.00015160874373540542,0.0003078237561245532,0.0003078237561245532,0.0,0.0003078237561245532,300.1714665943947,300.0786856007819,2.8560193950857647e-05
447,455,contact,0.0024222925526244756,-7.770744737552442e-05,7.770744737552442e-05,0.00022037956940175457,0.00022037956940175457,0.0,0.00022037956940175457,300.1714665943947,300.30346417088185,-2.908956906831361e-05
447,479,contact,0.0024395247469128083,-6.047525308719177e-05,6.047525308719177e-05,0.00019441459096347386,0.00019441459096347386,0.0,0.00019441459096347386,300.1714665943947,300.0964554973656,1.45832517466376e-05
448,482,contact,0.0023085072969345364,-0.00019149270306546362,0.00019149270306546362,0.00034595222129062093,0.00034595222129062093,0.0,0.00034595222129062093,300.7406733669322,300.7683834259778,-9.586356478920612e-06
451,481,contact,0.002375290737762433,-0.00012470926223756692,0.00012470926223756692,0.00027918325325577704,0.00027918325325577704,0.0,0.00027918325325577704,300.8100363551483,300.82182076636116,-3.29001026010162e-06
451,488,contact,0.002339792640235455,-0.00016020735976454486,0.00016020735976454486,0.0003164326150270236,0.0003164326150270236,0.0,0.0003164326150270236,300.8100363551483,300.71437482571514,3.0270427916027902e-05
452,471,contact,0.0024288392101578073,-7.116078984219275e-05,7.116078984219275e-05,0.00021089213748115522,0.00021089213748115522,0.0,0.00021089213748115522,300.9324533253705,300.9239222047212,1.7991462688423605e-06
452,475,contact,0.0023662725645622485,-0.00013372743543775155,0.00013372743543775155,0.0002891014478493574,0.0002891014478493574,0.0,0.0002891014478493574,300.9324533253705,300.92507023420904,2.1344623443771514e-06
453,487,contact,0.0023279400594731817,-0.00017205994052681833,0.00017205994052681833,0.00032792905151764375,0.00032792905151764375,0.0,0.00032792905151764375,300.4531452295813,300.60688151218363,-5.041459333762857e-05
454,479,contact,0.002436949780217065,-6.305021978293517e-05,6.305021978293517e-05,0.00019851042129907052,0.00019851042129907052,0.0,0.00019851042129907052,300.0786856007819,300.0964554973656,-3.5275096572657544e-06
456,493,contact,0.0024271001816571144,-7.289981834288561e-05,7.289981834288561e-05,0.00021345347611201722,0.00021345347611201722,0.0,0.00021345347611201722,300.34858652903824,300.24871663189134,2.1317576704955976e-05
457,488,contact,0.0023708763105020894,-0.00012912368949791067,0.00012912368949791067,0.00028408151283776666,0.00028408151283776666,0.0,0.00028408151283776666,300.58577101556233,300.71437482571514,-3.653396494491138e-05
458,480,contact,0.002410219296993533,-8.978070300646708e-05,8.978070300646708e-05,0.00023688169912224524,0.00023688169912224524,0.0,0.00023688169912224524,300.12306998967665,300.0823418819137,9.647743368923657e-06
460,498,contact,0.0024294251416744662,-7.057485832553381e-05,7.057485832553381e-05,0.00021002210943959836,0.00021002210943959836,0.0,0.00021002210943959836,300.61577289497995,300.6869720227564,-1.4953391005864094e-05
464,485,contact,0.002466237775276342,-3.37622247236582e-05,3.37622247236582e-05,0.0001452631765186428,0.0001452631765186428,0.0,0.0001452631765186428,300.56032351927,300.6481658243435,-1.2760252267693334e-05
465,474,contact,0.0024529343426394432,-4.706565736055683e-05,4.706565736055683e-05,0.0001715110371094176,0.0001715110371094176,0.0,0.0001715110371094176,300.33234421835886,300.38783222477923,-9.516805528292671e-06
466,467,contact,0.0024133308519629416,-8.666914803705846e-05,8.666914803705846e-05,0.0002327406658131783,0.0002327406658131783,0.0,0.0002327406658131783,300.18069393151444,300.1655494795656,3.5247298299525207e-06
472,485,contact,0.002406218253941234,-9.378174605876623e-05,9.378174605876623e-05,0.0002421024396546406,0.0002421024396546406,0.0,0.0002421024396546406,300.67865986685496,300.6481658243435,7.382682086957687e-06
472,495,contact,0.002356197407052304,-0.00014380259294769588,0.00014380259294769588,0.0002997942971310661,0.0002997942971310661,0.0,0.0002997942971310661,300.67865986685496,300.78371229139304,-3.149411777631017e-05
483,486,contact,0.0024555526701335486,-4.4447329866451404e-05,4.4447329866451404e-05,0.00016667207674512288,0.00016667207674512288,0.0,0.00016667207674512288,300.9094185803121,300.76995360166393,2.3244917624503655e-05
485,495,contact,0.0024032943587916984,-9.670564120830161e-05,9.670564120830161e-05,0.00024584756609571815,0.00024584756609571815,0.0,0.00024584756609571815,300.6481658243435,300.78371229139304,-3.332376901700551e-05
487,492,contact,0.0023625503293051775,-0.0001374496706948226,0.0001374496706948226,0.00029309732885897155,0.00029309732885897155,0.0,0.00029309732885897155,300.60688151218363,300.64249204474504,-1.0437351972993726e-05
488,498,contact,0.0023612240426736297,-0.00013877595732637036,0.00013877595732637036,0.00029450801912508505,0.00029450801912508505,0.0,0.00029450801912508505,300.71437482571514,300.6869720227564,8.070345217859777e-06
