<?xml version="1.0"?>
<VTKFile type="PolyData" version="0.1" byte_order="LittleEndian">
<PolyData>
<Piece NumberOfPoints="2694" NumberOfVerts="0" NumberOfLines="1347" NumberOfStrips="0" NumberOfPolys="0">
<CellData>
<DataArray type="Int32" Name="edge_kind" format="ascii">0 0 0 0 0 0 0 0 0 0 0 0 0 0 0 0 0 0 0 0 0 0 0 0 0 0 0 0 0 0 0 0 0 0 0 0 0 0 0 0 0 0 0 0 0 0 0 0 0 0 0 0 0 0 0 0 0 0 0 0 0 0 0 0 0 0 0 0 0 0 0 0 0 0 0 0 0 0 0 0 0 0 0 0 0 0 0 0 0 0 0 0 0 0 0 0 0 0 0 0 0 0 0 0 0 0 0 0 0 0 0 0 0 0 0 0 0 0 0 0 0 0 0 0 0 0 0 0 0 0 0 0 0 0 0 0 0 0 0 0 0 0 0 0 0 0 0 0 0 0 0 0 0 0 0 0 0 0 0 0 0 0 0 0 0 0 0 0 0 0 0 0 0 0 0 0 0 0 0 0 0 0 0 0 0 0 0 0 0 0 0 0 0 0 0 0 0 0 0 0 0 0 0 0 0 0 0 0 0 0 0 0 0 0 0 0 0 0 0 0 0 0 0 0 0 0 0 0 0 0 0 0 0 0 0 0 0 0 0 0 0 0 0 0 0 0 0 0 0 0 0 0 0 0 0 0 0 0 0 0 0 0 0 0 0 0 0 0 0 0 0 0 0 0 0 0 0 0 0 0 0 0 0 0 0 0 0 0 0 0 0 0 0 0 0 0 0 0 0 0 0 0 0 0 0 0 0 0 0 0 0 0 0 0 0 0 0 0 0 0 0 0 0 0 0 0 0 0 0 0 0 0 0 0 0 0 0 0 0 0 0 0 0 0 0 0 0 0 0 0 0 0 0 0 0 0 0 0 0 0 0 0 0 0 0 0 0 0 0 0 0 0 0 0 0 0 0 0 0 0 0 0 0 0 0 0 0 0 0 0 0 0 0 0 0 0 0 0 0 0 0 0 0 0 0 0 0 0 0 0 0 0 0 0 0 0 0 0 0 0 0 0 0 0 0 0 0 0 0 0 0 0 0 0 0 0 0 0 0 0 0 0 0 0 0 0 0 0 0 0 0 0 0 0 0 0 0 0 0 0 0 0 0 0 0 0 0 0 0 0 0 0 0 0 0 0 0 0 0 0 0 0 0 0 0 0 0 0 0 0 0 0 0 0 0 0 0 0 0 0 0 0 0 0 0 0 0 0 0 0 0 0 0 0 0 0 0 0 0 0 0 0 0 0 0 0 0 0 0 0 0 0 0 0 0 0 0 0 0 0 0 0 0 0 0 0 0 0 0 0 0 0 0 0 0 0 0 0 0 0 0 0 0 0 0 0 0 0 0 0 0 0 0 0 0 0 0 0 0 0 0 0 0 0 0 0 0 0 0 0 0 0 0 0 0 0 0 0 0 0 0 0 0 0 0 0 0 0 0 0 0 0 0 0 0 0 0 0 0 0 0 0 0 0 0 0 0 0 0 0 0 0 0 0 0 0 0 0 0 0 0 0 0 0 0 0 0 0 0 0 0 0 0 0 0 0 0 0 0 0 0 0 0 0 0 0 0 0 0 0 0 0 0 0 0 0 0 0 0 0 0 0 0 0 0 0 0 0 0 0 0 0 0 0 0 0 0 0 0 0 0 0 0 0 0 0 0 0 0 0 0 0 0 0 0 0 0 0 0 0 0 0 0 0 0 0 0 0 0 0 0 0 0 0 0 0 0 0 0 0 0 0 0 0 0 0 0 0 0 0 0 0 0 0 0 0 0 0 0 0 0 0 0 0 0 0 0 0 0 0 0 0 0 0 0 0 0 0 0 0 0 0 0 0 0 0 0 0 0 0 0 0 0 0 0 0 0 0 0 0 0 0 0 0 0 0 0 0 0 0 0 0 0 0 0 0 0 0 0 0 0 0 0 0 0 0 0 0 0 0 0 0 0 0 0 0 0 0 0 0 0 0 0 0 0 0 0 0 0 0 0 0 0 0 0 0 0 0 0 0 0 0 0 0 0 0 0 0 0 0 0 0 0 0 0 0 0 0 0 0 0 0 0 0 0 0 0 0 0 0 0 0 0 0 0 0 0 0 0 0 0 0 0 0 0 0 0 0 0 0 0 0 0 0 0 0 0 0 0 0 0 0 0 0 0 0 0 0 0 0 0 0 0 0 0 0 0 0 0 0 0 0 0 0 0 0 0 0 0 0 0 0 0 0 0 0 0 0 0 0 0 0 0 0 0 0 0 0 0 0 0 0 0 0 0 0 0 0 0 0 0 0 0 0 0 0 0 0 0 0 0 0 0 0 0 0 0 0 0 0 0 0 0 0 0 0 0 0 0 0 0 0 0 0 0 0 0 0 0 0 0 0 0 0 0 0 0 0 0 0 0 0 0 0 0 0 0 0 0 0 0 0 0 0 0 0 0 0 0 0 0 0 0 0 0 0 0 0 0 0 0 0 0 0 0 0 0 0 0 0 0 0 0 0 0 0 0 0 0 0 0 0 0 0 0 0 0 0 0 0 0 0 0 0 0 0 0 0 0 0 0 0 0 0 0 0 0 0 0 0 0 0 0 0 0 0 0 0 0 0 0 0 0 0 0 0 0 0 0 0 0 0 0 0 0 0 0 0 0 0 0 0 0 0 0 0 0 0 0 0 0 0 0 0 0 0 0 0 0 0 0 0 0 0 0 0 0 0 0 0 0 0 0 0 0 0 0 0 0 0 0 0 0 0 0 0 0 0 0 0 0 0 0 0 0 0 0 0 0 0 0 0 0 0 0 0 0 0 0 0 0 0 0 0 0 0 0 0 0 0 0 0 0 0 0 0 0 0 0 0 0 0 0 0 0 0 0 0 0 0 0 0 0 0 0 0 0 0 0 0 0 0 0 0 0 0 0 0 0 0 0 0 0 0 0 0 0 0 0 0 0 0 0 0 0 0 0 0 0 0 0 0 0 0 0 0 0 0 0 0 0 0 0 0 0 0 0 0 0 0 0 0 0 0 0 0 0 0 0 0 0 0 0 0 0 0 0 0 0 0 0 0 0 0 0 0 0 0 0 0 0 0 0 0 0 0 0 0 0 0 0 0 0 0 0 0 0</DataArray>
<DataArray type="Float64" Name="conductance" format="ascii">0.00013585303503533953 0.00019585836640176552 0.00016789398538361242 0.00021915444806273163 4.8538061905633474e-05 0.00010777682775261463 0.00020218612142772462 0.00017849457454837387 9.259282303144304e-05 0.00020056604101577298 0.00013875322548875514 0.0001229194106227185 0.0001095365238826522 6.458517616942375e-05 6.742879763739993e-05 6.626113951516314e-05 7.027594504583873e-05 0.00020595402036119377 0.00018282009549018782 0.00018321365979479182 0.0002279870236193781 0.00010016718415619254 0.00010809000381453218 0.00013146616600104516 0.0001776300336552977 0.00016547543547081286 0.00013626405373297275 9.127227479759735e-05 0.00011504553746181333 7.340825282147361e-05 0.00011311228467158929 0.0001227177753771774 0.00011607642664141244 0.00019913005992928733 0.00021687439419067862 0.00020102468549660152 0.00019973746562966795 0.00015243400549487185 0.00019457508697905344 8.259858702658061e-05 0.00020120514398743733 8.103541331893738e-05 0.0001323519201353628 0.00018414305297497993 0.00015822517564783356 0.0001802832233423359 0.00010308763257757342 9.361660322467607e-05 0.00011245330025312583 0.00012054389694592059 0.0001538827044166252 0.0002694972794779198 0.00015711583425671635 0.0002452950932030149 0.00014012942496359119 0.00020249156941812483 0.00015003874495759828 6.668931603648649e-05 6.871806874454917e-05 0.00015094835380130846 9.672048144246876e-07 0.00013723994446441392 0.00014573922915742045 0.00011555699300390362 0.0001940017167882147 0.0001588268258562299 0.00016830027242059403 0.00020126794208523725 0.0001908540032395 0.0002617558790578978 0.00024221923283450453 0.00019777198667429502 8.673995348519611e-05 7.345252266376794e-05 0.00014122562711223145 8.274265758599092e-05 0.0001261455793678072 0.00012000730525543114 0.00010704501992286014 0.0001763027811204268 0.00018998067817243842 0.00015373486794752496 0.00015160237915098166 0.00015442213599739312 0.0001673153069634958 0.00014127423603534184 0.00010311208806245697 0.00015172930884729192 0.00014548790095700502 0.00015662242402148555 9.457155938361038e-05 0.0001764750062581892 0.00024322956088996373 0.00027261409834247334 0.00016409256835423798 0.00012698546789218515 9.454294396408472e-05 4.7032055640587684e-05 0.00011982736381003497 0.00015271505407492777 0.00011984160337210146 0.0001927346518568659 6.872252873555905e-05 0.00019645115668755423 0.0001653735472756702 0.00014081635096687531 0.00015708308791470693 0.00018715786274183083 0.000142857008282997 0.00016427184853708184 0.00021151196468902276 0.00020135339056408526 0.00021092790379966607 0.00017261789859470065 0.00020144867999710744 0.00012589449415401335 0.00021873736613324142 7.282917203712778e-05 0.0001243445406654129 0.00010180083592455971 0.00010785837060830218 0.00019894137222923258 0.000192938464386763 0.0001041087586987294 0.00019502814152370866 0.00017229581980367312 0.00026943407575894803 0.0002366186296460447 0.0001681995787617329 0.00013440133491221995 4.593632280109557e-06 0.00013433483090730434 0.00011217444581712076 7.16388933224095e-05 0.00010409356502773343 2.4088013959761238e-05 0.00013862260127742905 0.0002468346130308704 0.0002468315287547233 0.0001748034639806188 0.00019033712721869793 0.00019199507880645627 0.00014670004071595945 0.0001719432310861238 0.00010407415214321115 0.00016952663578191057 0.0001515390030041948 0.0001425593238497738 0.00017068261497566462 0.00021952738254396744 0.00020576134329965265 0.00011054366378142394 0.00022433525338779074 0.00022167638759448916 9.304240113785418e-05 9.008674029662064e-05 9.412370461431788e-05 0.0001069373114229472 9.796962117569447e-05 8.561901301350212e-05 0.00013922195852125255 0.000137840470585976 0.00012358826348025126 0.00017851584691278585 0.00020652848253460262 3.581359004345956e-05 0.00020198264927535282 0.00014665484790079569 0.00020830912148594668 0.00023245584937130193 0.00023786374809629072 6.286014511674117e-05 8.908735126077372e-05 9.419761929076176e-05 0.00010674170434938853 0.00010458336619771001 0.0001370804542777949 0.00010124119753000062 0.0001417462510218434 0.0001613594386520758 0.00014534606305304193 0.000157729218860615 0.00010448214566893371 0.00011548692256160251 0.00016543549271757726 0.00013845857873767044 0.00015918115096034377 0.0002122313951068345 0.00021585387423831987 0.00016408123154186126 0.00016337630948718 0.0001600658214055556 0.0001871331497383352 0.00019829431902731835 0.00011619847857798329 0.00019927928090799986 0.0002127370722673036 0.00022243308753646225 0.00020446116621157263 0.0001520176536315335 0.00010071568589501234 0.00012306807521698585 0.00016356246443688323 0.00021961768451790728 0.00017260946137350968 0.0002820986110431274 0.00021113065788310923 0.00025404884523317055 0.0002240413684068626 0.00021980042956269992 0.00015411235179401973 0.00010924964206280849 0.00011820010097564898 0.00012257153182209952 0.00013870356972120443 0.00013743792733709868 0.0001318565304804568 0.00018598190411563554 0.00019164142161516516 0.0001093474574107073 8.42006653731256e-05 0.0001320958797963897 0.0001379591269185046 0.00022599950188563096 7.237803670521804e-05 0.00019988086569269002 0.00022063728097080254 0.00013350174701788704 6.582646153335627e-05 0.00014710620114417007 0.00016702761782160427 0.00018032754825009418 0.00015752649013175583 0.00017814224664364857 0.0002714451170744789 0.00021996770995742995 0.0002801320032309803 0.0002476195952217889 0.00019782409561922712 5.656629614715068e-05 0.0002090005572509451 0.00019290926312733143 0.00020554908810160435 0.00023453681123225176 0.00022517597297916044 0.00022832805516793115 0.00021752870833622248 0.00012134201918627447 0.00013777375114403323 8.74426147448522e-05 4.176480088095484e-05 0.00023732093753455754 0.0002656027456016095 5.020104387637229e-05 8.614447122303762e-05 9.292719541068679e-05 0.0001242177260554852 0.00014167899950131424 0.00010187457276269686 0.00011461047068894317 0.00017460711563683983 0.00017405398918743584 0.00019209536646457357 0.00019198790343453485 0.00018141873556961295 0.00012937256803585695 0.00011239804895670896 0.00010479646302275869 0.00016979364074265986 0.00016511403982236248 0.0001572723422500537 1.3003114022317689e-06 1.7738732753076839e-06 0.00017157362282517642 6.005276755800121e-05 0.00017748080339725984 0.00010145966075793593 0.00017759758706808272 0.0001387819011139571 0.00015795065877887676 0.0001503707318546692 6.79024073039926e-05 0.0001419795699579261 0.00020347008787814576 0.00019793876175216196 0.00017971756404499246 0.00019603029450413024 0.00020204643721668546 0.0001544615154906577 0.00014260149727898222 0.00014578074113149233 0.00019997479947867188 0.0001611572467443985 0.0003212927434072018 0.00016458806554984083 0.000326652244485098 0.00018422736919900502 0.0001889110946645383 0.00014097662207503608 6.955532393150528e-05 0.000180571831637957 0.0001763646009158885 0.0001430803045914463 9.725977196924197e-05 0.00014806781548310665 0.00014303744921023373 0.0001413209008910268 0.00011858308539321472 0.00013152649118483423 0.00010300548056711902 8.248786207051713e-05 0.0002462180293755848 0.000249550832427747 0.0002519175401798559 0.00022667799259153446 0.00013675197832251608 0.0001357092204172942 0.0001709794868144624 0.00014480308127559445 0.00020766944393896543 0.0002381615478675421 0.00012114938774416996 0.00019710041420384832 0.0001732364089853216 0.00014973473870000083 0.00010996298816240488 0.00015335739586646045 0.00010521976619959 0.00013188012021554996 0.0001647654380605782 0.0001383602607145799 0.00014346748235476124 0.0001289460988165242 0.00016286680735106757 0.00015364538162112576 0.00017875018069891263 0.00015437111765707643 0.00018819679320626978 0.00014691166154688016 9.208323061870595e-05 0.00018210543710614618 8.082821739340733e-05 0.00012624094757139774 0.00019443635192916835 0.00018399266758619751 9.356565815928084e-05 0.00013854101650053412 0.0001643459530410745 0.00016268662473015232 0.00012580106137980162 0.00016775820496952543 0.0001770752182002086 0.00017326953843189636 0.00017324607576402396 0.00011324364734107845 0.00015431895346425378 0.00013357962488284877 0.0001258120132341038 5.8919535975395464e-05 0.00010138563918304997 0.00012936931396424162 0.00020129122137995572 0.00020236798953177676 0.000197448463426576 0.00015045831104584594 0.0002594374521661226 0.00026547332267838294 0.0002692030543814369 5.9894011994493567e-05 0.0001480484499202477 0.0001812395276553654 0.00013774936824033975 7.492862957244303e-05 0.00010042060907078106 9.989761962001474e-05 8.914846252064691e-05 0.0002332647257353743 0.00020555659109904994 0.00015693770985636618 3.075028017718332e-05 9.130740260373087e-05 0.0001015879147097178 9.434640867441153e-05 0.0001150068964967147 0.00020912715664618843 0.00020131518159234317 0.0002610128854996991 0.0003522546634498007 0.0003600930511784175 0.0002448743879544612 0.00025462130583045516 0.00014666339869980353 0.0001007989903695681 0.00024686790759012925 0.00011135124005284494 9.900205057199535e-05 4.996885137379891e-05 0.00010949919262922155 0.0001377168902136953 0.00013906619727085392 0.0002862365586891065 0.0002551927146225461 0.0002924353849180818 0.00024348535868160052 0.0002620534561551602 0.00024430841348807613 3.3510727080982806e-05 0.00015504791089281182 0.00024588464149110305 0.0002050799848679299 0.0002353715823645195 0.0002297869823996918 0.0002328448420000954 0.0001897880940617611 0.0002006795684974998 0.0002084849948275492 0.0001096046649311118 0.0002602367240501755 0.00022365970996738574 0.00021972457002112711 9.045618931656961e-05 0.00020763418914662653 0.00025333243339929686 0.000208203238000387 0.0002562774578753333 0.00021507711695748408 0.00024072434212418054 0.00024765217170392707 0.00013256628895267643 0.0001658964220519509 0.00024859109124417887 0.0002542174123292494 0.0001222819775270783 0.00029345641449846 0.000200261861416082 0.00026857719671985914 0.0001391447361028754 0.00020555302071439602 0.00013259493399538243 0.0002049922071344579 0.00020119644137578998 0.0002385187013369694 0.00023220629160186873 0.00024565493985313563 0.00018318363377346485 0.0002588111878235407 0.0003236067186179265 0.0002943906405855267 0.0003420490620845561 0.0002194565087355354 0.000207379337652323 0.00019189769710099296 0.00031026783979578893 0.00029464188400170474 2.3837010639825567e-05 0.000219019767849155 0.0002584070682608412 0.00012810863254992486 0.00021820276336879723 3.296419236912124e-05 0.0002063855564812519 0.0002036538949592499 0.00018142835498041577 0.00019872440500812527 0.0001948263774698079 0.00013368099032924838 0.00011372087163887311 0.00019743834452574263 1.0911568421585638e-05 0.00018310918134124425 0.00014378061292817627 0.0001718998155592877 0.00020418744413583343 0.0001804973261500654 0.00010610265843343876 0.0002249095866555075 0.00020920267559538467 0.00017656627530194085 0.00015463429981859872 0.0001838861099367791 0.00017410063943064505 0.00024338401180081613 1.0000000000000001e-07 0.00022878346585500744 0.00022345657548709035 0.000196261865588085 0.000179477995919663 0.0001334112627760182 0.00021571531704300576 0.0001638449616221113 0.00021857938093768856 0.00022211733459002488 0.00018486805940851913 0.00013644879313916178 0.00026645958227598993 0.00017716176295767526 0.00019125350652787794 0.00014998210821413844 0.00021450654286926793 0.00024163165729592108 0.00018896471016873362 0.0001762333991379003 0.0002675703103031346 0.0002054943023807258 0.00017266376588403424 0.00017945122201771128 0.0001773314267428943 0.00015064023086647945 0.0001836659013469289 0.00010125280904342775 7.954357069298295e-05 0.00021575900838165498 7.0802768908875e-05 0.00021752095929573802 0.0001389224535794978 0.00021308993555200999 0.00023901867889522963 0.0001391668102483284 0.00014729674653099614 0.00016785279023829724 8.006423153415251e-05 0.0002451863792879887 0.0002098864536953685 0.0001362701203123431 9.942564974148692e-05 0.00018905036015047418 0.000354834313473321 0.0002519208583929921 0.00023173076013186184 0.00024507193368384196 0.00027270684713359347 9.390287989486218e-05 0.00013581300907700595 0.00018260347280762518 0.000239542398788518 0.00021139484956825936 8.277593642980497e-05 0.00018671978400120032 0.00022831686565321827 7.98891208674458e-05 0.00019780877376789053 0.0002195073490224561 0.00018339341195212425 0.0002789012748475504 0.00020917233319019994 0.00018457282764056346 0.00019805980702140957 0.00018750570507688658 0.00016249595838251584 0.00016541020552746495 0.00017660285231168858 0.00018461933901904202 0.00016617396221535165 0.00023201387723889265 0.00017668098361549864 0.0002501280870313436 0.00014617741409334335 0.00019893709341462719 0.00014846671960489822 9.059074127940784e-05 0.0001382611479702731 0.00017096251666389825 0.00016278583923633479 0.00019618907565038528 0.00021113437288208562 8.79190994295947e-05 0.000269855961867888 0.00026115248616813424 0.00018030133679721512 0.0002499527653121321 6.328950075671566e-05 0.0001884771623094574 0.0001917103198761214 0.00024867523321779844 0.00029487026904429794 0.0001935731302784155 0.00022053100906322225 0.00024239899604114174 0.00011895365618946042 0.0002552113433137579 0.00020082142951187735 0.00011512414228117534 0.000145307810299554 0.00022987393520335252 0.00021014002600757786 0.00012976416798729135 0.00024141777155922746 0.00020569031831071434 0.00025918734033985496 0.0001913944577485586 0.0003023162491679625 0.0003136499956282402 0.00021709033039134614 0.00013215332709642767 0.00014156899507891283 0.00014816226734036818 0.00020501318995578158 0.00015343249381602586 0.00021175107732278027 0.000234850239428897 8.574210437116231e-05 0.00012857257087202424 0.00022784708736412837 0.00023941690853692083 0.0002764937748168609 0.00012610193062465377 0.00015234789904759461 0.00012136508895721132 8.451795755257699e-05 0.0001899799008066723 0.00019922729501390361 0.00020463685191559648 0.00011625648893805513 7.966576796390946e-05 0.00017394441413163934 0.00012109819981407333 7.86297667556323e-05 0.00019682880743250304 0.00015456768338016893 0.0002054921861803218 6.756604372592194e-05 0.00019103727754105537 0.00024186711065235454 0.0001744878651784948 0.0002069962239186784 0.000235517087056106 0.00010396724082127936 0.00023164353664929842 0.0001579522752123752 0.00018907759225028723 0.00015266485097727232 0.00016947822259018834 0.0002627510950703891 0.00015751803488958473 0.00020850924963107252 0.00014150243850435138 0.00022583668653371167 0.00017255497026550642 0.00021664820238013801 0.00013609844245552458 0.00020672895105632383 0.0001676821488799162 0.00018306471733128807 0.0001558311690603804 0.00016801704442002556 0.00021634654697858506 0.00024138745877496363 0.00024622520178724244 0.0001661745345128754 0.00013265657865025473 0.00015579858264493435 0.00016692035196631678 0.00022749789341865447 0.00011783800057827646 0.00022152273731979076 0.00016872331935237727 0.00022486776029261038 0.00017662659475550397 0.0001718709987876123 7.792727685245203e-05 0.0002409203780692369 0.00024388446946140547 0.00019778496504069883 0.000204639444365719 0.00029723005489069426 0.00022397634015963134 0.00019612075553208775 0.00021610346968523286 0.00019757113124566772 0.0001910095534969734 0.00019794799296339713 0.00017089588823877242 0.0002341139299246648 8.487720359043384e-05 0.0002468814482132774 0.00022659218534932165 0.00023995943344865548 0.0001784382396232142 0.0002487298061238184 0.00010351783395843134 0.00016304387489626292 0.0002615568795590151 0.00020344366404178842 0.00026090075742507947 9.703893368114272e-05 0.00019914948011373176 5.2403022755171926e-05 4.774661236607527e-05 0.0001646654558769703 0.0002016106121259071 0.000194071240708706 0.00010002362317569073 0.0001697881868896086 0.00024814383783631995 0.00025085926622400246 0.00023300515283966488 0.00026393097105226513 0.00022664894995493386 0.00020184212252769186 0.00022386638518824445 0.00017432681562651003 0.00024185903591733668 0.00011388798672489284 0.0001689471463455862 0.0001855570195000017 0.00022297907046576676 0.00017596783800932143 0.00016807134646655995 0.0001907838211255209 0.0002112554356973575 0.0001936958330505843 0.0002403356817076968 0.00023564427757552975 0.0002556178096185642 0.00022212620498749798 0.00021857022063351993 6.0271582109244785e-05 0.00022101780173992353 0.00020044122328482893 0.00017546976772140778 0.00018631248216146966 0.00018811888735069857 0.00017019820240536386 0.00015282914543626993 0.00022633916002259523 0.00019653289106633844 0.00016672302478453962 0.00020117423558949443 0.0001093965789563654 0.0001964937691870802 0.00018574063246363894 0.0002259698938129579 0.0002726405742647051 0.00022770913073796747 0.0002247940216153053 0.00024252373422483804 0.00019343132936212352 0.00016737100065061984 8.30860957715589e-05 7.843873242633944e-05 0.00013703673010774582 0.0001341827397627684 7.73467536383365e-05 8.640129396357587e-05 0.0002983844029274434 0.00011770606758619788 0.00017680188483622846 0.00026914099593463924 0.00017003383092615556 0.00017673538601164915 0.00015743048995402255 0.00019600139034063732 0.00022808124028459974 0.00023675243684714663 0.0002490536192068369 0.0001996370960301528 0.0001284652592247309 0.00011820507120492401 0.00021366704266610238 0.00024604493565842975 3.134072268776688e-05 3.132196465306556e-05 0.00024708006980246107 0.000214995474640516 0.0002306124756127605 0.000138089654364726 0.0002813324036895862 0.00016573567525821794 0.00025319913466852965 0.0002878733857618033 0.00024184027530847272 0.00026051276323286326 0.00026162608049697133 0.0002103527382397178 0.00030828034350976926 0.0001498153137646733 0.0001829164090229817 0.0002343258017793981 0.0002270697276050061 0.00010716282719741534 0.00026798409152748657 9.557505487792601e-05 0.00025174311742484444 0.00024684481544596745 8.615910586726768e-05 0.00013443343071329168 0.00017190840019685221 0.00020358213494247102 0.0001553142309231311 0.00018761023605280263 0.00017187443239787803 3.435529326359394e-05 0.0002786592207735544 0.00014320287447973842 0.00016914672299931665 0.00021384315608473373 0.0003026327027445354 0.00013752928515803413 0.0002027811687972645 9.90898595688029e-05 0.0001664983858686903 0.00022670382767047884 0.0002490739763594715 0.00010705954147583567 0.00018862695855825738 0.0001595411579875472 0.00016599521850939957 0.00013323308340860537 4.6850405155320765e-05 0.0001871378010079739 0.0001814146309317056 0.00023590936340085747 0.00016544166926507403 0.00011303693666062347 0.00027670490079442794 0.00019223794353544319 0.0001606273008466685 0.00017811712044305393 0.00024947674897364715 0.0002350852257350663 0.00025446981793457517 0.0002874619297878283 0.00028115024329696686 0.00027214724667448095 0.0001545994882933235 0.0002356924609989114 0.00020735128602171398 0.0002693587224315004 0.00021007395197248296 0.00025003542867921974 0.000267602555781529 0.00021537346351032004 0.00023750831334484927 0.00014117663054386 0.00018388316745613522 0.00024747801421826657 0.00016807093317915595 0.00013994391965645015 6.735177072296303e-05 0.00026711126001877187 0.00027635337028839317 0.0002480179657138497 0.0001979453094414513 0.00025778628899624266 0.00011054143007506315 0.0001620347485060657 0.0002128042682767334 0.00019041370529944359 0.00024005665338442991 0.00017442437984406054 0.00010149891555880958 0.0001410742786306588 0.0002619873559568353 0.00026168744456158067 0.00024824914696196937 0.00025976219704144677 0.0002558112144947095 0.00023740685861060762 0.00015192996394664462 0.00026648012962893235 0.000255040873438991 0.0002360873633223315 0.0002595315271879477 0.00020386207631712744 0.0003224405198761082 0.0002233486256366487 0.00018980390449352044 9.990737905838965e-05 0.00020041874369796045 0.00015312080240652853 0.00021029904590455186 0.00021536210574017045 0.00011479710040584369 0.00022775425036200076 0.00019402296674119095 0.00021471550177321015 0.00025574934704830274 0.0001425046722218198 0.00025292921212915603 0.00018809465925514625 0.00019070458612762667 0.00016026139382561904 0.00013242625817902037 0.00015658477807023314 0.0002212867515706799 0.00022009913425441465 0.00013428256945286732 0.00011238431330125038 0.00012128926708110396 0.00016430303792334966 0.00013541393794228447 0.00017006210412119028 0.00014739283780832496 0.00019793996256605787 0.0003092249764479567 0.00023359112641239044 0.00010875278661257008 0.0001246305042468369 0.00012958206425722941 0.00012636604885336337 0.0001438078292574785 0.00010198610504997112 0.00011883383271466947 0.00015968890464734752 0.00017370099510849243 0.0001208094726065097 0.00014334760768423021 0.0002540742334829476 6.832569790749434e-05 0.00023456630941978582 0.00026459506262844443 0.0001923745279792443 0.00021664736996946667 0.00017291670082148375 0.00026568412239560176 0.0002682326764841791 0.00025071808786201544 0.0002113558133883225 0.00013937041640833304 0.00022232714291609836 0.00020253637713365245 0.0002296870405644652 0.00017810221012350312 0.00022298107278962787 0.00017367743181133686 0.00025380301585866224 0.0002581413110265398 0.00026233513138786894 0.00026219050918648717 0.0002441827893951565 0.00019276468177188092 0.00024921678490118877 0.00019214046207979705 0.0001922092151458319 0.00020251719680918395 0.00022122023604112705 0.00010481918429641517 0.00020869748346104261 0.0001973579921005373 0.00024534548529557397 0.0001822624227372011 0.00015939867497450228 0.00015373382356295237 0.00028545685326248184 0.00029349496208666174 0.0002203149461498288 0.0001946629587749565 0.0001363065853765424 0.00013987619762039361 0.0002750138399201726 0.00016515806784883706 0.0002238188024297042 0.00022261055992547267 0.00013248702682778363 0.00016163907784344338 0.0001873546101970988 0.00024929431501913984 0.00019095280237814514 0.00016989734346077706 0.0001587552428875932 0.00018616777176981618 8.133699574974219e-05 0.0001947898297205163 9.38997908188426e-05 0.00011540403357099026 0.00019096308134607877 0.0002667815698597757 0.00013769180666557796 0.00017132234441868821 0.00019605517909426808 0.0001700884199286513 0.00023616415518814342 0.00016318143219494762 0.00019115109488219225 0.00020276708935163248 0.0001887279774793449 0.0001506500600470689 0.00017400755513615428 8.785720613449055e-05 0.0001533148755740664 0.00016390743181154182 0.00021033173599438573 0.0001923873853230676 0.00023474018726511806 0.0002450548705744395 0.00021732485777157477 0.0002747373824611569 0.00014438234464653234 0.00029431375826676485 0.00032390580046673514 0.0002513044143198236 0.00027750706222846486 0.00020977854403865647 0.00024818094590436907 0.00025528436101529176 0.00023679018741871327 0.00014571029681005485 0.00021653220966746592 0.0002795516695867091 0.00024110176161983983 0.00028549074961587936 0.00022216951269631483 8.81422404000195e-05 0.0001700909447258212 0.00010832720950438383 0.00010916649457434658 0.00021537675987019441 0.0001794096883950703 0.0001983764967658464 5.2725676310103136e-05 0.00017603525672449106 0.00022089266342632745 0.00028631631221569216 0.0002679479562252497 0.00011553483580123306 6.908357616970136e-05 0.00020241942251793786 0.0001531838662863135 0.0002068279203537889 0.00016610696434910845 0.00020312941763587158 0.00019265635502681253 0.00023094740458685448 0.0002111971141595366 8.611525541193424e-05 0.0001664099068431298 0.0002576147824240632 0.0002692992860374987 0.00016355669649942652 4.0034652087931304e-05 0.00019214535351533214 0.00023316103005801932 5.717233154896363e-05 5.689958809451774e-05 0.00025906813703191977 0.0001309647643097614 0.0002624396275371985 0.00014107821090758496 0.00014016634310291888 4.3258849740225244e-05 0.00024473875451006016 6.11984553054315e-05 7.054707425513066e-05 0.00026694636653509107 0.0002553363715088073 1.0540925533894598e-07 0.0002206049861876287 0.0002885509293061302 0.00014281341257241201 0.00018207801297107093 0.00031731531194177914 0.000273058942185413 0.00024005088259693744 0.00020003373471039448 0.0002473660020131574 0.0002001103119817319 0.0002486689187981679 0.000206157830357712 0.00020166311440954728 0.00026860597474145074 0.00011377877387781508 0.00012923453631631993 0.00013909274571894685 6.498660809595986e-05 0.0002714905425930862 0.00018037381236203095 0.00017738204847977498 0.0002005031190238607 0.00015386183076609652 0.00012257506056820595 0.00025461318990067125 0.0002054340603345236 0.00011585913356265725 0.0002858577358306124 0.00027321947754478356 0.0003061059206513047 0.0003248704418980267 0.00024193725824456512 0.00010192875392919337 7.723693926680667e-05 0.00010671404818225985 0.00026657878687402553 0.00026932000513288704 0.00022435221296051853 0.00022599122867816165 0.0002702512437598411 0.00020529671747307915 0.00023277248637491537 0.0002968892282525201 8.825722574557973e-05 0.00034346425611678075 0.0002386688672836314 0.00026473859257165335 0.000271279273905575 0.0002964954713677359 0.00022104343180859605 0.00019482891263093502 0.0001895054014584866 0.00011734052740085239 0.00019640449144351938 0.0002828089925976038 0.00017834344140886234 0.00026044068700246096 0.00021494814587433162 0.0003100398301186329 0.00021667825694145654 0.00019509293187058908 0.00021869369848920777 0.0002518266161690783 0.00021254973465651374 0.00017307469449601493 0.00025162890561167473 0.0001909250256507216 0.0002335530087817806 0.0001853433797718673 0.0002718020108376969 0.0002467175078880271 0.00020852492918040623 0.00011506337345776338 0.00020858372947733545 0.0002407695936548486 0.00017799270410318033 0.00022128901385966664 0.00021838264689115974 0.00023103957080938725 0.00024837348394201925 0.0002127357542034962 5.642832174172568e-05 0.00022334106675355524 0.0002575518514211569 0.00014344965343526954 0.0002191469706019225 0.0002837131861711884 0.00031703037302979097 0.00024113564164551947 2.7489521413079956e-05 0.00015379486037785196 0.0003134253830267017 9.120027907824906e-05 0.00025722196179152893 0.0001963081439453205 0.00021424007216453732 0.0001814534220867746 0.0001515538494419982 0.00019750054128902925 0.00020097908681176616 0.00029178716934810336 0.00030157895448866735 0.00021291939931440012 0.00022585717697778607 0.00015641900749198076 0.00019799010233575274 8.13706006411346e-05 0.00019553700452443808 8.504765974045178e-05 0.00014344317579155356 0.00015496360507437668 0.00023390491459719762 0.00021219999409707743 0.00016678803919047654 6.585919489646727e-05 0.0002555741931197978 0.00021014736674528913 0.00025191907428813296 0.00021525378145376806 9.969694143998053e-05 0.00015652164770954438 0.00018038324050991713 0.00015666832309988143 0.0001703343473966724 0.00010752669832648187 0.00017975660792250188 0.0002551477428122096 0.0002464495032364708 0.00019872482009937364 9.362250484449824e-05 0.00013401473840344967 0.000336481253523417 0.00019305884398423416 0.00033481007292044984 0.00023558013775235997 0.00022689561482146372 0.0001243124898989015 0.0001070101054241092 0.0001937377731807849 0.00024827696279992813 2.2953523268956047e-05 0.00018896070093367973 8.270075299332795e-05 0.0001789698191259045 0.00018088224486620643 0.00018872053196746449 0.00027023268274575357 0.0002460066211258622 0.0002567214269840318 0.00023529134229178 0.0002852129833108193 0.0001837165349253892 0.00016050158146872605 0.0001723263298747705 0.00013613002617244744 0.00029877546616705985 0.00021400222121322905 0.00027322943251850706 0.00026582572134514944 0.0002051066960464384 0.00015930457885256856 0.00019574928408716248 0.00016213949643975134 0.00024930151249117466 2.6111730056946318e-05 0.00023710194188541887 0.00028073019535821184 0.00017896724820508123 0.00024194847129061807 0.00021225840803993566 0.0003272225225470816 0.0002749216329355277 0.00023981637252872584 0.0002987436489624942 0.00015916544898030653 0.0002562186801008881 0.0001970173403915751 0.00022463709975819007 0.00023027257573891665 0.00018803466936938046 0.0001512222197093398 0.00024975178938944746 0.000250332977739041 7.958110309611577e-05 0.00011543242799721551 0.00017221489717516908 0.000251925219425093 0.00026077012999286257 0.00025028949459732843 0.0002768265936891605 0.0002941451761777841 0.0002804719957474263 0.0002528270102095003 0.00013683564006131992 0.0001844099720554008 0.0002520665493159326 0.0001950466536138381 0.000278930227268531 0.00031385516572335955 0.0002920887813492056 0.00014469806552458108 0.0002519456628015468 0.0001777708729613672 0.00012785750300329686 0.0001339233724223288 0.00023193931777868565 0.00023975941022055992 0.00023798858087821845 0.00016859050732846313 0.0001673698992013783 7.891538410802113e-05 0.00013309486356088323 0.0001905295463244735 0.00010467710468205236 7.730826205493674e-05 0.000170328207331075 0.00016048462222523107 0.00015552381609789593 0.0002284263200594063 0.0003840096947839224 0.00032591761305532363 0.00034099763626604826 0.00020901714753558884 0.00027311391058376536 0.00023863944257149642 0.00018047305457839893 0.0002738958755336176 0.00022585151512346678 0.00023483690748262834 0.00023135350146663997 0.00022664520079414125 0.00034535579469707235 0.00019613008363049108 0.00013503748718157702 0.000363156189965857 0.0001521510830220836 0.00010181222053659862 0.0003416652490547388 0.0002742185086719558 0.00026522533157211564 0.0001846254402351027 0.0001675396711743798 9.273363279566535e-05 0.00016184354214000658 0.00022056919318134838 0.00029983184715028056 0.0001647249615482218 0.00022091516417561553 0.0001990935858175798 0.00019887996102229758 0.00012957932093171558 0.00012087454864766465 0.0003162262499954931 0.00024290401033388032 0.00011174084963603175 0.0003216678531837313 0.000274882330797447 0.0002799227719178196 0.00028509320953553285 0.000179108323845557 0.00024141255077510053 0.00016429360174959488 8.639846458907303e-05 0.00028722920540121065 0.00028876209341716747 0.00015479180123902415 0.0003219140205801845 0.0002534155865847669 0.00019059485957622033 5.7080023117089523e-05 0.0002557184980147796 0.00026964106854994284 0.00033275568838249826 0.00028269090726889607 0.00022510959483217058 0.00022373969496681357 0.00029494427940600365 0.000205656955282372 0.0003078237561245532 0.00022037956940175457 0.00019441459096347386 0.00034595222129062093 0.00027918325325577704 0.0003164326150270236 0.00021089213748115522 0.0002891014478493574 0.00032792905151764375 0.00019851042129907052 0.00021345347611201722 0.00028408151283776666 0.00023688169912224524 0.00021002210943959836 0.0001452631765186428 0.0001715110371094176 0.0002327406658131783 0.0002421024396546406 0.0002997942971310661 0.00016667207674512288 0.00024584756609571815 0.00029309732885897155 0.00029450801912508505</DataArray>
<DataArray type="Float64" Name="g_contact" format="ascii">0.00013585303503533953 0.00019585836640176552 0.00016789398538361242 0.00021915444806273163 4.8538061905633474e-05 0.00010777682775261463 0.00020218612142772462 0.00017849457454837387 9.259282303144304e-05 0.00020056604101577298 0.00013875322548875514 0.0001229194106227185 0.0001095365238826522 6.458517616942375e-05 6.742879763739993e-05 6.626113951516314e-05 7.027594504583873e-05 0.00020595402036119377 0.00018282009549018782 0.00018321365979479182 0.0002279870236193781 0.00010016718415619254 0.00010809000381453218 0.00013146616600104516 0.0001776300336552977 0.00016547543547081286 0.00013626405373297275 9.127227479759735e-05 0.00011504553746181333 7.340825282147361e-05 0.00011311228467158929 0.0001227177753771774 0.00011607642664141244 0.00019913005992928733 0.00021687439419067862 0.00020102468549660152 0.00019973746562966795 0.00015243400549487185 0.00019457508697905344 8.259858702658061e-05 0.00020120514398743733 8.103541331893738e-05 0.0001323519201353628 0.00018414305297497993 0.00015822517564783356 0.0001802832233423359 0.00010308763257757342 9.361660322467607e-05 0.00011245330025312583 0.00012054389694592059 0.0001538827044166252 0.0002694972794779198 0.00015711583425671635 0.0002452950932030149 0.00014012942496359119 0.00020249156941812483 0.00015003874495759828 6.668931603648649e-05 6.871806874454917e-05 0.00015094835380130846 9.672048144246876e-07 0.00013723994446441392 0.00014573922915742045 0.00011555699300390362 0.0001940017167882147 0.0001588268258562299 0.00016830027242059403 0.00020126794208523725 0.0001908540032395 0.0002617558790578978 0.00024221923283450453 0.00019777198667429502 8.673995348519611e-05 7.345252266376794e-05 0.00014122562711223145 8.274265758599092e-05 0.0001261455793678072 0.00012000730525543114 0.00010704501992286014 0.0001763027811204268 0.00018998067817243842 0.00015373486794752496 0.00015160237915098166 0.00015442213599739312 0.0001673153069634958 0.00014127423603534184 0.00010311208806245697 0.00015172930884729192 0.00014548790095700502 0.00015662242402148555 9.457155938361038e-05 0.0001764750062581892 0.00024322956088996373 0.00027261409834247334 0.00016409256835423798 0.00012698546789218515 9.454294396408472e-05 4.7032055640587684e-05 0.00011982736381003497 0.00015271505407492777 0.00011984160337210146 0.0001927346518568659 6.872252873555905e-05 0.00019645115668755423 0.0001653735472756702 0.00014081635096687531 0.00015708308791470693 0.00018715786274183083 0.000142857008282997 0.00016427184853708184 0.00021151196468902276 0.00020135339056408526 0.00021092790379966607 0.00017261789859470065 0.00020144867999710744 0.00012589449415401335 0.00021873736613324142 7.282917203712778e-05 0.0001243445406654129 0.00010180083592455971 0.00010785837060830218 0.00019894137222923258 0.000192938464386763 0.0001041087586987294 0.00019502814152370866 0.00017229581980367312 0.00026943407575894803 0.0002366186296460447 0.0001681995787617329 0.00013440133491221995 4.593632280109557e-06 0.00013433483090730434 0.00011217444581712076 7.16388933224095e-05 0.00010409356502773343 2.4088013959761238e-05 0.00013862260127742905 0.0002468346130308704 0.0002468315287547233 0.0001748034639806188 0.00019033712721869793 0.00019199507880645627 0.00014670004071595945 0.0001719432310861238 0.00010407415214321115 0.00016952663578191057 0.0001515390030041948 0.0001425593238497738 0.00017068261497566462 0.00021952738254396744 0.00020576134329965265 0.00011054366378142394 0.00022433525338779074 0.00022167638759448916 9.304240113785418e-05 9.008674029662064e-05 9.412370461431788e-05 0.0001069373114229472 9.796962117569447e-05 8.561901301350212e-05 0.00013922195852125255 0.000137840470585976 0.00012358826348025126 0.00017851584691278585 0.00020652848253460262 3.581359004345956e-05 0.00020198264927535282 0.00014665484790079569 0.00020830912148594668 0.00023245584937130193 0.00023786374809629072 6.286014511674117e-05 8.908735126077372e-05 9.419761929076176e-05 0.00010674170434938853 0.00010458336619771001 0.0001370804542777949 0.00010124119753000062 0.0001417462510218434 0.0001613594386520758 0.00014534606305304193 0.000157729218860615 0.00010448214566893371 0.00011548692256160251 0.00016543549271757726 0.00013845857873767044 0.00015918115096034377 0.0002122313951068345 0.00021585387423831987 0.00016408123154186126 0.00016337630948718 0.0001600658214055556 0.0001871331497383352 0.00019829431902731835 0.00011619847857798329 0.00019927928090799986 0.0002127370722673036 0.00022243308753646225 0.00020446116621157263 0.0001520176536315335 0.00010071568589501234 0.00012306807521698585 0.00016356246443688323 0.00021961768451790728 0.00017260946137350968 0.0002820986110431274 0.00021113065788310923 0.00025404884523317055 0.0002240413684068626 0.00021980042956269992 0.00015411235179401973 0.00010924964206280849 0.00011820010097564898 0.00012257153182209952 0.00013870356972120443 0.00013743792733709868 0.0001318565304804568 0.00018598190411563554 0.00019164142161516516 0.0001093474574107073 8.42006653731256e-05 0.0001320958797963897 0.0001379591269185046 0.00022599950188563096 7.237803670521804e-05 0.00019988086569269002 0.00022063728097080254 0.00013350174701788704 6.582646153335627e-05 0.00014710620114417007 0.00016702761782160427 0.00018032754825009418 0.00015752649013175583 0.00017814224664364857 0.0002714451170744789 0.00021996770995742995 0.0002801320032309803 0.0002476195952217889 0.00019782409561922712 5.656629614715068e-05 0.0002090005572509451 0.00019290926312733143 0.00020554908810160435 0.00023453681123225176 0.00022517597297916044 0.00022832805516793115 0.00021752870833622248 0.00012134201918627447 0.00013777375114403323 8.74426147448522e-05 4.176480088095484e-05 0.00023732093753455754 0.0002656027456016095 5.020104387637229e-05 8.614447122303762e-05 9.292719541068679e-05 0.0001242177260554852 0.00014167899950131424 0.00010187457276269686 0.00011461047068894317 0.00017460711563683983 0.00017405398918743584 0.00019209536646457357 0.00019198790343453485 0.00018141873556961295 0.00012937256803585695 0.00011239804895670896 0.00010479646302275869 0.00016979364074265986 0.00016511403982236248 0.0001572723422500537 1.3003114022317689e-06 1.7738732753076839e-06 0.00017157362282517642 6.005276755800121e-05 0.00017748080339725984 0.00010145966075793593 0.00017759758706808272 0.0001387819011139571 0.00015795065877887676 0.0001503707318546692 6.79024073039926e-05 0.0001419795699579261 0.00020347008787814576 0.00019793876175216196 0.00017971756404499246 0.00019603029450413024 0.00020204643721668546 0.0001544615154906577 0.00014260149727898222 0.00014578074113149233 0.00019997479947867188 0.0001611572467443985 0.0003212927434072018 0.00016458806554984083 0.000326652244485098 0.00018422736919900502 0.0001889110946645383 0.00014097662207503608 6.955532393150528e-05 0.000180571831637957 0.0001763646009158885 0.0001430803045914463 9.725977196924197e-05 0.00014806781548310665 0.00014303744921023373 0.0001413209008910268 0.00011858308539321472 0.00013152649118483423 0.00010300548056711902 8.248786207051713e-05 0.0002462180293755848 0.000249550832427747 0.0002519175401798559 0.00022667799259153446 0.00013675197832251608 0.0001357092204172942 0.0001709794868144624 0.00014480308127559445 0.00020766944393896543 0.0002381615478675421 0.00012114938774416996 0.00019710041420384832 0.0001732364089853216 0.00014973473870000083 0.00010996298816240488 0.00015335739586646045 0.00010521976619959 0.00013188012021554996 0.0001647654380605782 0.0001383602607145799 0.00014346748235476124 0.0001289460988165242 0.00016286680735106757 0.00015364538162112576 0.00017875018069891263 0.00015437111765707643 0.00018819679320626978 0.00014691166154688016 9.208323061870595e-05 0.00018210543710614618 8.082821739340733e-05 0.00012624094757139774 0.00019443635192916835 0.00018399266758619751 9.356565815928084e-05 0.00013854101650053412 0.0001643459530410745 0.00016268662473015232 0.00012580106137980162 0.00016775820496952543 0.0001770752182002086 0.00017326953843189636 0.00017324607576402396 0.00011324364734107845 0.00015431895346425378 0.00013357962488284877 0.0001258120132341038 5.8919535975395464e-05 0.00010138563918304997 0.00012936931396424162 0.00020129122137995572 0.00020236798953177676 0.000197448463426576 0.00015045831104584594 0.0002594374521661226 0.00026547332267838294 0.0002692030543814369 5.9894011994493567e-05 0.0001480484499202477 0.0001812395276553654 0.00013774936824033975 7.492862957244303e-05 0.00010042060907078106 9.989761962001474e-05 8.914846252064691e-05 0.0002332647257353743 0.00020555659109904994 0.00015693770985636618 3.075028017718332e-05 9.130740260373087e-05 0.0001015879147097178 9.434640867441153e-05 0.0001150068964967147 0.00020912715664618843 0.00020131518159234317 0.0002610128854996991 0.0003522546634498007 0.0003600930511784175 0.0002448743879544612 0.00025462130583045516 0.00014666339869980353 0.0001007989903695681 0.00024686790759012925 0.00011135124005284494 9.900205057199535e-05 4.996885137379891e-05 0.00010949919262922155 0.0001377168902136953 0.00013906619727085392 0.0002862365586891065 0.0002551927146225461 0.0002924353849180818 0.00024348535868160052 0.0002620534561551602 0.00024430841348807613 3.3510727080982806e-05 0.00015504791089281182 0.00024588464149110305 0.0002050799848679299 0.0002353715823645195 0.0002297869823996918 0.0002328448420000954 0.0001897880940617611 0.0002006795684974998 0.0002084849948275492 0.0001096046649311118 0.0002602367240501755 0.00022365970996738574 0.00021972457002112711 9.045618931656961e-05 0.00020763418914662653 0.00025333243339929686 0.000208203238000387 0.0002562774578753333 0.00021507711695748408 0.00024072434212418054 0.00024765217170392707 0.00013256628895267643 0.0001658964220519509 0.00024859109124417887 0.0002542174123292494 0.0001222819775270783 0.00029345641449846 0.000200261861416082 0.00026857719671985914 0.0001391447361028754 0.00020555302071439602 0.00013259493399538243 0.0002049922071344579 0.00020119644137578998 0.0002385187013369694 0.00023220629160186873 0.00024565493985313563 0.00018318363377346485 0.0002588111878235407 0.0003236067186179265 0.0002943906405855267 0.0003420490620845561 0.0002194565087355354 0.000207379337652323 0.00019189769710099296 0.00031026783979578893 0.00029464188400170474 2.3837010639825567e-05 0.000219019767849155 0.0002584070682608412 0.00012810863254992486 0.00021820276336879723 3.296419236912124e-05 0.0002063855564812519 0.0002036538949592499 0.00018142835498041577 0.00019872440500812527 0.0001948263774698079 0.00013368099032924838 0.00011372087163887311 0.00019743834452574263 1.0911568421585638e-05 0.00018310918134124425 0.00014378061292817627 0.0001718998155592877 0.00020418744413583343 0.0001804973261500654 0.00010610265843343876 0.0002249095866555075 0.00020920267559538467 0.00017656627530194085 0.00015463429981859872 0.0001838861099367791 0.00017410063943064505 0.00024338401180081613 1.0000000000000001e-07 0.00022878346585500744 0.00022345657548709035 0.000196261865588085 0.000179477995919663 0.0001334112627760182 0.00021571531704300576 0.0001638449616221113 0.00021857938093768856 0.00022211733459002488 0.00018486805940851913 0.00013644879313916178 0.00026645958227598993 0.00017716176295767526 0.00019125350652787794 0.00014998210821413844 0.00021450654286926793 0.00024163165729592108 0.00018896471016873362 0.0001762333991379003 0.0002675703103031346 0.0002054943023807258 0.00017266376588403424 0.00017945122201771128 0.0001773314267428943 0.00015064023086647945 0.0001836659013469289 0.00010125280904342775 7.954357069298295e-05 0.00021575900838165498 7.0802768908875e-05 0.00021752095929573802 0.0001389224535794978 0.00021308993555200999 0.00023901867889522963 0.0001391668102483284 0.00014729674653099614 0.00016785279023829724 8.006423153415251e-05 0.0002451863792879887 0.0002098864536953685 0.0001362701203123431 9.942564974148692e-05 0.00018905036015047418 0.000354834313473321 0.0002519208583929921 0.00023173076013186184 0.00024507193368384196 0.00027270684713359347 9.390287989486218e-05 0.00013581300907700595 0.00018260347280762518 0.000239542398788518 0.00021139484956825936 8.277593642980497e-05 0.00018671978400120032 0.00022831686565321827 7.98891208674458e-05 0.00019780877376789053 0.0002195073490224561 0.00018339341195212425 0.0002789012748475504 0.00020917233319019994 0.00018457282764056346 0.00019805980702140957 0.00018750570507688658 0.00016249595838251584 0.00016541020552746495 0.00017660285231168858 0.00018461933901904202 0.00016617396221535165 0.00023201387723889265 0.00017668098361549864 0.0002501280870313436 0.00014617741409334335 0.00019893709341462719 0.00014846671960489822 9.059074127940784e-05 0.0001382611479702731 0.00017096251666389825 0.00016278583923633479 0.00019618907565038528 0.00021113437288208562 8.79190994295947e-05 0.000269855961867888 0.00026115248616813424 0.00018030133679721512 0.0002499527653121321 6.328950075671566e-05 0.0001884771623094574 0.0001917103198761214 0.00024867523321779844 0.00029487026904429794 0.0001935731302784155 0.00022053100906322225 0.00024239899604114174 0.00011895365618946042 0.0002552113433137579 0.00020082142951187735 0.00011512414228117534 0.000145307810299554 0.00022987393520335252 0.00021014002600757786 0.00012976416798729135 0.00024141777155922746 0.00020569031831071434 0.00025918734033985496 0.0001913944577485586 0.0003023162491679625 0.0003136499956282402 0.00021709033039134614 0.00013215332709642767 0.00014156899507891283 0.00014816226734036818 0.00020501318995578158 0.00015343249381602586 0.00021175107732278027 0.000234850239428897 8.574210437116231e-05 0.00012857257087202424 0.00022784708736412837 0.00023941690853692083 0.0002764937748168609 0.00012610193062465377 0.00015234789904759461 0.00012136508895721132 8.451795755257699e-05 0.0001899799008066723 0.00019922729501390361 0.00020463685191559648 0.00011625648893805513 7.966576796390946e-05 0.00017394441413163934 0.00012109819981407333 7.86297667556323e-05 0.00019682880743250304 0.00015456768338016893 0.0002054921861803218 6.756604372592194e-05 0.00019103727754105537 0.00024186711065235454 0.0001744878651784948 0.0002069962239186784 0.000235517087056106 0.00010396724082127936 0.00023164353664929842 0.0001579522752123752 0.00018907759225028723 0.00015266485097727232 0.00016947822259018834 0.0002627510950703891 0.00015751803488958473 0.00020850924963107252 0.00014150243850435138 0.00022583668653371167 0.00017255497026550642 0.00021664820238013801 0.00013609844245552458 0.00020672895105632383 0.0001676821488799162 0.00018306471733128807 0.0001558311690603804 0.00016801704442002556 0.00021634654697858506 0.00024138745877496363 0.00024622520178724244 0.0001661745345128754 0.00013265657865025473 0.00015579858264493435 0.00016692035196631678 0.00022749789341865447 0.00011783800057827646 0.00022152273731979076 0.00016872331935237727 0.00022486776029261038 0.00017662659475550397 0.0001718709987876123 7.792727685245203e-05 0.0002409203780692369 0.00024388446946140547 0.00019778496504069883 0.000204639444365719 0.00029723005489069426 0.00022397634015963134 0.00019612075553208775 0.00021610346968523286 0.00019757113124566772 0.0001910095534969734 0.00019794799296339713 0.00017089588823877242 0.0002341139299246648 8.487720359043384e-05 0.0002468814482132774 0.00022659218534932165 0.00023995943344865548 0.0001784382396232142 0.0002487298061238184 0.00010351783395843134 0.00016304387489626292 0.0002615568795590151 0.00020344366404178842 0.00026090075742507947 9.703893368114272e-05 0.00019914948011373176 5.2403022755171926e-05 4.774661236607527e-05 0.0001646654558769703 0.0002016106121259071 0.000194071240708706 0.00010002362317569073 0.0001697881868896086 0.00024814383783631995 0.00025085926622400246 0.00023300515283966488 0.00026393097105226513 0.00022664894995493386 0.00020184212252769186 0.00022386638518824445 0.00017432681562651003 0.00024185903591733668 0.00011388798672489284 0.0001689471463455862 0.0001855570195000017 0.00022297907046576676 0.00017596783800932143 0.00016807134646655995 0.0001907838211255209 0.0002112554356973575 0.0001936958330505843 0.0002403356817076968 0.00023564427757552975 0.0002556178096185642 0.00022212620498749798 0.00021857022063351993 6.0271582109244785e-05 0.00022101780173992353 0.00020044122328482893 0.00017546976772140778 0.00018631248216146966 0.00018811888735069857 0.00017019820240536386 0.00015282914543626993 0.00022633916002259523 0.00019653289106633844 0.00016672302478453962 0.00020117423558949443 0.0001093965789563654 0.0001964937691870802 0.00018574063246363894 0.0002259698938129579 0.0002726405742647051 0.00022770913073796747 0.0002247940216153053 0.00024252373422483804 0.00019343132936212352 0.00016737100065061984 8.30860957715589e-05 7.843873242633944e-05 0.00013703673010774582 0.0001341827397627684 7.73467536383365e-05 8.640129396357587e-05 0.0002983844029274434 0.00011770606758619788 0.00017680188483622846 0.00026914099593463924 0.00017003383092615556 0.00017673538601164915 0.00015743048995402255 0.00019600139034063732 0.00022808124028459974 0.00023675243684714663 0.0002490536192068369 0.0001996370960301528 0.0001284652592247309 0.00011820507120492401 0.00021366704266610238 0.00024604493565842975 3.134072268776688e-05 3.132196465306556e-05 0.00024708006980246107 0.000214995474640516 0.0002306124756127605 0.000138089654364726 0.0002813324036895862 0.00016573567525821794 0.00025319913466852965 0.0002878733857618033 0.00024184027530847272 0.00026051276323286326 0.00026162608049697133 0.0002103527382397178 0.00030828034350976926 0.0001498153137646733 0.0001829164090229817 0.0002343258017793981 0.0002270697276050061 0.00010716282719741534 0.00026798409152748657 9.557505487792601e-05 0.00025174311742484444 0.00024684481544596745 8.615910586726768e-05 0.00013443343071329168 0.00017190840019685221 0.00020358213494247102 0.0001553142309231311 0.00018761023605280263 0.00017187443239787803 3.435529326359394e-05 0.0002786592207735544 0.00014320287447973842 0.00016914672299931665 0.00021384315608473373 0.0003026327027445354 0.00013752928515803413 0.0002027811687972645 9.90898595688029e-05 0.0001664983858686903 0.00022670382767047884 0.0002490739763594715 0.00010705954147583567 0.00018862695855825738 0.0001595411579875472 0.00016599521850939957 0.00013323308340860537 4.6850405155320765e-05 0.0001871378010079739 0.0001814146309317056 0.00023590936340085747 0.00016544166926507403 0.00011303693666062347 0.00027670490079442794 0.00019223794353544319 0.0001606273008466685 0.00017811712044305393 0.00024947674897364715 0.0002350852257350663 0.00025446981793457517 0.0002874619297878283 0.00028115024329696686 0.00027214724667448095 0.0001545994882933235 0.0002356924609989114 0.00020735128602171398 0.0002693587224315004 0.00021007395197248296 0.00025003542867921974 0.000267602555781529 0.00021537346351032004 0.00023750831334484927 0.00014117663054386 0.00018388316745613522 0.00024747801421826657 0.00016807093317915595 0.00013994391965645015 6.735177072296303e-05 0.00026711126001877187 0.00027635337028839317 0.0002480179657138497 0.0001979453094414513 0.00025778628899624266 0.00011054143007506315 0.0001620347485060657 0.0002128042682767334 0.00019041370529944359 0.00024005665338442991 0.00017442437984406054 0.00010149891555880958 0.0001410742786306588 0.0002619873559568353 0.00026168744456158067 0.00024824914696196937 0.00025976219704144677 0.0002558112144947095 0.00023740685861060762 0.00015192996394664462 0.00026648012962893235 0.000255040873438991 0.0002360873633223315 0.0002595315271879477 0.00020386207631712744 0.0003224405198761082 0.0002233486256366487 0.00018980390449352044 9.990737905838965e-05 0.00020041874369796045 0.00015312080240652853 0.00021029904590455186 0.00021536210574017045 0.00011479710040584369 0.00022775425036200076 0.00019402296674119095 0.00021471550177321015 0.00025574934704830274 0.0001425046722218198 0.00025292921212915603 0.00018809465925514625 0.00019070458612762667 0.00016026139382561904 0.00013242625817902037 0.00015658477807023314 0.0002212867515706799 0.00022009913425441465 0.00013428256945286732 0.00011238431330125038 0.00012128926708110396 0.00016430303792334966 0.00013541393794228447 0.00017006210412119028 0.00014739283780832496 0.00019793996256605787 0.0003092249764479567 0.00023359112641239044 0.00010875278661257008 0.0001246305042468369 0.00012958206425722941 0.00012636604885336337 0.0001438078292574785 0.00010198610504997112 0.00011883383271466947 0.00015968890464734752 0.00017370099510849243 0.0001208094726065097 0.00014334760768423021 0.0002540742334829476 6.832569790749434e-05 0.00023456630941978582 0.00026459506262844443 0.0001923745279792443 0.00021664736996946667 0.00017291670082148375 0.00026568412239560176 0.0002682326764841791 0.00025071808786201544 0.0002113558133883225 0.00013937041640833304 0.00022232714291609836 0.00020253637713365245 0.0002296870405644652 0.00017810221012350312 0.00022298107278962787 0.00017367743181133686 0.00025380301585866224 0.0002581413110265398 0.00026233513138786894 0.00026219050918648717 0.0002441827893951565 0.00019276468177188092 0.00024921678490118877 0.00019214046207979705 0.0001922092151458319 0.00020251719680918395 0.00022122023604112705 0.00010481918429641517 0.00020869748346104261 0.0001973579921005373 0.00024534548529557397 0.0001822624227372011 0.00015939867497450228 0.00015373382356295237 0.00028545685326248184 0.00029349496208666174 0.0002203149461498288 0.0001946629587749565 0.0001363065853765424 0.00013987619762039361 0.0002750138399201726 0.00016515806784883706 0.0002238188024297042 0.00022261055992547267 0.00013248702682778363 0.00016163907784344338 0.0001873546101970988 0.00024929431501913984 0.00019095280237814514 0.00016989734346077706 0.0001587552428875932 0.00018616777176981618 8.133699574974219e-05 0.0001947898297205163 9.38997908188426e-05 0.00011540403357099026 0.00019096308134607877 0.0002667815698597757 0.00013769180666557796 0.00017132234441868821 0.00019605517909426808 0.0001700884199286513 0.00023616415518814342 0.00016318143219494762 0.00019115109488219225 0.00020276708935163248 0.0001887279774793449 0.0001506500600470689 0.00017400755513615428 8.785720613449055e-05 0.0001533148755740664 0.00016390743181154182 0.00021033173599438573 0.0001923873853230676 0.00023474018726511806 0.0002450548705744395 0.00021732485777157477 0.0002747373824611569 0.00014438234464653234 0.00029431375826676485 0.00032390580046673514 0.0002513044143198236 0.00027750706222846486 0.00020977854403865647 0.00024818094590436907 0.00025528436101529176 0.00023679018741871327 0.00014571029681005485 0.00021653220966746592 0.0002795516695867091 0.00024110176161983983 0.00028549074961587936 0.00022216951269631483 8.81422404000195e-05 0.0001700909447258212 0.00010832720950438383 0.00010916649457434658 0.00021537675987019441 0.0001794096883950703 0.0001983764967658464 5.2725676310103136e-05 0.00017603525672449106 0.00022089266342632745 0.00028631631221569216 0.0002679479562252497 0.00011553483580123306 6.908357616970136e-05 0.00020241942251793786 0.0001531838662863135 0.0002068279203537889 0.00016610696434910845 0.00020312941763587158 0.00019265635502681253 0.00023094740458685448 0.0002111971141595366 8.611525541193424e-05 0.0001664099068431298 0.0002576147824240632 0.0002692992860374987 0.00016355669649942652 4.0034652087931304e-05 0.00019214535351533214 0.00023316103005801932 5.717233154896363e-05 5.689958809451774e-05 0.00025906813703191977 0.0001309647643097614 0.0002624396275371985 0.00014107821090758496 0.00014016634310291888 4.3258849740225244e-05 0.00024473875451006016 6.11984553054315e-05 7.054707425513066e-05 0.00026694636653509107 0.0002553363715088073 1.0540925533894598e-07 0.0002206049861876287 0.0002885509293061302 0.00014281341257241201 0.00018207801297107093 0.00031731531194177914 0.000273058942185413 0.00024005088259693744 0.00020003373471039448 0.0002473660020131574 0.0002001103119817319 0.0002486689187981679 0.000206157830357712 0.00020166311440954728 0.00026860597474145074 0.00011377877387781508 0.00012923453631631993 0.00013909274571894685 6.498660809595986e-05 0.0002714905425930862 0.00018037381236203095 0.00017738204847977498 0.0002005031190238607 0.00015386183076609652 0.00012257506056820595 0.00025461318990067125 0.0002054340603345236 0.00011585913356265725 0.0002858577358306124 0.00027321947754478356 0.0003061059206513047 0.0003248704418980267 0.00024193725824456512 0.00010192875392919337 7.723693926680667e-05 0.00010671404818225985 0.00026657878687402553 0.00026932000513288704 0.00022435221296051853 0.00022599122867816165 0.0002702512437598411 0.00020529671747307915 0.00023277248637491537 0.0002968892282525201 8.825722574557973e-05 0.00034346425611678075 0.0002386688672836314 0.00026473859257165335 0.000271279273905575 0.0002964954713677359 0.00022104343180859605 0.00019482891263093502 0.0001895054014584866 0.00011734052740085239 0.00019640449144351938 0.0002828089925976038 0.00017834344140886234 0.00026044068700246096 0.00021494814587433162 0.0003100398301186329 0.00021667825694145654 0.00019509293187058908 0.00021869369848920777 0.0002518266161690783 0.00021254973465651374 0.00017307469449601493 0.00025162890561167473 0.0001909250256507216 0.0002335530087817806 0.0001853433797718673 0.0002718020108376969 0.0002467175078880271 0.00020852492918040623 0.00011506337345776338 0.00020858372947733545 0.0002407695936548486 0.00017799270410318033 0.00022128901385966664 0.00021838264689115974 0.00023103957080938725 0.00024837348394201925 0.0002127357542034962 5.642832174172568e-05 0.00022334106675355524 0.0002575518514211569 0.00014344965343526954 0.0002191469706019225 0.0002837131861711884 0.00031703037302979097 0.00024113564164551947 2.7489521413079956e-05 0.00015379486037785196 0.0003134253830267017 9.120027907824906e-05 0.00025722196179152893 0.0001963081439453205 0.00021424007216453732 0.0001814534220867746 0.0001515538494419982 0.00019750054128902925 0.00020097908681176616 0.00029178716934810336 0.00030157895448866735 0.00021291939931440012 0.00022585717697778607 0.00015641900749198076 0.00019799010233575274 8.13706006411346e-05 0.00019553700452443808 8.504765974045178e-05 0.00014344317579155356 0.00015496360507437668 0.00023390491459719762 0.00021219999409707743 0.00016678803919047654 6.585919489646727e-05 0.0002555741931197978 0.00021014736674528913 0.00025191907428813296 0.00021525378145376806 9.969694143998053e-05 0.00015652164770954438 0.00018038324050991713 0.00015666832309988143 0.0001703343473966724 0.00010752669832648187 0.00017975660792250188 0.0002551477428122096 0.0002464495032364708 0.00019872482009937364 9.362250484449824e-05 0.00013401473840344967 0.000336481253523417 0.00019305884398423416 0.00033481007292044984 0.00023558013775235997 0.00022689561482146372 0.0001243124898989015 0.0001070101054241092 0.0001937377731807849 0.00024827696279992813 2.2953523268956047e-05 0.00018896070093367973 8.270075299332795e-05 0.0001789698191259045 0.00018088224486620643 0.00018872053196746449 0.00027023268274575357 0.0002460066211258622 0.0002567214269840318 0.00023529134229178 0.0002852129833108193 0.0001837165349253892 0.00016050158146872605 0.0001723263298747705 0.00013613002617244744 0.00029877546616705985 0.00021400222121322905 0.00027322943251850706 0.00026582572134514944 0.0002051066960464384 0.00015930457885256856 0.00019574928408716248 0.00016213949643975134 0.00024930151249117466 2.6111730056946318e-05 0.00023710194188541887 0.00028073019535821184 0.00017896724820508123 0.00024194847129061807 0.00021225840803993566 0.0003272225225470816 0.0002749216329355277 0.00023981637252872584 0.0002987436489624942 0.00015916544898030653 0.0002562186801008881 0.0001970173403915751 0.00022463709975819007 0.00023027257573891665 0.00018803466936938046 0.0001512222197093398 0.00024975178938944746 0.000250332977739041 7.958110309611577e-05 0.00011543242799721551 0.00017221489717516908 0.000251925219425093 0.00026077012999286257 0.00025028949459732843 0.0002768265936891605 0.0002941451761777841 0.0002804719957474263 0.0002528270102095003 0.00013683564006131992 0.0001844099720554008 0.0002520665493159326 0.0001950466536138381 0.000278930227268531 0.00031385516572335955 0.0002920887813492056 0.00014469806552458108 0.0002519456628015468 0.0001777708729613672 0.00012785750300329686 0.0001339233724223288 0.00023193931777868565 0.00023975941022055992 0.00023798858087821845 0.00016859050732846313 0.0001673698992013783 7.891538410802113e-05 0.00013309486356088323 0.0001905295463244735 0.00010467710468205236 7.730826205493674e-05 0.000170328207331075 0.00016048462222523107 0.00015552381609789593 0.0002284263200594063 0.0003840096947839224 0.00032591761305532363 0.00034099763626604826 0.00020901714753558884 0.00027311391058376536 0.00023863944257149642 0.00018047305457839893 0.0002738958755336176 0.00022585151512346678 0.00023483690748262834 0.00023135350146663997 0.00022664520079414125 0.00034535579469707235 0.00019613008363049108 0.00013503748718157702 0.000363156189965857 0.0001521510830220836 0.00010181222053659862 0.0003416652490547388 0.0002742185086719558 0.00026522533157211564 0.0001846254402351027 0.0001675396711743798 9.273363279566535e-05 0.00016184354214000658 0.00022056919318134838 0.00029983184715028056 0.0001647249615482218 0.00022091516417561553 0.0001990935858175798 0.00019887996102229758 0.00012957932093171558 0.00012087454864766465 0.0003162262499954931 0.00024290401033388032 0.00011174084963603175 0.0003216678531837313 0.000274882330797447 0.0002799227719178196 0.00028509320953553285 0.000179108323845557 0.00024141255077510053 0.00016429360174959488 8.639846458907303e-05 0.00028722920540121065 0.00028876209341716747 0.00015479180123902415 0.0003219140205801845 0.0002534155865847669 0.00019059485957622033 5.7080023117089523e-05 0.0002557184980147796 0.00026964106854994284 0.00033275568838249826 0.00028269090726889607 0.00022510959483217058 0.00022373969496681357 0.00029494427940600365 0.000205656955282372 0.0003078237561245532 0.00022037956940175457 0.00019441459096347386 0.00034595222129062093 0.00027918325325577704 0.0003164326150270236 0.00021089213748115522 0.0002891014478493574 0.00032792905151764375 0.00019851042129907052 0.00021345347611201722 0.00028408151283776666 0.00023688169912224524 0.00021002210943959836 0.0001452631765186428 0.0001715110371094176 0.0002327406658131783 0.0002421024396546406 0.0002997942971310661 0.00016667207674512288 0.00024584756609571815 0.00029309732885897155 0.00029450801912508505</DataArray>
<DataArray type="Float64" Name="g_gap" format="ascii">0.0 0.0 0.0 0.0 0.0 0.0 0.0 0.0 0.0 0.0 0.0 0.0 0.0 0.0 0.0 0.0 0.0 0.0 0.0 0.0 0.0 0.0 0.0 0.0 0.0 0.0 0.0 0.0 0.0 0.0 0.0 0.0 0.0 0.0 0.0 0.0 0.0 0.0 0.0 0.0 0.0 0.0 0.0 0.0 0.0 0.0 0.0 0.0 0.0 0.0 0.0 0.0 0.0 0.0 0.0 0.0 0.0 0.0 0.0 0.0 0.0 0.0 0.0 0.0 0.0 0.0 0.0 0.0 0.0 0.0 0.0 0.0 0.0 0.0 0.0 0.0 0.0 0.0 0.0 0.0 0.0 0.0 0.0 0.0 0.0 0.0 0.0 0.0 0.0 0.0 0.0 0.0 0.0 0.0 0.0 0.0 0.0 0.0 0.0 0.0 0.0 0.0 0.0 0.0 0.0 0.0 0.0 0.0 0.0 0.0 0.0 0.0 0.0 0.0 0.0 0.0 0.0 0.0 0.0 0.0 0.0 0.0 0.0 0.0 0.0 0.0 0.0 0.0 0.0 0.0 0.0 0.0 0.0 0.0 0.0 0.0 0.0 0.0 0.0 0.0 0.0 0.0 0.0 0.0 0.0 0.0 0.0 0.0 0.0 0.0 0.0 0.0 0.0 0.0 0.0 0.0 0.0 0.0 0.0 0.0 0.0 0.0 0.0 0.0 0.0 0.0 0.0 0.0 0.0 0.0 0.0 0.0 0.0 0.0 0.0 0.0 0.0 0.0 0.0 0.0 0.0 0.0 0.0 0.0 0.0 0.0 0.0 0.0 0.0 0.0 0.0 0.0 0.0 0.0 0.0 0.0 0.0 0.0 0.0 0.0 0.0 0.0 0.0 0.0 0.0 0.0 0.0 0.0 0.0 0.0 0.0 0.0 0.0 0.0 0.0 0.0 0.0 0.0 0.0 0.0 0.0 0.0 0.0 0.0 0.0 0.0 0.0 0.0 0.0 0.0 0.0 0.0 0.0 0.0 0.0 0.0 0.0 0.0 0.0 0.0 0.0 0.0 0.0 0.0 0.0 0.0 0.0 0.0 0.0 0.0 0.0 0.0 0.0 0.0 0.0 0.0 0.0 0.0 0.0 0.0 0.0 0.0 0.0 0.0 0.0 0.0 0.0 0.0 0.0 0.0 0.0 0.0 0.0 0.0 0.0 0.0 0.0 0.0 0.0 0.0 0.0 0.0 0.0 0.0 0.0 0.0 0.0 0.0 0.0 0.0 0.0 0.0 0.0 0.0 0.0 0.0 0.0 0.0 0.0 0.0 0.0 0.0 0.0 0.0 0.0 0.0 0.0 0.0 0.0 0.0 0.0 0.0 0.0 0.0 0.0 0.0 0.0 0.0 0.0 0.0 0.0 0.0 0.0 0.0 0.0 0.0 0.0 0.0 0.0 0.0 0.0 0.0 0.0 0.0 0.0 0.0 0.0 0.0 0.0 0.0 0.0 0.0 0.0 0.0 0.0 0.0 0.0 0.0 0.0 0.0 0.0 0.0 0.0 0.0 0.0 0.0 0.0 0.0 0.0 0.0 0.0 0.0 0.0 0.0 0.0 0.0 0.0 0.0 0.0 0.0 0.0 0.0 0.0 0.0 0.0 0.0 0.0 0.0 0.0 0.0 0.0 0.0 0.0 0.0 0.0 0.0 0.0 0.0 0.0 0.0 0.0 0.0 0.0 0.0 0.0 0.0 0.0 0.0 0.0 0.0 0.0 0.0 0.0 0.0 0.0 0.0 0.0 0.0 0.0 0.0 0.0 0.0 0.0 0.0 0.0 0.0 0.0 0.0 0.0 0.0 0.0 0.0 0.0 0.0 0.0 0.0 0.0 0.0 0.0 0.0 0.0 0.0 0.0 0.0 0.0 0.0 0.0 0.0 0.0 0.0 0.0 0.0 0.0 0.0 0.0 0.0 0.0 0.0 0.0 0.0 0.0 0.0 0.0 0.0 0.0 0.0 0.0 0.0 0.0 0.0 0.0 0.0 0.0 0.0 0.0 0.0 0.0 0.0 0.0 0.0 0.0 0.0 0.0 0.0 0.0 0.0 0.0 0.0 0.0 0.0 0.0 0.0 0.0 0.0 0.0 0.0 0.0 0.0 0.0 0.0 0.0 0.0 0.0 0.0 0.0 0.0 0.0 0.0 0.0 0.0 0.0 0.0 0.0 0.0 0.0 0.0 0.0 0.0 0.0 0.0 0.0 0.0 0.0 0.0 0.0 0.0 0.0 0.0 0.0 0.0 0.0 0.0 0.0 0.0 0.0 0.0 0.0 0.0 0.0 0.0 0.0 0.0 0.0 0.0 0.0 0.0 0.0 0.0 0.0 0.0 0.0 0.0 0.0 0.0 0.0 0.0 0.0 0.0 0.0 0.0 0.0 0.0 0.0 0.0 0.0 0.0 0.0 0.0 0.0 0.0 0.0 0.0 0.0 0.0 0.0 0.0 0.0 0.0 0.0 0.0 0.0 0.0 0.0 0.0 0.0 0.0 0.0 0.0 0.0 0.0 0.0 0.0 0.0 0.0 0.0 0.0 0.0 0.0 0.0 0.0 0.0 0.0 0.0 0.0 0.0 0.0 0.0 0.0 0.0 0.0 0.0 0.0 0.0 0.0 0.0 0.0 0.0 0.0 0.0 0.0 0.0 0.0 0.0 0.0 0.0 0.0 0.0 0.0 0.0 0.0 0.0 0.0 0.0 0.0 0.0 0.0 0.0 0.0 0.0 0.0 0.0 0.0 0.0 0.0 0.0 0.0 0.0 0.0 0.0 0.0 0.0 0.0 0.0 0.0 0.0 0.0 0.0 0.0 0.0 0.0 0.0 0.0 0.0 0.0 0.0 0.0 0.0 0.0 0.0 0.0 0.0 0.0 0.0 0.0 0.0 0.0 0.0 0.0 0.0 0.0 0.0 0.0 0.0 0.0 0.0 0.0 0.0 0.0 0.0 0.0 0.0 0.0 0.0 0.0 0.0 0.0 0.0 0.0 0.0 0.0 0.0 0.0 0.0 0.0 0.0 0.0 0.0 0.0 0.0 0.0 0.0 0.0 0.0 0.0 0.0 0.0 0.0 0.0 0.0 0.0 0.0 0.0 0.0 0.0 0.0 0.0 0.0 0.0 0.0 0.0 0.0 0.0 0.0 0.0 0.0 0.0 0.0 0.0 0.0 0.0 0.0 0.0 0.0 0.0 0.0 0.0 0.0 0.0 0.0 0.0 0.0 0.0 0.0 0.0 0.0 0.0 0.0 0.0 0.0 0.0 0.0 0.0 0.0 0.0 0.0 0.0 0.0 0.0 0.0 0.0 0.0 0.0 0.0 0.0 0.0 0.0 0.0 0.0 0.0 0.0 0.0 0.0 0.0 0.0 0.0 0.0 0.0 0.0 0.0 0.0 0.0 0.0 0.0 0.0 0.0 0.0 0.0 0.0 0.0 0.0 0.0 0.0 0.0 0.0 0.0 0.0 0.0 0.0 0.0 0.0 0.0 0.0 0.0 0.0 0.0 0.0 0.0 0.0 0.0 0.0 0.0 0.0 0.0 0.0 0.0 0.0 0.0 0.0 0.0 0.0 0.0 0.0 0.0 0.0 0.0 0.0 0.0 0.0 0.0 0.0 0.0 0.0 0.0 0.0 0.0 0.0 0.0 0.0 0.0 0.0 0.0 0.0 0.0 0.0 0.0 0.0 0.0 0.0 0.0 0.0 0.0 0.0 0.0 0.0 0.0 0.0 0.0 0.0 0.0 0.0 0.0 0.0 0.0 0.0 0.0 0.0 0.0 0.0 0.0 0.0 0.0 0.0 0.0 0.0 0.0 0.0 0.0 0.0 0.0 0.0 0.0 0.0 0.0 0.0 0.0 0.0 0.0 0.0 0.0 0.0 0.0 0.0 0.0 0.0 0.0 0.0 0.0 0.0 0.0 0.0 0.0 0.0 0.0 0.0 0.0 0.0 0.0 0.0 0.0 0.0 0.0 0.0 0.0 0.0 0.0 0.0 0.0 0.0 0.0 0.0 0.0 0.0 0.0 0.0 0.0 0.0 0.0 0.0 0.0 0.0 0.0 0.0 0.0 0.0 0.0 0.0 0.0 0.0 0.0 0.0 0.0 0.0 0.0 0.0 0.0 0.0 0.0 0.0 0.0 0.0 0.0 0.0 0.0 0.0 0.0 0.0 0.0 0.0 0.0 0.0 0.0 0.0 0.0 0.0 0.0 0.0 0.0 0.0 0.0 0.0 0.0 0.0 0.0 0.0 0.0 0.0 0.0 0.0 0.0 0.0 0.0 0.0 0.0 0.0 0.0 0.0 0.0 0.0 0.0 0.0 0.0 0.0 0.0 0.0 0.0 0.0 0.0 0.0 0.0 0.0 0.0 0.0 0.0 0.0 0.0 0.0 0.0 0.0 0.0 0.0 0.0 0.0 0.0 0.0 0.0 0.0 0.0 0.0 0.0 0.0 0.0 0.0 0.0 0.0 0.0 0.0 0.0 0.0 0.0 0.0 0.0 0.0 0.0 0.0 0.0 0.0 0.0 0.0 0.0 0.0 0.0 0.0 0.0 0.0 0.0 0.0 0.0 0.0 0.0 0.0 0.0 0.0 0.0 0.0 0.0 0.0 0.0 0.0 0.0 0.0 0.0 0.0 0.0 0.0 0.0 0.0 0.0 0.0 0.0 0.0 0.0 0.0 0.0 0.0 0.0 0.0 0.0 0.0 0.0 0.0 0.0 0.0 0.0 0.0 0.0 0.0 0.0 0.0 0.0 0.0 0.0 0.0 0.0 0.0 0.0 0.0 0.0 0.0 0.0 0.0 0.0 0.0 0.0 0.0 0.0 0.0 0.0 0.0 0.0 0.0 0.0 0.0 0.0 0.0 0.0 0.0 0.0 0.0 0.0 0.0 0.0 0.0 0.0 0.0 0.0 0.0 0.0 0.0 0.0 0.0 0.0 0.0 0.0 0.0 0.0 0.0 0.0 0.0 0.0 0.0 0.0 0.0 0.0 0.0 0.0 0.0 0.0 0.0 0.0 0.0 0.0 0.0 0.0 0.0 0.0 0.0 0.0 0.0 0.0 0.0 0.0 0.0 0.0 0.0 0.0 0.0 0.0 0.0 0.0 0.0 0.0 0.0 0.0 0.0 0.0 0.0 0.0 0.0 0.0 0.0 0.0 0.0 0.0 0.0 0.0 0.0 0.0 0.0 0.0 0.0 0.0 0.0 0.0 0.0 0.0 0.0 0.0 0.0 0.0 0.0 0.0 0.0 0.0 0.0 0.0 0.0 0.0 0.0 0.0 0.0 0.0 0.0 0.0 0.0 0.0 0.0 0.0 0.0 0.0 0.0 0.0 0.0 0.0 0.0 0.0 0.0 0.0 0.0 0.0 0.0 0.0 0.0 0.0 0.0 0.0 0.0 0.0 0.0 0.0 0.0 0.0 0.0 0.0 0.0 0.0 0.0 0.0 0.0 0.0 0.0 0.0 0.0 0.0 0.0 0.0 0.0 0.0 0.0 0.0 0.0 0.0 0.0 0.0 0.0 0.0 0.0 0.0 0.0 0.0 0.0 0.0 0.0 0.0 0.0 0.0 0.0 0.0 0.0 0.0 0.0 0.0 0.0 0.0 0.0 0.0 0.0 0.0 0.0 0.0 0.0 0.0 0.0 0.0 0.0 0.0 0.0 0.0 0.0 0.0 0.0 0.0 0.0 0.0 0.0 0.0 0.0 0.0 0.0 0.0 0.0 0.0 0.0 0.0 0.0 0.0 0.0 0.0 0.0 0.0 0.0 0.0 0.0 0.0 0.0 0.0 0.0 0.0 0.0 0.0 0.0 0.0 0.0 0.0 0.0 0.0 0.0 0.0 0.0 0.0 0.0 0.0 0.0 0.0 0.0 0.0 0.0 0.0</DataArray>
<DataArray type="Float64" Name="heat_i_to_j" format="ascii">4.831808795968371e-06 4.778666471645672e-06 -1.0189244567414866e-06 -3.497243777563563e-06 -5.094307033312899e-06 7.02336500309204e-06 -9.629015200456767e-06 -8.476152350830544e-06 2.7800236722009712e-06 8.301778875980292e-06 2.329313906066893e-07 -1.1281091681006022e-05 -6.361525884707722e-07 -4.525313776031259e-06 -9.44508183503714e-07 5.469821959529787e-06 -2.72106074051975e-06 -7.5383860361417114e-06 -6.2223916900636554e-06 1.6679160247384302e-05 -1.9732178064065416e-07 -9.557928749948513e-06 -2.329399283454931e-06 -1.0400688355585891e-06 -3.4449175595127646e-06 -4.7488225769500846e-06 -3.203868396146993e-06 -5.719543926233528e-06 1.1813484279517016e-05 1.5300987705507122e-06 -7.624039123829603e-06 7.147095741299905e-07 5.386270634756309e-06 -1.2932813848636496e-06 -4.8076988240423615e-06 -6.111496331797118e-06 -5.043240075918832e-06 5.469330809621517e-06 1.484096868060036e-05 -9.154875467396197e-06 -1.115542402283515e-05 -4.336651793457008e-06 -1.6624965257248816e-06 1.684844977449892e-05 -4.479246711175827e-06 -6.370054744134659e-06 -5.136833788295719e-06 4.590119981668029e-06 3.1283287648279234e-06 -2.5816149582039675e-06 7.964866019666495e-06 -2.4740802933673434e-05 1.229589036223988e-05 -3.021708551186946e-06 -1.1190573072786534e-05 1.940703775005884e-05 1.3172503459453379e-05 -2.7595492659707846e-07 3.9356267988370905e-06 -1.6832175331716113e-05 0.0 1.1409924408461697e-06 -1.2428792202934046e-05 7.393712091067068e-06 -1.7681024203898274e-05 -1.044511171574356e-05 1.3512004467456782e-05 -2.6236112905319823e-06 9.844030651686012e-06 1.988963512612727e-05 -8.743239326109612e-06 -1.6510942939639188e-05 1.578014402682518e-06 3.786532736957195e-06 -1.5525732886210546e-05 -9.064932835866395e-07 5.756006762507338e-06 1.0676219407280277e-05 1.3242076922213246e-05 3.117742811531009e-06 -1.752878301223952e-05 1.1689632784493302e-06 1.8669844813720453e-06 -2.1292917245092635e-06 -2.2101422898063315e-06 -1.087865052120057e-05 -2.259885550877314e-06 1.5610985605052425e-05 1.6005161755604632e-07 -5.493911489326747e-06 7.984349148934001e-06 -2.650489277195339e-06 1.4271441339332018e-05 -9.289409804478863e-06 -4.982031534914493e-06 -2.4446214695367886e-06 6.298277481495272e-07 -3.6709794600286243e-06 5.4857731814284505e-06 3.5075009257150315e-06 6.379775981331556e-06 -1.2212110125057354e-05 6.259571128333169e-06 -3.9347379103463495e-06 1.6712403430691738e-05 -4.962974929114214e-06 1.073518885876822e-05 -1.0820655224819346e-05 -1.1663962135638755e-05 -8.1837919292516e-06 2.4893480797774475e-05 -1.1044505172707046e-05 -5.665183695818555e-06 7.069450763466695e-06 5.448211150511372e-06 -4.118974924367624e-06 3.977064647631247e-06 9.664926171222698e-07 4.4197780176374454e-06 -1.8512188155324192e-06 -1.6435278054707447e-06 -1.989937172441198e-05 1.639028343212367e-05 2.478521137152369e-06 -1.905603704643351e-05 1.880992268929905e-05 -2.4352951014146228e-05 1.7924706449699662e-05 6.674358921708503e-06 1.2678224136527294e-05 -2.792499226204015e-07 -1.2398974213912863e-05 -7.47898517102077e-06 -3.030951727449608e-06 -2.351569982857449e-06 2.3509447936245788e-06 1.0510562087723216e-05 2.7977296255573594e-05 -2.797729625556249e-05 4.766388792645763e-06 7.953806742829914e-06 -1.2720195535436714e-05 -1.180148380713605e-05 7.896686935518671e-07 7.742888734233997e-06 6.278136395091308e-06 -3.009210015764179e-06 -5.975812411209412e-06 1.1696889706924954e-05 1.1062191939614652e-05 -1.6783269235326127e-05 -8.173625273180088e-06 -6.572785275475402e-06 1.4746410548655607e-05 -5.368231001057052e-07 -2.55624185352823e-06 -6.50737658471768e-06 9.600441538347393e-06 -1.1816249484033594e-05 7.149900386181181e-06 -1.2862006659674778e-05 6.684016775956339e-06 5.124795055269524e-06 6.139049182796676e-06 1.926847787645434e-05 3.9696478451076623e-07 7.07533815421036e-06 7.965443968354875e-06 -3.516588852111449e-07 -3.056535877576205e-05 2.2951573692643058e-05 2.0465131433687927e-08 1.3548817888978009e-06 -1.3753469203245222e-06 -7.378999634914011e-06 -1.8409594910701684e-06 -2.2709427090924553e-06 1.1490901835060297e-05 2.1084222611024586e-06 8.127654478506304e-06 -1.0236076739592215e-05 4.814419914604902e-06 9.728532959628083e-07 1.0498403768151977e-05 -1.6285676978728464e-05 -4.729561377003736e-06 1.3546973486424396e-05 -2.8165214895301744e-06 1.3815856287742363e-07 7.567255896978816e-06 4.941133444663603e-06 4.718445064951416e-06 -1.7226834406574628e-05 -1.2216460776543641e-05 -8.889954786061775e-07 1.851241049285512e-05 7.099637792678566e-06 -7.099637792669894e-06 2.6819160646888664e-06 -1.629888340495617e-06 2.9823674515950836e-06 -1.0740199967987331e-06 1.548221493610397e-05 -1.8442590115096386e-05 -1.9073605431826213e-05 -1.892849909696173e-05 -1.1435188338593951e-06 2.791045982636421e-05 -2.06595618795759e-05 -1.4794254903242322e-05 8.686875790317203e-06 3.103265275517186e-07 9.38752542917278e-06 -9.697851956715725e-06 -1.0831764503898452e-05 -1.7845191192272592e-06 -5.873952810686172e-07 -1.545382261344716e-05 1.545382261345218e-05 -9.072389675159984e-06 7.039577706619494e-06 -7.777344295523637e-06 9.810156264046161e-06 -1.044508536248931e-05 -2.8921381949356797e-06 -1.4545121604825304e-05 1.608086135512853e-05 4.915661563377002e-07 -3.2443830021540535e-06 9.776181848905282e-06 5.766150706181686e-06 -3.4339160139134507e-06 1.0743989476036617e-05 -1.307622416823182e-05 2.9684636197129377e-05 2.5556229097969354e-07 -2.994019848809772e-05 7.2345042684501385e-06 2.1097559353388916e-05 4.56196067099217e-07 8.431836566213857e-06 -1.7226823792420297e-05 -1.1160560960221988e-06 -2.4037714537141596e-06 2.0746651342153567e-05 7.278205706837999e-06 2.448919586104362e-06 1.3905423711421244e-06 -1.4454083202459454e-05 5.731581544264985e-06 -2.3951660059032647e-06 -5.024511882283658e-06 -9.606105540120208e-06 -3.3668421196173126e-06 8.585802764294708e-06 -5.218960644683403e-06 9.33769346034161e-07 -1.011186674190161e-05 8.23358921236448e-06 5.227360139625252e-06 7.31322262067859e-06 1.4718563738489562e-06 -1.436850252197513e-05 2.8834035639428367e-06 -2.5273401761546195e-06 1.249002804043135e-05 -5.791234763073607e-06 6.022767494433666e-06 -1.5023341831805085e-06 2.4573754254607424e-06 -6.957343605269816e-06 1.735071508411618e-07 -1.7350715084121532e-07 -8.31984761588405e-06 2.386467880235733e-06 5.933379735641901e-06 3.0709253397063173e-06 9.745517441231768e-06 -9.308941855233523e-06 3.3444218541906564e-07 7.043455809964317e-07 8.810766751533675e-06 2.724015437174866e-06 -1.672783702410545e-05 1.6072125128269475e-05 1.99241897722574e-05 1.8347774630471095e-05 -1.8347774630471982e-05 2.3775584602642514e-06 9.57538030472741e-06 -1.195293876498289e-05 2.7485785019860663e-06 -1.9589098084060693e-06 -9.065808515108883e-06 -6.099788370967549e-06 1.4046711855429758e-05 -9.712879473026362e-06 8.392089417810703e-06 -8.933232569954322e-06 -6.31900658968084e-06 6.323326641767191e-06 3.814759214541651e-06 1.3684354185657234e-06 -8.606416636261873e-06 -1.0858751588335485e-05 1.4281973591425405e-05 -2.7183306732235393e-06 6.801017611186915e-06 4.129903043537622e-06 -1.0107179849138274e-05 1.89458986760822e-06 -1.7825530461336477e-05 2.4305812081058407e-05 3.780819582462762e-06 -1.0261101202211225e-05 4.5595784189817084e-06 6.87260687496686e-06 -1.2752241328446892e-05 1.3200560344944814e-06 2.079313430902257e-05 5.940615606192513e-06 -1.0515402235684683e-05 -1.7361866513370126e-05 1.3253334448647523e-05 -9.930272422342376e-06 2.6997054681181764e-06 9.18102062635679e-06 9.145687831194502e-06 -5.296604756095211e-07 -1.7797047981967574e-05 -1.2859246108193151e-05 -2.8149650122576423e-06 -2.386525336673785e-06 1.32439566911815e-05 5.81542153582723e-06 -1.875052050330399e-05 9.14184359730046e-06 7.111771026048996e-06 3.712028040132807e-06 -7.296938431862673e-06 -1.4184383732941642e-06 -2.4626287436891635e-06 -1.8123901490539998e-06 -1.0656376431630219e-05 1.9710061796031616e-05 -2.657621490751249e-06 6.853783545901521e-06 -2.004141054717651e-05 1.5845248492040233e-05 -8.285437618400225e-06 1.3521787670117403e-05 -5.236350051713418e-06 -1.2106521998461682e-05 1.2237152590619788e-05 -6.62046013988763e-07 -7.416362244417305e-06 7.947777666249536e-06 5.592700786334505e-06 -7.222460530103632e-07 9.984001882993471e-08 -4.970294752173011e-06 -8.748231964458655e-06 -6.869648776995119e-07 2.0363954923317125e-05 8.217510032161915e-06 9.654295511690736e-06 -9.308659345645937e-06 -6.427335866900147e-06 -2.135810331297451e-06 1.4300159222573091e-06 -1.3958826776421344e-05 -1.7086979378437597e-06 4.3340131228906444e-06 -1.1993167961036643e-05 7.659154838147682e-06 -6.9817865892005615e-06 -2.850406107550851e-05 -2.567013833514729e-05 -4.415565090407737e-07 -1.045620235737835e-07 -1.5521546792049665e-06 -5.502468279988175e-06 4.930044561665766e-06 -5.011789759280071e-06 2.629107428910499e-05 -1.9154706132278528e-05 8.977702445474138e-06 4.3122332651034375e-05 3.9254977770478706e-10 2.0893198935288345e-06 -1.065031632455895e-05 -1.2505189208648952e-05 -1.2621986393387276e-06 3.152947519874487e-05 6.495366163614524e-08 7.787328688855576e-06 3.4073138016540513e-06 -1.125959615214297e-05 9.064222500103169e-06 1.1644157586349401e-05 1.4542652757989899e-05 -3.00470221993642e-05 -3.432144574172821e-05 2.9117435096585818e-05 1.5726249108393837e-05 4.3763561213536554e-06 -3.6926810210656776e-06 1.9375920179770143e-05 -2.6721621888266615e-05 1.056709405637419e-05 1.6045495262708418e-05 -1.4884370623969706e-05 -1.910721833009335e-05 -1.6321928396424542e-05 1.105765977518222e-05 -1.316865217098734e-06 1.280288985996341e-06 -1.679219510356191e-05 2.209303995579252e-05 3.801278016897335e-06 -3.4569235452058642e-06 -2.2409005731062057e-05 3.239038038448376e-05 -1.9512428805754175e-05 1.608992385097162e-05 -1.0347884791331123e-05 -2.119586167304163e-05 3.831211991191206e-06 2.2650636438765924e-07 1.1437684858903944e-06 -2.300738530354826e-05 1.779648131491033e-05 -7.4052479121610404e-06 -4.00396356173709e-05 1.0926752213117151e-05 1.872165000154708e-05 6.105614516591871e-06 -2.3782997290180018e-07 6.9915634761137e-06 -1.0051125286854688e-05 3.0213961848266408e-06 4.553682478939087e-06 -4.7408157478792245e-06 8.271370444221267e-06 1.1898821455019653e-05 -2.3591462322888314e-05 1.661576733426964e-05 7.063655011062266e-06 1.8949870109539094e-05 -2.3733767424500837e-05 2.0829085245041006e-05 -1.4826331449568878e-05 6.576030068289306e-06 1.115498356087127e-05 1.9648756998887867e-06 -2.020427435662836e-06 2.1692802164875538e-05 -7.948814170298856e-06 1.9225596938638724e-05 4.4850387110982175e-06 -1.5011672463398021e-05 -1.627588190222818e-05 6.226642856931539e-06 5.687568950419981e-06 4.6937466413607765e-06 1.23381844410393e-06 -9.145203665240698e-06 -1.776896290270944e-05 -1.1568625353939008e-06 -1.249302664777944e-05 1.0620960067246523e-05 1.3308719681072032e-05 -6.59564239287395e-06 -2.2005155149646482e-06 9.901882974694495e-06 -8.687288682294034e-06 4.969955963601477e-06 -3.984034741016569e-06 -5.3519949209784146e-08 -1.500698305385691e-05 -1.834715276397786e-06 -2.7383610575507294e-05 1.162300942564798e-09 -2.4725488767896102e-05 1.362824819498731e-05 4.214563950702316e-06 -9.440414075098595e-06 1.3981750587804352e-05 5.6057850117303285e-06 -9.63433286926671e-06 -1.2397824199752078e-05 1.625533927480079e-05 -3.2818743749158987e-06 -9.217394836429873e-06 8.040069121460536e-06 1.806200416281769e-05 -1.715178880906148e-05 5.982049051806071e-06 1.9387249789465028e-05 -1.4328780092439495e-05 -5.475019694316476e-06 1.2918551004983696e-05 2.3824396467868516e-05 -2.023627752267239e-06 -7.047181148595419e-06 -1.6948974074804907e-05 -4.339486483515601e-06 -5.5331889572871775e-06 7.007739835349507e-06 3.127323404604934e-06 -9.003784988157262e-06 1.8574697234395886e-05 5.087327010826123e-06 -2.366735841988415e-05 9.009119162823946e-06 -1.3654376706247229e-05 1.4140257554758233e-05 -7.892290667115433e-06 1.3554002152069363e-05 1.8644276802094154e-05 -6.788524421293341e-06 2.7599231402100838e-05 6.620280650014632e-06 1.9418319839206592e-05 3.387138925584504e-07 4.0027494525574017e-07 -1.3674482567841901e-05 2.5659338264774155e-05 -5.678696255980015e-06 1.2377485169382351e-05 -2.774945312561634e-05 -8.632673041528286e-06 1.0646744733846338e-05 1.1158431767051708e-05 -1.297510434457093e-05 -2.0652074803057354e-06 -2.0729157751198126e-06 -7.99392006008977e-06 1.8932533687981524e-05 -2.3629441301050372e-06 2.1902042213776253e-06 1.9165263665433982e-05 2.190578707289097e-06 3.056478806919661e-06 -5.588246122269216e-06 -4.509979199540403e-06 -1.3229513836974309e-05 1.5185636469844e-05 -7.93193504403671e-06 1.211186748862053e-05 3.8036088243948594e-06 -2.539751530681405e-05 -6.5159950243000476e-06 -2.3907950552526094e-06 7.711582301734972e-06 -1.8879534359425598e-05 8.052031355605414e-07 2.372579562208211e-05 -7.794620275921375e-07 5.577578844927293e-06 9.363127216386273e-06 -8.087144095196594e-06 -6.074099938606207e-06 -1.692759807390283e-05 -1.1256184793895355e-05 -2.9993250606747067e-07 1.0630525052880888e-05 1.4630550075958525e-05 7.2895162231045894e-06 -3.407859661153937e-05 1.5280052595816742e-06 1.9485381040338158e-05 -1.2807465737225261e-05 1.9808952640032564e-05 -2.0054833496349625e-05 -7.262545120763533e-06 8.305106737434789e-07 1.9278919310464217e-05 6.303589908388564e-06 -2.4782235228942608e-05 5.9035564136713734e-06 8.137138277067658e-06 -2.4835107282023456e-06 2.7155123927084398e-05 -1.0662952859426186e-05 -8.11370480851514e-06 -5.894955530968121e-06 5.606097334320808e-06 -2.915857125598315e-05 2.4009005729897613e-07 3.1864784786622805e-05 1.37634777764054e-06 -2.2592823963512555e-05 3.6678981695505516e-06 8.860112078534855e-07 -8.854596413105962e-06 2.1896636787162404e-05 -7.692611316717349e-06 2.503188367367376e-05 9.905090921878566e-06 -4.8489566521882975e-06 1.3710962197955563e-06 1.817081329077506e-05 1.1787514593581167e-05 -3.198293573195025e-05 8.455481697750956e-06 -9.598983801562797e-06 6.208188443795683e-06 3.2273277161376523e-06 -1.2801592148337208e-05 9.574264432191166e-06 1.3624749588507424e-05 -1.615204314662277e-05 -2.0713587336486298e-06 1.0204749626084404e-05 1.2372562011666493e-05 -7.535317058790633e-06 1.4459715914783102e-05 -1.4361090160309411e-05 1.717940928639948e-05 -7.069120134318117e-06 -1.187334513461675e-05 1.2059762134179241e-06 5.570797691071543e-07 -1.2270093584853928e-05 1.8843687591936725e-05 -1.92407204104433e-06 -1.806132530319275e-05 6.435553850179652e-07 3.5269666481321194e-06 -3.9613285179261955e-06 2.412343129244766e-05 -2.7389739151589983e-05 -1.1747019932668788e-05 -2.2586022617998695e-05 3.994113317305333e-06 1.776835279290358e-05 -2.5845349246450957e-06 -8.408158051553978e-06 8.595744620518309e-06 1.0841809621242086e-05 -1.2583119319395908e-05 -1.222089520524684e-05 7.980442817954361e-06 1.0943562004721198e-05 -1.3557544539834198e-05 1.365901717653845e-05 -4.911214948360556e-06 -2.988870314702874e-06 -7.79484117888151e-06 1.3786400023323527e-05 4.039561216502502e-06 1.834984067216819e-06 -8.877233813404446e-06 -2.3525151250485575e-05 1.0830092103531856e-06 -8.266057218348786e-06 1.4960177461347328e-05 3.0403021539588396e-06 -6.959670490738189e-06 -2.5347128393949355e-05 3.2306798884670384e-05 3.47729319825251e-06 2.3684397928029546e-05 2.6287638432427165e-05 -1.5127400372319485e-05 -6.672228363418328e-06 -2.24573763389585e-05 -2.1117606980404045e-06 -5.984341593928679e-06 -2.0532273933190454e-06 3.270142278713707e-06 -2.64099321479872e-05 2.3412850767970512e-06 -1.660657747025806e-06 -8.224964641800533e-06 1.968481070722271e-05 -3.3887392435021207e-06 -8.071106821966513e-06 -1.3080868328623182e-05 6.880984455000956e-06 -2.291696219818935e-05 -1.6037405024945612e-05 2.370808655657746e-05 3.8136740611048807e-06 8.330279892505087e-06 -1.8444259350065038e-06 3.877224598032878e-06 1.368594908591255e-05 -2.4049027641441456e-05 -1.7982861022852587e-05 -9.424638196801199e-06 -5.945534917747963e-06 -3.0175373224587583e-05 1.0933292641829545e-05 -5.554539754617632e-06 -3.570250366137053e-05 1.8480794058414585e-05 -1.2759451731575427e-05 -1.8195889313665625e-06 -1.840351483167726e-05 2.321947877814638e-05 1.086111270807134e-05 -7.891453166163824e-07 -2.0433339612216942e-05 -3.640486119760827e-06 1.291075214866268e-05 1.576697811447632e-05 2.2838112828498247e-05 -8.918162042091242e-06 -6.210539741290817e-06 -8.4888730727422e-06 -1.5489959350303425e-05 -8.339913976475459e-06 9.64919722802121e-06 2.5819735796444394e-05 -2.968965728363454e-06 -1.662326925207559e-05 -1.6765711851992553e-05 -1.2125224629693644e-05 6.031453708657604e-06 2.4920432621816174e-05 -1.8826661700827695e-05 1.6947601310459313e-05 -1.4189684261883318e-05 9.431014336753105e-06 -1.8834006636208127e-05 1.4749971660745466e-05 -9.218230113286175e-07 -1.4835174710610661e-05 9.836232372990699e-06 -2.0548818921304934e-05 2.9562768812716648e-05 6.550844841624258e-06 1.510993336177002e-05 -8.290793811614833e-06 -1.1435747480306944e-05 -1.5932520313469508e-05 -1.0963152328775555e-05 1.003378853953253e-05 -9.819759329062193e-06 7.10559034388434e-06 2.7141689851820014e-06 -9.267461882568077e-06 2.6603819786210143e-05 2.3986443769159296e-06 -1.594613331103963e-05 -2.630993792576129e-05 2.026215752320661e-06 -5.304045452630057e-07 1.0619737327668735e-05 2.5102569449564625e-05 -1.5282166425156717e-05 2.7613290292293555e-05 -1.3280136193260908e-05 1.6873596085629474e-06 -1.5642350594278757e-06 -6.599965894205405e-06 -1.4230219006332622e-05 -2.7584120329155905e-07 2.511156248302966e-06 1.9738824627970317e-06 -2.15141046235213e-06 -1.02154533121896e-06 -2.6519714980447617e-05 4.317949666441708e-06 2.7597208397436772e-05 2.435404283180157e-06 2.0664835805993396e-05 -2.9591532162189537e-05 -2.5423865990998628e-05 -1.6886941968248547e-05 -2.35475817748842e-05 -1.2595719828891491e-05 1.6834140229919404e-05 1.03042323570067e-05 -1.1600257883140273e-05 1.4220225242516334e-05 -1.278470870741472e-05 -5.109763904086912e-06 1.1907663132502751e-05 -2.2675491279268865e-06 2.0795749623682216e-05 -9.33297370368299e-06 1.0290154248319775e-05 4.7054070468799704e-08 7.883647695978508e-06 -1.9302537662329148e-05 1.0518056670739414e-05 -9.739774673825626e-06 -1.6229068775962238e-06 -1.72780532117951e-06 1.4737647264005715e-05 1.3868565346990774e-05 -1.672563631601458e-05 2.3526407779734728e-05 -2.9829405229802122e-05 -1.360601779589099e-05 -7.486885559745081e-06 -9.76747679196998e-07 -1.889178077780058e-05 -9.725627953392995e-06 -1.7253985443475247e-05 -8.608510127151542e-06 9.444519608050915e-07 -3.438346331008643e-06 -1.6001159771820057e-05 -2.9629341974958072e-06 1.9898939912908645e-06 1.883192543831859e-05 -8.554445409136872e-06 2.8251912310768405e-05 -2.0567319120866368e-05 -3.6077758838219403e-06 -2.068801468632476e-05 5.829870603833682e-06 -1.6419610084881807e-05 -1.320415013332319e-05 -2.9015956244035983e-05 3.1929269367752495e-05 -3.4492821008649583e-06 2.1949488144382754e-05 -2.282700314779621e-05 5.028757103668381e-06 3.1819756170458005e-06 -2.546814428858563e-05 -1.724041335587856e-05 -2.8680035757648815e-05 -5.502492210049154e-06 1.5878103871050385e-05 2.0778988463817626e-05 -2.477316128639568e-05 2.1540568673904845e-05 -9.380420990057463e-06 -1.1969906878001803e-06 1.7340927223634343e-05 -8.458605040252221e-07 -1.4101446970879894e-05 1.4632273148963521e-07 -2.3546807449788344e-05 3.20563309880672e-05 1.9774481231869858e-05 -1.0559190686171541e-05 -1.787113681550524e-05 -9.674331523870489e-06 7.414848728652612e-06 -1.1299442827741185e-05 -1.0363007772043902e-05 -2.808752169040016e-05 1.6734908115071113e-05 1.175130204652299e-05 -1.6986555487096394e-05 -8.014487290449519e-06 1.7421927555070688e-06 -5.971125500579071e-06 3.446411215596346e-05 -2.0493938129840228e-05 -3.577481421179186e-06 6.63609267092037e-06 -7.08964399466401e-07 9.795261672058359e-06 -1.155830241802311e-06 -1.229877152414086e-05 1.106744018531348e-05 -1.3930881743483417e-05 -2.07394608820263e-06 1.3112801745464337e-05 3.7431672526632863e-06 -1.6190548003968168e-05 -8.455094658680768e-06 2.412520257152914e-05 -2.3436888098354833e-05 -2.226008987649504e-06 1.3124116269999501e-05 -1.0467652589594852e-05 -1.1510262096919046e-05 2.5714952018592694e-05 -1.508725445639574e-05 2.9097689489956485e-05 1.4367070918350233e-05 -2.5642109266826347e-05 2.9578140374736916e-06 1.2264361766097254e-05 -4.970227214193117e-06 -9.340950678676017e-06 1.1907976893664321e-05 -1.0974395964702426e-05 -1.844578839656569e-06 -8.335703687231001e-08 -6.440224540920136e-06 1.7518428417965628e-05 -1.8658050214981797e-05 -7.881664954654508e-06 -1.655428814506594e-05 3.132794257694821e-05 -1.6701277788498904e-05 -1.1146477627460985e-05 7.602972142898482e-06 7.375557367369768e-06 -7.545344186065696e-07 -3.478506429009099e-07 -5.98435997916403e-08 -3.2657764717072005e-06 2.041287485765547e-05 2.7795539606903483e-06 -1.8818583405691473e-07 -1.5357867577247933e-06 9.61268765625118e-06 8.645544345764542e-06 1.8579206470148832e-05 -2.6705907093970483e-05 -1.6115998255825787e-05 -1.6075446836435912e-05 -5.713679245246275e-06 -2.007086426739479e-06 8.568823403387523e-06 -3.4330113065551115e-05 1.8459434233718014e-05 -1.0235797233385723e-05 -1.5979977417926412e-05 -7.327265576518972e-06 1.913900185545232e-05 1.531120633273127e-05 -1.202820802386998e-05 -1.2969299955581892e-05 -1.3446829070217448e-05 5.033854164944243e-06 3.290649287374415e-06 7.260226172263838e-06 -5.170869201631788e-07 4.143797656146501e-06 2.3193176956863564e-05 -2.445012583070927e-06 -8.102291505124252e-06 1.0547304088156244e-05 2.3554411765031792e-05 4.4219925871962614e-06 -1.4702966587891472e-05 -1.1318063988156503e-05 -4.944244090859332e-06 -2.1677221976574873e-05 5.589971682092513e-06 -1.8617751265421507e-05 -9.796996710923191e-06 1.3444355304231276e-05 -8.23195213005381e-06 2.87470166970633e-07 -1.284764094015609e-05 -9.951820579733e-06 -3.932767374924998e-06 1.6808720165695672e-05 -6.012937332198608e-06 -1.2424975406051915e-05 -1.5030624814418376e-06 -1.1002126727191604e-05 3.1978778522362087e-06 2.369657509515827e-06 7.898232344969466e-06 -1.4084565725632736e-05 -2.6313153245558487e-06 1.6807912513900837e-05 -2.2004875575662754e-06 -8.318662614665352e-06 3.842950563867941e-06 -5.991940538754651e-06 1.566791960598709e-07 1.182310273274875e-05 1.0161776436547788e-05 -2.371269783263188e-06 -1.2473291708609827e-05 4.682785055364389e-06 -8.005286521437243e-06 3.7622575816475797e-06 9.440266803768987e-06 1.996894500314492e-05 -1.221702929290237e-05 1.0033636207471027e-05 -4.538145710838829e-06 7.851068163715518e-06 -4.034734664525474e-06 1.0389616453334883e-05 -2.628226535119249e-06 -7.919779907067423e-06 -2.3871542501690637e-05 2.1839501828981445e-05 1.3045949854337265e-05 -8.936586303155665e-06 -2.29383152062436e-06 2.7367381717210257e-05 4.2465038470476175e-05 -3.832448166045167e-06 -2.8608904390014292e-05 1.3654911968812716e-05 -2.593737431752456e-05 2.97153854891147e-05 -1.991111732869956e-05 -1.3447477342743607e-05 -6.641784506902373e-06 2.8932098373877668e-05 -7.450466056005779e-06 -3.6977481280304294e-05 -2.680621226601045e-05 -1.0159382322638077e-07 -9.848695214672044e-06 5.405683257796806e-06 5.972911400858322e-06 -1.938605013216458e-05 -2.7578889502242366e-06 1.477201960801485e-05 4.031364604914089e-06 -5.672512596388907e-06 1.6840419263271302e-05 -2.5820365777436033e-05 1.0407428913326897e-05 1.21422559118903e-05 7.342940600484541e-06 2.0534646331813415e-05 9.180527921823532e-06 3.1339861828922993e-06 2.2441414661328564e-06 -2.5712430421111364e-05 1.1167308816275908e-05 1.2444776994632312e-05 -1.2162439517373893e-05 -3.7628305157115435e-07 1.421938420025197e-05 -2.948153329815096e-05 1.7163650875764193e-05 -3.0574379827715916e-06 -1.8577481088878727e-06 -1.235265559865603e-05 2.5455276072214767e-05 -1.0376523978616064e-06 4.76306683861099e-06 -2.194663986938426e-05 -1.6056409411094605e-06 3.382794935503775e-05 -1.20148692859489e-05 -1.1669565557236078e-05 -9.68448739346253e-07 -7.703209398677077e-06 -6.902460734431676e-07 -3.4740632441329974e-07 -3.21639974234425e-05 3.0360976449645946e-05 1.1623009425702113e-09 -1.15299108737245e-05 -2.3370185250897553e-05 -6.643354395657452e-06 -1.558294727360864e-05 2.201368749220238e-06 1.1851476841347871e-05 -8.12059539258558e-06 7.140891083958725e-06 -1.885962722292613e-05 -1.4917617710829364e-05 2.4264353412386077e-05 -2.0309922215439446e-05 3.999782601672041e-06 -1.1278981606562038e-06 1.1260170631450869e-05 -1.398040946625578e-05 9.60044726628189e-06 5.6602511860295305e-06 -4.0029086097506693e-05 1.4021265939288491e-05 8.501249932181725e-06 6.9012928599398685e-06 -1.881400686236129e-05 1.0208484970198457e-05 -2.8522283443388717e-05 1.089666798929557e-05 -1.7828569393503158e-05 -8.12157310264166e-06 -3.897428271480542e-06 3.447251731880034e-05 -4.24163032963725e-05 -3.736150901373598e-06 -8.149653053771609e-06 3.962956799666485e-06 5.679168705539249e-06 1.1910593611184426e-05 9.213233394954811e-07 -1.702986067999662e-05 -7.148950495207283e-06 2.2601630057421535e-05 6.583869483322489e-06 2.1565691379344035e-05 2.5773275070396743e-05 -6.070446397789831e-06 -2.682036452261658e-05 -5.064189773472358e-06 3.5749106016303734e-05 -1.2551930507007076e-05 -3.661739203436235e-05 2.8364785158635968e-05 -8.090453000490611e-06 4.142882842967129e-06 8.501752584820479e-06 -1.8178700515731964e-05 7.762579159625344e-07 -3.6866570532510197e-06 -2.1289937718160414e-05 -2.0260959085997997e-05 1.731463639461969e-05 -7.769309707107652e-07 -1.0436576728585883e-05 3.1839210882335367e-06 4.357147373648761e-06 9.245290874059477e-06 1.2834627102995664e-05 -1.5265862704079876e-05 -1.8902903944958982e-05 -2.07144454846179e-05 8.372302086688652e-06 -1.4093750893579998e-05 2.2184925306601234e-05 2.645989154728387e-06 -1.0380731399916142e-05 -2.2947138841363556e-05 -2.2093694396805017e-05 -6.705873315152765e-06 -2.5083857439172046e-05 -8.409910347677133e-06 3.0462607982513365e-05 -5.143258420257768e-06 1.96616032183067e-05 -1.8857600249598508e-06 -1.5520208649166155e-05 1.3663456437262084e-06 1.362899109938271e-05 4.191439604574902e-06 -2.2769466610143148e-05 2.3947600464923948e-05 -1.2602295586282973e-05 -2.0233156111884824e-06 -1.564182195040537e-05 -1.3604629993397042e-05 7.7859591843137e-06 2.1340254371847807e-06 -1.9222652555589696e-05 2.4457646338751454e-05 1.076178155547399e-05 -1.0221474063438881e-06 3.4241142082887584e-06 1.7534821149877e-05 -1.9660815200991765e-06 -2.2426769852002373e-05 6.154936588491256e-06 -2.826361354191533e-06 6.8758467441036595e-06 1.7468850784104276e-05 -4.838606575205023e-06 1.4533881686518438e-05 -6.815346870060404e-06 1.3271561275029091e-05 6.860712581955609e-06 1.559940704138487e-05 2.7950004616544585e-06 1.2250769392221195e-05 -3.0081363609744257e-06 -3.0334912720711847e-05 2.4323199763209664e-05 1.2212732543545913e-06 1.5706024023287305e-05 -1.1023526325194812e-05 7.444610916172201e-06 -1.834715276421673e-06 1.3395053389864307e-05 -1.1873813661445933e-05 -2.3748685090153083e-06 1.2154681311595617e-05 2.0510339830024047e-05 -5.227719234105422e-06 -1.3999653802286205e-05 -9.173801614729424e-07 4.3258355398298225e-06 4.931813300775575e-05 2.056330286128726e-05 1.323553210025516e-05 2.2352522120852046e-06 1.3743788808911616e-06 -4.378561973980815e-07 -1.0641684041601088e-05 -1.279700624715016e-05 -1.1500342331319233e-05 7.070937605179192e-07 -2.2344598375692164e-05 -9.940420419252564e-06 -1.5739539753283047e-05 1.6249842858853244e-05 -1.1905261788824321e-06 -6.442027368526071e-06 1.0855579046270209e-05 2.351646192703632e-05 7.023575802503455e-06 2.2865975781806934e-05 -9.4742029209675e-06 4.689123458953016e-07 1.858583792179846e-05 1.1685977824312417e-05 -1.4934200136171543e-05 3.280292641387648e-06 1.95543749700829e-05 1.5695745090016447e-05 2.5383238242329115e-06 5.937050121772055e-06 -1.4813990487429458e-05 -1.2511257160881663e-05 3.323068970255618e-05 2.2108107296350794e-06 2.8497055284095046e-05 7.366134295055826e-07 1.1874185944554242e-05 -2.734744579875535e-05 -8.885012512100855e-06 3.445104528065614e-05 -3.216272658152705e-05 2.1271743462055188e-05 -2.0984190456859023e-06 -1.896080605260283e-05 5.110703090286947e-07 1.4986450086157789e-05 9.452171748910845e-06 3.4566207663784435e-06 -7.209021187844424e-06 9.836179064029789e-06 -2.8368715240073992e-05 -2.396493320702448e-05 1.6252322956900484e-06 -1.1057895656013314e-06 -1.391128997148653e-05 -1.929053999814928e-07 -2.7943081376035335e-05 -2.622856050025786e-06 -1.5495622886803235e-06 -1.7514688651650265e-07 -2.4735738979557735e-05 -6.518530546894628e-06 2.9684139942679758e-06 1.5389685051851147e-05 -1.5858399063841596e-05 2.372408858638814e-05 -2.0366901780611133e-05 9.316597724965068e-07 3.527848679703859e-05 -1.0394044378516135e-06 4.130974406985297e-06 -1.2397031625328536e-05 -2.496594971667882e-06 3.673995987163004e-07 1.4560524521470684e-05 2.1510444595328268e-05 7.425160352577823e-06 -2.628897068006117e-06 -5.33573707424955e-06 8.677895621932056e-06 -2.9324811018111114e-06 -4.14910464138861e-06 1.1963694979724227e-05 1.8263563830245218e-08 -2.532518692431451e-05 -1.3084065221623444e-06 5.88306086573888e-08 1.7105666968231776e-05 -6.002223869975145e-05 2.013340819790818e-05 4.557682798170212e-05 2.4835243869140555e-05 -2.4515882572797656e-05 1.1364618319838701e-05 1.6579884133815956e-05 -2.5107069708434516e-05 1.536623143522758e-05 -1.3956858514905735e-05 1.0650074441030366e-05 1.4946389208115103e-06 5.439631923083695e-05 -2.268800288095725e-05 -3.5075432337149465e-06 -8.654793728951001e-06 -1.191255873811202e-05 -4.950908244897486e-06 -1.6170220700836427e-05 -2.770292895638364e-05 -2.1906462839676263e-05 -8.438437904951485e-06 4.85601844303819e-06 -7.013558016168906e-07 9.719693163796135e-06 8.421164895122712e-06 1.1393491847194735e-05 1.0565068173773011e-05 -1.6623611680293703e-05 -1.1664414077454276e-05 2.7687139178517304e-06 6.307055404866859e-06 -1.3764949287563625e-05 4.7187537234090765e-05 -2.6173500644696843e-05 5.785928406816151e-06 2.885481362314897e-05 -3.995048052653268e-06 3.0551097607868544e-05 -1.5905975114189536e-05 -9.585822625535865e-06 -2.392113844083626e-06 7.366714414361367e-06 -5.508406373718379e-08 -2.1624407152583477e-05 2.334358532535516e-05 -1.0838684883662718e-06 -1.1612206589870753e-05 1.8927611678641335e-05 -2.457554245462381e-07 8.480968002769435e-06 2.7428599012710543e-05 -1.4908558566836402e-05 -1.2586006461540265e-05 2.307493600255011e-05 5.8839195195489314e-06 -1.1006373578945107e-05 -2.5216185679957646e-05 1.4636734660915387e-05 2.8560193950857647e-05 -2.908956906831361e-05 1.45832517466376e-05 -9.586356478920612e-06 -3.29001026010162e-06 3.0270427916027902e-05 1.7991462688423605e-06 2.1344623443771514e-06 -5.041459333762857e-05 -3.5275096572657544e-06 2.1317576704955976e-05 -3.653396494491138e-05 9.647743368923657e-06 -1.4953391005864094e-05 -1.2760252267693334e-05 -9.516805528292671e-06 3.5247298299525207e-06 7.382682086957687e-06 -3.149411777631017e-05 2.3244917624503655e-05 -3.332376901700551e-05 -1.0437351972993726e-05 8.070345217859777e-06</DataArray>
</CellData><Points>
<DataArray type="Float64" Name="Points" format="ascii" NumberOfComponents="3">0.0153486 0.0102396 0.0123436 0.0140345 0.0107244 0.0127216 0.0153486 0.0102396 0.0123436 0.015635431520482898 0.0114388 0.0130018 0.0153486 0.0102396 0.0123436 0.017003924520482896 0.0104747 0.0125467 0.0153486 0.0102396 0.0123436 0.0141406 0.00928317 0.0117879 0.0153486 0.0102396 0.0123436 0.0150678 0.0116817 0.010994 0.00526612 0.0143938 0.00668311 0.00452987 0.0152968 0.00757785 0.00526612 0.0143938 0.00668311 0.00393701 0.0147811 0.0057769 0.00526612 0.0143938 0.00668311 0.00598849 0.0131524 0.00582001 0.00526612 0.0143938 0.00668311 0.00384937 0.0130422 0.00698835 0.00526612 0.0143938 0.00668311 0.00706248 0.0150516 0.00675009 0.0015672 0.0131597 0.0146377 -5.183452048289827e-05 0.0126625 0.0144407 0.0015672 0.0131597 0.0146377 0.00179503 0.0141454 0.0132532 0.0015672 0.0131597 0.0146377 0.00322545 0.0135731 0.0144265 0.00999458 0.00113472 0.00944923 0.0106528 0.00156436 0.00818475 0.00999458 0.00113472 0.00944923 0.00855049 0.00120549 0.00909799 0.00999458 0.00113472 0.00944923 0.00979045 -0.00027013452048290027 0.0108447 0.00928481 0.00176466 0.00149975 0.00988321 0.0006476939999999999 0.000721953 0.00928481 0.00176466 0.00149975 0.0108053 0.00205166 0.000923876 0.00928481 0.00176466 0.00149975 0.00820679 0.000596175 0.000981926 0.00928481 0.00176466 0.00149975 0.00994371 0.000563877 0.00245812 0.00928481 0.00176466 0.00149975 0.00781505 0.0028999 0.00115365 0.0121023 0.0090092 0.0146609 0.0126906 0.00931031 0.0130658 0.0121023 0.0090092 0.0146609 0.0123916 0.0106907 0.0144228 0.0121023 0.0090092 0.0146609 0.0111045 0.00763609 0.0144561 0.00111338 0.00184047 0.014653 -0.00020023452048289927 0.00236019 0.0147477 0.00111338 0.00184047 0.014653 0.00243888 0.00287291 0.0145113 0.00111338 0.00184047 0.014653 0.00163745 0.00022794999999999998 0.0144584 0.011869 0.00174644 0.00644736 0.0116553 0.00046540800000000005 0.00574228 0.011869 0.00174644 0.00644736 0.0120936 0.00163847 0.00789071 0.011869 0.00174644 0.00644736 0.0102969 0.00103628 0.0066543 0.011869 0.00174644 0.00644736 0.011211 0.00300662 0.00507968 0.0107321 0.00258223 0.00698757 0.00987772 0.00370547 0.00736107 0.0107321 0.00258223 0.00698757 0.0114146 0.00291316 0.00823984 0.0107321 0.00258223 0.00698757 0.0113774 0.0041081 0.00693719 0.0107321 0.00258223 0.00698757 0.0102969 0.00103628 0.0066543 0.00671024 0.00902743 0.0146724 0.00614702 0.010572 0.0144763 0.00671024 0.00902743 0.0146724 0.00791916 0.00791884 0.0144381 0.00608027 0.00738984 0.00687552 0.00767645 0.00737492 0.00744794 0.00608027 0.00738984 0.00687552 0.00595248 0.00634115 0.00815811 0.00608027 0.00738984 0.00687552 0.00543637 0.00644766 0.00525081 0.00608027 0.00738984 0.00687552 0.00621372 0.00910416 0.0060357 0.0118054 0.0144122 0.00708916 0.0126454 0.0135879 0.00618766 0.0118054 0.0144122 0.00708916 0.011373 0.0131125 0.00660351 0.0118054 0.0144122 0.00708916 0.0108114 0.0152196 0.00816243 0.0118054 0.0144122 0.00708916 0.01052 0.0145903 0.00600404 0.0118054 0.0144122 0.00708916 0.0131083 0.0151519 0.00634209 0.00240753 0.0142308 0.00635499 0.00393701 0.0147811 0.0057769 0.00240753 0.0142308 0.00635499 0.00181124 0.0132134 0.00762017 0.00240753 0.0142308 0.00635499 0.00384937 0.0130422 0.00698835 0.00240753 0.0142308 0.00635499 0.0004410579999999998 0.0142181 0.00625604 0.00987772 0.00370547 0.00736107 0.0103861 0.00503616 0.00827921 0.00987772 0.00370547 0.00736107 0.00923665 0.00322447 0.00599881 0.00987772 0.00370547 0.00736107 0.00847306 0.00419297 0.00816946 0.00987772 0.00370547 0.00736107 0.0113774 0.0041081 0.00693719 0.00987772 0.00370547 0.00736107 0.00984837 0.00503392 0.00629402 0.00987772 0.00370547 0.00736107 0.00974463 0.00289627 0.00879783 1.65985e-05 0.00438167 0.00213117 0.00062275 0.00519854 0.00349011 1.65985e-05 0.00438167 0.00213117 0.00173579 0.00459043 0.00196659 1.65985e-05 0.00438167 0.00213117 -0.0013119345204828982 0.00360548 0.00294147 1.65985e-05 0.00438167 0.00213117 -0.0007038345204828979 0.00341406 0.0009378749999999999 0.000541365 0.00928478 0.0146318 0.00204005 0.00923041 0.0146005 0.000541365 0.00928478 0.0146318 0.000945682 0.0109312 0.0144409 0.000541365 0.00928478 0.0146318 3.89826e-05 0.0081579 0.0131157 0.0142853 0.00662991 0.0133666 0.015618355520482899 0.00641811 0.0144308 0.0142853 0.00662991 0.0133666 0.0147707 0.00587993 0.0119649 0.0142853 0.00662991 0.0133666 0.0135467 0.00749125 0.0121126 0.0142853 0.00662991 0.0133666 0.0131435 0.00727658 0.0144219 0.0142853 0.00662991 0.0133666 0.015409617120482898 0.0081579 0.0131157 0.0142853 0.00662991 0.0133666 0.0139858 0.00493453 0.0142217 0.0094891 0.00201548 0.00499725 0.00923665 0.00322447 0.00599881 0.0094891 0.00201548 0.00499725 0.0104887 0.000829647 0.00455374 0.0094891 0.00201548 0.00499725 0.010051 0.00227449 0.00345823 0.0094891 0.00201548 0.00499725 0.00888491 0.0004874580000000001 0.00554631 0.0094891 0.00201548 0.00499725 0.011211 0.00300662 0.00507968 0.00999643 0.00677516 0.00402516 0.0104086 0.00643115 0.00240851 0.00999643 0.00677516 0.00402516 0.00834797 0.00664884 0.00350222 0.00999643 0.00677516 0.00402516 0.00920862 0.00535279 0.00456381 0.00999643 0.00677516 0.00402516 0.0103713 0.00800719 0.00515988 0.0122819 0.00905169 0.0114118 0.0126906 0.00931031 0.0130658 0.0122819 0.00905169 0.0114118 0.0125938 0.0106869 0.0116185 0.0122819 0.00905169 0.0114118 0.0131232 0.00808398 0.00997873 0.0122819 0.00905169 0.0114118 0.0114549 0.00729191 0.0115536 0.0129044 0.0115506 0.0130535 0.0140345 0.0107244 0.0127216 0.0129044 0.0115506 0.0130535 0.0112976 0.0117482 0.0125535 0.0129044 0.0115506 0.0130535 0.0142893 0.0124847 0.0128352 0.0129044 0.0115506 0.0130535 0.0125938 0.0106869 0.0116185 0.0129044 0.0115506 0.0130535 0.0125621 0.013166 0.0125539 0.0129044 0.0115506 0.0130535 0.0123916 0.0106907 0.0144228 0.000828119 0.000136638 0.0129331 0.00179503 -0.0012252345204828983 0.0132532 0.000828119 0.000136638 0.0129331 -3.5134520482899435e-05 -0.0012980345204828996 0.0126842 0.000828119 0.000136638 0.0129331 0.00163745 0.00022795 0.0144584 0.000828119 0.000136638 0.0129331 0.00203847 0.00163647 0.0127775 0.00420396 0.012976 0.00142036 0.00300475 0.0126469 0.00244603 0.00420396 0.012976 0.00142036 0.00587357 0.0122507 0.00114234 0.00420396 0.012976 0.00142036 0.00362933 0.01481 0.00113792 0.00909208 0.00176237 0.00768661 0.00897495 5.401329999999999e-05 0.00769147 0.00909208 0.00176237 0.00768661 0.00765235 0.00244764 0.00835558 0.00909208 0.00176237 0.00768661 0.0102969 0.00103628 0.0066543 0.00909208 0.00176237 0.00768661 0.00974463 0.00289627 0.00879783 0.00925546 0.0067989 0.00538431 0.00783985 0.0066119 0.00555275 0.00925546 0.0067989 0.00538431 0.00847575 0.00784811 0.00603836 0.00925546 0.0067989 0.00538431 0.00920862 0.00535279 0.00456381 0.00925546 0.0067989 0.00538431 0.00980171 0.0073182 0.00695147 0.00925546 0.0067989 0.00538431 0.0103713 0.00800719 0.00515988 0.0125551 0.0139975 0.00482362 0.0126454 0.0135879 0.00618766 0.0125551 0.0139975 0.00482362 0.0127709 0.0126568 0.00379471 0.0125551 0.0139975 0.00482362 0.0140686 0.013377 0.0052579 0.0125551 0.0139975 0.00482362 0.0112575 0.0145841 0.00352793 0.0125551 0.0139975 0.00482362 0.01353 0.0147092 0.00328388 0.0119244 0.0134355 0.011061 0.0114154 0.0120561 0.0102338 0.0119244 0.0134355 0.011061 0.0125621 0.013166 0.0125539 0.0119244 0.0134355 0.011061 0.0131033 0.0129878 0.00998857 0.0119244 0.0134355 0.011061 0.0119893 0.0149699 0.00993372 0.0126454 0.0135879 0.00618766 0.011373 0.0131125 0.00660351 0.0126454 0.0135879 0.00618766 0.0130911 0.0119945 0.00623744 0.0126454 0.0135879 0.00618766 0.0140686 0.013377 0.0052579 0.0126454 0.0135879 0.00618766 0.0131083 0.0151519 0.00634209 0.0114146 0.00291316 0.00823984 0.0120936 0.00163847 0.00789071 0.0114146 0.00291316 0.00823984 0.0124287 0.00428353 0.00841653 0.0106528 0.00156436 0.00818475 0.0120936 0.00163847 0.00789071 0.0106528 0.00156436 0.00818475 0.0108114 -0.00015103452048290003 0.00816243 0.0106528 0.00156436 0.00818475 0.0102969 0.00103628 0.0066543 0.0106528 0.00156436 0.00818475 0.0116697 0.00170435 0.00949332 0.0106528 0.00156436 0.00818475 0.00974463 0.00289627 0.00879783 0.00046256 0.00301017 0.00820784 -0.00042933452048290056 0.00312171 0.00681076 0.00046256 0.00301017 0.00820784 0.000896318 0.00296225 0.00983093 0.00046256 0.00301017 0.00820784 0.0016708399999999998 0.00224708 0.00704068 0.00046256 0.00301017 0.00820784 -0.0008734345204828999 0.0040673 0.00900414 0.00046256 0.00301017 0.00820784 0.00134192 0.00469062 0.00861409 0.000864512 0.00590688 0.0129225 0.000247721 0.00641811 0.0144308 0.000864512 0.00590688 0.0129225 -0.0005999345204828993 0.00587993 0.0119649 0.000864512 0.00590688 0.0129225 0.00121498 0.00673165 0.0114686 0.0110367 0.00388139 0.0093764 0.0103861 0.00503616 0.00827921 0.0110367 0.00388139 0.0093764 0.0124287 0.00428353 0.00841653 0.0110367 0.00388139 0.0093764 0.00974463 0.00289627 0.00879783 0.0110367 0.00388139 0.0093764 0.0103698 0.00270005 0.0108443 0.0110367 0.00388139 0.0093764 0.0126495 0.0034564 0.010404 0.00050488 0.00703557 0.00624387 0.00010237700000000001 0.00660374 0.00801827 0.00050488 0.00703557 0.00624387 0.00100782 0.00713125 0.00444529 0.0017877 0.0114908 0.00242982 0.00300475 0.0126469 0.00244603 0.0017877 0.0114908 0.00242982 0.00018849600000000002 0.0110279 0.00247512 0.0017877 0.0114908 0.00242982 0.00216632 0.0101455 0.00111132 0.0134982 0.0109293 0.00812318 0.0127071 0.0105871 0.00696638 0.0134982 0.0109293 0.00812318 0.0135183 0.00956019 0.00850375 0.0134982 0.0109293 0.00812318 0.0130167 0.0110777 0.00977267 0.0134982 0.0109293 0.00812318 0.0143623 0.0121269 0.00893026 0.0134982 0.0109293 0.00812318 0.012169 0.0123566 0.008173 0.00700756 0.00491465 0.00805517 0.00605086 0.00375021 0.00726297 0.00700756 0.00491465 0.00805517 0.00702395 0.00555058 0.00961226 0.00700756 0.00491465 0.00805517 0.00847306 0.00419297 0.00816946 0.00700756 0.00491465 0.00805517 0.00689028 0.00576707 0.00664587 0.0124663 0.00509952 0.00370978 0.0138314 0.00570298 0.00285196 0.0124663 0.00509952 0.00370978 0.0108441 0.0049835 0.00356731 0.0124663 0.00509952 0.00370978 0.0135902 0.00443037 0.00469132 0.00976456 0.00882884 0.0077924 0.0108841 0.00792292 0.00811984 0.00976456 0.00882884 0.0077924 0.00976593 0.0105226 0.00743497 0.00976456 0.00882884 0.0077924 0.00980171 0.0073182 0.00695147 0.00976456 0.00882884 0.0077924 0.00906767 0.00863574 0.00935665 0.0116553 0.000465408 0.00574228 0.012425 0.000921857 0.0042645 0.0116553 0.000465408 0.00574228 0.0102969 0.00103628 0.0066543 0.0116553 0.000465408 0.00574228 0.0104887 0.000829647 0.00455374 0.0116553 0.000465408 0.00574228 0.01052 -0.0007803345204828991 0.00600404 0.0116553 0.000465408 0.00574228 0.0131083 -0.00021873452048290027 0.00634209 0.00668315 0.00144821 0.000633228 0.00600185 0.00240046 0.00142779 0.00668315 0.00144821 0.000633228 0.00666077 0.00101672 0.00195043 0.00668315 0.00144821 0.000633228 0.00651061 -0.0002666345204829 0.000918837 0.00668315 0.00144821 0.000633228 0.00781505 0.0028999 0.00115365 0.00375417 0.00460973 0.00861407 0.00466342 0.00579947 0.00941853 0.00375417 0.00460973 0.00861407 0.00517395 0.00385498 0.0089787 0.00375417 0.00460973 0.00861407 0.00437907 0.00514183 0.00691744 0.00375417 0.00460973 0.00861407 0.00298729 0.00479725 0.0103195 0.0141098 0.00640558 0.00961235 0.0138727 0.00520246 0.0104578 0.0141098 0.00640558 0.00961235 0.0155006795204829 0.00557449 0.0102229 0.0141098 0.00640558 0.00961235 0.0131232 0.00808398 0.00997873 0.00103711 0.00407995 0.00675743 0.000887011 0.0052705 0.00552041 0.00103711 0.00407995 0.00675743 0.00224932 0.00530156 0.00686717 0.00103711 0.00407995 0.00675743 0.00167084 0.00224708 0.00704068 0.00103711 0.00407995 0.00675743 0.00134192 0.00469062 0.00861409 0.00620322 0.0125122 0.00738092 0.0051474 0.0116151 0.00696548 0.00620322 0.0125122 0.00738092 0.00775332 0.0131311 0.00764113 0.00620322 0.0125122 0.00738092 0.00598849 0.0131524 0.00582001 0.00227716 0.0118834 0.00668384 0.00181124 0.0132134 0.00762017 0.00227716 0.0118834 0.00668384 0.00384937 0.0130422 0.00698835 0.00227716 0.0118834 0.00668384 0.00210716 0.0103908 0.00796065 0.00227716 0.0118834 0.00668384 0.00312836 0.0120017 0.00494277 0.00600185 0.00240046 0.00142779 0.00499799 0.00368639 0.000931213 0.00600185 0.00240046 0.00142779 0.00546281 0.00329967 0.00275441 0.00600185 0.00240046 0.00142779 0.00486826 0.00127576 0.00103317 0.00600185 0.00240046 0.00142779 0.00781505 0.0028999 0.00115365 0.00836584 0.00148936 0.0137295 0.00767708 0.00217064 0.0147789 0.00836584 0.00148936 0.0137295 0.00902812 0.00014053000000000004 0.0144979 0.00836584 0.00148936 0.0137295 0.00983426 0.00183124 0.0144935 0.00836584 0.00148936 0.0137295 0.00758076 0.00010266500000000005 0.012649 0.011373 0.0131125 0.00660351 0.0103415 0.0127714 0.00535073 0.011373 0.0131125 0.00660351 0.0112425 0.0114017 0.00650677 0.011373 0.0131125 0.00660351 0.012169 0.0123566 0.008173 0.00645977 0.00279255 0.0145948 0.00767708 0.00217064 0.0147789 0.00645977 0.00279255 0.0145948 0.00553643 0.00358944 0.0135066 0.0136838 0.00738808 0.0082535 0.0121296 0.00687908 0.00849013 0.0136838 0.00738808 0.0082535 0.0135321 0.00572351 0.00796562 0.0136838 0.00738808 0.0082535 0.014846 0.00858721 0.00869122 0.0136838 0.00738808 0.0082535 0.0154730115204829 0.00660374 0.00801827 0.0136838 0.00738808 0.0082535 0.0131232 0.00808398 0.00997873 0.0136838 0.00738808 0.0082535 0.0142883 0.00822166 0.00666016 0.0151704 0.00236019 0.0147477 0.0153951098204829 0.00194654 0.0131345 0.0151704 0.00236019 0.0147477 0.013544 0.00258217 0.0139382 0.0016377 0.00112179 0.00255957 0.00259358 0.000125626 0.00259793 0.0016377 0.00112179 0.00255957 0.00122156 0.00192236 0.00388018 0.0016377 0.00112179 0.00255957 0.00122558 -0.0001363345204828993 0.00120664 0.0016377 0.00112179 0.00255957 0.00118261 0.00257528 0.00142881 0.0016377 0.00112179 0.00255957 0.0006422980000000001 -0.00016613452048289926 0.0036321 0.011642 0.0101147 0.0101582 0.0130167 0.0110777 0.00977267 0.011642 0.0101147 0.0101582 0.0103964 0.0107681 0.0111436 0.011642 0.0101147 0.0101582 0.0115988 0.00971266 0.00823224 0.0118976 0.006135 0.0146558 0.0111573 0.00538703 0.0136602 0.0118976 0.006135 0.0146558 0.0131435 0.00727658 0.0144219 0.0118976 0.006135 0.0146558 0.0111045 0.00763609 0.0144561 0.000262572 0.00148328 0.00837752 0.00116653 0.00024892800000000004 0.00770986 0.000262572 0.00148328 0.00837752 -0.001138834520482899 0.00172902 0.00966919 0.00734129 0.011382 0.00870452 0.00803012 0.0112866 0.00712907 0.00734129 0.011382 0.00870452 0.00631146 0.0119816 0.00996341 0.00734129 0.011382 0.00870452 0.00631435 0.0105618 0.00761167 0.00734129 0.011382 0.00870452 0.00831361 0.0127719 0.00968534 0.0127071 0.0105871 0.00696638 0.0130911 0.0119945 0.00623744 0.0127071 0.0105871 0.00696638 0.0112425 0.0114017 0.00650677 0.0127071 0.0105871 0.00696638 0.0132134 0.00979868 0.00560001 0.0127071 0.0105871 0.00696638 0.0115988 0.00971266 0.00823224 0.00452987 0.0152968 0.00757785 0.00554049 0.0166738945204829 0.00760843 0.00452987 0.0152968 0.00757785 0.00316184 0.016098982520482898 0.00686216 0.00452987 0.0152968 0.00757785 0.00292616 0.0147691 0.00856127 0.00256934 0.0132441 0.00969301 0.002376 0.0146124 0.010657 0.00256934 0.0132441 0.00969301 0.00311871 0.0117482 0.00918001 0.00256934 0.0132441 0.00969301 0.00227017 0.0120674 0.0108716 0.00256934 0.0132441 0.00969301 0.00292616 0.0147691 0.00856127 0.000925316 0.00957299 0.00233219 0.00112265 0.00916302 0.00384325 0.000925316 0.00957299 0.00233219 0.00018849600000000002 0.0110279 0.00247512 0.000925316 0.00957299 0.00233219 0.00216632 0.0101455 0.00111132 0.00201073 0.00553128 0.000628513 0.00356461 0.00530755 0.000971482 0.00201073 0.00553128 0.000628513 0.00173579 0.00459043 0.00196659 0.00201073 0.00553128 0.000628513 0.00242491 0.00721216 0.000827314 0.00201073 0.00553128 0.000628513 0.0004462940000000001 0.00635401 0.00134377 0.0130754 0.0139879 0.00842134 0.0140674 0.0133788 0.00723346 0.0130754 0.0139879 0.00842134 0.0129399 0.0156085875204829 0.00813466 0.0130754 0.0139879 0.00842134 0.012169 0.0123566 0.008173 0.0130754 0.0139879 0.00842134 0.0146181 0.0146208 0.00931495 0.00920726 3.93217e-05 0.00390447 0.00788563 -0.0007069345204829 0.00449433 0.00920726 3.93217e-05 0.00390447 0.0104887 0.000829647 0.00455374 0.00920726 3.93217e-05 0.00390447 0.00942635 -0.0016616345204828993 0.00395119 0.00920726 3.93217e-05 0.00390447 0.00994371 0.000563877 0.00245812 0.00920726 3.93217e-05 0.00390447 0.00888491 0.000487458 0.00554631 0.00920726 3.93217e-05 0.00390447 0.00807139 0.00149959 0.00315444 0.00767708 0.00217064 0.0147789 0.00671084 0.0009189670000000001 0.0144332 0.00767708 0.00217064 0.0147789 0.00860925 0.00366028 0.0142021 0.0101123 0.000629817 0.013238 0.00910831 0.00145795 0.0120769 0.0101123 0.000629817 0.013238 0.00902812 0.00014053000000000004 0.0144979 0.0101123 0.000629817 0.013238 0.011678 -0.00023493452048289854 0.0123851 0.00855049 0.00120549 0.00909799 0.00821564 -0.00044153452048289847 0.0094341 0.00855049 0.00120549 0.00909799 0.00765235 0.00244764 0.00835558 0.00855049 0.00120549 0.00909799 0.00786231 0.00100995 0.0106685 0.00801698 0.00861241 0.0109109 0.00717184 0.00733044 0.0116845 0.00801698 0.00861241 0.0109109 0.00958862 0.00910755 0.0112324 0.00801698 0.00861241 0.0109109 0.00644117 0.00915279 0.0111228 0.00801698 0.00861241 0.0109109 0.00702203 0.00774524 0.00951469 0.00801698 0.00861241 0.0109109 0.00911104 0.00703365 0.010864 0.00801698 0.00861241 0.0109109 0.00812002 0.0104816 0.0104423 0.0140345 0.0107244 0.0127216 0.0143384 0.0109769 0.0143863 0.0140345 0.0107244 0.0127216 0.0141406 0.00928317 0.0117879 0.0138727 0.00520246 0.0104578 0.0130616 0.00611955 0.0112727 0.0138727 0.00520246 0.0104578 0.0123666 0.00559209 0.00981637 0.0138727 0.00520246 0.0104578 0.0155006795204829 0.00557449 0.0102229 0.0138727 0.00520246 0.0104578 0.0144972 0.0040673 0.00900414 0.000745156 0.00796273 0.00262699 0.00112265 0.00916302 0.00384325 0.000745156 0.00796273 0.00262699 0.000868167 0.00843389 0.000946112 0.00803858 0.00922626 0.00305022 0.00925443 0.00810723 0.00273991 0.00803858 0.00922626 0.00305022 0.00866282 0.00852882 0.0045189 0.00803858 0.00922626 0.00305022 0.00792443 0.0105839 0.00442117 0.00783985 0.0066119 0.00555275 0.00847575 0.00784811 0.00603836 0.00783985 0.0066119 0.00555275 0.00689028 0.00576707 0.00664587 0.00783985 0.0066119 0.00555275 0.00699307 0.00771328 0.00456424 0.00988321 0.000647694 0.000721953 0.0108053 0.00205166 0.000923876 0.00988321 0.000647694 0.000721953 0.00820679 0.000596175 0.000981926 0.00988321 0.000647694 0.000721953 0.00994371 0.000563877 0.00245812 0.00988321 0.000647694 0.000721953 0.0116988 7.095319999999997e-05 0.0011701 0.00666077 0.00101672 0.00195043 0.00651061 -0.00026663452048290024 0.000918837 0.00666077 0.00101672 0.00195043 0.00807139 0.00149959 0.00315444 0.00666077 0.00101672 0.00195043 0.00549793 0.00117291 0.00348423 0.00505049 0.00857716 0.0120261 0.00613562 0.00809624 0.0131871 0.00505049 0.00857716 0.0120261 0.00470474 0.00835048 0.0101584 0.0150284 0.0003116 0.0109042 0.0158101235204829 0.0017736 0.0112538 0.0150284 0.0003116 0.0109042 0.0140251 0.000389447 0.0125822 0.0150284 0.0003116 0.0109042 0.0146181 -0.0007498345204828998 0.00931495 0.0135183 0.00956019 0.00850375 0.014846 0.00858721 0.00869122 0.0135183 0.00956019 0.00850375 0.0115988 0.00971266 0.00823224 0.0111573 0.00538703 0.0136602 0.0103115 0.00653467 0.0131652 0.0111573 0.00538703 0.0136602 0.0125627 0.0060441 0.0129981 0.0111573 0.00538703 0.0136602 0.0115829 0.00376957 0.0142467 0.0111573 0.00538703 0.0136602 0.0099113 0.00454078 0.0124573 0.0108841 0.00792292 0.00811984 0.0121296 0.00687908 0.00849013 0.0108841 0.00792292 0.00811984 0.00980171 0.0073182 0.00695147 0.0108841 0.00792292 0.00811984 0.011963 0.00756614 0.00648659 0.0108841 0.00792292 0.00811984 0.0115988 0.00971266 0.00823224 0.00204015 0.001451 0.0052922 0.00362234 0.00198278 0.00545843 0.00204015 0.001451 0.0052922 0.0003564290000000001 0.00136864 0.00552862 0.00204015 0.001451 0.0052922 0.00295719 0.00111458 0.00386686 0.00204015 0.001451 0.0052922 0.00122156 0.00192236 0.00388018 0.00204015 0.001451 0.0052922 0.00167084 0.00224708 0.00704068 0.00327132 0.010941 0.0125152 0.00163329 0.0104747 0.0125467 0.00327132 0.010941 0.0125152 0.00247417 0.0119146 0.0136837 0.00327132 0.010941 0.0125152 0.0048922 0.0109588 0.0130586 0.00327132 0.010941 0.0125152 0.00444909 0.0118166 0.01119 0.00327132 0.010941 0.0125152 0.00322235 0.00900388 0.012948 0.00646263 0.00157699 0.006324 0.00710933 0.000980264 0.00497748 0.00646263 0.00157699 0.006324 0.00554049 0.00130326 0.00760843 0.00646263 0.00157699 0.006324 0.00750539 0.00278551 0.00645921 0.00646263 0.00157699 0.006324 0.00515661 0.000876717 0.0056449 0.00119953 0.0145861 0.00942132 0.002376 0.0146124 0.010657 0.00119953 0.0145861 0.00942132 0.000601735 0.0139655 0.0108949 0.00119953 0.0145861 0.00942132 0.00292616 0.0147691 0.00856127 0.00119953 0.0145861 0.00942132 -0.0007525345204828996 0.0146208 0.00931495 0.00259358 0.000125626 0.00259793 0.00295719 0.00111458 0.00386686 0.00259358 0.000125626 0.00259793 0.00343631 -0.0011169345204829 0.00320013 0.00259358 0.000125626 0.00259793 0.00122558 -0.00013633452048290016 0.00120664 0.00259358 0.000125626 0.00259793 0.00362933 -0.0005606345204828991 0.00113792 0.0130616 0.00611955 0.0112727 0.0135467 0.00749125 0.0121126 0.0130616 0.00611955 0.0112727 0.0123666 0.00559209 0.00981637 0.0130616 0.00611955 0.0112727 0.0116886 0.00510188 0.0114819 0.0145896 0.0101101 0.00380902 0.0139952 0.0114578 0.00464797 0.0145896 0.0101101 0.00380902 0.0152658 0.00947348 0.00526168 0.0145896 0.0101101 0.00380902 0.0147171 0.00840553 0.00379187 0.0145896 0.0101101 0.00380902 0.0134424 0.0107753 0.00239017 0.00275862 0.00453676 0.0146728 0.00224412 0.00415124 0.0130933 0.00275862 0.00453676 0.0146728 0.00243888 0.00287291 0.0145113 0.00275862 0.00453676 0.0146728 0.00442375 0.00486337 0.0144517 0.00847575 0.00784811 0.00603836 0.00767645 0.00737492 0.00744794 0.00847575 0.00784811 0.00603836 0.00980171 0.0073182 0.00695147 0.00847575 0.00784811 0.00603836 0.00866282 0.00852882 0.0045189 0.00847575 0.00784811 0.00603836 0.00842177 0.00949936 0.00641444 0.0051474 0.0116151 0.00696548 0.00434784 0.0103591 0.00771598 0.0051474 0.0116151 0.00696548 0.00631435 0.0105618 0.00761167 0.0051474 0.0116151 0.00696548 0.0064823 0.0113227 0.00590426 0.0051474 0.0116151 0.00696548 0.00384937 0.0130422 0.00698835 0.000264797 0.0114388 0.0130018 0.00163329 0.0104747 0.0125467 0.000264797 0.0114388 0.0130018 -0.0010813345204829003 0.0124847 0.0128352 0.000264797 0.0114388 0.0130018 0.00117094 0.0126331 0.0122848 0.000264797 0.0114388 0.0130018 0.000945682 0.0109312 0.0144409 0.0150535 0.00691228 0.00304034 0.0138314 0.00570298 0.00285196 0.0150535 0.00691228 0.00304034 0.0147171 0.00840553 0.00379187 0.0150535 0.00691228 0.00304034 0.0158169285204829 0.00635401 0.00134377 0.0150535 0.00691228 0.00304034 0.0163784545204829 0.00713125 0.00444529 0.00457465 0.00780321 0.00632637 0.00427875 0.00866609 0.00487637 0.00457465 0.00780321 0.00632637 0.00346107 0.00893277 0.00689295 0.00457465 0.00780321 0.00632637 0.00543637 0.00644766 0.00525081 0.00375076 0.00721844 0.0123298 0.00277594 0.00784324 0.0111126 0.00375076 0.00721844 0.0123298 0.00475659 0.00651099 0.0134744 0.00375076 0.00721844 0.0123298 0.00279072 0.00579316 0.0122552 0.00375076 0.00721844 0.0123298 0.00527029 0.0064194 0.0114068 0.00375076 0.00721844 0.0123298 0.00322235 0.00900388 0.012948 0.008596 0.00609581 0.00677496 0.00767645 0.00737492 0.00744794 0.008596 0.00609581 0.00677496 0.00689028 0.00576707 0.00664587 0.008596 0.00609581 0.00677496 0.00980171 0.0073182 0.00695147 0.008596 0.00609581 0.00677496 0.00984837 0.00503392 0.00629402 0.0120936 0.00163847 0.00789071 0.0133204 0.00274453 0.00778056 0.0120936 0.00163847 0.00789071 0.0129399 0.00023795299999999995 0.00813466 0.0120936 0.00163847 0.00789071 0.0116697 0.00170435 0.00949332 0.00716873 0.00605124 0.00261354 0.00682598 0.00526733 0.00407929 0.00716873 0.00605124 0.00261354 0.00834797 0.00664884 0.00350222 0.00716873 0.00605124 0.00261354 0.00709947 0.00449155 0.00233685 0.00716873 0.00605124 0.00261354 0.00627104 0.00766247 0.00255371 0.00716873 0.00605124 0.00261354 0.00527784 0.00552292 0.00227463 0.000247721 0.00641811 0.0144308 0.000870692 0.0045641 0.0144644 0.000247721 0.00641811 0.0144308 3.89826e-05 0.0081579 0.0131157 0.000247721 0.00641811 0.0144308 -0.001384834520482899 0.00493453 0.0142217 0.00309402 0.00272585 0.00949494 0.00432826 0.00166205 0.0106352 0.00309402 0.00272585 0.00949494 0.00402929 0.00277514 0.00746911 0.00309402 0.00272585 0.00949494 0.00298729 0.00479725 0.0103195 0.000870692 0.0045641 0.0144644 0.00224412 0.00415124 0.0130933 0.000870692 0.0045641 0.0144644 0.00013095 0.00386518 0.0128704 0.0153188 0.0126625 0.0144407 0.0142893 0.0124847 0.0128352 0.0153188 0.0126625 0.0144407 0.0143384 0.0109769 0.0143863 0.0153188 0.0126625 0.0144407 0.016316316520482897 0.0109312 0.0144409 0.013414 0.0044499 0.0121839 0.0147707 0.00587993 0.0119649 0.013414 0.0044499 0.0121839 0.0149355 0.00386567 0.0110607 0.013414 0.0044499 0.0121839 0.0125627 0.0060441 0.0129981 0.013414 0.0044499 0.0121839 0.0116886 0.00510188 0.0114819 0.013414 0.0044499 0.0121839 0.0139858 0.00493453 0.0142217 0.013414 0.0044499 0.0121839 0.0126495 0.0034564 0.010404 0.00554576 0.00846332 0.000839091 0.00434051 0.00706233 0.00108022 0.00554576 0.00846332 0.000839091 0.00627104 0.00766247 0.00255371 0.00554576 0.00846332 0.000839091 0.00453165 0.0101919 0.00106329 0.00554576 0.00846332 0.000839091 0.00695193 0.0100389 0.00119781 0.00434784 0.0103591 0.00771598 0.00346107 0.00893277 0.00689295 0.00434784 0.0103591 0.00771598 0.00450527 0.0104941 0.00577002 0.00434784 0.0103591 0.00771598 0.00631435 0.0105618 0.00761167 0.00434784 0.0103591 0.00771598 0.00443221 0.0104068 0.00959159 0.0120673 0.0035224 0.00302792 0.0115811 0.00163573 0.0027031 0.0120673 0.0035224 0.00302792 0.0108441 0.0049835 0.00356731 0.0120673 0.0035224 0.00302792 0.0140587 0.00360548 0.00294147 0.0120673 0.0035224 0.00302792 0.0119794 0.00480724 0.00120932 0.007218 0.0115391 0.00263729 0.00707673 0.0132177 0.0036433 0.007218 0.0115391 0.00263729 0.00598048 0.0117729 0.00414084 0.007218 0.0115391 0.00263729 0.00885051 0.0121699 0.00319263 0.007218 0.0115391 0.00263729 0.00587357 0.0122507 0.00114234 0.007218 0.0115391 0.00263729 0.00695193 0.0100389 0.00119781 0.007218 0.0115391 0.00263729 0.00792443 0.0105839 0.00442117 0.00707673 0.0132177 0.0036433 0.00788563 0.0146637 0.00449433 0.00707673 0.0132177 0.0036433 0.00598048 0.0117729 0.00414084 0.00707673 0.0132177 0.0036433 0.00769193 0.0147256 0.00248624 0.00707673 0.0132177 0.0036433 0.00815076 0.012743 0.00551166 0.00707673 0.0132177 0.0036433 0.00550478 0.0141784 0.00255213 0.000887011 0.0052705 0.00552041 0.00224932 0.00530156 0.00686717 0.000887011 0.0052705 0.00552041 -0.0007250345204828992 0.00517135 0.00650049 0.000887011 0.0052705 0.00552041 7.947740000000003e-05 0.00343842 0.00472341 0.000887011 0.0052705 0.00552041 0.00100782 0.00713125 0.00444529 0.000385644 0.0108322 0.00913127 3.4682600000000006e-05 0.00992712 0.00746553 0.000385644 0.0108322 0.00913127 -0.0009826345204828986 0.00982033 0.0100191 0.000385644 0.0108322 0.00913127 -0.0010083345204828986 0.0121269 0.00893026 0.000385644 0.0108322 0.00913127 0.000872929 0.0127286 0.00939715 0.000385644 0.0108322 0.00913127 0.00210716 0.0103908 0.00796065 0.000385644 0.0108322 0.00913127 -0.00030283452048289917 0.0116817 0.010994 0.002376 0.0146124 0.010657 0.0006017349999999999 0.0139655 0.0108949 0.002376 0.0146124 0.010657 0.00426029 0.0151013 0.0102759 0.002376 0.0146124 0.010657 0.00292616 0.0147691 0.00856127 0.002376 0.0146124 0.010657 0.00346379 0.0152139 0.0123922 0.0147707 0.00587993 0.0119649 0.0155006795204829 0.00557449 0.0102229 0.00116653 0.000248928 0.00770986 0.00292616 -0.0006015345204828995 0.00856127 0.00116653 0.000248928 0.00770986 0.00167084 0.00224708 0.00704068 0.00116653 0.000248928 0.00770986 0.00044105800000000003 -0.0011525345204829007 0.00625604 0.00335451 0.0011388 0.0143883 0.00492043 0.00010442299999999997 0.0144368 0.00335451 0.0011388 0.0143883 0.00243888 0.00287291 0.0145113 0.00335451 0.0011388 0.0143883 0.00163745 0.00022794999999999998 0.0144584 0.00335451 0.0011388 0.0143883 0.00203847 0.00163647 0.0127775 0.00802149 0.0136317 0.0115733 0.00672031 0.0135267 0.0129133 0.00802149 0.0136317 0.0115733 0.00586722 0.013836 0.0110639 0.00802149 0.0136317 0.0115733 0.00831361 0.0127719 0.00968534 0.00802149 0.0136317 0.0115733 0.00758076 0.0154732995204829 0.012649 0.00802149 0.0136317 0.0115733 0.0095243 0.0140859 0.0129982 0.0135467 0.00749125 0.0121126 0.0125627 0.0060441 0.0129981 0.0135467 0.00749125 0.0121126 0.0141406 0.00928317 0.0117879 0.0135467 0.00749125 0.0121126 0.015409617120482898 0.0081579 0.0131157 0.0135467 0.00749125 0.0121126 0.0114549 0.00729191 0.0115536 0.00788563 0.0146637 0.00449433 0.00710933 0.0163508985204829 0.00497748 0.00788563 0.0146637 0.00449433 0.00601822 0.0147514 0.00474514 0.00788563 0.0146637 0.00449433 0.00942635 0.013709 0.00395119 0.00788563 0.0146637 0.00449433 0.00888491 0.015858092520482897 0.00554631 0.00788563 0.0146637 0.00449433 0.00815076 0.012743 0.00551166 0.00300475 0.0126469 0.00244603 0.00214493 0.0132244 0.0008938430000000001 0.00300475 0.0126469 0.00244603 0.00141266 0.0134246 0.00270396 0.00300475 0.0126469 0.00244603 0.00343631 0.0142537 0.00320013 0.00300475 0.0126469 0.00244603 0.00422476 0.0111463 0.00309329 0.00551038 0.000193278 0.0123506 0.00596955 0.000636167 0.010557 0.00551038 0.000193278 0.0123506 0.00524378 0.00172016 0.0134735 0.00551038 0.000193278 0.0123506 0.00586722 -0.0015346345204828996 0.0110639 0.00551038 0.000193278 0.0123506 0.00346379 -0.00015673452048289835 0.0123922 0.00551038 0.000193278 0.0123506 0.00758076 0.000102665 0.012649 0.00651061 0.015104 0.000918837 0.00769193 0.0147256 0.00248624 0.00651061 0.015104 0.000918837 0.00820679 0.0159668095204829 0.000981926 0.00651061 0.015104 0.000918837 0.00550478 0.0141784 0.00255213 0.0104086 0.00643115 0.00240851 0.0117323 0.00697224 0.00105765 0.0104086 0.00643115 0.00240851 0.0108441 0.0049835 0.00356731 0.0104086 0.00643115 0.00240851 0.0120278 0.00678938 0.00352259 0.0104086 0.00643115 0.00240851 0.0098952 0.00751971 0.00091923 0.0104086 0.00643115 0.00240851 0.00883329 0.00559434 0.00116341 0.00803012 0.0112866 0.00712907 0.00775332 0.0131311 0.00764113 0.00803012 0.0112866 0.00712907 0.00976593 0.0105226 0.00743497 0.00803012 0.0112866 0.00712907 0.00631435 0.0105618 0.00761167 0.00803012 0.0112866 0.00712907 0.00842177 0.00949936 0.00641444 0.00803012 0.0112866 0.00712907 0.0064823 0.0113227 0.00590426 0.00803012 0.0112866 0.00712907 0.00815076 0.012743 0.00551166 0.0126906 0.00931031 0.0130658 0.0125938 0.0106869 0.0116185 0.0126906 0.00931031 0.0130658 0.0141406 0.00928317 0.0117879 0.0126906 0.00931031 0.0130658 0.0123916 0.0106907 0.0144228 0.0126906 0.00931031 0.0130658 0.0140043 0.0090488 0.0144704 0.0126906 0.00931031 0.0130658 0.0108194 0.00948687 0.0126905 0.0136442 0.00698098 0.00135459 0.0117323 0.00697224 0.00105765 0.0136442 0.00698098 0.00135459 0.0138314 0.00570298 0.00285196 0.0136442 0.00698098 0.00135459 0.0140814 0.00517734 0.000952969 0.0136442 0.00698098 0.00135459 0.0145975 0.00852935 0.0019473 0.0136442 0.00698098 0.00135459 0.0126813 0.00893403 0.00108711 0.00614702 0.010572 0.0144763 0.00684089 0.0123963 0.014438 0.00614702 0.010572 0.0144763 0.0048922 0.0109588 0.0130586 0.00614702 0.010572 0.0144763 0.00807308 0.0105261 0.0142541 0.00614702 0.010572 0.0144763 0.00655556 0.0101564 0.0126873 3.46826e-05 0.00992712 0.00746553 0.00129889 0.00838279 0.00733574 3.46826e-05 0.00992712 0.00746553 -0.00018203452048289964 0.0112151 0.00609208 3.46826e-05 0.00992712 0.00746553 -0.0005246345204828999 0.00858721 0.00869122 3.46826e-05 0.00992712 0.00746553 0.00210716 0.0103908 0.00796065 3.46826e-05 0.00992712 0.00746553 -0.0010823345204828993 0.00822166 0.00666016 0.00897495 5.40133e-05 0.00769147 0.00821564 -0.00044153452048289934 0.0094341 0.00897495 5.40133e-05 0.00769147 0.0108114 -0.00015103452048290025 0.00816243 0.00897495 5.40133e-05 0.00769147 0.0102969 0.00103628 0.0066543 0.00897495 5.40133e-05 0.00769147 0.00706248 -0.0003190345204829 0.00675009 0.00112265 0.00916302 0.00384325 -0.00010483452048289901 0.00947348 0.00526168 0.00112265 0.00916302 0.00384325 -0.0006535345204828982 0.00840553 0.00379187 0.00112265 0.00916302 0.00384325 0.0031493800000000002 0.00890264 0.00298454 0.00112265 0.00916302 0.00384325 0.00100782 0.00713125 0.00444529 0.00112265 0.00916302 0.00384325 0.00191973 0.010102 0.00565831 0.00682598 0.00526733 0.00407929 0.00709947 0.00449155 0.00233685 0.00682598 0.00526733 0.00407929 0.00672808 0.00309407 0.00446567 0.00682598 0.00526733 0.00407929 0.00543637 0.00644766 0.00525081 0.00821564 0.0149291 0.0094341 0.00670782 0.015844909520482897 0.00877507 0.00821564 0.0149291 0.0094341 0.00662621 0.0139323 0.0089874 0.00821564 0.0149291 0.0094341 0.00786231 0.016380584520482896 0.0106685 0.00821564 0.0149291 0.0094341 0.00979045 0.0151005 0.0108447 0.00821564 0.0149291 0.0094341 0.00831361 0.0127719 0.00968534 0.00596955 0.000636167 0.010557 0.00620192 0.00233403 0.00964688 0.00596955 0.000636167 0.010557 0.00670782 0.000474275 0.00877507 0.00596955 0.000636167 0.010557 0.00432826 0.00166205 0.0106352 0.00596955 0.000636167 0.010557 0.00426029 -0.0002693345204828994 0.0102759 0.00596955 0.000636167 0.010557 0.00786231 0.00100995 0.0106685 0.00596955 0.000636167 0.010557 0.00586722 -0.0015346345204828998 0.0110639 0.00460998 0.00467774 0.00415243 0.00375196 0.00413026 0.0024455 0.00460998 0.00467774 0.00415243 0.00488646 0.00345258 0.00558728 0.00460998 0.00467774 0.00415243 0.00543637 0.00644766 0.00525081 0.00460998 0.00467774 0.00415243 0.00527784 0.00552292 0.00227463 0.00460998 0.00467774 0.00415243 0.00303286 0.00596703 0.00502295 0.0103861 0.00503616 0.00827921 0.0113774 0.0041081 0.00693719 0.0103861 0.00503616 0.00827921 0.0105507 0.00651845 0.00943322 0.00767645 0.00737492 0.00744794 0.00689028 0.00576707 0.00664587 0.00767645 0.00737492 0.00744794 0.00880932 0.00624958 0.00857866 0.00767645 0.00737492 0.00744794 0.00702203 0.00774524 0.00951469 0.0108114 0.0152196 0.00816243 0.0102969 0.0164069145204829 0.0066543 0.0108114 0.0152196 0.00816243 0.0119893 0.0149699 0.00993372 0.00214493 0.0132244 0.000893843 0.00044642399999999995 0.0123726 0.00110564 0.00214493 0.0132244 0.000893843 0.00141266 0.0134246 0.00270396 0.00214493 0.0132244 0.000893843 0.00122558 0.0152343 0.00120664 0.00214493 0.0132244 0.000893843 0.00362933 0.01481 0.00113792 0.0103115 0.00653467 0.0131652 0.00952033 0.00803005 0.0127247 0.0103115 0.00653467 0.0131652 0.0111045 0.00763609 0.0144561 0.0103115 0.00653467 0.0131652 0.0099113 0.00454078 0.0124573 0.0103115 0.00653467 0.0131652 0.00827758 0.0059851 0.013551 0.0103115 0.00653467 0.0131652 0.0114549 0.00729191 0.0115536 0.00062275 0.00519854 0.00349011 0.00173579 0.00459043 0.00196659 0.00062275 0.00519854 0.00349011 7.947740000000003e-05 0.00343842 0.00472341 0.00062275 0.00519854 0.00349011 0.00100782 0.00713125 0.00444529 0.00668069 0.00477291 0.0144254 0.00553643 0.00358944 0.0135066 0.00668069 0.00477291 0.0144254 0.0063895 0.0066611 0.0144462 0.00668069 0.00477291 0.0144254 0.00860925 0.00366028 0.0142021 0.00668069 0.00477291 0.0144254 0.00827758 0.0059851 0.013551 0.00356461 0.00530755 0.000971482 0.00375196 0.00413026 0.0024455 0.00356461 0.00530755 0.000971482 0.00306455 0.0033865 0.000878683 0.00356461 0.00530755 0.000971482 0.00434051 0.00706233 0.00108022 0.00356461 0.00530755 0.000971482 0.00527784 0.00552292 0.00227463 0.00923665 0.00322447 0.00599881 0.00984837 0.00503392 0.00629402 0.00923665 0.00322447 0.00599881 0.00750539 0.00278551 0.00645921 0.00923665 0.00322447 0.00599881 0.00786535 0.00451558 0.00566684 0.00923665 0.00322447 0.00599881 0.011211 0.00300662 0.00507968 0.00605086 0.00375021 0.00726297 0.00750539 0.00278551 0.00645921 0.00605086 0.00375021 0.00726297 0.00517395 0.00385498 0.0089787 0.00605086 0.00375021 0.00726297 0.00437907 0.00514183 0.00691744 0.00765235 0.00244764 0.00835558 0.00620192 0.00233403 0.00964688 0.00765235 0.00244764 0.00835558 0.00847306 0.00419297 0.00816946 0.00765235 0.00244764 0.00835558 0.00750539 0.00278551 0.00645921 0.00553643 0.00358944 0.0135066 0.00375373 0.00287977 0.0131896 0.00553643 0.00358944 0.0135066 0.00524378 0.00172016 0.0134735 0.00553643 0.00358944 0.0135066 0.00442375 0.00486337 0.0144517 0.00553643 0.00358944 0.0135066 0.00450164 0.00479017 0.0125053 0.00499799 0.00368639 0.000931213 0.00306455 0.0033865 0.000878683 0.00499799 0.00368639 0.000931213 0.00546281 0.00329967 0.00275441 0.00966971 0.00944868 0.00105723 0.0081318 0.00824641 0.00117964 0.00966971 0.00944868 0.00105723 0.0109767 0.00849522 0.00220497 0.00966971 0.00944868 0.00105723 0.00988633 0.0106944 0.00255716 0.00966971 0.00944868 0.00105723 0.0091516 0.011314 0.000909802 0.00966971 0.00944868 0.00105723 0.0098952 0.00751971 0.00091923 0.00473722 0.0122875 0.0144401 0.0048922 0.0109588 0.0130586 0.00473722 0.0122875 0.0144401 0.00485064 0.0138416 0.0133341 0.00473722 0.0122875 0.0144401 0.00322545 0.0135731 0.0144265 0.00285297 0.00377461 0.00600539 0.00224932 0.00530156 0.00686717 0.00285297 0.00377461 0.00600539 0.00402929 0.00277514 0.00746911 0.00285297 0.00377461 0.00600539 0.00167084 0.00224708 0.00704068 0.00285297 0.00377461 0.00600539 0.00233194 0.00378077 0.00393233 0.00285297 0.00377461 0.00600539 0.00437907 0.00514183 0.00691744 0.00256651 0.00804436 0.00550332 0.00292381 0.00703758 0.00710943 0.00256651 0.00804436 0.00550332 0.00427875 0.00866609 0.00487637 0.00256651 0.00804436 0.00550332 0.00346107 0.00893277 0.00689295 0.00256651 0.00804436 0.00550332 0.00100782 0.00713125 0.00444529 0.00256651 0.00804436 0.00550332 0.00303286 0.00596703 0.00502295 0.00256651 0.00804436 0.00550332 0.00191973 0.010102 0.00565831 0.00595248 0.00634115 0.00815811 0.00466342 0.00579947 0.00941853 0.00595248 0.00634115 0.00815811 0.00702395 0.00555058 0.00961226 0.00595248 0.00634115 0.00815811 0.00689028 0.00576707 0.00664587 0.00595248 0.00634115 0.00815811 0.00433469 0.00736447 0.00829755 0.00595248 0.00634115 0.00815811 0.00702203 0.00774524 0.00951469 0.00438839 0.00714471 0.0035017 0.00314938 0.00890264 0.00298454 0.00438839 0.00714471 0.0035017 0.00543637 0.00644766 0.00525081 0.00438839 0.00714471 0.0035017 0.00627104 0.00766247 0.00255371 0.00438839 0.00714471 0.0035017 0.00527784 0.00552292 0.00227463 0.00438839 0.00714471 0.0035017 0.00249635 0.00648285 0.0027378 0.00375196 0.00413026 0.0024455 0.00380763 0.00221863 0.00255163 0.00375196 0.00413026 0.0024455 0.00306455 0.0033865 0.0008786829999999999 0.00375196 0.00413026 0.0024455 0.00546281 0.00329967 0.00275441 0.00375196 0.00413026 0.0024455 0.00233194 0.00378077 0.00393233 0.00375196 0.00413026 0.0024455 0.00527784 0.00552292 0.00227463 0.0130911 0.0119945 0.00623744 0.0139952 0.0114578 0.00464797 0.0130911 0.0119945 0.00623744 0.0140674 0.0133788 0.00723346 0.0130911 0.0119945 0.00623744 0.0112425 0.0114017 0.00650677 0.0130911 0.0119945 0.00623744 0.0140686 0.013377 0.0052579 0.0130911 0.0119945 0.00623744 0.012169 0.0123566 0.008173 0.00466342 0.00579947 0.00941853 0.00433469 0.00736447 0.00829755 0.00466342 0.00579947 0.00941853 0.00527029 0.0064194 0.0114068 0.00466342 0.00579947 0.00941853 0.00298729 0.00479725 0.0103195 0.0149355 0.00386567 0.0110607 0.0155006795204829 0.00557449 0.0102229 0.0149355 0.00386567 0.0110607 0.0165828445204829 0.00480609 0.011581 0.0149355 0.00386567 0.0110607 0.015501584520482899 0.00386518 0.0128704 0.0149355 0.00386567 0.0110607 0.0139971 0.00243437 0.0118515 0.0149355 0.00386567 0.0110607 0.0144972 0.0040673 0.00900414 0.00620192 0.00233403 0.00964688 0.00788761 0.00294092 0.0104617 0.00620192 0.00233403 0.00964688 0.00517395 0.00385498 0.0089787 0.00620192 0.00233403 0.00964688 0.00602912 0.00412609 0.0109517 0.00989067 0.012604 0.0114439 0.0112976 0.0117482 0.0125535 0.00989067 0.012604 0.0114439 0.0103964 0.0107681 0.0111436 0.00989067 0.012604 0.0114439 0.0095243 0.0140859 0.0129982 0.00380763 0.00221863 0.00255163 0.00295719 0.00111458 0.00386686 0.00380763 0.00221863 0.00255163 0.00297585 0.00146217 0.0009303599999999999 0.00380763 0.00221863 0.00255163 0.00546281 0.00329967 0.00275441 0.00380763 0.00221863 0.00255163 0.00549793 0.00117291 0.00348423 0.0125627 0.0060441 0.0129981 0.0131435 0.00727658 0.0144219 0.0125627 0.0060441 0.0129981 0.0116886 0.00510188 0.0114819 0.0125627 0.0060441 0.0129981 0.0139858 0.00493453 0.0142217 0.0125627 0.0060441 0.0129981 0.0114549 0.00729191 0.0115536 0.00196709 0.00722748 0.013244 0.00343029 0.00738803 0.0144698 0.00196709 0.00722748 0.013244 0.00121498 0.00673165 0.0114686 0.00196709 0.00722748 0.013244 0.00279072 0.00579316 0.0122552 0.00196709 0.00722748 0.013244 3.898260000000011e-05 0.0081579 0.0131157 0.00196709 0.00722748 0.013244 0.00322235 0.00900388 0.012948 0.0139952 0.0114578 0.00464797 0.0127709 0.0126568 0.00379471 0.0139952 0.0114578 0.00464797 0.0151886 0.0112151 0.00609208 0.0139952 0.0114578 0.00464797 0.0159235015204829 0.0111559 0.0043247 0.0139952 0.0114578 0.00464797 0.0149033 0.0128536 0.00328258 0.00710933 0.000980264 0.00497748 0.00601822 -0.0006192345204828994 0.00474514 0.00710933 0.000980264 0.00497748 0.00888491 0.0004874580000000001 0.00554631 0.00710933 0.000980264 0.00497748 0.00672808 0.00309407 0.00446567 0.00710933 0.000980264 0.00497748 0.00706248 -0.0003190345204828989 0.00675009 0.00710933 0.000980264 0.00497748 0.00807139 0.00149959 0.00315444 0.00710933 0.000980264 0.00497748 0.00549793 0.00117291 0.00348423 0.012425 0.000921857 0.0042645 0.0115811 0.00163573 0.0027031 0.012425 0.000921857 0.0042645 0.0104887 0.000829647 0.00455374 0.012425 0.000921857 0.0042645 0.0140489 0.00182636 0.00464818 0.012425 0.000921857 0.0042645 0.0112575 -0.0007865345204828999 0.00352793 0.012425 0.000921857 0.0042645 0.01353 -0.0006614345204828987 0.00328388 0.012651 0.00128714 0.0111185 0.0121222 0.00273695 0.0123316 0.012651 0.00128714 0.0111185 0.0139971 0.00243437 0.0118515 0.012651 0.00128714 0.0111185 0.0116697 0.00170435 0.00949332 0.012651 0.00128714 0.0111185 0.0142318 0.00172902 0.00966919 0.012651 0.00128714 0.0111185 0.011678 -0.00023493452048289985 0.0123851 0.012651 0.00128714 0.0111185 0.0140251 0.000389447 0.0125822 0.012651 0.00128714 0.0111185 0.0119893 -0.0004007345204829005 0.00993372 0.00834797 0.00664884 0.00350222 0.00920862 0.00535279 0.00456381 0.00834797 0.00664884 0.00350222 0.00925443 0.00810723 0.00273991 0.014064 0.0014028 0.00657433 0.013189 0.00300368 0.00590076 0.014064 0.0014028 0.00657433 0.0157270635204829 0.00136864 0.00552862 0.014064 0.0014028 0.00657433 0.0133204 0.00274453 0.00778056 0.014064 0.0014028 0.00657433 0.0149413 0.00312171 0.00681076 0.014064 0.0014028 0.00657433 0.0131083 -0.0002187345204828989 0.00634209 0.014064 0.0014028 0.00657433 0.0140489 0.00182636 0.00464818 0.00684089 0.0123963 0.014438 0.00672031 0.0135267 0.0129133 0.00684089 0.0123963 0.014438 0.00636653 0.0142786 0.0145242 0.00684089 0.0123963 0.014438 0.00872958 0.012477 0.014259 0.00702395 0.00555058 0.00961226 0.00602912 0.00412609 0.0109517 0.00702395 0.00555058 0.00961226 0.00702203 0.00774524 0.00951469 0.00766036 0.00370837 0.0122813 0.00788761 0.00294092 0.0104617 0.00766036 0.00370837 0.0122813 0.00602912 0.00412609 0.0109517 0.00766036 0.00370837 0.0122813 0.00860925 0.00366028 0.0142021 0.00847306 0.00419297 0.00816946 0.00974463 0.00289627 0.00879783 0.00847306 0.00419297 0.00816946 0.00912662 0.00472819 0.0101733 0.0113774 0.0041081 0.00693719 0.0124287 0.00428353 0.00841653 0.0113774 0.0041081 0.00693719 0.00984837 0.00503392 0.00629402 0.0113774 0.0041081 0.00693719 0.0127292 0.00529555 0.00625836 0.0113774 0.0041081 0.00693719 0.011211 0.00300662 0.00507968 0.0117323 0.00697224 0.00105765 0.0098952 0.00751971 0.00091923 0.0117323 0.00697224 0.00105765 0.0119794 0.00480724 0.00120932 0.0117323 0.00697224 0.00105765 0.0126813 0.00893403 0.00108711 0.00958587 0.0089138 0.0143945 0.00791916 0.00791884 0.0144381 0.00958587 0.0089138 0.0143945 0.00952033 0.00803005 0.0127247 0.00958587 0.0089138 0.0143945 0.0111045 0.00763609 0.0144561 0.00958587 0.0089138 0.0143945 0.0102229 0.0109504 0.0142293 0.0100984 0.00381055 0.00100382 0.0108053 0.00205166 0.000923876 0.0100984 0.00381055 0.00100382 0.00907101 0.00396551 0.00288193 0.0100984 0.00381055 0.00100382 0.00883329 0.00559434 0.00116341 0.0100984 0.00381055 0.00100382 0.0119794 0.00480724 0.00120932 0.00163329 0.0104747 0.0125467 0.00259075 0.00997488 0.0105949 0.00163329 0.0104747 0.0125467 0.00322235 0.00900388 0.012948 0.0123666 0.00559209 0.00981637 0.0121296 0.00687908 0.00849013 0.0123666 0.00559209 0.00981637 0.0124287 0.00428353 0.00841653 0.0123666 0.00559209 0.00981637 0.0116886 0.00510188 0.0114819 0.0123666 0.00559209 0.00981637 0.0126495 0.0034564 0.010404 0.00565544 0.00874617 0.00810905 0.00433469 0.00736447 0.00829755 0.00565544 0.00874617 0.00810905 0.00631435 0.0105618 0.00761167 0.00565544 0.00874617 0.00810905 0.00625622 0.0101186 0.00942711 0.00565544 0.00874617 0.00810905 0.00702203 0.00774524 0.00951469 0.00565544 0.00874617 0.00810905 0.00621372 0.00910416 0.0060357 0.00488134 0.00885577 0.0144338 0.00613562 0.00809624 0.0131871 0.00488134 0.00885577 0.0144338 0.00322235 0.00900388 0.012948 0.0102969 0.00103628 0.0066543 0.01052 -0.0007803345204828991 0.00600404 0.0102969 0.00103628 0.0066543 0.00888491 0.0004874580000000001 0.00554631 0.0121296 0.00687908 0.00849013 0.0105507 0.00651845 0.00943322 0.0121296 0.00687908 0.00849013 0.0135321 0.00572351 0.00796562 0.0121296 0.00687908 0.00849013 0.011963 0.00756614 0.00648659 0.0121296 0.00687908 0.00849013 0.0131232 0.00808398 0.00997873 0.0112976 0.0117482 0.0125535 0.0125938 0.0106869 0.0116185 0.0112976 0.0117482 0.0125535 0.0125621 0.013166 0.0125539 0.0112976 0.0117482 0.0125535 0.0103964 0.0107681 0.0111436 0.0112976 0.0117482 0.0125535 0.0102229 0.0109504 0.0142293 0.0112976 0.0117482 0.0125535 0.0113114 0.0131876 0.0142523 0.00362234 0.00198278 0.00545843 0.00488646 0.00345258 0.00558728 0.00362234 0.00198278 0.00545843 0.00295719 0.00111458 0.00386686 0.00362234 0.00198278 0.00545843 0.00515661 0.000876717 0.0056449 0.00362234 0.00198278 0.00545843 0.00316184 0.000728348 0.00686216 0.00362234 0.00198278 0.00545843 0.00402929 0.00277514 0.00746911 0.0081318 0.00824641 0.00117964 0.00925443 0.00810723 0.00273991 0.0081318 0.00824641 0.00117964 0.00708466 0.00667395 0.000893627 0.0081318 0.00824641 0.00117964 0.0098952 0.00751971 0.00091923 0.0081318 0.00824641 0.00117964 0.00695193 0.0100389 0.00119781 0.0124287 0.00428353 0.00841653 0.0133204 0.00274453 0.00778056 0.0124287 0.00428353 0.00841653 0.0135321 0.00572351 0.00796562 0.0124287 0.00428353 0.00841653 0.0144972 0.0040673 0.00900414 0.0124287 0.00428353 0.00841653 0.0126495 0.0034564 0.010404 0.00367098 0.0105169 0.0144486 0.00247417 0.0119146 0.0136837 0.00367098 0.0105169 0.0144486 0.0048922 0.0109588 0.0130586 0.00367098 0.0105169 0.0144486 0.00322235 0.00900388 0.012948 0.00896445 0.0107753 0.0124501 0.0103964 0.0107681 0.0111436 0.00896445 0.0107753 0.0124501 0.00735217 0.0118358 0.012505 0.00896445 0.0107753 0.0124501 0.0102229 0.0109504 0.0142293 0.00896445 0.0107753 0.0124501 0.00812002 0.0104816 0.0104423 0.00173579 0.00459043 0.00196659 0.00233194 0.00378077 0.00393233 0.00173579 0.00459043 0.00196659 0.00118261 0.00257528 0.00142881 0.00173579 0.00459043 0.00196659 0.00249635 0.00648285 0.0027378 0.00224412 0.00415124 0.0130933 0.00121221 0.00480609 0.011581 0.00224412 0.00415124 0.0130933 0.00243888 0.00287291 0.0145113 0.00224412 0.00415124 0.0130933 0.00375373 0.00287977 0.0131896 0.00224412 0.00415124 0.0130933 0.00279072 0.00579316 0.0122552 0.0152658 0.00947348 0.00526168 0.0151886 0.0112151 0.00609208 0.0152658 0.00947348 0.00526168 0.0147171 0.00840553 0.00379187 0.0152658 0.00947348 0.00526168 0.0142883 0.00822166 0.00666016 0.0152658 0.00947348 0.00526168 0.0172903645204829 0.010102 0.00565831 0.000130045 0.00557449 0.0102229 0.00121221 0.00480609 0.011581 0.000130045 0.00557449 0.0102229 0.000114888 0.00744721 0.0100332 0.000130045 0.00557449 0.0102229 -0.0008734345204828997 0.0040673 0.00900414 0.000130045 0.00557449 0.0102229 0.00134192 0.00469062 0.00861409 0.0138314 0.00570298 0.00285196 0.0140814 0.00517734 0.0009529690000000001 0.0138314 0.00570298 0.00285196 0.014561 0.00601959 0.0046736 0.0134329 0.0140008 0.0141018 0.0125621 0.013166 0.0125539 0.0134329 0.0140008 0.0141018 0.0152112 0.0147564 0.0144539 0.0134329 0.0140008 0.0141018 0.0132932 0.0159362955204829 0.0145338 0.0115811 0.00163573 0.0027031 0.0108053 0.00205166 0.0009238760000000001 0.0115811 0.00163573 0.0027031 0.010051 0.00227449 0.00345823 0.0115811 0.00163573 0.0027031 0.00994371 0.000563877 0.00245812 0.0115811 0.00163573 0.0027031 0.0116988 7.095319999999997e-05 0.0011701 0.0115811 0.00163573 0.0027031 0.0129207 0.00223621 0.00117416 0.00788761 0.00294092 0.0104617 0.00786231 0.00100995 0.0106685 0.00788761 0.00294092 0.0104617 0.00912662 0.00472819 0.0101733 0.0108441 0.0049835 0.00356731 0.00920862 0.00535279 0.00456381 0.0108441 0.0049835 0.00356731 0.0112689 0.00595494 0.00517181 0.0108441 0.0049835 0.00356731 0.00907101 0.00396551 0.00288193 0.00598048 0.0117729 0.00414084 0.0064823 0.0113227 0.00590426 0.00598048 0.0117729 0.00414084 0.00422476 0.0111463 0.00309329 0.00598048 0.0117729 0.00414084 0.00587002 0.0096328 0.00375021 0.00492043 0.000104423 0.0144368 0.00671084 0.000918967 0.0144332 0.00492043 0.000104423 0.0144368 0.00485064 -0.0015290345204828977 0.0133341 0.00492043 0.000104423 0.0144368 0.00524378 0.00172016 0.0134735 0.00492043 0.000104423 0.0144368 0.00636653 -0.0010920345204828979 0.0145242 0.0120278 0.00678938 0.00352259 0.0112689 0.00595494 0.00517181 0.0120278 0.00678938 0.00352259 0.0133861 0.00745659 0.0048272 0.0142893 0.0124847 0.0128352 0.0125621 0.013166 0.0125539 0.0142893 0.0124847 0.0128352 0.0153355 0.0140726 0.0126842 0.0142893 0.0124847 0.0128352 0.0150678 0.0116817 0.010994 0.0144312 0.0153381 0.00507436 0.0157270635204829 0.0167392745204829 0.00552862 0.0144312 0.0153381 0.00507436 0.0131083 0.0151519 0.00634209 0.0144312 0.0153381 0.00507436 0.0140489 0.0171969945204829 0.00464818 0.0144312 0.0153381 0.00507436 0.0158116925204829 0.0142181 0.00625604 0.0144312 0.0153381 0.00507436 0.01353 0.0147092 0.00328388 0.0144312 0.0153381 0.00507436 0.0160129325204829 0.0152045 0.0036321 0.00689028 0.00576707 0.00664587 0.00786535 0.00451558 0.00566684 0.00689028 0.00576707 0.00664587 0.00543637 0.00644766 0.00525081 0.00885051 0.0121699 0.00319263 0.00988633 0.0106944 0.00255716 0.00885051 0.0121699 0.00319263 0.00942635 0.013709 0.00395119 0.00885051 0.0121699 0.00319263 0.00792443 0.0105839 0.00442117 0.00910831 0.00145795 0.0120769 0.00786231 0.00100995 0.0106685 0.00910831 0.00145795 0.0120769 0.0103664 0.00256296 0.0129538 0.00910831 0.00145795 0.0120769 0.0103698 0.00270005 0.0108443 0.00910831 0.00145795 0.0120769 0.00979045 -0.0002701345204828994 0.0108447 0.00910831 0.00145795 0.0120769 0.00758076 0.00010266500000000005 0.012649 0.00292381 0.00703758 0.00710943 0.00346107 0.00893277 0.00689295 0.00292381 0.00703758 0.00710943 0.00433469 0.00736447 0.00829755 0.00292381 0.00703758 0.00710943 0.00224932 0.00530156 0.00686717 0.00292381 0.00703758 0.00710943 0.00222607 0.0068572 0.00922678 0.0103415 0.0127714 0.00535073 0.00963535 0.0109535 0.00558164 0.0103415 0.0127714 0.00535073 0.01052 0.0145903 0.00600404 0.0103415 0.0127714 0.00535073 0.00942635 0.013709 0.00395119 0.0103415 0.0127714 0.00535073 0.00959845 0.0132834 0.00708136 0.0103415 0.0127714 0.00535073 0.0113748 0.0111483 0.00431186 0.0103415 0.0127714 0.00535073 0.00815076 0.012743 0.00551166 0.00769193 0.0147256 0.00248624 0.00929695 0.014418 0.00133739 0.0109767 0.00849522 0.00220497 0.00925443 0.00810723 0.00273991 0.0109767 0.00849522 0.00220497 0.0102891 0.00935576 0.00382494 0.0109767 0.00849522 0.00220497 0.0098952 0.00751971 0.00091923 0.0109767 0.00849522 0.00220497 0.0124292 0.00901704 0.00372708 0.0109767 0.00849522 0.00220497 0.0126813 0.00893403 0.00108711 0.00427875 0.00866609 0.00487637 0.00314938 0.00890264 0.00298454 0.00427875 0.00866609 0.00487637 0.00587002 0.0096328 0.00375021 0.00791916 0.00791884 0.0144381 0.0063895 0.0066611 0.0144462 0.00791916 0.00791884 0.0144381 0.00784771 0.00882487 0.012719 0.00791916 0.00791884 0.0144381 0.00827758 0.0059851 0.013551 0.00343029 0.00738803 0.0144698 0.00475659 0.00651099 0.0134744 0.00343029 0.00738803 0.0144698 0.00322235 0.00900388 0.012948 0.00121498 0.00673165 0.0114686 0.00121221 0.00480609 0.011581 0.00121498 0.00673165 0.0114686 0.00277594 0.00784324 0.0111126 0.00121498 0.00673165 0.0114686 0.00011488800000000006 0.00744721 0.0100332 0.00121498 0.00673165 0.0114686 0.000993703 0.00867188 0.0112546 0.00121498 0.00673165 0.0114686 0.00279072 0.00579316 0.0122552 0.00775332 0.0131311 0.00764113 0.00662621 0.0139323 0.0089874 0.00775332 0.0131311 0.00764113 0.00959845 0.0132834 0.00708136 0.00775332 0.0131311 0.00764113 0.00831361 0.0127719 0.00968534 0.00775332 0.0131311 0.00764113 0.00815076 0.012743 0.00551166 0.00775332 0.0131311 0.00764113 0.00706248 0.0150516 0.00675009 0.00670782 0.000474275 0.00877507 0.00554049 0.00130326 0.00760843 0.00670782 0.000474275 0.00877507 0.00662621 -0.0014383345204828988 0.0089874 0.00670782 0.000474275 0.00877507 0.00706248 -0.0003190345204828988 0.00675009 0.000188496 0.0110279 0.00247512 0.00044642400000000006 0.0123726 0.00110564 0.000188496 0.0110279 0.00247512 -0.00020803452048289895 0.0100646 0.0009155040000000001 0.000188496 0.0110279 0.00247512 0.000552867 0.0111559 0.0043247 0.000188496 0.0110279 0.00247512 -0.0019282345204828988 0.0107753 0.00239017 0.000188496 0.0110279 0.00247512 -0.0004673345204828994 0.0128536 0.00328258 0.00952033 0.00803005 0.0127247 0.00958862 0.00910755 0.0112324 0.00952033 0.00803005 0.0127247 0.00784771 0.00882487 0.012719 0.00952033 0.00803005 0.0127247 0.0108194 0.00948687 0.0126905 0.00952033 0.00803005 0.0127247 0.00911104 0.00703365 0.010864 0.00393701 0.0147811 0.0057769 0.00459639 0.0135371 0.00448032 0.00393701 0.0147811 0.0057769 0.00242728 0.0148095 0.00469962 0.00393701 0.0147811 0.0057769 0.00515661 0.0162473515204829 0.0056449 0.00393701 0.0147811 0.0057769 0.00316184 0.016098982520482898 0.00686216 0.00393701 0.0147811 0.0057769 0.00384937 0.0130422 0.00698835 0.00988633 0.0106944 0.00255716 0.0091516 0.011314 0.0009098019999999999 0.00988633 0.0106944 0.00255716 0.0102891 0.00935576 0.00382494 0.0114154 0.0120561 0.0102338 0.010242 0.0128323 0.00886896 0.0114154 0.0120561 0.0102338 0.0130167 0.0110777 0.00977267 0.0114154 0.0120561 0.0102338 0.0103964 0.0107681 0.0111436 0.0114154 0.0120561 0.0102338 0.0131033 0.0129878 0.00998857 0.0114154 0.0120561 0.0102338 0.012169 0.0123566 0.008173 0.00405859 0.00332257 0.0114223 0.00207861 0.00313268 0.0113362 0.00405859 0.00332257 0.0114223 0.00432826 0.00166205 0.0106352 0.00405859 0.00332257 0.0114223 0.00375373 0.00287977 0.0131896 0.00405859 0.00332257 0.0114223 0.00450164 0.00479017 0.0125053 0.00405859 0.00332257 0.0114223 0.00602912 0.00412609 0.0109517 0.00405859 0.00332257 0.0114223 0.00298729 0.00479725 0.0103195 0.0140674 0.0133788 0.00723346 0.0140686 0.013377 0.0052579 0.0140674 0.0133788 0.00723346 0.015615836520482899 0.0122543 0.00759479 0.0140674 0.0133788 0.00723346 0.0158116925204829 0.0142181 0.00625604 0.00671084 0.000918967 0.0144332 0.00524378 0.00172016 0.0134735 0.00671084 0.000918967 0.0144332 0.00758076 0.00010266499999999994 0.012649 0.00717184 0.00733044 0.0116845 0.00784771 0.00882487 0.012719 0.00717184 0.00733044 0.0116845 0.00613562 0.00809624 0.0131871 0.00717184 0.00733044 0.0116845 0.00702203 0.00774524 0.00951469 0.00717184 0.00733044 0.0116845 0.00911104 0.00703365 0.010864 0.00717184 0.00733044 0.0116845 0.00527029 0.0064194 0.0114068 0.014388 0.00982033 0.0100191 0.0130167 0.0110777 0.00977267 0.014388 0.00982033 0.0100191 0.0141406 0.00928317 0.0117879 0.014388 0.00982033 0.0100191 0.014846 0.00858721 0.00869122 0.014388 0.00982033 0.0100191 0.0131232 0.00808398 0.00997873 0.014388 0.00982033 0.0100191 0.0150678 0.0116817 0.010994 0.0140814 0.00517734 0.000952969 0.0146668 0.00341406 0.000937875 0.0140814 0.00517734 0.000952969 0.0158169285204829 0.00635401 0.00134377 0.0140814 0.00517734 0.000952969 0.0119794 0.00480724 0.00120932 0.0104887 0.000829647 0.00455374 0.010051 0.00227449 0.00345823 0.0104887 0.000829647 0.00455374 0.00888491 0.000487458 0.00554631 0.0104887 0.000829647 0.00455374 0.0112575 -0.0007865345204828994 0.00352793 0.00121221 0.00480609 0.011581 0.00207861 0.00313268 0.0113362 0.00121221 0.00480609 0.011581 0.0001309499999999999 0.00386518 0.0128704 0.00121221 0.00480609 0.011581 0.00279072 0.00579316 0.0122552 0.00121221 0.00480609 0.011581 0.00298729 0.00479725 0.0103195 0.00976593 0.0105226 0.00743497 0.0112425 0.0114017 0.00650677 0.00976593 0.0105226 0.00743497 0.0099428 0.0109526 0.00928911 0.00976593 0.0105226 0.00743497 0.00963535 0.0109535 0.00558164 0.00976593 0.0105226 0.00743497 0.00842177 0.00949936 0.00641444 0.00976593 0.0105226 0.00743497 0.0115988 0.00971266 0.00823224 0.0112425 0.0114017 0.00650677 0.0112089 0.00958091 0.00588379 0.0112425 0.0114017 0.00650677 0.00963535 0.0109535 0.00558164 0.0112425 0.0114017 0.00650677 0.012169 0.0123566 0.008173 0.0112425 0.0114017 0.00650677 0.0113748 0.0111483 0.00431186 0.00920862 0.00535279 0.00456381 0.00984837 0.00503392 0.00629402 0.00920862 0.00535279 0.00456381 0.00786535 0.00451558 0.00566684 0.00920862 0.00535279 0.00456381 0.00907101 0.00396551 0.00288193 0.00125152 0.00885797 0.00931557 0.00011488800000000006 0.00744721 0.0100332 0.00125152 0.00885797 0.00931557 0.000993703 0.00867188 0.0112546 0.00125152 0.00885797 0.00931557 0.00313377 0.00878054 0.00880823 0.00125152 0.00885797 0.00931557 -0.0005246345204829 0.00858721 0.00869122 0.00125152 0.00885797 0.00931557 0.00259075 0.00997488 0.0105949 0.00125152 0.00885797 0.00931557 0.00210716 0.0103908 0.00796065 0.00125152 0.00885797 0.00931557 0.00222607 0.0068572 0.00922678 0.00277594 0.00784324 0.0111126 0.000993703 0.00867188 0.0112546 0.00277594 0.00784324 0.0111126 0.00259075 0.00997488 0.0105949 0.00277594 0.00784324 0.0111126 0.00322235 0.00900388 0.012948 0.00277594 0.00784324 0.0111126 0.00222607 0.0068572 0.00922678 0.00277594 0.00784324 0.0111126 0.00470474 0.00835048 0.0101584 0.00207861 0.00313268 0.0113362 0.0008963180000000001 0.00296225 0.00983093 0.00207861 0.00313268 0.0113362 0.00203847 0.00163647 0.0127775 0.00207861 0.00313268 0.0113362 0.00298729 0.00479725 0.0103195 0.00247417 0.0119146 0.0136837 0.0031335 0.0131139 0.0122579 0.00247417 0.0119146 0.0136837 0.000945682 0.0109312 0.0144409 0.00247417 0.0119146 0.0136837 0.00322545 0.0135731 0.0144265 0.0143384 0.0109769 0.0143863 0.0123916 0.0106907 0.0144228 0.0143384 0.0109769 0.0143863 0.0140043 0.0090488 0.0144704 0.0143384 0.0109769 0.0143863 0.016316316520482897 0.0109312 0.0144409 0.00980171 0.0073182 0.00695147 0.011963 0.00756614 0.00648659 0.00346107 0.00893277 0.00689295 0.00313377 0.00878054 0.00880823 0.00013095 0.00386518 0.0128704 2.4475300000000006e-05 0.00194654 0.0131345 0.0131435 0.00727658 0.0144219 0.0140043 0.0090488 0.0144704 0.0121222 0.00273695 0.0123316 0.0139971 0.00243437 0.0118515 0.0121222 0.00273695 0.0123316 0.0103664 0.00256296 0.0129538 0.0121222 0.00273695 0.0123316 0.0115829 0.00376957 0.0142467 0.0121222 0.00273695 0.0123316 0.013544 0.00258217 0.0139382 0.0121222 0.00273695 0.0123316 0.0126495 0.0034564 0.010404 0.0063895 0.0066611 0.0144462 0.00613562 0.00809624 0.0131871 0.0063895 0.0066611 0.0144462 0.00475659 0.00651099 0.0134744 0.0063895 0.0066611 0.0144462 0.00827758 0.0059851 0.013551 0.00699307 0.00771328 0.00456424 0.00866282 0.00852882 0.0045189 0.00699307 0.00771328 0.00456424 0.00543637 0.00644766 0.00525081 0.00699307 0.00771328 0.00456424 0.00627104 0.00766247 0.00255371 0.00699307 0.00771328 0.00456424 0.00621372 0.00910416 0.0060357 0.00179503 0.0141454 0.0132532 0.0031335 0.0131139 0.0122579 0.00179503 0.0141454 0.0132532 0.00117094 0.0126331 0.0122848 0.00179503 0.0141454 0.0132532 -3.513452048289857e-05 0.0140726 0.0126842 0.00179503 0.0141454 0.0132532 0.00163745 0.015598584520482899 0.0144584 0.00179503 0.0141454 0.0132532 0.00322545 0.0135731 0.0144265 0.00179503 0.0141454 0.0132532 0.00346379 0.0152139 0.0123922 0.0031335 0.0131139 0.0122579 0.00227017 0.0120674 0.0108716 0.0031335 0.0131139 0.0122579 0.00444909 0.0118166 0.01119 0.0031335 0.0131139 0.0122579 0.00346379 0.0152139 0.0123922 0.014561 0.00601959 0.0046736 0.0135902 0.00443037 0.00469132 0.014561 0.00601959 0.0046736 0.0133861 0.00745659 0.0048272 0.014561 0.00601959 0.0046736 0.0163784545204829 0.00713125 0.00444529 0.00433469 0.00736447 0.00829755 0.00313377 0.00878054 0.00880823 0.00433469 0.00736447 0.00829755 0.00470474 0.00835048 0.0101584 0.0103367 0.0128286 0.00101671 0.00929695 0.014418 0.00133739 0.0103367 0.0128286 0.00101671 0.0091516 0.011314 0.000909802 0.0103367 0.0128286 0.00101671 0.0123298 0.0132325 0.00179141 0.013189 0.00300368 0.00590076 0.0133204 0.00274453 0.00778056 0.013189 0.00300368 0.00590076 0.0149413 0.00312171 0.00681076 0.013189 0.00300368 0.00590076 0.0135902 0.00443037 0.00469132 0.013189 0.00300368 0.00590076 0.0140489 0.00182636 0.00464818 0.013189 0.00300368 0.00590076 0.011211 0.00300662 0.00507968 0.0125938 0.0106869 0.0116185 0.0130167 0.0110777 0.00977267 0.010242 0.0128323 0.00886896 0.0099428 0.0109526 0.00928911 0.010242 0.0128323 0.00886896 0.00959845 0.0132834 0.00708136 0.010242 0.0128323 0.00886896 0.012169 0.0123566 0.008173 0.010242 0.0128323 0.00886896 0.00831361 0.0127719 0.00968534 0.0130167 0.0110777 0.00977267 0.0143623 0.0121269 0.00893026 0.0130167 0.0110777 0.00977267 0.0131033 0.0129878 0.00998857 0.0130167 0.0110777 0.00977267 0.012169 0.0123566 0.008173 0.00958862 0.00910755 0.0112324 0.0109127 0.0085422 0.00990116 0.00958862 0.00910755 0.0112324 0.0103964 0.0107681 0.0111436 0.00958862 0.00910755 0.0112324 0.0108194 0.00948687 0.0126905 0.00958862 0.00910755 0.0112324 0.00911104 0.00703365 0.010864 0.00958862 0.00910755 0.0112324 0.00812002 0.0104816 0.0104423 0.00450527 0.0104941 0.00577002 0.00621372 0.00910416 0.0060357 0.00450527 0.0104941 0.00577002 0.00312836 0.0120017 0.00494277 0.0108053 0.00205166 0.000923876 0.0116988 7.095319999999997e-05 0.0011701 0.0108053 0.00205166 0.000923876 0.0129207 0.00223621 0.00117416 0.00820679 0.000596175 0.000981926 0.00929695 -0.0009526345204828998 0.00133739 0.000356429 0.00136864 0.00552862 0.00122156 0.00192236 0.00388018 0.000356429 0.00136864 0.00552862 -0.0013217345204828996 0.00182636 0.00464818 0.000356429 0.00136864 0.00552862 0.0016708400000000003 0.00224708 0.00704068 0.000356429 0.00136864 0.00552862 7.947740000000003e-05 0.00343842 0.00472341 0.0112089 0.00958091 0.00588379 0.0103713 0.00800719 0.00515988 0.0112089 0.00958091 0.00588379 0.011963 0.00756614 0.00648659 0.0112089 0.00958091 0.00588379 0.0113748 0.0111483 0.00431186 0.00306455 0.0033865 0.000878683 0.00297585 0.00146217 0.00093036 0.00306455 0.0033865 0.000878683 0.00118261 0.00257528 0.00142881 0.0116835 0.00141944 0.013806 0.0132932 0.000565661 0.0145338 0.0116835 0.00141944 0.013806 0.0103664 0.00256296 0.0129538 0.0116835 0.00141944 0.013806 0.011678 -0.00023493452048289833 0.0123851 0.0116835 0.00141944 0.013806 0.013544 0.00258217 0.0139382 0.00601822 0.0147514 0.00474514 0.00459639 0.0135371 0.00448032 0.00601822 0.0147514 0.00474514 0.00515661 0.0162473515204829 0.0056449 0.00601822 0.0147514 0.00474514 0.00598849 0.0131524 0.00582001 0.00488646 0.00345258 0.00558728 0.00402929 0.00277514 0.00746911 0.00488646 0.00345258 0.00558728 0.00672808 0.00309407 0.00446567 0.00488646 0.00345258 0.00558728 0.00437907 0.00514183 0.00691744 0.00631146 0.0119816 0.00996341 0.00625622 0.0101186 0.00942711 0.00631146 0.0119816 0.00996341 0.00444909 0.0118166 0.01119 0.00631146 0.0119816 0.00996341 0.00463773 0.0131935 0.00918635 0.00631146 0.0119816 0.00996341 0.00586722 0.013836 0.0110639 0.00631146 0.0119816 0.00996341 0.00831361 0.0127719 0.00968534 0.0109127 0.0085422 0.00990116 0.00906767 0.00863574 0.00935665 0.0109127 0.0085422 0.00990116 0.0115988 0.00971266 0.00823224 0.0109127 0.0085422 0.00990116 0.0114549 0.00729191 0.0115536 0.00554049 0.00130326 0.00760843 0.00412339 0.00110397 0.00886668 0.00554049 0.00130326 0.00760843 0.00402929 0.00277514 0.00746911 0.0105507 0.00651845 0.00943322 0.00880932 0.00624958 0.00857866 0.0105507 0.00651845 0.00943322 0.00911104 0.00703365 0.010864 0.00224932 0.00530156 0.00686717 0.00134192 0.00469062 0.00861409 0.00224932 0.00530156 0.00686717 0.00437907 0.00514183 0.00691744 0.00224932 0.00530156 0.00686717 0.00303286 0.00596703 0.00502295 0.00631435 0.0105618 0.00761167 0.00772744 0.00945319 0.0082673 0.00631435 0.0105618 0.00761167 0.0064823 0.0113227 0.00590426 0.00631435 0.0105618 0.00761167 0.00625622 0.0101186 0.00942711 0.00631435 0.0105618 0.00761167 0.00621372 0.00910416 0.0060357 0.0125621 0.013166 0.0125539 0.0135283 0.0142585 0.0112482 0.0125621 0.013166 0.0125539 0.011678 0.0151357 0.0123851 0.0125621 0.013166 0.0125539 0.0113114 0.0131876 0.0142523 0.0048922 0.0109588 0.0130586 0.00655556 0.0101564 0.0126873 0.0048922 0.0109588 0.0130586 0.00444909 0.0118166 0.01119 0.0152112 0.0147564 0.0144539 0.0153355 0.0140726 0.0126842 0.0152112 0.0147564 0.0144539 0.0170080845204829 0.015598584520482899 0.0144584 0.00485064 0.0138416 0.0133341 0.00672031 0.0135267 0.0129133 0.00485064 0.0138416 0.0133341 0.00322545 0.0135731 0.0144265 0.00485064 0.0138416 0.0133341 0.00636653 0.0142786 0.0145242 0.00485064 0.0138416 0.0133341 0.00346379 0.0152139 0.0123922 0.0146456 0.00517135 0.00650049 0.0127292 0.00529555 0.00625836 0.0146456 0.00517135 0.00650049 0.0135321 0.00572351 0.00796562 0.0146456 0.00517135 0.00650049 0.0154730115204829 0.00660374 0.00801827 0.00434051 0.00706233 0.00108022 0.00242491 0.00721216 0.000827314 0.00434051 0.00706233 0.00108022 0.00527784 0.00552292 0.00227463 0.0143623 0.0121269 0.00893026 0.015615836520482899 0.0122543 0.00759479 0.0143623 0.0121269 0.00893026 0.0131033 0.0129878 0.00998857 0.0143623 0.0121269 0.00893026 0.0150678 0.0116817 0.010994 0.0140587 0.00360548 0.00294147 0.0135902 0.00443037 0.00469132 0.0099428 0.0109526 0.00928911 0.0103964 0.0107681 0.0111436 0.0099428 0.0109526 0.00928911 0.00812002 0.0104816 0.0104423 0.00295719 0.00111458 0.00386686 0.00122156 0.00192236 0.00388018 0.00295719 0.00111458 0.00386686 0.00242728 -0.0005611345204828999 0.00469962 0.0132134 0.00979868 0.00560001 0.0124292 0.00901704 0.00372708 0.0132134 0.00979868 0.00560001 0.0142883 0.00822166 0.00666016 0.0141406 0.00928317 0.0117879 0.015409617120482898 0.0081579 0.0131157 0.00906767 0.00863574 0.00935665 0.00772744 0.00945319 0.0082673 0.00906767 0.00863574 0.00935665 0.00702203 0.00774524 0.00951469 0.00906767 0.00863574 0.00935665 0.00911104 0.00703365 0.010864 0.0127709 0.0126568 0.00379471 0.0123298 0.0132325 0.0017914099999999998 0.0127709 0.0126568 0.00379471 0.0113748 0.0111483 0.00431186 0.0127709 0.0126568 0.00379471 0.0149033 0.0128536 0.00328258 0.0127709 0.0126568 0.00379471 0.01353 0.0147092 0.00328388 0.0133204 0.00274453 0.00778056 0.0149413 0.00312171 0.00681076 0.0133204 0.00274453 0.00778056 0.0144972 0.0040673 0.00900414 0.00929695 0.014418 0.00133739 0.00800216 0.0129386 0.00100756 0.00929695 0.014418 0.00133739 0.00994371 0.015934511520482898 0.00245812 0.00432826 0.00166205 0.0106352 0.00412339 0.00110397 0.00886668 0.00432826 0.00166205 0.0106352 0.00426029 -0.0002693345204828994 0.0102759 0.00644117 0.00915279 0.0111228 0.00655556 0.0101564 0.0126873 0.00644117 0.00915279 0.0111228 0.00625622 0.0101186 0.00942711 0.00644117 0.00915279 0.0111228 0.00702203 0.00774524 0.00951469 0.00644117 0.00915279 0.0111228 0.00812002 0.0104816 0.0104423 0.00644117 0.00915279 0.0111228 0.00470474 0.00835048 0.0101584 0.00800216 0.0129386 0.00100756 0.0091516 0.011314 0.000909802 0.00800216 0.0129386 0.00100756 0.00587357 0.0122507 0.00114234 0.0129399 0.000237953 0.00813466 0.0131083 -0.0002187345204829006 0.00634209 0.0129399 0.000237953 0.00813466 0.0119893 -0.00040073452048290046 0.00993372 0.00129889 0.00838279 0.00733574 0.00010237700000000007 0.00660374 0.00801827 0.00963535 0.0109535 0.00558164 0.0113748 0.0111483 0.00431186 0.00963535 0.0109535 0.00558164 0.00792443 0.0105839 0.00442117 2.44753e-05 0.00194654 0.0131345 -0.001373534520482899 0.00243437 0.0118515 2.44753e-05 0.00194654 0.0131345 0.000439489 0.0017736 0.0112538 2.44753e-05 0.00194654 0.0131345 0.00203847 0.00163647 0.0127775 2.44753e-05 0.00194654 0.0131345 -0.0018266345204828987 0.00258217 0.0139382 2.44753e-05 0.00194654 0.0131345 -0.0013455345204828988 0.000389447 0.0125822 0.00117094 0.0126331 0.0122848 -3.5134520482899435e-05 0.0140726 0.0126842 0.00117094 0.0126331 0.0122848 0.00227017 0.0120674 0.0108716 0.00117094 0.0126331 0.0122848 -0.00030283452048290036 0.0116817 0.010994 0.0151886 0.0112151 0.00609208 0.015615836520482899 0.0122543 0.00759479 0.0151886 0.0112151 0.00609208 0.0159235015204829 0.0111559 0.0043247 0.00784771 0.00882487 0.012719 0.00613562 0.00809624 0.0131871 0.00784771 0.00882487 0.012719 0.00655556 0.0101564 0.0126873 0.00880932 0.00624958 0.00857866 0.00912662 0.00472819 0.0101733 0.000872929 0.0127286 0.00939715 0.00024520200000000003 0.0122543 0.00759479 0.000872929 0.0127286 0.00939715 0.000601735 0.0139655 0.0108949 0.000872929 0.0127286 0.00939715 -0.0003028345204828996 0.0116817 0.010994 0.0147171 0.00840553 0.00379187 0.0145975 0.00852935 0.0019473 0.0147171 0.00840553 0.00379187 0.0133861 0.00745659 0.0048272 0.0147171 0.00840553 0.00379187 0.0163784545204829 0.00713125 0.00444529 0.0140686 0.013377 0.0052579 0.0158116925204829 0.0142181 0.00625604 0.0140686 0.013377 0.0052579 0.0149033 0.0128536 0.00328258 0.00459639 0.0135371 0.00448032 0.00598849 0.0131524 0.00582001 0.00459639 0.0135371 0.00448032 0.00343631 0.0142537 0.00320013 0.00459639 0.0135371 0.00448032 0.00312836 0.0120017 0.00494277 0.00459639 0.0135371 0.00448032 0.00550478 0.0141784 0.00255213 0.000245202 0.0122543 0.00759479 0.00181124 0.0132134 0.00762017 0.00672031 0.0135267 0.0129133 0.00735217 0.0118358 0.012505 0.00672031 0.0135267 0.0129133 0.00636653 0.0142786 0.0145242 0.00672031 0.0135267 0.0129133 0.00586722 0.013836 0.0110639 0.00672031 0.0135267 0.0129133 0.00758076 0.0154732995204829 0.012649 0.00772744 0.00945319 0.0082673 0.00842177 0.00949936 0.00641444 0.00772744 0.00945319 0.0082673 0.00625622 0.0101186 0.00942711 0.00772744 0.00945319 0.0082673 0.00702203 0.00774524 0.00951469 0.0146668 0.00341406 0.000937875 0.0165532445204829 0.00257528 0.00142881 0.0146668 0.00341406 0.000937875 0.0129207 0.00223621 0.00117416 0.0103713 0.00800719 0.00515988 0.0102891 0.00935576 0.00382494 0.0103713 0.00800719 0.00515988 0.00866282 0.00852882 0.0045189 0.0103713 0.00800719 0.00515988 0.011963 0.00756614 0.00648659 0.0139205 0.0122292 0.000876656 0.0158170585204829 0.0123726 0.00110564 0.0139205 0.0122292 0.000876656 0.0134424 0.0107753 0.00239017 0.0139205 0.0122292 0.000876656 0.0123298 0.0132325 0.00179141 0.010051 0.00227449 0.00345823 0.00994371 0.000563877 0.00245812 0.010051 0.00227449 0.00345823 0.00907101 0.00396551 0.00288193 0.010051 0.00227449 0.00345823 0.00807139 0.00149959 0.00315444 0.010051 0.00227449 0.00345823 0.011211 0.00300662 0.00507968 0.0132932 0.000565661 0.0145338 0.013544 0.00258217 0.0139382 0.0132932 0.000565661 0.0145338 0.0140251 0.000389447 0.0125822 0.000601735 0.0139655 0.0108949 -3.513452048289976e-05 0.0140726 0.0126842 0.000601735 0.0139655 0.0108949 -0.0007525345204828997 0.0146208 0.00931495 0.01052 0.0145903 0.00600404 0.00959845 0.0132834 0.00708136 0.00412339 0.00110397 0.00886668 0.00426029 -0.00026933452048289873 0.0102759 0.00412339 0.00110397 0.00886668 0.00402929 0.00277514 0.00746911 0.00412339 0.00110397 0.00886668 0.00292616 -0.0006015345204828982 0.00856127 0.0123916 0.0106907 0.0144228 0.0102229 0.0109504 0.0142293 0.00243888 0.00287291 0.0145113 0.00375373 0.00287977 0.0131896 0.00243888 0.00287291 0.0145113 0.00203847 0.00163647 0.0127775 0.00122156 0.00192236 0.00388018 7.947740000000003e-05 0.00343842 0.00472341 0.00122156 0.00192236 0.00388018 0.00233194 0.00378077 0.00393233 0.00122156 0.00192236 0.00388018 0.000642298 -0.0001661345204828997 0.0036321 0.00297585 0.00146217 0.00093036 0.00486826 0.00127576 0.00103317 0.00297585 0.00146217 0.00093036 0.00362933 -0.0005606345204828994 0.00113792 0.00297585 0.00146217 0.00093036 0.00118261 0.00257528 0.00142881 0.000114888 0.00744721 0.0100332 0.000993703 0.00867188 0.0112546 0.000114888 0.00744721 0.0100332 -0.0005246345204828998 0.00858721 0.00869122 0.000114888 0.00744721 0.0100332 0.000102377 0.00660374 0.00801827 0.00242728 0.0148095 0.00469962 0.00343631 0.0142537 0.00320013 0.00242728 0.0148095 0.00469962 0.00137202 0.0131942 0.00461515 0.00242728 0.0148095 0.00469962 0.0006422979999999999 0.0152045 0.0036321 0.0139971 0.00243437 0.0118515 0.013544 0.00258217 0.0139382 0.0139971 0.00243437 0.0118515 0.0140251 0.00038944700000000023 0.0125822 0.0139971 0.00243437 0.0118515 0.0126495 0.0034564 0.010404 0.0149413 0.00312171 0.00681076 0.015450111920482899 0.00343842 0.00472341 0.0140043 0.0090488 0.0144704 0.015409617120482898 0.0081579 0.0131157 0.00750539 0.00278551 0.00645921 0.00786535 0.00451558 0.00566684 0.00750539 0.00278551 0.00645921 0.00672808 0.00309407 0.00446567 0.000993703 0.00867188 0.0112546 0.00259075 0.00997488 0.0105949 0.000993703 0.00867188 0.0112546 3.89826e-05 0.0081579 0.0131157 0.0153355 0.0140726 0.0126842 0.0140251 0.0157600815204829 0.0125822 0.000896318 0.00296225 0.00983093 0.000439489 0.0017736 0.0112538 0.000896318 0.00296225 0.00983093 -0.0008734345204828993 0.0040673 0.00900414 0.000896318 0.00296225 0.00983093 0.00134192 0.00469062 0.00861409 0.00662621 0.0139323 0.0089874 0.00463773 0.0131935 0.00918635 0.00662621 0.0139323 0.0089874 0.00586722 0.013836 0.0110639 0.00662621 0.0139323 0.0089874 0.00831361 0.0127719 0.00968534 0.0135283 0.0142585 0.0112482 0.0131033 0.0129878 0.00998857 0.0135283 0.0142585 0.0112482 0.0140251 0.0157600815204829 0.0125822 0.0135283 0.0142585 0.0112482 0.0119893 0.0149699 0.00993372 0.0135283 0.0142585 0.0112482 0.0146181 0.0146208 0.00931495 0.00515661 0.000876717 0.0056449 0.00549793 0.00117291 0.00348423 0.00942635 0.013709 0.00395119 0.0112575 0.0145841 0.00352793 0.00942635 0.013709 0.00395119 0.00815076 0.012743 0.00551166 0.00735217 0.0118358 0.012505 0.00655556 0.0101564 0.0126873 0.00517395 0.00385498 0.0089787 0.00402929 0.00277514 0.00746911 0.00517395 0.00385498 0.0089787 0.00602912 0.00412609 0.0109517 0.0151626 0.0100646 0.000915504 0.0145975 0.00852935 0.0019473 0.0151626 0.0100646 0.000915504 0.016238801520482897 0.00843389 0.000946112 0.00311871 0.0117482 0.00918001 0.00443221 0.0104068 0.00959159 0.00311871 0.0117482 0.00918001 0.00227017 0.0120674 0.0108716 0.00311871 0.0117482 0.00918001 0.00463773 0.0131935 0.00918635 0.00311871 0.0117482 0.00918001 0.00210716 0.0103908 0.00796065 0.00375373 0.00287977 0.0131896 0.00524378 0.00172016 0.0134735 0.00375373 0.00287977 0.0131896 0.00203847 0.00163647 0.0127775 0.00925443 0.00810723 0.00273991 0.0102891 0.00935576 0.00382494 0.00925443 0.00810723 0.00273991 0.00866282 0.00852882 0.0045189 0.000552867 0.0111559 0.0043247 -0.00046733452048289997 0.0128536 0.00328258 0.000552867 0.0111559 0.0043247 0.0019197299999999997 0.010102 0.00565831 0.000439489 0.0017736 0.0112538 -0.0011388345204828994 0.00172902 0.00966919 0.000439489 0.0017736 0.0112538 0.00203847 0.00163647 0.0127775 0.0102891 0.00935576 0.00382494 0.00866282 0.00852882 0.0045189 0.0102891 0.00935576 0.00382494 0.0113748 0.0111483 0.00431186 0.0102891 0.00935576 0.00382494 0.0124292 0.00901704 0.00372708 0.00475659 0.00651099 0.0134744 0.00442375 0.00486337 0.0144517 0.00475659 0.00651099 0.0134744 0.00450164 0.00479017 0.0125053 0.00475659 0.00651099 0.0134744 0.00527029 0.0064194 0.0114068 0.00316184 0.000728348 0.00686216 0.00292616 -0.0006015345204828991 0.00856127 0.00316184 0.000728348 0.00686216 0.00167084 0.00224708 0.00704068 0.00994371 0.000563877 0.00245812 0.0112575 -0.0007865345204829009 0.00352793 0.00994371 0.000563877 0.00245812 0.0116988 7.095319999999997e-05 0.0011701 0.00994371 0.000563877 0.00245812 0.00807139 0.00149959 0.00315444 0.00807308 0.0105261 0.0142541 0.0102229 0.0109504 0.0142293 0.0108194 0.00948687 0.0126905 0.0102229 0.0109504 0.0142293 0.00426029 0.0151013 0.0102759 0.00292616 0.0147691 0.00856127 0.00426029 0.0151013 0.0102759 0.00463773 0.0131935 0.00918635 0.00426029 0.0151013 0.0102759 0.00586722 0.013836 0.0110639 0.00181124 0.0132134 0.00762017 0.00292616 0.0147691 0.00856127 0.00181124 0.0132134 0.00762017 0.00384937 0.0130422 0.00698835 0.00181124 0.0132134 0.00762017 0.00044105800000000003 0.0142181 0.00625604 0.00242491 0.00721216 0.000827314 0.000868167 0.00843389 0.000946112 0.00242491 0.00721216 0.000827314 0.00044629399999999986 0.00635401 0.00134377 0.00242491 0.00721216 0.000827314 0.00249635 0.00648285 0.0027378 0.00141266 0.0134246 0.00270396 0.00137202 0.0131942 0.00461515 0.00141266 0.0134246 0.00270396 -0.0004673345204828992 0.0128536 0.00328258 0.00141266 0.0134246 0.00270396 0.000642298 0.0152045 0.0036321 0.00598849 0.0131524 0.00582001 0.0064823 0.0113227 0.00590426 0.00598849 0.0131524 0.00582001 0.00815076 0.012743 0.00551166 0.00163745 0.00022795 0.0144584 0.00203847 0.00163647 0.0127775 0.0145975 0.00852935 0.0019473 0.016238801520482897 0.00843389 0.000946112 0.0145975 0.00852935 0.0019473 0.0126813 0.00893403 0.00108711 0.00279072 0.00579316 0.0122552 0.00450164 0.00479017 0.0125053 0.00279072 0.00579316 0.0122552 0.00298729 0.00479725 0.0103195 0.0127292 0.00529555 0.00625836 0.0135902 0.00443037 0.00469132 0.0127292 0.00529555 0.00625836 0.0112689 0.00595494 0.00517181 0.0127292 0.00529555 0.00625836 0.0135321 0.00572351 0.00796562 0.00866282 0.00852882 0.0045189 0.00792443 0.0105839 0.00442117 0.00443221 0.0104068 0.00959159 0.00625622 0.0101186 0.00942711 0.00443221 0.0104068 0.00959159 0.00259075 0.00997488 0.0105949 0.00443221 0.0104068 0.00959159 0.00444909 0.0118166 0.01119 0.00443221 0.0104068 0.00959159 0.00470474 0.00835048 0.0101584 0.0116886 0.00510188 0.0114819 0.0099113 0.00454078 0.0124573 0.0116886 0.00510188 0.0114819 0.0126495 0.0034564 0.010404 0.0116886 0.00510188 0.0114819 0.0114549 0.00729191 0.0115536 0.00786231 0.00100995 0.0106685 0.00758076 0.00010266500000000005 0.012649 0.00313377 0.00878054 0.00880823 0.00259075 0.00997488 0.0105949 0.00313377 0.00878054 0.00880823 0.00210716 0.0103908 0.00796065 0.00313377 0.00878054 0.00880823 0.00222607 0.0068572 0.00922678 0.00313377 0.00878054 0.00880823 0.00470474 0.00835048 0.0101584 0.0116697 0.00170435 0.00949332 0.0103698 0.00270005 0.0108443 0.0116697 0.00170435 0.00949332 0.0119893 -0.00040073452048289986 0.00993372 0.0116697 0.00170435 0.00949332 0.0126495 0.0034564 0.010404 0.00786535 0.00451558 0.00566684 0.00672808 0.00309407 0.00446567 0.00959845 0.0132834 0.00708136 0.00815076 0.012743 0.00551166 0.00546281 0.00329967 0.00275441 0.00672808 0.00309407 0.00446567 0.00546281 0.00329967 0.00275441 0.00549793 0.00117291 0.00348423 0.00974463 0.00289627 0.00879783 0.0103698 0.00270005 0.0108443 0.0135902 0.00443037 0.00469132 0.015450111920482899 0.00343842 0.00472341 0.0112689 0.00595494 0.00517181 0.011963 0.00756614 0.00648659 0.00343631 0.0142537 0.00320013 0.00362933 0.01481 0.0011379199999999997 0.00343631 0.0142537 0.00320013 0.00550478 0.0141784 0.00255213 0.0103664 0.00256296 0.0129538 0.00983426 0.00183124 0.0144935 0.0103664 0.00256296 0.0129538 0.0103698 0.00270005 0.0108443 0.0103664 0.00256296 0.0129538 0.0115829 0.00376957 0.0142467 0.0103664 0.00256296 0.0129538 0.0099113 0.00454078 0.0124573 0.00442375 0.00486337 0.0144517 0.00450164 0.00479017 0.0125053 0.0135321 0.00572351 0.00796562 0.0154730115204829 0.00660374 0.00801827 0.0135321 0.00572351 0.00796562 0.0144972 0.0040673 0.00900414 0.000868167 0.00843389 0.000946112 0.000446294 0.00635401 0.00134377 0.000868167 0.00843389 0.000946112 0.00216632 0.0101455 0.00111132 0.014846 0.00858721 0.00869122 0.0154730115204829 0.00660374 0.00801827 0.014846 0.00858721 0.00869122 0.0131232 0.00808398 0.00997873 0.014846 0.00858721 0.00869122 0.0142883 0.00822166 0.00666016 0.0131033 0.0129878 0.00998857 0.012169 0.0123566 0.008173 0.0064823 0.0113227 0.00590426 0.00621372 0.00910416 0.0060357 0.0064823 0.0113227 0.00590426 0.00815076 0.012743 0.00551166 0.0064823 0.0113227 0.00590426 0.00792443 0.0105839 0.00442117 0.00902812 0.00014053 0.0144979 0.00983426 0.00183124 0.0144935 0.00902812 0.00014053 0.0144979 0.0095243 -0.0012847345204828988 0.0129982 0.0140489 0.00182636 0.00464818 0.015450111920482899 0.00343842 0.00472341 0.00709947 0.00449155 0.00233685 0.00907101 0.00396551 0.00288193 0.00709947 0.00449155 0.00233685 0.00527784 0.00552292 0.00227463 0.00709947 0.00449155 0.00233685 0.00781505 0.0028999 0.00115365 0.00227017 0.0120674 0.0108716 0.00259075 0.00997488 0.0105949 0.00227017 0.0120674 0.0108716 0.00444909 0.0118166 0.01119 0.0133861 0.00745659 0.0048272 0.011963 0.00756614 0.00648659 0.0133861 0.00745659 0.0048272 0.0124292 0.00901704 0.00372708 0.0133861 0.00745659 0.0048272 0.0142883 0.00822166 0.00666016 0.00450164 0.00479017 0.0125053 0.00527029 0.0064194 0.0114068 0.00708466 0.00667395 0.000893627 0.00883329 0.00559434 0.00116341 0.00708466 0.00667395 0.000893627 0.00627104 0.00766247 0.00255371 0.0098952 0.00751971 0.00091923 0.00883329 0.00559434 0.00116341 0.00872958 0.012477 0.014259 0.0102229 0.0109504 0.0142293 0.00872958 0.012477 0.014259 0.0095243 0.0140859 0.0129982 0.00983426 0.00183124 0.0144935 0.00860925 0.00366028 0.0142021 0.00486826 0.00127576 0.00103317 0.00362933 -0.0005606345204828998 0.00113792 0.00625622 0.0101186 0.00942711 0.00812002 0.0104816 0.0104423 0.00137202 0.0131942 0.00461515 0.00044105800000000003 0.0142181 0.00625604 0.00137202 0.0131942 0.00461515 0.00312836 0.0120017 0.00494277 0.00402929 0.00277514 0.00746911 0.0016708399999999998 0.00224708 0.00704068 0.00402929 0.00277514 0.00746911 0.00437907 0.00514183 0.00691744 0.0103698 0.00270005 0.0108443 0.0099113 0.00454078 0.0124573 0.0103698 0.00270005 0.0108443 0.00912662 0.00472819 0.0101733 0.0103698 0.00270005 0.0108443 0.0126495 0.0034564 0.010404 0.000446294 0.00635401 0.00134377 0.00249635 0.00648285 0.0027378 0.00314938 0.00890264 0.00298454 0.00422476 0.0111463 0.00309329 0.00314938 0.00890264 0.00298454 0.00216632 0.0101455 0.00111132 0.00587357 0.0122507 0.00114234 0.00453165 0.0101919 0.00106329 0.00587357 0.0122507 0.00114234 0.00695193 0.0100389 0.00119781 0.00587357 0.0122507 0.00114234 0.00550478 0.0141784 0.00255213 0.00422476 0.0111463 0.00309329 0.00453165 0.0101919 0.0010632900000000002 0.00422476 0.0111463 0.00309329 0.00587002 0.0096328 0.00375021 0.00422476 0.0111463 0.00309329 0.00312836 0.0120017 0.00494277 0.0134424 0.0107753 0.00239017 0.0124292 0.00901704 0.00372708 0.0134424 0.0107753 0.00239017 0.0126813 0.00893403 0.00108711 0.00292616 0.0147691 0.00856127 0.00463773 0.0131935 0.00918635 0.0123298 0.0132325 0.00179141 0.0112575 0.0145841 0.00352793 0.0123298 0.0132325 0.00179141 0.0116988 0.015441587720482899 0.0011701 0.0123298 0.0132325 0.00179141 0.01353 0.0147092 0.00328388 7.94774e-05 0.00343842 0.00472341 0.00233194 0.00378077 0.00393233 0.0141951 0.0149763 0.00108876 0.0147325 0.0168564145204829 0.00250492 0.0141951 0.0149763 0.00108876 0.016596214520482898 0.0152343 0.00120664 0.0141951 0.0149763 0.00108876 0.01353 0.0147092 0.0032838800000000003 0.00444909 0.0118166 0.01119 0.00463773 0.0131935 0.00918635 0.00444909 0.0118166 0.01119 0.00586722 0.013836 0.0110639 0.0112575 0.0145841 0.00352793 0.01353 0.0147092 0.00328388 0.00672808 0.00309407 0.00446567 0.00807139 0.00149959 0.00315444 0.00672808 0.00309407 0.00446567 0.00549793 0.00117291 0.00348423 0.0115829 0.00376957 0.0142467 0.013544 0.00258217 0.0139382 0.00907101 0.00396551 0.00288193 0.00883329 0.00559434 0.00116341 0.00907101 0.00396551 0.00288193 0.00781505 0.0028999 0.00115365 0.0142318 0.00172902 0.00966919 0.0144972 0.0040673 0.00900414 0.0142318 0.00172902 0.00966919 0.0126495 0.0034564 0.010404 0.0116988 7.09532e-05 0.0011701 0.0129207 0.00223621 0.00117416 0.00602912 0.00412609 0.0109517 0.00527029 0.0064194 0.0114068 0.011963 0.00756614 0.00648659 0.0142883 0.00822166 0.00666016 0.000102377 0.00660374 0.00801827 0.00134192 0.00469062 0.00861409 0.000102377 0.00660374 0.00801827 0.00222607 0.0068572 0.00922678 0.000102377 0.00660374 0.00801827 -0.0010823345204828995 0.00822166 0.00666016 0.011678 0.0151357 0.0123851 0.00979045 0.0151005 0.0108447 0.011678 0.0151357 0.0123851 0.0140251 0.0157600815204829 0.0125822 0.011678 0.0151357 0.0123851 0.0095243 0.0140859 0.0129982 0.011678 0.0151357 0.0123851 0.0119893 0.0149699 0.00993372 0.00384937 0.0130422 0.00698835 0.00463773 0.0131935 0.00918635 0.00384937 0.0130422 0.00698835 0.00312836 0.0120017 0.00494277 0.00702203 0.00774524 0.00951469 0.00470474 0.00835048 0.0101584 0.00463773 0.0131935 0.00918635 0.00586722 0.013836 0.0110639 0.0147325 0.00148578 0.00250492 0.0165532445204829 0.00257528 0.00142881 0.0147325 0.00148578 0.00250492 0.0160129325204829 -0.00016613452048289904 0.0036321 0.0147325 0.00148578 0.00250492 0.0129207 0.00223621 0.00117416 0.0113748 0.0111483 0.00431186 0.0124292 0.00901704 0.00372708 0.00911104 0.00703365 0.010864 0.00912662 0.00472819 0.0101733 0.00911104 0.00703365 0.010864 0.0114549 0.00729191 0.0115536 0.0102229 0.0109504 0.0142293 0.0113114 0.0131876 0.0142523 0.00527029 0.0064194 0.0114068 0.00470474 0.00835048 0.0101584 0.00543637 0.00644766 0.00525081 0.00437907 0.00514183 0.00691744 0.00543637 0.00644766 0.00525081 0.00303286 0.00596703 0.00502295 0.0144972 0.0040673 0.00900414 0.016712554520482897 0.00469062 0.00861409 0.0144972 0.0040673 0.00900414 0.0126495 0.0034564 0.010404 0.00122558 0.0152343 0.00120664 0.00362933 0.01481 0.00113792 0.00122558 0.0152343 0.00120664 0.000642298 0.0152045 0.0036321 0.00979045 0.0151005 0.0108447 0.0095243 0.0140859 0.0129982 0.00979045 0.0151005 0.0108447 0.0119893 0.0149699 0.00993372 0.00203847 0.00163647 0.0127775 0.00346379 -0.00015673452048289784 0.0123922 0.00134192 0.00469062 0.00861409 0.00298729 0.00479725 0.0103195 0.00134192 0.00469062 0.00861409 0.00222607 0.0068572 0.00922678 0.00812002 0.0104816 0.0104423 0.00831361 0.0127719 0.00968534 0.0113114 0.0131876 0.0142523 0.0095243 0.0140859 0.0129982 0.00362933 0.01481 0.00113792 0.00550478 0.0141784 0.00255213 0.0099113 0.00454078 0.0124573 0.00860925 0.00366028 0.0142021 0.0099113 0.00454078 0.0124573 0.00912662 0.00472819 0.0101733 0.0099113 0.00454078 0.0124573 0.00827758 0.0059851 0.013551 0.0149033 0.0128536 0.00328258 0.01353 0.0147092 0.00328388 0.00627104 0.00766247 0.00255371 0.00527784 0.00552292 0.00227463 0.00627104 0.00766247 0.00255371 0.00587002 0.0096328 0.00375021 0.00453165 0.0101919 0.00106329 0.00695193 0.0100389 0.00119781 0.00453165 0.0101919 0.00106329 0.00216632 0.0101455 0.00111132 0.00210716 0.0103908 0.00796065 0.00191973 0.010102 0.00565831 0.00860925 0.00366028 0.0142021 0.00827758 0.0059851 0.013551 0.0131232 0.00808398 0.00997873 0.0114549 0.00729191 0.0115536 0.00621372 0.00910416 0.0060357 0.00587002 0.0096328 0.00375021 0.013544 0.00258217 0.0139382 0.0139858 0.00493453 0.0142217 0.00815076 0.012743 0.00551166 0.00792443 0.0105839 0.00442117 0.00437907 0.00514183 0.00691744 0.00303286 0.00596703 0.00502295 0.00298729 0.00479725 0.0103195 0.00222607 0.0068572 0.00922678 0.00758076 0.000102665 0.012649 0.0095243 -0.001284734520482899 0.0129982 0.00100782 0.00713125 0.00444529 0.00303286 0.00596703 0.00502295 0.00100782 0.00713125 0.00444529 0.00249635 0.00648285 0.0027378 0.00781505 0.0028999 0.00115365 0.00807139 0.00149959 0.00315444 0.00303286 0.00596703 0.00502295 0.00249635 0.00648285 0.0027378 0.00191973 0.010102 0.00565831 0.00312836 0.0120017 0.00494277 0.00587002 0.0096328 0.00375021 0.00792443 0.0105839 0.00442117</DataArray>
</Points><Lines>
<DataArray type="Int64" Name="connectivity" format="ascii">0 1 2 3 4 5 6 7 8 9 10 11 12 13 14 15 16 17 18 19 20 21 22 23 24 25 26 27 28 29 30 31 32 33 34 35 36 37 38 39 40 41 42 43 44 45 46 47 48 49 50 51 52 53 54 55 56 57 58 59 60 61 62 63 64 65 66 67 68 69 70 71 72 73 74 75 76 77 78 79 80 81 82 83 84 85 86 87 88 89 90 91 92 93 94 95 96 97 98 99 100 101 102 103 104 105 106 107 108 109 110 111 112 113 114 115 116 117 118 119 120 121 122 123 124 125 126 127 128 129 130 131 132 133 134 135 136 137 138 139 140 141 142 143 144 145 146 147 148 149 150 151 152 153 154 155 156 157 158 159 160 161 162 163 164 165 166 167 168 169 170 171 172 173 174 175 176 177 178 179 180 181 182 183 184 185 186 187 188 189 190 191 192 193 194 195 196 197 198 199 200 201 202 203 204 205 206 207 208 209 210 211 212 213 214 215 216 217 218 219 220 221 222 223 224 225 226 227 228 229 230 231 232 233 234 235 236 237 238 239 240 241 242 243 244 245 246 247 248 249 250 251 252 253 254 255 256 257 258 259 260 261 262 263 264 265 266 267 268 269 270 271 272 273 274 275 276 277 278 279 280 281 282 283 284 285 286 287 288 289 290 291 292 293 294 295 296 297 298 299 300 301 302 303 304 305 306 307 308 309 310 311 312 313 314 315 316 317 318 319 320 321 322 323 324 325 326 327 328 329 330 331 332 333 334 335 336 337 338 339 340 341 342 343 344 345 346 347 348 349 350 351 352 353 354 355 356 357 358 359 360 361 362 363 364 365 366 367 368 369 370 371 372 373 374 375 376 377 378 379 380 381 382 383 384 385 386 387 388 389 390 391 392 393 394 395 396 397 398 399 400 401 402 403 404 405 406 407 408 409 410 411 412 413 414 415 416 417 418 419 420 421 422 423 424 425 426 427 428 429 430 431 432 433 434 435 436 437 438 439 440 441 442 443 444 445 446 447 448 449 450 451 452 453 454 455 456 457 458 459 460 461 462 463 464 465 466 467 468 469 470 471 472 473 474 475 476 477 478 479 480 481 482 483 484 485 486 487 488 489 490 491 492 493 494 495 496 497 498 499 500 501 502 503 504 505 506 507 508 509 510 511 512 513 514 515 516 517 518 519 520 521 522 523 524 525 526 527 528 529 530 531 532 533 534 535 536 537 538 539 540 541 542 543 544 545 546 547 548 549 550 551 552 553 554 555 556 557 558 559 560 561 562 563 564 565 566 567 568 569 570 571 572 573 574 575 576 577 578 579 580 581 582 583 584 585 586 587 588 589 590 591 592 593 594 595 596 597 598 599 600 601 602 603 604 605 606 607 608 609 610 611 612 613 614 615 616 617 618 619 620 621 622 623 624 625 626 627 628 629 630 631 632 633 634 635 636 637 638 639 640 641 642 643 644 645 646 647 648 649 650 651 652 653 654 655 656 657 658 659 660 661 662 663 664 665 666 667 668 669 670 671 672 673 674 675 676 677 678 679 680 681 682 683 684 685 686 687 688 689 690 691 692 693 694 695 696 697 698 699 700 701 702 703 704 705 706 707 708 709 710 711 712 713 714 715 716 717 718 719 720 721 722 723 724 725 726 727 728 729 730 731 732 733 734 735 736 737 738 739 740 741 742 743 744 745 746 747 748 749 750 751 752 753 754 755 756 757 758 759 760 761 762 763 764 765 766 767 768 769 770 771 772 773 774 775 776 777 778 779 780 781 782 783 784 785 786 787 788 789 790 791 792 793 794 795 796 797 798 799 800 801 802 803 804 805 806 807 808 809 810 811 812 813 814 815 816 817 818 819 820 821 822 823 824 825 826 827 828 829 830 831 832 833 834 835 836 837 838 839 840 841 842 843 844 845 846 847 848 849 850 851 852 853 854 855 856 857 858 859 860 861 862 863 864 865 866 867 868 869 870 871 872 873 874 875 876 877 878 879 880 881 882 883 884 885 886 887 888 889 890 891 892 893 894 895 896 897 898 899 900 901 902 903 904 905 906 907 908 909 910 911 912 913 914 915 916 917 918 919 920 921 922 923 924 925 926 927 928 929 930 931 932 933 934 935 936 937 938 939 940 941 942 943 944 945 946 947 948 949 950 951 952 953 954 955 956 957 958 959 960 961 962 963 964 965 966 967 968 969 970 971 972 973 974 975 976 977 978 979 980 981 982 983 984 985 986 987 988 989 990 991 992 993 994 995 996 997 998 999 1000 1001 1002 1003 1004 1005 1006 1007 1008 1009 1010 1011 1012 1013 1014 1015 1016 1017 1018 1019 1020 1021 1022 1023 1024 1025 1026 1027 1028 1029 1030 1031 1032 1033 1034 1035 1036 1037 1038 1039 1040 1041 1042 1043 1044 1045 1046 1047 1048 1049 1050 1051 1052 1053 1054 1055 1056 1057 1058 1059 1060 1061 1062 1063 1064 1065 1066 1067 1068 1069 1070 1071 1072 1073 1074 1075 1076 1077 1078 1079 1080 1081 1082 1083 1084 1085 1086 1087 1088 1089 1090 1091 1092 1093 1094 1095 1096 1097 1098 1099 1100 1101 1102 1103 1104 1105 1106 1107 1108 1109 1110 1111 1112 1113 1114 1115 1116 1117 1118 1119 1120 1121 1122 1123 1124 1125 1126 1127 1128 1129 1130 1131 1132 1133 1134 1135 1136 1137 1138 1139 1140 1141 1142 1143 1144 1145 1146 1147 1148 1149 1150 1151 1152 1153 1154 1155 1156 1157 1158 1159 1160 1161 1162 1163 1164 1165 1166 1167 1168 1169 1170 1171 1172 1173 1174 1175 1176 1177 1178 1179 1180 1181 1182 1183 1184 1185 1186 1187 1188 1189 1190 1191 1192 1193 1194 1195 1196 1197 1198 1199 1200 1201 1202 1203 1204 1205 1206 1207 1208 1209 1210 1211 1212 1213 1214 1215 1216 1217 1218 1219 1220 1221 1222 1223 1224 1225 1226 1227 1228 1229 1230 1231 1232 1233 1234 1235 1236 1237 1238 1239 1240 1241 1242 1243 1244 1245 1246 1247 1248 1249 1250 1251 1252 1253 1254 1255 1256 1257 1258 1259 1260 1261 1262 1263 1264 1265 1266 1267 1268 1269 1270 1271 1272 1273 1274 1275 1276 1277 1278 1279 1280 1281 1282 1283 1284 1285 1286 1287 1288 1289 1290 1291 1292 1293 1294 1295 1296 1297 1298 1299 1300 1301 1302 1303 1304 1305 1306 1307 1308 1309 1310 1311 1312 1313 1314 1315 1316 1317 1318 1319 1320 1321 1322 1323 1324 1325 1326 1327 1328 1329 1330 1331 1332 1333 1334 1335 1336 1337 1338 1339 1340 1341 1342 1343 1344 1345 1346 1347 1348 1349 1350 1351 1352 1353 1354 1355 1356 1357 1358 1359 1360 1361 1362 1363 1364 1365 1366 1367 1368 1369 1370 1371 1372 1373 1374 1375 1376 1377 1378 1379 1380 1381 1382 1383 1384 1385 1386 1387 1388 1389 1390 1391 1392 1393 1394 1395 1396 1397 1398 1399 1400 1401 1402 1403 1404 1405 1406 1407 1408 1409 1410 1411 1412 1413 1414 1415 1416 1417 1418 1419 1420 1421 1422 1423 1424 1425 1426 1427 1428 1429 1430 1431 1432 1433 1434 1435 1436 1437 1438 1439 1440 1441 1442 1443 1444 1445 1446 1447 1448 1449 1450 1451 1452 1453 1454 1455 1456 1457 1458 1459 1460 1461 1462 1463 1464 1465 1466 1467 1468 1469 1470 1471 1472 1473 1474 1475 1476 1477 1478 1479 1480 1481 1482 1483 1484 1485 1486 1487 1488 1489 1490 1491 1492 1493 1494 1495 1496 1497 1498 1499 1500 1501 1502 1503 1504 1505 1506 1507 1508 1509 1510 1511 1512 1513 1514 1515 1516 1517 1518 1519 1520 1521 1522 1523 1524 1525 1526 1527 1528 1529 1530 1531 1532 1533 1534 1535 1536 1537 1538 1539 1540 1541 1542 1543 1544 1545 1546 1547 1548 1549 1550 1551 1552 1553 1554 1555 1556 1557 1558 1559 1560 1561 1562 1563 1564 1565 1566 1567 1568 1569 1570 1571 1572 1573 1574 1575 1576 1577 1578 1579 1580 1581 1582 1583 1584 1585 1586 1587 1588 1589 1590 1591 1592 1593 1594 1595 1596 1597 1598 1599 1600 1601 1602 1603 1604 1605 1606 1607 1608 1609 1610 1611 1612 1613 1614 1615 1616 1617 1618 1619 1620 1621 1622 1623 1624 1625 1626 1627 1628 1629 1630 1631 1632 1633 1634 1635 1636 1637 1638 1639 1640 1641 1642 1643 1644 1645 1646 1647 1648 1649 1650 1651 1652 1653 1654 1655 1656 1657 1658 1659 1660 1661 1662 1663 1664 1665 1666 1667 1668 1669 1670 1671 1672 1673 1674 1675 1676 1677 1678 1679 1680 1681 1682 1683 1684 1685 1686 1687 1688 1689 1690 1691 1692 1693 1694 1695 1696 1697 1698 1699 1700 1701 1702 1703 1704 1705 1706 1707 1708 1709 1710 1711 1712 1713 1714 1715 1716 1717 1718 1719 1720 1721 1722 1723 1724 1725 1726 1727 1728 1729 1730 1731 1732 1733 1734 1735 1736 1737 1738 1739 1740 1741 1742 1743 1744 1745 1746 1747 1748 1749 1750 1751 1752 1753 1754 1755 1756 1757 1758 1759 1760 1761 1762 1763 1764 1765 1766 1767 1768 1769 1770 1771 1772 1773 1774 1775 1776 1777 1778 1779 1780 1781 1782 1783 1784 1785 1786 1787 1788 1789 1790 1791 1792 1793 1794 1795 1796 1797 1798 1799 1800 1801 1802 1803 1804 1805 1806 1807 1808 1809 1810 1811 1812 1813 1814 1815 1816 1817 1818 1819 1820 1821 1822 1823 1824 1825 1826 1827 1828 1829 1830 1831 1832 1833 1834 1835 1836 1837 1838 1839 1840 1841 1842 1843 1844 1845 1846 1847 1848 1849 1850 1851 1852 1853 1854 1855 1856 1857 1858 1859 1860 1861 1862 1863 1864 1865 1866 1867 1868 1869 1870 1871 1872 1873 1874 1875 1876 1877 1878 1879 1880 1881 1882 1883 1884 1885 1886 1887 1888 1889 1890 1891 1892 1893 1894 1895 1896 1897 1898 1899 1900 1901 1902 1903 1904 1905 1906 1907 1908 1909 1910 1911 1912 1913 1914 1915 1916 1917 1918 1919 1920 1921 1922 1923 1924 1925 1926 1927 1928 1929 1930 1931 1932 1933 1934 1935 1936 1937 1938 1939 1940 1941 1942 1943 1944 1945 1946 1947 1948 1949 1950 1951 1952 1953 1954 1955 1956 1957 1958 1959 1960 1961 1962 1963 1964 1965 1966 1967 1968 1969 1970 1971 1972 1973 1974 1975 1976 1977 1978 1979 1980 1981 1982 1983 1984 1985 1986 1987 1988 1989 1990 1991 1992 1993 1994 1995 1996 1997 1998 1999 2000 2001 2002 2003 2004 2005 2006 2007 2008 2009 2010 2011 2012 2013 2014 2015 2016 2017 2018 2019 2020 2021 2022 2023 2024 2025 2026 2027 2028 2029 2030 2031 2032 2033 2034 2035 2036 2037 2038 2039 2040 2041 2042 2043 2044 2045 2046 2047 2048 2049 2050 2051 2052 2053 2054 2055 2056 2057 2058 2059 2060 2061 2062 2063 2064 2065 2066 2067 2068 2069 2070 2071 2072 2073 2074 2075 2076 2077 2078 2079 2080 2081 2082 2083 2084 2085 2086 2087 2088 2089 2090 2091 2092 2093 2094 2095 2096 2097 2098 2099 2100 2101 2102 2103 2104 2105 2106 2107 2108 2109 2110 2111 2112 2113 2114 2115 2116 2117 2118 2119 2120 2121 2122 2123 2124 2125 2126 2127 2128 2129 2130 2131 2132 2133 2134 2135 2136 2137 2138 2139 2140 2141 2142 2143 2144 2145 2146 2147 2148 2149 2150 2151 2152 2153 2154 2155 2156 2157 2158 2159 2160 2161 2162 2163 2164 2165 2166 2167 2168 2169 2170 2171 2172 2173 2174 2175 2176 2177 2178 2179 2180 2181 2182 2183 2184 2185 2186 2187 2188 2189 2190 2191 2192 2193 2194 2195 2196 2197 2198 2199 2200 2201 2202 2203 2204 2205 2206 2207 2208 2209 2210 2211 2212 2213 2214 2215 2216 2217 2218 2219 2220 2221 2222 2223 2224 2225 2226 2227 2228 2229 2230 2231 2232 2233 2234 2235 2236 2237 2238 2239 2240 2241 2242 2243 2244 2245 2246 2247 2248 2249 2250 2251 2252 2253 2254 2255 2256 2257 2258 2259 2260 2261 2262 2263 2264 2265 2266 2267 2268 2269 2270 2271 2272 2273 2274 2275 2276 2277 2278 2279 2280 2281 2282 2283 2284 2285 2286 2287 2288 2289 2290 2291 2292 2293 2294 2295 2296 2297 2298 2299 2300 2301 2302 2303 2304 2305 2306 2307 2308 2309 2310 2311 2312 2313 2314 2315 2316 2317 2318 2319 2320 2321 2322 2323 2324 2325 2326 2327 2328 2329 2330 2331 2332 2333 2334 2335 2336 2337 2338 2339 2340 2341 2342 2343 2344 2345 2346 2347 2348 2349 2350 2351 2352 2353 2354 2355 2356 2357 2358 2359 2360 2361 2362 2363 2364 2365 2366 2367 2368 2369 2370 2371 2372 2373 2374 2375 2376 2377 2378 2379 2380 2381 2382 2383 2384 2385 2386 2387 2388 2389 2390 2391 2392 2393 2394 2395 2396 2397 2398 2399 2400 2401 2402 2403 2404 2405 2406 2407 2408 2409 2410 2411 2412 2413 2414 2415 2416 2417 2418 2419 2420 2421 2422 2423 2424 2425 2426 2427 2428 2429 2430 2431 2432 2433 2434 2435 2436 2437 2438 2439 2440 2441 2442 2443 2444 2445 2446 2447 2448 2449 2450 2451 2452 2453 2454 2455 2456 2457 2458 2459 2460 2461 2462 2463 2464 2465 2466 2467 2468 2469 2470 2471 2472 2473 2474 2475 2476 2477 2478 2479 2480 2481 2482 2483 2484 2485 2486 2487 2488 2489 2490 2491 2492 2493 2494 2495 2496 2497 2498 2499 2500 2501 2502 2503 2504 2505 2506 2507 2508 2509 2510 2511 2512 2513 2514 2515 2516 2517 2518 2519 2520 2521 2522 2523 2524 2525 2526 2527 2528 2529 2530 2531 2532 2533 2534 2535 2536 2537 2538 2539 2540 2541 2542 2543 2544 2545 2546 2547 2548 2549 2550 2551 2552 2553 2554 2555 2556 2557 2558 2559 2560 2561 2562 2563 2564 2565 2566 2567 2568 2569 2570 2571 2572 2573 2574 2575 2576 2577 2578 2579 2580 2581 2582 2583 2584 2585 2586 2587 2588 2589 2590 2591 2592 2593 2594 2595 2596 2597 2598 2599 2600 2601 2602 2603 2604 2605 2606 2607 2608 2609 2610 2611 2612 2613 2614 2615 2616 2617 2618 2619 2620 2621 2622 2623 2624 2625 2626 2627 2628 2629 2630 2631 2632 2633 2634 2635 2636 2637 2638 2639 2640 2641 2642 2643 2644 2645 2646 2647 2648 2649 2650 2651 2652 2653 2654 2655 2656 2657 2658 2659 2660 2661 2662 2663 2664 2665 2666 2667 2668 2669 2670 2671 2672 2673 2674 2675 2676 2677 2678 2679 2680 2681 2682 2683 2684 2685 2686 2687 2688 2689 2690 2691 2692 2693</DataArray>
<DataArray type="Int64" Name="offsets" format="ascii">2 4 6 8 10 12 14 16 18 20 22 24 26 28 30 32 34 36 38 40 42 44 46 48 50 52 54 56 58 60 62 64 66 68 70 72 74 76 78 80 82 84 86 88 90 92 94 96 98 100 102 104 106 108 110 112 114 116 118 120 122 124 126 128 130 132 134 136 138 140 142 144 146 148 150 152 154 156 158 160 162 164 166 168 170 172 174 176 178 180 182 184 186 188 190 192 194 196 198 200 202 204 206 208 210 212 214 216 218 220 222 224 226 228 230 232 234 236 238 240 242 244 246 248 250 252 254 256 258 260 262 264 266 268 270 272 274 276 278 280 282 284 286 288 290 292 294 296 298 300 302 304 306 308 310 312 314 316 318 320 322 324 326 328 330 332 334 336 338 340 342 344 346 348 350 352 354 356 358 360 362 364 366 368 370 372 374 376 378 380 382 384 386 388 390 392 394 396 398 400 402 404 406 408 410 412 414 416 418 420 422 424 426 428 430 432 434 436 438 440 442 444 446 448 450 452 454 456 458 460 462 464 466 468 470 472 474 476 478 480 482 484 486 488 490 492 494 496 498 500 502 504 506 508 510 512 514 516 518 520 522 524 526 528 530 532 534 536 538 540 542 544 546 548 550 552 554 556 558 560 562 564 566 568 570 572 574 576 578 580 582 584 586 588 590 592 594 596 598 600 602 604 606 608 610 612 614 616 618 620 622 624 626 628 630 632 634 636 638 640 642 644 646 648 650 652 654 656 658 660 662 664 666 668 670 672 674 676 678 680 682 684 686 688 690 692 694 696 698 700 702 704 706 708 710 712 714 716 718 720 722 724 726 728 730 732 734 736 738 740 742 744 746 748 750 752 754 756 758 760 762 764 766 768 770 772 774 776 778 780 782 784 786 788 790 792 794 796 798 800 802 804 806 808 810 812 814 816 818 820 822 824 826 828 830 832 834 836 838 840 842 844 846 848 850 852 854 856 858 860 862 864 866 868 870 872 874 876 878 880 882 884 886 888 890 892 894 896 898 900 902 904 906 908 910 912 914 916 918 920 922 924 926 928 930 932 934 936 938 940 942 944 946 948 950 952 954 956 958 960 962 964 966 968 970 972 974 976 978 980 982 984 986 988 990 992 994 996 998 1000 1002 1004 1006 1008 1010 1012 1014 1016 1018 1020 1022 1024 1026 1028 1030 1032 1034 1036 1038 1040 1042 1044 1046 1048 1050 1052 1054 1056 1058 1060 1062 1064 1066 1068 1070 1072 1074 1076 1078 1080 1082 1084 1086 1088 1090 1092 1094 1096 1098 1100 1102 1104 1106 1108 1110 1112 1114 1116 1118 1120 1122 1124 1126 1128 1130 1132 1134 1136 1138 1140 1142 1144 1146 1148 1150 1152 1154 1156 1158 1160 1162 1164 1166 1168 1170 1172 1174 1176 1178 1180 1182 1184 1186 1188 1190 1192 1194 1196 1198 1200 1202 1204 1206 1208 1210 1212 1214 1216 1218 1220 1222 1224 1226 1228 1230 1232 1234 1236 1238 1240 1242 1244 1246 1248 1250 1252 1254 1256 1258 1260 1262 1264 1266 1268 1270 1272 1274 1276 1278 1280 1282 1284 1286 1288 1290 1292 1294 1296 1298 1300 1302 1304 1306 1308 1310 1312 1314 1316 1318 1320 1322 1324 1326 1328 1330 1332 1334 1336 1338 1340 1342 1344 1346 1348 1350 1352 1354 1356 1358 1360 1362 1364 1366 1368 1370 1372 1374 1376 1378 1380 1382 1384 1386 1388 1390 1392 1394 1396 1398 1400 1402 1404 1406 1408 1410 1412 1414 1416 1418 1420 1422 1424 1426 1428 1430 1432 1434 1436 1438 1440 1442 1444 1446 1448 1450 1452 1454 1456 1458 1460 1462 1464 1466 1468 1470 1472 1474 1476 1478 1480 1482 1484 1486 1488 1490 1492 1494 1496 1498 1500 1502 1504 1506 1508 1510 1512 1514 1516 1518 1520 1522 1524 1526 1528 1530 1532 1534 1536 1538 1540 1542 1544 1546 1548 1550 1552 1554 1556 1558 1560 1562 1564 1566 1568 1570 1572 1574 1576 1578 1580 1582 1584 1586 1588 1590 1592 1594 1596 1598 1600 1602 1604 1606 1608 1610 1612 1614 1616 1618 1620 1622 1624 1626 1628 1630 1632 1634 1636 1638 1640 1642 1644 1646 1648 1650 1652 1654 1656 1658 1660 1662 1664 1666 1668 1670 1672 1674 1676 1678 1680 1682 1684 1686 1688 1690 1692 1694 1696 1698 1700 1702 1704 1706 1708 1710 1712 1714 1716 1718 1720 1722 1724 1726 1728 1730 1732 1734 1736 1738 1740 1742 1744 1746 1748 1750 1752 1754 1756 1758 1760 1762 1764 1766 1768 1770 1772 1774 1776 1778 1780 1782 1784 1786 1788 1790 1792 1794 1796 1798 1800 1802 1804 1806 1808 1810 1812 1814 1816 1818 1820 1822 1824 1826 1828 1830 1832 1834 1836 1838 1840 1842 1844 1846 1848 1850 1852 1854 1856 1858 1860 1862 1864 1866 1868 1870 1872 1874 1876 1878 1880 1882 1884 1886 1888 1890 1892 1894 1896 1898 1900 1902 1904 1906 1908 1910 1912 1914 1916 1918 1920 1922 1924 1926 1928 1930 1932 1934 1936 1938 1940 1942 1944 1946 1948 1950 1952 1954 1956 1958 1960 1962 1964 1966 1968 1970 1972 1974 1976 1978 1980 1982 1984 1986 1988 1990 1992 1994 1996 1998 2000 2002 2004 2006 2008 2010 2012 2014 2016 2018 2020 2022 2024 2026 2028 2030 2032 2034 2036 2038 2040 2042 2044 2046 2048 2050 2052 2054 2056 2058 2060 2062 2064 2066 2068 2070 2072 2074 2076 2078 2080 2082 2084 2086 2088 2090 2092 2094 2096 2098 2100 2102 2104 2106 2108 2110 2112 2114 2116 2118 2120 2122 2124 2126 2128 2130 2132 2134 2136 2138 2140 2142 2144 2146 2148 2150 2152 2154 2156 2158 2160 2162 2164 2166 2168 2170 2172 2174 2176 2178 2180 2182 2184 2186 2188 2190 2192 2194 2196 2198 2200 2202 2204 2206 2208 2210 2212 2214 2216 2218 2220 2222 2224 2226 2228 2230 2232 2234 2236 2238 2240 2242 2244 2246 2248 2250 2252 2254 2256 2258 2260 2262 2264 2266 2268 2270 2272 2274 2276 2278 2280 2282 2284 2286 2288 2290 2292 2294 2296 2298 2300 2302 2304 2306 2308 2310 2312 2314 2316 2318 2320 2322 2324 2326 2328 2330 2332 2334 2336 2338 2340 2342 2344 2346 2348 2350 2352 2354 2356 2358 2360 2362 2364 2366 2368 2370 2372 2374 2376 2378 2380 2382 2384 2386 2388 2390 2392 2394 2396 2398 2400 2402 2404 2406 2408 2410 2412 2414 2416 2418 2420 2422 2424 2426 2428 2430 2432 2434 2436 2438 2440 2442 2444 2446 2448 2450 2452 2454 2456 2458 2460 2462 2464 2466 2468 2470 2472 2474 2476 2478 2480 2482 2484 2486 2488 2490 2492 2494 2496 2498 2500 2502 2504 2506 2508 2510 2512 2514 2516 2518 2520 2522 2524 2526 2528 2530 2532 2534 2536 2538 2540 2542 2544 2546 2548 2550 2552 2554 2556 2558 2560 2562 2564 2566 2568 2570 2572 2574 2576 2578 2580 2582 2584 2586 2588 2590 2592 2594 2596 2598 2600 2602 2604 2606 2608 2610 2612 2614 2616 2618 2620 2622 2624 2626 2628 2630 2632 2634 2636 2638 2640 2642 2644 2646 2648 2650 2652 2654 2656 2658 2660 2662 2664 2666 2668 2670 2672 2674 2676 2678 2680 2682 2684 2686 2688 2690 2692 2694</DataArray>
</Lines></Piece></PolyData></VTKFile>