<?xml version="1.0"?>
<VTKFile type="PolyData" version="0.1" byte_order="LittleEndian">
<PolyData>
<Piece NumberOfPoints="2764" NumberOfVerts="0" NumberOfLines="1382" NumberOfStrips="0" NumberOfPolys="0">
<CellData>
<DataArray type="Int32" Name="edge_kind" format="ascii">0 0 0 0 0 0 0 0 0 0 0 0 0 0 0 0 0 0 0 0 0 0 0 0 0 0 0 0 0 0 0 0 0 0 0 0 0 0 0 0 0 0 0 0 0 0 0 0 0 0 0 0 0 0 0 0 0 0 0 0 0 0 0 0 0 0 0 0 0 0 0 0 0 0 0 0 0 0 0 0 0 0 0 0 0 0 0 0 0 0 0 0 0 0 0 0 0 0 0 0 0 0 0 0 0 0 0 0 0 0 0 0 0 0 0 0 0 0 0 0 0 0 0 0 0 0 0 0 0 0 0 0 0 0 0 0 0 0 0 0 0 0 0 0 0 0 0 0 0 0 0 0 0 0 0 0 0 0 0 0 0 0 0 0 0 0 0 0 0 0 0 0 0 0 0 0 0 0 0 0 0 0 0 0 0 0 0 0 0 0 0 0 0 0 0 0 0 0 0 0 0 0 0 0 0 0 0 0 0 0 0 0 0 0 0 0 0 0 0 0 0 0 0 0 0 0 0 0 0 0 0 0 0 0 0 0 0 0 0 0 0 0 0 0 0 0 0 0 0 0 0 0 0 0 0 0 0 0 0 0 0 0 0 0 0 0 0 0 0 0 0 0 0 0 0 0 0 0 0 0 0 0 0 0 0 0 0 0 0 0 0 0 0 0 0 0 0 0 0 0 0 0 0 0 0 0 0 0 0 0 0 0 0 0 0 0 0 0 0 0 0 0 0 0 0 0 0 0 0 0 0 0 0 0 0 0 0 0 0 0 0 0 0 0 0 0 0 0 0 0 0 0 0 0 0 0 0 0 0 0 0 0 0 0 0 0 0 0 0 0 0 0 0 0 0 0 0 0 0 0 0 0 0 0 0 0 0 0 0 0 0 0 0 0 0 0 0 0 0 0 0 0 0 0 0 0 0 0 0 0 0 0 0 0 0 0 0 0 0 0 0 0 0 0 0 0 0 0 0 0 0 0 0 0 0 0 0 0 0 0 0 0 0 0 0 0 0 0 0 0 0 0 0 0 0 0 0 0 0 0 0 0 0 0 0 0 0 0 0 0 0 0 0 0 0 0 0 0 0 0 0 0 0 0 0 0 0 0 0 0 0 0 0 0 0 0 0 0 0 0 0 0 0 0 0 0 0 0 0 0 0 0 0 0 0 0 0 0 0 0 0 0 0 0 0 0 0 0 0 0 0 0 0 0 0 0 0 0 0 0 0 0 0 0 0 0 0 0 0 0 0 0 0 0 0 0 0 0 0 0 0 0 0 0 0 0 0 0 0 0 0 0 0 0 0 0 0 0 0 0 0 0 0 0 0 0 0 0 0 0 0 0 0 0 0 0 0 0 0 0 0 0 0 0 0 0 0 0 0 0 0 0 0 0 0 0 0 0 0 0 0 0 0 0 0 0 0 0 0 0 0 0 0 0 0 0 0 0 0 0 0 0 0 0 0 0 0 0 0 0 0 0 0 0 0 0 0 0 0 0 0 0 0 0 0 0 0 0 0 0 0 0 0 0 0 0 0 0 0 0 0 0 0 0 0 0 0 0 0 0 0 0 0 0 0 0 0 0 0 0 0 0 0 0 0 0 0 0 0 0 0 0 0 0 0 0 0 0 0 0 0 0 0 0 0 0 0 0 0 0 0 0 0 0 0 0 0 0 0 0 0 0 0 0 0 0 0 0 0 0 0 0 0 0 0 0 0 0 0 0 0 0 0 0 0 0 0 0 0 0 0 0 0 0 0 0 0 0 0 0 0 0 0 0 0 0 0 0 0 0 0 0 0 0 0 0 0 0 0 0 0 0 0 0 0 0 0 0 0 0 0 0 0 0 0 0 0 0 0 0 0 0 0 0 0 0 0 0 0 0 0 0 0 0 0 0 0 0 0 0 0 0 0 0 0 0 0 0 0 0 0 0 0 0 0 0 0 0 0 0 0 0 0 0 0 0 0 0 0 0 0 0 0 0 0 0 0 0 0 0 0 0 0 0 0 0 0 0 0 0 0 0 0 0 0 0 0 0 0 0 0 0 0 0 0 0 0 0 0 0 0 0 0 0 0 0 0 0 0 0 0 0 0 0 0 0 0 0 0 0 0 0 0 0 0 0 0 0 0 0 0 0 0 0 0 0 0 0 0 0 0 0 0 0 0 0 0 0 0 0 0 0 0 0 0 0 0 0 0 0 0 0 0 0 0 0 0 0 0 0 0 0 0 0 0 0 0 0 0 0 0 0 0 0 0 0 0 0 0 0 0 0 0 0 0 0 0 0 0 0 0 0 0 0 0 0 0 0 0 0 0 0 0 0 0 0 0 0 0 0 0 0 0 0 0 0 0 0 0 0 0 0 0 0 0 0 0 0 0 0 0 0 0 0 0 0 0 0 0 0 0 0 0 0 0 0 0 0 0 0 0 0 0 0 0 0 0 0 0 0 0 0 0 0 0 0 0 0 0 0 0 0 0 0 0 0 0 0 0 0 0 0 0 0 0 0 0 0 0 0 0 0 0 0 0 0 0 0 0 0 0 0 0 0 0 0 0 0 0 0 0 0 0 0 0 0 0 0 0 0 0 0 0 0 0 0 0 0 0 0 0 0 0 0 0 0 0 0 0 0 0 0 0 0 0 0 0 0 0 0 0 0 0 0 0 0 0 0 0 0 0 0 0 0 0 0 0 0 0 0 0 0 0 0 0 0 0 0 0 0 0 0 0 0 0 0 0 0 0 0 0 0 0 0 0 0 0 0 0 0 0 0 0 0 0 0 0 0 0 0 0 0 0 0 0 0 0 0 0 0 0 0 0 0 0 0 0 0 0 0 0 0 0 0 0 0 0 0 0 0 0 0 0 0 0 0 0 0 0 0 0 0 0 0 0 0 0 0 0 0 0 0 0 0 0 0 0 0 0 0 0 0 0 0 0 0 0 0 0 0 0 0 0 0 0 0 0 0 0 0 0 0 0 0 0 0 0 0 0 0 0 0 0 0 0 0 0 0 0 0 0 0 0 0 0 0 0 0 0 0 0 0 0 0 0 0 0 0 0 0 0 0 0 0 0 0 0 0 0 0 0 0 0 0 0 0 0 0 0 0 0 0 0 0 0 0 0 0 0 0 0 0</DataArray>
<DataArray type="Float64" Name="conductance" format="ascii">1.8028078321633553e-05 8.660254037844388e-08 8.428753545690905e-05 9.860326125632513e-05 8.474453396886903e-05 0.00018247170973494662 0.00014655186903236387 9.423918305263887e-05 0.00018752240287063903 6.944798934103736e-05 6.932735617891931e-05 6.930437879790221e-05 6.631088498432431e-05 0.000155318003392096 0.00016253097909168336 0.00014752417662202986 0.00015828098852669115 0.00012912543703309578 0.00010355467468373483 0.00014031275553317104 4.048816020654423e-05 0.00013192916030642173 0.00012348810034151642 9.535078426022988e-05 0.00014201304480246965 8.09218732675036e-05 0.0001625255015703551 0.00018388474389592895 0.00014079601004807028 0.000136088453609306 5.3115649656850494e-05 0.0001683957093808097 0.00012315661050238676 8.725643853129417e-05 0.00011711656725840974 0.0001605046429818047 0.00010354805374154093 0.00013717315732042007 0.0001625666648922104 0.00018310303924702398 0.00017960099872063405 5.375352027402599e-05 0.00015465444441630538 0.00015376595841863318 0.00011288781076825855 0.00010170561401734516 0.000133143453508023 9.980511569607201e-05 3.0864576487267565e-05 6.215246329680814e-05 8.090863975780254e-05 4.661165026107489e-05 6.558881316720565e-05 0.00016058576780490349 0.00014689105644833918 0.00016113603615621787 0.00018960801237665007 6.073403913297788e-05 0.00010288694801981475 0.00010200680661426084 0.00012653438476436997 0.00014574628981168922 0.00014980072548335786 9.063389119368478e-05 0.00013542412809012 0.0001620892213895778 0.00013836805330162571 0.0001906220582983628 0.00011801186725685934 9.366402425419387e-05 0.0001200569081601655 2.5578280452315883e-05 0.00015680106953729666 0.00020035102313811312 9.7547392668422e-05 0.00020594633300162073 0.00013251245746827663 0.00021351691291328896 0.00012962556140860701 0.00013325530009247898 0.00016362447877134702 0.00012434904873178892 4.845871651557947e-05 0.00010486134298540216 0.00011505778677486064 0.00011744039629127361 0.00016084885693069698 0.0001886139064984694 0.00012897799322303865 7.460718305545655e-05 0.00012367506304835626 0.00016839412414170764 0.00015593654674961584 7.7772949280229e-05 0.00016066547916069118 0.0002659008483611482 0.00023273874425470669 0.00021245851430517942 0.0001577528590783832 0.00017504848268032832 9.447754284422905e-05 0.0001354825641835641 0.0001755813326649837 0.0002010734785815188 0.00010095465817975912 0.0001005687486818567 4.0209816774106534e-05 8.340274921877873e-05 0.00012275460287470392 1.0630503916218147e-06 2.5564173509409976e-05 0.00018466638405255858 8.740358078524215e-05 0.00017509745284570658 0.0001579686759463485 0.00013175123993778586 9.135214327168388e-05 4.707727047376359e-05 0.00014830822319326526 0.0001521439903358066 0.00013313560141444853 0.0001413375959627853 0.00013618287716410325 9.12607243238475e-05 0.00010633598974300991 3.49533107960967e-05 0.00012330172386933142 0.00011001256976191006 2.3780615283413028e-05 0.0001903729622625345 0.00020146117844545557 0.00014691225799441516 0.00015703566371675316 7.455319109221924e-05 0.00012768928410850235 6.465478016111206e-05 0.00015358825353119308 8.906249748449997e-05 0.00011310714847559098 0.0001831380630534403 0.00018755841097178457 0.00014686607070661485 0.00017409079992830885 0.0001847845019858662 0.00020442818181072749 6.344046098407374e-05 7.55839465617734e-05 0.00014028674662055799 0.00012997630176572058 0.0001200034667227056 0.00012147783525027609 0.00012754624565352937 0.00011207275423612418 0.00014380216603532246 0.0001389488360908623 9.104288411350475e-05 0.0002609070046536243 0.0001712833358850494 0.0002411065683709308 0.00018071624035872745 0.00017368448488449094 0.00018350557443358646 0.0001448119225064489 9.600977009553081e-05 0.00014175720711464404 0.00015189555530222885 8.918100907839969e-05 0.00018753502202255927 0.0002931193601610227 0.00029916302405887465 0.0001074566502981756 0.00012382592823401552 7.825195538838908e-05 0.00015682047459271507 0.0002002137011608005 0.0002190000689854156 0.00020247965139293832 0.00012711500234991154 0.00013005769461218626 0.00014648914131646477 6.601922641537903e-05 0.0001725218689406425 0.00017680603430435623 0.00016832917613314298 0.00021960587423782145 0.00013435426608309143 0.00018584573933907745 7.71787486740247e-05 8.737381794970533e-05 0.00020715446203299723 0.00022382813731146482 0.000136309563440575 0.000128775843734899 0.00016494710674891863 7.660443033035367e-05 0.00014003620320157532 0.00016403812367054787 0.00021601831026642662 0.00015967458461992168 0.00015887390487834643 0.00015155323912982108 0.00018514501765479053 9.106455647091376e-05 8.963242623174492e-05 8.596595090582647e-05 0.00016127184081143395 0.0001106596038764163 0.00012179602588084328 0.00015607143412353161 8.660254037844388e-08 0.00014342874956186887 0.0001877600997178356 0.00013592606752516753 0.00024280581448772202 0.0002355913941686353 0.00021912566035038 0.00022799296305167784 0.0002168291468927913 0.0001834850297812288 8.630221185191337e-05 0.00011362673007368412 0.00010235792891386664 0.0002522641811337323 0.00025906851090428074 0.00010854519677835193 0.00019579830018462196 9.892691044733687e-05 0.00016154192269686202 0.00023318872790550988 8.45116191987753e-05 8.740100674260573e-05 7.834588614726304e-05 0.00017144668532312395 0.00016804825780290144 7.278271884304909e-05 0.0001629159003555057 0.00018068355244855254 0.0001363550483274227 0.0001221574667983459 0.0001338253978007865 0.00013485619694475625 0.00012016589814945703 0.00019687488587683146 0.0002049004536617608 0.0002469268833192443 0.00021767708431237842 0.00022221262597619742 0.0001475728995198802 0.00011047432391508739 7.657986752737245e-05 0.00020015585257553416 0.0001774805640752478 0.00020903137767691135 0.00013503316774300623 0.0002124136257993697 0.00010980735206100931 0.0001225837015170412 0.0001663862183269405 0.00019637041224809833 0.0001324557188775772 0.00010437701346124081 8.814585644986048e-05 0.00016342668261275816 9.407973197709377e-05 0.0001581318853883418 0.000205157028356064 0.00023239442754719998 0.00024867943477637335 0.00020186449122704632 0.00013264847541077102 9.235074135745037e-05 5.700179145574737e-05 0.0001782599956929841 0.00010658057410989878 0.00017775903724164276 0.00021461777800764302 4.790289691368941e-05 0.00010620673323418372 0.0001802640000235734 0.00018914054932727567 0.00014498960272863462 4.50201825873435e-05 0.00015077726231929044 0.0002291245138493963 0.00019637856220428354 8.573687600470835e-05 0.00020599823748408742 0.00020697325908264086 0.00017254859464685068 0.0001887264245983455 0.00022893522143940955 0.00011567350784943071 0.00020432041492621876 0.0001590572772708725 7.488021588974254e-05 0.00023003244673028926 8.835030312274367e-05 0.00014396278090752612 0.00019592729433749072 0.00016393620706037842 0.00017891889064393076 8.190088566192573e-05 0.00016368085927309246 0.000214777627963599 0.00017043976544401398 0.00018508277459229866 0.0001948166151767014 0.00012815893097617437 0.00012178348000389246 0.000303190860750473 0.00025220208353510736 0.0002603034186397153 0.0002214009813602375 0.0002848284718250307 0.0002118284556006023 0.0002262823637373664 0.0001564240839030987 0.00024114282404605003 9.104726137070619e-05 0.00028548195701604456 0.0002377799508894409 0.0001776620089565574 0.00011632115551348825 0.00010305877363210016 0.0002532775336056351 0.00021268812962630334 0.00020196128817579067 0.0002424723410630126 0.0001374936825401047 0.00018864983326829176 0.00012296086791444732 0.0002526170841982893 0.0002345680765061057 0.00021374056550532166 6.254641603538283e-05 0.00022783408422498018 0.00014994995780464478 0.00021733300054075673 0.00019181448885523177 0.0001772974715551151 0.00015666327642240282 0.00015937958316732773 0.0003048783746944147 0.00020065895084154606 0.00018398528453492108 0.00027580891503012323 0.00026762110465486356 0.00021002351868509527 0.00026596310691316265 0.00013944203576045648 9.851428481010531e-05 0.0001448633487794006 0.0001113207573804385 0.00011606341564355843 0.0001283033777182302 0.00012721768227991724 0.0002125221570778553 0.00019678308422112336 8.646892144123859e-05 0.00017556993650038485 0.00015875529485695199 0.0002071501983296918 0.00017029968965494326 0.00026533786284361105 0.00024267536567932737 0.00020195803674137353 0.00017986287075534194 0.00013826572619393094 0.000257886921053379 0.0002824057222597014 0.0002780015109284088 0.0001920336404050272 9.652010131349968e-05 0.0001520919061188262 9.60282435075998e-05 0.00018959181611953398 0.00018856179772398248 0.00020125110627226603 0.00019642737875326892 6.85879528864618e-05 0.00018882307472881498 0.00026218514193449086 0.0001952981147573617 0.00018109420528672617 0.00017387518108939008 0.00021480331858190075 8.207096215876132e-05 0.00013555561691430546 0.00016109406261002892 0.00020236670692802607 9.957878982940681e-05 0.00016608699778586966 7.48073045345145e-05 0.00020437390688777084 0.00015474130810134203 0.0002006791535502888 0.00023092309432642908 0.0002713138817529417 0.00015130573961806153 0.00024872946309073313 0.00013912983219927498 4.1032924729789314e-05 0.00015033628323387748 0.00012722188403216928 0.00016567648497353726 0.0001728367766118267 0.00016438557828023123 0.00030201660390413693 0.00021857993699898667 0.00018860517569049246 9.13122940402301e-05 0.0002212988879057146 0.00017933306498833947 0.00016234902115190203 0.00022073028200489053 0.0002452946004354645 0.0002650815485662604 0.00013610893592592117 0.0002228785172798894 0.00012342198111535906 0.0002856974156762934 0.00029593929047888373 0.00020302795169078414 0.0001525522174413758 0.00016270194877034892 0.00010410872071467148 0.00013009022019510268 0.00021360794359581703 0.0002035921127019733 0.0002859470017103746 0.0002759771371973216 0.0001723130216749032 0.00016339837694418605 0.00026611688018622403 0.000254646849272941 9.823212708401167e-05 0.0001602929070510565 0.00016790039697204266 0.00026188885256649337 0.00025412619299068444 0.00020821321972639193 0.00019491609859994286 9.061103236629113e-05 9.934069793657989e-05 0.00027373548652739806 0.0002192343707357719 0.00017498413135472545 0.0002671573396616708 0.00024007027058682153 0.00013306398366259357 0.00018090609508305774 0.00013142592517073344 0.00028128959478702166 0.00013507851217322732 0.00024913350604464647 0.00020997064478568586 0.0002436727873265188 0.0002480062381065412 9.273514641706627e-05 0.00011519996410189145 0.0001823313145097187 0.00018870574893365452 0.0003521604644461019 0.0003280805341581371 0.00013012921139124323 0.00018413085839062097 0.00015709977949194162 0.00018113768422866136 0.0001550923963941847 0.00019141875559052548 0.00020687154846424507 1.9616217241040532e-05 0.00016272971887804354 0.0001843527081663424 0.00020182974689797735 0.00010894951949812565 0.0002610167598428773 0.0002165674589221413 0.00020067240534176403 0.00020503403461748335 0.00027648710890792615 0.00029716156169314593 0.0002354337028423772 0.0003100491556966158 0.00036553753817991305 0.0002501834992549438 0.00024954048466475524 0.00019812490802847862 0.00020190451624225504 0.0002606455497018846 0.0001872494606062244 9.732990282738279e-05 0.0003165431478329313 0.00024205355879009308 0.0002370505765809325 4.0981424832490556e-05 0.00027039045523942625 0.00015722270526275975 0.00023346118579628978 0.00016982707371681884 0.00023484755583879496 0.00019548868945458442 0.00021560613658498583 0.00020006009963296174 0.00022935809853483964 0.00023608517122007422 0.00020144477504829727 0.00022691471793785277 0.00020222230172278624 0.00014821498954546093 0.0002923328111397267 0.00010599132830104593 0.0001809780508532269 0.0002586842359386817 0.00011527691971021029 0.00023769941125122374 0.00019132243827725266 0.000278971513089567 0.0001659699385359521 8.079505260356953e-05 6.866257177914294e-05 0.0001814958312373368 0.0001858362907843985 0.00026677038733676905 0.00015710929656244328 0.00010700093169341462 0.0002490347794337767 0.00015217012803813828 0.0002135010106393234 0.0001236585176514077 0.00035377483943899857 0.0002466692959905693 0.00025598993489251863 0.00023651497821635767 5.830660334847949e-05 0.00026967002159689594 8.885079858979555e-05 0.0002688338020392978 0.0001901196431272398 0.00013205742963035314 0.00024466859937717205 0.00027681772371903295 0.00023592725527332898 0.00025579582568213607 0.00025627415678568705 0.00023736320043026598 0.00018578291463196658 0.00013059400659571073 0.0002680844647024925 0.0002322280490762642 0.0002409142381132017 0.0001877551442549817 0.0001885559776181483 4.578055493097812e-05 0.00020958671788929244 0.00023265512018901053 4.7893018011890926e-05 0.00010884283569855039 0.00021942726561460297 2.6553382466229634e-05 0.00017920290730154983 0.00019884995063156969 0.0001469287756558281 0.00026547420566393914 0.00023467541781544468 0.00028056081919416455 0.00014507809891915155 0.0001389069151138106 0.000260171725455193 0.00015997338777765192 0.00022423628318104312 0.0002156397302035782 0.00023268505349956263 0.00015267283337861798 0.00019605739707219457 0.0002556714007738888 0.0001993564954091593 0.0002552307997468856 0.00022487729960169776 0.00014004536322894374 0.0001811714340617628 0.0002654611877943215 0.0001424323845311144 0.00015199554489668594 0.00013289204249698305 0.00016540553522802434 0.0002498057479239545 0.0002810164621620403 0.00012768003209830649 0.0003061222879446236 0.00028000304629449295 7.653199966569906e-05 0.00018603114517638764 0.00025580277148864317 0.00014718602502025236 0.00030878144846585803 0.00029719907045257015 0.0003135611251144198 0.0002730511528356061 0.00021794390010540353 0.00018859670280386057 0.00019716478643823425 0.0002741926127571413 0.00023192625680194156 0.00016238748137568226 7.84789601756177e-05 0.00024281813758504143 0.00028702563860899587 0.00024342162371971258 0.00021390161821303899 0.00026806724269691945 0.0001685034124872346 0.00022069244808499669 7.911189480505965e-05 0.0002528306185102112 7.596504353932798e-05 0.00021352205134492653 0.00018512234050300263 0.0002165295298841892 3.489304383601674e-05 9.285787681173016e-05 0.00023546317284084867 0.00022692486210685336 0.00010713585931900046 0.0002319582243375691 0.0002598277052180623 0.00027934941798903355 0.00022059377615865007 0.0001652416356073242 0.00020734654288876749 0.0001424961794001177 0.00023219672133813793 0.00027663860869225323 0.00016519445278149705 9.514400180839275e-05 0.00019943003303288037 0.00024360399200269942 0.00027779234010669396 0.0003344503561687749 0.00018333161739172995 0.00011757044260342391 0.00011452131339175056 0.00016031089157124084 0.0001930345388196051 0.0001607265248485781 0.00022497113020803408 0.00025857650446935545 0.0002247174611321511 0.0002261735008624977 0.00019624855476031667 0.00024709269793508383 0.00020366807030775894 0.00019673799281150556 0.00023480716194611477 0.0002434726231267034 0.00014897812424859242 0.00027128113973837024 0.00011296540136177704 0.00014500782989096444 0.0002376440925838076 0.0003015048544005034 0.0002203801964023008 0.00022067386700473437 0.00023012384182613708 0.0003511868650874601 0.00011558091092203514 0.00021150029717623286 0.0002236743731510313 0.00016425550357562188 0.00020328407293487198 0.0002032329904329589 7.151358846448044e-05 0.00015460823419932314 0.0002045152059734045 0.00022983990346925746 0.00027106755992392455 0.00015523957976603447 0.0002055285462752087 0.00020561423456741986 0.00019048374235370428 0.000103169938957165 0.00017771053242055318 0.0001932219202840286 0.00015925477043597622 0.00020601130805150182 8.148025325661994e-05 0.00018307378138916286 0.00020862971581700045 0.00018009318153922662 0.0001465996147101702 0.00023634751244034358 0.00022890588245703922 0.00026380789622739635 0.00010626920899827097 0.00015637441042030612 0.0002590709099732167 0.00019391428287638527 0.0002233479540036959 0.0002464639049253511 0.0002303243550440155 0.00020293143953821222 0.0001444043006864514 0.00026356295717667284 0.0002617426390949461 0.00016631374067690752 0.0002822219873331991 0.00020167817490482782 0.0001823172724601185 0.0003313100701884874 0.00028135988755204365 0.00021720407514058692 8.678236674738571e-05 0.0001400434955409074 0.0002811335396622087 0.0002670479861671983 0.0001067192317381028 0.00015552877361222297 0.000329446842355597 0.00015205012885573393 0.00013011168179507117 0.0001149291094434008 0.00012283851596466268 0.00014075310971782732 0.00017475492718235756 0.00022284679594339164 0.0002640967951671918 0.00018122584595975158 0.00018593607691294508 0.0002411970631383295 0.00014072084324754465 0.0002712335347964877 0.00018586412274042527 0.00018996898285915498 0.00015206836590130307 0.00017794901246119532 0.00011379653686860763 0.0001716261369964076 0.00023569953801048398 0.00017849765130692943 0.00022840995641582718 0.00022575898475179752 0.00015059966539327204 0.0002788307303586062 0.0002184972809380311 0.00025751247095974846 0.0002313503101340697 0.0002028981191565499 0.0001401058711029483 0.00021421064876427553 0.0002836310149967561 0.00011937351544927514 0.0002746407806731423 0.0002477221350626588 0.00016637637044720287 0.0001896642762470471 0.0002469668702842194 0.000148650814907912 0.0002036478844740576 0.00011320137337622537 0.00011499986037398995 0.00017678427335627976 9.862699217110302e-05 0.00017870146207471556 0.00014653813676860722 0.00023121650476728569 0.00011053362705713649 0.00013803679226309477 0.0001386731847703232 0.0003034116898548524 0.00012091537555315208 0.00018093662993379824 0.0002741033203953837 0.00018626405876312602 0.0002395262566224706 0.00018831725446956892 7.373010387469043e-05 0.0002155325970364006 0.00022547506183335882 0.00015145211826791084 0.0002368292148995963 0.0001947952843992489 0.00017253658415247725 0.0002370071924415901 0.00017563448119040903 0.00011985488214119137 0.00017758256416221515 6.181911668701943e-05 0.0002588608472507748 0.0001422313423046926 0.00015282125807450435 0.00016128933366635578 9.912124518106371e-05 0.00020553530532368955 0.00018365800958388879 0.00024306118409472648 0.00024907006073986984 8.752577322932796e-05 0.00025057207064745 0.0002439544544875417 0.00020574945259217088 0.00017912379540854708 0.00018807448081140815 0.00014754597141691263 0.0002307327777105042 0.00013388091673384315 0.00014247399342821353 0.0001279373818778913 0.0001171467311037704 0.00014781578065139694 0.00021352763906158973 0.0002165245860720976 0.00026357387588078307 0.00020166927083366205 6.86929189992137e-05 0.0001937246983644644 0.00011668987777047459 0.0001668436780765388 0.00032039334853327714 0.00028444650918037424 0.00021581317359980727 0.000348932036695823 7.966728474571265e-05 0.00028763561529423235 1.0000000000000001e-07 0.0002169030557686039 0.0002225915005300858 0.00016464688341871409 0.00018402053842365472 0.0001663210512589576 0.00023811026978334875 0.00014858087929945165 0.00017925481420361772 0.0001419919595219279 0.00018175890509835866 0.0002401901591654914 0.00022330969645125432 0.00032587252367150893 0.0001639786571415446 0.00028443937018022186 0.00027252856927084516 0.0002301104043198633 0.00016049108082947456 0.00028822162404681153 0.00017386454132348316 0.0001647563291107035 0.00021765344715112786 0.00024075007135301 0.00020858375147225487 9.031801705773618e-05 0.00021474059321146998 0.0002847156086532231 0.00018617458839324255 7.889474831289115e-05 0.00027298965319913824 0.00020658149799999794 0.0002072917736080338 0.00021255805734141868 0.00024282400452699243 0.0002298940075702709 0.00022483219788150361 0.00017435033842345843 0.00017667533297502095 9.857920232249995e-05 0.00020329164040510704 0.0002034481327080074 0.00020687877586899957 0.00014571634415185691 0.0002793075801973497 0.0002140347440698322 0.00029083276833151867 0.00013073266424634046 0.00010051520140322905 0.0001227104937581576 2.329687307740225e-05 0.00016656385410108816 0.00019032633892670804 0.00013776059955733445 0.00027170924208344256 0.0003134500420491975 0.00015187257700107143 0.00023558631087532204 1.0976719572703682e-06 4.9920829614134724e-05 0.00010128379044959524 0.00013131930027614834 0.00019067699254955698 0.00019408283108909654 0.00014374806532076618 0.00019296714186708158 0.0002240160491451195 4.9319925395347265e-05 0.00023537998030546248 0.00015494428059636685 0.00023510207247440462 0.00020210962389723383 0.00023782625691257068 0.0002444934119617731 0.00014077122381125857 0.00016026175529190522 0.00015439642321033614 0.00019251928522637685 0.0001539099845335613 0.00018701561544067716 0.00022241504060403313 0.0001819029320829972 0.0002550106023533587 0.0001978862950883859 0.0001608221745919695 0.00014006743005087825 0.00015690265353116354 0.00016743574276880226 0.0002527810158165594 0.0001313405092466627 6.875287258398156e-05 0.00024745040123970127 0.00015306648830495025 0.00015253768035682 0.00021127802994903188 0.00016801659275282493 0.0002951878717683307 0.00017761570066416558 0.00031396013826892816 0.0001225160291690032 0.000228855241856959 0.0002196469563878711 0.00023353824052568882 0.000312226250030137 0.0001447227225961951 0.00023583314302472373 7.563410199489133e-05 0.00023206709858401945 0.0001961242687177237 0.000202368754534873 0.00012150067089821188 0.00033012015636163294 0.0003042226657716215 0.0002852577060116427 0.00021321598240808316 0.0002193303233454113 0.0002383731103566484 7.749205832026875e-05 0.0002627746805450063 0.00019798137273501396 0.00029467016422372617 0.00010144283570093423 0.00024352795762167244 0.00024126935808913393 0.0002717226891259684 0.0003152279143675804 9.936285576532869e-05 0.00016961091488739376 0.00011751822516757237 0.00020656384437292292 0.0001482521109833143 0.00034669223521707944 0.000255876198982482 0.00012760110554204394 0.0001170762804459914 0.0002256444406566367 0.0002456063453111235 0.00018465347391790281 0.00014224267434573008 0.000235076030800396 5.369825771787257e-05 0.0002604264014497676 1.0000000000000001e-07 0.0002236741577522603 0.0002644032170065918 0.0002479268299742343 0.00021008756873729665 0.00016561188873942116 0.0002974899511295783 0.00011029561542119449 0.0003087330768639366 0.00022158011968001438 0.00036968019465527215 0.0002579392802147553 0.00029913712642897703 0.0001900720012924546 0.0002622138724447942 0.0002481728926824589 0.00014589209428618046 0.00023023193526042072 0.000279968925579678 0.00016822269202230078 0.00017596941592784557 0.00020189166733681685 0.00015082761922789262 0.00019858440485509663 9.469472595722775e-05 4.185546519522886e-05 0.00019505472567936215 0.00017064614709521778 0.0001757629346638327 0.00023213498657682536 0.00012079888924397241 0.00020496664175386408 0.0001409919931933244 0.00011476611216557234 0.00020882803284446767 0.00022927311691187173 0.0002785313870088009 0.0002665493225576836 0.0003069035576482522 0.00021937888574132252 0.0002757773753380995 0.00027865379846009846 0.0001579608921307636 0.0001982377814487981 0.00011100467784713527 0.0001269378642851283 0.00021667937645091726 0.0003072259698127635 7.635261240608392e-05 0.00019420055129000811 0.00019501254010195588 0.00017904260231123967 0.00029695425695258984 9.802815162238718e-05 0.0002296904581984746 4.136229455367201e-05 0.00013768389743304716 0.00014563025492406512 0.00020018981395282274 0.0002036844471451537 0.00015173020045115992 0.0001223395482214935 0.00018487952533184163 0.00020455615634287758 0.00016141890393552542 0.00022292251571131552 0.0001710572268499507 0.00025085794289686774 0.00019300570246047263 0.00020389348385602666 3.985161710159613e-05 0.0001579598447049721 0.00016263875100430846 0.00012501009407948663 0.0001801961980333237 0.0002517054222007323 0.00023824822524899343 0.00012936605713787642 0.00024262222508216196 0.00017073344066481104 0.00026544181873276376 0.0002228652654805078 0.0002030854006754443 0.00013650780339900532 0.00030195008917548443 0.00015632544966746027 0.00011241287275785437 0.00012919879175534859 4.2742941817704675e-05 0.00016392612855773274 0.00021152034633501677 0.0002288004627553055 0.00022931212550637164 0.00020287850523719172 0.00020177241629257172 8.216146974479587e-05 0.0002838706210923743 0.0002960002071079066 0.0003015385015334848 0.0003232704589148452 2.008519658554973e-05 0.00012711091558682884 3.777567661164544e-05 0.00013222837180484654 0.00017855162779112073 0.0001715776440837989 0.00011632252585427549 0.0002372654066339945 0.0001350079234011993 0.00017436208211245267 0.00032838859910504974 0.00026496411188243373 0.0002323662863240715 0.00016805877202994844 0.00024219875345488296 0.00012073306919477499 0.00010453594742403227 0.00013005227745305158 0.00016007743944619895 0.00026348425769456135 0.0001999711787756004 0.00019872018545019263 0.00019770638109442443 0.00034010418254388965 0.00032995717544395957 0.00015455892864532623 0.00010963483107489797 0.00034892864524742556 0.00011527303581975739 0.00016481239283667315 0.00019611737597064716 0.00029504912171019566 0.0001190506769250198 0.00026955930512583047 0.00019445114198782287 0.000295313924604305 0.00012663607900158263 0.00023520850441898324 0.00017546869317232273 0.0002539810277198627 0.000127400779827148 4.203770816142809e-05 0.00021982784826246488 0.00016096580312995927 9.009253162973336e-05 0.00021940856244052702 0.00033310637742596294 0.0002991318700514386 0.00023496932505893606 0.0002525271302193023 0.00023410644673065178 0.00014636628419602052 0.0001141612809365673 0.00019261898419874987 0.00027004619882799137 0.00020104834004479625 0.0002652766446297619 0.00015562565784586296 0.00025519311908902604 0.00018191853221831105 0.00010510275027419414 0.00025232777257500625 0.0001649462475852941 0.0001372206713226222 0.0001652371209393201 0.00024496646477792063 0.00025149043271608285 0.00017617924472435585 0.00035358536650564534 0.0002837362295365165 0.0001898349469598813 0.0002909650333030732 0.00020750989537358193 0.0003371209646978881 0.0001949804328978102 6.244511242969738e-05 0.00029627717168212035 0.00019705400277675458 0.0002305416217501962 0.00021655991305572276 0.00019506540566117448 0.00018134084759361722 0.00020773048760693542 0.000275818936824513 0.00011831663991676942 0.00033658583649811955 0.00024923134316484283 0.00017122022520312964 0.0001785500319777405 0.00012825754947871215 0.0001828605237487556 0.0003189769261804691 8.374187135110296e-05 6.128410304823893e-05 0.00018940871632990572 0.00011713973481580367 0.0002682021654259985 0.00016235571462251203 0.00022642011074054539 0.00022686824154368877 0.00022570085614847239 0.00016436925122275181 0.00016567203348724993 0.00012621892276199663 0.0002627173554584608 0.00019115399689768406 0.0002531676018113981 0.00015109532547446188 0.0002548931307151649 0.000262807799934306 0.00029674835943655604 0.0002973683832700025 0.00022803947917398324 0.0002684059806107636 0.00019247696858434507 0.0001973279802616752 0.0002599447859400993 0.00024467529940020257 0.0002909846756084806 0.00014002788395696213 0.00024254499376975472 0.00032558835204115185 0.0002647312329680159 0.0003348605934419966 0.00036278344417573215 0.0003328753018005387 0.0003223406934758103 0.00016973224643777323 9.061216868765596e-05 0.0002143570304721329 0.0002725413298196432 0.00017449671984922074 0.00022280997737523907 0.00037995859298129797 0.00021036553320689187 0.00023128455556785537 0.0002184353837688697 0.00017365789638206663 0.0003688871529966473 0.0002824477202657362 0.0002150303121026181 0.0002855327144291615 0.00023000953317551477 0.00024027929229825318 0.0003240514706019411 0.0001604959553204829 0.0002752412238765712 0.00019483232003916206 0.00017481239048433383 0.00029030130691161756 0.0002596300577966989 0.0002675191854044894 0.00010888449557312344 0.00016600543393610848 9.462050180814073e-05 0.00026398327213354646 0.00014135436297035186 0.00031098367817598865 0.0002879963699034373 0.00016062382653390987 0.0001296129627597233 0.00010835962936423392 0.00016533357059548472 0.00026385548682426126 0.00019076098040944273 5.947115089144428e-05 0.00030126602153763963 0.00011835191804727911 0.00013484792933334498 0.00017332462963956234 0.00018579020197496973 0.00017032183009892246 0.0002036310873577378 0.0002525857310867607 0.00016370875505722067 0.00027682151071183324 0.00023443026079149773 0.0002462405085153928 0.00021100490537921668 0.0002936838212966765 0.00026468404155874007 5.689489717745003e-05 7.913525338108632e-05 0.00018171799546098583 0.00013369167391875808 0.0003746243893534342 0.000194595210034625 0.00034917398961411395 0.00032512554233285815 0.0002056887032277443 0.0002465649545448446 0.00016984484544370742 0.00027282349195170843 0.0003342147615411128 0.00038603200006338714 0.0001663883722778258 0.00020783738173903307 0.00026557553364713396 0.0002266249053711805 0.00030226494050377794 0.00022365261169843002 0.00034800652613187146 0.0002841017303152301 0.00015587873321278465 0.00019544646617654734 0.00020689974708019805 0.00011471128322818047 0.0002193500404201892 0.00026144891586982785 0.00011398019018915368 0.0002391790165295909 0.0002550092900704126 0.0002362395911846929 0.00024198188555095434 0.00030994940164754683 0.00024199782145343813 0.00022168846123041914 0.0002258934609977751 0.0002423182638627422 0.0003173425201664714 0.00015182440632749794 0.00025889852588147246 0.0003102989302902661 0.0002571477742679497 6.756808115822139e-05 0.00015974516461302586 0.00025691688607015414 0.00032111895833990197 0.0002723736851433083 0.00021111652309635217 0.000249337826454399 0.0002603069236921126 0.000299728630357926 1.6930615759996932e-05 0.000280832215707374 0.00024074785826415045 0.00031800541434426577 0.0001838123054542903 7.727728537925666e-05 0.00016635484579541874 0.00018880370729027306 0.00029437977385941643 0.0002965346876799175 0.00017013714841648041 0.00027656884660149094 0.00022281063589184996 0.0002541027875389307 0.00016055384709147175 0.00019224778515350449 0.00026834141157464894 0.00030877937970687176 0.00019710714988112004 0.00028786324292693244 0.0002827189543132268 0.0002860640088548583 0.00023062468616653857 0.00023399726305004578 0.00024847931170869186 0.0003780345730954728 0.0003317714874236656 0.00012184360792406892 0.00019125106660133393 6.0948543671083826e-05 0.00038146737722454774 0.00020378219933009378 0.000301101793246847 0.000273921828942805 0.00017685095238028267 0.0003469429569982972 0.0001527463515882244 0.00019937134399458762 0.00027906512529776603 0.00018195562410473296 0.00015011222495573282 0.00014982502411406323 0.00025160946057605854 0.00022152378871092394 0.0002225981255245596 0.00019938822600509511 0.0003058776723444558 0.00020613360832088875 0.00028187284834857494 0.0002837454235617335 0.00025101884702547985 0.00019215318797789258 0.00032770801287382176 0.00027491018570046294 0.00035438604463495187 0.00010288082245247264 0.0001861743189786966 0.00020506317480451804 0.00029140140705090177 0.00028297793923745817 0.0001553769280309328 0.0003224954305413281 0.00026905394841013585 0.00028849029036611876 0.00025497785366860535 0.00023823945464977056 0.0002864704210208233 0.00013718373723178027 0.00024585993352395905 0.0002967466663432798 0.00016483286407295068 0.00031481438205331776 0.00040054364411138213 0.00025698159872435903 0.00032476314580507883 0.00028561064090789023 0.00033203420782028365 0.0002469158152792745 0.0003298134909685347 0.0003744899125248003 0.0003229317196542503 0.00031777642270365726 0.00032698030626221474 0.00033066423746955334</DataArray>
<DataArray type="Float64" Name="g_contact" format="ascii">1.8028078321633553e-05 8.660254037844388e-08 8.428753545690905e-05 9.860326125632513e-05 8.474453396886903e-05 0.00018247170973494662 0.00014655186903236387 9.423918305263887e-05 0.00018752240287063903 6.944798934103736e-05 6.932735617891931e-05 6.930437879790221e-05 6.631088498432431e-05 0.000155318003392096 0.00016253097909168336 0.00014752417662202986 0.00015828098852669115 0.00012912543703309578 0.00010355467468373483 0.00014031275553317104 4.048816020654423e-05 0.00013192916030642173 0.00012348810034151642 9.535078426022988e-05 0.00014201304480246965 8.09218732675036e-05 0.0001625255015703551 0.00018388474389592895 0.00014079601004807028 0.000136088453609306 5.3115649656850494e-05 0.0001683957093808097 0.00012315661050238676 8.725643853129417e-05 0.00011711656725840974 0.0001605046429818047 0.00010354805374154093 0.00013717315732042007 0.0001625666648922104 0.00018310303924702398 0.00017960099872063405 5.375352027402599e-05 0.00015465444441630538 0.00015376595841863318 0.00011288781076825855 0.00010170561401734516 0.000133143453508023 9.980511569607201e-05 3.0864576487267565e-05 6.215246329680814e-05 8.090863975780254e-05 4.661165026107489e-05 6.558881316720565e-05 0.00016058576780490349 0.00014689105644833918 0.00016113603615621787 0.00018960801237665007 6.073403913297788e-05 0.00010288694801981475 0.00010200680661426084 0.00012653438476436997 0.00014574628981168922 0.00014980072548335786 9.063389119368478e-05 0.00013542412809012 0.0001620892213895778 0.00013836805330162571 0.0001906220582983628 0.00011801186725685934 9.366402425419387e-05 0.0001200569081601655 2.5578280452315883e-05 0.00015680106953729666 0.00020035102313811312 9.7547392668422e-05 0.00020594633300162073 0.00013251245746827663 0.00021351691291328896 0.00012962556140860701 0.00013325530009247898 0.00016362447877134702 0.00012434904873178892 4.845871651557947e-05 0.00010486134298540216 0.00011505778677486064 0.00011744039629127361 0.00016084885693069698 0.0001886139064984694 0.00012897799322303865 7.460718305545655e-05 0.00012367506304835626 0.00016839412414170764 0.00015593654674961584 7.7772949280229e-05 0.00016066547916069118 0.0002659008483611482 0.00023273874425470669 0.00021245851430517942 0.0001577528590783832 0.00017504848268032832 9.447754284422905e-05 0.0001354825641835641 0.0001755813326649837 0.0002010734785815188 0.00010095465817975912 0.0001005687486818567 4.0209816774106534e-05 8.340274921877873e-05 0.00012275460287470392 1.0630503916218147e-06 2.5564173509409976e-05 0.00018466638405255858 8.740358078524215e-05 0.00017509745284570658 0.0001579686759463485 0.00013175123993778586 9.135214327168388e-05 4.707727047376359e-05 0.00014830822319326526 0.0001521439903358066 0.00013313560141444853 0.0001413375959627853 0.00013618287716410325 9.12607243238475e-05 0.00010633598974300991 3.49533107960967e-05 0.00012330172386933142 0.00011001256976191006 2.3780615283413028e-05 0.0001903729622625345 0.00020146117844545557 0.00014691225799441516 0.00015703566371675316 7.455319109221924e-05 0.00012768928410850235 6.465478016111206e-05 0.00015358825353119308 8.906249748449997e-05 0.00011310714847559098 0.0001831380630534403 0.00018755841097178457 0.00014686607070661485 0.00017409079992830885 0.0001847845019858662 0.00020442818181072749 6.344046098407374e-05 7.55839465617734e-05 0.00014028674662055799 0.00012997630176572058 0.0001200034667227056 0.00012147783525027609 0.00012754624565352937 0.00011207275423612418 0.00014380216603532246 0.0001389488360908623 9.104288411350475e-05 0.0002609070046536243 0.0001712833358850494 0.0002411065683709308 0.00018071624035872745 0.00017368448488449094 0.00018350557443358646 0.0001448119225064489 9.600977009553081e-05 0.00014175720711464404 0.00015189555530222885 8.918100907839969e-05 0.00018753502202255927 0.0002931193601610227 0.00029916302405887465 0.0001074566502981756 0.00012382592823401552 7.825195538838908e-05 0.00015682047459271507 0.0002002137011608005 0.0002190000689854156 0.00020247965139293832 0.00012711500234991154 0.00013005769461218626 0.00014648914131646477 6.601922641537903e-05 0.0001725218689406425 0.00017680603430435623 0.00016832917613314298 0.00021960587423782145 0.00013435426608309143 0.00018584573933907745 7.71787486740247e-05 8.737381794970533e-05 0.00020715446203299723 0.00022382813731146482 0.000136309563440575 0.000128775843734899 0.00016494710674891863 7.660443033035367e-05 0.00014003620320157532 0.00016403812367054787 0.00021601831026642662 0.00015967458461992168 0.00015887390487834643 0.00015155323912982108 0.00018514501765479053 9.106455647091376e-05 8.963242623174492e-05 8.596595090582647e-05 0.00016127184081143395 0.0001106596038764163 0.00012179602588084328 0.00015607143412353161 8.660254037844388e-08 0.00014342874956186887 0.0001877600997178356 0.00013592606752516753 0.00024280581448772202 0.0002355913941686353 0.00021912566035038 0.00022799296305167784 0.0002168291468927913 0.0001834850297812288 8.630221185191337e-05 0.00011362673007368412 0.00010235792891386664 0.0002522641811337323 0.00025906851090428074 0.00010854519677835193 0.00019579830018462196 9.892691044733687e-05 0.00016154192269686202 0.00023318872790550988 8.45116191987753e-05 8.740100674260573e-05 7.834588614726304e-05 0.00017144668532312395 0.00016804825780290144 7.278271884304909e-05 0.0001629159003555057 0.00018068355244855254 0.0001363550483274227 0.0001221574667983459 0.0001338253978007865 0.00013485619694475625 0.00012016589814945703 0.00019687488587683146 0.0002049004536617608 0.0002469268833192443 0.00021767708431237842 0.00022221262597619742 0.0001475728995198802 0.00011047432391508739 7.657986752737245e-05 0.00020015585257553416 0.0001774805640752478 0.00020903137767691135 0.00013503316774300623 0.0002124136257993697 0.00010980735206100931 0.0001225837015170412 0.0001663862183269405 0.00019637041224809833 0.0001324557188775772 0.00010437701346124081 8.814585644986048e-05 0.00016342668261275816 9.407973197709377e-05 0.0001581318853883418 0.000205157028356064 0.00023239442754719998 0.00024867943477637335 0.00020186449122704632 0.00013264847541077102 9.235074135745037e-05 5.700179145574737e-05 0.0001782599956929841 0.00010658057410989878 0.00017775903724164276 0.00021461777800764302 4.790289691368941e-05 0.00010620673323418372 0.0001802640000235734 0.00018914054932727567 0.00014498960272863462 4.50201825873435e-05 0.00015077726231929044 0.0002291245138493963 0.00019637856220428354 8.573687600470835e-05 0.00020599823748408742 0.00020697325908264086 0.00017254859464685068 0.0001887264245983455 0.00022893522143940955 0.00011567350784943071 0.00020432041492621876 0.0001590572772708725 7.488021588974254e-05 0.00023003244673028926 8.835030312274367e-05 0.00014396278090752612 0.00019592729433749072 0.00016393620706037842 0.00017891889064393076 8.190088566192573e-05 0.00016368085927309246 0.000214777627963599 0.00017043976544401398 0.00018508277459229866 0.0001948166151767014 0.00012815893097617437 0.00012178348000389246 0.000303190860750473 0.00025220208353510736 0.0002603034186397153 0.0002214009813602375 0.0002848284718250307 0.0002118284556006023 0.0002262823637373664 0.0001564240839030987 0.00024114282404605003 9.104726137070619e-05 0.00028548195701604456 0.0002377799508894409 0.0001776620089565574 0.00011632115551348825 0.00010305877363210016 0.0002532775336056351 0.00021268812962630334 0.00020196128817579067 0.0002424723410630126 0.0001374936825401047 0.00018864983326829176 0.00012296086791444732 0.0002526170841982893 0.0002345680765061057 0.00021374056550532166 6.254641603538283e-05 0.00022783408422498018 0.00014994995780464478 0.00021733300054075673 0.00019181448885523177 0.0001772974715551151 0.00015666327642240282 0.00015937958316732773 0.0003048783746944147 0.00020065895084154606 0.00018398528453492108 0.00027580891503012323 0.00026762110465486356 0.00021002351868509527 0.00026596310691316265 0.00013944203576045648 9.851428481010531e-05 0.0001448633487794006 0.0001113207573804385 0.00011606341564355843 0.0001283033777182302 0.00012721768227991724 0.0002125221570778553 0.00019678308422112336 8.646892144123859e-05 0.00017556993650038485 0.00015875529485695199 0.0002071501983296918 0.00017029968965494326 0.00026533786284361105 0.00024267536567932737 0.00020195803674137353 0.00017986287075534194 0.00013826572619393094 0.000257886921053379 0.0002824057222597014 0.0002780015109284088 0.0001920336404050272 9.652010131349968e-05 0.0001520919061188262 9.60282435075998e-05 0.00018959181611953398 0.00018856179772398248 0.00020125110627226603 0.00019642737875326892 6.85879528864618e-05 0.00018882307472881498 0.00026218514193449086 0.0001952981147573617 0.00018109420528672617 0.00017387518108939008 0.00021480331858190075 8.207096215876132e-05 0.00013555561691430546 0.00016109406261002892 0.00020236670692802607 9.957878982940681e-05 0.00016608699778586966 7.48073045345145e-05 0.00020437390688777084 0.00015474130810134203 0.0002006791535502888 0.00023092309432642908 0.0002713138817529417 0.00015130573961806153 0.00024872946309073313 0.00013912983219927498 4.1032924729789314e-05 0.00015033628323387748 0.00012722188403216928 0.00016567648497353726 0.0001728367766118267 0.00016438557828023123 0.00030201660390413693 0.00021857993699898667 0.00018860517569049246 9.13122940402301e-05 0.0002212988879057146 0.00017933306498833947 0.00016234902115190203 0.00022073028200489053 0.0002452946004354645 0.0002650815485662604 0.00013610893592592117 0.0002228785172798894 0.00012342198111535906 0.0002856974156762934 0.00029593929047888373 0.00020302795169078414 0.0001525522174413758 0.00016270194877034892 0.00010410872071467148 0.00013009022019510268 0.00021360794359581703 0.0002035921127019733 0.0002859470017103746 0.0002759771371973216 0.0001723130216749032 0.00016339837694418605 0.00026611688018622403 0.000254646849272941 9.823212708401167e-05 0.0001602929070510565 0.00016790039697204266 0.00026188885256649337 0.00025412619299068444 0.00020821321972639193 0.00019491609859994286 9.061103236629113e-05 9.934069793657989e-05 0.00027373548652739806 0.0002192343707357719 0.00017498413135472545 0.0002671573396616708 0.00024007027058682153 0.00013306398366259357 0.00018090609508305774 0.00013142592517073344 0.00028128959478702166 0.00013507851217322732 0.00024913350604464647 0.00020997064478568586 0.0002436727873265188 0.0002480062381065412 9.273514641706627e-05 0.00011519996410189145 0.0001823313145097187 0.00018870574893365452 0.0003521604644461019 0.0003280805341581371 0.00013012921139124323 0.00018413085839062097 0.00015709977949194162 0.00018113768422866136 0.0001550923963941847 0.00019141875559052548 0.00020687154846424507 1.9616217241040532e-05 0.00016272971887804354 0.0001843527081663424 0.00020182974689797735 0.00010894951949812565 0.0002610167598428773 0.0002165674589221413 0.00020067240534176403 0.00020503403461748335 0.00027648710890792615 0.00029716156169314593 0.0002354337028423772 0.0003100491556966158 0.00036553753817991305 0.0002501834992549438 0.00024954048466475524 0.00019812490802847862 0.00020190451624225504 0.0002606455497018846 0.0001872494606062244 9.732990282738279e-05 0.0003165431478329313 0.00024205355879009308 0.0002370505765809325 4.0981424832490556e-05 0.00027039045523942625 0.00015722270526275975 0.00023346118579628978 0.00016982707371681884 0.00023484755583879496 0.00019548868945458442 0.00021560613658498583 0.00020006009963296174 0.00022935809853483964 0.00023608517122007422 0.00020144477504829727 0.00022691471793785277 0.00020222230172278624 0.00014821498954546093 0.0002923328111397267 0.00010599132830104593 0.0001809780508532269 0.0002586842359386817 0.00011527691971021029 0.00023769941125122374 0.00019132243827725266 0.000278971513089567 0.0001659699385359521 8.079505260356953e-05 6.866257177914294e-05 0.0001814958312373368 0.0001858362907843985 0.00026677038733676905 0.00015710929656244328 0.00010700093169341462 0.0002490347794337767 0.00015217012803813828 0.0002135010106393234 0.0001236585176514077 0.00035377483943899857 0.0002466692959905693 0.00025598993489251863 0.00023651497821635767 5.830660334847949e-05 0.00026967002159689594 8.885079858979555e-05 0.0002688338020392978 0.0001901196431272398 0.00013205742963035314 0.00024466859937717205 0.00027681772371903295 0.00023592725527332898 0.00025579582568213607 0.00025627415678568705 0.00023736320043026598 0.00018578291463196658 0.00013059400659571073 0.0002680844647024925 0.0002322280490762642 0.0002409142381132017 0.0001877551442549817 0.0001885559776181483 4.578055493097812e-05 0.00020958671788929244 0.00023265512018901053 4.7893018011890926e-05 0.00010884283569855039 0.00021942726561460297 2.6553382466229634e-05 0.00017920290730154983 0.00019884995063156969 0.0001469287756558281 0.00026547420566393914 0.00023467541781544468 0.00028056081919416455 0.00014507809891915155 0.0001389069151138106 0.000260171725455193 0.00015997338777765192 0.00022423628318104312 0.0002156397302035782 0.00023268505349956263 0.00015267283337861798 0.00019605739707219457 0.0002556714007738888 0.0001993564954091593 0.0002552307997468856 0.00022487729960169776 0.00014004536322894374 0.0001811714340617628 0.0002654611877943215 0.0001424323845311144 0.00015199554489668594 0.00013289204249698305 0.00016540553522802434 0.0002498057479239545 0.0002810164621620403 0.00012768003209830649 0.0003061222879446236 0.00028000304629449295 7.653199966569906e-05 0.00018603114517638764 0.00025580277148864317 0.00014718602502025236 0.00030878144846585803 0.00029719907045257015 0.0003135611251144198 0.0002730511528356061 0.00021794390010540353 0.00018859670280386057 0.00019716478643823425 0.0002741926127571413 0.00023192625680194156 0.00016238748137568226 7.84789601756177e-05 0.00024281813758504143 0.00028702563860899587 0.00024342162371971258 0.00021390161821303899 0.00026806724269691945 0.0001685034124872346 0.00022069244808499669 7.911189480505965e-05 0.0002528306185102112 7.596504353932798e-05 0.00021352205134492653 0.00018512234050300263 0.0002165295298841892 3.489304383601674e-05 9.285787681173016e-05 0.00023546317284084867 0.00022692486210685336 0.00010713585931900046 0.0002319582243375691 0.0002598277052180623 0.00027934941798903355 0.00022059377615865007 0.0001652416356073242 0.00020734654288876749 0.0001424961794001177 0.00023219672133813793 0.00027663860869225323 0.00016519445278149705 9.514400180839275e-05 0.00019943003303288037 0.00024360399200269942 0.00027779234010669396 0.0003344503561687749 0.00018333161739172995 0.00011757044260342391 0.00011452131339175056 0.00016031089157124084 0.0001930345388196051 0.0001607265248485781 0.00022497113020803408 0.00025857650446935545 0.0002247174611321511 0.0002261735008624977 0.00019624855476031667 0.00024709269793508383 0.00020366807030775894 0.00019673799281150556 0.00023480716194611477 0.0002434726231267034 0.00014897812424859242 0.00027128113973837024 0.00011296540136177704 0.00014500782989096444 0.0002376440925838076 0.0003015048544005034 0.0002203801964023008 0.00022067386700473437 0.00023012384182613708 0.0003511868650874601 0.00011558091092203514 0.00021150029717623286 0.0002236743731510313 0.00016425550357562188 0.00020328407293487198 0.0002032329904329589 7.151358846448044e-05 0.00015460823419932314 0.0002045152059734045 0.00022983990346925746 0.00027106755992392455 0.00015523957976603447 0.0002055285462752087 0.00020561423456741986 0.00019048374235370428 0.000103169938957165 0.00017771053242055318 0.0001932219202840286 0.00015925477043597622 0.00020601130805150182 8.148025325661994e-05 0.00018307378138916286 0.00020862971581700045 0.00018009318153922662 0.0001465996147101702 0.00023634751244034358 0.00022890588245703922 0.00026380789622739635 0.00010626920899827097 0.00015637441042030612 0.0002590709099732167 0.00019391428287638527 0.0002233479540036959 0.0002464639049253511 0.0002303243550440155 0.00020293143953821222 0.0001444043006864514 0.00026356295717667284 0.0002617426390949461 0.00016631374067690752 0.0002822219873331991 0.00020167817490482782 0.0001823172724601185 0.0003313100701884874 0.00028135988755204365 0.00021720407514058692 8.678236674738571e-05 0.0001400434955409074 0.0002811335396622087 0.0002670479861671983 0.0001067192317381028 0.00015552877361222297 0.000329446842355597 0.00015205012885573393 0.00013011168179507117 0.0001149291094434008 0.00012283851596466268 0.00014075310971782732 0.00017475492718235756 0.00022284679594339164 0.0002640967951671918 0.00018122584595975158 0.00018593607691294508 0.0002411970631383295 0.00014072084324754465 0.0002712335347964877 0.00018586412274042527 0.00018996898285915498 0.00015206836590130307 0.00017794901246119532 0.00011379653686860763 0.0001716261369964076 0.00023569953801048398 0.00017849765130692943 0.00022840995641582718 0.00022575898475179752 0.00015059966539327204 0.0002788307303586062 0.0002184972809380311 0.00025751247095974846 0.0002313503101340697 0.0002028981191565499 0.0001401058711029483 0.00021421064876427553 0.0002836310149967561 0.00011937351544927514 0.0002746407806731423 0.0002477221350626588 0.00016637637044720287 0.0001896642762470471 0.0002469668702842194 0.000148650814907912 0.0002036478844740576 0.00011320137337622537 0.00011499986037398995 0.00017678427335627976 9.862699217110302e-05 0.00017870146207471556 0.00014653813676860722 0.00023121650476728569 0.00011053362705713649 0.00013803679226309477 0.0001386731847703232 0.0003034116898548524 0.00012091537555315208 0.00018093662993379824 0.0002741033203953837 0.00018626405876312602 0.0002395262566224706 0.00018831725446956892 7.373010387469043e-05 0.0002155325970364006 0.00022547506183335882 0.00015145211826791084 0.0002368292148995963 0.0001947952843992489 0.00017253658415247725 0.0002370071924415901 0.00017563448119040903 0.00011985488214119137 0.00017758256416221515 6.181911668701943e-05 0.0002588608472507748 0.0001422313423046926 0.00015282125807450435 0.00016128933366635578 9.912124518106371e-05 0.00020553530532368955 0.00018365800958388879 0.00024306118409472648 0.00024907006073986984 8.752577322932796e-05 0.00025057207064745 0.0002439544544875417 0.00020574945259217088 0.00017912379540854708 0.00018807448081140815 0.00014754597141691263 0.0002307327777105042 0.00013388091673384315 0.00014247399342821353 0.0001279373818778913 0.0001171467311037704 0.00014781578065139694 0.00021352763906158973 0.0002165245860720976 0.00026357387588078307 0.00020166927083366205 6.86929189992137e-05 0.0001937246983644644 0.00011668987777047459 0.0001668436780765388 0.00032039334853327714 0.00028444650918037424 0.00021581317359980727 0.000348932036695823 7.966728474571265e-05 0.00028763561529423235 1.0000000000000001e-07 0.0002169030557686039 0.0002225915005300858 0.00016464688341871409 0.00018402053842365472 0.0001663210512589576 0.00023811026978334875 0.00014858087929945165 0.00017925481420361772 0.0001419919595219279 0.00018175890509835866 0.0002401901591654914 0.00022330969645125432 0.00032587252367150893 0.0001639786571415446 0.00028443937018022186 0.00027252856927084516 0.0002301104043198633 0.00016049108082947456 0.00028822162404681153 0.00017386454132348316 0.0001647563291107035 0.00021765344715112786 0.00024075007135301 0.00020858375147225487 9.031801705773618e-05 0.00021474059321146998 0.0002847156086532231 0.00018617458839324255 7.889474831289115e-05 0.00027298965319913824 0.00020658149799999794 0.0002072917736080338 0.00021255805734141868 0.00024282400452699243 0.0002298940075702709 0.00022483219788150361 0.00017435033842345843 0.00017667533297502095 9.857920232249995e-05 0.00020329164040510704 0.0002034481327080074 0.00020687877586899957 0.00014571634415185691 0.0002793075801973497 0.0002140347440698322 0.00029083276833151867 0.00013073266424634046 0.00010051520140322905 0.0001227104937581576 2.329687307740225e-05 0.00016656385410108816 0.00019032633892670804 0.00013776059955733445 0.00027170924208344256 0.0003134500420491975 0.00015187257700107143 0.00023558631087532204 1.0976719572703682e-06 4.9920829614134724e-05 0.00010128379044959524 0.00013131930027614834 0.00019067699254955698 0.00019408283108909654 0.00014374806532076618 0.00019296714186708158 0.0002240160491451195 4.9319925395347265e-05 0.00023537998030546248 0.00015494428059636685 0.00023510207247440462 0.00020210962389723383 0.00023782625691257068 0.0002444934119617731 0.00014077122381125857 0.00016026175529190522 0.00015439642321033614 0.00019251928522637685 0.0001539099845335613 0.00018701561544067716 0.00022241504060403313 0.0001819029320829972 0.0002550106023533587 0.0001978862950883859 0.0001608221745919695 0.00014006743005087825 0.00015690265353116354 0.00016743574276880226 0.0002527810158165594 0.0001313405092466627 6.875287258398156e-05 0.00024745040123970127 0.00015306648830495025 0.00015253768035682 0.00021127802994903188 0.00016801659275282493 0.0002951878717683307 0.00017761570066416558 0.00031396013826892816 0.0001225160291690032 0.000228855241856959 0.0002196469563878711 0.00023353824052568882 0.000312226250030137 0.0001447227225961951 0.00023583314302472373 7.563410199489133e-05 0.00023206709858401945 0.0001961242687177237 0.000202368754534873 0.00012150067089821188 0.00033012015636163294 0.0003042226657716215 0.0002852577060116427 0.00021321598240808316 0.0002193303233454113 0.0002383731103566484 7.749205832026875e-05 0.0002627746805450063 0.00019798137273501396 0.00029467016422372617 0.00010144283570093423 0.00024352795762167244 0.00024126935808913393 0.0002717226891259684 0.0003152279143675804 9.936285576532869e-05 0.00016961091488739376 0.00011751822516757237 0.00020656384437292292 0.0001482521109833143 0.00034669223521707944 0.000255876198982482 0.00012760110554204394 0.0001170762804459914 0.0002256444406566367 0.0002456063453111235 0.00018465347391790281 0.00014224267434573008 0.000235076030800396 5.369825771787257e-05 0.0002604264014497676 1.0000000000000001e-07 0.0002236741577522603 0.0002644032170065918 0.0002479268299742343 0.00021008756873729665 0.00016561188873942116 0.0002974899511295783 0.00011029561542119449 0.0003087330768639366 0.00022158011968001438 0.00036968019465527215 0.0002579392802147553 0.00029913712642897703 0.0001900720012924546 0.0002622138724447942 0.0002481728926824589 0.00014589209428618046 0.00023023193526042072 0.000279968925579678 0.00016822269202230078 0.00017596941592784557 0.00020189166733681685 0.00015082761922789262 0.00019858440485509663 9.469472595722775e-05 4.185546519522886e-05 0.00019505472567936215 0.00017064614709521778 0.0001757629346638327 0.00023213498657682536 0.00012079888924397241 0.00020496664175386408 0.0001409919931933244 0.00011476611216557234 0.00020882803284446767 0.00022927311691187173 0.0002785313870088009 0.0002665493225576836 0.0003069035576482522 0.00021937888574132252 0.0002757773753380995 0.00027865379846009846 0.0001579608921307636 0.0001982377814487981 0.00011100467784713527 0.0001269378642851283 0.00021667937645091726 0.0003072259698127635 7.635261240608392e-05 0.00019420055129000811 0.00019501254010195588 0.00017904260231123967 0.00029695425695258984 9.802815162238718e-05 0.0002296904581984746 4.136229455367201e-05 0.00013768389743304716 0.00014563025492406512 0.00020018981395282274 0.0002036844471451537 0.00015173020045115992 0.0001223395482214935 0.00018487952533184163 0.00020455615634287758 0.00016141890393552542 0.00022292251571131552 0.0001710572268499507 0.00025085794289686774 0.00019300570246047263 0.00020389348385602666 3.985161710159613e-05 0.0001579598447049721 0.00016263875100430846 0.00012501009407948663 0.0001801961980333237 0.0002517054222007323 0.00023824822524899343 0.00012936605713787642 0.00024262222508216196 0.00017073344066481104 0.00026544181873276376 0.0002228652654805078 0.0002030854006754443 0.00013650780339900532 0.00030195008917548443 0.00015632544966746027 0.00011241287275785437 0.00012919879175534859 4.2742941817704675e-05 0.00016392612855773274 0.00021152034633501677 0.0002288004627553055 0.00022931212550637164 0.00020287850523719172 0.00020177241629257172 8.216146974479587e-05 0.0002838706210923743 0.0002960002071079066 0.0003015385015334848 0.0003232704589148452 2.008519658554973e-05 0.00012711091558682884 3.777567661164544e-05 0.00013222837180484654 0.00017855162779112073 0.0001715776440837989 0.00011632252585427549 0.0002372654066339945 0.0001350079234011993 0.00017436208211245267 0.00032838859910504974 0.00026496411188243373 0.0002323662863240715 0.00016805877202994844 0.00024219875345488296 0.00012073306919477499 0.00010453594742403227 0.00013005227745305158 0.00016007743944619895 0.00026348425769456135 0.0001999711787756004 0.00019872018545019263 0.00019770638109442443 0.00034010418254388965 0.00032995717544395957 0.00015455892864532623 0.00010963483107489797 0.00034892864524742556 0.00011527303581975739 0.00016481239283667315 0.00019611737597064716 0.00029504912171019566 0.0001190506769250198 0.00026955930512583047 0.00019445114198782287 0.000295313924604305 0.00012663607900158263 0.00023520850441898324 0.00017546869317232273 0.0002539810277198627 0.000127400779827148 4.203770816142809e-05 0.00021982784826246488 0.00016096580312995927 9.009253162973336e-05 0.00021940856244052702 0.00033310637742596294 0.0002991318700514386 0.00023496932505893606 0.0002525271302193023 0.00023410644673065178 0.00014636628419602052 0.0001141612809365673 0.00019261898419874987 0.00027004619882799137 0.00020104834004479625 0.0002652766446297619 0.00015562565784586296 0.00025519311908902604 0.00018191853221831105 0.00010510275027419414 0.00025232777257500625 0.0001649462475852941 0.0001372206713226222 0.0001652371209393201 0.00024496646477792063 0.00025149043271608285 0.00017617924472435585 0.00035358536650564534 0.0002837362295365165 0.0001898349469598813 0.0002909650333030732 0.00020750989537358193 0.0003371209646978881 0.0001949804328978102 6.244511242969738e-05 0.00029627717168212035 0.00019705400277675458 0.0002305416217501962 0.00021655991305572276 0.00019506540566117448 0.00018134084759361722 0.00020773048760693542 0.000275818936824513 0.00011831663991676942 0.00033658583649811955 0.00024923134316484283 0.00017122022520312964 0.0001785500319777405 0.00012825754947871215 0.0001828605237487556 0.0003189769261804691 8.374187135110296e-05 6.128410304823893e-05 0.00018940871632990572 0.00011713973481580367 0.0002682021654259985 0.00016235571462251203 0.00022642011074054539 0.00022686824154368877 0.00022570085614847239 0.00016436925122275181 0.00016567203348724993 0.00012621892276199663 0.0002627173554584608 0.00019115399689768406 0.0002531676018113981 0.00015109532547446188 0.0002548931307151649 0.000262807799934306 0.00029674835943655604 0.0002973683832700025 0.00022803947917398324 0.0002684059806107636 0.00019247696858434507 0.0001973279802616752 0.0002599447859400993 0.00024467529940020257 0.0002909846756084806 0.00014002788395696213 0.00024254499376975472 0.00032558835204115185 0.0002647312329680159 0.0003348605934419966 0.00036278344417573215 0.0003328753018005387 0.0003223406934758103 0.00016973224643777323 9.061216868765596e-05 0.0002143570304721329 0.0002725413298196432 0.00017449671984922074 0.00022280997737523907 0.00037995859298129797 0.00021036553320689187 0.00023128455556785537 0.0002184353837688697 0.00017365789638206663 0.0003688871529966473 0.0002824477202657362 0.0002150303121026181 0.0002855327144291615 0.00023000953317551477 0.00024027929229825318 0.0003240514706019411 0.0001604959553204829 0.0002752412238765712 0.00019483232003916206 0.00017481239048433383 0.00029030130691161756 0.0002596300577966989 0.0002675191854044894 0.00010888449557312344 0.00016600543393610848 9.462050180814073e-05 0.00026398327213354646 0.00014135436297035186 0.00031098367817598865 0.0002879963699034373 0.00016062382653390987 0.0001296129627597233 0.00010835962936423392 0.00016533357059548472 0.00026385548682426126 0.00019076098040944273 5.947115089144428e-05 0.00030126602153763963 0.00011835191804727911 0.00013484792933334498 0.00017332462963956234 0.00018579020197496973 0.00017032183009892246 0.0002036310873577378 0.0002525857310867607 0.00016370875505722067 0.00027682151071183324 0.00023443026079149773 0.0002462405085153928 0.00021100490537921668 0.0002936838212966765 0.00026468404155874007 5.689489717745003e-05 7.913525338108632e-05 0.00018171799546098583 0.00013369167391875808 0.0003746243893534342 0.000194595210034625 0.00034917398961411395 0.00032512554233285815 0.0002056887032277443 0.0002465649545448446 0.00016984484544370742 0.00027282349195170843 0.0003342147615411128 0.00038603200006338714 0.0001663883722778258 0.00020783738173903307 0.00026557553364713396 0.0002266249053711805 0.00030226494050377794 0.00022365261169843002 0.00034800652613187146 0.0002841017303152301 0.00015587873321278465 0.00019544646617654734 0.00020689974708019805 0.00011471128322818047 0.0002193500404201892 0.00026144891586982785 0.00011398019018915368 0.0002391790165295909 0.0002550092900704126 0.0002362395911846929 0.00024198188555095434 0.00030994940164754683 0.00024199782145343813 0.00022168846123041914 0.0002258934609977751 0.0002423182638627422 0.0003173425201664714 0.00015182440632749794 0.00025889852588147246 0.0003102989302902661 0.0002571477742679497 6.756808115822139e-05 0.00015974516461302586 0.00025691688607015414 0.00032111895833990197 0.0002723736851433083 0.00021111652309635217 0.000249337826454399 0.0002603069236921126 0.000299728630357926 1.6930615759996932e-05 0.000280832215707374 0.00024074785826415045 0.00031800541434426577 0.0001838123054542903 7.727728537925666e-05 0.00016635484579541874 0.00018880370729027306 0.00029437977385941643 0.0002965346876799175 0.00017013714841648041 0.00027656884660149094 0.00022281063589184996 0.0002541027875389307 0.00016055384709147175 0.00019224778515350449 0.00026834141157464894 0.00030877937970687176 0.00019710714988112004 0.00028786324292693244 0.0002827189543132268 0.0002860640088548583 0.00023062468616653857 0.00023399726305004578 0.00024847931170869186 0.0003780345730954728 0.0003317714874236656 0.00012184360792406892 0.00019125106660133393 6.0948543671083826e-05 0.00038146737722454774 0.00020378219933009378 0.000301101793246847 0.000273921828942805 0.00017685095238028267 0.0003469429569982972 0.0001527463515882244 0.00019937134399458762 0.00027906512529776603 0.00018195562410473296 0.00015011222495573282 0.00014982502411406323 0.00025160946057605854 0.00022152378871092394 0.0002225981255245596 0.00019938822600509511 0.0003058776723444558 0.00020613360832088875 0.00028187284834857494 0.0002837454235617335 0.00025101884702547985 0.00019215318797789258 0.00032770801287382176 0.00027491018570046294 0.00035438604463495187 0.00010288082245247264 0.0001861743189786966 0.00020506317480451804 0.00029140140705090177 0.00028297793923745817 0.0001553769280309328 0.0003224954305413281 0.00026905394841013585 0.00028849029036611876 0.00025497785366860535 0.00023823945464977056 0.0002864704210208233 0.00013718373723178027 0.00024585993352395905 0.0002967466663432798 0.00016483286407295068 0.00031481438205331776 0.00040054364411138213 0.00025698159872435903 0.00032476314580507883 0.00028561064090789023 0.00033203420782028365 0.0002469158152792745 0.0003298134909685347 0.0003744899125248003 0.0003229317196542503 0.00031777642270365726 0.00032698030626221474 0.00033066423746955334</DataArray>
<DataArray type="Float64" Name="g_gap" format="ascii">0.0 0.0 0.0 0.0 0.0 0.0 0.0 0.0 0.0 0.0 0.0 0.0 0.0 0.0 0.0 0.0 0.0 0.0 0.0 0.0 0.0 0.0 0.0 0.0 0.0 0.0 0.0 0.0 0.0 0.0 0.0 0.0 0.0 0.0 0.0 0.0 0.0 0.0 0.0 0.0 0.0 0.0 0.0 0.0 0.0 0.0 0.0 0.0 0.0 0.0 0.0 0.0 0.0 0.0 0.0 0.0 0.0 0.0 0.0 0.0 0.0 0.0 0.0 0.0 0.0 0.0 0.0 0.0 0.0 0.0 0.0 0.0 0.0 0.0 0.0 0.0 0.0 0.0 0.0 0.0 0.0 0.0 0.0 0.0 0.0 0.0 0.0 0.0 0.0 0.0 0.0 0.0 0.0 0.0 0.0 0.0 0.0 0.0 0.0 0.0 0.0 0.0 0.0 0.0 0.0 0.0 0.0 0.0 0.0 0.0 0.0 0.0 0.0 0.0 0.0 0.0 0.0 0.0 0.0 0.0 0.0 0.0 0.0 0.0 0.0 0.0 0.0 0.0 0.0 0.0 0.0 0.0 0.0 0.0 0.0 0.0 0.0 0.0 0.0 0.0 0.0 0.0 0.0 0.0 0.0 0.0 0.0 0.0 0.0 0.0 0.0 0.0 0.0 0.0 0.0 0.0 0.0 0.0 0.0 0.0 0.0 0.0 0.0 0.0 0.0 0.0 0.0 0.0 0.0 0.0 0.0 0.0 0.0 0.0 0.0 0.0 0.0 0.0 0.0 0.0 0.0 0.0 0.0 0.0 0.0 0.0 0.0 0.0 0.0 0.0 0.0 0.0 0.0 0.0 0.0 0.0 0.0 0.0 0.0 0.0 0.0 0.0 0.0 0.0 0.0 0.0 0.0 0.0 0.0 0.0 0.0 0.0 0.0 0.0 0.0 0.0 0.0 0.0 0.0 0.0 0.0 0.0 0.0 0.0 0.0 0.0 0.0 0.0 0.0 0.0 0.0 0.0 0.0 0.0 0.0 0.0 0.0 0.0 0.0 0.0 0.0 0.0 0.0 0.0 0.0 0.0 0.0 0.0 0.0 0.0 0.0 0.0 0.0 0.0 0.0 0.0 0.0 0.0 0.0 0.0 0.0 0.0 0.0 0.0 0.0 0.0 0.0 0.0 0.0 0.0 0.0 0.0 0.0 0.0 0.0 0.0 0.0 0.0 0.0 0.0 0.0 0.0 0.0 0.0 0.0 0.0 0.0 0.0 0.0 0.0 0.0 0.0 0.0 0.0 0.0 0.0 0.0 0.0 0.0 0.0 0.0 0.0 0.0 0.0 0.0 0.0 0.0 0.0 0.0 0.0 0.0 0.0 0.0 0.0 0.0 0.0 0.0 0.0 0.0 0.0 0.0 0.0 0.0 0.0 0.0 0.0 0.0 0.0 0.0 0.0 0.0 0.0 0.0 0.0 0.0 0.0 0.0 0.0 0.0 0.0 0.0 0.0 0.0 0.0 0.0 0.0 0.0 0.0 0.0 0.0 0.0 0.0 0.0 0.0 0.0 0.0 0.0 0.0 0.0 0.0 0.0 0.0 0.0 0.0 0.0 0.0 0.0 0.0 0.0 0.0 0.0 0.0 0.0 0.0 0.0 0.0 0.0 0.0 0.0 0.0 0.0 0.0 0.0 0.0 0.0 0.0 0.0 0.0 0.0 0.0 0.0 0.0 0.0 0.0 0.0 0.0 0.0 0.0 0.0 0.0 0.0 0.0 0.0 0.0 0.0 0.0 0.0 0.0 0.0 0.0 0.0 0.0 0.0 0.0 0.0 0.0 0.0 0.0 0.0 0.0 0.0 0.0 0.0 0.0 0.0 0.0 0.0 0.0 0.0 0.0 0.0 0.0 0.0 0.0 0.0 0.0 0.0 0.0 0.0 0.0 0.0 0.0 0.0 0.0 0.0 0.0 0.0 0.0 0.0 0.0 0.0 0.0 0.0 0.0 0.0 0.0 0.0 0.0 0.0 0.0 0.0 0.0 0.0 0.0 0.0 0.0 0.0 0.0 0.0 0.0 0.0 0.0 0.0 0.0 0.0 0.0 0.0 0.0 0.0 0.0 0.0 0.0 0.0 0.0 0.0 0.0 0.0 0.0 0.0 0.0 0.0 0.0 0.0 0.0 0.0 0.0 0.0 0.0 0.0 0.0 0.0 0.0 0.0 0.0 0.0 0.0 0.0 0.0 0.0 0.0 0.0 0.0 0.0 0.0 0.0 0.0 0.0 0.0 0.0 0.0 0.0 0.0 0.0 0.0 0.0 0.0 0.0 0.0 0.0 0.0 0.0 0.0 0.0 0.0 0.0 0.0 0.0 0.0 0.0 0.0 0.0 0.0 0.0 0.0 0.0 0.0 0.0 0.0 0.0 0.0 0.0 0.0 0.0 0.0 0.0 0.0 0.0 0.0 0.0 0.0 0.0 0.0 0.0 0.0 0.0 0.0 0.0 0.0 0.0 0.0 0.0 0.0 0.0 0.0 0.0 0.0 0.0 0.0 0.0 0.0 0.0 0.0 0.0 0.0 0.0 0.0 0.0 0.0 0.0 0.0 0.0 0.0 0.0 0.0 0.0 0.0 0.0 0.0 0.0 0.0 0.0 0.0 0.0 0.0 0.0 0.0 0.0 0.0 0.0 0.0 0.0 0.0 0.0 0.0 0.0 0.0 0.0 0.0 0.0 0.0 0.0 0.0 0.0 0.0 0.0 0.0 0.0 0.0 0.0 0.0 0.0 0.0 0.0 0.0 0.0 0.0 0.0 0.0 0.0 0.0 0.0 0.0 0.0 0.0 0.0 0.0 0.0 0.0 0.0 0.0 0.0 0.0 0.0 0.0 0.0 0.0 0.0 0.0 0.0 0.0 0.0 0.0 0.0 0.0 0.0 0.0 0.0 0.0 0.0 0.0 0.0 0.0 0.0 0.0 0.0 0.0 0.0 0.0 0.0 0.0 0.0 0.0 0.0 0.0 0.0 0.0 0.0 0.0 0.0 0.0 0.0 0.0 0.0 0.0 0.0 0.0 0.0 0.0 0.0 0.0 0.0 0.0 0.0 0.0 0.0 0.0 0.0 0.0 0.0 0.0 0.0 0.0 0.0 0.0 0.0 0.0 0.0 0.0 0.0 0.0 0.0 0.0 0.0 0.0 0.0 0.0 0.0 0.0 0.0 0.0 0.0 0.0 0.0 0.0 0.0 0.0 0.0 0.0 0.0 0.0 0.0 0.0 0.0 0.0 0.0 0.0 0.0 0.0 0.0 0.0 0.0 0.0 0.0 0.0 0.0 0.0 0.0 0.0 0.0 0.0 0.0 0.0 0.0 0.0 0.0 0.0 0.0 0.0 0.0 0.0 0.0 0.0 0.0 0.0 0.0 0.0 0.0 0.0 0.0 0.0 0.0 0.0 0.0 0.0 0.0 0.0 0.0 0.0 0.0 0.0 0.0 0.0 0.0 0.0 0.0 0.0 0.0 0.0 0.0 0.0 0.0 0.0 0.0 0.0 0.0 0.0 0.0 0.0 0.0 0.0 0.0 0.0 0.0 0.0 0.0 0.0 0.0 0.0 0.0 0.0 0.0 0.0 0.0 0.0 0.0 0.0 0.0 0.0 0.0 0.0 0.0 0.0 0.0 0.0 0.0 0.0 0.0 0.0 0.0 0.0 0.0 0.0 0.0 0.0 0.0 0.0 0.0 0.0 0.0 0.0 0.0 0.0 0.0 0.0 0.0 0.0 0.0 0.0 0.0 0.0 0.0 0.0 0.0 0.0 0.0 0.0 0.0 0.0 0.0 0.0 0.0 0.0 0.0 0.0 0.0 0.0 0.0 0.0 0.0 0.0 0.0 0.0 0.0 0.0 0.0 0.0 0.0 0.0 0.0 0.0 0.0 0.0 0.0 0.0 0.0 0.0 0.0 0.0 0.0 0.0 0.0 0.0 0.0 0.0 0.0 0.0 0.0 0.0 0.0 0.0 0.0 0.0 0.0 0.0 0.0 0.0 0.0 0.0 0.0 0.0 0.0 0.0 0.0 0.0 0.0 0.0 0.0 0.0 0.0 0.0 0.0 0.0 0.0 0.0 0.0 0.0 0.0 0.0 0.0 0.0 0.0 0.0 0.0 0.0 0.0 0.0 0.0 0.0 0.0 0.0 0.0 0.0 0.0 0.0 0.0 0.0 0.0 0.0 0.0 0.0 0.0 0.0 0.0 0.0 0.0 0.0 0.0 0.0 0.0 0.0 0.0 0.0 0.0 0.0 0.0 0.0 0.0 0.0 0.0 0.0 0.0 0.0 0.0 0.0 0.0 0.0 0.0 0.0 0.0 0.0 0.0 0.0 0.0 0.0 0.0 0.0 0.0 0.0 0.0 0.0 0.0 0.0 0.0 0.0 0.0 0.0 0.0 0.0 0.0 0.0 0.0 0.0 0.0 0.0 0.0 0.0 0.0 0.0 0.0 0.0 0.0 0.0 0.0 0.0 0.0 0.0 0.0 0.0 0.0 0.0 0.0 0.0 0.0 0.0 0.0 0.0 0.0 0.0 0.0 0.0 0.0 0.0 0.0 0.0 0.0 0.0 0.0 0.0 0.0 0.0 0.0 0.0 0.0 0.0 0.0 0.0 0.0 0.0 0.0 0.0 0.0 0.0 0.0 0.0 0.0 0.0 0.0 0.0 0.0 0.0 0.0 0.0 0.0 0.0 0.0 0.0 0.0 0.0 0.0 0.0 0.0 0.0 0.0 0.0 0.0 0.0 0.0 0.0 0.0 0.0 0.0 0.0 0.0 0.0 0.0 0.0 0.0 0.0 0.0 0.0 0.0 0.0 0.0 0.0 0.0 0.0 0.0 0.0 0.0 0.0 0.0 0.0 0.0 0.0 0.0 0.0 0.0 0.0 0.0 0.0 0.0 0.0 0.0 0.0 0.0 0.0 0.0 0.0 0.0 0.0 0.0 0.0 0.0 0.0 0.0 0.0 0.0 0.0 0.0 0.0 0.0 0.0 0.0 0.0 0.0 0.0 0.0 0.0 0.0 0.0 0.0 0.0 0.0 0.0 0.0 0.0 0.0 0.0 0.0 0.0 0.0 0.0 0.0 0.0 0.0 0.0 0.0 0.0 0.0 0.0 0.0 0.0 0.0 0.0 0.0 0.0 0.0 0.0 0.0 0.0 0.0 0.0 0.0 0.0 0.0 0.0 0.0 0.0 0.0 0.0 0.0 0.0 0.0 0.0 0.0 0.0 0.0 0.0 0.0 0.0 0.0 0.0 0.0 0.0 0.0 0.0 0.0 0.0 0.0 0.0 0.0 0.0 0.0 0.0 0.0 0.0 0.0 0.0 0.0 0.0 0.0 0.0 0.0 0.0 0.0 0.0 0.0 0.0 0.0 0.0 0.0 0.0 0.0 0.0 0.0 0.0 0.0 0.0 0.0 0.0 0.0 0.0 0.0 0.0 0.0 0.0 0.0 0.0 0.0 0.0 0.0 0.0 0.0 0.0 0.0 0.0 0.0 0.0 0.0 0.0 0.0 0.0 0.0 0.0 0.0 0.0 0.0 0.0 0.0 0.0 0.0 0.0 0.0 0.0 0.0 0.0 0.0 0.0 0.0 0.0 0.0 0.0 0.0 0.0 0.0 0.0 0.0 0.0 0.0 0.0 0.0 0.0 0.0 0.0 0.0 0.0 0.0 0.0 0.0 0.0 0.0 0.0 0.0 0.0 0.0 0.0 0.0 0.0 0.0 0.0 0.0 0.0 0.0 0.0 0.0 0.0 0.0 0.0 0.0 0.0 0.0 0.0 0.0 0.0 0.0 0.0 0.0 0.0 0.0 0.0 0.0 0.0 0.0 0.0 0.0 0.0 0.0 0.0 0.0 0.0 0.0 0.0 0.0 0.0 0.0 0.0 0.0 0.0 0.0 0.0 0.0 0.0 0.0 0.0 0.0 0.0 0.0 0.0 0.0 0.0 0.0 0.0 0.0 0.0 0.0 0.0 0.0 0.0 0.0 0.0 0.0 0.0 0.0 0.0 0.0 0.0 0.0 0.0 0.0 0.0 0.0 0.0</DataArray>
<DataArray type="Float64" Name="heat_i_to_j" format="ascii">-7.47006988263966e-07 0.0 -5.292634492487653e-06 4.638051100251514e-06 1.4015903804773394e-06 -9.617443597842715e-07 -1.276063235573375e-05 3.5111985362904215e-06 1.0211178179219174e-05 -2.0780433622063234e-07 4.8050936849484045e-06 -5.245790422246629e-06 6.485010735251192e-07 1.084177854397369e-05 1.3784037297066398e-05 1.1039070357166516e-05 1.1780574974102278e-05 2.7461381423376506e-06 3.4549843288664273e-06 9.449788276400853e-06 1.733364625913886e-08 -1.2922106251544924e-05 -1.1805996924302287e-05 3.354211743373421e-07 1.2687482945157526e-05 -1.2169071952086142e-06 1.1291576467055524e-05 7.522688783765131e-06 -1.0830159977719856e-05 7.134624999302982e-06 -4.27695172848434e-06 1.49695518813482e-05 -2.846667160642615e-06 -4.343915927731522e-06 -9.417456132264856e-06 -5.0176465366307815e-06 6.656133875943683e-06 9.855493328632122e-06 1.4864834853285296e-05 -9.973767385906284e-06 -6.5132313131481445e-06 3.3590516817000208e-06 1.5939656717025217e-05 -5.26278830180916e-06 -2.0823168642123987e-07 9.893667761961465e-06 1.7290054023781456e-06 1.5920727743714698e-06 -3.830875217583204e-07 -5.871392195871052e-06 5.099273590057945e-06 1.9983942812801017e-07 9.553666994508322e-07 -5.593409500480496e-06 -4.237768516902603e-06 -1.802132820011314e-05 2.78525062175254e-05 -5.768655287459667e-06 6.3672701455368855e-06 -5.986148580639307e-07 -6.379637638806783e-06 4.836817234752927e-06 -4.170983670636067e-06 5.713804074687643e-06 -4.641540720016304e-06 1.2227518840424707e-05 -1.2233469346996572e-05 4.2644037049873415e-06 7.11791058441147e-06 -6.790124113028955e-06 -3.2778647139531616e-07 1.7349886099195635e-06 -1.073771747384536e-05 6.264985454143927e-06 -3.992656237480961e-06 8.073594336824263e-06 -4.864253811007548e-06 -1.5829749892849033e-05 4.535552386920679e-06 8.084856980176183e-06 4.029014679528013e-06 1.6866725637032734e-06 2.414067284981362e-06 6.8397973531097816e-06 -1.2468161104721917e-06 8.709506331232497e-06 -3.9242193764146356e-07 1.1431492294851947e-05 1.1782701019522183e-05 -1.5538033076073624e-07 -3.298305489999697e-06 -1.0792475892566793e-05 1.1244114221897443e-05 -3.4322254693511933e-06 -9.621486476149608e-06 -5.678807048974074e-06 1.7529167268715455e-06 1.6232595279364857e-05 -1.002809798384892e-06 8.465371248494358e-09 1.2586242550342967e-06 -7.426372171114564e-06 4.620597132844584e-06 -7.184466892914953e-06 2.0271674894380486e-06 -6.5363885513022445e-06 1.6735677373367128e-07 -1.5048673141241841e-06 5.846731602240472e-06 0.0 1.7349886099166726e-06 -6.992010451214377e-06 1.007561508898675e-05 6.771888690844103e-06 5.180560331916844e-06 -1.5053089487119146e-05 -2.5972665096664117e-06 4.8037212192503815e-06 1.4783985030080009e-05 1.576426513452729e-05 1.5405647409434142e-06 7.436519551439493e-07 -9.278979546288998e-06 1.083401861736778e-06 -3.2568200064095818e-06 -1.8923171320174366e-06 9.71734176769055e-06 -1.11220263521721e-05 1.1172053221798076e-06 2.719229139042516e-06 7.285591890949382e-06 1.0603299023143764e-05 -1.9210693228125912e-07 5.873623794460366e-06 1.0419765450278814e-06 3.5386139745860244e-06 7.808337003733263e-06 8.326039468877024e-06 -8.585999473157882e-06 -7.126780305757212e-07 2.0910885815108224e-05 -4.526975911884322e-06 1.1956621349874104e-05 6.83790986792619e-06 -1.4267555305871596e-05 2.5741841160637e-06 7.769026575432853e-07 -3.298251821480937e-06 6.388240817323883e-06 -2.032623796404524e-06 4.40393244908561e-06 -4.383906837092464e-06 -1.7655785176070022e-06 9.944828485401141e-06 1.3775025390254163e-05 1.7322693569989995e-06 3.727715213629459e-06 1.4846435757777055e-05 2.46304356608803e-06 -1.641659740478347e-05 -1.1622951470229309e-05 1.6050689091342155e-05 -1.6985590962495176e-07 -7.393513386789929e-06 -8.679258997668741e-06 1.0517889037611915e-05 -3.3380680250327508e-06 -8.55334329088128e-06 -9.169998357512447e-06 2.1126619707394152e-05 -6.906555342048938e-07 -4.729170627470872e-06 -7.577719543389332e-06 1.2997545705074252e-05 1.5902852591797924e-05 -1.7332696325510947e-05 1.4298437337252105e-06 -3.03516600129593e-06 3.2595688087863435e-06 1.1533250691654143e-05 1.3260448073248398e-06 -6.538114970293127e-06 -6.545583336157514e-06 2.4965466128606048e-06 -1.0282758861586558e-05 1.1092701941839552e-05 -3.3064896931124053e-06 4.559818582830968e-06 1.2416016184173446e-07 -6.580218514040959e-06 1.205584235147612e-06 1.1505323470185164e-05 3.3670907529905934e-06 -8.851008426020378e-06 -6.021405797185732e-06 2.4031364285533644e-06 -2.6530314992135737e-06 2.7682649727876545e-06 -1.4029681407190632e-05 1.1552603305755989e-05 -4.12918007283624e-08 -1.4979797830181229e-05 -6.371426546057484e-06 -2.995942126959134e-06 1.3337659360409635e-06 5.025381986245086e-06 -8.789744516651834e-06 9.341068659799618e-06 -3.91452993848868e-06 0.0 -7.405071041791197e-06 -1.635726016247982e-05 -3.1434385277236016e-07 1.7390851011046372e-06 -1.7660392988286685e-05 1.8588012133268256e-05 -1.0989822023551704e-06 -1.5677220436232342e-06 8.754982726998e-06 6.011394784655629e-08 -3.1097656602413415e-06 -6.799599074528946e-06 1.5296777856922653e-05 -6.255633176498131e-06 -7.94687662048792e-06 -9.206126428715397e-06 4.95887161649771e-06 -6.291296394532925e-06 1.9293533933635847e-05 1.001931002689793e-06 1.8502629294023135e-06 -3.231927202668095e-06 -8.89818328151867e-06 1.114828667837017e-05 9.818238057598537e-07 1.4055398859065786e-05 -7.486159928271341e-06 -1.0722428754561172e-05 5.622103411581993e-07 -3.3854330623326786e-06 6.9764125449325956e-06 -7.00073655205961e-06 9.687178131067992e-06 8.81888189121222e-06 -2.6544186800800836e-05 1.3047864555582807e-05 4.350309764503702e-06 -8.509090089594767e-06 7.780537394103049e-06 -5.504572505836667e-06 -2.3888184261180248e-06 1.3181762210241717e-05 1.0116009466932153e-05 -1.2116334615848265e-05 -6.6721237007584986e-06 8.672448849552265e-06 7.161178788132635e-06 2.2225351032024445e-06 -1.649402244376353e-05 5.856881516171324e-06 1.253427036375593e-06 2.839725779488641e-07 -7.49218955885557e-06 -8.041126914264354e-06 1.2139578234918797e-05 -5.630932616964241e-07 4.492460394673985e-06 -2.4950818661792843e-05 2.102145152878926e-05 -3.543285833250046e-06 3.904865546844151e-06 2.5902105636315504e-06 5.955591387825199e-06 5.509596907619337e-06 -1.809135090526624e-05 1.8348893745468554e-05 -8.206361019121228e-07 5.197736986791688e-06 -2.5272991226601257e-06 -8.701545992444866e-06 1.0531250904198168e-05 -7.401791725597303e-07 -5.026021956185739e-06 -5.1945860394574605e-06 1.0909757423322795e-05 2.7159180035352425e-06 -6.836219412990942e-06 -2.943139694284553e-06 1.3944291795240326e-06 7.788208447302258e-06 -1.4400566310131552e-05 7.780537394099818e-06 9.310094542097436e-07 -1.2337722894354986e-05 6.976190803559933e-06 1.9032343247565644e-06 4.143214951860557e-06 -1.1548285993652021e-05 3.6640744479644223e-06 -1.4188082165910838e-05 2.8449542625855375e-06 -6.2516747360751814e-06 -5.8133927659137775e-06 3.940987191044965e-06 -7.868382802704938e-06 5.7116487447223195e-06 1.1900167939313366e-05 -5.635182485151145e-06 -9.740557014133585e-06 -3.4731151283509254e-06 6.68014828664409e-06 1.859792572562633e-05 -1.9721420179758855e-05 3.890796349158446e-06 -2.132671230855387e-05 -1.889105358531018e-05 4.451299438991599e-06 8.099748277780199e-06 7.578631803184483e-06 1.1921804866096602e-05 1.2682875426896003e-05 -1.3355514203072842e-05 -3.477971092348498e-06 7.052724303587048e-08 1.3642992618378515e-05 -1.0113927628026797e-05 1.1055729995296542e-05 -1.7312663492080585e-05 1.2183048162036306e-05 -6.5668216684837835e-06 8.32835392558887e-06 -2.491279176235923e-05 1.8714215686172177e-05 -1.5967409509987354e-05 1.912923940109863e-06 1.1551954107435844e-05 2.470602691738428e-06 1.7083609307059094e-05 -1.6060112808481224e-05 -2.0100569807965623e-06 -5.07044277401168e-06 7.257098195860465e-06 -3.525547415439175e-05 1.0905576413829377e-05 -1.2702619137634109e-05 2.1652232220324613e-05 -1.511631587623703e-05 -1.862762157817268e-05 1.9560807786774125e-05 8.003864405135846e-06 -7.291092180279705e-06 -9.85680955494669e-06 4.651870970928668e-06 1.2535099185227144e-05 -6.263455348644889e-07 -7.416587291191692e-06 1.6019974253128137e-05 7.5237488613294956e-06 -3.0754669043158796e-06 -1.5952691358794567e-05 -1.4413986202281949e-05 9.952535777978783e-06 -5.4114427008467786e-08 -5.533010374240258e-06 -1.3800946495751661e-05 -1.2289962596851997e-05 -1.865532633969972e-05 1.2101433241842034e-05 1.1758756906493872e-05 2.6419055658260612e-05 2.7230741286889597e-05 2.2426857845984093e-05 -1.1593704706139076e-06 -1.6911404032675614e-05 -5.959851065206017e-07 1.2923666691374605e-05 1.0090801739243459e-05 -2.337930607241334e-05 1.7872226780996462e-05 7.912333644730368e-07 6.148073260181857e-06 -3.09291783874727e-05 1.3166394649981706e-05 -4.0609686598483125e-06 3.4973807788859292e-06 -1.3536569389635915e-05 4.153031503389282e-06 1.004796451997865e-05 4.687710843416568e-06 1.0204008389454026e-05 -7.5522814614368285e-06 1.0053462609719237e-05 1.1571993554510052e-06 4.296742302518235e-06 -1.5761332583092235e-05 -1.4768456278164045e-05 2.4696873859348813e-05 2.3274060638575785e-06 9.030510296918227e-07 2.880249863656907e-05 -1.0531852030813905e-05 1.1597395479406768e-06 -6.508666447115534e-06 -3.517299058189602e-06 -6.895106625721612e-06 3.2552622456781656e-06 -1.5044472290577758e-05 2.935383530571069e-05 9.07013091971146e-06 5.768523515010373e-06 -1.0575551810039636e-05 1.5179206953307535e-05 -6.156846032295817e-06 -5.052162444718963e-06 -2.0287492758973518e-05 5.333122595694484e-06 1.5791199982109416e-05 9.466660515725308e-06 1.448664290392428e-06 8.188363143605615e-06 1.3647276502725249e-05 -3.275096445248023e-05 -1.744626676046726e-05 -7.3109309600050376e-06 -9.264972684127378e-06 4.941219214935152e-06 1.5237570289115161e-05 1.3843380900767363e-05 1.2417621201952404e-06 4.037342742300079e-05 5.047512623916705e-06 -1.401347428668667e-05 9.189473735862428e-06 -3.259824353459379e-05 1.3921087715728772e-05 2.0823607216182513e-06 4.917051851864492e-06 -8.110553234927596e-06 3.161327274787757e-05 -4.688528953995407e-06 -5.057437461911793e-06 1.1925366994575222e-05 8.000636486749955e-07 5.897751194052745e-06 -1.2230825216976383e-05 1.3553600816208109e-05 2.2860177938365415e-06 2.5800311756380508e-05 -1.7717432571094118e-05 2.128171767919131e-06 -1.8966146293222766e-05 1.2185022732309409e-05 2.989413322536781e-05 3.2440506720774398e-06 -2.2292628326932865e-05 -1.1610328504799134e-05 2.0374049840594253e-05 5.659674206921536e-06 -2.873160924479641e-06 -8.243442486965899e-06 6.974547197009538e-06 -2.233744616689605e-05 2.7937459468014983e-05 -2.6793156179796996e-05 1.2679428119055203e-06 -1.584377661572209e-06 1.2168854525154937e-05 2.2829033523349442e-05 5.692734174555995e-06 -7.297544258070449e-06 -1.5057274940667362e-05 7.239228385765209e-07 -9.439727629229102e-06 -7.829020961137552e-06 1.3268807991699691e-05 1.65873366661978e-06 2.8484184673269068e-05 -1.2892369824967902e-05 -1.760241016940039e-05 1.1982588301688147e-05 -1.667280645924937e-05 -3.121807467926064e-05 1.81343166012908e-05 8.941282771805755e-06 4.86220241486411e-05 3.560576695708977e-06 2.2679795209987025e-05 -3.85589592172621e-06 -1.512101337375827e-06 2.1059698034503405e-05 5.808881433610028e-07 1.1625633148046856e-05 3.1790605482899535e-05 2.610158949518434e-06 2.7563019863582205e-05 -2.306409185155625e-07 2.6316655327701704e-05 -4.696862912133645e-06 1.545843726144783e-05 1.582413025361135e-05 1.3866197073579558e-05 -2.3594809689684043e-06 -8.748271766615137e-06 2.7138678202646585e-06 -2.3893439893682562e-05 2.319855808886687e-05 1.394692656584039e-05 -4.314803030204449e-06 -2.1973930724785465e-05 -9.964939747015704e-06 1.362163801380905e-05 3.0207592894126676e-06 -1.2593881862096433e-05 -4.535577761234825e-06 1.025011743710151e-05 -1.660069055704962e-05 9.09724083855868e-06 2.178892098977826e-05 1.2099452506709163e-05 2.8077125008087647e-06 -3.094088968578799e-06 -1.809705318905076e-05 -8.706379114521917e-06 2.3511436028032584e-05 -2.6406742270272835e-06 1.0047709411638656e-05 -2.3839234061654688e-05 -6.522875686095852e-06 1.7824354177440154e-05 6.536694012082603e-06 -3.873518283974713e-05 -1.635127674336094e-05 2.3400071120062103e-05 -1.2740416605290659e-05 2.946773934717649e-06 -1.443026718435684e-05 8.529951059813852e-06 -2.201476453259237e-05 4.284383716826292e-06 1.1245482605602654e-06 -1.9258938284853687e-05 2.792319555074502e-05 -1.4073189243270494e-05 -1.4798608451319592e-06 -1.391570263061479e-05 1.3216600377080875e-06 -1.538647296904219e-05 1.323176900022443e-05 -6.6323194104717685e-06 -5.72893488001432e-06 2.8589861697299988e-05 -1.1309927389187911e-05 1.7388439612541675e-05 2.916194181217227e-06 -1.4296944747060468e-06 -7.565011929863255e-06 2.347082633752838e-06 1.143866170994512e-05 2.2394643399782073e-05 2.542917221538236e-06 -2.5123526235593976e-06 -2.01334744566858e-05 -5.81555340820989e-06 7.8082035838628e-06 1.9451093924495952e-05 -1.660620710632439e-05 -6.303486012396627e-07 -7.743637465699662e-06 1.9907740915633775e-05 -1.4378641666961897e-05 -1.622614817289025e-05 3.4417172480771794e-06 -2.7008167938369035e-05 2.423541508000498e-06 -2.754364009866335e-06 2.466614481219604e-05 -1.0364461738871631e-05 -3.965737640209897e-06 -1.033594543307764e-05 -1.0246799306121565e-05 2.0569139558104505e-06 5.044130686119674e-06 1.9668703623607958e-05 -1.1708872429815303e-05 -6.293937374752427e-06 5.581255549232426e-07 -5.926039070425531e-06 2.7762556915290356e-05 3.785826342178605e-06 -2.6749282329038262e-05 2.506560439774884e-05 8.658190047407977e-08 8.889193870734473e-06 -1.7750047882971176e-05 -4.964126562941602e-06 6.904264678513147e-06 -8.232385058484296e-06 -1.1686380330566425e-05 1.7978627273468746e-05 2.8416999141224083e-06 -2.154812757413919e-05 -1.5579889699549223e-05 1.9564121162535487e-05 1.4722196197017397e-05 -1.455776818072212e-05 8.587494379498233e-07 3.9227847871323065e-06 1.0167796719407854e-05 -1.8724309229064798e-05 2.6510335501478906e-05 -1.4026180092002454e-05 -2.742122936343201e-06 -1.3528110827081568e-05 -3.1624455043819597e-06 2.013047504503414e-05 -6.977957772164169e-07 1.784698215641847e-05 -1.742951873850789e-05 -8.140231912221484e-06 1.3135624430764014e-06 3.2718866307614135e-06 -1.841080815363274e-05 -2.09630802566339e-05 9.874615977471421e-06 6.850492664259328e-06 6.705226664354241e-06 1.1952090456621357e-05 1.7287007695436084e-05 4.4555319835107766e-06 -3.723505233451775e-08 1.0441263323418257e-05 1.39011889993439e-05 -6.6426256753206306e-06 -1.427479695625269e-08 -1.2120332577017437e-05 -1.0020689559313674e-06 -2.9519416584541497e-05 -1.2761333861052706e-05 3.4121633619671394e-05 1.6003305238521477e-09 1.1069361990023067e-05 1.1071450027877692e-06 -1.0637259057769805e-05 1.8249913784647722e-06 1.919933185509388e-05 -2.0769738971370268e-05 1.780870529928843e-05 -2.5245487713858156e-06 1.2685302953234772e-05 -1.1040826608106048e-05 -1.1125368337628064e-05 1.1170061093834223e-05 -4.6628752550971e-06 -7.206731795185593e-06 -1.3439145362204488e-06 -1.1278745475813573e-05 -8.535510681561841e-06 -8.868663303006891e-06 2.3145563965028246e-06 -6.5163365243177455e-06 -3.1640367296474473e-05 5.420899166088843e-06 9.045424181588352e-06 -9.604374577793918e-06 4.290431778708305e-05 2.7271186772606566e-06 -1.324749003655241e-05 2.5440718353430163e-05 -1.4163864907120331e-05 1.832506106456737e-05 2.959212108559507e-06 -4.393289588712048e-06 -3.857160801942047e-06 -6.337172400788734e-06 1.3352439712740159e-06 -1.8912750091029014e-05 -1.2175211366098958e-05 1.0527099177781553e-05 -1.3778268436337412e-06 -8.156444474827948e-06 -1.3133836366644152e-05 8.070194461751615e-06 3.887488365895954e-06 1.6132311572859338e-05 1.604800341874706e-05 2.4177661843311214e-06 1.1289943506813095e-05 -1.638690002117644e-05 -9.170006036933201e-07 -5.551735435592882e-06 2.302024556093751e-05 8.713284865476874e-06 -2.6259140327693263e-05 4.921353743510054e-06 -9.442432867148458e-07 -2.4424572945233163e-05 -1.7348351083566083e-05 2.0449190013888704e-05 -2.038889630417597e-05 1.3685383032462004e-05 3.4445801868781118e-06 2.5057731258480647e-06 -2.2862506129671054e-05 -2.949952923170701e-05 6.764865266604079e-06 8.689216521549882e-06 -1.7751907581176167e-05 -1.4289697955145036e-05 -2.95498990720331e-05 2.019482107553977e-05 -6.60837995104468e-06 -4.389566530897594e-06 3.3828419708351584e-06 -9.151986554878315e-06 -1.120745442162219e-06 -9.988802453867015e-06 2.0937015233973864e-06 4.363978084074653e-05 1.9336917391040665e-06 -1.0317399344919847e-05 -1.3018615597040023e-06 1.2590304877442356e-05 -6.834644480275581e-06 3.929908768355605e-06 1.944227478766941e-06 -2.875767863234821e-05 8.832953974580935e-06 -1.217903600887724e-05 2.287355122901691e-06 -4.363582244654659e-06 3.223576030965901e-05 1.7095758732569806e-05 -3.373458129523414e-07 -1.6648317539171437e-05 1.4122909751649691e-05 -3.484696457617386e-06 -1.07483086745424e-05 -2.6982292388059985e-05 -3.3214659619538997e-06 1.7355508918998373e-05 3.5085218017935104e-06 1.5233573655304147e-06 -1.974421542433699e-05 1.7808319178993856e-05 2.2463364722133525e-05 -4.955067109803887e-06 1.316810595829757e-05 -4.563306896567874e-06 -9.801720934617417e-06 2.9461021888643033e-05 2.7390146570727738e-06 -3.134046048590497e-05 8.132919026845166e-06 -1.6840926070314656e-05 -1.21996032880627e-05 -6.074682056512738e-06 5.498967052792633e-06 -1.5716945501824753e-05 5.498415696653565e-06 9.82924006560941e-06 1.4875918797992311e-05 -1.1260201726382212e-05 1.1617907504797015e-05 1.6968347712351923e-06 1.592432158709901e-05 -9.930509684635844e-06 9.99249968727989e-06 -6.559600454592174e-06 1.2711251071969036e-05 -1.149037949937104e-05 -1.1814130944231895e-05 -1.9817134455733145e-05 8.26469780580812e-06 4.843627800797167e-06 1.730206822068238e-05 6.956451109760009e-06 4.368528443451147e-06 1.9828099048642803e-05 1.6312161693292143e-05 -7.4293424075364534e-06 -9.609533371540059e-06 -1.2651282999593535e-05 5.851621814508748e-06 -1.3067239470774068e-07 7.657047665700213e-06 1.5215490117544278e-05 3.880378128459458e-06 1.5609353731602843e-05 9.68720407831188e-06 1.949697313192686e-05 6.861076982837785e-06 -9.120537247450516e-06 -3.142192464797339e-06 -4.20785166032878e-06 2.554593177309081e-05 -1.9915290203820303e-05 4.100833779105234e-06 2.145055218412872e-05 -1.8745554087145297e-05 -8.239746082970056e-06 -5.143704086223025e-06 8.166085763420653e-06 2.9621249473310094e-06 1.8567401151644855e-05 -1.0255538556770688e-05 1.8527928872063424e-05 3.657300138428618e-06 8.080837744771681e-06 -1.4407679175298561e-05 1.2065604981232585e-05 -6.177866348396484e-06 -2.7673675866045117e-05 5.927080431212917e-06 1.446056588500636e-07 1.909998071822794e-05 2.4236536772163053e-06 4.536817329734081e-06 -3.512362747966989e-05 -1.95250812379326e-05 1.0746249995913026e-05 2.9848979953098654e-05 7.093007761661359e-06 4.203431183749668e-05 0.0 1.687080398905393e-05 1.3745309865324298e-05 -2.0538748445413927e-06 -1.287311111742327e-05 4.997475470370777e-06 -9.132586057908969e-06 1.339762442896306e-05 -4.139590608754566e-06 9.429178277463278e-07 -2.3968500742558567e-06 -1.777361231872164e-05 1.2397111386118733e-05 1.469065626068368e-06 -1.3371468109090945e-05 7.04767418007238e-07 9.601109960334861e-06 7.049902155654836e-06 9.676009569351324e-06 -5.2157379788509134e-06 1.3802504685671561e-05 1.6248671136307716e-05 1.1011357896813853e-05 1.5972089439190833e-06 -7.967099553116491e-06 -1.3242090925390011e-05 2.217437742139343e-05 9.75999703519637e-06 3.294373069680266e-06 -5.393006697547186e-06 1.2895584955437322e-05 -6.769321584422115e-06 -5.3063591963430995e-06 5.995837431126074e-07 2.4114637696900256e-05 -2.274864125690005e-05 3.3407790132562866e-06 2.171073827410346e-05 -4.9485698424493535e-06 -1.886249633683581e-06 1.0522940901903713e-05 -1.4213939537803215e-05 1.407417678371768e-05 -2.9890551844950323e-06 1.2119009857843885e-05 -1.9154879345793026e-05 -1.684232008437946e-05 6.2424851513944946e-06 2.9887162419001388e-06 -1.0276176655766136e-05 2.326125086210327e-06 3.454274971237075e-06 -1.375338629145948e-05 -7.3049252735644516e-06 -5.821620031238242e-06 1.66929929626503e-06 4.5836301650835595e-06 -2.673368234543449e-05 0.0 3.393067342233554e-06 -3.3340308026920364e-06 1.2421745668026493e-05 1.0551156809235323e-05 2.0424263232783606e-05 4.6572713214493865e-06 1.3528674007520843e-05 3.6154392919463396e-06 8.628756827284819e-06 2.0080004926250764e-05 1.3568675576243177e-06 -8.275547147460761e-06 1.7864195470347262e-05 -8.85431009803287e-06 -1.8999788819053705e-05 -4.053549806682653e-06 1.2434340260960798e-05 9.866288276548435e-06 1.2363553957481027e-06 1.0506332241814905e-05 -3.2793561919376654e-06 9.457439885927303e-06 1.3639908568296232e-05 -1.0605291482384393e-05 -8.817501241114965e-06 5.079340570476222e-06 -1.2884541892072329e-05 4.958172794513653e-06 9.770176568327152e-06 -1.9169644728689194e-05 7.887888606555852e-06 8.9044194316625e-06 -2.0066607004998112e-05 -1.1550193793384162e-06 1.185555402175581e-05 -1.731195938778048e-05 -4.031351888693246e-06 3.342041412651357e-05 -4.7807619242302265e-06 -3.4217833685057615e-05 -6.326190864337564e-06 1.6618304655513523e-05 -1.0292113791147321e-05 -1.2386304837710199e-05 -3.8520891260254974e-05 1.065939799627605e-05 1.7256201781571756e-05 -4.281807540023912e-06 -1.0508130768160655e-05 1.1338639911562835e-05 1.652159647409414e-05 -4.805600271745334e-06 -1.4799441399895686e-05 -7.73748978093335e-06 3.071771299884085e-05 8.357288429413515e-06 7.1201116457115445e-06 2.7011386941961193e-06 -8.401697167443856e-06 1.0769614231005464e-05 1.4561051634120082e-05 3.117321938243989e-05 7.268940564545041e-06 -3.678043770514386e-06 8.535666789449007e-06 -1.7296921037419847e-05 -1.0073570960470123e-05 -3.1800214024962825e-06 8.288670025179139e-06 1.1890965768829078e-05 1.3157955076512986e-05 8.272884164771769e-06 7.471988636154442e-06 1.1415995081887563e-05 -6.289631354591251e-07 -1.0096179882907994e-05 -8.98975168080844e-07 4.441398158529666e-06 -1.7922148683574203e-05 2.4752253528045954e-06 -2.5061681294307143e-05 5.8108791081940575e-06 -2.655483531041716e-07 0.0 7.569275612453323e-06 -1.684347819371011e-05 9.27420258124006e-06 2.2554984275957747e-05 -3.865957610649025e-06 2.710967131754944e-05 -2.1888156845027097e-06 4.212502513708389e-06 -1.873341827029828e-06 -2.7260016319878727e-05 5.277358661698043e-06 -2.3178204394228448e-05 -1.892784331623011e-05 -5.738616681746918e-06 -1.8884456992461913e-05 1.2792305180927164e-05 1.1064089264233378e-05 -4.249738217229521e-06 -1.3681662035062994e-05 7.911553418037707e-06 -8.250823541087546e-06 7.86237505351451e-07 1.933133202466125e-05 -4.511286609561655e-06 -1.5156946836664386e-06 -1.9595647125997734e-05 6.860298459564829e-06 -9.049114144042775e-06 -3.5815737194869976e-06 -1.1856204873085261e-05 1.6144643234408598e-05 -1.0574192472082311e-05 7.943478516111674e-06 1.923849314155193e-06 8.945216502808203e-06 8.894761646530184e-06 -1.5317949756574957e-05 3.2030910986238626e-06 2.438612282903854e-05 -9.686979087879944e-06 -1.670013728445705e-05 7.163958171572034e-06 -9.94484602787365e-06 -1.0316697614908038e-06 1.1036182400240634e-05 2.1927895178527163e-05 -4.134295173385197e-06 -8.317087503079855e-06 1.8964150298357282e-06 -1.0252520058068878e-05 8.768210435686596e-06 1.173331777733394e-05 4.963906342008457e-06 -1.125448253511648e-05 -2.729740786204649e-06 -3.651584051441133e-06 -1.6811018777588837e-05 1.988585392215402e-05 2.1277727276243423e-05 -8.291549213469453e-06 -9.206000296405984e-06 1.032496695906837e-05 -6.94118655383796e-06 1.564397863587884e-05 -2.1704983528674804e-05 5.186806477103755e-06 2.1888847896535987e-05 -1.4106383450221425e-05 1.8498049398247023e-05 9.792637241633704e-07 1.0273048963688179e-05 1.579035293531995e-05 -8.852021089582063e-07 -2.0155211357747015e-05 9.443688511972996e-06 4.751588522095721e-06 2.6221719882691575e-06 -1.0670602986294576e-05 -7.092954235292697e-06 -1.3123558342973316e-05 -2.974720531212486e-06 1.142580667300819e-06 -1.1611018440940086e-05 -4.165149155524561e-05 9.44135430595738e-06 1.0846529017053956e-05 9.86891151329513e-06 -1.481842746018238e-06 -1.5267703077175363e-06 9.681223204412809e-06 -4.2282359251260734e-06 -1.769020285742366e-05 1.7172313451372288e-05 -5.033053082578982e-06 -2.8045553788674616e-06 2.614046772717214e-05 2.9517736501643532e-05 -2.562300582439461e-05 -2.2860432557520267e-05 2.5959957601856854e-06 5.789707751084784e-07 2.271377891824478e-06 -5.4463444271286204e-06 -5.421872138577849e-06 -1.6232196058428529e-06 1.936536331068281e-07 1.5619648546981832e-05 2.8872065543556275e-06 -1.7894244447151775e-05 -1.7355337568628377e-05 2.099187203211852e-05 1.0724982281529774e-05 1.5142722195733846e-05 -4.633138127655065e-06 6.268513370078704e-06 -9.294793132784541e-06 4.165658999840727e-06 -8.455608666592069e-06 -2.9477306309560983e-06 1.553720842231768e-05 -4.335684007755944e-06 6.77816660393009e-06 2.4394361025521927e-05 3.470797286022721e-05 1.4320302708159235e-05 -2.816327749398446e-06 3.437560184485698e-05 -1.4451344339358448e-06 -2.6274618400013225e-06 -2.1779656434291523e-05 2.4846420701248068e-05 4.1221872181997195e-06 -3.009911187956363e-05 -1.553176597375994e-05 -1.010924667247533e-05 -8.136332196860121e-06 9.718032409512846e-06 9.75135785842205e-06 -2.7833156959163873e-05 -1.5248746354340737e-05 -4.17521108651e-06 3.1343324470671895e-06 3.2789599408192645e-06 -1.066163682315124e-05 -1.8252400378245176e-05 -2.4314683487658385e-05 1.5559216480741185e-05 2.0551101917699808e-05 2.1088370985496184e-05 9.149656480071574e-06 8.759239662800924e-06 -1.3392153292571936e-05 -2.3187180041585458e-05 -1.844209096132219e-06 2.1963310577799237e-05 -5.459852253860164e-06 -1.927443835752327e-05 1.8689141413952562e-06 1.6423913002405197e-05 8.569635235443591e-06 -1.9816626513700743e-05 6.665641478731506e-06 1.0926010358503784e-05 -1.99019815187285e-05 -6.371829289283478e-06 2.8498785484458398e-05 -1.0155282769328572e-05 -3.075404274770637e-05 2.1186377154644558e-05 5.80408402318853e-06 -2.7209026366159947e-05 6.578074525985732e-06 3.441643401691736e-05 7.510773328892316e-06 -7.417434778720859e-06 2.318238250125852e-05 -2.094778836540029e-06 5.037744595789758e-07 -9.075965656654522e-06 -3.702205939577784e-06 -8.100733489146606e-06 -2.0375859165029886e-05 2.9983819904267405e-05 4.365856679814566e-06 4.2564170978732116e-05 -1.8056760755376525e-05 -1.950360885626486e-05 2.0959679054641504e-05 -1.3935204526274666e-05 8.5119045945679e-06 -1.9150051525148356e-05 -5.583396295528321e-06 3.0273902456346476e-06 2.0495955013910726e-05 -2.8105094772808575e-06 -3.5587610980980934e-05 1.3116895628870514e-05 -3.5748258875577382e-06 2.395076240315112e-05 -1.414536099903363e-05 -4.487672986196171e-06 -4.717866246535692e-06 9.205539232748176e-06 -3.133795087391911e-05 -6.137450103048236e-07 2.9112283067937876e-05 1.6692986012567095e-05 -1.0733210241852503e-06 1.3266887782807397e-05 3.356313969245477e-05 3.2392772214904926e-05 1.3603715335286167e-05 -2.2028482359572467e-05 3.4106964343308686e-06 -1.556119253373567e-05 2.4886628754664306e-05 1.2800257805093506e-05 -1.853444768350945e-05 -3.351905865754963e-06 7.411011583849585e-06 2.908204658111701e-05 1.545021527728705e-05 5.405257542281524e-06 4.235898355330099e-05 -2.617160696157178e-05 3.1364435698519736e-05 -4.047041558388875e-06 1.6391876228772643e-06 2.4806741443528474e-05 -5.114801033671403e-07 1.1054452115205513e-05 7.965366564508467e-06 4.075105634833147e-05 3.425095336139425e-06 9.187765029395672e-06 2.9622663796768624e-06 8.362297878586496e-07 4.193843548952346e-05 2.8185889325329807e-05 1.6776258624145456e-05 2.5126391389397803e-05 2.718778718852012e-05 1.1010785231512113e-05 -8.944109355836533e-06 1.3836490194062575e-05 -1.465328117626616e-05 1.8485098119511166e-05 5.38236970425947e-06 3.244870073128339e-05 7.66986607918979e-06 2.7316975033617543e-05 3.2888102731616207e-06 1.1614200916228966e-05 3.188324267507615e-06 1.796106629105243e-05 1.3348651114262396e-05 -1.501125286806813e-07 1.2076790816787739e-05 2.0981143623846704e-05 7.088817918776264e-06 1.2712090776577301e-05 2.018020312648464e-05 2.787914804452378e-05 -1.0189811693895859e-05 -5.201291978693693e-07 2.1763645243658557e-05 9.94479992245632e-06 1.3068659744143364e-05 1.963056337243548e-05 -3.574830905242138e-07 -9.007316675785596e-06 -2.1087961175458594e-05 1.7588008264579113e-05 -1.7450421530596817e-06 -2.353531042940524e-05 1.4284661786862855e-05 -4.756530561139666e-06 1.495915246770125e-05 -2.1416482624356962e-05 2.2209551513403062e-05 3.004068415247543e-06 3.235746543099097e-06 5.782920791953572e-06 1.1365339529176701e-05 5.1164275881896016e-05 -1.4637495210826937e-05 -4.2303574764796424e-05 -2.0461417878837903e-05 2.4655672126582398e-05 -7.096715651561987e-06 -2.686084031589333e-06 -2.715010455325649e-05 -2.021148838763785e-05 -4.607224205886048e-05 2.2731375869407067e-05 2.4528853414317817e-05 1.558513609370261e-05 -8.22102670525363e-06 -2.6842985242875164e-05 -2.6015480964394485e-05 4.109597844942919e-05 1.9291757482071668e-05 -1.8924639151355112e-06 -3.23610674160181e-05 -1.4405611727351342e-06 -1.3326818891503007e-05 -2.2417687291608082e-05 -6.366401433336096e-06 -1.5177618705957236e-05 1.7123532391846444e-05 -2.2076597559963283e-06 2.8582863626526746e-05 1.5898983921392467e-05 2.7679512563769762e-05 1.559110973098415e-05 -2.2326952326640553e-05 2.7324524039972575e-06 -1.7723073019739845e-05 -4.538734370295031e-05 5.297241178966435e-07 2.946568791241242e-05 -2.73635906118465e-05 -8.572556119374913e-09 1.0793563042585208e-05 -1.138753524416222e-05 -7.078842475918959e-06 1.6080567251299052e-05 1.8964410594258646e-05 -1.8119582117270078e-05 1.5613959003235782e-05 4.3989209953572814e-06 -3.126410152674653e-05 -1.4995956136457964e-06 -2.3490521501287824e-06 3.650091682171614e-05 2.5750448478936685e-06 -3.963212378910178e-06 -3.6024075558666215e-07 7.797049107260192e-07 2.2668221843245312e-05 2.7537267877761786e-05 -3.367248931594051e-05 2.677110468389838e-06 -1.7507661462537782e-05 1.1488850110927539e-05 -5.719983440429346e-06 5.596472858699012e-06 1.558214139296177e-05 3.222595337418922e-05 -1.825713511896033e-05 -7.002560181389768e-06 -2.713505857327962e-06 -2.5580402112033563e-06 4.091677956475667e-05 2.8335298724463482e-06 6.8273958757219326e-06 3.829495847369905e-05 -1.9555543450354266e-05 2.3111749460536133e-06 -1.3970172368825397e-05 2.3852664696511423e-05 -1.7452441512770664e-06 -1.870229375047755e-05 1.3003354976027055e-05 2.6586850458106207e-07 -3.5357057301416e-05 1.6335889535224785e-05 -1.7849336728676594e-05 5.369318928694286e-06 -1.4892098958181419e-05 -2.005254123768796e-05 -1.6494664190430349e-06 5.860489457329607e-06 -1.1993483805034484e-05 -2.4875962540646806e-06 1.2612212138769383e-05 -1.586062760295773e-05 -5.487105705538842e-06 -1.7134693511457824e-05 3.4817866194193314e-06 6.8185819282347085e-06 3.668496460742896e-05 1.4743500492875738e-05 -2.1990254240901357e-05 -3.969940565113191e-06 -1.729929457084194e-05 1.4717046661559707e-05 8.251906178779039e-06 1.2475879771894297e-05 -2.194339988044396e-05 -1.718460249438322e-06 3.987500871757843e-05 -5.497277937432297e-07 3.606544765287963e-05 9.240049636905561e-06 2.0452799697777433e-05 -1.9376690660760847e-05 1.1768562719522504e-05 -4.258417347872618e-05 4.133605127685082e-06 3.390315265177956e-05 7.003259185782843e-06 1.7015083084758453e-05 3.0457057423689742e-05 -4.7446438827801536e-05 -7.74408753568048e-06 -5.559922153213164e-06 2.6129934662997145e-05 -4.5676718540411796e-05 6.80834333061619e-06 1.6230613170125717e-09 -9.894732195470467e-06 1.3593226688539014e-05 -2.2207345482825324e-05 -9.697804030935097e-06 4.739800619954275e-05</DataArray>
</CellData><Points>
<DataArray type="Float64" Name="Points" format="ascii" NumberOfComponents="3">0.00366944 0.000470931 0.00666665 0.00458451 0.00111028 0.00566601 0.00366944 0.000470931 0.00666665 0.00395976 0.00193467 0.00681895 0.00366944 0.000470931 0.00666665 0.00319712 0.000705191 0.00501535 0.00366944 0.000470931 0.00666665 0.0043597 -0.0011124345204828997 0.00667705 0.00366944 0.000470931 0.00666665 0.00219293 0.001309 0.00631781 0.00578145 0.00467051 0.00629545 0.00462302 0.00547643 0.00630245 0.00578145 0.00467051 0.00629545 0.00597642 0.00433971 0.00490476 0.00578145 0.00467051 0.00629545 0.00545549 0.0031117 0.00696944 0.00578145 0.00467051 0.00629545 0.00699238 0.00440308 0.00741088 0.001751 0.00642906 0.0037142 0.0023501 0.00512665 0.00331874 0.001751 0.00642906 0.0037142 0.00258886 0.00766711 0.00460223 0.001751 0.00642906 0.0037142 0.00119152 0.00667294 0.00208604 0.001751 0.00642906 0.0037142 0.0006600339999999999 0.0080941 0.00371508 0.00557271 0.00445477 0.000685917 0.00477786 0.00499636 0.0017517699999999997 0.00557271 0.00445477 0.000685917 0.00671406 0.00503504 0.0017864499999999998 0.00183206 0.0055522 0.000685731 0.00167841 0.00494925 0.00198654 0.00183206 0.0055522 0.000685731 0.00305271 0.00632205 0.00156815 0.00183206 0.0055522 0.000685731 0.00014799699999999997 0.00550139 0.000984391 0.00576255 0.00686073 0.00242845 0.00552297 0.00547853 0.00287247 0.00576255 0.00686073 0.00242845 0.00566789 0.00784411 0.0034864 0.00576255 0.00686073 0.00242845 0.00441678 0.00797202 0.00237309 0.00576255 0.00686073 0.00242845 0.00651799 0.00668516 0.0009051340000000001 0.0028048 0.00196979 0.0021297 0.00309381 0.00200106 0.0006996110000000002 0.0028048 0.00196979 0.0021297 0.00172812 0.00063637 0.00235653 0.0028048 0.00196979 0.0021297 0.0038018 0.00114615 0.00323768 0.0028048 0.00196979 0.0021297 0.00137238 0.00294403 0.00222072 0.00477786 0.00499636 0.00175177 0.00552297 0.00547853 0.00287247 0.00477786 0.00499636 0.00175177 0.0035554 0.00496706 0.00245345 0.00477786 0.00499636 0.00175177 0.00473002 0.00599859 0.00070896 0.00477786 0.00499636 0.00175177 0.00480584 0.0036672 0.00233214 0.00477786 0.00499636 0.00175177 0.00407041 0.00418449 0.0007183930000000001 0.00544001 0.00254523 0.00305913 0.00565763 0.00305307 0.00437199 0.00544001 0.00254523 0.00305913 0.00620247 0.00374995 0.00274672 0.00544001 0.00254523 0.00305913 0.00480584 0.0036672 0.00233214 0.00544001 0.00254523 0.00305913 0.00498372 0.00236159 0.00168084 0.00544001 0.00254523 0.00305913 0.00556289 0.0009632249999999998 0.00247785 0.00544001 0.00254523 0.00305913 0.00682469 0.00182393 0.00379258 0.00552297 0.00547853 0.00287247 0.00563096 0.00649716 0.00389849 0.00552297 0.00547853 0.00287247 0.00505661 0.00448871 0.00379242 0.00552297 0.00547853 0.00287247 0.00671406 0.00503504 0.00178645 0.0035554 0.00496706 0.00245345 0.00269831 0.00394547 0.00198324 0.0035554 0.00496706 0.00245345 0.0023501 0.00512665 0.00331874 0.0035554 0.00496706 0.00245345 0.00373246 0.00510232 0.00387228 0.0035554 0.00496706 0.00245345 0.00305271 0.00632205 0.00156815 0.00228467 0.000778919 0.000729097 0.00309381 0.00200106 0.000699611 0.00228467 0.000778919 0.000729097 0.00172812 0.00063637 0.00235653 0.00228467 0.000778919 0.000729097 0.0027212 -0.0008690345204828987 0.000843682 0.00228467 0.000778919 0.000729097 0.000751966 0.00154404 0.000946122 0.00275021 0.00369305 0.00345048 0.00383707 0.00278756 0.00295935 0.00275021 0.00369305 0.00345048 0.00269831 0.00394547 0.00198324 0.00275021 0.00369305 0.00345048 0.00404444 0.00354033 0.00415729 0.00275021 0.00369305 0.00345048 0.0023501 0.00512665 0.00331874 0.00275021 0.00369305 0.00345048 0.00145415 0.00416532 0.00400986 0.00622761 0.00893846 0.00421957 0.00566789 0.00784411 0.0034864 0.00622761 0.00893846 0.00421957 0.00481993 0.00952649 0.00347025 0.00622761 0.00893846 0.00421957 0.00693064 0.00892168 0.00240657 0.00622761 0.00893846 0.00421957 0.00691409 0.00838279 0.0059281 0.00496917 0.00541691 0.00775063 0.00462302 0.00547643 0.00630245 0.00496917 0.00541691 0.00775063 0.00388113 0.00455255 0.00877323 0.00496917 0.00541691 0.00775063 0.00645769 0.00624469 0.00747278 0.00416487 0.00733988 0.000781637 0.00473002 0.00599859 0.00070896 0.00416487 0.00733988 0.000781637 0.00305271 0.00632205 0.00156815 0.00416487 0.00733988 0.000781637 0.00553556 0.00833298 0.000911794 0.00416487 0.00733988 0.000781637 0.00441678 0.00797202 0.00237309 0.00383707 0.00278756 0.00295935 0.00480584 0.0036672 0.00233214 0.00383707 0.00278756 0.00295935 0.00404444 0.00354033 0.00415729 0.00383707 0.00278756 0.00295935 0.00370868 0.00303156 0.00153688 0.00383707 0.00278756 0.00295935 0.0038018 0.00114615 0.00323768 0.000824099 0.00186506 0.00345623 0.0021893 0.00145485 0.00378474 0.000824099 0.00186506 0.00345623 0.00137238 0.00294403 0.00222072 0.000824099 0.00186506 0.00345623 -0.000238434520482899 0.0006071 0.002972 0.00462302 0.00547643 0.00630245 0.00404294 0.00422473 0.00688685 0.00462302 0.00547643 0.00630245 0.00454974 0.00463405 0.00514373 0.00462302 0.00547643 0.00630245 0.00373581 0.00646752 0.00671589 0.00462302 0.00547643 0.00630245 0.00587621 0.00644528 0.00561243 0.00243676 0.00666104 0.00589304 0.00254897 0.00527953 0.00594121 0.00243676 0.00666104 0.00589304 0.00295912 0.00597986 0.0047205 0.00243676 0.00666104 0.00589304 0.00258886 0.00766711 0.00460223 0.00243676 0.00666104 0.00589304 0.00333642 0.00806874 0.00626156 0.00243676 0.00666104 0.00589304 0.00115686 0.00773546 0.00624896 0.00565763 0.00305307 0.00437199 0.00597642 0.00433971 0.00490476 0.00565763 0.00305307 0.00437199 0.00459023 0.00207244 0.00453637 0.00565763 0.00305307 0.00437199 0.00465256 0.00319589 0.00546775 0.00565763 0.00305307 0.00437199 0.00600926 0.00188524 0.00559096 0.00309381 0.00200106 0.000699611 0.00240708 0.00329471 0.000714153 0.00309381 0.00200106 0.000699611 0.00370868 0.00303156 0.00153688 0.00167841 0.00494925 0.00198654 0.00269831 0.00394547 0.00198324 0.00167841 0.00494925 0.00198654 0.000313572 0.00513955 0.00292455 0.00240708 0.00329471 0.000714153 0.00269831 0.00394547 0.00198324 0.00240708 0.00329471 0.000714153 0.000991352 0.00374311 0.00073265 0.00620247 0.00374995 0.00274672 0.00480584 0.0036672 0.00233214 0.00620247 0.00374995 0.00274672 0.00671406 0.00503504 0.00178645 0.00620247 0.00374995 0.00274672 0.00741789 0.00364077 0.00392059 0.00458451 0.00111028 0.00566601 0.00459023 0.00207244 0.00453637 0.00458451 0.00111028 0.00566601 0.00542535 0.000587188 0.00429682 0.00458451 0.00111028 0.00566601 0.00319712 0.000705191 0.00501535 0.00458451 0.00111028 0.00566601 0.00600926 0.00188524 0.00559096 0.00458451 0.00111028 0.00566601 0.00572441 0.00022475399999999997 0.00645432 0.00269831 0.00394547 0.00198324 0.00370868 0.00303156 0.00153688 0.00269831 0.00394547 0.00198324 0.00137238 0.00294403 0.00222072 0.00597642 0.00433971 0.00490476 0.00454974 0.00463405 0.00514373 0.00597642 0.00433971 0.00490476 0.00505661 0.00448871 0.00379242 0.00597642 0.00433971 0.00490476 0.00676195 0.00327625 0.00541674 0.00597642 0.00433971 0.00490476 0.00694441 0.00551392 0.0042525 0.00445311 0.00604776 0.00474212 0.00454974 0.00463405 0.00514373 0.00445311 0.00604776 0.00474212 0.00373246 0.00510232 0.00387228 0.00445311 0.00604776 0.00474212 0.00295912 0.00597986 0.0047205 0.00445311 0.00604776 0.00474212 0.00455758 0.00777836 0.00473402 0.00445311 0.00604776 0.00474212 0.00587621 0.00644528 0.00561243 0.00325307 0.00293117 0.00593822 0.00465256 0.00319589 0.00546775 0.00404294 0.00422473 0.00688685 0.00387253 0.00308816 0.00784807 0.00563096 0.00649716 0.00389849 0.00566789 0.00784411 0.0034864 0.00563096 0.00649716 0.00389849 0.00587621 0.00644528 0.00561243 0.00563096 0.00649716 0.00389849 0.00694441 0.00551392 0.0042525 0.0021893 0.00145485 0.00378474 0.00319055 0.00236471 0.0042585 0.0021893 0.00145485 0.00378474 0.00172812 0.00063637 0.00235653 0.0021893 0.00145485 0.00378474 0.0038018 0.00114615 0.00323768 0.0021893 0.00145485 0.00378474 0.0016731 0.00262725 0.00496941 0.0021893 0.00145485 0.00378474 0.00103817 0.00024089500000000008 0.00479257 0.00464825 0.00136576 0.000698796 0.00498372 0.00236159 0.00168084 0.00464825 0.00136576 0.000698796 0.00590257 0.00021367900000000004 0.000836078 0.00454974 0.00463405 0.00514373 0.00315173 0.00428673 0.0050097 0.00454974 0.00463405 0.00514373 0.00505661 0.00448871 0.00379242 0.00454974 0.00463405 0.00514373 0.00465256 0.00319589 0.00546775 0.00480584 0.0036672 0.00233214 0.00498372 0.00236159 0.00168084 0.00480584 0.0036672 0.00233214 0.00370868 0.00303156 0.00153688 0.00407041 0.00418449 0.000718393 0.00370868 0.00303156 0.00153688 0.0025811 0.00347024 0.00719103 0.00207476 0.0039517 0.00590028 0.0025811 0.00347024 0.00719103 0.00387253 0.00308816 0.00784807 0.0025811 0.00347024 0.00719103 0.00252536 0.00508435 0.0075975 0.0025811 0.00347024 0.00719103 0.00239334 0.00202352 0.00797318 0.00404444 0.00354033 0.00415729 0.00315173 0.00428673 0.0050097 0.00404444 0.00354033 0.00415729 0.00505661 0.00448871 0.00379242 0.00404444 0.00354033 0.00415729 0.00465256 0.00319589 0.00546775 0.00404444 0.00354033 0.00415729 0.00319055 0.00236471 0.0042585 0.00315173 0.00428673 0.0050097 0.00254897 0.00527953 0.00594121 0.00315173 0.00428673 0.0050097 0.00207476 0.0039517 0.00590028 0.000991352 0.00374311 0.00073265 0.00137238 0.00294403 0.00222072 0.00254897 0.00527953 0.00594121 0.00295912 0.00597986 0.0047205 0.00254897 0.00527953 0.00594121 0.00207476 0.0039517 0.00590028 0.00254897 0.00527953 0.00594121 0.00252536 0.00508435 0.0075975 0.00109119 0.0043924 0.00685899 0.00207476 0.0039517 0.00590028 0.00109119 0.0043924 0.00685899 0.00107084 0.0034061 0.00787922 0.00109119 0.0043924 0.00685899 0.000934031 0.00603246 0.00713376 0.00109119 0.0043924 0.00685899 0.00030880300000000007 0.0039398 0.00547561 0.0023501 0.00512665 0.00331874 0.00373246 0.00510232 0.00387228 0.0023501 0.00512665 0.00331874 0.00145415 0.00416532 0.00400986 0.00498372 0.00236159 0.00168084 0.00370868 0.00303156 0.00153688 0.00498372 0.00236159 0.00168084 0.00556289 0.0009632249999999998 0.00247785 0.00505661 0.00448871 0.00379242 0.00373246 0.00510232 0.00387228 0.00459023 0.00207244 0.00453637 0.00465256 0.00319589 0.00546775 0.00459023 0.00207244 0.00453637 0.00319055 0.00236471 0.0042585 0.00459023 0.00207244 0.00453637 0.00542535 0.000587188 0.00429682 0.00373246 0.00510232 0.00387228 0.00295912 0.00597986 0.0047205 0.00465256 0.00319589 0.00546775 0.00545549 0.0031117 0.00696944 0.00145415 0.00416532 0.00400986 -7.213452048289914e-05 0.00340932 0.0037031 0.00676195 0.00327625 0.00541674 0.00600926 0.00188524 0.00559096 0.00676195 0.00327625 0.00541674 0.007323 0.0026099 0.00685507 0.00676195 0.00327625 0.00541674 0.00773543 0.00453039 0.00570935 0.00676195 0.00327625 0.00541674 0.00741789 0.00364077 0.00392059 0.00566789 0.00784411 0.0034864 0.00441678 0.00797202 0.00237309 0.00566789 0.00784411 0.0034864 0.00455758 0.00777836 0.00473402 0.00566789 0.00784411 0.0034864 0.00725695 0.00730089 0.00375739 0.00566789 0.00784411 0.0034864 0.00693064 0.00892168 0.00240657 0.00319055 0.00236471 0.0042585 0.0038018 0.00114615 0.00323768 0.00319055 0.00236471 0.0042585 0.0016731 0.00262725 0.00496941 0.00295912 0.00597986 0.0047205 0.00258886 0.00766711 0.00460223 0.00207476 0.0039517 0.00590028 0.0016731 0.00262725 0.00496941 0.00107084 0.0034061 0.00787922 0.000733576 0.00217845 0.00699596 0.00107084 0.0034061 0.00787922 0.00109959 0.00464029 0.0088018 0.00260881 0.00581559 0.0113615 0.00281255 0.00436102 0.0113974 0.00260881 0.00581559 0.0113615 0.00163826 0.00485313 0.0108509 0.00260881 0.00581559 0.0113615 0.00317104 0.0058722 0.00998965 0.00260881 0.00581559 0.0113615 0.00269955 0.00658929 0.0128642 0.00385955 0.00257592 0.0136951 0.00471455 0.00219908 0.0147284 0.00385955 0.00257592 0.0136951 0.00425412 0.00310114 0.0121945 0.00385955 0.00257592 0.0136951 0.00227524 0.00212195 0.0135512 0.00249711 0.00457153 0.00972632 0.00263714 0.00343344 0.00882758 0.00249711 0.00457153 0.00972632 0.0020821 0.00325175 0.0101765 0.00249711 0.00457153 0.00972632 0.00163826 0.00485313 0.0108509 0.00249711 0.00457153 0.00972632 0.00317104 0.0058722 0.00998965 0.00249711 0.00457153 0.00972632 0.00388113 0.00455255 0.00877323 0.00249711 0.00457153 0.00972632 0.00109959 0.00464029 0.0088018 0.00654532 0.0011856 0.0103844 0.00604792 0.002773 0.0106456 0.00654532 0.0011856 0.0103844 0.00595046 -0.0001632345204829 0.00967159 0.00654532 0.0011856 0.0103844 0.00702753 0.00166886 0.0119499 0.00654532 0.0011856 0.0103844 0.00815833 0.00160333 0.0102813 0.00281255 0.00436102 0.0113974 0.00264022 0.00335146 0.0124715 0.00281255 0.00436102 0.0113974 0.00149027 0.00377653 0.0117125 0.00281255 0.00436102 0.0113974 0.00163826 0.00485313 0.0108509 0.00281255 0.00436102 0.0113974 0.00440943 0.00467188 0.0112547 0.0012593 0.00594823 0.0121984 0.00127252 0.00604289 0.0136457 0.0012593 0.00594823 0.0121984 0.00269955 0.00658929 0.0128642 0.0012593 0.00594823 0.0121984 0.00016250300000000004 0.0048029 0.0116243 0.0012593 0.00594823 0.0121984 -0.00033713452048289875 0.00691897 0.0115208 0.00519393 0.00241209 0.008486 0.00394221 0.00169723 0.00835174 0.00519393 0.00241209 0.008486 0.00509419 0.00131354 0.00757874 0.00519393 0.00241209 0.008486 0.00562562 0.00398589 0.00865939 0.00519393 0.00241209 0.008486 0.00545549 0.0031117 0.00696944 0.00519393 0.00241209 0.008486 0.00480249 0.00132654 0.0097222 0.00519393 0.00241209 0.008486 0.0064966 0.00132546 0.00849512 0.00471455 0.00219908 0.0147284 0.00544248 0.00140015 0.0134553 0.00471455 0.00219908 0.0147284 0.00547441 0.00337156 0.0137071 0.00295215 0.00220701 0.00959101 0.00263714 0.00343344 0.00882758 0.00295215 0.00220701 0.00959101 0.0020821 0.00325175 0.0101765 0.00295215 0.00220701 0.00959101 0.0042636 0.00317551 0.0100336 0.00295215 0.00220701 0.00959101 0.00239334 0.00202352 0.00797318 0.00295215 0.00220701 0.00959101 0.00355582 0.00172117 0.0111214 0.00295215 0.00220701 0.00959101 0.00287908 0.000577227 0.00913794 0.00362784 0.00562755 0.0146206 0.00497851 0.00546468 0.0139888 0.00173811 0.0032097 0.0146956 0.00296558 0.00389389 0.0143585 0.00173811 0.0032097 0.0146956 0.00227524 0.00212195 0.0135512 0.00173811 0.0032097 0.0146956 8.572219999999995e-05 0.00286382 0.0144437 0.00542596 0.00202307 0.0119405 0.00425412 0.00310114 0.0121945 0.00542596 0.00202307 0.0119405 0.00604792 0.002773 0.0106456 0.00542596 0.00202307 0.0119405 0.00544248 0.00140015 0.0134553 0.00542596 0.00202307 0.0119405 0.00482688 0.000512197 0.0118353 0.00542596 0.00202307 0.0119405 0.00702753 0.00166886 0.0119499 0.00538123 0.00572677 0.0105422 0.00622856 0.00492806 0.0113377 0.00538123 0.00572677 0.0105422 0.00563927 0.00430189 0.0102357 0.00538123 0.00572677 0.0105422 0.00643993 0.0067352 0.0104416 0.00538123 0.00572677 0.0105422 0.00481482 0.00591964 0.00919723 0.00538123 0.00572677 0.0105422 0.00440943 0.00467188 0.0112547 0.00538123 0.00572677 0.0105422 0.00476983 0.00718839 0.0103726 0.00538123 0.00572677 0.0105422 0.00653885 0.00550991 0.00928525 0.00622856 0.00492806 0.0113377 0.00563927 0.00430189 0.0102357 0.00622856 0.00492806 0.0113377 0.00578335 0.00370591 0.0120309 0.00622856 0.00492806 0.0113377 0.00767553 0.00428174 0.0107532 0.00622856 0.00492806 0.0113377 0.00675834 0.00628533 0.0125321 0.00387253 0.00308816 0.00784807 0.00394221 0.00169723 0.00835174 0.00387253 0.00308816 0.00784807 0.00388113 0.00455255 0.00877323 0.00195078 0.00615476 0.00883712 0.00252536 0.00508435 0.0075975 0.00195078 0.00615476 0.00883712 0.00251721 0.00715618 0.00761096 0.00195078 0.00615476 0.00883712 0.0007527110000000001 0.00591898 0.00999697 0.00195078 0.00615476 0.00883712 0.00109959 0.00464029 0.0088018 0.00520461 0.0047677 0.0127617 0.00497851 0.00546468 0.0139888 0.00520461 0.0047677 0.0127617 0.00578335 0.00370591 0.0120309 0.00520461 0.0047677 0.0127617 0.00440943 0.00467188 0.0112547 0.00520461 0.0047677 0.0127617 0.00350882 0.00479014 0.0130179 0.00520461 0.0047677 0.0127617 0.00456702 0.00626744 0.0122496 0.00520461 0.0047677 0.0127617 0.00547441 0.00337156 0.0137071 0.00127252 0.00604289 0.0136457 0.00269955 0.00658929 0.0128642 0.00127252 0.00604289 0.0136457 0.000710054 0.00472505 0.014483 0.00127252 0.00604289 0.0136457 0.00154874 0.00782244 0.0142834 0.00563927 0.00430189 0.0102357 0.00562562 0.00398589 0.00865939 0.00563927 0.00430189 0.0102357 0.00440943 0.00467188 0.0112547 0.00563927 0.00430189 0.0102357 0.00604792 0.002773 0.0106456 0.00264022 0.00335146 0.0124715 0.00149027 0.00377653 0.0117125 0.00264022 0.00335146 0.0124715 0.00182344 0.0042919 0.0132473 0.00264022 0.00335146 0.0124715 0.00183451 0.00218047 0.0114743 0.00264022 0.00335146 0.0124715 0.00425412 0.00310114 0.0121945 0.00264022 0.00335146 0.0124715 0.00227524 0.00212195 0.0135512 0.00350683 0.00729453 0.0115167 0.00456702 0.00626744 0.0122496 0.00350683 0.00729453 0.0115167 0.00476983 0.00718839 0.0103726 0.00350683 0.00729453 0.0115167 0.00278963 0.00873315 0.0111687 0.00350683 0.00729453 0.0115167 0.00269955 0.00658929 0.0128642 0.00456492 0.00691828 0.00816202 0.00481482 0.00591964 0.00919723 0.00456492 0.00691828 0.00816202 0.00344905 0.00612202 0.00855544 0.00456492 0.00691828 0.00816202 0.00510453 0.00781496 0.00687343 0.00456492 0.00691828 0.00816202 0.00342205 0.00766717 0.00918862 0.00456492 0.00691828 0.00816202 0.00615282 0.00787564 0.0088473 0.00643993 0.0067352 0.0104416 0.00476983 0.00718839 0.0103726 0.00643993 0.0067352 0.0104416 0.00653885 0.00550991 0.00928525 0.00643993 0.0067352 0.0104416 0.00615282 0.00787564 0.0088473 0.00643993 0.0067352 0.0104416 0.00616276 0.00838439 0.011438 0.000934931 0.00287176 0.0130233 0.00015882599999999993 0.00401923 0.0131061 0.000934931 0.00287176 0.0130233 0.00227524 0.00212195 0.0135512 0.000934931 0.00287176 0.0130233 8.69610000000002e-06 0.00246912 0.011775 0.000934931 0.00287176 0.0130233 8.572219999999995e-05 0.00286382 0.0144437 0.00481482 0.00591964 0.00919723 0.00388113 0.00455255 0.00877323 0.00481482 0.00591964 0.00919723 0.00476983 0.00718839 0.0103726 0.00497851 0.00546468 0.0139888 0.0043641 0.0042775 0.01465 0.00497851 0.00546468 0.0139888 0.00542507 0.00699841 0.0144955 0.00497851 0.00546468 0.0139888 0.00654613 0.0048767 0.0143978 0.000158826 0.00401923 0.0131061 0.000162503 0.0048029 0.0116243 0.000158826 0.00401923 0.0131061 0.0007100539999999999 0.00472505 0.014483 0.000158826 0.00401923 0.0131061 -0.00044833452048290053 0.00564991 0.0132327 0.00263714 0.00343344 0.00882758 0.0020821 0.00325175 0.0101765 0.00263714 0.00343344 0.00882758 0.00388113 0.00455255 0.00877323 0.00263714 0.00343344 0.00882758 0.00239334 0.00202352 0.00797318 0.0020821 0.00325175 0.0101765 0.00183451 0.00218047 0.0114743 0.0020821 0.00325175 0.0101765 0.00100938 0.00169558 0.00953593 0.00394221 0.00169723 0.00835174 0.00509419 0.00131354 0.00757874 0.00394221 0.00169723 0.00835174 0.00239334 0.00202352 0.00797318 0.00394221 0.00169723 0.00835174 0.00480249 0.00132654 0.0097222 0.00394221 0.00169723 0.00835174 0.00287908 0.000577227 0.00913794 0.00149027 0.00377653 0.0117125 0.00163826 0.00485313 0.0108509 0.00149027 0.00377653 0.0117125 0.00183451 0.00218047 0.0114743 0.00149027 0.00377653 0.0117125 0.00016250300000000004 0.0048029 0.0116243 0.00163826 0.00485313 0.0108509 0.00016250300000000004 0.0048029 0.0116243 0.00163826 0.00485313 0.0108509 0.000752711 0.00591898 0.00999697 0.00182344 0.0042919 0.0132473 0.0007100539999999999 0.00472505 0.014483 0.00578335 0.00370591 0.0120309 0.00425412 0.00310114 0.0121945 0.00578335 0.00370591 0.0120309 0.00604792 0.002773 0.0106456 0.00578335 0.00370591 0.0120309 0.00547441 0.00337156 0.0137071 0.00578335 0.00370591 0.0120309 0.00732844 0.0036583 0.0125369 0.00296558 0.00389389 0.0143585 0.0043641 0.0042775 0.01465 0.00296558 0.00389389 0.0143585 0.00350882 0.00479014 0.0130179 0.00509419 0.00131354 0.00757874 0.0045511 -7.563452048289982e-05 0.00830831 0.00509419 0.00131354 0.00757874 0.00572441 0.00022475399999999997 0.00645432 0.00509419 0.00131354 0.00757874 0.0064966 0.00132546 0.00849512 0.00317104 0.0058722 0.00998965 0.00344905 0.00612202 0.00855544 0.00344905 0.00612202 0.00855544 0.00252536 0.00508435 0.0075975 0.00344905 0.00612202 0.00855544 0.00388113 0.00455255 0.00877323 0.00344905 0.00612202 0.00855544 0.00251721 0.00715618 0.00761096 0.00344905 0.00612202 0.00855544 0.00342205 0.00766717 0.00918862 0.00373581 0.00646752 0.00671589 0.00251721 0.00715618 0.00761096 0.00373581 0.00646752 0.00671589 0.00333642 0.00806874 0.00626156 0.0043641 0.0042775 0.01465 0.00547441 0.00337156 0.0137071 0.00183451 0.00218047 0.0114743 0.00355582 0.00172117 0.0111214 0.00183451 0.00218047 0.0114743 8.696099999999912e-06 0.00246912 0.011775 0.00183451 0.00218047 0.0114743 0.000912975 0.0006826760000000001 0.0126726 0.00183451 0.00218047 0.0114743 0.00100938 0.00169558 0.00953593 0.00562562 0.00398589 0.00865939 0.00388113 0.00455255 0.00877323 0.00562562 0.00398589 0.00865939 0.00545549 0.0031117 0.00696944 0.00562562 0.00398589 0.00865939 0.00699238 0.00440308 0.00741088 0.00562562 0.00398589 0.00865939 0.00721384 0.00298798 0.0091964 0.00562562 0.00398589 0.00865939 0.00653885 0.00550991 0.00928525 0.00440943 0.00467188 0.0112547 0.00350882 0.00479014 0.0130179 0.00440943 0.00467188 0.0112547 0.00425412 0.00310114 0.0121945 0.00440943 0.00467188 0.0112547 0.00456702 0.00626744 0.0122496 0.00440943 0.00467188 0.0112547 0.0042636 0.00317551 0.0100336 0.00350882 0.00479014 0.0130179 0.00456702 0.00626744 0.0122496 0.00350882 0.00479014 0.0130179 0.00269955 0.00658929 0.0128642 0.00252536 0.00508435 0.0075975 0.00388113 0.00455255 0.00877323 0.00252536 0.00508435 0.0075975 0.0009340310000000001 0.00603246 0.00713376 0.00252536 0.00508435 0.0075975 0.00109959 0.00464029 0.0088018 0.00425412 0.00310114 0.0121945 0.00355582 0.00172117 0.0111214 0.00425412 0.00310114 0.0121945 0.00547441 0.00337156 0.0137071 0.00604792 0.002773 0.0106456 0.0042636 0.00317551 0.0100336 0.00604792 0.002773 0.0106456 0.00702753 0.00166886 0.0119499 0.00604792 0.002773 0.0106456 0.00721384 0.00298798 0.0091964 0.00227524 0.00212195 0.0135512 0.00332029 0.0008342929999999998 0.0144577 0.00227524 0.00212195 0.0135512 0.0009129749999999999 0.0006826760000000001 0.0126726 0.00456702 0.00626744 0.0122496 0.00269955 0.00658929 0.0128642 0.00456702 0.00626744 0.0122496 0.004154 0.0077511 0.0133558 0.00456702 0.00626744 0.0122496 0.00675834 0.00628533 0.0125321 0.00388113 0.00455255 0.00877323 0.0042636 0.00317551 0.0100336 0.00545549 0.0031117 0.00696944 0.00600926 0.00188524 0.00559096 0.00545549 0.0031117 0.00696944 0.007323 0.0026099 0.00685507 0.0042636 0.00317551 0.0100336 0.00480249 0.00132654 0.0097222 0.0042636 0.00317551 0.0100336 0.00355582 0.00172117 0.0111214 0.00239334 0.00202352 0.00797318 0.00219293 0.001309 0.00631781 0.00239334 0.00202352 0.00797318 0.00287908 0.000577227 0.00913794 0.00239334 0.00202352 0.00797318 0.0007335760000000001 0.00217845 0.00699596 0.00239334 0.00202352 0.00797318 0.00100938 0.00169558 0.00953593 0.00476983 0.00718839 0.0103726 0.00342205 0.00766717 0.00918862 0.00476983 0.00718839 0.0103726 0.00615282 0.00787564 0.0088473 0.00476983 0.00718839 0.0103726 0.00616276 0.00838439 0.011438 0.00259132 0.0143906 0.00580712 0.00294648 0.0127828 0.00687239 0.00259132 0.0143906 0.00580712 0.00430301 0.0144772 0.00481447 0.00259132 0.0143906 0.00580712 0.00319712 0.016075825520482902 0.00501535 0.00259132 0.0143906 0.00580712 0.0043597 0.0142582 0.00667705 0.00259132 0.0143906 0.00580712 0.00283708 0.0145578 0.00775766 0.00259132 0.0143906 0.00580712 0.0005255519999999999 0.0136627 0.00617154 0.00259132 0.0143906 0.00580712 0.00103817 0.015611529520482899 0.00479257 0.00328903 0.0130953 0.00397243 0.00430301 0.0144772 0.00481447 0.00328903 0.0130953 0.00397243 0.00141638 0.0129734 0.0043902 0.00328903 0.0130953 0.00397243 0.00212689 0.0116653 0.00323423 0.00328903 0.0130953 0.00397243 0.00269172 0.0131191 0.00212856 0.00328903 0.0130953 0.00397243 0.00465095 0.0131662 0.00257921 0.00328903 0.0130953 0.00397243 0.00327488 0.0113182 0.00468362 0.00328903 0.0130953 0.00397243 0.00274957 0.0149425 0.00371131 0.00501016 0.0113593 0.00714011 0.00576803 0.00966174 0.00716284 0.00501016 0.0113593 0.00714011 0.0034132 0.0106136 0.00647951 0.00501016 0.0113593 0.00714011 0.00439705 0.0124432 0.00568079 0.00501016 0.0113593 0.00714011 0.00498411 0.0106082 0.0053567 0.00501016 0.0113593 0.00714011 0.00398609 0.010928 0.00875683 0.00501016 0.0113593 0.00714011 0.00478249 0.0129927 0.00801522 0.00501016 0.0113593 0.00714011 0.00659273 0.0114339 0.00852828 0.00228304 0.00803389 0.000857206 0.0017631 0.00938757 0.00199862 0.00228304 0.00803389 0.000857206 0.00259126 0.00779917 0.00274409 0.00228304 0.00803389 0.000857206 0.00384654 0.00924903 0.000925913 0.00335047 0.0105468 0.00224964 0.00432909 0.0116158 0.000939439 0.00335047 0.0105468 0.00224964 0.0017631 0.00938757 0.00199862 0.00335047 0.0105468 0.00224964 0.00212689 0.0116653 0.00323423 0.00335047 0.0105468 0.00224964 0.00463623 0.0114355 0.00337997 0.00335047 0.0105468 0.00224964 0.00384654 0.00924903 0.000925913 0.00335047 0.0105468 0.00224964 0.00227344 0.0098482 0.00368116 0.00542535 0.000587188 0.00429682 0.00620106 -0.0011477345204828997 0.00488908 0.00542535 0.000587188 0.00429682 0.00430301 -0.000893434520482899 0.00481447 0.00542535 0.000587188 0.00429682 0.00556289 0.000963225 0.00247785 0.00542535 0.000587188 0.00429682 0.00600926 0.00188524 0.00559096 0.00542535 0.000587188 0.00429682 0.00682469 0.00182393 0.00379258 0.00542535 0.000587188 0.00429682 0.00719158 0.00040665 0.00507761 0.00294648 0.0127828 0.00687239 0.00439705 0.0124432 0.00568079 0.00294648 0.0127828 0.00687239 0.00283708 0.0145578 0.00775766 0.00294648 0.0127828 0.00687239 0.00311557 0.0126145 0.00882109 0.00294648 0.0127828 0.00687239 0.00231572 0.0112203 0.00785005 0.00294648 0.0127828 0.00687239 0.00147994 0.0132345 0.00802318 0.00294648 0.0127828 0.00687239 0.0014234 0.0114201 0.00597474 0.00432909 0.0116158 0.000939439 0.00572876 0.0107624 0.00198586 0.00432909 0.0116158 0.000939439 0.00623524 0.0127751 0.00113916 0.00620106 0.0142229 0.00488908 0.00430301 0.0144772 0.00481447 0.00620106 0.0142229 0.00488908 0.00604007 0.0144873 0.00296167 0.00620106 0.0142229 0.00488908 0.00614252 0.0126645 0.00377003 0.00620106 0.0142229 0.00488908 0.00594973 0.0131552 0.00643233 0.00620106 0.0142229 0.00488908 0.00719158 0.0157772845204829 0.00507761 0.00430301 0.0144772 0.00481447 0.00319712 0.0160758255204829 0.00501535 0.00430301 0.0144772 0.00481447 0.0043597 0.0142582 0.00667705 0.00430301 0.0144772 0.00481447 0.00274957 0.0149425 0.00371131 0.00604007 0.0144873 0.00296167 0.00614252 0.0126645 0.00377003 0.00604007 0.0144873 0.00296167 0.00465095 0.0131662 0.00257921 0.00604007 0.0144873 0.00296167 0.00556289 0.0163338595204829 0.00247785 0.00604007 0.0144873 0.00296167 0.00822439 0.0143232 0.0027509 0.0017631 0.00938757 0.00199862 0.00259126 0.00779917 0.00274409 0.0017631 0.00938757 0.00199862 0.00026435400000000006 0.00949975 0.0007625309999999999 0.0017631 0.00938757 0.00199862 0.00227344 0.0098482 0.00368116 0.0017631 0.00938757 0.00199862 -5.6534520482898545e-05 0.00972122 0.00245086 0.00356986 0.00942064 0.00500638 0.00167637 0.00929146 0.00535061 0.00356986 0.00942064 0.00500638 0.00481993 0.00952649 0.00347025 0.00356986 0.00942064 0.00500638 0.0034132 0.0106136 0.00647951 0.00356986 0.00942064 0.00500638 0.00455758 0.00777836 0.00473402 0.00356986 0.00942064 0.00500638 0.00327488 0.0113182 0.00468362 0.00356986 0.00942064 0.00500638 0.00227344 0.0098482 0.00368116 0.00356986 0.00942064 0.00500638 0.00498411 0.0106082 0.0053567 0.00356986 0.00942064 0.00500638 0.00333642 0.00806874 0.00626156 0.00751931 0.0119472 0.00256874 0.00614252 0.0126645 0.00377003 0.00751931 0.0119472 0.00256874 0.00932966 0.0125175 0.00266805 0.00751931 0.0119472 0.00256874 0.00820809 0.0126753 0.00426418 0.00751931 0.0119472 0.00256874 0.00828293 0.0103259 0.00366929 0.00751931 0.0119472 0.00256874 0.00623524 0.0127751 0.00113916 0.00216158 0.00930134 0.00720574 0.00167637 0.00929146 0.00535061 0.00216158 0.00930134 0.00720574 0.0034132 0.0106136 0.00647951 0.00216158 0.00930134 0.00720574 0.00333642 0.00806874 0.00626156 0.00216158 0.00930134 0.00720574 0.00400753 0.00912804 0.00789581 0.00216158 0.00930134 0.00720574 0.00223104 0.00981794 0.00910154 0.00216158 0.00930134 0.00720574 0.0004113229999999999 0.0102244 0.0080913 0.00590257 0.000213679 0.000836078 0.00462037 -0.001211234520482898 0.000865386 0.00590257 0.000213679 0.000836078 0.00556289 0.000963225 0.00247785 0.00590257 0.000213679 0.000836078 0.00766469 -0.0003413345204828981 0.000864176 0.00172812 0.00063637 0.00235653 0.000751966 0.00154404 0.000946122 0.00172812 0.00063637 0.00235653 0.00120119 -0.0011480345204828997 0.00292881 0.00167637 0.00929146 0.00535061 0.00227344 0.0098482 0.00368116 0.00167637 0.00929146 0.00535061 0.00115686 0.00773546 0.00624896 0.00167637 0.00929146 0.00535061 0.0014234 0.0114201 0.00597474 0.00167637 0.00929146 0.00535061 -0.0004288345204828993 0.00927708 0.00600209 0.00259126 0.00779917 0.00274409 0.00305271 0.00632205 0.00156815 0.00259126 0.00779917 0.00274409 0.00258886 0.00766711 0.00460223 0.00259126 0.00779917 0.00274409 0.00441678 0.00797202 0.00237309 0.00259126 0.00779917 0.00274409 0.00119152 0.00667294 0.00208604 0.00259126 0.00779917 0.00274409 0.0006600339999999999 0.0080941 0.00371508 0.00576803 0.00966174 0.00716284 0.00510453 0.00781496 0.00687343 0.00576803 0.00966174 0.00716284 0.00400753 0.00912804 0.00789581 0.00576803 0.00966174 0.00716284 0.00691409 0.00838279 0.0059281 0.00720794 0.0103483 0.000861014 0.00572876 0.0107624 0.00198586 0.00720794 0.0103483 0.000861014 0.0084105 0.00882759 0.000870243 0.00720794 0.0103483 0.000861014 0.00693064 0.00892168 0.00240657 0.00141638 0.0129734 0.0043902 0.00212689 0.0116653 0.00323423 0.00141638 0.0129734 0.0043902 -0.0005465345204828994 0.0128984 0.00442098 0.00141638 0.0129734 0.0043902 0.00120119 0.0142226 0.00292881 0.00141638 0.0129734 0.0043902 0.0014234 0.0114201 0.00597474 0.00141638 0.0129734 0.0043902 0.000525552 0.0136627 0.00617154 0.00305271 0.00632205 0.00156815 0.00119152 0.00667294 0.00208604 0.00212689 0.0116653 0.00323423 0.0005850059999999999 0.0124561 0.00251583 0.00212689 0.0116653 0.00323423 0.00269172 0.0131191 0.00212856 0.00212689 0.0116653 0.00323423 0.00327488 0.0113182 0.00468362 0.00212689 0.0116653 0.00323423 0.00227344 0.0098482 0.00368116 0.00614252 0.0126645 0.00377003 0.00463623 0.0114355 0.00337997 0.00614252 0.0126645 0.00377003 0.00465095 0.0131662 0.00257921 0.00614252 0.0126645 0.00377003 0.00629939 0.0107588 0.00405667 0.00319712 0.000705191 0.00501535 0.0038018 0.00114615 0.00323768 0.00319712 0.000705191 0.00501535 0.00219293 0.001309 0.00631781 0.00319712 0.000705191 0.00501535 0.00274957 -0.0004281345204828991 0.00371131 0.00319712 0.000705191 0.00501535 0.0010381700000000002 0.00024089499999999998 0.00479257 0.0152785 0.00761056 0.000955512 0.0156349885204829 0.00949975 0.000762531 0.0152785 0.00761056 0.000955512 0.0165621545204829 0.00667294 0.00208604 0.0152785 0.00761056 0.000955512 0.0146528 0.00676662 0.00257973 0.0038018 0.00114615 0.00323768 0.00274957 -0.0004281345204829002 0.00371131 0.0038018 0.00114615 0.00323768 0.00556289 0.000963225 0.00247785 0.0038018 0.00114615 0.00323768 0.00379798 -0.0005308345204828992 0.00231428 0.000934031 0.00603246 0.00713376 0.00251721 0.00715618 0.00761096 0.000934031 0.00603246 0.00713376 -0.0005508345204829 0.00690722 0.00622771 0.000934031 0.00603246 0.00713376 0.00115686 0.00773546 0.00624896 0.000934031 0.00603246 0.00713376 0.000699942 0.00779799 0.00838517 0.00258886 0.00766711 0.00460223 0.00455758 0.00777836 0.00473402 0.00258886 0.00766711 0.00460223 0.00333642 0.00806874 0.00626156 0.00258886 0.00766711 0.00460223 0.0006600339999999999 0.0080941 0.00371508 0.000585006 0.0124561 0.00251583 0.00106238 0.0133923 0.0009096 0.000585006 0.0124561 0.00251583 0.00120119 0.0142226 0.00292881 0.000585006 0.0124561 0.00251583 -0.0008678345204829002 0.011677 0.00119504 0.00251721 0.00715618 0.00761096 0.00333642 0.00806874 0.00626156 0.00251721 0.00715618 0.00761096 0.00342205 0.00766717 0.00918862 0.00251721 0.00715618 0.00761096 0.0006999419999999998 0.00779799 0.00838517 0.000264354 0.00949975 0.000762531 -5.6534520482898166e-05 0.00972122 0.00245086 0.000264354 0.00949975 0.000762531 -0.001844034520482899 0.0095067 0.00111303 0.00553556 0.00833298 0.000911794 0.00441678 0.00797202 0.00237309 0.00553556 0.00833298 0.000911794 0.00384654 0.00924903 0.000925913 0.00553556 0.00833298 0.000911794 0.00651799 0.00668516 0.000905134 0.00553556 0.00833298 0.000911794 0.00693064 0.00892168 0.00240657 0.00462037 0.0141594 0.000865386 0.0027212 0.0145016 0.000843682 0.00462037 0.0141594 0.000865386 0.00465095 0.0131662 0.00257921 0.00462037 0.0141594 0.000865386 0.00379798 0.0148398 0.00231428 0.00462037 0.0141594 0.000865386 0.00623524 0.0127751 0.00113916 0.0027212 0.0145016 0.000843682 0.00269172 0.0131191 0.00212856 0.0027212 0.0145016 0.000843682 0.00106238 0.0133923 0.0009096 0.0027212 0.0145016 0.000843682 0.00379798 0.0148398 0.00231428 0.0043597 0.0142582 0.00667705 0.00594973 0.0131552 0.00643233 0.0043597 0.0142582 0.00667705 0.00283708 0.0145578 0.00775766 0.0043597 0.0142582 0.00667705 0.0045511 0.015295 0.00830831 0.0043597 0.0142582 0.00667705 0.00478249 0.0129927 0.00801522 0.0043597 0.0142582 0.00667705 0.00572441 0.0155953885204829 0.00645432 0.00463623 0.0114355 0.00337997 0.00465095 0.0131662 0.00257921 0.00463623 0.0114355 0.00337997 0.00481993 0.00952649 0.00347025 0.00463623 0.0114355 0.00337997 0.00572876 0.0107624 0.00198586 0.00463623 0.0114355 0.00337997 0.00327488 0.0113182 0.00468362 0.00463623 0.0114355 0.00337997 0.00629939 0.0107588 0.00405667 0.00465095 0.0131662 0.00257921 0.00379798 0.0148398 0.00231428 0.00465095 0.0131662 0.00257921 0.00623524 0.0127751 0.00113916 0.00219293 0.001309 0.00631781 0.0016731 0.00262725 0.00496941 0.00219293 0.001309 0.00631781 0.0007335760000000001 0.00217845 0.00699596 0.00219293 0.001309 0.00631781 0.0005654029999999999 0.000354355 0.00690979 0.00219293 0.001309 0.00631781 0.00103817 0.00024089500000000008 0.00479257 0.00594973 0.0131552 0.00643233 0.00439705 0.0124432 0.00568079 0.00594973 0.0131552 0.00643233 0.00478249 0.0129927 0.00801522 0.00594973 0.0131552 0.00643233 0.00690592 0.0118585 0.00544997 0.00594973 0.0131552 0.00643233 0.00763295 0.012517 0.00711935 0.00594973 0.0131552 0.00643233 0.00695965 0.0144502 0.00775701 0.00441678 0.00797202 0.00237309 0.00481993 0.00952649 0.00347025 0.00572876 0.0107624 0.00198586 0.00693064 0.00892168 0.00240657 0.00572876 0.0107624 0.00198586 0.00623524 0.0127751 0.00113916 0.0034132 0.0106136 0.00647951 0.00327488 0.0113182 0.00468362 0.0034132 0.0106136 0.00647951 0.00498411 0.0106082 0.0053567 0.0034132 0.0106136 0.00647951 0.00231572 0.0112203 0.00785005 0.0034132 0.0106136 0.00647951 0.0014234 0.0114201 0.00597474 0.00455758 0.00777836 0.00473402 0.00333642 0.00806874 0.00626156 0.00439705 0.0124432 0.00568079 0.00327488 0.0113182 0.00468362 0.00439705 0.0124432 0.00568079 0.00498411 0.0106082 0.0053567 0.00106238 0.0133923 0.0009096 -0.00026713452048289857 0.0144722 0.00175213 0.00327488 0.0113182 0.00468362 0.00498411 0.0106082 0.0053567 0.00274957 0.0149425 0.00371131 0.00379798 0.0148398 0.00231428 0.00274957 0.0149425 0.00371131 0.00120119 0.0142226 0.00292881 0.00274957 0.0149425 0.00371131 0.00103817 0.015611529520482899 0.00479257 0.00510453 0.00781496 0.00687343 0.00333642 0.00806874 0.00626156 0.00510453 0.00781496 0.00687343 0.00400753 0.00912804 0.00789581 0.00510453 0.00781496 0.00687343 0.00691409 0.00838279 0.0059281 0.00510453 0.00781496 0.00687343 0.00615282 0.00787564 0.0088473 0.00498411 0.0106082 0.0053567 0.00629939 0.0107588 0.00405667 0.00148262 0.0153631 0.0107595 0.00231489 0.0137423 0.0113891 0.00148262 0.0153631 0.0107595 0.00344061 0.0151986 0.0107898 0.00148262 0.0153631 0.0107595 0.00222899 0.0141651 0.00951726 0.00148262 0.0153631 0.0107595 0.000912975 0.0160533105204829 0.0126726 0.00148262 0.0153631 0.0107595 0.00100938 0.0170662145204829 0.00953593 0.00134173 0.0101439 0.0125238 0.00311327 0.0107393 0.0125524 0.00134173 0.0101439 0.0125238 0.00111278 0.00833443 0.0121173 0.00134173 0.0101439 0.0125238 0.00268507 0.00890698 0.0130007 0.00134173 0.0101439 0.0125238 0.00217771 0.0105967 0.0108431 0.00134173 0.0101439 0.0125238 0.00191649 0.0111513 0.0141111 0.00134173 0.0101439 0.0125238 0.000834479 0.0121481 0.0120516 0.00134173 0.0101439 0.0125238 -0.0007297345204828984 0.00970802 0.0121312 0.00134173 0.0101439 0.0125238 0.00014982899999999998 0.00983017 0.01428 0.000951075 0.00910014 0.0103543 0.00223104 0.00981794 0.00910154 0.000951075 0.00910014 0.0103543 0.00111278 0.00833443 0.0121173 0.000951075 0.00910014 0.0103543 0.00217771 0.0105967 0.0108431 0.000951075 0.00910014 0.0103543 0.00183305 0.00740591 0.0102648 0.000951075 0.00910014 0.0103543 -0.0010553345204828988 0.00877061 0.0096477 0.00400753 0.00912804 0.00789581 0.00398609 0.010928 0.00875683 0.00400753 0.00912804 0.00789581 0.00384943 0.00938234 0.0098493 0.00231489 0.0137423 0.0113891 0.00165923 0.0141052 0.0131391 0.00231489 0.0137423 0.0113891 0.00385393 0.0134308 0.0126255 0.00231489 0.0137423 0.0113891 0.00344061 0.0151986 0.0107898 0.00231489 0.0137423 0.0113891 0.00222899 0.0141651 0.00951726 0.00231489 0.0137423 0.0113891 0.000639354 0.0135149 0.0104042 0.00231489 0.0137423 0.0113891 0.00331165 0.0121809 0.0112324 0.00416517 0.0138961 0.00962788 0.00344061 0.0151986 0.0107898 0.00416517 0.0138961 0.00962788 0.00311557 0.0126145 0.00882109 0.00416517 0.0138961 0.00962788 0.00222899 0.0141651 0.00951726 0.00416517 0.0138961 0.00962788 0.0045511 0.015295 0.00830831 0.00416517 0.0138961 0.00962788 0.00538351 0.0137964 0.0110359 0.00416517 0.0138961 0.00962788 0.00478249 0.0129927 0.00801522 0.00495548 0.0152238 0.014444 0.00544248 0.016770784520482897 0.0134553 0.00495548 0.0152238 0.014444 0.00332029 0.0162049275204829 0.0144577 0.00495548 0.0152238 0.014444 0.0054739 0.0144476 0.0127986 0.00495548 0.0152238 0.014444 0.0032561 0.0142611 0.0144121 0.00495548 0.0152238 0.014444 0.00666479 0.0138719 0.014363 0.00505489 0.0120095 0.00993003 0.00442522 0.0106911 0.011096 0.00505489 0.0120095 0.00993003 0.00398609 0.010928 0.00875683 0.00505489 0.0120095 0.00993003 0.00614858 0.0133987 0.00932192 0.00505489 0.0120095 0.00993003 0.00659273 0.0114339 0.00852828 0.00311327 0.0107393 0.0125524 0.00442522 0.0106911 0.011096 0.00311327 0.0107393 0.0125524 0.00268507 0.00890698 0.0130007 0.00311327 0.0107393 0.0125524 0.00469148 0.0116956 0.0127779 0.00311327 0.0107393 0.0125524 0.00366321 0.0104202 0.0144058 0.00311327 0.0107393 0.0125524 0.00217771 0.0105967 0.0108431 0.00311327 0.0107393 0.0125524 0.00331165 0.0121809 0.0112324 0.00165923 0.0141052 0.0131391 0.00315506 0.0152745 0.0127156 0.00165923 0.0141052 0.0131391 0.000912975 0.0160533105204829 0.0126726 0.00165923 0.0141052 0.0131391 0.000498175 0.0127897 0.0143072 0.00278963 0.00873315 0.0111687 0.00111278 0.00833443 0.0121173 0.00278963 0.00873315 0.0111687 0.00384943 0.00938234 0.0098493 0.00278963 0.00873315 0.0111687 0.00268507 0.00890698 0.0130007 0.00278963 0.00873315 0.0111687 0.00217771 0.0105967 0.0108431 0.00278963 0.00873315 0.0111687 0.00436664 0.00920053 0.0121799 0.00278963 0.00873315 0.0111687 0.00183305 0.00740591 0.0102648 0.00550651 0.00980234 0.00925661 0.00398609 0.010928 0.00875683 0.00550651 0.00980234 0.00925661 0.00384943 0.00938234 0.0098493 0.00550651 0.00980234 0.00925661 0.00659273 0.0114339 0.00852828 0.00550651 0.00980234 0.00925661 0.00615282 0.00787564 0.0088473 0.00550651 0.00980234 0.00925661 0.00736665 0.0100076 0.0102437 0.00698917 0.000299211 0.0132981 0.00544248 0.00140015 0.0134553 0.00698917 0.000299211 0.0132981 0.00665023 -0.00021783452048290051 0.011471 0.00698917 0.000299211 0.0132981 0.00702753 0.00166886 0.0119499 0.00698917 0.000299211 0.0132981 0.00666479 -0.0014987345204829003 0.014363 0.00698917 0.000299211 0.0132981 0.00880213 0.000985239 0.0142355 0.00544248 0.00140015 0.0134553 0.00482688 0.000512197 0.0118353 0.00544248 0.00140015 0.0134553 0.00547441 0.00337156 0.0137071 0.00544248 0.00140015 0.0134553 0.00707111 0.00225419 0.0138558 0.00223104 0.00981794 0.00910154 0.00384943 0.00938234 0.0098493 0.00223104 0.00981794 0.00910154 0.00231572 0.0112203 0.00785005 0.00223104 0.00981794 0.00910154 0.00217771 0.0105967 0.0108431 0.00223104 0.00981794 0.00910154 0.0004113229999999999 0.0102244 0.0080913 0.00144498 0.0118293 0.00942827 0.00311557 0.0126145 0.00882109 0.00144498 0.0118293 0.00942827 0.00231572 0.0112203 0.00785005 0.00144498 0.0118293 0.00942827 0.00147994 0.0132345 0.00802318 0.00144498 0.0118293 0.00942827 -0.0003365345204828995 0.0109966 0.0102594 0.00144498 0.0118293 0.00942827 -0.0004615345204828996 0.0126064 0.00854669 0.00665023 0.0151528 0.011471 0.0054739 0.0144476 0.0127986 0.00665023 0.0151528 0.011471 0.00595046 0.0152074 0.00967159 0.00665023 0.0151528 0.011471 0.00538351 0.0137964 0.0110359 0.00665023 0.0151528 0.011471 0.00482688 0.0158828315204829 0.0118353 0.00665023 0.0151528 0.011471 0.00702753 0.0170394945204829 0.0119499 0.00665023 0.0151528 0.011471 0.008066 0.0146204 0.00994276 0.00442522 0.0106911 0.011096 0.00384943 0.00938234 0.0098493 0.00442522 0.0106911 0.011096 0.00469148 0.0116956 0.0127779 0.00442522 0.0106911 0.011096 0.00616029 0.0111842 0.0116683 0.00442522 0.0106911 0.011096 0.00331165 0.0121809 0.0112324 0.00442522 0.0106911 0.011096 0.00436664 0.00920053 0.0121799 0.00283708 0.0145578 0.00775766 0.00222899 0.0141651 0.00951726 0.00283708 0.0145578 0.00775766 0.0045511 0.015295 0.00830831 0.00283708 0.0145578 0.00775766 0.00147994 0.0132345 0.00802318 0.00283708 0.0145578 0.00775766 0.00287908 0.0159478615204829 0.00913794 0.00111278 0.00833443 0.0121173 0.00268507 0.00890698 0.0130007 0.00111278 0.00833443 0.0121173 -0.00033713452048289984 0.00691897 0.0115208 0.00332029 0.000834293 0.0144577 0.0032561 -0.0011095345204828987 0.0144121 0.00332029 0.000834293 0.0144577 0.00315506 -9.613452048289918e-05 0.0127156 0.0054739 0.0144476 0.0127986 0.00385393 0.0134308 0.0126255 0.0054739 0.0144476 0.0127986 0.00538351 0.0137964 0.0110359 0.0054739 0.0144476 0.0127986 0.00482688 0.0158828315204829 0.0118353 0.0054739 0.0144476 0.0127986 0.00666479 0.0138719 0.014363 0.00385393 0.0134308 0.0126255 0.00469148 0.0116956 0.0127779 0.00385393 0.0134308 0.0126255 0.00344971 0.0123524 0.0142267 0.00385393 0.0134308 0.0126255 0.00315506 0.0152745 0.0127156 0.00385393 0.0134308 0.0126255 0.00331165 0.0121809 0.0112324 0.00344061 0.0151986 0.0107898 0.00355582 0.0170918045204829 0.0111214 0.00344061 0.0151986 0.0107898 0.00315506 0.0152745 0.0127156 0.00344061 0.0151986 0.0107898 0.00287908 0.0159478615204829 0.00913794 0.00344061 0.0151986 0.0107898 0.00482688 0.0158828315204829 0.0118353 0.00398609 0.010928 0.00875683 0.00311557 0.0126145 0.00882109 0.00398609 0.010928 0.00875683 0.00384943 0.00938234 0.0098493 0.00398609 0.010928 0.00875683 0.00231572 0.0112203 0.00785005 0.00311557 0.0126145 0.00882109 0.00231572 0.0112203 0.00785005 0.00311557 0.0126145 0.00882109 0.00222899 0.0141651 0.00951726 0.00311557 0.0126145 0.00882109 0.00147994 0.0132345 0.00802318 0.00311557 0.0126145 0.00882109 0.00478249 0.0129927 0.00801522 0.00595046 0.0152074 0.00967159 0.00480249 0.0166971745204829 0.0097222 0.00595046 0.0152074 0.00967159 0.0045511 0.015295 0.00830831 0.00595046 0.0152074 0.00967159 0.00614858 0.0133987 0.00932192 0.00595046 0.0152074 0.00967159 0.0064966 0.0166960945204829 0.00849512 0.00595046 0.0152074 0.00967159 0.008066 0.0146204 0.00994276 0.00384943 0.00938234 0.0098493 0.00342205 0.00766717 0.00918862 0.00231572 0.0112203 0.00785005 0.0014234 0.0114201 0.00597474 0.00231572 0.0112203 0.00785005 0.0004113229999999999 0.0102244 0.0080913 0.00268507 0.00890698 0.0130007 0.004154 0.0077511 0.0133558 0.00268507 0.00890698 0.0130007 0.00436664 0.00920053 0.0121799 0.00268507 0.00890698 0.0130007 0.00154874 0.00782244 0.0142834 0.00469148 0.0116956 0.0127779 0.00605649 0.0104482 0.0134668 0.00469148 0.0116956 0.0127779 0.00616029 0.0111842 0.0116683 0.00469148 0.0116956 0.0127779 0.00554087 0.012013 0.0144475 0.00605649 0.0104482 0.0134668 0.00616029 0.0111842 0.0116683 0.00605649 0.0104482 0.0134668 0.00554087 0.012013 0.0144475 0.00605649 0.0104482 0.0134668 0.00686335 0.00844322 0.0137168 0.00605649 0.0104482 0.0134668 0.0080958 0.0101579 0.0125847 0.00366321 0.0104202 0.0144058 0.00344971 0.0123524 0.0142267 0.00366321 0.0104202 0.0144058 0.00191649 0.0111513 0.0141111 0.00366321 0.0104202 0.0144058 0.00497291 0.00905312 0.0144716 0.00616029 0.0111842 0.0116683 0.00751422 0.0123779 0.0105607 0.00616029 0.0111842 0.0116683 0.00736665 0.0100076 0.0102437 0.00616029 0.0111842 0.0116683 0.00748356 0.0123154 0.0129704 0.00554087 0.012013 0.0144475 0.00666479 0.0138719 0.014363 0.0032561 0.0142611 0.0144121 0.00344971 0.0123524 0.0142267 0.0032561 0.0142611 0.0144121 0.00315506 0.0152745 0.0127156 0.00342205 0.00766717 0.00918862 0.00183305 0.00740591 0.0102648 0.00269955 0.00658929 0.0128642 0.004154 0.0077511 0.0133558 0.00269955 0.00658929 0.0128642 0.00154874 0.00782244 0.0142834 0.00480249 0.00132654 0.0097222 0.00355582 0.00172117 0.0111214 0.00217771 0.0105967 0.0108431 0.00331165 0.0121809 0.0112324 0.00222899 0.0141651 0.00951726 0.000639354 0.0135149 0.0104042 0.00222899 0.0141651 0.00951726 0.00147994 0.0132345 0.00802318 0.00222899 0.0141651 0.00951726 0.00287908 0.0159478615204829 0.00913794 0.00222899 0.0141651 0.00951726 0.000255253 0.014879 0.00882111 0.000639354 0.0135149 0.0104042 0.000834479 0.0121481 0.0120516 0.000639354 0.0135149 0.0104042 -0.001373534520482899 0.0130174 0.0109939 0.000639354 0.0135149 0.0104042 0.000255253 0.014879 0.00882111 0.0045511 0.015295 0.00830831 0.00287908 0.0159478615204829 0.00913794 0.00344971 0.0123524 0.0142267 0.00191649 0.0111513 0.0141111 0.00542507 0.00699841 0.0144955 0.004154 0.0077511 0.0133558 0.00542507 0.00699841 0.0144955 0.00686335 0.00844322 0.0137168 0.004154 0.0077511 0.0133558 0.00497291 0.00905312 0.0144716 0.004154 0.0077511 0.0133558 0.00436664 0.00920053 0.0121799 0.00355582 0.00172117 0.0111214 0.00482688 0.000512197 0.0118353 0.00191649 0.0111513 0.0141111 0.000498175 0.0127897 0.0143072 0.00191649 0.0111513 0.0141111 0.00014982899999999998 0.00983017 0.01428 0.00497291 0.00905312 0.0144716 0.00686335 0.00844322 0.0137168 0.00147994 0.0132345 0.00802318 0.000525552 0.0136627 0.00617154 0.00147994 0.0132345 0.00802318 0.000255253 0.014879 0.00882111 0.00147994 0.0132345 0.00802318 -0.00046153452048290026 0.0126064 0.00854669 0.00538351 0.0137964 0.0110359 0.00614858 0.0133987 0.00932192 0.00614858 0.0133987 0.00932192 0.00478249 0.0129927 0.00801522 0.00614858 0.0133987 0.00932192 0.00695965 0.0144502 0.00775701 0.00614858 0.0133987 0.00932192 0.00751422 0.0123779 0.0105607 0.00614858 0.0133987 0.00932192 0.00659273 0.0114339 0.00852828 0.00315506 0.0152745 0.0127156 0.00482688 0.0158828315204829 0.0118353 0.00287908 0.000577227 0.00913794 0.00100938 0.00169558 0.00953593 0.00436664 0.00920053 0.0121799 0.00616276 0.00838439 0.011438 0.00183305 0.00740591 0.0102648 0.0007527109999999999 0.00591898 0.00999697 0.00183305 0.00740591 0.0102648 0.0006999420000000001 0.00779799 0.00838517 0.0105762 0.00600345 0.00083278 0.0119471 0.0046144 0.000832378 0.0105762 0.00600345 0.00083278 0.00973924 0.00609272 0.00240452 0.0085727 0.000954238 0.00371991 0.00682469 0.00182393 0.00379258 0.0085727 0.000954238 0.00371991 0.00791676 0.00192986 0.00214396 0.0085727 0.000954238 0.00371991 0.00912899 0.00282833 0.00344908 0.0085727 0.000954238 0.00371991 0.00865804 0.00138611 0.00563991 0.0085727 0.000954238 0.00371991 0.0101785 0.00144607 0.00270868 0.0085727 0.000954238 0.00371991 0.00875027 -0.0006631345204828987 0.00477442 0.0125506 0.00592507 0.00687224 0.0108378 0.00540062 0.00750773 0.0125506 0.00592507 0.00687224 0.0126604 0.00625673 0.00504483 0.0125506 0.00592507 0.00687224 0.0142895 0.00586121 0.00771706 0.0125506 0.00592507 0.00687224 0.0120582 0.004593 0.00556406 0.0125506 0.00592507 0.00687224 0.0130705 0.00413556 0.00714699 0.0125506 0.00592507 0.00687224 0.0128406 0.00806684 0.00639048 0.0125506 0.00592507 0.00687224 0.0125461 0.00629427 0.00895738 0.0138644 0.00186108 0.00373884 0.0127967 0.00115104 0.00518254 0.0138644 0.00186108 0.00373884 0.0126978 0.0033941 0.00366537 0.0138644 0.00186108 0.00373884 0.0148882 0.00240424 0.00216596 0.0138644 0.00186108 0.00373884 0.0152026 0.00205037 0.00512595 0.0138644 0.00186108 0.00373884 0.0131914 0.00023513099999999997 0.00284417 0.0138644 0.00186108 0.00373884 0.0151322 0.0006071 0.002972 0.0148198 0.00690722 0.00622771 0.0142243 0.00710519 0.00444611 0.0148198 0.00690722 0.00622771 0.0141749 0.00511038 0.00590423 0.0148198 0.00690722 0.00622771 0.0142895 0.00586121 0.00771706 0.0148198 0.00690722 0.00622771 0.0165274945204829 0.00773546 0.00624896 0.0127967 0.00115104 0.00518254 0.0132059 0.00305006 0.00539909 0.0127967 0.00115104 0.00518254 0.0116819 0.00171199 0.00382432 0.0127967 0.00115104 0.00518254 0.0116609 0.00115733 0.0067113 0.0127967 0.00115104 0.00518254 0.0141687 0.000946152 0.00643263 0.0127967 0.00115104 0.00518254 0.0141287 -0.00048003452048289946 0.0047313 0.0126978 0.0033941 0.00366537 0.0109437 0.00354087 0.00442631 0.0126978 0.0033941 0.00366537 0.0111297 0.00301122 0.00255228 0.0126978 0.0033941 0.00366537 0.011878 0.00479143 0.00265704 0.0126978 0.0033941 0.00366537 0.0132059 0.00305006 0.00539909 0.0126978 0.0033941 0.00366537 0.0116819 0.00171199 0.00382432 0.0126978 0.0033941 0.00366537 0.0129125 0.00330909 0.0018307 0.0142243 0.00710519 0.00444611 0.0126604 0.00625673 0.00504483 0.0142243 0.00710519 0.00444611 0.0146528 0.00676662 0.00257973 0.0142243 0.00710519 0.00444611 0.016030668520482898 0.0080941 0.00371508 0.0142243 0.00710519 0.00444611 0.0138435 0.00911241 0.00380848 0.00119152 0.00667294 0.00208604 0.000313572 0.00513955 0.00292455 0.00119152 0.00667294 0.00208604 0.00014799699999999997 0.00550139 0.000984391 0.00119152 0.00667294 0.00208604 -0.0007178345204828984 0.00676662 0.00257973 0.00119152 0.00667294 0.00208604 0.000660034 0.0080941 0.00371508 0.000313572 0.00513955 0.00292455 -0.0013015345204828996 0.00493803 0.0039756 0.000313572 0.00513955 0.00292455 0.000147997 0.00550139 0.000984391 0.000313572 0.00513955 0.00292455 -7.213452048289936e-05 0.00340932 0.0037031 0.000313572 0.00513955 0.00292455 -0.0007178345204828984 0.00676662 0.00257973 0.00600926 0.00188524 0.00559096 0.00572441 0.00022475399999999997 0.00645432 0.00600926 0.00188524 0.00559096 0.00682469 0.00182393 0.00379258 0.00600926 0.00188524 0.00559096 0.007323 0.0026099 0.00685507 0.00600926 0.00188524 0.00559096 0.00719158 0.00040664999999999994 0.00507761 0.0145143 0.00300638 0.00670588 0.0161042105204829 0.00217845 0.00699596 0.0145143 0.00300638 0.00670588 0.0152026 0.00205037 0.00512595 0.0145143 0.00300638 0.00670588 0.015679437520482897 0.0039398 0.00547561 0.0145143 0.00300638 0.00670588 0.0132059 0.00305006 0.00539909 0.0145143 0.00300638 0.00670588 0.0130547 0.00209557 0.00758181 0.0145143 0.00300638 0.00670588 0.0130705 0.00413556 0.00714699 0.0145143 0.00300638 0.00670588 0.0146541 0.00403715 0.00833047 0.0144733 0.00390721 0.000930821 0.0148882 0.00240424 0.00216596 0.0144733 0.00390721 0.000930821 0.0155186315204829 0.00550139 0.000984391 0.0144733 0.00390721 0.000930821 0.0129125 0.00330909 0.0018307 0.0104271 0.0019418 0.00528653 0.0100601 0.00213175 0.00719646 0.0104271 0.0019418 0.00528653 0.0109437 0.00354087 0.00442631 0.0104271 0.0019418 0.00528653 0.0107076 0.00019047599999999997 0.00454062 0.0104271 0.0019418 0.00528653 0.0116819 0.00171199 0.00382432 0.0104271 0.0019418 0.00528653 0.00865804 0.00138611 0.00563991 0.0104271 0.0019418 0.00528653 0.0089161 0.00315516 0.00532731 0.0104271 0.0019418 0.00528653 0.0100729 0.00025951300000000006 0.00625108 0.000751966 0.00154404 0.000946122 -0.0004824345204828982 0.00240424 0.00216596 0.000751966 0.00154404 0.000946122 0.00137238 0.00294403 0.00222072 0.00572441 0.000224754 0.00645432 0.00695965 -0.0009204345204829 0.00775701 0.00733811 0.00337156 0.000959894 0.00671406 0.00503504 0.00178645 0.00733811 0.00337156 0.000959894 0.00791676 0.00192986 0.00214396 0.00682469 0.00182393 0.00379258 0.00719158 0.00040664999999999994 0.00507761 0.00682469 0.00182393 0.00379258 0.00791676 0.00192986 0.00214396 0.00682469 0.00182393 0.00379258 0.00741789 0.00364077 0.00392059 0.0148882 0.00240424 0.00216596 0.0167430145204829 0.00294403 0.00222072 0.0148882 0.00240424 0.00216596 0.0152985 0.00340932 0.0037031 0.0148882 0.00240424 0.00216596 0.0136563 0.00181371 0.000880346 0.0148882 0.00240424 0.00216596 0.0151322 0.0006071 0.002972 0.00671406 0.00503504 0.00178645 0.00823085 0.00501993 0.00288763 0.00671406 0.00503504 0.00178645 0.00651799 0.00668516 0.000905134 0.0100601 0.00213175 0.00719646 0.0116264 0.00303798 0.0065688 0.0100601 0.00213175 0.00719646 0.0116609 0.00115733 0.0067113 0.0100601 0.00213175 0.00719646 0.0105387 0.00366488 0.00826533 0.0100601 0.00213175 0.00719646 0.00883313 0.00364977 0.00733024 0.0100601 0.00213175 0.00719646 0.0086308 0.00205507 0.00843608 0.00587621 0.00644528 0.00561243 0.00694441 0.00551392 0.0042525 0.00587621 0.00644528 0.00561243 0.00645769 0.00624469 0.00747278 0.00587621 0.00644528 0.00561243 0.00691409 0.00838279 0.0059281 0.0109437 0.00354087 0.00442631 0.0102125 0.00428781 0.00609915 0.0109437 0.00354087 0.00442631 0.0111297 0.00301122 0.00255228 0.0109437 0.00354087 0.00442631 0.0120582 0.004593 0.00556406 0.00699238 0.00440308 0.00741088 0.007323 0.0026099 0.00685507 0.00699238 0.00440308 0.00741088 0.00773543 0.00453039 0.00570935 0.00699238 0.00440308 0.00741088 0.00645769 0.00624469 0.00747278 0.00699238 0.00440308 0.00741088 0.00883313 0.00364977 0.00733024 0.00699238 0.00440308 0.00741088 0.00816663 0.00460955 0.00892214 0.00950257 0.00677094 0.00404919 0.0110443 0.00554901 0.00419672 0.00950257 0.00677094 0.00404919 0.00926143 0.0049035 0.00453388 0.00950257 0.00677094 0.00404919 0.00973924 0.00609272 0.00240452 0.00950257 0.00677094 0.00404919 0.0102295 0.0078545 0.00275444 0.00950257 0.00677094 0.00404919 0.00916354 0.00868626 0.00500254 0.00950257 0.00677094 0.00404919 0.00829909 0.00652498 0.00566643 0.00950257 0.00677094 0.00404919 0.010722 0.00688647 0.00592292 0.0119471 0.0046144 0.000832378 0.011878 0.00479143 0.00265704 0.0119471 0.0046144 0.000832378 0.0133575 0.00600193 0.00112486 0.0119471 0.0046144 0.000832378 0.0129125 0.00330909 0.0018306999999999998 0.0102125 0.00428781 0.00609915 0.0108378 0.00540062 0.00750773 0.0102125 0.00428781 0.00609915 0.0120582 0.004593 0.00556406 0.0102125 0.00428781 0.00609915 0.00926143 0.0049035 0.00453388 0.0102125 0.00428781 0.00609915 0.0116264 0.00303798 0.0065688 0.0102125 0.00428781 0.00609915 0.0089161 0.00315516 0.00532731 0.0102125 0.00428781 0.00609915 0.00883313 0.00364977 0.00733024 0.0016731 0.00262725 0.00496941 -0.00016803452048289925 0.00205037 0.00512595 0.0016731 0.00262725 0.00496941 0.00030880300000000007 0.0039398 0.00547561 0.0111297 0.00301122 0.00255228 0.011878 0.00479143 0.00265704 0.0111297 0.00301122 0.00255228 0.0120946 0.00153628 0.00188497 0.0111297 0.00301122 0.00255228 0.0116819 0.00171199 0.00382432 0.0111297 0.00301122 0.00255228 0.0099982 0.00437356 0.0027958 0.0111297 0.00301122 0.00255228 0.0129125 0.00330909 0.0018307 0.0111297 0.00301122 0.00255228 0.0101785 0.00144607 0.00270868 0.007323 0.0026099 0.00685507 0.00778012 0.000841737 0.00715926 0.007323 0.0026099 0.00685507 0.00883313 0.00364977 0.00733024 0.000733576 0.00217845 0.00699596 -0.0006170345204828985 0.00141981 0.00817787 0.000733576 0.00217845 0.00699596 0.000565403 0.000354355 0.00690979 0.00823085 0.00501993 0.00288763 0.00694441 0.00551392 0.0042525 0.00823085 0.00501993 0.00288763 0.00926143 0.0049035 0.00453388 0.00823085 0.00501993 0.00288763 0.00741789 0.00364077 0.00392059 0.00823085 0.00501993 0.00288763 0.0099982 0.00437356 0.0027958 0.00823085 0.00501993 0.00288763 0.00973924 0.00609272 0.00240452 0.00823085 0.00501993 0.00288763 0.00877587 0.00509294 0.000981684 0.011878 0.00479143 0.00265704 0.0110443 0.00554901 0.00419672 0.011878 0.00479143 0.00265704 0.0128951 0.00624032 0.00315101 0.011878 0.00479143 0.00265704 0.0099982 0.00437356 0.0027958 0.011878 0.00479143 0.00265704 0.0129125 0.00330909 0.0018307 0.00719158 0.00040665 0.00507761 0.00865804 0.00138611 0.00563991 0.00719158 0.00040665 0.00507761 0.00875027 -0.0006631345204828989 0.00477442 0.00892982 0.0055509 0.00748214 0.0108378 0.00540062 0.00750773 0.00892982 0.0055509 0.00748214 0.00883313 0.00364977 0.00733024 0.00892982 0.0055509 0.00748214 0.00816663 0.00460955 0.00892214 0.00892982 0.0055509 0.00748214 0.00829909 0.00652498 0.00566643 0.00892982 0.0055509 0.00748214 0.00827351 0.00758088 0.00781345 0.0140691 0.00493803 0.0039756 0.0141749 0.00511038 0.00590423 0.0140691 0.00493803 0.0039756 0.0128951 0.00624032 0.00315101 0.0140691 0.00493803 0.0039756 0.0152985 0.00340932 0.0037031 0.0108378 0.00540062 0.00750773 0.0105387 0.00366488 0.00826533 0.0108378 0.00540062 0.00750773 0.010722 0.00688647 0.00592292 0.0108378 0.00540062 0.00750773 0.0106286 0.00742746 0.00826266 0.0126604 0.00625673 0.00504483 0.0110443 0.00554901 0.00419672 0.0126604 0.00625673 0.00504483 0.0120582 0.004593 0.00556406 0.0126604 0.00625673 0.00504483 0.0128951 0.00624032 0.00315101 0.0126604 0.00625673 0.00504483 0.0118366 0.00793123 0.00408673 0.0126604 0.00625673 0.00504483 0.010722 0.00688647 0.00592292 0.0152026 0.00205037 0.00512595 0.015679437520482897 0.0039398 0.00547561 0.0152026 0.00205037 0.00512595 0.0152985 0.00340932 0.0037031 0.0152026 0.00205037 0.00512595 0.0141687 0.000946152 0.00643263 0.0152026 0.00205037 0.00512595 0.0164088045204829 0.00024089500000000008 0.00479257 0.00773543 0.00453039 0.00570935 0.00694441 0.00551392 0.0042525 0.00773543 0.00453039 0.00570935 0.00926143 0.0049035 0.00453388 0.00773543 0.00453039 0.00570935 0.0089161 0.00315516 0.00532731 0.00773543 0.00453039 0.00570935 0.00829909 0.00652498 0.00566643 0.000308803 0.0039398 0.00547561 -0.0011957345204828983 0.00511038 0.00590423 0.000308803 0.0039398 0.00547561 -7.213452048289941e-05 0.00340932 0.0037031 0.000308803 0.0039398 0.00547561 0.0009033090000000001 0.0058206 0.00514524 0.00791676 0.00192986 0.00214396 0.00912899 0.00282833 0.00344908 0.00791676 0.00192986 0.00214396 0.0091529 0.000544887 0.00145682 0.0141749 0.00511038 0.00590423 0.0142895 0.00586121 0.00771706 0.0141749 0.00511038 0.00590423 0.0130705 0.00413556 0.00714699 0.0142895 0.00586121 0.00771706 0.0145643 0.00671786 0.00941852 0.0142895 0.00586121 0.00771706 0.0146541 0.00403715 0.00833047 0.0142895 0.00586121 0.00771706 0.0125461 0.00629427 0.00895738 0.0136147 0.0152856 0.000920924 0.0136563 0.017184344520482897 0.000880346 0.0136147 0.0152856 0.000920924 0.0131914 0.015605765520482899 0.00284417 0.0136147 0.0152856 0.000920924 0.0151035 0.0144722 0.00175213 0.00912899 0.00282833 0.00344908 0.00741789 0.00364077 0.00392059 0.00912899 0.00282833 0.00344908 0.0099982 0.00437356 0.0027958 0.00912899 0.00282833 0.00344908 0.0089161 0.00315516 0.00532731 0.00912899 0.00282833 0.00344908 0.0101785 0.00144607 0.00270868 0.00694441 0.00551392 0.0042525 0.00725695 0.00730089 0.00375739 0.00694441 0.00551392 0.0042525 0.00741789 0.00364077 0.00392059 0.00694441 0.00551392 0.0042525 0.00829909 0.00652498 0.00566643 0.0110443 0.00554901 0.00419672 0.0120582 0.004593 0.00556406 0.0110443 0.00554901 0.00419672 0.00926143 0.0049035 0.00453388 0.0110443 0.00554901 0.00419672 0.010722 0.00688647 0.00592292 0.0120582 0.004593 0.00556406 0.0132059 0.00305006 0.00539909 0.0120582 0.004593 0.00556406 0.0116264 0.00303798 0.0065688 0.0120582 0.004593 0.00556406 0.0130705 0.00413556 0.00714699 0.0128951 0.00624032 0.00315101 0.0129191 0.00786773 0.00223034 0.0128951 0.00624032 0.00315101 0.0146528 0.00676662 0.00257973 0.0128951 0.00624032 0.00315101 0.0118366 0.00793123 0.00408673 0.00926143 0.0049035 0.00453388 0.0099982 0.00437356 0.0027958 0.00926143 0.0049035 0.00453388 0.0089161 0.00315516 0.00532731 0.00926143 0.0049035 0.00453388 0.00829909 0.00652498 0.00566643 0.00725695 0.00730089 0.00375739 0.00693064 0.00892168 0.00240657 0.0132059 0.00305006 0.00539909 0.0116264 0.00303798 0.0065688 0.0120946 0.00153628 0.00188497 0.0116819 0.00171199 0.00382432 0.0120946 0.00153628 0.00188497 0.0136563 0.00181371 0.000880346 0.0120946 0.00153628 0.00188497 0.0129125 0.00330909 0.0018307 0.0120946 0.00153628 0.00188497 0.0131914 0.00023513099999999997 0.00284417 0.0120946 0.00153628 0.00188497 0.0111546 0.00024948099999999996 0.000830735 0.0107076 0.000190476 0.00454062 0.0116819 0.00171199 0.00382432 0.0107076 0.000190476 0.00454062 0.0100729 0.000259513 0.00625108 0.0107076 0.000190476 0.00454062 0.0121731 -0.0009526345204828991 0.00399545 0.0107076 0.000190476 0.00454062 0.0106043 -0.0005788345204828986 0.00261889 0.008359 0.00703625 0.00151196 0.00651799 0.00668516 0.000905134 0.008359 0.00703625 0.00151196 0.00973924 0.00609272 0.00240452 0.008359 0.00703625 0.00151196 0.0084105 0.00882759 0.000870243 0.0116819 0.00171199 0.00382432 0.0101785 0.00144607 0.00270868 0.0129191 0.00786773 0.00223034 0.0135266 0.0095067 0.00111303 0.0129191 0.00786773 0.00223034 0.0138435 0.00911241 0.00380848 0.0129191 0.00786773 0.00223034 0.0118366 0.00793123 0.00408673 0.0130547 0.00209557 0.00758181 0.0116264 0.00303798 0.0065688 0.0130547 0.00209557 0.00758181 0.0116609 0.00115733 0.0067113 0.0130547 0.00209557 0.00758181 0.0147536 0.00141981 0.00817787 0.0130547 0.00209557 0.00758181 0.0128072 0.00351739 0.00884524 0.0130547 0.00209557 0.00758181 0.0141687 0.000946152 0.00643263 0.0099982 0.00437356 0.0027958 0.00973924 0.00609272 0.00240452 0.00865804 0.00138611 0.00563991 0.0089161 0.00315516 0.00532731 0.00865804 0.00138611 0.00563991 0.00778012 0.000841737 0.00715926 0.00865804 0.00138611 0.00563991 0.0100729 0.00025951300000000006 0.00625108 0.0116264 0.00303798 0.0065688 0.0130705 0.00413556 0.00714699 0.0116264 0.00303798 0.0065688 0.0116609 0.00115733 0.0067113 0.00973924 0.00609272 0.00240452 0.00877587 0.00509294 0.000981684 0.00973924 0.00609272 0.00240452 0.0102295 0.0078545 0.00275444 0.0136563 0.00181371 0.000880346 0.0129125 0.00330909 0.0018307 0.0130705 0.00413556 0.00714699 0.0128072 0.00351739 0.00884524 0.0130705 0.00413556 0.00714699 0.0146541 0.00403715 0.00833047 0.0116609 0.00115733 0.0067113 0.0100729 0.00025951300000000006 0.00625108 0.0116609 0.00115733 0.0067113 0.0114742 -0.0008726345204828985 0.0073794 0.0101785 0.00144607 0.00270868 0.0091529 0.000544887 0.00145682 0.0101785 0.00144607 0.00270868 0.0106043 -0.000578834520482899 0.00261889 0.0131914 0.000235131 0.00284417 0.0151322 0.0006071 0.002972 0.0131914 0.000235131 0.00284417 0.0121731 -0.0009526345204828985 0.00399545 0.0131914 0.000235131 0.00284417 0.0141287 -0.0004800345204828984 0.0047313 0.00778012 0.000841737 0.00715926 0.0064966 0.00132546 0.00849512 0.00778012 0.000841737 0.00715926 0.0086308 0.00205507 0.00843608 0.00778012 0.000841737 0.00715926 0.00695965 -0.0009204345204828998 0.00775701 0.00778012 0.000841737 0.00715926 0.00946189 0.00010858600000000003 0.00824563 0.00654613 0.0048767 0.0143978 0.00812448 0.0037023 0.0144178 0.00654613 0.0048767 0.0143978 0.00547441 0.00337156 0.0137071 0.0142147 0.00437975 0.0144394 0.0160806885204829 0.00472505 0.014483 0.0142147 0.00437975 0.0144394 0.012338 0.00446445 0.0144923 0.0142147 0.00437975 0.0144394 0.0137907 0.00291857 0.013249 0.0142147 0.00437975 0.0144394 0.0154563567204829 0.00286382 0.0144437 0.0142147 0.00437975 0.0144394 0.0149223 0.00564991 0.0132327 0.00702753 0.00166886 0.0119499 0.00707111 0.00225419 0.0138558 0.00702753 0.00166886 0.0119499 0.009017 0.00240563 0.0121149 0.0125585 0.00135809 0.0103451 0.0114511 0.00181941 0.00874483 0.0125585 0.00135809 0.0103451 0.0135503 0.00244397 0.011548 0.0125585 0.00135809 0.0103451 0.0131769 -0.00039493452048289875 0.00931721 0.0125585 0.00135809 0.0103451 0.0109976 0.00122112 0.0118017 0.0105387 0.00366488 0.00826533 0.0114413 0.00458871 0.00967478 0.0105387 0.00366488 0.00826533 0.00883313 0.00364977 0.00733024 0.00989455 0.00379615 0.0132605 0.00948029 0.00497434 0.0145885 0.00989455 0.00379615 0.0132605 0.0117324 0.00327234 0.0127593 0.00989455 0.00379615 0.0132605 0.0109639 0.00522412 0.0135625 0.00989455 0.00379615 0.0132605 0.00852721 0.00507222 0.0129157 0.00989455 0.00379615 0.0132605 0.009017 0.00240563 0.0121149 0.00948029 0.00497434 0.0145885 0.00812448 0.0037023 0.0144178 0.00948029 0.00497434 0.0145885 0.0109639 0.00522412 0.0135625 0.00948029 0.00497434 0.0145885 0.00852721 0.00507222 0.0129157 0.00948029 0.00497434 0.0145885 0.00824319 0.00668703 0.0143494 0.00812448 0.0037023 0.0144178 0.00707111 0.00225419 0.0138558 0.00645769 0.00624469 0.00747278 0.00653885 0.00550991 0.00928525 0.00645769 0.00624469 0.00747278 0.00615282 0.00787564 0.0088473 8.6961e-06 0.00246912 0.011775 -0.0018203345204829001 0.00244397 0.011548 8.6961e-06 0.00246912 0.011775 0.000338251 0.00356263 0.0102026 8.6961e-06 0.00246912 0.011775 0.000912975 0.0006826760000000001 0.0126726 8.6961e-06 0.00246912 0.011775 -0.0007209345204828996 0.0006256880000000001 0.0108766 0.00547441 0.00337156 0.0137071 0.00707111 0.00225419 0.0138558 0.00767553 0.00428174 0.0107532 0.00732844 0.0036583 0.0125369 0.00767553 0.00428174 0.0107532 0.00915216 0.00325587 0.00991909 0.00767553 0.00428174 0.0107532 0.00811628 0.00613703 0.0101619 0.00767553 0.00428174 0.0107532 0.00816663 0.00460955 0.00892214 0.0117324 0.00327234 0.0127593 0.0120441 0.00166669 0.0138058 0.0117324 0.00327234 0.0127593 0.0119212 0.00505648 0.0120259 0.0137438 0.00449053 0.0121546 0.015533137520482899 0.0048029 0.0116243 0.0137438 0.00449053 0.0121546 0.0127005 0.00372234 0.0106695 0.0137438 0.00449053 0.0121546 0.0137907 0.00291857 0.013249 0.0137438 0.00449053 0.0121546 0.013128 0.00591751 0.01096 0.0137438 0.00449053 0.0121546 0.0149223 0.00564991 0.0132327 0.0137438 0.00449053 0.0121546 0.0119212 0.00505648 0.0120259 0.0145643 0.00671786 0.00941852 0.0144211 0.00493047 0.0100311 0.0145643 0.00671786 0.00941852 0.016123345520482897 0.00591898 0.00999697 0.0145643 0.00671786 0.00941852 0.0160705765204829 0.00779799 0.00838517 0.0145643 0.00671786 0.00941852 0.0143153 0.00877061 0.0096477 0.0145643 0.00671786 0.00941852 0.0150335 0.00691897 0.0115208 0.0145643 0.00671786 0.00941852 0.0125461 0.00629427 0.00895738 0.0110545 0.00612533 0.0106193 0.0114413 0.00458871 0.00967478 0.0110545 0.00612533 0.0106193 0.00940272 0.00621722 0.0116518 0.0110545 0.00612533 0.0106193 0.0097778 0.0054931 0.00933007 0.0110545 0.00612533 0.0106193 0.0101081 0.00446988 0.0111349 0.0110545 0.00612533 0.0106193 0.0119212 0.00505648 0.0120259 0.0110545 0.00612533 0.0106193 0.0112117 0.0070221 0.0125841 0.0110545 0.00612533 0.0106193 0.011096 0.00819403 0.0104058 0.0110545 0.00612533 0.0106193 0.0125461 0.00629427 0.00895738 0.0114413 0.00458871 0.00967478 0.0097778 0.0054931 0.00933007 0.0114413 0.00458871 0.00967478 0.0128072 0.00351739 0.00884524 0.0114413 0.00458871 0.00967478 0.0109825 0.00285717 0.0104089 0.0114413 0.00458871 0.00967478 0.0127005 0.00372234 0.0106695 0.0114413 0.00458871 0.00967478 0.0101081 0.00446988 0.0111349 0.0114413 0.00458871 0.00967478 0.0125461 0.00629427 0.00895738 0.00815833 0.00160333 0.0102813 0.00721384 0.00298798 0.0091964 0.00815833 0.00160333 0.0102813 0.00915216 0.00325587 0.00991909 0.00815833 0.00160333 0.0102813 0.0086308 0.00205507 0.00843608 0.00815833 0.00160333 0.0102813 0.009017 0.00240563 0.0121149 0.00940272 0.00621722 0.0116518 0.00852721 0.00507222 0.0129157 0.00940272 0.00621722 0.0116518 0.0101081 0.00446988 0.0111349 0.00940272 0.00621722 0.0116518 0.00811628 0.00613703 0.0101619 0.00940272 0.00621722 0.0116518 0.0112117 0.0070221 0.0125841 0.00940272 0.00621722 0.0116518 0.00853535 0.00808845 0.0109623 0.0147536 0.00141981 0.00817787 0.0141343 0.00243245 0.00972231 0.0147536 0.00141981 0.00817787 0.0141687 0.000946152 0.00643263 0.0147536 0.00141981 0.00817787 0.015625887520482898 -0.0004916345204828997 0.00882111 0.0147536 0.00141981 0.00817787 0.016380014520482898 0.00169558 0.00953593 0.0141343 0.00243245 0.00972231 0.0128072 0.00351739 0.00884524 0.0141343 0.00243245 0.00972231 0.0135503 0.00244397 0.011548 0.0141343 0.00243245 0.00972231 0.0157088855204829 0.00356263 0.0102026 0.0141343 0.00243245 0.00972231 0.0146497 0.0006256880000000001 0.0108766 0.0144211 0.00493047 0.0100311 0.015533137520482899 0.0048029 0.0116243 0.0144211 0.00493047 0.0100311 0.016123345520482897 0.00591898 0.00999697 0.0144211 0.00493047 0.0100311 0.0146541 0.00403715 0.00833047 0.0144211 0.00493047 0.0100311 0.013128 0.00591751 0.01096 0.0144211 0.00493047 0.0100311 0.0157088855204829 0.00356263 0.0102026 0.0097778 0.0054931 0.00933007 0.00811628 0.00613703 0.0101619 0.0097778 0.0054931 0.00933007 0.00816663 0.00460955 0.00892214 0.00721384 0.00298798 0.0091964 0.0064966 0.00132546 0.00849512 0.00721384 0.00298798 0.0091964 0.0086308 0.00205507 0.00843608 0.00721384 0.00298798 0.0091964 0.00816663 0.00460955 0.00892214 0.0152782 0.000515223 0.0144925 0.0138441 0.00178442 0.0145892 0.0152782 0.000515223 0.0144925 0.0145523 -0.0010122345204828993 0.0130598 0.0152782 0.000515223 0.0144925 0.016283609520482897 0.000682676 0.0126726 0.00883313 0.00364977 0.00733024 0.0086308 0.00205507 0.00843608 0.00883313 0.00364977 0.00733024 0.00816663 0.00460955 0.00892214 0.0120441 0.00166669 0.0138058 0.0138441 0.00178442 0.0145892 0.0120441 0.00166669 0.0138058 0.0136596 0.000990936 0.0128472 0.0120441 0.00166669 0.0138058 0.0108503 -0.00018313452048289978 0.0137928 0.00653885 0.00550991 0.00928525 0.00811628 0.00613703 0.0101619 0.00653885 0.00550991 0.00928525 0.00816663 0.00460955 0.00892214 0.000162503 0.0048029 0.0116243 0.000338251 0.00356263 0.0102026 0.000162503 0.0048029 0.0116243 -0.0004483345204828993 0.00564991 0.0132327 0.000162503 0.0048029 0.0116243 -0.00033713452048289875 0.00691897 0.0115208 0.0128072 0.00351739 0.00884524 0.0146541 0.00403715 0.00833047 0.0128072 0.00351739 0.00884524 0.0127005 0.00372234 0.0106695 0.0109639 0.00522412 0.0135625 0.012338 0.00446445 0.0144923 0.0109639 0.00522412 0.0135625 0.0119212 0.00505648 0.0120259 0.0109639 0.00522412 0.0135625 0.0112117 0.0070221 0.0125841 0.0130019 0.00602705 0.0134367 0.012338 0.00446445 0.0144923 0.0130019 0.00602705 0.0134367 0.0149223 0.00564991 0.0132327 0.0130019 0.00602705 0.0134367 0.0144503 0.00764549 0.0140144 0.0130019 0.00602705 0.0134367 0.0112117 0.0070221 0.0125841 0.0109825 0.00285717 0.0104089 0.00915216 0.00325587 0.00991909 0.0109825 0.00285717 0.0104089 0.0127005 0.00372234 0.0106695 0.0109825 0.00285717 0.0104089 0.0101081 0.00446988 0.0111349 0.0109825 0.00285717 0.0104089 0.0109976 0.00122112 0.0118017 0.000710054 0.00472505 0.014483 8.572220000000006e-05 0.00286382 0.0144437 0.000710054 0.00472505 0.014483 -0.0004483345204828996 0.00564991 0.0132327 0.000752711 0.00591898 0.00999697 0.00109959 0.00464029 0.0088018 0.000752711 0.00591898 0.00999697 -0.00033713452048289886 0.00691897 0.0115208 0.00732844 0.0036583 0.0125369 0.00852721 0.00507222 0.0129157 0.00732844 0.0036583 0.0125369 0.00707111 0.00225419 0.0138558 0.00732844 0.0036583 0.0125369 0.009017 0.00240563 0.0121149 0.0146541 0.00403715 0.00833047 0.0164702245204829 0.00464029 0.0088018 0.00915216 0.00325587 0.00991909 0.0086308 0.00205507 0.00843608 0.00915216 0.00325587 0.00991909 0.0101081 0.00446988 0.0111349 0.00915216 0.00325587 0.00991909 0.00816663 0.00460955 0.00892214 0.0086308 0.00205507 0.00843608 0.00946189 0.00010858599999999993 0.00824563 0.00852721 0.00507222 0.0129157 0.00824319 0.00668703 0.0143494 0.00852721 0.00507222 0.0129157 0.00675834 0.00628533 0.0125321 0.00707111 0.00225419 0.0138558 0.00880213 0.000985239 0.0142355 0.0127005 0.00372234 0.0106695 0.0135503 0.00244397 0.011548 0.0135503 0.00244397 0.011548 0.0137907 0.00291857 0.013249 0.0135503 0.00244397 0.011548 0.0136596 0.000990936 0.0128472 0.0135503 0.00244397 0.011548 0.0146497 0.0006256880000000001 0.0108766 0.0137907 0.00291857 0.013249 0.0138441 0.00178442 0.0145892 0.0137907 0.00291857 0.013249 0.0136596 0.000990936 0.0128472 8.57222e-05 0.00286382 0.0144437 -0.0015265345204829002 0.00178442 0.0145892 0.0138441 0.00178442 0.0145892 0.0136596 0.000990936 0.0128472 0.013128 0.00591751 0.01096 0.0119212 0.00505648 0.0120259 0.013128 0.00591751 0.01096 0.0150335 0.00691897 0.0115208 0.013128 0.00591751 0.01096 0.0125461 0.00629427 0.00895738 0.000338251 0.00356263 0.0102026 0.00109959 0.00464029 0.0088018 0.000338251 0.00356263 0.0102026 0.00100938 0.00169558 0.00953593 0.00811628 0.00613703 0.0101619 0.00816663 0.00460955 0.00892214 0.00811628 0.00613703 0.0101619 0.00853535 0.00808845 0.0109623 0.0149223 0.00564991 0.0132327 0.0144503 0.00764549 0.0140144 0.0149223 0.00564991 0.0132327 0.0150335 0.00691897 0.0115208 0.0130277 0.0153264 0.0143965 0.0136596 0.0163615705204829 0.0128472 0.0130277 0.0153264 0.0143965 0.0145523 0.0143584 0.0130598 0.0119212 0.00505648 0.0120259 0.0112117 0.0070221 0.0125841 0.0136596 0.000990936 0.0128472 0.0145523 -0.0010122345204828984 0.0130598 0.0136596 0.000990936 0.0128472 0.0146497 0.000625688 0.0108766 0.0136596 0.000990936 0.0128472 0.012613 -0.000500834520482898 0.0116813 0.0102295 0.0078545 0.00275444 0.00955185 0.00942053 0.00225453 0.0102295 0.0078545 0.00275444 0.0118366 0.00793123 0.00408673 0.0084105 0.00882759 0.000870243 0.00955185 0.00942053 0.00225453 0.0084105 0.00882759 0.000870243 0.00693064 0.00892168 0.00240657 0.00932966 0.0125175 0.00266805 0.0102675 0.0111605 0.0035914 0.00932966 0.0125175 0.00266805 0.00820809 0.0126753 0.00426418 0.00932966 0.0125175 0.00266805 0.00851349 0.0130673 0.0009569090000000001 0.00932966 0.0125175 0.00266805 0.00979811 0.0110684 0.00110373 0.00932966 0.0125175 0.00266805 0.00822439 0.0143232 0.0027509 0.00932966 0.0125175 0.00266805 0.0103632 0.013276 0.00442784 0.0148241 0.0128984 0.00442098 0.015490388520482899 0.0109067 0.00410837 0.0148241 0.0128984 0.00442098 0.0135318 0.0133278 0.00268495 0.0148241 0.0128984 0.00442098 0.0141287 0.0148906 0.0047313 0.0148241 0.0128984 0.00442098 0.0158961865204829 0.0136627 0.00617154 0.0148241 0.0128984 0.00442098 0.0143716 0.0116897 0.00623969 0.0110178 0.00982361 0.00466687 0.0102675 0.0111605 0.0035914 0.0110178 0.00982361 0.00466687 0.00916354 0.00868626 0.00500254 0.0110178 0.00982361 0.00466687 0.00995828 0.0113967 0.00581314 0.0110178 0.00982361 0.00466687 0.0116683 0.00986683 0.00256479 0.0110178 0.00982361 0.00466687 0.0118366 0.00793123 0.00408673 0.0110178 0.00982361 0.00466687 0.0121908 0.0104404 0.00634222 0.0151322 0.0006071 0.002972 0.0151035 -0.0008984345204828992 0.00175213 0.00955185 0.00942053 0.00225453 0.00979811 0.0110684 0.00110373 0.00955185 0.00942053 0.00225453 0.00828293 0.0103259 0.00366929 0.00955185 0.00942053 0.00225453 0.0116683 0.00986683 0.00256479 0.0091529 0.000544887 0.00145682 0.00766469 -0.00034133452048289766 0.000864176 0.0091529 0.000544887 0.00145682 0.0106043 -0.0005788345204828993 0.00261889 0.0153141 0.00972122 0.00245086 0.015490388520482899 0.0109067 0.00410837 0.0153141 0.00972122 0.00245086 0.016030668520482898 0.0080941 0.00371508 0.0153141 0.00972122 0.00245086 0.0135266 0.0095067 0.00111303 0.0153141 0.00972122 0.00245086 0.0138435 0.00911241 0.00380848 0.0102675 0.0111605 0.0035914 0.0116347 0.0123231 0.00290255 0.0102675 0.0111605 0.0035914 0.00828293 0.0103259 0.00366929 0.0102675 0.0111605 0.0035914 0.0116683 0.00986683 0.00256479 0.000565403 0.000354355 0.00690979 -0.0012019345204829007 0.000946152 0.00643263 0.000565403 0.000354355 0.00690979 0.000525552 -0.0017079345204829 0.00617154 0.000565403 0.000354355 0.00690979 0.00103817 0.000240895 0.00479257 0.000565403 0.000354355 0.00690979 0.000255253 -0.0004916345204829 0.00882111 0.0146528 0.00676662 0.00257973 0.016030668520482898 0.0080941 0.00371508 0.0111546 0.000249481 0.000830735 0.0106043 -0.0005788345204828977 0.00261889 0.00690592 0.0118585 0.00544997 0.00629939 0.0107588 0.00405667 0.00690592 0.0118585 0.00544997 0.00820809 0.0126753 0.00426418 0.00690592 0.0118585 0.00544997 0.00763295 0.012517 0.00711935 0.0141687 0.000946152 0.00643263 0.0141287 -0.00048003452048289924 0.0047313 0.0141687 0.000946152 0.00643263 0.0138444 -0.0010965345204829 0.00715203 0.00629939 0.0107588 0.00405667 0.00828293 0.0103259 0.00366929 0.00820809 0.0126753 0.00426418 0.00822439 0.0143232 0.0027509 0.00820809 0.0126753 0.00426418 0.0103632 0.013276 0.00442784 0.00115686 0.00773546 0.00624896 0.000699942 0.00779799 0.00838517 0.00115686 0.00773546 0.00624896 -0.00042883452048290017 0.00927708 0.00600209 0.0116347 0.0123231 0.00290255 0.0108802 0.0131212 0.00108861 0.0116347 0.0123231 0.00290255 0.0103632 0.013276 0.00442784 0.0116347 0.0123231 0.00290255 0.0135318 0.0133278 0.00268495 0.0116347 0.0123231 0.00290255 0.013037 0.0113055 0.00418794 0.00120119 0.0142226 0.00292881 -0.00026713452048289813 0.0144722 0.00175213 0.0123134 0.0114524 0.00114913 0.0145028 0.011677 0.00119504 0.0123134 0.0114524 0.00114913 0.0108802 0.0131212 0.00108861 0.0123134 0.0114524 0.00114913 0.0116683 0.00986683 0.00256479 0.00875027 0.0147075 0.00477442 0.00822439 0.0143232 0.0027509 0.00875027 0.0147075 0.00477442 0.0103632 0.013276 0.00442784 0.00875027 0.0147075 0.00477442 0.00929409 0.0136682 0.00655789 0.00851349 0.0130673 0.000956909 0.00822439 0.0143232 0.0027509 0.0100729 0.000259513 0.00625108 0.00929409 -0.0017024345204828984 0.00655789 0.0100729 0.000259513 0.00625108 0.0114742 -0.000872634520482898 0.0073794 0.0100729 0.000259513 0.00625108 0.00946189 0.00010858599999999998 0.00824563 0.00766469 0.0150293 0.000864176 0.00822439 0.0143232 0.0027509 0.0151035 0.0144722 0.00175213 0.0135318 0.0133278 0.00268495 0.0121731 0.014418 0.00399545 0.0106043 0.0147918 0.00261889 0.0121731 0.014418 0.00399545 0.0103632 0.013276 0.00442784 0.0121731 0.014418 0.00399545 0.0135318 0.0133278 0.00268495 0.0121731 0.014418 0.00399545 0.0124568 0.0130977 0.00564053 0.0121731 0.014418 0.00399545 0.0141287 0.0148906 0.0047313 0.00763295 0.012517 0.00711935 0.00929409 0.0136682 0.00655789 0.00763295 0.012517 0.00711935 0.00797789 0.0103499 0.00681999 0.00763295 0.012517 0.00711935 0.00695965 0.0144502 0.00775701 0.00763295 0.012517 0.00711935 0.00659273 0.0114339 0.00852828 0.00763295 0.012517 0.00711935 0.00909755 0.0124014 0.00865308 0.00979811 0.0110684 0.00110373 0.0108802 0.0131212 0.00108861 0.00828293 0.0103259 0.00366929 0.00916354 0.00868626 0.00500254 0.00828293 0.0103259 0.00366929 0.00693064 0.00892168 0.00240657 0.000119754 0.0109067 0.00410837 0.0014234 0.0114201 0.00597474 0.000119754 0.0109067 0.00410837 -0.001527134520482899 0.00911241 0.00380848 0.000119754 0.0109067 0.00410837 -0.0023336345204828988 0.0113055 0.00418794 0.0145028 0.011677 0.00119504 0.0135318 0.0133278 0.00268495 0.0145028 0.011677 0.00119504 0.0135266 0.0095067 0.00111303 0.00916354 0.00868626 0.00500254 0.00691409 0.00838279 0.0059281 0.00916354 0.00868626 0.00500254 0.00829909 0.00652498 0.00566643 0.00916354 0.00868626 0.00500254 0.0101827 0.00929987 0.00693469 0.00822439 0.0143232 0.0027509 0.0106043 0.0147918 0.00261889 0.000660034 0.0080941 0.00371508 -0.0015271345204828997 0.00911241 0.00380848 0.0014234 0.0114201 0.00597474 0.000525552 0.0136627 0.00617154 0.0014234 0.0114201 0.00597474 -0.0009990345204828992 0.0116897 0.00623969 0.0108802 0.0131212 0.00108861 0.0106043 0.0147918 0.00261889 0.0106043 0.0147918 0.00261889 0.0103632 0.013276 0.00442784 0.0103632 0.013276 0.00442784 0.0124568 0.0130977 0.00564053 0.0103632 0.013276 0.00442784 0.00995828 0.0113967 0.00581314 0.0103632 0.013276 0.00442784 0.00929409 0.0136682 0.00655789 0.00691409 0.00838279 0.0059281 0.00797789 0.0103499 0.00681999 0.00691409 0.00838279 0.0059281 0.00829909 0.00652498 0.00566643 0.00691409 0.00838279 0.0059281 0.00827351 0.00758088 0.00781345 0.0124568 0.0130977 0.00564053 0.013037 0.0113055 0.00418794 0.0124568 0.0130977 0.00564053 0.0114742 0.014498 0.0073794 0.0124568 0.0130977 0.00564053 0.0143716 0.0116897 0.00623969 0.0124568 0.0130977 0.00564053 0.0138444 0.0142741 0.00715203 0.0141287 0.0148906 0.0047313 0.0164088045204829 0.015611529520482899 0.00479257 0.0135266 0.0095067 0.00111303 0.0116683 0.00986683 0.00256479 0.00995828 0.0113967 0.00581314 0.00929409 0.0136682 0.00655789 0.00995828 0.0113967 0.00581314 0.00797789 0.0103499 0.00681999 0.00995828 0.0113967 0.00581314 0.0121908 0.0104404 0.00634222 0.00995828 0.0113967 0.00581314 0.0101827 0.00929987 0.00693469 0.0116683 0.00986683 0.00256479 0.0118366 0.00793123 0.00408673 0.0138435 0.00911241 0.00380848 0.0118366 0.00793123 0.00408673 0.0138435 0.00911241 0.00380848 0.013037 0.0113055 0.00418794 0.0138435 0.00911241 0.00380848 0.0149418 0.00927708 0.00600209 0.00929409 0.0136682 0.00655789 0.0114742 0.014498 0.0073794 0.00929409 0.0136682 0.00655789 0.00946189 0.0154792205204829 0.00824563 0.00929409 0.0136682 0.00655789 0.00909755 0.0124014 0.00865308 0.0118366 0.00793123 0.00408673 0.010722 0.00688647 0.00592292 0.000525552 0.0136627 0.00617154 0.00103817 0.015611529520482899 0.00479257 0.000525552 0.0136627 0.00617154 -0.0009990345204828996 0.0116897 0.00623969 0.000525552 0.0136627 0.00617154 -0.0015262345204828998 0.0142741 0.00715203 0.013037 0.0113055 0.00418794 0.0143716 0.0116897 0.00623969 0.013037 0.0113055 0.00418794 0.0121908 0.0104404 0.00634222 0.00797789 0.0103499 0.00681999 0.00659273 0.0114339 0.00852828 0.00797789 0.0103499 0.00681999 0.0101827 0.00929987 0.00693469 0.0145523 0.0143584 0.0130598 0.016283609520482897 0.0160533105204829 0.0126726 0.0145523 0.0143584 0.0130598 0.012613 0.0148698 0.0116813 0.0145523 0.0143584 0.0130598 0.015868809520482897 0.0127897 0.0143072 0.00949855 0.0109528 0.0108233 0.00751422 0.0123779 0.0105607 0.00949855 0.0109528 0.0108233 0.00937483 0.00928907 0.00912958 0.00949855 0.0109528 0.0108233 0.009422 0.0131524 0.0118102 0.00949855 0.0109528 0.0108233 0.00736665 0.0100076 0.0102437 0.00949855 0.0109528 0.0108233 0.0110223 0.00969618 0.0122368 0.00949855 0.0109528 0.0108233 0.0110152 0.0110624 0.00901587 0.00949855 0.0109528 0.0108233 0.0080958 0.0101579 0.0125847 0.0144503 0.00764549 0.0140144 0.01213 0.00854339 0.0141991 0.0144503 0.00764549 0.0140144 0.0169193745204829 0.00782244 0.0142834 0.0144503 0.00764549 0.0140144 0.0155204635204829 0.00983017 0.01428 0.0127944 0.0113185 0.0122659 0.0121983 0.0132064 0.0137452 0.0127944 0.0113185 0.0122659 0.0138653 0.0115293 0.0142625 0.0127944 0.0113185 0.0122659 0.0139971 0.0130174 0.0109939 0.0127944 0.0113185 0.0122659 0.0125723 0.0100284 0.0103688 0.0127944 0.0113185 0.0122659 0.0115934 0.0127965 0.010922 0.0127944 0.0113185 0.0122659 0.0114036 0.0109292 0.014223 0.0127944 0.0113185 0.0122659 0.0110223 0.00969618 0.0122368 0.0127944 0.0113185 0.0122659 0.0146409 0.00970802 0.0121312 0.00824319 0.00668703 0.0143494 0.00675834 0.00628533 0.0125321 0.00824319 0.00668703 0.0143494 0.00686335 0.00844322 0.0137168 0.00824319 0.00668703 0.0143494 0.00933485 0.00826755 0.0131557 0.00695965 0.0144502 0.00775701 0.008066 0.0146204 0.00994276 0.0150341 0.0109966 0.0102594 0.0162051135204829 0.0121481 0.0120516 0.0150341 0.0109966 0.0102594 0.0139971 0.0130174 0.0109939 0.0150341 0.0109966 0.0102594 0.0143153 0.00877061 0.0096477 0.0150341 0.0109966 0.0102594 0.0149091 0.0126064 0.00854669 0.0150341 0.0109966 0.0102594 0.0157819575204829 0.0102244 0.0080913 0.0150341 0.0109966 0.0102594 0.0146409 0.00970802 0.0121312 0.000699942 0.00779799 0.00838517 -0.0010553345204829 0.00877061 0.0096477 0.000699942 0.00779799 0.00838517 0.000411323 0.0102244 0.0080913 0.00963215 0.0125941 0.014175 0.009422 0.0131524 0.0118102 0.00963215 0.0125941 0.014175 0.0114036 0.0109292 0.014223 0.00963215 0.0125941 0.014175 0.00748356 0.0123154 0.0129704 0.00751422 0.0123779 0.0105607 0.00659273 0.0114339 0.00852828 0.00751422 0.0123779 0.0105607 0.008066 0.0146204 0.00994276 0.00751422 0.0123779 0.0105607 0.00909755 0.0124014 0.00865308 0.00751422 0.0123779 0.0105607 0.009422 0.0131524 0.0118102 0.00751422 0.0123779 0.0105607 0.00736665 0.0100076 0.0102437 0.00751422 0.0123779 0.0105607 0.00748356 0.0123154 0.0129704 0.00937483 0.00928907 0.00912958 0.00736665 0.0100076 0.0102437 0.00937483 0.00928907 0.00912958 0.00853535 0.00808845 0.0109623 0.00937483 0.00928907 0.00912958 0.011096 0.00819403 0.0104058 0.00937483 0.00928907 0.00912958 0.00827351 0.00758088 0.00781345 0.00937483 0.00928907 0.00912958 0.0110152 0.0110624 0.00901587 0.00937483 0.00928907 0.00912958 0.0106286 0.00742746 0.00826266 0.00937483 0.00928907 0.00912958 0.0101827 0.00929987 0.00693469 0.00829909 0.00652498 0.00566643 0.010722 0.00688647 0.00592292 0.00829909 0.00652498 0.00566643 0.00827351 0.00758088 0.00781345 0.0125234 0.012798 0.00860929 0.0114742 0.014498 0.0073794 0.0125234 0.012798 0.00860929 0.0149091 0.0126064 0.00854669 0.0125234 0.012798 0.00860929 0.0115934 0.0127965 0.010922 0.0125234 0.012798 0.00860929 0.0138444 0.0142741 0.00715203 0.0125234 0.012798 0.00860929 0.0134998 0.0106392 0.00826385 0.0125234 0.012798 0.00860929 0.0110152 0.0110624 0.00901587 0.0125234 0.012798 0.00860929 0.0131769 0.0149757 0.00931721 0.000912975 0.000682676 0.0126726 -0.0007209345204828992 0.000625688 0.0108766 0.0114742 0.014498 0.0073794 0.00946189 0.0154792205204829 0.00824563 0.0114742 0.014498 0.0073794 0.0138444 0.0142741 0.00715203 0.00884593 7.62026e-05 0.0120069 0.008066 -0.000750234520482899 0.00994276 0.00884593 7.62026e-05 0.0120069 0.0104952 -0.0006055345204828996 0.0102568 0.00884593 7.62026e-05 0.0120069 0.009422 -0.0022182345204828998 0.0118102 0.00884593 7.62026e-05 0.0120069 0.00880213 0.000985239 0.0142355 0.00884593 7.62026e-05 0.0120069 0.009017 0.00240563 0.0121149 0.00884593 7.62026e-05 0.0120069 0.0109976 0.00122112 0.0118017 0.0149418 0.00927708 0.00600209 0.0143716 0.0116897 0.00623969 0.0149418 0.00927708 0.00600209 0.0128406 0.00806684 0.00639048 0.0149418 0.00927708 0.00600209 0.0157819575204829 0.0102244 0.0080913 0.00659273 0.0114339 0.00852828 0.00736665 0.0100076 0.0102437 0.008066 0.0146204 0.00994276 0.00946189 0.0154792205204829 0.00824563 0.008066 0.0146204 0.00994276 0.0104952 0.0147651 0.0102568 0.00615282 0.00787564 0.0088473 0.00827351 0.00758088 0.00781345 0.0121983 0.0132064 0.0137452 0.0138653 0.0115293 0.0142625 0.0121983 0.0132064 0.0137452 0.0108503 0.0151875 0.0137928 0.0121983 0.0132064 0.0137452 0.0114036 0.0109292 0.014223 0.00616276 0.00838439 0.011438 0.00675834 0.00628533 0.0125321 0.00616276 0.00838439 0.011438 0.00686335 0.00844322 0.0137168 0.00616276 0.00838439 0.011438 0.00736665 0.0100076 0.0102437 0.00616276 0.00838439 0.011438 0.00853535 0.00808845 0.0109623 0.0138653 0.0115293 0.0142625 0.015868809520482897 0.0127897 0.0143072 0.0138653 0.0115293 0.0142625 0.0155204635204829 0.00983017 0.01428 0.000834479 0.0121481 0.0120516 0.000498175 0.0127897 0.0143072 0.0139971 0.0130174 0.0109939 0.0115934 0.0127965 0.010922 0.0139971 0.0130174 0.0109939 0.012613 0.0148698 0.0116813 0.0112117 0.0070221 0.0125841 0.01213 0.00854339 0.0141991 0.0112117 0.0070221 0.0125841 0.0130409 0.0080965 0.0117725 0.0112117 0.0070221 0.0125841 0.00933485 0.00826755 0.0131557 0.0112117 0.0070221 0.0125841 0.011096 0.00819403 0.0104058 0.0143716 0.0116897 0.00623969 0.0134998 0.0106392 0.00826385 0.01213 0.00854339 0.0141991 0.0114036 0.0109292 0.014223 0.0125723 0.0100284 0.0103688 0.0143153 0.00877061 0.0096477 0.0125723 0.0100284 0.0103688 0.0130409 0.0080965 0.0117725 0.0125723 0.0100284 0.0103688 0.011096 0.00819403 0.0104058 0.0125723 0.0100284 0.0103688 0.0134998 0.0106392 0.00826385 0.0125723 0.0100284 0.0103688 0.0110223 0.00969618 0.0122368 0.0125723 0.0100284 0.0103688 0.0110152 0.0110624 0.00901587 0.0146497 0.000625688 0.0108766 0.012613 -0.0005008345204828977 0.0116813 0.0146497 0.000625688 0.0108766 0.016380014520482898 0.00169558 0.00953593 0.0146497 0.000625688 0.0108766 0.0131769 -0.00039493452048289864 0.00931721 0.00154874 0.00782244 0.0142834 0.00014982899999999998 0.00983017 0.01428 0.00675834 0.00628533 0.0125321 0.00686335 0.00844322 0.0137168 0.0143153 0.00877061 0.0096477 0.0134998 0.0106392 0.00826385 0.000255253 0.014879 0.00882111 -0.0004615345204828998 0.0126064 0.00854669 0.000255253 0.014879 0.00882111 0.00100938 0.0170662145204829 0.00953593 0.0149091 0.0126064 0.00854669 0.0138444 0.0142741 0.00715203 0.0149091 0.0126064 0.00854669 0.0134998 0.0106392 0.00826385 0.0115934 0.0127965 0.010922 0.0104952 0.0147651 0.0102568 0.0115934 0.0127965 0.010922 0.012613 0.0148698 0.0116813 0.0115934 0.0127965 0.010922 0.009422 0.0131524 0.0118102 0.00946189 0.000108586 0.00824563 0.0104952 -0.0006055345204829002 0.0102568 0.0108503 0.0151875 0.0137928 0.00880213 0.0163558735204829 0.0142355 0.0108503 0.0151875 0.0137928 0.0109976 0.0165917545204829 0.0118017 0.0130409 0.0080965 0.0117725 0.0150335 0.00691897 0.0115208 0.0130409 0.0080965 0.0117725 0.011096 0.00819403 0.0104058 0.0130409 0.0080965 0.0117725 0.0146409 0.00970802 0.0121312 0.0104952 0.0147651 0.0102568 0.009422 0.0131524 0.0118102 0.0104952 0.0147651 0.0102568 0.0109976 0.0165917545204829 0.0118017 0.012613 0.0148698 0.0116813 0.0131769 0.0149757 0.00931721 0.012613 0.0148698 0.0116813 0.0109976 0.0165917545204829 0.0118017 0.0138444 0.0142741 0.00715203 0.0131769 0.0149757 0.00931721 0.0121908 0.0104404 0.00634222 0.0128406 0.00806684 0.00639048 0.0121908 0.0104404 0.00634222 0.0134998 0.0106392 0.00826385 0.0121908 0.0104404 0.00634222 0.0101827 0.00929987 0.00693469 0.00909755 0.0124014 0.00865308 0.0110152 0.0110624 0.00901587 0.00686335 0.00844322 0.0137168 0.0080958 0.0101579 0.0125847 0.009422 0.0131524 0.0118102 0.00748356 0.0123154 0.0129704 0.0114036 0.0109292 0.014223 0.0110223 0.00969618 0.0122368 0.010722 0.00688647 0.00592292 0.0128406 0.00806684 0.00639048 0.010722 0.00688647 0.00592292 0.0106286 0.00742746 0.00826266 0.00736665 0.0100076 0.0102437 0.00853535 0.00808845 0.0109623 0.00736665 0.0100076 0.0102437 0.0080958 0.0101579 0.0125847 0.00853535 0.00808845 0.0109623 0.00933485 0.00826755 0.0131557 0.00666479 0.0138719 0.014363 0.00748356 0.0123154 0.0129704 0.00933485 0.00826755 0.0131557 0.0110223 0.00969618 0.0122368 0.00933485 0.00826755 0.0131557 0.0080958 0.0101579 0.0125847 0.011096 0.00819403 0.0104058 0.0110223 0.00969618 0.0122368 0.011096 0.00819403 0.0104058 0.0106286 0.00742746 0.00826266 0.00827351 0.00758088 0.00781345 0.0106286 0.00742746 0.00826266 0.0134998 0.0106392 0.00826385 0.0157819575204829 0.0102244 0.0080913 0.00748356 0.0123154 0.0129704 0.0080958 0.0101579 0.0125847 0.0106286 0.00742746 0.00826266 0.0125461 0.00629427 0.00895738 0.0106286 0.00742746 0.00826266 0.0101827 0.00929987 0.00693469 0.009017 0.00240563 0.0121149 0.0109976 0.00122112 0.0118017 0.0146409 0.00970802 0.0121312 0.0155204635204829 0.00983017 0.01428</DataArray>
</Points><Lines>
<DataArray type="Int64" Name="connectivity" format="ascii">0 1 2 3 4 5 6 7 8 9 10 11 12 13 14 15 16 17 18 19 20 21 22 23 24 25 26 27 28 29 30 31 32 33 34 35 36 37 38 39 40 41 42 43 44 45 46 47 48 49 50 51 52 53 54 55 56 57 58 59 60 61 62 63 64 65 66 67 68 69 70 71 72 73 74 75 76 77 78 79 80 81 82 83 84 85 86 87 88 89 90 91 92 93 94 95 96 97 98 99 100 101 102 103 104 105 106 107 108 109 110 111 112 113 114 115 116 117 118 119 120 121 122 123 124 125 126 127 128 129 130 131 132 133 134 135 136 137 138 139 140 141 142 143 144 145 146 147 148 149 150 151 152 153 154 155 156 157 158 159 160 161 162 163 164 165 166 167 168 169 170 171 172 173 174 175 176 177 178 179 180 181 182 183 184 185 186 187 188 189 190 191 192 193 194 195 196 197 198 199 200 201 202 203 204 205 206 207 208 209 210 211 212 213 214 215 216 217 218 219 220 221 222 223 224 225 226 227 228 229 230 231 232 233 234 235 236 237 238 239 240 241 242 243 244 245 246 247 248 249 250 251 252 253 254 255 256 257 258 259 260 261 262 263 264 265 266 267 268 269 270 271 272 273 274 275 276 277 278 279 280 281 282 283 284 285 286 287 288 289 290 291 292 293 294 295 296 297 298 299 300 301 302 303 304 305 306 307 308 309 310 311 312 313 314 315 316 317 318 319 320 321 322 323 324 325 326 327 328 329 330 331 332 333 334 335 336 337 338 339 340 341 342 343 344 345 346 347 348 349 350 351 352 353 354 355 356 357 358 359 360 361 362 363 364 365 366 367 368 369 370 371 372 373 374 375 376 377 378 379 380 381 382 383 384 385 386 387 388 389 390 391 392 393 394 395 396 397 398 399 400 401 402 403 404 405 406 407 408 409 410 411 412 413 414 415 416 417 418 419 420 421 422 423 424 425 426 427 428 429 430 431 432 433 434 435 436 437 438 439 440 441 442 443 444 445 446 447 448 449 450 451 452 453 454 455 456 457 458 459 460 461 462 463 464 465 466 467 468 469 470 471 472 473 474 475 476 477 478 479 480 481 482 483 484 485 486 487 488 489 490 491 492 493 494 495 496 497 498 499 500 501 502 503 504 505 506 507 508 509 510 511 512 513 514 515 516 517 518 519 520 521 522 523 524 525 526 527 528 529 530 531 532 533 534 535 536 537 538 539 540 541 542 543 544 545 546 547 548 549 550 551 552 553 554 555 556 557 558 559 560 561 562 563 564 565 566 567 568 569 570 571 572 573 574 575 576 577 578 579 580 581 582 583 584 585 586 587 588 589 590 591 592 593 594 595 596 597 598 599 600 601 602 603 604 605 606 607 608 609 610 611 612 613 614 615 616 617 618 619 620 621 622 623 624 625 626 627 628 629 630 631 632 633 634 635 636 637 638 639 640 641 642 643 644 645 646 647 648 649 650 651 652 653 654 655 656 657 658 659 660 661 662 663 664 665 666 667 668 669 670 671 672 673 674 675 676 677 678 679 680 681 682 683 684 685 686 687 688 689 690 691 692 693 694 695 696 697 698 699 700 701 702 703 704 705 706 707 708 709 710 711 712 713 714 715 716 717 718 719 720 721 722 723 724 725 726 727 728 729 730 731 732 733 734 735 736 737 738 739 740 741 742 743 744 745 746 747 748 749 750 751 752 753 754 755 756 757 758 759 760 761 762 763 764 765 766 767 768 769 770 771 772 773 774 775 776 777 778 779 780 781 782 783 784 785 786 787 788 789 790 791 792 793 794 795 796 797 798 799 800 801 802 803 804 805 806 807 808 809 810 811 812 813 814 815 816 817 818 819 820 821 822 823 824 825 826 827 828 829 830 831 832 833 834 835 836 837 838 839 840 841 842 843 844 845 846 847 848 849 850 851 852 853 854 855 856 857 858 859 860 861 862 863 864 865 866 867 868 869 870 871 872 873 874 875 876 877 878 879 880 881 882 883 884 885 886 887 888 889 890 891 892 893 894 895 896 897 898 899 900 901 902 903 904 905 906 907 908 909 910 911 912 913 914 915 916 917 918 919 920 921 922 923 924 925 926 927 928 929 930 931 932 933 934 935 936 937 938 939 940 941 942 943 944 945 946 947 948 949 950 951 952 953 954 955 956 957 958 959 960 961 962 963 964 965 966 967 968 969 970 971 972 973 974 975 976 977 978 979 980 981 982 983 984 985 986 987 988 989 990 991 992 993 994 995 996 997 998 999 1000 1001 1002 1003 1004 1005 1006 1007 1008 1009 1010 1011 1012 1013 1014 1015 1016 1017 1018 1019 1020 1021 1022 1023 1024 1025 1026 1027 1028 1029 1030 1031 1032 1033 1034 1035 1036 1037 1038 1039 1040 1041 1042 1043 1044 1045 1046 1047 1048 1049 1050 1051 1052 1053 1054 1055 1056 1057 1058 1059 1060 1061 1062 1063 1064 1065 1066 1067 1068 1069 1070 1071 1072 1073 1074 1075 1076 1077 1078 1079 1080 1081 1082 1083 1084 1085 1086 1087 1088 1089 1090 1091 1092 1093 1094 1095 1096 1097 1098 1099 1100 1101 1102 1103 1104 1105 1106 1107 1108 1109 1110 1111 1112 1113 1114 1115 1116 1117 1118 1119 1120 1121 1122 1123 1124 1125 1126 1127 1128 1129 1130 1131 1132 1133 1134 1135 1136 1137 1138 1139 1140 1141 1142 1143 1144 1145 1146 1147 1148 1149 1150 1151 1152 1153 1154 1155 1156 1157 1158 1159 1160 1161 1162 1163 1164 1165 1166 1167 1168 1169 1170 1171 1172 1173 1174 1175 1176 1177 1178 1179 1180 1181 1182 1183 1184 1185 1186 1187 1188 1189 1190 1191 1192 1193 1194 1195 1196 1197 1198 1199 1200 1201 1202 1203 1204 1205 1206 1207 1208 1209 1210 1211 1212 1213 1214 1215 1216 1217 1218 1219 1220 1221 1222 1223 1224 1225 1226 1227 1228 1229 1230 1231 1232 1233 1234 1235 1236 1237 1238 1239 1240 1241 1242 1243 1244 1245 1246 1247 1248 1249 1250 1251 1252 1253 1254 1255 1256 1257 1258 1259 1260 1261 1262 1263 1264 1265 1266 1267 1268 1269 1270 1271 1272 1273 1274 1275 1276 1277 1278 1279 1280 1281 1282 1283 1284 1285 1286 1287 1288 1289 1290 1291 1292 1293 1294 1295 1296 1297 1298 1299 1300 1301 1302 1303 1304 1305 1306 1307 1308 1309 1310 1311 1312 1313 1314 1315 1316 1317 1318 1319 1320 1321 1322 1323 1324 1325 1326 1327 1328 1329 1330 1331 1332 1333 1334 1335 1336 1337 1338 1339 1340 1341 1342 1343 1344 1345 1346 1347 1348 1349 1350 1351 1352 1353 1354 1355 1356 1357 1358 1359 1360 1361 1362 1363 1364 1365 1366 1367 1368 1369 1370 1371 1372 1373 1374 1375 1376 1377 1378 1379 1380 1381 1382 1383 1384 1385 1386 1387 1388 1389 1390 1391 1392 1393 1394 1395 1396 1397 1398 1399 1400 1401 1402 1403 1404 1405 1406 1407 1408 1409 1410 1411 1412 1413 1414 1415 1416 1417 1418 1419 1420 1421 1422 1423 1424 1425 1426 1427 1428 1429 1430 1431 1432 1433 1434 1435 1436 1437 1438 1439 1440 1441 1442 1443 1444 1445 1446 1447 1448 1449 1450 1451 1452 1453 1454 1455 1456 1457 1458 1459 1460 1461 1462 1463 1464 1465 1466 1467 1468 1469 1470 1471 1472 1473 1474 1475 1476 1477 1478 1479 1480 1481 1482 1483 1484 1485 1486 1487 1488 1489 1490 1491 1492 1493 1494 1495 1496 1497 1498 1499 1500 1501 1502 1503 1504 1505 1506 1507 1508 1509 1510 1511 1512 1513 1514 1515 1516 1517 1518 1519 1520 1521 1522 1523 1524 1525 1526 1527 1528 1529 1530 1531 1532 1533 1534 1535 1536 1537 1538 1539 1540 1541 1542 1543 1544 1545 1546 1547 1548 1549 1550 1551 1552 1553 1554 1555 1556 1557 1558 1559 1560 1561 1562 1563 1564 1565 1566 1567 1568 1569 1570 1571 1572 1573 1574 1575 1576 1577 1578 1579 1580 1581 1582 1583 1584 1585 1586 1587 1588 1589 1590 1591 1592 1593 1594 1595 1596 1597 1598 1599 1600 1601 1602 1603 1604 1605 1606 1607 1608 1609 1610 1611 1612 1613 1614 1615 1616 1617 1618 1619 1620 1621 1622 1623 1624 1625 1626 1627 1628 1629 1630 1631 1632 1633 1634 1635 1636 1637 1638 1639 1640 1641 1642 1643 1644 1645 1646 1647 1648 1649 1650 1651 1652 1653 1654 1655 1656 1657 1658 1659 1660 1661 1662 1663 1664 1665 1666 1667 1668 1669 1670 1671 1672 1673 1674 1675 1676 1677 1678 1679 1680 1681 1682 1683 1684 1685 1686 1687 1688 1689 1690 1691 1692 1693 1694 1695 1696 1697 1698 1699 1700 1701 1702 1703 1704 1705 1706 1707 1708 1709 1710 1711 1712 1713 1714 1715 1716 1717 1718 1719 1720 1721 1722 1723 1724 1725 1726 1727 1728 1729 1730 1731 1732 1733 1734 1735 1736 1737 1738 1739 1740 1741 1742 1743 1744 1745 1746 1747 1748 1749 1750 1751 1752 1753 1754 1755 1756 1757 1758 1759 1760 1761 1762 1763 1764 1765 1766 1767 1768 1769 1770 1771 1772 1773 1774 1775 1776 1777 1778 1779 1780 1781 1782 1783 1784 1785 1786 1787 1788 1789 1790 1791 1792 1793 1794 1795 1796 1797 1798 1799 1800 1801 1802 1803 1804 1805 1806 1807 1808 1809 1810 1811 1812 1813 1814 1815 1816 1817 1818 1819 1820 1821 1822 1823 1824 1825 1826 1827 1828 1829 1830 1831 1832 1833 1834 1835 1836 1837 1838 1839 1840 1841 1842 1843 1844 1845 1846 1847 1848 1849 1850 1851 1852 1853 1854 1855 1856 1857 1858 1859 1860 1861 1862 1863 1864 1865 1866 1867 1868 1869 1870 1871 1872 1873 1874 1875 1876 1877 1878 1879 1880 1881 1882 1883 1884 1885 1886 1887 1888 1889 1890 1891 1892 1893 1894 1895 1896 1897 1898 1899 1900 1901 1902 1903 1904 1905 1906 1907 1908 1909 1910 1911 1912 1913 1914 1915 1916 1917 1918 1919 1920 1921 1922 1923 1924 1925 1926 1927 1928 1929 1930 1931 1932 1933 1934 1935 1936 1937 1938 1939 1940 1941 1942 1943 1944 1945 1946 1947 1948 1949 1950 1951 1952 1953 1954 1955 1956 1957 1958 1959 1960 1961 1962 1963 1964 1965 1966 1967 1968 1969 1970 1971 1972 1973 1974 1975 1976 1977 1978 1979 1980 1981 1982 1983 1984 1985 1986 1987 1988 1989 1990 1991 1992 1993 1994 1995 1996 1997 1998 1999 2000 2001 2002 2003 2004 2005 2006 2007 2008 2009 2010 2011 2012 2013 2014 2015 2016 2017 2018 2019 2020 2021 2022 2023 2024 2025 2026 2027 2028 2029 2030 2031 2032 2033 2034 2035 2036 2037 2038 2039 2040 2041 2042 2043 2044 2045 2046 2047 2048 2049 2050 2051 2052 2053 2054 2055 2056 2057 2058 2059 2060 2061 2062 2063 2064 2065 2066 2067 2068 2069 2070 2071 2072 2073 2074 2075 2076 2077 2078 2079 2080 2081 2082 2083 2084 2085 2086 2087 2088 2089 2090 2091 2092 2093 2094 2095 2096 2097 2098 2099 2100 2101 2102 2103 2104 2105 2106 2107 2108 2109 2110 2111 2112 2113 2114 2115 2116 2117 2118 2119 2120 2121 2122 2123 2124 2125 2126 2127 2128 2129 2130 2131 2132 2133 2134 2135 2136 2137 2138 2139 2140 2141 2142 2143 2144 2145 2146 2147 2148 2149 2150 2151 2152 2153 2154 2155 2156 2157 2158 2159 2160 2161 2162 2163 2164 2165 2166 2167 2168 2169 2170 2171 2172 2173 2174 2175 2176 2177 2178 2179 2180 2181 2182 2183 2184 2185 2186 2187 2188 2189 2190 2191 2192 2193 2194 2195 2196 2197 2198 2199 2200 2201 2202 2203 2204 2205 2206 2207 2208 2209 2210 2211 2212 2213 2214 2215 2216 2217 2218 2219 2220 2221 2222 2223 2224 2225 2226 2227 2228 2229 2230 2231 2232 2233 2234 2235 2236 2237 2238 2239 2240 2241 2242 2243 2244 2245 2246 2247 2248 2249 2250 2251 2252 2253 2254 2255 2256 2257 2258 2259 2260 2261 2262 2263 2264 2265 2266 2267 2268 2269 2270 2271 2272 2273 2274 2275 2276 2277 2278 2279 2280 2281 2282 2283 2284 2285 2286 2287 2288 2289 2290 2291 2292 2293 2294 2295 2296 2297 2298 2299 2300 2301 2302 2303 2304 2305 2306 2307 2308 2309 2310 2311 2312 2313 2314 2315 2316 2317 2318 2319 2320 2321 2322 2323 2324 2325 2326 2327 2328 2329 2330 2331 2332 2333 2334 2335 2336 2337 2338 2339 2340 2341 2342 2343 2344 2345 2346 2347 2348 2349 2350 2351 2352 2353 2354 2355 2356 2357 2358 2359 2360 2361 2362 2363 2364 2365 2366 2367 2368 2369 2370 2371 2372 2373 2374 2375 2376 2377 2378 2379 2380 2381 2382 2383 2384 2385 2386 2387 2388 2389 2390 2391 2392 2393 2394 2395 2396 2397 2398 2399 2400 2401 2402 2403 2404 2405 2406 2407 2408 2409 2410 2411 2412 2413 2414 2415 2416 2417 2418 2419 2420 2421 2422 2423 2424 2425 2426 2427 2428 2429 2430 2431 2432 2433 2434 2435 2436 2437 2438 2439 2440 2441 2442 2443 2444 2445 2446 2447 2448 2449 2450 2451 2452 2453 2454 2455 2456 2457 2458 2459 2460 2461 2462 2463 2464 2465 2466 2467 2468 2469 2470 2471 2472 2473 2474 2475 2476 2477 2478 2479 2480 2481 2482 2483 2484 2485 2486 2487 2488 2489 2490 2491 2492 2493 2494 2495 2496 2497 2498 2499 2500 2501 2502 2503 2504 2505 2506 2507 2508 2509 2510 2511 2512 2513 2514 2515 2516 2517 2518 2519 2520 2521 2522 2523 2524 2525 2526 2527 2528 2529 2530 2531 2532 2533 2534 2535 2536 2537 2538 2539 2540 2541 2542 2543 2544 2545 2546 2547 2548 2549 2550 2551 2552 2553 2554 2555 2556 2557 2558 2559 2560 2561 2562 2563 2564 2565 2566 2567 2568 2569 2570 2571 2572 2573 2574 2575 2576 2577 2578 2579 2580 2581 2582 2583 2584 2585 2586 2587 2588 2589 2590 2591 2592 2593 2594 2595 2596 2597 2598 2599 2600 2601 2602 2603 2604 2605 2606 2607 2608 2609 2610 2611 2612 2613 2614 2615 2616 2617 2618 2619 2620 2621 2622 2623 2624 2625 2626 2627 2628 2629 2630 2631 2632 2633 2634 2635 2636 2637 2638 2639 2640 2641 2642 2643 2644 2645 2646 2647 2648 2649 2650 2651 2652 2653 2654 2655 2656 2657 2658 2659 2660 2661 2662 2663 2664 2665 2666 2667 2668 2669 2670 2671 2672 2673 2674 2675 2676 2677 2678 2679 2680 2681 2682 2683 2684 2685 2686 2687 2688 2689 2690 2691 2692 2693 2694 2695 2696 2697 2698 2699 2700 2701 2702 2703 2704 2705 2706 2707 2708 2709 2710 2711 2712 2713 2714 2715 2716 2717 2718 2719 2720 2721 2722 2723 2724 2725 2726 2727 2728 2729 2730 2731 2732 2733 2734 2735 2736 2737 2738 2739 2740 2741 2742 2743 2744 2745 2746 2747 2748 2749 2750 2751 2752 2753 2754 2755 2756 2757 2758 2759 2760 2761 2762 2763</DataArray>
<DataArray type="Int64" Name="offsets" format="ascii">2 4 6 8 10 12 14 16 18 20 22 24 26 28 30 32 34 36 38 40 42 44 46 48 50 52 54 56 58 60 62 64 66 68 70 72 74 76 78 80 82 84 86 88 90 92 94 96 98 100 102 104 106 108 110 112 114 116 118 120 122 124 126 128 130 132 134 136 138 140 142 144 146 148 150 152 154 156 158 160 162 164 166 168 170 172 174 176 178 180 182 184 186 188 190 192 194 196 198 200 202 204 206 208 210 212 214 216 218 220 222 224 226 228 230 232 234 236 238 240 242 244 246 248 250 252 254 256 258 260 262 264 266 268 270 272 274 276 278 280 282 284 286 288 290 292 294 296 298 300 302 304 306 308 310 312 314 316 318 320 322 324 326 328 330 332 334 336 338 340 342 344 346 348 350 352 354 356 358 360 362 364 366 368 370 372 374 376 378 380 382 384 386 388 390 392 394 396 398 400 402 404 406 408 410 412 414 416 418 420 422 424 426 428 430 432 434 436 438 440 442 444 446 448 450 452 454 456 458 460 462 464 466 468 470 472 474 476 478 480 482 484 486 488 490 492 494 496 498 500 502 504 506 508 510 512 514 516 518 520 522 524 526 528 530 532 534 536 538 540 542 544 546 548 550 552 554 556 558 560 562 564 566 568 570 572 574 576 578 580 582 584 586 588 590 592 594 596 598 600 602 604 606 608 610 612 614 616 618 620 622 624 626 628 630 632 634 636 638 640 642 644 646 648 650 652 654 656 658 660 662 664 666 668 670 672 674 676 678 680 682 684 686 688 690 692 694 696 698 700 702 704 706 708 710 712 714 716 718 720 722 724 726 728 730 732 734 736 738 740 742 744 746 748 750 752 754 756 758 760 762 764 766 768 770 772 774 776 778 780 782 784 786 788 790 792 794 796 798 800 802 804 806 808 810 812 814 816 818 820 822 824 826 828 830 832 834 836 838 840 842 844 846 848 850 852 854 856 858 860 862 864 866 868 870 872 874 876 878 880 882 884 886 888 890 892 894 896 898 900 902 904 906 908 910 912 914 916 918 920 922 924 926 928 930 932 934 936 938 940 942 944 946 948 950 952 954 956 958 960 962 964 966 968 970 972 974 976 978 980 982 984 986 988 990 992 994 996 998 1000 1002 1004 1006 1008 1010 1012 1014 1016 1018 1020 1022 1024 1026 1028 1030 1032 1034 1036 1038 1040 1042 1044 1046 1048 1050 1052 1054 1056 1058 1060 1062 1064 1066 1068 1070 1072 1074 1076 1078 1080 1082 1084 1086 1088 1090 1092 1094 1096 1098 1100 1102 1104 1106 1108 1110 1112 1114 1116 1118 1120 1122 1124 1126 1128 1130 1132 1134 1136 1138 1140 1142 1144 1146 1148 1150 1152 1154 1156 1158 1160 1162 1164 1166 1168 1170 1172 1174 1176 1178 1180 1182 1184 1186 1188 1190 1192 1194 1196 1198 1200 1202 1204 1206 1208 1210 1212 1214 1216 1218 1220 1222 1224 1226 1228 1230 1232 1234 1236 1238 1240 1242 1244 1246 1248 1250 1252 1254 1256 1258 1260 1262 1264 1266 1268 1270 1272 1274 1276 1278 1280 1282 1284 1286 1288 1290 1292 1294 1296 1298 1300 1302 1304 1306 1308 1310 1312 1314 1316 1318 1320 1322 1324 1326 1328 1330 1332 1334 1336 1338 1340 1342 1344 1346 1348 1350 1352 1354 1356 1358 1360 1362 1364 1366 1368 1370 1372 1374 1376 1378 1380 1382 1384 1386 1388 1390 1392 1394 1396 1398 1400 1402 1404 1406 1408 1410 1412 1414 1416 1418 1420 1422 1424 1426 1428 1430 1432 1434 1436 1438 1440 1442 1444 1446 1448 1450 1452 1454 1456 1458 1460 1462 1464 1466 1468 1470 1472 1474 1476 1478 1480 1482 1484 1486 1488 1490 1492 1494 1496 1498 1500 1502 1504 1506 1508 1510 1512 1514 1516 1518 1520 1522 1524 1526 1528 1530 1532 1534 1536 1538 1540 1542 1544 1546 1548 1550 1552 1554 1556 1558 1560 1562 1564 1566 1568 1570 1572 1574 1576 1578 1580 1582 1584 1586 1588 1590 1592 1594 1596 1598 1600 1602 1604 1606 1608 1610 1612 1614 1616 1618 1620 1622 1624 1626 1628 1630 1632 1634 1636 1638 1640 1642 1644 1646 1648 1650 1652 1654 1656 1658 1660 1662 1664 1666 1668 1670 1672 1674 1676 1678 1680 1682 1684 1686 1688 1690 1692 1694 1696 1698 1700 1702 1704 1706 1708 1710 1712 1714 1716 1718 1720 1722 1724 1726 1728 1730 1732 1734 1736 1738 1740 1742 1744 1746 1748 1750 1752 1754 1756 1758 1760 1762 1764 1766 1768 1770 1772 1774 1776 1778 1780 1782 1784 1786 1788 1790 1792 1794 1796 1798 1800 1802 1804 1806 1808 1810 1812 1814 1816 1818 1820 1822 1824 1826 1828 1830 1832 1834 1836 1838 1840 1842 1844 1846 1848 1850 1852 1854 1856 1858 1860 1862 1864 1866 1868 1870 1872 1874 1876 1878 1880 1882 1884 1886 1888 1890 1892 1894 1896 1898 1900 1902 1904 1906 1908 1910 1912 1914 1916 1918 1920 1922 1924 1926 1928 1930 1932 1934 1936 1938 1940 1942 1944 1946 1948 1950 1952 1954 1956 1958 1960 1962 1964 1966 1968 1970 1972 1974 1976 1978 1980 1982 1984 1986 1988 1990 1992 1994 1996 1998 2000 2002 2004 2006 2008 2010 2012 2014 2016 2018 2020 2022 2024 2026 2028 2030 2032 2034 2036 2038 2040 2042 2044 2046 2048 2050 2052 2054 2056 2058 2060 2062 2064 2066 2068 2070 2072 2074 2076 2078 2080 2082 2084 2086 2088 2090 2092 2094 2096 2098 2100 2102 2104 2106 2108 2110 2112 2114 2116 2118 2120 2122 2124 2126 2128 2130 2132 2134 2136 2138 2140 2142 2144 2146 2148 2150 2152 2154 2156 2158 2160 2162 2164 2166 2168 2170 2172 2174 2176 2178 2180 2182 2184 2186 2188 2190 2192 2194 2196 2198 2200 2202 2204 2206 2208 2210 2212 2214 2216 2218 2220 2222 2224 2226 2228 2230 2232 2234 2236 2238 2240 2242 2244 2246 2248 2250 2252 2254 2256 2258 2260 2262 2264 2266 2268 2270 2272 2274 2276 2278 2280 2282 2284 2286 2288 2290 2292 2294 2296 2298 2300 2302 2304 2306 2308 2310 2312 2314 2316 2318 2320 2322 2324 2326 2328 2330 2332 2334 2336 2338 2340 2342 2344 2346 2348 2350 2352 2354 2356 2358 2360 2362 2364 2366 2368 2370 2372 2374 2376 2378 2380 2382 2384 2386 2388 2390 2392 2394 2396 2398 2400 2402 2404 2406 2408 2410 2412 2414 2416 2418 2420 2422 2424 2426 2428 2430 2432 2434 2436 2438 2440 2442 2444 2446 2448 2450 2452 2454 2456 2458 2460 2462 2464 2466 2468 2470 2472 2474 2476 2478 2480 2482 2484 2486 2488 2490 2492 2494 2496 2498 2500 2502 2504 2506 2508 2510 2512 2514 2516 2518 2520 2522 2524 2526 2528 2530 2532 2534 2536 2538 2540 2542 2544 2546 2548 2550 2552 2554 2556 2558 2560 2562 2564 2566 2568 2570 2572 2574 2576 2578 2580 2582 2584 2586 2588 2590 2592 2594 2596 2598 2600 2602 2604 2606 2608 2610 2612 2614 2616 2618 2620 2622 2624 2626 2628 2630 2632 2634 2636 2638 2640 2642 2644 2646 2648 2650 2652 2654 2656 2658 2660 2662 2664 2666 2668 2670 2672 2674 2676 2678 2680 2682 2684 2686 2688 2690 2692 2694 2696 2698 2700 2702 2704 2706 2708 2710 2712 2714 2716 2718 2720 2722 2724 2726 2728 2730 2732 2734 2736 2738 2740 2742 2744 2746 2748 2750 2752 2754 2756 2758 2760 2762 2764</DataArray>
</Lines></Piece></PolyData></VTKFile>