<?xml version="1.0"?>
<VTKFile type="PolyData" version="0.1" byte_order="LittleEndian">
<PolyData>
<Piece NumberOfPoints="2694" NumberOfVerts="0" NumberOfLines="1347" NumberOfStrips="0" NumberOfPolys="0">
<CellData>
<DataArray type="Int32" Name="edge_kind" format="ascii">0 0 0 0 0 0 0 0 0 0 0 0 0 0 0 0 0 0 0 0 0 0 0 0 0 0 0 0 0 0 0 0 0 0 0 0 0 0 0 0 0 0 0 0 0 0 0 0 0 0 0 0 0 0 0 0 0 0 0 0 0 0 0 0 0 0 0 0 0 0 0 0 0 0 0 0 0 0 0 0 0 0 0 0 0 0 0 0 0 0 0 0 0 0 0 0 0 0 0 0 0 0 0 0 0 0 0 0 0 0 0 0 0 0 0 0 0 0 0 0 0 0 0 0 0 0 0 0 0 0 0 0 0 0 0 0 0 0 0 0 0 0 0 0 0 0 0 0 0 0 0 0 0 0 0 0 0 0 0 0 0 0 0 0 0 0 0 0 0 0 0 0 0 0 0 0 0 0 0 0 0 0 0 0 0 0 0 0 0 0 0 0 0 0 0 0 0 0 0 0 0 0 0 0 0 0 0 0 0 0 0 0 0 0 0 0 0 0 0 0 0 0 0 0 0 0 0 0 0 0 0 0 0 0 0 0 0 0 0 0 0 0 0 0 0 0 0 0 0 0 0 0 0 0 0 0 0 0 0 0 0 0 0 0 0 0 0 0 0 0 0 0 0 0 0 0 0 0 0 0 0 0 0 0 0 0 0 0 0 0 0 0 0 0 0 0 0 0 0 0 0 0 0 0 0 0 0 0 0 0 0 0 0 0 0 0 0 0 0 0 0 0 0 0 0 0 0 0 0 0 0 0 0 0 0 0 0 0 0 0 0 0 0 0 0 0 0 0 0 0 0 0 0 0 0 0 0 0 0 0 0 0 0 0 0 0 0 0 0 0 0 0 0 0 0 0 0 0 0 0 0 0 0 0 0 0 0 0 0 0 0 0 0 0 0 0 0 0 0 0 0 0 0 0 0 0 0 0 0 0 0 0 0 0 0 0 0 0 0 0 0 0 0 0 0 0 0 0 0 0 0 0 0 0 0 0 0 0 0 0 0 0 0 0 0 0 0 0 0 0 0 0 0 0 0 0 0 0 0 0 0 0 0 0 0 0 0 0 0 0 0 0 0 0 0 0 0 0 0 0 0 0 0 0 0 0 0 0 0 0 0 0 0 0 0 0 0 0 0 0 0 0 0 0 0 0 0 0 0 0 0 0 0 0 0 0 0 0 0 0 0 0 0 0 0 0 0 0 0 0 0 0 0 0 0 0 0 0 0 0 0 0 0 0 0 0 0 0 0 0 0 0 0 0 0 0 0 0 0 0 0 0 0 0 0 0 0 0 0 0 0 0 0 0 0 0 0 0 0 0 0 0 0 0 0 0 0 0 0 0 0 0 0 0 0 0 0 0 0 0 0 0 0 0 0 0 0 0 0 0 0 0 0 0 0 0 0 0 0 0 0 0 0 0 0 0 0 0 0 0 0 0 0 0 0 0 0 0 0 0 0 0 0 0 0 0 0 0 0 0 0 0 0 0 0 0 0 0 0 0 0 0 0 0 0 0 0 0 0 0 0 0 0 0 0 0 0 0 0 0 0 0 0 0 0 0 0 0 0 0 0 0 0 0 0 0 0 0 0 0 0 0 0 0 0 0 0 0 0 0 0 0 0 0 0 0 0 0 0 0 0 0 0 0 0 0 0 0 0 0 0 0 0 0 0 0 0 0 0 0 0 0 0 0 0 0 0 0 0 0 0 0 0 0 0 0 0 0 0 0 0 0 0 0 0 0 0 0 0 0 0 0 0 0 0 0 0 0 0 0 0 0 0 0 0 0 0 0 0 0 0 0 0 0 0 0 0 0 0 0 0 0 0 0 0 0 0 0 0 0 0 0 0 0 0 0 0 0 0 0 0 0 0 0 0 0 0 0 0 0 0 0 0 0 0 0 0 0 0 0 0 0 0 0 0 0 0 0 0 0 0 0 0 0 0 0 0 0 0 0 0 0 0 0 0 0 0 0 0 0 0 0 0 0 0 0 0 0 0 0 0 0 0 0 0 0 0 0 0 0 0 0 0 0 0 0 0 0 0 0 0 0 0 0 0 0 0 0 0 0 0 0 0 0 0 0 0 0 0 0 0 0 0 0 0 0 0 0 0 0 0 0 0 0 0 0 0 0 0 0 0 0 0 0 0 0 0 0 0 0 0 0 0 0 0 0 0 0 0 0 0 0 0 0 0 0 0 0 0 0 0 0 0 0 0 0 0 0 0 0 0 0 0 0 0 0 0 0 0 0 0 0 0 0 0 0 0 0 0 0 0 0 0 0 0 0 0 0 0 0 0 0 0 0 0 0 0 0 0 0 0 0 0 0 0 0 0 0 0 0 0 0 0 0 0 0 0 0 0 0 0 0 0 0 0 0 0 0 0 0 0 0 0 0 0 0 0 0 0 0 0 0 0 0 0 0 0 0 0 0 0 0 0 0 0 0 0 0 0 0 0 0 0 0 0 0 0 0 0 0 0 0 0 0 0 0 0 0 0 0 0 0 0 0 0 0 0 0 0 0 0 0 0 0 0 0 0 0 0 0 0 0 0 0 0 0 0 0 0 0 0 0 0 0 0 0 0 0 0 0 0 0 0 0 0 0 0 0 0 0 0 0 0 0 0 0 0 0 0 0 0 0 0 0 0 0 0 0 0 0 0 0 0 0 0 0 0 0 0 0 0 0 0 0 0 0 0 0 0 0 0 0 0 0 0 0 0 0 0 0 0 0 0 0 0 0 0 0 0 0 0 0 0 0 0 0 0 0 0 0 0 0 0 0 0 0 0 0 0 0 0 0 0 0 0 0 0 0 0 0 0 0 0 0 0 0 0 0 0 0 0 0 0 0 0 0 0 0 0 0 0 0 0 0 0 0 0 0 0 0 0 0 0 0 0 0 0 0 0 0 0 0 0 0 0 0 0 0 0 0 0 0 0 0 0 0 0 0 0 0 0 0 0 0 0 0 0 0 0 0 0 0 0 0 0 0 0 0 0 0 0 0 0 0 0 0 0 0 0 0 0 0 0 0 0 0 0 0 0 0 0 0 0 0 0 0 0</DataArray>
<DataArray type="Float64" Name="conductance" format="ascii">0.00013585303503533953 0.00019585836640176552 0.00016789398538361242 0.00021915444806273163 4.8538061905633474e-05 0.00010777682775261463 0.00020218612142772462 0.00017849457454837387 9.259282303144304e-05 0.00020056604101577298 0.00013875322548875514 0.0001229194106227185 0.0001095365238826522 6.458517616942375e-05 6.742879763739993e-05 6.626113951516314e-05 7.027594504583873e-05 0.00020595402036119377 0.00018282009549018782 0.00018321365979479182 0.0002279870236193781 0.00010016718415619254 0.00010809000381453218 0.00013146616600104516 0.0003229636975550867 0.00016547543547081286 0.00013626405373297275 9.127227479759735e-05 0.00011504553746181333 7.340825282147361e-05 0.00011311228467158929 0.00022312322795850438 0.00011607642664141244 0.00019913005992928733 0.00021687439419067862 0.00020102468549660152 0.00019973746562966795 0.00015243400549487185 0.00019457508697905344 8.259858702658061e-05 0.00020120514398743733 0.0001473371151253407 0.0001323519201353628 0.00018414305297497993 0.00015822517564783356 0.0003277876788042471 0.00010308763257757342 9.361660322467607e-05 0.00011245330025312583 0.00012054389694592059 0.00027978673530295494 0.002694972794779198 0.0002856651531940297 0.0004459910785509362 0.00025478077266107485 0.0020249156941812485 0.00015003874495759828 6.668931603648649e-05 6.871806874454917e-05 0.00015094835380130846 9.672048144246876e-07 0.00013723994446441392 0.00014573922915742045 0.00011555699300390362 0.0001940017167882147 0.0001588268258562299 0.00016830027242059403 0.00020126794208523725 0.0001908540032395 0.002617558790578978 0.0004403986051536446 0.00035958543031690005 0.0001577090063367202 0.0001335500412068508 0.00014122562711223145 8.274265758599092e-05 0.0001261455793678072 0.00012000730525543114 0.00010704501992286014 0.0001763027811204268 0.00018998067817243842 0.00015373486794752496 0.00015160237915098166 0.00015442213599739312 0.0001673153069634958 0.00014127423603534184 0.00010311208806245697 0.00015172930884729192 0.00014548790095700502 0.00015662242402148555 9.457155938361038e-05 0.0001764750062581892 0.00024322956088996373 0.00027261409834247334 0.00016409256835423798 0.00012698546789218515 9.454294396408472e-05 4.7032055640587684e-05 0.00021786793420006356 0.00015271505407492777 0.00011984160337210146 0.0001927346518568659 6.872252873555905e-05 0.00019645115668755423 0.0016537354727567022 0.0002560297290306824 0.0002856056143903762 0.00034028702316696513 0.00142857008282997 0.00016427184853708184 0.00021151196468902276 0.00020135339056408526 0.00021092790379966607 0.00031385072471763753 0.0003662703272674681 0.00022889908028002426 0.002187373661332414 7.282917203712778e-05 0.0002260809830280235 0.00010180083592455971 0.00010785837060830218 0.00019894137222923258 0.000192938464386763 0.000189288652179508 0.0003545966209521976 0.0017229581980367312 0.0004898801377435419 0.002366186296460447 0.001681995787617329 0.00013440133491221995 4.593632280109557e-06 0.00013433483090730434 0.00011217444581712076 0.0001302525333134718 0.0001892610273231517 4.37963890177477e-05 0.0002520410932316892 0.0002468346130308704 0.0002468315287547233 0.0001748034639806188 0.00019033712721869793 0.00019199507880645627 0.00014670004071595945 0.0001719432310861238 0.00010407415214321115 0.00016952663578191057 0.0001515390030041948 0.0001425593238497738 0.00017068261497566462 0.00021952738254396744 0.00020576134329965265 0.00011054366378142394 0.00022433525338779074 0.00022167638759448916 9.304240113785418e-05 9.008674029662064e-05 9.412370461431788e-05 0.0001069373114229472 9.796962117569447e-05 8.561901301350212e-05 0.00013922195852125255 0.000137840470585976 0.00022470593360045686 0.00017851584691278585 0.00020652848253460262 3.581359004345956e-05 0.00020198264927535282 0.00014665484790079569 0.00020830912148594668 0.00023245584937130193 0.00023786374809629072 6.286014511674117e-05 0.00016197700229231586 9.419761929076176e-05 0.00019407582608979733 0.0010458336619771002 0.0002492371895959907 0.001012411975300006 0.0001417462510218434 0.0001613594386520758 0.00014534606305304193 0.000157729218860615 0.00010448214566893371 0.00011548692256160251 0.00016543549271757726 0.00013845857873767044 0.00028942027447335233 0.0002122313951068345 0.00021585387423831987 0.00016408123154186126 0.00016337630948718 0.0001600658214055556 0.0001871331497383352 0.00019829431902731835 0.00011619847857798329 0.00019927928090799986 0.0002127370722673036 0.00022243308753646225 0.00020446116621157263 0.0001520176536315335 0.00010071568589501234 0.00012306807521698585 0.00016356246443688323 0.00021961768451790728 0.001726094613735097 0.0005129065655329588 0.00038387392342383497 0.00046190699133303735 0.000407347942557932 0.00039963714465945444 0.0002802042759891268 0.00010924964206280849 0.00011820010097564898 0.00012257153182209952 0.00013870356972120443 0.00013743792733709868 0.0001318565304804568 0.00018598190411563554 0.00019164142161516516 0.0001093474574107073 8.42006653731256e-05 0.0001320958797963897 0.0002508347762154629 0.00022599950188563096 7.237803670521804e-05 0.00019988086569269002 0.00022063728097080254 0.00013350174701788704 6.582646153335627e-05 0.00014710620114417007 0.00016702761782160427 0.00018032754825009418 0.00015752649013175583 0.00017814224664364857 0.0002714451170744789 0.00021996770995742995 0.0002801320032309803 0.002476195952217889 0.00035968017385314024 0.0005656629614715068 0.00038000101318353655 0.00019290926312733143 0.00020554908810160435 0.00023453681123225176 0.00022517597297916044 0.00022832805516793115 0.00021752870833622248 0.00012134201918627447 0.00013777375114403323 8.74426147448522e-05 4.176480088095484e-05 0.00023732093753455754 0.0002656027456016095 5.020104387637229e-05 8.614447122303762e-05 9.292719541068679e-05 0.0001242177260554852 0.00014167899950131424 0.00010187457276269686 0.00011461047068894317 0.00017460711563683983 0.00017405398918743584 0.00019209536646457357 0.00019198790343453485 0.00018141873556961295 0.00012937256803585695 0.00011239804895670896 0.00010479646302275869 0.00016979364074265986 0.00030020734513156816 0.00028594971318191584 1.3003114022317689e-06 1.7738732753076839e-06 0.00017157362282517642 6.005276755800121e-05 0.00017748080339725984 0.00010145966075793593 0.00017759758706808272 0.0001387819011139571 0.00015795065877887676 0.0001503707318546692 6.79024073039926e-05 0.0001419795699579261 0.00020347008787814576 0.00019793876175216196 0.00017971756404499246 0.00019603029450413024 0.00020204643721668546 0.0002808391190739231 0.00014260149727898222 0.00014578074113149233 0.00019997479947867188 0.0001611572467443985 0.0003212927434072018 0.00016458806554984083 0.0005939131717910873 0.00018422736919900502 0.0001889110946645383 0.00014097662207503608 6.955532393150528e-05 0.000180571831637957 0.0001763646009158885 0.0001430803045914463 9.725977196924197e-05 0.00014806781548310665 0.00014303744921023373 0.0001413209008910268 0.00011858308539321472 0.00013152649118483423 0.00010300548056711902 8.248786207051713e-05 0.0002462180293755848 0.000249550832427747 0.0002519175401798559 0.00022667799259153446 0.00013675197832251608 0.0001357092204172942 0.0001709794868144624 0.00014480308127559445 0.00020766944393896543 0.0002381615478675421 0.00012114938774416996 0.00019710041420384832 0.0001732364089853216 0.00014973473870000083 0.00010996298816240488 0.00015335739586646045 0.00010521976619959 0.00013188012021554996 0.0001647654380605782 0.0013836026071457992 0.0002608499679177477 0.00023444745239368036 0.00016286680735106757 0.00015364538162112576 0.00017875018069891263 0.00015437111765707643 0.00018819679320626978 0.00014691166154688016 9.208323061870595e-05 0.00018210543710614618 8.082821739340733e-05 0.00012624094757139774 0.00019443635192916835 0.00018399266758619751 9.356565815928084e-05 0.00013854101650053412 0.0001643459530410745 0.00016268662473015232 0.00012580106137980162 0.00016775820496952543 0.0001770752182002086 0.00017326953843189636 0.00017324607576402396 0.00011324364734107845 0.00015431895346425378 0.00013357962488284877 0.0001258120132341038 5.8919535975395464e-05 0.00010138563918304997 0.00012936931396424162 0.0003659840388726467 0.00020236798953177676 0.000197448463426576 0.00015045831104584594 0.0002594374521661226 0.00026547332267838294 0.0002692030543814369 5.9894011994493567e-05 0.0002691789998549958 0.0001812395276553654 0.00013774936824033975 7.492862957244303e-05 0.00010042060907078106 9.989761962001474e-05 0.0008914846252064693 0.002332647257353743 0.00020555659109904994 0.00015693770985636618 3.075028017718332e-05 9.130740260373087e-05 0.0001847052994722142 9.434640867441153e-05 0.0001150068964967147 0.00020912715664618843 0.0003660276028951694 0.0002610128854996991 0.0003522546634498007 0.0003600930511784175 0.0002448743879544612 0.00025462130583045516 0.00014666339869980353 0.0001007989903695681 0.00024686790759012925 0.00011135124005284494 9.900205057199535e-05 4.996885137379891e-05 0.00010949919262922155 0.0001377168902136953 0.00013906619727085392 0.0002862365586891065 0.0002551927146225461 0.0002924353849180818 0.00024348535868160052 0.0002620534561551602 0.00024430841348807613 3.3510727080982806e-05 0.00015504791089281182 0.00024588464149110305 0.00037287269975987255 0.0002353715823645195 0.0002297869823996918 0.0002328448420000954 0.0001897880940617611 0.0002006795684974998 0.0002084849948275492 0.0001096046649311118 0.0002602367240501755 0.00022365970996738574 0.00021972457002112711 9.045618931656961e-05 0.00020763418914662653 0.00025333243339929686 0.0003785513418188854 0.0002562774578753333 0.00021507711695748408 0.00024072434212418054 0.00024765217170392707 0.00013256628895267643 0.0001658964220519509 0.00024859109124417887 0.002542174123292494 0.00022233086823105145 0.0029345641449846 0.0003641124753019672 0.0004883221758542893 0.0001391447361028754 0.00020555302071439602 0.00013259493399538243 0.0002049922071344579 0.00020119644137578998 0.0002385187013369694 0.00023220629160186873 0.00024565493985313563 0.00018318363377346485 0.0002588111878235407 0.0003236067186179265 0.0002943906405855267 0.0003420490620845561 0.0002194565087355354 0.000207379337652323 0.00019189769710099296 0.00031026783979578893 0.00029464188400170474 2.3837010639825567e-05 0.000219019767849155 0.0002584070682608412 0.00012810863254992486 0.00021820276336879723 3.296419236912124e-05 0.0002063855564812519 0.0002036538949592499 0.00018142835498041577 0.00019872440500812527 0.0001948263774698079 0.00013368099032924838 0.00011372087163887311 0.00019743834452574263 1.0911568421585638e-05 0.00018310918134124425 0.00014378061292817627 0.0001718998155592877 0.00020418744413583343 0.0001804973261500654 0.00010610265843343876 0.0002249095866555075 0.00020920267559538467 0.00017656627530194085 0.0002811532723974522 0.0001838861099367791 0.00017410063943064505 0.00024338401180081613 1.0000000000000001e-07 0.00022878346585500744 0.00022345657548709035 0.000196261865588085 0.000179477995919663 0.0001334112627760182 0.00021571531704300576 0.0001638449616221113 0.00021857938093768856 0.00022211733459002488 0.00018486805940851913 0.00013644879313916178 0.00026645958227598993 0.00017716176295767526 0.00019125350652787794 0.00014998210821413844 0.00021450654286926793 0.00024163165729592108 0.00018896471016873362 0.0001762333991379003 0.0002675703103031346 0.0003736260043285924 0.00017266376588403424 0.00017945122201771128 0.0001773314267428943 0.00015064023086647945 0.0001836659013469289 0.00010125280904342775 0.00014462467398724174 0.00021575900838165498 7.0802768908875e-05 0.00021752095929573802 0.0002525862792354506 0.00021308993555200999 0.00023901867889522963 0.0001391668102483284 0.00014729674653099614 0.00016785279023829724 8.006423153415251e-05 0.0002451863792879887 0.0002098864536953685 0.0001362701203123431 9.942564974148692e-05 0.00018905036015047418 0.000354834313473321 0.0002519208583929921 0.00023173076013186184 0.00024507193368384196 0.00027270684713359347 9.390287989486218e-05 0.00013581300907700595 0.00018260347280762518 0.000239542398788518 0.00021139484956825936 8.277593642980497e-05 0.00018671978400120032 0.0022831686565321827 0.00014525294703171966 0.00035965231594161913 0.0003991042709499202 0.00033344256718568046 0.0005070932269955462 0.0003803133330730908 0.000335586959346479 0.00019805980702140957 0.00018750570507688658 0.00016249595838251584 0.00016541020552746495 0.00017660285231168858 0.00018461933901904202 0.00016617396221535165 0.00023201387723889265 0.00017668098361549864 0.0002501280870313436 0.00014617741409334335 0.0003617038062084131 0.00014846671960489822 9.059074127940784e-05 0.0001382611479702731 0.00017096251666389825 0.00016278583923633479 0.00019618907565038528 0.00021113437288208562 8.79190994295947e-05 0.00049064720339616 0.00026115248616813424 0.00018030133679721512 0.0002499527653121321 6.328950075671566e-05 0.0001884771623094574 0.0001917103198761214 0.00024867523321779844 0.00029487026904429794 0.00035195114596075545 0.00022053100906322225 0.00024239899604114174 0.00011895365618946042 0.0002552113433137579 0.00020082142951187735 0.00011512414228117534 0.000145307810299554 0.00022987393520335252 0.00021014002600757786 0.00012976416798729135 0.000438941402834959 0.0003739823969285715 0.0004712497097088272 0.0019139445774855857 0.0005496659075781136 0.0005702727193240731 0.00021709033039134614 0.00013215332709642767 0.00014156899507891283 0.00014816226734036818 0.00020501318995578158 0.00015343249381602586 0.00021175107732278027 0.000234850239428897 0.0008574210437116231 0.0012857257087202424 0.0022784708736412838 0.0004353034700671287 0.002764937748168609 0.00012610193062465377 0.00015234789904759461 0.00012136508895721132 8.451795755257699e-05 0.0001899799008066723 0.00019922729501390361 0.00020463685191559648 0.00011625648893805513 0.00014484685084347173 0.00017394441413163934 0.00012109819981407333 7.86297667556323e-05 0.00019682880743250304 0.00015456768338016893 0.0002054921861803218 6.756604372592194e-05 0.00019103727754105537 0.00024186711065235454 0.0001744878651784948 0.0002069962239186784 0.000235517087056106 0.00010396724082127936 0.00023164353664929842 0.0001579522752123752 0.00018907759225028723 0.00015266485097727232 0.00016947822259018834 0.0002627510950703891 0.00015751803488958473 0.00020850924963107252 0.00014150243850435138 0.00041061215733402117 0.00017255497026550642 0.00039390582250934184 0.00024745171355549923 0.00020672895105632383 0.0001676821488799162 0.00018306471733128807 0.0001558311690603804 0.00016801704442002556 0.00021634654697858506 0.00024138745877496363 0.00024622520178724244 0.001661745345128754 0.00024119377936409952 0.0015579858264493434 0.00030349154902966686 0.0022749789341865445 0.0011783800057827646 0.0022152273731979076 0.0016872331935237728 0.0004088504732592916 0.00017662659475550397 0.0001718709987876123 7.792727685245203e-05 0.0002409203780692369 0.00024388446946140547 0.0003596090273467251 0.000204639444365719 0.0005404182816194441 0.00022397634015963134 0.00019612075553208775 0.00021610346968523286 0.00019757113124566772 0.0001910095534969734 0.00019794799296339713 0.00017089588823877242 0.0002341139299246648 8.487720359043384e-05 0.0002468814482132774 0.00022659218534932165 0.00023995943344865548 0.0001784382396232142 0.0002487298061238184 0.00010351783395843134 0.00016304387489626292 0.0002615568795590151 0.0003698975709850699 0.00026090075742507947 0.00017643442487480496 0.00019914948011373176 5.2403022755171926e-05 4.774661236607527e-05 0.0001646654558769703 0.0002016106121259071 0.000194071240708706 0.00010002362317569073 0.0001697881868896086 0.00024814383783631995 0.00025085926622400246 0.00023300515283966488 0.00026393097105226513 0.00022664894995493386 0.00020184212252769186 0.00022386638518824445 0.00017432681562651003 0.00024185903591733668 0.00011388798672489284 0.0001689471463455862 0.0001855570195000017 0.00022297907046576676 0.00017596783800932143 0.00016807134646655995 0.0001907838211255209 0.0002112554356973575 0.0001936958330505843 0.0002403356817076968 0.0023564427757552975 0.0004647596538519349 0.00222126204987498 0.0021857022063351992 6.0271582109244785e-05 0.00022101780173992353 0.00020044122328482893 0.00017546976772140778 0.00018631248216146966 0.00018811888735069857 0.00017019820240536386 0.00015282914543626993 0.00022633916002259523 0.0003573325292115244 0.0016672302478453961 0.00036577133743544436 0.00019890287082975527 0.00035726139852196396 0.00018574063246363894 0.0002259698938129579 0.0002726405742647051 0.00022770913073796747 0.0022479402161530533 0.0004409522440451601 0.0019343132936212354 0.0016737100065061985 8.30860957715589e-05 7.843873242633944e-05 0.00013703673010774582 0.0001341827397627684 0.0001406304611606118 8.640129396357587e-05 0.0002983844029274434 0.00011770606758619788 0.00017680188483622846 0.00026914099593463924 0.00017003383092615556 0.00017673538601164915 0.00015743048995402255 0.00019600139034063732 0.00022808124028459974 0.00023675243684714663 0.0002490536192068369 0.0001996370960301528 0.0001284652592247309 0.00011820507120492401 0.00021366704266610238 0.0004473544284698723 3.134072268776688e-05 3.132196465306556e-05 0.00024708006980246107 0.000214995474640516 0.0002306124756127605 0.00025107209884495633 0.0028133240368958617 0.0016573567525821793 0.0004603620630336903 0.002878733857618033 0.00043970959146995037 0.00026051276323286326 0.00026162608049697133 0.0002103527382397178 0.00030828034350976926 0.0001498153137646733 0.0001829164090229817 0.0004260469123261784 0.0004128540501909202 0.00010716282719741534 0.00026798409152748657 9.557505487792601e-05 0.00025174311742484444 0.00044880875535630444 8.615910586726768e-05 0.00013443343071329168 0.00017190840019685221 0.00020358213494247102 0.0001553142309231311 0.00018761023605280263 0.00017187443239787803 3.435529326359394e-05 0.0002786592207735544 0.00014320287447973842 0.00016914672299931665 0.00021384315608473373 0.0003026327027445354 0.00013752928515803413 0.0002027811687972645 9.90898595688029e-05 0.0001664983858686903 0.00022670382767047884 0.0002490739763594715 0.00010705954147583567 0.0003429581064695589 0.0001595411579875472 0.00016599521850939957 0.00013323308340860537 4.6850405155320765e-05 0.0001871378010079739 0.0001814146309317056 0.0004289261152742863 0.00016544166926507403 0.00011303693666062347 0.00027670490079442794 0.00019223794353544319 0.0001606273008466685 0.00017811712044305393 0.00024947674897364715 0.0002350852257350663 0.00025446981793457517 0.0002874619297878283 0.00028115024329696686 0.00027214724667448095 0.0001545994882933235 0.0002356924609989114 0.00020735128602171398 0.0002693587224315004 0.00021007395197248296 0.00025003542867921974 0.000267602555781529 0.00021537346351032004 0.00023750831334484927 0.00014117663054386 0.00018388316745613522 0.00024747801421826657 0.00016807093317915595 0.00013994391965645015 6.735177072296303e-05 0.00026711126001877187 0.00027635337028839317 0.0002480179657138497 0.0001979453094414513 0.00025778628899624266 0.00011054143007506315 0.0001620347485060657 0.0002128042682767334 0.00019041370529944359 0.00024005665338442991 0.00017442437984406054 0.00010149891555880958 0.0001410742786306588 0.0002619873559568353 0.00026168744456158067 0.00024824914696196937 0.00025976219704144677 0.0002558112144947095 0.00023740685861060762 0.00015192996394664462 0.00026648012962893235 0.000255040873438991 0.0002360873633223315 0.0002595315271879477 0.00020386207631712744 0.0003224405198761082 0.00040608841024845216 0.0018980390449352044 0.00018164978010616303 0.00036439771581447353 0.00015312080240652853 0.00021029904590455186 0.00021536210574017045 0.00011479710040584369 0.00022775425036200076 0.00019402296674119095 0.00021471550177321015 0.00025574934704830274 0.0001425046722218198 0.00025292921212915603 0.00018809465925514625 0.00019070458612762667 0.00016026139382561904 0.00013242625817902037 0.00015658477807023314 0.0002212867515706799 0.00022009913425441465 0.00013428256945286732 0.00011238431330125038 0.00012128926708110396 0.00016430303792334966 0.00013541393794228447 0.00017006210412119028 0.00014739283780832496 0.0003598908410291961 0.0003092249764479567 0.00023359112641239044 0.00010875278661257008 0.0001246305042468369 0.00012958206425722941 0.00012636604885336337 0.0001438078292574785 0.00010198610504997112 0.00011883383271466947 0.00015968890464734752 0.0017370099510849242 0.0001208094726065097 0.0002606320139713277 0.002540742334829476 0.0006832569790749433 0.00042648419894506515 0.0026459506262844442 0.0001923745279792443 0.00021664736996946667 0.00017291670082148375 0.00026568412239560176 0.0002682326764841791 0.00025071808786201544 0.0002113558133883225 0.00013937041640833304 0.00022232714291609836 0.00020253637713365245 0.0002296870405644652 0.00017810221012350312 0.00022298107278962787 0.00017367743181133686 0.00025380301585866224 0.0002581413110265398 0.00026233513138786894 0.00026219050918648717 0.0002441827893951565 0.00019276468177188092 0.00024921678490118877 0.00019214046207979705 0.0001922092151458319 0.00020251719680918395 0.0022122023604112706 0.0001905803350843912 0.00037944996992916836 0.001973579921005373 0.0004460827005374072 0.0001822624227372011 0.00015939867497450228 0.00015373382356295237 0.00028545685326248184 0.0005336272037939305 0.0002203149461498288 0.0001946629587749565 0.0001363065853765424 0.00013987619762039361 0.0002750138399201726 0.00016515806784883706 0.0002238188024297042 0.00022261055992547267 0.00013248702682778363 0.00016163907784344338 0.0001873546101970988 0.00024929431501913984 0.00019095280237814514 0.00016989734346077706 0.0002886458961592604 0.00018616777176981618 8.133699574974219e-05 0.0001947898297205163 9.38997908188426e-05 0.00011540403357099026 0.00019096308134607877 0.0002667815698597757 0.00025034873939195994 0.00031149517167034223 0.00019605517909426808 0.0001700884199286513 0.00023616415518814342 0.00016318143219494762 0.00019115109488219225 0.00020276708935163248 0.0001887279774793449 0.0001506500600470689 0.00017400755513615428 8.785720613449055e-05 0.0001533148755740664 0.00016390743181154182 0.00038242133817161043 0.0001923873853230676 0.00023474018726511806 0.0002450548705744395 0.00021732485777157477 0.0002747373824611569 0.00014438234464653234 0.00029431375826676485 0.0032390580046673515 0.00045691711694513385 0.0027750706222846484 0.00020977854403865647 0.00024818094590436907 0.00025528436101529176 0.00023679018741871327 0.00014571029681005485 0.00021653220966746592 0.0002795516695867091 0.00024110176161983983 0.00028549074961587936 0.00022216951269631483 8.81422404000195e-05 0.0003092562631378567 0.00010832720950438383 0.00019848453558972106 0.00021537675987019441 0.0001794096883950703 0.0001983764967658464 5.2725676310103136e-05 0.0003200641031354383 0.00022089266342632745 0.00028631631221569216 0.0002679479562252497 0.00011553483580123306 6.908357616970136e-05 0.00020241942251793786 0.0001531838662863135 0.0002068279203537889 0.00016610696434910845 0.00020312941763587158 0.00019265635502681253 0.00023094740458685448 0.0002111971141595366 8.611525541193424e-05 0.0001664099068431298 0.0002576147824240632 0.0002692992860374987 0.00016355669649942652 7.279027652351146e-05 0.0003493551882096948 0.002331610300580193 5.717233154896363e-05 5.689958809451774e-05 0.00025906813703191977 0.0001309647643097614 0.0002624396275371985 0.00014107821090758496 0.00014016634310291888 4.3258849740225244e-05 0.00024473875451006016 6.11984553054315e-05 7.054707425513066e-05 0.00048535703006380193 0.0002553363715088073 1.0540925533894598e-07 0.0002206049861876287 0.0002885509293061302 0.0002596607501316582 0.0018207801297107091 0.0005769369308032348 0.0004964708039734782 0.0004364561501762499 0.00020003373471039448 0.0002473660020131574 0.0002001103119817319 0.0002486689187981679 0.000206157830357712 0.00020166311440954728 0.00026860597474145074 0.00011377877387781508 0.00012923453631631993 0.00013909274571894685 6.498660809595986e-05 0.0002714905425930862 0.00018037381236203095 0.00017738204847977498 0.0002005031190238607 0.00015386183076609652 0.00012257506056820595 0.00025461318990067125 0.0002054340603345236 0.00011585913356265725 0.0002858577358306124 0.000496762686445061 0.0030610592065130468 0.0005906735307236849 0.00043988592408102746 0.00010192875392919337 7.723693926680667e-05 0.00010671404818225985 0.00026657878687402553 0.00026932000513288704 0.00022435221296051853 0.00022599122867816165 0.0002702512437598411 0.00020529671747307915 0.00023277248637491537 0.0002968892282525201 8.825722574557973e-05 0.00034346425611678075 0.0002386688672836314 0.00026473859257165335 0.0004932350434646818 0.0005390826752140653 0.00022104343180859605 0.00019482891263093502 0.0001895054014584866 0.00011734052740085239 0.00019640449144351938 0.0002828089925976038 0.00017834344140886234 0.00026044068700246096 0.00021494814587433162 0.0003100398301186329 0.00021667825694145654 0.00019509293187058908 0.00021869369848920777 0.0002518266161690783 0.00021254973465651374 0.00017307469449601493 0.00025162890561167473 0.0001909250256507216 0.0002335530087817806 0.0001853433797718673 0.0002718020108376969 0.0002467175078880271 0.00020852492918040623 0.0002092061335595698 0.00020858372947733545 0.0002407695936548486 0.00017799270410318033 0.00022128901385966664 0.00021838264689115974 0.00023103957080938725 0.00024837348394201925 0.002127357542034962 0.0005642832174172568 0.0022334106675355524 0.0002575518514211569 0.00014344965343526954 0.0003984490374580409 0.0002837131861711884 0.00031703037302979097 0.00024113564164551947 2.7489521413079956e-05 0.00015379486037785196 0.0003134253830267017 9.120027907824906e-05 0.00025722196179152893 0.0001963081439453205 0.00021424007216453732 0.0001814534220867746 0.0001515538494419982 0.00019750054128902925 0.00020097908681176616 0.00029178716934810336 0.00030157895448866735 0.00021291939931440012 0.00022585717697778607 0.00015641900749198076 0.00019799010233575274 8.13706006411346e-05 0.00019553700452443808 0.00015463210861900323 0.000260805774166461 0.00015496360507437668 0.00023390491459719762 0.00021219999409707743 0.00016678803919047654 6.585919489646727e-05 0.0002555741931197978 0.00021014736674528913 0.00025191907428813296 0.00021525378145376806 9.969694143998053e-05 0.00015652164770954438 0.00018038324050991713 0.00015666832309988143 0.0001703343473966724 0.00010752669832648187 0.00017975660792250188 0.0002551477428122096 0.0002464495032364708 0.00019872482009937364 0.0001702227360809059 0.00024366316073354486 0.0033648125352341704 0.00019305884398423416 0.00033481007292044984 0.00023558013775235997 0.00022689561482146372 0.0001243124898989015 0.0001070101054241092 0.0001937377731807849 0.00024827696279992813 2.2953523268956047e-05 0.00018896070093367973 8.270075299332795e-05 0.0001789698191259045 0.00018088224486620643 0.00018872053196746449 0.00027023268274575357 0.0002460066211258622 0.0002567214269840318 0.00023529134229178 0.0002852129833108193 0.0003340300635007076 0.00016050158146872605 0.0001723263298747705 0.00013613002617244744 0.00029877546616705985 0.00021400222121322905 0.00027322943251850706 0.00048331949335481714 0.0002051066960464384 0.00028964468882285193 0.00019574928408716248 0.00016213949643975134 0.0004532754772566812 4.747587283081149e-05 0.0023710194188541886 0.00028073019535821184 0.00017896724820508123 0.00024194847129061807 0.00021225840803993566 0.0005949500409946939 0.002749216329355277 0.0023981637252872582 0.0005431702708408986 0.00015916544898030653 0.0002562186801008881 0.0003582133461665002 0.00022463709975819007 0.00023027257573891665 0.00018803466936938046 0.0001512222197093398 0.00024975178938944746 0.000250332977739041 7.958110309611577e-05 0.00011543242799721551 0.00017221489717516908 0.000251925219425093 0.00026077012999286257 0.000455071808358779 0.0002768265936891605 0.0002941451761777841 0.0002804719957474263 0.0002528270102095003 0.00013683564006131992 0.0001844099720554008 0.0002520665493159326 0.0001950466536138381 0.000278930227268531 0.00031385516572335955 0.0002920887813492056 0.00014469806552458108 0.0002519456628015468 0.0001777708729613672 0.00012785750300329686 0.0001339233724223288 0.00023193931777868565 0.00023975941022055992 0.00023798858087821845 0.00016859050732846313 0.0001673698992013783 0.00014348251656003843 0.00024199066101978769 0.001905295463244735 0.00019032200851282246 7.730826205493674e-05 0.000170328207331075 0.00016048462222523107 0.00015552381609789593 0.0002284263200594063 0.0003840096947839224 0.00032591761305532363 0.00034099763626604826 0.00020901714753558884 0.00027311391058376536 0.00023863944257149642 0.00018047305457839893 0.0002738958755336176 0.0004106391184063033 0.00023483690748262834 0.00042064272993934545 0.00041208218326207503 0.0034535579469707235 0.00019613008363049108 0.00013503748718157702 0.0006602839817561036 0.0001521510830220836 0.00010181222053659862 0.0006212095437358887 0.0002742185086719558 0.00026522533157211564 0.00033568261860927764 0.0003046175839534178 9.273363279566535e-05 0.00016184354214000658 0.00022056919318134838 0.0005451488130005101 0.0001647249615482218 0.00022091516417561553 0.0001990935858175798 0.00019887996102229758 0.00012957932093171558 0.00012087454864766465 0.0003162262499954931 0.00024290401033388032 0.00011174084963603175 0.0003216678531837313 0.000274882330797447 0.0002799227719178196 0.00028509320953553285 0.000179108323845557 0.00024141255077510053 0.00016429360174959488 8.639846458907303e-05 0.00028722920540121065 0.00028876209341716747 0.00028143963861640756 0.0032191402058018444 0.0025341558658476693 0.00019059485957622033 5.7080023117089523e-05 0.0002557184980147796 0.00026964106854994284 0.00033275568838249826 0.0005139834677616292 0.0004092901724221283 0.0004067994453942065 0.00029494427940600365 0.000205656955282372 0.0003078237561245532 0.00022037956940175457 0.00019441459096347386 0.0006290040387102199 0.00027918325325577704 0.0003164326150270236 0.00021089213748115522 0.0002891014478493574 0.00032792905151764375 0.00019851042129907052 0.00021345347611201722 0.00028408151283776666 0.00023688169912224524 0.00021002210943959836 0.00026411486639753236 0.0001715110371094176 0.0002327406658131783 0.00044018625391752835 0.000545080540238302 0.00016667207674512288 0.0024584756609571812 0.00029309732885897155 0.00029450801912508505</DataArray>
<DataArray type="Float64" Name="g_contact" format="ascii">0.00013585303503533953 0.00019585836640176552 0.00016789398538361242 0.00021915444806273163 4.8538061905633474e-05 0.00010777682775261463 0.00020218612142772462 0.00017849457454837387 9.259282303144304e-05 0.00020056604101577298 0.00013875322548875514 0.0001229194106227185 0.0001095365238826522 6.458517616942375e-05 6.742879763739993e-05 6.626113951516314e-05 7.027594504583873e-05 0.00020595402036119377 0.00018282009549018782 0.00018321365979479182 0.0002279870236193781 0.00010016718415619254 0.00010809000381453218 0.00013146616600104516 0.0003229636975550867 0.00016547543547081286 0.00013626405373297275 9.127227479759735e-05 0.00011504553746181333 7.340825282147361e-05 0.00011311228467158929 0.00022312322795850438 0.00011607642664141244 0.00019913005992928733 0.00021687439419067862 0.00020102468549660152 0.00019973746562966795 0.00015243400549487185 0.00019457508697905344 8.259858702658061e-05 0.00020120514398743733 0.0001473371151253407 0.0001323519201353628 0.00018414305297497993 0.00015822517564783356 0.0003277876788042471 0.00010308763257757342 9.361660322467607e-05 0.00011245330025312583 0.00012054389694592059 0.00027978673530295494 0.002694972794779198 0.0002856651531940297 0.0004459910785509362 0.00025478077266107485 0.0020249156941812485 0.00015003874495759828 6.668931603648649e-05 6.871806874454917e-05 0.00015094835380130846 9.672048144246876e-07 0.00013723994446441392 0.00014573922915742045 0.00011555699300390362 0.0001940017167882147 0.0001588268258562299 0.00016830027242059403 0.00020126794208523725 0.0001908540032395 0.002617558790578978 0.0004403986051536446 0.00035958543031690005 0.0001577090063367202 0.0001335500412068508 0.00014122562711223145 8.274265758599092e-05 0.0001261455793678072 0.00012000730525543114 0.00010704501992286014 0.0001763027811204268 0.00018998067817243842 0.00015373486794752496 0.00015160237915098166 0.00015442213599739312 0.0001673153069634958 0.00014127423603534184 0.00010311208806245697 0.00015172930884729192 0.00014548790095700502 0.00015662242402148555 9.457155938361038e-05 0.0001764750062581892 0.00024322956088996373 0.00027261409834247334 0.00016409256835423798 0.00012698546789218515 9.454294396408472e-05 4.7032055640587684e-05 0.00021786793420006356 0.00015271505407492777 0.00011984160337210146 0.0001927346518568659 6.872252873555905e-05 0.00019645115668755423 0.0016537354727567022 0.0002560297290306824 0.0002856056143903762 0.00034028702316696513 0.00142857008282997 0.00016427184853708184 0.00021151196468902276 0.00020135339056408526 0.00021092790379966607 0.00031385072471763753 0.0003662703272674681 0.00022889908028002426 0.002187373661332414 7.282917203712778e-05 0.0002260809830280235 0.00010180083592455971 0.00010785837060830218 0.00019894137222923258 0.000192938464386763 0.000189288652179508 0.0003545966209521976 0.0017229581980367312 0.0004898801377435419 0.002366186296460447 0.001681995787617329 0.00013440133491221995 4.593632280109557e-06 0.00013433483090730434 0.00011217444581712076 0.0001302525333134718 0.0001892610273231517 4.37963890177477e-05 0.0002520410932316892 0.0002468346130308704 0.0002468315287547233 0.0001748034639806188 0.00019033712721869793 0.00019199507880645627 0.00014670004071595945 0.0001719432310861238 0.00010407415214321115 0.00016952663578191057 0.0001515390030041948 0.0001425593238497738 0.00017068261497566462 0.00021952738254396744 0.00020576134329965265 0.00011054366378142394 0.00022433525338779074 0.00022167638759448916 9.304240113785418e-05 9.008674029662064e-05 9.412370461431788e-05 0.0001069373114229472 9.796962117569447e-05 8.561901301350212e-05 0.00013922195852125255 0.000137840470585976 0.00022470593360045686 0.00017851584691278585 0.00020652848253460262 3.581359004345956e-05 0.00020198264927535282 0.00014665484790079569 0.00020830912148594668 0.00023245584937130193 0.00023786374809629072 6.286014511674117e-05 0.00016197700229231586 9.419761929076176e-05 0.00019407582608979733 0.0010458336619771002 0.0002492371895959907 0.001012411975300006 0.0001417462510218434 0.0001613594386520758 0.00014534606305304193 0.000157729218860615 0.00010448214566893371 0.00011548692256160251 0.00016543549271757726 0.00013845857873767044 0.00028942027447335233 0.0002122313951068345 0.00021585387423831987 0.00016408123154186126 0.00016337630948718 0.0001600658214055556 0.0001871331497383352 0.00019829431902731835 0.00011619847857798329 0.00019927928090799986 0.0002127370722673036 0.00022243308753646225 0.00020446116621157263 0.0001520176536315335 0.00010071568589501234 0.00012306807521698585 0.00016356246443688323 0.00021961768451790728 0.001726094613735097 0.0005129065655329588 0.00038387392342383497 0.00046190699133303735 0.000407347942557932 0.00039963714465945444 0.0002802042759891268 0.00010924964206280849 0.00011820010097564898 0.00012257153182209952 0.00013870356972120443 0.00013743792733709868 0.0001318565304804568 0.00018598190411563554 0.00019164142161516516 0.0001093474574107073 8.42006653731256e-05 0.0001320958797963897 0.0002508347762154629 0.00022599950188563096 7.237803670521804e-05 0.00019988086569269002 0.00022063728097080254 0.00013350174701788704 6.582646153335627e-05 0.00014710620114417007 0.00016702761782160427 0.00018032754825009418 0.00015752649013175583 0.00017814224664364857 0.0002714451170744789 0.00021996770995742995 0.0002801320032309803 0.002476195952217889 0.00035968017385314024 0.0005656629614715068 0.00038000101318353655 0.00019290926312733143 0.00020554908810160435 0.00023453681123225176 0.00022517597297916044 0.00022832805516793115 0.00021752870833622248 0.00012134201918627447 0.00013777375114403323 8.74426147448522e-05 4.176480088095484e-05 0.00023732093753455754 0.0002656027456016095 5.020104387637229e-05 8.614447122303762e-05 9.292719541068679e-05 0.0001242177260554852 0.00014167899950131424 0.00010187457276269686 0.00011461047068894317 0.00017460711563683983 0.00017405398918743584 0.00019209536646457357 0.00019198790343453485 0.00018141873556961295 0.00012937256803585695 0.00011239804895670896 0.00010479646302275869 0.00016979364074265986 0.00030020734513156816 0.00028594971318191584 1.3003114022317689e-06 1.7738732753076839e-06 0.00017157362282517642 6.005276755800121e-05 0.00017748080339725984 0.00010145966075793593 0.00017759758706808272 0.0001387819011139571 0.00015795065877887676 0.0001503707318546692 6.79024073039926e-05 0.0001419795699579261 0.00020347008787814576 0.00019793876175216196 0.00017971756404499246 0.00019603029450413024 0.00020204643721668546 0.0002808391190739231 0.00014260149727898222 0.00014578074113149233 0.00019997479947867188 0.0001611572467443985 0.0003212927434072018 0.00016458806554984083 0.0005939131717910873 0.00018422736919900502 0.0001889110946645383 0.00014097662207503608 6.955532393150528e-05 0.000180571831637957 0.0001763646009158885 0.0001430803045914463 9.725977196924197e-05 0.00014806781548310665 0.00014303744921023373 0.0001413209008910268 0.00011858308539321472 0.00013152649118483423 0.00010300548056711902 8.248786207051713e-05 0.0002462180293755848 0.000249550832427747 0.0002519175401798559 0.00022667799259153446 0.00013675197832251608 0.0001357092204172942 0.0001709794868144624 0.00014480308127559445 0.00020766944393896543 0.0002381615478675421 0.00012114938774416996 0.00019710041420384832 0.0001732364089853216 0.00014973473870000083 0.00010996298816240488 0.00015335739586646045 0.00010521976619959 0.00013188012021554996 0.0001647654380605782 0.0013836026071457992 0.0002608499679177477 0.00023444745239368036 0.00016286680735106757 0.00015364538162112576 0.00017875018069891263 0.00015437111765707643 0.00018819679320626978 0.00014691166154688016 9.208323061870595e-05 0.00018210543710614618 8.082821739340733e-05 0.00012624094757139774 0.00019443635192916835 0.00018399266758619751 9.356565815928084e-05 0.00013854101650053412 0.0001643459530410745 0.00016268662473015232 0.00012580106137980162 0.00016775820496952543 0.0001770752182002086 0.00017326953843189636 0.00017324607576402396 0.00011324364734107845 0.00015431895346425378 0.00013357962488284877 0.0001258120132341038 5.8919535975395464e-05 0.00010138563918304997 0.00012936931396424162 0.0003659840388726467 0.00020236798953177676 0.000197448463426576 0.00015045831104584594 0.0002594374521661226 0.00026547332267838294 0.0002692030543814369 5.9894011994493567e-05 0.0002691789998549958 0.0001812395276553654 0.00013774936824033975 7.492862957244303e-05 0.00010042060907078106 9.989761962001474e-05 0.0008914846252064693 0.002332647257353743 0.00020555659109904994 0.00015693770985636618 3.075028017718332e-05 9.130740260373087e-05 0.0001847052994722142 9.434640867441153e-05 0.0001150068964967147 0.00020912715664618843 0.0003660276028951694 0.0002610128854996991 0.0003522546634498007 0.0003600930511784175 0.0002448743879544612 0.00025462130583045516 0.00014666339869980353 0.0001007989903695681 0.00024686790759012925 0.00011135124005284494 9.900205057199535e-05 4.996885137379891e-05 0.00010949919262922155 0.0001377168902136953 0.00013906619727085392 0.0002862365586891065 0.0002551927146225461 0.0002924353849180818 0.00024348535868160052 0.0002620534561551602 0.00024430841348807613 3.3510727080982806e-05 0.00015504791089281182 0.00024588464149110305 0.00037287269975987255 0.0002353715823645195 0.0002297869823996918 0.0002328448420000954 0.0001897880940617611 0.0002006795684974998 0.0002084849948275492 0.0001096046649311118 0.0002602367240501755 0.00022365970996738574 0.00021972457002112711 9.045618931656961e-05 0.00020763418914662653 0.00025333243339929686 0.0003785513418188854 0.0002562774578753333 0.00021507711695748408 0.00024072434212418054 0.00024765217170392707 0.00013256628895267643 0.0001658964220519509 0.00024859109124417887 0.002542174123292494 0.00022233086823105145 0.0029345641449846 0.0003641124753019672 0.0004883221758542893 0.0001391447361028754 0.00020555302071439602 0.00013259493399538243 0.0002049922071344579 0.00020119644137578998 0.0002385187013369694 0.00023220629160186873 0.00024565493985313563 0.00018318363377346485 0.0002588111878235407 0.0003236067186179265 0.0002943906405855267 0.0003420490620845561 0.0002194565087355354 0.000207379337652323 0.00019189769710099296 0.00031026783979578893 0.00029464188400170474 2.3837010639825567e-05 0.000219019767849155 0.0002584070682608412 0.00012810863254992486 0.00021820276336879723 3.296419236912124e-05 0.0002063855564812519 0.0002036538949592499 0.00018142835498041577 0.00019872440500812527 0.0001948263774698079 0.00013368099032924838 0.00011372087163887311 0.00019743834452574263 1.0911568421585638e-05 0.00018310918134124425 0.00014378061292817627 0.0001718998155592877 0.00020418744413583343 0.0001804973261500654 0.00010610265843343876 0.0002249095866555075 0.00020920267559538467 0.00017656627530194085 0.0002811532723974522 0.0001838861099367791 0.00017410063943064505 0.00024338401180081613 1.0000000000000001e-07 0.00022878346585500744 0.00022345657548709035 0.000196261865588085 0.000179477995919663 0.0001334112627760182 0.00021571531704300576 0.0001638449616221113 0.00021857938093768856 0.00022211733459002488 0.00018486805940851913 0.00013644879313916178 0.00026645958227598993 0.00017716176295767526 0.00019125350652787794 0.00014998210821413844 0.00021450654286926793 0.00024163165729592108 0.00018896471016873362 0.0001762333991379003 0.0002675703103031346 0.0003736260043285924 0.00017266376588403424 0.00017945122201771128 0.0001773314267428943 0.00015064023086647945 0.0001836659013469289 0.00010125280904342775 0.00014462467398724174 0.00021575900838165498 7.0802768908875e-05 0.00021752095929573802 0.0002525862792354506 0.00021308993555200999 0.00023901867889522963 0.0001391668102483284 0.00014729674653099614 0.00016785279023829724 8.006423153415251e-05 0.0002451863792879887 0.0002098864536953685 0.0001362701203123431 9.942564974148692e-05 0.00018905036015047418 0.000354834313473321 0.0002519208583929921 0.00023173076013186184 0.00024507193368384196 0.00027270684713359347 9.390287989486218e-05 0.00013581300907700595 0.00018260347280762518 0.000239542398788518 0.00021139484956825936 8.277593642980497e-05 0.00018671978400120032 0.0022831686565321827 0.00014525294703171966 0.00035965231594161913 0.0003991042709499202 0.00033344256718568046 0.0005070932269955462 0.0003803133330730908 0.000335586959346479 0.00019805980702140957 0.00018750570507688658 0.00016249595838251584 0.00016541020552746495 0.00017660285231168858 0.00018461933901904202 0.00016617396221535165 0.00023201387723889265 0.00017668098361549864 0.0002501280870313436 0.00014617741409334335 0.0003617038062084131 0.00014846671960489822 9.059074127940784e-05 0.0001382611479702731 0.00017096251666389825 0.00016278583923633479 0.00019618907565038528 0.00021113437288208562 8.79190994295947e-05 0.00049064720339616 0.00026115248616813424 0.00018030133679721512 0.0002499527653121321 6.328950075671566e-05 0.0001884771623094574 0.0001917103198761214 0.00024867523321779844 0.00029487026904429794 0.00035195114596075545 0.00022053100906322225 0.00024239899604114174 0.00011895365618946042 0.0002552113433137579 0.00020082142951187735 0.00011512414228117534 0.000145307810299554 0.00022987393520335252 0.00021014002600757786 0.00012976416798729135 0.000438941402834959 0.0003739823969285715 0.0004712497097088272 0.0019139445774855857 0.0005496659075781136 0.0005702727193240731 0.00021709033039134614 0.00013215332709642767 0.00014156899507891283 0.00014816226734036818 0.00020501318995578158 0.00015343249381602586 0.00021175107732278027 0.000234850239428897 0.0008574210437116231 0.0012857257087202424 0.0022784708736412838 0.0004353034700671287 0.002764937748168609 0.00012610193062465377 0.00015234789904759461 0.00012136508895721132 8.451795755257699e-05 0.0001899799008066723 0.00019922729501390361 0.00020463685191559648 0.00011625648893805513 0.00014484685084347173 0.00017394441413163934 0.00012109819981407333 7.86297667556323e-05 0.00019682880743250304 0.00015456768338016893 0.0002054921861803218 6.756604372592194e-05 0.00019103727754105537 0.00024186711065235454 0.0001744878651784948 0.0002069962239186784 0.000235517087056106 0.00010396724082127936 0.00023164353664929842 0.0001579522752123752 0.00018907759225028723 0.00015266485097727232 0.00016947822259018834 0.0002627510950703891 0.00015751803488958473 0.00020850924963107252 0.00014150243850435138 0.00041061215733402117 0.00017255497026550642 0.00039390582250934184 0.00024745171355549923 0.00020672895105632383 0.0001676821488799162 0.00018306471733128807 0.0001558311690603804 0.00016801704442002556 0.00021634654697858506 0.00024138745877496363 0.00024622520178724244 0.001661745345128754 0.00024119377936409952 0.0015579858264493434 0.00030349154902966686 0.0022749789341865445 0.0011783800057827646 0.0022152273731979076 0.0016872331935237728 0.0004088504732592916 0.00017662659475550397 0.0001718709987876123 7.792727685245203e-05 0.0002409203780692369 0.00024388446946140547 0.0003596090273467251 0.000204639444365719 0.0005404182816194441 0.00022397634015963134 0.00019612075553208775 0.00021610346968523286 0.00019757113124566772 0.0001910095534969734 0.00019794799296339713 0.00017089588823877242 0.0002341139299246648 8.487720359043384e-05 0.0002468814482132774 0.00022659218534932165 0.00023995943344865548 0.0001784382396232142 0.0002487298061238184 0.00010351783395843134 0.00016304387489626292 0.0002615568795590151 0.0003698975709850699 0.00026090075742507947 0.00017643442487480496 0.00019914948011373176 5.2403022755171926e-05 4.774661236607527e-05 0.0001646654558769703 0.0002016106121259071 0.000194071240708706 0.00010002362317569073 0.0001697881868896086 0.00024814383783631995 0.00025085926622400246 0.00023300515283966488 0.00026393097105226513 0.00022664894995493386 0.00020184212252769186 0.00022386638518824445 0.00017432681562651003 0.00024185903591733668 0.00011388798672489284 0.0001689471463455862 0.0001855570195000017 0.00022297907046576676 0.00017596783800932143 0.00016807134646655995 0.0001907838211255209 0.0002112554356973575 0.0001936958330505843 0.0002403356817076968 0.0023564427757552975 0.0004647596538519349 0.00222126204987498 0.0021857022063351992 6.0271582109244785e-05 0.00022101780173992353 0.00020044122328482893 0.00017546976772140778 0.00018631248216146966 0.00018811888735069857 0.00017019820240536386 0.00015282914543626993 0.00022633916002259523 0.0003573325292115244 0.0016672302478453961 0.00036577133743544436 0.00019890287082975527 0.00035726139852196396 0.00018574063246363894 0.0002259698938129579 0.0002726405742647051 0.00022770913073796747 0.0022479402161530533 0.0004409522440451601 0.0019343132936212354 0.0016737100065061985 8.30860957715589e-05 7.843873242633944e-05 0.00013703673010774582 0.0001341827397627684 0.0001406304611606118 8.640129396357587e-05 0.0002983844029274434 0.00011770606758619788 0.00017680188483622846 0.00026914099593463924 0.00017003383092615556 0.00017673538601164915 0.00015743048995402255 0.00019600139034063732 0.00022808124028459974 0.00023675243684714663 0.0002490536192068369 0.0001996370960301528 0.0001284652592247309 0.00011820507120492401 0.00021366704266610238 0.0004473544284698723 3.134072268776688e-05 3.132196465306556e-05 0.00024708006980246107 0.000214995474640516 0.0002306124756127605 0.00025107209884495633 0.0028133240368958617 0.0016573567525821793 0.0004603620630336903 0.002878733857618033 0.00043970959146995037 0.00026051276323286326 0.00026162608049697133 0.0002103527382397178 0.00030828034350976926 0.0001498153137646733 0.0001829164090229817 0.0004260469123261784 0.0004128540501909202 0.00010716282719741534 0.00026798409152748657 9.557505487792601e-05 0.00025174311742484444 0.00044880875535630444 8.615910586726768e-05 0.00013443343071329168 0.00017190840019685221 0.00020358213494247102 0.0001553142309231311 0.00018761023605280263 0.00017187443239787803 3.435529326359394e-05 0.0002786592207735544 0.00014320287447973842 0.00016914672299931665 0.00021384315608473373 0.0003026327027445354 0.00013752928515803413 0.0002027811687972645 9.90898595688029e-05 0.0001664983858686903 0.00022670382767047884 0.0002490739763594715 0.00010705954147583567 0.0003429581064695589 0.0001595411579875472 0.00016599521850939957 0.00013323308340860537 4.6850405155320765e-05 0.0001871378010079739 0.0001814146309317056 0.0004289261152742863 0.00016544166926507403 0.00011303693666062347 0.00027670490079442794 0.00019223794353544319 0.0001606273008466685 0.00017811712044305393 0.00024947674897364715 0.0002350852257350663 0.00025446981793457517 0.0002874619297878283 0.00028115024329696686 0.00027214724667448095 0.0001545994882933235 0.0002356924609989114 0.00020735128602171398 0.0002693587224315004 0.00021007395197248296 0.00025003542867921974 0.000267602555781529 0.00021537346351032004 0.00023750831334484927 0.00014117663054386 0.00018388316745613522 0.00024747801421826657 0.00016807093317915595 0.00013994391965645015 6.735177072296303e-05 0.00026711126001877187 0.00027635337028839317 0.0002480179657138497 0.0001979453094414513 0.00025778628899624266 0.00011054143007506315 0.0001620347485060657 0.0002128042682767334 0.00019041370529944359 0.00024005665338442991 0.00017442437984406054 0.00010149891555880958 0.0001410742786306588 0.0002619873559568353 0.00026168744456158067 0.00024824914696196937 0.00025976219704144677 0.0002558112144947095 0.00023740685861060762 0.00015192996394664462 0.00026648012962893235 0.000255040873438991 0.0002360873633223315 0.0002595315271879477 0.00020386207631712744 0.0003224405198761082 0.00040608841024845216 0.0018980390449352044 0.00018164978010616303 0.00036439771581447353 0.00015312080240652853 0.00021029904590455186 0.00021536210574017045 0.00011479710040584369 0.00022775425036200076 0.00019402296674119095 0.00021471550177321015 0.00025574934704830274 0.0001425046722218198 0.00025292921212915603 0.00018809465925514625 0.00019070458612762667 0.00016026139382561904 0.00013242625817902037 0.00015658477807023314 0.0002212867515706799 0.00022009913425441465 0.00013428256945286732 0.00011238431330125038 0.00012128926708110396 0.00016430303792334966 0.00013541393794228447 0.00017006210412119028 0.00014739283780832496 0.0003598908410291961 0.0003092249764479567 0.00023359112641239044 0.00010875278661257008 0.0001246305042468369 0.00012958206425722941 0.00012636604885336337 0.0001438078292574785 0.00010198610504997112 0.00011883383271466947 0.00015968890464734752 0.0017370099510849242 0.0001208094726065097 0.0002606320139713277 0.002540742334829476 0.0006832569790749433 0.00042648419894506515 0.0026459506262844442 0.0001923745279792443 0.00021664736996946667 0.00017291670082148375 0.00026568412239560176 0.0002682326764841791 0.00025071808786201544 0.0002113558133883225 0.00013937041640833304 0.00022232714291609836 0.00020253637713365245 0.0002296870405644652 0.00017810221012350312 0.00022298107278962787 0.00017367743181133686 0.00025380301585866224 0.0002581413110265398 0.00026233513138786894 0.00026219050918648717 0.0002441827893951565 0.00019276468177188092 0.00024921678490118877 0.00019214046207979705 0.0001922092151458319 0.00020251719680918395 0.0022122023604112706 0.0001905803350843912 0.00037944996992916836 0.001973579921005373 0.0004460827005374072 0.0001822624227372011 0.00015939867497450228 0.00015373382356295237 0.00028545685326248184 0.0005336272037939305 0.0002203149461498288 0.0001946629587749565 0.0001363065853765424 0.00013987619762039361 0.0002750138399201726 0.00016515806784883706 0.0002238188024297042 0.00022261055992547267 0.00013248702682778363 0.00016163907784344338 0.0001873546101970988 0.00024929431501913984 0.00019095280237814514 0.00016989734346077706 0.0002886458961592604 0.00018616777176981618 8.133699574974219e-05 0.0001947898297205163 9.38997908188426e-05 0.00011540403357099026 0.00019096308134607877 0.0002667815698597757 0.00025034873939195994 0.00031149517167034223 0.00019605517909426808 0.0001700884199286513 0.00023616415518814342 0.00016318143219494762 0.00019115109488219225 0.00020276708935163248 0.0001887279774793449 0.0001506500600470689 0.00017400755513615428 8.785720613449055e-05 0.0001533148755740664 0.00016390743181154182 0.00038242133817161043 0.0001923873853230676 0.00023474018726511806 0.0002450548705744395 0.00021732485777157477 0.0002747373824611569 0.00014438234464653234 0.00029431375826676485 0.0032390580046673515 0.00045691711694513385 0.0027750706222846484 0.00020977854403865647 0.00024818094590436907 0.00025528436101529176 0.00023679018741871327 0.00014571029681005485 0.00021653220966746592 0.0002795516695867091 0.00024110176161983983 0.00028549074961587936 0.00022216951269631483 8.81422404000195e-05 0.0003092562631378567 0.00010832720950438383 0.00019848453558972106 0.00021537675987019441 0.0001794096883950703 0.0001983764967658464 5.2725676310103136e-05 0.0003200641031354383 0.00022089266342632745 0.00028631631221569216 0.0002679479562252497 0.00011553483580123306 6.908357616970136e-05 0.00020241942251793786 0.0001531838662863135 0.0002068279203537889 0.00016610696434910845 0.00020312941763587158 0.00019265635502681253 0.00023094740458685448 0.0002111971141595366 8.611525541193424e-05 0.0001664099068431298 0.0002576147824240632 0.0002692992860374987 0.00016355669649942652 7.279027652351146e-05 0.0003493551882096948 0.002331610300580193 5.717233154896363e-05 5.689958809451774e-05 0.00025906813703191977 0.0001309647643097614 0.0002624396275371985 0.00014107821090758496 0.00014016634310291888 4.3258849740225244e-05 0.00024473875451006016 6.11984553054315e-05 7.054707425513066e-05 0.00048535703006380193 0.0002553363715088073 1.0540925533894598e-07 0.0002206049861876287 0.0002885509293061302 0.0002596607501316582 0.0018207801297107091 0.0005769369308032348 0.0004964708039734782 0.0004364561501762499 0.00020003373471039448 0.0002473660020131574 0.0002001103119817319 0.0002486689187981679 0.000206157830357712 0.00020166311440954728 0.00026860597474145074 0.00011377877387781508 0.00012923453631631993 0.00013909274571894685 6.498660809595986e-05 0.0002714905425930862 0.00018037381236203095 0.00017738204847977498 0.0002005031190238607 0.00015386183076609652 0.00012257506056820595 0.00025461318990067125 0.0002054340603345236 0.00011585913356265725 0.0002858577358306124 0.000496762686445061 0.0030610592065130468 0.0005906735307236849 0.00043988592408102746 0.00010192875392919337 7.723693926680667e-05 0.00010671404818225985 0.00026657878687402553 0.00026932000513288704 0.00022435221296051853 0.00022599122867816165 0.0002702512437598411 0.00020529671747307915 0.00023277248637491537 0.0002968892282525201 8.825722574557973e-05 0.00034346425611678075 0.0002386688672836314 0.00026473859257165335 0.0004932350434646818 0.0005390826752140653 0.00022104343180859605 0.00019482891263093502 0.0001895054014584866 0.00011734052740085239 0.00019640449144351938 0.0002828089925976038 0.00017834344140886234 0.00026044068700246096 0.00021494814587433162 0.0003100398301186329 0.00021667825694145654 0.00019509293187058908 0.00021869369848920777 0.0002518266161690783 0.00021254973465651374 0.00017307469449601493 0.00025162890561167473 0.0001909250256507216 0.0002335530087817806 0.0001853433797718673 0.0002718020108376969 0.0002467175078880271 0.00020852492918040623 0.0002092061335595698 0.00020858372947733545 0.0002407695936548486 0.00017799270410318033 0.00022128901385966664 0.00021838264689115974 0.00023103957080938725 0.00024837348394201925 0.002127357542034962 0.0005642832174172568 0.0022334106675355524 0.0002575518514211569 0.00014344965343526954 0.0003984490374580409 0.0002837131861711884 0.00031703037302979097 0.00024113564164551947 2.7489521413079956e-05 0.00015379486037785196 0.0003134253830267017 9.120027907824906e-05 0.00025722196179152893 0.0001963081439453205 0.00021424007216453732 0.0001814534220867746 0.0001515538494419982 0.00019750054128902925 0.00020097908681176616 0.00029178716934810336 0.00030157895448866735 0.00021291939931440012 0.00022585717697778607 0.00015641900749198076 0.00019799010233575274 8.13706006411346e-05 0.00019553700452443808 0.00015463210861900323 0.000260805774166461 0.00015496360507437668 0.00023390491459719762 0.00021219999409707743 0.00016678803919047654 6.585919489646727e-05 0.0002555741931197978 0.00021014736674528913 0.00025191907428813296 0.00021525378145376806 9.969694143998053e-05 0.00015652164770954438 0.00018038324050991713 0.00015666832309988143 0.0001703343473966724 0.00010752669832648187 0.00017975660792250188 0.0002551477428122096 0.0002464495032364708 0.00019872482009937364 0.0001702227360809059 0.00024366316073354486 0.0033648125352341704 0.00019305884398423416 0.00033481007292044984 0.00023558013775235997 0.00022689561482146372 0.0001243124898989015 0.0001070101054241092 0.0001937377731807849 0.00024827696279992813 2.2953523268956047e-05 0.00018896070093367973 8.270075299332795e-05 0.0001789698191259045 0.00018088224486620643 0.00018872053196746449 0.00027023268274575357 0.0002460066211258622 0.0002567214269840318 0.00023529134229178 0.0002852129833108193 0.0003340300635007076 0.00016050158146872605 0.0001723263298747705 0.00013613002617244744 0.00029877546616705985 0.00021400222121322905 0.00027322943251850706 0.00048331949335481714 0.0002051066960464384 0.00028964468882285193 0.00019574928408716248 0.00016213949643975134 0.0004532754772566812 4.747587283081149e-05 0.0023710194188541886 0.00028073019535821184 0.00017896724820508123 0.00024194847129061807 0.00021225840803993566 0.0005949500409946939 0.002749216329355277 0.0023981637252872582 0.0005431702708408986 0.00015916544898030653 0.0002562186801008881 0.0003582133461665002 0.00022463709975819007 0.00023027257573891665 0.00018803466936938046 0.0001512222197093398 0.00024975178938944746 0.000250332977739041 7.958110309611577e-05 0.00011543242799721551 0.00017221489717516908 0.000251925219425093 0.00026077012999286257 0.000455071808358779 0.0002768265936891605 0.0002941451761777841 0.0002804719957474263 0.0002528270102095003 0.00013683564006131992 0.0001844099720554008 0.0002520665493159326 0.0001950466536138381 0.000278930227268531 0.00031385516572335955 0.0002920887813492056 0.00014469806552458108 0.0002519456628015468 0.0001777708729613672 0.00012785750300329686 0.0001339233724223288 0.00023193931777868565 0.00023975941022055992 0.00023798858087821845 0.00016859050732846313 0.0001673698992013783 0.00014348251656003843 0.00024199066101978769 0.001905295463244735 0.00019032200851282246 7.730826205493674e-05 0.000170328207331075 0.00016048462222523107 0.00015552381609789593 0.0002284263200594063 0.0003840096947839224 0.00032591761305532363 0.00034099763626604826 0.00020901714753558884 0.00027311391058376536 0.00023863944257149642 0.00018047305457839893 0.0002738958755336176 0.0004106391184063033 0.00023483690748262834 0.00042064272993934545 0.00041208218326207503 0.0034535579469707235 0.00019613008363049108 0.00013503748718157702 0.0006602839817561036 0.0001521510830220836 0.00010181222053659862 0.0006212095437358887 0.0002742185086719558 0.00026522533157211564 0.00033568261860927764 0.0003046175839534178 9.273363279566535e-05 0.00016184354214000658 0.00022056919318134838 0.0005451488130005101 0.0001647249615482218 0.00022091516417561553 0.0001990935858175798 0.00019887996102229758 0.00012957932093171558 0.00012087454864766465 0.0003162262499954931 0.00024290401033388032 0.00011174084963603175 0.0003216678531837313 0.000274882330797447 0.0002799227719178196 0.00028509320953553285 0.000179108323845557 0.00024141255077510053 0.00016429360174959488 8.639846458907303e-05 0.00028722920540121065 0.00028876209341716747 0.00028143963861640756 0.0032191402058018444 0.0025341558658476693 0.00019059485957622033 5.7080023117089523e-05 0.0002557184980147796 0.00026964106854994284 0.00033275568838249826 0.0005139834677616292 0.0004092901724221283 0.0004067994453942065 0.00029494427940600365 0.000205656955282372 0.0003078237561245532 0.00022037956940175457 0.00019441459096347386 0.0006290040387102199 0.00027918325325577704 0.0003164326150270236 0.00021089213748115522 0.0002891014478493574 0.00032792905151764375 0.00019851042129907052 0.00021345347611201722 0.00028408151283776666 0.00023688169912224524 0.00021002210943959836 0.00026411486639753236 0.0001715110371094176 0.0002327406658131783 0.00044018625391752835 0.000545080540238302 0.00016667207674512288 0.0024584756609571812 0.00029309732885897155 0.00029450801912508505</DataArray>
<DataArray type="Float64" Name="g_gap" format="ascii">0.0 0.0 0.0 0.0 0.0 0.0 0.0 0.0 0.0 0.0 0.0 0.0 0.0 0.0 0.0 0.0 0.0 0.0 0.0 0.0 0.0 0.0 0.0 0.0 0.0 0.0 0.0 0.0 0.0 0.0 0.0 0.0 0.0 0.0 0.0 0.0 0.0 0.0 0.0 0.0 0.0 0.0 0.0 0.0 0.0 0.0 0.0 0.0 0.0 0.0 0.0 0.0 0.0 0.0 0.0 0.0 0.0 0.0 0.0 0.0 0.0 0.0 0.0 0.0 0.0 0.0 0.0 0.0 0.0 0.0 0.0 0.0 0.0 0.0 0.0 0.0 0.0 0.0 0.0 0.0 0.0 0.0 0.0 0.0 0.0 0.0 0.0 0.0 0.0 0.0 0.0 0.0 0.0 0.0 0.0 0.0 0.0 0.0 0.0 0.0 0.0 0.0 0.0 0.0 0.0 0.0 0.0 0.0 0.0 0.0 0.0 0.0 0.0 0.0 0.0 0.0 0.0 0.0 0.0 0.0 0.0 0.0 0.0 0.0 0.0 0.0 0.0 0.0 0.0 0.0 0.0 0.0 0.0 0.0 0.0 0.0 0.0 0.0 0.0 0.0 0.0 0.0 0.0 0.0 0.0 0.0 0.0 0.0 0.0 0.0 0.0 0.0 0.0 0.0 0.0 0.0 0.0 0.0 0.0 0.0 0.0 0.0 0.0 0.0 0.0 0.0 0.0 0.0 0.0 0.0 0.0 0.0 0.0 0.0 0.0 0.0 0.0 0.0 0.0 0.0 0.0 0.0 0.0 0.0 0.0 0.0 0.0 0.0 0.0 0.0 0.0 0.0 0.0 0.0 0.0 0.0 0.0 0.0 0.0 0.0 0.0 0.0 0.0 0.0 0.0 0.0 0.0 0.0 0.0 0.0 0.0 0.0 0.0 0.0 0.0 0.0 0.0 0.0 0.0 0.0 0.0 0.0 0.0 0.0 0.0 0.0 0.0 0.0 0.0 0.0 0.0 0.0 0.0 0.0 0.0 0.0 0.0 0.0 0.0 0.0 0.0 0.0 0.0 0.0 0.0 0.0 0.0 0.0 0.0 0.0 0.0 0.0 0.0 0.0 0.0 0.0 0.0 0.0 0.0 0.0 0.0 0.0 0.0 0.0 0.0 0.0 0.0 0.0 0.0 0.0 0.0 0.0 0.0 0.0 0.0 0.0 0.0 0.0 0.0 0.0 0.0 0.0 0.0 0.0 0.0 0.0 0.0 0.0 0.0 0.0 0.0 0.0 0.0 0.0 0.0 0.0 0.0 0.0 0.0 0.0 0.0 0.0 0.0 0.0 0.0 0.0 0.0 0.0 0.0 0.0 0.0 0.0 0.0 0.0 0.0 0.0 0.0 0.0 0.0 0.0 0.0 0.0 0.0 0.0 0.0 0.0 0.0 0.0 0.0 0.0 0.0 0.0 0.0 0.0 0.0 0.0 0.0 0.0 0.0 0.0 0.0 0.0 0.0 0.0 0.0 0.0 0.0 0.0 0.0 0.0 0.0 0.0 0.0 0.0 0.0 0.0 0.0 0.0 0.0 0.0 0.0 0.0 0.0 0.0 0.0 0.0 0.0 0.0 0.0 0.0 0.0 0.0 0.0 0.0 0.0 0.0 0.0 0.0 0.0 0.0 0.0 0.0 0.0 0.0 0.0 0.0 0.0 0.0 0.0 0.0 0.0 0.0 0.0 0.0 0.0 0.0 0.0 0.0 0.0 0.0 0.0 0.0 0.0 0.0 0.0 0.0 0.0 0.0 0.0 0.0 0.0 0.0 0.0 0.0 0.0 0.0 0.0 0.0 0.0 0.0 0.0 0.0 0.0 0.0 0.0 0.0 0.0 0.0 0.0 0.0 0.0 0.0 0.0 0.0 0.0 0.0 0.0 0.0 0.0 0.0 0.0 0.0 0.0 0.0 0.0 0.0 0.0 0.0 0.0 0.0 0.0 0.0 0.0 0.0 0.0 0.0 0.0 0.0 0.0 0.0 0.0 0.0 0.0 0.0 0.0 0.0 0.0 0.0 0.0 0.0 0.0 0.0 0.0 0.0 0.0 0.0 0.0 0.0 0.0 0.0 0.0 0.0 0.0 0.0 0.0 0.0 0.0 0.0 0.0 0.0 0.0 0.0 0.0 0.0 0.0 0.0 0.0 0.0 0.0 0.0 0.0 0.0 0.0 0.0 0.0 0.0 0.0 0.0 0.0 0.0 0.0 0.0 0.0 0.0 0.0 0.0 0.0 0.0 0.0 0.0 0.0 0.0 0.0 0.0 0.0 0.0 0.0 0.0 0.0 0.0 0.0 0.0 0.0 0.0 0.0 0.0 0.0 0.0 0.0 0.0 0.0 0.0 0.0 0.0 0.0 0.0 0.0 0.0 0.0 0.0 0.0 0.0 0.0 0.0 0.0 0.0 0.0 0.0 0.0 0.0 0.0 0.0 0.0 0.0 0.0 0.0 0.0 0.0 0.0 0.0 0.0 0.0 0.0 0.0 0.0 0.0 0.0 0.0 0.0 0.0 0.0 0.0 0.0 0.0 0.0 0.0 0.0 0.0 0.0 0.0 0.0 0.0 0.0 0.0 0.0 0.0 0.0 0.0 0.0 0.0 0.0 0.0 0.0 0.0 0.0 0.0 0.0 0.0 0.0 0.0 0.0 0.0 0.0 0.0 0.0 0.0 0.0 0.0 0.0 0.0 0.0 0.0 0.0 0.0 0.0 0.0 0.0 0.0 0.0 0.0 0.0 0.0 0.0 0.0 0.0 0.0 0.0 0.0 0.0 0.0 0.0 0.0 0.0 0.0 0.0 0.0 0.0 0.0 0.0 0.0 0.0 0.0 0.0 0.0 0.0 0.0 0.0 0.0 0.0 0.0 0.0 0.0 0.0 0.0 0.0 0.0 0.0 0.0 0.0 0.0 0.0 0.0 0.0 0.0 0.0 0.0 0.0 0.0 0.0 0.0 0.0 0.0 0.0 0.0 0.0 0.0 0.0 0.0 0.0 0.0 0.0 0.0 0.0 0.0 0.0 0.0 0.0 0.0 0.0 0.0 0.0 0.0 0.0 0.0 0.0 0.0 0.0 0.0 0.0 0.0 0.0 0.0 0.0 0.0 0.0 0.0 0.0 0.0 0.0 0.0 0.0 0.0 0.0 0.0 0.0 0.0 0.0 0.0 0.0 0.0 0.0 0.0 0.0 0.0 0.0 0.0 0.0 0.0 0.0 0.0 0.0 0.0 0.0 0.0 0.0 0.0 0.0 0.0 0.0 0.0 0.0 0.0 0.0 0.0 0.0 0.0 0.0 0.0 0.0 0.0 0.0 0.0 0.0 0.0 0.0 0.0 0.0 0.0 0.0 0.0 0.0 0.0 0.0 0.0 0.0 0.0 0.0 0.0 0.0 0.0 0.0 0.0 0.0 0.0 0.0 0.0 0.0 0.0 0.0 0.0 0.0 0.0 0.0 0.0 0.0 0.0 0.0 0.0 0.0 0.0 0.0 0.0 0.0 0.0 0.0 0.0 0.0 0.0 0.0 0.0 0.0 0.0 0.0 0.0 0.0 0.0 0.0 0.0 0.0 0.0 0.0 0.0 0.0 0.0 0.0 0.0 0.0 0.0 0.0 0.0 0.0 0.0 0.0 0.0 0.0 0.0 0.0 0.0 0.0 0.0 0.0 0.0 0.0 0.0 0.0 0.0 0.0 0.0 0.0 0.0 0.0 0.0 0.0 0.0 0.0 0.0 0.0 0.0 0.0 0.0 0.0 0.0 0.0 0.0 0.0 0.0 0.0 0.0 0.0 0.0 0.0 0.0 0.0 0.0 0.0 0.0 0.0 0.0 0.0 0.0 0.0 0.0 0.0 0.0 0.0 0.0 0.0 0.0 0.0 0.0 0.0 0.0 0.0 0.0 0.0 0.0 0.0 0.0 0.0 0.0 0.0 0.0 0.0 0.0 0.0 0.0 0.0 0.0 0.0 0.0 0.0 0.0 0.0 0.0 0.0 0.0 0.0 0.0 0.0 0.0 0.0 0.0 0.0 0.0 0.0 0.0 0.0 0.0 0.0 0.0 0.0 0.0 0.0 0.0 0.0 0.0 0.0 0.0 0.0 0.0 0.0 0.0 0.0 0.0 0.0 0.0 0.0 0.0 0.0 0.0 0.0 0.0 0.0 0.0 0.0 0.0 0.0 0.0 0.0 0.0 0.0 0.0 0.0 0.0 0.0 0.0 0.0 0.0 0.0 0.0 0.0 0.0 0.0 0.0 0.0 0.0 0.0 0.0 0.0 0.0 0.0 0.0 0.0 0.0 0.0 0.0 0.0 0.0 0.0 0.0 0.0 0.0 0.0 0.0 0.0 0.0 0.0 0.0 0.0 0.0 0.0 0.0 0.0 0.0 0.0 0.0 0.0 0.0 0.0 0.0 0.0 0.0 0.0 0.0 0.0 0.0 0.0 0.0 0.0 0.0 0.0 0.0 0.0 0.0 0.0 0.0 0.0 0.0 0.0 0.0 0.0 0.0 0.0 0.0 0.0 0.0 0.0 0.0 0.0 0.0 0.0 0.0 0.0 0.0 0.0 0.0 0.0 0.0 0.0 0.0 0.0 0.0 0.0 0.0 0.0 0.0 0.0 0.0 0.0 0.0 0.0 0.0 0.0 0.0 0.0 0.0 0.0 0.0 0.0 0.0 0.0 0.0 0.0 0.0 0.0 0.0 0.0 0.0 0.0 0.0 0.0 0.0 0.0 0.0 0.0 0.0 0.0 0.0 0.0 0.0 0.0 0.0 0.0 0.0 0.0 0.0 0.0 0.0 0.0 0.0 0.0 0.0 0.0 0.0 0.0 0.0 0.0 0.0 0.0 0.0 0.0 0.0 0.0 0.0 0.0 0.0 0.0 0.0 0.0 0.0 0.0 0.0 0.0 0.0 0.0 0.0 0.0 0.0 0.0 0.0 0.0 0.0 0.0 0.0 0.0 0.0 0.0 0.0 0.0 0.0 0.0 0.0 0.0 0.0 0.0 0.0 0.0 0.0 0.0 0.0 0.0 0.0 0.0 0.0 0.0 0.0 0.0 0.0 0.0 0.0 0.0 0.0 0.0 0.0 0.0 0.0 0.0 0.0 0.0 0.0 0.0 0.0 0.0 0.0 0.0 0.0 0.0 0.0 0.0 0.0 0.0 0.0 0.0 0.0 0.0 0.0 0.0 0.0 0.0 0.0 0.0 0.0 0.0 0.0 0.0 0.0 0.0 0.0 0.0 0.0 0.0 0.0 0.0 0.0 0.0 0.0 0.0 0.0 0.0 0.0 0.0 0.0 0.0 0.0 0.0 0.0 0.0 0.0 0.0 0.0 0.0 0.0 0.0 0.0 0.0 0.0 0.0 0.0 0.0 0.0 0.0 0.0 0.0 0.0 0.0 0.0 0.0 0.0 0.0 0.0 0.0 0.0 0.0 0.0 0.0 0.0 0.0 0.0 0.0 0.0 0.0 0.0 0.0 0.0 0.0 0.0 0.0 0.0 0.0 0.0 0.0 0.0 0.0 0.0 0.0 0.0 0.0 0.0 0.0 0.0 0.0 0.0 0.0 0.0 0.0 0.0 0.0 0.0 0.0 0.0 0.0 0.0 0.0 0.0 0.0 0.0 0.0 0.0 0.0 0.0 0.0 0.0 0.0 0.0 0.0 0.0 0.0 0.0 0.0 0.0 0.0 0.0 0.0 0.0 0.0 0.0 0.0 0.0 0.0 0.0 0.0 0.0 0.0 0.0 0.0 0.0 0.0 0.0 0.0 0.0 0.0 0.0 0.0 0.0 0.0 0.0 0.0 0.0 0.0 0.0 0.0 0.0 0.0 0.0 0.0 0.0 0.0 0.0 0.0 0.0 0.0 0.0 0.0 0.0 0.0 0.0 0.0</DataArray>
<DataArray type="Float64" Name="heat_i_to_j" format="ascii">4.434459153006058e-06 4.638195196838362e-06 -5.256683179752618e-07 -3.680480526078812e-06 -4.866505505800156e-06 7.16530282019646e-06 -1.2024112961697818e-05 -8.572035506340883e-06 2.209977849195518e-06 1.122086779867573e-05 4.034904751026347e-08 -9.83760102671234e-06 -2.98458409516911e-07 -4.654230638736031e-06 -3.0693245049231175e-07 4.961163089229548e-06 -2.984431474823539e-06 -8.217689825397877e-06 -7.0086964685333045e-06 1.906352355894257e-05 -8.527057901794604e-07 -8.62486761023736e-06 -1.9869172533856293e-06 -8.770036153855867e-07 -1.5952363448864345e-06 -4.905617183158106e-06 -3.041156985511516e-06 -7.78388525047256e-06 9.605634259517195e-06 1.537396285399018e-06 -3.359145294448019e-06 2.5991357455466223e-06 5.262227239589919e-06 1.1568027141498897e-06 -9.01816569930344e-06 -4.270747791277711e-06 -4.781421784804993e-06 6.55149626072524e-06 1.532625886609085e-05 -1.0648896775349589e-05 -1.1228858351453255e-05 -1.1688179450179145e-05 -3.77489838726406e-07 2.5877203789640212e-05 3.571461145801266e-06 -1.738299564648722e-05 -4.2084979986072694e-06 4.900185474060321e-06 4.780811155463128e-06 -5.472498630939058e-06 9.245392072441372e-06 -0.00017232329391883957 1.5238513798887717e-05 -2.604408593373782e-06 -1.9090867096240483e-05 0.00017213379948275226 1.3426641030908713e-05 -2.3326882636972835e-06 5.652147052825972e-06 -1.674609982006021e-05 0.0 1.1753412811041907e-06 -1.1409982337373496e-05 7.590725744158362e-06 -2.06922646947542e-05 -8.91877788859956e-06 1.3256359530364957e-05 -1.1250897653449403e-06 9.889047074196695e-06 0.00010945166297161881 -4.583056539355775e-05 -5.42558064863153e-05 -9.617039333017071e-06 2.5174824137420146e-07 -1.685413877716268e-05 -1.3750370493260166e-06 7.677303869300065e-06 1.0551871957189884e-05 1.2322815735722541e-05 3.2371119161993716e-06 -1.652698882665535e-05 9.67061174698608e-07 1.32170834392728e-06 -1.4014675314141387e-06 -2.049101612271081e-06 -1.0247063167280473e-05 -1.5750546142948882e-06 1.3950978581355634e-05 5.430015799499259e-07 -4.181031425562386e-06 7.134807229427084e-06 -3.4967773838365174e-06 1.4461604819603054e-05 -9.27902758072273e-06 -5.182577238896447e-06 -4.268423701210629e-06 -6.136725786496636e-07 -4.480525709613482e-06 9.362621989428721e-06 3.0587348996462744e-06 6.465358087770643e-06 -1.0552438405829932e-05 6.4670708284408645e-06 -5.438725409996446e-06 0.00011506961884787407 -4.606412445210918e-06 1.771557550731833e-05 -1.00271282036152e-05 -0.00011815165370656268 -6.579310146319458e-06 2.4033525450222038e-05 -1.0993783830177266e-05 -6.460431473728073e-06 2.4002465767395018e-05 2.3583908773193902e-05 -1.728995803900406e-06 5.7524060660949754e-05 -1.774519338748076e-06 7.036746578332791e-06 -3.6663495164366065e-06 -3.889711026325282e-06 -1.9608859135901306e-05 1.5001005936831624e-05 7.5096831030569194e-06 -4.119326605936758e-05 6.91596507308761e-05 -5.7054356693290863e-05 5.959304979221321e-05 -3.0505077769591667e-05 1.1242513022067165e-05 -4.0745311781185704e-07 -1.0835059904248764e-05 -7.2401321513521546e-06 -4.269386291347284e-06 -2.3809129394547495e-06 3.1066233080747103e-06 1.0783808074134567e-05 3.3009450625768656e-05 -3.3009450625795686e-05 5.400323340531222e-06 7.6038980613155645e-06 -1.3004221401844821e-05 -1.3188113752149481e-05 1.3634747561582783e-06 8.15999789149026e-06 6.358193355838543e-06 -2.693552251314502e-06 -6.1462766518448764e-06 1.0708233126765215e-05 1.3344949705707915e-05 -1.7906906180667787e-05 -1.0731265416172606e-05 -8.054324377047852e-06 1.8785589793190886e-05 -7.53531443207523e-07 -2.2993828721875433e-06 -6.55593691677584e-06 9.608851232159798e-06 -1.128545840571931e-05 9.094891027795873e-06 -7.0121303266980435e-06 6.9984791282432896e-06 -5.579666674120557e-06 5.963198868017812e-06 2.0395804092472464e-05 4.5594807432756316e-07 7.785713387433969e-06 8.018879856524307e-06 1.014420201033292e-06 -3.194457244391756e-05 2.2911272386416656e-05 -1.8174591964754635e-07 1.6371101432042673e-06 -1.4553642235767638e-06 -1.77752601738433e-05 -5.061784438745385e-05 -6.155040478800113e-06 7.454814504012597e-05 -8.516320462835529e-07 1.4575829117062352e-05 -1.3724197070761442e-05 4.55911636345991e-06 1.9930310770251503e-06 1.0663149361024536e-05 -1.72152968015473e-05 -4.47954324835137e-06 1.2448742847239355e-05 -3.115950604691651e-06 1.1099498737960017e-06 6.500063524662488e-06 3.935950376743705e-06 6.215251688444162e-07 -1.1057539070252246e-05 -4.856289219401339e-06 2.4743273107998866e-06 2.6006937837193702e-05 6.201413044702848e-06 -6.201413044673441e-06 2.749738215727437e-06 1.9427013573195256e-06 2.3212894276112935e-06 -6.875059806919884e-07 1.4282494957419204e-05 -2.060871797732794e-05 -0.00019073450789012866 -3.0422590807436415e-05 -1.1099008058852845e-06 4.7131454660753064e-05 -3.5528067997804655e-05 -2.7460075479668863e-05 1.696658962262903e-05 -1.255112291283309e-07 1.020628424970596e-05 -1.0080773020571547e-05 -8.275747509238788e-06 -2.140530333366774e-06 -7.181134620098945e-07 -1.5413297414568267e-05 1.541329741457174e-05 -1.4761880118155882e-05 5.616433942463102e-06 -1.60544376768346e-05 2.5199883852515303e-05 -1.5925981919458307e-05 -2.684295013235787e-06 -1.3819385547396415e-05 1.9241548727896327e-05 1.0209413136367978e-06 -3.3054300316982503e-06 9.44979153818851e-06 5.344680040724455e-06 -2.8946601200669658e-06 1.0177628003080277e-05 -1.2627647923783766e-05 3.04560300585541e-05 -1.279707487235464e-07 -3.0328059309838472e-05 5.302863032520448e-05 4.147669336706187e-05 1.7817621847778622e-05 2.3397500707122628e-05 -1.8600893697625586e-05 -7.98337076311936e-06 2.208972797637297e-06 2.437529166305525e-05 5.8544782561652344e-06 8.119320919869732e-06 -6.940066420443518e-07 -1.7226217269920714e-05 7.031412714748082e-06 -3.084987978856291e-06 -3.0592582289742727e-06 -9.707753164170113e-06 -3.1308072027478655e-06 7.2097820578192465e-06 -4.078974855073618e-06 3.409455988358463e-06 -1.0952225970038337e-05 7.235837531186254e-06 3.89601331291835e-06 6.658432870960125e-06 1.1383579117360992e-06 -1.5400288249118295e-05 1.4282519426753943e-06 2.2792322107942254e-06 1.1312631802725039e-05 -5.556464305791279e-06 5.398765722536612e-06 -1.3456931947743765e-06 3.90219331137208e-06 -8.137011758863735e-06 1.7972920589107076e-07 -1.7972920589122433e-07 -9.082348358328482e-06 2.4475662079950583e-06 6.634782150311409e-06 3.4415281508705667e-06 1.076186366651437e-05 -1.1144656917725688e-05 4.054154327927999e-07 6.21143928354385e-07 9.948931876737328e-06 2.945014896204283e-06 -1.750336351738988e-05 1.9546230415595592e-05 1.835293719426589e-05 1.7022821548411363e-05 -1.7022821548396184e-05 3.1924997636266205e-07 1.2659711962913919e-05 -1.2978961939246977e-05 3.0748572035183904e-06 -1.711382447329292e-06 -1.1775954749428935e-05 -8.275332373531045e-06 2.4336244045387413e-05 -1.2560704431768488e-05 8.939162815570193e-06 -8.677611644002477e-06 -6.598922934929277e-06 5.5838403201477585e-06 3.502108154859475e-06 2.3554699687897236e-06 -1.0839399806238283e-05 -1.51728537597442e-05 2.0154675442360982e-05 -3.2321743915645107e-06 5.8654971570145585e-06 4.175311049681841e-06 -8.080356345233422e-06 1.2717225300806878e-06 -1.993186012826361e-05 2.5645853821888818e-05 7.759968071148634e-06 -1.3473961764818998e-05 4.982573055658072e-06 6.345827412634844e-06 -1.1361393310311986e-05 3.29928420324475e-08 1.992638073212498e-05 6.95350266872666e-06 -1.0216124696247077e-05 -1.7773659510507147e-05 1.2545910040065716e-05 -8.900553546885754e-06 1.7534092293651084e-06 8.33979358585244e-06 9.895623174715999e-06 -4.1271616800928584e-07 -1.7822700592596252e-05 -0.00011593204130988191 -7.260810302262286e-06 -5.1098108221554935e-06 1.3781077805570215e-05 6.169613642687951e-06 -2.0791129893147783e-05 1.0747324683558121e-05 5.41064831008599e-06 4.532619959920343e-06 -7.785723786886207e-06 -3.009176529404178e-06 -2.1671926513950395e-06 -1.5155207684477809e-06 -9.391996914979564e-06 1.7712905531703386e-05 -1.2686484412132874e-06 7.990852136015211e-06 -2.253388480489681e-05 1.5811681110097516e-05 -8.8659538915697e-06 1.4660186204659983e-05 -5.794232313086452e-06 -1.1507975836309304e-05 1.0890136385070044e-05 5.476787848162925e-07 -7.1286218311692795e-06 7.198782497598095e-06 3.902791747114366e-06 -1.5860003165290382e-06 -1.3626149580547047e-06 -9.541764725624317e-07 -5.9169473891754e-06 -1.2381038201679401e-05 2.2462750995186776e-05 8.226223135475265e-06 1.4210620562738025e-05 -1.0145521363332503e-05 -7.717401128507896e-06 -4.573921206317898e-06 2.7894713628259886e-06 -1.2918421037288697e-05 -1.911056755505549e-06 4.8414219276414915e-06 -1.1869253765278162e-05 7.027831837641352e-06 -5.674528994779299e-05 -0.0002624168430307095 -2.2879138516092824e-05 -4.5447244969338266e-07 -9.313470855325943e-08 -1.7772702315059796e-06 -6.660679661746884e-06 6.754459587731936e-06 -2.9250710348429235e-06 2.9070817636573977e-05 -2.4462256296191712e-05 1.4802718244776255e-06 4.3269593479125864e-05 2.127723966386595e-06 3.962446427323698e-06 -1.4080303461881731e-05 -1.3566790572120913e-05 2.1195412046274125e-07 3.2845788223619345e-05 8.317320328279498e-07 8.559244813242243e-06 3.632761032690201e-06 -1.3023737878753418e-05 1.045642867854238e-05 1.2530815645813763e-05 1.579945000923271e-05 -3.2544712838670516e-05 -3.749701445177402e-05 3.1255032956750953e-05 1.880705524385514e-05 3.464257235129475e-06 -4.0724481630848664e-06 2.236840592011533e-05 -3.0110841557594486e-05 1.6104273817664293e-05 1.673384029855347e-05 -1.8962942780628782e-05 -3.165043150938218e-05 -1.65562996108089e-05 1.1222164592081076e-05 -1.2848429304538704e-06 1.1516267462260915e-06 -1.6364822190544425e-05 2.18321733936353e-05 2.2687365773867366e-06 -1.706690309792165e-06 -2.1362230818287443e-05 3.112743764701879e-05 -2.2876988044062215e-05 1.7855732074425546e-05 -3.1564223873007284e-06 -3.0112607101664553e-05 5.491831887991813e-06 -1.4176489500742786e-07 1.0381941907754828e-06 -2.2124598595597142e-05 0.0001963636309846406 -1.0071549117446394e-05 -0.0002086545802817504 9.167784504295497e-06 1.3194713910320067e-05 5.642416396887717e-06 1.3846484580351974e-07 6.704542561102297e-06 -8.858291652341601e-06 1.9613609462693175e-06 3.246630661840443e-06 -7.282005325592041e-06 1.3454790179896498e-05 1.3280757037514934e-05 -2.4425211701581982e-05 1.5157693936882682e-05 8.340786101295527e-06 2.0788659823490897e-05 -2.2121929095405107e-05 1.5782079098954365e-05 -6.271050235548136e-06 1.47369265373728e-06 1.1137207578383409e-05 2.168805820106254e-06 -1.9232401139763323e-06 2.327014806351657e-05 -9.11686520819803e-06 2.2225275114029924e-05 4.77073420910891e-06 -1.690715758962873e-05 -1.7826125302489005e-05 1.432384023636787e-05 1.4946701841883574e-06 2.6230464746487713e-06 -9.547187978494415e-07 -1.1592719644184588e-05 -2.065599857132523e-05 -1.0557703283641734e-06 -1.189132560777278e-05 9.737205521886878e-06 1.1867434129278187e-05 -4.9595955895507145e-06 -1.7769124048428151e-06 1.0822741562066389e-05 -9.66879531671304e-06 4.6672113452008094e-06 -4.044245185691183e-06 4.816343014571089e-06 -1.3167523527913376e-05 -1.796198491774668e-06 -2.2868931423771355e-05 1.9623029441788734e-09 -2.7304461255086008e-05 1.4943301138104864e-05 4.779240100195327e-06 -8.976341897121952e-06 1.7593351664185865e-05 1.8357494966334035e-07 -1.0101349625125382e-05 -1.1944000689971083e-05 1.786821058780909e-05 -3.093166332781556e-06 -9.818566138848385e-06 6.070130509277832e-06 1.9609150638798058e-05 -1.776576034524445e-05 4.7574536422888805e-06 2.1234529838444918e-05 -1.7690343088746884e-05 -1.8681976668950205e-06 7.680164268597988e-06 1.3907614696952984e-05 1.897356944260899e-05 -8.780210838328613e-06 -1.465627392464698e-05 -6.582183368271914e-06 -5.451142498924808e-06 6.450123357184635e-06 6.8977581777166225e-06 -2.318668783468478e-05 2.4121702186973956e-05 6.897915007259752e-06 -2.8845333532914682e-05 2.1012404173361173e-05 -8.28579416154274e-06 1.0291054082595424e-05 -8.063170724012825e-06 1.3731385941478164e-05 1.8567150595875245e-05 -5.004245366331744e-06 2.7175313079301304e-05 6.504498204950672e-06 1.924331661844315e-05 9.131012497778543e-07 6.304401718592642e-07 -1.1286457713218776e-05 2.289220255004241e-05 -7.3061592904175355e-06 1.0483593376649251e-05 -2.6559133672573937e-05 -1.168774081654973e-05 1.4871424277401046e-05 1.0242957570061077e-05 -1.1027388765397366e-05 -1.859811394833075e-06 -2.115307804028975e-06 -7.4431994473370644e-06 0.00015273657080555847 1.7478506715747639e-06 9.043447951339096e-06 3.775945085703095e-05 -3.6638889014929474e-06 -1.828627930810831e-05 -2.752169129309665e-05 -1.339977144357325e-05 -9.79290473372368e-06 1.4340627991594022e-05 -1.0693999909700107e-05 1.0314937930726046e-05 3.143684089838663e-06 -2.502452056927994e-05 -5.97555244685342e-06 -7.819394274983393e-07 7.025567818358106e-06 -1.74968777541501e-05 -5.234686637012243e-07 2.726003613074341e-05 -9.245054091751495e-07 5.8156695704003124e-06 1.0019982773475215e-05 -8.57965840420925e-06 -6.3314885305314056e-06 -1.4581299528962829e-05 -6.7805182038795215e-06 -5.137742359144312e-07 2.3387965423480303e-05 1.4623632516091706e-05 1.2868392114273618e-05 -5.156346408606881e-05 6.834740321821046e-07 2.2682739450987733e-05 -1.2196354951844521e-05 2.3436672795254527e-05 -2.242443379420593e-05 -1.4113206428166734e-05 2.6145829278689566e-06 1.8537720908107884e-05 6.665894651493485e-06 -2.3920320845674733e-05 5.428561527779062e-06 8.614402624430063e-06 1.0519728748920406e-07 3.348032179220633e-05 -7.709623547451556e-06 -1.0950456305747273e-05 -1.4925439226402918e-05 2.055338621508728e-05 -2.5854456662988504e-05 4.609368118365686e-05 7.295288403903192e-05 1.5804388195140085e-05 -2.049897067633809e-05 4.856831427961896e-06 4.725849556591451e-06 -1.0659220240252387e-05 2.9233436785747873e-05 -7.58635902456165e-06 2.4363230792906728e-05 9.77972899637227e-06 -3.758638674348357e-05 4.5476815711598206e-05 0.00019779461705091373 2.3478519021666362e-05 -0.00023582424470288245 7.953063869451213e-06 -1.0966173025083117e-05 4.547836247995087e-06 2.4046703017298262e-06 -1.178588349596132e-05 9.38121319422888e-06 2.109308060549289e-05 -1.2346006281031818e-05 -4.4721587464155825e-06 1.6278470637135298e-05 1.142797941649434e-05 -7.6291315066117146e-06 1.3269829109344568e-05 -1.2947133408100073e-05 1.5053035913524245e-05 -6.30048029800613e-06 -9.01994768140844e-06 -5.3559601252134735e-08 3.2095166715123475e-07 -1.190987963730955e-05 2.1639289407269255e-05 -1.3534474002618933e-06 -2.053513946017861e-05 6.101937416465061e-07 8.512766369178285e-06 -9.762918311033619e-06 2.805473898337012e-05 -2.8706837277640397e-05 -1.6678442687597444e-05 -2.346406840468077e-05 9.173163464255326e-06 4.37939223047809e-05 -6.036675197793252e-06 -3.4751800572201474e-05 8.55716466378496e-06 7.3924598883541726e-06 -1.1106650148306556e-05 -1.2290996648212772e-05 8.356846272398872e-06 1.4065460557199047e-05 -1.4974284585209108e-05 1.8702435175199747e-05 -5.866851661699834e-06 3.346480613805673e-05 -1.5050101518258543e-05 0.0001729274398938732 1.891981890077981e-05 -0.00015116265562248093 -5.909930779189831e-05 -0.0001251975345677904 3.2636591765708425e-06 -1.3846245002843948e-05 1.4144787168411995e-05 3.229340609821767e-06 -5.513620793098514e-06 -2.3212578952167566e-05 2.8726199745268668e-05 1.1386628950643305e-05 2.0340518643898592e-05 3.818042787013654e-05 -1.5474741803054836e-05 -1.1253975149388009e-05 -2.1185110958436552e-05 -2.124905898176766e-06 -6.183585054518653e-06 -2.585286660299978e-06 2.659935345843462e-06 -2.3395294902399886e-05 1.9307066442707426e-06 -4.978112968581241e-07 -9.287070427330815e-06 2.285310046511235e-05 -4.003739721411236e-06 -9.562290316389067e-06 -1.2167701163069729e-05 6.242665802168782e-06 -2.0533790061204953e-05 -1.5378096473908063e-05 1.9668679522658566e-05 5.9969602708337265e-06 7.3598348706570976e-06 -1.0613898234112787e-06 4.876914099982233e-06 1.3955664794697547e-05 -2.5131023941932357e-05 -1.6005074661404385e-05 -8.368119304004708e-06 -9.415234210657003e-06 -2.81656240125592e-05 1.2096880673534932e-05 -1.559412046118553e-07 -3.752898523595474e-05 1.6743156737267698e-05 -1.2808411309299205e-05 -1.387883902527717e-06 -1.5774679916639756e-05 2.12762718518827e-05 9.697906046828136e-06 -2.9086789879287232e-06 -2.4364588759256327e-05 -2.9885061307696686e-06 1.6003341910945038e-05 1.776054012180633e-05 2.444879434143671e-05 -9.884007515407497e-06 -6.327572020339033e-06 -9.161720214880299e-06 -0.00016885708982543194 -1.747559060625351e-05 4.674268691797819e-05 0.0001651596851969536 -2.552164095279268e-06 -1.3274896697275342e-05 -1.5311805395736505e-05 -1.3442895703034757e-05 9.57895599815725e-06 1.915952226054559e-05 -1.5295582555663592e-05 1.615692282830258e-05 -6.958375425727746e-06 1.825771688412918e-05 -0.00016719746860361477 2.0466657458798016e-05 -2.730717479482261e-06 -2.3215802633908634e-05 9.698288958298762e-06 -2.1959001386018952e-05 3.313860205616912e-05 6.885944134128284e-06 0.00017805282492959823 -1.0900730869244592e-05 -8.018583700706326e-05 -0.0001418903283876659 -1.2046839718529258e-05 1.0869667423216405e-05 -1.1538568471163148e-05 3.5406221986415803e-06 7.997946272505964e-06 -1.1141439617136057e-05 3.895144912577594e-05 1.7657633738436653e-06 -1.9585071863492292e-05 -3.2623037390853274e-05 3.894071906593289e-06 -1.4546288302325658e-06 1.2334132297907593e-05 2.6752341769835564e-05 -1.6356278517494973e-05 3.1433081749766314e-05 -1.5781560226434647e-05 3.4355135750261016e-07 -1.648125167620541e-06 -4.325299698613105e-06 -1.2892513041363493e-05 5.311202064846891e-06 2.934177894538752e-06 1.8365563145693877e-06 -7.482135312852126e-07 1.187575545278623e-07 -2.5814304920064506e-05 1.7158204398065748e-05 0.0001808753341888785 0.00013355829018694916 3.791826212443922e-05 -0.0003290211739374228 -4.0488916960316646e-05 -1.0898628727801875e-05 -2.981590567252922e-05 -1.400979921509748e-05 1.8847567404824556e-05 1.0961681819550365e-05 -7.4272487489231795e-06 1.3999092021762915e-05 -2.3101859523319453e-05 -3.451359941487698e-06 1.6850568989228278e-05 -2.49463397561782e-06 2.228206756732091e-05 -7.754011991037097e-06 1.0649317850330875e-05 -1.476488037677799e-07 8.58072055274658e-06 -1.9191500958551385e-05 1.5731360828903966e-05 -1.1477613367947764e-05 1.6483925292850739e-06 -1.903642342978387e-06 1.6085605316259667e-05 1.470699740177697e-05 -1.7437634087383934e-05 2.435729637029494e-05 -3.18965954305102e-05 -1.4738789124135462e-05 -6.323519719282137e-06 -9.755852313919564e-07 -1.623976910225312e-05 -9.274587535414847e-06 -1.555370925234122e-05 -7.645568927510985e-06 3.6805160000662212e-06 -4.023521148920739e-06 -1.547014172087545e-05 -3.4790847176282573e-06 2.156691385110779e-06 1.7936165754907113e-05 -1.666724380344246e-05 6.713270054904176e-05 -3.037019166207245e-05 -9.131761484922965e-06 -2.632034320189752e-05 1.2173570795623137e-05 -1.8199844607160872e-05 -1.2902808482733433e-05 -2.9032151140473288e-05 3.303946363272779e-05 -2.2879518831944982e-06 1.8659375186296655e-05 -1.918342110669905e-05 4.8874368147912464e-06 2.9304477923919375e-06 -2.3316216116174935e-05 -1.841773875936754e-05 -3.304395520973917e-05 -6.009867243668352e-06 1.8937430299836847e-05 2.2301519952585645e-05 -2.6416819330407325e-05 2.2427002888797427e-05 -1.9830163125665306e-06 -3.3296184562339013e-06 1.717227836843701e-05 -2.4451114187152065e-06 -1.5993842327415125e-05 -5.138602672998799e-07 -1.9783022573135113e-05 2.967245994611195e-05 1.819940711675706e-05 -9.961403203002243e-06 -1.761358101948516e-05 -1.2015230905975964e-05 1.035181694788483e-05 -1.2080648311555242e-05 -9.046540504046927e-06 -2.0600043357056023e-05 1.5755928102838825e-05 1.053743263424227e-05 -1.610553820920269e-05 -6.95687485826669e-06 6.650656433939894e-07 -5.25879304838319e-06 3.2511880577355304e-05 -1.951407873271935e-05 -2.85118976464408e-06 6.334345560383604e-06 -2.075595455262606e-07 5.467733587765654e-06 1.8225731679159726e-07 -1.2150806490749765e-05 8.783694081802772e-06 -3.218309892716617e-05 -1.1551294671821547e-05 9.76345658735093e-05 6.412580823084066e-06 -3.248316398498173e-05 -1.1629174731870393e-05 2.7949180787686968e-05 -2.645299201848456e-05 -1.6832803367744732e-06 1.1011553611292935e-05 -9.73489663111005e-06 -1.0066418187169548e-05 2.7930642691410448e-05 -1.5242620750774756e-05 3.9183674273493906e-05 1.7594705654981606e-05 -2.8616946991798745e-05 3.6997773721934774e-06 1.1940800647416304e-05 -5.175635415635257e-06 -9.299308951889286e-06 1.2224409897169541e-05 -1.1353034208833736e-05 -2.0370093403679707e-06 -1.0836452187357356e-07 -5.83643815164387e-06 1.629137113021377e-05 -1.8568785313645468e-05 -7.30928012826679e-06 -2.780569207014528e-05 2.9918769163780557e-05 -1.4178232032852649e-05 -9.589055908574949e-06 6.324698866866321e-06 6.577690103431035e-06 -5.325108307996059e-07 -4.170099042331594e-07 -1.3550433600578244e-08 -3.959479047743008e-06 2.1521921562401067e-05 3.301233989348401e-05 -3.2437832966585356e-08 3.0703516853369706e-07 8.49457640365193e-05 9.985831768134972e-05 4.445845579319988e-05 -0.0002210124080160194 -1.4275046782361935e-05 -1.4391397493096753e-05 -5.3716799655924595e-06 -5.553715099181562e-07 7.225243621133578e-06 -3.896108896025729e-05 2.1146559931321758e-05 -8.588782628303233e-06 -1.4957803042685313e-05 -6.1626256428650855e-06 1.647113253214493e-05 1.3768760363502517e-05 -9.825281028707929e-06 -1.2626245849980941e-05 -1.0085143466797989e-05 4.5335507798726815e-06 1.1344738815411653e-05 6.319390877229212e-06 -6.794462269442971e-06 3.8864482109640615e-06 2.359765673013676e-05 -2.1664804288465947e-06 -8.519767091773368e-06 1.0686247520590308e-05 0.0002009916003823878 8.042902763679255e-06 -3.4092407648123046e-05 -0.0001387256188691008 -2.7516704909933076e-06 -2.0874132888703602e-05 -9.601716727018039e-08 -2.3667189380100054e-05 -2.8614526634712924e-05 5.0394716869426565e-05 -9.010890858639509e-06 6.92836174207623e-07 -1.3110003046525895e-05 -1.0976378531554191e-05 -3.3859920441116303e-06 1.4399638846778958e-05 -6.870010563839214e-06 -5.692245942851923e-06 -1.29721840465362e-06 -1.226957216747111e-05 3.4053206379338793e-06 1.92909355627956e-06 8.46980332131604e-06 -2.0206723742158414e-05 3.534575423461194e-06 2.316714807052437e-05 -2.0314269031865294e-06 -7.75176954953549e-06 4.570473291416875e-06 -6.553600373046403e-06 6.923348044100152e-07 1.3638897370760703e-05 2.4585924989839575e-05 -1.5541388713587843e-05 -1.2602407013813936e-05 3.5578707375771906e-06 -1.005293251126916e-05 2.8798165367280526e-06 1.1029940378022292e-05 2.4917870423236633e-05 -1.5409116645998695e-05 1.1704269421803837e-05 -1.1457227598303291e-05 3.487420097337253e-06 -9.087660552232461e-06 9.762932584166887e-06 1.2910969411594924e-05 -6.810667274163206e-06 -2.4044787191404125e-05 1.9879075934082183e-05 1.2196913813284919e-05 -1.185046187974447e-05 -2.8026644115011352e-06 2.5190599167667844e-05 0.0003952742861118504 -1.684580849582335e-05 -0.0003973080947529333 1.2367176349283751e-05 -2.8640982284291128e-05 3.1245768246625146e-05 -2.4720169256825173e-05 -1.2117159556670779e-05 -4.636815365310499e-06 2.5537779853023842e-05 -5.389924002707709e-06 -3.145848470183843e-05 -2.3773588051171208e-05 -4.29083257783762e-07 -3.0885897069265254e-06 2.8458629972909152e-06 9.619346637958193e-06 -2.048243783079083e-05 -2.085890244018536e-06 1.5633039905109928e-05 3.1866906373610306e-06 -4.820703303926296e-06 1.5344423079857807e-05 -2.7840048227624074e-05 1.1912752077154031e-05 1.1989755717014032e-05 9.284908085514164e-06 1.7010888541673284e-05 1.0842275078788041e-05 1.8564041269443755e-06 3.9590686451766136e-06 -2.6429827545354726e-05 1.2610441997957284e-05 1.1522074983552144e-05 -1.0661952402931058e-05 -3.8156962881022843e-07 1.3841705989731016e-05 -2.7825281088320912e-05 2.110832342227453e-05 -5.088746155475191e-06 -4.710588260899013e-06 -1.6997429023571884e-05 0.00021614243208462503 -1.178292574092169e-06 5.577973123597976e-06 -2.1645774533659808e-05 1.2199051992680002e-07 3.2556332558987447e-05 -9.779587074357072e-06 -1.2153861690595883e-05 2.6055327799476853e-07 -9.745079160235347e-06 -7.613390235803189e-07 -4.1695355051383247e-07 -6.427407690735357e-05 4.390966794231566e-05 1.962302944172785e-09 -1.3253873810987089e-05 -2.3413185198391515e-05 -1.3471078893138989e-05 -0.00016671849174933724 -1.2324475678140064e-06 2.5412608311647944e-05 -1.7127580977573822e-06 7.371462244086061e-06 -1.658505801636749e-05 -1.5136204185452008e-05 2.5658646896474553e-05 -2.1625529786063293e-05 2.7198672611702025e-06 1.6837285541732158e-06 1.0928721529980866e-05 -1.4720478061937311e-05 1.0211364867981473e-05 5.660739940208571e-06 -4.097621451057074e-05 1.6493386791687884e-05 7.0087959679522e-06 1.0411233332128252e-05 -1.7099104774885467e-05 1.2290637446707538e-05 -3.1684781101030695e-05 1.0071662971515503e-05 -1.9148190587801007e-05 -6.550062445245456e-06 -1.5560161684851532e-05 0.00017892231916452842 -7.238244800417786e-05 -2.2902202766444872e-05 -8.109325548963997e-06 4.9001006780442795e-06 4.9144488172416e-06 1.2054077462827265e-05 1.8173049208685304e-06 -1.8710279065775214e-05 -7.837336686865944e-06 2.390899275031837e-05 6.398310277757694e-06 2.2023798979335403e-05 2.720063394475206e-05 -1.0197213903370164e-05 -4.233811741200348e-05 -1.5363782481985424e-05 4.04439499460647e-05 -3.8121610754288774e-05 -7.137437574786349e-05 2.7891830033872646e-05 -9.065901175894716e-06 9.735426616194613e-06 9.91338704698276e-06 -1.9494469150250214e-05 1.3222138281460052e-07 -2.3277989268274526e-06 -1.814846725629939e-05 -1.890051448730344e-05 2.9131176707542946e-05 -7.429291566353198e-06 -8.093603855466451e-06 3.854837960232994e-06 5.828248226845839e-06 1.0095760885088294e-05 1.1610463253584894e-05 -1.6383479357895445e-05 -1.7898079113780286e-05 -2.115762993361542e-05 7.387358485179265e-06 -1.5314615116049025e-05 2.542819796091901e-05 9.999874707795999e-06 -1.7721137483069043e-05 -3.122797341841134e-05 -2.02457435885952e-05 -6.461998817507535e-06 -3.88817377225255e-05 -7.5623641237037965e-06 2.7526178785234684e-05 1.264804712797673e-06 0.0001799476101759193 -8.438736590450082e-06 -0.00013015491492437067 -8.33614410772945e-06 1.2404281737978886e-05 2.417340125340304e-05 -2.4134758854297193e-05 2.9113596335664755e-05 -1.4732575648107146e-05 -2.3634213899765338e-06 -1.9592518602591573e-05 -1.7791984713758715e-05 9.47203919242749e-06 -5.981205686685459e-06 -1.9060447060678486e-05 2.3449322228197333e-05 1.1157795489493056e-05 -1.5741598926149371e-06 3.2861015614475458e-06 1.6211220009867954e-05 4.276390859381495e-06 -2.6668372550782886e-05 6.93891387389281e-06 -4.1211911103198834e-06 7.035011785633837e-06 1.8550187852094462e-05 -6.154198713627064e-06 1.621468516001343e-05 -9.775003587530354e-06 2.3323371989688524e-05 7.549373277149823e-06 1.5532255374951244e-05 2.3771043582461075e-06 1.150078159535062e-05 -2.6845089996289533e-06 -2.7871242956110682e-05 2.4051826832795506e-05 7.58351534622659e-06 1.346347214259502e-05 -1.2539440307491242e-05 8.008728924807843e-06 -1.7961984917737883e-06 1.2370491049706031e-05 -1.431087615423565e-05 -1.5621014558478043e-06 1.8750522368226543e-05 2.4755348919144004e-05 -2.4224450884864035e-06 -1.9423664438285028e-05 3.4999068858180394e-07 7.327816786711043e-06 0.00045395124053737134 2.1611097757237245e-05 9.082343801870357e-06 3.70756899620316e-06 8.769951289738554e-07 1.4735011866992536e-07 -1.0193574229420723e-05 -1.3925491415761082e-05 -1.1225716260082995e-05 3.9621746099054805e-07 -2.3515016783362034e-05 -1.028199939845472e-05 -1.9415283922503224e-05 1.6357417927485946e-05 -6.367107527554093e-07 -2.3108615178505996e-06 8.614838064761944e-06 2.4898405804623308e-05 4.929507433631079e-06 2.2567364497207888e-05 -1.3828126629030831e-05 2.1286483424977962e-06 1.783294831461596e-05 1.2060265404796215e-05 -1.5384726853818897e-05 3.1945949712238513e-06 2.0362600835381684e-05 2.196026985704965e-05 -6.108108582790333e-07 5.00764778476854e-06 -2.7287613183186428e-05 -1.4867645738462942e-05 7.54214823069125e-05 5.908819108274495e-06 0.00019801182058567783 -4.959170352519146e-06 1.0271235741879089e-05 -2.888193044209631e-05 -8.666191822674715e-06 5.5326175239095924e-05 -0.0002441704942442628 0.0002703138469640876 1.9339393859051554e-06 -1.7462966789003553e-05 -4.705669602989799e-06 2.1007296982139317e-05 6.2937648546949105e-06 4.39297607154867e-06 -5.384246978804231e-06 9.719566986981123e-06 -2.9192739281219884e-05 -2.4968065851742752e-05 8.759251874177281e-07 -3.09344103249003e-07 -1.6275929920791316e-05 -5.0910009558210445e-06 -2.1210625116640237e-05 -1.6938138745390115e-05 5.650400301281812e-06 -1.12216953117712e-05 -2.2339986698069675e-05 -7.333009928325929e-06 4.510554074917582e-06 1.7035577250203992e-05 -1.7212461053179624e-05 2.4826217786477843e-05 -1.9048728965060273e-05 2.670346157722939e-06 3.368398402511467e-05 -8.119321926409948e-07 -8.916553167029701e-07 -1.2954589686121049e-05 -1.0457729983950449e-07 7.388873555741874e-07 1.747510683420304e-05 1.875992302611559e-05 1.0238533216308358e-05 2.5920885860381334e-06 -7.564677381255527e-06 1.3254204127535339e-05 -3.818714322198199e-06 -5.362912982174839e-05 1.995293113134814e-05 8.424602231052915e-07 -2.5294618198588852e-05 -1.7598794350403619e-06 -1.0782491136013702e-07 1.8502009367700226e-05 -6.345249554635231e-05 2.1212997777229555e-05 4.808905758887617e-05 2.6795017375487713e-05 -2.4881870871849465e-05 1.6582772540696607e-05 1.742218800811598e-05 -2.5139894455252738e-05 1.777930682393626e-05 -3.0117051215210912e-05 2.1029343141821887e-05 1.0921374880312434e-05 0.0005251446066597214 -1.9410733640643108e-05 2.6831291036723603e-06 -3.515322689171264e-05 -6.893184263956711e-06 -4.269265649450178e-06 -2.6032635327709246e-05 -3.2268670525291964e-05 -2.6539171629665532e-05 -1.2194542227162285e-05 5.541839406070726e-06 -9.679153240341413e-07 8.967963489491014e-06 7.698891815034338e-06 1.8365503309644153e-05 8.653453080050264e-06 -1.9496354499944256e-05 -1.0089617607088412e-05 5.983685569237766e-06 5.993041623007306e-06 -1.484846054697262e-05 5.576389974212043e-05 -2.9910181325680324e-05 5.239749664313192e-06 3.8226423385309304e-05 -1.3702848130232747e-06 3.478833217658947e-05 -1.2388704221756925e-05 -9.887129505544694e-06 -2.1606418533478275e-06 5.478097415338671e-06 -2.43358593577618e-07 -2.0052333826698147e-05 2.6585367629711955e-05 -4.006392131621326e-06 -0.0001394580240264127 0.0001381631175155005 -1.1147866136419624e-06 8.434645136314496e-06 2.4786218146910254e-05 -1.9458417909344556e-05 -6.826962221128883e-06 3.846702169251749e-05 7.712567660578569e-06 9.869338903163438e-06 -1.961869626428144e-05 1.615306653714888e-05 2.7277675847070555e-05 -2.3835255168141084e-05 1.4446223609570395e-05 -2.1135470116205933e-05 -1.331685577510055e-05 3.588231964285854e-05 2.166437981628072e-06 1.6866536874578682e-06 -5.4328566342917664e-05 -2.8403500380697406e-06 1.9911675866592692e-05 -4.035478483598804e-05 4.280295913634243e-06 -1.9286235277191194e-05 -2.8075947146976454e-05 -9.604138907970084e-06 4.287241927575648e-07 1.582406699397212e-05 -7.056928003506014e-05 2.6493832662027712e-05 -0.00040666716929212 -9.004203482043551e-06 1.0760564222273908e-05</DataArray>
</CellData><Points>
<DataArray type="Float64" Name="Points" format="ascii" NumberOfComponents="3">0.0153486 0.0102396 0.0123436 0.0140345 0.0107244 0.0127216 0.0153486 0.0102396 0.0123436 0.015635431520482898 0.0114388 0.0130018 0.0153486 0.0102396 0.0123436 0.017003924520482896 0.0104747 0.0125467 0.0153486 0.0102396 0.0123436 0.0141406 0.00928317 0.0117879 0.0153486 0.0102396 0.0123436 0.0150678 0.0116817 0.010994 0.00526612 0.0143938 0.00668311 0.00452987 0.0152968 0.00757785 0.00526612 0.0143938 0.00668311 0.00393701 0.0147811 0.0057769 0.00526612 0.0143938 0.00668311 0.00598849 0.0131524 0.00582001 0.00526612 0.0143938 0.00668311 0.00384937 0.0130422 0.00698835 0.00526612 0.0143938 0.00668311 0.00706248 0.0150516 0.00675009 0.0015672 0.0131597 0.0146377 -5.183452048289827e-05 0.0126625 0.0144407 0.0015672 0.0131597 0.0146377 0.00179503 0.0141454 0.0132532 0.0015672 0.0131597 0.0146377 0.00322545 0.0135731 0.0144265 0.00999458 0.00113472 0.00944923 0.0106528 0.00156436 0.00818475 0.00999458 0.00113472 0.00944923 0.00855049 0.00120549 0.00909799 0.00999458 0.00113472 0.00944923 0.00979045 -0.00027013452048290027 0.0108447 0.00928481 0.00176466 0.00149975 0.00988321 0.0006476939999999999 0.000721953 0.00928481 0.00176466 0.00149975 0.0108053 0.00205166 0.000923876 0.00928481 0.00176466 0.00149975 0.00820679 0.000596175 0.000981926 0.00928481 0.00176466 0.00149975 0.00994371 0.000563877 0.00245812 0.00928481 0.00176466 0.00149975 0.00781505 0.0028999 0.00115365 0.0121023 0.0090092 0.0146609 0.0126906 0.00931031 0.0130658 0.0121023 0.0090092 0.0146609 0.0123916 0.0106907 0.0144228 0.0121023 0.0090092 0.0146609 0.0111045 0.00763609 0.0144561 0.00111338 0.00184047 0.014653 -0.00020023452048289927 0.00236019 0.0147477 0.00111338 0.00184047 0.014653 0.00243888 0.00287291 0.0145113 0.00111338 0.00184047 0.014653 0.00163745 0.00022794999999999998 0.0144584 0.011869 0.00174644 0.00644736 0.0116553 0.00046540800000000005 0.00574228 0.011869 0.00174644 0.00644736 0.0120936 0.00163847 0.00789071 0.011869 0.00174644 0.00644736 0.0102969 0.00103628 0.0066543 0.011869 0.00174644 0.00644736 0.011211 0.00300662 0.00507968 0.0107321 0.00258223 0.00698757 0.00987772 0.00370547 0.00736107 0.0107321 0.00258223 0.00698757 0.0114146 0.00291316 0.00823984 0.0107321 0.00258223 0.00698757 0.0113774 0.0041081 0.00693719 0.0107321 0.00258223 0.00698757 0.0102969 0.00103628 0.0066543 0.00671024 0.00902743 0.0146724 0.00614702 0.010572 0.0144763 0.00671024 0.00902743 0.0146724 0.00791916 0.00791884 0.0144381 0.00608027 0.00738984 0.00687552 0.00767645 0.00737492 0.00744794 0.00608027 0.00738984 0.00687552 0.00595248 0.00634115 0.00815811 0.00608027 0.00738984 0.00687552 0.00543637 0.00644766 0.00525081 0.00608027 0.00738984 0.00687552 0.00621372 0.00910416 0.0060357 0.0118054 0.0144122 0.00708916 0.0126454 0.0135879 0.00618766 0.0118054 0.0144122 0.00708916 0.011373 0.0131125 0.00660351 0.0118054 0.0144122 0.00708916 0.0108114 0.0152196 0.00816243 0.0118054 0.0144122 0.00708916 0.01052 0.0145903 0.00600404 0.0118054 0.0144122 0.00708916 0.0131083 0.0151519 0.00634209 0.00240753 0.0142308 0.00635499 0.00393701 0.0147811 0.0057769 0.00240753 0.0142308 0.00635499 0.00181124 0.0132134 0.00762017 0.00240753 0.0142308 0.00635499 0.00384937 0.0130422 0.00698835 0.00240753 0.0142308 0.00635499 0.0004410579999999998 0.0142181 0.00625604 0.00987772 0.00370547 0.00736107 0.0103861 0.00503616 0.00827921 0.00987772 0.00370547 0.00736107 0.00923665 0.00322447 0.00599881 0.00987772 0.00370547 0.00736107 0.00847306 0.00419297 0.00816946 0.00987772 0.00370547 0.00736107 0.0113774 0.0041081 0.00693719 0.00987772 0.00370547 0.00736107 0.00984837 0.00503392 0.00629402 0.00987772 0.00370547 0.00736107 0.00974463 0.00289627 0.00879783 1.65985e-05 0.00438167 0.00213117 0.00062275 0.00519854 0.00349011 1.65985e-05 0.00438167 0.00213117 0.00173579 0.00459043 0.00196659 1.65985e-05 0.00438167 0.00213117 -0.0013119345204828982 0.00360548 0.00294147 1.65985e-05 0.00438167 0.00213117 -0.0007038345204828979 0.00341406 0.0009378749999999999 0.000541365 0.00928478 0.0146318 0.00204005 0.00923041 0.0146005 0.000541365 0.00928478 0.0146318 0.000945682 0.0109312 0.0144409 0.000541365 0.00928478 0.0146318 3.89826e-05 0.0081579 0.0131157 0.0142853 0.00662991 0.0133666 0.015618355520482899 0.00641811 0.0144308 0.0142853 0.00662991 0.0133666 0.0147707 0.00587993 0.0119649 0.0142853 0.00662991 0.0133666 0.0135467 0.00749125 0.0121126 0.0142853 0.00662991 0.0133666 0.0131435 0.00727658 0.0144219 0.0142853 0.00662991 0.0133666 0.015409617120482898 0.0081579 0.0131157 0.0142853 0.00662991 0.0133666 0.0139858 0.00493453 0.0142217 0.0094891 0.00201548 0.00499725 0.00923665 0.00322447 0.00599881 0.0094891 0.00201548 0.00499725 0.0104887 0.000829647 0.00455374 0.0094891 0.00201548 0.00499725 0.010051 0.00227449 0.00345823 0.0094891 0.00201548 0.00499725 0.00888491 0.0004874580000000001 0.00554631 0.0094891 0.00201548 0.00499725 0.011211 0.00300662 0.00507968 0.00999643 0.00677516 0.00402516 0.0104086 0.00643115 0.00240851 0.00999643 0.00677516 0.00402516 0.00834797 0.00664884 0.00350222 0.00999643 0.00677516 0.00402516 0.00920862 0.00535279 0.00456381 0.00999643 0.00677516 0.00402516 0.0103713 0.00800719 0.00515988 0.0122819 0.00905169 0.0114118 0.0126906 0.00931031 0.0130658 0.0122819 0.00905169 0.0114118 0.0125938 0.0106869 0.0116185 0.0122819 0.00905169 0.0114118 0.0131232 0.00808398 0.00997873 0.0122819 0.00905169 0.0114118 0.0114549 0.00729191 0.0115536 0.0129044 0.0115506 0.0130535 0.0140345 0.0107244 0.0127216 0.0129044 0.0115506 0.0130535 0.0112976 0.0117482 0.0125535 0.0129044 0.0115506 0.0130535 0.0142893 0.0124847 0.0128352 0.0129044 0.0115506 0.0130535 0.0125938 0.0106869 0.0116185 0.0129044 0.0115506 0.0130535 0.0125621 0.013166 0.0125539 0.0129044 0.0115506 0.0130535 0.0123916 0.0106907 0.0144228 0.000828119 0.000136638 0.0129331 0.00179503 -0.0012252345204828983 0.0132532 0.000828119 0.000136638 0.0129331 -3.5134520482899435e-05 -0.0012980345204828996 0.0126842 0.000828119 0.000136638 0.0129331 0.00163745 0.00022795 0.0144584 0.000828119 0.000136638 0.0129331 0.00203847 0.00163647 0.0127775 0.00420396 0.012976 0.00142036 0.00300475 0.0126469 0.00244603 0.00420396 0.012976 0.00142036 0.00587357 0.0122507 0.00114234 0.00420396 0.012976 0.00142036 0.00362933 0.01481 0.00113792 0.00909208 0.00176237 0.00768661 0.00897495 5.401329999999999e-05 0.00769147 0.00909208 0.00176237 0.00768661 0.00765235 0.00244764 0.00835558 0.00909208 0.00176237 0.00768661 0.0102969 0.00103628 0.0066543 0.00909208 0.00176237 0.00768661 0.00974463 0.00289627 0.00879783 0.00925546 0.0067989 0.00538431 0.00783985 0.0066119 0.00555275 0.00925546 0.0067989 0.00538431 0.00847575 0.00784811 0.00603836 0.00925546 0.0067989 0.00538431 0.00920862 0.00535279 0.00456381 0.00925546 0.0067989 0.00538431 0.00980171 0.0073182 0.00695147 0.00925546 0.0067989 0.00538431 0.0103713 0.00800719 0.00515988 0.0125551 0.0139975 0.00482362 0.0126454 0.0135879 0.00618766 0.0125551 0.0139975 0.00482362 0.0127709 0.0126568 0.00379471 0.0125551 0.0139975 0.00482362 0.0140686 0.013377 0.0052579 0.0125551 0.0139975 0.00482362 0.0112575 0.0145841 0.00352793 0.0125551 0.0139975 0.00482362 0.01353 0.0147092 0.00328388 0.0119244 0.0134355 0.011061 0.0114154 0.0120561 0.0102338 0.0119244 0.0134355 0.011061 0.0125621 0.013166 0.0125539 0.0119244 0.0134355 0.011061 0.0131033 0.0129878 0.00998857 0.0119244 0.0134355 0.011061 0.0119893 0.0149699 0.00993372 0.0126454 0.0135879 0.00618766 0.011373 0.0131125 0.00660351 0.0126454 0.0135879 0.00618766 0.0130911 0.0119945 0.00623744 0.0126454 0.0135879 0.00618766 0.0140686 0.013377 0.0052579 0.0126454 0.0135879 0.00618766 0.0131083 0.0151519 0.00634209 0.0114146 0.00291316 0.00823984 0.0120936 0.00163847 0.00789071 0.0114146 0.00291316 0.00823984 0.0124287 0.00428353 0.00841653 0.0106528 0.00156436 0.00818475 0.0120936 0.00163847 0.00789071 0.0106528 0.00156436 0.00818475 0.0108114 -0.00015103452048290003 0.00816243 0.0106528 0.00156436 0.00818475 0.0102969 0.00103628 0.0066543 0.0106528 0.00156436 0.00818475 0.0116697 0.00170435 0.00949332 0.0106528 0.00156436 0.00818475 0.00974463 0.00289627 0.00879783 0.00046256 0.00301017 0.00820784 -0.00042933452048290056 0.00312171 0.00681076 0.00046256 0.00301017 0.00820784 0.000896318 0.00296225 0.00983093 0.00046256 0.00301017 0.00820784 0.0016708399999999998 0.00224708 0.00704068 0.00046256 0.00301017 0.00820784 -0.0008734345204828999 0.0040673 0.00900414 0.00046256 0.00301017 0.00820784 0.00134192 0.00469062 0.00861409 0.000864512 0.00590688 0.0129225 0.000247721 0.00641811 0.0144308 0.000864512 0.00590688 0.0129225 -0.0005999345204828993 0.00587993 0.0119649 0.000864512 0.00590688 0.0129225 0.00121498 0.00673165 0.0114686 0.0110367 0.00388139 0.0093764 0.0103861 0.00503616 0.00827921 0.0110367 0.00388139 0.0093764 0.0124287 0.00428353 0.00841653 0.0110367 0.00388139 0.0093764 0.00974463 0.00289627 0.00879783 0.0110367 0.00388139 0.0093764 0.0103698 0.00270005 0.0108443 0.0110367 0.00388139 0.0093764 0.0126495 0.0034564 0.010404 0.00050488 0.00703557 0.00624387 0.00010237700000000001 0.00660374 0.00801827 0.00050488 0.00703557 0.00624387 0.00100782 0.00713125 0.00444529 0.0017877 0.0114908 0.00242982 0.00300475 0.0126469 0.00244603 0.0017877 0.0114908 0.00242982 0.00018849600000000002 0.0110279 0.00247512 0.0017877 0.0114908 0.00242982 0.00216632 0.0101455 0.00111132 0.0134982 0.0109293 0.00812318 0.0127071 0.0105871 0.00696638 0.0134982 0.0109293 0.00812318 0.0135183 0.00956019 0.00850375 0.0134982 0.0109293 0.00812318 0.0130167 0.0110777 0.00977267 0.0134982 0.0109293 0.00812318 0.0143623 0.0121269 0.00893026 0.0134982 0.0109293 0.00812318 0.012169 0.0123566 0.008173 0.00700756 0.00491465 0.00805517 0.00605086 0.00375021 0.00726297 0.00700756 0.00491465 0.00805517 0.00702395 0.00555058 0.00961226 0.00700756 0.00491465 0.00805517 0.00847306 0.00419297 0.00816946 0.00700756 0.00491465 0.00805517 0.00689028 0.00576707 0.00664587 0.0124663 0.00509952 0.00370978 0.0138314 0.00570298 0.00285196 0.0124663 0.00509952 0.00370978 0.0108441 0.0049835 0.00356731 0.0124663 0.00509952 0.00370978 0.0135902 0.00443037 0.00469132 0.00976456 0.00882884 0.0077924 0.0108841 0.00792292 0.00811984 0.00976456 0.00882884 0.0077924 0.00976593 0.0105226 0.00743497 0.00976456 0.00882884 0.0077924 0.00980171 0.0073182 0.00695147 0.00976456 0.00882884 0.0077924 0.00906767 0.00863574 0.00935665 0.0116553 0.000465408 0.00574228 0.012425 0.000921857 0.0042645 0.0116553 0.000465408 0.00574228 0.0102969 0.00103628 0.0066543 0.0116553 0.000465408 0.00574228 0.0104887 0.000829647 0.00455374 0.0116553 0.000465408 0.00574228 0.01052 -0.0007803345204828991 0.00600404 0.0116553 0.000465408 0.00574228 0.0131083 -0.00021873452048290027 0.00634209 0.00668315 0.00144821 0.000633228 0.00600185 0.00240046 0.00142779 0.00668315 0.00144821 0.000633228 0.00666077 0.00101672 0.00195043 0.00668315 0.00144821 0.000633228 0.00651061 -0.0002666345204829 0.000918837 0.00668315 0.00144821 0.000633228 0.00781505 0.0028999 0.00115365 0.00375417 0.00460973 0.00861407 0.00466342 0.00579947 0.00941853 0.00375417 0.00460973 0.00861407 0.00517395 0.00385498 0.0089787 0.00375417 0.00460973 0.00861407 0.00437907 0.00514183 0.00691744 0.00375417 0.00460973 0.00861407 0.00298729 0.00479725 0.0103195 0.0141098 0.00640558 0.00961235 0.0138727 0.00520246 0.0104578 0.0141098 0.00640558 0.00961235 0.0155006795204829 0.00557449 0.0102229 0.0141098 0.00640558 0.00961235 0.0131232 0.00808398 0.00997873 0.00103711 0.00407995 0.00675743 0.000887011 0.0052705 0.00552041 0.00103711 0.00407995 0.00675743 0.00224932 0.00530156 0.00686717 0.00103711 0.00407995 0.00675743 0.00167084 0.00224708 0.00704068 0.00103711 0.00407995 0.00675743 0.00134192 0.00469062 0.00861409 0.00620322 0.0125122 0.00738092 0.0051474 0.0116151 0.00696548 0.00620322 0.0125122 0.00738092 0.00775332 0.0131311 0.00764113 0.00620322 0.0125122 0.00738092 0.00598849 0.0131524 0.00582001 0.00227716 0.0118834 0.00668384 0.00181124 0.0132134 0.00762017 0.00227716 0.0118834 0.00668384 0.00384937 0.0130422 0.00698835 0.00227716 0.0118834 0.00668384 0.00210716 0.0103908 0.00796065 0.00227716 0.0118834 0.00668384 0.00312836 0.0120017 0.00494277 0.00600185 0.00240046 0.00142779 0.00499799 0.00368639 0.000931213 0.00600185 0.00240046 0.00142779 0.00546281 0.00329967 0.00275441 0.00600185 0.00240046 0.00142779 0.00486826 0.00127576 0.00103317 0.00600185 0.00240046 0.00142779 0.00781505 0.0028999 0.00115365 0.00836584 0.00148936 0.0137295 0.00767708 0.00217064 0.0147789 0.00836584 0.00148936 0.0137295 0.00902812 0.00014053000000000004 0.0144979 0.00836584 0.00148936 0.0137295 0.00983426 0.00183124 0.0144935 0.00836584 0.00148936 0.0137295 0.00758076 0.00010266500000000005 0.012649 0.011373 0.0131125 0.00660351 0.0103415 0.0127714 0.00535073 0.011373 0.0131125 0.00660351 0.0112425 0.0114017 0.00650677 0.011373 0.0131125 0.00660351 0.012169 0.0123566 0.008173 0.00645977 0.00279255 0.0145948 0.00767708 0.00217064 0.0147789 0.00645977 0.00279255 0.0145948 0.00553643 0.00358944 0.0135066 0.0136838 0.00738808 0.0082535 0.0121296 0.00687908 0.00849013 0.0136838 0.00738808 0.0082535 0.0135321 0.00572351 0.00796562 0.0136838 0.00738808 0.0082535 0.014846 0.00858721 0.00869122 0.0136838 0.00738808 0.0082535 0.0154730115204829 0.00660374 0.00801827 0.0136838 0.00738808 0.0082535 0.0131232 0.00808398 0.00997873 0.0136838 0.00738808 0.0082535 0.0142883 0.00822166 0.00666016 0.0151704 0.00236019 0.0147477 0.0153951098204829 0.00194654 0.0131345 0.0151704 0.00236019 0.0147477 0.013544 0.00258217 0.0139382 0.0016377 0.00112179 0.00255957 0.00259358 0.000125626 0.00259793 0.0016377 0.00112179 0.00255957 0.00122156 0.00192236 0.00388018 0.0016377 0.00112179 0.00255957 0.00122558 -0.0001363345204828993 0.00120664 0.0016377 0.00112179 0.00255957 0.00118261 0.00257528 0.00142881 0.0016377 0.00112179 0.00255957 0.0006422980000000001 -0.00016613452048289926 0.0036321 0.011642 0.0101147 0.0101582 0.0130167 0.0110777 0.00977267 0.011642 0.0101147 0.0101582 0.0103964 0.0107681 0.0111436 0.011642 0.0101147 0.0101582 0.0115988 0.00971266 0.00823224 0.0118976 0.006135 0.0146558 0.0111573 0.00538703 0.0136602 0.0118976 0.006135 0.0146558 0.0131435 0.00727658 0.0144219 0.0118976 0.006135 0.0146558 0.0111045 0.00763609 0.0144561 0.000262572 0.00148328 0.00837752 0.00116653 0.00024892800000000004 0.00770986 0.000262572 0.00148328 0.00837752 -0.001138834520482899 0.00172902 0.00966919 0.00734129 0.011382 0.00870452 0.00803012 0.0112866 0.00712907 0.00734129 0.011382 0.00870452 0.00631146 0.0119816 0.00996341 0.00734129 0.011382 0.00870452 0.00631435 0.0105618 0.00761167 0.00734129 0.011382 0.00870452 0.00831361 0.0127719 0.00968534 0.0127071 0.0105871 0.00696638 0.0130911 0.0119945 0.00623744 0.0127071 0.0105871 0.00696638 0.0112425 0.0114017 0.00650677 0.0127071 0.0105871 0.00696638 0.0132134 0.00979868 0.00560001 0.0127071 0.0105871 0.00696638 0.0115988 0.00971266 0.00823224 0.00452987 0.0152968 0.00757785 0.00554049 0.0166738945204829 0.00760843 0.00452987 0.0152968 0.00757785 0.00316184 0.016098982520482898 0.00686216 0.00452987 0.0152968 0.00757785 0.00292616 0.0147691 0.00856127 0.00256934 0.0132441 0.00969301 0.002376 0.0146124 0.010657 0.00256934 0.0132441 0.00969301 0.00311871 0.0117482 0.00918001 0.00256934 0.0132441 0.00969301 0.00227017 0.0120674 0.0108716 0.00256934 0.0132441 0.00969301 0.00292616 0.0147691 0.00856127 0.000925316 0.00957299 0.00233219 0.00112265 0.00916302 0.00384325 0.000925316 0.00957299 0.00233219 0.00018849600000000002 0.0110279 0.00247512 0.000925316 0.00957299 0.00233219 0.00216632 0.0101455 0.00111132 0.00201073 0.00553128 0.000628513 0.00356461 0.00530755 0.000971482 0.00201073 0.00553128 0.000628513 0.00173579 0.00459043 0.00196659 0.00201073 0.00553128 0.000628513 0.00242491 0.00721216 0.000827314 0.00201073 0.00553128 0.000628513 0.0004462940000000001 0.00635401 0.00134377 0.0130754 0.0139879 0.00842134 0.0140674 0.0133788 0.00723346 0.0130754 0.0139879 0.00842134 0.0129399 0.0156085875204829 0.00813466 0.0130754 0.0139879 0.00842134 0.012169 0.0123566 0.008173 0.0130754 0.0139879 0.00842134 0.0146181 0.0146208 0.00931495 0.00920726 3.93217e-05 0.00390447 0.00788563 -0.0007069345204829 0.00449433 0.00920726 3.93217e-05 0.00390447 0.0104887 0.000829647 0.00455374 0.00920726 3.93217e-05 0.00390447 0.00942635 -0.0016616345204828993 0.00395119 0.00920726 3.93217e-05 0.00390447 0.00994371 0.000563877 0.00245812 0.00920726 3.93217e-05 0.00390447 0.00888491 0.000487458 0.00554631 0.00920726 3.93217e-05 0.00390447 0.00807139 0.00149959 0.00315444 0.00767708 0.00217064 0.0147789 0.00671084 0.0009189670000000001 0.0144332 0.00767708 0.00217064 0.0147789 0.00860925 0.00366028 0.0142021 0.0101123 0.000629817 0.013238 0.00910831 0.00145795 0.0120769 0.0101123 0.000629817 0.013238 0.00902812 0.00014053000000000004 0.0144979 0.0101123 0.000629817 0.013238 0.011678 -0.00023493452048289854 0.0123851 0.00855049 0.00120549 0.00909799 0.00821564 -0.00044153452048289847 0.0094341 0.00855049 0.00120549 0.00909799 0.00765235 0.00244764 0.00835558 0.00855049 0.00120549 0.00909799 0.00786231 0.00100995 0.0106685 0.00801698 0.00861241 0.0109109 0.00717184 0.00733044 0.0116845 0.00801698 0.00861241 0.0109109 0.00958862 0.00910755 0.0112324 0.00801698 0.00861241 0.0109109 0.00644117 0.00915279 0.0111228 0.00801698 0.00861241 0.0109109 0.00702203 0.00774524 0.00951469 0.00801698 0.00861241 0.0109109 0.00911104 0.00703365 0.010864 0.00801698 0.00861241 0.0109109 0.00812002 0.0104816 0.0104423 0.0140345 0.0107244 0.0127216 0.0143384 0.0109769 0.0143863 0.0140345 0.0107244 0.0127216 0.0141406 0.00928317 0.0117879 0.0138727 0.00520246 0.0104578 0.0130616 0.00611955 0.0112727 0.0138727 0.00520246 0.0104578 0.0123666 0.00559209 0.00981637 0.0138727 0.00520246 0.0104578 0.0155006795204829 0.00557449 0.0102229 0.0138727 0.00520246 0.0104578 0.0144972 0.0040673 0.00900414 0.000745156 0.00796273 0.00262699 0.00112265 0.00916302 0.00384325 0.000745156 0.00796273 0.00262699 0.000868167 0.00843389 0.000946112 0.00803858 0.00922626 0.00305022 0.00925443 0.00810723 0.00273991 0.00803858 0.00922626 0.00305022 0.00866282 0.00852882 0.0045189 0.00803858 0.00922626 0.00305022 0.00792443 0.0105839 0.00442117 0.00783985 0.0066119 0.00555275 0.00847575 0.00784811 0.00603836 0.00783985 0.0066119 0.00555275 0.00689028 0.00576707 0.00664587 0.00783985 0.0066119 0.00555275 0.00699307 0.00771328 0.00456424 0.00988321 0.000647694 0.000721953 0.0108053 0.00205166 0.000923876 0.00988321 0.000647694 0.000721953 0.00820679 0.000596175 0.000981926 0.00988321 0.000647694 0.000721953 0.00994371 0.000563877 0.00245812 0.00988321 0.000647694 0.000721953 0.0116988 7.095319999999997e-05 0.0011701 0.00666077 0.00101672 0.00195043 0.00651061 -0.00026663452048290024 0.000918837 0.00666077 0.00101672 0.00195043 0.00807139 0.00149959 0.00315444 0.00666077 0.00101672 0.00195043 0.00549793 0.00117291 0.00348423 0.00505049 0.00857716 0.0120261 0.00613562 0.00809624 0.0131871 0.00505049 0.00857716 0.0120261 0.00470474 0.00835048 0.0101584 0.0150284 0.0003116 0.0109042 0.0158101235204829 0.0017736 0.0112538 0.0150284 0.0003116 0.0109042 0.0140251 0.000389447 0.0125822 0.0150284 0.0003116 0.0109042 0.0146181 -0.0007498345204828998 0.00931495 0.0135183 0.00956019 0.00850375 0.014846 0.00858721 0.00869122 0.0135183 0.00956019 0.00850375 0.0115988 0.00971266 0.00823224 0.0111573 0.00538703 0.0136602 0.0103115 0.00653467 0.0131652 0.0111573 0.00538703 0.0136602 0.0125627 0.0060441 0.0129981 0.0111573 0.00538703 0.0136602 0.0115829 0.00376957 0.0142467 0.0111573 0.00538703 0.0136602 0.0099113 0.00454078 0.0124573 0.0108841 0.00792292 0.00811984 0.0121296 0.00687908 0.00849013 0.0108841 0.00792292 0.00811984 0.00980171 0.0073182 0.00695147 0.0108841 0.00792292 0.00811984 0.011963 0.00756614 0.00648659 0.0108841 0.00792292 0.00811984 0.0115988 0.00971266 0.00823224 0.00204015 0.001451 0.0052922 0.00362234 0.00198278 0.00545843 0.00204015 0.001451 0.0052922 0.0003564290000000001 0.00136864 0.00552862 0.00204015 0.001451 0.0052922 0.00295719 0.00111458 0.00386686 0.00204015 0.001451 0.0052922 0.00122156 0.00192236 0.00388018 0.00204015 0.001451 0.0052922 0.00167084 0.00224708 0.00704068 0.00327132 0.010941 0.0125152 0.00163329 0.0104747 0.0125467 0.00327132 0.010941 0.0125152 0.00247417 0.0119146 0.0136837 0.00327132 0.010941 0.0125152 0.0048922 0.0109588 0.0130586 0.00327132 0.010941 0.0125152 0.00444909 0.0118166 0.01119 0.00327132 0.010941 0.0125152 0.00322235 0.00900388 0.012948 0.00646263 0.00157699 0.006324 0.00710933 0.000980264 0.00497748 0.00646263 0.00157699 0.006324 0.00554049 0.00130326 0.00760843 0.00646263 0.00157699 0.006324 0.00750539 0.00278551 0.00645921 0.00646263 0.00157699 0.006324 0.00515661 0.000876717 0.0056449 0.00119953 0.0145861 0.00942132 0.002376 0.0146124 0.010657 0.00119953 0.0145861 0.00942132 0.000601735 0.0139655 0.0108949 0.00119953 0.0145861 0.00942132 0.00292616 0.0147691 0.00856127 0.00119953 0.0145861 0.00942132 -0.0007525345204828996 0.0146208 0.00931495 0.00259358 0.000125626 0.00259793 0.00295719 0.00111458 0.00386686 0.00259358 0.000125626 0.00259793 0.00343631 -0.0011169345204829 0.00320013 0.00259358 0.000125626 0.00259793 0.00122558 -0.00013633452048290016 0.00120664 0.00259358 0.000125626 0.00259793 0.00362933 -0.0005606345204828991 0.00113792 0.0130616 0.00611955 0.0112727 0.0135467 0.00749125 0.0121126 0.0130616 0.00611955 0.0112727 0.0123666 0.00559209 0.00981637 0.0130616 0.00611955 0.0112727 0.0116886 0.00510188 0.0114819 0.0145896 0.0101101 0.00380902 0.0139952 0.0114578 0.00464797 0.0145896 0.0101101 0.00380902 0.0152658 0.00947348 0.00526168 0.0145896 0.0101101 0.00380902 0.0147171 0.00840553 0.00379187 0.0145896 0.0101101 0.00380902 0.0134424 0.0107753 0.00239017 0.00275862 0.00453676 0.0146728 0.00224412 0.00415124 0.0130933 0.00275862 0.00453676 0.0146728 0.00243888 0.00287291 0.0145113 0.00275862 0.00453676 0.0146728 0.00442375 0.00486337 0.0144517 0.00847575 0.00784811 0.00603836 0.00767645 0.00737492 0.00744794 0.00847575 0.00784811 0.00603836 0.00980171 0.0073182 0.00695147 0.00847575 0.00784811 0.00603836 0.00866282 0.00852882 0.0045189 0.00847575 0.00784811 0.00603836 0.00842177 0.00949936 0.00641444 0.0051474 0.0116151 0.00696548 0.00434784 0.0103591 0.00771598 0.0051474 0.0116151 0.00696548 0.00631435 0.0105618 0.00761167 0.0051474 0.0116151 0.00696548 0.0064823 0.0113227 0.00590426 0.0051474 0.0116151 0.00696548 0.00384937 0.0130422 0.00698835 0.000264797 0.0114388 0.0130018 0.00163329 0.0104747 0.0125467 0.000264797 0.0114388 0.0130018 -0.0010813345204829003 0.0124847 0.0128352 0.000264797 0.0114388 0.0130018 0.00117094 0.0126331 0.0122848 0.000264797 0.0114388 0.0130018 0.000945682 0.0109312 0.0144409 0.0150535 0.00691228 0.00304034 0.0138314 0.00570298 0.00285196 0.0150535 0.00691228 0.00304034 0.0147171 0.00840553 0.00379187 0.0150535 0.00691228 0.00304034 0.0158169285204829 0.00635401 0.00134377 0.0150535 0.00691228 0.00304034 0.0163784545204829 0.00713125 0.00444529 0.00457465 0.00780321 0.00632637 0.00427875 0.00866609 0.00487637 0.00457465 0.00780321 0.00632637 0.00346107 0.00893277 0.00689295 0.00457465 0.00780321 0.00632637 0.00543637 0.00644766 0.00525081 0.00375076 0.00721844 0.0123298 0.00277594 0.00784324 0.0111126 0.00375076 0.00721844 0.0123298 0.00475659 0.00651099 0.0134744 0.00375076 0.00721844 0.0123298 0.00279072 0.00579316 0.0122552 0.00375076 0.00721844 0.0123298 0.00527029 0.0064194 0.0114068 0.00375076 0.00721844 0.0123298 0.00322235 0.00900388 0.012948 0.008596 0.00609581 0.00677496 0.00767645 0.00737492 0.00744794 0.008596 0.00609581 0.00677496 0.00689028 0.00576707 0.00664587 0.008596 0.00609581 0.00677496 0.00980171 0.0073182 0.00695147 0.008596 0.00609581 0.00677496 0.00984837 0.00503392 0.00629402 0.0120936 0.00163847 0.00789071 0.0133204 0.00274453 0.00778056 0.0120936 0.00163847 0.00789071 0.0129399 0.00023795299999999995 0.00813466 0.0120936 0.00163847 0.00789071 0.0116697 0.00170435 0.00949332 0.00716873 0.00605124 0.00261354 0.00682598 0.00526733 0.00407929 0.00716873 0.00605124 0.00261354 0.00834797 0.00664884 0.00350222 0.00716873 0.00605124 0.00261354 0.00709947 0.00449155 0.00233685 0.00716873 0.00605124 0.00261354 0.00627104 0.00766247 0.00255371 0.00716873 0.00605124 0.00261354 0.00527784 0.00552292 0.00227463 0.000247721 0.00641811 0.0144308 0.000870692 0.0045641 0.0144644 0.000247721 0.00641811 0.0144308 3.89826e-05 0.0081579 0.0131157 0.000247721 0.00641811 0.0144308 -0.001384834520482899 0.00493453 0.0142217 0.00309402 0.00272585 0.00949494 0.00432826 0.00166205 0.0106352 0.00309402 0.00272585 0.00949494 0.00402929 0.00277514 0.00746911 0.00309402 0.00272585 0.00949494 0.00298729 0.00479725 0.0103195 0.000870692 0.0045641 0.0144644 0.00224412 0.00415124 0.0130933 0.000870692 0.0045641 0.0144644 0.00013095 0.00386518 0.0128704 0.0153188 0.0126625 0.0144407 0.0142893 0.0124847 0.0128352 0.0153188 0.0126625 0.0144407 0.0143384 0.0109769 0.0143863 0.0153188 0.0126625 0.0144407 0.016316316520482897 0.0109312 0.0144409 0.013414 0.0044499 0.0121839 0.0147707 0.00587993 0.0119649 0.013414 0.0044499 0.0121839 0.0149355 0.00386567 0.0110607 0.013414 0.0044499 0.0121839 0.0125627 0.0060441 0.0129981 0.013414 0.0044499 0.0121839 0.0116886 0.00510188 0.0114819 0.013414 0.0044499 0.0121839 0.0139858 0.00493453 0.0142217 0.013414 0.0044499 0.0121839 0.0126495 0.0034564 0.010404 0.00554576 0.00846332 0.000839091 0.00434051 0.00706233 0.00108022 0.00554576 0.00846332 0.000839091 0.00627104 0.00766247 0.00255371 0.00554576 0.00846332 0.000839091 0.00453165 0.0101919 0.00106329 0.00554576 0.00846332 0.000839091 0.00695193 0.0100389 0.00119781 0.00434784 0.0103591 0.00771598 0.00346107 0.00893277 0.00689295 0.00434784 0.0103591 0.00771598 0.00450527 0.0104941 0.00577002 0.00434784 0.0103591 0.00771598 0.00631435 0.0105618 0.00761167 0.00434784 0.0103591 0.00771598 0.00443221 0.0104068 0.00959159 0.0120673 0.0035224 0.00302792 0.0115811 0.00163573 0.0027031 0.0120673 0.0035224 0.00302792 0.0108441 0.0049835 0.00356731 0.0120673 0.0035224 0.00302792 0.0140587 0.00360548 0.00294147 0.0120673 0.0035224 0.00302792 0.0119794 0.00480724 0.00120932 0.007218 0.0115391 0.00263729 0.00707673 0.0132177 0.0036433 0.007218 0.0115391 0.00263729 0.00598048 0.0117729 0.00414084 0.007218 0.0115391 0.00263729 0.00885051 0.0121699 0.00319263 0.007218 0.0115391 0.00263729 0.00587357 0.0122507 0.00114234 0.007218 0.0115391 0.00263729 0.00695193 0.0100389 0.00119781 0.007218 0.0115391 0.00263729 0.00792443 0.0105839 0.00442117 0.00707673 0.0132177 0.0036433 0.00788563 0.0146637 0.00449433 0.00707673 0.0132177 0.0036433 0.00598048 0.0117729 0.00414084 0.00707673 0.0132177 0.0036433 0.00769193 0.0147256 0.00248624 0.00707673 0.0132177 0.0036433 0.00815076 0.012743 0.00551166 0.00707673 0.0132177 0.0036433 0.00550478 0.0141784 0.00255213 0.000887011 0.0052705 0.00552041 0.00224932 0.00530156 0.00686717 0.000887011 0.0052705 0.00552041 -0.0007250345204828992 0.00517135 0.00650049 0.000887011 0.0052705 0.00552041 7.947740000000003e-05 0.00343842 0.00472341 0.000887011 0.0052705 0.00552041 0.00100782 0.00713125 0.00444529 0.000385644 0.0108322 0.00913127 3.4682600000000006e-05 0.00992712 0.00746553 0.000385644 0.0108322 0.00913127 -0.0009826345204828986 0.00982033 0.0100191 0.000385644 0.0108322 0.00913127 -0.0010083345204828986 0.0121269 0.00893026 0.000385644 0.0108322 0.00913127 0.000872929 0.0127286 0.00939715 0.000385644 0.0108322 0.00913127 0.00210716 0.0103908 0.00796065 0.000385644 0.0108322 0.00913127 -0.00030283452048289917 0.0116817 0.010994 0.002376 0.0146124 0.010657 0.0006017349999999999 0.0139655 0.0108949 0.002376 0.0146124 0.010657 0.00426029 0.0151013 0.0102759 0.002376 0.0146124 0.010657 0.00292616 0.0147691 0.00856127 0.002376 0.0146124 0.010657 0.00346379 0.0152139 0.0123922 0.0147707 0.00587993 0.0119649 0.0155006795204829 0.00557449 0.0102229 0.00116653 0.000248928 0.00770986 0.00292616 -0.0006015345204828995 0.00856127 0.00116653 0.000248928 0.00770986 0.00167084 0.00224708 0.00704068 0.00116653 0.000248928 0.00770986 0.00044105800000000003 -0.0011525345204829007 0.00625604 0.00335451 0.0011388 0.0143883 0.00492043 0.00010442299999999997 0.0144368 0.00335451 0.0011388 0.0143883 0.00243888 0.00287291 0.0145113 0.00335451 0.0011388 0.0143883 0.00163745 0.00022794999999999998 0.0144584 0.00335451 0.0011388 0.0143883 0.00203847 0.00163647 0.0127775 0.00802149 0.0136317 0.0115733 0.00672031 0.0135267 0.0129133 0.00802149 0.0136317 0.0115733 0.00586722 0.013836 0.0110639 0.00802149 0.0136317 0.0115733 0.00831361 0.0127719 0.00968534 0.00802149 0.0136317 0.0115733 0.00758076 0.0154732995204829 0.012649 0.00802149 0.0136317 0.0115733 0.0095243 0.0140859 0.0129982 0.0135467 0.00749125 0.0121126 0.0125627 0.0060441 0.0129981 0.0135467 0.00749125 0.0121126 0.0141406 0.00928317 0.0117879 0.0135467 0.00749125 0.0121126 0.015409617120482898 0.0081579 0.0131157 0.0135467 0.00749125 0.0121126 0.0114549 0.00729191 0.0115536 0.00788563 0.0146637 0.00449433 0.00710933 0.0163508985204829 0.00497748 0.00788563 0.0146637 0.00449433 0.00601822 0.0147514 0.00474514 0.00788563 0.0146637 0.00449433 0.00942635 0.013709 0.00395119 0.00788563 0.0146637 0.00449433 0.00888491 0.015858092520482897 0.00554631 0.00788563 0.0146637 0.00449433 0.00815076 0.012743 0.00551166 0.00300475 0.0126469 0.00244603 0.00214493 0.0132244 0.0008938430000000001 0.00300475 0.0126469 0.00244603 0.00141266 0.0134246 0.00270396 0.00300475 0.0126469 0.00244603 0.00343631 0.0142537 0.00320013 0.00300475 0.0126469 0.00244603 0.00422476 0.0111463 0.00309329 0.00551038 0.000193278 0.0123506 0.00596955 0.000636167 0.010557 0.00551038 0.000193278 0.0123506 0.00524378 0.00172016 0.0134735 0.00551038 0.000193278 0.0123506 0.00586722 -0.0015346345204828996 0.0110639 0.00551038 0.000193278 0.0123506 0.00346379 -0.00015673452048289835 0.0123922 0.00551038 0.000193278 0.0123506 0.00758076 0.000102665 0.012649 0.00651061 0.015104 0.000918837 0.00769193 0.0147256 0.00248624 0.00651061 0.015104 0.000918837 0.00820679 0.0159668095204829 0.000981926 0.00651061 0.015104 0.000918837 0.00550478 0.0141784 0.00255213 0.0104086 0.00643115 0.00240851 0.0117323 0.00697224 0.00105765 0.0104086 0.00643115 0.00240851 0.0108441 0.0049835 0.00356731 0.0104086 0.00643115 0.00240851 0.0120278 0.00678938 0.00352259 0.0104086 0.00643115 0.00240851 0.0098952 0.00751971 0.00091923 0.0104086 0.00643115 0.00240851 0.00883329 0.00559434 0.00116341 0.00803012 0.0112866 0.00712907 0.00775332 0.0131311 0.00764113 0.00803012 0.0112866 0.00712907 0.00976593 0.0105226 0.00743497 0.00803012 0.0112866 0.00712907 0.00631435 0.0105618 0.00761167 0.00803012 0.0112866 0.00712907 0.00842177 0.00949936 0.00641444 0.00803012 0.0112866 0.00712907 0.0064823 0.0113227 0.00590426 0.00803012 0.0112866 0.00712907 0.00815076 0.012743 0.00551166 0.0126906 0.00931031 0.0130658 0.0125938 0.0106869 0.0116185 0.0126906 0.00931031 0.0130658 0.0141406 0.00928317 0.0117879 0.0126906 0.00931031 0.0130658 0.0123916 0.0106907 0.0144228 0.0126906 0.00931031 0.0130658 0.0140043 0.0090488 0.0144704 0.0126906 0.00931031 0.0130658 0.0108194 0.00948687 0.0126905 0.0136442 0.00698098 0.00135459 0.0117323 0.00697224 0.00105765 0.0136442 0.00698098 0.00135459 0.0138314 0.00570298 0.00285196 0.0136442 0.00698098 0.00135459 0.0140814 0.00517734 0.000952969 0.0136442 0.00698098 0.00135459 0.0145975 0.00852935 0.0019473 0.0136442 0.00698098 0.00135459 0.0126813 0.00893403 0.00108711 0.00614702 0.010572 0.0144763 0.00684089 0.0123963 0.014438 0.00614702 0.010572 0.0144763 0.0048922 0.0109588 0.0130586 0.00614702 0.010572 0.0144763 0.00807308 0.0105261 0.0142541 0.00614702 0.010572 0.0144763 0.00655556 0.0101564 0.0126873 3.46826e-05 0.00992712 0.00746553 0.00129889 0.00838279 0.00733574 3.46826e-05 0.00992712 0.00746553 -0.00018203452048289964 0.0112151 0.00609208 3.46826e-05 0.00992712 0.00746553 -0.0005246345204828999 0.00858721 0.00869122 3.46826e-05 0.00992712 0.00746553 0.00210716 0.0103908 0.00796065 3.46826e-05 0.00992712 0.00746553 -0.0010823345204828993 0.00822166 0.00666016 0.00897495 5.40133e-05 0.00769147 0.00821564 -0.00044153452048289934 0.0094341 0.00897495 5.40133e-05 0.00769147 0.0108114 -0.00015103452048290025 0.00816243 0.00897495 5.40133e-05 0.00769147 0.0102969 0.00103628 0.0066543 0.00897495 5.40133e-05 0.00769147 0.00706248 -0.0003190345204829 0.00675009 0.00112265 0.00916302 0.00384325 -0.00010483452048289901 0.00947348 0.00526168 0.00112265 0.00916302 0.00384325 -0.0006535345204828982 0.00840553 0.00379187 0.00112265 0.00916302 0.00384325 0.0031493800000000002 0.00890264 0.00298454 0.00112265 0.00916302 0.00384325 0.00100782 0.00713125 0.00444529 0.00112265 0.00916302 0.00384325 0.00191973 0.010102 0.00565831 0.00682598 0.00526733 0.00407929 0.00709947 0.00449155 0.00233685 0.00682598 0.00526733 0.00407929 0.00672808 0.00309407 0.00446567 0.00682598 0.00526733 0.00407929 0.00543637 0.00644766 0.00525081 0.00821564 0.0149291 0.0094341 0.00670782 0.015844909520482897 0.00877507 0.00821564 0.0149291 0.0094341 0.00662621 0.0139323 0.0089874 0.00821564 0.0149291 0.0094341 0.00786231 0.016380584520482896 0.0106685 0.00821564 0.0149291 0.0094341 0.00979045 0.0151005 0.0108447 0.00821564 0.0149291 0.0094341 0.00831361 0.0127719 0.00968534 0.00596955 0.000636167 0.010557 0.00620192 0.00233403 0.00964688 0.00596955 0.000636167 0.010557 0.00670782 0.000474275 0.00877507 0.00596955 0.000636167 0.010557 0.00432826 0.00166205 0.0106352 0.00596955 0.000636167 0.010557 0.00426029 -0.0002693345204828994 0.0102759 0.00596955 0.000636167 0.010557 0.00786231 0.00100995 0.0106685 0.00596955 0.000636167 0.010557 0.00586722 -0.0015346345204828998 0.0110639 0.00460998 0.00467774 0.00415243 0.00375196 0.00413026 0.0024455 0.00460998 0.00467774 0.00415243 0.00488646 0.00345258 0.00558728 0.00460998 0.00467774 0.00415243 0.00543637 0.00644766 0.00525081 0.00460998 0.00467774 0.00415243 0.00527784 0.00552292 0.00227463 0.00460998 0.00467774 0.00415243 0.00303286 0.00596703 0.00502295 0.0103861 0.00503616 0.00827921 0.0113774 0.0041081 0.00693719 0.0103861 0.00503616 0.00827921 0.0105507 0.00651845 0.00943322 0.00767645 0.00737492 0.00744794 0.00689028 0.00576707 0.00664587 0.00767645 0.00737492 0.00744794 0.00880932 0.00624958 0.00857866 0.00767645 0.00737492 0.00744794 0.00702203 0.00774524 0.00951469 0.0108114 0.0152196 0.00816243 0.0102969 0.0164069145204829 0.0066543 0.0108114 0.0152196 0.00816243 0.0119893 0.0149699 0.00993372 0.00214493 0.0132244 0.000893843 0.00044642399999999995 0.0123726 0.00110564 0.00214493 0.0132244 0.000893843 0.00141266 0.0134246 0.00270396 0.00214493 0.0132244 0.000893843 0.00122558 0.0152343 0.00120664 0.00214493 0.0132244 0.000893843 0.00362933 0.01481 0.00113792 0.0103115 0.00653467 0.0131652 0.00952033 0.00803005 0.0127247 0.0103115 0.00653467 0.0131652 0.0111045 0.00763609 0.0144561 0.0103115 0.00653467 0.0131652 0.0099113 0.00454078 0.0124573 0.0103115 0.00653467 0.0131652 0.00827758 0.0059851 0.013551 0.0103115 0.00653467 0.0131652 0.0114549 0.00729191 0.0115536 0.00062275 0.00519854 0.00349011 0.00173579 0.00459043 0.00196659 0.00062275 0.00519854 0.00349011 7.947740000000003e-05 0.00343842 0.00472341 0.00062275 0.00519854 0.00349011 0.00100782 0.00713125 0.00444529 0.00668069 0.00477291 0.0144254 0.00553643 0.00358944 0.0135066 0.00668069 0.00477291 0.0144254 0.0063895 0.0066611 0.0144462 0.00668069 0.00477291 0.0144254 0.00860925 0.00366028 0.0142021 0.00668069 0.00477291 0.0144254 0.00827758 0.0059851 0.013551 0.00356461 0.00530755 0.000971482 0.00375196 0.00413026 0.0024455 0.00356461 0.00530755 0.000971482 0.00306455 0.0033865 0.000878683 0.00356461 0.00530755 0.000971482 0.00434051 0.00706233 0.00108022 0.00356461 0.00530755 0.000971482 0.00527784 0.00552292 0.00227463 0.00923665 0.00322447 0.00599881 0.00984837 0.00503392 0.00629402 0.00923665 0.00322447 0.00599881 0.00750539 0.00278551 0.00645921 0.00923665 0.00322447 0.00599881 0.00786535 0.00451558 0.00566684 0.00923665 0.00322447 0.00599881 0.011211 0.00300662 0.00507968 0.00605086 0.00375021 0.00726297 0.00750539 0.00278551 0.00645921 0.00605086 0.00375021 0.00726297 0.00517395 0.00385498 0.0089787 0.00605086 0.00375021 0.00726297 0.00437907 0.00514183 0.00691744 0.00765235 0.00244764 0.00835558 0.00620192 0.00233403 0.00964688 0.00765235 0.00244764 0.00835558 0.00847306 0.00419297 0.00816946 0.00765235 0.00244764 0.00835558 0.00750539 0.00278551 0.00645921 0.00553643 0.00358944 0.0135066 0.00375373 0.00287977 0.0131896 0.00553643 0.00358944 0.0135066 0.00524378 0.00172016 0.0134735 0.00553643 0.00358944 0.0135066 0.00442375 0.00486337 0.0144517 0.00553643 0.00358944 0.0135066 0.00450164 0.00479017 0.0125053 0.00499799 0.00368639 0.000931213 0.00306455 0.0033865 0.000878683 0.00499799 0.00368639 0.000931213 0.00546281 0.00329967 0.00275441 0.00966971 0.00944868 0.00105723 0.0081318 0.00824641 0.00117964 0.00966971 0.00944868 0.00105723 0.0109767 0.00849522 0.00220497 0.00966971 0.00944868 0.00105723 0.00988633 0.0106944 0.00255716 0.00966971 0.00944868 0.00105723 0.0091516 0.011314 0.000909802 0.00966971 0.00944868 0.00105723 0.0098952 0.00751971 0.00091923 0.00473722 0.0122875 0.0144401 0.0048922 0.0109588 0.0130586 0.00473722 0.0122875 0.0144401 0.00485064 0.0138416 0.0133341 0.00473722 0.0122875 0.0144401 0.00322545 0.0135731 0.0144265 0.00285297 0.00377461 0.00600539 0.00224932 0.00530156 0.00686717 0.00285297 0.00377461 0.00600539 0.00402929 0.00277514 0.00746911 0.00285297 0.00377461 0.00600539 0.00167084 0.00224708 0.00704068 0.00285297 0.00377461 0.00600539 0.00233194 0.00378077 0.00393233 0.00285297 0.00377461 0.00600539 0.00437907 0.00514183 0.00691744 0.00256651 0.00804436 0.00550332 0.00292381 0.00703758 0.00710943 0.00256651 0.00804436 0.00550332 0.00427875 0.00866609 0.00487637 0.00256651 0.00804436 0.00550332 0.00346107 0.00893277 0.00689295 0.00256651 0.00804436 0.00550332 0.00100782 0.00713125 0.00444529 0.00256651 0.00804436 0.00550332 0.00303286 0.00596703 0.00502295 0.00256651 0.00804436 0.00550332 0.00191973 0.010102 0.00565831 0.00595248 0.00634115 0.00815811 0.00466342 0.00579947 0.00941853 0.00595248 0.00634115 0.00815811 0.00702395 0.00555058 0.00961226 0.00595248 0.00634115 0.00815811 0.00689028 0.00576707 0.00664587 0.00595248 0.00634115 0.00815811 0.00433469 0.00736447 0.00829755 0.00595248 0.00634115 0.00815811 0.00702203 0.00774524 0.00951469 0.00438839 0.00714471 0.0035017 0.00314938 0.00890264 0.00298454 0.00438839 0.00714471 0.0035017 0.00543637 0.00644766 0.00525081 0.00438839 0.00714471 0.0035017 0.00627104 0.00766247 0.00255371 0.00438839 0.00714471 0.0035017 0.00527784 0.00552292 0.00227463 0.00438839 0.00714471 0.0035017 0.00249635 0.00648285 0.0027378 0.00375196 0.00413026 0.0024455 0.00380763 0.00221863 0.00255163 0.00375196 0.00413026 0.0024455 0.00306455 0.0033865 0.0008786829999999999 0.00375196 0.00413026 0.0024455 0.00546281 0.00329967 0.00275441 0.00375196 0.00413026 0.0024455 0.00233194 0.00378077 0.00393233 0.00375196 0.00413026 0.0024455 0.00527784 0.00552292 0.00227463 0.0130911 0.0119945 0.00623744 0.0139952 0.0114578 0.00464797 0.0130911 0.0119945 0.00623744 0.0140674 0.0133788 0.00723346 0.0130911 0.0119945 0.00623744 0.0112425 0.0114017 0.00650677 0.0130911 0.0119945 0.00623744 0.0140686 0.013377 0.0052579 0.0130911 0.0119945 0.00623744 0.012169 0.0123566 0.008173 0.00466342 0.00579947 0.00941853 0.00433469 0.00736447 0.00829755 0.00466342 0.00579947 0.00941853 0.00527029 0.0064194 0.0114068 0.00466342 0.00579947 0.00941853 0.00298729 0.00479725 0.0103195 0.0149355 0.00386567 0.0110607 0.0155006795204829 0.00557449 0.0102229 0.0149355 0.00386567 0.0110607 0.0165828445204829 0.00480609 0.011581 0.0149355 0.00386567 0.0110607 0.015501584520482899 0.00386518 0.0128704 0.0149355 0.00386567 0.0110607 0.0139971 0.00243437 0.0118515 0.0149355 0.00386567 0.0110607 0.0144972 0.0040673 0.00900414 0.00620192 0.00233403 0.00964688 0.00788761 0.00294092 0.0104617 0.00620192 0.00233403 0.00964688 0.00517395 0.00385498 0.0089787 0.00620192 0.00233403 0.00964688 0.00602912 0.00412609 0.0109517 0.00989067 0.012604 0.0114439 0.0112976 0.0117482 0.0125535 0.00989067 0.012604 0.0114439 0.0103964 0.0107681 0.0111436 0.00989067 0.012604 0.0114439 0.0095243 0.0140859 0.0129982 0.00380763 0.00221863 0.00255163 0.00295719 0.00111458 0.00386686 0.00380763 0.00221863 0.00255163 0.00297585 0.00146217 0.0009303599999999999 0.00380763 0.00221863 0.00255163 0.00546281 0.00329967 0.00275441 0.00380763 0.00221863 0.00255163 0.00549793 0.00117291 0.00348423 0.0125627 0.0060441 0.0129981 0.0131435 0.00727658 0.0144219 0.0125627 0.0060441 0.0129981 0.0116886 0.00510188 0.0114819 0.0125627 0.0060441 0.0129981 0.0139858 0.00493453 0.0142217 0.0125627 0.0060441 0.0129981 0.0114549 0.00729191 0.0115536 0.00196709 0.00722748 0.013244 0.00343029 0.00738803 0.0144698 0.00196709 0.00722748 0.013244 0.00121498 0.00673165 0.0114686 0.00196709 0.00722748 0.013244 0.00279072 0.00579316 0.0122552 0.00196709 0.00722748 0.013244 3.898260000000011e-05 0.0081579 0.0131157 0.00196709 0.00722748 0.013244 0.00322235 0.00900388 0.012948 0.0139952 0.0114578 0.00464797 0.0127709 0.0126568 0.00379471 0.0139952 0.0114578 0.00464797 0.0151886 0.0112151 0.00609208 0.0139952 0.0114578 0.00464797 0.0159235015204829 0.0111559 0.0043247 0.0139952 0.0114578 0.00464797 0.0149033 0.0128536 0.00328258 0.00710933 0.000980264 0.00497748 0.00601822 -0.0006192345204828994 0.00474514 0.00710933 0.000980264 0.00497748 0.00888491 0.0004874580000000001 0.00554631 0.00710933 0.000980264 0.00497748 0.00672808 0.00309407 0.00446567 0.00710933 0.000980264 0.00497748 0.00706248 -0.0003190345204828989 0.00675009 0.00710933 0.000980264 0.00497748 0.00807139 0.00149959 0.00315444 0.00710933 0.000980264 0.00497748 0.00549793 0.00117291 0.00348423 0.012425 0.000921857 0.0042645 0.0115811 0.00163573 0.0027031 0.012425 0.000921857 0.0042645 0.0104887 0.000829647 0.00455374 0.012425 0.000921857 0.0042645 0.0140489 0.00182636 0.00464818 0.012425 0.000921857 0.0042645 0.0112575 -0.0007865345204828999 0.00352793 0.012425 0.000921857 0.0042645 0.01353 -0.0006614345204828987 0.00328388 0.012651 0.00128714 0.0111185 0.0121222 0.00273695 0.0123316 0.012651 0.00128714 0.0111185 0.0139971 0.00243437 0.0118515 0.012651 0.00128714 0.0111185 0.0116697 0.00170435 0.00949332 0.012651 0.00128714 0.0111185 0.0142318 0.00172902 0.00966919 0.012651 0.00128714 0.0111185 0.011678 -0.00023493452048289985 0.0123851 0.012651 0.00128714 0.0111185 0.0140251 0.000389447 0.0125822 0.012651 0.00128714 0.0111185 0.0119893 -0.0004007345204829005 0.00993372 0.00834797 0.00664884 0.00350222 0.00920862 0.00535279 0.00456381 0.00834797 0.00664884 0.00350222 0.00925443 0.00810723 0.00273991 0.014064 0.0014028 0.00657433 0.013189 0.00300368 0.00590076 0.014064 0.0014028 0.00657433 0.0157270635204829 0.00136864 0.00552862 0.014064 0.0014028 0.00657433 0.0133204 0.00274453 0.00778056 0.014064 0.0014028 0.00657433 0.0149413 0.00312171 0.00681076 0.014064 0.0014028 0.00657433 0.0131083 -0.0002187345204828989 0.00634209 0.014064 0.0014028 0.00657433 0.0140489 0.00182636 0.00464818 0.00684089 0.0123963 0.014438 0.00672031 0.0135267 0.0129133 0.00684089 0.0123963 0.014438 0.00636653 0.0142786 0.0145242 0.00684089 0.0123963 0.014438 0.00872958 0.012477 0.014259 0.00702395 0.00555058 0.00961226 0.00602912 0.00412609 0.0109517 0.00702395 0.00555058 0.00961226 0.00702203 0.00774524 0.00951469 0.00766036 0.00370837 0.0122813 0.00788761 0.00294092 0.0104617 0.00766036 0.00370837 0.0122813 0.00602912 0.00412609 0.0109517 0.00766036 0.00370837 0.0122813 0.00860925 0.00366028 0.0142021 0.00847306 0.00419297 0.00816946 0.00974463 0.00289627 0.00879783 0.00847306 0.00419297 0.00816946 0.00912662 0.00472819 0.0101733 0.0113774 0.0041081 0.00693719 0.0124287 0.00428353 0.00841653 0.0113774 0.0041081 0.00693719 0.00984837 0.00503392 0.00629402 0.0113774 0.0041081 0.00693719 0.0127292 0.00529555 0.00625836 0.0113774 0.0041081 0.00693719 0.011211 0.00300662 0.00507968 0.0117323 0.00697224 0.00105765 0.0098952 0.00751971 0.00091923 0.0117323 0.00697224 0.00105765 0.0119794 0.00480724 0.00120932 0.0117323 0.00697224 0.00105765 0.0126813 0.00893403 0.00108711 0.00958587 0.0089138 0.0143945 0.00791916 0.00791884 0.0144381 0.00958587 0.0089138 0.0143945 0.00952033 0.00803005 0.0127247 0.00958587 0.0089138 0.0143945 0.0111045 0.00763609 0.0144561 0.00958587 0.0089138 0.0143945 0.0102229 0.0109504 0.0142293 0.0100984 0.00381055 0.00100382 0.0108053 0.00205166 0.000923876 0.0100984 0.00381055 0.00100382 0.00907101 0.00396551 0.00288193 0.0100984 0.00381055 0.00100382 0.00883329 0.00559434 0.00116341 0.0100984 0.00381055 0.00100382 0.0119794 0.00480724 0.00120932 0.00163329 0.0104747 0.0125467 0.00259075 0.00997488 0.0105949 0.00163329 0.0104747 0.0125467 0.00322235 0.00900388 0.012948 0.0123666 0.00559209 0.00981637 0.0121296 0.00687908 0.00849013 0.0123666 0.00559209 0.00981637 0.0124287 0.00428353 0.00841653 0.0123666 0.00559209 0.00981637 0.0116886 0.00510188 0.0114819 0.0123666 0.00559209 0.00981637 0.0126495 0.0034564 0.010404 0.00565544 0.00874617 0.00810905 0.00433469 0.00736447 0.00829755 0.00565544 0.00874617 0.00810905 0.00631435 0.0105618 0.00761167 0.00565544 0.00874617 0.00810905 0.00625622 0.0101186 0.00942711 0.00565544 0.00874617 0.00810905 0.00702203 0.00774524 0.00951469 0.00565544 0.00874617 0.00810905 0.00621372 0.00910416 0.0060357 0.00488134 0.00885577 0.0144338 0.00613562 0.00809624 0.0131871 0.00488134 0.00885577 0.0144338 0.00322235 0.00900388 0.012948 0.0102969 0.00103628 0.0066543 0.01052 -0.0007803345204828991 0.00600404 0.0102969 0.00103628 0.0066543 0.00888491 0.0004874580000000001 0.00554631 0.0121296 0.00687908 0.00849013 0.0105507 0.00651845 0.00943322 0.0121296 0.00687908 0.00849013 0.0135321 0.00572351 0.00796562 0.0121296 0.00687908 0.00849013 0.011963 0.00756614 0.00648659 0.0121296 0.00687908 0.00849013 0.0131232 0.00808398 0.00997873 0.0112976 0.0117482 0.0125535 0.0125938 0.0106869 0.0116185 0.0112976 0.0117482 0.0125535 0.0125621 0.013166 0.0125539 0.0112976 0.0117482 0.0125535 0.0103964 0.0107681 0.0111436 0.0112976 0.0117482 0.0125535 0.0102229 0.0109504 0.0142293 0.0112976 0.0117482 0.0125535 0.0113114 0.0131876 0.0142523 0.00362234 0.00198278 0.00545843 0.00488646 0.00345258 0.00558728 0.00362234 0.00198278 0.00545843 0.00295719 0.00111458 0.00386686 0.00362234 0.00198278 0.00545843 0.00515661 0.000876717 0.0056449 0.00362234 0.00198278 0.00545843 0.00316184 0.000728348 0.00686216 0.00362234 0.00198278 0.00545843 0.00402929 0.00277514 0.00746911 0.0081318 0.00824641 0.00117964 0.00925443 0.00810723 0.00273991 0.0081318 0.00824641 0.00117964 0.00708466 0.00667395 0.000893627 0.0081318 0.00824641 0.00117964 0.0098952 0.00751971 0.00091923 0.0081318 0.00824641 0.00117964 0.00695193 0.0100389 0.00119781 0.0124287 0.00428353 0.00841653 0.0133204 0.00274453 0.00778056 0.0124287 0.00428353 0.00841653 0.0135321 0.00572351 0.00796562 0.0124287 0.00428353 0.00841653 0.0144972 0.0040673 0.00900414 0.0124287 0.00428353 0.00841653 0.0126495 0.0034564 0.010404 0.00367098 0.0105169 0.0144486 0.00247417 0.0119146 0.0136837 0.00367098 0.0105169 0.0144486 0.0048922 0.0109588 0.0130586 0.00367098 0.0105169 0.0144486 0.00322235 0.00900388 0.012948 0.00896445 0.0107753 0.0124501 0.0103964 0.0107681 0.0111436 0.00896445 0.0107753 0.0124501 0.00735217 0.0118358 0.012505 0.00896445 0.0107753 0.0124501 0.0102229 0.0109504 0.0142293 0.00896445 0.0107753 0.0124501 0.00812002 0.0104816 0.0104423 0.00173579 0.00459043 0.00196659 0.00233194 0.00378077 0.00393233 0.00173579 0.00459043 0.00196659 0.00118261 0.00257528 0.00142881 0.00173579 0.00459043 0.00196659 0.00249635 0.00648285 0.0027378 0.00224412 0.00415124 0.0130933 0.00121221 0.00480609 0.011581 0.00224412 0.00415124 0.0130933 0.00243888 0.00287291 0.0145113 0.00224412 0.00415124 0.0130933 0.00375373 0.00287977 0.0131896 0.00224412 0.00415124 0.0130933 0.00279072 0.00579316 0.0122552 0.0152658 0.00947348 0.00526168 0.0151886 0.0112151 0.00609208 0.0152658 0.00947348 0.00526168 0.0147171 0.00840553 0.00379187 0.0152658 0.00947348 0.00526168 0.0142883 0.00822166 0.00666016 0.0152658 0.00947348 0.00526168 0.0172903645204829 0.010102 0.00565831 0.000130045 0.00557449 0.0102229 0.00121221 0.00480609 0.011581 0.000130045 0.00557449 0.0102229 0.000114888 0.00744721 0.0100332 0.000130045 0.00557449 0.0102229 -0.0008734345204828997 0.0040673 0.00900414 0.000130045 0.00557449 0.0102229 0.00134192 0.00469062 0.00861409 0.0138314 0.00570298 0.00285196 0.0140814 0.00517734 0.0009529690000000001 0.0138314 0.00570298 0.00285196 0.014561 0.00601959 0.0046736 0.0134329 0.0140008 0.0141018 0.0125621 0.013166 0.0125539 0.0134329 0.0140008 0.0141018 0.0152112 0.0147564 0.0144539 0.0134329 0.0140008 0.0141018 0.0132932 0.0159362955204829 0.0145338 0.0115811 0.00163573 0.0027031 0.0108053 0.00205166 0.0009238760000000001 0.0115811 0.00163573 0.0027031 0.010051 0.00227449 0.00345823 0.0115811 0.00163573 0.0027031 0.00994371 0.000563877 0.00245812 0.0115811 0.00163573 0.0027031 0.0116988 7.095319999999997e-05 0.0011701 0.0115811 0.00163573 0.0027031 0.0129207 0.00223621 0.00117416 0.00788761 0.00294092 0.0104617 0.00786231 0.00100995 0.0106685 0.00788761 0.00294092 0.0104617 0.00912662 0.00472819 0.0101733 0.0108441 0.0049835 0.00356731 0.00920862 0.00535279 0.00456381 0.0108441 0.0049835 0.00356731 0.0112689 0.00595494 0.00517181 0.0108441 0.0049835 0.00356731 0.00907101 0.00396551 0.00288193 0.00598048 0.0117729 0.00414084 0.0064823 0.0113227 0.00590426 0.00598048 0.0117729 0.00414084 0.00422476 0.0111463 0.00309329 0.00598048 0.0117729 0.00414084 0.00587002 0.0096328 0.00375021 0.00492043 0.000104423 0.0144368 0.00671084 0.000918967 0.0144332 0.00492043 0.000104423 0.0144368 0.00485064 -0.0015290345204828977 0.0133341 0.00492043 0.000104423 0.0144368 0.00524378 0.00172016 0.0134735 0.00492043 0.000104423 0.0144368 0.00636653 -0.0010920345204828979 0.0145242 0.0120278 0.00678938 0.00352259 0.0112689 0.00595494 0.00517181 0.0120278 0.00678938 0.00352259 0.0133861 0.00745659 0.0048272 0.0142893 0.0124847 0.0128352 0.0125621 0.013166 0.0125539 0.0142893 0.0124847 0.0128352 0.0153355 0.0140726 0.0126842 0.0142893 0.0124847 0.0128352 0.0150678 0.0116817 0.010994 0.0144312 0.0153381 0.00507436 0.0157270635204829 0.0167392745204829 0.00552862 0.0144312 0.0153381 0.00507436 0.0131083 0.0151519 0.00634209 0.0144312 0.0153381 0.00507436 0.0140489 0.0171969945204829 0.00464818 0.0144312 0.0153381 0.00507436 0.0158116925204829 0.0142181 0.00625604 0.0144312 0.0153381 0.00507436 0.01353 0.0147092 0.00328388 0.0144312 0.0153381 0.00507436 0.0160129325204829 0.0152045 0.0036321 0.00689028 0.00576707 0.00664587 0.00786535 0.00451558 0.00566684 0.00689028 0.00576707 0.00664587 0.00543637 0.00644766 0.00525081 0.00885051 0.0121699 0.00319263 0.00988633 0.0106944 0.00255716 0.00885051 0.0121699 0.00319263 0.00942635 0.013709 0.00395119 0.00885051 0.0121699 0.00319263 0.00792443 0.0105839 0.00442117 0.00910831 0.00145795 0.0120769 0.00786231 0.00100995 0.0106685 0.00910831 0.00145795 0.0120769 0.0103664 0.00256296 0.0129538 0.00910831 0.00145795 0.0120769 0.0103698 0.00270005 0.0108443 0.00910831 0.00145795 0.0120769 0.00979045 -0.0002701345204828994 0.0108447 0.00910831 0.00145795 0.0120769 0.00758076 0.00010266500000000005 0.012649 0.00292381 0.00703758 0.00710943 0.00346107 0.00893277 0.00689295 0.00292381 0.00703758 0.00710943 0.00433469 0.00736447 0.00829755 0.00292381 0.00703758 0.00710943 0.00224932 0.00530156 0.00686717 0.00292381 0.00703758 0.00710943 0.00222607 0.0068572 0.00922678 0.0103415 0.0127714 0.00535073 0.00963535 0.0109535 0.00558164 0.0103415 0.0127714 0.00535073 0.01052 0.0145903 0.00600404 0.0103415 0.0127714 0.00535073 0.00942635 0.013709 0.00395119 0.0103415 0.0127714 0.00535073 0.00959845 0.0132834 0.00708136 0.0103415 0.0127714 0.00535073 0.0113748 0.0111483 0.00431186 0.0103415 0.0127714 0.00535073 0.00815076 0.012743 0.00551166 0.00769193 0.0147256 0.00248624 0.00929695 0.014418 0.00133739 0.0109767 0.00849522 0.00220497 0.00925443 0.00810723 0.00273991 0.0109767 0.00849522 0.00220497 0.0102891 0.00935576 0.00382494 0.0109767 0.00849522 0.00220497 0.0098952 0.00751971 0.00091923 0.0109767 0.00849522 0.00220497 0.0124292 0.00901704 0.00372708 0.0109767 0.00849522 0.00220497 0.0126813 0.00893403 0.00108711 0.00427875 0.00866609 0.00487637 0.00314938 0.00890264 0.00298454 0.00427875 0.00866609 0.00487637 0.00587002 0.0096328 0.00375021 0.00791916 0.00791884 0.0144381 0.0063895 0.0066611 0.0144462 0.00791916 0.00791884 0.0144381 0.00784771 0.00882487 0.012719 0.00791916 0.00791884 0.0144381 0.00827758 0.0059851 0.013551 0.00343029 0.00738803 0.0144698 0.00475659 0.00651099 0.0134744 0.00343029 0.00738803 0.0144698 0.00322235 0.00900388 0.012948 0.00121498 0.00673165 0.0114686 0.00121221 0.00480609 0.011581 0.00121498 0.00673165 0.0114686 0.00277594 0.00784324 0.0111126 0.00121498 0.00673165 0.0114686 0.00011488800000000006 0.00744721 0.0100332 0.00121498 0.00673165 0.0114686 0.000993703 0.00867188 0.0112546 0.00121498 0.00673165 0.0114686 0.00279072 0.00579316 0.0122552 0.00775332 0.0131311 0.00764113 0.00662621 0.0139323 0.0089874 0.00775332 0.0131311 0.00764113 0.00959845 0.0132834 0.00708136 0.00775332 0.0131311 0.00764113 0.00831361 0.0127719 0.00968534 0.00775332 0.0131311 0.00764113 0.00815076 0.012743 0.00551166 0.00775332 0.0131311 0.00764113 0.00706248 0.0150516 0.00675009 0.00670782 0.000474275 0.00877507 0.00554049 0.00130326 0.00760843 0.00670782 0.000474275 0.00877507 0.00662621 -0.0014383345204828988 0.0089874 0.00670782 0.000474275 0.00877507 0.00706248 -0.0003190345204828988 0.00675009 0.000188496 0.0110279 0.00247512 0.00044642400000000006 0.0123726 0.00110564 0.000188496 0.0110279 0.00247512 -0.00020803452048289895 0.0100646 0.0009155040000000001 0.000188496 0.0110279 0.00247512 0.000552867 0.0111559 0.0043247 0.000188496 0.0110279 0.00247512 -0.0019282345204828988 0.0107753 0.00239017 0.000188496 0.0110279 0.00247512 -0.0004673345204828994 0.0128536 0.00328258 0.00952033 0.00803005 0.0127247 0.00958862 0.00910755 0.0112324 0.00952033 0.00803005 0.0127247 0.00784771 0.00882487 0.012719 0.00952033 0.00803005 0.0127247 0.0108194 0.00948687 0.0126905 0.00952033 0.00803005 0.0127247 0.00911104 0.00703365 0.010864 0.00393701 0.0147811 0.0057769 0.00459639 0.0135371 0.00448032 0.00393701 0.0147811 0.0057769 0.00242728 0.0148095 0.00469962 0.00393701 0.0147811 0.0057769 0.00515661 0.0162473515204829 0.0056449 0.00393701 0.0147811 0.0057769 0.00316184 0.016098982520482898 0.00686216 0.00393701 0.0147811 0.0057769 0.00384937 0.0130422 0.00698835 0.00988633 0.0106944 0.00255716 0.0091516 0.011314 0.0009098019999999999 0.00988633 0.0106944 0.00255716 0.0102891 0.00935576 0.00382494 0.0114154 0.0120561 0.0102338 0.010242 0.0128323 0.00886896 0.0114154 0.0120561 0.0102338 0.0130167 0.0110777 0.00977267 0.0114154 0.0120561 0.0102338 0.0103964 0.0107681 0.0111436 0.0114154 0.0120561 0.0102338 0.0131033 0.0129878 0.00998857 0.0114154 0.0120561 0.0102338 0.012169 0.0123566 0.008173 0.00405859 0.00332257 0.0114223 0.00207861 0.00313268 0.0113362 0.00405859 0.00332257 0.0114223 0.00432826 0.00166205 0.0106352 0.00405859 0.00332257 0.0114223 0.00375373 0.00287977 0.0131896 0.00405859 0.00332257 0.0114223 0.00450164 0.00479017 0.0125053 0.00405859 0.00332257 0.0114223 0.00602912 0.00412609 0.0109517 0.00405859 0.00332257 0.0114223 0.00298729 0.00479725 0.0103195 0.0140674 0.0133788 0.00723346 0.0140686 0.013377 0.0052579 0.0140674 0.0133788 0.00723346 0.015615836520482899 0.0122543 0.00759479 0.0140674 0.0133788 0.00723346 0.0158116925204829 0.0142181 0.00625604 0.00671084 0.000918967 0.0144332 0.00524378 0.00172016 0.0134735 0.00671084 0.000918967 0.0144332 0.00758076 0.00010266499999999994 0.012649 0.00717184 0.00733044 0.0116845 0.00784771 0.00882487 0.012719 0.00717184 0.00733044 0.0116845 0.00613562 0.00809624 0.0131871 0.00717184 0.00733044 0.0116845 0.00702203 0.00774524 0.00951469 0.00717184 0.00733044 0.0116845 0.00911104 0.00703365 0.010864 0.00717184 0.00733044 0.0116845 0.00527029 0.0064194 0.0114068 0.014388 0.00982033 0.0100191 0.0130167 0.0110777 0.00977267 0.014388 0.00982033 0.0100191 0.0141406 0.00928317 0.0117879 0.014388 0.00982033 0.0100191 0.014846 0.00858721 0.00869122 0.014388 0.00982033 0.0100191 0.0131232 0.00808398 0.00997873 0.014388 0.00982033 0.0100191 0.0150678 0.0116817 0.010994 0.0140814 0.00517734 0.000952969 0.0146668 0.00341406 0.000937875 0.0140814 0.00517734 0.000952969 0.0158169285204829 0.00635401 0.00134377 0.0140814 0.00517734 0.000952969 0.0119794 0.00480724 0.00120932 0.0104887 0.000829647 0.00455374 0.010051 0.00227449 0.00345823 0.0104887 0.000829647 0.00455374 0.00888491 0.000487458 0.00554631 0.0104887 0.000829647 0.00455374 0.0112575 -0.0007865345204828994 0.00352793 0.00121221 0.00480609 0.011581 0.00207861 0.00313268 0.0113362 0.00121221 0.00480609 0.011581 0.0001309499999999999 0.00386518 0.0128704 0.00121221 0.00480609 0.011581 0.00279072 0.00579316 0.0122552 0.00121221 0.00480609 0.011581 0.00298729 0.00479725 0.0103195 0.00976593 0.0105226 0.00743497 0.0112425 0.0114017 0.00650677 0.00976593 0.0105226 0.00743497 0.0099428 0.0109526 0.00928911 0.00976593 0.0105226 0.00743497 0.00963535 0.0109535 0.00558164 0.00976593 0.0105226 0.00743497 0.00842177 0.00949936 0.00641444 0.00976593 0.0105226 0.00743497 0.0115988 0.00971266 0.00823224 0.0112425 0.0114017 0.00650677 0.0112089 0.00958091 0.00588379 0.0112425 0.0114017 0.00650677 0.00963535 0.0109535 0.00558164 0.0112425 0.0114017 0.00650677 0.012169 0.0123566 0.008173 0.0112425 0.0114017 0.00650677 0.0113748 0.0111483 0.00431186 0.00920862 0.00535279 0.00456381 0.00984837 0.00503392 0.00629402 0.00920862 0.00535279 0.00456381 0.00786535 0.00451558 0.00566684 0.00920862 0.00535279 0.00456381 0.00907101 0.00396551 0.00288193 0.00125152 0.00885797 0.00931557 0.00011488800000000006 0.00744721 0.0100332 0.00125152 0.00885797 0.00931557 0.000993703 0.00867188 0.0112546 0.00125152 0.00885797 0.00931557 0.00313377 0.00878054 0.00880823 0.00125152 0.00885797 0.00931557 -0.0005246345204829 0.00858721 0.00869122 0.00125152 0.00885797 0.00931557 0.00259075 0.00997488 0.0105949 0.00125152 0.00885797 0.00931557 0.00210716 0.0103908 0.00796065 0.00125152 0.00885797 0.00931557 0.00222607 0.0068572 0.00922678 0.00277594 0.00784324 0.0111126 0.000993703 0.00867188 0.0112546 0.00277594 0.00784324 0.0111126 0.00259075 0.00997488 0.0105949 0.00277594 0.00784324 0.0111126 0.00322235 0.00900388 0.012948 0.00277594 0.00784324 0.0111126 0.00222607 0.0068572 0.00922678 0.00277594 0.00784324 0.0111126 0.00470474 0.00835048 0.0101584 0.00207861 0.00313268 0.0113362 0.0008963180000000001 0.00296225 0.00983093 0.00207861 0.00313268 0.0113362 0.00203847 0.00163647 0.0127775 0.00207861 0.00313268 0.0113362 0.00298729 0.00479725 0.0103195 0.00247417 0.0119146 0.0136837 0.0031335 0.0131139 0.0122579 0.00247417 0.0119146 0.0136837 0.000945682 0.0109312 0.0144409 0.00247417 0.0119146 0.0136837 0.00322545 0.0135731 0.0144265 0.0143384 0.0109769 0.0143863 0.0123916 0.0106907 0.0144228 0.0143384 0.0109769 0.0143863 0.0140043 0.0090488 0.0144704 0.0143384 0.0109769 0.0143863 0.016316316520482897 0.0109312 0.0144409 0.00980171 0.0073182 0.00695147 0.011963 0.00756614 0.00648659 0.00346107 0.00893277 0.00689295 0.00313377 0.00878054 0.00880823 0.00013095 0.00386518 0.0128704 2.4475300000000006e-05 0.00194654 0.0131345 0.0131435 0.00727658 0.0144219 0.0140043 0.0090488 0.0144704 0.0121222 0.00273695 0.0123316 0.0139971 0.00243437 0.0118515 0.0121222 0.00273695 0.0123316 0.0103664 0.00256296 0.0129538 0.0121222 0.00273695 0.0123316 0.0115829 0.00376957 0.0142467 0.0121222 0.00273695 0.0123316 0.013544 0.00258217 0.0139382 0.0121222 0.00273695 0.0123316 0.0126495 0.0034564 0.010404 0.0063895 0.0066611 0.0144462 0.00613562 0.00809624 0.0131871 0.0063895 0.0066611 0.0144462 0.00475659 0.00651099 0.0134744 0.0063895 0.0066611 0.0144462 0.00827758 0.0059851 0.013551 0.00699307 0.00771328 0.00456424 0.00866282 0.00852882 0.0045189 0.00699307 0.00771328 0.00456424 0.00543637 0.00644766 0.00525081 0.00699307 0.00771328 0.00456424 0.00627104 0.00766247 0.00255371 0.00699307 0.00771328 0.00456424 0.00621372 0.00910416 0.0060357 0.00179503 0.0141454 0.0132532 0.0031335 0.0131139 0.0122579 0.00179503 0.0141454 0.0132532 0.00117094 0.0126331 0.0122848 0.00179503 0.0141454 0.0132532 -3.513452048289857e-05 0.0140726 0.0126842 0.00179503 0.0141454 0.0132532 0.00163745 0.015598584520482899 0.0144584 0.00179503 0.0141454 0.0132532 0.00322545 0.0135731 0.0144265 0.00179503 0.0141454 0.0132532 0.00346379 0.0152139 0.0123922 0.0031335 0.0131139 0.0122579 0.00227017 0.0120674 0.0108716 0.0031335 0.0131139 0.0122579 0.00444909 0.0118166 0.01119 0.0031335 0.0131139 0.0122579 0.00346379 0.0152139 0.0123922 0.014561 0.00601959 0.0046736 0.0135902 0.00443037 0.00469132 0.014561 0.00601959 0.0046736 0.0133861 0.00745659 0.0048272 0.014561 0.00601959 0.0046736 0.0163784545204829 0.00713125 0.00444529 0.00433469 0.00736447 0.00829755 0.00313377 0.00878054 0.00880823 0.00433469 0.00736447 0.00829755 0.00470474 0.00835048 0.0101584 0.0103367 0.0128286 0.00101671 0.00929695 0.014418 0.00133739 0.0103367 0.0128286 0.00101671 0.0091516 0.011314 0.000909802 0.0103367 0.0128286 0.00101671 0.0123298 0.0132325 0.00179141 0.013189 0.00300368 0.00590076 0.0133204 0.00274453 0.00778056 0.013189 0.00300368 0.00590076 0.0149413 0.00312171 0.00681076 0.013189 0.00300368 0.00590076 0.0135902 0.00443037 0.00469132 0.013189 0.00300368 0.00590076 0.0140489 0.00182636 0.00464818 0.013189 0.00300368 0.00590076 0.011211 0.00300662 0.00507968 0.0125938 0.0106869 0.0116185 0.0130167 0.0110777 0.00977267 0.010242 0.0128323 0.00886896 0.0099428 0.0109526 0.00928911 0.010242 0.0128323 0.00886896 0.00959845 0.0132834 0.00708136 0.010242 0.0128323 0.00886896 0.012169 0.0123566 0.008173 0.010242 0.0128323 0.00886896 0.00831361 0.0127719 0.00968534 0.0130167 0.0110777 0.00977267 0.0143623 0.0121269 0.00893026 0.0130167 0.0110777 0.00977267 0.0131033 0.0129878 0.00998857 0.0130167 0.0110777 0.00977267 0.012169 0.0123566 0.008173 0.00958862 0.00910755 0.0112324 0.0109127 0.0085422 0.00990116 0.00958862 0.00910755 0.0112324 0.0103964 0.0107681 0.0111436 0.00958862 0.00910755 0.0112324 0.0108194 0.00948687 0.0126905 0.00958862 0.00910755 0.0112324 0.00911104 0.00703365 0.010864 0.00958862 0.00910755 0.0112324 0.00812002 0.0104816 0.0104423 0.00450527 0.0104941 0.00577002 0.00621372 0.00910416 0.0060357 0.00450527 0.0104941 0.00577002 0.00312836 0.0120017 0.00494277 0.0108053 0.00205166 0.000923876 0.0116988 7.095319999999997e-05 0.0011701 0.0108053 0.00205166 0.000923876 0.0129207 0.00223621 0.00117416 0.00820679 0.000596175 0.000981926 0.00929695 -0.0009526345204828998 0.00133739 0.000356429 0.00136864 0.00552862 0.00122156 0.00192236 0.00388018 0.000356429 0.00136864 0.00552862 -0.0013217345204828996 0.00182636 0.00464818 0.000356429 0.00136864 0.00552862 0.0016708400000000003 0.00224708 0.00704068 0.000356429 0.00136864 0.00552862 7.947740000000003e-05 0.00343842 0.00472341 0.0112089 0.00958091 0.00588379 0.0103713 0.00800719 0.00515988 0.0112089 0.00958091 0.00588379 0.011963 0.00756614 0.00648659 0.0112089 0.00958091 0.00588379 0.0113748 0.0111483 0.00431186 0.00306455 0.0033865 0.000878683 0.00297585 0.00146217 0.00093036 0.00306455 0.0033865 0.000878683 0.00118261 0.00257528 0.00142881 0.0116835 0.00141944 0.013806 0.0132932 0.000565661 0.0145338 0.0116835 0.00141944 0.013806 0.0103664 0.00256296 0.0129538 0.0116835 0.00141944 0.013806 0.011678 -0.00023493452048289833 0.0123851 0.0116835 0.00141944 0.013806 0.013544 0.00258217 0.0139382 0.00601822 0.0147514 0.00474514 0.00459639 0.0135371 0.00448032 0.00601822 0.0147514 0.00474514 0.00515661 0.0162473515204829 0.0056449 0.00601822 0.0147514 0.00474514 0.00598849 0.0131524 0.00582001 0.00488646 0.00345258 0.00558728 0.00402929 0.00277514 0.00746911 0.00488646 0.00345258 0.00558728 0.00672808 0.00309407 0.00446567 0.00488646 0.00345258 0.00558728 0.00437907 0.00514183 0.00691744 0.00631146 0.0119816 0.00996341 0.00625622 0.0101186 0.00942711 0.00631146 0.0119816 0.00996341 0.00444909 0.0118166 0.01119 0.00631146 0.0119816 0.00996341 0.00463773 0.0131935 0.00918635 0.00631146 0.0119816 0.00996341 0.00586722 0.013836 0.0110639 0.00631146 0.0119816 0.00996341 0.00831361 0.0127719 0.00968534 0.0109127 0.0085422 0.00990116 0.00906767 0.00863574 0.00935665 0.0109127 0.0085422 0.00990116 0.0115988 0.00971266 0.00823224 0.0109127 0.0085422 0.00990116 0.0114549 0.00729191 0.0115536 0.00554049 0.00130326 0.00760843 0.00412339 0.00110397 0.00886668 0.00554049 0.00130326 0.00760843 0.00402929 0.00277514 0.00746911 0.0105507 0.00651845 0.00943322 0.00880932 0.00624958 0.00857866 0.0105507 0.00651845 0.00943322 0.00911104 0.00703365 0.010864 0.00224932 0.00530156 0.00686717 0.00134192 0.00469062 0.00861409 0.00224932 0.00530156 0.00686717 0.00437907 0.00514183 0.00691744 0.00224932 0.00530156 0.00686717 0.00303286 0.00596703 0.00502295 0.00631435 0.0105618 0.00761167 0.00772744 0.00945319 0.0082673 0.00631435 0.0105618 0.00761167 0.0064823 0.0113227 0.00590426 0.00631435 0.0105618 0.00761167 0.00625622 0.0101186 0.00942711 0.00631435 0.0105618 0.00761167 0.00621372 0.00910416 0.0060357 0.0125621 0.013166 0.0125539 0.0135283 0.0142585 0.0112482 0.0125621 0.013166 0.0125539 0.011678 0.0151357 0.0123851 0.0125621 0.013166 0.0125539 0.0113114 0.0131876 0.0142523 0.0048922 0.0109588 0.0130586 0.00655556 0.0101564 0.0126873 0.0048922 0.0109588 0.0130586 0.00444909 0.0118166 0.01119 0.0152112 0.0147564 0.0144539 0.0153355 0.0140726 0.0126842 0.0152112 0.0147564 0.0144539 0.0170080845204829 0.015598584520482899 0.0144584 0.00485064 0.0138416 0.0133341 0.00672031 0.0135267 0.0129133 0.00485064 0.0138416 0.0133341 0.00322545 0.0135731 0.0144265 0.00485064 0.0138416 0.0133341 0.00636653 0.0142786 0.0145242 0.00485064 0.0138416 0.0133341 0.00346379 0.0152139 0.0123922 0.0146456 0.00517135 0.00650049 0.0127292 0.00529555 0.00625836 0.0146456 0.00517135 0.00650049 0.0135321 0.00572351 0.00796562 0.0146456 0.00517135 0.00650049 0.0154730115204829 0.00660374 0.00801827 0.00434051 0.00706233 0.00108022 0.00242491 0.00721216 0.000827314 0.00434051 0.00706233 0.00108022 0.00527784 0.00552292 0.00227463 0.0143623 0.0121269 0.00893026 0.015615836520482899 0.0122543 0.00759479 0.0143623 0.0121269 0.00893026 0.0131033 0.0129878 0.00998857 0.0143623 0.0121269 0.00893026 0.0150678 0.0116817 0.010994 0.0140587 0.00360548 0.00294147 0.0135902 0.00443037 0.00469132 0.0099428 0.0109526 0.00928911 0.0103964 0.0107681 0.0111436 0.0099428 0.0109526 0.00928911 0.00812002 0.0104816 0.0104423 0.00295719 0.00111458 0.00386686 0.00122156 0.00192236 0.00388018 0.00295719 0.00111458 0.00386686 0.00242728 -0.0005611345204828999 0.00469962 0.0132134 0.00979868 0.00560001 0.0124292 0.00901704 0.00372708 0.0132134 0.00979868 0.00560001 0.0142883 0.00822166 0.00666016 0.0141406 0.00928317 0.0117879 0.015409617120482898 0.0081579 0.0131157 0.00906767 0.00863574 0.00935665 0.00772744 0.00945319 0.0082673 0.00906767 0.00863574 0.00935665 0.00702203 0.00774524 0.00951469 0.00906767 0.00863574 0.00935665 0.00911104 0.00703365 0.010864 0.0127709 0.0126568 0.00379471 0.0123298 0.0132325 0.0017914099999999998 0.0127709 0.0126568 0.00379471 0.0113748 0.0111483 0.00431186 0.0127709 0.0126568 0.00379471 0.0149033 0.0128536 0.00328258 0.0127709 0.0126568 0.00379471 0.01353 0.0147092 0.00328388 0.0133204 0.00274453 0.00778056 0.0149413 0.00312171 0.00681076 0.0133204 0.00274453 0.00778056 0.0144972 0.0040673 0.00900414 0.00929695 0.014418 0.00133739 0.00800216 0.0129386 0.00100756 0.00929695 0.014418 0.00133739 0.00994371 0.015934511520482898 0.00245812 0.00432826 0.00166205 0.0106352 0.00412339 0.00110397 0.00886668 0.00432826 0.00166205 0.0106352 0.00426029 -0.0002693345204828994 0.0102759 0.00644117 0.00915279 0.0111228 0.00655556 0.0101564 0.0126873 0.00644117 0.00915279 0.0111228 0.00625622 0.0101186 0.00942711 0.00644117 0.00915279 0.0111228 0.00702203 0.00774524 0.00951469 0.00644117 0.00915279 0.0111228 0.00812002 0.0104816 0.0104423 0.00644117 0.00915279 0.0111228 0.00470474 0.00835048 0.0101584 0.00800216 0.0129386 0.00100756 0.0091516 0.011314 0.000909802 0.00800216 0.0129386 0.00100756 0.00587357 0.0122507 0.00114234 0.0129399 0.000237953 0.00813466 0.0131083 -0.0002187345204829006 0.00634209 0.0129399 0.000237953 0.00813466 0.0119893 -0.00040073452048290046 0.00993372 0.00129889 0.00838279 0.00733574 0.00010237700000000007 0.00660374 0.00801827 0.00963535 0.0109535 0.00558164 0.0113748 0.0111483 0.00431186 0.00963535 0.0109535 0.00558164 0.00792443 0.0105839 0.00442117 2.44753e-05 0.00194654 0.0131345 -0.001373534520482899 0.00243437 0.0118515 2.44753e-05 0.00194654 0.0131345 0.000439489 0.0017736 0.0112538 2.44753e-05 0.00194654 0.0131345 0.00203847 0.00163647 0.0127775 2.44753e-05 0.00194654 0.0131345 -0.0018266345204828987 0.00258217 0.0139382 2.44753e-05 0.00194654 0.0131345 -0.0013455345204828988 0.000389447 0.0125822 0.00117094 0.0126331 0.0122848 -3.5134520482899435e-05 0.0140726 0.0126842 0.00117094 0.0126331 0.0122848 0.00227017 0.0120674 0.0108716 0.00117094 0.0126331 0.0122848 -0.00030283452048290036 0.0116817 0.010994 0.0151886 0.0112151 0.00609208 0.015615836520482899 0.0122543 0.00759479 0.0151886 0.0112151 0.00609208 0.0159235015204829 0.0111559 0.0043247 0.00784771 0.00882487 0.012719 0.00613562 0.00809624 0.0131871 0.00784771 0.00882487 0.012719 0.00655556 0.0101564 0.0126873 0.00880932 0.00624958 0.00857866 0.00912662 0.00472819 0.0101733 0.000872929 0.0127286 0.00939715 0.00024520200000000003 0.0122543 0.00759479 0.000872929 0.0127286 0.00939715 0.000601735 0.0139655 0.0108949 0.000872929 0.0127286 0.00939715 -0.0003028345204828996 0.0116817 0.010994 0.0147171 0.00840553 0.00379187 0.0145975 0.00852935 0.0019473 0.0147171 0.00840553 0.00379187 0.0133861 0.00745659 0.0048272 0.0147171 0.00840553 0.00379187 0.0163784545204829 0.00713125 0.00444529 0.0140686 0.013377 0.0052579 0.0158116925204829 0.0142181 0.00625604 0.0140686 0.013377 0.0052579 0.0149033 0.0128536 0.00328258 0.00459639 0.0135371 0.00448032 0.00598849 0.0131524 0.00582001 0.00459639 0.0135371 0.00448032 0.00343631 0.0142537 0.00320013 0.00459639 0.0135371 0.00448032 0.00312836 0.0120017 0.00494277 0.00459639 0.0135371 0.00448032 0.00550478 0.0141784 0.00255213 0.000245202 0.0122543 0.00759479 0.00181124 0.0132134 0.00762017 0.00672031 0.0135267 0.0129133 0.00735217 0.0118358 0.012505 0.00672031 0.0135267 0.0129133 0.00636653 0.0142786 0.0145242 0.00672031 0.0135267 0.0129133 0.00586722 0.013836 0.0110639 0.00672031 0.0135267 0.0129133 0.00758076 0.0154732995204829 0.012649 0.00772744 0.00945319 0.0082673 0.00842177 0.00949936 0.00641444 0.00772744 0.00945319 0.0082673 0.00625622 0.0101186 0.00942711 0.00772744 0.00945319 0.0082673 0.00702203 0.00774524 0.00951469 0.0146668 0.00341406 0.000937875 0.0165532445204829 0.00257528 0.00142881 0.0146668 0.00341406 0.000937875 0.0129207 0.00223621 0.00117416 0.0103713 0.00800719 0.00515988 0.0102891 0.00935576 0.00382494 0.0103713 0.00800719 0.00515988 0.00866282 0.00852882 0.0045189 0.0103713 0.00800719 0.00515988 0.011963 0.00756614 0.00648659 0.0139205 0.0122292 0.000876656 0.0158170585204829 0.0123726 0.00110564 0.0139205 0.0122292 0.000876656 0.0134424 0.0107753 0.00239017 0.0139205 0.0122292 0.000876656 0.0123298 0.0132325 0.00179141 0.010051 0.00227449 0.00345823 0.00994371 0.000563877 0.00245812 0.010051 0.00227449 0.00345823 0.00907101 0.00396551 0.00288193 0.010051 0.00227449 0.00345823 0.00807139 0.00149959 0.00315444 0.010051 0.00227449 0.00345823 0.011211 0.00300662 0.00507968 0.0132932 0.000565661 0.0145338 0.013544 0.00258217 0.0139382 0.0132932 0.000565661 0.0145338 0.0140251 0.000389447 0.0125822 0.000601735 0.0139655 0.0108949 -3.513452048289976e-05 0.0140726 0.0126842 0.000601735 0.0139655 0.0108949 -0.0007525345204828997 0.0146208 0.00931495 0.01052 0.0145903 0.00600404 0.00959845 0.0132834 0.00708136 0.00412339 0.00110397 0.00886668 0.00426029 -0.00026933452048289873 0.0102759 0.00412339 0.00110397 0.00886668 0.00402929 0.00277514 0.00746911 0.00412339 0.00110397 0.00886668 0.00292616 -0.0006015345204828982 0.00856127 0.0123916 0.0106907 0.0144228 0.0102229 0.0109504 0.0142293 0.00243888 0.00287291 0.0145113 0.00375373 0.00287977 0.0131896 0.00243888 0.00287291 0.0145113 0.00203847 0.00163647 0.0127775 0.00122156 0.00192236 0.00388018 7.947740000000003e-05 0.00343842 0.00472341 0.00122156 0.00192236 0.00388018 0.00233194 0.00378077 0.00393233 0.00122156 0.00192236 0.00388018 0.000642298 -0.0001661345204828997 0.0036321 0.00297585 0.00146217 0.00093036 0.00486826 0.00127576 0.00103317 0.00297585 0.00146217 0.00093036 0.00362933 -0.0005606345204828994 0.00113792 0.00297585 0.00146217 0.00093036 0.00118261 0.00257528 0.00142881 0.000114888 0.00744721 0.0100332 0.000993703 0.00867188 0.0112546 0.000114888 0.00744721 0.0100332 -0.0005246345204828998 0.00858721 0.00869122 0.000114888 0.00744721 0.0100332 0.000102377 0.00660374 0.00801827 0.00242728 0.0148095 0.00469962 0.00343631 0.0142537 0.00320013 0.00242728 0.0148095 0.00469962 0.00137202 0.0131942 0.00461515 0.00242728 0.0148095 0.00469962 0.0006422979999999999 0.0152045 0.0036321 0.0139971 0.00243437 0.0118515 0.013544 0.00258217 0.0139382 0.0139971 0.00243437 0.0118515 0.0140251 0.00038944700000000023 0.0125822 0.0139971 0.00243437 0.0118515 0.0126495 0.0034564 0.010404 0.0149413 0.00312171 0.00681076 0.015450111920482899 0.00343842 0.00472341 0.0140043 0.0090488 0.0144704 0.015409617120482898 0.0081579 0.0131157 0.00750539 0.00278551 0.00645921 0.00786535 0.00451558 0.00566684 0.00750539 0.00278551 0.00645921 0.00672808 0.00309407 0.00446567 0.000993703 0.00867188 0.0112546 0.00259075 0.00997488 0.0105949 0.000993703 0.00867188 0.0112546 3.89826e-05 0.0081579 0.0131157 0.0153355 0.0140726 0.0126842 0.0140251 0.0157600815204829 0.0125822 0.000896318 0.00296225 0.00983093 0.000439489 0.0017736 0.0112538 0.000896318 0.00296225 0.00983093 -0.0008734345204828993 0.0040673 0.00900414 0.000896318 0.00296225 0.00983093 0.00134192 0.00469062 0.00861409 0.00662621 0.0139323 0.0089874 0.00463773 0.0131935 0.00918635 0.00662621 0.0139323 0.0089874 0.00586722 0.013836 0.0110639 0.00662621 0.0139323 0.0089874 0.00831361 0.0127719 0.00968534 0.0135283 0.0142585 0.0112482 0.0131033 0.0129878 0.00998857 0.0135283 0.0142585 0.0112482 0.0140251 0.0157600815204829 0.0125822 0.0135283 0.0142585 0.0112482 0.0119893 0.0149699 0.00993372 0.0135283 0.0142585 0.0112482 0.0146181 0.0146208 0.00931495 0.00515661 0.000876717 0.0056449 0.00549793 0.00117291 0.00348423 0.00942635 0.013709 0.00395119 0.0112575 0.0145841 0.00352793 0.00942635 0.013709 0.00395119 0.00815076 0.012743 0.00551166 0.00735217 0.0118358 0.012505 0.00655556 0.0101564 0.0126873 0.00517395 0.00385498 0.0089787 0.00402929 0.00277514 0.00746911 0.00517395 0.00385498 0.0089787 0.00602912 0.00412609 0.0109517 0.0151626 0.0100646 0.000915504 0.0145975 0.00852935 0.0019473 0.0151626 0.0100646 0.000915504 0.016238801520482897 0.00843389 0.000946112 0.00311871 0.0117482 0.00918001 0.00443221 0.0104068 0.00959159 0.00311871 0.0117482 0.00918001 0.00227017 0.0120674 0.0108716 0.00311871 0.0117482 0.00918001 0.00463773 0.0131935 0.00918635 0.00311871 0.0117482 0.00918001 0.00210716 0.0103908 0.00796065 0.00375373 0.00287977 0.0131896 0.00524378 0.00172016 0.0134735 0.00375373 0.00287977 0.0131896 0.00203847 0.00163647 0.0127775 0.00925443 0.00810723 0.00273991 0.0102891 0.00935576 0.00382494 0.00925443 0.00810723 0.00273991 0.00866282 0.00852882 0.0045189 0.000552867 0.0111559 0.0043247 -0.00046733452048289997 0.0128536 0.00328258 0.000552867 0.0111559 0.0043247 0.0019197299999999997 0.010102 0.00565831 0.000439489 0.0017736 0.0112538 -0.0011388345204828994 0.00172902 0.00966919 0.000439489 0.0017736 0.0112538 0.00203847 0.00163647 0.0127775 0.0102891 0.00935576 0.00382494 0.00866282 0.00852882 0.0045189 0.0102891 0.00935576 0.00382494 0.0113748 0.0111483 0.00431186 0.0102891 0.00935576 0.00382494 0.0124292 0.00901704 0.00372708 0.00475659 0.00651099 0.0134744 0.00442375 0.00486337 0.0144517 0.00475659 0.00651099 0.0134744 0.00450164 0.00479017 0.0125053 0.00475659 0.00651099 0.0134744 0.00527029 0.0064194 0.0114068 0.00316184 0.000728348 0.00686216 0.00292616 -0.0006015345204828991 0.00856127 0.00316184 0.000728348 0.00686216 0.00167084 0.00224708 0.00704068 0.00994371 0.000563877 0.00245812 0.0112575 -0.0007865345204829009 0.00352793 0.00994371 0.000563877 0.00245812 0.0116988 7.095319999999997e-05 0.0011701 0.00994371 0.000563877 0.00245812 0.00807139 0.00149959 0.00315444 0.00807308 0.0105261 0.0142541 0.0102229 0.0109504 0.0142293 0.0108194 0.00948687 0.0126905 0.0102229 0.0109504 0.0142293 0.00426029 0.0151013 0.0102759 0.00292616 0.0147691 0.00856127 0.00426029 0.0151013 0.0102759 0.00463773 0.0131935 0.00918635 0.00426029 0.0151013 0.0102759 0.00586722 0.013836 0.0110639 0.00181124 0.0132134 0.00762017 0.00292616 0.0147691 0.00856127 0.00181124 0.0132134 0.00762017 0.00384937 0.0130422 0.00698835 0.00181124 0.0132134 0.00762017 0.00044105800000000003 0.0142181 0.00625604 0.00242491 0.00721216 0.000827314 0.000868167 0.00843389 0.000946112 0.00242491 0.00721216 0.000827314 0.00044629399999999986 0.00635401 0.00134377 0.00242491 0.00721216 0.000827314 0.00249635 0.00648285 0.0027378 0.00141266 0.0134246 0.00270396 0.00137202 0.0131942 0.00461515 0.00141266 0.0134246 0.00270396 -0.0004673345204828992 0.0128536 0.00328258 0.00141266 0.0134246 0.00270396 0.000642298 0.0152045 0.0036321 0.00598849 0.0131524 0.00582001 0.0064823 0.0113227 0.00590426 0.00598849 0.0131524 0.00582001 0.00815076 0.012743 0.00551166 0.00163745 0.00022795 0.0144584 0.00203847 0.00163647 0.0127775 0.0145975 0.00852935 0.0019473 0.016238801520482897 0.00843389 0.000946112 0.0145975 0.00852935 0.0019473 0.0126813 0.00893403 0.00108711 0.00279072 0.00579316 0.0122552 0.00450164 0.00479017 0.0125053 0.00279072 0.00579316 0.0122552 0.00298729 0.00479725 0.0103195 0.0127292 0.00529555 0.00625836 0.0135902 0.00443037 0.00469132 0.0127292 0.00529555 0.00625836 0.0112689 0.00595494 0.00517181 0.0127292 0.00529555 0.00625836 0.0135321 0.00572351 0.00796562 0.00866282 0.00852882 0.0045189 0.00792443 0.0105839 0.00442117 0.00443221 0.0104068 0.00959159 0.00625622 0.0101186 0.00942711 0.00443221 0.0104068 0.00959159 0.00259075 0.00997488 0.0105949 0.00443221 0.0104068 0.00959159 0.00444909 0.0118166 0.01119 0.00443221 0.0104068 0.00959159 0.00470474 0.00835048 0.0101584 0.0116886 0.00510188 0.0114819 0.0099113 0.00454078 0.0124573 0.0116886 0.00510188 0.0114819 0.0126495 0.0034564 0.010404 0.0116886 0.00510188 0.0114819 0.0114549 0.00729191 0.0115536 0.00786231 0.00100995 0.0106685 0.00758076 0.00010266500000000005 0.012649 0.00313377 0.00878054 0.00880823 0.00259075 0.00997488 0.0105949 0.00313377 0.00878054 0.00880823 0.00210716 0.0103908 0.00796065 0.00313377 0.00878054 0.00880823 0.00222607 0.0068572 0.00922678 0.00313377 0.00878054 0.00880823 0.00470474 0.00835048 0.0101584 0.0116697 0.00170435 0.00949332 0.0103698 0.00270005 0.0108443 0.0116697 0.00170435 0.00949332 0.0119893 -0.00040073452048289986 0.00993372 0.0116697 0.00170435 0.00949332 0.0126495 0.0034564 0.010404 0.00786535 0.00451558 0.00566684 0.00672808 0.00309407 0.00446567 0.00959845 0.0132834 0.00708136 0.00815076 0.012743 0.00551166 0.00546281 0.00329967 0.00275441 0.00672808 0.00309407 0.00446567 0.00546281 0.00329967 0.00275441 0.00549793 0.00117291 0.00348423 0.00974463 0.00289627 0.00879783 0.0103698 0.00270005 0.0108443 0.0135902 0.00443037 0.00469132 0.015450111920482899 0.00343842 0.00472341 0.0112689 0.00595494 0.00517181 0.011963 0.00756614 0.00648659 0.00343631 0.0142537 0.00320013 0.00362933 0.01481 0.0011379199999999997 0.00343631 0.0142537 0.00320013 0.00550478 0.0141784 0.00255213 0.0103664 0.00256296 0.0129538 0.00983426 0.00183124 0.0144935 0.0103664 0.00256296 0.0129538 0.0103698 0.00270005 0.0108443 0.0103664 0.00256296 0.0129538 0.0115829 0.00376957 0.0142467 0.0103664 0.00256296 0.0129538 0.0099113 0.00454078 0.0124573 0.00442375 0.00486337 0.0144517 0.00450164 0.00479017 0.0125053 0.0135321 0.00572351 0.00796562 0.0154730115204829 0.00660374 0.00801827 0.0135321 0.00572351 0.00796562 0.0144972 0.0040673 0.00900414 0.000868167 0.00843389 0.000946112 0.000446294 0.00635401 0.00134377 0.000868167 0.00843389 0.000946112 0.00216632 0.0101455 0.00111132 0.014846 0.00858721 0.00869122 0.0154730115204829 0.00660374 0.00801827 0.014846 0.00858721 0.00869122 0.0131232 0.00808398 0.00997873 0.014846 0.00858721 0.00869122 0.0142883 0.00822166 0.00666016 0.0131033 0.0129878 0.00998857 0.012169 0.0123566 0.008173 0.0064823 0.0113227 0.00590426 0.00621372 0.00910416 0.0060357 0.0064823 0.0113227 0.00590426 0.00815076 0.012743 0.00551166 0.0064823 0.0113227 0.00590426 0.00792443 0.0105839 0.00442117 0.00902812 0.00014053 0.0144979 0.00983426 0.00183124 0.0144935 0.00902812 0.00014053 0.0144979 0.0095243 -0.0012847345204828988 0.0129982 0.0140489 0.00182636 0.00464818 0.015450111920482899 0.00343842 0.00472341 0.00709947 0.00449155 0.00233685 0.00907101 0.00396551 0.00288193 0.00709947 0.00449155 0.00233685 0.00527784 0.00552292 0.00227463 0.00709947 0.00449155 0.00233685 0.00781505 0.0028999 0.00115365 0.00227017 0.0120674 0.0108716 0.00259075 0.00997488 0.0105949 0.00227017 0.0120674 0.0108716 0.00444909 0.0118166 0.01119 0.0133861 0.00745659 0.0048272 0.011963 0.00756614 0.00648659 0.0133861 0.00745659 0.0048272 0.0124292 0.00901704 0.00372708 0.0133861 0.00745659 0.0048272 0.0142883 0.00822166 0.00666016 0.00450164 0.00479017 0.0125053 0.00527029 0.0064194 0.0114068 0.00708466 0.00667395 0.000893627 0.00883329 0.00559434 0.00116341 0.00708466 0.00667395 0.000893627 0.00627104 0.00766247 0.00255371 0.0098952 0.00751971 0.00091923 0.00883329 0.00559434 0.00116341 0.00872958 0.012477 0.014259 0.0102229 0.0109504 0.0142293 0.00872958 0.012477 0.014259 0.0095243 0.0140859 0.0129982 0.00983426 0.00183124 0.0144935 0.00860925 0.00366028 0.0142021 0.00486826 0.00127576 0.00103317 0.00362933 -0.0005606345204828998 0.00113792 0.00625622 0.0101186 0.00942711 0.00812002 0.0104816 0.0104423 0.00137202 0.0131942 0.00461515 0.00044105800000000003 0.0142181 0.00625604 0.00137202 0.0131942 0.00461515 0.00312836 0.0120017 0.00494277 0.00402929 0.00277514 0.00746911 0.0016708399999999998 0.00224708 0.00704068 0.00402929 0.00277514 0.00746911 0.00437907 0.00514183 0.00691744 0.0103698 0.00270005 0.0108443 0.0099113 0.00454078 0.0124573 0.0103698 0.00270005 0.0108443 0.00912662 0.00472819 0.0101733 0.0103698 0.00270005 0.0108443 0.0126495 0.0034564 0.010404 0.000446294 0.00635401 0.00134377 0.00249635 0.00648285 0.0027378 0.00314938 0.00890264 0.00298454 0.00422476 0.0111463 0.00309329 0.00314938 0.00890264 0.00298454 0.00216632 0.0101455 0.00111132 0.00587357 0.0122507 0.00114234 0.00453165 0.0101919 0.00106329 0.00587357 0.0122507 0.00114234 0.00695193 0.0100389 0.00119781 0.00587357 0.0122507 0.00114234 0.00550478 0.0141784 0.00255213 0.00422476 0.0111463 0.00309329 0.00453165 0.0101919 0.0010632900000000002 0.00422476 0.0111463 0.00309329 0.00587002 0.0096328 0.00375021 0.00422476 0.0111463 0.00309329 0.00312836 0.0120017 0.00494277 0.0134424 0.0107753 0.00239017 0.0124292 0.00901704 0.00372708 0.0134424 0.0107753 0.00239017 0.0126813 0.00893403 0.00108711 0.00292616 0.0147691 0.00856127 0.00463773 0.0131935 0.00918635 0.0123298 0.0132325 0.00179141 0.0112575 0.0145841 0.00352793 0.0123298 0.0132325 0.00179141 0.0116988 0.015441587720482899 0.0011701 0.0123298 0.0132325 0.00179141 0.01353 0.0147092 0.00328388 7.94774e-05 0.00343842 0.00472341 0.00233194 0.00378077 0.00393233 0.0141951 0.0149763 0.00108876 0.0147325 0.0168564145204829 0.00250492 0.0141951 0.0149763 0.00108876 0.016596214520482898 0.0152343 0.00120664 0.0141951 0.0149763 0.00108876 0.01353 0.0147092 0.0032838800000000003 0.00444909 0.0118166 0.01119 0.00463773 0.0131935 0.00918635 0.00444909 0.0118166 0.01119 0.00586722 0.013836 0.0110639 0.0112575 0.0145841 0.00352793 0.01353 0.0147092 0.00328388 0.00672808 0.00309407 0.00446567 0.00807139 0.00149959 0.00315444 0.00672808 0.00309407 0.00446567 0.00549793 0.00117291 0.00348423 0.0115829 0.00376957 0.0142467 0.013544 0.00258217 0.0139382 0.00907101 0.00396551 0.00288193 0.00883329 0.00559434 0.00116341 0.00907101 0.00396551 0.00288193 0.00781505 0.0028999 0.00115365 0.0142318 0.00172902 0.00966919 0.0144972 0.0040673 0.00900414 0.0142318 0.00172902 0.00966919 0.0126495 0.0034564 0.010404 0.0116988 7.09532e-05 0.0011701 0.0129207 0.00223621 0.00117416 0.00602912 0.00412609 0.0109517 0.00527029 0.0064194 0.0114068 0.011963 0.00756614 0.00648659 0.0142883 0.00822166 0.00666016 0.000102377 0.00660374 0.00801827 0.00134192 0.00469062 0.00861409 0.000102377 0.00660374 0.00801827 0.00222607 0.0068572 0.00922678 0.000102377 0.00660374 0.00801827 -0.0010823345204828995 0.00822166 0.00666016 0.011678 0.0151357 0.0123851 0.00979045 0.0151005 0.0108447 0.011678 0.0151357 0.0123851 0.0140251 0.0157600815204829 0.0125822 0.011678 0.0151357 0.0123851 0.0095243 0.0140859 0.0129982 0.011678 0.0151357 0.0123851 0.0119893 0.0149699 0.00993372 0.00384937 0.0130422 0.00698835 0.00463773 0.0131935 0.00918635 0.00384937 0.0130422 0.00698835 0.00312836 0.0120017 0.00494277 0.00702203 0.00774524 0.00951469 0.00470474 0.00835048 0.0101584 0.00463773 0.0131935 0.00918635 0.00586722 0.013836 0.0110639 0.0147325 0.00148578 0.00250492 0.0165532445204829 0.00257528 0.00142881 0.0147325 0.00148578 0.00250492 0.0160129325204829 -0.00016613452048289904 0.0036321 0.0147325 0.00148578 0.00250492 0.0129207 0.00223621 0.00117416 0.0113748 0.0111483 0.00431186 0.0124292 0.00901704 0.00372708 0.00911104 0.00703365 0.010864 0.00912662 0.00472819 0.0101733 0.00911104 0.00703365 0.010864 0.0114549 0.00729191 0.0115536 0.0102229 0.0109504 0.0142293 0.0113114 0.0131876 0.0142523 0.00527029 0.0064194 0.0114068 0.00470474 0.00835048 0.0101584 0.00543637 0.00644766 0.00525081 0.00437907 0.00514183 0.00691744 0.00543637 0.00644766 0.00525081 0.00303286 0.00596703 0.00502295 0.0144972 0.0040673 0.00900414 0.016712554520482897 0.00469062 0.00861409 0.0144972 0.0040673 0.00900414 0.0126495 0.0034564 0.010404 0.00122558 0.0152343 0.00120664 0.00362933 0.01481 0.00113792 0.00122558 0.0152343 0.00120664 0.000642298 0.0152045 0.0036321 0.00979045 0.0151005 0.0108447 0.0095243 0.0140859 0.0129982 0.00979045 0.0151005 0.0108447 0.0119893 0.0149699 0.00993372 0.00203847 0.00163647 0.0127775 0.00346379 -0.00015673452048289784 0.0123922 0.00134192 0.00469062 0.00861409 0.00298729 0.00479725 0.0103195 0.00134192 0.00469062 0.00861409 0.00222607 0.0068572 0.00922678 0.00812002 0.0104816 0.0104423 0.00831361 0.0127719 0.00968534 0.0113114 0.0131876 0.0142523 0.0095243 0.0140859 0.0129982 0.00362933 0.01481 0.00113792 0.00550478 0.0141784 0.00255213 0.0099113 0.00454078 0.0124573 0.00860925 0.00366028 0.0142021 0.0099113 0.00454078 0.0124573 0.00912662 0.00472819 0.0101733 0.0099113 0.00454078 0.0124573 0.00827758 0.0059851 0.013551 0.0149033 0.0128536 0.00328258 0.01353 0.0147092 0.00328388 0.00627104 0.00766247 0.00255371 0.00527784 0.00552292 0.00227463 0.00627104 0.00766247 0.00255371 0.00587002 0.0096328 0.00375021 0.00453165 0.0101919 0.00106329 0.00695193 0.0100389 0.00119781 0.00453165 0.0101919 0.00106329 0.00216632 0.0101455 0.00111132 0.00210716 0.0103908 0.00796065 0.00191973 0.010102 0.00565831 0.00860925 0.00366028 0.0142021 0.00827758 0.0059851 0.013551 0.0131232 0.00808398 0.00997873 0.0114549 0.00729191 0.0115536 0.00621372 0.00910416 0.0060357 0.00587002 0.0096328 0.00375021 0.013544 0.00258217 0.0139382 0.0139858 0.00493453 0.0142217 0.00815076 0.012743 0.00551166 0.00792443 0.0105839 0.00442117 0.00437907 0.00514183 0.00691744 0.00303286 0.00596703 0.00502295 0.00298729 0.00479725 0.0103195 0.00222607 0.0068572 0.00922678 0.00758076 0.000102665 0.012649 0.0095243 -0.001284734520482899 0.0129982 0.00100782 0.00713125 0.00444529 0.00303286 0.00596703 0.00502295 0.00100782 0.00713125 0.00444529 0.00249635 0.00648285 0.0027378 0.00781505 0.0028999 0.00115365 0.00807139 0.00149959 0.00315444 0.00303286 0.00596703 0.00502295 0.00249635 0.00648285 0.0027378 0.00191973 0.010102 0.00565831 0.00312836 0.0120017 0.00494277 0.00587002 0.0096328 0.00375021 0.00792443 0.0105839 0.00442117</DataArray>
</Points><Lines>
<DataArray type="Int64" Name="connectivity" format="ascii">0 1 2 3 4 5 6 7 8 9 10 11 12 13 14 15 16 17 18 19 20 21 22 23 24 25 26 27 28 29 30 31 32 33 34 35 36 37 38 39 40 41 42 43 44 45 46 47 48 49 50 51 52 53 54 55 56 57 58 59 60 61 62 63 64 65 66 67 68 69 70 71 72 73 74 75 76 77 78 79 80 81 82 83 84 85 86 87 88 89 90 91 92 93 94 95 96 97 98 99 100 101 102 103 104 105 106 107 108 109 110 111 112 113 114 115 116 117 118 119 120 121 122 123 124 125 126 127 128 129 130 131 132 133 134 135 136 137 138 139 140 141 142 143 144 145 146 147 148 149 150 151 152 153 154 155 156 157 158 159 160 161 162 163 164 165 166 167 168 169 170 171 172 173 174 175 176 177 178 179 180 181 182 183 184 185 186 187 188 189 190 191 192 193 194 195 196 197 198 199 200 201 202 203 204 205 206 207 208 209 210 211 212 213 214 215 216 217 218 219 220 221 222 223 224 225 226 227 228 229 230 231 232 233 234 235 236 237 238 239 240 241 242 243 244 245 246 247 248 249 250 251 252 253 254 255 256 257 258 259 260 261 262 263 264 265 266 267 268 269 270 271 272 273 274 275 276 277 278 279 280 281 282 283 284 285 286 287 288 289 290 291 292 293 294 295 296 297 298 299 300 301 302 303 304 305 306 307 308 309 310 311 312 313 314 315 316 317 318 319 320 321 322 323 324 325 326 327 328 329 330 331 332 333 334 335 336 337 338 339 340 341 342 343 344 345 346 347 348 349 350 351 352 353 354 355 356 357 358 359 360 361 362 363 364 365 366 367 368 369 370 371 372 373 374 375 376 377 378 379 380 381 382 383 384 385 386 387 388 389 390 391 392 393 394 395 396 397 398 399 400 401 402 403 404 405 406 407 408 409 410 411 412 413 414 415 416 417 418 419 420 421 422 423 424 425 426 427 428 429 430 431 432 433 434 435 436 437 438 439 440 441 442 443 444 445 446 447 448 449 450 451 452 453 454 455 456 457 458 459 460 461 462 463 464 465 466 467 468 469 470 471 472 473 474 475 476 477 478 479 480 481 482 483 484 485 486 487 488 489 490 491 492 493 494 495 496 497 498 499 500 501 502 503 504 505 506 507 508 509 510 511 512 513 514 515 516 517 518 519 520 521 522 523 524 525 526 527 528 529 530 531 532 533 534 535 536 537 538 539 540 541 542 543 544 545 546 547 548 549 550 551 552 553 554 555 556 557 558 559 560 561 562 563 564 565 566 567 568 569 570 571 572 573 574 575 576 577 578 579 580 581 582 583 584 585 586 587 588 589 590 591 592 593 594 595 596 597 598 599 600 601 602 603 604 605 606 607 608 609 610 611 612 613 614 615 616 617 618 619 620 621 622 623 624 625 626 627 628 629 630 631 632 633 634 635 636 637 638 639 640 641 642 643 644 645 646 647 648 649 650 651 652 653 654 655 656 657 658 659 660 661 662 663 664 665 666 667 668 669 670 671 672 673 674 675 676 677 678 679 680 681 682 683 684 685 686 687 688 689 690 691 692 693 694 695 696 697 698 699 700 701 702 703 704 705 706 707 708 709 710 711 712 713 714 715 716 717 718 719 720 721 722 723 724 725 726 727 728 729 730 731 732 733 734 735 736 737 738 739 740 741 742 743 744 745 746 747 748 749 750 751 752 753 754 755 756 757 758 759 760 761 762 763 764 765 766 767 768 769 770 771 772 773 774 775 776 777 778 779 780 781 782 783 784 785 786 787 788 789 790 791 792 793 794 795 796 797 798 799 800 801 802 803 804 805 806 807 808 809 810 811 812 813 814 815 816 817 818 819 820 821 822 823 824 825 826 827 828 829 830 831 832 833 834 835 836 837 838 839 840 841 842 843 844 845 846 847 848 849 850 851 852 853 854 855 856 857 858 859 860 861 862 863 864 865 866 867 868 869 870 871 872 873 874 875 876 877 878 879 880 881 882 883 884 885 886 887 888 889 890 891 892 893 894 895 896 897 898 899 900 901 902 903 904 905 906 907 908 909 910 911 912 913 914 915 916 917 918 919 920 921 922 923 924 925 926 927 928 929 930 931 932 933 934 935 936 937 938 939 940 941 942 943 944 945 946 947 948 949 950 951 952 953 954 955 956 957 958 959 960 961 962 963 964 965 966 967 968 969 970 971 972 973 974 975 976 977 978 979 980 981 982 983 984 985 986 987 988 989 990 991 992 993 994 995 996 997 998 999 1000 1001 1002 1003 1004 1005 1006 1007 1008 1009 1010 1011 1012 1013 1014 1015 1016 1017 1018 1019 1020 1021 1022 1023 1024 1025 1026 1027 1028 1029 1030 1031 1032 1033 1034 1035 1036 1037 1038 1039 1040 1041 1042 1043 1044 1045 1046 1047 1048 1049 1050 1051 1052 1053 1054 1055 1056 1057 1058 1059 1060 1061 1062 1063 1064 1065 1066 1067 1068 1069 1070 1071 1072 1073 1074 1075 1076 1077 1078 1079 1080 1081 1082 1083 1084 1085 1086 1087 1088 1089 1090 1091 1092 1093 1094 1095 1096 1097 1098 1099 1100 1101 1102 1103 1104 1105 1106 1107 1108 1109 1110 1111 1112 1113 1114 1115 1116 1117 1118 1119 1120 1121 1122 1123 1124 1125 1126 1127 1128 1129 1130 1131 1132 1133 1134 1135 1136 1137 1138 1139 1140 1141 1142 1143 1144 1145 1146 1147 1148 1149 1150 1151 1152 1153 1154 1155 1156 1157 1158 1159 1160 1161 1162 1163 1164 1165 1166 1167 1168 1169 1170 1171 1172 1173 1174 1175 1176 1177 1178 1179 1180 1181 1182 1183 1184 1185 1186 1187 1188 1189 1190 1191 1192 1193 1194 1195 1196 1197 1198 1199 1200 1201 1202 1203 1204 1205 1206 1207 1208 1209 1210 1211 1212 1213 1214 1215 1216 1217 1218 1219 1220 1221 1222 1223 1224 1225 1226 1227 1228 1229 1230 1231 1232 1233 1234 1235 1236 1237 1238 1239 1240 1241 1242 1243 1244 1245 1246 1247 1248 1249 1250 1251 1252 1253 1254 1255 1256 1257 1258 1259 1260 1261 1262 1263 1264 1265 1266 1267 1268 1269 1270 1271 1272 1273 1274 1275 1276 1277 1278 1279 1280 1281 1282 1283 1284 1285 1286 1287 1288 1289 1290 1291 1292 1293 1294 1295 1296 1297 1298 1299 1300 1301 1302 1303 1304 1305 1306 1307 1308 1309 1310 1311 1312 1313 1314 1315 1316 1317 1318 1319 1320 1321 1322 1323 1324 1325 1326 1327 1328 1329 1330 1331 1332 1333 1334 1335 1336 1337 1338 1339 1340 1341 1342 1343 1344 1345 1346 1347 1348 1349 1350 1351 1352 1353 1354 1355 1356 1357 1358 1359 1360 1361 1362 1363 1364 1365 1366 1367 1368 1369 1370 1371 1372 1373 1374 1375 1376 1377 1378 1379 1380 1381 1382 1383 1384 1385 1386 1387 1388 1389 1390 1391 1392 1393 1394 1395 1396 1397 1398 1399 1400 1401 1402 1403 1404 1405 1406 1407 1408 1409 1410 1411 1412 1413 1414 1415 1416 1417 1418 1419 1420 1421 1422 1423 1424 1425 1426 1427 1428 1429 1430 1431 1432 1433 1434 1435 1436 1437 1438 1439 1440 1441 1442 1443 1444 1445 1446 1447 1448 1449 1450 1451 1452 1453 1454 1455 1456 1457 1458 1459 1460 1461 1462 1463 1464 1465 1466 1467 1468 1469 1470 1471 1472 1473 1474 1475 1476 1477 1478 1479 1480 1481 1482 1483 1484 1485 1486 1487 1488 1489 1490 1491 1492 1493 1494 1495 1496 1497 1498 1499 1500 1501 1502 1503 1504 1505 1506 1507 1508 1509 1510 1511 1512 1513 1514 1515 1516 1517 1518 1519 1520 1521 1522 1523 1524 1525 1526 1527 1528 1529 1530 1531 1532 1533 1534 1535 1536 1537 1538 1539 1540 1541 1542 1543 1544 1545 1546 1547 1548 1549 1550 1551 1552 1553 1554 1555 1556 1557 1558 1559 1560 1561 1562 1563 1564 1565 1566 1567 1568 1569 1570 1571 1572 1573 1574 1575 1576 1577 1578 1579 1580 1581 1582 1583 1584 1585 1586 1587 1588 1589 1590 1591 1592 1593 1594 1595 1596 1597 1598 1599 1600 1601 1602 1603 1604 1605 1606 1607 1608 1609 1610 1611 1612 1613 1614 1615 1616 1617 1618 1619 1620 1621 1622 1623 1624 1625 1626 1627 1628 1629 1630 1631 1632 1633 1634 1635 1636 1637 1638 1639 1640 1641 1642 1643 1644 1645 1646 1647 1648 1649 1650 1651 1652 1653 1654 1655 1656 1657 1658 1659 1660 1661 1662 1663 1664 1665 1666 1667 1668 1669 1670 1671 1672 1673 1674 1675 1676 1677 1678 1679 1680 1681 1682 1683 1684 1685 1686 1687 1688 1689 1690 1691 1692 1693 1694 1695 1696 1697 1698 1699 1700 1701 1702 1703 1704 1705 1706 1707 1708 1709 1710 1711 1712 1713 1714 1715 1716 1717 1718 1719 1720 1721 1722 1723 1724 1725 1726 1727 1728 1729 1730 1731 1732 1733 1734 1735 1736 1737 1738 1739 1740 1741 1742 1743 1744 1745 1746 1747 1748 1749 1750 1751 1752 1753 1754 1755 1756 1757 1758 1759 1760 1761 1762 1763 1764 1765 1766 1767 1768 1769 1770 1771 1772 1773 1774 1775 1776 1777 1778 1779 1780 1781 1782 1783 1784 1785 1786 1787 1788 1789 1790 1791 1792 1793 1794 1795 1796 1797 1798 1799 1800 1801 1802 1803 1804 1805 1806 1807 1808 1809 1810 1811 1812 1813 1814 1815 1816 1817 1818 1819 1820 1821 1822 1823 1824 1825 1826 1827 1828 1829 1830 1831 1832 1833 1834 1835 1836 1837 1838 1839 1840 1841 1842 1843 1844 1845 1846 1847 1848 1849 1850 1851 1852 1853 1854 1855 1856 1857 1858 1859 1860 1861 1862 1863 1864 1865 1866 1867 1868 1869 1870 1871 1872 1873 1874 1875 1876 1877 1878 1879 1880 1881 1882 1883 1884 1885 1886 1887 1888 1889 1890 1891 1892 1893 1894 1895 1896 1897 1898 1899 1900 1901 1902 1903 1904 1905 1906 1907 1908 1909 1910 1911 1912 1913 1914 1915 1916 1917 1918 1919 1920 1921 1922 1923 1924 1925 1926 1927 1928 1929 1930 1931 1932 1933 1934 1935 1936 1937 1938 1939 1940 1941 1942 1943 1944 1945 1946 1947 1948 1949 1950 1951 1952 1953 1954 1955 1956 1957 1958 1959 1960 1961 1962 1963 1964 1965 1966 1967 1968 1969 1970 1971 1972 1973 1974 1975 1976 1977 1978 1979 1980 1981 1982 1983 1984 1985 1986 1987 1988 1989 1990 1991 1992 1993 1994 1995 1996 1997 1998 1999 2000 2001 2002 2003 2004 2005 2006 2007 2008 2009 2010 2011 2012 2013 2014 2015 2016 2017 2018 2019 2020 2021 2022 2023 2024 2025 2026 2027 2028 2029 2030 2031 2032 2033 2034 2035 2036 2037 2038 2039 2040 2041 2042 2043 2044 2045 2046 2047 2048 2049 2050 2051 2052 2053 2054 2055 2056 2057 2058 2059 2060 2061 2062 2063 2064 2065 2066 2067 2068 2069 2070 2071 2072 2073 2074 2075 2076 2077 2078 2079 2080 2081 2082 2083 2084 2085 2086 2087 2088 2089 2090 2091 2092 2093 2094 2095 2096 2097 2098 2099 2100 2101 2102 2103 2104 2105 2106 2107 2108 2109 2110 2111 2112 2113 2114 2115 2116 2117 2118 2119 2120 2121 2122 2123 2124 2125 2126 2127 2128 2129 2130 2131 2132 2133 2134 2135 2136 2137 2138 2139 2140 2141 2142 2143 2144 2145 2146 2147 2148 2149 2150 2151 2152 2153 2154 2155 2156 2157 2158 2159 2160 2161 2162 2163 2164 2165 2166 2167 2168 2169 2170 2171 2172 2173 2174 2175 2176 2177 2178 2179 2180 2181 2182 2183 2184 2185 2186 2187 2188 2189 2190 2191 2192 2193 2194 2195 2196 2197 2198 2199 2200 2201 2202 2203 2204 2205 2206 2207 2208 2209 2210 2211 2212 2213 2214 2215 2216 2217 2218 2219 2220 2221 2222 2223 2224 2225 2226 2227 2228 2229 2230 2231 2232 2233 2234 2235 2236 2237 2238 2239 2240 2241 2242 2243 2244 2245 2246 2247 2248 2249 2250 2251 2252 2253 2254 2255 2256 2257 2258 2259 2260 2261 2262 2263 2264 2265 2266 2267 2268 2269 2270 2271 2272 2273 2274 2275 2276 2277 2278 2279 2280 2281 2282 2283 2284 2285 2286 2287 2288 2289 2290 2291 2292 2293 2294 2295 2296 2297 2298 2299 2300 2301 2302 2303 2304 2305 2306 2307 2308 2309 2310 2311 2312 2313 2314 2315 2316 2317 2318 2319 2320 2321 2322 2323 2324 2325 2326 2327 2328 2329 2330 2331 2332 2333 2334 2335 2336 2337 2338 2339 2340 2341 2342 2343 2344 2345 2346 2347 2348 2349 2350 2351 2352 2353 2354 2355 2356 2357 2358 2359 2360 2361 2362 2363 2364 2365 2366 2367 2368 2369 2370 2371 2372 2373 2374 2375 2376 2377 2378 2379 2380 2381 2382 2383 2384 2385 2386 2387 2388 2389 2390 2391 2392 2393 2394 2395 2396 2397 2398 2399 2400 2401 2402 2403 2404 2405 2406 2407 2408 2409 2410 2411 2412 2413 2414 2415 2416 2417 2418 2419 2420 2421 2422 2423 2424 2425 2426 2427 2428 2429 2430 2431 2432 2433 2434 2435 2436 2437 2438 2439 2440 2441 2442 2443 2444 2445 2446 2447 2448 2449 2450 2451 2452 2453 2454 2455 2456 2457 2458 2459 2460 2461 2462 2463 2464 2465 2466 2467 2468 2469 2470 2471 2472 2473 2474 2475 2476 2477 2478 2479 2480 2481 2482 2483 2484 2485 2486 2487 2488 2489 2490 2491 2492 2493 2494 2495 2496 2497 2498 2499 2500 2501 2502 2503 2504 2505 2506 2507 2508 2509 2510 2511 2512 2513 2514 2515 2516 2517 2518 2519 2520 2521 2522 2523 2524 2525 2526 2527 2528 2529 2530 2531 2532 2533 2534 2535 2536 2537 2538 2539 2540 2541 2542 2543 2544 2545 2546 2547 2548 2549 2550 2551 2552 2553 2554 2555 2556 2557 2558 2559 2560 2561 2562 2563 2564 2565 2566 2567 2568 2569 2570 2571 2572 2573 2574 2575 2576 2577 2578 2579 2580 2581 2582 2583 2584 2585 2586 2587 2588 2589 2590 2591 2592 2593 2594 2595 2596 2597 2598 2599 2600 2601 2602 2603 2604 2605 2606 2607 2608 2609 2610 2611 2612 2613 2614 2615 2616 2617 2618 2619 2620 2621 2622 2623 2624 2625 2626 2627 2628 2629 2630 2631 2632 2633 2634 2635 2636 2637 2638 2639 2640 2641 2642 2643 2644 2645 2646 2647 2648 2649 2650 2651 2652 2653 2654 2655 2656 2657 2658 2659 2660 2661 2662 2663 2664 2665 2666 2667 2668 2669 2670 2671 2672 2673 2674 2675 2676 2677 2678 2679 2680 2681 2682 2683 2684 2685 2686 2687 2688 2689 2690 2691 2692 2693</DataArray>
<DataArray type="Int64" Name="offsets" format="ascii">2 4 6 8 10 12 14 16 18 20 22 24 26 28 30 32 34 36 38 40 42 44 46 48 50 52 54 56 58 60 62 64 66 68 70 72 74 76 78 80 82 84 86 88 90 92 94 96 98 100 102 104 106 108 110 112 114 116 118 120 122 124 126 128 130 132 134 136 138 140 142 144 146 148 150 152 154 156 158 160 162 164 166 168 170 172 174 176 178 180 182 184 186 188 190 192 194 196 198 200 202 204 206 208 210 212 214 216 218 220 222 224 226 228 230 232 234 236 238 240 242 244 246 248 250 252 254 256 258 260 262 264 266 268 270 272 274 276 278 280 282 284 286 288 290 292 294 296 298 300 302 304 306 308 310 312 314 316 318 320 322 324 326 328 330 332 334 336 338 340 342 344 346 348 350 352 354 356 358 360 362 364 366 368 370 372 374 376 378 380 382 384 386 388 390 392 394 396 398 400 402 404 406 408 410 412 414 416 418 420 422 424 426 428 430 432 434 436 438 440 442 444 446 448 450 452 454 456 458 460 462 464 466 468 470 472 474 476 478 480 482 484 486 488 490 492 494 496 498 500 502 504 506 508 510 512 514 516 518 520 522 524 526 528 530 532 534 536 538 540 542 544 546 548 550 552 554 556 558 560 562 564 566 568 570 572 574 576 578 580 582 584 586 588 590 592 594 596 598 600 602 604 606 608 610 612 614 616 618 620 622 624 626 628 630 632 634 636 638 640 642 644 646 648 650 652 654 656 658 660 662 664 666 668 670 672 674 676 678 680 682 684 686 688 690 692 694 696 698 700 702 704 706 708 710 712 714 716 718 720 722 724 726 728 730 732 734 736 738 740 742 744 746 748 750 752 754 756 758 760 762 764 766 768 770 772 774 776 778 780 782 784 786 788 790 792 794 796 798 800 802 804 806 808 810 812 814 816 818 820 822 824 826 828 830 832 834 836 838 840 842 844 846 848 850 852 854 856 858 860 862 864 866 868 870 872 874 876 878 880 882 884 886 888 890 892 894 896 898 900 902 904 906 908 910 912 914 916 918 920 922 924 926 928 930 932 934 936 938 940 942 944 946 948 950 952 954 956 958 960 962 964 966 968 970 972 974 976 978 980 982 984 986 988 990 992 994 996 998 1000 1002 1004 1006 1008 1010 1012 1014 1016 1018 1020 1022 1024 1026 1028 1030 1032 1034 1036 1038 1040 1042 1044 1046 1048 1050 1052 1054 1056 1058 1060 1062 1064 1066 1068 1070 1072 1074 1076 1078 1080 1082 1084 1086 1088 1090 1092 1094 1096 1098 1100 1102 1104 1106 1108 1110 1112 1114 1116 1118 1120 1122 1124 1126 1128 1130 1132 1134 1136 1138 1140 1142 1144 1146 1148 1150 1152 1154 1156 1158 1160 1162 1164 1166 1168 1170 1172 1174 1176 1178 1180 1182 1184 1186 1188 1190 1192 1194 1196 1198 1200 1202 1204 1206 1208 1210 1212 1214 1216 1218 1220 1222 1224 1226 1228 1230 1232 1234 1236 1238 1240 1242 1244 1246 1248 1250 1252 1254 1256 1258 1260 1262 1264 1266 1268 1270 1272 1274 1276 1278 1280 1282 1284 1286 1288 1290 1292 1294 1296 1298 1300 1302 1304 1306 1308 1310 1312 1314 1316 1318 1320 1322 1324 1326 1328 1330 1332 1334 1336 1338 1340 1342 1344 1346 1348 1350 1352 1354 1356 1358 1360 1362 1364 1366 1368 1370 1372 1374 1376 1378 1380 1382 1384 1386 1388 1390 1392 1394 1396 1398 1400 1402 1404 1406 1408 1410 1412 1414 1416 1418 1420 1422 1424 1426 1428 1430 1432 1434 1436 1438 1440 1442 1444 1446 1448 1450 1452 1454 1456 1458 1460 1462 1464 1466 1468 1470 1472 1474 1476 1478 1480 1482 1484 1486 1488 1490 1492 1494 1496 1498 1500 1502 1504 1506 1508 1510 1512 1514 1516 1518 1520 1522 1524 1526 1528 1530 1532 1534 1536 1538 1540 1542 1544 1546 1548 1550 1552 1554 1556 1558 1560 1562 1564 1566 1568 1570 1572 1574 1576 1578 1580 1582 1584 1586 1588 1590 1592 1594 1596 1598 1600 1602 1604 1606 1608 1610 1612 1614 1616 1618 1620 1622 1624 1626 1628 1630 1632 1634 1636 1638 1640 1642 1644 1646 1648 1650 1652 1654 1656 1658 1660 1662 1664 1666 1668 1670 1672 1674 1676 1678 1680 1682 1684 1686 1688 1690 1692 1694 1696 1698 1700 1702 1704 1706 1708 1710 1712 1714 1716 1718 1720 1722 1724 1726 1728 1730 1732 1734 1736 1738 1740 1742 1744 1746 1748 1750 1752 1754 1756 1758 1760 1762 1764 1766 1768 1770 1772 1774 1776 1778 1780 1782 1784 1786 1788 1790 1792 1794 1796 1798 1800 1802 1804 1806 1808 1810 1812 1814 1816 1818 1820 1822 1824 1826 1828 1830 1832 1834 1836 1838 1840 1842 1844 1846 1848 1850 1852 1854 1856 1858 1860 1862 1864 1866 1868 1870 1872 1874 1876 1878 1880 1882 1884 1886 1888 1890 1892 1894 1896 1898 1900 1902 1904 1906 1908 1910 1912 1914 1916 1918 1920 1922 1924 1926 1928 1930 1932 1934 1936 1938 1940 1942 1944 1946 1948 1950 1952 1954 1956 1958 1960 1962 1964 1966 1968 1970 1972 1974 1976 1978 1980 1982 1984 1986 1988 1990 1992 1994 1996 1998 2000 2002 2004 2006 2008 2010 2012 2014 2016 2018 2020 2022 2024 2026 2028 2030 2032 2034 2036 2038 2040 2042 2044 2046 2048 2050 2052 2054 2056 2058 2060 2062 2064 2066 2068 2070 2072 2074 2076 2078 2080 2082 2084 2086 2088 2090 2092 2094 2096 2098 2100 2102 2104 2106 2108 2110 2112 2114 2116 2118 2120 2122 2124 2126 2128 2130 2132 2134 2136 2138 2140 2142 2144 2146 2148 2150 2152 2154 2156 2158 2160 2162 2164 2166 2168 2170 2172 2174 2176 2178 2180 2182 2184 2186 2188 2190 2192 2194 2196 2198 2200 2202 2204 2206 2208 2210 2212 2214 2216 2218 2220 2222 2224 2226 2228 2230 2232 2234 2236 2238 2240 2242 2244 2246 2248 2250 2252 2254 2256 2258 2260 2262 2264 2266 2268 2270 2272 2274 2276 2278 2280 2282 2284 2286 2288 2290 2292 2294 2296 2298 2300 2302 2304 2306 2308 2310 2312 2314 2316 2318 2320 2322 2324 2326 2328 2330 2332 2334 2336 2338 2340 2342 2344 2346 2348 2350 2352 2354 2356 2358 2360 2362 2364 2366 2368 2370 2372 2374 2376 2378 2380 2382 2384 2386 2388 2390 2392 2394 2396 2398 2400 2402 2404 2406 2408 2410 2412 2414 2416 2418 2420 2422 2424 2426 2428 2430 2432 2434 2436 2438 2440 2442 2444 2446 2448 2450 2452 2454 2456 2458 2460 2462 2464 2466 2468 2470 2472 2474 2476 2478 2480 2482 2484 2486 2488 2490 2492 2494 2496 2498 2500 2502 2504 2506 2508 2510 2512 2514 2516 2518 2520 2522 2524 2526 2528 2530 2532 2534 2536 2538 2540 2542 2544 2546 2548 2550 2552 2554 2556 2558 2560 2562 2564 2566 2568 2570 2572 2574 2576 2578 2580 2582 2584 2586 2588 2590 2592 2594 2596 2598 2600 2602 2604 2606 2608 2610 2612 2614 2616 2618 2620 2622 2624 2626 2628 2630 2632 2634 2636 2638 2640 2642 2644 2646 2648 2650 2652 2654 2656 2658 2660 2662 2664 2666 2668 2670 2672 2674 2676 2678 2680 2682 2684 2686 2688 2690 2692 2694</DataArray>
</Lines></Piece></PolyData></VTKFile>