id_i,id_j,edge_kind,distance_m,surface_gap_m,overlap_m,contact_radius_m,g_contact_W_K,g_gap_W_K,g_total_W_K,T_i_K,T_j_K,heat_i_to_j_W
1,156,contact,0.0016889485227501763,-6.105147724982376e-05,6.105147724982376e-05,0.00016175573814042283,0.00016175573814042283,0.0,0.00016175573814042283,300.26513643296323,300.3017070851665,-5.915512841420686e-06
1,164,contact,0.001598167720610074,-0.0001518322793899261,0.0001518322793899261,0.0002550901348178657,0.0002550901348178657,0.0,0.0002550901348178657,300.26513643296323,300.1675233266182,2.4900140457542456e-05
1,320,contact,0.0016082307026356643,-0.00014176929736433577,0.00014176929736433577,0.000246491927451998,0.000246491927451998,0.0,0.000246491927451998,300.26513643296323,300.3537519779851,-2.1843016494649214e-05
1,420,contact,0.0018847549300903814,-0.0001152450699096186,0.0001152450699096186,0.0002324244533609442,0.0002324244533609442,0.0,0.0002324244533609442,300.26513643296323,300.2528382911921,2.8583888785060214e-06
2,54,contact,0.0014483399956156692,-5.166000438433082e-05,5.166000438433082e-05,0.00013918513442219343,0.00013918513442219343,0.0,0.00013918513442219343,300.1471618464029,300.10852178611503,5.378121985251538e-06
2,256,contact,0.0016965178390161418,-5.3482160983858284e-05,5.3482160983858284e-05,0.00015139658561519564,0.00015139658561519564,0.0,0.00015139658561519564,300.1471618464029,300.18723276041277,-6.0665995635707374e-06
2,272,contact,0.001655801300307498,-9.419869969250205e-05,9.419869969250205e-05,0.00020092503899909187,0.00020092503899909187,0.0,0.00020092503899909187,300.1471618464029,300.11342708255165,6.7781587424417914e-06
2,308,contact,0.0017124211254536657,-3.7578874546334356e-05,3.7578874546334356e-05,0.00012690639049484076,0.00012690639049484076,0.0,0.00012690639049484076,300.1471618464029,300.18553519331624,-4.869822947975478e-06
2,458,contact,0.0018930534451250974,-0.00010694655487490266,0.00010694655487490266,0.00022389997230372902,0.00022389997230372902,0.0,0.00022389997230372902,300.1471618464029,300.15537557984123,-1.8390546893479463e-06
2,500,contact,0.0019474190388563016,-5.258096114369847e-05,5.258096114369847e-05,0.00015699466722187943,0.0002854448494943262,0.0,0.0002854448494943262,300.1471618464029,300.1449926131016,6.191964732204397e-07
3,63,contact,0.0014987756484877914,-1.2243515122086369e-06,1.2243515122086369e-06,2.1427361411948014e-05,2.1427361411948014e-05,0.0,2.1427361411948014e-05,300.8603934877533,300.85939286927953,2.144061367289115e-08
3,269,contact,0.0017480301683895508,-1.969831610449226e-06,1.969831610449226e-06,2.905535316142935e-05,2.905535316142935e-05,0.0,2.905535316142935e-05,300.8603934877533,300.78185312959516,2.282017843709799e-06
3,309,contact,0.001747976782459081,-2.023217540918958e-06,2.023217540918958e-06,2.944644684545846e-05,2.944644684545846e-05,0.0,2.944644684545846e-05,300.8603934877533,300.93861883254516,-2.3034584573811843e-06
5,198,contact,0.001670304748032525,-7.969525196747495e-05,7.969525196747495e-05,0.0001848110061280461,0.0001848110061280461,0.0,0.0001848110061280461,300.81437068061507,300.7924032064112,4.059831009705013e-06
5,348,contact,0.0016647187836404582,-8.528121635954181e-05,8.528121635954181e-05,0.0001911781701071488,0.0003475966729220887,0.0,0.0003475966729220887,300.81437068061507,300.86965914061756,-1.9218084747850378e-05
5,499,contact,0.0019107887733865302,-8.921122661346981e-05,8.921122661346981e-05,0.00020449391794149764,0.00020449391794149764,0.0,0.00020449391794149764,300.81437068061507,300.7402449858719,1.5158253738161244e-05
6,86,contact,0.001499996356266559,-3.6437334410572425e-09,3.6437334410572425e-09,1.168931152975429e-06,1.168931152975429e-06,0.0,1.168931152975429e-06,300.1447082896601,300.1447082896601,0.0
7,131,contact,0.0016563124221595398,-9.368757784046023e-05,9.368757784046023e-05,0.0002003791882269288,0.0002003791882269288,0.0,0.0002003791882269288,300.5566779541448,300.4918600980918,1.2988149378503778e-05
7,403,contact,0.0019990974144598354,-9.025855401646396e-07,9.025855401646396e-07,2.056907805304299e-05,3.739832373280544e-05,0.0,3.739832373280544e-05,300.5566779541448,300.48596494298323,2.644548083541444e-06
7,476,contact,0.0019090986038442326,-9.090139615576748e-05,9.090139615576748e-05,0.00020642196939283378,0.0003753126716233342,0.0,0.0003753126716233342,300.5566779541448,300.59833041792774,-1.5632697462074076e-05
8,316,contact,0.0016720536229140502,-7.794637708594988e-05,7.794637708594988e-05,0.00018277196223625988,0.00018277196223625988,0.0,0.00018277196223625988,300.6011350776354,300.61881987682574,-3.232285449776831e-06
8,456,contact,0.0019882193607346243,-1.1780639265375741e-05,1.1780639265375741e-05,7.431133598344789e-05,7.431133598344789e-05,0.0,7.431133598344789e-05,300.6011350776354,300.55892397113325,3.13676371751234e-06
8,479,contact,0.0019867886787980236,-1.3211321201976427e-05,1.3211321201976427e-05,7.869438870355655e-05,7.869438870355655e-05,0.0,7.869438870355655e-05,300.6011350776354,300.69083716646486,-7.059051045868315e-06
8,485,contact,0.0019265732425215497,-7.342675747845032e-05,7.342675747845032e-05,0.00018552302436092288,0.00018552302436092288,0.0,0.00018552302436092288,300.6011350776354,300.56257073877384,7.154572778071172e-06
9,165,contact,0.0016492770729552996,-0.00010072292704470047,0.00010072292704470047,0.0002077666208355978,0.0002077666208355978,0.0,0.0002077666208355978,300.8415578338928,300.9510882552639,-2.2756765526976496e-05
9,190,contact,0.001681540841787674,-6.845915821232593e-05,6.845915821232593e-05,0.00017128817598962857,0.00017128817598962857,0.0,0.00017128817598962857,300.8415578338928,300.78836740263375,9.110891950465099e-06
9,414,contact,0.0019200701679365786,-7.992983206342149e-05,7.992983206342149e-05,0.00019356422391477414,0.00019356422391477414,0.0,0.00019356422391477414,300.8415578338928,300.7642454567896,1.49649102729923e-05
9,441,contact,0.0019603931464887347,-3.9606853511265326e-05,3.9606853511265326e-05,0.00013625605521739437,0.00013625605521739437,0.0,0.00013625605521739437,300.8415578338928,300.8512384069459,-1.3190366964615727e-06
10,21,contact,0.0013835692103035542,-0.00011643078969644587,0.00011643078969644587,0.00020895345447292132,0.00037991537176894786,0.0,0.00037991537176894786,300.79455421233735,300.81636545581785,-8.286426675636949e-06
10,117,contact,0.001690553020168252,-5.9446979831747964e-05,5.9446979831747964e-05,0.00015961603011837227,0.00029021096385158595,0.0,0.00029021096385158595,300.79455421233735,300.7211136390938,2.1313259546822132e-05
10,430,contact,0.0019049470482929449,-9.505295170705516e-05,9.505295170705516e-05,0.00021108309054181036,0.00021108309054181036,0.0,0.00021108309054181036,300.79455421233735,300.8386059521704,-9.298577387701249e-06
10,437,contact,0.001952558278016295,-4.744172198370509e-05,4.744172198370509e-05,0.00014912513932889305,0.00014912513932889305,0.0,0.00014912513932889305,300.79455421233735,300.81955506397213,-3.7282554833784695e-06
11,43,contact,0.0014852591604161216,-1.4740839583878397e-05,1.4740839583878397e-05,7.434927601499828e-05,7.434927601499828e-05,0.0,7.434927601499828e-05,300.31656384784367,300.2854981586192,2.3097115027467613e-06
11,55,contact,0.0014718831506950556,-2.811684930494442e-05,2.811684930494442e-05,0.00010268309738878233,0.00010268309738878233,0.0,0.00010268309738878233,300.31656384784367,300.25135345971177,6.6960046353084054e-06
11,128,contact,0.0017317909657057328,-1.820903429426723e-05,1.820903429426723e-05,8.833952592356516e-05,8.833952592356516e-05,0.0,8.833952592356516e-05,300.31656384784367,300.3991470105157,-7.295357439717688e-06
11,205,contact,0.0017284306616986399,-2.156933830136016e-05,2.156933830136016e-05,9.614573380631276e-05,9.614573380631276e-05,0.0,9.614573380631276e-05,300.31656384784367,300.3343530791558,-1.7103586983542015e-06
12,271,contact,0.0017083295888896846,-4.167041111031544e-05,4.167041111031544e-05,0.00013363662528927695,0.00013363662528927695,0.0,0.00013363662528927695,300.9573238055661,300.9358985174951,2.863203193657228e-06
12,309,contact,0.001665649529709356,-8.435047029064406e-05,8.435047029064406e-05,0.0001901320634536247,0.0001901320634536247,0.0,0.0001901320634536247,300.9573238055661,300.93861883254516,3.5564151173139897e-06
12,355,contact,0.0017030846093805787,-4.691539061942138e-05,4.691539061942138e-05,0.0001417977291064706,0.0001417977291064706,0.0,0.0001417977291064706,300.9573238055661,300.9386543108183,2.6472919587988273e-06
12,369,contact,0.001690536082894713,-5.9463917105286946e-05,5.9463917105286946e-05,0.00015963876691538878,0.00015963876691538878,0.0,0.00015963876691538878,300.9573238055661,300.90083136961266,9.018382815652178e-06
13,217,contact,0.0016626688944284727,-8.733110557152739e-05,8.733110557152739e-05,0.00019346218409165068,0.00019346218409165068,0.0,0.00019346218409165068,300.1304970553485,300.1565989649873,-5.0497324476928016e-06
13,283,contact,0.0016335988998833217,-0.00011640110011667832,0.00011640110011667832,0.0002233521563905097,0.0002233521563905097,0.0,0.0002233521563905097,300.1304970553485,300.0534681143462,1.7204580077343527e-05
13,347,contact,0.001626664697256321,-0.0001233353027436791,0.0001233353027436791,0.00022990864901118485,0.00022990864901118485,0.0,0.00022990864901118485,300.1304970553485,300.1833652170376,-1.215484762964699e-05
14,284,contact,0.0016528638906472637,-9.713610935273634e-05,9.713610935273634e-05,0.00020403372552392585,0.00020403372552392585,0.0,0.00020403372552392585,300.96966826594166,300.89325651725244,1.559057375886046e-05
14,384,contact,0.0016827930209517737,-6.720697904822638e-05,6.720697904822638e-05,0.00016971443963513668,0.00016971443963513668,0.0,0.00016971443963513668,300.96966826594166,300.96835329222796,2.231700269562342e-07
14,406,contact,0.00194455647883547,-5.544352116453001e-05,5.544352116453001e-05,0.00016121150872649707,0.00016121150872649707,0.0,0.00016121150872649707,300.96966826594166,300.9762636754355,-1.0632559151733837e-06
15,38,contact,0.0014752069279192663,-2.4793072080733693e-05,2.4793072080733693e-05,9.642303682354718e-05,9.642303682354718e-05,0.0,9.642303682354718e-05,300.9239830720768,300.9679876994628,-4.2430598068483105e-06
15,103,contact,0.0017326356377729854,-1.7364362227014624e-05,1.7364362227014624e-05,8.626627107892986e-05,8.626627107892986e-05,0.0,8.626627107892986e-05,300.9239830720768,300.85610029167617,5.855994335631631e-06
15,165,contact,0.0017230155980477947,-2.6984401952205323e-05,2.6984401952205323e-05,0.00010753949829621802,0.00010753949829621802,0.0,0.00010753949829621802,300.9239830720768,300.9510882552639,-2.914877801171242e-06
15,329,contact,0.0016967450600915272,-5.325493990847286e-05,5.325493990847286e-05,0.00015107463610765308,0.00015107463610765308,0.0,0.00015107463610765308,300.9239830720768,300.9462269664909,-3.3604882542255566e-06
15,360,contact,0.0017001877433184404,-4.981225668155968e-05,4.981225668155968e-05,0.00014610992439387105,0.00026565440798885645,0.0,0.00026565440798885645,300.9239830720768,300.9064323317675,4.662431526626654e-06
16,142,contact,0.0017225335026059732,-2.746649739402687e-05,2.746649739402687e-05,0.00010849588022598606,0.0001972652367745201,0.0,0.0001972652367745201,300.9181902600494,300.86352063182767,1.0784417155537587e-05
16,147,contact,0.0016960305942939236,-5.396940570607644e-05,5.396940570607644e-05,0.0001520846649159743,0.001520846649159743,0.0,0.001520846649159743,300.9181902600494,300.9740428561474,-8.494323362246059e-05
16,284,contact,0.0016603699522788745,-8.96300477211255e-05,8.96300477211255e-05,0.00019599203451867134,0.0003563491536703115,0.0,0.0003563491536703115,300.9181902600494,300.89325651725244,8.885118143535235e-06
16,463,contact,0.001932889808964805,-6.711019103519504e-05,6.711019103519504e-05,0.00017736375629690435,0.00032247955690346245,0.0,0.00032247955690346245,300.9181902600494,300.7583366253771,5.154952927852742e-05
16,471,contact,0.001936703576079727,-6.329642392027303e-05,6.329642392027303e-05,0.00017225039539178996,0.00031318253707598174,0.0,0.00031318253707598174,300.9181902600494,300.874368630743,1.3724169044988288e-05
17,169,contact,0.001640064069781726,-0.00010993593021827396,0.00010993593021827396,0.0002170608178943739,0.0002170608178943739,0.0,0.0002170608178943739,300.6641123601935,300.7865628691809,-2.657920763239021e-05
17,448,contact,0.0018472868101082733,-0.00015271318989172676,0.00015271318989172676,0.00026755243927452225,0.00026755243927452225,0.0,0.00026755243927452225,300.6641123601935,300.5505809501177,3.0375605700050906e-05
17,457,contact,0.0018993826529164683,-0.00010061734708353173,0.00010061734708353173,0.00021717362050996318,0.00021717362050996318,0.0,0.00021717362050996318,300.6641123601935,300.75315371348086,-1.933743306852504e-05
17,492,contact,0.0019021279019670293,-9.787209803297078e-05,9.787209803297078e-05,0.00021419044318772733,0.00021419044318772733,0.0,0.00021419044318772733,300.6641123601935,300.5915552714198,1.55410350008484e-05
18,214,contact,0.0016416314064978163,-0.00010836859350218378,0.00010836859350218378,0.00021550796488646848,0.0003918326634299427,0.0,0.0003918326634299427,300.744542889159,300.8062936245979,-2.4195955135789932e-05
18,356,contact,0.001697950097441029,-5.204990255897111e-05,5.204990255897111e-05,0.00014935561956853818,0.0014935561956853818,0.0,0.0014935561956853818,300.744542889159,300.7024440821182,6.287693408677367e-05
18,369,contact,0.0017317084879967526,-1.829151200324745e-05,1.829151200324745e-05,8.853936655501434e-05,0.00016098066646366244,0.0,0.00016098066646366244,300.744542889159,300.90083136961266,-2.5159423744024547e-05
18,479,contact,0.001982388337864204,-1.761166213579612e-05,1.761166213579612e-05,9.085959842611254e-05,0.00016519926986565916,0.0,0.00016519926986565916,300.744542889159,300.69083716646486,8.872146176678312e-06
18,490,contact,0.0019032466312593331,-9.67533687406669e-05,9.67533687406669e-05,0.0002129627704487045,0.0003872050371794627,0.0,0.0003872050371794627,300.744542889159,300.8023771093615,-2.239370138375199e-05
19,194,contact,0.0017375346852653044,-1.2465314734695686e-05,1.2465314734695686e-05,7.309088686998543e-05,7.309088686998543e-05,0.0,7.309088686998543e-05,300.05751700524934,300.1363823662133,-5.764339176177335e-06
19,323,contact,0.001719646350183666,-3.0353649816334096e-05,3.0353649816334096e-05,0.00011405571912071391,0.00020737403476493436,0.0,0.00020737403476493436,300.05751700524934,300.0358635444847,4.490365525387489e-06
19,395,contact,0.0017189483828492346,-3.1051617150765426e-05,3.1051617150765426e-05,0.00011535959397361197,0.00011535959397361197,0.0,0.00011535959397361197,300.05751700524934,300.0464735054685,1.273973650765345e-06
20,73,contact,0.0015000092646713884,-0.0,0.0,8.660254037844388e-08,8.660254037844388e-08,0.0,8.660254037844388e-08,300.06601501523403,300.06601501523403,0.0
21,116,contact,0.0016400678229836678,-0.00010993217701633223,0.00010993217701633223,0.0002170571126451669,0.0003946492957184853,0.0,0.0003946492957184853,300.81636545581785,300.78885579877584,1.0856666777083654e-05
21,117,contact,0.0016257016377244624,-0.0001242983622755376,0.0001242983622755376,0.00023080452051360716,0.0023080452051360716,0.0,0.0023080452051360716,300.81636545581785,300.7211136390938,0.00021984549887042997
21,360,contact,0.0015857138585823104,-0.00016428614141768966,0.00016428614141768966,0.00026534571095434536,0.002653457109543454,0.0,0.002653457109543454,300.81636545581785,300.9064323317675,-0.00023898859232303048
22,253,contact,0.0017469580529954768,-3.0419470045232617e-06,3.0419470045232617e-06,3.610666937515993e-05,3.610666937515993e-05,0.0,3.610666937515993e-05,300.30780574826963,300.41912941541494,-4.019526843246196e-06
22,259,contact,0.0017134902129324506,-3.650978706754948e-05,3.650978706754948e-05,0.00012508817530197788,0.00012508817530197788,0.0,0.00012508817530197788,300.30780574826963,300.30679539033315,1.2638383067609513e-07
22,299,contact,0.0017013052556810722,-4.869474431892784e-05,4.869474431892784e-05,0.00014446167705202428,0.00026265759464004414,0.0,0.00026265759464004414,300.30780574826963,300.3554247122421,-1.2507482536259369e-05
22,375,contact,0.001706490652261173,-4.350934773882705e-05,4.350934773882705e-05,0.00013655351814083797,0.00013655351814083797,0.0,0.00013655351814083797,300.30780574826963,300.1877017350436,1.640062554884565e-05
23,304,contact,0.0016386527457640312,-0.00011134725423596879,0.00011134725423596879,0.00021844965510482088,0.00039718119109967436,0.0,0.00039718119109967436,300.2875088691726,300.2550188442433,1.2904426800278405e-05
23,343,contact,0.0016624141231654645,-8.758587683453558e-05,8.758587683453558e-05,0.00019374417244825225,0.00019374417244825225,0.0,0.00019374417244825225,300.2875088691726,300.2465053944306,7.944184281394066e-06
23,407,contact,0.001956303319273369,-4.3696680726631066e-05,4.3696680726631066e-05,0.00014311819971830387,0.00014311819971830387,0.0,0.00014311819971830387,300.2875088691726,300.2382371570715,7.051678732944303e-06
23,468,contact,0.0018406029362684395,-0.00015939706373156053,0.00015939706373156053,0.00027334478890984735,0.00027334478890984735,0.0,0.00027334478890984735,300.2875088691726,300.3665730095961,-2.161177077439946e-05
23,496,contact,0.0019930655916953663,-6.9344083046337e-06,6.9344083046337e-06,5.7013190515853843e-05,5.7013190515853843e-05,0.0,5.7013190515853843e-05,300.2875088691726,300.39780823995676,-6.288519040296229e-06
24,42,contact,0.0014888571472441536,-1.1142852755846415e-05,1.1142852755846415e-05,6.464185782789976e-05,6.464185782789976e-05,0.0,6.464185782789976e-05,300.17513850154705,300.18296572287386,-5.059661281949285e-07
24,218,contact,0.0017249868209641493,-2.501317903585076e-05,2.501317903585076e-05,0.00010353711350287619,0.00010353711350287619,0.0,0.00010353711350287619,300.17513850154705,300.25061951411044,-7.815086165087391e-06
24,382,contact,0.0017263498373446793,-2.3650162655320696e-05,2.3650162655320696e-05,0.00010067663082929146,0.00010067663082929146,0.0,0.00010067663082929146,300.17513850154705,300.20146185647707,-2.650146686477421e-06
24,469,contact,0.0019713556748846717,-2.86443251153283e-05,2.86443251153283e-05,0.00011587505079960112,0.00011587505079960112,0.0,0.00011587505079960112,300.17513850154705,300.08045721421183,1.0971198979740258e-05
25,26,contact,0.001431993513253465,-6.800648674653502e-05,6.800648674653502e-05,0.00015969481059179924,0.00015969481059179924,0.0,0.00015969481059179924,300.4497112459534,300.5205283621031,-1.130912595018797e-05
25,62,contact,0.0014881827958957196,-1.1817204104280473e-05,1.1817204104280473e-05,6.656914855325384e-05,6.656914855325384e-05,0.0,6.656914855325384e-05,300.4497112459534,300.4931179250387,-2.8895456682332874e-06
25,151,contact,0.0016958437874108562,-5.4156212589143854e-05,5.4156212589143854e-05,0.00015234764650413004,0.00015234764650413004,0.0,0.00015234764650413004,300.4497112459534,300.5029698023513,-8.113815723428592e-06
25,480,contact,0.0019130601392794737,-8.693986072052639e-05,8.693986072052639e-05,0.00020187387080240657,0.00020187387080240657,0.0,0.00020187387080240657,300.4497112459534,300.3102785897722,2.814781001955121e-05
25,481,contact,0.0019909825017061307,-9.017498293869327e-06,9.017498293869327e-06,6.501501615204941e-05,6.501501615204941e-05,0.0,6.501501615204941e-05,300.4497112459534,300.44162786704226,5.255410104698541e-07
25,497,contact,0.001952014618515958,-4.798538148404201e-05,4.798538148404201e-05,0.00014997715682944752,0.00014997715682944752,0.0,0.00014997715682944752,300.4497112459534,300.49212346273805,-6.360863688198829e-06
26,67,contact,0.0014395605982382256,-6.043940176177448e-05,6.043940176177448e-05,0.0001505482502743404,0.0001505482502743404,0.0,0.0001505482502743404,300.5205283621031,300.588810550709,-1.0279764019521644e-05
26,210,contact,0.0016886490650220966,-6.135093497790342e-05,6.135093497790342e-05,0.000162151959123758,0.000162151959123758,0.0,0.000162151959123758,300.5205283621031,300.54656527138036,-4.221935848833979e-06
26,497,contact,0.001973050287777785,-2.694971222221487e-05,2.694971222221487e-05,0.00011239518496876643,0.00011239518496876643,0.0,0.00011239518496876643,300.5205283621031,300.49212346273805,3.192573918154799e-06
27,60,contact,0.0014169510690210862,-8.304893097891381e-05,8.304893097891381e-05,0.00017647478323288198,0.00017647478323288198,0.0,0.00017647478323288198,300.16399904214074,300.1707736001754,-1.1955386606608696e-06
27,126,contact,0.0017137840767436257,-3.621592325637438e-05,3.621592325637438e-05,0.0001245837468011682,0.0001245837468011682,0.0,0.0001245837468011682,300.16399904214074,300.2561195084994,-1.1476712856033454e-05
27,221,contact,0.0016757033187590226,-7.429668124097743e-05,7.429668124097743e-05,0.00017844168464112233,0.00017844168464112233,0.0,0.00017844168464112233,300.16399904214074,300.17875282498983,-2.6326898664198498e-06
27,270,contact,0.0017276568753661708,-2.234312463382927e-05,2.234312463382927e-05,9.785512170075558e-05,9.785512170075558e-05,0.0,9.785512170075558e-05,300.16399904214074,300.0610123951932,1.0077770870605884e-05
27,401,contact,0.0019285656450585234,-7.14343549414766e-05,7.14343549414766e-05,0.0001829886714494019,0.0001829886714494019,0.0,0.0001829886714494019,300.16399904214074,300.13543350050827,5.227170512559065e-06
28,138,contact,0.0016156590560201742,-0.00013434094397982588,0.00013434094397982588,0.00023994726561698559,0.00023994726561698559,0.0,0.00023994726561698559,300.84965225514827,300.7859878280586,1.527610519724327e-05
28,163,contact,0.0016859700422489712,-6.402995775102883e-05,6.402995775102883e-05,0.00016565449123017052,0.00016565449123017052,0.0,0.00016565449123017052,300.84965225514827,300.95314204134456,-1.714354787986584e-05
28,271,contact,0.0016711116952020295,-7.888830479797055e-05,7.888830479797055e-05,0.00018387298193275846,0.00018387298193275846,0.0,0.00018387298193275846,300.84965225514827,300.9358985174951,-1.5858357438267206e-05
28,310,contact,0.0016362864645898653,-0.00011371353541013473,0.00011371353541013473,0.0002207586290921131,0.0002207586290921131,0.0,0.0002207586290921131,300.84965225514827,300.7693573185754,1.7725800120871085e-05
29,105,contact,0.0016741122098369032,-7.58877901630968e-05,7.58877901630968e-05,0.000180342281901187,0.000180342281901187,0.0,0.000180342281901187,300.95963880202015,300.8630137716314,1.7425578469076256e-05
29,383,contact,0.001659302624739984,-9.069737526001603e-05,9.069737526001603e-05,0.00019715553170749232,0.00019715553170749232,0.0,0.00019715553170749232,300.95963880202015,300.9325116022523,5.348277493965205e-06
29,384,contact,0.0016863396853077973,-6.366031469220274e-05,6.366031469220274e-05,0.00016517563988356163,0.00016517563988356163,0.0,0.00016517563988356163,300.95963880202015,300.96835329222796,-1.4394214963337204e-06
30,84,contact,0.0014643038767277782,-3.569612327222185e-05,3.569612327222185e-05,0.00011569808221004872,0.00011569808221004872,0.0,0.00011569808221004872,300.5168011029762,300.5000941198511,1.9329659070918354e-06
30,154,contact,0.0016528364023399287,-9.716359766007133e-05,9.716359766007133e-05,0.0002040625929814582,0.0002040625929814582,0.0,0.0002040625929814582,300.5168011029762,300.48925111324655,5.621922340847788e-06
30,223,contact,0.0017314178952812054,-1.8582104718794677e-05,1.8582104718794677e-05,8.923989671216411e-05,8.923989671216411e-05,0.0,8.923989671216411e-05,300.5168011029762,300.5738694713008,-5.092775294815895e-06
30,387,contact,0.0016674800466572304,-8.251995334276961e-05,8.251995334276961e-05,0.00018805768872810918,0.00018805768872810918,0.0,0.00018805768872810918,300.5168011029762,300.529893431026,-2.4621129531090847e-06
31,156,contact,0.0016978280479777689,-5.2171952022231176e-05,5.2171952022231176e-05,0.0001495306256575142,0.0001495306256575142,0.0,0.0001495306256575142,300.2131493530401,300.3017070851665,-1.3242093091678068e-05
31,217,contact,0.001684280574755881,-6.57194252441191e-05,6.57194252441191e-05,0.00016782570709448932,0.00016782570709448932,0.0,0.00016782570709448932,300.2131493530401,300.1565989649873,9.490608861421505e-06
31,453,contact,0.0019413739881331466,-5.862601186685341e-05,5.862601186685341e-05,0.0001657737707316436,0.0001657737707316436,0.0,0.0001657737707316436,300.2131493530401,300.19051920947953,3.7514842302304355e-06
32,325,contact,0.0016340168906437285,-0.00011598310935627149,0.00011598310935627149,0.000222950772295082,0.00222950772295082,0.0,0.00222950772295082,300.11426572517274,300.04571167618,0.00015284178166882577
32,326,contact,0.0016303231047482573,-0.00011967689525174273,0.00011967689525174273,0.00022647317272699784,0.0022647317272699785,0.0,0.0022647317272699785,300.11426572517274,300.1741393175497,-0.00013559762428173023
32,330,contact,0.0016785338032342394,-7.146619676576065e-05,7.146619676576065e-05,0.00017500962842789209,0.00031819932441434925,0.0,0.00031819932441434925,300.11426572517274,300.14327169843176,-9.229681095000205e-06
32,389,contact,0.001603229921130778,-0.00014677007886922198,0.00014677007886922198,0.000250801639493293,0.00045600298089689637,0.0,0.00045600298089689637,300.11426572517274,300.131841216185,-8.014476292326522e-06
33,222,contact,0.0016938883311080444,-5.611166889195568e-05,5.611166889195568e-05,0.00015507371826506395,0.00015507371826506395,0.0,0.00015507371826506395,300.356529169522,300.43686784589335,-1.2458417265399613e-05
33,328,contact,0.0016777306065766078,-7.22693934233922e-05,7.22693934233922e-05,0.00017599033263635192,0.00017599033263635192,0.0,0.00017599033263635192,300.356529169522,300.39233342314236,-6.301202504445182e-06
33,442,contact,0.00191181482004508,-8.818517995492006e-05,8.818517995492006e-05,0.00020331454228330245,0.00020331454228330245,0.0,0.00020331454228330245,300.356529169522,300.3511953769102,1.0844376035008236e-06
33,446,contact,0.001926820219403201,-7.317978059679904e-05,7.317978059679904e-05,0.00018521075064571588,0.00018521075064571588,0.0,0.00018521075064571588,300.356529169522,300.26109636065587,1.767518216632347e-05
34,447,contact,0.0019195724894423755,-8.042751055762449e-05,8.042751055762449e-05,0.00019416589704138694,0.00019416589704138694,0.0,0.00019416589704138694,300.95835998228847,300.89440545089326,1.2417788958212734e-05
34,483,contact,0.0019523850673442208,-4.761493265577929e-05,4.761493265577929e-05,0.00014939712072994092,0.00014939712072994092,0.0,0.00014939712072994092,300.95835998228847,300.9269751061608,4.688810127940426e-06
35,142,contact,0.0017116906614806308,-3.830933851936926e-05,3.830933851936926e-05,0.00012813386725168542,0.00012813386725168542,0.0,0.00012813386725168542,300.85867668308003,300.86352063182767,-6.206738858033523e-07
35,228,contact,0.0017163036874341322,-3.369631256586788e-05,3.369631256586788e-05,0.00012017186365345,0.00012017186365345,0.0,0.00012017186365345,300.85867668308003,300.8395311477184,2.3007546650518797e-06
35,249,contact,0.0017326702748232277,-1.732972517677232e-05,1.732972517677232e-05,8.618018957834547e-05,8.618018957834547e-05,0.0,8.618018957834547e-05,300.85867668308003,300.93972584895204,-6.984832480015943e-06
35,263,contact,0.0017377275148883385,-1.2272485111661582e-05,1.2272485111661582e-05,7.252335124927965e-05,7.252335124927965e-05,0.0,7.252335124927965e-05,300.85867668308003,300.78553125323754,5.304751700747012e-06
36,389,contact,0.0016948186247985368,-5.518137520146328e-05,5.518137520146328e-05,0.0001537828364955827,0.0001537828364955827,0.0,0.0001537828364955827,300.0386392913136,300.131841216185,-1.4332856373577757e-05
37,115,contact,0.001750027167207412,-0.0,0.0,9.258200997725515e-08,9.258200997725515e-08,0.0,9.258200997725515e-08,300.5509387888255,300.5677678017681,-1.558063844163865e-09
37,131,contact,0.001749974501535862,-2.5498464138089608e-08,2.5498464138089608e-08,3.3057394334760268e-06,3.3057394334760268e-06,0.0,3.3057394334760268e-06,300.5509387888255,300.4918600980918,1.952987576363829e-07
37,173,contact,0.0017499910814118454,-8.918588154669185e-09,8.918588154669185e-09,1.9550580723566226e-06,1.9550580723566226e-06,0.0,1.9550580723566226e-06,300.5509387888255,300.6500359443176,-1.937406937924713e-07
38,291,contact,0.001705209190934063,-4.479080906593714e-05,4.479080906593714e-05,0.00013854985033647194,0.00013854985033647194,0.0,0.00013854985033647194,300.9679876994628,300.9159308451942,7.212469367899994e-06
39,80,contact,0.0014309305755696186,-6.906942443038141e-05,6.906942443038141e-05,0.0001609379823453526,0.0001609379823453526,0.0,0.0001609379823453526,300.6812153574093,300.7347684998499,-8.618734692642105e-06
39,316,contact,0.0016475213960977868,-0.0001024786039022132,0.0001024786039022132,0.00020956956284817958,0.00020956956284817958,0.0,0.00020956956284817958,300.6812153574093,300.61881987682574,1.3076193589601917e-05
39,393,contact,0.0017156405247603593,-3.435947523964069e-05,3.435947523964069e-05,0.00012134862746820599,0.00012134862746820599,0.0,0.00012134862746820599,300.6812153574093,300.793217210365,-1.3591271130070036e-05
39,484,contact,0.0018956526085493616,-0.00010434739145063847,0.00010434739145063847,0.00022116247363078298,0.00022116247363078298,0.0,0.00022116247363078298,300.6812153574093,300.63991625235246,9.13381223311069e-06
40,120,contact,0.0016573866606622008,-9.261333933779925e-05,9.261333933779925e-05,0.00019922708436548254,0.00019922708436548254,0.0,0.00019922708436548254,300.6522409472042,300.6846272158482,-6.452221875424945e-06
40,349,contact,0.0016918145899607322,-5.8185410039267825e-05,5.8185410039267825e-05,0.00015791328095680665,0.00015791328095680665,0.0,0.00015791328095680665,300.6522409472042,300.62267586809173,4.6687186443936545e-06
40,428,contact,0.0019390030830878013,-6.099691691219874e-05,6.099691691219874e-05,0.0001690925923942062,0.0001690925923942062,0.0,0.0001690925923942062,300.6522409472042,300.5649719525057,1.4756540549204011e-05
40,450,contact,0.0019297850952293993,-7.021490477060075e-05,7.021490477060075e-05,0.0001814200557028332,0.0001814200557028332,0.0,0.0001814200557028332,300.6522409472042,300.72374923369375,-1.2973037318152824e-05
41,108,contact,0.0016683701433322902,-8.16298566677098e-05,8.16298566677098e-05,0.00018704070221788985,0.0018704070221788982,0.0,0.0018704070221788982,300.65713397729877,300.7624057035271,-0.00019690097597440453
41,202,contact,0.001583947320961571,-0.00016605267903842908,0.00016605267903842908,0.00026676850240163745,0.0026676850240163743,0.0,0.0026676850240163743,300.65713397729877,300.57055373083006,0.00023096882688023368
41,239,contact,0.0017015254062458201,-4.8474593754179894e-05,4.8474593754179894e-05,0.0001441347490879577,0.0002620631801599231,0.0,0.0002620631801599231,300.65713397729877,300.6238332018661,8.726907111679199e-06
41,307,contact,0.0016049642265483681,-0.0001450357734516319,0.0001450357734516319,0.00024931543999946726,0.00045330079999903144,0.0,0.00045330079999903144,300.65713397729877,300.69141597647445,-1.5540057651899856e-05
41,499,contact,0.0019306015426545171,-6.939845734548291e-05,6.939845734548291e-05,0.0001803622102345586,0.0003279312913355611,0.0,0.0003279312913355611,300.65713397729877,300.7402449858719,-2.7254700365595685e-05
42,65,contact,0.001488437768971213,-1.156223102878693e-05,1.156223102878693e-05,6.584707006234293e-05,6.584707006234293e-05,0.0,6.584707006234293e-05,300.18296572287386,300.2030477436021,-1.3223422258857802e-06
42,292,contact,0.0017418077742678733,-8.192225732126749e-06,8.192225732126749e-06,5.9253302736616954e-05,5.9253302736616954e-05,0.0,5.9253302736616954e-05,300.18296572287386,300.1809613805367,1.187639032914982e-07
42,353,contact,0.001740908456094117,-9.09154390588314e-06,9.09154390588314e-06,6.242095769582683e-05,6.242095769582683e-05,0.0,6.242095769582683e-05,300.18296572287386,300.17178979382476,6.976121943855738e-07
43,126,contact,0.0017330164096741839,-1.6983590325816153e-05,1.6983590325816153e-05,8.531518955149149e-05,8.531518955149149e-05,0.0,8.531518955149149e-05,300.2854981586192,300.2561195084994,2.5064451037361043e-06
43,442,contact,0.0019914857195131985,-8.514280486801584e-06,8.514280486801584e-06,6.317490782097147e-05,6.317490782097147e-05,0.0,6.317490782097147e-05,300.2854981586192,300.3511953769102,-4.150415709628591e-06
43,498,contact,0.001986701050179417,-1.3298949820582991e-05,1.3298949820582991e-05,7.895494112719151e-05,7.895494112719151e-05,0.0,7.895494112719151e-05,300.2854981586192,300.23542298850083,3.953682108629349e-06
44,71,contact,0.0014657616116203892,-3.423838837961083e-05,3.423838837961083e-05,0.00011331105701719519,0.0002060201036676276,0.0,0.0002060201036676276,300.0513831995865,300.0372548459842,2.910724873799254e-06
44,345,contact,0.0017131720253377928,-3.682797466220719e-05,3.682797466220719e-05,0.00012563207278547348,0.00012563207278547348,0.0,0.00012563207278547348,300.0513831995865,300.0995084759976,-6.0460782289002315e-06
44,372,contact,0.0016890120486248751,-6.0987951375124924e-05,6.0987951375124924e-05,0.0001616715604133334,0.0002939482916606062,0.0,0.0002939482916606062,300.0513831995865,300.06393850141757,-3.6906095245266365e-06
44,431,contact,0.0018046159995664494,-0.0001953840004335506,0.0001953840004335506,0.0003026322028522854,0.0003026322028522854,0.0,0.0003026322028522854,300.0513831995865,300.15243472382343,-3.0581445381405216e-05
45,216,contact,0.0016670455014186026,-8.29544985813974e-05,8.29544985813974e-05,0.00018855218896490178,0.0003428221617543669,0.0,0.0003428221617543669,300.8727700529874,300.90140630824584,-9.817142932250938e-06
45,346,contact,0.0017087026840047392,-4.129731599526081e-05,4.129731599526081e-05,0.00013303702384018755,0.00013303702384018755,0.0,0.00013303702384018755,300.8727700529874,300.78710376981667,1.1396787356483867e-05
45,418,contact,0.0019632336082086614,-3.6766391791338664e-05,3.6766391791338664e-05,0.00013127926779270976,0.00013127926779270976,0.0,0.00013127926779270976,300.8727700529874,300.94420145055716,-9.377461570369064e-06
45,440,contact,0.0019216093798948846,-7.839062010511549e-05,7.839062010511549e-05,0.0001916914269712469,0.0001916914269712469,0.0,0.0001916914269712469,300.8727700529874,300.77220265009925,1.9277908966420966e-05
45,474,contact,0.0019468176491135476,-5.3182350886452415e-05,5.3182350886452415e-05,0.0001578899204446711,0.0001578899204446711,0.0,0.0001578899204446711,300.8727700529874,300.9454795191016,-1.1480091820344044e-05
46,95,contact,0.0014203654137228219,-7.963458627717815e-05,7.963458627717815e-05,0.00017280905605303735,0.00017280905605303735,0.0,0.00017280905605303735,300.6611774423643,300.68642750642994,-4.3634397364603765e-06
46,293,contact,0.0016745344046928394,-7.546559530716059e-05,7.546559530716059e-05,0.00017983992323392241,0.00017983992323392241,0.0,0.00017983992323392241,300.6611774423643,300.699222881539,-6.842088860580598e-06
46,380,contact,0.001725178705931648,-2.4821294068352092e-05,2.4821294068352092e-05,0.00010313921396765238,0.00010313921396765238,0.0,0.00010313921396765238,300.6611774423643,300.6716488622342,-1.080014014503957e-06
46,436,contact,0.001952097202754002,-4.790279724599801e-05,4.790279724599801e-05,0.00014984804372784305,0.00014984804372784305,0.0,0.00014984804372784305,300.6611774423643,300.5791907690259,1.2285542611513852e-05
47,243,contact,0.0016370446284692433,-0.00011295537153075677,0.00011295537153075677,0.000220021464729587,0.000220021464729587,0.0,0.000220021464729587,300.3451130860965,300.25148952449103,2.0599193157632843e-05
47,455,contact,0.001909548400867185,-9.045159913281505e-05,9.045159913281505e-05,0.00020591062889881875,0.00020591062889881875,0.0,0.00020591062889881875,300.3451130860965,300.46527753996656,-2.4743138267670195e-05
47,493,contact,0.001916345645440806,-8.365435455919413e-05,8.365435455919413e-05,0.00019802267218584405,0.00019802267218584405,0.0,0.00019802267218584405,300.3451130860965,300.32418646661245,4.14394511004671e-06
48,144,contact,0.0017440934902789162,-5.906509721083884e-06,5.906509721083884e-06,5.031263567967743e-05,5.031263567967743e-05,0.0,5.031263567967743e-05,300.2719435498308,300.20681349503286,3.276864718845126e-06
48,234,contact,0.001723654969365536,-2.6345030634464034e-05,2.6345030634464034e-05,0.00010625783460418483,0.00010625783460418483,0.0,0.00010625783460418483,300.2719435498308,300.2843444840219,-1.317696414218965e-06
48,274,contact,0.0017051505677500277,-4.484943224997238e-05,4.484943224997238e-05,0.00013864048921577045,0.00013864048921577045,0.0,0.00013864048921577045,300.2719435498308,300.22437426973926,6.595028263530705e-06
48,408,contact,0.001982074078339112,-1.7925921660888033e-05,1.7925921660888033e-05,9.166665576173959e-05,9.166665576173959e-05,0.0,9.166665576173959e-05,300.2719435498308,300.31858557063794,-4.275518065361409e-06
48,461,contact,0.0019545213614703323,-4.547863852966778e-05,4.547863852966778e-05,0.00014600723204958641,0.00014600723204958641,0.0,0.00014600723204958641,300.2719435498308,300.2443122075207,4.034375808510478e-06
48,493,contact,0.0019459836639103213,-5.4016336089678704e-05,5.4016336089678704e-05,0.00015912308928008184,0.00015912308928008184,0.0,0.00015912308928008184,300.2719435498308,300.32418646661245,-8.313054311300825e-06
49,124,contact,0.0015691501613612382,-0.0001808498386387618,0.0001808498386387618,0.0002784009225960404,0.0005061834956291643,0.0,0.0005061834956291643,300.0111041978865,300.0972916979456,-4.362669005945974e-05
49,140,contact,0.001656367685750963,-9.363231424903713e-05,9.363231424903713e-05,0.00020032008056647434,0.0003642183283026806,0.0,0.0003642183283026806,300.0111041978865,300.0361474783666,-9.121221751689371e-06
49,152,contact,0.001584431002631543,-0.00016556899736845697,0.00016556899736845697,0.00026637969466409916,0.0004843267175710894,0.0,0.0004843267175710894,300.0111041978865,300.03294580454315,-1.057847365850126e-05
49,301,contact,0.0016946240346755379,-5.537596532446216e-05,5.537596532446216e-05,0.0001540537457111207,0.0002800977194747649,0.0,0.0002800977194747649,300.0111041978865,300.04500977348494,-9.496874402605977e-06
50,60,contact,0.0015000000385333332,-0.0,0.0,8.660254037844388e-08,8.660254037844388e-08,0.0,8.660254037844388e-08,300.1956201374041,300.1707736001754,2.1517732436139917e-09
50,258,contact,0.0017500004103428088,-0.0,0.0,9.258200997725515e-08,9.258200997725515e-08,0.0,9.258200997725515e-08,300.1956201374041,300.21886194479345,-2.1517732436106246e-09
52,76,contact,0.0014514852821851134,-4.8514717814886676e-05,4.8514717814886676e-05,0.00013488150051279272,0.00013488150051279272,0.0,0.00013488150051279272,300.2291289109412,300.188937241182,5.42111272523879e-06
52,89,contact,0.0014396023414818412,-6.039765851815885e-05,6.039765851815885e-05,0.00015049625226001332,0.00015049625226001332,0.0,0.00015049625226001332,300.2291289109412,300.24915392635523,-3.013689771261251e-06
52,204,contact,0.0016511333199235203,-9.88666800764797e-05,9.88666800764797e-05,0.0002058432275264146,0.0002058432275264146,0.0,0.0002058432275264146,300.2291289109412,300.15802474850346,1.4636310286745711e-05
52,358,contact,0.0016501241519272045,-9.98758480727955e-05,9.98758480727955e-05,0.00020689111843755141,0.00020689111843755141,0.0,0.00020689111843755141,300.2291289109412,300.31150911831537,-1.704373324075981e-05
53,60,contact,0.0014802322571137276,-1.9767742886272425e-05,1.9767742886272425e-05,8.609822055276265e-05,8.609822055276265e-05,0.0,8.609822055276265e-05,300.16410607546703,300.1707736001754,-5.740620128803477e-07
53,352,contact,0.0016828501371482837,-6.714986285171636e-05,6.714986285171636e-05,0.00016964230796218135,0.00016964230796218135,0.0,0.00016964230796218135,300.16410607546703,300.0823623221732,1.3867198970257443e-05
53,407,contact,0.0019314017550991305,-6.859824490086956e-05,6.859824490086956e-05,0.000179319344459215,0.000179319344459215,0.0,0.000179319344459215,300.16410607546703,300.2382371570715,-1.3293136957369998e-05
54,112,contact,0.0016943163724641263,-5.568362753587369e-05,5.568362753587369e-05,0.00015448110499698248,0.00015448110499698248,0.0,0.00015448110499698248,300.10852178611503,300.05236680795275,8.674883077590895e-06
54,140,contact,0.0017262891315188186,-2.3710868481181422e-05,2.3710868481181422e-05,0.00010080575766120296,0.00010080575766120296,0.0,0.00010080575766120296,300.10852178611503,300.0361474783666,7.295746927784418e-06
54,256,contact,0.001707742498856313,-4.225750114368707e-05,4.225750114368707e-05,0.00013457472880525802,0.00013457472880525802,0.0,0.00013457472880525802,300.10852178611503,300.18723276041277,-1.059250802011532e-05
55,126,contact,0.0016911742562196247,-5.882574378037538e-05,5.882574378037538e-05,0.00015877982569814184,0.00015877982569814184,0.0,0.00015877982569814184,300.25135345971177,300.2561195084994,-7.567523957709855e-07
55,390,contact,0.0017311734634345574,-1.8826536565442684e-05,1.8826536565442684e-05,8.982491675979447e-05,8.982491675979447e-05,0.0,8.982491675979447e-05,300.25135345971177,300.2152827253501,3.240050711500606e-06
55,466,contact,0.0019308570046484533,-6.914299535154675e-05,6.914299535154675e-05,0.00018002993937408726,0.00018002993937408726,0.0,0.00018002993937408726,300.25135345971177,300.1846179718778,1.2014385828849136e-05
55,477,contact,0.0019672865884003783,-3.271341159962176e-05,3.271341159962176e-05,0.00012383219164386415,0.00012383219164386415,0.0,0.00012383219164386415,300.25135345971177,300.31435549016766,-7.801679509366478e-06
56,112,contact,0.0017174382122510255,-3.256178774897452e-05,3.256178774897452e-05,0.00011813150254025236,0.00011813150254025236,0.0,0.00011813150254025236,300.02864276292456,300.05236680795275,-2.802557085512548e-06
56,140,contact,0.0016674546932675552,-8.254530673244484e-05,8.254530673244484e-05,0.00018808657588512435,0.00018808657588512435,0.0,0.00018808657588512435,300.02864276292456,300.0361474783666,-1.411536230487987e-06
56,226,contact,0.0016579328451116475,-9.206715488835251e-05,9.206715488835251e-05,0.00019863874771808298,0.0003611613594874236,0.0,0.0003611613594874236,300.02864276292456,300.0452814872015,-6.009264280002833e-06
57,167,contact,0.0017422861940565332,-7.713805943466816e-06,7.713805943466816e-06,5.749710282191921e-05,5.749710282191921e-05,0.0,5.749710282191921e-05,300.58005812650794,300.61839409519666,-2.2042071334736383e-06
57,175,contact,0.001734453013517518,-1.5546986482482036e-05,1.5546986482482036e-05,8.162716586270783e-05,8.162716586270783e-05,0.0,8.162716586270783e-05,300.58005812650794,300.5737532834378,5.146464710258226e-07
57,275,contact,0.0017319030639732693,-1.809693602673073e-05,1.809693602673073e-05,8.806718870125095e-05,8.806718870125095e-05,0.0,8.806718870125095e-05,300.58005812650794,300.49074445482836,7.865603977406845e-06
57,421,contact,0.001979874578679164,-2.0125421320836036e-05,2.0125421320836036e-05,9.712770585235652e-05,9.712770585235652e-05,0.0,9.712770585235652e-05,300.58005812650794,300.64364496057095,-6.1760433149553e-06
58,288,contact,0.0017499958292807446,-4.170719255418634e-09,4.170719255418634e-09,1.3369559115637018e-06,1.3369559115637018e-06,0.0,1.3369559115637018e-06,300.8243390250555,300.8248826477625,-7.26799591744922e-10
58,313,contact,0.0017500297140620217,-0.0,0.0,9.258200997725515e-08,9.258200997725515e-08,0.0,9.258200997725515e-08,300.8243390250555,300.8164886922325,7.267995917448045e-10
59,447,contact,0.0019252940690512711,-7.470593094872891e-05,7.470593094872891e-05,0.00018713205265858833,0.00018713205265858833,0.0,0.00018713205265858833,300.9604570600625,300.89440545089326,1.236037320523927e-05
59,474,contact,0.0019471853064242056,-5.281469357579444e-05,5.281469357579444e-05,0.00015734321597594744,0.00015734321597594744,0.0,0.00015734321597594744,300.9604570600625,300.9454795191016,2.356614462199363e-06
60,300,contact,0.0016858876121497548,-6.411238785024526e-05,6.411238785024526e-05,0.00016576108605491553,0.00016576108605491553,0.0,0.00016576108605491553,300.1707736001754,300.2492815409208,-1.3013561521891854e-05
60,352,contact,0.0017122457102004952,-3.775428979950479e-05,3.775428979950479e-05,0.00012720224020854932,0.00012720224020854932,0.0,0.00012720224020854932,300.1707736001754,300.0823623221732,1.1246112621578608e-05
61,92,contact,0.001420410725987381,-7.958927401261894e-05,7.958927401261894e-05,0.0001727598846802466,0.0001727598846802466,0.0,0.0001727598846802466,300.8587356777624,300.84260516516883,2.7867054954996097e-06
61,142,contact,0.0016853427782501692,-6.465722174983082e-05,6.465722174983082e-05,0.00016646392369755266,0.00016646392369755266,0.0,0.00016646392369755266,300.8587356777624,300.86352063182767,-7.9652222841537e-07
61,145,contact,0.0017035453187482278,-4.645468125177225e-05,4.645468125177225e-05,0.00014109978422344378,0.00014109978422344378,0.0,0.00014109978422344378,300.8587356777624,300.9555475519888,-1.366013456360876e-05
61,220,contact,0.0017119206258468884,-3.8079374153111595e-05,3.8079374153111595e-05,0.00012774870558993922,0.00012774870558993922,0.0,0.00012774870558993922,300.8587356777624,300.76738483986026,1.1669951296556665e-05
62,151,contact,0.0016817350527654471,-6.82649472345529e-05,6.82649472345529e-05,0.00017104504072806533,0.00017104504072806533,0.0,0.00017104504072806533,300.4931179250387,300.5029698023513,-1.6851147561813721e-06
62,158,contact,0.0015949856973966874,-0.0001550143026033126,0.0001550143026033126,0.0002577492989625877,0.0002577492989625877,0.0,0.0002577492989625877,300.4931179250387,300.4530711895523,1.03220179973559e-05
62,273,contact,0.0016473641515159904,-0.00010263584848400962,0.00010263584848400962,0.00020973028443082008,0.00020973028443082008,0.0,0.00020973028443082008,300.4931179250387,300.59752911286665,-2.18981881209186e-05
62,373,contact,0.0017312554418687039,-1.874455813129618e-05,1.874455813129618e-05,8.96291362017385e-05,8.96291362017385e-05,0.0,8.96291362017385e-05,300.4931179250387,300.3798867700518,1.0148810612597725e-05
62,497,contact,0.0018927953449065754,-0.00010720465509342467,0.00010720465509342467,0.000224169984777273,0.000224169984777273,0.0,0.000224169984777273,300.4931179250387,300.49212346273805,2.2292859879582615e-07
63,224,contact,0.0016506722841315292,-9.93277158684708e-05,9.93277158684708e-05,0.0002063226140937718,0.0002063226140937718,0.0,0.0002063226140937718,300.85939286927953,300.8534477456824,1.2266134416732603e-06
63,241,contact,0.0016594470848375975,-9.05529151624025e-05,9.05529151624025e-05,0.00019699845738598617,0.00019699845738598617,0.0,0.00019699845738598617,300.85939286927953,300.9494497181268,-1.7741060299954844e-05
63,336,contact,0.0016761273614197697,-7.387263858023036e-05,7.387263858023036e-05,0.00017793173479924864,0.00017793173479924864,0.0,0.00017793173479924864,300.85939286927953,300.7842462827059,1.3370962513286774e-05
63,444,contact,0.0019559518660999817,-4.4048133900018334e-05,4.4048133900018334e-05,0.00014369259815882513,0.00026125926937968204,0.0,0.00026125926937968204,300.85939286927953,300.84727875380275,3.1649249586438544e-06
64,166,contact,0.0017099412242483657,-4.0058775751634305e-05,4.0058775751634305e-05,0.0001310268932345586,0.0001310268932345586,0.0,0.0001310268932345586,300.32415977165783,300.26607619522383,7.610510568099155e-06
64,211,contact,0.0017076130433267573,-4.238695667324274e-05,4.238695667324274e-05,0.00013478070549691778,0.00013478070549691778,0.0,0.00013478070549691778,300.32415977165783,300.38061094042865,-7.6085283530567545e-06
64,493,contact,0.0019882374393507436,-1.1762560649256418e-05,1.1762560649256418e-05,7.425429485449947e-05,7.425429485449947e-05,0.0,7.425429485449947e-05,300.32415977165783,300.32418646661245,-1.982215030964825e-09
65,124,contact,0.001619199040297393,-0.00013080095970260702,0.00013080095970260702,0.000236764765449296,0.000236764765449296,0.0,0.000236764765449296,300.2030477436021,300.0972916979456,2.50393053447076e-05
65,425,contact,0.001910776327176992,-8.922367282300806e-05,8.922367282300806e-05,0.00020450818231988917,0.00020450818231988917,0.0,0.00020450818231988917,300.2030477436021,300.195269216659,1.5907724062536471e-06
65,480,contact,0.0018550366960251767,-0.0001449633039748233,0.0001449633039748233,0.0002606751786001084,0.0002606751786001084,0.0,0.0002606751786001084,300.2030477436021,300.3102785897722,-2.7952419976838208e-05
67,261,contact,0.0016759200694543878,-7.407993054561225e-05,7.407993054561225e-05,0.00017818120457109175,0.00017818120457109175,0.0,0.00017818120457109175,300.588810550709,300.51152698409425,1.3770478992969412e-05
67,426,contact,0.0019214294061713525,-7.857059382864752e-05,7.857059382864752e-05,0.000191911348953569,0.000191911348953569,0.0,0.000191911348953569,300.588810550709,300.7141300961326,-2.4050243012484452e-05
68,172,contact,0.0016917655958199403,-5.8234404180059754e-05,5.8234404180059754e-05,0.0001579797512070904,0.0001579797512070904,0.0,0.0001579797512070904,300.4387299084616,300.41317455186174,4.037228877653178e-06
68,387,contact,0.0016544704813323211,-9.552951866767891e-05,9.552951866767891e-05,0.0002023393740381444,0.0002023393740381444,0.0,0.0002023393740381444,300.4387299084616,300.529893431026,-1.844597009079018e-05
68,468,contact,0.0018954474440880701,-0.00010455255591192993,0.00010455255591192993,0.00022137978811020024,0.00022137978811020024,0.0,0.00022137978811020024,300.4387299084616,300.3665730095961,1.5974078981533715e-05
68,495,contact,0.0019764648752001648,-2.3535124799835272e-05,2.3535124799835272e-05,0.000105033755288111,0.000105033755288111,0.0,0.000105033755288111,300.4387299084616,300.45363309614726,-1.5653377683885197e-06
69,271,contact,0.0017075099844185396,-4.2490015581460447e-05,4.2490015581460447e-05,0.00013494445775121246,0.00013494445775121246,0.0,0.00013494445775121246,300.94003523148507,300.9358985174951,5.582266262476607e-07
69,490,contact,0.0018434998986590699,-0.00015650010134093018,0.00015650010134093018,0.0002708494461939345,0.0002708494461939345,0.0,0.0002708494461939345,300.94003523148507,300.8023771093615,3.72846261412693e-05
70,264,contact,0.0015955819549747364,-0.0001544180450252636,0.0001544180450252636,0.00025725310912345527,0.00025725310912345527,0.0,0.00025725310912345527,300.9633280642639,300.90854608147185,1.4092835397206298e-05
70,486,contact,0.0018262314520457147,-0.0001737685479542854,0.0001737685479542854,0.0002854014836218818,0.0002854014836218818,0.0,0.0002854014836218818,300.9633280642639,300.92459054662265,1.1055745006646164e-05
71,98,contact,0.0014723159103942345,-2.7684089605765558e-05,2.7684089605765558e-05,0.00010188981108119735,0.0001852542019658134,0.0,0.0001852542019658134,300.0372548459842,300.0578416579582,-3.813793423263421e-06
71,127,contact,0.0017001059084657043,-4.989409153429575e-05,4.989409153429575e-05,0.00014622989463897848,0.0002658725357072336,0.0,0.0002658725357072336,300.0372548459842,300.0525875383146,-4.0765417890994736e-06
71,372,contact,0.0016910304663429344,-5.8969533657065665e-05,5.8969533657065665e-05,0.00015897376287173795,0.0015897376287173797,0.0,0.0015897376287173797,300.0372548459842,300.06393850141757,-4.242001111416295e-05
71,385,contact,0.0017455819087055183,-4.418091294481697e-06,4.418091294481697e-06,4.3513994273509447e-05,0.0004351399427350945,0.0,0.0004351399427350945,300.0372548459842,300.1742036434987,-5.959189190809613e-05
72,233,contact,0.0017154216760027253,-3.457832399727471e-05,3.457832399727471e-05,0.00012173447216428769,0.00012173447216428769,0.0,0.00012173447216428769,300.64447667462673,300.5544530150298,1.0958982683327235e-05
72,413,contact,0.0019664593673147687,-3.3540632685231334e-05,3.3540632685231334e-05,0.00012538808384851484,0.00012538808384851484,0.0,0.00012538808384851484,300.64447667462673,300.73187718627804,-1.0958982683337601e-05
73,112,contact,0.0017499609921652532,-3.900783474681223e-08,3.900783474681223e-08,4.088721494907611e-06,4.088721494907611e-06,0.0,4.088721494907611e-06,300.06601501523403,300.05236680795275,5.580371847791693e-08
73,469,contact,0.001999968149346384,-3.185065361585235e-08,3.185065361585235e-08,3.863935025648178e-06,3.863935025648178e-06,0.0,3.863935025648178e-06,300.06601501523403,300.08045721421183,-5.5803718477716634e-08
74,120,contact,0.0017499702384642661,-2.9761535733910036e-08,2.9761535733910036e-08,3.571406429680252e-06,3.571406429680252e-06,0.0,3.571406429680252e-06,300.633697437456,300.6846272158482,-1.8189093801199998e-07
74,398,contact,0.0017499954015726118,-4.598427388218321e-09,4.598427388218321e-09,1.4038356723458442e-06,1.4038356723458442e-06,0.0,1.4038356723458442e-06,300.633697437456,300.4763248012508,2.2092532055595886e-07
74,465,contact,0.0019999891553795987,-1.084462040133738e-08,1.084462040133738e-08,2.254643167582599e-06,2.254643167582599e-06,0.0,2.254643167582599e-06,300.633697437456,300.6510103245261,-3.903438254370914e-08
75,485,contact,0.0019999978218738146,-2.178126185491125e-09,2.178126185491125e-09,1.0104437883667576e-06,1.0104437883667576e-06,0.0,1.0104437883667576e-06,300.56257073877384,300.56257073877384,0.0
76,314,contact,0.001697443777095429,-5.255622290457093e-05,5.255622290457093e-05,0.0001500802969431044,0.0001500802969431044,0.0,0.0001500802969431044,300.188937241182,300.15494224906666,5.101978511244316e-06
76,333,contact,0.001729532884287136,-2.0467115712864128e-05,2.0467115712864128e-05,9.365693257735335e-05,9.365693257735335e-05,0.0,9.365693257735335e-05,300.188937241182,300.2380820602597,-4.602753006891365e-06
76,401,contact,0.001981946818739464,-1.8053181260536174e-05,1.8053181260536174e-05,9.199146001600547e-05,9.199146001600547e-05,0.0,9.199146001600547e-05,300.188937241182,300.13543350050827,4.921887220891828e-06
77,119,contact,0.0017047768210864474,-4.5223178913552644e-05,4.5223178913552644e-05,0.00013921696157983968,0.00025312174832698125,0.0,0.00025312174832698125,300.94629065296823,300.9582385093892,-3.0242623060403584e-06
77,136,contact,0.0017207084622730255,-2.9291537726974575e-05,2.9291537726974575e-05,0.00011204247484192497,0.00011204247484192497,0.0,0.00011204247484192497,300.94629065296823,300.902819630352,4.870600957833397e-06
77,348,contact,0.001711035068668378,-3.896493133162212e-05,3.896493133162212e-05,0.0001292256022813626,0.00023495564051156833,0.0,0.00023495564051156833,300.94629065296823,300.86965914061756,1.8005006067722508e-05
77,406,contact,0.0019464558243140154,-5.354417568598463e-05,5.354417568598463e-05,0.00015842611007282006,0.00015842611007282006,0.0,0.00015842611007282006,300.94629065296823,300.9762636754355,-4.748509356617756e-06
78,151,contact,0.0017499965538251773,-3.4461748227212347e-09,3.4461748227212347e-09,1.2152909391913235e-06,1.2152909391913235e-06,0.0,1.2152909391913235e-06,300.5029698023513,300.5029698023513,0.0
80,138,contact,0.001683931255544596,-6.606874445540408e-05,6.606874445540408e-05,0.00016827113892516795,0.00016827113892516795,0.0,0.00016827113892516795,300.7347684998499,300.7859878280586,-8.618734692655581e-06
81,119,contact,0.0015607784345627032,-0.00018922156543729686,0.00018922156543729686,0.0002847717623220118,0.002847717623220118,0.0,0.002847717623220118,300.9810683122629,300.9582385093892,6.501283197800014e-05
81,187,contact,0.0016425607583164163,-0.00010743924168358371,0.00010743924168358371,0.0002145818941405925,0.00039014889843744086,0.0,0.00039014889843744086,300.9810683122629,300.90047891799725,3.1441863398481595e-05
81,264,contact,0.001510882985317194,-0.00023911701468280603,0.00023911701468280603,0.000320122977273337,0.0005820417768606128,0.0,0.0005820417768606128,300.9810683122629,300.90854608147185,4.22109680715107e-05
82,97,contact,0.0013909933527159642,-0.00010900664728403587,0.00010900664728403587,0.00020218183086398602,0.00020218183086398602,0.0,0.00020218183086398602,300.74976965650126,300.7663843655747,-3.3591922997428433e-06
82,169,contact,0.0016975479510231834,-5.245204897681667e-05,5.245204897681667e-05,0.00014993148288966148,0.00014993148288966148,0.0,0.00014993148288966148,300.74976965650126,300.7865628691809,-5.5164609373331835e-06
82,306,contact,0.0017081003152332713,-4.189968476672875e-05,4.189968476672875e-05,0.00013400376023518692,0.00013400376023518692,0.0,0.00013400376023518692,300.74976965650126,300.6234783859613,1.6923505137236592e-05
82,391,contact,0.0016647443702863226,-8.525562971367748e-05,8.525562971367748e-05,0.00019114948867351826,0.00019114948867351826,0.0,0.00019114948867351826,300.74976965650126,300.784210537016,-6.5833566998603755e-06
82,463,contact,0.0019376580695262004,-6.234193047379962e-05,6.234193047379962e-05,0.00017094671658032386,0.00017094671658032386,0.0,0.00017094671658032386,300.74976965650126,300.7583366253771,-1.4644952003755476e-06
83,114,contact,0.0016739118404289247,-7.60881595710753e-05,7.60881595710753e-05,0.0001805802072341998,0.0001805802072341998,0.0,0.0001805802072341998,300.7110009187514,300.7069872317021,7.247924391322387e-07
83,414,contact,0.001920780668602222,-7.921933139777809e-05,7.921933139777809e-05,0.000192702002046446,0.000192702002046446,0.0,0.000192702002046446,300.7110009187514,300.7642454567896,-1.02603290779993e-05
83,465,contact,0.0019461007564501897,-5.389924354981036e-05,5.389924354981036e-05,0.00015895052819658577,0.00015895052819658577,0.0,0.00015895052819658577,300.7110009187514,300.6510103245261,9.535536638933553e-06
84,160,contact,0.0016580622700743182,-9.19377299256818e-05,9.19377299256818e-05,0.00019849907872295937,0.00019849907872295937,0.0,0.00019849907872295937,300.5000941198511,300.47150947143285,5.67402637664147e-06
84,172,contact,0.0016388591049263503,-0.00011114089507364977,0.00011114089507364977,0.00021824713554688714,0.00021824713554688714,0.0,0.00021824713554688714,300.5000941198511,300.41317455186174,1.896994673664965e-05
84,223,contact,0.0016531614988560554,-9.683850114394462e-05,9.683850114394462e-05,0.00020372092375594674,0.00020372092375594674,0.0,0.00020372092375594674,300.5000941198511,300.5738694713008,-1.5029582747749058e-05
84,416,contact,0.0019307438748180869,-6.925612518191319e-05,6.925612518191319e-05,0.00018017715914904922,0.00018017715914904922,0.0,0.00018017715914904922,300.5000941198511,300.57643918568084,-1.3755637076249983e-05
84,422,contact,0.0019526493557984247,-4.735064420157537e-05,4.735064420157537e-05,0.00014898192665383427,0.00014898192665383427,0.0,0.00014898192665383427,300.5000941198511,300.4593226467314,6.074212617890729e-06
85,98,contact,0.0014169498509121622,-8.305014908783787e-05,8.305014908783787e-05,0.00017647607743810265,0.00017647607743810265,0.0,0.00017647607743810265,300.04225927287297,300.0578416579582,-2.74991819697039e-06
85,110,contact,0.0017072231283578596,-4.277687164214042e-05,4.277687164214042e-05,0.00013539920601498648,0.00013539920601498648,0.0,0.00013539920601498648,300.04225927287297,300.12737648807865,-1.1524803357056444e-05
85,372,contact,0.0016234917339179786,-0.00012650826608202144,0.00012650826608202144,0.000232847220985921,0.0004233585836107655,0.0,0.0004233585836107655,300.04225927287297,300.06393850141757,-9.178087490415521e-06
86,144,contact,0.0017410445660266409,-8.955433973359146e-06,8.955433973359146e-06,6.195194211192765e-05,6.195194211192765e-05,0.0,6.195194211192765e-05,300.1447082896601,300.20681349503286,-3.8475380881016966e-06
86,344,contact,0.0015919735585684205,-0.00015802644143157957,0.00015802644143157957,0.00026024146048697015,0.00026024146048697015,0.0,0.00026024146048697015,300.1447082896601,300.1726434530194,-7.269887711566939e-06
86,381,contact,0.0016313614889107194,-0.00011863851108928061,0.00011863851108928061,0.0002254885278259634,0.0002254885278259634,0.0,0.0002254885278259634,300.1447082896601,300.0682654015339,1.723699430634692e-05
86,411,contact,0.0018335186964395906,-0.00016648130356040946,0.00016648130356040946,0.0002793530222566814,0.0002793530222566814,0.0,0.0002793530222566814,300.1447082896601,300.1666145087418,-6.119568506689844e-06
87,97,contact,0.001428426920280296,-7.157307971970405e-05,7.157307971970405e-05,0.0001638288890729868,0.0001638288890729868,0.0,0.0001638288890729868,300.737074827043,300.7663843655747,-4.801749136893611e-06
87,120,contact,0.0017057274573616672,-4.427254263833285e-05,4.427254263833285e-05,0.0001377459503760448,0.0001377459503760448,0.0,0.0001377459503760448,300.737074827043,300.6846272158482,7.2244460489800976e-06
87,429,contact,0.0018888998469651587,-0.00011110015303484135,0.00011110015303484135,0.00022820647829341277,0.00022820647829341277,0.0,0.00022820647829341277,300.737074827043,300.8356063481758,-2.2485531438615434e-05
87,465,contact,0.0018840701760786407,-0.00011592982392135938,0.00011592982392135938,0.000233113931293557,0.000233113931293557,0.0,0.000233113931293557,300.737074827043,300.6510103245261,2.0062834526533305e-05
88,117,contact,0.0017106342548891035,-3.936574511089657e-05,3.936574511089657e-05,0.00012988854306271848,0.0012988854306271848,0.0,0.0012988854306271848,300.63462011708975,300.7211136390938,-0.00011234517557468966
88,173,contact,0.0016795220887592052,-7.047791124079484e-05,7.047791124079484e-05,0.00017379533682811455,0.0003159915215056628,0.0,0.0003159915215056628,300.63462011708975,300.6500359443176,-4.871270700998345e-06
88,365,contact,0.00169377947602396,-5.622052397604013e-05,5.622052397604013e-05,0.00015522406474334375,0.000282225572260625,0.0,0.000282225572260625,300.63462011708975,300.5438738902852,2.5610905790399954e-05
88,416,contact,0.0019314282564146168,-6.857174358538328e-05,6.857174358538328e-05,0.00017928470321153562,0.0003259721876573375,0.0,0.0003259721876573375,300.63462011708975,300.57643918568084,1.89653654913048e-05
88,476,contact,0.001914523693663779,-8.547630633622106e-05,8.547630633622106e-05,0.00020016747636692535,0.0020016747636692534,0.0,0.0020016747636692534,300.63462011708975,300.59833041792774,7.264017499374838e-05
89,319,contact,0.001713315211395732,-3.668478860426798e-05,3.668478860426798e-05,0.00012538760807580623,0.00012538760807580623,0.0,0.00012538760807580623,300.24915392635523,300.23194415927827,2.157891529322161e-06
89,367,contact,0.0017108373161992929,-3.916268380070717e-05,3.916268380070717e-05,0.0001295531062659642,0.0001295531062659642,0.0,0.0001295531062659642,300.24915392635523,300.1908781230643,7.5498113364855275e-06
89,475,contact,0.0019393304160199212,-6.066958398007888e-05,6.066958398007888e-05,0.00016863827409773256,0.00016863827409773256,0.0,0.00016863827409773256,300.24915392635523,300.3245899014041,-1.2721392637124462e-05
90,150,contact,0.0017460929885318248,-3.907011468175193e-06,3.907011468175193e-06,4.091984220840541e-05,4.091984220840541e-05,0.0,4.091984220840541e-05,300.5001519586656,300.4701619757254,1.227185369746079e-06
90,278,contact,0.00170355062002865,-4.644937997135001e-05,4.644937997135001e-05,0.00014109173303414546,0.00014109173303414546,0.0,0.00014109173303414546,300.5001519586656,300.4821133861661,2.5450934554174133e-06
90,485,contact,0.0019542931702536334,-4.5706829746366626e-05,4.5706829746366626e-05,0.00014637307280920681,0.00014637307280920681,0.0,0.00014637307280920681,300.5001519586656,300.56257073877384,-9.136428645448189e-06
90,488,contact,0.0019925241351110403,-7.475864888959773e-06,7.475864888959773e-06,5.919722684974266e-05,5.919722684974266e-05,0.0,5.919722684974266e-05,300.5001519586656,300.4095370750678,5.364149820299982e-06
91,209,contact,0.0017128464641058755,-3.715353589412449e-05,3.715353589412449e-05,0.00012618614802990374,0.00012618614802990374,0.0,0.00012618614802990374,300.042422478749,300.06226754232176,-2.504172129653302e-06
91,352,contact,0.001683173472046182,-6.682652795381811e-05,6.682652795381811e-05,0.00016923339077036875,0.00016923339077036875,0.0,0.00016923339077036875,300.042422478749,300.0823623221732,-6.759155129511409e-06
91,400,contact,0.0016774779017918538,-7.252209820814625e-05,7.252209820814625e-05,0.00017629775730865858,0.00017629775730865858,0.0,0.00017629775730865858,300.042422478749,300.0514167941801,-1.5856776390288601e-06
91,459,contact,0.001987110691657614,-1.2889308342386215e-05,1.2889308342386215e-05,7.77294235505033e-05,7.77294235505033e-05,0.0,7.77294235505033e-05,300.042422478749,300.0734370824457,-2.4107472669910105e-06
92,96,contact,0.0014516522367288938,-4.8347763271106275e-05,4.8347763271106275e-05,0.00013464921546991966,0.00013464921546991966,0.0,0.00013464921546991966,300.84260516516883,300.7858576575787,7.641007376888326e-06
92,185,contact,0.0017223428754170873,-2.765712458291272e-05,2.765712458291272e-05,0.00010887172907911805,0.00010887172907911805,0.0,0.00010887172907911805,300.84260516516883,300.91340315929847,-7.707900036226545e-06
92,440,contact,0.0019272533866879042,-7.274661331209582e-05,7.274661331209582e-05,0.00018466178540793143,0.00018466178540793143,0.0,0.00018466178540793143,300.84260516516883,300.77220265009925,1.300065412995899e-05
92,464,contact,0.0019345013238558405,-6.549867614415953e-05,6.549867614415953e-05,0.0001752213013379788,0.0001752213013379788,0.0,0.0001752213013379788,300.84260516516883,300.7947152684812,8.39133001855139e-06
92,483,contact,0.001897002408433105,-0.00010299759156689493,0.00010299759156689493,0.00021972737891983785,0.00021972737891983785,0.0,0.00021972737891983785,300.84260516516883,300.9269751061608,-1.8538385993785252e-05
93,156,contact,0.0017227080826419773,-2.7291917358022695e-05,2.7291917358022695e-05,0.00010815052478181119,0.00010815052478181119,0.0,0.00010815052478181119,300.2890838511456,300.3017070851665,-1.3652093838047206e-06
93,230,contact,0.0017312344633815492,-1.876553661845086e-05,1.876553661845086e-05,8.96792776313399e-05,8.96792776313399e-05,0.0,8.96792776313399e-05,300.2890838511456,300.34556736288425,-5.0654005308019825e-06
93,390,contact,0.0017322844294745596,-1.7715570525440438e-05,1.7715570525440438e-05,8.713430649317123e-05,8.713430649317123e-05,0.0,8.713430649317123e-05,300.2890838511456,300.2152827253501,6.430609914607248e-06
94,149,contact,0.0016737488683996177,-7.625113160038234e-05,7.625113160038234e-05,0.00018077349473903483,0.0003286790813436997,0.0,0.0003286790813436997,300.972367805945,300.9416538597839,1.009503160866557e-05
94,291,contact,0.0017493573549806386,-6.426450193614073e-07,6.426450193614073e-07,1.6595761326677112e-05,3.0174111503049296e-05,0.0,3.0174111503049296e-05,300.972367805945,300.9159308451942,1.7029351465870373e-06
94,360,contact,0.001632027539136518,-0.00011797246086348197,0.00011797246086348197,0.00022485467770173119,0.0022485467770173117,0.0,0.0022485467770173117,300.972367805945,300.9064323317675,0.0001482589979528789
95,198,contact,0.0016951308329742573,-5.486916702574277e-05,5.486916702574277e-05,0.00015334717896572762,0.00015334717896572762,0.0,0.00015334717896572762,300.68642750642994,300.7924032064112,-1.625107463104855e-05
95,307,contact,0.0016454101237381512,-0.00010458987626184887,0.00010458987626184887,0.00021171734148068625,0.00021171734148068625,0.0,0.00021171734148068625,300.68642750642994,300.69141597647445,-1.0561456158795043e-06
95,338,contact,0.001678968602565277,-7.103139743472298e-05,7.103139743472298e-05,0.00017447643815720257,0.00017447643815720257,0.0,0.00017447643815720257,300.68642750642994,300.7294809245793,-7.511807049197183e-06
95,487,contact,0.0018967914006816887,-0.00010320859931831137,0.00010320859931831137,0.00021995233786086123,0.00021995233786086123,0.0,0.00021995233786086123,300.68642750642994,300.59342741487103,2.0455587559655565e-05
96,155,contact,0.001694303755726437,-5.569624427356301e-05,5.569624427356301e-05,0.0001544986050887973,0.0001544986050887973,0.0,0.0001544986050887973,300.7858576575787,300.84139521800313,-8.580475615613024e-06
96,440,contact,0.0018781275973958741,-0.0001218724026041259,0.0001218724026041259,0.0002390139927298902,0.0002390139927298902,0.0,0.0002390139927298902,300.7858576575787,300.77220265009925,3.2637378584147447e-06
96,450,contact,0.001888160000738523,-0.00011183999926147703,0.00011183999926147703,0.00022896506208113358,0.00022896506208113358,0.0,0.00022896506208113358,300.7858576575787,300.72374923369375,1.422065913057255e-05
96,464,contact,0.0019566316324745436,-4.3368367525456475e-05,4.3368367525456475e-05,0.00014257952965821469,0.00014257952965821469,0.0,0.00014257952965821469,300.7858576575787,300.7947152684812,-1.2629139963753224e-06
97,105,contact,0.0016741190825326614,-7.58809174673386e-05,7.58809174673386e-05,0.00018033411546429027,0.00018033411546429027,0.0,0.00018033411546429027,300.7663843655747,300.8630137716314,-1.742557846907591e-05
97,120,contact,0.0017010053827663206,-4.8994617233679436e-05,4.8994617233679436e-05,0.00014490580768260577,0.00014490580768260577,0.0,0.00014490580768260577,300.7663843655747,300.6846272158482,1.1847085814948169e-05
97,457,contact,0.0018787751166799373,-0.00012122488332006278,0.00012122488332006278,0.00023837819542961439,0.00023837819542961439,0.0,0.00023837819542961439,300.7663843655747,300.75315371348086,3.153898970489672e-06
97,464,contact,0.0019125401293044807,-8.745987069551939e-05,8.745987069551939e-05,0.00020247670085351725,0.00020247670085351725,0.0,0.00020247670085351725,300.7663843655747,300.7947152684812,-5.736347752704448e-06
98,110,contact,0.001705783553092244,-4.4216446907755945e-05,4.4216446907755945e-05,0.0001376586568930908,0.0001376586568930908,0.0,0.0001376586568930908,300.0578416579582,300.12737648807865,-9.572071321671807e-06
98,197,contact,0.0016508071510627769,-9.919284893722315e-05,9.919284893722315e-05,0.00020618249434201642,0.00020618249434201642,0.0,0.00020618249434201642,300.0578416579582,300.1090127580952,-1.0550585064477089e-05
98,409,contact,0.001972933425131218,-2.7066574868781987e-05,2.7066574868781987e-05,0.00011263861225060239,0.00011263861225060239,0.0,0.00011263861225060239,300.0578416579582,300.1194537487811,-6.939900408150092e-06
99,167,contact,0.0016945319991372254,-5.546800086277462e-05,5.546800086277462e-05,0.00015418171217677066,0.00015418171217677066,0.0,0.00015418171217677066,300.6069664839307,300.61839409519666,-1.7619286710759811e-06
99,303,contact,0.0016808213654341737,-6.917863456582635e-05,6.917863456582635e-05,0.0001721859060506899,0.0001721859060506899,0.0,0.0001721859060506899,300.6069664839307,300.4998141686589,1.8450118490509703e-05
99,305,contact,0.001681568656493097,-6.843134350690313e-05,6.843134350690313e-05,0.00017125337557495217,0.00017125337557495217,0.0,0.00017125337557495217,300.6069664839307,300.67138479511505,-1.1031853239155985e-05
99,421,contact,0.0019492651211161604,-5.07348788838396e-05,5.07348788838396e-05,0.00015421405408327677,0.00015421405408327677,0.0,0.00015421405408327677,300.6069664839307,300.64364496057095,-5.656336580291329e-06
101,137,contact,0.001971515976501331,-2.8484023498669218e-05,2.8484023498669218e-05,0.00011933990007258515,0.00011933990007258515,0.0,0.00011933990007258515,300.04213202752385,300.1247040191772,-9.85413323270717e-06
101,325,contact,0.0019746116056359414,-2.5388394364058656e-05,2.5388394364058656e-05,0.00011266852791276422,0.00020485186893229857,0.0,0.00020485186893229857,300.04213202752385,300.04571167618,-7.332977173375744e-07
101,415,contact,0.002219976155189157,-3.002384481084336e-05,3.002384481084336e-05,0.00012915074054685812,0.00023481952826701478,0.0,0.00023481952826701478,300.04213202752385,300.04864933060185,-1.5303900343488425e-06
101,458,contact,0.0022488763670108674,-1.123632989132907e-06,1.123632989132907e-06,2.498480637343987e-05,2.498480637343987e-05,0.0,2.498480637343987e-05,300.04213202752385,300.15537557984123,-2.8293682276903814e-06
102,231,contact,0.0019261579037295983,-7.384209627040177e-05,7.384209627040177e-05,0.00019214850542015902,0.00019214850542015902,0.0,0.00019214850542015902,300.0805209882866,300.05666375903263,4.584130944615074e-06
102,301,contact,0.0019306052060429142,-6.93947939570858e-05,6.93947939570858e-05,0.0001862723730952685,0.0001862723730952685,0.0,0.0001862723730952685,300.0805209882866,300.04500977348494,6.6147582526008e-06
102,317,contact,0.0018963430927350674,-0.0001036569072649326,0.0001036569072649326,0.00022765863399499327,0.00022765863399499327,0.0,0.00022765863399499327,300.0805209882866,300.06366369637914,3.837708048506362e-06
102,382,contact,0.001969033402459186,-3.096659754081403e-05,3.096659754081403e-05,0.00012443190415004914,0.00012443190415004914,0.0,0.00012443190415004914,300.0805209882866,300.20146185647707,-1.5048902518500707e-05
102,469,contact,0.0021829858262480766,-6.701417375192366e-05,6.701417375192366e-05,0.00019295102106194328,0.00019295102106194328,0.0,0.00019295102106194328,300.0805209882866,300.08045721421183,1.2305272842349772e-08
103,116,contact,0.0019925255070711136,-7.474492928886446e-06,7.474492928886446e-06,6.113302270003688e-05,6.113302270003688e-05,0.0,6.113302270003688e-05,300.85610029167617,300.78885579877584,4.110859110928286e-06
103,186,contact,0.0018711145652527536,-0.00012888543474724647,0.00012888543474724647,0.0002538557018733738,0.0002538557018733738,0.0,0.0002538557018733738,300.85610029167617,300.8343275185501,5.527142603652785e-06
103,248,contact,0.0019749318780482375,-2.5068121951762543e-05,2.5068121951762543e-05,0.00011195562056404882,0.00011195562056404882,0.0,0.00011195562056404882,300.85610029167617,300.83332582075855,2.5497300246005857e-06
103,360,contact,0.0018739002897561598,-0.00012609971024384026,0.00012609971024384026,0.0002510973021000428,0.00045654054927280504,0.0,0.00045654054927280504,300.85610029167617,300.9064323317675,-2.297861722932489e-05
103,414,contact,0.0021908800371953276,-5.911996280467263e-05,5.911996280467263e-05,0.0001812303059103904,0.0001812303059103904,0.0,0.0001812303059103904,300.85610029167617,300.7642454567896,1.664687982584506e-05
104,164,contact,0.0018568485461663267,-0.00014315145383367333,0.00014315145383367333,0.00026753640297506556,0.00026753640297506556,0.0,0.00026753640297506556,300.0619938637161,300.1675233266182,-2.8232972912717854e-05
104,209,contact,0.001903031203028474,-9.696879697152611e-05,9.696879697152611e-05,0.0002201917311929834,0.0002201917311929834,0.0,0.0002201917311929834,300.0619938637161,300.06226754232176,-6.026176596891629e-08
104,268,contact,0.0019082956134991252,-9.170438650087489e-05,9.170438650087489e-05,0.00021413125239076486,0.00021413125239076486,0.0,0.00021413125239076486,300.0619938637161,300.1231098727103,-1.3086847547051252e-05
104,283,contact,0.0019230836498966967,-7.691635010330334e-05,7.691635010330334e-05,0.00019610755990438427,0.00019610755990438427,0.0,0.00019610755990438427,300.0619938637161,300.0534681143462,1.6719639052947515e-06
106,198,contact,0.0018846690130630373,-0.00011533098693696279,0.00011533098693696279,0.00024013640596228094,0.00024013640596228094,0.0,0.00024013640596228094,300.7878695809571,300.7924032064112,-1.0886885225372371e-06
106,263,contact,0.0019457024437719147,-5.429755622808532e-05,5.429755622808532e-05,0.00016476886269572495,0.00016476886269572495,0.0,0.00016476886269572495,300.7878695809571,300.78553125323754,3.8528359895884346e-07
106,293,contact,0.0019378015125136006,-6.219848748639941e-05,6.219848748639941e-05,0.00017634977670300493,0.00017634977670300493,0.0,0.00017634977670300493,300.7878695809571,300.699222881539,1.5632825647833928e-05
106,380,contact,0.0018578376645982829,-0.00014216233540171718,0.00014216233540171718,0.00026661051686094193,0.00026661051686094193,0.0,0.00026661051686094193,300.7878695809571,300.6716488622342,3.098566588866254e-05
106,402,contact,0.002178298566312708,-7.170143368729221e-05,7.170143368729221e-05,0.00019958489378275464,0.00019958489378275464,0.0,0.00019958489378275464,300.7878695809571,300.9326653658208,-2.8899051342218456e-05
106,471,contact,0.002180342708130995,-6.96572918690054e-05,6.96572918690054e-05,0.0001967193317464778,0.0001967193317464778,0.0,0.0001967193317464778,300.7878695809571,300.874368630743,-1.7016035270590303e-05
107,190,contact,0.0019392948560237044,-6.07051439762956e-05,6.07051439762956e-05,0.00017421989550033543,0.00017421989550033543,0.0,0.00017421989550033543,300.73405537489265,300.78836740263375,-9.462235797466612e-06
107,356,contact,0.0018554201866154208,-0.00014457981338457924,0.00014457981338457924,0.00026886782383224965,0.0004888505887859085,0.0,0.0004888505887859085,300.73405537489265,300.7024440821182,1.5453199085083965e-05
107,414,contact,0.002143943513668212,-0.00010605648633178841,0.00010605648633178841,0.00024273497931762307,0.00024273497931762307,0.0,0.00024273497931762307,300.73405537489265,300.7642454567896,-7.3281889048493665e-06
107,434,contact,0.002158714298674097,-9.128570132590315e-05,9.128570132590315e-05,0.00022519830930624378,0.0004094514714658978,0.0,0.0004094514714658978,300.73405537489265,300.6611525055901,2.9850187110010388e-05
107,441,contact,0.002143431783332514,-0.00010656821666748606,0.00010656821666748606,0.00024331988166869972,0.00024331988166869972,0.0,0.00024331988166869972,300.73405537489265,300.8512384069459,-2.8512961492782633e-05
108,289,contact,0.0019760835840877283,-2.3916415912271765e-05,2.3916415912271765e-05,0.00010935359141855324,0.0001988247116700968,0.0,0.0001988247116700968,300.7624057035271,300.7947673934754,-6.434303673125548e-06
108,305,contact,0.001899483695023729,-0.00010051630497627095,0.00010051630497627095,0.0002241833010911729,0.00040760600198395074,0.0,0.00040760600198395074,300.7624057035271,300.67138479511505,3.7100668574793876e-05
108,348,contact,0.0019027110935147251,-9.728890648527493e-05,9.728890648527493e-05,0.00022055487580789835,0.0022055487580789836,0.0,0.0022055487580789836,300.7624057035271,300.86965914061756,-0.0002365526849745113
108,379,contact,0.0019829864033424436,-1.7013596657556446e-05,1.7013596657556446e-05,9.223230631822139e-05,0.00016769510239676616,0.0,0.00016769510239676616,300.7624057035271,300.7088242693076,8.985344098003862e-06
109,126,contact,0.0019234870924963341,-7.65129075036659e-05,7.65129075036659e-05,0.0001955925707991818,0.0001955925707991818,0.0,0.0001955925707991818,300.3289913873954,300.2561195084994,1.425319813222879e-05
109,172,contact,0.0019496400304671632,-5.0359969532836864e-05,5.0359969532836864e-05,0.0001586820240809224,0.0001586820240809224,0.0,0.0001586820240809224,300.3289913873954,300.41317455186174,-1.3358354931060313e-05
109,189,contact,0.001992210703113503,-7.789296886496957e-06,7.789296886496957e-06,6.240711853024844e-05,6.240711853024844e-05,0.0,6.240711853024844e-05,300.3289913873954,300.3995648766252,-4.404288107460071e-06
109,358,contact,0.0019194044148641528,-8.059558513584726e-05,8.059558513584726e-05,0.00020074310092235706,0.00020074310092235706,0.0,0.00020074310092235706,300.3289913873954,300.31150911831537,3.509444906279368e-06
110,385,contact,0.0018498309355181623,-0.00015016906448183775,0.00015016906448183775,0.000274015569340355,0.0004982101260733728,0.0,0.0004982101260733728,300.12737648807865,300.1742036434987,-2.3329763005471962e-05
110,409,contact,0.0021070264236596574,-0.00014297357634034287,0.00014297357634034287,0.00028183286648920816,0.00028183286648920816,0.0,0.00028183286648920816,300.12737648807865,300.1194537487811,2.2328883266767286e-06
111,125,contact,0.0018756177756675267,-0.0001243822243324733,0.0001243822243324733,0.0002493814591468994,0.0002493814591468994,0.0,0.0002493814591468994,300.41695075295354,300.34739667503595,1.7345497440705022e-05
111,200,contact,0.0019725450014638456,-2.7454998536154476e-05,2.7454998536154476e-05,0.00011716441126928107,0.00011716441126928107,0.0,0.00011716441126928107,300.41695075295354,300.43705820267917,-2.3558775092299434e-06
111,233,contact,0.0018290146126261544,-0.0001709853873738457,0.0001709853873738457,0.0002923913365456009,0.0002923913365456009,0.0,0.0002923913365456009,300.41695075295354,300.5544530150298,-4.020447018652759e-05
111,250,contact,0.001871987602149116,-0.000128012397850884,0.000128012397850884,0.0002529944642189667,0.0002529944642189667,0.0,0.0002529944642189667,300.41695075295354,300.32366509073046,2.3600756133440018e-05
111,303,contact,0.0018974043881049708,-0.00010259561189502925,0.00010259561189502925,0.00022649018951715022,0.00022649018951715022,0.0,0.00022649018951715022,300.41695075295354,300.4998141686589,-1.8767750727139262e-05
111,475,contact,0.002162343599893412,-8.765640010658824e-05,8.765640010658824e-05,0.00022067623356223861,0.00022067623356223861,0.0,0.00022067623356223861,300.41695075295354,300.3245899014041,2.0381844848525998e-05
112,140,contact,0.0019385012776885126,-6.149872231148742e-05,6.149872231148742e-05,0.00017535495760241201,0.00017535495760241201,0.0,0.00017535495760241201,300.05236680795275,300.0361474783666,2.8441398519163726e-06
112,208,contact,0.0019249276122493538,-7.507238775064629e-05,7.507238775064629e-05,0.0001937425969561757,0.0001937425969561757,0.0,0.0001937425969561757,300.05236680795275,300.13948740451906,-1.6878970627127795e-05
112,272,contact,0.0019372435139651395,-6.275648603486055e-05,6.275648603486055e-05,0.00017713904995068217,0.00017713904995068217,0.0,0.00017713904995068217,300.05236680795275,300.11342708255165,-1.0816159032177145e-05
113,119,contact,0.0019382889289734384,-6.171107102656169e-05,6.171107102656169e-05,0.00017565743796742807,0.0003193771599407783,0.0,0.0003193771599407783,300.9571960845693,300.9582385093892,-3.3292667843148215e-07
113,176,contact,0.0018863789533484518,-0.00011362104665154824,0.00011362104665154824,0.00023834958218082558,0.00023834958218082558,0.0,0.00023834958218082558,300.9571960845693,300.84145253359134,2.7587427015727003e-05
114,116,contact,0.0019419184719594103,-5.8081528040589744e-05,5.8081528040589744e-05,0.0001704135089137445,0.0001704135089137445,0.0,0.0001704135089137445,300.7069872317021,300.78885579877584,-1.3951509784776434e-05
114,117,contact,0.001979911788388563,-2.0088211611436844e-05,2.0088211611436844e-05,0.00010022028639810616,0.0001822187025420112,0.0,0.0001822187025420112,300.7069872317021,300.7211136390938,-2.574095626495453e-06
114,248,contact,0.0019182873564719128,-8.171264352808722e-05,8.171264352808722e-05,0.000202129467827043,0.000202129467827043,0.0,0.000202129467827043,300.7069872317021,300.83332582075855,-2.553675177199871e-05
114,416,contact,0.0021781551930833984,-7.184480691660184e-05,7.184480691660184e-05,0.00019978433777534803,0.00019978433777534803,0.0,0.00019978433777534803,300.7069872317021,300.57643918568084,2.6081454922223223e-05
114,421,contact,0.0021247971185503803,-0.00012520288144961993,0.00012520288144961993,0.0002637369074682191,0.0002637369074682191,0.0,0.0002637369074682191,300.7069872317021,300.64364496057095,1.670569470014248e-05
115,131,contact,0.0019331753749728359,-6.682462502716419e-05,6.682462502716419e-05,0.00018279035125952928,0.00018279035125952928,0.0,0.00018279035125952928,300.5677678017681,300.4918600980918,1.387519581829649e-05
115,206,contact,0.0019407092732926284,-5.9290726707371616e-05,5.9290726707371616e-05,0.00017217828943768087,0.00017217828943768087,0.0,0.00017217828943768087,300.5677678017681,300.67663525406545,-1.8744611711990512e-05
115,219,contact,0.0019792915366820016,-2.0708463317998475e-05,2.0708463317998475e-05,0.00010175574509087552,0.00010175574509087552,0.0,0.00010175574509087552,300.5677678017681,300.6449112874127,-7.84979286067042e-06
115,222,contact,0.0019454802719637123,-5.4519728036287775e-05,5.4519728036287775e-05,0.00016510561473839674,0.00016510561473839674,0.0,0.00016510561473839674,300.5677678017681,300.43686784589335,2.1612317683934794e-05
115,339,contact,0.0019513823559725559,-4.861764402744415e-05,4.861764402744415e-05,0.00015591286673562923,0.00015591286673562923,0.0,0.00015591286673562923,300.5677678017681,300.6280066222738,-9.392007193812653e-06
115,428,contact,0.002193042341223717,-5.6957658776283365e-05,5.6957658776283365e-05,0.0001778851982729363,0.0001778851982729363,0.0,0.0001778851982729363,300.5677678017681,300.5649719525057,4.973402003905061e-07
116,414,contact,0.002132885508271834,-0.00011711449172816619,0.00011711449172816619,0.00025507568781765126,0.00025507568781765126,0.0,0.00025507568781765126,300.78885579877584,300.7642454567896,6.27749990957306e-06
116,437,contact,0.002197127113545323,-5.287288645467727e-05,5.287288645467727e-05,0.00017138793950612172,0.00017138793950612172,0.0,0.00017138793950612172,300.78885579877584,300.81955506397213,-5.261483806344151e-06
117,421,contact,0.002184881576470451,-6.51184235295494e-05,6.51184235295494e-05,0.00019020226591936486,0.00034582230167157246,0.0,0.00034582230167157246,300.7211136390938,300.64364496057095,2.6790396714226485e-05
117,444,contact,0.0021848017256721488,-6.519827432785149e-05,6.519827432785149e-05,0.00019031884697914982,0.0019031884697914981,0.0,0.0019031884697914981,300.7211136390938,300.84727875380275,-0.00024011599160400252
117,476,contact,0.0021123296205848175,-0.00013767037941518276,0.00013767037941518276,0.0002765565839381626,0.002765565839381626,0.0,0.002765565839381626,300.7211136390938,300.59833041792774,0.00033956508210609396
118,235,contact,0.0018514077275954101,-0.0001485922724045899,0.0001485922724045899,0.0002725731758671329,0.0002725731758671329,0.0,0.0002725731758671329,300.3378668655786,300.23832931566847,2.7131266097031957e-05
118,240,contact,0.0019738884035578105,-2.6111596442189577e-05,2.6111596442189577e-05,0.00011426197189395424,0.00011426197189395424,0.0,0.00011426197189395424,300.3378668655786,300.28536525780123,5.998937232242331e-06
118,279,contact,0.0019249474492567323,-7.505255074326776e-05,7.505255074326776e-05,0.00019371699814841722,0.00035221272390621315,0.0,0.00035221272390621315,300.3378668655786,300.40352246417694,-2.3124737222024378e-05
118,290,contact,0.001960166676816031,-3.983332318396914e-05,3.983332318396914e-05,0.00014112640288756946,0.00014112640288756946,0.0,0.00014112640288756946,300.3378668655786,300.4422530970262,-1.47316533551919e-05
118,377,contact,0.00190563651316299,-9.436348683701003e-05,9.436348683701003e-05,0.00021721358939648554,0.00021721358939648554,0.0,0.00021721358939648554,300.3378668655786,300.3161086171142,4.726187247928528e-06
119,187,contact,0.0019659264828637423,-3.407351713625778e-05,3.407351713625778e-05,0.00013052493466050418,0.00023731806301909852,0.0,0.00023731806301909852,300.9582385093892,300.90047891799725,1.3707394349917117e-05
119,348,contact,0.0018067686539017234,-0.00019323134609827665,0.00019323134609827665,0.00031083061794028326,0.003108306179402833,0.0,0.003108306179402833,300.9582385093892,300.86965914061756,0.0002753317993205574
120,306,contact,0.0019172602455065932,-8.273975449340685e-05,8.273975449340685e-05,0.0002033958633962437,0.0002033958633962437,0.0,0.0002033958633962437,300.6846272158482,300.6234783859613,1.2437419050519638e-05
121,127,contact,0.001957676997390706,-4.232300260929422e-05,4.232300260929422e-05,0.00014546993264811497,0.00014546993264811497,0.0,0.00014546993264811497,300.18020862483854,300.0525875383146,1.8565030861119584e-05
121,218,contact,0.0019674433425499204,-3.255665745007961e-05,3.255665745007961e-05,0.00012758655385674387,0.00012758655385674387,0.0,0.00012758655385674387,300.18020862483854,300.25061951411044,-8.983482716190213e-06
121,382,contact,0.00197345833333871,-2.6541666661290125e-05,2.6541666661290125e-05,0.00011519910299409915,0.00011519910299409915,0.0,0.00011519910299409915,300.18020862483854,300.20146185647707,-2.4483532204838873e-06
121,431,contact,0.0022341747591896207,-1.5825240810379577e-05,1.5825240810379577e-05,9.376460126407448e-05,9.376460126407448e-05,0.0,9.376460126407448e-05,300.18020862483854,300.15243472382343,2.6042087542296118e-06
121,446,contact,0.002223914840499969,-2.608515950003115e-05,2.608515950003115e-05,0.00012038170657452519,0.00012038170657452519,0.0,0.00012038170657452519,300.18020862483854,300.26109636065587,-9.73740367863925e-06
122,349,contact,0.001976164692958297,-2.383530704170309e-05,2.383530704170309e-05,0.00010916800593970536,0.00010916800593970536,0.0,0.00010916800593970536,300.7425939401984,300.62267586809173,1.3091216808017529e-05
122,413,contact,0.002179200665098944,-7.07993349010564e-05,7.07993349010564e-05,0.00019832539886237524,0.00019832539886237524,0.0,0.00019832539886237524,300.7425939401984,300.73187718627804,2.1254044957630923e-06
122,429,contact,0.0021699214461707323,-8.007855382926796e-05,8.007855382926796e-05,0.0002109219890402715,0.0002109219890402715,0.0,0.0002109219890402715,300.7425939401984,300.8356063481758,-1.9618362096023895e-05
122,450,contact,0.00215179294719543,-9.820705280457007e-05,9.820705280457007e-05,0.0002335796947089295,0.0002335796947089295,0.0,0.0002335796947089295,300.7425939401984,300.72374923369375,4.401740792232615e-06
123,134,contact,0.0019977052515333755,-2.294748466624523e-06,2.294748466624523e-06,3.3872912973528887e-05,3.3872912973528887e-05,0.0,3.3872912973528887e-05,300.5031740515271,300.41458475901175,3.0007773957585074e-06
123,261,contact,0.0018753558580392384,-0.00012464414196076165,0.00012464414196076165,0.00024964388832971824,0.00024964388832971824,0.0,0.00024964388832971824,300.5031740515271,300.51152698409425,-2.0852585650226083e-06
123,318,contact,0.00189572404408005,-0.00010427595591995,0.00010427595591995,0.000228337421286952,0.000228337421286952,0.0,0.000228337421286952,300.5031740515271,300.5050854887381,-4.3645264370995493e-07
123,359,contact,0.0019052466427759427,-9.475335722405735e-05,9.475335722405735e-05,0.00021766184463986487,0.00021766184463986487,0.0,0.00021766184463986487,300.5031740515271,300.4508965073669,1.1378826695146035e-05
123,448,contact,0.002137382868193951,-0.00011261713180604933,0.00011261713180604933,0.0002501301125925924,0.0002501301125925924,0.0,0.0002501301125925924,300.5031740515271,300.5505809501177,-1.1857892882138106e-05
124,208,contact,0.0019021922316369599,-9.780776836304018e-05,9.780776836304018e-05,0.0002211422261385647,0.0002211422261385647,0.0,0.0002211422261385647,300.0972916979456,300.13948740451906,-9.331252485145927e-06
124,425,contact,0.00221615652822629,-3.3843471773710356e-05,3.3843471773710356e-05,0.00013712012530322606,0.00013712012530322606,0.0,0.00013712012530322606,300.0972916979456,300.195269216659,-1.3434689642885393e-05
124,469,contact,0.0021391015061469143,-0.00011089849385308593,0.00011089849385308593,0.0002482141703505775,0.0002482141703505775,0.0,0.0002482141703505775,300.0972916979456,300.08045721421183,4.178557413255519e-06
125,238,contact,0.0019305457757069632,-6.945422429303688e-05,6.945422429303688e-05,0.00018635211870681386,0.00018635211870681386,0.0,0.00018635211870681386,300.34739667503595,300.2952358530647,9.720279687832512e-06
125,255,contact,0.001938858321944412,-6.114167805558804e-05,6.114167805558804e-05,0.0001748451858868125,0.0001748451858868125,0.0,0.0001748451858868125,300.34739667503595,300.3419943913004,9.445633039603317e-07
125,358,contact,0.0018851475379351949,-0.00011485246206480518,0.00011485246206480518,0.00023963770786836238,0.00023963770786836238,0.0,0.00023963770786836238,300.34739667503595,300.31150911831537,8.600011833515974e-06
125,439,contact,0.0022371656301079144,-1.2834369892085907e-05,1.2834369892085907e-05,8.44405441455897e-05,8.44405441455897e-05,0.0,8.44405441455897e-05,300.34739667503595,300.40286578297537,-4.683841657674742e-06
125,475,contact,0.0022235532050301834,-2.644679496981682e-05,2.644679496981682e-05,0.00012121329907283463,0.00012121329907283463,0.0,0.00012121329907283463,300.34739667503595,300.3245899014041,2.764484273121211e-06
126,221,contact,0.001922944739663624,-7.705526033637607e-05,7.705526033637607e-05,0.00019628456426369354,0.00019628456426369354,0.0,0.00019628456426369354,300.2561195084994,300.17875282498983,1.5185885761205188e-05
126,230,contact,0.0019185142154281786,-8.148578457182142e-05,8.148578457182142e-05,0.000201848686609328,0.000201848686609328,0.0,0.000201848686609328,300.2561195084994,300.34556736288425,-1.80549319276031e-05
126,390,contact,0.0019344112080423856,-6.558879195761439e-05,6.558879195761439e-05,0.00018109223058653621,0.00018109223058653621,0.0,0.00018109223058653621,300.2561195084994,300.2152827253501,7.395224150485845e-06
127,317,contact,0.0019455613442459186,-5.443865575408143e-05,5.443865575408143e-05,0.0001649828108532544,0.0001649828108532544,0.0,0.0001649828108532544,300.0525875383146,300.06366369637914,-1.8273756909451301e-06
128,154,contact,0.0019529571954346576,-4.704280456534248e-05,4.704280456534248e-05,0.0001533668878300373,0.0001533668878300373,0.0,0.0001533668878300373,300.3991470105157,300.48925111324655,-1.3818985816545944e-05
128,373,contact,0.0019567618879669547,-4.32381120330453e-05,4.32381120330453e-05,0.0001470342001594277,0.0001470342001594277,0.0,0.0001470342001594277,300.3991470105157,300.3798867700518,2.8319140514867955e-06
128,422,contact,0.002193772744611437,-5.6227255388563435e-05,5.6227255388563435e-05,0.0001767409519742311,0.0001767409519742311,0.0,0.0001767409519742311,300.3991470105157,300.4593226467314,-1.0635499230410887e-05
128,477,contact,0.0021986085195186515,-5.139148048134874e-05,5.139148048134874e-05,0.0001689698863396617,0.0001689698863396617,0.0,0.0001689698863396617,300.3991470105157,300.31435549016766,1.432721355577923e-05
129,250,contact,0.001859767749317103,-0.00014023225068289708,0.00014023225068289708,0.00026479449643345787,0.00026479449643345787,0.0,0.00026479449643345787,300.3312846192935,300.32366509073046,2.017609228914418e-06
129,337,contact,0.0018582764887927733,-0.0001417235112072268,0.0001417235112072268,0.00026619871450405877,0.00026619871450405877,0.0,0.00026619871450405877,300.3312846192935,300.3869522460425,-1.481865068006774e-05
129,420,contact,0.0022020688473796636,-4.7931152620336696e-05,4.7931152620336696e-05,0.00016318216239040735,0.00016318216239040735,0.0,0.00016318216239040735,300.3312846192935,300.2528382911921,1.2801041451172645e-05
130,318,contact,0.0018993088426319726,-0.00010069115736802744,0.00010069115736802744,0.0002243782045654473,0.0002243782045654473,0.0,0.0002243782045654473,300.4552863666523,300.5050854887381,-1.1173837602547581e-05
130,335,contact,0.001914943451514953,-8.505654848504711e-05,8.505654848504711e-05,0.0002062238449901552,0.0002062238449901552,0.0,0.0002062238449901552,300.4552863666523,300.4473621352731,1.634165463599883e-06
130,388,contact,0.001957753883416089,-4.224611658391105e-05,4.224611658391105e-05,0.00014533773870525,0.00014533773870525,0.0,0.00014533773870525,300.4552863666523,300.42346753456536,4.62447710375393e-06
130,398,contact,0.0019429687889927626,-5.703121100723743e-05,5.703121100723743e-05,0.0001688656433488432,0.0001688656433488432,0.0,0.0001688656433488432,300.4552863666523,300.4763248012508,-3.552668793536995e-06
130,428,contact,0.0021732791846702537,-7.67208153297466e-05,7.67208153297466e-05,0.00020645259790855758,0.00020645259790855758,0.0,0.00020645259790855758,300.4552863666523,300.5649719525057,-2.2644874152559185e-05
130,493,contact,0.0021486218767610074,-0.00010137812323899285,0.00010137812323899285,0.00023732083679529333,0.00023732083679529333,0.0,0.00023732083679529333,300.4552863666523,300.32418646661245,3.1112737981231364e-05
131,160,contact,0.0019280786558644332,-7.19213441355668e-05,7.19213441355668e-05,0.00018963299308871173,0.00018963299308871173,0.0,0.00018963299308871173,300.4918600980918,300.47150947143285,3.8591502445708474e-06
131,222,contact,0.0019678323303999588,-3.216766960004126e-05,3.216766960004126e-05,0.0001268220595954057,0.0001268220595954057,0.0,0.0001268220595954057,300.4918600980918,300.43686784589335,6.9742306856004535e-06
131,328,contact,0.0019267810953245308,-7.32189046754692e-05,7.32189046754692e-05,0.00019133596718268786,0.00019133596718268786,0.0,0.00019133596718268786,300.4918600980918,300.39233342314236,1.9043032611931727e-05
131,473,contact,0.0021938603525520953,-5.613964744790494e-05,5.613964744790494e-05,0.00017660320786048553,0.00017660320786048553,0.0,0.00017660320786048553,300.4918600980918,300.5078154684495,-2.8177695877697275e-06
132,178,contact,0.0019610664052244625,-3.8933594775537525e-05,3.8933594775537525e-05,0.00013952346536611238,0.00013952346536611238,0.0,0.00013952346536611238,300.6930929279377,300.8053241944588,-1.5658895227454574e-05
132,212,contact,0.0019145769830957438,-8.542301690425626e-05,8.542301690425626e-05,0.00020666762797334306,0.00020666762797334306,0.0,0.00020666762797334306,300.6930929279377,300.5816822507743,2.302498038026493e-05
132,220,contact,0.0018980818589829046,-0.00010191814101709546,0.00010191814101709546,0.0002257411582068005,0.0002257411582068005,0.0,0.0002257411582068005,300.6930929279377,300.76738483986026,-1.6770742242795757e-05
132,245,contact,0.0019548113813358057,-4.518861866419435e-05,4.518861866419435e-05,0.00015031403571222874,0.00015031403571222874,0.0,0.00015031403571222874,300.6930929279377,300.6389133852386,8.143945716145186e-06
132,273,contact,0.0019306504928132385,-6.934950718676157e-05,6.934950718676157e-05,0.00018621158286578413,0.00018621158286578413,0.0,0.00018621158286578413,300.6930929279377,300.59752911286665,1.779508926907248e-05
132,368,contact,0.0019334463025644129,-6.655369743558716e-05,6.655369743558716e-05,0.0001824194307572348,0.0001824194307572348,0.0,0.0001824194307572348,300.6930929279377,300.6880073385232,9.277103260539961e-07
132,440,contact,0.002162298879387399,-8.770112061260143e-05,8.770112061260143e-05,0.00022073251863914063,0.00022073251863914063,0.0,0.00022073251863914063,300.6930929279377,300.77220265009925,-1.746208822156098e-05
133,216,contact,0.0019331386108150652,-6.68613891849348e-05,6.68613891849348e-05,0.00018284062620891288,0.001828406262089129,0.0,0.001828406262089129,300.9654919382376,300.90140630824584,0.00011717456718689749
133,280,contact,0.0019618424167809714,-3.815758321902866e-05,3.815758321902866e-05,0.000138125999035353,0.00025113818006427814,0.0,0.00025113818006427814,300.9654919382376,300.9382527089951,6.840810458321444e-06
133,291,contact,0.0019486858271175987,-5.1314172882401324e-05,5.1314172882401324e-05,0.0001601782957869157,0.00029123326506711947,0.0,0.00029123326506711947,300.9654919382376,300.9159308451942,1.4433838947322956e-05
133,474,contact,0.002234604808489411,-1.539519151058915e-05,1.539519151058915e-05,9.248180454851391e-05,0.00016814873554275256,0.0,0.00016814873554275256,300.9654919382376,300.9454795191016,3.3650629728762654e-06
134,234,contact,0.0019969680489431985,-3.0319510568015823e-06,3.0319510568015823e-06,3.893553041119115e-05,3.893553041119115e-05,0.0,3.893553041119115e-05,300.41458475901175,300.2843444840219,5.0709741876284475e-06
134,398,contact,0.0019969846800864544,-3.0153199135456166e-06,3.0153199135456166e-06,3.882859715174897e-05,3.882859715174897e-05,0.0,3.882859715174897e-05,300.41458475901175,300.4763248012508,-2.397279228233208e-06
134,439,contact,0.0022485978075613925,-1.4021924386077578e-06,1.4021924386077578e-06,2.791049621963988e-05,2.791049621963988e-05,0.0,2.791049621963988e-05,300.41458475901175,300.40286578297537,3.270824363613554e-07
135,146,contact,0.0019237401145165115,-7.625988548348858e-05,7.625988548348858e-05,0.00019526889855208456,0.00019526889855208456,0.0,0.00019526889855208456,300.5251462177424,300.5440909981763,-3.699326408630068e-06
135,189,contact,0.0019185885326458093,-8.14114673541907e-05,8.14114673541907e-05,0.00020175661990897684,0.00020175661990897684,0.0,0.00020175661990897684,300.5251462177424,300.3995648766252,2.53368669074419e-05
135,359,contact,0.001889536158796651,-0.00011046384120334905,0.00011046384120334905,0.00023501472422313144,0.00023501472422313144,0.0,0.00023501472422313144,300.5251462177424,300.4508965073669,1.7449775207548173e-05
135,387,contact,0.0018998999684193903,-0.00010010003158060976,0.00010010003158060976,0.00022371860850252238,0.00022371860850252238,0.0,0.00022371860850252238,300.5251462177424,300.529893431026,-1.0620399500638718e-06
135,465,contact,0.002085709120970611,-0.0001642908790293893,0.0001642908790293893,0.0003021137378072751,0.0003021137378072751,0.0,0.0003021137378072751,300.5251462177424,300.6510103245261,-3.802527575619603e-05
136,224,contact,0.0019231296372839769,-7.687036271602317e-05,7.687036271602317e-05,0.00019604892592924754,0.00019604892592924754,0.0,0.00019604892592924754,300.902819630352,300.8534477456824,9.679304960577168e-06
136,229,contact,0.001885287389210462,-0.00011471261078953797,0.00011471261078953797,0.00023949176477442599,0.00023949176477442599,0.0,0.00023949176477442599,300.902819630352,300.9394420560886,-8.770769369977658e-06
136,241,contact,0.001912867018539449,-8.713298146055103e-05,8.713298146055103e-05,0.00020872587460656506,0.00020872587460656506,0.0,0.00020872587460656506,300.902819630352,300.9494497181268,-9.732905853779234e-06
136,348,contact,0.001896810442321794,-0.00010318955767820597,0.00010318955767820597,0.00022714484110167017,0.0004129906201848549,0.0,0.0004129906201848549,300.902819630352,300.86965914061756,1.3694971221054833e-05
137,140,contact,0.0018841149414247538,-0.00011588505857524625,0.00011588505857524625,0.0002407125449319647,0.0002407125449319647,0.0,0.0002407125449319647,300.1247040191772,300.0361474783666,2.131667030889101e-05
137,256,contact,0.0019438100956883618,-5.618990431163827e-05,5.618990431163827e-05,0.00016761548900927722,0.00016761548900927722,0.0,0.00016761548900927722,300.1247040191772,300.18723276041277,-1.0480785539331822e-05
137,326,contact,0.0018940251544548692,-0.00010597484554513087,0.00010597484554513087,0.00023018997105122855,0.0004185272200931428,0.0,0.0004185272200931428,300.1247040191772,300.1741393175497,-2.0690018002311888e-05
138,366,contact,0.001969249070204173,-3.07509297958271e-05,3.07509297958271e-05,0.00012399784231152393,0.00012399784231152393,0.0,0.00012399784231152393,300.7859878280586,300.78934490323167,-4.162700779401161e-07
138,392,contact,0.00187454755450482,-0.0001254524454951801,0.0001254524454951801,0.0002504520368206057,0.0002504520368206057,0.0,0.0002504520368206057,300.7859878280586,300.8660125617269,-2.0042357543258295e-05
138,452,contact,0.0021620522947190706,-8.794770528092969e-05,8.794770528092969e-05,0.0002210426118810198,0.0002210426118810198,0.0,0.0002210426118810198,300.7859878280586,300.6554760471381,2.8848664935904503e-05
138,490,contact,0.0022298820928694867,-2.0117907130513552e-05,2.0117907130513552e-05,0.00010571951131417288,0.00010571951131417288,0.0,0.00010571951131417288,300.7859878280586,300.8023771093615,-1.732666810133787e-06
139,196,contact,0.001984060924766662,-1.5939075233338193e-05,1.5939075233338193e-05,8.927226678352632e-05,8.927226678352632e-05,0.0,8.927226678352632e-05,300.5220207584859,300.55166346974113,-2.646272027364386e-06
139,202,contact,0.0019494777541341675,-5.052224586583258e-05,5.052224586583258e-05,0.00015893748120854404,0.00028897723856098915,0.0,0.00028897723856098915,300.5220207584859,300.57055373083006,-1.4024924327172884e-05
139,210,contact,0.0019181595518529297,-8.184044814707036e-05,8.184044814707036e-05,0.0002022874787858487,0.0002022874787858487,0.0,0.0002022874787858487,300.5220207584859,300.54656527138036,-4.9650476314481274e-06
139,253,contact,0.0018607337150280544,-0.00013926628497194565,0.00013926628497194565,0.00026388092482400625,0.00026388092482400625,0.0,0.00026388092482400625,300.5220207584859,300.41912941541494,2.715106276594661e-05
139,322,contact,0.001955206226768333,-4.4793773231667066e-05,4.4793773231667066e-05,0.00014965589402303383,0.00014965589402303383,0.0,0.00014965589402303383,300.5220207584859,300.45790046516936,9.595979821305142e-06
139,324,contact,0.0019036330616978153,-9.636693830218472e-05,9.636693830218472e-05,0.00021950733279572316,0.00039910424144676943,0.0,0.00039910424144676943,300.5220207584859,300.4613129567144,2.4228741175920906e-05
139,334,contact,0.0018321010221843666,-0.00016789897781563346,0.00016789897781563346,0.00028974038190734947,0.000526800694376999,0.0,0.000526800694376999,300.5220207584859,300.57547079935324,-2.8157518643397172e-05
139,492,contact,0.0022034507927997187,-4.654920720028157e-05,4.654920720028157e-05,0.00016081253267958656,0.00016081253267958656,0.0,0.00016081253267958656,300.5220207584859,300.5915552714198,-1.118202113354175e-05
141,151,contact,0.0018987743017273022,-0.00010122569827269784,0.00010122569827269784,0.00022497299646035058,0.00022497299646035058,0.0,0.00022497299646035058,300.55325229936375,300.5029698023513,1.1312204022401905e-05
141,290,contact,0.0018868706424394863,-0.00011312935756051376,0.00011312935756051376,0.00023783330040231306,0.00023783330040231306,0.0,0.00023783330040231306,300.55325229936375,300.4422530970262,2.639930663396427e-05
141,361,contact,0.0019304243596422006,-6.957564035779944e-05,6.957564035779944e-05,0.00018651493285766618,0.00018651493285766618,0.0,0.00018651493285766618,300.55325229936375,300.57257376080594,-3.603741083601876e-06
141,380,contact,0.0018716964342008024,-0.0001283035657991976,0.0001283035657991976,0.0002532820224563891,0.0002532820224563891,0.0,0.0002532820224563891,300.55325229936375,300.6716488622342,-2.9987720895707532e-05
141,445,contact,0.0021751175917637195,-7.488240823628079e-05,7.488240823628079e-05,0.00020396406033672913,0.00020396406033672913,0.0,0.00020396406033672913,300.55325229936375,300.48191571440736,1.4550099518260169e-05
141,452,contact,0.0021899567160562775,-6.0043283943722776e-05,6.0043283943722776e-05,0.00018264002838571527,0.00018264002838571527,0.0,0.00018264002838571527,300.55325229936375,300.6554760471381,-1.8670148195203338e-05
142,147,contact,0.001901416176953641,-9.858382304635911e-05,9.858382304635911e-05,0.00022201781803084984,0.0004036687600560906,0.0,0.0004036687600560906,300.86352063182767,300.9740428561474,-4.461436924977805e-05
142,220,contact,0.001946230776398318,-5.3769223601682044e-05,5.3769223601682044e-05,0.00016396527620457028,0.00016396527620457028,0.0,0.00016396527620457028,300.86352063182767,300.76738483986026,1.5762931683081954e-05
142,391,contact,0.0018910360200694225,-0.00010896397993057755,0.00010896397993057755,0.0002334137741550159,0.0002334137741550159,0.0,0.0002334137741550159,300.86352063182767,300.784210537016,1.8512068558581773e-05
142,426,contact,0.0022127389961312653,-3.7261003868735e-05,3.7261003868735e-05,0.0001438768838446704,0.0001438768838446704,0.0,0.0001438768838446704,300.86352063182767,300.7141300961326,2.149384475169561e-05
142,471,contact,0.002201140824299981,-4.885917570001926e-05,4.885917570001926e-05,0.00016475432164289561,0.00016475432164289561,0.0,0.00016475432164289561,300.86352063182767,300.874368630743,-1.787254702477047e-06
143,303,contact,0.0019535382784578352,-4.6461721542164804e-05,4.6461721542164804e-05,0.00015241673389455109,0.00015241673389455109,0.0,0.00015241673389455109,300.50105465283923,300.4998141686589,1.8907054721791446e-07
143,305,contact,0.0018606085556075462,-0.00013939144439245382,0.00013939144439245382,0.0002639994738559661,0.0002639994738559661,0.0,0.0002639994738559661,300.50105465283923,300.67138479511505,-4.496706794262724e-05
143,324,contact,0.0018721837581017517,-0.0001278162418982484,0.0001278162418982484,0.00025280055567408115,0.0004596373739528748,0.0,0.0004596373739528748,300.50105465283923,300.4613129567144,1.8266768843258997e-05
143,454,contact,0.002146333454194852,-0.00010366654580514813,0.00010366654580514813,0.0002399844275100043,0.0002399844275100043,0.0,0.0002399844275100043,300.50105465283923,300.39058403261095,2.6511228552159868e-05
144,274,contact,0.0019571643127041195,-4.2835687295880547e-05,4.2835687295880547e-05,0.0001463483640084175,0.0001463483640084175,0.0,0.0001463483640084175,300.20681349503286,300.22437426973926,-2.5699906490015096e-06
144,382,contact,0.0019530256827804385,-4.6974317219561574e-05,4.6974317219561574e-05,0.00015325520744751477,0.00015325520744751477,0.0,0.00015325520744751477,300.20681349503286,300.20146185647707,8.201664770523469e-07
144,411,contact,0.0022110802381877363,-3.8919761812263986e-05,3.8919761812263986e-05,0.00014704451671416455,0.00014704451671416455,0.0,0.00014704451671416455,300.20681349503286,300.1666145087418,5.911040511566105e-06
144,461,contact,0.0022213378332014,-2.866216679860015e-05,2.866216679860015e-05,0.00012618805806898807,0.00012618805806898807,0.0,0.00012618805806898807,300.20681349503286,300.2443122075207,-4.731889708926789e-06
145,249,contact,0.001973985271459998,-2.6014728540002183e-05,2.6014728540002183e-05,0.00011404983239795265,0.00011404983239795265,0.0,0.00011404983239795265,300.9555475519888,300.93972584895204,1.8044625795914667e-06
146,387,contact,0.001986223112391959,-1.3776887608040952e-05,1.3776887608040952e-05,8.299664935417861e-05,8.299664935417861e-05,0.0,8.299664935417861e-05,300.5440909981763,300.529893431026,1.1783505024550674e-06
146,448,contact,0.002067086045548177,-0.0001829139544518234,0.0001829139544518234,0.00031877713780060563,0.00031877713780060563,0.0,0.00031877713780060563,300.5440909981763,300.5505809501177,-2.0688483043533477e-06
146,484,contact,0.0020765675063912567,-0.00017343249360874356,0.00017343249360874356,0.0003104051954110802,0.0003104051954110802,0.0,0.0003104051954110802,300.5440909981763,300.63991625235246,-2.974465674787694e-05
146,495,contact,0.0020903973316333904,-0.0001596026683666099,0.0001596026683666099,0.00029777197499523196,0.00029777197499523196,0.0,0.00029777197499523196,300.5440909981763,300.45363309614726,2.693582814110521e-05
147,384,contact,0.0019765457424365373,-2.3454257563462755e-05,2.3454257563462755e-05,0.00010829186849312084,0.00019689430635112882,0.0,0.00019689430635112882,300.9740428561474,300.96835329222796,1.1202427413542377e-06
147,471,contact,0.002156448188986,-9.355181101400019e-05,9.355181101400019e-05,0.0002279763767172187,0.00041450250312221584,0.0,0.00041450250312221584,300.9740428561474,300.874368630743,4.131521592688562e-05
148,201,contact,0.0018980822628115982,-0.00010191773718840188,0.00010191773718840188,0.00022574071098098575,0.00022574071098098575,0.0,0.00022574071098098575,300.28699854818035,300.25665677766625,6.849372848274549e-06
148,237,contact,0.001971188714050483,-2.8811285949517217e-05,2.8811285949517217e-05,0.00012002351009180914,0.00012002351009180914,0.0,0.00012002351009180914,300.28699854818035,300.22923868064464,6.9325420440736145e-06
148,320,contact,0.0019074166343250765,-9.258336567492353e-05,9.258336567492353e-05,0.00021515502047933198,0.00021515502047933198,0.0,0.00021515502047933198,300.28699854818035,300.3537519779851,-1.4362335556706318e-05
148,394,contact,0.0019575108418856844,-4.248915811431563e-05,4.248915811431563e-05,0.00014575520250460297,0.00014575520250460297,0.0,0.00014575520250460297,300.28699854818035,300.34175934008715,-7.98167031368826e-06
148,417,contact,0.0022046318995469515,-4.5368100453048715e-05,4.5368100453048715e-05,0.0001587592524916067,0.0001587592524916067,0.0,0.0001587592524916067,300.28699854818035,300.2330672601222,8.562090978021719e-06
149,277,contact,0.0019259846366209683,-7.40153633790317e-05,7.40153633790317e-05,0.00019237380718152835,0.00019237380718152835,0.0,0.00019237380718152835,300.9416538597839,300.93820551273814,6.633716496790648e-07
149,291,contact,0.001967293381094329,-3.270661890567104e-05,3.270661890567104e-05,0.00012788005885530206,0.00012788005885530206,0.0,0.00012788005885530206,300.9416538597839,300.9159308451942,3.2894606196649615e-06
149,350,contact,0.001970367303850732,-2.9632696149267928e-05,2.9632696149267928e-05,0.00012172242223450026,0.00012172242223450026,0.0,0.00012172242223450026,300.9416538597839,300.9427680009611,-1.35615962799656e-07
149,430,contact,0.0021449013899359107,-0.00010509861006408961,0.00010509861006408961,0.00024163633150309165,0.00024163633150309165,0.0,0.00024163633150309165,300.9416538597839,300.8386059521704,2.4900118364802736e-05
149,474,contact,0.0022300278327946404,-1.9972167205359846e-05,1.9972167205359846e-05,0.00010533588394949812,0.00010533588394949812,0.0,0.00010533588394949812,300.9416538597839,300.9454795191016,-4.0297920591637805e-07
150,154,contact,0.0018942544457912728,-0.00010574555420872728,0.00010574555420872728,0.00022994081217644603,0.00022994081217644603,0.0,0.00022994081217644603,300.4701619757254,300.48925111324655,-4.389371785367468e-06
150,158,contact,0.001884568290113149,-0.00011543170988685095,0.00011543170988685095,0.00024024124321903072,0.00024024124321903072,0.0,0.00024024124321903072,300.4701619757254,300.4530711895523,4.105911717809231e-06
150,278,contact,0.0018208609567454618,-0.00017913904325453822,0.00017913904325453822,0.0002992816760633185,0.0002992816760633185,0.0,0.0002992816760633185,300.4701619757254,300.4821133861661,-3.5768381480138466e-06
150,495,contact,0.002079473563813688,-0.00017052643618631217,0.00017052643618631217,0.0003077936142813812,0.0003077936142813812,0.0,0.0003077936142813812,300.4701619757254,300.45363309614726,5.087483585370648e-06
151,177,contact,0.001912540362789764,-8.745963721023598e-05,8.745963721023598e-05,0.00020911675830769276,0.00020911675830769276,0.0,0.00020911675830769276,300.5029698023513,300.56708196845045,-1.3406928342741608e-05
151,481,contact,0.002143510458523587,-0.00010648954147641316,0.00010648954147641316,0.0002432300482584031,0.0002432300482584031,0.0,0.0002432300482584031,300.5029698023513,300.44162786704226,1.4920201885479393e-05
152,325,contact,0.0019835432019641723,-1.645679803582772e-05,1.645679803582772e-05,9.071052319281297e-05,0.00016492822398693268,0.0,0.00016492822398693268,300.03294580454315,300.04571167618,-2.1054525367145906e-06
152,389,contact,0.0018268725605970243,-0.00017312743940297573,0.00017312743940297573,0.0002942171301972199,0.0002942171301972199,0.0,0.0002942171301972199,300.03294580454315,300.131841216185,-2.9096724202945714e-05
153,224,contact,0.0018904665837300588,-0.00010953341626994124,0.00010953341626994124,0.00023402287951174906,0.00023402287951174906,0.0,0.00023402287951174906,300.7385390102839,300.8534477456824,-2.6891273139010853e-05
153,305,contact,0.0018611461195994262,-0.00013885388040057382,0.00013885388040057382,0.00026348992428608517,0.00026348992428608517,0.0,0.00026348992428608517,300.7385390102839,300.67138479511505,1.7694459070329477e-05
153,336,contact,0.0018836079741018298,-0.00011639202589817021,0.00011639202589817021,0.0002412384980658873,0.0002412384980658873,0.0,0.0002412384980658873,300.7385390102839,300.7842462827059,-1.1026353749776722e-05
153,374,contact,0.0018785525812859214,-0.0001214474187140786,0.0001214474187140786,0.00024642181185325154,0.00024642181185325154,0.0,0.00024642181185325154,300.7385390102839,300.794887101684,-1.3885398777294838e-05
153,405,contact,0.0021326778196157524,-0.0001173221803842479,0.0001173221803842479,0.00025530176086811454,0.00025530176086811454,0.0,0.00025530176086811454,300.7385390102839,300.6096817617124,3.289748246091869e-05
153,413,contact,0.0021905112525846568,-5.9488747415343494e-05,5.9488747415343494e-05,0.00018179467571861194,0.00018179467571861194,0.0,0.00018179467571861194,300.7385390102839,300.73187718627804,1.2110841348372431e-06
154,212,contact,0.0019211554536007751,-7.884454639922492e-05,7.884454639922492e-05,0.0001985504298650911,0.0001985504298650911,0.0,0.0001985504298650911,300.48925111324655,300.5816822507743,-1.835224208905209e-05
154,422,contact,0.0021831927259406128,-6.680727405938749e-05,6.680727405938749e-05,0.0001926529321220294,0.0001926529321220294,0.0,0.0001926529321220294,300.48925111324655,300.4593226467314,5.765806828064076e-06
155,447,contact,0.0021926312070204607,-5.736879297953959e-05,5.736879297953959e-05,0.0001785260531555542,0.0001785260531555542,0.0,0.0001785260531555542,300.84139521800313,300.89440545089326,-9.463707654731789e-06
155,450,contact,0.0022293528376863096,-2.064716231369064e-05,2.064716231369064e-05,0.00010710110050708225,0.00010710110050708225,0.0,0.00010710110050708225,300.84139521800313,300.72374923369375,1.2600014389773173e-05
155,483,contact,0.002216259943838561,-3.37400561614392e-05,3.37400561614392e-05,0.00013691046579879858,0.00013691046579879858,0.0,0.00013691046579879858,300.84139521800313,300.9269751061608,-1.1716782350675342e-05
156,170,contact,0.0019016271045870167,-9.837289541298334e-05,9.837289541298334e-05,0.00022178017879533705,0.00022178017879533705,0.0,0.00022178017879533705,300.3017070851665,300.3424588711211,-9.037938375233659e-06
156,420,contact,0.002181834726096365,-6.816527390363526e-05,6.816527390363526e-05,0.00019460112181878783,0.00019460112181878783,0.0,0.00019460112181878783,300.3017070851665,300.2528382911921,9.509922129350783e-06
156,470,contact,0.002187371148685106,-6.262885131489435e-05,6.262885131489435e-05,0.0001865309794271515,0.0001865309794271515,0.0,0.0001865309794271515,300.3017070851665,300.3657958999722,-1.195454939603258e-05
156,488,contact,0.0022373481444111464,-1.2651855588853914e-05,1.2651855588853914e-05,8.383799055603848e-05,8.383799055603848e-05,0.0,8.383799055603848e-05,300.3017070851665,300.4095370750678,-9.040249675002114e-06
157,162,contact,0.0018473923548883702,-0.00015260764511162983,0.00015260764511162983,0.0002762314655426042,0.0005022390282592803,0.0,0.0005022390282592803,300.14091551505277,300.1413658776646,-2.2618968053659198e-07
157,285,contact,0.0018581289002649946,-0.00014187109973500542,0.00014187109973500542,0.0002663372859129993,0.0002663372859129993,0.0,0.0002663372859129993,300.14091551505277,300.12662095194713,3.8071751408672853e-06
157,319,contact,0.001841914144144617,-0.00015808585585538296,0.00015808585585538296,0.00028114574143616594,0.00028114574143616594,0.0,0.00028114574143616594,300.14091551505277,300.23194415927827,-2.559231567270796e-05
157,415,contact,0.002126854384413752,-0.00012314561558624806,0.00012314561558624806,0.00026156114176469124,0.00047556571229943857,0.0,0.00047556571229943857,300.14091551505277,300.04864933060185,4.3878633729553496e-05
157,443,contact,0.0021108545713999344,-0.00013914542860006584,0.00013914542860006584,0.0002780341991355119,0.0002780341991355119,0.0,0.0002780341991355119,300.14091551505277,300.23513629672664,-2.6196599574616e-05
157,467,contact,0.0020908217460127968,-0.0001591782539872035,0.0001591782539872035,0.0002973757947887221,0.0002973757947887221,0.0,0.0002973757947887221,300.14091551505277,300.12635718134345,4.329296057607629e-06
158,177,contact,0.001967050895554052,-3.294910444594798e-05,3.294910444594798e-05,0.00012835323222643827,0.00012835323222643827,0.0,0.00012835323222643827,300.4530711895523,300.56708196845045,-1.4633651980231117e-05
158,278,contact,0.0018577856441204408,-0.0001422143558795592,0.0001422143558795592,0.00026665929186844324,0.00026665929186844324,0.0,0.00026665929186844324,300.4530711895523,300.4821133861661,-7.744371583332764e-06
158,373,contact,0.0018205553317875295,-0.00017944466821247056,0.00017944466821247056,0.0002995368660219227,0.0002995368660219227,0.0,0.0002995368660219227,300.4530711895523,300.3798867700518,2.1921431658806947e-05
158,470,contact,0.0021976448183680638,-5.235518163193651e-05,5.235518163193651e-05,0.00017054680301237693,0.00017054680301237693,0.0,0.00017054680301237693,300.4530711895523,300.3657958999722,1.4884521619861586e-05
159,251,contact,0.0019003548502845458,-9.964514971545421e-05,9.964514971545421e-05,0.0002232097104915624,0.0002232097104915624,0.0,0.0002232097104915624,300.0603146308928,300.05144961120794,1.9787584773536744e-06
159,352,contact,0.0019469785444375086,-5.302145556249148e-05,5.302145556249148e-05,0.00016282115274510785,0.00016282115274510785,0.0,0.00016282115274510785,300.0603146308928,300.0823623221732,-3.5898305096462746e-06
159,389,contact,0.0018948953620738537,-0.00010510463792614633,0.00010510463792614633,0.00022924292565545653,0.00022924292565545653,0.0,0.00022924292565545653,300.0603146308928,300.131841216185,-1.639696367453927e-05
159,396,contact,0.0019915109431032515,-8.489056896748576e-06,8.489056896748576e-06,6.515004565135997e-05,6.515004565135997e-05,0.0,6.515004565135997e-05,300.0603146308928,300.0468372478796,8.780521185705979e-07
160,422,contact,0.0021766601892273204,-7.333981077267985e-05,7.333981077267985e-05,0.00020185227102550882,0.00020185227102550882,0.0,0.00020185227102550882,300.47150947143285,300.4593226467314,2.4599382425821225e-06
160,435,contact,0.0021686852636793558,-8.131473632064451e-05,8.131473632064451e-05,0.00021254376846068475,0.00021254376846068475,0.0,0.00021254376846068475,300.47150947143285,300.438230498213,7.07323837865228e-06
161,213,contact,0.001989944004237305,-1.005599576269509e-05,1.005599576269509e-05,7.090837666557841e-05,7.090837666557841e-05,0.0,7.090837666557841e-05,300.28799812005354,300.2438539990331,3.130187960889061e-06
161,243,contact,0.0019041351160041136,-9.586488399588645e-05,9.586488399588645e-05,0.00021893478937332737,0.00021893478937332737,0.0,0.00021893478937332737,300.28799812005354,300.25148952449103,7.993001679793917e-06
161,371,contact,0.0018921694084040154,-0.0001078305915959846,0.0001078305915959846,0.00023219667482113584,0.00023219667482113584,0.0,0.00023219667482113584,300.28799812005354,300.40786217279043,-2.783203447609034e-05
161,423,contact,0.0021630418511901237,-8.695814880987657e-05,8.695814880987657e-05,0.0002197955474347778,0.0002197955474347778,0.0,0.0002197955474347778,300.28799812005354,300.2473854157998,8.926491564262021e-06
161,491,contact,0.002081429040347039,-0.0001685709596529611,0.0001685709596529611,0.00030602374604029334,0.00030602374604029334,0.0,0.00030602374604029334,300.28799812005354,300.26256756647143,7.782353271076244e-06
162,171,contact,0.001909847212868086,-9.015278713191415e-05,9.015278713191415e-05,0.00021231201936291094,0.00038602185338711077,0.0,0.00038602185338711077,300.1413658776646,300.0692940665566,2.7821294100877153e-05
162,415,contact,0.002172987086800103,-7.701291319989721e-05,7.701291319989721e-05,0.0002068452362944834,0.002068452362944834,0.0,0.002068452362944834,300.1413658776646,300.04864933060185,0.00019177976085606058
162,419,contact,0.0020767068305372343,-0.000173293169462766,0.000173293169462766,0.00031028049090277976,0.0031028049090277977,0.0,0.0031028049090277977,300.1413658776646,300.212213788211,-0.00021982724463765968
163,232,contact,0.0019951663963191143,-4.833603680885756e-06,4.833603680885756e-06,4.9160978839348575e-05,4.9160978839348575e-05,0.0,4.9160978839348575e-05,300.95314204134456,300.8814343366608,3.5252209525772906e-06
164,217,contact,0.0019219378210805888,-7.806217891941124e-05,7.806217891941124e-05,0.00019756287469994364,0.00019756287469994364,0.0,0.00019756287469994364,300.1675233266182,300.1565989649873,2.1582482880593073e-06
164,235,contact,0.0019153090476474023,-8.469095235259772e-05,8.469095235259772e-05,0.00020578016468138726,0.00020578016468138726,0.0,0.00020578016468138726,300.1675233266182,300.23832931566847,-1.4570468087190349e-05
164,237,contact,0.0018981314551421353,-0.00010186854485786474,0.00010186854485786474,0.00022568622560744013,0.00022568622560744013,0.0,0.00022568622560744013,300.1675233266182,300.22923868064464,-1.3928305312252501e-05
164,283,contact,0.0019186147211204241,-8.138527887957591e-05,8.138527887957591e-05,0.00020172416672225457,0.00020172416672225457,0.0,0.00020172416672225457,300.1675233266182,300.0534681143462,2.300769265590614e-05
165,246,contact,0.001976980079616383,-2.3019920383616967e-05,2.3019920383616967e-05,0.00010728448253036636,0.00010728448253036636,0.0,0.00010728448253036636,300.9510882552639,300.9418749624025,9.884433570394408e-07
166,218,contact,0.0019191364676854014,-8.086353231459868e-05,8.086353231459868e-05,0.0002010765181648502,0.0002010765181648502,0.0,0.0002010765181648502,300.26607619522383,300.25061951411044,3.107975620665228e-06
166,234,contact,0.0019181841836747589,-8.181581632524118e-05,8.181581632524118e-05,0.00020225703489031127,0.00020225703489031127,0.0,0.00020225703489031127,300.26607619522383,300.2843444840219,-3.6948899248201916e-06
166,382,contact,0.001967809547796738,-3.21904522032619e-05,3.21904522032619e-05,0.00012686696221487668,0.00012686696221487668,0.0,0.00012686696221487668,300.26607619522383,300.20146185647707,8.197424872325025e-06
167,175,contact,0.0018739947263799856,-0.00012600527362001445,0.00012600527362001445,0.00025100326055652587,0.00025100326055652587,0.0,0.00025100326055652587,300.61839409519666,300.5737532834378,1.1204989305369403e-05
167,294,contact,0.0019761752058205773,-2.3824794179422727e-05,2.3824794179422727e-05,0.00010914392832270315,0.00010914392832270315,0.0,0.00010914392832270315,300.61839409519666,300.6582151759503,-4.3462291835094205e-06
167,362,contact,0.0019350772319987636,-6.492276800123642e-05,6.492276800123642e-05,0.0001801704304280206,0.0001801704304280206,0.0,0.0001801704304280206,300.61839409519666,300.73572798517444,-2.1140097461089164e-05
167,421,contact,0.0020742099307688223,-0.00017579006923117797,0.00017579006923117797,0.0003125078392182773,0.0003125078392182773,0.0,0.0003125078392182773,300.61839409519666,300.64364496057095,-7.891093376510776e-06
167,424,contact,0.0021268651011759065,-0.00012313489882409372,0.00012313489882409372,0.0002615497603220016,0.0002615497603220016,0.0,0.0002615497603220016,300.61839409519666,300.5487847983312,1.8206294911341805e-05
168,233,contact,0.0018751877545995224,-0.00012481224540047769,0.00012481224540047769,0.00024981217484389915,0.00024981217484389915,0.0,0.00024981217484389915,300.53182071579266,300.5544530150298,-5.653823894152674e-06
168,439,contact,0.002182867477160556,-6.713252283944418e-05,6.713252283944418e-05,0.00019312132461722975,0.00019312132461722975,0.0,0.00019312132461722975,300.53182071579266,300.40286578297537,2.4903947441601663e-05
168,455,contact,0.0021303722920327796,-0.00011962770796722063,0.00011962770796722063,0.0002577980561594036,0.0002577980561594036,0.0,0.0002577980561594036,300.53182071579266,300.46527753996656,1.715470137864146e-05
168,465,contact,0.00208207567527145,-0.00016792432472855032,0.00016792432472855032,0.0003054362315048123,0.0003054362315048123,0.0,0.0003054362315048123,300.53182071579266,300.6510103245261,-3.640482492607799e-05
169,284,contact,0.0018722577776067591,-0.0001277422223932409,0.0001277422223932409,0.0002527273455655728,0.0002527273455655728,0.0,0.0002527273455655728,300.7865628691809,300.89325651725244,-2.6964402465828013e-05
169,412,contact,0.002243885409442514,-6.114590557486366e-06,6.114590557486366e-06,5.82837434810007e-05,0.00010597044269272855,0.0,0.00010597044269272855,300.7865628691809,300.818730442706,-3.4088120068058028e-06
169,441,contact,0.002185458554836719,-6.454144516328123e-05,6.454144516328123e-05,0.00018935775247938788,0.00018935775247938788,0.0,0.00018935775247938788,300.7865628691809,300.8512384069459,-1.22468144715812e-05
169,457,contact,0.0021812441031963847,-6.875589680361551e-05,6.875589680361551e-05,0.0001954423711646302,0.0001954423711646302,0.0,0.0001954423711646302,300.7865628691809,300.75315371348086,6.529564608624527e-06
169,463,contact,0.0022139458310077974,-3.605416899220282e-05,3.605416899220282e-05,0.00014152771419251114,0.00014152771419251114,0.0,0.00014152771419251114,300.7865628691809,300.7583366253771,3.994795765788371e-06
170,230,contact,0.001977769203446145,-2.2230796553855247e-05,2.2230796553855247e-05,0.00010542958919073727,0.00010542958919073727,0.0,0.00010542958919073727,300.3424588711211,300.34556736288425,-3.2772700959247703e-07
170,300,contact,0.0019991307287418702,-8.692712581298036e-07,8.692712581298036e-07,2.0847916660062267e-05,2.0847916660062267e-05,0.0,2.0847916660062267e-05,300.3424588711211,300.2492815409208,1.9425532146233614e-06
170,343,contact,0.0019424508810005985,-5.7549118999401534e-05,5.7549118999401534e-05,0.0001696306561317876,0.0001696306561317876,0.0,0.0001696306561317876,300.3424588711211,300.2465053944306,1.6276651209137533e-05
170,468,contact,0.0022096075613103785,-4.039243868962173e-05,4.039243868962173e-05,0.00014980067995992713,0.00014980067995992713,0.0,0.00014980067995992713,300.3424588711211,300.3665730095961,-3.6123143402027556e-06
170,495,contact,0.0021708203809159337,-7.917961908406653e-05,7.917961908406653e-05,0.00020973477839625419,0.00020973477839625419,0.0,0.00020973477839625419,300.3424588711211,300.45363309614726,-2.331710144923725e-05
171,268,contact,0.0019052981276692631,-9.470187233073693e-05,9.470187233073693e-05,0.0002176027025690822,0.0002176027025690822,0.0,0.0002176027025690822,300.0692940665566,300.1231098727103,-1.1710464859977507e-05
172,189,contact,0.001877259250396706,-0.00012274074960329402,0.00012274074960329402,0.00024773044786954835,0.00024773044786954835,0.0,0.00024773044786954835,300.41317455186174,300.3995648766252,3.3715309417030294e-06
172,255,contact,0.0019019158783776433,-9.808412162235674e-05,9.808412162235674e-05,0.00022145442152094946,0.00022145442152094946,0.0,0.00022145442152094946,300.41317455186174,300.3419943913004,1.57631612808862e-05
172,387,contact,0.001900638223124011,-9.936177687598895e-05,9.936177687598895e-05,0.0002228921004387425,0.0002228921004387425,0.0,0.0002228921004387425,300.41317455186174,300.529893431026,-2.6015716137772975e-05
172,442,contact,0.002121968019086292,-0.00012803198091370814,0.00012803198091370814,0.000266699978037857,0.000266699978037857,0.0,0.000266699978037857,300.41317455186174,300.3511953769102,1.6529844598381736e-05
173,183,contact,0.0018842876733459132,-0.00011571232665408683,0.00011571232665408683,0.00024053308156476817,0.00024053308156476817,0.0,0.00024053308156476817,300.6500359443176,300.63791091496705,2.9164706737526906e-06
173,223,contact,0.0018849364011297573,-0.00011506359887024278,0.00011506359887024278,0.0002398578734065684,0.0002398578734065684,0.0,0.0002398578734065684,300.6500359443176,300.5738694713008,1.8269128242694737e-05
173,416,contact,0.0022088071473512485,-4.119285264875174e-05,4.119285264875174e-05,0.00015127761942268728,0.00015127761942268728,0.0,0.00015127761942268728,300.6500359443176,300.57643918568084,1.1133542443796339e-05
173,437,contact,0.0021624592599732368,-8.754074002676349e-05,8.754074002676349e-05,0.00022053059755805553,0.00022053059755805553,0.0,0.00022053059755805553,300.6500359443176,300.81955506397213,-3.738415275492766e-05
174,205,contact,0.001954829942731592,-4.517005726840809e-05,4.517005726840809e-05,0.00015028316151253953,0.00015028316151253953,0.0,0.00015028316151253953,300.2853564534521,300.3343530791558,-7.3633678141976924e-06
174,218,contact,0.0018296437835819295,-0.0001703562164180705,0.0001703562164180705,0.00029185288795733244,0.00029185288795733244,0.0,0.00029185288795733244,300.2853564534521,300.25061951411044,1.0138076065660886e-05
174,353,contact,0.0018752508581253865,-0.00012474914187461357,0.00012474914187461357,0.00024974901588856516,0.00024974901588856516,0.0,0.00024974901588856516,300.2853564534521,300.17178979382476,2.8363161479679345e-05
174,373,contact,0.001851279372326067,-0.00014872062767393298,0.00014872062767393298,0.0002726908759694143,0.0002726908759694143,0.0,0.0002726908759694143,300.2853564534521,300.3798867700518,-2.5777554839246498e-05
174,477,contact,0.0021884984632619692,-6.150153673803102e-05,6.150153673803102e-05,0.00018484458447576234,0.00018484458447576234,0.0,0.00018484458447576234,300.2853564534521,300.31435549016766,-5.360314891885255e-06
175,424,contact,0.0021660266032761466,-8.397339672385363e-05,8.397339672385363e-05,0.0002159904791161119,0.0002159904791161119,0.0,0.0002159904791161119,300.5737532834378,300.5487847983312,5.3929550609714425e-06
175,456,contact,0.0021253323915331455,-0.00012466760846685477,0.00012466760846685477,0.0002631725336762672,0.0002631725336762672,0.0,0.0002631725336762672,300.5737532834378,300.55892397113325,3.902667691859219e-06
175,485,contact,0.00216542127774251,-8.457872225749044e-05,8.457872225749044e-05,0.00021676756914247835,0.00021676756914247835,0.0,0.00021676756914247835,300.5737532834378,300.56257073877384,2.424013023629172e-06
176,198,contact,0.0018452588573151458,-0.0001547411426848543,0.0001547411426848543,0.00027815566027393214,0.00027815566027393214,0.0,0.00027815566027393214,300.84145253359134,300.7924032064112,1.36433479877768e-05
176,203,contact,0.0019349608782608515,-6.503912173914852e-05,6.503912173914852e-05,0.00018033180770339507,0.00018033180770339507,0.0,0.00018033180770339507,300.84145253359134,300.7782524536287,1.139698466666475e-05
176,264,contact,0.0019041906431867578,-9.580935681324223e-05,9.580935681324223e-05,0.0002188713741141612,0.0002188713741141612,0.0,0.0002188713741141612,300.84145253359134,300.90854608147185,-1.4684857018803176e-05
176,427,contact,0.002110166941286875,-0.0001398330587131253,0.0001398330587131253,0.00027872034841109635,0.00027872034841109635,0.0,0.00027872034841109635,300.84145253359134,300.7796272973706,1.7231951380039424e-05
177,212,contact,0.001924479763546502,-7.552023645349798e-05,7.552023645349798e-05,0.0001943196290310091,0.0001943196290310091,0.0,0.0001943196290310091,300.56708196845045,300.5816822507743,-2.8371214449166804e-06
177,273,contact,0.0018671066592190174,-0.00013289334078098267,0.00013289334078098267,0.00025777251674779324,0.00025777251674779324,0.0,0.00025777251674779324,300.56708196845045,300.59752911286665,-7.848437043947509e-06
177,278,contact,0.001868295844613481,-0.00013170415538651904,0.00013170415538651904,0.0002566165966831832,0.0002566165966831832,0.0,0.0002566165966831832,300.56708196845045,300.4821133861661,2.1804348410811405e-05
177,316,contact,0.0019383839958584058,-6.16160041415942e-05,6.16160041415942e-05,0.00017552208428228368,0.00017552208428228368,0.0,0.00017552208428228368,300.56708196845045,300.61881987682574,-9.08114551443622e-06
177,368,contact,0.001965314519001984,-3.468548099801617e-05,3.468548099801617e-05,0.00013169183915113375,0.00013169183915113375,0.0,0.00013169183915113375,300.56708196845045,300.6880073385232,-1.5924884384914367e-05
177,452,contact,0.002203852937788726,-4.614706221127418e-05,4.614706221127418e-05,0.00016011638512045297,0.00016011638512045297,0.0,0.00016011638512045297,300.56708196845045,300.6554760471381,-1.4153340345520428e-05
178,216,contact,0.001966216909753347,-3.3783090246652936e-05,3.3783090246652936e-05,0.00012996747717535518,0.00023630450395519122,0.0,0.00023630450395519122,300.8053241944588,300.90140630824584,-2.2704636237407954e-05
178,228,contact,0.001979751308371837,-2.0248691628163215e-05,2.0248691628163215e-05,0.0001006198082590183,0.0001006198082590183,0.0,0.0001006198082590183,300.8053241944588,300.8395311477184,-3.4418970781031472e-06
178,245,contact,0.0019871151415808796,-1.2884858419120408e-05,1.2884858419120408e-05,8.026474449943888e-05,8.026474449943888e-05,0.0,8.026474449943888e-05,300.8053241944588,300.6389133852386,1.3356921084006156e-05
178,392,contact,0.0019901564096824155,-9.843590317584576e-06,9.843590317584576e-06,7.015550697409497e-05,7.015550697409497e-05,0.0,7.015550697409497e-05,300.8053241944588,300.8660125617269,-4.257623173122583e-06
178,393,contact,0.001973700358058437,-2.6299641941562868e-05,2.6299641941562868e-05,0.00011467266880465211,0.00011467266880465211,0.0,0.00011467266880465211,300.8053241944588,300.793217210365,1.3883401772120736e-06
179,273,contact,0.0018475776437541136,-0.00015242235624588645,0.00015242235624588645,0.0002760637211278281,0.0002760637211278281,0.0,0.0002760637211278281,300.6072841523969,300.59752911286665,2.693012512473163e-06
179,286,contact,0.0018602086690745207,-0.0001397913309254793,0.0001397913309254793,0.0002643778838381525,0.0002643778838381525,0.0,0.0002643778838381525,300.6072841523969,300.71219461514613,-2.773600613411932e-05
179,306,contact,0.001899730605533322,-0.00010026939446667812,0.00010026939446667812,0.00022390778734411866,0.00022390778734411866,0.0,0.00022390778734411866,300.6072841523969,300.6234783859613,-3.62601500513038e-06
179,342,contact,0.0019493012971062216,-5.06987028937784e-05,5.06987028937784e-05,0.00015921479657019695,0.00015921479657019695,0.0,0.00015921479657019695,300.6072841523969,300.5592751139402,7.643749291416165e-06
179,497,contact,0.0021900006267807316,-5.9999373219268674e-05,5.9999373219268674e-05,0.00018257323221605056,0.00018257323221605056,0.0,0.00018257323221605056,300.6072841523969,300.49212346273805,2.1025259335248422e-05
180,299,contact,0.0019911289479589214,-8.871052041078617e-06,8.871052041078617e-06,6.659974489845519e-05,0.00012109044526991852,0.0,0.00012109044526991852,300.34306672590714,300.3554247122421,-1.4964340679401024e-06
180,354,contact,0.0019170894647094583,-8.291053529054177e-05,8.291053529054177e-05,0.0002036056670264138,0.00037019212186620694,0.0,0.00037019212186620694,300.34306672590714,300.4638102327347,-4.469829499406867e-05
180,419,contact,0.0021921234540052716,-5.7876545994728704e-05,5.7876545994728704e-05,0.0001793143515275288,0.000326026093686416,0.0,0.000326026093686416,300.34306672590714,300.212213788211,4.266147212446689e-05
180,420,contact,0.0021992958162102712,-5.0704183789729036e-05,5.0704183789729036e-05,0.00016783620287141242,0.00016783620287141242,0.0,0.00016783620287141242,300.34306672590714,300.2528382911921,1.5143597873599372e-05
180,488,contact,0.0021950830346253417,-5.491696537465859e-05,5.491696537465859e-05,0.00017466947417377673,0.00017466947417377673,0.0,0.00017466947417377673,300.34306672590714,300.4095370750678,-1.161034093604358e-05
181,251,contact,0.001959383357487759,-4.061664251224116e-05,4.061664251224116e-05,0.00014250726738002025,0.00014250726738002025,0.0,0.00014250726738002025,300.0601353733461,300.05144961120794,1.237784227421576e-06
181,295,contact,0.0019549881601176006,-4.501183988239949e-05,4.501183988239949e-05,0.0001500197318395142,0.0002727631487991167,0.0,0.0002727631487991167,300.0601353733461,300.1212630798858,-1.6673385714638995e-05
181,370,contact,0.001958315691225498,-4.1684308774502226e-05,4.1684308774502226e-05,0.00014436812109067262,0.00014436812109067262,0.0,0.00014436812109067262,300.0601353733461,300.156027133767,-1.3843713280041935e-05
182,224,contact,0.0019748494111605066,-2.5150588839493483e-05,2.5150588839493483e-05,0.0001121396202051119,0.0001121396202051119,0.0,0.0001121396202051119,300.9465738877184,300.8534477456824,1.0443130199084209e-05
182,449,contact,0.0022399187488435822,-1.0081251156418038e-05,1.0081251156418038e-05,7.483779183606976e-05,7.483779183606976e-05,0.0,7.483779183606976e-05,300.9465738877184,300.93484293592877,8.779185280702545e-07
182,472,contact,0.002227556962541026,-2.244303745897432e-05,2.244303745897432e-05,0.00011166178461709548,0.00011166178461709548,0.0,0.00011166178461709548,300.9465738877184,300.9437216208307,3.1848921088644415e-07
183,247,contact,0.001889287476193075,-0.00011071252380692514,0.00011071252380692514,0.0002352791148900866,0.00042778020889106655,0.0,0.00042778020889106655,300.63791091496705,300.5519754809036,3.6761477934810606e-05
183,430,contact,0.002171304461401026,-7.869553859897417e-05,7.869553859897417e-05,0.00020909266765263855,0.00020909266765263855,0.0,0.00020909266765263855,300.63791091496705,300.8386059521704,-4.196386071349014e-05
183,476,contact,0.0022270900151767545,-2.2909984823245733e-05,2.2909984823245733e-05,0.0001128174159704415,0.00020512257449171184,0.0,0.00020512257449171184,300.63791091496705,300.59833041792774,8.118853452364867e-06
184,418,contact,0.0021719660681799335,-7.803393182006678e-05,7.803393182006678e-05,0.00020821187368755303,0.00020821187368755303,0.0,0.00020821187368755303,300.96201591249684,300.94420145055716,3.7091824991961543e-06
184,483,contact,0.0021714651180495628,-7.853488195043749e-05,7.853488195043749e-05,0.00020887912766110757,0.00020887912766110757,0.0,0.00020887912766110757,300.96201591249684,300.9269751061608,7.319293060014242e-06
185,384,contact,0.001971427935728061,-2.8572064271939045e-05,2.8572064271939045e-05,0.00011952419058905826,0.00011952419058905826,0.0,0.00011952419058905826,300.91340315929847,300.96835329222796,-6.567870161158598e-06
185,483,contact,0.0022372995043893878,-1.2700495610612483e-05,1.2700495610612483e-05,8.399899341530655e-05,8.399899341530655e-05,0.0,8.399899341530655e-05,300.91340315929847,300.9269751061608,-1.1400298751215697e-06
186,246,contact,0.0019623669160215677,-3.7633083978432305e-05,3.7633083978432305e-05,0.0001371734011724436,0.0001371734011724436,0.0,0.0001371734011724436,300.8343275185501,300.9418749624025,-1.4752648660637643e-05
186,414,contact,0.002220564288463633,-2.9435711536367117e-05,2.9435711536367117e-05,0.0001278795256315862,0.0001278795256315862,0.0,0.0001278795256315862,300.8343275185501,300.7642454567896,8.962060813216498e-06
186,429,contact,0.002110523709139511,-0.00013947629086048926,0.00013947629086048926,0.0002783645599853318,0.0002783645599853318,0.0,0.0002783645599853318,300.8343275185501,300.8356063481758,-3.5598084606328097e-07
186,441,contact,0.002139189427657121,-0.00011081057234287907,0.00011081057234287907,0.00024811575741854296,0.00024811575741854296,0.0,0.00024811575741854296,300.8343275185501,300.8512384069459,-4.1958578829546724e-06
186,457,contact,0.002181202767167693,-6.879723283230747e-05,6.879723283230747e-05,0.00019550111229053784,0.00019550111229053784,0.0,0.00019550111229053784,300.8343275185501,300.75315371348086,1.5869569179889178e-05
187,244,contact,0.0019335143318837847,-6.648566811621537e-05,6.648566811621537e-05,0.00018232617491218227,0.00018232617491218227,0.0,0.00018232617491218227,300.90047891799725,300.88704109707436,2.450066488025147e-06
187,374,contact,0.0018823609518110926,-0.0001176390481889074,0.0001176390481889074,0.00024252736772260096,0.00024252736772260096,0.0,0.00024252736772260096,300.90047891799725,300.794887101684,2.5608905263494103e-05
187,427,contact,0.002146081671069394,-0.00010391832893060643,0.00010391832893060643,0.00024027568533134603,0.00024027568533134603,0.0,0.00024027568533134603,300.90047891799725,300.7796272973706,2.903770596946931e-05
187,472,contact,0.002112597351805419,-0.00013740264819458135,0.00013740264819458135,0.0002762875396259216,0.0002762875396259216,0.0,0.0002762875396259216,300.90047891799725,300.9437216208307,-1.1947419972621744e-05
188,308,contact,0.001824628485363528,-0.000175371514636472,0.000175371514636472,0.0002961178098632975,0.0005383960179332682,0.0,0.0005383960179332682,300.1890772748905,300.18553519331624,1.9070426147800635e-06
188,347,contact,0.0018666830167438724,-0.00013331698325612764,0.00013331698325612764,0.0002581830583676315,0.0004694237424866027,0.0,0.0004694237424866027,300.1890772748905,300.1833652170376,2.681375574616733e-06
188,377,contact,0.0018081772564104434,-0.0001918227435895566,0.0001918227435895566,0.00030969561152005093,0.0005630829300364563,0.0,0.0005630829300364563,300.1890772748905,300.3161086171142,-7.152918038577815e-05
188,410,contact,0.002066750738139459,-0.0001832492618605414,0.0001832492618605414,0.0003190691860366315,0.0005801257927938755,0.0,0.0005801257927938755,300.1890772748905,300.29800734799045,-6.319314501619819e-05
188,500,contact,0.0020931522050725297,-0.00015684779492747053,0.00015684779492747053,0.0002951908939120493,0.002951908939120493,0.0,0.002951908939120493,300.1890772748905,300.1449926131016,0.0001301339072128438
189,358,contact,0.0019161769517975114,-8.382304820248867e-05,8.382304820248867e-05,0.0002047230424286537,0.0002047230424286537,0.0,0.0002047230424286537,300.3995648766252,300.31150911831537,1.8027042744554565e-05
189,359,contact,0.0019986897157387882,-1.310284261211818e-06,1.310284261211818e-06,2.559574438468061e-05,2.559574438468061e-05,0.0,2.559574438468061e-05,300.3995648766252,300.4508965073669,-1.3138712993130024e-06
189,439,contact,0.0021341626568047714,-0.00011583734319522889,0.00011583734319522889,0.0002536810587192212,0.0002536810587192212,0.0,0.0002536810587192212,300.3995648766252,300.40286578297537,-8.373774176385766e-07
189,468,contact,0.0021325263915131275,-0.00011747360848687275,0.00011747360848687275,0.00025546646712639294,0.00025546646712639294,0.0,0.00025546646712639294,300.3995648766252,300.3665730095961,8.428315713834272e-06
190,393,contact,0.0018730703317547902,-0.00012692966824520984,0.00012692966824520984,0.0002519222779402507,0.0002519222779402507,0.0,0.0002519222779402507,300.78836740263375,300.793217210365,-1.221774611231645e-06
190,414,contact,0.0022003770546885825,-4.962294531141772e-05,4.962294531141772e-05,0.0001660370529453821,0.0001660370529453821,0.0,0.0001660370529453821,300.78836740263375,300.7642454567896,4.005136799274415e-06
190,490,contact,0.0021598827237375644,-9.01172762624359e-05,9.01172762624359e-05,0.00022375243792891077,0.00022375243792891077,0.0,0.00022375243792891077,300.78836740263375,300.8023771093615,-3.134706034999507e-06
191,215,contact,0.0019010978933237499,-9.890210667625019e-05,9.890210667625019e-05,0.00022237592796461828,0.00022237592796461828,0.0,0.00022237592796461828,300.13134354167596,300.2422672216785,-2.4666756273815833e-05
191,227,contact,0.0019183722944204548,-8.162770557954523e-05,8.162770557954523e-05,0.00020202438662144878,0.00020202438662144878,0.0,0.00020202438662144878,300.13134354167596,300.1700104365262,-7.811655714672428e-06
191,265,contact,0.0019238003924523977,-7.619960754760239e-05,7.619960754760239e-05,0.00019519171031014918,0.00019519171031014918,0.0,0.00019519171031014918,300.13134354167596,300.0674632308704,1.2468907121286383e-05
191,276,contact,0.0019490500639192973,-5.0949936080702755e-05,5.0949936080702755e-05,0.00015960879687646097,0.00015960879687646097,0.0,0.00015960879687646097,300.13134354167596,300.2406612161761,-1.744806250429653e-05
191,415,contact,0.00210402203476628,-0.00014597796523372047,0.00014597796523372047,0.0002847786325802713,0.0005177793319641296,0.0,0.0005177793319641296,300.13134354167596,300.04864933060185,4.2817353367254905e-05
191,458,contact,0.0021604663696526273,-8.953363034737297e-05,8.953363034737297e-05,0.00022302669290589532,0.00022302669290589532,0.0,0.00022302669290589532,300.13134354167596,300.15537557984123,-5.359785995789245e-06
192,277,contact,0.0019737188198578346,-2.6281180142165468e-05,2.6281180142165468e-05,0.00011463241282936836,0.00011463241282936836,0.0,0.00011463241282936836,300.9261379929026,300.93820551273814,-1.3833289156109542e-06
192,309,contact,0.0019423475232161727,-5.765247678382731e-05,5.765247678382731e-05,0.00016978291548890796,0.00016978291548890796,0.0,0.00016978291548890796,300.9261379929026,300.93861883254516,-2.1190333422591493e-06
192,444,contact,0.002200501302788981,-4.94986972110192e-05,4.94986972110192e-05,0.00016582905724975947,0.0003015073768177445,0.0,0.0003015073768177445,300.9261379929026,300.84727875380275,2.3776642318845157e-05
193,275,contact,0.0020000058798413565,-0.0,0.0,1.0000000000000001e-07,1.0000000000000001e-07,0.0,1.0000000000000001e-07,300.49074445482836,300.49074445482836,0.0
194,201,contact,0.0019466584714325213,-5.3341528567478784e-05,5.3341528567478784e-05,0.0001633118620423495,0.0001633118620423495,0.0,0.0001633118620423495,300.1363823662133,300.25665677766625,-1.9642238090429556e-05
194,237,contact,0.001989749560723661,-1.0250439276339104e-05,1.0250439276339104e-05,7.159063931946377e-05,7.159063931946377e-05,0.0,7.159063931946377e-05,300.1363823662133,300.22923868064464,-6.6476429149890915e-06
194,266,contact,0.0018645622659487675,-0.00013543773405123253,0.00013543773405123253,0.0002602284900344623,0.0002602284900344623,0.0,0.0002602284900344623,300.1363823662133,300.1231807751728,3.4354301025251828e-06
194,372,contact,0.0019471255502406608,-5.287444975933921e-05,5.287444975933921e-05,0.0001625952793892541,0.00029562778070773475,0.0,0.00029562778070773475,300.1363823662133,300.06393850141757,2.141641897545284e-05
194,500,contact,0.0021125320698394145,-0.00013746793016058577,0.00013746793016058577,0.00027635316591534924,0.0005024603016642713,0.0,0.0005024603016642713,300.1363823662133,300.1449926131016,-4.326307248889716e-06
195,361,contact,0.0019200676761249858,-7.993232387501427e-05,7.993232387501427e-05,0.00019991538694534529,0.00036348252171880963,0.0,0.00036348252171880963,300.5502776267558,300.57257376080594,-8.104255029119278e-06
195,403,contact,0.0021592283389442633,-9.077166105573697e-05,9.077166105573697e-05,0.0002245633553955777,0.002245633553955777,0.0,0.002245633553955777,300.5502776267558,300.48596494298323,0.00014442272062466292
195,456,contact,0.0021031159987266517,-0.00014688400127334852,0.00014688400127334852,0.000285661028020341,0.000519383687309711,0.0,0.000519383687309711,300.5502776267558,300.55892397113325,-4.49077022450394e-06
195,476,contact,0.002114528298131761,-0.00013547170186823916,0.00013547170186823916,0.00027433930923851616,0.0027433930923851614,0.0,0.0027433930923851614,300.5502776267558,300.59833041792774,-0.00013182769537088956
196,297,contact,0.0019840389645619373,-1.596103543806274e-05,1.596103543806274e-05,8.933374345134861e-05,8.933374345134861e-05,0.0,8.933374345134861e-05,300.55166346974113,300.5812857818165,-2.646272027378618e-06
197,227,contact,0.001942091885055904,-5.7908114944096086e-05,5.7908114944096086e-05,0.00017015891828537242,0.00017015891828537242,0.0,0.00017015891828537242,300.1090127580952,300.1700104365262,-1.0379298979732022e-05
197,317,contact,0.0019344721845110599,-6.552781548894017e-05,6.552781548894017e-05,0.000181008032265063,0.000181008032265063,0.0,0.000181008032265063,300.1090127580952,300.06366369637914,8.208544426294721e-06
197,411,contact,0.002211904681490592,-3.809531850940823e-05,3.809531850940823e-05,0.00014547874703392289,0.00014547874703392289,0.0,0.00014547874703392289,300.1090127580952,300.1666145087418,-8.379830511027438e-06
198,307,contact,0.0019299669126697486,-7.003308733025148e-05,7.003308733025148e-05,0.00018712707891998354,0.00018712707891998354,0.0,0.00018712707891998354,300.7924032064112,300.69141597647445,1.8897445346289816e-05
198,471,contact,0.0021579654650851115,-9.203453491488881e-05,9.203453491488881e-05,0.0002261200945845774,0.0002261200945845774,0.0,0.0002261200945845774,300.7924032064112,300.874368630743,-1.8534029502564856e-05
199,239,contact,0.0019570627859371295,-4.2937214062870564e-05,4.2937214062870564e-05,0.00014652169474666638,0.00014652169474666638,0.0,0.00014652169474666638,300.4842478902512,300.6238332018661,-2.045227641955583e-05
199,297,contact,0.0019719189811957284,-2.808101880427162e-05,2.808101880427162e-05,0.00011849265547761098,0.00011849265547761098,0.0,0.00011849265547761098,300.4842478902512,300.5812857818165,-1.14982774535234e-05
199,302,contact,0.0019660664674420346,-3.393353255796549e-05,3.393353255796549e-05,0.0001302565402541567,0.0001302565402541567,0.0,0.0001302565402541567,300.4842478902512,300.3597584505497,1.6215563713696626e-05
199,311,contact,0.0019798814712249833,-2.0118528775016787e-05,2.0118528775016787e-05,0.0001002958842002422,0.0001002958842002422,0.0,0.0001002958842002422,300.4842478902512,300.50358769771924,-1.939703090269829e-06
199,489,contact,0.0022055113200344268,-4.448867996557351e-05,4.448867996557351e-05,0.0001572130189081283,0.0001572130189081283,0.0,0.0001572130189081283,300.4842478902512,300.37182276558656,1.767469324965065e-05
200,255,contact,0.0019154551666463106,-8.454483335368942e-05,8.454483335368942e-05,0.00020560256972334932,0.00020560256972334932,0.0,0.00020560256972334932,300.43705820267917,300.3419943913004,1.954536390717565e-05
200,365,contact,0.0019060751901485954,-9.392480985140469e-05,9.392480985140469e-05,0.00021670810996753754,0.00021670810996753754,0.0,0.00021670810996753754,300.43705820267917,300.5438738902852,-2.3147825775991844e-05
200,416,contact,0.002220734155070791,-2.926584492920917e-05,2.926584492920917e-05,0.00012751001034604908,0.00012751001034604908,0.0,0.00012751001034604908,300.43705820267917,300.57643918568084,-1.7772470584585702e-05
200,475,contact,0.0021985257414003597,-5.147425859964054e-05,5.147425859964054e-05,0.00016910591454214022,0.00016910591454214022,0.0,0.00016910591454214022,300.43705820267917,300.3245899014041,1.9019054944117238e-05
201,237,contact,0.0019154427817087089,-8.455721829129115e-05,8.455721829129115e-05,0.00020561762848949887,0.00020561762848949887,0.0,0.00020561762848949887,300.25665677766625,300.22923868064464,5.6376440872783075e-06
201,240,contact,0.0019354990164037794,-6.450098359622063e-05,6.450098359622063e-05,0.0001795842192346263,0.0001795842192346263,0.0,0.0001795842192346263,300.25665677766625,300.28536525780123,-5.155589990453273e-06
201,266,contact,0.0018531480927330129,-0.00014685190726698716,0.00014685190726698716,0.0002709722377541537,0.0002709722377541537,0.0,0.0002709722377541537,300.25665677766625,300.1231807751728,3.616829108213367e-05
201,321,contact,0.0018837526456517597,-0.0001162473543482403,0.0001162473543482403,0.00024108852559613897,0.00024108852559613897,0.0,0.00024108852559613897,300.25665677766625,300.2205007729892,8.716797859031079e-06
201,378,contact,0.0018516993977425165,-0.00014830060225748355,0.00014830060225748355,0.0002723055290087621,0.000495100961834113,0.0,0.000495100961834113,300.25665677766625,300.27259763523665,-7.892333915565246e-06
201,438,contact,0.0021173585515448256,-0.00013264144845517465,0.00013264144845517465,0.00027145845646471973,0.0004935608299358541,0.0,0.0004935608299358541,300.25665677766625,300.35850374629854,-5.026767436460265e-05
202,324,contact,0.0019209557299638637,-7.904427003613637e-05,7.904427003613637e-05,0.0001988017480256856,0.001988017480256856,0.0,0.001988017480256856,300.57055373083006,300.4613129567144,0.00021717256849875503
202,334,contact,0.0019107955871262101,-8.920441287378991e-05,8.920441287378991e-05,0.00021119234464557412,0.0021119234464557412,0.0,0.0021119234464557412,300.57055373083006,300.57547079935324,-1.0384472301942425e-05
202,424,contact,0.0021314906976247867,-0.00011850930237521356,0.00011850930237521356,0.000256590142678091,0.00046652753214198364,0.0,0.00046652753214198364,300.57055373083006,300.5487847983312,1.0155806356051187e-05
203,307,contact,0.0019405529392675688,-5.944706073243125e-05,5.944706073243125e-05,0.00017240513439632714,0.00017240513439632714,0.0,0.00017240513439632714,300.7782524536287,300.69141597647445,1.4971054514279656e-05
203,348,contact,0.001982609620611432,-1.7390379388568245e-05,1.7390379388568245e-05,9.324800102031208e-05,0.00016954182003693104,0.0,0.00016954182003693104,300.7782524536287,300.86965914061756,-1.5497256075640043e-05
203,374,contact,0.0019345880198304694,-6.541198016953064e-05,6.541198016953064e-05,0.00018084797506404465,0.00018084797506404465,0.0,0.00018084797506404465,300.7782524536287,300.794887101684,-3.0083424167120673e-06
203,482,contact,0.0022170446144586273,-3.295538554137301e-05,3.295538554137301e-05,0.00013530908145052573,0.00013530908145052573,0.0,0.00013530908145052573,300.7782524536287,300.6679011861109,1.4931528644732771e-05
204,258,contact,0.0019206488827760784,-7.935111722392162e-05,7.935111722392162e-05,0.00019918724510359796,0.00019918724510359796,0.0,0.00019918724510359796,300.15802474850346,300.21886194479345,-1.2117993528828138e-05
204,262,contact,0.0018915480916444638,-0.00010845190835553627,0.00010845190835553627,0.00023286466923466112,0.00023286466923466112,0.0,0.00023286466923466112,300.15802474850346,300.07163725343605,2.011659546488406e-05
204,298,contact,0.001974675246377515,-2.532475362248491e-05,2.532475362248491e-05,0.00011252722697748512,0.00011252722697748512,0.0,0.00011252722697748512,300.15802474850346,300.07299028376485,9.568692514550782e-06
204,367,contact,0.0019485277294560496,-5.147227054395041e-05,5.147227054395041e-05,0.00016042485864720346,0.00016042485864720346,0.0,0.00016042485864720346,300.15802474850346,300.1908781230643,-5.2704979700047356e-06
204,381,contact,0.0019247879638206906,-7.52120361793094e-05,7.52120361793094e-05,0.00019392271163959804,0.00019392271163959804,0.0,0.00019392271163959804,300.15802474850346,300.0682654015339,1.740637595933896e-05
204,461,contact,0.0021951189041427787,-5.488109585722158e-05,5.488109585722158e-05,0.00017461242137504547,0.00017461242137504547,0.0,0.00017461242137504547,300.15802474850346,300.2443122075207,-1.5066862153298222e-05
205,218,contact,0.0019704043219095912,-2.9595678090408792e-05,2.9595678090408792e-05,0.00012164636881224361,0.00012164636881224361,0.0,0.00012164636881224361,300.3343530791558,300.25061951411044,1.0185884135470597e-05
205,222,contact,0.0019423771323512332,-5.7622867648766864e-05,5.7622867648766864e-05,0.00016973931137006368,0.00016973931137006368,0.0,0.00016973931137006368,300.3343530791558,300.43686784589335,-1.740078591129552e-05
205,422,contact,0.0022322936189937016,-1.7706381006298705e-05,1.7706381006298705e-05,9.918103819194783e-05,9.918103819194783e-05,0.0,9.918103819194783e-05,300.3343530791558,300.4593226467314,-1.2394611454545815e-05
205,446,contact,0.0022127684150683277,-3.7231584931672525e-05,3.7231584931672525e-05,0.00014382007457559317,0.00014382007457559317,0.0,0.00014382007457559317,300.3343530791558,300.26109636065587,1.0535786717821696e-05
206,339,contact,0.0018792689579517356,-0.0001207310420482644,0.0001207310420482644,0.00024569395805377917,0.00024569395805377917,0.0,0.00024569395805377917,300.67663525406545,300.6280066222738,1.19477610196288e-05
206,346,contact,0.001841020690871235,-0.00015897930912876497,0.00015897930912876497,0.0002819390972610618,0.0002819390972610618,0.0,0.0002819390972610618,300.67663525406545,300.78710376981667,-3.1145393606668974e-05
206,432,contact,0.00212102503193722,-0.00012897496806278013,0.00012897496806278013,0.0002676803318043331,0.0002676803318043331,0.0,0.0002676803318043331,300.67663525406545,300.6390674523942,1.0056161616514219e-05
206,450,contact,0.0021752175803295575,-7.478241967044273e-05,7.478241967044273e-05,0.00020382784085056074,0.00020382784085056074,0.0,0.00020382784085056074,300.67663525406545,300.72374923369375,-9.603140741515096e-06
207,253,contact,0.0018796237665554246,-0.00012037623344457547,0.00012037623344457547,0.00024533266542042,0.00024533266542042,0.0,0.00024533266542042,300.31765013290374,300.41912941541494,-2.4896182863426163e-05
207,256,contact,0.0018751949095760687,-0.00012480509042393133,0.00012480509042393133,0.00024980501438515135,0.00024980501438515135,0.0,0.00024980501438515135,300.31765013290374,300.18723276041277,3.257891361117976e-05
207,259,contact,0.0019756004041556587,-2.439959584434135e-05,2.439959584434135e-05,0.00011045269540473277,0.00011045269540473277,0.0,0.00011045269540473277,300.31765013290374,300.30679539033315,1.1989355748457761e-06
207,404,contact,0.002194179450842615,-5.582054915738519e-05,5.582054915738519e-05,0.00017610058545770746,0.00017610058545770746,0.0,0.00017610058545770746,300.31765013290374,300.3752245157882,-1.0138882533321013e-05
207,480,contact,0.0021976428946714702,-5.2357105328530024e-05,5.2357105328530024e-05,0.00017054993620072755,0.00017054993620072755,0.0,0.00017054993620072755,300.31765013290374,300.3102785897722,1.2572162107803214e-06
208,287,contact,0.001977365849229728,-2.2634150770272244e-05,2.2634150770272244e-05,0.00010638174366467266,0.00010638174366467266,0.0,0.00010638174366467266,300.13948740451906,300.16862401997025,-3.099603956184996e-06
208,308,contact,0.0018240472253754833,-0.0001759527746245167,0.0001759527746245167,0.0002966081376366103,0.0002966081376366103,0.0,0.0002966081376366103,300.13948740451906,300.18553519331624,-1.365814887741611e-05
208,353,contact,0.0018287418127226167,-0.00017125818727738336,0.00017125818727738336,0.0002926244925475167,0.0002926244925475167,0.0,0.0002926244925475167,300.13948740451906,300.17178979382476,-9.452470278652324e-06
209,251,contact,0.0019045037351761742,-9.549626482382588e-05,9.549626482382588e-05,0.00021851346048221593,0.00021851346048221593,0.0,0.00021851346048221593,300.06226754232176,300.05144961120794,2.3638635629390674e-06
209,370,contact,0.0019487840288754414,-5.121597112455866e-05,5.121597112455866e-05,0.0001600249529363447,0.0001600249529363447,0.0,0.0001600249529363447,300.06226754232176,300.156027133767,-1.5003874208354556e-05
209,400,contact,0.001950965747879752,-4.9034252120247956e-05,4.9034252120247956e-05,0.0001565794560602507,0.0001565794560602507,0.0,0.0001565794560602507,300.06226754232176,300.0514167941801,1.699004241866262e-06
209,453,contact,0.0021839684779089647,-6.603152209103558e-05,6.603152209103558e-05,0.0001915311435236166,0.0001915311435236166,0.0,0.0001915311435236166,300.06226754232176,300.19051920947953,-2.4564188469537872e-05
210,487,contact,0.0021808210323178744,-6.917896768212587e-05,6.917896768212587e-05,0.000196042749989392,0.000196042749989392,0.0,0.000196042749989392,300.54656527138036,300.59342741487103,-9.1869834803086e-06
211,222,contact,0.0019688236492603726,-3.117635073962739e-05,3.117635073962739e-05,0.00012485261458941777,0.00012485261458941777,0.0,0.00012485261458941777,300.38061094042865,300.43686784589335,-7.023821735976609e-06
211,328,contact,0.0019447399831597025,-5.5260016840297504e-05,5.5260016840297504e-05,0.00016622276745424723,0.00016622276745424723,0.0,0.00016622276745424723,300.38061094042865,300.39233342314236,-1.948543518107102e-06
211,335,contact,0.0019289749537373946,-7.102504626260546e-05,7.102504626260546e-05,0.0001884476668237172,0.0001884476668237172,0.0,0.0001884476668237172,300.38061094042865,300.4473621352731,-1.2579106926135944e-05
211,388,contact,0.0019306791954128487,-6.932080458715135e-05,6.932080458715135e-05,0.00018617304394991148,0.00018617304394991148,0.0,0.00018617304394991148,300.38061094042865,300.42346753456536,-7.97874258375691e-06
211,491,contact,0.002187922074046514,-6.207792595348642e-05,6.207792595348642e-05,0.00018570874142276067,0.00018570874142276067,0.0,0.00018570874142276067,300.38061094042865,300.26256756647143,2.192168641089177e-05
212,245,contact,0.001943848967075375,-5.615103292462499e-05,5.615103292462499e-05,0.00016755750195772344,0.00016755750195772344,0.0,0.00016755750195772344,300.5816822507743,300.6389133852386,-9.58950592504512e-06
212,273,contact,0.0019668311447096822,-3.316885529031782e-05,3.316885529031782e-05,0.00012878054063079138,0.00012878054063079138,0.0,0.00012878054063079138,300.5816822507743,300.59752911286665,-2.0407674675557106e-06
212,316,contact,0.001919951365764248,-8.004863423575212e-05,8.004863423575212e-05,0.00020006078355808783,0.00020006078355808783,0.0,0.00020006078355808783,300.5816822507743,300.61881987682574,-7.429782567339674e-06
212,451,contact,0.0021370153042502994,-0.00011298469574970091,0.00011298469574970091,0.00025053797200524415,0.00025053797200524415,0.0,0.00025053797200524415,300.5816822507743,300.4982790339329,2.0895672806162558e-05
213,382,contact,0.001965922262627198,-3.407773737280212e-05,3.407773737280212e-05,0.00013053301761010912,0.00013053301761010912,0.0,0.00013053301761010912,300.2438539990331,300.20146185647707,5.533574290795893e-06
213,411,contact,0.002196429548153093,-5.357045184690729e-05,5.357045184690729e-05,0.00017251481715252958,0.00017251481715252958,0.0,0.00017251481715252958,300.2438539990331,300.1666145087418,1.3324956544554153e-05
213,491,contact,0.002216036576864199,-3.396342313580127e-05,3.396342313580127e-05,0.00013736290768900637,0.00013736290768900637,0.0,0.00013736290768900637,300.2438539990331,300.26256756647143,-2.5705500365646724e-06
213,493,contact,0.0022017100918861002,-4.828990811390002e-05,4.828990811390002e-05,0.00016379171752547335,0.00016379171752547335,0.0,0.00016379171752547335,300.2438539990331,300.32418646661245,-1.3157792837881682e-05
214,269,contact,0.001916299518264303,-8.370048173569704e-05,8.370048173569704e-05,0.00020457331416352554,0.00020457331416352554,0.0,0.00020457331416352554,300.8062936245979,300.78185312959516,4.99987306250968e-06
214,271,contact,0.0019383216675157393,-6.167833248426073e-05,6.167833248426073e-05,0.0001756108374848499,0.0001756108374848499,0.0,0.0001756108374848499,300.8062936245979,300.9358985174951,-2.2760023783810047e-05
214,310,contact,0.0018477045855330877,-0.0001522954144669124,0.0001522954144669124,0.0002759487402280652,0.0002759487402280652,0.0,0.0002759487402280652,300.8062936245979,300.7693573185754,1.0192527115598103e-05
214,355,contact,0.00194321137892922,-5.678862107077998e-05,5.678862107077998e-05,0.0001685061142374068,0.0001685061142374068,0.0,0.0001685061142374068,300.8062936245979,300.9386543108183,-2.230358491279775e-05
214,478,contact,0.0020855000293694558,-0.0001644999706305445,0.0001644999706305445,0.0003023059254671081,0.0003023059254671081,0.0,0.0003023059254671081,300.8062936245979,300.8248837479808,-5.619904453804572e-06
214,479,contact,0.0022327725637198248,-1.7227436280175482e-05,1.7227436280175482e-05,9.783045504049761e-05,9.783045504049761e-05,0.0,9.783045504049761e-05,300.8062936245979,300.69083716646486,1.1295157836520762e-05
215,276,contact,0.0019611253654223874,-3.887463457761262e-05,3.887463457761262e-05,0.00013941777967248765,0.00013941777967248765,0.0,0.00013941777967248765,300.2422672216785,300.2406612161761,2.2390572128976157e-07
215,375,contact,0.0018753303960867506,-0.00012466960391324948,0.00012466960391324948,0.0002496693853010912,0.0002496693853010912,0.0,0.0002496693853010912,300.2422672216785,300.1877017350436,1.3623331506786765e-05
215,410,contact,0.0021212167003868314,-0.00012878329961316885,0.00012878329961316885,0.0002674813592811125,0.0002674813592811125,0.0,0.0002674813592811125,300.2422672216785,300.29800734799045,-1.4909444752420196e-05
215,423,contact,0.002137972043783546,-0.00011202795621645433,0.00011202795621645433,0.00024947495556385164,0.00024947495556385164,0.0,0.00024947495556385164,300.2422672216785,300.2473854157998,-1.2768612509735793e-06
215,443,contact,0.0021320503132601764,-0.00011794968673982387,0.00011794968673982387,0.0002559836005378989,0.0002559836005378989,0.0,0.0002559836005378989,300.2422672216785,300.23513629672664,1.8253998443442767e-06
215,458,contact,0.0022186104386304503,-3.138956136954996e-05,3.138956136954996e-05,0.00013205546261062256,0.00013205546261062256,0.0,0.00013205546261062256,300.2422672216785,300.15537557984123,1.1474515959817105e-05
215,489,contact,0.0021138763087749494,-0.00013612369122505087,0.00013612369122505087,0.0002749986780019243,0.0002749986780019243,0.0,0.0002749986780019243,300.2422672216785,300.37182276558656,-3.562760330253523e-05
216,280,contact,0.0019956849448951102,-4.3150551048897964e-06,4.3150551048897964e-06,4.644919323782598e-05,8.445307861422904e-05,0.0,8.445307861422904e-05,300.90140630824584,300.9382527089951,-3.111791979128206e-06
216,392,contact,0.0018823716663294739,-0.00011762833367052615,0.00011762833367052615,0.00024251632282232691,0.0004409387687678671,0.0,0.0004409387687678671,300.90140630824584,300.8660125617269,1.560647501214104e-05
216,393,contact,0.0018274066865916852,-0.0001725933134083149,0.0001725933134083149,0.00029376292602055395,0.0005341144109464618,0.0,0.0005341144109464618,300.90140630824584,300.793217210365,5.778535628544576e-05
216,418,contact,0.002082500244753887,-0.00016749975524611325,0.00016749975524611325,0.0003050498640897485,0.0005546361165268154,0.0,0.0005546361165268154,300.90140630824584,300.94420145055716,-2.3735731537762914e-05
216,437,contact,0.002131970498881258,-0.00011802950111874239,0.00011802950111874239,0.0002560701955831018,0.0004655821737874578,0.0,0.0004655821737874578,300.90140630824584,300.81955506397213,3.810848023616089e-05
217,235,contact,0.0018586098150230451,-0.0001413901849769549,0.0001413901849769549,0.0002658854875476987,0.0002658854875476987,0.0,0.0002658854875476987,300.1565989649873,300.23832931566847,-2.1730914138299647e-05
217,287,contact,0.0018755084910764865,-0.00012449150892351359,0.00012449150892351359,0.0002494909907426655,0.0002494909907426655,0.0,0.0002494909907426655,300.1565989649873,300.16862401997025,-3.0001428814257182e-06
217,400,contact,0.001823844700132114,-0.00017615529986788605,0.00017615529986788605,0.0002967787895620963,0.0002967787895620963,0.0,0.0002967787895620963,300.1565989649873,300.0514167941801,3.121583733567779e-05
217,494,contact,0.0021111338369227094,-0.0001388661630772909,0.0001388661630772909,0.0002777550510364712,0.0002777550510364712,0.0,0.0002777550510364712,300.1565989649873,300.1561872915159,1.1434438606823558e-07
218,446,contact,0.0020864835402188055,-0.00016351645978119472,0.00016351645978119472,0.0003014008587516288,0.0003014008587516288,0.0,0.0003014008587516288,300.25061951411044,300.26109636065587,-3.1577305458016095e-06
218,466,contact,0.0022103879711037155,-3.961202889628474e-05,3.961202889628474e-05,0.00014834649547649647,0.00014834649547649647,0.0,0.00014834649547649647,300.25061951411044,300.1846179718778,9.791097486256267e-06
219,245,contact,0.0019728153298268956,-2.7184670173104487e-05,2.7184670173104487e-05,0.00011658617021993751,0.00011658617021993751,0.0,0.00011658617021993751,300.6449112874127,300.6389133852386,6.992724438323255e-07
219,339,contact,0.001984235819805701,-1.576418019429886e-05,1.576418019429886e-05,8.878113593072253e-05,8.878113593072253e-05,0.0,8.878113593072253e-05,300.6449112874127,300.6280066222738,1.5008153735596123e-06
219,440,contact,0.00223877990731559,-1.1220092684410213e-05,1.1220092684410213e-05,7.895178797641217e-05,7.895178797641217e-05,0.0,7.895178797641217e-05,300.6449112874127,300.77220265009925,-1.0049880678056988e-05
220,228,contact,0.001848630335437564,-0.00015136966456243605,0.00015136966456243605,0.0002751087644572925,0.0002751087644572925,0.0,0.0002751087644572925,300.76738483986026,300.8395311477184,-1.9848081615006613e-05
220,368,contact,0.0019211866754430707,-7.881332455692935e-05,7.881332455692935e-05,0.00019851111374042684,0.00019851111374042684,0.0,0.00019851111374042684,300.76738483986026,300.6880073385232,1.5757316196347044e-05
220,426,contact,0.002085293056143429,-0.00016470694385657117,0.00016470694385657117,0.0003024960457561306,0.0003024960457561306,0.0,0.0003024960457561306,300.76738483986026,300.7141300961326,1.6109349395378567e-05
220,440,contact,0.0021073156387214514,-0.00014268436127854887,0.00014268436127854887,0.0002815476684314644,0.0002815476684314644,0.0,0.0002815476684314644,300.76738483986026,300.77220265009925,-1.3564432397328005e-06
221,242,contact,0.0019081568486369242,-9.184315136307581e-05,9.184315136307581e-05,0.00021429320026901904,0.00021429320026901904,0.0,0.00021429320026901904,300.17875282498983,300.0723715712951,2.279677930287523e-05
221,466,contact,0.002197357170625658,-5.264282937434209e-05,5.264282937434209e-05,0.00017101466697064008,0.00017101466697064008,0.0,0.00017101466697064008,300.17875282498983,300.1846179718778,-1.0030261417801167e-06
221,498,contact,0.0022021414100061787,-4.785858999382161e-05,4.785858999382161e-05,0.00016305859545612158,0.00016305859545612158,0.0,0.00016305859545612158,300.17875282498983,300.23542298850083,-9.240557266372533e-06
222,328,contact,0.0019860743983327995,-1.3925601667200572e-05,1.3925601667200572e-05,8.344339898158683e-05,8.344339898158683e-05,0.0,8.344339898158683e-05,300.43686784589335,300.39233342314236,3.7161036060250955e-06
222,335,contact,0.001959509549009904,-4.049045099009619e-05,4.049045099009619e-05,0.00014228571781822692,0.00014228571781822692,0.0,0.00014228571781822692,300.43686784589335,300.4473621352731,-1.4931874973939601e-06
222,422,contact,0.00218480595737951,-6.519404262049023e-05,6.519404262049023e-05,0.0001903126705370376,0.0001903126705370376,0.0,0.0001903126705370376,300.43686784589335,300.4593226467314,-4.273433113863534e-06
222,451,contact,0.002231380164503799,-1.8619835496201404e-05,1.8619835496201404e-05,0.0001017071927321034,0.0001017071927321034,0.0,0.0001017071927321034,300.43686784589335,300.4982790339329,-6.245959537843768e-06
223,245,contact,0.0019248220535675493,-7.51779464324507e-05,7.51779464324507e-05,0.00019387875906407424,0.00019387875906407424,0.0,0.00019387875906407424,300.5738694713008,300.6389133852386,-1.2610633318933745e-05
223,422,contact,0.0021379336860155424,-0.00011206631398445787,0.00011206631398445787,0.0002495176613482477,0.0002495176613482477,0.0,0.0002495176613482477,300.5738694713008,300.4593226467314,2.8581455781425164e-05
223,484,contact,0.0021189062198455127,-0.00013109378015448755,0.00013109378015448755,0.000269870112949923,0.000269870112949923,0.0,0.000269870112949923,300.5738694713008,300.63991625235246,-1.7824052262396265e-05
224,348,contact,0.001929289674528167,-7.071032547183295e-05,7.071032547183295e-05,0.00018802968578369872,0.0003418721559703613,0.0,0.0003418721559703613,300.8534477456824,300.86965914061756,-5.542224537773293e-06
225,312,contact,0.0019890774797377796,-1.0922520262220473e-05,1.0922520262220473e-05,7.390033918129359e-05,7.390033918129359e-05,0.0,7.390033918129359e-05,300.4598378547925,300.3986136407668,4.5244901826062585e-06
225,403,contact,0.002222624272093689,-2.7375727906311237e-05,2.7375727906311237e-05,0.00012332371112534874,0.00022422492931881588,0.0,0.00022422492931881588,300.4598378547925,300.48596494298323,-5.858344502870528e-06
225,436,contact,0.002167801160162065,-8.219883983793521e-05,8.219883983793521e-05,0.00021369609760635833,0.00021369609760635833,0.0,0.00021369609760635833,300.4598378547925,300.5791907690259,-2.5505252009621542e-05
225,438,contact,0.002157580666116565,-9.241933388343506e-05,9.241933388343506e-05,0.00022659230873903498,0.0004119860158891545,0.0,0.0004119860158891545,300.4598378547925,300.35850374629854,4.1748235632111066e-05
225,445,contact,0.0021747843283875293,-7.521567161247094e-05,7.521567161247094e-05,0.00020441742643216728,0.00020441742643216728,0.0,0.00020441742643216728,300.4598378547925,300.48191571440736,-4.5130992435990166e-06
225,473,contact,0.002165485685683468,-8.451431431653238e-05,8.451431431653238e-05,0.00021668501757739962,0.00021668501757739962,0.0,0.00021668501757739962,300.4598378547925,300.5078154684495,-1.0396030058588021e-05
226,409,contact,0.002213741814123769,-3.625818587623146e-05,3.625818587623146e-05,0.00014192757518504415,0.00025805013670008025,0.0,0.00025805013670008025,300.0452814872015,300.1194537487811,-1.9140162239963844e-05
226,500,contact,0.002094290117820357,-0.0001557098821796431,0.0001557098821796431,0.00029411815669863313,0.0029411815669863313,0.0,0.0029411815669863313,300.0452814872015,300.1449926131016,-0.00029326852552070276
227,243,contact,0.0019766957100170986,-2.330428998290144e-05,2.330428998290144e-05,0.00010794510174829944,0.00010794510174829944,0.0,0.00010794510174829944,300.1700104365262,300.25148952449103,-8.79526844072451e-06
227,265,contact,0.0019694073143968964,-3.059268560310366e-05,3.059268560310366e-05,0.0001236783845364736,0.0001236783845364736,0.0,0.0001236783845364736,300.1700104365262,300.0674632308704,1.2682872734240123e-05
227,276,contact,0.001952362051294666,-4.763794870533402e-05,4.763794870533402e-05,0.00015433397018371235,0.00015433397018371235,0.0,0.00015433397018371235,300.1700104365262,300.2406612161761,-1.090381531994299e-05
227,285,contact,0.0018466650137622868,-0.00015333498623771322,0.00015333498623771322,0.00027688895449052604,0.00027688895449052604,0.0,0.00027688895449052604,300.1700104365262,300.12662095194713,1.2014069020976482e-05
227,411,contact,0.0021108646593280206,-0.00013913534067197964,0.00013913534067197964,0.00027802412032849444,0.00027802412032849444,0.0,0.00027802412032849444,300.1700104365262,300.1666145087418,9.441498349479545e-07
227,423,contact,0.002074897361316941,-0.00017510263868305946,0.00017510263868305946,0.00031189620663421157,0.00031189620663421157,0.0,0.00031189620663421157,300.1700104365262,300.2473854157998,-2.4132962523836525e-05
228,249,contact,0.0018931053458790931,-0.00010689465412090692,0.00010689465412090692,0.00023118677959704673,0.00023118677959704673,0.0,0.00023118677959704673,300.8395311477184,300.93972584895204,-2.3163690310895155e-05
228,263,contact,0.0019443975544882791,-5.560244551172091e-05,5.560244551172091e-05,0.00016673698676616553,0.00016673698676616553,0.0,0.00016673698676616553,300.8395311477184,300.78553125323754,9.003779691428334e-06
228,392,contact,0.001866984656337593,-0.00013301534366240713,0.00013301534366240713,0.0002578908137782414,0.0002578908137782414,0.0,0.0002578908137782414,300.8395311477184,300.8660125617269,-6.829313408654455e-06
229,340,contact,0.0019148557747624233,-8.514422523757674e-05,8.514422523757674e-05,0.00020633010594382095,0.00020633010594382095,0.0,0.00020633010594382095,300.9394420560886,300.9303877610474,1.8681736550877486e-06
229,478,contact,0.002162438857691935,-8.75611423080654e-05,8.75611423080654e-05,0.00022055629453732742,0.00022055629453732742,0.0,0.00022055629453732742,300.9394420560886,300.8248837479808,2.52665559447225e-05
230,468,contact,0.0022281443663506187,-2.185563364938154e-05,2.185563364938154e-05,0.00011019082853895262,0.00011019082853895262,0.0,0.00011019082853895262,300.34556736288425,300.3665730095961,-2.3146296151743975e-06
230,495,contact,0.002181160696257844,-6.883930374215622e-05,6.883930374215622e-05,0.0001955608796117752,0.0001955608796117752,0.0,0.0001955608796117752,300.34556736288425,300.45363309614726,-2.1133429852804524e-05
231,431,contact,0.0021330943250601926,-0.00011690567493980765,0.00011690567493980765,0.00025484818458992804,0.00025484818458992804,0.0,0.00025484818458992804,300.05666375903263,300.15243472382343,-2.4407056513361765e-05
231,469,contact,0.002138104815601892,-0.0001118951843981082,0.0001118951843981082,0.00024932707701387415,0.00024932707701387415,0.0,0.00024932707701387415,300.05666375903263,300.08045721421183,-5.93235263189113e-06
232,249,contact,0.0018943627865105452,-0.00010563721348945485,0.00010563721348945485,0.0002298229900265146,0.0002298229900265146,0.0,0.0002298229900265146,300.8814343366608,300.93972584895204,-1.3396729647941984e-05
232,263,contact,0.001971085140753691,-2.8914859246309196e-05,2.8914859246309196e-05,0.0001202390519887553,0.0001202390519887553,0.0,0.0001202390519887553,300.8814343366608,300.78553125323754,1.1531295833610352e-05
232,364,contact,0.0019681174985912296,-3.188250140877041e-05,3.188250140877041e-05,0.00012625866585856674,0.00012625866585856674,0.0,0.00012625866585856674,300.8814343366608,300.9505098324465,-8.721379941426499e-06
232,366,contact,0.0018883217073899252,-0.00011167829261007488,0.00011167829261007488,0.00023630308145480762,0.00023630308145480762,0.0,0.00023630308145480762,300.8814343366608,300.78934490323167,2.176101688872922e-05
232,402,contact,0.00220987512959443,-4.0124870405570424e-05,4.0124870405570424e-05,0.0001493036994510228,0.0001493036994510228,0.0,0.0001493036994510228,300.8814343366608,300.9326653658208,-7.64898218027444e-06
233,416,contact,0.0021135396407261954,-0.00013646035927380486,0.00013646035927380486,0.0002753385383626298,0.0002753385383626298,0.0,0.0002753385383626298,300.5544530150298,300.57643918568084,-6.05364009124284e-06
233,421,contact,0.0020617293892506846,-0.00018827061074931564,0.00018827061074931564,0.00032341116825122134,0.00032341116825122134,0.0,0.00032341116825122134,300.5544530150298,300.64364496057095,-2.884567130605655e-05
234,274,contact,0.0019240538275806646,-7.594617241933545e-05,7.594617241933545e-05,0.00019486684225303115,0.00019486684225303115,0.0,0.00019486684225303115,300.2843444840219,300.22437426973926,1.1686206286499047e-05
234,292,contact,0.0019488103187329444,-5.118968126705567e-05,5.118968126705567e-05,0.00015998387616734328,0.00015998387616734328,0.0,0.00015998387616734328,300.2843444840219,300.1809613805367,1.653962962577414e-05
234,404,contact,0.0021500559097381642,-9.994409026183601e-05,9.994409026183601e-05,0.00023563636092485576,0.00023563636092485576,0.0,0.00023563636092485576,300.2843444840219,300.3752245157882,-2.1414639966143737e-05
234,493,contact,0.0021982917977957338,-5.170820220426649e-05,5.170820220426649e-05,0.00016948976075967028,0.00016948976075967028,0.0,0.00016948976075967028,300.2843444840219,300.32418646661245,-6.752808097460002e-06
235,287,contact,0.0019569783003395807,-4.30216996604193e-05,4.30216996604193e-05,0.000146665775933616,0.000146665775933616,0.0,0.000146665775933616,300.23832931566847,300.16862401997025,1.0223381280260611e-05
235,347,contact,0.0019429614328905236,-5.703856710947649e-05,5.703856710947649e-05,0.0001688765334637653,0.0001688765334637653,0.0,0.0001688765334637653,300.23832931566847,300.1833652170376,9.282146441742815e-06
235,376,contact,0.0019767867230685255,-2.3213276931474507e-05,2.3213276931474507e-05,0.00010773411003826621,0.00010773411003826621,0.0,0.00010773411003826621,300.23832931566847,300.23590700817186,2.609651423854005e-07
235,470,contact,0.002157236937009935,-9.276306299006547e-05,9.276306299006547e-05,0.00022701329255019585,0.00022701329255019585,0.0,0.00022701329255019585,300.23832931566847,300.3657958999722,-2.89366089929239e-05
236,354,contact,0.0019919524821892715,-8.047517810728499e-06,8.047517810728499e-06,6.343310575215634e-05,0.00011533291954937516,0.0,0.00011533291954937516,300.5317306622765,300.4638102327347,7.833461436103462e-06
236,434,contact,0.002185921011038596,-6.407898896140405e-05,6.407898896140405e-05,0.0001886781341647493,0.0003430511530268169,0.0,0.0003430511530268169,300.5317306622765,300.6611525055901,-4.4398312575584405e-05
236,485,contact,0.00217193370833458,-7.806629166542045e-05,7.806629166542045e-05,0.00020825504084258007,0.00020825504084258007,0.0,0.00020825504084258007,300.5317306622765,300.56257073877384,-6.422601390539153e-06
236,495,contact,0.002176389903050462,-7.361009694953824e-05,7.361009694953824e-05,0.00020222388163938258,0.00020222388163938258,0.0,0.00020222388163938258,300.5317306622765,300.45363309614726,1.579319296924706e-05
236,496,contact,0.0021757800957127997,-7.421990428720061e-05,7.421990428720061e-05,0.0002030597945422872,0.0002030597945422872,0.0,0.0002030597945422872,300.5317306622765,300.39780823995676,2.71942595608551e-05
237,240,contact,0.001959309011488488,-4.069098851151214e-05,4.069098851151214e-05,0.00014263763267720084,0.00014263763267720084,0.0,0.00014263763267720084,300.22923868064464,300.28536525780123,-8.005762095890252e-06
238,243,contact,0.0019504377870766159,-4.9562212923384176e-05,4.9562212923384176e-05,0.00015742015900669168,0.00015742015900669168,0.0,0.00015742015900669168,300.2952358530647,300.25148952449103,6.88655400002473e-06
238,367,contact,0.001894321366848824,-0.00010567863315117613,0.00010567863315117613,0.00022986804165779127,0.00022986804165779127,0.0,0.00022986804165779127,300.2952358530647,300.1908781230643,2.3988507027044876e-05
238,454,contact,0.0021613936645914363,-8.860633540856396e-05,8.860633540856396e-05,0.00022186874924974594,0.00022186874924974594,0.0,0.00022186874924974594,300.2952358530647,300.39058403261095,-2.1154781339166565e-05
239,297,contact,0.0019966097257351017,-3.3902742648983693e-06,3.3902742648983693e-06,4.117204309296764e-05,4.117204309296764e-05,0.0,4.117204309296764e-05,300.6238332018661,300.5812857818165,1.7517642117756065e-06
239,305,contact,0.0019709681425438452,-2.90318574561548e-05,2.90318574561548e-05,0.00012048206807686113,0.00012048206807686113,0.0,0.00012048206807686113,300.6238332018661,300.67138479511505,-5.729114294983722e-06
239,482,contact,0.0021943573873915794,-5.564261260842087e-05,5.564261260842087e-05,0.0001758196876354688,0.0001758196876354688,0.0,0.0001758196876354688,300.6238332018661,300.6679011861109,-7.74801922464635e-06
240,347,contact,0.0019575106986680817,-4.248930133191834e-05,4.248930133191834e-05,0.000145755448151893,0.000145755448151893,0.0,0.000145755448151893,300.28536525780123,300.1833652170376,1.4867061653015945e-05
240,377,contact,0.0019533104630344855,-4.668953696551452e-05,4.668953696551452e-05,0.00015278994889310376,0.00015278994889310376,0.0,0.00015278994889310376,300.28536525780123,300.3161086171142,-4.697276298230165e-06
240,433,contact,0.0022470888913436416,-2.9111086563586228e-06,2.9111086563586228e-06,4.0215452090781e-05,7.311900380142e-05,0.0,7.311900380142e-05,300.28536525780123,300.2707144656348,1.0712513281113872e-06
240,438,contact,0.0022155249832263245,-3.447501677367572e-05,3.447501677367572e-05,0.00013839359485354267,0.00025162471791553213,0.0,0.00025162471791553213,300.28536525780123,300.35850374629854,-1.8403451536903204e-05
241,281,contact,0.0019150270245678,-8.497297543220007e-05,8.497297543220007e-05,0.00020612250657339688,0.0003747681937698125,0.0,0.0003747681937698125,300.9494497181268,300.9520458311226,-9.729405782489344e-07
241,309,contact,0.0019330292028430414,-6.697079715695868e-05,6.697079715695868e-05,0.00018299015978592766,0.00018299015978592766,0.0,0.00018299015978592766,300.9494497181268,300.93861883254516,1.9819454832074692e-06
241,449,contact,0.0022228402544573456,-2.7159745542654646e-05,2.7159745542654646e-05,0.00012283626306468714,0.00012283626306468714,0.0,0.00012283626306468714,300.9494497181268,300.93484293592877,1.7942425406057502e-06
242,431,contact,0.0021871772946160536,-6.28227053839467e-05,6.28227053839467e-05,0.00018681943954278822,0.00018681943954278822,0.0,0.00018681943954278822,300.0723715712951,300.15243472382343,-1.4957353283373114e-05
242,462,contact,0.002211073433172808,-3.892656682719228e-05,3.892656682719228e-05,0.0001470573713200099,0.0001470573713200099,0.0,0.0001470573713200099,300.0723715712951,300.12197529670163,-7.294593465965559e-06
243,276,contact,0.0018856243848247218,-0.00011437561517527823,0.00011437561517527823,0.00023913972398503582,0.00023913972398503582,0.0,0.00023913972398503582,300.25148952449103,300.2406612161761,2.5894786616634097e-06
243,367,contact,0.001955324698781071,-4.4675301218929236e-05,4.4675301218929236e-05,0.0001494578556298217,0.0001494578556298217,0.0,0.0001494578556298217,300.25148952449103,300.1908781230643,9.058850083958948e-06
243,411,contact,0.0022044852415019703,-4.551475849802998e-05,4.551475849802998e-05,0.00015901564999505548,0.00015901564999505548,0.0,0.00015901564999505548,300.25148952449103,300.1666145087418,1.3496455797702642e-05
243,461,contact,0.0021672717534808503,-8.272824651914994e-05,8.272824651914994e-05,0.0002143831545506393,0.0002143831545506393,0.0,0.0002143831545506393,300.25148952449103,300.2443122075207,1.5386958533117472e-06
244,264,contact,0.001951997082067491,-4.800291793250898e-05,4.800291793250898e-05,0.00015492404257007525,0.00015492404257007525,0.0,0.00015492404257007525,300.88704109707436,300.90854608147185,-3.3316391182663603e-06
244,427,contact,0.0022128674083414933,-3.713259165850696e-05,3.713259165850696e-05,0.00014362874916972376,0.00014362874916972376,0.0,0.00014362874916972376,300.88704109707436,300.7796272973706,1.5427709695016807e-05
244,483,contact,0.002144977690697406,-0.00010502230930259414,0.00010502230930259414,0.00024154860254269758,0.00024154860254269758,0.0,0.00024154860254269758,300.88704109707436,300.9269751061608,-9.646004088756262e-06
246,329,contact,0.001985506134840434,-1.4493865159565921e-05,1.4493865159565921e-05,8.512891741225752e-05,8.512891741225752e-05,0.0,8.512891741225752e-05,300.9418749624025,300.9462269664909,-3.704813966182823e-07
246,441,contact,0.0021764426049900787,-7.355739500992161e-05,7.355739500992161e-05,0.00020215147649709723,0.00020215147649709723,0.0,0.00020215147649709723,300.9418749624025,300.8512384069459,1.832231351015657e-05
247,403,contact,0.002086033259202738,-0.00016396674079726227,0.00016396674079726227,0.0003018155625150181,0.003018155625150181,0.0,0.003018155625150181,300.5519754809036,300.48596494298323,0.00019923007634353238
247,432,contact,0.002095431011796858,-0.00015456898820314247,0.00015456898820314247,0.000293038666583195,0.0005327975756058092,0.0,0.0005327975756058092,300.5519754809036,300.6390674523942,-4.640239126493376e-05
247,460,contact,0.0021897126907884515,-6.028730921154874e-05,6.028730921154874e-05,0.0001830107908347798,0.00033274689242687234,0.0,0.00033274689242687234,300.5519754809036,300.6471972418559,-3.16847450482967e-05
247,476,contact,0.00219035492256392,-5.9645077436080215e-05,5.9645077436080215e-05,0.00018203338740779306,0.0018203338740779306,0.0,0.0018203338740779306,300.5519754809036,300.59833041792774,-8.438146209580593e-05
248,336,contact,0.001892760797486044,-0.00010723920251395598,0.00010723920251395598,0.00023155906645384885,0.00023155906645384885,0.0,0.00023155906645384885,300.83332582075855,300.7842462827059,1.1364812013454976e-05
248,360,contact,0.0018464718080707322,-0.00015352819192926783,0.00015352819192926783,0.00027706334287421337,0.0005037515324985697,0.0,0.0005037515324985697,300.83332582075855,300.9064323317675,-3.6827516956393727e-05
248,413,contact,0.0021435810594656783,-0.00010641894053432192,0.00010641894053432192,0.0002431494059836027,0.0002431494059836027,0.0,0.0002431494059836027,300.83332582075855,300.73187718627804,2.4667175211782426e-05
248,449,contact,0.0021639864298326826,-8.601357016731767e-05,8.601357016731767e-05,0.0002185985287224526,0.0002185985287224526,0.0,0.0002185985287224526,300.83332582075855,300.93484293592877,-2.2191492016358907e-05
249,418,contact,0.0022326847907028886,-1.7315209297111712e-05,1.7315209297111712e-05,9.807935929958769e-05,9.807935929958769e-05,0.0,9.807935929958769e-05,300.93972584895204,300.94420145055716,-4.389641379106105e-07
250,319,contact,0.001913722445732401,-8.62775542675991e-05,8.62775542675991e-05,0.0002076987653641676,0.0002076987653641676,0.0,0.0002076987653641676,300.32366509073046,300.23194415927827,1.905032422067068e-05
250,443,contact,0.002128752292423898,-0.00012124770757610242,0.00012124770757610242,0.00025953773818518014,0.00025953773818518014,0.0,0.00025953773818518014,300.32366509073046,300.23513629672664,2.297656296001346e-05
250,454,contact,0.0021429724720667784,-0.00010702752793322187,0.00010702752793322187,0.00024384367480145721,0.00024384367480145721,0.0,0.00024384367480145721,300.32366509073046,300.39058403261095,-1.6317760701963243e-05
250,475,contact,0.00223266329745441,-1.7336702545590454e-05,1.7336702545590454e-05,9.814021303327663e-05,9.814021303327663e-05,0.0,9.814021303327663e-05,300.32366509073046,300.3245899014041,-9.076111652906298e-08
251,330,contact,0.0019363690366508133,-6.363096334918673e-05,6.363096334918673e-05,0.00017836894817930998,0.00017836894817930998,0.0,0.00017836894817930998,300.05144961120794,300.14327169843176,-1.6378209117741276e-05
251,352,contact,0.0019287010718356534,-7.129892816434662e-05,7.129892816434662e-05,0.00018881065669652575,0.00018881065669652575,0.0,0.00018881065669652575,300.05144961120794,300.0823623221732,-5.836649257619426e-06
252,384,contact,0.0019819916175345753,-1.8008382465424695e-05,1.8008382465424695e-05,9.489041696985186e-05,9.489041696985186e-05,0.0,9.489041696985186e-05,300.95655370947156,300.96835329222796,-1.119667327824683e-06
252,441,contact,0.002213820384488543,-3.617961551145724e-05,3.617961551145724e-05,0.00014177371545972132,0.00014177371545972132,0.0,0.00014177371545972132,300.95655370947156,300.8512384069459,1.493094173382445e-05
253,322,contact,0.0019210813521816307,-7.891864781836935e-05,7.891864781836935e-05,0.0001986437109731508,0.0001986437109731508,0.0,0.0001986437109731508,300.41912941541494,300.45790046516936,-7.701625201541911e-06
253,481,contact,0.0021768449720868956,-7.315502791310465e-05,7.315502791310465e-05,0.00020159782284029514,0.00020159782284029514,0.0,0.00020159782284029514,300.41912941541494,300.44162786704226,-4.5356388653441775e-06
253,489,contact,0.002161785785525476,-8.821421447452417e-05,8.821421447452417e-05,0.0002213772728404865,0.0002213772728404865,0.0,0.0002213772728404865,300.41912941541494,300.37182276558656,1.0472617126227877e-05
255,327,contact,0.0019838784344818282,-1.6121565518171805e-05,1.6121565518171805e-05,8.978186208297254e-05,8.978186208297254e-05,0.0,8.978186208297254e-05,300.3419943913004,300.2846981394748,5.1441641792738885e-06
255,333,contact,0.0018837825573340477,-0.00011621744266595234,0.00011621744266595234,0.00024105750627801694,0.00024105750627801694,0.0,0.00024105750627801694,300.3419943913004,300.2380820602597,2.504884739219406e-05
255,358,contact,0.0019236438528285325,-7.635614717146758e-05,7.635614717146758e-05,0.0001953921021580294,0.0001953921021580294,0.0,0.0001953921021580294,300.3419943913004,300.31150911831537,5.9565815734013215e-06
255,442,contact,0.0022445071035753043,-5.492896424695928e-06,5.492896424695928e-06,5.524137149665159e-05,5.524137149665159e-05,0.0,5.524137149665159e-05,300.3419943913004,300.3511953769102,-5.082750642075758e-07
255,475,contact,0.002247776040657617,-2.223959342383293e-06,2.223959342383293e-06,3.515014890424674e-05,3.515014890424674e-05,0.0,3.515014890424674e-05,300.3419943913004,300.3245899014041,6.117704114556684e-07
256,308,contact,0.0019479201892274756,-5.2079810772524436e-05,5.2079810772524436e-05,0.00016136884887196234,0.00016136884887196234,0.0,0.00016136884887196234,300.18723276041277,300.18553519331624,2.7393444824964576e-07
256,458,contact,0.002202683463051374,-4.7316536948626125e-05,4.7316536948626125e-05,0.00016213255370670925,0.00016213255370670925,0.0,0.00016213255370670925,300.18723276041277,300.15537557984123,5.165086039958746e-06
257,294,contact,0.0018210206626779397,-0.00017897933732206038,0.00017897933732206038,0.0002991482386059296,0.0002991482386059296,0.0,0.0002991482386059296,300.6663615174089,300.6582151759503,2.4369636984221324e-06
257,310,contact,0.0018363055234083465,-0.00016369447659165355,0.00016369447659165355,0.00028608956341647066,0.00028608956341647066,0.0,0.00028608956341647066,300.6663615174089,300.7693573185754,-2.9466023789441464e-05
257,456,contact,0.0020788145134186453,-0.00017118548658135498,0.00017118548658135498,0.00030838782093453815,0.00030838782093453815,0.0,0.00030838782093453815,300.6663615174089,300.55892397113325,3.3132430782505025e-05
257,479,contact,0.0021380707571546837,-0.00011192924284531653,0.00011192924284531653,0.00024936501898189834,0.00024936501898189834,0.0,0.00024936501898189834,300.6663615174089,300.69083716646486,-6.103370691429734e-06
258,344,contact,0.0019119443035036353,-8.805569649636478e-05,8.805569649636478e-05,0.00020982813979107377,0.00020982813979107377,0.0,0.00020982813979107377,300.21886194479345,300.1726434530194,9.697940152893208e-06
258,358,contact,0.0018973482704290215,-0.00010265172957097854,0.00010265172957097854,0.00022655212377174766,0.00022655212377174766,0.0,0.00022655212377174766,300.21886194479345,300.31150911831537,-2.098941392284178e-05
258,401,contact,0.0021187794852933614,-0.0001312205147066389,0.0001312205147066389,0.0002700005295330598,0.0002700005295330598,0.0,0.0002700005295330598,300.21886194479345,300.13543350050827,2.252572413511673e-05
258,408,contact,0.002189468262501195,-6.053173749880547e-05,6.053173749880547e-05,0.00018338141414792265,0.00018338141414792265,0.0,0.00018338141414792265,300.21886194479345,300.31858557063794,-1.8287459531320907e-05
258,461,contact,0.0021786524891831646,-7.13475108168357e-05,7.13475108168357e-05,0.00019909170251256872,0.00019909170251256872,0.0,0.00019909170251256872,300.21886194479345,300.2443122075207,-5.0669361357598276e-06
259,304,contact,0.0019046406871921573,-9.535931280784272e-05,9.535931280784272e-05,0.00021835671824773647,0.0003970122149958845,0.0,0.0003970122149958845,300.30679539033315,300.2550188442433,2.0555921247969636e-05
259,322,contact,0.0019241354084367345,-7.586459156326553e-05,7.586459156326553e-05,0.00019476215182019519,0.00019476215182019519,0.0,0.00019476215182019519,300.30679539033315,300.45790046516936,-2.9429549526051788e-05
259,404,contact,0.0021875675448771864,-6.243245512281385e-05,6.243245512281385e-05,0.0001862382809479623,0.0001862382809479623,0.0,0.0001862382809479623,300.30679539033315,300.3752245157882,-1.2744122691521783e-05
259,425,contact,0.002173823331575037,-7.617666842496323e-05,7.617666842496323e-05,0.00020571915649059472,0.00020571915649059472,0.0,0.00020571915649059472,300.30679539033315,300.195269216659,2.29430703748639e-05
260,277,contact,0.001954564965696714,-4.5435034303285826e-05,4.5435034303285826e-05,0.00015072331323203757,0.00015072331323203757,0.0,0.00015072331323203757,300.8856707207831,300.93820551273814,-7.918217903421541e-06
260,288,contact,0.0019468495129824493,-5.315048701755071e-05,5.315048701755071e-05,0.0001630191507424062,0.0001630191507424062,0.0,0.0001630191507424062,300.8856707207831,300.8248826477625,9.909620039086141e-06
260,313,contact,0.0019496863826267041,-5.0313617373295896e-05,5.0313617373295896e-05,0.0001586089804728848,0.0001586089804728848,0.0,0.0001586089804728848,300.8856707207831,300.8164886922325,1.0972891015454379e-05
260,355,contact,0.0019542726401656457,-4.5727359834354334e-05,4.5727359834354334e-05,0.0001512074069520973,0.0001512074069520973,0.0,0.0001512074069520973,300.8856707207831,300.9386543108183,-8.011511260241555e-06
260,486,contact,0.00222085063255051,-2.914936744949012e-05,2.914936744949012e-05,0.00012725601371838782,0.00012725601371838782,0.0,0.00012725601371838782,300.8856707207831,300.92459054662265,-4.9527818909576965e-06
261,306,contact,0.0019490132645520908,-5.098673544790921e-05,5.098673544790921e-05,0.00015966642641443006,0.00015966642641443006,0.0,0.00015966642641443006,300.51152698409425,300.6234783859613,-1.7874880268194683e-05
261,318,contact,0.0019400467074274267,-5.995329257257333e-05,5.995329257257333e-05,0.00017313765126709634,0.00017313765126709634,0.0,0.00017313765126709634,300.51152698409425,300.5050854887381,1.115265376615336e-06
261,322,contact,0.001909704312216947,-9.029568778305295e-05,9.029568778305295e-05,0.00021248022000065436,0.00021248022000065436,0.0,0.00021248022000065436,300.51152698409425,300.45790046516936,1.1394574539029152e-05
261,404,contact,0.002186759460137305,-6.324053986269534e-05,6.324053986269534e-05,0.00018743967898247416,0.00018743967898247416,0.0,0.00018743967898247416,300.51152698409425,300.3752245157882,2.5548490903803305e-05
261,492,contact,0.002198502160585703,-5.149783941429736e-05,5.149783941429736e-05,0.00016914464456707092,0.00016914464456707092,0.0,0.00016914464456707092,300.51152698409425,300.5915552714198,-1.3536356214991056e-05
261,497,contact,0.002128647294151851,-0.00012135270584814938,0.00012135270584814938,0.00025965009130681725,0.00025965009130681725,0.0,0.00025965009130681725,300.51152698409425,300.49212346273805,5.038126091810084e-06
262,285,contact,0.0019132357225391764,-8.676427746082366e-05,8.676427746082366e-05,0.00020828379372964147,0.00020828379372964147,0.0,0.00020828379372964147,300.07163725343605,300.12662095194713,-1.14522133191746e-05
262,298,contact,0.0019540031136362087,-4.599688636379136e-05,4.599688636379136e-05,0.00015165237611688016,0.00015165237611688016,0.0,0.00015165237611688016,300.07163725343605,300.07299028376485,-2.051902643208361e-07
262,411,contact,0.0022381561322045596,-1.1843867795440638e-05,1.1843867795440638e-05,8.11167464400698e-05,8.11167464400698e-05,0.0,8.11167464400698e-05,300.07163725343605,300.1666145087418,-7.704245936211447e-06
262,467,contact,0.0021638071128453206,-8.61928871546797e-05,8.61928871546797e-05,0.00021882627197883576,0.00021882627197883576,0.0,0.00021882627197883576,300.07163725343605,300.12635718134345,-1.1974157826926849e-05
263,366,contact,0.001975604655415653,-2.439534458434714e-05,2.439534458434714e-05,0.00011044307263098746,0.00011044307263098746,0.0,0.00011044307263098746,300.78553125323754,300.78934490323167,-4.21191223290733e-07
263,368,contact,0.001978216497631137,-2.1783502368863134e-05,2.1783502368863134e-05,0.00010436355295040298,0.00010436355295040298,0.0,0.00010436355295040298,300.78553125323754,300.6880073385232,1.0177942237218066e-05
263,380,contact,0.001958176773251078,-4.1823226748922016e-05,4.1823226748922016e-05,0.0001446084830653479,0.0001446084830653479,0.0,0.0001446084830653479,300.78553125323754,300.6716488622342,1.6468359810850418e-05
264,427,contact,0.0021261427921238025,-0.0001238572078761978,0.0001238572078761978,0.00026231576378712166,0.00026231576378712166,0.0,0.00026231576378712166,300.90854608147185,300.7796272973706,3.381742931802509e-05
264,447,contact,0.002070143435247906,-0.00017985656475209442,0.00017985656475209442,0.00031610174588439646,0.00031610174588439646,0.0,0.00031610174588439646,300.90854608147185,300.89440545089326,4.469878013800143e-06
265,285,contact,0.0018094787631231417,-0.00019052123687685833,0.00019052123687685833,0.00030864318952218787,0.00030864318952218787,0.0,0.00030864318952218787,300.0674632308704,300.12662095194713,-1.8258627717994612e-05
265,409,contact,0.0020844389676841104,-0.00016556103231588981,0.00016556103231588981,0.000303279328815212,0.000303279328815212,0.0,0.000303279328815212,300.0674632308704,300.1194537487811,-1.576764937671965e-05
266,321,contact,0.001976729295477759,-2.3270704522241042e-05,2.3270704522241042e-05,0.0001078672900425357,0.0001078672900425357,0.0,0.0001078672900425357,300.1231807751728,300.2205007729892,-1.049764443140505e-05
266,345,contact,0.0019698348424169974,-3.0165157583002603e-05,3.0165157583002603e-05,0.00012281115092491115,0.00012281115092491115,0.0,0.00012281115092491115,300.1231807751728,300.0995084759976,2.9072223067437836e-06
266,351,contact,0.001776644925386048,-0.00022335507461395212,0.00022335507461395212,0.0003341818925480195,0.0003341818925480195,0.0,0.0003341818925480195,300.1231807751728,300.0993598497386,7.960521943834671e-06
266,372,contact,0.0018622035349552953,-0.0001377964650447047,0.0001377964650447047,0.0002624847281697592,0.00047724496030865306,0.0,0.00047724496030865306,300.1231807751728,300.06393850141757,2.8273076586902874e-05
266,395,contact,0.001959166065549319,-4.0833934450681e-05,4.0833934450681e-05,0.00014288795339475089,0.00014288795339475089,0.0,0.00014288795339475089,300.1231807751728,300.0464735054685,1.096054477854465e-05
267,434,contact,0.0021861347336566425,-6.386526634335771e-05,6.386526634335771e-05,0.0001883632223234876,0.0003424785860427047,0.0,0.0003424785860427047,300.60105324483436,300.6611525055901,-2.058270984584062e-05
267,484,contact,0.002127941921904825,-0.00012205807809517527,0.00012205807809517527,0.00026040361630785483,0.00026040361630785483,0.0,0.00026040361630785483,300.60105324483436,300.63991625235246,-1.0120067698313287e-05
267,485,contact,0.0021302059079347235,-0.00011979409206527673,0.00011979409206527673,0.00025797727297108595,0.00025797727297108595,0.0,0.00025797727297108595,300.60105324483436,300.56257073877384,9.927611970585738e-06
267,495,contact,0.0022142523248491796,-3.57476751508207e-05,3.57476751508207e-05,0.00014092487192910174,0.00014092487192910174,0.0,0.00014092487192910174,300.60105324483436,300.45363309614726,2.0775165573499244e-05
268,331,contact,0.0019829029010266746,-1.70970989733254e-05,1.70970989733254e-05,9.245836623401206e-05,9.245836623401206e-05,0.0,9.245836623401206e-05,300.1231098727103,300.07604770878316,4.351290788140356e-06
268,370,contact,0.0019663504518777917,-3.364954812220839e-05,3.364954812220839e-05,0.00012971034677736467,0.00012971034677736467,0.0,0.00012971034677736467,300.1231098727103,300.156027133767,-4.269709346625038e-06
268,417,contact,0.002157852021061686,-9.214797893831441e-05,9.214797893831441e-05,0.00022625941225150588,0.00022625941225150588,0.0,0.00022625941225150588,300.1231098727103,300.2330672601222,-2.4878893848526718e-05
269,294,contact,0.0019080436921884159,-9.195630781158419e-05,9.195630781158419e-05,0.00021442517087737645,0.00021442517087737645,0.0,0.00021442517087737645,300.78185312959516,300.6582151759503,2.6511089337225105e-05
269,310,contact,0.0019936685145479915,-6.331485452008498e-06,6.331485452008498e-06,5.6264933359991185e-05,5.6264933359991185e-05,0.0,5.6264933359991185e-05,300.78185312959516,300.7693573185754,7.030759743074981e-07
269,362,contact,0.0019517309807962778,-4.826901920372225e-05,4.826901920372225e-05,0.0001553528551455078,0.0001553528551455078,0.0,0.0001553528551455078,300.78185312959516,300.73572798517444,7.165672879758952e-06
269,444,contact,0.002156593968321345,-9.340603167865523e-05,9.340603167865523e-05,0.00022779868265965702,0.00041417942301755824,0.0,0.00041417942301755824,300.78185312959516,300.84727875380275,-2.7097947284863915e-05
270,352,contact,0.0018956466697409623,-0.00010435333025903774,0.00010435333025903774,0.00022842212049081163,0.00022842212049081163,0.0,0.00022842212049081163,300.0610123951932,300.0823623221732,-4.876795593097451e-06
270,401,contact,0.0020686613018326607,-0.00018133869816733955,0.00018133869816733955,0.00031740151418050534,0.00031740151418050534,0.0,0.00031740151418050534,300.0610123951932,300.13543350050827,-2.36213715139939e-05
270,459,contact,0.0021090599126150967,-0.00014094008738490356,0.00014094008738490356,0.0002798214583393644,0.0002798214583393644,0.0,0.0002798214583393644,300.0610123951932,300.0734370824457,-3.4766941064104066e-06
271,355,contact,0.001991655621697937,-8.344378302062826e-06,8.344378302062826e-06,6.459248525201219e-05,6.459248525201219e-05,0.0,6.459248525201219e-05,300.9358985174951,300.9386543108183,-1.780035395875138e-07
271,364,contact,0.001972095146538321,-2.790485346167897e-05,2.790485346167897e-05,0.00011812039083426487,0.00011812039083426487,0.0,0.00011812039083426487,300.9358985174951,300.9505098324465,-1.7258942326646861e-06
272,287,contact,0.001902625480776498,-9.737451922350198e-05,9.737451922350198e-05,0.00022065189691401022,0.00022065189691401022,0.0,0.00022065189691401022,300.11342708255165,300.16862401997025,-1.2179308945258022e-05
272,308,contact,0.001956384715642606,-4.3615284357393855e-05,4.3615284357393855e-05,0.00014767410801727203,0.00014767410801727203,0.0,0.00014767410801727203,300.11342708255165,300.18553519331624,-1.0648500937971283e-05
272,323,contact,0.001928704037663632,-7.129596233636801e-05,7.129596233636801e-05,0.00018880672966868528,0.0003432849630339732,0.0,0.0003432849630339732,300.11342708255165,300.0358635444847,2.662639629809853e-05
272,347,contact,0.0019748894749327104,-2.5110525067289623e-05,2.5110525067289623e-05,0.00011205026788742993,0.00011205026788742993,0.0,0.00011205026788742993,300.11342708255165,300.1833652170376,-7.836586704696405e-06
273,368,contact,0.0019881732583203094,-1.1826741679690691e-05,1.1826741679690691e-05,7.689844497677015e-05,7.689844497677015e-05,0.0,7.689844497677015e-05,300.59752911286665,300.6880073385232,-6.9576348572473995e-06
273,426,contact,0.0021721335962596776,-7.786640374032264e-05,7.786640374032264e-05,0.00020798825252659855,0.00020798825252659855,0.0,0.00020798825252659855,300.59752911286665,300.7141300961326,-2.4251634752363025e-05
273,497,contact,0.002185777631828087,-6.422236817191316e-05,6.422236817191316e-05,0.00018888910352066537,0.00018888910352066537,0.0,0.00018888910352066537,300.59752911286665,300.49212346273805,1.990997875880467e-05
274,292,contact,0.0019748791548822513,-2.512084511774879e-05,2.512084511774879e-05,0.00011207329101473908,0.00011207329101473908,0.0,0.00011207329101473908,300.22437426973926,300.1809613805367,4.865425365388786e-06
274,344,contact,0.0019283622293843035,-7.163777061569652e-05,7.163777061569652e-05,0.0001892587786810648,0.0001892587786810648,0.0,0.0001892587786810648,300.22437426973926,300.1726434530194,9.790511192570805e-06
274,389,contact,0.0019280004652284185,-7.199953477158151e-05,7.199953477158151e-05,0.0001897360466168481,0.0001897360466168481,0.0,0.0001897360466168481,300.22437426973926,300.131841216185,1.7556855762765513e-05
274,408,contact,0.0021513204443308767,-9.867955566912352e-05,9.867955566912352e-05,0.00023414093057758033,0.00023414093057758033,0.0,0.00023414093057758033,300.22437426973926,300.31858557063794,-2.20587216633409e-05
274,425,contact,0.0021843788879539264,-6.562111204607389e-05,6.562111204607389e-05,0.00019093499773202905,0.00019093499773202905,0.0,0.00019093499773202905,300.22437426973926,300.195269216659,5.557173243864201e-06
275,337,contact,0.0019578452565511915,-4.215474344880857e-05,4.215474344880857e-05,0.00014518047983253218,0.00014518047983253218,0.0,0.00014518047983253218,300.49074445482836,300.3869522460425,1.5068602674411843e-05
275,365,contact,0.0019480232384907527,-5.197676150924739e-05,5.197676150924739e-05,0.00016120912118929156,0.00016120912118929156,0.0,0.00016120912118929156,300.49074445482836,300.5438738902852,-8.56494959928475e-06
275,403,contact,0.0022057866214119635,-4.4213378588036766e-05,4.4213378588036766e-05,0.00015672583738638907,0.00028495606797525287,0.0,0.00028495606797525287,300.49074445482836,300.48596494298323,1.3619509022291159e-06
276,423,contact,0.0022214424458896678,-2.8557554110332506e-05,2.8557554110332506e-05,0.000125957563643767,0.000125957563643767,0.0,0.000125957563643767,300.2406612161761,300.2473854157998,-8.469638020561421e-07
276,443,contact,0.002146821731602557,-0.00010317826839744337,0.00010317826839744337,0.0002394185878765512,0.0002394185878765512,0.0,0.0002394185878765512,300.2406612161761,300.23513629672664,1.3227684127171498e-06
276,454,contact,0.002195804744991001,-5.41952550089991e-05,5.41952550089991e-05,0.00017351793856832065,0.00017351793856832065,0.0,0.00017351793856832065,300.2406612161761,300.39058403261095,-2.6014298052134777e-05
277,281,contact,0.001932281162164554,-6.771883783544602e-05,6.771883783544602e-05,0.0001840092903027535,0.00033456234600500633,0.0,0.00033456234600500633,300.93820551273814,300.9520458311226,-4.630449388154094e-06
277,350,contact,0.0019391341105617211,-6.0865889438278895e-05,6.0865889438278895e-05,0.00017445040762101833,0.00017445040762101833,0.0,0.00017445040762101833,300.93820551273814,300.9427680009611,-7.959279302637555e-07
277,444,contact,0.0021946709752145082,-5.532902478549203e-05,5.532902478549203e-05,0.00017532354976742607,0.0003187700904862292,0.0,0.0003187700904862292,300.93820551273814,300.84727875380275,2.8984731173451177e-05
278,290,contact,0.001898845631034814,-0.0001011543689651861,0.0001011543689651861,0.00022489371819282334,0.00022489371819282334,0.0,0.00022489371819282334,300.4821133861661,300.4422530970262,8.964328632908839e-06
278,456,contact,0.002015343759535826,-0.00023465624046417437,0.00023465624046417437,0.00036106035234521725,0.00036106035234521725,0.0,0.00036106035234521725,300.4821133861661,300.55892397113325,-2.7733256872091164e-05
278,470,contact,0.002115488577941275,-0.00013451142205872513,0.00013451142205872513,0.000273365264454727,0.000273365264454727,0.0,0.000273365264454727,300.4821133861661,300.3657958999722,3.1797160374090887e-05
279,290,contact,0.0018931293706717454,-0.00010687062932825467,0.00010687062932825467,0.00023116079828579787,0.0004202923605196325,0.0,0.0004202923605196325,300.40352246417694,300.4422530970262,-1.6278189104631082e-05
279,357,contact,0.0018995674211514583,-0.00010043257884854171,0.00010043257884854171,0.00022408991370490296,0.00040743620673618715,0.0,0.00040743620673618715,300.40352246417694,300.42994609169625,-1.076594256467639e-05
279,377,contact,0.0019114767929273937,-8.852320707260631e-05,8.852320707260631e-05,0.00021038441847319195,0.00038251712449671266,0.0,0.00038251712449671266,300.40352246417694,300.3161086171142,3.3437293419638e-05
279,403,contact,0.0021889142041889185,-6.108579581108175e-05,6.108579581108175e-05,0.00018421876459356347,0.0018421876459356347,0.0,0.0018421876459356347,300.40352246417694,300.48596494298323,-0.0001518745159572498
279,438,contact,0.002081050180125409,-0.00016894981987459123,0.00016894981987459123,0.0003063674444869095,0.0030636744448690953,0.0,0.0030636744448690953,300.40352246417694,300.35850374629854,0.00013792269550484478
279,445,contact,0.0022285316347317127,-2.1468365268287586e-05,2.1468365268287586e-05,0.00010921020828426757,0.00019856401506230465,0.0,0.00019856401506230465,300.40352246417694,300.48191571440736,-1.5566078519536067e-05
280,392,contact,0.001974207947552891,-2.5792052447108898e-05,2.5792052447108898e-05,0.0001135606719932321,0.0001135606719932321,0.0,0.0001135606719932321,300.9382527089951,300.8660125617269,8.20363966866565e-06
280,490,contact,0.002164126275978599,-8.587372402140119e-05,8.587372402140119e-05,0.000218420750974659,0.000218420750974659,0.0,0.000218420750974659,300.9382527089951,300.8023771093615,2.967805051110458e-05
281,360,contact,0.001806610234428278,-0.0001933897655717221,0.0001933897655717221,0.00031095800807482197,0.0031095800807482196,0.0,0.0031095800807482196,300.9520458311226,300.9064323317675,0.00014183882900770488
281,444,contact,0.0021509618325718845,-9.903816742811572e-05,9.903816742811572e-05,0.0002345659909849059,0.002345659909849059,0.0,0.002345659909849059,300.9520458311226,300.84727875380275,0.00024574793314115976
281,449,contact,0.0021446880604509833,-0.000105311939549017,0.000105311939549017,0.0002418814442713356,0.0004397844441297011,0.0,0.0004397844441297011,300.9520458311226,300.93484293592877,7.565565700228854e-06
282,371,contact,0.0019968107697275667,-3.189230272433296e-06,3.189230272433296e-06,3.9932632472911775e-05,3.9932632472911775e-05,0.0,3.9932632472911775e-05,300.3333381324758,300.40786217279043,-2.975941112281649e-06
282,388,contact,0.0019787315447275817,-2.1268455272418357e-05,2.1268455272418357e-05,0.00010312239153650956,0.00010312239153650956,0.0,0.00010312239153650956,300.3333381324758,300.42346753456536,-9.294359491233949e-06
282,433,contact,0.002229095908300045,-2.090409169995533e-05,2.090409169995533e-05,0.00010776541317952138,0.00019593711487185704,0.0,0.00019593711487185704,300.3333381324758,300.2707144656348,1.2270300603517497e-05
283,323,contact,0.0019850871489433403,-1.4912851056659779e-05,1.4912851056659779e-05,8.635059657193973e-05,0.00015700108467625406,0.0,0.00015700108467625406,300.0534681143462,300.0358635444847,2.7639365635105827e-06
283,395,contact,0.0019822950936982113,-1.7704906301788722e-05,1.7704906301788722e-05,9.408747605762608e-05,9.408747605762608e-05,0.0,9.408747605762608e-05,300.0534681143462,300.0464735054685,6.581050953107995e-07
284,340,contact,0.0018999815805341375,-0.00010001841946586255,0.00010001841946586255,0.00022362739039064798,0.00022362739039064798,0.0,0.00022362739039064798,300.89325651725244,300.9303877610474,-8.303563151832157e-06
284,463,contact,0.002246656525963355,-3.343474036645276e-06,3.343474036645276e-06,4.3098556540956705e-05,4.3098556540956705e-05,0.0,4.3098556540956705e-05,300.89325651725244,300.7583366253771,5.81485258848795e-06
285,367,contact,0.001905548763716112,-9.445123628388803e-05,9.445123628388803e-05,0.000217314560354211,0.000217314560354211,0.0,0.000217314560354211,300.12662095194713,300.1908781230643,-1.3964018890931512e-05
285,467,contact,0.002106707792647096,-0.0001432922073529041,0.0001432922073529041,0.00028214673817488037,0.00028214673817488037,0.0,0.00028214673817488037,300.12662095194713,300.12635718134345,7.442201545494794e-08
286,339,contact,0.0018952499323308253,-0.00010475006766917476,0.00010475006766917476,0.0002288559237480808,0.0002288559237480808,0.0,0.0002288559237480808,300.71219461514613,300.6280066222738,1.9266920877293956e-05
286,391,contact,0.0019293467407389474,-7.065325926105268e-05,7.065325926105268e-05,0.00018795379653129208,0.00018795379653129208,0.0,0.00018795379653129208,300.71219461514613,300.784210537016,-1.3535665926144255e-05
286,440,contact,0.0021897982118450994,-6.02017881549009e-05,6.02017881549009e-05,0.0001828809390391296,0.0001828809390391296,0.0,0.0001828809390391296,300.71219461514613,300.77220265009925,-1.0974325782118403e-05
286,464,contact,0.0021162667318889647,-0.00013373326811103557,0.00013373326811103557,0.00027257340307096443,0.00027257340307096443,0.0,0.00027257340307096443,300.71219461514613,300.7947152684812,-2.249293530317457e-05
287,308,contact,0.0019097865885223926,-9.021341147760742e-05,9.021341147760742e-05,0.0002123833932745301,0.0002123833932745301,0.0,0.0002123833932745301,300.16862401997025,300.18553519331624,-3.591652379474842e-06
287,347,contact,0.0019738342125163394,-2.6165787483660614e-05,2.6165787483660614e-05,0.00011438047797517856,0.00011438047797517856,0.0,0.00011438047797517856,300.16862401997025,300.1833652170376,-1.6861051664883583e-06
287,376,contact,0.0019906579136808006,-9.342086319199475e-06,9.342086319199475e-06,6.834503024799783e-05,6.834503024799783e-05,0.0,6.834503024799783e-05,300.16862401997025,300.23590700817186,-4.598457863814834e-06
287,494,contact,0.0022114289834629553,-3.8571016537045e-05,3.8571016537045e-05,0.00014638422907055444,0.00014638422907055444,0.0,0.00014638422907055444,300.16862401997025,300.1561872915159,1.820540906951455e-06
288,430,contact,0.002146712176166148,-0.00010328782383385235,0.00010328782383385235,0.00023954566235300567,0.00023954566235300567,0.0,0.00023954566235300567,300.8248826477625,300.8386059521704,-3.2873580440632678e-06
288,444,contact,0.002148511409837053,-0.00010148859016294743,0.00010148859016294743,0.00023745010021165784,0.000431727454930287,0.0,0.000431727454930287,300.8248826477625,300.84727875380275,-9.669013861117078e-06
288,460,contact,0.0022201927801206805,-2.9807219879319797e-05,2.9807219879319797e-05,0.00012868397957641078,0.00012868397957641078,0.0,0.00012868397957641078,300.8248826477625,300.6471972418559,2.2865265144707658e-05
289,348,contact,0.0019014809450112824,-9.851905498871761e-05,9.851905498871761e-05,0.0002219448748999598,0.0004035361361817451,0.0,0.0004035361361817451,300.7947673934754,300.86965914061756,-3.0221526273642016e-05
289,379,contact,0.0019258879143138103,-7.411208568618979e-05,7.411208568618979e-05,0.0001924994619293646,0.0001924994619293646,0.0,0.0001924994619293646,300.7947673934754,300.7088242693076,1.654400515882698e-05
289,478,contact,0.0020887456973025706,-0.00016125430269742962,0.00016125430269742962,0.0002993087431412491,0.0002993087431412491,0.0,0.0002993087431412491,300.7947673934754,300.8248837479808,-9.014088214997653e-06
289,499,contact,0.002089963296561012,-0.00016003670343898817,0.00016003670343898817,0.0002981765914493067,0.0002981765914493067,0.0,0.0002981765914493067,300.7947673934754,300.7402449858719,1.6257305656817097e-05
290,357,contact,0.0018937979360533676,-0.0001062020639466324,0.0001062020639466324,0.0002304366116165489,0.0002304366116165489,0.0,0.0002304366116165489,300.4422530970262,300.42994609169625,2.835984607379179e-06
290,445,contact,0.0021673369174403873,-8.266308255961297e-05,8.266308255961297e-05,0.00021429870451157782,0.00021429870451157782,0.0,0.00021429870451157782,300.4422530970262,300.48191571440736,-8.499647522322751e-06
290,470,contact,0.0022191005589878073,-3.089944101219294e-05,3.089944101219294e-05,0.00013102044160315202,0.00013102044160315202,0.0,0.00013102044160315202,300.4422530970262,300.3657958999722,1.0017455721750251e-05
291,360,contact,0.001890851782512856,-0.00010914821748714406,0.00010914821748714406,0.0002336110201672259,0.00042474730939495617,0.0,0.00042474730939495617,300.9159308451942,300.9064323317675,4.0344680212453524e-06
291,437,contact,0.0021509814983455807,-9.901850165441959e-05,9.901850165441959e-05,0.0002345427012228259,0.0002345427012228259,0.0,0.0002345427012228259,300.9159308451942,300.81955506397213,2.2604236060289872e-05
292,301,contact,0.0019368431867603524,-6.315681323964769e-05,6.315681323964769e-05,0.00017770314184004695,0.00017770314184004695,0.0,0.00017770314184004695,300.1809613805367,300.04500977348494,2.4159027711302244e-05
292,382,contact,0.001990203065644308,-9.79693435569206e-06,9.79693435569206e-06,6.99890504139471e-05,6.99890504139471e-05,0.0,6.99890504139471e-05,300.1809613805367,300.20146185647707,-1.4348088441002145e-06
292,425,contact,0.002237330002056022,-1.2669997943978197e-05,1.2669997943978197e-05,8.389807951708164e-05,8.389807951708164e-05,0.0,8.389807951708164e-05,300.1809613805367,300.195269216659,-1.200399972708401e-06
293,313,contact,0.0018799476781548993,-0.00012005232184510075,0.00012005232184510075,0.0002450023692182391,0.0002450023692182391,0.0,0.0002450023692182391,300.699222881539,300.8164886922325,-2.8730401448200574e-05
293,361,contact,0.0019136216943272772,-8.637830567272283e-05,8.637830567272283e-05,0.00020782000104985424,0.00020782000104985424,0.0,0.00020782000104985424,300.699222881539,300.57257376080594,2.6320220403711245e-05
293,460,contact,0.002166565653217091,-8.34343467829091e-05,8.34343467829091e-05,0.00021529610976372504,0.00021529610976372504,0.0,0.00021529610976372504,300.699222881539,300.6471972418559,1.1200917831742579e-05
294,362,contact,0.0019954682362543384,-4.5317637456616586e-06,4.5317637456616586e-06,4.760128015958005e-05,4.760128015958005e-05,0.0,4.760128015958005e-05,300.6582151759503,300.73572798517444,-3.6897089478332987e-06
294,421,contact,0.002091941704015673,-0.0001580582959843273,0.0001580582959843273,0.00029632779895875005,0.00029632779895875005,0.0,0.00029632779895875005,300.6582151759503,300.64364496057095,4.317559853722154e-06
294,476,contact,0.0021627339521540787,-8.726604784592158e-05,8.726604784592158e-05,0.00022018432662698463,0.0004003351393217902,0.0,0.0004003351393217902,300.6582151759503,300.59833041792774,2.397397294621987e-05
295,325,contact,0.0019211854523780358,-7.881454762196424e-05,7.881454762196424e-05,0.00019851265403238687,0.001985126540323869,0.0,0.001985126540323869,300.1212630798858,300.04571167618,0.00014997909665508252
295,326,contact,0.001963566973804561,-3.6433026195438825e-05,3.6433026195438825e-05,0.0001349685633683615,0.001349685633683615,0.0,0.001349685633683615,300.1212630798858,300.1741393175497,-7.136629833819976e-05
295,330,contact,0.001971768177474219,-2.8231822525781082e-05,2.8231822525781082e-05,0.00011881040048283038,0.00021601890996878249,0.0,0.00021601890996878249,300.1212630798858,300.14327169843176,-4.7542777882156265e-06
295,375,contact,0.0019410943153257028,-5.890568467429723e-05,5.890568467429723e-05,0.0001716183042019371,0.00031203328036715834,0.0,0.00031203328036715834,300.1212630798858,300.1877017350436,-2.0731071512074015e-05
295,415,contact,0.0021873022550392977,-6.269774496070251e-05,6.269774496070251e-05,0.0001866335461103486,0.0018663354611034861,0.0,0.0018663354611034861,300.1212630798858,300.04864933060185,0.00013552161525233206
295,419,contact,0.0021582653920451957,-9.173460795480455e-05,9.173460795480455e-05,0.00022575134791624727,0.0022575134791624728,0.0,0.0022575134791624728,300.1212630798858,300.212213788211,-0.00020532244998347073
296,338,contact,0.001925324690954749,-7.467530904525094e-05,7.467530904525094e-05,0.00019322953843195267,0.00019322953843195267,0.0,0.00019322953843195267,300.8307807634876,300.7294809245793,1.9574121115479946e-05
296,447,contact,0.002181058207866081,-6.89417921339191e-05,6.89417921339191e-05,0.0001957064016069864,0.0001957064016069864,0.0,0.0001957064016069864,300.8307807634876,300.89440545089326,-1.2451758625529037e-05
296,460,contact,0.002242854593436677,-7.14540656332344e-06,7.14540656332344e-06,6.300531971950834e-05,6.300531971950834e-05,0.0,6.300531971950834e-05,300.8307807634876,300.6471972418559,1.1566738475638764e-05
296,486,contact,0.002178558089218646,-7.14419107813542e-05,7.14419107813542e-05,0.0001992233681928043,0.0001992233681928043,0.0,0.0001992233681928043,300.8307807634876,300.92459054662265,-1.868910096559985e-05
297,307,contact,0.0019256817370739117,-7.431826292608832e-05,7.431826292608832e-05,0.00019276703935850692,0.00019276703935850692,0.0,0.00019276703935850692,300.5812857818165,300.69141597647445,-2.1229471568184634e-05
297,311,contact,0.0019763825399198407,-2.3617460080159382e-05,2.3617460080159382e-05,0.00010866798074906744,0.00010866798074906744,0.0,0.00010866798074906744,300.5812857818165,300.50358769771924,8.443293906922461e-06
297,436,contact,0.0021865325483285177,-6.346745167148254e-05,6.346745167148254e-05,0.00018777565170448977,0.00018777565170448977,0.0,0.00018777565170448977,300.5812857818165,300.5791907690259,3.933923920877182e-07
298,401,contact,0.0021075676245433253,-0.00014243237545667493,0.00014243237545667493,0.0002812989468091385,0.0002812989468091385,0.0,0.0002812989468091385,300.07299028376485,300.13543350050827,-1.756521110529822e-05
298,467,contact,0.002135863620856912,-0.00011413637914308838,0.00011413637914308838,0.0002518116350050926,0.0002518116350050926,0.0,0.0002518116350050926,300.07299028376485,300.12635718134345,-1.3438405734416228e-05
299,304,contact,0.0018549922615741555,-0.0001450077384258445,0.0001450077384258445,0.00026926542520888615,0.0026926542520888616,0.0,0.0026926542520888616,300.3554247122421,300.2550188442433,0.00027035828740164724
299,324,contact,0.0018805733387719818,-0.00011942666122801825,0.00011942666122801825,0.00024436311222033723,0.0024436311222033723,0.0,0.0024436311222033723,300.3554247122421,300.4613129567144,-0.00025875180966794905
299,354,contact,0.0018924694390927428,-0.00010753056090725727,0.00010753056090725727,0.00023187341471938658,0.002318734147193866,0.0,0.002318734147193866,300.3554247122421,300.4638102327347,-0.000251317207427614
299,419,contact,0.0022033364723981663,-4.666352760183392e-05,4.666352760183392e-05,0.00016100988168748787,0.0016100988168748788,0.0,0.0016100988168748788,300.3554247122421,300.212213788211,0.00023058373934604714
299,489,contact,0.002201837871551504,-4.816212844849623e-05,4.816212844849623e-05,0.00016357486979038787,0.00029740885416434156,0.0,0.00029740885416434156,300.3554247122421,300.37182276558656,-4.876926255701626e-06
300,343,contact,0.0019450981682424154,-5.490183175758468e-05,5.490183175758468e-05,0.00016568317922707886,0.00016568317922707886,0.0,0.00016568317922707886,300.2492815409208,300.2465053944306,4.5996077649501135e-07
300,407,contact,0.002210457499206895,-3.9542500793105385e-05,3.9542500793105385e-05,0.00014821624740955243,0.00014821624740955243,0.0,0.00014821624740955243,300.2492815409208,300.2382371570715,1.6369571290869301e-06
300,453,contact,0.0022139434156725865,-3.6056584327413734e-05,3.6056584327413734e-05,0.00014153245471428832,0.00014153245471428832,0.0,0.00014153245471428832,300.2492815409208,300.19051920947953,8.316777013613864e-06
300,468,contact,0.0021896053631191175,-6.039463688088274e-05,6.039463688088274e-05,0.00018317362267787044,0.00018317362267787044,0.0,0.00018317362267787044,300.2492815409208,300.3665730095961,-2.1484703226466106e-05
302,312,contact,0.0019884854066600545,-1.1514593339945547e-05,1.1514593339945547e-05,7.587685200357731e-05,7.587685200357731e-05,0.0,7.587685200357731e-05,300.3597584505497,300.3986136407668,-2.948209517676348e-06
302,371,contact,0.0019005267893139513,-9.947321068604878e-05,9.947321068604878e-05,0.0002230170516866914,0.0002230170516866914,0.0,0.0002230170516866914,300.3597584505497,300.40786217279043,-1.0727950309285235e-05
302,410,contact,0.0021644125379418773,-8.558746205812292e-05,8.558746205812292e-05,0.00021805639186295482,0.00021805639186295482,0.0,0.00021805639186295482,300.3597584505497,300.29800734799045,1.3465222617627607e-05
302,423,contact,0.0021735063037405704,-7.649369625942985e-05,7.649369625942985e-05,0.00020614678731890407,0.00020614678731890407,0.0,0.00020614678731890407,300.3597584505497,300.2473854157998,2.3165340094969035e-05
302,454,contact,0.0021985443267553105,-5.145567324468976e-05,5.145567324468976e-05,0.00016907538299805434,0.00016907538299805434,0.0,0.00016907538299805434,300.3597584505497,300.39058403261095,-5.211847093144542e-06
302,489,contact,0.0022211636203575825,-2.883637964241773e-05,2.883637964241773e-05,0.00012657097183973225,0.00012657097183973225,0.0,0.00012657097183973225,300.3597584505497,300.37182276558656,-1.5269920787968814e-06
303,405,contact,0.0021351217072103873,-0.00011487829278961298,0.00011487829278961298,0.0002526287271313522,0.0002526287271313522,0.0,0.0002526287271313522,300.4998141686589,300.6096817617124,-2.7755710186100304e-05
303,454,contact,0.002167907859766185,-8.20921402338152e-05,8.20921402338152e-05,0.00021355735663830872,0.00021355735663830872,0.0,0.00021355735663830872,300.4998141686589,300.39058403261095,2.3326899119638097e-05
303,455,contact,0.0022220938512135355,-2.790614878646477e-05,2.790614878646477e-05,0.00012451271418004037,0.00012451271418004037,0.0,0.00012451271418004037,300.4998141686589,300.46527753996656,4.300249377107542e-06
304,326,contact,0.001844653426824671,-0.00015534657317532903,0.00015534657317532903,0.00027869927625967115,0.0027869927625967118,0.0,0.0027869927625967118,300.2550188442433,300.1741393175497,0.00022541065553729155
304,407,contact,0.0021161535978751634,-0.00013384640212483687,0.00013384640212483687,0.0002726886728332808,0.0004957975869696014,0.0,0.0004957975869696014,300.2550188442433,300.2382371570715,8.320320005043204e-06
304,419,contact,0.002049437295478933,-0.0002005627045210674,0.0002005627045210674,0.0003338019244011729,0.0033380192440117295,0.0,0.0033380192440117295,300.2550188442433,300.212213788211,0.00014288410077684186
304,496,contact,0.002108477247778595,-0.00014152275222140522,0.00014152275222140522,0.00028039927110125307,0.0005098168565477329,0.0,0.0005098168565477329,300.2550188442433,300.39780823995676,-7.279644087098868e-05
305,379,contact,0.0019314193862804638,-6.858061371953629e-05,6.858061371953629e-05,0.00018517642090657262,0.00018517642090657262,0.0,0.00018517642090657262,300.67138479511505,300.7088242693076,-6.932907831606179e-06
306,492,contact,0.0021408785118497494,-0.00010912148815025091,0.00010912148815025091,0.000246217483076165,0.000246217483076165,0.0,0.000246217483076165,300.6234783859613,300.5915552714198,7.860028914356479e-06
307,499,contact,0.0022381781026093533,-1.1821897390647002e-05,1.1821897390647002e-05,8.104147563181255e-05,8.104147563181255e-05,0.0,8.104147563181255e-05,300.69141597647445,300.7402449858719,-3.957174975211397e-06
308,347,contact,0.0019866421587694146,-1.335784123058549e-05,1.335784123058549e-05,8.172466344557649e-05,8.172466344557649e-05,0.0,8.172466344557649e-05,300.18553519331624,300.1833652170376,1.773405810576473e-07
308,376,contact,0.0019900041198449817,-9.995880155018368e-06,9.995880155018368e-06,7.069611076649963e-05,7.069611076649963e-05,0.0,7.069611076649963e-05,300.18553519331624,300.23590700817186,-3.561091402542745e-06
308,480,contact,0.0021643980489734326,-8.560195102656765e-05,8.560195102656765e-05,0.00021807484829572678,0.00021807484829572678,0.0,0.00021807484829572678,300.18553519331624,300.3102785897722,-2.720339725803224e-05
309,478,contact,0.0021633121088312705,-8.668789116872975e-05,8.668789116872975e-05,0.00021945372983429376,0.00021945372983429376,0.0,0.00021945372983429376,300.93861883254516,300.8248837479808,2.495958852067251e-05
310,313,contact,0.0017648573620267448,-0.0002351426379732552,0.0002351426379732552,0.00034288674367293295,0.00034288674367293295,0.0,0.00034288674367293295,300.7693573185754,300.8164886922325,-1.6160723238123254e-05
310,479,contact,0.0021815132152476187,-6.848678475238155e-05,6.848678475238155e-05,0.0001950595133576496,0.0001950595133576496,0.0,0.0001950595133576496,300.7693573185754,300.69083716646486,1.531610265944542e-05
311,312,contact,0.0019910060367562933,-8.993963243706694e-06,8.993963243706694e-06,6.705953788875485e-05,6.705953788875485e-05,0.0,6.705953788875485e-05,300.50358769771924,300.3986136407668,7.0395117495367625e-06
311,473,contact,0.0022210764836222982,-2.8923516377702026e-05,2.8923516377702026e-05,0.00012676206139785855,0.00012676206139785855,0.0,0.00012676206139785855,300.50358769771924,300.5078154684495,-5.359209328862212e-07
312,410,contact,0.002236798822625763,-1.3201177374237271e-05,1.3201177374237271e-05,8.563870287511259e-05,8.563870287511259e-05,0.0,8.563870287511259e-05,300.3986136407668,300.29800734799045,8.615792414442689e-06
313,366,contact,0.001897338259378121,-0.00010266174062187913,0.00010266174062187913,0.00022656317068521875,0.00022656317068521875,0.0,0.00022656317068521875,300.8164886922325,300.78934490323167,6.1497829004389445e-06
313,486,contact,0.002002721617624376,-0.0002472783823756243,0.0002472783823756243,0.0003706438709834132,0.0003706438709834132,0.0,0.0003706438709834132,300.8164886922325,300.92459054662265,-4.006728977165285e-05
314,321,contact,0.001905461052239064,-9.453894776093605e-05,9.453894776093605e-05,0.0002174154407590869,0.0002174154407590869,0.0,0.0002174154407590869,300.15494224906666,300.2205007729892,-1.4253435374138865e-05
314,363,contact,0.0019510916667599195,-4.890833324008056e-05,4.890833324008056e-05,0.00015637828052527078,0.00015637828052527078,0.0,0.00015637828052527078,300.15494224906666,300.06687796314003,1.3771341608892907e-05
314,467,contact,0.0021813095888479467,-6.869041115205353e-05,6.869041115205353e-05,0.00019534927573174832,0.00019534927573174832,0.0,0.00019534927573174832,300.15494224906666,300.12635718134345,5.584072276472702e-06
316,452,contact,0.0021904554751466646,-5.954452485333562e-05,5.954452485333562e-05,0.00018187988229924291,0.00018187988229924291,0.0,0.00018187988229924291,300.61881987682574,300.6554760471381,-6.667019941954738e-06
317,411,contact,0.002090374378628179,-0.00015962562137182123,0.00015962562137182123,0.0002977933860281704,0.0002977933860281704,0.0,0.0002977933860281704,300.06366369637914,300.1666145087418,-3.065807100783281e-05
318,342,contact,0.0019249821444626447,-7.501785553735529e-05,7.501785553735529e-05,0.00019367221733815524,0.00019367221733815524,0.0,0.00019367221733815524,300.5050854887381,300.5592751139402,-1.0495024869619602e-05
319,417,contact,0.0021589713446222487,-9.102865537775158e-05,9.102865537775158e-05,0.000224881024566018,0.000224881024566018,0.0,0.000224881024566018,300.23194415927827,300.2330672601222,-2.5256406847320694e-07
319,467,contact,0.002184145851906415,-6.585414809358531e-05,6.585414809358531e-05,0.0001912737248807834,0.0001912737248807834,0.0,0.0001912737248807834,300.23194415927827,300.12635718134345,2.0196014568498102e-05
319,475,contact,0.0021258866954990815,-0.00012411330450091875,0.00012411330450091875,0.00026258681580354287,0.00026258681580354287,0.0,0.00026258681580354287,300.23194415927827,300.3245899014041,-2.4327550422583972e-05
320,337,contact,0.0019307482617886768,-6.925173821132322e-05,6.925173821132322e-05,0.000186080275971586,0.000186080275971586,0.0,0.000186080275971586,300.3537519779851,300.3869522460425,-6.177915042448846e-06
320,357,contact,0.0018927082680117388,-0.00010729173198826126,0.00010729173198826126,0.00023161577233455114,0.00023161577233455114,0.0,0.00023161577233455114,300.3537519779851,300.42994609169625,-1.7647758494555425e-05
320,470,contact,0.002145608335764009,-0.00010439166423599142,0.00010439166423599142,0.00024082227683500386,0.00024082227683500386,0.0,0.00024082227683500386,300.3537519779851,300.3657958999722,-2.9004447149634902e-06
320,488,contact,0.002198026425250616,-5.197357474938423e-05,5.197357474938423e-05,0.00016992412481487833,0.00016992412481487833,0.0,0.00016992412481487833,300.3537519779851,300.4095370750678,-9.479233799494039e-06
321,327,contact,0.0019133132682339284,-8.668673176607166e-05,8.668673176607166e-05,0.00020819069595694192,0.00020819069595694192,0.0,0.00020819069595694192,300.2205007729892,300.2846981394748,-1.336529440723718e-05
321,417,contact,0.0021688034053136307,-8.119659468636955e-05,8.119659468636955e-05,0.0002123893106307502,0.0002123893106307502,0.0,0.0002123893106307502,300.2205007729892,300.2330672601222,-2.6689875392220764e-06
322,404,contact,0.0022378161452183687,-1.2183854781631573e-05,1.2183854781631573e-05,8.227276713480312e-05,8.227276713480312e-05,0.0,8.227276713480312e-05,300.45790046516936,300.3752245157882,6.801979131084542e-06
322,492,contact,0.0021703614217913115,-7.963857820868876e-05,7.963857820868876e-05,0.00021034175657815222,0.00021034175657815222,0.0,0.00021034175657815222,300.45790046516936,300.5915552714198,-2.8113186721828774e-05
322,496,contact,0.0022366735133030145,-1.3326486696985801e-05,1.3326486696985801e-05,8.604419632112131e-05,8.604419632112131e-05,0.0,8.604419632112131e-05,300.45790046516936,300.39780823995676,5.170587223565965e-06
323,500,contact,0.0022241707178406963,-2.582928215930395e-05,2.582928215930395e-05,0.00011978982093489123,0.0011978982093489123,0.0,0.0011978982093489123,300.0358635444847,300.1449926131016,-0.00013072551588407566
324,354,contact,0.0019889930834972756,-1.1006916502724444e-05,1.1006916502724444e-05,7.4185296732993e-05,0.00074185296732993,0.0,0.00074185296732993,300.4613129567144,300.4638102327347,-1.852611625927731e-06
324,424,contact,0.0021570902339262494,-9.290976607375084e-05,9.290976607375084e-05,0.0002271927303142408,0.00041307769148043777,0.0,0.00041307769148043777,300.4613129567144,300.5487847983312,-3.613266640462348e-05
324,489,contact,0.0021471082024034573,-0.00010289179759654299,0.00010289179759654299,0.00023908598824660807,0.00043470179681201466,0.0,0.00043470179681201466,300.4613129567144,300.37182276558656,3.8901546880315067e-05
326,330,contact,0.0019628100291663475,-3.718997083365259e-05,3.718997083365259e-05,0.00013636343137669386,0.00024793351159398884,0.0,0.00024793351159398884,300.1741393175497,300.14327169843176,7.653117202456995e-06
326,375,contact,0.0019070164376913375,-9.298356230866256e-05,9.298356230866256e-05,0.00021561952869425183,0.00039203550671682155,0.0,0.00039203550671682155,300.1741393175497,300.1877017350436,-5.316949214532166e-06
326,425,contact,0.0022244241389694146,-2.557586103058571e-05,2.557586103058571e-05,0.00011920072014739981,0.0002167285820861815,0.0,0.0002167285820861815,300.1741393175497,300.195269216659,-4.579453073588257e-06
327,333,contact,0.0019347344662476262,-6.52655337523738e-05,6.52655337523738e-05,0.00018064541753442544,0.00018064541753442544,0.0,0.00018064541753442544,300.2846981394748,300.2380820602597,8.420981093626788e-06
327,386,contact,0.0019268531008097105,-7.314689919028956e-05,7.314689919028956e-05,0.00019124186151348973,0.00019124186151348973,0.0,0.00019124186151348973,300.2846981394748,300.29778029316003,-2.501855423366678e-06
327,442,contact,0.0021636920857412063,-8.630791425879398e-05,8.630791425879398e-05,0.00021897223854837295,0.00021897223854837295,0.0,0.00021897223854837295,300.2846981394748,300.3511953769102,-1.4561048938508954e-05
327,475,contact,0.002159914775841862,-9.00852241581384e-05,9.00852241581384e-05,0.00022371264326032477,0.00022371264326032477,0.0,0.00022371264326032477,300.2846981394748,300.3245899014041,-8.924291505517878e-06
327,498,contact,0.0021852584567358955,-6.474154326410481e-05,6.474154326410481e-05,0.00018965105861980784,0.00018965105861980784,0.0,0.00018965105861980784,300.2846981394748,300.23542298850083,9.345084545866782e-06
328,438,contact,0.002149838572381656,-0.00010016142761834447,0.00010016142761834447,0.00023589242795339345,0.0004288953235516244,0.0,0.0004288953235516244,300.39233342314236,300.35850374629854,1.4509390195578213e-05
329,429,contact,0.0021692719842050694,-8.072801579493086e-05,8.072801579493086e-05,0.00021177558325701876,0.00021177558325701876,0.0,0.00021177558325701876,300.9462269664909,300.8356063481758,2.3426745963925476e-05
329,449,contact,0.0022335887677892166,-1.6411232210783618e-05,1.6411232210783618e-05,9.548482197822397e-05,9.548482197822397e-05,0.0,9.548482197822397e-05,300.9462269664909,300.93484293592877,1.087002131617969e-06
330,370,contact,0.001964588514931308,-3.5411485068692194e-05,3.5411485068692194e-05,0.00013306292697196352,0.00013306292697196352,0.0,0.00013306292697196352,300.14327169843176,300.156027133767,-1.6972755605081904e-06
330,419,contact,0.0021994228341089854,-5.05771658910149e-05,5.05771658910149e-05,0.0001676258497219575,0.0003047742722217409,0.0,0.0003047742722217409,300.14327169843176,300.212213788211,-2.101177523790997e-05
331,363,contact,0.0019764988284590506,-2.3501171540949405e-05,2.3501171540949405e-05,0.00010840011886743806,0.00010840011886743806,0.0,0.00010840011886743806,300.07604770878316,300.06687796314003,9.94001517699982e-07
331,395,contact,0.001974226024446035,-2.577397555396507e-05,2.577397555396507e-05,0.0001135208693456077,0.0001135208693456077,0.0,0.0001135208693456077,300.07604770878316,300.0464735054685,3.3572892704847106e-06
332,426,contact,0.002100046239514741,-0.00014995376048525938,0.00014995376048525938,0.00028863063717151196,0.00028863063717151196,0.0,0.00028863063717151196,300.72321897399866,300.7141300961326,2.6233286096598356e-06
332,471,contact,0.0021582089161385656,-9.179108386143464e-05,9.179108386143464e-05,0.00022582082851164528,0.00022582082851164528,0.0,0.00022582082851164528,300.72321897399866,300.874368630743,-3.413274071525705e-05
332,487,contact,0.0021085246649256905,-0.00014147533507430973,0.00014147533507430973,0.00028035229332861985,0.00028035229332861985,0.0,0.00028035229332861985,300.72321897399866,300.59342741487103,3.638736125612685e-05
332,499,contact,0.002102252146960492,-0.0001477478530395081,0.0001477478530395081,0.00028649980903572086,0.00028649980903572086,0.0,0.00028649980903572086,300.72321897399866,300.7402449858719,-4.877949150331745e-06
333,401,contact,0.002113707989922212,-0.0001362920100777881,0.0001362920100777881,0.0002751686453369078,0.0002751686453369078,0.0,0.0002751686453369078,300.2380820602597,300.13543350050827,2.824566513259331e-05
333,498,contact,0.002151696416486535,-9.830358351346508e-05,9.830358351346508e-05,0.00023369446281828126,0.00023369446281828126,0.0,0.00023369446281828126,300.2380820602597,300.23542298850083,6.21410346291115e-07
334,354,contact,0.001887581062550693,-0.00011241893744930696,0.00011241893744930696,0.0002370853616836212,0.002370853616836212,0.0,0.002370853616836212,300.57547079935324,300.4638102327347,0.00026473085822551097
334,434,contact,0.0020361325138850864,-0.0002138674861149139,0.0002138674861149139,0.00034469590955484383,0.003446959095548438,0.0,0.003446959095548438,300.57547079935324,300.6611525055901,-0.00029534133663528526
334,492,contact,0.002117597467383723,-0.00013240253261627725,0.00013240253261627725,0.000271213868680417,0.0004931161248734855,0.0,0.0004931161248734855,300.57547079935324,300.5915552714198,-7.931512536094084e-06
335,451,contact,0.0021425865341917934,-0.00010741346580820689,0.00010741346580820689,0.000244282925459857,0.000244282925459857,0.0,0.000244282925459857,300.4473621352731,300.4982790339329,-1.2438128959946834e-05
336,421,contact,0.0021150319607277806,-0.00013496803927221966,0.00013496803927221966,0.00027382885903447435,0.00027382885903447435,0.0,0.00027382885903447435,300.7842462827059,300.64364496057095,3.850069961895341e-05
336,444,contact,0.002165769946277767,-8.423005372223307e-05,8.423005372223307e-05,0.0002163203048493818,0.0003933096451806942,0.0,0.0003933096451806942,300.7842462827059,300.84727875380275,-2.4791278841963107e-05
337,357,contact,0.0018797402547692597,-0.00012025974523074035,0.00012025974523074035,0.0002452139323435155,0.0002452139323435155,0.0,0.0002452139323435155,300.3869522460425,300.42994609169625,-1.0542689959330712e-05
337,394,contact,0.0019541265344905382,-4.58734655094618e-05,4.58734655094618e-05,0.00015144877931079834,0.00015144877931079834,0.0,0.00015144877931079834,300.3869522460425,300.34175934008715,6.844410440442772e-06
337,488,contact,0.002232456132357365,-1.7543867642635328e-05,1.7543867642635328e-05,9.872483545084998e-05,9.872483545084998e-05,0.0,9.872483545084998e-05,300.3869522460425,300.4095370750678,-2.2296835292116675e-06
338,427,contact,0.0022044200762332037,-4.557992376679658e-05,4.557992376679658e-05,0.00015912944375709527,0.00015912944375709527,0.0,0.00015912944375709527,300.7294809245793,300.7796272973706,-7.979764408713786e-06
338,436,contact,0.002217989168616476,-3.2010831383524375e-05,3.2010831383524375e-05,0.00013335589680651207,0.00013335589680651207,0.0,0.00013335589680651207,300.7294809245793,300.5791907690259,2.0042078475016638e-05
339,342,contact,0.0019340558301145286,-6.594416988547143e-05,6.594416988547143e-05,0.00018158217132399238,0.00018158217132399238,0.0,0.00018158217132399238,300.6280066222738,300.5592751139402,1.248041652158796e-05
339,428,contact,0.0021967378922395355,-5.3262107760464715e-05,5.3262107760464715e-05,0.00017201761499022373,0.00017201761499022373,0.0,0.00017201761499022373,300.6280066222738,300.5649719525057,1.0843073555207465e-05
340,412,contact,0.0022202176170837396,-2.9782382916260664e-05,2.9782382916260664e-05,0.00012863035523083763,0.0002338733731469775,0.0,0.0002338733731469775,300.9303877610474,300.818730442706,2.6113673677055854e-05
341,369,contact,0.001943476168484965,-5.652383151503494e-05,5.652383151503494e-05,0.00016811280664338893,0.0003056596484425253,0.0,0.0003056596484425253,300.95363860475356,300.90083136961266,1.614104092839039e-05
341,412,contact,0.002208469198772987,-4.153080122701325e-05,4.153080122701325e-05,0.00015189689709912014,0.0015189689709912014,0.0,0.0015189689709912014,300.95363860475356,300.818730442706,0.00020492131208370534
341,441,contact,0.002151181914471437,-9.881808552856305e-05,9.881808552856305e-05,0.00023430522060926694,0.00042600949201684895,0.0,0.00042600949201684895,300.95363860475356,300.8512384069459,4.362345625045751e-05
342,428,contact,0.002220683744633846,-2.9316255366154155e-05,2.9316255366154155e-05,0.00012761978113424386,0.00012761978113424386,0.0,0.00012761978113424386,300.5592751139402,300.5649719525057,-7.270292908841988e-07
342,451,contact,0.0021981119899131614,-5.188801008683885e-05,5.188801008683885e-05,0.00016978419322912844,0.00016978419322912844,0.0,0.00016978419322912844,300.5592751139402,300.4982790339329,1.035617023418358e-05
343,419,contact,0.0021336663817476255,-0.00011633361825237479,0.00011633361825237479,0.00025422389328697253,0.0004622252605217683,0.0,0.0004622252605217683,300.2465053944306,300.212213788211,1.5850446618563027e-05
343,453,contact,0.0022052218077327278,-4.477819226727251e-05,4.477819226727251e-05,0.0001577237251710029,0.0001577237251710029,0.0,0.0001577237251710029,300.2465053944306,300.19051920947953,8.830349648592753e-06
344,389,contact,0.0018206495953502421,-0.00017935040464975792,0.00017935040464975792,0.00029945818126222393,0.00029945818126222393,0.0,0.00029945818126222393,300.1726434530194,300.131841216185,1.2218563633858445e-05
345,351,contact,0.001946048961999672,-5.3951038000328144e-05,5.3951038000328144e-05,0.00016424225704782575,0.00016424225704782575,0.0,0.00016424225704782575,300.0995084759976,300.0993598497386,2.441071223087371e-08
345,372,contact,0.001989822096972489,-1.0177903027510943e-05,1.0177903027510943e-05,7.133688746893484e-05,0.00012970343176169972,0.0,0.00012970343176169972,300.0995084759976,300.06393850141757,4.613547770706052e-06
345,431,contact,0.0022111372291198747,-3.886277088012554e-05,3.886277088012554e-05,0.00014693681726080912,0.00014693681726080912,0.0,0.00014693681726080912,300.0995084759976,300.15243472382343,-7.776814405085372e-06
346,430,contact,0.0020882388914404697,-0.00016176110855953057,0.00016176110855953057,0.00029977872261565286,0.00029977872261565286,0.0,0.00029977872261565286,300.78710376981667,300.8386059521704,-1.543925843791522e-05
346,437,contact,0.002123295204093156,-0.0001267047959068444,0.0001267047959068444,0.0002653140653670291,0.0002653140653670291,0.0,0.0002653140653670291,300.78710376981667,300.81955506397213,-8.609784778807582e-06
346,440,contact,0.002100079897628898,-0.00014992010237110205,0.00014992010237110205,0.00028859824282507915,0.00028859824282507915,0.0,0.00028859824282507915,300.78710376981667,300.77220265009925,4.300436966574073e-06
347,500,contact,0.002239493151809131,-1.0506848190869073e-05,1.0506848190869073e-05,7.640116415223102e-05,0.00013891120754951094,0.0,0.00013891120754951094,300.1833652170376,300.1449926131016,5.330384749570442e-06
349,398,contact,0.0019646975692174614,-3.5302430782538623e-05,3.5302430782538623e-05,0.00013285787666250472,0.00013285787666250472,0.0,0.00013285787666250472,300.62267586809173,300.4763248012508,1.9443891987775228e-05
349,405,contact,0.002202455315338634,-4.754468466136629e-05,4.754468466136629e-05,0.00016252296361055887,0.00016252296361055887,0.0,0.00016252296361055887,300.62267586809173,300.6096817617124,2.1118406782386e-06
349,465,contact,0.002217696562503667,-3.230343749633345e-05,3.230343749633345e-05,0.00013396400324202653,0.00013396400324202653,0.0,0.00013396400324202653,300.62267586809173,300.6510103245261,-3.795797213636243e-06
350,430,contact,0.0022272291411583587,-2.277085884164155e-05,2.277085884164155e-05,0.00011247433989246305,0.00011247433989246305,0.0,0.00011247433989246305,300.9427680009611,300.8386059521704,1.171555767958351e-05
350,447,contact,0.0021674156451463125,-8.25843548536878e-05,8.25843548536878e-05,0.00021419663195516793,0.00021419663195516793,0.0,0.00021419663195516793,300.9427680009611,300.89440545089326,1.0359095337296638e-05
350,486,contact,0.0021834431400485337,-6.655685995146654e-05,6.655685995146654e-05,0.00019229153207141054,0.00019229153207141054,0.0,0.00019229153207141054,300.9427680009611,300.92459054662265,3.4953705438998704e-06
351,363,contact,0.0017629781563025678,-0.00023702184369743225,0.00023702184369743225,0.0003442541529868828,0.0003442541529868828,0.0,0.0003442541529868828,300.0993598497386,300.06687796314003,1.1182024358413226e-05
351,462,contact,0.002214027357554554,-3.5972642445446235e-05,3.5972642445446235e-05,0.00014136761071257179,0.00014136761071257179,0.0,0.00014136761071257179,300.0993598497386,300.12197529670163,-3.1970917023584576e-06
352,396,contact,0.0019739948718271788,-2.6005128172821267e-05,2.6005128172821267e-05,0.00011402878621826435,0.00011402878621826435,0.0,0.00011402878621826435,300.0823623221732,300.0468372478796,4.0508811020147425e-06
353,466,contact,0.0021554986412660993,-9.450135873390096e-05,9.450135873390096e-05,0.00022913043196434472,0.00022913043196434472,0.0,0.00022913043196434472,300.17178979382476,300.1846179718778,-2.9393259786089218e-06
353,469,contact,0.0021619139737972934,-8.808602620270691e-05,8.808602620270691e-05,0.00022121636744085204,0.00022121636744085204,0.0,0.00022121636744085204,300.17178979382476,300.08045721421183,2.0204261490973533e-05
353,494,contact,0.002209396362584132,-4.0603637415868084e-05,4.0603637415868084e-05,0.00015019179851825777,0.00015019179851825777,0.0,0.00015019179851825777,300.17178979382476,300.1561872915159,2.3433678831538465e-06
354,424,contact,0.002151773803191219,-9.822619680878138e-05,9.822619680878138e-05,0.0002336024600431508,0.0004247317455330015,0.0,0.0004247317455330015,300.4638102327347,300.5487847983312,-3.609139557170855e-05
354,496,contact,0.002235454335968417,-1.4545664031583114e-05,1.4545664031583114e-05,8.989396232223062e-05,0.00016344356785860114,0.0,0.00016344356785860114,300.4638102327347,300.39780823995676,1.0787601185406724e-05
356,434,contact,0.0020719113188068642,-0.00017808868119313604,0.00017808868119313604,0.0003145443628781303,0.0031454436287813034,0.0,0.0031454436287813034,300.7024440821182,300.6611525055901,0.00012988032631254474
356,479,contact,0.0021172041693941555,-0.00013279583060584474,0.00013279583060584474,0.00027161638655959534,0.0004938479755629006,0.0,0.0004938479755629006,300.7024440821182,300.69083716646486,5.732051797920028e-06
356,490,contact,0.002071096079857233,-0.00017890392014276732,0.00017890392014276732,0.00031526348780977134,0.0005732063414723115,0.0,0.0005732063414723115,300.7024440821182,300.8023771093615,-5.728224493839049e-05
357,456,contact,0.002108828413029377,-0.0001411715869706234,0.0001411715869706234,0.00028005117287403764,0.00028005117287403764,0.0,0.00028005117287403764,300.42994609169625,300.55892397113325,-3.61204064111387e-05
358,408,contact,0.002114707291281704,-0.00013529270871829625,0.00013529270871829625,0.0002741580127492338,0.0002741580127492338,0.0,0.0002741580127492338,300.31150911831537,300.31858557063794,-1.940066106069071e-06
359,408,contact,0.002134784442841946,-0.00011521555715805418,0.00011521555715805418,0.00025299929419977767,0.00025299929419977767,0.0,0.00025299929419977767,300.4508965073669,300.31858557063794,3.347457360734093e-05
359,439,contact,0.00223869707028441,-1.1302929715590465e-05,1.1302929715590465e-05,7.924269933281083e-05,7.924269933281083e-05,0.0,7.924269933281083e-05,300.4508965073669,300.40286578297537,3.806084251695722e-06
359,448,contact,0.002170935817637178,-7.906418236282211e-05,7.906418236282211e-05,0.00020958183546558465,0.00020958183546558465,0.0,0.00020958183546558465,300.4508965073669,300.5505809501177,-2.0892048479076547e-05
359,468,contact,0.0022186626077211466,-3.13373922788537e-05,3.13373922788537e-05,0.00013194567964560624,0.00013194567964560624,0.0,0.00013194567964560624,300.4508965073669,300.3665730095961,1.1126121223464384e-05
361,436,contact,0.0022209329007649007,-2.9067099235099546e-05,2.9067099235099546e-05,0.00012707630960940043,0.00012707630960940043,0.0,0.00012707630960940043,300.57257376080594,300.5791907690259,-8.408649852478282e-07
361,445,contact,0.002197701357031933,-5.2298642968067344e-05,5.2298642968067344e-05,0.0001704546908973945,0.0001704546908973945,0.0,0.0001704546908973945,300.57257376080594,300.48191571440736,1.5453089276230467e-05
362,478,contact,0.0021793424876783364,-7.065751232166384e-05,7.065751232166384e-05,0.00019812666027578285,0.00019812666027578285,0.0,0.00019812666027578285,300.73572798517444,300.8248837479808,-1.766413352916048e-05
363,462,contact,0.002219280037219278,-3.071996278072213e-05,3.071996278072213e-05,0.00013063937380931553,0.00013063937380931553,0.0,0.00013063937380931553,300.06687796314003,300.12197529670163,-7.197881155051055e-06
363,467,contact,0.0020378824387338934,-0.0002121175612661069,0.0002121175612661069,0.0003432828128413679,0.0003432828128413679,0.0,0.0003432828128413679,300.06687796314003,300.12635718134345,-2.041819333047591e-05
364,392,contact,0.0019931271544387226,-6.872845561277461e-06,6.872845561277461e-06,5.862100972039573e-05,5.862100972039573e-05,0.0,5.862100972039573e-05,300.9505098324465,300.8660125617269,4.953315328201955e-06
365,416,contact,0.0022187618665378242,-3.1238133462176045e-05,3.1238133462176045e-05,0.000131736549940014,0.000131736549940014,0.0,0.000131736549940014,300.5438738902852,300.57643918568084,-4.290039663195572e-06
365,421,contact,0.002131963792703807,-0.00011803620729619341,0.00011803620729619341,0.0002560774701532867,0.0002560774701532867,0.0,0.0002560774701532867,300.5438738902852,300.64364496057095,-2.5549123273254515e-05
365,435,contact,0.002159123786284612,-9.087621371538842e-05,9.087621371538842e-05,0.00022469264651393914,0.00022469264651393914,0.0,0.00022469264651393914,300.5438738902852,300.438230498213,2.373729335142094e-05
366,452,contact,0.002176379794291428,-7.362020570857207e-05,7.362020570857207e-05,0.00020223776670676535,0.00020223776670676535,0.0,0.00020223776670676535,300.78934490323167,300.6554760471381,2.707333848795024e-05
367,411,contact,0.0021501149917465857,-9.988500825341452e-05,9.988500825341452e-05,0.00023556670234117758,0.00023556670234117758,0.0,0.00023556670234117758,300.1908781230643,300.1666145087418,5.715699612824447e-06
367,467,contact,0.002144140312129783,-0.0001058596878702172,0.0001058596878702172,0.0002425096651799186,0.0002425096651799186,0.0,0.0002425096651799186,300.1908781230643,300.12635718134345,1.5646951973814783e-05
368,426,contact,0.0022226959245699803,-2.730407543002e-05,2.730407543002e-05,0.0001231622133385705,0.0001231622133385705,0.0,0.0001231622133385705,300.6880073385232,300.7141300961326,-3.217336645675448e-06
368,452,contact,0.0021618813615460033,-8.811863845399701e-05,8.811863845399701e-05,0.00022125731432228281,0.00022125731432228281,0.0,0.00022125731432228281,300.6880073385232,300.6554760471381,7.197786163305525e-06
370,419,contact,0.0021995776187713864,-5.0422381228613835e-05,5.0422381228613835e-05,0.00016736915491181932,0.00030430755438512605,0.0,0.00030430755438512605,300.156027133767,300.212213788211,-1.709802340293303e-05
370,420,contact,0.00218971907061157,-6.028092938843016e-05,6.028092938843016e-05,0.0001830011071436305,0.0001830011071436305,0.0,0.0001830011071436305,300.156027133767,300.2528382911921,-1.7716548992653717e-05
371,388,contact,0.0019145029152236887,-8.549708477631132e-05,8.549708477631132e-05,0.00020675720637539012,0.00020675720637539012,0.0,0.00020675720637539012,300.40786217279043,300.42346753456536,-3.2265210050619857e-06
371,399,contact,0.0019091886319586137,-9.081136804138632e-05,9.081136804138632e-05,0.0002130860953246203,0.0002130860953246203,0.0,0.0002130860953246203,300.40786217279043,300.54217294709645,-2.8619758456895266e-05
371,454,contact,0.0021710717670810112,-7.892823291898903e-05,7.892823291898903e-05,0.00020940157183824395,0.00020940157183824395,0.0,0.00020940157183824395,300.40786217279043,300.39058403261095,3.618069712025685e-06
371,455,contact,0.0021533007134773557,-9.669928652264459e-05,9.669928652264459e-05,0.00023177969247954763,0.00023177969247954763,0.0,0.00023177969247954763,300.40786217279043,300.46527753996656,-1.3307716147684585e-05
372,385,contact,0.001947870838146102,-5.212916185389806e-05,5.212916185389806e-05,0.000161445287719862,0.0016144528771986203,0.0,0.0016144528771986203,300.06393850141757,300.1742036434987,-0.0001780178758875764
373,477,contact,0.002236834527474037,-1.3165472525963114e-05,1.3165472525963114e-05,8.552281218080262e-05,8.552281218080262e-05,0.0,8.552281218080262e-05,300.3798867700518,300.31435549016766,5.6044193415014095e-06
373,480,contact,0.0021231525104193523,-0.00012684748958064797,0.00012684748958064797,0.0002654634203516643,0.0002654634203516643,0.0,0.0002654634203516643,300.3798867700518,300.3102785897722,1.8478425621478303e-05
373,497,contact,0.0022180284287853487,-3.197157121465153e-05,3.197157121465153e-05,0.0001332740935371152,0.0001332740935371152,0.0,0.0001332740935371152,300.3798867700518,300.49212346273805,-1.4958243479360293e-05
374,413,contact,0.002215564543324343,-3.443545667565712e-05,3.443545667565712e-05,0.000138314168703911,0.000138314168703911,0.0,0.000138314168703911,300.794887101684,300.73187718627804,8.715164069482554e-06
375,458,contact,0.002222770275986642,-2.722972401335809e-05,2.722972401335809e-05,0.0001229944082138111,0.0001229944082138111,0.0,0.0001229944082138111,300.1877017350436,300.15537557984123,3.975936328944993e-06
376,480,contact,0.002229697151857175,-2.0302848142825323e-05,2.0302848142825323e-05,0.00010620433173532708,0.00010620433173532708,0.0,0.00010620433173532708,300.23590700817186,300.3102785897722,-7.898584123965586e-06
377,433,contact,0.0021682808907980524,-8.17191092019479e-05,8.17191092019479e-05,0.00021307159621168016,0.00038740290220305485,0.0,0.00038740290220305485,300.3161086171142,300.2707144656348,1.758582602616451e-05
377,445,contact,0.0020472420406244113,-0.00020275795937558898,0.00020275795937558898,0.0003356237637060524,0.0003356237637060524,0.0,0.0003356237637060524,300.3161086171142,300.48191571440736,-5.5648802042708736e-05
378,385,contact,0.001879466096235843,-0.00012053390376415697,0.00012053390376415697,0.0002454932827636603,0.0024549328276366033,0.0,0.0024549328276366033,300.27259763523665,300.1742036434987,0.00024155064035973346
378,386,contact,0.0019013030485695854,-9.86969514304146e-05,9.86969514304146e-05,0.00022214516811132153,0.00040390030565694827,0.0,0.00040390030565694827,300.27259763523665,300.29778029316003,-1.0171283232507836e-05
378,438,contact,0.0020991968118782953,-0.00015080318812170498,0.00015080318812170498,0.0002894469708884561,0.002894469708884561,0.0,0.002894469708884561,300.27259763523665,300.35850374629854,-0.0002486526362767082
378,446,contact,0.0021443656713925887,-0.00010563432860741153,0.00010563432860741153,0.0002422513944546628,0.0004404570808266596,0.0,0.0004404570808266596,300.27259763523665,300.26109636065587,5.0658178276363625e-06
378,491,contact,0.0021492193142860047,-0.00010078068571399553,0.00010078068571399553,0.00023662051863925206,0.0004302191247986401,0.0,0.0004302191247986401,300.27259763523665,300.26256756647143,4.315127405842242e-06
379,424,contact,0.0021673425138403943,-8.265748615960593e-05,8.265748615960593e-05,0.0002142914502359474,0.0002142914502359474,0.0,0.0002142914502359474,300.7088242693076,300.5487847983312,3.4295090330529694e-05
379,478,contact,0.002217066656214918,-3.293334378508218e-05,3.293334378508218e-05,0.0001352638240728963,0.0001352638240728963,0.0,0.0001352638240728963,300.7088242693076,300.8248837479808,-1.569864890523713e-05
380,452,contact,0.0021551578829867653,-9.484211701323497e-05,9.484211701323497e-05,0.0002295431658911952,0.0002295431658911952,0.0,0.0002295431658911952,300.6716488622342,300.6554760471381,3.712359178524782e-06
380,487,contact,0.0022027454612369543,-4.725453876304594e-05,4.725453876304594e-05,0.00016202629889936238,0.00016202629889936238,0.0,0.00016202629889936238,300.6716488622342,300.59342741487103,1.2673931610802225e-05
381,396,contact,0.0019672017007414363,-3.279829925856379e-05,3.279829925856379e-05,0.00012805916456576583,0.00012805916456576583,0.0,0.00012805916456576583,300.0682654015339,300.0468372478796,2.7440714551581347e-06
381,401,contact,0.0021803691951135253,-6.963080488647496e-05,6.963080488647496e-05,0.00019668192721367686,0.00019668192721367686,0.0,0.00019668192721367686,300.0682654015339,300.13543350050827,-1.3210751153559597e-05
382,493,contact,0.0022440918839735603,-5.908116026439973e-06,5.908116026439973e-06,5.729124436906167e-05,5.729124436906167e-05,0.0,5.729124436906167e-05,300.20146185647707,300.32418646661245,-7.0310456293637925e-06
383,429,contact,0.002151823733533672,-9.817626646632834e-05,9.817626646632834e-05,0.00023354308009245595,0.00023354308009245595,0.0,0.00023354308009245595,300.9325116022523,300.8356063481758,2.263155151416531e-05
383,483,contact,0.002185291388772903,-6.470861122709727e-05,6.470861122709727e-05,0.00018960281764651728,0.00018960281764651728,0.0,0.00018960281764651728,300.9325116022523,300.9269751061608,1.0497352588389464e-06
385,431,contact,0.0020941109501633587,-0.00015588904983664153,0.00015588904983664153,0.00029428732165525425,0.0005350678575550078,0.0,0.0005350678575550078,300.1742036434987,300.15243472382343,1.1647849211924717e-05
385,491,contact,0.0021828261726486607,-6.717382735133958e-05,6.717382735133958e-05,0.00019318072619432415,0.0003512376839896803,0.0,0.0003512376839896803,300.1742036434987,300.26256756647143,-3.103673965318996e-05
386,435,contact,0.002160778597033949,-8.922140296605116e-05,8.922140296605116e-05,0.0002226374768367865,0.0002226374768367865,0.0,0.0002226374768367865,300.29778029316003,300.438230498213,-3.126947927419968e-05
386,446,contact,0.002172095442947792,-7.790455705220835e-05,7.790455705220835e-05,0.00020803920177084193,0.00020803920177084193,0.0,0.00020803920177084193,300.29778029316003,300.26109636065587,7.631696035981102e-06
386,498,contact,0.0021943472085696253,-5.5652791430375013e-05,5.5652791430375013e-05,0.00017583576843554743,0.00017583576843554743,0.0,0.00017583576843554743,300.29778029316003,300.23542298850083,1.0964644582320224e-05
387,416,contact,0.0020798996730178017,-0.00017010032698219855,0.00017010032698219855,0.0003074088184434158,0.0003074088184434158,0.0,0.0003074088184434158,300.529893431026,300.57643918568084,-1.430857544200695e-05
387,484,contact,0.002092947582525659,-0.0001570524174743411,0.0001570524174743411,0.00029538338315027233,0.00029538338315027233,0.0,0.00029538338315027233,300.529893431026,300.63991625235246,-3.2498913187153993e-05
388,428,contact,0.002227344796820523,-2.265520317947748e-05,2.265520317947748e-05,0.00011218834158948335,0.00011218834158948335,0.0,0.00011218834158948335,300.42346753456536,300.5649719525057,-1.5875145976310232e-05
389,407,contact,0.002132452624062021,-0.00011754737593797906,0.00011754737593797906,0.0002555466645122211,0.0002555466645122211,0.0,0.0002555466645122211,300.131841216185,300.2382371570715,-2.71891278111846e-05
389,425,contact,0.002197071856311372,-5.29281436886281e-05,5.29281436886281e-05,0.00017147747453079678,0.00017147747453079678,0.0,0.00017147747453079678,300.131841216185,300.195269216659,-1.0876473335820536e-05
390,453,contact,0.002210560379654896,-3.943962034510433e-05,3.943962034510433e-05,0.00014802330962292604,0.00014802330962292604,0.0,0.00014802330962292604,300.2152827253501,300.19051920947953,3.6655775770623352e-06
390,459,contact,0.002192368697482245,-5.7631302517755466e-05,5.7631302517755466e-05,0.0001789340389295506,0.0001789340389295506,0.0,0.0001789340389295506,300.2152827253501,300.0734370824457,2.538101378944303e-05
390,477,contact,0.0021789949313387584,-7.100506866124191e-05,7.100506866124191e-05,0.0001986133438804065,0.0001986133438804065,0.0,0.0001986133438804065,300.2152827253501,300.31435549016766,-1.9677173107890566e-05
390,494,contact,0.0022194685504868055,-3.053144951319477e-05,3.053144951319477e-05,0.00013023792226620983,0.00013023792226620983,0.0,0.00013023792226620983,300.2152827253501,300.1561872915159,7.696466517988542e-06
391,464,contact,0.0022078779478268266,-4.2122052173173673e-05,4.2122052173173673e-05,0.0001529743118834257,0.0001529743118834257,0.0,0.0001529743118834257,300.784210537016,300.7947152684812,-1.606954067405409e-06
392,418,contact,0.002132857061502247,-0.00011714293849775324,0.00011714293849775324,0.0002551066645082593,0.0002551066645082593,0.0,0.0002551066645082593,300.8660125617269,300.94420145055716,-1.9946506631093355e-05
392,490,contact,0.002112613607548716,-0.00013738639245128434,0.00013738639245128434,0.0002762711957190739,0.0002762711957190739,0.0,0.0002762711957190739,300.8660125617269,300.8023771093615,1.758064251511811e-05
393,437,contact,0.0021648322105188656,-8.516778948113469e-05,8.516778948113469e-05,0.00021752112219421447,0.00021752112219421447,0.0,0.00021752112219421447,300.793217210365,300.81955506397213,-5.7290394728070875e-06
393,484,contact,0.0020578327131474993,-0.00019216728685250099,0.00019216728685250099,0.00032674088175027165,0.00032674088175027165,0.0,0.00032674088175027165,300.793217210365,300.63991625235246,5.008969019418223e-05
394,417,contact,0.0022156269301486656,-3.4373069851334655e-05,3.4373069851334655e-05,0.00013818881979888294,0.00013818881979888294,0.0,0.00013818881979888294,300.34175934008715,300.2330672601222,1.5020030251842711e-05
394,435,contact,0.002176876897070664,-7.312310292933609e-05,7.312310292933609e-05,0.00020155382921654798,0.00020155382921654798,0.0,0.00020155382921654798,300.34175934008715,300.438230498213,-1.944413132921756e-05
394,475,contact,0.0021840343636490697,-6.596563635093058e-05,6.596563635093058e-05,0.00019143556553189638,0.00019143556553189638,0.0,0.00019143556553189638,300.34175934008715,300.3245899014041,3.2868412041504504e-06
396,401,contact,0.0022457390389802644,-4.260961019735866e-06,4.260961019735866e-06,4.8653885420590264e-05,4.8653885420590264e-05,0.0,4.8653885420590264e-05,300.0468372478796,300.13543350050827,-4.310551924089967e-06
397,404,contact,0.0021627101560398017,-8.728984396019854e-05,8.728984396019854e-05,0.00022021434502698923,0.00022021434502698923,0.0,0.00022021434502698923,300.3634469576279,300.3752245157882,-2.593587256288645e-06
397,408,contact,0.002177882915775088,-7.211708422491222e-05,7.211708422491222e-05,0.0002001625509220391,0.0002001625509220391,0.0,0.0002001625509220391,300.3634469576279,300.31858557063794,8.979569657812083e-06
397,496,contact,0.002187828805145641,-6.21711948543594e-05,6.21711948543594e-05,0.00018584819799198035,0.00018584819799198035,0.0,0.00018584819799198035,300.3634469576279,300.39780823995676,-6.385982401512214e-06
398,439,contact,0.002199631741197377,-5.036825880262328e-05,5.036825880262328e-05,0.00016727930535920268,0.00016727930535920268,0.0,0.00016727930535920268,300.4763248012508,300.40286578297537,1.2288173549487474e-05
398,455,contact,0.002219978942897297,-3.0021057102703076e-05,3.0021057102703076e-05,0.0001291447445971274,0.0001291447445971274,0.0,0.0001291447445971274,300.4763248012508,300.46527753996656,1.426695737053668e-06
399,405,contact,0.0022011248088846264,-4.8875191115373834e-05,4.8875191115373834e-05,0.0001647813216143913,0.0001647813216143913,0.0,0.0001647813216143913,300.54217294709645,300.6096817617124,-1.1124191693039215e-05
399,428,contact,0.00217160583936986,-7.839416063014013e-05,7.839416063014013e-05,0.00020869190559575846,0.00020869190559575846,0.0,0.00020869190559575846,300.54217294709645,300.5649719525057,-4.757967884542338e-06
399,455,contact,0.0022194193439698676,-3.0580656030132665e-05,3.0580656030132665e-05,0.00013034283006776285,0.00013034283006776285,0.0,0.00013034283006776285,300.54217294709645,300.46527753996656,1.0022764984521673e-05
399,482,contact,0.0021910117868236124,-5.8988213176387836e-05,5.8988213176387836e-05,0.00018102825619896383,0.00018102825619896383,0.0,0.00018102825619896383,300.54217294709645,300.6679011861109,-2.2760363863752346e-05
400,459,contact,0.0022137182730645744,-3.6281726935425904e-05,3.6281726935425904e-05,0.00014197364179355793,0.00014197364179355793,0.0,0.00014197364179355793,300.0514167941801,300.0734370824457,-3.126300518410328e-06
401,462,contact,0.002456754949712208,-4.3245050287792075e-05,4.3245050287792075e-05,0.00016440242221412083,0.00016440242221412083,0.0,0.00016440242221412083,300.13543350050827,300.12197529670163,2.212561304462184e-06
402,471,contact,0.00237290093971493,-0.00012709906028507021,0.00012709906028507021,0.0002818455475578227,0.0002818455475578227,0.0,0.0002818455475578227,300.9326653658208,300.874368630743,1.643067521884084e-05
403,435,contact,0.0024158561965481307,-8.414380345186934e-05,8.414380345186934e-05,0.00022932482891614318,0.0004169542343929876,0.0,0.0004169542343929876,300.48596494298323,300.438230498213,1.990307887335066e-05
403,438,contact,0.002336345091911723,-0.00016365490808827694,0.00016365490808827694,0.0003198191951011901,0.0031981919510119007,0.0,0.0031981919510119007,300.48596494298323,300.35850374629854,0.00040764537330332645
403,476,contact,0.002428447048321211,-7.155295167878906e-05,7.155295167878906e-05,0.0002114724445388646,0.0021147244453886462,0.0,0.0021147244453886462,300.48596494298323,300.59833041792774,-0.00023762201668286258
404,480,contact,0.0024126944843887717,-8.730551561122839e-05,8.730551561122839e-05,0.0002335935514028967,0.0002335935514028967,0.0,0.0002335935514028967,300.3752245157882,300.3102785897722,1.5170949507222585e-05
404,497,contact,0.00239663961083013,-0.0001033603891698702,0.0001033603891698702,0.00025416577903244347,0.00025416577903244347,0.0,0.00025416577903244347,300.3752245157882,300.49212346273805,-2.9711711919579787e-05
405,413,contact,0.002380714011900842,-0.00011928598809915784,0.00011928598809915784,0.00027304531228712506,0.00027304531228712506,0.0,0.00027304531228712506,300.6096817617124,300.73187718627804,-3.3364887860580833e-05
405,455,contact,0.002371925737222817,-0.00012807426277718298,0.00012807426277718298,0.00028292475012932215,0.00028292475012932215,0.0,0.00028292475012932215,300.6096817617124,300.46527753996656,4.08555283550623e-05
405,482,contact,0.0024390695972664983,-6.093040273350177e-05,6.093040273350177e-05,0.00019514482239720992,0.00019514482239720992,0.0,0.00019514482239720992,300.6096817617124,300.6679011861109,-1.1361219234310587e-05
407,408,contact,0.0023634429903215347,-0.00013655700967846532,0.00013655700967846532,0.00029214402449655,0.00029214402449655,0.0,0.00029214402449655,300.2382371570715,300.31858557063794,-2.3473308901204824e-05
408,439,contact,0.0024229072225943776,-7.709277740562247e-05,7.709277740562247e-05,0.00021950623198103977,0.00021950623198103977,0.0,0.00021950623198103977,300.31858557063794,300.40286578297537,-1.8500031840751785e-05
408,468,contact,0.0024427042322188747,-5.729576778112531e-05,5.729576778112531e-05,0.00018923491977751707,0.00018923491977751707,0.0,0.00018923491977751707,300.31858557063794,300.3665730095961,-9.08089916157583e-06
409,423,contact,0.0024612102104452607,-3.878978955473931e-05,3.878978955473931e-05,0.00015570362382331398,0.00015570362382331398,0.0,0.00015570362382331398,300.1194537487811,300.2473854157998,-1.9919424156566925e-05
409,458,contact,0.0024180325908473616,-8.196740915263848e-05,8.196740915263848e-05,0.00022633963576978525,0.00022633963576978525,0.0,0.00022633963576978525,300.1194537487811,300.15537557984123,-8.130534158335021e-06
409,500,contact,0.002400751634384533,-9.924836561546685e-05,9.924836561546685e-05,0.0002490586848709894,0.0004528339724927079,0.0,0.0004528339724927079,300.1194537487811,300.1449926131016,-1.1564865383195704e-05
410,481,contact,0.0023822043804845963,-0.00011779561951540379,0.00011779561951540379,0.00027133422599651407,0.00027133422599651407,0.0,0.00027133422599651407,300.29800734799045,300.44162786704226,-3.8969162374139944e-05
410,489,contact,0.0024146118758094446,-8.538812419055545e-05,8.538812419055545e-05,0.0002310142368320558,0.0002310142368320558,0.0,0.0002310142368320558,300.29800734799045,300.37182276558656,-1.705241236240452e-05
411,461,contact,0.002451915948708332,-4.808405129166785e-05,4.808405129166785e-05,0.00017335666141597329,0.00017335666141597329,0.0,0.00017335666141597329,300.1666145087418,300.2443122075207,-1.346941366001008e-05
412,434,contact,0.0024626407492161742,-3.735925078382583e-05,3.735925078382583e-05,0.0001528055356977984,0.001528055356977984,0.0,0.001528055356977984,300.818730442706,300.6611525055901,0.00024078781095147368
412,441,contact,0.0024452623256820526,-5.4737674317947415e-05,5.4737674317947415e-05,0.0001849622838546203,0.0003362950615538551,0.0,0.0003362950615538551,300.818730442706,300.8512384069459,-1.0932267835056423e-05
412,478,contact,0.002436468004673979,-6.353199532602117e-05,6.353199532602117e-05,0.000199267400943464,0.00036230436535175274,0.0,0.00036230436535175274,300.818730442706,300.8248837479808,-2.229369362394429e-06
413,429,contact,0.002382729657016098,-0.00011727034298390218,0.00011727034298390218,0.00027072858062077387,0.00027072858062077387,0.0,0.00027072858062077387,300.73187718627804,300.8356063481758,-2.8082448769567002e-05
413,465,contact,0.0023974044104362957,-0.00010259558956370431,0.00010259558956370431,0.0002532237024397898,0.0002532237024397898,0.0,0.0002532237024397898,300.73187718627804,300.6510103245261,2.0477406137510037e-05
414,457,contact,0.002430975513060549,-6.9024486939451e-05,6.9024486939451e-05,0.00020770244181799325,0.00020770244181799325,0.0,0.00020770244181799325,300.7642454567896,300.75315371348086,2.303782169240612e-06
414,484,contact,0.002400758561746683,-9.924143825331723e-05,9.924143825331723e-05,0.00024904999278924555,0.00024904999278924555,0.0,0.00024904999278924555,300.7642454567896,300.63991625235246,3.0964187468556714e-05
417,420,contact,0.002427164809608116,-7.283519039188394e-05,7.283519039188394e-05,0.00021335883856762875,0.00021335883856762875,0.0,0.00021335883856762875,300.2330672601222,300.2528382911921,-4.218324226363097e-06
418,474,contact,0.002467521780268616,-3.247821973138398e-05,3.247821973138398e-05,0.0001424741637354471,0.0001424741637354471,0.0,0.0001424741637354471,300.94420145055716,300.9454795191016,-1.8209174706320353e-07
419,420,contact,0.002400946601821873,-9.905339817812718e-05,9.905339817812718e-05,0.00024881393421858326,0.000452388971306515,0.0,0.000452388971306515,300.212213788211,300.2528382911921,-1.837807711347259e-05
419,443,contact,0.0023466753159523367,-0.00015332468404766339,0.00015332468404766339,0.00030956086239993197,0.00056283793163624,0.0,0.00056283793163624,300.212213788211,300.23513629672664,-1.2901657280861749e-05
421,476,contact,0.0024649400813001525,-3.505991869984758e-05,3.505991869984758e-05,0.0001480285417999,0.0002691428032725455,0.0,0.0002691428032725455,300.64364496057095,300.59833041792774,1.219608303600726e-05
422,442,contact,0.002403869411974161,-9.613058802583922e-05,9.613058802583922e-05,0.0002451155187175009,0.0002451155187175009,0.0,0.0002451155187175009,300.4593226467314,300.3511953769102,2.6503671829726186e-05
422,451,contact,0.0023741453403909366,-0.00012585465960906345,0.00012585465960906345,0.000280462407918895,0.000280462407918895,0.0,0.000280462407918895,300.4593226467314,300.4982790339329,-1.0925802158352008e-05
423,433,contact,0.0023235885651293775,-0.0001764114348706226,0.0001764114348706226,0.0003320499161182534,0.0006037271202150062,0.0,0.0006037271202150062,300.2473854157998,300.2707144656348,-1.4084380074244727e-05
424,485,contact,0.0023533323093010046,-0.00014666769069899546,0.00014666769069899546,0.00030276609236648707,0.00030276609236648707,0.0,0.00030276609236648707,300.5487847983312,300.56257073877384,-4.173915317412452e-06
426,463,contact,0.0023955900026089603,-0.00010440999739103974,0.00010440999739103974,0.0002554530257589443,0.0002554530257589443,0.0,0.0002554530257589443,300.7141300961326,300.7583366253771,-1.129269165382097e-05
427,432,contact,0.002332279666420817,-0.00016772033357918305,0.00016772033357918305,0.0003237672134219112,0.0003237672134219112,0.0,0.0003237672134219112,300.7796272973706,300.6390674523942,4.5508669327023004e-05
427,450,contact,0.002383341262786342,-0.00011665873721365813,0.00011665873721365813,0.00027002168571901093,0.00027002168571901093,0.0,0.00027002168571901093,300.7796272973706,300.72374923369375,1.508828894873928e-05
427,482,contact,0.002406986991988117,-9.301300801188312e-05,9.301300801188312e-05,0.0002411081292852378,0.0002411081292852378,0.0,0.0002411081292852378,300.7796272973706,300.6679011861109,2.693807367814385e-05
428,450,contact,0.0024363930938168794,-6.360690618312063e-05,6.360690618312063e-05,0.00019938484487154584,0.00019938484487154584,0.0,0.00019938484487154584,300.5649719525057,300.72374923369375,-3.165778357880824e-05
428,473,contact,0.002407407306763688,-9.259269323631195e-05,9.259269323631195e-05,0.00024056274290233507,0.00024056274290233507,0.0,0.00024056274290233507,300.5649719525057,300.5078154684495,1.3749720579208032e-05
429,464,contact,0.0023551155567793397,-0.00014488444322066033,0.00014488444322066033,0.0003009198847083933,0.0003009198847083933,0.0,0.0003009198847083933,300.8356063481758,300.7947152684812,1.2304938987310255e-05
429,472,contact,0.002314740273551819,-0.00018525972644818124,0.00018525972644818124,0.00034027537235320645,0.00034027537235320645,0.0,0.00034027537235320645,300.8356063481758,300.9437216208307,-3.6788964659699784e-05
430,447,contact,0.002339158909095318,-0.0001608410909046819,0.0001608410909046819,0.00031705785247400223,0.00031705785247400223,0.0,0.00031705785247400223,300.8386059521704,300.89440545089326,-1.7691669234201117e-05
430,474,contact,0.002465551828708222,-3.444817129177793e-05,3.444817129177793e-05,0.000146731411283887,0.000146731411283887,0.0,0.000146731411283887,300.8386059521704,300.9454795191016,-1.56817093047578e-05
431,446,contact,0.0023905097752312163,-0.00010949022476878373,0.00010949022476878373,0.00026159394197972134,0.00026159394197972134,0.0,0.00026159394197972134,300.15243472382343,300.26109636065587,-2.8425225920966108e-05
431,466,contact,0.0023461442725680793,-0.00015385572743192074,0.00015385572743192074,0.0003100964844124333,0.0003100964844124333,0.0,0.0003100964844124333,300.15243472382343,300.1846179718778,-9.979912078632252e-06
431,498,contact,0.002354038456886379,-0.00014596154311362092,0.00014596154311362092,0.00030203636278768335,0.00030203636278768335,0.0,0.00030203636278768335,300.15243472382343,300.23542298850083,-2.5065473617222485e-05
432,436,contact,0.0023916903554599203,-0.00010830964454007974,0.00010830964454007974,0.0002601797990574015,0.0002601797990574015,0.0,0.0002601797990574015,300.6390674523942,300.5791907690259,1.5578703446992048e-05
432,450,contact,0.0024934024108635177,-6.597589136482333e-06,6.597589136482333e-06,6.421443148001435e-05,6.421443148001435e-05,0.0,6.421443148001435e-05,300.6390674523942,300.72374923369375,-5.437792442864669e-06
432,460,contact,0.0024768229802309256,-2.317701976907449e-05,2.317701976907449e-05,0.00012035629337791838,0.00012035629337791838,0.0,0.00012035629337791838,300.6390674523942,300.6471972418559,-9.784713255519865e-07
433,438,contact,0.0023319620235544153,-0.00016803797644558477,0.00016803797644558477,0.0003240736571807256,0.003240736571807256,0.0,0.003240736571807256,300.2707144656348,300.35850374629854,-0.00028450193245964004
433,500,contact,0.00240807657062644,-9.192342937355998e-05,9.192342937355998e-05,0.00023969176739820452,0.0023969176739820452,0.0,0.0023969176739820452,300.2707144656348,300.1449926131016,0.00030134493034263403
434,448,contact,0.002436037791742977,-6.396220825702304e-05,6.396220825702304e-05,0.00019994094168188616,0.00036352898487615666,0.0,0.00036352898487615666,300.6611525055901,300.5505809501177,4.019596531706077e-05
436,445,contact,0.0024185054610233975,-8.14945389766026e-05,8.14945389766026e-05,0.0002256858144863709,0.0002256858144863709,0.0,0.0002256858144863709,300.5791907690259,300.48191571440736,2.1953599930790343e-05
439,455,contact,0.0024018493024010024,-9.815069759899764e-05,9.815069759899764e-05,0.0002476775847737811,0.0002476775847737811,0.0,0.0002476775847737811,300.40286578297537,300.46527753996656,-1.545799323306756e-05
439,461,contact,0.0024316860323290103,-6.831396767098975e-05,6.831396767098975e-05,0.00020663066034441402,0.00020663066034441402,0.0,0.00020663066034441402,300.40286578297537,300.2443122075207,3.276202999616745e-05
441,457,contact,0.0024356547925557925,-6.434520744420759e-05,6.434520744420759e-05,0.00020053866124174097,0.00020053866124174097,0.0,0.00020053866124174097,300.8512384069459,300.75315371348086,1.9669773115791385e-05
442,498,contact,0.0024259974988051812,-7.400250119481882e-05,7.400250119481882e-05,0.0002150617661202515,0.0002150617661202515,0.0,0.0002150617661202515,300.3511953769102,300.23542298850083,2.489821431927851e-05
443,489,contact,0.0024855859852151506,-1.441401478484948e-05,1.441401478484948e-05,9.491448382902856e-05,9.491448382902856e-05,0.0,9.491448382902856e-05,300.23513629672664,300.37182276558656,-1.2973525638251964e-05
445,481,contact,0.002495470624731937,-4.52937526806323e-06,4.52937526806323e-06,5.3205822449610894e-05,5.3205822449610894e-05,0.0,5.3205822449610894e-05,300.48191571440736,300.44162786704226,2.1435480537849154e-06
445,487,contact,0.0023476090510985864,-0.00015239094890141369,0.00015239094890141369,0.0003086168223920782,0.0003086168223920782,0.0,0.0003086168223920782,300.48191571440736,300.59342741487103,-3.4414386656633793e-05
446,491,contact,0.002374596679085593,-0.0001254033209144071,0.0001254033209144071,0.0002799590605276143,0.0002799590605276143,0.0,0.0002799590605276143,300.26109636065587,300.26256756647143,-4.1187739796760395e-07
448,492,contact,0.002458917181190061,-4.108281880993913e-05,4.108281880993913e-05,0.00016023970093647817,0.00016023970093647817,0.0,0.00016023970093647817,300.5505809501177,300.5915552714198,-6.565712991521659e-06
448,496,contact,0.0023772309679961686,-0.00012276903200383145,0.00012276903200383145,0.00027700296930248717,0.00027700296930248717,0.0,0.00027700296930248717,300.5505809501177,300.39780823995676,4.231849434297022e-05
449,472,contact,0.002370843815674917,-0.00012915618432508304,0.00012915618432508304,0.0002841172560813174,0.0002841172560813174,0.0,0.0002841172560813174,300.93484293592877,300.9437216208307,-2.5225875919388977e-06
450,464,contact,0.0024432847129044477,-5.6715287095552343e-05,5.6715287095552343e-05,0.00018827388144594093,0.00018827388144594093,0.0,0.00018827388144594093,300.72374923369375,300.7947152684812,-1.3361050820257475e-05
451,497,contact,0.002386157510936778,-0.00011384248906322206,0.00011384248906322206,0.00026674248942475175,0.00026674248942475175,0.0,0.00026674248942475175,300.4982790339329,300.49212346273805,1.6419523843387702e-06
452,456,contact,0.0023716943205438603,-0.0001283056794561398,0.0001283056794561398,0.00028318024235473666,0.00028318024235473666,0.0,0.00028318024235473666,300.6554760471381,300.55892397113325,2.7341640282907743e-05
454,455,contact,0.0023823881238263845,-0.00011761187617361554,0.00011761187617361554,0.0002711225232408951,0.0002711225232408951,0.0,0.0002711225232408951,300.39058403261095,300.46527753996656,-2.0251092183967714e-05
454,489,contact,0.0023859674687861402,-0.00011403253121385981,0.00011403253121385981,0.0002669650389258159,0.0002669650389258159,0.0,0.0002669650389258159,300.39058403261095,300.37182276558656,5.008602381463358e-06
456,485,contact,0.002416931999788161,-8.306800021183917e-05,8.306800021183917e-05,0.00022785412028839742,0.00022785412028839742,0.0,0.00022785412028839742,300.55892397113325,300.56257073877384,-8.309310326426315e-07
457,465,contact,0.002378139327289299,-0.00012186067271070106,0.00012186067271070106,0.0002759763041353155,0.0002759763041353155,0.0,0.0002759763041353155,300.75315371348086,300.6510103245261,2.818915497558621e-05
458,500,contact,0.0024729018048438574,-2.7098195156142688e-05,2.7098195156142688e-05,0.00013013981701458314,0.00023661784911742392,0.0,0.00023661784911742392,300.15537557984123,300.1449926131016,2.456795257394996e-06
459,494,contact,0.002407859594432367,-9.214040556763297e-05,9.214040556763297e-05,0.0002399744850599134,0.0002399744850599134,0.0,0.0002399744850599134,300.0734370824457,300.1561872915159,-1.9857938810217618e-05
460,476,contact,0.0024659060486969075,-3.409395130309252e-05,3.409395130309252e-05,0.00014597506487216516,0.0002654092088584821,0.0,0.0002654092088584821,300.6471972418559,300.59833041792774,1.2969705078201042e-05
462,498,contact,0.0024702215217068707,-2.977847829312933e-05,2.977847829312933e-05,0.00013642415084289816,0.00013642415084289816,0.0,0.00013642415084289816,300.12197529670163,300.23542298850083,-1.5477005018791953e-05
463,492,contact,0.0023890052519825065,-0.00011099474801749354,0.00011099474801749354,0.0002633851125461222,0.0002633851125461222,0.0,0.0002633851125461222,300.7583366253771,300.5915552714198,4.3927725682646815e-05
463,499,contact,0.0023931951903052116,-0.00010680480969478849,0.00010680480969478849,0.00025836603116362414,0.00025836603116362414,0.0,0.00025836603116362414,300.7583366253771,300.7402449858719,4.674265096201783e-06
464,483,contact,0.0024483463937035135,-5.165360629648657e-05,5.165360629648657e-05,0.00017967610841540426,0.00017967610841540426,0.0,0.00017967610841540426,300.7947152684812,300.9269751061608,-2.376393293392578e-05
466,494,contact,0.0023769865288848393,-0.0001230134711151607,0.0001230134711151607,0.0002772785953638965,0.0002772785953638965,0.0,0.0002772785953638965,300.1846179718778,300.1561872915159,7.88321911598961e-06
468,495,contact,0.0023924109339325465,-0.00010758906606745354,0.00010758906606745354,0.00025931287336373885,0.00025931287336373885,0.0,0.00025931287336373885,300.3665730095961,300.45363309614726,-2.2575801198877598e-05
470,477,contact,0.0023992609758215137,-0.00010073902417848633,0.00010073902417848633,0.0002509220797609369,0.0002509220797609369,0.0,0.0002509220797609369,300.3657958999722,300.31435549016766,1.2907534611917646e-05
479,485,contact,0.002423466117650502,-7.653388234949788e-05,7.653388234949788e-05,0.00021870911382115783,0.00021870911382115783,0.0,0.00021870911382115783,300.69083716646486,300.56257073877384,2.8053036733307907e-05
481,487,contact,0.0024533664415451683,-4.6633558454831775e-05,4.6633558454831775e-05,0.0001707219201926626,0.0001707219201926626,0.0,0.0001707219201926626,300.44162786704226,300.59342741487103,-2.591551028970606e-05
485,488,contact,0.002450212053088466,-4.9787946911533914e-05,4.9787946911533914e-05,0.00017640143655795067,0.00017640143655795067,0.0,0.00017640143655795067,300.56257073877384,300.4095370750678,2.6995358119469285e-05
