<?xml version="1.0"?>
<VTKFile type="PolyData" version="0.1" byte_order="LittleEndian">
<PolyData>
<Piece NumberOfPoints="2664" NumberOfVerts="0" NumberOfLines="1332" NumberOfStrips="0" NumberOfPolys="0">
<CellData>
<DataArray type="Int32" Name="edge_kind" format="ascii">0 0 0 0 0 0 0 0 0 0 0 0 0 0 0 0 0 0 0 0 0 0 0 0 0 0 0 0 0 0 0 0 0 0 0 0 0 0 0 0 0 0 0 0 0 0 0 0 0 0 0 0 0 0 0 0 0 0 0 0 0 0 0 0 0 0 0 0 0 0 0 0 0 0 0 0 0 0 0 0 0 0 0 0 0 0 0 0 0 0 0 0 0 0 0 0 0 0 0 0 0 0 0 0 0 0 0 0 0 0 0 0 0 0 0 0 0 0 0 0 0 0 0 0 0 0 0 0 0 0 0 0 0 0 0 0 0 0 0 0 0 0 0 0 0 0 0 0 0 0 0 0 0 0 0 0 0 0 0 0 0 0 0 0 0 0 0 0 0 0 0 0 0 0 0 0 0 0 0 0 0 0 0 0 0 0 0 0 0 0 0 0 0 0 0 0 0 0 0 0 0 0 0 0 0 0 0 0 0 0 0 0 0 0 0 0 0 0 0 0 0 0 0 0 0 0 0 0 0 0 0 0 0 0 0 0 0 0 0 0 0 0 0 0 0 0 0 0 0 0 0 0 0 0 0 0 0 0 0 0 0 0 0 0 0 0 0 0 0 0 0 0 0 0 0 0 0 0 0 0 0 0 0 0 0 0 0 0 0 0 0 0 0 0 0 0 0 0 0 0 0 0 0 0 0 0 0 0 0 0 0 0 0 0 0 0 0 0 0 0 0 0 0 0 0 0 0 0 0 0 0 0 0 0 0 0 0 0 0 0 0 0 0 0 0 0 0 0 0 0 0 0 0 0 0 0 0 0 0 0 0 0 0 0 0 0 0 0 0 0 0 0 0 0 0 0 0 0 0 0 0 0 0 0 0 0 0 0 0 0 0 0 0 0 0 0 0 0 0 0 0 0 0 0 0 0 0 0 0 0 0 0 0 0 0 0 0 0 0 0 0 0 0 0 0 0 0 0 0 0 0 0 0 0 0 0 0 0 0 0 0 0 0 0 0 0 0 0 0 0 0 0 0 0 0 0 0 0 0 0 0 0 0 0 0 0 0 0 0 0 0 0 0 0 0 0 0 0 0 0 0 0 0 0 0 0 0 0 0 0 0 0 0 0 0 0 0 0 0 0 0 0 0 0 0 0 0 0 0 0 0 0 0 0 0 0 0 0 0 0 0 0 0 0 0 0 0 0 0 0 0 0 0 0 0 0 0 0 0 0 0 0 0 0 0 0 0 0 0 0 0 0 0 0 0 0 0 0 0 0 0 0 0 0 0 0 0 0 0 0 0 0 0 0 0 0 0 0 0 0 0 0 0 0 0 0 0 0 0 0 0 0 0 0 0 0 0 0 0 0 0 0 0 0 0 0 0 0 0 0 0 0 0 0 0 0 0 0 0 0 0 0 0 0 0 0 0 0 0 0 0 0 0 0 0 0 0 0 0 0 0 0 0 0 0 0 0 0 0 0 0 0 0 0 0 0 0 0 0 0 0 0 0 0 0 0 0 0 0 0 0 0 0 0 0 0 0 0 0 0 0 0 0 0 0 0 0 0 0 0 0 0 0 0 0 0 0 0 0 0 0 0 0 0 0 0 0 0 0 0 0 0 0 0 0 0 0 0 0 0 0 0 0 0 0 0 0 0 0 0 0 0 0 0 0 0 0 0 0 0 0 0 0 0 0 0 0 0 0 0 0 0 0 0 0 0 0 0 0 0 0 0 0 0 0 0 0 0 0 0 0 0 0 0 0 0 0 0 0 0 0 0 0 0 0 0 0 0 0 0 0 0 0 0 0 0 0 0 0 0 0 0 0 0 0 0 0 0 0 0 0 0 0 0 0 0 0 0 0 0 0 0 0 0 0 0 0 0 0 0 0 0 0 0 0 0 0 0 0 0 0 0 0 0 0 0 0 0 0 0 0 0 0 0 0 0 0 0 0 0 0 0 0 0 0 0 0 0 0 0 0 0 0 0 0 0 0 0 0 0 0 0 0 0 0 0 0 0 0 0 0 0 0 0 0 0 0 0 0 0 0 0 0 0 0 0 0 0 0 0 0 0 0 0 0 0 0 0 0 0 0 0 0 0 0 0 0 0 0 0 0 0 0 0 0 0 0 0 0 0 0 0 0 0 0 0 0 0 0 0 0 0 0 0 0 0 0 0 0 0 0 0 0 0 0 0 0 0 0 0 0 0 0 0 0 0 0 0 0 0 0 0 0 0 0 0 0 0 0 0 0 0 0 0 0 0 0 0 0 0 0 0 0 0 0 0 0 0 0 0 0 0 0 0 0 0 0 0 0 0 0 0 0 0 0 0 0 0 0 0 0 0 0 0 0 0 0 0 0 0 0 0 0 0 0 0 0 0 0 0 0 0 0 0 0 0 0 0 0 0 0 0 0 0 0 0 0 0 0 0 0 0 0 0 0 0 0 0 0 0 0 0 0 0 0 0 0 0 0 0 0 0 0 0 0 0 0 0 0 0 0 0 0 0 0 0 0 0 0 0 0 0 0 0 0 0 0 0 0 0 0 0 0 0 0 0 0 0 0 0 0 0 0 0 0 0 0 0 0 0 0 0 0 0 0 0 0 0 0 0 0 0 0 0 0 0 0 0 0 0 0 0 0 0 0 0 0 0 0 0 0 0 0 0 0 0 0 0 0 0 0 0 0 0 0 0 0 0 0 0 0 0 0 0 0 0 0 0 0 0 0 0 0 0 0 0 0 0 0 0 0 0 0 0 0 0 0 0 0 0 0 0 0 0 0 0 0 0 0 0 0 0 0 0 0 0 0 0 0 0 0 0 0 0 0 0 0 0 0 0 0 0 0 0 0 0 0 0 0 0 0 0 0 0 0 0 0 0 0 0 0 0 0 0 0 0 0 0 0 0 0 0 0 0 0 0 0 0 0 0 0 0 0 0 0 0 0 0 0 0 0 0 0 0 0 0 0 0 0 0 0 0 0 0 0 0 0 0 0 0 0 0 0 0 0 0 0 0 0 0 0 0</DataArray>
<DataArray type="Float64" Name="conductance" format="ascii">0.00016175573814042283 0.0002550901348178657 0.000246491927451998 0.0002324244533609442 0.00013918513442219343 0.00015139658561519564 0.00020092503899909187 0.00012690639049484076 0.00022389997230372902 0.0002854448494943262 2.1427361411948014e-05 2.905535316142935e-05 2.944644684545846e-05 0.0001848110061280461 0.0003475966729220887 0.00020449391794149764 1.168931152975429e-06 0.0002003791882269288 3.739832373280544e-05 0.0003753126716233342 0.00018277196223625988 7.431133598344789e-05 7.869438870355655e-05 0.00018552302436092288 0.0002077666208355978 0.00017128817598962857 0.00019356422391477414 0.00013625605521739437 0.00037991537176894786 0.00029021096385158595 0.00021108309054181036 0.00014912513932889305 7.434927601499828e-05 0.00010268309738878233 8.833952592356516e-05 9.614573380631276e-05 0.00013363662528927695 0.0001901320634536247 0.0001417977291064706 0.00015963876691538878 0.00019346218409165068 0.0002233521563905097 0.00022990864901118485 0.00020403372552392585 0.00016971443963513668 0.00016121150872649707 9.642303682354718e-05 8.626627107892986e-05 0.00010753949829621802 0.00015107463610765308 0.00026565440798885645 0.0001972652367745201 0.001520846649159743 0.0003563491536703115 0.00032247955690346245 0.00031318253707598174 0.0002170608178943739 0.00026755243927452225 0.00021717362050996318 0.00021419044318772733 0.0003918326634299427 0.0014935561956853818 0.00016098066646366244 0.00016519926986565916 0.0003872050371794627 7.309088686998543e-05 0.00020737403476493436 0.00011535959397361197 8.660254037844388e-08 0.0003946492957184853 0.0023080452051360716 0.002653457109543454 3.610666937515993e-05 0.00012508817530197788 0.00026265759464004414 0.00013655351814083797 0.00039718119109967436 0.00019374417244825225 0.00014311819971830387 0.00027334478890984735 5.7013190515853843e-05 6.464185782789976e-05 0.00010353711350287619 0.00010067663082929146 0.00011587505079960112 0.00015969481059179924 6.656914855325384e-05 0.00015234764650413004 0.00020187387080240657 6.501501615204941e-05 0.00014997715682944752 0.0001505482502743404 0.000162151959123758 0.00011239518496876643 0.00017647478323288198 0.0001245837468011682 0.00017844168464112233 9.785512170075558e-05 0.0001829886714494019 0.00023994726561698559 0.00016565449123017052 0.00018387298193275846 0.0002207586290921131 0.000180342281901187 0.00019715553170749232 0.00016517563988356163 0.00011569808221004872 0.0002040625929814582 8.923989671216411e-05 0.00018805768872810918 0.0001495306256575142 0.00016782570709448932 0.0001657737707316436 0.00222950772295082 0.0022647317272699785 0.00031819932441434925 0.00045600298089689637 0.00015507371826506395 0.00017599033263635192 0.00020331454228330245 0.00018521075064571588 0.00019416589704138694 0.00014939712072994092 0.00012813386725168542 0.00012017186365345 8.618018957834547e-05 7.252335124927965e-05 0.0001537828364955827 9.258200997725515e-08 3.3057394334760268e-06 1.9550580723566226e-06 0.00013854985033647194 0.0001609379823453526 0.00020956956284817958 0.00012134862746820599 0.00022116247363078298 0.00019922708436548254 0.00015791328095680665 0.0001690925923942062 0.0001814200557028332 0.0018704070221788982 0.0026676850240163743 0.0002620631801599231 0.00045330079999903144 0.0003279312913355611 6.584707006234293e-05 5.9253302736616954e-05 6.242095769582683e-05 8.531518955149149e-05 6.317490782097147e-05 7.895494112719151e-05 0.0002060201036676276 0.00012563207278547348 0.0002939482916606062 0.0003026322028522854 0.0003428221617543669 0.00013303702384018755 0.00013127926779270976 0.0001916914269712469 0.0001578899204446711 0.00017280905605303735 0.00017983992323392241 0.00010313921396765238 0.00014984804372784305 0.000220021464729587 0.00020591062889881875 0.00019802267218584405 5.031263567967743e-05 0.00010625783460418483 0.00013864048921577045 9.166665576173959e-05 0.00014600723204958641 0.00015912308928008184 0.0005061834956291643 0.0003642183283026806 0.0004843267175710894 0.0002800977194747649 8.660254037844388e-08 9.258200997725515e-08 0.00013488150051279272 0.00015049625226001332 0.0002058432275264146 0.00020689111843755141 8.609822055276265e-05 0.00016964230796218135 0.000179319344459215 0.00015448110499698248 0.00010080575766120296 0.00013457472880525802 0.00015877982569814184 8.982491675979447e-05 0.00018002993937408726 0.00012383219164386415 0.00011813150254025236 0.00018808657588512435 0.0003611613594874236 5.749710282191921e-05 8.162716586270783e-05 8.806718870125095e-05 9.712770585235652e-05 1.3369559115637018e-06 9.258200997725515e-08 0.00018713205265858833 0.00015734321597594744 0.00016576108605491553 0.00012720224020854932 0.0001727598846802466 0.00016646392369755266 0.00014109978422344378 0.00012774870558993922 0.00017104504072806533 0.0002577492989625877 0.00020973028443082008 8.96291362017385e-05 0.000224169984777273 0.0002063226140937718 0.00019699845738598617 0.00017793173479924864 0.00026125926937968204 0.0001310268932345586 0.00013478070549691778 7.425429485449947e-05 0.000236764765449296 0.00020450818231988917 0.0002606751786001084 0.00017818120457109175 0.000191911348953569 0.0001579797512070904 0.0002023393740381444 0.00022137978811020024 0.000105033755288111 0.00013494445775121246 0.0002708494461939345 0.00025725310912345527 0.0002854014836218818 0.0001852542019658134 0.0002658725357072336 0.0015897376287173797 0.0004351399427350945 0.00012173447216428769 0.00012538808384851484 4.088721494907611e-06 3.863935025648178e-06 3.571406429680252e-06 1.4038356723458442e-06 2.254643167582599e-06 1.0104437883667576e-06 0.0001500802969431044 9.365693257735335e-05 9.199146001600547e-05 0.00025312174832698125 0.00011204247484192497 0.00023495564051156833 0.00015842611007282006 1.2152909391913235e-06 0.00016827113892516795 0.002847717623220118 0.00039014889843744086 0.0005820417768606128 0.00020218183086398602 0.00014993148288966148 0.00013400376023518692 0.00019114948867351826 0.00017094671658032386 0.0001805802072341998 0.000192702002046446 0.00015895052819658577 0.00019849907872295937 0.00021824713554688714 0.00020372092375594674 0.00018017715914904922 0.00014898192665383427 0.00017647607743810265 0.00013539920601498648 0.0004233585836107655 6.195194211192765e-05 0.00026024146048697015 0.0002254885278259634 0.0002793530222566814 0.0001638288890729868 0.0001377459503760448 0.00022820647829341277 0.000233113931293557 0.0012988854306271848 0.0003159915215056628 0.000282225572260625 0.0003259721876573375 0.0020016747636692534 0.00012538760807580623 0.0001295531062659642 0.00016863827409773256 4.091984220840541e-05 0.00014109173303414546 0.00014637307280920681 5.919722684974266e-05 0.00012618614802990374 0.00016923339077036875 0.00017629775730865858 7.77294235505033e-05 0.00013464921546991966 0.00010887172907911805 0.00018466178540793143 0.0001752213013379788 0.00021972737891983785 0.00010815052478181119 8.96792776313399e-05 8.713430649317123e-05 0.0003286790813436997 3.0174111503049296e-05 0.0022485467770173117 0.00015334717896572762 0.00021171734148068625 0.00017447643815720257 0.00021995233786086123 0.0001544986050887973 0.0002390139927298902 0.00022896506208113358 0.00014257952965821469 0.00018033411546429027 0.00014490580768260577 0.00023837819542961439 0.00020247670085351725 0.0001376586568930908 0.00020618249434201642 0.00011263861225060239 0.00015418171217677066 0.0001721859060506899 0.00017125337557495217 0.00015421405408327677 0.00011933990007258515 0.00020485186893229857 0.00023481952826701478 2.498480637343987e-05 0.00019214850542015902 0.0001862723730952685 0.00022765863399499327 0.00012443190415004914 0.00019295102106194328 6.113302270003688e-05 0.0002538557018733738 0.00011195562056404882 0.00045654054927280504 0.0001812303059103904 0.00026753640297506556 0.0002201917311929834 0.00021413125239076486 0.00019610755990438427 0.00024013640596228094 0.00016476886269572495 0.00017634977670300493 0.00026661051686094193 0.00019958489378275464 0.0001967193317464778 0.00017421989550033543 0.0004888505887859085 0.00024273497931762307 0.0004094514714658978 0.00024331988166869972 0.0001988247116700968 0.00040760600198395074 0.0022055487580789836 0.00016769510239676616 0.0001955925707991818 0.0001586820240809224 6.240711853024844e-05 0.00020074310092235706 0.0004982101260733728 0.00028183286648920816 0.0002493814591468994 0.00011716441126928107 0.0002923913365456009 0.0002529944642189667 0.00022649018951715022 0.00022067623356223861 0.00017535495760241201 0.0001937425969561757 0.00017713904995068217 0.0003193771599407783 0.00023834958218082558 0.0001704135089137445 0.0001822187025420112 0.000202129467827043 0.00019978433777534803 0.0002637369074682191 0.00018279035125952928 0.00017217828943768087 0.00010175574509087552 0.00016510561473839674 0.00015591286673562923 0.0001778851982729363 0.00025507568781765126 0.00017138793950612172 0.00034582230167157246 0.0019031884697914981 0.002765565839381626 0.0002725731758671329 0.00011426197189395424 0.00035221272390621315 0.00014112640288756946 0.00021721358939648554 0.00023731806301909852 0.003108306179402833 0.0002033958633962437 0.00014546993264811497 0.00012758655385674387 0.00011519910299409915 9.376460126407448e-05 0.00012038170657452519 0.00010916800593970536 0.00019832539886237524 0.0002109219890402715 0.0002335796947089295 3.3872912973528887e-05 0.00024964388832971824 0.000228337421286952 0.00021766184463986487 0.0002501301125925924 0.0002211422261385647 0.00013712012530322606 0.0002482141703505775 0.00018635211870681386 0.0001748451858868125 0.00023963770786836238 8.44405441455897e-05 0.00012121329907283463 0.00019628456426369354 0.000201848686609328 0.00018109223058653621 0.0001649828108532544 0.0001533668878300373 0.0001470342001594277 0.0001767409519742311 0.0001689698863396617 0.00026479449643345787 0.00026619871450405877 0.00016318216239040735 0.0002243782045654473 0.0002062238449901552 0.00014533773870525 0.0001688656433488432 0.00020645259790855758 0.00023732083679529333 0.00018963299308871173 0.0001268220595954057 0.00019133596718268786 0.00017660320786048553 0.00013952346536611238 0.00020666762797334306 0.0002257411582068005 0.00015031403571222874 0.00018621158286578413 0.0001824194307572348 0.00022073251863914063 0.001828406262089129 0.00025113818006427814 0.00029123326506711947 0.00016814873554275256 3.893553041119115e-05 3.882859715174897e-05 2.791049621963988e-05 0.00019526889855208456 0.00020175661990897684 0.00023501472422313144 0.00022371860850252238 0.0003021137378072751 0.00019604892592924754 0.00023949176477442599 0.00020872587460656506 0.0004129906201848549 0.0002407125449319647 0.00016761548900927722 0.0004185272200931428 0.00012399784231152393 0.0002504520368206057 0.0002210426118810198 0.00010571951131417288 8.927226678352632e-05 0.00028897723856098915 0.0002022874787858487 0.00026388092482400625 0.00014965589402303383 0.00039910424144676943 0.000526800694376999 0.00016081253267958656 0.00022497299646035058 0.00023783330040231306 0.00018651493285766618 0.0002532820224563891 0.00020396406033672913 0.00018264002838571527 0.0004036687600560906 0.00016396527620457028 0.0002334137741550159 0.0001438768838446704 0.00016475432164289561 0.00015241673389455109 0.0002639994738559661 0.0004596373739528748 0.0002399844275100043 0.0001463483640084175 0.00015325520744751477 0.00014704451671416455 0.00012618805806898807 0.00011404983239795265 8.299664935417861e-05 0.00031877713780060563 0.0003104051954110802 0.00029777197499523196 0.00019689430635112882 0.00041450250312221584 0.00022574071098098575 0.00012002351009180914 0.00021515502047933198 0.00014575520250460297 0.0001587592524916067 0.00019237380718152835 0.00012788005885530206 0.00012172242223450026 0.00024163633150309165 0.00010533588394949812 0.00022994081217644603 0.00024024124321903072 0.0002992816760633185 0.0003077936142813812 0.00020911675830769276 0.0002432300482584031 0.00016492822398693268 0.0002942171301972199 0.00023402287951174906 0.00026348992428608517 0.0002412384980658873 0.00024642181185325154 0.00025530176086811454 0.00018179467571861194 0.0001985504298650911 0.0001926529321220294 0.0001785260531555542 0.00010710110050708225 0.00013691046579879858 0.00022178017879533705 0.00019460112181878783 0.0001865309794271515 8.383799055603848e-05 0.0005022390282592803 0.0002663372859129993 0.00028114574143616594 0.00047556571229943857 0.0002780341991355119 0.0002973757947887221 0.00012835323222643827 0.00026665929186844324 0.0002995368660219227 0.00017054680301237693 0.0002232097104915624 0.00016282115274510785 0.00022924292565545653 6.515004565135997e-05 0.00020185227102550882 0.00021254376846068475 7.090837666557841e-05 0.00021893478937332737 0.00023219667482113584 0.0002197955474347778 0.00030602374604029334 0.00038602185338711077 0.002068452362944834 0.0031028049090277977 4.9160978839348575e-05 0.00019756287469994364 0.00020578016468138726 0.00022568622560744013 0.00020172416672225457 0.00010728448253036636 0.0002010765181648502 0.00020225703489031127 0.00012686696221487668 0.00025100326055652587 0.00010914392832270315 0.0001801704304280206 0.0003125078392182773 0.0002615497603220016 0.00024981217484389915 0.00019312132461722975 0.0002577980561594036 0.0003054362315048123 0.0002527273455655728 0.00010597044269272855 0.00018935775247938788 0.0001954423711646302 0.00014152771419251114 0.00010542958919073727 2.0847916660062267e-05 0.0001696306561317876 0.00014980067995992713 0.00020973477839625419 0.0002176027025690822 0.00024773044786954835 0.00022145442152094946 0.0002228921004387425 0.000266699978037857 0.00024053308156476817 0.0002398578734065684 0.00015127761942268728 0.00022053059755805553 0.00015028316151253953 0.00029185288795733244 0.00024974901588856516 0.0002726908759694143 0.00018484458447576234 0.0002159904791161119 0.0002631725336762672 0.00021676756914247835 0.00027815566027393214 0.00018033180770339507 0.0002188713741141612 0.00027872034841109635 0.0001943196290310091 0.00025777251674779324 0.0002566165966831832 0.00017552208428228368 0.00013169183915113375 0.00016011638512045297 0.00023630450395519122 0.0001006198082590183 8.026474449943888e-05 7.015550697409497e-05 0.00011467266880465211 0.0002760637211278281 0.0002643778838381525 0.00022390778734411866 0.00015921479657019695 0.00018257323221605056 0.00012109044526991852 0.00037019212186620694 0.000326026093686416 0.00016783620287141242 0.00017466947417377673 0.00014250726738002025 0.0002727631487991167 0.00014436812109067262 0.0001121396202051119 7.483779183606976e-05 0.00011166178461709548 0.00042778020889106655 0.00020909266765263855 0.00020512257449171184 0.00020821187368755303 0.00020887912766110757 0.00011952419058905826 8.399899341530655e-05 0.0001371734011724436 0.0001278795256315862 0.0002783645599853318 0.00024811575741854296 0.00019550111229053784 0.00018232617491218227 0.00024252736772260096 0.00024027568533134603 0.0002762875396259216 0.0005383960179332682 0.0004694237424866027 0.0005630829300364563 0.0005801257927938755 0.002951908939120493 0.0002047230424286537 2.559574438468061e-05 0.0002536810587192212 0.00025546646712639294 0.0002519222779402507 0.0001660370529453821 0.00022375243792891077 0.00022237592796461828 0.00020202438662144878 0.00019519171031014918 0.00015960879687646097 0.0005177793319641296 0.00022302669290589532 0.00011463241282936836 0.00016978291548890796 0.0003015073768177445 1.0000000000000001e-07 0.0001633118620423495 7.159063931946377e-05 0.0002602284900344623 0.00029562778070773475 0.0005024603016642713 0.00036348252171880963 0.002245633553955777 0.000519383687309711 0.0027433930923851614 8.933374345134861e-05 0.00017015891828537242 0.000181008032265063 0.00014547874703392289 0.00018712707891998354 0.0002261200945845774 0.00014652169474666638 0.00011849265547761098 0.0001302565402541567 0.0001002958842002422 0.0001572130189081283 0.00020560256972334932 0.00021670810996753754 0.00012751001034604908 0.00016910591454214022 0.00020561762848949887 0.0001795842192346263 0.0002709722377541537 0.00024108852559613897 0.000495100961834113 0.0004935608299358541 0.001988017480256856 0.0021119234464557412 0.00046652753214198364 0.00017240513439632714 0.00016954182003693104 0.00018084797506404465 0.00013530908145052573 0.00019918724510359796 0.00023286466923466112 0.00011252722697748512 0.00016042485864720346 0.00019392271163959804 0.00017461242137504547 0.00012164636881224361 0.00016973931137006368 9.918103819194783e-05 0.00014382007457559317 0.00024569395805377917 0.0002819390972610618 0.0002676803318043331 0.00020382784085056074 0.00024533266542042 0.00024980501438515135 0.00011045269540473277 0.00017610058545770746 0.00017054993620072755 0.00010638174366467266 0.0002966081376366103 0.0002926244925475167 0.00021851346048221593 0.0001600249529363447 0.0001565794560602507 0.0001915311435236166 0.000196042749989392 0.00012485261458941777 0.00016622276745424723 0.0001884476668237172 0.00018617304394991148 0.00018570874142276067 0.00016755750195772344 0.00012878054063079138 0.00020006078355808783 0.00025053797200524415 0.00013053301761010912 0.00017251481715252958 0.00013736290768900637 0.00016379171752547335 0.00020457331416352554 0.0001756108374848499 0.0002759487402280652 0.0001685061142374068 0.0003023059254671081 9.783045504049761e-05 0.00013941777967248765 0.0002496693853010912 0.0002674813592811125 0.00024947495556385164 0.0002559836005378989 0.00013205546261062256 0.0002749986780019243 8.445307861422904e-05 0.0004409387687678671 0.0005341144109464618 0.0005546361165268154 0.0004655821737874578 0.0002658854875476987 0.0002494909907426655 0.0002967787895620963 0.0002777550510364712 0.0003014008587516288 0.00014834649547649647 0.00011658617021993751 8.878113593072253e-05 7.895178797641217e-05 0.0002751087644572925 0.00019851111374042684 0.0003024960457561306 0.0002815476684314644 0.00021429320026901904 0.00017101466697064008 0.00016305859545612158 8.344339898158683e-05 0.00014228571781822692 0.0001903126705370376 0.0001017071927321034 0.00019387875906407424 0.0002495176613482477 0.000269870112949923 0.0003418721559703613 7.390033918129359e-05 0.00022422492931881588 0.00021369609760635833 0.0004119860158891545 0.00020441742643216728 0.00021668501757739962 0.00025805013670008025 0.0029411815669863313 0.00010794510174829944 0.0001236783845364736 0.00015433397018371235 0.00027688895449052604 0.00027802412032849444 0.00031189620663421157 0.00023118677959704673 0.00016673698676616553 0.0002578908137782414 0.00020633010594382095 0.00022055629453732742 0.00011019082853895262 0.0001955608796117752 0.00025484818458992804 0.00024932707701387415 0.0002298229900265146 0.0001202390519887553 0.00012625866585856674 0.00023630308145480762 0.0001493036994510228 0.0002753385383626298 0.00032341116825122134 0.00019486684225303115 0.00015998387616734328 0.00023563636092485576 0.00016948976075967028 0.000146665775933616 0.0001688765334637653 0.00010773411003826621 0.00022701329255019585 0.00011533291954937516 0.0003430511530268169 0.00020825504084258007 0.00020222388163938258 0.0002030597945422872 0.00014263763267720084 0.00015742015900669168 0.00022986804165779127 0.00022186874924974594 4.117204309296764e-05 0.00012048206807686113 0.0001758196876354688 0.000145755448151893 0.00015278994889310376 7.311900380142e-05 0.00025162471791553213 0.0003747681937698125 0.00018299015978592766 0.00012283626306468714 0.00018681943954278822 0.0001470573713200099 0.00023913972398503582 0.0001494578556298217 0.00015901564999505548 0.0002143831545506393 0.00015492404257007525 0.00014362874916972376 0.00024154860254269758 8.512891741225752e-05 0.00020215147649709723 0.003018155625150181 0.0005327975756058092 0.00033274689242687234 0.0018203338740779306 0.00023155906645384885 0.0005037515324985697 0.0002431494059836027 0.0002185985287224526 9.807935929958769e-05 0.0002076987653641676 0.00025953773818518014 0.00024384367480145721 9.814021303327663e-05 0.00017836894817930998 0.00018881065669652575 9.489041696985186e-05 0.00014177371545972132 0.0001986437109731508 0.00020159782284029514 0.0002213772728404865 8.978186208297254e-05 0.00024105750627801694 0.0001953921021580294 5.524137149665159e-05 3.515014890424674e-05 0.00016136884887196234 0.00016213255370670925 0.0002991482386059296 0.00028608956341647066 0.00030838782093453815 0.00024936501898189834 0.00020982813979107377 0.00022655212377174766 0.0002700005295330598 0.00018338141414792265 0.00019909170251256872 0.0003970122149958845 0.00019476215182019519 0.0001862382809479623 0.00020571915649059472 0.00015072331323203757 0.0001630191507424062 0.0001586089804728848 0.0001512074069520973 0.00012725601371838782 0.00015966642641443006 0.00017313765126709634 0.00021248022000065436 0.00018743967898247416 0.00016914464456707092 0.00025965009130681725 0.00020828379372964147 0.00015165237611688016 8.11167464400698e-05 0.00021882627197883576 0.00011044307263098746 0.00010436355295040298 0.0001446084830653479 0.00026231576378712166 0.00031610174588439646 0.00030864318952218787 0.000303279328815212 0.0001078672900425357 0.00012281115092491115 0.0003341818925480195 0.00047724496030865306 0.00014288795339475089 0.0003424785860427047 0.00026040361630785483 0.00025797727297108595 0.00014092487192910174 9.245836623401206e-05 0.00012971034677736467 0.00022625941225150588 0.00021442517087737645 5.6264933359991185e-05 0.0001553528551455078 0.00041417942301755824 0.00022842212049081163 0.00031740151418050534 0.0002798214583393644 6.459248525201219e-05 0.00011812039083426487 0.00022065189691401022 0.00014767410801727203 0.0003432849630339732 0.00011205026788742993 7.689844497677015e-05 0.00020798825252659855 0.00018888910352066537 0.00011207329101473908 0.0001892587786810648 0.0001897360466168481 0.00023414093057758033 0.00019093499773202905 0.00014518047983253218 0.00016120912118929156 0.00028495606797525287 0.000125957563643767 0.0002394185878765512 0.00017351793856832065 0.00033456234600500633 0.00017445040762101833 0.0003187700904862292 0.00022489371819282334 0.00036106035234521725 0.000273365264454727 0.0004202923605196325 0.00040743620673618715 0.00038251712449671266 0.0018421876459356347 0.0030636744448690953 0.00019856401506230465 0.0001135606719932321 0.000218420750974659 0.0031095800807482196 0.002345659909849059 0.0004397844441297011 3.9932632472911775e-05 0.00010312239153650956 0.00019593711487185704 0.00015700108467625406 9.408747605762608e-05 0.00022362739039064798 4.3098556540956705e-05 0.000217314560354211 0.00028214673817488037 0.0002288559237480808 0.00018795379653129208 0.0001828809390391296 0.00027257340307096443 0.0002123833932745301 0.00011438047797517856 6.834503024799783e-05 0.00014638422907055444 0.00023954566235300567 0.000431727454930287 0.00012868397957641078 0.0004035361361817451 0.0001924994619293646 0.0002993087431412491 0.0002981765914493067 0.0002304366116165489 0.00021429870451157782 0.00013102044160315202 0.00042474730939495617 0.0002345427012228259 0.00017770314184004695 6.99890504139471e-05 8.389807951708164e-05 0.0002450023692182391 0.00020782000104985424 0.00021529610976372504 4.760128015958005e-05 0.00029632779895875005 0.0004003351393217902 0.001985126540323869 0.001349685633683615 0.00021601890996878249 0.00031203328036715834 0.0018663354611034861 0.0022575134791624728 0.00019322953843195267 0.0001957064016069864 6.300531971950834e-05 0.0001992233681928043 0.00019276703935850692 0.00010866798074906744 0.00018777565170448977 0.0002812989468091385 0.0002518116350050926 0.0026926542520888616 0.0024436311222033723 0.002318734147193866 0.0016100988168748788 0.00029740885416434156 0.00016568317922707886 0.00014821624740955243 0.00014153245471428832 0.00018317362267787044 7.587685200357731e-05 0.0002230170516866914 0.00021805639186295482 0.00020614678731890407 0.00016907538299805434 0.00012657097183973225 0.0002526287271313522 0.00021355735663830872 0.00012451271418004037 0.0027869927625967118 0.0004957975869696014 0.0033380192440117295 0.0005098168565477329 0.00018517642090657262 0.000246217483076165 8.104147563181255e-05 8.172466344557649e-05 7.069611076649963e-05 0.00021807484829572678 0.00021945372983429376 0.00034288674367293295 0.0001950595133576496 6.705953788875485e-05 0.00012676206139785855 8.563870287511259e-05 0.00022656317068521875 0.0003706438709834132 0.0002174154407590869 0.00015637828052527078 0.00019534927573174832 0.00018187988229924291 0.0002977933860281704 0.00019367221733815524 0.000224881024566018 0.0001912737248807834 0.00026258681580354287 0.000186080275971586 0.00023161577233455114 0.00024082227683500386 0.00016992412481487833 0.00020819069595694192 0.0002123893106307502 8.227276713480312e-05 0.00021034175657815222 8.604419632112131e-05 0.0011978982093489123 0.00074185296732993 0.00041307769148043777 0.00043470179681201466 0.00024793351159398884 0.00039203550671682155 0.0002167285820861815 0.00018064541753442544 0.00019124186151348973 0.00021897223854837295 0.00022371264326032477 0.00018965105861980784 0.0004288953235516244 0.00021177558325701876 9.548482197822397e-05 0.00013306292697196352 0.0003047742722217409 0.00010840011886743806 0.0001135208693456077 0.00028863063717151196 0.00022582082851164528 0.00028035229332861985 0.00028649980903572086 0.0002751686453369078 0.00023369446281828126 0.002370853616836212 0.003446959095548438 0.0004931161248734855 0.000244282925459857 0.00027382885903447435 0.0003933096451806942 0.0002452139323435155 0.00015144877931079834 9.872483545084998e-05 0.00015912944375709527 0.00013335589680651207 0.00018158217132399238 0.00017201761499022373 0.0002338733731469775 0.0003056596484425253 0.0015189689709912014 0.00042600949201684895 0.00012761978113424386 0.00016978419322912844 0.0004622252605217683 0.0001577237251710029 0.00029945818126222393 0.00016424225704782575 0.00012970343176169972 0.00014693681726080912 0.00029977872261565286 0.0002653140653670291 0.00028859824282507915 0.00013891120754951094 0.00013285787666250472 0.00016252296361055887 0.00013396400324202653 0.00011247433989246305 0.00021419663195516793 0.00019229153207141054 0.0003442541529868828 0.00014136761071257179 0.00011402878621826435 0.00022913043196434472 0.00022121636744085204 0.00015019179851825777 0.0004247317455330015 0.00016344356785860114 0.0031454436287813034 0.0004938479755629006 0.0005732063414723115 0.00028005117287403764 0.0002741580127492338 0.00025299929419977767 7.924269933281083e-05 0.00020958183546558465 0.00013194567964560624 0.00012707630960940043 0.0001704546908973945 0.00019812666027578285 0.00013063937380931553 0.0003432828128413679 5.862100972039573e-05 0.000131736549940014 0.0002560774701532867 0.00022469264651393914 0.00020223776670676535 0.00023556670234117758 0.0002425096651799186 0.0001231622133385705 0.00022125731432228281 0.00030430755438512605 0.0001830011071436305 0.00020675720637539012 0.0002130860953246203 0.00020940157183824395 0.00023177969247954763 0.0016144528771986203 8.552281218080262e-05 0.0002654634203516643 0.0001332740935371152 0.000138314168703911 0.0001229944082138111 0.00010620433173532708 0.00038740290220305485 0.0003356237637060524 0.0024549328276366033 0.00040390030565694827 0.002894469708884561 0.0004404570808266596 0.0004302191247986401 0.0002142914502359474 0.0001352638240728963 0.0002295431658911952 0.00016202629889936238 0.00012805916456576583 0.00019668192721367686 5.729124436906167e-05 0.00023354308009245595 0.00018960281764651728 0.0005350678575550078 0.0003512376839896803 0.0002226374768367865 0.00020803920177084193 0.00017583576843554743 0.0003074088184434158 0.00029538338315027233 0.00011218834158948335 0.0002555466645122211 0.00017147747453079678 0.00014802330962292604 0.0001789340389295506 0.0001986133438804065 0.00013023792226620983 0.0001529743118834257 0.0002551066645082593 0.0002762711957190739 0.00021752112219421447 0.00032674088175027165 0.00013818881979888294 0.00020155382921654798 0.00019143556553189638 4.8653885420590264e-05 0.00022021434502698923 0.0002001625509220391 0.00018584819799198035 0.00016727930535920268 0.0001291447445971274 0.0001647813216143913 0.00020869190559575846 0.00013034283006776285 0.00018102825619896383 0.00014197364179355793 0.00016440242221412083 0.0002818455475578227 0.0004169542343929876 0.0031981919510119007 0.0021147244453886462 0.0002335935514028967 0.00025416577903244347 0.00027304531228712506 0.00028292475012932215 0.00019514482239720992 0.00029214402449655 0.00021950623198103977 0.00018923491977751707 0.00015570362382331398 0.00022633963576978525 0.0004528339724927079 0.00027133422599651407 0.0002310142368320558 0.00017335666141597329 0.001528055356977984 0.0003362950615538551 0.00036230436535175274 0.00027072858062077387 0.0002532237024397898 0.00020770244181799325 0.00024904999278924555 0.00021335883856762875 0.0001424741637354471 0.000452388971306515 0.00056283793163624 0.0002691428032725455 0.0002451155187175009 0.000280462407918895 0.0006037271202150062 0.00030276609236648707 0.0002554530257589443 0.0003237672134219112 0.00027002168571901093 0.0002411081292852378 0.00019938484487154584 0.00024056274290233507 0.0003009198847083933 0.00034027537235320645 0.00031705785247400223 0.000146731411283887 0.00026159394197972134 0.0003100964844124333 0.00030203636278768335 0.0002601797990574015 6.421443148001435e-05 0.00012035629337791838 0.003240736571807256 0.0023969176739820452 0.00036352898487615666 0.0002256858144863709 0.0002476775847737811 0.00020663066034441402 0.00020053866124174097 0.0002150617661202515 9.491448382902856e-05 5.3205822449610894e-05 0.0003086168223920782 0.0002799590605276143 0.00016023970093647817 0.00027700296930248717 0.0002841172560813174 0.00018827388144594093 0.00026674248942475175 0.00028318024235473666 0.0002711225232408951 0.0002669650389258159 0.00022785412028839742 0.0002759763041353155 0.00023661784911742392 0.0002399744850599134 0.0002654092088584821 0.00013642415084289816 0.0002633851125461222 0.00025836603116362414 0.00017967610841540426 0.0002772785953638965 0.00025931287336373885 0.0002509220797609369 0.00021870911382115783 0.0001707219201926626 0.00017640143655795067</DataArray>
<DataArray type="Float64" Name="g_contact" format="ascii">0.00016175573814042283 0.0002550901348178657 0.000246491927451998 0.0002324244533609442 0.00013918513442219343 0.00015139658561519564 0.00020092503899909187 0.00012690639049484076 0.00022389997230372902 0.0002854448494943262 2.1427361411948014e-05 2.905535316142935e-05 2.944644684545846e-05 0.0001848110061280461 0.0003475966729220887 0.00020449391794149764 1.168931152975429e-06 0.0002003791882269288 3.739832373280544e-05 0.0003753126716233342 0.00018277196223625988 7.431133598344789e-05 7.869438870355655e-05 0.00018552302436092288 0.0002077666208355978 0.00017128817598962857 0.00019356422391477414 0.00013625605521739437 0.00037991537176894786 0.00029021096385158595 0.00021108309054181036 0.00014912513932889305 7.434927601499828e-05 0.00010268309738878233 8.833952592356516e-05 9.614573380631276e-05 0.00013363662528927695 0.0001901320634536247 0.0001417977291064706 0.00015963876691538878 0.00019346218409165068 0.0002233521563905097 0.00022990864901118485 0.00020403372552392585 0.00016971443963513668 0.00016121150872649707 9.642303682354718e-05 8.626627107892986e-05 0.00010753949829621802 0.00015107463610765308 0.00026565440798885645 0.0001972652367745201 0.001520846649159743 0.0003563491536703115 0.00032247955690346245 0.00031318253707598174 0.0002170608178943739 0.00026755243927452225 0.00021717362050996318 0.00021419044318772733 0.0003918326634299427 0.0014935561956853818 0.00016098066646366244 0.00016519926986565916 0.0003872050371794627 7.309088686998543e-05 0.00020737403476493436 0.00011535959397361197 8.660254037844388e-08 0.0003946492957184853 0.0023080452051360716 0.002653457109543454 3.610666937515993e-05 0.00012508817530197788 0.00026265759464004414 0.00013655351814083797 0.00039718119109967436 0.00019374417244825225 0.00014311819971830387 0.00027334478890984735 5.7013190515853843e-05 6.464185782789976e-05 0.00010353711350287619 0.00010067663082929146 0.00011587505079960112 0.00015969481059179924 6.656914855325384e-05 0.00015234764650413004 0.00020187387080240657 6.501501615204941e-05 0.00014997715682944752 0.0001505482502743404 0.000162151959123758 0.00011239518496876643 0.00017647478323288198 0.0001245837468011682 0.00017844168464112233 9.785512170075558e-05 0.0001829886714494019 0.00023994726561698559 0.00016565449123017052 0.00018387298193275846 0.0002207586290921131 0.000180342281901187 0.00019715553170749232 0.00016517563988356163 0.00011569808221004872 0.0002040625929814582 8.923989671216411e-05 0.00018805768872810918 0.0001495306256575142 0.00016782570709448932 0.0001657737707316436 0.00222950772295082 0.0022647317272699785 0.00031819932441434925 0.00045600298089689637 0.00015507371826506395 0.00017599033263635192 0.00020331454228330245 0.00018521075064571588 0.00019416589704138694 0.00014939712072994092 0.00012813386725168542 0.00012017186365345 8.618018957834547e-05 7.252335124927965e-05 0.0001537828364955827 9.258200997725515e-08 3.3057394334760268e-06 1.9550580723566226e-06 0.00013854985033647194 0.0001609379823453526 0.00020956956284817958 0.00012134862746820599 0.00022116247363078298 0.00019922708436548254 0.00015791328095680665 0.0001690925923942062 0.0001814200557028332 0.0018704070221788982 0.0026676850240163743 0.0002620631801599231 0.00045330079999903144 0.0003279312913355611 6.584707006234293e-05 5.9253302736616954e-05 6.242095769582683e-05 8.531518955149149e-05 6.317490782097147e-05 7.895494112719151e-05 0.0002060201036676276 0.00012563207278547348 0.0002939482916606062 0.0003026322028522854 0.0003428221617543669 0.00013303702384018755 0.00013127926779270976 0.0001916914269712469 0.0001578899204446711 0.00017280905605303735 0.00017983992323392241 0.00010313921396765238 0.00014984804372784305 0.000220021464729587 0.00020591062889881875 0.00019802267218584405 5.031263567967743e-05 0.00010625783460418483 0.00013864048921577045 9.166665576173959e-05 0.00014600723204958641 0.00015912308928008184 0.0005061834956291643 0.0003642183283026806 0.0004843267175710894 0.0002800977194747649 8.660254037844388e-08 9.258200997725515e-08 0.00013488150051279272 0.00015049625226001332 0.0002058432275264146 0.00020689111843755141 8.609822055276265e-05 0.00016964230796218135 0.000179319344459215 0.00015448110499698248 0.00010080575766120296 0.00013457472880525802 0.00015877982569814184 8.982491675979447e-05 0.00018002993937408726 0.00012383219164386415 0.00011813150254025236 0.00018808657588512435 0.0003611613594874236 5.749710282191921e-05 8.162716586270783e-05 8.806718870125095e-05 9.712770585235652e-05 1.3369559115637018e-06 9.258200997725515e-08 0.00018713205265858833 0.00015734321597594744 0.00016576108605491553 0.00012720224020854932 0.0001727598846802466 0.00016646392369755266 0.00014109978422344378 0.00012774870558993922 0.00017104504072806533 0.0002577492989625877 0.00020973028443082008 8.96291362017385e-05 0.000224169984777273 0.0002063226140937718 0.00019699845738598617 0.00017793173479924864 0.00026125926937968204 0.0001310268932345586 0.00013478070549691778 7.425429485449947e-05 0.000236764765449296 0.00020450818231988917 0.0002606751786001084 0.00017818120457109175 0.000191911348953569 0.0001579797512070904 0.0002023393740381444 0.00022137978811020024 0.000105033755288111 0.00013494445775121246 0.0002708494461939345 0.00025725310912345527 0.0002854014836218818 0.0001852542019658134 0.0002658725357072336 0.0015897376287173797 0.0004351399427350945 0.00012173447216428769 0.00012538808384851484 4.088721494907611e-06 3.863935025648178e-06 3.571406429680252e-06 1.4038356723458442e-06 2.254643167582599e-06 1.0104437883667576e-06 0.0001500802969431044 9.365693257735335e-05 9.199146001600547e-05 0.00025312174832698125 0.00011204247484192497 0.00023495564051156833 0.00015842611007282006 1.2152909391913235e-06 0.00016827113892516795 0.002847717623220118 0.00039014889843744086 0.0005820417768606128 0.00020218183086398602 0.00014993148288966148 0.00013400376023518692 0.00019114948867351826 0.00017094671658032386 0.0001805802072341998 0.000192702002046446 0.00015895052819658577 0.00019849907872295937 0.00021824713554688714 0.00020372092375594674 0.00018017715914904922 0.00014898192665383427 0.00017647607743810265 0.00013539920601498648 0.0004233585836107655 6.195194211192765e-05 0.00026024146048697015 0.0002254885278259634 0.0002793530222566814 0.0001638288890729868 0.0001377459503760448 0.00022820647829341277 0.000233113931293557 0.0012988854306271848 0.0003159915215056628 0.000282225572260625 0.0003259721876573375 0.0020016747636692534 0.00012538760807580623 0.0001295531062659642 0.00016863827409773256 4.091984220840541e-05 0.00014109173303414546 0.00014637307280920681 5.919722684974266e-05 0.00012618614802990374 0.00016923339077036875 0.00017629775730865858 7.77294235505033e-05 0.00013464921546991966 0.00010887172907911805 0.00018466178540793143 0.0001752213013379788 0.00021972737891983785 0.00010815052478181119 8.96792776313399e-05 8.713430649317123e-05 0.0003286790813436997 3.0174111503049296e-05 0.0022485467770173117 0.00015334717896572762 0.00021171734148068625 0.00017447643815720257 0.00021995233786086123 0.0001544986050887973 0.0002390139927298902 0.00022896506208113358 0.00014257952965821469 0.00018033411546429027 0.00014490580768260577 0.00023837819542961439 0.00020247670085351725 0.0001376586568930908 0.00020618249434201642 0.00011263861225060239 0.00015418171217677066 0.0001721859060506899 0.00017125337557495217 0.00015421405408327677 0.00011933990007258515 0.00020485186893229857 0.00023481952826701478 2.498480637343987e-05 0.00019214850542015902 0.0001862723730952685 0.00022765863399499327 0.00012443190415004914 0.00019295102106194328 6.113302270003688e-05 0.0002538557018733738 0.00011195562056404882 0.00045654054927280504 0.0001812303059103904 0.00026753640297506556 0.0002201917311929834 0.00021413125239076486 0.00019610755990438427 0.00024013640596228094 0.00016476886269572495 0.00017634977670300493 0.00026661051686094193 0.00019958489378275464 0.0001967193317464778 0.00017421989550033543 0.0004888505887859085 0.00024273497931762307 0.0004094514714658978 0.00024331988166869972 0.0001988247116700968 0.00040760600198395074 0.0022055487580789836 0.00016769510239676616 0.0001955925707991818 0.0001586820240809224 6.240711853024844e-05 0.00020074310092235706 0.0004982101260733728 0.00028183286648920816 0.0002493814591468994 0.00011716441126928107 0.0002923913365456009 0.0002529944642189667 0.00022649018951715022 0.00022067623356223861 0.00017535495760241201 0.0001937425969561757 0.00017713904995068217 0.0003193771599407783 0.00023834958218082558 0.0001704135089137445 0.0001822187025420112 0.000202129467827043 0.00019978433777534803 0.0002637369074682191 0.00018279035125952928 0.00017217828943768087 0.00010175574509087552 0.00016510561473839674 0.00015591286673562923 0.0001778851982729363 0.00025507568781765126 0.00017138793950612172 0.00034582230167157246 0.0019031884697914981 0.002765565839381626 0.0002725731758671329 0.00011426197189395424 0.00035221272390621315 0.00014112640288756946 0.00021721358939648554 0.00023731806301909852 0.003108306179402833 0.0002033958633962437 0.00014546993264811497 0.00012758655385674387 0.00011519910299409915 9.376460126407448e-05 0.00012038170657452519 0.00010916800593970536 0.00019832539886237524 0.0002109219890402715 0.0002335796947089295 3.3872912973528887e-05 0.00024964388832971824 0.000228337421286952 0.00021766184463986487 0.0002501301125925924 0.0002211422261385647 0.00013712012530322606 0.0002482141703505775 0.00018635211870681386 0.0001748451858868125 0.00023963770786836238 8.44405441455897e-05 0.00012121329907283463 0.00019628456426369354 0.000201848686609328 0.00018109223058653621 0.0001649828108532544 0.0001533668878300373 0.0001470342001594277 0.0001767409519742311 0.0001689698863396617 0.00026479449643345787 0.00026619871450405877 0.00016318216239040735 0.0002243782045654473 0.0002062238449901552 0.00014533773870525 0.0001688656433488432 0.00020645259790855758 0.00023732083679529333 0.00018963299308871173 0.0001268220595954057 0.00019133596718268786 0.00017660320786048553 0.00013952346536611238 0.00020666762797334306 0.0002257411582068005 0.00015031403571222874 0.00018621158286578413 0.0001824194307572348 0.00022073251863914063 0.001828406262089129 0.00025113818006427814 0.00029123326506711947 0.00016814873554275256 3.893553041119115e-05 3.882859715174897e-05 2.791049621963988e-05 0.00019526889855208456 0.00020175661990897684 0.00023501472422313144 0.00022371860850252238 0.0003021137378072751 0.00019604892592924754 0.00023949176477442599 0.00020872587460656506 0.0004129906201848549 0.0002407125449319647 0.00016761548900927722 0.0004185272200931428 0.00012399784231152393 0.0002504520368206057 0.0002210426118810198 0.00010571951131417288 8.927226678352632e-05 0.00028897723856098915 0.0002022874787858487 0.00026388092482400625 0.00014965589402303383 0.00039910424144676943 0.000526800694376999 0.00016081253267958656 0.00022497299646035058 0.00023783330040231306 0.00018651493285766618 0.0002532820224563891 0.00020396406033672913 0.00018264002838571527 0.0004036687600560906 0.00016396527620457028 0.0002334137741550159 0.0001438768838446704 0.00016475432164289561 0.00015241673389455109 0.0002639994738559661 0.0004596373739528748 0.0002399844275100043 0.0001463483640084175 0.00015325520744751477 0.00014704451671416455 0.00012618805806898807 0.00011404983239795265 8.299664935417861e-05 0.00031877713780060563 0.0003104051954110802 0.00029777197499523196 0.00019689430635112882 0.00041450250312221584 0.00022574071098098575 0.00012002351009180914 0.00021515502047933198 0.00014575520250460297 0.0001587592524916067 0.00019237380718152835 0.00012788005885530206 0.00012172242223450026 0.00024163633150309165 0.00010533588394949812 0.00022994081217644603 0.00024024124321903072 0.0002992816760633185 0.0003077936142813812 0.00020911675830769276 0.0002432300482584031 0.00016492822398693268 0.0002942171301972199 0.00023402287951174906 0.00026348992428608517 0.0002412384980658873 0.00024642181185325154 0.00025530176086811454 0.00018179467571861194 0.0001985504298650911 0.0001926529321220294 0.0001785260531555542 0.00010710110050708225 0.00013691046579879858 0.00022178017879533705 0.00019460112181878783 0.0001865309794271515 8.383799055603848e-05 0.0005022390282592803 0.0002663372859129993 0.00028114574143616594 0.00047556571229943857 0.0002780341991355119 0.0002973757947887221 0.00012835323222643827 0.00026665929186844324 0.0002995368660219227 0.00017054680301237693 0.0002232097104915624 0.00016282115274510785 0.00022924292565545653 6.515004565135997e-05 0.00020185227102550882 0.00021254376846068475 7.090837666557841e-05 0.00021893478937332737 0.00023219667482113584 0.0002197955474347778 0.00030602374604029334 0.00038602185338711077 0.002068452362944834 0.0031028049090277977 4.9160978839348575e-05 0.00019756287469994364 0.00020578016468138726 0.00022568622560744013 0.00020172416672225457 0.00010728448253036636 0.0002010765181648502 0.00020225703489031127 0.00012686696221487668 0.00025100326055652587 0.00010914392832270315 0.0001801704304280206 0.0003125078392182773 0.0002615497603220016 0.00024981217484389915 0.00019312132461722975 0.0002577980561594036 0.0003054362315048123 0.0002527273455655728 0.00010597044269272855 0.00018935775247938788 0.0001954423711646302 0.00014152771419251114 0.00010542958919073727 2.0847916660062267e-05 0.0001696306561317876 0.00014980067995992713 0.00020973477839625419 0.0002176027025690822 0.00024773044786954835 0.00022145442152094946 0.0002228921004387425 0.000266699978037857 0.00024053308156476817 0.0002398578734065684 0.00015127761942268728 0.00022053059755805553 0.00015028316151253953 0.00029185288795733244 0.00024974901588856516 0.0002726908759694143 0.00018484458447576234 0.0002159904791161119 0.0002631725336762672 0.00021676756914247835 0.00027815566027393214 0.00018033180770339507 0.0002188713741141612 0.00027872034841109635 0.0001943196290310091 0.00025777251674779324 0.0002566165966831832 0.00017552208428228368 0.00013169183915113375 0.00016011638512045297 0.00023630450395519122 0.0001006198082590183 8.026474449943888e-05 7.015550697409497e-05 0.00011467266880465211 0.0002760637211278281 0.0002643778838381525 0.00022390778734411866 0.00015921479657019695 0.00018257323221605056 0.00012109044526991852 0.00037019212186620694 0.000326026093686416 0.00016783620287141242 0.00017466947417377673 0.00014250726738002025 0.0002727631487991167 0.00014436812109067262 0.0001121396202051119 7.483779183606976e-05 0.00011166178461709548 0.00042778020889106655 0.00020909266765263855 0.00020512257449171184 0.00020821187368755303 0.00020887912766110757 0.00011952419058905826 8.399899341530655e-05 0.0001371734011724436 0.0001278795256315862 0.0002783645599853318 0.00024811575741854296 0.00019550111229053784 0.00018232617491218227 0.00024252736772260096 0.00024027568533134603 0.0002762875396259216 0.0005383960179332682 0.0004694237424866027 0.0005630829300364563 0.0005801257927938755 0.002951908939120493 0.0002047230424286537 2.559574438468061e-05 0.0002536810587192212 0.00025546646712639294 0.0002519222779402507 0.0001660370529453821 0.00022375243792891077 0.00022237592796461828 0.00020202438662144878 0.00019519171031014918 0.00015960879687646097 0.0005177793319641296 0.00022302669290589532 0.00011463241282936836 0.00016978291548890796 0.0003015073768177445 1.0000000000000001e-07 0.0001633118620423495 7.159063931946377e-05 0.0002602284900344623 0.00029562778070773475 0.0005024603016642713 0.00036348252171880963 0.002245633553955777 0.000519383687309711 0.0027433930923851614 8.933374345134861e-05 0.00017015891828537242 0.000181008032265063 0.00014547874703392289 0.00018712707891998354 0.0002261200945845774 0.00014652169474666638 0.00011849265547761098 0.0001302565402541567 0.0001002958842002422 0.0001572130189081283 0.00020560256972334932 0.00021670810996753754 0.00012751001034604908 0.00016910591454214022 0.00020561762848949887 0.0001795842192346263 0.0002709722377541537 0.00024108852559613897 0.000495100961834113 0.0004935608299358541 0.001988017480256856 0.0021119234464557412 0.00046652753214198364 0.00017240513439632714 0.00016954182003693104 0.00018084797506404465 0.00013530908145052573 0.00019918724510359796 0.00023286466923466112 0.00011252722697748512 0.00016042485864720346 0.00019392271163959804 0.00017461242137504547 0.00012164636881224361 0.00016973931137006368 9.918103819194783e-05 0.00014382007457559317 0.00024569395805377917 0.0002819390972610618 0.0002676803318043331 0.00020382784085056074 0.00024533266542042 0.00024980501438515135 0.00011045269540473277 0.00017610058545770746 0.00017054993620072755 0.00010638174366467266 0.0002966081376366103 0.0002926244925475167 0.00021851346048221593 0.0001600249529363447 0.0001565794560602507 0.0001915311435236166 0.000196042749989392 0.00012485261458941777 0.00016622276745424723 0.0001884476668237172 0.00018617304394991148 0.00018570874142276067 0.00016755750195772344 0.00012878054063079138 0.00020006078355808783 0.00025053797200524415 0.00013053301761010912 0.00017251481715252958 0.00013736290768900637 0.00016379171752547335 0.00020457331416352554 0.0001756108374848499 0.0002759487402280652 0.0001685061142374068 0.0003023059254671081 9.783045504049761e-05 0.00013941777967248765 0.0002496693853010912 0.0002674813592811125 0.00024947495556385164 0.0002559836005378989 0.00013205546261062256 0.0002749986780019243 8.445307861422904e-05 0.0004409387687678671 0.0005341144109464618 0.0005546361165268154 0.0004655821737874578 0.0002658854875476987 0.0002494909907426655 0.0002967787895620963 0.0002777550510364712 0.0003014008587516288 0.00014834649547649647 0.00011658617021993751 8.878113593072253e-05 7.895178797641217e-05 0.0002751087644572925 0.00019851111374042684 0.0003024960457561306 0.0002815476684314644 0.00021429320026901904 0.00017101466697064008 0.00016305859545612158 8.344339898158683e-05 0.00014228571781822692 0.0001903126705370376 0.0001017071927321034 0.00019387875906407424 0.0002495176613482477 0.000269870112949923 0.0003418721559703613 7.390033918129359e-05 0.00022422492931881588 0.00021369609760635833 0.0004119860158891545 0.00020441742643216728 0.00021668501757739962 0.00025805013670008025 0.0029411815669863313 0.00010794510174829944 0.0001236783845364736 0.00015433397018371235 0.00027688895449052604 0.00027802412032849444 0.00031189620663421157 0.00023118677959704673 0.00016673698676616553 0.0002578908137782414 0.00020633010594382095 0.00022055629453732742 0.00011019082853895262 0.0001955608796117752 0.00025484818458992804 0.00024932707701387415 0.0002298229900265146 0.0001202390519887553 0.00012625866585856674 0.00023630308145480762 0.0001493036994510228 0.0002753385383626298 0.00032341116825122134 0.00019486684225303115 0.00015998387616734328 0.00023563636092485576 0.00016948976075967028 0.000146665775933616 0.0001688765334637653 0.00010773411003826621 0.00022701329255019585 0.00011533291954937516 0.0003430511530268169 0.00020825504084258007 0.00020222388163938258 0.0002030597945422872 0.00014263763267720084 0.00015742015900669168 0.00022986804165779127 0.00022186874924974594 4.117204309296764e-05 0.00012048206807686113 0.0001758196876354688 0.000145755448151893 0.00015278994889310376 7.311900380142e-05 0.00025162471791553213 0.0003747681937698125 0.00018299015978592766 0.00012283626306468714 0.00018681943954278822 0.0001470573713200099 0.00023913972398503582 0.0001494578556298217 0.00015901564999505548 0.0002143831545506393 0.00015492404257007525 0.00014362874916972376 0.00024154860254269758 8.512891741225752e-05 0.00020215147649709723 0.003018155625150181 0.0005327975756058092 0.00033274689242687234 0.0018203338740779306 0.00023155906645384885 0.0005037515324985697 0.0002431494059836027 0.0002185985287224526 9.807935929958769e-05 0.0002076987653641676 0.00025953773818518014 0.00024384367480145721 9.814021303327663e-05 0.00017836894817930998 0.00018881065669652575 9.489041696985186e-05 0.00014177371545972132 0.0001986437109731508 0.00020159782284029514 0.0002213772728404865 8.978186208297254e-05 0.00024105750627801694 0.0001953921021580294 5.524137149665159e-05 3.515014890424674e-05 0.00016136884887196234 0.00016213255370670925 0.0002991482386059296 0.00028608956341647066 0.00030838782093453815 0.00024936501898189834 0.00020982813979107377 0.00022655212377174766 0.0002700005295330598 0.00018338141414792265 0.00019909170251256872 0.0003970122149958845 0.00019476215182019519 0.0001862382809479623 0.00020571915649059472 0.00015072331323203757 0.0001630191507424062 0.0001586089804728848 0.0001512074069520973 0.00012725601371838782 0.00015966642641443006 0.00017313765126709634 0.00021248022000065436 0.00018743967898247416 0.00016914464456707092 0.00025965009130681725 0.00020828379372964147 0.00015165237611688016 8.11167464400698e-05 0.00021882627197883576 0.00011044307263098746 0.00010436355295040298 0.0001446084830653479 0.00026231576378712166 0.00031610174588439646 0.00030864318952218787 0.000303279328815212 0.0001078672900425357 0.00012281115092491115 0.0003341818925480195 0.00047724496030865306 0.00014288795339475089 0.0003424785860427047 0.00026040361630785483 0.00025797727297108595 0.00014092487192910174 9.245836623401206e-05 0.00012971034677736467 0.00022625941225150588 0.00021442517087737645 5.6264933359991185e-05 0.0001553528551455078 0.00041417942301755824 0.00022842212049081163 0.00031740151418050534 0.0002798214583393644 6.459248525201219e-05 0.00011812039083426487 0.00022065189691401022 0.00014767410801727203 0.0003432849630339732 0.00011205026788742993 7.689844497677015e-05 0.00020798825252659855 0.00018888910352066537 0.00011207329101473908 0.0001892587786810648 0.0001897360466168481 0.00023414093057758033 0.00019093499773202905 0.00014518047983253218 0.00016120912118929156 0.00028495606797525287 0.000125957563643767 0.0002394185878765512 0.00017351793856832065 0.00033456234600500633 0.00017445040762101833 0.0003187700904862292 0.00022489371819282334 0.00036106035234521725 0.000273365264454727 0.0004202923605196325 0.00040743620673618715 0.00038251712449671266 0.0018421876459356347 0.0030636744448690953 0.00019856401506230465 0.0001135606719932321 0.000218420750974659 0.0031095800807482196 0.002345659909849059 0.0004397844441297011 3.9932632472911775e-05 0.00010312239153650956 0.00019593711487185704 0.00015700108467625406 9.408747605762608e-05 0.00022362739039064798 4.3098556540956705e-05 0.000217314560354211 0.00028214673817488037 0.0002288559237480808 0.00018795379653129208 0.0001828809390391296 0.00027257340307096443 0.0002123833932745301 0.00011438047797517856 6.834503024799783e-05 0.00014638422907055444 0.00023954566235300567 0.000431727454930287 0.00012868397957641078 0.0004035361361817451 0.0001924994619293646 0.0002993087431412491 0.0002981765914493067 0.0002304366116165489 0.00021429870451157782 0.00013102044160315202 0.00042474730939495617 0.0002345427012228259 0.00017770314184004695 6.99890504139471e-05 8.389807951708164e-05 0.0002450023692182391 0.00020782000104985424 0.00021529610976372504 4.760128015958005e-05 0.00029632779895875005 0.0004003351393217902 0.001985126540323869 0.001349685633683615 0.00021601890996878249 0.00031203328036715834 0.0018663354611034861 0.0022575134791624728 0.00019322953843195267 0.0001957064016069864 6.300531971950834e-05 0.0001992233681928043 0.00019276703935850692 0.00010866798074906744 0.00018777565170448977 0.0002812989468091385 0.0002518116350050926 0.0026926542520888616 0.0024436311222033723 0.002318734147193866 0.0016100988168748788 0.00029740885416434156 0.00016568317922707886 0.00014821624740955243 0.00014153245471428832 0.00018317362267787044 7.587685200357731e-05 0.0002230170516866914 0.00021805639186295482 0.00020614678731890407 0.00016907538299805434 0.00012657097183973225 0.0002526287271313522 0.00021355735663830872 0.00012451271418004037 0.0027869927625967118 0.0004957975869696014 0.0033380192440117295 0.0005098168565477329 0.00018517642090657262 0.000246217483076165 8.104147563181255e-05 8.172466344557649e-05 7.069611076649963e-05 0.00021807484829572678 0.00021945372983429376 0.00034288674367293295 0.0001950595133576496 6.705953788875485e-05 0.00012676206139785855 8.563870287511259e-05 0.00022656317068521875 0.0003706438709834132 0.0002174154407590869 0.00015637828052527078 0.00019534927573174832 0.00018187988229924291 0.0002977933860281704 0.00019367221733815524 0.000224881024566018 0.0001912737248807834 0.00026258681580354287 0.000186080275971586 0.00023161577233455114 0.00024082227683500386 0.00016992412481487833 0.00020819069595694192 0.0002123893106307502 8.227276713480312e-05 0.00021034175657815222 8.604419632112131e-05 0.0011978982093489123 0.00074185296732993 0.00041307769148043777 0.00043470179681201466 0.00024793351159398884 0.00039203550671682155 0.0002167285820861815 0.00018064541753442544 0.00019124186151348973 0.00021897223854837295 0.00022371264326032477 0.00018965105861980784 0.0004288953235516244 0.00021177558325701876 9.548482197822397e-05 0.00013306292697196352 0.0003047742722217409 0.00010840011886743806 0.0001135208693456077 0.00028863063717151196 0.00022582082851164528 0.00028035229332861985 0.00028649980903572086 0.0002751686453369078 0.00023369446281828126 0.002370853616836212 0.003446959095548438 0.0004931161248734855 0.000244282925459857 0.00027382885903447435 0.0003933096451806942 0.0002452139323435155 0.00015144877931079834 9.872483545084998e-05 0.00015912944375709527 0.00013335589680651207 0.00018158217132399238 0.00017201761499022373 0.0002338733731469775 0.0003056596484425253 0.0015189689709912014 0.00042600949201684895 0.00012761978113424386 0.00016978419322912844 0.0004622252605217683 0.0001577237251710029 0.00029945818126222393 0.00016424225704782575 0.00012970343176169972 0.00014693681726080912 0.00029977872261565286 0.0002653140653670291 0.00028859824282507915 0.00013891120754951094 0.00013285787666250472 0.00016252296361055887 0.00013396400324202653 0.00011247433989246305 0.00021419663195516793 0.00019229153207141054 0.0003442541529868828 0.00014136761071257179 0.00011402878621826435 0.00022913043196434472 0.00022121636744085204 0.00015019179851825777 0.0004247317455330015 0.00016344356785860114 0.0031454436287813034 0.0004938479755629006 0.0005732063414723115 0.00028005117287403764 0.0002741580127492338 0.00025299929419977767 7.924269933281083e-05 0.00020958183546558465 0.00013194567964560624 0.00012707630960940043 0.0001704546908973945 0.00019812666027578285 0.00013063937380931553 0.0003432828128413679 5.862100972039573e-05 0.000131736549940014 0.0002560774701532867 0.00022469264651393914 0.00020223776670676535 0.00023556670234117758 0.0002425096651799186 0.0001231622133385705 0.00022125731432228281 0.00030430755438512605 0.0001830011071436305 0.00020675720637539012 0.0002130860953246203 0.00020940157183824395 0.00023177969247954763 0.0016144528771986203 8.552281218080262e-05 0.0002654634203516643 0.0001332740935371152 0.000138314168703911 0.0001229944082138111 0.00010620433173532708 0.00038740290220305485 0.0003356237637060524 0.0024549328276366033 0.00040390030565694827 0.002894469708884561 0.0004404570808266596 0.0004302191247986401 0.0002142914502359474 0.0001352638240728963 0.0002295431658911952 0.00016202629889936238 0.00012805916456576583 0.00019668192721367686 5.729124436906167e-05 0.00023354308009245595 0.00018960281764651728 0.0005350678575550078 0.0003512376839896803 0.0002226374768367865 0.00020803920177084193 0.00017583576843554743 0.0003074088184434158 0.00029538338315027233 0.00011218834158948335 0.0002555466645122211 0.00017147747453079678 0.00014802330962292604 0.0001789340389295506 0.0001986133438804065 0.00013023792226620983 0.0001529743118834257 0.0002551066645082593 0.0002762711957190739 0.00021752112219421447 0.00032674088175027165 0.00013818881979888294 0.00020155382921654798 0.00019143556553189638 4.8653885420590264e-05 0.00022021434502698923 0.0002001625509220391 0.00018584819799198035 0.00016727930535920268 0.0001291447445971274 0.0001647813216143913 0.00020869190559575846 0.00013034283006776285 0.00018102825619896383 0.00014197364179355793 0.00016440242221412083 0.0002818455475578227 0.0004169542343929876 0.0031981919510119007 0.0021147244453886462 0.0002335935514028967 0.00025416577903244347 0.00027304531228712506 0.00028292475012932215 0.00019514482239720992 0.00029214402449655 0.00021950623198103977 0.00018923491977751707 0.00015570362382331398 0.00022633963576978525 0.0004528339724927079 0.00027133422599651407 0.0002310142368320558 0.00017335666141597329 0.001528055356977984 0.0003362950615538551 0.00036230436535175274 0.00027072858062077387 0.0002532237024397898 0.00020770244181799325 0.00024904999278924555 0.00021335883856762875 0.0001424741637354471 0.000452388971306515 0.00056283793163624 0.0002691428032725455 0.0002451155187175009 0.000280462407918895 0.0006037271202150062 0.00030276609236648707 0.0002554530257589443 0.0003237672134219112 0.00027002168571901093 0.0002411081292852378 0.00019938484487154584 0.00024056274290233507 0.0003009198847083933 0.00034027537235320645 0.00031705785247400223 0.000146731411283887 0.00026159394197972134 0.0003100964844124333 0.00030203636278768335 0.0002601797990574015 6.421443148001435e-05 0.00012035629337791838 0.003240736571807256 0.0023969176739820452 0.00036352898487615666 0.0002256858144863709 0.0002476775847737811 0.00020663066034441402 0.00020053866124174097 0.0002150617661202515 9.491448382902856e-05 5.3205822449610894e-05 0.0003086168223920782 0.0002799590605276143 0.00016023970093647817 0.00027700296930248717 0.0002841172560813174 0.00018827388144594093 0.00026674248942475175 0.00028318024235473666 0.0002711225232408951 0.0002669650389258159 0.00022785412028839742 0.0002759763041353155 0.00023661784911742392 0.0002399744850599134 0.0002654092088584821 0.00013642415084289816 0.0002633851125461222 0.00025836603116362414 0.00017967610841540426 0.0002772785953638965 0.00025931287336373885 0.0002509220797609369 0.00021870911382115783 0.0001707219201926626 0.00017640143655795067</DataArray>
<DataArray type="Float64" Name="g_gap" format="ascii">0.0 0.0 0.0 0.0 0.0 0.0 0.0 0.0 0.0 0.0 0.0 0.0 0.0 0.0 0.0 0.0 0.0 0.0 0.0 0.0 0.0 0.0 0.0 0.0 0.0 0.0 0.0 0.0 0.0 0.0 0.0 0.0 0.0 0.0 0.0 0.0 0.0 0.0 0.0 0.0 0.0 0.0 0.0 0.0 0.0 0.0 0.0 0.0 0.0 0.0 0.0 0.0 0.0 0.0 0.0 0.0 0.0 0.0 0.0 0.0 0.0 0.0 0.0 0.0 0.0 0.0 0.0 0.0 0.0 0.0 0.0 0.0 0.0 0.0 0.0 0.0 0.0 0.0 0.0 0.0 0.0 0.0 0.0 0.0 0.0 0.0 0.0 0.0 0.0 0.0 0.0 0.0 0.0 0.0 0.0 0.0 0.0 0.0 0.0 0.0 0.0 0.0 0.0 0.0 0.0 0.0 0.0 0.0 0.0 0.0 0.0 0.0 0.0 0.0 0.0 0.0 0.0 0.0 0.0 0.0 0.0 0.0 0.0 0.0 0.0 0.0 0.0 0.0 0.0 0.0 0.0 0.0 0.0 0.0 0.0 0.0 0.0 0.0 0.0 0.0 0.0 0.0 0.0 0.0 0.0 0.0 0.0 0.0 0.0 0.0 0.0 0.0 0.0 0.0 0.0 0.0 0.0 0.0 0.0 0.0 0.0 0.0 0.0 0.0 0.0 0.0 0.0 0.0 0.0 0.0 0.0 0.0 0.0 0.0 0.0 0.0 0.0 0.0 0.0 0.0 0.0 0.0 0.0 0.0 0.0 0.0 0.0 0.0 0.0 0.0 0.0 0.0 0.0 0.0 0.0 0.0 0.0 0.0 0.0 0.0 0.0 0.0 0.0 0.0 0.0 0.0 0.0 0.0 0.0 0.0 0.0 0.0 0.0 0.0 0.0 0.0 0.0 0.0 0.0 0.0 0.0 0.0 0.0 0.0 0.0 0.0 0.0 0.0 0.0 0.0 0.0 0.0 0.0 0.0 0.0 0.0 0.0 0.0 0.0 0.0 0.0 0.0 0.0 0.0 0.0 0.0 0.0 0.0 0.0 0.0 0.0 0.0 0.0 0.0 0.0 0.0 0.0 0.0 0.0 0.0 0.0 0.0 0.0 0.0 0.0 0.0 0.0 0.0 0.0 0.0 0.0 0.0 0.0 0.0 0.0 0.0 0.0 0.0 0.0 0.0 0.0 0.0 0.0 0.0 0.0 0.0 0.0 0.0 0.0 0.0 0.0 0.0 0.0 0.0 0.0 0.0 0.0 0.0 0.0 0.0 0.0 0.0 0.0 0.0 0.0 0.0 0.0 0.0 0.0 0.0 0.0 0.0 0.0 0.0 0.0 0.0 0.0 0.0 0.0 0.0 0.0 0.0 0.0 0.0 0.0 0.0 0.0 0.0 0.0 0.0 0.0 0.0 0.0 0.0 0.0 0.0 0.0 0.0 0.0 0.0 0.0 0.0 0.0 0.0 0.0 0.0 0.0 0.0 0.0 0.0 0.0 0.0 0.0 0.0 0.0 0.0 0.0 0.0 0.0 0.0 0.0 0.0 0.0 0.0 0.0 0.0 0.0 0.0 0.0 0.0 0.0 0.0 0.0 0.0 0.0 0.0 0.0 0.0 0.0 0.0 0.0 0.0 0.0 0.0 0.0 0.0 0.0 0.0 0.0 0.0 0.0 0.0 0.0 0.0 0.0 0.0 0.0 0.0 0.0 0.0 0.0 0.0 0.0 0.0 0.0 0.0 0.0 0.0 0.0 0.0 0.0 0.0 0.0 0.0 0.0 0.0 0.0 0.0 0.0 0.0 0.0 0.0 0.0 0.0 0.0 0.0 0.0 0.0 0.0 0.0 0.0 0.0 0.0 0.0 0.0 0.0 0.0 0.0 0.0 0.0 0.0 0.0 0.0 0.0 0.0 0.0 0.0 0.0 0.0 0.0 0.0 0.0 0.0 0.0 0.0 0.0 0.0 0.0 0.0 0.0 0.0 0.0 0.0 0.0 0.0 0.0 0.0 0.0 0.0 0.0 0.0 0.0 0.0 0.0 0.0 0.0 0.0 0.0 0.0 0.0 0.0 0.0 0.0 0.0 0.0 0.0 0.0 0.0 0.0 0.0 0.0 0.0 0.0 0.0 0.0 0.0 0.0 0.0 0.0 0.0 0.0 0.0 0.0 0.0 0.0 0.0 0.0 0.0 0.0 0.0 0.0 0.0 0.0 0.0 0.0 0.0 0.0 0.0 0.0 0.0 0.0 0.0 0.0 0.0 0.0 0.0 0.0 0.0 0.0 0.0 0.0 0.0 0.0 0.0 0.0 0.0 0.0 0.0 0.0 0.0 0.0 0.0 0.0 0.0 0.0 0.0 0.0 0.0 0.0 0.0 0.0 0.0 0.0 0.0 0.0 0.0 0.0 0.0 0.0 0.0 0.0 0.0 0.0 0.0 0.0 0.0 0.0 0.0 0.0 0.0 0.0 0.0 0.0 0.0 0.0 0.0 0.0 0.0 0.0 0.0 0.0 0.0 0.0 0.0 0.0 0.0 0.0 0.0 0.0 0.0 0.0 0.0 0.0 0.0 0.0 0.0 0.0 0.0 0.0 0.0 0.0 0.0 0.0 0.0 0.0 0.0 0.0 0.0 0.0 0.0 0.0 0.0 0.0 0.0 0.0 0.0 0.0 0.0 0.0 0.0 0.0 0.0 0.0 0.0 0.0 0.0 0.0 0.0 0.0 0.0 0.0 0.0 0.0 0.0 0.0 0.0 0.0 0.0 0.0 0.0 0.0 0.0 0.0 0.0 0.0 0.0 0.0 0.0 0.0 0.0 0.0 0.0 0.0 0.0 0.0 0.0 0.0 0.0 0.0 0.0 0.0 0.0 0.0 0.0 0.0 0.0 0.0 0.0 0.0 0.0 0.0 0.0 0.0 0.0 0.0 0.0 0.0 0.0 0.0 0.0 0.0 0.0 0.0 0.0 0.0 0.0 0.0 0.0 0.0 0.0 0.0 0.0 0.0 0.0 0.0 0.0 0.0 0.0 0.0 0.0 0.0 0.0 0.0 0.0 0.0 0.0 0.0 0.0 0.0 0.0 0.0 0.0 0.0 0.0 0.0 0.0 0.0 0.0 0.0 0.0 0.0 0.0 0.0 0.0 0.0 0.0 0.0 0.0 0.0 0.0 0.0 0.0 0.0 0.0 0.0 0.0 0.0 0.0 0.0 0.0 0.0 0.0 0.0 0.0 0.0 0.0 0.0 0.0 0.0 0.0 0.0 0.0 0.0 0.0 0.0 0.0 0.0 0.0 0.0 0.0 0.0 0.0 0.0 0.0 0.0 0.0 0.0 0.0 0.0 0.0 0.0 0.0 0.0 0.0 0.0 0.0 0.0 0.0 0.0 0.0 0.0 0.0 0.0 0.0 0.0 0.0 0.0 0.0 0.0 0.0 0.0 0.0 0.0 0.0 0.0 0.0 0.0 0.0 0.0 0.0 0.0 0.0 0.0 0.0 0.0 0.0 0.0 0.0 0.0 0.0 0.0 0.0 0.0 0.0 0.0 0.0 0.0 0.0 0.0 0.0 0.0 0.0 0.0 0.0 0.0 0.0 0.0 0.0 0.0 0.0 0.0 0.0 0.0 0.0 0.0 0.0 0.0 0.0 0.0 0.0 0.0 0.0 0.0 0.0 0.0 0.0 0.0 0.0 0.0 0.0 0.0 0.0 0.0 0.0 0.0 0.0 0.0 0.0 0.0 0.0 0.0 0.0 0.0 0.0 0.0 0.0 0.0 0.0 0.0 0.0 0.0 0.0 0.0 0.0 0.0 0.0 0.0 0.0 0.0 0.0 0.0 0.0 0.0 0.0 0.0 0.0 0.0 0.0 0.0 0.0 0.0 0.0 0.0 0.0 0.0 0.0 0.0 0.0 0.0 0.0 0.0 0.0 0.0 0.0 0.0 0.0 0.0 0.0 0.0 0.0 0.0 0.0 0.0 0.0 0.0 0.0 0.0 0.0 0.0 0.0 0.0 0.0 0.0 0.0 0.0 0.0 0.0 0.0 0.0 0.0 0.0 0.0 0.0 0.0 0.0 0.0 0.0 0.0 0.0 0.0 0.0 0.0 0.0 0.0 0.0 0.0 0.0 0.0 0.0 0.0 0.0 0.0 0.0 0.0 0.0 0.0 0.0 0.0 0.0 0.0 0.0 0.0 0.0 0.0 0.0 0.0 0.0 0.0 0.0 0.0 0.0 0.0 0.0 0.0 0.0 0.0 0.0 0.0 0.0 0.0 0.0 0.0 0.0 0.0 0.0 0.0 0.0 0.0 0.0 0.0 0.0 0.0 0.0 0.0 0.0 0.0 0.0 0.0 0.0 0.0 0.0 0.0 0.0 0.0 0.0 0.0 0.0 0.0 0.0 0.0 0.0 0.0 0.0 0.0 0.0 0.0 0.0 0.0 0.0 0.0 0.0 0.0 0.0 0.0 0.0 0.0 0.0 0.0 0.0 0.0 0.0 0.0 0.0 0.0 0.0 0.0 0.0 0.0 0.0 0.0 0.0 0.0 0.0 0.0 0.0 0.0 0.0 0.0 0.0 0.0 0.0 0.0 0.0 0.0 0.0 0.0 0.0 0.0 0.0 0.0 0.0 0.0 0.0 0.0 0.0 0.0 0.0 0.0 0.0 0.0 0.0 0.0 0.0 0.0 0.0 0.0 0.0 0.0 0.0 0.0 0.0 0.0 0.0 0.0 0.0 0.0 0.0 0.0 0.0 0.0 0.0 0.0 0.0 0.0 0.0 0.0 0.0 0.0 0.0 0.0 0.0 0.0 0.0 0.0 0.0 0.0 0.0 0.0 0.0 0.0 0.0 0.0 0.0 0.0 0.0 0.0 0.0 0.0 0.0 0.0 0.0 0.0 0.0 0.0 0.0 0.0 0.0 0.0 0.0 0.0 0.0 0.0 0.0 0.0 0.0 0.0 0.0 0.0 0.0 0.0 0.0 0.0 0.0 0.0 0.0 0.0 0.0 0.0 0.0 0.0 0.0 0.0 0.0 0.0 0.0 0.0 0.0 0.0 0.0 0.0 0.0 0.0 0.0 0.0 0.0 0.0 0.0 0.0 0.0 0.0 0.0 0.0 0.0 0.0 0.0 0.0 0.0 0.0 0.0 0.0 0.0 0.0 0.0 0.0 0.0 0.0 0.0 0.0 0.0 0.0 0.0 0.0 0.0 0.0 0.0 0.0 0.0 0.0 0.0 0.0 0.0 0.0 0.0 0.0 0.0 0.0 0.0 0.0 0.0 0.0 0.0 0.0 0.0 0.0 0.0 0.0 0.0 0.0 0.0 0.0 0.0 0.0 0.0 0.0 0.0 0.0 0.0 0.0 0.0 0.0 0.0 0.0 0.0 0.0 0.0 0.0 0.0 0.0 0.0 0.0 0.0 0.0 0.0 0.0 0.0 0.0 0.0 0.0 0.0 0.0 0.0 0.0 0.0 0.0 0.0 0.0 0.0 0.0 0.0 0.0 0.0 0.0 0.0 0.0 0.0 0.0 0.0 0.0 0.0 0.0 0.0 0.0 0.0 0.0 0.0 0.0 0.0 0.0 0.0 0.0 0.0 0.0 0.0 0.0 0.0 0.0 0.0 0.0 0.0 0.0 0.0 0.0 0.0 0.0 0.0 0.0 0.0 0.0 0.0 0.0 0.0 0.0 0.0 0.0 0.0 0.0 0.0 0.0 0.0 0.0 0.0 0.0 0.0 0.0 0.0 0.0 0.0 0.0 0.0 0.0 0.0 0.0 0.0 0.0 0.0 0.0 0.0 0.0 0.0 0.0 0.0 0.0</DataArray>
<DataArray type="Float64" Name="heat_i_to_j" format="ascii">-5.915512841420686e-06 2.4900140457542456e-05 -2.1843016494649214e-05 2.8583888785060214e-06 5.378121985251538e-06 -6.0665995635707374e-06 6.7781587424417914e-06 -4.869822947975478e-06 -1.8390546893479463e-06 6.191964732204397e-07 2.144061367289115e-08 2.282017843709799e-06 -2.3034584573811843e-06 4.059831009705013e-06 -1.9218084747850378e-05 1.5158253738161244e-05 0.0 1.2988149378503778e-05 2.644548083541444e-06 -1.5632697462074076e-05 -3.232285449776831e-06 3.13676371751234e-06 -7.059051045868315e-06 7.154572778071172e-06 -2.2756765526976496e-05 9.110891950465099e-06 1.49649102729923e-05 -1.3190366964615727e-06 -8.286426675636949e-06 2.1313259546822132e-05 -9.298577387701249e-06 -3.7282554833784695e-06 2.3097115027467613e-06 6.6960046353084054e-06 -7.295357439717688e-06 -1.7103586983542015e-06 2.863203193657228e-06 3.5564151173139897e-06 2.6472919587988273e-06 9.018382815652178e-06 -5.0497324476928016e-06 1.7204580077343527e-05 -1.215484762964699e-05 1.559057375886046e-05 2.231700269562342e-07 -1.0632559151733837e-06 -4.2430598068483105e-06 5.855994335631631e-06 -2.914877801171242e-06 -3.3604882542255566e-06 4.662431526626654e-06 1.0784417155537587e-05 -8.494323362246059e-05 8.885118143535235e-06 5.154952927852742e-05 1.3724169044988288e-05 -2.657920763239021e-05 3.0375605700050906e-05 -1.933743306852504e-05 1.55410350008484e-05 -2.4195955135789932e-05 6.287693408677367e-05 -2.5159423744024547e-05 8.872146176678312e-06 -2.239370138375199e-05 -5.764339176177335e-06 4.490365525387489e-06 1.273973650765345e-06 0.0 1.0856666777083654e-05 0.00021984549887042997 -0.00023898859232303048 -4.019526843246196e-06 1.2638383067609513e-07 -1.2507482536259369e-05 1.640062554884565e-05 1.2904426800278405e-05 7.944184281394066e-06 7.051678732944303e-06 -2.161177077439946e-05 -6.288519040296229e-06 -5.059661281949285e-07 -7.815086165087391e-06 -2.650146686477421e-06 1.0971198979740258e-05 -1.130912595018797e-05 -2.8895456682332874e-06 -8.113815723428592e-06 2.814781001955121e-05 5.255410104698541e-07 -6.360863688198829e-06 -1.0279764019521644e-05 -4.221935848833979e-06 3.192573918154799e-06 -1.1955386606608696e-06 -1.1476712856033454e-05 -2.6326898664198498e-06 1.0077770870605884e-05 5.227170512559065e-06 1.527610519724327e-05 -1.714354787986584e-05 -1.5858357438267206e-05 1.7725800120871085e-05 1.7425578469076256e-05 5.348277493965205e-06 -1.4394214963337204e-06 1.9329659070918354e-06 5.621922340847788e-06 -5.092775294815895e-06 -2.4621129531090847e-06 -1.3242093091678068e-05 9.490608861421505e-06 3.7514842302304355e-06 0.00015284178166882577 -0.00013559762428173023 -9.229681095000205e-06 -8.014476292326522e-06 -1.2458417265399613e-05 -6.301202504445182e-06 1.0844376035008236e-06 1.767518216632347e-05 1.2417788958212734e-05 4.688810127940426e-06 -6.206738858033523e-07 2.3007546650518797e-06 -6.984832480015943e-06 5.304751700747012e-06 -1.4332856373577757e-05 -1.558063844163865e-09 1.952987576363829e-07 -1.937406937924713e-07 7.212469367899994e-06 -8.618734692642105e-06 1.3076193589601917e-05 -1.3591271130070036e-05 9.13381223311069e-06 -6.452221875424945e-06 4.6687186443936545e-06 1.4756540549204011e-05 -1.2973037318152824e-05 -0.00019690097597440453 0.00023096882688023368 8.726907111679199e-06 -1.5540057651899856e-05 -2.7254700365595685e-05 -1.3223422258857802e-06 1.187639032914982e-07 6.976121943855738e-07 2.5064451037361043e-06 -4.150415709628591e-06 3.953682108629349e-06 2.910724873799254e-06 -6.0460782289002315e-06 -3.6906095245266365e-06 -3.0581445381405216e-05 -9.817142932250938e-06 1.1396787356483867e-05 -9.377461570369064e-06 1.9277908966420966e-05 -1.1480091820344044e-05 -4.3634397364603765e-06 -6.842088860580598e-06 -1.080014014503957e-06 1.2285542611513852e-05 2.0599193157632843e-05 -2.4743138267670195e-05 4.14394511004671e-06 3.276864718845126e-06 -1.317696414218965e-06 6.595028263530705e-06 -4.275518065361409e-06 4.034375808510478e-06 -8.313054311300825e-06 -4.362669005945974e-05 -9.121221751689371e-06 -1.057847365850126e-05 -9.496874402605977e-06 2.1517732436139917e-09 -2.1517732436106246e-09 5.42111272523879e-06 -3.013689771261251e-06 1.4636310286745711e-05 -1.704373324075981e-05 -5.740620128803477e-07 1.3867198970257443e-05 -1.3293136957369998e-05 8.674883077590895e-06 7.295746927784418e-06 -1.059250802011532e-05 -7.567523957709855e-07 3.240050711500606e-06 1.2014385828849136e-05 -7.801679509366478e-06 -2.802557085512548e-06 -1.411536230487987e-06 -6.009264280002833e-06 -2.2042071334736383e-06 5.146464710258226e-07 7.865603977406845e-06 -6.1760433149553e-06 -7.26799591744922e-10 7.267995917448045e-10 1.236037320523927e-05 2.356614462199363e-06 -1.3013561521891854e-05 1.1246112621578608e-05 2.7867054954996097e-06 -7.9652222841537e-07 -1.366013456360876e-05 1.1669951296556665e-05 -1.6851147561813721e-06 1.03220179973559e-05 -2.18981881209186e-05 1.0148810612597725e-05 2.2292859879582615e-07 1.2266134416732603e-06 -1.7741060299954844e-05 1.3370962513286774e-05 3.1649249586438544e-06 7.610510568099155e-06 -7.6085283530567545e-06 -1.982215030964825e-09 2.50393053447076e-05 1.5907724062536471e-06 -2.7952419976838208e-05 1.3770478992969412e-05 -2.4050243012484452e-05 4.037228877653178e-06 -1.844597009079018e-05 1.5974078981533715e-05 -1.5653377683885197e-06 5.582266262476607e-07 3.72846261412693e-05 1.4092835397206298e-05 1.1055745006646164e-05 -3.813793423263421e-06 -4.0765417890994736e-06 -4.242001111416295e-05 -5.959189190809613e-05 1.0958982683327235e-05 -1.0958982683337601e-05 5.580371847791693e-08 -5.5803718477716634e-08 -1.8189093801199998e-07 2.2092532055595886e-07 -3.903438254370914e-08 0.0 5.101978511244316e-06 -4.602753006891365e-06 4.921887220891828e-06 -3.0242623060403584e-06 4.870600957833397e-06 1.8005006067722508e-05 -4.748509356617756e-06 0.0 -8.618734692655581e-06 6.501283197800014e-05 3.1441863398481595e-05 4.22109680715107e-05 -3.3591922997428433e-06 -5.5164609373331835e-06 1.6923505137236592e-05 -6.5833566998603755e-06 -1.4644952003755476e-06 7.247924391322387e-07 -1.02603290779993e-05 9.535536638933553e-06 5.67402637664147e-06 1.896994673664965e-05 -1.5029582747749058e-05 -1.3755637076249983e-05 6.074212617890729e-06 -2.74991819697039e-06 -1.1524803357056444e-05 -9.178087490415521e-06 -3.8475380881016966e-06 -7.269887711566939e-06 1.723699430634692e-05 -6.119568506689844e-06 -4.801749136893611e-06 7.2244460489800976e-06 -2.2485531438615434e-05 2.0062834526533305e-05 -0.00011234517557468966 -4.871270700998345e-06 2.5610905790399954e-05 1.89653654913048e-05 7.264017499374838e-05 2.157891529322161e-06 7.5498113364855275e-06 -1.2721392637124462e-05 1.227185369746079e-06 2.5450934554174133e-06 -9.136428645448189e-06 5.364149820299982e-06 -2.504172129653302e-06 -6.759155129511409e-06 -1.5856776390288601e-06 -2.4107472669910105e-06 7.641007376888326e-06 -7.707900036226545e-06 1.300065412995899e-05 8.39133001855139e-06 -1.8538385993785252e-05 -1.3652093838047206e-06 -5.0654005308019825e-06 6.430609914607248e-06 1.009503160866557e-05 1.7029351465870373e-06 0.0001482589979528789 -1.625107463104855e-05 -1.0561456158795043e-06 -7.511807049197183e-06 2.0455587559655565e-05 -8.580475615613024e-06 3.2637378584147447e-06 1.422065913057255e-05 -1.2629139963753224e-06 -1.742557846907591e-05 1.1847085814948169e-05 3.153898970489672e-06 -5.736347752704448e-06 -9.572071321671807e-06 -1.0550585064477089e-05 -6.939900408150092e-06 -1.7619286710759811e-06 1.8450118490509703e-05 -1.1031853239155985e-05 -5.656336580291329e-06 -9.85413323270717e-06 -7.332977173375744e-07 -1.5303900343488425e-06 -2.8293682276903814e-06 4.584130944615074e-06 6.6147582526008e-06 3.837708048506362e-06 -1.5048902518500707e-05 1.2305272842349772e-08 4.110859110928286e-06 5.527142603652785e-06 2.5497300246005857e-06 -2.297861722932489e-05 1.664687982584506e-05 -2.8232972912717854e-05 -6.026176596891629e-08 -1.3086847547051252e-05 1.6719639052947515e-06 -1.0886885225372371e-06 3.8528359895884346e-07 1.5632825647833928e-05 3.098566588866254e-05 -2.8899051342218456e-05 -1.7016035270590303e-05 -9.462235797466612e-06 1.5453199085083965e-05 -7.3281889048493665e-06 2.9850187110010388e-05 -2.8512961492782633e-05 -6.434303673125548e-06 3.7100668574793876e-05 -0.0002365526849745113 8.985344098003862e-06 1.425319813222879e-05 -1.3358354931060313e-05 -4.404288107460071e-06 3.509444906279368e-06 -2.3329763005471962e-05 2.2328883266767286e-06 1.7345497440705022e-05 -2.3558775092299434e-06 -4.020447018652759e-05 2.3600756133440018e-05 -1.8767750727139262e-05 2.0381844848525998e-05 2.8441398519163726e-06 -1.6878970627127795e-05 -1.0816159032177145e-05 -3.3292667843148215e-07 2.7587427015727003e-05 -1.3951509784776434e-05 -2.574095626495453e-06 -2.553675177199871e-05 2.6081454922223223e-05 1.670569470014248e-05 1.387519581829649e-05 -1.8744611711990512e-05 -7.84979286067042e-06 2.1612317683934794e-05 -9.392007193812653e-06 4.973402003905061e-07 6.27749990957306e-06 -5.261483806344151e-06 2.6790396714226485e-05 -0.00024011599160400252 0.00033956508210609396 2.7131266097031957e-05 5.998937232242331e-06 -2.3124737222024378e-05 -1.47316533551919e-05 4.726187247928528e-06 1.3707394349917117e-05 0.0002753317993205574 1.2437419050519638e-05 1.8565030861119584e-05 -8.983482716190213e-06 -2.4483532204838873e-06 2.6042087542296118e-06 -9.73740367863925e-06 1.3091216808017529e-05 2.1254044957630923e-06 -1.9618362096023895e-05 4.401740792232615e-06 3.0007773957585074e-06 -2.0852585650226083e-06 -4.3645264370995493e-07 1.1378826695146035e-05 -1.1857892882138106e-05 -9.331252485145927e-06 -1.3434689642885393e-05 4.178557413255519e-06 9.720279687832512e-06 9.445633039603317e-07 8.600011833515974e-06 -4.683841657674742e-06 2.764484273121211e-06 1.5185885761205188e-05 -1.80549319276031e-05 7.395224150485845e-06 -1.8273756909451301e-06 -1.3818985816545944e-05 2.8319140514867955e-06 -1.0635499230410887e-05 1.432721355577923e-05 2.017609228914418e-06 -1.481865068006774e-05 1.2801041451172645e-05 -1.1173837602547581e-05 1.634165463599883e-06 4.62447710375393e-06 -3.552668793536995e-06 -2.2644874152559185e-05 3.1112737981231364e-05 3.8591502445708474e-06 6.9742306856004535e-06 1.9043032611931727e-05 -2.8177695877697275e-06 -1.5658895227454574e-05 2.302498038026493e-05 -1.6770742242795757e-05 8.143945716145186e-06 1.779508926907248e-05 9.277103260539961e-07 -1.746208822156098e-05 0.00011717456718689749 6.840810458321444e-06 1.4433838947322956e-05 3.3650629728762654e-06 5.0709741876284475e-06 -2.397279228233208e-06 3.270824363613554e-07 -3.699326408630068e-06 2.53368669074419e-05 1.7449775207548173e-05 -1.0620399500638718e-06 -3.802527575619603e-05 9.679304960577168e-06 -8.770769369977658e-06 -9.732905853779234e-06 1.3694971221054833e-05 2.131667030889101e-05 -1.0480785539331822e-05 -2.0690018002311888e-05 -4.162700779401161e-07 -2.0042357543258295e-05 2.8848664935904503e-05 -1.732666810133787e-06 -2.646272027364386e-06 -1.4024924327172884e-05 -4.9650476314481274e-06 2.715106276594661e-05 9.595979821305142e-06 2.4228741175920906e-05 -2.8157518643397172e-05 -1.118202113354175e-05 1.1312204022401905e-05 2.639930663396427e-05 -3.603741083601876e-06 -2.9987720895707532e-05 1.4550099518260169e-05 -1.8670148195203338e-05 -4.461436924977805e-05 1.5762931683081954e-05 1.8512068558581773e-05 2.149384475169561e-05 -1.787254702477047e-06 1.8907054721791446e-07 -4.496706794262724e-05 1.8266768843258997e-05 2.6511228552159868e-05 -2.5699906490015096e-06 8.201664770523469e-07 5.911040511566105e-06 -4.731889708926789e-06 1.8044625795914667e-06 1.1783505024550674e-06 -2.0688483043533477e-06 -2.974465674787694e-05 2.693582814110521e-05 1.1202427413542377e-06 4.131521592688562e-05 6.849372848274549e-06 6.9325420440736145e-06 -1.4362335556706318e-05 -7.98167031368826e-06 8.562090978021719e-06 6.633716496790648e-07 3.2894606196649615e-06 -1.35615962799656e-07 2.4900118364802736e-05 -4.0297920591637805e-07 -4.389371785367468e-06 4.105911717809231e-06 -3.5768381480138466e-06 5.087483585370648e-06 -1.3406928342741608e-05 1.4920201885479393e-05 -2.1054525367145906e-06 -2.9096724202945714e-05 -2.6891273139010853e-05 1.7694459070329477e-05 -1.1026353749776722e-05 -1.3885398777294838e-05 3.289748246091869e-05 1.2110841348372431e-06 -1.835224208905209e-05 5.765806828064076e-06 -9.463707654731789e-06 1.2600014389773173e-05 -1.1716782350675342e-05 -9.037938375233659e-06 9.509922129350783e-06 -1.195454939603258e-05 -9.040249675002114e-06 -2.2618968053659198e-07 3.8071751408672853e-06 -2.559231567270796e-05 4.3878633729553496e-05 -2.6196599574616e-05 4.329296057607629e-06 -1.4633651980231117e-05 -7.744371583332764e-06 2.1921431658806947e-05 1.4884521619861586e-05 1.9787584773536744e-06 -3.5898305096462746e-06 -1.639696367453927e-05 8.780521185705979e-07 2.4599382425821225e-06 7.07323837865228e-06 3.130187960889061e-06 7.993001679793917e-06 -2.783203447609034e-05 8.926491564262021e-06 7.782353271076244e-06 2.7821294100877153e-05 0.00019177976085606058 -0.00021982724463765968 3.5252209525772906e-06 2.1582482880593073e-06 -1.4570468087190349e-05 -1.3928305312252501e-05 2.300769265590614e-05 9.884433570394408e-07 3.107975620665228e-06 -3.6948899248201916e-06 8.197424872325025e-06 1.1204989305369403e-05 -4.3462291835094205e-06 -2.1140097461089164e-05 -7.891093376510776e-06 1.8206294911341805e-05 -5.653823894152674e-06 2.4903947441601663e-05 1.715470137864146e-05 -3.640482492607799e-05 -2.6964402465828013e-05 -3.4088120068058028e-06 -1.22468144715812e-05 6.529564608624527e-06 3.994795765788371e-06 -3.2772700959247703e-07 1.9425532146233614e-06 1.6276651209137533e-05 -3.6123143402027556e-06 -2.331710144923725e-05 -1.1710464859977507e-05 3.3715309417030294e-06 1.57631612808862e-05 -2.6015716137772975e-05 1.6529844598381736e-05 2.9164706737526906e-06 1.8269128242694737e-05 1.1133542443796339e-05 -3.738415275492766e-05 -7.3633678141976924e-06 1.0138076065660886e-05 2.8363161479679345e-05 -2.5777554839246498e-05 -5.360314891885255e-06 5.3929550609714425e-06 3.902667691859219e-06 2.424013023629172e-06 1.36433479877768e-05 1.139698466666475e-05 -1.4684857018803176e-05 1.7231951380039424e-05 -2.8371214449166804e-06 -7.848437043947509e-06 2.1804348410811405e-05 -9.08114551443622e-06 -1.5924884384914367e-05 -1.4153340345520428e-05 -2.2704636237407954e-05 -3.4418970781031472e-06 1.3356921084006156e-05 -4.257623173122583e-06 1.3883401772120736e-06 2.693012512473163e-06 -2.773600613411932e-05 -3.62601500513038e-06 7.643749291416165e-06 2.1025259335248422e-05 -1.4964340679401024e-06 -4.469829499406867e-05 4.266147212446689e-05 1.5143597873599372e-05 -1.161034093604358e-05 1.237784227421576e-06 -1.6673385714638995e-05 -1.3843713280041935e-05 1.0443130199084209e-05 8.779185280702545e-07 3.1848921088644415e-07 3.6761477934810606e-05 -4.196386071349014e-05 8.118853452364867e-06 3.7091824991961543e-06 7.319293060014242e-06 -6.567870161158598e-06 -1.1400298751215697e-06 -1.4752648660637643e-05 8.962060813216498e-06 -3.5598084606328097e-07 -4.1958578829546724e-06 1.5869569179889178e-05 2.450066488025147e-06 2.5608905263494103e-05 2.903770596946931e-05 -1.1947419972621744e-05 1.9070426147800635e-06 2.681375574616733e-06 -7.152918038577815e-05 -6.319314501619819e-05 0.0001301339072128438 1.8027042744554565e-05 -1.3138712993130024e-06 -8.373774176385766e-07 8.428315713834272e-06 -1.221774611231645e-06 4.005136799274415e-06 -3.134706034999507e-06 -2.4666756273815833e-05 -7.811655714672428e-06 1.2468907121286383e-05 -1.744806250429653e-05 4.2817353367254905e-05 -5.359785995789245e-06 -1.3833289156109542e-06 -2.1190333422591493e-06 2.3776642318845157e-05 0.0 -1.9642238090429556e-05 -6.6476429149890915e-06 3.4354301025251828e-06 2.141641897545284e-05 -4.326307248889716e-06 -8.104255029119278e-06 0.00014442272062466292 -4.49077022450394e-06 -0.00013182769537088956 -2.646272027378618e-06 -1.0379298979732022e-05 8.208544426294721e-06 -8.379830511027438e-06 1.8897445346289816e-05 -1.8534029502564856e-05 -2.045227641955583e-05 -1.14982774535234e-05 1.6215563713696626e-05 -1.939703090269829e-06 1.767469324965065e-05 1.954536390717565e-05 -2.3147825775991844e-05 -1.7772470584585702e-05 1.9019054944117238e-05 5.6376440872783075e-06 -5.155589990453273e-06 3.616829108213367e-05 8.716797859031079e-06 -7.892333915565246e-06 -5.026767436460265e-05 0.00021717256849875503 -1.0384472301942425e-05 1.0155806356051187e-05 1.4971054514279656e-05 -1.5497256075640043e-05 -3.0083424167120673e-06 1.4931528644732771e-05 -1.2117993528828138e-05 2.011659546488406e-05 9.568692514550782e-06 -5.2704979700047356e-06 1.740637595933896e-05 -1.5066862153298222e-05 1.0185884135470597e-05 -1.740078591129552e-05 -1.2394611454545815e-05 1.0535786717821696e-05 1.19477610196288e-05 -3.1145393606668974e-05 1.0056161616514219e-05 -9.603140741515096e-06 -2.4896182863426163e-05 3.257891361117976e-05 1.1989355748457761e-06 -1.0138882533321013e-05 1.2572162107803214e-06 -3.099603956184996e-06 -1.365814887741611e-05 -9.452470278652324e-06 2.3638635629390674e-06 -1.5003874208354556e-05 1.699004241866262e-06 -2.4564188469537872e-05 -9.1869834803086e-06 -7.023821735976609e-06 -1.948543518107102e-06 -1.2579106926135944e-05 -7.97874258375691e-06 2.192168641089177e-05 -9.58950592504512e-06 -2.0407674675557106e-06 -7.429782567339674e-06 2.0895672806162558e-05 5.533574290795893e-06 1.3324956544554153e-05 -2.5705500365646724e-06 -1.3157792837881682e-05 4.99987306250968e-06 -2.2760023783810047e-05 1.0192527115598103e-05 -2.230358491279775e-05 -5.619904453804572e-06 1.1295157836520762e-05 2.2390572128976157e-07 1.3623331506786765e-05 -1.4909444752420196e-05 -1.2768612509735793e-06 1.8253998443442767e-06 1.1474515959817105e-05 -3.562760330253523e-05 -3.111791979128206e-06 1.560647501214104e-05 5.778535628544576e-05 -2.3735731537762914e-05 3.810848023616089e-05 -2.1730914138299647e-05 -3.0001428814257182e-06 3.121583733567779e-05 1.1434438606823558e-07 -3.1577305458016095e-06 9.791097486256267e-06 6.992724438323255e-07 1.5008153735596123e-06 -1.0049880678056988e-05 -1.9848081615006613e-05 1.5757316196347044e-05 1.6109349395378567e-05 -1.3564432397328005e-06 2.279677930287523e-05 -1.0030261417801167e-06 -9.240557266372533e-06 3.7161036060250955e-06 -1.4931874973939601e-06 -4.273433113863534e-06 -6.245959537843768e-06 -1.2610633318933745e-05 2.8581455781425164e-05 -1.7824052262396265e-05 -5.542224537773293e-06 4.5244901826062585e-06 -5.858344502870528e-06 -2.5505252009621542e-05 4.1748235632111066e-05 -4.5130992435990166e-06 -1.0396030058588021e-05 -1.9140162239963844e-05 -0.00029326852552070276 -8.79526844072451e-06 1.2682872734240123e-05 -1.090381531994299e-05 1.2014069020976482e-05 9.441498349479545e-07 -2.4132962523836525e-05 -2.3163690310895155e-05 9.003779691428334e-06 -6.829313408654455e-06 1.8681736550877486e-06 2.52665559447225e-05 -2.3146296151743975e-06 -2.1133429852804524e-05 -2.4407056513361765e-05 -5.93235263189113e-06 -1.3396729647941984e-05 1.1531295833610352e-05 -8.721379941426499e-06 2.176101688872922e-05 -7.64898218027444e-06 -6.05364009124284e-06 -2.884567130605655e-05 1.1686206286499047e-05 1.653962962577414e-05 -2.1414639966143737e-05 -6.752808097460002e-06 1.0223381280260611e-05 9.282146441742815e-06 2.609651423854005e-07 -2.89366089929239e-05 7.833461436103462e-06 -4.4398312575584405e-05 -6.422601390539153e-06 1.579319296924706e-05 2.71942595608551e-05 -8.005762095890252e-06 6.88655400002473e-06 2.3988507027044876e-05 -2.1154781339166565e-05 1.7517642117756065e-06 -5.729114294983722e-06 -7.74801922464635e-06 1.4867061653015945e-05 -4.697276298230165e-06 1.0712513281113872e-06 -1.8403451536903204e-05 -9.729405782489344e-07 1.9819454832074692e-06 1.7942425406057502e-06 -1.4957353283373114e-05 -7.294593465965559e-06 2.5894786616634097e-06 9.058850083958948e-06 1.3496455797702642e-05 1.5386958533117472e-06 -3.3316391182663603e-06 1.5427709695016807e-05 -9.646004088756262e-06 -3.704813966182823e-07 1.832231351015657e-05 0.00019923007634353238 -4.640239126493376e-05 -3.16847450482967e-05 -8.438146209580593e-05 1.1364812013454976e-05 -3.6827516956393727e-05 2.4667175211782426e-05 -2.2191492016358907e-05 -4.389641379106105e-07 1.905032422067068e-05 2.297656296001346e-05 -1.6317760701963243e-05 -9.076111652906298e-08 -1.6378209117741276e-05 -5.836649257619426e-06 -1.119667327824683e-06 1.493094173382445e-05 -7.701625201541911e-06 -4.5356388653441775e-06 1.0472617126227877e-05 5.1441641792738885e-06 2.504884739219406e-05 5.9565815734013215e-06 -5.082750642075758e-07 6.117704114556684e-07 2.7393444824964576e-07 5.165086039958746e-06 2.4369636984221324e-06 -2.9466023789441464e-05 3.3132430782505025e-05 -6.103370691429734e-06 9.697940152893208e-06 -2.098941392284178e-05 2.252572413511673e-05 -1.8287459531320907e-05 -5.0669361357598276e-06 2.0555921247969636e-05 -2.9429549526051788e-05 -1.2744122691521783e-05 2.29430703748639e-05 -7.918217903421541e-06 9.909620039086141e-06 1.0972891015454379e-05 -8.011511260241555e-06 -4.9527818909576965e-06 -1.7874880268194683e-05 1.115265376615336e-06 1.1394574539029152e-05 2.5548490903803305e-05 -1.3536356214991056e-05 5.038126091810084e-06 -1.14522133191746e-05 -2.051902643208361e-07 -7.704245936211447e-06 -1.1974157826926849e-05 -4.21191223290733e-07 1.0177942237218066e-05 1.6468359810850418e-05 3.381742931802509e-05 4.469878013800143e-06 -1.8258627717994612e-05 -1.576764937671965e-05 -1.049764443140505e-05 2.9072223067437836e-06 7.960521943834671e-06 2.8273076586902874e-05 1.096054477854465e-05 -2.058270984584062e-05 -1.0120067698313287e-05 9.927611970585738e-06 2.0775165573499244e-05 4.351290788140356e-06 -4.269709346625038e-06 -2.4878893848526718e-05 2.6511089337225105e-05 7.030759743074981e-07 7.165672879758952e-06 -2.7097947284863915e-05 -4.876795593097451e-06 -2.36213715139939e-05 -3.4766941064104066e-06 -1.780035395875138e-07 -1.7258942326646861e-06 -1.2179308945258022e-05 -1.0648500937971283e-05 2.662639629809853e-05 -7.836586704696405e-06 -6.9576348572473995e-06 -2.4251634752363025e-05 1.990997875880467e-05 4.865425365388786e-06 9.790511192570805e-06 1.7556855762765513e-05 -2.20587216633409e-05 5.557173243864201e-06 1.5068602674411843e-05 -8.56494959928475e-06 1.3619509022291159e-06 -8.469638020561421e-07 1.3227684127171498e-06 -2.6014298052134777e-05 -4.630449388154094e-06 -7.959279302637555e-07 2.8984731173451177e-05 8.964328632908839e-06 -2.7733256872091164e-05 3.1797160374090887e-05 -1.6278189104631082e-05 -1.076594256467639e-05 3.3437293419638e-05 -0.0001518745159572498 0.00013792269550484478 -1.5566078519536067e-05 8.20363966866565e-06 2.967805051110458e-05 0.00014183882900770488 0.00024574793314115976 7.565565700228854e-06 -2.975941112281649e-06 -9.294359491233949e-06 1.2270300603517497e-05 2.7639365635105827e-06 6.581050953107995e-07 -8.303563151832157e-06 5.81485258848795e-06 -1.3964018890931512e-05 7.442201545494794e-08 1.9266920877293956e-05 -1.3535665926144255e-05 -1.0974325782118403e-05 -2.249293530317457e-05 -3.591652379474842e-06 -1.6861051664883583e-06 -4.598457863814834e-06 1.820540906951455e-06 -3.2873580440632678e-06 -9.669013861117078e-06 2.2865265144707658e-05 -3.0221526273642016e-05 1.654400515882698e-05 -9.014088214997653e-06 1.6257305656817097e-05 2.835984607379179e-06 -8.499647522322751e-06 1.0017455721750251e-05 4.0344680212453524e-06 2.2604236060289872e-05 2.4159027711302244e-05 -1.4348088441002145e-06 -1.200399972708401e-06 -2.8730401448200574e-05 2.6320220403711245e-05 1.1200917831742579e-05 -3.6897089478332987e-06 4.317559853722154e-06 2.397397294621987e-05 0.00014997909665508252 -7.136629833819976e-05 -4.7542777882156265e-06 -2.0731071512074015e-05 0.00013552161525233206 -0.00020532244998347073 1.9574121115479946e-05 -1.2451758625529037e-05 1.1566738475638764e-05 -1.868910096559985e-05 -2.1229471568184634e-05 8.443293906922461e-06 3.933923920877182e-07 -1.756521110529822e-05 -1.3438405734416228e-05 0.00027035828740164724 -0.00025875180966794905 -0.000251317207427614 0.00023058373934604714 -4.876926255701626e-06 4.5996077649501135e-07 1.6369571290869301e-06 8.316777013613864e-06 -2.1484703226466106e-05 -2.948209517676348e-06 -1.0727950309285235e-05 1.3465222617627607e-05 2.3165340094969035e-05 -5.211847093144542e-06 -1.5269920787968814e-06 -2.7755710186100304e-05 2.3326899119638097e-05 4.300249377107542e-06 0.00022541065553729155 8.320320005043204e-06 0.00014288410077684186 -7.279644087098868e-05 -6.932907831606179e-06 7.860028914356479e-06 -3.957174975211397e-06 1.773405810576473e-07 -3.561091402542745e-06 -2.720339725803224e-05 2.495958852067251e-05 -1.6160723238123254e-05 1.531610265944542e-05 7.0395117495367625e-06 -5.359209328862212e-07 8.615792414442689e-06 6.1497829004389445e-06 -4.006728977165285e-05 -1.4253435374138865e-05 1.3771341608892907e-05 5.584072276472702e-06 -6.667019941954738e-06 -3.065807100783281e-05 -1.0495024869619602e-05 -2.5256406847320694e-07 2.0196014568498102e-05 -2.4327550422583972e-05 -6.177915042448846e-06 -1.7647758494555425e-05 -2.9004447149634902e-06 -9.479233799494039e-06 -1.336529440723718e-05 -2.6689875392220764e-06 6.801979131084542e-06 -2.8113186721828774e-05 5.170587223565965e-06 -0.00013072551588407566 -1.852611625927731e-06 -3.613266640462348e-05 3.8901546880315067e-05 7.653117202456995e-06 -5.316949214532166e-06 -4.579453073588257e-06 8.420981093626788e-06 -2.501855423366678e-06 -1.4561048938508954e-05 -8.924291505517878e-06 9.345084545866782e-06 1.4509390195578213e-05 2.3426745963925476e-05 1.087002131617969e-06 -1.6972755605081904e-06 -2.101177523790997e-05 9.94001517699982e-07 3.3572892704847106e-06 2.6233286096598356e-06 -3.413274071525705e-05 3.638736125612685e-05 -4.877949150331745e-06 2.824566513259331e-05 6.21410346291115e-07 0.00026473085822551097 -0.00029534133663528526 -7.931512536094084e-06 -1.2438128959946834e-05 3.850069961895341e-05 -2.4791278841963107e-05 -1.0542689959330712e-05 6.844410440442772e-06 -2.2296835292116675e-06 -7.979764408713786e-06 2.0042078475016638e-05 1.248041652158796e-05 1.0843073555207465e-05 2.6113673677055854e-05 1.614104092839039e-05 0.00020492131208370534 4.362345625045751e-05 -7.270292908841988e-07 1.035617023418358e-05 1.5850446618563027e-05 8.830349648592753e-06 1.2218563633858445e-05 2.441071223087371e-08 4.613547770706052e-06 -7.776814405085372e-06 -1.543925843791522e-05 -8.609784778807582e-06 4.300436966574073e-06 5.330384749570442e-06 1.9443891987775228e-05 2.1118406782386e-06 -3.795797213636243e-06 1.171555767958351e-05 1.0359095337296638e-05 3.4953705438998704e-06 1.1182024358413226e-05 -3.1970917023584576e-06 4.0508811020147425e-06 -2.9393259786089218e-06 2.0204261490973533e-05 2.3433678831538465e-06 -3.609139557170855e-05 1.0787601185406724e-05 0.00012988032631254474 5.732051797920028e-06 -5.728224493839049e-05 -3.61204064111387e-05 -1.940066106069071e-06 3.347457360734093e-05 3.806084251695722e-06 -2.0892048479076547e-05 1.1126121223464384e-05 -8.408649852478282e-07 1.5453089276230467e-05 -1.766413352916048e-05 -7.197881155051055e-06 -2.041819333047591e-05 4.953315328201955e-06 -4.290039663195572e-06 -2.5549123273254515e-05 2.373729335142094e-05 2.707333848795024e-05 5.715699612824447e-06 1.5646951973814783e-05 -3.217336645675448e-06 7.197786163305525e-06 -1.709802340293303e-05 -1.7716548992653717e-05 -3.2265210050619857e-06 -2.8619758456895266e-05 3.618069712025685e-06 -1.3307716147684585e-05 -0.0001780178758875764 5.6044193415014095e-06 1.8478425621478303e-05 -1.4958243479360293e-05 8.715164069482554e-06 3.975936328944993e-06 -7.898584123965586e-06 1.758582602616451e-05 -5.5648802042708736e-05 0.00024155064035973346 -1.0171283232507836e-05 -0.0002486526362767082 5.0658178276363625e-06 4.315127405842242e-06 3.4295090330529694e-05 -1.569864890523713e-05 3.712359178524782e-06 1.2673931610802225e-05 2.7440714551581347e-06 -1.3210751153559597e-05 -7.0310456293637925e-06 2.263155151416531e-05 1.0497352588389464e-06 1.1647849211924717e-05 -3.103673965318996e-05 -3.126947927419968e-05 7.631696035981102e-06 1.0964644582320224e-05 -1.430857544200695e-05 -3.2498913187153993e-05 -1.5875145976310232e-05 -2.71891278111846e-05 -1.0876473335820536e-05 3.6655775770623352e-06 2.538101378944303e-05 -1.9677173107890566e-05 7.696466517988542e-06 -1.606954067405409e-06 -1.9946506631093355e-05 1.758064251511811e-05 -5.7290394728070875e-06 5.008969019418223e-05 1.5020030251842711e-05 -1.944413132921756e-05 3.2868412041504504e-06 -4.310551924089967e-06 -2.593587256288645e-06 8.979569657812083e-06 -6.385982401512214e-06 1.2288173549487474e-05 1.426695737053668e-06 -1.1124191693039215e-05 -4.757967884542338e-06 1.0022764984521673e-05 -2.2760363863752346e-05 -3.126300518410328e-06 2.212561304462184e-06 1.643067521884084e-05 1.990307887335066e-05 0.00040764537330332645 -0.00023762201668286258 1.5170949507222585e-05 -2.9711711919579787e-05 -3.3364887860580833e-05 4.08555283550623e-05 -1.1361219234310587e-05 -2.3473308901204824e-05 -1.8500031840751785e-05 -9.08089916157583e-06 -1.9919424156566925e-05 -8.130534158335021e-06 -1.1564865383195704e-05 -3.8969162374139944e-05 -1.705241236240452e-05 -1.346941366001008e-05 0.00024078781095147368 -1.0932267835056423e-05 -2.229369362394429e-06 -2.8082448769567002e-05 2.0477406137510037e-05 2.303782169240612e-06 3.0964187468556714e-05 -4.218324226363097e-06 -1.8209174706320353e-07 -1.837807711347259e-05 -1.2901657280861749e-05 1.219608303600726e-05 2.6503671829726186e-05 -1.0925802158352008e-05 -1.4084380074244727e-05 -4.173915317412452e-06 -1.129269165382097e-05 4.5508669327023004e-05 1.508828894873928e-05 2.693807367814385e-05 -3.165778357880824e-05 1.3749720579208032e-05 1.2304938987310255e-05 -3.6788964659699784e-05 -1.7691669234201117e-05 -1.56817093047578e-05 -2.8425225920966108e-05 -9.979912078632252e-06 -2.5065473617222485e-05 1.5578703446992048e-05 -5.437792442864669e-06 -9.784713255519865e-07 -0.00028450193245964004 0.00030134493034263403 4.019596531706077e-05 2.1953599930790343e-05 -1.545799323306756e-05 3.276202999616745e-05 1.9669773115791385e-05 2.489821431927851e-05 -1.2973525638251964e-05 2.1435480537849154e-06 -3.4414386656633793e-05 -4.1187739796760395e-07 -6.565712991521659e-06 4.231849434297022e-05 -2.5225875919388977e-06 -1.3361050820257475e-05 1.6419523843387702e-06 2.7341640282907743e-05 -2.0251092183967714e-05 5.008602381463358e-06 -8.309310326426315e-07 2.818915497558621e-05 2.456795257394996e-06 -1.9857938810217618e-05 1.2969705078201042e-05 -1.5477005018791953e-05 4.3927725682646815e-05 4.674265096201783e-06 -2.376393293392578e-05 7.88321911598961e-06 -2.2575801198877598e-05 1.2907534611917646e-05 2.8053036733307907e-05 -2.591551028970606e-05 2.6995358119469285e-05</DataArray>
</CellData><Points>
<DataArray type="Float64" Name="Points" format="ascii" NumberOfComponents="3">0.00642808 0.00850785 0.0115569 0.00576489 0.00726877 0.0106202 0.00642808 0.00850785 0.0115569 0.00724534 0.00889501 0.0128746 0.00642808 0.00850785 0.0115569 0.00678456 0.0090854 0.0100989 0.00642808 0.00850785 0.0115569 0.00471875 0.00913109 0.0110649 0.0120993 0.00865447 0.0127393 0.0124763 0.00736174 0.0132726 0.0120993 0.00865447 0.0127393 0.0132016 0.00778606 0.0117859 0.0120993 0.00865447 0.0127393 0.0108569 0.00800966 0.0136238 0.0120993 0.00865447 0.0127393 0.0112751 0.007498 0.0117824 0.0120993 0.00865447 0.0127393 0.0136924 0.00967478 0.0128075 0.0120993 0.00865447 0.0127393 0.0113447 0.0104497 0.0127523 0.0038046 0.0107001 0.00256378 0.00320212 0.0120724 0.00255199 0.0038046 0.0107001 0.00256378 0.00547346 0.0105125 0.00304888 0.0038046 0.0107001 0.00256378 0.0036057 0.0100285 0.000962276 0.0143451 0.0094767 0.00275256 0.0126963 0.00955662 0.00300749 0.0143451 0.0094767 0.00275256 0.0154837355204829 0.0105971 0.00228405 0.0143451 0.0094767 0.00275256 0.0149617 0.00820167 0.00403522 0.0151944 0.00208165 0.0146206 0.016078813520482897 0.00126421 0.0137264 0.007736 0.0137346 0.00683211 0.00903643 0.0146671 0.00725954 0.007736 0.0137346 0.00683211 0.00862737 0.012094 0.00754645 0.007736 0.0137346 0.00683211 0.00713026 0.0123607 0.00565307 0.00651416 0.00667835 0.00581867 0.00765947 0.00548718 0.0060739 0.00651416 0.00667835 0.00581867 0.00696398 0.00848199 0.00652405 0.00651416 0.00667835 0.00581867 0.00582758 0.00764958 0.00422724 0.00651416 0.00667835 0.00581867 0.00481886 0.00737393 0.00641349 0.00398258 0.00278295 0.00234325 0.0034855 0.00210203 0.000925726 0.00398258 0.00278295 0.00234325 0.00510559 0.00374798 0.00314021 0.00398258 0.00278295 0.00234325 0.00381303 0.00231532 0.00419777 0.00398258 0.00278295 0.00234325 0.0025344 0.00410395 0.00231367 0.00675508 0.0147449 0.00334001 0.00538414 0.0145883 0.0032387 0.00675508 0.0147449 0.00334001 0.00602244 0.0136649 0.00441463 0.00675508 0.0147449 0.00334001 0.00848536 0.0144564 0.00259723 0.00675508 0.0147449 0.00334001 0.00718199 0.0166450145204829 0.00348071 0.0082447 0.00308038 0.0102432 0.00747626 0.00212588 0.0110825 0.0082447 0.00308038 0.0102432 0.00776602 0.00353625 0.0115583 0.0082447 0.00308038 0.0102432 0.00849873 0.0039622 0.00877454 0.0082447 0.00308038 0.0102432 0.00941113 0.00185581 0.00988635 0.00471972 0.00882049 0.000690137 0.00595218 0.00766262 0.000932561 0.00471972 0.00882049 0.000690137 0.0036057 0.0100285 0.000962276 0.00471972 0.00882049 0.000690137 0.00619018 0.00963994 0.00094849 0.00471972 0.00882049 0.000690137 0.00394017 0.00738058 0.0011107 0.00888319 0.0084004 0.013332 0.00785714 0.0071001 0.0131874 0.00888319 0.0084004 0.013332 0.0081805 0.00930076 0.0145 0.00888319 0.0084004 0.013332 0.00988211 0.00886937 0.0121369 0.0146381 0.00632593 0.000671169 0.0154715845204829 0.00615217 0.00208788 0.0146381 0.00632593 0.000671169 0.014226 0.00472482 0.000984877 0.0146381 0.00632593 0.000671169 0.0147025 0.00818492 0.00123801 0.00343829 0.00039352 0.00114378 0.00476023 0.000881586 0.000707315 0.00343829 0.00039352 0.00114378 0.00349233 0.000608479 0.00286218 0.00343829 0.00039352 0.00114378 0.0034855 0.00210203 0.000925726 0.00343829 0.00039352 0.00114378 0.00178944 0.000732597 0.000931026 0.00343829 0.00039352 0.00114378 0.00448001 -0.0006893345204828992 0.00193932 0.0138119 0.00618114 0.00212578 0.0124094 0.00534538 0.00267498 0.0138119 0.00618114 0.00212578 0.0126742 0.00594535 0.0008902390000000001 0.0138119 0.00618114 0.00212578 0.0154715845204829 0.00615217 0.00208788 0.0138119 0.00618114 0.00212578 0.0142849 0.00590684 0.00397972 0.0138119 0.00618114 0.00212578 0.0124304 0.0075211 0.00234208 0.00114487 0.00491132 0.00496572 0.000828803 0.00498506 0.00335809 0.00114487 0.00491132 0.00496572 0.00189843 0.00440958 0.00657596 0.00114487 0.00491132 0.00496572 0.00153948 0.00316581 0.00432922 0.00114487 0.00491132 0.00496572 -2.003452048289934e-05 0.00587782 0.00611766 0.0047474 0.00718742 0.00263053 0.00522462 0.00873684 0.00237263 0.0047474 0.00718742 0.00263053 0.0044679 0.00606557 0.00387406 0.0047474 0.00718742 0.00263053 0.00394017 0.00738058 0.0011107 0.0047474 0.00718742 0.00263053 0.00582758 0.00764958 0.00422724 0.0047474 0.00718742 0.00263053 0.00581236 0.00563355 0.00235906 0.00906804 0.0109464 0.0142583 0.00973389 0.011808 0.0129043 0.00906804 0.0109464 0.0142583 0.0101396 0.00961159 0.0144233 0.00906804 0.0109464 0.0142583 0.00736227 0.0111036 0.0144012 0.0093147 0.00643334 0.0146206 0.0103195 0.00534655 0.0143771 0.00538414 0.0145883 0.0032387 0.00513577 0.016025990520482897 0.00398782 0.00538414 0.0145883 0.0032387 0.00602244 0.0136649 0.00441463 0.00538414 0.0145883 0.0032387 0.00448001 0.0146813 0.00193932 1.95902e-05 0.00795921 0.0102128 -0.0009440345204829005 0.0079746 0.00875573 1.95902e-05 0.00795921 0.0102128 -3.033452048290057e-05 0.0062501 0.010101 1.95902e-05 0.00795921 0.0102128 0.00145257 0.00825758 0.00934563 1.95902e-05 0.00795921 0.0102128 2.60976e-05 0.00873801 0.0117312 0.00304871 0.00577446 0.0100454 0.00178307 0.00675792 0.0103862 0.00304871 0.00577446 0.0100454 0.00377408 0.00683166 0.0111036 0.00304871 0.00577446 0.0100454 0.0020278 0.00498529 0.0115158 0.00304871 0.00577446 0.0100454 0.00355988 0.00416661 0.00930964 0.00304871 0.00577446 0.0100454 0.00170255 0.0056747 0.00857904 0.0117395 0.00256314 0.0125983 0.0121289 0.00392921 0.0121523 0.0117395 0.00256314 0.0125983 0.0105215 0.00201599 0.0115062 0.0117395 0.00256314 0.0125983 0.0130697 0.00150111 0.0123103 0.0117395 0.00256314 0.0125983 0.0115183 0.00376227 0.0141473 0.0116455 0.0062419 0.00848989 0.0125226 0.00613472 0.00736303 0.0116455 0.0062419 0.00848989 0.01049 0.00556438 0.00784145 0.0116455 0.0062419 0.00848989 0.0104842 0.00724447 0.00776731 0.0116455 0.0062419 0.00848989 0.011654 0.00590038 0.0103722 0.0116455 0.0062419 0.00848989 0.0122638 0.0081329 0.00856628 0.0116455 0.0062419 0.00848989 0.0119457 0.00436912 0.00802844 0.0125226 0.00613472 0.00736303 0.0132544 0.00572846 0.00619181 0.0125226 0.00613472 0.00736303 0.0136205 0.0073143 0.00685831 0.0125226 0.00613472 0.00736303 0.0119457 0.00436912 0.00802844 0.00519271 0.00279148 0.0127897 0.00441645 0.0039621 0.0126031 0.00519271 0.00279148 0.0127897 0.00612427 0.00316257 0.0113999 0.00519271 0.00279148 0.0127897 0.0068158 0.0024706 0.0130554 0.00519271 0.00279148 0.0127897 0.00497608 0.00301259 0.0144894 0.00519271 0.00279148 0.0127897 0.00412599 0.00137665 0.0135511 0.00712106 0.00778574 0.00212049 0.00773052 0.00657398 0.0029983 0.00712106 0.00778574 0.00212049 0.00797877 0.00864595 0.0009513590000000001 0.00712106 0.00778574 0.00212049 0.00595218 0.00766262 0.0009325610000000002 0.00712106 0.00778574 0.00212049 0.00690513 0.00912511 0.00303531 0.0147217 0.00314671 0.000656865 0.0152 0.00324794 0.002258 0.0147217 0.00314671 0.000656865 0.0146052 0.00152366 0.000981552 0.0147217 0.00314671 0.000656865 0.014226 0.00472482 0.000984877 0.0060996 0.0026863 0.0076389 0.00626333 0.00123138 0.00766311 0.0060996 0.0026863 0.0076389 0.00728531 0.00377232 0.00725612 0.0060996 0.0026863 0.0076389 0.00691204 0.00192774 0.00631137 0.0060996 0.0026863 0.0076389 0.0046864 0.00198534 0.00709852 0.00687267 0.00686366 0.0118414 0.00576489 0.00726877 0.0106202 0.00687267 0.00686366 0.0118414 0.00785714 0.0071001 0.0131874 0.00687267 0.00686366 0.0118414 0.0052169 0.00630149 0.0126848 0.00104496 0.00610336 0.0132362 0.000723907 0.00711535 0.0144783 0.00104496 0.00610336 0.0132362 0.000743884 0.00697877 0.0118942 0.00104496 0.00610336 0.0132362 0.00248377 0.00684551 0.0127929 0.00104496 0.00610336 0.0132362 0.000808613 0.00451802 0.0132018 0.00872168 0.000245843 0.00957164 0.00983209 0.000706351 0.00837825 0.00872168 0.000245843 0.00957164 0.00953731 -0.0011318345204829007 0.00907011 0.00872168 0.000245843 0.00957164 0.00688078 0.000682455 0.0098464 0.00872168 0.000245843 0.00957164 0.00968499 0.000123742 0.0112359 0.0113902 0.0148176 0.000693742 0.010259 0.0134597 0.00144291 0.0113902 0.0148176 0.000693742 0.012492 0.0163635835204829 0.00114957 0.0109401 0.00598879 0.00207743 0.0124094 0.00534538 0.00267498 0.0109401 0.00598879 0.00207743 0.00950729 0.00531824 0.0027431 0.0109401 0.00598879 0.00207743 0.00976117 0.00555904 0.0008826139999999999 0.0109401 0.00598879 0.00207743 0.0102437 0.00703721 0.00327557 0.000591021 0.00369357 0.0146665 0.000808613 0.00451802 0.0132018 0.00884155 0.000201353 0.00577441 0.0103971 0.000461611 0.00653278 0.00884155 0.000201353 0.00577441 0.00903643 -0.0007035345204828981 0.00725954 0.00884155 0.000201353 0.00577441 0.0071332 0.000289692 0.00540535 0.00476023 0.000881586 0.000707315 0.0059249 0.000529775 0.0019021 0.00663215 0.00466229 0.00508471 0.00743566 0.00555285 0.00430443 0.00663215 0.00466229 0.00508471 0.00765947 0.00548718 0.0060739 0.00663215 0.00466229 0.00508471 0.00669537 0.00331126 0.00402918 0.00663215 0.00466229 0.00508471 0.00543986 0.0033053 0.00565962 0.0137217 0.000933779 0.0052833 0.0145774 0.002348 0.00540449 0.0137217 0.000933779 0.0052833 0.0151459 0.00022372699999999995 0.00585751 0.0137217 0.000933779 0.0052833 0.0125685 0.000175611 0.0066453 0.0137217 0.000933779 0.0052833 0.0125441 -0.00017903452048289876 0.00423498 0.0152175 0.00973284 0.00518296 0.015983513520482898 0.0107583 0.00411286 0.0152175 0.00973284 0.00518296 0.0163428555204829 0.00881564 0.00581637 0.0152175 0.00973284 0.00518296 0.015059 0.0112615 0.00591321 0.0152175 0.00973284 0.00518296 0.0137886 0.0100446 0.00452193 0.0152175 0.00973284 0.00518296 0.0149617 0.00820167 0.00403522 0.0121289 0.00392921 0.0121523 0.0126913 0.00525232 0.0117669 0.0121289 0.00392921 0.0121523 0.0137409 0.00336556 0.0124953 0.0121289 0.00392921 0.0121523 0.0104415 0.00430726 0.0123536 0.00747626 0.00212588 0.0110825 0.00612427 0.00316257 0.0113999 0.00747626 0.00212588 0.0110825 0.00688078 0.000682455 0.0098464 0.00747626 0.00212588 0.0110825 0.00734542 0.000502808 0.0122207 0.00959909 0.0146924 0.0147973 0.0109032 0.0140394 0.0146512 0.00959909 0.0146924 0.0147973 0.00801187 0.0143065 0.0142808 0.00959909 0.0146924 0.0147973 0.00955411 0.0130539 0.0143898 0.00959909 0.0146924 0.0147973 0.00928815 0.015956502520482897 0.0135475 0.00880302 0.00231363 0.00266004 0.00735115 0.00306813 0.00234091 0.00880302 0.00231363 0.00266004 0.00926058 0.000847095 0.00340809 0.00880302 0.00231363 0.00266004 0.00896488 0.00348371 0.00109192 0.00880302 0.00231363 0.00266004 0.0105076 0.00253317 0.00351957 0.00880302 0.00231363 0.00266004 0.00827436 0.0011181 0.00121736 0.0108399 0.00979099 0.00501462 0.0121974 0.00963872 0.00462546 0.0108399 0.00979099 0.00501462 0.00951325 0.00989527 0.00399816 0.0108399 0.00979099 0.00501462 0.0102341 0.00818274 0.00486369 0.0108399 0.00979099 0.00501462 0.0110383 0.0114554 0.00601515 0.0152443 0.0149189 0.00987744 0.0152293 0.0140733 0.0112791 0.0152443 0.0149189 0.00987744 0.0158941635204829 0.0143598 0.00817114 0.0152443 0.0149189 0.00987744 0.0139369 0.016241898520482898 0.0103387 7.34972e-05 0.00202894 0.0107569 -0.00035633452048289933 0.00165537 0.0124054 7.34972e-05 0.00202894 0.0107569 -0.001306034520482899 0.00305028 0.0105996 7.34972e-05 0.00202894 0.0107569 0.00019657400000000003 0.00341294 0.0117453 7.34972e-05 0.00202894 0.0107569 0.00184386 0.00287322 0.0104712 7.34972e-05 0.00202894 0.0107569 0.00112582 0.00046080199999999996 0.0112606 7.34972e-05 0.00202894 0.0107569 -0.0014337345204828986 0.0008712640000000001 0.0103387 0.0136284 0.00513488 0.014764 0.01291 0.00518871 0.01337 0.0136284 0.00513488 0.014764 0.0135822 0.0067614 0.0144544 0.0136284 0.00513488 0.014764 0.0151685 0.00536127 0.0144686 0.0136284 0.00513488 0.014764 0.0138264 0.00348605 0.0144265 0.00342795 0.00320626 0.0117655 0.00441645 0.0039621 0.0126031 0.00342795 0.00320626 0.0117655 0.00249126 0.00181977 0.0122781 0.00313421 0.0152634 0.0115823 0.00407759 0.0149831 0.0126492 0.00313421 0.0152634 0.0115823 0.00298775 0.0138353 0.0114749 0.00313421 0.0152634 0.0115823 0.00235943 0.0154284015204829 0.013031 0.00313421 0.0152634 0.0115823 0.00315879 0.0165931245204829 0.0106055 0.0030031 0.00418865 0.0129802 0.00441645 0.0039621 0.0126031 0.0030031 0.00418865 0.0129802 0.00412831 0.00467065 0.014135 0.0030031 0.00418865 0.0129802 0.0020278 0.00498529 0.0115158 0.0124763 0.00736174 0.0132726 0.0116673 0.00645984 0.014457 0.0124763 0.00736174 0.0132726 0.0135822 0.0067614 0.0144544 0.0124763 0.00736174 0.0132726 0.0132016 0.00778606 0.0117859 0.00776602 0.00353625 0.0115583 0.00612427 0.00316257 0.0113999 0.00776602 0.00353625 0.0115583 0.00677204 0.00487074 0.0120359 0.00776602 0.00353625 0.0115583 0.00897892 0.00281207 0.0128746 0.00776602 0.00353625 0.0115583 0.00841102 0.00514422 0.0106263 0.0124548 0.00797211 0.0146631 0.0116673 0.00645984 0.014457 0.0124548 0.00797211 0.0146631 0.0135822 0.0067614 0.0144544 0.0124548 0.00797211 0.0146631 0.0121495 0.00959194 0.0144851 0.0050941 0.0111239 0.00699144 0.00385908 0.0108002 0.0058059 0.0050941 0.0111239 0.00699144 0.00511724 0.00951737 0.0063381 0.0050941 0.0111239 0.00699144 0.00647781 0.0117068 0.00785461 0.0050941 0.0111239 0.00699144 0.00469688 0.012697 0.00585677 0.00716683 0.0110802 0.003366 0.00721568 0.0127384 0.0028088 0.00716683 0.0110802 0.003366 0.00832534 0.0100535 0.0025497 0.00950464 0.0150695 0.000703828 0.010259 0.0134597 0.00144291 0.00950464 0.0150695 0.000703828 0.00827436 0.016488734520482898 0.00121736 0.00441645 0.0039621 0.0126031 0.00422143 0.00494412 0.0112467 0.00441645 0.0039621 0.0126031 0.00412831 0.00467065 0.014135 0.0118346 0.00377227 0.00248707 0.0120489 0.0023727 0.00237373 0.0118346 0.00377227 0.00248707 0.0124094 0.00534538 0.00267498 0.0118346 0.00377227 0.00248707 0.0113198 0.00435086 0.0009697429999999999 0.0118346 0.00377227 0.00248707 0.0109243 0.00459243 0.00368263 0.01049 0.00556438 0.00784145 0.0104842 0.00724447 0.00776731 0.01049 0.00556438 0.00784145 0.00907702 0.00590861 0.00849641 0.01049 0.00556438 0.00784145 0.0108148 0.00508339 0.00629971 0.01049 0.00556438 0.00784145 0.0101984 0.00474927 0.00934072 0.01049 0.00556438 0.00784145 0.0119457 0.00436912 0.00802844 0.00320212 0.0120724 0.00255199 0.00157798 0.0117964 0.00265549 0.00320212 0.0120724 0.00255199 0.00305434 0.0118805 0.000910314 0.00320212 0.0120724 0.00255199 0.00344688 0.0124205 0.0041732 0.00320212 0.0120724 0.00255199 0.00507167 0.0126107 0.00275389 0.0119568 0.000804158 0.0105054 0.0122499 0.00246253 0.0108017 0.0119568 0.000804158 0.0105054 0.0112442 -0.000247534520482898 0.00936431 0.0119568 0.000804158 0.0105054 0.0139369 0.000871264 0.0103387 0.0126913 0.00525232 0.0117669 0.01291 0.00518871 0.01337 0.0126913 0.00525232 0.0117669 0.0145916 0.00535797 0.0119365 0.0126913 0.00525232 0.0117669 0.011654 0.00590038 0.0103722 0.0132544 0.00572846 0.00619181 0.0139359 0.00478882 0.00740067 0.0132544 0.00572846 0.00619181 0.0120184 0.00601219 0.00474831 0.00476754 0.003067 0.0083478 0.0051907 0.0015143 0.00886946 0.00476754 0.003067 0.0083478 0.0046864 0.00198534 0.00709852 0.00476754 0.003067 0.0083478 0.00355988 0.00416661 0.00930964 0.00476754 0.003067 0.0083478 0.00531052 0.00490225 0.0078544 0.0054026 0.00607702 0.000617244 0.00595218 0.00766262 0.000932561 0.0054026 0.00607702 0.000617244 0.00581236 0.00563355 0.00235906 0.0109845 0.0115551 0.000593239 0.0121004 0.0125843 0.00108456 0.0109845 0.0115551 0.000593239 0.0093063 0.0111171 0.00116501 0.0109032 0.0140394 0.0146512 0.0121834 0.0133123 0.0146625 0.0109032 0.0140394 0.0146512 0.0119344 0.0153665 0.0143947 0.0109032 0.0140394 0.0146512 0.00955411 0.0130539 0.0143898 0.0109032 0.0140394 0.0146512 0.010313 0.014209 0.0130172 0.00263439 0.0140451 0.00553218 0.0036402 0.0141124 0.00692016 0.00263439 0.0140451 0.00553218 0.00145271 0.0146741 0.00409171 0.0103195 0.00534655 0.0143771 0.0116673 0.00645984 0.014457 0.0103195 0.00534655 0.0143771 0.0115183 0.00376227 0.0141473 0.000451424 0.00223555 0.00662947 -0.000793234520482899 0.002348 0.00540449 0.000451424 0.00223555 0.00662947 -0.00024923452048289965 0.00100641 0.00765941 0.000451424 0.00223555 0.00662947 0.00176818 0.00115621 0.00558012 0.00388685 0.00795318 0.00474142 0.00481886 0.00737393 0.00641349 0.00407759 0.0149831 0.0126492 0.00503467 0.0135817 0.0126119 0.00407759 0.0149831 0.0126492 0.00522488 0.0160332035204829 0.0118927 0.00407759 0.0149831 0.0126492 0.00412599 0.0167472845204829 0.0135511 0.000105943 0.00989516 0.000723643 -0.0008593345204829003 0.0112857 0.000925885 0.000105943 0.00989516 0.000723643 0.00160235 0.0106514 0.00111056 0.000105943 0.00989516 0.000723643 0.000113101 0.0105971 0.00228405 0.000105943 0.00989516 0.000723643 -0.0006681345204828995 0.00818492 0.00123801 0.0102795 0.00804677 0.00930903 0.0104842 0.00724447 0.00776731 0.00743566 0.00555285 0.00430443 0.00773052 0.00657398 0.0029983 0.0135132 0.012432 0.000571171 0.0145113 0.0112857 0.000925885 0.0135132 0.012432 0.000571171 0.0143459 0.0130042 0.00186624 0.0135132 0.012432 0.000571171 0.0121004 0.0125843 0.00108456 0.014937 0.00408346 0.00404732 0.015149 0.00272339 0.003847 0.014937 0.00408346 0.00404732 0.016199437520482897 0.00498506 0.00335809 0.014937 0.00408346 0.00404732 0.0141364 0.00420809 0.00555102 0.014937 0.00408346 0.00404732 0.0135226 0.00390524 0.00318762 0.014937 0.00408346 0.00404732 0.0142849 0.00590684 0.00397972 0.0033397 0.000505694 0.00463436 0.00426811 -0.0008763345204828985 0.00480766 0.0033397 0.000505694 0.00463436 0.00381303 0.00231532 0.00419777 0.0033397 0.000505694 0.00463436 0.00176818 0.00115621 0.00558012 0.00626333 0.00123138 0.00766311 0.00727229 -8.273452048289972e-05 0.00772848 0.00626333 0.00123138 0.00766311 0.0051907 0.0015143 0.00886946 0.00626333 0.00123138 0.00766311 0.00691204 0.00192774 0.00631137 0.00626333 0.00123138 0.00766311 0.00523691 6.615339999999992e-05 0.00651573 0.00626333 0.00123138 0.00766311 0.00803 0.00191715 0.00813368 0.0110366 0.0124823 0.0147233 0.0121834 0.0133123 0.0146625 0.0110366 0.0124823 0.0147233 0.0115632 0.0128513 0.0131418 0.0110366 0.0124823 0.0147233 0.00955411 0.0130539 0.0143898 0.000708179 0.00126421 0.0137264 -0.00035633452048289944 0.00165537 0.0124054 0.000708179 0.00126421 0.0137264 0.00114172 0.00272986 0.0132811 0.000708179 0.00126421 0.0137264 0.00215448 0.00130828 0.0144798 0.000708179 0.00126421 0.0137264 -2.343452048289888e-05 -0.000353234520482899 0.0132677 0.000336763 0.0015382 0.00441614 -0.00022163452048290023 0.00272339 0.003847 0.000336763 0.0015382 0.00441614 -0.0007932345204828987 0.002348 0.00540449 0.000336763 0.0015382 0.00441614 0.000463604 0.000912022 0.00263857 0.000336763 0.0015382 0.00441614 0.0017681799999999998 0.00115621 0.00558012 0.00658132 0.0141706 0.00595027 0.00602244 0.0136649 0.00441463 0.00658132 0.0141706 0.00595027 0.0071332 0.0156603265204829 0.00540535 0.00658132 0.0141706 0.00595027 0.00594435 0.0135187 0.00737792 0.00658132 0.0141706 0.00595027 0.00523691 0.015436787920482899 0.00651573 0.00658132 0.0141706 0.00595027 0.00713026 0.0123607 0.00565307 0.00298775 0.0138353 0.0114749 0.00318581 0.0121342 0.0115247 0.00298775 0.0138353 0.0114749 0.0014984 0.013833 0.0123168 0.00298775 0.0138353 0.0114749 0.0044427 0.0133303 0.0102963 0.00632399 0.00685793 0.00754821 0.00729476 0.00549434 0.00804527 0.00632399 0.00685793 0.00754821 0.00801185 0.0070882 0.00753446 0.00632399 0.00685793 0.00754821 0.00481886 0.00737393 0.00641349 0.00632399 0.00685793 0.00754821 0.00538035 0.00823318 0.00863834 0.0051708 0.00588628 0.0146532 0.0049364 0.00756964 0.0144406 0.0051708 0.00588628 0.0146532 0.00412831 0.00467065 0.014135 0.0051708 0.00588628 0.0146532 0.00665553 0.00664819 0.0144829 0.0051708 0.00588628 0.0146532 0.00647195 0.0044645 0.0141693 0.0120489 0.0023727 0.00237373 0.0117894 0.00120062 0.00318993 0.0120489 0.0023727 0.00237373 0.0130514 0.00315822 0.00121424 0.0120489 0.0023727 0.00237373 0.0105076 0.00253317 0.00351957 0.0120489 0.0023727 0.00237373 0.0136803 0.00170308 0.00316899 0.0120489 0.0023727 0.00237373 0.012492 0.000992949 0.00114957 0.00648743 0.00570669 0.0105456 0.00576489 0.00726877 0.0106202 0.00648743 0.00570669 0.0105456 0.00570029 0.00429995 0.0099142 0.00648743 0.00570669 0.0105456 0.00677204 0.00487074 0.0120359 0.00545978 0.014784 0.00063816 0.00709037 0.0146145 0.000975623 0.00545978 0.014784 0.00063816 0.0059249 0.015900409520482897 0.0019021 0.00545978 0.014784 0.00063816 0.00448001 0.0146813 0.00193932 0.0121974 0.00963872 0.00462546 0.0126963 0.00955662 0.00300749 0.0121974 0.00963872 0.00462546 0.0137886 0.0100446 0.00452193 0.0121974 0.00963872 0.00462546 0.0120023 0.011198 0.00403426 0.0121974 0.00963872 0.00462546 0.0119684 0.00855953 0.00616842 0.0117894 0.00120062 0.00318993 0.01118 -0.00020783452048289816 0.00247191 0.0117894 0.00120062 0.00318993 0.0105076 0.00253317 0.00351957 0.0117894 0.00120062 0.00318993 0.0125441 -0.0001790345204828992 0.00423498 0.0117894 0.00120062 0.00318993 0.0136803 0.00170308 0.00316899 0.015149 0.00272339 0.003847 0.0152 0.00324794 0.002258 0.015149 0.00272339 0.003847 0.0145774 0.002348 0.00540449 0.015149 0.00272339 0.003847 0.016910114520482897 0.00316581 0.00432922 0.015149 0.00272339 0.003847 0.0136803 0.00170308 0.00316899 0.0121834 0.0133123 0.0146625 0.0115632 0.0128513 0.0131418 0.0121834 0.0133123 0.0146625 0.0135592 0.0139428 0.0140031 0.0121834 0.0133123 0.0146625 0.0129791 0.0116038 0.0140791 0.00288108 0.0121096 0.00625359 0.00385908 0.0108002 0.0058059 0.00288108 0.0121096 0.00625359 0.00185408 0.0127452 0.00742254 0.00288108 0.0121096 0.00625359 0.00163981 0.0111401 0.00566453 0.00288108 0.0121096 0.00625359 0.00469688 0.012697 0.00585677 0.0149719 0.00873799 0.0144021 0.0146434 0.00736965 0.0130213 0.0149719 0.00873799 0.0144021 0.016094541520482897 0.00711535 0.0144783 0.0149719 0.00873799 0.0144021 0.016580514520482897 0.0102617 0.0142644 0.0149719 0.00873799 0.0144021 0.0136924 0.00967478 0.0128075 0.0127055 0.00193101 0.014197 0.0108048 0.00177202 0.0144656 0.0127055 0.00193101 0.014197 0.0138264 0.00348605 0.0144265 0.0127055 0.00193101 0.014197 0.0138295 0.000428952 0.0144737 0.0127055 0.00193101 0.014197 0.0130697 0.00150111 0.0123103 0.0127055 0.00193101 0.014197 0.0115183 0.00376227 0.0141473 0.00349233 0.000608479 0.00286218 0.00513577 0.000655356 0.00398782 0.00349233 0.000608479 0.00286218 0.00226883 0.00200538 0.00263243 0.00349233 0.000608479 0.00286218 0.00330325 -0.0013260345204828988 0.00321184 0.00349233 0.000608479 0.00286218 0.00448001 -0.0006893345204828999 0.00193932 0.00349233 0.000608479 0.00286218 0.00381303 0.00231532 0.00419777 0.00630069 0.00889598 0.0144732 0.00724534 0.00889501 0.0128746 0.00630069 0.00889598 0.0144732 0.0049364 0.00756964 0.0144406 0.00630069 0.00889598 0.0144732 0.00503906 0.00972852 0.0133084 0.00630069 0.00889598 0.0144732 0.0081805 0.00930076 0.0145 0.0109769 0.0088394 0.00329251 0.0126963 0.00955662 0.00300749 0.0109769 0.0088394 0.00329251 0.0102437 0.00703721 0.00327557 0.0109769 0.0088394 0.00329251 0.00951325 0.00989527 0.00399816 0.0109769 0.0088394 0.00329251 0.0102341 0.00818274 0.00486369 0.0109769 0.0088394 0.00329251 0.0107826 0.00871986 0.00112619 0.0109769 0.0088394 0.00329251 0.0124304 0.0075211 0.00234208 0.00359955 0.00444787 0.00414164 0.00510559 0.00374798 0.00314021 0.00359955 0.00444787 0.00414164 0.0044679 0.00606557 0.00387406 0.00359955 0.00444787 0.00414164 0.00381303 0.00231532 0.00419777 0.00359955 0.00444787 0.00414164 0.00291337 0.00617532 0.00523942 0.00359955 0.00444787 0.00414164 0.0025344 0.00410395 0.00231367 0.000612879 0.0107583 0.00411286 0.00114143 0.00918656 0.00303807 0.000612879 0.0107583 0.00411286 0.00163981 0.0111401 0.00566453 0.000612879 0.0107583 0.00411286 0.000113101 0.0105971 0.00228405 0.000612879 0.0107583 0.00411286 0.00228035 0.00975156 0.00448468 0.00459402 0.00248742 0.01045 0.00612427 0.00316257 0.0113999 0.00459402 0.00248742 0.01045 0.0051907 0.0015143 0.00886946 0.00459402 0.00248742 0.01045 0.00340058 0.00207828 0.00890818 0.00459402 0.00248742 0.01045 0.00315879 0.00122249 0.0106055 0.0115632 0.0128513 0.0131418 0.010313 0.014209 0.0130172 0.0115632 0.0128513 0.0131418 0.0129791 0.0116038 0.0140791 0.00314374 0.0135208 0.00857812 0.00291804 0.0148848 0.0098456 0.00314374 0.0135208 0.00857812 0.00481986 0.0145587 0.0085124 0.00314374 0.0135208 0.00857812 0.0036402 0.0141124 0.00692016 0.00314374 0.0135208 0.00857812 0.00271373 0.0120634 0.00967147 0.00314374 0.0135208 0.00857812 0.00185408 0.0127452 0.00742254 0.00314374 0.0135208 0.00857812 0.0044427 0.0133303 0.0102963 0.0116673 0.00645984 0.014457 0.0135822 0.0067614 0.0144544 0.0116673 0.00645984 0.014457 0.0112957 0.00589602 0.0126544 0.0116673 0.00645984 0.014457 0.0108569 0.00800966 0.0136238 0.0131763 0.00988071 0.000898644 0.0145113 0.0112857 0.000925885 0.0131763 0.00988071 0.000898644 0.0128122 0.0112068 0.0021899 0.00426811 0.0144943 0.00480766 0.00513577 0.016025990520482897 0.00398782 0.00426811 0.0144943 0.00480766 0.00602244 0.0136649 0.00441463 0.00426811 0.0144943 0.00480766 0.00330325 0.0140446 0.00321184 0.00426811 0.0144943 0.00480766 0.00523691 0.015436787920482899 0.00651573 0.00426811 0.0144943 0.00480766 0.00469688 0.012697 0.00585677 0.0103971 0.000461611 0.00653278 0.00903643 -0.0007035345204828992 0.00725954 0.0103971 0.000461611 0.00653278 0.0104228 0.00010174899999999999 0.0046259 0.0103971 0.000461611 0.00653278 0.00951605 0.00182187 0.00539654 0.0103971 0.000461611 0.00653278 0.00983209 0.000706351 0.00837825 0.0103971 0.000461611 0.00653278 0.011473 0.00151206 0.00528904 0.0103971 0.000461611 0.00653278 0.0125685 0.000175611 0.0066453 0.00513577 0.000655356 0.00398782 0.00381303 0.00231532 0.00419777 0.00513577 0.000655356 0.00398782 0.00718199 0.00127438 0.00348071 0.00602244 0.0136649 0.00441463 0.00469688 0.012697 0.00585677 0.00602244 0.0136649 0.00441463 0.00507167 0.0126107 0.00275389 0.00602244 0.0136649 0.00441463 0.00713026 0.0123607 0.00565307 0.00895987 0.00900926 0.010238 0.0082748 0.00793143 0.0115784 0.00895987 0.00900926 0.010238 0.00956266 0.0105886 0.0112571 0.00895987 0.00900926 0.010238 0.00885139 0.0103862 0.00889722 0.00895987 0.00900926 0.010238 0.00887705 0.00858119 0.00832694 0.00895987 0.00900926 0.010238 0.0105315 0.00993773 0.00969085 0.0145113 0.0112857 0.000925885 0.0143459 0.0130042 0.00186624 0.0145113 0.0112857 0.000925885 0.015483735520482898 0.0105971 0.00228405 0.0145774 0.002348 0.00540449 0.0141364 0.00420809 0.00555102 0.0113308 0.000629478 0.0126435 0.0119344 -4.134520482898464e-06 0.0143947 0.0113308 0.000629478 0.0126435 0.0105215 0.00201599 0.0115062 0.0113308 0.000629478 0.0126435 0.0130697 0.00150111 0.0123103 0.0113308 0.000629478 0.0126435 0.00928815 0.000585868 0.0135475 0.0113308 0.000629478 0.0126435 0.00968499 0.00012374200000000004 0.0112359 0.0146804 0.0150619 0.00401224 0.0151459 0.015594361520482899 0.00585751 0.0146804 0.0150619 0.00401224 0.016823344520482897 0.0146741 0.00409171 0.0146804 0.0150619 0.00401224 0.0158342385204829 0.0162826565204829 0.00263857 0.0146804 0.0150619 0.00401224 0.0125441 0.0151916 0.00423498 0.000169673 0.00386857 0.00771047 -0.00020253452048289922 0.00243641 0.00905256 0.000169673 0.00386857 0.00771047 -0.0014347345204829003 0.00478882 0.00740067 0.000169673 0.00386857 0.00771047 -0.0013986345204828996 0.00284911 0.00740244 0.000169673 0.00386857 0.00771047 0.00182052 0.00317139 0.00835747 0.000169673 0.00386857 0.00771047 0.00189843 0.00440958 0.00657596 0.01291 0.00518871 0.01337 0.0112957 0.00589602 0.0126544 0.01291 0.00518871 0.01337 0.0145916 0.00535797 0.0119365 0.01291 0.00518871 0.01337 0.0115183 0.00376227 0.0141473 0.00291804 0.0148848 0.0098456 0.00156243 0.0136422 0.0104332 0.00291804 0.0148848 0.0098456 0.00471216 0.015556649520482899 0.0101438 0.00291804 0.0148848 0.0098456 0.00315879 0.0165931245204829 0.0106055 0.00291804 0.0148848 0.0098456 0.00154428 0.016396204520482897 0.00893272 0.00291804 0.0148848 0.0098456 0.0044427 0.0133303 0.0102963 0.00612427 0.00316257 0.0113999 0.0068158 0.0024706 0.0130554 0.00612427 0.00316257 0.0113999 0.00570029 0.00429995 0.0099142 0.00612427 0.00316257 0.0113999 0.00677204 0.00487074 0.0120359 0.0119344 0.0153665 0.0143947 0.0138295 0.015799586520482897 0.0144737 0.00849873 0.0039622 0.00877454 0.00728531 0.00377232 0.00725612 0.00849873 0.0039622 0.00877454 0.0101984 0.00474927 0.00934072 0.00849873 0.0039622 0.00877454 0.00803 0.0019171500000000003 0.00813368 0.00849873 0.0039622 0.00877454 0.00841102 0.00514422 0.0106263 0.00414308 0.0108907 0.00987264 0.00271373 0.0120634 0.00967147 0.00414308 0.0108907 0.00987264 0.00575756 0.0103835 0.00910492 0.00414308 0.0108907 0.00987264 0.00471875 0.00913109 0.0110649 0.0133251 0.0013226 0.00832908 0.013972 0.00284911 0.00740244 0.0133251 0.0013226 0.00832908 0.0115077 0.00159732 0.00886629 0.0133251 0.0013226 0.00832908 0.0130235 -0.0005775345204828994 0.00869147 0.0133251 0.0013226 0.00832908 0.0151214 0.00100641 0.00765941 0.0133251 0.0013226 0.00832908 0.0125685 0.000175611 0.0066453 0.0133251 0.0013226 0.00832908 0.0139369 0.000871264 0.0103387 0.00903643 0.0146671 0.00725954 0.00727229 0.0152879 0.00772848 0.00903643 0.0146671 0.00725954 0.00983209 0.0160769855204829 0.00837825 0.00903643 0.0146671 0.00725954 0.00953731 0.0142388 0.00907011 0.00903643 0.0146671 0.00725954 0.0110317 0.0137621 0.00714598 0.00990198 0.00386862 0.0051087 0.00856074 0.00385222 0.00367811 0.00990198 0.00386862 0.0051087 0.00904781 0.00434845 0.00675362 0.00990198 0.00386862 0.0051087 0.0109243 0.00459243 0.00368263 0.00990198 0.00386862 0.0051087 0.00810737 0.00319921 0.00549928 0.00990198 0.00386862 0.0051087 0.0108148 0.00508339 0.00629971 0.00990198 0.00386862 0.0051087 0.00981007 0.0057611 0.00472362 0.00990198 0.00386862 0.0051087 0.0105076 0.00253317 0.00351957 0.00632861 0.00218587 0.000957778 0.00735115 0.00306813 0.00234091 0.00632861 0.00218587 0.000957778 0.00644745 0.00414381 0.000923519 0.00632861 0.00218587 0.000957778 0.0059249 0.0005297750000000001 0.0019021 0.00632861 0.00218587 0.000957778 0.00827436 0.0011181 0.00121736 0.0151681 0.00243641 0.00905256 0.0140646 0.00305028 0.0105996 0.0151681 0.00243641 0.00905256 0.0151214 0.00100641 0.00765941 0.0151681 0.00243641 0.00905256 0.0169149145204829 0.00102557 0.00893272 0.002795 0.00216464 0.00708972 0.00383769 0.00376969 0.00689636 0.002795 0.00216464 0.00708972 0.00340058 0.00207828 0.00890818 0.002795 0.00216464 0.00708972 0.00182052 0.00317139 0.00835747 0.002795 0.00216464 0.00708972 0.0046864 0.00198534 0.00709852 0.002795 0.00216464 0.00708972 0.00176818 0.00115621 0.00558012 0.00160235 0.0106514 0.00111056 0.00157798 0.0117964 0.00265549 0.00160235 0.0106514 0.00111056 0.0019295 0.00880535 0.000912114 0.00160235 0.0106514 0.00111056 0.00305434 0.0118805 0.000910314 0.00160235 0.0106514 0.00111056 0.000113101 0.0105971 0.00228405 0.0146434 0.00736965 0.0130213 0.0135822 0.0067614 0.0144544 0.0146434 0.00736965 0.0130213 0.0132016 0.00778606 0.0117859 0.0146434 0.00736965 0.0130213 0.0161145185204829 0.00697877 0.0118942 0.00773052 0.00657398 0.0029983 0.0087166 0.00827627 0.0030866 0.00773052 0.00657398 0.0029983 0.00778184 0.00489267 0.00217096 0.00773052 0.00657398 0.0029983 0.00828353 0.00727223 0.00496835 0.00773052 0.00657398 0.0029983 0.00581236 0.00563355 0.00235906 7.4763e-05 0.00778924 0.00720976 -0.0010598345204828991 0.0093607 0.00678585 7.4763e-05 0.00778924 0.00720976 0.000972221 0.00881564 0.00581637 7.4763e-05 0.00778924 0.00720976 -0.0017501345204828987 0.0073143 0.00685831 7.4763e-05 0.00778924 0.00720976 -0.0009440345204828999 0.0079746 0.00875573 7.4763e-05 0.00778924 0.00720976 -0.0004424345204828986 0.00619856 0.00822222 7.4763e-05 0.00778924 0.00720976 0.00136078 0.00911386 0.00767383 7.4763e-05 0.00778924 0.00720976 0.00163158 0.00715132 0.00648452 7.4763e-05 0.00778924 0.00720976 -2.003452048289873e-05 0.00587782 0.00611766 0.00943146 0.00825565 0.00655298 0.0104842 0.00724447 0.00776731 0.00943146 0.00825565 0.00655298 0.00887705 0.00858119 0.00832694 0.00943146 0.00825565 0.00655298 0.00931009 0.0100658 0.00589331 0.00943146 0.00825565 0.00655298 0.0102341 0.00818274 0.00486369 0.00943146 0.00825565 0.00655298 0.0105831 0.00973625 0.0076542 0.00943146 0.00825565 0.00655298 0.00828353 0.00727223 0.00496835 0.0124094 0.00534538 0.00267498 0.0126742 0.00594535 0.0008902390000000001 0.0124094 0.00534538 0.00267498 0.0109243 0.00459243 0.00368263 0.0124094 0.00534538 0.00267498 0.0135226 0.00390524 0.00318762 0.0124094 0.00534538 0.00267498 0.0120184 0.00601219 0.00474831 0.0124094 0.00534538 0.00267498 0.0124304 0.0075211 0.00234208 0.00108485 0.0109495 0.00743019 0.00185408 0.0127452 0.00742254 0.00108485 0.0109495 0.00743019 0.00163981 0.0111401 0.00566453 0.00108485 0.0109495 0.00743019 0.00136078 0.00911386 0.00767383 0.00108485 0.0109495 0.00743019 0.000643536 0.0121825 0.00913069 0.0150143 0.00165537 0.0124054 0.015567208520482899 0.00341294 0.0117453 0.0150143 0.00165537 0.0124054 0.0130697 0.00150111 0.0123103 0.0150143 0.00165537 0.0124054 0.0153472 -0.00035323452048289876 0.0132677 0.0150143 0.00165537 0.0124054 0.0164964545204829 0.00046080199999999996 0.0112606 0.0113198 0.00435086 0.000969743 0.00976117 0.00555904 0.000882614 0.00383769 0.00376969 0.00689636 0.0046864 0.00198534 0.00709852 0.00383769 0.00376969 0.00689636 0.00189843 0.00440958 0.00657596 0.00383769 0.00376969 0.00689636 0.00543986 0.0033053 0.00565962 0.00383769 0.00376969 0.00689636 0.00531052 0.00490225 0.0078544 0.0126742 0.00594535 0.000890239 0.014226 0.00472482 0.000984877 0.0126742 0.00594535 0.000890239 0.0124304 0.0075211 0.00234208 0.00710293 0.010668 0.0111149 0.00832651 0.0120425 0.01158 0.00710293 0.010668 0.0111149 0.00825001 0.0104969 0.0127088 0.00710293 0.010668 0.0111149 0.00678456 0.0090854 0.0100989 0.00710293 0.010668 0.0111149 0.00618524 0.0120356 0.0100569 0.00710293 0.010668 0.0111149 0.00516618 0.0113635 0.0119059 0.00709037 0.0146145 0.000975623 0.00626685 0.012874 0.000932133 0.00709037 0.0146145 0.000975623 0.0059249 0.015900409520482897 0.0019021 0.00709037 0.0146145 0.000975623 0.00820256 0.0129883 0.000946395 0.00709037 0.0146145 0.000975623 0.00848536 0.0144564 0.00259723 0.00709037 0.0146145 0.000975623 0.00827436 0.016488734520482898 0.00121736 0.00729476 0.00549434 0.00804527 0.00728531 0.00377232 0.00725612 0.00729476 0.00549434 0.00804527 0.00907702 0.00590861 0.00849641 0.00729476 0.00549434 0.00804527 0.00801185 0.0070882 0.00753446 0.00729476 0.00549434 0.00804527 0.00531052 0.00490225 0.0078544 0.0104842 0.00724447 0.00776731 0.0093738 0.00623714 0.00657983 0.0104842 0.00724447 0.00776731 0.0122638 0.0081329 0.00856628 0.0151685 0.00536127 0.0144686 0.016094541520482897 0.00711535 0.0144783 0.0151685 0.00536127 0.0144686 0.0161792475204829 0.00451802 0.0132018 0.00157987 0.01251 0.0044061 0.00157798 0.0117964 0.00265549 0.00157987 0.01251 0.0044061 0.00163981 0.0111401 0.00566453 0.00157987 0.01251 0.0044061 0.00344688 0.0124205 0.0041732 0.00157987 0.01251 0.0044061 0.00012185400000000002 0.0130619 0.00335798 0.00157987 0.01251 0.0044061 0.000514979 0.013522 0.00595212 0.00157987 0.01251 0.0044061 0.00145271 0.0146741 0.00409171 0.00728531 0.00377232 0.00725612 0.00904781 0.00434845 0.00675362 0.00728531 0.00377232 0.00725612 0.00803 0.00191715 0.00813368 0.01118 0.0151628 0.00247191 0.010259 0.0134597 0.00144291 0.01118 0.0151628 0.00247191 0.0125441 0.0151916 0.00423498 0.01118 0.0151628 0.00247191 0.012492 0.0163635835204829 0.00114957 0.00576489 0.00726877 0.0106202 0.00474007 0.00600619 0.00963439 0.00576489 0.00726877 0.0106202 0.00471875 0.00913109 0.0110649 0.00576489 0.00726877 0.0106202 0.00771188 0.00720945 0.00962506 0.00576489 0.00726877 0.0106202 0.00538035 0.00823318 0.00863834 0.00191343 0.0115388 0.012716 0.00275783 0.00989707 0.0127836 0.00191343 0.0115388 0.012716 0.00105243 0.0127564 0.0138245 0.00191343 0.0115388 0.012716 0.00318581 0.0121342 0.0115247 0.00191343 0.0115388 0.012716 0.00120988 0.0102617 0.0142644 0.00191343 0.0115388 0.012716 0.00164589 0.0106312 0.0108291 0.00191343 0.0115388 0.012716 0.00311149 0.0130622 0.0135005 0.00907702 0.00590861 0.00849641 0.0093738 0.00623714 0.00657983 0.00907702 0.00590861 0.00849641 0.00801185 0.0070882 0.00753446 0.00907702 0.00590861 0.00849641 0.0101984 0.00474927 0.00934072 0.00907702 0.00590861 0.00849641 0.00771188 0.00720945 0.00962506 0.00221881 0.0049519 0.0143908 0.00340822 0.00643307 0.0144436 0.00221881 0.0049519 0.0143908 0.00412831 0.00467065 0.014135 0.00221881 0.0049519 0.0143908 0.0008086130000000001 0.00451802 0.0132018 0.00221881 0.0049519 0.0143908 0.00295663 0.00310211 0.014387 0.00727229 0.0152879 0.00772848 0.00803 0.0172877845204829 0.00813368 0.00727229 0.0152879 0.00772848 0.00735919 0.0135396 0.00900875 0.0135199 0.013753 0.0105038 0.0135002 0.0149674 0.0120801 0.0135199 0.013753 0.0105038 0.0152293 0.0140733 0.0112791 0.0135199 0.013753 0.0105038 0.0141554 0.0132524 0.00879329 0.0135199 0.013753 0.0105038 0.0135119 0.0119519 0.0117016 0.0135199 0.013753 0.0105038 0.0116199 0.0141183 0.0112712 0.00275783 0.00989707 0.0127836 0.00361209 0.0102634 0.014452 0.00275783 0.00989707 0.0127836 0.00120988 0.0102617 0.0142644 0.00275783 0.00989707 0.0127836 0.00242373 0.00847047 0.0113119 0.00797877 0.00864595 0.000951359 0.00922304 0.00722764 0.00160011 0.00724534 0.00889501 0.0128746 0.00785714 0.0071001 0.0131874 0.00724534 0.00889501 0.0128746 0.0082748 0.00793143 0.0115784 0.00724534 0.00889501 0.0128746 0.00825001 0.0104969 0.0127088 0.00724534 0.00889501 0.0128746 0.0081805 0.00930076 0.0145 0.0034855 0.00210203 0.000925726 0.00160414 0.00270943 0.000925566 0.0122499 0.00246253 0.0108017 0.0105215 0.00201599 0.0115062 0.0122499 0.00246253 0.0108017 0.0140646 0.00305028 0.0105996 0.0122499 0.00246253 0.0108017 0.0130697 0.00150111 0.0123103 0.00385908 0.0108002 0.0058059 0.00511724 0.00951737 0.0063381 0.00385908 0.0108002 0.0058059 0.00557679 0.0110766 0.0048687 0.00385908 0.0108002 0.0058059 0.00431948 0.00961847 0.00434437 0.00385908 0.0108002 0.0058059 0.00469688 0.012697 0.00585677 0.00385908 0.0108002 0.0058059 0.00303804 0.00891027 0.00633279 0.00218061 0.0152605 0.00718053 0.0036402 0.0141124 0.00692016 0.00218061 0.0152605 0.00718053 0.00154428 0.016396204520482897 0.00893272 0.00218061 0.0152605 0.00718053 0.000523529 0.0143598 0.00817114 0.00218061 0.0152605 0.00718053 0.00176818 0.0165268445204829 0.00558012 0.000828803 0.00498506 0.00335809 0.00010095000000000004 0.00615217 0.00208788 0.000828803 0.00498506 0.00335809 0.0024157 0.0064872 0.00284784 0.000828803 0.00498506 0.00335809 0.0025344 0.00410395 0.00231367 0.000828803 0.00498506 0.00335809 0.00153948 0.00316581 0.00432922 0.000828803 0.00498506 0.00335809 -0.001085734520482899 0.00590684 0.00397972 0.00474007 0.00600619 0.00963439 0.00570029 0.00429995 0.0099142 0.00474007 0.00600619 0.00963439 0.00422143 0.00494412 0.0112467 0.00474007 0.00600619 0.00963439 0.00377408 0.00683166 0.0111036 0.00474007 0.00600619 0.00963439 0.00355988 0.00416661 0.00930964 0.00474007 0.00600619 0.00963439 0.00531052 0.00490225 0.0078544 0.00361209 0.0102634 0.014452 0.00503906 0.00972852 0.0133084 0.0051907 0.0015143 0.00886946 0.00340058 0.00207828 0.00890818 0.0051907 0.0015143 0.00886946 0.00471216 0.00018601499999999988 0.0101438 0.0051907 0.0015143 0.00886946 0.0046864 0.00198534 0.00709852 0.0051907 0.0015143 0.00886946 0.00688078 0.000682455 0.0098464 0.0071332 0.000289692 0.00540535 0.00803015 -0.0012096345204828985 0.00469963 0.0071332 0.000289692 0.00540535 0.00691204 0.00192774 0.00631137 0.0071332 0.000289692 0.00540535 0.00523691 6.61534e-05 0.00651573 0.0071332 0.000289692 0.00540535 0.00718199 0.00127438 0.00348071 0.00990878 0.00355141 0.0107222 0.00941113 0.00185581 0.00988635 0.00990878 0.00355141 0.0107222 0.0105215 0.00201599 0.0115062 0.00990878 0.00355141 0.0107222 0.0104415 0.00430726 0.0123536 0.00990878 0.00355141 0.0107222 0.0101984 0.00474927 0.00934072 0.00990878 0.00355141 0.0107222 0.00841102 0.00514422 0.0106263 0.00511724 0.00951737 0.0063381 0.00303804 0.00891027 0.00633279 0.00511724 0.00951737 0.0063381 0.00696398 0.00848199 0.00652405 0.00511724 0.00951737 0.0063381 0.00481886 0.00737393 0.00641349 0.0128122 0.0112068 0.0021899 0.0126963 0.00955662 0.00300749 0.0128122 0.0112068 0.0021899 0.0142295 0.0115992 0.00344742 0.0128122 0.0112068 0.0021899 0.0121004 0.0125843 0.00108456 0.0128122 0.0112068 0.0021899 0.0125849 0.0131023 0.00308891 0.0093738 0.00623714 0.00657983 0.00904781 0.00434845 0.00675362 0.0093738 0.00623714 0.00657983 0.0108148 0.00508339 0.00629971 0.0093738 0.00623714 0.00657983 0.00801185 0.0070882 0.00753446 0.0093738 0.00623714 0.00657983 0.00765947 0.00548718 0.0060739 0.0093738 0.00623714 0.00657983 0.00981007 0.0057611 0.00472362 0.0093738 0.00623714 0.00657983 0.00828353 0.00727223 0.00496835 0.00856074 0.00385222 0.00367811 0.00735115 0.00306813 0.00234091 0.00856074 0.00385222 0.00367811 0.00950729 0.00531824 0.0027431 0.00856074 0.00385222 0.00367811 0.00810737 0.00319921 0.00549928 0.00856074 0.00385222 0.00367811 0.00778184 0.00489267 0.00217096 0.00856074 0.00385222 0.00367811 0.00669537 0.00331126 0.00402918 0.0122758 0.00402915 0.00589032 0.0108148 0.00508339 0.00629971 0.0122758 0.00402915 0.00589032 0.0124649 0.00288382 0.00443676 0.0122758 0.00402915 0.00589032 0.0141364 0.00420809 0.00555102 0.0122758 0.00402915 0.00589032 0.012188 0.00235102 0.00687822 0.0122758 0.00402915 0.00589032 0.0119457 0.00436912 0.00802844 0.00337737 0.00876701 0.00936048 0.00145257 0.00825758 0.00934563 0.00337737 0.00876701 0.00936048 0.0026358 0.00762499 0.008011 0.00337737 0.00876701 0.00936048 0.00242373 0.00847047 0.0113119 0.00337737 0.00876701 0.00936048 0.00471875 0.00913109 0.0110649 0.00337737 0.00876701 0.00936048 0.00538035 0.00823318 0.00863834 0.00277602 0.00828761 0.0144299 0.00340822 0.00643307 0.0144436 0.00277602 0.00828761 0.0144299 0.00129943 0.00838052 0.013152 0.00277602 0.00828761 0.0144299 0.00394746 0.00815388 0.0128663 0.000762585 0.012471 0.000988134 0.00157798 0.0117964 0.00265549 0.000762585 0.012471 0.000988134 0.00239954 0.0139779 0.00124672 0.000762585 0.012471 0.000988134 0.00011765799999999998 0.0146009 0.00108614 0.00803015 0.014161 0.00469963 0.00916124 0.0131605 0.00583499 0.00803015 0.014161 0.00469963 0.00848536 0.0144564 0.00259723 0.00803015 0.014161 0.00469963 0.00713026 0.0123607 0.00565307 0.010837 0.00238834 0.000978925 0.00896488 0.00348371 0.00109192 0.010837 0.00238834 0.000978925 0.012492 0.000992949 0.00114957 0.0130514 0.00315822 0.00121424 0.014226 0.00472482 0.000984877 0.0130514 0.00315822 0.00121424 0.012492 0.000992949 0.00114957 0.00226883 0.00200538 0.00263243 0.00160414 0.00270943 0.0009255660000000001 0.00226883 0.00200538 0.00263243 0.00381303 0.00231532 0.00419777 0.00226883 0.00200538 0.00263243 0.00046360400000000006 0.000912022 0.00263857 0.00226883 0.00200538 0.00263243 0.0025344 0.00410395 0.00231367 0.00226883 0.00200538 0.00263243 0.00153948 0.00316581 0.00432922 0.0143459 0.0130042 0.00186624 0.0130288 0.0142907 0.00127578 0.0143459 0.0130042 0.00186624 0.015492488520482899 0.0130619 0.00335798 0.0143459 0.0130042 0.00186624 0.0125849 0.0131023 0.00308891 0.0143459 0.0130042 0.00186624 0.015488292520482899 0.0146009 0.00108614 0.0113945 0.00918114 0.0110881 0.0112751 0.007498 0.0117824 0.0113945 0.00918114 0.0110881 0.00988211 0.00886937 0.0121369 0.0113945 0.00918114 0.0110881 0.0105315 0.00993773 0.00969085 0.0113945 0.00918114 0.0110881 0.013205 0.0096047 0.0101858 0.0113945 0.00918114 0.0110881 0.0113447 0.0104497 0.0127523 0.00340058 0.00207828 0.00890818 0.00315879 0.00122249 0.0106055 0.00340058 0.00207828 0.00890818 0.00182052 0.00317139 0.00835747 0.00340058 0.00207828 0.00890818 0.00154428 0.00102557 0.00893272 0.00340058 0.00207828 0.00890818 0.00355988 0.00416661 0.00930964 0.00510559 0.00374798 0.00314021 0.00669537 0.00331126 0.00402918 0.00510559 0.00374798 0.00314021 0.00381303 0.00231532 0.00419777 0.00510559 0.00374798 0.00314021 0.00581236 0.00563355 0.00235906 0.015285 0.0111339 0.0128545 0.014913 0.0104445 0.0111223 0.015285 0.0111339 0.0128545 0.0148463 0.013001 0.0128949 0.015285 0.0111339 0.0128545 0.0149747 0.011962 0.014563 0.015285 0.0111339 0.0128545 0.0156773655204829 0.0122418 0.0112997 0.015285 0.0111339 0.0128545 0.016580514520482897 0.0102617 0.0142644 0.015285 0.0111339 0.0128545 0.0136924 0.00967478 0.0128075 0.00506782 0.011307 0.000981164 0.00626685 0.012874 0.000932133 0.00506782 0.011307 0.000981164 0.0036057 0.0100285 0.000962276 0.00506782 0.011307 0.000981164 0.00507167 0.0126107 0.00275389 0.00458494 0.0121472 0.00832696 0.00647781 0.0117068 0.00785461 0.00973389 0.011808 0.0129043 0.00832651 0.0120425 0.01158 0.00973389 0.011808 0.0129043 0.00825001 0.0104969 0.0127088 0.00973389 0.011808 0.0129043 0.00809245 0.0125786 0.0133384 0.00973389 0.011808 0.0129043 0.00955411 0.0130539 0.0143898 0.00973389 0.011808 0.0129043 0.0113447 0.0104497 0.0127523 0.00756106 0.0104983 0.00655701 0.00931009 0.0100658 0.00589331 0.00756106 0.0104983 0.00655701 0.00862737 0.012094 0.00754645 0.00756106 0.0104983 0.00655701 0.00696398 0.00848199 0.00652405 0.00756106 0.0104983 0.00655701 0.00713026 0.0123607 0.00565307 0.0143108 0.0093607 0.00678585 0.0131264 0.0108219 0.00615458 0.0135592 0.0139428 0.0140031 0.0148463 0.013001 0.0128949 0.0135592 0.0139428 0.0140031 0.0138295 0.015799586520482897 0.0144737 0.0135592 0.0139428 0.0140031 0.0153472 0.0150174 0.0132677 0.0126963 0.00955662 0.00300749 0.0137886 0.0100446 0.00452193 0.0126963 0.00955662 0.00300749 0.0124304 0.0075211 0.00234208 0.0142843 0.0111854 0.0077088 0.015059 0.0112615 0.00591321 0.0142843 0.0111854 0.0077088 0.0131264 0.0108219 0.00615458 0.0142843 0.0111854 0.0077088 0.0139652 0.011549 0.00961442 0.0142843 0.0111854 0.0077088 0.0127891 0.0124106 0.00728079 0.0142843 0.0111854 0.0077088 0.0153591 0.00988822 0.00913232 0.00481986 0.0145587 0.0085124 0.00471216 0.015556649520482899 0.0101438 0.00481986 0.0145587 0.0085124 0.00594435 0.0135187 0.00737792 0.00481986 0.0145587 0.0085124 0.00523691 0.015436787920482899 0.00651573 0.00481986 0.0145587 0.0085124 0.0044427 0.0133303 0.0102963 0.00832651 0.0120425 0.01158 0.00825001 0.0104969 0.0127088 0.00832651 0.0120425 0.01158 0.00956266 0.0105886 0.0112571 0.00832651 0.0120425 0.01158 0.00809245 0.0125786 0.0133384 0.00832651 0.0120425 0.01158 0.00669621 0.012899 0.0119763 0.00832651 0.0120425 0.01158 0.00961837 0.0133659 0.0114878 0.00832651 0.0120425 0.01158 0.00938518 0.0122062 0.00975363 0.000972221 0.00881564 0.00581637 0.00136078 0.00911386 0.00767383 0.000972221 0.00881564 0.00581637 0.00163158 0.00715132 0.00648452 0.000972221 0.00881564 0.00581637 0.00303804 0.00891027 0.00633279 0.0142295 0.0115992 0.00344742 0.0137886 0.0100446 0.00452193 0.0142295 0.0115992 0.00344742 0.015483735520482898 0.0105971 0.00228405 0.0142295 0.0115992 0.00344742 0.015492488520482899 0.0130619 0.00335798 0.0142295 0.0115992 0.00344742 0.0136709 0.012812 0.00521727 0.00235943 5.7767e-05 0.013031 0.00249126 0.00181977 0.0122781 0.00235943 5.7767e-05 0.013031 0.00174303 -0.0009626345204828987 0.0144996 0.00235943 5.7767e-05 0.013031 0.00363212 -0.0004659345204828995 0.0144471 0.00235943 5.7767e-05 0.013031 0.0014984 -0.0015376345204828996 0.0123168 0.00235943 5.7767e-05 0.013031 0.00215448 0.00130828 0.0144798 0.00235943 5.7767e-05 0.013031 0.00112582 0.000460802 0.0112606 0.00941113 0.00185581 0.00988635 0.0105215 0.00201599 0.0115062 0.00941113 0.00185581 0.00988635 0.00983209 0.000706351 0.00837825 0.00941113 0.00185581 0.00988635 0.00803 0.00191715 0.00813368 0.00941113 0.00185581 0.00988635 0.00968499 0.00012374200000000004 0.0112359 0.0104228 0.000101749 0.0046259 0.011473 0.00151206 0.00528904 0.0104228 0.000101749 0.0046259 0.00926058 0.000847095 0.00340809 0.0104228 0.000101749 0.0046259 0.010859 -0.0019739345204829 0.00462973 0.0104228 0.000101749 0.0046259 0.0125441 -0.00017903452048289957 0.00423498 0.0135229 0.00702473 0.0101026 0.0144266 0.0079746 0.00875573 0.0135229 0.00702473 0.0101026 0.0132016 0.00778606 0.0117859 0.0135229 0.00702473 0.0101026 0.0153403 0.0062501 0.010101 0.0135229 0.00702473 0.0101026 0.0136999 0.00490313 0.00957165 0.0135229 0.00702473 0.0101026 0.011654 0.00590038 0.0103722 0.0112957 0.00589602 0.0126544 0.00963464 0.00696761 0.0126039 0.0112957 0.00589602 0.0126544 0.0112751 0.007498 0.0117824 0.0112957 0.00589602 0.0126544 0.0104415 0.00430726 0.0123536 0.0049364 0.00756964 0.0144406 0.00340822 0.00643307 0.0144436 0.0049364 0.00756964 0.0144406 0.00394746 0.00815388 0.0128663 0.0049364 0.00756964 0.0144406 0.00665553 0.00664819 0.0144829 0.0049364 0.00756964 0.0144406 0.0052169 0.00630149 0.0126848 0.0136205 0.0073143 0.00685831 0.0119684 0.00855953 0.00616842 0.0112442 0.0151231 0.00936431 0.00983209 0.016076985520482902 0.00837825 0.0112442 0.0151231 0.00936431 0.00953731 0.0142388 0.00907011 0.0112442 0.0151231 0.00936431 0.0115077 0.0169679545204829 0.00886629 0.0112442 0.0151231 0.00936431 0.0130235 0.0147931 0.00869147 0.0112442 0.0151231 0.00936431 0.0116199 0.0141183 0.0112712 0.00904781 0.00434845 0.00675362 0.00810737 0.00319921 0.00549928 0.00904781 0.00434845 0.00675362 0.0108148 0.00508339 0.00629971 0.00904781 0.00434845 0.00675362 0.00765947 0.00548718 0.0060739 0.00904781 0.00434845 0.00675362 0.0101882 0.00279413 0.00767581 0.0135002 0.0149674 0.0120801 0.0130697 0.0168717445204829 0.0123103 0.0135002 0.0149674 0.0120801 0.0153472 0.0150174 0.0132677 0.0135002 0.0149674 0.0120801 0.0116199 0.0141183 0.0112712 0.0135002 0.0149674 0.0120801 0.0139369 0.016241898520482898 0.0103387 0.00522462 0.00873684 0.00237263 0.00547346 0.0105125 0.00304888 0.00522462 0.00873684 0.00237263 0.00595218 0.00766262 0.0009325610000000002 0.00522462 0.00873684 0.00237263 0.00690513 0.00912511 0.00303531 0.00522462 0.00873684 0.00237263 0.00619018 0.00963994 0.00094849 0.00522462 0.00873684 0.00237263 0.00316401 0.00880036 0.00268753 0.00522462 0.00873684 0.00237263 0.00582758 0.00764958 0.00422724 0.014913 0.0104445 0.0111223 0.0156773655204829 0.0122418 0.0112997 0.014913 0.0104445 0.0111223 0.0153967321204829 0.00873801 0.0117312 0.014913 0.0104445 0.0111223 0.013205 0.0096047 0.0101858 0.014913 0.0104445 0.0111223 0.0135119 0.0119519 0.0117016 0.014913 0.0104445 0.0111223 0.017016524520482898 0.0106312 0.0108291 0.014913 0.0104445 0.0111223 0.0136924 0.00967478 0.0128075 0.014913 0.0104445 0.0111223 0.0153591 0.00988822 0.00913232 0.00735115 0.00306813 0.00234091 0.00644745 0.00414381 0.000923519 0.00735115 0.00306813 0.00234091 0.00778184 0.00489267 0.00217096 0.00735115 0.00306813 0.00234091 0.00669537 0.00331126 0.00402918 0.00735115 0.00306813 0.00234091 0.00896488 0.00348371 0.00109192 0.00735115 0.00306813 0.00234091 0.00718199 0.00127438 0.00348071 0.00785714 0.0071001 0.0131874 0.0082748 0.00793143 0.0115784 0.00785714 0.0071001 0.0131874 0.00963464 0.00696761 0.0126039 0.00785714 0.0071001 0.0131874 0.00665553 0.00664819 0.0144829 0.00785714 0.0071001 0.0131874 0.00860279 0.00512653 0.0132643 0.0105215 0.00201599 0.0115062 0.00968499 0.00012374200000000004 0.0112359 0.0105215 0.00201599 0.0115062 0.00897892 0.00281207 0.0128746 0.00951605 0.00182187 0.00539654 0.00810737 0.00319921 0.00549928 0.00951605 0.00182187 0.00539654 0.011473 0.00151206 0.00528904 0.00951605 0.00182187 0.00539654 0.0105076 0.00253317 0.00351957 0.0109243 0.00459243 0.00368263 0.00950729 0.00531824 0.0027431 0.0109243 0.00459243 0.00368263 0.00981007 0.0057611 0.00472362 0.0109243 0.00459243 0.00368263 0.0120184 0.00601219 0.00474831 0.0109243 0.00459243 0.00368263 0.0105076 0.00253317 0.00351957 0.0068158 0.0024706 0.0130554 0.00746183 0.00136169 0.0144675 0.0068158 0.0024706 0.0130554 0.00897892 0.00281207 0.0128746 0.0068158 0.0024706 0.0130554 0.00734542 0.000502808 0.0122207 0.00983209 0.000706351 0.00837825 0.00953731 -0.0011318345204829007 0.00907011 0.00983209 0.000706351 0.00837825 0.0115077 0.00159732 0.00886629 0.00983209 0.000706351 0.00837825 0.00803 0.00191715 0.00813368 0.00983209 0.000706351 0.00837825 0.0101882 0.00279413 0.00767581 0.00691204 0.00192774 0.00631137 0.00810737 0.00319921 0.00549928 0.00691204 0.00192774 0.00631137 0.00803 0.00191715 0.00813368 0.00691204 0.00192774 0.00631137 0.00543986 0.0033053 0.00565962 0.00157798 0.0117964 0.00265549 0.000113101 0.0105971 0.00228405 0.0107588 0.0118515 0.00812805 0.0124525 0.010881 0.00851007 0.0107588 0.0118515 0.00812805 0.00862737 0.012094 0.00754645 0.0107588 0.0118515 0.00812805 0.0110383 0.0114554 0.00601515 0.0107588 0.0118515 0.00812805 0.00938518 0.0122062 0.00975363 0.0107588 0.0118515 0.00812805 0.0105831 0.00973625 0.0076542 0.0107588 0.0118515 0.00812805 0.0110317 0.0137621 0.00714598 0.0121495 0.00959194 0.0144851 0.0129791 0.0116038 0.0140791 0.0121495 0.00959194 0.0144851 0.0113447 0.0104497 0.0127523 0.0148463 0.013001 0.0128949 0.0152293 0.0140733 0.0112791 0.0148463 0.013001 0.0128949 0.0149747 0.011962 0.014563 0.0148463 0.013001 0.0128949 0.0156773655204829 0.0122418 0.0112997 0.0148463 0.013001 0.0128949 0.0164230645204829 0.0127564 0.0138245 0.0148463 0.013001 0.0128949 0.0153472 0.0150174 0.0132677 0.0148463 0.013001 0.0128949 0.0135119 0.0119519 0.0117016 0.00950729 0.00531824 0.0027431 0.00976117 0.00555904 0.0008826139999999999 0.00950729 0.00531824 0.0027431 0.0102437 0.00703721 0.00327557 0.00950729 0.00531824 0.0027431 0.00778184 0.00489267 0.00217096 0.0019295 0.00880535 0.000912114 0.00137881 0.00697169 0.000945343 0.0019295 0.00880535 0.000912114 0.00316401 0.00880036 0.00268753 0.00570029 0.00429995 0.0099142 0.00355988 0.00416661 0.00930964 0.00570029 0.00429995 0.0099142 0.00531052 0.00490225 0.0078544 0.0108048 0.00177202 0.0144656 0.00928815 0.000585868 0.0135475 0.0108048 0.00177202 0.0144656 0.0115183 0.00376227 0.0141473 0.00922304 0.00722764 0.00160011 0.00976117 0.00555904 0.000882614 0.00922304 0.00722764 0.00160011 0.0102437 0.00703721 0.00327557 0.00922304 0.00722764 0.00160011 0.00751908 0.00646591 0.000975791 0.00922304 0.00722764 0.00160011 0.0087166 0.00827627 0.0030866 0.00922304 0.00722764 0.00160011 0.0107826 0.00871986 0.00112619 0.0036402 0.0141124 0.00692016 0.00523691 0.015436787920482899 0.00651573 0.0036402 0.0141124 0.00692016 0.00469688 0.012697 0.00585677 0.0140646 0.00305028 0.0105996 0.015567208520482899 0.00341294 0.0117453 0.0140646 0.00305028 0.0105996 0.0137409 0.00336556 0.0124953 0.0140646 0.00305028 0.0105996 0.0136999 0.00490313 0.00957165 0.0140646 0.00305028 0.0105996 0.0139369 0.0008712640000000001 0.0103387 0.0082748 0.00793143 0.0115784 0.00963464 0.00696761 0.0126039 0.0082748 0.00793143 0.0115784 0.00988211 0.00886937 0.0121369 0.0082748 0.00793143 0.0115784 0.00973717 0.00701289 0.0106164 0.0082748 0.00793143 0.0115784 0.00771188 0.00720945 0.00962506 0.00347083 0.00594539 0.00734052 0.0026358 0.00762499 0.008011 0.00347083 0.00594539 0.00734052 0.00291337 0.00617532 0.00523942 0.00347083 0.00594539 0.00734052 0.00481886 0.00737393 0.00641349 0.00347083 0.00594539 0.00734052 0.00531052 0.00490225 0.0078544 0.00347083 0.00594539 0.00734052 0.00170255 0.0056747 0.00857904 0.00825001 0.0104969 0.0127088 0.00956266 0.0105886 0.0112571 0.00156243 0.0136422 0.0104332 -0.00014133452048289974 0.0140733 0.0112791 0.00156243 0.0136422 0.0104332 0.0014984 0.013833 0.0123168 0.00156243 0.0136422 0.0104332 0.000643536 0.0121825 0.00913069 0.015059 0.0112615 0.00591321 0.0131264 0.0108219 0.00615458 0.015059 0.0112615 0.00591321 0.0170104445204829 0.0111401 0.00566453 0.015059 0.0112615 0.00591321 0.0136709 0.012812 0.00521727 0.00956266 0.0105886 0.0112571 0.00988211 0.00886937 0.0121369 0.00956266 0.0105886 0.0112571 0.0105315 0.00993773 0.00969085 0.00956266 0.0105886 0.0112571 0.011457 0.0116409 0.0106625 0.00956266 0.0105886 0.0112571 0.00938518 0.0122062 0.00975363 0.00305434 0.0118805 0.000910314 0.00437708 0.0132627 0.000825399 0.00305434 0.0118805 0.000910314 0.0036057 0.0100285 0.000962276 0.00305434 0.0118805 0.000910314 0.00239954 0.0139779 0.00124672 0.00746183 0.00136169 0.0144675 0.00928815 0.000585868 0.0135475 0.00746183 0.00136169 0.0144675 0.00592822 -0.00019283452048289964 0.0141206 0.0152293 0.0140733 0.0112791 0.0156773655204829 0.0122418 0.0112997 0.0152293 0.0140733 0.0112791 0.016869034520482898 0.013833 0.0123168 0.0152293 0.0140733 0.0112791 0.0153472 0.0150174 0.0132677 0.0152293 0.0140733 0.0112791 0.0164964545204829 0.015831436520482897 0.0112606 0.0130288 0.0142907 0.00127578 0.0121004 0.0125843 0.00108456 0.0130288 0.0142907 0.00127578 0.0125849 0.0131023 0.00308891 0.0130288 0.0142907 0.00127578 0.012492 0.0163635835204829 0.00114957 0.00160414 0.00270943 0.000925566 0.00178944 0.0007325970000000002 0.000931026 0.00160414 0.00270943 0.000925566 0.0025344 0.00410395 0.00231367 0.00916124 0.0131605 0.00583499 0.00862737 0.012094 0.00754645 0.00916124 0.0131605 0.00583499 0.010859 0.0133967 0.00462973 0.00916124 0.0131605 0.00583499 0.00892523 0.0119805 0.00400558 0.00916124 0.0131605 0.00583499 0.00713026 0.0123607 0.00565307 0.00330325 0.0140446 0.00321184 0.00344688 0.0124205 0.0041732 0.00330325 0.0140446 0.00321184 0.00448001 0.0146813 0.00193932 0.00330325 0.0140446 0.00321184 0.00145271 0.0146741 0.00409171 0.00330325 0.0140446 0.00321184 0.00239954 0.0139779 0.0012467200000000002 0.00976117 0.00555904 0.000882614 0.00896488 0.00348371 0.00109192 0.00271373 0.0120634 0.00967147 0.00318581 0.0121342 0.0115247 0.00271373 0.0120634 0.00967147 0.00164589 0.0106312 0.0108291 0.00271373 0.0120634 0.00967147 0.0006435360000000001 0.0121825 0.00913069 0.00271373 0.0120634 0.00967147 0.0044427 0.0133303 0.0102963 0.00340822 0.00643307 0.0144436 0.00248377 0.00684551 0.0127929 0.00340822 0.00643307 0.0144436 0.00412831 0.00467065 0.014135 0.000830039 0.00455496 0.000974736 -0.001144634520482898 0.00472482 0.000984877 0.000830039 0.00455496 0.000974736 0.0025344 0.00410395 0.00231367 0.0144266 0.0079746 0.00875573 0.0149282 0.00619856 0.00822222 0.0144266 0.0079746 0.00875573 0.0122638 0.0081329 0.00856628 0.0144266 0.0079746 0.00875573 0.0153591 0.00988822 0.00913232 0.00471216 0.000186015 0.0101438 0.00607853 -0.0008844345204828992 0.0111045 0.00471216 0.000186015 0.0101438 0.00522488 0.000662569 0.0118927 0.00471216 0.000186015 0.0101438 0.00315879 0.0012224899999999997 0.0106055 0.00471216 0.000186015 0.0101438 0.00688078 0.000682455 0.0098464 0.00471216 0.000186015 0.0101438 0.0044427 -0.002040334520482899 0.0102963 0.0132016 0.00778606 0.0117859 0.0112751 0.007498 0.0117824 0.0132016 0.00778606 0.0117859 0.0136924 0.00967478 0.0128075 0.00659062 0.00956595 0.00478995 0.00557679 0.0110766 0.0048687 0.00659062 0.00956595 0.00478995 0.00690513 0.00912511 0.00303531 0.00659062 0.00956595 0.00478995 0.00696398 0.00848199 0.00652405 0.00659062 0.00956595 0.00478995 0.00582758 0.00764958 0.00422724 0.00249126 0.00181977 0.0122781 0.00114172 0.00272986 0.0132811 0.00249126 0.00181977 0.0122781 0.00315879 0.00122249 0.0106055 0.00249126 0.00181977 0.0122781 0.00412599 0.00137665 0.0135511 0.00249126 0.00181977 0.0122781 0.00184386 0.00287322 0.0104712 0.00249126 0.00181977 0.0122781 0.00112582 0.00046080199999999996 0.0112606 0.0153403 0.0062501 0.010101 0.0171537045204829 0.00675792 0.0103862 0.0153403 0.0062501 0.010101 0.0149282 0.00619856 0.00822222 0.0153403 0.0062501 0.010101 0.0136999 0.00490313 0.00957165 0.0153403 0.0062501 0.010101 0.0145916 0.00535797 0.0119365 0.00712619 0.0112387 0.00157061 0.00626685 0.012874 0.000932133 0.00712619 0.0112387 0.00157061 0.00721568 0.0127384 0.0028088 0.00712619 0.0112387 0.00157061 0.00832534 0.0100535 0.0025497 0.00712619 0.0112387 0.00157061 0.00619018 0.00963994 0.00094849 0.00712619 0.0112387 0.00157061 0.0093063 0.0111171 0.00116501 0.0139359 0.00478882 0.00740067 0.0141364 0.00420809 0.00555102 0.0139359 0.00478882 0.00740067 0.013972 0.00284911 0.00740244 0.0139359 0.00478882 0.00740067 0.0149282 0.00619856 0.00822222 0.0139359 0.00478882 0.00740067 0.0136999 0.00490313 0.00957165 0.0139359 0.00478882 0.00740067 0.0153506 0.00587782 0.00611766 0.0139359 0.00478882 0.00740067 0.0119457 0.00436912 0.00802844 0.00174303 0.014408 0.0144996 0.00105243 0.0127564 0.0138245 0.00174303 0.014408 0.0144996 0.00363212 0.0149047 0.0144471 0.00174303 0.014408 0.0144996 -2.3434520482898662e-05 0.0150174 0.0132677 0.00174303 0.014408 0.0144996 0.00311149 0.0130622 0.0135005 0.0102437 0.00703721 0.00327557 0.0087166 0.00827627 0.0030866 0.0102437 0.00703721 0.00327557 0.00981007 0.0057611 0.00472362 0.0102437 0.00703721 0.00327557 0.0102341 0.00818274 0.00486369 0.0121004 0.0125843 0.00108456 0.0125849 0.0131023 0.00308891 0.0121004 0.0125843 0.00108456 0.010259 0.0134597 0.00144291 0.0149747 0.011962 0.014563 0.0164230645204829 0.0127564 0.0138245 0.0149747 0.011962 0.014563 0.0129791 0.0116038 0.0140791 0.00809245 0.0125786 0.0133384 0.00669621 0.012899 0.0119763 0.00809245 0.0125786 0.0133384 0.00801187 0.0143065 0.0142808 0.00809245 0.0125786 0.0133384 0.00654092 0.013051 0.0140637 0.00809245 0.0125786 0.0133384 0.00955411 0.0130539 0.0143898 0.00809245 0.0125786 0.0133384 0.00736227 0.0111036 0.0144012 0.00488023 0.00535711 0.00573052 0.00291337 0.00617532 0.00523942 0.00488023 0.00535711 0.00573052 0.00543986 0.0033053 0.00565962 0.00488023 0.00535711 0.00573052 0.00481886 0.00737393 0.00641349 0.00488023 0.00535711 0.00573052 0.00531052 0.00490225 0.0078544 0.00503906 0.00972852 0.0133084 0.00541111 0.0113932 0.0143195 0.00503906 0.00972852 0.0133084 0.00394746 0.00815388 0.0128663 0.00503906 0.00972852 0.0133084 0.00516618 0.0113635 0.0119059 0.00547346 0.0105125 0.00304888 0.00557679 0.0110766 0.0048687 0.00547346 0.0105125 0.00304888 0.00690513 0.00912511 0.00303531 0.00547346 0.0105125 0.00304888 0.00431948 0.00961847 0.00434437 0.00547346 0.0105125 0.00304888 0.00507167 0.0126107 0.00275389 0.00497608 0.00301259 0.0144894 0.00412831 0.00467065 0.014135 0.00497608 0.00301259 0.0144894 0.00412599 0.00137665 0.0135511 0.00497608 0.00301259 0.0144894 0.00647195 0.0044645 0.0141693 0.00595218 0.00766262 0.000932561 0.00619018 0.00963994 0.00094849 0.00595218 0.00766262 0.000932561 0.00751908 0.00646591 0.000975791 0.0108569 0.00800966 0.0136238 0.00963464 0.00696761 0.0126039 0.0108569 0.00800966 0.0136238 0.0112751 0.007498 0.0117824 0.0108569 0.00800966 0.0136238 0.0101396 0.00961159 0.0144233 0.0108569 0.00800966 0.0136238 0.00988211 0.00886937 0.0121369 0.0108148 0.00508339 0.00629971 0.00981007 0.0057611 0.00472362 0.0108148 0.00508339 0.00629971 0.0120184 0.00601219 0.00474831 0.0108148 0.00508339 0.00629971 0.0119457 0.00436912 0.00802844 0.000196574 0.00341294 0.0117453 -0.0016297345204828986 0.00336556 0.0124953 0.000196574 0.00341294 0.0117453 0.00114172 0.00272986 0.0132811 0.000196574 0.00341294 0.0117453 0.000808613 0.00451802 0.0132018 0.000196574 0.00341294 0.0117453 0.00184386 0.00287322 0.0104712 0.000196574 0.00341294 0.0117453 -0.0007790345204828991 0.00535797 0.0119365 0.00647781 0.0117068 0.00785461 0.00575756 0.0103835 0.00910492 0.00647781 0.0117068 0.00785461 0.00594435 0.0135187 0.00737792 0.00647781 0.0117068 0.00785461 0.00862737 0.012094 0.00754645 0.000306731 0.0122418 0.0112997 -0.0018587345204828982 0.0119519 0.0117016 0.000306731 0.0122418 0.0112997 0.00164589 0.0106312 0.0108291 0.000306731 0.0122418 0.0112997 0.000643536 0.0121825 0.00913069 0.00626685 0.012874 0.000932133 0.00437708 0.0132627 0.000825399 0.00626685 0.012874 0.000932133 0.00820256 0.0129883 0.000946395 0.00626685 0.012874 0.000932133 0.00507167 0.0126107 0.00275389 0.00801185 0.0070882 0.00753446 0.00887705 0.00858119 0.00832694 0.00801185 0.0070882 0.00753446 0.00696398 0.00848199 0.00652405 0.00801185 0.0070882 0.00753446 0.00771188 0.00720945 0.00962506 0.00885139 0.0103862 0.00889722 0.00887705 0.00858119 0.00832694 0.00885139 0.0103862 0.00889722 0.00724754 0.00954615 0.00832247 0.00885139 0.0103862 0.00889722 0.0105315 0.00993773 0.00969085 0.00885139 0.0103862 0.00889722 0.00862737 0.012094 0.00754645 0.00885139 0.0103862 0.00889722 0.00938518 0.0122062 0.00975363 0.00885139 0.0103862 0.00889722 0.0105831 0.00973625 0.0076542 0.00644745 0.00414381 0.000923519 0.00778184 0.00489267 0.00217096 0.00644745 0.00414381 0.000923519 0.00581236 0.00563355 0.00235906 0.00437708 0.0132627 0.000825399 0.00448001 0.0146813 0.00193932 0.00437708 0.0132627 0.000825399 0.00507167 0.0126107 0.00275389 0.00437708 0.0132627 0.000825399 0.00239954 0.0139779 0.00124672 0.0121924 0.0130429 0.00909328 0.0141554 0.0132524 0.00879329 0.0121924 0.0130429 0.00909328 0.0130235 0.0147931 0.00869147 0.0121924 0.0130429 0.00909328 0.011457 0.0116409 0.0106625 0.0081805 0.00930076 0.0145 0.0101396 0.00961159 0.0144233 0.0081805 0.00930076 0.0145 0.00736227 0.0111036 0.0144012 0.00010095 0.00615217 0.00208788 0.00137881 0.00697169 0.000945343 0.00010095 0.00615217 0.00208788 -0.0010857345204829001 0.00590684 0.00397972 0.00105243 0.0127564 0.0138245 0.0014984 0.013833 0.0123168 0.00105243 0.0127564 0.0138245 0.00311149 0.0130622 0.0135005 0.0124649 0.00288382 0.00443676 0.011473 0.00151206 0.00528904 0.0124649 0.00288382 0.00443676 0.0135226 0.00390524 0.00318762 0.0124649 0.00288382 0.00443676 0.0105076 0.00253317 0.00351957 0.0124649 0.00288382 0.00443676 0.0136803 0.00170308 0.00316899 0.00963464 0.00696761 0.0126039 0.0112751 0.007498 0.0117824 0.00963464 0.00696761 0.0126039 0.00988211 0.00886937 0.0121369 0.00963464 0.00696761 0.0126039 0.00973717 0.00701289 0.0106164 0.00963464 0.00696761 0.0126039 0.00860279 0.00512653 0.0132643 0.00721568 0.0127384 0.0028088 0.00848536 0.0144564 0.00259723 0.00721568 0.0127384 0.0028088 0.00507167 0.0126107 0.00275389 0.00721568 0.0127384 0.0028088 0.00892523 0.0119805 0.00400558 0.00114143 0.00918656 0.00303807 0.000113101 0.0105971 0.00228405 0.00114143 0.00918656 0.00303807 0.00228035 0.00975156 0.00448468 0.00114143 0.00918656 0.00303807 0.00316401 0.00880036 0.00268753 0.00114143 0.00918656 0.00303807 -0.00040893452048290017 0.00820167 0.00403522 0.00887705 0.00858119 0.00832694 0.00724754 0.00954615 0.00832247 0.00887705 0.00858119 0.00832694 0.0105831 0.00973625 0.0076542 0.00887705 0.00858119 0.00832694 0.00771188 0.00720945 0.00962506 0.0059249 0.000529775 0.0019021 0.00448001 -0.0006893345204828993 0.00193932 0.0059249 0.000529775 0.0019021 0.00718199 0.00127438 0.00348071 0.0137409 0.00336556 0.0124953 0.0138264 0.00348605 0.0144265 0.0137409 0.00336556 0.0124953 0.0130697 0.00150111 0.0123103 0.0137409 0.00336556 0.0124953 0.0145916 0.00535797 0.0119365 0.00951325 0.00989527 0.00399816 0.00832534 0.0100535 0.0025497 0.00951325 0.00989527 0.00399816 0.00931009 0.0100658 0.00589331 0.00951325 0.00989527 0.00399816 0.00892523 0.0119805 0.00400558 0.00557679 0.0110766 0.0048687 0.00431948 0.00961847 0.00434437 0.00557679 0.0110766 0.0048687 0.00469688 0.012697 0.00585677 0.00557679 0.0110766 0.0048687 0.00713026 0.0123607 0.00565307 0.00129943 0.00838052 0.013152 0.000723907 0.00711535 0.0144783 0.00129943 0.00838052 0.013152 0.000743884 0.00697877 0.0118942 0.00129943 0.00838052 0.013152 0.00248377 0.00684551 0.0127929 0.00129943 0.00838052 0.013152 2.6097600000000087e-05 0.00873801 0.0117312 0.00129943 0.00838052 0.013152 0.00120988 0.0102617 0.0142644 0.00129943 0.00838052 0.013152 0.00242373 0.00847047 0.0113119 0.0107286 0.0117364 0.0026946 0.0120023 0.011198 0.00403426 0.0107286 0.0117364 0.0026946 0.010259 0.0134597 0.00144291 0.0107286 0.0117364 0.0026946 0.00892523 0.0119805 0.00400558 0.0107286 0.0117364 0.0026946 0.0093063 0.0111171 0.00116501 0.0131264 0.0108219 0.00615458 0.0137886 0.0100446 0.00452193 0.0131264 0.0108219 0.00615458 0.0127891 0.0124106 0.00728079 0.0131264 0.0108219 0.00615458 0.0110383 0.0114554 0.00601515 0.00363212 0.0149047 0.0144471 0.00412599 0.0167472845204829 0.0135511 0.00363212 0.0149047 0.0144471 0.00311149 0.0130622 0.0135005 0.00145257 0.00825758 0.00934563 0.00178307 0.00675792 0.0103862 0.00145257 0.00825758 0.00934563 0.00136078 0.00911386 0.00767383 0.00145257 0.00825758 0.00934563 0.0026358 0.00762499 0.008011 0.00145257 0.00825758 0.00934563 0.00242373 0.00847047 0.0113119 0.00145257 0.00825758 0.00934563 -1.1534520482898861e-05 0.00988822 0.00913232 0.00422143 0.00494412 0.0112467 0.00377408 0.00683166 0.0111036 0.00422143 0.00494412 0.0112467 0.0020278 0.00498529 0.0115158 0.00422143 0.00494412 0.0112467 0.0052169 0.00630149 0.0126848 0.00422143 0.00494412 0.0112467 0.00355988 0.00416661 0.00930964 0.0139652 0.011549 0.00961442 0.0124525 0.010881 0.00851007 0.0139652 0.011549 0.00961442 0.0141554 0.0132524 0.00879329 0.0139652 0.011549 0.00961442 0.013205 0.0096047 0.0101858 0.0139652 0.011549 0.00961442 0.0135119 0.0119519 0.0117016 0.0139652 0.011549 0.00961442 0.0160141705204829 0.0121825 0.00913069 0.0139652 0.011549 0.00961442 0.0153591 0.00988822 0.00913232 0.00185408 0.0127452 0.00742254 0.000514979 0.013522 0.00595212 0.00185408 0.0127452 0.00742254 0.0006435359999999999 0.0121825 0.00913069 0.00185408 0.0127452 0.00742254 0.000523529 0.0143598 0.00817114 0.00178307 0.00675792 0.0103862 0.000743884 0.00697877 0.0118942 0.00178307 0.00675792 0.0103862 0.0020278 0.00498529 0.0115158 0.00178307 0.00675792 0.0103862 0.00242373 0.00847047 0.0113119 0.00178307 0.00675792 0.0103862 0.00170255 0.0056747 0.00857904 0.00163981 0.0111401 0.00566453 0.00228035 0.00975156 0.00448468 0.0141364 0.00420809 0.00555102 0.0153506 0.00587782 0.00611766 0.0137886 0.0100446 0.00452193 0.0149617 0.00820167 0.00403522 0.0112751 0.007498 0.0117824 0.00988211 0.00886937 0.0121369 0.0112751 0.007498 0.0117824 0.00973717 0.00701289 0.0106164 0.0112751 0.007498 0.0117824 0.011654 0.00590038 0.0103722 0.0036057 0.0100285 0.000962276 0.00316401 0.00880036 0.00268753 0.00690513 0.00912511 0.00303531 0.00832534 0.0100535 0.0025497 0.00690513 0.00912511 0.00303531 0.00582758 0.00764958 0.00422724 0.0127891 0.0124106 0.00728079 0.0124525 0.010881 0.00851007 0.0127891 0.0124106 0.00728079 0.0110317 0.0137621 0.00714598 0.0124525 0.010881 0.00851007 0.013205 0.0096047 0.0101858 0.00832534 0.0100535 0.0025497 0.0087166 0.00827627 0.0030866 0.00832534 0.0100535 0.0025497 0.0093063 0.0111171 0.00116501 0.00503467 0.0135817 0.0126119 0.00669621 0.012899 0.0119763 0.00503467 0.0135817 0.0126119 0.00485628 0.0132784 0.014531 0.00503467 0.0135817 0.0126119 0.00311149 0.0130622 0.0135005 0.00765947 0.00548718 0.0060739 0.00828353 0.00727223 0.00496835 0.0138295 0.000428952 0.0144737 0.0153472 -0.00035323452048289876 0.0132677 0.013972 0.00284911 0.00740244 0.012188 0.00235102 0.00687822 0.00318581 0.0121342 0.0115247 0.00516618 0.0113635 0.0119059 0.00318581 0.0121342 0.0115247 0.00311149 0.0130622 0.0135005 0.00318581 0.0121342 0.0115247 0.0044427 0.0133303 0.0102963 0.00678456 0.0090854 0.0100989 0.00575756 0.0103835 0.00910492 0.00678456 0.0090854 0.0100989 0.00724754 0.00954615 0.00832247 0.00678456 0.0090854 0.0100989 0.00771188 0.00720945 0.00962506 0.00678456 0.0090854 0.0100989 0.00538035 0.00823318 0.00863834 0.00669621 0.012899 0.0119763 0.00607853 0.0144862 0.0111045 0.00669621 0.012899 0.0119763 0.00516618 0.0113635 0.0119059 0.0149282 0.00619856 0.00822222 0.0136999 0.00490313 0.00957165 0.0149282 0.00619856 0.00822222 0.0153506 0.00587782 0.00611766 0.0149282 0.00619856 0.00822222 0.017073184520482898 0.0056747 0.00857904 0.0101396 0.00961159 0.0144233 0.0113447 0.0104497 0.0127523 0.00136078 0.00911386 0.00767383 0.0026358 0.00762499 0.008011 0.00136078 0.00911386 0.00767383 0.00303804 0.00891027 0.00633279 0.00136078 0.00911386 0.00767383 -1.1534520482899295e-05 0.00988822 0.00913232 0.000743884 0.00697877 0.0118942 0.00248377 0.00684551 0.0127929 0.000743884 0.00697877 0.0118942 2.609759999999998e-05 0.00873801 0.0117312 0.000743884 0.00697877 0.0118942 -0.0007790345204828997 0.00535797 0.0119365 0.00607853 0.0144862 0.0111045 0.00522488 0.0160332035204829 0.0118927 0.00607853 0.0144862 0.0111045 0.00797642 0.0141781 0.0109786 0.00607853 0.0144862 0.0111045 0.00688078 0.0160530895204829 0.0098464 0.00607853 0.0144862 0.0111045 0.0044427 0.0133303 0.0102963 0.00607853 0.0144862 0.0111045 0.00734542 0.0158734425204829 0.0122207 0.00953731 0.0142388 0.00907011 0.00938518 0.0122062 0.00975363 0.00178944 0.000732597 0.000931026 0.00046360400000000006 0.000912022 0.00263857 0.00178944 0.000732597 0.000931026 0.00239954 -0.0013927345204828993 0.00124672 0.00248377 0.00684551 0.0127929 0.00394746 0.00815388 0.0128663 0.00248377 0.00684551 0.0127929 0.00242373 0.00847047 0.0113119 0.00541111 0.0113932 0.0143195 0.00485628 0.0132784 0.014531 0.00541111 0.0113932 0.0143195 0.00736227 0.0111036 0.0144012 0.012919 0.00787954 0.00441347 0.0120184 0.00601219 0.00474831 0.012919 0.00787954 0.00441347 0.0124304 0.0075211 0.00234208 0.012919 0.00787954 0.00441347 0.0119684 0.00855953 0.00616842 0.012919 0.00787954 0.00441347 0.0149617 0.00820167 0.00403522 0.00522488 0.000662569 0.0118927 0.00412599 0.00137665 0.0135511 0.00522488 0.000662569 0.0118927 0.00734542 0.000502808 0.0122207 0.00163158 0.00715132 0.00648452 0.0026358 0.00762499 0.008011 0.00163158 0.00715132 0.00648452 0.00291337 0.00617532 0.00523942 0.00163158 0.00715132 0.00648452 -2.0034520482898905e-05 0.00587782 0.00611766 0.0115077 0.00159732 0.00886629 0.0101882 0.00279413 0.00767581 0.00344688 0.0124205 0.0041732 0.00469688 0.012697 0.00585677 0.00344688 0.0124205 0.0041732 0.00507167 0.0126107 0.00275389 0.00575756 0.0103835 0.00910492 0.00724754 0.00954615 0.00832247 0.00575756 0.0103835 0.00910492 0.00618524 0.0120356 0.0100569 0.00575756 0.0103835 0.00910492 0.00538035 0.00823318 0.00863834 0.0120023 0.011198 0.00403426 0.0125849 0.0131023 0.00308891 0.0120023 0.011198 0.00403426 0.0110383 0.0114554 0.00601515 0.011473 0.00151206 0.00528904 0.012188 0.00235102 0.00687822 0.011473 0.00151206 0.00528904 0.0125685 0.000175611 0.0066453 0.00137881 0.00697169 0.000945343 0.0024157 0.0064872 0.00284784 0.00308473 0.00564611 0.000918513 0.00394017 0.00738058 0.0011107 0.00308473 0.00564611 0.000918513 0.0024157 0.0064872 0.00284784 0.00308473 0.00564611 0.000918513 0.0025344 0.00410395 0.00231367 0.012188 0.00235102 0.00687822 0.0125685 0.000175611 0.0066453 0.012188 0.00235102 0.00687822 0.0101882 0.00279413 0.00767581 0.00377408 0.00683166 0.0111036 0.00242373 0.00847047 0.0113119 0.00377408 0.00683166 0.0111036 0.0052169 0.00630149 0.0126848 0.00114172 0.00272986 0.0132811 0.000808613 0.00451802 0.0132018 0.00801187 0.0143065 0.0142808 0.00654092 0.013051 0.0140637 0.00801187 0.0143065 0.0142808 0.00955411 0.0130539 0.0143898 0.00801187 0.0143065 0.0142808 0.00928815 0.015956502520482897 0.0135475 0.00926058 0.000847095 0.00340809 0.00848536 -0.0009142345204829006 0.00259723 0.00926058 0.000847095 0.00340809 0.00718199 0.00127438 0.00348071 0.00926058 0.000847095 0.00340809 0.0105076 0.00253317 0.00351957 0.00988211 0.00886937 0.0121369 0.0113447 0.0104497 0.0127523 0.0151459 0.000223727 0.00585751 0.0151214 0.00100641 0.00765941 0.0151459 0.000223727 0.00585751 0.0158856135204829 -0.0018486345204828999 0.00595212 0.0151459 0.000223727 0.00585751 0.0171388145204829 0.00115621 0.00558012 0.00820256 0.0129883 0.000946395 0.00848536 0.0144564 0.00259723 0.00820256 0.0129883 0.000946395 0.010259 0.0134597 0.00144291 0.00820256 0.0129883 0.000946395 0.0093063 0.0111171 0.00116501 0.00654092 0.013051 0.0140637 0.00485628 0.0132784 0.014531 0.00654092 0.013051 0.0140637 0.00592822 0.0151778 0.0141206 0.00412831 0.00467065 0.014135 0.00295663 0.00310211 0.014387 0.0104415 0.00430726 0.0123536 0.00897892 0.00281207 0.0128746 0.0104415 0.00430726 0.0123536 0.0115183 0.00376227 0.0141473 0.0104415 0.00430726 0.0123536 0.00860279 0.00512653 0.0132643 0.0026358 0.00762499 0.008011 0.00303804 0.00891027 0.00633279 0.0026358 0.00762499 0.008011 0.00170255 0.0056747 0.00857904 0.0044679 0.00606557 0.00387406 0.00291337 0.00617532 0.00523942 0.0044679 0.00606557 0.00387406 0.00582758 0.00764958 0.00422724 0.0044679 0.00606557 0.00387406 0.00581236 0.00563355 0.00235906 0.00724754 0.00954615 0.00832247 0.00696398 0.00848199 0.00652405 0.00315879 0.00122249 0.0106055 0.00184386 0.00287322 0.0104712 0.00182052 0.00317139 0.00835747 0.00184386 0.00287322 0.0104712 0.00182052 0.00317139 0.00835747 0.00154428 0.00102557 0.00893272 0.00182052 0.00317139 0.00835747 0.00189843 0.00440958 0.00657596 0.00182052 0.00317139 0.00835747 0.00355988 0.00416661 0.00930964 0.00931009 0.0100658 0.00589331 0.0110383 0.0114554 0.00601515 0.00931009 0.0100658 0.00589331 0.0105831 0.00973625 0.0076542 0.00431948 0.00961847 0.00434437 0.00316401 0.00880036 0.00268753 0.00485628 0.0132784 0.014531 0.00592822 0.0151778 0.0141206 0.00485628 0.0132784 0.014531 0.00311149 0.0130622 0.0135005 0.00751908 0.00646591 0.000975791 0.00778184 0.00489267 0.00217096 0.00594435 0.0135187 0.00737792 0.00523691 0.015436787920482899 0.00651573 0.00594435 0.0135187 0.00737792 0.00469688 0.012697 0.00585677 0.00594435 0.0135187 0.00737792 0.00735919 0.0135396 0.00900875 0.0087166 0.00827627 0.0030866 0.00828353 0.00727223 0.00496835 0.0014984 0.013833 0.0123168 -2.343452048289953e-05 0.0150174 0.0132677 0.0014984 0.013833 0.0123168 0.00311149 0.0130622 0.0135005 0.00981007 0.0057611 0.00472362 0.0120184 0.00601219 0.00474831 0.00981007 0.0057611 0.00472362 0.00828353 0.00727223 0.00496835 0.00394746 0.00815388 0.0128663 0.00242373 0.00847047 0.0113119 0.00394746 0.00815388 0.0128663 0.00471875 0.00913109 0.0110649 0.0141554 0.0132524 0.00879329 0.0130235 0.0147931 0.00869147 0.0141554 0.0132524 0.00879329 0.0140254 0.0139836 0.00703447 0.0141554 0.0132524 0.00879329 0.0160141705204829 0.0121825 0.00913069 0.0141554 0.0132524 0.00879329 0.0158941635204829 0.0143598 0.00817114 0.00955411 0.0130539 0.0143898 0.010313 0.014209 0.0130172 0.0101984 0.00474927 0.00934072 0.00841102 0.00514422 0.0106263 0.0101984 0.00474927 0.00934072 0.011654 0.00590038 0.0103722 0.0101984 0.00474927 0.00934072 0.0119457 0.00436912 0.00802844 0.000121854 0.0130619 0.00335798 0.00145271 0.0146741 0.00409171 2.60976e-05 0.00873801 0.0117312 -0.001678234520482899 0.00967478 0.0128075 0.00973717 0.00701289 0.0106164 0.011654 0.00590038 0.0103722 0.0105315 0.00993773 0.00969085 0.011457 0.0116409 0.0106625 0.0105315 0.00993773 0.00969085 0.0105831 0.00973625 0.0076542 0.00961837 0.0133659 0.0114878 0.010313 0.014209 0.0130172 0.00961837 0.0133659 0.0114878 0.00797642 0.0141781 0.0109786 0.00961837 0.0133659 0.0114878 0.00938518 0.0122062 0.00975363 0.00961837 0.0133659 0.0114878 0.00968499 0.015494376520482899 0.0112359 0.00961837 0.0133659 0.0114878 0.0116199 0.0141183 0.0112712 0.00228035 0.00975156 0.00448468 0.00303804 0.00891027 0.00633279 0.00228035 0.00975156 0.00448468 0.00316401 0.00880036 0.00268753 0.0102341 0.00818274 0.00486369 0.00828353 0.00727223 0.00496835 0.0102341 0.00818274 0.00486369 0.0119684 0.00855953 0.00616842 0.00215448 0.00130828 0.0144798 0.00295663 0.00310211 0.014387 0.00215448 0.00130828 0.0144798 0.00412599 0.00137665 0.0135511 0.0130697 0.00150111 0.0123103 0.0139369 0.000871264 0.0103387 0.0146052 0.00152366 0.000981552 0.0158342385204829 0.000912022 0.00263857 0.0146052 0.00152366 0.000981552 0.012492 0.000992949 0.00114957 0.010313 0.014209 0.0130172 0.00928815 0.015956502520482897 0.0135475 0.010313 0.014209 0.0130172 0.0116199 0.0141183 0.0112712 0.00797642 0.0141781 0.0109786 0.00735919 0.0135396 0.00900875 0.00797642 0.0141781 0.0109786 0.00968499 0.015494376520482899 0.0112359 0.00797642 0.0141781 0.0109786 0.00734542 0.0158734425204829 0.0122207 0.0046864 0.00198534 0.00709852 0.00523691 6.615339999999992e-05 0.00651573 0.0046864 0.00198534 0.00709852 0.00543986 0.0033053 0.00565962 0.0130235 0.0147931 0.00869147 0.0125685 0.015546245520482898 0.0066453 0.000808613 0.00451802 0.0132018 0.0020278 0.00498529 0.0115158 0.000808613 0.00451802 0.0132018 -0.0007790345204828991 0.00535797 0.0119365 0.00677204 0.00487074 0.0120359 0.0052169 0.00630149 0.0126848 0.00677204 0.00487074 0.0120359 0.00647195 0.0044645 0.0141693 0.00677204 0.00487074 0.0120359 0.00841102 0.00514422 0.0106263 0.00677204 0.00487074 0.0120359 0.00860279 0.00512653 0.0132643 0.0135226 0.00390524 0.00318762 0.0136803 0.00170308 0.00316899 0.00778184 0.00489267 0.00217096 0.00896488 0.00348371 0.00109192 0.00778184 0.00489267 0.00217096 0.00581236 0.00563355 0.00235906 0.00669537 0.00331126 0.00402918 0.00718199 0.0012743800000000003 0.00348071 0.00669537 0.00331126 0.00402918 0.00543986 0.0033053 0.00565962 0.00618524 0.0120356 0.0100569 0.00516618 0.0113635 0.0119059 0.00618524 0.0120356 0.0100569 0.00735919 0.0135396 0.00900875 0.00618524 0.0120356 0.0100569 0.0044427 0.0133303 0.0102963 0.00295663 0.00310211 0.014387 0.00412599 0.00137665 0.0135511 0.000399955 0.00428455 0.00965483 -0.0016707345204829004 0.00490313 0.00957165 0.000399955 0.00428455 0.00965483 0.00184386 0.00287322 0.0104712 0.000399955 0.00428455 0.00965483 0.00170255 0.0056747 0.00857904 0.0151214 0.00100641 0.00765941 0.0169149145204829 0.00102557 0.00893272 0.0151214 0.00100641 0.00765941 0.0158941635204829 -0.0010108345204828978 0.00817114 0.0140254 0.0139836 0.00703447 0.0158856135204829 0.013522 0.00595212 0.0140254 0.0139836 0.00703447 0.0125685 0.0155462455204829 0.0066453 0.0140254 0.0139836 0.00703447 0.0158941635204829 0.0143598 0.00817114 0.0140254 0.0139836 0.00703447 0.0136709 0.012812 0.00521727 0.00665553 0.00664819 0.0144829 0.00647195 0.0044645 0.0141693 0.00412599 0.00137665 0.0135511 0.00592822 -0.0001928345204828992 0.0141206 0.0107826 0.00871986 0.00112619 0.0124304 0.0075211 0.00234208 0.00862737 0.012094 0.00754645 0.00735919 0.0135396 0.00900875 0.00862737 0.012094 0.00754645 0.00938518 0.0122062 0.00975363 0.00862737 0.012094 0.00754645 0.00713026 0.0123607 0.00565307 0.0136999 0.00490313 0.00957165 0.011654 0.00590038 0.0103722 0.0136999 0.00490313 0.00957165 0.0119457 0.00436912 0.00802844 0.000514979 0.013522 0.00595212 0.00145271 0.0146741 0.00409171 0.000514979 0.013522 0.00595212 0.000523529 0.0143598 0.00817114 0.000514979 0.013522 0.00595212 -0.0016997345204828999 0.012812 0.00521727 0.0020278 0.00498529 0.0115158 0.00184386 0.00287322 0.0104712 0.00184386 0.00287322 0.0104712 0.00154428 0.00102557 0.00893272 0.00184386 0.00287322 0.0104712 0.00355988 0.00416661 0.00930964 0.0129791 0.0116038 0.0140791 0.0135119 0.0119519 0.0117016 0.0129791 0.0116038 0.0140791 0.0136924 0.00967478 0.0128075 0.0129791 0.0116038 0.0140791 0.0113447 0.0104497 0.0127523 0.013205 0.0096047 0.0101858 0.0122638 0.0081329 0.00856628 0.013205 0.0096047 0.0101858 0.0153591 0.00988822 0.00913232 0.0153472 0.0150174 0.0132677 0.0164964545204829 0.015831436520482897 0.0112606 0.0024157 0.0064872 0.00284784 0.00291337 0.00617532 0.00523942 0.0024157 0.0064872 0.00284784 0.0025344 0.00410395 0.00231367 0.0024157 0.0064872 0.00284784 0.00316401 0.00880036 0.00268753 0.00145271 0.0146741 0.00409171 0.00046360400000000006 0.0162826565204829 0.00263857 0.00145271 0.0146741 0.00409171 0.00176818 0.0165268445204829 0.00558012 0.00381303 0.00231532 0.00419777 0.0015394799999999998 0.00316581 0.00432922 0.00381303 0.00231532 0.00419777 0.00543986 0.0033053 0.00565962 0.00516618 0.0113635 0.0119059 0.00471875 0.00913109 0.0110649 0.00896488 0.00348371 0.00109192 0.00827436 0.0011181 0.00121736 0.00242373 0.00847047 0.0113119 0.00471875 0.00913109 0.0110649 0.00242373 0.00847047 0.0113119 0.00164589 0.0106312 0.0108291 0.00469688 0.012697 0.00585677 0.00713026 0.0123607 0.00565307 0.00803 0.00191715 0.00813368 0.00688078 0.000682455 0.0098464 0.00803 0.00191715 0.00813368 0.0101882 0.00279413 0.00767581 0.0135119 0.0119519 0.0117016 0.011457 0.0116409 0.0106625 0.00303804 0.00891027 0.00633279 0.00481886 0.00737393 0.00641349 0.0120184 0.00601219 0.00474831 0.0142849 0.00590684 0.00397972 0.0125849 0.0131023 0.00308891 0.010859 0.0133967 0.00462973 0.0125849 0.0131023 0.00308891 0.0125441 0.0151916 0.00423498 0.0125849 0.0131023 0.00308891 0.0136709 0.012812 0.00521727 0.0125685 0.000175611 0.0066453 0.0125441 -0.00017903452048289876 0.00423498 0.0125685 0.000175611 0.0066453 0.0110317 -0.001608534520482899 0.00714598 0.000463604 0.000912022 0.00263857 -0.0016903345204828991 0.00170308 0.00316899 0.000463604 0.000912022 0.00263857 0.00011765800000000003 -0.0007697345204828994 0.00108614 0.00848536 0.0144564 0.00259723 0.010259 0.0134597 0.00144291 0.00848536 0.0144564 0.00259723 0.00827436 0.016488734520482898 0.00121736 0.00928815 0.000585868 0.0135475 0.00968499 0.00012374200000000004 0.0112359 0.00928815 0.000585868 0.0135475 0.00897892 0.00281207 0.0128746 0.00928815 0.000585868 0.0135475 0.00734542 0.000502808 0.0122207 0.010859 0.0133967 0.00462973 0.0110383 0.0114554 0.00601515 0.010859 0.0133967 0.00462973 0.0125441 0.0151916 0.00423498 0.010859 0.0133967 0.00462973 0.00892523 0.0119805 0.00400558 0.011457 0.0116409 0.0106625 0.00938518 0.0122062 0.00975363 0.011457 0.0116409 0.0106625 0.0113447 0.0104497 0.0127523 0.00291337 0.00617532 0.00523942 0.00189843 0.00440958 0.00657596 0.0110383 0.0114554 0.00601515 0.0105831 0.00973625 0.0076542 0.00154428 0.00102557 0.00893272 0.000523529 -0.0010108345204828985 0.00817114 0.00154428 0.00102557 0.00893272 0.00112582 0.00046080199999999996 0.0112606 0.0025344 0.00410395 0.00231367 0.00153948 0.00316581 0.00432922 0.00688078 0.000682455 0.0098464 0.00734542 0.000502808 0.0122207 0.00164589 0.0106312 0.0108291 -1.1534520482899295e-05 0.00988822 0.00913232 0.0105831 0.00973625 0.0076542 0.0122638 0.0081329 0.00856628 0.0105831 0.00973625 0.0076542 0.0119684 0.00855953 0.00616842 0.00968499 0.000123742 0.0112359 0.0116199 -0.0012523345204828984 0.0112712 0.00189843 0.00440958 0.00657596 -2.0034520482898038e-05 0.00587782 0.00611766 0.00189843 0.00440958 0.00657596 0.00170255 0.0056747 0.00857904 0.00239954 0.0139779 0.00124672 0.00011765800000000009 0.0146009 0.00108614 0.0125441 0.0151916 0.00423498 0.0136803 0.017073714520482897 0.00316899 0.0101882 0.00279413 0.00767581 0.0119457 0.00436912 0.00802844 0.00828353 0.00727223 0.00496835 0.00696398 0.00848199 0.00652405 0.000643536 0.0121825 0.00913069 0.000523529 0.0143598 0.00817114 0.000643536 0.0121825 0.00913069 -1.1534520482898753e-05 0.00988822 0.00913232 0.00696398 0.00848199 0.00652405 0.00481886 0.00737393 0.00641349 0.00153948 0.00316581 0.00432922 0.00176818 0.00115621 0.00558012 0.0136924 0.00967478 0.0128075 0.0113447 0.0104497 0.0127523 0.00647195 0.0044645 0.0141693 0.00860279 0.00512653 0.0132643 0.00892523 0.0119805 0.00400558 0.00713026 0.0123607 0.00565307 0.00592822 0.0151778 0.0141206 0.00734542 0.0158734425204829 0.0122207 0.0142849 0.00590684 0.00397972 0.0153506 0.00587782 0.00611766 0.0142849 0.00590684 0.00397972 0.0149617 0.00820167 0.00403522 0.0136803 0.00170308 0.00316899 0.012492 0.000992949 0.00114957 0.00897892 0.00281207 0.0128746 0.00860279 0.00512653 0.0132643 0.00355988 0.00416661 0.00930964 0.00531052 0.00490225 0.0078544 0.00771188 0.00720945 0.00962506 0.00841102 0.00514422 0.0106263 0.00582758 0.00764958 0.00422724 0.00481886 0.00737393 0.00641349 0.0122638 0.0081329 0.00856628 0.0119684 0.00855953 0.00616842 0.00481886 0.00737393 0.00641349 0.00538035 0.00823318 0.00863834</DataArray>
</Points><Lines>
<DataArray type="Int64" Name="connectivity" format="ascii">0 1 2 3 4 5 6 7 8 9 10 11 12 13 14 15 16 17 18 19 20 21 22 23 24 25 26 27 28 29 30 31 32 33 34 35 36 37 38 39 40 41 42 43 44 45 46 47 48 49 50 51 52 53 54 55 56 57 58 59 60 61 62 63 64 65 66 67 68 69 70 71 72 73 74 75 76 77 78 79 80 81 82 83 84 85 86 87 88 89 90 91 92 93 94 95 96 97 98 99 100 101 102 103 104 105 106 107 108 109 110 111 112 113 114 115 116 117 118 119 120 121 122 123 124 125 126 127 128 129 130 131 132 133 134 135 136 137 138 139 140 141 142 143 144 145 146 147 148 149 150 151 152 153 154 155 156 157 158 159 160 161 162 163 164 165 166 167 168 169 170 171 172 173 174 175 176 177 178 179 180 181 182 183 184 185 186 187 188 189 190 191 192 193 194 195 196 197 198 199 200 201 202 203 204 205 206 207 208 209 210 211 212 213 214 215 216 217 218 219 220 221 222 223 224 225 226 227 228 229 230 231 232 233 234 235 236 237 238 239 240 241 242 243 244 245 246 247 248 249 250 251 252 253 254 255 256 257 258 259 260 261 262 263 264 265 266 267 268 269 270 271 272 273 274 275 276 277 278 279 280 281 282 283 284 285 286 287 288 289 290 291 292 293 294 295 296 297 298 299 300 301 302 303 304 305 306 307 308 309 310 311 312 313 314 315 316 317 318 319 320 321 322 323 324 325 326 327 328 329 330 331 332 333 334 335 336 337 338 339 340 341 342 343 344 345 346 347 348 349 350 351 352 353 354 355 356 357 358 359 360 361 362 363 364 365 366 367 368 369 370 371 372 373 374 375 376 377 378 379 380 381 382 383 384 385 386 387 388 389 390 391 392 393 394 395 396 397 398 399 400 401 402 403 404 405 406 407 408 409 410 411 412 413 414 415 416 417 418 419 420 421 422 423 424 425 426 427 428 429 430 431 432 433 434 435 436 437 438 439 440 441 442 443 444 445 446 447 448 449 450 451 452 453 454 455 456 457 458 459 460 461 462 463 464 465 466 467 468 469 470 471 472 473 474 475 476 477 478 479 480 481 482 483 484 485 486 487 488 489 490 491 492 493 494 495 496 497 498 499 500 501 502 503 504 505 506 507 508 509 510 511 512 513 514 515 516 517 518 519 520 521 522 523 524 525 526 527 528 529 530 531 532 533 534 535 536 537 538 539 540 541 542 543 544 545 546 547 548 549 550 551 552 553 554 555 556 557 558 559 560 561 562 563 564 565 566 567 568 569 570 571 572 573 574 575 576 577 578 579 580 581 582 583 584 585 586 587 588 589 590 591 592 593 594 595 596 597 598 599 600 601 602 603 604 605 606 607 608 609 610 611 612 613 614 615 616 617 618 619 620 621 622 623 624 625 626 627 628 629 630 631 632 633 634 635 636 637 638 639 640 641 642 643 644 645 646 647 648 649 650 651 652 653 654 655 656 657 658 659 660 661 662 663 664 665 666 667 668 669 670 671 672 673 674 675 676 677 678 679 680 681 682 683 684 685 686 687 688 689 690 691 692 693 694 695 696 697 698 699 700 701 702 703 704 705 706 707 708 709 710 711 712 713 714 715 716 717 718 719 720 721 722 723 724 725 726 727 728 729 730 731 732 733 734 735 736 737 738 739 740 741 742 743 744 745 746 747 748 749 750 751 752 753 754 755 756 757 758 759 760 761 762 763 764 765 766 767 768 769 770 771 772 773 774 775 776 777 778 779 780 781 782 783 784 785 786 787 788 789 790 791 792 793 794 795 796 797 798 799 800 801 802 803 804 805 806 807 808 809 810 811 812 813 814 815 816 817 818 819 820 821 822 823 824 825 826 827 828 829 830 831 832 833 834 835 836 837 838 839 840 841 842 843 844 845 846 847 848 849 850 851 852 853 854 855 856 857 858 859 860 861 862 863 864 865 866 867 868 869 870 871 872 873 874 875 876 877 878 879 880 881 882 883 884 885 886 887 888 889 890 891 892 893 894 895 896 897 898 899 900 901 902 903 904 905 906 907 908 909 910 911 912 913 914 915 916 917 918 919 920 921 922 923 924 925 926 927 928 929 930 931 932 933 934 935 936 937 938 939 940 941 942 943 944 945 946 947 948 949 950 951 952 953 954 955 956 957 958 959 960 961 962 963 964 965 966 967 968 969 970 971 972 973 974 975 976 977 978 979 980 981 982 983 984 985 986 987 988 989 990 991 992 993 994 995 996 997 998 999 1000 1001 1002 1003 1004 1005 1006 1007 1008 1009 1010 1011 1012 1013 1014 1015 1016 1017 1018 1019 1020 1021 1022 1023 1024 1025 1026 1027 1028 1029 1030 1031 1032 1033 1034 1035 1036 1037 1038 1039 1040 1041 1042 1043 1044 1045 1046 1047 1048 1049 1050 1051 1052 1053 1054 1055 1056 1057 1058 1059 1060 1061 1062 1063 1064 1065 1066 1067 1068 1069 1070 1071 1072 1073 1074 1075 1076 1077 1078 1079 1080 1081 1082 1083 1084 1085 1086 1087 1088 1089 1090 1091 1092 1093 1094 1095 1096 1097 1098 1099 1100 1101 1102 1103 1104 1105 1106 1107 1108 1109 1110 1111 1112 1113 1114 1115 1116 1117 1118 1119 1120 1121 1122 1123 1124 1125 1126 1127 1128 1129 1130 1131 1132 1133 1134 1135 1136 1137 1138 1139 1140 1141 1142 1143 1144 1145 1146 1147 1148 1149 1150 1151 1152 1153 1154 1155 1156 1157 1158 1159 1160 1161 1162 1163 1164 1165 1166 1167 1168 1169 1170 1171 1172 1173 1174 1175 1176 1177 1178 1179 1180 1181 1182 1183 1184 1185 1186 1187 1188 1189 1190 1191 1192 1193 1194 1195 1196 1197 1198 1199 1200 1201 1202 1203 1204 1205 1206 1207 1208 1209 1210 1211 1212 1213 1214 1215 1216 1217 1218 1219 1220 1221 1222 1223 1224 1225 1226 1227 1228 1229 1230 1231 1232 1233 1234 1235 1236 1237 1238 1239 1240 1241 1242 1243 1244 1245 1246 1247 1248 1249 1250 1251 1252 1253 1254 1255 1256 1257 1258 1259 1260 1261 1262 1263 1264 1265 1266 1267 1268 1269 1270 1271 1272 1273 1274 1275 1276 1277 1278 1279 1280 1281 1282 1283 1284 1285 1286 1287 1288 1289 1290 1291 1292 1293 1294 1295 1296 1297 1298 1299 1300 1301 1302 1303 1304 1305 1306 1307 1308 1309 1310 1311 1312 1313 1314 1315 1316 1317 1318 1319 1320 1321 1322 1323 1324 1325 1326 1327 1328 1329 1330 1331 1332 1333 1334 1335 1336 1337 1338 1339 1340 1341 1342 1343 1344 1345 1346 1347 1348 1349 1350 1351 1352 1353 1354 1355 1356 1357 1358 1359 1360 1361 1362 1363 1364 1365 1366 1367 1368 1369 1370 1371 1372 1373 1374 1375 1376 1377 1378 1379 1380 1381 1382 1383 1384 1385 1386 1387 1388 1389 1390 1391 1392 1393 1394 1395 1396 1397 1398 1399 1400 1401 1402 1403 1404 1405 1406 1407 1408 1409 1410 1411 1412 1413 1414 1415 1416 1417 1418 1419 1420 1421 1422 1423 1424 1425 1426 1427 1428 1429 1430 1431 1432 1433 1434 1435 1436 1437 1438 1439 1440 1441 1442 1443 1444 1445 1446 1447 1448 1449 1450 1451 1452 1453 1454 1455 1456 1457 1458 1459 1460 1461 1462 1463 1464 1465 1466 1467 1468 1469 1470 1471 1472 1473 1474 1475 1476 1477 1478 1479 1480 1481 1482 1483 1484 1485 1486 1487 1488 1489 1490 1491 1492 1493 1494 1495 1496 1497 1498 1499 1500 1501 1502 1503 1504 1505 1506 1507 1508 1509 1510 1511 1512 1513 1514 1515 1516 1517 1518 1519 1520 1521 1522 1523 1524 1525 1526 1527 1528 1529 1530 1531 1532 1533 1534 1535 1536 1537 1538 1539 1540 1541 1542 1543 1544 1545 1546 1547 1548 1549 1550 1551 1552 1553 1554 1555 1556 1557 1558 1559 1560 1561 1562 1563 1564 1565 1566 1567 1568 1569 1570 1571 1572 1573 1574 1575 1576 1577 1578 1579 1580 1581 1582 1583 1584 1585 1586 1587 1588 1589 1590 1591 1592 1593 1594 1595 1596 1597 1598 1599 1600 1601 1602 1603 1604 1605 1606 1607 1608 1609 1610 1611 1612 1613 1614 1615 1616 1617 1618 1619 1620 1621 1622 1623 1624 1625 1626 1627 1628 1629 1630 1631 1632 1633 1634 1635 1636 1637 1638 1639 1640 1641 1642 1643 1644 1645 1646 1647 1648 1649 1650 1651 1652 1653 1654 1655 1656 1657 1658 1659 1660 1661 1662 1663 1664 1665 1666 1667 1668 1669 1670 1671 1672 1673 1674 1675 1676 1677 1678 1679 1680 1681 1682 1683 1684 1685 1686 1687 1688 1689 1690 1691 1692 1693 1694 1695 1696 1697 1698 1699 1700 1701 1702 1703 1704 1705 1706 1707 1708 1709 1710 1711 1712 1713 1714 1715 1716 1717 1718 1719 1720 1721 1722 1723 1724 1725 1726 1727 1728 1729 1730 1731 1732 1733 1734 1735 1736 1737 1738 1739 1740 1741 1742 1743 1744 1745 1746 1747 1748 1749 1750 1751 1752 1753 1754 1755 1756 1757 1758 1759 1760 1761 1762 1763 1764 1765 1766 1767 1768 1769 1770 1771 1772 1773 1774 1775 1776 1777 1778 1779 1780 1781 1782 1783 1784 1785 1786 1787 1788 1789 1790 1791 1792 1793 1794 1795 1796 1797 1798 1799 1800 1801 1802 1803 1804 1805 1806 1807 1808 1809 1810 1811 1812 1813 1814 1815 1816 1817 1818 1819 1820 1821 1822 1823 1824 1825 1826 1827 1828 1829 1830 1831 1832 1833 1834 1835 1836 1837 1838 1839 1840 1841 1842 1843 1844 1845 1846 1847 1848 1849 1850 1851 1852 1853 1854 1855 1856 1857 1858 1859 1860 1861 1862 1863 1864 1865 1866 1867 1868 1869 1870 1871 1872 1873 1874 1875 1876 1877 1878 1879 1880 1881 1882 1883 1884 1885 1886 1887 1888 1889 1890 1891 1892 1893 1894 1895 1896 1897 1898 1899 1900 1901 1902 1903 1904 1905 1906 1907 1908 1909 1910 1911 1912 1913 1914 1915 1916 1917 1918 1919 1920 1921 1922 1923 1924 1925 1926 1927 1928 1929 1930 1931 1932 1933 1934 1935 1936 1937 1938 1939 1940 1941 1942 1943 1944 1945 1946 1947 1948 1949 1950 1951 1952 1953 1954 1955 1956 1957 1958 1959 1960 1961 1962 1963 1964 1965 1966 1967 1968 1969 1970 1971 1972 1973 1974 1975 1976 1977 1978 1979 1980 1981 1982 1983 1984 1985 1986 1987 1988 1989 1990 1991 1992 1993 1994 1995 1996 1997 1998 1999 2000 2001 2002 2003 2004 2005 2006 2007 2008 2009 2010 2011 2012 2013 2014 2015 2016 2017 2018 2019 2020 2021 2022 2023 2024 2025 2026 2027 2028 2029 2030 2031 2032 2033 2034 2035 2036 2037 2038 2039 2040 2041 2042 2043 2044 2045 2046 2047 2048 2049 2050 2051 2052 2053 2054 2055 2056 2057 2058 2059 2060 2061 2062 2063 2064 2065 2066 2067 2068 2069 2070 2071 2072 2073 2074 2075 2076 2077 2078 2079 2080 2081 2082 2083 2084 2085 2086 2087 2088 2089 2090 2091 2092 2093 2094 2095 2096 2097 2098 2099 2100 2101 2102 2103 2104 2105 2106 2107 2108 2109 2110 2111 2112 2113 2114 2115 2116 2117 2118 2119 2120 2121 2122 2123 2124 2125 2126 2127 2128 2129 2130 2131 2132 2133 2134 2135 2136 2137 2138 2139 2140 2141 2142 2143 2144 2145 2146 2147 2148 2149 2150 2151 2152 2153 2154 2155 2156 2157 2158 2159 2160 2161 2162 2163 2164 2165 2166 2167 2168 2169 2170 2171 2172 2173 2174 2175 2176 2177 2178 2179 2180 2181 2182 2183 2184 2185 2186 2187 2188 2189 2190 2191 2192 2193 2194 2195 2196 2197 2198 2199 2200 2201 2202 2203 2204 2205 2206 2207 2208 2209 2210 2211 2212 2213 2214 2215 2216 2217 2218 2219 2220 2221 2222 2223 2224 2225 2226 2227 2228 2229 2230 2231 2232 2233 2234 2235 2236 2237 2238 2239 2240 2241 2242 2243 2244 2245 2246 2247 2248 2249 2250 2251 2252 2253 2254 2255 2256 2257 2258 2259 2260 2261 2262 2263 2264 2265 2266 2267 2268 2269 2270 2271 2272 2273 2274 2275 2276 2277 2278 2279 2280 2281 2282 2283 2284 2285 2286 2287 2288 2289 2290 2291 2292 2293 2294 2295 2296 2297 2298 2299 2300 2301 2302 2303 2304 2305 2306 2307 2308 2309 2310 2311 2312 2313 2314 2315 2316 2317 2318 2319 2320 2321 2322 2323 2324 2325 2326 2327 2328 2329 2330 2331 2332 2333 2334 2335 2336 2337 2338 2339 2340 2341 2342 2343 2344 2345 2346 2347 2348 2349 2350 2351 2352 2353 2354 2355 2356 2357 2358 2359 2360 2361 2362 2363 2364 2365 2366 2367 2368 2369 2370 2371 2372 2373 2374 2375 2376 2377 2378 2379 2380 2381 2382 2383 2384 2385 2386 2387 2388 2389 2390 2391 2392 2393 2394 2395 2396 2397 2398 2399 2400 2401 2402 2403 2404 2405 2406 2407 2408 2409 2410 2411 2412 2413 2414 2415 2416 2417 2418 2419 2420 2421 2422 2423 2424 2425 2426 2427 2428 2429 2430 2431 2432 2433 2434 2435 2436 2437 2438 2439 2440 2441 2442 2443 2444 2445 2446 2447 2448 2449 2450 2451 2452 2453 2454 2455 2456 2457 2458 2459 2460 2461 2462 2463 2464 2465 2466 2467 2468 2469 2470 2471 2472 2473 2474 2475 2476 2477 2478 2479 2480 2481 2482 2483 2484 2485 2486 2487 2488 2489 2490 2491 2492 2493 2494 2495 2496 2497 2498 2499 2500 2501 2502 2503 2504 2505 2506 2507 2508 2509 2510 2511 2512 2513 2514 2515 2516 2517 2518 2519 2520 2521 2522 2523 2524 2525 2526 2527 2528 2529 2530 2531 2532 2533 2534 2535 2536 2537 2538 2539 2540 2541 2542 2543 2544 2545 2546 2547 2548 2549 2550 2551 2552 2553 2554 2555 2556 2557 2558 2559 2560 2561 2562 2563 2564 2565 2566 2567 2568 2569 2570 2571 2572 2573 2574 2575 2576 2577 2578 2579 2580 2581 2582 2583 2584 2585 2586 2587 2588 2589 2590 2591 2592 2593 2594 2595 2596 2597 2598 2599 2600 2601 2602 2603 2604 2605 2606 2607 2608 2609 2610 2611 2612 2613 2614 2615 2616 2617 2618 2619 2620 2621 2622 2623 2624 2625 2626 2627 2628 2629 2630 2631 2632 2633 2634 2635 2636 2637 2638 2639 2640 2641 2642 2643 2644 2645 2646 2647 2648 2649 2650 2651 2652 2653 2654 2655 2656 2657 2658 2659 2660 2661 2662 2663</DataArray>
<DataArray type="Int64" Name="offsets" format="ascii">2 4 6 8 10 12 14 16 18 20 22 24 26 28 30 32 34 36 38 40 42 44 46 48 50 52 54 56 58 60 62 64 66 68 70 72 74 76 78 80 82 84 86 88 90 92 94 96 98 100 102 104 106 108 110 112 114 116 118 120 122 124 126 128 130 132 134 136 138 140 142 144 146 148 150 152 154 156 158 160 162 164 166 168 170 172 174 176 178 180 182 184 186 188 190 192 194 196 198 200 202 204 206 208 210 212 214 216 218 220 222 224 226 228 230 232 234 236 238 240 242 244 246 248 250 252 254 256 258 260 262 264 266 268 270 272 274 276 278 280 282 284 286 288 290 292 294 296 298 300 302 304 306 308 310 312 314 316 318 320 322 324 326 328 330 332 334 336 338 340 342 344 346 348 350 352 354 356 358 360 362 364 366 368 370 372 374 376 378 380 382 384 386 388 390 392 394 396 398 400 402 404 406 408 410 412 414 416 418 420 422 424 426 428 430 432 434 436 438 440 442 444 446 448 450 452 454 456 458 460 462 464 466 468 470 472 474 476 478 480 482 484 486 488 490 492 494 496 498 500 502 504 506 508 510 512 514 516 518 520 522 524 526 528 530 532 534 536 538 540 542 544 546 548 550 552 554 556 558 560 562 564 566 568 570 572 574 576 578 580 582 584 586 588 590 592 594 596 598 600 602 604 606 608 610 612 614 616 618 620 622 624 626 628 630 632 634 636 638 640 642 644 646 648 650 652 654 656 658 660 662 664 666 668 670 672 674 676 678 680 682 684 686 688 690 692 694 696 698 700 702 704 706 708 710 712 714 716 718 720 722 724 726 728 730 732 734 736 738 740 742 744 746 748 750 752 754 756 758 760 762 764 766 768 770 772 774 776 778 780 782 784 786 788 790 792 794 796 798 800 802 804 806 808 810 812 814 816 818 820 822 824 826 828 830 832 834 836 838 840 842 844 846 848 850 852 854 856 858 860 862 864 866 868 870 872 874 876 878 880 882 884 886 888 890 892 894 896 898 900 902 904 906 908 910 912 914 916 918 920 922 924 926 928 930 932 934 936 938 940 942 944 946 948 950 952 954 956 958 960 962 964 966 968 970 972 974 976 978 980 982 984 986 988 990 992 994 996 998 1000 1002 1004 1006 1008 1010 1012 1014 1016 1018 1020 1022 1024 1026 1028 1030 1032 1034 1036 1038 1040 1042 1044 1046 1048 1050 1052 1054 1056 1058 1060 1062 1064 1066 1068 1070 1072 1074 1076 1078 1080 1082 1084 1086 1088 1090 1092 1094 1096 1098 1100 1102 1104 1106 1108 1110 1112 1114 1116 1118 1120 1122 1124 1126 1128 1130 1132 1134 1136 1138 1140 1142 1144 1146 1148 1150 1152 1154 1156 1158 1160 1162 1164 1166 1168 1170 1172 1174 1176 1178 1180 1182 1184 1186 1188 1190 1192 1194 1196 1198 1200 1202 1204 1206 1208 1210 1212 1214 1216 1218 1220 1222 1224 1226 1228 1230 1232 1234 1236 1238 1240 1242 1244 1246 1248 1250 1252 1254 1256 1258 1260 1262 1264 1266 1268 1270 1272 1274 1276 1278 1280 1282 1284 1286 1288 1290 1292 1294 1296 1298 1300 1302 1304 1306 1308 1310 1312 1314 1316 1318 1320 1322 1324 1326 1328 1330 1332 1334 1336 1338 1340 1342 1344 1346 1348 1350 1352 1354 1356 1358 1360 1362 1364 1366 1368 1370 1372 1374 1376 1378 1380 1382 1384 1386 1388 1390 1392 1394 1396 1398 1400 1402 1404 1406 1408 1410 1412 1414 1416 1418 1420 1422 1424 1426 1428 1430 1432 1434 1436 1438 1440 1442 1444 1446 1448 1450 1452 1454 1456 1458 1460 1462 1464 1466 1468 1470 1472 1474 1476 1478 1480 1482 1484 1486 1488 1490 1492 1494 1496 1498 1500 1502 1504 1506 1508 1510 1512 1514 1516 1518 1520 1522 1524 1526 1528 1530 1532 1534 1536 1538 1540 1542 1544 1546 1548 1550 1552 1554 1556 1558 1560 1562 1564 1566 1568 1570 1572 1574 1576 1578 1580 1582 1584 1586 1588 1590 1592 1594 1596 1598 1600 1602 1604 1606 1608 1610 1612 1614 1616 1618 1620 1622 1624 1626 1628 1630 1632 1634 1636 1638 1640 1642 1644 1646 1648 1650 1652 1654 1656 1658 1660 1662 1664 1666 1668 1670 1672 1674 1676 1678 1680 1682 1684 1686 1688 1690 1692 1694 1696 1698 1700 1702 1704 1706 1708 1710 1712 1714 1716 1718 1720 1722 1724 1726 1728 1730 1732 1734 1736 1738 1740 1742 1744 1746 1748 1750 1752 1754 1756 1758 1760 1762 1764 1766 1768 1770 1772 1774 1776 1778 1780 1782 1784 1786 1788 1790 1792 1794 1796 1798 1800 1802 1804 1806 1808 1810 1812 1814 1816 1818 1820 1822 1824 1826 1828 1830 1832 1834 1836 1838 1840 1842 1844 1846 1848 1850 1852 1854 1856 1858 1860 1862 1864 1866 1868 1870 1872 1874 1876 1878 1880 1882 1884 1886 1888 1890 1892 1894 1896 1898 1900 1902 1904 1906 1908 1910 1912 1914 1916 1918 1920 1922 1924 1926 1928 1930 1932 1934 1936 1938 1940 1942 1944 1946 1948 1950 1952 1954 1956 1958 1960 1962 1964 1966 1968 1970 1972 1974 1976 1978 1980 1982 1984 1986 1988 1990 1992 1994 1996 1998 2000 2002 2004 2006 2008 2010 2012 2014 2016 2018 2020 2022 2024 2026 2028 2030 2032 2034 2036 2038 2040 2042 2044 2046 2048 2050 2052 2054 2056 2058 2060 2062 2064 2066 2068 2070 2072 2074 2076 2078 2080 2082 2084 2086 2088 2090 2092 2094 2096 2098 2100 2102 2104 2106 2108 2110 2112 2114 2116 2118 2120 2122 2124 2126 2128 2130 2132 2134 2136 2138 2140 2142 2144 2146 2148 2150 2152 2154 2156 2158 2160 2162 2164 2166 2168 2170 2172 2174 2176 2178 2180 2182 2184 2186 2188 2190 2192 2194 2196 2198 2200 2202 2204 2206 2208 2210 2212 2214 2216 2218 2220 2222 2224 2226 2228 2230 2232 2234 2236 2238 2240 2242 2244 2246 2248 2250 2252 2254 2256 2258 2260 2262 2264 2266 2268 2270 2272 2274 2276 2278 2280 2282 2284 2286 2288 2290 2292 2294 2296 2298 2300 2302 2304 2306 2308 2310 2312 2314 2316 2318 2320 2322 2324 2326 2328 2330 2332 2334 2336 2338 2340 2342 2344 2346 2348 2350 2352 2354 2356 2358 2360 2362 2364 2366 2368 2370 2372 2374 2376 2378 2380 2382 2384 2386 2388 2390 2392 2394 2396 2398 2400 2402 2404 2406 2408 2410 2412 2414 2416 2418 2420 2422 2424 2426 2428 2430 2432 2434 2436 2438 2440 2442 2444 2446 2448 2450 2452 2454 2456 2458 2460 2462 2464 2466 2468 2470 2472 2474 2476 2478 2480 2482 2484 2486 2488 2490 2492 2494 2496 2498 2500 2502 2504 2506 2508 2510 2512 2514 2516 2518 2520 2522 2524 2526 2528 2530 2532 2534 2536 2538 2540 2542 2544 2546 2548 2550 2552 2554 2556 2558 2560 2562 2564 2566 2568 2570 2572 2574 2576 2578 2580 2582 2584 2586 2588 2590 2592 2594 2596 2598 2600 2602 2604 2606 2608 2610 2612 2614 2616 2618 2620 2622 2624 2626 2628 2630 2632 2634 2636 2638 2640 2642 2644 2646 2648 2650 2652 2654 2656 2658 2660 2662 2664</DataArray>
</Lines></Piece></PolyData></VTKFile>