id_i,id_j,edge_kind,distance_m,surface_gap_m,overlap_m,contact_radius_m,g_contact_W_K,g_gap_W_K,g_total_W_K,T_i_K,T_j_K,heat_i_to_j_W
1,84,contact,0.001499995997661328,-4.002338672070768e-09,4.002338672070768e-09,1.2251028536521078e-06,2.2274597339129234e-06,0.0,2.2274597339129234e-06,300.9087722021727,300.9087722021727,0.0
1,280,contact,0.001605223648503894,-0.00014477635149610598,0.00014477635149610598,0.00024909236797631,0.0024909236797631,0.0,0.0024909236797631,300.9087722021727,300.86745354978285,0.00010292160965380659
1,439,contact,0.0018677840111300428,-0.00013221598886995725,0.00013221598886995725,0.0002489502857656373,0.0024895028576563728,0.0,0.0024895028576563728,300.9087722021727,300.947042900837,-9.527501368925977e-05
1,492,contact,0.0019021427922477322,-9.785720775226789e-05,9.785720775226789e-05,0.00021417414907937786,0.00038940754378068696,0.0,0.00038940754378068696,300.9087722021727,300.9284086886431,-7.646595964922605e-06
2,6,contact,0.0014953985685762835,-4.601431423716541e-06,4.601431423716541e-06,4.153958093064617e-05,7.552651078299303e-05,0.0,7.552651078299303e-05,300.39918834410673,300.4732001692116,-5.589854906853454e-06
2,81,contact,0.001484290945199087,-1.5709054800912975e-05,1.5709054800912975e-05,7.6752169678403e-05,7.6752169678403e-05,0.0,7.6752169678403e-05,300.39918834410673,300.3307690278331,5.251330971912058e-06
2,204,contact,0.0017131125435592373,-3.688745644076278e-05,3.688745644076278e-05,0.0001257334875965192,0.0001257334875965192,0.0,0.0001257334875965192,300.39918834410673,300.49412933861555,-1.1937262355475636e-05
2,209,contact,0.0017199732314486763,-3.0026768551323765e-05,3.0026768551323765e-05,0.00011343991843008559,0.00011343991843008559,0.0,0.00011343991843008559,300.39918834410673,300.4068528728808,-8.694635189341317e-07
2,236,contact,0.0017094952061939219,-4.050479380607818e-05,4.050479380607818e-05,0.00013175430674350677,0.00013175430674350677,0.0,0.00013175430674350677,300.39918834410673,300.2994174133931,1.3145249809330885e-05
3,53,contact,0.001458644778415911,-4.135522158408905e-05,4.135522158408905e-05,0.00012453195611582352,0.00012453195611582352,0.0,0.00012453195611582352,300.6411365092738,300.6827904401215,-5.187245488377486e-06
3,135,contact,0.0016654643194316716,-8.453568056832842e-05,8.453568056832842e-05,0.00019034068767981917,0.00019034068767981917,0.0,0.00019034068767981917,300.6411365092738,300.6529854029073,-2.2553265624451152e-06
3,210,contact,0.0017194025771761542,-3.059742282384586e-05,3.059742282384586e-05,0.00011451279932924378,0.00011451279932924378,0.0,0.00011451279932924378,300.6411365092738,300.5851947290421,6.406049853793972e-06
3,494,contact,0.001905375169855008,-9.4624830144992e-05,9.4624830144992e-05,0.00021060719154498262,0.00021060719154498262,0.0,0.00021060719154498262,300.6411365092738,300.63621491951517,1.0365221970002796e-06
4,356,contact,0.0016991711737597245,-5.0828826240275574e-05,5.0828826240275574e-05,0.00014759330159056614,0.00014759330159056614,0.0,0.00014759330159056614,300.9689620546368,300.893974720503,1.1067628222277499e-05
5,105,contact,0.0016801861944799458,-6.981380552005425e-05,6.981380552005425e-05,0.0001729745714425607,0.0001729745714425607,0.0,0.0001729745714425607,300.6715095068003,300.7024501864182,-5.351950797050116e-06
5,374,contact,0.0016915748941566259,-5.842510584337418e-05,5.842510584337418e-05,0.00015823820991066537,0.00015823820991066537,0.0,0.00015823820991066537,300.6715095068003,300.6142364172171,9.062791171697318e-06
5,475,contact,0.0019378272907411025,-6.217270925889759e-05,6.217270925889759e-05,0.00017071454965851107,0.00017071454965851107,0.0,0.00017071454965851107,300.6715095068003,300.70312600480355,-5.397396218403253e-06
5,500,contact,0.001904742869579403,-9.525713042059713e-05,9.525713042059713e-05,0.00021130967768811466,0.00021130967768811466,0.0,0.00021130967768811466,300.6715095068003,300.66352806523935,1.6865558437324714e-06
6,127,contact,0.001627107659154534,-0.0001228923408454661,0.0001228923408454661,0.00022949541624317537,0.0004172643931694098,0.0,0.0004172643931694098,300.4732001692116,300.4898936495045,-6.965594924290824e-06
6,146,contact,0.0017051318021826679,-4.486819781733217e-05,4.486819781733217e-05,0.00013866949064592218,0.0002521263466289494,0.0,0.0002521263466289494,300.4732001692116,300.3747013029044,2.4834159309137384e-05
6,232,contact,0.0016246690090292244,-0.0001253309909707756,0.0001253309909707756,0.00023176126044837197,0.00042138410990613087,0.0,0.00042138410990613087,300.4732001692116,300.3515887906032,5.124510252936087e-05
6,324,contact,0.0017231623644915165,-2.6837635508483552e-05,2.6837635508483552e-05,0.00010724664931525877,0.0010724664931525878,0.0,0.0010724664931525878,300.4732001692116,300.5428559787853,-7.470352182121393e-05
7,123,contact,0.0016421579943869595,-0.00010784200561304055,0.00010784200561304055,0.0002149837259087041,0.002149837259087041,0.0,0.002149837259087041,300.4252459010969,300.3249579675251,0.00021560273622948478
7,146,contact,0.0016245490234819456,-0.0001254509765180544,0.0001254509765180544,0.00023187217215962615,0.00042158576756295664,0.0,0.00042158576756295664,300.4252459010969,300.3747013029044,2.1308883225153228e-05
7,217,contact,0.001613094720405779,-0.00013690527959422114,0.00013690527959422114,0.00024222652880034879,0.002422265288003488,0.0,0.002422265288003488,300.4252459010969,300.52764085740273,-0.00024802774832624467
7,260,contact,0.0016319632808445784,-0.0001180367191554216,0.0001180367191554216,0.00022491590729053278,0.0004089380132555141,0.0,0.0004089380132555141,300.4252459010969,300.3833323689393,1.7140036569047444e-05
7,338,contact,0.0016921820678414002,-5.781793215859981e-05,5.781793215859981e-05,0.0001574138297045627,0.0002862069630992049,0.0,0.0002862069630992049,300.4252459010969,300.4460251735032,-5.9471724508144995e-06
7,496,contact,0.0018898488508261536,-0.00011015114917384641,0.00011015114917384641,0.00022722973215501643,0.00041314496755457536,0.0,0.00041314496755457536,300.4252459010969,300.42543163553,-7.673524633805674e-08
8,171,contact,0.0016615963275895729,-8.840367241042717e-05,8.840367241042717e-05,0.00019464657247405452,0.00019464657247405452,0.0,0.00019464657247405452,300.0429167631064,300.06520656254736,-4.338633062315986e-06
8,273,contact,0.001703287664877838,-4.671233512216198e-05,4.671233512216198e-05,0.000141490537475876,0.000141490537475876,0.0,0.000141490537475876,300.0429167631064,300.06400388706203,-2.9836285023016695e-06
8,383,contact,0.001675649291625489,-7.435070837451111e-05,7.435070837451111e-05,0.00017850655255021285,0.00017850655255021285,0.0,0.00017850655255021285,300.0429167631064,300.08217644337174,-7.0081101783879616e-06
9,81,contact,0.001498674751238574,-1.325248761426109e-06,1.325248761426109e-06,2.2292785504166834e-05,2.2292785504166834e-05,0.0,2.2292785504166834e-05,300.19137100394636,300.3307690278331,-3.107570246212484e-06
9,124,contact,0.0017486826441638864,-1.317355836113641e-06,1.317355836113641e-06,2.3760914810253662e-05,2.3760914810253662e-05,0.0,2.3760914810253662e-05,300.19137100394636,300.0614835115187,3.0862456424910034e-06
9,239,contact,0.0017496460178670359,-3.539821329641771e-07,3.539821329641771e-07,1.2316924470549406e-05,1.2316924470549406e-05,0.0,1.2316924470549406e-05,300.19137100394636,300.1896396785836,2.13246037269985e-08
10,23,contact,0.001415916434151394,-8.408356584860602e-05,8.408356584860602e-05,0.0001775706540879637,0.0001775706540879637,0.0,0.0001775706540879637,300.5810281460195,300.51855433113803,1.1093516171870715e-05
10,114,contact,0.0016188372286922484,-0.0001311627713077516,0.0001311627713077516,0.00023709199960089474,0.00023709199960089474,0.0,0.00023709199960089474,300.5810281460195,300.60839655742063,-6.488831384996601e-06
10,386,contact,0.0016989323871773117,-5.106761282268834e-05,5.106761282268834e-05,0.00014793958152283703,0.00014793958152283703,0.0,0.00014793958152283703,300.5810281460195,300.6623005168346,-1.202340052775469e-05
10,452,contact,0.0018957813361514032,-0.00010421866384859686,0.00010421866384859686,0.00022102601357991728,0.00022102601357991728,0.0,0.00022102601357991728,300.5810281460195,300.5474632473872,7.41871574090644e-06
11,42,contact,0.001476776613777453,-2.322338622254695e-05,2.322338622254695e-05,9.332078993158548e-05,9.332078993158548e-05,0.0,9.332078993158548e-05,300.3499886964028,300.30825484711465,3.894635782457204e-06
11,271,contact,0.001734707693820489,-1.529230617951108e-05,1.529230617951108e-05,8.095582440754185e-05,8.095582440754185e-05,0.0,8.095582440754185e-05,300.3499886964028,300.37488347568944,-2.0153773805926117e-06
11,482,contact,0.0019810398753432506,-1.896012465674949e-05,1.896012465674949e-05,9.427384808551797e-05,9.427384808551797e-05,0.0,9.427384808551797e-05,300.3499886964028,300.36992273367844,-1.879258401852689e-06
12,273,contact,0.0016433993218022212,-0.00010660067819777885,0.00010660067819777885,0.00021374284769766033,0.00021374284769766033,0.0,0.00021374284769766033,300.03863269631546,300.06400388706203,-5.422910559652095e-06
12,370,contact,0.0016549920030018274,-9.500799699817264e-05,9.500799699817264e-05,0.00020178630528164404,0.00020178630528164404,0.0,0.00020178630528164404,300.03863269631546,300.0530800872187,-2.9152856313221236e-06
12,383,contact,0.0016681286360769668,-8.187136392303327e-05,8.187136392303327e-05,0.00018731718393032095,0.00018731718393032095,0.0,0.00018731718393032095,300.03863269631546,300.08217644337174,-8.156492076355835e-06
13,263,contact,0.001675464635377303,-7.453536462269698e-05,7.453536462269698e-05,0.00017872808311913816,0.00017872808311913816,0.0,0.00017872808311913816,300.61392602757684,300.6491232662155,-6.290734992974423e-06
13,346,contact,0.0017496750167959759,-3.2498320402417e-07,3.2498320402417e-07,1.1801631921491135e-05,2.1457512584529334e-05,0.0,2.1457512584529334e-05,300.61392602757684,300.5767526820013,7.976475304958804e-07
13,489,contact,0.0019275472880306266,-7.245271196937341e-05,7.245271196937341e-05,0.00018428838470083725,0.00018428838470083725,0.0,0.00018428838470083725,300.61392602757684,300.5841190081524,5.4930874624736985e-06
14,233,contact,0.0016772305640251125,-7.276943597488757e-05,7.276943597488757e-05,0.00017659813456572714,0.00017659813456572714,0.0,0.00017659813456572714,300.66491290634167,300.635465494072,5.20035807461511e-06
14,249,contact,0.0016961986937856085,-5.380130621439154e-05,5.380130621439154e-05,0.00015184762975861907,0.00015184762975861907,0.0,0.00015184762975861907,300.66491290634167,300.71681673366527,-7.88147315448919e-06
14,262,contact,0.001659199224053579,-9.080077594642109e-05,9.080077594642109e-05,0.00019726788451938115,0.00019726788451938115,0.0,0.00019726788451938115,300.66491290634167,300.74165671787773,-1.5139089351673013e-05
14,270,contact,0.0016328354369623424,-0.00011716456303765763,0.00011716456303765763,0.00022408343124603417,0.00022408343124603417,0.0,0.00022408343124603417,300.66491290634167,300.58538804217625,1.7820204431562355e-05
15,49,contact,0.001416777428940763,-8.322257105923699e-05,8.322257105923699e-05,0.00017665917510057005,0.00017665917510057005,0.0,0.00017665917510057005,300.5820197577295,300.50535171952,1.3544112386670074e-05
15,250,contact,0.00166085992341317,-8.914007658683012e-05,8.914007658683012e-05,0.00019545559589273552,0.00019545559589273552,0.0,0.00019545559589273552,300.5820197577295,300.6666997316166,-1.6551174756282726e-05
15,302,contact,0.0016779658821385497,-7.203411786145032e-05,7.203411786145032e-05,0.0001757036277308025,0.0001757036277308025,0.0,0.0001757036277308025,300.5820197577295,300.6312380711381,-8.647836216687954e-06
15,311,contact,0.0016965258831506222,-5.34741168493778e-05,5.34741168493778e-05,0.00015138519957292172,0.00015138519957292172,0.0,0.00015138519957292172,300.5820197577295,300.5027505946031,1.2000178079861758e-05
15,405,contact,0.001963322953209685,-3.667704679031483e-05,3.667704679031483e-05,0.00013111966169480484,0.00013111966169480484,0.0,0.00013111966169480484,300.5820197577295,300.5939814554074,-1.568413752824198e-06
15,436,contact,0.0019057038177534306,-9.42961822465694e-05,9.42961822465694e-05,0.00021024113638410397,0.00021024113638410397,0.0,0.00021024113638410397,300.5820197577295,300.57620198923587,1.2231342593170523e-06
16,86,contact,0.0014575152455463365,-4.248475445366357e-05,4.248475445366357e-05,0.00012622116668817412,0.00012622116668817412,0.0,0.00012622116668817412,300.6201570193516,300.60792577021783,1.5438425357190016e-06
16,152,contact,0.0017003950063735195,-4.960499362648054e-05,4.960499362648054e-05,0.00014580563426279993,0.00014580563426279993,0.0,0.00014580563426279993,300.6201570193516,300.70535100272923,-1.2421762781748524e-05
16,330,contact,0.0016815537548945617,-6.844624510543833e-05,6.844624510543833e-05,0.0001712720206139574,0.0001712720206139574,0.0,0.0001712720206139574,300.6201570193516,300.52092443434856,1.699576534421885e-05
16,365,contact,0.00168360112998893,-6.639887001106998e-05,6.639887001106998e-05,0.0001686910151020879,0.0001686910151020879,0.0,0.0001686910151020879,300.6201570193516,300.6564235928528,-6.117845098186179e-06
17,82,contact,0.0014003673589812072,-9.963264101879284e-05,9.963264101879284e-05,0.00019329314623660953,0.00019329314623660953,0.0,0.00019329314623660953,300.2812410542811,300.2832680574892,-3.918058275196004e-07
17,140,contact,0.001709941722515711,-4.005827748428895e-05,4.005827748428895e-05,0.0001310260783491302,0.0001310260783491302,0.0,0.0001310260783491302,300.2812410542811,300.17046621359475,1.451439295488351e-05
17,141,contact,0.0016793772506497756,-7.062274935022445e-05,7.062274935022445e-05,0.00017397382728062178,0.00017397382728062178,0.0,0.00017397382728062178,300.2812410542811,300.200956556056,1.396740142752943e-05
17,419,contact,0.001986120982040117,-1.3879017959883208e-05,1.3879017959883208e-05,8.065847549201047e-05,8.065847549201047e-05,0.0,8.065847549201047e-05,300.2812410542811,300.38901545011754,-8.69291846523888e-06
17,443,contact,0.0019194474007119859,-8.055259928801419e-05,8.055259928801419e-05,0.00019431683127371302,0.00019431683127371302,0.0,0.00019431683127371302,300.2812410542811,300.3504763844817,-1.3453589976763955e-05
17,448,contact,0.0019074458199644891,-9.255418003551092e-05,9.255418003551092e-05,0.00020829011472378074,0.00020829011472378074,0.0,0.00020829011472378074,300.2812410542811,300.3097756783113,-5.943480112853365e-06
18,65,contact,0.0013669765542978407,-0.00013302344570215933,0.00013302344570215933,0.00022334679791371478,0.00022334679791371478,0.0,0.00022334679791371478,300.66147857281675,300.73691370032617,-1.6848194179442242e-05
18,183,contact,0.001595381108348011,-0.00015461889165198904,0.00015461889165198904,0.0002574203552157907,0.0002574203552157907,0.0,0.0002574203552157907,300.66147857281675,300.6612750080133,5.240172400786328e-08
18,266,contact,0.0016197300952423379,-0.00013026990475766215,0.00013026990475766215,0.0002362836413759006,0.0002362836413759006,0.0,0.0002362836413759006,300.66147857281675,300.62561753207206,8.473377290685309e-06
18,477,contact,0.0018585011707556174,-0.00014149882924438268,0.00014149882924438268,0.0002575414067840439,0.0002575414067840439,0.0,0.0002575414067840439,300.66147857281675,300.6291637102529,8.322415164727213e-06
19,106,contact,0.0016562971225598376,-9.370287744016239e-05,9.370287744016239e-05,0.00020039554896699648,0.00020039554896699648,0.0,0.00020039554896699648,300.4022075983455,300.29764225475714,2.0954429431315302e-05
19,311,contact,0.0016191413088733184,-0.00013085869112668168,0.00013085869112668168,0.00023681700994047976,0.00023681700994047976,0.0,0.00023681700994047976,300.4022075983455,300.5027505946031,-2.3810291744185438e-05
19,345,contact,0.0015779862985780323,-0.00017201370142196776,0.00017201370142196776,0.00027151456268913437,0.00027151456268913437,0.0,0.00027151456268913437,300.4022075983455,300.4422059067488,-1.0860123214430501e-05
19,456,contact,0.001894264628318863,-0.00010573537168113707,0.00010573537168113707,0.00022262851451584768,0.00022262851451584768,0.0,0.00022262851451584768,300.4022075983455,300.3405983046881,1.3715985527317098e-05
20,24,contact,0.0014720853579191656,-2.791464208083444e-05,2.791464208083444e-05,0.00010231319944324348,0.00010231319944324348,0.0,0.00010231319944324348,300.4856859682397,300.4476352622932,3.8930894664593355e-06
20,218,contact,0.0017051716223594607,-4.4828377640539294e-05,4.4828377640539294e-05,0.0001386079429395928,0.0001386079429395928,0.0,0.0001386079429395928,300.4856859682397,300.3988609354317,1.2034639193180648e-05
20,349,contact,0.0016592274226277714,-9.077257737222862e-05,9.077257737222862e-05,0.0001972372509429356,0.0001972372509429356,0.0,0.0001972372509429356,300.4856859682397,300.444287084987,8.165401924863848e-06
20,362,contact,0.001652677322710033,-9.732267728996711e-05,9.732267728996711e-05,0.0002042295738588252,0.0002042295738588252,0.0,0.0002042295738588252,300.4856859682397,300.53096455822475,-9.247227137577198e-06
20,457,contact,0.0019491128305205946,-5.088716947940545e-05,5.088716947940545e-05,0.0001544453323783898,0.0001544453323783898,0.0,0.0001544453323783898,300.4856859682397,300.58180997029467,-1.4845903446922111e-05
21,57,contact,0.0014536081130758734,-4.63918869241266e-05,4.63918869241266e-05,0.00013189752687805587,0.00013189752687805587,0.0,0.00013189752687805587,300.7591319584769,300.7792143139307,-2.648813018239694e-06
21,113,contact,0.001744390063059293,-5.609936940707046e-06,5.609936940707046e-06,4.9033240652382424e-05,4.9033240652382424e-05,0.0,4.9033240652382424e-05,300.7591319584769,300.78452442607886,-1.2450749746833737e-06
21,168,contact,0.00171192573331906,-3.8074266680940055e-05,3.8074266680940055e-05,0.0001277401380274032,0.0001277401380274032,0.0,0.0001277401380274032,300.7591319584769,300.71020355751233,6.2501206926779395e-06
21,335,contact,0.0017358304510809793,-1.4169548919020772e-05,1.4169548919020772e-05,7.792729831347596e-05,7.792729831347596e-05,0.0,7.792729831347596e-05,300.7591319584769,300.85267334051514,-7.289427182746486e-06
21,394,contact,0.0016925802091481517,-5.741979085184838e-05,5.741979085184838e-05,0.00015687090805388136,0.00015687090805388136,0.0,0.00015687090805388136,300.7591319584769,300.6857916509438,1.1504960639668495e-05
21,423,contact,0.0019492827116660118,-5.071728833398823e-05,5.071728833398823e-05,0.00015418731759310486,0.00015418731759310486,0.0,0.00015418731759310486,300.7591319584769,300.8017539215493,-6.571766156677931e-06
22,384,contact,0.0017226044349182435,-2.7395565081756498e-05,2.7395565081756498e-05,0.00010835569419098347,0.00010835569419098347,0.0,0.00010835569419098347,300.53759480703866,300.51714532049397,2.2158183103992568e-06
22,424,contact,0.0019711095718909183,-2.889042810908177e-05,2.889042810908177e-05,0.0001163717670920747,0.0001163717670920747,0.0,0.0001163717670920747,300.53759480703866,300.5103097846329,3.1752062725038927e-06
22,494,contact,0.001993625144328793,-6.37485567120703e-06,6.37485567120703e-06,5.46645552060775e-05,5.46645552060775e-05,0.0,5.46645552060775e-05,300.53759480703866,300.63621491951517,-5.3910245829017675e-06
23,49,contact,0.0014479314329975317,-5.2068567002468364e-05,5.2068567002468364e-05,0.0001397344360776027,0.0001397344360776027,0.0,0.0001397344360776027,300.51855433113803,300.50535171952,1.8448594892005872e-06
23,93,contact,0.0013974583577116915,-0.00010254164228830852,0.00010254164228830852,0.00019609466045284276,0.00019609466045284276,0.0,0.00019609466045284276,300.51855433113803,300.4421896910212,1.4974698174311676e-05
23,349,contact,0.0016771952541072847,-7.280474589271531e-05,7.280474589271531e-05,0.00017664097473129174,0.00017664097473129174,0.0,0.00017664097473129174,300.51855433113803,300.444287084987,1.311863875072312e-05
23,405,contact,0.0019197517221999493,-8.024827780005075e-05,8.024827780005075e-05,0.00019394942696170512,0.00019394942696170512,0.0,0.00019394942696170512,300.51855433113803,300.5939814554074,-1.4629047529413167e-05
23,452,contact,0.0019546350298713052,-4.536497012869482e-05,4.536497012869482e-05,0.00014582465411522736,0.00014582465411522736,0.0,0.00014582465411522736,300.51855433113803,300.5474632473872,-4.215632712882623e-06
24,52,contact,0.0014380874275926338,-6.19125724073662e-05,6.19125724073662e-05,0.00015237196150460992,0.00015237196150460992,0.0,0.00015237196150460992,300.4476352622932,300.4939629532945,-7.059041149846797e-06
24,218,contact,0.0016253028427034761,-0.0001246971572965239,0.0001246971572965239,0.00023117447705438285,0.00023117447705438285,0.0,0.00023117447705438285,300.4476352622932,300.3988609354317,1.1275379505891207e-05
24,362,contact,0.0016255478393452463,-0.00012445216065475376,0.00012445216065475376,0.00023094726731574193,0.00023094726731574193,0.0,0.00023094726731574193,300.4476352622932,300.53096455822475,-1.924467318273592e-05
24,482,contact,0.0018735309408974285,-0.0001264690591025715,0.0001264690591025715,0.00024347971466701367,0.00024347971466701367,0.0,0.00024347971466701367,300.4476352622932,300.36992273367844,1.8921424293175837e-05
25,41,contact,0.0014999561864643843,-4.381353561574465e-08,4.381353561574465e-08,4.053402996977261e-06,4.053402996977261e-06,0.0,4.053402996977261e-06,300.15151242570795,300.15151242570795,0.0
26,247,contact,0.0017451096259261196,-4.890374073880394e-06,4.890374073880394e-06,4.578072305121008e-05,4.578072305121008e-05,0.0,4.578072305121008e-05,300.4388519685126,300.4677980143595,-1.3251709083449232e-06
26,341,contact,0.0017204876683080289,-2.9512331691971183e-05,2.9512331691971183e-05,0.00011246395935455027,0.00011246395935455027,0.0,0.00011246395935455027,300.4388519685126,300.42014779728754,2.1035451524165413e-06
26,357,contact,0.0017493277302438215,-6.722697561785049e-07,6.722697561785049e-07,1.6973968592842035e-05,1.6973968592842035e-05,0.0,1.6973968592842035e-05,300.4388519685126,300.34609830279186,1.5743978088149747e-06
26,440,contact,0.0019708197623577867,-2.9180237642213377e-05,2.9180237642213377e-05,0.0001169539926414978,0.0001169539926414978,0.0,0.0001169539926414978,300.4388519685126,300.4936666874066,-6.410800230170572e-06
26,442,contact,0.001995037968185066,-4.962031814934216e-06,4.962031814934216e-06,4.822812885910476e-05,4.822812885910476e-05,0.0,4.822812885910476e-05,300.4388519685126,300.35470961687525,4.058028177274406e-06
27,126,contact,0.0016395968931417263,-0.00011040310685827377,0.00011040310685827377,0.00021752153278462908,0.00021752153278462908,0.0,0.00021752153278462908,300.219650765177,300.1366843545443,1.8046980810465434e-05
27,235,contact,0.0016075495629062255,-0.0001424504370937745,0.0001424504370937745,0.0002470833610867056,0.0002470833610867056,0.0,0.0002470833610867056,300.219650765177,300.2542189369949,-8.541220079391787e-06
27,248,contact,0.00154629233526523,-0.00020370766473477007,0.00020370766473477007,0.00029547129282948966,0.000537220532417254,0.0,0.000537220532417254,300.219650765177,300.25502541570745,-1.9003988592046445e-05
27,429,contact,0.0018341676399936837,-0.0001658323600063163,0.0001658323600063163,0.00027880803208114494,0.00027880803208114494,0.0,0.00027880803208114494,300.219650765177,300.1855834974949,9.498227860821172e-06
28,110,contact,0.0017243560370958767,-2.5643962904123296e-05,2.5643962904123296e-05,0.000104834487722566,0.000104834487722566,0.0,0.000104834487722566,300.95058321633235,300.95637956000644,-6.076567197373693e-07
28,111,contact,0.0015548166714117787,-0.00019518332858822133,0.00019518332858822133,0.0002892230937639326,0.0002892230937639326,0.0,0.0002892230937639326,300.95058321633235,300.8920147901721,1.693934141095591e-05
28,154,contact,0.0016089751876582812,-0.00014102481234171886,0.00014102481234171886,0.00024584386363972574,0.00024584386363972574,0.0,0.00024584386363972574,300.95058321633235,300.88332912349614,1.6534006028438224e-05
29,88,contact,0.001400515258967213,-9.948474103278694e-05,9.948474103278694e-05,0.00019314962564627225,0.00019314962564627225,0.0,0.00019314962564627225,300.0923556557782,300.03896580692015,1.0312229320242681e-05
29,139,contact,0.0016758033678507744,-7.419663214922566e-05,7.419663214922566e-05,0.00017832149796191828,0.00017832149796191828,0.0,0.00017832149796191828,300.0923556557782,300.17524744605646,-1.4781388211165882e-05
29,337,contact,0.0016878896711870716,-6.211032881292848e-05,6.211032881292848e-05,0.00016315242060232487,0.00016315242060232487,0.0,0.00016315242060232487,300.0923556557782,300.06496311771826,4.46915889091857e-06
30,75,contact,0.0014635556125409109,-3.644438745908918e-05,3.644438745908918e-05,0.0001169044280476939,0.0001169044280476939,0.0,0.0001169044280476939,300.33242253486685,300.26167873259953,8.270263741979718e-06
30,264,contact,0.0016169572986631398,-0.00013304270133686021,0.00013304270133686021,0.00023878505098297106,0.00023878505098297106,0.0,0.00023878505098297106,300.33242253486685,300.4011820493325,-1.641874416723876e-05
30,357,contact,0.0016758876578398681,-7.411234216013192e-05,7.411234216013192e-05,0.0001782201794251769,0.0001782201794251769,0.0,0.0001782201794251769,300.33242253486685,300.34609830279186,-2.4372978133720283e-06
30,425,contact,0.001891399826424863,-0.00010860017357513705,0.00010860017357513705,0.0002256243146545724,0.0004102260266446771,0.0,0.0004102260266446771,300.33242253486685,300.3081275529162,9.966433913029474e-06
30,432,contact,0.001998617757576471,-1.3822424235290266e-06,1.3822424235290266e-06,2.5454393255963323e-05,2.5454393255963323e-05,0.0,2.5454393255963323e-05,300.33242253486685,300.3080910051635,6.193443255888497e-07
31,473,contact,0.002000001305799573,-0.0,0.0,9.682458365518543e-08,9.682458365518543e-08,0.0,9.682458365518543e-08,300.7963066559633,300.79630665596335,-5.503840364735051e-21
32,228,contact,0.0016217208273620958,-0.0001282791726379042,0.0001282791726379042,0.00023447129520132634,0.00023447129520132634,0.0,0.00023447129520132634,300.8681369605069,300.86570970258276,5.691223092574051e-07
32,286,contact,0.0016238781203033682,-0.00012612187969663182,0.00012612187969663182,0.00023249136361529508,0.00023249136361529508,0.0,0.00023249136361529508,300.8681369605069,300.74967938143425,2.7540364089164685e-05
32,287,contact,0.0016453478945183608,-0.00010465210548163927,0.00010465210548163927,0.00021178031624604295,0.00021178031624604295,0.0,0.00021178031624604295,300.8681369605069,300.94827451085325,-1.6971555755536284e-05
32,495,contact,0.0018714044409963869,-0.00012859555900361316,0.00012859555900361316,0.00024551816283717925,0.00024551816283717925,0.0,0.00024551816283717925,300.8681369605069,300.9135019571904,-1.113793064285537e-05
33,263,contact,0.0017076698112925683,-4.233018870743177e-05,4.233018870743177e-05,0.00013469042076570326,0.00013469042076570326,0.0,0.00013469042076570326,300.5761830052023,300.6491232662155,-9.824354446624474e-06
33,268,contact,0.0016787340557991913,-7.126594420080873e-05,7.126594420080873e-05,0.0001747642626930126,0.0001747642626930126,0.0,0.0001747642626930126,300.5761830052023,300.5398946881528,6.341900973530546e-06
33,367,contact,0.0017053760117932927,-4.4623988206707365e-05,4.4623988206707365e-05,0.00013829159907349092,0.00013829159907349092,0.0,0.00013829159907349092,300.5761830052023,300.6047248447499,-3.947096631534646e-06
33,404,contact,0.0019749736146085608,-2.502638539143929e-05,2.502638539143929e-05,0.00010831028645626031,0.00010831028645626031,0.0,0.00010831028645626031,300.5761830052023,300.50758794975843,7.429550104611132e-06
34,247,contact,0.0017012360184583436,-4.876398154165639e-05,4.876398154165639e-05,0.00014456434287935064,0.00014456434287935064,0.0,0.00014456434287935064,300.3968070134034,300.4677980143595,-1.0262767403565742e-05
34,357,contact,0.001714320260103112,-3.567973989688795e-05,3.567973989688795e-05,0.00012365806523905452,0.00012365806523905452,0.0,0.00012365806523905452,300.3968070134034,300.34609830279186,6.270541044992515e-06
34,444,contact,0.0019515203075807332,-4.8479692419266815e-05,4.8479692419266815e-05,0.00015074765610626032,0.00015074765610626032,0.0,0.00015074765610626032,300.3968070134034,300.370324171403,3.99222635859349e-06
35,79,contact,0.0014999960375075964,-3.962492403641882e-09,3.962492403641882e-09,1.2189891924728888e-06,1.2189891924728888e-06,0.0,1.2189891924728888e-06,300.1515124257078,300.15151242570784,-6.929151325453454e-20
35,186,contact,0.0017500397688052696,-0.0,0.0,9.258200997725515e-08,9.258200997725515e-08,0.0,9.258200997725515e-08,300.1515124257078,300.1515124257073,4.210142377690097e-20
36,100,contact,0.0013758934362805867,-0.0001241065637194133,0.0001241065637194133,0.00021573122489519216,0.0021573122489519218,0.0,0.0021573122489519218,300.0422959244493,300.1447507644094,-0.00022102708121033918
36,289,contact,0.0017321529517914979,-1.7847048208502166e-05,1.7847048208502166e-05,8.74570462941719e-05,0.00015901281144394894,0.0,0.00015901281144394894,300.0422959244493,300.104465961895,-9.885832441815764e-06
36,447,contact,0.001954780864547226,-4.5219135452773986e-05,4.5219135452773986e-05,0.00014559007433025028,0.0002647092260550005,0.0,0.0002647092260550005,300.0422959244493,300.07298325817544,-8.123220360332971e-06
37,167,contact,0.0017323578171959742,-1.7642182804025828e-05,1.7642182804025828e-05,8.695363987458857e-05,8.695363987458857e-05,0.0,8.695363987458857e-05,300.0531287350679,300.0564762903364,-2.9108211527536976e-07
37,254,contact,0.0016737622017777792,-7.623779822222079e-05,7.623779822222079e-05,0.00018075768889659293,0.00018075768889659293,0.0,0.00018075768889659293,300.0531287350679,300.1569373099939,-1.8764198091273696e-05
37,289,contact,0.001731288608233763,-1.8711391766237104e-05,1.8711391766237104e-05,8.954980681060068e-05,8.954980681060068e-05,0.0,8.954980681060068e-05,300.0531287350679,300.104465961895,-4.597238744560179e-06
38,80,contact,0.0014479620092046617,-5.2037990795338355e-05,5.2037990795338355e-05,0.00013969340194959777,0.00013969340194959777,0.0,0.00013969340194959777,300.8719272116871,300.8889094708257,-2.372309551862784e-06
38,131,contact,0.001740226164669409,-9.77383533059097e-06,9.77383533059097e-06,6.472083567332294e-05,6.472083567332294e-05,0.0,6.472083567332294e-05,300.8719272116871,300.7569348017284,7.442404868615651e-06
38,215,contact,0.0016569388310764526,-9.306116892354743e-05,9.306116892354743e-05,0.0001997081823814231,0.000363105786148042,0.0,0.000363105786148042,300.8719272116871,300.98247681814297,-4.014120176052283e-05
38,253,contact,0.0016561048107834233,-9.389518921657674e-05,9.389518921657674e-05,0.00020060108518782466,0.00020060108518782466,0.0,0.00020060108518782466,300.8719272116871,300.79356767494005,1.57190081062694e-05
38,364,contact,0.001641852201569922,-0.00010814779843007797,0.00010814779843007797,0.00021528831011003225,0.00021528831011003225,0.0,0.00021528831011003225,300.8719272116871,300.78203799137816,1.935209833741556e-05
39,45,contact,0.001478290873948695,-2.1709126051304992e-05,2.1709126051304992e-05,9.022705951785956e-05,9.022705951785956e-05,0.0,9.022705951785956e-05,300.7882086713725,300.78719903868074,9.109618897077843e-08
39,159,contact,0.0017093698619666843,-4.063013803331573e-05,4.063013803331573e-05,0.00013195800960908913,0.00013195800960908913,0.0,0.00013195800960908913,300.7882086713725,300.79511707367055,-9.116190168297856e-07
39,249,contact,0.0016942989174286798,-5.570108257132024e-05,5.570108257132024e-05,0.00015450531554145902,0.00015450531554145902,0.0,0.00015450531554145902,300.7882086713725,300.71681673366527,1.1030433862572214e-05
39,413,contact,0.001950098337853761,-4.990166214623908e-05,4.990166214623908e-05,0.0001529424863504238,0.0001529424863504238,0.0,0.0001529424863504238,300.7882086713725,300.85870396795985,-1.0781725936080327e-05
39,462,contact,0.0019435164849313743,-5.648351506862574e-05,5.648351506862574e-05,0.00016271646409757776,0.00016271646409757776,0.0,0.00016271646409757776,300.7882086713725,300.78469449163345,5.718149013426294e-07
40,68,contact,0.001499649522988621,-3.5047701137905403e-07,3.5047701137905403e-07,1.1464243510460918e-05,1.1464243510460918e-05,0.0,1.1464243510460918e-05,300.8943301058462,300.8358112387236,6.708745426502884e-07
40,102,contact,0.0016400243190989579,-0.00010997568090104215,0.00010997568090104215,0.00021710005682144628,0.00021710005682144628,0.0,0.00021710005682144628,300.8943301058462,300.9396497568518,-9.83889880843746e-06
40,355,contact,0.0016949170000020652,-5.508299999793485e-05,5.508299999793485e-05,0.00015364569632474233,0.00015364569632474233,0.0,0.00015364569632474233,300.8943301058462,300.9561258452696,-9.494649413604467e-06
40,460,contact,0.0018518567830693603,-0.0001481432169306398,0.0001481432169306398,0.0002635187525324097,0.0002635187525324097,0.0,0.0002635187525324097,300.8943301058462,300.82514256059693,1.823221561487315e-05
40,492,contact,0.001840200657591448,-0.000159799342408552,0.000159799342408552,0.0002736894988011209,0.0002736894988011209,0.0,0.0002736894988011209,300.8943301058462,300.9284086886431,-9.326950245534515e-06
40,497,contact,0.0018912691333863622,-0.00010873086661363786,0.00010873086661363786,0.00022576003571301708,0.00022576003571301708,0.0,0.00022576003571301708,300.8943301058462,300.85110984199724,9.757408310071704e-06
41,79,contact,0.0015000208509651075,-0.0,0.0,8.660254037844388e-08,8.660254037844388e-08,0.0,8.660254037844388e-08,300.15151242570795,300.15151242570784,9.845568954283849e-21
41,186,contact,0.0017500011958727344,-0.0,0.0,9.258200997725515e-08,9.258200997725515e-08,0.0,9.258200997725515e-08,300.15151242570795,300.1515124257073,5.788945769323884e-20
42,274,contact,0.001735213549278589,-1.4786450721411071e-05,1.4786450721411071e-05,7.960559219788628e-05,7.960559219788628e-05,0.0,7.960559219788628e-05,300.30825484711465,300.2092419308941,7.881981830976174e-06
42,392,contact,0.0017270491272977735,-2.2950872702226554e-05,2.2950872702226554e-05,9.917705531499833e-05,9.917705531499833e-05,0.0,9.917705531499833e-05,300.30825484711465,300.23083850590115,7.67792475481674e-06
42,414,contact,0.0019684178788560124,-3.158212114398769e-05,3.158212114398769e-05,0.00012167217959025896,0.00012167217959025896,0.0,0.00012167217959025896,300.30825484711465,300.4041294409834,-1.1665270803342552e-05
43,206,contact,0.001687410708659869,-6.25892913401311e-05,6.25892913401311e-05,0.00016378028575782046,0.00016378028575782046,0.0,0.00016378028575782046,300.7597226656196,300.8266563119468,-1.0962411722279433e-05
43,258,contact,0.0016877905672801942,-6.220943271980587e-05,6.220943271980587e-05,0.00016328253259716843,0.00016328253259716843,0.0,0.00016328253259716843,300.7597226656196,300.78590123913597,-4.274503783530318e-06
43,490,contact,0.0019303436095856287,-6.965639041437138e-05,6.965639041437138e-05,0.00018069707525783749,0.0003285401368324318,0.0,0.0003285401368324318,300.7597226656196,300.713345027707,1.5236915505770204e-05
45,249,contact,0.0016541361245072904,-9.586387549270965e-05,9.586387549270965e-05,0.00020269316236199025,0.00020269316236199025,0.0,0.00020269316236199025,300.78719903868074,300.71681673366527,1.4266011977911993e-05
45,265,contact,0.001661209974205548,-8.879002579445213e-05,8.879002579445213e-05,0.00019507144382923487,0.00019507144382923487,0.0,0.00019507144382923487,300.78719903868074,300.78958307635395,-4.6505767105628717e-07
45,326,contact,0.001673288875239419,-7.671112476058113e-05,7.671112476058113e-05,0.0001813179426476137,0.0001813179426476137,0.0,0.0001813179426476137,300.78719903868074,300.8542771007343,-1.2162456208339345e-05
45,358,contact,0.0017412970717255575,-8.702928274442528e-06,8.702928274442528e-06,6.107230471607004e-05,6.107230471607004e-05,0.0,6.107230471607004e-05,300.78719903868074,300.8125362503124,-1.5474019094246278e-06
46,178,contact,0.0016679860739826336,-8.201392601736644e-05,8.201392601736644e-05,0.00018748020011727688,0.0003408730911223216,0.0,0.0003408730911223216,300.04351622446535,300.04354923675544,-1.1253001367704545e-08
46,294,contact,0.0016568985545289136,-9.31014454710864e-05,9.31014454710864e-05,0.00019975139420692025,0.00019975139420692025,0.0,0.00019975139420692025,300.04351622446535,300.0569913853296,-2.691682169792838e-06
46,415,contact,0.001866120124107771,-0.00013387987589222913,0.00013387987589222913,0.00025051185964836554,0.00025051185964836554,0.0,0.00025051185964836554,300.04351622446535,300.12950560876027,-2.154136056973814e-05
48,339,contact,0.0016666055755123952,-8.339442448760488e-05,8.339442448760488e-05,0.00018905149467154432,0.0018905149467154433,0.0,0.0018905149467154433,300.2775291815833,300.3377793028438,-0.00011390375478435664
48,379,contact,0.001741330143617112,-8.669856382887992e-06,8.669856382887992e-06,6.095615420548958e-05,0.00011082937128270832,0.0,0.00011082937128270832,300.2775291815833,300.23709282821255,4.481535621045759e-06
48,385,contact,0.0016767427272271086,-7.325727277289148e-05,7.325727277289148e-05,0.00017718909121479493,0.0017718909121479495,0.0,0.0017718909121479495,300.2775291815833,300.2375707054458,7.080206073129104e-05
48,390,contact,0.001700440597756946,-4.955940224305399e-05,4.955940224305399e-05,0.00014573861471295693,0.00026497929947810354,0.0,0.00026497929947810354,300.2775291815833,300.2623031575404,4.034581184732721e-06
48,432,contact,0.0019221789722083636,-7.782102779163645e-05,7.782102779163645e-05,0.00019099373491643538,0.0003472613362117007,0.0,0.0003472613362117007,300.2775291815833,300.3080910051635,-1.0612939693516679e-05
48,451,contact,0.0018786034618833217,-0.00012139653811667835,0.00012139653811667835,0.00023854690784454318,0.0004337216506264422,0.0,0.0004337216506264422,300.2775291815833,300.1733182968479,4.519851694067101e-05
49,224,contact,0.001671573854275066,-7.8426145724934e-05,7.8426145724934e-05,0.00018333359024108484,0.00018333359024108484,0.0,0.00018333359024108484,300.50535171952,300.4039605545204,1.858840629810244e-05
49,351,contact,0.0017219893457614656,-2.8010654238534412e-05,2.8010654238534412e-05,0.00010956535082875896,0.00010956535082875896,0.0,0.00010956535082875896,300.50535171952,300.5345528711432,-3.1994344222025903e-06
50,222,contact,0.0017034254572013882,-4.6574542798611795e-05,4.6574542798611795e-05,0.00014128169853969833,0.00014128169853969833,0.0,0.00014128169853969833,300.1599065845759,300.13086138763515,4.103554758206186e-06
50,284,contact,0.001729747236088556,-2.0252763911443985e-05,2.0252763911443985e-05,9.316520789461817e-05,9.316520789461817e-05,0.0,9.316520789461817e-05,300.1599065845759,300.0627614435054,9.050547263783693e-06
50,347,contact,0.0016985972734382497,-5.1402726561750305e-05,5.1402726561750305e-05,0.00014842418925173836,0.00014842418925173836,0.0,0.00014842418925173836,300.1599065845759,300.2041935574764,-6.573258047173747e-06
50,392,contact,0.0017371293233200242,-1.2870676679975837e-05,1.2870676679975837e-05,7.426980740124627e-05,7.426980740124627e-05,0.0,7.426980740124627e-05,300.1599065845759,300.23083850590115,-5.268100135428036e-06
50,402,contact,0.0019499292651173272,-5.0070734882672876e-05,5.0070734882672876e-05,0.0001532013608825095,0.0001532013608825095,0.0,0.0001532013608825095,300.1599065845759,300.2147051869145,-8.39522045273629e-06
50,450,contact,0.0019837473810675383,-1.6252618932461726e-05,1.6252618932461726e-05,8.728353295204905e-05,8.728353295204905e-05,0.0,8.728353295204905e-05,300.1599065845759,300.0787632534804,7.0824766135097175e-06
51,317,contact,0.0016852422993827918,-6.475770061720827e-05,6.475770061720827e-05,0.0001665932179427417,0.0001665932179427417,0.0,0.0001665932179427417,300.94286072348973,300.8632413640372,1.3264045301735501e-05
51,449,contact,0.0018793416038945662,-0.00012065839610543388,0.00012065839610543388,0.00023782056928369784,0.00023782056928369784,0.0,0.00023782056928369784,300.94286072348973,300.85930086845633,1.9872252293306406e-05
52,136,contact,0.001667458913826665,-8.254108617333496e-05,8.254108617333496e-05,0.000188081767370321,0.000188081767370321,0.0,0.000188081767370321,300.4939629532945,300.47705335818824,3.1803865331011394e-06
52,316,contact,0.001665609472655581,-8.439052734441894e-05,8.439052734441894e-05,0.00019017720384392506,0.00019017720384392506,0.0,0.00019017720384392506,300.4939629532945,300.5477394626625,-1.0227066184091413e-05
52,361,contact,0.001650217058328994,-9.978294167100601e-05,9.978294167100601e-05,0.00020679486903451587,0.00020679486903451587,0.0,0.00020679486903451587,300.4939629532945,300.48452884739424,1.9509246941008844e-06
52,362,contact,0.0017434309451767795,-6.569054823220505e-06,6.569054823220505e-06,5.305948746408737e-05,5.305948746408737e-05,0.0,5.305948746408737e-05,300.4939629532945,300.53096455822475,-1.9632861929478995e-06
53,135,contact,0.0016426209106485898,-0.00010737908935141028,0.00010737908935141028,0.00021452181642442098,0.00021452181642442098,0.0,0.00021452181642442098,300.6827904401215,300.6529854029073,6.393830721788273e-06
53,180,contact,0.0016100201941901232,-0.00013997980580987687,0.00013997980580987687,0.0002449313074049336,0.0002449313074049336,0.0,0.0002449313074049336,300.6827904401215,300.6201246256508,1.534881986789784e-05
53,376,contact,0.0016062987371905637,-0.0001437012628094363,0.0001437012628094363,0.0002481657822701559,0.0002481657822701559,0.0,0.0002481657822701559,300.6827904401215,300.7913061904868,-2.6929896078040998e-05
54,85,contact,0.001394840234727978,-0.00010515976527202204,0.00010515976527202204,0.00019858225493988194,0.00019858225493988194,0.0,0.00019858225493988194,300.9594067235848,300.87946351650146,1.5875302329731172e-05
54,109,contact,0.0016969548397397023,-5.30451602602977e-05,5.30451602602977e-05,0.00015077678903450677,0.00015077678903450677,0.0,0.00015077678903450677,300.9594067235848,300.9168121655066,6.4222706973715775e-06
55,197,contact,0.0016879637811327587,-6.20362188672413e-05,6.20362188672413e-05,0.00016305505494495842,0.00016305505494495842,0.0,0.00016305505494495842,300.4177197779006,300.5087784332003,-1.4847574043109676e-05
55,216,contact,0.001648169453582065,-0.00010183054641793501,0.00010183054641793501,0.0002089058705506946,0.0002089058705506946,0.0,0.0002089058705506946,300.4177197779006,300.32974832381734,1.837775319886784e-05
55,264,contact,0.0016070948791207067,-0.00014290512087929337,0.00014290512087929337,0.0002474773763506706,0.0002474773763506706,0.0,0.0002474773763506706,300.4177197779006,300.4011820493325,4.092713676831955e-06
55,339,contact,0.001688730712911031,-6.1269287088969e-05,6.1269287088969e-05,0.00016204402455898345,0.0002946254991981517,0.0,0.0002946254991981517,300.4177197779006,300.3377793028438,2.355250236974337e-05
55,348,contact,0.0016516302391033654,-9.83697608966346e-05,9.83697608966346e-05,0.0002053252759786299,0.0002053252759786299,0.0,0.0002053252759786299,300.4177197779006,300.50709123065144,-1.835021820068301e-05
55,483,contact,0.0019274590135457102,-7.254098645428984e-05,7.254098645428984e-05,0.00018440061659454494,0.00033527384835371803,0.0,0.00033527384835371803,300.4177197779006,300.4559726182717,-1.282517700168415e-05
56,148,contact,0.0016236417800007486,-0.00012635821999925148,0.00012635821999925148,0.0002327090949164258,0.0002327090949164258,0.0,0.0002327090949164258,300.9623307302449,300.9250597826245,8.673288487423964e-06
56,215,contact,0.0016751822977995547,-7.481770220044539e-05,7.481770220044539e-05,0.00017906627129215763,0.0003255750387130139,0.0,0.0003255750387130139,300.9623307302449,300.98247681814297,-6.559063347329826e-06
56,244,contact,0.0017456198440637077,-4.380155936292316e-06,4.380155936292316e-06,4.332677794369691e-05,4.332677794369691e-05,0.0,4.332677794369691e-05,300.9623307302449,300.9397568301576,9.780543564060412e-07
56,256,contact,0.0017270792142831783,-2.292078571682174e-05,2.292078571682174e-05,9.911202691216585e-05,9.911202691216585e-05,0.0,9.911202691216585e-05,300.9623307302449,300.9452148568349,1.6963889060349303e-06
56,356,contact,0.0015912282634505958,-0.0001587717365494042,0.0001587717365494042,0.00026085442290623453,0.00026085442290623453,0.0,0.00026085442290623453,300.9623307302449,300.893974720503,1.783096747339008e-05
57,168,contact,0.0016431527121968915,-0.00010684728780310858,0.00010684728780310858,0.00021398994082143398,0.00021398994082143398,0.0,0.00021398994082143398,300.7792143139307,300.71020355751233,1.476760768201133e-05
57,265,contact,0.0016747055460886245,-7.529445391137556e-05,7.529445391137556e-05,0.00017963588638215865,0.00017963588638215865,0.0,0.00017963588638215865,300.7792143139307,300.78958307635395,-1.8626018285848617e-06
57,326,contact,0.0016498152793873618,-0.00010018472061263826,0.00010018472061263826,0.0002072107835851885,0.0002072107835851885,0.0,0.0002072107835851885,300.7792143139307,300.8542771007343,-1.5553818871658776e-05
58,178,contact,0.001636714143337193,-0.00011328585666280696,0.00011328585666280696,0.00022034309934036342,0.0022034309934036342,0.0,0.0022034309934036342,300.13465562503393,300.04354923675544,0.0002007466396298908
58,186,contact,0.0016430363366949613,-0.00010696366330503878,0.00010696366330503878,0.00021410644546083558,0.00038928444629242836,0.0,0.00038928444629242836,300.13465562503393,300.1515124257073,-6.562090316404367e-06
58,350,contact,0.0016163441911159996,-0.00013365580888400046,0.00013365580888400046,0.00023933462129471764,0.00043515385689948667,0.0,0.00043515385689948667,300.13465562503393,300.236783965305,-4.4441541167697145e-05
58,385,contact,0.0017086677110161005,-4.133228898389957e-05,4.133228898389957e-05,0.00013309334369515614,0.0013309334369515614,0.0,0.0013309334369515614,300.13465562503393,300.2375707054458,-0.00013697312168674294
58,455,contact,0.0019730676160134774,-2.693238398652261e-05,2.693238398652261e-05,0.0001123590450016485,0.001123590450016485,0.0,0.001123590450016485,300.13465562503393,300.14602087512014,-1.2769886458919616e-05
59,393,contact,0.0016832313661823198,-6.676863381768023e-05,6.676863381768023e-05,0.0001691600685120629,0.0001691600685120629,0.0,0.0001691600685120629,300.84861930565614,300.80127801928705,8.00825524564439e-06
59,407,contact,0.0019244239064844834,-7.557609351551667e-05,7.557609351551667e-05,0.00018821873933112622,0.00018821873933112622,0.0,0.00018821873933112622,300.84861930565614,300.78677771698653,1.1639745857627757e-05
59,418,contact,0.0019291440240168693,-7.085597598313078e-05,7.085597598313078e-05,0.00018224636825487785,0.00018224636825487785,0.0,0.00018224636825487785,300.84861930565614,300.9449549891737,-1.755682845442769e-05
59,449,contact,0.0019182347247925632,-8.176527520743684e-05,8.176527520743684e-05,0.00019577403493182136,0.00019577403493182136,0.0,0.00019577403493182136,300.84861930565614,300.85930086845633,-2.0911726487702218e-06
60,326,contact,0.001676002419449327,-7.399758055067298e-05,7.399758055067298e-05,0.00017808214061896066,0.00017808214061896066,0.0,0.00017808214061896066,300.95438620402837,300.8542771007343,1.7827643410053257e-05
60,368,contact,0.001689342190351026,-6.0657809648973935e-05,6.0657809648973935e-05,0.00016123338405948858,0.00016123338405948858,0.0,0.00016123338405948858,300.95438620402837,300.9415858639218,2.0638421524985327e-06
61,155,contact,0.0016854800569867335,-6.451994301326651e-05,6.451994301326651e-05,0.00016628711359736444,0.00016628711359736444,0.0,0.00016628711359736444,300.54907636467715,300.501989071321,7.830010099302907e-06
61,156,contact,0.0016881387451569258,-6.186125484307424e-05,6.186125484307424e-05,0.00016282495619934166,0.00016282495619934166,0.0,0.00016282495619934166,300.54907636467715,300.5157061074036,5.433510678923599e-06
61,283,contact,0.0017307392760609558,-1.926072393904424e-05,1.926072393904424e-05,9.085480710384069e-05,9.085480710384069e-05,0.0,9.085480710384069e-05,300.54907636467715,300.4855018012735,5.776054694751929e-06
61,367,contact,0.0017071013193129452,-4.289868068705488e-05,4.289868068705488e-05,0.00013559184660546763,0.00013559184660546763,0.0,0.00013559184660546763,300.54907636467715,300.6047248447499,-7.545480173853325e-06
61,428,contact,0.0019319477215753015,-6.805227842469853e-05,6.805227842469853e-05,0.00017860432668773013,0.00017860432668773013,0.0,0.00017860432668773013,300.54907636467715,300.6134314422517,-1.1494095299136021e-05
62,177,contact,0.0016982477594567884,-5.175224054321161e-05,5.175224054321161e-05,0.00014892794117081054,0.00014892794117081054,0.0,0.00014892794117081054,300.16659063165645,300.12958649276817,5.510950219430006e-06
62,202,contact,0.001612120462031296,-0.00013787953796870413,0.00013787953796870413,0.00024308687862164847,0.00024308687862164847,0.0,0.00024308687862164847,300.16659063165645,300.2024365771321,-8.713678996922718e-06
62,420,contact,0.001904193801691414,-9.580619830858606e-05,9.580619830858606e-05,0.0002119178035398388,0.0002119178035398388,0.0,0.0002119178035398388,300.16659063165645,300.08440969333947,1.741560394097753e-05
62,422,contact,0.001907385228526216,-9.261477147378414e-05,9.261477147378414e-05,0.00020835828308069808,0.00020835828308069808,0.0,0.00020835828308069808,300.16659063165645,300.2348042632593,-1.4212875163473905e-05
63,154,contact,0.0016031479479137285,-0.00014685205208627154,0.00014685205208627154,0.00025087166789268815,0.00025087166789268815,0.0,0.00025087166789268815,300.9345467902566,300.88332912349614,1.2849061485769726e-05
63,326,contact,0.0016445848519611268,-0.00010541514803887324,0.00010541514803887324,0.00021255098350299046,0.00021255098350299046,0.0,0.00021255098350299046,300.9345467902566,300.8542771007343,1.7061401453446835e-05
63,413,contact,0.0018100991835255876,-0.0001899008164744124,0.0001899008164744124,0.00029835550560092033,0.00029835550560092033,0.0,0.00029835550560092033,300.9345467902566,300.85870396795985,2.2628123592547466e-05
64,93,contact,0.0013750369915155008,-0.0001249630084844992,0.0001249630084844992,0.0002164743129835205,0.0002164743129835205,0.0,0.0002164743129835205,300.46118340959214,300.4421896910212,4.111652178643425e-06
64,106,contact,0.001737327448611803,-1.2672551388197067e-05,1.2672551388197067e-05,7.369595275240329e-05,7.369595275240329e-05,0.0,7.369595275240329e-05,300.46118340959214,300.29764225475714,1.2052321219793785e-05
64,260,contact,0.0016980270059186336,-5.197299408136644e-05,5.197299408136644e-05,0.00014924523550380298,0.00014924523550380298,0.0,0.00014924523550380298,300.46118340959214,300.3833323689393,1.1618896896447935e-05
64,311,contact,0.0016160801705361032,-0.0001339198294638968,0.0001339198294638968,0.00023957089269647166,0.00023957089269647166,0.0,0.00023957089269647166,300.46118340959214,300.5027505946031,-9.958287619962322e-06
64,338,contact,0.0016663392343997667,-8.366076560023332e-05,8.366076560023332e-05,0.000189353145811395,0.000189353145811395,0.0,0.000189353145811395,300.46118340959214,300.4460251735032,2.870259688394616e-06
64,405,contact,0.0019481916696772938,-5.180833032270623e-05,5.180833032270623e-05,0.00015583694952984848,0.00015583694952984848,0.0,0.00015583694952984848,300.46118340959214,300.5939814554074,-2.0694842363375768e-05
65,211,contact,0.0017134045935505132,-3.659540644948686e-05,3.659540644948686e-05,0.00012523476203198794,0.00012523476203198794,0.0,0.00012523476203198794,300.73691370032617,300.7151390094224,2.726948233655333e-06
65,407,contact,0.0019368906827852451,-6.310931721475489e-05,6.310931721475489e-05,0.00017199561751514588,0.00017199561751514588,0.0,0.00017199561751514588,300.73691370032617,300.78677771698653,-8.576392337284999e-06
65,477,contact,0.0019378223540097797,-6.217764599022037e-05,6.217764599022037e-05,0.00017072132719117374,0.00017072132719117374,0.0,0.00017072132719117374,300.73691370032617,300.6291637102529,1.8395221310145004e-05
65,497,contact,0.0018586576225867965,-0.00014134237741320358,0.00014134237741320358,0.00025739898875566544,0.00025739898875566544,0.0,0.00025739898875566544,300.73691370032617,300.85110984199724,-2.9393971385932853e-05
66,78,contact,0.0014743469543851634,-2.5653045614836608e-05,2.5653045614836608e-05,9.808104865652553e-05,9.808104865652553e-05,0.0,9.808104865652553e-05,300.91271043156803,300.9617306195018,-4.8079514378834624e-06
66,200,contact,0.0017348731395476725,-1.5126860452327516e-05,1.5126860452327516e-05,8.051670754479874e-05,8.051670754479874e-05,0.0,8.051670754479874e-05,300.91271043156803,300.96892962619796,-4.5265844524223695e-06
66,305,contact,0.0017300226998941363,-1.9977300105863786e-05,1.9977300105863786e-05,9.252945501498533e-05,9.252945501498533e-05,0.0,9.252945501498533e-05,300.91271043156803,300.94862985948515,-3.3236050896213478e-06
66,473,contact,0.0019747730676966404,-2.5226932303359668e-05,2.5226932303359668e-05,0.0001087433883838454,0.0001087433883838454,0.0,0.0001087433883838454,300.91271043156803,300.79630665596335,1.2658140979925811e-05
67,180,contact,0.0016006353904309376,-0.00014936460956906246,0.00014936460956906246,0.0002530087036072609,0.0004600158247404743,0.0,0.0004600158247404743,300.4254283790323,300.6201246256508,-8.95633544620801e-05
67,251,contact,0.0015991271317190505,-0.00015087286828094956,0.00015087286828094956,0.00025428291466757165,0.0025428291466757166,0.0,0.0025428291466757166,300.4254283790323,300.3732827039623,0.00013259754244120662
67,340,contact,0.0016648941302377168,-8.510586976228328e-05,8.510586976228328e-05,0.0001909815283838615,0.0003472391425161118,0.0,0.0003472391425161118,300.4254283790323,300.54936080112964,-4.3034187979015344e-05
68,211,contact,0.0017486394666997532,-1.3605333002467915e-06,1.3605333002467915e-06,2.414716753794879e-05,2.414716753794879e-05,0.0,2.414716753794879e-05,300.8358112387236,300.7151390094224,2.91389253811366e-06
68,492,contact,0.0019987482252650035,-1.2517747349964983e-06,1.2517747349964983e-06,2.4223323616498387e-05,2.4223323616498387e-05,0.0,2.4223323616498387e-05,300.8358112387236,300.9284086886431,-2.2430179954634635e-06
69,107,contact,0.0017263710285161755,-2.3628971483824522e-05,2.3628971483824522e-05,0.000100631516258557,0.000100631516258557,0.0,0.000100631516258557,300.2775455038198,300.29765049677343,-2.023195925291782e-06
69,271,contact,0.0016764535384256854,-7.354646157431465e-05,7.354646157431465e-05,0.00017753848062681426,0.00017753848062681426,0.0,0.00017753848062681426,300.2775455038198,300.37488347568944,-1.7281235633033108e-05
69,347,contact,0.0016943639393294445,-5.563606067055557e-05,5.563606067055557e-05,0.00015441510936973322,0.00015441510936973322,0.0,0.00015441510936973322,300.2775455038198,300.2041935574764,1.1326648817097924e-05
69,422,contact,0.0019256760328778052,-7.432396712219488e-05,7.432396712219488e-05,0.0001866530460199588,0.0001866530460199588,0.0,0.0001866530460199588,300.2775455038198,300.2348042632593,7.977782741284307e-06
70,189,contact,0.0016931663153574134,-5.6833684642586604e-05,5.6833684642586604e-05,0.00015606823321307703,0.00015606823321307703,0.0,0.00015606823321307703,300.46581499984535,300.39359500499006,1.1271246999722375e-05
70,227,contact,0.0016039458201468613,-0.00014605417985313874,0.00014605417985313874,0.0002501892254044687,0.0004548895007353976,0.0,0.0004548895007353976,300.46581499984535,300.47969727367274,-6.314900610414242e-06
70,384,contact,0.001638414825647034,-0.00011158517435296608,0.00011158517435296608,0.00021868291561034803,0.00021868291561034803,0.0,0.00021868291561034803,300.46581499984535,300.51714532049397,-1.1225064178653636e-05
70,445,contact,0.001919182243482885,-8.081775651711497e-05,8.081775651711497e-05,0.00019463638757282164,0.00019463638757282164,0.0,0.00019463638757282164,300.46581499984535,300.41200604573464,1.0473180447179735e-05
70,489,contact,0.001997305483795606,-2.694516204394034e-06,2.694516204394034e-06,3.553947763839113e-05,3.553947763839113e-05,0.0,3.553947763839113e-05,300.46581499984535,300.5841190081524,-4.204462657760928e-06
71,121,contact,0.001736707735055038,-1.3292264944962055e-05,1.3292264944962055e-05,7.54763868796878e-05,7.54763868796878e-05,0.0,7.54763868796878e-05,300.75233544479556,300.74720253769215,3.8741328235492924e-07
71,301,contact,0.001739533775757171,-1.046622424282894e-05,1.046622424282894e-05,6.69740597208958e-05,6.69740597208958e-05,0.0,6.69740597208958e-05,300.75233544479556,300.69899837054675,3.5722003960780533e-06
71,322,contact,0.0017378408963711269,-1.2159103628873145e-05,1.2159103628873145e-05,7.218756411165434e-05,7.218756411165434e-05,0.0,7.218756411165434e-05,300.75233544479556,300.7619933162239,-6.971782129137385e-07
71,393,contact,0.0017396321901482503,-1.0367809851749739e-05,1.0367809851749739e-05,6.66584359201543e-05,6.66584359201543e-05,0.0,6.66584359201543e-05,300.75233544479556,300.80127801928705,-3.262435465508437e-06
72,146,contact,0.0017026891907802788,-4.731080921972124e-05,4.731080921972124e-05,0.0001423940346158021,0.0001423940346158021,0.0,0.0001423940346158021,300.3020479299739,300.3747013029044,-1.0345406900014784e-05
72,201,contact,0.0016750491711591633,-7.495082884083674e-05,7.495082884083674e-05,0.0001792255109880567,0.0001792255109880567,0.0,0.0001792255109880567,300.3020479299739,300.3075103104228,-9.789979271608986e-07
72,297,contact,0.0016646497330069171,-8.53502669930829e-05,8.53502669930829e-05,0.00019125555117219053,0.00019125555117219053,0.0,0.00019125555117219053,300.3020479299739,300.24283707435296,1.1324404827163882e-05
73,250,contact,0.0017072036040616247,-4.2796395938375295e-05,4.2796395938375295e-05,0.00013543010206382473,0.00013543010206382473,0.0,0.00013543010206382473,300.7730424915484,300.6666997316166,1.440201083131331e-05
73,288,contact,0.0017068659956239124,-4.313400437608761e-05,4.313400437608761e-05,0.00013596323722045645,0.00013596323722045645,0.0,0.00013596323722045645,300.7730424915484,300.74403291556433,3.944235861184015e-06
73,478,contact,0.0019505049235315965,-4.9495076468403535e-05,4.9495076468403535e-05,0.0001523181443379749,0.0001523181443379749,0.0,0.0001523181443379749,300.7730424915484,300.8255264331708,-7.994256595470647e-06
73,480,contact,0.0019789847338966514,-2.1015266103348654e-05,2.1015266103348654e-05,9.925173039269733e-05,0.00018045769162308606,0.0,0.00018045769162308606,300.7730424915484,300.83040768337764,-1.0351990097024244e-05
74,200,contact,0.0017257851024748128,-2.421489752518725e-05,2.421489752518725e-05,0.00010187155258010083,0.00010187155258010083,0.0,0.00010187155258010083,300.93197213390147,300.96892962619796,-3.764917119710997e-06
74,281,contact,0.0017166563673283598,-3.334363267164025e-05,3.334363267164025e-05,0.00011954132460302514,0.00021734786291459113,0.0,0.00021734786291459113,300.93197213390147,300.98051126397286,-1.0549876188749979e-05
74,401,contact,0.0018918788570360422,-0.00010812114296395781,0.00010812114296395781,0.00022512615522047905,0.00022512615522047905,0.0,0.00022512615522047905,300.93197213390147,300.9357042710696,-8.402016914162612e-07
74,468,contact,0.0018956948566686564,-0.0001043051433313436,0.0001043051433313436,0.0002211176970225751,0.0002211176970225751,0.0,0.0002211176970225751,300.93197213390147,300.8634339969547,1.5154994999884635e-05
75,238,contact,0.0017036371305239858,-4.6362869476014286e-05,4.6362869476014286e-05,0.00014096028236353005,0.00014096028236353005,0.0,0.00014096028236353005,300.26167873259953,300.2160922591263,6.4258821727448984e-06
75,248,contact,0.0016957590492166035,-5.424095078339656e-05,5.424095078339656e-05,0.00015246678905359295,0.00027721234373380535,0.0,0.00027721234373380535,300.26167873259953,300.25502541570745,1.8443815692583646e-06
76,102,contact,0.0016819631655077935,-6.803683449220651e-05,6.803683449220651e-05,0.00017075902129551687,0.00017075902129551687,0.0,0.00017075902129551687,300.92649923716215,300.9396497568518,-2.245569871731296e-06
76,187,contact,0.0016878665956597402,-6.213340434025987e-05,6.213340434025987e-05,0.0001631827253728512,0.0001631827253728512,0.0,0.0001631827253728512,300.92649923716215,300.94863923682607,-3.612865484912583e-06
76,492,contact,0.001953482395789888,-4.651760421011189e-05,4.651760421011189e-05,0.00014766559170466877,0.00014766559170466877,0.0,0.00014766559170466877,300.92649923716215,300.9284086886431,-2.8196028276870806e-07
76,497,contact,0.0019858475734257654,-1.4152426574234617e-05,1.4152426574234617e-05,8.144906357148912e-05,8.144906357148912e-05,0.0,8.144906357148912e-05,300.92649923716215,300.85110984199724,6.140395639402439e-06
77,194,contact,0.0017133098699301298,-3.669013006987027e-05,3.669013006987027e-05,0.00012539673623550106,0.00012539673623550106,0.0,0.00012539673623550106,300.59801863738016,300.61480453022267,-2.1048961772491352e-06
77,268,contact,0.0017079991012878195,-4.2000898712180566e-05,4.2000898712180566e-05,0.00013416551405768585,0.00013416551405768585,0.0,0.00013416551405768585,300.59801863738016,300.5398946881528,7.798229527152298e-06
77,437,contact,0.0019867033699070428,-1.3296630092957291e-05,1.3296630092957291e-05,7.894805479600957e-05,7.894805479600957e-05,0.0,7.894805479600957e-05,300.59801863738016,300.6701335661728,-5.693333349931963e-06
78,109,contact,0.0017264391955261558,-2.3560804473844255e-05,2.3560804473844255e-05,0.0001004862559340706,0.0001004862559340706,0.0,0.0001004862559340706,300.9617306195018,300.9168121655066,4.513687264323874e-06
80,142,contact,0.0017108125803199485,-3.918741968005155e-05,3.918741968005155e-05,0.00012959401388300235,0.00012959401388300235,0.0,0.00012959401388300235,300.8889094708257,300.92832938803826,-5.108585298512541e-06
80,215,contact,0.0017335229496632,-1.6477050336800034e-05,1.6477050336800034e-05,8.403328508088761e-05,0.00015278779105615928,0.0,0.00015278779105615928,300.8889094708257,300.98247681814297,-1.4295948311590984e-05
80,253,contact,0.0017258631999669033,-2.413680003309675e-05,2.413680003309675e-05,0.00010170714267605387,0.00010170714267605387,0.0,0.00010170714267605387,300.8889094708257,300.79356767494005,9.696941637132485e-06
80,261,contact,0.0017000095337673844,-4.999046623261564e-05,4.999046623261564e-05,0.00014637105427052114,0.00014637105427052114,0.0,0.00014637105427052114,300.8889094708257,300.92603888813414,-5.434671955887862e-06
80,488,contact,0.0019497524452863242,-5.0247554713675827e-05,5.0247554713675827e-05,0.0001534716301862841,0.0001534716301862841,0.0,0.0001534716301862841,300.8889094708257,300.80570220729766,1.276995437698778e-05
81,232,contact,0.0016487489135705296,-0.00010125108642947047,0.00010125108642947047,0.00020831064004387135,0.00020831064004387135,0.0,0.00020831064004387135,300.3307690278331,300.3515887906032,-4.336978108198667e-06
81,236,contact,0.0016502975095418393,-9.970249045816075e-05,9.970249045816075e-05,0.0002067114867823827,0.0002067114867823827,0.0,0.0002067114867823827,300.3307690278331,300.2994174133931,6.480738833928889e-06
82,350,contact,0.0016494928295994497,-0.00010050717040055034,0.00010050717040055034,0.00020754397509982277,0.00020754397509982277,0.0,0.00020754397509982277,300.2832680574892,300.236783965305,9.647493270812757e-06
82,443,contact,0.0019523986426956976,-4.7601357304302445e-05,4.7601357304302445e-05,0.00014937582212791925,0.00014937582212791925,0.0,0.00014937582212791925,300.2832680574892,300.3504763844817,-1.0039299098346666e-05
83,136,contact,0.0016815655274178291,-6.843447258217091e-05,6.843447258217091e-05,0.00017125729087566824,0.00017125729087566824,0.0,0.00017125729087566824,300.5181467282759,300.47705335818824,7.037539234162373e-06
83,227,contact,0.001678260573093463,-7.173942690653695e-05,7.173942690653695e-05,0.00017534385838754125,0.000318807015250075,0.0,0.000318807015250075,300.5181467282759,300.47969727367274,1.2257955860024561e-05
83,272,contact,0.001710551519656746,-3.9448480343253975e-05,3.9448480343253975e-05,0.00013002496520161147,0.00013002496520161147,0.0,0.00013002496520161147,300.5181467282759,300.57931199822303,-7.953012096423948e-06
83,404,contact,0.001976166427126015,-2.3833572873985243e-05,2.3833572873985243e-05,0.00010569762194430196,0.00010569762194430196,0.0,0.00010569762194430196,300.5181467282759,300.50758794975843,1.116037779932469e-06
83,489,contact,0.0019239203168080708,-7.607968319192919e-05,7.607968319192919e-05,0.00018884478149055857,0.00018884478149055857,0.0,0.00018884478149055857,300.5181467282759,300.5841190081524,-1.2458520777715161e-05
85,148,contact,0.0017414302904222145,-8.569709577785573e-06,8.569709577785573e-06,6.060307480808063e-05,6.060307480808063e-05,0.0,6.060307480808063e-05,300.87946351650146,300.9250597826245,-2.7632739268229797e-06
85,182,contact,0.0016594203766677083,-9.057962333229174e-05,9.057962333229174e-05,0.00019702750714299303,0.00019702750714299303,0.0,0.00019702750714299303,300.87946351650146,300.8101446222943,1.3657728923550644e-05
85,244,contact,0.001692366683117167,-5.7633316882832984e-05,5.7633316882832984e-05,0.0001571623140252954,0.0001571623140252954,0.0,0.0001571623140252954,300.87946351650146,300.9397568301576,-9.475836694450631e-06
85,258,contact,0.0016841419364471628,-6.585806355283727e-05,6.585806355283727e-05,0.0001680026320620823,0.0001680026320620823,0.0,0.0001680026320620823,300.87946351650146,300.78590123913597,1.5718708859125363e-05
85,352,contact,0.001730792101697948,-1.9207898302052136e-05,1.9207898302052136e-05,9.073012958860579e-05,9.073012958860579e-05,0.0,9.073012958860579e-05,300.87946351650146,300.89337317184163,-1.2620248315465947e-06
86,135,contact,0.001720165675509194,-2.9834324490806037e-05,2.9834324490806037e-05,0.00011307581115114011,0.00011307581115114011,0.0,0.00011307581115114011,300.60792577021783,300.6529854029073,-5.095154516532931e-06
86,369,contact,0.0017250433721214087,-2.4956627878591374e-05,2.4956627878591374e-05,0.00010342000610255951,0.00010342000610255951,0.0,0.00010342000610255951,300.60792577021783,300.5437312559992,6.63899705224128e-06
87,261,contact,0.0017173996263700538,-3.260037362994624e-05,3.260037362994624e-05,0.00011820147502695721,0.00011820147502695721,0.0,0.00011820147502695721,300.95407618399753,300.92603888813414,3.3140497268192855e-06
87,476,contact,0.001967766722407918,-3.2233277592082134e-05,3.2233277592082134e-05,0.0001229200914061184,0.0001229200914061184,0.0,0.0001229200914061184,300.95407618399753,300.86829201099766,1.054459838634173e-05
88,176,contact,0.0016383717607734829,-0.00011162823922651719,0.00011162823922651719,0.00021872511047939065,0.00021872511047939065,0.0,0.00021872511047939065,300.03896580692015,300.0477295712569,-1.9168553227769056e-06
88,353,contact,0.0016664728170900354,-8.352718290996464e-05,8.352718290996464e-05,0.00018920191358511826,0.00018920191358511826,0.0,0.00018920191358511826,300.03896580692015,300.0706864259564,-6.001601821765678e-06
89,222,contact,0.0017245866672626223,-2.5413332737377753e-05,2.5413332737377753e-05,0.00010436200609426324,0.00010436200609426324,0.0,0.00010436200609426324,300.0499658870833,300.13086138763515,-8.442416721588851e-06
89,412,contact,0.0019500923414033516,-4.990765859664843e-05,4.990765859664843e-05,0.00015295167526764442,0.00015295167526764442,0.0,0.00015295167526764442,300.0499658870833,300.1051633033475,-8.442537288055956e-06
90,355,contact,0.0017063641962172082,-4.363580378279183e-05,4.363580378279183e-05,0.00013675181448175977,0.00013675181448175977,0.0,0.00013675181448175977,300.90255532296254,300.9561258452696,-7.325866128223423e-06
90,368,contact,0.001691336927354828,-5.866307264517203e-05,5.866307264517203e-05,0.0001585601363771199,0.0001585601363771199,0.0,0.0001585601363771199,300.90255532296254,300.9415858639218,-6.188687897368516e-06
90,460,contact,0.001934981487879406,-6.5018512120594e-05,6.5018512120594e-05,0.00017457785528677007,0.00017457785528677007,0.0,0.00017457785528677007,300.90255532296254,300.82514256059693,1.3514554025612818e-05
91,217,contact,0.0016638326198064523,-8.616738019354771e-05,8.616738019354771e-05,0.00019216887683963334,0.0019216887683963335,0.0,0.0019216887683963335,300.6205179945217,300.52764085740273,0.0001784809512423685
91,290,contact,0.0017165886936445012,-3.341130635549881e-05,3.341130635549881e-05,0.00011966257265834533,0.00021756831392426423,0.0,0.00021756831392426423,300.6205179945217,300.59621593099286,5.28735898685539e-06
91,292,contact,0.0016827190058096454,-6.728099419035468e-05,6.728099419035468e-05,0.00016980786729673715,0.00030874157690315845,0.0,0.00030874157690315845,300.6205179945217,300.6283455568347,-2.41669393181361e-06
91,303,contact,0.001690129390941711,-5.987060905828911e-05,5.987060905828911e-05,0.00016018374590935397,0.0016018374590935397,0.0,0.0016018374590935397,300.6205179945217,300.7283713572936,-0.00017276355657721993
91,405,contact,0.0019776633912233395,-2.2336608776660563e-05,2.2336608776660563e-05,0.00010232441235628787,0.00018604438610234157,0.0,0.00018604438610234157,300.6205179945217,300.5939814554074,4.93697412880402e-06
91,431,contact,0.0019380309332899543,-6.196906671004573e-05,6.196906671004573e-05,0.00017043473830277071,0.000309881342368674,0.0,0.000309881342368674,300.6205179945217,300.6641638421404,-1.3525033848894279e-05
92,193,contact,0.0017361852096624785,-1.381479033752157e-05,1.381479033752157e-05,7.694559396330882e-05,7.694559396330882e-05,0.0,7.694559396330882e-05,300.5168165195134,300.5366581347278,-1.526724867865883e-06
92,227,contact,0.001729445314660166,-2.055468533983403e-05,2.055468533983403e-05,9.385707677063498e-05,0.0001706492304920636,0.0,0.0001706492304920636,300.5168165195134,300.47969727367274,6.3343707391513975e-06
92,324,contact,0.0017259395812426336,-2.4060418757366466e-05,2.4060418757366466e-05,0.00010154608824997319,0.00018462925136358762,0.0,0.00018462925136358762,300.5168165195134,300.5428559787853,-4.8076458712913145e-06
93,160,contact,0.0016277058010631287,-0.00012229419893687132,0.00012229419893687132,0.0002289362346688995,0.0002289362346688995,0.0,0.0002289362346688995,300.4421896910212,300.4376215742603,1.0458074507765625e-06
93,224,contact,0.001690764738589021,-5.923526141097895e-05,5.923526141097895e-05,0.00015933154303120667,0.00015933154303120667,0.0,0.00015933154303120667,300.4421896910212,300.4039605545204,6.0911073074280874e-06
93,260,contact,0.0016538231444410856,-9.617685555891441e-05,9.617685555891441e-05,0.00020302377294886402,0.00020302377294886402,0.0,0.00020302377294886402,300.4421896910212,300.3833323689393,1.1949435594734994e-05
94,112,contact,0.0017478739543800058,-2.1260456199941914e-06,2.1260456199941914e-06,3.0185466843647443e-05,3.0185466843647443e-05,0.0,3.0185466843647443e-05,300.26374959143413,300.13688326517166,3.8295192849712296e-06
94,132,contact,0.0016970017598399842,-5.299824016001585e-05,5.299824016001585e-05,0.00015071009089357503,0.00015071009089357503,0.0,0.00015071009089357503,300.26374959143413,300.1902054016176,1.1083851531941512e-05
94,430,contact,0.001909484614863393,-9.051538513660706e-05,9.051538513660706e-05,0.00020598321966311858,0.00020598321966311858,0.0,0.00020598321966311858,300.26374959143413,300.3222028828023,-1.2040397155918492e-05
94,471,contact,0.0019262025565344894,-7.379744346551064e-05,7.379744346551064e-05,0.0001859907299422692,0.0001859907299422692,0.0,0.0001859907299422692,300.26374959143413,300.2791964562422,-2.8729736609671007e-06
95,178,contact,0.0016841059697599208,-6.589403024007926e-05,6.589403024007926e-05,0.00016804850095826406,0.0016804850095826405,0.0,0.0016804850095826405,300.043604663756,300.04354923675544,9.314424359247773e-08
95,294,contact,0.0016990599839325864,-5.0940016067413645e-05,5.0940016067413645e-05,0.00014775464614509755,0.00026864481117290463,0.0,0.00026864481117290463,300.043604663756,300.0569913853296,-3.596273289355339e-06
95,455,contact,0.0018543371130521657,-0.00014566288694783437,0.00014566288694783437,0.00026130342182374374,0.0026130342182374374,0.0,0.0026130342182374374,300.043604663756,300.14602087512014,-0.0002676170647967085
96,124,contact,0.0016765175976163355,-7.348240238366451e-05,7.348240238366451e-05,0.00017746114550635484,0.00017746114550635484,0.0,0.00017746114550635484,300.0942977133646,300.0614835115187,5.823245848449232e-06
96,293,contact,0.001688006788635934,-6.1993211364066e-05,6.1993211364066e-05,0.00016299852501181806,0.00016299852501181806,0.0,0.00016299852501181806,300.0942977133646,300.14979827788056,-9.046510153425827e-06
96,320,contact,0.0017211217180434983,-2.8878281956501743e-05,2.8878281956501743e-05,0.00011124929911143918,0.00011124929911143918,0.0,0.00011124929911143918,300.0942977133646,300.0653243685371,3.2232643049709e-06
97,186,contact,0.0017003131652727971,-4.96868347272029e-05,4.96868347272029e-05,0.000145925863849524,0.000145925863849524,0.0,0.000145925863849524,300.24772169279595,300.1515124257073,1.4039420410237178e-05
97,255,contact,0.0017197456196775152,-3.0254380322484835e-05,3.0254380322484835e-05,0.00011386906074676582,0.00011386906074676582,0.0,0.00011386906074676582,300.24772169279595,300.2539408545439,-7.08170106869651e-07
97,400,contact,0.0017387540123893312,-1.1245987610668815e-05,1.1245987610668815e-05,6.942412387636535e-05,6.942412387636535e-05,0.0,6.942412387636535e-05,300.24772169279595,300.2101322589629,2.6096135108669938e-06
97,442,contact,0.0019526398683833135,-4.73601316166865e-05,4.73601316166865e-05,0.00014899685129331357,0.00014899685129331357,0.0,0.00014899685129331357,300.24772169279595,300.35470961687525,-1.594086381422463e-05
98,145,contact,0.0016307373926957086,-0.00011926260730429146,0.00011926260730429146,0.00022608083949674613,0.00022608083949674613,0.0,0.00022608083949674613,300.9470626916246,300.9350417396376,2.717706916767232e-06
98,287,contact,0.0016862058998713648,-6.379410012863525e-05,6.379410012863525e-05,0.00016534911135702532,0.00016534911135702532,0.0,0.00016534911135702532,300.9470626916246,300.94827451085325,-2.0037323258628496e-07
98,465,contact,0.0019040325021829328,-9.596749781706727e-05,9.596749781706727e-05,0.00021209612113791775,0.00021209612113791775,0.0,0.00021209612113791775,300.9470626916246,300.8269980313282,2.5465248734609696e-05
98,495,contact,0.001983675706351721,-1.6324293648279156e-05,1.6324293648279156e-05,8.747578320673017e-05,8.747578320673017e-05,0.0,8.747578320673017e-05,300.9470626916246,300.9135019571904,2.9357515296213183e-06
99,345,contact,0.001648580970440943,-0.00010141902955905697,0.00010141902955905697,0.00020848332878782656,0.00020848332878782656,0.0,0.00020848332878782656,300.5252295640166,300.4422059067488,1.730904843533095e-05
99,351,contact,0.0017151250673055887,-3.487493269441135e-05,3.487493269441135e-05,0.00012225546910537904,0.00012225546910537904,0.0,0.00012225546910537904,300.5252295640166,300.5345528711432,-1.1398252863733883e-06
99,374,contact,0.0016565870474864884,-9.341295251351161e-05,9.341295251351161e-05,0.00020008528807933553,0.00020008528807933553,0.0,0.00020008528807933553,300.5252295640166,300.6142364172171,-1.780896186365467e-05
99,384,contact,0.0016540052875973518,-9.599471240264823e-05,9.599471240264823e-05,0.0002028314350136743,0.0002028314350136743,0.0,0.0002028314350136743,300.5252295640166,300.51714532049397,1.6397387147011328e-06
100,115,contact,0.0016967708387404588,-5.322916125954122e-05,5.322916125954122e-05,0.00015103806699855675,0.00027461466727010317,0.0,0.00027461466727010317,300.1447507644094,300.07174566951863,2.0048269842456267e-05
100,130,contact,0.0017031528406164834,-4.684715938351662e-05,4.684715938351662e-05,0.0001416945800710356,0.001416945800710356,0.0,0.001416945800710356,300.1447507644094,300.20168497705816,-8.067269352938445e-05
100,143,contact,0.0016881651241806893,-6.183487581931072e-05,6.183487581931072e-05,0.00016279023639462803,0.00029598224799023276,0.0,0.00029598224799023276,300.1447507644094,300.1563333155267,-3.4282295171518238e-06
100,306,contact,0.0016685050669686314,-8.149493303136863e-05,8.149493303136863e-05,0.00018688606119929478,0.001868860611992948,0.0,0.001868860611992948,300.1447507644094,300.2201468529317,-0.00014090478013760064
100,380,contact,0.0016677379648194128,-8.226203518058722e-05,8.226203518058722e-05,0.00018776356924211197,0.00034138830771293085,0.0,0.00034138830771293085,300.1447507644094,300.19182222967487,-1.606964786853878e-05
101,111,contact,0.001972671096479086,-2.7328903520913977e-05,2.7328903520913977e-05,0.00011689504591922187,0.00011689504591922187,0.0,0.00011689504591922187,300.9231697819193,300.8920147901721,3.6418641909020055e-06
101,154,contact,0.0019347200734380159,-6.527992656198416e-05,6.527992656198416e-05,0.00018066533502858836,0.00018066533502858836,0.0,0.00018066533502858836,300.9231697819193,300.88332912349614,7.197825901777081e-06
101,241,contact,0.0019399445245215133,-6.005547547848671e-05,6.005547547848671e-05,0.0001732851342130748,0.0001732851342130748,0.0,0.0001732851342130748,300.9231697819193,300.9298603735552,-1.1593800695921382e-06
101,358,contact,0.00197074225397539,-2.9257746024610124e-05,2.9257746024610124e-05,0.00012094987809958744,0.00012094987809958744,0.0,0.00012094987809958744,300.9231697819193,300.8125362503124,1.3381112161578917e-05
101,463,contact,0.002177330087277535,-7.266991272246535e-05,7.266991272246535e-05,0.00020092828007700403,0.00020092828007700403,0.0,0.00020092828007700403,300.9231697819193,300.84979637358094,1.4742792740810572e-05
102,145,contact,0.001889384391309774,-0.00011061560869022615,0.00011061560869022615,0.00023517611346629802,0.00023517611346629802,0.0,0.00023517611346629802,300.9396497568518,300.9350417396376,1.0836955792203118e-06
102,256,contact,0.0018694344352474625,-0.0001305655647525375,0.0001305655647525375,0.00025550495567849314,0.00025550495567849314,0.0,0.00025550495567849314,300.9396497568518,300.9452148568349,-1.4219106245360237e-06
102,355,contact,0.0019441608415365224,-5.58391584634776e-05,5.58391584634776e-05,0.00016709152950325997,0.00016709152950325997,0.0,0.00016709152950325997,300.9396497568518,300.9561258452696,-2.753014813959389e-06
102,460,contact,0.002210155073571988,-3.9844926428012246e-05,3.9844926428012246e-05,0.00014878195535005103,0.00014878195535005103,0.0,0.00014878195535005103,300.9396497568518,300.82514256059693,1.7036604560450517e-05
102,497,contact,0.0022375769835552024,-1.2423016444797902e-05,1.2423016444797902e-05,8.307632516346339e-05,8.307632516346339e-05,0.0,8.307632516346339e-05,300.9396497568518,300.85110984199724,7.3555707564019795e-06
103,132,contact,0.001946635985077848,-5.336401492215203e-05,5.336401492215203e-05,0.00016334628083025342,0.00016334628083025342,0.0,0.00016334628083025342,300.23251963277534,300.1902054016176,6.91187228580487e-06
103,387,contact,0.0019353377012810975,-6.466229871890253e-05,6.466229871890253e-05,0.00017980864650914667,0.00017980864650914667,0.0,0.00017980864650914667,300.23251963277534,300.3266885308516,-1.693238210634791e-05
103,395,contact,0.001944851893178502,-5.5148106821498134e-05,5.5148106821498134e-05,0.0001660543688396938,0.0003019170342539887,0.0,0.0003019170342539887,300.23251963277534,300.1520710291379,2.4288803820084935e-05
103,430,contact,0.0021169047810659786,-0.0001330952189340217,0.0001330952189340217,0.0002719223938859739,0.0002719223938859739,0.0,0.0002719223938859739,300.23251963277534,300.3222028828023,-2.4386884038802876e-05
103,458,contact,0.002123384445384302,-0.00012661555461569848,0.00012661555461569848,0.00026522061531204387,0.00026522061531204387,0.0,0.00026522061531204387,300.23251963277534,300.1943680357456,1.0118590039368181e-05
104,161,contact,0.0019605693691425456,-3.9430630857454404e-05,3.9430630857454404e-05,0.00014041123683212537,0.00014041123683212537,0.0,0.00014041123683212537,300.95671907563946,300.9481580691113,1.2020615151480374e-06
104,187,contact,0.001897085581778304,-0.00010291441822169595,0.00010291441822169595,0.00022684181517270568,0.00022684181517270568,0.0,0.00022684181517270568,300.95671907563946,300.94863923682607,1.8328453027316195e-06
104,407,contact,0.00224907821894682,-9.217810531801131e-07,9.217810531801131e-07,2.2629639526516166e-05,2.2629639526516166e-05,0.0,2.2629639526516166e-05,300.95671907563946,300.78677771698653,3.845711686961987e-06
104,418,contact,0.002148458108559718,-0.0001015418914402824,0.0001015418914402824,0.0002375124458028842,0.0002375124458028842,0.0,0.0002375124458028842,300.95671907563946,300.9449549891737,2.794116949115941e-06
104,492,contact,0.0021546102629996645,-9.538973700033574e-05,9.538973700033574e-05,0.00023020490510308386,0.00023020490510308386,0.0,0.00023020490510308386,300.95671907563946,300.9284086886431,6.517189951923653e-06
105,214,contact,0.001921088031533172,-7.891196846682809e-05,7.891196846682809e-05,0.0001986353045996961,0.0001986353045996961,0.0,0.0001986353045996961,300.7024501864182,300.7582807492094,-1.1089920845999762e-05
105,286,contact,0.0018855618067833261,-0.00011443819321667391,0.00011443819321667391,0.00023920513499575412,0.00023920513499575412,0.0,0.00023920513499575412,300.7024501864182,300.74967938143425,-1.129746596955019e-05
105,366,contact,0.0018140515534295048,-0.00018594844657049523,0.00018594844657049523,0.000304916748121922,0.000304916748121922,0.0,0.000304916748121922,300.7024501864182,300.69611930368933,1.9303921744341543e-06
105,374,contact,0.0018748327895041737,-0.0001251672104958263,0.0001251672104958263,0.00025016715461449604,0.00025016715461449604,0.0,0.00025016715461449604,300.7024501864182,300.6142364172171,2.2068187638860114e-05
105,462,contact,0.0021603227240547954,-8.967727594520487e-05,8.967727594520487e-05,0.00022320553052836113,0.00022320553052836113,0.0,0.00022320553052836113,300.7024501864182,300.78469449163345,-1.835738377850112e-05
105,494,contact,0.002196732213766621,-5.3267786233379254e-05,5.3267786233379254e-05,0.00017202678446712763,0.00017202678446712763,0.0,0.00017202678446712763,300.7024501864182,300.63621491951517,1.1394239983653604e-05
106,212,contact,0.0019156889961838798,-8.431100381612027e-05,8.431100381612027e-05,0.00020531805061430944,0.00020531805061430944,0.0,0.00020531805061430944,300.29764225475714,300.2517027064278,9.432218509079734e-06
106,260,contact,0.001955109872792064,-4.4890127207936146e-05,4.4890127207936146e-05,0.00014981676676516575,0.00014981676676516575,0.0,0.00014981676676516575,300.29764225475714,300.3833323689393,-1.2837815850510716e-05
106,359,contact,0.0018976812370363994,-0.00010231876296360061,0.00010231876296360061,0.00022618439707857902,0.00022618439707857902,0.0,0.00022618439707857902,300.29764225475714,300.26389129782535,7.633939844440447e-06
106,426,contact,0.002182651799806831,-6.73482001931694e-05,6.73482001931694e-05,0.000193431297296955,0.000193431297296955,0.0,0.000193431297296955,300.29764225475714,300.17381654189734,2.395176827719096e-05
106,486,contact,0.0021672963627718295,-8.270363722817078e-05,8.270363722817078e-05,0.0002143512657456483,0.0002143512657456483,0.0,0.0002143512657456483,300.29764225475714,300.27512482359487,4.826639870973271e-06
107,202,contact,0.0019476309408098852,-5.236905919011486e-05,5.236905919011486e-05,0.00016181634526541943,0.00016181634526541943,0.0,0.00016181634526541943,300.29765049677343,300.2024365771321,1.5407168494752117e-05
107,218,contact,0.0019059776038820608,-9.402239611793926e-05,9.402239611793926e-05,0.0002168206587458161,0.0002168206587458161,0.0,0.0002168206587458161,300.29765049677343,300.3988609354317,-2.1944513981836166e-05
107,486,contact,0.0021777115628606293,-7.228843713937092e-05,7.228843713937092e-05,0.00020040020672445943,0.00020040020672445943,0.0,0.00020040020672445943,300.29765049677343,300.27512482359487,4.51414956159173e-06
108,119,contact,0.0019764746612204523,-2.3525338779547753e-05,2.3525338779547753e-05,0.00010845584073609811,0.00010845584073609811,0.0,0.00010845584073609811,300.95187761202203,300.96148960860796,-1.0424771708797155e-06
108,478,contact,0.00222998552911538,-2.0014470884620415e-05,2.0014470884620415e-05,0.00010544738257280636,0.00010544738257280636,0.0,0.00010544738257280636,300.95187761202203,300.8255264331708,1.3323401094850019e-05
109,205,contact,0.0018862143438379431,-0.00011378565616205691,0.00011378565616205691,0.0002385221752395958,0.0002385221752395958,0.0,0.0002385221752395958,300.9168121655066,300.8611580626883,1.3274737665234589e-05
109,333,contact,0.0019778747126387476,-2.2125287361252424e-05,2.2125287361252424e-05,0.00010517910287041915,0.00019123473249167117,0.0,0.00019123473249167117,300.9168121655066,300.9577561092258,-7.829904124292378e-06
109,352,contact,0.0018902322806470112,-0.00010976771935298883,0.00010976771935298883,0.00023427304513429285,0.00023427304513429285,0.0,0.00023427304513429285,300.9168121655066,300.89337317184163,5.491124420775385e-06
110,243,contact,0.0019621060469936368,-3.7893953006363276e-05,3.7893953006363276e-05,0.00013764801670631378,0.00013764801670631378,0.0,0.00013764801670631378,300.95637956000644,300.86641843566804,1.2382970345851065e-05
110,281,contact,0.001943152167819083,-5.684783218091712e-05,5.684783218091712e-05,0.00016859393847484125,0.00030653443359062046,0.0,0.00030653443359062046,300.95637956000644,300.98051126397286,-7.397198206922524e-06
110,468,contact,0.0021289730441386525,-0.00012102695586134775,0.00012102695586134775,0.0002593013646334102,0.0002593013646334102,0.0,0.0002593013646334102,300.95637956000644,300.8634339969547,2.4100911335933787e-05
111,223,contact,0.0019486679315175793,-5.133206848242076e-05,5.133206848242076e-05,0.0001602062241025934,0.0001602062241025934,0.0,0.0001602062241025934,300.8920147901721,300.94889906396577,-9.113214715304343e-06
111,231,contact,0.0018173339409420601,-0.0001826660590579399,0.0001826660590579399,0.00030221354954563167,0.00030221354954563167,0.0,0.00030221354954563167,300.8920147901721,300.82506000745525,2.0234642543911042e-05
111,463,contact,0.002159628707949586,-9.037129205041435e-05,9.037129205041435e-05,0.0002240675642777002,0.0002240675642777002,0.0,0.0002240675642777002,300.8920147901721,300.84979637358094,9.459777773238062e-06
112,122,contact,0.001901413879091031,-9.858612090896893e-05,9.858612090896893e-05,0.00022202040549121712,0.00022202040549121712,0.0,0.00022202040549121712,300.13688326517166,300.0934462912841,9.643894555822493e-06
112,416,contact,0.002215460185356532,-3.453981464346823e-05,3.453981464346823e-05,0.00013852359334437547,0.00013852359334437547,0.0,0.00013852359334437547,300.13688326517166,300.10437173575167,4.503613880378644e-06
112,470,contact,0.002160252735121517,-8.974726487848313e-05,8.974726487848313e-05,0.00022329261429603373,0.00022329261429603373,0.0,0.00022329261429603373,300.13688326517166,300.22968688318,-2.072236248121738e-05
112,474,contact,0.0021953874669406307,-5.461253305936954e-05,5.461253305936954e-05,0.00017418466104710307,0.00017418466104710307,0.0,0.00017418466104710307,300.13688326517166,300.07715140779993,1.040437333000874e-05
113,205,contact,0.0019605080617023742,-3.94919382976258e-05,3.94919382976258e-05,0.0001405203513688067,0.0001405203513688067,0.0,0.0001405203513688067,300.78452442607886,300.8611580626883,-1.0768585543024463e-05
113,258,contact,0.001936221616473693,-6.377838352630708e-05,6.377838352630708e-05,0.00017857545117723638,0.00017857545117723638,0.0,0.00017857545117723638,300.78452442607886,300.78590123913597,-2.4586501285951655e-07
113,423,contact,0.002179893852025828,-7.010614797417231e-05,7.010614797417231e-05,0.00019735212181694748,0.00019735212181694748,0.0,0.00019735212181694748,300.78452442607886,300.8017539215493,-3.400277488922296e-06
113,437,contact,0.0021963774543780038,-5.36225456219965e-05,5.36225456219965e-05,0.00017259867648198056,0.00017259867648198056,0.0,0.00017259867648198056,300.78452442607886,300.6701335661728,1.974371102142029e-05
113,493,contact,0.002209679465012969,-4.032053498703118e-05,4.032053498703118e-05,0.00014966728839334705,0.00014966728839334705,0.0,0.00014966728839334705,300.78452442607886,300.82844890698453,-6.574057951237447e-06
114,118,contact,0.0019117279849915887,-8.827201500841131e-05,8.827201500841131e-05,0.00021008571466000646,0.00021008571466000646,0.0,0.00021008571466000646,300.60839655742063,300.6628743461683,-1.1445005182146295e-05
114,302,contact,0.0019521118865121355,-4.788811348786456e-05,4.788811348786456e-05,0.00015473867242526116,0.00015473867242526116,0.0,0.00015473867242526116,300.60839655742063,300.6312380711381,-3.53446550882635e-06
114,316,contact,0.001896110962813095,-0.00010388903718690505,0.00010388903718690505,0.00022791340152227232,0.00022791340152227232,0.0,0.00022791340152227232,300.60839655742063,300.5477394626625,1.3824564792786878e-05
114,457,contact,0.002193305571506168,-5.669442849383236e-05,5.669442849383236e-05,0.0001774736733118345,0.0001774736733118345,0.0,0.0001774736733118345,300.60839655742063,300.58180997029467,4.718419278069617e-06
114,500,contact,0.002190157805045107,-5.984219495489343e-05,5.984219495489343e-05,0.00018233393503083752,0.00018233393503083752,0.0,0.00018233393503083752,300.60839655742063,300.66352806523935,-1.0052344764769593e-05
115,143,contact,0.0019783170097079994,-2.168299029200061e-05,2.168299029200061e-05,0.00010412250067108601,0.00010412250067108601,0.0,0.00010412250067108601,300.07174566951863,300.1563333155267,-8.80747722823985e-06
115,289,contact,0.0019183728766848215,-8.162712331517851e-05,8.162712331517851e-05,0.00020202366608293508,0.00020202366608293508,0.0,0.00020202366608293508,300.07174566951863,300.104465961895,-6.610273421182219e-06
115,353,contact,0.0019205813437602691,-7.94186562397309e-05,7.94186562397309e-05,0.00019927199532263797,0.00019927199532263797,0.0,0.00019927199532263797,300.07174566951863,300.0706864259564,2.1107757817709713e-07
116,161,contact,0.0019085054571428399,-9.149454285716017e-05,9.149454285716017e-05,0.00021388611789590294,0.00021388611789590294,0.0,0.00021388611789590294,300.9378978328133,300.9481580691113,-2.194522110472804e-06
116,439,contact,0.0021512649377972955,-9.873506220270476e-05,9.873506220270476e-05,0.00023420677260667757,0.0004258304956485047,0.0,0.0004258304956485047,300.9378978328133,300.947042900837,-3.894248849277026e-06
116,449,contact,0.0021876484957268614,-6.235150427313886e-05,6.235150427313886e-05,0.0001861175021221493,0.0001861175021221493,0.0,0.0001861175021221493,300.9378978328133,300.85930086845633,1.4628270680501276e-05
116,478,contact,0.0020661089919643636,-0.00018389100803563665,0.00018389100803563665,0.000319627394212244,0.000319627394212244,0.0,0.000319627394212244,300.9378978328133,300.8255264331708,3.5916977651709845e-05
117,306,contact,0.0018990419122547036,-0.00010095808774529644,0.00010095808774529644,0.00022467541893284235,0.0022467541893284237,0.0,0.0022467541893284237,300.26440459097654,300.2201468529317,9.943625836246296e-05
117,308,contact,0.001925933655996489,-7.406634400351103e-05,7.406634400351103e-05,0.00019244004781166396,0.00034989099602120724,0.0,0.00034989099602120724,300.26440459097654,300.1932070095079,2.4911392694367877e-05
117,318,contact,0.0019798290791126385,-2.0170920887361502e-05,2.0170920887361502e-05,0.00010042639316275752,0.0001825934421141046,0.0,0.0001825934421141046,300.26440459097654,300.268683011598,-7.812115480844492e-07
117,425,contact,0.0021992229174187853,-5.0777082581214984e-05,5.0777082581214984e-05,0.0001679568108857072,0.001679568108857072,0.0,0.001679568108857072,300.26440459097654,300.3081275529162,-7.343569249858452e-05
117,446,contact,0.00218205121005443,-6.79487899455703e-05,6.79487899455703e-05,0.00019429186227822064,0.00035325793141494663,0.0,0.00035325793141494663,300.26440459097654,300.29428900671144,-1.055690688405438e-05
117,466,contact,0.002144494931423248,-0.00010550506857675244,0.00010550506857675244,0.00024210313295594646,0.0004401875144653572,0.0,0.0004401875144653572,300.26440459097654,300.35430682315416,-3.957384012715466e-05
118,165,contact,0.001980480823562803,-1.9519176437196844e-05,1.9519176437196844e-05,9.879062819214393e-05,9.879062819214393e-05,0.0,9.879062819214393e-05,300.6628743461683,300.59203267120756,6.998493571553018e-06
118,226,contact,0.001963056372292962,-3.694362770703804e-05,3.694362770703804e-05,0.0001359110512560293,0.0001359110512560293,0.0,0.0001359110512560293,300.6628743461683,300.7160636575885,-7.2290152307072676e-06
118,343,contact,0.0018401718275748054,-0.00015982817242519466,0.00015982817242519466,0.00028269079612289704,0.00028269079612289704,0.0,0.00028269079612289704,300.6628743461683,300.7279833251998,-1.8405709117161682e-05
118,363,contact,0.0019464993504751036,-5.3500649524896486e-05,5.3500649524896486e-05,0.00016355526516272182,0.00016355526516272182,0.0,0.00016355526516272182,300.6628743461683,300.71545209124497,-8.599367037675952e-06
118,457,contact,0.002115318896005989,-0.0001346811039940111,0.0001346811039940111,0.0002735376309618631,0.0002735376309618631,0.0,0.0002735376309618631,300.6628743461683,300.58180997029467,2.2174157331869058e-05
118,467,contact,0.002231623434139371,-1.8376565860629256e-05,1.8376565860629256e-05,0.0001010406020167395,0.0001010406020167395,0.0,0.0001010406020167395,300.6628743461683,300.7260525594069,-6.3835646999744675e-06
119,243,contact,0.001906364253651437,-9.363574634856315e-05,9.363574634856315e-05,0.0002163743819731938,0.0002163743819731938,0.0,0.0002163743819731938,300.96148960860796,300.86641843566804,2.0570966288342792e-05
119,281,contact,0.001990766537047727,-9.233462952272856e-06,9.233462952272856e-06,6.794653395233953e-05,0.00012353915264061733,0.0,0.00012353915264061733,300.96148960860796,300.98051126397286,-2.349919185601005e-06
119,381,contact,0.0019300499351270683,-6.995006487293173e-05,6.995006487293173e-05,0.00018701612881370918,0.00018701612881370918,0.0,0.00018701612881370918,300.96148960860796,300.9558042640515,1.063251129922816e-06
120,322,contact,0.0018959517067488822,-0.00010404829325111786,0.00010404829325111786,0.00022808802385385985,0.00022808802385385985,0.0,0.00022808802385385985,300.7456811597491,300.7619933162239,-3.720607535128101e-06
120,407,contact,0.002191353146305041,-5.8646853694959214e-05,5.8646853694959214e-05,0.0001805036990925351,0.0001805036990925351,0.0,0.0001805036990925351,300.7456811597491,300.78677771698653,-7.418080601325652e-06
120,485,contact,0.0021361726794058714,-0.00011382732059412887,0.00011382732059412887,0.00025147047606045446,0.00025147047606045446,0.0,0.00025147047606045446,300.7456811597491,300.70138694155315,1.1138688136459635e-05
121,158,contact,0.0019667718947046194,-3.322810529538065e-05,3.322810529538065e-05,0.00012889551058004435,0.00012889551058004435,0.0,0.00012889551058004435,300.74720253769215,300.67572073818775,9.213683044299647e-06
121,365,contact,0.001962253875776526,-3.7746124223473915e-05,3.7746124223473915e-05,0.00013737926376181,0.00013737926376181,0.0,0.00013737926376181,300.74720253769215,300.6564235928528,1.247114460710681e-05
121,421,contact,0.00215456181487095,-9.543818512905032e-05,9.543818512905032e-05,0.0002302633578331201,0.0002302633578331201,0.0,0.0002302633578331201,300.74720253769215,300.7202053973897,6.2164521779352796e-06
121,449,contact,0.002141563006801341,-0.00010843699319865912,0.00010843699319865912,0.00024544403435254863,0.00024544403435254863,0.0,0.00024544403435254863,300.74720253769215,300.85930086845633,-2.7513866546947644e-05
122,246,contact,0.0018312279742293152,-0.00016877202577068482,0.00016877202577068482,0.00029049270711214493,0.0005281685583857181,0.0,0.0005281685583857181,300.0934462912841,300.0429109340919,2.6691186755735665e-05
122,382,contact,0.0019602920550009888,-3.970794499901127e-05,3.970794499901127e-05,0.000140904125204004,0.000140904125204004,0.0,0.000140904125204004,300.0934462912841,300.04612396684564,6.667910727624452e-06
122,395,contact,0.0019238729916759045,-7.612700832409559e-05,7.612700832409559e-05,0.00019509870364010058,0.0003547249157092738,0.0,0.0003547249157092738,300.0934462912841,300.1520710291379,-2.0795655193664117e-05
122,416,contact,0.002121463805512599,-0.00012853619448740129,0.00012853619448740129,0.000267224618883525,0.000267224618883525,0.0,0.000267224618883525,300.0934462912841,300.10437173575167,-2.9195477339730244e-06
123,192,contact,0.0019035007429995922,-9.649925700040782e-05,9.649925700040782e-05,0.0002196579807341493,0.00039937814678936233,0.0,0.00039937814678936233,300.3249579675251,300.3658913894135,-1.6347914175529436e-05
123,338,contact,0.0018183009592817679,-0.00018169904071823218,0.00018169904071823218,0.00030141254180792826,0.0005480228032871422,0.0,0.0005480228032871422,300.3249579675251,300.4460251735032,-6.634758960624876e-05
123,377,contact,0.0018590135438519538,-0.00014098645614804626,0.00014098645614804626,0.00026550560836642064,0.0026550560836642065,0.0,0.0026550560836642065,300.3249579675251,300.2166293758601,0.0002876184863348958
123,417,contact,0.002150201208771169,-9.979879122883105e-05,9.979879122883105e-05,0.00023546501418449862,0.0004281182076081793,0.0,0.0004281182076081793,300.3249579675251,300.2460757864995,3.377089795291215e-05
123,496,contact,0.0022212403048055018,-2.8759695194498485e-05,2.8759695194498485e-05,0.00012640256501111064,0.00022982284547474663,0.0,0.00022982284547474663,300.3249579675251,300.42543163553,-2.3091144276169977e-05
124,269,contact,0.0019762680638010636,-2.3731936198936442e-05,2.3731936198936442e-05,0.00010893102450389523,0.00010893102450389523,0.0,0.00010893102450389523,300.0614835115187,300.05969844995366,1.9444858508282873e-07
124,412,contact,0.002193087800339968,-5.6912199660032105e-05,5.6912199660032105e-05,0.0001778141971272762,0.0001778141971272762,0.0,0.0001778141971272762,300.0614835115187,300.1051633033475,-7.766887114728559e-06
125,206,contact,0.0019239193333661364,-7.608066663386363e-05,7.608066663386363e-05,0.00019503931223456417,0.00019503931223456417,0.0,0.00019503931223456417,300.72155900592946,300.8266563119468,-2.049810628332789e-05
125,477,contact,0.0021828229069258,-6.717709307420012e-05,6.717709307420012e-05,0.00019318542197444534,0.00019318542197444534,0.0,0.00019318542197444534,300.72155900592946,300.6291637102529,1.784942418373133e-05
125,490,contact,0.0021933825294422186,-5.661747055778167e-05,5.661747055778167e-05,0.00017735317958773308,0.000322460326523151,0.0,0.000322460326523151,300.72155900592946,300.713345027707,2.6486820996630452e-06
126,143,contact,0.001893257223860508,-0.00010674277613949203,0.00010674277613949203,0.00023102248390523814,0.00023102248390523814,0.0,0.00023102248390523814,300.1366843545443,300.1563333155267,-4.539351772313102e-06
126,179,contact,0.0018420559949143787,-0.0001579440050856213,0.0001579440050856213,0.0002810195767963696,0.0002810195767963696,0.0,0.0002810195767963696,300.1366843545443,300.0637922530924,2.0484107501806657e-05
126,415,contact,0.0021407086718187507,-0.00010929132818124961,0.00010929132818124961,0.00024640901879829534,0.00024640901879829534,0.0,0.00024640901879829534,300.1366843545443,300.12950560876027,1.7689077048421116e-06
126,420,contact,0.0021718000000230226,-7.819999997697768e-05,7.819999997697768e-05,0.0002084333093141647,0.0002084333093141647,0.0,0.0002084333093141647,300.1366843545443,300.08440969333947,1.0895780628197307e-05
126,429,contact,0.00216601525026949,-8.398474973051037e-05,8.398474973051037e-05,0.0002160050793262232,0.0002160050793262232,0.0,0.0002160050793262232,300.1366843545443,300.1855834974949,-1.0562463252035454e-05
127,160,contact,0.0019539529150481086,-4.6047084951891457e-05,4.6047084951891457e-05,0.00015173510627388025,0.00015173510627388025,0.0,0.00015173510627388025,300.4898936495045,300.4376215742603,7.931508892337726e-06
127,204,contact,0.0018467664698628957,-0.00015323353013710437,0.00015323353013710437,0.00027679733573239497,0.00027679733573239497,0.0,0.00027679733573239497,300.4898936495045,300.49412933861555,-1.1724274609309515e-06
127,324,contact,0.001942522834204636,-5.747716579536399e-05,5.747716579536399e-05,0.00016952457903702931,0.0003082265073400533,0.0,0.0003082265073400533,300.4898936495045,300.5428559787853,-1.6324393774824378e-05
127,396,contact,0.0019173613622958515,-8.26386377041485e-05,8.26386377041485e-05,0.0002032715397001613,0.0002032715397001613,0.0,0.0002032715397001613,300.4898936495045,300.40270529677247,1.772291070376007e-05
127,452,contact,0.0021257852645610747,-0.00012421473543892557,0.00012421473543892557,0.0002626940927294686,0.0002626940927294686,0.0,0.0002626940927294686,300.4898936495045,300.5474632473872,-1.5123193284601053e-05
128,187,contact,0.0018765198853058246,-0.0001234801146941754,0.0001234801146941754,0.00024847546628809793,0.000451773575069269,0.0,0.000451773575069269,300.95743895993206,300.94863923682607,3.9754823672147495e-06
128,333,contact,0.0019476872738815121,-5.2312726118487925e-05,5.2312726118487925e-05,0.0001617292894291073,0.0016172928942910733,0.0,0.0016172928942910733,300.95743895993206,300.9577561092258,-5.129232991648685e-07
128,352,contact,0.0018938899242963258,-0.0001061100757036742,0.0001061100757036742,0.0002303367922235549,0.00041879416767919074,0.0,0.00041879416767919074,300.95743895993206,300.89337317184163,2.683037840004363e-05
128,418,contact,0.0021420728254009013,-0.00010792717459909892,0.00010792717459909892,0.00024486637466982646,0.0004452115903087754,0.0,0.0004452115903087754,300.95743895993206,300.9449549891737,5.558008474694713e-06
128,472,contact,0.002110028148368879,-0.0001399718516311211,0.0001399718516311211,0.00027885863765547464,0.0027885863765547466,0.0,0.0027885863765547466,300.95743895993206,300.86027118779106,0.00027096072563258526
129,169,contact,0.001966149529036572,-3.385047096342818e-05,3.385047096342818e-05,0.00013009702333917594,0.00013009702333917594,0.0,0.00013009702333917594,300.0301621823804,300.05134222243555,-2.755460165376708e-06
129,310,contact,0.0019370126402543917,-6.298735974560833e-05,6.298735974560833e-05,0.00017746458765850772,0.00032266288665183223,0.0,0.00032266288665183223,300.0301621823804,300.03096137362394,-2.578693536197098e-07
129,382,contact,0.0019231756343090459,-7.682436569095416e-05,7.682436569095416e-05,0.00019599026211900703,0.00019599026211900703,0.0,0.00019599026211900703,300.0301621823804,300.04612396684564,-3.128354321225346e-06
130,143,contact,0.001875439587723369,-0.00012456041227663114,0.00012456041227663114,0.0002495600251208426,0.0004537455002197139,0.0,0.0004537455002197139,300.20168497705816,300.1563333155267,2.0578112347391893e-05
130,238,contact,0.0018971122765139654,-0.00010288772348603461,0.00010288772348603461,0.00022681239327474438,0.0004123861695904443,0.0,0.0004123861695904443,300.20168497705816,300.2160922591263,-5.941363866287067e-06
130,248,contact,0.0018862065336012384,-0.00011379346639876168,0.00011379346639876168,0.00023853036116893136,0.0023853036116893134,0.0,0.0023853036116893134,300.20168497705816,300.25502541570745,-0.00012723314095923455
130,306,contact,0.001968420176689926,-3.157982331007409e-05,3.157982331007409e-05,0.0001256579152104516,0.0012565791521045161,0.0,0.0012565791521045161,300.20168497705816,300.2201468529317,-2.3198808331415228e-05
130,354,contact,0.001858369092995252,-0.000141630907004748,0.000141630907004748,0.0002661117312377904,0.0004838395113414371,0.0,0.0004838395113414371,300.20168497705816,300.0893032233433,5.4374732801103806e-05
130,380,contact,0.0018770994341270255,-0.00012290056587297457,0.00012290056587297457,0.00024789167581120444,0.00045071213783855354,0.0,0.00045071213783855354,300.20168497705816,300.19182222967487,4.44525995808642e-06
130,400,contact,0.0018840864109164431,-0.00011591358908355693,0.00011591358908355693,0.00024074217441441055,0.0004377130443898374,0.0,0.0004377130443898374,300.20168497705816,300.2101322589629,-3.697485479347537e-06
131,181,contact,0.001983760712460049,-1.6239287539950974e-05,1.6239287539950974e-05,9.010906596994271e-05,9.010906596994271e-05,0.0,9.010906596994271e-05,300.7569348017284,300.66875550128003,7.945754401284647e-06
131,182,contact,0.0019373252202714963,-6.267477972850375e-05,6.267477972850375e-05,0.00017702369859499568,0.00017702369859499568,0.0,0.00017702369859499568,300.7569348017284,300.8101446222943,-9.419399238148611e-06
131,253,contact,0.0019982614150555974,-1.7385849444026373e-06,1.7385849444026373e-06,2.9483766248587013e-05,2.9483766248587013e-05,0.0,2.9483766248587013e-05,300.7569348017284,300.79356767494005,-1.0800750707866652e-06
131,364,contact,0.0019459706284011594,-5.40293715988406e-05,5.40293715988406e-05,0.00016436144864115886,0.00016436144864115886,0.0,0.00016436144864115886,300.7569348017284,300.78203799137816,-4.125996616349831e-06
131,428,contact,0.002161765550678426,-8.823444932157427e-05,8.823444932157427e-05,0.000221402661483519,0.000221402661483519,0.0,0.000221402661483519,300.7569348017284,300.6134314422517,3.177202571996988e-05
131,463,contact,0.0021849742821827443,-6.502571781725596e-05,6.502571781725596e-05,0.00019006682716182858,0.00019006682716182858,0.0,0.00019006682716182858,300.7569348017284,300.84979637358094,-1.764990432727474e-05
132,157,contact,0.0019386882133287967,-6.131178667120331e-05,6.131178667120331e-05,0.00017508824442435207,0.00017508824442435207,0.0,0.00017508824442435207,300.1902054016176,300.23151223548155,-7.232341023963485e-06
132,395,contact,0.0019621061490143698,-3.789385098563027e-05,3.789385098563027e-05,0.00013764783141341215,0.0002502687843880221,0.0,0.0002502687843880221,300.1902054016176,300.1520710291379,9.543843043895417e-06
132,416,contact,0.0021898988014061285,-6.010119859387172e-05,6.010119859387172e-05,0.0001827280897245226,0.0001827280897245226,0.0,0.0001827280897245226,300.1902054016176,300.10437173575167,1.5684221797737675e-05
133,139,contact,0.0019088043178911765,-9.11956821088235e-05,9.11956821088235e-05,0.00021353650988627625,0.00021353650988627625,0.0,0.00021353650988627625,300.1875529284593,300.17524744605646,2.6276697647688534e-06
133,289,contact,0.001917311567064676,-8.268843293532412e-05,8.268843293532412e-05,0.00020333277273391535,0.00020333277273391535,0.0,0.00020333277273391535,300.1875529284593,300.104465961895,1.689430328956534e-05
133,306,contact,0.0019885831462878286,-1.1416853712171472e-05,1.1416853712171472e-05,7.555413195905129e-05,0.0001373711490164569,0.0,0.0001373711490164569,300.1875529284593,300.2201468529317,-4.4774648557283865e-06
133,308,contact,0.0019871581031463002,-1.2841896853699793e-05,1.2841896853699793e-05,8.013082070495657e-05,8.013082070495657e-05,0.0,8.013082070495657e-05,300.1875529284593,300.1932070095079,-4.530661547558491e-07
133,318,contact,0.001935306211765983,-6.469378823401712e-05,6.469378823401712e-05,0.00017985242316134793,0.00017985242316134793,0.0,0.00017985242316134793,300.1875529284593,300.268683011598,-1.4591442043777343e-05
134,140,contact,0.0019317260390645456,-6.827396093545446e-05,6.827396093545446e-05,0.0001847619562240215,0.0001847619562240215,0.0,0.0001847619562240215,300.179311297082,300.17046621359475,1.6342349280681142e-06
134,236,contact,0.0018237064840593183,-0.00017629351594068178,0.00017629351594068178,0.0002968951969472408,0.0002968951969472408,0.0,0.0002968951969472408,300.179311297082,300.2994174133931,-3.565892905674991e-05
134,269,contact,0.0018626773016279547,-0.00013732269837204536,0.00013732269837204536,0.0002620331070418826,0.0002620331070418826,0.0,0.0002620331070418826,300.179311297082,300.05969844995366,3.134252597516395e-05
134,285,contact,0.0019892459325080948,-1.0754067491905266e-05,1.0754067491905266e-05,7.332826021359455e-05,7.332826021359455e-05,0.0,7.332826021359455e-05,300.179311297082,300.07643343442123,7.543854683406786e-06
134,360,contact,0.0018770231005504423,-0.0001229768994495577,0.0001229768994495577,0.0002479686466567474,0.0002479686466567474,0.0,0.0002479686466567474,300.179311297082,300.19891735048895,-4.861686529603832e-06
135,181,contact,0.0018862477750815256,-0.00011375222491847442,0.00011375222491847442,0.00023848713269113118,0.00023848713269113118,0.0,0.00023848713269113118,300.6529854029073,300.66875550128003,-3.7609655431720516e-06
135,210,contact,0.001973185875709635,-2.6814124290364897e-05,2.6814124290364897e-05,0.00011578886883108604,0.00011578886883108604,0.0,0.00011578886883108604,300.6529854029073,300.5851947290421,7.84940544414905e-06
135,364,contact,0.0018772014548524086,-0.00012279854514759148,0.00012279854514759148,0.0002477887660363071,0.0002477887660363071,0.0,0.0002477887660363071,300.6529854029073,300.78203799137816,-3.197778165098823e-05
135,369,contact,0.0018687845025309895,-0.0001312154974690105,0.0001312154974690105,0.00025614009591335996,0.00025614009591335996,0.0,0.00025614009591335996,300.6529854029073,300.5437312559992,2.798436766796938e-05
135,388,contact,0.0019229121112520962,-7.708788874790382e-05,7.708788874790382e-05,0.00019632611740151107,0.00019632611740151107,0.0,0.00019632611740151107,300.6529854029073,300.69524294582953,-8.296259332851746e-06
135,428,contact,0.0021896163526060903,-6.038364739390997e-05,6.038364739390997e-05,0.00018315695666393464,0.00018315695666393464,0.0,0.00018315695666393464,300.6529854029073,300.6134314422517,7.244583057686518e-06
136,151,contact,0.0019331916026795735,-6.680839732042657e-05,6.680839732042657e-05,0.00018276815548725465,0.00018276815548725465,0.0,0.00018276815548725465,300.47705335818824,300.4477093210982,5.363155533493838e-06
136,189,contact,0.0018813114482051192,-0.00011868855179488088,0.00011868855179488088,0.00024360680593415372,0.00024360680593415372,0.0,0.00024360680593415372,300.47705335818824,300.39359500499006,2.0331022851133596e-05
136,271,contact,0.0019286578189248603,-7.134218107513975e-05,7.134218107513975e-05,0.00018886791823274243,0.00018886791823274243,0.0,0.00018886791823274243,300.47705335818824,300.37488347568944,1.929661301363213e-05
136,272,contact,0.001974422417316011,-2.5577582683988884e-05,2.5577582683988884e-05,0.00011308753840275436,0.00011308753840275436,0.0,0.00011308753840275436,300.47705335818824,300.57931199822303,-1.15641778819478e-05
136,316,contact,0.001898839656974754,-0.00010116034302524611,0.00010116034302524611,0.00022490035907624304,0.00022490035907624304,0.0,0.00022490035907624304,300.47705335818824,300.5477394626625,-1.5897330277959242e-05
136,372,contact,0.0019892408163684487,-1.0759183631551313e-05,1.0759183631551313e-05,7.334570073136978e-05,7.334570073136978e-05,0.0,7.334570073136978e-05,300.47705335818824,300.5767368760795,-7.311357471102847e-06
137,176,contact,0.0020000023040236733,-0.0,0.0,1.0000000000000001e-07,1.0000000000000001e-07,0.0,1.0000000000000001e-07,300.0477295712569,300.0477295712569,0.0
138,254,contact,0.0019433119476038841,-5.6688052396115926e-05,5.6688052396115926e-05,0.00016835684185104554,0.00016835684185104554,0.0,0.00016835684185104554,300.183387218793,300.1569373099939,4.453023112658886e-06
138,373,contact,0.001968129751337548,-3.187024866245199e-05,3.187024866245199e-05,0.00012623440232846985,0.00012623440232846985,0.0,0.00012623440232846985,300.183387218793,300.20877959038944,-3.205390852182483e-06
138,380,contact,0.0019562445763503093,-4.375542364969077e-05,4.375542364969077e-05,0.00014791116193460649,0.00014791116193460649,0.0,0.00014791116193460649,300.183387218793,300.19182222967487,-1.2476322604723888e-06
139,157,contact,0.0019506681019845489,-4.933189801545118e-05,4.933189801545118e-05,0.00015705396845583236,0.00015705396845583236,0.0,0.00015705396845583236,300.17524744605646,300.23151223548155,-8.836608463541482e-06
139,319,contact,0.001965588870440612,-3.441112955938821e-05,3.441112955938821e-05,0.00013116998429402247,0.00013116998429402247,0.0,0.00013116998429402247,300.17524744605646,300.1626649836418,1.6504413973142827e-06
139,337,contact,0.0019497856058038794,-5.0214394196120655e-05,5.0214394196120655e-05,0.00015845250738962866,0.00015845250738962866,0.0,0.00015845250738962866,300.17524744605646,300.06496311771826,1.7474828350968204e-05
139,471,contact,0.002166098523913444,-8.39014760865564e-05,8.39014760865564e-05,0.00021589796469443154,0.00021589796469443154,0.0,0.00021589796469443154,300.17524744605646,300.2791964562422,-2.2442379731096698e-05
140,141,contact,0.001950743855148594,-4.925614485140595e-05,4.925614485140595e-05,0.00015693333752171007,0.00015693333752171007,0.0,0.00015693333752171007,300.17046621359475,300.200956556056,-4.784951204621494e-06
140,334,contact,0.001959662926730003,-4.033707326999694e-05,4.033707326999694e-05,0.0001420159731685083,0.0001420159731685083,0.0,0.0001420159731685083,300.17046621359475,300.055032394386,1.63934461714898e-05
140,360,contact,0.0018968750749588127,-0.00010312492504118732,0.00010312492504118732,0.00022707369403036025,0.00022707369403036025,0.0,0.00022707369403036025,300.17046621359475,300.19891735048895,-6.46050475393057e-06
140,455,contact,0.0021397340318133,-0.0001102659681867001,0.0001102659681867001,0.00024750529532685436,0.0004500096278670079,0.0,0.0004500096278670079,300.17046621359475,300.14602087512014,1.1000637670040773e-05
141,397,contact,0.0019581891006999305,-4.1810899300069506e-05,4.1810899300069506e-05,0.00014458716972828105,0.00014458716972828105,0.0,0.00014458716972828105,300.200956556056,300.17364884887473,3.948344093105718e-06
141,448,contact,0.002199609170761933,-5.0390829238067085e-05,5.0390829238067085e-05,0.0001673167807850112,0.0001673167807850112,0.0,0.0001673167807850112,300.200956556056,300.3097756783113,-1.8207265223614142e-05
141,479,contact,0.0021742296507958852,-7.577034920411502e-05,7.577034920411502e-05,0.00020516977956495095,0.00020516977956495095,0.0,0.00020516977956495095,300.200956556056,300.08670302708595,2.3441371353300647e-05
142,231,contact,0.0019708807803266535,-2.9119219673346547e-05,2.9119219673346547e-05,0.00012066320829761354,0.00012066320829761354,0.0,0.00012066320829761354,300.92832938803826,300.82506000745525,1.2460814780053859e-05
142,371,contact,0.001962177153796517,-3.782284620348301e-05,3.782284620348301e-05,0.00013751880999245705,0.00013751880999245705,0.0,0.00013751880999245705,300.92832938803826,300.8305271017399,1.3449654026292157e-05
143,354,contact,0.0019462620663723573,-5.373793362764274e-05,5.373793362764274e-05,0.00016391756102938261,0.00016391756102938261,0.0,0.00016391756102938261,300.1563333155267,300.0893032233433,1.0987409226280151e-05
143,429,contact,0.002141409714113579,-0.0001085902858864213,0.0001085902858864213,0.0002456174598915301,0.0002456174598915301,0.0,0.0002456174598915301,300.1563333155267,300.1855834974949,-7.184355396399953e-06
144,201,contact,0.001925688571041798,-7.431142895820194e-05,7.431142895820194e-05,0.00019275817616666997,0.00019275817616666997,0.0,0.00019275817616666997,300.32411081210233,300.3075103104228,3.1998824271986893e-06
144,236,contact,0.0019395930159574614,-6.040698404253869e-05,6.040698404253869e-05,0.0001737915188415975,0.0001737915188415975,0.0,0.0001737915188415975,300.32411081210233,300.2994174133931,4.29150326704103e-06
144,328,contact,0.001918481983861198,-8.151801613880214e-05,8.151801613880214e-05,0.00020188860311914854,0.00020188860311914854,0.0,0.00020188860311914854,300.32411081210233,300.30093777371485,4.67837235007541e-06
144,396,contact,0.0019520476669641041,-4.795233303589593e-05,4.795233303589593e-05,0.00015484239250911866,0.00015484239250911866,0.0,0.00015484239250911866,300.32411081210233,300.40270529677247,-1.216975804434481e-05
145,287,contact,0.0019171563038586589,-8.284369614134117e-05,8.284369614134117e-05,0.00020352358111695701,0.00020352358111695701,0.0,0.00020352358111695701,300.9350417396376,300.94827451085325,-2.6931809859115445e-06
145,460,contact,0.0021344039134852154,-0.00011559608651478485,0.00011559608651478485,0.00025341674779652854,0.00025341674779652854,0.0,0.00025341674779652854,300.9350417396376,300.82514256059693,2.7850292537994282e-05
145,465,contact,0.002239634884118614,-1.0365115881386111e-05,1.0365115881386111e-05,7.588410710999486e-05,7.588410710999486e-05,0.0,7.588410710999486e-05,300.9350417396376,300.8269980313282,8.198800333913365e-06
146,160,contact,0.001946114909274372,-5.388509072562801e-05,5.388509072562801e-05,0.00016414184525225127,0.00016414184525225127,0.0,0.00016414184525225127,300.3747013029044,300.4376215742603,-1.0327849444128567e-05
146,201,contact,0.001857147443053728,-0.00014285255694627204,0.00014285255694627204,0.00026725695215117605,0.00026725695215117605,0.0,0.00026725695215117605,300.3747013029044,300.3075103104228,1.7957259862640992e-05
146,260,contact,0.0019563874380722616,-4.3612561927738446e-05,4.3612561927738446e-05,0.0001476694990980508,0.0001476694990980508,0.0,0.0001476694990980508,300.3747013029044,300.3833323689393,-1.274545198059234e-06
146,417,contact,0.002155686125313345,-9.431387468665509e-05,9.431387468665509e-05,0.00022890302979240295,0.00022890302979240295,0.0,0.00022890302979240295,300.3747013029044,300.2460757864995,2.9442770413692958e-05
147,185,contact,0.0019200888271379535,-7.991117286204651e-05,7.991117286204651e-05,0.00019988893523910535,0.00019988893523910535,0.0,0.00019988893523910535,300.6457899196953,300.61941803403687,5.271448144509111e-06
147,312,contact,0.0019043217093758081,-9.56782906241919e-05,9.56782906241919e-05,0.00021872161601473218,0.00021872161601473218,0.0,0.00021872161601473218,300.6457899196953,300.60856771742925,8.141300231254768e-06
147,336,contact,0.0018823641586844981,-0.0001176358413155019,0.0001176358413155019,0.00024252406201808295,0.00024252406201808295,0.0,0.00024252406201808295,300.6457899196953,300.7007524891007,-1.3329745591149471e-05
147,421,contact,0.0021642182441472947,-8.578175585270556e-05,8.578175585270556e-05,0.00021830375862380582,0.00021830375862380582,0.0,0.00021830375862380582,300.6457899196953,300.7202053973897,-1.624517848047383e-05
147,433,contact,0.0021873288317260393,-6.267116827396099e-05,6.267116827396099e-05,0.00018659398625828246,0.00018659398625828246,0.0,0.00018659398625828246,300.6457899196953,300.5591731105474,1.61621756958739e-05
148,182,contact,0.0019642104428242925,-3.578955717570753e-05,3.578955717570753e-05,0.0001337713668460249,0.0001337713668460249,0.0,0.0001337713668460249,300.9250597826245,300.8101446222943,1.5372358068702687e-05
148,215,contact,0.0018775539875138076,-0.00012244601248619243,0.00012244601248619243,0.00024743283178086176,0.0004498778759652032,0.0,0.0004498778759652032,300.9250597826245,300.98247681814297,-2.5830653983273905e-05
148,241,contact,0.001853180481070584,-0.000146819518929416,0.000146819518929416,0.0002709423545049906,0.0002709423545049906,0.0,0.0002709423545049906,300.9250597826245,300.9298603735552,-1.3006834097789996e-06
148,244,contact,0.0018653256942756664,-0.00013467430572433364,0.00013467430572433364,0.00025949403242110755,0.00025949403242110755,0.0,0.00025949403242110755,300.9250597826245,300.9397568301576,-3.813796129049984e-06
148,463,contact,0.0021033486381006844,-0.00014665136189931588,0.00014665136189931588,0.00028543471903914083,0.00028543471903914083,0.0,0.00028543471903914083,300.9250597826245,300.84979637358094,2.1482790014271787e-05
149,173,contact,0.0019816445440404675,-1.8355455959532564e-05,1.8355455959532564e-05,9.580045918348347e-05,0.00017418265306087905,0.0,0.00017418265306087905,300.26704520079704,300.25848684077533,1.4907178544314669e-06
149,232,contact,0.001873473632053572,-0.00012652636794642795,0.00012652636794642795,0.0002515217365819781,0.0002515217365819781,0.0,0.0002515217365819781,300.26704520079704,300.3515887906032,-2.126455052492323e-05
149,234,contact,0.0019023582343585812,-9.764176564141885e-05,9.764176564141885e-05,0.00022095448133203685,0.00022095448133203685,0.0,0.00022095448133203685,300.26704520079704,300.3582857501059,-2.0160008248987075e-05
149,412,contact,0.0021947914638981068,-5.5208536101893513e-05,5.5208536101893513e-05,0.00017513254679098458,0.00017513254679098458,0.0,0.00017513254679098458,300.26704520079704,300.1051633033475,2.835078897969115e-05
149,458,contact,0.002096254710232835,-0.0001537452897671654,0.0001537452897671654,0.0002922568217692231,0.0002922568217692231,0.0,0.0002922568217692231,300.26704520079704,300.1943680357456,2.124039727313674e-05
149,464,contact,0.0020968738087925086,-0.00015312619120749164,0.00015312619120749164,0.00029166780114778566,0.00029166780114778566,0.0,0.00029166780114778566,300.26704520079704,300.3001559702936,-9.657345333368554e-06
150,167,contact,0.0019876239469527423,-1.23760530472577e-05,1.23760530472577e-05,7.866401034544864e-05,7.866401034544864e-05,0.0,7.866401034544864e-05,300.1052116803993,300.0564762903364,3.833721228098694e-06
150,284,contact,0.001884719229405006,-0.000115280770594994,0.000115280770594994,0.00024008412129396855,0.00024008412129396855,0.0,0.00024008412129396855,300.1052116803993,300.0627614435054,1.0191627823392503e-05
150,319,contact,0.001914433818887454,-8.5566181112546e-05,8.5566181112546e-05,0.0002068407371778417,0.0002068407371778417,0.0,0.0002068407371778417,300.1052116803993,300.1626649836418,-1.188368359597715e-05
150,337,contact,0.0018969837086543464,-0.0001030162913456536,0.0001030162913456536,0.00022695406071015074,0.00022695406071015074,0.0,0.00022695406071015074,300.1052116803993,300.06496311771826,9.13457473820655e-06
150,389,contact,0.0019789427789857904,-2.1057221014209645e-05,2.1057221014209645e-05,0.00010260901766952465,0.00010260901766952465,0.0,0.00010260901766952465,300.1052116803993,300.1270676147487,-2.2426159538404647e-06
150,402,contact,0.0022377476379833363,-1.2252362016663965e-05,1.2252362016663965e-05,8.250374407889338e-05,8.250374407889338e-05,0.0,8.250374407889338e-05,300.1052116803993,300.2147051869145,-9.033624239831297e-06
151,224,contact,0.0019098534229801509,-9.014657701984915e-05,9.014657701984915e-05,0.00021230470675405333,0.00021230470675405333,0.0,0.00021230470675405333,300.4477093210982,300.4039605545204,9.288069059158765e-06
151,316,contact,0.0019239950207050728,-7.600497929492723e-05,7.600497929492723e-05,0.00019494227260259282,0.00019494227260259282,0.0,0.00019494227260259282,300.4477093210982,300.5477394626625,-1.95001031252989e-05
151,351,contact,0.0019157047228184725,-8.429527718152759e-05,8.429527718152759e-05,0.00020529890060778163,0.00020529890060778163,0.0,0.00020529890060778163,300.4477093210982,300.5345528711432,-1.782888534911313e-05
151,441,contact,0.0021551469270258586,-9.48530729741417e-05,9.48530729741417e-05,0.00022955642367901828,0.00022955642367901828,0.0,0.00022955642367901828,300.4477093210982,300.3021935720139,3.340407494877099e-05
152,214,contact,0.0019493117251481353,-5.06882748518647e-05,5.06882748518647e-05,0.00015919842155603285,0.00015919842155603285,0.0,0.00015919842155603285,300.70535100272923,300.7582807492094,-8.426332093004741e-06
152,286,contact,0.0019823596278425366,-1.7640372157463457e-05,1.7640372157463457e-05,9.391584572760727e-05,9.391584572760727e-05,0.0,9.391584572760727e-05,300.70535100272923,300.74967938143425,-4.163137175815395e-06
152,365,contact,0.001973069112474269,-2.6930887525730956e-05,2.6930887525730956e-05,0.00011604069873482096,0.00011604069873482096,0.0,0.00011604069873482096,300.70535100272923,300.6564235928528,5.677570829348863e-06
152,378,contact,0.0019829716365848504,-1.702836341514963e-05,1.702836341514963e-05,9.227232362726549e-05,9.227232362726549e-05,0.0,9.227232362726549e-05,300.70535100272923,300.7650640794755,-5.509864342312235e-06
153,440,contact,0.002167862944330199,-8.213705566980116e-05,8.213705566980116e-05,0.00021361577094010164,0.00021361577094010164,0.0,0.00021361577094010164,300.450475087149,300.4936666874066,-9.226406987154867e-06
153,444,contact,0.002215357619031293,-3.4642380968707195e-05,3.4642380968707195e-05,0.00013872911448155838,0.00013872911448155838,0.0,0.00013872911448155838,300.450475087149,300.370324171403,1.1119265566329017e-05
153,487,contact,0.002179347097022408,-7.065290297759248e-05,7.065290297759248e-05,0.00019812019777228459,0.00019812019777228459,0.0,0.00019812019777228459,300.450475087149,300.46002917906105,-1.8928585791472977e-06
154,159,contact,0.001842156874210229,-0.00015784312578977114,0.00015784312578977114,0.0002809298184509533,0.0002809298184509533,0.0,0.0002809298184509533,300.88332912349614,300.79511707367055,2.4781395142688276e-05
154,326,contact,0.001960313272158304,-3.9686727841695916e-05,3.9686727841695916e-05,0.00014086647550374772,0.00014086647550374772,0.0,0.00014086647550374772,300.88332912349614,300.8542771007343,4.0924560527158754e-06
154,358,contact,0.0019978651516556374,-2.1348483443626304e-06,2.1348483443626304e-06,3.2671458066350746e-05,3.2671458066350746e-05,0.0,3.2671458066350746e-05,300.88332912349614,300.8125362503124,2.3129063876188574e-06
154,413,contact,0.0021636309191957856,-8.636908080421465e-05,8.636908080421465e-05,0.00021904981777898867,0.00021904981777898867,0.0,0.00021904981777898867,300.88332912349614,300.85870396795985,5.394135833002404e-06
155,221,contact,0.001987390343465521,-1.2609656534478923e-05,1.2609656534478923e-05,7.940294873138819e-05,7.940294873138819e-05,0.0,7.940294873138819e-05,300.501989071321,300.4969675361421,3.9872470036401317e-07
155,283,contact,0.001876188195038014,-0.0001238118049619861,0.0001238118049619861,0.0002488089678468062,0.0002488089678468062,0.0,0.0002488089678468062,300.501989071321,300.4855018012735,4.102180643142097e-06
155,298,contact,0.0019007430816656932,-9.925691833430686e-05,9.925691833430686e-05,0.00022277445806724214,0.00022277445806724214,0.0,0.00022277445806724214,300.501989071321,300.4254456036077,1.7051929538416298e-05
155,327,contact,0.001949369525000327,-5.0630474999673134e-05,5.0630474999673134e-05,0.0001591076286663734,0.0001591076286663734,0.0,0.0001591076286663734,300.501989071321,300.51320152612334,-1.7839870951258533e-06
155,403,contact,0.0020928666047553054,-0.00015713339524469488,0.00015713339524469488,0.0002954595246247735,0.0005371991356814064,0.0,0.0005371991356814064,300.501989071321,300.5821591910384,-4.30673190196437e-05
155,419,contact,0.0021133422480279903,-0.00013665775197200993,0.00013665775197200993,0.0002755376078102285,0.0002755376078102285,0.0,0.0002755376078102285,300.501989071321,300.38901545011754,3.112848133206578e-05
156,221,contact,0.0019514194729222108,-4.858052707778929e-05,4.858052707778929e-05,0.0001558533398387556,0.0001558533398387556,0.0,0.0001558533398387556,300.5157061074036,300.4969675361421,2.920468914912583e-06
156,270,contact,0.0019838462378168314,-1.6153762183168663e-05,1.6153762183168663e-05,8.987146984212694e-05,8.987146984212694e-05,0.0,8.987146984212694e-05,300.5157061074036,300.58538804217625,-6.262417899459639e-06
156,295,contact,0.0019389243017199004,-6.10756982800996e-05,6.10756982800996e-05,0.00017475082014127945,0.00017475082014127945,0.0,0.00017475082014127945,300.5157061074036,300.4239765647167,1.6029812815718847e-05
156,361,contact,0.0019234251798549372,-7.65748201450628e-05,7.65748201450628e-05,0.0001956716895019088,0.0001956716895019088,0.0,0.0001956716895019088,300.5157061074036,300.48452884739424,6.100507140074081e-06
156,367,contact,0.00195498618371077,-4.501381628923022e-05,4.501381628923022e-05,0.0001500230253814897,0.0001500230253814897,0.0,0.0001500230253814897,300.5157061074036,300.6047248447499,-1.3354860292331174e-05
157,315,contact,0.0019261495555901152,-7.385044440988485e-05,7.385044440988485e-05,0.0001921593666854219,0.0001921593666854219,0.0,0.0001921593666854219,300.23151223548155,300.2804600143401,-9.405774186122034e-06
157,402,contact,0.002162204915566515,-8.779508443348526e-05,8.779508443348526e-05,0.00022085073445087707,0.00022085073445087707,0.0,0.00022085073445087707,300.23151223548155,300.2147051869145,3.7118490199835626e-06
157,471,contact,0.0021647878796316284,-8.521212036837183e-05,8.521212036837183e-05,0.0002175777260459298,0.0002175777260459298,0.0,0.0002175777260459298,300.23151223548155,300.2791964562422,-1.0375024321369908e-05
158,322,contact,0.0019344413763926784,-6.555862360732166e-05,6.555862360732166e-05,0.00018105057802630963,0.00018105057802630963,0.0,0.00018105057802630963,300.67572073818775,300.7619933162239,-1.5619700121261276e-05
158,365,contact,0.0018936983977391958,-0.00010630160226080421,0.00010630160226080421,0.00023054457514849944,0.00023054457514849944,0.0,0.00023054457514849944,300.67572073818775,300.6564235928528,4.448852172830469e-06
158,436,contact,0.002220514017631954,-2.9485982368046386e-05,2.9485982368046386e-05,0.0001279886765131249,0.0001279886765131249,0.0,0.0001279886765131249,300.67572073818775,300.57620198923587,1.2737272966593036e-05
158,469,contact,0.0021645856986961735,-8.541430130382674e-05,8.541430130382674e-05,0.00021783569407522974,0.00021783569407522974,0.0,0.00021783569407522974,300.67572073818775,300.64061511393004,7.647258026122509e-06
159,243,contact,0.0019140095123326842,-8.59904876673158e-05,8.59904876673158e-05,0.00020735294508074367,0.00020735294508074367,0.0,0.00020735294508074367,300.79511707367055,300.86641843566804,-1.4784547398446625e-05
159,249,contact,0.001908685847540134,-9.131415245986602e-05,9.131415245986602e-05,0.00021367516521564458,0.00021367516521564458,0.0,0.00021367516521564458,300.79511707367055,300.71681673366527,1.6730838087070386e-05
159,343,contact,0.001872755454644306,-0.00012724454535569408,0.00012724454535569408,0.00025223455884919305,0.00025223455884919305,0.0,0.00025223455884919305,300.79511707367055,300.7279833251998,1.6933451429420028e-05
159,375,contact,0.0019016992545089768,-9.830074549102325e-05,9.830074549102325e-05,0.0002216988334329065,0.0002216988334329065,0.0,0.0002216988334329065,300.79511707367055,300.7726089082882,4.990034007984634e-06
160,260,contact,0.001989249747866989,-1.0750252133010993e-05,1.0750252133010993e-05,7.331525125446612e-05,7.331525125446612e-05,0.0,7.331525125446612e-05,300.4376215742603,300.3833323689393,3.980226728512201e-06
160,282,contact,0.0019050262445698745,-9.49737554301255e-05,9.49737554301255e-05,0.00021791484051129412,0.00021791484051129412,0.0,0.00021791484051129412,300.4376215742603,300.371486719004,1.4411766435409763e-05
160,396,contact,0.0019450384543499403,-5.496154565005971e-05,5.496154565005971e-05,0.0001657732572673586,0.0001657732572673586,0.0,0.0001657732572673586,300.4376215742603,300.40270529677247,5.788185050805137e-06
160,452,contact,0.0021527557220688102,-9.724427793119002e-05,9.724427793119002e-05,0.0002324319230455686,0.0002324319230455686,0.0,0.0002324319230455686,300.4376215742603,300.5474632473872,-2.5530711315436655e-05
161,449,contact,0.002167925950438345,-8.207404956165525e-05,8.207404956165525e-05,0.00021353382448904807,0.00021353382448904807,0.0,0.00021353382448904807,300.9481580691113,300.85930086845633,1.8974017889243633e-05
161,492,contact,0.00213492330568197,-0.00011507669431803013,0.00011507669431803013,0.0002528467853134583,0.0002528467853134583,0.0,0.0002528467853134583,300.9481580691113,300.9284086886431,4.9935673633091545e-06
162,204,contact,0.001876851799050741,-0.00012314820094925898,0.00012314820094925898,0.0002481412913535945,0.0002481412913535945,0.0,0.0002481412913535945,300.4139949299334,300.49412933861555,-1.988465565225037e-05
162,209,contact,0.0019369965943181208,-6.300340568187921e-05,6.300340568187921e-05,0.00017748719063904192,0.00017748719063904192,0.0,0.00017748719063904192,300.4139949299334,300.4068528728808,1.2676236416479887e-06
162,236,contact,0.0018864986615685687,-0.00011350133843143133,0.00011350133843143133,0.00023822398958903292,0.00023822398958903292,0.0,0.00023822398958903292,300.4139949299334,300.2994174133931,2.72951131074322e-05
162,327,contact,0.0019538610902774026,-4.613890972259742e-05,4.613890972259742e-05,0.00015188632216660825,0.00015188632216660825,0.0,0.00015188632216660825,300.4139949299334,300.51320152612334,-1.5068125029960635e-05
162,419,contact,0.002132208646310205,-0.00011779135368979524,0.00011779135368979524,0.00025581172947848797,0.00025581172947848797,0.0,0.00025581172947848797,300.4139949299334,300.38901545011754,6.390043933163135e-06
163,309,contact,0.0019389417067307618,-6.105829326923822e-05,6.105829326923822e-05,0.00017472591861146164,0.00017472591861146164,0.0,0.00017472591861146164,300.35506274626215,300.4310896320961,-1.3283867466501425e-05
163,387,contact,0.0019534497094627237,-4.655029053727633e-05,4.655029053727633e-05,0.0001525619391219126,0.0001525619391219126,0.0,0.0001525619391219126,300.35506274626215,300.3266885308516,4.328825324098695e-06
163,427,contact,0.0021512064741442184,-9.87935258557819e-05,9.87935258557819e-05,0.00023427610237090137,0.00023427610237090137,0.0,0.00023427610237090137,300.35506274626215,300.4124711958748,-1.3449427818404988e-05
163,430,contact,0.002135288002237638,-0.0001147119977623623,0.0001147119977623623,0.00025244581130562816,0.00025244581130562816,0.0,0.00025244581130562816,300.35506274626215,300.3222028828023,8.295334890517035e-06
163,471,contact,0.0021877448056160493,-6.225519438395099e-05,6.225519438395099e-05,0.00018597370540534753,0.00018597370540534753,0.0,0.00018597370540534753,300.35506274626215,300.2791964562422,1.4109135070371266e-05
164,382,contact,0.0019138351546243476,-8.616484537565241e-05,8.616484537565241e-05,0.00020756305713644279,0.00020756305713644279,0.0,0.00020756305713644279,300.0606904951697,300.04612396684564,3.0234731508050774e-06
164,412,contact,0.00218691778920326,-6.30822107967402e-05,6.30822107967402e-05,0.0001872048948741877,0.0001872048948741877,0.0,0.0001872048948741877,300.0606904951697,300.1051633033475,-8.325527379690466e-06
164,458,contact,0.0020819178777310124,-0.00016808212226898786,0.00016808212226898786,0.00030557970615880954,0.00030557970615880954,0.0,0.00030557970615880954,300.0606904951697,300.1943680357456,-4.084914356921236e-05
165,247,contact,0.001952507250306641,-4.749274969335915e-05,4.749274969335915e-05,0.00015409858807490605,0.00015409858807490605,0.0,0.00015409858807490605,300.59203267120756,300.4677980143595,1.9144385210254297e-05
165,312,contact,0.001896919633563847,-0.00010308036643615309,0.00010308036643615309,0.00022702463130258916,0.00022702463130258916,0.0,0.00022702463130258916,300.59203267120756,300.60856771742925,-3.7538627720505927e-06
165,362,contact,0.0019002889944426877,-9.971100555731236e-05,9.971100555731236e-05,0.00022328345836325668,0.00022328345836325668,0.0,0.00022328345836325668,300.59203267120756,300.53096455822475,1.3635499462519789e-05
165,363,contact,0.001922306453846525,-7.769354615347508e-05,7.769354615347508e-05,0.00019709584743656458,0.00019709584743656458,0.0,0.00019709584743656458,300.59203267120756,300.71545209124497,-2.4325455182402185e-05
165,457,contact,0.0021590477188103093,-9.095228118969094e-05,9.095228118969094e-05,0.00022478666576419487,0.00022478666576419487,0.0,0.00022478666576419487,300.59203267120756,300.58180997029467,2.2979268533133623e-06
166,190,contact,0.0019308711764641372,-6.912882353586288e-05,6.912882353586288e-05,0.00018591506600577437,0.00018591506600577437,0.0,0.00018591506600577437,300.2977675222435,300.17216272352044,2.3351824445234454e-05
166,220,contact,0.0019563432750925895,-4.3656724907410564e-05,4.3656724907410564e-05,0.000147744246770239,0.000147744246770239,0.0,0.000147744246770239,300.2977675222435,300.29891520997364,-1.6956425922104117e-07
166,295,contact,0.00193461953200106,-6.538046799894003e-05,6.538046799894003e-05,0.00018080440813063715,0.00018080440813063715,0.0,0.00018080440813063715,300.2977675222435,300.4239765647167,-2.281915122511026e-05
166,464,contact,0.002208397939683877,-4.160206031612315e-05,4.160206031612315e-05,0.00015202715458489488,0.00015202715458489488,0.0,0.00015202715458489488,300.2977675222435,300.3001559702936,-3.6310896093242886e-07
167,273,contact,0.001992045681705116,-7.95431829488406e-06,7.95431829488406e-06,6.306472189300473e-05,6.306472189300473e-05,0.0,6.306472189300473e-05,300.0564762903364,300.06400388706203,-4.747257940259124e-07
167,319,contact,0.001979606750493642,-2.039324950635791e-05,2.039324950635791e-05,0.00010097833803929908,0.00010097833803929908,0.0,0.00010097833803929908,300.0564762903364,300.1626649836418,-1.0722757768543972e-05
167,337,contact,0.0019711739739556216,-2.8826026044378485e-05,2.8826026044378485e-05,0.0001200542086817003,0.0001200542086817003,0.0,0.0001200542086817003,300.0564762903364,300.06496311771826,-1.0188793455506297e-06
168,257,contact,0.0018826501159004549,-0.00011734988409954519,0.00011734988409954519,0.00024222911065718876,0.0004404165648312523,0.0,0.0004404165648312523,300.71020355751233,300.6625278599197,2.0997166959683142e-05
168,263,contact,0.0018506531268987166,-0.0001493468731012834,0.0001493468731012834,0.00027326440776405863,0.00027326440776405863,0.0,0.00027326440776405863,300.71020355751233,300.6491232662155,1.6691069627285105e-05
168,437,contact,0.0020817245014650714,-0.0001682754985349289,0.0001682754985349289,0.0003057554383407767,0.0003057554383407767,0.0,0.0003057554383407767,300.71020355751233,300.6701335661728,1.2251617766326521e-05
168,493,contact,0.0021423126242451174,-0.00010768737575488291,0.00010768737575488291,0.00024459419425616757,0.00024459419425616757,0.0,0.00024459419425616757,300.71020355751233,300.82844890698453,-2.8922125978692686e-05
169,239,contact,0.001954912882110352,-4.508711788964821e-05,4.508711788964821e-05,0.00015014512627729246,0.00015014512627729246,0.0,0.00015014512627729246,300.05134222243555,300.1896396785836,-2.0764689017177633e-05
169,310,contact,0.0019727841289347093,-2.7215871065290782e-05,2.7215871065290782e-05,0.00011665305625077035,0.00021209646591049153,0.0,0.00021209646591049153,300.05134222243555,300.03096137362394,4.3227060051990305e-06
170,192,contact,0.001967372172252177,-3.262782774782289e-05,3.262782774782289e-05,0.00012772593266017454,0.00012772593266017454,0.0,0.00012772593266017454,300.3887333716031,300.3658913894135,2.9175134789760797e-06
170,213,contact,0.0019176766545054992,-8.232334549450088e-05,8.232334549450088e-05,0.00020288339692357883,0.00020288339692357883,0.0,0.00020288339692357883,300.3887333716031,300.35158761629503,7.536257018194217e-06
170,229,contact,0.001886355794494307,-0.00011364420550569296,0.00011364420550569296,0.00023837387179144966,0.00023837387179144966,0.0,0.00023837387179144966,300.3887333716031,300.4174603459012,-6.847760088287061e-06
170,390,contact,0.0019169899555976436,-8.301004440235647e-05,8.301004440235647e-05,0.00020372781400971798,0.00020372781400971798,0.0,0.00020372781400971798,300.3887333716031,300.2623031575404,2.5757351135782005e-05
170,483,contact,0.0021461602219938172,-0.00010383977800618302,0.00010383977800618302,0.00024018485705595713,0.00043669974010174023,0.0,0.00043669974010174023,300.3887333716031,300.4559726182717,-2.936336154480474e-05
171,177,contact,0.0018236673070765948,-0.00017633269292340525,0.00017633269292340525,0.00029692818401374875,0.00029692818401374875,0.0,0.00029692818401374875,300.06520656254736,300.12958649276817,-1.9116215767396813e-05
171,245,contact,0.0019543209878625364,-4.5679012137463636e-05,4.5679012137463636e-05,0.00015112744975262377,0.00015112744975262377,0.0,0.00015112744975262377,300.06520656254736,300.12350772042066,-8.810905307017255e-06
171,391,contact,0.0018257806923067193,-0.00017421930769328077,0.00017421930769328077,0.00029514344622003785,0.00029514344622003785,0.0,0.00029514344622003785,300.06520656254736,300.16068004960533,-2.8178373992934265e-05
172,173,contact,0.001803262399466312,-0.0001967376005336881,0.0001967376005336881,0.00031363800832622955,0.0031363800832622953,0.0,0.0031363800832622953,300.3695129398286,300.25848684077533,0.00034822004579300334
172,189,contact,0.0018692583309163026,-0.0001307416690836975,0.0001307416690836975,0.00025567720770895626,0.0004648676503799205,0.0,0.0004648676503799205,300.3695129398286,300.39359500499006,-1.1194973047899998e-05
172,227,contact,0.0018443476649984498,-0.0001556523350015502,0.0001556523350015502,0.0002789734171937805,0.002789734171937805,0.0,0.002789734171937805,300.3695129398286,300.47969727367274,-0.00030738500133717627
172,234,contact,0.001899059203395459,-0.00010094079660454111,0.00010094079660454111,0.00022465617797485686,0.00040846577813610335,0.0,0.00040846577813610335,300.3695129398286,300.3582857501059,4.585922786371431e-06
172,414,contact,0.0021243316870444757,-0.00012566831295552456,0.00012566831295552456,0.0002642266629614352,0.0004804121144753367,0.0,0.0004804121144753367,300.3695129398286,300.4041294409834,-1.663018651551587e-05
172,445,contact,0.0021566360224017857,-9.336397759821457e-05,9.336397759821457e-05,0.00022774739612880878,0.0004140861747796523,0.0,0.0004140861747796523,300.3695129398286,300.41200604573464,-1.7595807679135744e-05
173,395,contact,0.0018030605669926904,-0.00019693943300730962,0.00019693943300730962,0.00031379884719937197,0.0031379884719937197,0.0,0.0031379884719937197,300.25848684077533,300.1520710291379,0.0003339315901560752
173,458,contact,0.0022170241843299772,-3.2975815670023036e-05,3.2975815670023036e-05,0.00013535101622986524,0.0002460927567815732,0.0,0.0002460927567815732,300.25848684077533,300.1943680357456,1.57791734913114e-05
175,280,contact,0.0019690276237134675,-3.097237628653252e-05,3.097237628653252e-05,0.0001244435138657948,0.0012444351386579479,0.0,0.0012444351386579479,300.9568203558312,300.86745354978285,0.0001112111936762095
175,305,contact,0.0019770663968650625,-2.2933603134937548e-05,2.2933603134937548e-05,0.00010708315258465626,0.00019469664106301138,0.0,0.00019469664106301138,300.9568203558312,300.94862985948515,1.5946621272167836e-06
175,439,contact,0.0022175069047664386,-3.249309523356168e-05,3.249309523356168e-05,0.00013435668786555038,0.0013435668786555039,0.0,0.0013435668786555039,300.9568203558312,300.947042900837,1.3136664687761831e-05
176,259,contact,0.0017932274848719001,-0.00020677251512809993,0.00020677251512809993,0.00032153733463479784,0.00032153733463479784,0.0,0.00032153733463479784,300.0477295712569,300.0995200028543,-1.6652557335412683e-05
176,479,contact,0.0019680162103244987,-0.0002819837896755016,0.0002819837896755016,0.00039580002644117425,0.00039580002644117425,0.0,0.00039580002644117425,300.0477295712569,300.08670302708595,-1.54256948476312e-05
176,481,contact,0.002062416635915256,-0.0001875833640847444,0.0001875833640847444,0.000322820352591159,0.000322820352591159,0.0,0.000322820352591159,300.0477295712569,300.07425577799756,-8.563199412919738e-06
177,202,contact,0.0019299908838126673,-7.000911618733276e-05,7.000911618733276e-05,0.00018709505095984336,0.00018709505095984336,0.0,0.00018709505095984336,300.12958649276817,300.2024365771321,-1.3629890246502013e-05
177,415,contact,0.002083164286464223,-0.00016683571353577707,0.00016683571353577707,0.0003044445885869482,0.0003044445885869482,0.0,0.0003044445885869482,300.12958649276817,300.12950560876027,2.4624698508468723e-08
179,259,contact,0.0018129643566545915,-0.00018703564334540852,0.00018703564334540852,0.0003058068371909043,0.0003058068371909043,0.0,0.0003058068371909043,300.0637922530924,300.0995200028543,-1.0925790154640212e-05
179,277,contact,0.0019475765582898142,-5.24234417101858e-05,5.24234417101858e-05,0.00016190034235631775,0.00016190034235631775,0.0,0.00016190034235631775,300.0637922530924,300.06450953471295,-1.1612813993334615e-07
179,420,contact,0.0020761324076513043,-0.000173867592348696,0.000173867592348696,0.0003107943160039879,0.0003107943160039879,0.0,0.0003107943160039879,300.0637922530924,300.08440969333947,-6.407783239339699e-06
179,429,contact,0.00220722224073608,-4.277775926392032e-05,4.277775926392032e-05,0.00015416037692380318,0.00015416037692380318,0.0,0.00015416037692380318,300.0637922530924,300.1855834974949,-1.8775384143110898e-05
180,181,contact,0.001929111519586154,-7.088848041384615e-05,7.088848041384615e-05,0.00018826640753709376,0.00018826640753709376,0.0,0.00018826640753709376,300.6201246256508,300.66875550128003,-9.155560250095444e-06
180,340,contact,0.0019394420247586678,-6.055797524133228e-05,6.055797524133228e-05,0.0001740085849050734,0.0001740085849050734,0.0,0.0001740085849050734,300.6201246256508,300.54936080112964,1.231351296740141e-05
180,365,contact,0.0019014577564857972,-9.85422435142028e-05,9.85422435142028e-05,0.00022197099305337487,0.00022197099305337487,0.0,0.00022197099305337487,300.6201246256508,300.6564235928528,-8.057317796630506e-06
180,421,contact,0.0021850398350144557,-6.496016498554451e-05,6.496016498554451e-05,0.00018997099922757877,0.00018997099922757877,0.0,0.00018997099922757877,300.6201246256508,300.7202053973897,-1.9012444210701094e-05
180,488,contact,0.0021177473103512613,-0.00013225268964873896,0.00013225268964873896,0.0002710603557725136,0.0002710603557725136,0.0,0.0002710603557725136,300.6201246256508,300.80570220729766,-5.0302725304594996e-05
181,233,contact,0.001960103247178577,-3.9896752821423024e-05,3.9896752821423024e-05,0.00014123872135753536,0.00014123872135753536,0.0,0.00014123872135753536,300.66875550128003,300.635465494072,4.701838052048396e-06
181,253,contact,0.001958686731715921,-4.1313268284078834e-05,4.1313268284078834e-05,0.00014372415991071026,0.00014372415991071026,0.0,0.00014372415991071026,300.66875550128003,300.79356767494005,-1.793852480591581e-05
181,340,contact,0.0019938625490238783,-6.137450976121707e-06,6.137450976121707e-06,5.539607827329344e-05,5.539607827329344e-05,0.0,5.539607827329344e-05,300.66875550128003,300.54936080112964,6.613998154947645e-06
181,428,contact,0.002204177058632088,-4.582294136791206e-05,4.582294136791206e-05,0.00015955309351071834,0.00015955309351071834,0.0,0.00015955309351071834,300.66875550128003,300.6134314422517,8.827124763542957e-06
181,438,contact,0.002148447286390801,-0.00010155271360919906,0.00010155271360919906,0.00023752510230990915,0.00023752510230990915,0.0,0.00023752510230990915,300.66875550128003,300.6989637086942,-7.175207556644481e-06
182,258,contact,0.0019582006587681457,-4.179934123185432e-05,4.179934123185432e-05,0.00014456718374488437,0.00014456718374488437,0.0,0.00014456718374488437,300.8101446222943,300.78590123913597,3.5047976276446173e-06
182,313,contact,0.001967992159359381,-3.2007840640618877e-05,3.2007840640618877e-05,0.00012650660188428682,0.00012650660188428682,0.0,0.00012650660188428682,300.8101446222943,300.72681501600806,1.054174532762434e-05
182,329,contact,0.001913336120810977,-8.666387918902308e-05,8.666387918902308e-05,0.00020816325226732872,0.00020816325226732872,0.0,0.00020816325226732872,300.8101446222943,300.7357313409042,1.5490110666045706e-05
182,463,contact,0.002188057221395273,-6.194277860472729e-05,6.194277860472729e-05,0.00018550648177463787,0.00018550648177463787,0.0,0.00018550648177463787,300.8101446222943,300.84979637358094,-7.355656877393015e-06
182,493,contact,0.002214507413308883,-3.549258669111738e-05,3.549258669111738e-05,0.00014042116548899398,0.00014042116548899398,0.0,0.00014042116548899398,300.8101446222943,300.82844890698453,-2.5703089896485834e-06
183,301,contact,0.0019535133386706124,-4.6486661329387616e-05,4.6486661329387616e-05,0.0001524576356391959,0.0001524576356391959,0.0,0.0001524576356391959,300.6612750080133,300.69899837054675,-5.751214660206509e-06
183,469,contact,0.0021079590004181767,-0.00014204099958182352,0.00014204099958182352,0.000280912204139205,0.000280912204139205,0.0,0.000280912204139205,300.6612750080133,300.64061511393004,5.803616384216847e-06
184,251,contact,0.0018926876601013702,-0.00010731233989862989,0.00010731233989862989,0.00023163801490540137,0.00042116002710072977,0.0,0.00042116002710072977,300.45447394267336,300.3732827039623,3.419450429590243e-05
184,252,contact,0.0018758264593506514,-0.00012417354064934863,0.00012417354064934863,0.0002491721700444781,0.0002491721700444781,0.0,0.0002491721700444781,300.45447394267336,300.39585386766686,1.4606491297540125e-05
184,433,contact,0.0022043884866783346,-4.5611513321665645e-05,4.5611513321665645e-05,0.00015918457721509198,0.00015918457721509198,0.0,0.00015918457721509198,300.45447394267336,300.5591731105474,-1.6666492772804125e-05
184,436,contact,0.0021245604840060446,-0.00012543951599395566,0.00012543951599395566,0.00026398602235088516,0.00026398602235088516,0.0,0.00026398602235088516,300.45447394267336,300.57620198923587,-3.213450282058021e-05
185,197,contact,0.001903403365789816,-9.659663421018394e-05,9.659663421018394e-05,0.0002197687810065205,0.0002197687810065205,0.0,0.0002197687810065205,300.61941803403687,300.5087784332003,2.43151302069027e-05
185,207,contact,0.0019066546170190333,-9.33453829809667e-05,9.33453829809667e-05,0.00021603863425434663,0.00021603863425434663,0.0,0.00021603863425434663,300.61941803403687,300.5120491899531,2.3195818437330763e-05
185,336,contact,0.0019549357297364025,-4.506427026359757e-05,4.506427026359757e-05,0.0001501070788863696,0.0001501070788863696,0.0,0.0001501070788863696,300.61941803403687,300.7007524891007,-1.2208877462445442e-05
185,342,contact,0.0019723258042615576,-2.7674195738442483e-05,2.7674195738442483e-05,0.00011763119428629992,0.00011763119428629992,0.0,0.00011763119428629992,300.61941803403687,300.6576921933151,-4.502235066200704e-06
185,490,contact,0.0022097779850629795,-4.022201493702072e-05,4.022201493702072e-05,0.00014948432644896388,0.0002717896844526616,0.0,0.0002717896844526616,300.61941803403687,300.713345027707,-2.5528387971197785e-05
186,320,contact,0.0019035642294390805,-9.643577056091951e-05,9.643577056091951e-05,0.00021958571283318902,0.00021958571283318902,0.0,0.00021958571283318902,300.1515124257073,300.0653243685371,1.8925665971427005e-05
186,400,contact,0.001923717386624137,-7.628261337586312e-05,7.628261337586312e-05,0.00019529799458246251,0.00019529799458246251,0.0,0.00019529799458246251,300.1515124257073,300.2101322589629,-1.1448335877575257e-05
187,206,contact,0.001958762033469354,-4.123796653064584e-05,4.123796653064584e-05,0.00014359311705413642,0.00014359311705413642,0.0,0.00014359311705413642,300.94863923682607,300.8266563119468,1.7515908410793813e-05
187,244,contact,0.0018942419990634778,-0.0001057580009365222,0.0001057580009365222,0.00022995434431265067,0.00022995434431265067,0.0,0.00022995434431265067,300.94863923682607,300.9397568301576,2.0425480013678307e-06
187,256,contact,0.0019087483766070381,-9.125162339296191e-05,9.125162339296191e-05,0.00021360199366223377,0.00021360199366223377,0.0,0.00021360199366223377,300.94863923682607,300.9452148568349,7.314543931656532e-07
188,230,contact,0.0019586928675522355,-4.130713244776454e-05,4.130713244776454e-05,0.00014371348657618138,0.00014371348657618138,0.0,0.00014371348657618138,300.57865697104864,300.50807279919724,1.0143897433858198e-05
188,296,contact,0.0018827475238597444,-0.00011725247614025568,0.00011725247614025568,0.00024212855690754,0.00024212855690754,0.0,0.00024212855690754,300.57865697104864,300.54618422430485,7.862579307898476e-06
188,301,contact,0.0018788946677767756,-0.00012110533222322445,0.00012110533222322445,0.0002460745133320642,0.0002460745133320642,0.0,0.0002460745133320642,300.57865697104864,300.69899837054675,-2.9612951315194955e-05
188,435,contact,0.002231640530260194,-1.8359469739806424e-05,1.8359469739806424e-05,0.00010099359094023526,0.00010099359094023526,0.0,0.00010099359094023526,300.57865697104864,300.43353594189944,1.465629385472116e-05
188,469,contact,0.0022456386199475637,-4.361380052436605e-06,4.361380052436605e-06,4.922386532994271e-05,4.922386532994271e-05,0.0,4.922386532994271e-05,300.57865697104864,300.64061511393004,-3.049819281287109e-06
189,278,contact,0.0019108401976724793,-8.915980232752072e-05,8.915980232752072e-05,0.00021113953008321384,0.00021113953008321384,0.0,0.00021113953008321384,300.39359500499006,300.3537836916375,8.405741993257755e-06
189,387,contact,0.0019356470094831337,-6.435299051686639e-05,6.435299051686639e-05,0.00017937807909115648,0.00017937807909115648,0.0,0.00017937807909115648,300.39359500499006,300.3266885308516,1.2001554809722192e-05
190,191,contact,0.001911094721775977,-8.890527822402305e-05,8.890527822402305e-05,0.00021083794514273641,0.00021083794514273641,0.0,0.00021083794514273641,300.17216272352044,300.2679936434955,-2.0204794248682097e-05
190,277,contact,0.0019459752322164852,-5.402476778351489e-05,5.402476778351489e-05,0.000164354445914181,0.000164354445914181,0.0,0.000164354445914181,300.17216272352044,300.06450953471295,1.7693280197349672e-05
190,397,contact,0.001966129277794316,-3.3870722205684226e-05,3.3870722205684226e-05,0.0001301359331731329,0.0001301359331731329,0.0,0.0001301359331731329,300.17216272352044,300.17364884887473,-1.933983097928313e-07
190,453,contact,0.002217527389706833,-3.24726102931671e-05,3.24726102931671e-05,0.0001343143292867872,0.0001343143292867872,0.0,0.0001343143292867872,300.17216272352044,300.12658882568394,6.121227520894702e-06
190,481,contact,0.002175372280346515,-7.46277196534851e-05,7.46277196534851e-05,0.0002036169056142838,0.0002036169056142838,0.0,0.0002036169056142838,300.17216272352044,300.07425577799756,1.9935509285515e-05
191,331,contact,0.0018971675082870268,-0.00010283249171297326,0.00010283249171297326,0.00022675150684501883,0.00022675150684501883,0.0,0.00022675150684501883,300.2679936434955,300.3600901679263,-2.0883025689863492e-05
191,422,contact,0.0021816265085710692,-6.837349142893101e-05,6.837349142893101e-05,0.00019489810931887664,0.00019489810931887664,0.0,0.00019489810931887664,300.2679936434955,300.2348042632593,6.468547457499631e-06
191,429,contact,0.0021418431888445984,-0.00010815681115540184,0.00010815681115540184,0.0002451267372372026,0.0002451267372372026,0.0,0.0002451267372372026,300.2679936434955,300.1855834974949,2.0200930204368017e-05
191,482,contact,0.002132961050113198,-0.00011703894988680233,0.00011703894988680233,0.0002549934093775784,0.0002549934093775784,0.0,0.0002549934093775784,300.2679936434955,300.36992273367844,-2.5991246220497644e-05
192,208,contact,0.0018585907933588732,-0.00014140920664112685,0.00014140920664112685,0.00026590337214966536,0.00026590337214966536,0.0,0.00026590337214966536,300.3658913894135,300.28052455511994,2.2699329108397192e-05
192,229,contact,0.0018701129545364368,-0.00012988704546356322,0.00012988704546356322,0.00025484019057397836,0.00025484019057397836,0.0,0.00025484019057397836,300.3658913894135,300.4174603459012,-1.3141842699026493e-05
192,240,contact,0.0019187698404217856,-8.123015957821442e-05,8.123015957821442e-05,0.00020153183319045954,0.00020153183319045954,0.0,0.00020153183319045954,300.3658913894135,300.4965808103101,-2.6338078571891632e-05
192,300,contact,0.001940594724053685,-5.9405275946315065e-05,5.9405275946315065e-05,0.00017234453276259603,0.00017234453276259603,0.0,0.00017234453276259603,300.3658913894135,300.49294978029957,-2.189781901082826e-05
192,359,contact,0.0019282878016325786,-7.171219836742148e-05,7.171219836742148e-05,0.0001893570679528777,0.0001893570679528777,0.0,0.0001893570679528777,300.3658913894135,300.26389129782535,1.9314438274054847e-05
192,390,contact,0.0019934379185279397,-6.562081472060322e-06,6.562081472060322e-06,5.728036955214379e-05,5.728036955214379e-05,0.0,5.728036955214379e-05,300.3658913894135,300.2623031575404,5.933572202945375e-06
193,290,contact,0.0019458804580263916,-5.4119541973608395e-05,5.4119541973608395e-05,0.00016449854402639618,0.00016449854402639618,0.0,0.00016449854402639618,300.5366581347278,300.59621593099286,-9.797170771019741e-06
193,346,contact,0.0019809444008639797,-1.9055599136020337e-05,1.9055599136020337e-05,9.761044804737948e-05,0.00017747354190432633,0.0,0.00017747354190432633,300.5366581347278,300.5767526820013,-7.115721315678049e-06
193,445,contact,0.0021885671199440063,-6.143288005599394e-05,6.143288005599394e-05,0.00018474138087847433,0.00018474138087847433,0.0,0.00018474138087847433,300.5366581347278,300.41200604573464,2.302839904998526e-05
193,489,contact,0.0022033296058465686,-4.667039415343164e-05,4.667039415343164e-05,0.00016102172757707722,0.00016102172757707722,0.0,0.00016102172757707722,300.5366581347278,300.5841190081524,-7.642231831145697e-06
194,327,contact,0.0019119047587157674,-8.809524128423267e-05,8.809524128423267e-05,0.00020987525018952648,0.00020987525018952648,0.0,0.00020987525018952648,300.61480453022267,300.51320152612334,2.1323955905354667e-05
194,332,contact,0.0018758013584598973,-0.00012419864154010279,0.00012419864154010279,0.00024919735305586893,0.00024919735305586893,0.0,0.00024919735305586893,300.61480453022267,300.59872179628053,4.007774728283481e-06
194,342,contact,0.0019318134919588483,-6.818650804115171e-05,6.818650804115171e-05,0.0001846435864593619,0.0001846435864593619,0.0,0.0001846435864593619,300.61480453022267,300.6576921933151,-7.918931928244331e-06
194,403,contact,0.0021087539685084177,-0.0001412460314915826,0.0001412460314915826,0.0002801250033383733,0.0005093181878879515,0.0,0.0005093181878879515,300.61480453022267,300.5821591910384,1.6626864996327417e-05
194,408,contact,0.00211594372571061,-0.00013405627428939026,0.00013405627428939026,0.00027290237803755053,0.00027290237803755053,0.0,0.00027290237803755053,300.61480453022267,300.71775360638645,-2.809504770186493e-05
194,437,contact,0.0022119017153571716,-3.80982846428287e-05,3.80982846428287e-05,0.00014548441047225778,0.00014548441047225778,0.0,0.00014548441047225778,300.61480453022267,300.6701335661728,-8.04951217720411e-06
195,240,contact,0.0018989348958070862,-0.00010106510419291385,0.00010106510419291385,0.00022479446633860212,0.00022479446633860212,0.0,0.00022479446633860212,300.43680076642147,300.4965808103101,-1.34382230636411e-05
195,430,contact,0.0020920038020280926,-0.00015799619797190762,0.00015799619797190762,0.00029626958254256995,0.00029626958254256995,0.0,0.00029626958254256995,300.43680076642147,300.3222028828023,3.395186714011736e-05
195,491,contact,0.0021647293828559733,-8.527061714402699e-05,8.527061714402699e-05,0.0002176523950707067,0.0002176523950707067,0.0,0.0002176523950707067,300.43680076642147,300.5437235523898,-2.327200045363792e-05
195,496,contact,0.0021440456664912717,-0.00010595433350872856,0.00010595433350872856,0.00024261805088649177,0.00024261805088649177,0.0,0.00024261805088649177,300.43680076642147,300.42543163553,2.7583563771610627e-06
196,310,contact,0.0018134098340816401,-0.00018659016591835993,0.00018659016591835993,0.0003054424380455014,0.003054424380455014,0.0,0.003054424380455014,300.1047673361259,300.03096137362394,0.00022543473128899222
196,323,contact,0.001892110784665944,-0.00010788921533405604,0.00010788921533405604,0.0002322597848682118,0.0004222905179422033,0.0,0.0004222905179422033,300.1047673361259,300.13389905484024,-1.2302048584418866e-05
196,377,contact,0.0018118728858736199,-0.00018812711412638018,0.00018812711412638018,0.0003066978269619628,0.003066978269619628,0.0,0.003066978269619628,300.1047673361259,300.2166293758601,-0.000343078445060136
196,417,contact,0.0020839002770583824,-0.00016609972294161788,0.00016609972294161788,0.0003037723224002713,0.0005523133134550387,0.0,0.0005523133134550387,300.1047673361259,300.2460757864995,-7.804653844502433e-05
196,454,contact,0.002104659575575347,-0.0001453404244246533,0.0001453404244246533,0.0002841560842845328,0.0028415608428453277,0.0,0.0028415608428453277,300.1047673361259,300.03157083874163,0.00020799230080062266
197,264,contact,0.001998926774746889,-1.073225253111175e-06,1.073225253111175e-06,2.3164900745645068e-05,2.3164900745645068e-05,0.0,2.3164900745645068e-05,300.5087784332003,300.4011820493325,2.492459552888258e-06
197,341,contact,0.001917094945431758,-8.290505456824194e-05,8.290505456824194e-05,0.00020359893733544135,0.00020359893733544135,0.0,0.00020359893733544135,300.5087784332003,300.42014779728754,1.804510328720035e-05
197,348,contact,0.0019762539320702286,-2.3746067929771453e-05,2.3746067929771453e-05,0.00010896345242734248,0.00010896345242734248,0.0,0.00010896345242734248,300.5087784332003,300.50709123065144,1.8384341466701897e-07
197,440,contact,0.0022222425540656004,-2.7757445934399865e-05,2.7757445934399865e-05,0.0001241805270438518,0.0001241805270438518,0.0,0.0001241805270438518,300.5087784332003,300.4936666874066,1.8765845572165556e-06
197,461,contact,0.0022061774906611663,-4.3822509338833915e-05,4.3822509338833915e-05,0.0001560315305365374,0.0001560315305365374,0.0,0.0001560315305365374,300.5087784332003,300.5929308772803,-1.3130434648195668e-05
198,336,contact,0.0019057889172990799,-9.421108270092019e-05,9.421108270092019e-05,0.0002170381103641941,0.0002170381103641941,0.0,0.0002170381103641941,300.8278760292388,300.7007524891007,2.7590652934377045e-05
198,393,contact,0.001893592636920624,-0.00010640736307937601,0.00010640736307937601,0.00023065923250476666,0.00023065923250476666,0.0,0.00023065923250476666,300.8278760292388,300.80127801928705,6.13507656161937e-06
198,401,contact,0.0021154249718200826,-0.00013457502817991766,0.00013457502817991766,0.0002734298896324224,0.0002734298896324224,0.0,0.0002734298896324224,300.8278760292388,300.9357042710696,-2.9483464263058253e-05
198,409,contact,0.002157843961480997,-9.215603851900345e-05,9.215603851900345e-05,0.00022626930675021775,0.00022626930675021775,0.0,0.00022626930675021775,300.8278760292388,300.8140892077382,3.1195345432206296e-06
198,472,contact,0.0021953763269207402,-5.4623673079260034e-05,5.4623673079260034e-05,0.000174202425482636,0.00031673168269570184,0.0,0.00031673168269570184,300.8278760292388,300.86027118779106,-1.0260573079456552e-05
198,473,contact,0.0022348235886082823,-1.5176411391717992e-05,1.5176411391717992e-05,9.182232659906605e-05,9.182232659906605e-05,0.0,9.182232659906605e-05,300.8278760292388,300.79630665596335,2.89877330342447e-06
199,205,contact,0.0018697027001060883,-0.0001302972998939117,0.0001302972998939117,0.00025524233572617975,0.00025524233572617975,0.0,0.00025524233572617975,300.940969409821,300.8611580626883,2.0371234659604362e-05
199,399,contact,0.0018809367756955566,-0.00011906322430444349,0.00011906322430444349,0.00024399100834297512,0.00044362001516904564,0.0,0.00044362001516904564,300.940969409821,300.95909960976036,-8.042919572124763e-06
199,423,contact,0.0021761105730003704,-7.388942699962982e-05,7.388942699962982e-05,0.00020260721030225211,0.00020260721030225211,0.0,0.00020260721030225211,300.940969409821,300.8017539215493,2.8206061709595493e-05
200,281,contact,0.0019824458180492605,-1.755418195073955e-05,1.755418195073955e-05,9.368613011203834e-05,0.00017033841838552425,0.0,0.00017033841838552425,300.96892962619796,300.98051126397286,-1.972797860889763e-06
200,305,contact,0.001985491943638402,-1.4508056361597996e-05,1.4508056361597996e-05,8.51705828370277e-05,8.51705828370277e-05,0.0,8.51705828370277e-05,300.96892962619796,300.94862985948515,1.7289429623857385e-06
201,236,contact,0.0018578578975143544,-0.00014214210248564567,0.00014214210248564567,0.0002665915438321757,0.0002665915438321757,0.0,0.0002665915438321757,300.3075103104228,300.2994174133931,2.1574979132258245e-06
201,239,contact,0.0019532523800062295,-4.6747619993770494e-05,4.6747619993770494e-05,0.0001528849567383438,0.0001528849567383438,0.0,0.0001528849567383438,300.3075103104228,300.1896396785836,1.8020646449456726e-05
202,245,contact,0.0019206085160958755,-7.93914839041245e-05,7.93914839041245e-05,0.00019923790290018176,0.00019923790290018176,0.0,0.00019923790290018176,300.2024365771321,300.12350772042066,1.5725619889499584e-05
202,297,contact,0.001906142080223822,-9.38579197761781e-05,9.38579197761781e-05,0.000216630930127923,0.000216630930127923,0.0,0.000216630930127923,300.2024365771321,300.24283707435296,-8.751997290582014e-06
202,347,contact,0.0019455472906100228,-5.445270938997729e-05,5.445270938997729e-05,0.0001650041050852634,0.0001650041050852634,0.0,0.0001650041050852634,300.2024365771321,300.2041935574764,-2.899089693607336e-07
202,391,contact,0.0019843720538497817,-1.562794615021833e-05,1.562794615021833e-05,8.839668022674361e-05,8.839668022674361e-05,0.0,8.839668022674361e-05,300.2024365771321,300.16068004960533,3.6911384111645334e-06
202,486,contact,0.0021479057889146015,-0.00010209421108539878,0.00010209421108539878,0.00023815752383360658,0.00023815752383360658,0.0,0.00023815752383360658,300.2024365771321,300.27512482359487,-1.7311252789374625e-05
203,272,contact,0.001986054598594913,-1.3945401405087137e-05,1.3945401405087137e-05,8.35026987740131e-05,8.35026987740131e-05,0.0,8.35026987740131e-05,300.64813695025333,300.57931199822303,5.747069237521832e-06
203,372,contact,0.0019855602613129933,-1.4439738687006733e-05,1.4439738687006733e-05,8.496981430780796e-05,8.496981430780796e-05,0.0,8.496981430780796e-05,300.64813695025333,300.5767368760795,6.066851044113473e-06
203,462,contact,0.002205902620629478,-4.4097379370522296e-05,4.4097379370522296e-05,0.00015652010763711675,0.00015652010763711675,0.0,0.00015652010763711675,300.64813695025333,300.78469449163345,-2.1374001075475452e-05
203,489,contact,0.002209858628061505,-4.014137193849524e-05,4.014137193849524e-05,0.00014933439720323283,0.00014933439720323283,0.0,0.00014933439720323283,300.64813695025333,300.5841190081524,9.56008079383204e-06
204,209,contact,0.0019517372537306346,-4.82627462693654e-05,4.82627462693654e-05,0.00015534276016178773,0.00015534276016178773,0.0,0.00015534276016178773,300.49412933861555,300.4068528728808,1.3557767084403342e-05
204,268,contact,0.0018827653757438818,-0.00011723462425611828,0.00011723462425611828,0.0002421101239685345,0.0002421101239685345,0.0,0.0002421101239685345,300.49412933861555,300.5398946881528,-1.1080254449926502e-05
204,324,contact,0.001965874613600775,-3.4125386399224984e-05,3.4125386399224984e-05,0.00013062424430255087,0.00023749862600463793,0.0,0.00023749862600463793,300.49412933861555,300.5428559787853,-1.1572510090144016e-05
204,332,contact,0.001895575749607491,-0.00010442425039250912,0.00010442425039250912,0.00022849972690630192,0.00022849972690630192,0.0,0.00022849972690630192,300.49412933861555,300.59872179628053,-2.3899348012906452e-05
205,423,contact,0.0021352790070854905,-0.00011472099291450974,0.00011472099291450974,0.00025245570889267965,0.00025245570889267965,0.0,0.00025245570889267965,300.8611580626883,300.8017539215493,1.4996914562406548e-05
205,493,contact,0.002145518759204869,-0.00010448124079513125,0.00010448124079513125,0.00024092557725379204,0.00024092557725379204,0.0,0.00024092557725379204,300.8611580626883,300.82844890698453,7.880472219408205e-06
206,276,contact,0.0019465649994284799,-5.343500057152016e-05,5.343500057152016e-05,0.0001634548876166145,0.0001634548876166145,0.0,0.0001634548876166145,300.8266563119468,300.83241530337045,-9.413352959373212e-07
206,352,contact,0.0019129491719593599,-8.705082804064015e-05,8.705082804064015e-05,0.00020862745270054965,0.00020862745270054965,0.0,0.00020862745270054965,300.8266563119468,300.89337317184163,-1.3918968532036826e-05
206,407,contact,0.0022114192818421473,-3.858071815785293e-05,3.858071815785293e-05,0.00014640263764672512,0.00014640263764672512,0.0,0.00014640263764672512,300.8266563119468,300.78677771698653,5.838331487829093e-06
206,497,contact,0.0021770567599858296,-7.294324001417066e-05,7.294324001417066e-05,0.00020130579283789826,0.00020130579283789826,0.0,0.00020130579283789826,300.8266563119468,300.85110984199724,-4.922637254488532e-06
207,229,contact,0.0019499289825273128,-5.00710174726872e-05,5.00710174726872e-05,0.00015822613164816866,0.00015822613164816866,0.0,0.00015822613164816866,300.5120491899531,300.4174603459012,1.4966426891401537e-05
207,230,contact,0.0018681708243894618,-0.00013182917561053824,0.00013182917561053824,0.00025673836449831397,0.00025673836449831397,0.0,0.00025673836449831397,300.5120491899531,300.50807279919724,1.0208920592600911e-06
207,264,contact,0.0018847544246134568,-0.00011524557538654325,0.00011524557538654325,0.00024004746966646331,0.00024004746966646331,0.0,0.00024004746966646331,300.5120491899531,300.4011820493325,2.6613376575130654e-05
207,266,contact,0.0018835833514384219,-0.00011641664856157819,0.00011641664856157819,0.000241264013646439,0.000241264013646439,0.0,0.000241264013646439,300.5120491899531,300.62561753207206,-2.7399954042797295e-05
207,435,contact,0.0022313348315750373,-1.8665168424962953e-05,1.8665168424962953e-05,0.00010183092857215979,0.00010183092857215979,0.0,0.00010183092857215979,300.5120491899531,300.43353594189944,7.995076954518379e-06
208,213,contact,0.0019455205883516105,-5.447941164838949e-05,5.447941164838949e-05,0.0001650445570874567,0.0001650445570874567,0.0,0.0001650445570874567,300.28052455511994,300.35158761629503,-1.1728571456922518e-05
208,219,contact,0.0019722514238554876,-2.774857614451249e-05,2.774857614451249e-05,0.00011778916789015976,0.00011778916789015976,0.0,0.00011778916789015976,300.28052455511994,300.23669065158435,5.163159022834119e-06
208,377,contact,0.0019632243116360446,-3.677568836395542e-05,3.677568836395542e-05,0.0001356017853200234,0.0002465487005818607,0.0,0.0002465487005818607,300.28052455511994,300.2166293758601,1.5753273419952782e-05
208,470,contact,0.002122852952891463,-0.00012714704710853732,0.00012714704710853732,0.0002657766889582904,0.0002657766889582904,0.0,0.0002657766889582904,300.28052455511994,300.22968688318,1.3511468122538825e-05
209,414,contact,0.0021698850507803394,-8.011494921966083e-05,8.011494921966083e-05,0.0002109699152060165,0.0002109699152060165,0.0,0.0002109699152060165,300.4068528728808,300.4041294409834,5.745621964595494e-07
209,464,contact,0.002221688054363168,-2.8311945636832342e-05,2.8311945636832342e-05,0.00012541474668925133,0.00012541474668925133,0.0,0.00012541474668925133,300.4068528728808,300.3001559702936,1.3381365010501746e-05
210,369,contact,0.0019337278095947214,-6.62721904052786e-05,6.62721904052786e-05,0.00018203322554588572,0.00018203322554588572,0.0,0.00018203322554588572,300.5851947290421,300.5437312559992,7.547729740330611e-06
210,424,contact,0.002188315249638406,-6.168475036159426e-05,6.168475036159426e-05,0.00018511970655886762,0.00018511970655886762,0.0,0.00018511970655886762,300.5851947290421,300.5103097846329,1.3862678934704049e-05
210,477,contact,0.002202335689421573,-4.766431057842734e-05,4.766431057842734e-05,0.0001627272950170645,0.0001627272950170645,0.0,0.0001627272950170645,300.5851947290421,300.6291637102529,-7.1549533770912355e-06
211,279,contact,0.0019706714562554564,-2.9328543744543654e-05,2.9328543744543654e-05,0.00012109612657831723,0.00012109612657831723,0.0,0.00012109612657831723,300.7151390094224,300.6591155360429,6.784225623717123e-06
211,460,contact,0.002171390724144321,-7.860927585567933e-05,7.860927585567933e-05,0.00020897803693168776,0.00020897803693168776,0.0,0.00020897803693168776,300.7151390094224,300.82514256059693,-2.2988326179970492e-05
211,477,contact,0.0022131976148776237,-3.680238512237654e-05,3.680238512237654e-05,0.0001429887041427798,0.0001429887041427798,0.0,0.0001429887041427798,300.7151390094224,300.6291637102529,1.2293496616533248e-05
211,485,contact,0.0021583899917531116,-9.161000824688863e-05,9.161000824688863e-05,0.00022559798098841497,0.00022559798098841497,0.0,0.00022559798098841497,300.7151390094224,300.70138694155315,3.1024387457148437e-06
211,499,contact,0.002182616231704512,-6.738376829548828e-05,6.738376829548828e-05,0.00019348236826860173,0.00019348236826860173,0.0,0.00019348236826860173,300.7151390094224,300.68180777607404,6.4490059655519774e-06
212,237,contact,0.001989704712388247,-1.0295287611752999e-05,1.0295287611752999e-05,7.174708221158893e-05,7.174708221158893e-05,0.0,7.174708221158893e-05,300.2517027064278,300.175332797348,5.479318145240079e-06
212,254,contact,0.001916214852045563,-8.378514795443696e-05,8.378514795443696e-05,0.00020467675485315493,0.00020467675485315493,0.0,0.00020467675485315493,300.2517027064278,300.1569373099939,1.939627381446333e-05
212,315,contact,0.0018863960763583032,-0.00011360392364169686,0.00011360392364169686,0.00023833162152943203,0.00023833162152943203,0.0,0.00023833162152943203,300.2517027064278,300.2804600143401,-6.8537758255631755e-06
212,441,contact,0.00219790542335197,-5.2094576648030466e-05,5.2094576648030466e-05,0.0001701218136252022,0.0001701218136252022,0.0,0.0001701218136252022,300.2517027064278,300.3021935720139,-8.589597625011004e-06
213,314,contact,0.0019300986898342783,-6.99013101657217e-05,6.99013101657217e-05,0.0001869509429846794,0.0001869509429846794,0.0,0.0001869509429846794,300.35158761629503,300.3142219624593,6.985544219824486e-06
213,430,contact,0.0020881470289469558,-0.0001618529710530445,0.0001618529710530445,0.0002998638311829077,0.0002998638311829077,0.0,0.0002998638311829077,300.35158761629503,300.3222028828023,8.811418763424039e-06
213,434,contact,0.002146069160605036,-0.00010393083939496447,0.00010393083939496447,0.00024029014798660536,0.00024029014798660536,0.0,0.00024029014798660536,300.35158761629503,300.5070527585356,-3.735674203574926e-05
213,443,contact,0.002148252342766091,-0.00010174765723390935,0.00010174765723390935,0.00023775297314873004,0.00023775297314873004,0.0,0.00023775297314873004,300.35158761629503,300.3504763844817,2.641986674824043e-07
213,470,contact,0.002214566180564491,-3.543381943550911e-05,3.543381943550911e-05,0.00014030486535380554,0.00014030486535380554,0.0,0.00014030486535380554,300.35158761629503,300.22968688318,1.7103265946231995e-05
214,267,contact,0.0019401751470679135,-5.982485293208649e-05,5.982485293208649e-05,0.00017295209297965504,0.00017295209297965504,0.0,0.00017295209297965504,300.7582807492094,300.82355117505136,-1.1288656759040167e-05
214,286,contact,0.001997760124364284,-2.2398756357160793e-06,2.2398756357160793e-06,3.346547202502962e-05,3.346547202502962e-05,0.0,3.346547202502962e-05,300.7582807492094,300.74967938143425,2.878488326564955e-07
214,376,contact,0.001880289933254975,-0.00011971006674502496,0.00011971006674502496,0.00024465288343388165,0.00024465288343388165,0.0,0.00024465288343388165,300.7582807492094,300.7913061904868,-8.079769435192852e-06
214,465,contact,0.0021229471799599727,-0.00012705282004002753,0.00012705282004002753,0.0002656781888342314,0.0002656781888342314,0.0,0.0002656781888342314,300.7582807492094,300.8269980313282,-1.8256683054925385e-05
214,494,contact,0.0022116337992307863,-3.8366200769213935e-05,3.8366200769213935e-05,0.00014599505465219236,0.00014599505465219236,0.0,0.00014599505465219236,300.7582807492094,300.63621491951517,1.78210074773752e-05
215,344,contact,0.0019097128265760273,-9.028717342397276e-05,9.028717342397276e-05,0.00021247020193896927,0.0003863094580708532,0.0,0.0003863094580708532,300.98247681814297,300.9183890922273,2.475769466747569e-05
216,328,contact,0.0019110874976371436,-8.891250236285641e-05,8.891250236285641e-05,0.00021084651095388846,0.00021084651095388846,0.0,0.00021084651095388846,300.32974832381734,300.30093777371485,6.074603967772539e-06
216,341,contact,0.001937237638552638,-6.276236144736212e-05,6.276236144736212e-05,0.00017714734184762993,0.00017714734184762993,0.0,0.00017714734184762993,300.32974832381734,300.42014779728754,-1.6014026429671202e-05
216,350,contact,0.001935283847303085,-6.471615269691504e-05,6.471615269691504e-05,0.0001798835077166818,0.0001798835077166818,0.0,0.0001798835077166818,300.32974832381734,300.236783965305,1.672275490183218e-05
216,385,contact,0.0019489115921057058,-5.108840789429421e-05,5.108840789429421e-05,0.00015982554222384825,0.0002905918949524514,0.0,0.0002905918949524514,300.32974832381734,300.2375707054458,2.6786068794784584e-05
216,419,contact,0.0021317354604957566,-0.00011826453950424367,0.00011826453950424367,0.00025632503183809814,0.00025632503183809814,0.0,0.00025632503183809814,300.32974832381734,300.38901545011754,-1.5191648035851073e-05
217,290,contact,0.0019650696291648785,-3.493037083512158e-05,3.493037083512158e-05,0.00013215591329017703,0.00024028347870941278,0.0,0.00024028347870941278,300.52764085740273,300.59621593099286,-1.6477457234989252e-05
217,324,contact,0.0019565145410447575,-4.3485458955242525e-05,4.3485458955242525e-05,0.00014745416059786602,0.0014745416059786603,0.0,0.0014745416059786603,300.52764085740273,300.5428559787853,-2.243532951865329e-05
217,405,contact,0.0021893860141713245,-6.06139858286758e-05,6.06139858286758e-05,0.0001835059578637341,0.00033364719611588017,0.0,0.00033364719611588017,300.52764085740273,300.5939814554074,-2.2134354512909516e-05
217,452,contact,0.0021498874481818584,-0.00010011255181814182,0.00010011255181814182,0.00023583486668305034,0.0004287906666964551,0.0,0.0004287906666964551,300.52764085740273,300.5474632473872,-8.499655816963763e-06
218,247,contact,0.0019637348670327156,-3.626513296728449e-05,3.626513296728449e-05,0.00013465721846095828,0.00013465721846095828,0.0,0.00013465721846095828,300.3988609354317,300.4677980143595,-9.282875297245317e-06
218,282,contact,0.0019754572203163497,-2.4542779683650335e-05,2.4542779683650335e-05,0.00011077630541693096,0.00011077630541693096,0.0,0.00011077630541693096,300.3988609354317,300.371486719004,3.0324145595427596e-06
218,349,contact,0.0019950666046275236,-4.933395372476446e-06,4.933395372476446e-06,4.9665860369455225e-05,4.9665860369455225e-05,0.0,4.9665860369455225e-05,300.3988609354317,300.444287084987,-2.256128800937489e-06
218,442,contact,0.0021600080348924636,-8.999196510753663e-05,8.999196510753663e-05,0.00022359681610178102,0.00022359681610178102,0.0,0.00022359681610178102,300.3988609354317,300.35470961687525,9.872094255913319e-06
219,323,contact,0.0019489790655879294,-5.102093441207065e-05,5.102093441207065e-05,0.00015971996495753223,0.00015971996495753223,0.0,0.00015971996495753223,300.23669065158435,300.13389905484024,1.6417870229898313e-05
219,417,contact,0.0021728140246193095,-7.718597538069073e-05,7.718597538069073e-05,0.00020707751551947177,0.00020707751551947177,0.0,0.00020707751551947177,300.23669065158435,300.2460757864995,-1.9434504210412125e-06
219,430,contact,0.0021700250184963307,-7.997498150366959e-05,7.997498150366959e-05,0.00021078554333686273,0.00021078554333686273,0.0,0.00021078554333686273,300.23669065158435,300.3222028828023,-1.80247421192195e-05
219,458,contact,0.002173702394096304,-7.629760590369605e-05,7.629760590369605e-05,0.0002058823907850953,0.0002058823907850953,0.0,0.0002058823907850953,300.23669065158435,300.1943680357456,8.713481333165236e-06
220,360,contact,0.0019000924766968566,-9.990752330314343e-05,9.990752330314343e-05,0.0002235033817452696,0.0002235033817452696,0.0,0.0002235033817452696,300.29891520997364,300.19891735048895,2.2349859762116047e-05
220,419,contact,0.00213880715654778,-0.00011119284345222037,0.00011119284345222037,0.0002485433602370021,0.0002485433602370021,0.0,0.0002485433602370021,300.29891520997364,300.38901545011754,-2.239381644352506e-05
220,464,contact,0.0022315528875650682,-1.844711243493202e-05,1.844711243493202e-05,0.00010123436075357247,0.00010123436075357247,0.0,0.00010123436075357247,300.29891520997364,300.3001559702936,-1.2560757783802115e-07
221,268,contact,0.001921078339084588,-7.892166091541205e-05,7.892166091541205e-05,0.00019864750302409046,0.00019864750302409046,0.0,0.00019864750302409046,300.4969675361421,300.5398946881528,-8.527371558859304e-06
221,298,contact,0.0019111292449753364,-8.887075502466367e-05,8.887075502466367e-05,0.00021079700546338848,0.00021079700546338848,0.0,0.00021079700546338848,300.4969675361421,300.4254456036077,1.5076609203202013e-05
221,327,contact,0.0019208234939473237,-7.917650605267636e-05,7.917650605267636e-05,0.00019896796985027058,0.00019896796985027058,0.0,0.00019896796985027058,300.4969675361421,300.51320152612334,-3.2300440291351512e-06
222,395,contact,0.0018947457261569618,-0.00010525427384303824,0.00010525427384303824,0.00022940605249539324,0.00041710191362798773,0.0,0.00041710191362798773,300.13086138763515,300.1520710291379,-8.846582058166662e-06
222,450,contact,0.0022420564767418336,-7.94352325816667e-06,7.94352325816667e-06,6.643093012113605e-05,6.643093012113605e-05,0.0,6.643093012113605e-05,300.13086138763515,300.0787632534804,3.460927509474615e-06
222,453,contact,0.002141951922639722,-0.00010804807736027825,0.00010804807736027825,0.0002450034890457665,0.0002450034890457665,0.0,0.0002450034890457665,300.13086138763515,300.12658882568394,1.0467925852109254e-06
223,468,contact,0.002150560854504006,-9.943914549599437e-05,9.943914549599437e-05,0.0002350403576409738,0.0002350403576409738,0.0,0.0002350403576409738,300.94889906396577,300.8634339969547,2.008773991608869e-05
224,349,contact,0.0019433643809995368,-5.6635619000463275e-05,5.6635619000463275e-05,0.0001682789633324131,0.0001682789633324131,0.0,0.0001682789633324131,300.4039605545204,300.444287084987,-6.786106741719719e-06
224,441,contact,0.002234491521465231,-1.5508478534769117e-05,1.5508478534769117e-05,9.282144907404249e-05,9.282144907404249e-05,0.0,9.282144907404249e-05,300.4039605545204,300.3021935720139,9.446158784145131e-06
224,486,contact,0.0021437087579902277,-0.00010629124200977258,0.00010629124200977258,0.00024300347735254575,0.00024300347735254575,0.0,0.00024300347735254575,300.4039605545204,300.27512482359487,3.130753062215734e-05
225,283,contact,0.0019637851412259953,-3.6214858774004724e-05,3.6214858774004724e-05,0.00013456384873732752,0.00013456384873732752,0.0,0.00013456384873732752,300.52627293869085,300.4855018012735,5.486321168281121e-06
225,307,contact,0.0019346221015226716,-6.537789847732849e-05,6.537789847732849e-05,0.0001808008551933985,0.0001808008551933985,0.0,0.0001808008551933985,300.52627293869085,300.44466764744845,1.4754306444931733e-05
225,477,contact,0.0021803425443952603,-6.965745560474001e-05,6.965745560474001e-05,0.0001967195629495902,0.0001967195629495902,0.0,0.0001967195629495902,300.52627293869085,300.6291637102529,-2.0240627613231587e-05
226,363,contact,0.0019518822467044473,-4.811775329555275e-05,4.811775329555275e-05,0.00015510924101347533,0.00015510924101347533,0.0,0.00015510924101347533,300.7160636575885,300.71545209124497,9.485959137535631e-08
226,461,contact,0.002241394781960554,-8.605218039446378e-06,8.605218039446378e-06,6.914243768179801e-05,6.914243768179801e-05,0.0,6.914243768179801e-05,300.7160636575885,300.5929308772803,8.513700589046018e-06
226,473,contact,0.0021798810183356328,-7.01189816643675e-05,7.01189816643675e-05,0.00019737018471273089,0.00019737018471273089,0.0,0.00019737018471273089,300.7160636575885,300.79630665596335,-1.583757541114603e-05
227,346,contact,0.0018567340962291816,-0.00014326590377081844,0.00014326590377081844,0.00026764332961127434,0.0026764332961127435,0.0,0.0026764332961127435,300.47969727367274,300.5767526820013,-0.00025976232641840806
227,404,contact,0.002128407549530869,-0.00012159245046913141,0.00012159245046913141,0.0002599064473454625,0.00047255717699175005,0.0,0.00047255717699175005,300.47969727367274,300.50758794975843,-1.3179939155444907e-05
227,414,contact,0.002137672021639429,-0.00011232797836057112,0.00011232797836057112,0.0002498087917238693,0.0004541978031343079,0.0,0.0004541978031343079,300.47969727367274,300.4041294409834,3.432274359511477e-05
227,489,contact,0.0020906583550372396,-0.00015934164496276063,0.00015934164496276063,0.0002975283786303797,0.0005409606884188722,0.0,0.0005409606884188722,300.47969727367274,300.5841190081524,-5.648805337001609e-05
228,261,contact,0.0019663162887490915,-3.3683711250908493e-05,3.3683711250908493e-05,0.0001297761751071985,0.0001297761751071985,0.0,0.0001297761751071985,300.86570970258276,300.92603888813414,-7.829290948190778e-06
228,317,contact,0.0019457592813860612,-5.424071861393886e-05,5.424071861393886e-05,0.00016468260171302078,0.00016468260171302078,0.0,0.00016468260171302078,300.86570970258276,300.8632413640372,4.064924135904678e-07
228,344,contact,0.001945779289282318,-5.422071071768198e-05,5.422071071768198e-05,0.0001646522254900947,0.0001646522254900947,0.0,0.0001646522254900947,300.86570970258276,300.9183890922273,-8.673778742433085e-06
228,376,contact,0.0019947337462679075,-5.266253732092493e-06,5.266253732092493e-06,5.131400263131153e-05,5.131400263131153e-05,0.0,5.131400263131153e-05,300.86570970258276,300.7913061904868,3.817942015470664e-06
228,488,contact,0.0021674881789758393,-8.251182102416094e-05,8.251182102416094e-05,0.00021410254685308696,0.00021410254685308696,0.0,0.00021410254685308696,300.86570970258276,300.80570220729766,1.2847757570815794e-05
229,230,contact,0.0019210638159623962,-7.893618403760389e-05,7.893618403760389e-05,0.00019866577968739846,0.00019866577968739846,0.0,0.00019866577968739846,300.4174603459012,300.50807279919724,-1.800159368344699e-05
229,300,contact,0.0019148360636096246,-8.516393639037547e-05,8.516393639037547e-05,0.00020635398759216586,0.00020635398759216586,0.0,0.00020635398759216586,300.4174603459012,300.49294978029957,-1.557754580918248e-05
229,432,contact,0.0020812943396357943,-0.00016870566036420592,0.00016870566036420592,0.00030614598947071523,0.00030614598947071523,0.0,0.00030614598947071523,300.4174603459012,300.3080910051635,3.348298503790742e-05
229,435,contact,0.002080914158561088,-0.00016908584143891228,0.00016908584143891228,0.00030649074794710115,0.00030649074794710115,0.0,0.00030649074794710115,300.4174603459012,300.43353594189944,-4.927021441197617e-06
230,240,contact,0.0018543085661243788,-0.0001456914338756213,0.0001456914338756213,0.00026989945709061854,0.00026989945709061854,0.0,0.00026989945709061854,300.50807279919724,300.4965808103101,3.1016815615316112e-06
230,266,contact,0.0019784733747099047,-2.152662529009532e-05,2.152662529009532e-05,0.00010374638617825519,0.00010374638617825519,0.0,0.00010374638617825519,300.50807279919724,300.62561753207206,-1.2194841250050836e-05
230,300,contact,0.001955478677434249,-4.4521322565751077e-05,4.4521322565751077e-05,0.0001492000713232924,0.0001492000713232924,0.0,0.0001492000713232924,300.50807279919724,300.49294978029957,2.2563554981556116e-06
231,253,contact,0.00193257748206896,-6.742251793104e-05,6.742251793104e-05,0.00018360626069260274,0.00018360626069260274,0.0,0.00018360626069260274,300.82506000745525,300.79356767494005,5.7821894136038395e-06
231,371,contact,0.0018434156137181869,-0.00015658438628181315,0.00015658438628181315,0.00027980742152578186,0.00027980742152578186,0.0,0.00027980742152578186,300.82506000745525,300.8305271017399,-1.529733555027429e-06
231,375,contact,0.001999304030931764,-6.959690682360221e-07,6.959690682360221e-07,1.8654343572423317e-05,1.8654343572423317e-05,0.0,1.8654343572423317e-05,300.82506000745525,300.7726089082882,9.78440824613549e-07
231,409,contact,0.0022013802716023415,-4.8619728397658775e-05,4.8619728397658775e-05,0.00016435011475785937,0.00016435011475785937,0.0,0.00016435011475785937,300.82506000745525,300.8140892077382,1.8030521924792018e-06
231,438,contact,0.0021754526533574567,-7.454734664254356e-05,7.454734664254356e-05,0.00020350722979587448,0.00020350722979587448,0.0,0.00020350722979587448,300.82506000745525,300.6989637086942,2.5661508448378243e-05
232,417,contact,0.002143679347694805,-0.00010632065230519513,0.00010632065230519513,0.00024303709399686654,0.00024303709399686654,0.0,0.00024303709399686654,300.3515887906032,300.2460757864995,2.564357389624934e-05
233,262,contact,0.001956735799079681,-4.32642009203189e-05,4.32642009203189e-05,0.00014707855200592453,0.00014707855200592453,0.0,0.00014707855200592453,300.635465494072,300.74165671787773,-1.5618451433087013e-05
233,428,contact,0.0021859823018954205,-6.401769810457977e-05,6.401769810457977e-05,0.00018858787828457494,0.00018858787828457494,0.0,0.00018858787828457494,300.635465494072,300.6134314422517,4.155355082802532e-06
233,438,contact,0.002204466452364381,-4.553354763561909e-05,4.553354763561909e-05,0.00015904846856578569,0.00015904846856578569,0.0,0.00015904846856578569,300.635465494072,300.6989637086942,-1.00992937923225e-05
233,498,contact,0.00219052282076677,-5.947717923323031e-05,5.947717923323031e-05,0.0001817769989624502,0.0001817769989624502,0.0,0.0001817769989624502,300.635465494072,300.4623710627147,3.146458626924166e-05
234,496,contact,0.002153163562896234,-9.683643710376626e-05,9.683643710376626e-05,0.0002319440031843968,0.0002319440031843968,0.0,0.0002319440031843968,300.3582857501059,300.42543163553,-1.5574085462629127e-05
235,248,contact,0.0019919150574509944,-8.08494254900564e-06,8.08494254900564e-06,6.358043153756367e-05,0.00011560078461375212,0.0,0.00011560078461375212,300.2542189369949,300.25502541570745,-9.322957194480126e-08
235,255,contact,0.0019592395557715757,-4.076044422842437e-05,4.076044422842437e-05,0.00014275931533252808,0.00014275931533252808,0.0,0.00014275931533252808,300.2542189369949,300.2539408545439,3.969886031335459e-08
235,400,contact,0.0018729591826038272,-0.0001270408173961728,0.0001270408173961728,0.0002520325548378352,0.0002520325548378352,0.0,0.0002520325548378352,300.2542189369949,300.2101322589629,1.111127809871499e-05
235,422,contact,0.0021314069106812992,-0.00011859308931870104,0.00011859308931870104,0.00025668083220509587,0.00025668083220509587,0.0,0.00025668083220509587,300.2542189369949,300.2348042632593,4.983374611439671e-06
235,442,contact,0.002142287166208117,-0.00010771283379188345,0.00010771283379188345,0.00024462310442334147,0.00024462310442334147,0.0,0.00024462310442334147,300.2542189369949,300.35470961687525,-2.458234207794387e-05
236,350,contact,0.001840076588079963,-0.0001599234119200371,0.0001599234119200371,0.0002827750094333277,0.0002827750094333277,0.0,0.0002827750094333277,300.2994174133931,300.236783965305,1.7711173873952278e-05
237,254,contact,0.0019048628275285336,-9.513717247146649e-05,9.513717247146649e-05,0.00021810223803467318,0.00021810223803467318,0.0,0.00021810223803467318,300.175332797348,300.1569373099939,4.0120969616673785e-06
237,273,contact,0.0019432078581561982,-5.679214184380185e-05,5.679214184380185e-05,0.00016851133766575152,0.00016851133766575152,0.0,0.00016851133766575152,300.175332797348,300.06400388706203,1.8760183593160375e-05
237,389,contact,0.0019578607127168158,-4.2139287283184286e-05,4.2139287283184286e-05,0.00014515386195893015,0.00014515386195893015,0.0,0.00014515386195893015,300.175332797348,300.1270676147487,7.005877652444688e-06
237,426,contact,0.0022033490794697063,-4.6650920530293995e-05,4.6650920530293995e-05,0.00016098813022203082,0.00016098813022203082,0.0,0.00016098813022203082,300.175332797348,300.17381654189734,2.440991299419008e-07
237,486,contact,0.0021411235464783435,-0.0001088764535216568,0.0001088764535216568,0.0002459408844074988,0.0002459408844074988,0.0,0.0002459408844074988,300.175332797348,300.27512482359487,-2.4542939191969e-05
238,385,contact,0.0018421029490745084,-0.00015789705092549163,0.00015789705092549163,0.0002809778024377474,0.0005108687317049952,0.0,0.0005108687317049952,300.2160922591263,300.2375707054458,-1.0972666630247065e-05
238,400,contact,0.0018798958108629323,-0.00012010418913706777,0.00012010418913706777,0.00024505528879935215,0.00024505528879935215,0.0,0.00024505528879935215,300.2160922591263,300.2101322589629,1.4605295612822371e-06
238,451,contact,0.002151684275956861,-9.831572404313911e-05,9.831572404313911e-05,0.00023370889304994972,0.00023370889304994972,0.0,0.00023370889304994972,300.2160922591263,300.1733182968479,9.996655375439259e-06
239,293,contact,0.0019524293698264731,-4.7570630173526893e-05,4.7570630173526893e-05,0.00015422488478440645,0.00015422488478440645,0.0,0.00015422488478440645,300.1896396785836,300.14979827788056,6.144535433075661e-06
239,417,contact,0.0022055638285945808,-4.44361714054195e-05,4.44361714054195e-05,0.00015712021477804733,0.00015712021477804733,0.0,0.00015712021477804733,300.1896396785836,300.2460757864995,-8.86725339698102e-06
240,292,contact,0.001853359882017589,-0.00014664011798241113,0.00014664011798241113,0.0002707767696668338,0.0002707767696668338,0.0,0.0002707767696668338,300.4965808103101,300.6283455568347,-3.567883241989913e-05
240,338,contact,0.001887442945170065,-0.00011255705482993497,0.00011255705482993497,0.00023723095796073388,0.00023723095796073388,0.0,0.00023723095796073388,300.4965808103101,300.4460251735032,1.1993362150017037e-05
240,491,contact,0.002113351686355589,-0.0001366483136444113,0.0001366483136444113,0.00027552809258304446,0.00027552809258304446,0.0,0.00027552809258304446,300.4965808103101,300.5437235523898,-1.2989149804354148e-05
241,463,contact,0.0021971714961197277,-5.2828503880272566e-05,5.2828503880272566e-05,0.00017131599114610885,0.00017131599114610885,0.0,0.00017131599114610885,300.9298603735552,300.84979637358094,1.3716243510709466e-05
241,493,contact,0.002090162879371127,-0.00015983712062887312,0.00015983712062887312,0.0002979906044649293,0.0002979906044649293,0.0,0.0002979906044649293,300.9298603735552,300.82844890698453,3.0219664223063836e-05
242,290,contact,0.0019521774536191093,-4.782254638089072e-05,4.782254638089072e-05,0.00015463270414257574,0.0002811503711683195,0.0,0.0002811503711683195,300.6254737032212,300.59621593099286,8.225833521554265e-06
242,324,contact,0.0019233253770748215,-7.667462292517855e-05,7.667462292517855e-05,0.00019579916103647962,0.001957991610364796,0.0,0.001957991610364796,300.6254737032212,300.5428559787853,0.00016176481131285084
242,332,contact,0.0018906027746726712,-0.00010939722532732885,0.00010939722532732885,0.00023387734534080986,0.00042523153698329066,0.0,0.00042523153698329066,300.6254737032212,300.59872179628053,1.1375754505610949e-05
242,346,contact,0.0018269600023262686,-0.00017303999767373144,0.00017303999767373144,0.000294142820474792,0.0029414282047479203,0.0,0.0029414282047479203,300.6254737032212,300.5767526820013,0.00014330938598026546
242,394,contact,0.0019553025948942015,-4.4697405105798525e-05,4.4697405105798525e-05,0.00014949482450205177,0.0002718087718219123,0.0,0.0002718087718219123,300.6254737032212,300.6857916509438,-1.639494728930845e-05
242,406,contact,0.0020875039757806456,-0.00016249602421935464,0.00016249602421935464,0.0003004589306556764,0.003004589306556764,0.0,0.003004589306556764,300.6254737032212,300.7228861416655,-0.0002926843708754743
242,431,contact,0.0021615190502061563,-8.848094979384399e-05,8.848094979384399e-05,0.00022171171195677105,0.00040311220355776555,0.0,0.00040311220355776555,300.6254737032212,300.6641638421404,-1.5596467155677834e-05
243,462,contact,0.002161027759493154,-8.89722405068463e-05,8.89722405068463e-05,0.00022232638733133659,0.00022232638733133659,0.0,0.00022232638733133659,300.86641843566804,300.78469449163345,1.816938923567938e-05
244,256,contact,0.0019687241442863453,-3.127585571365476e-05,3.127585571365476e-05,0.00012505170073544536,0.00012505170073544536,0.0,0.00012505170073544536,300.9397568301576,300.9452148568349,-6.825355186597256e-07
244,276,contact,0.0019855099899081345,-1.4490010091865527e-05,1.4490010091865527e-05,8.511759539562171e-05,8.511759539562171e-05,0.0,8.511759539562171e-05,300.9397568301576,300.83241530337045,9.136652646215925e-06
244,352,contact,0.0019289023321892162,-7.109766781078389e-05,7.109766781078389e-05,0.00018854398400742448,0.00018854398400742448,0.0,0.00018854398400742448,300.9397568301576,300.89337317184163,8.745359731730293e-06
245,273,contact,0.0019126229663981801,-8.737703360181992e-05,8.737703360181992e-05,0.0002090179820037261,0.0002090179820037261,0.0,0.0002090179820037261,300.12350772042066,300.06400388706203,1.2437371170107483e-05
245,347,contact,0.0019692444302574544,-3.075556974254561e-05,3.075556974254561e-05,0.00012400719685273434,0.00012400719685273434,0.0,0.00012400719685273434,300.12350772042066,300.2041935574764,-1.0005624478998709e-05
245,450,contact,0.002231931375826774,-1.8068624173226116e-05,1.8068624173226116e-05,0.00010019044136384058,0.00010019044136384058,0.0,0.00010019044136384058,300.12350772042066,300.0787632534804,4.482967891332857e-06
246,284,contact,0.001856281597670192,-0.00014371840232980807,0.00014371840232980807,0.0002680656657703557,0.0004873921195824648,0.0,0.0004873921195824648,300.0429109340919,300.0627614435054,-9.674981857845105e-06
246,395,contact,0.0017566272181940032,-0.00024337278180599684,0.00024337278180599684,0.00034883576494247034,0.0034883576494247033,0.0,0.0034883576494247033,300.0429109340919,300.1520710291379,-0.0003807894525657676
247,442,contact,0.002180382167327553,-6.961783267244717e-05,6.961783267244717e-05,0.00019666360544573337,0.00019666360544573337,0.0,0.00019666360544573337,300.4677980143595,300.35470961687525,2.224037198333513e-05
247,457,contact,0.0021704588565554525,-7.954114344454772e-05,7.954114344454772e-05,0.0002102130446377195,0.0002102130446377195,0.0,0.0002102130446377195,300.4677980143595,300.58180997029467,-2.3966800382230376e-05
248,306,contact,0.0019356216936684708,-6.437830633152929e-05,6.437830633152929e-05,0.00017941335838160056,0.0017941335838160054,0.0,0.0017941335838160054,300.25502541570745,300.2201468529317,6.257680083122454e-05
248,357,contact,0.0019479829710497987,-5.20170289502013e-05,5.20170289502013e-05,0.00016127155507125442,0.0002932210092204626,0.0,0.0002932210092204626,300.25502541570745,300.34609830279186,-2.6704483863511402e-05
248,425,contact,0.0020423553509612367,-0.0002076446490387636,0.0002076446490387636,0.0003396441348748255,0.003396441348748255,0.0,0.003396441348748255,300.25502541570745,300.3081275529162,-0.0001803582945226177
249,263,contact,0.0018960244033239663,-0.00010397559667603374,0.00010397559667603374,0.0002280083295364818,0.0002280083295364818,0.0,0.0002280083295364818,300.71681673366527,300.6491232662155,1.5434674433754617e-05
249,299,contact,0.0018803050235799517,-0.00011969497642004838,0.00011969497642004838,0.00024463746280981616,0.00024463746280981616,0.0,0.00024463746280981616,300.71681673366527,300.6403315701734,1.871113633925129e-05
250,302,contact,0.001987890345451932,-1.2109654548068255e-05,1.2109654548068255e-05,7.781277063589323e-05,7.781277063589323e-05,0.0,7.781277063589323e-05,300.6666997316166,300.6312380711381,2.7593700531784054e-06
250,303,contact,0.001956397559035484,-4.3602440964515994e-05,4.3602440964515994e-05,0.00014765236361893432,0.0002684588429435169,0.0,0.0002684588429435169,300.6666997316166,300.7283713572936,-1.655629327170277e-05
250,405,contact,0.0021368241427408108,-0.0001131758572591895,0.0001131758572591895,0.0002507498280260732,0.0002507498280260732,0.0,0.0002507498280260732,300.6666997316166,300.5939814554074,1.8234095253802603e-05
250,469,contact,0.0022154232316873453,-3.4576768312654955e-05,3.4576768312654955e-05,0.00013859767577146723,0.00013859767577146723,0.0,0.00013859767577146723,300.6666997316166,300.64061511393004,3.6152673847411536e-06
250,475,contact,0.0021088178174987044,-0.00014118218250129587,0.00014118218250129587,0.0002800616821952858,0.0002800616821952858,0.0,0.0002800616821952858,300.6666997316166,300.70312600480355,-1.020160334484947e-05
251,425,contact,0.0020912060883853615,-0.00015879391161463877,0.00015879391161463877,0.0002970165648342032,0.0029701656483420323,0.0,0.0029701656483420323,300.3732827039623,300.3081275529162,0.00019352159144965978
251,466,contact,0.0021926175091200933,-5.7382490879906954e-05,5.7382490879906954e-05,0.00017854736514423365,0.00032463157298951573,0.0,0.00032463157298951573,300.3732827039623,300.35430682315416,6.160170035599527e-06
251,498,contact,0.002175787650438341,-7.421234956165928e-05,7.421234956165928e-05,0.00020304945971317114,0.0003691808358421293,0.0,0.0003691808358421293,300.3732827039623,300.4623710627147,-3.288971474801666e-05
252,309,contact,0.001959972785933519,-4.002721406648089e-05,4.002721406648089e-05,0.0001414694561848615,0.0001414694561848615,0.0,0.0001414694561848615,300.39585386766686,300.4310896320961,-4.984784432059208e-06
252,315,contact,0.0018667128486995529,-0.00013328715130044716,0.00013328715130044716,0.00025815417031344577,0.00025815417031344577,0.0,0.00025815417031344577,300.39585386766686,300.2804600143401,2.9789404464835104e-05
252,330,contact,0.0019522430418367487,-4.775695816325136e-05,4.775695816325136e-05,0.00015452662903728173,0.00015452662903728173,0.0,0.00015452662903728173,300.39585386766686,300.52092443434856,-1.9326733061105634e-05
252,466,contact,0.0021631037567809825,-8.689624321901778e-05,8.689624321901778e-05,0.00021971729717350908,0.00021971729717350908,0.0,0.00021971729717350908,300.39585386766686,300.35430682315416,9.128604325877275e-06
253,438,contact,0.002163819552227034,-8.618044777296621e-05,8.618044777296621e-05,0.00021881048087451566,0.00021881048087451566,0.0,0.00021881048087451566,300.79356767494005,300.6989637086942,2.0700339346895305e-05
253,463,contact,0.002208665071508127,-4.1334928491873306e-05,4.1334928491873306e-05,0.0001515382762279941,0.0001515382762279941,0.0,0.0001515382762279941,300.79356767494005,300.84979637358094,-8.520800066584359e-06
254,289,contact,0.0019169189637801597,-8.308103621984032e-05,8.308103621984032e-05,0.00020381491140228225,0.00020381491140228225,0.0,0.00020381491140228225,300.1569373099939,300.104465961895,1.0694443163933731e-05
254,319,contact,0.001999592952903166,-4.0704709683425655e-07,4.0704709683425655e-07,1.4266167965404315e-05,1.4266167965404315e-05,0.0,1.4266167965404315e-05,300.1569373099939,300.1626649836418,-8.171195431151085e-08
254,426,contact,0.002235488933835281,-1.451106616471914e-05,1.451106616471914e-05,8.978698917350981e-05,8.978698917350981e-05,0.0,8.978698917350981e-05,300.1569373099939,300.17381654189734,-1.5155354121705199e-06
255,297,contact,0.0019036533145770011,-9.634668542299893e-05,9.634668542299893e-05,0.00021948426529366398,0.00021948426529366398,0.0,0.00021948426529366398,300.2539408545439,300.24283707435296,2.4371050371868448e-06
255,422,contact,0.002173243219246295,-7.675678075370505e-05,7.675678075370505e-05,0.00020650098298623321,0.00020650098298623321,0.0,0.00020650098298623321,300.2539408545439,300.2348042632593,3.951724911268254e-06
255,442,contact,0.0022411712755610633,-8.828724438937011e-06,8.828724438937011e-06,7.003461223224244e-05,7.003461223224244e-05,0.0,7.003461223224244e-05,300.2539408545439,300.35470961687525,-7.057301195000497e-06
256,356,contact,0.0018751993900918912,-0.00012480060990810882,0.00012480060990810882,0.0002498005303318118,0.0002498005303318118,0.0,0.0002498005303318118,300.9452148568349,300.893974720503,1.279981322998261e-05
256,497,contact,0.002125557689883057,-0.0001244423101169432,0.0001244423101169432,0.000262934624444243,0.000262934624444243,0.0,0.000262934624444243,300.9452148568349,300.85110984199724,2.4743466734665385e-05
257,346,contact,0.001933713913587013,-6.628608641298704e-05,6.628608641298704e-05,0.0001820523089842409,0.0018205230898424092,0.0,0.0018205230898424092,300.6625278599197,300.5767526820013,0.00015615569193574907
257,394,contact,0.0019416753608417646,-5.832463915823546e-05,5.832463915823546e-05,0.00017076978532257317,0.00031049051876831484,0.0,0.00031049051876831484,300.6625278599197,300.6857916509438,-7.223186543601379e-06
257,406,contact,0.0021691314206382247,-8.086857936177557e-05,8.086857936177557e-05,0.00021195987482143823,0.0021195987482143823,0.0,0.0021195987482143823,300.6625278599197,300.7228861416655,-0.00012793533843284197
258,313,contact,0.0019374488364083324,-6.255116359166766e-05,6.255116359166766e-05,0.0001768490367399094,0.0001768490367399094,0.0,0.0001768490367399094,300.78590123913597,300.72681501600806,1.0449341644769554e-05
258,352,contact,0.0019583009734971783,-4.1699026502821715e-05,4.1699026502821715e-05,0.00014439360529957987,0.00014439360529957987,0.0,0.00014439360529957987,300.78590123913597,300.89337317184163,-1.5518259831884676e-05
258,437,contact,0.002197494892007716,-5.2505107992284385e-05,5.2505107992284385e-05,0.00017079082071398916,0.00017079082071398916,0.0,0.00017079082071398916,300.78590123913597,300.6701335661728,1.9772055877526608e-05
259,353,contact,0.0019262352384119643,-7.376476158803573e-05,7.376476158803573e-05,0.00019204786068586618,0.00019204786068586618,0.0,0.00019204786068586618,300.0995200028543,300.0706864259564,5.5374267591649435e-06
259,397,contact,0.0019600035274713163,-3.999647252868376e-05,3.999647252868376e-05,0.00014141512035260545,0.00014141512035260545,0.0,0.00014141512035260545,300.0995200028543,300.17364884887473,-1.0482939681576687e-05
259,429,contact,0.002031532451254472,-0.00021846754874552815,0.00021846754874552815,0.00034838320914501935,0.00034838320914501935,0.0,0.00034838320914501935,300.0995200028543,300.1855834974949,-2.9983076453126718e-05
259,481,contact,0.002097642509151644,-0.00015235749084835642,0.00015235749084835642,0.00029093478731720814,0.00029093478731720814,0.0,0.00029093478731720814,300.0995200028543,300.07425577799756,7.350241885434252e-06
260,486,contact,0.0021062772818233122,-0.00014372271817668803,0.00014372271817668803,0.0002825702647884318,0.0002825702647884318,0.0,0.0002825702647884318,300.3833323689393,300.27512482359487,3.057623474008515e-05
261,317,contact,0.0019271048663993355,-7.289513360066451e-05,7.289513360066451e-05,0.0001909124584733334,0.0001909124584733334,0.0,0.0001909124584733334,300.92603888813414,300.8632413640372,1.1988829711384502e-05
261,344,contact,0.0018986895401302457,-0.00010131045986975433,0.00010131045986975433,0.00022506716760753258,0.00022506716760753258,0.0,0.00022506716760753258,300.92603888813414,300.9183890922273,1.7217178975289261e-06
261,488,contact,0.0021112709254380406,-0.00013872907456195967,0.00013872907456195967,0.00027761791745126537,0.00027761791745126537,0.0,0.00027761791745126537,300.92603888813414,300.80570220729766,3.340761872682329e-05
262,329,contact,0.00197831327524232,-2.1686724757680013e-05,2.1686724757680013e-05,0.00010413146680441992,0.00010413146680441992,0.0,0.00010413146680441992,300.74165671787773,300.7357313409042,6.170181956249538e-07
262,358,contact,0.0019720420474979732,-2.79579525020268e-05,2.79579525020268e-05,0.00011823272072913404,0.00011823272072913404,0.0,0.00011823272072913404,300.74165671787773,300.8125362503124,-8.380279963760387e-06
262,375,contact,0.0019168799708641129,-8.312002913588717e-05,8.312002913588717e-05,0.0002038627346229408,0.0002038627346229408,0.0,0.0002038627346229408,300.74165671787773,300.7726089082882,-6.309998179646326e-06
262,438,contact,0.002166577940762806,-8.342205923719424e-05,8.342205923719424e-05,0.0002152802556322988,0.0002152802556322988,0.0,0.0002152802556322988,300.74165671787773,300.6989637086942,9.19096193074706e-06
262,463,contact,0.0021469444450427683,-0.00010305555495723198,0.00010305555495723198,0.00023927617116493465,0.00023927617116493465,0.0,0.00023927617116493465,300.74165671787773,300.84979637358094,-2.5875242767758894e-05
263,270,contact,0.0018860128436996393,-0.00011398715630036075,0.00011398715630036075,0.00023873327826296102,0.00023873327826296102,0.0,0.00023873327826296102,300.6491232662155,300.58538804217625,1.5215718975714147e-05
263,367,contact,0.001999358851132032,-6.411488679678758e-07,6.411488679678758e-07,1.790459253889733e-05,1.790459253889733e-05,0.0,1.790459253889733e-05,300.6491232662155,300.6047248447499,7.949356457115687e-07
264,339,contact,0.0019115307388501495,-8.846926114985053e-05,8.846926114985053e-05,0.00021032030471384655,0.00038240055402517553,0.0,0.00038240055402517553,300.4011820493325,300.3377793028438,2.4245245383993292e-05
264,435,contact,0.0021541636607509654,-9.583633924903487e-05,9.583633924903487e-05,0.000230743170416609,0.000230743170416609,0.0,0.000230743170416609,300.4011820493325,300.43353594189944,-7.465439746218602e-06
265,326,contact,0.001984527166455526,-1.547283354447421e-05,1.547283354447421e-05,8.79569029254504e-05,8.79569029254504e-05,0.0,8.79569029254504e-05,300.78958307635395,300.8542771007343,-5.690286022278658e-06
265,410,contact,0.0020618583479058324,-0.0001881416520941679,0.0001881416520941679,0.000323300386718475,0.000323300386718475,0.0,0.000323300386718475,300.78958307635395,300.7189882009679,2.2823350512657014e-05
265,413,contact,0.002107317132683166,-0.00014268286731683412,0.00014268286731683412,0.00028154619446986564,0.00028154619446986564,0.0,0.00028154619446986564,300.78958307635395,300.85870396795985,-1.9460723990006746e-05
266,301,contact,0.0019453828290071854,-5.46171709928146e-05,5.46171709928146e-05,0.00016525309527027718,0.00016525309527027718,0.0,0.00016525309527027718,300.62561753207206,300.69899837054675,-1.2126410691470898e-05
266,434,contact,0.0021554986626198427,-9.450133738015754e-05,9.450133738015754e-05,0.0002291304060769247,0.0002291304060769247,0.0,0.0002291304060769247,300.62561753207206,300.5070527585356,2.7166794706821767e-05
266,490,contact,0.002099237986594421,-0.0001507620134055792,0.0001507620134055792,0.00028940745345310416,0.0005261953699147348,0.0,0.0005261953699147348,300.62561753207206,300.713345027707,-4.6161802017333785e-05
267,356,contact,0.001859047008254498,-0.0001409529917455021,0.0001409529917455021,0.0002654740964251523,0.0002654740964251523,0.0,0.0002654740964251523,300.82355117505136,300.893974720503,-1.8695627095835247e-05
267,376,contact,0.00188236417459534,-0.00011763582540466003,0.00011763582540466003,0.00024252404561678006,0.00024252404561678006,0.0,0.00024252404561678006,300.82355117505136,300.7913061904868,7.820184107446868e-06
267,460,contact,0.0021286412039138967,-0.00012135879608610352,0.00012135879608610352,0.000259656606658041,0.000259656606658041,0.0,0.000259656606658041,300.82355117505136,300.82514256059693,-4.132137706464479e-07
268,346,contact,0.0019274382874945699,-7.256171250543016e-05,7.256171250543016e-05,0.00019047534289958655,0.0003463188052719756,0.0,0.0003463188052719756,300.5398946881528,300.5767526820013,-1.2764616394339218e-05
268,404,contact,0.002158168990811425,-9.183100918857537e-05,9.183100918857537e-05,0.0002258699345353124,0.0002258699345353124,0.0,0.0002258699345353124,300.5398946881528,300.50758794975843,7.297120886185373e-06
269,412,contact,0.0021962327153560025,-5.3767284643997746e-05,5.3767284643997746e-05,0.00017283146036271827,0.00017283146036271827,0.0,0.00017283146036271827,300.05969844995366,300.1051633033475,-7.857757007238859e-06
270,272,contact,0.001974711160575135,-2.5288839424865168e-05,2.5288839424865168e-05,0.00011244740865147842,0.00011244740865147842,0.0,0.00011244740865147842,300.58538804217625,300.57931199822303,6.832353973914659e-07
270,299,contact,0.0018708093121694693,-0.00012919068783053076,0.00012919068783053076,0.0002541561408175403,0.0002541561408175403,0.0,0.0002541561408175403,300.58538804217625,300.6403315701734,-1.3964235038649739e-05
270,361,contact,0.0018523457233464808,-0.0001476542766535192,0.0001476542766535192,0.00027171149833372823,0.00027171149833372823,0.0,0.00027171149833372823,300.58538804217625,300.48452884739424,2.7404602934951563e-05
270,367,contact,0.0019370878837574725,-6.291211624252758e-05,6.291211624252758e-05,0.0001773585580716752,0.0001773585580716752,0.0,0.0001773585580716752,300.58538804217625,300.6047248447499,-3.4295474221813098e-06
270,404,contact,0.0021731126949608476,-7.688730503915267e-05,7.688730503915267e-05,0.00020667648503445166,0.00020667648503445166,0.0,0.00020667648503445166,300.58538804217625,300.50758794975843,1.6079449636269965e-05
272,500,contact,0.0022065334481942487,-4.346655180575152e-05,4.346655180575152e-05,0.0001553965390107792,0.0001553965390107792,0.0,0.0001553965390107792,300.57931199822303,300.66352806523935,-1.308688534343502e-05
273,389,contact,0.0018835769945505284,-0.00011642300544947165,0.00011642300544947165,0.00024127060062248743,0.00024127060062248743,0.0,0.00024127060062248743,300.06400388706203,300.1270676147487,-1.5215423456451926e-05
274,422,contact,0.0022171013691078727,-3.289863089212756e-05,3.289863089212756e-05,0.0001351925188843417,0.0001351925188843417,0.0,0.0001351925188843417,300.2092419308941,300.2348042632593,-3.4558361010116967e-06
274,453,contact,0.0022161301624453377,-3.386983755466252e-05,3.386983755466252e-05,0.00013717352667062604,0.00013717352667062604,0.0,0.00013717352667062604,300.2092419308941,300.12658882568394,1.1337817931957314e-05
275,408,contact,0.002250032404663177,-0.0,0.0,1.0540925533894598e-07,1.0540925533894598e-07,0.0,1.0540925533894598e-07,300.71343681115206,300.71775360638645,-4.5503017110753747e-10
275,490,contact,0.0022499866171206816,-1.3382879318624141e-08,1.3382879318624141e-08,2.726707346744639e-06,4.9576497213538895e-06,0.0,4.9576497213538895e-06,300.71343681115206,300.713345027707,4.5503017074405156e-10
276,364,contact,0.0019470712588397997,-5.2928741160200316e-05,5.2928741160200316e-05,0.0001626787342589687,0.0001626787342589687,0.0,0.0001626787342589687,300.83241530337045,300.78203799137816,8.19531735027532e-06
277,453,contact,0.002152287320062079,-9.77126799379213e-05,9.77126799379213e-05,0.00023299103456513956,0.00023299103456513956,0.0,0.00023299103456513956,300.06450953471295,300.12658882568394,-1.446391822840009e-05
277,481,contact,0.0021656245967618675,-8.43754032381328e-05,8.43754032381328e-05,0.00021650686830025715,0.00021650686830025715,0.0,0.00021650686830025715,300.06450953471295,300.07425577799756,-2.1101286112433327e-06
278,309,contact,0.001967308949402711,-3.2691050597289e-05,3.2691050597289e-05,0.0001278496198611654,0.0001278496198611654,0.0,0.0001278496198611654,300.3537836916375,300.4310896320961,-9.883535100640174e-06
278,315,contact,0.0019251846445211436,-7.481535547885641e-05,7.481535547885641e-05,0.00019341064536221425,0.00019341064536221425,0.0,0.00019341064536221425,300.3537836916375,300.2804600143401,1.4181579746414467e-05
278,345,contact,0.0018606325860308906,-0.00013936741396910948,0.00013936741396910948,0.0002639767167470547,0.0002639767167470547,0.0,0.0002639767167470547,300.3537836916375,300.4422059067488,-2.334140603259236e-05
278,387,contact,0.0018872223062215,-0.00011277769377850003,0.00011277769377850003,0.00023746335904566417,0.00023746335904566417,0.0,0.00023746335904566417,300.3537836916375,300.3266885308516,6.434107894103284e-06
278,402,contact,0.002229036390124666,-2.0963609875334407e-05,2.0963609875334407e-05,0.0001079187190933127,0.0001079187190933127,0.0,0.0001079187190933127,300.3537836916375,300.2147051869145,1.5009174083118141e-05
278,441,contact,0.0022256059302131637,-2.439406978683653e-05,2.439406978683653e-05,0.00011641417865830159,0.00011641417865830159,0.0,0.00011641417865830159,300.3537836916375,300.3021935720139,6.0058214028646035e-06
279,410,contact,0.0020875934654525047,-0.0001624065345474956,0.0001624065345474956,0.0003003761850186969,0.0003003761850186969,0.0,0.0003003761850186969,300.6591155360429,300.7189882009679,-1.7984322677064335e-05
279,485,contact,0.0022046825789668674,-4.531742103313285e-05,4.531742103313285e-05,0.00015867055498235057,0.00015867055498235057,0.0,0.00015867055498235057,300.6591155360429,300.70138694155315,-6.7072273721929275e-06
279,491,contact,0.002100934508569936,-0.00014906549143006405,0.00014906549143006405,0.00028777449835868215,0.00028777449835868215,0.0,0.00028777449835868215,300.6591155360429,300.5437235523898,3.3206870210391546e-05
279,499,contact,0.0022395248719761962,-1.0475128023804039e-05,1.0475128023804039e-05,7.6285749447587e-05,7.6285749447587e-05,0.0,7.6285749447587e-05,300.6591155360429,300.68180777607404,-1.7310945374184923e-06
280,399,contact,0.001832434721526527,-0.00016756527847347296,0.00016756527847347296,0.00028945230908862426,0.0028945230908862425,0.0,0.0028945230908862425,300.86745354978285,300.95909960976036,-0.0002652716367936378
280,406,contact,0.0020520589728611595,-0.00019794102713884074,0.00019794102713884074,0.0003316130837276418,0.003316130837276418,0.0,0.003316130837276418,300.86745354978285,300.7228861416655,0.0004794044401229871
281,381,contact,0.0019145046803810638,-8.549531961893624e-05,8.549531961893624e-05,0.00020675507202839817,0.0003759183127789058,0.0,0.0003759183127789058,300.98051126397286,300.9558042640515,9.287813724267565e-06
281,411,contact,0.0021643491639864857,-8.565083601351454e-05,8.565083601351454e-05,0.00021813710776776577,0.0003966129232141196,0.0,0.0003966129232141196,300.98051126397286,300.8646892454235,4.593650934941845e-05
281,468,contact,0.0021433187304479477,-0.00010668126955205252,0.00010668126955205252,0.00024344891039674527,0.0004426343825395369,0.0,0.0004426343825395369,300.98051126397286,300.8634339969547,5.18224237959937e-05
282,297,contact,0.001882703794971478,-0.00011729620502852196,0.00011729620502852196,0.00024217370318484413,0.00024217370318484413,0.0,0.00024217370318484413,300.371486719004,300.24283707435296,3.115556085855521e-05
282,349,contact,0.0019434472413729156,-5.655275862708441e-05,5.655275862708441e-05,0.00016815581855392992,0.00016815581855392992,0.0,0.00016815581855392992,300.371486719004,300.444287084987,-1.2241805132901725e-05
282,396,contact,0.0019494336167205082,-5.056638327949185e-05,5.056638327949185e-05,0.00015900689179952523,0.00015900689179952523,0.0,0.00015900689179952523,300.371486719004,300.40270529677247,-4.963969017366232e-06
282,442,contact,0.002171912337664668,-7.80876623353321e-05,7.80876623353321e-05,0.00020828354383085586,0.00020828354383085586,0.0,0.00020828354383085586,300.371486719004,300.35470961687525,3.4943942865866154e-06
283,298,contact,0.00196080632304672,-3.919367695328019e-05,3.919367695328019e-05,0.0001399887083897844,0.0001399887083897844,0.0,0.0001399887083897844,300.4855018012735,300.4254456036077,8.407189542029164e-06
283,304,contact,0.0018984943995966912,-0.00010150560040330888,0.00010150560040330888,0.00022528382143787966,0.00022528382143787966,0.0,0.00022528382143787966,300.4855018012735,300.4117472381108,1.6615709837763648e-05
283,307,contact,0.0019197547760586493,-8.024522394135076e-05,8.024522394135076e-05,0.000200306295384532,0.000200306295384532,0.0,0.000200306295384532,300.4855018012735,300.44466764744845,8.17933807785127e-06
283,427,contact,0.0021756288451158204,-7.437115488417986e-05,7.437115488417986e-05,0.00020326659408025907,0.00020326659408025907,0.0,0.00020326659408025907,300.4855018012735,300.4124711958748,1.4844682423010103e-05
283,428,contact,0.002132521862771869,-0.00011747813722813106,0.00011747813722813106,0.0002554713913404124,0.0002554713913404124,0.0,0.0002554713913404124,300.4855018012735,300.6134314422517,-3.268236337438252e-05
284,389,contact,0.001906020485931093,-9.397951406890713e-05,9.397951406890713e-05,0.00021677120896109234,0.00021677120896109234,0.0,0.00021677120896109234,300.0627614435054,300.1270676147487,-1.3939726484066611e-05
284,450,contact,0.0021132604384246287,-0.00013673956157537158,0.00013673956157537158,0.0002756200702006816,0.0002756200702006816,0.0,0.0002756200702006816,300.0627614435054,300.0787632534804,-4.410419988653863e-06
285,455,contact,0.0022360034259589134,-1.399657404108686e-05,1.399657404108686e-05,8.81809189522908e-05,0.00016032894354961962,0.0,0.00016032894354961962,300.07643343442123,300.14602087512014,-1.1156880851578131e-05
286,475,contact,0.002122959650723489,-0.00012704034927651106,0.00012704034927651106,0.0002656651498038159,0.0002656651498038159,0.0,0.0002656651498038159,300.74967938143425,300.70312600480355,1.2367609776467737e-05
287,344,contact,0.0019046538200670484,-9.534617993295163e-05,9.534617993295163e-05,0.000218341681697462,0.000218341681697462,0.0,0.000218341681697462,300.94827451085325,300.9183890922273,6.52523256102298e-06
288,302,contact,0.0018714893240971836,-0.00012851067590281644,0.00012851067590281644,0.00025348636640144616,0.00025348636640144616,0.0,0.00025348636640144616,300.74403291556433,300.6312380711381,2.8591955262418614e-05
288,386,contact,0.0019463582640921993,-5.364173590780073e-05,5.364173590780073e-05,0.00016377077869357638,0.00016377077869357638,0.0,0.00016377077869357638,300.74403291556433,300.6623005168346,1.3385378584463615e-05
288,411,contact,0.00212158101228777,-0.00012841898771223008,0.00012841898771223008,0.0002671027556247783,0.0002671027556247783,0.0,0.0002671027556247783,300.74403291556433,300.8646892454235,-3.222763818895738e-05
288,459,contact,0.002206950435734466,-4.3049564265534336e-05,4.3049564265534336e-05,0.00015464936014081507,0.00015464936014081507,0.0,0.00015464936014081507,300.74403291556433,300.78157241648125,-5.80545979680738e-06
289,447,contact,0.002173380289042854,-7.661971095714645e-05,7.661971095714645e-05,0.0002063165191818231,0.0002063165191818231,0.0,0.0002063165191818231,300.104465961895,300.07298325817544,6.4954018458554545e-06
290,292,contact,0.001972174932928208,-2.7825067071792116e-05,2.7825067071792116e-05,0.00011795140328074125,0.00011795140328074125,0.0,0.00011795140328074125,300.59621593099286,300.6283455568347,-3.789734454929355e-06
290,324,contact,0.0019964937186139472,-3.5062813860528216e-06,3.5062813860528216e-06,4.187052296098546e-05,7.61282235654281e-05,0.0,7.61282235654281e-05,300.59621593099286,300.5428559787853,4.062198371095342e-06
290,485,contact,0.002222354201302978,-2.7645798697022335e-05,2.7645798697022335e-05,0.00012393053317847583,0.00012393053317847583,0.0,0.00012393053317847583,300.59621593099286,300.70138694155315,-1.3033899413656827e-05
291,325,contact,0.001961822300719411,-3.817769928058908e-05,3.817769928058908e-05,0.00013816240313592747,0.00013816240313592747,0.0,0.00013816240313592747,300.0392288876158,300.15401892949933,-1.5859668042699408e-05
291,454,contact,0.00221576164804165,-3.423835195835029e-05,3.423835195835029e-05,0.00013791775318474392,0.000250759551244989,0.0,0.000250759551244989,300.0392288876158,300.03157083874163,1.9203288991043485e-06
292,303,contact,0.0018938429982086691,-0.00010615700179133093,0.00010615700179133093,0.00023038771863028085,0.00041888676114596514,0.0,0.00041888676114596514,300.6283455568347,300.7283713572936,-4.189948358527074e-05
292,338,contact,0.0019842843836920154,-1.5715616307984594e-05,1.5715616307984594e-05,8.864427874370854e-05,8.864427874370854e-05,0.0,8.864427874370854e-05,300.6283455568347,300.4460251735032,1.616165888069733e-05
292,469,contact,0.0022395520883256993,-1.0447911674300956e-05,1.0447911674300956e-05,7.618658264164132e-05,7.618658264164132e-05,0.0,7.618658264164132e-05,300.6283455568347,300.64061511393004,-9.347756256212991e-07
292,485,contact,0.0021719190921302956,-7.808090786970466e-05,7.808090786970466e-05,0.00020827453552903658,0.00020827453552903658,0.0,0.00020827453552903658,300.6283455568347,300.70138694155315,-1.5212660476635968e-05
293,297,contact,0.0019005849442737355,-9.941505572626458e-05,9.941505572626458e-05,0.0002229518509973225,0.0002229518509973225,0.0,0.0002229518509973225,300.14979827788056,300.24283707435296,-2.074317188808454e-05
293,320,contact,0.0018879203423079057,-0.00011207965769209432,0.00011207965769209432,0.00023672733016288415,0.00023672733016288415,0.0,0.00023672733016288415,300.14979827788056,300.0653243685371,1.999728302729504e-05
293,391,contact,0.0019214831485339662,-7.85168514660338e-05,7.85168514660338e-05,0.00019813739105231223,0.00019813739105231223,0.0,0.00019813739105231223,300.14979827788056,300.16068004960533,-2.1560858595725287e-06
294,354,contact,0.0019846235806570476,-1.5376419342952394e-05,1.5376419342952394e-05,8.768243650513024e-05,8.768243650513024e-05,0.0,8.768243650513024e-05,300.0569913853296,300.0893032233433,-2.8331806850000868e-06
294,451,contact,0.002143559268646425,-0.0001064407313535751,0.0001064407313535751,0.00024317429889047704,0.00024317429889047704,0.0,0.00024317429889047704,300.0569913853296,300.1733182968479,-2.8287715150567497e-05
295,331,contact,0.0019938946718921734,-6.105328107826671e-06,6.105328107826671e-06,5.525091903229607e-05,5.525091903229607e-05,0.0,5.525091903229607e-05,300.4239765647167,300.3600901679263,3.5297821363343625e-06
295,404,contact,0.0022084220729969174,-4.157792700308291e-05,4.157792700308291e-05,0.00015198305278894112,0.00015198305278894112,0.0,0.00015198305278894112,300.4239765647167,300.50758794975843,-1.2707513546550146e-05
295,414,contact,0.0022239331273444345,-2.60668726555658e-05,2.60668726555658e-05,0.00012033950274020072,0.00012033950274020072,0.0,0.00012033950274020072,300.4239765647167,300.4041294409834,2.3883930008902146e-06
296,300,contact,0.0019448827842057732,-5.5117215794226815e-05,5.5117215794226815e-05,0.0001660078549259444,0.0001660078549259444,0.0,0.0001660078549259444,300.54618422430485,300.49294978029957,8.837335857492476e-06
296,435,contact,0.002095474314922519,-0.00015452568507748126,0.00015452568507748126,0.0002929976157254917,0.0002929976157254917,0.0,0.0002929976157254917,300.54618422430485,300.43353594189944,3.300567816035888e-05
296,436,contact,0.0020926324887805795,-0.0001573675112194208,0.0001573675112194208,0.00029567954802776,0.00029567954802776,0.0,0.00029567954802776,300.54618422430485,300.57620198923587,-8.875639167606697e-06
296,469,contact,0.002122779317734182,-0.00012722068226581843,0.00012722068226581843,0.0002658536379558188,0.0002658536379558188,0.0,0.0002658536379558188,300.54618422430485,300.64061511393004,-2.5104795542260315e-05
297,391,contact,0.0019295280252175652,-7.04719747824348e-05,7.04719747824348e-05,0.0001877125126122854,0.0001877125126122854,0.0,0.0001877125126122854,300.24283707435296,300.16068004960533,1.5421901544127377e-05
298,304,contact,0.001918456095770764,-8.154390422923609e-05,8.154390422923609e-05,0.00020192065796896077,0.00020192065796896077,0.0,0.00020192065796896077,300.4254456036077,300.4117472381108,2.7659829742348066e-06
298,331,contact,0.0018979135283515949,-0.00010208647164840516,0.00010208647164840516,0.00022592750125693546,0.00022592750125693546,0.0,0.00022592750125693546,300.4254456036077,300.3600901679263,1.4765590277069231e-05
298,448,contact,0.002178805873408644,-7.119412659135644e-05,7.119412659135644e-05,0.00019887758182045954,0.00019887758182045954,0.0,0.00019887758182045954,300.4254456036077,300.3097756783113,2.300415503230158e-05
299,343,contact,0.001847323813141594,-0.00015267618685840595,0.00015267618685840595,0.00027629349147094103,0.00027629349147094103,0.0,0.00027629349147094103,300.6403315701734,300.7279833251998,-2.4217609429799596e-05
299,362,contact,0.0018352101439617207,-0.00016478985603827936,0.00016478985603827936,0.0002870451672109107,0.0002870451672109107,0.0,0.0002870451672109107,300.6403315701734,300.53096455822475,3.1393272232149444e-05
299,500,contact,0.002230266800452359,-1.9733199547641075e-05,1.9733199547641075e-05,0.00010470381386357602,0.00010470381386357602,0.0,0.00010470381386357602,300.6403315701734,300.66352806523935,-2.4287615016751466e-06
300,311,contact,0.001883362020589775,-0.00011663797941022496,0.00011663797941022496,0.00024149324981272765,0.00024149324981272765,0.0,0.00024149324981272765,300.49294978029957,300.5027505946031,-2.3668304969777564e-06
300,469,contact,0.0022023925515902015,-4.760744840979873e-05,4.760744840979873e-05,0.0001626302015306142,0.0001626302015306142,0.0,0.0001626302015306142,300.49294978029957,300.64061511393004,-2.401484296740884e-05
301,393,contact,0.0018947202948192642,-0.00010527970518073586,0.00010527970518073586,0.0002294337651488288,0.0002294337651488288,0.0,0.0002294337651488288,300.69899837054675,300.80127801928705,-2.3466404908588306e-05
301,407,contact,0.002193477434784548,-5.652256521545239e-05,5.652256521545239e-05,0.00017720447262892597,0.00017720447262892597,0.0,0.00017720447262892597,300.69899837054675,300.78677771698653,-1.5554892793574466e-05
301,490,contact,0.002186558917086159,-6.344108291384118e-05,6.344108291384118e-05,0.00018773664017246366,0.0003413393457681157,0.0,0.0003413393457681157,300.69899837054675,300.713345027707,-4.897078569047513e-06
302,351,contact,0.0018906255525515886,-0.00010937444744841141,0.00010937444744841141,0.00023385299597013015,0.00023385299597013015,0.0,0.00023385299597013015,300.6312380711381,300.5345528711432,2.2610123684780576e-05
302,475,contact,0.0022458756537798346,-4.124346220165699e-06,4.124346220165699e-06,4.786756162212162e-05,4.786756162212162e-05,0.0,4.786756162212162e-05,300.6312380711381,300.70312600480355,-3.4411000946172864e-06
303,405,contact,0.0021383745081252725,-0.00011162549187472776,0.00011162549187472776,0.0002490264286228001,0.0004527753247687274,0.0,0.0004527753247687274,300.7283713572936,300.5939814554074,6.084843147216566e-05
303,469,contact,0.0021068613929967014,-0.00014313860700329887,0.00014313860700329887,0.0002819954757352785,0.0005127190467914155,0.0,0.0005127190467914155,300.7283713572936,300.64061511393004,4.4994297447365956e-05
303,480,contact,0.0020411263429844315,-0.00020887365701556873,0.00020887365701556873,0.0003406477954782694,0.003406477954782694,0.0,0.003406477954782694,300.7283713572936,300.83040768337764,-0.0003475844953922757
303,485,contact,0.0021672049854152262,-8.279501458477402e-05,8.279501458477402e-05,0.00021446964895964756,0.00038994481629026827,0.0,0.00038994481629026827,300.7283713572936,300.70138694155315,1.0522433038613015e-05
304,331,contact,0.0019949813995373492,-5.0186004626508185e-06,5.0186004626508185e-06,5.00929159794617e-05,5.00929159794617e-05,0.0,5.00929159794617e-05,300.4117472381108,300.3600901679263,2.587653276499653e-06
304,446,contact,0.002129208836657409,-0.00012079116334259106,0.00012079116334259106,0.00025904864766486434,0.00025904864766486434,0.0,0.00025904864766486434,300.4117472381108,300.29428900671144,3.0427396001116713e-05
304,498,contact,0.0021194526140963853,-0.000130547385903615,0.000130547385903615,0.0002693071211498284,0.0002693071211498284,0.0,0.0002693071211498284,300.4117472381108,300.4623710627147,-1.3633356465659553e-05
306,318,contact,0.0019415161590880467,-5.848384091195337e-05,5.848384091195337e-05,0.00017100269137056495,0.00031091398431011807,0.0,0.00031091398431011807,300.2201468529317,300.268683011598,-1.5090570474050165e-05
306,380,contact,0.0019452267020581432,-5.477329794185688e-05,5.477329794185688e-05,0.00016548912040049171,0.0003008893098190758,0.0,0.0003008893098190758,300.2201468529317,300.19182222967487,8.522576342630433e-06
307,427,contact,0.0021906355131102928,-5.936448688970749e-05,5.936448688970749e-05,0.00018160470944962286,0.00018160470944962286,0.0,0.00018160470944962286,300.44466764744845,300.4124711958748,5.8470272333448535e-06
307,443,contact,0.0021610173775562297,-8.898262244377061e-05,8.898262244377061e-05,0.00022233935829389098,0.00022233935829389098,0.0,0.00022233935829389098,300.44466764744845,300.3504763844817,2.094242496492368e-05
307,483,contact,0.002186658299346288,-6.334170065371231e-05,6.334170065371231e-05,0.00018758953514657164,0.00034107188208467573,0.0,0.00034107188208467573,300.44466764744845,300.4559726182717,-3.855807675592238e-06
308,353,contact,0.0019236604986587432,-7.633950134125684e-05,7.633950134125684e-05,0.00019537080301475045,0.00019537080301475045,0.0,0.00019537080301475045,300.1932070095079,300.0706864259564,2.3936944794287906e-05
308,429,contact,0.0022415807390544743,-8.419260945525999e-06,8.419260945525999e-06,6.839128008714918e-05,6.839128008714918e-05,0.0,6.839128008714918e-05,300.1932070095079,300.1855834974949,5.213817453267445e-07
309,330,contact,0.0019530650131524031,-4.693498684759691e-05,4.693498684759691e-05,0.00015319103571618823,0.00015319103571618823,0.0,0.00015319103571618823,300.4310896320961,300.52092443434856,-1.3761886400416809e-05
309,384,contact,0.001944074411667413,-5.592558833258715e-05,5.592558833258715e-05,0.00016722079465871932,0.00016722079465871932,0.0,0.00016722079465871932,300.4310896320961,300.51714532049397,-1.4390300598798561e-05
310,383,contact,0.0018739848265127445,-0.00012601517348725553,0.00012601517348725553,0.00025101312066031086,0.0004563874921096561,0.0,0.0004563874921096561,300.03096137362394,300.08217644337174,-2.337391724041854e-05
311,405,contact,0.0022358983888808542,-1.4101611119146044e-05,1.4101611119146044e-05,8.85111766926956e-05,8.85111766926956e-05,0.0,8.85111766926956e-05,300.5027505946031,300.5939814554074,-8.074950840473774e-06
311,436,contact,0.0021639444887981765,-8.605551120182374e-05,8.605551120182374e-05,0.00021865181758756665,0.00021865181758756665,0.0,0.00021865181758756665,300.5027505946031,300.57620198923587,-1.6060280940790477e-05
312,438,contact,0.002150577611782472,-9.942238821752806e-05,9.942238821752806e-05,0.00023502055254987576,0.00023502055254987576,0.0,0.00023502055254987576,300.60856771742925,300.6989637086942,-2.1244915815376895e-05
312,440,contact,0.00216042194644935,-8.957805355065034e-05,8.957805355065034e-05,0.00022308201475223604,0.00022308201475223604,0.0,0.00022308201475223604,300.60856771742925,300.4936666874066,2.5632353274566428e-05
313,388,contact,0.001884296715620977,-0.00011570328437902314,0.00011570328437902314,0.0002405236832195773,0.0002405236832195773,0.0,0.0002405236832195773,300.72681501600806,300.69524294582953,7.59383060620622e-06
313,437,contact,0.0021494406771297514,-0.00010055932287024883,0.00010055932287024883,0.0002363605095684801,0.0002363605095684801,0.0,0.0002363605095684801,300.72681501600806,300.6701335661728,1.3397256366140596e-05
314,427,contact,0.002151753200183516,-9.824679981648406e-05,9.824679981648406e-05,0.00023362695789142624,0.00023362695789142624,0.0,0.00023362695789142624,300.3142219624593,300.4124711958748,-2.295366951801824e-05
314,448,contact,0.002217241162368225,-3.275883763177506e-05,3.275883763177506e-05,0.00013490498226483347,0.00013490498226483347,0.0,0.00013490498226483347,300.3142219624593,300.3097756783113,5.998258841307054e-07
314,470,contact,0.002129924543358284,-0.00012007545664171606,0.00012007545664171606,0.0002582800554111285,0.0002582800554111285,0.0,0.0002582800554111285,300.3142219624593,300.22968688318,2.1833724960443188e-05
314,471,contact,0.0021673425937769972,-8.265740622300302e-05,8.265740622300302e-05,0.00021429134661717368,0.00021429134661717368,0.0,0.00021429134661717368,300.3142219624593,300.2791964562422,7.505662893221846e-06
315,318,contact,0.001933564855622898,-6.643514437710196e-05,6.643514437710196e-05,0.00018225688516089312,0.00018225688516089312,0.0,0.00018225688516089312,300.2804600143401,300.268683011598,2.146439836310374e-06
315,319,contact,0.0019057964088537893,-9.420359114621071e-05,9.420359114621071e-05,0.00021702948088475298,0.00021702948088475298,0.0,0.00021702948088475298,300.2804600143401,300.1626649836418,2.5564994363265614e-05
316,351,contact,0.00198823457768838,-1.1765422311620088e-05,1.1765422311620088e-05,7.66988341228864e-05,7.66988341228864e-05,0.0,7.66988341228864e-05,300.5477394626625,300.5345528711432,1.0113961955839882e-06
316,372,contact,0.0019782679535222994,-2.1732046477700596e-05,2.1732046477700596e-05,0.00010424021891213726,0.00010424021891213726,0.0,0.00010424021891213726,300.5477394626625,300.5767368760795,-3.0226967224755523e-06
316,500,contact,0.002130864260552511,-0.00011913573944748916,0.00011913573944748916,0.0002572674132401376,0.0002572674132401376,0.0,0.0002572674132401376,300.5477394626625,300.66352806523935,-2.9788634267638126e-05
317,378,contact,0.0019552574192162014,-4.474258078379862e-05,4.474258078379862e-05,0.00014957035265018034,0.00014957035265018034,0.0,0.00014957035265018034,300.8632413640372,300.7650640794755,1.46844110741306e-05
317,449,contact,0.0021679841760953882,-8.201582390461202e-05,8.201582390461202e-05,0.00021345806757692095,0.00021345806757692095,0.0,0.00021345806757692095,300.8632413640372,300.85930086845633,8.411305719895554e-07
317,488,contact,0.0021941668170629143,-5.583318293708598e-05,5.583318293708598e-05,0.00017612051261862646,0.00017612051261862646,0.0,0.00017612051261862646,300.8632413640372,300.80570220729766,1.0133825780613278e-05
318,425,contact,0.002188768361293629,-6.123163870637134e-05,6.123163870637134e-05,0.00018443854548085982,0.00033534280996519965,0.0,0.00033534280996519965,300.268683011598,300.3081275529162,-1.3227443323425444e-05
318,456,contact,0.0021707552432736403,-7.924475672635998e-05,7.924475672635998e-05,0.00020982103051881562,0.00020982103051881562,0.0,0.00020982103051881562,300.268683011598,300.3405983046881,-1.50893409062305e-05
319,389,contact,0.00196765036563918,-3.234963436082004e-05,3.234963436082004e-05,0.00012718025467976554,0.00012718025467976554,0.0,0.00012718025467976554,300.1626649836418,300.1270676147487,4.527282441753139e-06
321,381,contact,0.0018084819543042166,-0.00019151804569578343,0.00019151804569578343,0.000309449548146207,0.000309449548146207,0.0,0.000309449548146207,300.8778952593879,300.9558042640515,-2.410890628966604e-05
321,398,contact,0.0018746200005601134,-0.00012537999943988665,0.00012537999943988665,0.0002503797110788798,0.0002503797110788798,0.0,0.0002503797110788798,300.8778952593879,300.7871312454287,2.2725467591460817e-05
321,411,contact,0.0022285749928822223,-2.1425007117777985e-05,2.1425007117777985e-05,0.00010909987044950549,0.00010909987044950549,0.0,0.00010909987044950549,300.8778952593879,300.8646892454235,1.4407744126711414e-06
321,439,contact,0.002190113173876384,-5.9886826123616444e-05,5.9886826123616444e-05,0.00018240191599203307,0.00033163984725824197,0.0,0.00033163984725824197,300.8778952593879,300.947042900837,-2.2932113248444598e-05
321,480,contact,0.002123656867959814,-0.0001263431320401862,0.0001263431320401862,0.00026493514095192157,0.00048170025627622106,0.0,0.00048170025627622106,300.8778952593879,300.83040768337764,2.287477753408315e-05
322,449,contact,0.0021736751662104438,-7.63248337895565e-05,7.63248337895565e-05,0.00020591912353796213,0.00020591912353796213,0.0,0.00020591912353796213,300.7619933162239,300.85930086845633,-2.0037485869330715e-05
323,470,contact,0.0022268668052669873,-2.313319473301297e-05,2.313319473301297e-05,0.00011336566875237791,0.00011336566875237791,0.0,0.00011336566875237791,300.13389905484024,300.22968688318,-1.085905121807718e-05
323,474,contact,0.0021246561369784064,-0.00012534386302159384,0.00012534386302159384,0.00026388535286453663,0.00026388535286453663,0.0,0.00026388535286453663,300.13389905484024,300.07715140779993,1.4974872863464585e-05
324,496,contact,0.0021988682057198423,-5.113179428015797e-05,5.113179428015797e-05,0.00016854243494700537,0.000306440790812737,0.0,0.000306440790812737,300.5428559787853,300.42543163553,3.5983608607827334e-05
325,379,contact,0.0018464753560229281,-0.0001535246439770719,0.0001535246439770719,0.0002770601414648739,0.0002770601414648739,0.0,0.0002770601414648739,300.15401892949933,300.23709282821255,-2.301646612952433e-05
325,455,contact,0.002102388859107659,-0.00014761114089234138,0.00014761114089234138,0.0002863672281959549,0.0005206676876290089,0.0,0.0005206676876290089,300.15401892949933,300.14602087512014,4.164328479141955e-06
325,470,contact,0.0021222598164221075,-0.0001277401835778928,0.0001277401835778928,0.0002663958870823363,0.0002663958870823363,0.0,0.0002663958870823363,300.15401892949933,300.22968688318,-2.0157631644473288e-05
325,479,contact,0.002037116034986716,-0.0002128839650132842,0.0002128839650132842,0.00034390241268683267,0.00034390241268683267,0.0,0.00034390241268683267,300.15401892949933,300.08670302708595,2.3150101252154075e-05
326,493,contact,0.002166138080201721,-8.386191979827939e-05,8.386191979827939e-05,0.0002158470649406393,0.0002158470649406393,0.0,0.0002158470649406393,300.8542771007343,300.82844890698453,5.574939813603855e-06
327,348,contact,0.0019173945484933575,-8.260545150664254e-05,8.260545150664254e-05,0.00020323072049599508,0.00020323072049599508,0.0,0.00020323072049599508,300.51320152612334,300.50709123065144,1.2417997511974516e-06
328,341,contact,0.0019753462475475027,-2.465375245249736e-05,2.465375245249736e-05,0.00011102646633235105,0.00011102646633235105,0.0,0.00011102646633235105,300.30093777371485,300.42014779728754,-1.3235467668672171e-05
328,385,contact,0.001966659790535465,-3.3340209464534885e-05,3.3340209464534885e-05,0.00012911275975776928,0.00023475047228685325,0.0,0.00023475047228685325,300.30093777371485,300.2375707054458,1.4875449203588259e-05
328,400,contact,0.0019057509482616032,-9.42490517383968e-05,9.42490517383968e-05,0.00021708184140825415,0.00021708184140825415,0.0,0.00021708184140825415,300.30093777371485,300.2101322589629,1.971222835237441e-05
328,442,contact,0.0021800622616796974,-6.993773832030285e-05,6.993773832030285e-05,0.00019711493872062288,0.00019711493872062288,0.0,0.00019711493872062288,300.30093777371485,300.35470961687525,-1.0599233569458145e-05
329,358,contact,0.001983194797013142,-1.680520298685817e-05,1.680520298685817e-05,9.166570511063058e-05,9.166570511063058e-05,0.0,9.166570511063058e-05,300.7357313409042,300.8125362503124,-7.040376176862991e-06
329,367,contact,0.0019119878666194509,-8.801213338054917e-05,8.801213338054917e-05,0.0002097762300411431,0.0002097762300411431,0.0,0.0002097762300411431,300.7357313409042,300.6047248447499,2.7482048874142427e-05
329,493,contact,0.002246065991817695,-3.934008182305236e-06,3.934008182305236e-06,4.6749974345240946e-05,4.6749974345240946e-05,0.0,4.6749974345240946e-05,300.7357313409042,300.82844890698453,-4.334543835609674e-06
330,494,contact,0.002214928711629338,-3.507128837066222e-05,3.507128837066222e-05,0.00013958527535099232,0.00013958527535099232,0.0,0.00013958527535099232,300.52092443434856,300.63621491951517,-1.6092854117330862e-05
332,394,contact,0.0018945548949555406,-0.00010544510504445948,0.00010544510504445948,0.000229613920575887,0.000229613920575887,0.0,0.000229613920575887,300.59872179628053,300.6857916509438,-1.9992450693212525e-05
332,484,contact,0.0021948279763778855,-5.5172023622114715e-05,5.5172023622114715e-05,0.00017507462475901004,0.00017507462475901004,0.0,0.00017507462475901004,300.59872179628053,300.53316899598093,1.1476631914354671e-05
333,401,contact,0.0021755297135311667,-7.447028646883356e-05,7.447028646883356e-05,0.0002034020190941432,0.0003698218528984422,0.0,0.0003698218528984422,300.9577561092258,300.9357042710696,8.155251646737786e-06
333,472,contact,0.0021206032883915363,-0.00012939671160846393,0.00012939671160846393,0.00026811762718012815,0.0026811762718012815,0.0,0.0026811762718012815,300.9577561092258,300.86027118779106,0.000261374258209203
334,481,contact,0.002218777934900202,-3.12220650997984e-05,3.12220650997984e-05,0.00013170266406610848,0.00013170266406610848,0.0,0.00013170266406610848,300.055032394386,300.07425577799756,-2.53177083400916e-06
335,368,contact,0.0019865571631594203,-1.34428368405797e-05,1.34428368405797e-05,8.198425714910058e-05,8.198425714910058e-05,0.0,8.198425714910058e-05,300.85267334051514,300.9415858639218,-7.289427182744917e-06
336,342,contact,0.0019865996840118553,-1.3400315988144722e-05,1.3400315988144722e-05,8.185449281543659e-05,8.185449281543659e-05,0.0,8.185449281543659e-05,300.7007524891007,300.6576921933151,3.524678672013633e-06
336,461,contact,0.0021972217680516467,-5.2778231948353606e-05,5.2778231948353606e-05,0.00017123445906507123,0.00017123445906507123,0.0,0.00017123445906507123,300.7007524891007,300.5929308772803,1.846277537558756e-05
336,473,contact,0.0022096727102672927,-4.03272897327076e-05,4.03272897327076e-05,0.0001496798244637674,0.0001496798244637674,0.0,0.0001496798244637674,300.7007524891007,300.79630665596335,-1.4302530922783766e-05
336,490,contact,0.0021410482167127857,-0.00010895178328721453,0.00010895178328721453,0.0002460259508525411,0.00044731991064098385,0.0,0.00044731991064098385,300.7007524891007,300.713345027707,-5.632893244125446e-06
337,416,contact,0.0021593113862062615,-9.068861379373872e-05,9.068861379373872e-05,0.00022446060504851121,0.00022446060504851121,0.0,0.00022446060504851121,300.06496311771826,300.10437173575167,-8.845682247903907e-06
338,405,contact,0.002109956257390186,-0.0001400437426098142,0.0001400437426098142,0.00027893024079090917,0.00027893024079090917,0.0,0.00027893024079090917,300.4460251735032,300.5939814554074,-4.126948133807016e-05
339,385,contact,0.001812760998442984,-0.00018723900155701609,0.00018723900155701609,0.0003059730393000469,0.003059730393000469,0.0,0.003059730393000469,300.3377793028438,300.2375707054458,0.0003066112910985045
339,443,contact,0.002210556970064969,-3.944302993503113e-05,3.944302993503113e-05,0.00014802970785741162,0.00026914492337711205,0.0,0.00026914492337711205,300.3377793028438,300.3504763844817,-3.417355064544384e-06
339,483,contact,0.0020742703046366918,-0.0001757296953633085,0.0001757296953633085,0.00031245417029569534,0.0031245417029569533,0.0,0.0031245417029569533,300.3377793028438,300.4559726182717,-0.00036929994306522597
340,433,contact,0.002125217490752418,-0.0001247825092475824,0.0001247825092475824,0.0002632937831561104,0.0002632937831561104,0.0,0.0002632937831561104,300.54936080112964,300.5591731105474,-2.5835200681062106e-06
340,438,contact,0.0020946834152205432,-0.00015531658477945702,0.00015531658477945702,0.00029374647494760306,0.00029374647494760306,0.0,0.00029374647494760306,300.54936080112964,300.6989637086942,-4.3945326738996435e-05
340,498,contact,0.0021304108620404656,-0.00011958913795953466,0.00011958913795953466,0.00025775649357003455,0.00025775649357003455,0.0,0.00025775649357003455,300.54936080112964,300.4623710627147,2.2422169950413778e-05
341,396,contact,0.001970586546183648,-2.9413453816351954e-05,2.9413453816351954e-05,0.00012127129465861234,0.00012127129465861234,0.0,0.00012127129465861234,300.42014779728754,300.40270529677247,2.115274619546511e-06
341,442,contact,0.0021924088680034116,-5.759113199658864e-05,5.759113199658864e-05,0.0001788716672126643,0.0001788716672126643,0.0,0.0001788716672126643,300.42014779728754,300.35470961687525,1.1705036429708768e-05
341,484,contact,0.002175966931940832,-7.403306805916837e-05,7.403306805916837e-05,0.0002028040489119819,0.0002028040489119819,0.0,0.0002028040489119819,300.42014779728754,300.53316899598093,-2.292115670790482e-05
342,461,contact,0.002188257614952134,-6.174238504786647e-05,6.174238504786647e-05,0.00018520616897552976,0.00018520616897552976,0.0,0.00018520616897552976,300.6576921933151,300.5929308772803,1.1994195240614404e-05
342,490,contact,0.0021732764640378824,-7.67235359621179e-05,7.67235359621179e-05,0.00020645625843171008,0.00037537501533038193,0.0,0.00037537501533038193,300.6576921933151,300.713345027707,-2.089068356305194e-05
343,363,contact,0.0018830107858427143,-0.00011698921415728572,0.00011698921415728572,0.00024185658369918912,0.00024185658369918912,0.0,0.00024185658369918912,300.7279833251998,300.71545209124497,3.03076143384397e-06
343,375,contact,0.0019702390115161152,-2.9760988483884792e-05,2.9760988483884792e-05,0.0001219856312929617,0.0001219856312929617,0.0,0.0001219856312929617,300.7279833251998,300.7726089082882,-5.443679924857228e-06
343,468,contact,0.0020800437178097966,-0.00016995628219020368,0.00016995628219020368,0.00030727863051688997,0.00030727863051688997,0.0,0.00030727863051688997,300.7279833251998,300.8634339969547,-4.162109691945026e-05
343,500,contact,0.002104202229967454,-0.00014579777003254643,0.00014579777003254643,0.0002846028129326772,0.0002846028129326772,0.0,0.0002846028129326772,300.7279833251998,300.66352806523935,1.8344148293044012e-05
344,356,contact,0.0019328275448161419,-6.717245518385816e-05,6.717245518385816e-05,0.00018326545662488902,0.00018326545662488902,0.0,0.00018326545662488902,300.9183890922273,300.893974720503,4.474310982259295e-06
344,376,contact,0.0019511726028468115,-4.8827397153188576e-05,4.8827397153188576e-05,0.0001562488354407619,0.0001562488354407619,0.0,0.0001562488354407619,300.9183890922273,300.7913061904868,1.9856555401384888e-05
345,351,contact,0.0019330775832335344,-6.69224167664656e-05,6.69224167664656e-05,0.00018292405086054922,0.00018292405086054922,0.0,0.00018292405086054922,300.4422059067488,300.5345528711432,-1.6892480811694966e-05
346,404,contact,0.002188495185190042,-6.15048148099582e-05,6.15048148099582e-05,0.00018484951057843753,0.0003360900192335228,0.0,0.0003360900192335228,300.5767526820013,300.50758794975843,2.3245576189791702e-05
346,489,contact,0.00218082885548437,-6.917114451563018e-05,6.917114451563018e-05,0.00019603166483962367,0.0003564212087993157,0.0,0.0003564212087993157,300.5767526820013,300.5841190081524,-2.6255148711851122e-06
347,392,contact,0.0019836404594835225,-1.6359540516477575e-05,1.6359540516477575e-05,9.044208234134589e-05,9.044208234134589e-05,0.0,9.044208234134589e-05,300.2041935574764,300.23083850590115,-2.4098246194117887e-06
347,441,contact,0.002207852063205695,-4.214793679430508e-05,4.214793679430508e-05,0.0001530213071479936,0.0001530213071479936,0.0,0.0001530213071479936,300.2041935574764,300.3021935720139,-1.4996090325049124e-05
347,450,contact,0.002233896763975453,-1.610323602454708e-05,1.610323602454708e-05,9.458457715642381e-05,9.458457715642381e-05,0.0,9.458457715642381e-05,300.2041935574764,300.0787632534804,1.1863772266061809e-05
348,403,contact,0.0022353852663176375,-1.4614733682362727e-05,1.4614733682362727e-05,9.010713895247986e-05,0.00016383116173178156,0.0,0.00016383116173178156,300.50709123065144,300.5821591910384,-1.2298471159028679e-05
348,484,contact,0.0021933548775396653,-5.6645122460334974e-05,5.6645122460334974e-05,0.00017739648383765638,0.00017739648383765638,0.0,0.00017739648383765638,300.50709123065144,300.53316899598093,-4.626103875794974e-06
350,385,contact,0.001873239156847531,-0.00012676084315246913,0.00012676084315246913,0.00025175468531138514,0.0004577357914752457,0.0,0.0004577357914752457,300.236783965305,300.2375707054458,-3.6011912104578807e-07
351,374,contact,0.0019249178003748627,-7.508219962513735e-05,7.508219962513735e-05,0.00019375525750948974,0.00019375525750948974,0.0,0.00019375525750948974,300.5345528711432,300.6142364172171,-1.5439105988819516e-05
352,472,contact,0.00219658698615193,-5.3413013848070245e-05,5.3413013848070245e-05,0.00017226112905197518,0.00031320205282177305,0.0,0.00031320205282177305,300.89337317184163,300.86027118779106,1.0367609357113565e-05
355,399,contact,0.0018969665539809797,-0.00010303344601902032,0.00010303344601902032,0.0002269729565598293,0.00041267810283605324,0.0,0.00041267810283605324,300.9561258452696,300.95909960976036,-1.2272074883344411e-06
356,364,contact,0.0018794890993033186,-0.0001205109006966814,0.0001205109006966814,0.0002454698562926632,0.0002454698562926632,0.0,0.0002454698562926632,300.893974720503,300.78203799137816,2.7477092812151043e-05
357,440,contact,0.0022182006043412763,-3.179939565872399e-05,3.179939565872399e-05,0.0001329147505791337,0.0001329147505791337,0.0,0.0001329147505791337,300.34609830279186,300.4936666874066,-1.9614015034430504e-05
357,442,contact,0.002181259451119925,-6.874054888007537e-05,6.874054888007537e-05,0.00019542055629401963,0.00019542055629401963,0.0,0.00019542055629401963,300.34609830279186,300.35470961687525,-1.682827788599749e-06
358,493,contact,0.0022384614056311083,-1.1538594368891951e-05,1.1538594368891951e-05,8.00645377488684e-05,8.00645377488684e-05,0.0,8.00645377488684e-05,300.8125362503124,300.82844890698453,-1.274039500810405e-06
359,373,contact,0.0019732403347033018,-2.6759665296698272e-05,2.6759665296698272e-05,0.00011567122653602812,0.00011567122653602812,0.0,0.00011567122653602812,300.26389129782535,300.20877959038944,6.374838795606757e-06
359,377,contact,0.0018831027505954103,-0.00011689724940458978,0.00011689724940458978,0.00024176150376413298,0.00043956637048024177,0.0,0.00043956637048024177,300.26389129782535,300.2166293758601,2.0774751500176637e-05
359,426,contact,0.002171213137626059,-7.878686237394131e-05,7.878686237394131e-05,0.00020921395531042872,0.00020921395531042872,0.0,0.00020921395531042872,300.26389129782535,300.17381654189734,1.8844895961321473e-05
359,456,contact,0.0021390276141508785,-0.00011097238584912173,0.00011097238584912173,0.00024829684950021877,0.00024829684950021877,0.0,0.00024829684950021877,300.26389129782535,300.3405983046881,-1.904610813861541e-05
360,464,contact,0.002036994189976986,-0.00021300581002301443,0.00021300581002301443,0.0003440008155860926,0.0003440008155860926,0.0,0.0003440008155860926,300.19891735048895,300.3001559702936,-3.482616778160406e-05
360,481,contact,0.0020064665309942253,-0.00024353346900577496,0.00024353346900577496,0.0003678265510670416,0.0003678265510670416,0.0,0.0003678265510670416,300.19891735048895,300.07425577799756,4.585383626010229e-05
361,404,contact,0.0020989585107381234,-0.00015104148926187687,0.00015104148926187687,0.0002896755745291972,0.0002896755745291972,0.0,0.0002896755745291972,300.48452884739424,300.50758794975843,-6.679658725473265e-06
361,482,contact,0.0020700037382816493,-0.00017999626171835096,0.00017999626171835096,0.0003162244822540811,0.0003162244822540811,0.0,0.0003162244822540811,300.48452884739424,300.36992273367844,3.62412589729339e-05
361,487,contact,0.0021458075163909734,-0.00010419248360902687,0.00010419248360902687,0.00024059242115271636,0.00024059242115271636,0.0,0.00024059242115271636,300.48452884739424,300.46002917906105,5.894434521721186e-06
362,487,contact,0.0021740234579231206,-7.597654207687965e-05,7.597654207687965e-05,0.00020544875283805183,0.00020544875283805183,0.0,0.00020544875283805183,300.53096455822475,300.46002917906105,1.4573585181276485e-05
363,438,contact,0.0021070736082064146,-0.00014292639179358567,0.00014292639179358567,0.00028178635700905835,0.00028178635700905835,0.0,0.00028178635700905835,300.71545209124497,300.6989637086942,4.646201251958837e-06
363,468,contact,0.00215247458660956,-9.752541339044015e-05,9.752541339044015e-05,0.00023276766359808486,0.00023276766359808486,0.0,0.00023276766359808486,300.71545209124497,300.8634339969547,-3.444540244684864e-05
364,388,contact,0.0019049579243909823,-9.504207560901779e-05,9.504207560901779e-05,0.00021799320586777217,0.00021799320586777217,0.0,0.00021799320586777217,300.78203799137816,300.69524294582953,1.892073023258442e-05
365,433,contact,0.002236499147574173,-1.3500852425827464e-05,1.3500852425827464e-05,8.660527449240113e-05,8.660527449240113e-05,0.0,8.660527449240113e-05,300.6564235928528,300.5591731105474,8.422404714573711e-06
366,410,contact,0.002092366276611243,-0.00015763372338875722,0.00015763372338875722,0.0002959295368352605,0.0002959295368352605,0.0,0.0002959295368352605,300.69611930368933,300.7189882009679,-6.767582179576295e-06
366,465,contact,0.00212620254738348,-0.00012379745261652036,0.00012379745261652036,0.0002622524786627069,0.0002622524786627069,0.0,0.0002622524786627069,300.69611930368933,300.8269980313282,-3.432327072750825e-05
366,489,contact,0.002092442205772958,-0.00015755779422704222,0.00015755779422704222,0.0002958582564403305,0.0002958582564403305,0.0,0.0002958582564403305,300.69611930368933,300.5841190081524,3.313621215835367e-05
366,494,contact,0.002231348816321644,-1.8651183678356116e-05,1.8651183678356116e-05,0.00010179277336922225,0.00010179277336922225,0.0,0.00010179277336922225,300.69611930368933,300.63621491951517,6.097833402063138e-06
366,499,contact,0.0021239517296539486,-0.00012604827034605167,0.00012604827034605167,0.0002646258053533661,0.0002646258053533661,0.0,0.0002646258053533661,300.69611930368933,300.68180777607404,3.7871995210333716e-06
368,399,contact,0.001951786092873909,-4.8213907126091115e-05,4.8213907126091115e-05,0.00015526414126592643,0.0002822984386653208,0.0,0.0002822984386653208,300.9415858639218,300.95909960976036,-4.944103105413744e-06
368,413,contact,0.002187764918358461,-6.223508164153934e-05,6.223508164153934e-05,0.00018594366178068761,0.00018594366178068761,0.0,0.00018594366178068761,300.9415858639218,300.85870396795985,1.5411363230485097e-05
369,427,contact,0.002130451766785627,-0.0001195482332143733,0.0001195482332143733,0.00025771240777094196,0.00025771240777094196,0.0,0.00025771240777094196,300.5437312559992,300.4124711958748,3.382734613882249e-05
369,428,contact,0.002227326936688909,-2.2673063311091143e-05,2.2673063311091143e-05,0.00011223255447480256,0.00011223255447480256,0.0,0.00011223255447480256,300.5437312559992,300.6134314422517,-7.82262995048487e-06
369,498,contact,0.0021789320096322422,-7.106799036775803e-05,7.106799036775803e-05,0.00019870132579068688,0.00019870132579068688,0.0,0.00019870132579068688,300.5437312559992,300.4623710627147,1.6166378272221554e-05
370,383,contact,0.001907752241697019,-9.224775830298112e-05,9.224775830298112e-05,0.00021476470648477267,0.00021476470648477267,0.0,0.00021476470648477267,300.0530800872187,300.08217644337174,-6.248870388985658e-06
370,426,contact,0.0021664927756399285,-8.350722436007178e-05,8.350722436007178e-05,0.00021539011681658493,0.00021539011681658493,0.0,0.00021539011681658493,300.0530800872187,300.17381654189734,-2.6005439077254596e-05
370,447,contact,0.0020833324800664916,-0.0001666675199335087,0.0001666675199335087,0.0003042910886465903,0.0003042910886465903,0.0,0.0003042910886465903,300.0530800872187,300.07298325817544,-6.056357557949292e-06
371,409,contact,0.0022144040082378823,-3.559599176211799e-05,3.559599176211799e-05,0.00014062557014623777,0.00014062557014623777,0.0,0.00014062557014623777,300.8305271017399,300.8140892077382,2.3115882159901165e-06
371,421,contact,0.002221580783563812,-2.841921643618843e-05,2.841921643618843e-05,0.00012565211329563955,0.00012565211329563955,0.0,0.00012565211329563955,300.8305271017399,300.7202053973897,1.3862155293980978e-05
371,476,contact,0.002104665049123019,-0.00014533495087698132,0.00014533495087698132,0.00028415073354841217,0.00028415073354841217,0.0,0.00028415073354841217,300.8305271017399,300.86829201099766,-1.0730926667981692e-05
371,488,contact,0.002127465220068239,-0.0001225347799317612,0.0001225347799317612,0.00026091162821895717,0.00026091162821895717,0.0,0.00026091162821895717,300.8305271017399,300.80570220729766,6.4771036292904355e-06
372,374,contact,0.0019741020894573818,-2.5897910542618287e-05,2.5897910542618287e-05,0.00011379347640049119,0.00011379347640049119,0.0,0.00011379347640049119,300.5767368760795,300.6142364172171,-4.267203149471443e-06
373,390,contact,0.0019154259758601996,-8.457402413980042e-05,8.457402413980042e-05,0.00020563806084939677,0.00020563806084939677,0.0,0.00020563806084939677,300.20877959038944,300.2623031575404,-1.1006482558660261e-05
373,426,contact,0.0021849451171368126,-6.505488286318766e-05,6.505488286318766e-05,0.00019010944634778097,0.00019010944634778097,0.0,0.00019010944634778097,300.20877959038944,300.17381654189734,6.6468057914641656e-06
373,432,contact,0.0022427225224044105,-7.27747759558979e-06,7.27747759558979e-06,6.358492831372066e-05,6.358492831372066e-05,0.0,6.358492831372066e-05,300.20877959038944,300.3080910051635,-6.314709189141239e-06
373,447,contact,0.002231292782962379,-1.8707217037621134e-05,1.8707217037621134e-05,0.00010194556564281725,0.00010194556564281725,0.0,0.00010194556564281725,300.20877959038944,300.07298325817544,1.38438338997761e-05
374,436,contact,0.002072919732020514,-0.0001770802679794863,0.0001770802679794863,0.00031365255722737246,0.00031365255722737246,0.0,0.00031365255722737246,300.6142364172171,300.57620198923587,1.1929595598997758e-05
374,475,contact,0.0022172984667833966,-3.270153321660368e-05,3.270153321660368e-05,0.00013478693725160726,0.00013478693725160726,0.0,0.00013478693725160726,300.6142364172171,300.70312600480355,-1.198115526433425e-05
374,494,contact,0.0021005628396217994,-0.00014943716037820083,0.00014943716037820083,0.00028813303291111214,0.00028813303291111214,0.0,0.00028813303291111214,300.6142364172171,300.63621491951517,-6.332732525982301e-06
375,438,contact,0.0021532830716141337,-9.671692838586661e-05,9.671692838586661e-05,0.00023180083451324545,0.00023180083451324545,0.0,0.00023180083451324545,300.7726089082882,300.6989637086942,1.707101872378639e-05
375,468,contact,0.002136009217419251,-0.00011399078258074935,0.00011399078258074935,0.00025165097366165853,0.00025165097366165853,0.0,0.00025165097366165853,300.7726089082882,300.8634339969547,-2.285622199583624e-05
376,488,contact,0.0021426914029089683,-0.00010730859709103197,0.00010730859709103197,0.0002441636485490736,0.0002441636485490736,0.0,0.0002441636485490736,300.7913061904868,300.80570220729766,-3.514983989110747e-06
377,390,contact,0.0018960531373355546,-0.00010394686266444546,0.00010394686266444546,0.00022797682191885807,0.0004145033125797419,0.0,0.0004145033125797419,300.2166293758601,300.2623031575404,-1.8931933804507622e-05
378,475,contact,0.0022105064351410513,-3.949356485894893e-05,3.949356485894893e-05,0.0001481245062981907,0.0001481245062981907,0.0,0.0001481245062981907,300.7650640794755,300.70312600480355,9.174546731844118e-06
379,390,contact,0.0018946115166724306,-0.00010538848332756947,0.00010538848332756947,0.00022955226346909485,0.00022955226346909485,0.0,0.00022955226346909485,300.23709282821255,300.2623031575404,-5.787088160002302e-06
379,443,contact,0.002108041947519071,-0.00014195805248092908,0.00014195805248092908,0.00028083017058647255,0.00028083017058647255,0.0,0.00028083017058647255,300.23709282821255,300.3504763844817,-3.1841523448759966e-05
379,451,contact,0.0020886543419292524,-0.00016134565807074787,0.00016134565807074787,0.0002993935148027943,0.0002993935148027943,0.0,0.0002993935148027943,300.23709282821255,300.1733182968479,1.9093681100157378e-05
380,432,contact,0.0020907397284454145,-0.00015926027155458572,0.00015926027155458572,0.0002974523972696077,0.0002974523972696077,0.0,0.0002974523972696077,300.19182222967487,300.3080910051635,-3.45844259966878e-05
380,447,contact,0.0021334870576827964,-0.00011651294231720391,0.00011651294231720391,0.0002544197563052968,0.0002544197563052968,0.0,0.0002544197563052968,300.19182222967487,300.07298325817544,3.0234982168456756e-05
381,411,contact,0.002160186712037642,-8.981328796235817e-05,8.981328796235817e-05,0.0002233747324345325,0.0002233747324345325,0.0,0.0002233747324345325,300.9558042640515,300.8646892454235,2.0352792906794334e-05
382,474,contact,0.0021620741992124134,-8.792580078758683e-05,8.792580078758683e-05,0.00022101508343145928,0.00022101508343145928,0.0,0.00022101508343145928,300.04612396684564,300.07715140779993,-6.857532451177055e-06
383,391,contact,0.0018339394328232147,-0.00016606056717678535,0.00016606056717678535,0.0002881497589594561,0.0002881497589594561,0.0,0.0002881497589594561,300.08217644337174,300.16068004960533,-2.2620795213658804e-05
383,426,contact,0.002144682784003266,-0.00010531721599673412,0.00010531721599673412,0.00024188750369258448,0.00024188750369258448,0.0,0.00024188750369258448,300.08217644337174,300.17381654189734,-2.216659467050032e-05
384,494,contact,0.0021898852796664947,-6.011472033350552e-05,6.011472033350552e-05,0.00018274864391274565,0.00018274864391274565,0.0,0.00018274864391274565,300.51714532049397,300.63621491951517,-2.1759807752359065e-05
385,455,contact,0.0020925454630553483,-0.00015745453694465195,0.00015745453694465195,0.00029576129352406623,0.0029576129352406623,0.0,0.0029576129352406623,300.2375707054458,300.14602087512014,0.00027076896239030553
386,405,contact,0.0021585950417544898,-9.140495824551051e-05,9.140495824551051e-05,0.00022534536240760968,0.00022534536240760968,0.0,0.00022534536240760968,300.6623005168346,300.5939814554074,1.5395383656657734e-05
386,431,contact,0.0021897259896592083,-6.027401034079194e-05,6.027401034079194e-05,0.00018299060440481627,0.00018299060440481627,0.0,0.00018299060440481627,300.6623005168346,300.6641638421404,-3.4097102391215117e-07
386,467,contact,0.002166967971798384,-8.30320282016162e-05,8.30320282016162e-05,0.0002147764059585071,0.0002147764059585071,0.0,0.0002147764059585071,300.6623005168346,300.7260525594069,-1.3692434576199281e-05
387,402,contact,0.00215711166855126,-9.288833144874015e-05,9.288833144874015e-05,0.00022716652170298645,0.00022716652170298645,0.0,0.00022716652170298645,300.3266885308516,300.2147051869145,2.543886673085651e-05
387,445,contact,0.0021549378105179735,-9.506218948202678e-05,9.506218948202678e-05,0.00022980932855307435,0.00022980932855307435,0.0,0.00022980932855307435,300.3266885308516,300.41200604573464,-1.960676080909265e-05
388,477,contact,0.002113177268948348,-0.00013682273105165236,0.00013682273105165236,0.00027570387803226324,0.00027570387803226324,0.0,0.00027570387803226324,300.69524294582953,300.6291637102529,1.8218301505886464e-05
389,402,contact,0.0021575191671918,-9.248083280820026e-05,9.248083280820026e-05,0.0002266676872626536,0.0002266676872626536,0.0,0.0002266676872626536,300.1270676147487,300.2147051869145,-1.9864605800139828e-05
391,486,contact,0.002092602388839666,-0.00015739761116033424,0.00015739761116033424,0.0002957078242307714,0.0002957078242307714,0.0,0.0002957078242307714,300.16068004960533,300.27512482359487,-3.384221511102709e-05
393,472,contact,0.0022252180213731872,-2.4781978626813028e-05,2.4781978626813028e-05,0.00011733612360984582,0.00021333840656335604,0.0,0.00021333840656335604,300.80127801928705,300.86027118779106,-1.2585508566767524e-05
394,406,contact,0.0021652994330807933,-8.470056691920694e-05,8.470056691920694e-05,0.00021692365133998303,0.0003944066387999691,0.0,0.0003944066387999691,300.6857916509438,300.7228861416655,-1.4630313403542124e-05
394,408,contact,0.0021979723006683434,-5.202769933165688e-05,5.202769933165688e-05,0.000170012580141812,0.000170012580141812,0.0,0.000170012580141812,300.6857916509438,300.71775360638645,-5.433934511178369e-06
394,423,contact,0.0022157980111914537,-3.4201988808546524e-05,3.4201988808546524e-05,0.00013784449533309974,0.00013784449533309974,0.0,0.00013784449533309974,300.6857916509438,300.8017539215493,-1.5984760669288684e-05
394,431,contact,0.0021901608032059254,-5.983919679407486e-05,5.983919679407486e-05,0.00018232936740670845,0.00018232936740670845,0.0,0.00018232936740670845,300.6857916509438,300.6641638421404,3.943384697522645e-06
395,402,contact,0.002143772903224593,-0.0001062270967754071,0.0001062270967754071,0.0002429301417364981,0.00044169116679363286,0.0,0.00044169116679363286,300.1520710291379,300.2147051869145,-2.766495422947661e-05
395,458,contact,0.002181497597087835,-6.850240291216524e-05,6.850240291216524e-05,0.00019508175339266986,0.00035469409707758156,0.0,0.00035469409707758156,300.1520710291379,300.1943680357456,-1.5002498567791538e-05
396,442,contact,0.002193642207038331,-5.635779296166935e-05,5.635779296166935e-05,0.0001769459945257456,0.0001769459945257456,0.0,0.0001769459945257456,300.40270529677247,300.35470961687525,8.492643312351609e-06
397,446,contact,0.002230761334365468,-1.9238665634532283e-05,1.9238665634532283e-05,0.00010338349759386242,0.00010338349759386242,0.0,0.00010338349759386242,300.17364884887473,300.29428900671144,-1.2472201467434026e-05
397,481,contact,0.0022439879783323247,-6.012021667675584e-06,6.012021667675584e-06,5.7792837251665945e-05,5.7792837251665945e-05,0.0,5.7792837251665945e-05,300.17364884887473,300.07425577799756,5.744207569147583e-06
398,423,contact,0.0021017723819935622,-0.00014822761800643803,0.00014822761800643803,0.0002869645913178895,0.0002869645913178895,0.0,0.0002869645913178895,300.7871312454287,300.8017539215493,-4.19619027690823e-06
398,431,contact,0.002145316155723673,-0.00010468384427632718,0.00010468384427632718,0.0002411590580190307,0.0002411590580190307,0.0,0.0002411590580190307,300.7871312454287,300.6641638421404,2.9654703144059465e-05
398,467,contact,0.0021772150688666478,-7.27849311333525e-05,7.27849311333525e-05,0.0002010872269734269,0.0002010872269734269,0.0,0.0002010872269734269,300.7871312454287,300.7260525594069,1.2282143599304641e-05
398,480,contact,0.0021844524491850237,-6.554755081497653e-05,6.554755081497653e-05,0.00019082794870856914,0.000346959906742853,0.0,0.000346959906742853,300.7871312454287,300.83040768337764,-1.5015188874919646e-05
400,415,contact,0.0021420173574693557,-0.00010798264253064453,0.00010798264253064453,0.0002449292897173982,0.0002449292897173982,0.0,0.0002449292897173982,300.2101322589629,300.12950560876027,1.9747828166427213e-05
401,473,contact,0.0024100745256111895,-8.99254743888106e-05,8.99254743888106e-05,0.0002370726080613419,0.0002370726080613419,0.0,0.0002370726080613419,300.9357042710696,300.79630665596335,3.3047356170769206e-05
402,441,contact,0.002409575975332589,-9.042402466741088e-05,9.042402466741088e-05,0.0002377288695491816,0.0002377288695491816,0.0,0.0002377288695491816,300.2147051869145,300.3021935720139,-2.07985148883617e-05
403,437,contact,0.002334641145979398,-0.00016535885402060206,0.00016535885402060206,0.00032147983414652356,0.0005845087893573156,0.0,0.0005845087893573156,300.5821591910384,300.6701335661728,-5.1421795504287444e-05
403,483,contact,0.0022989427128573695,-0.00020105728714263056,0.00020105728714263056,0.00035448667741417884,0.0035448667741417882,0.0,0.0035448667741417882,300.5821591910384,300.4559726182717,0.00044731458914349504
403,490,contact,0.002324373956180531,-0.00017562604381946923,0.00017562604381946923,0.0003313099415761143,0.003313099415761143,0.0,0.003313099415761143,300.5821591910384,300.713345027707,-0.00043463171882299185
404,414,contact,0.0024236465997335504,-7.635340026644968e-05,7.635340026644968e-05,0.00021845108186166316,0.00021845108186166316,0.0,0.00021845108186166316,300.50758794975843,300.4041294409834,2.2600623169697526e-05
405,469,contact,0.0024409840859989235,-5.901591400107658e-05,5.901591400107658e-05,0.00019205453978147162,0.00019205453978147162,0.0,0.00019205453978147162,300.5939814554074,300.64061511393004,-8.956205825891396e-06
406,410,contact,0.0023195128254155212,-0.00018048717458447883,0.00018048717458447883,0.0003358637880380963,0.0006106614327965387,0.0,0.0006106614327965387,300.7228861416655,300.7189882009679,2.3803220513773523e-06
406,431,contact,0.0023599865083426433,-0.00014001349165735678,0.00014001349165735678,0.00029581824197612966,0.0005378513490475085,0.0,0.0005378513490475085,300.7228861416655,300.6641638421404,3.158386801876278e-05
406,485,contact,0.002391265214089109,-0.00010873478591089114,0.00010873478591089114,0.0002606899330513301,0.0004739816964569638,0.0,0.0004739816964569638,300.7228861416655,300.70138694155315,1.0190227341730431e-05
407,497,contact,0.0024595759512033907,-4.042404879660939e-05,4.042404879660939e-05,0.00015894977350685614,0.00015894977350685614,0.0,0.00015894977350685614,300.78677771698653,300.85110984199724,-1.0225576699666767e-05
408,423,contact,0.002461383051262443,-3.8616948737557263e-05,3.8616948737557263e-05,0.00015535634187561603,0.00015535634187561603,0.0,0.00015535634187561603,300.71775360638645,300.8017539215493,-1.3049981680095371e-05
408,467,contact,0.0024056484384841026,-9.435156151589748e-05,9.435156151589748e-05,0.00024283682988261054,0.00024283682988261054,0.0,0.00024283682988261054,300.71775360638645,300.7260525594069,-2.0152914428359767e-06
408,473,contact,0.00241159981243178,-8.840018756822027e-05,8.840018756822027e-05,0.00023505343484011816,0.00023505343484011816,0.0,0.00023505343484011816,300.71775360638645,300.79630665596335,-1.8464164120215656e-05
409,421,contact,0.0024283932027989205,-7.160679720107956e-05,7.160679720107956e-05,0.00021155199892857246,0.00021155199892857246,0.0,0.00021155199892857246,300.8140892077382,300.7202053973897,1.9861307746262425e-05
409,468,contact,0.002395227602504613,-0.00010477239749538724,0.00010477239749538724,0.0002558959718999442,0.0002558959718999442,0.0,0.0002558959718999442,300.8140892077382,300.8634339969547,-1.2627132794751821e-05
410,460,contact,0.0023282706947432043,-0.00017172930525679577,0.00017172930525679577,0.0003276138211148873,0.0003276138211148873,0.0,0.0003276138211148873,300.7189882009679,300.82514256059693,-3.477763538607531e-05
410,489,contact,0.0023908295662802897,-0.00010917043371971033,0.00010917043371971033,0.00026121164038920425,0.00026121164038920425,0.0,0.00026121164038920425,300.7189882009679,300.5841190081524,3.5229403093297366e-05
411,467,contact,0.0023973309887664654,-0.00010266901123353461,0.00010266901123353461,0.0002533142949400194,0.0002533142949400194,0.0,0.0002533142949400194,300.8646892454235,300.7260525594069,3.511865437111136e-05
411,468,contact,0.0023504334216692896,-0.00014956657833071043,0.00014956657833071043,0.0003057435386998293,0.0003057435386998293,0.0,0.0003057435386998293,300.8646892454235,300.8634339969547,3.837841087967526e-07
412,453,contact,0.002443058024280225,-5.6941975719774964e-05,5.6941975719774964e-05,0.00018864976762471603,0.00018864976762471603,0.0,0.00018864976762471603,300.1051633033475,300.12658882568394,-4.041919810002818e-06
413,462,contact,0.002437476428870647,-6.25235711293531e-05,6.25235711293531e-05,0.00019767961947516412,0.00019767961947516412,0.0,0.00019767961947516412,300.85870396795985,300.78469449163345,1.4630165117760824e-05
413,465,contact,0.002362144905245044,-0.00013785509475495615,0.00013785509475495615,0.00029352927319408465,0.00029352927319408465,0.0,0.00029352927319408465,300.85870396795985,300.8269980313282,9.306620535435086e-06
413,495,contact,0.0024384747875328414,-6.152521246715866e-05,6.152521246715866e-05,0.00019609502235389394,0.00019609502235389394,0.0,0.00019609502235389394,300.85870396795985,300.9135019571904,-1.074561292311604e-05
414,464,contact,0.002352294071943386,-0.0001477059280566139,0.0001477059280566139,0.000303835819210612,0.000303835819210612,0.0,0.000303835819210612,300.4041294409834,300.3001559702936,3.1590864643212925e-05
416,474,contact,0.0024851735651459025,-1.4826434854097511e-05,1.4826434854097511e-05,9.626277465256725e-05,9.626277465256725e-05,0.0,9.626277465256725e-05,300.10437173575167,300.07715140779993,2.6203042955871765e-06
416,479,contact,0.002327451601838371,-0.0001725483981616289,0.0001725483981616289,0.00032839419734675284,0.00032839419734675284,0.0,0.00032839419734675284,300.10437173575167,300.08670302708595,5.802301400434016e-06
418,476,contact,0.0023410929279505327,-0.00015890707204946732,0.00015890707204946732,0.00031514587103580633,0.00031514587103580633,0.0,0.00031514587103580633,300.9449549891737,300.86829201099766,2.416002103348894e-05
419,443,contact,0.0024072886180929788,-9.27113819070213e-05,9.27113819070213e-05,0.0002407168745474407,0.0002407168745474407,0.0,0.0002407168745474407,300.38901545011754,300.3504763844817,9.277003427842778e-06
419,483,contact,0.0024648784941250146,-3.51215058749855e-05,3.51215058749855e-05,0.0001481585001674421,0.00026937909121353107,0.0,0.00026937909121353107,300.38901545011754,300.4559726182717,-1.80368611075957e-05
420,422,contact,0.0023068932806699152,-0.00019310671933008483,0.00019310671933008483,0.00034740710928434236,0.00034740710928434236,0.0,0.00034740710928434236,300.08440969333947,300.2348042632593,-5.224814278791835e-05
420,450,contact,0.002363959474779548,-0.00013604052522045223,0.00013604052522045223,0.0002915910291191803,0.0002915910291191803,0.0,0.0002915910291191803,300.08440969333947,300.0787632534804,1.6464512093597224e-06
421,433,contact,0.0023734962262872885,-0.00012650377371271155,0.00012650377371271155,0.000281184740998591,0.000281184740998591,0.0,0.000281184740998591,300.7202053973897,300.5591731105474,4.527982186815488e-05
421,438,contact,0.0024043102938680777,-9.56897061319224e-05,9.56897061319224e-05,0.00024455278843728506,0.00024455278843728506,0.0,0.00024455278843728506,300.7202053973897,300.6989637086942,5.194714201604003e-06
421,476,contact,0.0024580667764932673,-4.193322350673273e-05,4.193322350673273e-05,0.00016188966826733556,0.00016188966826733556,0.0,0.00016188966826733556,300.7202053973897,300.86829201099766,-2.3973692751827784e-05
421,488,contact,0.0023957989815717013,-0.00010420101842829876,0.00010420101842829876,0.00025519725021576296,0.00025519725021576296,0.0,0.00025519725021576296,300.7202053973897,300.80570220729766,-2.181855079073262e-05
422,482,contact,0.002310216741563439,-0.000189783258436561,0.000189783258436561,0.0003444046116457366,0.0003444046116457366,0.0,0.0003444046116457366,300.2348042632593,300.36992273367844,-4.6535424330861424e-05
424,427,contact,0.0024771018521651464,-2.2898147834853663e-05,2.2898147834853663e-05,0.00011963002297409935,0.00011963002297409935,0.0,0.00011963002297409935,300.5103097846329,300.4124711958748,1.1704432620887661e-05
424,434,contact,0.0023929879323765927,-0.00010701206762340739,0.00010701206762340739,0.00025861659317342653,0.00025861659317342653,0.0,0.00025861659317342653,300.5103097846329,300.5070527585356,8.423209931574365e-07
424,445,contact,0.002385206135536298,-0.0001147938644637022,0.0001147938644637022,0.0002678547466255057,0.0002678547466255057,0.0,0.0002678547466255057,300.5103097846329,300.41200604573464,2.633112307493507e-05
424,477,contact,0.0024612752573615173,-3.872474263848279e-05,3.872474263848279e-05,0.0001555730187052104,0.0001555730187052104,0.0,0.0001555730187052104,300.5103097846329,300.6291637102529,-1.8490463993665986e-05
424,491,contact,0.0024839218463148147,-1.6078153685185337e-05,1.6078153685185337e-05,0.0001002439327502709,0.0001002439327502709,0.0,0.0001002439327502709,300.5103097846329,300.5437235523898,-3.349527487954181e-06
425,435,contact,0.002375778592251392,-0.0001242214077486082,0.0001242214077486082,0.0002786366448313648,0.0005066120815115724,0.0,0.0005066120815115724,300.3081275529162,300.43353594189944,-6.353340498182229e-05
427,448,contact,0.002496872837330727,-3.127162669272921e-06,3.127162669272921e-06,4.4209463560368785e-05,4.4209463560368785e-05,0.0,4.4209463560368785e-05,300.4124711958748,300.3097756783113,4.540113741535049e-06
427,466,contact,0.002385106564600416,-0.00011489343539958403,0.00011489343539958403,0.0002679708885769871,0.0002679708885769871,0.0,0.0002679708885769871,300.4124711958748,300.35430682315416,1.5586358641469105e-05
427,471,contact,0.0024915350763936683,-8.464923606331734e-06,8.464923606331734e-06,7.273635441756298e-05,7.273635441756298e-05,0.0,7.273635441756298e-05,300.4124711958748,300.2791964562422,9.693918696826041e-06
429,446,contact,0.002321735489693001,-0.00017826451030699894,0.00017826451030699894,0.0003337893331756938,0.0003337893331756938,0.0,0.0003337893331756938,300.1855834974949,300.29428900671144,-3.6284739433906486e-05
430,445,contact,0.0023983959614083737,-0.00010160403859162635,0.00010160403859162635,0.0002519970716491889,0.0002519970716491889,0.0,0.0002519970716491889,300.3222028828023,300.41200604573464,-2.2630134083788565e-05
430,470,contact,0.0024308250489082925,-6.917495109170753e-05,6.917495109170753e-05,0.00020792870035739945,0.00020792870035739945,0.0,0.00020792870035739945,300.3222028828023,300.22968688318,1.9236731563723147e-05
431,452,contact,0.0023314657206892405,-0.00016853427931075955,0.00016853427931075955,0.00032455188270787263,0.00032455188270787263,0.0,0.00032455188270787263,300.6641638421404,300.5474632473872,3.787539774027415e-05
431,467,contact,0.002498058399619393,-1.9416003806068706e-06,1.9416003806068706e-06,3.483533031104046e-05,3.483533031104046e-05,0.0,3.483533031104046e-05,300.6641638421404,300.7260525594069,-2.1559139085060535e-06
432,435,contact,0.002481831488296496,-1.8168511703504052e-05,1.8168511703504052e-05,0.00010656134296587122,0.00010656134296587122,0.0,0.00010656134296587122,300.3080910051635,300.43353594189944,-1.336758092685263e-05
432,456,contact,0.0024752607697170006,-2.473923028299945e-05,2.473923028299945e-05,0.00012434636676185863,0.00012434636676185863,0.0,0.00012434636676185863,300.3080910051635,300.3405983046881,-4.042164589128318e-06
433,435,contact,0.002319829182245968,-0.00018017081775403192,0.00018017081775403192,0.00033556930893076316,0.00033556930893076316,0.0,0.00033556930893076316,300.5591731105474,300.43353594189944,4.215997785922167e-05
433,440,contact,0.002473348664098937,-2.6651335901062972e-05,2.6651335901062972e-05,0.0001290623296634783,0.0001290623296634783,0.0,0.0001290623296634783,300.5591731105474,300.4936666874066,8.45441157847917e-06
434,477,contact,0.002390185486107721,-0.00010981451389227917,0.00010981451389227917,0.00026198105119010895,0.00026198105119010895,0.0,0.00026198105119010895,300.5070527585356,300.6291637102529,-3.199075549271632e-05
434,483,contact,0.002323846113257072,-0.00017615388674292786,0.00017615388674292786,0.00033180744297608804,0.0006032862599565237,0.0,0.0006032862599565237,300.5070527585356,300.4559726182717,3.0815946777883675e-05
434,491,contact,0.002420526383847117,-7.94736161528831e-05,7.94736161528831e-05,0.00022286993986527645,0.00022286993986527645,0.0,0.00022286993986527645,300.5070527585356,300.5437235523898,-8.172817621091e-06
435,440,contact,0.0023875920345402387,-0.00011240796545976131,0.00011240796545976131,0.0002650565570068977,0.0002650565570068977,0.0,0.0002650565570068977,300.43353594189944,300.4936666874066,-1.5938048374379933e-05
435,456,contact,0.0023891572104405355,-0.00011084278955946457,0.00011084278955946457,0.000263204755797963,0.000263204755797963,0.0,0.000263204755797963,300.43353594189944,300.3405983046881,2.446162810664545e-05
436,475,contact,0.0024034402128199485,-9.655978718005158e-05,9.655978718005158e-05,0.0002456620992085109,0.0002456620992085109,0.0,0.0002456620992085109,300.57620198923587,300.70312600480355,-3.118042010433027e-05
439,480,contact,0.002355859017794783,-0.00014414098220521697,0.00014414098220521697,0.00030014682053665104,0.0030014682053665104,0.0,0.0030014682053665104,300.947042900837,300.83040768337764,0.00035007689683028164
439,492,contact,0.0024110647185902655,-8.893528140973455e-05,8.893528140973455e-05,0.00023576376074597235,0.0004286613831744951,0.0,0.0004286613831744951,300.947042900837,300.9284086886431,7.987767173399001e-06
440,461,contact,0.0024623554652405495,-3.764453475945057e-05,3.764453475945057e-05,0.00015338785553183995,0.00015338785553183995,0.0,0.00015338785553183995,300.4936666874066,300.5929308772803,-1.5225921215837761e-05
441,486,contact,0.0024563324795279654,-4.3667520472034666e-05,4.3667520472034666e-05,0.00016520351175148084,0.00016520351175148084,0.0,0.00016520351175148084,300.3021935720139,300.27512482359487,4.47185229754047e-06
443,470,contact,0.0024702119799928104,-2.978802000718969e-05,2.978802000718969e-05,0.0001364460058209604,0.0001364460058209604,0.0,0.0001364460058209604,300.3504763844817,300.22968688318,1.648124499771696e-05
443,483,contact,0.0024129145495023234,-8.708545049767669e-05,8.708545049767669e-05,0.00023329896390907512,0.00042417993438013664,0.0,0.00042417993438013664,300.3504763844817,300.4559726182717,-4.474938552639651e-05
444,446,contact,0.002437297555736682,-6.270244426331796e-05,6.270244426331796e-05,0.00019796218746157996,0.00019796218746157996,0.0,0.00019796218746157996,300.370324171403,300.29428900671144,1.50520875263457e-05
444,482,contact,0.0024649634912103664,-3.5036508789633696e-05,3.5036508789633696e-05,0.00014797911336915444,0.00014797911336915444,0.0,0.00014797911336915444,300.370324171403,300.36992273367844,5.940439855578806e-08
446,448,contact,0.0023936154872702506,-0.00010638451272974945,0.00010638451272974945,0.0002578571706509117,0.0002578571706509117,0.0,0.0002578571706509117,300.29428900671144,300.3097756783113,-3.9933493215468996e-06
446,466,contact,0.002410149140986922,-8.985085901307794e-05,8.985085901307794e-05,0.00023697423252998145,0.00023697423252998145,0.0,0.00023697423252998145,300.29428900671144,300.35430682315416,-1.4222675989639682e-05
446,471,contact,0.00236514338085453,-0.00013485661914547017,0.00013485661914547017,0.0002903194567470786,0.0002903194567470786,0.0,0.0002903194567470786,300.29428900671144,300.2791964562422,4.3816610531640914e-06
447,451,contact,0.0023095735987406847,-0.00019042640125931532,0.00019042640125931532,0.00034498768208020427,0.00034498768208020427,0.0,0.00034498768208020427,300.07298325817544,300.1733182968479,-3.4614352423047665e-05
447,454,contact,0.00245131495726457,-4.868504273542991e-05,4.868504273542991e-05,0.000174436669624376,0.00031715758113522906,0.0,0.00031715758113522906,300.07298325817544,300.03157083874163,1.3134262776585197e-05
449,478,contact,0.0024693689024728564,-3.063109752714363e-05,3.063109752714363e-05,0.00013836341985678428,0.00013836341985678428,0.0,0.00013836341985678428,300.85930086845633,300.8255264331708,4.6731463698365375e-06
451,454,contact,0.0024991961003548724,-8.038996451276668e-07,8.038996451276668e-07,2.241511271898475e-05,4.0754750398154086e-05,0.0,4.0754750398154086e-05,300.1733182968479,300.03157083874163,5.776882274694845e-06
451,455,contact,0.0024795584937123945,-2.0441506287605538e-05,2.0441506287605538e-05,0.0001130307101178855,0.00020551038203251907,0.0,0.00020551038203251907,300.1733182968479,300.14602087512014,5.609903567778978e-06
452,457,contact,0.002325922313771464,-0.00017407768622853615,0.00017407768622853615,0.00032984625796397187,0.00032984625796397187,0.0,0.00032984625796397187,300.5474632473872,300.58180997029467,-1.132913802435034e-05
452,484,contact,0.0024170821887763774,-8.291781122362262e-05,8.291781122362262e-05,0.0002276480441707421,0.0002276480441707421,0.0,0.0002276480441707421,300.5474632473872,300.53316899598093,3.2540583755253914e-06
457,461,contact,0.0024003135986783056,-9.96864013216945e-05,9.96864013216945e-05,0.00024960769384387786,0.00024960769384387786,0.0,0.00024960769384387786,300.58180997029467,300.5929308772803,-2.7758639461375254e-06
457,467,contact,0.00245877413594661,-4.122586405339024e-05,4.122586405339024e-05,0.00016051842583756203,0.00016051842583756203,0.0,0.00016051842583756203,300.58180997029467,300.7260525594069,-2.315359334303304e-05
457,484,contact,0.0024832410817719657,-1.675891822803437e-05,1.675891822803437e-05,0.0001023441443978183,0.0001023441443978183,0.0,0.0001023441443978183,300.58180997029467,300.53316899598093,4.9781188988161285e-06
459,462,contact,0.0024511171212541743,-4.8882878745825763e-05,4.8882878745825763e-05,0.0001747907297774716,0.0001747907297774716,0.0,0.0001747907297774716,300.78157241648125,300.78469449163345,-5.457097942716504e-07
459,475,contact,0.002498623260157681,-1.3767398423189005e-06,1.3767398423189005e-06,2.933363941704665e-05,2.933363941704665e-05,0.0,2.933363941704665e-05,300.78157241648125,300.70312600480355,2.301118753714939e-06
459,478,contact,0.0024526558586766716,-4.734414132332842e-05,4.734414132332842e-05,0.00017201769771474173,0.00017201769771474173,0.0,0.00017201769771474173,300.78157241648125,300.8255264331708,-7.560868756252415e-06
460,465,contact,0.0024837268272899908,-1.6273172710009297e-05,1.6273172710009297e-05,0.00010085005177864715,0.00010085005177864715,0.0,0.00010085005177864715,300.82514256059693,300.8269980313282,-1.8712431931964688e-07
460,497,contact,0.0024716810819561644,-2.8318918043835663e-05,2.8318918043835663e-05,0.00013303880553206004,0.00013303880553206004,0.0,0.00013303880553206004,300.82514256059693,300.85110984199724,-3.454656100412449e-06
460,499,contact,0.002461976263248694,-3.8023736751306107e-05,3.8023736751306107e-05,0.00015415847517916853,0.00015415847517916853,0.0,0.00015415847517916853,300.82514256059693,300.68180777607404,2.209627182218376e-05
461,484,contact,0.002472474703813974,-2.7525296186026258e-05,2.7525296186026258e-05,0.00013116138957889402,0.00013116138957889402,0.0,0.00013116138957889402,300.5929308772803,300.53316899598093,7.838451395075613e-06
462,465,contact,0.002457011063508116,-4.298893649188392e-05,4.298893649188392e-05,0.000163914872136202,0.000163914872136202,0.0,0.000163914872136202,300.78469449163345,300.8269980313282,-6.9341792999701585e-06
462,495,contact,0.002379849657028675,-0.00012015034297132524,0.00012015034297132524,0.00027403277971271665,0.00027403277971271665,0.0,0.00027403277971271665,300.78469449163345,300.9135019571904,-3.529746783432771e-05
462,500,contact,0.0023639989100039784,-0.00013600108999602166,0.00013600108999602166,0.00029154876306977114,0.00029154876306977114,0.0,0.00029154876306977114,300.78469449163345,300.66352806523935,3.5325921740783585e-05
465,495,contact,0.002440149091678826,-5.98509083211741e-05,5.98509083211741e-05,0.00019340842200052667,0.00019340842200052667,0.0,0.00019340842200052667,300.8269980313282,300.9135019571904,-1.6730587797867543e-05
466,498,contact,0.0024280157275643824,-7.198427243561767e-05,7.198427243561767e-05,0.0002121088642001108,0.0002121088642001108,0.0,0.0002121088642001108,300.35430682315416,300.4623710627147,-2.292138311383049e-05
470,474,contact,0.0024087496834665073,-9.125031653349274e-05,9.125031653349274e-05,0.00023881257888443182,0.00023881257888443182,0.0,0.00023881257888443182,300.22968688318,300.07715140779993,3.642739024688233e-05
472,490,contact,0.002299696424318871,-0.00020030357568112927,0.00020030357568112927,0.00035382161437750773,0.0035382161437750776,0.0,0.0035382161437750776,300.86027118779106,300.713345027707,0.0005198565115522157
474,479,contact,0.0023343732682670954,-0.00016562673173290462,0.00016562673173290462,0.0003217401239091348,0.0003217401239091348,0.0,0.0003217401239091348,300.07715140779993,300.08670302708595,-3.073139172615205e-06
475,478,contact,0.0023428642259635964,-0.00015713577403640364,0.00015713577403640364,0.00031338452222908565,0.00031338452222908565,0.0,0.00031338452222908565,300.70312600480355,300.8255264331708,-3.8358399764508275e-05
477,491,contact,0.002453429610504447,-4.6570389495553116e-05,4.6570389495553116e-05,0.00017060625262492785,0.00017060625262492785,0.0,0.00017060625262492785,300.6291637102529,300.5437235523898,1.4576625156706454e-05
477,499,contact,0.0023257193750321637,-0.00017428062496783634,0.00017428062496783634,0.00033003846837133656,0.00033003846837133656,0.0,0.00033003846837133656,300.6291637102529,300.68180777607404,-1.7374566852449315e-05
482,487,contact,0.0024274763901014572,-7.252360989854281e-05,7.252360989854281e-05,0.00021290198727721933,0.00021290198727721933,0.0,0.00021290198727721933,300.36992273367844,300.46002917906105,-1.9183841288445293e-05
487,498,contact,0.002391914446505142,-0.00010808555349485797,0.00010808555349485797,0.00025991050562508284,0.00025991050562508284,0.0,0.00025991050562508284,300.46002917906105,300.4623710627147,-6.086801645295631e-07
494,499,contact,0.0023653405007736206,-0.0001346594992263795,0.0001346594992263795,0.00029010719918072905,0.00029010719918072905,0.0,0.00029010719918072905,300.63621491951517,300.68180777607404,-1.3226815918942288e-05
